"Symbol kontrolny";"Kod TERYT";"Okręg";"Numer";"Typ obszaru";"Typ obwodu";"Siedziba";"Gmina";"Powiat";"Województwo";"Komisja otrzymała kart do głosowania";"Liczba wyborców uprawnionych do głosowania";"Nie wykorzystano kart do głosowania";"Liczba wyborców, którym wydano karty do głosowania";"Liczba wyborców głosujących przez pełnomocnika";"Liczba wyborców głosujących na podstawie zaświadczenia o prawie do głosowania";"Liczba wyborców, którym wysłano pakiety wyborcze";"Liczba otrzymanych kopert zwrotnych";"Liczba kopert zwrotnych, w których nie było oświadczenia o osobistym i tajnym oddaniu głosu";"Liczba kopert zwrotnych, w których oświadczenie nie było podpisane";"Liczba kopert zwrotnych, w których nie było koperty na kartę do głosowania";"Liczba kopert zwrotnych, w których znajdowała się niezaklejona koperta na kartę do głosowania";"Liczba kopert na kartę do głosowania wrzuconych do urny";"Liczba kart wyjętych z urny";"W tym liczba kart wyjętych z kopert na kartę do głosowania";"Liczba kart nieważnych";"Liczba kart ważnych";"Liczba głosów nieważnych";"W tym z powodu postawienia znaku „X” obok nazwiska dwóch lub większej liczby kandydatów";"W tym z powodu niepostawienia znaku „X” obok nazwiska żadnego kandydata";"W tym z powodu postawienia znaku „X” wyłącznie obok skreślonego nazwiska kandydata";"Liczba głosów ważnych oddanych łącznie na wszystkich kandydatów";"Leszek Henryk BUBEL";"Andrzej MACIEJEWSKI";"Jarosław Marek SŁOMA";"Lidia Ewa STAROŃ"
"9e50-a7de-1b5d-3ae3-1ed0-fd2d-ace8-0b5e";"281101";"86";"1";"wieś";"stały";"Szkoła Podstawowa im. Jana Pawła II w Janowcu Kościelnym pracownia nr 1 - parter, Janowiec Kościelny 61, 13-111 Janowiec Kościelny";"gm. Janowiec Kościelny";"nidzicki";"warmińsko-mazurskie";"549";"609";"205";"344";"0";"0";"0";"0";"0";"0";"0";"0";"0";"344";"0";"0";"344";"4";"0";"4";"0";"340";"7";"48";"45";"240"
"c332-e30a-f9a9-f7d2-75f4-a1f6-2955-488e";"281101";"86";"2";"wieś";"stały";"Szkoła Podstawowa im. Jana Pawła II w Janowcu Kościelnym pracownia nr 2 - parter, Janowiec Kościelny 61, 13-111 Janowiec Kościelny";"gm. Janowiec Kościelny";"nidzicki";"warmińsko-mazurskie";"500";"549";"210";"290";"0";"1";"0";"0";"0";"0";"0";"0";"0";"290";"0";"0";"290";"6";"0";"6";"0";"284";"7";"53";"28";"196"
"7cd6-8732-48f7-0fa7-bd2e-22c2-7f66-1b26";"281101";"86";"3";"wieś";"stały";"Szkoła Podstawowa im. Jana Pawła II w Janowcu Kościelnym pracownia nr 3 - parter, Janowiec Kościelny 61, 13-111 Janowiec Kościelny";"gm. Janowiec Kościelny";"nidzicki";"warmińsko-mazurskie";"450";"499";"235";"215";"0";"1";"0";"0";"0";"0";"0";"0";"0";"215";"0";"0";"215";"2";"0";"2";"0";"213";"16";"37";"21";"139"
"0c63-4f5c-ef68-24a4-f48b-a05e-0e15-c931";"281101";"86";"4";"wieś";"stały";"Świetlica Wiejska w Nowej Wsi Wielkiej, Nowa Wieś Wielka 44, 13-111 Janowiec Kościelny";"gm. Janowiec Kościelny";"nidzicki";"warmińsko-mazurskie";"450";"485";"219";"231";"0";"0";"0";"0";"0";"0";"0";"0";"0";"231";"0";"0";"231";"8";"0";"8";"0";"223";"10";"35";"22";"156"
"9977-e16d-4e42-eb9a-8176-09a4-e778-13b3";"281101";"86";"5";"wieś";"stały";"Świetlica Wiejska w Safronce, Safronka 23, 13-111 Janowiec Kościelny";"gm. Janowiec Kościelny";"nidzicki";"warmińsko-mazurskie";"370";"409";"196";"174";"0";"0";"0";"0";"0";"0";"0";"0";"0";"174";"0";"0";"174";"5";"2";"3";"0";"169";"11";"27";"25";"106"
"b1ed-9bda-83fe-6fbc-1189-c153-682f-54bf";"281102";"86";"1";"wieś";"stały";"Szkoła Podstawowa (sala gimnastyczna), ul. Chorzelska 21, 13-113 Janowo";"gm. Janowo";"nidzicki";"warmińsko-mazurskie";"440";"492";"190";"250";"0";"4";"0";"0";"0";"0";"0";"0";"0";"250";"0";"0";"250";"12";"0";"12";"0";"238";"10";"42";"36";"150"
"5482-4b80-22fb-a4a8-bb91-20de-9105-35e7";"281102";"86";"2";"wieś";"stały";"Szkoła Podstawowa (sala nr 6), ul. Chorzelska 21, 13-113 Janowo";"gm. Janowo";"nidzicki";"warmińsko-mazurskie";"509";"554";"250";"259";"2";"4";"0";"0";"0";"0";"0";"0";"0";"259";"0";"0";"259";"9";"1";"8";"0";"250";"11";"39";"20";"180"
"1ddc-cecc-c284-4ebc-5c51-31b5-6611-4a68";"281102";"86";"3";"wieś";"stały";"Szkoła Podstawowa, Muszaki 39, 13-113 Janowo";"gm. Janowo";"nidzicki";"warmińsko-mazurskie";"680";"749";"312";"368";"1";"5";"0";"0";"0";"0";"0";"0";"0";"368";"0";"0";"368";"4";"2";"2";"0";"364";"18";"49";"59";"238"
"76b7-5b4b-b89c-c537-7122-f979-740f-2066";"281102";"86";"4";"wieś";"stały";"Świetlica wiejska, Róg 61, 13-113 Janowo";"gm. Janowo";"nidzicki";"warmińsko-mazurskie";"301";"328";"176";"125";"0";"0";"0";"0";"0";"0";"0";"0";"0";"125";"0";"0";"125";"3";"0";"3";"0";"122";"8";"25";"14";"75"
"eca5-d4b1-7d30-23ee-c2cd-ba46-36c0-af82";"281103";"86";"1";"wieś";"stały";"Zespół Szkolno-Przedszkolny w Kozłowie sala 1 patrer, ul. Szkolna 6, 13-124 Kozłowo";"gm. Kozłowo";"nidzicki";"warmińsko-mazurskie";"559";"609";"289";"270";"0";"0";"0";"0";"0";"0";"0";"0";"0";"270";"0";"0";"270";"9";"1";"8";"0";"261";"23";"53";"32";"153"
"7331-924c-b8d3-8e90-d5aa-216a-8b2d-4280";"281103";"86";"2";"wieś";"stały";"Zespół Szkolno-Przedszkolny w Kozłowie sala 4A parter, ul. Szkolna 6, 13-124 Kozłowo";"gm. Kozłowo";"nidzicki";"warmińsko-mazurskie";"821";"887";"377";"444";"1";"4";"0";"0";"0";"0";"0";"0";"0";"444";"0";"0";"444";"4";"0";"4";"0";"440";"15";"75";"71";"279"
"ac67-30ef-610c-0c88-2147-7482-b68b-618e";"281103";"86";"3";"wieś";"stały";"Szkoła Podstawowa w Zaborowie, Zaborowo 2, 13-124 Kozłowo";"gm. Kozłowo";"nidzicki";"warmińsko-mazurskie";"719";"783";"442";"277";"1";"0";"0";"0";"0";"0";"0";"0";"0";"277";"0";"0";"277";"7";"1";"6";"0";"270";"20";"38";"20";"192"
"7ea3-8223-1f97-e052-9a87-3303-4224-8f9e";"281103";"86";"4";"wieś";"stały";"Świetlica wiejska w Krokowie, Krokowo 30A, 13-124 Kozłowo";"gm. Kozłowo";"nidzicki";"warmińsko-mazurskie";"330";"358";"198";"132";"0";"0";"0";"0";"0";"0";"0";"0";"0";"132";"0";"0";"132";"1";"0";"1";"0";"131";"4";"16";"6";"105"
"508a-b9c8-c09e-148f-2ab0-e057-0590-e03a";"281103";"86";"5";"wieś";"stały";"Szkoła Podstawowa w Szkotowie, Szkotowo 51, 13-124 Kozłowo";"gm. Kozłowo";"nidzicki";"warmińsko-mazurskie";"1010";"1118";"667";"343";"0";"3";"0";"0";"0";"0";"0";"0";"0";"343";"0";"0";"343";"16";"2";"14";"0";"327";"18";"37";"58";"214"
"12ed-3928-7e23-18a9-ecc8-5fcd-3554-b638";"281103";"86";"6";"wieś";"stały";"Szkoła Podstawowa w Rogożu, Rogóż 4, 13-124 Kozłowo";"gm. Kozłowo";"nidzicki";"warmińsko-mazurskie";"781";"844";"448";"333";"0";"2";"0";"0";"0";"0";"0";"0";"0";"333";"0";"0";"333";"16";"2";"14";"0";"317";"26";"82";"33";"176"
"ca2b-13f4-10a6-9788-92c5-d13e-37bf-8b9f";"281104";"86";"1";"miasto";"stały";"Szkoła Podstawowa Nr 2 z Oddziałami Integracyjnymi im. Michała Kajki w Nidzicy, ul. Barke 3, 13-100 Nidzica";"gm. Nidzica";"nidzicki";"warmińsko-mazurskie";"1910";"2059";"756";"1154";"0";"4";"0";"0";"0";"0";"0";"0";"0";"1154";"0";"0";"1154";"23";"19";"4";"0";"1131";"33";"94";"198";"806"
"72a7-2a7f-881f-55d4-bd1c-69de-9d46-abcd";"281104";"86";"2";"miasto";"stały";"Przedszkole Nr 4 „KRAINA ODKRYWCÓW” w Nidzicy, ul. Krzywa 7, 13-100 Nidzica";"gm. Nidzica";"nidzicki";"warmińsko-mazurskie";"809";"883";"315";"494";"0";"3";"0";"0";"0";"0";"0";"0";"0";"494";"0";"0";"494";"14";"1";"13";"0";"480";"14";"56";"81";"329"
"e80c-1e16-3865-0e95-c848-9fb0-1023-600d";"281104";"86";"3";"miasto";"stały";"Szkoła Podstawowa Nr 1 im. Mikołaja Kopernika w Nidzicy, ul. Kopernika 1, 13-100 Nidzica";"gm. Nidzica";"nidzicki";"warmińsko-mazurskie";"1380";"1490";"553";"827";"4";"3";"0";"0";"0";"0";"0";"0";"0";"827";"0";"0";"827";"16";"2";"14";"0";"811";"19";"82";"112";"598"
"9eb3-e634-d752-d453-6169-9cf4-3de4-bca6";"281104";"86";"4";"miasto";"stały";"Zespół Szkół Ogólnokształcących w Nidzicy, ul. Władysława Jagiełły 1, 13-100 Nidzica";"gm. Nidzica";"nidzicki";"warmińsko-mazurskie";"1488";"1616";"552";"936";"2";"5";"0";"0";"0";"0";"0";"0";"0";"936";"0";"0";"936";"13";"1";"12";"0";"923";"17";"109";"133";"664"
"04aa-36d3-44c4-688d-85e6-058c-1f1d-ccfb";"281104";"86";"5";"miasto";"stały";"Zespół Szkół Zawodowych i Ogólnokształcących im. Stanisława Staszica w Nidzicy, ul. Władysława Jagiełły 3, 13-100 Nidzica";"gm. Nidzica";"nidzicki";"warmińsko-mazurskie";"1310";"1402";"552";"758";"2";"1";"0";"0";"0";"0";"0";"0";"0";"758";"0";"0";"758";"14";"0";"14";"0";"744";"16";"80";"119";"529"
"cece-63a5-f210-766f-ed16-98cc-f306-b629";"281104";"86";"6";"miasto";"stały";"Centrum Rehabilitacyjno-Edukacyjne w Nidzicy, ul. Krzywa 8, 13-100 Nidzica";"gm. Nidzica";"nidzicki";"warmińsko-mazurskie";"811";"874";"345";"466";"1";"3";"0";"0";"0";"0";"0";"0";"0";"466";"0";"0";"466";"4";"0";"4";"0";"462";"8";"69";"60";"325"
"0e39-6b8a-3acb-db31-82db-d8ee-9d23-9b8c";"281104";"86";"7";"miasto";"stały";"Przedszkole Nr 2 w Nidzicy, ul. 1 Maja 36, 13-100 Nidzica";"gm. Nidzica";"nidzicki";"warmińsko-mazurskie";"639";"689";"255";"384";"1";"4";"0";"0";"0";"0";"0";"0";"0";"384";"0";"0";"384";"4";"0";"4";"0";"380";"12";"46";"62";"260"
"c6b2-669d-43ea-368a-b902-bdc2-d214-f750";"281104";"86";"8";"miasto";"stały";"Szkoła Podstawowa Nr 3 im. Janusza Korczaka w Nidzicy, ul. 1 Maja 42, 13-100 Nidzica";"gm. Nidzica";"nidzicki";"warmińsko-mazurskie";"1581";"1707";"569";"1012";"0";"9";"0";"0";"0";"0";"0";"0";"0";"1012";"0";"0";"1012";"14";"3";"11";"0";"998";"25";"101";"208";"664"
"1728-9fbd-4fb4-213d-ff57-5eed-8103-9ff5";"281104";"86";"9";"wieś";"stały";"Szkoła Podstawowa im. prof. Romana Kobendzy w Łynie, Łyna 26, 13-100 Nidzica";"gm. Nidzica";"nidzicki";"warmińsko-mazurskie";"1019";"1124";"604";"415";"0";"10";"0";"0";"0";"0";"0";"0";"0";"415";"0";"0";"415";"5";"0";"5";"0";"410";"17";"54";"48";"291"
"9f85-5d94-ce5e-ce75-a7a2-194c-e303-fe6e";"281104";"86";"10";"wieś";"stały";"Szkoła Podstawowa im. Stanisława Mikołajczyka w Rączkach, Rączki 30, 13-100 Nidzica";"gm. Nidzica";"nidzicki";"warmińsko-mazurskie";"650";"731";"331";"319";"0";"5";"0";"0";"0";"0";"0";"0";"0";"319";"0";"0";"319";"10";"3";"7";"0";"309";"13";"33";"35";"228"
"a8f3-12b2-cb8f-abe8-ec74-a19c-a8c9-9b24";"281104";"86";"11";"wieś";"stały";"Szkoła Podstawowa im. Jana Pawła II w Napiwodzie, Napiwoda 25A, 13-100 Nidzica";"gm. Nidzica";"nidzicki";"warmińsko-mazurskie";"1021";"1125";"450";"571";"0";"10";"0";"0";"0";"0";"0";"0";"0";"571";"0";"0";"571";"11";"2";"9";"0";"560";"31";"56";"120";"353"
"3e3f-1ce3-89f8-189c-de36-cfce-4676-0480";"281104";"86";"12";"wieś";"stały";"Świetlica wiejska w Grzegórzkach, Grzegórzki 25/1, 13-100 Nidzica";"gm. Nidzica";"nidzicki";"warmińsko-mazurskie";"400";"426";"187";"213";"0";"0";"0";"0";"0";"0";"0";"0";"0";"213";"0";"0";"213";"10";"4";"6";"0";"203";"2";"40";"21";"140"
"d73e-4450-8c43-e9d0-44fb-b387-1889-cce6";"281104";"86";"13";"wieś";"stały";"Miejski Ośrodek Pomocy Społecznej w Nidzicy, ul. Kolejowa 5, 13-100 Nidzica";"gm. Nidzica";"nidzicki";"warmińsko-mazurskie";"1421";"1565";"699";"722";"0";"3";"0";"0";"0";"0";"0";"0";"0";"721";"0";"0";"721";"16";"3";"13";"0";"705";"22";"96";"98";"489"
"8e3d-c4bb-3dc9-74e7-2e1e-bc4d-0f6c-b7fe";"281104";"86";"14";"wieś";"stały";"Świetlica wiejska w Kanigowie, Kanigowo 18, 13-100 Nidzica";"gm. Nidzica";"nidzicki";"warmińsko-mazurskie";"551";"607";"314";"237";"0";"2";"0";"0";"0";"0";"0";"0";"0";"237";"0";"0";"237";"4";"0";"4";"0";"233";"12";"15";"17";"189"
"ffa9-e81e-527f-b2fc-3dfc-21c6-ace4-4542";"281104";"86";"15";"miasto";"zakład leczniczy";"Zespół Opieki Zdrowotnej w Nidzicy, ul. Mickiewicza 23, 13-100 Nidzica";"gm. Nidzica";"nidzicki";"warmińsko-mazurskie";"99";"32";"84";"15";"0";"2";"0";"0";"0";"0";"0";"0";"0";"15";"0";"0";"15";"1";"0";"1";"0";"14";"2";"3";"0";"9"
"f264-4e08-e416-3569-7dc9-39f3-60f9-db77";"281401";"86";"1";"miasto";"stały";"Szkoła Podstawowa nr 1 im. Feliksa Nowowiejskiego w Barczewie, ul. Wojska Polskiego 36, 11-010 Barczewo";"gm. Barczewo";"olsztyński";"warmińsko-mazurskie";"920";"1012";"373";"547";"0";"14";"0";"0";"0";"0";"0";"0";"0";"547";"0";"0";"547";"5";"2";"3";"0";"542";"14";"100";"121";"307"
"862c-233b-24ee-51d0-011a-56c3-73ba-881c";"281401";"86";"2";"miasto";"stały";"Urząd Stanu Cywilnego, ul. Kopernika 10, 11-010 Barczewo";"gm. Barczewo";"olsztyński";"warmińsko-mazurskie";"690";"743";"232";"458";"0";"0";"0";"0";"0";"0";"0";"0";"0";"458";"0";"0";"458";"7";"0";"7";"0";"451";"21";"89";"111";"230"
"2967-7ae0-1671-20c9-7f29-86ae-da84-2576";"281401";"86";"3";"miasto";"stały";"Przedszkole Miejskie w Barczewie, ul. Słowackiego 7, 11-010 Barczewo";"gm. Barczewo";"olsztyński";"warmińsko-mazurskie";"880";"950";"315";"565";"0";"4";"0";"0";"0";"0";"0";"0";"0";"565";"0";"0";"565";"6";"0";"6";"0";"559";"9";"78";"171";"301"
"04a2-7159-37f9-2743-10fc-0279-48c8-d3d3";"281401";"86";"4";"miasto";"stały";"Centrum Kulturalno-Biblioteczne w Barczewie, ul. Słowackiego 5, 11-010 Barczewo";"gm. Barczewo";"olsztyński";"warmińsko-mazurskie";"1132";"1219";"393";"739";"1";"5";"0";"0";"0";"0";"0";"0";"0";"739";"0";"0";"739";"10";"4";"6";"0";"729";"24";"129";"162";"414"
"6c81-f9e5-b535-860c-d211-6e4f-a35d-b6ce";"281401";"86";"5";"miasto";"stały";"Szkoła Podstawowa nr 3 im. Ziemi Warmińskiej w Barczewie wchodząca w skład Zespołu Szkół w Barczewie (hol główny), ul. Północna 14, 11-010 Barczewo";"gm. Barczewo";"olsztyński";"warmińsko-mazurskie";"668";"759";"329";"339";"0";"4";"0";"0";"0";"0";"0";"0";"0";"339";"0";"0";"339";"9";"1";"8";"0";"330";"10";"71";"81";"168"
"17a7-730f-8901-b393-26a7-c3ec-ca94-c8c6";"281401";"86";"6";"miasto";"stały";"Szkoła Podstawowa nr 3 im. Ziemi Warmińskiej w Barczewie wchodząca w skład Zespołu Szkół w Barczewie (hala sportowa), ul. Północna 14, 11-010 Barczewo";"gm. Barczewo";"olsztyński";"warmińsko-mazurskie";"761";"838";"234";"527";"0";"0";"0";"0";"0";"0";"0";"0";"0";"527";"0";"0";"527";"6";"2";"4";"0";"521";"13";"95";"105";"308"
"f8af-dfdd-2d1c-8893-22c9-0fcc-a3be-cc7e";"281401";"86";"7";"wieś";"stały";"Szkoła Filialna w Barczewku wchodząca w skład Zespołu Szkolno-Przedszkolnego w Łęgajnach, Barczewko 35, 11-010 Barczewo";"gm. Barczewo";"olsztyński";"warmińsko-mazurskie";"620";"687";"297";"323";"0";"11";"0";"0";"0";"0";"0";"0";"0";"323";"0";"0";"323";"10";"3";"7";"0";"313";"5";"37";"71";"200"
"4961-8e1f-a6a2-4b6c-3eb4-17e3-31a4-01aa";"281401";"86";"8";"wieś";"stały";"Niepubliczny Zespół Szkół i Placówek w Kronowie, Kronowo 6, 11-010 Barczewo";"gm. Barczewo";"olsztyński";"warmińsko-mazurskie";"330";"363";"161";"169";"0";"0";"0";"0";"0";"0";"0";"0";"0";"169";"0";"0";"169";"3";"0";"3";"0";"166";"7";"37";"39";"83"
"cb96-1bf9-21c2-5fbf-3985-4e3c-e8b6-d320";"281401";"86";"9";"wieś";"stały";"Niepubliczny Zespół Szkół i Placówek w Lamkowie, Lamkowo 29, 11-010 Barczewo";"gm. Barczewo";"olsztyński";"warmińsko-mazurskie";"420";"463";"229";"191";"0";"2";"0";"0";"0";"0";"0";"0";"0";"191";"0";"0";"191";"2";"1";"1";"0";"189";"8";"43";"25";"113"
"3b1c-84a4-ed86-3bd2-a039-d056-af0f-2504";"281401";"86";"10";"wieś";"stały";"Niepubliczny Zespół Szkół i Placówek w Wipsowie, Wipsowo 63, 11-010 Barczewo";"gm. Barczewo";"olsztyński";"warmińsko-mazurskie";"640";"715";"266";"374";"0";"16";"0";"0";"0";"0";"0";"0";"0";"374";"0";"0";"374";"3";"0";"3";"0";"371";"15";"73";"75";"208"
"90e3-b213-d7f9-18ef-5be7-d0e4-1754-db04";"281401";"86";"11";"wieś";"stały";"Zespół Szkolno-Przedszkolny w Łęgajnach, Łęgajny ul. Ogrodowa 7, 11-010 Barczewo";"gm. Barczewo";"olsztyński";"warmińsko-mazurskie";"950";"1067";"362";"588";"0";"6";"0";"0";"0";"0";"0";"0";"0";"588";"0";"0";"588";"10";"0";"10";"0";"578";"20";"106";"117";"335"
"b554-f728-b39d-ac19-4226-01d8-a334-6ec9";"281401";"86";"12";"wieś";"stały";"Stacja Doświadczalna Oceny Odmian w Wrócikowie, Wrócikowo 16, 11-010 Barczewo";"gm. Barczewo";"olsztyński";"warmińsko-mazurskie";"489";"546";"157";"332";"0";"4";"0";"0";"0";"0";"0";"0";"0";"332";"0";"0";"332";"5";"0";"5";"0";"327";"10";"59";"92";"166"
"5295-7dc9-0f14-e6f3-40aa-eb06-0b91-f57e";"281401";"86";"13";"wieś";"stały";"Świetlica wiejska w Skajbotach, Skajboty 32, 11-010 Barczewo";"gm. Barczewo";"olsztyński";"warmińsko-mazurskie";"250";"275";"115";"135";"0";"1";"0";"0";"0";"0";"0";"0";"0";"135";"0";"0";"135";"2";"0";"2";"0";"133";"1";"16";"34";"82"
"7feb-a43f-ac0e-78aa-22fb-20a3-2bb0-99ba";"281401";"86";"14";"wieś";"stały";"Niepubliczny Zespół Szkół i Placówek w Ramsowie, Ramsowo 87, 11-010 Barczewo";"gm. Barczewo";"olsztyński";"warmińsko-mazurskie";"629";"699";"347";"282";"0";"4";"0";"0";"0";"0";"0";"0";"0";"282";"0";"0";"282";"9";"0";"9";"0";"273";"12";"72";"47";"142"
"3fb2-9a19-a9f3-6748-6829-401b-4497-a374";"281401";"86";"15";"wieś";"stały";"Świetlica wiejska w Nikielkowie, Nikielkowo ul. Jana Grzymały 8, 10-376 Olsztyn";"gm. Barczewo";"olsztyński";"warmińsko-mazurskie";"450";"505";"83";"367";"0";"2";"0";"0";"0";"0";"0";"0";"0";"367";"0";"0";"367";"3";"0";"3";"0";"364";"7";"79";"122";"156"
"7280-f530-2c64-579d-3bd9-79cc-f06f-7686";"281401";"86";"16";"wieś";"stały";"Świetlica wiejska w Wójtowie, Wójtowo ul. Wierzbowa 1, 11-010 Barczewo";"gm. Barczewo";"olsztyński";"warmińsko-mazurskie";"922";"988";"187";"735";"0";"8";"0";"0";"0";"0";"0";"0";"0";"735";"0";"0";"735";"6";"2";"4";"0";"729";"13";"85";"269";"362"
"3d0d-a99a-4c29-7633-90ac-4718-3ea3-44ce";"281401";"86";"17";"wieś";"stały";"Świetlica wiejska w Ruszajnach, Ruszajny 34, 11-010 Barczewo";"gm. Barczewo";"olsztyński";"warmińsko-mazurskie";"600";"657";"262";"338";"0";"0";"0";"0";"0";"0";"0";"0";"0";"338";"0";"0";"338";"11";"7";"4";"0";"327";"6";"62";"91";"168"
"58ab-ab31-dc56-fa1e-c5eb-9770-2c57-4dee";"281401";"86";"18";"wieś";"stały";"Szkoła Podstawowa w Bartołtach Wielkich, Bartołty Wielkie 5, 11-010 Barczewo";"gm. Barczewo";"olsztyński";"warmińsko-mazurskie";"369";"416";"207";"162";"0";"4";"0";"0";"0";"0";"0";"0";"0";"162";"0";"0";"162";"3";"1";"2";"0";"159";"6";"27";"36";"90"
"39a2-61eb-d490-4a6a-93eb-e650-9e4d-f72c";"281401";"86";"19";"wieś";"stały";"Świetlica wiejska w Jedzbarku, Jedzbark 64, 11-010 Barczewo";"gm. Barczewo";"olsztyński";"warmińsko-mazurskie";"490";"540";"302";"188";"0";"0";"0";"0";"0";"0";"0";"0";"0";"188";"0";"0";"188";"5";"0";"5";"0";"183";"13";"31";"40";"99"
"a5dd-7607-0f4a-4c55-d127-6f35-8560-3d30";"281401";"86";"20";"miasto";"dom pomocy społecznej";"Dom Pomocy Społecznej, ul. Kraszewskiego 17, 11-010 Barczewo";"gm. Barczewo";"olsztyński";"warmińsko-mazurskie";"131";"133";"100";"31";"0";"1";"0";"0";"0";"0";"0";"0";"0";"31";"0";"0";"31";"8";"0";"8";"0";"23";"4";"4";"4";"11"
"0c2d-bd1e-2af3-c433-8320-b027-86a2-fa3b";"281401";"86";"21";"miasto";"zakład karny";"Zakład Karny w Barczewie, ul. Klasztorna 7, 11-010 Barczewo";"gm. Barczewo";"olsztyński";"warmińsko-mazurskie";"761";"671";"417";"344";"0";"0";"0";"0";"0";"0";"0";"0";"0";"344";"0";"0";"344";"9";"1";"8";"0";"335";"24";"38";"153";"120"
"b924-d2be-031b-7dfa-3ce6-c6cf-afd4-4a27";"281401";"86";"22";"miasto";"zakład leczniczy";"Maltańskie Centrum Pomocy pw. bł. Gerarda Fundacji Polskich Kawalerów Maltańskich w Warszawie „Pomoc Maltańska” Oddział w Barczewie, ul. Niepodległości 9, 11-010 Barczewo";"gm. Barczewo";"olsztyński";"warmińsko-mazurskie";"69";"48";"63";"6";"0";"1";"0";"0";"0";"0";"0";"0";"0";"6";"0";"0";"6";"0";"0";"0";"0";"6";"1";"0";"1";"4"
"5dac-33fd-7059-8940-0107-c641-d14b-84bd";"281402";"86";"1";"miasto";"stały";"Centrum Kultury, Turystyki i Sportu w Biskupcu (sala 103), ul. Jana Matejki 5, 11-300 Biskupiec";"gm. Biskupiec";"olsztyński";"warmińsko-mazurskie";"838";"898";"298";"540";"0";"1";"0";"0";"0";"0";"0";"0";"0";"540";"0";"0";"540";"8";"0";"8";"0";"532";"7";"69";"118";"338"
"8e24-af21-8731-c9cb-def4-c0e3-d1f1-0945";"281402";"86";"2";"miasto";"stały";"Centrum Kultury, Turystyki i Sportu w Biskupcu (sala 104), ul. Jana Matejki 5, 11-300 Biskupiec";"gm. Biskupiec";"olsztyński";"warmińsko-mazurskie";"962";"1025";"379";"583";"2";"3";"1";"1";"0";"0";"0";"0";"1";"584";"1";"0";"584";"5";"1";"4";"0";"579";"18";"74";"145";"342"
"a407-1f5d-7523-4cc6-a6af-09e2-49a9-26d4";"281402";"86";"3";"miasto";"stały";"Szkoła Podstawowa Nr 3 w Biskupcu (sala nr 1), ul. Bolesława Chrobrego 15, 11-300 Biskupiec";"gm. Biskupiec";"olsztyński";"warmińsko-mazurskie";"990";"1077";"406";"585";"0";"11";"0";"0";"0";"0";"0";"0";"0";"584";"0";"0";"584";"14";"0";"14";"0";"570";"11";"79";"140";"340"
"2ca7-8aea-312b-dd3b-ad4d-4a15-6bcc-c8b2";"281402";"86";"4";"miasto";"stały";"Szkoła Podstawowa Nr 2 w Biskupcu (sala nr 16), ul. Adama Mickiewicza 8, 11-300 Biskupiec";"gm. Biskupiec";"olsztyński";"warmińsko-mazurskie";"750";"810";"298";"452";"1";"4";"0";"0";"0";"0";"0";"0";"0";"452";"0";"0";"452";"7";"1";"6";"0";"445";"9";"40";"104";"292"
"2f0c-7b14-c5e2-fc42-54bd-6495-5cf7-ad91";"281402";"86";"5";"miasto";"stały";"Szkoła Podstawowa Nr 2 (sala nr 18), ul. Adama Mickiewicza 8, 11-300 Biskupiec";"gm. Biskupiec";"olsztyński";"warmińsko-mazurskie";"982";"1050";"390";"592";"0";"1";"1";"1";"0";"0";"0";"0";"1";"593";"1";"0";"593";"21";"3";"18";"0";"572";"21";"52";"143";"356"
"be4e-5e16-9134-9024-ddd1-bead-8441-f417";"281402";"86";"6";"miasto";"stały";"Szkoła Podstawowa Nr 2 (sala nr 15), ul. Adama Mickiewicza 8, 11-300 Biskupiec";"gm. Biskupiec";"olsztyński";"warmińsko-mazurskie";"730";"773";"282";"448";"3";"1";"0";"0";"0";"0";"0";"0";"0";"448";"0";"0";"448";"15";"5";"10";"0";"433";"6";"54";"91";"282"
"9f1b-b971-229b-41fb-93ed-4050-90db-2601";"281402";"86";"7";"miasto";"stały";"Niepubliczna Szkoła Podstawowa im. Janusza Korczaka w Biskupcu (sala nr 10), ul. Ludowa 5, 11-300 Biskupiec";"gm. Biskupiec";"olsztyński";"warmińsko-mazurskie";"1182";"1293";"412";"770";"1";"1";"0";"0";"0";"0";"0";"0";"0";"770";"0";"0";"770";"10";"3";"7";"0";"760";"25";"76";"196";"463"
"dcbf-2641-efb1-3d2e-deb3-f3fb-4c2c-914f";"281402";"86";"8";"miasto";"stały";"Niepubliczna Szkoła Podstawowa im. Janusza Korczaka w Biskupcu (sala nr 12), ul. Ludowa 5, 11-300 Biskupiec";"gm. Biskupiec";"olsztyński";"warmińsko-mazurskie";"1031";"1119";"324";"707";"2";"7";"0";"0";"0";"0";"0";"0";"0";"707";"0";"0";"707";"11";"2";"9";"0";"696";"17";"75";"154";"450"
"32e4-2a96-1f64-4966-528e-7822-e2c0-3fb5";"281402";"86";"9";"wieś";"stały";"Szkoła Podstawowa Nr 3 (sala nr 2), ul. Bolesława Chrobrego 15, 11-300 Biskupiec";"gm. Biskupiec";"olsztyński";"warmińsko-mazurskie";"851";"904";"459";"392";"0";"0";"0";"0";"0";"0";"0";"0";"0";"392";"0";"0";"392";"12";"2";"10";"0";"380";"10";"45";"74";"251"
"bae8-ef0d-e752-7653-d9a1-ade4-5f59-f00f";"281402";"86";"10";"wieś";"stały";"Szkoła Podstawowa w Czerwonce, Czerwonka 15, 11-300 Biskupiec";"gm. Biskupiec";"olsztyński";"warmińsko-mazurskie";"960";"1023";"491";"469";"0";"0";"0";"0";"0";"0";"0";"0";"0";"469";"0";"0";"469";"15";"1";"14";"0";"454";"16";"67";"86";"285"
"b5ca-22df-e31b-c404-579f-4617-30a6-da9f";"281402";"86";"11";"wieś";"stały";"Świetlica wiejska Biesowo, Biesowo 26, 11-300 Biskupiec";"gm. Biskupiec";"olsztyński";"warmińsko-mazurskie";"280";"300";"124";"156";"0";"4";"0";"0";"0";"0";"0";"0";"0";"156";"0";"0";"156";"7";"2";"5";"0";"149";"4";"28";"28";"89"
"340e-b50f-0441-882a-565e-e04b-f035-5f8d";"281402";"86";"12";"wieś";"stały";"Świetlica wiejska Stryjewo, Stryjewo 28A, 11-300 Biskupiec";"gm. Biskupiec";"olsztyński";"warmińsko-mazurskie";"562";"608";"299";"263";"1";"0";"0";"0";"0";"0";"0";"0";"0";"263";"0";"0";"263";"5";"2";"3";"0";"258";"8";"63";"45";"142"
"0308-8886-4bf7-319b-e6e9-ba1d-f376-270f";"281402";"86";"13";"wieś";"stały";"Społeczna Szkoła Podstawowa Bredynki, Bredynki 24, 11-300 Biskupiec";"gm. Biskupiec";"olsztyński";"warmińsko-mazurskie";"591";"635";"337";"254";"0";"0";"0";"0";"0";"0";"0";"0";"0";"254";"0";"0";"254";"9";"0";"9";"0";"245";"9";"50";"39";"147"
"72e7-94b3-cf03-fb69-10a3-87b1-93ef-8976";"281402";"86";"14";"wieś";"stały";"Szkoła Podstawowa Nr 3 (sala nr 8), ul. Bolesława Chrobrego 15, 11-300 Biskupiec";"gm. Biskupiec";"olsztyński";"warmińsko-mazurskie";"290";"299";"170";"120";"0";"0";"0";"0";"0";"0";"0";"0";"0";"120";"0";"0";"120";"0";"0";"0";"0";"120";"7";"21";"16";"76"
"eeda-881e-8c4c-6ae8-8862-aa48-8111-3c6c";"281402";"86";"15";"wieś";"stały";"Świetlica wiejska Borki Wielkie, Borki Wielkie 37, 11-300 Biskupiec";"gm. Biskupiec";"olsztyński";"warmińsko-mazurskie";"440";"488";"234";"206";"0";"1";"0";"0";"0";"0";"0";"0";"0";"206";"0";"0";"206";"8";"0";"8";"0";"198";"10";"32";"36";"120"
"3fad-73f1-a272-c899-a8d1-54b7-1bc4-d1cf";"281402";"86";"16";"wieś";"stały";"Świetlica wiejska Kobułty, Kobułty 82, 11-300 Biskupiec";"gm. Biskupiec";"olsztyński";"warmińsko-mazurskie";"542";"591";"311";"231";"0";"2";"0";"0";"0";"0";"0";"0";"0";"231";"0";"0";"231";"4";"0";"4";"0";"227";"11";"52";"33";"131"
"6710-5127-1b5c-4697-926a-5978-71a0-07cb";"281402";"86";"17";"wieś";"stały";"Świetlica wiejska Parleza Wielka, Parleza Wielka 38, 11-300 Biskupiec";"gm. Biskupiec";"olsztyński";"warmińsko-mazurskie";"311";"336";"177";"134";"0";"0";"0";"0";"0";"0";"0";"0";"0";"134";"0";"0";"134";"3";"0";"3";"0";"131";"8";"25";"16";"82"
"cb76-6b29-d0ac-1927-ede2-4ee5-faab-ef25";"281402";"86";"18";"wieś";"stały";"Świetlica wiejska Dymer, Dymer 8, 11-300 Biskupiec";"gm. Biskupiec";"olsztyński";"warmińsko-mazurskie";"440";"484";"251";"189";"1";"1";"0";"0";"0";"0";"0";"0";"0";"189";"0";"0";"189";"8";"1";"7";"0";"181";"14";"25";"25";"117"
"8ea0-e4a3-115b-82fa-171d-33bc-a23f-69cd";"281402";"86";"19";"wieś";"stały";"Świetlica wiejska Rzeck, Rzeck 79, 11-300 Biskupiec";"gm. Biskupiec";"olsztyński";"warmińsko-mazurskie";"760";"826";"495";"265";"0";"4";"0";"0";"0";"0";"0";"0";"0";"265";"0";"0";"265";"16";"2";"14";"0";"249";"22";"49";"32";"146"
"ed1f-5844-b409-8ceb-1a34-0b0c-3e36-95e1";"281402";"86";"20";"miasto";"zakład leczniczy";"Szpital Powiatowy im. Jana Mikulicza w Biskupcu, ul. Armii Krajowej 8, 11-300 Biskupiec";"gm. Biskupiec";"olsztyński";"warmińsko-mazurskie";"99";"62";"48";"51";"0";"0";"0";"0";"0";"0";"0";"0";"0";"51";"0";"0";"51";"1";"0";"1";"0";"50";"2";"7";"12";"29"
"0cce-b8dc-b632-ea4d-188c-e7ab-4ee7-563e";"281403";"86";"1";"miasto";"stały";"Remiza Ochotniczej Straży Pożarnej w Dobrym Mieście, ul. Gen. T. Kościuszki 2D, 11-040 Dobre Miasto";"gm. Dobre Miasto";"olsztyński";"warmińsko-mazurskie";"740";"803";"272";"468";"0";"1";"0";"0";"0";"0";"0";"0";"0";"468";"0";"0";"468";"10";"4";"6";"0";"458";"25";"61";"107";"265"
"f2e3-6753-14f9-a915-17da-1bc7-7a5b-39dd";"281403";"86";"2";"miasto";"stały";"Szkoła Podstawowa Nr 3 w Dobrym Mieście, ul. Garnizonowa 20, 11-040 Dobre Miasto";"gm. Dobre Miasto";"olsztyński";"warmińsko-mazurskie";"1210";"1319";"413";"797";"0";"0";"0";"0";"0";"0";"0";"0";"0";"798";"0";"0";"798";"18";"4";"14";"0";"780";"32";"86";"233";"429"
"052e-8edc-53c7-f6de-5d2e-ccdd-d50c-472f";"281403";"86";"3";"miasto";"stały";"Centrum Kulturalno-Biblioteczne w Dobrym Mieście, ul. Górna 1a, 11-040 Dobre Miasto";"gm. Dobre Miasto";"olsztyński";"warmińsko-mazurskie";"1340";"1440";"628";"712";"0";"6";"0";"0";"0";"0";"0";"0";"0";"712";"0";"0";"712";"13";"3";"10";"0";"699";"11";"84";"161";"443"
"dfd7-4eda-b86d-f2d1-0805-0114-2bcf-61c5";"281403";"86";"4";"miasto";"stały";"Zespół Szkół w Dobrym Mieście, ul. Fabryczna 6, 11-040 Dobre Miasto";"gm. Dobre Miasto";"olsztyński";"warmińsko-mazurskie";"783";"844";"335";"448";"0";"0";"0";"0";"0";"0";"0";"0";"0";"448";"0";"0";"448";"10";"3";"7";"0";"438";"18";"81";"98";"241"
"3b95-6527-707f-8fc8-18f0-fb08-a82f-ac4d";"281403";"86";"5";"miasto";"stały";"Szkoła Podstawowa Nr 2 w Dobrym Mieście, ul. Gdańska 13, 11-040 Dobre Miasto";"gm. Dobre Miasto";"olsztyński";"warmińsko-mazurskie";"1541";"1651";"642";"899";"0";"5";"0";"0";"0";"0";"0";"0";"0";"899";"0";"0";"899";"25";"1";"24";"0";"874";"30";"127";"184";"533"
"7e03-5b8b-7157-93d1-04f5-d7c8-77fa-74e7";"281403";"86";"6";"miasto";"stały";"Przedszkole Samorządowe Nr 1 w Dobrym Mieście, ul. Warszawska 7A, 11-040 Dobre Miasto";"gm. Dobre Miasto";"olsztyński";"warmińsko-mazurskie";"1685";"1830";"613";"1072";"1";"6";"0";"0";"0";"0";"0";"0";"0";"1071";"0";"0";"1071";"31";"2";"29";"0";"1040";"30";"168";"287";"555"
"6caf-51eb-9a04-1193-0e41-4b92-2a65-4414";"281403";"86";"7";"wieś";"stały";"Szkoła Podstawowa w Barcikowie, Barcikowo 12a, 11-040 Dobre Miasto";"gm. Dobre Miasto";"olsztyński";"warmińsko-mazurskie";"480";"537";"222";"258";"0";"0";"0";"0";"0";"0";"0";"0";"0";"258";"0";"0";"258";"9";"4";"5";"0";"249";"12";"34";"65";"138"
"31f9-0e4e-45ee-6d57-f8d6-ef10-6a71-533b";"281403";"86";"8";"wieś";"stały";"Świetlica wiejska, Cerkiewnik 16, 11-040 Dobre Miasto";"gm. Dobre Miasto";"olsztyński";"warmińsko-mazurskie";"420";"461";"161";"259";"0";"5";"0";"0";"0";"0";"0";"0";"0";"259";"0";"0";"259";"8";"0";"8";"0";"251";"9";"40";"55";"147"
"5ba9-5281-8e2c-c59d-9569-1db4-8b17-d838";"281403";"86";"9";"wieś";"stały";"Świetlica wiejska, Głotowo 44b, 11-040 Dobre Miasto";"gm. Dobre Miasto";"olsztyński";"warmińsko-mazurskie";"351";"379";"155";"196";"1";"1";"0";"0";"0";"0";"0";"0";"0";"196";"0";"0";"196";"2";"1";"1";"0";"194";"8";"38";"20";"128"
"5ea1-1d8e-5c87-2aa1-b5c4-734c-3cb9-e20d";"281403";"86";"10";"wieś";"stały";"Świetlica wiejska, Knopin 39, 11-040 Dobre Miasto";"gm. Dobre Miasto";"olsztyński";"warmińsko-mazurskie";"309";"345";"130";"179";"0";"2";"0";"0";"0";"0";"0";"0";"0";"179";"0";"0";"179";"8";"2";"6";"0";"171";"6";"28";"36";"101"
"6478-0ebc-5f52-8c42-77e4-0950-4228-ac6b";"281403";"86";"11";"wieś";"stały";"Świetlica wiejska, Łęgno 18, 11-040 Dobre Miasto";"gm. Dobre Miasto";"olsztyński";"warmińsko-mazurskie";"491";"535";"221";"270";"1";"0";"0";"0";"0";"0";"0";"0";"0";"270";"0";"0";"270";"3";"1";"2";"0";"267";"11";"48";"54";"154"
"3918-0f26-fe02-a8fb-4862-b9b6-79d1-9b6e";"281403";"86";"12";"wieś";"stały";"Świetlica wiejska, Praslity 16A, 11-040 Dobre Miasto";"gm. Dobre Miasto";"olsztyński";"warmińsko-mazurskie";"292";"322";"176";"116";"0";"0";"0";"0";"0";"0";"0";"0";"0";"116";"0";"0";"116";"5";"1";"4";"0";"111";"5";"16";"25";"65"
"b015-f413-a9e7-a6d6-8aab-3707-b429-bdb8";"281403";"86";"13";"wieś";"stały";"Środowiskowy Dom Samopomocy w Piotraszewie, Piotraszewo 7, 11-040 Dobre Miasto";"gm. Dobre Miasto";"olsztyński";"warmińsko-mazurskie";"310";"346";"185";"125";"0";"2";"0";"0";"0";"0";"0";"0";"0";"125";"0";"0";"125";"1";"0";"1";"0";"124";"4";"21";"16";"83"
"4163-499a-a0e9-e28c-cc33-646d-f532-f6d7";"281403";"86";"14";"wieś";"stały";"Świetlica wiejska, Smolajny 4, 11-040 Dobre Miasto";"gm. Dobre Miasto";"olsztyński";"warmińsko-mazurskie";"480";"516";"183";"297";"0";"0";"0";"0";"0";"0";"0";"0";"0";"297";"0";"0";"297";"8";"0";"8";"0";"289";"10";"39";"56";"184"
"e8ef-1ff5-f21b-1605-3de3-4cc7-ff3f-7657";"281403";"86";"15";"wieś";"stały";"Szkoła Filialna w Orzechowie, Orzechowo 26, 11-040 Dobre Miasto";"gm. Dobre Miasto";"olsztyński";"warmińsko-mazurskie";"370";"409";"212";"158";"0";"2";"0";"0";"0";"0";"0";"0";"0";"158";"0";"0";"158";"3";"0";"3";"0";"155";"8";"17";"29";"101"
"b293-f6eb-784e-fbcc-0c49-a56d-ab6c-5cf6";"281403";"86";"16";"wieś";"stały";"Świetlica wiejska, Jesionowo 1D, 11-040 Dobre Miasto";"gm. Dobre Miasto";"olsztyński";"warmińsko-mazurskie";"510";"559";"275";"235";"0";"1";"0";"0";"0";"0";"0";"0";"0";"235";"0";"0";"235";"4";"0";"4";"0";"231";"11";"56";"35";"129"
"5c82-a277-ef36-de1b-508a-dd44-acef-44e0";"281403";"86";"17";"miasto";"zakład leczniczy";"Zespół Zakładów Opieki Zdrowotnej w Dobrym Mieście, ul. Grunwaldzka 10 B, 11-040 Dobre Miasto";"gm. Dobre Miasto";"olsztyński";"warmińsko-mazurskie";"89";"68";"88";"1";"0";"0";"0";"0";"0";"0";"0";"0";"0";"1";"0";"0";"1";"0";"0";"0";"0";"1";"0";"1";"0";"0"
"9ef1-1d93-aa4e-f3ae-ea2b-4659-2527-6553";"281403";"86";"18";"miasto";"dom pomocy społecznej";"Dom Pomocy Społecznej w Dobrym Mieście, ul. Łużycka 73, 11-040 Dobre Miasto";"gm. Dobre Miasto";"olsztyński";"warmińsko-mazurskie";"16";"15";"8";"8";"0";"0";"0";"0";"0";"0";"0";"0";"0";"8";"0";"0";"8";"0";"0";"0";"0";"8";"2";"4";"0";"2"
"d042-9fbd-3c63-dfeb-c3c1-4fa6-983f-c5c5";"281404";"86";"1";"wieś";"stały";"Urząd Gminy Dywity segment C Wejście do Sali Urzędu Stanu Cywilnego od strony parkingu Urzędu Gminy (Sala USC), ul. Olsztyńska 32, 11-001 Dywity";"gm. Dywity";"olsztyński";"warmińsko-mazurskie";"1298";"1453";"330";"968";"0";"15";"0";"0";"0";"0";"0";"0";"0";"968";"0";"0";"968";"4";"3";"1";"0";"964";"28";"92";"293";"551"
"b351-9800-4087-abcb-7f0a-c118-dbb4-77b8";"281404";"86";"2";"wieś";"stały";"Urząd Gminy Dywity segment C Wejście od strony Targowiska Wiejskiego Stodoła (Sala konferencyjna), ul. Olsztyńska 32, 11-001 Dywity";"gm. Dywity";"olsztyński";"warmińsko-mazurskie";"1278";"1456";"282";"996";"0";"7";"0";"0";"0";"0";"0";"0";"0";"995";"0";"0";"995";"11";"6";"5";"0";"984";"24";"90";"341";"529"
"1973-df6c-2a0d-ebf5-cd67-d18d-509b-82ba";"281404";"86";"3";"wieś";"stały";"Świetlica Wiejska w Spręcowie, Spręcowo 106, 11-001 Dywity";"gm. Dywity";"olsztyński";"warmińsko-mazurskie";"890";"998";"345";"545";"1";"3";"0";"0";"0";"0";"0";"0";"0";"545";"0";"0";"545";"19";"6";"13";"0";"526";"22";"49";"139";"316"
"f2cd-3ac8-b2ea-088d-368b-8a8d-5d43-e596";"281404";"86";"4";"wieś";"stały";"Szkoła Podstawowa w Tuławkach, Tuławki 31, 11-001 Dywity";"gm. Dywity";"olsztyński";"warmińsko-mazurskie";"657";"735";"243";"414";"0";"3";"0";"0";"0";"0";"0";"0";"0";"414";"0";"0";"414";"7";"0";"7";"0";"407";"10";"56";"91";"250"
"71bf-1f1b-0c46-6500-650d-7757-13d1-2240";"281404";"86";"5";"wieś";"stały";"Świetlica wiejska w Gradkach, Gradki 32b, 11-001 Dywity";"gm. Dywity";"olsztyński";"warmińsko-mazurskie";"491";"545";"243";"248";"0";"1";"0";"0";"0";"0";"0";"0";"0";"248";"0";"0";"248";"5";"0";"5";"0";"243";"6";"27";"42";"168"
"cfcf-d375-0fa1-789e-9d74-f4dc-c5a1-471d";"281404";"86";"6";"wieś";"stały";"Świetlica Wiejska w Barkwedzie, Barkweda 14, 11-001 Dywity";"gm. Dywity";"olsztyński";"warmińsko-mazurskie";"702";"778";"319";"383";"0";"3";"0";"0";"0";"0";"0";"0";"0";"383";"0";"0";"383";"7";"0";"7";"0";"376";"16";"39";"86";"235"
"d212-522b-b38e-65a7-4122-1263-e7d1-74e5";"281404";"86";"7";"wieś";"stały";"Świetlica Wiejska w Słupach, Słupy 44, 10-381 Olsztyn";"gm. Dywity";"olsztyński";"warmińsko-mazurskie";"580";"647";"182";"398";"1";"3";"0";"0";"0";"0";"0";"0";"0";"398";"0";"0";"398";"7";"2";"5";"0";"391";"7";"43";"89";"252"
"9990-7168-aa54-0674-65e4-2eb5-6bae-212f";"281404";"86";"8";"wieś";"stały";"Świetlica wiejska w Kieźlinach, Kieźliny ul. Ks. Jakuba Jagałły 3a, 10-371 Olsztyn";"gm. Dywity";"olsztyński";"warmińsko-mazurskie";"1418";"1585";"350";"1068";"0";"6";"0";"0";"0";"0";"0";"0";"0";"1068";"0";"0";"1068";"20";"3";"17";"0";"1048";"22";"115";"359";"552"
"a705-4b4f-900a-d03f-e881-2d68-3564-7dd0";"281404";"86";"9";"wieś";"stały";"Świetlica wiejska w Różnowie, Różnowo 17, 11-001 Dywity";"gm. Dywity";"olsztyński";"warmińsko-mazurskie";"1028";"1144";"276";"752";"0";"6";"0";"0";"0";"0";"0";"0";"0";"752";"0";"0";"752";"3";"2";"1";"0";"749";"13";"85";"260";"391"
"68a5-8f0d-3f59-53d8-1841-4ea3-8ab8-3143";"281404";"86";"10";"wieś";"dom pomocy społecznej";"Dom Opieki Społecznej ""Dom Nad Doliną"" w Różnowie, Różnowo 70A, 11-001 Dywity";"gm. Dywity";"olsztyński";"warmińsko-mazurskie";"60";"75";"34";"26";"0";"0";"0";"0";"0";"0";"0";"0";"0";"26";"0";"0";"26";"3";"0";"3";"0";"23";"3";"6";"4";"10"
"4052-6a75-7a8d-5d63-9507-53c9-99d1-d70c";"281405";"86";"1";"wieś";"stały";"Świetlica wiejska ""Pod Lipą"" w Gronitach, Gronity ul. Olsztyńska 21, 11-036 Gietrzwałd";"gm. Gietrzwałd";"olsztyński";"warmińsko-mazurskie";"948";"1038";"228";"720";"0";"6";"1";"1";"0";"0";"0";"0";"1";"721";"1";"0";"721";"13";"2";"11";"0";"708";"8";"49";"284";"367"
"1604-fad2-aebc-4c56-27f9-adcf-d68e-fceb";"281405";"86";"2";"wieś";"stały";"Szkoła Podstawowa w Sząbruku, Sząbruk ul. Samulowskiego 1, 11-036 Gietrzwałd";"gm. Gietrzwałd";"olsztyński";"warmińsko-mazurskie";"732";"824";"225";"507";"0";"12";"0";"0";"0";"0";"0";"0";"0";"507";"0";"0";"507";"5";"1";"4";"0";"502";"12";"57";"143";"290"
"1015-ff20-f30f-d485-ff93-40d9-fdd5-a647";"281405";"86";"3";"wieś";"stały";"Świetlica wiejska w Unieszewie, Unieszewo ul. Lipowa 2, 11-036 Gietrzwałd";"gm. Gietrzwałd";"olsztyński";"warmińsko-mazurskie";"629";"695";"259";"370";"0";"2";"0";"0";"0";"0";"0";"0";"0";"370";"0";"0";"370";"3";"2";"1";"0";"367";"8";"28";"93";"238"
"2e31-926e-40cf-26f5-fb93-e4c4-6343-8bcf";"281405";"86";"4";"wieś";"stały";"Gietrzwałdzki Ośrodek Kultury w Gietrzwałdzie, ul. Kościelna 1, 11-036 Gietrzwałd";"gm. Gietrzwałd";"olsztyński";"warmińsko-mazurskie";"1267";"1439";"369";"898";"0";"42";"0";"0";"0";"0";"0";"0";"0";"898";"0";"3";"895";"17";"5";"12";"0";"878";"26";"95";"213";"544"
"2e99-b357-d762-5b27-03a9-077e-67ea-bd8f";"281405";"86";"5";"wieś";"stały";"Szkoła Podstawowa w Biesalu, Biesal 59, 11-036 Gietrzwałd";"gm. Gietrzwałd";"olsztyński";"warmińsko-mazurskie";"1040";"1165";"546";"494";"1";"2";"0";"0";"0";"0";"0";"0";"0";"495";"0";"0";"495";"11";"1";"10";"0";"484";"19";"81";"121";"263"
"9338-734c-0213-8bbb-7d88-d1d4-c12b-af80";"281405";"86";"6";"wieś";"dom pomocy społecznej";"Dom Pomocy Społecznej w Grazymach, Grazymy 1, 11-036 Gietrzwałd";"gm. Gietrzwałd";"olsztyński";"warmińsko-mazurskie";"35";"35";"16";"19";"0";"0";"0";"0";"0";"0";"0";"0";"0";"19";"0";"0";"19";"5";"2";"3";"0";"14";"3";"4";"3";"4"
"7934-326b-e1ab-e7f8-dbe4-dc79-853e-fe66";"281406";"86";"1";"miasto";"stały";"Ośrodek Sportu i Rekreacji, ul. Konopnickiej 13E, 11-320 Jeziorany";"gm. Jeziorany";"olsztyński";"warmińsko-mazurskie";"1241";"1267";"601";"640";"1";"0";"0";"0";"0";"0";"0";"0";"0";"640";"0";"0";"640";"18";"0";"18";"0";"622";"7";"67";"113";"435"
"6cb2-511b-4411-a2a6-8124-39d1-83ca-6128";"281406";"86";"2";"miasto";"stały";"Zespół Szkół Ponadpodstawowych, ul. Mickiewicza 11, 11-320 Jeziorany";"gm. Jeziorany";"olsztyński";"warmińsko-mazurskie";"1041";"1143";"539";"502";"0";"1";"0";"0";"0";"0";"0";"0";"0";"502";"0";"0";"502";"14";"0";"14";"0";"488";"30";"57";"83";"318"
"e409-7bcc-baa5-bc61-a851-a68b-0eb2-5125";"281406";"86";"3";"wieś";"stały";"Świetlica wiejska, Wójtówko 17/2, 11-320 Jeziorany";"gm. Jeziorany";"olsztyński";"warmińsko-mazurskie";"360";"391";"194";"166";"1";"0";"0";"0";"0";"0";"0";"0";"0";"166";"0";"0";"166";"7";"0";"7";"0";"159";"9";"27";"25";"98"
"cb51-943e-926b-7ee6-fec2-b3b3-bcb2-406f";"281406";"86";"4";"wieś";"stały";"Miejski Ośrodek Kultury, ul. Konopnickiej 4, 11-320 Jeziorany";"gm. Jeziorany";"olsztyński";"warmińsko-mazurskie";"1350";"1463";"698";"652";"2";"2";"1";"1";"0";"0";"0";"0";"1";"653";"1";"0";"653";"14";"4";"10";"0";"639";"39";"98";"85";"417"
"16c2-1638-aa50-5321-9d96-b195-a2b9-13cd";"281406";"86";"5";"wieś";"stały";"Świetlica wiejska, Radostowo 36, 11-320 Jeziorany";"gm. Jeziorany";"olsztyński";"warmińsko-mazurskie";"748";"819";"438";"310";"1";"3";"0";"0";"0";"0";"0";"0";"0";"310";"0";"0";"310";"13";"3";"10";"0";"297";"13";"56";"41";"187"
"2e60-8269-e055-877c-2ba7-1093-714b-5451";"281406";"86";"6";"wieś";"stały";"Świetlica wiejska, Franknowo 14A, 11-320 Jeziorany";"gm. Jeziorany";"olsztyński";"warmińsko-mazurskie";"731";"800";"419";"312";"0";"3";"0";"0";"0";"0";"0";"0";"0";"312";"0";"0";"312";"10";"1";"9";"0";"302";"14";"39";"36";"213"
"cb5c-fab6-fb55-c4ce-1c38-a648-62d9-e27b";"281406";"86";"7";"miasto";"dom pomocy społecznej";"Dom Pomocy Społecznej, ul. Kajki 49, 11-320 Jeziorany";"gm. Jeziorany";"olsztyński";"warmińsko-mazurskie";"91";"85";"53";"38";"0";"0";"0";"0";"0";"0";"0";"0";"0";"38";"0";"0";"38";"5";"2";"3";"0";"33";"17";"6";"3";"7"
"a2c8-154d-0890-04bd-584a-ea11-0d14-1568";"281406";"86";"8";"wieś";"oddział zewnętrzny zakładu karnego";"Oddział Zewnętrzny w Kikitach Zakładu Karnego w Barczewie, Kikity 21, 11-311 Kolno";"gm. Jeziorany";"olsztyński";"warmińsko-mazurskie";"54";"47";"19";"35";"0";"0";"0";"0";"0";"0";"0";"0";"0";"35";"0";"0";"35";"0";"0";"0";"0";"35";"2";"9";"4";"20"
"0ad5-d464-72bd-b39e-0d1b-591c-c09c-7a98";"281407";"86";"1";"wieś";"stały";"Szkoła Podstawowa w Jonkowie (Świetlica), ul. Ks. Jana Hanowskiego 29, 11-042 Jonkowo";"gm. Jonkowo";"olsztyński";"warmińsko-mazurskie";"1522";"1675";"414";"1108";"0";"9";"0";"0";"0";"0";"0";"0";"0";"1108";"0";"0";"1108";"15";"3";"12";"0";"1093";"21";"143";"303";"626"
"2a64-0df8-5a91-58f1-5111-a113-5818-a75c";"281407";"86";"2";"wieś";"stały";"Szkoła Podstawowa we Wrzesinie (hol na parterze), Wrzesina 43, 11-042 Jonkowo";"gm. Jonkowo";"olsztyński";"warmińsko-mazurskie";"1152";"1265";"452";"700";"0";"4";"0";"0";"0";"0";"0";"0";"0";"700";"0";"0";"700";"10";"9";"1";"0";"690";"25";"97";"151";"417"
"d980-37e2-b91b-fa7f-a918-802b-a3ae-c448";"281407";"86";"3";"wieś";"stały";"Szkoła Podstawowa w Nowym Kawkowie (Świetlica), Nowe Kawkowo 25, 11-042 Jonkowo";"gm. Jonkowo";"olsztyński";"warmińsko-mazurskie";"637";"700";"306";"331";"0";"3";"0";"0";"0";"0";"0";"0";"0";"331";"0";"0";"331";"4";"0";"4";"0";"327";"12";"48";"95";"172"
"1bc9-5e5b-afcd-c95d-04aa-a3f0-9346-6119";"281407";"86";"4";"wieś";"stały";"Szkoła Podstawowa w Jonkowie-sala nr 1, ul. Ks. Jana Hanowskiego 29, 11-042 Jonkowo";"gm. Jonkowo";"olsztyński";"warmińsko-mazurskie";"1101";"1183";"461";"640";"0";"3";"0";"0";"0";"0";"0";"0";"0";"640";"0";"0";"640";"9";"1";"8";"0";"631";"15";"118";"154";"344"
"9fb6-5456-e7e5-733a-9f7d-bd6a-07e8-684c";"281407";"86";"5";"wieś";"stały";"Szkoła Podstawowa w Jonkowie sala nr 27, ul. Ks. Jana Hanowskiego 29, 11-042 Jonkowo";"gm. Jonkowo";"olsztyński";"warmińsko-mazurskie";"800";"879";"289";"511";"1";"7";"0";"0";"0";"0";"0";"0";"0";"511";"0";"0";"511";"6";"2";"4";"0";"505";"14";"56";"183";"252"
"b385-ab22-9b7c-dd3f-bb3c-d2ba-4e57-8cd6";"281407";"86";"6";"wieś";"dom pomocy społecznej";"Dom Pomocy Społecznej w Jonkowie, ul. Lipowa 9, 11-042 Jonkowo";"gm. Jonkowo";"olsztyński";"warmińsko-mazurskie";"38";"50";"19";"19";"0";"0";"0";"0";"0";"0";"0";"0";"0";"19";"0";"0";"19";"2";"1";"1";"0";"17";"3";"5";"1";"8"
"b927-1d5c-30bf-40ac-8b40-36c7-0b23-7e14";"281408";"86";"1";"wieś";"stały";"Gminny Ośrodek Kultury w Kolnie, Kolno 25b, 11-311 Kolno";"gm. Kolno";"olsztyński";"warmińsko-mazurskie";"881";"954";"521";"360";"1";"5";"0";"0";"0";"0";"0";"0";"0";"360";"0";"0";"360";"10";"2";"8";"0";"350";"14";"42";"73";"221"
"7978-bd2d-f4d6-26ca-096e-7dbe-9cbb-a9d2";"281408";"86";"2";"wieś";"stały";"Biblioteka Publiczna Gminy Kolno z siedzibą w Lutrach, Lutry 12, 11-311 Kolno";"gm. Kolno";"olsztyński";"warmińsko-mazurskie";"755";"826";"351";"404";"0";"3";"0";"0";"0";"0";"0";"0";"0";"404";"0";"0";"404";"10";"0";"10";"0";"394";"17";"72";"47";"258"
"3e53-a050-7072-6b46-bfc8-e5a2-364c-633d";"281408";"86";"3";"wieś";"stały";"Gminny Ośrodek Kultury w Kolnie filia w Bęsi pn. ""Centrum Kultury w Bęsi"", Bęsia 24, 11-311 Kolno";"gm. Kolno";"olsztyński";"warmińsko-mazurskie";"711";"786";"344";"367";"0";"0";"0";"0";"0";"0";"0";"0";"0";"367";"0";"0";"367";"18";"1";"17";"0";"349";"14";"46";"43";"246"
"2085-0a4d-899c-e437-64dc-fe9a-5649-4ff1";"281409";"86";"1";"miasto";"stały";"Miejska Biblioteka Publiczna w Olsztynku, parter, wejście od ul. Warszawskiej, Ratusz 1, 11-015 Olsztynek";"gm. Olsztynek";"olsztyński";"warmińsko-mazurskie";"517";"573";"160";"357";"0";"9";"0";"0";"0";"0";"0";"0";"0";"357";"0";"0";"357";"8";"3";"5";"0";"349";"8";"48";"90";"203"
"f621-b0bf-7ab1-12ed-3000-c39f-a790-d7c7";"281409";"86";"2";"miasto";"stały";"Miejski Dom Kultury w Olsztynku, ul. Chopina 29, 11-015 Olsztynek";"gm. Olsztynek";"olsztyński";"warmińsko-mazurskie";"581";"638";"267";"314";"0";"5";"0";"0";"0";"0";"0";"0";"0";"312";"0";"0";"312";"4";"0";"4";"0";"308";"6";"43";"89";"170"
"c8c5-379a-9ca0-ed1b-ec50-c787-102e-1628";"281409";"86";"3";"miasto";"stały";"Szkoła Podstawowa Nr 1 im. Noblistów Polskich w Olsztynku, Sala Nr 5, ul. Górna 5, 11-015 Olsztynek";"gm. Olsztynek";"olsztyński";"warmińsko-mazurskie";"717";"793";"290";"427";"1";"1";"0";"0";"0";"0";"0";"0";"0";"427";"0";"0";"427";"4";"0";"4";"0";"423";"18";"44";"74";"287"
"2adb-7476-b08d-9344-63b6-658e-57e5-fdb2";"281409";"86";"4";"miasto";"stały";"Przedszkole Miejskie w Olsztynku, ul. Szkolna 9, 11-015 Olsztynek";"gm. Olsztynek";"olsztyński";"warmińsko-mazurskie";"599";"675";"232";"367";"0";"5";"0";"0";"0";"0";"0";"0";"0";"367";"0";"0";"367";"10";"1";"9";"0";"357";"6";"40";"95";"216"
"f90f-8492-668e-cf1b-32d9-1569-adf6-6863";"281409";"86";"5";"miasto";"stały";"I Liceum Ogólnokształcące w Olsztynku, ul. Klikowicza 4, 11-015 Olsztynek";"gm. Olsztynek";"olsztyński";"warmińsko-mazurskie";"777";"857";"378";"399";"0";"3";"0";"0";"0";"0";"0";"0";"0";"399";"0";"0";"399";"5";"0";"5";"0";"394";"14";"52";"84";"244"
"5010-2050-6237-d66b-804b-92fc-ae4f-8772";"281409";"86";"6";"miasto";"stały";"Miejski Ośrodek Pomocy Społecznej w Olsztynku, Stołówka na parterze, ul. Niepodległości 19, 11-015 Olsztynek";"gm. Olsztynek";"olsztyński";"warmińsko-mazurskie";"801";"868";"379";"422";"2";"3";"0";"0";"0";"0";"0";"0";"0";"422";"0";"0";"422";"7";"1";"6";"0";"415";"21";"77";"94";"223"
"fc15-964d-740a-2579-7470-8d33-3b00-6815";"281409";"86";"7";"miasto";"stały";"Szkoła Podstawowa Stowarzyszenia Przyjaciół Szkół Katolickich im. Świętego Jana Pawła II, ul. Pionierów 7, 11-015 Olsztynek";"gm. Olsztynek";"olsztyński";"warmińsko-mazurskie";"657";"718";"220";"437";"3";"2";"0";"0";"0";"0";"0";"0";"0";"437";"0";"0";"437";"13";"3";"10";"0";"424";"12";"43";"105";"264"
"d7da-7ab9-75b4-aac2-bca1-5c36-38ca-a749";"281409";"86";"8";"miasto";"stały";"Szkoła Podstawowa Nr 1 im. Noblistów Polskich w Olsztynku, Sala Nr 16, ul. Górna 5, 11-015 Olsztynek";"gm. Olsztynek";"olsztyński";"warmińsko-mazurskie";"560";"614";"225";"335";"0";"0";"0";"0";"0";"0";"0";"0";"0";"335";"0";"0";"335";"7";"1";"6";"0";"328";"11";"34";"72";"211"
"2a25-adff-7ace-b964-d5f0-e05a-7955-22a3";"281409";"86";"9";"wieś";"stały";"Szkoła Podstawowa im. Erwina Kruka w Elgnówku, Elgnówko 27, 11-015 Olsztynek";"gm. Olsztynek";"olsztyński";"warmińsko-mazurskie";"250";"282";"163";"87";"0";"1";"0";"0";"0";"0";"0";"0";"0";"87";"0";"0";"87";"1";"0";"1";"0";"86";"5";"16";"19";"46"
"3328-02d9-77e2-b420-cc9c-a7e3-985f-8b4a";"281409";"86";"10";"wieś";"stały";"Świetlica w Mańkach, Mańki 5a, 11-015 Olsztynek";"gm. Olsztynek";"olsztyński";"warmińsko-mazurskie";"291";"316";"146";"145";"0";"1";"0";"0";"0";"0";"0";"0";"0";"145";"0";"0";"145";"2";"0";"2";"0";"143";"1";"12";"26";"104"
"b5cb-4816-2493-d9ac-f604-5768-8e6f-1e4e";"281409";"86";"11";"wieś";"stały";"Świetlica w Mierkach, Mierki 33a, 11-015 Olsztynek";"gm. Olsztynek";"olsztyński";"warmińsko-mazurskie";"487";"536";"213";"274";"0";"1";"0";"0";"0";"0";"0";"0";"0";"274";"0";"0";"274";"6";"1";"5";"0";"268";"8";"40";"73";"147"
"b279-d12f-bf1c-d7df-1d91-2008-81fa-bda1";"281409";"86";"12";"wieś";"stały";"Gospodarstwo Rybackie ""Szwaderki"" Sp. z o. o. w Swaderkach, Swaderki 13a, 11-015 Olsztynek";"gm. Olsztynek";"olsztyński";"warmińsko-mazurskie";"500";"577";"235";"265";"1";"16";"0";"0";"0";"0";"0";"0";"0";"265";"0";"0";"265";"4";"1";"3";"0";"261";"13";"57";"61";"130"
"5078-a418-d30f-16ae-907a-bc89-fee7-f18d";"281409";"86";"13";"wieś";"stały";"Świetlica w Kunkach, Kunki 29, 11-015 Olsztynek";"gm. Olsztynek";"olsztyński";"warmińsko-mazurskie";"676";"760";"337";"339";"0";"3";"0";"0";"0";"0";"0";"0";"0";"339";"0";"0";"339";"3";"0";"3";"0";"336";"18";"48";"81";"189"
"138e-cb25-16f9-1116-ef4d-7ee5-e31a-e7a3";"281409";"86";"14";"wieś";"stały";"Zespół Szkolno-Przedszkolny w Waplewie, Waplewo 15, 11-015 Olsztynek";"gm. Olsztynek";"olsztyński";"warmińsko-mazurskie";"720";"790";"369";"351";"0";"8";"0";"0";"0";"0";"0";"0";"0";"351";"0";"0";"351";"8";"0";"8";"0";"343";"7";"34";"94";"208"
"861f-edbd-7438-6b03-5446-5f61-2ea8-bf9e";"281409";"86";"15";"wieś";"stały";"Świetlica w Królikowie, Królikowo 13a, 11-015 Olsztynek";"gm. Olsztynek";"olsztyński";"warmińsko-mazurskie";"539";"599";"245";"294";"1";"0";"0";"0";"0";"0";"0";"0";"0";"294";"0";"0";"294";"12";"3";"9";"0";"282";"16";"37";"30";"199"
"8fbd-95d8-e5fd-c986-da93-b034-3556-2f91";"281409";"86";"16";"wieś";"stały";"Świetlica w Pawłowie, Pawłowo 8a, 11-015 Olsztynek";"gm. Olsztynek";"olsztyński";"warmińsko-mazurskie";"280";"313";"126";"154";"0";"2";"0";"0";"0";"0";"0";"0";"0";"154";"0";"0";"154";"1";"0";"1";"0";"153";"11";"27";"25";"90"
"604a-1d58-380b-31fd-61ce-a356-972b-575e";"281409";"86";"17";"wieś";"stały";"Świetlica w Platynach, Platyny 8a, 11-015 Olsztynek";"gm. Olsztynek";"olsztyński";"warmińsko-mazurskie";"381";"418";"226";"155";"0";"1";"0";"0";"0";"0";"0";"0";"0";"155";"0";"0";"155";"8";"1";"7";"0";"147";"7";"29";"21";"90"
"51c3-f555-6fd3-492d-4b7f-0712-b231-ba41";"281409";"86";"18";"wieś";"stały";"Szkoła Podstawowa Nr 2 im. rotmistrza Witolda Pileckiego w Olsztynku, wejście od alei prowadzącej na Podzamcze, korytarz przed salą gimnastyczną, ul. Ostródzka 2, 11-015 Olsztynek";"gm. Olsztynek";"olsztyński";"warmińsko-mazurskie";"270";"298";"134";"136";"0";"4";"0";"0";"0";"0";"0";"0";"0";"136";"0";"0";"136";"2";"0";"2";"0";"134";"15";"18";"27";"74"
"0870-e596-13ee-a0ba-082f-0339-8bd7-05ad";"281409";"86";"19";"miasto";"dom pomocy społecznej";"Dom Pomocy Społecznej „Zacisze”, ul. Park 5, 11-015 Olsztynek";"gm. Olsztynek";"olsztyński";"warmińsko-mazurskie";"110";"139";"74";"36";"0";"0";"0";"0";"0";"0";"0";"0";"0";"36";"0";"0";"36";"2";"0";"2";"0";"34";"9";"18";"5";"2"
"d122-7321-218c-ce37-2dba-1863-93c9-0a23";"281410";"86";"1";"wieś";"stały";"Świetlica Wiejska w Purdzie, Purda 12B, 11-030 Purda";"gm. Purda";"olsztyński";"warmińsko-mazurskie";"1469";"1610";"686";"783";"0";"12";"0";"0";"0";"0";"0";"0";"0";"782";"0";"1";"781";"15";"2";"13";"0";"766";"28";"110";"172";"456"
"bfb9-7a76-8d07-e83e-d778-73b1-5149-a4b5";"281410";"86";"2";"wieś";"stały";"Świetlica Wiejska w Giławach, Giławy 2C, 11-030 Purda";"gm. Purda";"olsztyński";"warmińsko-mazurskie";"230";"254";"124";"106";"0";"5";"0";"0";"0";"0";"0";"0";"0";"106";"0";"0";"106";"3";"0";"3";"0";"103";"2";"17";"28";"56"
"8c0f-bed1-ece4-9776-acea-9b94-0a88-e0a8";"281410";"86";"3";"wieś";"stały";"Zespół Szkolno-Przedszkolny w Butrynach, Butryny 1A, 10-687 Olsztyn";"gm. Purda";"olsztyński";"warmińsko-mazurskie";"722";"801";"356";"366";"0";"9";"0";"0";"0";"0";"0";"0";"0";"366";"0";"0";"366";"10";"1";"9";"0";"356";"11";"26";"94";"225"
"1c4e-8e8f-7e1a-ea9e-73ac-79bd-c093-7758";"281410";"86";"4";"wieś";"stały";"Zespół Szkolno-Przedszkolny w Klebarku Wielkim, Klebark Wielki 9, 10-687 Olsztyn";"gm. Purda";"olsztyński";"warmińsko-mazurskie";"1149";"1251";"430";"719";"0";"8";"0";"0";"0";"0";"0";"0";"0";"719";"0";"0";"719";"9";"1";"8";"0";"710";"18";"90";"211";"391"
"2b88-4721-bf89-154f-6955-a611-6a91-e272";"281410";"86";"5";"wieś";"stały";"Świetlica Wiejska w Klewkach, Klewki 15, 10-687 Olsztyn";"gm. Purda";"olsztyński";"warmińsko-mazurskie";"2018";"2201";"682";"1336";"0";"8";"0";"0";"0";"0";"0";"0";"0";"1335";"0";"0";"1335";"18";"4";"14";"0";"1317";"32";"146";"304";"835"
"a8d1-c621-a23f-0460-afa1-cdcf-cadf-a0ca";"281410";"86";"6";"wieś";"stały";"Remiza Ochotniczej Straży Pożarnej w Nowej Wsi, Nowa Wieś 9A, 11-030 Purda";"gm. Purda";"olsztyński";"warmińsko-mazurskie";"578";"632";"253";"325";"0";"5";"0";"0";"0";"0";"0";"0";"0";"325";"0";"0";"325";"4";"0";"4";"0";"321";"15";"30";"99";"177"
"a945-8b71-4fdc-ef8d-9240-e5bd-2c72-1f87";"281411";"86";"1";"wieś";"stały";"Zespół Szkolno-Przedszkolny w Stawigudzie Budynek A, ul. Warszawska 5, 11-034 Stawiguda";"gm. Stawiguda";"olsztyński";"warmińsko-mazurskie";"1387";"1555";"249";"1139";"2";"53";"0";"0";"0";"0";"0";"0";"0";"1138";"0";"0";"1138";"17";"3";"14";"0";"1121";"29";"116";"447";"529"
"6fa7-d0de-c347-3645-e472-b4e5-d9fd-2380";"281411";"86";"2";"wieś";"stały";"Zespół Szkolno-Przedszkolny w Stawigudzie Budynek B, ul. Leśna 2, 11-034 Stawiguda";"gm. Stawiguda";"olsztyński";"warmińsko-mazurskie";"570";"647";"186";"384";"0";"8";"0";"0";"0";"0";"0";"0";"0";"384";"0";"0";"384";"8";"1";"7";"0";"376";"8";"31";"142";"195"
"0aa5-e75c-d5da-8627-2604-ae59-d8ed-63d9";"281411";"86";"3";"wieś";"stały";"Świetlica wiejska w Gryźlinach, Gryźliny ul. Spacerowa 8, 11-034 Stawiguda";"gm. Stawiguda";"olsztyński";"warmińsko-mazurskie";"439";"484";"169";"270";"0";"3";"0";"0";"0";"0";"0";"0";"0";"270";"0";"0";"270";"4";"0";"4";"0";"266";"9";"35";"60";"162"
"339f-b1d5-5e03-f42e-c1e2-2893-c18b-993e";"281411";"86";"4";"wieś";"stały";"Klub w Dorotowie, Dorotowo 34, 11-034 Stawiguda";"gm. Stawiguda";"olsztyński";"warmińsko-mazurskie";"509";"553";"97";"412";"0";"0";"0";"0";"0";"0";"0";"0";"0";"412";"0";"0";"412";"12";"1";"11";"0";"400";"10";"31";"169";"190"
"5ddd-fca7-1ef6-c940-ef4d-4f3d-3455-e8d2";"281411";"86";"5";"wieś";"stały";"Świetlica ""Dom Warmiński"" w Tomaszkowie, Tomaszkowo ul. Żurawia 3, 11-034 Stawiguda";"gm. Stawiguda";"olsztyński";"warmińsko-mazurskie";"561";"607";"118";"443";"0";"9";"0";"0";"0";"0";"0";"0";"0";"443";"0";"0";"443";"8";"2";"6";"0";"435";"16";"42";"171";"206"
"3c5e-32a4-424d-61ca-1d1d-9f4b-65d3-3bfc";"281411";"86";"6";"wieś";"stały";"Przedszkole w Bartągu, Bartąg ul. Nad Łyną 57, 10-687 Olsztyn";"gm. Stawiguda";"olsztyński";"warmińsko-mazurskie";"729";"831";"149";"580";"1";"4";"0";"0";"0";"0";"0";"0";"0";"580";"0";"0";"580";"13";"3";"10";"0";"567";"16";"67";"138";"346"
"0f93-fa4b-fbce-e317-0595-7791-6711-c554";"281411";"86";"7";"wieś";"stały";"Szkoła Podstawowa w Rusi Filia w Bartągu, Parter (stołówka), Bartąg ul. Jeziorna 24, 10-687 Olsztyn";"gm. Stawiguda";"olsztyński";"warmińsko-mazurskie";"1136";"1322";"196";"940";"0";"5";"0";"0";"0";"0";"0";"0";"0";"940";"0";"0";"940";"17";"1";"16";"0";"923";"25";"79";"307";"512"
"15d8-7373-b488-a99a-9d1d-4fd8-7b82-b3a2";"281411";"86";"8";"wieś";"stały";"Szkoła Podstawowa w Rusi Filia w Bartągu, I piętro (świetlica), Bartąg ul. Jeziorna 24, 10-687 Olsztyn";"gm. Stawiguda";"olsztyński";"warmińsko-mazurskie";"1247";"1415";"231";"1016";"0";"9";"2";"2";"2";"0";"0";"0";"0";"1016";"0";"0";"1016";"14";"3";"11";"0";"1002";"28";"84";"281";"609"
"9055-a137-8faf-ad24-e5e0-c4e5-d58b-a223";"281411";"86";"9";"wieś";"stały";"Świetlica NAD ŁYNĄ w Rusi, Ruś 6, 10-687 Olsztyn";"gm. Stawiguda";"olsztyński";"warmińsko-mazurskie";"529";"584";"180";"349";"0";"0";"0";"0";"0";"0";"0";"0";"0";"349";"0";"0";"349";"2";"0";"2";"0";"347";"11";"48";"89";"199"
"2bd6-8d3d-4e60-a1a3-29b4-1aba-bd0f-6665";"281412";"86";"1";"wieś";"stały";"Szkoła Podstawowa w Świątkach, Świątki 95, 11-008 Świątki";"gm. Świątki";"olsztyński";"warmińsko-mazurskie";"619";"677";"238";"381";"0";"1";"0";"0";"0";"0";"0";"0";"0";"381";"0";"0";"381";"5";"2";"3";"0";"376";"21";"66";"68";"221"
"d87a-7857-3767-932e-60b9-ce4e-61f7-1e1e";"281412";"86";"2";"wieś";"stały";"Gminna Biblioteka Publiczna w Świątkach, Świątki 5a, 11-008 Świątki";"gm. Świątki";"olsztyński";"warmińsko-mazurskie";"721";"779";"385";"336";"1";"4";"0";"0";"0";"0";"0";"0";"0";"336";"0";"0";"336";"8";"1";"7";"0";"328";"13";"42";"70";"203"
"dae5-ab4c-c61d-9783-0f43-2511-c718-7cce";"281412";"86";"3";"wieś";"stały";"Świetlica Wiejska w Kwiecewie, Kwiecewo 25, 11-008 Świątki";"gm. Świątki";"olsztyński";"warmińsko-mazurskie";"509";"570";"259";"250";"0";"1";"0";"0";"0";"0";"0";"0";"0";"250";"0";"0";"250";"9";"1";"8";"0";"241";"12";"39";"36";"154"
"6f40-b0db-0345-3990-3312-3f72-58b2-cba0";"281412";"86";"4";"wieś";"stały";"Świetlica Wiejska w Brzydowie, Brzydowo 52, 11-008 Świątki";"gm. Świątki";"olsztyński";"warmińsko-mazurskie";"319";"357";"205";"114";"0";"0";"0";"0";"0";"0";"0";"0";"0";"114";"0";"0";"114";"5";"1";"4";"0";"109";"7";"24";"14";"64"
"eb87-6a72-d3a1-117e-72b0-8035-bf64-b106";"281412";"86";"5";"wieś";"stały";"Świetlica Wiejska w Skolitach, Skolity 3a, 11-008 Świątki";"gm. Świątki";"olsztyński";"warmińsko-mazurskie";"430";"471";"208";"222";"0";"0";"0";"0";"0";"0";"0";"0";"0";"222";"0";"0";"222";"7";"0";"7";"0";"215";"13";"21";"43";"138"
"8590-e63c-8a71-eec9-09ff-7d64-5bd0-15ea";"281412";"86";"6";"wieś";"stały";"Świetlica Wiejska we Włodowie, Włodowo 46, 11-008 Świątki";"gm. Świątki";"olsztyński";"warmińsko-mazurskie";"250";"279";"163";"87";"0";"2";"0";"0";"0";"0";"0";"0";"0";"87";"0";"0";"87";"4";"0";"4";"0";"83";"3";"18";"12";"50"
"f88d-30e2-1710-d408-822a-a435-f97b-e407";"281701";"86";"1";"miasto";"stały";"Warsztaty Szkolne przy Zespole Szkół Nr 1, ul. Śląska 14, 12-100 Szczytno";"m. Szczytno";"szczycieński";"warmińsko-mazurskie";"862";"916";"273";"589";"2";"2";"0";"0";"0";"0";"0";"0";"0";"589";"0";"0";"589";"11";"5";"6";"0";"578";"18";"55";"139";"366"
"260f-910b-2f71-c78f-fa34-bb0d-0564-f2a0";"281701";"86";"2";"miasto";"stały";"Szkoła Podstawowa z Oddziałami Integracyjnymi Nr 2 im. Wojciecha Kętrzyńskiego, ul. Wojciecha Kętrzyńskiego 6, 12-100 Szczytno";"m. Szczytno";"szczycieński";"warmińsko-mazurskie";"749";"796";"200";"549";"0";"9";"0";"0";"0";"0";"0";"0";"0";"549";"0";"0";"549";"8";"1";"7";"0";"541";"19";"47";"164";"311"
"dab6-ee4c-7129-7600-94ba-1b3e-5cfc-aa70";"281701";"86";"3";"miasto";"stały";"Zespół Szkół Nr 1 im. Stanisława Staszica, ul. Adama Mickiewicza 10, 12-100 Szczytno";"m. Szczytno";"szczycieński";"warmińsko-mazurskie";"701";"770";"273";"428";"0";"22";"0";"0";"0";"0";"0";"0";"0";"428";"0";"0";"428";"15";"2";"13";"0";"413";"13";"60";"105";"235"
"2fd1-7514-1bac-98b7-c74c-c512-3bb8-eeff";"281701";"86";"4";"miasto";"stały";"Urząd Miejski w Szczytnie, ul. Henryka Sienkiewicza 1, 12-100 Szczytno";"m. Szczytno";"szczycieński";"warmińsko-mazurskie";"521";"580";"182";"339";"1";"14";"0";"0";"0";"0";"0";"0";"0";"339";"0";"0";"339";"6";"4";"2";"0";"333";"4";"52";"80";"197"
"afd0-7f42-3c93-8297-c453-1b5a-7175-1f02";"281701";"86";"5";"miasto";"stały";"Dom Studencki Wyższej Szkoły Policji w Szczytnie, ul. Bolesława Chrobrego 12, 12-100 Szczytno";"m. Szczytno";"szczycieński";"warmińsko-mazurskie";"1028";"1143";"389";"639";"0";"12";"0";"0";"0";"0";"0";"0";"0";"638";"0";"0";"638";"13";"8";"5";"0";"625";"26";"90";"122";"387"
"1edc-8bb6-a65d-7127-8de1-14c3-d1eb-f6d9";"281701";"86";"6";"miasto";"stały";"Szkoła Podstawowa Nr 6 im. Orła Białego, ul. Bohaterów Września 1939 r. 2, 12-100 Szczytno";"m. Szczytno";"szczycieński";"warmińsko-mazurskie";"731";"798";"231";"500";"1";"5";"0";"0";"0";"0";"0";"0";"0";"500";"0";"0";"500";"2";"0";"2";"0";"498";"22";"69";"122";"285"
"1219-3882-d627-52ff-17ab-dd8e-9863-42be";"281701";"86";"7";"miasto";"stały";"Hala Widowiskowo-Sportowa im. Huberta Wagnera, ul. Jerzego Lanca 1, 12-100 Szczytno";"m. Szczytno";"szczycieński";"warmińsko-mazurskie";"1257";"1370";"390";"867";"4";"8";"0";"0";"0";"0";"0";"0";"0";"867";"0";"0";"867";"13";"0";"13";"0";"854";"27";"100";"193";"534"
"c3c7-614f-c755-29a9-9f1c-3a91-63e0-2689";"281701";"86";"8";"miasto";"stały";"Szkoła Podstawowa Nr 6 im. Orła Białego, ul. Jerzego Lanca 1, 12-100 Szczytno";"m. Szczytno";"szczycieński";"warmińsko-mazurskie";"1049";"1137";"309";"740";"1";"13";"0";"0";"0";"0";"0";"0";"0";"740";"0";"0";"740";"4";"1";"3";"0";"736";"12";"71";"188";"465"
"ce93-44a4-6e9b-80d9-bd71-1da6-657c-9943";"281701";"86";"9";"miasto";"stały";"Zespół Szkół Nr 3 im. Jana III Sobieskiego, ul. Jerzego Lanca 10, 12-100 Szczytno";"m. Szczytno";"szczycieński";"warmińsko-mazurskie";"1348";"1474";"466";"882";"1";"4";"0";"0";"0";"0";"0";"0";"0";"882";"0";"0";"882";"11";"3";"8";"0";"871";"15";"109";"180";"567"
"81c7-6b3a-a790-abd2-e06d-d09f-5736-b24b";"281701";"86";"10";"miasto";"stały";"Miejskie Przedszkole Nr 1 „Bajka”, ul. Pasymska 21, 12-100 Szczytno";"m. Szczytno";"szczycieński";"warmińsko-mazurskie";"1027";"1113";"373";"654";"1";"9";"0";"0";"0";"0";"0";"0";"0";"654";"0";"0";"654";"11";"2";"9";"0";"643";"19";"94";"139";"391"
"8112-623a-6ebe-288f-e57d-bfc7-331e-3c9a";"281701";"86";"11";"miasto";"stały";"Centrum Rehabilitacyjno-Edukacyjne Dla Dzieci i Młodzieży Niepełnosprawnej, ul. Pasymska 21 A, 12-100 Szczytno";"m. Szczytno";"szczycieński";"warmińsko-mazurskie";"1190";"1288";"456";"734";"0";"3";"0";"0";"0";"0";"0";"0";"0";"734";"0";"0";"734";"13";"1";"12";"0";"721";"43";"113";"170";"395"
"4c8c-8f68-2c61-6b7f-13f1-15bb-b5ca-45e7";"281701";"86";"12";"miasto";"stały";"Przedszkole Niepubliczne Nr 1 „Pod Topolą”, ul. Pasymska 7, 12-100 Szczytno";"m. Szczytno";"szczycieński";"warmińsko-mazurskie";"1188";"1176";"507";"679";"3";"1";"0";"0";"0";"0";"0";"0";"0";"681";"0";"0";"681";"8";"2";"6";"0";"673";"21";"65";"173";"414"
"ed2e-1c01-e11b-65b9-9b31-e302-eced-d24d";"281701";"86";"13";"miasto";"stały";"Szkoła Podstawowa Nr 3 im. Marii Curie-Skłodowskiej, ul. Marii Curie-Skłodowskiej 2, 12-100 Szczytno";"m. Szczytno";"szczycieński";"warmińsko-mazurskie";"1268";"1367";"507";"761";"0";"2";"0";"0";"0";"0";"0";"0";"0";"761";"0";"0";"761";"12";"1";"11";"0";"749";"16";"108";"187";"438"
"a5d1-3561-54a9-c944-a945-1203-941c-1f7d";"281701";"86";"14";"miasto";"stały";"Powiatowy Urząd Pracy w Szczytnie, ul. Wincentego Pola 4, 12-100 Szczytno";"m. Szczytno";"szczycieński";"warmińsko-mazurskie";"1009";"1094";"415";"594";"1";"2";"0";"0";"0";"0";"0";"0";"0";"594";"0";"0";"594";"7";"0";"7";"0";"587";"10";"74";"135";"368"
"5d32-3a84-9f6b-4d13-e604-ef49-7aae-edbb";"281701";"86";"15";"miasto";"stały";"Miejski Dom Kultury, ul. Polska 12, 12-100 Szczytno";"m. Szczytno";"szczycieński";"warmińsko-mazurskie";"850";"926";"327";"523";"4";"6";"0";"0";"0";"0";"0";"0";"0";"523";"0";"0";"523";"13";"4";"9";"0";"510";"19";"92";"103";"296"
"7117-53a6-c0d6-9187-687c-3d80-a627-23cf";"281701";"86";"16";"miasto";"stały";"Miejskie Przedszkole Nr 2 „Fantazja”, ul. Polska 42, 12-100 Szczytno";"m. Szczytno";"szczycieński";"warmińsko-mazurskie";"740";"815";"302";"438";"0";"7";"0";"0";"0";"0";"0";"0";"0";"438";"0";"0";"438";"13";"0";"13";"0";"425";"16";"67";"118";"224"
"3c0f-f319-3256-3a5f-41e6-645b-073b-67e3";"281701";"86";"17";"miasto";"stały";"Przedszkole Niepubliczne „Jaś i Małgosia”, ul. Władysława IV 52 A, 12-100 Szczytno";"m. Szczytno";"szczycieński";"warmińsko-mazurskie";"1229";"1343";"384";"845";"1";"3";"0";"0";"0";"0";"0";"0";"0";"845";"0";"0";"845";"15";"6";"9";"0";"830";"28";"109";"178";"515"
"2833-02ac-83c5-cc7c-a839-de47-49ee-d285";"281701";"86";"18";"miasto";"dom pomocy społecznej";"Dom Pomocy Społecznej im. Jana Pawła II w Szczytnie, ul. Wielbarska 2, 12-100 Szczytno";"m. Szczytno";"szczycieński";"warmińsko-mazurskie";"171";"106";"137";"34";"0";"0";"0";"0";"0";"0";"0";"0";"0";"34";"0";"0";"34";"5";"1";"4";"0";"29";"8";"11";"2";"8"
"34ed-f4ca-22fe-be1d-ca0c-80f9-56c4-5c8a";"281701";"86";"19";"miasto";"zakład leczniczy";"Szpital Powiatowy w Szczytnie, ul. Marii Curie-Skłodowskiej 12, 12-100 Szczytno";"m. Szczytno";"szczycieński";"warmińsko-mazurskie";"68";"58";"48";"20";"0";"2";"0";"0";"0";"0";"0";"0";"0";"20";"0";"0";"20";"1";"1";"0";"0";"19";"0";"1";"1";"17"
"4927-9e66-480f-043d-ec4c-46b7-22ac-c955";"281701";"86";"20";"miasto";"oddział zewnętrzny aresztu śledczego";"Oddział Zewnętrzny w Szczytnie Aresztu Śledczego w Olsztynie, ul. Henryka Sienkiewicza 10, 12-100 Szczytno";"m. Szczytno";"szczycieński";"warmińsko-mazurskie";"150";"114";"105";"45";"0";"0";"0";"0";"0";"0";"0";"0";"0";"45";"0";"0";"45";"3";"0";"3";"0";"42";"3";"6";"15";"18"
"378e-a864-7dbc-6d21-304c-bb01-54a6-0418";"281702";"86";"1";"wieś";"stały";"Gminny Ośrodek Kultury w Dźwierzutach, ul. Pasymska 2, 12-120 Dźwierzuty";"gm. Dźwierzuty";"szczycieński";"warmińsko-mazurskie";"1370";"1511";"777";"593";"0";"7";"0";"0";"0";"0";"0";"0";"0";"593";"0";"0";"593";"25";"0";"25";"0";"568";"29";"94";"105";"340"
"09fe-7644-3bd2-1b70-1ad0-34ec-e456-7792";"281702";"86";"2";"wieś";"stały";"Urząd Gminy w Dźwierzutach, ul. Niepodległości 6, 12-120 Dźwierzuty";"gm. Dźwierzuty";"szczycieński";"warmińsko-mazurskie";"1317";"1444";"591";"726";"2";"5";"0";"0";"0";"0";"0";"0";"0";"726";"0";"0";"726";"26";"6";"20";"0";"700";"40";"86";"135";"439"
"87da-ec67-3100-067a-7d61-8e4d-30e8-ffcc";"281702";"86";"3";"wieś";"stały";"Szkoła Podstawowa w Kałęczynie, Kałęczyn 17, 12-120 Dźwierzuty";"gm. Dźwierzuty";"szczycieński";"warmińsko-mazurskie";"410";"452";"206";"204";"0";"4";"0";"0";"0";"0";"0";"0";"0";"204";"0";"0";"204";"8";"0";"8";"0";"196";"14";"45";"33";"104"
"5ef7-5dac-47a5-9f49-d10e-9ea8-271b-daae";"281702";"86";"4";"wieś";"stały";"Świetlica Wiejska, Jabłonka 42, 12-120 Dźwierzuty";"gm. Dźwierzuty";"szczycieński";"warmińsko-mazurskie";"611";"668";"335";"276";"0";"2";"0";"0";"0";"0";"0";"0";"0";"276";"0";"0";"276";"8";"0";"8";"0";"268";"12";"38";"44";"174"
"6eb3-561b-cac6-2fee-2468-81e5-700c-0df9";"281702";"86";"5";"wieś";"stały";"Zespół Szkolno-Przedszkolny w Orzynach, Orzyny 34, 12-120 Dźwierzuty";"gm. Dźwierzuty";"szczycieński";"warmińsko-mazurskie";"1119";"1253";"588";"531";"0";"19";"0";"0";"0";"0";"0";"0";"0";"531";"0";"0";"531";"15";"1";"14";"0";"516";"33";"108";"102";"273"
"a563-7e07-044b-c17e-5093-ac8a-a5da-35b7";"281703";"86";"1";"wieś";"stały";"Budynek Zespołu Szkół, ul. Polna 1, 12-122 Jedwabno";"gm. Jedwabno";"szczycieński";"warmińsko-mazurskie";"950";"1079";"391";"559";"1";"11";"0";"0";"0";"0";"0";"0";"0";"559";"0";"0";"559";"10";"0";"10";"0";"549";"20";"101";"119";"309"
"f6ff-ded6-01f2-205c-f1d7-fd06-59d2-17c4";"281703";"86";"2";"wieś";"stały";"Gminny Ośrodek Kultury, ul. 1 Maja 63, 12-122 Jedwabno";"gm. Jedwabno";"szczycieński";"warmińsko-mazurskie";"786";"879";"404";"382";"0";"18";"0";"0";"0";"0";"0";"0";"0";"382";"0";"0";"382";"7";"0";"7";"0";"375";"8";"65";"84";"218"
"6e22-f087-c7fe-d2e2-1f85-a265-ef8a-2d9c";"281703";"86";"3";"wieś";"stały";"Budynek poszkolny, Burdąg 46, 12-122 Jedwabno";"gm. Jedwabno";"szczycieński";"warmińsko-mazurskie";"549";"618";"273";"276";"0";"9";"0";"0";"0";"0";"0";"0";"0";"276";"0";"0";"276";"9";"4";"5";"0";"267";"15";"49";"68";"135"
"ffa8-20ec-1b35-d3f4-d397-7716-5213-805d";"281703";"86";"4";"wieś";"stały";"Świetlica wiejska, Nowy Dwór 37, 12-122 Jedwabno";"gm. Jedwabno";"szczycieński";"warmińsko-mazurskie";"469";"514";"277";"192";"0";"0";"0";"0";"0";"0";"0";"0";"0";"192";"0";"0";"192";"7";"0";"7";"0";"185";"9";"34";"34";"108"
"05ec-bde7-7511-4a6b-9fbc-4ca5-e930-ca67";"281704";"86";"1";"wieś";"stały";"Szkoła Podstawowa, parter-sala 103, ul. Jana Pawła II 4, 12-130 Pasym";"gm. Pasym";"szczycieński";"warmińsko-mazurskie";"440";"487";"209";"231";"0";"4";"0";"0";"0";"0";"0";"0";"0";"231";"0";"0";"231";"8";"0";"8";"0";"223";"5";"42";"20";"156"
"372b-20a3-fc2b-1ba4-2188-2c81-9947-6cb9";"281704";"86";"2";"wieś";"stały";"Szkoła Podstawowa, parter-sala nr 104, ul. Jana Pawła II 4, 12-130 Pasym";"gm. Pasym";"szczycieński";"warmińsko-mazurskie";"299";"336";"178";"121";"0";"5";"0";"0";"0";"0";"0";"0";"0";"121";"0";"0";"121";"3";"0";"3";"0";"118";"3";"19";"23";"73"
"cb72-8853-a009-9f70-f682-762d-9990-09df";"281704";"86";"3";"wieś";"stały";"Szkoła Podstawowa, Grom 67, 12-130 Pasym";"gm. Pasym";"szczycieński";"warmińsko-mazurskie";"369";"407";"159";"210";"0";"3";"0";"0";"0";"0";"0";"0";"0";"210";"0";"0";"210";"5";"1";"4";"0";"205";"7";"17";"41";"140"
"669b-afcd-31d3-8433-ce87-73f0-0000-0d77";"281704";"86";"4";"wieś";"stały";"Szkoła Podstawowa, Tylkowo 1, 12-130 Pasym";"gm. Pasym";"szczycieński";"warmińsko-mazurskie";"626";"704";"253";"373";"0";"4";"0";"0";"0";"0";"0";"0";"0";"373";"0";"0";"373";"7";"4";"3";"0";"366";"15";"49";"81";"221"
"28da-d568-0d4a-282e-03bb-4ccb-2c9d-8ad1";"281704";"86";"5";"wieś";"stały";"Świetlica Wiejska, Grzegrzółki 11, 12-130 Pasym";"gm. Pasym";"szczycieński";"warmińsko-mazurskie";"320";"358";"180";"140";"0";"2";"0";"0";"0";"0";"0";"0";"0";"140";"0";"0";"140";"5";"0";"5";"0";"135";"9";"22";"22";"82"
"48aa-2c61-c602-22e6-683b-8178-cf80-dbf3";"281704";"86";"6";"miasto";"stały";"Remiza Strażacka, ul. Pocztowa 14, 12-130 Pasym";"gm. Pasym";"szczycieński";"warmińsko-mazurskie";"459";"503";"197";"262";"0";"7";"0";"0";"0";"0";"0";"0";"0";"262";"0";"0";"262";"7";"0";"7";"0";"255";"13";"34";"36";"172"
"7804-b36a-0468-aa99-fd94-167d-d83b-fe01";"281704";"86";"7";"miasto";"stały";"Centrum Aktywizacji Społecznej KiS, ul. Dworcowa 8, 12-130 Pasym";"gm. Pasym";"szczycieński";"warmińsko-mazurskie";"749";"844";"345";"404";"0";"24";"0";"0";"0";"0";"0";"0";"0";"404";"0";"0";"404";"9";"0";"9";"0";"395";"15";"44";"63";"273"
"c29f-f8a0-bdd9-db5a-e1cf-4065-b364-eb51";"281704";"86";"8";"miasto";"stały";"Szkoła Podstawowa, parter-sala 111 świetlica, ul. Jana Pawła II 4, 12-130 Pasym";"gm. Pasym";"szczycieński";"warmińsko-mazurskie";"608";"664";"214";"394";"0";"1";"0";"0";"0";"0";"0";"0";"0";"394";"0";"0";"394";"3";"0";"3";"0";"391";"11";"41";"83";"256"
"db43-0f54-1aef-feb1-2c33-7fbe-6a99-d423";"281705";"86";"1";"wieś";"stały";"Sala sportowa przy Zespole Szkolno-Przedszkolnym w Dąbrowach, Dąbrowy 238, 12-114 Rozogi";"gm. Rozogi";"szczycieński";"warmińsko-mazurskie";"907";"997";"440";"467";"2";"2";"0";"0";"0";"0";"0";"0";"0";"467";"0";"0";"467";"21";"2";"19";"0";"446";"28";"168";"41";"209"
"ed53-5998-017b-03d9-eec3-9e87-a193-66a2";"281705";"86";"2";"wieś";"stały";"Gminny Ośrodek Kultury w Rozogach, ul. Plac Jana Pawła II 1, 12-114 Rozogi";"gm. Rozogi";"szczycieński";"warmińsko-mazurskie";"1109";"1203";"471";"638";"2";"12";"0";"0";"0";"0";"0";"0";"0";"638";"0";"1";"637";"20";"3";"17";"0";"617";"28";"125";"83";"381"
"0ca0-cf33-4f64-ba1b-1e0c-2ea5-9860-5cdf";"281705";"86";"3";"wieś";"stały";"Sala sportowa przy Zespole Szkół w Rozogach, ul. Rynek 13, 12-114 Rozogi";"gm. Rozogi";"szczycieński";"warmińsko-mazurskie";"441";"470";"256";"185";"2";"4";"0";"0";"0";"0";"0";"0";"0";"185";"0";"0";"185";"9";"0";"9";"0";"176";"9";"39";"19";"109"
"10fd-fb14-b8f3-04d8-5754-a87a-f0f8-96b6";"281705";"86";"4";"wieś";"stały";"Sala sportowa przy Zespole Szkolno-Przedszkolnym w Klonie, Klon 96, 12-114 Rozogi";"gm. Rozogi";"szczycieński";"warmińsko-mazurskie";"622";"669";"338";"284";"0";"0";"0";"0";"0";"0";"0";"0";"0";"284";"0";"0";"284";"15";"0";"15";"0";"269";"23";"61";"32";"153"
"b78c-4ae4-f1c8-d116-1b48-5626-b3b8-8147";"281705";"86";"5";"wieś";"stały";"Świetlica wiejska w Księżym Lasku, Księży Lasek 26, 12-114 Rozogi";"gm. Rozogi";"szczycieński";"warmińsko-mazurskie";"270";"297";"134";"136";"0";"3";"0";"0";"0";"0";"0";"0";"0";"136";"0";"0";"136";"6";"1";"5";"0";"130";"9";"25";"18";"78"
"9763-1525-b809-a8c6-4a52-4abf-9f19-32ee";"281705";"86";"6";"wieś";"stały";"Świetlica wiejska w Farynach, Faryny 51, 12-114 Rozogi";"gm. Rozogi";"szczycieński";"warmińsko-mazurskie";"351";"383";"196";"155";"0";"2";"0";"0";"0";"0";"0";"0";"0";"154";"0";"0";"154";"6";"0";"6";"0";"148";"7";"37";"13";"91"
"cd89-c8b0-95ad-70db-716e-7443-9968-e563";"281705";"86";"7";"wieś";"stały";"Świetlica wiejska w Spalinach Wielkich, Spaliny Wielkie 25a, 12-114 Rozogi";"gm. Rozogi";"szczycieński";"warmińsko-mazurskie";"380";"426";"211";"169";"0";"1";"0";"0";"0";"0";"0";"0";"0";"169";"0";"0";"169";"8";"0";"8";"0";"161";"21";"42";"18";"80"
"b151-f0f0-8f09-0bf6-705e-1efb-5ae3-5b90";"281706";"86";"1";"wieś";"stały";"Świetlica wiejska w Lemanach, Lemany 36C, 12-100 Szczytno";"gm. Szczytno";"szczycieński";"warmińsko-mazurskie";"1112";"1195";"452";"660";"0";"11";"0";"0";"0";"0";"0";"0";"0";"660";"0";"0";"660";"12";"1";"11";"0";"648";"34";"109";"136";"369"
"4eec-8830-0e3d-708b-54a8-0683-39a7-3889";"281706";"86";"2";"wieś";"stały";"Świetlica wiejska w Płozach, Płozy 37A, 12-100 Szczytno";"gm. Szczytno";"szczycieński";"warmińsko-mazurskie";"607";"664";"243";"364";"0";"0";"0";"0";"0";"0";"0";"0";"0";"364";"0";"0";"364";"7";"2";"5";"0";"357";"19";"68";"71";"199"
"3ea4-742c-859d-101a-b8e1-cb1b-066c-e8cc";"281706";"86";"3";"wieś";"stały";"Świetlica wiejska w Leśnym Dworze, Leśny Dwór 54, 12-100 Szczytno";"gm. Szczytno";"szczycieński";"warmińsko-mazurskie";"960";"1036";"291";"669";"0";"0";"0";"0";"0";"0";"0";"0";"0";"669";"0";"0";"669";"12";"3";"9";"0";"657";"22";"67";"202";"366"
"bf2c-bbab-e8b5-f54b-c631-9faf-6feb-6ed6";"281706";"86";"4";"wieś";"stały";"Gminne Przedszkole ""Jasia i Małgosi"" w Lipowcu, oddział terenowy w Kamionku, Kamionek 25, 12-100 Szczytno";"gm. Szczytno";"szczycieński";"warmińsko-mazurskie";"527";"574";"254";"273";"0";"1";"0";"0";"0";"0";"0";"0";"0";"273";"0";"0";"273";"6";"0";"6";"0";"267";"9";"30";"67";"161"
"f096-1968-d5e5-aee9-dec0-da82-d909-6e1a";"281706";"86";"5";"wieś";"stały";"Gminne Przedszkole w Nowinach, Oddział Terenowy w Szczytnie, ul. Łomżyńska 3, 12-100 Szczytno";"gm. Szczytno";"szczycieński";"warmińsko-mazurskie";"791";"861";"407";"384";"0";"0";"0";"0";"0";"0";"0";"0";"0";"384";"0";"0";"384";"7";"2";"5";"0";"377";"5";"58";"84";"230"
"de7c-67de-9b5e-a224-9cce-fcc5-37fa-a900";"281706";"86";"6";"wieś";"stały";"Szkoła Podstawowa w Lipowcu, Lipowiec 48, 12-100 Szczytno";"gm. Szczytno";"szczycieński";"warmińsko-mazurskie";"1002";"1098";"536";"466";"0";"4";"0";"0";"0";"0";"0";"0";"0";"466";"0";"0";"466";"15";"0";"15";"0";"451";"20";"67";"59";"305"
"e801-8730-e40d-5ee3-82dc-69f6-6596-ea3a";"281706";"86";"7";"wieś";"stały";"Szkoła Podstawowa w Szymanach, Szymany 21, 12-100 Szczytno";"gm. Szczytno";"szczycieński";"warmińsko-mazurskie";"607";"672";"243";"364";"1";"0";"0";"0";"0";"0";"0";"0";"0";"364";"0";"0";"364";"17";"4";"13";"0";"347";"27";"80";"52";"188"
"c80d-6649-fd03-d17a-f6bd-6487-7caa-be70";"281706";"86";"8";"wieś";"stały";"Szkoła Podstawowa w Olszynach, Olszyny 30, 12-100 Szczytno";"gm. Szczytno";"szczycieński";"warmińsko-mazurskie";"659";"716";"331";"328";"0";"0";"0";"0";"0";"0";"0";"0";"0";"328";"0";"0";"328";"12";"3";"9";"0";"316";"15";"41";"52";"208"
"d30a-dc97-97b1-54cf-cfc9-93b4-838d-a23d";"281706";"86";"9";"wieś";"stały";"Gminne Przedszkole ""Jasia i Małgosi"" w Lipowcu, oddział terenowy w Kamionku, Kamionek 1, 12-100 Szczytno";"gm. Szczytno";"szczycieński";"warmińsko-mazurskie";"827";"899";"287";"540";"0";"2";"0";"0";"0";"0";"0";"0";"0";"540";"0";"0";"540";"4";"0";"4";"0";"536";"23";"62";"127";"324"
"e12a-efde-7b95-360c-0e75-d743-a6f8-7767";"281706";"86";"10";"wieś";"stały";"Szkoła Podstawowa w Rudce, Rudka 10, 12-100 Szczytno";"gm. Szczytno";"szczycieński";"warmińsko-mazurskie";"1179";"1299";"483";"696";"0";"2";"0";"0";"0";"0";"0";"0";"0";"696";"0";"0";"696";"17";"2";"15";"0";"679";"15";"111";"162";"391"
"302b-8bbc-c7b9-6c04-64bf-7e1c-042b-87d7";"281706";"86";"11";"wieś";"stały";"Niepubliczny Zespół Szkolno-Przedszkolny w Romanach, Romany 20B, 12-100 Szczytno";"gm. Szczytno";"szczycieński";"warmińsko-mazurskie";"720";"806";"348";"372";"0";"2";"0";"0";"0";"0";"0";"0";"0";"372";"0";"0";"372";"20";"18";"2";"0";"352";"19";"65";"59";"209"
"64f5-cd10-d1f8-1a37-1e57-1013-03d9-11be";"281707";"86";"1";"wieś";"stały";"Gminny Ośrodek Kultury w Świętajnie, ul. Młodzieżowa 2, 12-140 Świętajno";"gm. Świętajno";"szczycieński";"warmińsko-mazurskie";"1062";"1151";"432";"630";"0";"5";"0";"0";"0";"0";"0";"0";"0";"630";"0";"0";"630";"19";"0";"19";"0";"611";"29";"113";"75";"394"
"55e9-349e-df9a-dcae-4074-2fdd-3283-e469";"281707";"86";"2";"wieś";"stały";"Gminna Biblioteka Publiczna w Świętajnie, ul. Młodzieżowa 2, 12-140 Świętajno";"gm. Świętajno";"szczycieński";"warmińsko-mazurskie";"538";"609";"250";"288";"1";"20";"1";"1";"1";"0";"0";"0";"0";"288";"0";"0";"288";"7";"0";"7";"0";"281";"11";"49";"45";"176"
"e55b-75d7-0cec-5c96-473e-3261-1f55-ab78";"281707";"86";"3";"wieś";"stały";"Szkoła Podstawowa w Spychowie, ul. Mazurska 5, 12-150 Spychowo";"gm. Świętajno";"szczycieński";"warmińsko-mazurskie";"1042";"1184";"447";"595";"0";"23";"0";"0";"0";"0";"0";"0";"0";"595";"0";"0";"595";"14";"1";"13";"0";"581";"24";"110";"116";"331"
"95f9-076b-996f-d169-fa8b-3a2e-de53-34a9";"281707";"86";"4";"wieś";"stały";"Szkoła Podstawowa w Jerutach, Jeruty 41, 12-140 Świętajno";"gm. Świętajno";"szczycieński";"warmińsko-mazurskie";"602";"652";"284";"318";"0";"0";"0";"0";"0";"0";"0";"0";"0";"318";"0";"0";"318";"10";"4";"6";"0";"308";"18";"77";"26";"187"
"e56a-be6d-f8c3-b2fb-86b2-9909-d17e-c276";"281707";"86";"5";"wieś";"stały";"Szkoła Podstawowa w Kolonii, Kolonia 71, 12-140 Świętajno";"gm. Świętajno";"szczycieński";"warmińsko-mazurskie";"729";"806";"383";"346";"0";"8";"0";"0";"0";"0";"0";"0";"0";"346";"0";"0";"346";"15";"1";"14";"0";"331";"29";"78";"42";"182"
"6f98-aec6-551b-9b24-b3dd-8af2-9538-ccc4";"281707";"86";"6";"wieś";"stały";"Środowiskowy Dom Samopomocy w Piasutnie, Piasutno 63, 12-140 Świętajno";"gm. Świętajno";"szczycieński";"warmińsko-mazurskie";"340";"386";"125";"215";"0";"16";"0";"0";"0";"0";"0";"0";"0";"215";"0";"0";"215";"9";"2";"7";"0";"206";"12";"32";"61";"101"
"920e-4660-8398-2ee7-1bd6-1afe-816a-57a0";"281707";"86";"7";"wieś";"dom pomocy społecznej";"Dom Pomocy Społecznej w Szczytnie, Filia w Spychowie, ul. Sienkiewicza 3, 12-150 Spychowo";"gm. Świętajno";"szczycieński";"warmińsko-mazurskie";"16";"15";"9";"7";"0";"0";"0";"0";"0";"0";"0";"0";"0";"7";"0";"0";"7";"1";"0";"1";"0";"6";"0";"1";"1";"4"
"72b0-af40-0464-52d4-55ba-5ccb-6007-aab0";"281708";"86";"1";"wieś";"stały";"Szkoła Podstawowa im. Królowej Jadwigi w Wielbarku (świetlica), ul. Mikołaja Kopernika 10, 12-160 Wielbark";"gm. Wielbark";"szczycieński";"warmińsko-mazurskie";"850";"928";"436";"414";"0";"5";"0";"0";"0";"0";"0";"0";"0";"414";"0";"0";"414";"14";"1";"13";"0";"400";"20";"87";"91";"202"
"3fa4-5391-da08-7972-ca8e-88fa-ff25-ca0a";"281708";"86";"2";"wieś";"stały";"Szkoła Podstawowa im. Królowej Jadwigi w Wielbarku (sala Nr 3), ul. Mikołaja Kopernika 10, 12-160 Wielbark";"gm. Wielbark";"szczycieński";"warmińsko-mazurskie";"679";"746";"304";"375";"1";"1";"0";"0";"0";"0";"0";"0";"0";"375";"0";"0";"375";"13";"1";"12";"0";"362";"37";"62";"62";"201"
"3f39-c906-4dec-6522-7610-01c9-9b6f-c878";"281708";"86";"3";"wieś";"stały";"Urząd Miejski w Wielbarku, ul. Grunwaldzka 2, 12-160 Wielbark";"gm. Wielbark";"szczycieński";"warmińsko-mazurskie";"879";"968";"495";"384";"0";"6";"0";"0";"0";"0";"0";"0";"0";"384";"0";"0";"384";"22";"0";"22";"0";"362";"24";"95";"61";"182"
"19d9-2bff-14e3-8ee3-b5aa-b910-dc2a-0eda";"281708";"86";"4";"wieś";"stały";"Gminny Ośrodek Kultury w Wielbarku, ul. Wojciecha Kętrzyńskiego 13, 12-160 Wielbark";"gm. Wielbark";"szczycieński";"warmińsko-mazurskie";"920";"1020";"474";"446";"0";"5";"0";"0";"0";"0";"0";"0";"0";"446";"0";"0";"446";"14";"0";"14";"0";"432";"31";"91";"92";"218"
"b41a-0ce6-de90-1b24-b246-c334-4628-74c7";"281708";"86";"5";"wieś";"stały";"Szkoła Podstawowa im. Orła Białego w Zabielach, Zabiele 4, 12-160 Wielbark";"gm. Wielbark";"szczycieński";"warmińsko-mazurskie";"400";"439";"213";"187";"0";"1";"0";"0";"0";"0";"0";"0";"0";"187";"0";"0";"187";"1";"1";"0";"0";"186";"9";"44";"23";"110"
"9722-675a-4bf6-dda2-6654-9158-e1e7-33b5";"281708";"86";"6";"wieś";"stały";"Świetlica Wiejska w Lesinach Wielkich, Lesiny Wielkie 18c, 12-160 Wielbark";"gm. Wielbark";"szczycieński";"warmińsko-mazurskie";"890";"979";"537";"353";"0";"1";"0";"0";"0";"0";"0";"0";"0";"353";"0";"0";"353";"12";"0";"12";"0";"341";"17";"80";"52";"192"
"7fc8-c453-fdb0-4a7b-782a-ea35-e19f-150b";"286201";"86";"1";"miasto";"stały";"Zespół Szkół Ogólnokształcących Nr 1 II Liceum Ogólnokształcące Im. K. I. Gałczyńskiego, ul. Roberta i Karola Małłków 3, 10-113 Olsztyn";"m. Olsztyn";"Olsztyn";"warmińsko-mazurskie";"870";"951";"360";"510";"0";"0";"0";"0";"0";"0";"0";"0";"0";"510";"0";"0";"510";"11";"5";"6";"0";"499";"18";"56";"153";"272"
"f52e-02f6-3a76-4108-63ff-7b76-3dc7-4a86";"286201";"86";"2";"miasto";"stały";"I Liceum Ogólnokształcące im. A. Mickiewicza sala nr 112 (parter), ul. Adama Mickiewicza 6, 10-551 Olsztyn";"m. Olsztyn";"Olsztyn";"warmińsko-mazurskie";"561";"639";"177";"384";"0";"19";"1";"1";"1";"0";"0";"0";"0";"384";"0";"0";"384";"5";"1";"4";"0";"379";"9";"40";"133";"197"
"91df-8210-4553-b1a2-91d2-358a-4bee-1350";"286201";"86";"3";"miasto";"stały";"I Liceum Ogólnokształcące im. A. Mickiewicza, sala gimnastyczna (oddzielny budynek obok głównego budynku szkoły), ul. Adama Mickiewicza 6, 10-551 Olsztyn";"m. Olsztyn";"Olsztyn";"warmińsko-mazurskie";"910";"985";"329";"581";"4";"2";"1";"1";"0";"0";"0";"0";"1";"582";"1";"0";"582";"17";"6";"11";"0";"565";"20";"63";"143";"339"
"46f6-006f-c2b6-a9d9-4324-4ab2-1864-f154";"286201";"86";"4";"miasto";"stały";"Specjalny Ośrodek Szkolno-Wychowawczy, im. Kornela Makuszyńskiego, al. Marszałka Józefa Piłsudskiego 42, 10-450 Olsztyn";"m. Olsztyn";"Olsztyn";"warmińsko-mazurskie";"820";"908";"199";"621";"1";"1";"0";"0";"0";"0";"0";"0";"0";"621";"0";"0";"621";"10";"4";"6";"0";"611";"13";"60";"142";"396"
"2364-2eac-cdce-c029-7fc3-6e1b-4873-a583";"286201";"86";"5";"miasto";"stały";"Szkoła Podstawowa Nr 2 im. J. Dąbrowskiego, ul. Tadeusza Kościuszki 70, 10-553 Olsztyn";"m. Olsztyn";"Olsztyn";"warmińsko-mazurskie";"1070";"1195";"307";"763";"5";"18";"0";"0";"0";"0";"0";"0";"0";"763";"0";"0";"763";"12";"3";"9";"0";"751";"18";"99";"233";"401"
"8133-ef24-cff3-768a-778c-aafa-d8db-dc5d";"286201";"86";"6";"miasto";"stały";"Wojewódzka Biblioteka Publiczna Wypożyczalnia Główna i Międzybiblioteczna, ul. Stare Miasto 33, 10-026 Olsztyn";"m. Olsztyn";"Olsztyn";"warmińsko-mazurskie";"649";"768";"127";"522";"2";"51";"0";"0";"0";"0";"0";"0";"0";"522";"0";"0";"522";"10";"4";"6";"0";"512";"18";"68";"165";"261"
"29cd-b8fc-5acb-d649-fe64-f1aa-4f61-3bd8";"286201";"86";"7";"miasto";"stały";"Uniwersytet Warmińsko-Mazurski w Olsztynie Studium Języków Obcych, Al. Obrońców Tobruku 3, 10-718 Olsztyn";"m. Olsztyn";"Olsztyn";"warmińsko-mazurskie";"1198";"1366";"313";"885";"1";"17";"0";"0";"0";"0";"0";"0";"0";"885";"0";"0";"885";"12";"1";"11";"0";"873";"29";"84";"262";"498"
"48a3-2bd4-0c77-46a2-426e-791b-a13b-0e58";"286201";"86";"8";"miasto";"stały";"Uniwersytet Warmińsko-Mazurski w Olsztynie Wydział Nauk Społecznych, ul. Żołnierska 14, 10-561 Olsztyn";"m. Olsztyn";"Olsztyn";"warmińsko-mazurskie";"649";"762";"130";"519";"1";"24";"0";"0";"0";"0";"0";"0";"0";"519";"0";"0";"519";"8";"1";"7";"0";"511";"25";"57";"132";"297"
"6e41-34b8-39ec-1b36-e9a2-2571-1b44-4312";"286201";"86";"9";"miasto";"stały";"Szkoła Podstawowa Nr 29 im. J. Liszewskiego, sala gimnastyczna korekcyjna nr 35 (parter), ul. Jarosława Iwaszkiewicza 44, 10-089 Olsztyn";"m. Olsztyn";"Olsztyn";"warmińsko-mazurskie";"1290";"1415";"334";"956";"1";"8";"0";"0";"0";"0";"0";"0";"0";"956";"0";"0";"956";"18";"9";"9";"0";"938";"25";"104";"269";"540"
"dc92-2d5a-50a2-0f28-4a42-f8f2-42c0-d1dd";"286201";"86";"10";"miasto";"stały";"Szkoła Podstawowa Nr 29 im. J. Liszewskiego stołówka (parter), ul. Jarosława Iwaszkiewicza 44, 10-089 Olsztyn";"m. Olsztyn";"Olsztyn";"warmińsko-mazurskie";"1201";"1332";"155";"1046";"1";"19";"1";"1";"0";"0";"0";"0";"1";"1047";"1";"0";"1047";"13";"5";"8";"0";"1034";"33";"113";"319";"569"
"a1d4-f881-e3ab-ae86-e31c-2dd3-a74a-2dac";"286201";"86";"11";"miasto";"stały";"Generalna Dyrekcja Dróg Krajowych i Autostrad Oddział w Olsztynie, Al. Warszawska 89, 10-083 Olsztyn";"m. Olsztyn";"Olsztyn";"warmińsko-mazurskie";"1797";"2004";"390";"1407";"2";"37";"0";"0";"0";"0";"0";"0";"0";"1407";"0";"0";"1407";"12";"6";"6";"0";"1395";"29";"138";"358";"870"
"d68a-c945-64f3-982d-f08e-2b99-a7be-42db";"286201";"86";"12";"miasto";"stały";"Szkoła Podstawowa Nr 10 im. W. Broniewskiego, ul. Walentego Barczewskiego 11 A, 10-061 Olsztyn";"m. Olsztyn";"Olsztyn";"warmińsko-mazurskie";"1219";"1351";"323";"896";"3";"6";"0";"0";"0";"0";"0";"0";"0";"896";"0";"0";"896";"10";"3";"7";"0";"886";"21";"89";"229";"547"
"f60e-f0ae-e7f3-f0ce-d67f-cd26-b524-896e";"286201";"86";"13";"miasto";"stały";"Szkoła Podstawowa Nr 10 im. W. Broniewskiego, ul. Niepodległości 18, 10-045 Olsztyn";"m. Olsztyn";"Olsztyn";"warmińsko-mazurskie";"1472";"1701";"379";"1093";"1";"26";"0";"0";"0";"0";"0";"0";"0";"1092";"0";"0";"1092";"15";"2";"13";"0";"1077";"29";"126";"295";"627"
"19ba-ba87-58f2-6b59-1756-ae6b-e649-930a";"286201";"86";"14";"miasto";"stały";"Szkoła Podstawowa Nr 14 sala gimnastyczna (parter), ul. Marii Konopnickiej 11, 10-168 Olsztyn";"m. Olsztyn";"Olsztyn";"warmińsko-mazurskie";"1248";"1342";"402";"846";"5";"11";"0";"0";"0";"0";"0";"0";"0";"845";"0";"0";"845";"11";"4";"7";"0";"834";"21";"64";"258";"491"
"0591-ee02-1bd0-5d0b-4629-4b2e-ad27-f2b3";"286201";"86";"15";"miasto";"stały";"Szkoła Podstawowa Nr 14 stołówka (parter), ul. Marii Konopnickiej 11, 10-168 Olsztyn";"m. Olsztyn";"Olsztyn";"warmińsko-mazurskie";"1229";"1342";"385";"844";"0";"12";"0";"0";"0";"0";"0";"0";"0";"844";"0";"0";"844";"15";"5";"10";"0";"829";"13";"89";"230";"497"
"2a3c-c6ad-d683-a172-7f96-0b6b-c3e4-aaf6";"286201";"86";"16";"miasto";"stały";"Zespół Szkół Ogólnokształcących Nr 5, Mistrzostwa Sportowego im. Mariana Grzegorza Bublewicza, ul. Kazimierza Jagiellończyka 32, 10-062 Olsztyn";"m. Olsztyn";"Olsztyn";"warmińsko-mazurskie";"1633";"1780";"397";"1236";"3";"12";"0";"0";"0";"0";"0";"0";"0";"1235";"0";"0";"1235";"12";"5";"7";"0";"1223";"34";"112";"384";"693"
"2f83-a5ae-7898-a52e-97a0-bc78-9866-d4c0";"286201";"86";"17";"miasto";"stały";"Szkoła Podstawowa Nr 7 im. L. Kruczkowskiego, al. Przyjaciół 42, 10-148 Olsztyn";"m. Olsztyn";"Olsztyn";"warmińsko-mazurskie";"1199";"1318";"188";"1011";"2";"19";"0";"0";"0";"0";"0";"0";"0";"1011";"0";"0";"1011";"19";"4";"15";"0";"992";"23";"121";"386";"462"
"eb38-a163-9916-2130-7ee2-da36-4656-e0bf";"286201";"86";"18";"miasto";"stały";"Zespół Szkół Ekonomicznych im. Mikołaja Kopernika, ul. Bałtycka 37, 10-144 Olsztyn";"m. Olsztyn";"Olsztyn";"warmińsko-mazurskie";"1589";"1738";"332";"1257";"2";"15";"0";"0";"0";"0";"0";"0";"0";"1257";"0";"0";"1257";"23";"12";"11";"0";"1234";"35";"159";"402";"638"
"bdf8-ddbe-c307-90ef-6c79-e29a-3976-62db";"286201";"86";"19";"miasto";"stały";"Zespół Szkolno-Przedszkolny Nr 1 Szkoła Podstawowa Nr 19, im. Mikołaja Kopernika stołówka, pomieszczenie nr 10 (parter), ul. Bałtycka 151, 11-041 Olsztyn";"m. Olsztyn";"Olsztyn";"warmińsko-mazurskie";"1491";"1633";"430";"1060";"1";"5";"0";"0";"0";"0";"0";"0";"0";"1060";"0";"0";"1060";"18";"4";"14";"0";"1042";"25";"110";"300";"607"
"87ec-ca56-d5a0-d56b-2be2-9511-3587-de89";"286201";"86";"20";"miasto";"stały";"Zespół Szkolno-Przedszkolny Nr 1 Szkoła Podstawowa Nr 19, im. Mikołaja Kopernika sala gimnastyczna, ul. Bałtycka 151, 11-041 Olsztyn";"m. Olsztyn";"Olsztyn";"warmińsko-mazurskie";"1209";"1348";"215";"994";"2";"10";"1";"1";"0";"0";"0";"0";"1";"995";"1";"0";"995";"6";"0";"6";"0";"989";"18";"106";"319";"546"
"c410-2154-b5ea-118c-2efe-d001-21f4-8a69";"286201";"86";"21";"miasto";"stały";"Uniwersytet Warmińsko-Mazurski w Olsztynie, Wydział Teologii, ul. Kardynała Stefana Hozjusza 15, 11-041 Olsztyn";"m. Olsztyn";"Olsztyn";"warmińsko-mazurskie";"1609";"1687";"281";"1328";"1";"12";"1";"1";"0";"0";"0";"0";"1";"1329";"1";"0";"1329";"20";"9";"11";"0";"1309";"28";"137";"532";"612"
"2694-b00e-e90b-133f-30b4-b3c0-c1b1-ddc7";"286201";"86";"22";"miasto";"stały";"Szkoła Podstawowa Nr 18 im. Orła Białego sala ćwiczeń korekcyjnych pomieszczenie nr 032, ul. Żytnia 71, 10-822 Olsztyn";"m. Olsztyn";"Olsztyn";"warmińsko-mazurskie";"1220";"1315";"319";"901";"0";"3";"0";"0";"0";"0";"0";"0";"0";"901";"0";"0";"901";"12";"3";"9";"0";"889";"20";"93";"268";"508"
"fb0e-5ee6-08b0-8609-017e-f460-2fc6-e0dc";"286201";"86";"23";"miasto";"stały";"Szkoła Podstawowa Nr 18 im. Orła Białego sala gimnastyczna pomieszczenie nr 031, ul. Żytnia 71, 10-822 Olsztyn";"m. Olsztyn";"Olsztyn";"warmińsko-mazurskie";"1422";"1515";"381";"1041";"0";"4";"0";"0";"0";"0";"0";"0";"0";"1041";"0";"0";"1041";"18";"9";"9";"0";"1023";"25";"97";"307";"594"
"ce94-62b5-5968-3a0a-7538-8e88-1566-60e6";"286201";"86";"24";"miasto";"stały";"Miejska Biblioteka Publiczna Biblioteka Ekonomiczno-Techniczna, ul. Żytnia 71, 10-823 Olsztyn";"m. Olsztyn";"Olsztyn";"warmińsko-mazurskie";"1599";"1722";"320";"1274";"1";"11";"0";"0";"0";"0";"0";"0";"0";"1274";"0";"0";"1274";"13";"3";"10";"0";"1261";"39";"133";"428";"661"
"c3bf-2e00-2096-bd1b-2b10-5909-4446-c08a";"286201";"86";"25";"miasto";"stały";"Uniwersytet Warmińsko-Mazurski w Olsztynie Wydział Nauk Ekonomicznych, ul. Michała Oczapowskiego 4, 10-719 Olsztyn";"m. Olsztyn";"Olsztyn";"warmińsko-mazurskie";"991";"1095";"134";"857";"0";"57";"0";"0";"0";"0";"0";"0";"0";"857";"0";"0";"857";"9";"5";"4";"0";"848";"27";"84";"332";"405"
"ef8d-a679-59cf-7846-4c0a-70cd-4ed2-78bf";"286201";"86";"26";"miasto";"stały";"Instytut Rozrodu Zwierząt i Badań Żywności Polskiej Akademii Nauk, ul. Juliana Tuwima 10, 10-748 Olsztyn";"m. Olsztyn";"Olsztyn";"warmińsko-mazurskie";"883";"995";"83";"800";"0";"17";"0";"0";"0";"0";"0";"0";"0";"800";"0";"0";"800";"11";"3";"8";"0";"789";"27";"85";"317";"360"
"e999-34ba-7138-f49f-3906-383f-be9c-8902";"286201";"86";"27";"miasto";"stały";"Uniwersytet Warmińsko-Mazurski w Olsztynie Wydział Nauki o Żywności, Katedra Żywienia Człowieka, ul. Słoneczna 45 F, 10-718 Olsztyn";"m. Olsztyn";"Olsztyn";"warmińsko-mazurskie";"571";"635";"80";"491";"1";"21";"0";"0";"0";"0";"0";"0";"0";"491";"0";"0";"491";"3";"0";"3";"0";"488";"12";"65";"182";"229"
"6811-daf2-8348-b962-618d-8ce5-aac8-d715";"286201";"86";"28";"miasto";"stały";"Warmińsko-Mazurski Urząd Celno-Skarbowy w Olsztynie, ul. Dworcowa 1, 10-413 Olsztyn";"m. Olsztyn";"Olsztyn";"warmińsko-mazurskie";"793";"872";"306";"487";"0";"6";"0";"0";"0";"0";"0";"0";"0";"487";"0";"0";"487";"8";"0";"8";"0";"479";"20";"52";"109";"298"
"2603-37b3-aee3-9610-c302-f900-f2ca-9756";"286201";"86";"29";"miasto";"stały";"Państwowe Liceum Plastyczne, im. E. Mendelsohna, ul. Partyzantów 85, 10-527 Olsztyn";"m. Olsztyn";"Olsztyn";"warmińsko-mazurskie";"1000";"1093";"430";"570";"0";"4";"0";"0";"0";"0";"0";"0";"0";"570";"0";"0";"570";"8";"0";"8";"0";"562";"29";"68";"154";"311"
"af72-bd19-9071-f986-b415-37b7-e2fa-545b";"286201";"86";"30";"miasto";"stały";"Regionalna Dyrekcja Lasów Państwowych, ul. Tadeusza Kościuszki 46/48, 10-959 Olsztyn";"m. Olsztyn";"Olsztyn";"warmińsko-mazurskie";"1120";"1221";"355";"765";"3";"7";"0";"0";"0";"0";"0";"0";"0";"765";"0";"0";"765";"10";"2";"8";"0";"755";"18";"89";"190";"458"
"929f-f302-c9be-3196-ef89-ca2a-b8ac-14ae";"286201";"86";"31";"miasto";"stały";"Szkoła Podstawowa Nr 15 im. W. Kętrzyńskiego, ul. Wojciecha Kętrzyńskiego 10, 10-507 Olsztyn";"m. Olsztyn";"Olsztyn";"warmińsko-mazurskie";"1170";"1301";"376";"794";"0";"13";"0";"0";"0";"0";"0";"0";"0";"794";"0";"0";"794";"16";"0";"16";"0";"778";"28";"87";"192";"471"
"c964-8ba5-959c-281b-ae4a-3a13-74a5-e15c";"286201";"86";"32";"miasto";"stały";"Szkoła Podstawowa Nr 311 z Oddziałami Dwujęzycznymi i Sportowymi stołówka (parter), ul. Kołobrzeska 9, 10-444 Olsztyn";"m. Olsztyn";"Olsztyn";"warmińsko-mazurskie";"1200";"1352";"394";"806";"1";"2";"0";"0";"0";"0";"0";"0";"0";"806";"0";"0";"806";"6";"1";"5";"0";"800";"23";"105";"238";"434"
"7669-7540-eb6c-88b0-1561-2e62-b9cd-e4be";"286201";"86";"33";"miasto";"stały";"Szkoła Podstawowa Nr 311 z Oddziałami Dwujęzycznymi i Sportowymi hol (parter), ul. Kołobrzeska 9, 10-444 Olsztyn";"m. Olsztyn";"Olsztyn";"warmińsko-mazurskie";"1400";"1548";"433";"967";"2";"13";"0";"0";"0";"0";"0";"0";"0";"967";"0";"0";"967";"15";"6";"9";"0";"952";"27";"129";"284";"512"
"97dc-d1f1-d112-5f79-e40d-22d9-6bbe-1d80";"286201";"86";"34";"miasto";"stały";"Szkoła Podstawowa Nr 3, im. Kawalerów Orderu Uśmiechu, ul. Kołobrzeska 13M, 10-445 Olsztyn";"m. Olsztyn";"Olsztyn";"warmińsko-mazurskie";"929";"1001";"315";"612";"0";"5";"0";"0";"0";"0";"0";"0";"0";"614";"0";"0";"614";"10";"1";"9";"0";"604";"25";"86";"163";"330"
"047f-6add-9b96-ecd0-489d-6762-a466-1d21";"286201";"86";"35";"miasto";"stały";"Zespół Szkół Chemicznych i Ogólnokształcących im. J. Śniadeckiego, ul. Kołobrzeska 29, 10-431 Olsztyn";"m. Olsztyn";"Olsztyn";"warmińsko-mazurskie";"1060";"1172";"374";"686";"0";"5";"0";"0";"0";"0";"0";"0";"0";"686";"0";"0";"686";"7";"2";"5";"0";"679";"21";"81";"114";"463"
"ab99-ab9c-3f8b-15e1-09d9-a768-c782-f3ae";"286201";"86";"36";"miasto";"stały";"Przedszkole Artystyczno-Teatralne „Dorotka”, ul. Świtezianki 2, 10-465 Olsztyn";"m. Olsztyn";"Olsztyn";"warmińsko-mazurskie";"1030";"1133";"282";"748";"0";"4";"0";"0";"0";"0";"0";"0";"0";"745";"0";"0";"745";"7";"4";"3";"0";"738";"18";"99";"193";"428"
"0c0a-44bb-5c66-5685-8e36-48b7-0a62-aa0c";"286201";"86";"37";"miasto";"stały";"Przedszkole Miejskie Nr 37, ul. Pana Tadeusza 12A, 10-461 Olsztyn";"m. Olsztyn";"Olsztyn";"warmińsko-mazurskie";"1140";"1243";"273";"867";"1";"10";"0";"0";"0";"0";"0";"0";"0";"867";"0";"0";"867";"7";"1";"6";"0";"860";"29";"104";"206";"521"
"c06d-fe3b-ee96-c51c-8854-16c0-8004-686e";"286201";"86";"38";"miasto";"stały";"Zespół Szkół Mechaniczno-Energetycznych im. T. Kościuszki, al. Marszałka Józefa Piłsudskiego 61, 10-449 Olsztyn";"m. Olsztyn";"Olsztyn";"warmińsko-mazurskie";"1302";"1415";"320";"982";"1";"8";"0";"0";"0";"0";"0";"0";"0";"982";"0";"2";"980";"10";"2";"8";"0";"970";"26";"91";"268";"585"
"8b33-aaf9-7dc9-5bd2-0a96-e304-a426-c2e4";"286201";"86";"39";"miasto";"stały";"Izba Administracji Skarbowej w Olsztynie, al. Marszałka Józefa Piłsudskiego 59 A, 10-950 Olsztyn";"m. Olsztyn";"Olsztyn";"warmińsko-mazurskie";"942";"1021";"225";"717";"0";"8";"0";"0";"0";"0";"0";"0";"0";"716";"0";"0";"716";"16";"2";"14";"0";"700";"22";"78";"245";"355"
"c30f-f05f-9614-c524-f638-2273-9a83-55d4";"286201";"86";"40";"miasto";"stały";"Zespół Szkół Ogólnokształcących Nr 2 IV Liceum Ogólnokształcące im. M. Skłodowskiej-Curie, al. Marszałka Józefa Piłsudskiego 56, 10-450 Olsztyn";"m. Olsztyn";"Olsztyn";"warmińsko-mazurskie";"1330";"1475";"386";"944";"0";"8";"0";"0";"0";"0";"0";"0";"0";"944";"0";"0";"944";"13";"4";"9";"0";"931";"16";"91";"253";"571"
"589d-7ad0-8e1e-000f-0fdb-bd25-cfbb-d405";"286201";"86";"41";"miasto";"stały";"Szkoła Podstawowa Nr 2 im. Jarosława Dąbrowskiego hol (parter), ul. Żołnierska 39, 10-561 Olsztyn";"m. Olsztyn";"Olsztyn";"warmińsko-mazurskie";"1342";"1433";"403";"939";"2";"6";"0";"0";"0";"0";"0";"0";"0";"938";"0";"0";"938";"7";"3";"4";"0";"931";"22";"94";"255";"560"
"8050-6273-0bd6-d3a2-4177-8076-358e-5900";"286201";"86";"42";"miasto";"stały";"Szkoła Podstawowa Nr 2 im. Jarosława Dąbrowskiego stołówka (parter), ul. Żołnierska 39, 10-561 Olsztyn";"m. Olsztyn";"Olsztyn";"warmińsko-mazurskie";"1234";"1347";"354";"880";"0";"10";"1";"1";"0";"0";"0";"0";"1";"881";"1";"0";"881";"13";"3";"10";"0";"868";"21";"89";"237";"521"
"195b-db31-a38c-c4aa-eace-fead-e78b-6f7c";"286201";"86";"43";"miasto";"stały";"Przedszkole Miejskie Nr 38, ul. Żołnierska 24, 10-561 Olsztyn";"m. Olsztyn";"Olsztyn";"warmińsko-mazurskie";"1350";"1461";"394";"956";"1";"3";"0";"0";"0";"0";"0";"0";"0";"956";"0";"0";"956";"9";"3";"6";"0";"947";"42";"68";"246";"591"
"081d-0f64-5e5d-7bec-4bab-5178-7095-1f33";"286201";"86";"44";"miasto";"stały";"Zespół Szkół Gastronomiczno-Spożywczych, sala nr 1 (parter), ul. Żołnierska 49, 10-560 Olsztyn";"m. Olsztyn";"Olsztyn";"warmińsko-mazurskie";"1051";"1139";"315";"736";"0";"0";"0";"0";"0";"0";"0";"0";"0";"736";"0";"0";"736";"12";"2";"10";"0";"724";"19";"80";"203";"422"
"aa1f-23e3-c288-3d53-3ace-78db-b31b-5ec8";"286201";"86";"45";"miasto";"stały";"Szkoła Podstawowa Nr 22 im. M. Dąbrowskiej, ul. Żołnierska 26, 10-561 Olsztyn";"m. Olsztyn";"Olsztyn";"warmińsko-mazurskie";"1181";"1293";"323";"858";"1";"6";"0";"0";"0";"0";"0";"0";"0";"858";"0";"0";"858";"13";"0";"13";"0";"845";"37";"98";"220";"490"
"62d4-098e-3b25-67db-9875-89a5-a85f-824b";"286201";"86";"46";"miasto";"stały";"Przedszkole Miejskie Nr 17, ul. Wincentego Pstrowskiego 17a, 10-601 Olsztyn";"m. Olsztyn";"Olsztyn";"warmińsko-mazurskie";"1883";"2038";"515";"1370";"1";"11";"0";"0";"0";"0";"0";"0";"0";"1369";"0";"0";"1369";"32";"5";"27";"0";"1337";"38";"164";"408";"727"
"f9df-0531-fc46-2a9e-5364-7062-86a5-1bf1";"286201";"86";"47";"miasto";"stały";"Szkoła Podstawowa Nr 6 im. K. I. Gałczyńskiego, ul. Gdyńska 17, 10-608 Olsztyn";"m. Olsztyn";"Olsztyn";"warmińsko-mazurskie";"1651";"1787";"418";"1233";"2";"14";"0";"0";"0";"0";"0";"0";"0";"1233";"0";"0";"1233";"10";"1";"9";"0";"1223";"35";"116";"305";"767"
"54d5-7710-bd61-1388-8831-da74-b3b7-01df";"286201";"86";"48";"miasto";"stały";"Zespół Szkół Gastronomiczno-Spożywczych, sala nr 24 (parter), ul. Żołnierska 49, 10-560 Olsztyn";"m. Olsztyn";"Olsztyn";"warmińsko-mazurskie";"2052";"2273";"467";"1585";"4";"4";"0";"0";"0";"0";"0";"0";"0";"1585";"0";"0";"1585";"25";"17";"8";"0";"1560";"43";"167";"463";"887"
"127f-ec2d-07be-c13b-4f30-d5e3-8603-3fa4";"286201";"86";"49";"miasto";"stały";"Szkoła Podstawowa Nr 12, ul. Edwarda Turowskiego 3, 10-685 Olsztyn";"m. Olsztyn";"Olsztyn";"warmińsko-mazurskie";"1472";"1597";"377";"1095";"0";"5";"1";"1";"0";"0";"0";"0";"1";"1096";"1";"0";"1096";"22";"5";"17";"0";"1074";"31";"102";"253";"688"
"d770-e37d-e34f-5ea1-b787-eac4-34da-fdbc";"286201";"86";"50";"miasto";"stały";"Zespół Szkół Ogólnokształcących Nr 3, sala nr 12 (parter), ul. Melchiora Wańkowicza 1, 10-684 Olsztyn";"m. Olsztyn";"Olsztyn";"warmińsko-mazurskie";"2161";"2399";"521";"1640";"0";"11";"1";"1";"0";"0";"0";"0";"1";"1641";"1";"0";"1641";"20";"10";"10";"0";"1621";"61";"142";"464";"954"
"a2c2-7e57-b597-0bae-aa63-667e-0234-73ab";"286201";"86";"51";"miasto";"stały";"Przedszkole Miejskie Nr 32, ul. Stanisława Murzynowskiego 24, 10-684 Olsztyn";"m. Olsztyn";"Olsztyn";"warmińsko-mazurskie";"1438";"1555";"428";"1007";"1";"6";"0";"0";"0";"0";"0";"0";"0";"1013";"0";"0";"1013";"7";"2";"5";"0";"1006";"28";"87";"246";"645"
"21b8-f394-a12c-fb94-2b7a-956b-0539-f5f7";"286201";"86";"52";"miasto";"stały";"Spółdzielnia Mieszkaniowa ""Jaroty"", ul. Melchiora Wańkowicza 9, 10-684 Olsztyn";"m. Olsztyn";"Olsztyn";"warmińsko-mazurskie";"1752";"1908";"377";"1375";"2";"14";"0";"0";"0";"0";"0";"0";"0";"1375";"0";"0";"1375";"17";"4";"13";"0";"1358";"43";"124";"387";"804"
"aba9-29b5-7eb8-392f-a937-983f-9738-1966";"286201";"86";"53";"miasto";"stały";"Zespół Szkół Ogólnokształcących Nr 3, sala nr 40 (parter), ul. Melchiora Wańkowicza 1, 10-684 Olsztyn";"m. Olsztyn";"Olsztyn";"warmińsko-mazurskie";"1279";"1283";"365";"914";"3";"16";"0";"0";"0";"0";"0";"0";"0";"914";"0";"0";"914";"13";"3";"10";"0";"901";"14";"86";"224";"577"
"2649-41d7-dcd8-3f6e-b8e6-cee0-e875-63f0";"286201";"86";"54";"miasto";"stały";"Społeczny Zespół Przedszkolno-Szkolny 101 w Olsztynie, sala koralowa (parter), ul. Edwarda Mroza 25, 10-692 Olsztyn";"m. Olsztyn";"Olsztyn";"warmińsko-mazurskie";"2181";"2451";"388";"1793";"1";"12";"0";"0";"0";"0";"0";"0";"0";"1792";"0";"0";"1792";"24";"8";"16";"0";"1768";"71";"147";"459";"1091"
"67df-f0b8-7672-c814-b82e-04d7-b968-a5cb";"286201";"86";"55";"miasto";"stały";"Społeczny Zespół Przedszkolno-Szkolny 101 w Olsztynie, sala poziomkowa (parter), ul. Edwarda Mroza 25, 10-692 Olsztyn";"m. Olsztyn";"Olsztyn";"warmińsko-mazurskie";"1562";"1852";"222";"1338";"1";"8";"0";"0";"0";"0";"0";"0";"0";"1340";"0";"0";"1340";"8";"4";"4";"0";"1332";"34";"130";"398";"770"
"4dc7-837b-ecb7-aa73-51e0-e662-3256-253e";"286201";"86";"56";"miasto";"stały";"Miejska Biblioteka Publiczna Filia Nr 6, biblioteka dla dorosłych (parter), ul. Jarocka 65, 10-699 Olsztyn";"m. Olsztyn";"Olsztyn";"warmińsko-mazurskie";"1240";"1423";"230";"1010";"0";"23";"0";"0";"0";"0";"0";"0";"0";"1010";"0";"0";"1010";"12";"2";"10";"0";"998";"25";"76";"303";"594"
"807e-476c-8570-bb40-d162-77f4-8040-20d3";"286201";"86";"57";"miasto";"stały";"Miejska Biblioteka Publiczna Filia Nr 6, biblioteka dla dzieci (parter), ul. Jarocka 65, 10-699 Olsztyn";"m. Olsztyn";"Olsztyn";"warmińsko-mazurskie";"1370";"1531";"254";"1116";"2";"0";"0";"0";"0";"0";"0";"0";"0";"1116";"0";"1";"1115";"13";"3";"10";"0";"1102";"31";"74";"399";"598"
"8959-6224-b8e8-cec6-3402-fbcd-6b3c-64dd";"286201";"86";"58";"miasto";"stały";"Spółdzielnia Mieszkaniowa „Kormoran”, ul. Rotmistrza Witolda Pileckiego 2, 10-693 Olsztyn";"m. Olsztyn";"Olsztyn";"warmińsko-mazurskie";"1117";"1231";"218";"899";"2";"5";"0";"0";"0";"0";"0";"0";"0";"899";"0";"3";"896";"7";"2";"5";"0";"889";"21";"92";"314";"462"
"dc72-6c0a-428b-4d97-a4d1-27f2-a87f-e8be";"286201";"86";"59";"miasto";"stały";"Przedszkole Miejskie Nr 5, sala kraina uśmiechu (parter), ul. Gen. Stanisława Maczka 11, 10-693 Olsztyn";"m. Olsztyn";"Olsztyn";"warmińsko-mazurskie";"1430";"1627";"200";"1230";"0";"20";"0";"0";"0";"0";"0";"0";"0";"1228";"0";"0";"1228";"14";"6";"8";"0";"1214";"36";"113";"372";"693"
"9bd6-9187-e53d-da3a-247e-e859-7049-d62a";"286201";"86";"60";"miasto";"stały";"Przedszkole Miejskie Nr 5, hol (I piętro), ul. Gen. Stanisława Maczka 11, 10-693 Olsztyn";"m. Olsztyn";"Olsztyn";"warmińsko-mazurskie";"1700";"1949";"209";"1491";"1";"7";"0";"0";"0";"0";"0";"0";"0";"1491";"0";"0";"1491";"20";"4";"16";"0";"1471";"34";"134";"451";"852"
"ee7f-b16d-325b-b0fd-ad94-6d68-b014-3eb8";"286201";"86";"61";"miasto";"stały";"Rada Osiedla „Generałów”, ul. Gen. Tadeusza Kutrzeby 9/„S”, 10-693 Olsztyn";"m. Olsztyn";"Olsztyn";"warmińsko-mazurskie";"1388";"1571";"347";"1040";"0";"5";"0";"0";"0";"0";"0";"0";"0";"1041";"0";"0";"1041";"12";"4";"8";"0";"1029";"35";"84";"283";"627"
"1868-7200-4ddc-ce98-cb6e-1418-5e26-7963";"286201";"86";"62";"miasto";"stały";"Szkoła Podstawowa Nr 30 im. M. Zientary-Malewskiej (stołówka-parter), ul. Pieczewska 10, 10-699 Olsztyn";"m. Olsztyn";"Olsztyn";"warmińsko-mazurskie";"729";"791";"169";"560";"0";"4";"0";"0";"0";"0";"0";"0";"0";"560";"0";"0";"560";"4";"1";"3";"0";"556";"15";"44";"159";"338"
"53e7-6234-31b2-a1b5-903b-0715-045e-e5f8";"286201";"86";"63";"miasto";"stały";"Szkoła Podstawowa Nr 30 im. M. Zientary-Malewskiej, sala C 102 (muzyka)-parter, ul. Pieczewska 10, 10-699 Olsztyn";"m. Olsztyn";"Olsztyn";"warmińsko-mazurskie";"1418";"1562";"285";"1132";"1";"5";"0";"0";"0";"0";"0";"0";"0";"1132";"0";"0";"1132";"18";"4";"14";"0";"1114";"38";"114";"299";"663"
"1db9-98c2-4e6a-a898-22d2-3232-9444-c2ad";"286201";"86";"64";"miasto";"stały";"Spółdzielnia Mieszkaniowa „Jaroty” Administracja Osiedla Jaroty, ul. Kazimierza Jaroszyka 14, 10-687 Olsztyn";"m. Olsztyn";"Olsztyn";"warmińsko-mazurskie";"1629";"1795";"362";"1267";"1";"7";"1";"1";"0";"0";"0";"0";"1";"1266";"1";"0";"1266";"19";"5";"14";"0";"1247";"34";"134";"346";"733"
"8131-ad8f-93c3-4ede-099f-ef2e-bd06-fadd";"286201";"86";"65";"miasto";"stały";"Spółdzielnia Mieszkaniowa „Jaroty” Administracja Osiedla Pieczewo, ul. Bolesława Jeziołowicza 11, 10-690 Olsztyn";"m. Olsztyn";"Olsztyn";"warmińsko-mazurskie";"1480";"1625";"385";"1095";"0";"5";"0";"0";"0";"0";"0";"0";"0";"1095";"0";"0";"1095";"17";"5";"12";"0";"1078";"26";"88";"271";"693"
"1a8f-8eb9-32d3-23c4-f4c3-0e59-d12d-b39e";"286201";"86";"66";"miasto";"stały";"Przedszkole Miejskie Nr 15 im. Wandy Chotomskiej, hol (parter), ul. Jana Boenigka 5, 10-686 Olsztyn";"m. Olsztyn";"Olsztyn";"warmińsko-mazurskie";"1530";"1667";"390";"1140";"2";"12";"0";"0";"0";"0";"0";"0";"0";"1140";"0";"0";"1140";"11";"2";"9";"0";"1129";"28";"109";"223";"769"
"d679-2540-4589-e366-b70c-d1ff-23d0-f2a3";"286201";"86";"67";"miasto";"stały";"Przedszkole Miejskie Nr 15 im. Wandy Chotomskiej, sala gimnastyczna (I piętro), ul. Jana Boenigka 5, 10-686 Olsztyn";"m. Olsztyn";"Olsztyn";"warmińsko-mazurskie";"1449";"1565";"349";"1100";"1";"2";"1";"0";"0";"0";"0";"0";"0";"1100";"0";"0";"1100";"13";"0";"13";"0";"1087";"30";"97";"268";"692"
"fb22-3b19-20a2-0041-cf3c-11b5-000b-4773";"286201";"86";"68";"miasto";"stały";"Szkoła Podstawowa Nr 33 im. Funduszu Narodów Zjednoczonych na Rzecz Dzieci UNICEF, sala nr 9 (parter), ul. Bolesława Jeziołowicza 2, 10-690 Olsztyn";"m. Olsztyn";"Olsztyn";"warmińsko-mazurskie";"1308";"1407";"348";"960";"0";"3";"0";"0";"0";"0";"0";"0";"0";"960";"0";"0";"960";"9";"2";"7";"0";"951";"24";"105";"199";"623"
"b008-5be5-1fe7-2ac5-ebe3-b04c-69b1-07dd";"286201";"86";"69";"miasto";"stały";"Szkoła Podstawowa Nr 33 im. Funduszu Narodów Zjednoczonych na Rzecz Dzieci UNICEF, sala nr 16 (parter), ul. Bolesława Jeziołowicza 2, 10-690 Olsztyn";"m. Olsztyn";"Olsztyn";"warmińsko-mazurskie";"1176";"1277";"285";"891";"0";"7";"0";"0";"0";"0";"0";"0";"0";"891";"0";"0";"891";"13";"9";"4";"0";"878";"23";"98";"236";"521"
"f8ea-ccd4-8a67-fd27-d4c3-b41f-9ad6-6c89";"286201";"86";"70";"miasto";"stały";"Szkoła Podstawowa Nr 34 im. Józefa Malewskiego, ul. Ernesta Wiecherta 14, 10-691 Olsztyn";"m. Olsztyn";"Olsztyn";"warmińsko-mazurskie";"1618";"1770";"361";"1257";"1";"3";"0";"0";"0";"0";"0";"0";"0";"1257";"0";"0";"1257";"28";"6";"22";"0";"1229";"32";"126";"320";"751"
"184c-3a0d-0f29-8645-85c4-2d2a-075b-a64d";"286201";"86";"71";"miasto";"stały";"AAI-Polska AIKIDO, ul. Immanuela Kanta 15A, 10-691 Olsztyn";"m. Olsztyn";"Olsztyn";"warmińsko-mazurskie";"2019";"2172";"448";"1571";"2";"14";"0";"0";"0";"0";"0";"0";"0";"1557";"0";"0";"1557";"13";"0";"13";"0";"1544";"41";"134";"483";"886"
"0bb7-08fe-5981-a404-7879-68a7-88cc-995d";"286201";"86";"72";"miasto";"stały";"Osiedlowy Dom Kultury S. M. „Jaroty”, Klub „Akant”, ul. Immanuela Kanta 11, 10-691 Olsztyn";"m. Olsztyn";"Olsztyn";"warmińsko-mazurskie";"1826";"2022";"404";"1422";"1";"16";"0";"0";"0";"0";"0";"0";"0";"1422";"0";"0";"1422";"12";"9";"3";"0";"1410";"33";"150";"353";"874"
"7896-075e-e527-f9ad-ed23-5fb1-5aa9-22e3";"286201";"86";"73";"miasto";"stały";"Poradnia Lekarza Rodzinnego Bogusława Solnica Podmiot Leczniczy Bogusława Solnica, ul. Balbiny Świtycz-Widackiej 3, 10-691 Olsztyn";"m. Olsztyn";"Olsztyn";"warmińsko-mazurskie";"1756";"1912";"327";"1427";"1";"14";"0";"0";"0";"0";"0";"0";"0";"1427";"0";"0";"1427";"20";"5";"15";"0";"1407";"24";"149";"380";"854"
"bfed-38a0-f90a-ec49-72e2-87ce-6823-6be9";"286201";"86";"74";"miasto";"stały";"Szkoła Podstawowa Nr 34, im. Józefa Malewskiego, ul. Johanna Gottfrieda Herdera 3, 10-691 Olsztyn";"m. Olsztyn";"Olsztyn";"warmińsko-mazurskie";"1965";"2173";"422";"1543";"0";"12";"0";"0";"0";"0";"0";"0";"0";"1543";"0";"0";"1543";"32";"6";"26";"0";"1511";"50";"142";"374";"945"
"3949-1faf-2b50-d27b-d681-da10-b5d1-4a73";"286201";"86";"75";"miasto";"stały";"Szkoła Podstawowa Nr 1 im. R. Knosały, sala nr 11 (parter), ul. Stanisława Moniuszki 10, 10-275 Olsztyn";"m. Olsztyn";"Olsztyn";"warmińsko-mazurskie";"1211";"1325";"456";"755";"5";"4";"0";"0";"0";"0";"0";"0";"0";"755";"0";"0";"755";"20";"11";"9";"0";"735";"19";"86";"170";"460"
"dc1e-e10e-3c4a-2b8f-94b6-bc9c-6fec-c561";"286201";"86";"76";"miasto";"stały";"Szkoła Podstawowa Nr 13 im. Komisji Edukacji Narodowej, ul. Aleksandra Puszkina 11, 10-295 Olsztyn";"m. Olsztyn";"Olsztyn";"warmińsko-mazurskie";"1783";"1955";"554";"1229";"3";"8";"0";"0";"0";"0";"0";"0";"0";"1229";"0";"0";"1229";"26";"5";"21";"0";"1203";"20";"105";"298";"780"
"4025-251b-e450-6b03-659c-60c6-9565-5612";"286201";"86";"77";"miasto";"stały";"Zespół Szkół Samochodowych im. A. M. Bocheńskiego, sala nr 111 (parter), al. Wojska Polskiego 17, 10-224 Olsztyn";"m. Olsztyn";"Olsztyn";"warmińsko-mazurskie";"1322";"1430";"538";"784";"0";"11";"0";"0";"0";"0";"0";"0";"0";"784";"0";"0";"784";"9";"0";"9";"0";"775";"19";"91";"149";"516"
"c8b0-9506-b82c-285a-ea35-f0c5-cbe7-f90d";"286201";"86";"78";"miasto";"stały";"Zespół Szkół Samochodowych im. A. M. Bocheńskiego, sala nr 102 (parter), al. Wojska Polskiego 17, 10-224 Olsztyn";"m. Olsztyn";"Olsztyn";"warmińsko-mazurskie";"1740";"1906";"569";"1171";"2";"6";"0";"0";"0";"0";"0";"0";"0";"1171";"0";"0";"1171";"14";"8";"6";"0";"1157";"25";"106";"309";"717"
"f7e3-3d43-98c3-d632-2a8a-c056-17de-6267";"286201";"86";"79";"miasto";"stały";"Szkoła Podstawowa Nr 11 im. Hieronima Skurpskiego, ul. Jagiellońska 8, 10-271 Olsztyn";"m. Olsztyn";"Olsztyn";"warmińsko-mazurskie";"1781";"1935";"704";"1077";"2";"10";"1";"1";"0";"0";"0";"0";"1";"1078";"1";"0";"1078";"15";"2";"13";"0";"1063";"32";"115";"255";"661"
"8fb5-c0aa-8dda-d866-f9f3-44ac-4502-9461";"286201";"86";"80";"miasto";"stały";"Centrum Edukacji i Inicjatyw Kulturalnych, ul. Parkowa 1, 10-233 Olsztyn";"m. Olsztyn";"Olsztyn";"warmińsko-mazurskie";"1000";"972";"406";"594";"2";"6";"0";"0";"0";"0";"0";"0";"0";"594";"0";"0";"594";"7";"2";"5";"0";"587";"7";"46";"176";"358"
"bafa-ef35-94da-0c5c-a765-297a-eae6-cbc2";"286201";"86";"81";"miasto";"stały";"Centrum Edukacji „Oskar” Przedszkole „Patryk”, ul. Wiśniowa 11, 10-321 Olsztyn";"m. Olsztyn";"Olsztyn";"warmińsko-mazurskie";"938";"1020";"273";"665";"0";"8";"0";"0";"0";"0";"0";"0";"0";"665";"0";"0";"665";"9";"3";"6";"0";"656";"25";"73";"152";"406"
"11db-6618-898a-4993-7bf2-ca56-8130-02e5";"286201";"86";"82";"miasto";"stały";"Szkoła Podstawowa Nr 1 im. R. Knosały, sala nr 8 (parter), ul. Stanisława Moniuszki 10, 10-275 Olsztyn";"m. Olsztyn";"Olsztyn";"warmińsko-mazurskie";"1732";"1851";"640";"1092";"1";"3";"1";"1";"0";"0";"0";"0";"1";"1093";"1";"0";"1093";"10";"1";"9";"0";"1083";"25";"114";"250";"694"
"fff9-b8f5-af14-4007-c807-1d35-cbef-23d9";"286201";"86";"83";"miasto";"stały";"Szkoła Podstawowa Nr 9, hol (parter), ul. Ludwika Zamenhofa 14, 10-280 Olsztyn";"m. Olsztyn";"Olsztyn";"warmińsko-mazurskie";"1949";"2156";"660";"1289";"1";"17";"0";"0";"0";"0";"0";"0";"0";"1289";"0";"0";"1289";"20";"6";"14";"0";"1269";"28";"143";"295";"803"
"5d10-0fa9-e802-9486-e1c8-28fe-afd6-7624";"286201";"86";"84";"miasto";"stały";"Szkoła Podstawowa Nr 9, sala gimnastyczna (parter), ul. Ludwika Zamenhofa 14, 10-280 Olsztyn";"m. Olsztyn";"Olsztyn";"warmińsko-mazurskie";"2150";"2320";"545";"1605";"0";"6";"0";"0";"0";"0";"0";"0";"0";"1605";"0";"0";"1605";"24";"5";"19";"0";"1581";"40";"142";"429";"970"
"7183-10f7-63ef-a1f0-4059-8ec2-1f0f-72e6";"286201";"86";"85";"miasto";"stały";"Szkoła Podstawowa Nr 5, im. Sybiraków, al. Sybiraków 3A, 10-256 Olsztyn";"m. Olsztyn";"Olsztyn";"warmińsko-mazurskie";"1259";"1378";"452";"807";"2";"9";"0";"0";"0";"0";"0";"0";"0";"807";"0";"0";"807";"14";"4";"10";"0";"793";"22";"87";"191";"493"
"3d1f-6688-b906-b6c6-eafb-1c7d-4a4d-7849";"286201";"86";"86";"miasto";"stały";"III Liceum Ogólnokształcące im. M. Kopernika, al. Sybiraków 3, 10-256 Olsztyn";"m. Olsztyn";"Olsztyn";"warmińsko-mazurskie";"908";"958";"295";"613";"3";"12";"0";"0";"0";"0";"0";"0";"0";"613";"0";"0";"613";"10";"2";"8";"0";"603";"16";"76";"113";"398"
"69ad-449e-ed5e-80f0-1d99-2862-4fd6-66c0";"286201";"86";"87";"miasto";"stały";"Zespół Szkół Elektronicznych i Telekomunikacyjnych (bursa szkolna), Bałtycka 37A, 10-144 Olsztyn";"m. Olsztyn";"Olsztyn";"warmińsko-mazurskie";"1068";"1144";"285";"783";"0";"10";"0";"0";"0";"0";"0";"0";"0";"783";"0";"0";"783";"9";"2";"7";"0";"774";"15";"88";"206";"465"
"6064-2f19-1bde-e7c0-07da-382b-2199-d814";"286201";"86";"88";"miasto";"zakład leczniczy";"Miejski Szpital Zespolony w Olsztynie, ul. Niepodległości 44, 10-045 Olsztyn";"m. Olsztyn";"Olsztyn";"warmińsko-mazurskie";"171";"176";"119";"52";"0";"0";"0";"0";"0";"0";"0";"0";"0";"52";"0";"0";"52";"1";"0";"1";"0";"51";"2";"12";"16";"21"
"c1a4-3c5b-4946-afcf-6f09-d171-11d4-92b4";"286201";"86";"89";"miasto";"zakład leczniczy";"Miejski Szpital Zespolony w Olsztynie, al. Wojska Polskiego 30, 10-226 Olsztyn";"m. Olsztyn";"Olsztyn";"warmińsko-mazurskie";"50";"59";"36";"14";"0";"5";"0";"0";"0";"0";"0";"0";"0";"14";"0";"0";"14";"1";"0";"1";"0";"13";"0";"2";"5";"6"
"baa4-712c-96c6-8d83-e5b4-e899-0c7d-a2cf";"286201";"86";"90";"miasto";"zakład leczniczy";"Wojewódzki Szpital Specjalistyczny w Olsztynie, ul. Żołnierska 18, 10-561 Olsztyn";"m. Olsztyn";"Olsztyn";"warmińsko-mazurskie";"250";"273";"174";"76";"0";"10";"0";"0";"0";"0";"0";"0";"0";"76";"0";"0";"76";"4";"0";"4";"0";"72";"2";"12";"23";"35"
"0eee-955e-2721-30a2-daa3-627d-d338-e5cf";"286201";"86";"91";"miasto";"zakład leczniczy";"Wojewódzki Zespół Lecznictwa Psychiatrycznego w Olsztynie, al. Wojska Polskiego 35, 10-228 Olsztyn";"m. Olsztyn";"Olsztyn";"warmińsko-mazurskie";"250";"248";"191";"59";"0";"2";"0";"0";"0";"0";"0";"0";"0";"59";"0";"0";"59";"6";"2";"4";"0";"53";"5";"4";"11";"33"
"79fe-c80c-2941-72ed-efbb-41df-85f7-7ac5";"286201";"86";"92";"miasto";"zakład leczniczy";"Samodzielny Publiczny Zakład Opieki Zdrowotnej Ministerstwa Spraw Wewnętrznych i Administracji z Warmińsko-Mazurskim Centrum Onkologii w Olsztynie, al. Wojska Polskiego 37, 10-228 Olsztyn";"m. Olsztyn";"Olsztyn";"warmińsko-mazurskie";"188";"158";"107";"81";"0";"0";"0";"0";"0";"0";"0";"0";"0";"81";"0";"0";"81";"3";"0";"3";"0";"78";"2";"10";"17";"49"
"46be-64de-6e59-8c26-e9f2-0cf2-824d-5911";"286201";"86";"93";"miasto";"zakład leczniczy";"Samodzielny Publiczny Zespół Gruźlicy i Chorób Płuc w Olsztynie, ul. Jagiellońska 78, 10-357 Olsztyn";"m. Olsztyn";"Olsztyn";"warmińsko-mazurskie";"140";"123";"62";"78";"0";"0";"0";"0";"0";"0";"0";"0";"0";"78";"0";"0";"78";"3";"0";"3";"0";"75";"4";"10";"11";"50"
"685b-d240-8a0e-0324-6cb4-3f6a-7417-ebab";"286201";"86";"94";"miasto";"zakład leczniczy";"Uniwersytecki Szpital Kliniczny w Olsztynie, al. Warszawska 30, 10-082 Olsztyn";"m. Olsztyn";"Olsztyn";"warmińsko-mazurskie";"91";"71";"57";"34";"0";"3";"0";"0";"0";"0";"0";"0";"0";"34";"0";"0";"34";"1";"0";"1";"0";"33";"1";"4";"12";"16"
"17f1-5139-3e40-043e-10a4-1f2e-85c8-13b9";"286201";"86";"95";"miasto";"dom pomocy społecznej";"Niepubliczny Zakład Opieki Zdrowotnej Ośrodek Mieszkalno-Rehabilitacyjny Polski Związek Niewidomych w Olsztynie, ul. Paukszty 57, 10-685 Olsztyn";"m. Olsztyn";"Olsztyn";"warmińsko-mazurskie";"211";"192";"121";"90";"0";"0";"0";"0";"0";"0";"0";"0";"0";"90";"0";"0";"90";"3";"0";"3";"0";"87";"3";"20";"15";"49"
"70d0-e272-d347-96b9-1652-94a1-b3eb-c4bb";"286201";"86";"96";"miasto";"dom pomocy społecznej";"Dom Pomocy Społecznej „Kombatant” w Olsztynie, ul. Juliana Fałata 23K, 10-211 Olsztyn";"m. Olsztyn";"Olsztyn";"warmińsko-mazurskie";"149";"124";"95";"54";"0";"0";"0";"0";"0";"0";"0";"0";"0";"54";"0";"0";"54";"2";"0";"2";"0";"52";"3";"8";"6";"35"
"8d30-0641-47b4-e5c8-3785-fd44-f981-7fd6";"286201";"86";"97";"miasto";"dom pomocy społecznej";"Dom Pomocy Społecznej i Dom Opieki „Laurentius” w Olsztynie, ul. Hozjusza 19, 11-041 Olsztyn";"m. Olsztyn";"Olsztyn";"warmińsko-mazurskie";"110";"88";"83";"27";"0";"0";"0";"0";"0";"0";"0";"0";"0";"27";"0";"0";"27";"7";"1";"6";"0";"20";"3";"3";"6";"8"
"df6a-7e0d-217d-b0a5-3996-37ed-8ca3-a884";"286201";"86";"98";"miasto";"dom pomocy społecznej";"Dom Pomocy Społecznej w Olsztynie, ul. Bałtycka 37a, 10-144 Olsztyn";"m. Olsztyn";"Olsztyn";"warmińsko-mazurskie";"50";"35";"36";"14";"0";"0";"0";"0";"0";"0";"0";"0";"0";"14";"0";"0";"14";"2";"1";"1";"0";"12";"2";"2";"0";"8"
"66af-e7e3-8d06-1004-1e86-ba22-7f0a-efb1";"286201";"86";"99";"miasto";"dom pomocy społecznej";"Dom Pomocy Społecznej „BARKA” w Olsztynie, ul. Jacka Kuronia 5, 10-165 Olsztyn";"m. Olsztyn";"Olsztyn";"warmińsko-mazurskie";"80";"63";"65";"15";"0";"0";"0";"0";"0";"0";"0";"0";"0";"15";"0";"0";"15";"2";"0";"2";"0";"13";"0";"5";"2";"6"
"561e-caac-3a4c-1d2f-9e6d-1b58-bd9c-113f";"286201";"86";"100";"miasto";"areszt śledczy";"Areszt Śledczy w Olsztynie, al. Marszałka Józefa Piłsudskiego 3, 10-575 Olsztyn";"m. Olsztyn";"Olsztyn";"warmińsko-mazurskie";"180";"128";"89";"91";"0";"0";"0";"0";"0";"0";"0";"0";"0";"91";"0";"0";"91";"3";"1";"2";"0";"88";"10";"7";"34";"37"
"7368-d4b5-291b-8246-1c3d-fb67-238d-ceae";"286201";"86";"101";"miasto";"oddział zewnętrzny aresztu śledczego";"Oddział Zewnętrzny Aresztu Śledczego w Olsztynie, ul. Opolska 42, 10-626 Olsztyn";"m. Olsztyn";"Olsztyn";"warmińsko-mazurskie";"318";"276";"191";"127";"0";"0";"0";"0";"0";"0";"0";"0";"0";"127";"0";"0";"127";"4";"0";"4";"0";"123";"12";"14";"17";"80"
"b574-ef0c-44dc-4cbc-08bd-3c08-96d5-3134";"";"44";"89";"zagranica";"zagranica";"Al Asad Air Base (AAAB), Al Asad, Republika Iraku";"";"";"";"-";"-";"-";"-";"-";"-";"-";"-";"-";"-";"-";"-";"-";"-";"-";"-";"-";"-";"-";"-";"-";"-";"-";"-";"-";"-"
"8a16-233c-3cec-586f-4c5b-9e39-863f-1b4c";"";"44";"87";"zagranica";"zagranica";"Irbil, Agencja Konsularna RP Junction of Texas and Hawaii Street, 250, American Village, Khanzad, Irbil, Irbil, Republika Iraku";"";"";"";"-";"-";"-";"-";"-";"-";"-";"-";"-";"-";"-";"-";"-";"-";"-";"-";"-";"-";"-";"-";"-";"-";"-";"-";"-";"-"
"baef-dd2d-5baa-ead8-92bb-be2c-9a51-a1e2";"";"44";"119";"zagranica";"zagranica";"Novo Selo, Camp Maréshal de Lattre de Tassigny Novo Selo/Maxhunaj, Novo Selo/Maxhunaj, Republika Kosowa";"";"";"";"-";"-";"-";"-";"-";"-";"-";"-";"-";"-";"-";"-";"-";"-";"-";"-";"-";"-";"-";"-";"-";"-";"-";"-";"-";"-"
"36ff-c714-1fd9-06a0-b9e4-4cb3-2031-a154";"";"44";"186";"zagranica";"zagranica";"Krajowa, Cercul Militar Craiova Strada Marin Sorescu nr 2 200642 Craiova, Craiova, Rumunia";"";"";"";"-";"-";"-";"-";"-";"-";"-";"-";"-";"-";"-";"-";"-";"-";"-";"-";"-";"-";"-";"-";"-";"-";"-";"-";"-";"-"
"77ff-e659-096f-60b8-dd11-2683-a7fa-42a7";"";"44";"1";"zagranica";"zagranica";"Airfield Building 13982 Disney&California Loop (South), APO AE09354, Bagram, Islamska Republika Afganistanu";"";"";"";"-";"-";"-";"-";"-";"-";"-";"-";"-";"-";"-";"-";"-";"-";"-";"-";"-";"-";"-";"-";"-";"-";"-";"-";"-";"-"
"fa31-6795-b9fb-c775-0559-2e68-10de-652d";"";"44";"88";"zagranica";"zagranica";"At-Taji, Camp Taji Joint Operations Base in Taji, At-Taji, Republika Iraku";"";"";"";"-";"-";"-";"-";"-";"-";"-";"-";"-";"-";"-";"-";"-";"-";"-";"-";"-";"-";"-";"-";"-";"-";"-";"-";"-";"-"
