"Symbol kontrolny";"Kod TERYT";"Okręg";"Numer";"Typ obszaru";"Typ obwodu";"Siedziba";"Gmina";"Powiat";"Województwo";"Komisja otrzymała kart do głosowania";"Liczba wyborców uprawnionych do głosowania";"Nie wykorzystano kart do głosowania";"Liczba wyborców, którym wydano karty do głosowania";"Liczba wyborców głosujących przez pełnomocnika";"Liczba wyborców głosujących na podstawie zaświadczenia o prawie do głosowania";"Liczba wyborców, którym wysłano pakiety wyborcze";"Liczba otrzymanych kopert zwrotnych";"Liczba kopert zwrotnych, w których nie było oświadczenia o osobistym i tajnym oddaniu głosu";"Liczba kopert zwrotnych, w których oświadczenie nie było podpisane";"Liczba kopert zwrotnych, w których nie było koperty na kartę do głosowania";"Liczba kopert zwrotnych, w których znajdowała się niezaklejona koperta na kartę do głosowania";"Liczba kopert na kartę do głosowania wrzuconych do urny";"Liczba kart wyjętych z urny";"W tym liczba kart wyjętych z kopert na kartę do głosowania";"Liczba kart nieważnych";"Liczba kart ważnych";"Liczba głosów nieważnych";"W tym z powodu postawienia znaku „X” obok nazwiska dwóch lub większej liczby kandydatów";"W tym z powodu niepostawienia znaku „X” obok nazwiska żadnego kandydata";"W tym z powodu postawienia znaku „X” wyłącznie obok skreślonego nazwiska kandydata";"Liczba głosów ważnych oddanych łącznie na wszystkich kandydatów";"Jan DOBRZYŃSKI";"Mariusz Krzysztof GROMKO";"Wanda JANKOWSKA";"Zbigniew NIKITOROWICZ"
"3a45-849b-91f8-84c7-706f-9438-9356-9313";"200201";"60";"1";"miasto";"stały";"Zespół Szkół w Choroszczy, ul. Powstania Styczniowego 26A, 16-070 Choroszcz";"gm. Choroszcz";"białostocki";"podlaskie";"2019";"2196";"583";"1436";"0";"10";"0";"0";"0";"0";"0";"0";"0";"1436";"0";"0";"1436";"17";"5";"12";"0";"1419";"133";"637";"313";"336"
"dc52-00ad-e642-71eb-6f31-4eb2-af7b-a678";"200201";"60";"2";"miasto";"stały";"Świetlica Miejko-Gminnego Centrum Kultury i Sportu w Choroszczy, ul. Henryka Sienkiewicza 29, 16-070 Choroszcz";"gm. Choroszcz";"białostocki";"podlaskie";"1509";"1676";"466";"1043";"2";"7";"0";"0";"0";"0";"0";"0";"0";"1042";"0";"0";"1042";"25";"3";"22";"0";"1017";"78";"500";"183";"256"
"bb3d-2a1f-46d3-6ca5-ba68-baa0-b6e8-6b25";"200201";"60";"3";"wieś";"stały";"Remiza OSP w Złotorii, Złotoria 50, 16-070 Choroszcz";"gm. Choroszcz";"białostocki";"podlaskie";"670";"750";"185";"485";"1";"2";"0";"0";"0";"0";"0";"0";"0";"485";"0";"0";"485";"4";"4";"0";"0";"481";"43";"350";"49";"39"
"4004-4fe8-b860-e57e-9a8b-0df2-d09d-4c12";"200201";"60";"4";"wieś";"stały";"Świetlica wiejska w Rogowie, Rogowo 64, 16-070 Choroszcz";"gm. Choroszcz";"białostocki";"podlaskie";"670";"747";"266";"404";"0";"5";"0";"0";"0";"0";"0";"0";"0";"404";"0";"0";"404";"8";"0";"8";"0";"396";"33";"238";"54";"71"
"031d-a82d-d163-b0e0-1cf0-f300-0c69-7410";"200201";"60";"5";"wieś";"stały";"Świetlica wiejska w Izbiszczach, Izbiszcze 53, 16-070 Choroszcz";"gm. Choroszcz";"białostocki";"podlaskie";"559";"617";"241";"318";"0";"2";"0";"0";"0";"0";"0";"0";"0";"318";"0";"0";"318";"4";"1";"3";"0";"314";"32";"202";"41";"39"
"6f24-ab7a-3856-b15f-fba9-616e-f2b7-2db7";"200201";"60";"6";"wieś";"stały";"Świetlica wiejska w Barszczewie, Barszczewo 42, 16-070 Choroszcz";"gm. Choroszcz";"białostocki";"podlaskie";"1774";"1979";"487";"1287";"0";"4";"1";"1";"0";"0";"0";"0";"1";"1288";"1";"0";"1288";"19";"6";"13";"0";"1269";"121";"496";"175";"477"
"c253-657a-000c-cf04-8a32-aff5-e77a-276a";"200201";"60";"7";"wieś";"stały";"Remiza OSP w Klepaczach, Klepacze ul. Niewodnicka 19, 15-635 Białystok";"gm. Choroszcz";"białostocki";"podlaskie";"1334";"1496";"273";"1061";"0";"4";"0";"0";"0";"0";"0";"0";"0";"1060";"0";"0";"1060";"19";"11";"8";"0";"1041";"114";"469";"114";"344"
"7ba9-d28d-1979-a51d-6336-cce9-a768-99db";"200201";"60";"8";"wieś";"stały";"Świetlica wiejska w Łyskach, Łyski ul. Białostocka 89, 16-070 Choroszcz";"gm. Choroszcz";"białostocki";"podlaskie";"1078";"1234";"251";"827";"0";"5";"0";"0";"0";"0";"0";"0";"0";"827";"0";"0";"827";"14";"8";"6";"0";"813";"73";"295";"146";"299"
"6cde-1f04-b977-3691-4fe3-a7e6-dd12-dbd6";"200201";"60";"9";"miasto";"stały";"Remiza OSP w Choroszczy, ul. Dominikańska 22, 16-070 Choroszcz";"gm. Choroszcz";"białostocki";"podlaskie";"908";"1002";"259";"648";"3";"5";"0";"0";"0";"0";"0";"0";"0";"649";"0";"0";"649";"11";"3";"8";"0";"638";"49";"300";"127";"162"
"b27a-8a9f-eb93-9ef6-bbf8-ccd0-5873-a50c";"200201";"60";"10";"miasto";"dom pomocy społecznej";"Dom Pomocy Społecznej w Choroszczy, ul. Aleja Niepodległości 4, 16-070 Choroszcz";"gm. Choroszcz";"białostocki";"podlaskie";"286";"211";"222";"64";"0";"0";"0";"0";"0";"0";"0";"0";"0";"64";"0";"0";"64";"10";"3";"7";"0";"54";"14";"31";"2";"7"
"f6b8-5676-50f9-0be2-45b3-97c8-511f-d275";"200201";"60";"11";"miasto";"zakład leczniczy";"Samodzielny Publiczny Psychiatryczny Zakład Opieki Zdrowotnej w Choroszczy, ul. Plac Brodowicza 1, 16-070 Choroszcz";"gm. Choroszcz";"białostocki";"podlaskie";"858";"797";"641";"217";"0";"0";"0";"0";"0";"0";"0";"0";"0";"217";"0";"0";"217";"7";"1";"6";"0";"210";"28";"111";"24";"47"
"a472-ca2f-64c3-b385-68dc-056b-3000-1b77";"200202";"60";"1";"miasto";"stały";"Szkoła Podstawowa Nr 1, ul. B. Prusa 1, 16-020 Czarna Białostocka";"gm. Czarna Białostocka";"białostocki";"podlaskie";"1767";"1918";"743";"1024";"6";"2";"0";"0";"0";"0";"0";"0";"0";"1024";"0";"0";"1024";"26";"13";"13";"0";"998";"127";"459";"84";"328"
"f49d-b017-0f4a-2f01-2037-8abc-bf9b-d76a";"200202";"60";"2";"miasto";"stały";"Zespół Szkół, ul. H. Sienkiewicza 7, 16-020 Czarna Białostocka";"gm. Czarna Białostocka";"białostocki";"podlaskie";"1602";"1716";"571";"1031";"2";"2";"0";"0";"0";"0";"0";"0";"0";"1031";"0";"0";"1031";"12";"4";"8";"0";"1019";"132";"494";"62";"331"
"d8e0-2404-648a-053b-6290-cdd0-74b7-7d3a";"200202";"60";"3";"miasto";"stały";"Szkoła Podstawowa Nr 2, ul. R. Traugutta 28, 16-020 Czarna Białostocka";"gm. Czarna Białostocka";"białostocki";"podlaskie";"1360";"1449";"491";"869";"2";"1";"0";"0";"0";"0";"0";"0";"0";"869";"0";"0";"869";"16";"15";"1";"0";"853";"99";"396";"86";"272"
"db22-7579-c761-aa85-f1f2-0674-3145-e06f";"200202";"60";"4";"miasto";"stały";"Dom Kultury, ul. Kościelna 8, 16-020 Czarna Białostocka";"gm. Czarna Białostocka";"białostocki";"podlaskie";"1216";"1323";"490";"726";"1";"2";"0";"0";"0";"0";"0";"0";"0";"726";"0";"0";"726";"15";"6";"9";"0";"711";"78";"348";"87";"198"
"545e-ccf7-a960-9158-91a6-4766-c734-5535";"200202";"60";"5";"wieś";"stały";"Wiejski Dom Kultury, Czarna Wieś Kościelna ul. Wesoła 26, 16-020 Czarna Białostocka";"gm. Czarna Białostocka";"białostocki";"podlaskie";"1029";"1127";"379";"650";"2";"1";"0";"0";"0";"0";"0";"0";"0";"650";"0";"0";"650";"10";"2";"8";"0";"640";"52";"345";"60";"183"
"a059-7964-16e6-381a-e0a8-0109-ab6c-ecad";"200202";"60";"6";"wieś";"stały";"Centrum Rękodzieła Ludowego, Niemczyn 42, 16-020 Czarna Białostocka";"gm. Czarna Białostocka";"białostocki";"podlaskie";"390";"436";"166";"224";"0";"4";"0";"0";"0";"0";"0";"0";"0";"224";"0";"0";"224";"4";"0";"4";"0";"220";"28";"138";"13";"41"
"aba6-de07-4921-491f-6003-2b80-ed59-55ab";"200202";"60";"7";"miasto";"stały";"Budynek Przychodni, ul. Torowa 1, 16-020 Czarna Białostocka";"gm. Czarna Białostocka";"białostocki";"podlaskie";"720";"785";"244";"476";"2";"3";"0";"0";"0";"0";"0";"0";"0";"476";"0";"0";"476";"7";"2";"5";"0";"469";"40";"243";"59";"127"
"67ec-e53d-01fd-7562-d419-c6c0-a3b2-1121";"200203";"60";"1";"wieś";"stały";"Wiejski Dom Kultury w Nowym Aleksandrowie, Nowe Aleksandrowo ul. Pogodna 109, 16-002 Dobrzyniewo Duże";"gm. Dobrzyniewo Duże";"białostocki";"podlaskie";"1894";"2094";"576";"1318";"0";"0";"0";"0";"0";"0";"0";"0";"0";"1318";"0";"0";"1318";"18";"6";"12";"0";"1300";"199";"638";"115";"348"
"e7e7-458b-5611-31ae-30a8-a7a6-099d-e3b9";"200203";"60";"2";"wieś";"stały";"Gminne Centrum Kultury, ul. Lipowa 71, 16-002 Dobrzyniewo Duże";"gm. Dobrzyniewo Duże";"białostocki";"podlaskie";"1129";"1248";"327";"802";"0";"5";"0";"0";"0";"0";"0";"0";"0";"802";"0";"0";"802";"13";"1";"12";"0";"789";"98";"376";"99";"216"
"722b-82aa-11c3-60f2-45c2-3d10-5d65-4329";"200203";"60";"3";"wieś";"stały";"Wiejski Dom Kulturyw Kozińcach, Kozińce 9, 16-002 Dobrzyniewo Duże";"gm. Dobrzyniewo Duże";"białostocki";"podlaskie";"1509";"1628";"598";"911";"1";"2";"0";"0";"0";"0";"0";"0";"0";"911";"0";"0";"911";"12";"2";"10";"0";"899";"164";"478";"83";"174"
"16b3-34b8-f21d-eb13-1aec-85ef-2be5-c4b4";"200203";"60";"4";"wieś";"stały";"Wiejski Dom Kultury w Pogorzałkach, Pogorzałki 153, 16-002 Dobrzyniewo Duże";"gm. Dobrzyniewo Duże";"białostocki";"podlaskie";"920";"1012";"421";"499";"0";"11";"0";"0";"0";"0";"0";"0";"0";"499";"0";"0";"499";"4";"2";"2";"0";"495";"68";"281";"54";"92"
"514a-4115-420c-3c06-8023-af71-d16a-8443";"200203";"60";"5";"wieś";"stały";"Zespół Szkolno-Przedszkolny, Fasty ul. Białostocka 5, 15-694 Białystok";"gm. Dobrzyniewo Duże";"białostocki";"podlaskie";"1220";"1333";"332";"888";"1";"3";"0";"0";"0";"0";"0";"0";"0";"888";"0";"0";"888";"18";"5";"13";"0";"870";"95";"340";"107";"328"
"1cf2-30c0-52b3-7590-2d96-9219-d714-7882";"200204";"60";"1";"wieś";"stały";"Gminne Centrum Kultury w Gródku, ul. Chodkiewiczów 4, 16-040 Gródek";"gm. Gródek";"białostocki";"podlaskie";"720";"791";"281";"439";"2";"7";"0";"0";"0";"0";"0";"0";"0";"439";"0";"0";"439";"10";"2";"8";"0";"429";"45";"84";"32";"268"
"1964-a9cb-582c-3a90-0aaf-05a7-2486-0991";"200204";"60";"2";"wieś";"stały";"Szkoła Podstawowa w Gródku, ul. Chodkiewiczów 18, 16-040 Gródek";"gm. Gródek";"białostocki";"podlaskie";"722";"791";"283";"439";"1";"6";"0";"0";"0";"0";"0";"0";"0";"439";"0";"0";"439";"7";"3";"4";"0";"432";"61";"101";"48";"222"
"4d43-784f-41ae-20f0-ca6d-d1fe-af20-6b09";"200204";"60";"3";"wieś";"stały";"Szkoła Podstawowa w Gródku, ul. Chodkiewiczów 18, 16-040 Gródek";"gm. Gródek";"białostocki";"podlaskie";"673";"741";"313";"360";"3";"8";"0";"0";"0";"0";"0";"0";"0";"360";"0";"0";"360";"5";"3";"2";"0";"355";"50";"82";"40";"183"
"f892-1c83-38c9-6ffe-bd30-3704-bbe7-d270";"200204";"60";"4";"wieś";"stały";"Świetlica w Słuczance, Słuczanka 22, 16-040 Gródek";"gm. Gródek";"białostocki";"podlaskie";"342";"356";"200";"142";"2";"1";"0";"0";"0";"0";"0";"0";"0";"142";"0";"0";"142";"2";"0";"2";"0";"140";"15";"35";"24";"66"
"20a6-2efa-d088-9dc1-4a83-3357-7d27-e4e8";"200204";"60";"5";"wieś";"stały";"BOBREX w Bobrownikach, Bobrowniki 80, 16-040 Gródek";"gm. Gródek";"białostocki";"podlaskie";"170";"192";"118";"52";"0";"0";"0";"0";"0";"0";"0";"0";"0";"52";"0";"0";"52";"1";"0";"1";"0";"51";"3";"16";"5";"27"
"3923-f10e-d144-c421-6370-2c6f-c4ac-59e6";"200204";"60";"6";"wieś";"stały";"Świetlica w Podozieranach, Podozierany 37, 16-040 Gródek";"gm. Gródek";"białostocki";"podlaskie";"171";"194";"101";"70";"0";"1";"0";"0";"0";"0";"0";"0";"0";"70";"0";"0";"70";"4";"0";"4";"0";"66";"8";"36";"10";"12"
"a8ca-f091-9abf-4124-1ca9-852b-ce1a-8d2d";"200204";"60";"7";"wieś";"stały";"Rolnicza Spółdzielnia Produkcyjna w Zubrach, Zubry 76, 16-040 Gródek";"gm. Gródek";"białostocki";"podlaskie";"191";"211";"106";"85";"0";"4";"0";"0";"0";"0";"0";"0";"0";"85";"0";"0";"85";"0";"0";"0";"0";"85";"7";"30";"9";"39"
"61d3-c8a5-c6c6-1dca-77e1-e9e4-8b78-0947";"200204";"60";"8";"wieś";"stały";"Nadleśnictwo Waliły w Waliłach-Stacji, Waliły-Stacja Białostocka 3, 16-040  Gródek";"gm. Gródek";"białostocki";"podlaskie";"461";"504";"194";"267";"0";"2";"0";"0";"0";"0";"0";"0";"0";"267";"0";"0";"267";"4";"2";"2";"0";"263";"22";"60";"42";"139"
"e382-5a2b-82f6-19e8-75b7-2044-3d10-7f2a";"200204";"60";"9";"wieś";"stały";"Rolnicza Spółdzielnia Produkcyjna w Kołodnie, Kołodno 41, 16-040 Gródek";"gm. Gródek";"białostocki";"podlaskie";"264";"291";"106";"158";"0";"0";"0";"0";"0";"0";"0";"0";"0";"158";"0";"0";"158";"6";"1";"5";"0";"152";"11";"46";"20";"75"
"820e-6767-df80-3d70-e301-22c9-5516-8b49";"200204";"60";"10";"wieś";"stały";"Szkoła Podstawowa w Załukach, Załuki 5, 16-040 Gródek";"gm. Gródek";"białostocki";"podlaskie";"253";"290";"76";"177";"0";"1";"0";"0";"0";"0";"0";"0";"0";"177";"0";"0";"177";"5";"0";"5";"0";"172";"20";"51";"17";"84"
"0e2d-597f-cc59-a98e-60be-816f-8658-73dd";"200205";"60";"1";"wieś";"stały";"Świetlica Wiejska w Tryczówce, Tryczówka 39A, 16-061 Juchnowiec Kościelny";"gm. Juchnowiec Kościelny";"białostocki";"podlaskie";"918";"1010";"366";"552";"0";"1";"0";"0";"0";"0";"0";"0";"0";"552";"0";"0";"552";"6";"1";"5";"0";"546";"65";"288";"50";"143"
"11b6-e73e-0f46-c343-2a3b-c99f-f626-e1a4";"200205";"60";"2";"wieś";"stały";"Ośrodek Kultury w Juchnowcu Kościelnym, ul. Plac Królowej Rodzin 1, 16-061 Juchnowiec Kościelny";"gm. Juchnowiec Kościelny";"białostocki";"podlaskie";"802";"865";"222";"580";"0";"0";"0";"0";"0";"0";"0";"0";"0";"580";"0";"0";"580";"11";"2";"9";"0";"569";"50";"364";"65";"90"
"105d-999c-9af9-83f1-785a-8ec5-19dd-504a";"200205";"60";"3";"wieś";"stały";"Zespół Szkół im. Ks. Jerzego Popiełuszki w Juchnowcu Górnym, Juchnowiec Górny ul. Szkolna 5, 16-061 Juchnowiec Kościelny";"gm. Juchnowiec Kościelny";"białostocki";"podlaskie";"934";"1025";"274";"660";"1";"1";"0";"0";"0";"0";"0";"0";"0";"660";"0";"0";"660";"11";"2";"9";"0";"649";"73";"419";"49";"108"
"47b4-72ac-0157-156e-0005-9ae0-cf82-5d1a";"200205";"60";"4";"wieś";"stały";"Świetlica Wiejska w Lewickich, Lewickie 74, 16-061 Juchnowiec Kościelny";"gm. Juchnowiec Kościelny";"białostocki";"podlaskie";"631";"730";"125";"506";"0";"2";"0";"0";"0";"0";"0";"0";"0";"506";"0";"0";"506";"6";"4";"2";"0";"500";"48";"266";"59";"127"
"b68e-1c2e-6867-e33b-c81e-b842-4e8f-8508";"200205";"60";"5";"wieś";"stały";"Zespół Szkół w Księżynie, Księżyno ul. Szkolna 7, 16-001 Kleosin";"gm. Juchnowiec Kościelny";"białostocki";"podlaskie";"732";"809";"190";"542";"2";"2";"0";"0";"0";"0";"0";"0";"0";"542";"0";"0";"542";"4";"1";"3";"0";"538";"46";"298";"56";"138"
"f459-f6a7-00bb-71df-5f56-87f3-bcd4-6a21";"200205";"60";"6";"wieś";"stały";"Zespół Szkół w Księżynie, Księżyno ul. Szkolna 7, 16-001 Kleosin";"gm. Juchnowiec Kościelny";"białostocki";"podlaskie";"940";"1038";"230";"710";"0";"1";"0";"0";"0";"0";"0";"0";"0";"710";"0";"0";"710";"12";"4";"8";"0";"698";"57";"371";"70";"200"
"c1a7-53dc-ff89-b4e3-5eed-de07-b67d-704e";"200205";"60";"7";"wieś";"stały";"Remiza OSP w Hermanówce, Hermanówka 1A, 16-061 Juchnowiec Kościelny";"gm. Juchnowiec Kościelny";"białostocki";"podlaskie";"772";"842";"197";"575";"0";"0";"0";"0";"0";"0";"0";"0";"0";"575";"0";"0";"575";"8";"3";"5";"0";"567";"47";"244";"56";"220"
"b93f-690f-9127-4762-dd3f-9519-ef03-0bf2";"200205";"60";"8";"wieś";"stały";"Świetlica Wiejska w Olmontach, Olmonty 93, 15-603 Białystok";"gm. Juchnowiec Kościelny";"białostocki";"podlaskie";"702";"778";"150";"552";"0";"7";"0";"0";"0";"0";"0";"0";"0";"552";"0";"0";"552";"5";"2";"3";"0";"547";"26";"199";"56";"266"
"13a8-02fd-69a4-a504-d258-a0cc-bd58-7375";"200205";"60";"9";"wieś";"stały";"Szkoła Podstawowa im. Jana Pawła II w Kleosinie, ul. Zambrowska 20, 16-001 Kleosin";"gm. Juchnowiec Kościelny";"białostocki";"podlaskie";"1483";"1610";"371";"1112";"0";"3";"0";"0";"0";"0";"0";"0";"0";"1112";"0";"0";"1112";"16";"1";"15";"0";"1096";"89";"412";"114";"481"
"0aa7-f11f-7f9f-7fa3-180d-7e03-25ae-9fa5";"200205";"60";"10";"wieś";"stały";"Szkoła Podstawowa im. Jana Pawła II w Kleosinie, ul. Zambrowska 20, 16-001 Kleosin";"gm. Juchnowiec Kościelny";"białostocki";"podlaskie";"1386";"1506";"341";"1045";"4";"5";"0";"0";"0";"0";"0";"0";"0";"1045";"0";"0";"1045";"12";"3";"9";"0";"1033";"95";"500";"111";"327"
"ab6c-df2f-33cc-cb9e-e054-569d-465a-45ae";"200205";"60";"11";"wieś";"stały";"Szkoła Podstawowa im. Jana Pawła II w Kleosinie, ul. Zambrowska 20, 16-001 Kleosin";"gm. Juchnowiec Kościelny";"białostocki";"podlaskie";"793";"877";"212";"581";"0";"1";"0";"0";"0";"0";"0";"0";"0";"581";"0";"0";"581";"7";"3";"4";"0";"574";"63";"255";"65";"191"
"df35-25d9-03c1-deed-4d75-7e00-c49c-2a15";"200205";"60";"12";"wieś";"stały";"Szkoła Podstawowa im. Jana Pawła II w Kleosinie, ul. Zambrowska 20, 16-001 Kleosin";"gm. Juchnowiec Kościelny";"białostocki";"podlaskie";"1221";"1313";"452";"769";"0";"0";"0";"0";"0";"0";"0";"0";"0";"769";"0";"0";"769";"16";"4";"12";"0";"753";"86";"369";"91";"207"
"eab3-7bff-6a18-421d-74e1-faac-5eb8-8280";"200205";"60";"13";"wieś";"dom pomocy społecznej";"Dom Pomocy Społecznej w Czerewkach, Czerewki 1, 16-061 Juchnowiec Kościelny";"gm. Juchnowiec Kościelny";"białostocki";"podlaskie";"77";"89";"43";"34";"0";"0";"0";"0";"0";"0";"0";"0";"0";"34";"0";"0";"34";"4";"0";"4";"0";"30";"9";"14";"4";"3"
"9440-cf9f-c351-0121-2fd6-c397-1749-2460";"200206";"60";"1";"wieś";"stały";"Szkoła Podstawowa w Łupiance Starej, Łupianka Stara 1, 18-100 Łapy";"gm. Łapy";"białostocki";"podlaskie";"692";"738";"274";"418";"1";"0";"1";"1";"0";"0";"0";"0";"1";"419";"1";"0";"419";"7";"0";"7";"0";"412";"37";"328";"26";"21"
"e747-4dc4-7055-e8c7-ff13-83fe-ae5e-8a6e";"200206";"60";"2";"wieś";"stały";"Szkoła Podstawowa w Płonce Kościelnej, Płonka Kościelna 47, 18-100 Łapy";"gm. Łapy";"białostocki";"podlaskie";"1040";"1127";"417";"623";"0";"1";"0";"0";"0";"0";"0";"0";"0";"623";"0";"0";"623";"9";"2";"7";"0";"614";"81";"447";"40";"46"
"25f2-f62c-dda8-bb9f-6efd-1b89-f5a6-f2dc";"200206";"60";"3";"miasto i wieś";"stały";"Szkoła Podstawowa w Łapach (Osse), ul. Letnia 1, 18-100 Łapy";"gm. Łapy";"białostocki";"podlaskie";"1450";"1560";"588";"862";"1";"2";"0";"0";"0";"0";"0";"0";"0";"862";"0";"0";"862";"17";"3";"14";"0";"845";"86";"540";"81";"138"
"b30a-7a48-51c3-a0f3-3cb9-dbbf-f167-6e32";"200206";"60";"4";"wieś";"stały";"Budynek po Szkole Podstawowej w Daniłowie Dużym, Daniłowo Duże 53, 18-112 Poświętne";"gm. Łapy";"białostocki";"podlaskie";"343";"382";"116";"227";"0";"0";"0";"0";"0";"0";"0";"0";"0";"227";"0";"0";"227";"3";"1";"2";"0";"224";"22";"159";"24";"19"
"4c9c-80c5-3ff0-bab8-6616-359b-625c-1994";"200206";"60";"5";"wieś";"stały";"Wiejski Dom Kultury w Uhowie, Uhowo ul. Kościelna 42, 18-100 Łapy";"gm. Łapy";"białostocki";"podlaskie";"1061";"1156";"372";"689";"2";"1";"0";"0";"0";"0";"0";"0";"0";"689";"0";"0";"689";"12";"4";"8";"0";"677";"60";"417";"57";"143"
"f18d-5bd1-3292-4016-c16b-fdbb-8b4f-32bc";"200206";"60";"6";"miasto";"stały";"Przedszkole Nr 2 w Łapach, ul. Cmentarna 23, 18-100 Łapy";"gm. Łapy";"białostocki";"podlaskie";"1340";"1443";"501";"839";"2";"0";"0";"0";"0";"0";"0";"0";"0";"839";"0";"0";"839";"7";"2";"5";"0";"832";"104";"484";"68";"176"
"7d11-4b35-a25b-7003-8729-a387-9c01-b96a";"200206";"60";"7";"miasto";"stały";"Przedszkole Nr 2 w Łapach, ul. Cmentarna 23, 18-100 Łapy";"gm. Łapy";"białostocki";"podlaskie";"1660";"1781";"570";"1090";"1";"4";"0";"0";"0";"0";"0";"0";"0";"1090";"0";"0";"1090";"14";"9";"5";"0";"1076";"111";"678";"78";"209"
"4d3d-242f-45d2-ea9b-6696-a1ea-d28f-96f2";"200206";"60";"8";"miasto i wieś";"stały";"Szkoła Podstawowa Nr 2 w Łapach im. M. Kopernika, ul Piękna 17, 18-100 Łapy";"gm. Łapy";"białostocki";"podlaskie";"1530";"1657";"414";"1116";"0";"0";"0";"0";"0";"0";"0";"0";"0";"1116";"0";"0";"1116";"6";"3";"3";"0";"1110";"97";"785";"75";"153"
"a5c5-4f10-43b8-0d3f-3e37-0b52-d668-fe5d";"200206";"60";"9";"miasto";"stały";"Gimnazjum Nr 1 w Łapach im. Ppłk. Stanisława Nilskiego-Łapińskiego, ul. Jana Matejki 19, 18-100 Łapy";"gm. Łapy";"białostocki";"podlaskie";"1180";"1258";"386";"794";"3";"4";"0";"0";"0";"0";"0";"0";"0";"794";"0";"0";"794";"11";"5";"6";"0";"783";"96";"444";"67";"176"
"565b-8465-3ce3-e56e-6b87-2fbd-3f92-7260";"200206";"60";"10";"miasto";"stały";"Szkoła Podstawowa Nr 1 w Łapach im. Papieża Jana Pawła II, ul. Polna 9, 18-100 Łapy";"gm. Łapy";"białostocki";"podlaskie";"1600";"1715";"536";"1064";"2";"3";"0";"0";"0";"0";"0";"0";"0";"1064";"0";"0";"1064";"13";"1";"12";"0";"1051";"93";"660";"74";"224"
"b6f0-0aff-4745-3c61-a461-413d-183b-dd24";"200206";"60";"11";"miasto";"stały";"Miejski Ośrodek Pomocy Społecznej w Łapach, ul. Główna 50, 18-100 Łapy";"gm. Łapy";"białostocki";"podlaskie";"1072";"1152";"377";"695";"2";"3";"0";"0";"0";"0";"0";"0";"0";"695";"0";"0";"695";"7";"3";"4";"0";"688";"77";"414";"76";"121"
"35a0-e47e-276b-5c88-3c10-4550-cbe9-4a6f";"200206";"60";"12";"miasto";"stały";"I Liceum Ogólnokształcące w Łapach, ul. Bohaterów Westerplatte 10, 18-100 Łapy";"gm. Łapy";"białostocki";"podlaskie";"971";"1043";"378";"593";"2";"4";"0";"0";"0";"0";"0";"0";"0";"593";"0";"0";"593";"13";"5";"8";"0";"580";"59";"349";"59";"113"
"a23d-a068-6809-46c3-a88d-b241-3744-2353";"200206";"60";"13";"miasto";"stały";"Przedszkole Nr 1 w Łapach, ul. Polna 27, 18-100 Łapy";"gm. Łapy";"białostocki";"podlaskie";"731";"835";"211";"520";"2";"6";"1";"1";"0";"0";"0";"0";"1";"521";"1";"0";"521";"5";"2";"3";"0";"516";"49";"300";"44";"123"
"a8eb-d3d1-010d-a156-3a27-7dfa-d20a-719a";"200206";"60";"14";"miasto";"stały";"Ośrodek Przedsiębiorczości w Łapach, gen. Wł. Sikorskiego 22a, 18-100 Łapy";"gm. Łapy";"białostocki";"podlaskie";"1140";"1229";"466";"674";"0";"2";"0";"0";"0";"0";"0";"0";"0";"674";"0";"0";"674";"16";"0";"16";"0";"658";"56";"421";"41";"140"
"aaad-6643-d0ab-1920-4a4a-6e0f-caeb-31b6";"200206";"60";"15";"wieś";"dom pomocy społecznej";"Dom Pomocy Społecznej w Uhowie, Uhowo ul. Surażska 67, 18-100 Łapy";"gm. Łapy";"białostocki";"podlaskie";"152";"116";"85";"67";"0";"0";"0";"0";"0";"0";"0";"0";"0";"67";"0";"0";"67";"6";"1";"5";"0";"61";"12";"30";"11";"8"
"850a-fb44-5b04-0c03-209b-ef41-31e9-34a4";"200206";"60";"16";"miasto";"zakład leczniczy";"Samodzielny Publiczny Zakład Opieki Zdrowotnej, ul. Janusza Korczaka 23, 18-100 Łapy";"gm. Łapy";"białostocki";"podlaskie";"152";"82";"131";"21";"0";"2";"0";"0";"0";"0";"0";"0";"0";"21";"0";"0";"21";"1";"0";"1";"0";"20";"2";"11";"3";"4"
"3ad7-6d93-c1bb-f152-29f9-658f-94b2-e1ea";"200207";"60";"1";"miasto";"stały";"Gminny Ośrodek Kultury w Michałowie, ul. Białostocka 19, 16-050 Michałowo";"gm. Michałowo";"białostocki";"podlaskie";"949";"1051";"432";"517";"2";"4";"0";"0";"0";"0";"0";"0";"0";"517";"0";"0";"517";"9";"1";"8";"0";"508";"65";"188";"70";"185"
"445e-1133-ab68-9fe7-717f-548a-01ff-21f6";"200207";"60";"2";"miasto";"stały";"Szkoła Podstawowa w Michałowie, ul. Sienkiewicza 21, 16-050 Michałowo";"gm. Michałowo";"białostocki";"podlaskie";"1089";"1201";"490";"599";"2";"4";"0";"0";"0";"0";"0";"0";"0";"599";"0";"0";"599";"14";"3";"11";"0";"585";"64";"204";"61";"256"
"4fdb-bd20-9b3c-51bc-f3a5-a1d5-c47c-f931";"200207";"60";"3";"miasto";"stały";"Urząd Miejski w Michałowie, Białostocka 11, 16-050 Michałowo";"gm. Michałowo";"białostocki";"podlaskie";"650";"697";"313";"337";"4";"2";"0";"0";"0";"0";"0";"0";"0";"337";"0";"0";"337";"5";"3";"2";"0";"332";"43";"114";"49";"126"
"6d21-53e4-db31-5f01-c610-9667-71aa-d4fc";"200207";"60";"4";"wieś";"stały";"Dom Ludowy w Sokolu, Sokole 59, 16-050 Michałowo";"gm. Michałowo";"białostocki";"podlaskie";"242";"254";"107";"135";"0";"0";"0";"0";"0";"0";"0";"0";"0";"135";"0";"0";"135";"1";"1";"0";"0";"134";"15";"48";"13";"58"
"c20c-05bc-138c-5423-2af6-ff57-4c06-7370";"200207";"60";"5";"wieś";"stały";"Świetlica w Topolanach, Topolany 29, 16-050 Michałowo";"gm. Michałowo";"białostocki";"podlaskie";"173";"192";"95";"78";"0";"2";"0";"0";"0";"0";"0";"0";"0";"78";"0";"0";"78";"3";"1";"2";"0";"75";"14";"35";"8";"18"
"9211-c86c-4911-7cba-7a33-c5c7-3dfe-58b5";"200207";"60";"6";"wieś";"stały";"Remiza OSP w Nowej Woli, Nowa Wola 80, 16-050 Michałowo";"gm. Michałowo";"białostocki";"podlaskie";"354";"393";"202";"152";"0";"1";"0";"0";"0";"0";"0";"0";"0";"152";"0";"0";"152";"2";"1";"1";"0";"150";"16";"42";"12";"80"
"78ab-5fc1-8b29-b99b-473c-6d1e-915b-fee0";"200207";"60";"7";"wieś";"stały";"Ośrodek Zdrowia w Juszkowym Grodzie, Juszkowy Gród 20, 16-050 Michałowo";"gm. Michałowo";"białostocki";"podlaskie";"365";"401";"212";"153";"0";"3";"0";"0";"0";"0";"0";"0";"0";"153";"0";"0";"153";"3";"1";"2";"0";"150";"9";"68";"16";"57"
"8e50-29d1-74ec-737d-7475-36fd-7da9-78c1";"200207";"60";"8";"wieś";"stały";"Świetlica na Osiedlu Bondary, Osiedle Bondary Blok nr 5, 16-050 Michałowo";"gm. Michałowo";"białostocki";"podlaskie";"397";"382";"247";"150";"0";"2";"0";"0";"0";"0";"0";"0";"0";"150";"0";"0";"150";"11";"1";"10";"0";"139";"13";"26";"19";"81"
"e01b-956d-f92e-b7e2-2328-1763-e84c-1d20";"200207";"60";"9";"wieś";"stały";"Ośrodek Zdrowia w Szymkach, Szymki 104, 16-050 Michałowo";"gm. Michałowo";"białostocki";"podlaskie";"465";"511";"249";"216";"0";"2";"0";"0";"0";"0";"0";"0";"0";"216";"0";"0";"216";"1";"0";"1";"0";"215";"21";"112";"20";"62"
"5a77-013c-0fc3-e0ff-7f4f-1aad-75c2-d626";"200207";"60";"10";"wieś";"stały";"Remiza OSP w Jałówce, Jałówka Dworna 20, 16-050 Michałowo";"gm. Michałowo";"białostocki";"podlaskie";"262";"249";"180";"82";"0";"2";"0";"0";"0";"0";"0";"0";"0";"82";"0";"0";"82";"1";"0";"1";"0";"81";"4";"53";"7";"17"
"5b4c-57a4-4362-da5e-c1d3-856b-4b16-6d43";"200207";"60";"11";"wieś";"dom pomocy społecznej";"Dom Pomocy Społecznej ”Spokojna Przystań” w Garbarach, Garbary 1, 16-050 Michałowo";"gm. Michałowo";"białostocki";"podlaskie";"99";"97";"47";"52";"0";"0";"0";"0";"0";"0";"0";"0";"0";"52";"0";"0";"52";"8";"6";"2";"0";"44";"5";"25";"6";"8"
"327b-57d4-582a-d6f2-93fc-1959-2789-c7f6";"200207";"60";"12";"miasto";"dom pomocy społecznej";"Dom Pomocy Społecznej „Jawor” w Jałówce, Jałówka ul. Leśna 11, 16-050 Michałowo";"gm. Michałowo";"białostocki";"podlaskie";"66";"66";"50";"16";"0";"0";"0";"0";"0";"0";"0";"0";"0";"16";"0";"0";"16";"0";"0";"0";"0";"16";"2";"9";"3";"2"
"63c0-571d-d912-04de-20f0-5ecb-e3ba-0464";"200208";"60";"1";"wieś";"stały";"Wiejski Dom Kultury w Poświętnem, Poświętne 21A, 18-112 Poświętne";"gm. Poświętne";"białostocki";"podlaskie";"985";"1070";"340";"645";"1";"0";"0";"0";"0";"0";"0";"0";"0";"645";"0";"0";"645";"10";"9";"1";"0";"635";"76";"477";"34";"48"
"29ff-d4e0-ddf2-d2f2-3d73-35da-262f-6595";"200208";"60";"2";"wieś";"stały";"Świetlica Wiejska w Brzozowie Starym, Brzozowo Stare 35, 18-112 Poświętne";"gm. Poświętne";"białostocki";"podlaskie";"893";"955";"360";"533";"0";"0";"0";"0";"0";"0";"0";"0";"0";"533";"0";"0";"533";"5";"3";"2";"0";"528";"58";"386";"35";"49"
"7fcc-e1ef-9f00-ba6d-3794-9452-06a8-4043";"200208";"60";"3";"wieś";"stały";"Remiza OSP w Pietkowie, Pietkowo 49, 18-112 Poświętne";"gm. Poświętne";"białostocki";"podlaskie";"670";"730";"286";"384";"1";"0";"0";"0";"0";"0";"0";"0";"0";"384";"0";"0";"384";"6";"4";"2";"0";"378";"39";"290";"24";"25"
"40af-d458-5e0d-de52-cd37-9375-241d-59d2";"200209";"60";"1";"miasto";"stały";"Sportowa Szkoła Podstawowa w Supraślu, ul. Józefa Piłsudskiego 1, 16-030 Supraśl";"gm. Supraśl";"białostocki";"podlaskie";"1422";"1546";"494";"928";"2";"14";"0";"0";"0";"0";"0";"0";"0";"928";"0";"0";"928";"22";"2";"20";"0";"906";"87";"381";"98";"340"
"7019-25f3-9634-29cd-7a04-a625-d556-de56";"200209";"60";"2";"miasto";"stały";"Sportowa Szkoła Podstawowa w Supraślu, ul. Józefa Piłsudskiego 1, 16-030 Supraśl";"gm. Supraśl";"białostocki";"podlaskie";"1175";"1290";"280";"895";"5";"31";"0";"0";"0";"0";"0";"0";"0";"895";"0";"0";"895";"15";"5";"10";"0";"880";"66";"347";"90";"377"
"f056-f09c-ad7b-9a2e-4ac0-8071-3b5c-3869";"200209";"60";"3";"wieś";"stały";"Zespół Szkolno-Przedszkolny w Ogrodniczkach, Ogrodniczki ul. Zagórna 7, 16-030 Supraśl";"gm. Supraśl";"białostocki";"podlaskie";"1572";"1736";"413";"1159";"1";"4";"0";"0";"0";"0";"0";"0";"0";"1159";"0";"0";"1159";"17";"1";"16";"0";"1142";"128";"390";"126";"498"
"619e-91ac-49e9-9994-6e5b-a666-e181-b470";"200209";"60";"4";"wieś";"stały";"Świetlica Strażnicy OSP, Sokołda 16, 16-030 Supraśl";"gm. Supraśl";"białostocki";"podlaskie";"191";"213";"79";"112";"0";"0";"0";"0";"0";"0";"0";"0";"0";"112";"0";"0";"112";"2";"1";"1";"0";"110";"11";"46";"11";"42"
"d646-0be2-d532-bd5f-ee52-025f-6411-ae55";"200209";"60";"5";"wieś";"stały";"Szkoła Podstawowa w Sobolewie, Sobolewo ul. Podlaska 8, 15-509 Białystok";"gm. Supraśl";"białostocki";"podlaskie";"1340";"1489";"395";"944";"2";"3";"0";"0";"0";"0";"0";"0";"0";"945";"0";"0";"945";"5";"1";"4";"0";"940";"83";"359";"113";"385"
"a02c-07e0-c48a-67ed-f5d3-1d19-f9de-17bc";"200209";"60";"6";"wieś";"stały";"ADAMPOL S. A., Zaścianki ul. Usługowa 3, 15-521 Białystok";"gm. Supraśl";"białostocki";"podlaskie";"1836";"2003";"514";"1322";"0";"6";"0";"0";"0";"0";"0";"0";"0";"1322";"0";"0";"1322";"25";"5";"20";"0";"1297";"97";"428";"131";"641"
"9ac8-3bc7-b276-e086-bb23-72f6-e8a2-f23b";"200209";"60";"7";"wieś";"stały";"Przedszkole Samorządowe w Grabówce, Grabówka ul. Leszczynowa 14, 15-523 Białystok";"gm. Supraśl";"białostocki";"podlaskie";"1578";"1744";"377";"1202";"1";"7";"0";"0";"0";"0";"0";"0";"0";"1202";"0";"0";"1202";"21";"8";"13";"0";"1181";"81";"328";"145";"627"
"f557-e92d-8099-71c7-c6f7-35ff-d34d-3c0f";"200209";"60";"8";"wieś";"stały";"Przedszkole Samorządowe w Grabówce, Grabówka ul. Leszczynowa 14/1, 15-523 Białystok";"gm. Supraśl";"białostocki";"podlaskie";"1012";"1120";"241";"771";"0";"1";"0";"0";"0";"0";"0";"0";"0";"771";"0";"0";"771";"9";"4";"5";"0";"762";"53";"228";"79";"402"
"6153-bcc3-2808-5b50-993e-0ab2-4c29-8dd7";"200209";"60";"9";"miasto";"stały";"Sportowa Szkoła Podstawowa w Supraślu, ul. Józefa Piłsudskiego 1, 16-030 Supraśl";"gm. Supraśl";"białostocki";"podlaskie";"889";"959";"295";"594";"1";"2";"0";"0";"0";"0";"0";"0";"0";"594";"0";"0";"594";"15";"1";"14";"0";"579";"72";"233";"55";"219"
"52b6-9a79-a61e-9e36-2b78-a840-b528-9e6b";"200209";"60";"10";"miasto";"zakład leczniczy";"Szpital Uzdrowiskowy w Supraślu, ul. Uroczysko Pustelnia 1, 16-030 Supraśl";"gm. Supraśl";"białostocki";"podlaskie";"202";"142";"69";"133";"0";"19";"0";"0";"0";"0";"0";"0";"0";"133";"0";"0";"133";"2";"1";"1";"0";"131";"5";"68";"12";"46"
"2ed0-a3a0-fd79-b2c8-4d9a-5cf2-651a-b17e";"200210";"60";"1";"miasto";"stały";"Miejsko-Gminny Ośrodek Kultury w Surażu, ul. Bielska 4, 18-105 Suraż";"gm. Suraż";"białostocki";"podlaskie";"786";"846";"272";"514";"0";"2";"0";"0";"0";"0";"0";"0";"0";"514";"0";"0";"514";"4";"0";"4";"0";"510";"48";"324";"43";"95"
"5b58-2b1d-81cc-47c2-cec2-968b-3083-b9e3";"200210";"60";"2";"wieś";"stały";"Świetlica Wiejska, Zawyki 79, 18-105 Suraż";"gm. Suraż";"białostocki";"podlaskie";"263";"289";"83";"180";"0";"1";"0";"0";"0";"0";"0";"0";"0";"180";"0";"0";"180";"3";"1";"2";"0";"177";"12";"132";"13";"20"
"c60b-b82b-a404-8876-edb8-9232-e0fe-69eb";"200210";"60";"3";"wieś";"stały";"Świetlica Wiejska, Rynki 3, 18-105 Suraż";"gm. Suraż";"białostocki";"podlaskie";"190";"215";"59";"131";"1";"0";"0";"0";"0";"0";"0";"0";"0";"131";"0";"0";"131";"3";"0";"3";"0";"128";"17";"102";"2";"7"
"30c3-685d-9811-a95c-cf6e-03ba-344b-213d";"200210";"60";"4";"wieś";"stały";"Siedziba Stowarzyszenia ""Zielona Szkoła "", Doktorce 1, 18-105 Suraż";"gm. Suraż";"białostocki";"podlaskie";"200";"220";"61";"139";"0";"0";"0";"0";"0";"0";"0";"0";"0";"139";"0";"0";"139";"2";"0";"2";"0";"137";"11";"95";"6";"25"
"0e6d-e204-f6f5-e978-9469-8de5-db6a-a7f5";"200211";"60";"1";"wieś";"stały";"Urząd Gminy w Turośni Kościelnej, ul. Białostocka 5, 18-106 Turośń Kościelna";"gm. Turośń Kościelna";"białostocki";"podlaskie";"1318";"1447";"366";"952";"4";"4";"0";"0";"0";"0";"0";"0";"0";"952";"0";"0";"952";"23";"4";"19";"0";"929";"131";"593";"65";"140"
"5520-a866-7d60-ad0e-e9c9-438a-a096-7fa5";"200211";"60";"2";"wieś";"stały";"Szkoła Podstawowa w Turośni Dolnej, Turośń Dolna 20, 18-106 Turośń Kościelna";"gm. Turośń Kościelna";"białostocki";"podlaskie";"720";"801";"199";"521";"1";"2";"0";"0";"0";"0";"0";"0";"0";"521";"0";"0";"521";"12";"2";"10";"0";"509";"58";"351";"31";"69"
"221a-f496-ae8c-f5d8-dfd4-e4ad-9ccb-bfbd";"200211";"60";"3";"wieś";"stały";"Szkoła Podstawowa w Tołczach, Tołcze 6, 18-106 Turośń Kościelna";"gm. Turośń Kościelna";"białostocki";"podlaskie";"1051";"1174";"360";"691";"2";"2";"0";"0";"0";"0";"0";"0";"0";"691";"0";"0";"691";"4";"3";"1";"0";"687";"78";"386";"74";"149"
"0e32-cf78-47f6-5f28-9bd0-2f74-4c07-9d2d";"200211";"60";"4";"wieś";"stały";"Świetlica wiejska w Baciutach, Baciuty 41, 18-106 Turośń Kościelna";"gm. Turośń Kościelna";"białostocki";"podlaskie";"390";"441";"134";"256";"0";"0";"0";"0";"0";"0";"0";"0";"0";"256";"0";"0";"256";"6";"1";"5";"0";"250";"27";"112";"41";"70"
"50ed-4fcb-f116-7f06-a9ec-3515-cae5-5f56";"200211";"60";"5";"wieś";"stały";"Świetlica wiejska w Niewodnicy Koryckiej, Niewodnica Korycka ul. Tadeusza Kościuszki 52, 18-106 Turośń Kościelna";"gm. Turośń Kościelna";"białostocki";"podlaskie";"1075";"1175";"195";"880";"0";"4";"0";"0";"0";"0";"0";"0";"0";"878";"0";"0";"878";"13";"4";"9";"0";"865";"85";"284";"102";"394"
"a872-d24e-17c8-d13b-70e2-b0a1-a9b8-7d83";"200212";"60";"1";"miasto";"stały";"Zespół Szkół i Przedszkole w Tykocinie, ul. Kochanowskiego 1, 16-080 Tykocin";"gm. Tykocin";"białostocki";"podlaskie";"1463";"1599";"537";"926";"2";"11";"0";"0";"0";"0";"0";"0";"0";"926";"0";"0";"926";"23";"5";"18";"0";"903";"136";"488";"88";"191"
"6e67-b90c-eec9-5a76-a8f4-71fd-ea7f-3bbc";"200212";"60";"2";"wieś";"stały";"Budynek OSP, Jeżewo Stare 28, 16-080 Tykocin";"gm. Tykocin";"białostocki";"podlaskie";"590";"646";"263";"327";"0";"2";"0";"0";"0";"0";"0";"0";"0";"326";"0";"0";"326";"3";"0";"3";"0";"323";"25";"233";"24";"41"
"fbe6-0e01-69c7-3d80-d642-878a-c9a1-1dd6";"200212";"60";"3";"wieś";"stały";"Budynek OSP, Saniki 18A, 16-080 Tykocin";"gm. Tykocin";"białostocki";"podlaskie";"384";"421";"120";"264";"1";"0";"0";"0";"0";"0";"0";"0";"0";"264";"0";"0";"264";"4";"0";"4";"0";"260";"43";"192";"19";"6"
"2047-78d9-a971-b5d4-5b49-8279-d938-7ea0";"200212";"60";"4";"wieś";"stały";"Świetlica wiejska, Łaziuki 23, 16-080 Tykocin";"gm. Tykocin";"białostocki";"podlaskie";"451";"487";"245";"206";"0";"0";"0";"0";"0";"0";"0";"0";"0";"206";"0";"0";"206";"2";"0";"2";"0";"204";"30";"129";"17";"28"
"b113-c02a-fc40-5361-078e-47f3-2e6c-9ffe";"200212";"60";"5";"wieś";"stały";"Budynek OSP, Łopuchowo 14, 16-080 Tykocin";"gm. Tykocin";"białostocki";"podlaskie";"346";"380";"151";"195";"1";"0";"0";"0";"0";"0";"0";"0";"0";"195";"0";"0";"195";"1";"0";"1";"0";"194";"18";"154";"9";"13"
"e26c-3e2f-81db-b16a-020f-676b-cfe2-5b52";"200212";"60";"6";"wieś";"stały";"Świetlica wiejska, Siekierki 5, 16-080 Tykocin";"gm. Tykocin";"białostocki";"podlaskie";"521";"577";"203";"318";"0";"0";"0";"0";"0";"0";"0";"0";"0";"318";"0";"0";"318";"1";"0";"1";"0";"317";"24";"250";"27";"16"
"bad0-a763-3b57-896b-cb0d-cd6a-cf93-29f5";"200212";"60";"7";"wieś";"stały";"Szkoła Podstawowa, Radule 87, 16-080 Tykocin";"gm. Tykocin";"białostocki";"podlaskie";"632";"690";"281";"351";"0";"1";"0";"0";"0";"0";"0";"0";"0";"351";"0";"0";"351";"6";"0";"6";"0";"345";"30";"257";"30";"28"
"59ae-4fbc-23ea-3041-fc2f-d895-27e1-8483";"200212";"60";"8";"wieś";"stały";"Świetlica wiejska, Sierki 88, 16-080 Tykocin";"gm. Tykocin";"białostocki";"podlaskie";"203";"224";"55";"148";"0";"0";"0";"0";"0";"0";"0";"0";"0";"148";"0";"0";"148";"4";"1";"3";"0";"144";"9";"116";"7";"12"
"7a58-5c27-80dc-dec9-9fef-b108-237e-50a4";"200213";"60";"1";"miasto";"stały";"Szkoła Podstawowa Nr 1 im. Ks. W. Rabczyńskiego, ul. Mickiewicza 2, 16-010 Wasilków";"gm. Wasilków";"białostocki";"podlaskie";"2060";"2316";"544";"1516";"2";"7";"1";"1";"0";"0";"0";"0";"1";"1517";"1";"0";"1517";"33";"8";"25";"0";"1484";"124";"650";"203";"507"
"2ec6-4545-4951-5364-43d4-2154-542e-6bfb";"200213";"60";"2";"miasto";"stały";"Szkoła Podstawowa im. króla Zygmunta Augusta, ul. Polna 1/4a, 16-010 Wasilków";"gm. Wasilków";"białostocki";"podlaskie";"2042";"2288";"733";"1309";"9";"2";"0";"0";"0";"0";"0";"0";"0";"1309";"0";"0";"1309";"21";"6";"15";"0";"1288";"123";"598";"144";"423"
"9501-b5e8-20fc-dba0-d8b5-27c4-b56d-6037";"200213";"60";"3";"miasto";"stały";"Szkoła Podstawowa im. króla Zygmunta Augusta, Polna 1/4a, 16-010 Wasilków";"gm. Wasilków";"białostocki";"podlaskie";"1413";"1501";"412";"1001";"0";"7";"0";"0";"0";"0";"0";"0";"0";"1000";"0";"0";"1000";"18";"8";"10";"0";"982";"109";"411";"94";"368"
"42ea-9c95-d8b8-c136-1eb7-0c19-8209-e1eb";"200213";"60";"4";"miasto";"stały";"Przedszkole, ul. Sienkiewicza 24, 16-010 Wasilków";"gm. Wasilków";"białostocki";"podlaskie";"1433";"1599";"484";"949";"3";"4";"0";"0";"0";"0";"0";"0";"0";"949";"0";"0";"949";"15";"5";"10";"0";"934";"79";"416";"105";"334"
"3f98-0e74-7f3d-be61-13d9-00af-e162-c1b7";"200213";"60";"5";"miasto";"stały";"Przedszkole, ul. Polna 1/4c, 16-010 Wasilków";"gm. Wasilków";"białostocki";"podlaskie";"1499";"1653";"472";"1027";"0";"5";"0";"0";"0";"0";"0";"0";"0";"1027";"0";"0";"1027";"20";"4";"16";"0";"1007";"90";"443";"115";"359"
"1c2c-0219-1256-3898-4ec0-6918-cf62-7e50";"200213";"60";"6";"wieś";"stały";"Publiczna Szkoła Podstawowa, Studzianki ul. Supraślska 2, 16-010 Wasilków";"gm. Wasilków";"białostocki";"podlaskie";"1209";"1358";"470";"739";"0";"8";"0";"0";"0";"0";"0";"0";"0";"739";"0";"0";"739";"25";"8";"17";"0";"714";"55";"259";"81";"319"
"2e43-0b40-07f6-6852-e3e9-0cf9-ecaf-5b95";"200213";"60";"7";"wieś";"stały";"Szkoła Podstawowa, Sochonie ul. Kościelna 1, 16-010 Wasilków";"gm. Wasilków";"białostocki";"podlaskie";"1914";"2116";"515";"1399";"2";"7";"0";"0";"0";"0";"0";"0";"0";"1399";"0";"0";"1399";"32";"13";"19";"0";"1367";"122";"552";"125";"568"
"1dd6-ad40-1f32-d176-545f-53ae-1c61-2088";"200214";"60";"1";"wieś";"stały";"Szkoła Podstawowa w Zabłudowie, ul. Adama Mickiewicza 20, 16-060 Zabłudów";"gm. Zabłudów";"białostocki";"podlaskie";"394";"431";"166";"228";"0";"2";"0";"0";"0";"0";"0";"0";"0";"228";"0";"0";"228";"3";"0";"3";"0";"225";"22";"98";"20";"85"
"2120-0507-06c2-f0c7-f16d-164e-eb36-dfb2";"200214";"60";"2";"wieś";"stały";"Szkoła Podstawowa w Dobrzyniówce, Dobrzyniówka 40, 16-060 Zabłudów";"gm. Zabłudów";"białostocki";"podlaskie";"820";"896";"362";"458";"0";"3";"0";"0";"0";"0";"0";"0";"0";"458";"0";"0";"458";"11";"1";"10";"0";"447";"59";"237";"44";"107"
"30ba-258c-61ff-b497-7ac5-b561-663f-8c07";"200214";"60";"3";"wieś";"stały";"Szkoła Podstawowa w Rafałówce, Rafałówka 64, 16-060 Zabłudów";"gm. Zabłudów";"białostocki";"podlaskie";"765";"837";"310";"455";"1";"3";"0";"0";"0";"0";"0";"0";"0";"455";"0";"0";"455";"6";"0";"6";"0";"449";"61";"215";"55";"118"
"4461-1559-2fb2-66b9-09f6-dfb8-8513-237f";"200214";"60";"4";"wieś";"stały";"Świetlica Wiejska w Kurianach, Kuriany 29, 15-588 Białystok";"gm. Zabłudów";"białostocki";"podlaskie";"552";"621";"197";"355";"0";"2";"0";"0";"0";"0";"0";"0";"0";"355";"0";"0";"355";"6";"2";"4";"0";"349";"42";"148";"46";"113"
"7560-9331-cdee-da2c-7ecb-de4b-18a9-76d5";"200214";"60";"5";"wieś";"stały";"Była Szkoła Podstawowa w Zwierkach, Zwierki 43, 16-060 Zabłudów";"gm. Zabłudów";"białostocki";"podlaskie";"592";"660";"197";"395";"2";"0";"0";"0";"0";"0";"0";"0";"0";"395";"0";"0";"395";"5";"4";"1";"0";"390";"34";"191";"34";"131"
"93f1-1e38-bdc1-b2f9-7242-a310-a0be-f89b";"200214";"60";"6";"wieś";"stały";"Wiejski Dom Kultury w Krynickich, Krynickie 55, 16-060 Zabłudów";"gm. Zabłudów";"białostocki";"podlaskie";"498";"545";"156";"342";"0";"3";"0";"0";"0";"0";"0";"0";"0";"342";"0";"0";"342";"4";"1";"3";"0";"338";"29";"198";"29";"82"
"e7a6-2f29-0261-782f-87d7-aea2-ddbf-ae59";"200214";"60";"7";"wieś";"stały";"Wiejski Dom Kultury w Rybołach, Ryboły 129, 16-060 Zabłudów";"gm. Zabłudów";"białostocki";"podlaskie";"744";"800";"409";"335";"0";"0";"0";"0";"0";"0";"0";"0";"0";"335";"0";"0";"335";"1";"1";"0";"0";"334";"28";"93";"32";"181"
"75f9-71fa-f0c9-37af-a0b0-4a6d-7658-0260";"200214";"60";"8";"wieś";"stały";"Świetlica Wiejska w Halickich, Halickie 3, 15-593 Białystok";"gm. Zabłudów";"białostocki";"podlaskie";"492";"532";"158";"334";"0";"1";"0";"0";"0";"0";"0";"0";"0";"334";"0";"0";"334";"4";"1";"3";"0";"330";"17";"184";"41";"88"
"118f-a0e6-8a28-5444-ab2f-61ed-b54e-bfd1";"200214";"60";"9";"miasto";"stały";"Szkoła Podstawowa w Zabłudowie, Adama Mickiewicza 20, 16-060 Zabłudów";"gm. Zabłudów";"białostocki";"podlaskie";"856";"912";"305";"551";"0";"1";"0";"0";"0";"0";"0";"0";"0";"551";"0";"0";"551";"7";"1";"6";"0";"544";"50";"306";"50";"138"
"cf47-abe9-cb56-b85f-7e3d-0639-9584-bc5c";"200214";"60";"10";"miasto";"stały";"Szkoła Podstawowa w Zabłudowie, Adama Mickiewicza 20, 16-060 Zabłudów";"gm. Zabłudów";"białostocki";"podlaskie";"922";"1000";"336";"586";"0";"0";"0";"0";"0";"0";"0";"0";"0";"586";"0";"0";"586";"12";"1";"11";"0";"574";"58";"301";"58";"157"
"7a0d-9430-42d1-d0a6-db3a-e691-de92-d888";"200215";"60";"1";"wieś";"stały";"Sala Widowiskowa Urzędu Gminy Zawady, Plac Wolności 12, 16-075 Zawady";"gm. Zawady";"białostocki";"podlaskie";"1403";"1535";"605";"798";"1";"1";"0";"0";"0";"0";"0";"0";"0";"797";"0";"0";"797";"13";"1";"12";"0";"784";"93";"534";"84";"73"
"6d74-1e84-e498-ca0a-950a-4280-8879-e142";"200215";"60";"2";"wieś";"stały";"Świetlica Wiejska w Nowych Chlebiotkach, Nowe Chlebiotki 38, 16-075 Zawady";"gm. Zawady";"białostocki";"podlaskie";"682";"724";"350";"332";"0";"3";"0";"0";"0";"0";"0";"0";"0";"332";"0";"0";"332";"3";"0";"3";"0";"329";"27";"254";"19";"29"
"5bb5-64ca-6ad0-9e1d-349f-cba4-c948-98b9";"201101";"60";"1";"miasto";"stały";"Zespół Szkół w Dąbrowie Białostockiej, ul. Tysiąclecia PP 24, 16-200 Dąbrowa Białostocka";"gm. Dąbrowa Białostocka";"sokólski";"podlaskie";"1345";"1433";"589";"756";"1";"1";"0";"0";"0";"0";"0";"0";"0";"756";"0";"0";"756";"12";"4";"8";"0";"744";"83";"399";"61";"201"
"304a-98c1-559f-7adb-38e8-e711-a92c-53fb";"201101";"60";"2";"miasto";"stały";"Miejsko-Gminny Ośrodek Kultury, ul. Tysiąclecia PP 4, 16-200 Dąbrowa Białostocka";"gm. Dąbrowa Białostocka";"sokólski";"podlaskie";"1041";"1132";"568";"473";"2";"2";"0";"0";"0";"0";"0";"0";"0";"473";"0";"0";"473";"5";"2";"3";"0";"468";"57";"262";"43";"106"
"6ac8-80f2-bbbd-c4e4-a1f5-c3d7-937e-56d9";"201101";"60";"3";"miasto";"stały";"Szkoła Podstawowa, ul. Południowa 13, 16-200 Dąbrowa Białostocka";"gm. Dąbrowa Białostocka";"sokólski";"podlaskie";"1399";"1505";"569";"830";"2";"6";"0";"0";"0";"0";"0";"0";"0";"829";"0";"0";"829";"10";"1";"9";"0";"819";"100";"436";"105";"178"
"cbde-09db-6aa0-a71b-2b8c-3bf8-3284-de76";"201101";"60";"4";"miasto";"stały";"Gimnazjum w Dąbrowie Białostockiej, ul. Szkolna 9a, 16-200 Dąbrowa Białostocka";"gm. Dąbrowa Białostocka";"sokólski";"podlaskie";"983";"1056";"393";"590";"1";"3";"0";"0";"0";"0";"0";"0";"0";"590";"0";"0";"590";"8";"1";"7";"0";"582";"51";"297";"67";"167"
"861a-5753-74cc-d3ea-ca02-af28-fb88-d942";"201101";"60";"5";"wieś";"stały";"Kino ""Lotos"", ul. Kunawina 1, 16-200 Dąbrowa Białostocka";"gm. Dąbrowa Białostocka";"sokólski";"podlaskie";"691";"746";"298";"393";"0";"1";"0";"0";"0";"0";"0";"0";"0";"393";"0";"0";"393";"5";"0";"5";"0";"388";"50";"287";"28";"23"
"b50d-1108-8f9d-1184-86ba-c79d-6574-cb92";"201101";"60";"6";"wieś";"stały";"Gimnazjum w Różanymstoku, Różanystok 7, 16-200 Dąbrowa Białostocka";"gm. Dąbrowa Białostocka";"sokólski";"podlaskie";"960";"1039";"468";"492";"0";"6";"0";"0";"0";"0";"0";"0";"0";"492";"0";"0";"492";"3";"0";"3";"0";"489";"68";"266";"61";"94"
"a176-e944-eca0-cbc6-ef48-b69a-bf1a-9cd9";"201101";"60";"7";"wieś";"stały";"Szkoła Podstawowa w Nierośnie, Nierośno 33, 16-200 Dąbrowa Białostocka";"gm. Dąbrowa Białostocka";"sokólski";"podlaskie";"775";"778";"399";"376";"1";"3";"0";"0";"0";"0";"0";"0";"0";"376";"0";"0";"376";"5";"1";"4";"0";"371";"45";"234";"48";"44"
"a40f-2763-868e-094e-2ec9-a4f5-138f-f483";"201101";"60";"8";"wieś";"stały";"Szkoła Podstawowa w Zwierzyńcu Wielkim, Zwierzyniec Wielki 17, 16-200 Dąbrowa Białostocka";"gm. Dąbrowa Białostocka";"sokólski";"podlaskie";"692";"753";"296";"396";"1";"4";"0";"0";"0";"0";"0";"0";"0";"396";"0";"0";"396";"14";"1";"13";"0";"382";"53";"235";"40";"54"
"eeb5-fc78-6ff8-b137-6ed7-a0ce-91c4-a484";"201101";"60";"9";"wieś";"stały";"Szkoła Podstawowa w Suchodolinie, Suchodolina 1, 16-200 Dąbrowa Białostocka";"gm. Dąbrowa Białostocka";"sokólski";"podlaskie";"550";"587";"234";"316";"2";"0";"0";"0";"0";"0";"0";"0";"0";"316";"0";"0";"316";"3";"0";"3";"0";"313";"23";"245";"22";"23"
"58cb-7171-3b94-527c-0e7c-96f7-626a-ccf6";"201101";"60";"10";"wieś";"stały";"Świetlica Wiejska w Reszkowcach, Reszkowce 28A, 16-200 Dąbrowa Białostocka";"gm. Dąbrowa Białostocka";"sokólski";"podlaskie";"310";"347";"132";"178";"0";"3";"0";"0";"0";"0";"0";"0";"0";"177";"0";"0";"177";"5";"1";"4";"0";"172";"21";"125";"16";"10"
"92e5-7781-9ebf-1eef-f99a-2ea7-6b62-461e";"201101";"60";"11";"miasto";"zakład leczniczy";"Samodzielny Publiczny Zakład Opieki Zdrowotnej w Dąbrowie Białostockiej (szpital), ul. Skłodowskiej 15, 16-200 Dąbrowa Białostocka";"gm. Dąbrowa Białostocka";"sokólski";"podlaskie";"56";"51";"39";"17";"0";"0";"0";"0";"0";"0";"0";"0";"0";"17";"0";"0";"17";"1";"1";"0";"0";"16";"2";"9";"2";"3"
"c111-e131-492c-cdcf-dfff-9a8e-2505-67df";"201102";"60";"1";"wieś";"stały";"Zespół Szkół Samorządowych, ul. Białostocka 16, 16-130 Janów";"gm. Janów";"sokólski";"podlaskie";"1301";"1417";"604";"697";"2";"7";"0";"0";"0";"0";"0";"0";"0";"697";"0";"0";"697";"15";"3";"12";"0";"682";"132";"340";"82";"128"
"a877-2118-22e2-dc6b-db48-4180-f292-6942";"201102";"60";"2";"wieś";"stały";"Szkoła Podstawowa, Białousy 59, 16-130 Janów";"gm. Janów";"sokólski";"podlaskie";"600";"650";"264";"336";"0";"2";"0";"0";"0";"0";"0";"0";"0";"336";"0";"0";"336";"3";"0";"3";"0";"333";"50";"209";"33";"41"
"3ddd-af0f-beaf-82eb-6985-ad1f-3e66-10cf";"201102";"60";"3";"wieś";"stały";"Budynek byłej Szkoły Podstawowej, Nowowola 32, 16-130 Janów";"gm. Janów";"sokólski";"podlaskie";"341";"378";"168";"173";"0";"0";"0";"0";"0";"0";"0";"0";"0";"173";"0";"0";"173";"3";"0";"3";"0";"170";"18";"109";"17";"26"
"fcfd-3806-d8d6-cb2a-36bd-b90c-678d-f958";"201102";"60";"4";"wieś";"stały";"Urząd Gminy Janów, ul. Parkowa 3, 16-130 Janów";"gm. Janów";"sokólski";"podlaskie";"840";"922";"368";"472";"2";"2";"0";"0";"0";"0";"0";"0";"0";"472";"0";"0";"472";"10";"2";"8";"0";"462";"85";"250";"55";"72"
"047b-07a4-713b-54f1-be05-352d-5b25-6a50";"201103";"60";"1";"wieś";"stały";"Świetlica Wiejska w Bombli, Bombla 41, 16-140 Korycin";"gm. Korycin";"sokólski";"podlaskie";"300";"328";"121";"179";"0";"0";"0";"0";"0";"0";"0";"0";"0";"179";"0";"0";"179";"2";"0";"2";"0";"177";"25";"101";"28";"23"
"5bbd-003f-a47d-0c9f-d663-6ed7-261c-ee21";"201103";"60";"2";"wieś";"stały";"Gminny Ośrodek Kultury, Sportu i Turystyki w Korycinie, ul. Knyszyńska 2a, 16-140 Korycin";"gm. Korycin";"sokólski";"podlaskie";"1797";"1955";"810";"987";"3";"1";"0";"0";"0";"0";"0";"0";"0";"987";"0";"0";"987";"20";"3";"17";"0";"967";"126";"595";"92";"154"
"cc2b-781e-2ff7-d1e2-bf4f-4cf8-6c02-8938";"201103";"60";"3";"wieś";"stały";"Budynek po byłym Domu Nauczyciela w Zabrodziu, Zabrodzie 1a, 16-140 Korycin";"gm. Korycin";"sokólski";"podlaskie";"299";"336";"146";"153";"0";"5";"0";"0";"0";"0";"0";"0";"0";"153";"0";"0";"153";"5";"0";"5";"0";"148";"22";"67";"22";"37"
"877d-b429-c42d-ced0-621a-2b94-9b0b-f9d6";"201104";"60";"1";"wieś";"stały";"Centrum Edukacji i Kultury Muzułmańskiej Tatarów Polskich w Kruszynianach, Kruszyniany 61, 16-120 Krynki";"gm. Krynki";"sokólski";"podlaskie";"330";"363";"182";"148";"0";"9";"0";"0";"0";"0";"0";"0";"0";"148";"0";"0";"148";"2";"2";"0";"0";"146";"17";"53";"13";"63"
"b343-cdfb-80fc-a3b9-b125-7699-76dc-df2c";"201104";"60";"2";"miasto";"stały";"Zespół Szkół Samorządowych w Krynkach, ul. Aleja Szkolna 10, 16-120 Krynki";"gm. Krynki";"sokólski";"podlaskie";"610";"659";"265";"345";"0";"3";"0";"0";"0";"0";"0";"0";"0";"345";"0";"0";"345";"9";"3";"6";"0";"336";"38";"165";"42";"91"
"075e-aced-9ad7-8883-0d60-f183-3118-07d1";"201104";"60";"3";"miasto";"stały";"Urząd Miejski w Krynkach, ul. Garbarska 16, 16-120 Krynki";"gm. Krynki";"sokólski";"podlaskie";"683";"741";"298";"385";"1";"3";"0";"0";"0";"0";"0";"0";"0";"385";"0";"0";"385";"7";"2";"5";"0";"378";"31";"193";"42";"112"
"2bd7-8c88-789f-39eb-324a-1c6a-e105-d0bc";"201104";"60";"4";"miasto";"stały";"Gminny Ośrodek Kultury w Krynkach, ul. Grodzieńska 7, 16-120 Krynki";"gm. Krynki";"sokólski";"podlaskie";"730";"783";"333";"397";"0";"2";"0";"0";"0";"0";"0";"0";"0";"397";"0";"0";"397";"9";"0";"9";"0";"388";"37";"180";"38";"133"
"4252-ef6a-3336-744b-e89f-0278-0159-5e59";"201105";"60";"1";"wieś";"stały";"Gminny Ośrodek Kultury i Sportu w Kuźnicy (duża sala), ul. Sidrzańska 2, 16-123 Kuźnica";"gm. Kuźnica";"sokólski";"podlaskie";"1010";"1093";"395";"615";"2";"11";"0";"0";"0";"0";"0";"0";"0";"615";"0";"0";"615";"8";"4";"4";"0";"607";"69";"381";"58";"99"
"7e66-8d5a-33c8-587f-b2e8-2f00-f8b6-25dc";"201105";"60";"2";"wieś";"stały";"Gminny Ośrodek Kultury i Sportu w Kuźnicy (mała sala), ul. Sidrzańska 2, 16-123 Kuźnica";"gm. Kuźnica";"sokólski";"podlaskie";"882";"958";"362";"520";"1";"0";"0";"0";"0";"0";"0";"0";"0";"520";"0";"0";"520";"12";"2";"10";"0";"508";"63";"304";"44";"97"
"1071-1333-4df8-8d4e-ada6-0c03-179f-5890";"201105";"60";"3";"wieś";"stały";"Przedszkole w Kuźnicy, ul. Sokólska 16, 16-123 Kuźnica";"gm. Kuźnica";"sokólski";"podlaskie";"360";"398";"166";"194";"6";"0";"0";"0";"0";"0";"0";"0";"0";"194";"0";"0";"194";"4";"1";"3";"0";"190";"19";"139";"9";"23"
"a0db-2b8d-1889-dc3f-82f7-2cb2-1fcf-6c90";"201105";"60";"4";"wieś";"stały";"Budynek po byłej Szkole Podstawowej, Popławce 29, 16-123 Kuźnica";"gm. Kuźnica";"sokólski";"podlaskie";"361";"397";"160";"201";"0";"0";"0";"0";"0";"0";"0";"0";"0";"201";"0";"0";"201";"0";"0";"0";"0";"201";"27";"122";"28";"24"
"a4ac-8289-ceec-6391-b4ce-b670-16f8-bc53";"201105";"60";"5";"wieś";"stały";"Budynek po byłej Szkole Podstawowej, Klimówka 23, 16-123 Kuźnica";"gm. Kuźnica";"sokólski";"podlaskie";"330";"365";"144";"186";"0";"3";"0";"0";"0";"0";"0";"0";"0";"186";"0";"0";"186";"2";"0";"2";"0";"184";"14";"127";"21";"22"
"7a24-31ad-22d9-34dc-c55f-53c7-7d35-5e2d";"201106";"60";"1";"wieś";"stały";"Szkoła Podstawowa, ul. Kolejowa 2, 16-205 Nowy Dwór";"gm. Nowy Dwór";"sokólski";"podlaskie";"530";"576";"226";"304";"1";"0";"0";"0";"0";"0";"0";"0";"0";"304";"0";"0";"304";"6";"0";"6";"0";"298";"34";"184";"39";"41"
"2561-4404-d235-723f-c10f-d57a-3e6e-a52b";"201106";"60";"2";"wieś";"stały";"Budynek Sali Gimnastycznej, ul. Wesoła 2, 16-205 Nowy Dwór";"gm. Nowy Dwór";"sokólski";"podlaskie";"570";"609";"284";"286";"1";"0";"0";"0";"0";"0";"0";"0";"0";"286";"0";"0";"286";"5";"2";"3";"0";"281";"26";"175";"28";"52"
"d042-0861-44c3-0973-2568-81d8-d8a7-9bb1";"201106";"60";"3";"wieś";"stały";"Świetlica Wiejska, Dubaśno 4, 16-205 Nowy Dwór";"gm. Nowy Dwór";"sokólski";"podlaskie";"410";"452";"184";"226";"0";"0";"0";"0";"0";"0";"0";"0";"0";"226";"0";"0";"226";"4";"1";"3";"0";"222";"16";"157";"13";"36"
"77f4-1f1b-8aba-4dd4-213d-3c4b-99cf-8d28";"201106";"60";"4";"wieś";"stały";"Budynek Szkoły Podstawowej, Sieruciowce 37, 16-205 Nowy Dwór";"gm. Nowy Dwór";"sokólski";"podlaskie";"510";"566";"291";"219";"2";"0";"0";"0";"0";"0";"0";"0";"0";"219";"0";"0";"219";"8";"1";"7";"0";"211";"27";"140";"12";"32"
"9f42-4573-89ae-5889-d913-aca9-0079-db96";"201107";"60";"1";"wieś";"stały";"Lokal po byłej aptece przy Urzędzie Gminy w Sidrze, ul. Rynek 3/4, 16-124 Sidra";"gm. Sidra";"sokólski";"podlaskie";"1267";"1379";"605";"662";"0";"5";"0";"0";"0";"0";"0";"0";"0";"662";"0";"0";"662";"14";"7";"7";"0";"648";"78";"362";"75";"133"
"3812-126e-b999-608d-9b18-adc1-60f1-eccd";"201107";"60";"2";"wieś";"stały";"Szkoła Podstawowa w Jacowlanach, Jacowlany 13, 16-124 Sidra";"gm. Sidra";"sokólski";"podlaskie";"460";"501";"196";"264";"4";"0";"0";"0";"0";"0";"0";"0";"0";"264";"0";"0";"264";"4";"1";"3";"0";"260";"35";"166";"23";"36"
"7b55-4cb3-b46f-7569-f790-a18f-855a-5785";"201107";"60";"3";"wieś";"stały";"Szkoła Podstawowa w Majewie, Nowinka 1, 16-124 Sidra";"gm. Sidra";"sokólski";"podlaskie";"460";"512";"210";"250";"1";"1";"0";"0";"0";"0";"0";"0";"0";"250";"0";"0";"250";"3";"2";"1";"0";"247";"49";"170";"17";"11"
"e3ea-8124-5c18-0638-11ba-3780-97ef-86bc";"201107";"60";"4";"wieś";"stały";"Sidrzański Ośrodek Kultury w Sidrze, ul. Rynek 5, 16-124 Sidra";"gm. Sidra";"sokólski";"podlaskie";"401";"434";"251";"150";"1";"1";"0";"0";"0";"0";"0";"0";"0";"150";"0";"0";"150";"3";"1";"2";"0";"147";"15";"99";"17";"16"
"7f6a-5e5b-f684-e8ff-38fd-cc61-328c-07c5";"201108";"60";"1";"miasto";"stały";"Ośrodek Sportu i Rekreacji w Sokółce, ul. Mariańska 31, 16-100 Sokółka";"gm. Sokółka";"sokólski";"podlaskie";"1999";"2170";"748";"1251";"0";"3";"0";"0";"0";"0";"0";"0";"0";"1251";"0";"0";"1251";"19";"5";"14";"0";"1232";"149";"594";"135";"354"
"f31d-21af-c086-d196-c98d-3995-a599-6d9f";"201108";"60";"2";"miasto";"stały";"Szkoła Podstawowa Nr 1 im. Adama Mickiewicza w Sokółce, ul. Grodzieńska 43, 16-100 Sokółka";"gm. Sokółka";"sokólski";"podlaskie";"1172";"1261";"499";"673";"0";"0";"0";"0";"0";"0";"0";"0";"0";"673";"0";"0";"673";"11";"3";"8";"0";"662";"78";"289";"55";"240"
"4fed-55cd-bddf-e285-162e-0523-a599-7753";"201108";"60";"3";"miasto";"stały";"Przedszkole Nr 4 w Sokółce, ul. Kołłątaja 22, 16-100 Sokółka";"gm. Sokółka";"sokólski";"podlaskie";"1231";"1326";"467";"764";"0";"5";"0";"0";"0";"0";"0";"0";"0";"764";"0";"0";"764";"12";"4";"8";"0";"752";"99";"343";"67";"243"
"6b77-e44f-2693-01f3-a848-2fea-088a-bcd0";"201108";"60";"4";"miasto";"stały";"Sokólski Ośrodek Kultury w Sokółce, ul. Grodzieńska 1, 16-100 Sokółka";"gm. Sokółka";"sokólski";"podlaskie";"1495";"1600";"667";"828";"1";"4";"0";"0";"0";"0";"0";"0";"0";"827";"0";"0";"827";"25";"6";"19";"0";"802";"101";"361";"83";"257"
"d548-3aaa-0283-0b22-47ee-74a8-cae3-8b84";"201108";"60";"5";"miasto";"stały";"Przedszkole Nr 5 w Sokółce, Osiedle Centrum 18, 16-100 Sokółka";"gm. Sokółka";"sokólski";"podlaskie";"1470";"1574";"612";"858";"1";"6";"0";"0";"0";"0";"0";"0";"0";"857";"0";"0";"857";"17";"4";"13";"0";"840";"85";"406";"80";"269"
"0a1b-f0e8-c414-f7f9-b3dd-1cdb-f48f-2090";"201108";"60";"6";"miasto";"stały";"Zespół Szkół w Sokółce (hala sportowa), ul. Adama Mickiewicza 11, 16-100 Sokółka";"gm. Sokółka";"sokólski";"podlaskie";"2030";"2177";"692";"1338";"3";"7";"0";"0";"0";"0";"0";"0";"0";"1338";"0";"0";"1338";"22";"6";"16";"0";"1316";"173";"520";"153";"470"
"3690-e8d7-bca2-720a-e727-5d69-ec0b-0b9d";"201108";"60";"7";"miasto";"stały";"Szkoła Podstawowa z Oddziałami Integracyjnymi Nr 2 w Sokółce, ul. Szkolna 2, 16-100 Sokółka";"gm. Sokółka";"sokólski";"podlaskie";"1896";"2071";"741";"1155";"0";"7";"0";"0";"0";"0";"0";"0";"0";"1155";"0";"0";"1155";"23";"7";"16";"0";"1132";"142";"522";"113";"355"
"428c-bb21-a4fa-0dbd-c1fb-2700-535a-172f";"201108";"60";"8";"miasto";"stały";"Zespół Szkół Zawodowych im. Elizy Orzeszkowej w Sokółce, Os. Zielone 1a, 16-100 Sokółka";"gm. Sokółka";"sokólski";"podlaskie";"1810";"1955";"817";"993";"1";"1";"0";"0";"0";"0";"0";"0";"0";"993";"0";"0";"993";"18";"7";"11";"0";"975";"107";"492";"75";"301"
"ef79-911c-e86f-44c9-f032-9b6e-5e62-736a";"201108";"60";"9";"wieś";"stały";"Szkoła Podstawowa Nr 3 im. Walerego Wróblewskiego w Sokółce, Os. Zielone 2, 16-100 Sokółka";"gm. Sokółka";"sokólski";"podlaskie";"532";"576";"260";"272";"0";"0";"0";"0";"0";"0";"0";"0";"0";"272";"0";"0";"272";"4";"2";"2";"0";"268";"34";"157";"35";"42"
"d3ea-3750-ce6f-d033-2487-de11-b040-4b72";"201108";"60";"10";"wieś";"stały";"Szkoła Podstawowa z Oddziałami Integracyjnymi Nr 2 w Sokółce, ul. Szkolna 2, 16-100 Sokółka";"gm. Sokółka";"sokólski";"podlaskie";"1181";"1288";"619";"562";"0";"3";"0";"0";"0";"0";"0";"0";"0";"562";"0";"0";"562";"10";"2";"8";"0";"552";"57";"344";"59";"92"
"1dae-87b2-184d-d099-ca91-e146-efe9-0d59";"201108";"60";"11";"wieś";"stały";"Świetlica Wiejska w Sokolanach, Sokolany, 16-100 Sokółka";"gm. Sokółka";"sokólski";"podlaskie";"631";"613";"314";"317";"1";"0";"0";"0";"0";"0";"0";"0";"0";"317";"0";"0";"317";"4";"2";"2";"0";"313";"30";"215";"18";"50"
"5f02-7a42-8985-918b-923d-a012-aa90-626c";"201108";"60";"12";"wieś";"stały";"Szkoła Podstawowa w Starej Rozedrance, Stara Rozedranka 3, 16-100 Sokółka";"gm. Sokółka";"sokólski";"podlaskie";"709";"777";"336";"373";"0";"1";"0";"0";"0";"0";"0";"0";"0";"373";"0";"0";"373";"6";"3";"3";"0";"367";"57";"196";"41";"73"
"213f-9a03-ed61-9fc2-36b1-a879-14de-eef1";"201108";"60";"13";"wieś";"stały";"Szkoła Podstawowa w Malawiczach Dolnych, Malawicze Dolne 56, 16-100 Sokółka";"gm. Sokółka";"sokólski";"podlaskie";"640";"709";"298";"342";"0";"0";"0";"0";"0";"0";"0";"0";"0";"342";"0";"0";"342";"1";"1";"0";"0";"341";"40";"213";"35";"53"
"bacb-94c2-1ec7-0f13-c5f0-d3db-799a-eaf0";"201108";"60";"14";"wieś";"stały";"Szkoła Podstawowa w Starej Kamionce, Stara Kamionka 65, 16-100 Sokółka";"gm. Sokółka";"sokólski";"podlaskie";"651";"713";"289";"362";"0";"2";"0";"0";"0";"0";"0";"0";"0";"362";"0";"0";"362";"4";"1";"3";"0";"358";"37";"251";"27";"43"
"3c93-d31f-1cf7-c8c6-f446-7b8d-af27-fa45";"201108";"60";"15";"wieś";"stały";"Szkoła Podstawowa z Oddziałami Integracyjnymi w Janowszczyźnie, Janowszczyzna 42, 16-100 Sokółka";"gm. Sokółka";"sokólski";"podlaskie";"713";"784";"335";"378";"2";"1";"0";"0";"0";"0";"0";"0";"0";"378";"0";"0";"378";"8";"1";"7";"0";"370";"38";"238";"32";"62"
"50f9-4326-39d1-0d95-fa2a-8479-517e-0360";"201108";"60";"16";"wieś";"stały";"Szkoła Podstawowa Nr 1 im. Adama Mickiewicza w Sokółce, ul. Adama Mickiewicza 2a, 16-100 Sokółka";"gm. Sokółka";"sokólski";"podlaskie";"365";"398";"161";"204";"0";"3";"0";"0";"0";"0";"0";"0";"0";"204";"0";"0";"204";"2";"0";"2";"0";"202";"16";"144";"16";"26"
"d188-2142-5f56-0417-8162-ca80-499b-cc38";"201108";"60";"17";"miasto";"zakład leczniczy";"Samodzielny Publiczny Zakład Opieki Zdrowotnej, ul. gen. Władysława Sikorskiego 40, 16-100 Sokółka";"gm. Sokółka";"sokólski";"podlaskie";"102";"65";"38";"64";"0";"2";"0";"0";"0";"0";"0";"0";"0";"64";"0";"0";"64";"0";"0";"0";"0";"64";"12";"40";"5";"7"
"a3d8-f202-0ca1-04b5-516c-36fd-971c-2c4d";"201109";"60";"1";"wieś";"stały";"Zespół Szkół w Suchowoli, ul. Augustowska 2, 16-150 Suchowola";"gm. Suchowola";"sokólski";"podlaskie";"781";"860";"347";"434";"2";"7";"0";"0";"0";"0";"0";"0";"0";"434";"0";"0";"434";"5";"3";"2";"0";"429";"44";"281";"35";"69"
"d79d-2dd5-a56c-9f2f-119b-425f-841e-a0b6";"201109";"60";"2";"wieś";"stały";"Świetlica Wiejska, Jatwieź Duża 29, 16-150 Suchowola";"gm. Suchowola";"sokólski";"podlaskie";"273";"296";"135";"138";"1";"0";"0";"0";"0";"0";"0";"0";"0";"138";"0";"0";"138";"1";"0";"1";"0";"137";"21";"77";"12";"27"
"4265-ade9-360e-bac1-e4b0-3dd2-86ba-764b";"201109";"60";"3";"miasto";"stały";"Szkoła Podstawowa, ul. Szkolna 1, 16-150 Suchowola";"gm. Suchowola";"sokólski";"podlaskie";"866";"930";"380";"486";"2";"4";"0";"0";"0";"0";"0";"0";"0";"486";"0";"0";"486";"7";"1";"6";"0";"479";"78";"223";"57";"121"
"6901-7860-451a-74b2-f8fc-6493-4b61-87c7";"201109";"60";"4";"miasto";"stały";"Szkoła Podstawowa, ul. Szkolna 1, 16-150 Suchowola";"gm. Suchowola";"sokólski";"podlaskie";"783";"840";"293";"490";"4";"2";"0";"0";"0";"0";"0";"0";"0";"490";"0";"0";"490";"9";"1";"8";"0";"481";"51";"248";"50";"132"
"15c1-bb78-4158-8689-4e61-437f-d088-deec";"201109";"60";"5";"wieś";"stały";"Kino ""Kometa"", Plac Kościuszki 5, 16-150 Suchowola";"gm. Suchowola";"sokólski";"podlaskie";"1061";"1137";"497";"564";"0";"1";"0";"0";"0";"0";"0";"0";"0";"564";"0";"0";"564";"7";"1";"6";"0";"557";"60";"414";"37";"46"
"1ae8-ef8f-5dff-1333-cf08-4cf7-ba26-4259";"201109";"60";"6";"wieś";"stały";"Szkoła Podstawowa, Chodorówka Nowa 17, 16-150 Suchowola";"gm. Suchowola";"sokólski";"podlaskie";"785";"857";"335";"450";"1";"2";"0";"0";"0";"0";"0";"0";"0";"450";"0";"0";"450";"4";"0";"4";"0";"446";"63";"298";"34";"51"
"4cf5-e9e5-0bde-6af6-cc48-7196-79b7-65c3";"201109";"60";"7";"wieś";"stały";"Świetlica Wiejska, Wólka 68, 16-150 Suchowola";"gm. Suchowola";"sokólski";"podlaskie";"609";"687";"263";"346";"2";"1";"0";"0";"0";"0";"0";"0";"0";"346";"0";"0";"346";"5";"2";"3";"0";"341";"35";"269";"13";"24"
"2368-b5b2-8490-c79e-e568-5540-f74c-d7e5";"201110";"60";"1";"wieś";"stały";"Szkoła Podstawowa, ul. Szkolna 1A, 16-113 Szudziałowo";"gm. Szudziałowo";"sokólski";"podlaskie";"491";"525";"219";"272";"0";"1";"0";"0";"0";"0";"0";"0";"0";"272";"0";"0";"272";"10";"0";"10";"0";"262";"40";"139";"31";"52"
"aca6-2af2-7ed8-7657-7005-3813-71f9-eedf";"201110";"60";"2";"wieś";"stały";"Urząd Gminy, ul. Bankowa 1, 16-113 Szudziałowo";"gm. Szudziałowo";"sokólski";"podlaskie";"742";"811";"366";"376";"1";"3";"0";"0";"0";"0";"0";"0";"0";"376";"0";"0";"376";"12";"1";"11";"0";"364";"37";"186";"27";"114"
"62a2-a3b7-9695-e897-78a0-bb82-59cf-0111";"201110";"60";"3";"wieś";"stały";"Remiza OSP, Wierzchlesie 94, 16-113 Szudziałowo";"gm. Szudziałowo";"sokólski";"podlaskie";"254";"273";"118";"136";"0";"3";"0";"0";"0";"0";"0";"0";"0";"136";"0";"0";"136";"3";"1";"2";"0";"133";"18";"60";"14";"41"
"5980-755b-2320-7773-8c25-375b-eb6e-d593";"201110";"60";"4";"wieś";"stały";"Szkoła Podstawowa, Babiki 22A, 16-113 Szudziałowo";"gm. Szudziałowo";"sokólski";"podlaskie";"752";"818";"354";"398";"0";"2";"1";"1";"0";"0";"0";"0";"1";"399";"1";"0";"399";"11";"2";"9";"0";"388";"46";"253";"27";"62"
"e3b8-5d80-ed09-cb7a-59b2-a7cf-a10f-70af";"206101";"60";"1";"miasto";"stały";"Szkoła Podstawowa Nr 2, ul. Bohaterów Monte Cassino 25, 15-873 Białystok";"m. Białystok";"Białystok";"podlaskie";"1109";"1212";"308";"800";"1";"7";"1";"1";"0";"0";"0";"0";"1";"800";"1";"1";"799";"10";"2";"8";"0";"789";"67";"311";"79";"332"
"dabe-2031-1486-f304-891d-2dd8-1415-b9e3";"206101";"60";"2";"miasto";"stały";"Szkoła Podstawowa Nr 2, ul. Bohaterów Monte Cassino 25, 15-873 Białystok";"m. Białystok";"Białystok";"podlaskie";"900";"988";"235";"665";"3";"5";"0";"0";"0";"0";"0";"0";"0";"665";"0";"2";"663";"8";"8";"0";"0";"655";"51";"300";"47";"257"
"a74a-41d9-8bfc-1ed2-5ce6-c29f-5fb6-3354";"206101";"60";"3";"miasto";"stały";"Zespół Szkół Technicznych, ul. Stołeczna 21, 15-879 Białystok";"m. Białystok";"Białystok";"podlaskie";"1170";"1298";"323";"847";"3";"5";"0";"0";"0";"0";"0";"0";"0";"847";"0";"0";"847";"12";"11";"1";"0";"835";"75";"354";"76";"330"
"d5be-af7e-7b3d-f65a-59fd-e856-18e8-9285";"206101";"60";"4";"miasto";"stały";"X Liceum Ogólnokształcące, ul. Stołeczna 6, 15-879 Białystok";"m. Białystok";"Białystok";"podlaskie";"1099";"1216";"283";"816";"3";"13";"0";"0";"0";"0";"0";"0";"0";"816";"0";"0";"816";"8";"5";"3";"0";"808";"51";"323";"65";"369"
"0087-a5d4-cf04-818e-2779-d1bb-217e-f246";"206101";"60";"5";"miasto";"stały";"Szkoła Podstawowa Nr 2, ul. Bohaterów Monte Cassino 25, 15-873 Białystok";"m. Białystok";"Białystok";"podlaskie";"1138";"1262";"296";"842";"0";"6";"0";"0";"0";"0";"0";"0";"0";"842";"0";"0";"842";"18";"10";"8";"0";"824";"85";"252";"72";"415"
"a1b0-66c6-a949-7dc5-3ae2-c161-6a3b-595c";"206101";"60";"6";"miasto";"stały";"IV Liceum Ogólnokształcące, ul. Zwierzyniecka 9a, 15-312 Białystok";"m. Białystok";"Białystok";"podlaskie";"1248";"1423";"362";"886";"2";"4";"1";"1";"0";"0";"0";"0";"1";"887";"1";"0";"887";"11";"1";"10";"0";"876";"62";"331";"89";"394"
"5271-7472-e51f-e161-8023-6a51-51ee-5cd4";"206101";"60";"7";"miasto";"stały";"IV Liceum Ogólnokształcące, ul. Zwierzyniecka 9a, 15-312 Białystok";"m. Białystok";"Białystok";"podlaskie";"699";"821";"162";"537";"3";"11";"0";"0";"0";"0";"0";"0";"0";"537";"0";"0";"537";"11";"3";"8";"0";"526";"40";"212";"70";"204"
"ca87-55a7-4454-3373-7511-c028-41c1-b3f0";"206101";"60";"8";"miasto";"stały";"Szkoła Podstawowa Nr 6, ul. Wesoła 11a, 15-307 Białystok";"m. Białystok";"Białystok";"podlaskie";"1110";"1290";"197";"913";"1";"16";"0";"0";"0";"0";"0";"0";"0";"913";"0";"0";"913";"15";"2";"13";"0";"898";"76";"316";"78";"428"
"3254-ee79-2851-6f6d-b4a2-86e2-0311-020d";"206101";"60";"9";"miasto";"stały";"Szkoła Podstawowa nr 9, ul. Legionowa 7, 15-281 Białystok";"m. Białystok";"Białystok";"podlaskie";"1320";"1554";"214";"1106";"4";"11";"0";"0";"0";"0";"0";"0";"0";"1105";"0";"0";"1105";"20";"15";"5";"0";"1085";"79";"328";"107";"571"
"f384-1f33-1253-9fec-d2be-f228-8c2b-26ba";"206101";"60";"10";"miasto";"stały";"Szkoła Podstawowa nr 9, ul. Legionowa 7, 15-281 Białystok";"m. Białystok";"Białystok";"podlaskie";"992";"1113";"232";"760";"0";"16";"0";"0";"0";"0";"0";"0";"0";"759";"0";"0";"759";"18";"3";"15";"0";"741";"51";"285";"74";"331"
"3ee4-f843-fb08-7c31-ec25-9d83-3194-cf98";"206101";"60";"11";"miasto";"stały";"Przedszkole Samorządowe Nr 25, Waszyngtona 4, 15-274 Białystok";"m. Białystok";"Białystok";"podlaskie";"950";"1060";"307";"642";"4";"19";"1";"1";"0";"0";"0";"0";"1";"644";"1";"0";"644";"11";"4";"7";"0";"633";"66";"195";"76";"296"
"a5a4-51b9-85f5-b61f-fea5-9435-fdf6-79c3";"206101";"60";"12";"miasto";"stały";"Przedszkole Samorządowe Nr 52, ul. Waszyngtona 16, 15-274 Białystok";"m. Białystok";"Białystok";"podlaskie";"1161";"1316";"306";"855";"1";"13";"0";"0";"0";"0";"0";"0";"0";"854";"0";"0";"854";"15";"3";"12";"0";"839";"77";"271";"74";"417"
"dfa0-f226-9cd2-04e4-1639-f4d8-63a2-1f0a";"206101";"60";"13";"miasto";"stały";"Szkoła Podstawowa Nr 34, Białystok ul. Pogodna 12, 15-354 Bialystok";"m. Białystok";"Białystok";"podlaskie";"1470";"1628";"460";"1010";"3";"17";"0";"0";"0";"0";"0";"0";"0";"1009";"0";"3";"1006";"23";"10";"13";"0";"983";"125";"347";"92";"419"
"3727-ed33-5302-1cbd-595e-8383-646f-f3ce";"206101";"60";"14";"miasto";"stały";"Szkoła Podstawowa Nr 34, ul. Pogodna 12, 15-354 Białystok";"m. Białystok";"Białystok";"podlaskie";"1270";"1436";"219";"1051";"0";"13";"0";"0";"0";"0";"0";"0";"0";"1051";"0";"0";"1051";"15";"11";"4";"0";"1036";"79";"319";"102";"536"
"e419-3c35-f625-f27d-065b-a386-045e-cd8a";"206101";"60";"15";"miasto";"stały";"Zarząd Mienia Komunalnego, Białystok ul. Bema 89/1, 15-370 Bialystok";"m. Białystok";"Białystok";"podlaskie";"1398";"1525";"479";"919";"3";"10";"0";"0";"0";"0";"0";"0";"0";"919";"0";"0";"919";"24";"9";"15";"0";"895";"87";"330";"99";"379"
"1040-859a-b79a-4c50-db87-6e9e-09c2-705d";"206101";"60";"16";"miasto";"stały";"Zespół Szkół Handlowo-Ekonomicznych, ul. Bema 105, 15-370 Białystok";"m. Białystok";"Białystok";"podlaskie";"1958";"2160";"519";"1439";"2";"10";"1";"1";"0";"0";"0";"0";"1";"1440";"1";"0";"1440";"30";"12";"18";"0";"1410";"103";"457";"193";"657"
"fc87-9d0e-8f8b-00aa-a207-fa73-e0b9-d026";"206101";"60";"17";"miasto";"stały";"Zespół Szkół Handlowo-Ekonomicznych, ul. Bema 105, 15-370 Białystok";"m. Białystok";"Białystok";"podlaskie";"1257";"1391";"455";"802";"1";"8";"0";"0";"0";"0";"0";"0";"0";"801";"0";"0";"801";"19";"11";"8";"0";"782";"85";"328";"74";"295"
"8aea-07c5-ce07-1c7a-a711-882d-6ca4-5294";"206101";"60";"18";"miasto";"stały";"Zespół Szkolno-Przedszkolny Nr 2, ul. Pułaskiego 25, 15-337 Białystok";"m. Białystok";"Białystok";"podlaskie";"1267";"1397";"272";"995";"0";"9";"0";"0";"0";"0";"0";"0";"0";"995";"0";"0";"995";"28";"13";"15";"0";"967";"63";"296";"101";"507"
"1c9a-1fc9-ec0c-9404-e1ea-8bec-2afa-d59a";"206101";"60";"19";"miasto";"stały";"Zespół Szkolno-Przedszkolny Nr 2, ul. Pułaskiego 25, 15-337 Białystok";"m. Białystok";"Białystok";"podlaskie";"1178";"1318";"264";"914";"0";"6";"2";"2";"0";"0";"0";"0";"2";"916";"2";"0";"916";"15";"8";"7";"0";"901";"75";"287";"85";"454"
"0e55-13ca-de6f-abe8-3d6b-8387-2751-f6e2";"206101";"60";"20";"miasto";"stały";"Zespół Szkolno-Przedszkolny Nr 2, ul. Pułaskiego 25, 15-337 Białystok";"m. Białystok";"Białystok";"podlaskie";"1279";"1448";"204";"1075";"3";"19";"0";"0";"0";"0";"0";"0";"0";"1055";"0";"0";"1055";"26";"10";"16";"0";"1029";"83";"367";"73";"506"
"4633-61cd-0443-994f-9547-8f4d-7f9a-4581";"206101";"60";"21";"miasto";"stały";"Przedszkole Samorządowe Nr 1, ul. Kawaleryjska 70, 15-325 Białystok";"m. Białystok";"Białystok";"podlaskie";"1080";"1204";"246";"834";"1";"7";"0";"0";"0";"0";"0";"0";"0";"834";"0";"0";"834";"13";"3";"10";"0";"821";"68";"299";"98";"356"
"ec6c-bd5b-5db8-0bca-19d4-4eca-9bff-fa4c";"206101";"60";"22";"miasto";"stały";"Przedszkole Samorządowe Nr 64, ul. Dubois 12, 15-349 Białystok";"m. Białystok";"Białystok";"podlaskie";"1388";"1539";"363";"1025";"0";"7";"0";"0";"0";"0";"0";"0";"0";"1025";"0";"0";"1025";"18";"9";"9";"0";"1007";"87";"401";"124";"395"
"c7ff-df9f-4f10-f5be-4ebf-86cd-ad21-8431";"206101";"60";"23";"miasto";"stały";"Przedszkole Samorządowe Nr 32, ul. Pułaskiego 55, 15-337 Białystok";"m. Białystok";"Białystok";"podlaskie";"1179";"1289";"302";"877";"0";"11";"0";"0";"0";"0";"0";"0";"0";"877";"0";"0";"877";"17";"7";"10";"0";"860";"60";"360";"105";"335"
"3bde-8133-84e7-fc74-3fa3-2b0b-f294-dd9d";"206101";"60";"24";"miasto";"stały";"Szkoła Podstawowa Nr 50, ul. Pułaskiego 96, 15-338 Białystok";"m. Białystok";"Białystok";"podlaskie";"1241";"1352";"372";"869";"0";"7";"0";"0";"0";"0";"0";"0";"0";"869";"0";"0";"869";"19";"7";"12";"0";"850";"89";"339";"107";"315"
"992f-6644-e7da-d3c3-50e1-3d55-5f24-c435";"206101";"60";"25";"miasto";"stały";"Szkoła Podstawowa Nr 50, ul. Pułaskiego 96, 15-338 Białystok";"m. Białystok";"Białystok";"podlaskie";"1475";"1587";"495";"980";"1";"7";"0";"0";"0";"0";"0";"0";"0";"980";"0";"0";"980";"23";"10";"13";"0";"957";"67";"390";"120";"380"
"a5c0-15a7-cfc9-a740-6b7b-0d74-c6a3-7d25";"206101";"60";"26";"miasto";"stały";"Szkoła Podstawowa Nr 50, ul. Pułaskiego 96, 15-338 Białystok";"m. Białystok";"Białystok";"podlaskie";"1280";"1459";"370";"910";"0";"9";"0";"0";"0";"0";"0";"0";"0";"909";"0";"0";"909";"15";"5";"10";"0";"894";"80";"322";"85";"407"
"ed57-5c2b-ddb6-b0d3-eccb-18a3-8378-8c5e";"206101";"60";"27";"miasto";"stały";"Szkoła Podstawowa Nr 50, ul. Pułaskiego 96, 15-338 Białystok";"m. Białystok";"Białystok";"podlaskie";"1617";"1795";"353";"1264";"2";"15";"0";"0";"0";"0";"0";"0";"0";"1264";"0";"0";"1264";"16";"7";"9";"0";"1248";"103";"420";"122";"603"
"5a55-98e5-ec97-8a5f-51b9-cdb1-9c15-bdba";"206101";"60";"28";"miasto";"stały";"Szkoła Podstawowa Nr 50, ul. Pułaskiego 96, 15-338 Białystok";"m. Białystok";"Białystok";"podlaskie";"1197";"1342";"202";"995";"1";"6";"0";"0";"0";"0";"0";"0";"0";"995";"0";"0";"995";"13";"4";"9";"0";"982";"72";"362";"151";"397"
"4ba6-d313-cd84-0edc-bf76-70e6-c6c4-475e";"206101";"60";"29";"miasto";"stały";"Szkoła Podstawowa nr 9, ul. Legionowa 7, 15-281 Białystok";"m. Białystok";"Białystok";"podlaskie";"588";"761";"121";"467";"0";"47";"0";"0";"0";"0";"0";"0";"0";"467";"0";"0";"467";"8";"2";"6";"0";"459";"37";"156";"43";"223"
"53c6-133f-13ef-15a7-6d52-fd68-95d7-261d";"206101";"60";"30";"miasto";"stały";"I Liceum Ogólnokształcące, ul. Brukowa 2, 15-889 Białystok";"m. Białystok";"Białystok";"podlaskie";"716";"820";"234";"482";"2";"10";"0";"0";"0";"0";"0";"0";"0";"482";"0";"0";"482";"12";"4";"8";"0";"470";"36";"157";"69";"208"
"6a1d-5600-9b63-d24f-d5a4-5e7d-8c16-ec4e";"206101";"60";"31";"miasto";"stały";"Szkoła Podstawowa Nr 4, ul. Częstochowska 6a, 15-459 Białystok";"m. Białystok";"Białystok";"podlaskie";"1007";"1175";"366";"641";"1";"15";"1";"1";"0";"0";"0";"0";"1";"642";"1";"0";"642";"15";"9";"6";"0";"627";"73";"208";"69";"277"
"bf08-f1a1-0527-832f-c249-dd1a-0cdd-3a77";"206101";"60";"32";"miasto";"stały";"Szkoła Podstawowa Nr 4, ul. Częstochowska 6a, 15-459 Białystok";"m. Białystok";"Białystok";"podlaskie";"1076";"1200";"344";"732";"2";"21";"0";"0";"0";"0";"0";"0";"0";"732";"0";"0";"732";"20";"4";"16";"0";"712";"51";"251";"70";"340"
"8538-ab56-4fe4-596b-31e5-7c25-891a-e451";"206101";"60";"33";"miasto";"stały";"Zespół Placówek Szkolno-Wychowawczych, ul. Krakowska 19, 15-875 Białystok";"m. Białystok";"Białystok";"podlaskie";"740";"821";"278";"462";"5";"10";"1";"1";"0";"0";"0";"0";"1";"463";"1";"0";"463";"12";"4";"8";"0";"451";"42";"158";"38";"213"
"bafa-ed32-20ab-d39f-3367-0515-0ea5-2de4";"206101";"60";"34";"miasto";"stały";"Przedszkole Samorządowe Nr 10, Al. Piłsudskiego 34, 15-446 Białystok";"m. Białystok";"Białystok";"podlaskie";"1000";"1114";"343";"657";"2";"14";"0";"0";"0";"0";"0";"0";"0";"657";"0";"0";"657";"13";"3";"10";"0";"644";"51";"213";"64";"316"
"5edc-7c26-a3e8-eb06-b25d-e4ab-01ce-7eca";"206101";"60";"35";"miasto";"stały";"Niepubliczna Szkoła Podstawowa św. św. Cyryla i Metodego, ul. Waryńskiego 30, 15-461 Białystok";"m. Białystok";"Białystok";"podlaskie";"1155";"1283";"475";"680";"1";"9";"0";"0";"0";"0";"0";"0";"0";"680";"0";"0";"680";"12";"1";"11";"0";"668";"72";"254";"69";"273"
"d92c-309e-948f-f867-8bbf-6762-db8d-4554";"206101";"60";"36";"miasto";"stały";"Niepubliczna Szkoła Podstawowa św. św. Cyryla i Metodego, ul. Waryńskiego 30, 15-461 Białystok";"m. Białystok";"Białystok";"podlaskie";"1206";"1308";"476";"730";"3";"1";"0";"0";"0";"0";"0";"0";"0";"730";"0";"0";"730";"9";"4";"5";"0";"721";"64";"308";"93";"256"
"6847-4405-1a5e-5266-6f99-ca57-b588-6684";"206101";"60";"37";"miasto";"stały";"Białostocki Ośrodek Sportu i Rekreacji, ul. Włókiennicza 4, 15-465 Białystok";"m. Białystok";"Białystok";"podlaskie";"1006";"1104";"319";"687";"0";"8";"1";"1";"0";"0";"0";"0";"1";"687";"1";"0";"687";"10";"0";"10";"0";"677";"59";"258";"64";"296"
"a645-44e7-fbc2-821c-26b0-faeb-3d9a-91fb";"206101";"60";"38";"miasto";"stały";"Szkoła Podstawowa Nr 26, ul. Radzymińska 11, 15-863 Białystok";"m. Białystok";"Białystok";"podlaskie";"1286";"1392";"299";"987";"1";"7";"0";"0";"0";"0";"0";"0";"0";"987";"0";"0";"987";"19";"4";"15";"0";"968";"89";"407";"70";"402"
"2fe5-96f2-6815-404a-13e1-14ab-f62e-cba5";"206101";"60";"39";"miasto";"stały";"Przedszkole Samorządowe Nr 55, ul. Kozłowa 25, 15-868 Białystok";"m. Białystok";"Białystok";"podlaskie";"890";"967";"233";"657";"0";"4";"0";"0";"0";"0";"0";"0";"0";"656";"0";"0";"656";"11";"2";"9";"0";"645";"54";"275";"62";"254"
"5d3d-0c0c-7ae4-bed6-8d58-36ba-436e-9fd4";"206101";"60";"40";"miasto";"stały";"Szkoła Podstawowa Nr 26, ul. Radzymińska 11, 15-863 Białystok";"m. Białystok";"Białystok";"podlaskie";"1199";"1284";"346";"853";"1";"3";"0";"0";"0";"0";"0";"0";"0";"853";"0";"0";"853";"15";"3";"12";"0";"838";"73";"350";"82";"333"
"4528-bd52-8501-d9e9-495f-82f7-7103-c24f";"206101";"60";"41";"miasto";"stały";"Szkoła Podstawowa nr 42, ul. Sokólska 1, 15-865 Białystok";"m. Białystok";"Białystok";"podlaskie";"1237";"1328";"402";"835";"5";"1";"0";"0";"0";"0";"0";"0";"0";"835";"0";"0";"835";"8";"0";"8";"0";"827";"78";"350";"79";"320"
"4695-6af1-48e7-26c4-c647-d27f-6203-46bd";"206101";"60";"42";"miasto";"stały";"Szkoła Podstawowa nr 42, ul. Sokólska 1, 15-865 Białystok";"m. Białystok";"Białystok";"podlaskie";"1340";"1447";"302";"1035";"1";"6";"1";"1";"0";"0";"0";"0";"1";"1036";"1";"0";"1036";"21";"15";"6";"0";"1015";"83";"436";"88";"408"
"0b37-b5e0-c5d3-fc51-1152-55be-40a1-31aa";"206101";"60";"43";"miasto";"stały";"Szkoła Podstawowa nr 42, ul. Sokólska 1, 15-865 Białystok";"m. Białystok";"Białystok";"podlaskie";"1027";"1131";"256";"771";"1";"9";"0";"0";"0";"0";"0";"0";"0";"771";"0";"0";"771";"20";"6";"14";"0";"751";"66";"319";"74";"292"
"ab54-cbad-8b0a-2b91-def1-3f10-cc9b-6081";"206101";"60";"44";"miasto";"stały";"Zespół Szkół Elektrycznych, Al. Tysiąclecia Państwa Polskiego 14, 15-111 Białystok";"m. Białystok";"Białystok";"podlaskie";"1875";"2120";"292";"1583";"1";"29";"0";"0";"0";"0";"0";"0";"0";"1583";"0";"0";"1583";"25";"17";"8";"0";"1558";"154";"496";"215";"693"
"a0cc-bf82-6d32-4f03-9174-3fef-5380-3f26";"206101";"60";"45";"miasto";"stały";"Szkoła Podstawowa Nr 11, ul. Poleska 27, 15-114 Białystok";"m. Białystok";"Białystok";"podlaskie";"1068";"1244";"291";"777";"1";"26";"1";"1";"0";"0";"0";"0";"1";"777";"1";"0";"777";"10";"4";"6";"0";"767";"72";"306";"86";"303"
"deb5-23ef-5975-3a7e-91f5-dfe7-7cc8-0b15";"206101";"60";"46";"miasto";"stały";"Szkoła Podstawowa Nr 11, ul. Poleska 27, 15-114 Białystok";"m. Białystok";"Białystok";"podlaskie";"1090";"1202";"324";"774";"3";"9";"0";"0";"0";"0";"0";"0";"0";"774";"0";"0";"774";"16";"3";"13";"0";"758";"58";"320";"65";"315"
"0c3d-9f04-f796-99c6-4400-f0ba-aead-cdd1";"206101";"60";"47";"miasto";"stały";"Zespół Szkół Technicznych i Ogólnokształcących, ul. Sienkiewicza 57, 15-002 Białystok";"m. Białystok";"Białystok";"podlaskie";"948";"1059";"194";"754";"3";"7";"0";"0";"0";"0";"0";"0";"0";"754";"0";"0";"754";"8";"3";"5";"0";"746";"57";"243";"73";"373"
"83a4-fcc3-a02c-3b16-673f-9647-87a9-1a9a";"206101";"60";"48";"miasto";"stały";"Zespół Szkół Technicznych i Ogólnokształcących, ul. Sienkiewicza 57, 15-002 Białystok";"m. Białystok";"Białystok";"podlaskie";"850";"928";"266";"584";"0";"7";"0";"0";"0";"0";"0";"0";"0";"583";"0";"0";"583";"12";"3";"9";"0";"571";"45";"217";"61";"248"
"3fc7-54a6-3488-554c-85c9-d0ea-a728-0586";"206101";"60";"49";"miasto";"stały";"Publiczne Gimnazjum Nr 4, ul. Ciepła 32, 15-472 Białystok";"m. Białystok";"Białystok";"podlaskie";"1230";"1344";"323";"907";"2";"2";"0";"0";"0";"0";"0";"0";"0";"906";"0";"0";"906";"17";"5";"12";"0";"889";"81";"358";"96";"354"
"6515-bfd8-dce1-6e20-8124-4e5b-9049-3abd";"206101";"60";"50";"miasto";"stały";"Żłobek Miejski Nr 3, ul. Wasilkowska 4, 15-137 Białystok";"m. Białystok";"Białystok";"podlaskie";"1376";"1520";"393";"983";"1";"10";"0";"0";"0";"0";"0";"0";"0";"983";"0";"0";"983";"27";"9";"18";"0";"956";"91";"345";"104";"416"
"8795-fbe2-7bdb-f8b9-4aae-2383-5234-e5f4";"206101";"60";"51";"miasto";"stały";"Przedszkole Samorządowe Nr 45, ul. Gen. Sosabowskiego 6, 15-182 Białystok";"m. Białystok";"Białystok";"podlaskie";"1030";"1134";"282";"748";"0";"3";"0";"0";"0";"0";"0";"0";"0";"746";"0";"1";"745";"13";"6";"7";"0";"732";"55";"324";"86";"267"
"561a-1c5a-f510-a416-ea51-39ee-85bd-1960";"206101";"60";"52";"miasto";"stały";"Szkoła Podstawowa Nr 8, ul. Jesienna 8, 15-151 Białystok";"m. Białystok";"Białystok";"podlaskie";"1466";"1473";"482";"984";"0";"3";"0";"0";"0";"0";"0";"0";"0";"984";"0";"0";"984";"18";"11";"7";"0";"966";"99";"395";"97";"375"
"85d3-fcdf-a152-fce6-c6f9-b892-7c2e-0e3e";"206101";"60";"53";"miasto";"stały";"Szkoła Podstawowa Nr 8, ul. Jesienna 8, 15-151 Białystok";"m. Białystok";"Białystok";"podlaskie";"1360";"1401";"462";"898";"2";"4";"0";"0";"0";"0";"0";"0";"0";"898";"0";"0";"898";"15";"5";"10";"0";"883";"79";"379";"95";"330"
"68a9-821b-7107-8f87-169f-abc0-e188-5a9b";"206101";"60";"54";"miasto";"stały";"Szkoła Podstawowa Nr 51, ul. Kluka 11A, 15-197 Białystok";"m. Białystok";"Białystok";"podlaskie";"1010";"1093";"263";"747";"0";"2";"1";"1";"0";"0";"0";"0";"1";"748";"1";"0";"748";"11";"7";"4";"0";"737";"84";"315";"58";"280"
"c7b6-2d42-6809-1723-400b-ca0f-8ad3-9824";"206101";"60";"55";"miasto";"stały";"Szkoła Podstawowa Nr 51, ul. Kluka 11A, 15-197 Białystok";"m. Białystok";"Białystok";"podlaskie";"1680";"1928";"489";"1191";"8";"5";"0";"0";"0";"0";"0";"0";"0";"1191";"0";"0";"1191";"20";"7";"13";"0";"1171";"86";"431";"164";"490"
"4c65-c16b-1b0a-447e-67b6-6550-9778-495a";"206101";"60";"56";"miasto";"stały";"Szkoła Podstawowa Nr 51, ul. Kluka 11A, 15-197 Białystok";"m. Białystok";"Białystok";"podlaskie";"2117";"2337";"448";"1669";"1";"6";"0";"0";"0";"0";"0";"0";"0";"1669";"0";"0";"1669";"22";"10";"12";"0";"1647";"147";"508";"187";"805"
"9cab-8929-a01a-25c8-7f45-0bf0-249e-b544";"206101";"60";"57";"miasto";"stały";"Szkoła Podstawowa Nr 51, ul. Kluka 11A, 15-197 Białystok";"m. Białystok";"Białystok";"podlaskie";"1251";"1373";"338";"913";"2";"19";"0";"0";"0";"0";"0";"0";"0";"913";"0";"0";"913";"15";"5";"10";"0";"898";"70";"422";"93";"313"
"bd12-4243-630a-e900-fd0d-df62-bd04-73ab";"206101";"60";"58";"miasto";"stały";"Szkoła Podstawowa nr 32, ul. Pietrasze 29, 15-131 Białystok";"m. Białystok";"Białystok";"podlaskie";"1546";"1557";"452";"1094";"1";"5";"1";"1";"1";"0";"0";"0";"0";"1094";"0";"0";"1094";"24";"10";"14";"0";"1070";"91";"480";"92";"407"
"b62e-9865-8fd8-5d11-b084-1349-9b27-9c0a";"206101";"60";"59";"miasto";"stały";"Szkoła Podstawowa nr 32, ul. Pietrasze 29, 15-131 Białystok";"m. Białystok";"Białystok";"podlaskie";"1632";"1783";"447";"1185";"5";"9";"0";"0";"0";"0";"0";"0";"0";"1183";"0";"0";"1183";"23";"8";"15";"0";"1160";"85";"436";"117";"522"
"eeb2-7111-51a0-10a1-4456-41ca-5225-a646";"206101";"60";"60";"miasto";"stały";"Szkoła Podstawowa nr 32, ul. Pietrasze 29, 15-131 Białystok";"m. Białystok";"Białystok";"podlaskie";"1540";"1669";"400";"1140";"0";"4";"0";"0";"0";"0";"0";"0";"0";"1140";"0";"0";"1140";"14";"3";"11";"0";"1126";"77";"512";"119";"418"
"043c-3b26-1868-676a-c054-1df4-32cb-a67c";"206101";"60";"61";"miasto";"stały";"Prywatna Szkoła Podstawowa Nr 1, ul. Boruty 18, 15-157 Białystok";"m. Białystok";"Białystok";"podlaskie";"1459";"1577";"290";"1169";"1";"4";"0";"0";"0";"0";"0";"0";"0";"1169";"0";"0";"1169";"13";"3";"10";"0";"1156";"83";"443";"106";"524"
"3767-1cf8-1256-1939-2591-b4fb-757e-a9dd";"206101";"60";"62";"miasto";"stały";"Prywatna Szkoła Podstawowa Nr 1, ul. Boruty 18, 15-157 Białystok";"m. Białystok";"Białystok";"podlaskie";"900";"974";"206";"694";"0";"3";"0";"0";"0";"0";"0";"0";"0";"692";"0";"0";"692";"16";"11";"5";"0";"676";"46";"310";"60";"260"
"0042-ebb6-400a-e314-5cf7-248e-9e79-84a4";"206101";"60";"63";"miasto";"stały";"Prywatna Szkoła Podstawowa Nr 1, ul. Boruty 18, 15-157 Białystok";"m. Białystok";"Białystok";"podlaskie";"1601";"1750";"296";"1305";"1";"10";"0";"0";"0";"0";"0";"0";"0";"1308";"0";"2";"1306";"18";"4";"14";"0";"1288";"102";"457";"105";"624"
"b1df-bb43-4577-6949-1063-e6b4-a3fc-6168";"206101";"60";"64";"miasto";"stały";"VI Liceum Ogólnokształcące, ul. Warszawska 8, 15-063 Białystok";"m. Białystok";"Białystok";"podlaskie";"630";"682";"183";"447";"0";"5";"0";"0";"0";"0";"0";"0";"0";"447";"0";"0";"447";"16";"4";"12";"0";"431";"28";"180";"41";"182"
"7e6e-975b-4248-c8ae-b5d2-2ad0-b828-72f8";"206101";"60";"65";"miasto";"stały";"Zespół Szkół Ogólnokształcących Nr 3 (III Liceum Ogólnokształcące), ul. Pałacowa 2/1, 15-042 Białystok";"m. Białystok";"Białystok";"podlaskie";"1198";"1317";"258";"940";"3";"19";"1";"1";"0";"0";"0";"0";"1";"941";"1";"0";"941";"16";"2";"14";"0";"925";"66";"260";"71";"528"
"e1be-a400-4ae2-af57-6fb1-72aa-ad7a-c3b9";"206101";"60";"66";"miasto";"stały";"Przedszkole Samorządowe Nr 22, ul. Łąkowa 17, 15-017 Białystok";"m. Białystok";"Białystok";"podlaskie";"770";"950";"83";"687";"1";"10";"0";"0";"0";"0";"0";"0";"0";"687";"0";"0";"687";"13";"4";"9";"0";"674";"51";"261";"78";"284"
"d6fc-1e80-2e0e-384d-953f-fb56-6a9c-5a9a";"206101";"60";"67";"miasto";"stały";"Szkoła Podstawowa Nr 5, ul. Kamienna 15, 15-021 Białystok";"m. Białystok";"Białystok";"podlaskie";"1149";"1249";"237";"912";"0";"2";"0";"0";"0";"0";"0";"0";"0";"912";"0";"0";"912";"17";"3";"14";"0";"895";"50";"296";"106";"443"
"cdef-b89b-3efb-ae92-627b-c22f-6422-5beb";"206101";"60";"68";"miasto";"stały";"Szkoła Podstawowa Nr 5, ul. Kamienna 15, 15-021 Białystok";"m. Białystok";"Białystok";"podlaskie";"1320";"1465";"356";"964";"2";"6";"0";"0";"0";"0";"0";"0";"0";"964";"0";"0";"964";"17";"1";"16";"0";"947";"74";"341";"92";"440"
"5a5d-8461-48c5-d604-1fc9-8d68-dd90-deaa";"206101";"60";"69";"miasto";"stały";"Zespół Szkół Budowlano-Geodezyjnych, ul. Słonimska 47/1, 15-029 Białystok";"m. Białystok";"Białystok";"podlaskie";"1431";"1546";"354";"1077";"1";"4";"0";"0";"0";"0";"0";"0";"0";"1077";"0";"0";"1077";"17";"6";"11";"0";"1060";"91";"382";"132";"455"
"ff9f-9984-f852-a8a2-cfa0-e343-3e80-ac1a";"206101";"60";"70";"miasto";"stały";"Szkoła Podstawowa nr 10, ul. Spacerowa 6, 15-040 Białystok";"m. Białystok";"Białystok";"podlaskie";"931";"1036";"263";"668";"1";"3";"0";"0";"0";"0";"0";"0";"0";"668";"0";"0";"668";"10";"4";"6";"0";"658";"48";"271";"55";"284"
"de54-804c-bec9-9c50-9890-00b6-1d12-e2c7";"206101";"60";"71";"miasto";"stały";"Szkoła Podstawowa nr 10, ul. Spacerowa 6, 15-040 Białystok";"m. Białystok";"Białystok";"podlaskie";"1253";"1367";"348";"905";"1";"2";"0";"0";"0";"0";"0";"0";"0";"905";"0";"0";"905";"14";"5";"9";"0";"891";"71";"344";"83";"393"
"17e2-3dfe-7118-e229-966f-528a-b35d-6368";"206101";"60";"72";"miasto";"stały";"Przedszkole Samorządowe Nr 68, ul. Mieszka I 19, 15-054 Białystok";"m. Białystok";"Białystok";"podlaskie";"1381";"1523";"400";"981";"0";"9";"0";"0";"0";"0";"0";"0";"0";"981";"0";"0";"981";"21";"8";"13";"0";"960";"78";"379";"74";"429"
"5d4c-e861-34b1-30bd-392c-c1d8-3e30-311b";"206101";"60";"73";"miasto";"stały";"Szkoła Podstawowa Nr 19, ul. Mieszka I 18, 15-054 Białystok";"m. Białystok";"Białystok";"podlaskie";"1530";"1717";"250";"1280";"0";"7";"0";"0";"0";"0";"0";"0";"0";"1280";"0";"0";"1280";"27";"3";"24";"0";"1253";"75";"387";"137";"654"
"d54d-caec-3567-833e-5a2e-c338-fd23-bab3";"206101";"60";"74";"miasto";"stały";"Szkoła Podstawowa Nr 19, ul. Mieszka I 18, 15-054 Białystok";"m. Białystok";"Białystok";"podlaskie";"1199";"1336";"306";"893";"1";"9";"0";"0";"0";"0";"0";"0";"0";"893";"0";"0";"893";"7";"2";"5";"0";"886";"51";"370";"103";"362"
"2070-e844-5df0-4e2b-d937-93a8-d429-364a";"206101";"60";"75";"miasto";"stały";"Szkoła Podstawowa Nr 19, ul. Mieszka I 18, 15-054 Białystok";"m. Białystok";"Białystok";"podlaskie";"1290";"1433";"319";"971";"3";"11";"0";"0";"0";"0";"0";"0";"0";"971";"0";"0";"971";"17";"6";"11";"0";"954";"83";"352";"84";"435"
"4d33-635b-2b96-5093-778e-35df-7c29-71a9";"206101";"60";"76";"miasto";"stały";"Szkoła Podstawowa Nr 19, ul. Mieszka I 18, 15-054 Białystok";"m. Białystok";"Białystok";"podlaskie";"1201";"1329";"302";"899";"1";"2";"0";"0";"0";"0";"0";"0";"0";"899";"0";"0";"899";"19";"4";"15";"0";"880";"46";"362";"86";"386"
"fc21-f8de-9370-e033-333e-0404-4ca0-2241";"206101";"60";"77";"miasto";"stały";"Zespół Szkół Budowlano-Geodezyjnych, ul. Słonimska 47/1, 15-029 Białystok";"m. Białystok";"Białystok";"podlaskie";"960";"1052";"258";"702";"0";"3";"0";"0";"0";"0";"0";"0";"0";"702";"0";"0";"702";"14";"4";"10";"0";"688";"49";"262";"66";"311"
"e87e-dc11-2318-a5ba-5898-d236-1d19-6b85";"206101";"60";"78";"miasto";"stały";"VIII Liceum Ogólnokształcące, ul. Piastowska 5, 15-207 Białystok";"m. Białystok";"Białystok";"podlaskie";"991";"1081";"270";"721";"1";"6";"0";"0";"0";"0";"0";"0";"0";"721";"0";"0";"721";"12";"6";"6";"0";"709";"65";"286";"61";"297"
"9402-0e89-7dc9-8485-9a1a-dd56-6090-8794";"206101";"60";"79";"miasto";"stały";"Zespół Szkolno-Przedszkolny Nr 3, ul. Piastowska 3D, 15-207 Białystok";"m. Białystok";"Białystok";"podlaskie";"1101";"1235";"331";"770";"1";"15";"0";"0";"0";"0";"0";"0";"0";"770";"0";"0";"770";"18";"8";"10";"0";"752";"50";"305";"84";"313"
"b716-8789-d04f-f40a-0f50-daae-9b97-1a18";"206101";"60";"80";"miasto";"stały";"Zespół Szkolno-Przedszkolny Nr 3, ul. Piastowska 3D, 15-207 Białystok";"m. Białystok";"Białystok";"podlaskie";"1181";"1313";"320";"861";"0";"1";"1";"1";"0";"0";"0";"0";"1";"862";"1";"0";"862";"12";"5";"7";"0";"850";"64";"320";"73";"393"
"36f2-bfed-a84b-61eb-9874-1eb8-6c8c-248c";"206101";"60";"81";"miasto";"stały";"Internat VIII Liceum Ogólnokształcącego, ul. Piastowska 5, 15-207 Białystok";"m. Białystok";"Białystok";"podlaskie";"890";"977";"290";"600";"0";"7";"0";"0";"0";"0";"0";"0";"0";"600";"0";"0";"600";"11";"3";"8";"0";"589";"43";"229";"44";"273"
"f08e-9dcc-5376-4979-8ff8-2198-172c-9508";"206101";"60";"82";"miasto";"stały";"Zespół Szkół Ogólnokształcących Mistrzostwa Sportowego, ul. Konopnickiej 3, 15-215 Białystok";"m. Białystok";"Białystok";"podlaskie";"1341";"1494";"320";"1021";"4";"21";"1";"1";"0";"0";"0";"0";"1";"1021";"1";"0";"1021";"14";"3";"11";"0";"1007";"72";"381";"88";"466"
"acff-60cf-e5d1-6766-5759-6200-c384-ed5f";"206101";"60";"83";"miasto";"stały";"Zespół Szkół Ogólnokształcących Mistrzostwa Sportowego, ul. Konopnickiej 3, 15-215 Białystok";"m. Białystok";"Białystok";"podlaskie";"1001";"1112";"212";"789";"7";"4";"0";"0";"0";"0";"0";"0";"0";"789";"0";"0";"789";"21";"10";"11";"0";"768";"55";"307";"58";"348"
"eb73-2f2d-80f8-37d7-9ef2-77b8-81a8-0a89";"206101";"60";"84";"miasto";"stały";"XI Liceum Ogólnokształcące, ul. Grottgera 9, 15-225 Białystok";"m. Białystok";"Białystok";"podlaskie";"1280";"1280";"404";"876";"1";"12";"0";"0";"0";"0";"0";"0";"0";"876";"0";"0";"876";"16";"9";"7";"0";"860";"49";"312";"71";"428"
"60a4-789c-b498-1b40-ed99-630b-5bc2-4a62";"206101";"60";"85";"miasto";"stały";"XI Liceum Ogólnokształcące, ul. Grottgera 9, 15-225 Białystok";"m. Białystok";"Białystok";"podlaskie";"1070";"1183";"263";"807";"3";"5";"0";"0";"0";"0";"0";"0";"0";"807";"0";"0";"807";"20";"7";"13";"0";"787";"37";"290";"83";"377"
"15cc-7750-9c01-0caf-e008-0b21-5fa9-0622";"206101";"60";"86";"miasto";"stały";"Szkoła Podstawowa nr 3, ul. Gdańska 23/1, 15-249 Białystok";"m. Białystok";"Białystok";"podlaskie";"999";"1088";"254";"745";"4";"6";"1";"1";"0";"0";"0";"0";"1";"746";"1";"0";"746";"16";"3";"13";"0";"730";"59";"315";"50";"306"
"5f5e-5f73-8034-0e2c-d8fe-fff9-c187-b724";"206101";"60";"87";"miasto";"stały";"Szkoła Podstawowa nr 3, ul. Gdańska 23/1, 15-249 Białystok";"m. Białystok";"Białystok";"podlaskie";"1321";"1441";"310";"1011";"0";"6";"0";"0";"0";"0";"0";"0";"0";"1011";"0";"0";"1011";"19";"3";"16";"0";"992";"73";"372";"86";"461"
"b8e9-cf87-df3a-13e5-c586-bc20-7826-0022";"206101";"60";"88";"miasto";"stały";"Szkoła Podstawowa Nr 28, ul. Warmińska 55, 15-553 Białystok";"m. Białystok";"Białystok";"podlaskie";"1010";"1106";"263";"747";"0";"6";"0";"0";"0";"0";"0";"0";"0";"747";"0";"0";"747";"15";"6";"9";"0";"732";"51";"258";"67";"356"
"7745-e3ff-7805-1db2-06e3-db53-d760-0832";"206101";"60";"89";"miasto";"stały";"Szkoła Podstawowa Nr 28, ul. Warmińska 55, 15-553 Białystok";"m. Białystok";"Białystok";"podlaskie";"1094";"1197";"314";"780";"0";"3";"0";"0";"0";"0";"0";"0";"0";"780";"0";"0";"780";"18";"5";"13";"0";"762";"53";"264";"91";"354"
"8a2c-8a57-569e-450d-54d5-d022-db00-3a94";"206101";"60";"90";"miasto";"stały";"Szkoła Podstawowa nr 20, ul. Leśna 30, 15-559 Białystok";"m. Białystok";"Białystok";"podlaskie";"1461";"1593";"452";"1009";"0";"5";"0";"0";"0";"0";"0";"0";"0";"1009";"0";"0";"1009";"24";"8";"16";"0";"985";"60";"381";"96";"448"
"15cd-cab3-688e-1b10-4d6b-bf8a-ff59-777e";"206101";"60";"91";"miasto";"stały";"Szkoła Podstawowa nr 20, ul. Leśna 30, 15-559 Białystok";"m. Białystok";"Białystok";"podlaskie";"1308";"1432";"328";"980";"0";"7";"0";"0";"0";"0";"0";"0";"0";"980";"0";"0";"980";"24";"4";"20";"0";"956";"73";"341";"93";"449"
"ffcc-5bdf-75b1-b16c-2dd0-a850-a26c-bc70";"206101";"60";"92";"miasto";"stały";"Szkoła Podstawowa nr 20, ul. Leśna 30, 15-559 Białystok";"m. Białystok";"Białystok";"podlaskie";"1103";"1215";"333";"770";"2";"4";"0";"0";"0";"0";"0";"0";"0";"770";"0";"0";"770";"9";"1";"8";"0";"761";"72";"311";"80";"298"
"90c6-738a-a75a-a809-ef8e-3408-f5e0-f699";"206101";"60";"93";"miasto";"stały";"Szkoła Podstawowa nr 31, ul. Żurawia 12, 15-540 Białystok";"m. Białystok";"Białystok";"podlaskie";"1130";"1237";"299";"831";"0";"0";"0";"0";"0";"0";"0";"0";"0";"831";"0";"0";"831";"9";"3";"6";"0";"822";"65";"253";"97";"407"
"ce48-688a-d653-275e-b295-39fc-1b6c-ed4b";"206101";"60";"94";"miasto";"stały";"Szkoła Podstawowa nr 31, ul. Żurawia 12, 15-540 Białystok";"m. Białystok";"Białystok";"podlaskie";"1020";"1108";"363";"657";"3";"0";"0";"0";"0";"0";"0";"0";"0";"657";"0";"0";"657";"15";"1";"14";"0";"642";"54";"283";"52";"253"
"7ab1-9814-1755-3ed1-550e-cc37-0858-7f2a";"206101";"60";"95";"miasto";"stały";"Szkoła Podstawowa nr 52, ul. Dojlidy Górne 48, 15-572 Białystok";"m. Białystok";"Białystok";"podlaskie";"1092";"1220";"273";"819";"0";"2";"0";"0";"0";"0";"0";"0";"0";"819";"0";"0";"819";"14";"4";"10";"0";"805";"45";"413";"71";"276"
"fbcf-bd33-c424-71e3-8ea0-fead-9c3b-c89e";"206101";"60";"96";"miasto";"stały";"Szkoła Podstawowa nr 52, ul. Dojlidy Górne 48, 15-572 Białystok";"m. Białystok";"Białystok";"podlaskie";"1392";"1558";"278";"1114";"0";"10";"0";"0";"0";"0";"0";"0";"0";"1114";"0";"0";"1114";"18";"6";"12";"0";"1096";"65";"409";"111";"511"
"188d-8617-31a7-5d7b-523c-9cd5-dcf6-0765";"206101";"60";"97";"miasto";"stały";"Szkoła Podstawowa nr 52, ul. Dojlidy Górne 48, 15-572 Białystok";"m. Białystok";"Białystok";"podlaskie";"1080";"1182";"237";"843";"0";"4";"0";"0";"0";"0";"0";"0";"0";"843";"0";"0";"843";"13";"3";"10";"0";"830";"49";"252";"97";"432"
"af28-ae2d-8afb-1eee-b054-0e95-8c52-39de";"206101";"60";"98";"miasto";"stały";"Szkoła Podstawowa nr 29, ul. Promienna 13a, 15-720 Białystok";"m. Białystok";"Białystok";"podlaskie";"1170";"1354";"265";"905";"0";"0";"0";"0";"0";"0";"0";"0";"0";"904";"0";"0";"904";"8";"2";"6";"0";"896";"65";"344";"100";"387"
"b6d8-9fe0-b66d-6e03-ec05-c79e-beb2-a61b";"206101";"60";"99";"miasto";"stały";"Zespół Szkół Nr 16, ul. Zwycięstwa 28, 15-703 Białystok";"m. Białystok";"Białystok";"podlaskie";"1040";"1135";"379";"661";"2";"11";"0";"0";"0";"0";"0";"0";"0";"660";"0";"0";"660";"9";"0";"9";"0";"651";"59";"339";"53";"200"
"1121-533b-d487-43b9-dd57-1da7-b0bf-5fd3";"206101";"60";"100";"miasto";"stały";"Szkoła Podstawowa nr 29, ul. Promienna 13a, 15-720 Białystok";"m. Białystok";"Białystok";"podlaskie";"1182";"1293";"314";"868";"2";"12";"0";"0";"0";"0";"0";"0";"0";"868";"0";"0";"868";"9";"3";"6";"0";"859";"78";"334";"103";"344"
"512f-9155-6bf7-aef0-0645-4948-2e08-857f";"206101";"60";"101";"miasto";"stały";"XIV Liceum Ogólnokształcące, ul. Upalna 26, 15-668 Białystok";"m. Białystok";"Białystok";"podlaskie";"1302";"1409";"356";"946";"1";"1";"0";"0";"0";"0";"0";"0";"0";"946";"0";"0";"946";"18";"6";"12";"0";"928";"91";"364";"85";"388"
"e06c-583b-f36f-dea8-b0e3-1aad-e4e9-e9d4";"206101";"60";"102";"miasto";"stały";"XIV Liceum Ogólnokształcące, ul. Upalna 26, 15-668 Białystok";"m. Białystok";"Białystok";"podlaskie";"1012";"1092";"307";"705";"0";"6";"0";"0";"0";"0";"0";"0";"0";"705";"0";"0";"705";"19";"12";"7";"0";"686";"63";"235";"84";"304"
"aef9-72fc-bc31-57b0-75ba-019c-fa06-5ad5";"206101";"60";"103";"miasto";"stały";"Przedszkole Samorządowe Nr 50, ul. Upalna 74, 15-668 Białystok";"m. Białystok";"Białystok";"podlaskie";"851";"927";"218";"633";"0";"6";"0";"0";"0";"0";"0";"0";"0";"633";"0";"0";"633";"7";"3";"4";"0";"626";"56";"252";"55";"263"
"6d7f-03ae-6f59-5c9a-9fb0-daa6-f575-851c";"206101";"60";"104";"miasto";"stały";"Szkoła Podstawowa Nr 43, ul. Stroma 16, 15-662 Białystok";"m. Białystok";"Białystok";"podlaskie";"1273";"1381";"432";"841";"1";"6";"0";"0";"0";"0";"0";"0";"0";"841";"0";"0";"841";"13";"4";"9";"0";"828";"67";"368";"88";"305"
"f5ee-d491-6ebe-2257-fec4-0d34-7194-c6c4";"206101";"60";"105";"miasto";"stały";"Szkoła Podstawowa Nr 43, ul. Stroma 16, 15-662 Białystok";"m. Białystok";"Białystok";"podlaskie";"1100";"1217";"336";"764";"1";"1";"0";"0";"0";"0";"0";"0";"0";"764";"0";"0";"764";"9";"5";"4";"0";"755";"79";"335";"56";"285"
"2a12-59c2-2d6a-c30c-a871-45fc-5dca-10c6";"206101";"60";"106";"miasto";"stały";"Szkoła Podstawowa Nr 43, ul. Stroma 16, 15-662 Białystok";"m. Białystok";"Białystok";"podlaskie";"950";"1038";"262";"688";"1";"4";"0";"0";"0";"0";"0";"0";"0";"688";"0";"0";"688";"11";"3";"8";"0";"677";"49";"267";"87";"274"
"18c3-970a-fef4-8d1c-c942-3e7c-9d16-9618";"206101";"60";"107";"miasto";"stały";"Przedszkole Samorządowe Nr 39, ul. Witosa 22, 15-660 Białystok";"m. Białystok";"Białystok";"podlaskie";"1040";"1141";"296";"744";"0";"7";"0";"0";"0";"0";"0";"0";"0";"744";"0";"0";"744";"11";"2";"9";"0";"733";"57";"302";"74";"300"
"f540-c2d2-a074-e824-730d-5a25-6096-1440";"206101";"60";"108";"miasto";"stały";"Szkoła Podstawowa Nr 49, ul. Armii Krajowej 32, 15-661 Białystok";"m. Białystok";"Białystok";"podlaskie";"1862";"2093";"432";"1430";"2";"3";"1";"1";"0";"0";"0";"0";"1";"1431";"1";"0";"1431";"23";"7";"16";"0";"1408";"110";"493";"190";"615"
"6d5f-761f-495f-ecaa-1b55-cc34-dd05-3710";"206101";"60";"109";"miasto";"stały";"Szkoła Podstawowa Nr 49, ul. Armii Krajowej 32, 15-661 Białystok";"m. Białystok";"Białystok";"podlaskie";"1270";"1371";"400";"870";"1";"2";"0";"0";"0";"0";"0";"0";"0";"870";"0";"0";"870";"18";"3";"15";"0";"852";"76";"300";"107";"369"
"3618-26d6-ebd5-efa1-7c3c-2f97-a4fd-3198";"206101";"60";"110";"miasto";"stały";"Szkoła Podstawowa Nr 49, ul. Armii Krajowej 32, 15-661 Białystok";"m. Białystok";"Białystok";"podlaskie";"1260";"1365";"330";"930";"0";"5";"0";"0";"0";"0";"0";"0";"0";"930";"0";"0";"930";"21";"10";"11";"0";"909";"69";"329";"105";"406"
"8e71-1133-5bc4-e8c9-b379-b863-fc82-7cc8";"206101";"60";"111";"miasto";"stały";"Szkoła Podstawowa Nr 49, ul. Armii Krajowej 32, 15-661 Białystok";"m. Białystok";"Białystok";"podlaskie";"1551";"1680";"485";"1066";"1";"3";"0";"0";"0";"0";"0";"0";"0";"1066";"0";"0";"1066";"19";"6";"13";"0";"1047";"114";"361";"119";"453"
"2263-17ef-0b99-eb20-c4b0-e723-4369-e530";"206101";"60";"112";"miasto";"stały";"Szkoła Podstawowa Nr 49, ul. Armii Krajowej 32, 15-661 Białystok";"m. Białystok";"Białystok";"podlaskie";"1746";"1963";"433";"1313";"0";"6";"0";"0";"0";"0";"0";"0";"0";"1313";"0";"0";"1313";"21";"5";"16";"0";"1292";"95";"428";"167";"602"
"ba8a-aacb-414c-44f2-ce16-187e-5a75-dbe7";"206101";"60";"113";"miasto";"stały";"Szkoła Podstawowa Nr 44, ul. Rumiankowa 13, 15-665 Białystok";"m. Białystok";"Białystok";"podlaskie";"1080";"1170";"309";"771";"3";"2";"1";"1";"0";"0";"0";"0";"1";"772";"1";"0";"772";"20";"4";"16";"0";"752";"76";"288";"84";"304"
"a9d8-392b-49ee-7004-5387-ddb2-1ba8-52d0";"206101";"60";"114";"miasto";"stały";"Szkoła Podstawowa Nr 44, ul. Rumiankowa 13, 15-665 Białystok";"m. Białystok";"Białystok";"podlaskie";"1190";"1288";"346";"844";"0";"0";"0";"0";"0";"0";"0";"0";"0";"842";"0";"0";"842";"19";"4";"15";"0";"823";"72";"297";"96";"358"
"5ad9-ed4f-fda3-d818-2341-e699-75d4-5cfa";"206101";"60";"115";"miasto";"stały";"Szkoła Podstawowa Nr 44, ul. Rumiankowa 13, 15-665 Białystok";"m. Białystok";"Białystok";"podlaskie";"1157";"1248";"331";"826";"0";"0";"0";"0";"0";"0";"0";"0";"0";"826";"0";"0";"826";"11";"0";"11";"0";"815";"76";"347";"63";"329"
"f60c-efb3-cc31-93a3-3368-1734-0d45-fb09";"206101";"60";"116";"miasto";"stały";"Przedszkole Samorządowe Nr 79, ul. Konwaliowa 8, 15-674 Białystok";"m. Białystok";"Białystok";"podlaskie";"1246";"1348";"411";"835";"0";"1";"0";"0";"0";"0";"0";"0";"0";"835";"0";"0";"835";"21";"7";"14";"0";"814";"82";"294";"100";"338"
"5140-6ce8-12c0-23c3-40e4-a26f-246b-f227";"206101";"60";"117";"miasto";"stały";"Zespół Szkolno-Przedszkolny Nr 5, ul. Magnoliowa 13, 15-669 Białystok";"m. Białystok";"Białystok";"podlaskie";"1195";"1319";"362";"833";"0";"12";"1";"1";"0";"0";"0";"0";"1";"829";"1";"0";"829";"10";"4";"6";"0";"819";"89";"375";"79";"276"
"3091-0d05-815b-51de-7454-8f9d-387e-9090";"206101";"60";"118";"miasto";"stały";"Zespół Szkolno-Przedszkolny Nr 5, ul. Magnoliowa 13, 15-669 Białystok";"m. Białystok";"Białystok";"podlaskie";"947";"1040";"261";"686";"1";"3";"0";"0";"0";"0";"0";"0";"0";"686";"0";"0";"686";"8";"4";"4";"0";"678";"55";"255";"73";"295"
"5e53-a96f-9062-5df1-c505-cf6f-93be-71ef";"206101";"60";"119";"miasto";"stały";"Zespół Szkolno-Przedszkolny Nr 5, ul. Magnoliowa 13, 15-669 Białystok";"m. Białystok";"Białystok";"podlaskie";"958";"1041";"276";"682";"0";"3";"0";"0";"0";"0";"0";"0";"0";"682";"0";"0";"682";"16";"6";"10";"0";"666";"58";"261";"78";"269"
"311f-bb31-a0ea-c51d-df0d-d64d-52d7-372f";"206101";"60";"120";"miasto";"stały";"Zespół Szkolno-Przedszkolny Nr 5, ul. Magnoliowa 13, 15-669 Białystok";"m. Białystok";"Białystok";"podlaskie";"1148";"1255";"333";"815";"2";"5";"0";"0";"0";"0";"0";"0";"0";"818";"0";"3";"815";"15";"5";"10";"0";"800";"73";"312";"87";"328"
"2448-055c-6b92-b587-db98-d48c-8022-ac61";"206101";"60";"121";"miasto";"stały";"V Liceum Ogólnokształcące, ul. Miodowa 5, 15-656 Białystok";"m. Białystok";"Białystok";"podlaskie";"1231";"1355";"295";"936";"0";"7";"0";"0";"0";"0";"0";"0";"0";"936";"0";"0";"936";"18";"4";"14";"0";"918";"82";"329";"95";"412"
"532c-cbe6-4dd1-83ec-c8ce-2c55-d748-2af7";"206101";"60";"122";"miasto";"stały";"V Liceum Ogólnokształcące, ul. Miodowa 5, 15-656 Białystok";"m. Białystok";"Białystok";"podlaskie";"816";"901";"249";"567";"0";"0";"0";"0";"0";"0";"0";"0";"0";"567";"0";"0";"567";"10";"4";"6";"0";"557";"58";"243";"56";"200"
"8259-8187-3b1a-e19e-e478-d655-6332-2bd7";"206101";"60";"123";"miasto";"stały";"Szkoła Podstawowa Nr 21, ul. Polowa 7/1, 15-612 Białystok";"m. Białystok";"Białystok";"podlaskie";"995";"1100";"341";"654";"0";"5";"0";"0";"0";"0";"0";"0";"0";"654";"0";"0";"654";"14";"5";"9";"0";"640";"56";"324";"86";"174"
"3555-be2a-89be-0385-a289-42b9-0e71-66e7";"206101";"60";"124";"miasto";"stały";"Szkoła Podstawowa Nr 21, ul. Polowa 7/1, 15-612 Białystok";"m. Białystok";"Białystok";"podlaskie";"1348";"1476";"372";"976";"0";"9";"0";"0";"0";"0";"0";"0";"0";"976";"0";"0";"976";"11";"8";"3";"0";"965";"100";"402";"100";"363"
"6001-b373-cb96-be78-add5-d913-8149-344f";"206101";"60";"125";"miasto";"stały";"Szkoła Podstawowa Nr 21, ul. Polowa 7/1, 15-612 Białystok";"m. Białystok";"Białystok";"podlaskie";"927";"1009";"241";"686";"0";"6";"0";"0";"0";"0";"0";"0";"0";"686";"0";"0";"686";"13";"6";"7";"0";"673";"62";"289";"79";"243"
"8ce0-7240-71fc-3961-a02f-c767-2542-2c37";"206101";"60";"126";"miasto";"stały";"Świetlica Dziennego Pobytu dla Dzieci przy Dziennym Domu Pomocy Społecznej, ul. Barszczańska 18, 15-639 Białystok";"m. Białystok";"Białystok";"podlaskie";"540";"606";"205";"335";"0";"4";"0";"0";"0";"0";"0";"0";"0";"334";"0";"0";"334";"9";"5";"4";"0";"325";"21";"141";"24";"139"
"bc97-245f-1dd7-9fdf-5c7e-f22c-1ca8-ff98";"206101";"60";"127";"miasto";"stały";"Świetlica Dziennego Pobytu dla Dzieci przy Dziennym Domu Pomocy Społecznej, ul. Barszczańska 18, 15-639 Białystok";"m. Białystok";"Białystok";"podlaskie";"810";"910";"399";"411";"0";"2";"0";"0";"0";"0";"0";"0";"0";"411";"0";"0";"411";"4";"0";"4";"0";"407";"46";"206";"46";"109"
"3ca1-87d9-cae0-7c96-1ad7-95d2-9310-0a90";"206101";"60";"128";"miasto";"stały";"Zespół Szkół Mechanicznych, ul. Broniewskiego 14, 15-748 Białystok";"m. Białystok";"Białystok";"podlaskie";"1089";"1202";"351";"738";"2";"2";"1";"1";"0";"1";"0";"0";"0";"738";"0";"0";"738";"9";"0";"9";"0";"729";"75";"312";"80";"262"
"e8d3-82f1-3b10-21df-3355-c662-d72f-e56b";"206101";"60";"129";"miasto";"stały";"Zespół Szkół Mechanicznych, ul. Broniewskiego 14, 15-748 Białystok";"m. Białystok";"Białystok";"podlaskie";"1077";"1179";"458";"619";"0";"1";"0";"0";"0";"0";"0";"0";"0";"619";"0";"0";"619";"14";"2";"12";"0";"605";"65";"250";"70";"220"
"c0a9-81ea-2033-cba5-4935-361c-0afb-9a1c";"206101";"60";"130";"miasto";"stały";"Szkoła Podstawowa Nr 15, ul. Broniewskiego 1, 15-748 Białystok";"m. Białystok";"Białystok";"podlaskie";"1026";"1133";"284";"742";"3";"1";"0";"0";"0";"0";"0";"0";"0";"742";"0";"0";"742";"19";"8";"11";"0";"723";"58";"287";"65";"313"
"6b9d-db02-0364-e366-8a45-c3c6-8bd2-fb92";"206101";"60";"131";"miasto";"stały";"Szkoła Podstawowa Nr 15, ul. Broniewskiego 1, 15-748 Białystok";"m. Białystok";"Białystok";"podlaskie";"1186";"1327";"352";"834";"3";"9";"1";"1";"0";"0";"0";"0";"1";"835";"1";"0";"835";"19";"6";"13";"0";"816";"92";"303";"80";"341"
"22d8-7660-b0ab-e43b-d4b8-f0b2-c4b2-2baf";"206101";"60";"132";"miasto";"stały";"VII Liceum Ogólnokształcące, ul. Wierzbowa 7, 15-743 Białystok";"m. Białystok";"Białystok";"podlaskie";"1008";"1098";"311";"697";"1";"1";"0";"0";"0";"0";"0";"0";"0";"697";"0";"0";"697";"7";"2";"5";"0";"690";"79";"288";"69";"254"
"86d2-ccba-ae4a-c76d-b2d9-0fb5-2919-4e02";"206101";"60";"133";"miasto";"stały";"VII Liceum Ogólnokształcące, ul. Wierzbowa 7, 15-743 Białystok";"m. Białystok";"Białystok";"podlaskie";"1088";"1207";"404";"684";"2";"11";"0";"0";"0";"0";"0";"0";"0";"684";"0";"1";"683";"16";"4";"12";"0";"667";"63";"265";"69";"270"
"26e8-7836-587b-84a2-5546-28ef-223b-ada3";"206101";"60";"134";"miasto";"stały";"Szkoła Podstawowa Nr 7, ul. Wiatrakowa 18, 15-827 Białystok";"m. Białystok";"Białystok";"podlaskie";"1030";"1127";"256";"774";"0";"11";"0";"0";"0";"0";"0";"0";"0";"774";"0";"0";"774";"9";"3";"6";"0";"765";"58";"343";"89";"275"
"1da8-59d5-e88b-bd9f-82bb-aaba-4709-eed2";"206101";"60";"135";"miasto";"stały";"Szkoła Podstawowa Nr 7, ul. Wiatrakowa 18, 15-827 Białystok";"m. Białystok";"Białystok";"podlaskie";"918";"1002";"225";"693";"1";"5";"0";"0";"0";"0";"0";"0";"0";"693";"0";"0";"693";"18";"12";"6";"0";"675";"72";"264";"60";"279"
"67d1-653e-8397-9522-93e3-27d3-6def-1fcc";"206101";"60";"136";"miasto";"stały";"Zespół Szkół Ogólnokształcących Nr 2, ul. Narewska 11, 15-840 Białystok";"m. Białystok";"Białystok";"podlaskie";"989";"1087";"307";"682";"1";"2";"0";"0";"0";"0";"0";"0";"0";"681";"0";"0";"681";"15";"3";"12";"0";"666";"51";"269";"61";"285"
"736c-bb6b-ef04-0ca9-8ea7-b9e8-40b7-d55b";"206101";"60";"137";"miasto";"stały";"Zespół Szkół Ogólnokształcących Nr 2, ul. Narewska 11, 15-840 Białystok";"m. Białystok";"Białystok";"podlaskie";"1258";"1411";"304";"954";"0";"4";"0";"0";"0";"0";"0";"0";"0";"954";"0";"0";"954";"28";"10";"18";"0";"926";"117";"334";"111";"364"
"49b7-6879-c990-25eb-140b-5260-1b55-54ef";"206101";"60";"138";"miasto";"stały";"Zespół Szkół Ogólnokształcących i Technicznych, ul. Antoniuk Fabryczny 1, 15-762 Białystok";"m. Białystok";"Białystok";"podlaskie";"1336";"1426";"303";"1033";"3";"2";"1";"1";"0";"0";"0";"0";"1";"1034";"1";"0";"1034";"12";"3";"9";"0";"1022";"86";"425";"92";"419"
"74d0-c7d8-b8ec-3117-be10-274a-7c98-5475";"206101";"60";"139";"miasto";"stały";"Szkoła Podstawowa nr 17, ul. Rzemieślnicza 12/3, 15-773 Białystok";"m. Białystok";"Białystok";"podlaskie";"1217";"1331";"379";"838";"1";"2";"0";"0";"0";"0";"0";"0";"0";"838";"0";"0";"838";"11";"4";"7";"0";"827";"70";"374";"78";"305"
"34bb-ad47-c67b-1509-f50f-b386-936a-4b9b";"206101";"60";"140";"miasto";"stały";"Szkoła Podstawowa nr 17, ul. Rzemieślnicza 12/3, 15-773 Białystok";"m. Białystok";"Białystok";"podlaskie";"1149";"1262";"309";"840";"1";"7";"0";"0";"0";"0";"0";"0";"0";"840";"0";"0";"840";"11";"3";"8";"0";"829";"65";"359";"90";"315"
"6e42-b0e2-e505-7ced-8013-7ed4-9894-439f";"206101";"60";"141";"miasto";"stały";"Szkoła Podstawowa nr 17, ul. Rzemieślnicza 12/3, 15-773 Białystok";"m. Białystok";"Białystok";"podlaskie";"871";"976";"171";"700";"1";"4";"0";"0";"0";"0";"0";"0";"0";"700";"0";"0";"700";"16";"4";"12";"0";"684";"60";"251";"75";"298"
"f4d9-14c9-c347-c19e-e177-d2e0-314a-5c05";"206101";"60";"142";"miasto";"stały";"Szkoła Podstawowa Nr 37, ul. Jaworowa 8, 15-808 Białystok";"m. Białystok";"Białystok";"podlaskie";"847";"937";"185";"662";"3";"4";"0";"0";"0";"0";"0";"0";"0";"662";"0";"0";"662";"15";"8";"7";"0";"647";"47";"271";"68";"261"
"73b6-9012-47c6-ff45-7bb6-5148-7336-dffb";"206101";"60";"143";"miasto";"stały";"Przedszkole Samorządowe Nr 71, ul. Dziesięciny 50, 15-806 Białystok";"m. Białystok";"Białystok";"podlaskie";"1068";"1172";"198";"870";"1";"8";"0";"0";"0";"0";"0";"0";"0";"870";"0";"0";"870";"11";"4";"7";"0";"859";"84";"351";"91";"333"
"af9a-6389-ff3b-fcc8-d551-3340-6752-0ab2";"206101";"60";"144";"miasto";"stały";"Przedszkole Samorządowe Nr 71, ul. Dziesięciny 50, 15-806 Białystok";"m. Białystok";"Białystok";"podlaskie";"1320";"1449";"382";"937";"1";"3";"0";"0";"0";"0";"0";"0";"0";"938";"0";"0";"938";"23";"9";"14";"0";"915";"80";"315";"92";"428"
"f86a-1a62-e850-1dd1-5fd8-3880-0d18-15e2";"206101";"60";"145";"miasto";"stały";"Przedszkole Samorządowe Nr 56, ul. Gen. Józefa Hallera 38, 15-814 Białystok";"m. Białystok";"Białystok";"podlaskie";"1220";"1324";"378";"842";"0";"5";"0";"0";"0";"0";"0";"0";"0";"842";"0";"0";"842";"13";"4";"9";"0";"829";"71";"394";"91";"273"
"15b8-e251-e58b-3044-d99e-50ac-fd0f-fd5c";"206101";"60";"146";"miasto";"stały";"Szkoła Podstawowa Nr 37, ul. Jaworowa 8, 15-808 Białystok";"m. Białystok";"Białystok";"podlaskie";"1226";"1351";"372";"854";"1";"2";"1";"1";"0";"0";"0";"0";"1";"855";"1";"0";"855";"19";"8";"11";"0";"836";"82";"356";"107";"291"
"83dd-3b5b-5eac-3f5a-9eb3-561c-36b3-1667";"206101";"60";"147";"miasto";"stały";"Szkoła Podstawowa Nr 47, ul. Palmowa 28, 15-795 Białystok";"m. Białystok";"Białystok";"podlaskie";"1130";"1239";"295";"835";"2";"2";"0";"0";"0";"0";"0";"0";"0";"835";"0";"0";"835";"15";"4";"11";"0";"820";"76";"283";"68";"393"
"31be-4450-bb36-fab7-8356-db1a-6f01-e9b8";"206101";"60";"148";"miasto";"stały";"Szkoła Podstawowa Nr 47, ul. Palmowa 28, 15-795 Białystok";"m. Białystok";"Białystok";"podlaskie";"1101";"1225";"220";"881";"1";"0";"0";"0";"0";"0";"0";"0";"0";"881";"0";"0";"881";"17";"14";"3";"0";"864";"74";"353";"82";"355"
"48ff-6c07-86e1-3103-0f0e-54df-9e1a-286f";"206101";"60";"149";"miasto";"stały";"Szkoła Podstawowa Nr 47, ul. Palmowa 28, 15-795 Białystok";"m. Białystok";"Białystok";"podlaskie";"1000";"1097";"321";"679";"0";"2";"0";"0";"0";"0";"0";"0";"0";"679";"0";"0";"679";"10";"2";"8";"0";"669";"75";"281";"67";"246"
"8f18-7942-9464-1eee-f611-a5be-aa1b-e3fc";"206101";"60";"150";"miasto";"stały";"Szkoła Podstawowa Nr 47, ul. Palmowa 28, 15-795 Białystok";"m. Białystok";"Białystok";"podlaskie";"1170";"1274";"393";"777";"2";"3";"1";"1";"0";"0";"0";"0";"1";"778";"1";"0";"778";"7";"1";"6";"0";"771";"65";"335";"81";"290"
"01ce-64dd-b844-ef46-bfc9-536d-b2a5-cfd2";"206101";"60";"151";"miasto";"stały";"Przedszkole Samorządowe Nr 73, ul. Gajowa 66, 15-794 Białystok";"m. Białystok";"Białystok";"podlaskie";"729";"804";"223";"506";"0";"3";"0";"0";"0";"0";"0";"0";"0";"506";"0";"0";"506";"9";"2";"7";"0";"497";"62";"212";"55";"168"
"93a0-9645-7ef2-dc76-9992-efb4-5a75-e0fe";"206101";"60";"152";"miasto";"stały";"Zespół Szkolno-Przedszkolny Nr 4, ul. Porzeczkowa 11, 15-815 Białystok";"m. Białystok";"Białystok";"podlaskie";"1050";"1182";"319";"731";"2";"3";"0";"0";"0";"0";"0";"0";"0";"731";"0";"0";"731";"13";"4";"9";"0";"718";"75";"276";"75";"292"
"61a0-b6a7-b840-f0e4-a92c-afd2-abdb-3759";"206101";"60";"153";"miasto";"stały";"Zespół Szkolno-Przedszkolny Nr 4, ul. Porzeczkowa 11, 15-815 Białystok";"m. Białystok";"Białystok";"podlaskie";"1117";"1249";"369";"748";"1";"2";"1";"1";"0";"0";"0";"0";"1";"749";"1";"0";"749";"6";"1";"5";"0";"743";"68";"325";"84";"266"
"85e3-c319-58ea-caa7-bd60-1f34-6a59-4a65";"206101";"60";"154";"miasto";"stały";"Zespół Szkolno-Przedszkolny Nr 4, ul. Porzeczkowa 11, 15-815 Białystok";"m. Białystok";"Białystok";"podlaskie";"1200";"1324";"341";"859";"0";"6";"0";"0";"0";"0";"0";"0";"0";"859";"0";"0";"859";"12";"6";"6";"0";"847";"65";"360";"81";"341"
"1f09-e488-ebcf-7258-f796-f8a1-63ab-2794";"206101";"60";"155";"miasto";"stały";"Zespół Szkół Zawodowych Nr 5, ul. Antoniuk Fabryczny 40, 15-741 Białystok";"m. Białystok";"Białystok";"podlaskie";"1281";"1389";"450";"831";"0";"3";"1";"1";"1";"0";"0";"0";"0";"830";"0";"0";"830";"25";"18";"7";"0";"805";"64";"304";"86";"351"
"2350-f47f-87e4-e697-e7ec-8450-36eb-fcdb";"206101";"60";"156";"miasto";"stały";"Zespół Szkół Zawodowych Nr 5, ul. Antoniuk Fabryczny 40, 15-741 Białystok";"m. Białystok";"Białystok";"podlaskie";"1207";"1319";"408";"799";"0";"8";"0";"0";"0";"0";"0";"0";"0";"798";"0";"0";"798";"11";"2";"9";"0";"787";"81";"331";"82";"293"
"8662-ee85-00b9-4893-542f-7979-dc0e-02d9";"206101";"60";"157";"miasto";"stały";"Szkoła Podstawowa Nr 45, ul. Łagodna 10, 15-757 Białystok";"m. Białystok";"Białystok";"podlaskie";"1207";"1307";"343";"864";"1";"3";"0";"0";"0";"0";"0";"0";"0";"864";"0";"0";"864";"12";"6";"6";"0";"852";"66";"364";"86";"336"
"0dfb-de1a-47f2-9c63-92b7-58de-4be9-d59c";"206101";"60";"158";"miasto";"stały";"Szkoła Podstawowa Nr 45, ul. Łagodna 10, 15-757 Białystok";"m. Białystok";"Białystok";"podlaskie";"1128";"1251";"286";"842";"2";"16";"0";"0";"0";"0";"0";"0";"0";"842";"0";"0";"842";"12";"3";"9";"0";"830";"56";"364";"89";"321"
"2539-7e08-e197-34d3-682f-8b34-09a3-5e4f";"206101";"60";"159";"miasto";"stały";"Szkoła Podstawowa Nr 45, ul. Łagodna 10, 15-757 Białystok";"m. Białystok";"Białystok";"podlaskie";"1249";"1361";"313";"936";"1";"1";"3";"3";"0";"0";"0";"0";"3";"939";"3";"0";"939";"19";"4";"15";"0";"920";"67";"370";"102";"381"
"ad92-06e2-b09e-079d-c017-4ae1-120a-784e";"206101";"60";"160";"miasto";"stały";"Szkoła Podstawowa Nr 45, ul. Łagodna 10, 15-757 Białystok";"m. Białystok";"Białystok";"podlaskie";"1118";"1223";"311";"807";"0";"4";"0";"0";"0";"0";"0";"0";"0";"807";"0";"0";"807";"16";"2";"14";"0";"791";"66";"311";"72";"342"
"c55d-7f5b-ad4d-ec0b-6195-3a77-fc29-b6ec";"206101";"60";"161";"miasto";"stały";"Przedszkole Samorządowe Nr 65, ul. Łagodna 12, 15-757 Białystok";"m. Białystok";"Białystok";"podlaskie";"1051";"1141";"267";"784";"0";"2";"0";"0";"0";"0";"0";"0";"0";"784";"0";"0";"784";"20";"4";"16";"0";"764";"68";"301";"76";"319"
"e3db-aad8-ec26-ebb7-3c88-7705-e327-22c8";"206101";"60";"162";"miasto";"stały";"Zespół Szkolno-Przedszkolny Nr 1, ul. Strażacka 25, 15-687 Białystok";"m. Białystok";"Białystok";"podlaskie";"1782";"1962";"401";"1381";"3";"4";"1";"1";"0";"0";"0";"0";"1";"1382";"1";"0";"1382";"25";"11";"14";"0";"1357";"116";"576";"147";"518"
"e18f-2103-a869-5904-fec2-7524-5505-99af";"206101";"60";"163";"miasto";"stały";"Zespół Szkolno-Przedszkolny Nr 1, ul. Strażacka 25, 15-687 Białystok";"m. Białystok";"Białystok";"podlaskie";"987";"1066";"304";"683";"0";"5";"0";"0";"0";"0";"0";"0";"0";"683";"0";"0";"683";"6";"3";"3";"0";"677";"60";"302";"69";"246"
"0104-57f3-d7f0-af10-f0c8-1a02-dacf-f263";"206101";"60";"164";"miasto";"stały";"Szkoła Podstawowa Nr 12, ul. Komisji Edukacji Narodowej 1A, 15-687 Białystok";"m. Białystok";"Białystok";"podlaskie";"1511";"1662";"493";"1018";"0";"5";"0";"0";"0";"0";"0";"0";"0";"1018";"0";"0";"1018";"10";"5";"5";"0";"1008";"98";"420";"105";"385"
"7184-b58b-5ec6-2067-81d7-7790-be20-c38b";"206101";"60";"165";"miasto";"stały";"Szkoła Podstawowa Nr 12, ul. Komisji Edukacji Narodowej 1A, 15-687 Białystok";"m. Białystok";"Białystok";"podlaskie";"1209";"1332";"410";"799";"0";"1";"0";"0";"0";"0";"0";"0";"0";"799";"0";"0";"799";"22";"4";"18";"0";"777";"77";"303";"104";"293"
"41ec-d54d-f806-640b-3e06-d528-bf39-f49d";"206101";"60";"166";"miasto";"stały";"Szkoła Podstawowa Nr 12, ul. Komisji Edukacji Narodowej 1A, 15-687 Białystok";"m. Białystok";"Białystok";"podlaskie";"1257";"1395";"301";"956";"0";"4";"0";"0";"0";"0";"0";"0";"0";"956";"0";"0";"956";"19";"7";"12";"0";"937";"76";"365";"101";"395"
"cff5-3eef-e44f-76fb-e2a1-daae-5e7c-276d";"206101";"60";"167";"miasto";"stały";"Szkoła Podstawowa Nr 12, ul. Komisji Edukacji Narodowej 1A, 15-687 Białystok";"m. Białystok";"Białystok";"podlaskie";"1066";"1200";"275";"791";"0";"12";"0";"0";"0";"0";"0";"0";"0";"791";"0";"0";"791";"12";"5";"7";"0";"779";"68";"318";"90";"303"
"3689-f605-ee31-791f-21d4-7b98-07fe-9dd1";"206101";"60";"168";"miasto";"stały";"Szkoła Podstawowa Nr 12, ul. Komisji Edukacji Narodowej 1A, 15-687 Białystok";"m. Białystok";"Białystok";"podlaskie";"969";"1072";"328";"641";"0";"1";"0";"0";"0";"0";"0";"0";"0";"641";"0";"0";"641";"17";"9";"8";"0";"624";"62";"236";"76";"250"
"f5d3-8d08-7bac-0c1b-62e2-1923-6b6a-eff1";"206101";"60";"169";"miasto";"stały";"Szkoła Podstawowa Nr 12, ul. Komisji Edukacji Narodowej 1A, 15-687 Białystok";"m. Białystok";"Białystok";"podlaskie";"1178";"1308";"344";"834";"0";"4";"0";"0";"0";"0";"0";"0";"0";"834";"0";"0";"834";"20";"6";"14";"0";"814";"93";"299";"98";"324"
"da0f-d113-dc20-0afe-1f85-a510-23bd-56d0";"206101";"60";"170";"miasto";"zakład leczniczy";"Samodzielny Publiczny ZOZ Wojewódzki Szpital Zespolony im. J. Śniadeckiego (Interna), M. Skłodowskiej-Curie 25, 15-278 Białystok";"m. Białystok";"Białystok";"podlaskie";"350";"221";"265";"85";"0";"5";"0";"0";"0";"0";"0";"0";"0";"85";"0";"0";"85";"1";"1";"0";"0";"84";"15";"41";"1";"27"
"6067-a9d6-d7c6-28b9-5dbd-f7a5-aafc-debc";"206101";"60";"171";"miasto";"zakład leczniczy";"Samodzielny Publiczny ZOZ Wojewódzki Szpital Zespolony im. J. Śniadeckiego (Rehabilitacja), Skłodowskiej-Curie 26, 15-278 Białystok";"m. Białystok";"Białystok";"podlaskie";"43";"43";"16";"27";"0";"0";"0";"0";"0";"0";"0";"0";"0";"27";"0";"0";"27";"0";"0";"0";"0";"27";"5";"15";"1";"6"
"91ec-8615-c13e-73cb-3c25-df1b-18f4-a127";"206101";"60";"172";"miasto";"zakład leczniczy";"Samodzielny Publiczny ZOZ Wojewódzki Szpital Zespolony im. J. Śniadeckiego (Ginekologia), Skłodowskiej-Curie 26, 15-278 Białystok";"m. Białystok";"Białystok";"podlaskie";"108";"8";"101";"7";"0";"0";"0";"0";"0";"0";"0";"0";"0";"7";"0";"0";"7";"0";"0";"0";"0";"7";"1";"2";"2";"2"
"af74-85c0-358f-bb17-d059-e773-23c6-1369";"206101";"60";"173";"miasto";"zakład leczniczy";"Samodzielny Publiczny ZOZ Wojewódzki Szpital Zespolony im. J. Śniadeckiego (Zakład Pielęgnacyjno-Opiekuńczy), Białystok Wołodyjowskiego/2/1, 15-309 Białystok";"m. Białystok";"Białystok";"podlaskie";"74";"60";"62";"12";"0";"0";"0";"0";"0";"0";"0";"0";"0";"12";"0";"0";"12";"0";"0";"0";"0";"12";"1";"9";"0";"2"
"3940-d1a6-9081-5cb5-5b48-ea1b-148f-4091";"206101";"60";"174";"miasto";"zakład leczniczy";"Uniwersytecki Szpital Kliniczny, M. Skłodowskiej-Curie 24A, 15-278 Białystok";"m. Białystok";"Białystok";"podlaskie";"665";"204";"541";"124";"0";"11";"0";"0";"0";"0";"0";"0";"0";"124";"0";"0";"124";"2";"1";"1";"0";"122";"11";"58";"12";"41"
"52f3-9a4b-0f5b-60f5-004b-021a-1679-825a";"206101";"60";"175";"miasto";"zakład leczniczy";"Uniwersytecki Szpital Kliniczny, Żurawia 14, 15-504 Białystok";"m. Białystok";"Białystok";"podlaskie";"229";"63";"166";"63";"0";"2";"0";"0";"0";"0";"0";"0";"0";"63";"0";"0";"63";"1";"0";"1";"0";"62";"12";"32";"6";"12"
"118e-8a1c-e17b-155a-2e48-538b-3965-a9e8";"206101";"60";"176";"miasto";"zakład leczniczy";"Samodzielny Publiczny Zakład Opieki Zdrowotnej MSWiA, Fabryczna 27, 15-482 Białystok";"m. Białystok";"Białystok";"podlaskie";"159";"72";"122";"37";"0";"0";"0";"0";"0";"0";"0";"0";"0";"37";"0";"0";"37";"0";"0";"0";"0";"37";"6";"22";"1";"8"
"e40c-5fc7-3b4a-99e2-d555-f900-e0d0-9d8b";"206101";"60";"177";"miasto";"zakład leczniczy";"Samodzielny Szpital Miejski im. PCK, Sienkiewicza 79, 15-003 Białystok";"m. Białystok";"Białystok";"podlaskie";"57";"52";"40";"17";"0";"0";"0";"0";"0";"0";"0";"0";"0";"17";"0";"0";"17";"1";"0";"1";"0";"16";"2";"8";"1";"5"
"0613-a745-0492-6ea6-c836-dd63-6f93-389a";"206101";"60";"178";"miasto";"zakład leczniczy";"Białostockie Centrum Onkologii im. Marii Skłodowskiej-Curie, Ogrodowa 12, 15-027 Białystok";"m. Białystok";"Białystok";"podlaskie";"192";"258";"145";"47";"0";"5";"0";"0";"0";"0";"0";"0";"0";"47";"0";"0";"47";"0";"0";"0";"0";"47";"5";"28";"4";"10"
"c886-9ad5-820f-ab64-3938-3645-7d1d-41ed";"206101";"60";"179";"miasto";"zakład leczniczy";"Dom Pomocy Społecznej, Świerkowa 9, 15-328 Białystok";"m. Białystok";"Białystok";"podlaskie";"188";"180";"92";"96";"0";"3";"0";"0";"0";"0";"0";"0";"0";"96";"0";"0";"96";"8";"2";"6";"0";"88";"26";"37";"9";"16"
"1d99-bc2f-4103-7171-f080-2105-9a4f-eefb";"206101";"60";"180";"miasto";"dom pomocy społecznej";"Dom Opieki Społecznej Zgromadzenia Sióstr Franciszkanek od Cierpiących, ul. Proletariacka 8, Proletariacka 8, 15-449 Białystok";"m. Białystok";"Białystok";"podlaskie";"25";"28";"9";"16";"0";"0";"0";"0";"0";"0";"0";"0";"0";"16";"0";"0";"16";"0";"0";"0";"0";"16";"2";"14";"0";"0"
"726c-10e4-f41c-f179-2e57-e560-ccbf-f598";"206101";"60";"181";"miasto";"zakład karny";"Zakład Karny, Hetmańska 89, 15-727 Białystok";"m. Białystok";"Białystok";"podlaskie";"297";"247";"238";"59";"0";"0";"0";"0";"0";"0";"0";"0";"0";"59";"0";"0";"59";"1";"0";"1";"0";"58";"4";"15";"10";"29"
"7677-10d5-8f3d-03fe-c18e-6293-4fda-b25f";"206101";"60";"182";"miasto";"areszt śledczy";"Areszt Śledczy, Kopernika 21, 15-377 Białystok";"m. Białystok";"Białystok";"podlaskie";"712";"657";"326";"386";"0";"1";"0";"0";"0";"0";"0";"0";"0";"386";"0";"0";"386";"16";"1";"15";"0";"370";"26";"72";"78";"194"
"b574-ef0c-44dc-4cbc-08bd-3c08-96d5-3134";"";"44";"89";"zagranica";"zagranica";"Al Asad Air Base (AAAB), Al Asad, Republika Iraku";"";"";"";"-";"-";"-";"-";"-";"-";"-";"-";"-";"-";"-";"-";"-";"-";"-";"-";"-";"-";"-";"-";"-";"-";"-";"-";"-";"-"
"baef-dd2d-5baa-ead8-92bb-be2c-9a51-a1e2";"";"44";"119";"zagranica";"zagranica";"Novo Selo, Camp Maréshal de Lattre de Tassigny Novo Selo/Maxhunaj, Novo Selo/Maxhunaj, Republika Kosowa";"";"";"";"-";"-";"-";"-";"-";"-";"-";"-";"-";"-";"-";"-";"-";"-";"-";"-";"-";"-";"-";"-";"-";"-";"-";"-";"-";"-"
"8a16-233c-3cec-586f-4c5b-9e39-863f-1b4c";"";"44";"87";"zagranica";"zagranica";"Irbil, Agencja Konsularna RP Junction of Texas and Hawaii Street, 250, American Village, Khanzad, Irbil, Irbil, Republika Iraku";"";"";"";"-";"-";"-";"-";"-";"-";"-";"-";"-";"-";"-";"-";"-";"-";"-";"-";"-";"-";"-";"-";"-";"-";"-";"-";"-";"-"
"77ff-e659-096f-60b8-dd11-2683-a7fa-42a7";"";"44";"1";"zagranica";"zagranica";"Airfield Building 13982 Disney&California Loop (South), APO AE09354, Bagram, Islamska Republika Afganistanu";"";"";"";"-";"-";"-";"-";"-";"-";"-";"-";"-";"-";"-";"-";"-";"-";"-";"-";"-";"-";"-";"-";"-";"-";"-";"-";"-";"-"
"36ff-c714-1fd9-06a0-b9e4-4cb3-2031-a154";"";"44";"186";"zagranica";"zagranica";"Krajowa, Cercul Militar Craiova Strada Marin Sorescu nr 2 200642 Craiova, Craiova, Rumunia";"";"";"";"-";"-";"-";"-";"-";"-";"-";"-";"-";"-";"-";"-";"-";"-";"-";"-";"-";"-";"-";"-";"-";"-";"-";"-";"-";"-"
"fa31-6795-b9fb-c775-0559-2e68-10de-652d";"";"44";"88";"zagranica";"zagranica";"At-Taji, Camp Taji Joint Operations Base in Taji, At-Taji, Republika Iraku";"";"";"";"-";"-";"-";"-";"-";"-";"-";"-";"-";"-";"-";"-";"-";"-";"-";"-";"-";"-";"-";"-";"-";"-";"-";"-";"-";"-"
