"Symbol kontrolny";"Kod TERYT";"Okręg";"Numer";"Typ obszaru";"Typ obwodu";"Siedziba";"Gmina";"Powiat";"Województwo";"Komisja otrzymała kart do głosowania";"Liczba wyborców uprawnionych do głosowania";"Nie wykorzystano kart do głosowania";"Liczba wyborców, którym wydano karty do głosowania";"Liczba wyborców głosujących przez pełnomocnika";"Liczba wyborców głosujących na podstawie zaświadczenia o prawie do głosowania";"Liczba wyborców, którym wysłano pakiety wyborcze";"Liczba otrzymanych kopert zwrotnych";"Liczba kopert zwrotnych, w których nie było oświadczenia o osobistym i tajnym oddaniu głosu";"Liczba kopert zwrotnych, w których oświadczenie nie było podpisane";"Liczba kopert zwrotnych, w których nie było koperty na kartę do głosowania";"Liczba kopert zwrotnych, w których znajdowała się niezaklejona koperta na kartę do głosowania";"Liczba kopert na kartę do głosowania wrzuconych do urny";"Liczba kart wyjętych z urny";"W tym liczba kart wyjętych z kopert na kartę do głosowania";"Liczba kart nieważnych";"Liczba kart ważnych";"Liczba głosów nieważnych";"W tym z powodu postawienia znaku „X” obok nazwiska dwóch lub większej liczby kandydatów";"W tym z powodu niepostawienia znaku „X” obok nazwiska żadnego kandydata";"W tym z powodu postawienia znaku „X” wyłącznie obok skreślonego nazwiska kandydata";"Liczba głosów ważnych oddanych łącznie na wszystkich kandydatów";"Zenon Henryk BIAŁOBRZESKI";"Marek Adam KOMOROWSKI";"Janusz WASILEWSKI"
"2b55-7d4e-25db-7dae-9caa-4b1f-d0ec-7767";"200101";"59";"1";"miasto";"stały";"Szkoła Podstawowa Nr 6 w Augustowie, ul. Tartaczna 21, 16-300 Augustów";"m. Augustów";"augustowski";"podlaskie";"794";"884";"289";"505";"0";"11";"0";"0";"0";"0";"0";"0";"0";"505";"0";"0";"505";"10";"3";"7";"0";"495";"178";"235";"82"
"4473-c8c2-1272-dac0-408e-ceb6-e0c8-66ed";"200101";"59";"2";"miasto";"stały";"Augustowskie Towarzystwo Budownictwa Społecznego ""Kodrem"" w Augustowie, ul. Komunalna 2, 16-300 Augustów";"m. Augustów";"augustowski";"podlaskie";"1005";"1067";"465";"540";"1";"7";"0";"0";"0";"0";"0";"0";"0";"540";"0";"0";"540";"12";"3";"9";"0";"528";"199";"238";"91"
"9731-042c-a985-3e98-f3d2-81cd-768d-648e";"200101";"59";"3";"miasto";"stały";"Augustowskie Centrum Edukacyjne w Augustowie, Al. Kardynała Wyszyńskiego 3, 16-300 Augustów";"m. Augustów";"augustowski";"podlaskie";"672";"811";"148";"524";"3";"66";"0";"0";"0";"0";"0";"0";"0";"524";"0";"0";"524";"10";"0";"10";"0";"514";"194";"262";"58"
"a9fb-3d8f-693b-5f81-8091-51ad-f44e-6b6b";"200101";"59";"4";"miasto";"stały";"Kompleks Hotelowy LOGOS w Augustowie, ul. 29 Listopada 9, 16-300 Augustów";"m. Augustów";"augustowski";"podlaskie";"1594";"1734";"725";"869";"5";"11";"0";"0";"0";"0";"0";"0";"0";"869";"0";"0";"869";"18";"3";"15";"0";"851";"262";"454";"135"
"98d2-415d-f2d5-d518-cf5e-95c8-644d-092e";"200101";"59";"5";"miasto";"stały";"Przedszkole Nr 1 w Augustowie, ul. Waryńskiego 57, 16-300 Augustów";"m. Augustów";"augustowski";"podlaskie";"1033";"1118";"441";"592";"0";"5";"0";"0";"0";"0";"0";"0";"0";"592";"0";"0";"592";"8";"3";"5";"0";"584";"216";"291";"77"
"ed8a-e5d4-50b9-5d0d-ca69-0a1a-6aa7-c4b5";"200101";"59";"6";"miasto";"stały";"Siedziba Urzędu Stanu Cywilnego w Augustowie, ul. 3 Maja 49, 16-300 Augustów";"m. Augustów";"augustowski";"podlaskie";"510";"541";"185";"325";"0";"2";"0";"0";"0";"0";"0";"0";"0";"325";"0";"0";"325";"8";"3";"5";"0";"317";"133";"144";"40"
"c688-fb4f-7ca8-ef7d-8505-386f-80fd-7f90";"200101";"59";"7";"miasto";"stały";"Powiatowy Zarząd Dróg w Augustowie, ul. Wojska Polskiego 54, 16-300 Augustów";"m. Augustów";"augustowski";"podlaskie";"2247";"2454";"841";"1406";"0";"7";"0";"0";"0";"0";"0";"0";"0";"1406";"0";"0";"1406";"32";"12";"20";"0";"1374";"571";"585";"218"
"2048-62ea-b7a6-a2d1-2730-f4a9-84dd-d7f1";"200101";"59";"8";"miasto";"stały";"Osiedlowy Dom Kultury w Augustowie, ul. Hoża 2b, 16-300 Augustów";"m. Augustów";"augustowski";"podlaskie";"2309";"2479";"942";"1367";"2";"6";"0";"0";"0";"0";"0";"0";"0";"1367";"0";"0";"1367";"27";"10";"17";"0";"1340";"507";"660";"173"
"7b99-a39b-0528-ad4a-5965-6f06-f865-0328";"200101";"59";"9";"miasto";"stały";"Centrum Sportu i Rekreacji w Augustowie, ul. mjr. H. Sucharskiego 15, 16-300 Augustów";"m. Augustów";"augustowski";"podlaskie";"1344";"1461";"555";"789";"0";"8";"0";"0";"0";"0";"0";"0";"0";"789";"0";"0";"789";"12";"2";"10";"0";"777";"294";"331";"152"
"2bc1-bbf6-46ea-d70f-2b6b-7620-7c2d-7c83";"200101";"59";"10";"miasto";"stały";"Zespół Szkół Ogólnokształcących w Augustowie, ul. Śródmieście 31, 16-300 Augustów";"m. Augustów";"augustowski";"podlaskie";"910";"1020";"319";"591";"2";"38";"0";"0";"0";"0";"0";"0";"0";"591";"0";"0";"591";"13";"3";"10";"0";"578";"229";"296";"53"
"5ae1-3430-23c7-7a4e-9f15-8c71-076f-0246";"200101";"59";"11";"miasto";"stały";"Miejska Biblioteka Publiczna w Augustowie, ul. Hoża 7, 16-300 Augustów";"m. Augustów";"augustowski";"podlaskie";"1013";"1069";"429";"584";"3";"1";"0";"0";"0";"0";"0";"0";"0";"584";"0";"0";"584";"13";"4";"9";"0";"571";"197";"291";"83"
"878d-441d-0c19-765c-a298-ccee-ed4a-62ae";"200101";"59";"12";"miasto";"stały";"Szkoła Podstawowa Nr 3 w Augustowie, ul. Mickiewicza 1, 16-300 Augustów";"m. Augustów";"augustowski";"podlaskie";"1135";"1205";"437";"698";"0";"6";"0";"0";"0";"0";"0";"0";"0";"698";"0";"0";"698";"13";"6";"7";"0";"685";"254";"350";"81"
"30db-3608-ed09-cc34-7828-c09b-8467-0eb5";"200101";"59";"13";"miasto";"stały";"Miejski Dom Kultury w Augustowie, ul. Rynek Zygmunta Augusta 9, 16-300 Augustów";"m. Augustów";"augustowski";"podlaskie";"543";"590";"215";"328";"0";"9";"0";"0";"0";"0";"0";"0";"0";"328";"0";"0";"328";"7";"1";"6";"0";"321";"124";"157";"40"
"8eb7-5dc2-8c6f-6d4c-a4d0-e4f0-a87e-b90a";"200101";"59";"14";"miasto";"stały";"Przedszkole Nr 4 w Augustowie, ul. Kilińskiego 10a, 16-300 Augustów";"m. Augustów";"augustowski";"podlaskie";"750";"820";"313";"437";"3";"7";"0";"0";"0";"0";"0";"0";"0";"437";"0";"0";"437";"12";"2";"10";"0";"425";"176";"191";"58"
"bab2-81c4-acd1-bad4-0842-ee89-a32f-0356";"200101";"59";"15";"miasto";"stały";"Budynek po byłym Gimnazjum Nr 2, ul. Nowomiejska 41, 16-300 Augustów";"m. Augustów";"augustowski";"podlaskie";"1750";"1893";"653";"1097";"1";"9";"0";"0";"0";"0";"0";"0";"0";"1096";"0";"0";"1096";"19";"6";"13";"0";"1077";"324";"594";"159"
"b8fa-0bc3-8c4d-f5c1-2a48-ca07-6e63-3311";"200101";"59";"16";"miasto";"stały";"Budynek po byłym Gimnazjum Nr 2, ul. Nowomiejska 41, 16-300 Augustów";"m. Augustów";"augustowski";"podlaskie";"1260";"1371";"474";"786";"0";"2";"0";"0";"0";"0";"0";"0";"0";"786";"0";"0";"786";"14";"8";"6";"0";"772";"214";"454";"104"
"8daa-c829-1ce5-ccba-931b-ed2a-3dfb-ced0";"200101";"59";"17";"miasto";"stały";"Przedszkole Nr 2 w Augustowie, ul. Kopernika 24, 16-300 Augustów";"m. Augustów";"augustowski";"podlaskie";"930";"995";"322";"608";"1";"6";"0";"0";"0";"0";"0";"0";"0";"608";"0";"0";"608";"13";"5";"8";"0";"595";"199";"329";"67"
"a7eb-e402-e14d-39bf-9a72-e7cd-68af-8c73";"200101";"59";"18";"miasto";"stały";"Szkoła Podstawowa Nr 2 w Augustowie, ul. Rajgrodzka 1, 16-300 Augustów";"m. Augustów";"augustowski";"podlaskie";"1394";"1517";"529";"865";"0";"8";"1";"1";"0";"0";"0";"0";"1";"866";"1";"0";"866";"15";"5";"10";"0";"851";"302";"418";"131"
"0fa7-8c3f-9129-8fd0-92ae-4ba2-95f7-7520";"200101";"59";"19";"miasto";"zakład leczniczy";"Samodzielny Publiczny Zakład Opieki Zdrowotnej w Augustowie, ul. Szpitalna 12, 16-300 Augustów";"m. Augustów";"augustowski";"podlaskie";"151";"59";"114";"37";"0";"1";"0";"0";"0";"0";"0";"0";"0";"37";"0";"0";"37";"1";"0";"1";"0";"36";"9";"26";"1"
"eb52-0f5f-240b-878d-a3e4-5cad-ed8d-263e";"200101";"59";"20";"miasto";"zakład leczniczy";"Podlaskie Centrum Sercowo-Naczyniowe Sp. z o. o. w Augustowie, ul. Marii Konopnickiej 11, 16-300 Augustów";"m. Augustów";"augustowski";"podlaskie";"120";"81";"42";"78";"0";"19";"0";"0";"0";"0";"0";"0";"0";"78";"0";"0";"78";"2";"0";"2";"0";"76";"26";"46";"4"
"1cca-11b2-5e20-5689-ddc0-1933-49dc-3348";"200102";"59";"1";"wieś";"stały";"Centrum Kultury i Biblioteka Gminy Augustów w Żarnowie, Żarnowo Drugie 16, 16-300 Augustów";"gm. Augustów";"augustowski";"podlaskie";"803";"868";"347";"456";"1";"1";"0";"0";"0";"0";"0";"0";"0";"456";"0";"0";"456";"6";"3";"3";"0";"450";"115";"272";"63"
"aa4d-5c46-4326-b85b-60db-3fa1-dd1a-1bbf";"200102";"59";"2";"wieś";"stały";"Szkoła Podstawowa, Rutki Nowe 1, 16-300 Augustów";"gm. Augustów";"augustowski";"podlaskie";"624";"675";"344";"280";"0";"0";"0";"0";"0";"0";"0";"0";"0";"280";"0";"0";"280";"8";"2";"6";"0";"272";"71";"169";"32"
"b9ef-0c63-d710-3c3d-79d5-57af-b020-04fe";"200102";"59";"3";"wieś";"stały";"Szkoła Podstawowa, Janówka 48A, 16-300 Augustów";"gm. Augustów";"augustowski";"podlaskie";"1440";"1593";"653";"787";"0";"3";"0";"0";"0";"0";"0";"0";"0";"787";"0";"0";"787";"8";"1";"7";"0";"779";"158";"562";"59"
"1250-8719-15f8-fcee-4687-7329-440e-5476";"200102";"59";"4";"wieś";"stały";"Szkoła Podstawowa, Netta Pierwsza 14, 16-320 Bargłów Kościelny";"gm. Augustów";"augustowski";"podlaskie";"603";"658";"284";"319";"0";"1";"0";"0";"0";"0";"0";"0";"0";"319";"0";"0";"319";"2";"0";"2";"0";"317";"70";"221";"26"
"d395-5c2c-da26-03e3-179b-c861-30b3-feaf";"200102";"59";"5";"wieś";"stały";"Szkoła Podstawowa, Białobrzegi 75, 16-300 Augustów";"gm. Augustów";"augustowski";"podlaskie";"874";"950";"446";"428";"0";"2";"0";"0";"0";"0";"0";"0";"0";"428";"0";"0";"428";"6";"0";"6";"0";"422";"138";"228";"56"
"7965-d63d-86a3-65eb-dc0f-4c07-3f96-6b58";"200102";"59";"6";"wieś";"stały";"Szkoła Podstawowa, Kolnica 48, 16-300 Augustów";"gm. Augustów";"augustowski";"podlaskie";"503";"544";"294";"209";"0";"0";"0";"0";"0";"0";"0";"0";"0";"209";"0";"0";"209";"6";"3";"3";"0";"203";"73";"107";"23"
"b5fa-5162-149d-1e9c-ddbe-aa7c-41b1-3da7";"200103";"59";"1";"wieś";"stały";"Budynek Urzędu Gminy w Bargłowie Kościelnym, ul. Augustowska 47, 16-320 Bargłów Kościelny";"gm. Bargłów Kościelny";"augustowski";"podlaskie";"1960";"2131";"992";"968";"1";"3";"0";"0";"0";"0";"0";"0";"0";"968";"0";"0";"968";"23";"6";"17";"0";"945";"253";"604";"88"
"cde6-68de-d317-2af3-1ed0-4b5d-59e8-4836";"200103";"59";"2";"wieś";"stały";"Budynek Szkoły Podstawowej, Łabętnik 10, 16-320 Bargłów Kościelny";"gm. Bargłów Kościelny";"augustowski";"podlaskie";"740";"809";"409";"331";"2";"1";"0";"0";"0";"0";"0";"0";"0";"331";"0";"0";"331";"5";"2";"3";"0";"326";"77";"217";"32"
"60ca-795b-bccc-bd83-838b-c1f0-f1e2-c37f";"200103";"59";"3";"wieś";"stały";"Budynek Szkoły Podstawowej, Kroszewo 27, 16-320 Bargłów Kościelny";"gm. Bargłów Kościelny";"augustowski";"podlaskie";"1290";"1428";"711";"579";"0";"2";"0";"0";"0";"0";"0";"0";"0";"579";"0";"0";"579";"15";"6";"9";"0";"564";"157";"361";"46"
"2444-40f4-f3cd-c02c-30a9-3e94-ba49-e02a";"200104";"59";"1";"wieś";"stały";"Miejsko-Gminny Ośrodek Kultury w Lipsku, ul. Rynek 23, 16-315 Lipsk";"gm. Lipsk";"augustowski";"podlaskie";"1141";"1228";"588";"553";"1";"1";"0";"0";"0";"0";"0";"0";"0";"553";"0";"0";"553";"11";"6";"5";"0";"542";"159";"354";"29"
"13d2-8337-26ee-8901-051e-7ff9-dec8-8b48";"200104";"59";"2";"wieś";"stały";"Szkoła Podstawowa w Bartnikach, Bartniki 8, 16-315 Lipsk";"gm. Lipsk";"augustowski";"podlaskie";"492";"545";"235";"257";"0";"1";"0";"0";"0";"0";"0";"0";"0";"257";"0";"0";"257";"1";"0";"1";"0";"256";"18";"225";"13"
"5146-c26b-07a6-1ebc-ab7c-dec7-a406-ea7e";"200104";"59";"3";"wieś";"stały";"Szkoła Podstawowa w Rygałówce, Rygałówka 1, 16-315 Lipsk";"gm. Lipsk";"augustowski";"podlaskie";"520";"575";"255";"265";"0";"0";"0";"0";"0";"0";"0";"0";"0";"265";"0";"0";"265";"0";"0";"0";"0";"265";"55";"186";"24"
"5333-6011-c2c1-45bb-29ef-b641-ddab-0c7d";"200104";"59";"4";"miasto";"stały";"Miejsko-Gminny Ośrodek Kultury w Lipsku, ul. Rynek 23, 16-315 Lipsk";"gm. Lipsk";"augustowski";"podlaskie";"1023";"1105";"429";"594";"1";"4";"0";"0";"0";"0";"0";"0";"0";"594";"0";"0";"594";"13";"5";"8";"0";"581";"209";"302";"70"
"7559-0756-442f-c290-c816-4447-8a27-5f34";"200104";"59";"5";"miasto";"stały";"Miejsko-Gminny Ośrodek Kultury w Lipsku, ul. Rynek 23, 16-315 Lipsk";"gm. Lipsk";"augustowski";"podlaskie";"780";"849";"345";"435";"1";"0";"0";"0";"0";"0";"0";"0";"0";"435";"0";"0";"435";"4";"3";"1";"0";"431";"122";"266";"43"
"a972-7753-4d24-b5d7-8de4-09d3-56a8-3139";"200105";"59";"1";"wieś";"stały";"Gminny Ośrodek Kultury w Nowince, Nowinka 26A, 16-304 Nowinka";"gm. Nowinka";"augustowski";"podlaskie";"513";"562";"204";"309";"0";"2";"0";"0";"0";"0";"0";"0";"0";"309";"0";"0";"309";"9";"3";"6";"0";"300";"81";"186";"33"
"ecc4-f76e-c5e3-376a-4b4a-0894-6c2f-4827";"200105";"59";"2";"wieś";"stały";"Szkoła Podstawowa w Nowince, Nowinka 14, 16-304 Nowinka";"gm. Nowinka";"augustowski";"podlaskie";"513";"568";"176";"337";"3";"2";"0";"0";"0";"0";"0";"0";"0";"337";"0";"0";"337";"3";"0";"3";"0";"334";"77";"209";"48"
"bdcf-922b-19c3-95c6-bb61-57b6-e16e-9ca8";"200105";"59";"3";"wieś";"stały";"Szkoła Filialna im. Ks. Stanisława Chmielewskiego w Monkiniach Szkoły Podstawowej im. Powstańców Styczniowych w Nowince z siedzibą, Monkinie 27, 16-304 Nowinka";"gm. Nowinka";"augustowski";"podlaskie";"613";"685";"207";"406";"1";"10";"0";"0";"0";"0";"0";"0";"0";"406";"0";"0";"406";"7";"0";"7";"0";"399";"149";"211";"39"
"98fa-3ed3-1b94-9ba2-5f13-498e-8852-4009";"200105";"59";"4";"wieś";"stały";"Szkoła Podstawowa w Olszance, Olszanka 54, 16-304 Nowinka";"gm. Nowinka";"augustowski";"podlaskie";"510";"560";"215";"295";"0";"1";"0";"0";"0";"0";"0";"0";"0";"295";"0";"0";"295";"6";"2";"4";"0";"289";"62";"207";"20"
"1d93-7239-d977-939c-eff9-b965-1fe7-2449";"200106";"59";"1";"wieś";"stały";"Centrum Informacji Turystycznej, Płaska 57A/Sala Nr 1, 16-326 Płaska";"gm. Płaska";"augustowski";"podlaskie";"651";"726";"245";"406";"2";"17";"0";"0";"0";"0";"0";"0";"0";"406";"0";"0";"406";"11";"4";"7";"0";"395";"136";"203";"56"
"6c2d-8bde-3373-7c69-a6f4-da3d-e5ef-4aa8";"200106";"59";"2";"wieś";"stały";"Centrum Informacji Turystycznej, Płaska 57A/Sala Nr 2, 16-326 Płaska";"gm. Płaska";"augustowski";"podlaskie";"700";"761";"327";"373";"1";"5";"0";"0";"0";"0";"0";"0";"0";"373";"0";"0";"373";"2";"0";"2";"0";"371";"136";"187";"48"
"5ac0-261d-632e-c684-d172-1f09-0e5c-76df";"200106";"59";"3";"wieś";"stały";"Filia Szkoły Podstawowej im. Jana Pawła II w Płaskiej, Gruszki 60, 16-326 Płaska";"gm. Płaska";"augustowski";"podlaskie";"551";"633";"217";"334";"0";"14";"0";"0";"0";"0";"0";"0";"0";"334";"0";"0";"334";"5";"1";"4";"0";"329";"106";"182";"41"
"a230-8c17-fd1b-3dcd-5009-a951-3c92-1b22";"200107";"59";"1";"wieś";"stały";"Remiza OSP, ul. Kościuszki 10, 16-310 Sztabin";"gm. Sztabin";"augustowski";"podlaskie";"1710";"1861";"718";"992";"1";"5";"0";"0";"0";"0";"0";"0";"0";"989";"0";"0";"989";"14";"6";"8";"0";"975";"319";"559";"97"
"d71c-a2c6-2280-32d3-fb57-7809-831b-4085";"200107";"59";"2";"wieś";"stały";"Remiza OSP, Jaminy 21B, 16-310 Sztabin";"gm. Sztabin";"augustowski";"podlaskie";"956";"1028";"493";"463";"0";"1";"0";"0";"0";"0";"0";"0";"0";"463";"0";"0";"463";"5";"2";"3";"0";"458";"120";"304";"34"
"d280-aa4c-a08b-06d7-a0fe-5b39-3d9c-1bb8";"200107";"59";"3";"wieś";"stały";"Remiza OSP, Krasnybór 43, 16-310 Sztabin";"gm. Sztabin";"augustowski";"podlaskie";"1166";"1274";"610";"556";"2";"3";"0";"0";"0";"0";"0";"0";"0";"556";"0";"0";"556";"5";"1";"4";"0";"551";"118";"396";"37"
"adc6-019d-698f-a81d-bc26-acc6-b64b-ac33";"200401";"59";"1";"miasto";"stały";"Zespół Szkół Nr 1, ul. A. Mickiewicza 3, 19-200 Grajewo";"m. Grajewo";"grajewski";"podlaskie";"1416";"1501";"553";"863";"0";"2";"0";"0";"0";"0";"0";"0";"0";"863";"0";"0";"863";"20";"12";"8";"0";"843";"273";"477";"93"
"069e-88cd-d8d9-81f5-cedb-119e-b8a7-0909";"200401";"59";"2";"miasto";"stały";"Szkoła Podstawowa Nr 2, ul. A. Mickiewicza 2, 19-200 Grajewo";"m. Grajewo";"grajewski";"podlaskie";"1310";"1419";"528";"782";"0";"7";"0";"0";"0";"0";"0";"0";"0";"782";"0";"0";"782";"21";"6";"15";"0";"761";"231";"417";"113"
"1d12-901c-2328-27af-6007-e2a7-4608-87dd";"200401";"59";"3";"miasto";"stały";"Przedszkole Miejskie Nr 4, ul. Ełcka 31, 19-200 Grajewo";"m. Grajewo";"grajewski";"podlaskie";"1060";"1143";"424";"636";"2";"2";"0";"0";"0";"0";"0";"0";"0";"636";"0";"0";"636";"11";"0";"11";"0";"625";"164";"395";"66"
"62f0-4016-a04b-6e7d-602b-cf8c-7626-d698";"200401";"59";"4";"miasto";"stały";"Zespół Szkół Specjalnych, ul. Ełcka 11, 19-200 Grajewo";"m. Grajewo";"grajewski";"podlaskie";"950";"1002";"427";"523";"1";"3";"0";"0";"0";"0";"0";"0";"0";"523";"0";"0";"523";"10";"1";"9";"0";"513";"162";"278";"73"
"ee2c-25f4-fd38-0ff6-1135-b8d8-cb87-cfdf";"200401";"59";"5";"miasto";"stały";"Szkoła Podstawowa Nr 1, ul. Szkolna 12, 19-200 Grajewo";"m. Grajewo";"grajewski";"podlaskie";"1131";"1213";"481";"650";"0";"0";"0";"0";"0";"0";"0";"0";"0";"649";"0";"0";"649";"15";"2";"13";"0";"634";"190";"365";"79"
"b3d7-7929-79e7-d51e-b59f-bce2-9209-d49b";"200401";"59";"6";"miasto";"stały";"Szkoła Podstawowa Nr 1, ul. Szkolna 12, 19-200 Grajewo";"m. Grajewo";"grajewski";"podlaskie";"1020";"1106";"445";"575";"0";"0";"0";"0";"0";"0";"0";"0";"0";"575";"0";"0";"575";"14";"6";"8";"0";"561";"186";"314";"61"
"1461-9671-28cd-3883-6d97-ed5d-e181-9217";"200401";"59";"7";"miasto";"stały";"Grajewskie Centrum Kultury, ul. Wojska Polskiego 20, 19-200 Grajewo";"m. Grajewo";"grajewski";"podlaskie";"1260";"1368";"563";"697";"4";"1";"0";"0";"0";"0";"0";"0";"0";"697";"0";"0";"697";"11";"2";"9";"0";"686";"189";"412";"85"
"7327-f4f1-6a39-38ea-07ac-d09d-2665-0eee";"200401";"59";"8";"miasto";"stały";"Szkoła Podstawowa Nr 4, ul. Konstytucji 3 - go Maja 23, 19-200 Grajewo";"m. Grajewo";"grajewski";"podlaskie";"1390";"1543";"656";"734";"2";"4";"0";"0";"0";"0";"0";"0";"0";"734";"0";"0";"734";"24";"6";"18";"0";"710";"217";"407";"86"
"c13d-1145-1b07-cfb2-453e-c45c-4d3d-119d";"200401";"59";"9";"miasto";"stały";"Szkoła Podstawowa Nr 4, ul. Konstytucji 3 - go Maja 23, 19-200 Grajewo";"m. Grajewo";"grajewski";"podlaskie";"1112";"1201";"471";"641";"2";"3";"0";"0";"0";"0";"0";"0";"0";"641";"0";"0";"641";"17";"0";"17";"0";"624";"208";"330";"86"
"e2ad-2005-11d1-27af-ded1-399c-6b49-fa2f";"200401";"59";"10";"miasto";"stały";"Przedszkole Miejskie Nr 6, os. Południe 34, 19-200 Grajewo";"m. Grajewo";"grajewski";"podlaskie";"1073";"1168";"429";"644";"0";"2";"0";"0";"0";"0";"0";"0";"0";"644";"0";"0";"644";"22";"5";"17";"0";"622";"243";"309";"70"
"65e1-52c5-583f-251f-df34-d455-2f9e-2c31";"200401";"59";"11";"miasto";"stały";"Przedszkole Miejskie Nr 2, ul. Krasickiego 2, 19-200 Grajewo";"m. Grajewo";"grajewski";"podlaskie";"1470";"1585";"531";"939";"0";"2";"0";"0";"0";"0";"0";"0";"0";"939";"0";"0";"939";"26";"4";"22";"0";"913";"346";"431";"136"
"3150-6fb1-6400-bff2-94f8-d8dc-34cb-0c58";"200401";"59";"12";"miasto";"stały";"Środowiskowy Dom Samopomocy, ul. Konstytucji 3 - go Maja 2B, 19-200 Grajewo";"m. Grajewo";"grajewski";"podlaskie";"1280";"1363";"571";"709";"1";"1";"1";"1";"0";"0";"1";"0";"0";"709";"0";"0";"709";"17";"4";"13";"0";"692";"246";"388";"58"
"4950-7e12-0a8d-6dd7-9b08-68e2-a5cd-bce3";"200401";"59";"13";"miasto";"stały";"Zespół Szkół Nr 2, ul. Wojska Polskiego 84, 19-200 Grajewo";"m. Grajewo";"grajewski";"podlaskie";"1015";"1106";"447";"568";"1";"2";"0";"0";"0";"0";"0";"0";"0";"568";"0";"0";"568";"17";"10";"7";"0";"551";"166";"292";"93"
"51b3-a363-e719-1e98-38bf-4679-24f1-8bd4";"200401";"59";"14";"miasto";"zakład leczniczy";"Szpital Ogólny w Grajewie, ul. Konstytucji 3 Maja 34, 19-200 Grajewo";"m. Grajewo";"grajewski";"podlaskie";"149";"125";"98";"51";"0";"0";"0";"0";"0";"0";"0";"0";"0";"51";"0";"0";"51";"0";"0";"0";"0";"51";"10";"38";"3"
"efc6-e674-5689-fe2a-67b8-4332-8e57-d5ec";"200402";"59";"1";"wieś";"stały";"Urząd Gminy Grajewo, ul. Komunalna 6, 19-200 Grajewo";"gm. Grajewo";"grajewski";"podlaskie";"790";"870";"402";"388";"0";"3";"0";"0";"0";"0";"0";"0";"0";"388";"0";"0";"388";"11";"0";"11";"0";"377";"82";"269";"26"
"964c-8b84-522f-645c-dd01-868b-eaaf-204e";"200402";"59";"2";"wieś";"stały";"Szkoła Podstawowa w Wierzbowie, Wierzbowo 72, 19-200 Grajewo";"gm. Grajewo";"grajewski";"podlaskie";"869";"966";"453";"416";"2";"2";"0";"0";"0";"0";"0";"0";"0";"416";"0";"0";"416";"16";"4";"12";"0";"400";"81";"268";"51"
"7df6-b479-dcd4-409b-b8ae-728b-9133-b009";"200402";"59";"3";"wieś";"stały";"Przedszkole w Rudzie, Ruda ul. Szkolna 8, 19-200 Grajewo";"gm. Grajewo";"grajewski";"podlaskie";"580";"648";"279";"301";"0";"0";"0";"0";"0";"0";"0";"0";"0";"301";"0";"0";"301";"6";"2";"4";"0";"295";"110";"156";"29"
"4d1e-b0bc-c657-69b7-6e54-2f3b-ebc3-99d2";"200402";"59";"4";"wieś";"stały";"Szkoła Podstawowa w Białaszewie, Białaszewo ul. Mikołaja Kopernika 2, 19-200 Grajewo";"gm. Grajewo";"grajewski";"podlaskie";"719";"788";"326";"393";"1";"1";"0";"0";"0";"0";"0";"0";"0";"393";"0";"0";"393";"10";"1";"9";"0";"383";"67";"299";"17"
"92a8-44f8-da46-f6df-4010-9828-e49f-9dae";"200402";"59";"5";"wieś";"stały";"Szkoła Podstawowa w Danówku, Danówek 7, 19-200 Grajewo";"gm. Grajewo";"grajewski";"podlaskie";"709";"788";"312";"397";"0";"0";"0";"0";"0";"0";"0";"0";"0";"397";"0";"2";"395";"6";"1";"5";"0";"389";"108";"240";"41"
"4303-b18c-d37d-9eac-d3f7-5e1b-cc8f-39b1";"200402";"59";"6";"wieś";"stały";"Świetlica Wiejska w Ciemnoszyjach, Ciemnoszyje 54, 19-200 Grajewo";"gm. Grajewo";"grajewski";"podlaskie";"480";"529";"218";"262";"2";"0";"0";"0";"0";"0";"0";"0";"0";"262";"0";"0";"262";"7";"0";"7";"0";"255";"93";"141";"21"
"8d48-3505-3654-5328-2c53-2769-a097-c202";"200403";"59";"1";"wieś";"stały";"Świetlica wiejska, Łoje-Awissa 1, 19-213 Radziłów";"gm. Radziłów";"grajewski";"podlaskie";"300";"316";"109";"191";"0";"1";"0";"0";"0";"0";"0";"0";"0";"191";"0";"0";"191";"1";"1";"0";"0";"190";"5";"184";"1"
"66da-b5a2-8b3b-f099-fd6c-a890-b514-a524";"200403";"59";"2";"wieś";"stały";"Świetlica wiejska, Glinki, 19-213 Radziłów";"gm. Radziłów";"grajewski";"podlaskie";"161";"181";"77";"84";"0";"0";"0";"0";"0";"0";"0";"0";"0";"84";"0";"0";"84";"1";"0";"1";"0";"83";"17";"63";"3"
"f762-eab4-3a8d-ed44-5852-2c43-d0c8-eaf9";"200403";"59";"3";"wieś";"stały";"była Filia nr 1 Biblioteki Samorządowej, Słucz 82, 19-213 Radziłów";"gm. Radziłów";"grajewski";"podlaskie";"572";"627";"291";"281";"1";"3";"0";"0";"0";"0";"0";"0";"0";"281";"0";"0";"281";"1";"0";"1";"0";"280";"58";"204";"18"
"8570-dff1-ba0d-6152-653c-41ca-afe2-ebff";"200403";"59";"4";"wieś";"stały";"Szkoła Podstawowa, Kramarzewo 1, 19-213 Radziłów";"gm. Radziłów";"grajewski";"podlaskie";"450";"497";"205";"245";"0";"0";"0";"0";"0";"0";"0";"0";"0";"245";"0";"0";"245";"12";"4";"8";"0";"233";"24";"204";"5"
"3f0f-1f3d-e525-ac6b-b3c7-b374-1be3-90f4";"200403";"59";"5";"wieś";"stały";"Szkoła Podstawowa, Klimaszewnica 41, 19-213 Radziłów";"gm. Radziłów";"grajewski";"podlaskie";"352";"380";"192";"160";"0";"1";"0";"0";"0";"0";"0";"0";"0";"160";"0";"0";"160";"5";"0";"5";"0";"155";"13";"130";"12"
"70cb-976d-ab04-03f2-6dab-eab3-8e17-f568";"200403";"59";"6";"wieś";"stały";"Świetlica wiejska, Mścichy 54, 19-213 Radziłów";"gm. Radziłów";"grajewski";"podlaskie";"311";"340";"159";"152";"0";"1";"0";"0";"0";"0";"0";"0";"0";"152";"0";"0";"152";"3";"0";"3";"0";"149";"34";"105";"10"
"195f-4bf5-3a60-6981-977c-d3a7-6863-19d7";"200403";"59";"7";"wieś";"stały";"Świetlica wiejska, Karwowo, 19-213 Radziłów";"gm. Radziłów";"grajewski";"podlaskie";"361";"386";"146";"215";"0";"1";"0";"0";"0";"0";"0";"0";"0";"215";"0";"0";"215";"6";"1";"5";"0";"209";"21";"171";"17"
"2091-5eb8-6f52-4b41-07bd-db39-6ad1-cf81";"200403";"59";"8";"wieś";"stały";"Biblioteka Samorządowa w Radziłowie, Plac 500 - lecia 15, 19-213 Radziłów";"gm. Radziłów";"grajewski";"podlaskie";"1013";"1089";"483";"530";"3";"3";"0";"0";"0";"0";"0";"0";"0";"530";"0";"0";"530";"14";"3";"11";"0";"516";"116";"358";"42"
"d37c-add6-a511-fc25-c124-9e54-60cc-7491";"200404";"59";"1";"miasto";"stały";"Urząd Miejski w Rajgrodzie, ul. Warszawska 32, 19-206 Rajgród";"gm. Rajgród";"grajewski";"podlaskie";"1582";"1714";"766";"816";"0";"22";"0";"0";"0";"0";"0";"0";"0";"816";"0";"0";"816";"24";"3";"21";"0";"792";"316";"369";"107"
"9a58-5bd9-4ac4-460b-45c8-bb68-f751-d507";"200404";"59";"2";"wieś";"stały";"Remiza OSP w Woźnejwsi, Woźnawieś 85, 19-206 Rajgród";"gm. Rajgród";"grajewski";"podlaskie";"502";"573";"248";"254";"0";"12";"0";"0";"0";"0";"0";"0";"0";"254";"0";"0";"254";"3";"0";"3";"0";"251";"70";"162";"19"
"0665-8817-717f-20fa-afea-d53d-040c-f232";"200404";"59";"3";"wieś";"stały";"Remiza OSP w Bełdzie, Bełda 40, 19-206 Rajgród";"gm. Rajgród";"grajewski";"podlaskie";"540";"586";"287";"253";"0";"1";"0";"0";"0";"0";"0";"0";"0";"253";"0";"0";"253";"8";"1";"7";"0";"245";"81";"142";"22"
"3488-fac8-707e-71e3-d251-7579-3527-dddd";"200404";"59";"4";"wieś";"stały";"Świetlica Zakładowa Instytutu Technologiczno-Przyrodniczego w Falentach Zakład Doswiadczalny w Biebrzy, Biebrza ul. Spacerowa 2, 19-206 Rajgród";"gm. Rajgród";"grajewski";"podlaskie";"388";"433";"177";"211";"0";"1";"0";"0";"0";"0";"0";"0";"0";"211";"0";"0";"211";"7";"0";"7";"0";"204";"86";"95";"23"
"906d-fde7-6d09-6c73-84a0-fcb8-9235-d390";"200404";"59";"5";"wieś";"stały";"Szkoła Podstawowa w Rydzewie, Rydzewo 6, 19-206 Rajgród";"gm. Rajgród";"grajewski";"podlaskie";"861";"947";"457";"404";"1";"0";"0";"0";"0";"0";"0";"0";"0";"402";"0";"0";"402";"14";"4";"10";"0";"388";"94";"253";"41"
"6d0b-b439-8c0c-ad5a-3360-5dec-cc7d-b230";"200405";"59";"1";"miasto";"stały";"Zespół Szkolno-Przedszkolny, ul. Jana Kilińskiego 42, 19-230 Szczuczyn";"gm. Szczuczyn";"grajewski";"podlaskie";"960";"1047";"436";"524";"2";"5";"0";"0";"0";"0";"0";"0";"0";"524";"0";"0";"524";"3";"0";"3";"0";"521";"184";"287";"50"
"c7ee-84b2-4d82-e2ac-575b-dde7-1b4c-adee";"200405";"59";"2";"miasto";"stały";"Zespół Szkolno-Przedszkolny w Szczuczynie, plac 1000 - lecia 14, 19-230 Szczuczyn";"gm. Szczuczyn";"grajewski";"podlaskie";"960";"1039";"444";"516";"0";"3";"0";"0";"0";"0";"0";"0";"0";"516";"0";"0";"516";"18";"5";"13";"0";"498";"192";"262";"44"
"91a2-bd68-c4d7-496c-4377-1217-1d88-0ad2";"200405";"59";"3";"wieś";"stały";"Świetlica wiejska, Skaje 53, 19-230 Szczuczyn";"gm. Szczuczyn";"grajewski";"podlaskie";"550";"602";"245";"305";"0";"1";"0";"0";"0";"0";"0";"0";"0";"305";"0";"0";"305";"6";"1";"5";"0";"299";"60";"218";"21"
"7bc8-c968-1537-ea52-debf-8d64-de55-166e";"200405";"59";"4";"miasto";"stały";"Remiza Ochotniczej Straży Pożarnej, ul. Strażacka 11, 19-230 Szczuczyn";"gm. Szczuczyn";"grajewski";"podlaskie";"800";"857";"357";"443";"0";"2";"0";"0";"0";"0";"0";"0";"0";"443";"0";"0";"443";"11";"2";"9";"0";"432";"154";"248";"30"
"41f8-ead6-feb2-ec20-8d71-7485-890a-9393";"200405";"59";"5";"wieś";"stały";"Zespół Szkół, Niećkowo 63, 19-230 Szczuczyn";"gm. Szczuczyn";"grajewski";"podlaskie";"660";"725";"328";"332";"0";"2";"0";"0";"0";"0";"0";"0";"0";"332";"0";"0";"332";"10";"1";"9";"0";"322";"75";"229";"18"
"17fd-8ee1-b96b-8e09-1b84-e2f4-0cd9-37f9";"200405";"59";"6";"wieś";"stały";"Szkoła Podstawowa, Niedźwiadna 49, 19-230 Szczuczyn";"gm. Szczuczyn";"grajewski";"podlaskie";"540";"599";"255";"285";"0";"3";"0";"0";"0";"0";"0";"0";"0";"285";"0";"0";"285";"4";"0";"4";"0";"281";"67";"200";"14"
"4e53-9641-3da4-ee1c-0b42-b5f7-8b22-1dfc";"200406";"59";"1";"wieś";"stały";"Urząd Gminy, Plac Rzędzina 8, 19-222 Wąsosz";"gm. Wąsosz";"grajewski";"podlaskie";"880";"954";"370";"510";"1";"1";"0";"0";"0";"0";"0";"0";"0";"510";"0";"0";"510";"22";"5";"17";"0";"488";"141";"320";"27"
"6e6d-3b78-c7e3-775a-d348-0a11-63d7-ccb2";"200406";"59";"2";"wieś";"stały";"Szkoła Podstawowa, Ławsk 107, 19-222 Wąsosz";"gm. Wąsosz";"grajewski";"podlaskie";"732";"805";"353";"379";"0";"1";"0";"0";"0";"0";"0";"0";"0";"379";"0";"0";"379";"8";"0";"8";"0";"371";"60";"287";"24"
"0dd0-54e7-dc06-1ed7-d1fb-d55c-e2c7-dbcb";"200406";"59";"3";"wieś";"stały";"Szkoła Podstawowa, Sulewo-Kownaty, 19-222 Wąsosz";"gm. Wąsosz";"grajewski";"podlaskie";"520";"559";"220";"300";"0";"2";"0";"0";"0";"0";"0";"0";"0";"300";"0";"0";"300";"6";"0";"6";"0";"294";"69";"214";"11"
"c546-a785-3ed9-4203-0a62-376a-7520-10f8";"200406";"59";"4";"wieś";"stały";"Szkoła Podstawowa w Wąsoszu, ul. Piaskowa 13, 19-222 Wąsosz";"gm. Wąsosz";"grajewski";"podlaskie";"521";"579";"230";"291";"0";"0";"0";"0";"0";"0";"0";"0";"0";"291";"0";"0";"291";"3";"3";"0";"0";"288";"46";"220";"22"
"5c74-4003-aee8-541f-880a-5ff4-c472-56b2";"200601";"59";"1";"miasto";"stały";"Szkoła Podstawowa Nr 1, ul. Wojska Polskiego 22, 18-500 Kolno";"m. Kolno";"kolneński";"podlaskie";"521";"594";"240";"281";"0";"7";"0";"0";"0";"0";"0";"0";"0";"281";"0";"0";"281";"9";"4";"5";"0";"272";"67";"172";"33"
"7e45-c4b4-afff-e1c4-e269-10c6-2c29-15d5";"200601";"59";"2";"miasto";"stały";"Szkoła Podstawowa Nr 2, ul. Szkolna 8, 18-500 Kolno";"m. Kolno";"kolneński";"podlaskie";"571";"624";"239";"332";"0";"2";"0";"0";"0";"0";"0";"0";"0";"332";"0";"0";"332";"8";"1";"7";"0";"324";"98";"188";"38"
"5250-bb02-32bc-f32c-aa1f-9f8f-adb0-287e";"200601";"59";"3";"miasto";"stały";"Szkoła Podstawowa Nr 2, ul. Szkolna 8, 18-500 Kolno";"m. Kolno";"kolneński";"podlaskie";"1000";"1128";"471";"529";"0";"4";"0";"0";"0";"0";"0";"0";"0";"529";"0";"0";"529";"11";"4";"7";"0";"518";"187";"279";"52"
"7ccf-9e33-9e75-b4cd-76eb-20e4-4d58-0042";"200601";"59";"4";"miasto";"stały";"Branżowa Szkoła I stopnia w Kolnie, ZDZ w Łomży, ul. Księcia Janusza I 40, 18-500 Kolno";"m. Kolno";"kolneński";"podlaskie";"971";"1051";"426";"545";"0";"1";"0";"0";"0";"0";"0";"0";"0";"545";"0";"0";"545";"13";"8";"5";"0";"532";"140";"342";"50"
"c65d-f0fe-a715-2727-b740-2747-495b-27f2";"200601";"59";"5";"miasto";"stały";"Zespół Szkół Technicznych, ul. Teofila Kubraka 6, 18-500 Kolno";"m. Kolno";"kolneński";"podlaskie";"770";"841";"357";"413";"1";"3";"0";"0";"0";"0";"0";"0";"0";"413";"0";"0";"413";"9";"4";"5";"0";"404";"152";"221";"31"
"07d6-379e-b21a-7540-e9b4-e5dd-cc76-4f0c";"200601";"59";"6";"miasto";"stały";"Starostwo Powiatowe, ul. 11 Listopada 1, 18-500 Kolno";"m. Kolno";"kolneński";"podlaskie";"819";"890";"389";"430";"0";"0";"2";"2";"0";"0";"0";"0";"2";"432";"2";"0";"432";"12";"4";"8";"0";"420";"154";"218";"48"
"47c8-7418-e9c2-a81a-5653-177b-9ea1-2df5";"200601";"59";"7";"miasto";"stały";"I Liceum Ogólnokształcące, ul. Wojska Polskiego 34, 18-500 Kolno";"m. Kolno";"kolneński";"podlaskie";"910";"1002";"385";"525";"0";"2";"0";"0";"0";"0";"0";"0";"0";"525";"0";"0";"525";"16";"5";"11";"0";"509";"170";"297";"42"
"dd20-b7aa-5ae1-7b6a-e748-7b43-2b2b-4888";"200601";"59";"8";"miasto";"stały";"Przedszkole Miejskie Nr 4, ul. Wojska Polskiego 65a, 18-500 Kolno";"m. Kolno";"kolneński";"podlaskie";"1170";"1329";"434";"736";"0";"3";"0";"0";"0";"0";"0";"0";"0";"736";"0";"0";"736";"15";"3";"12";"0";"721";"277";"363";"81"
"34ac-ac64-9294-5ef0-6438-a1f8-842a-8f78";"200601";"59";"9";"miasto";"stały";"Miejska Biblioteka Publiczna, ul. Marii Dąbrowskiej 4, 18-500 Kolno";"m. Kolno";"kolneński";"podlaskie";"610";"686";"269";"341";"0";"0";"0";"0";"0";"0";"0";"0";"0";"341";"0";"0";"341";"7";"3";"4";"0";"334";"93";"206";"35"
"e613-7fad-04a2-bc6c-bc2c-f285-aceb-9527";"200601";"59";"10";"miasto";"zakład leczniczy";"Szpital Ogólny w Kolnie, Wojska Polskiego 69, 18-500 Kolno";"m. Kolno";"kolneński";"podlaskie";"140";"50";"128";"12";"0";"0";"0";"0";"0";"0";"0";"0";"0";"12";"0";"0";"12";"0";"0";"0";"0";"12";"3";"8";"1"
"fc7f-c4cc-1671-2e9c-6afc-da61-c437-06b9";"200602";"59";"1";"wieś";"stały";"Świetlica, ul. Kpt. Adama Gątkiewicza 31, 18-507 Grabowo";"gm. Grabowo";"kolneński";"podlaskie";"340";"375";"137";"203";"1";"1";"0";"0";"0";"0";"0";"0";"0";"203";"0";"0";"203";"5";"3";"2";"0";"198";"84";"103";"11"
"31f9-5553-0546-c0fc-868d-6826-5941-ac81";"200602";"59";"2";"wieś";"stały";"Urząd Gminy, ul. Gen. Władysława Sikorskiego 1, 18-507 Grabowo";"gm. Grabowo";"kolneński";"podlaskie";"754";"814";"387";"367";"2";"0";"2";"2";"0";"0";"0";"0";"2";"369";"2";"0";"369";"12";"3";"9";"0";"357";"91";"237";"29"
"8b20-88f7-1f90-16fb-5a21-3012-709f-5097";"200602";"59";"3";"wieś";"stały";"Szkoła Podstawowa im. Antoniego i Jakuba Wagów, ul. Szkolna 7, 18-507 Grabowo";"gm. Grabowo";"kolneński";"podlaskie";"851";"928";"379";"472";"4";"2";"0";"0";"0";"0";"0";"0";"0";"472";"0";"0";"472";"4";"0";"4";"0";"468";"44";"399";"25"
"0eca-38bf-7f3b-af62-ff4c-3973-ceaa-cb50";"200602";"59";"4";"wieś";"stały";"Świetlica, Surały 22B, 18-507 Grabowo";"gm. Grabowo";"kolneński";"podlaskie";"391";"434";"167";"224";"0";"0";"0";"0";"0";"0";"0";"0";"0";"224";"0";"0";"224";"2";"0";"2";"0";"222";"36";"169";"17"
"ba55-cfe6-62a7-ec9f-8e34-4e25-a2a1-cf60";"200602";"59";"5";"wieś";"stały";"Remiza OSP, Siwki 8, 18-507 Grabowo";"gm. Grabowo";"kolneński";"podlaskie";"221";"249";"92";"129";"0";"0";"0";"0";"0";"0";"0";"0";"0";"129";"0";"0";"129";"1";"0";"1";"0";"128";"20";"103";"5"
"f724-c324-9acd-f425-acd0-01c8-9238-6802";"200603";"59";"1";"wieś";"stały";"Gminna Biblioteka Publiczna w Czerwonem, Czerwone 50, 18-500 Kolno";"gm. Kolno";"kolneński";"podlaskie";"689";"758";"303";"386";"0";"4";"0";"0";"0";"0";"0";"0";"0";"386";"0";"0";"386";"7";"2";"5";"0";"379";"105";"244";"30"
"379a-bc6c-fd8c-4cd4-b64d-0a86-b867-9be7";"200603";"59";"2";"wieś";"stały";"Centrum Kultury Gminy Kolno, Kozioł 41, 18-500 Kolno";"gm. Kolno";"kolneński";"podlaskie";"539";"595";"257";"282";"0";"4";"0";"0";"0";"0";"0";"0";"0";"282";"0";"0";"282";"4";"1";"3";"0";"278";"46";"215";"17"
"fcbc-6c95-2b01-d5ef-8110-493f-5c4d-e62e";"200603";"59";"3";"wieś";"stały";"Centrum Kultury Gminy Kolno w Zabielu, Zabiele 165, 18-500 Kolno";"gm. Kolno";"kolneński";"podlaskie";"736";"831";"265";"471";"1";"6";"0";"0";"0";"0";"0";"0";"0";"471";"0";"0";"471";"8";"2";"6";"0";"463";"95";"326";"42"
"716e-f05f-5018-9912-36d7-28b0-ebaf-69c6";"200603";"59";"4";"wieś";"stały";"Remiza OSP w Janowie, Janowo 32, 18-500 Kolno";"gm. Kolno";"kolneński";"podlaskie";"608";"668";"277";"331";"0";"0";"0";"0";"0";"0";"0";"0";"0";"331";"0";"0";"331";"6";"1";"5";"0";"325";"53";"258";"14"
"1131-4770-62ac-a759-b456-c76d-426b-dfbf";"200603";"59";"5";"wieś";"stały";"Szkoła Podstawowa w Borkowie, Borkowo 72, 18-500 Kolno";"gm. Kolno";"kolneński";"podlaskie";"520";"569";"210";"310";"0";"0";"0";"0";"0";"0";"0";"0";"0";"310";"0";"0";"310";"4";"4";"0";"0";"306";"90";"194";"22"
"7721-d133-2597-76f6-995e-ce0f-8502-0d4c";"200603";"59";"6";"wieś";"stały";"Szkoła Podstawowa w Wykowie, Wykowo 14, 18-500 Kolno";"gm. Kolno";"kolneński";"podlaskie";"580";"651";"227";"353";"0";"5";"0";"0";"0";"0";"0";"0";"0";"352";"0";"0";"352";"4";"0";"4";"0";"348";"98";"237";"13"
"5c51-169f-a032-a33b-e697-9807-ce4b-aa45";"200603";"59";"7";"wieś";"stały";"Szkoła Podstawowa w Zaskrodziu, Zaskrodzie 66, 18-500 Kolno";"gm. Kolno";"kolneński";"podlaskie";"509";"554";"203";"306";"1";"0";"0";"0";"0";"0";"0";"0";"0";"306";"0";"0";"306";"3";"0";"3";"0";"303";"34";"246";"23"
"0982-f2f6-9a75-bba8-0842-8629-106c-6228";"200603";"59";"8";"wieś";"stały";"Remiza OSP w Starym Gromadzynie, Stary Gromadzyn 27A, 18-500 Kolno";"gm. Kolno";"kolneński";"podlaskie";"390";"434";"140";"250";"0";"0";"0";"0";"0";"0";"0";"0";"0";"250";"0";"0";"250";"2";"1";"1";"0";"248";"50";"176";"22"
"1cab-24a4-d834-ba02-a547-a734-f096-f861";"200603";"59";"9";"wieś";"stały";"Centrum Kultury Gminy Kolno w Lachowie, Lachowo 64, 18-500 Kolno";"gm. Kolno";"kolneński";"podlaskie";"379";"416";"192";"187";"0";"2";"0";"0";"0";"0";"0";"0";"0";"187";"0";"0";"187";"4";"0";"4";"0";"183";"53";"109";"21"
"1785-5c4f-6ab4-9b9e-dbbc-96b8-64ec-33ca";"200603";"59";"10";"wieś";"stały";"Szkoła Podstawowa w Lachowie, Lachowo 21, 18-500 Kolno";"gm. Kolno";"kolneński";"podlaskie";"690";"768";"285";"405";"0";"0";"0";"0";"0";"0";"0";"0";"0";"405";"0";"0";"405";"3";"1";"2";"0";"402";"60";"324";"18"
"17c0-cdcc-bf2b-c28f-89df-0a29-b4b1-0f29";"200603";"59";"11";"wieś";"stały";"Remiza OSP w Kumelsku, Kumelsk 20, 18-500 Kolno";"gm. Kolno";"kolneński";"podlaskie";"478";"534";"217";"261";"0";"0";"0";"0";"0";"0";"0";"0";"0";"261";"0";"0";"261";"1";"0";"1";"0";"260";"68";"178";"14"
"45a7-4c68-2c6c-66a3-4fc3-83d8-3979-1161";"200604";"59";"1";"wieś";"stały";"Szkoła Podstawowa w Kątach, Kąty 168, 18-516 Mały Płock";"gm. Mały Płock";"kolneński";"podlaskie";"719";"802";"363";"356";"0";"0";"0";"0";"0";"0";"0";"0";"0";"356";"0";"0";"356";"7";"1";"6";"0";"349";"88";"243";"18"
"a7f6-ac46-ab5e-1e40-f9cd-c044-4aba-f5e1";"200604";"59";"2";"wieś";"stały";"Urząd Gminy w Małym Płocku, ul. Kochanowskiego 15, 18-516 Mały Płock";"gm. Mały Płock";"kolneński";"podlaskie";"1238";"1361";"591";"647";"2";"0";"0";"0";"0";"0";"0";"0";"0";"647";"0";"0";"647";"18";"3";"15";"0";"629";"137";"446";"46"
"ad3c-1f42-e1fd-bea3-6ea0-fe71-488a-d93f";"200604";"59";"3";"wieś";"stały";"Gminny Ośrodek Kultury w Małym Płocku, ul. Ciborowskiego 38, 18-516 Mały Płock";"gm. Mały Płock";"kolneński";"podlaskie";"1249";"1377";"525";"724";"2";"2";"0";"0";"0";"0";"0";"0";"0";"724";"0";"0";"724";"10";"4";"6";"0";"714";"135";"539";"40"
"ec73-c5ab-465d-735d-dec8-0f53-9a38-dce5";"200604";"59";"4";"wieś";"stały";"Szkoła Podstawowa w Rogienicach Wielkich, Rogienice Wielkie ul. Długa 1, 18-516 Mały Płock";"gm. Mały Płock";"kolneński";"podlaskie";"350";"387";"152";"198";"0";"2";"0";"0";"0";"0";"0";"0";"0";"198";"0";"0";"198";"6";"2";"4";"0";"192";"48";"130";"14"
"3379-b450-2fcc-b0ea-1964-04e0-5a7b-1dd7";"200605";"59";"1";"miasto";"stały";"Urząd Miejski w Stawiskach, ul. Plac Wolności 13/15, 18-520 Stawiski";"gm. Stawiski";"kolneński";"podlaskie";"918";"973";"466";"452";"0";"1";"0";"0";"0";"0";"0";"0";"0";"452";"0";"0";"452";"6";"3";"3";"0";"446";"152";"258";"36"
"ca65-ba9b-6416-8221-a95e-e7de-958c-0fe1";"200605";"59";"2";"miasto";"stały";"Gminny Ośrodek Kultury i Sportu w Stawiskach, ul. Krótka 4, 18-520 Stawiski";"gm. Stawiski";"kolneński";"podlaskie";"730";"789";"374";"356";"0";"1";"0";"0";"0";"0";"0";"0";"0";"356";"0";"0";"356";"7";"1";"6";"0";"349";"114";"205";"30"
"ac30-ac5a-d82e-8564-da24-b602-25ea-af26";"200605";"59";"3";"wieś";"stały";"Szkoła Podstawowa im. Tadeusza Kościuszki w Stawiskach, ul. Polowa 12, 18-520 Stawiski";"gm. Stawiski";"kolneński";"podlaskie";"899";"971";"434";"465";"1";"1";"0";"0";"0";"0";"0";"0";"0";"465";"0";"0";"465";"21";"1";"20";"0";"444";"70";"346";"28"
"2c31-2bac-d24b-d7e3-732f-77d1-b0df-37fa";"200605";"59";"4";"wieś";"stały";"Szkoła Filialna w Jurcu Szlacheckim, Jurzec Szlachecki 53, 18-520 Stawiski";"gm. Stawiski";"kolneński";"podlaskie";"269";"298";"106";"163";"0";"0";"0";"0";"0";"0";"0";"0";"0";"163";"0";"0";"163";"2";"0";"2";"0";"161";"19";"137";"5"
"a2b8-ac95-9437-2d57-72a4-d47b-0dde-0cc1";"200605";"59";"5";"wieś";"stały";"Szkoła Podstawowa im. Tadeusza Kościuszki w Stawiskach, ul. Polowa 26, 18-520 Stawiski";"gm. Stawiski";"kolneński";"podlaskie";"740";"803";"347";"393";"1";"1";"0";"0";"0";"0";"0";"0";"0";"393";"0";"0";"393";"4";"1";"3";"0";"389";"45";"329";"15"
"6472-78dd-d5d9-c517-64a2-c26f-a006-b590";"200605";"59";"6";"wieś";"stały";"Szkoła Podstawowa w Porytem, Poryte ul. Szkolna 23, 18-520 Stawiski";"gm. Stawiski";"kolneński";"podlaskie";"628";"697";"275";"353";"0";"2";"0";"0";"0";"0";"0";"0";"0";"353";"0";"0";"353";"9";"1";"8";"0";"344";"81";"237";"26"
"f103-6e68-2453-1150-282c-a030-e7b1-0d04";"200605";"59";"7";"wieś";"stały";"Szkoła Filialna w Budach Stawiskich, Budy Stawiskie 1, 18-520 Stawiski";"gm. Stawiski";"kolneński";"podlaskie";"361";"395";"176";"185";"0";"0";"0";"0";"0";"0";"0";"0";"0";"185";"0";"0";"185";"6";"0";"6";"0";"179";"41";"128";"10"
"bc31-b5f3-cc15-b3c6-a351-f9f8-8a3d-4bf4";"200606";"59";"1";"wieś";"stały";"Szkoła Podstawowa im. ks. Jana Twardowskiego, ul. Jana Pawła II 28, 18-525 Turośl";"gm. Turośl";"kolneński";"podlaskie";"928";"1027";"360";"568";"0";"6";"0";"0";"0";"0";"0";"0";"0";"568";"0";"0";"568";"8";"1";"7";"0";"560";"100";"430";"30"
"d467-a9ab-c187-ce6f-7546-1474-8650-def5";"200606";"59";"2";"wieś";"stały";"Szkoła Podstawowa im. ks. Jana Twardowskiego, ul. Jana Pawła II 28, 18-525 Turośl";"gm. Turośl";"kolneński";"podlaskie";"1008";"1114";"395";"613";"0";"2";"0";"0";"0";"0";"0";"0";"0";"613";"0";"0";"613";"13";"3";"10";"0";"600";"175";"359";"66"
"3fca-d471-13d7-2c87-1594-c40c-4d87-ed0c";"200606";"59";"3";"wieś";"stały";"Szkoła Podstawowa im. Marii Konopnickiej, Ptaki 27, 18-525 Turośl";"gm. Turośl";"kolneński";"podlaskie";"569";"650";"262";"307";"0";"1";"0";"0";"0";"0";"0";"0";"0";"307";"0";"0";"307";"12";"1";"11";"0";"295";"74";"189";"32"
"3a9a-4901-d227-525e-00be-691a-4658-90dd";"200606";"59";"4";"wieś";"stały";"Szkoła Podstawowa im. Stanisława Krupki, Leman 48, 18-525 Turośl";"gm. Turośl";"kolneński";"podlaskie";"1062";"1193";"502";"560";"1";"4";"0";"0";"0";"0";"0";"0";"0";"560";"0";"0";"560";"9";"1";"8";"0";"551";"147";"378";"26"
"73da-d782-e265-b129-83c8-6f15-bb4c-70ff";"200701";"59";"1";"miasto";"stały";"Urząd Miejski w Jedwabnem, ul. Żwirki i Wigury 3, 18-420 Jedwabne";"gm. Jedwabne";"łomżyński";"podlaskie";"739";"804";"355";"384";"3";"0";"0";"0";"0";"0";"0";"0";"0";"384";"0";"0";"384";"18";"5";"13";"0";"366";"90";"234";"42"
"3850-63b8-3734-4657-b35b-07fc-eac9-25f0";"200701";"59";"2";"miasto";"stały";"Szkoła Podstawowa w Jedwabnem, ul. Wojska Polskiego 17, 18-420 Jedwabne";"gm. Jedwabne";"łomżyński";"podlaskie";"768";"855";"298";"470";"1";"0";"0";"0";"0";"0";"0";"0";"0";"469";"0";"0";"469";"8";"1";"7";"0";"461";"42";"400";"19"
"da3a-6837-bba1-b530-d6ae-499c-2be7-4e71";"200701";"59";"3";"wieś";"stały";"Remiza OSP w Burzynie, Burzyn ul. Cmentarna 5, 18-420 Jedwabne";"gm. Jedwabne";"łomżyński";"podlaskie";"879";"978";"348";"531";"1";"4";"0";"0";"0";"0";"0";"0";"0";"531";"0";"0";"531";"5";"1";"4";"0";"526";"55";"449";"22"
"afa9-7044-9046-e2a4-632a-08fc-1537-5687";"200701";"59";"4";"miasto";"stały";"Miejsko Gminny Ośrodek Kultury w Jedwabnem, ul. Piękna 8, 18-420 Jedwabne";"gm. Jedwabne";"łomżyński";"podlaskie";"848";"930";"357";"491";"1";"2";"0";"0";"0";"0";"0";"0";"0";"491";"0";"0";"491";"7";"1";"6";"0";"484";"73";"394";"17"
"ac06-5cbb-d2a2-eedb-d9e7-3c51-f2ce-8380";"200701";"59";"5";"miasto";"stały";"Zespół Szkół Samorządowych w Jedwabnem, ul. Mickiewicza 2, 18-420 Jedwabne";"gm. Jedwabne";"łomżyński";"podlaskie";"700";"761";"277";"423";"4";"1";"0";"0";"0";"0";"0";"0";"0";"423";"0";"0";"423";"5";"0";"5";"0";"418";"73";"320";"25"
"9637-35ab-a248-5d66-3cc3-456a-774f-8f9c";"200702";"59";"1";"wieś";"stały";"Szkoła Podstawowa, Jarnuty 1, 18-400 Łomża";"gm. Łomża";"łomżyński";"podlaskie";"551";"613";"190";"361";"1";"0";"0";"0";"0";"0";"0";"0";"0";"361";"0";"0";"361";"6";"0";"6";"0";"355";"86";"238";"31"
"ba4d-4ef0-3025-ee4b-f7fd-b29c-282d-0f4d";"200702";"59";"2";"wieś";"stały";"Szkoła Podstawowa, Nowe Kupiski 137, 18-400 Łomża";"gm. Łomża";"łomżyński";"podlaskie";"410";"467";"145";"265";"1";"7";"0";"0";"0";"0";"0";"0";"0";"265";"0";"0";"265";"7";"1";"6";"0";"258";"41";"204";"13"
"c0a0-053f-ad0b-a511-8a0f-20eb-ce98-3ebb";"200702";"59";"3";"wieś";"stały";"Szkoła Podstawowa, Nowe Kupiski 137, 18-400 Łomża";"gm. Łomża";"łomżyński";"podlaskie";"1012";"1120";"343";"669";"1";"7";"0";"0";"0";"0";"0";"0";"0";"669";"0";"0";"669";"16";"7";"9";"0";"653";"225";"358";"70"
"5fd3-96d1-c4fd-c885-d585-da1b-a058-b8a8";"200702";"59";"4";"wieś";"stały";"Szkoła Podstawowa, Podgórze ul. Szkolna 1, 18-400 Łomża";"gm. Łomża";"łomżyński";"podlaskie";"794";"855";"399";"395";"0";"1";"0";"0";"0";"0";"0";"0";"0";"395";"0";"0";"395";"6";"1";"5";"0";"389";"116";"239";"34"
"4ab0-86dd-0a94-c8c8-0e4f-11e6-7c3a-e9ad";"200702";"59";"5";"wieś";"stały";"Szkoła Podstawowa, Puchały 31, 18-400 Łomża";"gm. Łomża";"łomżyński";"podlaskie";"540";"590";"209";"331";"0";"0";"0";"0";"0";"0";"0";"0";"0";"331";"0";"0";"331";"8";"2";"6";"0";"323";"40";"266";"17"
"db67-75b5-9103-8fc8-5754-389b-75b3-9aec";"200702";"59";"6";"wieś";"stały";"Szkoła Podstawowa, Wygoda ul. Łomżyńska 2, 18-400 Łomża";"gm. Łomża";"łomżyński";"podlaskie";"988";"1100";"350";"638";"0";"2";"0";"0";"0";"0";"0";"0";"0";"638";"0";"0";"638";"12";"0";"12";"0";"626";"143";"439";"44"
"d29c-c5d9-750c-86c3-5920-80b8-8993-1a66";"200702";"59";"7";"wieś";"stały";"Szkoła Podstawowa, Pniewo ul. Akacjowa 1, 18-400 Łomża";"gm. Łomża";"łomżyński";"podlaskie";"459";"508";"180";"279";"1";"0";"0";"0";"0";"0";"0";"0";"0";"279";"0";"0";"279";"2";"0";"2";"0";"277";"94";"162";"21"
"805a-9a43-1b94-bb2f-7366-c4be-598f-3169";"200702";"59";"8";"wieś";"stały";"Świetlica Wiejska, Boguszyce 50, 18-400 Łomża";"gm. Łomża";"łomżyński";"podlaskie";"369";"407";"148";"221";"1";"0";"0";"0";"0";"0";"0";"0";"0";"221";"0";"0";"221";"3";"0";"3";"0";"218";"38";"170";"10"
"0036-9949-4db6-3167-bb4a-759e-eaab-cb38";"200702";"59";"9";"wieś";"stały";"Remiza Ochotniczej Straży Pożarnej, Chojny Młode 1A, 18-400 Łomża";"gm. Łomża";"łomżyński";"podlaskie";"429";"486";"152";"277";"0";"1";"0";"0";"0";"0";"0";"0";"0";"277";"0";"0";"277";"6";"1";"5";"0";"271";"40";"211";"20"
"3e51-1f02-1460-dd8b-e5b8-6374-7ac1-7b08";"200702";"59";"10";"wieś";"stały";"Świetlica Wiejska, Jednaczewo ul. Łomżyńska 77, 18-400 Łomża";"gm. Łomża";"łomżyński";"podlaskie";"398";"441";"122";"276";"0";"1";"0";"0";"0";"0";"0";"0";"0";"276";"0";"0";"276";"7";"2";"5";"0";"269";"72";"177";"20"
"8f0c-dbc6-7bc6-ba0b-eca0-1b3f-c7c0-26fa";"200702";"59";"11";"wieś";"stały";"Szkoła Podstawowa, Konarzyce ul. Szkolna 4, 18-400 Łomża";"gm. Łomża";"łomżyński";"podlaskie";"839";"934";"212";"627";"0";"0";"0";"0";"0";"0";"0";"0";"0";"627";"0";"0";"627";"5";"1";"4";"0";"622";"217";"332";"73"
"71f8-7ece-b46c-48bb-b6ce-a129-9880-49ea";"200702";"59";"12";"wieś";"stały";"Świetlica Wiejska, Stara Łomża przy Szosie ul. Wiejska 17, 18-400 Łomża";"gm. Łomża";"łomżyński";"podlaskie";"683";"747";"170";"513";"0";"4";"0";"0";"0";"0";"0";"0";"0";"513";"0";"0";"513";"9";"2";"7";"0";"504";"197";"243";"64"
"25fc-6c70-b851-c573-7611-aace-2d91-482a";"200702";"59";"13";"wieś";"stały";"Świetlica Wiejska, Giełczyn ul. Spokojna 12, 18-400 Łomża";"gm. Łomża";"łomżyński";"podlaskie";"563";"639";"169";"394";"1";"12";"0";"0";"0";"0";"0";"0";"0";"394";"0";"0";"394";"6";"1";"5";"0";"388";"149";"188";"51"
"8cb3-6ea7-b7d5-c761-f960-054f-0a5e-1353";"200703";"59";"1";"wieś";"stały";"Szkoła Podstawowa, ul. Łomżyńska 10, 18-413 Miastkowo";"gm. Miastkowo";"łomżyński";"podlaskie";"600";"669";"248";"352";"1";"4";"0";"0";"0";"0";"0";"0";"0";"352";"0";"0";"352";"8";"0";"8";"0";"344";"52";"277";"15"
"d995-8ce5-b9fd-567f-0fb0-b6e0-b938-0ae3";"200703";"59";"2";"wieś";"stały";"Szkoła Podstawowa, ul. Łomżyńska 10, 18-413 Miastkowo";"gm. Miastkowo";"łomżyński";"podlaskie";"772";"851";"311";"461";"1";"4";"0";"0";"0";"0";"0";"0";"0";"461";"0";"0";"461";"14";"2";"12";"0";"447";"121";"290";"36"
"e92b-c377-0542-9ceb-1124-c9a6-2c74-d44f";"200703";"59";"3";"wieś";"stały";"Świetlica Wiejska, ul. Łomżyńska 32A, 18-413 Miastkowo";"gm. Miastkowo";"łomżyński";"podlaskie";"716";"771";"344";"372";"0";"1";"0";"0";"0";"0";"0";"0";"0";"372";"0";"0";"372";"7";"2";"5";"0";"365";"72";"277";"16"
"47a6-746d-4acf-d0dd-513f-313a-31dc-188a";"200703";"59";"4";"wieś";"stały";"Szkoła Podstawowa, Rydzewo ul. Mazurska 22, 18-413 Miastkowo";"gm. Miastkowo";"łomżyński";"podlaskie";"920";"1019";"439";"481";"0";"1";"0";"0";"0";"0";"0";"0";"0";"481";"0";"0";"481";"10";"3";"7";"0";"471";"65";"384";"22"
"ed4f-6d45-ee1e-48d3-9172-77c7-f630-8ba3";"200704";"59";"1";"wieś";"stały";"Klub wiejski w Mątwicy, Mątwica 76, 18-414 Nowogród";"gm. Nowogród";"łomżyński";"podlaskie";"371";"408";"98";"273";"0";"0";"0";"0";"0";"0";"0";"0";"0";"273";"0";"0";"273";"6";"4";"2";"0";"267";"73";"167";"27"
"b5e2-a19a-9390-d931-a919-8ee9-9d73-1cc5";"200704";"59";"2";"wieś";"stały";"Miejsko-Gminny Ośrodek Kultury w Nowogrodzie, Łomżyńska 13, 18-414 Nowogród";"gm. Nowogród";"łomżyński";"podlaskie";"994";"1097";"404";"590";"4";"2";"1";"1";"0";"0";"0";"0";"1";"591";"1";"0";"591";"9";"2";"7";"0";"582";"160";"392";"30"
"24c4-198b-8325-011b-8ee7-fc76-13ac-1689";"200704";"59";"3";"miasto";"stały";"Zespół Szkół Samorządowych w Nowogrodzie, 11 Listopada 12, 18-414 Nowogród";"gm. Nowogród";"łomżyński";"podlaskie";"752";"826";"296";"456";"1";"2";"0";"0";"0";"0";"0";"0";"0";"456";"0";"0";"456";"8";"3";"5";"0";"448";"207";"204";"37"
"8ce2-4e61-7031-8ad9-c5d1-3c48-209d-533f";"200704";"59";"4";"miasto";"stały";"Zespół Szkół Samorządowych, 11 Listopada 12, 18-414 Nowogród";"gm. Nowogród";"łomżyński";"podlaskie";"800";"867";"342";"458";"1";"4";"0";"0";"0";"0";"0";"0";"0";"458";"0";"0";"458";"14";"4";"10";"0";"444";"185";"230";"29"
"ca50-304c-e3f5-b745-9094-c383-4592-1d9c";"200705";"59";"1";"wieś";"stały";"Szkoła Podstawowa im. mjr Wł. Raginisa w Piątnicy, ul. Szkolna 31, 18-421 Piątnica Poduchowna";"gm. Piątnica";"łomżyński";"podlaskie";"1611";"1754";"620";"991";"3";"4";"0";"0";"0";"0";"0";"0";"0";"991";"0";"0";"991";"21";"5";"16";"0";"970";"321";"543";"106"
"afc8-7a17-04af-25ce-baf8-71fb-3a11-5a92";"200705";"59";"2";"wieś";"stały";"Szkoła Podstawowa im. mjr Wł. Raginisa w Piątnicy, ul. Szkolna 31, 18-421 Piątnica Poduchowna";"gm. Piątnica";"łomżyński";"podlaskie";"1090";"1194";"478";"612";"1";"3";"0";"0";"0";"0";"0";"0";"0";"612";"0";"0";"612";"12";"6";"6";"0";"600";"156";"387";"57"
"519c-9b45-57c4-f025-875e-5759-b37e-a5a9";"200705";"59";"3";"wieś";"stały";"Szkoła Podstawowa, Drozdowo ul. Główna 15, 18-421 Piątnica Poduchowna";"gm. Piątnica";"łomżyński";"podlaskie";"1081";"1199";"495";"586";"1";"3";"0";"0";"0";"0";"0";"0";"0";"586";"0";"0";"586";"6";"1";"5";"0";"580";"117";"420";"43"
"d967-83c3-653a-9af9-b641-11e3-744b-af42";"200705";"59";"4";"wieś";"stały";"Szkoła Podstawowa im. Władysława Broniewskiego, Jeziorko ul. Długa 49, 18-421 Piątnica Poduchowna";"gm. Piątnica";"łomżyński";"podlaskie";"931";"1029";"382";"549";"0";"0";"0";"0";"0";"0";"0";"0";"0";"549";"0";"0";"549";"7";"3";"4";"0";"542";"123";"376";"43"
"c36c-a947-033e-894f-70a4-3f0d-72f6-3dc6";"200705";"59";"5";"wieś";"stały";"Szkoła Podstawowa, Dobrzyjałowo ul. Zdrojowa 1, 18-421 Piątnica Poduchowna";"gm. Piątnica";"łomżyński";"podlaskie";"880";"968";"388";"492";"1";"2";"0";"0";"0";"0";"0";"0";"0";"492";"0";"0";"492";"13";"2";"11";"0";"479";"62";"386";"31"
"fdbe-847b-1aa3-bc41-0eb5-4865-d5de-05ee";"200705";"59";"6";"wieś";"stały";"Szkoła Podstawowa, Olszyny ul. Wiśniowa 19, 18-421 Piątnica Poduchowna";"gm. Piątnica";"łomżyński";"podlaskie";"450";"500";"187";"263";"1";"1";"0";"0";"0";"0";"0";"0";"0";"263";"0";"0";"263";"5";"1";"4";"0";"258";"28";"208";"22"
"c1a6-d2e6-b029-40e4-084c-83b2-67ab-8680";"200705";"59";"7";"wieś";"stały";"Szkoła Podstawowa, Rakowo-Boginie 49, 18-421 Piątnica Poduchowna";"gm. Piątnica";"łomżyński";"podlaskie";"470";"514";"265";"205";"0";"1";"0";"0";"0";"0";"0";"0";"0";"205";"0";"0";"205";"3";"0";"3";"0";"202";"41";"150";"11"
"3d42-506a-0d68-9f43-a47c-64e4-8590-f729";"200705";"59";"8";"wieś";"stały";"Urząd Gminy, ul. Stawiskowska 53, 18-421 Piątnica Poduchowna";"gm. Piątnica";"łomżyński";"podlaskie";"1082";"1186";"480";"602";"2";"4";"0";"0";"0";"0";"0";"0";"0";"602";"0";"0";"602";"10";"1";"9";"0";"592";"136";"421";"35"
"8fda-1de9-ca8d-ed1c-76d3-105e-9a2e-2578";"200706";"59";"1";"wieś";"stały";"Świetlica Wiejska, Wilamowo 10, 18-423 Przytuły";"gm. Przytuły";"łomżyński";"podlaskie";"309";"350";"170";"139";"0";"0";"0";"0";"0";"0";"0";"0";"0";"139";"0";"0";"139";"2";"0";"2";"0";"137";"14";"120";"3"
"5295-84a4-48d1-39fc-08c2-2586-6c1c-6f67";"200706";"59";"2";"wieś";"stały";"Szkoła Podstawowa, ul. Lipowa 28, 18-423 Przytuły";"gm. Przytuły";"łomżyński";"podlaskie";"520";"577";"222";"298";"0";"0";"0";"0";"0";"0";"0";"0";"0";"298";"0";"0";"298";"7";"3";"4";"0";"291";"29";"247";"15"
"a2f6-6674-ca79-aee7-0763-e67d-cca1-37df";"200706";"59";"3";"wieś";"stały";"Szkoła Podstawowa, Wagi 16, 18-423 Przytuły";"gm. Przytuły";"łomżyński";"podlaskie";"199";"223";"64";"135";"1";"0";"0";"0";"0";"0";"0";"0";"0";"135";"0";"0";"135";"5";"0";"5";"0";"130";"2";"122";"6"
"4861-f8c1-7d8a-0c00-e0e8-becd-1e96-3953";"200706";"59";"4";"wieś";"stały";"Świetlica Wiejska, ul. Lipowa 1, 18-423 Przytuły";"gm. Przytuły";"łomżyński";"podlaskie";"520";"577";"220";"300";"1";"2";"0";"0";"0";"0";"0";"0";"0";"300";"0";"0";"300";"4";"1";"3";"0";"296";"49";"240";"7"
"bfb6-dbdc-161e-d41c-8c4e-cee5-92ec-7af8";"200707";"59";"1";"wieś";"stały";"Szkoła Podstawowa, Szczepankowo 20, 18-411 Śniadowo";"gm. Śniadowo";"łomżyński";"podlaskie";"450";"487";"204";"246";"0";"0";"0";"0";"0";"0";"0";"0";"0";"246";"0";"0";"246";"7";"2";"5";"0";"239";"57";"172";"10"
"829e-2198-3593-b7c4-50e5-c089-e4b5-9f9a";"200707";"59";"2";"wieś";"stały";"Szkoła Podstawowa, Szczepankowo 20, 18-411 Śniadowo";"gm. Śniadowo";"łomżyński";"podlaskie";"702";"763";"265";"437";"2";"1";"0";"0";"0";"0";"0";"0";"0";"437";"0";"0";"437";"9";"0";"9";"0";"428";"89";"313";"26"
"118f-f005-e690-c3c6-24ef-e471-8ca5-825d";"200707";"59";"3";"wieś";"stały";"Szkoła Podstawowa, ul. Łomżyńska 29, 18-411 Śniadowo";"gm. Śniadowo";"łomżyński";"podlaskie";"849";"937";"318";"531";"1";"5";"0";"0";"0";"0";"0";"0";"0";"531";"0";"0";"531";"13";"7";"6";"0";"518";"139";"325";"54"
"2a46-6b5e-7f8e-1500-7bf7-d00e-44e7-88bd";"200707";"59";"4";"wieś";"stały";"Szkoła Podstawowa, ul. Łomżyńska 29, 18-411 Śniadowo";"gm. Śniadowo";"łomżyński";"podlaskie";"863";"1052";"232";"631";"3";"0";"0";"0";"0";"0";"0";"0";"0";"631";"0";"0";"631";"10";"5";"5";"0";"621";"118";"460";"43"
"84c3-f9cd-5327-f7a6-e044-1f9b-21c7-9fba";"200707";"59";"5";"wieś";"stały";"Gminny Ośrodek Kultury, ul. Ostrołęcka 13, 18-411 Śniadowo";"gm. Śniadowo";"łomżyński";"podlaskie";"940";"1040";"274";"666";"6";"3";"0";"0";"0";"0";"0";"0";"0";"666";"0";"0";"666";"6";"0";"6";"0";"660";"104";"526";"30"
"c496-bbb7-1165-1db1-3637-55bc-d609-f1c2";"200708";"59";"1";"wieś";"stały";"Budynek wielofunkcyjny (świetlica), Bronowo ul. Mostowa 5, 18-430 Wizna";"gm. Wizna";"łomżyński";"podlaskie";"390";"447";"143";"247";"0";"5";"0";"0";"0";"0";"0";"0";"0";"247";"0";"0";"247";"6";"1";"5";"0";"241";"35";"191";"15"
"4a04-abea-03ef-dfdc-4a93-2b70-d16c-569b";"200708";"59";"2";"wieś";"stały";"Publiczna Szkoła Podstawowa (sala lekcyjna), Stare Bożejewo 37, 18-430 Wizna";"gm. Wizna";"łomżyński";"podlaskie";"351";"375";"156";"195";"2";"0";"0";"0";"0";"0";"0";"0";"0";"195";"0";"0";"195";"2";"0";"2";"0";"193";"28";"155";"10"
"7332-a968-6396-3828-23d6-8112-eda5-86a8";"200708";"59";"3";"wieś";"stały";"Szkoła Podstawowa w Wiźnie (sala gimnastyczna mała), pl. kpt. Władysława Raginisa 12, 18-430 Wizna";"gm. Wizna";"łomżyński";"podlaskie";"1000";"1110";"389";"611";"0";"8";"1";"1";"0";"0";"0";"0";"1";"612";"1";"0";"612";"17";"2";"15";"0";"595";"125";"427";"43"
"2a3c-20d8-1d21-d4a1-680a-d7cc-e096-1c6d";"200708";"59";"4";"wieś";"stały";"Szkoła Podstawowa w Wiźnie (hala sportowa), pl. kpt. Władysława Raginisa 12, 18-430 Wizna";"gm. Wizna";"łomżyński";"podlaskie";"740";"821";"350";"390";"0";"4";"0";"0";"0";"0";"0";"0";"0";"389";"0";"0";"389";"4";"2";"2";"0";"385";"83";"287";"15"
"f2fd-096b-3592-dad3-ba58-e433-2fc9-9b73";"200708";"59";"5";"wieś";"stały";"Szkoła Podstawowa (sala lekcyjna), Rutki, 18-430 Wizna";"gm. Wizna";"łomżyński";"podlaskie";"490";"539";"204";"286";"0";"0";"0";"0";"0";"0";"0";"0";"0";"286";"0";"0";"286";"9";"1";"8";"0";"277";"54";"205";"18"
"e331-66c6-2602-ea71-eb18-3e4f-87a7-57f2";"200709";"59";"1";"wieś";"stały";"Gminny Ośrodek Kultury, ul. Łomżyńska 44, 18-416 Zbójna";"gm. Zbójna";"łomżyński";"podlaskie";"870";"979";"382";"488";"1";"4";"0";"0";"0";"0";"0";"0";"0";"488";"0";"0";"488";"4";"2";"2";"0";"484";"278";"181";"25"
"d344-bc81-a5c5-8335-c0e7-a837-9d9f-fcf2";"200709";"59";"2";"wieś";"stały";"Urząd Gminy, ul. Łomżyńska 64, 18-416 Zbójna";"gm. Zbójna";"łomżyński";"podlaskie";"370";"416";"152";"218";"0";"3";"0";"0";"0";"0";"0";"0";"0";"218";"0";"0";"218";"2";"1";"1";"0";"216";"103";"109";"4"
"fc6f-6ad9-f399-b17c-190c-86bb-4747-dfad";"200709";"59";"3";"wieś";"stały";"Szkoła Podstawowa, Dobry Las 65, 18-416 Zbójna";"gm. Zbójna";"łomżyński";"podlaskie";"590";"668";"234";"356";"0";"8";"0";"0";"0";"0";"0";"0";"0";"356";"0";"0";"356";"13";"2";"11";"0";"343";"126";"195";"22"
"6f82-c265-047a-53e6-f199-48a3-f3c4-a7c2";"200709";"59";"4";"wieś";"stały";"Świetlica Wiejska, Kuzie 92, 18-416 Zbójna";"gm. Zbójna";"łomżyński";"podlaskie";"892";"992";"459";"433";"0";"1";"0";"0";"0";"0";"0";"0";"0";"433";"0";"0";"433";"5";"0";"5";"0";"428";"128";"254";"46"
"c933-3bfc-a5f3-5046-0861-7a52-5f86-f3a2";"200709";"59";"5";"wieś";"stały";"Budynek Ochotniczej Straży Pożarnej, Osowiec 16, 18-416 Zbójna";"gm. Zbójna";"łomżyński";"podlaskie";"341";"383";"149";"192";"0";"1";"0";"0";"0";"0";"0";"0";"0";"192";"0";"0";"192";"3";"2";"1";"0";"189";"74";"107";"8"
"4db7-8102-ad7f-8e77-d5a7-2a84-ad0f-dd52";"200801";"59";"1";"miasto";"stały";"Gminny Ośrodek Kultury w Goniądzu, ul. Stary Rynek 23, 19-110 Goniądz";"gm. Goniądz";"moniecki";"podlaskie";"1739";"1854";"759";"980";"4";"6";"0";"0";"0";"0";"0";"0";"0";"980";"0";"0";"980";"16";"4";"12";"0";"964";"312";"536";"116"
"863a-7f45-1d66-d68e-3ac3-64b2-2042-f056";"200801";"59";"2";"wieś";"stały";"Szkoła Podstawowa w Downarach, Downary 52, 19-110 Goniądz";"gm. Goniądz";"moniecki";"podlaskie";"600";"655";"270";"330";"0";"2";"0";"0";"0";"0";"0";"0";"0";"330";"0";"0";"330";"12";"4";"8";"0";"318";"96";"194";"28"
"2283-7f2e-ad36-4b10-16cb-2b9f-daed-52e1";"200801";"59";"3";"wieś";"stały";"Świetlica Wiejska w Klewiance, Klewianka 30C, 19-110 Goniądz";"gm. Goniądz";"moniecki";"podlaskie";"553";"606";"311";"242";"0";"0";"0";"0";"0";"0";"0";"0";"0";"242";"0";"0";"242";"3";"0";"3";"0";"239";"45";"179";"15"
"6cc6-968a-39df-f7ac-d780-051c-d822-e747";"200801";"59";"4";"wieś";"stały";"Remiza w Osowcu, Osowiec 59A, 19-110 Goniądz";"gm. Goniądz";"moniecki";"podlaskie";"361";"386";"176";"185";"0";"0";"0";"0";"0";"0";"0";"0";"0";"185";"0";"0";"185";"4";"0";"4";"0";"181";"45";"127";"9"
"344c-1a47-bdd8-c64f-72d4-9b43-b36a-c7ce";"200801";"59";"5";"wieś";"stały";"Budynek po Szkole Podstawowej we Wroceniu, Wroceń 86, 19-110 Goniądz";"gm. Goniądz";"moniecki";"podlaskie";"401";"440";"184";"217";"0";"0";"0";"0";"0";"0";"0";"0";"0";"217";"0";"0";"217";"1";"0";"1";"0";"216";"31";"168";"17"
"e30f-afed-ca7f-46ff-1b1f-7a4b-357d-44aa";"200802";"59";"1";"wieś";"stały";"Zespół Szkolno-Przedszkolny w Jasionówce, ul. Knyszyńska 21B, 19-122 Jasionówka";"gm. Jasionówka";"moniecki";"podlaskie";"1041";"1127";"439";"602";"3";"2";"0";"0";"0";"0";"0";"0";"0";"602";"0";"0";"602";"9";"4";"5";"0";"593";"144";"386";"63"
"82ba-8d92-93ce-f737-2767-62ef-069d-a33b";"200802";"59";"2";"wieś";"stały";"Gminny Ośrodek Kultury, Sportu i Turystyki w Jasionówce, ul. Rynek 19, 19-122 Jasionówka";"gm. Jasionówka";"moniecki";"podlaskie";"1072";"1150";"462";"610";"3";"1";"0";"0";"0";"0";"0";"0";"0";"610";"0";"0";"610";"18";"8";"10";"0";"592";"144";"381";"67"
"a4ac-2b96-a937-5fef-9039-7907-c59c-fd89";"200803";"59";"1";"wieś";"stały";"Gminny Ośrodek Kultury w Jaświłach Filia w Dolistowie Starym, Dolistowo Stare 110, 19-124 Jaświły";"gm. Jaświły";"moniecki";"podlaskie";"1601";"1752";"827";"774";"1";"8";"0";"0";"0";"0";"0";"0";"0";"774";"0";"0";"774";"13";"1";"12";"0";"761";"131";"567";"63"
"7a04-77c3-be52-4f33-882e-b43a-ec55-9323";"200803";"59";"2";"wieś";"stały";"Gminny Ośrodek Kultury w Jaświłach Filia w Brzozowej, Brzozowa 42, 19-124 Jaświły";"gm. Jaświły";"moniecki";"podlaskie";"791";"861";"383";"408";"0";"0";"0";"0";"0";"0";"0";"0";"0";"408";"0";"0";"408";"9";"1";"8";"0";"399";"54";"327";"18"
"d7cf-28b2-39be-4cea-af80-dc97-d801-7be9";"200803";"59";"3";"wieś";"stały";"Sala Konferencyjna Urzędu Gminy Jaświły, Jaświły 7, 19-124 Jaświły";"gm. Jaświły";"moniecki";"podlaskie";"1370";"1428";"678";"692";"1";"0";"0";"0";"0";"0";"0";"0";"0";"692";"0";"0";"692";"9";"6";"3";"0";"683";"166";"452";"65"
"efeb-7319-4955-ca45-ebd0-c65b-e57e-dc27";"200803";"59";"4";"wieś";"dom pomocy społecznej";"Dom Pomocy Społecznej ""Dom Kombatanta"" w Mocieszach, Mociesze 4A, 19-124 Jaświły";"gm. Jaświły";"moniecki";"podlaskie";"49";"34";"25";"24";"0";"0";"0";"0";"0";"0";"0";"0";"0";"24";"0";"0";"24";"0";"0";"0";"0";"24";"1";"19";"4"
"b5fa-c39c-8666-a60e-2494-22e5-2e81-c61b";"200804";"59";"1";"miasto";"stały";"Knyszyński Ośrodek Kultury w Knyszynie, ul. Rynek 39, 19-120 Knyszyn";"gm. Knyszyn";"moniecki";"podlaskie";"1488";"1614";"636";"852";"3";"0";"0";"0";"0";"0";"0";"0";"0";"852";"0";"0";"852";"17";"6";"11";"0";"835";"219";"498";"118"
"0c1b-4853-2963-118a-2609-7c1a-daeb-a0a7";"200804";"59";"2";"miasto";"stały";"Zespół Szkół Ogólnokształcących w Knyszynie, ul. Białostocka 36, 19-120 Knyszyn";"gm. Knyszyn";"moniecki";"podlaskie";"1449";"1596";"715";"734";"3";"3";"0";"0";"0";"0";"0";"0";"0";"734";"0";"0";"734";"17";"2";"15";"0";"717";"172";"460";"85"
"a4ac-1e72-e8b3-11c8-7668-0b02-527a-654c";"200804";"59";"3";"wieś";"stały";"Zespół Szkół w Kalinówce Kościelnej, Kalinówka Kościelna 36, 19-120 Knyszyn";"gm. Knyszyn";"moniecki";"podlaskie";"620";"679";"284";"336";"1";"0";"0";"0";"0";"0";"0";"0";"0";"336";"0";"0";"336";"4";"2";"2";"0";"332";"48";"263";"21"
"820a-1a95-292c-1b6e-ecfc-0d1e-69dd-781b";"200805";"59";"1";"wieś";"stały";"Gminny Ośrodek Kultury w Krypnie, Krypno Wielkie 9, 19-111 Krypno Kościelne";"gm. Krypno";"moniecki";"podlaskie";"1578";"1693";"732";"846";"0";"3";"0";"0";"0";"0";"0";"0";"0";"845";"0";"0";"845";"16";"10";"6";"0";"829";"251";"482";"96"
"d583-92f7-f455-dc88-7651-0648-20a2-213f";"200805";"59";"2";"wieś";"stały";"Świetlica ""Warszawa"" w Długołęce, Długołęka 49, 19-111 Krypno Kościelne";"gm. Krypno";"moniecki";"podlaskie";"880";"963";"414";"466";"0";"0";"0";"0";"0";"0";"0";"0";"0";"466";"0";"0";"466";"8";"0";"8";"0";"458";"100";"324";"34"
"2eb7-de29-b6c4-bcd4-9743-c899-d553-42ac";"200805";"59";"3";"wieś";"stały";"Świetlica wiejska w Zastoczu, Zastocze 29A, 19-111 Krypno Kościelne";"gm. Krypno";"moniecki";"podlaskie";"458";"501";"228";"230";"0";"0";"0";"0";"0";"0";"0";"0";"0";"230";"0";"0";"230";"3";"0";"3";"0";"227";"45";"173";"9"
"b362-3eb3-6c82-c239-2dac-0202-f2ab-052d";"200806";"59";"1";"miasto";"stały";"Szkoła Podstawowa Nr 2 w Mońkach, ul. Tysiąclecia 17, 19-100 Mońki";"gm. Mońki";"moniecki";"podlaskie";"1427";"1554";"608";"819";"2";"4";"2";"2";"0";"0";"0";"0";"2";"821";"2";"0";"821";"25";"10";"15";"0";"796";"248";"425";"123"
"b25d-1d00-c679-72b3-37a7-f13a-c2ae-afff";"200806";"59";"2";"miasto";"stały";"Zespół Szkół Ogólnokształcących i Zawodowych w Mońkach, ul. Tysiąclecia 15, 19-100 Mońki";"gm. Mońki";"moniecki";"podlaskie";"1506";"1636";"677";"829";"1";"4";"0";"0";"0";"0";"0";"0";"0";"829";"0";"0";"829";"26";"12";"14";"0";"803";"266";"394";"143"
"fda2-b76f-1327-8657-182b-7571-3027-63d0";"200806";"59";"3";"miasto";"stały";"Urząd Miejski w Mońkach, ul. Juliusza Słowackiego 5a, 19-100 Mońki";"gm. Mońki";"moniecki";"podlaskie";"1338";"1462";"615";"723";"3";"6";"0";"0";"0";"0";"0";"0";"0";"723";"0";"0";"723";"14";"3";"11";"0";"709";"234";"386";"89"
"a6db-3be2-5520-a5e6-7474-470c-1062-2091";"200806";"59";"4";"miasto";"stały";"Moniecki Ośrodek Kultury w Mońkach, ul. Białostocka 25, 19-100 Mońki";"gm. Mońki";"moniecki";"podlaskie";"1406";"1526";"688";"718";"2";"4";"0";"0";"0";"0";"0";"0";"0";"718";"0";"0";"718";"11";"4";"7";"0";"707";"261";"364";"82"
"476e-7371-a801-e579-16d5-3fad-2fe2-b0fa";"200806";"59";"5";"miasto";"stały";"Gimnazjum w Mońkach, ul. Leśna 3, 19-100 Mońki";"gm. Mońki";"moniecki";"podlaskie";"858";"898";"374";"484";"0";"0";"0";"0";"0";"0";"0";"0";"0";"484";"0";"0";"484";"16";"5";"11";"0";"468";"160";"237";"71"
"9d67-b2c4-9a11-f89b-4040-3b80-ce97-88b6";"200806";"59";"6";"miasto";"stały";"Zespół Szkół Ogólnokształcących i Zawodowych w Mońkach, ul. Szkolna 22, 19-100 Mońki";"gm. Mońki";"moniecki";"podlaskie";"1631";"1780";"758";"873";"3";"6";"0";"0";"0";"0";"0";"0";"0";"873";"0";"0";"873";"16";"4";"12";"0";"857";"214";"515";"128"
"c716-a367-e07e-2b98-57d4-6207-f243-d468";"200806";"59";"7";"miasto";"stały";"Zespół Szkół w Mońkach, ul. Planetarna 13, 19-100 Mońki";"gm. Mońki";"moniecki";"podlaskie";"640";"699";"279";"361";"0";"3";"0";"0";"0";"0";"0";"0";"0";"361";"0";"0";"361";"7";"2";"5";"0";"354";"108";"183";"63"
"c139-c8b6-6311-cd5c-3c83-5098-265a-bacd";"200806";"59";"8";"wieś";"stały";"Szkoła Podstawowa w Boguszewie, Boguszewo 67, 19-100 Mońki";"gm. Mońki";"moniecki";"podlaskie";"570";"628";"299";"271";"0";"1";"0";"0";"0";"0";"0";"0";"0";"271";"0";"0";"271";"3";"1";"2";"0";"268";"60";"189";"19"
"4c3b-4f2e-e7e4-1974-1f09-ae66-f6e3-eda3";"200806";"59";"9";"wieś";"stały";"Szkoła Podstawowa w Kuleszach, Kulesze 144, 19-100 Mońki";"gm. Mońki";"moniecki";"podlaskie";"709";"774";"420";"289";"1";"4";"0";"0";"0";"0";"0";"0";"0";"289";"0";"0";"289";"3";"1";"2";"0";"286";"64";"192";"30"
"6180-2fef-6346-579e-6a9a-7b86-545f-8c1b";"200806";"59";"10";"wieś";"stały";"Świetlica wiejska Przytulanka, Przytulanka 53, 19-100 Mońki";"gm. Mońki";"moniecki";"podlaskie";"821";"887";"364";"457";"0";"0";"0";"0";"0";"0";"0";"0";"0";"457";"0";"0";"457";"5";"2";"3";"0";"452";"79";"341";"32"
"d160-bd1f-6c86-cc9c-49b5-b457-fa80-2473";"200806";"59";"11";"miasto";"zakład leczniczy";"Samodzielny Publiczny Zakład Opieki Zdrowotnej w Mońkach, al. Niepodległości 9, 19-100 Mońki";"gm. Mońki";"moniecki";"podlaskie";"100";"91";"60";"40";"0";"4";"0";"0";"0";"0";"0";"0";"0";"40";"0";"0";"40";"6";"0";"6";"0";"34";"3";"28";"3"
"28a6-786f-d0bb-f0ef-b412-d7f0-6a2e-5ce0";"200806";"59";"12";"miasto";"dom pomocy społecznej";"Dom Pomocy Społecznej w Mońkach, PCK 15, 19-100 Mońki";"gm. Mońki";"moniecki";"podlaskie";"30";"29";"19";"11";"0";"0";"0";"0";"0";"0";"0";"0";"0";"11";"0";"0";"11";"1";"1";"0";"0";"10";"4";"5";"1"
"bdaa-ec4d-0625-476c-0b64-6711-67e2-c0ca";"200807";"59";"1";"wieś";"stały";"Gminny Ośrodek Kultury w Trzciannem, ul. Wojska Polskiego 10, 19-104 Trzcianne";"gm. Trzcianne";"moniecki";"podlaskie";"1131";"1233";"562";"569";"0";"13";"0";"0";"0";"0";"0";"0";"0";"569";"0";"0";"569";"11";"2";"9";"0";"558";"126";"390";"42"
"1193-dbe5-4914-e0aa-98cb-1f23-5fd4-d4cb";"200807";"59";"2";"wieś";"stały";"Szkoła Podstawowa im. Św. Franciszka w Trzciannem, ul. 3 Maja 9, 19-104 Trzcianne";"gm. Trzcianne";"moniecki";"podlaskie";"1140";"1241";"606";"534";"1";"5";"0";"0";"0";"0";"0";"0";"0";"534";"0";"0";"534";"3";"1";"2";"0";"531";"66";"428";"37"
"bf84-10c7-0010-e978-56df-e15c-1f48-4ecf";"200807";"59";"3";"wieś";"stały";"Świetlica w Wyszowatych, Wyszowate 14, 19-104 Trzcianne";"gm. Trzcianne";"moniecki";"podlaskie";"471";"508";"261";"210";"0";"0";"0";"0";"0";"0";"0";"0";"0";"210";"0";"0";"210";"2";"0";"2";"0";"208";"19";"184";"5"
"bf1c-0edd-c541-552a-e915-9650-385e-a7c8";"200807";"59";"4";"wieś";"stały";"Świetlica w Brzezinach, Brzeziny 10A, 19-104 Trzcianne";"gm. Trzcianne";"moniecki";"podlaskie";"520";"569";"273";"247";"0";"1";"0";"0";"0";"0";"0";"0";"0";"247";"0";"0";"247";"9";"2";"7";"0";"238";"32";"197";"9"
"d314-e001-20c5-08eb-60fc-a38e-80e7-004b";"200901";"59";"1";"miasto";"stały";"Ośrodek Kultury w Sejnach, ul. 1 Maja 17, 16-500 Sejny";"m. Sejny";"sejneński";"podlaskie";"1263";"1370";"564";"699";"1";"20";"0";"0";"0";"0";"0";"0";"0";"699";"0";"0";"699";"12";"2";"10";"0";"687";"283";"296";"108"
"9773-38be-bcce-25a6-edff-80d0-67c8-2982";"200901";"59";"2";"miasto";"stały";"Szkoła Podstawowa im. mjr Henryka Dobrzańskiego ""Hubala"" w Sejnach, ul. Wojska Polskiego 64, 16-500 Sejny";"m. Sejny";"sejneński";"podlaskie";"1299";"1378";"562";"737";"1";"4";"0";"0";"0";"0";"0";"0";"0";"737";"0";"0";"737";"11";"1";"10";"0";"726";"300";"306";"120"
"1e75-96ca-920e-238d-f888-e52b-4559-973b";"200901";"59";"3";"miasto";"stały";"Komenda Powiatowa Państwowej Straży Pożarnej w Sejnach, ul. Strażacka 2, 16-500 Sejny";"m. Sejny";"sejneński";"podlaskie";"1360";"1455";"622";"738";"11";"3";"0";"0";"0";"0";"0";"0";"0";"738";"0";"0";"738";"15";"5";"10";"0";"723";"322";"301";"100"
"90f7-bafc-267b-2942-4f06-0e9f-935e-9368";"200901";"59";"4";"miasto";"zakład leczniczy";"Samodzielny Publiczny Zakład Opieki Zdrowotnej w Sejnach, ul. Dr Edwarda Rittlera 1, 16-500 Sejny";"m. Sejny";"sejneński";"podlaskie";"50";"58";"31";"19";"0";"0";"0";"0";"0";"0";"0";"0";"0";"19";"0";"0";"19";"2";"0";"2";"0";"17";"7";"10";"0"
"c11b-c635-0c43-36f1-61f5-6b03-25a2-67ae";"200902";"59";"1";"wieś";"stały";"Gimnazjum w Gibach, Giby 75, 16-506 Giby";"gm. Giby";"sejneński";"podlaskie";"811";"914";"318";"493";"4";"9";"0";"0";"0";"0";"0";"0";"0";"493";"0";"0";"493";"12";"4";"8";"0";"481";"181";"217";"83"
"74a3-5e2d-a9e6-842b-2f89-55d3-7bb0-68db";"200902";"59";"2";"wieś";"stały";"Świetlica Wiejska w Pogorzelcu, Pogorzelec 23, 16-506 Giby";"gm. Giby";"sejneński";"podlaskie";"330";"381";"126";"204";"3";"3";"0";"0";"0";"0";"0";"0";"0";"204";"0";"0";"204";"6";"1";"5";"0";"198";"49";"112";"37"
"18f7-e37f-87c6-b82b-d105-51bf-666b-9e54";"200902";"59";"3";"wieś";"stały";"budynek Ochotniczej Straży Pożarnej, Głęboki Bród 11, 16-506 Giby";"gm. Giby";"sejneński";"podlaskie";"430";"482";"191";"239";"0";"5";"0";"0";"0";"0";"0";"0";"0";"239";"0";"0";"239";"5";"1";"4";"0";"234";"88";"112";"34"
"8726-0860-509e-7273-bf29-c2f3-821c-c547";"200902";"59";"4";"wieś";"stały";"Budynek po Szkole Podstawowej w Zelwie, Zelwa 21, 16-506 Giby";"gm. Giby";"sejneński";"podlaskie";"200";"231";"84";"116";"1";"3";"0";"0";"0";"0";"0";"0";"0";"116";"0";"0";"116";"2";"0";"2";"0";"114";"39";"60";"15"
"fce6-47c3-32b5-4306-9f70-ed96-6c46-24dd";"200902";"59";"5";"wieś";"stały";"Gminny Ośrodek Kultury w Gibach, Giby 74A, 16-506 Giby";"gm. Giby";"sejneński";"podlaskie";"321";"362";"185";"136";"0";"2";"0";"0";"0";"0";"0";"0";"0";"136";"0";"0";"136";"3";"2";"1";"0";"133";"43";"73";"17"
"ddc8-1c57-0ee6-e587-bf13-fa9c-1665-3757";"200903";"59";"1";"wieś";"stały";"Szkoła Podstawowa, ul. Wojska Polskiego 63, 16-503 Krasnopol";"gm. Krasnopol";"sejneński";"podlaskie";"1099";"1208";"504";"595";"1";"6";"0";"0";"0";"0";"0";"0";"0";"595";"0";"0";"595";"10";"1";"9";"0";"585";"147";"344";"94"
"3042-7b0c-3686-606c-b776-e22c-ecb6-a09f";"200903";"59";"2";"wieś";"stały";"Gminne Centrum Czytelnictwa i Kultury w Krasnopolu, ul. 1 Maja 1, 16-503 Krasnopol";"gm. Krasnopol";"sejneński";"podlaskie";"954";"970";"507";"447";"3";"6";"0";"0";"0";"0";"0";"0";"0";"447";"0";"0";"447";"16";"2";"14";"0";"431";"137";"230";"64"
"9bb5-83f8-67f8-7bed-9f45-2fec-5858-a7f9";"200903";"59";"3";"wieś";"stały";"Świetlica Wiejska, Maćkowa Ruda 22, 16-503 Krasnopol";"gm. Krasnopol";"sejneński";"podlaskie";"812";"872";"415";"397";"0";"6";"0";"0";"0";"0";"0";"0";"0";"397";"0";"0";"397";"11";"2";"9";"0";"386";"116";"220";"50"
"5258-6226-1510-4b9d-77f0-6352-d9a7-2b87";"200904";"59";"1";"wieś";"stały";"Urząd Gminy, ul. Mickiewicza 23, 16-515 Puńsk";"gm. Puńsk";"sejneński";"podlaskie";"1221";"1341";"710";"511";"0";"5";"0";"0";"0";"0";"0";"0";"0";"511";"0";"0";"511";"14";"2";"12";"0";"497";"263";"192";"42"
"2f99-52a0-eadd-2051-534e-5c5d-d363-1d0e";"200904";"59";"2";"wieś";"stały";"Świetlica, Smolany 9, 16-515 Puńsk";"gm. Puńsk";"sejneński";"podlaskie";"440";"490";"228";"212";"0";"0";"0";"0";"0";"0";"0";"0";"0";"212";"0";"0";"212";"6";"2";"4";"0";"206";"72";"115";"19"
"52b8-bd75-f2f9-f525-8feb-971f-7304-16f4";"200904";"59";"3";"wieś";"stały";"Szkoła Podstawowa, Widugiery 19A, 16-515 Puńsk";"gm. Puńsk";"sejneński";"podlaskie";"569";"637";"315";"254";"0";"0";"0";"0";"0";"0";"0";"0";"0";"254";"0";"0";"254";"1";"1";"0";"0";"253";"125";"95";"33"
"4847-6064-24f0-f577-e44d-c8b9-112a-d906";"200904";"59";"4";"wieś";"stały";"Szkoła Podstawowa, ul. 11 Marca 16, 16-515 Puńsk";"gm. Puńsk";"sejneński";"podlaskie";"913";"995";"363";"550";"1";"7";"0";"0";"0";"0";"0";"0";"0";"550";"0";"0";"550";"4";"3";"1";"0";"546";"378";"98";"70"
"8bff-8212-e6b9-c574-a9d1-452e-db09-82b4";"200905";"59";"1";"wieś";"stały";"Urząd Gminy Sejny, ul. Jerzego Grodzińskiego 1, 16-500 Sejny";"gm. Sejny";"sejneński";"podlaskie";"1391";"1491";"677";"714";"1";"12";"0";"0";"0";"0";"0";"0";"0";"714";"0";"0";"714";"13";"5";"8";"0";"701";"268";"348";"85"
"9b28-66b3-991f-daec-fca1-673a-8f8c-2803";"200905";"59";"2";"wieś";"stały";"Szkoła Podstawowa w Krasnowie, Krasnowo 17, 16-500 Sejny";"gm. Sejny";"sejneński";"podlaskie";"361";"390";"198";"163";"2";"3";"0";"0";"0";"0";"0";"0";"0";"163";"0";"0";"163";"5";"0";"5";"0";"158";"74";"69";"15"
"0891-4e8c-a336-0092-a8c7-bd83-1304-2015";"200905";"59";"3";"wieś";"stały";"Świetlica OSP w Żegarach, Żegary 40, 16-500 Sejny";"gm. Sejny";"sejneński";"podlaskie";"380";"409";"222";"158";"0";"6";"0";"0";"0";"0";"0";"0";"0";"158";"0";"0";"158";"1";"1";"0";"0";"157";"80";"64";"13"
"aee2-d30d-87c0-fcf9-e057-a70b-3e61-8130";"200905";"59";"4";"wieś";"stały";"Świetlica OSP w Ogrodnikach, Ogrodniki 14, 16-500 Sejny";"gm. Sejny";"sejneński";"podlaskie";"219";"254";"81";"138";"0";"9";"0";"0";"0";"0";"0";"0";"0";"138";"0";"0";"138";"10";"1";"9";"0";"128";"44";"70";"14"
"69ce-7913-fab1-f19b-c298-4f61-8d3e-c596";"200905";"59";"5";"wieś";"stały";"Remiza OSP w Berżnikach, Berżniki 85, 16-500 Sejny";"gm. Sejny";"sejneński";"podlaskie";"641";"706";"300";"341";"4";"5";"0";"0";"0";"0";"0";"0";"0";"341";"0";"0";"341";"8";"3";"5";"0";"333";"95";"206";"32"
"21cf-bb70-ff4c-525e-facb-d09d-1833-7212";"201201";"59";"1";"wieś";"stały";"Gminna Biblioteka Publiczna w Bakałarzewie, ul. Młyńska 11, 16-423 Bakałarzewo";"gm. Bakałarzewo";"suwalski";"podlaskie";"734";"789";"309";"425";"0";"7";"0";"0";"0";"0";"0";"0";"0";"425";"0";"0";"425";"8";"0";"8";"0";"417";"123";"199";"95"
"3921-c1c8-5bbf-d229-ec9f-16da-240c-a760";"201201";"59";"2";"wieś";"stały";"Szkoła Podstawowa im. Mikołaja Bakałarza w Bakałarzewie, ul. Króla Zygmunta Starego 1, 16-423 Bakałarzewo";"gm. Bakałarzewo";"suwalski";"podlaskie";"590";"639";"297";"293";"3";"3";"0";"0";"0";"0";"0";"0";"0";"293";"0";"0";"293";"4";"2";"2";"0";"289";"103";"143";"43"
"1b6b-89c4-8f25-1070-888f-ea7c-796b-e9b1";"201201";"59";"3";"wieś";"stały";"Urząd Gminy Bakałarzewo, ul. Rynek 3, 16-423 Bakałarzewo";"gm. Bakałarzewo";"suwalski";"podlaskie";"631";"682";"250";"381";"0";"0";"0";"0";"0";"0";"0";"0";"0";"381";"0";"0";"381";"10";"0";"10";"0";"371";"107";"212";"52"
"939c-21f5-842e-27ec-8a62-482e-9e6e-1631";"201201";"59";"4";"wieś";"stały";"Budynek po byłej Szkole Podstawowej w Zdrębach, Zdręby 34, 16-423 Bakałarzewo";"gm. Bakałarzewo";"suwalski";"podlaskie";"330";"367";"182";"148";"0";"0";"0";"0";"0";"0";"0";"0";"0";"148";"0";"0";"148";"7";"0";"7";"0";"141";"27";"94";"20"
"8043-ebac-18bc-336b-178a-7ca8-e978-5a76";"201202";"59";"1";"wieś";"stały";"Urząd Gminy Filipów, ul. Garbaska 2, 16-424 Filipów";"gm. Filipów";"suwalski";"podlaskie";"1228";"1357";"566";"662";"3";"15";"0";"0";"0";"0";"0";"0";"0";"662";"0";"0";"662";"13";"2";"11";"0";"649";"181";"373";"95"
"8ef7-3aee-3e54-f645-dccf-41be-0fd2-2aa6";"201202";"59";"2";"wieś";"stały";"Szkoła Podstawowa im. Jana Pawła II w Filipowie, ul. M. Konopnickiej 6, 16-424 Filipów";"gm. Filipów";"suwalski";"podlaskie";"1532";"1662";"723";"809";"3";"7";"0";"0";"0";"0";"0";"0";"0";"809";"0";"0";"809";"19";"5";"14";"0";"790";"179";"516";"95"
"7c81-c8ac-6077-4d18-8e62-1a2d-f45b-c968";"201202";"59";"3";"wieś";"stały";"Klub Rolnika w Jemielistem, Jemieliste 41, 16-424 Filipów";"gm. Filipów";"suwalski";"podlaskie";"431";"480";"192";"239";"1";"0";"0";"0";"0";"0";"0";"0";"0";"239";"0";"0";"239";"10";"2";"8";"0";"229";"50";"146";"33"
"82ff-04f6-aee4-33ff-a3fa-08a3-7025-6472";"201203";"59";"1";"wieś";"stały";"Ochotnicza Straż Pożarna w Bachanowie, Błaskowizna 13, 16-404 Jeleniewo";"gm. Jeleniewo";"suwalski";"podlaskie";"269";"301";"97";"172";"0";"2";"0";"0";"0";"0";"0";"0";"0";"172";"0";"0";"172";"3";"0";"3";"0";"169";"44";"114";"11"
"d37a-d03f-56aa-ac24-c9a0-e876-be7c-0bea";"201203";"59";"2";"wieś";"stały";"Gminna Biblioteka Publiczna, ul. Sportowa 1A, 16-404 Jeleniewo";"gm. Jeleniewo";"suwalski";"podlaskie";"1096";"1185";"420";"676";"1";"1";"0";"0";"0";"0";"0";"0";"0";"676";"0";"0";"676";"18";"4";"14";"0";"658";"164";"402";"92"
"4f19-1951-0648-b027-aba5-bf88-75cc-3e01";"201203";"59";"3";"wieś";"stały";"Szkoła Podstawowa im. Danuty Siedzikówny ""INKI"", ul. Suwalska 51, 16-404 Jeleniewo";"gm. Jeleniewo";"suwalski";"podlaskie";"926";"1003";"382";"544";"0";"0";"0";"0";"0";"0";"0";"0";"0";"544";"0";"0";"544";"8";"2";"6";"0";"536";"163";"311";"62"
"88cc-64e6-f94c-5356-1a48-32f1-6f5d-33ed";"201204";"59";"1";"wieś";"stały";"Szkoła Podstawowa, Nowa Pawłówka 1, 16-427 Przerośl";"gm. Przerośl";"suwalski";"podlaskie";"469";"531";"207";"262";"0";"1";"0";"0";"0";"0";"0";"0";"0";"262";"0";"0";"262";"1";"1";"0";"0";"261";"48";"196";"17"
"7947-5ed0-2a05-82f3-2902-7062-0342-ade3";"201204";"59";"2";"wieś";"stały";"Urząd Gminy, ul. Rynek 2, 16-427 Przerośl";"gm. Przerośl";"suwalski";"podlaskie";"1091";"1208";"527";"564";"0";"0";"0";"0";"0";"0";"0";"0";"0";"564";"0";"0";"564";"12";"3";"9";"0";"552";"105";"392";"55"
"e91a-245a-11d5-2786-0046-9356-7211-3827";"201204";"59";"3";"wieś";"stały";"Gminny Ośrodek Kultury, ul. Rynek 11, 16-427 Przerośl";"gm. Przerośl";"suwalski";"podlaskie";"593";"654";"246";"347";"3";"9";"0";"0";"0";"0";"0";"0";"0";"347";"0";"0";"347";"12";"6";"6";"0";"335";"99";"184";"52"
"fce5-a206-d3ee-49dd-9452-99b5-b664-ed08";"201205";"59";"1";"wieś";"stały";"Zespół Szkół im. Ludwika Michała Paca, Dowspuda 10, 16-420 Raczki";"gm. Raczki";"suwalski";"podlaskie";"482";"521";"198";"284";"0";"0";"0";"0";"0";"0";"0";"0";"0";"284";"0";"0";"284";"6";"2";"4";"0";"278";"59";"198";"21"
"8f7f-b4fc-0cee-e155-a7d2-7fe0-7463-5b60";"201205";"59";"2";"wieś";"stały";"Gminny Ośrodek Kultury, Plac Kościuszki 15, 16-420 Raczki";"gm. Raczki";"suwalski";"podlaskie";"941";"1035";"390";"551";"1";"6";"0";"0";"0";"0";"0";"0";"0";"551";"0";"0";"551";"12";"3";"9";"0";"539";"111";"354";"74"
"25ca-be78-c3e4-d39f-9610-f729-9472-2282";"201205";"59";"3";"wieś";"stały";"Gminny Ośrodek Kultury, Plac Kościuszki 15, 16-420 Raczki";"gm. Raczki";"suwalski";"podlaskie";"742";"786";"311";"431";"0";"0";"0";"0";"0";"0";"0";"0";"0";"431";"0";"0";"431";"12";"6";"6";"0";"419";"130";"235";"54"
"6f1c-97e9-b83c-7ec0-2393-ef4c-1cfe-20fb";"201205";"59";"4";"wieś";"stały";"Gminny Ośrodek Kultury, Plac Kościuszki 15, 16-420 Raczki";"gm. Raczki";"suwalski";"podlaskie";"882";"959";"295";"587";"0";"1";"0";"0";"0";"0";"0";"0";"0";"587";"0";"0";"587";"7";"2";"5";"0";"580";"178";"323";"79"
"4384-14d6-e2ec-00ab-1f93-dcd6-9f09-27c0";"201205";"59";"5";"wieś";"stały";"Remiza OSP, Sidory 22, 16-420 Raczki";"gm. Raczki";"suwalski";"podlaskie";"361";"398";"157";"204";"0";"0";"0";"0";"0";"0";"0";"0";"0";"204";"0";"0";"204";"2";"0";"2";"0";"202";"35";"136";"31"
"8ec5-e446-ad70-07dd-7be3-5aa0-6bde-ce0c";"201205";"59";"6";"wieś";"stały";"Remiza OSP, Sucha Wieś 10, 16-420 Raczki";"gm. Raczki";"suwalski";"podlaskie";"470";"519";"232";"238";"1";"0";"0";"0";"0";"0";"0";"0";"0";"238";"0";"0";"238";"3";"0";"3";"0";"235";"44";"158";"33"
"30d9-2c51-d5dc-33f9-b364-3d0b-c173-b7b2";"201205";"59";"7";"wieś";"stały";"Remiza OSP, Wierciochy 12, 16-420 Raczki";"gm. Raczki";"suwalski";"podlaskie";"380";"409";"171";"209";"0";"0";"0";"0";"0";"0";"0";"0";"0";"209";"0";"0";"209";"3";"0";"3";"0";"206";"75";"110";"21"
"afea-96e3-a149-0702-f4c0-3619-8a9e-cb30";"201206";"59";"1";"wieś";"stały";"Urząd Gminy Rutka-Tartak, ul. 3 Maja 13, 16-406 Rutka-Tartak";"gm. Rutka-Tartak";"suwalski";"podlaskie";"754";"814";"337";"417";"0";"0";"0";"0";"0";"0";"0";"0";"0";"417";"0";"0";"417";"4";"0";"4";"0";"413";"113";"260";"40"
"dd6e-bfac-1c0f-8ef3-417a-92c4-5d65-5ddb";"201206";"59";"2";"wieś";"stały";"Świetlica wiejska, Smolniki 32, 16-407 Wiżajny";"gm. Rutka-Tartak";"suwalski";"podlaskie";"262";"300";"83";"179";"0";"0";"0";"0";"0";"0";"0";"0";"0";"179";"0";"0";"179";"3";"1";"2";"0";"176";"46";"113";"17"
"1deb-ae4d-1d31-59ad-1d2d-395c-09f8-5a16";"201206";"59";"3";"wieś";"stały";"Remiza OSP, ul. Szkolna 1, 16-406 Rutka-Tartak";"gm. Rutka-Tartak";"suwalski";"podlaskie";"731";"798";"324";"407";"1";"2";"0";"0";"0";"0";"0";"0";"0";"407";"0";"0";"407";"4";"1";"3";"0";"403";"123";"214";"66"
"4232-67ee-c13b-8e9e-55fc-11ee-d84e-3682";"201207";"59";"1";"wieś";"stały";"Gminny Ośrodek Kultury w Krzywem, Krzywe 91, 16-402 Suwałki";"gm. Suwałki";"suwalski";"podlaskie";"441";"465";"134";"307";"1";"0";"0";"0";"0";"0";"0";"0";"0";"307";"0";"0";"307";"3";"0";"3";"0";"304";"121";"133";"50"
"6fc4-b1ba-eecd-5a62-7b1c-4987-8c7c-e967";"201207";"59";"2";"wieś";"stały";"Szkoła Podstawowa im. Papieża Jana Pawła II w Nowej Wsi, Nowa Wieś 40A, 16-402 Suwałki";"gm. Suwałki";"suwalski";"podlaskie";"440";"480";"157";"283";"0";"2";"0";"0";"0";"0";"0";"0";"0";"283";"0";"0";"283";"6";"6";"0";"0";"277";"87";"141";"49"
"f433-e7fc-c97c-476a-5de9-463b-d016-a765";"201207";"59";"3";"wieś";"stały";"Szkoła Podstawowa im. Lotników Polskich w Płocicznie-Tartak, Płociczno-Tartak 16, 16-402 Suwałki";"gm. Suwałki";"suwalski";"podlaskie";"1055";"1146";"367";"688";"0";"15";"0";"0";"0";"0";"0";"0";"0";"688";"0";"0";"688";"9";"3";"6";"0";"679";"298";"288";"93"
"3f4c-b19b-9903-2c14-4bfa-5add-daa1-f324";"201207";"59";"4";"wieś";"stały";"Szkoła Podstawowa w Poddubówku, Poddubówek 17, 16-402 Suwałki";"gm. Suwałki";"suwalski";"podlaskie";"391";"422";"177";"214";"0";"2";"1";"1";"0";"0";"0";"0";"1";"214";"1";"0";"214";"7";"1";"6";"0";"207";"54";"128";"25"
"b27e-37a7-44df-c285-5473-2b90-8a68-3c0c";"201207";"59";"5";"wieś";"stały";"Centrum Kształcenia na Odległość w Potaszni, Potasznia 21 B, 16-402 Suwałki";"gm. Suwałki";"suwalski";"podlaskie";"391";"429";"128";"263";"0";"0";"0";"0";"0";"0";"0";"0";"0";"263";"0";"0";"263";"5";"2";"3";"0";"258";"93";"124";"41"
"9f44-d5e0-8c24-8359-7167-987f-b59e-d765";"201207";"59";"6";"wieś";"stały";"Szkoła Podstawowa im. 2 Pułku Ułanów Grochowskich w Przebrodzie, Przebród 15, 16-402 Suwałki";"gm. Suwałki";"suwalski";"podlaskie";"922";"1001";"421";"501";"1";"2";"0";"0";"0";"0";"0";"0";"0";"500";"0";"0";"500";"15";"6";"9";"0";"485";"148";"268";"69"
"b7f8-5fa5-89f9-26f3-5d5d-89dc-1355-9680";"201207";"59";"7";"wieś";"stały";"Urząd Gminy Suwałki, ul. Świerkowa 45, 16-400 Suwałki";"gm. Suwałki";"suwalski";"podlaskie";"1236";"1370";"463";"773";"0";"15";"0";"0";"0";"0";"0";"0";"0";"773";"0";"0";"773";"20";"7";"13";"0";"753";"278";"360";"115"
"a60d-b9d6-e371-eddf-12c4-e337-d38b-f657";"201207";"59";"8";"wieś";"stały";"Szkoła Podstawowa im. Marii Konopnickiej w Starym Folwarku, Stary Folwark 49, 16-402 Suwałki";"gm. Suwałki";"suwalski";"podlaskie";"704";"753";"206";"498";"3";"9";"0";"0";"0";"0";"0";"0";"0";"498";"0";"0";"498";"9";"2";"7";"0";"489";"150";"250";"89"
"4521-ee09-8599-a29c-7826-d915-9000-5520";"201208";"59";"1";"wieś";"stały";"Świetlica Gminna w Szypliszkach, ul. Suwalska 21, 16-411 Szypliszki";"gm. Szypliszki";"suwalski";"podlaskie";"1175";"1283";"522";"653";"2";"7";"0";"0";"0";"0";"0";"0";"0";"653";"0";"0";"653";"3";"1";"2";"0";"650";"194";"375";"81"
"c8bc-11ad-42e1-e9f6-d845-e4d5-93f6-9dc9";"201208";"59";"2";"wieś";"stały";"Publiczna Szkoła Podstawowa w Jasionowie z siedzibą w Żubrynie, Żubryn 17, 16-411 Szypliszki";"gm. Szypliszki";"suwalski";"podlaskie";"432";"488";"229";"203";"0";"3";"0";"0";"0";"0";"0";"0";"0";"203";"0";"0";"203";"0";"0";"0";"0";"203";"78";"98";"27"
"ae68-4a38-50ed-4be4-d5b8-0148-7233-59a8";"201208";"59";"3";"wieś";"stały";"Publiczna Szkoła Podstawowa w Kaletniku, Kaletnik 46, 16-411 Szypliszki";"gm. Szypliszki";"suwalski";"podlaskie";"753";"835";"362";"391";"0";"2";"0";"0";"0";"0";"0";"0";"0";"391";"0";"0";"391";"7";"1";"6";"0";"384";"114";"220";"50"
"638a-3bd2-1261-7863-708a-c45e-837c-426a";"201208";"59";"4";"wieś";"stały";"Publiczna Szkoła Podstawowa w Becejłach, Becejły 7, 16-411 Szypliszki";"gm. Szypliszki";"suwalski";"podlaskie";"543";"604";"226";"317";"0";"8";"0";"0";"0";"0";"0";"0";"0";"317";"0";"0";"317";"9";"5";"4";"0";"308";"125";"137";"46"
"f7ef-f232-c320-880f-834f-3637-d50f-c6c2";"201209";"59";"1";"wieś";"stały";"Świetlica Gminna, ul. Wierzbołowska 3, 16-407 Wiżajny";"gm. Wiżajny";"suwalski";"podlaskie";"664";"710";"282";"382";"6";"6";"0";"0";"0";"0";"0";"0";"0";"382";"0";"0";"382";"2";"0";"2";"0";"380";"162";"175";"43"
"6494-ccf2-b934-e97a-9548-74a1-9e8f-63ca";"201209";"59";"2";"wieś";"stały";"Urząd Gminy Wiżajny, ul. Szkolna 11, 16-407 Wiżajny";"gm. Wiżajny";"suwalski";"podlaskie";"764";"824";"329";"435";"3";"0";"0";"0";"0";"0";"0";"0";"0";"435";"0";"0";"435";"12";"2";"10";"0";"423";"115";"278";"30"
"05c1-3052-7140-caa1-1a3e-dda0-74ce-6697";"201209";"59";"3";"wieś";"stały";"Remiza Ochotniczej Straży Pożarnej w Oklinach, Okliny 16, 16-407 Wiżajny";"gm. Wiżajny";"suwalski";"podlaskie";"342";"367";"135";"207";"0";"0";"0";"0";"0";"0";"0";"0";"0";"207";"0";"0";"207";"6";"0";"6";"0";"201";"40";"144";"17"
"0f2f-56a3-2507-ef07-33a8-4282-f1e5-7295";"201401";"59";"1";"miasto";"stały";"Szkoła Podstawowa Nr 4, ul. Marii Konopnickiej 13, 18-300 Zambrów";"m. Zambrów";"zambrowski";"podlaskie";"1592";"1692";"624";"968";"0";"10";"0";"0";"0";"0";"0";"0";"0";"968";"0";"0";"968";"21";"5";"16";"0";"947";"290";"542";"115"
"b8d3-14cb-a8a5-5bc6-0aae-6202-ecf3-3852";"201401";"59";"2";"miasto";"stały";"Zespół Szkół Ogólnokształcących, ul. Marii Konopnickiej 16, 18-300 Zambrów";"m. Zambrów";"zambrowski";"podlaskie";"1360";"1464";"481";"879";"0";"6";"0";"0";"0";"0";"0";"0";"0";"879";"0";"0";"879";"15";"5";"10";"0";"864";"279";"491";"94"
"62ec-e07a-8abc-0eac-2fce-7728-f3e5-f0da";"201401";"59";"3";"miasto";"stały";"Miejskie Przedszkole Nr 1, ul. Sadowa 5, 18-300 Zambrów";"m. Zambrów";"zambrowski";"podlaskie";"1122";"1216";"560";"562";"0";"2";"0";"0";"0";"0";"0";"0";"0";"562";"0";"0";"562";"14";"2";"12";"0";"548";"168";"314";"66"
"973d-b12a-f3d2-d830-40a9-5efa-51aa-7d94";"201401";"59";"4";"miasto";"stały";"Szkoła Podstawowa Nr 5, ul. Prymasa Stefana Wyszyńskiego 6A, 18-300 Zambrów";"m. Zambrów";"zambrowski";"podlaskie";"1131";"1233";"392";"739";"0";"3";"0";"0";"0";"0";"0";"0";"0";"739";"0";"0";"739";"19";"6";"13";"0";"720";"219";"447";"54"
"e822-14a8-090d-63bb-765c-d157-7e40-c4f3";"201401";"59";"5";"miasto";"stały";"Szkoła Podstawowa Nr 5, ul. Prymasa Stefana Wyszyńskiego 6A, 18-300 Zambrów";"m. Zambrów";"zambrowski";"podlaskie";"873";"935";"352";"521";"1";"2";"0";"0";"0";"0";"0";"0";"0";"521";"0";"0";"521";"12";"1";"11";"0";"509";"157";"292";"60"
"e78d-d41f-4fd6-976e-d9cc-8e2b-ff8a-d0e8";"201401";"59";"6";"miasto";"stały";"Miejska Biblioteka Publiczna, ul. Prymasa Stefana Wyszyńskiego 2, 18-300 Zambrów";"m. Zambrów";"zambrowski";"podlaskie";"1560";"1682";"630";"930";"0";"4";"0";"0";"0";"0";"0";"0";"0";"930";"0";"0";"930";"14";"0";"14";"0";"916";"269";"560";"87"
"2082-bca3-5eec-fb96-77fe-b7fe-c8a9-b2f4";"201401";"59";"7";"miasto";"stały";"Żłobek Miejski, ul. Obrońców Zambrowa 6, 18-300 Zambrów";"m. Zambrów";"zambrowski";"podlaskie";"1132";"1196";"461";"671";"0";"2";"0";"0";"0";"0";"0";"0";"0";"671";"0";"0";"671";"12";"6";"6";"0";"659";"199";"378";"82"
"3374-2ac0-9b3e-3984-d913-c87a-4ed1-e403";"201401";"59";"8";"miasto";"stały";"Miejski Ośrodek Kultury, ul. Prymasa Stefana Wyszyńskiego 2A, 18-300 Zambrów";"m. Zambrów";"zambrowski";"podlaskie";"812";"867";"312";"500";"0";"2";"0";"0";"0";"0";"0";"0";"0";"500";"0";"0";"500";"12";"4";"8";"0";"488";"157";"269";"62"
"ac64-22fc-6bcb-8902-ccc3-cd07-e888-c2f0";"201401";"59";"9";"miasto";"stały";"Miejskie Przedszkole Nr 5, Obrońców Zambrowa 6, 18-300 Zambrów";"m. Zambrów";"zambrowski";"podlaskie";"1599";"1717";"628";"971";"2";"9";"1";"1";"0";"0";"0";"0";"1";"972";"1";"0";"972";"19";"6";"13";"0";"953";"281";"571";"101"
"4e69-d08d-a0f4-be54-17f6-e268-1119-5e48";"201401";"59";"10";"miasto";"stały";"Sala Konferencyjna Starostwa Powiatowego, ul. Fabryczna 3, 18-300 Zambrów";"m. Zambrów";"zambrowski";"podlaskie";"600";"659";"274";"326";"0";"10";"0";"0";"0";"0";"0";"0";"0";"326";"0";"0";"326";"9";"1";"8";"0";"317";"133";"144";"40"
"3108-cfba-8d13-45bb-d301-8dbb-52ea-c25b";"201401";"59";"11";"miasto";"stały";"Szkoła Podstawowa Nr 3, ul. Magazynowa 13, 18-300 Zambrów";"m. Zambrów";"zambrowski";"podlaskie";"1277";"1377";"592";"685";"1";"1";"0";"0";"0";"0";"0";"0";"0";"685";"0";"0";"685";"13";"2";"11";"0";"672";"164";"434";"74"
"15dc-a208-3635-eb6d-2db3-c0a7-4d52-47f1";"201401";"59";"12";"miasto";"stały";"Szkoła Podstawowa Nr 3, ul. Magazynowa 13, 18-300 Zambrów";"m. Zambrów";"zambrowski";"podlaskie";"1596";"1731";"778";"818";"0";"0";"0";"0";"0";"0";"0";"0";"0";"818";"0";"0";"818";"24";"3";"21";"0";"794";"231";"501";"62"
"b5d9-ae44-ddac-6c6e-4c23-f381-971a-5194";"201401";"59";"13";"miasto";"stały";"Centrum Obsługi Placówek Opiekuńczo-Wychowawczych, ul. Aleja Wojska Polskiego 52/2, 18-300 Zambrów";"m. Zambrów";"zambrowski";"podlaskie";"1170";"1259";"633";"537";"1";"0";"0";"0";"0";"0";"0";"0";"0";"537";"0";"0";"537";"14";"3";"11";"0";"523";"127";"327";"69"
"5e6c-6ec3-a171-f2e2-4940-d79f-c619-c51d";"201401";"59";"14";"miasto";"zakład leczniczy";"Szpital Powiatowy w Zambrowie, ul. Papieża Jana Pawła II 3, 18-300 Zambrów";"m. Zambrów";"zambrowski";"podlaskie";"100";"45";"80";"20";"0";"2";"0";"0";"0";"0";"0";"0";"0";"20";"0";"0";"20";"0";"0";"0";"0";"20";"6";"14";"0"
"79d1-2903-8586-f8c8-40d4-c2cc-cf3d-3d35";"201402";"59";"1";"wieś";"stały";"Urząd Gminy w Kołakach Kościelnych, ul. Kościelna 11, 18 - 315 Kołaki Kościelne, ul. Kościelna 11, 18-315 Kołaki Kościelne";"gm. Kołaki Kościelne";"zambrowski";"podlaskie";"640";"686";"191";"449";"7";"0";"0";"0";"0";"0";"0";"0";"0";"449";"0";"0";"449";"9";"1";"8";"0";"440";"49";"356";"35"
"ec27-22ad-e38a-4d3b-98f5-15e2-cd86-d187";"201402";"59";"2";"wieś";"stały";"Sala gimnastyczna przy Szkole Podstawowej ul. Kościelna 26, 18 - 315 Kołaki Kościelne-wejście A, ul. Kościelna 26, 18-315 Kołaki Kościelne";"gm. Kołaki Kościelne";"zambrowski";"podlaskie";"571";"629";"154";"417";"1";"1";"0";"0";"0";"0";"0";"0";"0";"417";"0";"0";"417";"5";"2";"3";"0";"412";"63";"318";"31"
"955c-6d90-fb53-a42a-3225-92ca-5b71-00dc";"201402";"59";"3";"wieś";"stały";"Sala gimnastyczna przy Szkole Podstawowej, ul. Kościelna 26, 18 - 315 Kołaki Kościelne-wejście B, ul. Kościelna 26, 18-315 Kołaki Kościelne";"gm. Kołaki Kościelne";"zambrowski";"podlaskie";"540";"592";"188";"352";"3";"2";"0";"0";"0";"0";"0";"0";"0";"352";"0";"0";"352";"1";"0";"1";"0";"351";"41";"294";"16"
"f1bf-a413-2584-981d-aac6-04b3-c534-a042";"201403";"59";"1";"wieś";"stały";"Urząd Gminy Rutki Sala konferencyjna, ul. 11 Listopada 7, 18-312 Rutki-Kossaki";"gm. Rutki";"zambrowski";"podlaskie";"1094";"1205";"498";"596";"0";"1";"0";"0";"0";"0";"0";"0";"0";"596";"0";"0";"596";"12";"2";"10";"0";"584";"85";"465";"34"
"f68e-8fce-d7eb-aae5-cc5a-47fd-0811-14a8";"201403";"59";"2";"wieś";"stały";"Świetlica Wiejska w Zambrzycach-Królach, Zambrzyce-Króle 6, 18-312 Rutki-Kossaki";"gm. Rutki";"zambrowski";"podlaskie";"873";"945";"319";"554";"0";"4";"0";"0";"0";"0";"0";"0";"0";"554";"0";"0";"554";"5";"3";"2";"0";"549";"53";"469";"27"
"0f6c-e201-0c8e-16cd-ff0b-ead7-f3e7-917e";"201403";"59";"3";"wieś";"stały";"Szkoła Podstawowa w Grądach-Woniecko, Grądy-Woniecko 20, 18-312 Rutki-Kossaki";"gm. Rutki";"zambrowski";"podlaskie";"563";"617";"286";"277";"0";"1";"0";"0";"0";"0";"0";"0";"0";"277";"0";"0";"277";"7";"2";"5";"0";"270";"63";"189";"18"
"99db-c8ca-cd30-2462-b1f9-0245-cad6-3ecd";"201403";"59";"4";"wieś";"stały";"Szkoła Podstawowa w Kołomyi, Kołomyja 35, 18-312 Rutki-Kossaki";"gm. Rutki";"zambrowski";"podlaskie";"522";"573";"212";"310";"0";"0";"0";"0";"0";"0";"0";"0";"0";"310";"0";"0";"310";"3";"0";"3";"0";"307";"31";"267";"9"
"cc32-8e0f-22d4-3f58-b7cb-1780-5319-e0ee";"201403";"59";"5";"wieś";"stały";"Urząd Stanu Cywilnego w Rutkach, ul. 11 Listopada 7, 18-312 Rutki-Kossaki";"gm. Rutki";"zambrowski";"podlaskie";"1015";"1090";"432";"583";"0";"1";"0";"0";"0";"0";"0";"0";"0";"583";"0";"0";"583";"10";"2";"8";"0";"573";"109";"395";"69"
"30d8-de98-b4b9-2166-b1d5-d4ed-edf9-66d8";"201403";"59";"6";"wieś";"zakład karny";"Zakład Karny w Grądach-Woniecko, Grądy-Woniecko 34, 18-312 Rutki-Kossaki";"gm. Rutki";"zambrowski";"podlaskie";"201";"183";"83";"118";"0";"0";"0";"0";"0";"0";"0";"0";"0";"118";"0";"0";"118";"1";"0";"1";"0";"117";"53";"24";"40"
"a4d8-547c-539e-38c2-ddd0-8048-3308-beae";"201404";"59";"1";"wieś";"stały";"Gminny Ośrodek Kultury w Szumowie, ul. sierż. pchor. Zygmunta Przeździeckiego 2, 18-305 Szumowo";"gm. Szumowo";"zambrowski";"podlaskie";"681";"751";"245";"436";"1";"9";"0";"0";"0";"0";"0";"0";"0";"436";"0";"0";"436";"5";"2";"3";"0";"431";"109";"289";"33"
"d7ba-c45e-c4ff-1e46-6ce0-8d0f-2e38-06f4";"201404";"59";"2";"wieś";"stały";"Zespół Szkół w Szumowie, ul. Szkolna 14, 18-305 Szumowo";"gm. Szumowo";"zambrowski";"podlaskie";"480";"538";"152";"328";"0";"5";"0";"0";"0";"0";"0";"0";"0";"328";"0";"0";"328";"2";"2";"0";"0";"326";"75";"224";"27"
"8697-e87c-445e-cef9-8f19-918d-f53d-210a";"201404";"59";"3";"wieś";"stały";"Szkoła Podstawowa w Srebrnej, Srebrna 81, 18-305 Szumowo";"gm. Szumowo";"zambrowski";"podlaskie";"510";"573";"213";"297";"1";"2";"0";"0";"0";"0";"0";"0";"0";"297";"0";"0";"297";"3";"0";"3";"0";"294";"40";"241";"13"
"db5e-bee2-1cfe-b3c9-24c9-eb90-8d6b-3821";"201404";"59";"4";"wieś";"stały";"Szkoła Podstawowa w Pęchratce Polskiej, Pęchratka Polska 54, 18-305 Szumowo";"gm. Szumowo";"zambrowski";"podlaskie";"320";"355";"86";"234";"0";"0";"0";"0";"0";"0";"0";"0";"0";"234";"0";"0";"234";"4";"0";"4";"0";"230";"47";"172";"11"
"3a3c-0c32-e542-d17c-3822-a68d-7633-8fa6";"201404";"59";"5";"wieś";"stały";"Remiza Strażacka w Paproci Dużej, Paproć Duża 54, 18-305 Szumowo";"gm. Szumowo";"zambrowski";"podlaskie";"381";"423";"176";"205";"0";"0";"0";"0";"0";"0";"0";"0";"0";"205";"0";"0";"205";"1";"1";"0";"0";"204";"19";"174";"11"
"1b81-22d9-b7c3-9950-add8-b321-348d-7412";"201404";"59";"6";"wieś";"stały";"Remiza Strażacka w Łętownicy, Łętownica 15, 18-305 Szumowo";"gm. Szumowo";"zambrowski";"podlaskie";"190";"208";"92";"98";"0";"1";"0";"0";"0";"0";"0";"0";"0";"98";"0";"0";"98";"1";"1";"0";"0";"97";"27";"61";"9"
"9fd8-61b6-cbbd-ce14-988f-53a4-34d1-8b2e";"201404";"59";"7";"wieś";"stały";"Remiza Strażacka w Ostrożnem, Ostrożne 53, 18-305 Szumowo";"gm. Szumowo";"zambrowski";"podlaskie";"322";"358";"110";"212";"2";"1";"0";"0";"0";"0";"0";"0";"0";"212";"0";"0";"212";"2";"1";"1";"0";"210";"53";"142";"15"
"1632-2927-68e5-1be2-597a-d47d-04a7-4fd1";"201404";"59";"8";"wieś";"stały";"Remiza Strażacka w Głęboczu Wielkim, Głębocz Wielki 17, 18-305 Szumowo";"gm. Szumowo";"zambrowski";"podlaskie";"170";"193";"71";"99";"0";"0";"0";"0";"0";"0";"0";"0";"0";"99";"0";"0";"99";"2";"1";"1";"0";"97";"13";"80";"4"
"28d5-286b-ddf7-7343-7d88-ae8b-d444-f874";"201404";"59";"9";"wieś";"stały";"Remiza Strażacka w Srebrnym Borku, Srebrny Borek 40, 18-305 Szumowo";"gm. Szumowo";"zambrowski";"podlaskie";"261";"288";"98";"163";"0";"1";"0";"0";"0";"0";"0";"0";"0";"163";"0";"0";"163";"1";"0";"1";"0";"162";"28";"124";"10"
"dfe3-07a8-cf51-872f-b413-4aea-eb12-88cb";"201404";"59";"10";"wieś";"stały";"Remiza Strażacka w Zarębach Jartuzach, Zaręby-Jartuzy 16a, 18-305 Szumowo";"gm. Szumowo";"zambrowski";"podlaskie";"170";"193";"55";"115";"0";"0";"0";"0";"0";"0";"0";"0";"0";"115";"0";"0";"115";"1";"0";"1";"0";"114";"17";"92";"5"
"abff-b6d8-dd29-6147-13ab-e075-4f8e-0f95";"201405";"59";"1";"wieś";"stały";"Szkoła Podstawowa w Starym Zakrzewie, Stare Zakrzewo 15, 18-300 Zambrów";"gm. Zambrów";"zambrowski";"podlaskie";"410";"451";"123";"287";"1";"1";"0";"0";"0";"0";"0";"0";"0";"287";"0";"0";"287";"10";"2";"8";"0";"277";"50";"206";"21"
"15b9-4f24-c8ba-e5b9-d6d8-bf3e-77ba-f394";"201405";"59";"2";"wieś";"stały";"Szkoła Podstawowa w Starym Laskowcu, Stary Laskowiec 14, 18-300 Zambrów";"gm. Zambrów";"zambrowski";"podlaskie";"691";"753";"226";"465";"0";"1";"0";"0";"0";"0";"0";"0";"0";"465";"0";"0";"465";"6";"0";"6";"0";"459";"66";"370";"23"
"68bb-cab1-d8c3-35e9-96b8-160b-f71d-762c";"201405";"59";"3";"wieś";"stały";"Szkoła Podstawowa w Osowcu, Osowiec 22, 18-300 Zambrów";"gm. Zambrów";"zambrowski";"podlaskie";"560";"606";"246";"314";"2";"0";"0";"0";"0";"0";"0";"0";"0";"314";"0";"0";"314";"5";"3";"2";"0";"309";"87";"195";"27"
"53cf-b8b5-deec-f0b8-3301-4424-bb65-fe6c";"201405";"59";"4";"wieś";"stały";"Świetlica Wiejska w Wądołkach-Bućkach, Wądołki-Bućki 11B, 18-300 Zambrów";"gm. Zambrów";"zambrowski";"podlaskie";"700";"767";"291";"409";"0";"3";"0";"0";"0";"0";"0";"0";"0";"409";"0";"0";"409";"3";"1";"2";"0";"406";"64";"320";"22"
"ae26-a179-cc85-f797-46b1-fe7a-9e45-3acc";"201405";"59";"5";"wieś";"stały";"Szkoła Podstawowa w Porytem-Jabłoni, Poryte-Jabłoń 103, 18-300 Zambrów";"gm. Zambrów";"zambrowski";"podlaskie";"780";"843";"359";"421";"0";"0";"0";"0";"0";"0";"0";"0";"0";"421";"0";"0";"421";"1";"1";"0";"0";"420";"111";"271";"38"
"ab2e-b2cf-eacf-8bae-b2ad-6e3a-034a-8aa5";"201405";"59";"6";"wieś";"stały";"Szkoła Podstawowa w Starym Skarżynie, Stary Skarżyn 44, 18-300 Zambrów";"gm. Zambrów";"zambrowski";"podlaskie";"430";"481";"133";"297";"1";"4";"0";"0";"0";"0";"0";"0";"0";"297";"0";"0";"297";"2";"0";"2";"0";"295";"27";"247";"21"
"bbd6-10c7-5684-d369-cadf-780f-baf7-c1d2";"201405";"59";"7";"wieś";"stały";"Świetlica Wiejska w Przeździecko-Mroczkach, Przeździecko-Mroczki 5, 18-300 Zambrów";"gm. Zambrów";"zambrowski";"podlaskie";"400";"440";"156";"244";"0";"0";"0";"0";"0";"0";"0";"0";"0";"244";"0";"0";"244";"7";"4";"3";"0";"237";"45";"178";"14"
"9792-873b-d9eb-cbd8-64a5-cdd6-7414-0fe6";"201405";"59";"8";"wieś";"stały";"Świetlica Wiejska w Ładach Polnych, Łady Polne 11B, 18-300 Zambrów";"gm. Zambrów";"zambrowski";"podlaskie";"440";"485";"129";"311";"0";"1";"0";"0";"0";"0";"0";"0";"0";"311";"0";"0";"311";"7";"0";"7";"0";"304";"30";"264";"10"
"ada5-b7ae-7228-d72b-1d86-c7cf-f640-8a88";"201405";"59";"9";"wieś";"stały";"Szkoła Podstawowa w Wiśniewie, Wiśniewo 10, 18-300 Zambrów";"gm. Zambrów";"zambrowski";"podlaskie";"860";"907";"363";"497";"0";"2";"0";"0";"0";"0";"0";"0";"0";"497";"0";"0";"497";"6";"2";"4";"0";"491";"112";"348";"31"
"7f79-1850-4af2-7d6a-984a-d912-dce8-0482";"201405";"59";"10";"wieś";"stały";"Świetlica Wiejska w Woli Zambrowskiej, Wola Zambrowska 95A, 18-300 Zambrów";"gm. Zambrów";"zambrowski";"podlaskie";"520";"595";"159";"361";"1";"2";"0";"0";"0";"0";"0";"0";"0";"361";"0";"0";"361";"7";"2";"5";"0";"354";"112";"202";"40"
"d304-41b9-2bca-dec8-8496-5633-0dc1-5762";"201405";"59";"11";"wieś";"stały";"Świetlica Wiejska w Tabędzu, Tabędz 16A, 18-300 Zambrów";"gm. Zambrów";"zambrowski";"podlaskie";"520";"667";"174";"346";"1";"1";"0";"0";"0";"0";"0";"0";"0";"346";"0";"0";"346";"4";"1";"3";"0";"342";"38";"284";"20"
"3b75-7016-5fe5-c9fe-4cc5-469b-093d-18ba";"201405";"59";"12";"wieś";"zakład karny";"Zakład Karny w Czerwonym Borze, Czerwony Bór 2, 18-400 Łomża";"gm. Zambrów";"zambrowski";"podlaskie";"910";"867";"572";"338";"0";"0";"0";"0";"0";"0";"0";"0";"0";"338";"0";"0";"338";"13";"4";"9";"0";"325";"175";"67";"83"
"6f21-fc5e-218a-b3fa-3eeb-ba19-9fc0-529b";"206201";"59";"1";"miasto";"stały";"Szkoła Podstawowa Nr 4 w Łomży, ul. Kierzkowa 7, 18-400 Łomża";"m. Łomża";"Łomża";"podlaskie";"1610";"1724";"551";"1059";"5";"5";"1";"1";"0";"0";"0";"0";"1";"1060";"1";"0";"1060";"25";"6";"19";"0";"1035";"374";"535";"126"
"c9d3-199d-2908-e80e-a6a7-3fc4-5aa9-8d51";"206201";"59";"2";"miasto";"stały";"Zespół Szkół Ekonomicznych i Ogólnokształcących Nr 6 w Łomży, ul. M. Kopernika 16, 18-400 Łomża";"m. Łomża";"Łomża";"podlaskie";"1322";"1424";"508";"814";"4";"3";"0";"0";"0";"0";"0";"0";"0";"814";"0";"0";"814";"19";"10";"9";"0";"795";"323";"405";"67"
"381d-f03c-ad29-fe09-f4b2-62f1-debe-80f5";"206201";"59";"3";"miasto";"stały";"Miejski Ośrodek Pomocy Społecznej w Łomży-KLUB SENIORA, ul. Marii Skłodowskiej Curie 2, 18-400 Łomża";"m. Łomża";"Łomża";"podlaskie";"1571";"1713";"736";"835";"3";"0";"0";"0";"0";"0";"0";"0";"0";"835";"0";"0";"835";"22";"1";"21";"0";"813";"295";"438";"80"
"0bd1-156b-06f1-70c5-f527-ebd9-b36e-2a2b";"206201";"59";"4";"miasto";"stały";"Stowarzyszenie EDUKATOR, Przedszkole Niepubliczne ""Mały Artysta"" w Łomży, ul. Wojska Polskiego 29A, 18-400 Łomża";"m. Łomża";"Łomża";"podlaskie";"800";"857";"439";"361";"2";"0";"0";"0";"0";"0";"0";"0";"0";"361";"0";"0";"361";"7";"1";"6";"0";"354";"122";"192";"40"
"70db-022b-79ed-4934-d272-7efd-86bb-b3e0";"206201";"59";"5";"miasto";"stały";"Zespół Szkół Ogólnokształcących w Łomży, ul. Bernatowicza 4, 18-400 Łomża";"m. Łomża";"Łomża";"podlaskie";"1260";"1357";"519";"741";"1";"2";"0";"0";"0";"0";"0";"0";"0";"741";"0";"0";"741";"28";"10";"18";"0";"713";"281";"358";"74"
"503e-eb7c-25cd-e145-388a-853a-4940-57be";"206201";"59";"6";"miasto";"stały";"II Liceum Ogólnokształcące w Łomży, ul. Plac Tadeusza Kościuszki 3, 18-400 Łomża";"m. Łomża";"Łomża";"podlaskie";"1209";"1305";"586";"623";"2";"6";"0";"0";"0";"0";"0";"0";"0";"623";"0";"0";"623";"10";"1";"9";"0";"613";"219";"322";"72"
"da88-fc83-94ba-da2b-e700-ceed-6d26-f95e";"206201";"59";"7";"miasto";"stały";"III Liceum Ogólnokształcące w Łomży, ul. Senatorska 13, 18-400 Łomża";"m. Łomża";"Łomża";"podlaskie";"1217";"1315";"515";"702";"2";"6";"0";"0";"0";"0";"0";"0";"0";"701";"0";"0";"701";"16";"4";"12";"0";"685";"223";"396";"66"
"41ad-101c-998e-93d6-c914-83f2-8f0c-e9be";"206201";"59";"8";"miasto";"stały";"Zespół Szkół Specjalnych w Łomży (Ośrodek Rewalidacyjno-Wychowawczy), ul. Marii Skłodowskiej Curie 5, 18-400 Łomża";"m. Łomża";"Łomża";"podlaskie";"640";"684";"216";"424";"1";"0";"0";"0";"0";"0";"0";"0";"0";"424";"0";"0";"424";"9";"1";"8";"0";"415";"152";"221";"42"
"4800-5a7d-ea29-693a-aec7-0ff5-a151-8e5d";"206201";"59";"9";"miasto";"stały";"Przedszkole Publiczne nr 1 w Łomży, ul. Wyzwolenia 1A, 18-400 Łomża";"m. Łomża";"Łomża";"podlaskie";"1419";"1557";"440";"979";"3";"9";"0";"0";"0";"0";"0";"0";"0";"979";"0";"0";"979";"11";"3";"8";"0";"968";"348";"508";"112"
"1c23-c5a1-8a8c-0fb1-132f-57fb-e485-7247";"206201";"59";"10";"miasto";"stały";"Szkoła Podstawowa Nr 5 w Łomży, ul. Polna 40A, 18-400 Łomża";"m. Łomża";"Łomża";"podlaskie";"1160";"1261";"415";"745";"0";"8";"0";"0";"0";"0";"0";"0";"0";"745";"0";"0";"745";"14";"6";"8";"0";"731";"214";"443";"74"
"2ec5-77bf-e3f4-109a-8c1f-a01e-1e5e-b3a7";"206201";"59";"11";"miasto";"stały";"Przedszkole Publiczne TWP ""Pinokio"" w Łomży, ul. Studencka 11, 18-400 Łomża";"m. Łomża";"Łomża";"podlaskie";"2071";"2232";"678";"1393";"1";"10";"0";"0";"0";"0";"0";"0";"0";"1393";"0";"0";"1393";"22";"10";"12";"0";"1371";"572";"656";"143"
"e7c6-05d2-ecee-7e6f-87f8-52c8-2950-bff7";"206201";"59";"12";"miasto";"stały";"Miejskie Przedsiębiorstwo Komunikacji Z. B. w Łomży, Spokojna 9, 18-400 Łomża";"m. Łomża";"Łomża";"podlaskie";"1270";"1382";"603";"667";"0";"1";"0";"0";"0";"0";"0";"0";"0";"667";"0";"0";"667";"14";"3";"11";"0";"653";"204";"389";"60"
"695c-aabc-2fb7-f525-ea31-5660-68d5-c06d";"206201";"59";"13";"miasto";"stały";"Państwowa Wyższa Szkoła Informatyki i Przedsiębiorczości w Łomży, ul. Akademicka 14, 18-400 Łomża";"m. Łomża";"Łomża";"podlaskie";"1050";"1152";"407";"643";"1";"3";"0";"0";"0";"0";"0";"0";"0";"643";"0";"0";"643";"11";"5";"6";"0";"632";"189";"389";"54"
"7143-5623-cc09-6a21-03c3-bb6b-758c-591d";"206201";"59";"14";"miasto";"stały";"Niepubliczne Przedszkole ""Wesołe Słoneczko"" Stowarzyszenia ""EDUKATOR"" w Łomży, ul. Spółdzielcza 74, 18-400 Łomża";"m. Łomża";"Łomża";"podlaskie";"1480";"1609";"516";"964";"0";"4";"0";"0";"0";"0";"0";"0";"0";"964";"0";"0";"964";"13";"5";"8";"0";"951";"395";"459";"97"
"a2f1-7004-bc15-7acd-477b-88ce-4641-9d3b";"206201";"59";"15";"miasto";"stały";"Szkoła Podstawowa Nr 7 w Łomży, ul. Adama Mickiewicza 6, 18-400 Łomża";"m. Łomża";"Łomża";"podlaskie";"1412";"1510";"494";"918";"1";"7";"0";"0";"0";"0";"0";"0";"0";"918";"0";"0";"918";"13";"1";"12";"0";"905";"353";"469";"83"
"9bed-4f16-2676-5a1a-034f-89c0-9494-fc73";"206201";"59";"16";"miasto";"stały";"Szkoła Podstawowa Nr 1 w Łomży, ul. Władysława Reymonta 9, 18-400 Łomża";"m. Łomża";"Łomża";"podlaskie";"1430";"1549";"452";"978";"1";"3";"0";"0";"0";"0";"0";"0";"0";"976";"0";"0";"976";"21";"9";"12";"0";"955";"413";"457";"85"
"fba5-27b8-944e-8ed9-ff4d-fa22-9cb8-6539";"206201";"59";"17";"miasto";"stały";"Szkoła Podstawowa Nr 1 w Łomży, ul. Władysława Reymonta 9, 18-400 Łomża";"m. Łomża";"Łomża";"podlaskie";"1561";"1688";"643";"918";"0";"0";"0";"0";"0";"0";"0";"0";"0";"918";"0";"0";"918";"12";"4";"8";"0";"906";"315";"489";"102"
"caed-baf9-43ba-78d1-ce1e-e321-c581-7096";"206201";"59";"18";"miasto";"stały";"Przedszkole Publiczne Nr 9 w Łomży, ul. Bolesława Prusa 11A, 18-400 Łomża";"m. Łomża";"Łomża";"podlaskie";"1542";"1667";"544";"998";"0";"3";"0";"0";"0";"0";"0";"0";"0";"998";"0";"0";"998";"26";"13";"13";"0";"972";"329";"537";"106"
"ccdf-ed62-b5a5-29f0-a810-464b-b0c6-6161";"206201";"59";"19";"miasto";"stały";"Przedszkole Publiczne nr 14 w Łomży, ul. Kołłątaja 8, 18-400 Łomża";"m. Łomża";"Łomża";"podlaskie";"1792";"1914";"780";"1012";"0";"5";"0";"0";"0";"0";"0";"0";"0";"1012";"0";"0";"1012";"15";"2";"13";"0";"997";"386";"525";"86"
"a606-c197-e1e3-3831-a17e-8a0b-31ef-ec8c";"206201";"59";"20";"miasto";"stały";"Przedszkole Publiczne nr 15 w Łomży, ul. Kołłątaja 10, 18-400 Łomża";"m. Łomża";"Łomża";"podlaskie";"1481";"1593";"502";"979";"2";"4";"0";"0";"0";"0";"0";"0";"0";"979";"0";"0";"979";"18";"8";"10";"0";"961";"385";"507";"69"
"c926-9ea5-dbcc-00d9-571a-57fd-dbd7-15e2";"206201";"59";"21";"miasto";"stały";"Szkoła Podstawowa Nr 10 w Łomży, ul. Juliana Ursyna Niemcewicza 17, 18-400 Łomża";"m. Łomża";"Łomża";"podlaskie";"1481";"1561";"507";"974";"0";"3";"0";"0";"0";"0";"0";"0";"0";"973";"0";"0";"973";"19";"4";"15";"0";"954";"303";"531";"120"
"d6a0-8106-8ed2-068a-2d3a-a83c-0f74-5c6f";"206201";"59";"22";"miasto";"stały";"Szkoła Podstawowa Nr 10 w Łomży, ul. Juliana Ursyna Niemcewicza 17, 18-400 Łomża";"m. Łomża";"Łomża";"podlaskie";"1560";"1698";"488";"1072";"1";"5";"0";"0";"0";"0";"0";"0";"0";"1072";"0";"0";"1072";"16";"2";"14";"0";"1056";"411";"522";"123"
"ec34-3751-3a48-4b1b-1bf1-0ecf-eb7f-d1f6";"206201";"59";"23";"miasto";"stały";"Świetlica Spółdzielni Mieszkaniowej ""Perspektywa"" w Łomży, ul. Kazańska 1, 18-400 Łomża";"m. Łomża";"Łomża";"podlaskie";"1529";"1658";"513";"1016";"0";"5";"0";"0";"0";"0";"0";"0";"0";"1015";"0";"0";"1015";"21";"4";"17";"0";"994";"373";"510";"111"
"3dde-7ba1-b732-f104-9e9a-f93d-e6b8-8904";"206201";"59";"24";"miasto";"stały";"Spółdzielnia Mieszkaniowa ""Perspektywa"" w Łomży, ul. Kazańska 1, 18-400 Łomża";"m. Łomża";"Łomża";"podlaskie";"1770";"1881";"624";"1146";"0";"11";"0";"0";"0";"0";"0";"0";"0";"1146";"0";"0";"1146";"21";"6";"15";"0";"1125";"383";"592";"150"
"0666-87f7-c71f-3cd8-d064-3b6e-2ae3-cc9e";"206201";"59";"25";"miasto";"stały";"Przedszkole Publiczne Nr 10 w Łomży, ul. Księżnej Anny 12, 18-400 Łomża";"m. Łomża";"Łomża";"podlaskie";"1250";"1343";"458";"792";"0";"5";"0";"0";"0";"0";"0";"0";"0";"792";"0";"0";"792";"13";"4";"9";"0";"779";"259";"436";"84"
"745e-78c9-d1cb-4d73-88b7-0124-2e5d-a87c";"206201";"59";"26";"miasto";"stały";"Przedszkole Publiczne Nr 10 w Łomży, ul. Księżnej Anny 12, 18-400 Łomża";"m. Łomża";"Łomża";"podlaskie";"1710";"1834";"584";"1126";"0";"0";"0";"0";"0";"0";"0";"0";"0";"1126";"0";"0";"1126";"21";"8";"13";"0";"1105";"395";"575";"135"
"09b0-5655-51c1-92ba-53ca-b1ff-09f9-9322";"206201";"59";"27";"miasto";"stały";"Szkoła Podstawowa Nr 9 w Łomży, ul. Księżnej Anny 18, 18-400 Łomża";"m. Łomża";"Łomża";"podlaskie";"1762";"1917";"579";"1183";"0";"8";"0";"0";"0";"0";"0";"0";"0";"1183";"0";"0";"1183";"12";"4";"8";"0";"1171";"406";"642";"123"
"77e2-a6de-00c2-0e99-6709-b4b4-19b9-e14d";"206201";"59";"28";"miasto";"stały";"Szkoła Podstawowa Nr 9 w Łomży, ul. Księżnej Anny 18, 18-400 Łomża";"m. Łomża";"Łomża";"podlaskie";"1510";"1616";"526";"984";"0";"4";"0";"0";"0";"0";"0";"0";"0";"984";"0";"0";"984";"18";"6";"12";"0";"966";"330";"537";"99"
"b6c7-753b-bc24-6cd4-a278-824d-80ed-e0a2";"206201";"59";"29";"miasto";"stały";"Zespół Szkół Specjalnych w Łomży, ul. Nowogrodzka 4, 18-400 Łomża";"m. Łomża";"Łomża";"podlaskie";"682";"748";"278";"404";"0";"2";"0";"0";"0";"0";"0";"0";"0";"404";"0";"0";"404";"15";"2";"13";"0";"389";"133";"225";"31"
"ab16-bec6-8acb-f4c8-3bd3-88ce-c54a-e95d";"206201";"59";"30";"miasto";"stały";"Szkoła Podstawowa Nr 5 w Łomży, ul. Polna 40A, 18-400 Łomża";"m. Łomża";"Łomża";"podlaskie";"1111";"1196";"426";"685";"0";"5";"0";"0";"0";"0";"0";"0";"0";"685";"0";"0";"685";"11";"5";"6";"0";"674";"217";"393";"64"
"836c-39ba-a63c-69ca-9a57-0d28-4154-5110";"206201";"59";"31";"miasto";"stały";"Świetlica Spółdzielni Mieszkaniowej ""Perspektywa"" w Łomży, ul. Kazańska 1, 18-400 Łomża";"m. Łomża";"Łomża";"podlaskie";"1720";"1902";"485";"1235";"0";"4";"2";"2";"0";"0";"0";"0";"2";"1235";"2";"0";"1235";"21";"6";"15";"0";"1214";"444";"612";"158"
"c886-8f60-6def-0b68-4f1b-70ac-4013-80b9";"206201";"59";"32";"miasto";"zakład leczniczy";"Szpital Wojewódzki im. Kardynała Stefana Wyszyńskiego w Łomży, al. Józefa Piłsudskiego 11, 18-400 Łomża";"m. Łomża";"Łomża";"podlaskie";"494";"145";"384";"110";"0";"2";"0";"0";"0";"0";"0";"0";"0";"110";"0";"0";"110";"8";"1";"7";"0";"102";"21";"72";"9"
"7ee0-5bf0-0ba0-e944-1f8b-40ef-80d4-7a9c";"206301";"59";"1";"miasto";"stały";"Przedszkole nr 1, ul. Raczkowska 41, 16-400 Suwałki";"m. Suwałki";"Suwałki";"podlaskie";"1978";"2112";"782";"1196";"4";"12";"0";"0";"0";"0";"0";"0";"0";"1196";"0";"0";"1196";"19";"4";"15";"0";"1177";"448";"529";"200"
"8c64-c02c-e5e6-2543-a4d3-96ab-97f3-d23e";"206301";"59";"2";"miasto";"stały";"Szkoła Podstawowa nr 4 im. ks. Kazimierza Aleksandra Hamerszmita wejście A, ul. Wojska Polskiego 13, 16-400 Suwałki";"m. Suwałki";"Suwałki";"podlaskie";"1755";"1905";"719";"1036";"2";"13";"0";"0";"0";"0";"0";"0";"0";"1036";"0";"0";"1036";"22";"9";"13";"0";"1014";"397";"426";"191"
"10c3-3b56-834b-f250-271a-4feb-b3cc-4d7e";"206301";"59";"3";"miasto";"stały";"Szkoła Podstawowa nr 4 im. ks. Kazimierza Aleksandra Hamerszmita wejście B, ul. Wojska Polskiego 13, 16-400 Suwałki";"m. Suwałki";"Suwałki";"podlaskie";"1380";"1481";"460";"920";"1";"6";"0";"0";"0";"0";"0";"0";"0";"920";"0";"1";"919";"11";"0";"11";"0";"908";"357";"373";"178"
"3751-7f38-5f9f-ebcb-c2ad-5b82-ee35-2260";"206301";"59";"4";"miasto";"stały";"I Liceum Ogólnokształcące im. Marii Konopnickiej, ul. A. Mickiewicza 3, 16-400 Suwałki";"m. Suwałki";"Suwałki";"podlaskie";"1997";"2143";"646";"1351";"1";"7";"0";"0";"0";"0";"0";"0";"0";"1351";"0";"0";"1351";"21";"4";"17";"0";"1330";"510";"581";"239"
"b205-edd8-5246-de2f-26c6-f776-7239-072d";"206301";"59";"5";"miasto";"stały";"Żłobek Miejski w Suwałkach, ul. Kamedulska 3, 16-400 Suwałki";"m. Suwałki";"Suwałki";"podlaskie";"1186";"1293";"452";"734";"2";"7";"0";"0";"0";"0";"0";"0";"0";"734";"0";"0";"734";"15";"3";"12";"0";"719";"271";"333";"115"
"4be0-37e3-2846-f7ef-0ecc-ec66-6fb5-789a";"206301";"59";"6";"miasto";"stały";"Biblioteka Publiczna im. Marii Konopnickiej, ul. E. Plater 33A, 16-400 Suwałki";"m. Suwałki";"Suwałki";"podlaskie";"1114";"1183";"419";"695";"2";"9";"0";"0";"0";"0";"0";"0";"0";"695";"0";"0";"695";"9";"2";"7";"0";"686";"267";"309";"110"
"7ab0-31cb-9b4f-c979-c471-3b41-d3de-b816";"206301";"59";"7";"miasto";"stały";"Szkoła Podstawowa nr 2 im. Aleksandry Piłsudskiej, ul. T. Kościuszki 126, 16-400 Suwałki";"m. Suwałki";"Suwałki";"podlaskie";"2086";"2267";"896";"1190";"4";"12";"1";"1";"0";"0";"0";"0";"1";"1191";"1";"0";"1191";"20";"11";"9";"0";"1171";"424";"557";"190"
"8999-13ba-73e3-0c6f-f183-25a2-6ef0-eebc";"206301";"59";"8";"miasto";"stały";"Przedszkole nr 2, ul. L. Waryńskiego 29, 16-400 Suwałki";"m. Suwałki";"Suwałki";"podlaskie";"562";"608";"259";"303";"1";"5";"0";"0";"0";"0";"0";"0";"0";"303";"0";"0";"303";"4";"1";"3";"0";"299";"134";"131";"34"
"b3cd-b236-83c4-b786-cbe5-72fb-3f29-d0c8";"206301";"59";"9";"miasto";"stały";"Suwalska Specjalna Strefa Ekonomiczna, ul. T. Noniewicza 49, 16-400 Suwałki";"m. Suwałki";"Suwałki";"podlaskie";"994";"1071";"473";"521";"3";"4";"0";"0";"0";"0";"0";"0";"0";"521";"0";"0";"521";"13";"3";"10";"0";"508";"166";"270";"72"
"3236-27cc-6985-37ee-feef-eb74-edaf-01da";"206301";"59";"10";"miasto";"stały";"Państwowa Wyższa Szkoła Zawodowa im. prof. Edwarda Franciszka Szczepanika, ul. T. Noniewicza 10, 16-400 Suwałki";"m. Suwałki";"Suwałki";"podlaskie";"1190";"1243";"482";"708";"1";"5";"0";"0";"0";"0";"0";"0";"0";"708";"0";"0";"708";"13";"5";"8";"0";"695";"205";"373";"117"
"9a96-8951-ba8b-f08f-f2e6-df02-6f96-f24c";"206301";"59";"11";"miasto";"stały";"Urząd Miejski w Suwałkach, ul. T. Noniewicza 71a, 16-400 Suwałki";"m. Suwałki";"Suwałki";"podlaskie";"662";"713";"270";"392";"2";"9";"0";"0";"0";"0";"0";"0";"0";"392";"0";"0";"392";"12";"4";"8";"0";"380";"128";"189";"63"
"2576-b816-c2ee-7f37-94bb-5c0b-403a-36fe";"206301";"59";"12";"miasto";"stały";"Przychodnia Lekarska, ul. L. Waryńskiego 27, 16-400 Suwałki";"m. Suwałki";"Suwałki";"podlaskie";"1464";"1560";"610";"854";"3";"6";"0";"0";"0";"0";"0";"0";"0";"854";"0";"0";"854";"22";"11";"11";"0";"832";"303";"422";"107"
"b1b8-ba28-d9f3-740a-cfa4-b648-7483-1ffe";"206301";"59";"13";"miasto";"stały";"Zespół Szkół Technicznych, ul. Sejneńska 33, 16-400 Suwałki";"m. Suwałki";"Suwałki";"podlaskie";"1064";"1147";"458";"606";"0";"5";"0";"0";"0";"0";"0";"0";"0";"606";"0";"0";"606";"7";"2";"5";"0";"599";"213";"283";"103"
"9f43-f2f6-824c-fb8b-be73-a4ed-3a44-15cd";"206301";"59";"14";"miasto";"stały";"Zespół Szkół nr 1, ul. T. Noniewicza 83, 16-400 Suwałki";"m. Suwałki";"Suwałki";"podlaskie";"1595";"1719";"570";"1025";"5";"15";"0";"0";"0";"0";"0";"0";"0";"1025";"0";"0";"1025";"22";"9";"13";"0";"1003";"487";"401";"115"
"d9a1-3916-95e5-e78a-72e2-58e9-054a-59b1";"206301";"59";"15";"miasto";"stały";"Suwalska Spółdzielnia Mieszkaniowa, ul. J. Korczaka 2A, 16-400 Suwałki";"m. Suwałki";"Suwałki";"podlaskie";"1070";"1151";"346";"724";"1";"4";"0";"0";"0";"0";"0";"0";"0";"724";"0";"0";"724";"11";"3";"8";"0";"713";"294";"328";"91"
"f3f1-665d-7ba3-a601-8399-8213-ac34-2773";"206301";"59";"16";"miasto";"stały";"Przedszkole nr 3 im. Ojca Świętego Jana Pawła II, ul. J. Korczaka 4A, 16-400 Suwałki";"m. Suwałki";"Suwałki";"podlaskie";"1133";"1208";"391";"742";"0";"7";"0";"0";"0";"0";"0";"0";"0";"742";"0";"0";"742";"12";"2";"10";"0";"730";"332";"283";"115"
"b680-7622-1d82-d6b3-e9dc-00e5-e27f-5635";"206301";"59";"17";"miasto";"stały";"Filia nr 3 Biblioteki Publicznej, ul. Północna 26, 16-400 Suwałki";"m. Suwałki";"Suwałki";"podlaskie";"1560";"1679";"667";"893";"1";"2";"0";"0";"0";"0";"0";"0";"0";"893";"0";"0";"893";"13";"1";"12";"0";"880";"325";"428";"127"
"cab1-d80a-0c44-2b35-913a-3fad-4bae-3fb3";"206301";"59";"18";"miasto";"stały";"Filia nr 2 Biblioteki Publicznej, ul. Klonowa 41, 16-400 Suwałki";"m. Suwałki";"Suwałki";"podlaskie";"1880";"2007";"649";"1231";"3";"6";"0";"0";"0";"0";"0";"0";"0";"1231";"0";"0";"1231";"36";"21";"15";"0";"1195";"429";"620";"146"
"6e50-8d8f-c92f-7e28-72cb-cc11-1ad6-87ba";"206301";"59";"19";"miasto";"stały";"Poradnia Psychologiczno-Pedagogiczna, ul. Nowomiejska 10, 16-400 Suwałki";"m. Suwałki";"Suwałki";"podlaskie";"1835";"1988";"646";"1189";"3";"5";"0";"0";"0";"0";"0";"0";"0";"1188";"0";"0";"1188";"19";"3";"16";"0";"1169";"415";"548";"206"
"ec9e-ed99-c5d5-7264-1e86-14d8-d8b8-f0e7";"206301";"59";"20";"miasto";"stały";"Szkoła Podstawowa nr 5 im. Alfreda Wierusz-Kowalskiego wejście A, ul. Klonowa 51, 16-400 Suwałki";"m. Suwałki";"Suwałki";"podlaskie";"2034";"2179";"679";"1355";"5";"8";"0";"0";"0";"0";"0";"0";"0";"1355";"0";"0";"1355";"31";"17";"14";"0";"1324";"570";"564";"190"
"783a-26e8-fe41-18b3-0a0f-3251-bf71-cc1a";"206301";"59";"21";"miasto";"stały";"Szkoła Podstawowa nr 5 im. Alfreda Wierusz-Kowalskiego wejście B, ul. Klonowa 51, 16-400 Suwałki";"m. Suwałki";"Suwałki";"podlaskie";"1290";"1368";"455";"835";"1";"2";"1";"1";"0";"0";"0";"0";"1";"836";"1";"0";"836";"9";"4";"5";"0";"827";"274";"427";"126"
"fc88-61d9-d518-15c0-81de-3f9b-aa34-6655";"206301";"59";"22";"miasto";"stały";"Przedszkole nr 10 im. Marii Konopnickiej, ul. Nowomiejska 18, 16-400 Suwałki";"m. Suwałki";"Suwałki";"podlaskie";"1931";"2077";"731";"1200";"1";"8";"0";"0";"0";"0";"0";"0";"0";"1200";"0";"0";"1200";"20";"6";"14";"0";"1180";"419";"587";"174"
"15a4-bd38-d8c2-84ad-09b3-68ba-d72f-0e0e";"206301";"59";"23";"miasto";"stały";"Dom Pomocy Społecznej ""Kalina"", ul. K. Pułaskiego 66, 16-400 Suwałki";"m. Suwałki";"Suwałki";"podlaskie";"156";"156";"65";"91";"5";"0";"0";"0";"0";"0";"0";"0";"0";"91";"0";"0";"91";"9";"3";"6";"0";"82";"17";"57";"8"
"6b7d-39ad-899a-304f-8d7b-a2d2-1bfd-eca7";"206301";"59";"24";"miasto";"stały";"Przedszkole nr 8 z Oddziałami Integracyjnymi, ul. A. Putry 4B, 16-400 Suwałki";"m. Suwałki";"Suwałki";"podlaskie";"1662";"1762";"714";"948";"2";"4";"0";"0";"0";"0";"0";"0";"0";"948";"0";"0";"948";"18";"4";"14";"0";"930";"408";"381";"141"
"bd4e-0485-5e6b-1212-df08-324c-dfe6-af96";"206301";"59";"25";"miasto";"stały";"Przedszkole nr 7, ul. W. Andersa 10, 16-400 Suwałki";"m. Suwałki";"Suwałki";"podlaskie";"1329";"1413";"482";"847";"0";"2";"0";"0";"0";"0";"0";"0";"0";"847";"0";"0";"847";"24";"6";"18";"0";"823";"275";"403";"145"
"c1a6-3664-66cb-253e-b00b-1de3-9d5b-589f";"206301";"59";"26";"miasto";"stały";"Szkoła Podstawowa nr 7 wejście A, ul. R. Minkiewicza 50, 16-400 Suwałki";"m. Suwałki";"Suwałki";"podlaskie";"1819";"1934";"784";"1035";"1";"4";"0";"0";"0";"0";"0";"0";"0";"1035";"0";"0";"1035";"14";"4";"10";"0";"1021";"357";"523";"141"
"1b89-39a5-5ce0-459c-7541-528c-2fb5-1de0";"206301";"59";"27";"miasto";"stały";"ZBM TBS sp. z o. o., ul. L. M. Paca 4, 16-400 Suwałki";"m. Suwałki";"Suwałki";"podlaskie";"1686";"1802";"654";"1032";"1";"2";"0";"0";"0";"0";"0";"0";"0";"1032";"0";"0";"1032";"26";"9";"17";"0";"1006";"332";"515";"159"
"5b18-478d-182f-ce93-7394-4aeb-1feb-322b";"206301";"59";"28";"miasto";"stały";"Przedszkole nr 6, ul. Alfreda Wierusza-Kowalskiego 19, 16-400 Suwałki";"m. Suwałki";"Suwałki";"podlaskie";"1230";"1288";"532";"698";"0";"3";"0";"0";"0";"0";"0";"0";"0";"698";"0";"1";"697";"13";"4";"9";"0";"684";"266";"308";"110"
"2c01-ad1e-3f86-f389-9bf8-5594-5f87-6885";"206301";"59";"29";"miasto";"stały";"Szkoła Podstawowa nr 7 wejście B, ul. R. Minkiewicza 50, 16-400 Suwałki";"m. Suwałki";"Suwałki";"podlaskie";"1667";"1778";"689";"978";"1";"3";"0";"0";"0";"0";"0";"0";"0";"978";"0";"0";"978";"23";"7";"16";"0";"955";"342";"456";"157"
"d0be-4c87-66b9-35e6-d2d9-ff57-bf2c-0762";"206301";"59";"30";"miasto";"stały";"Przedszkole nr 5 z Oddziałem Integracyjnym, ul. W. Witosa 4, 16-400 Suwałki";"m. Suwałki";"Suwałki";"podlaskie";"1261";"1368";"522";"739";"0";"3";"0";"0";"0";"0";"0";"0";"0";"739";"0";"0";"739";"12";"4";"8";"0";"727";"293";"319";"115"
"a7c1-def4-c35b-5b15-dd73-3a7f-0cff-def8";"206301";"59";"31";"miasto";"stały";"Szkoła Podstawowa nr 10 z Oddziałami Integracyjnymi im. Olimpijczyków Polskich, ul. J. Antoniewicza 5, 16-400 Suwałki";"m. Suwałki";"Suwałki";"podlaskie";"1400";"1489";"595";"805";"1";"4";"0";"0";"0";"0";"0";"0";"0";"805";"0";"0";"805";"14";"8";"6";"0";"791";"318";"351";"122"
"9573-79c1-336f-517e-fdbb-7d3d-6f69-e9cf";"206301";"59";"32";"miasto";"stały";"Szkoła Podstawowa nr 11 z Oddziałami Integracyjnymi wejście C, ul. Szpitalna 66, 16-400 Suwałki";"m. Suwałki";"Suwałki";"podlaskie";"1342";"1426";"592";"750";"0";"4";"0";"0";"0";"0";"0";"0";"0";"750";"0";"0";"750";"11";"2";"9";"0";"739";"256";"338";"145"
"6e7a-5a97-acac-0236-6986-244c-9982-a8ab";"206301";"59";"33";"miasto";"stały";"Szkoła Podstawowa nr 11 z Oddziałami Integracyjnymi wejście B, ul. Szpitalna 66, 16-400 Suwałki";"m. Suwałki";"Suwałki";"podlaskie";"1670";"1820";"659";"1011";"0";"6";"0";"0";"0";"0";"0";"0";"0";"1011";"0";"0";"1011";"13";"3";"10";"0";"998";"340";"443";"215"
"8b90-b427-d2bc-2c48-dad6-b38e-5709-ecb5";"206301";"59";"34";"miasto";"stały";"Szkoła Podstawowa nr 11 z Oddziałami Integracyjnymi wejście A, ul. Szpitalna 66, 16-400 Suwałki";"m. Suwałki";"Suwałki";"podlaskie";"1182";"1267";"451";"731";"0";"0";"0";"0";"0";"0";"0";"0";"0";"731";"0";"0";"731";"11";"2";"9";"0";"720";"314";"279";"127"
"d32e-c06a-68e4-1bb0-e622-ec93-ea59-6c4b";"206301";"59";"35";"miasto";"areszt śledczy";"Areszt Śledczy, ul. Wojska Polskiego 29, 16-400 Suwałki";"m. Suwałki";"Suwałki";"podlaskie";"762";"624";"327";"435";"0";"0";"0";"0";"0";"0";"0";"0";"0";"435";"0";"0";"435";"15";"2";"13";"0";"420";"124";"191";"105"
"1c52-0c6a-4d77-5eb5-415d-b121-9e65-bbf2";"206301";"59";"36";"miasto";"zakład leczniczy";"Specjalistyczny Psychiatryczny Samodzielny Publiczny Zakład Opieki Zdrowotnej, ul. Szpitalna 62, 16-400 Suwałki";"m. Suwałki";"Suwałki";"podlaskie";"150";"167";"124";"26";"0";"0";"0";"0";"0";"0";"0";"0";"0";"26";"0";"0";"26";"1";"0";"1";"0";"25";"5";"15";"5"
"9426-a7ef-0b92-53ce-fbf8-75e1-f3fc-7c4b";"206301";"59";"37";"miasto";"zakład leczniczy";"Szpital Wojewódzki im. dr Ludwika Rydygiera, ul. Szpitalna 60, 16-400 Suwałki";"m. Suwałki";"Suwałki";"podlaskie";"250";"112";"197";"53";"0";"9";"0";"0";"0";"0";"0";"0";"0";"53";"0";"0";"53";"0";"0";"0";"0";"53";"21";"28";"4"
"8a3a-123e-6fa5-f672-c2fd-a881-c050-48aa";"206301";"59";"38";"miasto";"zakład leczniczy";"Samodzielny Publiczny Zakład Opieki Zdrowotnej Ośrodek Rehabilitacji w Suwałkach, ul. Waryńskiego 22 A, 16-400 Suwałki";"m. Suwałki";"Suwałki";"podlaskie";"51";"44";"14";"37";"0";"1";"0";"0";"0";"0";"0";"0";"0";"37";"0";"0";"37";"3";"0";"3";"0";"34";"8";"21";"5"
"b574-ef0c-44dc-4cbc-08bd-3c08-96d5-3134";"";"44";"89";"zagranica";"zagranica";"Al Asad Air Base (AAAB), Al Asad, Republika Iraku";"";"";"";"-";"-";"-";"-";"-";"-";"-";"-";"-";"-";"-";"-";"-";"-";"-";"-";"-";"-";"-";"-";"-";"-";"-";"-";"-"
"baef-dd2d-5baa-ead8-92bb-be2c-9a51-a1e2";"";"44";"119";"zagranica";"zagranica";"Novo Selo, Camp Maréshal de Lattre de Tassigny Novo Selo/Maxhunaj, Novo Selo/Maxhunaj, Republika Kosowa";"";"";"";"-";"-";"-";"-";"-";"-";"-";"-";"-";"-";"-";"-";"-";"-";"-";"-";"-";"-";"-";"-";"-";"-";"-";"-";"-"
"8a16-233c-3cec-586f-4c5b-9e39-863f-1b4c";"";"44";"87";"zagranica";"zagranica";"Irbil, Agencja Konsularna RP Junction of Texas and Hawaii Street, 250, American Village, Khanzad, Irbil, Irbil, Republika Iraku";"";"";"";"-";"-";"-";"-";"-";"-";"-";"-";"-";"-";"-";"-";"-";"-";"-";"-";"-";"-";"-";"-";"-";"-";"-";"-";"-"
"36ff-c714-1fd9-06a0-b9e4-4cb3-2031-a154";"";"44";"186";"zagranica";"zagranica";"Krajowa, Cercul Militar Craiova Strada Marin Sorescu nr 2 200642 Craiova, Craiova, Rumunia";"";"";"";"-";"-";"-";"-";"-";"-";"-";"-";"-";"-";"-";"-";"-";"-";"-";"-";"-";"-";"-";"-";"-";"-";"-";"-";"-"
"77ff-e659-096f-60b8-dd11-2683-a7fa-42a7";"";"44";"1";"zagranica";"zagranica";"Airfield Building 13982 Disney&California Loop (South), APO AE09354, Bagram, Islamska Republika Afganistanu";"";"";"";"-";"-";"-";"-";"-";"-";"-";"-";"-";"-";"-";"-";"-";"-";"-";"-";"-";"-";"-";"-";"-";"-";"-";"-";"-"
"fa31-6795-b9fb-c775-0559-2e68-10de-652d";"";"44";"88";"zagranica";"zagranica";"At-Taji, Camp Taji Joint Operations Base in Taji, At-Taji, Republika Iraku";"";"";"";"-";"-";"-";"-";"-";"-";"-";"-";"-";"-";"-";"-";"-";"-";"-";"-";"-";"-";"-";"-";"-";"-";"-";"-";"-"
