"Symbol kontrolny";"Kod TERYT";"Okręg";"Numer";"Typ obszaru";"Typ obwodu";"Siedziba";"Gmina";"Powiat";"Województwo";"Komisja otrzymała kart do głosowania";"Liczba wyborców uprawnionych do głosowania";"Nie wykorzystano kart do głosowania";"Liczba wyborców, którym wydano karty do głosowania";"Liczba wyborców głosujących przez pełnomocnika";"Liczba wyborców głosujących na podstawie zaświadczenia o prawie do głosowania";"Liczba wyborców, którym wysłano pakiety wyborcze";"Liczba otrzymanych kopert zwrotnych";"Liczba kopert zwrotnych, w których nie było oświadczenia o osobistym i tajnym oddaniu głosu";"Liczba kopert zwrotnych, w których oświadczenie nie było podpisane";"Liczba kopert zwrotnych, w których nie było koperty na kartę do głosowania";"Liczba kopert zwrotnych, w których znajdowała się niezaklejona koperta na kartę do głosowania";"Liczba kopert na kartę do głosowania wrzuconych do urny";"Liczba kart wyjętych z urny";"W tym liczba kart wyjętych z kopert na kartę do głosowania";"Liczba kart nieważnych";"Liczba kart ważnych";"Liczba głosów nieważnych";"W tym z powodu postawienia znaku „X” obok nazwiska dwóch lub większej liczby kandydatów";"W tym z powodu niepostawienia znaku „X” obok nazwiska żadnego kandydata";"W tym z powodu postawienia znaku „X” wyłącznie obok skreślonego nazwiska kandydata";"Liczba głosów ważnych oddanych łącznie na wszystkich kandydatów";"Michał Tomasz KAMIŃSKI";"Konstanty RADZIWIŁŁ"
"cdf3-f759-65f0-b2b6-68ac-e2ce-8b05-643f";"140501";"41";"1";"miasto";"stały";"Szkoła Podstawowa nr 2, ul. Literacka 20, 05-822 Milanówek";"m. Milanówek";"grodziski";"mazowieckie";"1350";"1462";"240";"1110";"2";"16";"0";"0";"0";"0";"0";"0";"0";"1110";"0";"0";"1110";"36";"10";"26";"0";"1074";"722";"352"
"6cd5-cd29-61ae-dfd8-cb5f-a81c-81c1-bf8d";"140501";"41";"2";"miasto";"stały";"Zespół Szkół nr 2 im. gen. J. Bema, ul. Wójtowska 3, 05-822 Milanówek";"m. Milanówek";"grodziski";"mazowieckie";"1618";"1799";"345";"1274";"3";"5";"32";"32";"0";"0";"0";"0";"32";"1305";"32";"0";"1305";"34";"4";"30";"0";"1271";"811";"460"
"b85e-7aa2-9b59-8c69-6f19-30ca-b5a6-7d68";"140501";"41";"3";"miasto";"stały";"Szkoła Podstawowa Nr 3, ul. Żabie Oczko 1, 05-822 Milanówek";"m. Milanówek";"grodziski";"mazowieckie";"2201";"2219";"510";"1691";"3";"18";"2";"2";"0";"0";"0";"0";"2";"1693";"2";"0";"1693";"58";"16";"42";"0";"1635";"1031";"604"
"76c0-eabf-8934-cb9b-8aea-3899-0dc8-7232";"140501";"41";"4";"miasto";"stały";"Ochotnicza Straż Pożarna, ul. Warszawska 18, 05-822 Milanówek";"m. Milanówek";"grodziski";"mazowieckie";"1450";"1590";"230";"1220";"0";"14";"0";"0";"0";"0";"0";"0";"0";"1220";"0";"0";"1220";"33";"9";"24";"0";"1187";"751";"436"
"57a5-1ceb-4ff5-39b4-692a-5272-066a-599c";"140501";"41";"5";"miasto";"stały";"Klub G. S. M., ul. Brzozowa 7, 05-822 Milanówek";"m. Milanówek";"grodziski";"mazowieckie";"1784";"1998";"423";"1361";"7";"5";"2";"2";"0";"0";"0";"0";"2";"1362";"2";"0";"1362";"50";"12";"38";"0";"1312";"763";"549"
"3a1e-ca1f-71fc-9183-4c59-15e8-e7b9-dc4e";"140501";"41";"6";"miasto";"stały";"Szkoła Podstawowa Nr 1, ul. Królewska 69, 05-822 Milanówek";"m. Milanówek";"grodziski";"mazowieckie";"1760";"1916";"295";"1465";"2";"15";"0";"0";"0";"0";"0";"0";"0";"1465";"0";"0";"1465";"44";"13";"31";"0";"1421";"847";"574"
"b281-8637-74e7-491f-33e0-6c77-01be-3d9e";"140501";"41";"7";"miasto";"stały";"Archiwum Dokumentacji Osobowej i Płacowej w Milanówku, Okrzei 1, 05-822 Milanówek";"m. Milanówek";"grodziski";"mazowieckie";"1560";"1724";"323";"1237";"0";"7";"0";"0";"0";"0";"0";"0";"0";"1237";"0";"0";"1237";"43";"9";"34";"0";"1194";"683";"511"
"8bdb-c7ca-8d0a-9a61-61fd-344b-ec99-57d8";"140502";"41";"1";"miasto";"stały";"Centrum Kultury i Inicjatyw Obywatelskich w Podkowie Leśnej, ul. Świerkowa 1, 05-807 Podkowa Leśna";"m. Podkowa Leśna";"grodziski";"mazowieckie";"1610";"1587";"318";"1292";"3";"26";"0";"0";"0";"0";"0";"0";"0";"1292";"0";"0";"1292";"44";"12";"32";"0";"1248";"860";"388"
"c970-df25-8468-6260-f32b-de57-4869-19e4";"140502";"41";"2";"miasto";"stały";"Szkoła Podstawowa w Podkowie Leśnej, ul. Jana Pawła II 20, 05-807 Podkowa Leśna";"m. Podkowa Leśna";"grodziski";"mazowieckie";"1390";"1513";"171";"1219";"3";"20";"0";"0";"0";"0";"0";"0";"0";"1219";"0";"0";"1219";"34";"18";"16";"0";"1185";"786";"399"
"5ee5-9cad-2a73-df44-38c7-d614-d03b-c959";"140503";"41";"1";"wieś";"stały";"Szkoła Podstawowa w Baranowie, Armii Krajowej 49, 96-314 Baranów";"gm. Baranów";"grodziski";"mazowieckie";"1210";"1362";"414";"795";"1";"2";"0";"0";"0";"0";"0";"0";"0";"796";"0";"0";"796";"36";"15";"21";"0";"760";"328";"432"
"f088-593c-b7d2-d005-fd6f-67ac-bc90-1366";"140503";"41";"2";"wieś";"stały";"Gminne Przedszkole w Cegłowie, Cegłów 22B, 96-314 Baranów";"gm. Baranów";"grodziski";"mazowieckie";"529";"590";"151";"378";"0";"2";"0";"0";"0";"0";"0";"0";"0";"378";"0";"1";"377";"19";"2";"17";"0";"358";"136";"222"
"8d83-e295-3865-7a39-bc8d-e566-bae2-5d26";"140503";"41";"3";"wieś";"stały";"Szkoła Podstawowa w Bożej Woli, Boża Wola 1 Maja 13, 96-314 Baranów";"gm. Baranów";"grodziski";"mazowieckie";"740";"851";"140";"600";"1";"9";"0";"0";"0";"0";"0";"0";"0";"599";"0";"0";"599";"16";"11";"5";"0";"583";"247";"336"
"e0b1-a0ec-cef3-9004-ccbb-97e8-e59c-0536";"140503";"41";"4";"wieś";"stały";"Szkoła Podstawowa w Kaskach, Kaski Królewska 23, 96-314 Baranów";"gm. Baranów";"grodziski";"mazowieckie";"1251";"1388";"448";"803";"1";"4";"0";"0";"0";"0";"0";"0";"0";"802";"0";"0";"802";"28";"4";"24";"0";"774";"315";"459"
"1f5d-15e5-4f60-5256-a969-9ab3-782d-4f03";"140504";"41";"1";"miasto";"stały";"Szkoła Podstawowa Nr 4, ul. Zielony Rynek 2, 05-825 Grodzisk Mazowiecki";"gm. Grodzisk Mazowiecki";"grodziski";"mazowieckie";"1169";"1325";"285";"884";"0";"6";"0";"0";"0";"0";"0";"0";"0";"884";"0";"0";"884";"29";"8";"21";"0";"855";"472";"383"
"95d8-d164-880c-1516-a13f-7d6a-555c-8b8c";"140504";"41";"2";"miasto";"stały";"Szkoła Podstawowa Nr 4, Grodzisk Mazowiecki, Łąki ul. Zielony Rynek 2, 05-825 Grodzisk Mazowiecki";"gm. Grodzisk Mazowiecki";"grodziski";"mazowieckie";"1194";"1348";"291";"903";"0";"9";"0";"0";"0";"0";"0";"0";"0";"903";"0";"0";"903";"24";"14";"10";"0";"879";"492";"387"
"1047-f719-f424-c236-afca-4f66-b1d0-41e2";"140504";"41";"3";"miasto";"stały";"Centrum Kultury, wejścia A, ul. Spółdzielcza 9, 05-825 Grodzisk Mazowiecki";"gm. Grodzisk Mazowiecki";"grodziski";"mazowieckie";"1642";"1837";"364";"1278";"0";"11";"0";"0";"0";"0";"0";"0";"0";"1278";"0";"0";"1278";"44";"20";"24";"0";"1234";"765";"469"
"03b2-fdc1-200d-b047-9262-44bb-7939-f02d";"140504";"41";"4";"miasto";"stały";"Szkoła Podstawowa Nr 5, ul. L. Zondka 6, 05-825 Grodzisk Mazowiecki";"gm. Grodzisk Mazowiecki";"grodziski";"mazowieckie";"1140";"1279";"351";"789";"2";"9";"0";"0";"0";"0";"0";"0";"0";"789";"0";"0";"789";"20";"8";"12";"0";"769";"445";"324"
"bd33-19c6-175f-ad65-03e5-dc77-d600-5d21";"140504";"41";"5";"miasto";"stały";"Zespół Szkół nr 2, ul. Kilińskiego 8c, 05-825 Grodzisk Mazowiecki";"gm. Grodzisk Mazowiecki";"grodziski";"mazowieckie";"1116";"1235";"303";"813";"1";"6";"0";"0";"0";"0";"0";"0";"0";"813";"0";"0";"813";"18";"9";"9";"0";"795";"455";"340"
"da15-ad3f-1ee2-0841-e106-9baf-16cc-de06";"140504";"41";"6";"miasto";"stały";"ZGM, ul. Sportowa 29, 05-825 Grodzisk Mazowiecki";"gm. Grodzisk Mazowiecki";"grodziski";"mazowieckie";"1385";"1525";"385";"1000";"2";"4";"0";"0";"0";"0";"0";"0";"0";"999";"0";"0";"999";"39";"18";"21";"0";"960";"537";"423"
"674b-d380-e1d5-f317-a343-1062-248f-e97b";"140504";"41";"7";"miasto";"stały";"Szkoła Podstawowa nr 1, ul. Bartniaka 13a, 05-825 Grodzisk Mazowiecki";"gm. Grodzisk Mazowiecki";"grodziski";"mazowieckie";"1211";"1311";"336";"875";"5";"2";"0";"0";"0";"0";"0";"0";"0";"875";"0";"0";"875";"39";"10";"29";"0";"836";"508";"328"
"30de-001d-417d-cf3c-485f-e13b-f516-8edc";"140504";"41";"8";"miasto";"stały";"Szkoła Podstawowa nr 6, ul. Sportowa 31, 05-825 Grodzisk Mazowiecki";"gm. Grodzisk Mazowiecki";"grodziski";"mazowieckie";"1936";"2199";"350";"1586";"1";"5";"0";"0";"0";"0";"0";"0";"0";"1582";"0";"0";"1582";"53";"15";"38";"0";"1529";"983";"546"
"786a-d24b-ac7f-81a5-70c0-8ba6-8df9-2907";"140504";"41";"9";"miasto";"stały";"Przedszkole nr 7, ul. Kopernika 15, 05-825 Grodzisk Mazowiecki";"gm. Grodzisk Mazowiecki";"grodziski";"mazowieckie";"1466";"1618";"348";"1118";"1";"7";"0";"0";"0";"0";"0";"0";"0";"1117";"0";"0";"1117";"38";"4";"34";"0";"1079";"621";"458"
"ea4e-0f75-d9e4-9e89-d19c-70c5-73d0-dd3d";"140504";"41";"10";"miasto";"stały";"Szkoła Podstawowa Nr 2, ul. Westfala 3, 05-827 Grodzisk Mazowiecki";"gm. Grodzisk Mazowiecki";"grodziski";"mazowieckie";"1420";"1601";"182";"1238";"2";"14";"0";"0";"0";"0";"0";"0";"0";"1235";"0";"0";"1235";"30";"26";"4";"0";"1205";"769";"436"
"e38d-6c18-f2df-b44f-af54-99f5-ef3b-7f52";"140504";"41";"11";"miasto";"stały";"Biblioteka Publiczna Filia Nr 2 Pawilon Kultury, ul. Westfala 3, 05-827 Grodzisk Mazowiecki";"gm. Grodzisk Mazowiecki";"grodziski";"mazowieckie";"1407";"1566";"258";"1149";"1";"10";"0";"0";"0";"0";"0";"0";"0";"1147";"0";"0";"1147";"30";"17";"13";"0";"1117";"716";"401"
"f02b-2644-64a9-1fbf-4a45-5144-b2b8-eadc";"140504";"41";"12";"miasto";"stały";"Szkoła Podstawowa Nr 2 (oddziały przedszkolne), ul. Westfala 3, 05-827 Grodzisk Mazowiecki";"gm. Grodzisk Mazowiecki";"grodziski";"mazowieckie";"1499";"1701";"193";"1306";"1";"12";"0";"0";"0";"0";"0";"0";"0";"1306";"0";"0";"1306";"46";"19";"27";"0";"1260";"811";"449"
"94a8-1d3e-4e87-f2f6-e859-1069-7931-700e";"140504";"41";"13";"miasto";"stały";"Przedszkole nr 4 (sala wielofunkcyjna), ul. Górna 12, 05-825 Grodzisk Mazowiecki";"gm. Grodzisk Mazowiecki";"grodziski";"mazowieckie";"2109";"2383";"225";"1884";"7";"11";"0";"0";"0";"0";"0";"0";"0";"1884";"0";"0";"1884";"47";"23";"24";"0";"1837";"1208";"629"
"e22e-26f9-33eb-9158-af5d-5c55-fdb5-2d7a";"140504";"41";"14";"miasto";"stały";"Przedszkole Nr 4 (sala zajęciowa), ul. Górna 12, 05-825 Grodzisk Mazowiecki";"gm. Grodzisk Mazowiecki";"grodziski";"mazowieckie";"2067";"2329";"335";"1732";"0";"12";"0";"0";"0";"0";"0";"0";"0";"1732";"0";"0";"1732";"44";"14";"30";"0";"1688";"1074";"614"
"662b-16b7-6245-6134-0a41-f3a4-720c-e39b";"140504";"41";"15";"wieś";"stały";"Świetlica Sołectwa w Natolinie, Natolin 31, 05-825 Grodzisk Mazowiecki";"gm. Grodzisk Mazowiecki";"grodziski";"mazowieckie";"1270";"1422";"341";"929";"1";"7";"0";"0";"0";"0";"0";"0";"0";"929";"0";"0";"929";"20";"3";"17";"0";"909";"498";"411"
"0866-f277-28a8-e500-d7c3-a69a-8135-e183";"140504";"41";"16";"wieś";"stały";"Świetlica Sołectwa w Chlebni, Chlebnia 57B, 05-825 Grodzisk Mazowiecki";"gm. Grodzisk Mazowiecki";"grodziski";"mazowieckie";"958";"1053";"359";"599";"1";"1";"0";"0";"0";"0";"0";"0";"0";"599";"0";"0";"599";"15";"2";"13";"0";"584";"249";"335"
"7e0f-f698-213f-afda-2154-d0cd-8dfb-8507";"140504";"41";"17";"wieś";"stały";"Świetlica Sołectwa w Kozerkach, Kozerki ul. Marsa 37, 05-825 Grodzisk Mazowiecki";"gm. Grodzisk Mazowiecki";"grodziski";"mazowieckie";"1228";"1371";"279";"949";"0";"6";"0";"0";"0";"0";"0";"0";"0";"949";"0";"0";"949";"15";"3";"12";"0";"934";"589";"345"
"12f9-1b84-7017-e34d-f8f3-90b2-6e77-698b";"140504";"41";"18";"wieś";"stały";"Szkoła Podstawowa w Adamowiźnie (świetlica), Adamowizna ul. Osowiecka 33, 05-825 Grodzisk Mazowiecki";"gm. Grodzisk Mazowiecki";"grodziski";"mazowieckie";"1158";"1282";"308";"849";"0";"0";"0";"0";"0";"0";"0";"0";"0";"849";"0";"0";"849";"27";"8";"19";"0";"822";"500";"322"
"8f08-22da-aead-3c56-bffd-bfd4-8caf-c7d3";"140504";"41";"19";"miasto";"stały";"Szkoła Podstawowa w Adamowiźnie (sala gimnastyczna), Adamowizna ul. Osowiecka 33, 05-825 Grodzisk Mazowiecki";"gm. Grodzisk Mazowiecki";"grodziski";"mazowieckie";"1250";"1394";"244";"1005";"1";"21";"0";"0";"0";"0";"0";"0";"0";"1005";"0";"0";"1005";"28";"10";"18";"0";"977";"646";"331"
"9652-5b5b-232f-547e-8073-6655-f873-8e27";"140504";"41";"20";"wieś";"stały";"Świetlica Sołectwa w Kadach, Kady ul. Środkowa 71, 05-825 Grodzisk Mazowiecki";"gm. Grodzisk Mazowiecki";"grodziski";"mazowieckie";"1071";"1215";"141";"930";"0";"8";"0";"0";"0";"0";"0";"0";"0";"928";"0";"0";"928";"30";"5";"25";"0";"898";"558";"340"
"efb1-45fc-d418-d6b5-20f9-c09d-f3e4-c3b8";"140504";"41";"21";"wieś";"stały";"Szkoła Podstawowa w Książenicach, Książenice aleja E. Marylskiego 3, 05-825 Grodzisk Mazowiecki";"gm. Grodzisk Mazowiecki";"grodziski";"mazowieckie";"1796";"1815";"419";"1377";"0";"14";"0";"0";"0";"0";"0";"0";"0";"1375";"0";"0";"1375";"49";"21";"28";"0";"1326";"936";"390"
"106c-3b2f-9238-1315-ec14-0149-2445-a7f5";"140504";"41";"22";"wieś";"stały";"Świetlica Sołectwa w Kraśniczej Woli, Kraśnicza Wola 27A, 05-825 Grodzisk Mazowiecki";"gm. Grodzisk Mazowiecki";"grodziski";"mazowieckie";"1051";"1157";"315";"736";"0";"2";"0";"0";"0";"0";"0";"0";"0";"736";"0";"0";"736";"25";"15";"10";"0";"711";"359";"352"
"b6a9-7bb0-336f-ac91-f2a3-be69-fe84-660a";"140504";"41";"23";"wieś";"stały";"Świetlica Sołectwa we wsi Szczęsne, Szczęsne ul. Orla 51, 05-825 Grodzisk Mazowiecki";"gm. Grodzisk Mazowiecki";"grodziski";"mazowieckie";"1200";"1348";"216";"984";"1";"2";"0";"0";"0";"0";"0";"0";"0";"984";"0";"0";"984";"26";"6";"20";"0";"958";"566";"392"
"6fca-5247-3f7b-58aa-bc37-b395-7d47-c5aa";"140504";"41";"24";"miasto";"zakład leczniczy";"Szpital Zachodni w Grodzisku Mazowieckim, Daleka 11, 05-825 Grodzisk Mazowiecki";"gm. Grodzisk Mazowiecki";"grodziski";"mazowieckie";"399";"175";"341";"58";"0";"5";"0";"0";"0";"0";"0";"0";"0";"58";"0";"0";"58";"0";"0";"0";"0";"58";"40";"18"
"8ae3-2c3b-cb01-8d03-07b6-3274-b0bd-9be7";"140504";"41";"25";"miasto";"dom pomocy społecznej";"DPS w Izdebnie Kościelnym, Izdebno Kościelne ul. Ks. M. Oziębłowskiego 20, 05-825 Grodzisk Mazowiecki";"gm. Grodzisk Mazowiecki";"grodziski";"mazowieckie";"18";"16";"4";"14";"0";"0";"0";"0";"0";"0";"0";"0";"0";"14";"0";"0";"14";"0";"0";"0";"0";"14";"2";"12"
"7868-3ef3-1172-33e7-e4f0-779f-4730-b832";"140504";"41";"26";"miasto";"dom pomocy społecznej";"DPS Filia w Grodzisku Mazowieckim, 3 Maja 63, 05-825 Grodzisk Mazowiecki";"gm. Grodzisk Mazowiecki";"grodziski";"mazowieckie";"18";"18";"3";"15";"0";"0";"0";"0";"0";"0";"0";"0";"0";"15";"0";"0";"15";"0";"0";"0";"0";"15";"2";"13"
"47f0-3323-c590-e447-19aa-77d9-aec7-8a12";"140505";"41";"1";"wieś";"stały";"Ochotnicza Straż Pożarna, ul. Warszawska 2, 96-313 Jaktorów";"gm. Jaktorów";"grodziski";"mazowieckie";"1480";"1651";"360";"1120";"0";"0";"0";"0";"0";"0";"0";"0";"0";"1121";"0";"1";"1120";"41";"13";"28";"0";"1079";"547";"532"
"0152-5c54-d42e-f36c-c31f-2ccb-f863-d1c9";"140505";"41";"2";"wieś";"stały";"Gimnazjum, ul. Staszica 5, 96-316 Międzyborów";"gm. Jaktorów";"grodziski";"mazowieckie";"1560";"1729";"284";"1276";"3";"9";"0";"0";"0";"0";"0";"0";"0";"1276";"0";"1";"1275";"27";"7";"20";"0";"1248";"758";"490"
"c99d-c2d0-777c-1092-0270-408a-f121-75f7";"140505";"41";"3";"wieś";"stały";"Budy Zosine Nr 109 (była szkoła), Budy Zosine 109, 96-313 Jaktorów";"gm. Jaktorów";"grodziski";"mazowieckie";"530";"591";"163";"367";"0";"0";"0";"0";"0";"0";"0";"0";"0";"367";"0";"0";"367";"6";"2";"4";"0";"361";"133";"228"
"a318-45f4-d42b-406b-3544-1696-6509-4723";"140505";"41";"4";"wieś";"stały";"Budy Michałowskie Nr 77 (była szkoła), Budy Michałowskie 77, 96-316 Międzyborów";"gm. Jaktorów";"grodziski";"mazowieckie";"420";"466";"151";"269";"0";"2";"0";"0";"0";"0";"0";"0";"0";"269";"0";"0";"269";"15";"2";"13";"0";"254";"138";"116"
"45eb-4c51-dee5-98df-b35d-7bea-3ac6-bf02";"140505";"41";"5";"wieś";"stały";"Szkoła Podstawowa, ul. Warszawska 88, 96-313 Jaktorów";"gm. Jaktorów";"grodziski";"mazowieckie";"1679";"1846";"374";"1305";"1";"10";"0";"0";"0";"0";"0";"0";"0";"1304";"0";"0";"1304";"38";"15";"23";"0";"1266";"614";"652"
"76ff-bb6c-9838-0760-bb7b-6a0d-1099-7dd0";"140505";"41";"6";"wieś";"stały";"Sala Gimnastyczna przy Szkole Podstawowej, ul. Staszica 5, 96-316 Międzyborów";"gm. Jaktorów";"grodziski";"mazowieckie";"1720";"1901";"430";"1290";"0";"0";"0";"0";"0";"0";"0";"0";"0";"1289";"0";"0";"1289";"44";"22";"22";"0";"1245";"707";"538"
"4021-df2c-06fb-4e6b-e866-2ba9-5d2c-b2b8";"140505";"41";"7";"wieś";"stały";"Gimnazjum, ul. Chełmońskiego 4, 96-313 Jaktorów";"gm. Jaktorów";"grodziski";"mazowieckie";"1189";"1319";"334";"856";"0";"3";"0";"0";"0";"0";"0";"0";"0";"853";"0";"0";"853";"19";"2";"17";"0";"834";"408";"426"
"ffa2-352c-30cc-216c-18eb-b8d9-6987-1209";"140506";"41";"1";"wieś";"stały";"Szkoła Podstawowa im. Stefanii Dziewulskiej, Ojrzanów ul. Szkolna 1, 96-321 Żabia Wola";"gm. Żabia Wola";"grodziski";"mazowieckie";"1620";"1824";"371";"1249";"1";"7";"0";"0";"0";"0";"0";"0";"0";"1244";"0";"0";"1244";"28";"7";"21";"0";"1216";"681";"535"
"19aa-1ab9-ff58-1286-1d21-9f13-20a4-7324";"140506";"41";"2";"wieś";"stały";"Szkoła Podstawowa im. Marii Kownackiej, Skuły ul. Mszczonowska 3, 96-321 Żabia Wola";"gm. Żabia Wola";"grodziski";"mazowieckie";"1288";"1441";"437";"851";"0";"18";"0";"0";"0";"0";"0";"0";"0";"851";"0";"0";"851";"30";"7";"23";"0";"821";"368";"453"
"00e7-674b-f78a-4914-79f9-2649-879d-3bfe";"140506";"41";"3";"wieś";"stały";"Dawny budynek Szkoły Podstawowej, Słubica Dobra ul. Słoneczna 36, 96-321 Żabia Wola";"gm. Żabia Wola";"grodziski";"mazowieckie";"574";"639";"141";"433";"0";"4";"0";"0";"0";"0";"0";"0";"0";"433";"0";"0";"433";"15";"3";"12";"0";"418";"185";"233"
"1fd1-9c23-aed3-9b7f-3283-6b78-647e-4ba7";"140506";"41";"4";"wieś";"stały";"Szkoła Podstawowa im Kawalerów Orderu Uśmiechu, Józefina ul. Mazowiecka 1, 96-321 Żabia Wola";"gm. Żabia Wola";"grodziski";"mazowieckie";"1791";"1907";"397";"1394";"0";"16";"1";"1";"0";"0";"0";"0";"1";"1395";"1";"0";"1395";"43";"13";"30";"0";"1352";"860";"492"
"20e6-ab8a-da72-d981-f0f4-c2fb-a04b-a8b4";"140506";"41";"5";"wieś";"stały";"Dom Kultury, ul. Warszawska 27, 96-321 Żabia Wola";"gm. Żabia Wola";"grodziski";"mazowieckie";"1099";"1140";"297";"802";"1";"5";"0";"0";"0";"0";"0";"0";"0";"801";"0";"0";"801";"29";"11";"18";"0";"772";"422";"350"
"e5b2-68c6-ce7d-def0-6976-8d67-1de6-11b4";"141701";"41";"1";"miasto";"stały";"Hala Sportowa przy Szkole Podstawowej Nr 2, ul. Sienkiewicza 2, 05-410 Józefów";"m. Józefów";"otwocki";"mazowieckie";"2017";"2173";"314";"1703";"4";"14";"0";"0";"0";"0";"0";"0";"0";"1703";"0";"0";"1703";"70";"14";"56";"0";"1633";"1003";"630"
"7e8c-63aa-3bdd-541b-b8b0-9b9e-607a-c6e6";"141701";"41";"2";"miasto";"stały";"Szkoła Podstawowa Nr 3, ul. Leśna 39, 05-420 Józefów";"m. Józefów";"otwocki";"mazowieckie";"981";"1110";"103";"878";"0";"11";"0";"0";"0";"0";"0";"0";"0";"878";"0";"0";"878";"43";"10";"33";"0";"835";"480";"355"
"82ad-e20f-8315-9b1f-fa31-8384-66ae-c79c";"141701";"41";"3";"miasto";"stały";"Miejski Ośrodek Kultury, ul. Kardynała Wyszyńskiego 1, 05-420 Józefów";"m. Józefów";"otwocki";"mazowieckie";"1619";"1796";"244";"1375";"0";"29";"0";"0";"0";"0";"0";"0";"0";"1375";"0";"0";"1375";"65";"16";"49";"0";"1310";"745";"565"
"9d65-cea1-1fb2-104f-b6a5-5b65-0858-691b";"141701";"41";"4";"miasto";"stały";"Szkoła Podstawowa Nr 1 (sala Nr 1), ul. Mickiewicza 11, 05-420 Józefów";"m. Józefów";"otwocki";"mazowieckie";"1667";"1859";"284";"1383";"1";"13";"0";"0";"0";"0";"0";"0";"0";"1382";"0";"0";"1382";"47";"16";"31";"0";"1335";"725";"610"
"2461-18be-8ad2-2e58-2f3a-7286-57ff-e04c";"141701";"41";"5";"miasto";"stały";"Szkoła Podstawowa Nr 1 (sala Nr 6), ul. Mickiewicza 11, 05-420 Józefów";"m. Józefów";"otwocki";"mazowieckie";"839";"928";"94";"745";"0";"4";"0";"0";"0";"0";"0";"0";"0";"744";"0";"0";"744";"33";"11";"22";"0";"711";"446";"265"
"580c-9a74-15c3-87aa-62ee-fec0-7e35-1984";"141701";"41";"6";"miasto";"stały";"Ochotnicza Straż Pożarna ""Świdry Małe"", ul. Nadwiślańska 132, 05-420 Józefów";"m. Józefów";"otwocki";"mazowieckie";"2080";"2357";"264";"1816";"0";"23";"0";"0";"0";"0";"0";"0";"0";"1814";"0";"0";"1814";"50";"13";"37";"0";"1764";"1088";"676"
"408f-8d1e-ad55-5cd8-4cd8-ab31-08d5-9c14";"141701";"41";"7";"miasto";"stały";"Przedszkole Miejskie Nr 1, ul. Sobieskiego 21, 05-410 Józefów";"m. Józefów";"otwocki";"mazowieckie";"770";"838";"95";"675";"2";"4";"0";"0";"0";"0";"0";"0";"0";"675";"0";"0";"675";"22";"10";"12";"0";"653";"382";"271"
"6536-7172-1eda-8879-b56f-cfb1-d4bf-25d8";"141701";"41";"8";"miasto";"stały";"Młodzieżowy Ośrodek Socjoterapii ""Jędruś"", ul. Główna 10, 05-410 Józefów";"m. Józefów";"otwocki";"mazowieckie";"1518";"1674";"308";"1210";"2";"5";"0";"0";"0";"0";"0";"0";"0";"1210";"0";"0";"1210";"55";"16";"39";"0";"1155";"687";"468"
"c63d-50e6-fc5e-459d-dba6-3f35-cbff-ef2d";"141701";"41";"9";"miasto";"stały";"Szkoła Podstawowa nr 2 (stołówka), ul. Graniczna 26, 05-410 Józefów";"m. Józefów";"otwocki";"mazowieckie";"2087";"2339";"305";"1782";"2";"26";"0";"0";"0";"0";"0";"0";"0";"1782";"0";"0";"1782";"65";"27";"38";"0";"1717";"997";"720"
"5c7a-b5c9-36a7-8b78-ed41-55c1-f594-0cb3";"141702";"41";"1";"miasto";"stały";"Szkoła Podstawowa Nr 2, ul. Poniatowskiego 47/49, 05-400 Otwock";"m. Otwock";"otwocki";"mazowieckie";"1340";"1482";"263";"1077";"0";"4";"0";"0";"0";"0";"0";"0";"0";"1077";"0";"0";"1077";"34";"7";"27";"0";"1043";"671";"372"
"75c7-3c6d-4b2f-1c47-5eb6-b6a2-2f7d-cdbf";"141702";"41";"2";"miasto";"stały";"Szkoła Podstawowa Nr 12, ul. Andriollego 76, 05-400 Otwock";"m. Otwock";"otwocki";"mazowieckie";"669";"732";"144";"525";"1";"2";"0";"0";"0";"0";"0";"0";"0";"525";"0";"0";"525";"20";"5";"15";"0";"505";"313";"192"
"a2c8-cbb2-3877-b0a6-2957-da68-0667-95bd";"141702";"41";"3";"miasto";"stały";"Otwocki Klub Sportowy, ul. Sportowa 1, 05-400 Otwock";"m. Otwock";"otwocki";"mazowieckie";"1347";"1454";"325";"1022";"2";"6";"0";"0";"0";"0";"0";"0";"0";"1022";"0";"0";"1022";"44";"10";"34";"0";"978";"544";"434"
"a6ac-f62b-a731-d685-5821-fe3b-24ae-c2f8";"141702";"41";"4";"miasto";"stały";"Biuro Otwockiej Spółdzielni Mieszkaniowej, ul. Andriollego 54, 05-400 Otwock";"m. Otwock";"otwocki";"mazowieckie";"1290";"1393";"280";"1010";"2";"2";"0";"0";"0";"0";"0";"0";"0";"1010";"0";"0";"1010";"36";"13";"23";"0";"974";"576";"398"
"bf9c-1b96-1ce8-1a02-8d71-36e2-9f21-4394";"141702";"41";"5";"miasto";"stały";"Miejski Ośrodek Kultury, Turystyki i Sportu, ul. Armii Krajowej 4, 05-400 Otwock";"m. Otwock";"otwocki";"mazowieckie";"900";"1005";"161";"739";"0";"8";"0";"0";"0";"0";"0";"0";"0";"739";"0";"0";"739";"27";"11";"16";"0";"712";"419";"293"
"a046-4d7c-deec-5b27-e6d3-1833-7053-9e0c";"141702";"41";"6";"miasto";"stały";"Ośrodek Pomocy Społecznej, ul. Sosnowa 4, 05-400 Otwock";"m. Otwock";"otwocki";"mazowieckie";"670";"722";"165";"505";"0";"0";"0";"0";"0";"0";"0";"0";"0";"505";"0";"0";"505";"21";"4";"17";"0";"484";"273";"211"
"ca88-09c5-9d25-7281-7ea1-8838-8411-330e";"141702";"41";"7";"miasto";"stały";"Szkoła Podstawowa Nr 4, ul. Szkolna 31, 05-400 Otwock";"m. Otwock";"otwocki";"mazowieckie";"1540";"1681";"375";"1165";"3";"7";"0";"0";"0";"0";"0";"0";"0";"1165";"0";"0";"1165";"23";"8";"15";"0";"1142";"610";"532"
"e6cf-922c-9822-face-832e-e036-a33f-ae30";"141702";"41";"8";"miasto";"stały";"Szkoła Podstawowa Nr 1, ul. Karczewska 14/16, 05-400 Otwock";"m. Otwock";"otwocki";"mazowieckie";"1120";"1220";"220";"900";"4";"5";"0";"0";"0";"0";"0";"0";"0";"899";"0";"0";"899";"25";"10";"15";"0";"874";"542";"332"
"53e1-299e-2597-fed5-dc7c-73a0-4c1b-6c25";"141702";"41";"9";"miasto";"stały";"Osiedlowy Klub ""Batory"", ul. Batorego 34, 05-400 Otwock";"m. Otwock";"otwocki";"mazowieckie";"1726";"1930";"371";"1355";"3";"9";"0";"0";"0";"0";"0";"0";"0";"1355";"0";"0";"1355";"49";"28";"21";"0";"1306";"764";"542"
"79f5-f680-fc11-323b-2385-3d9c-6ed7-5f88";"141702";"41";"10";"miasto";"stały";"Przedszkole Nr 3, ul. Jodłowa 14, 05-400 Otwock";"m. Otwock";"otwocki";"mazowieckie";"1001";"1090";"241";"760";"1";"2";"0";"0";"0";"0";"0";"0";"0";"760";"0";"0";"760";"15";"8";"7";"0";"745";"402";"343"
"6305-7277-1db1-500d-a0f0-5917-bad5-9f0c";"141702";"41";"11";"miasto";"stały";"Stacja Pomp OPWiK, ul. Batorego 2, 05-400 Otwock";"m. Otwock";"otwocki";"mazowieckie";"1917";"2124";"383";"1534";"0";"10";"0";"0";"0";"0";"0";"0";"0";"1534";"0";"0";"1534";"43";"15";"28";"0";"1491";"782";"709"
"9f8e-5a60-6941-5994-0d6b-2669-a6bf-b0e0";"141702";"41";"12";"miasto";"stały";"Szkoła Podstawowa Nr 6, ul. Ambasadorska 1, 05-400 Otwock";"m. Otwock";"otwocki";"mazowieckie";"2010";"2235";"317";"1693";"6";"18";"0";"0";"0";"0";"0";"0";"0";"1693";"0";"0";"1693";"46";"24";"22";"0";"1647";"946";"701"
"bf4d-8909-8f6d-e179-3bb0-d512-3e9a-cf3b";"141702";"41";"13";"miasto";"stały";"Specjalny Ośrodek Szkolno-Wychowawczy Nr 1 im. Marii Konopnickiej, ul. Majowa 17/19, 05-402 Otwock";"m. Otwock";"otwocki";"mazowieckie";"1331";"1467";"462";"869";"1";"5";"0";"0";"0";"0";"0";"0";"0";"868";"0";"0";"868";"35";"14";"21";"0";"833";"425";"408"
"6c76-9a3b-8c08-4ba6-0eae-299e-32f8-7b8c";"141702";"41";"14";"miasto";"stały";"Przedszkole Nr 18, ul. Komunardów 4, 05-402 Otwock";"m. Otwock";"otwocki";"mazowieckie";"1006";"1051";"250";"756";"1";"3";"0";"0";"0";"0";"0";"0";"0";"756";"0";"0";"756";"21";"6";"15";"0";"735";"367";"368"
"81cd-e5a1-eb04-b5d5-72c6-ebee-740c-c4f8";"141702";"41";"15";"miasto";"stały";"Szkoła Podstawowa Nr 5, ul. Słowackiego 66, 05-402 Otwock";"m. Otwock";"otwocki";"mazowieckie";"1310";"1487";"291";"1019";"0";"8";"2";"2";"0";"0";"0";"0";"2";"1021";"2";"0";"1021";"23";"13";"10";"0";"998";"516";"482"
"8c9b-7b1a-7b89-de2b-562c-a4f4-0d23-393e";"141702";"41";"16";"miasto";"stały";"Krajowa Szkoła Skarbowości, ul. Kolorowa 13, 05-402 Otwock";"m. Otwock";"otwocki";"mazowieckie";"1331";"1500";"319";"1012";"1";"15";"0";"0";"0";"0";"0";"0";"0";"1012";"0";"0";"1012";"37";"17";"20";"0";"975";"597";"378"
"8932-5dc1-a66d-953a-7835-6c8a-25d7-26df";"141702";"41";"17";"miasto";"stały";"Osiedlowy Klub ""Smok"", ul. Warszawska 11/13, 05-400 Otwock";"m. Otwock";"otwocki";"mazowieckie";"1369";"1515";"344";"1025";"0";"5";"0";"0";"0";"0";"0";"0";"0";"1025";"0";"0";"1025";"40";"10";"30";"0";"985";"484";"501"
"dbea-1e4a-4079-25e4-8060-1c6f-3795-7099";"141702";"41";"18";"miasto";"stały";"Szkoła Podstawowa Nr 3, ul. Kościuszki 28, 05-400 Otwock";"m. Otwock";"otwocki";"mazowieckie";"1337";"1471";"264";"1072";"4";"11";"0";"0";"0";"0";"0";"0";"0";"1072";"0";"3";"1069";"41";"27";"14";"0";"1028";"618";"410"
"5bec-9791-31f2-d12b-e302-4207-b4cc-eb83";"141702";"41";"19";"miasto";"stały";"Liceum Ogólnokształcące Nr III, ul. Słowackiego 4/10, 05-400 Otwock";"m. Otwock";"otwocki";"mazowieckie";"1110";"1211";"360";"750";"1";"3";"0";"0";"0";"0";"0";"0";"0";"750";"0";"0";"750";"20";"10";"10";"0";"730";"378";"352"
"c919-3c6e-0343-76ac-1d62-edcf-b239-79ba";"141702";"41";"20";"miasto";"stały";"Zespół Szkół Ekonomiczno-Gastronomicznych, ul. Konopnickiej 3, 05-400 Otwock";"m. Otwock";"otwocki";"mazowieckie";"560";"612";"155";"405";"1";"6";"0";"0";"0";"0";"0";"0";"0";"405";"0";"0";"405";"15";"8";"7";"0";"390";"193";"197"
"2e0e-1960-6f77-c4b8-a496-4b73-1663-b978";"141702";"41";"21";"miasto";"stały";"Przedszkole Nr 10, ul. Kochanowskiego 6, 05-400 Otwock";"m. Otwock";"otwocki";"mazowieckie";"848";"935";"219";"629";"3";"8";"0";"0";"0";"0";"0";"0";"0";"629";"0";"0";"629";"27";"6";"21";"0";"602";"336";"266"
"ba95-792f-a974-6222-8cf4-5360-3c30-d7e0";"141702";"41";"22";"miasto";"stały";"Przedszkole Nr 6, ul. Kubusia Puchatka 28, 05-400 Otwock";"m. Otwock";"otwocki";"mazowieckie";"862";"944";"269";"592";"1";"9";"0";"0";"0";"0";"0";"0";"0";"593";"0";"0";"593";"26";"11";"15";"0";"567";"300";"267"
"772e-d818-ea49-7b10-2521-5e44-b76c-e837";"141702";"41";"23";"miasto";"stały";"Szkoła Podstawowa Nr 7, ul. Majowa 267, 05-400 Otwock";"m. Otwock";"otwocki";"mazowieckie";"1020";"1118";"250";"770";"0";"0";"0";"0";"0";"0";"0";"0";"0";"770";"0";"0";"770";"34";"10";"24";"0";"736";"322";"414"
"5d5c-46e4-5b73-1db3-81ee-a50e-8c0a-4127";"141702";"41";"24";"miasto";"stały";"Szkoła Podstawowa Nr 8, ul. Stefana Żeromskiego 235, 05-400 Otwock";"m. Otwock";"otwocki";"mazowieckie";"1193";"1363";"152";"1041";"0";"3";"0";"0";"0";"0";"0";"0";"0";"1041";"0";"0";"1041";"31";"14";"17";"0";"1010";"422";"588"
"189d-d403-2dc7-d940-658e-3ada-6f5a-9d24";"141702";"41";"25";"miasto";"stały";"Szkoła Podstawowa Nr 9, ul. Gabriela Narutowicza 275, 05-400 Otwock";"m. Otwock";"otwocki";"mazowieckie";"1061";"1155";"259";"802";"2";"6";"0";"0";"0";"0";"0";"0";"0";"802";"0";"0";"802";"32";"14";"18";"0";"770";"358";"412"
"4784-057b-46ee-fcc1-8159-1a1b-1044-d2fa";"141702";"41";"26";"miasto";"stały";"Klub Osiedlowy Otwockiej Spółdzielni Mieszkaniowej ""Grota"", Osiedle Ługi, ul. Grota Roweckiego 2, 05-480 Karczew";"m. Otwock";"otwocki";"mazowieckie";"1039";"1127";"190";"849";"1";"6";"0";"0";"0";"0";"0";"0";"0";"849";"0";"0";"849";"29";"19";"10";"0";"820";"487";"333"
"331a-076a-80b9-8d1f-5716-d74b-5a11-46b0";"141702";"41";"27";"miasto";"zakład leczniczy";"Powiatowe Centrum Zdrowia Spółka z o. o. w restrukturyzacji, ul. Batorego 44, 05-400 Otwock";"m. Otwock";"otwocki";"mazowieckie";"81";"47";"61";"20";"0";"0";"0";"0";"0";"0";"0";"0";"0";"20";"0";"0";"20";"0";"0";"0";"0";"20";"11";"9"
"cc9d-f1f6-6ed7-b49c-4fa7-ab11-83f9-83f6";"141702";"41";"28";"miasto";"zakład leczniczy";"Samodzielny Publiczny Szpital Kliniczny im. prof. A. Grucy, ul. Konarskiego 13, 05-400 Otwock";"m. Otwock";"otwocki";"mazowieckie";"242";"210";"47";"195";"0";"23";"0";"0";"0";"0";"0";"0";"0";"195";"0";"0";"195";"11";"8";"3";"0";"184";"89";"95"
"f684-d5b4-a964-cc48-08a0-39bf-0e62-85dd";"141702";"41";"29";"miasto";"zakład leczniczy";"Samodzielny Publiczny Zakład Opieki Zdrowotnej, Szpital Specjalistyczny Ministerstwa Spraw Wewnętrznych i Administracji, ul. Prusa 1/3, 05-400 Otwock";"m. Otwock";"otwocki";"mazowieckie";"76";"74";"5";"71";"0";"0";"0";"0";"0";"0";"0";"0";"0";"71";"0";"0";"71";"6";"3";"3";"0";"65";"24";"41"
"847a-88f4-a245-8dbd-8f10-c53e-eb9c-3277";"141702";"41";"30";"miasto";"zakład leczniczy";"Mazowieckie Centrum Leczenia Chorób Płuc i Gruźlicy, ul. Reymonta 83/91, 05-400 Otwock";"m. Otwock";"otwocki";"mazowieckie";"334";"376";"216";"118";"0";"0";"0";"0";"0";"0";"0";"0";"0";"118";"0";"0";"118";"5";"0";"5";"0";"113";"46";"67"
"2f21-71b3-0250-5465-6f72-72c2-e3de-dec7";"141703";"41";"1";"wieś";"stały";"Klub Wiejski w Pogorzeli, Pogorzel ul. Leśna 2, 05-430 Celestynów";"gm. Celestynów";"otwocki";"mazowieckie";"528";"583";"116";"412";"1";"1";"0";"0";"0";"0";"0";"0";"0";"412";"0";"0";"412";"9";"2";"7";"0";"403";"169";"234"
"d7de-afaf-adda-a703-4450-c5e6-269a-18b6";"141703";"41";"2";"wieś";"stały";"Zespół Szkolno-Przedszkolny Szkoła Podstawowa w Starej Wsi, Stara Wieś ul. Fabryczna 6, 05-430 Celestynów";"gm. Celestynów";"otwocki";"mazowieckie";"1130";"1232";"241";"889";"0";"7";"0";"0";"0";"0";"0";"0";"0";"889";"0";"0";"889";"29";"8";"21";"0";"860";"367";"493"
"fa14-7ff8-dfe6-5312-b1b3-420b-6563-7210";"141703";"41";"3";"wieś";"stały";"Szkoła Podstawowa w Ostrowie, Ostrów 15, 05-430 Celestynów";"gm. Celestynów";"otwocki";"mazowieckie";"913";"1010";"337";"576";"0";"3";"0";"0";"0";"0";"0";"0";"0";"576";"0";"0";"576";"23";"4";"19";"0";"553";"204";"349"
"c32c-7ed5-18e2-1206-e440-a45f-f21c-f84b";"141703";"41";"4";"wieś";"stały";"Publiczna Szkoła Podstawowa im. Batalionu Zośka w Celestynowie, ul. Wrzosowa 42, 05-430 Celestynów";"gm. Celestynów";"otwocki";"mazowieckie";"1779";"1952";"356";"1423";"0";"3";"0";"0";"0";"0";"0";"0";"0";"1423";"0";"0";"1423";"45";"14";"31";"0";"1378";"698";"680"
"023b-033c-3bab-ed32-52b7-b863-1131-3d0d";"141703";"41";"5";"wieś";"stały";"Publiczna Szkoła Podstawowa im. Batalionu Zośka w Celestynowie, ul. Świętego Kazimierza 55, 05-430 Celestynów";"gm. Celestynów";"otwocki";"mazowieckie";"1806";"1992";"347";"1459";"1";"6";"0";"0";"0";"0";"0";"0";"0";"1458";"0";"0";"1458";"72";"33";"39";"0";"1386";"647";"739"
"6d3c-e031-0072-a0b5-751e-488d-dbb6-8aaa";"141703";"41";"6";"wieś";"stały";"Szkoła Podstawowa w Regucie, Regut ul. Wiatraczna 13, 05-430 Celestynów";"gm. Celestynów";"otwocki";"mazowieckie";"430";"477";"106";"324";"0";"0";"0";"0";"0";"0";"0";"0";"0";"324";"0";"0";"324";"3";"1";"2";"0";"321";"116";"205"
"e45c-654a-3d24-c849-6c6c-138c-aff6-3b3f";"141703";"41";"7";"wieś";"stały";"""Mała Szkoła""-Szkoła Podstawowa w Podbieli, Podbiel 87, 05-430 Celestynów";"gm. Celestynów";"otwocki";"mazowieckie";"468";"527";"129";"339";"0";"1";"0";"0";"0";"0";"0";"0";"0";"339";"0";"0";"339";"14";"4";"10";"0";"325";"72";"253"
"f40c-8376-7e89-1a32-3928-53cb-b86e-a0a2";"141703";"41";"8";"wieś";"stały";"Remiza OSP w Zabieżkach, Zabieżki ul. Prymasa Stefana Wyszyńskiego 3, 05-430 Celestynów";"gm. Celestynów";"otwocki";"mazowieckie";"550";"610";"107";"443";"0";"3";"0";"0";"0";"0";"0";"0";"0";"443";"0";"0";"443";"20";"3";"17";"0";"423";"112";"311"
"e45c-8e5a-1863-37aa-6d87-dc90-da5e-bc4a";"141703";"41";"9";"wieś";"stały";"Remiza OSP w Dąbrówce, Dąbrówka ul. Strażacka 5, 05-430 Celestynów";"gm. Celestynów";"otwocki";"mazowieckie";"719";"793";"113";"606";"0";"0";"0";"0";"0";"0";"0";"0";"0";"606";"0";"0";"606";"23";"3";"20";"0";"583";"264";"319"
"ef80-3bd3-9677-73be-37a1-f2dd-b5e2-bbeb";"141704";"41";"1";"miasto";"stały";"Centrum Kultury, ul. Widok 2, 05-480 Karczew";"gm. Karczew";"otwocki";"mazowieckie";"1960";"2166";"434";"1526";"5";"11";"0";"0";"0";"0";"0";"0";"0";"1526";"0";"0";"1526";"42";"18";"24";"0";"1484";"659";"825"
"2145-d1f8-e1ac-ff70-80bb-38bf-fce5-3892";"141704";"41";"2";"miasto";"stały";"Szkoła Podstawowa Nr 2, ul. Otwocka 13, 05-480 Karczew";"gm. Karczew";"otwocki";"mazowieckie";"1430";"1572";"302";"1128";"1";"0";"0";"0";"0";"0";"0";"0";"0";"1128";"0";"0";"1128";"31";"7";"24";"0";"1097";"497";"600"
"1d53-f17d-702e-84d7-da08-dd92-d76c-600a";"141704";"41";"3";"miasto";"stały";"Przedszkole Nr 2, ul. Mikołaja Kopernika 13, 05-480 Karczew";"gm. Karczew";"otwocki";"mazowieckie";"1291";"1394";"282";"1009";"3";"7";"0";"0";"0";"0";"0";"0";"0";"1007";"0";"0";"1007";"31";"9";"22";"0";"976";"448";"528"
"cbd2-214e-aaf7-09b7-6ed6-9307-7bf4-09f7";"141704";"41";"4";"miasto";"stały";"Przedszkole Nr 3, ul. Ks. Bp. Władysława Miziołka 52, 05-480 Karczew";"gm. Karczew";"otwocki";"mazowieckie";"1410";"1536";"323";"1087";"0";"5";"0";"0";"0";"0";"0";"0";"0";"1087";"0";"0";"1087";"26";"9";"17";"0";"1061";"630";"431"
"c20a-0933-03eb-0a04-5e08-9036-fcc3-c100";"141704";"41";"5";"miasto";"stały";"Przedszkole Nr 3, ul. Ks. Bp. Władysława Miziołka 52, 05-480 Karczew";"gm. Karczew";"otwocki";"mazowieckie";"930";"1017";"160";"770";"0";"2";"0";"0";"0";"0";"0";"0";"0";"770";"0";"0";"770";"27";"11";"16";"0";"743";"399";"344"
"3a52-2142-f663-23a8-9eef-0f38-6387-6f2f";"141704";"41";"6";"wieś";"stały";"Szkoła Podstawowa, Glinki 50, 05-480 Karczew";"gm. Karczew";"otwocki";"mazowieckie";"760";"845";"217";"543";"0";"3";"0";"0";"0";"0";"0";"0";"0";"543";"0";"0";"543";"11";"0";"11";"0";"532";"149";"383"
"a387-b371-86d8-22bc-3878-ba04-7a7f-f3a3";"141704";"41";"7";"wieś";"stały";"Zespół Szkolno-Przedszkolny, Sobiekursk 36, 05-480 Karczew";"gm. Karczew";"otwocki";"mazowieckie";"1869";"2054";"592";"1277";"0";"2";"0";"0";"0";"0";"0";"0";"0";"1277";"0";"0";"1277";"36";"5";"31";"0";"1241";"470";"771"
"f7f1-fe3e-ea38-863d-3ead-c5d4-1925-ea1d";"141704";"41";"8";"wieś";"stały";"Zespół Szkolno-Przedszkolny, Otwock Wielki ul. Zamkowa 4, 05-480 Karczew";"gm. Karczew";"otwocki";"mazowieckie";"1619";"1768";"529";"1090";"1";"2";"0";"0";"0";"0";"0";"0";"0";"1089";"0";"0";"1089";"31";"3";"28";"0";"1058";"477";"581"
"59b5-9b0e-2702-417e-de5d-738f-0a0d-a49b";"141704";"41";"9";"miasto";"dom pomocy społecznej";"Dom Pomocy Społecznej, Anielin 1, 05-480 Karczew";"gm. Karczew";"otwocki";"mazowieckie";"20";"20";"0";"20";"0";"0";"0";"0";"0";"0";"0";"0";"0";"20";"0";"0";"20";"3";"0";"3";"0";"17";"5";"12"
"c939-def6-ef3c-9d9b-8dac-fa5f-138e-7c21";"141705";"41";"1";"wieś";"stały";"Urząd Gminy w Kołbieli, ul. Szkolna 1, 05-340 Kołbiel";"gm. Kołbiel";"otwocki";"mazowieckie";"1344";"1487";"356";"988";"2";"5";"0";"0";"0";"0";"0";"0";"0";"988";"0";"0";"988";"35";"5";"30";"0";"953";"366";"587"
"d7ca-ca71-aa4b-564f-a86d-0205-4b9e-6cef";"141705";"41";"2";"wieś";"stały";"Szkoła Podstawowa w Rudzienku, Rudzienko ul. Szkolna 11, 05-340 Kołbiel";"gm. Kołbiel";"otwocki";"mazowieckie";"960";"1054";"307";"653";"0";"1";"0";"0";"0";"0";"0";"0";"0";"653";"0";"0";"653";"17";"5";"12";"0";"636";"182";"454"
"6af6-7ad4-c3f6-034b-9e54-e6bb-0fb1-b871";"141705";"41";"3";"wieś";"stały";"Świetlica w Sępochowie, Sępochów 51, 05-340 Kołbiel";"gm. Kołbiel";"otwocki";"mazowieckie";"469";"517";"156";"313";"0";"2";"0";"0";"0";"0";"0";"0";"0";"313";"0";"0";"313";"7";"1";"6";"0";"306";"141";"165"
"d8e2-f55a-1b2a-4b10-2d7f-23b8-ce7f-0871";"141705";"41";"4";"wieś";"stały";"Szkoła Podstwowa w Człekówce, Człekówka 62, 05-340 Kołbiel";"gm. Kołbiel";"otwocki";"mazowieckie";"889";"981";"231";"658";"0";"2";"0";"0";"0";"0";"0";"0";"0";"658";"0";"0";"658";"23";"5";"18";"0";"635";"212";"423"
"de4f-0483-ba9f-443a-f069-0e9b-d55a-3106";"141705";"41";"5";"wieś";"stały";"Szkoła Podstawowa w Kątach, Kąty ul. Królewska 58, 05-340 Kołbiel";"gm. Kołbiel";"otwocki";"mazowieckie";"739";"822";"223";"516";"0";"2";"0";"0";"0";"0";"0";"0";"0";"516";"0";"0";"516";"29";"6";"23";"0";"487";"124";"363"
"fb16-6611-566e-4f1c-7203-2b20-93c5-f7c0";"141705";"41";"6";"wieś";"stały";"Świetlica w Sufczynie, Sufczyn 23, 05-340 Kołbiel";"gm. Kołbiel";"otwocki";"mazowieckie";"820";"911";"233";"587";"0";"7";"0";"0";"0";"0";"0";"0";"0";"587";"0";"0";"587";"7";"2";"5";"0";"580";"176";"404"
"8dc3-6a2c-ed5b-5e53-14ac-c37f-4c27-4cc8";"141705";"41";"7";"wieś";"stały";"Szkoła Podstawowa w Kołbieli, Szkolna 5, 05-340 Kołbiel";"gm. Kołbiel";"otwocki";"mazowieckie";"629";"688";"186";"443";"0";"3";"0";"0";"0";"0";"0";"0";"0";"443";"0";"0";"443";"12";"3";"9";"0";"431";"164";"267"
"c30b-9528-07ab-92d5-d3b5-c310-da28-2d35";"141706";"41";"1";"wieś";"stały";"Szkoła Podstawowa w Osiecku, ul. Warszawska 61, 08-445 Osieck";"gm. Osieck";"otwocki";"mazowieckie";"619";"684";"173";"446";"0";"2";"0";"0";"0";"0";"0";"0";"0";"446";"0";"0";"446";"8";"2";"6";"0";"438";"106";"332"
"963d-6352-6083-bdaf-0310-1d32-714a-965d";"141706";"41";"2";"wieś";"stały";"Filia Gminnej Biblioteki Publicznej w Natolinie, Natolin 40, 08-445 Osieck";"gm. Osieck";"otwocki";"mazowieckie";"350";"387";"116";"234";"0";"3";"0";"0";"0";"0";"0";"0";"0";"234";"0";"0";"234";"13";"2";"11";"0";"221";"55";"166"
"5ed7-b8d1-255e-1d46-7e18-fbad-f9d3-ee9f";"141706";"41";"3";"wieś";"stały";"Szkoła Podstawowa w Augustówce, Augustówka ul. Kolejowa 2, 08-445 Osieck";"gm. Osieck";"otwocki";"mazowieckie";"690";"770";"162";"528";"0";"5";"0";"0";"0";"0";"0";"0";"0";"528";"0";"0";"528";"20";"5";"15";"0";"508";"115";"393"
"8e9b-6ffe-9cb4-50f5-3610-0426-1efa-6fa9";"141706";"41";"4";"wieś";"stały";"Szkoła Podstawowa w Osiecku, Warszawska 61, 08-445 Osieck";"gm. Osieck";"otwocki";"mazowieckie";"930";"1041";"244";"686";"0";"15";"0";"0";"0";"0";"0";"0";"0";"686";"0";"0";"686";"24";"4";"20";"0";"662";"239";"423"
"7057-e16f-0aef-0025-7155-da11-76d8-1454";"141707";"41";"1";"wieś";"stały";"Publiczna Szkoła Podstawowa w Sobieniach-Jeziorach, Garwolińska 14, 08-443 Sobienie-Jeziory";"gm. Sobienie-Jeziory";"otwocki";"mazowieckie";"1039";"1151";"271";"768";"1";"9";"0";"0";"0";"0";"0";"0";"0";"768";"0";"0";"768";"25";"7";"18";"0";"743";"355";"388"
"47b9-8c37-a758-0b88-e9a3-7e48-6652-1f10";"141707";"41";"2";"wieś";"stały";"Świetlica Wiejska w Sobieniach-Jeziorach, Duży Rynek 25, 08-443 Sobienie-Jeziory";"gm. Sobienie-Jeziory";"otwocki";"mazowieckie";"948";"1055";"264";"684";"0";"7";"0";"0";"0";"0";"0";"0";"0";"683";"0";"0";"683";"13";"3";"10";"0";"670";"293";"377"
"bb58-41e0-129f-73ee-2568-ef80-a35e-d621";"141707";"41";"3";"wieś";"stały";"Publiczna Szkoła Podstawowa w Siedzowie, Siedzów 30A, 08-443 Sobienie-Jeziory";"gm. Sobienie-Jeziory";"otwocki";"mazowieckie";"551";"611";"207";"344";"0";"7";"0";"0";"0";"0";"0";"0";"0";"344";"0";"0";"344";"9";"1";"8";"0";"335";"163";"172"
"a5e6-730e-f68e-0973-7a83-9b82-f8d0-4928";"141707";"41";"4";"wieś";"stały";"Publiczna Szkoła Podstawowa w Starym Zambrzykowie, Stary Zambrzyków 59, 08-443 Sobienie-Jeziory";"gm. Sobienie-Jeziory";"otwocki";"mazowieckie";"628";"696";"239";"389";"0";"0";"0";"0";"0";"0";"0";"0";"0";"389";"0";"0";"389";"7";"1";"6";"0";"382";"142";"240"
"c6be-f0e2-18ff-fa39-7723-e906-c320-682e";"141707";"41";"5";"wieś";"stały";"Publiczna Szkoła Podstawowa w Warszawicach, Warszawice 13, 08-443 Sobienie-Jeziory";"gm. Sobienie-Jeziory";"otwocki";"mazowieckie";"1407";"1553";"370";"1037";"1";"7";"0";"0";"0";"0";"0";"0";"0";"1037";"0";"0";"1037";"29";"8";"21";"0";"1008";"340";"668"
"bddf-d629-43ce-3653-b73c-e244-60b3-6095";"141708";"41";"1";"wieś";"stały";"Szkoła Podstawowa w Zakręcie, Zakręt ul. Szkolna 11, 05-077 Warszawa-Wesoła";"gm. Wiązowna";"otwocki";"mazowieckie";"858";"910";"212";"646";"0";"10";"0";"0";"0";"0";"0";"0";"0";"646";"0";"1";"645";"21";"5";"16";"0";"624";"324";"300"
"8e2e-b8b9-1e75-734e-211e-62b3-dc69-31c1";"141708";"41";"2";"wieś";"stały";"Świetlica w Duchnowie, Duchnów ul. Wspólna 157, 05-462 Wiązowna";"gm. Wiązowna";"otwocki";"mazowieckie";"669";"743";"141";"528";"0";"0";"0";"0";"0";"0";"0";"0";"0";"528";"0";"0";"528";"11";"3";"8";"0";"517";"239";"278"
"98e0-5cb8-c501-91e0-cdf8-fb5a-d4ae-fc4c";"141708";"41";"3";"wieś";"stały";"Szkoła Podstawowa w Wiązownie-świetlica szkolna, ul. Kościelna 20, 05-462 Wiązowna";"gm. Wiązowna";"otwocki";"mazowieckie";"760";"848";"93";"664";"0";"9";"0";"0";"0";"0";"0";"0";"0";"667";"0";"0";"667";"17";"6";"11";"0";"650";"405";"245"
"802b-1d76-eec6-ca97-31df-286d-b67e-ec16";"141708";"41";"4";"wieś";"stały";"Gminny Ośrodek Kultury w Wiązownie, ul. Kościelna 41, 05-462 Wiązowna";"gm. Wiązowna";"otwocki";"mazowieckie";"1009";"1024";"186";"823";"1";"6";"0";"0";"0";"0";"0";"0";"0";"823";"0";"0";"823";"35";"6";"29";"0";"788";"441";"347"
"9df1-c57b-bf6c-b53e-bbb8-9099-bafc-33d6";"141708";"41";"5";"wieś";"stały";"Przedszkole w Pęclinie, Pęclin ul. Radosna 74, 05-462 Wiązowna";"gm. Wiązowna";"otwocki";"mazowieckie";"530";"593";"157";"373";"0";"1";"0";"0";"0";"0";"0";"0";"0";"373";"0";"0";"373";"14";"7";"7";"0";"359";"160";"199"
"16a7-fdc9-d83c-b937-4fa1-6d48-3145-e973";"141708";"41";"6";"wieś";"stały";"Szkoła Podstawowa w Gliniance-sala gimnastyczna, ul. Napoleońska 1, 05-408 Glinianka";"gm. Wiązowna";"otwocki";"mazowieckie";"759";"860";"159";"600";"2";"17";"0";"0";"0";"0";"0";"0";"0";"600";"0";"0";"600";"17";"4";"13";"0";"583";"249";"334"
"1f0f-b674-8d87-6526-a5b0-5edd-362a-126a";"141708";"41";"7";"wieś";"stały";"Szkoła Podstawowa w Gliniance-sala lekcyjna, ul. Napoleońska 1, 05-408 Glinianka";"gm. Wiązowna";"otwocki";"mazowieckie";"650";"735";"161";"489";"0";"10";"0";"0";"0";"0";"0";"0";"0";"489";"0";"0";"489";"13";"5";"8";"0";"476";"161";"315"
"91e1-55c3-5e7d-f2b9-0979-0de5-67ee-eed0";"141708";"41";"8";"wieś";"stały";"Szkoła Podstawowa w Wiązownie-mała sala gimnastyczna, ul. Kościelna 20, 05-462 Wiązowna";"gm. Wiązowna";"otwocki";"mazowieckie";"999";"1133";"211";"788";"0";"6";"0";"0";"0";"0";"0";"0";"0";"788";"0";"0";"788";"25";"10";"15";"0";"763";"388";"375"
"d2d3-c712-5e52-c285-1165-c555-cac6-3003";"141708";"41";"9";"wieś";"stały";"Szkoła Podstawowa w Malcanowie, Malcanów ul. Mazowiecka 55, 05-462 Wiązowna";"gm. Wiązowna";"otwocki";"mazowieckie";"661";"751";"75";"586";"0";"5";"0";"0";"0";"0";"0";"0";"0";"586";"0";"0";"586";"19";"11";"8";"0";"567";"328";"239"
"0ff9-fbf4-6386-89fb-2bdf-5bc3-7c3d-a823";"141708";"41";"10";"wieś";"stały";"Dom Kultury Nad Świdrem, Wola Karczewska ul. Doliny Świdra 6, 05-408 Glinianka";"gm. Wiązowna";"otwocki";"mazowieckie";"540";"607";"99";"441";"0";"6";"0";"0";"0";"0";"0";"0";"0";"441";"0";"0";"441";"13";"3";"10";"0";"428";"171";"257"
"fb5a-70cd-1efc-8318-691e-0100-9fb2-22f8";"141708";"41";"11";"wieś";"stały";"Świetlica w Majdanie, Majdan ul. Klubowa 8, 05-462 Wiązowna";"gm. Wiązowna";"otwocki";"mazowieckie";"560";"629";"102";"458";"0";"3";"0";"0";"0";"0";"0";"0";"0";"458";"0";"0";"458";"6";"1";"5";"0";"452";"228";"224"
"ab1b-5a0f-7a85-f677-08a9-12e6-c70a-3162";"141708";"41";"12";"wieś";"stały";"Świetlica w Izabeli, Izabela ul. Postępu 23, 05-462 Wiązowna";"gm. Wiązowna";"otwocki";"mazowieckie";"341";"374";"31";"310";"0";"6";"0";"0";"0";"0";"0";"0";"0";"310";"0";"0";"310";"4";"0";"4";"0";"306";"196";"110"
"e4ff-7667-16b9-5b48-6c17-bddf-7cbc-5a87";"141708";"41";"13";"wieś";"stały";"Świetlica w Stefanówce, Stefanówka ul. Sowia 8, 05-462 Wiązowna";"gm. Wiązowna";"otwocki";"mazowieckie";"519";"579";"88";"431";"0";"4";"0";"0";"0";"0";"0";"0";"0";"431";"0";"0";"431";"12";"6";"6";"0";"419";"265";"154"
"eb6a-0dd2-dbda-4b93-61a1-5362-68da-2c4e";"141708";"41";"14";"miasto";"zakład leczniczy";"ORPEA Klinika Rehabilitacyjna ""Marianna"", Majdan ul. Trasa Lubelska 13, 05-462 Wiązowna";"gm. Wiązowna";"otwocki";"mazowieckie";"151";"145";"77";"74";"0";"0";"0";"0";"0";"0";"0";"0";"0";"74";"0";"0";"74";"5";"0";"5";"0";"69";"34";"35"
"159c-dce8-cc13-a56d-c111-f2ea-b0a5-8cc9";"141801";"41";"1";"wieś";"stały";"Szkoła Podstawowa im. Kawalerów Orderu Uśmiechu w Czersku, Czersk ul. Warszawska 17, 05-530 Góra Kalwaria";"gm. Góra Kalwaria";"piaseczyński";"mazowieckie";"740";"822";"177";"563";"2";"2";"1";"1";"0";"0";"0";"0";"1";"564";"1";"0";"564";"26";"4";"22";"0";"538";"342";"196"
"0e67-15d4-0054-2973-8cfa-727a-cbf5-d10f";"141801";"41";"2";"wieś";"stały";"Szkoła Podstawowa im. Władysława Reymonta w Coniewie, Coniew 28, 05-530 Góra Kalwaria";"gm. Góra Kalwaria";"piaseczyński";"mazowieckie";"1179";"1301";"411";"768";"0";"9";"0";"0";"0";"0";"0";"0";"0";"768";"0";"0";"768";"19";"7";"12";"0";"749";"364";"385"
"b2b3-9780-387c-4450-0f09-b217-2ea5-7946";"141801";"41";"3";"wieś";"stały";"Szkoła Podstawowa im. Kazimierza Górskiego w Czaplinku, Czaplinek ul. Szkolna 5, 05-530 Góra Kalwaria";"gm. Góra Kalwaria";"piaseczyński";"mazowieckie";"740";"823";"249";"491";"0";"0";"0";"0";"0";"0";"0";"0";"0";"491";"0";"0";"491";"27";"19";"8";"0";"464";"215";"249"
"978a-3e67-3635-b4f3-c517-fc05-ca89-275b";"141801";"41";"4";"wieś";"stały";"Szkoła Podstawowa im. Księdza Jana Twardowskiego w Czachówku, Czachówek ul. Główna 56, 05-530 Góra Kalwaria";"gm. Góra Kalwaria";"piaseczyński";"mazowieckie";"890";"981";"215";"675";"0";"5";"0";"0";"0";"0";"0";"0";"0";"675";"0";"0";"675";"21";"7";"14";"0";"654";"374";"280"
"ab0e-601b-0a58-9d82-fb9b-15fc-68fc-d0c4";"141801";"41";"5";"wieś";"stały";"Szkoła Podstawowa im. Feliksa Kapackiego w Cendrowicach, Cendrowice ul. Szkolna 4, 05-530 Góra Kalwaria";"gm. Góra Kalwaria";"piaseczyński";"mazowieckie";"908";"1029";"262";"646";"0";"4";"0";"0";"0";"0";"0";"0";"0";"646";"0";"0";"646";"14";"3";"11";"0";"632";"301";"331"
"57be-0277-191f-4164-ef24-b42f-7a27-c7f7";"141801";"41";"6";"wieś";"stały";"Szkoła Podstawowa im. Kard. Stefana Wyszyńskiego w Dobieszu, Dobiesz ul. Wolska 36, 05-530 Góra Kalwaria";"gm. Góra Kalwaria";"piaseczyński";"mazowieckie";"710";"799";"167";"543";"0";"2";"0";"0";"0";"0";"0";"0";"0";"543";"0";"0";"543";"15";"0";"15";"0";"528";"261";"267"
"cf68-a9f2-f885-bf68-28b3-89d9-9796-8395";"141801";"41";"7";"wieś";"stały";"Szkoła Podstawowa w Baniosze, ul. Szkolna 1, 05-532 Baniocha";"gm. Góra Kalwaria";"piaseczyński";"mazowieckie";"2599";"2857";"748";"1851";"1";"25";"0";"0";"0";"0";"0";"0";"0";"1851";"0";"0";"1851";"59";"17";"42";"0";"1792";"963";"829"
"eeb9-2fe7-2cb4-61a3-1447-a1ea-c115-b6dc";"141801";"41";"8";"wieś";"stały";"Szkoła Podstawowa im. Błogosławionego Ojca St. Papczyńskiego w Kątach, Kąty ul. Puławska 4, 05-532 Baniocha";"gm. Góra Kalwaria";"piaseczyński";"mazowieckie";"1220";"1357";"282";"938";"0";"4";"0";"0";"0";"0";"0";"0";"0";"938";"0";"0";"938";"34";"5";"29";"0";"904";"536";"368"
"d5c5-1325-660d-fff9-5851-386d-8435-838f";"141801";"41";"9";"wieś";"stały";"Szkoła Podstawowa im. Orła Białego w Brześcach, Brześce ul. Wilanowska 55, 05-520 Konstancin Jeziorna";"gm. Góra Kalwaria";"piaseczyński";"mazowieckie";"1110";"1220";"325";"785";"0";"5";"0";"0";"0";"0";"0";"0";"0";"785";"0";"0";"785";"20";"4";"16";"0";"765";"346";"419"
"7496-65e8-32ea-f5d5-1ff0-2f17-c735-bf2a";"141801";"41";"10";"miasto";"stały";"Zespół Szkół Zawodowych im. Marsz. Franciszka Bielińskiego w Górze Kalwarii, ul. Budowlanych 14, 05-530 Góra Kalwaria";"gm. Góra Kalwaria";"piaseczyński";"mazowieckie";"1670";"1850";"387";"1283";"0";"6";"0";"0";"0";"0";"0";"0";"0";"1282";"0";"0";"1282";"35";"11";"24";"0";"1247";"667";"580"
"e1ec-8c72-2c59-fd3e-0d5d-213a-f34b-0119";"141801";"41";"11";"miasto";"stały";"Przedszkole Samorządowe Nr 1 w Górze Kalwarii, ul. Księdza Zygmunta Sajny 18, 05-530 Góra Kalwaria";"gm. Góra Kalwaria";"piaseczyński";"mazowieckie";"1383";"1531";"338";"1048";"1";"7";"0";"0";"0";"0";"0";"0";"0";"1048";"0";"0";"1048";"40";"6";"34";"0";"1008";"575";"433"
"3d73-f0a4-014c-a47c-1b3c-4941-8613-6973";"141801";"41";"12";"miasto";"stały";"Świetlica Spółdzielni Mieszkaniowej w Górze Kalwarii, ul. Kard. Stefana Wyszyńskiego 3 bl. 1, 05-530 Góra Kalwaria";"gm. Góra Kalwaria";"piaseczyński";"mazowieckie";"1100";"1224";"246";"854";"2";"12";"0";"0";"0";"0";"0";"0";"0";"854";"0";"0";"854";"24";"7";"17";"0";"830";"460";"370"
"4ee5-f424-fff1-6f1b-290e-bead-a6a1-7094";"141801";"41";"13";"miasto";"stały";"Zespół Szkół Ogólnokształcących w Górze Kalwarii, ul. Księdza Zygmunta Sajny 16, 05-530 Góra Kalwaria";"gm. Góra Kalwaria";"piaseczyński";"mazowieckie";"1360";"1502";"418";"942";"0";"8";"0";"0";"0";"0";"0";"0";"0";"942";"0";"0";"942";"32";"12";"20";"0";"910";"485";"425"
"3707-dbf9-a776-6e83-39b7-3a5b-dc72-8c49";"141801";"41";"14";"miasto";"stały";"Szkoła Podstawowa nr 2 im. Księcia Janusza w Górze Kalwarii, ul. Kalwaryjska 3, 05-530 Góra Kalwaria";"gm. Góra Kalwaria";"piaseczyński";"mazowieckie";"1408";"1604";"314";"1094";"0";"9";"0";"0";"0";"0";"0";"0";"0";"1094";"0";"0";"1094";"32";"11";"21";"0";"1062";"569";"493"
"b814-2712-fb76-3eb0-d756-63be-0a47-0126";"141801";"41";"15";"miasto";"stały";"Ośrodek Kultury w Górze Kalwarii, ul. por. Jana Białka 9, 05-530 Góra Kalwaria";"gm. Góra Kalwaria";"piaseczyński";"mazowieckie";"1231";"1330";"341";"890";"1";"7";"0";"0";"0";"0";"0";"0";"0";"890";"0";"0";"890";"37";"8";"29";"0";"853";"452";"401"
"be08-867b-7bb4-bcd0-bcda-4145-bc48-fab2";"141801";"41";"16";"miasto";"dom pomocy społecznej";"Dom Pomocy Społecznej w Górze Kalwarii, ul. Szpitalna 1, 05-530 Góra Kalwaria";"gm. Góra Kalwaria";"piaseczyński";"mazowieckie";"440";"441";"308";"132";"0";"1";"0";"0";"0";"0";"0";"0";"0";"132";"0";"0";"132";"14";"0";"14";"0";"118";"31";"87"
"449e-d764-b868-8ec1-344d-f621-44b2-072f";"141802";"41";"1";"miasto";"stały";"Mazowieckie Centrum Rehabilitacji ""STOCER"", ul. Długa 40/42, 05-510 Konstancin-Jeziorna";"gm. Konstancin-Jeziorna";"piaseczyński";"mazowieckie";"1105";"1242";"203";"902";"4";"67";"0";"0";"0";"0";"0";"0";"0";"902";"0";"0";"902";"26";"8";"18";"0";"876";"517";"359"
"f79c-bcad-7981-b356-294c-4f0a-ad6f-ad3c";"141802";"41";"2";"miasto";"stały";"Szkoła Podstawowa Nr 1, ul. Wojewódzka 12, 05-510 Konstancin-Jeziorna";"gm. Konstancin-Jeziorna";"piaseczyński";"mazowieckie";"1251";"1311";"239";"1012";"0";"0";"0";"0";"0";"0";"0";"0";"0";"1012";"0";"0";"1012";"29";"6";"23";"0";"983";"669";"314"
"73cf-f1e8-7de2-b7c6-d334-0308-4e5c-3c58";"141802";"41";"3";"miasto";"stały";"Biblioteka Publiczna-Filia w Konstancinie-Jeziornie, ul. S. Moniuszki 22B, 05-510 Konstancin-Jeziorna";"gm. Konstancin-Jeziorna";"piaseczyński";"mazowieckie";"522";"571";"81";"441";"1";"10";"0";"0";"0";"0";"0";"0";"0";"441";"0";"0";"441";"15";"3";"12";"0";"426";"236";"190"
"96bb-8625-448b-1af7-4673-ee5f-1d4d-3fd1";"141802";"41";"4";"miasto";"stały";"Szkoła Podstawowa Nr 2, Konstancin-Jeziorna ul. S. Żeromskiego 15, 05-510 Konstancin-Jeziornna";"gm. Konstancin-Jeziorna";"piaseczyński";"mazowieckie";"940";"1117";"128";"812";"1";"31";"0";"0";"0";"0";"0";"0";"0";"812";"0";"0";"812";"26";"4";"22";"0";"786";"549";"237"
"9c2e-47f6-1869-d362-061a-a1b2-1a0f-360c";"141802";"41";"5";"miasto";"stały";"Świetlica Konstancińskiego Domu Kultury, ul. Sobieskiego 6, 05-510 Konstancin-Jeziorna";"gm. Konstancin-Jeziorna";"piaseczyński";"mazowieckie";"1461";"1609";"255";"1206";"3";"18";"1";"1";"0";"0";"0";"0";"1";"1207";"1";"0";"1207";"63";"31";"32";"0";"1144";"656";"488"
"d9b0-9234-7cfe-14fe-84a0-3c0a-83d1-900f";"141802";"41";"6";"miasto";"stały";"Lokal firmy ""COMERTO Sp. z o. o. '', ul. Wilanowska 1A, 05-520 Konstancin-Jeziorna";"gm. Konstancin-Jeziorna";"piaseczyński";"mazowieckie";"1170";"1333";"229";"941";"3";"9";"0";"0";"0";"0";"0";"0";"0";"941";"0";"1";"940";"40";"11";"29";"0";"900";"591";"309"
"8179-afa3-451c-007e-f7d8-f933-69f5-acb7";"141802";"41";"7";"miasto";"stały";"Gminna Świetlica, ul. Anny Walentynowicz 24, 05-520 Konstancin-Jeziorna";"gm. Konstancin-Jeziorna";"piaseczyński";"mazowieckie";"1550";"1706";"362";"1188";"0";"0";"0";"0";"0";"0";"0";"0";"0";"1187";"0";"0";"1187";"48";"9";"39";"0";"1139";"615";"524"
"7d52-787e-a27e-716c-489b-0939-90b5-ce5c";"141802";"41";"8";"miasto";"stały";"Budynek Ochotniczej Straży Pożarnej, ul. K. Pułaskiego 72, 05-510 Konstancin-Jeziorna";"gm. Konstancin-Jeziorna";"piaseczyński";"mazowieckie";"1531";"1657";"256";"1275";"1";"19";"0";"0";"0";"0";"0";"0";"0";"1275";"0";"0";"1275";"45";"20";"25";"0";"1230";"780";"450"
"cf59-b76c-bb63-7ed2-ecb5-4dcf-a0c9-c8a3";"141802";"41";"9";"miasto";"stały";"Szkoła Podstawowa Integracyjna nr 5, ul. Szkolna 7, 05-520 Konstancin-Jeziorna";"gm. Konstancin-Jeziorna";"piaseczyński";"mazowieckie";"1418";"1606";"312";"1106";"1";"13";"0";"0";"0";"0";"0";"0";"0";"1106";"0";"0";"1106";"41";"7";"34";"0";"1065";"661";"404"
"b2f5-0d95-0f1a-edec-e720-138f-bf7c-a3f9";"141802";"41";"10";"miasto";"stały";"Szkoła Podstawowa Nr 3, ul. Bielawska 57, 05-520 Konstancin-Jeziorna";"gm. Konstancin-Jeziorna";"piaseczyński";"mazowieckie";"1620";"1822";"294";"1326";"4";"21";"0";"0";"0";"0";"0";"0";"0";"1324";"0";"0";"1324";"40";"13";"27";"0";"1284";"808";"476"
"af7f-41c8-b362-ad07-5099-5f0e-fb0e-a044";"141802";"41";"11";"wieś";"stały";"Dom Ludowy w Bielawie, Bielawa ul. Wspólna 13, 05-520 Konstancin-Jeziorna";"gm. Konstancin-Jeziorna";"piaseczyński";"mazowieckie";"1480";"1609";"275";"1205";"3";"13";"0";"0";"0";"0";"0";"0";"0";"1205";"0";"0";"1205";"14";"7";"7";"0";"1191";"717";"474"
"e2c7-2830-c2ca-e708-53d4-b51f-20a7-5a70";"141802";"41";"12";"wieś";"stały";"Szkoła Podstawowa Nr 6 w Opaczy, Opacz 7, 05-520 Konstancin-Jeziorna";"gm. Konstancin-Jeziorna";"piaseczyński";"mazowieckie";"1120";"1244";"285";"835";"0";"1";"0";"0";"0";"0";"0";"0";"0";"835";"0";"0";"835";"25";"12";"13";"0";"810";"370";"440"
"5f38-e8d2-27a6-95f9-eaa5-a996-b74f-de9e";"141802";"41";"13";"wieś";"stały";"Przedszkole ""Kolorowe Kredki"" w Oborach, Obory 1, 05-520 Konstancin-Jeziorna";"gm. Konstancin-Jeziorna";"piaseczyński";"mazowieckie";"640";"712";"151";"489";"0";"2";"0";"0";"0";"0";"0";"0";"0";"489";"0";"1";"488";"25";"4";"21";"0";"463";"296";"167"
"a579-59ca-0c5b-347b-2d91-f735-0816-9c4c";"141802";"41";"14";"wieś";"stały";"Szkoła Podstawowa Nr 4 w Słomczynie, Słomczyn ul. Wilanowska 218, 05-520 Konstancin-Jeziorna";"gm. Konstancin-Jeziorna";"piaseczyński";"mazowieckie";"1050";"1179";"228";"822";"0";"8";"0";"0";"0";"0";"0";"0";"0";"822";"0";"0";"822";"32";"7";"25";"0";"790";"405";"385"
"53a9-dd72-4694-2533-b523-928f-5887-0f61";"141802";"41";"15";"wieś";"stały";"Dom Ludowy w Cieciszewie, Cieciszew 67A, 05-520 Konstancin-Jeziorna";"gm. Konstancin-Jeziorna";"piaseczyński";"mazowieckie";"427";"490";"94";"333";"0";"1";"0";"0";"0";"0";"0";"0";"0";"333";"0";"0";"333";"14";"3";"11";"0";"319";"169";"150"
"b469-430a-380d-7c33-f108-63ef-5cae-6c0b";"141802";"41";"16";"miasto";"dom pomocy społecznej";"Ośrodek Opiekuńczo-Rehabilitacyjny LUX MED „TABITA” Sp. z o. o., ul. Długa 43, 05-510 Konstancin-Jeziorna";"gm. Konstancin-Jeziorna";"piaseczyński";"mazowieckie";"80";"94";"22";"58";"0";"2";"0";"0";"0";"0";"0";"0";"0";"58";"0";"0";"58";"6";"2";"4";"0";"52";"29";"23"
"e93d-60ad-29d7-08e5-6b93-9ddc-0989-0032";"141802";"41";"17";"miasto";"dom pomocy społecznej";"Dom Pomocy Społecznej, ul. Potulickich 1, 05-510 Konstancin-Jeziorna";"gm. Konstancin-Jeziorna";"piaseczyński";"mazowieckie";"37";"37";"8";"29";"0";"0";"0";"0";"0";"0";"0";"0";"0";"29";"0";"0";"29";"0";"0";"0";"0";"29";"18";"11"
"9600-d066-9a86-7f13-c0a1-71c0-f6d8-6d37";"141802";"41";"18";"miasto";"dom pomocy społecznej";"Dom Rencisty Polskiej Akademii Nauk, ul. Chodkiewicza 3/5, 05-510 Konstancin-Jeziorna";"gm. Konstancin-Jeziorna";"piaseczyński";"mazowieckie";"40";"35";"9";"31";"0";"1";"0";"0";"0";"0";"0";"0";"0";"31";"0";"0";"31";"4";"0";"4";"0";"27";"20";"7"
"417f-b2d6-d238-9937-4c62-6607-6358-38c8";"141802";"41";"19";"miasto";"dom pomocy społecznej";"Dom Artystów Weteranów Scen Polskich, ul. K. Pułaskiego 6, 05-510 Konstancin-Jeziorna";"gm. Konstancin-Jeziorna";"piaseczyński";"mazowieckie";"65";"51";"25";"40";"0";"0";"0";"0";"0";"0";"0";"0";"0";"40";"0";"0";"40";"3";"1";"2";"0";"37";"25";"12"
"07bb-31c0-b638-328a-100c-3994-2ad2-60e7";"141802";"41";"20";"miasto";"zakład leczniczy";"Mazowieckie Centrum Rehabiltacji ""STOCER"" Sp. z. o. o., ul. Wierzejewskiego 12, 05-510 Konstancin-Jeziorna";"gm. Konstancin-Jeziorna";"piaseczyński";"mazowieckie";"190";"118";"91";"99";"0";"8";"0";"0";"0";"0";"0";"0";"0";"99";"0";"0";"99";"3";"1";"2";"0";"96";"50";"46"
"ebbc-9e9c-488d-76d7-9ea8-7092-31d8-12f4";"141802";"41";"21";"miasto";"zakład leczniczy";"Centrum Kompleksowej Rehabilitacji Sp. z o. o., ul. W. Gąsiorowskiego 12/14, 05-510 Konstancin-Jeziorna";"gm. Konstancin-Jeziorna";"piaseczyński";"mazowieckie";"252";"228";"77";"175";"0";"6";"0";"0";"0";"0";"0";"0";"0";"175";"0";"0";"175";"8";"2";"6";"0";"167";"74";"93"
"f6aa-a254-a839-e4e1-cf13-e0c3-67c2-86aa";"141802";"41";"22";"wieś";"dom pomocy społecznej";"Dom Opieki i Klinika Wentylacji Respiratorem ""Konstancja"", Bielawa ul. Lipowa 1, 05-520 Konstancin-Jeziorna";"gm. Konstancin-Jeziorna";"piaseczyński";"mazowieckie";"143";"132";"94";"49";"0";"0";"0";"0";"0";"0";"0";"0";"0";"49";"0";"0";"49";"0";"0";"0";"0";"49";"19";"30"
"7be8-89e4-951a-854d-7f65-5d65-f73f-319c";"141802";"41";"23";"miasto";"zakład leczniczy";"Uzdrowisko Konstancin-Zdrój S. A. Szpital Rehabilitacyjny, ul Sue Ryder 1, 05-510 Konstancin-Jeziorna";"gm. Konstancin-Jeziorna";"piaseczyński";"mazowieckie";"200";"193";"87";"113";"0";"24";"0";"0";"0";"0";"0";"0";"0";"113";"0";"0";"113";"5";"0";"5";"0";"108";"44";"64"
"de95-2d49-4d42-96ae-4344-ee7f-687f-e23c";"141802";"41";"24";"miasto";"dom pomocy społecznej";"Dom Seniora ""Willa Kalina"", ul. Fabryczna 3, 05-520 Konstancin-Jeziorna";"gm. Konstancin-Jeziorna";"piaseczyński";"mazowieckie";"19";"19";"3";"16";"0";"0";"0";"0";"0";"0";"0";"0";"0";"16";"0";"0";"16";"0";"0";"0";"0";"16";"8";"8"
"104b-89df-f915-5368-73a9-65dc-8ac2-9937";"141803";"41";"1";"wieś";"stały";"Filia Gminnego Ośrodka Kultury, Mysiadło, ul. Topolowa 2 lok. 106 (budynek MYSZKA), Mysiadło ul. Topolowa 2/106, 05-500 Piaseczno";"gm. Lesznowola";"piaseczyński";"mazowieckie";"1061";"1182";"209";"852";"1";"15";"0";"0";"0";"0";"0";"0";"0";"852";"0";"0";"852";"39";"11";"28";"0";"813";"427";"386"
"991a-0fc2-a34d-7256-e35c-f784-ebe6-81d1";"141803";"41";"2";"wieś";"stały";"Szkoła Podstawowa w Mysiadle ul. Kwiatowa 28, Mysiadło ul. Kwiatowa 28, 05-500 Piaseczno";"gm. Lesznowola";"piaseczyński";"mazowieckie";"1458";"1647";"90";"1360";"0";"22";"0";"0";"0";"0";"0";"0";"0";"1359";"0";"0";"1359";"43";"18";"25";"0";"1316";"1002";"314"
"9d95-f9f2-6eeb-ac85-a064-d5b0-2c3d-1be1";"141803";"41";"3";"wieś";"stały";"Szkoła Podstawowa w Nowej Iwicznej, ul. I. Krasickiego 56 (sala gimnastyczna, wejście od strony sali), Nowa Iwiczna ul. I. Krasickiego 56, 05-500 Piaseczno";"gm. Lesznowola";"piaseczyński";"mazowieckie";"1400";"1475";"163";"1239";"0";"19";"0";"0";"0";"0";"0";"0";"0";"1239";"0";"0";"1239";"38";"7";"31";"0";"1201";"904";"297"
"7562-11af-1c3e-6d1d-563a-9693-47ce-77c4";"141803";"41";"4";"wieś";"stały";"Szkoła Podstawowa w Nowej Iwicznej ul. I. Krasickiego 56 (Holl-wejście główne), Nowa Iwiczna ul. I. Krasickiego 53, 05-500 Piaseczno";"gm. Lesznowola";"piaseczyński";"mazowieckie";"1351";"1518";"75";"1276";"0";"0";"0";"0";"0";"0";"0";"0";"0";"1276";"0";"0";"1276";"41";"14";"27";"0";"1235";"905";"330"
"7356-842b-9db6-8ec2-45cd-aa6b-baf6-93a7";"141803";"41";"5";"wieś";"stały";"Filia Szkoły Podstawowej w Zgorzale, ul. Cyraneczki 8, Zgorzała Cyraneczki 8, 05-500 Piaseczno";"gm. Lesznowola";"piaseczyński";"mazowieckie";"1224";"1346";"108";"1116";"0";"17";"0";"0";"0";"0";"0";"0";"0";"1114";"0";"0";"1114";"38";"12";"26";"0";"1076";"742";"334"
"ef07-ab1d-695d-e041-ef94-9c15-fdb5-9c54";"141803";"41";"6";"wieś";"stały";"Budynek Komunalny przy OSP w Nowej Woli ul. I. Krasickiego 215, Nowa Wola ul. I. Krasickiego 215, 05-500 Piaseczno";"gm. Lesznowola";"piaseczyński";"mazowieckie";"1474";"1787";"81";"1394";"1";"16";"0";"0";"0";"0";"0";"0";"0";"1393";"0";"0";"1393";"52";"17";"35";"0";"1341";"896";"445"
"3567-9219-e8b6-fb47-1094-ebc9-466e-eeb9";"141803";"41";"7";"wieś";"stały";"Świetlica GOK w Starej Iwicznej, ul. Nowa 6, Stara Iwiczna ul. Nowa 6, 05-500 Piaseczno";"gm. Lesznowola";"piaseczyński";"mazowieckie";"847";"937";"155";"692";"0";"0";"0";"0";"0";"0";"0";"0";"0";"692";"0";"0";"692";"33";"8";"25";"0";"659";"419";"240"
"cb6c-d937-b6e4-208b-c62d-c8c7-5582-5855";"141803";"41";"8";"wieś";"stały";"Urząd Gminy w Lesznowoli ul. Gminna 60, ul. Gminna 60, 05-506 Lesznowola";"gm. Lesznowola";"piaseczyński";"mazowieckie";"1316";"1569";"81";"1235";"0";"0";"0";"0";"0";"0";"0";"0";"0";"1235";"0";"0";"1235";"43";"12";"31";"0";"1192";"733";"459"
"1ee7-e845-0f17-a6a7-a758-4e39-7bd3-7ac7";"141803";"41";"9";"wieś";"stały";"Świetlica we Władysławowie, ul. Wojska Polskiego 64, Władysławów ul. Wojska Polskiego 64, 05-506 Lesznowola";"gm. Lesznowola";"piaseczyński";"mazowieckie";"1486";"1667";"169";"1317";"1";"13";"0";"0";"0";"0";"0";"0";"0";"1317";"0";"0";"1317";"39";"9";"30";"0";"1278";"944";"334"
"de53-f4e8-8dc3-b838-c57b-233c-7db9-6047";"141803";"41";"10";"wieś";"stały";"Centrum integracji Społecznej w Magdalence ul. Lipowa 28, Magdalenka ul. Lipowa 28, 05-506 Lesznowola";"gm. Lesznowola";"piaseczyński";"mazowieckie";"1051";"1081";"130";"921";"0";"20";"0";"0";"0";"0";"0";"0";"0";"921";"0";"1";"920";"45";"16";"29";"0";"875";"660";"215"
"de44-3599-bb54-154c-f06d-b0a0-bb77-e34b";"141803";"41";"11";"wieś";"stały";"Szkoła Podstawowa w Łazach ul. Ks. Słojewskiego 1 (wejście główne szkoły), Łazy ul. Ks. Słojewskiego 1, 05-552 Magdalenka";"gm. Lesznowola";"piaseczyński";"mazowieckie";"1980";"2254";"353";"1627";"5";"14";"0";"0";"0";"0";"0";"0";"0";"1627";"0";"0";"1627";"43";"14";"29";"0";"1584";"939";"645"
"088e-cfa5-bb5f-02a0-f048-7c23-ed06-82bf";"141803";"41";"12";"wieś";"stały";"Szkoła Podstawowa w Mrokowie ul. M. Świątkiewicz 2 A (Hala Sportowa), Mroków M. Świątkiewicz 2A, 05-552 Magdalenka";"gm. Lesznowola";"piaseczyński";"mazowieckie";"1115";"1245";"277";"838";"1";"5";"0";"0";"0";"0";"0";"0";"0";"838";"0";"0";"838";"37";"12";"25";"0";"801";"455";"346"
"2542-063f-0f29-242d-4136-c2c3-b27f-5a51";"141803";"41";"13";"wieś";"stały";"Szkoła Podstawowa w Mrokowie ul. M. Świątkiewicz 2 A (Holl wejście główne), Mroków M. Świątkiewicz 2 A, 05-552 Magdalenka";"gm. Lesznowola";"piaseczyński";"mazowieckie";"1424";"1641";"268";"1156";"0";"25";"1";"1";"0";"0";"0";"0";"1";"1156";"1";"0";"1156";"31";"23";"8";"0";"1125";"635";"490"
"4a8e-7161-ccc9-4dbb-5b35-55ac-cf83-757a";"141804";"41";"1";"miasto";"stały";"Oddział Szkoły Podstawowej nr 5, ul. Sikorskiego 20, 05-500 Piaseczno";"gm. Piaseczno";"piaseczyński";"mazowieckie";"950";"1058";"156";"794";"0";"8";"0";"0";"0";"0";"0";"0";"0";"794";"0";"0";"794";"32";"8";"24";"0";"762";"550";"212"
"c580-b5cd-95b7-8ff7-6aff-7b82-e02f-1b80";"141804";"41";"2";"miasto";"stały";"Oddział Szkoły Podstawowej nr 5, ul. Sikorskiego 20, 05-500 Piaseczno";"gm. Piaseczno";"piaseczyński";"mazowieckie";"707";"860";"77";"630";"1";"6";"0";"0";"0";"0";"0";"0";"0";"630";"0";"0";"630";"14";"14";"0";"0";"616";"429";"187"
"9691-6f3c-a13f-c966-0980-9976-f1a1-e77c";"141804";"41";"3";"miasto";"stały";"Oddział Szkoły Podstawowej nr 5, ul. Sikorskiego 20, 05-500 Piaseczno";"gm. Piaseczno";"piaseczyński";"mazowieckie";"1279";"1468";"191";"1088";"0";"10";"0";"0";"0";"0";"0";"0";"0";"1088";"0";"0";"1088";"38";"13";"25";"0";"1050";"773";"277"
"ed5a-a880-0b37-d97f-3c92-00f7-203b-77e5";"141804";"41";"4";"miasto";"stały";"Oddział Szkoły Podstawowej nr 5, ul. Sikorskiego 20, 05-500 Piaseczno";"gm. Piaseczno";"piaseczyński";"mazowieckie";"1440";"1641";"272";"1168";"1";"18";"0";"0";"0";"0";"0";"0";"0";"1168";"0";"2";"1166";"41";"16";"25";"0";"1125";"761";"364"
"08de-5657-2a61-9377-6144-e872-4094-7e13";"141804";"41";"5";"miasto";"stały";"Oddział Szkoły Podstawowej nr 5, ul. Sikorskiego 20, 05-500 Piaseczno";"gm. Piaseczno";"piaseczyński";"mazowieckie";"1339";"1470";"223";"1116";"0";"20";"0";"0";"0";"0";"0";"0";"0";"1116";"0";"3";"1113";"38";"13";"25";"0";"1075";"664";"411"
"d455-69b0-862a-7b55-fa62-1c40-7170-2644";"141804";"41";"6";"miasto";"stały";"Szkoła Podstawowa nr 5, ul. Szkolna 14, 05-500 Piaseczno";"gm. Piaseczno";"piaseczyński";"mazowieckie";"1821";"1972";"489";"1332";"1";"11";"0";"0";"0";"0";"0";"0";"0";"1332";"0";"0";"1332";"43";"6";"37";"0";"1289";"717";"572"
"994f-f2c3-1c22-5854-5261-02e7-1b9d-2080";"141804";"41";"7";"miasto";"stały";"Szkoła Podstawowa nr 5, ul. Szkolna 14, 05-500 Piaseczno";"gm. Piaseczno";"piaseczyński";"mazowieckie";"1020";"1126";"158";"862";"0";"52";"0";"0";"0";"0";"0";"0";"0";"862";"0";"0";"862";"30";"9";"21";"0";"832";"499";"333"
"6058-fdf8-bbc9-3cca-2bd4-1d95-08f8-6ae3";"141804";"41";"8";"miasto";"stały";"Przedszkole nr 4, ul. Fabryczna 13, 05-500 Piaseczno";"gm. Piaseczno";"piaseczyński";"mazowieckie";"1120";"1256";"187";"933";"0";"30";"0";"0";"0";"0";"0";"0";"0";"933";"0";"0";"933";"30";"6";"24";"0";"903";"528";"375"
"7850-e57a-7f48-2390-3ca9-3fda-756d-8780";"141804";"41";"9";"miasto";"stały";"Przedszkole nr 4, ul. Fabryczna 13, 05-500 Piaseczno";"gm. Piaseczno";"piaseczyński";"mazowieckie";"1859";"2159";"199";"1660";"0";"16";"0";"0";"0";"0";"0";"0";"0";"1660";"0";"0";"1660";"39";"10";"29";"0";"1621";"1168";"453"
"6c17-37cf-b184-1336-4c4e-d778-8f81-5569";"141804";"41";"10";"miasto";"stały";"Przedszkole nr 4, ul. Fabryczna 13, 05-500 Piaseczno";"gm. Piaseczno";"piaseczyński";"mazowieckie";"1869";"2351";"71";"1798";"2";"14";"1";"1";"0";"0";"0";"0";"1";"1799";"1";"0";"1799";"82";"21";"61";"0";"1717";"1156";"561"
"aaf8-2e89-e4e5-258d-887c-704c-1569-e710";"141804";"41";"11";"miasto";"stały";"Przedszkole nr 11, ul. Nefrytowa 14, 05-500 Piaseczno";"gm. Piaseczno";"piaseczyński";"mazowieckie";"1249";"1479";"275";"972";"1";"26";"0";"0";"0";"0";"0";"0";"0";"971";"0";"0";"971";"44";"13";"31";"0";"927";"563";"364"
"89d2-35be-3449-9a1c-c942-fa53-606c-6f5b";"141804";"41";"12";"miasto";"stały";"Przedszkole nr 11, ul. Nefrytowa 14, 05-500 Piaseczno";"gm. Piaseczno";"piaseczyński";"mazowieckie";"1551";"1693";"121";"1430";"0";"28";"0";"0";"0";"0";"0";"0";"0";"1429";"0";"0";"1429";"58";"13";"45";"0";"1371";"971";"400"
"3c56-921f-b4fa-380a-f842-155e-372d-24e4";"141804";"41";"13";"miasto";"stały";"Liceum Ogólnokształcące, ul. Chyliczkowska 17, 05-500 Piaseczno";"gm. Piaseczno";"piaseczyński";"mazowieckie";"879";"972";"126";"753";"1";"6";"0";"0";"0";"0";"0";"0";"0";"752";"0";"0";"752";"30";"9";"21";"0";"722";"499";"223"
"2dc1-19bf-c2bf-0529-1262-a50f-d0cc-17bb";"141804";"41";"14";"miasto";"stały";"Liceum Ogólnokształcące, ul. Chyliczkowska 17, 05-500 Piaseczno";"gm. Piaseczno";"piaseczyński";"mazowieckie";"1282";"1454";"200";"1082";"0";"7";"0";"0";"0";"0";"0";"0";"0";"1082";"0";"0";"1082";"54";"20";"34";"0";"1028";"713";"315"
"7c49-6752-3e43-be2d-d192-28d9-7c7d-7885";"141804";"41";"15";"miasto";"stały";"Liceum Ogólnokształcące, ul. Chyliczkowska 17, 05-500 Piaseczno";"gm. Piaseczno";"piaseczyński";"mazowieckie";"1080";"1235";"84";"996";"0";"17";"1";"1";"0";"0";"0";"0";"1";"997";"1";"0";"997";"36";"17";"19";"0";"961";"703";"258"
"dd2a-47dc-59d0-d270-5ab3-2d7f-639e-7c9a";"141804";"41";"16";"miasto";"stały";"Liceum Ogólnokształcące, ul. Chyliczkowska 17, 05-500 Piaseczno";"gm. Piaseczno";"piaseczyński";"mazowieckie";"1002";"1128";"142";"860";"1";"1";"0";"0";"0";"0";"0";"0";"0";"859";"0";"0";"859";"28";"7";"21";"0";"831";"536";"295"
"e804-5524-7710-9659-9703-f200-9330-bbc4";"141804";"41";"17";"miasto";"stały";"Centrum Kultury, ul. Kościuszki 49, 05-500 Piaseczno";"gm. Piaseczno";"piaseczyński";"mazowieckie";"1771";"2010";"221";"1550";"3";"19";"1";"0";"0";"0";"0";"0";"0";"1548";"0";"0";"1548";"53";"16";"37";"0";"1495";"969";"526"
"0aae-693e-58b5-563f-f4c9-487e-fb0f-e65b";"141804";"41";"18";"miasto";"stały";"Szkoła Podstawowa nr 1, ul. Świętojańska 18, 05-500 Piaseczno";"gm. Piaseczno";"piaseczyński";"mazowieckie";"1599";"1781";"306";"1293";"0";"0";"1";"1";"0";"0";"0";"0";"1";"1294";"1";"0";"1294";"37";"14";"23";"0";"1257";"763";"494"
"8193-05ec-9a3f-4c94-195e-31c6-4f74-a8de";"141804";"41";"19";"miasto";"stały";"Publiczne Przedszkole ""Radosne"", ul. Orężna 8a, 05-500 Piaseczno";"gm. Piaseczno";"piaseczyński";"mazowieckie";"1049";"1172";"146";"903";"0";"11";"0";"0";"0";"0";"0";"0";"0";"902";"0";"0";"902";"24";"7";"17";"0";"878";"543";"335"
"02bc-9891-91ef-2ee1-d6ed-7ffc-f8fd-0927";"141804";"41";"20";"miasto";"stały";"Szkoła Podstawowa nr 2, Aleja Kasztanów 12, 05-501 Piaseczno";"gm. Piaseczno";"piaseczyński";"mazowieckie";"1090";"1208";"188";"902";"2";"0";"0";"0";"0";"0";"0";"0";"0";"902";"0";"0";"902";"21";"10";"11";"0";"881";"531";"350"
"38c7-912c-6088-88df-e41c-d250-671e-8bf5";"141804";"41";"21";"miasto";"stały";"Szkoła Podstawowa nr 2, Aleja Kasztanów 12, 05-501 Piaseczno";"gm. Piaseczno";"piaseczyński";"mazowieckie";"1099";"1209";"162";"937";"0";"6";"0";"0";"0";"0";"0";"0";"0";"937";"0";"0";"937";"27";"7";"20";"0";"910";"587";"323"
"953b-78fc-093e-3a68-edc2-6d6a-1de2-88e8";"141804";"41";"22";"miasto";"stały";"Szkoła Podstawowa nr 2, Aleja Kasztanów 12, 05-501 Piaseczno";"gm. Piaseczno";"piaseczyński";"mazowieckie";"1110";"1217";"217";"893";"0";"7";"0";"0";"0";"0";"0";"0";"0";"892";"0";"0";"892";"25";"8";"17";"0";"867";"551";"316"
"1030-40d0-d842-4dd9-8fef-3005-1058-5aea";"141804";"41";"23";"miasto";"stały";"Szkoła Podstawowa nr 3, Główna 50, 05-502 Piaseczno";"gm. Piaseczno";"piaseczyński";"mazowieckie";"1060";"1151";"204";"856";"1";"10";"0";"0";"0";"0";"0";"0";"0";"855";"0";"1";"854";"27";"10";"17";"0";"827";"493";"334"
"5e96-59d1-ee12-c263-2165-43d3-5282-22b7";"141804";"41";"24";"miasto";"stały";"Szkoła Podstawowa nr 3, ul. Główna 50, 05-502 Piaseczno";"gm. Piaseczno";"piaseczyński";"mazowieckie";"900";"1010";"154";"746";"1";"8";"0";"0";"0";"0";"0";"0";"0";"746";"0";"0";"746";"31";"16";"15";"0";"715";"451";"264"
"cd19-8c84-6df6-0b00-01f3-d4f7-4d24-d702";"141804";"41";"25";"wieś";"stały";"Szkoła Podstawowa w Józefosławiu, Józefosław ul. Kameralna 11, 05-500 Piaseczno";"gm. Piaseczno";"piaseczyński";"mazowieckie";"1539";"1752";"137";"1402";"0";"25";"0";"0";"0";"0";"0";"0";"0";"1402";"0";"0";"1402";"44";"14";"30";"0";"1358";"1090";"268"
"33a6-fc3c-d9c0-e27b-6a1c-5cdf-becf-e259";"141804";"41";"26";"wieś";"stały";"Szkoła Podstawowa w Józefosławiu, Józefosław ul. Kameralna 11, 05-500 Piaseczno";"gm. Piaseczno";"piaseczyński";"mazowieckie";"1589";"1724";"144";"1445";"0";"40";"0";"0";"0";"0";"0";"0";"0";"1444";"0";"0";"1444";"45";"24";"21";"0";"1399";"1191";"208"
"a8fd-93f0-8571-ae65-c705-1ed4-f71d-d6b4";"141804";"41";"27";"wieś";"stały";"Szkoła Podstawowa w Józefosławiu, Józefosław ul. Kameralna 11, 05-500 Piaseczno";"gm. Piaseczno";"piaseczyński";"mazowieckie";"1146";"1280";"49";"1097";"0";"0";"0";"0";"0";"0";"0";"0";"0";"1094";"0";"0";"1094";"36";"13";"23";"0";"1058";"858";"200"
"9e39-3882-d844-0753-07c1-8f18-e998-3e7a";"141804";"41";"28";"wieś";"stały";"Szkoła Podstawowa w Józefosławiu, Józefosław ul. Kameralna 11, 05-500 Piaseczno";"gm. Piaseczno";"piaseczyński";"mazowieckie";"2100";"2355";"189";"1911";"1";"28";"0";"0";"0";"0";"0";"0";"0";"1910";"0";"5";"1905";"70";"27";"43";"0";"1835";"1467";"368"
"5100-5521-59ce-5972-6ca6-1fad-22d2-760f";"141804";"41";"29";"wieś";"stały";"Szkoła Podstawowa w Józefosławiu, Józefosław ul. Kameralna 11, 05-500 Piaseczno";"gm. Piaseczno";"piaseczyński";"mazowieckie";"1120";"1234";"194";"926";"0";"9";"0";"0";"0";"0";"0";"0";"0";"926";"0";"0";"926";"26";"8";"18";"0";"900";"679";"221"
"4d3f-dfad-7465-2103-5a39-5e52-622b-815b";"141804";"41";"30";"wieś";"stały";"Szkoła Podstawowa w Chylicach, Chylice ul. Dworska 2, 05-510 Konstancin-Jeziorna";"gm. Piaseczno";"piaseczyński";"mazowieckie";"1369";"1534";"152";"1217";"0";"16";"0";"0";"0";"0";"0";"0";"0";"1217";"0";"0";"1217";"50";"12";"38";"0";"1167";"781";"386"
"f3d1-d463-2e1f-4f0e-ebe5-2159-ad43-aa43";"141804";"41";"31";"wieś";"stały";"Instytut Rybactwa Śródlądowego, Żabieniec ul. Główna 48, 05-500 Piaseczno";"gm. Piaseczno";"piaseczyński";"mazowieckie";"1539";"1704";"291";"1248";"3";"14";"1";"1";"0";"0";"0";"0";"1";"1249";"1";"0";"1249";"37";"8";"29";"0";"1212";"729";"483"
"b1d2-9fe1-8888-e9e9-1490-6d4c-001d-2349";"141804";"41";"32";"wieś";"stały";"Świetlica OSP Chojnów, Orzeszyn ul. Klonowa 16, 05-532 Baniocha";"gm. Piaseczno";"piaseczyński";"mazowieckie";"558";"619";"100";"458";"0";"4";"0";"0";"0";"0";"0";"0";"0";"458";"0";"0";"458";"19";"8";"11";"0";"439";"262";"177"
"01c5-9cb4-8241-92c6-9610-7c19-a6d2-297d";"141804";"41";"33";"wieś";"stały";"Szkoła Podstawowa w Zalesiu Górnym, ul. Sarenki 20, 05-540 Zalesie Górne";"gm. Piaseczno";"piaseczyński";"mazowieckie";"1140";"1268";"151";"989";"1";"15";"0";"0";"0";"0";"0";"0";"0";"989";"0";"0";"989";"27";"4";"23";"0";"962";"598";"364"
"dba5-5529-b931-e100-067e-adc3-d96b-f363";"141804";"41";"34";"wieś";"stały";"Szkoła Podstawowa w Zalesiu Górnym, ul. Sarenki 20, 05-540 Zalesie Górne";"gm. Piaseczno";"piaseczyński";"mazowieckie";"1270";"1423";"144";"1126";"1";"14";"0";"0";"0";"0";"0";"0";"0";"1126";"0";"0";"1126";"47";"14";"33";"0";"1079";"699";"380"
"100f-ad89-9384-a135-782e-3fc6-2d95-70c8";"141804";"41";"35";"wieś";"stały";"Szkoła Podstawowa w Jazgarzewie, Jazgarzew ul. Szkolna 10, 05-502 Piaseczno";"gm. Piaseczno";"piaseczyński";"mazowieckie";"1287";"1431";"196";"1091";"0";"9";"1";"1";"0";"0";"0";"0";"1";"1092";"1";"0";"1092";"28";"5";"23";"0";"1064";"668";"396"
"c9d8-572f-f1eb-a690-8a83-9afa-eae7-f44a";"141804";"41";"36";"wieś";"stały";"Szkoła Podstawowa w Jazgarzewie, Jazgarzew ul. Szkolna 10, 05-502 Piaseczno";"gm. Piaseczno";"piaseczyński";"mazowieckie";"750";"840";"162";"588";"1";"3";"0";"0";"0";"0";"0";"0";"0";"588";"0";"0";"588";"14";"2";"12";"0";"574";"331";"243"
"140e-63aa-cf27-1e60-0af8-5405-d2eb-9802";"141804";"41";"37";"wieś";"stały";"Szkoła Podstawowa nr 3, ul. Główna 50, 05-502 Piaseczno";"gm. Piaseczno";"piaseczyński";"mazowieckie";"880";"933";"108";"772";"0";"6";"0";"0";"0";"0";"0";"0";"0";"772";"0";"0";"772";"34";"6";"28";"0";"738";"515";"223"
"8a5e-bf65-22c5-f1e8-73d2-a893-9b2d-1d5b";"141804";"41";"38";"wieś";"stały";"Szkoła Podstawowa nr 3, ul. Główna 50, 05-502 Piaseczno";"gm. Piaseczno";"piaseczyński";"mazowieckie";"1267";"1413";"217";"1050";"0";"7";"0";"0";"0";"0";"0";"0";"0";"1049";"0";"1";"1048";"18";"2";"16";"0";"1030";"601";"429"
"7787-74ed-500b-b62e-8438-1d91-e3de-9ff2";"141804";"41";"39";"wieś";"stały";"Szkoła Podstawowa w Głoskowie, ul. Millenium 76, 05-503 Głosków";"gm. Piaseczno";"piaseczyński";"mazowieckie";"1859";"2092";"259";"1600";"2";"17";"0";"0";"0";"0";"0";"0";"0";"1601";"0";"0";"1601";"46";"12";"34";"0";"1555";"959";"596"
"e538-0c9b-85eb-eafb-a0ea-bc89-755e-cd78";"141804";"41";"40";"wieś";"stały";"Klub Kultury, Wola Gołkowska ul. Jemioły 11, 05-503 Głosków";"gm. Piaseczno";"piaseczyński";"mazowieckie";"820";"937";"136";"684";"0";"13";"0";"0";"0";"0";"0";"0";"0";"684";"0";"0";"684";"24";"2";"22";"0";"660";"376";"284"
"9b38-9562-9016-fef5-4212-e808-85b1-392a";"141804";"41";"41";"wieś";"stały";"Szkoła Podstawowa w Złotokłosie, ul. Traugutta 10, 05-504 Złotokłos";"gm. Piaseczno";"piaseczyński";"mazowieckie";"341";"382";"116";"225";"0";"3";"0";"0";"0";"0";"0";"0";"0";"225";"0";"0";"225";"4";"0";"4";"0";"221";"102";"119"
"9183-e524-25a1-678a-00da-bbfc-15ae-40f8";"141804";"41";"42";"wieś";"stały";"Szkoła Podstawowa w Głoskowie, ul. Millenium 76, 05-503 Głosków";"gm. Piaseczno";"piaseczyński";"mazowieckie";"480";"569";"65";"415";"0";"11";"0";"0";"0";"0";"0";"0";"0";"415";"0";"0";"415";"8";"5";"3";"0";"407";"260";"147"
"6c84-16e3-27ea-6607-7abf-5947-ecaf-0395";"141804";"41";"43";"wieś";"stały";"Szkoła Podstawowa w Złotokłosie, ul. Traugutta 10, 05-504 Złotokłos";"gm. Piaseczno";"piaseczyński";"mazowieckie";"1551";"1744";"258";"1293";"0";"12";"0";"0";"0";"0";"0";"0";"0";"1293";"0";"0";"1293";"43";"8";"35";"0";"1250";"874";"376"
"a60d-42be-812e-8db5-7d89-2124-0bc3-d70b";"141804";"41";"44";"wieś";"stały";"Świetlica OSP, Bogatki ul. Królewska 91, 05-502 Piaseczno";"gm. Piaseczno";"piaseczyński";"mazowieckie";"620";"676";"153";"467";"0";"3";"0";"0";"0";"0";"0";"0";"0";"467";"0";"0";"467";"13";"3";"10";"0";"454";"208";"246"
"fb3b-e403-0e83-4c51-68f4-0c6c-40c5-79ff";"141804";"41";"45";"miasto";"zakład leczniczy";"Szpital Świętej Anny, Mickiewicza 39, 05-500 Piaseczno";"gm. Piaseczno";"piaseczyński";"mazowieckie";"50";"66";"3";"47";"0";"3";"0";"0";"0";"0";"0";"0";"0";"47";"0";"0";"47";"4";"0";"4";"0";"43";"22";"21"
"19a9-9938-b5ae-539e-937a-09b8-c256-f63d";"141805";"41";"1";"wieś";"stały";"Szkoła Podstawowa , Sala Gimnastyczna, Uwieliny Szkolna, wejście B od ulicy Szkolnej 2, 05-540 Zalesie Górne";"gm. Prażmów";"piaseczyński";"mazowieckie";"2088";"2354";"553";"1535";"0";"8";"0";"0";"0";"0";"0";"0";"0";"1535";"0";"0";"1535";"60";"16";"44";"0";"1475";"744";"731"
"c2ec-5972-1320-46a8-5530-5e3b-5702-cb43";"141805";"41";"2";"wieś";"stały";"Urząd Gminy, Piotra Czołchańskiego 1, 05-505 Prażmów";"gm. Prażmów";"piaseczyński";"mazowieckie";"1359";"1526";"391";"968";"0";"18";"0";"0";"0";"0";"0";"0";"0";"968";"0";"0";"968";"42";"10";"32";"0";"926";"454";"472"
"c54e-c866-cb1d-ee7d-2781-1201-fedc-13f2";"141805";"41";"3";"wieś";"stały";"Ochotnicza Straż Pożarna, Wągrodno Słoneczna 2, 05-505 Prażmów";"gm. Prażmów";"piaseczyński";"mazowieckie";"1280";"1419";"366";"914";"1";"5";"0";"0";"0";"0";"0";"0";"0";"914";"0";"0";"914";"22";"12";"10";"0";"892";"439";"453"
"d4d4-b118-e0a3-a31b-60e1-d26d-c74a-cac5";"141805";"41";"4";"wieś";"stały";"Szkoła Podstawowa , Oddział Przedszkolny, Uwieliny Szkolna, wejście A od ulicy Szkolnej 2, 05-540 Zalesie Górne";"gm. Prażmów";"piaseczyński";"mazowieckie";"1711";"1925";"339";"1371";"0";"14";"0";"0";"0";"0";"0";"0";"0";"1371";"0";"0";"1371";"52";"18";"34";"0";"1319";"811";"508"
"1b15-9ce2-bf67-400a-2223-84a3-1417-e789";"141805";"41";"5";"wieś";"stały";"Zespół Szkolno-Przedszkolny, Franciszka Ryxa 72, 05-505 Prażmów";"gm. Prażmów";"piaseczyński";"mazowieckie";"1179";"1314";"197";"982";"0";"7";"0";"0";"0";"0";"0";"0";"0";"982";"0";"0";"982";"41";"8";"33";"0";"941";"573";"368"
"05fe-d665-eb33-a924-299a-b79b-2023-a993";"141806";"41";"1";"wieś";"stały";"Szkoła Podstawowa im. Józefa Chełmońskiego w Suchostrudze, Suchostruga ul. Szkolna 20, 05-555 Tarczyn";"gm. Tarczyn";"piaseczyński";"mazowieckie";"540";"613";"162";"378";"0";"9";"0";"0";"0";"0";"0";"0";"0";"377";"0";"0";"377";"15";"4";"11";"0";"362";"148";"214"
"ba58-febc-854c-6953-9fc3-2801-312d-1a81";"141806";"41";"2";"wieś";"stały";"Ochotnicza Straż Pożarna w Suchodole, Suchodół ul. Piękna 20, 05-555 Tarczyn";"gm. Tarczyn";"piaseczyński";"mazowieckie";"488";"595";"126";"362";"2";"1";"0";"0";"0";"0";"0";"0";"0";"362";"0";"1";"361";"20";"4";"16";"0";"341";"163";"178"
"74d9-b8ef-582b-291d-7bfa-898b-c016-a746";"141806";"41";"3";"wieś";"stały";"Świetlica Wiejska w Woli Przypkowskiej, Wola Przypkowska ul. Piękna 33, 05-555 Tarczyn";"gm. Tarczyn";"piaseczyński";"mazowieckie";"651";"725";"170";"481";"3";"2";"0";"0";"0";"0";"0";"0";"0";"481";"0";"0";"481";"14";"6";"8";"0";"467";"195";"272"
"cdcb-805e-0b90-e6e0-ae97-86d4-4383-05b4";"141806";"41";"4";"wieś";"stały";"Ochotnicza Straż Pożarna w Kotorydzu, Kotorydz ul. Warszawska 9, 05-555 Tarczyn";"gm. Tarczyn";"piaseczyński";"mazowieckie";"619";"681";"210";"409";"0";"1";"0";"0";"0";"0";"0";"0";"0";"409";"0";"0";"409";"12";"2";"10";"0";"397";"158";"239"
"d884-de5c-115f-6824-405c-4c1f-43d9-a14b";"141806";"41";"5";"miasto";"stały";"Przedszkole w Tarczynie, ul. Kazimierza Dobrowolskiego 3, 05-555 Tarczyn";"gm. Tarczyn";"piaseczyński";"mazowieckie";"801";"878";"231";"570";"1";"4";"0";"0";"0";"0";"0";"0";"0";"570";"0";"0";"570";"25";"4";"21";"0";"545";"244";"301"
"2600-03fa-0be2-af33-a582-2e0c-38c4-59cc";"141806";"41";"6";"miasto";"stały";"Szkoła Podstawowa im. Juliana Stępkowskiego w Tarczynie, ul. Juliana Stępkowskiego 15, 05-555 Tarczyn";"gm. Tarczyn";"piaseczyński";"mazowieckie";"1477";"1688";"290";"1187";"2";"38";"0";"0";"0";"0";"0";"0";"0";"1187";"0";"0";"1187";"38";"15";"23";"0";"1149";"579";"570"
"b493-18c4-1e8c-7244-ed8e-fa34-d984-de21";"141806";"41";"7";"miasto";"stały";"Gminny Ośrodek Kultury w Tarczynie, ul. Juliana Stępkowskiego 17, 05-555 Tarczyn";"gm. Tarczyn";"piaseczyński";"mazowieckie";"1150";"1290";"270";"880";"0";"14";"0";"0";"0";"0";"0";"0";"0";"880";"0";"0";"880";"25";"12";"13";"0";"855";"424";"431"
"6b6f-bc0d-372a-79e0-bb8b-a20e-dfc8-eee9";"141806";"41";"8";"wieś";"stały";"Szkoła Podstawowa im. Wojciecha Górskiego w Pamiątce, Kopana ul. Anieli i Wojciecha Górskich 3, 05-555 Tarczyn";"gm. Tarczyn";"piaseczyński";"mazowieckie";"1419";"1567";"484";"935";"1";"7";"0";"0";"0";"0";"0";"0";"0";"935";"0";"2";"933";"26";"7";"19";"0";"907";"361";"546"
"6452-7be6-3c31-a8e1-47b6-6283-9bc7-0e33";"141806";"41";"9";"wieś";"stały";"Szkoła Podstawowa im. Mieczysława Kaczyńskiego w Pracach Małych, Prace Małe ul. Piaseczyńska 34, 05-555 Tarczyn";"gm. Tarczyn";"piaseczyński";"mazowieckie";"819";"931";"159";"660";"0";"3";"0";"0";"0";"0";"0";"0";"0";"659";"0";"0";"659";"22";"6";"16";"0";"637";"326";"311"
"bb08-bd8c-ed1d-30f1-7168-789e-b75b-d4e0";"142101";"41";"1";"miasto";"stały";"Szkoła Podstawowa Nr 1, ul. Józefa Brandta 22, 05-820 Piastów";"m. Piastów";"pruszkowski";"mazowieckie";"2029";"2253";"288";"1741";"0";"13";"0";"0";"0";"0";"0";"0";"0";"1740";"0";"0";"1740";"49";"19";"30";"0";"1691";"965";"726"
"0516-7a15-4cb5-d6e2-cbb8-3dbd-b0b5-0671";"142101";"41";"2";"miasto";"stały";"Przedszkole nr. 3, ul. Cypriana Godebskiego 21, 05-820 Piastów";"m. Piastów";"pruszkowski";"mazowieckie";"1674";"1817";"351";"1323";"2";"8";"1";"1";"0";"0";"0";"0";"1";"1322";"1";"0";"1322";"38";"12";"26";"0";"1284";"762";"522"
"269c-a5e9-9460-24ba-8234-3ced-b118-36a0";"142101";"41";"3";"miasto";"stały";"Szkoła Podstawowa Nr 3, Aleja Tysiąclecia 5, 05-820 Piastów";"m. Piastów";"pruszkowski";"mazowieckie";"1615";"1785";"349";"1266";"0";"14";"0";"0";"0";"0";"0";"0";"0";"1264";"0";"0";"1264";"45";"10";"35";"0";"1219";"707";"512"
"111d-58e3-335f-779e-dca0-a11b-2a0b-095a";"142101";"41";"4";"miasto";"stały";"Przedszkole Nr 4, ul. Żbikowska 5, 05-820 Piastów";"m. Piastów";"pruszkowski";"mazowieckie";"1401";"1555";"274";"1127";"0";"7";"1";"1";"0";"0";"0";"0";"1";"1127";"1";"0";"1127";"40";"3";"37";"0";"1087";"552";"535"
"7222-0203-1222-face-0abc-a777-17a3-7b29";"142101";"41";"5";"miasto";"stały";"Klub Novus, ul. Ks. Ignacego Skorupki 2, 05-820 Piastów";"m. Piastów";"pruszkowski";"mazowieckie";"1546";"1703";"297";"1249";"0";"14";"0";"0";"0";"0";"0";"0";"0";"1249";"0";"0";"1249";"37";"23";"14";"0";"1212";"697";"515"
"7b5f-7c88-c0d3-565f-44b2-5b3e-63c9-1f5c";"142101";"41";"6";"miasto";"stały";"Miejski Ośrodek Kultury, ul. Warszawska 24, 05-820 Piastów";"m. Piastów";"pruszkowski";"mazowieckie";"1388";"1534";"259";"1129";"0";"12";"0";"0";"0";"0";"0";"0";"0";"1126";"0";"0";"1126";"50";"18";"32";"0";"1076";"607";"469"
"fcbe-0ed8-1a40-0e3c-6bb1-9dca-fa1b-3bfb";"142101";"41";"7";"miasto";"stały";"Szkoła Podstawowa Nr 2, Aleja Krakowska 20, 05-820 Piastów";"m. Piastów";"pruszkowski";"mazowieckie";"1039";"1123";"185";"854";"0";"4";"1";"1";"0";"0";"0";"0";"1";"853";"1";"0";"853";"26";"6";"20";"0";"827";"496";"331"
"f501-a61a-0dbd-b6b3-7bf5-be88-2f67-44a0";"142101";"41";"8";"miasto";"stały";"Szkoła Podstawowa Nr 4, ul. Żbikowska 25, 05-820 Piastów";"m. Piastów";"pruszkowski";"mazowieckie";"1779";"1961";"305";"1474";"0";"13";"0";"0";"0";"0";"0";"0";"0";"1473";"0";"0";"1473";"45";"13";"32";"0";"1428";"852";"576"
"a035-55d6-5ca0-75d6-8d9d-a45a-0f28-2f98";"142101";"41";"9";"miasto";"stały";"Szkoła Podstawowa Nr 5, ul. Kazimierza Pułaskiego 6/8, 05-820 Piastów";"m. Piastów";"pruszkowski";"mazowieckie";"1834";"2043";"296";"1538";"2";"16";"0";"0";"0";"0";"0";"0";"0";"1537";"0";"0";"1537";"52";"17";"35";"0";"1485";"833";"652"
"b6e1-b97b-5af8-9b8a-e9d7-bbeb-4913-c9ca";"142101";"41";"10";"miasto";"stały";"Zespół Szkół, ul. Karola Namysłowskiego 11, 05-820 Piastów";"m. Piastów";"pruszkowski";"mazowieckie";"1600";"1815";"224";"1376";"2";"13";"0";"0";"0";"0";"0";"0";"0";"1375";"0";"0";"1375";"53";"14";"39";"0";"1322";"791";"531"
"82ef-e3e1-8ce2-4978-1d31-1fb0-2a21-0cf4";"142102";"41";"1";"miasto";"stały";"Przedszkole Miejskie Nr 8, ul. 3 - go Maja 67, 05-800 Pruszków";"m. Pruszków";"pruszkowski";"mazowieckie";"2264";"2277";"754";"1510";"0";"0";"0";"0";"0";"0";"0";"0";"0";"1510";"0";"0";"1510";"36";"11";"25";"0";"1474";"837";"637"
"02ff-4297-5e3b-c5e7-82dc-42ba-9bd1-2c4f";"142102";"41";"2";"miasto";"stały";"Szkoła Podstawowa Nr 5, ul. Jana Długosza 53, 05-800 Pruszków";"m. Pruszków";"pruszkowski";"mazowieckie";"1844";"2080";"349";"1495";"0";"8";"0";"0";"0";"0";"0";"0";"0";"1495";"0";"0";"1495";"37";"19";"18";"0";"1458";"911";"547"
"ab38-ffc1-4183-6b17-e399-e635-65af-5d89";"142102";"41";"3";"miasto";"stały";"Przedszkole Miejskie Nr 1, ul. Jarzynowa 21, 05-800 Pruszków";"m. Pruszków";"pruszkowski";"mazowieckie";"1288";"1512";"172";"1116";"1";"5";"0";"0";"0";"0";"0";"0";"0";"1116";"0";"0";"1116";"31";"9";"22";"0";"1085";"683";"402"
"837c-799c-a467-a083-6f3f-8a85-8ec0-cc89";"142102";"41";"4";"miasto";"stały";"Szkoła Podstawowa nr 9, ul. Mostowa 6, 05-800 Pruszków";"m. Pruszków";"pruszkowski";"mazowieckie";"2090";"2321";"409";"1681";"8";"16";"0";"0";"0";"0";"0";"0";"0";"1681";"0";"0";"1681";"58";"0";"58";"0";"1623";"927";"696"
"35b0-fdfb-d70a-b990-6add-7b85-885e-ecab";"142102";"41";"5";"miasto";"stały";"Zespół Szkół nr 1, ul. Promyka 24/26, 05-800 Pruszków";"m. Pruszków";"pruszkowski";"mazowieckie";"1059";"1180";"247";"812";"0";"0";"0";"0";"0";"0";"0";"0";"0";"812";"0";"0";"812";"29";"11";"18";"0";"783";"457";"326"
"3961-e560-a12b-d101-0c1e-4fdb-efbf-dd48";"142102";"41";"6";"miasto";"stały";"Szkoła Podstawowa Nr 10, ul. Pływacka 16, 05-800 Pruszków";"m. Pruszków";"pruszkowski";"mazowieckie";"1313";"1480";"152";"1161";"0";"5";"0";"0";"0";"0";"0";"0";"0";"1161";"0";"0";"1161";"24";"7";"17";"0";"1137";"673";"464"
"49b1-a205-95f7-38a9-9122-5db6-81a5-44f1";"142102";"41";"7";"miasto";"stały";"Zespół Szkół Ogólnokształcacych i Sportowych, ul. Juliana Gomulińskiego 2, 05-800 Pruszków";"m. Pruszków";"pruszkowski";"mazowieckie";"1231";"1388";"244";"987";"0";"5";"0";"0";"0";"0";"0";"0";"0";"987";"0";"0";"987";"24";"7";"17";"0";"963";"563";"400"
"f1ec-87ca-b5b5-ec6c-d92d-6859-2971-4af8";"142102";"41";"8";"miasto";"stały";"Miejskie Przedszkole Nr 15, ul. Dębowa 8, 05-800 Pruszków";"m. Pruszków";"pruszkowski";"mazowieckie";"1462";"1600";"285";"1176";"0";"9";"0";"0";"0";"0";"0";"0";"0";"1176";"0";"0";"1176";"33";"6";"27";"0";"1143";"739";"404"
"17a4-f34f-ada9-18aa-ccac-047b-4ac4-cccb";"142102";"41";"9";"miasto";"stały";"Miejski Ośrodek Pomocy Społecznej, ul. Helenowska 3a, 05-800 Pruszków";"m. Pruszków";"pruszkowski";"mazowieckie";"1965";"2124";"412";"1553";"0";"5";"1";"1";"0";"0";"0";"0";"1";"1554";"1";"0";"1554";"35";"7";"28";"0";"1519";"907";"612"
"ede6-bb0f-fbe6-3935-1ac7-a6c2-5509-6da3";"142102";"41";"10";"miasto";"stały";"Miejskie Przedszkole Nr 14, ul. Jasna 2, 05-800 Pruszków";"m. Pruszków";"pruszkowski";"mazowieckie";"1391";"1579";"279";"1112";"1";"0";"0";"0";"0";"0";"0";"0";"0";"1112";"0";"0";"1112";"30";"4";"26";"0";"1082";"641";"441"
"2043-b3df-58c3-26b5-6767-88bf-d91a-4fed";"142102";"41";"11";"miasto";"stały";"Szkoła Podstawowa Nr 2, ul. Jasna 2, 05-800 Pruszków";"m. Pruszków";"pruszkowski";"mazowieckie";"1599";"1784";"325";"1274";"0";"13";"0";"0";"0";"0";"0";"0";"0";"1274";"0";"1";"1273";"31";"10";"21";"0";"1242";"781";"461"
"8cef-d8ca-9ad9-c7e4-c382-5d49-0245-c21d";"142102";"41";"12";"miasto";"stały";"Szkoła Podstawowa nr 8, ul. Obrońców Pokoju 44, 05-800 Pruszków";"m. Pruszków";"pruszkowski";"mazowieckie";"1746";"2006";"370";"1376";"0";"5";"0";"0";"0";"0";"0";"0";"0";"1376";"0";"0";"1376";"36";"12";"24";"0";"1340";"934";"406"
"cef9-d44c-8ef2-1cf4-9894-1de5-ae93-45eb";"142102";"41";"13";"miasto";"stały";"Liceum Ogólnokształcace im. Tomasza Zana, ul. Ignacego Daszyńskiego 6, 05-800 Pruszków";"m. Pruszków";"pruszkowski";"mazowieckie";"1320";"1476";"381";"939";"0";"0";"0";"0";"0";"0";"0";"0";"0";"939";"0";"0";"939";"43";"6";"37";"0";"896";"518";"378"
"323f-b62b-a8c2-0d4e-c2a4-31c6-6958-34bc";"142102";"41";"14";"miasto";"stały";"Szkoła Podstawowa nr 3, Al. Wojska Polskiego 34, 05-800 Pruszków";"m. Pruszków";"pruszkowski";"mazowieckie";"1631";"1825";"311";"1320";"0";"8";"0";"0";"0";"0";"0";"0";"0";"1320";"0";"0";"1320";"61";"25";"36";"0";"1259";"794";"465"
"f3a6-674b-ddda-3787-e601-08f4-a940-0bef";"142102";"41";"15";"miasto";"stały";"Przedszkole Miejskie nr 10, ul. Fryderyka Chopina 13, 05-800 Pruszków";"m. Pruszków";"pruszkowski";"mazowieckie";"1290";"1421";"293";"997";"2";"2";"0";"0";"0";"0";"0";"0";"0";"997";"0";"0";"997";"32";"14";"18";"0";"965";"585";"380"
"1235-d14c-0417-3fe1-cf89-01a8-9e03-50f1";"142102";"41";"16";"miasto";"stały";"Liceum Ogólnokształcące im. Tadeusza Kościuszki, ul. Tadeusza Kościuszki 34, 05-800 Pruszków";"m. Pruszków";"pruszkowski";"mazowieckie";"1825";"2021";"371";"1454";"3";"13";"0";"0";"0";"0";"0";"0";"0";"1454";"0";"0";"1454";"35";"15";"20";"0";"1419";"985";"434"
"082f-9e37-ba0f-d780-a546-6182-65bc-d037";"142102";"41";"17";"miasto";"stały";"Przedszkole Miejskie Nr 4, ul. Bolesława Prusa 27, 05-800 Pruszków";"m. Pruszków";"pruszkowski";"mazowieckie";"1360";"1607";"154";"1206";"1";"35";"0";"0";"0";"0";"0";"0";"0";"1205";"0";"0";"1205";"48";"16";"32";"0";"1157";"857";"300"
"348e-01c1-b34b-6b54-ed08-7d23-10ac-c1ba";"142102";"41";"18";"miasto";"stały";"Szkoła Podstawowa Nr 4 im. Jana Pawła II, ul. Hubala 4, 05-800 Pruszków";"m. Pruszków";"pruszkowski";"mazowieckie";"1700";"1914";"423";"1277";"1";"20";"0";"0";"0";"0";"0";"0";"0";"1277";"0";"0";"1277";"46";"19";"27";"0";"1231";"760";"471"
"2489-b280-96df-5d81-fee6-94b5-c28f-4637";"142102";"41";"19";"miasto";"stały";"Spółdzielczy Dom Kultury, ul. Hubala 5, 05-800 Pruszków";"m. Pruszków";"pruszkowski";"mazowieckie";"1912";"2171";"363";"1549";"1";"8";"0";"0";"0";"0";"0";"0";"0";"1549";"0";"0";"1549";"39";"12";"27";"0";"1510";"886";"624"
"fa19-1cca-2e46-05eb-ba66-1cb9-7761-7f77";"142102";"41";"20";"miasto";"stały";"Szkoła Podstawowa Nr 1, ul. Topolowa 10, 05-800 Pruszków";"m. Pruszków";"pruszkowski";"mazowieckie";"1754";"1907";"453";"1299";"1";"19";"0";"0";"0";"0";"0";"0";"0";"1299";"0";"0";"1299";"34";"11";"23";"0";"1265";"732";"533"
"c0e8-46d4-657c-6bea-9f7e-278e-bc2a-7306";"142102";"41";"21";"miasto";"stały";"Przedszkole Niepubliczne ""Jedynka"", ul. Sadowa 62, 05-800 Pruszków";"m. Pruszków";"pruszkowski";"mazowieckie";"1305";"1406";"170";"1135";"0";"11";"0";"0";"0";"0";"0";"0";"0";"1135";"0";"0";"1135";"21";"9";"12";"0";"1114";"695";"419"
"3ae3-1a8b-4f55-bd31-8381-9aa1-a0c5-26d4";"142102";"41";"22";"miasto";"stały";"Miejskie Przedszkole Nr 12, ul. Andrzeja 12, 05-800 Pruszków";"m. Pruszków";"pruszkowski";"mazowieckie";"990";"1096";"151";"839";"0";"17";"0";"0";"0";"0";"0";"0";"0";"839";"0";"0";"839";"30";"12";"18";"0";"809";"501";"308"
"6e0b-84a7-5bab-5865-6cf0-87c4-21e8-40cd";"142102";"41";"23";"miasto";"stały";"Dzienny Dom Pomocy Społecznej, ul. Księcia Józefa 1, 05-800 Pruszków";"m. Pruszków";"pruszkowski";"mazowieckie";"1821";"2000";"214";"1607";"2";"7";"0";"0";"0";"0";"0";"0";"0";"1605";"0";"0";"1605";"55";"15";"40";"0";"1550";"1026";"524"
"4385-a060-0801-92d5-fc82-0706-d931-b5d1";"142102";"41";"24";"miasto";"stały";"Szkoła Podstawowa nr 6, ul. Lipowa 31, 05-800 Pruszków";"m. Pruszków";"pruszkowski";"mazowieckie";"1870";"2136";"152";"1718";"1";"19";"0";"0";"0";"0";"0";"0";"0";"1718";"0";"0";"1718";"55";"26";"29";"0";"1663";"1097";"566"
"df9e-758c-0932-3310-6020-af48-6440-bec7";"142102";"41";"25";"miasto";"stały";"Szkoła Podstawowa nr 3, Al. Wojska Polskiego 34, 05-800 Pruszków";"m. Pruszków";"pruszkowski";"mazowieckie";"1231";"1403";"129";"1102";"1";"8";"0";"0";"0";"0";"0";"0";"0";"1102";"0";"0";"1102";"26";"8";"18";"0";"1076";"745";"331"
"97bd-eb21-e7c6-0d37-6bd9-1daf-e592-f932";"142102";"41";"26";"miasto";"stały";"Miejskie Przedszkole Nr 13, ul. Antka 7, 05-800 Pruszków";"m. Pruszków";"pruszkowski";"mazowieckie";"2020";"2265";"226";"1794";"1";"11";"0";"0";"0";"0";"0";"0";"0";"1794";"0";"1";"1793";"58";"15";"43";"0";"1735";"1131";"604"
"3329-ad7c-b3dd-4f03-9efc-bb95-ff87-f930";"142102";"41";"27";"miasto";"zakład leczniczy";"Obwód odrębny Mazowieckie Specjalistyczne Centrum Zdrowia im. prof. dr Jana Mazurkiewicza, ul. Partyzantów 2/4, 05-800 Pruszków";"m. Pruszków";"pruszkowski";"mazowieckie";"699";"573";"550";"149";"0";"0";"0";"0";"0";"0";"0";"0";"0";"149";"0";"0";"149";"10";"0";"10";"0";"139";"61";"78"
"d7fd-54f4-1c4d-871c-bbfc-5791-d29d-2b22";"142102";"41";"28";"miasto";"zakład leczniczy";"Obwód odrębny Szpital Kolejowy im. dr med. Włodzimierza Roeflera, ul. Warsztatowa 1, 05-800 Pruszków";"m. Pruszków";"pruszkowski";"mazowieckie";"160";"159";"109";"51";"0";"2";"0";"0";"0";"0";"0";"0";"0";"51";"0";"0";"51";"1";"0";"1";"0";"50";"27";"23"
"e453-dffd-d3a3-3816-1291-73f9-e515-e635";"142102";"41";"29";"miasto";"zakład leczniczy";"Obwód odrębny Szpital Powiatowy, Al. Armii Krajowej 2/4, 05-800 Pruszków";"m. Pruszków";"pruszkowski";"mazowieckie";"30";"17";"13";"17";"0";"0";"0";"0";"0";"0";"0";"0";"0";"17";"0";"0";"17";"0";"0";"0";"0";"17";"10";"7"
"4b67-147c-e6fc-832a-fca7-d8d2-b064-3c7e";"142102";"41";"30";"miasto";"dom pomocy społecznej";"Dom Seniora w Pruszkowie, ul. Ożarowska 2, 05-800 Pruszków";"m. Pruszków";"pruszkowski";"mazowieckie";"45";"39";"25";"20";"0";"0";"0";"0";"0";"0";"0";"0";"0";"20";"0";"0";"20";"1";"0";"1";"0";"19";"14";"5"
"cd85-00cd-fb1f-a900-633e-77d5-9016-b9ea";"142103";"41";"1";"miasto";"stały";"Szkoła Podstawowa nr 1 w Brwinowie, ul. marsz. J. Piłsudskiego 11, 05-840 Brwinów";"gm. Brwinów";"pruszkowski";"mazowieckie";"1600";"1656";"373";"1227";"0";"8";"0";"0";"0";"0";"0";"0";"0";"1226";"0";"0";"1226";"41";"16";"25";"0";"1185";"691";"494"
"e30d-c732-6159-1269-d82b-5b7e-7844-c3be";"142103";"41";"2";"miasto";"stały";"Hala sportowa w Brwinowie, ul. W. Moczydłowskiego 2, 05-840 Brwinów";"gm. Brwinów";"pruszkowski";"mazowieckie";"880";"987";"152";"728";"1";"5";"0";"0";"0";"0";"0";"0";"0";"727";"0";"0";"727";"31";"9";"22";"0";"696";"400";"296"
"ca5b-bf85-b0e8-10ab-675c-7929-366e-8cb0";"142103";"41";"3";"miasto";"stały";"Sala Konferencyjna na Stadionie Miejskim w Brwinowie, ul. Turystyczna 4, 05-840 Brwinów";"gm. Brwinów";"pruszkowski";"mazowieckie";"750";"841";"140";"610";"0";"6";"0";"0";"0";"0";"0";"0";"0";"610";"0";"0";"610";"20";"7";"13";"0";"590";"380";"210"
"d4c9-2e37-b122-dcc0-90e0-7e58-0e26-5186";"142103";"41";"4";"miasto";"stały";"Niepubliczne Przedszkole Integracyjne Sióstr Rodziny Maryi, ul. Szkolna 18, 05-840 Brwinów";"gm. Brwinów";"pruszkowski";"mazowieckie";"1371";"1512";"242";"1129";"0";"7";"0";"0";"0";"0";"0";"0";"0";"1129";"0";"0";"1129";"24";"7";"17";"0";"1105";"642";"463"
"8245-3544-51b4-661f-8197-6414-c6c3-b9af";"142103";"41";"5";"miasto";"stały";"OSP w Brwinowie, ul. Pszczelińska 3, 05-840 Brwinów";"gm. Brwinów";"pruszkowski";"mazowieckie";"1490";"1621";"293";"1197";"6";"8";"0";"0";"0";"0";"0";"0";"0";"1197";"0";"0";"1197";"32";"9";"23";"0";"1165";"733";"432"
"4abb-c67a-74f4-8ec9-a679-8abb-9992-c14b";"142103";"41";"6";"miasto";"stały";"Gminny Ośrodek Kultury w Brwinowie, ul. T. W. Wilsona 2, 05-840 Brwinów";"gm. Brwinów";"pruszkowski";"mazowieckie";"1090";"1102";"228";"862";"1";"12";"26";"26";"1";"0";"0";"0";"25";"887";"25";"0";"887";"31";"16";"15";"0";"856";"486";"370"
"6dcd-8c24-7c6e-9c99-b8a1-d081-5f8b-146d";"142103";"41";"7";"miasto";"stały";"Przedszkole nr 1 w Brwinowie, ul. S. Lilpopa 4, 05-840 Brwinów";"gm. Brwinów";"pruszkowski";"mazowieckie";"1670";"1797";"301";"1369";"1";"8";"0";"0";"0";"0";"0";"0";"0";"1369";"0";"0";"1369";"65";"26";"39";"0";"1304";"776";"528"
"1adb-109d-bbb6-2624-64a2-83ec-0512-3463";"142103";"41";"8";"miasto";"stały";"Zespół Szkół Ogólnokształcących w Brwinowie, ul. Żwirowa 16, 05-840 Brwinów";"gm. Brwinów";"pruszkowski";"mazowieckie";"910";"1022";"145";"765";"1";"9";"0";"0";"0";"0";"0";"0";"0";"765";"0";"1";"764";"35";"13";"22";"0";"729";"499";"230"
"6f02-8b92-8420-63d1-8a9c-9cad-a45f-0cd3";"142103";"41";"9";"wieś";"stały";"OSP w Biskupicach, Biskupice 51, 05-840 Biskupice";"gm. Brwinów";"pruszkowski";"mazowieckie";"669";"733";"314";"355";"0";"0";"0";"0";"0";"0";"0";"0";"0";"355";"0";"0";"355";"14";"5";"9";"0";"341";"147";"194"
"acbf-23d2-97f3-1c4d-8b5e-ea94-16fb-ce90";"142103";"41";"10";"wieś";"stały";"OSP w Mosznie, Moszna-Wieś 100, 05-840 Moszna-Wieś";"gm. Brwinów";"pruszkowski";"mazowieckie";"750";"828";"230";"520";"0";"2";"0";"0";"0";"0";"0";"0";"0";"520";"0";"0";"520";"14";"7";"7";"0";"506";"234";"272"
"c052-5aa9-97d7-89a1-02e0-51ff-48fd-1a73";"142103";"41";"11";"wieś";"stały";"Dom Gościnny Zalewskich Parzniew, ul. 36 Pułku Piechoty Legii Akademickiej 1, 05-804 Parzniew";"gm. Brwinów";"pruszkowski";"mazowieckie";"1300";"1469";"203";"1097";"1";"8";"0";"0";"0";"0";"0";"0";"0";"1097";"0";"0";"1097";"34";"17";"17";"0";"1063";"767";"296"
"a048-e6e7-49b5-4289-9d59-850f-4abc-7002";"142103";"41";"12";"wieś";"stały";"Ośrodek Rekolekcyjny Kanie, ul. Nadarzyńska 21, 05-805 Kanie";"gm. Brwinów";"pruszkowski";"mazowieckie";"1740";"1924";"166";"1574";"0";"14";"0";"0";"0";"0";"0";"0";"0";"1574";"0";"0";"1574";"50";"27";"23";"0";"1524";"970";"554"
"759b-c034-0374-3e15-fe73-a19c-2f0b-2f1a";"142103";"41";"13";"wieś";"stały";"Świetlica GOK w Otrębusach, ul. Krótka 10, 05-805 Otrębusy";"gm. Brwinów";"pruszkowski";"mazowieckie";"988";"1045";"127";"861";"2";"57";"0";"0";"0";"0";"0";"0";"0";"861";"0";"0";"861";"29";"11";"18";"0";"832";"535";"297"
"33e0-9971-88a9-d10c-e332-6e9c-53f2-95da";"142103";"41";"14";"miasto";"stały";"Szkoła Podstawowa w Otrębusach, ul. dr. M. Piaseckiego 2, 05-805 Otrębusy";"gm. Brwinów";"pruszkowski";"mazowieckie";"979";"1098";"104";"875";"0";"28";"0";"0";"0";"0";"0";"0";"0";"875";"0";"0";"875";"31";"8";"23";"0";"844";"596";"248"
"d559-746a-bfb9-6c87-6dc3-9556-4166-0700";"142103";"41";"15";"wieś";"stały";"Świetlica GOK w Owczarni, ul. Cyprysowa 4, 05-807 Owczarnia";"gm. Brwinów";"pruszkowski";"mazowieckie";"1030";"1151";"151";"879";"1";"7";"0";"0";"0";"0";"0";"0";"0";"878";"0";"0";"878";"24";"10";"14";"0";"854";"562";"292"
"5cfa-0377-633c-04ef-1ec4-f967-5c9d-b29c";"142103";"41";"16";"wieś";"stały";"OSP w Żółwinie, ul. Nadarzyńska 25, 05-807 Żółwin";"gm. Brwinów";"pruszkowski";"mazowieckie";"1169";"1307";"210";"959";"0";"6";"0";"0";"0";"0";"0";"0";"0";"959";"0";"0";"959";"31";"4";"27";"0";"928";"594";"334"
"8632-28c9-9f53-e97e-60f2-2a05-fecf-0462";"142104";"41";"1";"wieś";"stały";"Szkoła Podstawowa w Michałowicach, ul. Szkolna 15 (wejście od ul. Raszyńskiej, korytarz d. gimnazjum), 05-816 Michałowice";"gm. Michałowice";"pruszkowski";"mazowieckie";"1267";"1273";"234";"1032";"0";"6";"0";"0";"0";"0";"0";"0";"0";"1033";"0";"1";"1032";"35";"16";"19";"0";"997";"651";"346"
"08ac-0895-be4c-da3f-b5f7-7a32-07e3-0d6b";"142104";"41";"2";"wieś";"stały";"Szkoła Podstawowa w Michałowicach, ul. Szkolna 15 (wejście od ul. Raszyńskiej, sala Nr 7E), 05-816 Michałowice";"gm. Michałowice";"pruszkowski";"mazowieckie";"1224";"1374";"118";"1106";"0";"6";"0";"0";"0";"0";"0";"0";"0";"1105";"0";"0";"1105";"33";"8";"25";"0";"1072";"686";"386"
"fb58-a5a8-7788-98b7-6e58-8a54-4741-ae2b";"142104";"41";"3";"wieś";"stały";"Szkoła Podstawowa w Michałowicach, ul. Szkolna 15 (korytarz, wejście od ul. Szkolnej), 05-816 Michałowice";"gm. Michałowice";"pruszkowski";"mazowieckie";"1614";"1603";"291";"1323";"2";"26";"0";"0";"0";"0";"0";"0";"0";"1323";"0";"0";"1323";"45";"9";"36";"0";"1278";"829";"449"
"7b43-e6a9-3083-ae26-14fd-d044-ae22-facf";"142104";"41";"4";"wieś";"stały";"Świetlica wiejska, Reguły ul. Wiejska 13, 05-816 Michałowice";"gm. Michałowice";"pruszkowski";"mazowieckie";"1229";"1405";"108";"1119";"2";"15";"0";"0";"0";"0";"0";"0";"0";"1121";"0";"3";"1118";"41";"14";"27";"0";"1077";"718";"359"
"c234-30dc-64c4-7bc9-13d2-0161-8f6d-3422";"142104";"41";"5";"wieś";"stały";"Świetlica wiejska, Pęcice ul. Zaułek 7, 05-806 Komorów";"gm. Michałowice";"pruszkowski";"mazowieckie";"939";"1044";"117";"822";"0";"7";"0";"0";"0";"0";"0";"0";"0";"822";"0";"0";"822";"22";"4";"18";"0";"800";"453";"347"
"57eb-b961-cc87-0e3c-ae75-1c6a-91e4-e098";"142104";"41";"6";"wieś";"stały";"Świetlica wiejska, ul. Kaliszany 18, 05-806 Komorów";"gm. Michałowice";"pruszkowski";"mazowieckie";"680";"712";"113";"567";"0";"3";"0";"0";"0";"0";"0";"0";"0";"567";"0";"0";"567";"15";"3";"12";"0";"552";"357";"195"
"ae69-b402-903a-a869-7d8f-b742-500f-0ce0";"142104";"41";"7";"wieś";"stały";"Zespół Szkół Ogólnokształcących, Aleja Marii Dąbrowskiej 12/20 (korytarz), 05-806 Komorów";"gm. Michałowice";"pruszkowski";"mazowieckie";"1100";"1046";"218";"882";"0";"3";"0";"0";"0";"0";"0";"0";"0";"879";"0";"0";"879";"27";"9";"18";"0";"852";"628";"224"
"9999-e409-f0f4-fa87-fb0c-3087-c94f-ab25";"142104";"41";"8";"wieś";"stały";"Zespół Szkół Ogólnokształcących, Aleja Marii Dąbrowskiej 12/20 (stołówka), 05-806 Komorów";"gm. Michałowice";"pruszkowski";"mazowieckie";"966";"951";"197";"769";"0";"11";"0";"0";"0";"0";"0";"0";"0";"768";"0";"0";"768";"38";"16";"22";"0";"730";"505";"225"
"d664-f224-7567-235a-ef28-a97c-f1e5-3ad5";"142104";"41";"9";"wieś";"stały";"Zespół Szkół Ogólnokształcących, Aleja Marii Dąbrowskiej 12/20 (sala gimnastyczna), 05-806 Komorów";"gm. Michałowice";"pruszkowski";"mazowieckie";"920";"907";"190";"732";"1";"14";"0";"0";"0";"0";"0";"0";"0";"730";"0";"0";"730";"26";"15";"11";"0";"704";"472";"232"
"be72-e546-6e8b-b985-19be-923a-cf68-b63d";"142104";"41";"10";"wieś";"stały";"Świetlica osiedlowa, Granica ul. Czeremchy 1, 05-806 Komorów";"gm. Michałowice";"pruszkowski";"mazowieckie";"1708";"1694";"352";"1353";"2";"15";"0";"0";"0";"0";"0";"0";"0";"1356";"0";"0";"1356";"51";"18";"33";"0";"1305";"845";"460"
"94a5-d059-bd31-1f23-878c-d536-44b4-836d";"142104";"41";"11";"wieś";"stały";"Świetlica wiejska, Nowa Wieś ul. Główna 52B, 05-806 Komorów";"gm. Michałowice";"pruszkowski";"mazowieckie";"1762";"1815";"311";"1451";"0";"0";"0";"0";"0";"0";"0";"0";"0";"1451";"0";"0";"1451";"34";"9";"25";"0";"1417";"879";"538"
"ae58-33a0-cb25-2c88-809c-6d34-2981-e6ea";"142105";"41";"1";"wieś";"stały";"Szkoła Podstawowa w Nadarzynie, ul. Sitarskich 4, 05-830 Nadarzyn";"gm. Nadarzyn";"pruszkowski";"mazowieckie";"1980";"2172";"301";"1679";"1";"19";"0";"0";"0";"0";"0";"0";"0";"1676";"0";"1";"1675";"45";"18";"27";"0";"1630";"1017";"613"
"b132-a673-1e37-2278-de54-3917-01b4-958c";"142105";"41";"2";"wieś";"stały";"Nadarzyński Ośrodek Kultury w Nadarzynie, Plac Poniatowskiego 42, 05-830 Nadarzyn";"gm. Nadarzyn";"pruszkowski";"mazowieckie";"1819";"2031";"246";"1573";"1";"24";"0";"0";"0";"0";"0";"0";"0";"1573";"0";"0";"1573";"54";"25";"29";"0";"1519";"1055";"464"
"03f6-2f9e-2725-cd6f-711c-edf0-822e-e414";"142105";"41";"3";"wieś";"stały";"Remiza Ochotniczej Straży Pożarnej w Nadarzynie, ul. Warszawska 15, 05-830 Nadarzyn";"gm. Nadarzyn";"pruszkowski";"mazowieckie";"1340";"1517";"256";"1084";"3";"31";"0";"0";"0";"0";"0";"0";"0";"1084";"0";"0";"1084";"42";"8";"34";"0";"1042";"690";"352"
"7c53-04f2-95bf-608e-fadf-27a2-9709-3b73";"142105";"41";"4";"wieś";"stały";"Szkoła Podstawowa w Ruścu, Rusiec ul. Osiedlowa 72, 05-830 Nadarzyn";"gm. Nadarzyn";"pruszkowski";"mazowieckie";"1829";"2065";"280";"1549";"2";"16";"0";"0";"0";"0";"0";"0";"0";"1547";"0";"0";"1547";"65";"22";"43";"0";"1482";"966";"516"
"f469-6879-db81-fcb7-54f3-476a-d801-2adb";"142105";"41";"5";"wieś";"stały";"Przedszkole Publiczne w Młochowie, ul. Źródlana 1, 05-831 Młochów";"gm. Nadarzyn";"pruszkowski";"mazowieckie";"1180";"1301";"313";"867";"0";"0";"0";"0";"0";"0";"0";"0";"0";"867";"0";"0";"867";"17";"2";"15";"0";"850";"501";"349"
"7811-bd7d-4b32-a913-102c-a438-48e0-6b85";"142105";"41";"6";"wieś";"stały";"Przedszkole Publiczne w Wolicy, Wolica ul. Przedszkolna 2, 05-830 Nadarzyn";"gm. Nadarzyn";"pruszkowski";"mazowieckie";"700";"764";"106";"594";"0";"3";"0";"0";"0";"0";"0";"0";"0";"593";"0";"0";"593";"7";"1";"6";"0";"586";"324";"262"
"a6f8-31bf-6373-6908-59a3-a2ce-e79a-cf63";"142105";"41";"7";"wieś";"stały";"Świetlica NOK w Rozalinie, Rozalin ul. Młochowska 59, 05-831 Młochów";"gm. Nadarzyn";"pruszkowski";"mazowieckie";"978";"1005";"209";"769";"0";"6";"0";"0";"0";"0";"0";"0";"0";"769";"0";"0";"769";"16";"2";"14";"0";"753";"407";"346"
"5daa-522e-98c6-a172-9a97-d672-53e1-c6a9";"142106";"41";"1";"wieś";"stały";"Szkoła Podstawowa w Sękocinie, Słomin ul. Wierzbowa 5, 05-090 Raszyn";"gm. Raszyn";"pruszkowski";"mazowieckie";"881";"1003";"98";"783";"1";"14";"0";"0";"0";"0";"0";"0";"0";"783";"0";"0";"783";"34";"15";"19";"0";"749";"389";"360"
"4960-d76b-2848-181b-8fd1-5831-9013-f51f";"142106";"41";"2";"wieś";"stały";"Ochotnicza Straż Pożarna w Falentach, Falenty Aleja Hrabska 2, 05-090 Raszyn";"gm. Raszyn";"pruszkowski";"mazowieckie";"1735";"1901";"294";"1441";"1";"10";"0";"0";"0";"0";"0";"0";"0";"1441";"0";"2";"1439";"23";"5";"18";"0";"1416";"760";"656"
"5c1c-247e-8cd6-620a-1b60-94e8-1aa1-effb";"142106";"41";"3";"wieś";"stały";"Szkoła Podstawowa w Ładach, Dawidy Bankowe ul. Długa 49, 05-090 Raszyn";"gm. Raszyn";"pruszkowski";"mazowieckie";"1090";"1234";"129";"961";"0";"15";"0";"0";"0";"0";"0";"0";"0";"959";"0";"0";"959";"40";"13";"27";"0";"919";"589";"330"
"b385-72c8-4a25-4cca-4229-2a66-94b2-ca23";"142106";"41";"4";"wieś";"stały";"Szkoła Podstawowa w Ładach, Dawidy Bankowe Długa 49, 05-090 05 - 090";"gm. Raszyn";"pruszkowski";"mazowieckie";"1004";"1118";"114";"890";"1";"5";"0";"0";"0";"0";"0";"0";"0";"890";"0";"0";"890";"36";"8";"28";"0";"854";"535";"319"
"cd31-f041-1853-9e92-ee95-b6b1-722f-59e9";"142106";"41";"5";"wieś";"stały";"Centrum Kultury Raszyn, al. Krakowska 29 A, 05-090 Raszyn";"gm. Raszyn";"pruszkowski";"mazowieckie";"1339";"1480";"282";"1057";"2";"13";"0";"0";"0";"0";"0";"0";"0";"1057";"0";"0";"1057";"42";"14";"28";"0";"1015";"559";"456"
"6822-9950-fece-88ed-f8db-63db-daf2-a631";"142106";"41";"6";"wieś";"stały";"Centrum Kultury Raszyn, al. Krakowska 29 A, 05-090 Raszyn";"gm. Raszyn";"pruszkowski";"mazowieckie";"1590";"1768";"313";"1275";"0";"17";"0";"0";"0";"0";"0";"0";"0";"1276";"0";"0";"1276";"35";"10";"25";"0";"1241";"585";"656"
"4a27-9709-e021-e964-e7b3-9938-50dc-5c0f";"142106";"41";"7";"wieś";"stały";"Przedszkole nr 1 w Raszynie, ul. Pruszkowska 21 C, 05-090 Raszyn";"gm. Raszyn";"pruszkowski";"mazowieckie";"960";"1058";"210";"750";"1";"0";"0";"0";"0";"0";"0";"0";"0";"750";"0";"0";"750";"23";"0";"23";"0";"727";"374";"353"
"957f-e211-1007-2a9c-a88e-b0ce-e633-a55a";"142106";"41";"8";"wieś";"stały";"Szkoła Podstawowa w Raszynie (Dawne Gimnazjum), ul. Unii Europejskiej 1, 05-090 Raszyn";"gm. Raszyn";"pruszkowski";"mazowieckie";"934";"1050";"169";"765";"0";"22";"0";"0";"0";"0";"0";"0";"0";"765";"0";"3";"762";"25";"9";"16";"0";"737";"455";"282"
"1405-3291-2e09-1974-ca53-d372-33d8-9906";"142106";"41";"9";"wieś";"stały";"Szkoła Podstawowa w Raszynie, Raszyn Szkolna 2, 05-090 05 - 090";"gm. Raszyn";"pruszkowski";"mazowieckie";"1251";"1386";"209";"1042";"0";"22";"0";"0";"0";"0";"0";"0";"0";"1042";"0";"0";"1042";"21";"10";"11";"0";"1021";"581";"440"
"1787-512d-61b6-acc9-a25b-b463-4cd0-c40e";"142106";"41";"10";"wieś";"stały";"Świetlica Środowiskowa w Rybiu, Rybie ul. Spokojna 23, 05-090 Raszyn";"gm. Raszyn";"pruszkowski";"mazowieckie";"1179";"1294";"216";"963";"0";"0";"0";"0";"0";"0";"0";"0";"0";"963";"0";"0";"963";"36";"12";"24";"0";"927";"430";"497"
"62d8-a74f-2d80-8d83-047a-4023-8051-9f5a";"142106";"41";"11";"wieś";"stały";"Świetlica Środowiskowa w Rybiu, Rybie ul. Spokojna 23, 05-090 Raszyn";"gm. Raszyn";"pruszkowski";"mazowieckie";"1030";"1165";"185";"845";"2";"3";"0";"0";"0";"0";"0";"0";"0";"845";"0";"0";"845";"41";"8";"33";"0";"804";"381";"423"
"b5e3-e331-2f7a-92ad-0993-1b0c-c007-4908";"142106";"41";"12";"wieś";"stały";"Świetlica Środowiskowa w Rybiu, Rybie ul. Spokojna 23, 05-090 Raszyn";"gm. Raszyn";"pruszkowski";"mazowieckie";"1398";"1518";"286";"1112";"0";"4";"0";"0";"0";"0";"0";"0";"0";"1112";"0";"0";"1112";"43";"21";"22";"0";"1069";"538";"531"
"6756-30c7-2981-73d8-484a-8374-5424-855d";"142106";"41";"13";"wieś";"stały";"Dom Rolnika w Jaworowej, Jaworowa ul. Warszawska 95, 05-090 Raszyn";"gm. Raszyn";"pruszkowski";"mazowieckie";"569";"625";"121";"448";"1";"0";"0";"0";"0";"0";"0";"0";"0";"448";"0";"0";"448";"12";"3";"9";"0";"436";"236";"200"
"b574-ef0c-44dc-4cbc-08bd-3c08-96d5-3134";"";"44";"89";"zagranica";"zagranica";"Al Asad Air Base (AAAB), Al Asad, Republika Iraku";"";"";"";"-";"-";"-";"-";"-";"-";"-";"-";"-";"-";"-";"-";"-";"-";"-";"-";"-";"-";"-";"-";"-";"-";"-";"-"
"baef-dd2d-5baa-ead8-92bb-be2c-9a51-a1e2";"";"44";"119";"zagranica";"zagranica";"Novo Selo, Camp Maréshal de Lattre de Tassigny Novo Selo/Maxhunaj, Novo Selo/Maxhunaj, Republika Kosowa";"";"";"";"-";"-";"-";"-";"-";"-";"-";"-";"-";"-";"-";"-";"-";"-";"-";"-";"-";"-";"-";"-";"-";"-";"-";"-"
"36ff-c714-1fd9-06a0-b9e4-4cb3-2031-a154";"";"44";"186";"zagranica";"zagranica";"Krajowa, Cercul Militar Craiova Strada Marin Sorescu nr 2 200642 Craiova, Craiova, Rumunia";"";"";"";"-";"-";"-";"-";"-";"-";"-";"-";"-";"-";"-";"-";"-";"-";"-";"-";"-";"-";"-";"-";"-";"-";"-";"-"
"8a16-233c-3cec-586f-4c5b-9e39-863f-1b4c";"";"44";"87";"zagranica";"zagranica";"Irbil, Agencja Konsularna RP Junction of Texas and Hawaii Street, 250, American Village, Khanzad, Irbil, Irbil, Republika Iraku";"";"";"";"-";"-";"-";"-";"-";"-";"-";"-";"-";"-";"-";"-";"-";"-";"-";"-";"-";"-";"-";"-";"-";"-";"-";"-"
"77ff-e659-096f-60b8-dd11-2683-a7fa-42a7";"";"44";"1";"zagranica";"zagranica";"Airfield Building 13982 Disney&California Loop (South), APO AE09354, Bagram, Islamska Republika Afganistanu";"";"";"";"-";"-";"-";"-";"-";"-";"-";"-";"-";"-";"-";"-";"-";"-";"-";"-";"-";"-";"-";"-";"-";"-";"-";"-"
"fa31-6795-b9fb-c775-0559-2e68-10de-652d";"";"44";"88";"zagranica";"zagranica";"At-Taji, Camp Taji Joint Operations Base in Taji, At-Taji, Republika Iraku";"";"";"";"-";"-";"-";"-";"-";"-";"-";"-";"-";"-";"-";"-";"-";"-";"-";"-";"-";"-";"-";"-";"-";"-";"-";"-"
