"Symbol kontrolny";"Kod TERYT";"Okręg";"Numer";"Typ obszaru";"Typ obwodu";"Siedziba";"Gmina";"Powiat";"Województwo";"Komisja otrzymała kart do głosowania";"Liczba wyborców uprawnionych do głosowania";"Nie wykorzystano kart do głosowania";"Liczba wyborców, którym wydano karty do głosowania";"Liczba wyborców głosujących przez pełnomocnika";"Liczba wyborców głosujących na podstawie zaświadczenia o prawie do głosowania";"Liczba wyborców, którym wysłano pakiety wyborcze";"Liczba otrzymanych kopert zwrotnych";"Liczba kopert zwrotnych, w których nie było oświadczenia o osobistym i tajnym oddaniu głosu";"Liczba kopert zwrotnych, w których oświadczenie nie było podpisane";"Liczba kopert zwrotnych, w których nie było koperty na kartę do głosowania";"Liczba kopert zwrotnych, w których znajdowała się niezaklejona koperta na kartę do głosowania";"Liczba kopert na kartę do głosowania wrzuconych do urny";"Liczba kart wyjętych z urny";"W tym liczba kart wyjętych z kopert na kartę do głosowania";"Liczba kart nieważnych";"Liczba kart ważnych";"Liczba głosów nieważnych";"W tym z powodu postawienia znaku „X” obok nazwiska dwóch lub większej liczby kandydatów";"W tym z powodu niepostawienia znaku „X” obok nazwiska żadnego kandydata";"W tym z powodu postawienia znaku „X” wyłącznie obok skreślonego nazwiska kandydata";"Liczba głosów ważnych oddanych łącznie na wszystkich kandydatów";"Robert Adam MAMĄTOW";"Tadeusz NALEWAJK"
"472a-636e-a24d-9691-437a-3f69-291c-6542";"141101";"46";"1";"miasto";"stały";"Szkoła Podstawowa Nr 1, ul. Sportowa 9, 06-200 Maków Mazowiecki";"m. Maków Mazowiecki";"makowski";"mazowieckie";"1080";"1196";"379";"701";"1";"7";"0";"0";"0";"0";"0";"0";"0";"701";"0";"0";"701";"16";"5";"11";"0";"685";"368";"317"
"0197-540c-f6b3-28c9-e21d-2afb-0f3c-f37e";"141101";"46";"2";"miasto";"stały";"Szkoła Podstawowa Nr 2, ul. Gen. Pułaskiego 15, 06-200 Maków Mazowiecki";"m. Maków Mazowiecki";"makowski";"mazowieckie";"1179";"1299";"518";"661";"1";"1";"0";"0";"0";"0";"0";"0";"0";"661";"0";"0";"661";"22";"4";"18";"0";"639";"324";"315"
"3d6e-2c9c-f4e1-ea6d-442e-ce44-f246-cb21";"141101";"46";"3";"miasto";"stały";"Liceum Ogólnokształcące Nr 1, ul. Kopernika 2, 06-200 Maków Mazowiecki";"m. Maków Mazowiecki";"makowski";"mazowieckie";"1647";"1832";"622";"1025";"1";"5";"0";"0";"0";"0";"0";"0";"0";"1025";"0";"0";"1025";"38";"9";"29";"0";"987";"507";"480"
"5442-c49f-614d-42bb-96dd-14ef-e37f-6264";"141101";"46";"4";"miasto";"stały";"Zespół Szkół, ul. Duńskiego Czerwonego Krzyża 3, 06-200 Maków Mazowiecki";"m. Maków Mazowiecki";"makowski";"mazowieckie";"1550";"1725";"444";"1106";"0";"3";"0";"0";"0";"0";"0";"0";"0";"1106";"0";"0";"1106";"35";"12";"23";"0";"1071";"586";"485"
"cdc4-10eb-71fd-168f-0f95-9f59-ecc6-e618";"141101";"46";"5";"miasto";"stały";"Miejski Dom Kultury, ul. Moniuszki 2, 06-200 Maków Mazowiecki";"m. Maków Mazowiecki";"makowski";"mazowieckie";"1452";"1603";"546";"906";"4";"10";"0";"0";"0";"0";"0";"0";"0";"906";"0";"0";"906";"28";"9";"19";"0";"878";"453";"425"
"cf3b-9f50-d9a1-f0ed-afa0-2e85-1e05-ee76";"141101";"46";"6";"miasto";"zakład leczniczy";"Samodzielny Publiczny Zakład Opieki Zdrowotnej Zespół Zakładów w Makowie Mazowieckim, ul. Wincentego Witosa 2, 06-200 Maków Mazowiecki";"m. Maków Mazowiecki";"makowski";"mazowieckie";"153";"211";"100";"53";"0";"0";"0";"0";"0";"0";"0";"0";"0";"53";"0";"0";"53";"0";"0";"0";"0";"53";"38";"15"
"a28c-f18e-3147-e1b1-0b6a-1711-8e22-38aa";"141101";"46";"7";"miasto";"dom pomocy społecznej";"Dom Pomocy Społecznej w Makowie Mazowieckim, ul. Mazowiecka 2, 06-200 Maków Mazowiecki";"m. Maków Mazowiecki";"makowski";"mazowieckie";"36";"43";"13";"23";"0";"0";"0";"0";"0";"0";"0";"0";"0";"23";"0";"0";"23";"1";"0";"1";"0";"22";"17";"5"
"9782-0903-14b1-6e65-94ae-7cd9-0f2c-e777";"141102";"46";"1";"wieś";"stały";"Szkoła Podstawowa im. Marii Konopnickiej w Czerwonce, Czerwonka Włościańska 37A, 06-232 Czerwonka";"gm. Czerwonka";"makowski";"mazowieckie";"929";"1013";"336";"593";"6";"7";"0";"0";"0";"0";"0";"0";"0";"592";"0";"0";"592";"12";"1";"11";"0";"580";"426";"154"
"1bd7-90ba-22ab-6b31-1bbd-f55b-e635-8a09";"141102";"46";"2";"wieś";"stały";"Świetlica Wiejska w Budzynie Walędziętach, Budzyno Walędzięta 31, 06-200 Maków Mazowiecki";"gm. Czerwonka";"makowski";"mazowieckie";"700";"772";"263";"437";"0";"3";"0";"0";"0";"0";"0";"0";"0";"437";"0";"0";"437";"19";"1";"18";"0";"418";"304";"114"
"abf7-e11a-9d5c-220d-1f1e-e713-6984-c779";"141102";"46";"3";"wieś";"stały";"Świetlica Wiejska w Krzyżewo Markach, Krzyżewo-Marki 2A, 06-232 Czerwonka";"gm. Czerwonka";"makowski";"mazowieckie";"140";"152";"67";"73";"0";"0";"0";"0";"0";"0";"0";"0";"0";"73";"0";"0";"73";"2";"0";"2";"0";"71";"61";"10"
"3912-a844-0e6e-887b-e8bf-e7f7-5049-16ce";"141102";"46";"4";"wieś";"stały";"Budynek po byłej Szkole Podstawowej w Gutach Dużych, Guty Duże 42, 06-232 Czerwonka";"gm. Czerwonka";"makowski";"mazowieckie";"171";"187";"71";"100";"2";"0";"0";"0";"0";"0";"0";"0";"0";"100";"0";"0";"100";"1";"0";"1";"0";"99";"76";"23"
"2591-6fc2-fdc1-3d00-228f-c314-9cda-fcee";"141103";"46";"1";"wieś";"stały";"Zespół Szkolno-Przedszkolny w Karniewie, ul. Szkolna 9, 06-425 Karniewo";"gm. Karniewo";"makowski";"mazowieckie";"1760";"1908";"725";"1035";"0";"7";"0";"0";"0";"0";"0";"0";"0";"1035";"0";"0";"1035";"28";"8";"20";"0";"1007";"648";"359"
"fefa-c826-8e36-3e27-b83d-4d13-f03d-9afd";"141103";"46";"2";"wieś";"stały";"Remiza Ochotniczej Straży Pożarnej, Łukowo 71, 06-425 Karniewo";"gm. Karniewo";"makowski";"mazowieckie";"580";"622";"273";"307";"0";"0";"0";"0";"0";"0";"0";"0";"0";"307";"0";"0";"307";"8";"3";"5";"0";"299";"201";"98"
"f8d2-7eaf-8b94-7a28-1ab3-8850-343c-ed8f";"141103";"46";"3";"wieś";"stały";"Szkoła Podstawowa w Romanowie, Romanowo 12, 06-425 Karniewo";"gm. Karniewo";"makowski";"mazowieckie";"710";"786";"274";"436";"3";"0";"0";"0";"0";"0";"0";"0";"0";"436";"0";"0";"436";"9";"6";"3";"0";"427";"295";"132"
"cee6-db1b-d49a-1fb1-d223-4059-8377-3467";"141103";"46";"4";"wieś";"stały";"Szkoła Podstawowa w Szwelicach, Szwelice 66, 06-100 Pułtusk";"gm. Karniewo";"makowski";"mazowieckie";"712";"793";"229";"483";"0";"0";"0";"0";"0";"0";"0";"0";"0";"483";"0";"0";"483";"12";"2";"10";"0";"471";"338";"133"
"9dd1-37f7-4b29-d96e-4002-ad20-c416-7d76";"141104";"46";"1";"wieś";"stały";"Szkoła Podstawowa, ul. Ogrodowa 2A, 06-212 Krasnosielc";"gm. Krasnosielc";"makowski";"mazowieckie";"1262";"1348";"566";"696";"3";"3";"0";"0";"0";"0";"0";"0";"0";"696";"0";"0";"696";"32";"7";"25";"0";"664";"394";"270"
"a524-e3d1-e309-e70a-2c6d-59ac-98de-59ea";"141104";"46";"2";"wieś";"stały";"Gminny Ośrodek Kultury, ul. Rynek 40A, 06-212 Krasnosielc";"gm. Krasnosielc";"makowski";"mazowieckie";"966";"1043";"408";"558";"3";"4";"0";"0";"0";"0";"0";"0";"0";"558";"0";"0";"558";"13";"3";"10";"0";"545";"368";"177"
"7551-74b5-1231-23ce-8bed-5af7-7119-891a";"141104";"46";"3";"wieś";"stały";"Szkoła Podstawowa, Amelin 33, 06-212 Krasnosielc";"gm. Krasnosielc";"makowski";"mazowieckie";"515";"567";"228";"287";"0";"1";"0";"0";"0";"0";"0";"0";"0";"287";"0";"0";"287";"3";"3";"0";"0";"284";"212";"72"
"f9b7-d64f-6c01-fba6-d288-74f8-76de-1a55";"141104";"46";"4";"wieś";"stały";"Budynek byłej Szkoły Podstawowej, Pienice 19, 06-212 Krasnosielc";"gm. Krasnosielc";"makowski";"mazowieckie";"381";"417";"188";"193";"0";"0";"0";"0";"0";"0";"0";"0";"0";"193";"0";"0";"193";"5";"4";"1";"0";"188";"124";"64"
"edd9-1bdd-5d26-24b2-addb-4b9e-b975-7212";"141104";"46";"5";"wieś";"stały";"Szkoła Podstawowa, Drążdżewo 62, 06-214 Krasnosielc";"gm. Krasnosielc";"makowski";"mazowieckie";"1143";"1234";"494";"649";"1";"1";"0";"0";"0";"0";"0";"0";"0";"649";"0";"0";"649";"23";"2";"21";"0";"626";"400";"226"
"d45e-8e92-8af0-5c83-65fa-7632-6fcf-2186";"141104";"46";"6";"wieś";"stały";"Szkoła Podstawowa, Raki 55A, 06-214 Krasnosielc";"gm. Krasnosielc";"makowski";"mazowieckie";"403";"441";"177";"226";"1";"2";"0";"0";"0";"0";"0";"0";"0";"226";"0";"0";"226";"10";"3";"7";"0";"216";"171";"45"
"d213-a2f7-8302-a083-dbfe-ede9-439a-0cde";"141105";"46";"1";"wieś";"stały";"Publiczna Szkoła Podstawowa z Publicznym Przedszkolem, ul. Ostrołęcka 24, 06-231 Młynarze";"gm. Młynarze";"makowski";"mazowieckie";"670";"736";"194";"476";"1";"2";"0";"0";"0";"0";"0";"0";"0";"476";"0";"0";"476";"23";"8";"15";"0";"453";"297";"156"
"7e4b-7572-eb0b-4c6b-3a8f-d89f-2b5a-7a0b";"141105";"46";"2";"wieś";"stały";"Świetlica wiejska, Kołaki 17, 06-231 Młynarze";"gm. Młynarze";"makowski";"mazowieckie";"290";"313";"132";"158";"0";"0";"0";"0";"0";"0";"0";"0";"0";"158";"0";"0";"158";"6";"2";"4";"0";"152";"111";"41"
"6983-39b3-d6a2-3d47-1f1b-1c80-d68f-4293";"141105";"46";"3";"wieś";"stały";"Świetlica wiejska, Rupin 2, 06-231 Młynarze";"gm. Młynarze";"makowski";"mazowieckie";"280";"311";"100";"180";"0";"0";"0";"0";"0";"0";"0";"0";"0";"180";"0";"0";"180";"7";"1";"6";"0";"173";"127";"46"
"0d35-52f3-3355-3098-8aca-505a-bb6a-8059";"141106";"46";"1";"wieś";"stały";"Remiza OSP, Jaciążek 25, 06-210 Płoniawy-Bramura";"gm. Płoniawy-Bramura";"makowski";"mazowieckie";"510";"562";"185";"325";"0";"1";"0";"0";"0";"0";"0";"0";"0";"325";"0";"0";"325";"11";"1";"10";"0";"314";"235";"79"
"1549-dc45-2130-9ffa-b5e2-60ab-badf-0d03";"141106";"46";"2";"wieś";"stały";"Remiza OSP, Stary Podoś 45, 06-210 Płoniawy-Bramura";"gm. Płoniawy-Bramura";"makowski";"mazowieckie";"220";"237";"72";"148";"0";"0";"0";"0";"0";"0";"0";"0";"0";"148";"0";"0";"148";"5";"0";"5";"0";"143";"107";"36"
"8e28-8f1c-27fc-9516-0328-f667-ba30-a7cb";"141106";"46";"3";"wieś";"stały";"Publiczna Szkoła Podstawowa im. Arkadiusza Gołasia w Płoniawach-Bramurze, Płoniawy-Bramura 80A, 06-210 Płoniawy-Bramura";"gm. Płoniawy-Bramura";"makowski";"mazowieckie";"730";"811";"296";"434";"0";"4";"0";"0";"0";"0";"0";"0";"0";"434";"0";"0";"434";"23";"8";"15";"0";"411";"245";"166"
"4420-215e-5a6a-420b-01c8-8fce-4148-d535";"141106";"46";"4";"wieś";"stały";"Publiczna Szkoła Podstawowa im. Św. Stanisława Kostki w Chodkowie Wielkim, Chodkowo Wielkie 29, 06-210 Płoniawy-Bramura";"gm. Płoniawy-Bramura";"makowski";"mazowieckie";"470";"516";"171";"299";"0";"4";"0";"0";"0";"0";"0";"0";"0";"299";"0";"0";"299";"7";"3";"4";"0";"292";"219";"73"
"b12e-f2d6-0930-abfe-543b-2615-745b-6f4a";"141106";"46";"5";"wieś";"stały";"Publiczna Szkoła Podstawowa im. Marii Skłodowskiej-Curie w Krasińcu, Krasiniec 18, 06-211 Płoniawy-Bramura";"gm. Płoniawy-Bramura";"makowski";"mazowieckie";"930";"1021";"455";"475";"0";"0";"0";"0";"0";"0";"0";"0";"0";"475";"0";"0";"475";"12";"2";"10";"0";"463";"329";"134"
"d18a-2da1-4176-2fe7-ce5e-5cd2-c0e0-b5b8";"141106";"46";"6";"wieś";"stały";"Publiczna Szkoła Podstawowa im. Bohaterów Września w Węgrzynowie, Węgrzynowo 150, 06-211 Płoniawy-Bramura";"gm. Płoniawy-Bramura";"makowski";"mazowieckie";"660";"719";"302";"358";"0";"1";"0";"0";"0";"0";"0";"0";"0";"358";"0";"0";"358";"12";"4";"8";"0";"346";"224";"122"
"f321-d249-654c-59a2-faee-5f7d-e7ce-cfda";"141106";"46";"7";"wieś";"stały";"Świetlica wiejska, Kobylinek, 06-211 Płoniawy-Bramura";"gm. Płoniawy-Bramura";"makowski";"mazowieckie";"280";"314";"119";"161";"0";"0";"0";"0";"0";"0";"0";"0";"0";"161";"0";"0";"161";"5";"1";"4";"0";"156";"117";"39"
"53c8-8932-d695-d046-8fd4-7fdf-0bae-321d";"141106";"46";"8";"wieś";"stały";"Remiza OSP w Zawadach Dworskich, Zawady Dworskie 32A, 06-210 Płoniawy-Bramura";"gm. Płoniawy-Bramura";"makowski";"mazowieckie";"240";"261";"104";"136";"0";"0";"0";"0";"0";"0";"0";"0";"0";"136";"0";"0";"136";"4";"0";"4";"0";"132";"107";"25"
"9687-7fa7-7b82-d835-846b-1fc7-773c-c77f";"141107";"46";"1";"miasto";"stały";"Gminny Ośrodek Upowszechniania Kultury w Różanie, ul. Mickiewicza 5, 06-230 Różan";"gm. Różan";"makowski";"mazowieckie";"1059";"1162";"361";"697";"2";"3";"0";"0";"0";"0";"0";"0";"0";"698";"0";"0";"698";"26";"8";"18";"0";"672";"381";"291"
"748c-e2b5-ee03-6168-1d26-aeb1-4a53-23cb";"141107";"46";"2";"miasto";"stały";"Urząd Gminy w Różanie (sala konferencyjna), Plac Obrońców Różana 4, 06-230 Różan";"gm. Różan";"makowski";"mazowieckie";"933";"1033";"337";"596";"2";"26";"0";"0";"0";"0";"0";"0";"0";"596";"0";"0";"596";"10";"1";"9";"0";"586";"344";"242"
"d503-bda9-acf4-6344-b9b1-68e0-1c58-c32c";"141107";"46";"3";"wieś";"stały";"Dom Dziennego Pobytu w Różanie, ul. Gdańska 4/3, 06-230 Różan";"gm. Różan";"makowski";"mazowieckie";"1251";"1386";"480";"771";"0";"10";"0";"0";"0";"0";"0";"0";"0";"771";"0";"0";"771";"15";"2";"13";"0";"756";"470";"286"
"2549-72be-89f1-5a48-5dd2-e014-de40-f060";"141108";"46";"1";"wieś";"stały";"Publiczna Szkoła Podstawowa im. Armii Krajowej, Rzewnie 3, 06-225 Rzewnie";"gm. Rzewnie";"makowski";"mazowieckie";"1143";"1265";"335";"808";"0";"20";"0";"0";"0";"0";"0";"0";"0";"808";"0";"0";"808";"27";"5";"22";"0";"781";"523";"258"
"fad3-1c4f-b138-9331-ae53-c44c-486f-5c8b";"141108";"46";"2";"wieś";"stały";"budynek po Publicznej Szkole Podstawowej, Łachy Włościańskie 10, 06-225 Rzewnie";"gm. Rzewnie";"makowski";"mazowieckie";"513";"582";"192";"321";"0";"8";"0";"0";"0";"0";"0";"0";"0";"321";"0";"0";"321";"8";"0";"8";"0";"313";"199";"114"
"2581-7733-fba1-84d4-1188-ac9b-b539-4b04";"141108";"46";"3";"wieś";"stały";"Świetlica wiejska, Nowy Sielc 42, 06-225 Rzewnie";"gm. Rzewnie";"makowski";"mazowieckie";"321";"355";"108";"213";"0";"2";"0";"0";"0";"0";"0";"0";"0";"213";"0";"0";"213";"5";"0";"5";"0";"208";"152";"56"
"481d-3f15-c75b-2a58-4f50-df6d-40b1-2965";"141109";"46";"1";"wieś";"stały";"Zespół Placówek Oświatowych w Sypniewie, Wł. Broniewskiego 2A, 06-216 Sypniewo";"gm. Sypniewo";"makowski";"mazowieckie";"1010";"1110";"319";"691";"2";"3";"0";"0";"0";"0";"0";"0";"0";"691";"0";"0";"691";"16";"6";"10";"0";"675";"444";"231"
"0c36-dea4-bf46-e993-4101-d925-cfe8-72e4";"141109";"46";"2";"wieś";"stały";"Szkoła Podstawowa w Maminie, Mamino 43, 06-216 Sypniewo";"gm. Sypniewo";"makowski";"mazowieckie";"180";"195";"78";"102";"0";"0";"0";"0";"0";"0";"0";"0";"0";"102";"0";"0";"102";"0";"0";"0";"0";"102";"72";"30"
"b57c-ed84-a9d5-7966-a075-85b5-c92c-2559";"141109";"46";"3";"wieś";"stały";"Świetlica Wiejska w Rawach, Rawy 32, 06-213 Sypniewo";"gm. Sypniewo";"makowski";"mazowieckie";"210";"221";"73";"137";"0";"0";"0";"0";"0";"0";"0";"0";"0";"137";"0";"0";"137";"2";"0";"2";"0";"135";"115";"20"
"814a-0f8f-6499-1221-ea60-b93f-7572-af3d";"141109";"46";"4";"wieś";"stały";"Szkoła Podstawowa w Gąsewie Poduchownym, Gąsewo Poduchowne Władysława Stanisława Reymonta 12A, 06-213 Sypniewo";"gm. Sypniewo";"makowski";"mazowieckie";"1000";"1079";"359";"641";"1";"1";"0";"0";"0";"0";"0";"0";"0";"641";"0";"0";"641";"18";"4";"14";"0";"623";"437";"186"
"59d5-12e3-473a-3272-3066-3232-c520-d400";"141110";"46";"1";"wieś";"stały";"Gminne Centrum Kultury, Czytelnictwa i Sportu, Stary Szelków 35A, 06-220 Stary Szelków";"gm. Szelków";"makowski";"mazowieckie";"930";"1019";"329";"601";"1";"8";"0";"0";"0";"0";"0";"0";"0";"601";"0";"0";"601";"10";"1";"9";"0";"591";"397";"194"
"1083-4f85-ce14-1b52-a3d4-8724-5fa5-c3a8";"141110";"46";"2";"wieś";"stały";"Świetlica wiejska, Makowica 41, 06-200 Maków Mazowiecki";"gm. Szelków";"makowski";"mazowieckie";"510";"560";"220";"290";"0";"1";"0";"0";"0";"0";"0";"0";"0";"289";"0";"0";"289";"5";"0";"5";"0";"284";"162";"122"
"719a-d09a-1c7e-912a-f57e-1c8e-0a71-9760";"141110";"46";"3";"wieś";"stały";"Świetlica OSP, Pomaski Wielkie 5, 06-200 Maków Mazowiecki";"gm. Szelków";"makowski";"mazowieckie";"210";"228";"64";"146";"0";"1";"0";"0";"0";"0";"0";"0";"0";"146";"0";"0";"146";"4";"2";"2";"0";"142";"94";"48"
"584a-d259-c3ad-658e-31a4-692a-2d2e-94d5";"141110";"46";"4";"wieś";"stały";"Świetlica wiejska, Przeradowo 23, 06-220 Stary Szelków";"gm. Szelków";"makowski";"mazowieckie";"310";"344";"84";"226";"0";"5";"0";"0";"0";"0";"0";"0";"0";"226";"0";"0";"226";"6";"3";"3";"0";"220";"152";"68"
"007e-43ba-ad4b-eb5d-b017-cca6-c555-2685";"141110";"46";"5";"wieś";"stały";"Świetlica wiejska, Ciepielewo 66, 06-220 Stary Szelków";"gm. Szelków";"makowski";"mazowieckie";"340";"364";"130";"210";"0";"0";"0";"0";"0";"0";"0";"0";"0";"210";"0";"0";"210";"5";"2";"3";"0";"205";"149";"56"
"b24d-e429-05b1-dfc3-6864-552c-6b8a-33e6";"141110";"46";"6";"wieś";"stały";"Budynek gminny w Nowym Strachocinie, Nowy Strachocin 22, 06-220 Stary Szelków";"gm. Szelków";"makowski";"mazowieckie";"170";"186";"79";"91";"0";"3";"0";"0";"0";"0";"0";"0";"0";"91";"0";"0";"91";"4";"0";"4";"0";"87";"60";"27"
"1c13-2c51-1f3e-a652-cdd6-b24a-9f05-0984";"141110";"46";"7";"wieś";"stały";"Świetlica wiejska, Dzierżanowo 53, 06-200 Maków Mazowiecki";"gm. Szelków";"makowski";"mazowieckie";"190";"205";"85";"105";"0";"0";"0";"0";"0";"0";"0";"0";"0";"105";"0";"0";"105";"1";"0";"1";"0";"104";"79";"25"
"7606-12d9-449c-7113-1e25-143e-93c1-727a";"141501";"46";"1";"wieś";"stały";"Szkoła Podstawowa im. Jana Pawła II, Niepodległości 27A, 06-320 Baranowo";"gm. Baranowo";"ostrołęcki";"mazowieckie";"1294";"1393";"524";"770";"1";"0";"0";"0";"0";"0";"0";"0";"0";"770";"0";"0";"770";"14";"2";"12";"0";"756";"419";"337"
"a186-be07-5e70-1249-5fc7-7e0c-7588-b110";"141501";"46";"2";"wieś";"stały";"Szkoła Podstawowa, Jastrząbka 33, 06-320 Baranowo";"gm. Baranowo";"ostrołęcki";"mazowieckie";"520";"563";"238";"282";"0";"0";"0";"0";"0";"0";"0";"0";"0";"282";"0";"0";"282";"7";"1";"6";"0";"275";"194";"81"
"db0c-461e-5275-220c-d918-0af1-9536-1fa1";"141501";"46";"3";"wieś";"stały";"Remizo-świetlica, Cierpięta 7, 06-320 Baranowo";"gm. Baranowo";"ostrołęcki";"mazowieckie";"520";"558";"246";"274";"0";"1";"0";"0";"0";"0";"0";"0";"0";"274";"0";"0";"274";"10";"0";"10";"0";"264";"180";"84"
"f2d5-bf95-e3a0-f2a5-ccb6-064c-30ee-95e6";"141501";"46";"4";"wieś";"stały";"Remiza Strażacka, Brodowe Łąki 30, 06-320  Baranowo";"gm. Baranowo";"ostrołęcki";"mazowieckie";"1054";"1145";"501";"553";"2";"1";"0";"0";"0";"0";"0";"0";"0";"553";"0";"0";"553";"10";"2";"8";"0";"543";"370";"173"
"0f26-b275-0d28-0f88-cf8b-738e-406c-195b";"141501";"46";"5";"wieś";"stały";"Szkoła Podstawowa Bakuła-Ziomek, Ziomek 1, 06-320 Baranowo";"gm. Baranowo";"ostrołęcki";"mazowieckie";"403";"451";"176";"227";"0";"0";"0";"0";"0";"0";"0";"0";"0";"227";"0";"0";"227";"7";"3";"4";"0";"220";"155";"65"
"90d3-684e-07ba-875f-5d39-0dd3-4fdd-9abf";"141501";"46";"6";"wieś";"stały";"Zespół Szkół Powiatowych, ul. Niepodległości 27, 06-320 Baranowo";"gm. Baranowo";"ostrołęcki";"mazowieckie";"1003";"1103";"483";"520";"3";"3";"0";"0";"0";"0";"0";"0";"0";"520";"0";"0";"520";"14";"1";"13";"0";"506";"350";"156"
"7d39-f622-a361-e223-44b6-7492-3514-3eaf";"141502";"46";"1";"wieś";"stały";"Szkoła Podstawowa, Czarnia 42, 07-431 Czarnia";"gm. Czarnia";"ostrołęcki";"mazowieckie";"645";"693";"332";"313";"0";"2";"0";"0";"0";"0";"0";"0";"0";"313";"0";"0";"313";"7";"0";"7";"0";"306";"185";"121"
"d889-a01b-0700-7cf7-7d06-c802-786f-7b5e";"141502";"46";"2";"wieś";"stały";"Remizo-Świetlica, Bandysie 33a, 07-431 Czarnia";"gm. Czarnia";"ostrołęcki";"mazowieckie";"251";"271";"128";"123";"0";"0";"0";"0";"0";"0";"0";"0";"0";"123";"0";"0";"123";"3";"2";"1";"0";"120";"90";"30"
"47f6-5e20-e58f-3a47-fce5-ac8f-d6ed-bf41";"141502";"46";"3";"wieś";"stały";"Szkoła Podstawowa, Długie 13, 07-431 Czarnia";"gm. Czarnia";"ostrołęcki";"mazowieckie";"172";"200";"75";"97";"0";"0";"0";"0";"0";"0";"0";"0";"0";"97";"0";"0";"97";"4";"0";"4";"0";"93";"65";"28"
"9655-9f2a-bfde-7015-c7f7-438d-7d69-6c69";"141502";"46";"4";"wieś";"stały";"Szkoła Podstawowa, Surowe 194, 07-431 Czarnia";"gm. Czarnia";"ostrołęcki";"mazowieckie";"730";"785";"344";"386";"0";"0";"0";"0";"0";"0";"0";"0";"0";"386";"0";"0";"386";"7";"1";"6";"0";"379";"292";"87"
"e607-d318-2641-ce8f-f37b-9ad6-90ca-2600";"141503";"46";"1";"wieś";"stały";"Szkoła Podstawowa, ul. Szkolna 5, 07-407 Czerwin";"gm. Czerwin";"ostrołęcki";"mazowieckie";"1530";"1680";"559";"971";"3";"3";"0";"0";"0";"0";"0";"0";"0";"971";"0";"0";"971";"16";"2";"14";"0";"955";"654";"301"
"3a77-a3ef-9448-e25d-2134-1bd5-4362-ab7a";"141503";"46";"2";"wieś";"stały";"Remiza OSP, Jarnuty, 07-407 Czerwin";"gm. Czerwin";"ostrołęcki";"mazowieckie";"222";"247";"104";"118";"0";"6";"0";"0";"0";"0";"0";"0";"0";"118";"0";"0";"118";"1";"0";"1";"0";"117";"81";"36"
"21da-4a39-f2d4-29a5-5ea8-7231-4fb7-cab1";"141503";"46";"3";"wieś";"stały";"Remiza OSP, Suchcice ul. Zadworska 2, 07-407 Czerwin";"gm. Czerwin";"ostrołęcki";"mazowieckie";"180";"205";"72";"108";"0";"2";"0";"0";"0";"0";"0";"0";"0";"108";"0";"0";"108";"1";"0";"1";"0";"107";"65";"42"
"121b-6fed-e87e-5a8d-ba76-613d-85a6-c666";"141503";"46";"4";"wieś";"stały";"Szkoła Podstawowa, Laski Szlacheckie 35A, 07-407 Czerwin";"gm. Czerwin";"ostrołęcki";"mazowieckie";"480";"530";"195";"285";"5";"0";"0";"0";"0";"0";"0";"0";"0";"285";"0";"0";"285";"1";"0";"1";"0";"284";"205";"79"
"075b-f53e-fc62-2764-94a6-61b1-a49d-16af";"141503";"46";"5";"wieś";"stały";"Szkoła Podstawowa, Piski ul. Juliusza Słowackiego 22, 07-407 Czerwin";"gm. Czerwin";"ostrołęcki";"mazowieckie";"826";"919";"323";"503";"3";"0";"0";"0";"0";"0";"0";"0";"0";"503";"0";"0";"503";"5";"0";"5";"0";"498";"418";"80"
"94b1-017c-7416-6bfb-b210-ea62-5c9a-46e3";"141503";"46";"6";"wieś";"stały";"Remiza OSP, Malinowo Nowe 14, 07-407 Czerwin";"gm. Czerwin";"ostrołęcki";"mazowieckie";"221";"247";"95";"126";"0";"3";"0";"0";"0";"0";"0";"0";"0";"126";"0";"0";"126";"3";"0";"3";"0";"123";"82";"41"
"7fb1-ee9f-c1cd-fd5a-fde3-1115-84ea-85c3";"141503";"46";"7";"wieś";"stały";"Remiza OSP, Gocły, 07-407 Czerwin";"gm. Czerwin";"ostrołęcki";"mazowieckie";"299";"324";"118";"181";"1";"1";"0";"0";"0";"0";"0";"0";"0";"181";"0";"0";"181";"5";"0";"5";"0";"176";"135";"41"
"a898-8247-fa9d-7ee3-670e-2581-a0a3-e564";"141504";"46";"1";"wieś";"stały";"Szkoła Podstawowa Goworowo, Goworówek 43a, 07-440 Goworowo";"gm. Goworowo";"ostrołęcki";"mazowieckie";"1529";"1649";"634";"895";"7";"2";"0";"0";"0";"0";"0";"0";"0";"894";"0";"0";"894";"48";"10";"38";"0";"846";"547";"299"
"47df-ef7d-117e-3977-5385-9bd7-5677-4fb5";"141504";"46";"2";"wieś";"stały";"Gminny Ośrodek Kultury, Sportu i Rekreacji, ul. Szkolna 16a, 07-440 Goworowo";"gm. Goworowo";"ostrołęcki";"mazowieckie";"1193";"1281";"632";"561";"4";"5";"0";"0";"0";"0";"0";"0";"0";"560";"0";"0";"560";"26";"5";"21";"0";"534";"348";"186"
"e720-28ca-2423-8fd4-ce66-275d-5f99-f596";"141504";"46";"3";"wieś";"stały";"Szkoła Podstawowa, Pasieki ul. Szkolna 2, 07-440 Goworowo";"gm. Goworowo";"ostrołęcki";"mazowieckie";"823";"894";"430";"393";"0";"1";"0";"0";"0";"0";"0";"0";"0";"393";"0";"0";"393";"17";"4";"13";"0";"376";"292";"84"
"b3dc-b468-56f9-9576-75ea-d03f-18a3-16aa";"141504";"46";"4";"wieś";"stały";"Szkoła Podstawowa, Kunin 22a, 07-440 Goworowo";"gm. Goworowo";"ostrołęcki";"mazowieckie";"802";"884";"351";"451";"0";"4";"0";"0";"0";"0";"0";"0";"0";"451";"0";"0";"451";"14";"2";"12";"0";"437";"306";"131"
"ce52-2cc1-46eb-4d7e-b32d-985c-2e38-b822";"141504";"46";"5";"wieś";"stały";"Remiza OSP, Kruszewo 53, 07-440 Goworowo";"gm. Goworowo";"ostrołęcki";"mazowieckie";"443";"477";"177";"266";"0";"3";"0";"0";"0";"0";"0";"0";"0";"266";"0";"0";"266";"9";"7";"2";"0";"257";"192";"65"
"c015-4b79-2faf-f78a-3033-dcf2-5443-7de2";"141504";"46";"6";"wieś";"stały";"Filia Gminnej Biblioteki Publicznej, Żabin 100, 07-440 Goworowo";"gm. Goworowo";"ostrołęcki";"mazowieckie";"702";"776";"304";"398";"2";"1";"0";"0";"0";"0";"0";"0";"0";"398";"0";"0";"398";"16";"3";"13";"0";"382";"288";"94"
"b030-bf8c-d6e9-6d27-a01d-b8fe-1776-dda0";"141504";"46";"7";"wieś";"stały";"Świetlica, Brzeźno 37A, 07-440 Goworowo";"gm. Goworowo";"ostrołęcki";"mazowieckie";"372";"403";"154";"218";"1";"5";"0";"0";"0";"0";"0";"0";"0";"218";"0";"0";"218";"7";"1";"6";"0";"211";"152";"59"
"2557-c56a-72f3-920d-a662-9f58-3946-dd17";"141504";"46";"8";"wieś";"stały";"Ośrodek Edukacji Regionalnej, Lipianka 37a, 07-440 Goworowo";"gm. Goworowo";"ostrołęcki";"mazowieckie";"321";"353";"123";"198";"0";"0";"0";"0";"0";"0";"0";"0";"0";"198";"0";"0";"198";"11";"2";"9";"0";"187";"136";"51"
"0df9-ea66-87ea-48b1-41ee-37cf-0601-f088";"141505";"46";"1";"wieś";"stały";"Budynek Zespołu Placówek Oświatowych (świetlica szkolna), ul. Kościuszki 13, 07-420 Kadzidło";"gm. Kadzidło";"ostrołęcki";"mazowieckie";"470";"504";"150";"320";"0";"7";"0";"0";"0";"0";"0";"0";"0";"320";"0";"0";"320";"6";"4";"2";"0";"314";"184";"130"
"53af-ca59-b124-f3a0-2726-5734-02bc-70a1";"141505";"46";"2";"wieś";"stały";"Budynek Zespołu Placówek Oświatowych (sala gimnastyczna), ul. Kościuszki 13, 07-420 Kadzidło";"gm. Kadzidło";"ostrołęcki";"mazowieckie";"491";"523";"220";"271";"1";"0";"0";"0";"0";"0";"0";"0";"0";"271";"0";"0";"271";"7";"0";"7";"0";"264";"142";"122"
"9a87-73e1-b70d-0097-8716-9cfc-7636-717d";"141505";"46";"3";"wieś";"stały";"Budynek Zespołu Placówek Oświatowych (sala lekcyjna), ul. Kościuszki 13, 07-420 Kadzidło";"gm. Kadzidło";"ostrołęcki";"mazowieckie";"561";"613";"209";"352";"0";"2";"0";"0";"0";"0";"0";"0";"0";"352";"0";"0";"352";"9";"0";"9";"0";"343";"194";"149"
"e71e-1254-533e-0985-a834-1e3e-36bf-184a";"141505";"46";"4";"wieś";"stały";"Budynek Zespołu Placówek Oświatowych (sala lekcyjna), ul. Kościuszki 13, 07-420 Kadzidło";"gm. Kadzidło";"ostrołęcki";"mazowieckie";"471";"503";"203";"268";"0";"0";"0";"0";"0";"0";"0";"0";"0";"268";"0";"0";"268";"8";"2";"6";"0";"260";"167";"93"
"f0b8-59de-1cb7-a9ab-b851-da05-8ce5-66b5";"141505";"46";"5";"wieś";"stały";"Budynek Zespołu Placówek Oświatowych (sala lekcyjna), ul. Kościuszki 13, 07-420 Kadzidło";"gm. Kadzidło";"ostrołęcki";"mazowieckie";"681";"744";"223";"458";"0";"0";"0";"0";"0";"0";"0";"0";"0";"458";"0";"0";"458";"16";"6";"10";"0";"442";"263";"179"
"c1fa-a0f4-bc15-b7fe-73c5-9337-16b2-28f2";"141505";"46";"6";"wieś";"stały";"Budynek Zespołu Placówek Oświatowych (sala lekcyjna), ul. Kościuszki 13, 07-420 Kadzidło";"gm. Kadzidło";"ostrołęcki";"mazowieckie";"473";"508";"167";"306";"0";"2";"0";"0";"0";"0";"0";"0";"0";"306";"0";"0";"306";"12";"3";"9";"0";"294";"164";"130"
"f2f5-bbe2-afbf-2299-cf0d-e7d1-98e3-f8ca";"141505";"46";"7";"wieś";"stały";"Budynek Zespołu Placówek Oświatowych (sala lekcyjna), ul. Kościuszki 13, 07-420 Kadzidło";"gm. Kadzidło";"ostrołęcki";"mazowieckie";"683";"738";"305";"378";"0";"2";"0";"0";"0";"0";"0";"0";"0";"378";"0";"0";"378";"13";"2";"11";"0";"365";"261";"104"
"f694-7d53-2eb6-8a20-cac4-c7ba-fd38-67a4";"141505";"46";"8";"wieś";"stały";"Hala Sportowa w Dylewie, Dylewo ul. Szkolna 1, 07-420 Kadzidło";"gm. Kadzidło";"ostrołęcki";"mazowieckie";"683";"749";"297";"386";"1";"0";"0";"0";"0";"0";"0";"0";"0";"386";"0";"0";"386";"14";"2";"12";"0";"372";"268";"104"
"a0f0-6d17-2c9b-1a9b-4361-abdd-4e8d-ce6b";"141505";"46";"9";"wieś";"stały";"Hala Sportowa w Dylewie, Dylewo ul. Szkolna 1, 07-420 Kadzidło";"gm. Kadzidło";"ostrołęcki";"mazowieckie";"494";"537";"207";"287";"0";"0";"0";"0";"0";"0";"0";"0";"0";"287";"0";"0";"287";"9";"3";"6";"0";"278";"209";"69"
"e329-47b4-e814-9701-c051-77ea-8c36-8ee7";"141505";"46";"10";"wieś";"stały";"Budynek Zespołu Szkół, Chudek 36, 07-420 Kadzidło";"gm. Kadzidło";"ostrołęcki";"mazowieckie";"507";"544";"216";"291";"0";"0";"0";"0";"0";"0";"0";"0";"0";"291";"0";"0";"291";"6";"0";"6";"0";"285";"226";"59"
"9ce7-f745-8f16-90f3-2689-095e-62ab-ce96";"141505";"46";"11";"wieś";"stały";"Budynek Szkoły Podstawowej, Gleba 37B, 07-420 Kadzidło";"gm. Kadzidło";"ostrołęcki";"mazowieckie";"452";"499";"201";"251";"0";"1";"0";"0";"0";"0";"0";"0";"0";"251";"0";"0";"251";"11";"1";"10";"0";"240";"176";"64"
"1372-2358-48da-3f20-d0df-cb8e-9875-ce39";"141505";"46";"12";"wieś";"stały";"Budynek Świetlicy Wiejskiej, Strzałki 15, 07-420 Kadzidło";"gm. Kadzidło";"ostrołęcki";"mazowieckie";"453";"494";"207";"246";"0";"0";"0";"0";"0";"0";"0";"0";"0";"246";"0";"0";"246";"9";"1";"8";"0";"237";"187";"50"
"fa33-2a4b-055d-3586-64b4-13c1-0704-9506";"141505";"46";"13";"wieś";"stały";"Budynek Zespołu Szkół, Wach 96, 07-420 Kadzidło";"gm. Kadzidło";"ostrołęcki";"mazowieckie";"766";"833";"411";"355";"0";"5";"0";"0";"0";"0";"0";"0";"0";"355";"0";"0";"355";"14";"4";"10";"0";"341";"254";"87"
"f554-c4e4-6fe0-b7a6-b6ad-06aa-392c-d7d6";"141505";"46";"14";"wieś";"stały";"Budynek Szkoły Podstawowej, Jazgarka 54, 07-420 Kadzidło";"gm. Kadzidło";"ostrołęcki";"mazowieckie";"536";"579";"292";"244";"0";"0";"0";"0";"0";"0";"0";"0";"0";"244";"0";"0";"244";"6";"1";"5";"0";"238";"179";"59"
"fdc8-4774-d72b-9c87-3a62-9e4a-1360-a8d3";"141505";"46";"15";"wieś";"stały";"Budynek Szkoły Podstawowej, Czarnia 67, 07-420 Kadzidło";"gm. Kadzidło";"ostrołęcki";"mazowieckie";"441";"483";"196";"245";"0";"2";"0";"0";"0";"0";"0";"0";"0";"245";"0";"0";"245";"11";"0";"11";"0";"234";"158";"76"
"e52f-e7e6-d7c2-caf0-2de5-886f-de59-4b42";"141506";"46";"1";"wieś";"stały";"Centrum Kultury-Biblioteki i Sportu, ul. Szkolna 48, 07-402 Lelis";"gm. Lelis";"ostrołęcki";"mazowieckie";"1594";"1725";"617";"977";"0";"1";"0";"0";"0";"0";"0";"0";"0";"977";"0";"0";"977";"32";"5";"27";"0";"945";"573";"372"
"aa99-f788-7a3b-07c6-ed77-5c2e-569e-ded6";"141506";"46";"2";"wieś";"stały";"Szkoła Podstawowa, Nasiadki 37, 07-402 Lelis";"gm. Lelis";"ostrołęcki";"mazowieckie";"573";"611";"240";"333";"1";"0";"0";"0";"0";"0";"0";"0";"0";"333";"0";"0";"333";"6";"0";"6";"0";"327";"259";"68"
"4f6a-9242-d1f0-3b6a-3d5c-0eb1-1f09-6789";"141506";"46";"3";"wieś";"stały";"Szkoła Podstawowa, Olszewka 24a, 07-402 Lelis";"gm. Lelis";"ostrołęcki";"mazowieckie";"570";"630";"183";"387";"0";"1";"0";"0";"0";"0";"0";"0";"0";"387";"0";"0";"387";"16";"5";"11";"0";"371";"232";"139"
"0d36-4967-4859-1b65-77d9-c935-5fa7-756e";"141506";"46";"4";"wieś";"stały";"Szkoła Podstawowa, Łęg Przedmiejski 80, 07-402 Lelis";"gm. Lelis";"ostrołęcki";"mazowieckie";"1183";"1294";"489";"694";"0";"3";"0";"0";"0";"0";"0";"0";"0";"694";"0";"0";"694";"24";"5";"19";"0";"670";"504";"166"
"0193-68cc-544c-aa3b-b029-13fc-387a-4609";"141506";"46";"5";"wieś";"stały";"Szkoła Podstawowa, Dąbrówka 55, 07-402 Lelis";"gm. Lelis";"ostrołęcki";"mazowieckie";"692";"767";"279";"413";"0";"2";"0";"0";"0";"0";"0";"0";"0";"413";"0";"0";"413";"11";"7";"4";"0";"402";"310";"92"
"6e42-8760-a1a9-03af-ddf9-c669-6277-292c";"141506";"46";"6";"wieś";"stały";"Szkoła Podstawowa, Łęg Starościński 23, 07-402 Lelis";"gm. Lelis";"ostrołęcki";"mazowieckie";"540";"582";"203";"337";"0";"0";"0";"0";"0";"0";"0";"0";"0";"337";"0";"0";"337";"9";"3";"6";"0";"328";"245";"83"
"971a-da61-dc07-1996-e4d6-fe08-7add-e295";"141506";"46";"7";"wieś";"stały";"Szkoła Podstawowa, Obierwia 120, 07-402 Lelis";"gm. Lelis";"ostrołęcki";"mazowieckie";"657";"720";"240";"417";"1";"1";"0";"0";"0";"0";"0";"0";"0";"417";"0";"0";"417";"15";"12";"3";"0";"402";"278";"124"
"dba5-029a-7666-44eb-6c51-613b-9582-e5e4";"141506";"46";"8";"wieś";"stały";"Szkoła Podstawowa, Białobiel ul. Szkolna 1, 07-402 Lelis";"gm. Lelis";"ostrołęcki";"mazowieckie";"970";"1067";"273";"697";"0";"0";"0";"0";"0";"0";"0";"0";"0";"697";"0";"0";"697";"16";"3";"13";"0";"681";"409";"272"
"a6e5-4166-f46f-8556-63fa-761b-da12-90a1";"141507";"46";"1";"wieś";"stały";"Szkoła Podstawowa w Łączkach, Łączki 103, 07-438 Zalas";"gm. Łyse";"ostrołęcki";"mazowieckie";"362";"397";"175";"187";"0";"0";"0";"0";"0";"0";"0";"0";"0";"187";"0";"0";"187";"4";"0";"4";"0";"183";"136";"47"
"1e17-36bc-7792-eade-c5d1-1b5b-4552-8913";"141507";"46";"2";"wieś";"stały";"Szkoła Podstawowa w Warmiaku, Warmiak 16, 07-438 Zalas";"gm. Łyse";"ostrołęcki";"mazowieckie";"390";"418";"183";"207";"0";"0";"0";"0";"0";"0";"0";"0";"0";"207";"0";"0";"207";"5";"0";"5";"0";"202";"160";"42"
"623c-ba13-d8af-22a1-22b1-b544-352f-e234";"141507";"46";"3";"wieś";"stały";"Szkoła Podstawowa w Zalasiu, Zalas 1, 07-438 Zalas";"gm. Łyse";"ostrołęcki";"mazowieckie";"743";"809";"319";"424";"0";"1";"0";"0";"0";"0";"0";"0";"0";"424";"0";"0";"424";"8";"0";"8";"0";"416";"335";"81"
"2a59-1eec-f7df-42d3-8f88-9117-641c-beb6";"141507";"46";"4";"wieś";"stały";"Ochotnicza Straż Pożarna w Łysych, ul. Kościelna 19, 07-437 Łyse";"gm. Łyse";"ostrołęcki";"mazowieckie";"1116";"1205";"550";"566";"0";"2";"0";"0";"0";"0";"0";"0";"0";"566";"0";"0";"566";"15";"0";"15";"0";"551";"379";"172"
"528f-49a7-66c5-ccd9-e20d-f0d3-22d2-248b";"141507";"46";"5";"wieś";"stały";"Szkoła Podstawowa w Łysych, ul. Szkolna 1, 07-437 Łyse";"gm. Łyse";"ostrołęcki";"mazowieckie";"1769";"1897";"777";"992";"1";"3";"0";"0";"0";"0";"0";"0";"0";"992";"0";"0";"992";"29";"15";"14";"0";"963";"551";"412"
"0189-96a1-3dba-b49d-5fb4-d006-3a34-7bb1";"141507";"46";"6";"wieś";"stały";"Szkoła Podstawowa w Lipnikach, ul. Ks. kan. E. Sierbińskiego 30, 07-436 Lipniki";"gm. Łyse";"ostrołęcki";"mazowieckie";"793";"855";"392";"401";"0";"4";"0";"0";"0";"0";"0";"0";"0";"401";"0";"0";"401";"11";"0";"11";"0";"390";"227";"163"
"cc0f-2539-9e8b-2016-3b03-c5b4-b183-1aba";"141507";"46";"7";"wieś";"stały";"Szkoła Podstawowa w Szafrankach, Szafranki 33, 07-436 Lipniki";"gm. Łyse";"ostrołęcki";"mazowieckie";"462";"508";"229";"233";"0";"0";"0";"0";"0";"0";"0";"0";"0";"233";"0";"0";"233";"5";"1";"4";"0";"228";"155";"73"
"5394-fa24-dcb0-29d8-1a36-2c13-a515-ae67";"141507";"46";"8";"wieś";"stały";"Świetlica Wiejska w Babie, Baba 27 A, 07-436 Lipniki";"gm. Łyse";"ostrołęcki";"mazowieckie";"352";"382";"175";"177";"0";"0";"0";"0";"0";"0";"0";"0";"0";"177";"0";"0";"177";"3";"0";"3";"0";"174";"135";"39"
"a290-030b-a392-1ab5-af53-dae5-21ea-1f78";"141508";"46";"1";"miasto";"stały";"Zespół Szkół Powiatowych, ul. Dzieci Polskich 5, 07-430 Myszyniec";"gm. Myszyniec";"ostrołęcki";"mazowieckie";"1173";"1255";"559";"614";"5";"4";"0";"0";"0";"0";"0";"0";"0";"614";"0";"0";"614";"21";"4";"17";"0";"593";"398";"195"
"e878-fdbb-48e6-5700-b5ad-ac5d-274b-65e8";"141508";"46";"2";"miasto";"stały";"Przedszkole Samorządowe, ul. Dzieci Polskich 1, 07-430 Myszyniec";"gm. Myszyniec";"ostrołęcki";"mazowieckie";"1262";"1365";"469";"793";"4";"9";"0";"0";"0";"0";"0";"0";"0";"793";"0";"0";"793";"29";"16";"13";"0";"764";"500";"264"
"bfbd-486b-7844-794b-5d7d-3b85-cb4a-3e85";"141508";"46";"3";"miasto";"stały";"Budynek po Szkole Podstawowej, Myszyniec Stary 105, 07-430 Myszyniec";"gm. Myszyniec";"ostrołęcki";"mazowieckie";"660";"731";"262";"398";"0";"0";"0";"0";"0";"0";"0";"0";"0";"398";"0";"0";"398";"8";"1";"7";"0";"390";"269";"121"
"3807-bd52-da3c-2d1d-cf1d-85b4-eed9-58bb";"141508";"46";"4";"wieś";"stały";"Szkoła Podstawowa, Pełty 37, 07-430 Myszyniec";"gm. Myszyniec";"ostrołęcki";"mazowieckie";"441";"479";"207";"234";"2";"0";"0";"0";"0";"0";"0";"0";"0";"234";"0";"0";"234";"9";"1";"8";"0";"225";"181";"44"
"0eef-746e-2136-afdc-8f29-e068-f7e7-6b78";"141508";"46";"5";"wieś";"stały";"Środowiskowy Dom Samopomocy, Białusny Lasek 19, 07-430 Myszyniec";"gm. Myszyniec";"ostrołęcki";"mazowieckie";"364";"394";"171";"193";"0";"0";"0";"0";"0";"0";"0";"0";"0";"193";"0";"0";"193";"8";"0";"8";"0";"185";"126";"59"
"e23c-a896-034d-5033-2bae-aee2-ca2d-7475";"141508";"46";"6";"wieś";"stały";"Publiczna Szkoła Podstawowa, Wydmusy 117A, 07-430 Myszyniec";"gm. Myszyniec";"ostrołęcki";"mazowieckie";"701";"759";"313";"388";"0";"0";"0";"0";"0";"0";"0";"0";"0";"388";"0";"0";"388";"12";"0";"12";"0";"376";"269";"107"
"f592-67d8-3dd1-b8d7-5aa3-c758-c6ad-456c";"141508";"46";"7";"wieś";"stały";"Publiczna Szkoła Podstawowa, Wykrot 21A, 07-430 Myszyniec";"gm. Myszyniec";"ostrołęcki";"mazowieckie";"611";"665";"263";"348";"1";"1";"0";"0";"0";"0";"0";"0";"0";"348";"0";"0";"348";"10";"0";"10";"0";"338";"238";"100"
"1066-bc06-c802-6ace-5a9d-f192-ac5d-4108";"141508";"46";"8";"wieś";"stały";"Publiczna Szkoła Podstawowa, Wolkowe 1, 07-430 Myszyniec";"gm. Myszyniec";"ostrołęcki";"mazowieckie";"733";"809";"390";"343";"0";"0";"0";"0";"0";"0";"0";"0";"0";"343";"0";"0";"343";"7";"0";"7";"0";"336";"250";"86"
"8c94-fb1e-4b7a-3491-7a8d-96f0-973d-8a43";"141508";"46";"9";"wieś";"stały";"Publiczna Szkoła Podstawowa, Olszyny 34, 07-430 Myszyniec";"gm. Myszyniec";"ostrołęcki";"mazowieckie";"351";"393";"163";"188";"0";"0";"0";"0";"0";"0";"0";"0";"0";"188";"0";"0";"188";"9";"2";"7";"0";"179";"134";"45"
"2d55-fcdb-b52f-48a1-7415-7fd7-0c92-def1";"141508";"46";"10";"wieś";"stały";"Budynek po Szkole Podstawowej, Cięćk 45, 07-430 Myszyniec";"gm. Myszyniec";"ostrołęcki";"mazowieckie";"162";"173";"65";"97";"0";"0";"0";"0";"0";"0";"0";"0";"0";"97";"0";"0";"97";"2";"1";"1";"0";"95";"76";"19"
"e215-cabf-1343-295f-ec93-e31a-7f0d-45a6";"141508";"46";"11";"wieś";"stały";"Świetlica Wiejska, Niedźwiedź 2, 07-430 Myszyniec";"gm. Myszyniec";"ostrołęcki";"mazowieckie";"151";"162";"73";"78";"0";"1";"0";"0";"0";"0";"0";"0";"0";"78";"0";"0";"78";"1";"0";"1";"0";"77";"49";"28"
"8df0-572e-dfb2-481a-b257-2345-c842-8e6f";"141508";"46";"12";"wieś";"stały";"Publiczna Szkoła Podstawowa, Krysiaki 29, 07-430 Myszyniec";"gm. Myszyniec";"ostrołęcki";"mazowieckie";"271";"298";"137";"134";"0";"0";"0";"0";"0";"0";"0";"0";"0";"134";"0";"0";"134";"11";"0";"11";"0";"123";"97";"26"
"c727-c34f-2e48-5263-9a46-9356-d477-9f67";"141508";"46";"13";"wieś";"stały";"Szkoła Podstawowa, Zdunek 31, 07-430 Myszyniec";"gm. Myszyniec";"ostrołęcki";"mazowieckie";"311";"341";"150";"161";"0";"0";"0";"0";"0";"0";"0";"0";"0";"161";"0";"0";"161";"8";"0";"8";"0";"153";"128";"25"
"b349-2bd6-680c-6c33-7cde-d125-bbd7-403a";"141508";"46";"14";"wieś";"stały";"Publiczna Szkoła Podstawowa, Zalesie 36A, 07-430 Myszyniec";"gm. Myszyniec";"ostrołęcki";"mazowieckie";"373";"399";"150";"223";"0";"0";"0";"0";"0";"0";"0";"0";"0";"223";"0";"0";"223";"5";"1";"4";"0";"218";"143";"75"
"0caa-724c-39cc-9260-bc8b-9c2b-4f11-be68";"141509";"46";"1";"wieś";"stały";"Szkoła Podstawowa im. Wł. Broniewskiego w Olszewie-Borkach, budynek, ul. Wł. Broniewskiego 17, 07-415 Olszewo-Borki";"gm. Olszewo-Borki";"ostrołęcki";"mazowieckie";"1521";"1650";"407";"1114";"2";"4";"0";"0";"0";"0";"0";"0";"0";"1114";"0";"1";"1113";"24";"9";"15";"0";"1089";"608";"481"
"f564-48bf-1d9c-8653-19ec-08bb-2c8e-75b7";"141509";"46";"2";"wieś";"stały";"Szkoła Podstawowa im. Wł. Broniewskiego w Olszewie-Borkach, budynek, ul. Dojazdowa 14A, 07-415 Olszewo-Borki";"gm. Olszewo-Borki";"ostrołęcki";"mazowieckie";"1643";"1812";"585";"1058";"0";"14";"0";"0";"0";"0";"0";"0";"0";"1058";"0";"0";"1058";"30";"9";"21";"0";"1028";"650";"378"
"2123-8420-6e86-691b-abb9-5ba4-b7bf-538d";"141509";"46";"3";"wieś";"stały";"Szkoła Podstawowa z Przedszkolem, Nowa Wieś ul. Szkolna 1, 07-416 Olszewo-Borki";"gm. Olszewo-Borki";"ostrołęcki";"mazowieckie";"1490";"1633";"673";"817";"1";"4";"0";"0";"0";"0";"0";"0";"0";"817";"0";"0";"817";"23";"8";"15";"0";"794";"562";"232"
"5897-124c-fa29-589c-f8c6-30cd-1b21-4c77";"141509";"46";"4";"wieś";"stały";"Szkoła Podstawowa w Przystani, Przystań 33, 07-416 Olszewo-Borki";"gm. Olszewo-Borki";"ostrołęcki";"mazowieckie";"420";"462";"171";"249";"0";"1";"0";"0";"0";"0";"0";"0";"0";"249";"0";"0";"249";"7";"2";"5";"0";"242";"141";"101"
"0d12-41f1-7052-eb0d-8bd7-4253-c259-4b3a";"141509";"46";"5";"wieś";"stały";"Szkoła Podstawowa w Grabówku, Grabówek 20, 07-416 Olszewo-Borki";"gm. Olszewo-Borki";"ostrołęcki";"mazowieckie";"360";"395";"194";"166";"0";"0";"0";"0";"0";"0";"0";"0";"0";"166";"0";"0";"166";"7";"1";"6";"0";"159";"116";"43"
"7ed2-bf39-fced-b55f-8adc-2048-5fb8-ae13";"141509";"46";"6";"wieś";"stały";"Szkoła Podstawowa im. J. Korczaka w Antoniach, Antonie ul. Szkolna 6, 07-410 Ostrołęka";"gm. Olszewo-Borki";"ostrołęcki";"mazowieckie";"1685";"1830";"562";"1123";"0";"2";"0";"0";"0";"0";"0";"0";"0";"1120";"0";"0";"1120";"40";"9";"31";"0";"1080";"690";"390"
"0635-d100-d8c8-81d5-12f1-45d4-4b9d-3c4f";"141509";"46";"7";"wieś";"stały";"Remiza Ochotniczej Straży Pożarnej w Dobrołęce, Dobrołęka 29, 07-415 Olszewo-Borki";"gm. Olszewo-Borki";"ostrołęcki";"mazowieckie";"492";"531";"154";"338";"1";"1";"0";"0";"0";"0";"0";"0";"0";"337";"0";"0";"337";"2";"0";"2";"0";"335";"256";"79"
"68f3-ede5-2eaa-a09f-9900-5b81-dda7-d7cd";"141510";"46";"1";"wieś";"stały";"Remiza Ochotniczej Straży Pożarnej w Rzekuniu, ul. Kościuszki 44, 07-411 Rzekuń";"gm. Rzekuń";"ostrołęcki";"mazowieckie";"1749";"1921";"498";"1251";"1";"9";"0";"0";"0";"0";"0";"0";"0";"1251";"0";"0";"1251";"36";"12";"24";"0";"1215";"706";"509"
"5803-2f54-4f31-7ad3-ef34-d423-fbdb-4f49";"141510";"46";"2";"wieś";"stały";"Szkoła Podstawowa im. Generała Józefa Bema w Rzekuniu, ul. Szkolna 1, 07-411 Rzekuń";"gm. Rzekuń";"ostrołęcki";"mazowieckie";"1866";"2044";"589";"1277";"0";"2";"0";"0";"0";"0";"0";"0";"0";"1277";"0";"0";"1277";"28";"8";"20";"0";"1249";"746";"503"
"8f54-0acc-3f45-bab2-3774-1c8a-f087-d59d";"141510";"46";"3";"wieś";"stały";"Szkoła Podstawowa im. Orła Białego w Borawem, Borawe 107, 07-411 Rzekuń";"gm. Rzekuń";"ostrołęcki";"mazowieckie";"669";"732";"274";"395";"0";"0";"0";"0";"0";"0";"0";"0";"0";"395";"0";"0";"395";"14";"2";"12";"0";"381";"252";"129"
"d1e8-a254-acb1-c266-4cf9-7fd0-6287-9b27";"141510";"46";"4";"wieś";"stały";"Szkoła Podstawowa im. Mieczysława Czychowskiego w Dzbeninie, Dzbenin 6a, 07-410 Ostrołęka";"gm. Rzekuń";"ostrołęcki";"mazowieckie";"1028";"1175";"304";"724";"0";"2";"0";"0";"0";"0";"0";"0";"0";"724";"0";"0";"724";"23";"10";"13";"0";"701";"361";"340"
"b485-1961-c55b-43e2-a9a9-d45a-3d6c-fc24";"141510";"46";"5";"wieś";"stały";"Szkoła Podstawowa w Ołdakach, Ołdaki 8a, 07-411 Rzekuń";"gm. Rzekuń";"ostrołęcki";"mazowieckie";"1298";"1415";"478";"820";"1";"2";"0";"0";"0";"0";"0";"0";"0";"818";"0";"0";"818";"11";"4";"7";"0";"807";"598";"209"
"98d4-98ae-2760-8fc6-5e89-3301-3f81-77f3";"141510";"46";"6";"wieś";"stały";"Szkoła Podstawowa im. ks. Antoniego Pęksy w Laskowcu, Laskowiec ul. Długa 90, 07-401 Ostrołęka";"gm. Rzekuń";"ostrołęcki";"mazowieckie";"850";"919";"331";"519";"0";"0";"0";"0";"0";"0";"0";"0";"0";"519";"0";"0";"519";"9";"3";"6";"0";"510";"321";"189"
"3e46-afc8-7f48-0727-ecbf-1e39-07cb-79db";"141510";"46";"7";"wieś";"zakład karny";"Zakład Karny w Przytułach Starych, Przytuły Stare 13A, 07-411 Rzekuń";"gm. Rzekuń";"ostrołęcki";"mazowieckie";"705";"661";"425";"280";"0";"0";"0";"0";"0";"0";"0";"0";"0";"280";"0";"0";"280";"10";"0";"10";"0";"270";"91";"179"
"a727-2d32-72aa-bf6e-5298-8905-4518-5eaf";"141511";"46";"1";"wieś";"stały";"Szkoła Podstawowa w Troszynie, ul. Szkolna 4, 07-405 Troszyn";"gm. Troszyn";"ostrołęcki";"mazowieckie";"981";"1068";"378";"603";"0";"3";"0";"0";"0";"0";"0";"0";"0";"603";"0";"0";"603";"7";"0";"7";"0";"596";"473";"123"
"b29a-573c-ab77-cce0-28eb-6dd5-8535-a76a";"141511";"46";"2";"wieś";"stały";"Szkoła Filialna w Łątczynie, Łątczyn 69A, 07-405 Troszyn";"gm. Troszyn";"ostrołęcki";"mazowieckie";"241";"273";"88";"153";"0";"3";"0";"0";"0";"0";"0";"0";"0";"153";"0";"0";"153";"6";"1";"5";"0";"147";"122";"25"
"bffb-d04b-bd5d-9001-fea4-fa82-63e7-db8d";"141511";"46";"3";"wieś";"stały";"Świetlica Wiejska w Milewie Wielkim, Milewo Wielkie 15, 07-405 Troszyn";"gm. Troszyn";"ostrołęcki";"mazowieckie";"410";"448";"148";"262";"1";"2";"0";"0";"0";"0";"0";"0";"0";"262";"0";"0";"262";"4";"1";"3";"0";"258";"187";"71"
"166e-b635-4d04-e3a7-e88f-c955-7508-e9fa";"141511";"46";"4";"wieś";"stały";"Szkoła Podstawowa w Kleczkowie, Kleczkowo ul. Bielawska 2, 07-405 Troszyn";"gm. Troszyn";"ostrołęcki";"mazowieckie";"664";"731";"302";"362";"1";"0";"0";"0";"0";"0";"0";"0";"0";"362";"0";"0";"362";"11";"10";"1";"0";"351";"275";"76"
"40cc-4db3-01db-09c6-d0ae-38a7-8d22-539e";"141511";"46";"5";"wieś";"stały";"Świetlica Wiejska w Opęchowie, Opęchowo ul. Adama Mickiewicza 5, 07-405 Troszyn";"gm. Troszyn";"ostrołęcki";"mazowieckie";"452";"490";"199";"253";"0";"3";"0";"0";"0";"0";"0";"0";"0";"253";"0";"0";"253";"3";"0";"3";"0";"250";"213";"37"
"81ba-704f-1895-16f3-5c49-ac47-138b-ace5";"141511";"46";"6";"wieś";"stały";"Centrum Kultury w Troszynie, ul. Szkolna 6, 07-405 Troszyn";"gm. Troszyn";"ostrołęcki";"mazowieckie";"702";"759";"230";"472";"3";"3";"0";"0";"0";"0";"0";"0";"0";"472";"0";"0";"472";"17";"8";"9";"0";"455";"250";"205"
"0bde-7647-b13b-fbcb-5c4d-b9f1-9f18-b0bf";"141601";"46";"1";"miasto";"stały";"Liga Obrony Kraju, ul. Różańska 5, 07-300 Ostrów Mazowiecka";"m. Ostrów Mazowiecka";"ostrowski";"mazowieckie";"1621";"1763";"508";"1113";"2";"5";"0";"0";"0";"0";"0";"0";"0";"1112";"0";"0";"1112";"21";"8";"13";"0";"1091";"594";"497"
"dd2b-a7a3-8b3c-be03-700a-2e76-c4ca-a516";"141601";"46";"2";"miasto";"stały";"Szkoła Podstawowa Nr 1 im. Tadeusza Kościuszki, ul. Partyzantów 39, 07-300 Ostrów Mazowiecka";"m. Ostrów Mazowiecka";"ostrowski";"mazowieckie";"1602";"1721";"586";"1016";"3";"2";"0";"0";"0";"0";"0";"0";"0";"1015";"0";"0";"1015";"23";"7";"16";"0";"992";"543";"449"
"d30e-6378-0af1-1ac6-1f04-2981-b876-56a3";"141601";"46";"3";"miasto";"stały";"Szkoła Podstawowa Nr 1 im. Tadeusza Kościuszki, ul. Partyzantów 39, 07-300 Ostrów Mazowiecka";"m. Ostrów Mazowiecka";"ostrowski";"mazowieckie";"912";"1000";"385";"527";"1";"10";"0";"0";"0";"0";"0";"0";"0";"527";"0";"0";"527";"15";"6";"9";"0";"512";"299";"213"
"668f-ebc3-6690-add4-fd53-4530-416a-1dc5";"141601";"46";"4";"miasto";"stały";"Miejskie Przedszkole Nr 2, ul. Zwycięstwa 2, 07-300 Ostrów Mazowiecka";"m. Ostrów Mazowiecka";"ostrowski";"mazowieckie";"1536";"1654";"484";"1052";"2";"1";"0";"0";"0";"0";"0";"0";"0";"1052";"0";"0";"1052";"18";"10";"8";"0";"1034";"552";"482"
"6e5f-7e45-1ca7-8311-0341-79fb-3d72-d252";"141601";"46";"5";"miasto";"stały";"Centrum Integracji Społecznej, ul. Chopina 2b, 07-300 Ostrów Mazowiecka";"m. Ostrów Mazowiecka";"ostrowski";"mazowieckie";"1559";"1678";"654";"905";"1";"3";"0";"0";"0";"0";"0";"0";"0";"905";"0";"0";"905";"26";"6";"20";"0";"879";"440";"439"
"856b-2808-4b1a-73e6-f8d3-3bdd-7a36-249b";"141601";"46";"6";"miasto";"stały";"Zespół Szkół Nr 2, ul. Tadeusza Kościuszki 8, 07-300 Ostrów Mazowiecka";"m. Ostrów Mazowiecka";"ostrowski";"mazowieckie";"771";"844";"248";"523";"0";"4";"0";"0";"0";"0";"0";"0";"0";"523";"0";"0";"523";"13";"2";"11";"0";"510";"229";"281"
"3908-d9fd-40c4-ac9b-c6f2-a334-d43f-ff33";"141601";"46";"7";"miasto";"stały";"Szkoła Podstawowa Nr 2 im. Papieża Jana Pawła II, ul. Grota Roweckiego 6, 07-300 Ostrów Mazowiecka";"m. Ostrów Mazowiecka";"ostrowski";"mazowieckie";"752";"810";"276";"476";"2";"2";"0";"0";"0";"0";"0";"0";"0";"476";"0";"0";"476";"13";"4";"9";"0";"463";"228";"235"
"0b8b-d43b-4998-f5f4-c714-12f6-ce67-99c6";"141601";"46";"8";"miasto";"stały";"Szkoła Podstawowa Nr 2 im. Papieża Jana Pawła II, ul. Grota Roweckiego 6, 07-300 Ostrów Mazowiecka";"m. Ostrów Mazowiecka";"ostrowski";"mazowieckie";"1520";"1634";"597";"923";"2";"2";"0";"0";"0";"0";"0";"0";"0";"923";"0";"0";"923";"26";"8";"18";"0";"897";"480";"417"
"c1b0-e575-6a4a-fbac-7b1c-4c35-b95a-300e";"141601";"46";"9";"miasto";"stały";"Szkoła Podstawowa Nr 4 im. 18. Pułku Artylerii Lekkiej, ul. Szkoły Podchorążych Piechoty 1, 07-300 Ostrów Mazowiecka";"m. Ostrów Mazowiecka";"ostrowski";"mazowieckie";"1610";"1757";"716";"894";"0";"3";"0";"0";"0";"0";"0";"0";"0";"894";"0";"0";"894";"17";"1";"16";"0";"877";"454";"423"
"7568-de07-3aff-4a4d-07ce-9ba9-85b8-6293";"141601";"46";"10";"miasto";"stały";"Szkoła Podstawowa Nr 3 im. Janusza Korczaka, ul. Widnichowska 4, 07-300 Ostrów Mazowiecka";"m. Ostrów Mazowiecka";"ostrowski";"mazowieckie";"1446";"1543";"501";"945";"3";"12";"0";"0";"0";"0";"0";"0";"0";"944";"0";"0";"944";"20";"6";"14";"0";"924";"457";"467"
"1562-e4e1-ffaa-9b95-7526-c193-5a66-0412";"141601";"46";"11";"miasto";"stały";"Szkoła Podstawowa Nr 3 im. Janusza Korczaka, ul. Widnichowska 4, 07-300 Ostrów Mazowiecka";"m. Ostrów Mazowiecka";"ostrowski";"mazowieckie";"1519";"1642";"462";"1057";"2";"4";"0";"0";"0";"0";"0";"0";"0";"1057";"0";"0";"1057";"22";"12";"10";"0";"1035";"526";"509"
"3038-b820-d93d-ce89-7b64-90f8-d3d6-d255";"141601";"46";"12";"miasto";"stały";"Liceum Ogólnokształcące im. Mikołaja Kopernika, ul. Kościuszki 36, 07-300 Ostrów Mazowiecka";"m. Ostrów Mazowiecka";"ostrowski";"mazowieckie";"1465";"1575";"512";"953";"2";"6";"0";"0";"0";"0";"0";"0";"0";"953";"0";"0";"953";"21";"5";"16";"0";"932";"469";"463"
"1cc8-98cf-b18c-bc0b-8b0b-d1c6-566d-00cb";"141601";"46";"13";"miasto";"zakład leczniczy";"Samodzielny Publiczny Zespół Zakładów Opieki Zdrowotnej, ul. Duboisa 68, 07-300 Ostrów Mazowiecka";"m. Ostrów Mazowiecka";"ostrowski";"mazowieckie";"67";"85";"9";"58";"0";"0";"0";"0";"0";"0";"0";"0";"0";"58";"0";"0";"58";"2";"0";"2";"0";"56";"42";"14"
"36bb-b901-1d93-015a-0061-1813-9e68-8b14";"141602";"46";"1";"wieś";"stały";"Szkoła Podstawowa, ul. Srebińska 12a, 07-305 Andrzejewo";"gm. Andrzejewo";"ostrowski";"mazowieckie";"864";"959";"254";"610";"0";"2";"0";"0";"0";"0";"0";"0";"0";"610";"0";"0";"610";"11";"3";"8";"0";"599";"477";"122"
"7e16-a701-ac31-3cbf-b502-2300-f844-2d6d";"141602";"46";"2";"wieś";"stały";"Szkoła Podstawowa, ul. Srebińska 12a, 07-305 Andrzejewo";"gm. Andrzejewo";"ostrowski";"mazowieckie";"809";"879";"287";"522";"0";"1";"0";"0";"0";"0";"0";"0";"0";"522";"0";"0";"522";"7";"2";"5";"0";"515";"401";"114"
"28eb-0a34-113b-0c7d-00e6-f7d0-1b09-7bbb";"141602";"46";"3";"wieś";"stały";"Szkoła Podstawowa, Stara Ruskołęka 40a, 07-305 Andrzejewo";"gm. Andrzejewo";"ostrowski";"mazowieckie";"994";"1096";"382";"612";"1";"1";"0";"0";"0";"0";"0";"0";"0";"612";"0";"0";"612";"14";"8";"6";"0";"598";"506";"92"
"2193-89b6-b133-8d19-4f63-8081-6afb-483e";"141602";"46";"4";"wieś";"stały";"Świetlica Wiejska, Zaręby-Warchoły 27B, 07-305 Andrzejewo";"gm. Andrzejewo";"ostrowski";"mazowieckie";"420";"453";"143";"277";"1";"2";"0";"0";"0";"0";"0";"0";"0";"277";"0";"0";"277";"4";"2";"2";"0";"273";"212";"61"
"da77-342c-af7b-b6ed-048b-8bfb-64ff-96b9";"141603";"46";"1";"wieś";"stały";"Gminny Ośrodek Kultury i Sportu, ul. Pawła Olszewskiego 2, 07-325 Boguty-Pianki";"gm. Boguty-Pianki";"ostrowski";"mazowieckie";"780";"840";"252";"528";"6";"2";"0";"0";"0";"0";"0";"0";"0";"528";"0";"0";"528";"3";"2";"1";"0";"525";"398";"127"
"e98a-20a9-ae78-293e-e227-c1e6-1648-dfd3";"141603";"46";"2";"wieś";"stały";"Szkoła Podstawowa, Białe-Szczepanowice 10, 07-325 Boguty-Pianki";"gm. Boguty-Pianki";"ostrowski";"mazowieckie";"333";"358";"122";"211";"0";"2";"0";"0";"0";"0";"0";"0";"0";"211";"0";"0";"211";"6";"3";"3";"0";"205";"182";"23"
"a81c-cecc-f5cc-6580-0b43-bac1-3bae-951e";"141603";"46";"3";"wieś";"stały";"Szkoła Podstawowa, Kutyłowo-Perysie 46, 07-325 Boguty-Pianki";"gm. Boguty-Pianki";"ostrowski";"mazowieckie";"314";"329";"118";"196";"3";"0";"0";"0";"0";"0";"0";"0";"0";"196";"0";"0";"196";"3";"0";"3";"0";"193";"173";"20"
"83e0-b980-0235-d99d-bd63-a32d-799a-9c0b";"141603";"46";"4";"wieś";"stały";"Szkoła Podstawowa, Tymianki-Bucie 18, 07-325 Boguty-Pianki";"gm. Boguty-Pianki";"ostrowski";"mazowieckie";"294";"314";"80";"214";"1";"4";"0";"0";"0";"0";"0";"0";"0";"214";"0";"0";"214";"2";"0";"2";"0";"212";"186";"26"
"31ff-b2bc-0869-55f3-5d7f-3f1a-6dc1-4479";"141603";"46";"5";"wieś";"stały";"Szkoła Podstawowa, Zawisty, Zawisty-Dworaki 58, 07-325 Boguty-Pianki";"gm. Boguty-Pianki";"ostrowski";"mazowieckie";"242";"262";"110";"132";"0";"0";"0";"0";"0";"0";"0";"0";"0";"132";"0";"0";"132";"2";"1";"1";"0";"130";"111";"19"
"e751-65a4-c460-6472-880a-eafc-4bca-8e20";"141604";"46";"1";"miasto";"stały";"Zespół Publicznych Placówek Oświatowych, ul. Jana Pawła II 50, 07-306 Brok";"gm. Brok";"ostrowski";"mazowieckie";"835";"898";"317";"518";"0";"12";"0";"0";"0";"0";"0";"0";"0";"518";"0";"0";"518";"12";"4";"8";"0";"506";"305";"201"
"271b-e0ff-3374-de90-8123-987d-a98b-3c9f";"141604";"46";"2";"wieś";"stały";"Szkoła Podstawowa, Kaczkowo Stare 86, 07-306 Brok";"gm. Brok";"ostrowski";"mazowieckie";"366";"404";"124";"242";"0";"5";"0";"0";"0";"0";"0";"0";"0";"242";"0";"0";"242";"7";"2";"5";"0";"235";"171";"64"
"3d59-fa26-2de7-afcd-8c22-17d6-e4d2-384e";"141604";"46";"3";"miasto";"stały";"Zespół Publicznych Placówek Oświatowych, ul. Jana Pawła II 50, 07-306 Brok";"gm. Brok";"ostrowski";"mazowieckie";"927";"1007";"329";"598";"5";"5";"0";"0";"0";"0";"0";"0";"0";"598";"0";"0";"598";"16";"3";"13";"0";"582";"353";"229"
"c091-e073-1d70-819f-ec4a-f4cf-5ceb-22be";"141605";"46";"1";"wieś";"stały";"Szkoła Podstawowa Nr 1, ul. Ostrowska 58, 07-320 Małkinia Górna";"gm. Małkinia Górna";"ostrowski";"mazowieckie";"992";"1073";"344";"648";"1";"1";"0";"0";"0";"0";"0";"0";"0";"648";"0";"0";"648";"38";"14";"24";"0";"610";"421";"189"
"8bc2-4ad8-44a7-8201-edd2-ae65-b804-eacd";"141605";"46";"2";"wieś";"stały";"Gminny Ośrodek Kultury i Sportu, ul. Przedszkolna 3, 07-320 Małkinia Górna";"gm. Małkinia Górna";"ostrowski";"mazowieckie";"769";"845";"322";"447";"1";"4";"0";"0";"0";"0";"0";"0";"0";"447";"0";"0";"447";"11";"0";"11";"0";"436";"282";"154"
"022a-b8bc-94eb-fc44-272c-1d3c-38cd-ccf4";"141605";"46";"3";"wieś";"stały";"Przedszkole Samorządowe, ul. Przedszkolna 2, 07-320 Małkinia Górna";"gm. Małkinia Górna";"ostrowski";"mazowieckie";"780";"834";"337";"443";"0";"0";"0";"0";"0";"0";"0";"0";"0";"443";"0";"0";"443";"19";"2";"17";"0";"424";"266";"158"
"808f-3a3e-0126-0eca-d71e-51ca-ab87-1b85";"141605";"46";"4";"wieś";"stały";"Szkoła Podstawowa Nr 2, ul. Leśna 15, 07-320 Małkinia Górna";"gm. Małkinia Górna";"ostrowski";"mazowieckie";"880";"940";"335";"545";"0";"0";"0";"0";"0";"0";"0";"0";"0";"545";"0";"0";"545";"11";"2";"9";"0";"534";"345";"189"
"290c-59e8-2f65-25d6-e556-4e02-8585-2be9";"141605";"46";"5";"wieś";"stały";"Szkoła Podstawowa Nr 2, ul. Leśna 15, 07-320 Małkinia Górna";"gm. Małkinia Górna";"ostrowski";"mazowieckie";"570";"612";"128";"442";"2";"3";"0";"0";"0";"0";"0";"0";"0";"442";"0";"0";"442";"13";"2";"11";"0";"429";"270";"159"
"6c08-84c8-3262-6392-b257-1956-cba9-ad29";"141605";"46";"6";"wieś";"stały";"Szkoła Podstawowa, Kiełczew ul. Prymasa Tysiąclecia 49, 07-319 Prostyń";"gm. Małkinia Górna";"ostrowski";"mazowieckie";"511";"553";"194";"317";"2";"2";"0";"0";"0";"0";"0";"0";"0";"317";"0";"0";"317";"17";"4";"13";"0";"300";"253";"47"
"f99d-d3f9-13d6-50a4-68c6-dd26-77cb-9cc0";"141605";"46";"7";"wieś";"stały";"Szkoła Podstawowa, Prostyń 60, 07-319 Prostyń";"gm. Małkinia Górna";"ostrowski";"mazowieckie";"551";"610";"176";"375";"0";"0";"0";"0";"0";"0";"0";"0";"0";"375";"0";"0";"375";"8";"1";"7";"0";"367";"248";"119"
"ed3a-4a0c-3692-fd2a-a84b-e704-ea86-78e9";"141605";"46";"8";"wieś";"stały";"Świetlica, Grądy 24A, 07-319 Prostyń";"gm. Małkinia Górna";"ostrowski";"mazowieckie";"470";"521";"199";"271";"0";"0";"0";"0";"0";"0";"0";"0";"0";"271";"0";"0";"271";"8";"1";"7";"0";"263";"211";"52"
"1241-be22-d6e8-6afa-60a5-ca7f-e101-92e5";"141605";"46";"9";"wieś";"stały";"Budynek byłej Szkoły Podstawowej, Kańkowo 58, 07-320 Małkinia Górna";"gm. Małkinia Górna";"ostrowski";"mazowieckie";"605";"670";"243";"362";"0";"1";"0";"0";"0";"0";"0";"0";"0";"362";"0";"0";"362";"23";"1";"22";"0";"339";"244";"95"
"56a0-6a3f-98c3-608f-e0c4-67b0-7e51-eae8";"141605";"46";"10";"wieś";"stały";"Remiza Ochotniczej Straży Pożarnej, Rostki Wielkie, 07-320 Małkinia Górna";"gm. Małkinia Górna";"ostrowski";"mazowieckie";"590";"646";"174";"416";"1";"1";"0";"0";"0";"0";"0";"0";"0";"416";"0";"0";"416";"9";"3";"6";"0";"407";"267";"140"
"dea0-377a-8b89-72df-48eb-8d2e-ac17-722a";"141605";"46";"11";"wieś";"stały";"Remiza Ochotniczej Straży Pożarnej, Daniłówka Pierwsza 129, 07-320 Małkinia Górna";"gm. Małkinia Górna";"ostrowski";"mazowieckie";"570";"632";"213";"357";"0";"2";"0";"0";"0";"0";"0";"0";"0";"357";"0";"0";"357";"15";"2";"13";"0";"342";"270";"72"
"e779-f49e-f614-2c1c-07f9-554d-1419-38bf";"141605";"46";"12";"wieś";"stały";"Szkoła Podstawowa, Orło 11, 07-320 Małkinia Górna";"gm. Małkinia Górna";"ostrowski";"mazowieckie";"579";"642";"195";"384";"0";"0";"0";"0";"0";"0";"0";"0";"0";"384";"0";"0";"384";"21";"0";"21";"0";"363";"281";"82"
"5332-b5c9-f006-5066-3806-473f-6f0f-67c2";"141605";"46";"13";"wieś";"stały";"Szkoła Podstawowa, Glina 83, 07-320 Małkinia Górna";"gm. Małkinia Górna";"ostrowski";"mazowieckie";"662";"725";"238";"424";"1";"0";"0";"0";"0";"0";"0";"0";"0";"424";"0";"0";"424";"16";"2";"14";"0";"408";"329";"79"
"71b0-e4f4-8c59-6107-c246-0a2d-9604-4b26";"141606";"46";"1";"wieś";"stały";"Świetlica wiejska w Nurze, ul. Drohiczyńska 2A, 07-322 Nur";"gm. Nur";"ostrowski";"mazowieckie";"1151";"1258";"406";"745";"5";"9";"0";"0";"0";"0";"0";"0";"0";"745";"0";"0";"745";"11";"0";"11";"0";"734";"537";"197"
"a495-ddf9-9284-bde3-b87d-3559-9808-1c87";"141606";"46";"2";"wieś";"stały";"Świetlica wiejska w Godlewie-Warszach, Godlewo-Warsze 10A, 07-322 Nur";"gm. Nur";"ostrowski";"mazowieckie";"292";"313";"110";"182";"0";"0";"0";"0";"0";"0";"0";"0";"0";"182";"0";"0";"182";"5";"0";"5";"0";"177";"147";"30"
"caa8-0e9d-4faa-83fe-fd45-7ed9-4ec5-1e8c";"141606";"46";"3";"wieś";"stały";"Świetlica wiejska w Murawskich Nadbużnych, Murawskie Nadbużne 36, 07-322 Nur";"gm. Nur";"ostrowski";"mazowieckie";"440";"471";"157";"283";"1";"3";"0";"0";"0";"0";"0";"0";"0";"283";"0";"0";"283";"6";"1";"5";"0";"277";"239";"38"
"c830-f227-9983-8a74-3483-ae60-558a-8332";"141606";"46";"4";"wieś";"stały";"Świetlica wiejska w Zuzeli, Zuzela 28, 07-322 Nur";"gm. Nur";"ostrowski";"mazowieckie";"262";"291";"95";"167";"2";"1";"0";"0";"0";"0";"0";"0";"0";"167";"0";"0";"167";"5";"1";"4";"0";"162";"130";"32"
"6479-881d-1c22-e04f-f5d7-5d7a-f7c6-6013";"141607";"46";"1";"wieś";"stały";"Publiczna Szkoła Podstawowa im. Kardynała Stefana Wyszyńskiego, Dybki 18, 07-308 Dybki";"gm. Ostrów Mazowiecka";"ostrowski";"mazowieckie";"544";"587";"245";"299";"1";"4";"0";"0";"0";"0";"0";"0";"0";"299";"0";"0";"299";"4";"1";"3";"0";"295";"222";"73"
"9d2d-0d2b-035b-a423-0fbe-1ac0-ba78-c669";"141607";"46";"2";"wieś";"stały";"Publiczna Szkoła Podstawowa im. Wojciecha Bogumiła Jastrzębowskiego, ul. Szkolna 50, 07-308 Nowa Osuchowa";"gm. Ostrów Mazowiecka";"ostrowski";"mazowieckie";"425";"462";"140";"285";"0";"0";"0";"0";"0";"0";"0";"0";"0";"285";"0";"0";"285";"7";"1";"6";"0";"278";"227";"51"
"36eb-96f3-cae4-6d72-b5d6-15b2-1d6c-1d54";"141607";"46";"3";"wieś";"stały";"Publiczna Szkoła Podstawowa im. Papieża Jana Pawła II, Nagoszewka Druga 89, 07-300 Nagoszewka Druga";"gm. Ostrów Mazowiecka";"ostrowski";"mazowieckie";"650";"716";"235";"415";"0";"0";"0";"0";"0";"0";"0";"0";"0";"415";"0";"0";"415";"10";"2";"8";"0";"405";"293";"112"
"1c10-842a-4ed3-e95a-5993-695b-96a0-8680";"141607";"46";"4";"wieś";"stały";"Publiczna Szkoła Podstawowa im. rtm. Witolda Pileckiego, Koziki 2, 07-300 Koziki";"gm. Ostrów Mazowiecka";"ostrowski";"mazowieckie";"602";"655";"253";"349";"0";"3";"0";"0";"0";"0";"0";"0";"0";"349";"0";"0";"349";"3";"0";"3";"0";"346";"246";"100"
"e988-c1cc-fe6d-4a34-5458-6201-fcb2-d7be";"141607";"46";"5";"wieś";"stały";"Publiczna Szkoła Podstawowa im. Płk Dypl. Ludwika Bociańskiego, ul. Mazowiecka 81, 07-310 Komorowo";"gm. Ostrów Mazowiecka";"ostrowski";"mazowieckie";"721";"785";"271";"450";"1";"4";"0";"0";"0";"0";"0";"0";"0";"450";"0";"0";"450";"19";"5";"14";"0";"431";"240";"191"
"8dcc-ce96-3b90-39fc-11cb-3882-d0bf-24a6";"141607";"46";"6";"wieś";"stały";"Publiczna Szkoła Podstawowa im. Płk Dypl. Ludwika Bociańskiego, ul. Mazowiecka 81, 07-310 Komorowo";"gm. Ostrów Mazowiecka";"ostrowski";"mazowieckie";"713";"784";"286";"427";"0";"4";"0";"0";"0";"0";"0";"0";"0";"427";"0";"0";"427";"11";"2";"9";"0";"416";"305";"111"
"28f3-1846-0cf0-405d-14d9-4c16-9246-0c03";"141607";"46";"7";"wieś";"stały";"Publiczna Szkoła Podstawowa im. mjr Henryka Sucharskiego, Jelonki 16, 07-302 Jelonki";"gm. Ostrów Mazowiecka";"ostrowski";"mazowieckie";"721";"790";"362";"359";"0";"0";"0";"0";"0";"0";"0";"0";"0";"359";"0";"0";"359";"6";"3";"3";"0";"353";"254";"99"
"02d1-d828-cbbf-89c1-f2bb-a9b2-9c13-fa07";"141607";"46";"8";"wieś";"stały";"Publiczna Szkoła Podstawowa im. Marii Konopnickiej, ul. Szkolna 15, 07-300 Stare Lubiejewo";"gm. Ostrów Mazowiecka";"ostrowski";"mazowieckie";"682";"738";"272";"410";"0";"2";"0";"0";"0";"0";"0";"0";"0";"410";"0";"0";"410";"10";"1";"9";"0";"400";"270";"130"
"6f3a-4a49-c3d6-6137-b335-97bd-d3c6-6a84";"141607";"46";"9";"wieś";"stały";"Świetlica Wiejska, Prosienica 63, 07-304 Prosienica";"gm. Ostrów Mazowiecka";"ostrowski";"mazowieckie";"465";"512";"178";"287";"0";"0";"0";"0";"0";"0";"0";"0";"0";"287";"0";"0";"287";"5";"0";"5";"0";"282";"213";"69"
"183e-bbdb-22b7-7d6e-e6df-4673-6fa5-118f";"141607";"46";"10";"wieś";"stały";"Publiczna Szkoła Podstawowa im. Zesłańców Syberyjskich, Kalinowo 90, 07-304 Kalinowo";"gm. Ostrów Mazowiecka";"ostrowski";"mazowieckie";"671";"751";"252";"419";"1";"3";"0";"0";"0";"0";"0";"0";"0";"419";"0";"0";"419";"10";"1";"9";"0";"409";"283";"126"
"e3ba-bb94-0d93-58dd-89a4-1520-9352-b525";"141607";"46";"11";"wieś";"stały";"Publiczna Szkoła Podstawowa im. Janusza Korczaka, ul. Pawła Jasienicy 23, 07-304 Jasienica";"gm. Ostrów Mazowiecka";"ostrowski";"mazowieckie";"465";"516";"193";"272";"0";"0";"0";"0";"0";"0";"0";"0";"0";"272";"0";"0";"272";"5";"2";"3";"0";"267";"184";"83"
"e706-189a-8106-5b56-57d2-8066-cdff-fe5c";"141607";"46";"12";"wieś";"stały";"Świetlica Wiejska, Nieskórz 27, 07-304 Nieskórz";"gm. Ostrów Mazowiecka";"ostrowski";"mazowieckie";"571";"621";"206";"365";"0";"3";"0";"0";"0";"0";"0";"0";"0";"365";"0";"0";"365";"14";"1";"13";"0";"351";"243";"108"
"21e2-52fb-4449-7e8b-ead2-34f7-e91c-7d48";"141607";"46";"13";"wieś";"stały";"Publiczna Szkoła Podstawowa im. Kornela Makuszyńskiego, ul. Szkolna 28, 07-300 Ugniewo";"gm. Ostrów Mazowiecka";"ostrowski";"mazowieckie";"721";"793";"295";"426";"0";"0";"0";"0";"0";"0";"0";"0";"0";"426";"0";"0";"426";"8";"2";"6";"0";"418";"305";"113"
"39bb-b5f5-4758-b032-fe93-335e-2dd3-6c39";"141607";"46";"14";"wieś";"stały";"Publiczna Szkoła Podstawowa im. Marii Dąbrowskiej, Dudy 19, 07-300 Dudy";"gm. Ostrów Mazowiecka";"ostrowski";"mazowieckie";"721";"794";"276";"445";"0";"2";"0";"0";"0";"0";"0";"0";"0";"445";"0";"0";"445";"19";"3";"16";"0";"426";"309";"117"
"2fe1-a960-753a-23b8-e3c9-a179-1ed6-c00c";"141607";"46";"15";"wieś";"stały";"Przedszkole Samorządowe, ul. Płk Dypl. Ludwika Bociańskiego 2, 07-310 Komorowo";"gm. Ostrów Mazowiecka";"ostrowski";"mazowieckie";"615";"618";"228";"387";"0";"0";"0";"0";"0";"0";"0";"0";"0";"387";"0";"0";"387";"9";"3";"6";"0";"378";"238";"140"
"5bfc-80dc-a0c9-77f4-b10d-9a15-75e7-5c2c";"141607";"46";"16";"wieś";"dom pomocy społecznej";"Dom Pomocy Społecznej ""Dom z Sercem"" w Komorowie, ul. Kościelna 2, 07-310 Komorowo";"gm. Ostrów Mazowiecka";"ostrowski";"mazowieckie";"47";"50";"27";"20";"0";"0";"0";"0";"0";"0";"0";"0";"0";"20";"0";"0";"20";"1";"0";"1";"0";"19";"11";"8"
"349b-2b97-285c-95de-d857-42c8-2cb3-bd7a";"141608";"46";"1";"wieś";"stały";"Szkoła Podstawowa, Stary Lubotyń 7, 07-303 Stary Lubotyń";"gm. Stary Lubotyń";"ostrowski";"mazowieckie";"1192";"1297";"482";"710";"0";"5";"0";"0";"0";"0";"0";"0";"0";"710";"0";"0";"710";"14";"4";"10";"0";"696";"566";"130"
"a2a2-8ce2-8b3c-556d-4f25-0d67-49cc-0918";"141608";"46";"2";"wieś";"stały";"Szkoła Podstawowa, Gniazdowo 23, 07-303 Stary Lubotyń";"gm. Stary Lubotyń";"ostrowski";"mazowieckie";"300";"322";"119";"181";"0";"1";"0";"0";"0";"0";"0";"0";"0";"181";"0";"0";"181";"5";"0";"5";"0";"176";"151";"25"
"f0bf-d85a-2d78-2940-a78b-ec48-cbab-2877";"141608";"46";"3";"wieś";"stały";"Szkoła Podstawowa, Sulęcin Szlachecki 73, 07-303 Stary Lubotyń";"gm. Stary Lubotyń";"ostrowski";"mazowieckie";"423";"453";"157";"266";"0";"3";"0";"0";"0";"0";"0";"0";"0";"266";"0";"0";"266";"10";"1";"9";"0";"256";"198";"58"
"86d9-c638-f3ad-b080-6c41-43c8-7bfc-24f5";"141608";"46";"4";"wieś";"stały";"Remiza OSP, Podbiele 28a, 07-303 Stary Lubotyń";"gm. Stary Lubotyń";"ostrowski";"mazowieckie";"444";"483";"138";"306";"0";"2";"0";"0";"0";"0";"0";"0";"0";"306";"0";"0";"306";"6";"2";"4";"0";"300";"260";"40"
"db8e-11c8-f4ee-e077-efbe-58df-c494-4ff0";"141608";"46";"5";"wieś";"stały";"Remiza OSP, Rząśnik 47a, 07-303 Stary Lubotyń";"gm. Stary Lubotyń";"ostrowski";"mazowieckie";"172";"179";"77";"95";"0";"0";"0";"0";"0";"0";"0";"0";"0";"95";"0";"0";"95";"2";"0";"2";"0";"93";"69";"24"
"b138-fb72-076e-2581-0cb3-c8e8-589e-ea84";"141608";"46";"6";"wieś";"stały";"Remiza OSP, Koskowo 23, 07-303 Stary Lubotyń";"gm. Stary Lubotyń";"ostrowski";"mazowieckie";"171";"186";"59";"112";"0";"0";"0";"0";"0";"0";"0";"0";"0";"112";"0";"0";"112";"6";"1";"5";"0";"106";"92";"14"
"f66f-0928-3b71-6a75-d559-bf96-267a-49b7";"141609";"46";"1";"wieś";"stały";"Szkoła Podstawowa w Szulborzu Wielkim, Skrzydło północne budynku (wejście przy sali gimnastycznej), ul. Szarych Szeregów 1, 07-324 Szulborze Wielkie";"gm. Szulborze Wielkie";"ostrowski";"mazowieckie";"677";"749";"240";"437";"2";"3";"0";"0";"0";"0";"0";"0";"0";"437";"0";"0";"437";"16";"6";"10";"0";"421";"278";"143"
"8325-adc2-ce4b-0c11-b801-8d9c-4ad7-a8f4";"141609";"46";"2";"wieś";"stały";"Szkoła Podstawowa w Szulborzu Wielkim, Skrzydło południowe budynku (wejście główne), ul. Szarych Szeregów 1, 07-324 Szulborze Wielkie";"gm. Szulborze Wielkie";"ostrowski";"mazowieckie";"576";"643";"206";"370";"4";"0";"0";"0";"0";"0";"0";"0";"0";"370";"0";"0";"370";"7";"2";"5";"0";"363";"262";"101"
"8642-e7d4-4f5c-779e-7601-bac7-983b-32f1";"141610";"46";"1";"wieś";"stały";"Publiczna Szkoła Podstawowa w Wąsewie, ul. Szkolna 3A, 07-311 Wąsewo";"gm. Wąsewo";"ostrowski";"mazowieckie";"619";"661";"181";"438";"3";"2";"0";"0";"0";"0";"0";"0";"0";"438";"0";"0";"438";"9";"4";"5";"0";"429";"249";"180"
"7ae1-3afc-8aca-566c-887d-252d-5033-1530";"141610";"46";"2";"wieś";"stały";"Gminne Centrum Sportu i Rekreacji w Wąsewie, ul. Armii Krajowej 6, 07-311 Wąsewo";"gm. Wąsewo";"ostrowski";"mazowieckie";"702";"768";"251";"451";"1";"4";"0";"0";"0";"0";"0";"0";"0";"451";"0";"0";"451";"15";"4";"11";"0";"436";"319";"117"
"e08c-3d90-e883-7764-40f5-ed91-d550-1ba2";"141610";"46";"3";"wieś";"stały";"Publiczna Szkoła Podstawowa w Brudkach Starych, Brudki Stare 73, 07-311 Wąsewo";"gm. Wąsewo";"ostrowski";"mazowieckie";"467";"497";"199";"268";"1";"3";"0";"0";"0";"0";"0";"0";"0";"268";"0";"0";"268";"12";"3";"9";"0";"256";"187";"69"
"f21f-6fd6-ad0c-77ca-28b7-8741-12dc-ef10";"141610";"46";"4";"wieś";"stały";"Publiczna Szkoła Podstawowa w Rząśniku Włościańskim, Rząśnik Włościański 30, 07-311 Wąsewo";"gm. Wąsewo";"ostrowski";"mazowieckie";"812";"880";"317";"495";"2";"2";"0";"0";"0";"0";"0";"0";"0";"495";"0";"0";"495";"24";"8";"16";"0";"471";"289";"182"
"0321-0c87-3b53-249e-0f62-b96a-9283-f5e0";"141610";"46";"5";"wieś";"stały";"Budynek Szkoły Podstawowej w Trynosach-Osiedle, Trynosy-Osiedle 14, 07-311 Wąsewo";"gm. Wąsewo";"ostrowski";"mazowieckie";"590";"649";"232";"358";"2";"1";"0";"0";"0";"0";"0";"0";"0";"358";"0";"0";"358";"14";"0";"14";"0";"344";"200";"144"
"fda0-b00e-d6d3-bad5-06cb-7040-1888-f32c";"141611";"46";"1";"wieś";"stały";"Publiczna Szkoła Podstawowa, ul. Farna 20, 07-323 Zaręby Kościelne";"gm. Zaręby Kościelne";"ostrowski";"mazowieckie";"965";"1047";"394";"571";"2";"3";"0";"0";"0";"0";"0";"0";"0";"570";"0";"0";"570";"7";"2";"5";"0";"563";"455";"108"
"150b-eb12-c363-666f-93f7-aadb-0528-1cb0";"141611";"46";"2";"wieś";"stały";"Budynek Komunalny po Publicznej Szkole Podstawowej, Zakrzewo-Kopijki, 07-323 Zaręby Kościelne";"gm. Zaręby Kościelne";"ostrowski";"mazowieckie";"661";"722";"258";"403";"0";"1";"0";"0";"0";"0";"0";"0";"0";"402";"0";"0";"402";"6";"0";"6";"0";"396";"332";"64"
"d3a3-cc27-42b7-96f7-2d4f-87ed-dd64-aa53";"141611";"46";"3";"wieś";"stały";"Budynek Ośrodka Zdrowia, ul. Kowalska 16A, 07-323 Zaręby Kościelne";"gm. Zaręby Kościelne";"ostrowski";"mazowieckie";"1081";"1182";"367";"714";"10";"5";"0";"0";"0";"0";"0";"0";"0";"714";"0";"0";"714";"21";"5";"16";"0";"693";"476";"217"
"37db-a6c6-4055-089e-3e84-a8ef-ddc9-6d9f";"142401";"46";"1";"wieś";"stały";"Świetlica Wiejska, Gzy 8, 06-126 Gzy";"gm. Gzy";"pułtuski";"mazowieckie";"862";"941";"361";"501";"0";"0";"0";"0";"0";"0";"0";"0";"0";"501";"0";"0";"501";"14";"7";"7";"0";"487";"320";"167"
"3110-b5d7-f714-9cb8-dbe1-16fc-369d-75b9";"142401";"46";"2";"wieś";"stały";"Publiczna Szkoła Podstawowa im. Przyjaźni Polsko-Węgierskiej, Przewodowo Poduchowne 21, 06-126 Gzy";"gm. Gzy";"pułtuski";"mazowieckie";"978";"1069";"364";"614";"0";"1";"0";"0";"0";"0";"0";"0";"0";"614";"0";"0";"614";"13";"1";"12";"0";"601";"369";"232"
"1b60-8b5a-3595-b4b5-48fa-aca5-e324-94b2";"142401";"46";"3";"wieś";"stały";"Świetlica Wiejska, Szyszki Włościańskie 35, 06-126 Gzy";"gm. Gzy";"pułtuski";"mazowieckie";"824";"895";"328";"496";"0";"0";"0";"0";"0";"0";"0";"0";"0";"496";"0";"0";"496";"17";"4";"13";"0";"479";"296";"183"
"56fb-3b14-6431-dc06-f145-bfc5-f4ed-f731";"142401";"46";"4";"wieś";"dom pomocy społecznej";"Dom Pomocy Społecznej, Ołdaki-Stefanowo 7, 06-126 Gzy";"gm. Gzy";"pułtuski";"mazowieckie";"92";"100";"49";"43";"0";"0";"0";"0";"0";"0";"0";"0";"0";"43";"0";"0";"43";"4";"3";"1";"0";"39";"17";"22"
"a1ef-15a8-02ff-b392-8833-528f-4226-8e4b";"142401";"46";"5";"wieś";"zakład leczniczy";"Zakład Opiekuńczo-Leczniczy w Tąsewach, Tąsewy 8, 06-120 Winnica";"gm. Gzy";"pułtuski";"mazowieckie";"74";"73";"50";"24";"0";"0";"0";"0";"0";"0";"0";"0";"0";"24";"0";"0";"24";"0";"0";"0";"0";"24";"15";"9"
"c313-3af3-b2d6-426c-2955-eec3-2837-c568";"142402";"46";"1";"wieś";"stały";"Publiczna Szkoła Podstawowa w Obrytem, Obryte 114, 07-215 Obryte";"gm. Obryte";"pułtuski";"mazowieckie";"1152";"1238";"388";"764";"2";"0";"0";"0";"0";"0";"0";"0";"0";"764";"0";"0";"764";"34";"11";"23";"0";"730";"501";"229"
"67be-d716-f411-58d2-b93a-f834-460e-871e";"142402";"46";"2";"wieś";"stały";"Oddział w Psarach Przedszkola Samorządowego w Obrytem, Psary 43, 07-215 Obryte";"gm. Obryte";"pułtuski";"mazowieckie";"422";"460";"152";"270";"2";"0";"0";"0";"0";"0";"0";"0";"0";"270";"0";"0";"270";"8";"3";"5";"0";"262";"172";"90"
"8fa2-3b26-f453-a557-d674-b400-3cde-ff26";"142402";"46";"3";"wieś";"stały";"Szkoła Filialna w Gródku Rządowym, Gródek Rządowy 34, 07-215 Obryte";"gm. Obryte";"pułtuski";"mazowieckie";"500";"549";"140";"360";"0";"1";"0";"0";"0";"0";"0";"0";"0";"360";"0";"0";"360";"8";"1";"7";"0";"352";"243";"109"
"fef9-aaa4-227c-790f-01b7-bde7-cdd9-311a";"142402";"46";"4";"wieś";"stały";"Szkoła Filialna im. Jana Pawła II w Sokołowie Włościańskim, Sokołowo Włościańskie 63, 07-215 Obryte";"gm. Obryte";"pułtuski";"mazowieckie";"592";"656";"184";"408";"2";"4";"0";"0";"0";"0";"0";"0";"0";"408";"0";"0";"408";"6";"2";"4";"0";"402";"284";"118"
"5768-7483-147c-dcd3-08e0-e897-0c3e-d34a";"142402";"46";"5";"wieś";"stały";"Szkoła Filialna im. Janusza Korczaka w Zambskach Kościelnych, Zambski Kościelne 33, 07-215 Obryte";"gm. Obryte";"pułtuski";"mazowieckie";"411";"462";"97";"314";"1";"7";"0";"0";"0";"0";"0";"0";"0";"314";"0";"0";"314";"16";"4";"12";"0";"298";"191";"107"
"3206-ecb8-38b6-81e6-f5d7-6baa-b640-6d27";"142402";"46";"6";"wieś";"stały";"Dom Pomocy Społecznej w Obrytem, Obryte 188, 07-215 Obryte";"gm. Obryte";"pułtuski";"mazowieckie";"220";"231";"35";"185";"0";"0";"0";"0";"0";"0";"0";"0";"0";"185";"0";"0";"185";"13";"2";"11";"0";"172";"39";"133"
"40ba-51b8-3e2e-b5dd-3320-e96c-46e8-1206";"142402";"46";"7";"wieś";"stały";"Gminny Dom Kultury we wsi Sadykierz, Sadykierz 54, 07-215 Obryte";"gm. Obryte";"pułtuski";"mazowieckie";"260";"291";"98";"162";"0";"0";"0";"0";"0";"0";"0";"0";"0";"162";"0";"0";"162";"9";"4";"5";"0";"153";"95";"58"
"bbdf-0424-0052-57a8-9c79-9edd-0f57-2519";"142403";"46";"1";"wieś";"stały";"Szkoła Podstawowa z Oddziałami Integracyjnymi w Dzierżeninie, Dzierżenin 105, 06-114 Pokrzywnica";"gm. Pokrzywnica";"pułtuski";"mazowieckie";"823";"908";"287";"536";"1";"5";"0";"0";"0";"0";"0";"0";"0";"536";"0";"0";"536";"8";"2";"6";"0";"528";"284";"244"
"9286-6af0-a569-3683-fc57-3bf5-f2e1-0411";"142403";"46";"2";"wieś";"stały";"Szkoła Podstawowa im. Doroty Gellner w Pobyłkowie Dużym, Pobyłkowo Duże 15, 06-114 Pokrzywnica";"gm. Pokrzywnica";"pułtuski";"mazowieckie";"496";"546";"162";"334";"0";"5";"0";"0";"0";"0";"0";"0";"0";"334";"0";"0";"334";"9";"2";"7";"0";"325";"176";"149"
"1db4-848e-19ad-5267-be4e-910e-3734-25e4";"142403";"46";"3";"wieś";"stały";"Samorządowe Przedszkole w Pokrzywnicy, al. Jana Pawła II 10, 06-121 Pokrzywnica";"gm. Pokrzywnica";"pułtuski";"mazowieckie";"994";"1032";"441";"553";"0";"1";"1";"0";"0";"0";"0";"0";"0";"553";"0";"0";"553";"12";"2";"10";"0";"541";"325";"216"
"82c1-df7f-fdcc-e5f6-b0d4-b38e-6220-0906";"142403";"46";"4";"wieś";"stały";"Szkoła Podstawowa im. Witolda Machnowskiego w Nowym Niestępowie, Nowe Niestępowo 7, 06-121 Pokrzywnica";"gm. Pokrzywnica";"pułtuski";"mazowieckie";"878";"963";"362";"516";"2";"1";"0";"0";"0";"0";"0";"0";"0";"516";"0";"0";"516";"17";"6";"11";"0";"499";"303";"196"
"c800-1dbd-3a19-1215-1f9c-4130-7dac-ae29";"142403";"46";"5";"wieś";"stały";"Szkoła Podstawowa im. ks. Jana Twardowskiego w Gzowie, Gzowo 5, 06-114 Pokrzywnica";"gm. Pokrzywnica";"pułtuski";"mazowieckie";"480";"526";"171";"309";"0";"0";"0";"0";"0";"0";"0";"0";"0";"309";"0";"0";"309";"9";"3";"6";"0";"300";"187";"113"
"e3f6-c47a-6ed9-6f64-78ec-6df2-be5d-f97d";"142404";"46";"1";"miasto";"stały";"Zespół Szkół Nr 2 z oddziałami integracyjnymi, ul. Polna 7, 06-100 Pułtusk";"gm. Pułtusk";"pułtuski";"mazowieckie";"550";"602";"174";"376";"0";"5";"0";"0";"0";"0";"0";"0";"0";"376";"0";"0";"376";"18";"18";"0";"0";"358";"159";"199"
"9353-cf0d-9a1b-87f4-24ec-82d1-e495-62ae";"142404";"46";"2";"miasto";"stały";"Miejskie Centrum Kultury i Sztuki, Plac Teatralny 4, 06-100 Pułtusk";"gm. Pułtusk";"pułtuski";"mazowieckie";"1251";"1402";"389";"862";"1";"11";"0";"0";"0";"0";"0";"0";"0";"862";"0";"0";"862";"22";"5";"17";"0";"840";"435";"405"
"122f-b91f-aa86-1654-2fda-5b6e-6d79-454c";"142404";"46";"3";"wieś";"stały";"Publiczna Szkoła Podstawowa Nr 1 im. Klaudyny Potockiej w Pułtusku z filią w Bobach, Boby 15a, 06-100 Pułtusk";"gm. Pułtusk";"pułtuski";"mazowieckie";"528";"602";"149";"379";"0";"3";"0";"0";"0";"0";"0";"0";"0";"379";"0";"0";"379";"12";"4";"8";"0";"367";"247";"120"
"6451-54e9-b767-9c1c-520c-c52d-03f0-1a8f";"142404";"46";"4";"wieś";"stały";"Zespół Szkolno-Przedszkolny, Przemiarowo 33, 06-100 Pułtusk";"gm. Pułtusk";"pułtuski";"mazowieckie";"721";"797";"236";"485";"0";"3";"0";"0";"0";"0";"0";"0";"0";"485";"0";"0";"485";"18";"7";"11";"0";"467";"271";"196"
"0d7a-f15c-6f34-e50a-6c9d-8a1e-6423-aa06";"142404";"46";"5";"wieś";"stały";"Publiczna Szkoła Podstawowa im. bł. Jana Pawła II, Płocochowo 72, 06-100 Pułtusk";"gm. Pułtusk";"pułtuski";"mazowieckie";"471";"513";"170";"301";"0";"1";"0";"0";"0";"0";"0";"0";"0";"301";"0";"0";"301";"9";"1";"8";"0";"292";"158";"134"
"0c18-88c2-57d3-9c44-7611-305f-5761-82f1";"142404";"46";"6";"miasto";"stały";"Zespół Szkół Nr 2 z oddziałami integracyjnymi, ul. Polna 7, 06-100 Pułtusk";"gm. Pułtusk";"pułtuski";"mazowieckie";"1516";"1665";"544";"972";"0";"1";"0";"0";"0";"0";"0";"0";"0";"972";"0";"1";"971";"27";"15";"12";"0";"944";"491";"453"
"723c-6e4c-9652-42e2-c2fe-2e9f-4bd5-006c";"142404";"46";"7";"miasto";"stały";"Zespół Szkół Nr 2 z oddziałami integracyjnymi, ul. Polna 7, 06-100 Pułtusk";"gm. Pułtusk";"pułtuski";"mazowieckie";"689";"695";"215";"474";"0";"0";"0";"0";"0";"0";"0";"0";"0";"474";"0";"0";"474";"31";"21";"10";"0";"443";"221";"222"
"0354-29b9-fab4-0e3c-4a35-efaa-28e7-d93c";"142404";"46";"8";"miasto";"stały";"Publiczna Szkoła Podstawowa Nr 1 im. Klaudyny Potockiej w Pułtusku z filią w Bobach, ul. Marii Konopnickiej 5, 06-100 Pułtusk";"gm. Pułtusk";"pułtuski";"mazowieckie";"1280";"1447";"540";"740";"2";"10";"0";"0";"0";"0";"0";"0";"0";"739";"0";"0";"739";"22";"4";"18";"0";"717";"360";"357"
"ee78-ac11-e514-6cfc-2389-5ae6-8006-b403";"142404";"46";"9";"miasto";"stały";"Publiczna Szkoła Podstawowa Nr 4 z klasami sportowymi im. Ireny Szewińskiej, ul. New Britain 1, 06-100 Pułtusk";"gm. Pułtusk";"pułtuski";"mazowieckie";"1128";"1234";"522";"606";"1";"2";"0";"0";"0";"0";"0";"0";"0";"606";"0";"0";"606";"22";"9";"13";"0";"584";"277";"307"
"2ccf-9182-a3d4-1f64-4cdb-a25b-e39e-4275";"142404";"46";"10";"miasto";"stały";"Żłobek miejski, ul. Rafała Krajewskiego 3B, 06-100 Pułtusk";"gm. Pułtusk";"pułtuski";"mazowieckie";"1349";"1474";"371";"978";"1";"6";"0";"0";"0";"0";"0";"0";"0";"978";"0";"0";"978";"41";"29";"12";"0";"937";"428";"509"
"2ee0-e64b-cf1e-5726-cba2-47c4-36c9-a328";"142404";"46";"11";"miasto";"stały";"Publiczna Szkoła Podstawowa Nr 4 z klasami sportowymi im. Ireny Szewińskiej, ul. New Britain 1, 06-100 Pułtusk";"gm. Pułtusk";"pułtuski";"mazowieckie";"472";"527";"150";"322";"0";"3";"0";"0";"0";"0";"0";"0";"0";"322";"0";"0";"322";"9";"2";"7";"0";"313";"132";"181"
"e3e1-429e-94df-fa83-9412-9d3d-8781-af3f";"142404";"46";"12";"miasto";"stały";"Zespół Szkół Zawodowych im. Jana Ruszkowskiego, Aleja Tysiąclecia 12, 06-100 Pułtusk";"gm. Pułtusk";"pułtuski";"mazowieckie";"1221";"1336";"489";"732";"3";"2";"0";"0";"0";"0";"0";"0";"0";"732";"0";"0";"732";"24";"6";"18";"0";"708";"305";"403"
"e591-7f4c-bf1f-f61c-42d8-1ef6-b66a-caae";"142404";"46";"13";"miasto";"stały";"Specjalny Ośrodek Szkolno-Wychowawczy, Aleja Tysiąclecia 12, 06-100 Pułtusk";"gm. Pułtusk";"pułtuski";"mazowieckie";"690";"765";"182";"508";"3";"0";"1";"1";"0";"0";"0";"0";"1";"509";"1";"0";"509";"29";"17";"12";"0";"480";"179";"301"
"d330-1d72-1530-5abb-8965-cc66-42db-c0da";"142404";"46";"14";"miasto";"stały";"Miejskie Centrum Kultury i Sztuki, Plac Teatralny 4, 06-100 Pułtusk";"gm. Pułtusk";"pułtuski";"mazowieckie";"852";"938";"296";"556";"2";"4";"0";"0";"0";"0";"0";"0";"0";"556";"0";"0";"556";"18";"6";"12";"0";"538";"240";"298"
"8fe5-7c34-416c-c462-e285-4755-41b4-e889";"142404";"46";"15";"miasto";"stały";"Świetlica osiedlowa, ul. Na Skarpie 10, 06-100 Pułtusk";"gm. Pułtusk";"pułtuski";"mazowieckie";"1121";"1234";"315";"806";"0";"1";"0";"0";"0";"0";"0";"0";"0";"806";"0";"3";"803";"30";"13";"17";"0";"773";"328";"445"
"5c42-1521-31b4-cae8-df92-1427-7e5c-bec3";"142404";"46";"16";"miasto";"stały";"Publiczna Szkoła Podstawowa nr 3 z oddziałami integracyjnymi, Aleja Tysiąclecia 14, 06-100 Pułtusk";"gm. Pułtusk";"pułtuski";"mazowieckie";"2083";"2283";"712";"1371";"2";"10";"0";"0";"0";"0";"0";"0";"0";"1370";"0";"0";"1370";"53";"23";"30";"0";"1317";"590";"727"
"832b-bc43-354e-4f92-e38f-aea0-e410-40f2";"142404";"46";"17";"miasto";"stały";"Specjalny Ośrodek Szkolno-Wychowawczy, Aleja Tysiąclecia 12, 06-100 Pułtusk";"gm. Pułtusk";"pułtuski";"mazowieckie";"1363";"1505";"573";"788";"0";"5";"0";"0";"0";"0";"0";"0";"0";"790";"0";"1";"789";"29";"4";"25";"0";"760";"320";"440"
"4e5e-231a-9904-d5c8-6ecf-0072-62c1-b68c";"142404";"46";"18";"miasto";"zakład leczniczy";"Szpital Powiatowy Gajda-Med Sp. z o. o. w Pułtusku, ul. Teofila Kwiatkowskiego 19, 06-100 Pułtusk";"gm. Pułtusk";"pułtuski";"mazowieckie";"44";"72";"17";"27";"0";"2";"0";"0";"0";"0";"0";"0";"0";"27";"0";"0";"27";"0";"0";"0";"0";"27";"15";"12"
"1002-e2a5-fde1-9f4a-649a-ce4c-2421-763c";"142404";"46";"19";"miasto";"dom pomocy społecznej";"Dom Pomocy Społecznej w Pułtusku, ul. Teofila Kwiatkowskiego 19A, 06-100 Pułtusk";"gm. Pułtusk";"pułtuski";"mazowieckie";"70";"70";"6";"64";"0";"0";"0";"0";"0";"0";"0";"0";"0";"64";"0";"0";"64";"8";"0";"8";"0";"56";"15";"41"
"f9cf-c66e-58fa-00f6-ec14-da6a-2686-f5ea";"142405";"46";"1";"wieś";"stały";"Szkoła Podstawowa w Świerczach, ul. Pułtuska 26A, 06-150 Świercze";"gm. Świercze";"pułtuski";"mazowieckie";"872";"941";"276";"596";"1";"0";"0";"0";"0";"0";"0";"0";"0";"596";"0";"0";"596";"19";"8";"11";"0";"577";"314";"263"
"00e9-804e-94a9-d47d-43ba-ff9f-8d4d-e6e5";"142405";"46";"2";"wieś";"stały";"Szkoła Podstawowa w Świerczach, ul. Pułtuska 26A, 06-150 Świercze";"gm. Świercze";"pułtuski";"mazowieckie";"794";"849";"408";"386";"0";"2";"0";"0";"0";"0";"0";"0";"0";"386";"0";"0";"386";"12";"5";"7";"0";"374";"222";"152"
"1360-4cd3-28b0-3c0b-87d1-f6ed-3cc3-2e96";"142405";"46";"3";"wieś";"stały";"Szkoła Podstawowa w Strzegocinie, Strzegocin 4, 06-150 Świercze";"gm. Świercze";"pułtuski";"mazowieckie";"765";"841";"351";"414";"3";"2";"0";"0";"0";"0";"0";"0";"0";"414";"0";"0";"414";"12";"0";"12";"0";"402";"253";"149"
"dc2c-f2f9-f203-b094-6385-427c-d537-1ea3";"142405";"46";"4";"wieś";"stały";"Świetlica Wiejska, Kowalewice Włościańskie 42, 06-150 Świercze";"gm. Świercze";"pułtuski";"mazowieckie";"570";"622";"240";"330";"1";"1";"0";"0";"0";"0";"0";"0";"0";"330";"0";"0";"330";"7";"0";"7";"0";"323";"154";"169"
"ca65-fefd-5793-7a10-a9c8-576a-e496-25d6";"142405";"46";"5";"wieś";"stały";"budynek po byłej Szkole Podstawowej, Świeszewo 8, 06-150 Świercze";"gm. Świercze";"pułtuski";"mazowieckie";"481";"533";"215";"266";"0";"1";"0";"0";"0";"0";"0";"0";"0";"266";"0";"0";"266";"10";"5";"5";"0";"256";"170";"86"
"7146-66fc-8aae-f45d-0c44-4f7e-9ad5-8eb9";"142406";"46";"1";"wieś";"stały";"Zespół Szkół CKR w Golądkowie, Golądkowo 41F, 06-120 Winnica";"gm. Winnica";"pułtuski";"mazowieckie";"589";"655";"193";"396";"1";"3";"0";"0";"0";"0";"0";"0";"0";"396";"0";"0";"396";"21";"9";"12";"0";"375";"221";"154"
"2249-e9a5-8457-4767-e7ea-7d1d-a35c-0af9";"142406";"46";"2";"wieś";"stały";"Publiczna Szkoła Podstawowa w Błędostowie, Błędostowo 23, 06-120 Winnica";"gm. Winnica";"pułtuski";"mazowieckie";"531";"585";"136";"395";"4";"3";"0";"0";"0";"0";"0";"0";"0";"395";"0";"0";"395";"15";"3";"12";"0";"380";"241";"139"
"2006-e101-ddbb-994e-15af-13e1-95ef-d46d";"142406";"46";"3";"wieś";"stały";"Urząd Gminy w Winnicy, ul. Pułtuska 25, 06-120 Winnica";"gm. Winnica";"pułtuski";"mazowieckie";"826";"910";"257";"569";"4";"6";"0";"0";"0";"0";"0";"0";"0";"569";"0";"0";"569";"17";"5";"12";"0";"552";"334";"218"
"02fe-76a7-c8df-a7a7-593a-9739-58b7-def0";"142406";"46";"4";"wieś";"stały";"Zespół Placówek Oświatowych w Winnicy Publiczna Szkoła Podstawowa w Winnicy, ul. Pułtuska 19, 06-120 Winnica";"gm. Winnica";"pułtuski";"mazowieckie";"992";"1087";"193";"799";"5";"4";"0";"0";"0";"0";"0";"0";"0";"799";"0";"0";"799";"29";"8";"21";"0";"770";"395";"375"
"1357-6223-c7ab-0d43-aaf3-b8b2-e6db-c6ae";"142407";"46";"1";"wieś";"stały";"Zespół Placówek Oświatowych w Zatorach, ul. Jana Pawła II 69, 07-217 Zatory";"gm. Zatory";"pułtuski";"mazowieckie";"743";"803";"239";"504";"2";"5";"0";"0";"0";"0";"0";"0";"0";"504";"0";"0";"504";"25";"9";"16";"0";"479";"239";"240"
"0409-97d6-c74c-25fe-f35e-8709-98c4-1e5e";"142407";"46";"2";"wieś";"stały";"Zespół Placówek Oświatowych w Zatorach, ul. Jana Pawła II 69, 07-217 Zatory";"gm. Zatory";"pułtuski";"mazowieckie";"654";"704";"259";"395";"0";"2";"0";"0";"0";"0";"0";"0";"0";"395";"0";"0";"395";"11";"4";"7";"0";"384";"229";"155"
"a6a7-ffe0-9123-f60c-c9a2-98d5-9852-218c";"142407";"46";"3";"wieś";"stały";"Świetlica Wiejska w Nowych Borsukach, Nowe Borsuki 16A, 07-217 Zatory";"gm. Zatory";"pułtuski";"mazowieckie";"223";"239";"72";"151";"2";"0";"0";"0";"0";"0";"0";"0";"0";"151";"0";"0";"151";"0";"0";"0";"0";"151";"102";"49"
"ecfa-8fa2-362e-edcd-5277-ceec-5a8a-c05c";"142407";"46";"4";"wieś";"stały";"Budynek po byłej Szkole Podstawowej w Ciskach, Ciski 23, 07-217 Zatory";"gm. Zatory";"pułtuski";"mazowieckie";"453";"489";"160";"293";"0";"1";"0";"0";"0";"0";"0";"0";"0";"293";"0";"0";"293";"13";"1";"12";"0";"280";"178";"102"
"8034-be9d-637d-1c58-2bd5-55ee-e0db-7e52";"142407";"46";"5";"wieś";"stały";"Szkoła Podstawowa w Pniewie, Pniewo ul. 18 Maja 6, 07-214 Zatory";"gm. Zatory";"pułtuski";"mazowieckie";"950";"1036";"318";"632";"0";"2";"0";"0";"0";"0";"0";"0";"0";"632";"0";"0";"632";"13";"2";"11";"0";"619";"437";"182"
"9c23-a63b-f130-316e-c044-839b-1fc2-e0e0";"142407";"46";"6";"wieś";"stały";"Samorządowy Punkt Przedszkolny w Gładczynie Rządowym, Gładczyn Rządowy 17, 07-214 Zatory";"gm. Zatory";"pułtuski";"mazowieckie";"551";"602";"213";"338";"0";"0";"0";"0";"0";"0";"0";"0";"0";"338";"0";"0";"338";"12";"2";"10";"0";"326";"210";"116"
"7a10-a205-becd-7407-d9e1-4f3f-3ba5-ae94";"143501";"46";"1";"wieś";"stały";"Szkoła Podstawowa w Brańszczyku, ul. Nadbużna 3, 07-221 Brańszczyk";"gm. Brańszczyk";"wyszkowski";"mazowieckie";"1457";"1513";"498";"959";"1";"2";"0";"0";"0";"0";"0";"0";"0";"958";"0";"0";"958";"20";"4";"16";"0";"938";"554";"384"
"6bf9-45d5-b6fc-c2f9-1d57-f2df-667f-ed17";"143501";"46";"2";"wieś";"stały";"Szkoła Podstawowa w Nowych Budach, Nowe Budy 32, 07-221 Brańszczyk";"gm. Brańszczyk";"wyszkowski";"mazowieckie";"531";"573";"208";"323";"1";"3";"0";"0";"0";"0";"0";"0";"0";"323";"0";"0";"323";"14";"6";"8";"0";"309";"224";"85"
"f524-5da0-d4d8-c440-62d7-4f34-bd49-983c";"143501";"46";"3";"wieś";"stały";"Szkoła Podstawowa w Trzciance, Trzcianka 147, 07-221 Brańszczyk";"gm. Brańszczyk";"wyszkowski";"mazowieckie";"834";"896";"336";"498";"0";"1";"0";"0";"0";"0";"0";"0";"0";"498";"0";"0";"498";"11";"0";"11";"0";"487";"351";"136"
"3a3f-1c8e-5dc9-18cf-b2ec-03fe-e2f3-1ff1";"143501";"46";"4";"wieś";"stały";"Szkoła Podstawowa w Turzynie, Turzyn 95, 07-221 Brańszczyk";"gm. Brańszczyk";"wyszkowski";"mazowieckie";"550";"597";"203";"347";"0";"0";"0";"0";"0";"0";"0";"0";"0";"347";"0";"0";"347";"11";"5";"6";"0";"336";"261";"75"
"724a-b422-b995-1fb1-e8d0-6c0d-4332-99cb";"143501";"46";"5";"wieś";"stały";"Szkoła Podstawowa w Nowej Wsi, Nowa Wieś 75, 07-210 Długosiodło";"gm. Brańszczyk";"wyszkowski";"mazowieckie";"1172";"1214";"501";"671";"0";"0";"0";"0";"0";"0";"0";"0";"0";"671";"0";"0";"671";"13";"1";"12";"0";"658";"434";"224"
"32aa-ccd5-4102-38d8-d3ab-e299-e921-2bfc";"143501";"46";"6";"wieś";"stały";"Szkoła Podstawowa w Porębie, Poręba Średnia 18, 07-308 Poręba Średnia";"gm. Brańszczyk";"wyszkowski";"mazowieckie";"1183";"1313";"368";"815";"5";"11";"0";"0";"0";"0";"0";"0";"0";"815";"0";"0";"815";"23";"3";"20";"0";"792";"476";"316"
"6943-7874-57b8-b92b-b5a8-9cbd-7050-9ed9";"143501";"46";"7";"wieś";"stały";"Szkoła Podstawowa w Knurowcu, Knurowiec 1, 07-221 Brańszczyk";"gm. Brańszczyk";"wyszkowski";"mazowieckie";"335";"368";"164";"171";"0";"0";"0";"0";"0";"0";"0";"0";"0";"171";"0";"0";"171";"9";"0";"9";"0";"162";"123";"39"
"2866-b5fd-5fce-1b14-72be-8a0a-437a-bbcc";"143501";"46";"8";"wieś";"dom pomocy społecznej";"Dom Pomocy Społecznej w Brańszczyku, ul. Jana Pawła II 65, 07-221 Brańszczyk";"gm. Brańszczyk";"wyszkowski";"mazowieckie";"161";"160";"107";"54";"0";"0";"0";"0";"0";"0";"0";"0";"0";"54";"0";"0";"54";"7";"2";"5";"0";"47";"37";"10"
"3524-ae3d-d196-a7dd-7b48-7298-9943-cca7";"143501";"46";"9";"wieś";"dom pomocy społecznej";"Dom Emeryta w Brańszczyku, ul. Jana Pawła II 1, 07-221 Brańszczyk";"gm. Brańszczyk";"wyszkowski";"mazowieckie";"39";"41";"8";"31";"0";"0";"0";"0";"0";"0";"0";"0";"0";"31";"0";"0";"31";"1";"0";"1";"0";"30";"28";"2"
"ab1d-f936-0f1b-bb42-d220-7808-4d9c-42c8";"143502";"46";"1";"wieś";"stały";"Urząd Gminy w Długosiodle, ul. Kościuszki 2, 07-210 Długosiodło";"gm. Długosiodło";"wyszkowski";"mazowieckie";"1882";"2028";"692";"1190";"3";"3";"0";"0";"0";"0";"0";"0";"0";"1190";"0";"0";"1190";"50";"10";"40";"0";"1140";"673";"467"
"e948-d34d-2046-641a-e4a9-1ca5-29ba-7c4d";"143502";"46";"2";"wieś";"stały";"Szkoła Podstawowa im. Papieża Jana Pawła II w Blochach, Blochy ul. Spacerowa 8, 07-210 Długosiodło";"gm. Długosiodło";"wyszkowski";"mazowieckie";"835";"927";"306";"529";"0";"5";"0";"0";"0";"0";"0";"0";"0";"529";"0";"0";"529";"16";"16";"0";"0";"513";"375";"138"
"9f7a-a52b-f22c-d765-7a29-2a0b-d413-ec63";"143502";"46";"3";"wieś";"stały";"Zespół Szkół w Starym Bosewie, Stare Bosewo ul. Rozwojowa 19, 07-210 Długosiodło";"gm. Długosiodło";"wyszkowski";"mazowieckie";"887";"984";"300";"587";"0";"4";"0";"0";"0";"0";"0";"0";"0";"587";"0";"0";"587";"20";"11";"9";"0";"567";"338";"229"
"56e4-d725-c900-a2df-5bb5-c560-7fd7-4b02";"143502";"46";"4";"wieś";"stały";"Szkoła Podstawowa im. hm. ppor. AK ""Zośki"" T. Zawadzkiego w Sieczychach, Sieczychy 43, 07-211 Długosiodło";"gm. Długosiodło";"wyszkowski";"mazowieckie";"416";"456";"193";"223";"0";"0";"0";"0";"0";"0";"0";"0";"0";"223";"0";"0";"223";"9";"2";"7";"0";"214";"174";"40"
"495d-2718-ab65-6c9e-1594-cee5-1cfd-29d6";"143502";"46";"5";"wieś";"stały";"Szkoła Podstawowa im. Janusza Korczaka w Dalekiem, Dalekie 69, 07-211 Długosiodło";"gm. Długosiodło";"wyszkowski";"mazowieckie";"712";"787";"299";"413";"0";"4";"0";"0";"0";"0";"0";"0";"0";"413";"0";"0";"413";"18";"1";"17";"0";"395";"304";"91"
"a452-fb0b-c6d0-7c82-3d0b-aa00-a710-463d";"143502";"46";"6";"wieś";"stały";"Gminne Centrum Informacji, Kultury, Sportu i Rekreacji Punkt Biblioteczny w Chrzczance Włościańskiej, Chrzczanka Włościańska ul. Wspólna 6, 07-210 Długosiodło";"gm. Długosiodło";"wyszkowski";"mazowieckie";"844";"921";"327";"517";"1";"1";"0";"0";"0";"0";"0";"0";"0";"517";"0";"0";"517";"12";"0";"12";"0";"505";"352";"153"
"2e17-adca-8d65-9807-8f5b-63a2-1fd3-d3a8";"143503";"46";"1";"wieś";"stały";"Urząd Gminy w Rząśniku, ul. Jesionowa 3, 07-205 Rząśnik";"gm. Rząśnik";"wyszkowski";"mazowieckie";"1253";"1368";"358";"895";"0";"2";"0";"0";"0";"0";"0";"0";"0";"895";"0";"0";"895";"24";"4";"20";"0";"871";"596";"275"
"8136-db99-96e6-44fc-75c1-58ab-4afe-20dd";"143503";"46";"2";"wieś";"stały";"Szkoła Podstawowa im. Orła Białego w Komorowie, Komorowo 34, 07-205 Rząśnik";"gm. Rząśnik";"wyszkowski";"mazowieckie";"608";"625";"178";"430";"1";"1";"0";"0";"0";"0";"0";"0";"0";"430";"0";"0";"430";"6";"1";"5";"0";"424";"345";"79"
"7dfe-3706-a379-0d8b-005e-1ba1-4dd5-0dc2";"143503";"46";"3";"wieś";"stały";"Budynek po Szkole Podstawowej w Nowych Wielątkach, Nowe Wielątki 31, 07-205 Rząśnik";"gm. Rząśnik";"wyszkowski";"mazowieckie";"474";"506";"166";"308";"0";"0";"0";"0";"0";"0";"0";"0";"0";"308";"0";"0";"308";"4";"0";"4";"0";"304";"213";"91"
"b08f-df16-df80-1040-dbc1-f05a-7878-1c11";"143503";"46";"4";"wieś";"stały";"Szkoła Podstawowa im. ks. Jan Trzaskomy w Porządziu, Porządzie 93, 07-205 Rząśnik";"gm. Rząśnik";"wyszkowski";"mazowieckie";"556";"585";"179";"377";"0";"2";"0";"0";"0";"0";"0";"0";"0";"377";"0";"0";"377";"14";"2";"12";"0";"363";"254";"109"
"9d10-1016-a8a1-ffe7-ea8e-bc9a-9643-0b60";"143503";"46";"5";"wieś";"stały";"Budynek Filii Gminnej Biblioteki Publicznej w Nowym Lubielu, Nowy Lubiel 28, 07-207 Rząśnik";"gm. Rząśnik";"wyszkowski";"mazowieckie";"542";"598";"215";"327";"0";"7";"0";"0";"0";"0";"0";"0";"0";"327";"0";"0";"327";"22";"6";"16";"0";"305";"209";"96"
"96ec-9138-0c08-7c96-f068-3914-490a-43e0";"143503";"46";"6";"wieś";"stały";"Szkoła Podstawowa im. Jana Pawła II w Bielinie, Bielino 32A, 07-207 Rząśnik";"gm. Rząśnik";"wyszkowski";"mazowieckie";"584";"639";"199";"385";"0";"0";"0";"0";"0";"0";"0";"0";"0";"385";"0";"0";"385";"12";"2";"10";"0";"373";"294";"79"
"e966-3407-8146-a875-9513-9f9d-fd37-d093";"143503";"46";"7";"wieś";"stały";"Budynek Świetlicy Wiejskiej w Ochudnie, Ochudno 43, 07-200 Wyszków";"gm. Rząśnik";"wyszkowski";"mazowieckie";"399";"426";"120";"279";"0";"0";"0";"0";"0";"0";"0";"0";"0";"279";"0";"0";"279";"4";"0";"4";"0";"275";"178";"97"
"a8ba-9f1e-1286-09b4-11d6-e19e-a4c9-2a23";"143503";"46";"8";"wieś";"stały";"Budynek Domu Kultury w Dąbrowie, Dąbrowa 39, 07-205 Rząśnik";"gm. Rząśnik";"wyszkowski";"mazowieckie";"370";"400";"138";"232";"1";"1";"0";"0";"0";"0";"0";"0";"0";"232";"0";"0";"232";"4";"1";"3";"0";"228";"175";"53"
"875b-8332-d993-7693-103b-b687-6332-4850";"143503";"46";"9";"wieś";"stały";"Szkoła Podstawowa im. ks. Kardynała Stefana Wyszyńskiego w Starym Lubielu, Stary Lubiel 22A, 07-207 Rząśnik";"gm. Rząśnik";"wyszkowski";"mazowieckie";"290";"327";"129";"161";"0";"2";"0";"0";"0";"0";"0";"0";"0";"161";"0";"0";"161";"9";"1";"8";"0";"152";"109";"43"
"6b59-3128-4820-4930-1897-3240-900f-8494";"143504";"46";"1";"wieś";"stały";"Gminny Ośrodek Kultury w Somiance, Somianka-Parcele 21, 07-203 Somianka";"gm. Somianka";"wyszkowski";"mazowieckie";"1055";"1164";"344";"711";"0";"7";"0";"0";"0";"0";"0";"0";"0";"709";"0";"0";"709";"19";"2";"17";"0";"690";"428";"262"
"237e-99b6-96d2-87cc-22ab-a09a-90e0-bf24";"143504";"46";"2";"wieś";"stały";"Szkoła Podstawowa im. por. pil. Stefana Okrzei w Kręgach, Kręgi 9, 07-200 Wyszków";"gm. Somianka";"wyszkowski";"mazowieckie";"254";"278";"67";"187";"0";"0";"0";"0";"0";"0";"0";"0";"0";"187";"0";"0";"187";"6";"1";"5";"0";"181";"120";"61"
"3f28-2807-860c-37b3-3aaa-36f0-d3d7-cc7b";"143504";"46";"3";"wieś";"stały";"Szkoła Podstawowa w Popowie Kościelnym im. Kazimiery Augustynowicz, Popowo Kościelne 60, 07-203 Somianka";"gm. Somianka";"wyszkowski";"mazowieckie";"857";"972";"249";"608";"1";"18";"0";"0";"0";"0";"0";"0";"0";"608";"0";"0";"608";"20";"6";"14";"0";"588";"295";"293"
"0428-aec4-873d-14cf-65ab-9019-c3fe-e152";"143504";"46";"4";"wieś";"stały";"Szkoła Podstawowa w Ulasku, Ulasek 28a, 07-203 Somianka";"gm. Somianka";"wyszkowski";"mazowieckie";"580";"634";"172";"408";"0";"1";"0";"0";"0";"0";"0";"0";"0";"408";"0";"0";"408";"13";"9";"4";"0";"395";"289";"106"
"ab33-ada5-f03a-7f18-c787-ebe1-6d5a-d68c";"143504";"46";"5";"wieś";"stały";"Nowe Wypychy 14a, Nowe Wypychy 14a, 07-206 Somianka";"gm. Somianka";"wyszkowski";"mazowieckie";"456";"493";"195";"261";"0";"1";"0";"0";"0";"0";"0";"0";"0";"261";"0";"0";"261";"6";"0";"6";"0";"255";"199";"56"
"abac-fa1a-f446-0a10-43f9-9ebd-4d7b-8d52";"143504";"46";"6";"wieś";"stały";"Szkoła Podstawowa im. gen. bryg. pil. Stanisława Skalskiego w Woli Mystkowskiej, Wola Mystkowska 17, 07-206 Somianka";"gm. Somianka";"wyszkowski";"mazowieckie";"869";"950";"350";"519";"1";"0";"0";"0";"0";"0";"0";"0";"0";"519";"0";"0";"519";"14";"1";"13";"0";"505";"352";"153"
"bdfa-6869-dc62-3ccb-6ab6-4951-45c3-a1c2";"143504";"46";"7";"wieś";"oddział zewnętrzny zakładu karnego";"Oddział Zewnętrzny w Popowie, Popowo-Parcele ul. Nadbużańska 39, 07-203 Somianka";"gm. Somianka";"wyszkowski";"mazowieckie";"117";"117";"4";"113";"0";"0";"0";"0";"0";"0";"0";"0";"0";"113";"0";"0";"113";"13";"2";"11";"0";"100";"26";"74"
"3052-5a5f-3cf3-c313-d164-b156-592b-7b61";"143505";"46";"1";"miasto";"stały";"Zakład Doskonalenia Zawodowego, ul. Komisji Edukacji Narodowej 2, 07-200 Wyszków";"gm. Wyszków";"wyszkowski";"mazowieckie";"791";"844";"233";"556";"0";"6";"0";"0";"0";"0";"0";"0";"0";"558";"0";"0";"558";"21";"4";"17";"0";"537";"258";"279"
"5e0e-b2dd-bca4-b4c6-713b-3db6-4c38-d207";"143505";"46";"2";"miasto";"stały";"Szkoła Podstawowa nr 5 im. Żołnierzy Armii Krajowej (wejście A), ul. Geodetów 45, 07-200 Wyszków";"gm. Wyszków";"wyszkowski";"mazowieckie";"1454";"1577";"400";"1054";"0";"8";"0";"0";"0";"0";"0";"0";"0";"1054";"0";"0";"1054";"34";"21";"13";"0";"1020";"541";"479"
"a78a-949f-648d-e3a6-693b-3a6a-56c9-edf9";"143505";"46";"3";"miasto";"stały";"Szkoła Podstawowa nr 5 im. Żołnierzy Armii Krajowej (wejście B), ul. Geodetów 45, 07-200 Wyszków";"gm. Wyszków";"wyszkowski";"mazowieckie";"1407";"1543";"363";"1044";"0";"2";"0";"0";"0";"0";"0";"0";"0";"1044";"0";"0";"1044";"32";"11";"21";"0";"1012";"548";"464"
"3b47-c8ca-928e-ffa4-794b-9667-c518-0e9b";"143505";"46";"4";"miasto";"stały";"Wyszkowski Ośrodek Sportu i Rekreacji (hala sportowa), ul. Geodetów 45, 07-200 Wyszków";"gm. Wyszków";"wyszkowski";"mazowieckie";"1260";"1360";"334";"926";"0";"5";"0";"0";"0";"0";"0";"0";"0";"925";"0";"0";"925";"31";"12";"19";"0";"894";"467";"427"
"a86b-a9e9-6434-a173-63f2-8c10-1d32-d7b0";"143505";"46";"5";"miasto";"stały";"Przedszkole Nr 9 ""Bajka"", ul. Pułtuska 143, 07-200 Wyszków";"gm. Wyszków";"wyszkowski";"mazowieckie";"1232";"1346";"435";"797";"0";"5";"0";"0";"0";"0";"0";"0";"0";"797";"0";"0";"797";"24";"7";"17";"0";"773";"420";"353"
"351b-7709-d386-5564-ba7b-fbb9-2364-1f88";"143505";"46";"6";"miasto";"stały";"Przedszkole Nr 1, ul. Prosta 7a, 07-202 Wyszków";"gm. Wyszków";"wyszkowski";"mazowieckie";"1233";"1349";"327";"906";"3";"3";"0";"0";"0";"0";"0";"0";"0";"906";"0";"0";"906";"33";"8";"25";"0";"873";"430";"443"
"2650-74b1-f606-4632-9ee1-df6c-5e60-7c2e";"143505";"46";"7";"miasto";"stały";"Szkoła Podstawowa Nr 2 im. Władysława Broniewskiego, ul. Jana Matejki 5, 07-200 Wyszków";"gm. Wyszków";"wyszkowski";"mazowieckie";"1280";"1403";"386";"894";"1";"4";"0";"0";"0";"0";"0";"0";"0";"894";"0";"0";"894";"19";"4";"15";"0";"875";"485";"390"
"aa5b-d54f-adaf-e515-1ea5-49ec-20bb-07cc";"143505";"46";"8";"miasto";"stały";"Powiatowy Urząd Pracy, ul. Tadeusza Kościuszki 15, 07-200 Wyszków";"gm. Wyszków";"wyszkowski";"mazowieckie";"1550";"1772";"478";"1072";"4";"7";"0";"0";"0";"0";"0";"0";"0";"1072";"0";"0";"1072";"40";"14";"26";"0";"1032";"532";"500"
"83be-218c-a579-f630-e5a5-33e5-fe3c-b882";"143505";"46";"9";"miasto";"stały";"Zespół Szkół Nr 1 im. Marii Skłodowskiej-Curie, ul. Świętojańska 89, 07-202 Wyszków";"gm. Wyszków";"wyszkowski";"mazowieckie";"1312";"1418";"476";"836";"1";"11";"0";"0";"0";"0";"0";"0";"0";"836";"0";"0";"836";"20";"2";"18";"0";"816";"415";"401"
"d93c-9830-56f5-039c-6a39-06ca-8329-21e0";"143505";"46";"10";"miasto";"stały";"Wyszkowski Ośrodek Kultury ""Hutnik"", ul. Prosta 7, 07-202 Wyszków";"gm. Wyszków";"wyszkowski";"mazowieckie";"1379";"1500";"418";"961";"5";"10";"0";"0";"0";"0";"0";"0";"0";"961";"0";"0";"961";"40";"15";"25";"0";"921";"455";"466"
"2970-cad8-b4a8-9e8b-f192-abb5-d0de-4567";"143505";"46";"11";"miasto";"stały";"Szkoła Podstawowa nr 4 im. Obrońców Westerplatte (wejście A), ul. Generała Józefa Sowińskiego 55, 07-202 Wyszków";"gm. Wyszków";"wyszkowski";"mazowieckie";"1171";"1268";"475";"696";"2";"3";"0";"0";"0";"0";"0";"0";"0";"695";"0";"0";"695";"23";"9";"14";"0";"672";"349";"323"
"be89-ca1c-6810-f3d0-44d7-132c-6644-1d66";"143505";"46";"12";"miasto";"stały";"Szkoła Podstawowa nr 4 im. Obrońców Westerplatte (wejście B), ul. Gen. Józefa Sowińskiego 55, 07-202 Wyszków";"gm. Wyszków";"wyszkowski";"mazowieckie";"1303";"1414";"371";"932";"1";"3";"0";"0";"0";"0";"0";"0";"0";"932";"0";"0";"932";"22";"5";"17";"0";"910";"483";"427"
"df50-b282-3013-c276-dfbd-bec4-23b4-937e";"143505";"46";"13";"miasto";"stały";"Biblioteka Publiczna Miejsko-Gminna im. C. K. Norwida, ul. Generała Józefa Sowińskiego 80, 07-200 Wyszków";"gm. Wyszków";"wyszkowski";"mazowieckie";"1151";"1259";"319";"832";"1";"2";"0";"0";"0";"0";"0";"0";"0";"832";"0";"0";"832";"24";"8";"16";"0";"808";"455";"353"
"a997-e321-869c-1f59-f794-5bfa-fd07-5e51";"143505";"46";"14";"miasto";"stały";"Szkoła Podstawowa Nr 1 im. Adama Mickiewicza, ul. 11 Listopada 62, 07-200 Wyszków";"gm. Wyszków";"wyszkowski";"mazowieckie";"1289";"1385";"423";"866";"3";"4";"0";"0";"0";"0";"0";"0";"0";"865";"0";"0";"865";"27";"9";"18";"0";"838";"404";"434"
"a0c7-1a26-d233-f9af-5853-f8bd-0907-921c";"143505";"46";"15";"miasto";"stały";"Szkoła Podstawowa nr 3 im. Jana Hempla (wejście A), ul. Stefana Batorego 6, 07-201 Wyszków";"gm. Wyszków";"wyszkowski";"mazowieckie";"1162";"1260";"353";"809";"0";"0";"0";"0";"0";"0";"0";"0";"0";"809";"0";"0";"809";"24";"5";"19";"0";"785";"397";"388"
"fdf5-7607-7bd9-ec60-53a8-6e9d-685c-2685";"143505";"46";"16";"wieś";"stały";"Remiza Ochotniczej Straży Pożarnej, Kamieńczyk ul. Warszawska 6, 07-202 Wyszków";"gm. Wyszków";"wyszkowski";"mazowieckie";"610";"731";"110";"500";"9";"24";"0";"0";"0";"0";"0";"0";"0";"500";"0";"0";"500";"13";"2";"11";"0";"487";"274";"213"
"f345-bb5c-da6b-d417-9181-6c0a-2602-d9ee";"143505";"46";"17";"wieś";"stały";"Szkoła Filialna Szkoły Podstawowej nr 3, Skuszew ul. Przejazdowa 81, 07-201 Wyszków";"gm. Wyszków";"wyszkowski";"mazowieckie";"540";"598";"207";"333";"2";"1";"0";"0";"0";"0";"0";"0";"0";"333";"0";"0";"333";"5";"2";"3";"0";"328";"190";"138"
"d96b-ea1e-57c4-7a6b-b494-94c9-4f42-fd07";"143505";"46";"18";"wieś";"stały";"Szkoła Podstawowa im. J. Brzechwy (wejście A), Lucynów ul. Szkolna 12, 07-201 Wyszków";"gm. Wyszków";"wyszkowski";"mazowieckie";"1020";"1121";"435";"585";"0";"3";"0";"0";"0";"0";"0";"0";"0";"585";"0";"0";"585";"22";"6";"16";"0";"563";"387";"176"
"567a-c75f-9d3b-bfca-f2f9-e449-6f65-ac7b";"143505";"46";"19";"wieś";"stały";"Szkoła Podstawowa im. J. Brzechwy (wejście B), Lucynów ul. Szkolna 12, 07-201 Wyszków";"gm. Wyszków";"wyszkowski";"mazowieckie";"601";"646";"243";"358";"0";"5";"0";"0";"0";"0";"0";"0";"0";"358";"0";"0";"358";"11";"3";"8";"0";"347";"243";"104"
"e72d-ce76-4a14-5f32-f596-94c7-333f-aa00";"143505";"46";"20";"wieś";"stały";"Szkoła Podstawowa nr 3 im. Jana Hempla (wejście B), ul. Stefana Batorego 6, 07-201 Wyszków";"gm. Wyszków";"wyszkowski";"mazowieckie";"500";"546";"190";"310";"1";"0";"0";"0";"0";"0";"0";"0";"0";"310";"0";"0";"310";"6";"1";"5";"0";"304";"220";"84"
"adb6-20ba-3dc3-adb2-ef0d-69d3-d3a3-6abf";"143505";"46";"21";"wieś";"stały";"Przedszkole nr 2, ul. Meliorantów 13, 07-200 Wyszków";"gm. Wyszków";"wyszkowski";"mazowieckie";"970";"1058";"281";"689";"0";"1";"0";"0";"0";"0";"0";"0";"0";"689";"0";"0";"689";"25";"4";"21";"0";"664";"269";"395"
"2ef9-bd53-7371-1cd1-ad5e-5b07-4e44-8cb5";"143505";"46";"22";"wieś";"stały";"Remiza Ochotniczej Straży Pożarnej, Gulczewo ul. Szkolna 16, 07-200 Wyszków";"gm. Wyszków";"wyszkowski";"mazowieckie";"430";"478";"125";"305";"3";"6";"0";"0";"0";"0";"0";"0";"0";"305";"0";"0";"305";"13";"3";"10";"0";"292";"161";"131"
"4cf6-b74b-c1ea-b756-47d5-0793-d36a-41f8";"143505";"46";"23";"wieś";"stały";"Szkoła Podstawowa im. Henryka Sienkiewicza, Rybno ul. Wyszkowska 87, 07-200 Wyszków";"gm. Wyszków";"wyszkowski";"mazowieckie";"1030";"1129";"367";"663";"1";"0";"0";"0";"0";"0";"0";"0";"0";"663";"0";"0";"663";"29";"6";"23";"0";"634";"404";"230"
"4dad-bb36-2057-4e46-104e-39fa-1836-e5b4";"143505";"46";"24";"wieś";"stały";"Szkoła Podstawowa im. Kardynała Stefana Wyszyńskiego, Leszczydół Stary 38, 07-202 Wyszków";"gm. Wyszków";"wyszkowski";"mazowieckie";"970";"1069";"377";"593";"3";"1";"0";"0";"0";"0";"0";"0";"0";"593";"0";"0";"593";"19";"0";"19";"0";"574";"460";"114"
"5ce7-a60c-1a51-5f15-b277-f313-20ca-d8a4";"143505";"46";"25";"wieś";"stały";"Szkoła Podstawowa, Olszanka 39, 07-200 Wyszków";"gm. Wyszków";"wyszkowski";"mazowieckie";"442";"488";"127";"315";"1";"0";"0";"0";"0";"0";"0";"0";"0";"315";"0";"0";"315";"17";"4";"13";"0";"298";"215";"83"
"0298-5062-4b2f-e4fb-8a37-5fa7-49c9-c9af";"143505";"46";"26";"wieś";"stały";"Szkoła Podstawowa, Łosinno ul. Szkolna 12, 07-200 Wyszków";"gm. Wyszków";"wyszkowski";"mazowieckie";"400";"429";"157";"243";"2";"0";"0";"0";"0";"0";"0";"0";"0";"243";"0";"0";"243";"7";"2";"5";"0";"236";"189";"47"
"f4b5-bd73-234c-713c-3bab-7eec-ba17-a5de";"143505";"46";"27";"wieś";"stały";"Szkoła Podstawowa im. Jana Pawła II, Leszczydół-Nowiny ul. Szkolna 26, 07-202 Wyszków";"gm. Wyszków";"wyszkowski";"mazowieckie";"1226";"1348";"462";"764";"0";"0";"0";"0";"0";"0";"0";"0";"0";"764";"0";"0";"764";"23";"4";"19";"0";"741";"448";"293"
"0415-7260-a516-3648-85d5-3e40-ba4d-e5ff";"143505";"46";"28";"miasto";"zakład leczniczy";"Samodzielny Publiczny Zespół Zakładów Opieki Zdrowotnej w Wyszkowie, ul. Komisji Edukacji Narodowej 1, 07-200 Wyszków";"gm. Wyszków";"wyszkowski";"mazowieckie";"74";"112";"47";"27";"0";"1";"0";"0";"0";"0";"0";"0";"0";"27";"0";"0";"27";"2";"0";"2";"0";"25";"19";"6"
"4ffa-18e4-2e50-d4b8-fb10-3741-7a81-17fa";"143506";"46";"1";"wieś";"stały";"Gminny Ośrodek Kultury, ul. Wł. St. Reymonta 2, 07-230 Zabrodzie";"gm. Zabrodzie";"wyszkowski";"mazowieckie";"1082";"1223";"310";"772";"0";"12";"0";"0";"0";"0";"0";"0";"0";"772";"0";"0";"772";"13";"3";"10";"0";"759";"526";"233"
"9a91-fcfa-81d7-82f3-c377-1d6d-bf4e-8951";"143506";"46";"2";"wieś";"stały";"Dom Pomocy Społecznej dla Dzieci, Niegów ul. Wierzbowa 4, 07-230 Zabrodzie";"gm. Zabrodzie";"wyszkowski";"mazowieckie";"1041";"1154";"332";"709";"0";"17";"0";"0";"0";"0";"0";"0";"0";"709";"0";"0";"709";"11";"5";"6";"0";"698";"488";"210"
"39f0-d5fc-70be-4078-ce14-3f83-5938-0deb";"143506";"46";"3";"wieś";"stały";"Publiczna Szkoła Podstawowa, Dębinki ul. C. K. Norwida 26, 07-230 Zabrodzie";"gm. Zabrodzie";"wyszkowski";"mazowieckie";"787";"868";"305";"482";"1";"1";"0";"0";"0";"0";"0";"0";"0";"482";"0";"0";"482";"12";"0";"12";"0";"470";"347";"123"
"dff1-d26b-c447-162e-8888-b73c-86b7-75c0";"143506";"46";"4";"wieś";"stały";"Publiczna Szkoła Podstawowa, Adelin 46, 07-230 Zabrodzie";"gm. Zabrodzie";"wyszkowski";"mazowieckie";"591";"662";"168";"423";"0";"0";"0";"0";"0";"0";"0";"0";"0";"423";"0";"0";"423";"8";"3";"5";"0";"415";"233";"182"
"e9f5-c405-e158-312d-ba63-4cd9-b389-9abd";"143506";"46";"5";"wieś";"stały";"Budynek po Szkole Podstawowej, Kiciny 52, 07-230 Zabrodzie";"gm. Zabrodzie";"wyszkowski";"mazowieckie";"735";"815";"332";"403";"1";"0";"0";"0";"0";"0";"0";"0";"0";"403";"0";"0";"403";"18";"3";"15";"0";"385";"294";"91"
"d828-e90c-2aca-7bff-40af-0660-854e-36ed";"146101";"46";"1";"miasto";"stały";"I Liceum Ogólnokształcące im. Generała Józefa Bema w Ostrołęce, ul. Romualda Traugutta 1, 07-410 Ostrołęka";"m. Ostrołęka";"Ostrołęka";"mazowieckie";"1944";"2134";"729";"1215";"0";"16";"1";"1";"0";"0";"0";"0";"1";"1216";"1";"0";"1216";"35";"16";"19";"0";"1181";"679";"502"
"ef27-6574-4da2-6d34-501d-2265-31e5-888c";"146101";"46";"2";"miasto";"stały";"Urząd Miasta Ostrołęki, Plac gen. Józefa Bema 1, 07-410 Ostrołęka";"m. Ostrołęka";"Ostrołęka";"mazowieckie";"920";"991";"301";"619";"2";"3";"0";"0";"0";"0";"0";"0";"0";"619";"0";"0";"619";"22";"8";"14";"0";"597";"310";"287"
"ffae-ed46-5bd3-8a70-6265-708a-6da8-c144";"146101";"46";"3";"miasto";"stały";"Przedszkole Miejskie Nr 10, ul. Mazowiecka 7, 07-410 Ostrołęka";"m. Ostrołęka";"Ostrołęka";"mazowieckie";"1637";"1663";"573";"1064";"1";"0";"2";"2";"0";"0";"0";"0";"2";"1066";"2";"0";"1066";"39";"14";"25";"0";"1027";"500";"527"
"1052-7b8d-6a08-0e15-eb7a-75b5-c98d-81ab";"146101";"46";"4";"miasto";"stały";"Szkoła Podstawowa Nr 6 im. Orła Białego, ul. Henryka Sienkiewicza 15, 07-410 Ostrołęka";"m. Ostrołęka";"Ostrołęka";"mazowieckie";"1740";"1845";"626";"1114";"0";"0";"0";"0";"0";"0";"0";"0";"0";"1113";"0";"0";"1113";"30";"15";"15";"0";"1083";"594";"489"
"5ec1-121b-cc1c-4e74-55bc-2ad5-57d3-33a4";"146101";"46";"5";"miasto";"stały";"Zespół Szkół Zawodowych Nr 3 im. Kardynała Stefana Wyszyńskiego, ul. Stefana Jaracza 5, 07-410 Ostrołęka";"m. Ostrołęka";"Ostrołęka";"mazowieckie";"1518";"1655";"613";"905";"0";"7";"1";"1";"0";"0";"0";"0";"1";"906";"1";"0";"906";"18";"6";"12";"0";"888";"509";"379"
"e669-b3aa-650d-a5b4-57ff-7f73-d92e-5809";"146101";"46";"6";"miasto";"stały";"II Liceum Ogólnokształcące im. Cypriana Kamila Norwida, ul. Romualda Traugutta 2, 07-410 Ostrołęka";"m. Ostrołęka";"Ostrołęka";"mazowieckie";"1561";"1653";"711";"850";"6";"3";"0";"0";"0";"0";"0";"0";"0";"849";"0";"0";"849";"32";"9";"23";"0";"817";"485";"332"
"21c2-9230-d40a-f1f7-1b0b-4c36-e4b2-3edb";"146101";"46";"7";"miasto";"stały";"Szkoła Podstawowa Nr 2 im. Stanisława Staszica, ul. Papiernicza 1, 07-410 Ostrołęka";"m. Ostrołęka";"Ostrołęka";"mazowieckie";"1487";"1621";"562";"925";"1";"6";"0";"0";"0";"0";"0";"0";"0";"924";"0";"0";"924";"29";"5";"24";"0";"895";"494";"401"
"9804-6487-a38b-488e-735a-e277-8a33-5d5d";"146101";"46";"8";"miasto";"stały";"Ostrołęcka Spółdzielnia Mieszkaniowa, ul. gen. Józefa Hallera 13, 07-410 Ostrołęka";"m. Ostrołęka";"Ostrołęka";"mazowieckie";"1521";"1636";"609";"912";"0";"2";"0";"0";"0";"0";"0";"0";"0";"912";"0";"0";"912";"24";"5";"19";"0";"888";"485";"403"
"8aad-ebb1-d29b-5a21-5912-ecf4-bc3a-a8b2";"146101";"46";"9";"miasto";"stały";"Przedszkole Miejskie Nr 13, ul. Dzieci Polskich 5, 07-410 Ostrołęka";"m. Ostrołęka";"Ostrołęka";"mazowieckie";"1046";"1127";"307";"739";"2";"6";"0";"0";"0";"0";"0";"0";"0";"739";"0";"0";"739";"22";"8";"14";"0";"717";"352";"365"
"8702-84b3-3f8f-66e0-52d3-de05-4ab8-a9f6";"146101";"46";"10";"miasto";"stały";"Przedszkole Miejskie Nr 5, ul. Piękna 12, 07-410 Ostrołęka";"m. Ostrołęka";"Ostrołęka";"mazowieckie";"1617";"1747";"694";"923";"1";"9";"0";"0";"0";"0";"0";"0";"0";"923";"0";"0";"923";"37";"4";"33";"0";"886";"510";"376"
"d70f-05bb-998a-2aad-f80a-1fec-684f-f127";"146101";"46";"11";"miasto";"stały";"Przedszkole Miejskie Nr 7, ul. dr. Józefa Psarskiego 24, 07-410 Ostrołęka";"m. Ostrołęka";"Ostrołęka";"mazowieckie";"1291";"1398";"480";"811";"0";"7";"0";"0";"0";"0";"0";"0";"0";"810";"0";"0";"810";"38";"7";"31";"0";"772";"404";"368"
"afd5-521b-26a7-12a9-e755-c7f5-5e65-ce09";"146101";"46";"12";"miasto";"stały";"Szkoła Podstawowa Nr 5 im. Zofii Niedziałkowskiej, ul. gen. Józefa Hallera 12, 07-410 Ostrołęka";"m. Ostrołęka";"Ostrołęka";"mazowieckie";"654";"697";"299";"355";"0";"2";"0";"0";"0";"0";"0";"0";"0";"355";"0";"0";"355";"15";"1";"14";"0";"340";"158";"182"
"1a98-9cec-58ba-d5bf-d17c-337e-a369-6995";"146101";"46";"13";"miasto";"stały";"Zespół Szkół Zawodowych Nr 1 im. Józefa Psarskiego, ul. 11 Listopada 20, 07-410 Ostrołęka";"m. Ostrołęka";"Ostrołęka";"mazowieckie";"1431";"1548";"489";"942";"0";"5";"0";"0";"0";"0";"0";"0";"0";"942";"0";"0";"942";"24";"9";"15";"0";"918";"465";"453"
"acd0-5ba4-cb50-87bd-3b1d-b618-82d5-9a23";"146101";"46";"14";"miasto";"stały";"Szkoła Podstawowa Nr 1 im. Stanisława Jachowicza, ul. gen. Augusta Emila Fieldorfa ""Nila"" 4/6, 07-410 Ostrołęka";"m. Ostrołęka";"Ostrołęka";"mazowieckie";"1646";"1787";"527";"1119";"0";"8";"0";"0";"0";"0";"0";"0";"0";"1119";"0";"0";"1119";"26";"12";"14";"0";"1093";"558";"535"
"5e3f-8fe9-31ab-ddad-216a-5808-66da-3d3b";"146101";"46";"15";"miasto";"stały";"Przedszkole Miejskie Nr 16, ul. Powstańców 4, 07-410 Ostrołęka";"m. Ostrołęka";"Ostrołęka";"mazowieckie";"1694";"1813";"572";"1122";"0";"1";"0";"0";"0";"0";"0";"0";"0";"1122";"0";"0";"1122";"41";"24";"17";"0";"1081";"509";"572"
"7c5d-e91f-9a70-ad16-149f-8b54-9715-da22";"146101";"46";"16";"miasto";"stały";"Placówka Pieczy Zastępczej ""Korczakówka"", ul. Poznańska 34/36, 07-410 Ostrołęka";"m. Ostrołęka";"Ostrołęka";"mazowieckie";"1859";"1986";"488";"1371";"0";"7";"1";"1";"0";"0";"0";"0";"1";"1372";"1";"0";"1372";"39";"16";"23";"0";"1333";"631";"702"
"779c-3b4f-9d04-291f-4206-db68-ac9d-f2da";"146101";"46";"17";"miasto";"stały";"Przedszkole Miejskie Nr 1, ul. rtm. Witolda Pileckiego 11A, 07-410 Ostrołęka";"m. Ostrołęka";"Ostrołęka";"mazowieckie";"1729";"1869";"548";"1181";"0";"3";"0";"0";"0";"0";"0";"0";"0";"1181";"0";"0";"1181";"49";"8";"41";"0";"1132";"554";"578"
"9511-2401-d58a-7906-5cc9-8f1a-2375-e0fa";"146101";"46";"18";"miasto";"stały";"III Liceum Ogólnokształcące im. Unii Europejskiej, ul. ks. Franciszka Blachnickiego 5, 07-410 Ostrołęka";"m. Ostrołęka";"Ostrołęka";"mazowieckie";"1891";"2079";"563";"1328";"1";"8";"0";"0";"0";"0";"0";"0";"0";"1328";"0";"0";"1328";"25";"6";"19";"0";"1303";"609";"694"
"ebaf-c26a-b8ee-2a85-ce29-448c-d854-6dd6";"146101";"46";"19";"miasto";"stały";"Szkoła Podstawowa Nr 10 im. Jana Pawła II, ul. ks. Franciszka Blachnickiego 16, 07-410 Ostrołęka";"m. Ostrołęka";"Ostrołęka";"mazowieckie";"1876";"2173";"465";"1411";"1";"4";"0";"0";"0";"0";"0";"0";"0";"1411";"0";"0";"1411";"39";"12";"27";"0";"1372";"700";"672"
"a60b-a8ae-f285-cebb-7ec3-b152-7b2d-571b";"146101";"46";"20";"miasto";"stały";"Ostrołęckie Centrum Kultury Klub ""Oczko"", ul. gen. Władysława Sikorskiego 6, 07-410 Ostrołęka";"m. Ostrołęka";"Ostrołęka";"mazowieckie";"1785";"1946";"645";"1140";"0";"9";"0";"0";"0";"0";"0";"0";"0";"1140";"0";"0";"1140";"42";"16";"26";"0";"1098";"567";"531"
"2031-4fad-4b81-ccdf-ee65-50c2-925c-f0bd";"146101";"46";"21";"miasto";"stały";"Placówka Wsparcia Dziennego, Plac Dworcowy 4, 07-410 Ostrołęka";"m. Ostrołęka";"Ostrołęka";"mazowieckie";"1730";"1880";"581";"1149";"1";"8";"0";"0";"0";"0";"0";"0";"0";"1149";"0";"0";"1149";"46";"18";"28";"0";"1103";"663";"440"
"d679-0a2c-a466-d2bd-1c1f-786d-11bc-87e3";"146101";"46";"22";"miasto";"stały";"Szkoła Podstawowa Nr 3 im. Adama Mickiewicza, ul. Ignacego Jerzego Skowrońskiego 8, 07-410 Ostrołęka";"m. Ostrołęka";"Ostrołęka";"mazowieckie";"1260";"1358";"410";"850";"0";"4";"0";"0";"0";"0";"0";"0";"0";"850";"0";"0";"850";"34";"10";"24";"0";"816";"456";"360"
"c5a6-3133-12b9-0996-2ecd-e7dd-ae96-ac24";"146101";"46";"23";"miasto";"stały";"Budynek administracyjno-biurowy, ul. gen. Augusta Emila Fieldorfa ""Nila"" 15, 07-410 Ostrołęka";"m. Ostrołęka";"Ostrołęka";"mazowieckie";"1112";"1188";"325";"787";"1";"3";"1";"1";"0";"0";"0";"0";"1";"788";"1";"0";"788";"21";"8";"13";"0";"767";"338";"429"
"661d-ea5b-c420-edd0-4fc1-4bd5-8aa9-fcd8";"146101";"46";"24";"miasto";"stały";"Budynek socjalno-gospodarczy, ul. Sosnowa 5, 07-410 Ostrołęka";"m. Ostrołęka";"Ostrołęka";"mazowieckie";"577";"607";"199";"378";"3";"0";"0";"0";"0";"0";"0";"0";"0";"378";"0";"0";"378";"11";"4";"7";"0";"367";"184";"183"
"afd1-26b7-3481-84a6-8261-9f39-99d7-8f36";"146101";"46";"25";"miasto";"stały";"Spółdzielnia Mieszkaniowa ""Centrum"", ul. gen. Władysława Sikorskiego 45, 07-410 Ostrołęka";"m. Ostrołęka";"Ostrołęka";"mazowieckie";"1219";"1248";"473";"746";"0";"0";"0";"0";"0";"0";"0";"0";"0";"746";"0";"0";"746";"20";"4";"16";"0";"726";"317";"409"
"0d6f-7747-338c-b8a1-f89c-5eb4-3cd0-fc0d";"146101";"46";"26";"miasto";"dom pomocy społecznej";"Dom Pomocy Społecznej, ul. Rolna 27, 07-410 Ostrołęka";"m. Ostrołęka";"Ostrołęka";"mazowieckie";"173";"174";"59";"114";"0";"0";"0";"0";"0";"0";"0";"0";"0";"114";"0";"0";"114";"6";"1";"5";"0";"108";"68";"40"
"d397-67d8-e1c5-6819-27d8-2353-2b68-d103";"146101";"46";"27";"miasto";"dom pomocy społecznej";"Dom Pomocy Społecznej PCK, Aleja Wojska Polskiego 32, 07-410 Ostrołęka";"m. Ostrołęka";"Ostrołęka";"mazowieckie";"15";"15";"0";"15";"0";"0";"0";"0";"0";"0";"0";"0";"0";"15";"0";"0";"15";"1";"0";"1";"0";"14";"10";"4"
"109d-68d0-ee32-eb6b-aa8f-793a-b652-fe6a";"146101";"46";"28";"miasto";"zakład leczniczy";"Mazowiecki Szpital Specjalistyczny w Ostrołęce im. dr. J. Psarskiego, Aleja Jana Pawła II 120A, 07-410 Ostrołęka";"m. Ostrołęka";"Ostrołęka";"mazowieckie";"207";"249";"74";"133";"0";"4";"0";"0";"0";"0";"0";"0";"0";"133";"0";"0";"133";"3";"0";"3";"0";"130";"91";"39"
"34da-fd5d-412a-b1cf-26c0-c449-427e-6846";"146101";"46";"29";"miasto";"zakład leczniczy";"Zakład Pielęgnacyjno-Opiekuńczy Mazowieckiego Szpitala Specjalistycznego w Ostrołęce im. dr. J. Psarskiego, ul. Henryka Sienkiewicza 56, 07-410 Ostrołęka";"m. Ostrołęka";"Ostrołęka";"mazowieckie";"20";"20";"12";"8";"0";"0";"0";"0";"0";"0";"0";"0";"0";"8";"0";"0";"8";"0";"0";"0";"0";"8";"5";"3"
"b574-ef0c-44dc-4cbc-08bd-3c08-96d5-3134";"";"44";"89";"zagranica";"zagranica";"Al Asad Air Base (AAAB), Al Asad, Republika Iraku";"";"";"";"-";"-";"-";"-";"-";"-";"-";"-";"-";"-";"-";"-";"-";"-";"-";"-";"-";"-";"-";"-";"-";"-";"-";"-"
"baef-dd2d-5baa-ead8-92bb-be2c-9a51-a1e2";"";"44";"119";"zagranica";"zagranica";"Novo Selo, Camp Maréshal de Lattre de Tassigny Novo Selo/Maxhunaj, Novo Selo/Maxhunaj, Republika Kosowa";"";"";"";"-";"-";"-";"-";"-";"-";"-";"-";"-";"-";"-";"-";"-";"-";"-";"-";"-";"-";"-";"-";"-";"-";"-";"-"
"8a16-233c-3cec-586f-4c5b-9e39-863f-1b4c";"";"44";"87";"zagranica";"zagranica";"Irbil, Agencja Konsularna RP Junction of Texas and Hawaii Street, 250, American Village, Khanzad, Irbil, Irbil, Republika Iraku";"";"";"";"-";"-";"-";"-";"-";"-";"-";"-";"-";"-";"-";"-";"-";"-";"-";"-";"-";"-";"-";"-";"-";"-";"-";"-"
"77ff-e659-096f-60b8-dd11-2683-a7fa-42a7";"";"44";"1";"zagranica";"zagranica";"Airfield Building 13982 Disney&California Loop (South), APO AE09354, Bagram, Islamska Republika Afganistanu";"";"";"";"-";"-";"-";"-";"-";"-";"-";"-";"-";"-";"-";"-";"-";"-";"-";"-";"-";"-";"-";"-";"-";"-";"-";"-"
"fa31-6795-b9fb-c775-0559-2e68-10de-652d";"";"44";"88";"zagranica";"zagranica";"At-Taji, Camp Taji Joint Operations Base in Taji, At-Taji, Republika Iraku";"";"";"";"-";"-";"-";"-";"-";"-";"-";"-";"-";"-";"-";"-";"-";"-";"-";"-";"-";"-";"-";"-";"-";"-";"-";"-"
"36ff-c714-1fd9-06a0-b9e4-4cb3-2031-a154";"";"44";"186";"zagranica";"zagranica";"Krajowa, Cercul Militar Craiova Strada Marin Sorescu nr 2 200642 Craiova, Craiova, Rumunia";"";"";"";"-";"-";"-";"-";"-";"-";"-";"-";"-";"-";"-";"-";"-";"-";"-";"-";"-";"-";"-";"-";"-";"-";"-";"-"
