"Nr komisji";"Siedziba komisji";"TERYT Gminy";"Gmina";"Powiat";"Województwo";"Liczba komisji";"Liczba uwzględnionych komisji";"LANGA Dariusz - KW BEZPARTYJNI SAMORZĄDOWCY";"BAŃKA Kamil Piotr - KW BEZPARTYJNI SAMORZĄDOWCY";"PROKOPOWICZ Dariusz - KW BEZPARTYJNI SAMORZĄDOWCY";"TYRKA-STEĆKO Beata - KW BEZPARTYJNI SAMORZĄDOWCY";"ZIELIŃSKI Krzysztof Jacek - KW BEZPARTYJNI SAMORZĄDOWCY";"ŚWIERGOŃ Wojciech Kazimierz - KW BEZPARTYJNI SAMORZĄDOWCY";"CHIBOWSKI Arkadiusz - KW BEZPARTYJNI SAMORZĄDOWCY";"GUZ Małgorzata - KW BEZPARTYJNI SAMORZĄDOWCY";"CELIŃSKI Marek - KW BEZPARTYJNI SAMORZĄDOWCY";"SOWA Justyna - KW BEZPARTYJNI SAMORZĄDOWCY";"LEWCZUK Damian Jarosław - KW BEZPARTYJNI SAMORZĄDOWCY";"ŁACHOWSKI Krzysztof - KW BEZPARTYJNI SAMORZĄDOWCY";"PAWLUCZUK Paweł - KW BEZPARTYJNI SAMORZĄDOWCY";"WYSOKIŃSKA Dorota - KW BEZPARTYJNI SAMORZĄDOWCY";"ZALEWSKA Agnieszka - KW BEZPARTYJNI SAMORZĄDOWCY";"FRANAS Dawid - KW BEZPARTYJNI SAMORZĄDOWCY";"WOCH Ewelina Ilona - KW BEZPARTYJNI SAMORZĄDOWCY";"BOBOWSKI Aleksander Marek - KW BEZPARTYJNI SAMORZĄDOWCY";"WOCH Monika - KW BEZPARTYJNI SAMORZĄDOWCY";"MACANKO Joanna Magdalena - KW BEZPARTYJNI SAMORZĄDOWCY";"POLAK-SALOMON Izabella Janina - KW BEZPARTYJNI SAMORZĄDOWCY";"PIWKO Julia - KW BEZPARTYJNI SAMORZĄDOWCY";"RÓŻYCKI Marcin - KW BEZPARTYJNI SAMORZĄDOWCY";"KOZIARA Ewa Małgorzata - KW BEZPARTYJNI SAMORZĄDOWCY";"RÓŻYŃSKI Wiesław Marian - KKW TRZECIA DROGA PSL-PL2050 SZYMONA HOŁOWNI";"ĆWIK Sławomir - KKW TRZECIA DROGA PSL-PL2050 SZYMONA HOŁOWNI";"SOSNOWSKI Sławomir Antoni - KKW TRZECIA DROGA PSL-PL2050 SZYMONA HOŁOWNI";"SŁOMIANY Honorata Ewa - KKW TRZECIA DROGA PSL-PL2050 SZYMONA HOŁOWNI";"LEWANDOWSKA Katarzyna Ewa - KKW TRZECIA DROGA PSL-PL2050 SZYMONA HOŁOWNI";"ROT Katarzyna Beata - KKW TRZECIA DROGA PSL-PL2050 SZYMONA HOŁOWNI";"KUŚMIRZ Iwona - KKW TRZECIA DROGA PSL-PL2050 SZYMONA HOŁOWNI";"USS Marek Marian - KKW TRZECIA DROGA PSL-PL2050 SZYMONA HOŁOWNI";"MAKSYMIUK Arkadiusz - KKW TRZECIA DROGA PSL-PL2050 SZYMONA HOŁOWNI";"PIOTROWSKI Marek Tadeusz - KKW TRZECIA DROGA PSL-PL2050 SZYMONA HOŁOWNI";"WIŚNIEWSKA Anna - KKW TRZECIA DROGA PSL-PL2050 SZYMONA HOŁOWNI";"MAZURUK Janusz Stefan - KKW TRZECIA DROGA PSL-PL2050 SZYMONA HOŁOWNI";"SOLAN Alicja - KKW TRZECIA DROGA PSL-PL2050 SZYMONA HOŁOWNI";"BARSZCZEWSKI Michał Konrad - KKW TRZECIA DROGA PSL-PL2050 SZYMONA HOŁOWNI";"BUNDYRA Piotr Jerzy - KKW TRZECIA DROGA PSL-PL2050 SZYMONA HOŁOWNI";"MAŁYSA Marek Jerzy - KKW TRZECIA DROGA PSL-PL2050 SZYMONA HOŁOWNI";"ŁUCJAN Łukasz Adam - KKW TRZECIA DROGA PSL-PL2050 SZYMONA HOŁOWNI";"BARTNIK Elżbieta Anna - KKW TRZECIA DROGA PSL-PL2050 SZYMONA HOŁOWNI";"PRUS Agnieszka Angelina - KKW TRZECIA DROGA PSL-PL2050 SZYMONA HOŁOWNI";"KAPŁON Dominika - KKW TRZECIA DROGA PSL-PL2050 SZYMONA HOŁOWNI";"MACKIEWICZ Piotr - KKW TRZECIA DROGA PSL-PL2050 SZYMONA HOŁOWNI";"MAKSYMOWICZ Barbara - KKW TRZECIA DROGA PSL-PL2050 SZYMONA HOŁOWNI";"KUCZYŃSKA-JUREK Beata Monika - KKW TRZECIA DROGA PSL-PL2050 SZYMONA HOŁOWNI";"SOCHA Renata - KKW TRZECIA DROGA PSL-PL2050 SZYMONA HOŁOWNI";"BUŹNIAK Sylwia Lidia - KW NOWA LEWICA";"JAROSZEK Marek Zdzisław - KW NOWA LEWICA";"KORKOSZ Andrzej Jerzy - KW NOWA LEWICA";"SOKOŁOWSKA Elżbieta - KW NOWA LEWICA";"BEDNARZ Tomasz - KW NOWA LEWICA";"KLIMKOWICZ Natalia - KW NOWA LEWICA";"WASZKIEWICZ Gerard - KW NOWA LEWICA";"BURDA Magdalena Otylia - KW NOWA LEWICA";"SICZEK Piotr Paweł - KW NOWA LEWICA";"WOROTYŃSKI Marcin Zbigniew - KW NOWA LEWICA";"HOŁOWEŃKO Małgorzata - KW NOWA LEWICA";"CIESIELCZUK Andrzej Tomasz - KW NOWA LEWICA";"BIENIEK Ewa - KW NOWA LEWICA";"CHĘĆ Jacek Tomasz - KW NOWA LEWICA";"FRĘCHOWICZ Wojciech - KW NOWA LEWICA";"BOBER Agata Pamela - KW NOWA LEWICA";"SZUMSKI Łukasz - KW NOWA LEWICA";"PASTUSZKA Izabela Agnieszka - KW NOWA LEWICA";"TATAR Ewa Maria - KW NOWA LEWICA";"DUKLEWSKI Dariusz Antoni - KW NOWA LEWICA";"WOLSKI Krzysztof Andrzej - KW NOWA LEWICA";"SKUBIS Emilia Dominika - KW NOWA LEWICA";"DEJNAS VEL DENEK Andrzej Stanisław - KW NOWA LEWICA";"KUPCZYK Janusz Wojciech - KW NOWA LEWICA";"KAMIŃSKI Mariusz - KW PRAWO I SPRAWIEDLIWOŚĆ";"MADZIAR Ryszard Jan - KW PRAWO I SPRAWIEDLIWOŚĆ";"SACHAJKO Jarosław - KW PRAWO I SPRAWIEDLIWOŚĆ";"PAWŁOWSKA Monika Jolanta - KW PRAWO I SPRAWIEDLIWOŚĆ";"ZIELIŃSKI Tomasz Andrzej - KW PRAWO I SPRAWIEDLIWOŚĆ";"STEFANIUK Dariusz Paweł - KW PRAWO I SPRAWIEDLIWOŚĆ";"ROMANOWSKI Marcin - KW PRAWO I SPRAWIEDLIWOŚĆ";"KONCEWICZ-OBSZAŃSKA Magdalena Eliza - KW PRAWO I SPRAWIEDLIWOŚĆ";"SZWED Zdzisław - KW PRAWO I SPRAWIEDLIWOŚĆ";"WRÓBEL Grzegorz - KW PRAWO I SPRAWIEDLIWOŚĆ";"ZAWIŚLAK Sławomir - KW PRAWO I SPRAWIEDLIWOŚĆ";"NIEBRZEGOWSKI Szczepan - KW PRAWO I SPRAWIEDLIWOŚĆ";"STRZAŁKA Beata Małgorzata - KW PRAWO I SPRAWIEDLIWOŚĆ";"GAŁASZKIEWICZ Krzysztof Jan - KW PRAWO I SPRAWIEDLIWOŚĆ";"SYMCZUK Maryla - KW PRAWO I SPRAWIEDLIWOŚĆ";"ZAWIŚLAK Monika Anna - KW PRAWO I SPRAWIEDLIWOŚĆ";"BARSZCZEWSKA Barbara Aldona - KW PRAWO I SPRAWIEDLIWOŚĆ";"SZWAJ Jerzy Ryszard - KW PRAWO I SPRAWIEDLIWOŚĆ";"OLBORSKI Andrzej Feliks - KW PRAWO I SPRAWIEDLIWOŚĆ";"MISZTAL Stanisław - KW PRAWO I SPRAWIEDLIWOŚĆ";"CZARNECKA Halina - KW PRAWO I SPRAWIEDLIWOŚĆ";"CARUK Czesława Jadwiga - KW PRAWO I SPRAWIEDLIWOŚĆ";"MAZUREK Karol Filip - KW PRAWO I SPRAWIEDLIWOŚĆ";"DĄBROWSKA-BANASZEK Anna - KW PRAWO I SPRAWIEDLIWOŚĆ";"TUMANOWICZ Witold Sławomir - KW KONFEDERACJA WOLNOŚĆ I NIEPODLEGŁOŚĆ";"DOMAŃSKI Bogusław Waldemar - KW KONFEDERACJA WOLNOŚĆ I NIEPODLEGŁOŚĆ";"KASPRZAK Wiktor - KW KONFEDERACJA WOLNOŚĆ I NIEPODLEGŁOŚĆ";"CZERWONKA Patryk Eligiusz - KW KONFEDERACJA WOLNOŚĆ I NIEPODLEGŁOŚĆ";"ŁUKASIK Rafał Mirosław - KW KONFEDERACJA WOLNOŚĆ I NIEPODLEGŁOŚĆ";"SZAJNER Bartłomiej - KW KONFEDERACJA WOLNOŚĆ I NIEPODLEGŁOŚĆ";"CHMIEL Krystyna Zofia - KW KONFEDERACJA WOLNOŚĆ I NIEPODLEGŁOŚĆ";"BĄK Stanisław - KW KONFEDERACJA WOLNOŚĆ I NIEPODLEGŁOŚĆ";"SZCZEPANIAK-DERKACZ Monika Iwona - KW KONFEDERACJA WOLNOŚĆ I NIEPODLEGŁOŚĆ";"KOMOŃ Paweł Daniel - KW KONFEDERACJA WOLNOŚĆ I NIEPODLEGŁOŚĆ";"CYNKIER Tomasz Jan - KW KONFEDERACJA WOLNOŚĆ I NIEPODLEGŁOŚĆ";"MAZOWIECKI Rafał - KW KONFEDERACJA WOLNOŚĆ I NIEPODLEGŁOŚĆ";"KARPIUK Magdalena Cecylia - KW KONFEDERACJA WOLNOŚĆ I NIEPODLEGŁOŚĆ";"LEWCZUK Kamil - KW KONFEDERACJA WOLNOŚĆ I NIEPODLEGŁOŚĆ";"KUŚMIERZ Magdalena - KW KONFEDERACJA WOLNOŚĆ I NIEPODLEGŁOŚĆ";"GŁOGOWSKA-MIKITA Magdalena - KW KONFEDERACJA WOLNOŚĆ I NIEPODLEGŁOŚĆ";"MULAWA Justyna Elżbieta - KW KONFEDERACJA WOLNOŚĆ I NIEPODLEGŁOŚĆ";"ZIELIŃSKI Wojciech Szymon - KW KONFEDERACJA WOLNOŚĆ I NIEPODLEGŁOŚĆ";"KUBICA Kamil - KW KONFEDERACJA WOLNOŚĆ I NIEPODLEGŁOŚĆ";"RYCAK Dorota - KW KONFEDERACJA WOLNOŚĆ I NIEPODLEGŁOŚĆ";"STOPA Anna - KW KONFEDERACJA WOLNOŚĆ I NIEPODLEGŁOŚĆ";"MEKLER Anna - KW KONFEDERACJA WOLNOŚĆ I NIEPODLEGŁOŚĆ";"CZARNECKA-SOBCZAK Barbara - KW KONFEDERACJA WOLNOŚĆ I NIEPODLEGŁOŚĆ";"MAZUREK Michał - KW KONFEDERACJA WOLNOŚĆ I NIEPODLEGŁOŚĆ";"GRABCZUK Krzysztof - KKW KOALICJA OBYWATELSKA PO .N IPL ZIELONI";"GROMADZKA Małgorzata - KKW KOALICJA OBYWATELSKA PO .N IPL ZIELONI";"ŻMIJAN Stanisław - KKW KOALICJA OBYWATELSKA PO .N IPL ZIELONI";"BELINA-WAWRYK Ewa - KKW KOALICJA OBYWATELSKA PO .N IPL ZIELONI";"BUCZYŃSKI Maciej Paweł - KKW KOALICJA OBYWATELSKA PO .N IPL ZIELONI";"KLIMCZUK Agnieszka - KKW KOALICJA OBYWATELSKA PO .N IPL ZIELONI";"GRABEK Andrzej Anatol - KKW KOALICJA OBYWATELSKA PO .N IPL ZIELONI";"JACZYŃSKA Agnieszka Julianna - KKW KOALICJA OBYWATELSKA PO .N IPL ZIELONI";"CICHOCKI Mariusz - KKW KOALICJA OBYWATELSKA PO .N IPL ZIELONI";"ZADRĄG Elżbieta - KKW KOALICJA OBYWATELSKA PO .N IPL ZIELONI";"FEDORCZUK Jerzy - KKW KOALICJA OBYWATELSKA PO .N IPL ZIELONI";"ŁAŃCUCKA Grażyna Bożena - KKW KOALICJA OBYWATELSKA PO .N IPL ZIELONI";"ZARĘBSKI Jerzy Józef - KKW KOALICJA OBYWATELSKA PO .N IPL ZIELONI";"BOGUTYN Anna Mariola - KKW KOALICJA OBYWATELSKA PO .N IPL ZIELONI";"KARGUL Andrzej Adam - KKW KOALICJA OBYWATELSKA PO .N IPL ZIELONI";"GWIZDAŁA Beata - KKW KOALICJA OBYWATELSKA PO .N IPL ZIELONI";"ANTONIUK Tomasz Wojciech - KKW KOALICJA OBYWATELSKA PO .N IPL ZIELONI";"SZYMAŃSKA Paulina - KKW KOALICJA OBYWATELSKA PO .N IPL ZIELONI";"BORODIJUK Edward Józef - KKW KOALICJA OBYWATELSKA PO .N IPL ZIELONI";"TYWONIUK Magdalena Dorota - KKW KOALICJA OBYWATELSKA PO .N IPL ZIELONI";"PASTUSZEK Mariusz - KKW KOALICJA OBYWATELSKA PO .N IPL ZIELONI";"PACIORKOWSKA Anna Marzena - KKW KOALICJA OBYWATELSKA PO .N IPL ZIELONI";"JÓŹWIK Kamil - KKW KOALICJA OBYWATELSKA PO .N IPL ZIELONI";"KARGOL Rafał Benedykt - KKW KOALICJA OBYWATELSKA PO .N IPL ZIELONI";"CZEKIRDA Piotr - KW POLSKA JEST JEDNA";"WNUK-GREGORCZYK Iwona Ewelina - KW POLSKA JEST JEDNA";"GAWROŃSKI Marek Piotr - KW POLSKA JEST JEDNA";"RARAK Ewelina - KW POLSKA JEST JEDNA";"WENEK Monika - KW POLSKA JEST JEDNA";"BACZEWSKI Józef Fryderyk - KW POLSKA JEST JEDNA";"SWEKLEJ Edyta Małgorzata - KW POLSKA JEST JEDNA";"SOLAN Bernard - KW POLSKA JEST JEDNA";"PLAŻUK Krzysztof - KW POLSKA JEST JEDNA";"STOPA-LICHOGRAJ Magdalena Elżbieta - KW POLSKA JEST JEDNA";"HUSZALUK Krzysztof Franciszek - KW POLSKA JEST JEDNA";"FURTAK Marcin - KW POLSKA JEST JEDNA";"SMYK Krzysztof - KW POLSKA JEST JEDNA";"HAŁAS Wiesław - KW POLSKA JEST JEDNA";"FRYC Krystyna - KW POLSKA JEST JEDNA";"BAKAJ Marcin - KW POLSKA JEST JEDNA";"GRABOWSKA-NOWICKA Marzena Monika - KW POLSKA JEST JEDNA";"BRZYSZKO Emilia - KW POLSKA JEST JEDNA";"STYCUŁA Tadeusz - KW POLSKA JEST JEDNA";"HACZYKOWSKA Karolina - KWW RDIP";"POŹDZIK Adam - KWW RDIP";"KOŁODZIEJAK Agnieszka - KWW RDIP";"BEŁDYK Wiesław Roman - KWW RDIP";"SZAFRAN-JOSZCZUK Magdalena Anna - KWW RDIP";"WIŚNIEWSKI Grzegorz - KWW RDIP";"BODZIAK Ewa Justyna - KWW RDIP";"MIL Jolanta Izabela - KWW RDIP";"ZDYBEL Wojciech Krzysztof - KWW RDIP";"RUBAJ Andrzej - KWW RDIP";"MIL Stanisław Piotr - KWW RDIP";"MICHALAK Artur - KWW RDIP";"CYBUL Rafał - KWW RDIP"
1;"Samorządowe Przedszkole Nr 2 w Międzyrzecu Podlaskim, ul. Przedszkolna 2, 21-560 Międzyrzec Podlaski";60101;"m. Międzyrzec Podlaski";"bialski";"lubelskie";1;1;5;1;0;1;0;0;3;0;0;1;2;0;0;4;0;0;0;0;1;0;0;0;0;0;16;2;25;1;5;1;1;6;5;1;3;4;5;2;0;0;1;1;1;2;1;2;0;2;29;2;2;2;0;3;0;0;1;0;1;0;4;0;1;0;1;1;0;0;0;0;0;0;100;40;15;16;3;204;12;1;2;3;0;2;0;2;0;0;18;1;0;1;0;0;8;9;33;4;5;0;0;1;0;1;3;1;0;2;0;4;1;4;0;2;4;0;1;0;1;2;24;16;128;2;14;0;0;1;1;0;0;0;0;3;2;0;0;1;0;0;0;0;3;0;6;5;0;12;0;0;2;0;0;0;0;0;0;0;0;0;0;0;0;3;0;0;0;0;0;0;0;0;0;0;0;0
2;"Liceum Ogólnokształcące w Międzyrzecu Podlaskim, ul. Lubelska 57, 21-560 Międzyrzec Podlaski";60101;"m. Międzyrzec Podlaski";"bialski";"lubelskie";1;1;3;0;0;0;0;0;3;1;0;0;0;0;0;0;0;0;2;0;0;0;0;2;0;1;8;3;9;3;2;0;1;0;3;0;0;0;0;1;1;0;0;0;0;0;0;0;1;2;10;0;1;1;0;2;1;0;1;0;3;0;1;0;0;0;0;0;0;1;0;1;0;0;64;5;9;13;0;93;4;1;0;0;0;2;0;0;1;0;7;0;0;2;0;0;12;7;7;2;2;0;0;0;1;0;0;1;0;0;0;1;0;0;0;0;2;0;0;1;0;1;7;6;38;0;1;0;2;1;1;1;0;0;0;1;0;0;0;0;0;0;0;0;0;0;1;1;0;7;0;0;0;0;0;0;0;0;0;0;0;0;0;0;0;1;0;0;0;0;0;0;1;0;0;0;0;0
3;"Zespół Szkół Technicznych w Międzyrzecu Podlaskim, ul. Warszawska 30, 21-560 Międzyrzec Podlaski";60101;"m. Międzyrzec Podlaski";"bialski";"lubelskie";1;1;4;0;1;0;1;0;4;0;0;1;0;0;0;0;3;0;0;0;0;0;0;1;0;0;10;2;19;1;1;0;0;3;1;1;4;1;1;1;0;0;0;0;0;2;0;1;0;2;14;1;0;2;0;1;1;0;0;0;6;0;2;0;0;0;1;2;0;0;0;0;0;0;63;13;8;10;2;91;2;2;1;2;0;2;0;0;0;0;6;0;0;0;2;1;8;3;14;3;3;0;0;0;0;1;0;1;0;1;1;1;0;0;0;2;2;0;0;0;0;0;7;8;76;0;6;1;0;0;1;1;0;0;0;0;0;1;1;0;0;0;0;0;0;0;5;2;0;11;1;0;0;0;0;0;0;0;0;0;0;0;0;0;0;0;0;0;0;0;0;0;0;0;0;0;0;0
4;"Sala gimnastyczna Zespołu Placówek Oświatowych Nr 1 w Międzyrzecu Podlaskim, ul. Warszawska 40, 21-560 Międzyrzec Podlaski";60101;"m. Międzyrzec Podlaski";"bialski";"lubelskie";1;1;2;1;5;0;0;0;10;1;1;4;0;0;0;1;1;0;0;0;0;0;0;0;0;1;28;1;25;5;6;2;0;4;5;1;2;1;2;3;0;0;0;1;2;1;0;0;1;1;8;0;0;0;0;2;0;0;1;0;3;1;1;0;0;0;0;0;0;0;0;0;0;0;75;0;15;12;0;159;2;0;0;4;1;0;1;0;2;0;15;0;1;1;1;0;10;1;18;2;4;0;1;1;2;1;0;2;0;0;0;0;2;0;0;0;3;0;1;0;0;5;6;8;62;0;4;0;0;0;1;0;0;0;0;0;0;0;0;1;0;1;0;0;0;0;4;0;1;13;0;0;1;0;0;0;0;0;0;0;0;1;0;0;1;0;0;0;0;0;0;0;0;0;0;0;0;1
5;"Zespół Szkół Ekonomicznych w Międzyrzecu Podlaskim, ul. 3 Maja 40/42, 21-560 Międzyrzec Podlaski";60101;"m. Międzyrzec Podlaski";"bialski";"lubelskie";1;1;3;0;8;2;0;0;2;0;0;4;0;0;0;2;0;1;0;0;0;0;0;1;0;0;9;6;53;6;8;1;0;11;6;0;0;1;2;6;0;0;0;0;0;1;1;1;1;3;14;0;1;3;1;3;0;1;0;0;17;4;2;0;0;2;0;1;1;0;0;1;0;1;124;11;25;12;6;348;6;1;0;1;1;0;2;0;4;0;33;0;1;2;1;1;8;18;50;13;6;1;6;0;5;0;1;5;0;0;1;3;0;1;0;1;3;0;0;0;1;4;18;18;172;1;7;2;0;1;1;0;0;1;0;0;1;1;2;3;0;0;1;1;3;0;7;1;0;31;0;0;0;0;1;1;1;0;0;0;1;0;0;0;2;2;0;1;1;0;0;0;0;0;0;0;0;0
6;"Zespół Placówek Oświatowych Nr 3 w Międzyrzecu Podlaskim, ul. Leśna 2, 21-560 Międzyrzec Podlaski";60101;"m. Międzyrzec Podlaski";"bialski";"lubelskie";1;1;4;0;5;0;1;0;4;2;0;0;1;0;1;4;1;0;1;0;1;0;0;0;0;0;17;7;30;4;8;1;4;10;4;2;3;2;2;1;1;0;2;0;0;1;5;1;1;5;29;2;1;2;0;4;0;1;1;0;27;3;2;1;0;1;0;0;1;0;0;2;1;0;122;34;13;21;2;303;7;2;0;2;0;2;6;0;1;0;35;1;0;0;4;1;6;9;31;5;5;0;2;1;2;3;2;2;0;3;2;3;1;1;1;1;4;0;0;1;1;4;18;11;161;2;10;4;0;3;0;0;1;0;0;0;2;0;0;1;0;1;0;1;3;0;5;1;0;30;0;0;3;0;0;0;0;0;0;0;0;0;0;0;0;0;0;2;0;0;0;0;0;0;0;0;0;2
7;"Strażnica OSP ""Zawadki"" w Międzyrzecu Podlaskim, ul. Zawadki 8, 21-560 Międzyrzec Podlaski";60101;"m. Międzyrzec Podlaski";"bialski";"lubelskie";1;1;0;0;8;1;0;0;7;0;0;0;0;1;1;0;0;1;2;0;1;1;0;3;0;0;16;6;16;3;3;0;2;1;3;0;4;0;1;3;1;2;1;1;0;1;0;2;0;2;17;1;0;3;0;2;0;0;0;0;10;0;0;0;0;0;0;0;0;0;0;1;0;0;78;8;16;11;7;179;3;0;0;4;0;0;2;0;0;0;7;0;0;0;0;0;7;3;27;4;1;0;1;2;3;1;1;3;0;0;0;2;0;0;2;0;0;1;0;1;0;4;20;14;64;1;1;0;1;1;0;2;1;0;0;1;1;0;0;1;0;0;0;0;1;0;6;0;2;21;0;0;0;0;0;0;0;0;0;0;0;1;0;0;2;1;0;2;0;0;0;0;0;1;0;0;0;0
8;"Hala sportowa Zespołu Placówek Oświatowych Nr 2 w Międzyrzecu Podlaskim, ul. Partyzantów 8, 21-560 Międzyrzec Podlaski";60101;"m. Międzyrzec Podlaski";"bialski";"lubelskie";1;1;6;1;5;0;0;0;4;0;0;1;2;0;0;3;0;1;1;0;2;0;0;1;0;1;26;9;50;5;10;3;0;9;3;4;5;2;7;3;0;0;0;1;2;5;5;0;2;2;39;3;1;3;3;9;1;0;2;0;8;2;2;0;0;0;0;0;0;2;1;0;0;1;143;32;20;21;5;303;15;1;1;4;0;4;5;0;2;1;16;1;1;1;0;0;17;12;42;6;9;1;3;0;6;4;0;7;0;1;2;2;5;0;0;0;2;0;2;0;0;8;14;19;168;1;8;1;0;5;1;0;0;1;0;3;1;2;0;2;0;0;1;1;0;0;9;0;0;35;2;1;0;0;4;0;1;1;3;1;0;0;3;0;2;2;0;0;0;0;0;1;0;0;0;0;0;1
9;"Świetlica Zespołu Placówek Oświatowych Nr 2 w Międzyrzecu Podlaskim, ul. Partyzantów 8, 21-560 Międzyrzec Podlaski";60101;"m. Międzyrzec Podlaski";"bialski";"lubelskie";1;1;2;1;2;0;1;0;5;0;0;1;0;0;2;0;0;0;0;0;0;0;0;0;1;0;19;3;21;3;1;0;0;3;2;0;1;1;0;1;0;0;0;0;1;1;1;1;0;2;13;2;0;3;0;4;0;0;0;0;10;0;0;1;0;0;0;0;0;1;0;0;0;0;68;13;6;7;1;101;5;1;0;3;0;1;1;0;1;0;11;0;0;0;1;0;7;10;21;2;2;0;0;0;4;0;0;0;1;0;0;3;0;0;0;0;0;1;0;0;0;1;12;5;71;1;5;0;0;0;0;0;0;0;0;0;0;1;0;0;0;0;0;0;0;1;4;1;0;18;0;0;0;0;4;0;0;0;0;0;0;0;0;0;0;3;0;1;0;0;0;0;0;2;0;0;0;0
10;"Świetlica Spółdzielni Mieszkaniowej w Międzyrzecu Podlaskim, ul. Prymasa Stefana Wyszyńskiego 7, 21-560 Międzyrzec Podlaski";60101;"m. Międzyrzec Podlaski";"bialski";"lubelskie";1;1;9;0;7;1;2;0;7;1;0;1;0;0;1;3;2;0;1;0;0;0;0;3;0;0;38;17;47;7;19;7;7;10;5;6;7;1;1;7;3;1;1;1;0;3;4;0;1;6;44;4;0;2;1;6;0;0;0;0;16;1;2;0;0;0;0;0;0;5;0;1;1;0;166;66;33;11;6;360;1;1;2;11;0;0;1;0;2;3;23;1;0;1;1;0;6;8;66;8;6;1;4;2;11;3;5;9;0;2;2;5;0;3;2;2;4;1;1;1;2;7;38;31;279;2;19;3;0;6;4;0;0;0;0;3;2;0;1;2;0;0;2;1;1;0;14;2;1;65;1;0;2;0;0;1;0;0;0;1;1;0;1;0;3;1;0;0;0;0;0;0;0;0;0;0;0;1
11;"Szpital Powiatowy w Międzyrzecu Podlaskim, ul. Warszawska 2 - 4, 21-560 Międzyrzec Podlaski";60101;"m. Międzyrzec Podlaski";"bialski";"lubelskie";1;1;1;0;1;0;0;0;0;0;0;0;0;0;0;0;0;0;0;1;0;0;0;0;0;1;0;0;0;0;1;0;0;0;0;0;0;0;1;0;0;0;0;0;0;0;0;0;0;0;0;0;0;0;0;0;0;0;0;0;0;0;0;0;0;0;0;0;0;0;0;0;0;0;10;3;1;1;0;14;0;0;0;1;0;0;2;0;1;1;0;0;0;0;0;0;0;0;0;0;0;0;0;0;0;0;0;1;0;0;0;0;0;0;0;0;0;0;0;0;0;1;0;0;2;0;0;0;0;0;0;0;0;0;0;0;0;0;0;0;0;0;0;0;0;0;0;0;0;0;0;0;0;0;0;0;0;0;0;0;0;0;0;0;0;0;0;0;0;0;0;0;0;0;0;0;0;0
1;"Zespół Szkół Publicznych Nr 1, ul. Henryka Sienkiewicza 27, 21-550 Terespol";60102;"m. Terespol";"bialski";"lubelskie";1;1;4;1;0;0;2;0;0;0;0;11;0;1;1;0;0;1;0;0;1;0;0;2;1;0;40;5;30;5;15;5;1;8;10;1;6;0;4;3;0;1;1;1;2;2;2;0;2;2;41;1;1;7;2;7;1;2;4;0;1;1;4;1;0;1;0;0;1;5;2;1;1;1;114;20;16;9;3;251;6;2;2;1;0;0;2;0;3;1;17;1;0;0;0;2;1;9;44;4;8;0;1;0;4;5;0;1;0;1;2;3;2;1;0;0;4;0;1;0;0;2;54;21;166;1;32;5;1;2;1;1;2;1;0;4;1;0;1;6;1;0;0;1;0;0;8;3;1;3;0;1;0;0;20;0;0;0;0;0;0;0;0;1;0;3;0;2;0;0;2;0;0;0;1;0;6;0
2;"Miejska Biblioteka Publiczna, ul. Wojska Polskiego 132, 21-550 Terespol";60102;"m. Terespol";"bialski";"lubelskie";1;1;0;1;1;0;0;0;0;0;0;12;0;0;2;1;2;0;0;0;0;0;0;1;0;1;35;5;16;2;8;3;1;8;6;1;2;1;2;1;0;1;0;0;0;0;3;0;2;3;20;1;0;6;3;2;1;0;4;1;2;2;2;1;1;0;0;3;0;1;1;2;0;0;75;12;13;7;3;224;5;0;0;2;0;0;0;0;0;2;22;0;0;0;2;0;0;6;40;4;3;0;2;4;2;1;2;0;0;4;1;1;0;0;0;0;1;0;1;0;1;0;27;9;85;0;38;2;1;0;1;0;1;0;0;1;0;0;1;1;1;1;0;3;4;2;6;2;1;4;0;0;0;0;9;1;0;3;1;0;1;0;0;0;3;3;0;0;0;0;0;0;0;0;0;0;4;0
3;"Akademickie Liceum Ogólnokształcące w Terespolu, ul. Wojska Polskiego 88, 21-550 Terespol";60102;"m. Terespol";"bialski";"lubelskie";1;1;0;0;0;1;0;0;0;0;0;27;0;0;0;0;1;1;0;1;0;0;0;2;0;0;31;7;16;4;11;2;1;14;1;6;5;2;2;1;1;0;0;1;1;3;0;2;0;0;29;0;1;5;3;4;1;1;1;0;1;0;5;1;0;1;1;1;0;2;0;0;0;0;90;13;16;7;4;222;13;1;0;2;1;0;0;0;1;1;17;0;0;0;0;0;2;5;24;8;2;1;0;1;4;0;1;0;1;0;1;3;0;0;0;1;2;1;0;0;2;4;35;12;106;2;48;3;2;0;2;1;0;1;1;2;3;2;0;1;1;0;0;3;0;3;4;0;1;7;0;0;0;0;9;0;0;0;1;0;0;0;0;0;0;0;1;0;0;0;0;0;0;0;0;0;2;0
1;"Szkoła Podstawowa w Ciciborze Dużym, Cicibór Duży 1A, 21-500 Biała Podlaska";60103;"gm. Biała Podlaska";"bialski";"lubelskie";1;1;1;0;0;0;0;1;1;0;0;0;0;0;0;2;0;0;0;1;1;0;0;1;0;0;7;2;16;2;3;1;0;3;44;0;3;1;2;2;0;0;1;0;0;0;0;0;0;5;4;0;1;3;1;0;1;1;0;0;0;0;0;0;0;0;0;0;0;0;1;1;1;0;30;2;5;4;3;123;3;0;2;1;1;1;1;0;0;1;3;1;0;0;0;2;4;8;18;5;1;1;0;0;4;1;4;0;0;0;1;6;2;2;1;0;3;0;0;0;0;2;8;3;14;0;61;1;0;0;0;1;0;0;0;0;1;1;0;2;3;0;0;0;0;1;1;0;1;4;0;0;0;0;2;0;0;0;0;0;0;0;0;1;2;1;0;0;0;0;0;1;0;0;0;0;0;2
2;"Szkoła Podstawowa w Hrudzie, Hrud 33, 21-500 Biała Podlaska";60103;"gm. Biała Podlaska";"bialski";"lubelskie";1;1;3;2;1;2;0;0;0;0;0;0;0;0;0;1;0;0;0;0;0;1;0;0;0;1;9;4;10;2;5;1;2;3;8;0;0;0;1;0;0;0;1;0;0;1;0;0;1;1;13;0;0;2;0;2;1;2;0;1;1;1;0;2;0;1;1;0;0;1;0;0;0;0;39;1;6;8;4;138;0;0;3;1;0;0;0;0;0;1;3;0;0;0;2;1;1;8;2;0;1;0;1;1;3;0;0;0;0;0;0;0;1;0;0;1;1;0;0;0;0;0;8;1;10;0;21;0;0;0;0;0;0;0;0;0;0;0;0;1;0;0;0;0;1;1;2;0;0;0;0;0;0;0;2;0;0;0;0;0;0;0;0;0;2;0;0;0;1;0;0;0;0;0;0;0;1;0
3;"Przedszkole Samorządowe w Rakowiskach, Rakowiska ul. Wspólna 74, 21-500 Biała Podlaska";60103;"gm. Biała Podlaska";"bialski";"lubelskie";1;1;4;0;0;0;0;0;0;0;3;3;1;0;3;2;1;0;0;0;0;0;0;1;1;4;35;11;33;7;13;1;3;29;25;1;1;0;3;3;0;0;0;0;0;0;1;0;0;5;27;2;0;6;1;9;0;3;0;0;1;2;4;0;0;2;1;0;0;3;0;1;0;1;65;4;11;8;0;196;6;1;0;2;2;0;0;0;0;1;6;0;0;1;2;1;0;3;42;6;7;0;2;0;7;1;0;0;0;0;1;8;2;0;0;0;2;0;0;0;2;0;22;24;49;3;190;6;1;2;0;1;0;0;0;2;3;2;0;1;7;1;0;1;1;0;12;0;0;5;0;0;14;0;11;0;0;0;0;1;0;0;0;0;3;0;0;0;2;0;0;0;0;0;0;0;0;1
4;"Szkoła Podstawowa w Dokudowie Pierwszym, Dokudów Pierwszy 37A, 21-500 Biała Podlaska";60103;"gm. Biała Podlaska";"bialski";"lubelskie";1;1;1;0;1;0;0;0;0;0;0;0;0;0;0;1;0;0;0;0;0;0;0;1;0;0;0;0;2;1;4;0;0;1;48;0;1;0;0;0;0;1;0;0;0;0;0;0;0;1;9;0;0;1;0;4;0;0;0;0;0;1;0;0;0;0;0;0;0;0;0;0;0;0;16;0;6;11;1;59;4;0;0;0;0;0;0;2;1;0;0;1;0;0;0;0;0;3;4;0;0;0;1;0;2;1;0;0;0;0;0;0;0;0;1;1;0;0;0;1;2;0;3;1;6;0;10;0;0;0;1;0;1;0;0;0;1;0;0;0;0;0;0;0;1;0;0;0;0;2;0;0;0;0;0;0;0;0;0;0;0;0;1;1;0;1;0;0;0;0;0;0;0;0;0;0;4;0
5;"Szkoła Podstawowa w Ortelu Książęcym Drugim, Ortel Książęcy Drugi 33, 21-500 Biała Podlaska";60103;"gm. Biała Podlaska";"bialski";"lubelskie";1;1;1;0;0;0;0;0;0;0;0;0;0;0;0;0;0;0;0;0;0;0;0;3;0;0;4;1;4;0;2;0;1;2;59;0;0;0;0;0;0;0;1;0;0;0;1;0;0;0;2;0;0;1;0;1;0;3;0;0;0;0;1;0;0;0;0;0;0;3;0;1;0;1;18;0;5;6;0;100;1;0;1;1;0;0;0;0;0;0;1;0;0;0;0;0;0;1;7;2;1;0;0;0;4;1;0;1;0;0;0;1;0;0;0;0;0;0;1;0;0;0;12;0;6;0;24;1;1;0;0;0;0;0;1;0;0;0;0;0;1;0;0;0;0;0;0;0;0;3;0;0;0;0;4;0;0;0;0;0;0;0;0;0;1;0;0;0;1;0;0;0;0;0;0;0;0;2
6;"Szkoła Podstawowa w Grabanowie, Grabanów ul. Główna 47, 21-500 Biała Podlaska";60103;"gm. Biała Podlaska";"bialski";"lubelskie";1;1;0;0;0;0;2;0;0;1;0;2;4;0;1;0;1;0;0;0;0;0;0;1;0;3;23;5;22;0;6;2;0;27;51;1;6;6;2;0;0;0;0;0;0;1;1;0;1;7;16;0;0;5;0;3;0;0;2;0;1;11;3;0;0;0;0;0;0;5;0;0;0;0;40;4;7;5;3;185;2;0;0;4;0;0;0;0;2;1;7;0;0;1;0;2;0;2;36;2;5;1;2;2;8;4;0;1;0;0;0;11;0;0;0;0;4;1;1;0;0;4;19;12;24;1;113;1;1;0;0;1;0;0;0;0;1;0;0;1;2;0;0;1;0;0;5;0;0;23;0;0;3;0;6;0;1;0;0;0;0;0;3;1;1;0;1;0;0;0;0;0;0;0;0;0;0;2
7;"Szkoła Podstawowa w Sitniku, Sitnik 47, 21-500 Biała Podlaska";60103;"gm. Biała Podlaska";"bialski";"lubelskie";1;1;2;0;0;2;0;0;1;0;0;0;1;0;0;0;0;0;0;0;1;0;0;2;0;2;8;0;22;0;4;1;3;6;18;1;1;2;3;3;0;0;0;0;0;0;1;0;0;0;7;2;0;2;0;1;0;0;0;0;0;0;0;0;0;0;0;0;0;2;0;0;0;1;33;1;2;4;0;62;3;1;0;0;0;0;0;0;0;0;0;0;0;0;1;1;0;0;14;3;3;0;0;2;1;1;0;0;0;2;0;1;0;0;1;0;1;0;0;0;0;1;5;4;8;0;24;1;0;0;0;0;0;0;0;0;0;0;0;0;0;0;0;0;0;0;2;0;1;4;0;0;2;0;1;0;0;0;0;0;0;0;0;0;0;0;0;0;0;0;0;1;0;0;0;0;0;0
8;"Świetlica wiejska w Terebeli, Terebela 21, 21-500 Biała Podlaska";60103;"gm. Biała Podlaska";"bialski";"lubelskie";1;1;1;1;0;0;0;0;0;0;0;0;0;0;0;0;0;0;0;0;0;0;0;0;0;3;3;0;5;0;3;1;1;3;7;0;0;0;0;1;0;0;0;0;0;0;2;0;0;0;3;0;0;0;0;2;0;0;0;0;0;0;0;0;0;0;0;0;0;0;0;1;0;0;26;2;2;1;0;75;1;1;0;0;0;0;0;1;2;0;0;1;0;0;0;1;1;4;11;5;0;0;0;0;4;3;0;0;0;0;0;1;0;0;0;0;2;0;0;0;0;1;2;1;5;0;23;0;0;2;0;0;0;0;0;1;0;1;0;0;2;0;0;0;0;0;1;0;0;4;0;0;0;0;0;0;0;0;0;0;0;0;0;0;1;0;0;0;0;0;0;0;0;0;0;0;0;0
9;"Szkoła Podstawowa w Sławacinku Starym, Sławacinek Stary 72, 21-500 Biała Podlaska";60103;"gm. Biała Podlaska";"bialski";"lubelskie";1;1;1;0;0;0;0;0;0;0;0;1;0;0;1;1;0;0;0;0;0;0;0;2;0;0;5;2;15;3;7;0;0;11;11;0;3;1;1;2;0;0;0;0;0;0;0;0;0;3;21;1;0;1;0;7;0;1;0;0;0;0;0;0;0;0;1;0;0;1;0;0;0;0;24;1;7;43;0;136;12;0;0;0;0;0;1;1;2;0;4;0;0;0;0;0;0;7;21;7;2;1;3;0;4;1;0;0;0;1;0;3;0;0;0;0;3;0;1;0;0;0;5;20;14;0;147;5;1;1;1;1;1;2;0;0;0;0;0;2;3;0;1;1;1;0;1;0;0;13;0;0;25;0;9;0;0;0;0;0;1;0;0;0;2;0;0;0;0;0;0;0;0;0;0;0;0;0
10;"Szkoła Podstawowa w Styrzyńcu, Styrzyniec ul. Dworska 29A, 21-500 Biała Podlaska";60103;"gm. Biała Podlaska";"bialski";"lubelskie";1;1;8;3;0;1;0;0;0;1;0;1;2;0;1;0;0;0;0;0;0;0;0;2;0;0;11;1;7;0;2;1;0;10;12;1;2;0;1;1;0;0;0;0;0;0;0;0;0;1;9;0;0;1;0;6;0;1;0;0;0;1;1;0;0;0;1;1;2;1;1;0;0;0;37;2;13;4;2;94;3;2;0;2;0;0;0;0;2;1;0;0;0;0;2;0;1;4;18;4;3;0;2;2;3;2;1;0;0;2;0;0;1;0;0;0;3;0;0;0;0;1;13;11;9;0;66;1;0;1;0;0;1;0;0;0;0;0;0;0;2;0;0;0;0;0;4;3;0;1;0;1;3;0;0;0;0;0;0;0;0;1;0;0;1;4;0;0;0;0;0;0;1;0;0;0;1;1
11;"Szkoła Podstawowa w Sworach, Swory ul. Szkolna 34, 21-500 Biała Podlaska";60103;"gm. Biała Podlaska";"bialski";"lubelskie";1;1;3;0;0;0;1;0;1;0;2;1;0;2;0;0;0;0;1;0;0;0;0;3;1;0;8;2;28;0;9;0;5;4;66;2;2;0;3;0;0;1;0;0;0;2;3;0;1;5;17;1;1;0;1;2;0;0;0;0;1;3;0;0;0;0;0;0;0;1;0;0;0;0;71;3;15;12;24;210;8;1;4;5;1;0;2;0;0;1;16;3;0;0;3;0;2;8;28;8;1;1;1;1;1;1;1;1;0;1;1;3;1;0;3;3;1;0;0;0;0;2;14;18;18;3;34;2;0;0;0;1;1;0;0;1;1;1;1;0;0;0;1;1;0;1;4;0;0;5;0;0;6;0;6;0;1;1;1;0;0;0;2;1;0;3;0;0;0;0;0;0;0;0;0;0;2;0
12;"Świetlica wiejska w Czosnówce, Czosnówka ul. Topolowa 37, 21-500 Biała Podlaska";60103;"gm. Biała Podlaska";"bialski";"lubelskie";1;1;0;1;1;0;0;1;0;0;0;1;0;0;0;0;2;0;0;0;0;1;0;1;0;0;4;4;9;0;2;0;1;3;82;0;0;2;1;0;0;0;0;1;2;1;0;0;0;2;14;1;1;1;1;2;0;1;0;0;0;2;1;0;0;0;1;0;0;1;0;1;0;0;13;0;10;0;0;198;2;0;2;1;0;0;0;0;1;0;4;0;0;0;0;1;0;2;20;3;3;0;1;0;7;1;1;0;0;1;0;5;0;0;0;0;0;0;0;0;0;1;16;4;22;0;76;1;0;2;0;0;1;1;0;0;3;1;0;1;0;0;2;0;0;0;5;0;1;0;0;0;3;0;2;0;0;0;0;0;0;0;0;0;0;0;1;0;0;0;0;0;0;0;0;0;0;0
13;"Świetlica Wiejska w Wólce Plebańskiej, Wólka Plebańska 45B, 21-500 Biała Podlaska";60103;"gm. Biała Podlaska";"bialski";"lubelskie";1;1;0;0;0;1;0;0;0;1;0;0;0;0;0;1;0;0;1;0;0;0;0;2;0;0;5;0;5;2;0;1;0;0;20;0;0;1;0;1;0;0;0;1;0;0;0;1;0;0;8;0;0;2;0;0;0;1;1;1;0;0;0;0;0;0;0;0;0;0;0;0;0;0;27;1;7;3;2;172;0;0;0;2;0;0;0;0;2;0;8;0;0;0;0;0;1;4;15;2;3;0;0;0;2;0;3;0;0;0;1;2;1;0;0;2;1;0;1;0;0;2;7;1;4;0;49;1;0;0;0;0;1;0;0;0;0;4;0;0;1;0;0;0;0;2;2;0;0;11;0;1;1;0;4;1;0;1;0;1;0;0;0;0;0;0;0;0;0;0;1;0;0;0;0;0;0;0
14;"Szkoła Podstawowa w Woskrzenicach Dużych, Woskrzenice Duże 91, 21-500 Biała Podlaska";60103;"gm. Biała Podlaska";"bialski";"lubelskie";1;1;0;0;0;0;1;0;0;0;1;0;0;0;0;0;0;0;0;0;0;0;0;3;0;0;14;1;13;5;3;2;1;6;77;4;2;2;0;1;0;0;0;0;2;0;0;1;0;7;10;1;1;1;1;3;0;1;0;0;0;0;1;0;0;0;1;0;1;29;0;0;0;1;68;0;17;4;3;202;15;0;1;2;1;1;1;0;1;1;4;0;0;2;2;2;0;6;26;7;2;0;1;1;0;2;1;1;0;0;2;3;0;0;0;0;1;0;0;0;1;2;13;7;11;2;45;1;0;0;1;1;0;0;0;0;0;0;0;0;2;1;0;0;0;0;9;1;0;2;1;0;4;0;2;0;0;0;0;0;0;0;0;0;2;1;0;0;0;0;0;0;0;0;0;0;1;0
15;"Dom Pomocy Społecznej w Kozuli, Grabanów ul. Główna 2, 21-500 Biała Podlaska";60103;"gm. Biała Podlaska";"bialski";"lubelskie";1;1;0;1;0;1;0;0;0;0;0;0;0;0;0;0;0;0;0;0;0;0;0;0;0;0;0;0;1;0;0;0;0;0;1;1;0;0;0;0;1;0;0;0;0;0;0;0;0;0;0;0;0;0;0;0;0;0;0;0;0;0;0;0;0;0;0;0;0;1;0;0;0;0;8;1;0;1;3;11;0;0;1;1;0;1;0;0;0;0;1;1;0;0;0;0;1;0;0;0;0;0;0;0;0;0;0;0;0;1;0;0;1;0;0;1;0;0;0;0;0;0;3;1;0;0;1;0;0;0;0;0;0;0;0;0;0;0;0;1;0;0;0;0;0;0;1;0;0;0;0;0;0;0;0;0;0;1;0;0;0;0;0;0;0;0;0;0;0;1;0;0;0;0;0;0;0;0
16;"Świetlica wiejska w Porosiukach, Porosiuki 14, 21-500 Biała Podlaska";60103;"gm. Biała Podlaska";"bialski";"lubelskie";1;1;1;0;1;1;0;0;0;1;1;0;4;0;0;1;1;0;0;0;0;1;0;1;0;1;16;3;5;8;4;2;4;15;4;1;2;3;0;0;0;0;0;2;1;2;1;0;0;1;11;1;1;3;3;6;0;1;0;1;0;2;0;2;1;0;0;0;1;2;0;1;1;1;42;2;8;12;3;222;3;0;0;7;0;0;0;1;0;2;2;0;0;0;0;0;1;5;22;6;6;1;3;4;0;1;2;2;1;0;2;1;1;0;1;0;3;0;0;1;0;2;14;10;15;0;72;1;0;4;0;0;0;1;0;0;1;0;0;0;3;0;0;0;0;0;3;1;0;0;0;0;9;0;1;0;0;0;0;0;0;0;0;0;1;0;0;0;0;0;0;0;0;0;0;0;0;2
1;"Szkoła Podstawowa w Drelowie, ul. Szkolna 11, 21-570 Drelów";60104;"gm. Drelów";"bialski";"lubelskie";1;1;9;1;0;0;0;0;2;2;1;1;1;0;1;5;0;0;1;0;1;0;0;4;0;1;17;2;88;3;12;1;3;3;5;1;2;5;0;3;0;0;0;2;0;2;1;1;0;3;31;0;1;2;3;0;0;0;2;0;5;0;2;0;0;1;1;2;1;0;2;0;0;0;98;15;38;22;3;303;3;0;0;3;0;1;1;0;1;1;5;1;0;0;0;1;11;11;51;7;14;1;6;2;3;6;2;5;0;2;0;5;0;1;1;1;3;0;2;0;2;2;17;14;69;3;7;2;0;0;1;0;0;8;0;1;2;0;0;0;0;0;1;2;8;0;4;1;0;47;0;0;0;0;1;1;0;0;0;0;0;0;1;0;0;2;0;1;0;0;0;0;0;0;0;0;0;1
2;"Szkoła Podstawowa w Dołdze, Dołha 1, 21-570 Drelów";60104;"gm. Drelów";"bialski";"lubelskie";1;1;1;1;1;0;0;0;0;0;0;2;2;0;1;0;0;0;0;0;1;0;0;0;0;1;6;0;12;2;4;1;2;1;7;1;1;3;3;3;0;0;0;1;1;2;0;0;1;0;7;0;0;1;0;0;0;1;0;0;1;0;1;0;0;0;0;0;1;0;0;0;0;0;49;10;15;15;0;146;3;3;0;3;0;0;1;0;1;0;7;0;1;0;0;0;6;5;16;1;5;0;5;1;2;1;0;1;0;0;1;1;0;1;0;2;3;0;0;0;0;1;6;5;30;2;4;1;0;0;2;0;0;0;0;1;1;0;0;0;0;0;0;0;0;0;2;1;0;4;0;0;0;0;0;1;0;0;1;0;0;0;1;0;0;0;0;0;0;0;0;0;0;0;0;0;0;0
3;"Dom Ludowy w Szóstce, Szóstka 58a, 21-570 Drelów";60104;"gm. Drelów";"bialski";"lubelskie";1;1;5;0;0;1;1;0;0;0;0;0;0;0;1;0;0;0;0;0;0;0;0;1;0;1;10;3;21;2;6;0;1;0;2;0;2;0;0;1;0;0;1;1;1;0;3;0;3;2;7;0;0;2;0;0;0;1;0;1;2;1;1;0;0;1;0;0;1;3;1;1;0;0;42;7;30;13;1;111;5;1;1;2;0;2;3;0;2;1;6;0;0;1;0;0;32;7;32;5;3;0;2;0;0;1;1;5;0;2;2;5;1;0;1;0;5;0;1;0;1;7;12;0;27;2;0;1;0;0;0;1;0;1;0;0;3;1;1;0;0;0;0;0;13;0;1;1;0;12;1;2;0;0;1;1;0;0;0;1;0;0;1;0;0;2;1;0;0;0;0;0;0;0;0;0;0;0
4;"Szkoła Podstawowa w Żerocinie, Żerocin 32, 21-570 Drelów";60104;"gm. Drelów";"bialski";"lubelskie";1;1;2;0;0;0;0;0;2;0;0;0;0;0;0;1;1;0;1;0;0;0;0;0;0;0;4;1;18;1;3;1;0;0;5;0;1;0;0;0;0;0;0;0;0;0;0;0;0;2;7;0;1;1;0;0;0;1;0;0;3;1;2;0;0;0;0;0;0;0;0;0;1;0;45;4;5;13;2;87;2;0;0;2;0;0;0;0;1;0;3;0;0;0;0;0;1;2;10;1;1;0;0;0;1;0;0;0;0;0;0;0;0;1;0;0;1;0;1;1;1;0;2;3;20;1;2;0;0;0;0;0;0;1;1;0;0;2;1;1;0;0;0;0;1;0;4;2;1;17;0;0;0;0;0;0;0;0;0;0;0;2;0;0;1;0;0;1;0;0;0;0;0;0;0;0;0;0
5;"Dom Ludowy w Witorożu, Witoroż 2a, 21-570 Drelów";60104;"gm. Drelów";"bialski";"lubelskie";1;1;0;0;0;0;0;0;0;2;0;0;0;0;0;1;0;0;0;0;0;0;0;1;0;0;3;1;2;0;1;0;1;0;1;1;0;1;0;1;1;0;1;1;0;0;0;1;0;0;2;0;0;0;1;0;0;1;1;0;0;0;0;0;0;0;0;0;0;0;0;0;0;0;23;0;9;12;0;62;1;0;0;1;0;1;1;0;1;0;1;0;0;0;0;0;0;2;4;1;2;0;0;1;3;0;1;0;0;0;0;0;0;0;0;0;0;0;0;0;0;1;3;1;7;0;2;0;0;0;2;0;0;0;0;0;0;0;0;0;0;0;0;0;0;1;1;0;0;1;0;0;0;0;0;0;1;0;0;0;0;0;0;0;0;0;0;0;0;0;0;0;0;0;0;0;0;0
6;"Zakład Opiekuńczo-Leczniczy w Łózkach, Łózki 46, 21-570 Drelów";60104;"gm. Drelów";"bialski";"lubelskie";1;1;0;0;0;0;0;0;0;0;0;0;0;0;0;0;0;0;0;0;0;0;0;0;0;0;0;0;0;1;0;0;0;0;0;0;0;1;0;0;0;0;0;0;0;0;0;0;0;0;0;0;0;1;0;0;0;0;0;0;0;0;0;0;0;0;0;0;0;0;0;0;0;1;9;1;0;1;0;4;0;0;0;0;0;0;1;0;1;0;0;0;0;0;3;1;1;0;0;0;1;0;0;0;0;0;0;0;0;0;0;0;0;0;0;0;0;0;0;0;0;0;0;1;0;1;0;0;0;0;0;0;0;0;0;1;0;0;0;0;0;0;0;0;1;0;1;0;0;0;0;0;0;0;0;0;0;0;0;0;0;0;0;0;0;1;0;0;0;0;0;0;0;0;0;0;0;0
1;"Świetlica Wiejska w Werchlisiu, Werchliś 75, 21-505 Janów Podlaski";60105;"gm. Janów Podlaski";"bialski";"lubelskie";1;1;0;1;0;0;1;0;0;0;0;0;0;0;1;0;0;0;0;0;0;0;0;0;0;0;10;0;15;3;2;0;1;0;7;1;1;1;1;0;0;0;0;0;0;0;0;1;0;0;7;0;0;1;0;1;0;0;0;2;0;3;0;0;0;0;0;0;0;0;0;0;0;0;29;4;2;2;2;71;1;0;1;2;0;1;0;0;0;0;0;1;0;1;0;26;1;3;6;1;0;0;0;0;0;2;0;0;0;1;0;1;0;0;1;0;1;0;0;0;1;0;16;3;7;0;5;1;0;0;0;0;0;0;0;0;0;0;0;0;1;0;0;1;1;0;2;0;0;2;0;0;0;0;4;0;0;0;0;0;0;0;1;0;0;0;0;0;0;0;0;0;0;0;0;0;0;2
2;"Świetlica Wiejska w Bublu-Grannie, Bubel-Granna 78, 21-505 Janów Podlaski";60105;"gm. Janów Podlaski";"bialski";"lubelskie";1;1;0;0;0;0;0;0;0;0;1;1;0;0;0;0;0;0;0;0;0;0;0;0;0;0;3;0;8;0;2;0;0;1;2;0;0;0;0;0;0;0;0;0;0;0;0;1;0;0;2;0;0;2;0;0;0;0;0;0;0;0;0;0;0;0;0;0;1;1;0;0;0;1;16;1;6;0;0;34;3;0;0;0;0;0;0;0;0;0;1;0;0;0;0;18;0;1;8;1;0;0;0;1;1;0;0;0;0;0;1;5;0;0;0;0;3;1;0;0;0;0;2;4;4;0;13;0;0;0;0;0;0;0;0;0;0;0;0;0;0;0;0;0;0;0;0;0;0;0;0;0;0;0;2;0;0;0;0;0;0;0;0;0;0;0;0;0;0;0;0;0;0;0;0;0;0;0
3;"Zespół Placówek Oświatowych w Janowie Podlaskim, ul. 1 Maja 5, 21-505 Janów Podlaski";60105;"gm. Janów Podlaski";"bialski";"lubelskie";1;1;3;0;0;2;0;0;0;1;1;3;0;0;1;0;2;0;1;0;0;0;0;2;1;2;23;6;45;1;10;1;0;12;12;0;2;3;4;0;0;1;0;1;0;3;0;3;0;5;22;0;1;5;2;7;0;1;0;0;1;4;2;0;0;1;1;0;0;0;0;0;0;3;93;2;21;5;2;176;9;1;2;15;0;0;5;0;0;0;9;0;0;2;0;80;0;2;33;8;3;1;1;1;8;4;1;1;0;1;0;3;0;0;0;1;2;0;3;0;1;3;36;26;33;3;76;5;0;3;1;0;1;1;0;0;1;1;0;3;2;0;0;1;0;0;5;0;0;6;0;0;0;0;42;0;0;0;0;1;0;0;11;0;0;0;0;0;0;0;0;0;0;0;0;0;2;0
4;"Świetlica Wiejska w Nowym Pawłowie, Nowy Pawłów 124, 21-505 Janów Podlaski";60105;"gm. Janów Podlaski";"bialski";"lubelskie";1;1;0;0;0;0;0;0;0;1;0;0;0;0;0;0;0;0;0;0;0;0;0;2;0;2;1;2;16;0;2;0;1;2;2;0;0;1;2;1;0;1;0;1;0;1;0;1;0;4;2;0;0;0;0;1;0;0;0;0;0;2;1;0;0;1;0;0;1;0;0;0;0;0;33;1;3;6;1;88;2;0;0;1;0;0;0;0;1;0;0;0;0;0;0;29;1;3;14;2;0;0;0;2;4;3;2;0;0;1;1;1;0;0;0;1;2;0;2;0;0;1;9;3;7;0;17;0;0;0;1;0;0;0;0;0;1;0;0;2;0;0;0;0;0;0;2;0;1;0;0;0;0;0;9;0;0;0;0;0;0;1;18;0;0;0;0;0;0;0;0;0;0;0;0;0;1;0
5;"Zespół Placówek Oświatowych w Janowie Podlaskim (świetlica szkolna), ul. 1 Maja 5, 21-505 Janów Podlaski";60105;"gm. Janów Podlaski";"bialski";"lubelskie";1;1;5;2;1;3;2;1;1;1;2;1;1;1;1;0;0;1;0;0;0;0;0;2;0;3;48;8;43;2;11;4;2;17;10;0;4;1;4;1;1;2;1;1;2;0;3;1;1;6;29;2;0;5;2;8;0;3;2;0;0;3;5;2;1;4;0;2;0;1;0;0;0;0;111;8;10;9;2;196;11;1;5;6;0;0;0;1;2;2;6;0;2;0;2;84;2;10;33;3;5;1;5;1;1;0;1;2;0;1;1;4;0;0;0;3;5;0;0;1;0;3;52;18;21;3;50;12;0;0;2;2;0;0;0;0;3;2;1;7;1;0;1;2;1;1;5;1;1;2;2;2;7;1;35;1;0;0;1;1;0;0;8;0;0;1;0;0;0;0;0;0;0;0;0;0;0;0
1;"Gminne Centrum Kultury, Sportu i Turystyki w Kodniu, ul. Rynek 4, 21-509 Kodeń";60106;"gm. Kodeń";"bialski";"lubelskie";1;1;3;0;0;1;1;2;0;2;3;7;0;1;0;0;1;0;0;0;0;0;0;4;0;0;22;13;52;8;13;3;2;7;16;3;3;0;4;0;0;0;0;2;0;3;4;0;0;4;94;3;0;19;2;2;0;3;0;0;2;4;3;0;0;0;0;0;0;2;0;2;0;0;152;5;25;4;4;282;23;1;2;5;0;3;3;0;1;2;15;1;0;1;1;1;0;9;29;7;1;0;4;1;5;0;2;0;0;1;1;5;1;1;1;1;5;0;1;0;1;3;41;20;27;0;31;2;1;2;0;2;0;0;0;3;1;3;0;2;0;0;1;6;1;1;11;4;1;12;0;0;4;0;2;0;0;0;0;0;0;0;1;0;0;13;2;0;0;0;0;1;0;0;0;0;3;0
2;"Świetlica wiejska w Kątach, Kąty 59, 21-509 Kodeń";60106;"gm. Kodeń";"bialski";"lubelskie";1;1;1;0;0;0;1;0;0;0;0;0;0;0;1;3;0;0;0;0;0;0;0;0;0;1;2;1;6;5;4;1;0;1;2;1;2;2;0;1;0;0;0;0;0;0;1;0;1;1;13;1;0;2;0;1;1;1;0;0;0;0;0;0;0;1;0;0;1;0;0;0;0;0;33;0;5;5;1;42;7;0;0;2;0;2;1;1;0;1;1;0;0;0;0;1;0;2;8;2;0;1;0;1;1;1;1;0;1;0;0;0;1;1;0;0;2;0;0;0;1;1;8;2;3;1;3;1;0;0;0;0;0;0;0;0;0;0;0;0;0;0;0;0;1;1;1;0;0;6;1;0;1;0;0;0;0;0;0;0;0;0;0;0;0;0;0;0;0;0;0;0;0;0;0;0;1;0
3;"Kostomłoty (Osada), Świetlica spółdzielni mieszkaniowej ""Oaza"", Kostomłoty 9, 21-509 Kodeń";60106;"gm. Kodeń";"bialski";"lubelskie";1;1;1;0;0;0;0;1;0;0;0;3;0;1;0;0;0;0;0;0;0;0;0;0;0;0;9;3;3;1;5;0;0;0;2;0;1;0;2;0;0;0;1;0;0;1;0;1;1;1;11;0;0;0;0;1;0;0;0;1;3;0;0;0;0;0;0;0;0;0;1;0;0;0;38;0;7;3;1;48;6;1;0;3;2;1;0;0;0;0;7;0;0;1;1;0;1;3;7;2;2;0;1;0;0;0;0;1;0;1;0;3;0;0;0;1;0;0;0;0;0;0;17;7;5;1;2;2;0;1;1;0;0;1;0;0;2;0;0;0;0;0;0;0;0;0;2;0;0;0;0;0;0;0;2;0;0;0;0;1;0;0;0;0;0;0;0;0;0;0;0;0;0;0;0;0;0;0
4;"Kostomłoty (Wieś). Świetlica wiejska, Kostomłoty 38, 21-509 Kodeń";60106;"gm. Kodeń";"bialski";"lubelskie";1;1;1;1;0;0;0;1;0;0;0;0;1;0;0;0;0;0;0;0;0;0;0;2;0;3;6;0;4;0;2;0;0;3;1;2;0;1;0;1;0;0;0;0;0;1;0;0;0;1;8;1;0;3;1;0;0;1;1;0;0;0;0;0;0;0;0;1;0;0;0;0;0;1;40;2;7;4;6;48;2;0;1;1;0;0;0;1;2;0;2;0;0;2;1;1;0;3;9;0;2;0;0;1;0;1;2;0;0;2;0;0;0;0;0;1;1;0;0;0;0;0;13;0;7;0;3;2;1;0;1;0;0;0;0;0;0;0;0;1;1;0;0;0;0;1;0;0;0;0;1;0;0;0;1;0;0;0;0;0;0;0;0;0;0;0;0;0;0;0;0;0;0;0;0;0;0;1
5;"Zabłocie, Wiejski Dom Kultury, Zabłocie 107, 21-509 Kodeń";60106;"gm. Kodeń";"bialski";"lubelskie";1;1;0;0;0;0;1;0;0;0;0;0;0;0;0;0;0;0;0;0;0;0;0;3;0;0;3;0;5;1;0;1;0;0;7;0;1;0;0;0;0;0;0;0;0;0;2;0;0;1;7;0;0;10;0;1;0;0;0;0;2;1;0;0;0;0;0;1;0;0;0;0;0;1;13;1;2;0;0;46;2;0;1;0;0;0;0;0;0;0;2;0;0;0;0;0;0;9;4;2;0;0;0;0;0;1;1;0;0;0;0;0;0;0;0;0;0;0;0;0;0;0;13;7;3;0;2;0;0;1;0;1;0;0;0;0;0;0;0;1;0;0;0;0;0;0;1;0;0;0;0;0;2;0;0;0;0;0;0;0;0;0;0;0;0;0;0;0;0;1;0;0;0;0;0;0;0;0
6;"Oddział Zewnętrzny Zakładu Karnego w Zabłociu, Zabłocie 122, 21-509 Kodeń";60106;"gm. Kodeń";"bialski";"lubelskie";1;1;3;1;0;0;0;0;0;1;0;1;2;0;0;0;0;0;0;0;0;0;0;1;0;0;4;1;0;0;0;1;1;0;0;0;0;2;0;0;0;1;0;0;0;0;0;0;0;2;0;0;0;0;0;0;1;1;0;0;0;1;0;0;0;0;1;0;0;0;0;0;0;0;6;0;0;2;0;1;0;1;0;0;0;0;1;0;0;1;0;0;0;0;0;0;0;1;1;0;1;1;0;0;0;1;0;0;0;0;0;0;0;1;0;0;0;0;0;1;0;0;4;6;2;1;1;4;2;2;2;0;0;0;0;0;0;1;0;2;0;0;0;0;0;1;0;0;0;1;0;0;0;0;0;0;0;0;0;0;0;0;0;0;0;0;0;0;0;0;0;0;0;0;0;0;0;0
1;"Sala Widowiskowa Gminnego Centrum Kultury w Konstantynowie, ul. Marszałka Józefa Piłsudskiego 4, 21-543 Konstantynów";60107;"gm. Konstantynów";"bialski";"lubelskie";1;1;2;0;0;1;0;0;0;0;1;0;1;1;1;0;1;1;0;0;0;0;0;1;0;4;11;4;68;4;3;1;2;7;13;2;1;3;0;1;1;0;0;5;3;0;0;0;3;3;18;1;0;2;0;2;1;0;0;0;1;7;1;1;0;2;0;2;0;1;0;0;1;0;40;0;5;9;1;238;4;0;0;4;0;1;1;1;2;0;2;1;0;1;0;6;3;4;24;4;1;3;1;4;4;1;0;1;2;2;1;3;1;2;0;1;1;0;0;1;0;3;20;16;22;1;40;3;2;0;0;0;0;0;0;0;1;0;0;4;1;3;0;0;1;0;1;1;0;10;0;2;1;2;10;0;0;0;0;0;0;0;6;0;5;0;0;1;0;0;0;0;0;0;0;0;0;0
2;"Zespół Szkolno-Przedszkolny w Konstantynowie, ul. Nowa 2, 21-543 Konstantynów";60107;"gm. Konstantynów";"bialski";"lubelskie";1;1;1;0;0;1;0;0;0;0;0;0;0;0;1;0;2;0;0;0;1;0;0;3;0;4;6;1;57;2;1;0;0;4;10;0;1;1;3;1;0;0;0;4;0;1;1;0;0;1;6;3;0;0;0;1;1;1;0;0;0;0;0;0;0;2;0;1;0;0;0;1;0;0;34;1;15;6;0;202;2;2;1;1;0;0;1;0;1;1;3;0;0;0;0;8;0;3;11;4;2;0;1;1;3;1;1;0;0;1;1;3;4;1;1;0;5;0;1;1;2;1;11;1;11;0;18;0;1;0;0;0;0;0;0;0;1;1;0;1;0;0;0;0;0;1;4;2;0;1;0;0;0;0;3;0;0;0;1;0;0;0;1;0;0;0;0;0;0;2;0;0;0;0;0;0;0;0
3;"Schronisko ""Przystań"" w Gnojnie, Gnojno 48, 21-543 Konstantynów";60107;"gm. Konstantynów";"bialski";"lubelskie";1;1;0;1;0;0;0;0;0;0;0;0;0;0;0;0;0;0;0;0;0;0;0;0;0;1;1;0;8;0;0;0;0;4;0;0;1;0;1;0;0;0;0;0;0;0;0;0;0;0;3;0;0;0;0;1;0;0;0;0;0;0;1;0;0;0;0;0;0;0;0;0;0;0;14;1;1;1;0;56;0;0;0;0;0;0;0;0;0;0;0;0;0;0;0;3;0;0;3;0;1;0;0;0;1;0;0;0;0;0;0;1;0;0;1;0;0;0;0;0;1;0;5;0;3;0;2;2;0;0;0;0;0;0;0;0;0;0;1;0;0;0;0;0;0;0;0;0;0;0;0;0;0;0;0;0;0;0;0;0;0;0;1;0;0;0;0;0;0;0;0;0;0;0;0;0;0;0
4;"Świetlica Wiejska w Komarnie-Kolonii, Komarno-Kolonia 14a, 21-543 Konstantynów";60107;"gm. Konstantynów";"bialski";"lubelskie";1;1;3;0;1;1;0;0;1;0;0;0;0;0;0;1;0;0;0;0;0;0;0;1;0;1;9;1;19;2;1;0;2;2;16;0;2;1;1;0;1;0;0;0;0;0;0;1;0;0;9;0;0;0;0;5;0;0;1;0;0;0;0;0;0;0;0;0;0;0;0;0;0;0;34;2;8;5;5;196;7;0;0;4;0;2;1;0;0;0;1;0;0;1;0;0;0;7;24;6;2;0;0;1;0;1;0;0;0;0;1;1;0;0;0;0;0;0;0;0;0;0;4;8;7;1;9;0;0;0;0;0;0;1;0;0;0;0;0;2;0;0;0;0;0;0;3;0;1;0;0;1;1;0;1;0;0;0;0;0;0;0;0;0;0;3;0;0;0;0;0;0;0;0;0;0;0;0
5;"Świetlica Wiejska w Zakanalu, Zakanale 33a, 21-543 Konstantynów";60107;"gm. Konstantynów";"bialski";"lubelskie";1;1;1;0;0;0;0;0;0;0;0;0;1;0;0;0;0;0;0;0;0;0;0;0;0;3;3;0;11;1;1;0;0;1;1;0;1;1;0;0;0;0;0;0;0;0;0;0;0;0;2;1;1;0;0;3;0;0;0;0;0;2;0;0;0;1;0;1;0;0;0;0;0;0;10;2;5;3;1;64;3;0;0;1;0;0;0;1;1;0;2;1;0;0;1;1;0;2;3;2;1;0;2;0;1;2;0;0;0;0;0;0;0;1;0;0;2;0;0;0;0;0;2;4;2;0;3;1;0;0;0;0;0;0;0;0;0;0;0;0;0;0;0;0;0;0;3;0;0;1;0;0;0;0;0;0;0;1;0;0;0;0;0;0;1;0;0;0;0;0;0;0;0;0;0;0;0;0
6;"Dom Pomocy Społecznej w Konstantynowie, ul. Kardynała Stefana Wyszyńskiego 6, 21-543 Konstantynów";60107;"gm. Konstantynów";"bialski";"lubelskie";1;1;3;0;0;0;1;0;0;0;0;0;1;0;0;1;0;0;0;0;0;0;0;0;0;0;1;0;0;0;3;0;0;0;1;0;0;0;1;0;0;0;0;0;0;0;0;0;0;0;0;0;0;0;0;0;0;0;0;0;0;0;0;0;0;0;0;0;0;0;0;0;0;0;7;0;0;0;2;3;0;0;1;0;0;0;0;0;0;1;0;0;0;0;0;0;0;3;0;0;0;0;0;0;0;0;0;0;0;0;0;0;0;0;0;0;0;0;0;0;0;0;1;0;0;0;0;0;0;0;0;0;1;0;0;0;0;0;0;0;0;0;0;0;0;0;0;0;0;0;0;0;0;0;0;0;0;0;0;0;0;0;0;0;0;0;0;0;0;0;0;0;0;0;0;0;0;0
1;"Szkoła Podstawowa w Leśnej Podlaskiej, ul. Bialska 25, 21-542 Leśna Podlaska";60108;"gm. Leśna Podlaska";"bialski";"lubelskie";1;1;2;1;1;0;3;2;1;0;1;2;0;0;2;4;0;1;1;0;2;0;0;2;0;3;23;6;39;6;9;2;1;16;13;0;3;0;1;2;1;0;0;1;0;0;1;2;0;2;23;0;0;4;2;4;0;0;0;0;0;12;1;0;1;0;2;0;3;9;0;1;1;0;71;8;42;8;2;395;25;5;1;4;0;1;1;1;1;2;10;1;0;1;1;1;4;7;35;10;3;0;1;0;7;1;2;0;0;1;0;10;1;0;0;1;6;1;2;0;1;1;24;6;25;2;67;2;1;2;3;0;1;1;0;0;1;0;0;2;0;3;0;0;0;0;7;0;2;7;2;0;0;0;4;0;0;0;1;0;0;0;0;1;0;0;0;0;0;0;0;0;0;0;0;0;0;4
2;"Świetlica Wiejska w Witulinie, Witulin 24, 21-542 Leśna Podlaska";60108;"gm. Leśna Podlaska";"bialski";"lubelskie";1;1;1;0;1;0;0;0;0;1;0;0;1;0;0;0;0;0;0;0;0;0;0;1;0;1;9;0;8;2;6;2;1;5;7;1;2;2;0;0;1;1;0;0;0;0;1;1;0;4;9;0;0;3;1;2;0;0;1;0;0;1;1;1;0;1;0;1;0;1;0;0;0;0;38;1;13;8;2;150;2;0;0;3;1;0;0;0;0;0;3;1;0;1;1;0;2;3;6;2;2;1;1;1;0;1;0;0;0;0;0;0;1;1;0;0;0;0;1;0;0;0;3;1;12;1;22;1;0;0;1;0;0;0;0;0;0;0;0;1;1;0;0;0;0;0;3;0;3;0;1;0;0;1;0;0;0;0;0;1;0;0;0;0;0;0;0;0;0;0;0;0;0;0;0;0;0;0
3;"Świetlica Wiejska w Ossówce, Ossówka 17A, 21-542 Leśna Podlaska";60108;"gm. Leśna Podlaska";"bialski";"lubelskie";1;1;0;1;0;0;0;0;0;0;0;0;0;0;0;0;0;0;0;0;0;0;0;0;0;1;0;1;6;0;0;1;0;1;11;0;1;0;1;0;0;0;0;0;0;0;0;0;0;0;7;0;0;1;0;1;0;0;0;0;0;0;0;0;0;0;0;0;0;0;0;0;0;0;19;0;3;4;3;95;2;5;0;1;2;1;0;0;0;0;2;0;0;0;2;1;4;8;6;0;0;0;0;1;2;1;0;0;0;0;1;0;1;0;0;0;0;0;0;0;0;0;4;0;3;0;20;0;0;0;0;0;0;0;0;0;0;0;0;1;0;0;0;0;1;0;1;0;0;1;0;0;0;0;0;0;0;0;0;0;0;0;0;0;0;1;0;0;0;0;0;0;0;0;0;0;0;0
4;"Świetlica Wiejska w Starej Bordziłówce, Stara Bordziłówka 32, 21-542 Leśna Podlaska";60108;"gm. Leśna Podlaska";"bialski";"lubelskie";1;1;2;0;0;0;1;0;2;0;1;0;1;0;0;0;0;0;0;1;0;0;0;2;0;2;13;1;23;1;4;1;0;4;18;0;2;0;1;0;0;0;0;0;0;2;0;0;0;3;13;2;0;3;1;0;0;1;0;0;0;0;1;0;0;0;1;0;0;1;1;0;0;0;26;4;15;10;3;183;18;3;1;7;2;0;2;0;1;0;3;0;0;0;0;0;2;2;13;2;3;0;0;0;3;2;1;2;0;0;0;4;2;0;0;1;1;0;0;0;1;0;10;5;14;0;13;1;0;0;0;0;0;0;0;0;1;0;0;1;0;0;0;0;1;2;1;2;0;1;0;3;0;0;0;0;0;0;0;0;1;1;2;0;1;0;0;0;0;0;0;1;0;0;0;0;0;0
1;"Remiza Strażacka w Dubowie, Dubów 98, 21-532 Łomazy";60109;"gm. Łomazy";"bialski";"lubelskie";1;1;0;0;1;0;0;1;0;1;0;0;0;1;1;3;1;0;0;0;0;0;0;3;0;1;6;0;22;2;2;0;3;4;14;0;0;3;0;2;0;0;0;0;0;0;0;0;0;2;6;0;0;4;0;1;0;0;0;0;0;1;0;0;0;0;0;0;0;0;0;0;0;0;15;2;12;8;1;121;4;0;0;0;1;0;1;0;0;0;1;2;1;0;1;0;1;3;19;6;3;0;1;0;1;1;4;0;0;1;1;2;2;0;1;0;1;0;0;0;1;0;5;5;5;1;17;1;0;0;1;0;0;0;0;0;0;0;0;1;0;0;0;0;0;0;0;0;0;0;0;1;2;0;0;0;0;0;0;0;0;0;0;0;0;0;0;0;0;0;0;0;0;0;0;0;1;0
2;"Szkoła Podstawowa w Huszczy, Huszcza Pierwsza 34, 21-532 Łomazy";60109;"gm. Łomazy";"bialski";"lubelskie";1;1;1;1;0;1;0;0;0;0;0;0;1;0;0;1;0;0;0;0;0;0;0;1;0;0;0;0;5;0;2;0;0;3;4;0;0;0;0;0;0;0;0;1;0;0;1;0;0;1;1;0;1;2;0;0;0;0;0;0;0;0;0;0;0;0;0;0;0;0;0;0;0;0;33;0;15;3;2;110;7;0;0;0;0;2;1;0;0;0;0;1;0;0;1;0;1;6;9;3;2;0;0;0;0;2;0;0;0;0;0;8;0;0;1;0;1;0;0;0;0;0;4;1;0;1;3;0;0;0;0;0;0;0;0;0;0;0;0;2;0;0;0;1;0;0;8;0;0;0;0;0;1;1;0;0;0;0;0;1;0;2;2;0;0;0;0;0;0;0;0;0;0;0;0;0;0;0
3;"Remizo-świetlica w Korczówce, Korczówka 71, 21-532 Łomazy";60109;"gm. Łomazy";"bialski";"lubelskie";1;1;1;0;0;0;0;0;0;0;0;0;0;0;0;1;0;0;0;0;0;0;0;0;0;4;9;2;14;0;2;1;0;3;4;1;1;3;1;1;0;0;0;0;0;0;0;0;0;0;4;1;0;1;0;1;1;0;0;0;0;0;0;0;0;0;0;0;0;0;2;0;0;0;13;1;15;1;0;54;6;0;0;1;0;0;2;0;0;0;4;0;0;0;0;0;0;1;13;1;3;0;0;1;0;1;0;0;0;0;0;2;0;0;0;1;1;0;1;0;0;0;2;1;2;0;2;1;0;1;0;0;0;0;0;0;0;0;0;0;0;0;0;0;1;0;1;0;0;1;1;0;0;0;2;0;0;0;0;0;0;0;0;0;0;1;0;0;1;0;0;0;0;0;0;0;0;1
4;"Zespół Placówek Oświatowych w Łomazach, ul. Szkolna 18A, 21-532 Łomazy";60109;"gm. Łomazy";"bialski";"lubelskie";1;1;4;1;1;0;1;0;1;1;1;2;2;0;0;2;0;1;0;0;0;1;1;2;1;3;27;7;61;5;18;3;0;9;16;4;8;6;2;0;0;1;0;2;0;0;1;2;0;11;30;0;0;13;2;5;0;1;0;0;0;2;4;1;0;1;0;0;1;3;0;0;0;2;77;4;43;13;2;358;27;2;0;13;1;2;0;1;1;0;11;1;0;0;2;1;5;14;38;6;5;0;3;2;7;2;6;1;1;2;1;7;1;1;0;1;8;0;2;0;2;5;29;9;31;3;62;3;0;2;0;0;0;1;1;0;3;1;0;2;0;0;1;2;0;1;14;0;2;2;1;1;10;0;2;0;0;0;0;0;1;0;4;0;2;2;1;0;0;0;0;0;0;0;0;0;1;2
5;"Budynek poszkolny w Burwinie, Burwin 33, 21-532 Łomazy";60109;"gm. Łomazy";"bialski";"lubelskie";1;1;0;0;0;0;0;0;0;0;0;0;0;0;0;0;0;0;0;0;0;0;0;0;0;0;4;1;1;1;1;1;0;1;2;0;0;1;0;0;0;0;1;0;0;0;1;0;0;0;1;0;0;0;0;0;0;0;0;0;0;0;1;0;0;0;1;0;0;1;0;0;0;0;7;0;4;1;0;59;0;0;0;0;0;0;0;0;0;0;0;0;0;0;0;0;0;1;4;0;0;1;1;0;1;0;0;0;0;0;0;0;0;0;0;0;0;0;0;0;0;1;4;2;1;0;1;0;0;0;0;0;0;0;0;0;0;0;0;0;0;0;0;0;0;0;6;0;0;1;0;0;3;0;0;0;0;0;0;0;0;0;0;0;0;0;1;0;0;0;0;0;0;0;0;0;1;0
6;"Świetlica wiejska w Kopytniku, Kopytnik 31A, 21-532 Łomazy";60109;"gm. Łomazy";"bialski";"lubelskie";1;1;1;0;0;0;0;0;0;0;0;0;0;0;0;0;0;0;0;0;0;0;0;0;0;0;1;0;4;0;0;0;0;0;4;0;1;0;0;0;0;0;0;0;0;0;0;1;0;0;0;0;0;0;0;1;0;0;0;0;1;0;1;0;0;0;0;0;0;0;0;0;0;0;26;0;4;2;0;50;1;1;0;0;0;0;0;0;0;0;0;0;0;0;0;0;1;2;2;2;0;0;1;0;1;1;0;0;0;0;0;1;0;0;0;0;1;0;0;0;0;0;2;2;0;0;3;0;0;0;0;0;0;0;0;0;0;0;0;0;0;0;0;0;0;2;0;1;0;0;0;0;2;0;0;0;0;1;0;0;0;0;0;0;0;0;0;0;0;0;0;0;0;0;0;0;0;0
7;"Remizo-świetlica w Koszołach, Koszoły 39a, 21-532 Łomazy";60109;"gm. Łomazy";"bialski";"lubelskie";1;1;0;0;1;0;0;0;0;0;0;0;0;0;0;0;0;0;0;0;0;0;0;0;0;0;0;0;3;2;0;0;0;3;7;0;0;0;0;0;0;0;0;0;0;0;1;0;0;1;2;0;0;1;0;1;0;0;0;0;0;0;0;0;0;0;0;0;0;0;0;0;0;0;13;1;6;3;0;32;0;0;0;1;0;3;0;0;0;0;0;0;1;0;0;0;0;0;3;1;0;0;1;0;0;0;0;0;0;0;0;3;0;0;0;0;0;0;0;0;0;0;1;2;2;0;0;0;2;0;0;0;0;0;0;0;0;0;0;0;0;0;0;0;0;0;0;0;0;0;0;0;0;0;0;0;0;0;0;0;0;0;0;0;0;0;0;0;0;0;0;0;0;0;0;0;0;0
8;"Świetlica Wiejska w Studziance, Studzianka 25, 21-532 Łomazy";60109;"gm. Łomazy";"bialski";"lubelskie";1;1;0;0;0;0;0;0;0;0;0;0;0;0;0;0;1;0;0;0;0;0;0;0;0;0;3;2;0;1;0;0;0;4;14;1;1;3;0;1;0;0;0;0;0;1;0;0;0;0;4;0;0;0;0;0;0;0;0;0;0;0;0;0;0;0;0;0;0;0;0;0;0;0;22;1;8;4;0;69;2;0;0;3;0;0;0;0;0;0;0;0;0;0;0;0;1;0;10;2;2;0;0;1;1;0;0;0;0;1;1;3;0;0;0;1;0;0;0;0;0;2;7;0;4;0;10;1;0;1;0;0;0;0;0;0;0;0;0;2;1;0;0;0;0;0;5;0;3;1;0;0;2;0;0;0;0;0;0;0;0;0;2;1;0;0;0;0;0;0;0;0;0;0;0;0;1;0
1;"Szkoła Podstawowa w Misiach, budynek w Jelnicy, Jelnica 84, 21-560 Międzyrzec Podlaski";60110;"gm. Międzyrzec Podlaski";"bialski";"lubelskie";1;1;4;1;1;0;0;0;2;0;1;0;0;0;0;0;0;0;1;0;0;0;0;1;0;0;3;1;5;0;2;1;1;0;0;0;0;0;0;1;1;0;0;0;0;0;0;0;0;0;6;3;0;0;0;0;0;0;0;0;5;0;0;0;0;0;0;0;0;0;0;0;1;0;50;7;6;5;1;78;2;0;1;0;0;2;0;0;0;1;9;1;0;0;3;0;1;0;17;4;1;0;2;2;0;0;2;5;0;0;1;0;0;0;0;1;0;0;2;1;0;0;5;1;25;0;1;2;0;1;0;0;0;0;0;0;0;0;0;0;0;0;0;0;0;0;10;0;0;3;0;0;0;0;0;0;1;0;0;0;0;0;0;0;0;0;0;0;0;0;0;0;0;0;0;0;0;1
2;"Szkoła Podstawowa w Tuliłowie, Tuliłów 61A, 21-560 Międzyrzec Podlaski";60110;"gm. Międzyrzec Podlaski";"bialski";"lubelskie";1;1;2;0;1;0;1;0;1;1;0;0;0;0;0;0;0;3;0;0;0;1;0;0;0;0;14;6;12;2;5;2;2;1;2;1;0;1;2;2;0;0;0;1;0;0;1;0;0;0;4;1;0;1;0;0;0;0;0;1;5;1;2;0;0;0;0;0;0;0;0;0;0;0;57;8;14;9;4;150;5;3;0;2;1;1;1;0;0;0;3;0;0;0;0;0;11;11;30;3;3;0;1;1;2;1;0;2;0;1;1;0;3;1;0;0;1;0;1;0;0;2;4;3;31;0;1;3;0;0;0;0;0;0;0;0;0;0;0;0;0;0;0;1;1;2;7;2;0;8;0;0;0;0;0;0;0;0;0;2;0;0;0;0;0;0;0;0;0;0;0;0;0;0;0;0;0;0
3;"Szkoła Podstawowa w Rogoźnicy, Rogoźnica 96, 21-560 Międzyrzec Podlaski";60110;"gm. Międzyrzec Podlaski";"bialski";"lubelskie";1;1;2;3;0;0;0;0;0;0;1;1;0;0;1;2;0;1;0;0;0;0;0;2;0;1;7;1;22;2;3;0;1;0;3;1;2;2;0;2;0;0;0;0;1;0;1;0;0;1;2;0;0;1;0;5;0;0;0;0;0;0;1;0;0;0;0;0;1;0;1;1;0;0;58;6;17;21;4;138;16;1;3;0;0;0;1;0;2;0;4;0;0;0;2;0;8;9;25;6;1;0;3;2;4;2;0;1;0;1;1;1;1;0;1;0;3;0;2;1;0;1;3;4;21;4;8;0;0;1;0;0;0;0;0;1;0;1;0;3;0;0;0;0;2;0;4;0;0;8;1;0;1;0;0;1;0;0;0;0;0;1;0;0;0;1;1;0;0;0;1;0;0;0;0;0;0;0
4;"Szkoła Podstawowa w Tłuśćcu, Tłuściec 112, 21-560 Międzyrzec Podlaski";60110;"gm. Międzyrzec Podlaski";"bialski";"lubelskie";1;1;1;0;1;0;0;0;0;2;0;0;0;0;0;2;0;0;1;0;0;0;0;1;0;0;9;3;13;3;4;1;0;2;4;1;2;1;3;0;0;1;0;0;0;2;0;0;0;1;5;0;0;1;0;1;1;0;0;0;1;0;1;0;1;1;0;0;0;0;0;0;0;1;69;29;13;9;2;139;1;1;1;1;1;1;0;0;3;0;7;3;0;2;0;1;2;13;17;3;2;0;6;1;3;1;0;0;0;1;1;2;0;1;1;1;2;0;0;1;0;3;2;2;27;0;3;0;0;1;0;0;0;0;0;0;0;0;0;1;0;0;0;0;0;0;4;1;0;19;0;0;1;0;0;0;0;0;0;0;0;0;0;0;0;0;0;0;0;0;0;0;0;0;0;0;1;3
5;"Budynek byłej szkoły podstawowej w Kożuszkach, Kożuszki 37, 21-560 Międzyrzec Podlaski";60110;"gm. Międzyrzec Podlaski";"bialski";"lubelskie";1;1;0;0;0;0;0;0;1;0;0;0;1;0;0;0;0;0;0;0;1;0;0;1;0;0;4;1;13;3;0;0;0;0;0;0;0;0;0;0;0;0;0;0;0;0;1;0;0;0;4;1;0;0;1;0;0;0;0;0;0;0;0;0;0;0;0;0;0;0;0;0;0;0;39;3;10;2;1;99;5;0;2;3;0;0;1;0;0;1;9;0;0;0;0;0;0;7;10;3;0;1;2;1;1;0;1;3;0;1;0;5;0;0;0;0;1;0;0;1;0;1;1;3;12;0;0;1;0;0;0;0;0;0;0;0;1;0;0;0;0;0;0;0;0;1;1;1;2;3;0;0;0;0;0;0;0;0;0;0;0;0;1;0;0;1;1;0;0;0;3;0;0;0;0;0;0;0
6;"Szkoła Podstawowa w Krzewicy, Krzewica 44, 21-560 Międzyrzec Podlaski";60110;"gm. Międzyrzec Podlaski";"bialski";"lubelskie";1;1;4;0;0;0;1;0;1;0;0;0;2;0;0;0;0;0;0;0;0;0;0;2;0;0;6;0;16;1;1;0;1;2;0;0;1;0;0;0;0;0;0;0;0;0;0;0;1;0;1;1;0;0;1;0;0;0;0;0;1;0;1;0;0;0;0;0;0;0;0;0;0;0;26;1;12;4;4;106;6;0;0;1;0;1;1;0;1;0;1;0;0;0;0;0;0;9;11;1;2;0;2;0;0;1;1;3;0;0;0;2;0;0;1;0;2;0;0;0;0;0;7;4;7;0;0;1;0;0;0;0;0;0;0;0;0;0;0;1;1;0;0;0;0;0;3;1;0;7;0;0;1;0;0;0;0;0;0;0;0;1;1;0;0;4;0;0;0;0;0;0;0;0;0;0;0;0
7;"Dom Ludowy w Berezie, Bereza 72A, 21-560 Międzyrzec Podlaski";60110;"gm. Międzyrzec Podlaski";"bialski";"lubelskie";1;1;1;0;0;0;0;0;4;0;1;1;0;0;0;3;0;0;0;0;0;0;0;0;0;0;6;0;13;1;5;0;0;0;2;1;0;0;2;1;0;0;1;0;0;2;0;0;0;3;2;0;1;0;0;2;0;0;0;0;3;0;1;0;0;0;0;0;0;0;0;1;0;0;30;13;9;8;0;101;3;0;0;0;0;2;0;0;0;0;6;0;0;1;0;0;3;5;15;3;1;0;0;1;1;0;0;2;0;0;1;1;0;0;3;1;1;0;2;0;0;1;2;4;11;0;0;0;0;0;0;0;0;0;0;0;0;1;0;0;0;0;0;0;0;0;1;0;0;17;0;0;0;1;0;0;0;0;0;0;0;0;0;0;0;0;0;0;0;0;0;0;0;0;0;0;0;0
8;"Szkoła Podstawowa w Halasach, Halasy 41, 21-560 Międzyrzec Podlaski";60110;"gm. Międzyrzec Podlaski";"bialski";"lubelskie";1;1;2;1;0;0;0;0;2;0;0;1;0;0;0;0;0;0;0;0;0;0;0;0;0;0;5;0;17;1;3;0;0;1;2;0;0;2;1;1;0;0;0;1;0;0;0;2;0;2;6;1;0;1;0;1;1;0;0;0;2;2;2;0;0;0;1;0;0;0;0;1;0;0;61;7;13;10;3;96;3;1;0;2;0;1;2;0;2;0;1;0;0;0;0;0;3;4;7;3;0;0;2;0;1;2;1;1;0;1;0;1;0;0;0;0;1;0;0;0;0;2;6;6;26;0;5;0;0;0;1;1;1;0;0;1;0;0;0;2;0;0;0;0;0;0;1;0;1;10;0;0;1;1;0;0;0;0;0;0;1;0;2;0;0;0;0;0;0;0;0;0;0;0;0;0;0;0
9;"Świetlica wiejska w Maniach, Manie 25, 21-560 Międzyrzec Podlaski";60110;"gm. Międzyrzec Podlaski";"bialski";"lubelskie";1;1;2;0;0;0;0;0;2;0;0;0;0;0;0;0;1;0;0;0;0;0;0;0;0;1;9;0;57;2;2;0;1;2;10;0;2;1;1;0;0;0;0;0;1;0;0;0;0;1;3;0;0;1;0;2;0;0;0;0;1;0;0;0;1;0;0;0;0;0;0;0;0;0;53;3;18;17;2;85;3;0;2;2;1;0;0;0;0;1;3;2;0;1;0;0;5;4;25;7;1;0;0;0;4;0;0;0;0;0;0;2;0;0;0;1;2;0;2;2;0;1;5;6;14;1;1;0;0;2;0;0;0;0;0;0;1;0;0;3;1;1;0;0;1;0;4;0;1;28;0;0;0;0;0;0;1;0;0;0;0;0;0;1;0;1;0;1;0;0;0;0;0;0;0;0;0;1
10;"Szkoła Podstawowa w Misiach, Misie 118, 21-560 Miedzyrzec Podlaski";60110;"gm. Międzyrzec Podlaski";"bialski";"lubelskie";1;1;1;0;0;0;0;0;0;0;0;3;1;0;1;1;2;0;0;0;1;0;0;2;1;0;9;1;7;0;5;3;1;1;6;1;1;1;1;0;0;0;0;1;1;3;0;0;1;1;9;1;0;0;0;0;0;0;0;0;2;0;0;0;0;0;0;1;0;0;1;0;0;1;67;4;3;13;3;100;12;1;1;3;1;2;0;1;1;2;11;1;0;1;1;0;7;2;28;6;3;0;0;2;1;1;1;3;0;2;1;2;0;0;0;0;2;1;0;1;0;3;10;2;18;0;1;2;0;0;0;0;1;2;1;1;1;0;0;1;0;0;0;0;0;0;9;0;0;18;0;0;0;1;0;0;0;0;1;0;0;0;0;1;0;0;0;0;0;1;0;0;0;0;0;0;0;1
11;"Szkoła Podstawowa w Rudnikach, Rudniki 2, 21-560 Międzyrzec Podlaski";60110;"gm. Międzyrzec Podlaski";"bialski";"lubelskie";1;1;3;1;0;0;0;0;0;0;1;1;0;0;0;0;0;0;0;0;1;0;0;0;1;0;3;1;13;1;6;1;1;1;0;2;0;1;0;1;0;0;0;0;0;0;0;1;1;1;2;0;0;1;0;5;0;0;0;0;1;0;0;0;0;0;0;0;0;0;1;0;0;0;44;10;5;21;2;92;8;0;0;3;1;0;1;0;0;0;4;0;0;0;2;0;7;9;10;7;0;0;0;2;1;1;2;2;0;1;0;1;1;0;0;1;0;0;1;0;0;3;3;3;10;0;0;0;0;0;0;0;0;0;0;0;0;0;0;0;0;0;0;0;0;0;1;0;0;3;0;0;0;1;0;0;0;0;0;0;0;0;3;0;0;0;0;0;0;0;0;0;0;0;0;0;0;0
12;"Szkoła Podstawowa w Rzeczycy, Rzeczyca ul. Gościniec 74, 21-560 Międzyrzec Podlaski";60110;"gm. Międzyrzec Podlaski";"bialski";"lubelskie";1;1;4;1;0;1;0;0;1;0;1;0;0;0;0;2;1;0;0;0;0;0;0;2;0;0;14;8;18;2;4;0;0;2;2;1;1;3;1;1;0;0;1;0;1;2;3;0;0;2;18;2;0;0;0;1;0;1;0;0;6;0;0;1;0;0;0;0;0;0;0;0;0;0;55;4;5;15;0;119;7;1;3;1;1;1;0;0;0;0;6;0;2;0;0;1;12;3;29;6;6;2;0;2;2;0;0;5;0;0;0;5;2;0;1;0;1;0;1;1;2;3;7;3;75;1;7;1;0;1;2;2;0;0;0;1;0;1;0;0;0;0;0;1;1;1;3;1;0;18;0;0;0;0;0;0;0;0;0;1;0;0;0;1;0;0;0;0;0;0;0;0;0;0;0;0;0;1
13;"Centrum Aktywności i Integracji Społecznej w Strzakłach, Strzakły 89A, 21-560 Międzyrzec Podlaski";60110;"gm. Międzyrzec Podlaski";"bialski";"lubelskie";1;1;0;0;0;1;0;0;2;0;2;0;1;0;0;0;0;0;0;0;0;0;0;2;0;0;0;1;14;0;1;0;0;2;1;0;1;0;0;0;0;0;1;0;1;0;0;0;0;0;2;0;0;1;0;1;0;0;0;0;0;0;1;0;0;0;0;0;0;0;0;0;0;0;57;2;1;6;2;57;2;0;0;0;1;0;1;0;1;0;1;1;0;0;2;0;4;3;17;0;0;1;1;0;0;0;0;1;0;0;0;1;0;0;0;2;0;0;0;0;0;0;2;0;10;0;1;0;1;0;0;0;0;0;0;0;0;0;0;0;0;0;0;0;0;1;0;0;0;4;0;0;0;0;0;0;0;0;0;0;0;0;0;0;0;0;0;0;0;0;0;0;0;0;0;0;0;0
14;"Świetlica GOK w Przychodach, Przychody 67, 21-560 Międzyrzec Podlaski";60110;"gm. Międzyrzec Podlaski";"bialski";"lubelskie";1;1;0;0;0;0;1;0;0;1;0;0;0;0;0;0;1;0;0;0;0;1;0;0;0;0;4;0;5;0;1;0;1;1;1;1;4;0;0;0;0;0;0;0;0;1;1;0;0;2;2;0;0;0;1;4;0;0;0;0;2;0;1;0;0;2;0;0;0;0;0;0;0;0;56;7;1;7;0;73;8;1;0;0;0;0;1;0;0;0;3;0;1;0;0;2;3;0;12;2;2;0;0;2;1;0;1;5;0;0;0;0;0;0;0;0;0;0;0;0;0;0;5;1;11;0;0;0;1;0;0;0;0;0;0;1;0;0;0;0;0;0;0;0;0;0;2;1;0;2;1;0;0;0;0;0;0;0;0;0;0;0;0;0;0;0;0;0;0;0;0;1;0;0;0;0;0;0
15;"Gminny Ośrodek Kultury w Międzyrzecu Podlaskim z siedzibą w Wysokim, Wysokie ul. Rudnicka 36, 21-560 Międzyrzec Podlaski";60110;"gm. Międzyrzec Podlaski";"bialski";"lubelskie";1;1;0;0;0;0;0;0;0;0;1;1;0;0;0;0;0;0;0;0;0;0;0;1;0;0;2;1;12;2;0;0;1;0;0;1;0;0;0;0;0;0;0;0;0;0;0;0;0;0;8;0;0;0;0;0;0;1;0;0;0;0;0;0;0;0;0;0;0;0;0;0;0;0;22;6;6;5;0;82;8;0;0;2;0;2;0;0;0;1;6;0;0;1;0;0;3;10;16;3;0;0;0;0;1;0;0;3;0;1;0;2;0;0;0;1;0;0;1;0;0;2;1;1;20;0;0;1;0;0;0;0;0;0;0;0;0;1;0;0;0;0;0;0;1;0;1;0;0;3;0;0;0;0;0;0;0;0;0;0;0;0;0;0;0;0;1;1;0;0;0;0;0;0;0;0;0;1
1;"Zespół Placówek Oświatowych w Chotyłowie, Chotyłów ul. Piszczacka 50, 21-530 Piszczac";60111;"gm. Piszczac";"bialski";"lubelskie";1;1;0;1;0;0;1;0;0;0;0;0;1;0;0;0;2;0;0;0;0;0;0;1;0;0;4;3;16;3;2;0;1;4;7;4;1;1;1;0;0;0;0;1;0;0;0;0;0;0;17;0;1;3;3;3;0;0;0;0;2;0;1;1;0;0;0;0;0;1;0;0;0;0;24;3;15;4;2;149;5;1;0;3;1;0;4;1;1;0;4;1;1;2;0;0;1;7;10;4;4;0;1;1;3;1;0;0;0;0;0;2;0;0;0;1;3;0;0;0;0;0;14;5;34;0;31;0;0;0;0;1;1;0;0;0;0;0;0;2;0;0;0;2;0;0;1;1;1;6;0;0;0;0;4;0;0;0;0;0;0;0;0;0;0;0;0;0;0;0;0;0;0;0;0;0;35;0
2;"Szkoła Podstawowa w Dobrynce, Dobrynka 28, 21-530 Piszczac";60111;"gm. Piszczac";"bialski";"lubelskie";1;1;2;0;0;0;0;0;0;1;0;2;0;0;0;0;1;0;0;0;0;0;0;0;0;1;0;0;5;0;2;0;0;1;2;0;1;0;0;0;0;0;0;0;0;0;0;1;0;0;8;1;1;0;0;2;0;0;0;0;0;1;0;0;0;0;0;0;0;0;0;0;0;0;15;1;8;1;1;118;2;0;0;3;0;0;0;1;1;0;1;1;0;0;0;0;2;5;4;3;1;0;0;0;2;1;1;0;0;0;1;2;0;1;0;0;3;0;0;0;0;0;4;3;12;0;11;1;0;0;0;0;0;0;1;0;0;1;0;0;0;0;0;0;0;0;2;0;0;3;0;1;0;1;2;0;0;0;0;0;0;0;0;0;2;0;0;0;0;0;0;1;0;0;0;0;2;0
3;"Świetlica Wiejska w Kościeniewiczach, Kościeniewicze 12A, 21-530 Piszczac";60111;"gm. Piszczac";"bialski";"lubelskie";1;1;1;0;0;0;0;0;0;0;0;0;0;0;0;0;0;0;0;0;0;0;0;1;0;0;1;2;18;0;1;0;1;0;16;0;0;0;0;1;0;1;0;0;0;0;0;2;0;0;3;0;0;1;0;2;0;0;0;0;0;2;1;0;0;0;0;0;0;0;0;0;0;0;8;2;7;3;1;96;0;0;1;3;0;0;1;0;0;0;0;0;0;1;0;1;2;1;6;1;1;0;0;0;0;0;0;0;0;0;0;0;0;0;0;0;1;0;0;0;0;0;2;0;0;1;13;0;0;0;0;0;0;0;0;0;0;0;0;0;0;0;0;0;0;0;1;0;0;3;0;2;0;0;0;0;0;0;0;0;0;0;0;0;0;0;0;0;0;0;0;0;0;0;0;0;0;0
4;"Budynek Starej Szkoły w Piszczacu (duża sala konferencyjna), ul. Włodawska 4, 21-530 Piszczac";60111;"gm. Piszczac";"bialski";"lubelskie";1;1;4;1;0;1;0;0;0;1;1;2;1;1;0;0;0;0;0;0;0;1;0;0;0;0;21;3;22;5;7;1;0;12;28;4;3;3;3;2;1;0;1;0;1;2;0;0;0;4;19;0;1;7;0;2;0;2;1;0;2;2;1;0;0;1;1;0;0;2;1;0;1;0;52;3;22;14;6;460;15;3;2;7;0;0;0;0;0;0;3;0;0;5;1;0;2;7;29;2;3;0;0;1;9;2;1;0;1;0;0;8;1;0;1;1;2;0;1;0;0;3;23;9;17;0;132;2;0;0;0;1;0;0;0;0;2;1;0;3;0;0;0;0;0;1;4;4;1;20;2;0;2;1;6;1;0;0;3;0;0;1;1;0;0;0;0;0;0;0;0;0;0;0;0;0;5;0
5;"Szkoła Podstawowa w Połoskach, Połoski 45A, 21-530 Piszczac";60111;"gm. Piszczac";"bialski";"lubelskie";1;1;2;0;0;0;0;1;0;0;2;2;0;1;0;0;2;0;0;0;1;0;0;0;0;1;7;0;11;2;6;0;0;3;4;0;0;1;2;0;0;0;0;0;0;0;0;0;1;1;4;2;1;0;0;0;0;0;0;0;2;1;0;0;0;1;1;1;0;1;0;0;0;0;25;5;6;5;7;163;3;0;1;2;0;0;2;0;0;0;1;1;0;0;1;2;0;3;15;6;2;0;0;1;2;0;1;0;1;0;0;2;0;0;0;0;2;0;0;0;0;0;11;1;8;0;17;1;0;1;0;0;1;0;1;0;1;1;0;0;0;0;0;2;0;0;5;4;0;14;0;0;0;0;0;1;0;0;1;0;0;0;2;0;0;1;0;0;0;0;0;0;0;0;0;0;5;0
6;"Remizoświetlica w Piszczacu, pl. Rynek 1A, 21-530 Piszczac";60111;"gm. Piszczac";"bialski";"lubelskie";1;1;4;0;0;0;0;0;0;3;0;0;0;0;1;0;0;0;1;0;0;0;0;0;0;0;10;2;12;2;6;0;1;2;15;0;1;0;1;3;1;0;0;0;2;0;1;1;0;4;12;0;0;3;0;3;0;1;1;0;0;1;0;0;0;5;0;0;0;0;0;0;0;1;55;2;21;12;4;336;1;1;0;7;1;0;2;0;1;0;7;1;0;1;2;1;0;8;17;7;5;0;0;0;0;2;0;0;1;0;0;2;1;0;1;0;0;1;0;0;0;1;10;8;17;0;38;6;1;0;1;0;0;0;0;1;0;0;0;2;1;1;0;2;0;0;0;0;1;9;0;0;1;0;4;0;0;1;1;1;0;0;1;0;1;1;0;0;0;0;0;0;0;0;1;0;1;0
7;"Świetlica wiejska w Ortelu Królewskim Pierwszym, Ortel Królewski Pierwszy 48, 21-530 Piszczac";60111;"gm. Piszczac";"bialski";"lubelskie";1;1;0;0;0;1;1;0;0;1;0;1;0;0;0;0;2;0;0;0;0;0;0;0;0;0;4;3;10;1;1;0;0;3;12;0;0;0;0;1;0;0;0;0;0;0;0;0;0;1;7;0;0;4;1;2;0;0;0;0;2;0;0;0;0;0;0;0;0;0;1;0;1;1;23;3;6;1;0;88;1;0;0;1;0;0;0;2;0;0;1;1;0;0;0;0;0;2;12;3;1;1;1;2;0;1;0;0;0;1;0;4;1;0;0;0;5;0;0;0;0;0;9;2;9;1;12;0;0;0;0;0;0;0;0;0;1;0;0;0;0;0;0;1;0;0;1;0;0;0;2;0;0;0;1;0;0;0;0;0;0;0;0;0;0;0;0;0;0;0;0;0;0;0;0;0;1;1
1;"Szkoła Podstawowa im. Jana Pawła II w Rokitnie, Rokitno 57A, 21-504 Rokitno";60112;"gm. Rokitno";"bialski";"lubelskie";1;1;3;0;1;0;0;0;0;0;0;0;0;0;0;0;0;0;0;0;0;1;0;0;0;1;6;0;17;2;3;0;0;5;8;0;0;3;2;0;0;0;0;1;0;0;0;1;0;1;2;0;0;0;0;1;0;0;0;0;1;40;0;0;0;0;0;0;0;1;0;1;0;0;32;1;12;8;3;148;4;0;0;2;0;0;0;0;3;0;2;1;1;0;3;3;0;0;13;5;1;0;0;1;3;0;2;0;1;2;1;3;1;0;0;0;0;1;0;0;0;2;11;9;20;0;14;0;0;1;0;0;1;0;0;0;1;0;0;2;0;0;2;0;0;0;2;0;0;2;0;0;0;0;0;0;0;1;0;0;0;0;0;1;0;0;0;0;0;0;0;1;0;0;0;0;1;1
2;"Świetlica w Cieleśnicy-Pałac, Cieleśnica-Pałac 23, 21-504 Rokitno";60112;"gm. Rokitno";"bialski";"lubelskie";1;1;0;0;0;1;2;0;0;0;0;0;0;1;0;0;0;0;0;0;0;0;0;0;0;0;5;0;2;1;0;1;0;2;6;0;0;0;0;1;1;0;0;1;0;0;0;0;0;0;5;0;0;2;0;0;0;1;0;0;0;8;0;0;0;0;0;0;0;0;0;0;0;0;21;0;6;0;0;68;4;0;0;2;0;0;1;0;1;0;0;0;1;0;1;5;0;6;8;0;0;0;0;0;1;1;0;1;0;0;0;0;0;0;0;1;0;0;0;0;0;1;3;3;5;0;5;0;0;0;0;0;0;0;0;0;0;0;0;0;0;0;0;0;0;3;0;1;0;0;0;0;0;0;1;0;0;0;0;0;0;0;1;0;0;0;0;0;0;0;0;0;0;0;0;0;0;0
3;"Świetlica w Olszynie, Olszyn 19, 21-504 Rokitno";60112;"gm. Rokitno";"bialski";"lubelskie";1;1;0;0;0;0;1;0;0;0;0;2;0;0;0;0;0;0;0;0;0;0;0;0;0;1;4;0;5;1;3;0;0;2;5;0;0;0;0;1;0;0;0;0;0;0;0;0;0;0;0;0;0;0;0;0;0;0;0;0;0;22;0;0;0;0;0;0;0;0;0;0;0;0;18;0;5;2;0;60;0;0;0;5;0;0;0;0;0;1;0;0;0;0;0;1;0;4;3;4;0;0;1;0;0;1;0;0;0;4;0;4;0;1;0;0;0;0;0;0;0;1;3;3;4;0;5;2;0;0;0;0;0;0;0;0;0;0;0;0;0;0;0;0;0;0;2;1;0;1;0;0;0;0;0;0;0;0;0;0;0;0;0;0;0;0;0;0;0;0;0;0;0;0;0;0;0;3
4;"Świetlica w Zaczopkach, Zaczopki 35, 21-504 Rokitno";60112;"gm. Rokitno";"bialski";"lubelskie";1;1;1;0;0;0;0;0;0;1;0;0;1;0;0;0;0;0;0;1;0;0;0;0;0;0;0;0;6;0;2;2;0;0;0;2;1;0;0;1;0;0;0;0;0;4;0;0;0;0;2;0;0;1;0;0;0;0;0;0;0;0;0;0;0;0;0;1;0;0;0;0;0;0;20;0;1;2;2;54;2;0;1;3;0;0;1;0;3;0;1;0;0;0;0;1;0;3;6;0;0;0;0;0;1;0;0;0;0;0;0;0;0;0;0;0;0;0;0;0;0;0;4;4;2;1;4;0;0;0;0;0;0;0;0;0;1;0;0;2;1;0;0;0;0;0;0;0;0;0;0;0;0;0;4;0;0;0;0;0;0;0;0;0;0;1;0;0;0;0;0;0;0;0;0;0;3;0
5;"Świetlica w Klonownicy Dużej, Klonownica Duża 53, 21-504 Rokitno";60112;"gm. Rokitno";"bialski";"lubelskie";1;1;1;0;0;1;1;0;0;0;0;0;0;0;1;0;0;0;0;0;0;0;0;1;0;0;5;0;8;1;1;1;0;3;9;0;0;0;1;0;0;0;0;0;0;1;0;0;0;0;4;0;0;2;0;1;0;0;0;1;1;9;0;0;0;0;0;0;0;0;0;0;0;0;19;2;2;4;1;34;2;1;0;0;0;0;0;1;0;0;2;1;0;0;0;12;0;1;8;2;1;0;0;2;1;1;0;0;0;1;0;0;0;0;0;0;1;0;0;0;0;0;6;0;4;0;4;1;0;0;1;0;0;0;0;0;0;1;0;1;0;0;0;0;1;0;0;0;0;0;0;0;0;0;0;0;0;0;0;0;0;0;0;0;0;0;0;0;0;0;0;0;0;0;0;0;0;0
6;"Świetlica w Lipnicy, Lipnica 73, 21-504 Rokitno";60112;"gm. Rokitno";"bialski";"lubelskie";1;1;1;0;0;0;0;0;0;0;0;1;2;0;0;0;0;0;0;0;0;1;0;1;0;0;5;2;13;0;4;0;0;3;12;2;1;3;0;0;1;0;0;0;1;0;0;2;1;0;5;0;0;1;0;0;0;0;0;0;0;15;0;0;0;0;0;0;0;1;0;0;0;0;31;2;7;4;3;105;4;0;0;1;0;0;0;0;0;0;0;0;0;0;1;2;0;6;18;0;1;0;1;1;2;0;1;1;0;0;1;2;1;0;0;0;1;0;0;0;0;0;6;1;10;0;5;0;0;0;0;0;4;1;0;0;0;0;0;0;0;0;0;0;0;0;0;0;0;1;0;1;0;0;0;0;0;0;0;0;0;0;0;1;0;0;0;0;0;0;0;0;1;0;0;0;0;0
1;"Hala Sportowa w Rossoszu, ul. Lubelska 37, 21-533 Rossosz";60113;"gm. Rossosz";"bialski";"lubelskie";1;1;0;1;3;1;0;2;0;0;0;4;0;0;0;0;1;1;0;0;0;0;0;1;0;0;8;2;25;2;6;1;1;5;10;2;0;6;2;0;1;0;0;0;0;0;1;1;0;2;4;1;0;14;0;2;1;0;1;0;0;0;0;0;0;0;0;2;0;0;0;0;0;1;56;0;15;9;3;202;9;0;1;7;0;0;0;2;0;0;5;0;2;1;1;0;4;2;21;4;0;0;3;0;4;1;0;0;0;4;1;1;0;0;0;0;1;0;1;0;1;5;8;5;11;0;6;1;0;1;0;0;0;0;0;0;0;1;0;1;0;0;0;0;3;1;3;1;0;7;0;1;3;0;3;1;0;0;0;0;0;0;0;0;2;1;1;0;0;0;0;0;0;0;0;0;1;0
2;"Gminny Ośrodek Kultury, ul. Batalionów Chłopskich 53, 21-533 Rossosz";60113;"gm. Rossosz";"bialski";"lubelskie";1;1;2;0;0;1;1;0;0;0;0;1;0;0;0;0;0;0;1;0;0;0;0;1;0;1;12;2;54;4;6;1;1;4;10;1;2;6;0;0;2;2;0;0;2;0;2;0;1;3;10;1;0;25;0;1;0;0;0;0;0;0;0;0;0;0;1;0;0;0;2;0;0;1;55;1;8;9;0;166;4;1;0;2;0;0;0;0;0;0;4;1;0;1;1;0;12;2;9;7;0;0;2;0;2;0;0;0;1;0;0;4;0;0;0;0;3;0;0;1;1;2;7;3;15;0;12;2;0;0;1;0;0;0;0;1;0;0;0;1;1;0;0;0;0;1;3;2;0;16;2;0;0;1;1;0;0;0;0;0;0;0;0;0;3;0;0;0;1;0;0;0;0;0;0;0;0;1
3;"Biblioteka Publiczna Gminy Rossosz Filia w Romaszkach, Romaszki 58, 21-533 Rossosz";60113;"gm. Rossosz";"bialski";"lubelskie";1;1;1;0;1;0;0;0;0;0;0;0;0;0;0;0;0;0;0;0;1;2;0;0;0;0;1;0;13;0;3;0;0;0;1;0;0;14;0;0;0;0;0;0;0;0;4;0;0;2;2;0;0;2;0;0;1;0;0;0;1;0;0;0;0;0;0;0;0;0;0;0;0;0;24;0;11;3;2;41;1;0;2;1;1;1;0;0;1;0;2;0;0;3;0;0;1;0;5;6;1;0;1;0;1;1;0;0;0;0;0;0;0;0;0;0;1;0;0;0;0;1;5;5;6;0;6;1;0;0;0;0;0;0;0;0;0;0;0;2;0;0;0;0;0;0;0;0;0;0;0;1;0;0;0;0;0;0;0;0;0;0;0;0;0;0;0;0;0;0;0;0;0;0;0;0;0;0
1;"Gminny Ośrodek Kultury w Sławatyczach, ul. Rynek 14, 21-515 Sławatycze";60114;"gm. Sławatycze";"bialski";"lubelskie";1;1;1;0;2;0;1;1;0;0;0;4;1;0;1;1;0;0;0;0;0;0;0;2;0;0;17;7;27;4;6;1;1;2;2;0;4;1;2;2;2;0;0;0;0;0;0;0;1;7;6;3;0;11;1;1;1;0;0;1;0;1;0;0;0;0;0;0;0;1;0;0;0;1;75;3;21;16;0;156;10;0;11;1;0;0;1;1;1;2;0;4;0;2;1;0;1;13;34;2;5;2;3;1;2;2;1;0;0;4;0;0;1;0;0;0;0;0;1;0;1;2;25;13;11;1;21;2;2;1;0;0;0;1;0;1;2;2;0;1;2;0;1;2;0;1;8;0;1;2;0;0;0;1;1;0;0;0;0;0;0;0;0;0;0;0;0;0;0;0;0;0;0;0;0;0;1;0
2;"Świetlica OSP w Jabłecznej, Jabłeczna 53A, 21-515 Sławatycze";60114;"gm. Sławatycze";"bialski";"lubelskie";1;1;0;1;0;0;0;0;0;0;0;0;0;0;0;0;0;0;0;0;0;0;0;1;0;2;2;0;13;1;0;1;0;0;13;0;0;0;0;1;0;0;0;0;0;0;0;0;0;2;7;1;0;3;1;0;0;0;0;0;0;3;2;0;2;0;0;1;0;0;0;0;0;0;13;0;5;5;0;50;4;0;2;0;0;0;0;0;0;0;1;0;0;0;0;0;0;6;7;1;0;0;0;0;0;0;2;0;0;0;2;0;0;0;0;0;0;0;0;0;0;1;14;4;8;1;5;0;0;1;0;1;0;0;0;0;0;0;0;0;1;0;0;0;0;0;0;0;1;0;0;0;0;0;0;0;0;0;0;0;0;0;1;0;0;0;0;0;0;0;0;0;0;0;0;0;0;0
3;"Świetlica wiejska w Krzywowólce, Krzywowólka 8, 21-515 Sławatycze";60114;"gm. Sławatycze";"bialski";"lubelskie";1;1;0;0;0;0;0;0;0;0;0;0;0;0;0;0;0;0;1;0;0;0;0;0;0;0;7;3;11;3;5;0;0;2;3;0;1;0;0;0;0;0;0;0;2;0;1;0;0;1;7;0;0;3;0;1;0;0;0;0;0;0;1;0;0;1;0;0;0;0;0;0;0;0;17;1;6;2;2;57;4;0;0;1;0;0;0;0;2;0;0;0;0;0;0;1;0;2;10;0;1;0;2;1;0;1;1;0;2;1;2;0;0;0;0;1;3;0;0;0;0;0;6;0;6;0;7;0;0;0;2;0;1;0;1;1;0;1;0;0;1;0;0;0;0;0;2;0;0;0;1;0;0;0;0;0;0;0;0;1;0;0;0;0;0;0;1;0;0;0;0;0;0;0;0;0;0;0
4;"Świetlica wiejska w Lisznej, Liszna 58, 21-515 Sławatycze";60114;"gm. Sławatycze";"bialski";"lubelskie";1;1;2;0;0;0;0;1;0;0;0;0;0;0;0;1;0;0;0;0;0;0;0;0;1;0;11;0;9;0;3;1;0;0;1;1;0;0;0;1;1;0;0;0;0;0;1;0;1;0;5;3;0;4;0;0;0;0;0;0;0;1;0;0;1;0;0;1;0;0;0;0;0;0;38;0;6;4;0;52;1;1;4;2;0;0;0;0;0;0;0;0;0;4;0;1;1;3;5;1;0;0;2;0;5;0;2;0;1;0;0;0;0;0;0;0;0;0;0;0;0;0;10;2;4;0;12;0;0;0;0;0;1;0;0;0;0;0;0;0;0;0;0;0;0;0;1;0;0;0;0;0;0;1;0;0;0;0;0;0;0;0;0;0;0;0;0;0;0;0;0;0;0;1;0;0;0;0
1;"Świetlica Wiejska w Motwicy, Motwica 39, 21-518 Sosnówka";60115;"gm. Sosnówka";"bialski";"lubelskie";1;1;2;0;0;1;0;0;0;0;0;0;0;0;0;1;0;0;0;0;0;0;0;0;0;0;2;0;10;0;3;0;0;0;2;0;3;7;0;0;0;0;0;2;0;0;0;0;0;1;0;0;0;9;0;1;0;1;1;0;0;0;0;0;0;0;0;0;0;0;0;0;0;0;10;4;13;5;0;105;6;0;0;1;0;0;2;0;0;0;0;1;0;0;0;0;0;1;14;1;2;0;0;0;1;0;1;0;0;1;2;0;0;0;0;0;0;0;0;0;0;1;4;0;2;0;1;0;0;0;1;0;0;0;0;0;0;0;0;1;0;0;0;0;0;2;4;0;0;3;0;0;0;1;0;0;0;0;0;0;0;0;0;0;0;1;0;1;2;0;0;0;0;0;0;0;0;0
2;"Szkoła Podstawowa w Sosnówce, Sosnówka 117, 21-518 Sosnówka";60115;"gm. Sosnówka";"bialski";"lubelskie";1;1;0;0;0;0;0;0;0;1;0;0;0;0;0;0;0;0;0;0;0;0;0;0;1;1;5;3;24;7;1;0;0;1;2;1;0;0;1;0;0;0;0;0;0;0;0;1;1;0;4;0;0;35;0;2;0;0;0;0;0;3;0;0;0;0;0;0;0;0;0;0;0;0;18;3;21;2;1;147;4;0;0;1;0;1;0;0;0;1;0;0;0;0;0;1;0;0;3;3;1;0;0;0;1;0;0;1;0;0;1;1;0;0;0;0;2;0;0;0;1;0;13;2;8;2;5;3;1;0;0;0;1;0;0;0;0;0;0;1;0;0;0;0;1;1;7;1;0;0;0;0;0;0;0;0;3;0;0;0;0;0;0;0;0;0;0;0;0;0;0;0;0;0;0;0;0;0
3;"Remizo-Świetlica w Przechodzie, Przechód 11, 21-518 Sosnówka";60115;"gm. Sosnówka";"bialski";"lubelskie";1;1;2;0;0;0;0;0;0;0;0;1;0;0;0;0;1;0;0;0;0;0;0;1;0;1;6;1;19;0;0;0;1;2;5;0;0;1;1;1;0;0;0;0;0;1;1;0;0;0;2;0;1;39;0;2;0;0;0;0;0;0;0;0;0;0;0;0;0;0;1;0;0;0;19;0;19;9;0;105;3;0;0;5;0;0;0;1;0;0;0;1;0;1;1;1;0;2;10;3;4;0;1;1;1;0;0;1;0;1;1;3;0;1;0;0;1;0;0;0;0;2;5;0;11;0;14;0;1;1;0;0;0;0;0;0;0;0;0;0;2;0;0;0;0;0;4;2;0;7;1;0;1;0;1;0;0;0;0;0;0;0;1;0;0;1;0;0;0;0;0;0;0;0;0;0;0;3
4;"Świetlica Wiejska w Rozwadówce, Rozwadówka 62, 21-518 Sosnówka";60115;"gm. Sosnówka";"bialski";"lubelskie";1;1;0;0;0;0;0;1;0;0;0;0;0;0;2;0;0;0;0;0;1;0;0;0;0;0;2;0;20;1;2;2;0;0;0;0;0;2;1;0;0;0;0;0;0;0;2;0;0;1;3;0;1;23;0;0;0;0;0;1;0;0;0;0;0;0;0;0;0;0;0;0;0;0;13;0;4;3;0;62;1;0;0;0;1;0;0;3;0;0;1;1;0;0;0;0;0;0;10;0;1;0;0;0;0;0;0;1;0;1;0;0;1;0;0;0;1;0;0;0;0;0;13;4;2;1;5;0;0;0;0;0;0;1;0;0;0;0;1;0;0;0;0;0;1;0;2;0;2;0;0;0;1;0;0;0;1;0;0;0;0;0;0;0;0;0;0;0;0;1;0;0;0;0;0;0;0;0
1;"Świetlica Wiejska w Koroszczynie, Koroszczyn ul. Piłsudskiego 40, 21-550 Terespol";60116;"gm. Terespol";"bialski";"lubelskie";1;1;0;0;0;0;0;0;0;0;0;1;0;0;0;0;0;0;0;0;0;0;0;0;0;0;7;0;7;2;3;0;5;0;0;0;0;0;0;0;0;1;0;0;0;1;0;0;1;0;4;1;0;2;1;2;0;0;1;0;0;0;1;0;0;0;0;1;0;1;0;0;0;2;29;3;7;2;2;70;6;0;0;3;0;1;0;0;4;1;5;0;0;0;1;0;0;4;11;3;1;0;0;1;1;1;2;0;0;0;1;0;0;0;0;0;1;0;0;0;0;3;8;5;21;2;4;1;0;1;0;0;0;0;0;0;0;1;1;1;0;0;0;1;0;1;2;1;0;2;0;1;0;0;1;0;0;0;0;0;0;0;0;0;0;0;0;0;0;0;0;0;0;0;0;0;0;0
2;"Szkoła Podstawowa im. Orła Białego w Kobylanach, Kobylany ul. Słoneczna 11, 21-540 Małaszewicze";60116;"gm. Terespol";"bialski";"lubelskie";1;1;2;0;0;0;0;0;0;1;0;1;0;0;0;0;1;0;0;0;0;1;0;0;0;0;8;1;14;1;2;1;0;5;1;0;0;4;0;2;0;0;0;1;0;0;2;0;0;2;7;0;0;1;0;1;0;2;1;0;0;0;0;1;0;1;0;0;0;0;0;0;0;1;30;5;7;9;2;62;5;0;1;1;0;1;0;0;0;0;9;0;1;1;0;0;1;4;17;4;1;0;1;1;4;0;0;0;0;0;1;1;1;0;0;0;3;1;0;0;0;0;16;5;23;1;5;0;0;0;0;1;0;0;0;0;2;2;0;1;0;0;0;0;0;0;1;0;0;0;1;0;0;0;0;0;0;0;0;0;0;0;1;0;0;0;0;0;0;0;0;0;0;0;0;0;0;1
3;"Zespół Szkół im. Kornela Makuszyńskiego w Małaszewiczach, ul. Wiejska 7A, 21-540 Małaszewicze";60116;"gm. Terespol";"bialski";"lubelskie";1;1;2;0;0;0;0;0;0;0;4;3;2;3;0;1;2;0;0;0;0;1;0;4;0;2;29;1;27;1;12;0;1;1;24;1;1;5;3;5;0;0;1;0;1;0;0;1;1;1;18;3;0;4;0;2;0;1;1;0;0;1;0;0;0;1;0;1;1;0;0;2;1;0;95;7;14;10;1;237;62;1;0;7;1;1;0;1;1;1;10;0;0;1;1;2;1;12;26;0;2;1;2;0;11;0;1;0;0;1;2;1;3;1;0;1;2;0;2;0;1;2;27;10;51;2;26;5;0;5;0;0;2;1;0;0;1;1;2;1;0;0;2;0;2;2;6;2;3;11;2;0;0;0;4;0;1;1;0;0;1;0;0;0;1;0;0;0;0;0;0;0;0;0;0;0;4;0
4;"Dom Strażaka w Neplach, Neple ul. Terespolska 10, 21-550 Terespol";60116;"gm. Terespol";"bialski";"lubelskie";1;1;0;0;0;0;0;0;0;0;0;0;0;0;0;1;0;0;0;0;0;0;0;2;0;0;8;0;4;0;1;0;0;1;4;0;1;0;0;1;0;2;1;0;0;0;0;0;0;0;3;1;1;0;0;0;0;1;0;0;1;0;1;0;0;0;0;1;1;0;0;0;0;0;30;2;10;8;0;69;1;0;1;0;0;0;0;0;2;0;4;0;0;0;1;0;0;10;9;1;1;0;0;0;1;0;1;0;0;0;1;1;0;0;0;1;0;0;0;0;0;0;4;1;14;0;6;1;0;1;1;0;0;0;0;0;1;0;0;1;0;0;0;1;0;0;3;3;1;0;1;0;0;0;2;0;0;0;0;0;0;0;0;0;0;1;0;1;0;0;0;0;0;0;0;0;0;0
5;"Świetlica Wiejska w Łobaczewie Dużym, Łobaczew Duży ul. Spółdzielcza 1, 21-550 Terespol";60116;"gm. Terespol";"bialski";"lubelskie";1;1;1;0;0;0;0;0;0;0;0;5;0;0;0;0;0;0;0;0;0;0;0;0;0;0;9;0;6;2;1;1;0;5;1;0;1;0;2;0;0;0;1;0;0;0;0;1;3;0;4;0;0;1;0;0;0;0;0;0;0;0;2;0;0;0;0;2;0;1;0;0;0;0;23;4;5;4;0;80;7;0;2;2;1;2;0;1;0;1;3;1;0;0;0;1;0;3;9;2;0;0;0;0;0;0;0;0;0;0;0;1;0;0;0;0;1;1;0;0;0;1;8;2;46;10;1;1;0;0;0;0;0;0;0;0;1;0;0;2;0;0;0;0;1;0;3;0;0;0;0;0;0;0;1;0;0;0;0;0;2;0;0;0;0;0;0;0;0;0;0;0;0;0;0;0;1;0
6;"Świetlica Wiejska w Lebiedziewie, Lebiedziew ul. Kodeńska 113, 21-550 Terespol";60116;"gm. Terespol";"bialski";"lubelskie";1;1;3;0;0;0;0;0;0;0;0;2;0;0;0;0;0;0;0;0;0;0;0;1;0;1;8;2;14;0;5;0;2;4;6;2;0;0;0;1;0;1;0;2;0;0;0;0;0;0;7;1;1;1;1;6;2;0;1;0;2;1;0;0;0;0;2;1;0;0;0;0;0;1;38;7;16;4;2;66;7;0;0;2;1;0;0;0;2;0;11;1;0;0;0;1;3;2;9;2;3;0;2;1;2;0;1;0;0;0;1;2;1;0;0;0;1;0;0;0;0;0;16;5;18;1;10;0;0;0;0;0;0;0;0;0;0;0;0;0;0;0;0;3;0;0;0;0;0;3;0;0;1;0;7;1;0;0;0;1;0;0;1;0;0;0;0;0;0;0;0;0;0;0;0;0;1;0
7;"Świetlica Wiejska w Bohukałach, Bohukały 110, 21-550 Terespol";60116;"gm. Terespol";"bialski";"lubelskie";1;1;1;0;1;0;0;0;0;1;0;0;0;0;0;0;0;0;0;0;0;0;0;0;0;2;5;0;3;0;4;0;0;0;1;1;0;0;0;0;1;0;0;0;0;0;0;0;0;0;4;1;0;1;0;0;0;2;0;0;0;0;0;0;0;0;0;0;0;0;0;0;0;0;23;0;8;6;2;50;1;2;1;4;1;0;0;0;1;0;0;0;0;0;0;0;0;0;4;3;0;0;0;0;1;0;0;0;0;0;0;1;0;0;0;0;0;1;0;0;0;2;3;2;8;0;6;0;0;0;0;0;0;0;0;0;0;0;1;0;0;0;0;0;0;0;2;0;1;0;0;0;1;0;0;0;0;0;0;0;0;0;0;1;0;0;0;0;0;0;0;0;0;0;0;0;0;0
8;"Świetlica Wiejska w Samowiczach, Samowicze 67, 21-550 Terespol";60116;"gm. Terespol";"bialski";"lubelskie";1;1;0;0;0;0;0;0;0;0;0;0;0;0;0;0;0;0;0;0;0;0;0;0;0;0;4;0;2;0;1;0;0;0;0;0;0;0;0;0;0;0;0;0;0;0;0;0;0;0;4;1;0;1;0;0;0;0;0;0;0;0;0;0;0;0;0;0;0;0;0;0;0;0;25;3;4;5;1;32;1;0;0;0;0;0;0;0;0;1;2;0;0;0;1;1;0;4;2;2;0;0;0;0;0;0;0;0;0;0;0;0;0;0;0;0;0;0;0;0;0;0;2;0;11;0;0;1;0;0;1;0;0;0;0;0;0;0;0;0;0;0;0;0;2;0;0;1;0;0;0;0;0;0;4;0;0;0;0;0;0;1;0;0;0;1;0;0;0;0;0;0;0;0;0;0;0;0
9;"Świetlica Wiejska w Małaszewiczach Dużych, Małaszewicze Duże ul. Słoneczna 44, 21-540 Małaszewicze";60116;"gm. Terespol";"bialski";"lubelskie";1;1;1;0;0;0;1;0;0;0;0;2;0;0;0;0;0;0;0;0;0;0;0;0;0;2;6;0;10;1;2;1;1;2;2;1;0;0;1;0;0;0;0;0;0;0;1;0;0;1;7;1;0;0;0;1;0;0;0;0;0;2;1;0;0;0;1;1;0;0;1;1;0;1;21;8;5;1;2;93;1;2;1;2;1;0;0;0;1;0;1;0;0;0;0;0;0;1;9;2;4;1;1;0;3;1;0;0;0;0;2;0;0;1;0;0;1;0;0;0;0;0;1;1;15;0;7;0;0;0;0;0;0;0;1;0;1;0;0;0;0;0;0;0;0;1;0;0;0;2;0;0;0;0;0;0;0;0;0;0;0;0;0;1;0;0;0;0;0;0;0;0;0;0;0;0;1;0
10;"Świetlica Wiejska w Łobaczewie Małym, Łobaczew Mały ul. Piękna 67, 21-550 Terespol";60116;"gm. Terespol";"bialski";"lubelskie";1;1;2;0;0;0;0;0;0;1;0;0;0;0;0;0;0;0;0;0;0;0;0;1;0;0;5;0;2;0;2;0;0;3;0;0;0;0;2;0;0;0;0;0;0;0;0;0;0;1;8;0;0;1;0;2;0;0;1;0;0;0;0;0;0;0;0;0;0;0;0;0;0;0;8;3;2;2;1;46;1;1;0;0;0;0;0;0;1;0;4;0;0;0;0;0;2;4;8;0;2;0;1;1;0;0;0;0;0;1;0;1;0;0;0;0;1;0;0;0;0;0;3;0;14;0;1;2;0;0;0;1;0;0;0;0;0;0;0;0;0;0;0;1;0;0;1;0;0;0;0;0;0;0;0;0;0;0;1;1;0;1;0;0;0;0;0;0;0;0;0;0;0;0;0;0;0;0
11;"Świetlica Wiejska w Małaszewiczach Małych, Małaszewicze Małe ul. Wspólna 16, 21-540 Małaszewicze";60116;"gm. Terespol";"bialski";"lubelskie";1;1;0;0;0;0;0;0;0;1;0;2;0;0;0;0;1;0;0;0;0;0;0;3;0;0;6;1;5;0;3;0;0;1;2;1;0;3;0;0;0;0;0;1;0;0;1;0;0;1;1;0;1;1;0;1;1;1;0;0;1;0;2;0;0;0;0;0;0;0;1;0;0;0;32;7;11;3;0;92;1;0;1;4;0;0;1;1;0;0;3;1;0;0;0;0;1;8;12;2;0;0;2;1;3;0;0;0;1;0;0;2;0;0;1;1;0;0;0;0;0;3;12;4;6;1;6;1;0;0;0;0;0;0;1;0;0;1;0;0;0;0;0;0;0;3;3;1;0;0;0;0;0;0;4;0;0;0;0;0;0;0;0;0;0;0;0;0;0;0;0;0;0;0;0;0;2;1
1;"Świetlica wiejska, Mazanówka 51, 21-523 Tuczna";60117;"gm. Tuczna";"bialski";"lubelskie";1;1;1;0;0;0;0;0;0;0;1;0;1;0;0;0;0;1;0;0;1;0;0;1;0;0;3;3;16;1;0;0;0;5;4;0;0;0;0;0;0;0;1;0;0;0;0;0;0;0;6;0;0;6;0;1;0;0;0;0;0;0;0;0;0;0;0;0;0;0;0;0;0;1;22;4;8;4;0;103;2;0;1;1;0;0;1;0;0;0;1;0;0;3;0;0;0;7;5;1;2;2;1;0;1;0;0;1;0;1;2;2;0;0;0;0;0;0;1;0;0;2;5;1;3;1;7;1;0;0;2;0;0;0;0;0;1;0;0;0;0;0;0;0;0;0;2;1;0;9;4;0;1;0;0;0;0;1;0;1;0;0;1;0;3;0;0;0;0;1;0;0;0;0;0;0;0;0
2;"Urząd Gminy, Tuczna 191A, 21-523 Tuczna";60117;"gm. Tuczna";"bialski";"lubelskie";1;1;2;0;0;0;3;0;0;0;0;2;0;1;0;0;1;0;1;0;0;0;0;0;1;2;7;1;32;4;6;2;0;2;24;2;1;1;3;2;1;0;0;2;0;0;0;0;4;2;10;0;0;4;0;2;1;0;0;0;1;1;2;0;0;0;0;0;1;0;0;0;0;1;49;7;17;6;5;384;4;0;2;1;0;1;0;0;0;0;4;0;0;1;2;1;3;14;27;9;2;0;4;1;3;2;1;0;0;0;1;3;1;1;0;0;1;0;0;0;0;2;21;4;11;1;38;3;0;0;0;1;0;0;1;0;1;1;0;2;0;1;1;2;1;1;7;0;0;3;2;0;1;1;0;0;0;0;0;0;0;0;0;2;1;1;0;0;0;0;1;0;0;1;0;0;1;0
3;"Środowiskowy Dom Samopomocy, Międzyleś 29, 21-523 Tuczna";60117;"gm. Tuczna";"bialski";"lubelskie";1;1;1;0;1;0;0;0;0;1;0;0;0;0;0;0;0;0;0;0;0;0;0;0;0;1;10;0;16;3;1;0;0;0;17;0;0;3;0;0;1;0;0;0;0;0;0;0;0;0;9;2;0;8;0;0;0;0;0;0;0;0;1;1;0;0;0;0;0;0;0;0;0;0;10;3;5;1;1;122;1;0;1;5;0;0;0;0;0;0;0;0;0;2;0;0;1;8;4;3;2;0;0;0;3;0;0;1;0;0;0;1;0;0;1;0;0;0;0;0;0;0;7;3;5;0;15;0;0;0;0;0;0;0;1;0;0;0;0;0;1;1;0;1;0;1;5;2;2;2;1;0;0;0;1;0;0;0;0;0;0;0;0;0;0;2;0;0;0;0;0;0;0;0;0;0;2;1
1;"Szkoła Podstawowa w Dołholisce, Dołholiska 1, 21-580 Wisznice";60118;"gm. Wisznice";"bialski";"lubelskie";1;1;0;0;0;0;0;0;0;1;0;0;0;0;1;0;0;0;0;0;0;0;0;0;0;0;6;0;14;0;0;0;0;0;1;0;2;1;1;0;0;0;0;0;0;0;1;0;0;0;2;0;0;35;0;0;0;0;0;0;1;0;0;0;0;0;0;0;0;0;0;0;0;0;37;1;12;9;1;50;5;1;0;1;0;0;1;0;0;0;2;4;0;0;0;1;2;5;7;5;1;0;1;0;2;0;0;0;0;0;0;0;0;0;0;0;2;0;0;0;0;0;11;4;1;0;3;1;0;1;0;1;0;0;0;0;0;0;0;0;0;0;0;0;0;0;3;0;0;0;1;1;1;0;0;0;0;0;0;0;0;0;1;0;0;0;0;0;2;0;0;0;0;0;0;0;0;0
2;"Szkoła Podstawowa w Horodyszczu, Horodyszcze ul. Rynek 6, 21-580 Wisznice";60118;"gm. Wisznice";"bialski";"lubelskie";1;1;1;0;1;0;0;0;0;0;0;1;0;0;1;0;0;0;0;0;0;0;0;0;0;0;10;3;22;0;1;0;0;1;1;1;0;6;0;0;0;0;1;1;0;0;3;1;0;2;1;0;1;59;0;5;0;0;3;0;1;0;0;0;0;0;0;0;0;0;0;0;0;0;38;2;21;13;1;55;3;2;2;2;1;0;1;0;0;0;0;2;0;0;1;0;3;1;7;0;1;0;0;0;0;0;1;1;0;0;0;0;2;0;0;1;0;0;0;0;1;0;11;1;12;0;7;3;0;0;0;0;0;1;0;0;1;0;0;0;0;1;0;0;0;0;1;0;1;0;0;1;2;0;0;0;0;1;0;0;0;0;0;0;0;2;1;1;0;0;0;0;0;0;0;0;0;0
3;"Szkoła Podstawowa w Polubiczach, Polubicze Wiejskie Pierwsze 100, 21-580 Wisznice";60118;"gm. Wisznice";"bialski";"lubelskie";1;1;1;0;0;0;0;0;0;0;0;0;0;0;1;0;0;0;0;0;0;0;0;1;2;0;2;1;22;1;0;0;0;0;12;0;0;0;0;0;0;1;0;0;0;0;0;0;0;3;2;0;0;52;0;1;0;0;0;0;0;0;0;0;0;0;0;0;0;0;0;0;0;0;24;0;25;10;2;92;1;0;0;5;0;0;0;3;1;0;0;1;2;1;0;0;0;3;6;1;0;0;2;2;1;0;1;0;0;0;0;6;0;0;0;0;0;0;0;0;0;1;9;7;4;1;10;0;1;0;0;1;0;0;0;0;0;0;0;1;0;0;0;0;0;0;3;0;0;0;0;0;1;0;0;0;0;0;1;0;0;0;1;0;0;0;0;0;0;0;0;0;0;0;0;0;0;0
4;"Szkoła Podstawowa w Wisznicach, ul. Warszawska 19, 21-580 Wisznice";60118;"gm. Wisznice";"bialski";"lubelskie";1;1;1;0;0;0;0;0;0;0;0;1;2;0;0;0;0;0;0;0;0;0;0;3;1;1;14;1;28;0;4;0;2;2;2;1;0;0;1;0;1;0;1;1;1;1;3;0;1;2;10;1;0;153;0;5;0;1;0;0;0;1;1;0;0;0;0;0;0;0;0;0;0;0;54;1;24;27;0;130;3;0;0;5;3;1;6;6;0;2;4;1;0;1;1;1;3;10;25;7;2;2;1;1;1;3;4;0;0;0;2;4;0;0;0;0;4;0;1;1;0;0;26;4;43;0;15;3;0;0;0;0;1;0;0;0;0;0;0;0;0;0;0;0;0;1;2;3;2;2;1;0;5;0;0;0;5;0;1;1;0;0;1;0;0;1;1;0;2;0;0;0;0;1;0;0;0;1
5;"Liceum Ogólnokształcące w Wisznicach, ul. Warszawska 44, 21-580 Wisznice";60118;"gm. Wisznice";"bialski";"lubelskie";1;1;2;0;0;0;0;0;0;2;1;1;1;0;0;0;1;0;0;0;0;0;0;0;0;0;5;1;18;1;2;0;0;2;3;0;0;1;0;0;0;0;0;0;0;0;0;0;0;0;3;0;0;31;0;0;0;0;0;0;0;0;1;0;0;0;0;0;0;0;0;0;0;0;39;1;8;17;1;73;1;0;1;2;0;0;0;0;0;0;1;4;0;0;1;0;6;2;6;2;1;0;2;0;0;0;1;0;0;1;1;3;0;0;0;0;1;0;1;0;0;0;6;1;1;0;5;1;0;0;0;0;0;0;0;0;0;0;0;0;0;0;0;1;0;0;3;0;0;3;0;0;1;0;1;0;0;0;0;0;0;0;0;0;1;0;0;0;0;0;0;0;0;0;0;0;0;0
6;"Niepubliczna Szkoła Podstawowa w Dubicy, Dubica Dolna 32, 21-580 Wisznice";60118;"gm. Wisznice";"bialski";"lubelskie";1;1;1;0;0;0;0;0;0;0;0;0;0;0;2;0;0;0;0;0;0;0;0;0;0;0;7;1;23;5;1;1;0;0;0;0;0;1;0;0;0;0;0;0;0;0;0;0;0;0;2;0;0;56;0;1;0;0;0;0;0;0;0;0;0;0;0;0;0;0;0;0;0;0;43;0;15;5;0;78;0;0;0;0;0;0;0;0;1;0;2;0;0;0;0;0;0;2;8;6;3;0;0;0;1;0;0;0;0;0;0;0;0;0;0;0;2;0;0;0;3;2;6;3;10;0;3;1;1;0;0;0;0;0;0;0;0;0;0;0;0;0;0;1;0;0;2;1;1;1;0;0;1;0;0;0;0;0;0;0;0;0;0;1;1;0;0;0;0;0;0;0;0;0;0;0;0;0
7;"Gminny Ośrodek Kultury i Oświaty w Wygodzie, Wygoda 10A, 21-580 Wisznice";60118;"gm. Wisznice";"bialski";"lubelskie";1;1;1;0;0;0;0;0;0;0;1;0;0;0;1;0;0;0;0;0;0;0;0;0;0;0;4;0;17;1;0;0;1;1;1;1;2;1;0;0;0;0;0;0;0;0;0;1;0;0;0;0;0;48;0;1;0;0;0;0;0;0;0;0;0;0;0;0;1;0;0;0;0;0;23;1;10;8;2;37;3;0;0;0;0;0;0;3;0;0;0;1;0;3;0;0;0;2;3;0;1;0;0;0;1;0;0;1;0;0;0;1;0;0;0;2;0;0;0;0;0;0;15;1;6;0;7;0;0;0;0;0;0;1;0;0;1;0;0;0;0;0;0;0;0;0;0;1;1;4;0;1;1;0;0;0;0;0;0;0;0;0;0;1;1;0;0;0;0;0;0;0;0;0;0;0;0;0
8;"Zakład Opiekuńczo-Leczniczy w Curynie, Curyn 60A, 21-580 Wisznice";60118;"gm. Wisznice";"bialski";"lubelskie";1;1;0;0;0;0;0;0;0;0;0;1;0;0;0;0;0;0;0;0;0;0;0;0;0;0;0;0;1;1;0;0;0;0;0;0;0;0;0;0;0;0;0;1;0;0;0;0;0;0;0;0;0;0;0;1;0;0;0;0;0;0;0;0;0;0;0;0;0;0;0;0;0;0;7;0;0;0;1;3;0;0;0;0;0;1;0;0;0;0;0;0;0;0;0;0;0;0;0;0;0;0;0;0;0;0;0;0;0;0;0;0;0;0;0;0;0;0;0;0;0;0;0;0;0;0;0;0;0;0;0;0;0;0;0;0;0;0;0;0;0;0;0;0;0;0;0;0;0;0;0;0;0;0;0;0;0;0;0;0;0;0;1;0;0;0;0;0;0;0;0;0;0;0;0;0;0;0
1;"Szkoła Podstawowa w Berezówce, Berezówka 26, 21-512 Zalesie";60119;"gm. Zalesie";"bialski";"lubelskie";1;1;0;0;0;0;0;0;0;0;0;2;0;0;0;0;0;0;0;0;0;0;0;0;0;0;6;4;9;1;1;0;1;0;17;0;0;0;1;0;0;0;1;0;0;1;0;1;1;0;3;1;0;1;0;1;0;1;0;0;0;2;0;0;0;0;0;0;0;0;0;0;1;0;23;4;9;9;1;82;7;0;1;0;0;0;1;0;0;0;2;1;0;0;0;0;0;3;10;0;1;0;1;0;0;0;0;0;0;1;0;0;1;0;0;0;1;0;0;0;0;1;3;1;23;2;3;1;0;1;0;0;0;0;0;0;0;0;5;1;0;0;0;0;0;0;1;0;0;0;0;2;0;0;1;0;0;1;0;0;0;0;0;0;0;0;0;0;0;0;0;0;0;0;0;0;0;0
2;"Szkoła Podstawowa w Dobryniu Dużym, Dobryń Duży 66, 21-512 Zalesie";60119;"gm. Zalesie";"bialski";"lubelskie";1;1;2;0;1;0;0;0;0;0;0;0;0;0;0;0;0;0;0;0;0;0;0;1;0;3;2;0;27;0;0;0;0;3;6;1;0;1;0;0;0;0;0;1;0;0;0;0;0;2;2;0;0;1;0;0;1;0;1;0;1;10;0;0;0;0;0;0;0;0;0;0;0;0;29;3;2;4;2;110;1;2;0;2;0;0;0;0;0;0;1;2;0;1;0;1;0;5;5;2;1;0;0;1;0;0;0;0;0;0;0;0;1;0;0;1;1;0;0;0;1;0;5;0;17;0;6;1;1;0;0;1;0;0;0;1;0;0;0;0;0;0;0;0;0;1;0;0;0;2;1;0;1;0;0;0;0;0;0;0;0;0;0;0;0;0;0;0;0;0;0;0;0;0;0;0;0;0
3;"Klub Seniora w Kijowcu, Kijowiec 34, 21-512 Zalesie";60119;"gm. Zalesie";"bialski";"lubelskie";1;1;1;0;0;0;0;1;0;0;0;1;0;0;0;0;0;0;0;0;0;0;0;0;0;0;7;1;20;3;3;1;0;2;15;0;0;0;0;0;0;0;0;0;0;1;0;1;1;0;2;1;0;0;1;1;0;0;0;0;1;4;0;0;0;0;1;0;0;3;1;0;0;0;35;3;10;5;0;100;3;0;1;0;0;0;0;0;0;0;2;0;0;0;0;1;1;6;9;0;4;0;1;0;1;2;0;0;0;0;1;5;0;0;0;0;1;0;1;0;0;1;7;5;12;0;21;0;0;0;0;0;0;0;0;0;0;1;2;0;0;0;0;0;0;0;1;0;1;0;0;0;0;0;2;1;0;0;0;0;0;0;0;0;0;0;0;0;0;0;0;0;0;0;0;0;2;0
4;"Szkoła Podstawowa im. Polski Niepodległej w Zalesiu, ul. Szkolna 10, 21-512 Zalesie";60119;"gm. Zalesie";"bialski";"lubelskie";1;1;6;0;1;0;0;0;1;2;0;2;0;0;0;1;0;0;0;0;0;1;0;2;0;1;16;0;22;3;6;1;0;5;33;2;1;0;3;1;0;0;0;0;1;2;0;0;0;3;21;2;0;5;1;5;0;0;0;0;4;4;1;0;0;0;0;1;1;1;1;1;0;0;50;2;12;4;1;235;12;0;0;5;2;0;0;1;1;1;8;2;0;1;0;2;1;7;32;2;3;3;1;0;3;4;1;0;0;0;1;4;1;1;0;3;2;0;1;2;1;1;15;11;59;2;34;0;0;1;0;0;1;1;2;0;1;0;2;1;0;0;0;0;2;1;2;0;1;2;0;0;0;0;2;0;0;0;0;0;0;0;0;0;0;1;0;0;0;0;0;1;0;0;0;2;1;0
5;"Szkoła Podstawowa w Wólce Dobryńskiej, Wólka Dobryńska 57, 21-512 Zalesie";60119;"gm. Zalesie";"bialski";"lubelskie";1;1;0;0;1;0;0;0;0;1;0;1;0;0;0;0;0;0;0;0;0;0;0;0;0;0;4;1;5;0;3;1;0;3;4;0;0;0;0;0;1;0;0;0;1;0;0;0;1;0;1;0;0;2;1;2;0;1;0;0;0;0;1;0;0;0;1;0;0;0;0;1;0;0;22;5;5;2;0;102;1;1;1;1;0;0;0;0;0;0;3;0;0;0;0;0;1;7;5;2;1;0;0;0;2;2;0;0;0;0;0;1;0;0;0;0;0;0;0;0;1;0;3;0;23;1;20;0;0;0;0;1;0;0;0;0;0;0;0;0;1;0;1;0;0;0;1;0;0;0;0;0;0;0;0;0;0;0;0;0;0;0;0;0;0;0;0;0;0;0;0;0;0;0;0;0;0;0
6;"Świetlica Wiejska w Kłodzie Dużej, Kłoda Duża 40a, 21-512 Zalesie";60119;"gm. Zalesie";"bialski";"lubelskie";1;1;1;0;0;0;0;0;0;0;0;1;0;0;0;0;0;0;0;0;0;1;0;1;0;0;5;1;6;0;1;0;0;0;4;0;0;0;1;0;1;0;0;0;0;0;0;0;0;4;3;0;0;1;0;1;0;1;1;0;0;0;1;0;0;0;0;0;0;0;0;1;0;0;17;1;4;3;1;72;0;0;1;0;1;0;0;0;0;0;2;0;0;0;2;0;1;5;7;2;1;1;2;1;1;0;0;0;0;0;0;0;1;0;0;1;0;0;1;0;1;0;9;9;5;0;8;1;0;0;0;0;0;0;0;0;0;2;0;1;0;0;0;1;0;0;1;1;0;0;0;0;0;0;0;1;0;0;0;0;0;0;0;0;0;0;0;0;0;0;0;0;0;0;0;0;0;2
1;"Urząd Miasta, pl. Plac Wolności 16, 23-400 Biłgoraj";60201;"m. Biłgoraj";"biłgorajski";"lubelskie";1;1;0;3;1;1;0;0;0;2;0;0;0;0;1;0;0;1;0;0;0;0;1;1;1;1;206;2;1;1;2;1;0;2;0;0;0;2;1;0;0;13;0;0;0;0;0;0;0;34;20;1;1;2;12;2;2;0;0;1;0;0;1;0;0;2;0;2;0;0;1;0;0;2;95;3;44;13;2;3;70;2;1;62;8;1;171;0;0;0;0;0;0;0;1;0;1;2;30;7;4;0;0;3;0;27;0;0;0;2;1;1;1;1;1;0;1;0;0;0;0;1;33;208;15;1;1;3;0;1;3;0;0;0;1;0;0;0;0;3;0;0;2;0;0;3;7;2;3;3;18;0;1;0;1;2;1;0;1;0;0;0;0;0;0;5;1;1;0;0;0;0;0;0;0;0;0;0
2;"Zespół Szkół Zawodowych i Ogólnokształcących, ul. Przemysłowa 23, 23-400 Biłgoraj";60201;"m. Biłgoraj";"biłgorajski";"lubelskie";1;1;0;0;0;1;1;0;0;0;0;0;1;0;0;0;0;0;1;0;0;0;0;0;1;1;280;0;4;0;0;1;0;0;1;0;2;0;1;0;1;3;0;1;0;0;0;0;0;37;15;3;3;5;12;2;0;0;0;0;1;0;2;0;0;0;1;0;0;0;1;1;0;1;91;5;33;19;1;0;114;2;0;42;10;1;159;0;2;2;1;0;3;1;1;0;0;9;35;6;3;0;3;1;3;48;1;0;0;2;0;1;1;0;1;0;1;0;0;0;0;3;29;159;10;4;2;0;0;1;0;0;0;0;0;0;1;4;0;0;0;1;1;0;0;1;12;1;1;0;25;1;1;1;0;0;0;0;0;0;0;0;0;0;0;5;0;0;0;0;0;1;0;0;0;0;0;1
3;"Nadleśnictwo Biłgoraj, ul. Zamojska 96, 23-400 Biłgoraj";60201;"m. Biłgoraj";"biłgorajski";"lubelskie";1;1;0;0;0;0;1;0;0;0;0;1;0;0;0;0;0;0;0;0;1;0;0;0;0;0;98;1;0;0;0;0;1;1;1;0;1;0;0;0;0;2;0;1;0;0;1;0;0;4;6;0;1;2;2;1;0;0;1;0;1;0;1;0;0;0;1;0;0;1;0;0;0;0;30;0;19;12;2;0;35;2;0;24;11;0;59;0;0;1;0;0;0;0;0;0;0;1;9;6;2;1;1;0;1;6;0;0;0;0;1;1;0;0;0;0;1;0;0;0;0;1;10;58;9;0;0;1;1;0;0;0;0;0;0;0;0;0;0;1;0;0;0;0;0;0;4;2;0;0;1;0;0;0;0;0;0;0;0;0;0;0;0;0;0;1;0;0;0;0;0;1;0;0;0;0;0;1
4;"Szkoła Podstawowa Nr 1, ul. 3 Maja 3, 23-400 Biłgoraj";60201;"m. Biłgoraj";"biłgorajski";"lubelskie";1;1;1;1;0;0;1;0;0;2;0;0;1;0;0;0;1;0;1;0;0;0;0;0;1;2;282;2;0;0;4;0;2;0;0;0;2;0;1;1;0;10;0;2;1;1;0;0;0;35;13;1;1;0;11;3;1;1;0;0;1;0;2;0;0;0;0;1;0;0;1;0;0;0;61;10;29;13;4;1;124;4;0;55;18;1;147;1;1;0;2;1;1;4;0;0;2;1;38;5;6;1;3;2;2;47;0;0;1;2;0;3;1;0;0;0;2;1;0;1;1;2;21;211;15;0;0;0;2;2;2;1;0;0;2;2;1;0;0;0;0;0;2;1;0;0;15;1;0;0;15;0;0;0;0;0;0;0;1;1;0;1;0;1;0;5;0;0;0;1;0;0;0;0;0;0;0;0
5;"Szkoła Podstawowa Nr 1, ul. Tadeusza Kościuszki 41, 23-400 Biłgoraj";60201;"m. Biłgoraj";"biłgorajski";"lubelskie";1;1;0;0;0;1;1;0;0;0;1;0;0;0;0;1;0;0;1;0;0;0;0;1;0;0;108;4;0;1;4;0;0;0;0;0;0;0;0;0;0;5;0;1;0;0;0;0;0;12;13;2;0;0;13;1;0;1;0;0;2;1;1;0;0;0;2;2;0;0;0;0;0;0;37;10;9;5;0;1;51;0;1;15;12;0;90;2;0;0;0;0;0;0;0;0;1;1;14;5;1;1;1;0;1;12;0;1;0;0;1;0;0;0;2;1;0;0;1;1;0;0;20;100;9;5;0;1;0;4;0;0;1;0;0;0;0;0;0;1;0;0;0;0;0;0;5;0;0;1;3;1;0;0;0;3;0;0;0;0;0;1;0;0;0;0;0;0;0;0;0;0;0;0;0;0;0;0
6;"Szkoła Podstawowa Nr 5, ul. Nadstawna 62A, 23-400 Biłgoraj";60201;"m. Biłgoraj";"biłgorajski";"lubelskie";1;1;1;1;0;0;2;0;0;2;0;0;0;2;0;0;0;0;0;0;0;0;0;1;0;2;199;0;0;1;2;0;1;0;0;0;1;0;1;0;2;6;0;1;0;0;0;0;0;54;33;1;0;1;15;3;1;0;0;0;1;0;0;0;0;1;1;0;0;1;1;0;0;1;78;13;34;15;3;1;90;5;2;46;14;0;172;0;0;5;0;0;0;0;1;0;1;1;32;5;4;2;0;0;0;21;0;1;1;3;0;0;0;1;0;1;4;0;0;0;0;2;18;201;9;0;0;3;0;2;0;2;0;0;0;0;2;0;0;1;0;0;1;0;1;0;9;1;2;0;13;0;1;0;0;0;0;0;0;0;0;0;0;1;1;1;0;0;0;0;0;1;0;0;0;0;0;0
7;"Samorządowe Przedszkole Nr 2, ul. Aleja 400-lecia 54, 23-400 Biłgoraj";60201;"m. Biłgoraj";"biłgorajski";"lubelskie";1;1;2;1;1;1;1;0;0;5;0;1;0;0;0;0;0;0;1;0;0;0;0;0;2;2;248;4;1;1;0;0;0;1;0;1;0;0;1;0;0;8;0;0;0;0;1;0;0;19;7;0;0;3;6;0;4;2;0;0;2;0;2;0;0;2;1;1;1;0;0;4;0;1;121;14;39;22;4;0;131;3;1;107;15;1;257;0;1;2;0;0;0;3;0;0;2;5;36;2;4;2;3;2;2;33;3;0;0;1;1;2;0;1;2;3;3;0;0;1;1;3;34;194;20;0;0;3;0;1;1;0;0;0;1;1;1;0;0;1;0;1;0;0;0;0;12;0;1;0;19;0;0;0;0;0;0;0;2;0;0;0;1;0;0;4;1;0;0;0;0;0;0;0;0;0;0;0
8;"Zespół Szkół Budowlanych i Ogólnokształcących, ul. Cegielniana 24, 23-400 Biłgoraj";60201;"m. Biłgoraj";"biłgorajski";"lubelskie";1;1;1;0;0;0;0;0;0;2;0;3;0;0;0;1;0;0;0;0;0;0;0;2;4;0;243;0;2;3;6;0;1;0;0;0;0;0;0;0;0;9;0;2;0;0;0;0;1;28;20;0;0;4;12;0;4;0;2;0;0;0;1;0;0;3;0;0;0;0;0;1;0;0;88;15;41;23;3;1;114;6;2;66;11;1;194;0;0;1;0;0;0;1;0;0;1;1;24;13;1;0;2;0;1;26;1;1;0;0;1;0;0;0;1;0;0;0;0;0;0;0;31;175;8;0;1;1;1;3;0;0;0;1;0;0;0;0;0;1;0;0;2;0;1;2;11;5;1;1;18;1;0;0;1;0;0;0;2;0;0;1;0;0;0;3;0;0;0;0;0;0;0;0;0;0;0;0
9;"Zespół Szkół Specjalnych, ul. Wira Bartoszewskiego 10, 23-400 Biłgoraj";60201;"m. Biłgoraj";"biłgorajski";"lubelskie";1;1;1;0;1;1;0;0;0;3;0;1;0;1;0;0;0;0;1;0;0;0;0;0;0;0;117;1;0;2;2;0;0;1;0;1;0;1;1;0;0;7;0;1;0;0;0;0;0;17;9;1;1;0;8;2;2;2;0;0;0;0;0;0;0;0;1;1;0;0;0;0;0;0;52;7;25;7;2;1;40;1;1;32;4;0;95;0;0;1;1;0;0;0;0;0;1;2;19;6;1;0;1;2;4;12;0;0;0;2;0;0;1;0;1;2;1;0;2;0;1;0;16;117;17;1;0;0;0;1;1;0;0;0;0;0;0;0;0;2;0;0;0;0;1;0;10;1;0;0;12;0;0;1;0;0;0;0;1;0;0;0;0;0;0;0;0;0;0;1;1;0;0;1;0;0;0;0
10;"Szkoła Podstawowa Nr 4, ul. Polna 3, 23-400 Biłgoraj";60201;"m. Biłgoraj";"biłgorajski";"lubelskie";1;1;3;2;1;1;1;1;1;2;0;3;2;0;0;0;0;0;0;0;0;0;2;0;2;1;317;7;3;3;2;1;1;3;0;0;2;0;2;0;0;10;0;2;0;1;2;0;0;20;28;1;3;6;7;0;4;3;0;0;0;1;1;0;1;1;0;0;0;0;0;2;0;0;109;6;28;24;3;2;119;3;2;68;5;2;215;1;3;2;0;0;0;1;0;1;1;3;51;12;3;0;1;4;2;56;3;0;1;1;0;0;0;1;2;1;2;0;1;1;1;1;25;226;10;1;1;1;1;3;3;0;0;1;0;1;0;0;0;1;0;0;2;1;1;1;4;1;4;0;25;0;0;0;1;0;0;1;2;0;0;0;1;2;0;5;0;0;0;0;0;0;0;0;0;0;0;1
11;"Regionalne Centrum Edukacji Zawodowej, ul. Tadeusza Kościuszki 98, 23-400 Biłgoraj";60201;"m. Biłgoraj";"biłgorajski";"lubelskie";1;1;0;0;0;0;0;0;0;0;0;1;0;1;0;0;0;0;0;0;0;0;0;0;1;1;124;6;0;2;0;0;0;0;0;1;0;1;0;0;0;6;0;0;0;0;0;0;0;16;14;0;0;1;15;0;0;1;0;0;1;0;0;1;0;1;1;1;0;0;0;0;0;1;38;2;17;7;1;0;31;7;1;20;5;0;114;2;0;0;0;0;0;1;0;0;1;2;12;3;0;1;2;1;3;14;0;0;0;0;0;0;0;0;0;0;1;0;0;0;0;0;12;142;6;0;2;1;0;1;1;0;1;0;0;0;0;0;0;0;0;0;0;1;1;0;5;0;0;0;6;1;0;0;0;0;0;0;0;0;0;0;0;0;1;0;0;0;0;0;0;0;0;0;0;0;0;0
12;"Szkoła Podstawowa Nr 3 z Oddziałami Integracyjnymi, ul. Henryka Sienkiewicza 6, 23-400 Biłgoraj";60201;"m. Biłgoraj";"biłgorajski";"lubelskie";1;1;6;0;0;1;0;0;1;0;0;2;0;0;0;0;0;0;0;0;0;0;0;2;1;3;249;8;2;1;5;0;0;0;0;1;0;1;1;0;0;12;0;4;0;0;1;1;0;36;24;0;0;2;26;2;0;1;0;0;2;0;2;0;0;0;0;0;2;0;1;3;3;1;91;4;45;19;2;2;88;5;0;60;0;1;208;1;2;7;0;0;0;0;1;0;1;4;37;11;5;2;4;4;2;25;1;1;1;4;0;0;4;0;1;2;3;0;1;0;1;3;24;157;16;0;3;4;0;0;2;1;0;0;0;0;0;0;0;2;0;0;0;0;3;0;15;2;4;1;20;1;0;0;0;0;0;0;0;1;0;1;1;0;0;1;0;0;0;0;0;0;0;0;0;0;0;0
13;"Medyczne Studium Zawodowe, ul. Tadeusza Kościuszki 127, 23-400 Biłgoraj";60201;"m. Biłgoraj";"biłgorajski";"lubelskie";1;1;3;1;0;0;0;0;0;1;0;1;0;0;0;0;0;0;1;0;0;0;0;0;1;0;126;1;1;1;3;0;1;0;0;1;0;0;0;0;0;2;0;0;0;0;0;1;1;8;8;0;0;2;6;0;0;0;0;0;0;0;1;0;0;1;0;0;0;0;1;0;0;0;26;2;15;6;1;0;36;0;0;30;4;0;126;0;2;1;0;0;2;1;0;0;0;4;22;5;3;0;0;0;2;13;0;1;0;1;0;2;0;0;0;0;2;0;0;0;0;1;11;114;7;1;1;3;1;0;1;0;1;0;0;0;0;0;0;0;1;0;0;0;1;0;6;0;1;0;4;0;0;1;0;0;0;0;0;0;0;0;0;0;0;2;0;0;0;0;0;0;0;0;0;0;0;0
14;"ARION Szpitale Sp. z o. o. w restrukturyzacji Zespół Opieki Zdrowotnej w Biłgoraju, ul. dr. Stanisława Pojaska 5, 23-400 Biłgoraj";60201;"m. Biłgoraj";"biłgorajski";"lubelskie";1;1;0;0;0;0;0;0;0;0;0;0;0;0;0;0;0;0;0;0;0;0;0;0;0;0;7;0;0;0;0;0;0;0;0;0;0;0;0;0;0;0;0;0;0;0;0;0;0;0;1;0;0;0;1;0;1;0;0;0;0;0;0;0;0;0;0;0;0;0;0;0;1;0;14;1;2;3;0;2;2;1;0;9;0;0;16;0;0;0;0;0;1;1;0;0;0;0;2;0;1;0;0;1;0;0;0;0;0;0;0;1;1;0;0;0;0;0;0;0;0;1;2;8;1;0;0;0;1;0;0;0;0;0;0;0;0;0;0;0;0;0;0;0;0;0;0;0;0;1;3;0;0;0;0;0;0;0;0;1;0;0;0;0;0;1;0;0;0;0;0;0;0;0;0;0;0;0
15;"Dom Pomocy Społecznej dla Kombatantów w Biłgoraju, ul. gen. Komorowskiego 20, 23-400 Biłgoraj";60201;"m. Biłgoraj";"biłgorajski";"lubelskie";1;1;1;0;0;0;0;0;0;0;0;0;0;0;0;1;0;0;0;0;0;0;0;0;0;0;2;0;0;0;0;0;0;0;0;0;1;0;0;0;0;0;0;0;0;0;0;0;0;0;0;0;0;0;3;0;0;0;0;0;0;0;0;0;0;0;0;0;0;0;0;0;0;0;6;1;0;1;0;2;2;0;0;0;0;0;12;1;0;0;2;0;0;1;1;0;1;0;0;0;0;0;0;0;0;0;0;0;0;0;0;0;0;0;0;0;0;0;0;0;0;0;1;0;0;0;0;0;0;0;0;1;0;0;0;0;1;0;0;0;0;0;0;0;0;0;0;0;0;0;0;0;0;0;0;0;0;0;0;0;0;0;0;0;0;0;0;0;0;0;0;0;0;0;0;0;0;0
1;"Szkoła Podstawowa im. Dzieci Zamojszczyzny, Aleksandrów 104, 23-408 Aleksandrów";60202;"gm. Aleksandrów";"biłgorajski";"lubelskie";1;1;0;0;0;0;0;1;0;0;0;0;0;0;0;0;1;0;0;1;0;0;0;0;0;0;34;2;0;2;1;0;1;0;0;1;0;1;4;0;1;0;0;2;0;0;0;1;0;5;5;1;2;1;0;1;0;1;0;0;0;0;1;0;0;1;0;0;0;0;0;0;0;0;49;1;17;3;0;1;84;4;5;69;4;0;81;1;0;1;1;0;0;1;0;0;0;5;23;3;2;1;1;1;2;4;1;0;0;1;0;0;2;0;0;1;1;0;0;0;1;2;5;29;2;0;1;1;0;1;2;0;0;0;0;0;0;0;0;0;0;0;0;0;0;0;2;0;0;0;8;0;0;0;0;0;0;0;0;2;2;0;0;0;0;0;0;0;0;0;0;0;0;0;0;0;0;0
2;"Przychodnia Zdrowia, Aleksandrów 370, 23-408 Aleksandrów";60202;"gm. Aleksandrów";"biłgorajski";"lubelskie";1;1;1;0;1;0;0;0;0;0;0;0;0;0;0;0;0;0;0;0;0;0;0;1;4;0;48;0;0;0;1;1;1;0;0;0;2;0;0;0;0;0;0;0;0;0;0;0;0;3;4;1;0;1;1;0;1;0;0;0;0;0;0;0;0;0;0;0;0;1;0;0;0;0;31;0;10;6;3;0;116;0;1;16;4;1;31;1;0;2;0;0;0;1;1;0;0;2;19;3;1;0;0;1;2;3;0;0;0;0;0;0;0;0;0;0;0;1;0;0;1;2;2;24;0;0;0;0;0;0;0;0;0;0;0;0;0;2;0;0;0;0;2;0;0;0;5;3;0;1;18;0;1;0;0;1;0;1;0;0;1;1;0;0;0;2;0;0;0;0;0;0;0;0;0;0;0;0
3;"Szkoła Podstawowa im. Dzieci Zamojszczyzny, Aleksandrów 554, 23-408 Aleksandrów";60202;"gm. Aleksandrów";"biłgorajski";"lubelskie";1;1;1;0;0;0;0;1;0;0;0;0;0;0;0;1;0;0;0;0;0;0;0;1;0;0;24;0;0;0;0;0;0;0;0;0;0;0;0;0;0;0;0;0;0;0;0;0;0;2;3;0;1;0;1;0;0;0;0;0;0;0;1;0;0;0;0;0;0;0;0;0;0;0;13;6;11;3;3;1;146;0;0;32;0;0;34;1;0;0;0;0;0;0;1;0;0;1;13;3;2;1;3;0;1;3;0;0;0;0;1;0;0;0;1;0;0;0;0;1;1;2;0;25;2;0;0;0;0;0;0;0;0;0;0;0;0;0;0;1;0;0;0;0;0;1;1;1;0;0;6;1;0;0;0;0;0;0;1;0;0;1;0;0;0;0;0;0;0;0;0;0;0;0;0;0;0;0
4;"Świetlica Wiejska, Aleksandrów 695, 23-408 Aleksandrów";60202;"gm. Aleksandrów";"biłgorajski";"lubelskie";1;1;0;1;0;1;0;0;0;0;0;0;0;0;0;0;0;0;0;0;2;1;0;0;0;0;35;2;0;0;1;0;0;0;0;0;2;0;1;0;4;0;0;2;0;0;0;0;0;2;5;0;0;1;0;0;0;0;0;0;0;0;0;0;0;0;0;0;0;0;0;0;0;0;12;1;14;7;0;0;130;0;0;16;5;0;36;1;0;1;0;0;0;0;1;0;0;1;20;1;1;0;0;0;0;2;0;0;0;0;1;1;1;0;0;0;2;1;0;0;0;2;6;18;0;0;0;0;0;1;0;0;0;0;0;0;0;1;1;1;0;0;1;0;0;1;2;0;0;2;11;0;0;1;0;0;0;0;0;0;0;0;0;0;0;3;0;0;0;0;0;0;0;0;0;0;0;0
1;"Szkoła Podstawowa w Bukowej, Bukowa 98, 23-400 Biłgoraj";60203;"gm. Biłgoraj";"biłgorajski";"lubelskie";1;1;1;1;0;0;0;0;0;0;0;0;0;0;0;0;0;0;0;0;0;0;0;0;1;1;115;1;0;2;0;0;0;0;0;0;0;0;0;0;0;0;0;0;0;0;0;0;0;4;3;0;0;0;0;1;0;0;0;0;1;0;1;0;0;1;0;0;0;0;0;0;0;0;28;3;7;9;1;0;57;0;0;30;0;0;76;0;0;1;0;0;0;0;0;0;0;1;6;5;1;2;0;0;0;3;0;0;0;0;0;0;0;0;0;2;1;0;0;0;0;0;4;2;0;0;0;0;0;0;0;0;0;0;0;0;0;0;0;0;0;0;0;0;0;0;3;0;0;1;2;0;0;0;0;0;0;0;0;0;0;0;0;0;0;0;0;0;0;0;0;0;0;0;0;0;0;0
2;"Szkoła Podstawowa w Korytkowie Dużym, Korytków Duży 118, 23-400 Biłgoraj";60203;"gm. Biłgoraj";"biłgorajski";"lubelskie";1;1;0;0;0;1;1;0;0;1;0;1;0;0;0;0;0;0;1;0;0;0;0;0;0;0;83;0;0;0;0;1;0;0;0;0;0;0;0;0;0;0;0;0;0;0;0;0;0;1;1;1;0;0;2;0;0;0;0;0;2;0;0;0;0;0;0;0;0;0;0;1;0;0;44;16;12;3;2;1;37;0;1;18;1;0;53;0;1;0;0;0;0;1;0;0;0;3;21;2;1;1;2;0;0;5;0;0;1;0;0;0;0;0;0;0;0;0;1;0;1;1;3;16;0;0;0;0;0;0;0;0;0;0;0;0;0;0;1;1;0;0;0;0;0;0;4;2;1;1;9;0;0;0;0;0;0;0;0;0;0;0;0;0;1;4;0;0;0;0;0;0;0;0;0;0;0;1
3;"Szkoła Podstawowa w Gromadzie, Gromada 141, 23-400 Biłgoraj";60203;"gm. Biłgoraj";"biłgorajski";"lubelskie";1;1;0;0;0;0;0;0;0;0;0;0;0;0;0;0;0;0;0;0;0;0;0;0;0;0;199;1;0;0;0;0;0;0;0;0;0;0;0;0;0;0;0;0;0;0;0;0;0;0;5;1;0;1;1;0;0;0;0;0;1;0;0;0;0;0;0;1;0;0;0;0;0;0;44;2;19;16;1;1;67;0;0;16;9;0;60;0;0;0;0;0;0;0;0;0;0;4;15;1;0;0;2;1;1;7;0;0;0;0;0;0;1;0;0;0;1;1;0;0;0;2;6;8;1;0;0;0;0;0;0;0;0;0;0;0;0;0;0;0;0;0;0;0;0;0;2;0;0;0;0;0;0;0;0;0;0;0;0;0;0;0;0;0;0;3;0;0;0;0;0;0;0;0;1;0;0;0
4;"Szkoła Podstawowa w Dąbrowicy, Dąbrowica 138a, 23-400 Biłgoraj";60203;"gm. Biłgoraj";"biłgorajski";"lubelskie";1;1;0;0;1;0;0;0;1;0;0;1;0;0;0;0;1;1;0;0;0;0;0;2;0;0;129;0;0;1;0;0;0;0;0;0;0;0;0;0;0;3;1;0;0;0;0;0;0;1;1;0;0;0;6;0;0;0;0;0;0;0;0;0;0;0;0;0;0;0;0;0;0;0;58;2;5;11;3;0;105;3;2;34;7;0;114;1;0;0;0;0;0;0;1;0;1;2;18;8;1;0;2;1;1;16;1;0;0;1;2;0;2;0;1;0;1;1;0;0;0;0;4;15;0;0;1;1;1;1;1;1;0;0;0;0;0;0;0;0;0;0;0;0;0;0;8;0;1;0;7;0;0;0;0;0;0;0;1;0;0;1;0;0;1;2;0;0;0;0;0;0;0;0;0;0;0;0
5;"Remizo-świetlica w Ciosmach, Ciosmy 8, 23-400 Biłgoraj";60203;"gm. Biłgoraj";"biłgorajski";"lubelskie";1;1;3;0;0;0;0;0;0;0;0;0;0;0;0;0;0;1;0;0;0;0;0;0;0;0;39;2;0;0;0;0;0;0;0;0;0;0;0;0;0;1;0;0;0;0;0;0;0;0;2;0;0;0;0;0;0;0;0;1;1;0;1;0;0;0;0;0;0;0;0;0;0;0;21;2;6;7;0;2;17;0;0;6;1;0;26;0;0;0;0;0;0;0;0;0;0;3;7;0;0;0;0;0;0;1;0;0;0;0;0;1;0;0;0;0;0;0;1;0;1;0;4;7;0;0;1;0;0;0;0;0;0;0;0;0;0;1;0;0;0;0;1;0;0;0;1;0;0;0;4;0;0;1;0;0;0;0;0;0;0;0;0;0;0;11;0;0;1;0;0;0;0;0;0;0;0;0
6;"Szkoła Podstawowa w Smólsku, Smólsko Małe 45, 23-400 Biłgoraj";60203;"gm. Biłgoraj";"biłgorajski";"lubelskie";1;1;0;0;0;0;0;0;1;0;0;0;0;0;0;0;0;0;0;1;0;0;1;0;0;0;91;1;0;0;0;0;0;0;0;0;0;0;0;1;0;0;0;0;0;0;1;0;0;1;2;0;0;0;4;0;0;0;0;0;0;0;1;0;0;0;0;0;0;0;0;0;0;0;20;2;18;4;0;2;54;2;0;47;4;1;87;0;0;0;0;0;0;0;0;0;1;2;13;5;0;0;4;1;1;6;0;0;0;0;0;0;0;0;1;0;0;0;0;0;0;1;4;16;1;1;0;0;0;0;0;0;0;1;0;0;0;0;0;1;0;0;1;0;0;0;3;1;0;0;3;1;0;0;0;0;0;0;0;0;0;0;0;0;0;0;0;0;0;0;0;0;0;0;1;0;0;0
7;"Szkoła Podstawowa w Korczowie, Korczów 1b, 23-400 Biłgoraj";60203;"gm. Biłgoraj";"biłgorajski";"lubelskie";1;1;1;0;0;0;0;0;0;0;0;0;0;0;0;0;1;0;0;1;0;0;0;0;0;0;103;0;1;0;0;0;0;0;0;0;0;0;0;0;0;1;0;0;0;0;0;0;0;2;1;1;0;0;1;0;0;0;0;0;0;0;0;0;0;0;0;0;0;0;0;0;0;0;53;6;15;10;3;0;54;0;0;64;3;0;94;0;0;0;0;0;0;0;0;0;0;3;18;1;3;0;0;0;1;6;0;0;0;2;2;0;0;0;0;0;0;0;1;0;1;3;1;22;2;0;0;0;0;0;0;0;0;0;0;0;0;0;0;0;0;0;0;0;0;0;5;0;1;0;1;0;0;0;0;0;0;0;0;0;0;0;0;0;0;4;0;0;0;0;0;0;0;0;0;0;0;0
8;"Szkoła Podstawowa w Dereźni Solskiej, Dereźnia Solska 1a, 23-400 Biłgoraj";60203;"gm. Biłgoraj";"biłgorajski";"lubelskie";1;1;2;0;0;2;0;1;0;0;1;1;0;0;0;0;0;0;0;0;0;1;0;1;0;3;162;3;0;1;0;1;0;0;2;0;1;1;0;0;0;2;0;0;0;0;0;0;1;8;6;0;0;1;7;0;0;0;0;1;0;0;0;0;0;0;1;0;1;0;0;1;0;1;54;4;29;13;1;3;105;1;2;69;8;0;176;0;0;1;0;0;1;0;1;0;0;4;27;5;6;3;4;2;1;9;0;0;0;0;1;0;2;1;2;1;3;0;0;0;2;2;8;49;7;0;0;0;1;1;0;0;0;0;0;0;0;0;0;2;0;0;0;0;0;0;11;1;1;0;12;2;0;1;0;0;0;0;0;1;0;0;0;1;0;4;0;0;0;0;0;0;0;0;0;0;0;0
9;"Szkoła Podstawowa w Woli Dereźniańskiej, Wola Dereźniańska 93, 23-400 Biłgoraj";60203;"gm. Biłgoraj";"biłgorajski";"lubelskie";1;1;0;0;0;1;0;0;1;0;0;1;0;0;0;0;0;0;0;0;0;1;0;1;0;0;55;0;0;1;0;0;1;0;0;0;0;0;1;0;0;0;0;0;0;0;0;0;0;2;2;0;0;0;0;0;0;0;0;0;0;0;1;0;0;0;0;1;1;0;0;4;0;0;29;6;9;11;0;0;78;0;0;56;1;0;45;0;0;3;0;0;0;0;0;0;0;0;13;3;1;1;1;1;0;4;0;0;0;0;0;0;1;0;2;1;3;0;1;1;0;0;3;9;0;0;0;1;1;0;1;0;0;0;0;0;0;0;0;0;0;0;0;0;0;0;3;0;0;1;3;2;1;0;0;0;0;0;0;0;0;0;0;0;0;0;0;0;0;0;0;0;0;0;0;0;0;0
10;"Szkoła Podstawowa w Starym Bidaczowie, Stary Bidaczów 42, 23-400 Biłgoraj";60203;"gm. Biłgoraj";"biłgorajski";"lubelskie";1;1;1;0;0;0;1;0;0;1;0;0;0;0;0;0;0;0;0;0;0;0;0;0;0;1;37;0;0;0;0;1;0;0;0;0;0;0;1;0;0;0;0;0;0;0;0;0;0;2;1;0;0;0;2;0;0;0;0;0;0;0;0;0;0;0;0;0;0;0;0;0;0;0;11;8;2;1;1;0;58;0;0;45;2;0;26;0;0;1;0;0;0;0;0;0;0;0;9;6;1;0;0;0;1;2;0;0;0;0;0;0;1;0;0;0;1;0;0;0;0;0;4;4;0;0;0;1;0;0;0;0;0;0;0;0;0;0;0;0;0;0;0;0;1;0;4;0;0;0;3;1;0;0;1;1;0;0;0;0;0;0;0;0;0;1;0;0;0;0;0;0;0;0;0;0;0;0
11;"Klub Aktywności Lokalnej w Dylach, Dyle 42A, 23-400 Biłgoraj";60203;"gm. Biłgoraj";"biłgorajski";"lubelskie";1;1;1;1;1;0;0;0;0;0;0;0;0;0;0;0;0;0;0;0;0;0;0;0;0;0;62;0;0;0;0;0;0;0;0;0;0;0;0;0;0;14;0;0;0;0;0;0;0;0;8;0;0;0;0;0;0;0;0;0;0;0;0;0;0;0;0;0;0;0;0;0;0;0;38;0;7;1;2;1;15;1;1;11;1;0;32;0;0;0;0;1;0;1;0;0;0;1;7;1;0;0;0;0;0;2;0;0;0;0;2;1;0;0;1;0;0;0;0;0;0;1;1;11;0;0;0;1;0;0;0;0;0;0;0;0;0;0;0;0;0;0;0;0;0;0;3;0;0;0;2;0;1;0;0;0;0;0;0;0;0;0;0;0;0;4;0;0;0;0;0;0;0;0;0;0;0;0
12;"Szkoła Podstawowa w Hedwiżynie, Hedwiżyn 88b, 23-400 Biłgoraj";60203;"gm. Biłgoraj";"biłgorajski";"lubelskie";1;1;5;0;0;0;0;0;0;7;0;0;0;0;0;0;2;0;0;0;0;1;0;4;0;0;191;2;0;0;1;0;1;1;0;0;0;0;0;0;0;7;0;0;0;0;0;0;0;3;7;0;1;2;7;0;0;0;0;1;0;1;2;0;0;0;0;0;0;0;0;0;0;0;40;4;12;6;1;0;57;3;2;31;8;1;104;5;0;1;0;0;0;1;1;1;1;0;19;4;2;0;2;0;3;8;0;0;0;0;0;2;0;0;2;0;4;0;1;0;0;0;12;32;6;1;0;0;0;0;0;0;0;0;0;0;0;0;0;0;0;0;0;0;0;0;7;0;0;0;12;0;0;0;0;0;0;0;0;0;0;0;0;0;0;2;0;0;0;0;0;0;0;0;0;0;0;0
13;"Remizo-świetlica OSP w Soli, Sól 87, 23-400 Biłgoraj";60203;"gm. Biłgoraj";"biłgorajski";"lubelskie";1;1;1;0;1;0;0;0;0;0;0;1;0;0;1;0;1;0;0;1;0;0;0;0;3;1;136;0;0;0;3;4;0;0;0;0;0;0;1;0;0;0;0;1;0;0;1;0;0;2;6;0;0;0;3;1;0;0;0;0;0;0;1;0;0;0;0;0;2;0;0;1;1;0;46;5;22;5;1;0;79;1;2;24;1;1;59;0;0;0;0;0;0;0;0;0;0;2;17;11;1;1;1;0;1;8;0;0;0;1;0;0;2;0;1;2;0;0;0;0;0;1;4;50;0;0;0;3;0;0;0;0;0;0;0;0;0;0;0;1;0;0;0;0;0;0;2;0;0;0;7;1;0;0;1;0;0;0;1;1;0;0;0;0;0;2;0;0;0;0;0;0;0;0;0;0;0;0
14;"Zespół Szkoły Podstawowej i Przedszkola w Soli, Sól 279, 23-400 Biłgoraj";60203;"gm. Biłgoraj";"biłgorajski";"lubelskie";1;1;0;0;0;0;1;0;0;0;0;0;0;1;0;0;0;0;0;0;0;1;0;0;1;0;78;3;0;0;0;0;0;0;0;0;0;0;0;0;0;0;0;0;0;0;0;0;0;2;1;0;0;0;0;0;0;0;0;0;0;0;0;0;0;1;0;0;0;0;0;0;0;0;32;6;22;7;2;0;111;0;0;72;3;0;58;0;0;0;0;1;1;2;1;0;0;2;14;5;2;2;2;0;0;11;1;0;0;0;1;0;0;0;0;0;4;0;0;0;0;1;3;24;1;1;2;1;0;1;0;0;0;0;0;0;0;0;0;0;0;0;0;0;0;0;12;3;1;0;12;0;0;1;0;0;0;0;0;0;0;0;1;0;2;0;0;0;1;0;0;0;0;0;0;0;0;0
15;"Remizo-świetlica, Nadrzecze 34a, 23-400 Biłgoraj";60203;"gm. Biłgoraj";"biłgorajski";"lubelskie";1;1;0;0;0;0;0;0;0;0;0;0;0;1;0;0;1;0;0;0;0;0;0;0;0;0;71;1;0;0;1;0;0;0;0;0;0;0;0;0;0;0;0;0;0;0;0;0;0;6;6;0;0;0;1;0;0;1;0;0;0;0;0;0;0;1;0;0;0;1;0;0;0;0;15;4;2;10;2;0;7;0;0;7;3;0;8;0;0;2;0;0;0;0;0;0;2;0;6;1;0;0;1;1;2;5;0;0;0;2;1;0;0;0;0;1;2;0;0;0;0;0;3;12;1;0;1;2;1;3;0;0;2;0;0;0;0;0;0;0;0;0;1;0;0;0;1;0;0;0;2;0;0;0;0;0;0;0;0;0;0;0;0;0;0;0;0;0;0;0;0;0;0;0;0;0;0;0
16;"Świetlica wiejska, Majdan Gromadzki 14E, 23-400 Biłgoraj";60203;"gm. Biłgoraj";"biłgorajski";"lubelskie";1;1;0;0;0;0;0;0;0;0;0;0;0;0;0;0;0;0;0;0;0;0;0;0;0;0;67;0;0;0;0;0;0;0;0;0;0;0;0;0;0;0;0;0;0;0;0;0;0;1;5;0;0;0;0;0;0;0;1;0;0;0;0;0;0;0;0;0;0;0;0;0;0;0;20;3;9;7;0;0;9;0;0;15;3;0;40;0;1;0;0;0;0;0;1;0;1;7;3;1;0;0;0;0;0;7;1;0;0;0;0;0;0;0;0;0;1;0;0;0;0;0;0;11;0;0;0;0;0;0;0;0;0;0;0;0;0;0;0;0;0;0;0;0;0;0;2;1;0;0;6;0;0;0;0;0;0;0;0;0;0;0;0;0;0;0;0;0;0;0;0;0;0;0;0;0;0;0
17;"Dom Pomocy Społecznej w Teodorówce, Teodorówka 1, 23-400 Biłgoraj";60203;"gm. Biłgoraj";"biłgorajski";"lubelskie";1;1;2;0;0;0;0;0;0;1;0;0;0;0;0;0;0;0;0;0;0;0;0;0;0;0;1;0;0;0;0;0;0;0;0;0;0;0;0;1;0;0;0;0;0;0;0;0;1;0;0;0;1;0;0;0;0;0;0;0;0;0;0;1;0;0;0;0;0;0;0;0;0;0;0;1;0;0;1;0;0;0;0;0;0;0;12;0;0;0;0;0;0;0;0;0;0;0;1;1;0;0;0;0;0;0;0;0;0;0;0;0;0;0;1;0;0;0;0;0;0;0;1;0;0;0;1;0;0;0;0;0;0;0;0;0;0;0;0;0;0;0;0;1;0;0;0;0;1;0;0;1;0;0;0;0;0;0;0;0;0;0;1;0;0;0;0;1;0;0;0;0;0;0;0;0;0;2
1;"Świetlica-Dom Nauczyciela, Bukowina 59, 23-425 Biszcza";60204;"gm. Biszcza";"biłgorajski";"lubelskie";1;1;0;0;0;1;0;1;2;0;2;0;0;0;0;0;0;0;0;0;0;0;0;0;1;0;43;1;1;2;0;0;2;0;2;0;0;1;1;0;0;0;0;1;0;0;0;0;0;2;6;0;0;1;0;0;0;0;0;0;0;0;0;0;0;1;0;1;0;0;0;0;0;1;33;2;39;7;3;2;35;20;3;135;7;0;72;0;0;0;0;0;0;1;2;0;4;5;10;0;2;0;2;8;1;9;1;2;0;0;0;0;2;0;0;0;2;0;0;0;0;3;5;19;0;0;1;0;1;0;1;0;0;0;0;0;0;0;0;1;0;0;0;0;0;0;7;0;0;1;3;0;1;0;0;0;0;0;1;0;0;0;0;0;0;0;0;0;0;0;0;0;0;0;0;0;0;0
2;"Gminny Ośrodek Kultury, Sportu i Rekreacji w Biszczy, Biszcza 52, 23-425 Biszcza";60204;"gm. Biszcza";"biłgorajski";"lubelskie";1;1;5;0;0;0;1;0;0;0;0;1;0;0;0;0;0;0;0;0;0;0;0;0;0;0;57;4;2;0;3;1;1;0;0;2;0;0;1;1;0;0;0;0;0;0;0;0;0;2;8;0;0;0;2;0;0;0;0;0;0;0;0;0;0;0;0;0;0;0;0;0;0;0;34;5;15;19;0;2;27;0;0;101;5;0;74;4;0;0;0;0;0;1;1;0;0;1;12;0;0;1;2;2;1;25;0;0;0;0;0;1;1;0;0;0;2;0;0;0;0;1;6;31;5;1;0;3;3;2;0;0;0;0;0;0;0;0;0;0;0;0;0;0;0;0;16;1;0;1;5;0;0;0;0;0;1;0;0;1;0;0;0;0;1;1;0;0;0;0;0;0;0;0;0;0;0;0
3;"Samorządowy Zespół Szkolny w Biszczy, Biszcza 228, 23-425 Biszcza";60204;"gm. Biszcza";"biłgorajski";"lubelskie";1;1;1;0;0;0;0;0;0;0;1;1;0;0;0;0;0;0;0;1;1;0;0;0;0;1;50;0;2;1;1;0;2;0;0;0;0;0;2;2;0;1;0;0;0;1;0;1;0;5;4;0;0;1;0;0;0;0;0;0;2;0;0;0;0;4;0;0;0;0;0;0;0;0;14;15;21;18;1;1;24;3;0;93;2;0;90;1;1;1;1;0;0;0;0;0;1;3;15;1;4;0;1;0;0;8;0;1;0;0;0;0;2;0;0;1;4;0;2;0;0;2;10;9;2;0;1;0;0;0;0;1;0;1;1;1;0;0;0;4;0;1;0;1;0;0;4;1;1;0;5;1;0;0;0;0;0;0;0;0;0;0;0;0;0;0;1;0;0;0;0;0;0;0;0;0;0;1
4;"Samorządowa Szkoła Podstawowa w Goździe Lipińskim, Gózd Lipiński 81, 23-425 Biszcza";60204;"gm. Biszcza";"biłgorajski";"lubelskie";1;1;0;0;0;1;0;0;0;0;0;1;0;0;1;0;1;0;1;0;0;0;0;0;0;0;25;0;0;2;2;0;0;0;1;1;1;0;0;0;0;0;0;0;1;0;0;0;0;4;8;0;0;0;2;1;0;0;0;0;0;0;0;0;0;0;1;0;0;0;0;0;0;0;19;8;22;0;0;1;88;0;0;42;4;0;37;0;0;1;0;1;0;1;1;0;1;2;11;0;1;0;0;0;0;0;0;0;0;0;0;1;1;0;1;1;1;0;1;0;0;0;2;9;0;0;0;0;0;0;0;1;0;0;0;0;0;0;0;0;0;0;0;0;0;0;5;0;0;0;4;0;2;0;0;0;0;0;0;1;0;0;0;0;0;2;0;0;0;0;0;0;0;0;0;0;1;0
1;"Centrum Integracji Społecznej, ul. Zamojska 13, 23-440 Frampol";60205;"gm. Frampol";"biłgorajski";"lubelskie";1;1;4;1;1;1;0;0;0;1;1;0;0;0;0;0;0;0;0;0;0;0;0;1;0;1;104;1;0;2;2;0;1;0;0;0;4;0;1;0;0;0;0;0;1;0;0;0;0;2;11;0;0;0;3;0;2;0;0;0;0;0;0;0;0;0;0;0;0;0;0;0;0;0;80;12;32;14;2;0;30;3;2;49;9;0;165;0;1;0;1;0;2;14;2;0;1;3;29;5;0;1;0;0;3;16;1;0;0;0;1;0;0;1;1;3;2;0;1;0;0;2;18;65;3;0;2;3;0;0;1;0;0;1;0;0;0;0;0;0;0;1;0;0;0;0;8;0;1;1;2;0;1;0;1;0;0;0;3;3;0;0;0;0;0;0;0;0;0;0;0;0;0;0;0;0;0;0
2;"Remiza OSP, Komodzianka 51b, 23-440 Frampol";60205;"gm. Frampol";"biłgorajski";"lubelskie";1;1;0;0;0;1;0;0;0;0;0;0;0;0;0;0;0;0;0;0;0;0;0;0;3;1;4;0;1;0;2;0;1;0;0;0;0;0;0;0;0;0;0;0;0;0;0;0;0;0;1;0;0;0;0;0;0;0;0;0;0;0;0;0;0;0;0;0;0;0;0;0;0;0;17;0;9;2;0;0;18;0;0;13;2;0;36;0;0;0;0;0;5;1;0;0;0;0;2;0;0;0;0;0;0;6;0;0;0;0;0;0;0;1;0;0;0;0;0;0;0;0;0;1;0;0;0;1;0;0;0;0;0;0;0;0;0;0;0;0;0;0;0;0;0;0;1;0;0;0;0;0;0;0;0;0;0;0;0;0;0;0;0;0;0;0;0;0;0;0;0;0;0;0;0;0;0;0
3;"Świetlica, Korytków Mały 49a, 23-440 Frampol";60205;"gm. Frampol";"biłgorajski";"lubelskie";1;1;0;0;0;0;1;0;0;0;0;0;0;0;0;0;0;0;0;0;0;1;0;1;0;0;34;0;1;0;0;0;0;0;0;1;1;0;0;0;0;0;0;0;0;0;0;0;0;4;0;0;0;0;2;0;0;0;0;0;0;0;0;0;0;1;0;0;0;0;0;0;0;1;45;8;22;5;2;1;13;1;2;40;5;1;84;1;0;0;0;1;0;1;0;0;1;3;11;2;3;0;2;0;0;4;1;0;0;1;0;1;2;0;1;0;3;0;0;0;0;3;2;10;0;0;0;0;0;0;0;0;0;0;0;0;0;0;0;0;0;0;0;0;0;0;7;1;0;1;0;0;0;0;0;0;0;0;1;0;0;0;0;1;0;1;0;2;0;0;0;0;0;0;0;0;0;0
4;"Szkoła Podstawowa, Radzięcin 82, 23-440 Frampol";60205;"gm. Frampol";"biłgorajski";"lubelskie";1;1;0;0;0;0;0;0;0;0;0;0;0;0;0;0;0;0;0;0;0;1;0;0;0;0;45;0;3;0;1;0;0;0;0;0;1;1;0;0;0;0;0;1;0;0;1;0;0;1;2;2;0;2;1;0;0;1;0;0;0;0;0;0;0;0;0;0;0;0;0;0;0;0;21;2;29;6;2;0;19;0;0;24;5;0;65;0;0;2;0;0;0;0;0;0;1;1;11;1;0;2;0;1;2;4;0;0;0;0;0;0;0;0;0;0;1;0;0;0;0;0;4;28;0;0;0;1;0;0;0;0;0;0;0;0;0;0;0;0;0;0;0;0;0;0;3;2;0;0;6;0;1;0;1;0;0;0;1;0;0;0;0;0;0;0;0;0;0;0;0;0;0;0;0;0;0;0
5;"Szkoła Podstawowa, Teodorówka 64, 23-440 Frampol";60205;"gm. Frampol";"biłgorajski";"lubelskie";1;1;3;1;0;0;0;0;1;0;0;0;0;0;0;0;2;0;0;0;0;0;1;0;0;1;57;0;2;1;2;0;0;0;0;2;0;0;0;0;0;0;0;1;0;1;0;0;0;5;6;1;0;1;0;0;0;0;0;1;0;0;0;0;0;0;0;0;0;0;0;0;0;0;25;0;9;5;2;2;57;2;1;65;7;1;106;0;0;0;0;0;0;1;0;0;0;2;15;2;5;0;0;0;3;11;1;0;0;0;0;1;3;1;1;0;2;0;2;0;0;0;5;19;3;0;0;0;1;0;1;0;0;0;0;0;0;0;0;2;0;0;0;0;0;0;3;0;3;1;5;0;0;0;0;0;1;0;2;0;2;0;1;0;0;0;0;1;0;0;0;0;0;0;0;0;0;0
6;"Szkoła Podstawowa, Wola Radzięcka 61, 23-440 Frampol";60205;"gm. Frampol";"biłgorajski";"lubelskie";1;1;1;0;0;0;0;1;0;0;0;0;0;1;0;0;1;0;0;0;0;0;0;1;0;0;18;1;1;1;1;1;0;0;0;1;0;0;0;0;0;0;0;1;1;1;0;0;0;2;1;0;0;0;1;0;1;0;0;0;0;0;3;0;0;0;0;0;0;0;0;0;0;0;23;0;15;5;2;0;13;1;1;16;0;0;75;0;0;0;1;0;0;0;0;0;0;0;12;2;1;1;1;0;1;4;0;0;0;1;0;0;0;0;0;0;0;0;0;0;0;1;3;16;0;1;0;2;0;0;1;0;0;1;0;0;0;0;0;0;0;0;0;0;0;0;2;0;0;1;2;0;0;0;0;0;0;0;0;0;0;0;0;1;0;3;0;0;0;0;0;0;0;0;0;0;0;0
7;"Remiza OSP, Kąty 37, 23-440 Frampol";60205;"gm. Frampol";"biłgorajski";"lubelskie";1;1;1;0;0;0;0;0;0;1;2;1;0;0;0;0;3;0;0;0;0;0;0;0;0;0;31;0;0;0;0;0;0;0;1;1;0;1;0;0;0;2;0;0;1;0;0;0;0;1;0;0;0;1;0;1;0;0;0;0;0;0;0;0;0;0;0;0;0;0;0;0;0;0;23;3;13;8;1;0;21;0;2;29;1;0;80;0;0;0;0;0;0;0;2;0;0;0;5;2;0;0;1;1;1;7;1;1;0;0;0;2;1;1;0;0;0;1;0;0;0;3;0;13;1;3;1;0;0;0;0;1;0;0;0;0;0;0;0;0;0;0;0;0;0;0;1;1;0;0;1;2;0;0;0;0;0;0;0;0;0;0;0;1;0;0;0;0;0;0;0;0;0;0;0;0;0;1
8;"Remiza OSP, Chłopków 63, 23-440 Frampol";60205;"gm. Frampol";"biłgorajski";"lubelskie";1;1;1;0;0;0;1;0;0;1;0;0;0;0;0;0;0;0;0;1;0;0;0;0;0;0;12;1;0;0;0;0;0;0;0;0;0;0;0;0;0;0;0;2;0;0;0;0;0;0;8;0;0;1;0;0;0;0;0;0;0;0;0;0;0;0;1;0;0;0;0;0;0;0;11;1;12;0;0;2;7;1;0;8;7;0;20;0;0;1;0;0;0;5;0;0;0;0;7;4;0;0;1;0;0;1;2;0;0;1;0;0;0;0;0;0;1;0;0;1;1;0;3;4;0;0;0;0;0;0;0;0;0;0;0;0;1;0;0;1;0;0;0;0;0;0;4;0;0;0;0;0;0;0;0;0;0;1;0;0;0;0;0;0;0;1;0;0;0;0;0;0;0;0;0;0;0;0
9;"Świetlica, Sokołówka 54, 23-440 Frampol";60205;"gm. Frampol";"biłgorajski";"lubelskie";1;1;1;1;0;0;0;0;0;0;0;0;0;0;1;0;0;0;0;0;0;0;0;0;0;0;47;0;0;1;0;1;0;0;0;0;0;0;2;0;0;0;1;0;0;0;0;0;0;0;4;0;0;0;2;0;0;0;0;0;0;0;0;0;0;0;0;0;0;0;0;0;0;0;25;1;9;2;4;0;17;0;2;39;2;0;57;0;0;0;0;0;0;0;1;0;0;2;19;0;2;0;1;0;1;4;0;0;0;0;0;0;0;0;0;0;0;0;0;0;0;1;8;24;0;0;0;0;0;0;0;0;0;0;0;0;0;0;0;0;0;0;0;0;0;1;0;0;0;2;1;0;0;0;0;0;0;0;1;0;0;0;0;0;0;0;0;1;0;0;0;0;0;0;0;0;0;0
1;"Zespół Szkół w Goraju, ul. Bednarska 8, 23-450 Goraj";60206;"gm. Goraj";"biłgorajski";"lubelskie";1;1;1;1;0;0;0;0;0;0;0;1;0;0;0;0;0;0;0;0;0;0;0;0;0;1;26;0;0;0;0;0;0;0;0;0;0;0;0;0;0;1;0;0;0;0;0;0;0;0;6;1;0;0;0;0;0;0;0;0;0;0;0;0;0;0;1;0;0;0;0;0;0;0;12;0;7;1;2;1;15;0;0;14;6;0;173;0;0;0;0;0;0;2;0;0;0;1;5;4;2;0;0;1;0;8;0;0;0;1;0;0;1;0;1;0;1;0;0;0;3;0;4;4;2;0;0;0;0;0;1;0;0;0;1;0;0;0;0;0;0;0;0;1;0;0;3;2;0;0;0;0;0;0;3;0;0;0;0;0;1;0;1;0;0;1;0;0;0;0;0;0;0;0;0;0;0;0
2;"Urząd Miejski, ul. Bednarska 1, 23-450 Goraj";60206;"gm. Goraj";"biłgorajski";"lubelskie";1;1;0;1;0;0;0;0;0;0;0;1;0;0;0;1;0;0;0;0;0;0;0;2;0;0;51;0;2;0;3;0;0;0;1;2;2;0;1;1;0;0;0;2;1;0;0;0;0;3;4;0;0;1;4;0;0;1;0;0;0;0;0;0;0;0;1;0;0;0;1;0;0;0;31;3;19;14;1;0;24;0;0;19;3;1;260;0;0;3;0;0;1;0;1;0;5;0;12;4;11;2;0;2;0;28;1;0;0;1;0;0;0;1;1;1;3;0;0;0;1;1;15;15;1;0;0;1;0;0;0;0;1;0;0;0;0;0;0;0;0;0;0;0;0;0;10;4;2;0;11;2;0;0;2;0;1;0;1;0;0;0;0;1;0;0;1;0;0;0;0;0;0;0;0;0;0;0
3;"Remiza Ochotniczej Straży Pożarnej, Hosznia Ordynacka 22, 23-450 Goraj";60206;"gm. Goraj";"biłgorajski";"lubelskie";1;1;1;1;0;0;0;0;1;0;0;1;0;1;0;0;0;0;0;0;0;0;0;2;0;0;31;0;0;1;1;0;0;0;0;0;1;0;0;0;0;0;0;0;0;0;0;0;0;0;2;0;0;0;0;0;0;0;0;0;0;0;0;0;0;0;4;0;0;0;0;0;0;0;24;1;25;2;0;0;79;0;0;14;4;0;83;2;1;2;0;0;1;3;0;0;0;4;8;3;1;1;1;0;0;3;0;0;0;0;1;0;0;0;0;0;0;0;1;0;0;1;5;15;1;0;0;1;0;0;0;0;0;0;0;0;0;0;0;1;0;0;0;0;1;0;2;0;0;1;1;0;0;0;0;0;0;0;0;0;0;0;0;0;0;0;0;0;0;0;0;0;0;0;0;0;1;0
4;"Remiza Ochotniczej Straży Pożarnej, Jędrzejówka 60, 23-450 Goraj";60206;"gm. Goraj";"biłgorajski";"lubelskie";1;1;1;1;0;0;1;1;0;0;0;1;1;0;0;0;0;1;1;0;0;0;0;1;3;0;40;1;1;0;1;0;0;0;1;0;1;0;0;0;0;0;0;0;0;0;0;0;0;3;0;1;0;0;1;1;0;0;0;0;0;0;0;0;0;0;2;0;0;0;0;0;0;0;18;2;10;3;1;1;32;0;0;34;2;0;83;1;0;0;0;0;0;1;0;1;1;1;11;0;1;0;1;0;0;2;0;0;0;2;0;1;1;0;0;0;0;0;1;0;0;0;6;8;0;0;0;0;0;0;0;0;0;0;0;0;0;0;0;1;0;0;0;0;0;0;1;0;0;1;2;0;0;0;0;1;0;0;0;0;0;0;0;1;0;5;0;0;0;0;0;0;0;0;0;0;0;0
5;"Remiza Ochotniczej Straży Pożarnej, Wólka Abramowska 80, 23-450 Goraj";60206;"gm. Goraj";"biłgorajski";"lubelskie";1;1;0;0;0;0;1;0;0;0;0;2;0;0;0;0;0;0;0;0;0;0;0;2;0;0;36;1;1;1;0;0;0;0;0;0;1;1;0;0;0;0;1;0;0;0;1;0;0;0;2;0;1;2;0;1;0;1;0;0;0;0;0;0;0;0;0;0;0;0;0;0;0;0;19;1;11;4;1;0;51;0;0;3;0;1;48;0;0;0;0;0;0;0;1;0;0;2;5;1;1;0;0;0;0;7;0;1;0;1;0;0;0;0;0;0;0;0;0;0;0;0;3;11;1;1;0;0;0;0;0;0;0;0;0;0;0;0;0;0;0;0;0;1;0;0;3;1;0;1;2;0;0;1;0;0;0;1;0;0;0;0;0;0;0;0;0;0;0;0;0;0;0;0;0;0;0;0
6;"Gminny Ośrodek Sportu i Rekreacji, Zastawie 89, 23-450 Goraj";60206;"gm. Goraj";"biłgorajski";"lubelskie";1;1;0;0;0;0;0;0;0;0;0;0;0;0;0;0;1;0;0;0;0;0;0;0;0;0;14;0;0;0;2;0;0;0;0;0;0;0;0;0;0;0;0;0;0;0;0;0;0;1;1;0;0;0;0;1;0;0;0;0;0;0;0;0;0;0;1;0;0;0;0;0;0;0;9;0;4;0;1;0;10;0;0;15;2;0;163;0;0;0;0;0;0;0;0;0;1;0;10;0;1;0;0;1;0;7;0;0;0;1;0;1;0;1;0;0;0;0;1;0;0;0;2;4;1;0;0;0;0;0;0;0;0;0;0;0;0;0;0;0;0;0;0;0;0;1;3;0;0;0;0;1;0;0;0;0;0;0;1;0;0;0;0;0;0;0;0;0;0;0;0;0;0;0;0;0;0;0
1;"Miejski Ośrodek Kultury w Józefowie, ul. Krótka 9, 23-460 Józefów";60207;"gm. Józefów";"biłgorajski";"lubelskie";1;1;0;0;0;3;1;2;0;1;0;0;1;0;0;0;1;0;0;0;0;0;0;1;0;0;45;5;1;2;2;1;1;0;0;2;0;1;0;0;0;0;1;0;0;1;0;0;0;4;18;1;2;0;2;1;4;2;0;0;0;0;3;0;0;3;1;1;0;0;0;1;1;0;68;7;24;6;8;0;44;0;2;30;17;1;34;0;0;1;2;0;0;6;3;0;0;0;23;5;1;1;1;2;0;5;2;0;0;0;0;1;0;0;1;1;1;0;0;0;0;3;28;97;10;1;0;1;4;5;2;1;0;0;0;0;2;1;1;0;1;0;13;1;0;0;8;2;0;0;4;0;0;0;0;0;0;0;0;0;2;0;0;0;0;7;0;0;0;0;0;0;0;0;0;0;0;0
2;"Środowiskowy Dom Samopomocy w Józefowie, ul. Czesława Mużacza ""Selima"" 1, 23-460 Józefów";60207;"gm. Józefów";"biłgorajski";"lubelskie";1;1;2;0;0;0;2;0;0;0;0;1;1;0;1;0;0;0;0;1;0;0;0;2;2;2;54;4;0;0;2;1;0;1;0;0;0;0;0;0;2;0;0;0;0;0;0;0;0;4;15;2;1;3;3;1;1;0;0;0;1;0;2;0;0;0;0;0;0;0;0;0;0;1;43;2;28;2;11;2;35;0;2;22;13;0;41;0;0;1;0;0;0;2;0;0;0;0;13;5;2;2;3;0;2;4;2;0;1;1;0;0;1;0;1;0;2;0;0;0;2;1;15;64;11;1;0;1;0;1;0;1;0;0;1;0;0;1;0;0;0;0;10;1;1;0;14;1;2;0;2;0;1;0;0;0;0;0;0;1;6;0;0;0;0;4;0;1;0;0;0;0;0;0;0;0;0;0
3;"Szkoła Podstawowa w Józefowie, ul. Górnicza 21, 23-460 Józefów";60207;"gm. Józefów";"biłgorajski";"lubelskie";1;1;2;0;0;2;0;0;0;0;0;0;0;0;0;0;0;0;0;0;0;0;0;0;0;0;10;4;2;0;4;2;1;0;0;0;1;0;0;3;2;0;0;0;0;1;0;0;1;0;10;1;0;0;0;1;9;1;0;0;0;0;0;0;0;0;0;1;0;0;0;0;0;0;30;0;10;1;3;0;21;0;3;11;2;1;22;1;0;1;0;0;0;4;0;0;0;0;6;0;2;1;3;1;0;0;1;0;0;0;0;0;0;0;0;1;0;0;0;1;0;1;12;19;2;2;0;0;0;0;0;0;0;0;0;0;0;0;0;0;0;0;2;0;0;0;1;0;0;0;0;0;0;0;0;0;0;0;0;0;0;0;0;0;0;4;0;0;0;0;0;0;0;0;0;0;0;0
4;"Szkoła Podstawowa w Majdanie Nepryskim, Majdan Nepryski 18, 23-460 Józefów";60207;"gm. Józefów";"biłgorajski";"lubelskie";1;1;2;0;0;2;2;0;0;0;0;0;0;0;0;1;0;0;0;0;0;0;0;0;0;0;27;4;2;1;0;0;1;1;0;0;2;0;0;1;0;0;0;0;0;0;0;0;0;2;12;2;0;2;2;2;10;0;0;0;1;0;0;0;0;0;0;0;0;0;1;0;0;0;30;2;49;8;12;1;43;2;2;18;15;1;31;0;0;1;0;0;0;10;0;0;0;1;18;2;1;1;1;1;4;5;2;0;0;1;0;0;1;0;0;3;2;0;0;0;1;0;14;29;7;2;1;1;0;0;1;0;0;0;1;0;0;0;0;1;0;0;11;0;1;0;4;0;0;0;0;0;0;1;0;0;0;0;0;0;2;0;0;0;1;8;0;0;0;0;0;0;0;0;0;0;0;0
5;"Szkoła Podstawowa w Stanisławowie, Stanisławów 64a, 23-460 Józefów";60207;"gm. Józefów";"biłgorajski";"lubelskie";1;1;1;0;0;0;0;0;0;0;0;0;0;0;0;0;1;0;0;1;0;0;0;0;0;0;10;5;2;1;0;0;0;0;0;0;0;1;0;0;3;0;0;0;0;0;0;0;0;0;3;0;0;1;0;2;1;0;0;0;0;0;0;1;0;0;0;0;0;0;0;0;0;1;14;1;39;2;5;1;14;1;0;24;11;0;33;0;0;4;1;0;1;11;1;1;1;2;5;3;1;0;0;1;1;7;3;0;0;1;0;1;0;2;0;0;1;0;0;1;0;0;6;8;2;0;1;1;0;0;2;0;0;0;0;0;0;0;0;0;0;0;0;0;0;0;5;0;0;0;1;0;0;0;0;0;0;0;0;0;0;0;0;0;0;7;0;0;0;0;0;0;0;0;0;0;0;0
6;"Szkoła Podstawowa w Górecku Starym, Górecko Stare 75, 23-460 Józefów";60207;"gm. Józefów";"biłgorajski";"lubelskie";1;1;1;0;0;2;0;0;0;1;0;0;0;0;0;0;1;0;0;0;0;0;0;0;0;0;24;2;0;1;0;0;0;0;0;0;1;0;0;1;0;0;0;0;0;0;1;0;0;2;5;0;1;1;0;1;0;0;0;0;1;0;0;1;0;0;0;1;0;0;0;2;0;0;32;1;39;3;8;0;50;1;0;47;20;0;24;0;0;0;0;0;0;8;0;0;0;1;16;2;3;0;1;0;0;3;0;0;0;0;1;1;1;0;2;0;0;0;2;0;0;0;3;19;4;0;0;1;0;0;0;0;0;1;0;0;0;1;0;1;0;0;0;0;1;0;2;0;0;1;3;0;0;0;0;0;0;0;0;0;2;1;0;0;0;3;0;0;0;0;0;0;0;0;0;0;0;1
7;"Remiza OSP w Górnikach, Górniki 85, 23-460 Józefów";60207;"gm. Józefów";"biłgorajski";"lubelskie";1;1;2;1;0;0;0;0;0;1;0;0;0;0;0;1;0;0;0;0;0;0;0;0;0;0;5;0;1;0;1;0;0;0;0;1;1;0;1;0;0;0;0;0;0;0;0;0;0;0;1;0;1;0;0;0;1;0;0;1;0;0;0;0;0;0;0;0;0;0;0;0;0;0;7;0;16;1;4;0;43;0;0;15;2;0;21;0;1;0;0;0;0;10;2;0;0;1;6;2;0;0;0;0;2;2;1;0;0;0;0;1;0;0;0;1;0;0;0;0;0;1;7;5;0;0;0;0;0;0;0;0;1;0;0;0;0;0;0;0;0;0;2;0;0;0;4;0;0;1;7;0;0;0;0;0;0;1;0;2;0;0;0;1;0;0;0;0;0;0;0;0;0;0;0;0;0;0
8;"""Klub Senior +"" w Długim Kącie-Osada, Długi Kąt-Osada 6, 23-460 Józefów";60207;"gm. Józefów";"biłgorajski";"lubelskie";1;1;1;0;0;1;1;2;0;2;0;0;0;0;0;0;0;0;0;0;0;1;0;1;2;2;15;4;0;2;1;0;3;0;0;0;0;0;2;0;0;0;0;1;0;0;0;0;1;2;8;0;1;1;1;0;0;1;0;0;1;0;0;0;0;0;0;0;0;0;0;0;0;0;13;0;19;1;3;1;9;0;0;6;5;0;47;0;0;0;0;0;0;5;0;0;0;1;7;2;0;2;0;1;0;0;0;0;0;0;0;0;0;0;0;0;1;0;1;0;1;0;9;19;5;0;1;4;0;0;0;0;0;0;0;0;0;0;0;0;0;0;12;0;0;0;4;1;1;1;0;0;0;0;0;0;0;0;2;0;0;0;0;0;0;4;0;0;0;0;0;0;0;5;0;0;0;0
9;"Świetlica wiejska, Hamernia 65a, 23-460 Józefów";60207;"gm. Józefów";"biłgorajski";"lubelskie";1;1;0;0;0;0;0;0;0;0;0;0;0;1;0;0;0;0;0;0;0;0;0;1;2;1;11;4;0;0;0;0;0;0;0;0;1;0;0;0;0;0;0;1;0;1;0;0;0;0;8;0;0;1;1;0;0;0;0;0;0;0;0;0;0;0;0;0;0;0;0;0;0;0;15;0;21;3;5;0;5;0;0;5;2;0;3;0;0;1;0;0;0;9;0;0;0;2;3;2;0;0;0;0;0;0;0;0;0;0;0;0;0;0;0;0;0;0;0;0;0;0;4;8;5;0;0;1;1;0;0;0;0;0;0;0;0;1;0;1;0;0;4;0;0;0;4;0;0;0;0;0;0;0;1;0;0;0;0;0;0;0;0;0;0;3;0;0;0;0;0;0;0;0;0;0;0;0
10;"Świetlica wiejska, Długi Kąt 17a, 23-460 Józefów";60207;"gm. Józefów";"biłgorajski";"lubelskie";1;1;1;0;0;1;0;1;0;0;0;0;0;0;0;0;0;0;0;0;0;0;0;0;0;0;17;4;0;0;0;1;1;0;0;0;0;0;0;1;0;0;0;0;1;0;0;0;0;1;8;0;0;0;2;0;0;0;0;0;0;0;0;0;0;0;0;1;0;0;1;0;0;0;14;2;22;1;3;0;10;0;1;13;2;0;16;0;0;1;0;0;0;2;0;0;0;2;9;2;0;0;0;1;1;4;2;0;0;0;0;0;1;0;0;0;1;0;0;0;0;0;6;8;1;0;0;0;0;0;0;1;0;0;0;0;0;0;0;0;0;0;5;0;0;0;2;0;0;0;0;1;0;0;0;0;0;0;0;0;1;0;0;0;0;2;0;0;0;0;0;0;0;0;0;0;0;0
1;"Szkoła Podstawowa, Korchów Pierwszy 86b, 23-415 Księżpol";60208;"gm. Księżpol";"biłgorajski";"lubelskie";1;1;1;0;0;0;0;0;1;0;0;1;0;1;0;2;0;0;0;0;0;0;0;0;0;0;35;2;0;0;1;0;0;0;0;0;1;0;1;0;0;1;0;0;0;0;0;0;1;2;6;0;0;0;0;0;0;2;1;0;2;0;0;0;0;0;0;0;0;0;0;0;0;0;26;0;18;7;1;1;37;14;3;70;6;0;93;0;0;0;0;0;0;1;0;0;0;2;15;1;2;0;2;4;2;8;1;1;0;3;0;0;1;0;0;0;0;0;1;0;1;0;2;90;3;0;0;0;0;0;0;0;0;0;0;0;0;0;0;0;0;0;0;0;0;2;1;0;1;0;5;1;0;1;0;0;0;0;0;0;0;0;1;0;0;0;0;0;0;0;0;0;0;0;0;0;0;0
2;"Szkoła Podstawowa, ul. Biłgorajska 11, 23-415 Księżpol";60208;"gm. Księżpol";"biłgorajski";"lubelskie";1;1;2;0;0;0;2;1;0;2;0;1;0;1;1;1;0;0;0;0;1;1;0;0;0;0;118;3;6;0;6;1;3;1;0;1;3;0;2;2;1;1;0;2;0;1;1;0;1;6;19;0;2;2;1;0;1;0;0;1;0;0;0;0;0;0;2;0;0;0;0;2;0;0;85;5;63;32;3;0;137;26;2;126;4;1;110;1;1;0;0;0;0;5;1;1;1;8;49;5;9;2;2;10;3;27;0;1;0;2;1;3;3;1;0;1;3;0;0;0;2;1;4;127;10;2;0;0;3;0;0;0;0;0;0;0;0;0;0;0;1;0;0;0;1;0;3;1;0;0;40;0;0;0;0;0;0;0;0;0;1;1;0;0;0;5;0;1;0;0;0;1;0;0;1;1;0;0
3;"Szkoła Podstawowa, Majdan Stary 21, 23-414 Majdan Stary";60208;"gm. Księżpol";"biłgorajski";"lubelskie";1;1;2;0;0;0;0;0;0;3;0;1;0;0;0;0;0;0;0;0;0;0;0;0;0;1;91;2;0;3;1;0;2;0;0;0;0;0;0;0;0;1;0;0;0;0;0;0;0;1;13;0;0;0;2;2;0;0;0;0;0;0;0;0;0;0;0;0;0;0;0;0;0;1;37;4;11;4;2;2;253;6;0;50;5;0;80;0;0;1;1;0;0;2;0;0;1;2;18;2;3;0;2;3;1;9;1;0;0;0;1;1;0;0;0;0;2;1;1;0;0;1;7;63;2;0;1;1;0;0;0;0;0;0;0;0;0;0;0;1;0;0;2;0;0;0;6;4;0;1;10;0;1;0;0;2;0;1;0;0;2;0;0;0;0;2;0;1;0;0;1;0;0;0;0;0;0;0
4;"Szkoła Podstawowa, Rakówka 1, 23-415 Księżpol";60208;"gm. Księżpol";"biłgorajski";"lubelskie";1;1;1;1;0;0;0;0;0;0;0;0;0;0;0;0;0;0;0;0;0;0;0;0;1;0;60;2;0;1;2;0;0;0;0;0;0;0;1;0;0;0;0;1;0;0;0;0;0;3;2;0;0;0;2;0;0;1;0;0;1;0;1;0;0;0;0;0;0;0;0;1;0;0;41;2;12;3;1;1;48;9;1;107;4;0;60;0;0;4;0;0;0;0;0;0;0;0;15;5;3;0;0;10;1;7;0;0;0;1;1;0;1;0;2;0;1;0;0;0;0;1;3;60;1;0;0;0;0;0;0;1;0;0;0;0;0;0;0;0;0;0;1;0;0;0;4;0;0;0;13;0;0;0;0;0;0;0;0;0;0;0;0;0;0;0;1;0;0;1;0;0;0;0;0;0;0;0
5;"Szkoła Podstawowa, Stary Lipowiec 47a, 23-414 Majdan Stary";60208;"gm. Księżpol";"biłgorajski";"lubelskie";1;1;4;0;0;0;0;1;1;0;0;0;0;0;0;0;0;0;0;0;0;0;0;0;0;0;9;0;1;0;0;1;0;0;0;0;0;0;0;0;0;0;0;0;0;0;0;0;0;1;0;0;0;0;0;0;0;0;0;0;0;0;0;0;0;0;0;0;0;0;0;0;0;0;17;0;2;0;2;1;26;0;0;13;0;0;60;0;0;1;1;0;0;0;2;0;0;1;5;0;0;0;0;0;2;0;0;0;0;2;0;0;0;0;0;2;0;0;0;0;0;0;0;9;0;0;0;0;0;0;1;0;0;0;0;0;0;0;0;0;0;0;0;0;0;0;0;0;0;0;1;0;0;0;0;0;0;0;0;0;0;0;0;0;0;0;0;0;0;0;0;0;0;0;0;0;0;0
6;"OSP Płusy, Płusy 21B, 23-415 Księżpol";60208;"gm. Księżpol";"biłgorajski";"lubelskie";1;1;0;0;0;0;0;0;0;1;0;0;0;0;0;0;0;0;0;0;0;0;0;0;0;0;25;0;0;0;1;0;0;0;0;0;0;0;0;0;0;0;0;0;0;0;0;0;0;0;3;2;0;0;3;0;0;0;0;0;0;0;0;0;0;0;0;0;0;0;0;0;0;0;11;0;5;0;0;1;19;35;0;16;1;0;67;0;0;1;1;0;0;0;0;1;0;1;6;4;0;0;0;3;1;0;1;0;0;0;0;0;0;0;0;1;0;0;0;1;1;0;0;27;0;0;0;0;0;0;0;0;1;0;0;1;0;0;0;0;0;0;0;0;0;0;0;0;1;0;0;0;0;0;0;0;0;0;1;0;0;0;0;0;0;0;0;0;0;0;0;0;0;0;0;0;0;0
7;"OSP Rogale, Rogale 39B, 23-415 Księżpol";60208;"gm. Księżpol";"biłgorajski";"lubelskie";1;1;0;0;1;1;0;0;0;0;0;1;1;0;0;0;0;0;0;0;0;0;0;0;0;0;26;1;2;0;2;0;0;0;0;0;0;0;0;0;0;0;0;0;0;0;0;0;0;4;1;0;0;0;0;0;1;0;0;0;0;0;0;0;0;0;1;0;0;0;0;0;0;0;15;2;4;5;1;0;28;1;0;52;1;0;35;0;0;0;1;0;0;0;1;0;0;1;10;0;0;0;0;1;0;2;1;0;0;0;0;0;0;0;0;1;0;0;0;0;0;0;2;14;4;0;0;0;0;0;0;0;0;0;0;0;1;0;0;0;0;0;0;0;0;2;0;0;0;0;1;0;0;0;0;0;0;0;0;0;0;0;0;0;0;0;0;0;0;0;0;0;0;0;0;0;0;0
1;"Szkoła Podstawowa im. por. Edwarda Błaszczaka ps. „GROM"" w Chmielku, Chmielek 81, 23-412 Łukowa";60209;"gm. Łukowa";"biłgorajski";"lubelskie";1;1;0;1;3;0;0;0;0;0;0;1;0;1;1;0;0;0;0;1;0;0;0;0;0;0;82;1;1;0;2;1;2;0;0;0;0;0;0;0;1;0;0;0;0;0;0;0;0;2;8;0;0;4;2;1;0;1;1;0;1;0;0;0;0;0;0;0;0;0;0;1;0;0;36;0;25;8;4;0;105;1;3;86;5;1;140;0;0;0;1;0;0;0;1;0;0;1;12;10;3;0;1;0;2;15;0;0;0;0;0;0;0;0;1;0;0;0;0;1;2;0;0;30;14;1;0;6;0;0;0;0;0;0;0;0;1;0;0;0;0;0;0;1;0;1;2;0;0;1;49;0;0;0;0;0;0;0;0;0;0;0;0;0;0;8;0;0;0;0;0;0;0;0;0;0;0;0
2;"Szkoła Podstawowa im. Jana Pawła II w Łukowej, Łukowa 341, 23-412 Łukowa";60209;"gm. Łukowa";"biłgorajski";"lubelskie";1;1;3;0;0;4;0;0;0;1;0;0;0;0;0;0;1;0;0;0;0;0;0;0;2;3;46;2;0;2;1;0;0;0;0;1;0;0;0;0;2;0;0;0;0;0;0;1;0;3;12;0;0;2;1;1;0;0;0;0;0;0;0;0;0;0;0;0;0;0;0;0;0;0;41;0;28;3;2;3;141;5;0;181;4;0;158;7;0;3;1;0;0;1;0;0;1;0;17;9;3;0;1;1;3;9;2;0;0;0;0;0;2;0;3;1;1;0;0;0;0;1;10;53;2;0;0;4;1;0;0;1;0;0;0;0;0;0;0;1;0;0;0;0;0;1;3;0;1;0;53;0;0;0;0;0;0;0;2;1;0;0;0;0;0;1;0;0;0;0;0;0;0;0;0;0;0;0
3;"Gminny Ośrodek Kultury w Łukowej, Łukowa 569A, 23-412 Łukowa";60209;"gm. Łukowa";"biłgorajski";"lubelskie";1;1;2;0;0;3;0;0;0;0;0;0;0;0;0;0;2;0;0;0;0;0;0;1;1;0;44;5;1;1;5;1;1;0;0;0;0;0;0;0;0;0;0;0;0;0;0;0;0;4;10;3;0;0;1;0;0;2;0;0;0;0;0;1;0;0;0;0;0;0;0;0;0;0;44;5;7;4;2;3;85;2;0;116;3;0;66;3;0;0;0;0;0;0;0;0;0;1;20;5;1;1;3;0;1;9;1;1;0;1;5;0;1;0;0;1;2;1;0;0;0;1;10;28;1;1;0;2;0;0;0;0;0;0;0;0;0;0;0;1;0;0;1;0;1;0;0;0;0;0;18;0;2;0;0;0;0;0;1;0;0;0;0;0;0;0;0;0;0;0;0;0;0;0;0;0;1;0
1;"Szkoła Podstawowa w Obszy, Obsza 70A, 23-413 Obsza";60210;"gm. Obsza";"biłgorajski";"lubelskie";1;1;0;1;0;0;1;0;0;1;0;3;0;1;1;0;0;0;0;0;0;0;0;1;0;0;51;6;0;1;4;0;2;0;0;3;1;0;0;0;0;1;0;0;1;0;0;0;0;6;4;0;1;0;6;0;0;0;0;0;1;0;0;0;0;1;1;0;1;0;0;0;0;0;16;1;21;7;0;0;17;4;1;307;0;0;22;2;0;0;0;0;0;2;2;0;0;0;25;4;2;0;2;3;0;3;0;0;0;0;0;0;2;1;1;1;1;0;1;0;0;0;11;20;23;2;0;1;0;0;1;0;1;0;2;0;0;0;0;1;0;0;0;0;0;0;6;1;0;0;16;0;1;0;0;0;1;0;0;0;0;1;0;0;0;1;0;0;1;0;0;1;0;0;0;0;0;0
2;"Szkoła Podstawowa im. Prymasa Tysiąclecia Ks. Kardynała Stefana Wyszyńskiego w Babicach, Babice 108A, 23-413 Obsza";60210;"gm. Obsza";"biłgorajski";"lubelskie";1;1;1;0;0;0;0;0;0;0;0;1;1;0;0;2;0;0;0;1;0;0;0;0;0;0;25;1;0;0;3;1;1;0;0;0;0;0;0;0;0;0;0;0;0;0;0;0;0;3;5;0;0;3;4;2;0;0;0;1;1;0;0;0;0;0;1;0;0;0;0;0;0;1;6;0;13;3;0;1;28;2;2;294;1;0;13;1;0;1;0;1;0;2;0;0;0;1;6;2;1;0;2;0;2;16;0;0;0;0;0;0;0;0;0;0;1;0;1;0;1;1;0;13;5;0;1;1;0;0;0;0;0;0;0;0;0;0;0;0;0;1;0;0;0;0;1;0;2;0;9;0;0;0;0;3;0;0;0;0;0;0;0;0;0;1;0;0;0;0;1;0;0;0;0;0;0;0
3;"Szkoła Podstawowa im. Marii Konopnickiej w Olchowcu, Olchowiec 31, 23-413 Obsza";60210;"gm. Obsza";"biłgorajski";"lubelskie";1;1;0;0;1;0;0;0;0;0;0;0;0;0;0;0;0;0;0;0;0;0;0;0;0;1;14;0;0;0;1;0;1;0;0;0;0;0;0;0;0;0;0;0;0;0;0;0;1;2;2;0;0;0;3;0;1;0;0;0;0;0;0;0;0;1;0;0;0;0;0;0;0;0;6;0;12;1;0;0;10;1;0;151;1;0;13;0;0;0;0;1;0;2;0;0;0;0;8;0;0;0;1;1;0;4;0;0;0;0;0;0;0;0;0;0;0;0;0;0;1;0;2;6;3;0;0;0;0;0;0;0;2;0;0;0;0;1;0;0;0;0;1;0;1;0;1;0;0;0;8;0;0;0;0;0;0;0;0;0;1;0;0;0;0;0;0;0;0;0;0;0;0;0;0;0;0;0
4;"Szkoła Podstawowa im. Jana Pawła II w Zamchu, Zamch 117, 23-413 Obsza";60210;"gm. Obsza";"biłgorajski";"lubelskie";1;1;2;0;0;0;0;0;0;0;0;2;1;1;0;0;0;0;0;0;0;0;0;1;0;0;21;4;0;0;1;0;0;0;0;1;0;0;0;1;1;0;0;0;0;0;0;0;0;1;5;0;0;4;3;0;0;0;0;0;0;0;1;0;0;0;1;0;0;0;0;0;1;2;23;2;27;5;0;0;12;0;4;405;2;0;21;0;0;0;0;0;1;1;0;0;0;0;23;5;1;3;0;1;2;10;1;1;0;0;0;1;2;0;1;0;4;0;3;0;0;2;5;13;35;0;0;0;0;0;0;0;0;0;0;0;0;0;0;0;0;0;0;0;0;0;10;0;1;1;15;0;1;0;1;0;1;1;0;0;1;0;0;0;3;0;0;0;0;0;0;0;0;0;0;0;0;0
1;"Szkoła Podstawowa w Lipinach Dolnych, Lipiny Dolne 156a, 23-423 Potok Górny";60211;"gm. Potok Górny";"biłgorajski";"lubelskie";1;1;2;0;0;0;0;0;0;0;0;1;0;0;0;0;0;0;0;0;0;0;0;2;0;1;44;1;0;3;2;0;0;0;0;1;1;0;1;0;1;1;0;0;0;1;0;0;0;3;7;0;1;0;0;0;0;1;0;0;3;0;1;0;0;0;0;1;1;0;0;0;0;0;29;13;23;4;1;0;163;5;2;227;1;0;22;0;0;1;0;0;0;1;1;0;1;4;15;3;1;0;2;3;1;6;1;1;0;2;1;2;3;0;1;0;2;1;1;0;0;1;11;16;3;1;1;3;1;0;0;0;0;2;1;0;0;1;0;0;0;0;0;2;0;0;10;0;4;2;0;0;0;0;1;0;0;0;0;1;0;0;0;0;1;3;0;0;0;0;0;0;0;0;0;0;1;0
2;"Szkoła Podstawowa w Lipinach Górnych, Lipiny Górne-Borowina 1a, 23-423 Potok Górny";60211;"gm. Potok Górny";"biłgorajski";"lubelskie";1;1;3;0;0;0;0;0;0;0;0;1;0;0;0;0;1;0;1;0;0;0;0;1;1;0;35;1;0;1;4;0;0;0;1;0;0;0;0;0;0;1;0;0;0;0;0;0;0;1;5;0;0;0;0;0;0;0;0;0;2;0;0;0;0;0;0;0;0;0;0;0;0;0;8;7;9;1;1;0;159;4;1;44;1;0;33;0;0;1;0;0;0;0;0;0;0;2;12;0;3;0;0;0;1;10;1;0;0;0;0;0;0;0;1;0;0;1;1;0;1;1;5;14;0;2;2;0;0;0;1;0;0;0;0;0;0;0;0;0;0;0;0;0;1;0;2;1;1;1;1;0;0;0;0;0;0;1;1;0;0;0;0;0;1;0;0;0;0;0;0;0;0;0;0;0;0;0
3;"Urząd Gminy w Potoku Górnym, Potok Górny 116, 23-423 Potok Górny";60211;"gm. Potok Górny";"biłgorajski";"lubelskie";1;1;1;0;0;1;0;0;1;1;0;0;0;0;1;0;0;0;2;0;1;0;0;1;0;1;49;3;0;5;1;2;1;2;1;1;1;2;0;0;1;0;0;1;0;0;0;0;0;4;7;0;1;1;8;1;0;0;0;0;1;0;0;0;0;0;2;0;0;0;0;0;0;0;30;13;35;14;5;2;114;9;0;211;2;0;44;1;0;0;0;0;0;2;0;0;0;0;25;0;6;1;1;1;1;7;0;0;0;0;0;1;0;0;2;0;3;0;0;0;0;0;7;15;3;0;0;1;1;0;0;0;0;0;0;0;0;0;0;0;0;0;0;0;0;2;3;4;0;1;7;0;0;0;1;1;1;0;0;1;0;0;0;0;0;2;0;0;0;0;0;0;0;0;0;0;1;0
4;"Szkoła Podstawowa w Szyszkowie, Szyszków 27a, 23-423 Potok Górny";60211;"gm. Potok Górny";"biłgorajski";"lubelskie";1;1;1;1;0;0;0;0;0;0;0;1;1;0;0;0;0;0;0;0;0;0;0;2;1;0;61;1;2;1;5;1;0;1;1;0;1;0;0;0;0;0;0;0;0;1;0;0;0;4;8;0;0;1;2;0;0;0;1;0;0;0;3;0;0;0;1;0;0;0;1;0;0;0;71;6;45;9;9;1;315;14;1;130;0;1;55;0;2;7;0;0;0;1;1;0;1;1;39;11;2;0;0;1;2;7;1;0;1;0;1;1;1;0;2;0;5;0;0;1;0;2;4;15;0;0;1;3;2;0;0;0;1;0;0;0;0;0;0;0;0;0;1;0;1;0;8;0;0;3;15;0;1;0;0;1;0;0;1;1;0;0;0;1;0;0;0;0;0;0;0;0;0;0;0;0;0;0
1;"Świetlica środowiskowa, Luchów Dolny 28, 23-420 Tarnogród";60212;"gm. Tarnogród";"biłgorajski";"lubelskie";1;1;0;0;0;0;0;1;0;0;0;0;1;0;0;1;1;0;0;0;0;0;0;0;0;0;16;1;0;0;1;0;0;0;0;0;0;0;1;0;0;0;0;0;0;0;0;0;0;0;1;0;0;0;0;0;0;0;0;0;0;0;1;0;0;0;0;0;0;0;0;0;0;0;7;0;10;5;1;0;36;10;0;106;4;0;24;0;1;0;0;0;0;1;0;0;0;0;10;3;2;0;0;0;1;0;1;0;0;0;1;1;4;1;0;0;2;0;0;0;0;2;0;5;2;1;0;0;0;0;0;0;0;0;0;0;0;0;0;0;0;0;0;0;0;0;2;1;0;0;9;0;1;0;0;0;0;2;0;1;0;0;0;0;0;0;0;0;0;1;0;0;0;0;0;0;0;0
2;"Szkoła Podstawowa, Luchów Górny 89A, 23-420 Tarnogród";60212;"gm. Tarnogród";"biłgorajski";"lubelskie";1;1;0;0;0;0;0;3;3;0;0;1;0;0;0;0;1;0;0;0;0;0;0;0;0;0;18;5;2;0;1;0;0;0;1;1;3;0;0;0;0;0;0;0;0;0;0;0;0;0;2;0;0;0;2;0;0;0;0;0;0;0;0;0;0;1;0;0;0;0;0;0;0;0;13;2;11;0;0;1;29;15;0;75;6;0;43;0;0;0;0;0;0;0;0;0;0;1;18;1;1;0;0;2;0;4;1;0;0;0;0;0;0;0;3;0;2;0;0;0;0;5;0;13;1;0;0;0;0;0;1;0;0;0;0;0;0;0;0;1;0;0;0;0;0;0;0;0;0;0;3;0;0;0;0;0;0;0;0;0;0;0;0;0;0;1;0;0;0;0;0;0;0;0;0;0;0;0
3;"Budynek po byłej Szkole Podstawowej, Różaniec Pierwszy 44, 23-420 Tarnogród";60212;"gm. Tarnogród";"biłgorajski";"lubelskie";1;1;0;1;1;0;0;0;0;0;0;0;0;0;1;0;0;0;1;0;0;0;0;0;1;0;48;3;0;4;4;0;0;0;0;0;0;0;0;1;0;2;0;0;1;0;0;0;0;0;6;0;0;0;0;0;0;0;0;0;1;0;1;0;0;0;0;0;1;0;0;0;0;0;21;1;16;1;1;4;32;16;0;112;0;1;18;0;0;1;0;0;0;3;0;0;0;0;17;3;1;0;1;0;2;7;0;2;0;1;1;0;3;0;1;1;0;0;0;0;0;1;2;21;5;0;0;0;0;0;0;0;0;0;0;0;0;0;0;1;0;0;0;0;0;0;6;0;1;0;3;1;0;0;0;0;0;0;0;0;0;0;0;0;0;1;0;0;0;0;0;0;0;1;0;0;0;0
4;"Remiza OSP, Różaniec Drugi 166, 23-420 Tarnogród";60212;"gm. Tarnogród";"biłgorajski";"lubelskie";1;1;1;0;0;0;0;0;0;0;0;1;0;0;0;0;0;0;0;0;1;0;0;0;0;0;22;0;0;1;1;0;1;0;0;0;0;0;0;0;1;0;0;1;0;0;0;1;0;0;4;0;0;0;0;2;0;0;2;0;0;0;1;1;0;0;0;0;0;0;0;0;0;0;11;0;24;1;0;2;16;8;0;142;2;0;25;0;0;2;0;2;0;1;0;0;0;1;8;2;0;1;0;1;0;3;1;0;1;0;0;0;0;0;0;0;1;0;0;0;0;0;1;13;4;0;0;0;0;0;0;0;0;0;0;0;0;0;0;0;0;0;0;0;0;1;0;0;0;0;6;0;0;0;0;0;0;0;0;0;0;0;0;0;0;0;0;0;0;0;0;0;0;0;0;0;0;0
5;"Szkoła Podstawowa, ul. 1 Maja 7, 23-420 Tarnogród";60212;"gm. Tarnogród";"biłgorajski";"lubelskie";1;1;1;0;0;1;1;0;0;2;0;0;0;0;0;0;0;0;1;0;1;1;0;0;0;2;49;1;0;1;2;1;3;0;0;0;1;0;0;0;0;1;0;0;0;1;0;0;2;8;5;0;1;0;6;4;0;0;0;0;1;1;1;1;0;1;1;1;0;0;0;2;0;0;36;2;46;5;0;0;36;45;2;40;1;0;81;0;0;1;0;0;0;0;0;0;0;1;14;3;2;1;0;6;0;5;0;0;0;0;0;0;0;0;0;0;0;0;2;0;0;3;0;82;17;0;0;0;1;0;0;0;0;0;0;0;0;0;0;1;0;0;1;0;0;0;2;0;0;1;3;0;0;0;0;0;0;0;0;0;0;0;0;0;0;0;0;0;0;0;0;0;0;0;0;0;0;0
6;"Budynek po byłym Publicznym Gimnazjum, ul. Kościelna 12, 23-420 Tarnogród";60212;"gm. Tarnogród";"biłgorajski";"lubelskie";1;1;0;0;0;0;0;0;1;0;0;0;0;0;0;0;1;0;0;0;0;0;1;2;2;2;52;2;1;0;4;1;0;0;2;2;0;0;0;0;1;0;0;3;1;0;0;0;0;3;16;0;0;2;5;0;1;1;0;0;1;0;1;0;0;1;0;1;0;0;1;1;0;0;43;4;29;7;1;0;39;93;0;43;1;0;81;0;0;0;1;0;0;2;2;1;0;1;25;3;2;0;4;2;0;6;0;0;0;1;0;3;1;1;1;0;2;0;0;0;0;4;12;81;7;0;0;0;1;2;0;0;0;0;0;0;0;0;0;0;0;0;0;1;0;0;6;0;0;2;5;0;0;0;0;0;0;0;0;0;0;0;0;1;0;0;0;0;0;0;0;0;0;0;0;0;0;0
7;"Środowiskowy Dom Samopomocy w Tarnogrodzie, ul. Szkolna 2, 23-420 Tarnogród";60212;"gm. Tarnogród";"biłgorajski";"lubelskie";1;1;0;0;1;1;0;0;0;0;0;2;1;0;0;0;0;1;0;0;2;0;0;1;1;1;46;0;2;2;3;0;0;1;0;2;1;1;0;1;0;0;0;0;1;0;1;0;0;2;9;0;0;1;5;0;0;0;0;1;1;0;1;0;0;0;0;0;0;0;0;1;0;1;27;2;26;5;2;0;34;37;0;39;4;1;74;0;0;0;0;0;0;0;0;0;1;1;12;5;2;1;1;3;1;8;0;0;0;0;0;0;0;1;0;0;2;1;0;0;1;1;9;74;14;0;0;0;1;0;1;0;0;0;0;0;0;0;0;0;0;0;0;0;0;1;4;1;0;0;10;0;0;1;0;0;0;0;0;0;0;0;2;0;0;7;0;0;0;0;1;0;0;0;0;0;0;0
8;"Szkoła Podstawowa, Wola Różaniecka 158, 23-420 Tarnogród";60212;"gm. Tarnogród";"biłgorajski";"lubelskie";1;1;1;0;0;0;0;0;0;0;0;0;0;1;0;1;1;0;0;0;0;1;0;0;1;1;16;2;0;0;0;0;0;0;1;0;1;0;0;1;1;0;0;0;0;1;0;0;0;1;0;0;0;0;1;1;0;2;0;0;0;0;0;0;0;1;0;0;0;0;0;0;0;0;15;1;9;1;3;0;25;4;0;106;7;0;99;0;0;0;0;0;1;2;0;0;1;1;9;2;4;0;0;1;1;2;0;0;0;0;0;0;0;0;0;0;0;0;0;0;0;3;0;16;2;0;0;0;0;3;1;0;0;0;0;0;0;1;0;0;0;0;1;0;0;0;1;1;0;0;2;0;0;0;0;0;0;0;0;0;0;0;0;0;0;2;0;0;0;0;0;0;0;0;0;0;0;0
9;"Placówka ARION Szpitale Sp. z o. o. w upadłości, Rynek 85, 23-420 Tarnogród";60212;"gm. Tarnogród";"biłgorajski";"lubelskie";1;1;1;0;0;0;0;0;0;0;0;0;0;0;0;0;0;0;0;0;0;0;0;0;1;0;1;0;0;0;0;0;0;0;0;0;0;0;0;0;0;0;0;0;0;0;0;0;0;0;1;0;0;0;0;0;0;0;0;0;0;0;0;0;0;0;0;0;0;0;0;0;0;0;6;1;1;1;0;1;0;1;0;0;2;0;0;0;0;0;0;0;0;0;0;0;0;0;0;0;0;0;0;0;0;0;0;0;0;0;0;0;0;0;0;0;0;0;0;0;0;0;0;0;1;0;0;0;0;0;0;0;0;0;0;0;0;0;1;0;0;0;0;0;0;0;0;0;0;0;0;0;0;0;0;0;0;0;0;0;0;0;0;0;0;0;0;0;0;0;0;0;0;0;0;0;0;0
1;"Szkoła Filialna w Lipowcu, Lipowiec 100, 23-407 Tereszpol-Zaorenda";60213;"gm. Tereszpol";"biłgorajski";"lubelskie";1;1;1;1;0;0;1;0;0;0;0;1;0;0;0;0;0;0;1;0;0;0;0;0;0;0;32;2;3;1;1;0;0;0;0;0;1;0;0;0;0;1;0;0;0;0;0;0;0;1;2;2;0;0;1;0;1;0;0;0;0;1;0;0;0;0;0;0;0;0;0;0;0;1;16;2;2;3;0;2;74;1;1;2;9;0;12;1;0;1;0;0;0;0;0;0;0;0;6;4;1;1;0;0;0;1;0;0;0;0;0;0;0;0;0;0;0;2;0;0;0;0;7;18;2;1;0;0;0;0;1;0;0;0;0;0;0;0;0;0;0;0;1;0;0;1;0;2;4;0;1;0;0;0;0;1;0;0;0;0;0;0;1;0;0;0;0;0;0;0;0;0;0;0;0;0;0;0
2;"Zespół Szkół Samorządowych im. Jana Pawła II w Tereszpolu-Zaorendzie, ul. Szkolna 16, 23-407 Tereszpol-Zaorenda";60213;"gm. Tereszpol";"biłgorajski";"lubelskie";1;1;4;3;0;0;1;1;0;0;0;1;1;0;0;1;1;0;0;0;0;1;0;0;3;2;116;1;1;0;2;0;2;0;1;0;1;0;2;0;0;0;1;1;0;1;0;0;0;5;19;1;0;1;1;3;1;1;0;0;1;2;0;0;0;0;0;0;0;0;0;0;0;1;41;8;33;15;4;0;118;0;0;45;8;1;118;0;0;2;1;0;0;5;0;0;0;2;34;1;2;0;3;3;3;7;2;2;0;0;1;0;2;0;3;0;4;0;3;1;3;1;15;37;9;2;3;1;1;1;2;0;0;0;0;0;0;0;1;1;0;0;2;1;0;2;6;0;0;2;7;1;0;0;0;1;0;0;0;0;0;0;0;0;0;0;0;0;0;0;0;0;0;1;0;0;0;0
3;"Świetlica wiejska w Tereszpolu-Zygmuntach, Tereszpol-Zygmunty 96, 23-407 Tereszpol-Zaorenda";60213;"gm. Tereszpol";"biłgorajski";"lubelskie";1;1;3;0;1;1;1;0;0;0;0;1;0;0;0;0;1;0;0;0;0;0;0;2;0;0;47;1;2;1;2;4;2;0;1;1;1;0;0;2;0;0;0;1;0;0;0;0;0;5;6;0;0;0;0;0;0;0;0;0;1;0;0;0;0;1;0;0;0;0;0;0;0;0;22;5;7;9;1;1;54;1;0;35;7;0;62;0;0;2;0;0;0;0;0;0;1;2;19;3;2;1;0;0;2;2;1;0;0;1;0;1;2;0;0;1;2;0;0;0;0;1;12;21;4;0;0;3;0;1;0;0;0;0;0;0;0;1;0;1;0;0;0;0;0;0;8;1;2;0;2;0;0;0;0;0;1;0;0;0;0;0;0;0;0;2;0;0;0;0;0;0;0;0;0;0;0;0
4;"Szkoła Podstawowa im. Henryka Sienkiewicza w Tereszpolu-Kukiełkach, Tereszpol-Kukiełki 31, 23-407 Tereszpol-Zaorenda";60213;"gm. Tereszpol";"biłgorajski";"lubelskie";1;1;3;0;0;0;0;0;0;1;0;0;0;0;0;0;1;0;0;0;0;0;0;1;0;0;31;2;0;1;0;0;0;0;0;1;1;0;0;0;0;0;0;0;0;0;0;0;0;2;8;2;1;5;0;2;0;1;0;0;1;0;0;0;0;0;0;0;0;0;0;1;0;0;29;4;28;8;2;1;79;0;2;30;1;0;96;0;0;2;0;1;0;3;0;0;0;0;16;4;1;1;2;0;0;2;3;0;0;1;1;0;1;0;0;0;3;0;0;3;1;4;10;16;3;0;1;1;1;1;0;0;0;0;0;0;1;0;0;0;0;0;0;0;0;0;20;0;1;0;2;0;0;0;0;0;0;0;0;0;0;0;0;0;0;1;0;0;0;0;0;0;0;0;0;0;0;0
5;"Remiza OSP, Szozdy 39, 23-407 Tereszpol-Zaorenda";60213;"gm. Tereszpol";"biłgorajski";"lubelskie";1;1;0;0;0;0;0;0;1;0;0;0;0;0;0;0;0;0;0;0;0;0;0;0;0;0;7;0;1;0;0;0;0;0;0;1;2;0;0;0;0;0;0;0;0;0;0;0;0;0;1;1;0;0;0;1;0;0;0;0;0;0;0;0;0;0;0;0;1;0;0;0;0;0;4;0;13;0;0;1;17;0;0;6;6;1;22;1;0;0;0;0;0;0;0;0;0;0;3;0;0;0;0;0;1;0;0;0;0;0;0;1;0;0;0;0;1;0;1;0;0;0;3;5;1;0;0;0;0;0;0;0;0;0;0;0;0;0;0;0;0;0;0;0;0;0;0;0;0;0;0;1;0;0;0;0;0;0;0;0;0;0;0;0;0;0;0;0;0;0;0;0;0;0;0;0;0;0
1;"Zespół Szkół w Turobinie, ul. Józefa Piłsudskiego 34, 23-465 Turobin";60214;"gm. Turobin";"biłgorajski";"lubelskie";1;1;0;0;0;0;0;0;0;1;0;0;0;0;0;0;0;0;0;0;0;3;0;1;0;1;24;1;3;1;0;2;0;0;0;1;0;1;0;0;0;0;0;2;1;0;0;0;0;0;23;0;6;0;4;0;0;0;0;0;0;0;1;0;0;1;2;0;2;0;0;0;0;0;29;8;30;0;3;1;135;0;0;23;9;0;44;1;0;1;0;0;0;2;1;1;0;0;13;7;0;0;0;5;1;6;0;0;0;0;0;0;1;1;0;0;0;0;0;0;0;1;16;22;9;1;0;4;11;1;1;0;0;0;0;0;0;2;0;1;0;0;1;1;0;0;1;0;0;1;0;0;0;0;0;0;0;0;0;0;0;0;0;0;0;0;0;0;0;0;0;0;0;0;0;0;0;0
2;"Urząd Gminy w Turobinie, ul. Rynek 4, 23-465 Turobin";60214;"gm. Turobin";"biłgorajski";"lubelskie";1;1;1;0;1;0;0;0;0;0;0;4;0;0;1;0;0;0;0;0;0;0;0;0;0;1;18;2;2;0;0;0;0;0;0;0;0;0;0;0;0;0;0;1;0;0;1;0;0;0;3;1;0;0;0;0;0;0;0;0;0;0;0;0;0;0;2;0;0;1;0;1;0;0;18;10;20;5;0;0;186;0;1;34;10;0;92;0;0;2;0;0;0;2;0;1;1;1;9;1;2;0;5;0;0;3;1;0;0;1;0;1;0;0;0;0;0;0;0;0;0;2;8;7;2;0;0;0;0;1;0;0;0;0;0;0;0;0;0;1;0;0;0;0;1;1;8;0;0;0;0;1;0;0;0;0;0;0;0;0;2;0;0;0;0;0;1;1;0;0;0;0;0;1;1;0;0;0
3;"Dzienny Dom Seniora+, Tarnawa Duża 24, 23-465 Turobin";60214;"gm. Turobin";"biłgorajski";"lubelskie";1;1;1;0;2;0;1;0;0;0;0;0;0;0;0;0;0;0;0;0;0;0;0;1;0;0;3;0;4;0;0;0;0;0;0;0;1;0;0;0;1;0;0;0;0;0;0;0;0;2;5;0;0;0;0;0;0;0;0;2;0;0;0;1;0;0;1;0;0;0;0;0;0;0;12;7;6;0;0;0;16;0;4;9;5;1;73;0;0;1;0;1;0;3;0;0;0;1;6;0;1;0;0;1;0;1;0;0;0;0;0;0;0;0;0;0;0;0;0;0;0;0;2;2;1;1;1;0;0;1;0;0;0;0;0;0;0;0;0;0;0;0;0;0;0;0;4;0;0;0;2;0;0;0;0;0;0;0;0;0;0;0;0;0;0;1;0;0;0;0;0;2;0;0;0;0;0;0
4;"Remiza OSP w Guzówce-Kolonii, Guzówka-Kolonia 81, 23-465 Turobin";60214;"gm. Turobin";"biłgorajski";"lubelskie";1;1;0;0;0;0;0;0;0;0;0;1;0;0;0;0;0;0;0;0;0;0;0;1;0;1;9;1;0;1;0;2;0;0;0;0;0;0;0;0;0;0;0;0;0;0;0;0;0;0;3;0;0;1;1;0;0;0;0;0;0;1;0;0;0;0;0;0;0;0;0;0;0;0;30;11;15;0;3;1;82;2;1;10;10;0;23;2;0;1;0;0;0;2;0;0;0;4;6;0;1;0;2;0;1;1;0;0;0;0;0;0;0;0;0;0;1;0;0;0;0;0;6;2;3;1;2;0;2;0;0;0;0;0;0;0;1;0;0;0;0;0;0;0;0;1;2;0;0;0;1;0;0;0;0;0;0;0;0;0;0;0;0;0;0;3;0;0;0;0;0;0;0;0;1;0;0;0
5;"Remiza OSP w Żabnie, Żabno 44B, 23-465 Turobin";60214;"gm. Turobin";"biłgorajski";"lubelskie";1;1;1;0;0;1;0;0;0;0;0;0;0;0;0;0;0;0;0;0;0;0;0;0;0;0;13;0;0;1;1;0;0;0;0;0;3;0;3;0;0;0;0;0;0;0;1;0;0;0;4;0;0;1;0;0;0;0;0;0;0;1;0;1;0;0;1;1;0;0;0;0;0;0;25;4;18;4;0;2;104;0;0;11;15;0;10;0;1;1;1;0;0;4;0;0;0;2;4;1;1;0;1;1;0;0;1;0;0;1;0;1;0;0;0;0;1;0;0;0;0;0;8;4;3;1;0;0;1;0;0;0;0;0;0;0;0;0;0;1;0;0;0;0;0;0;1;0;0;0;1;0;1;0;0;0;0;0;0;0;0;0;0;0;0;0;0;0;0;0;0;0;0;0;0;0;0;0
6;"Szkoła Podstawowa w Gródkach Drugich, Gródki Drugie 100, 23-465 Turobin";60214;"gm. Turobin";"biłgorajski";"lubelskie";1;1;0;0;0;0;0;0;0;0;0;0;0;0;0;0;0;0;0;0;0;0;0;0;0;0;47;2;1;1;0;0;2;1;0;0;1;0;0;0;0;0;1;0;0;0;0;0;0;0;4;1;1;0;0;0;0;1;0;0;0;0;0;0;0;0;5;0;0;0;2;0;0;0;21;6;26;3;0;2;32;1;0;16;5;0;50;4;0;0;0;0;0;0;0;0;0;0;10;4;5;1;0;1;0;3;0;0;0;0;0;0;1;0;0;0;0;0;0;2;0;0;11;10;2;2;0;0;1;0;0;0;0;0;0;0;0;0;0;0;0;0;0;0;0;0;0;0;1;0;0;0;0;0;0;1;0;0;0;0;0;0;0;0;0;0;0;0;0;0;0;0;0;0;0;0;0;0
7;"Remiza OSP w Hucie Turobińskiej, Huta Turobińska 35, 23-465 Turobin";60214;"gm. Turobin";"biłgorajski";"lubelskie";1;1;0;0;0;0;0;0;0;0;0;0;0;0;0;3;0;0;0;0;0;0;0;0;0;0;7;0;2;1;0;0;0;0;0;0;0;0;0;0;0;0;0;0;0;0;0;0;0;0;3;0;0;0;2;0;0;0;0;0;0;0;0;0;0;1;3;0;0;0;0;0;0;0;21;5;12;3;0;0;51;0;1;7;3;0;13;0;0;0;0;0;0;0;0;0;0;0;3;2;0;0;1;0;0;1;0;0;0;0;0;0;0;0;0;0;0;0;0;0;2;0;2;2;1;0;0;0;0;0;0;0;0;0;0;0;0;0;0;0;0;0;0;0;0;0;2;2;0;0;0;0;0;0;0;0;0;0;0;0;0;0;0;0;0;0;0;0;0;0;0;0;0;0;0;0;0;0
8;"Szkoła Podstawowa w Czernięcinie Głównym, Czernięcin Główny 159, 23-465 Turobin";60214;"gm. Turobin";"biłgorajski";"lubelskie";1;1;1;0;0;0;0;0;1;1;0;0;0;0;0;1;0;1;0;0;0;0;0;0;0;0;17;2;0;0;1;0;2;0;0;0;1;0;0;0;0;0;0;6;0;0;1;0;0;2;5;0;0;0;0;0;0;0;0;0;0;0;0;0;0;0;2;1;0;0;0;0;0;0;27;9;20;1;0;1;96;0;0;22;20;1;27;0;0;2;0;0;2;2;0;0;0;0;8;6;4;0;0;0;2;3;1;0;0;0;0;0;0;0;0;0;1;0;0;0;0;2;10;0;0;0;0;1;0;1;1;1;0;0;0;1;0;0;0;0;0;0;0;0;0;0;1;0;0;0;0;0;0;0;0;1;0;2;1;1;0;0;0;0;0;0;1;0;0;0;0;0;0;0;0;0;0;0
9;"Remiza OSP, Czernięcin Poduchowny 64, 23-465 Turobin";60214;"gm. Turobin";"biłgorajski";"lubelskie";1;1;1;0;0;1;0;0;0;0;0;1;0;0;1;0;0;0;0;0;0;0;0;0;0;0;12;1;0;0;2;0;1;0;0;0;0;1;1;0;0;0;0;1;0;0;0;0;0;1;0;0;0;0;1;0;0;0;0;0;0;0;0;1;0;0;0;0;0;0;0;1;0;0;33;6;33;3;2;0;33;1;1;18;15;0;28;0;0;0;1;0;0;5;1;1;0;3;6;5;0;0;0;0;0;0;0;0;0;0;0;0;0;0;0;0;0;0;0;0;0;1;2;5;1;3;1;1;0;0;0;0;0;0;0;0;0;0;1;0;0;0;1;1;0;0;2;0;0;1;1;0;0;0;0;0;0;0;0;0;0;0;0;0;2;0;1;0;0;0;0;0;0;0;1;0;0;0
10;"Remiza OSP w Nowej Wsi, Nowa Wieś 5, 23-465 Turobin";60214;"gm. Turobin";"biłgorajski";"lubelskie";1;1;1;2;0;0;2;0;0;0;0;0;0;0;0;0;0;0;0;0;1;0;0;1;0;0;5;0;0;0;0;0;0;0;0;0;0;0;0;0;0;0;0;0;0;0;0;0;0;0;1;0;0;1;1;1;0;0;0;0;0;0;0;0;0;0;0;0;0;0;0;0;0;1;6;4;16;2;0;1;10;0;1;8;15;1;19;0;1;1;1;0;0;1;0;0;0;4;3;1;2;0;2;0;0;0;0;1;0;0;0;1;1;0;0;1;0;0;0;0;0;1;2;2;0;0;0;2;2;0;1;0;0;0;0;0;0;0;0;0;0;0;0;0;0;1;0;0;0;0;0;0;0;0;0;0;0;0;0;0;0;0;0;0;0;0;3;0;0;0;0;0;0;0;0;0;0;0
11;"Remiza OSP, Przedmieście Szczebrzeszyńskie 112, 23-465 Turobin";60214;"gm. Turobin";"biłgorajski";"lubelskie";1;1;0;0;0;0;0;0;0;0;0;0;0;0;0;0;0;0;0;0;0;0;0;0;0;0;9;1;0;0;1;0;0;0;0;0;0;0;0;0;0;0;0;0;0;0;1;0;0;0;0;0;0;0;0;0;0;0;0;0;0;0;0;0;0;0;0;0;0;0;0;0;0;0;3;3;9;0;0;1;60;0;0;4;9;0;26;3;0;0;0;0;0;2;0;0;0;0;5;1;0;0;0;0;0;0;2;0;0;0;0;1;0;0;4;0;2;0;0;0;1;0;2;11;0;0;0;1;0;0;0;0;0;0;0;0;0;0;0;0;0;0;0;0;0;0;0;1;0;0;0;0;0;0;0;0;0;0;0;0;0;0;0;0;0;1;1;0;0;0;0;0;0;0;0;0;0;0
12;"Remiza OSP, Żurawie 138, 23-465 Turobin";60214;"gm. Turobin";"biłgorajski";"lubelskie";1;1;0;0;0;0;0;0;1;0;0;0;0;0;0;0;0;1;0;0;0;0;0;1;0;0;9;0;1;0;0;1;0;0;0;0;0;0;0;0;0;0;0;0;0;1;0;2;0;0;1;0;0;0;2;0;0;0;0;0;0;0;0;0;0;0;0;0;0;0;0;0;0;0;7;2;9;0;1;0;14;0;0;7;7;0;21;0;0;2;0;0;0;3;0;0;0;2;6;3;0;0;1;1;1;0;1;0;0;0;0;0;0;0;0;0;0;0;0;0;0;2;3;7;4;1;0;0;0;0;0;0;0;0;0;0;0;0;0;1;0;0;0;0;0;0;1;0;0;0;0;0;0;0;0;0;0;1;0;0;0;0;0;0;0;0;0;0;0;0;0;0;0;0;0;0;0;0
13;"Remiza OSP, Tokary 72, 23-465 Turobin";60214;"gm. Turobin";"biłgorajski";"lubelskie";1;1;0;0;0;0;0;0;0;0;0;0;0;0;0;0;0;0;0;0;0;0;0;0;0;0;2;0;0;0;0;0;2;0;0;0;0;0;0;0;0;0;0;0;0;0;0;0;0;1;0;0;1;0;0;0;0;0;0;0;0;0;1;0;0;1;2;1;0;0;0;0;0;0;14;3;14;0;0;0;73;0;0;15;1;0;16;0;0;1;0;0;0;0;0;0;0;0;7;0;1;0;1;0;0;0;0;0;0;0;0;0;0;0;0;0;0;0;0;0;0;0;2;2;1;0;0;1;0;0;0;0;0;0;0;0;0;0;0;1;0;0;0;0;0;0;4;0;0;0;0;0;0;0;0;0;0;0;0;0;1;0;0;0;0;0;0;0;0;0;0;0;0;0;0;0;0;0
14;"Zakład Pielęgnacyjno-Opiekuńczy, Tokary 31, 23-465 Turobin";60214;"gm. Turobin";"biłgorajski";"lubelskie";1;1;0;0;0;0;0;0;0;0;0;0;0;0;0;0;0;0;0;0;0;0;0;0;0;0;0;0;0;0;0;0;0;0;0;0;0;0;0;0;0;0;0;0;0;0;0;0;0;0;0;0;0;0;0;0;0;0;1;0;0;0;0;0;0;0;0;0;0;0;0;0;0;0;2;1;0;0;0;0;0;0;0;0;0;0;0;0;0;0;0;0;0;0;0;0;1;0;0;0;0;0;0;0;0;0;0;0;0;0;0;0;0;0;0;0;0;0;0;0;0;0;1;0;0;0;0;0;0;0;0;0;0;0;0;0;0;0;0;0;0;0;0;0;0;0;0;0;0;0;0;0;0;0;0;0;0;0;0;0;0;0;0;0;0;0;0;0;0;0;0;0;0;0;0;0;0;0
1;"Budynek PKP, ul. Kolejowa 12, 22-170 Rejowiec Fabryczny";60301;"m. Rejowiec Fabryczny";"chełmski";"lubelskie";1;1;2;3;0;0;0;0;0;0;1;1;1;0;1;0;0;0;0;0;0;0;0;0;0;0;12;1;6;0;7;6;3;0;1;2;4;2;0;1;0;0;1;0;0;0;1;0;0;2;10;9;4;2;1;1;0;2;0;0;1;1;0;0;0;0;0;1;0;0;0;0;0;1;59;14;48;10;0;6;9;1;67;4;1;0;1;1;0;2;1;0;1;2;2;1;1;79;26;1;4;0;2;4;1;0;2;0;0;0;0;1;0;0;0;0;0;1;2;0;1;3;91;8;0;0;1;2;0;3;0;0;1;0;0;0;1;0;0;0;0;1;0;0;0;0;3;1;0;1;1;0;0;0;0;0;0;1;0;1;0;1;0;0;0;2;0;0;0;0;0;0;0;0;1;0;0;0
2;"Szkoła Podstawowa im. Mikołaja Reja, ul. Lubelska 18, 22-170 Rejowiec Fabryczny";60301;"m. Rejowiec Fabryczny";"chełmski";"lubelskie";1;1;2;1;0;0;0;0;0;1;0;0;0;0;0;0;4;0;0;0;1;0;1;0;2;2;20;5;3;2;12;8;0;0;1;2;4;1;0;0;1;0;0;1;1;2;1;1;2;4;13;2;9;0;0;1;1;0;3;0;2;0;0;0;0;2;0;0;0;0;0;0;1;0;68;7;32;32;2;3;6;1;56;4;0;0;2;1;1;0;1;0;0;0;1;0;2;53;12;2;7;2;1;1;2;1;1;0;0;1;0;0;0;0;0;0;2;0;0;0;0;1;154;9;4;0;0;2;0;0;0;0;0;0;0;0;1;0;0;1;0;0;1;0;0;0;3;3;0;0;0;1;0;0;0;0;0;0;0;0;0;0;0;0;0;2;2;0;0;0;0;0;0;0;0;0;0;0
3;"Centrum Aktywności Społeczno-Gospodarczej ""Stara Kotłownia"", ul. Wschodnia 32, 22-170 Rejowiec Fabryczny";60301;"m. Rejowiec Fabryczny";"chełmski";"lubelskie";1;1;1;1;0;1;1;0;0;2;0;2;0;0;0;0;1;0;1;0;0;0;0;4;0;1;27;6;10;1;9;12;2;0;1;4;4;0;0;1;2;0;2;2;0;1;1;0;0;3;19;3;4;2;2;5;0;1;1;0;0;2;2;0;0;3;0;2;0;0;1;1;0;1;121;11;58;22;3;5;7;0;71;2;3;0;2;2;1;7;1;0;1;1;1;0;2;80;21;3;6;0;3;0;4;3;2;0;0;0;1;1;0;0;1;1;1;0;2;0;0;2;221;7;1;2;0;1;1;0;0;0;0;0;1;0;3;1;0;0;1;0;0;0;1;1;2;1;1;0;1;1;0;0;0;0;0;0;0;0;0;0;0;0;0;4;1;0;0;0;1;2;0;0;0;0;0;0
1;"Urząd Gminy, ul. Chełmska 1, 22-135 Białopole";60302;"gm. Białopole";"chełmski";"lubelskie";1;1;3;0;0;2;1;0;0;1;0;0;0;0;0;0;1;0;1;0;0;0;0;2;0;0;17;3;10;1;13;2;0;0;0;3;6;0;0;0;1;0;0;0;2;0;0;0;0;4;15;2;2;2;0;3;1;0;0;0;3;0;2;0;0;1;0;1;0;0;0;1;1;0;136;12;13;13;3;4;5;2;55;2;2;1;1;0;3;2;2;0;0;2;2;0;3;110;17;0;11;2;1;1;5;4;1;0;0;2;4;1;0;0;0;0;3;0;1;0;1;2;105;1;0;1;0;3;0;0;1;0;0;0;0;0;0;0;0;4;0;0;0;0;0;0;2;7;0;0;0;0;1;0;0;2;0;5;0;0;0;0;0;0;0;0;1;0;0;0;0;0;0;0;0;0;0;0
2;"Świetlica wiejska, Raciborowice 31, 22-135 Białopole";60302;"gm. Białopole";"chełmski";"lubelskie";1;1;0;0;0;0;2;1;0;0;0;0;0;0;0;0;0;0;0;0;1;0;0;0;0;0;7;1;4;1;1;1;0;0;0;1;2;0;1;0;0;0;0;0;1;0;0;0;0;1;1;3;0;1;0;1;0;2;0;0;0;0;0;0;0;1;0;0;0;1;0;0;1;0;41;4;15;7;3;2;6;1;29;3;3;0;1;2;3;0;0;0;0;0;1;0;0;31;5;0;2;1;0;6;0;0;0;0;0;0;0;0;0;0;0;0;0;0;0;0;0;0;32;0;0;0;0;0;0;0;0;0;0;1;0;0;1;0;0;2;0;0;0;0;0;0;1;0;1;0;0;0;0;0;0;0;0;2;0;1;0;0;0;0;0;0;0;0;0;0;0;0;0;0;0;0;0;0
3;"Publiczna Szkoła Podstawowa, Strzelce 43 B, 22-135 Białopole";60302;"gm. Białopole";"chełmski";"lubelskie";1;1;0;0;0;0;0;0;0;0;1;0;0;0;0;0;0;0;0;1;0;0;0;1;1;0;6;1;4;2;5;2;0;0;0;0;0;1;0;0;0;1;0;0;0;0;0;0;0;1;5;1;1;2;2;0;0;0;0;0;0;0;0;0;0;0;0;0;1;0;1;0;0;1;68;3;13;5;3;1;14;0;25;0;3;1;1;0;6;1;0;0;0;0;0;0;2;49;13;0;5;0;0;2;0;0;0;0;0;0;0;1;0;0;0;1;0;0;0;0;1;0;31;2;1;1;0;2;0;0;0;0;0;0;0;0;0;0;0;1;0;0;0;0;0;0;2;3;0;0;0;0;0;0;0;0;0;1;0;0;0;0;0;1;1;0;0;0;0;0;0;0;0;1;0;0;0;0
1;"Świetlica, ul. Sportowa 18, 22-100 Srebrzyszcze";60303;"gm. Chełm";"chełmski";"lubelskie";1;1;1;0;0;0;1;0;0;2;0;0;0;1;0;0;0;0;0;0;0;1;0;0;2;0;9;4;2;1;20;8;2;0;2;2;0;0;0;0;0;0;0;0;1;1;0;0;0;0;6;11;1;1;0;2;0;0;0;1;0;0;1;1;0;0;0;0;0;0;0;1;0;0;82;1;5;19;6;1;8;0;31;1;3;0;1;1;2;2;1;0;1;2;0;0;3;40;10;5;9;0;0;3;1;0;0;2;1;0;3;1;0;0;1;1;0;0;0;1;0;0;82;1;4;0;0;0;0;0;0;0;0;1;0;0;0;2;0;0;0;0;0;0;0;0;2;9;0;1;0;1;1;1;0;0;0;0;0;0;0;0;0;1;0;2;1;0;0;0;1;0;0;0;0;0;1;1
2;"Oddział Przedszkolny Szkoły Podstawowej w Okszowie, ul. Chełmska 14A, 22-105 Okszów-Kolonia";60303;"gm. Chełm";"chełmski";"lubelskie";1;1;1;1;0;0;0;0;0;0;1;0;0;0;0;0;1;1;0;0;0;0;0;1;0;0;12;6;3;1;29;1;1;0;2;3;0;1;0;0;1;0;0;0;0;0;1;0;2;3;13;5;2;2;0;0;0;1;0;0;0;0;0;2;0;0;0;0;0;0;0;0;1;0;46;2;4;7;2;2;2;1;19;1;4;0;1;0;0;1;0;0;0;1;0;0;0;25;10;2;2;0;1;3;0;2;2;0;1;0;0;0;1;0;0;0;0;0;1;0;0;2;79;4;1;2;0;1;1;0;0;1;0;0;1;0;3;0;0;0;0;0;0;0;0;0;0;7;1;0;0;0;0;0;0;0;0;1;1;0;0;0;0;0;0;0;0;0;0;0;0;1;0;0;0;0;0;0
3;"Dom Pomocy Społecznej w Nowinach, Nowiny 101, 22-105 Nowiny";60303;"gm. Chełm";"chełmski";"lubelskie";1;1;2;1;0;0;0;1;0;2;0;1;0;0;0;0;0;0;0;0;0;0;0;0;0;0;1;0;0;0;9;3;1;0;0;1;0;0;2;1;1;0;0;0;0;0;0;0;0;0;2;2;1;0;0;0;0;0;0;0;1;0;1;0;0;0;0;0;0;0;0;0;0;1;21;1;1;0;1;1;1;1;7;5;2;1;1;0;1;0;1;0;0;0;0;0;2;5;4;0;0;0;0;1;0;1;0;0;0;0;0;0;0;0;0;0;0;0;0;0;0;0;8;0;1;0;1;1;0;0;0;0;0;0;0;0;0;0;0;0;0;0;1;0;0;0;1;0;0;0;0;0;0;0;0;0;0;1;0;0;0;0;0;0;1;2;0;0;0;0;0;0;0;0;0;0;0;0
4;"Remiza OSP, Zarzecze 9A, 22-106 Zarzecze";60303;"gm. Chełm";"chełmski";"lubelskie";1;1;1;0;0;0;0;0;0;0;0;0;0;0;0;0;2;0;0;0;0;0;0;0;0;0;3;2;0;1;8;1;0;1;0;2;1;0;0;0;0;0;0;0;0;0;0;0;1;1;6;1;0;1;1;0;0;0;0;0;0;0;2;0;0;0;0;0;0;0;0;0;0;0;37;1;2;3;0;0;0;0;5;1;0;1;0;0;0;0;0;0;0;1;1;0;1;9;2;2;3;0;0;1;0;1;0;0;0;0;1;0;0;0;0;0;3;0;0;0;0;0;21;0;0;0;0;0;0;0;0;0;0;1;0;0;0;0;0;0;0;1;0;0;0;0;0;2;0;0;1;0;0;0;0;0;0;0;0;0;0;0;0;0;0;0;0;0;0;0;0;0;0;0;0;0;0;0
5;"Świetlica, Horodyszcze 43b, 22-151 Horodyszcze";60303;"gm. Chełm";"chełmski";"lubelskie";1;1;0;4;0;0;0;0;1;1;0;1;2;0;0;0;1;0;0;0;0;0;0;0;2;0;5;6;2;0;13;17;2;1;1;3;1;1;0;0;0;0;0;1;4;0;1;0;0;3;19;4;1;0;0;2;1;1;0;0;0;0;1;0;0;0;1;0;0;0;0;0;0;0;90;3;13;13;2;7;7;0;37;1;2;1;0;0;1;0;1;0;0;2;0;0;0;49;17;3;15;0;0;1;0;0;0;0;0;0;0;0;0;0;0;0;2;1;0;0;2;7;93;4;1;0;1;1;1;0;1;0;0;0;0;0;0;1;0;0;0;0;1;0;0;0;3;7;0;0;0;0;0;0;0;0;0;1;0;0;0;0;0;1;0;1;1;2;0;0;0;0;1;0;0;0;0;0
6;"Szkoła Podstawowa, Staw 72, 22-151 Staw";60303;"gm. Chełm";"chełmski";"lubelskie";1;1;1;1;0;0;0;0;0;1;0;0;0;0;0;0;0;0;0;0;1;0;0;0;0;0;1;2;3;1;9;5;0;0;1;1;1;1;1;0;1;1;0;1;0;1;0;0;0;2;7;6;2;0;0;0;2;0;0;0;0;0;0;0;0;0;0;1;0;0;0;1;0;0;82;6;10;6;1;2;11;1;14;1;2;0;0;0;0;0;0;0;0;0;0;1;0;34;9;8;4;1;0;0;0;0;0;0;0;0;0;0;1;0;0;0;0;0;0;1;0;2;59;2;1;2;0;0;0;0;0;0;0;0;0;0;1;0;0;0;0;0;0;0;0;1;3;10;0;0;0;0;0;0;0;0;0;0;1;0;0;0;4;0;0;0;0;0;0;0;0;0;0;0;1;0;0;0
7;"Szkoła Podstawowa, Stołpie 11, 22-151 Stołpie";60303;"gm. Chełm";"chełmski";"lubelskie";1;1;0;1;1;0;1;0;0;0;0;0;0;0;0;0;1;0;0;0;0;0;0;2;0;0;10;1;0;1;4;7;0;0;3;0;1;0;0;0;0;0;0;0;1;0;0;0;0;1;3;2;0;1;0;3;0;0;0;0;0;0;0;0;0;0;0;0;0;0;0;0;0;0;49;5;9;5;1;2;2;1;16;0;1;1;0;0;0;1;1;0;1;0;4;1;2;48;16;2;6;0;0;11;0;1;1;0;0;0;2;0;0;0;1;0;1;0;0;0;0;4;54;1;0;0;0;0;0;0;0;2;0;0;0;0;0;0;0;0;0;0;0;0;1;1;0;7;0;0;0;0;0;1;0;0;0;0;0;0;0;0;0;0;0;2;0;1;0;0;0;0;0;0;0;1;0;0
8;"Świetlica, ul. Balladyny 5, 22-151 Janów";60303;"gm. Chełm";"chełmski";"lubelskie";1;1;3;1;0;1;0;0;0;0;0;0;0;0;0;0;0;0;0;0;0;0;0;0;5;1;23;5;9;4;13;2;2;2;1;1;3;0;1;0;0;0;0;1;2;2;0;0;1;1;13;6;2;2;0;0;1;1;0;0;0;0;0;0;0;1;0;2;2;0;0;0;0;0;55;1;11;8;2;0;1;0;23;1;2;0;0;0;0;1;0;0;1;0;2;0;0;44;19;1;1;0;0;0;3;0;1;0;0;1;1;0;3;1;0;1;0;0;0;0;0;1;98;6;2;0;2;3;0;0;1;0;0;0;0;0;0;0;0;1;0;1;0;1;0;0;1;12;0;0;0;1;0;0;0;0;0;1;0;0;0;1;1;0;0;0;0;0;0;0;0;0;0;0;0;1;0;0
9;"Urząd Gminy Chełm, ul. Gminna 18, 22-100 Pokrówka";60303;"gm. Chełm";"chełmski";"lubelskie";1;1;1;2;2;1;0;0;0;0;0;0;0;0;0;0;0;0;0;0;0;1;1;1;1;1;20;8;2;1;48;7;3;1;0;3;2;0;0;0;0;0;0;0;7;0;0;0;0;3;12;8;0;3;1;3;0;0;0;0;2;0;2;0;0;0;0;0;0;0;0;1;1;1;86;4;3;16;5;2;8;0;25;0;0;0;0;0;1;2;1;1;0;0;0;0;0;90;27;3;23;1;0;1;0;0;1;0;0;0;0;0;0;0;1;0;2;0;1;0;2;1;187;10;4;2;0;4;0;2;0;0;0;0;0;0;0;0;1;0;0;0;0;1;0;3;8;25;0;1;1;0;0;1;0;0;0;0;0;1;0;0;0;1;0;1;0;0;0;0;0;0;0;0;0;0;0;0
10;"Siedziba Krajowego Ośrodka Wsparcia Rolnictwa w Pokrówce, ul. Wiosenna 4, 22-100 Pokrówka";60303;"gm. Chełm";"chełmski";"lubelskie";1;1;2;3;0;1;0;0;0;1;0;0;0;0;0;0;0;0;0;0;0;0;0;0;0;0;7;1;1;0;35;6;1;0;0;12;1;0;0;0;1;0;0;1;1;0;0;0;0;2;3;8;0;0;0;1;0;0;1;0;1;0;0;0;0;0;0;0;0;0;0;0;0;2;45;4;12;7;1;2;0;0;25;0;0;0;0;0;0;3;0;0;0;0;0;0;0;37;3;0;18;0;0;1;0;0;0;0;0;0;0;0;3;0;0;0;0;0;0;0;0;1;88;2;1;0;0;0;0;0;0;0;0;1;1;0;0;0;0;0;0;0;0;0;0;1;2;10;0;1;0;0;0;0;0;0;0;0;0;0;0;0;0;0;0;0;0;0;0;0;0;0;0;0;0;0;0;0
11;"Świetlica, Żółtańce 44b, 22-100 Żółtańce";60303;"gm. Chełm";"chełmski";"lubelskie";1;1;0;1;0;0;0;0;0;0;0;0;0;0;0;0;0;0;0;0;0;0;0;0;3;0;2;0;0;0;5;2;0;0;0;1;0;0;0;0;0;0;0;0;0;0;0;0;0;0;3;1;0;1;0;0;0;1;0;0;1;0;0;0;0;0;0;1;0;0;0;0;0;0;31;2;3;6;1;0;0;0;4;0;1;1;0;0;1;0;1;0;0;0;1;0;1;15;5;0;10;0;1;1;0;0;1;0;0;0;0;1;0;0;0;1;0;0;0;0;0;0;46;1;0;0;0;0;1;0;0;0;0;0;0;0;0;0;0;0;0;0;0;0;0;2;0;12;0;0;0;0;0;0;0;0;0;0;0;0;0;0;0;0;0;0;0;0;0;0;0;0;0;0;0;0;0;1
12;"Szkoła Podstawowa, ul. Metalowa 89, 22-100 Żółtańce-Kolonia";60303;"gm. Chełm";"chełmski";"lubelskie";1;1;1;0;0;0;0;1;0;1;0;0;0;0;0;0;0;0;0;0;0;2;0;0;1;0;11;2;3;0;43;5;1;1;0;2;0;0;0;0;0;0;0;0;1;0;0;0;2;0;8;8;0;0;0;0;1;0;1;0;0;0;0;0;0;0;0;0;0;0;0;0;0;0;47;4;9;12;0;1;4;0;21;1;1;0;2;0;0;0;1;0;0;0;0;0;0;32;9;0;10;0;1;3;1;0;1;0;0;1;1;1;0;1;0;0;1;0;0;0;0;0;120;8;0;0;0;1;0;0;0;0;0;0;1;0;1;0;0;0;0;2;0;0;0;0;3;30;1;1;0;0;0;0;0;0;0;0;0;0;0;0;0;2;0;0;0;0;0;0;0;0;0;0;0;0;0;0
13;"Szkoła Podstawowa, Strupin Duży 122, 22-100 Strupin Duży";60303;"gm. Chełm";"chełmski";"lubelskie";1;1;0;3;0;1;0;0;0;0;0;0;0;0;0;0;1;0;0;0;0;0;0;2;1;0;4;2;1;0;24;0;0;0;0;5;1;2;1;0;1;0;2;0;0;0;2;0;1;1;5;2;1;2;0;1;1;0;0;0;0;0;0;0;0;0;0;0;0;0;0;0;0;0;49;2;14;25;2;4;7;1;22;4;0;3;1;0;0;1;2;0;0;4;1;0;0;54;18;3;7;1;0;1;1;0;1;0;0;2;0;1;0;0;1;0;0;0;0;1;0;1;49;3;0;3;0;0;0;0;0;0;0;0;0;0;0;0;0;3;0;2;0;0;0;0;4;9;0;1;0;0;1;0;0;0;0;1;0;0;0;0;0;4;0;0;2;0;0;0;0;0;0;0;0;0;0;0
14;"Świetlica, Rożdżałów 118a, 22-100 Rożdżałów";60303;"gm. Chełm";"chełmski";"lubelskie";1;1;1;2;0;0;0;0;0;1;0;0;1;0;0;1;0;0;0;0;0;1;0;0;1;0;4;4;0;0;20;2;1;0;0;0;0;1;0;1;0;0;0;0;1;0;0;0;0;2;7;2;2;0;0;1;0;0;0;0;0;0;0;0;0;0;0;0;0;0;0;0;1;0;55;6;6;26;2;0;1;1;27;1;3;1;3;0;2;0;0;0;0;2;0;0;0;27;9;5;2;1;0;6;1;2;0;0;0;0;0;0;0;1;0;0;2;0;1;0;0;0;30;4;0;0;0;0;0;0;0;0;1;0;0;0;0;0;0;0;0;1;0;0;0;0;0;5;0;0;1;0;0;0;0;0;0;0;0;0;0;0;0;0;1;0;0;0;0;0;0;0;0;0;1;0;0;0
15;"Świetlica, Depułtycze Królewskie-Kolonia 18, 22-100 Depułtycze Królewskie-Kolonia";60303;"gm. Chełm";"chełmski";"lubelskie";1;1;1;0;0;0;0;0;0;1;0;0;0;0;0;0;0;0;1;0;0;0;0;0;1;0;3;1;2;0;3;0;0;0;0;1;1;0;1;0;1;0;1;0;0;0;0;0;0;0;4;2;1;1;0;0;0;0;0;0;0;0;0;0;0;0;0;0;0;0;0;0;0;0;23;1;15;9;0;0;0;0;3;1;0;0;0;1;0;1;0;0;0;0;0;0;2;14;2;1;1;0;0;2;0;0;0;0;0;0;0;0;0;0;0;0;0;0;0;0;0;0;32;4;0;1;0;0;0;1;0;0;0;0;0;0;0;0;0;0;0;1;0;0;0;1;2;4;0;0;0;0;0;0;0;0;0;0;0;0;0;0;0;0;0;1;0;0;0;0;0;1;0;0;0;0;0;0
16;"Świetlica, Stare Depułtycze 10b, 22-100 Stare Depułtycze";60303;"gm. Chełm";"chełmski";"lubelskie";1;1;0;1;0;0;0;0;0;0;0;0;0;0;0;0;0;0;0;1;0;1;0;0;0;1;4;3;0;0;1;2;0;0;0;0;1;0;0;0;0;0;0;0;0;0;0;0;0;0;4;1;0;0;0;0;0;0;0;0;0;0;0;0;0;0;0;0;0;0;0;0;0;0;47;5;13;17;1;0;5;0;7;0;1;0;0;1;0;0;1;0;1;0;1;0;1;26;12;2;1;0;0;1;0;0;1;0;0;0;0;0;0;0;0;0;0;0;0;0;0;1;11;0;0;0;0;0;0;0;0;0;1;0;0;0;0;0;0;0;0;0;0;0;0;0;3;1;0;0;0;0;0;0;0;0;0;0;0;0;0;0;0;2;0;1;0;0;0;0;0;1;0;0;0;0;0;0
17;"Szkoła Podstawowa, Uher 32, 22-100 Uher";60303;"gm. Chełm";"chełmski";"lubelskie";1;1;1;1;0;0;0;0;0;1;0;0;0;0;0;0;0;0;0;0;0;0;0;0;1;0;2;1;0;0;17;4;0;0;0;0;0;0;0;0;0;0;0;0;2;0;0;0;0;0;1;1;0;1;0;0;0;1;0;0;0;0;0;0;0;0;0;0;2;0;0;0;0;0;31;2;0;6;0;0;1;0;11;1;0;0;0;0;0;1;0;0;0;0;0;0;0;17;6;0;2;0;1;1;0;1;0;0;0;0;0;1;0;0;0;0;0;0;0;0;0;0;28;0;0;0;0;0;0;0;0;0;0;0;0;0;0;0;0;0;0;0;0;0;0;2;1;5;0;0;0;0;0;0;0;0;0;0;0;0;0;0;2;0;0;1;0;0;0;0;0;0;0;0;0;0;0;0
18;"Świetlica, ul. Pogodna 64, 22-100 Zawadówka";60303;"gm. Chełm";"chełmski";"lubelskie";1;1;0;2;0;1;2;1;0;1;0;0;0;0;1;0;0;0;0;0;0;0;0;1;0;0;20;5;3;7;20;11;0;0;1;2;1;1;2;0;0;0;0;1;0;0;1;0;1;2;7;5;1;3;1;0;1;0;0;0;1;0;1;1;0;0;0;0;1;0;0;0;1;0;83;3;15;5;0;6;1;0;41;0;0;0;1;0;0;0;1;0;0;1;2;0;1;58;8;2;22;1;1;2;0;3;0;0;0;0;0;0;0;0;0;0;1;0;0;2;0;3;120;5;0;0;0;1;0;0;1;0;0;0;0;0;0;0;0;0;0;0;0;1;0;0;8;9;1;0;1;0;0;0;0;0;0;0;0;0;0;0;1;0;0;0;0;0;0;0;0;0;0;0;0;2;0;0
19;"Świetlica, Depułtycze Królewskie 13C, 22-100 Depułtycze Królewskie";60303;"gm. Chełm";"chełmski";"lubelskie";1;1;0;0;0;0;0;0;0;0;0;0;0;0;0;0;0;0;0;0;0;0;0;0;0;0;1;0;1;0;4;1;0;0;0;0;0;0;0;0;0;0;0;0;0;0;0;0;2;0;1;3;0;3;0;0;1;0;0;0;0;0;0;0;0;0;0;0;0;0;0;0;0;0;18;5;2;2;0;0;0;0;4;0;0;0;0;0;0;0;0;0;0;0;0;0;0;23;6;2;1;0;1;0;0;2;0;0;0;0;0;0;0;0;0;0;0;0;0;0;0;4;10;0;0;0;0;0;0;0;0;0;0;0;0;0;0;0;0;0;0;0;0;0;1;0;1;2;0;0;0;0;0;0;0;0;0;0;0;0;0;0;0;0;0;0;0;0;0;0;0;0;0;0;0;0;0;0
20;"Świetlica, Nowosiółki 6d, 22-151 Nowosiółki";60303;"gm. Chełm";"chełmski";"lubelskie";1;1;0;1;1;0;0;0;0;0;0;0;0;0;0;0;0;0;0;0;0;0;0;0;0;0;1;1;0;0;1;2;1;0;0;0;1;0;0;0;0;1;0;0;0;0;0;0;1;1;0;1;0;0;0;0;0;0;0;0;0;0;2;0;0;1;0;1;0;0;0;0;0;1;30;3;3;4;0;1;0;0;8;0;0;0;0;0;0;1;1;0;0;0;1;1;3;19;8;3;2;0;0;0;0;0;0;0;0;1;0;1;0;0;0;1;1;0;0;0;0;1;9;0;0;1;0;0;0;0;0;0;0;1;0;0;0;0;0;0;0;0;0;0;0;0;1;1;0;0;0;0;0;0;0;0;0;1;0;0;0;0;0;0;0;0;0;0;0;0;0;0;0;0;0;1;0;0
21;"Centrum Bibliotek i Kultury Gminy Chełm, ul. Chełmska 35, 22-105 Okszów";60303;"gm. Chełm";"chełmski";"lubelskie";1;1;3;3;1;0;3;0;0;0;0;1;0;0;0;0;0;0;0;0;1;0;0;1;1;0;14;6;1;1;33;10;1;0;0;2;3;0;0;0;0;0;0;0;1;0;0;0;0;2;13;10;1;0;0;2;1;0;0;0;0;0;0;0;0;0;1;0;0;0;0;0;1;1;124;9;9;8;1;3;3;1;40;1;5;0;1;0;0;0;2;0;0;0;1;2;1;82;22;4;6;1;2;5;1;2;0;0;0;1;3;3;2;0;0;0;2;0;0;0;0;2;112;5;1;0;0;0;0;1;0;0;0;0;0;0;1;0;0;0;0;1;1;0;0;0;5;22;1;1;0;0;0;0;0;0;0;2;0;0;0;0;0;0;0;0;0;0;0;0;0;1;0;0;0;0;0;0
22;"Świetlica, Parypse 14b, 22-151 Parypse";60303;"gm. Chełm";"chełmski";"lubelskie";1;1;0;1;0;0;0;0;0;0;0;0;0;0;0;0;0;0;0;0;0;0;0;0;0;0;6;2;0;2;4;1;0;0;0;2;1;0;0;0;0;0;0;0;0;0;1;0;0;0;9;2;0;0;0;0;0;1;0;0;0;0;0;0;0;0;0;0;0;0;0;0;0;0;23;0;1;3;0;1;1;0;11;0;1;1;0;0;0;0;0;0;0;0;1;0;1;38;10;0;1;0;0;1;0;1;0;0;0;0;0;0;0;1;0;2;0;0;0;0;0;2;28;0;0;0;0;1;0;0;0;0;0;1;0;0;0;0;0;0;0;1;0;0;0;0;0;7;0;0;0;0;0;0;0;0;0;0;0;0;0;0;0;0;0;0;0;0;0;0;0;0;2;0;0;0;0;0
23;"Świetlica, Strupin Mały 17, 22-100 Strupin Mały";60303;"gm. Chełm";"chełmski";"lubelskie";1;1;0;0;0;0;0;0;0;0;0;0;0;1;0;0;0;0;0;0;1;0;0;0;0;0;2;2;0;0;2;1;0;0;0;2;0;0;1;1;0;0;0;0;2;0;0;1;0;0;4;0;2;0;0;0;0;0;0;0;0;0;1;0;0;0;0;0;0;0;0;0;1;0;18;0;2;9;1;1;1;0;10;0;0;0;0;0;0;0;0;1;0;0;1;0;0;19;4;1;2;1;0;1;0;0;0;0;0;1;0;0;1;0;0;0;0;0;0;0;0;2;45;4;0;0;0;0;0;0;0;0;0;0;0;0;0;0;0;0;0;1;0;0;0;1;0;8;0;0;0;0;0;0;0;0;0;0;0;0;0;0;0;0;0;0;0;0;0;0;0;0;0;0;1;1;0;0
24;"Świetlica, Weremowice 38, 22-100 Weremowice";60303;"gm. Chełm";"chełmski";"lubelskie";1;1;1;0;0;0;0;0;0;0;0;0;0;1;0;0;0;0;0;0;0;0;0;0;0;0;0;3;0;0;5;0;0;0;0;0;0;1;0;0;0;1;0;0;1;0;0;0;0;2;5;3;0;0;0;0;0;0;0;0;0;0;0;1;0;0;0;0;0;0;0;0;1;0;26;3;5;9;3;1;1;0;17;0;0;0;2;0;0;0;0;0;0;1;1;0;0;14;6;0;5;0;0;1;0;2;0;0;0;0;0;0;0;0;0;0;0;0;0;0;0;0;34;0;0;0;0;0;0;0;0;0;0;0;0;0;0;0;0;1;0;0;0;0;0;0;1;1;1;0;0;1;0;0;0;0;0;0;0;0;0;0;0;1;0;0;0;0;0;0;0;0;0;0;0;0;0;0
25;"Świetlica, Zagroda 35 B, 22-100 Zagroda";60303;"gm. Chełm";"chełmski";"lubelskie";1;1;1;0;0;0;0;0;0;0;0;0;0;0;0;0;0;0;0;0;0;0;0;1;0;0;4;2;0;0;10;0;0;0;1;1;1;1;1;0;1;0;0;0;0;1;0;0;0;2;1;1;0;0;1;1;0;0;0;0;0;0;0;0;0;0;1;1;0;0;0;0;0;0;42;0;12;4;0;0;0;1;10;0;0;0;0;0;0;0;1;0;0;1;0;0;0;14;7;1;1;0;0;0;0;0;0;0;0;0;0;0;1;0;0;0;0;0;0;0;0;1;12;1;0;0;0;0;0;0;0;0;0;0;0;0;0;0;0;0;0;0;0;0;0;0;0;0;0;1;0;0;0;0;0;0;0;0;1;0;0;0;0;0;0;0;0;0;0;0;0;0;0;0;0;0;0;0
1;"Wiejski Ośrodek Kultury, ul. Długa 28, 22-174 Brzeźno";60304;"gm. Dorohusk";"chełmski";"lubelskie";1;1;2;1;1;0;0;0;0;0;1;0;0;0;1;0;0;0;0;0;0;0;0;2;0;1;13;7;2;1;8;8;1;0;0;3;2;0;2;0;0;1;0;0;2;0;0;1;3;3;10;2;0;0;2;0;0;0;0;0;0;0;1;1;1;0;0;0;0;0;0;0;1;2;112;5;20;16;3;6;6;0;44;3;4;0;0;1;2;2;1;0;0;4;1;0;1;60;10;2;6;0;2;1;2;0;1;0;1;0;0;1;0;0;0;0;0;1;1;0;0;3;70;3;1;0;0;2;0;0;1;0;1;2;0;0;0;0;0;1;0;0;0;0;0;0;5;4;1;0;1;0;0;0;0;0;0;0;1;0;0;0;0;0;0;1;0;0;0;0;0;0;0;0;0;0;0;0
2;"Wiejski Ośrodek Kultury, Wólka Okopska 67, 22-174 Brzeźno";60304;"gm. Dorohusk";"chełmski";"lubelskie";1;1;2;0;0;0;1;0;0;0;0;0;0;0;0;0;0;0;0;0;0;0;0;1;1;0;4;1;1;0;2;0;1;0;0;0;0;0;0;0;0;0;0;0;0;0;0;0;0;1;8;2;3;1;0;0;2;0;0;0;1;0;0;0;0;1;0;0;0;0;1;1;0;0;62;3;11;2;1;0;1;2;18;2;4;1;1;2;2;1;0;1;0;0;0;0;2;53;14;1;4;1;0;1;1;2;1;0;0;1;0;2;0;0;0;0;2;0;1;0;0;2;47;4;0;0;0;0;0;0;0;0;0;0;0;0;0;0;0;0;0;0;0;0;0;0;2;2;0;2;0;0;1;0;0;0;0;0;0;1;0;0;0;0;0;0;0;0;0;0;1;0;0;0;0;4;0;1
3;"Szkoła Podstawowa, Świerże ul. Jana Pawła II 59, 22-175 Dorohusk";60304;"gm. Dorohusk";"chełmski";"lubelskie";1;1;0;0;0;0;0;0;0;0;1;0;0;0;0;0;0;0;0;0;1;0;0;0;0;0;5;1;2;1;4;0;0;0;0;0;0;0;0;0;0;0;0;0;2;0;1;0;2;1;11;1;0;1;0;0;0;0;0;0;0;0;1;0;0;0;0;0;0;0;0;0;0;1;68;2;10;9;1;0;1;0;31;2;1;0;0;1;1;2;0;0;0;0;1;0;0;76;11;3;1;1;1;0;0;1;1;0;0;0;1;0;0;0;0;0;3;1;0;1;0;1;68;0;0;1;1;0;0;1;0;0;0;0;0;0;1;0;0;0;0;0;0;0;1;1;4;1;0;0;0;0;0;0;0;0;1;0;0;1;0;0;0;0;1;0;0;0;0;0;1;0;0;0;0;0;0;0
4;"Środowiskowy Dom Samopomocy ""Cytrynka"", Dorohusk-Osada ul. Niepodległości 25, 22-175 Dorohusk";60304;"gm. Dorohusk";"chełmski";"lubelskie";1;1;4;0;0;1;0;0;0;0;0;1;2;0;1;0;0;0;0;0;1;0;0;0;2;0;8;1;0;0;1;11;1;1;2;0;3;0;2;0;0;0;0;1;3;0;0;0;0;5;7;1;1;2;0;3;0;1;0;0;1;0;0;0;0;0;1;0;0;0;0;0;0;0;62;7;11;3;2;0;5;0;29;3;3;1;1;0;4;2;2;0;1;0;3;1;0;80;20;2;7;0;1;1;0;0;0;0;0;0;1;2;1;0;0;0;0;0;1;0;0;5;44;2;0;1;1;1;0;0;0;0;2;0;0;0;0;0;0;1;0;0;0;0;0;0;2;3;1;0;0;0;0;0;0;0;0;0;0;2;0;0;0;2;0;0;0;0;1;0;0;1;0;0;1;0;0;0
5;"Zespół Szkolno-Przedszkolny w Dorohusku, Dorohusk-Osada ul. Niepodległości 49, 22-175 Dorohusk";60304;"gm. Dorohusk";"chełmski";"lubelskie";1;1;1;1;0;0;0;0;0;0;0;0;0;0;0;0;0;0;1;0;0;0;0;1;0;1;21;8;5;1;11;16;1;0;1;1;1;0;2;0;0;0;0;1;6;0;0;0;1;2;6;0;2;0;1;1;0;1;0;0;0;0;3;2;0;2;0;1;0;0;0;0;0;1;132;7;19;9;4;7;5;2;39;2;1;1;1;0;0;0;0;1;0;1;2;1;2;144;29;0;2;1;1;4;3;2;1;1;0;0;1;2;0;0;1;1;2;0;3;1;0;4;120;2;0;1;1;1;0;1;0;1;1;0;0;0;1;0;0;1;0;2;0;0;1;2;5;15;1;0;0;1;0;0;0;2;0;1;1;1;0;0;0;1;0;2;0;0;0;0;0;0;3;0;0;1;0;0
6;"Świetlica KGW, Turka 2, 22-175 Dorohusk";60304;"gm. Dorohusk";"chełmski";"lubelskie";1;1;1;1;1;2;0;0;0;0;0;0;0;0;0;0;0;0;0;0;0;0;0;0;0;0;4;2;1;0;0;3;1;0;0;0;0;0;0;0;0;0;0;0;1;0;0;0;0;0;5;0;0;1;0;2;0;1;0;0;0;0;1;0;0;0;0;0;0;0;0;0;0;2;75;8;7;2;3;3;5;0;34;2;0;1;0;0;2;1;0;0;0;1;4;1;2;56;5;3;5;1;0;8;0;0;0;0;0;0;0;1;1;1;0;1;0;0;0;0;0;1;29;4;0;0;0;0;0;0;0;1;0;0;0;0;0;0;1;0;0;0;0;0;0;0;1;6;0;1;0;0;0;0;0;1;0;0;0;0;0;0;0;0;0;1;0;0;0;0;0;0;0;0;0;0;0;0
7;"Świetlica Wiejska, Michałówka 78, 22-175 Dorohusk";60304;"gm. Dorohusk";"chełmski";"lubelskie";1;1;1;0;0;0;0;0;0;2;0;0;0;0;0;0;0;0;0;0;0;1;0;4;1;1;4;4;1;0;1;3;2;0;0;0;0;0;0;0;0;0;0;0;4;0;1;1;0;0;5;2;0;1;0;0;0;0;0;0;0;0;1;0;0;0;0;0;0;0;0;0;0;0;82;3;2;6;1;6;5;0;43;2;1;0;3;1;0;0;1;0;0;2;1;0;2;97;6;5;5;1;0;4;0;1;0;0;0;0;0;0;2;0;0;1;0;0;1;5;0;1;20;0;0;0;0;0;0;1;0;0;0;0;0;0;0;0;0;0;0;0;0;0;0;1;0;1;0;0;0;0;0;0;0;0;0;0;0;0;0;0;0;0;0;0;0;0;0;0;0;0;0;0;0;1;0;0
1;"Świetlica Wiejska w Siedliszczu, Siedliszcze 61, 22-145 Dubienka";60305;"gm. Dubienka";"chełmski";"lubelskie";1;1;1;0;0;0;0;0;0;0;0;0;0;0;0;0;0;1;0;0;0;0;0;0;0;1;10;6;6;0;2;1;2;1;1;0;1;0;0;0;0;0;1;1;4;0;0;0;1;1;2;0;1;1;1;0;0;2;0;0;0;0;1;0;0;1;0;0;1;0;0;0;0;0;29;11;11;7;3;0;7;0;16;0;4;0;0;1;1;0;0;0;1;0;0;0;0;46;8;5;1;2;1;5;1;1;0;0;0;1;0;1;0;1;0;0;0;0;0;1;0;0;49;1;0;1;0;0;0;0;0;1;0;0;0;0;0;0;0;0;0;0;0;0;0;0;1;2;1;0;0;0;0;0;0;0;0;0;0;0;0;0;0;0;0;0;0;0;0;0;0;0;0;0;0;0;0;0
2;"Szkoła Podstawowa w Dubience, ul. 3 Maja 4, 22-145 Dubienka";60305;"gm. Dubienka";"chełmski";"lubelskie";1;1;1;0;0;0;1;0;0;2;0;0;0;0;0;0;1;0;1;0;0;1;0;0;0;0;11;3;11;2;19;1;3;0;2;1;3;0;2;2;0;2;1;1;11;0;1;0;2;4;11;4;1;4;0;2;2;1;0;0;0;0;2;0;0;0;1;1;0;0;0;2;0;0;71;15;16;13;4;3;22;0;11;1;2;0;1;0;10;4;5;1;0;0;0;0;3;105;12;4;3;2;0;2;1;0;1;0;0;1;1;2;0;0;0;1;1;0;4;0;1;1;136;9;0;2;1;0;0;0;0;0;0;0;0;1;1;0;0;0;0;1;0;3;0;3;3;2;0;0;1;1;0;2;1;1;0;3;0;1;0;0;0;0;1;0;0;0;0;0;0;0;0;0;0;0;0;1
3;"Remiza OSP, Skryhiczyn 78, 22-145 Dubienka";60305;"gm. Dubienka";"chełmski";"lubelskie";1;1;0;0;0;0;1;0;1;0;0;0;1;0;0;0;0;0;0;0;0;0;0;2;0;0;19;4;8;1;3;1;0;0;1;1;1;0;0;0;0;0;0;0;1;0;0;0;0;1;6;0;0;3;0;0;0;0;0;0;0;0;0;1;0;0;1;0;0;0;1;0;0;1;14;1;2;3;0;2;11;0;4;1;0;0;2;2;1;0;1;0;0;0;0;0;1;25;10;2;9;1;0;0;0;0;0;0;0;0;0;2;1;0;1;0;0;0;0;0;0;1;15;1;1;3;0;0;0;0;0;0;0;0;0;0;0;0;0;1;0;0;0;0;0;0;1;2;0;1;0;0;0;0;0;0;0;0;0;0;0;0;0;0;0;1;1;0;0;0;0;1;0;0;0;0;0;0
1;"Szkoła Podstawowa, Czerniejów 8, 22-113 Kamień";60306;"gm. Kamień";"chełmski";"lubelskie";1;1;2;1;0;0;0;0;0;0;0;0;0;0;0;0;0;0;0;0;1;0;0;1;0;0;4;2;0;1;7;4;1;0;0;0;0;0;0;0;0;1;0;0;0;0;1;0;0;0;3;0;0;1;0;0;1;0;0;0;0;0;0;0;0;1;0;1;0;0;0;0;0;1;34;4;1;9;1;1;1;0;20;0;0;0;0;0;1;4;2;0;0;0;0;0;1;17;5;3;2;1;1;1;0;0;0;0;0;0;0;1;0;0;1;0;0;0;0;0;0;1;21;0;0;0;0;1;0;1;0;0;0;0;0;0;0;0;0;0;0;0;0;0;0;0;1;5;2;0;0;0;0;0;0;0;0;0;0;1;0;0;0;0;0;0;0;0;0;0;0;0;0;0;0;1;1;0
2;"Szkoła Podstawowa, Kamień-Kolonia 55, 22-113 Kamień";60306;"gm. Kamień";"chełmski";"lubelskie";1;1;3;1;0;0;0;0;0;1;0;1;0;0;0;0;0;0;0;1;0;0;0;2;1;0;8;4;3;1;14;3;1;0;0;1;0;0;0;0;0;1;0;0;0;0;0;1;1;0;7;5;0;1;0;1;0;1;0;0;0;0;0;0;0;0;0;0;0;0;0;0;0;1;78;5;21;12;3;2;8;1;68;2;0;0;1;1;1;0;0;0;1;1;0;0;1;50;11;1;5;0;0;10;0;2;0;0;0;0;1;2;2;0;0;0;2;1;0;0;0;4;55;7;0;0;1;1;0;0;0;1;0;0;0;0;0;0;0;1;0;2;0;0;0;0;1;8;0;0;0;0;0;1;0;0;0;0;1;0;0;0;0;1;2;0;0;1;0;0;0;0;0;0;0;1;0;1
3;"Świetlica Wiejska, Pławanice 33C, 22-113 Kamień";60306;"gm. Kamień";"chełmski";"lubelskie";1;1;1;1;0;1;0;0;0;0;0;0;1;0;0;0;0;0;0;0;0;0;0;0;0;0;4;0;0;1;2;5;0;0;0;1;0;0;0;0;0;0;0;0;2;0;0;0;0;2;1;0;0;0;0;0;0;0;0;0;0;0;0;0;0;0;0;0;0;1;0;0;0;1;29;1;4;3;0;0;3;0;29;0;1;0;0;0;1;0;1;2;0;0;0;0;0;13;2;2;2;1;0;4;0;0;0;1;0;0;0;1;0;0;0;0;0;0;0;0;0;1;18;0;0;0;0;0;0;0;0;0;0;0;0;0;0;0;0;0;0;0;0;0;0;0;1;2;0;0;0;0;0;0;0;0;0;1;0;0;0;0;0;0;0;2;1;0;0;1;0;1;0;0;0;0;0;0
4;"Świetlica Wiejska, Strachosław 77A, 22-113 Kamień";60306;"gm. Kamień";"chełmski";"lubelskie";1;1;0;0;0;0;0;0;0;1;0;0;0;0;0;0;1;0;0;0;0;0;0;0;1;0;6;3;2;1;12;1;0;0;1;1;1;0;0;1;0;0;0;0;1;0;2;0;0;1;7;1;0;0;1;0;0;0;0;0;0;1;1;0;0;0;0;1;0;0;0;0;1;0;59;6;8;9;1;1;5;0;19;1;1;0;0;0;0;1;1;0;0;1;0;0;0;53;8;5;16;1;1;3;0;1;0;0;0;1;0;0;1;1;0;0;1;0;0;0;1;6;59;5;0;1;0;1;0;1;1;0;0;0;0;0;0;0;1;0;0;0;0;0;0;2;2;7;1;0;0;0;0;1;0;0;0;0;0;0;0;2;2;0;0;3;0;0;0;0;0;0;0;0;0;0;0;0
5;"Świetlica Wiejska, Wolawce 41, 22-113 Kamień";60306;"gm. Kamień";"chełmski";"lubelskie";1;1;0;3;0;0;0;0;0;0;0;0;1;0;0;0;1;0;1;1;0;0;0;1;0;0;4;1;2;0;12;9;1;0;0;0;2;0;0;0;0;0;0;0;0;0;0;0;0;0;7;0;4;0;0;0;0;0;0;0;0;0;0;1;0;1;0;2;0;0;0;0;0;0;60;5;11;7;1;0;4;1;34;1;1;0;2;1;0;1;1;0;0;0;1;0;0;35;5;0;5;0;1;5;0;1;0;0;1;0;0;0;0;0;0;0;0;0;1;0;1;2;31;1;0;0;1;0;0;0;0;0;0;0;0;0;1;0;0;0;0;0;0;2;0;0;1;2;0;2;1;0;0;0;0;0;0;1;0;1;0;0;0;0;0;0;0;1;0;0;0;0;0;0;0;0;0;0
6;"Świetlica Wiejska, ul. Szlachecka 14, 22-113 Kamień";60306;"gm. Kamień";"chełmski";"lubelskie";1;1;1;4;0;0;0;1;0;1;0;0;0;1;1;0;0;0;0;0;0;0;0;2;0;0;8;5;2;3;13;18;1;2;3;0;1;1;2;1;0;0;0;0;3;0;0;1;0;2;11;7;1;1;0;0;0;0;0;1;0;0;0;0;0;0;0;0;1;0;0;0;0;0;74;11;5;8;2;1;14;0;23;2;3;0;0;0;0;2;0;0;0;0;0;0;0;80;17;3;19;2;0;11;1;4;1;0;0;0;0;2;0;0;0;0;0;0;1;0;0;1;86;2;0;0;0;0;0;0;0;0;0;0;0;0;0;0;0;1;0;0;1;0;0;4;3;11;0;0;1;0;0;0;1;0;0;2;0;0;0;0;0;1;0;0;0;1;0;0;0;0;0;0;0;0;0;0
1;"Świetlica Wiejska w Poniatówce, Wygnańce 32, 22-122 Leśniowice";60307;"gm. Leśniowice";"chełmski";"lubelskie";1;1;0;0;0;0;4;0;0;2;0;1;0;0;0;0;1;0;0;0;0;0;0;0;0;0;4;3;2;0;7;0;0;0;0;2;0;0;0;1;0;0;0;0;0;0;0;0;0;4;4;2;0;0;1;1;0;1;0;0;0;0;1;2;0;0;0;1;0;0;0;0;0;0;16;11;7;3;3;0;1;0;9;0;0;0;0;0;0;0;0;0;0;0;0;0;0;15;4;4;2;0;1;8;2;0;0;2;0;0;0;1;0;0;0;0;1;0;0;0;0;0;25;4;0;3;0;0;0;2;0;0;0;0;0;0;1;0;0;0;0;0;0;0;0;0;0;0;0;0;0;0;0;0;0;0;0;0;0;0;0;0;0;0;0;0;0;0;0;0;0;0;0;0;0;0;0;0
2;"Szkoła Podstawowa w Leśniowicach, Leśniowice 24B, 22-122 Leśniowice";60307;"gm. Leśniowice";"chełmski";"lubelskie";1;1;0;4;0;0;0;1;0;3;0;0;1;0;0;0;0;0;0;1;0;0;0;1;0;0;14;4;11;2;9;5;4;0;1;0;1;0;0;2;0;0;0;0;0;1;0;0;2;2;4;5;1;3;1;0;1;0;0;0;0;0;1;5;0;0;0;0;0;0;2;0;0;1;38;50;25;10;1;2;6;1;26;0;3;0;1;0;1;3;0;0;1;1;0;0;1;48;6;5;2;1;1;26;0;0;0;0;0;0;0;1;0;1;0;0;1;0;0;0;0;2;89;2;0;1;0;3;0;0;0;0;0;0;0;0;1;0;0;1;0;1;0;0;0;1;3;1;0;0;0;0;0;0;0;0;0;0;0;0;0;0;0;2;0;1;0;0;0;0;0;0;0;0;0;0;0;0
3;"Świetlica w Rakołupach Dużych, Rakołupy Duże 5A, 22-122 Leśniowice";60307;"gm. Leśniowice";"chełmski";"lubelskie";1;1;0;0;0;0;0;0;0;0;0;0;0;0;0;0;0;1;0;0;0;1;0;0;1;0;8;2;6;0;16;2;2;0;0;0;0;0;0;0;0;0;0;0;0;0;0;0;0;1;0;0;8;1;0;1;0;0;0;0;1;0;0;0;0;0;0;0;0;0;0;1;1;0;47;34;12;5;1;0;2;0;32;0;0;0;0;0;0;1;1;0;0;0;0;0;0;36;3;0;2;0;0;28;1;0;1;0;0;0;0;0;0;0;0;0;0;0;0;0;0;1;33;1;0;0;0;1;0;0;0;1;0;0;0;0;0;0;0;0;0;0;0;0;0;0;0;0;0;0;1;0;0;0;1;1;0;0;0;0;0;0;0;0;0;1;0;0;0;0;0;0;0;0;0;0;0;0
4;"Szkoła Podstawowa w Sielcu, Sielec 67A, 22-122 Leśniowice";60307;"gm. Leśniowice";"chełmski";"lubelskie";1;1;0;3;1;0;3;0;0;0;1;1;0;0;0;0;0;0;0;0;0;0;0;1;0;0;5;4;4;1;19;3;0;0;0;1;0;2;3;1;0;0;0;0;0;0;1;0;0;2;5;1;0;0;0;0;0;0;0;0;0;0;1;1;0;0;0;0;0;0;0;0;1;0;39;16;6;17;2;0;5;0;21;1;2;0;0;0;4;1;0;0;0;0;0;1;1;54;11;0;3;1;0;12;0;1;0;0;0;0;1;0;1;0;0;1;0;0;0;0;0;2;48;6;0;0;0;0;0;1;0;2;0;0;0;0;0;0;0;0;0;0;0;2;0;2;1;1;0;0;0;0;0;0;0;0;0;1;0;0;0;0;0;0;0;1;0;0;0;0;0;0;0;0;0;0;0;0
5;"Dom spotkań ""Na pograniczu kultur"", Kumów Plebański 1, 22-122 Leśniowice";60307;"gm. Leśniowice";"chełmski";"lubelskie";1;1;0;0;0;0;0;0;0;1;0;0;1;0;0;0;0;0;0;0;0;0;0;1;0;0;5;0;5;2;8;2;1;0;1;0;0;3;0;0;0;0;0;1;0;0;1;1;0;0;2;1;0;0;0;1;0;0;0;1;1;0;0;1;0;0;1;2;0;0;0;0;0;0;25;15;7;3;1;0;5;1;23;1;2;0;0;0;0;1;0;0;1;0;1;0;0;44;16;1;5;1;0;6;0;1;0;0;0;0;0;1;0;0;0;0;1;0;0;0;0;0;22;1;0;0;0;0;0;0;1;0;0;0;0;0;0;0;0;0;0;0;0;0;1;0;2;2;0;0;0;0;0;0;0;0;0;0;1;0;0;0;0;0;0;0;0;0;0;0;0;0;0;0;0;0;0;0
1;"Świetlica Wiejska w Kaniem, Kanie 119f, 22-170 Rejowiec Fabryczny";60308;"gm. Rejowiec Fabryczny";"chełmski";"lubelskie";1;1;1;0;0;1;0;0;0;0;0;3;0;0;0;0;1;0;0;0;0;1;0;3;1;0;16;4;4;0;13;3;1;0;0;0;3;0;1;2;0;0;0;0;2;0;0;0;0;2;12;1;0;1;0;1;0;1;1;1;0;0;0;0;0;1;0;0;2;0;0;1;0;0;52;6;28;8;0;1;4;0;108;2;1;1;3;0;0;1;0;1;0;1;0;0;0;19;15;2;3;0;0;3;1;2;0;0;0;0;0;0;1;0;0;0;1;0;0;0;2;3;39;3;0;0;0;1;0;0;1;1;0;0;0;0;2;0;0;2;0;1;0;0;0;0;7;6;1;1;0;0;0;2;0;0;0;0;0;0;0;0;1;0;0;3;1;0;0;0;1;0;1;0;0;0;0;0
2;"Szkoła Podstawowa w Krasnem, Krasne 31, 22-170 Rejowiec Fabryczny";60308;"gm. Rejowiec Fabryczny";"chełmski";"lubelskie";1;1;0;0;0;0;0;0;0;0;0;0;0;0;0;0;0;0;0;0;0;0;0;1;2;0;4;1;6;0;3;2;1;0;0;0;1;3;1;0;0;0;0;0;0;0;0;0;1;1;8;0;0;0;0;3;0;2;0;0;0;0;3;0;0;0;0;0;0;0;0;0;0;2;37;10;37;14;2;3;1;0;28;1;0;1;1;0;0;0;0;1;0;1;2;0;1;21;7;3;3;1;0;5;0;1;0;0;0;1;1;0;0;0;0;0;1;0;0;0;1;0;36;3;0;0;0;0;0;1;0;0;0;0;0;0;0;0;0;0;0;0;0;0;0;0;1;0;0;0;1;0;0;1;0;0;0;0;0;0;0;0;0;0;0;1;0;0;0;0;1;1;0;0;0;0;0;0
3;"Gminny Ośrodek Kultury im. Ryszarda Kapuścińskiego, Pawłów ul. Lubelska 23 a, 22-170 Rejowiec Fabryczny";60308;"gm. Rejowiec Fabryczny";"chełmski";"lubelskie";1;1;0;2;0;0;1;0;1;1;0;1;0;0;0;0;1;0;0;0;1;0;0;4;0;0;9;2;4;0;12;3;0;0;1;1;1;1;0;1;0;0;0;0;1;2;0;0;0;1;4;4;0;2;1;1;0;0;0;0;0;1;2;0;0;0;1;1;0;0;0;0;0;0;55;14;27;23;3;2;4;1;73;2;2;0;2;0;0;0;0;0;0;1;0;0;3;23;12;1;3;0;0;0;0;0;2;0;0;1;0;0;2;0;0;1;0;1;0;0;0;1;55;5;1;0;0;1;0;2;0;0;0;0;1;0;0;0;0;0;0;0;0;0;1;0;0;2;0;0;0;0;0;0;0;0;0;0;1;0;0;0;1;0;0;1;0;0;0;0;0;0;0;0;0;0;1;0
4;"Budynek wielofunkcyjny w Lisznie, Liszno 57, 22-170 Rejowiec Fabryczny";60308;"gm. Rejowiec Fabryczny";"chełmski";"lubelskie";1;1;3;2;2;2;0;0;0;1;0;1;0;0;0;1;0;1;0;0;2;1;0;1;0;0;14;2;1;0;14;5;4;0;0;0;1;1;0;0;0;0;0;0;0;0;0;0;1;0;12;0;7;1;1;0;0;1;0;0;0;0;2;0;0;0;0;1;0;0;0;1;0;0;83;13;73;27;0;9;0;0;152;4;3;0;3;1;2;3;0;0;0;0;0;0;3;41;18;6;5;0;3;4;2;3;3;1;0;0;0;1;0;1;0;2;1;1;0;0;1;2;44;2;0;0;0;0;1;0;0;0;0;0;2;0;2;1;0;0;0;0;0;0;0;0;6;3;2;0;1;0;0;0;0;0;0;1;0;1;0;0;0;0;0;0;0;0;0;0;0;0;0;0;0;0;0;0
5;"Budynek Wielofunkcyjny, Wólka Kańska 113, 22-170 Rejowiec Fabryczny";60308;"gm. Rejowiec Fabryczny";"chełmski";"lubelskie";1;1;1;0;0;0;0;0;0;1;0;0;0;0;0;0;0;0;0;0;1;0;0;0;0;0;1;0;1;0;3;0;0;0;1;0;0;0;0;0;0;0;0;0;0;0;0;0;0;1;3;0;1;1;0;1;1;0;1;1;0;0;0;0;0;0;0;0;0;0;0;0;0;0;22;3;31;7;1;3;1;0;33;0;1;0;0;0;0;2;0;1;0;0;0;0;1;6;4;0;0;0;0;0;0;0;0;0;0;0;0;0;2;0;0;0;0;1;0;0;1;1;7;0;1;0;0;0;0;0;0;1;0;0;0;0;0;0;0;0;0;0;0;0;0;0;1;0;0;0;0;0;0;0;0;0;0;0;0;0;0;0;0;0;0;0;0;0;0;0;0;0;0;0;0;0;0;0
1;"Gminny Ośrodek Kultury w Rudzie-Hucie, Ruda-Kolonia 28a, 22-110 Ruda-Huta";60309;"gm. Ruda-Huta";"chełmski";"lubelskie";1;1;1;0;0;0;0;1;0;0;1;1;2;0;0;0;0;0;0;0;0;0;0;0;2;1;12;5;16;1;3;1;1;0;0;0;0;1;0;0;0;0;0;0;1;0;0;0;2;2;13;0;0;3;1;2;1;0;0;0;0;0;1;0;0;0;1;0;0;0;0;0;0;0;62;3;7;7;0;5;3;0;9;1;0;0;0;0;1;0;1;0;1;0;0;0;3;43;15;1;3;0;3;0;1;1;1;1;0;0;2;0;0;0;0;0;1;0;0;0;0;2;40;1;0;0;2;0;0;0;0;0;0;0;0;0;0;0;0;0;0;0;0;0;0;0;4;1;3;0;0;0;0;0;1;0;0;0;0;0;0;0;0;0;0;0;0;0;0;0;0;0;0;0;0;0;0;0
2;"Szkoła Podstawowa w Rudzie-Hucie, ul. Stanisława Wójtowicza 9, 22-110 Ruda-Huta";60309;"gm. Ruda-Huta";"chełmski";"lubelskie";1;1;6;2;1;1;0;0;0;1;0;1;2;0;0;0;0;1;0;0;0;0;0;0;4;1;26;7;44;3;18;8;0;4;0;2;1;1;2;1;2;1;1;1;1;1;0;1;13;2;14;5;0;3;0;2;1;1;0;1;2;0;1;0;0;0;2;1;0;0;1;2;0;0;195;18;33;26;6;7;17;3;41;2;3;0;1;0;1;2;4;0;0;5;0;1;5;135;34;4;12;1;3;4;1;2;1;0;1;1;2;1;0;2;0;0;2;0;3;0;3;2;152;8;0;0;2;1;0;0;0;0;0;0;0;1;0;0;0;0;1;0;0;0;0;0;9;6;2;0;5;0;1;1;2;1;0;0;0;0;0;0;0;0;1;4;1;0;0;0;0;0;1;0;0;0;0;1
3;"Świetlica, Leśniczówka 20B, 22-110 Ruda-Huta";60309;"gm. Ruda-Huta";"chełmski";"lubelskie";1;1;0;0;0;0;0;0;0;1;0;0;1;0;0;0;0;0;1;0;0;0;0;0;0;0;8;6;7;0;8;4;0;0;0;0;0;1;0;0;1;0;0;2;0;0;0;0;1;1;16;6;1;1;0;0;0;1;0;0;0;0;0;0;0;0;0;1;0;0;0;0;0;0;83;2;3;6;4;0;2;1;18;2;2;0;0;3;0;1;0;0;0;2;0;0;3;26;21;3;2;0;1;1;0;3;2;0;0;1;1;3;2;0;0;1;2;0;2;0;0;2;41;3;0;0;0;0;1;0;0;0;0;0;0;0;0;0;0;0;0;0;0;0;0;0;4;3;0;0;0;0;1;0;0;0;1;0;0;0;0;0;1;0;0;1;0;0;0;0;0;0;0;0;0;0;0;0
4;"Świetlica Wiejska, Żalin 76A, 22-110 Ruda-Huta";60309;"gm. Ruda-Huta";"chełmski";"lubelskie";1;1;1;1;1;0;0;0;0;0;0;0;0;0;0;0;0;0;0;0;0;0;0;0;2;0;10;1;4;0;4;1;2;0;3;0;1;1;0;0;0;0;0;0;1;0;0;1;0;0;6;1;1;1;0;0;0;0;0;0;0;0;0;0;0;0;0;0;0;0;0;0;0;0;36;1;8;11;3;0;1;0;21;1;1;0;0;0;2;1;0;0;0;1;0;0;0;38;7;1;5;0;0;1;3;3;1;0;0;1;0;0;0;0;0;0;0;0;1;0;0;0;18;0;1;0;0;1;0;0;0;1;0;0;0;0;0;0;0;0;0;0;0;0;0;1;1;0;0;0;0;0;0;0;0;0;0;0;0;0;0;0;2;1;0;0;0;0;0;0;0;0;0;0;0;0;0;1
5;"Centrum Kultury, Rudka 58, 22-110 Ruda-Huta";60309;"gm. Ruda-Huta";"chełmski";"lubelskie";1;1;1;0;0;0;0;0;0;0;0;1;0;0;0;0;0;0;0;0;0;0;0;0;0;0;12;2;3;0;1;0;1;0;3;0;1;0;0;1;0;0;0;0;0;0;0;0;3;2;3;0;0;0;0;0;0;0;0;0;0;0;0;0;0;0;0;0;0;0;0;0;0;0;17;1;7;0;0;2;4;0;11;0;0;0;1;0;1;0;0;0;0;1;0;0;0;11;5;1;0;0;0;0;0;1;1;0;0;0;0;0;0;0;0;0;0;0;0;0;0;0;28;0;0;0;0;0;0;0;0;0;0;0;0;0;0;0;0;0;0;1;0;0;0;0;0;0;0;0;0;0;0;0;0;0;0;0;0;0;0;0;0;0;0;0;0;0;0;0;0;0;0;0;0;0;0;0
1;"Świetlica, Chutcze 36, 22-107 Sawin";60310;"gm. Sawin";"chełmski";"lubelskie";1;1;0;0;0;1;0;0;0;0;1;0;0;0;0;0;0;0;0;0;0;0;0;0;0;0;1;0;2;1;1;0;2;0;0;0;0;0;1;0;0;0;0;0;0;0;0;0;0;0;3;0;1;0;0;0;0;0;0;3;0;0;0;0;0;0;0;2;0;0;0;0;0;0;24;4;10;2;0;3;5;0;11;0;1;0;0;0;0;0;0;0;1;0;0;0;0;18;7;2;0;0;3;0;0;0;0;0;0;0;0;0;0;0;1;0;0;0;1;0;0;2;18;2;0;0;0;1;0;0;0;1;0;0;0;0;1;0;0;0;0;0;0;0;0;0;6;0;0;0;0;0;0;0;0;0;0;1;0;0;0;0;0;0;0;0;0;0;0;0;0;0;0;0;0;0;0;0
2;"Świetlica, Łowcza-Kolonia 39, 22-107 Sawin";60310;"gm. Sawin";"chełmski";"lubelskie";1;1;1;0;1;1;3;0;0;0;1;0;0;0;0;0;2;0;0;0;0;2;0;0;4;2;4;6;9;3;7;1;1;0;0;1;1;1;0;0;1;0;0;0;1;1;0;1;3;2;11;0;0;1;0;0;0;2;0;0;1;1;0;0;0;0;0;0;0;0;1;0;0;0;60;20;21;13;2;1;28;0;10;3;4;0;1;4;0;2;1;0;0;0;0;0;2;29;8;3;3;1;0;1;0;0;0;1;1;0;1;1;0;0;0;0;1;0;0;0;0;3;27;1;0;0;0;0;1;0;1;0;0;1;0;0;0;0;0;0;0;0;0;1;0;0;2;0;1;0;0;3;0;0;0;0;0;1;0;0;0;0;1;0;0;0;0;0;0;0;0;0;0;0;0;0;0;0
3;"Szkoła Podstawowa w Bukowie Wielkiej, Bukowa Wielka 34, 22-107 Sawin";60310;"gm. Sawin";"chełmski";"lubelskie";1;1;0;1;0;0;3;0;0;0;1;0;1;0;0;0;0;0;0;0;0;0;0;2;0;1;11;2;3;0;7;1;6;0;0;1;1;0;0;1;0;1;0;1;0;0;0;0;6;3;6;2;0;2;0;2;0;0;0;0;0;0;0;0;0;0;0;0;1;0;0;0;0;0;57;10;7;2;2;1;10;1;21;4;1;0;3;0;3;1;0;0;0;0;1;0;1;41;19;1;11;1;2;2;0;0;0;0;1;0;0;0;0;0;0;1;0;1;0;0;0;0;44;0;0;1;0;0;0;0;0;0;0;0;0;0;0;0;0;1;0;0;0;0;0;0;0;3;0;0;0;0;0;0;0;0;0;0;0;0;0;0;0;0;0;0;0;0;0;0;0;0;1;1;0;0;0;0
4;"Świetlica, Łukówek 50, 22-107 Sawin";60310;"gm. Sawin";"chełmski";"lubelskie";1;1;1;0;0;0;0;0;0;0;1;0;0;0;0;0;0;1;0;0;0;0;0;0;0;0;4;0;1;0;0;0;0;0;0;1;0;0;0;1;0;0;0;0;0;0;0;0;6;0;0;2;0;1;0;0;0;0;0;0;0;0;0;0;0;0;0;0;0;0;0;0;1;0;21;5;2;8;0;1;6;0;6;0;1;0;0;0;0;0;0;0;0;1;0;0;1;16;4;0;3;0;0;1;1;0;0;0;0;0;0;0;0;0;0;0;0;0;0;0;0;0;25;0;0;0;0;0;0;0;0;0;0;1;0;0;0;0;0;0;2;0;0;0;0;0;0;0;0;0;1;0;0;0;1;0;0;0;0;0;0;0;0;0;0;0;0;0;0;0;0;0;0;0;0;0;0;0
5;"Szkoła Podstawowa w Czułczycach, Czułczyce 71, 22-107 Sawin";60310;"gm. Sawin";"chełmski";"lubelskie";1;1;0;5;0;0;2;0;0;0;0;1;0;1;0;2;0;0;0;1;0;0;0;1;2;1;11;2;2;0;12;7;1;0;1;1;1;1;1;1;0;0;1;0;1;1;0;0;1;1;7;9;1;1;0;3;1;1;1;0;0;0;0;0;0;0;0;1;0;0;0;0;0;2;177;4;9;7;2;3;2;0;36;7;2;1;0;0;3;0;0;0;0;0;0;0;0;62;27;3;9;0;2;4;4;0;1;0;0;1;3;4;1;1;0;0;2;0;1;0;0;0;76;1;1;1;1;1;0;1;0;0;0;0;0;0;0;0;0;0;0;1;0;0;0;0;2;2;0;1;0;0;0;0;0;0;0;1;0;0;0;0;1;0;0;0;0;0;0;0;0;0;0;0;0;0;0;0
6;"Lokal Urzędu Gminy, ul. Chutecka 12, 22-107 Sawin";60310;"gm. Sawin";"chełmski";"lubelskie";1;1;4;1;0;0;0;0;1;2;2;0;0;0;0;0;1;0;0;1;0;0;0;3;0;0;34;13;13;3;37;13;2;0;0;5;3;0;3;1;2;0;0;1;4;1;1;0;0;4;24;14;4;5;1;3;3;0;1;0;1;0;3;0;0;0;0;0;0;0;6;0;0;2;145;60;28;19;6;1;22;3;42;1;4;4;1;1;2;3;0;0;0;0;0;2;0;142;34;10;10;0;3;3;2;1;2;0;1;0;0;2;3;0;0;2;0;1;0;1;0;4;191;3;1;0;1;2;0;0;1;0;0;1;0;0;0;0;0;4;0;0;0;0;0;0;10;40;0;0;0;2;0;1;0;0;1;0;0;1;0;2;0;0;0;2;0;0;0;0;1;1;0;0;1;2;0;0
1;"Świetlica Chojno Nowe Drugie, Chojno Nowe Drugie 45, 22-130 Siedliszcze";60311;"gm. Siedliszcze";"chełmski";"lubelskie";1;1;0;1;0;0;1;0;0;1;0;0;1;0;0;0;1;0;0;0;0;0;0;0;0;0;11;2;2;3;2;0;1;0;0;0;1;2;0;0;0;0;0;0;1;1;1;0;1;0;3;0;0;2;1;2;0;0;0;0;1;0;0;0;0;0;0;0;0;0;0;1;1;0;61;18;11;11;5;6;2;0;55;0;3;1;3;1;1;2;5;0;0;2;1;0;1;51;6;1;0;0;0;0;0;2;0;0;0;0;0;0;0;0;0;0;1;0;0;0;1;2;20;2;0;1;0;1;0;1;0;0;0;0;0;0;0;1;0;0;0;0;1;0;0;0;1;0;0;1;0;0;0;2;0;0;0;0;0;0;0;0;1;0;0;1;0;0;0;0;0;0;0;0;0;0;1;0
2;"Świetlica, Chojeniec-Kolonia 26, 22-130 Siedliszcze";60311;"gm. Siedliszcze";"chełmski";"lubelskie";1;1;0;0;0;0;0;0;0;0;0;0;0;0;0;0;0;2;0;0;1;0;0;0;0;0;7;2;4;2;4;1;1;0;1;0;1;0;0;0;0;0;0;0;0;0;0;0;0;1;1;0;0;1;0;0;0;0;1;0;0;0;1;0;0;0;0;0;0;0;0;0;0;0;32;2;10;4;3;4;1;0;15;2;2;0;0;2;0;0;0;1;0;2;0;0;0;45;2;1;6;1;0;1;0;0;1;0;0;0;0;3;0;0;0;0;1;0;0;0;0;0;17;0;1;0;0;0;0;1;0;0;0;0;0;0;0;0;0;0;0;0;0;0;0;0;0;1;0;0;0;1;0;0;0;0;0;0;1;0;0;0;0;0;0;1;0;0;1;0;0;1;0;0;0;0;0;1
3;"Świetlica, Anusin 24, 22-130 Siedliszcze";60311;"gm. Siedliszcze";"chełmski";"lubelskie";1;1;0;0;0;1;0;0;0;0;0;0;0;0;0;0;1;0;1;0;1;1;0;0;0;0;10;4;1;1;9;0;0;1;0;0;1;0;0;0;0;0;0;0;0;0;0;0;0;0;5;0;1;0;1;0;0;0;0;0;0;0;1;0;0;0;0;0;0;0;0;0;0;0;56;3;16;5;1;1;3;1;52;1;1;1;0;0;2;0;0;0;0;0;0;0;1;26;7;2;2;0;0;2;2;0;3;0;0;0;1;0;0;0;0;0;0;0;0;0;0;0;28;1;0;0;0;0;0;1;0;0;0;0;0;0;0;0;0;0;0;0;0;0;0;0;0;1;0;1;0;0;0;2;0;0;0;0;0;0;0;0;0;1;0;1;0;0;0;0;0;0;0;0;0;1;0;0
4;"Świetlica, Wola Korybutowa-Kolonia 27B, 22-130 Siedliszcze";60311;"gm. Siedliszcze";"chełmski";"lubelskie";1;1;4;0;0;0;1;0;0;0;0;0;1;0;1;0;2;0;0;0;1;0;0;2;0;0;9;0;5;1;4;0;3;2;0;0;0;1;2;0;0;0;0;0;2;0;1;0;0;1;3;0;0;3;0;0;0;0;0;0;0;1;0;0;0;0;0;1;0;0;0;0;0;0;39;8;16;13;0;1;4;2;17;1;1;0;3;0;2;2;4;0;0;0;2;0;1;59;20;3;5;1;0;0;1;1;0;0;0;1;0;2;1;0;0;0;1;0;0;0;2;0;37;3;1;0;0;0;0;0;0;0;0;0;0;0;0;0;1;1;0;0;0;0;0;0;5;1;2;1;3;0;0;1;0;0;0;0;0;0;0;1;1;0;0;0;0;0;1;0;0;0;0;0;0;0;0;0
5;"Warsztat Terapii Zajęciowej, Majdan Zahorodyński 1/1, 22-130 Siedliszcze";60311;"gm. Siedliszcze";"chełmski";"lubelskie";1;1;0;0;1;0;0;0;0;1;0;0;0;0;0;0;0;0;0;0;0;0;0;0;0;1;2;0;1;0;0;0;0;0;0;0;0;1;0;0;0;0;1;0;2;0;0;0;0;0;4;0;0;0;1;0;0;0;0;0;0;0;0;0;0;0;0;0;0;0;1;0;0;0;31;5;7;4;1;2;0;0;8;0;0;0;0;1;0;1;0;0;0;0;0;0;0;36;10;1;1;0;0;0;1;1;0;0;0;1;0;1;0;0;0;0;0;0;2;0;0;1;11;0;0;0;0;0;0;0;0;0;0;0;0;0;0;0;0;1;1;0;0;0;0;0;0;2;0;1;0;0;0;0;0;0;0;0;0;0;0;0;0;0;0;0;0;0;0;0;0;0;0;0;0;0;0;0
6;"Świetlica, Kulik 65, 22-130 Siedliszcze";60311;"gm. Siedliszcze";"chełmski";"lubelskie";1;1;1;0;0;0;0;0;0;0;0;1;0;0;0;0;0;0;1;0;1;0;0;0;1;1;2;1;1;2;7;4;0;0;0;0;1;0;0;0;0;0;0;0;1;0;0;0;2;0;3;1;0;0;1;0;0;0;0;1;0;0;1;0;0;0;0;0;0;0;0;1;0;0;52;5;10;5;2;2;1;1;21;1;0;0;0;0;1;1;0;0;0;0;0;0;0;39;10;1;1;0;0;2;0;0;0;0;0;0;0;2;0;0;1;0;0;0;0;0;0;1;20;1;0;0;0;0;0;1;0;1;0;0;0;0;0;0;0;0;0;0;0;0;0;0;3;1;0;0;0;0;0;0;0;0;0;1;0;0;0;1;1;0;0;1;0;0;0;0;0;0;0;0;0;0;0;0
7;"Świetlica, Mogilnica 49/4, 22-130 Siedliszcze";60311;"gm. Siedliszcze";"chełmski";"lubelskie";1;1;2;2;0;0;0;0;0;0;0;1;3;0;0;0;0;0;0;0;0;0;0;0;0;0;1;0;1;1;10;1;1;0;0;0;0;0;2;1;0;0;0;1;0;0;1;0;0;2;8;0;0;1;0;1;0;0;0;0;1;0;2;0;0;0;0;1;0;0;0;0;0;1;40;5;8;5;3;2;1;1;18;0;1;0;0;0;1;0;0;0;0;0;0;0;1;27;5;1;1;0;1;2;2;0;0;1;0;1;0;0;0;0;0;0;0;0;1;0;0;0;28;1;0;1;0;1;0;0;0;0;0;0;0;0;0;2;0;0;0;1;0;0;0;0;2;0;1;0;0;0;0;0;0;0;0;0;0;0;0;0;0;0;0;0;0;0;0;0;0;0;0;0;0;0;0;0
8;"Budynek po Szkole Podstawowej, Bezek 59, 22-130 Siedliszcze";60311;"gm. Siedliszcze";"chełmski";"lubelskie";1;1;3;0;0;0;2;0;0;1;0;1;0;0;0;0;1;0;0;1;0;0;0;0;0;1;10;2;3;1;7;5;0;0;0;1;0;0;0;0;0;1;0;0;2;1;0;0;1;0;11;4;3;1;0;0;0;0;0;1;0;2;1;0;0;0;0;0;1;0;0;0;0;0;64;7;10;14;2;1;4;1;14;2;0;0;0;0;0;1;1;1;1;1;1;0;3;80;15;1;4;0;0;3;3;1;1;0;0;0;0;3;0;0;0;0;4;0;1;0;0;3;55;1;0;1;0;2;0;0;0;0;0;0;0;0;0;2;0;0;0;0;0;0;0;0;0;8;0;0;0;0;2;0;0;0;0;0;0;0;0;0;0;0;0;1;0;1;0;0;0;0;0;0;0;0;0;0
9;"Dom Kultury w Siedliszczu, ul. Aleksandra Bałasza 10, 22-130 Siedliszcze";60311;"gm. Siedliszcze";"chełmski";"lubelskie";1;1;5;0;0;0;1;0;1;0;0;3;0;0;0;1;0;0;1;1;0;0;0;0;0;1;13;2;3;6;30;6;4;1;0;5;1;0;1;1;1;0;0;2;4;0;0;0;2;6;26;2;0;1;0;1;0;3;2;0;0;0;1;1;0;1;0;2;1;0;0;0;0;1;167;22;16;10;4;11;7;2;76;5;1;0;1;0;0;0;3;0;0;1;2;0;2;117;39;2;7;0;1;8;1;4;3;0;1;2;0;2;0;1;0;2;0;0;3;0;1;2;172;9;1;1;0;1;4;1;0;0;0;0;0;0;0;0;0;2;0;1;0;0;0;2;6;10;1;2;0;0;0;0;0;1;0;2;0;0;0;3;3;0;1;1;0;1;0;0;1;1;0;0;0;0;0;0
1;"Centrum Aktywności Lokalnej w Ochoży, Ochoża 50, 22-150 Wierzbica";60312;"gm. Wierzbica";"chełmski";"lubelskie";1;1;3;2;0;0;0;0;0;0;0;0;0;0;0;0;0;0;0;0;0;0;1;0;2;0;0;1;0;0;1;2;0;0;0;0;0;0;0;0;0;0;0;0;0;0;0;0;0;0;5;1;0;0;0;0;0;0;2;0;0;0;0;0;0;0;0;0;0;0;0;0;1;0;17;4;5;3;0;1;0;0;3;2;0;0;0;0;0;0;1;0;0;0;0;0;3;22;4;2;2;0;0;1;1;0;0;0;0;0;1;0;1;0;0;0;0;0;0;0;0;0;17;0;0;0;1;0;0;1;0;0;0;0;0;0;0;0;0;0;0;0;0;0;0;0;0;0;0;0;0;0;0;0;0;0;0;0;1;0;0;0;0;0;0;0;0;0;0;0;0;0;0;3;0;0;0;0
2;"Wiejski Dom Kultury w Olchowcu, Olchowiec 39a, 22-150 Wierzbica";60312;"gm. Wierzbica";"chełmski";"lubelskie";1;1;1;1;0;0;1;0;0;0;0;0;0;0;0;1;0;0;0;0;0;0;0;0;0;0;4;0;0;0;1;0;0;0;0;0;0;1;0;0;1;0;0;0;0;0;0;0;1;0;3;1;0;0;0;0;0;1;0;0;0;0;0;0;0;0;0;0;0;0;0;0;0;0;32;4;7;11;1;0;2;0;8;1;0;0;0;0;1;0;0;0;0;0;0;0;0;52;9;0;1;1;1;1;0;0;0;0;0;3;0;0;0;0;0;0;0;0;0;0;0;1;17;0;1;0;0;0;1;0;0;0;0;0;0;0;0;0;0;0;0;0;0;0;0;0;0;3;1;0;1;0;1;0;0;0;0;1;0;0;0;0;0;1;0;0;0;0;0;0;0;0;0;0;0;0;0;1
3;"Wiejski Dom Kultury w Syczynie, Syczyn 62, 22-150 Wierzbica";60312;"gm. Wierzbica";"chełmski";"lubelskie";1;1;0;1;0;0;0;0;0;0;0;0;0;0;0;0;1;0;0;0;0;0;0;0;0;0;3;3;0;0;1;0;0;0;0;0;0;0;0;0;0;0;0;0;0;0;0;0;0;0;0;0;0;0;0;0;0;0;0;0;0;0;0;0;0;0;1;0;0;0;0;0;0;0;56;10;19;5;1;0;0;0;14;0;0;0;0;0;0;1;1;0;0;0;2;0;3;29;2;0;0;0;0;0;0;1;0;0;0;0;0;0;0;0;0;0;2;0;0;0;0;2;25;0;0;0;0;0;0;0;0;0;0;0;0;0;0;0;0;0;0;0;0;0;0;0;0;1;0;0;0;0;0;1;0;0;0;0;0;0;0;0;0;0;0;0;0;0;0;0;0;0;0;0;0;0;0;0
4;"Urząd Gminy Wierzbica, Wierzbica-Osiedle ul. Włodawska 1, 22-150 Wierzbica";60312;"gm. Wierzbica";"chełmski";"lubelskie";1;1;1;0;0;0;0;0;0;1;0;0;0;0;0;1;0;0;0;0;0;0;0;0;0;0;2;4;2;0;9;1;1;0;0;0;0;0;1;0;1;0;0;0;1;0;0;0;3;0;10;1;0;0;0;1;0;0;0;0;2;0;1;1;0;0;0;0;0;0;0;0;0;0;97;31;19;14;0;2;6;0;48;1;1;0;0;0;0;2;1;0;0;2;3;0;2;99;18;3;4;1;0;1;0;2;0;0;0;0;0;1;1;1;0;0;2;0;0;0;1;3;146;0;0;0;1;0;0;0;0;0;1;0;0;0;0;0;0;0;0;2;0;1;0;2;2;18;1;0;0;1;0;0;0;0;0;1;0;0;0;6;1;1;0;3;0;0;0;0;0;0;1;0;0;0;0;0
5;"Wiejski Dom Kultury w Chylinie, Chylin 31a, 22-150 Wierzbica";60312;"gm. Wierzbica";"chełmski";"lubelskie";1;1;0;1;0;0;0;1;0;0;0;1;0;0;0;0;0;0;0;0;0;0;0;0;0;0;4;1;1;2;3;1;1;0;0;1;0;0;0;0;0;0;0;0;0;0;0;0;1;1;2;0;2;0;0;0;0;0;0;0;0;0;0;0;0;1;0;0;0;0;0;0;1;0;25;8;7;3;2;3;3;0;13;0;0;1;1;0;0;0;0;0;0;0;0;0;0;28;1;1;0;0;0;0;0;0;0;0;0;0;0;0;0;0;0;0;0;0;0;0;0;0;20;0;0;0;0;0;0;0;0;0;0;0;0;0;0;0;0;0;0;0;0;1;0;0;0;4;1;0;0;0;0;0;0;0;0;0;0;0;0;0;0;1;0;1;0;0;0;0;0;0;0;0;0;0;0;0
6;"Budynek po byłej szkole w Wólce Tarnowskiej, Wólka Tarnowska 61, 22-150 Wierzbica";60312;"gm. Wierzbica";"chełmski";"lubelskie";1;1;0;0;0;0;0;0;0;1;0;1;0;0;0;1;0;0;0;0;0;0;0;1;0;0;0;2;1;1;3;0;0;0;0;1;1;0;0;0;1;0;0;1;0;0;0;0;0;2;6;1;0;1;0;2;0;0;0;0;0;0;2;0;0;0;0;0;0;0;0;0;0;0;53;21;15;8;0;0;3;0;27;2;0;1;0;0;1;1;0;0;0;0;2;0;5;28;8;1;2;0;0;0;0;0;1;0;1;0;0;0;0;0;0;0;1;0;1;0;0;2;46;0;0;0;0;0;0;0;0;0;0;0;0;0;0;0;0;0;0;0;0;1;0;0;2;1;0;1;0;0;0;0;0;0;0;1;1;0;0;2;0;0;0;0;0;0;0;0;0;0;0;0;0;0;0;0
7;"Szkoła Podstawowa w Święcicy, Święcica 58, 22-150 Wierzbica";60312;"gm. Wierzbica";"chełmski";"lubelskie";1;1;1;1;0;0;0;0;0;0;0;0;0;0;0;0;0;0;0;0;0;0;0;1;0;0;3;0;0;0;1;0;0;0;0;0;0;0;0;0;0;0;0;0;0;1;0;0;0;1;1;1;0;0;0;0;0;0;0;0;0;0;0;0;0;0;0;0;0;0;0;0;0;1;38;4;11;1;0;5;0;0;6;0;2;0;0;0;1;1;0;0;0;0;0;0;1;32;7;1;2;0;0;0;1;0;0;0;0;0;0;0;0;0;0;1;1;0;0;0;0;0;11;1;0;0;0;0;0;0;0;1;0;0;0;0;0;0;0;0;0;1;0;0;0;0;3;1;0;0;5;0;0;0;0;0;0;0;0;0;0;1;0;0;0;3;0;0;0;0;0;0;0;0;0;0;0;1
8;"Wiejski Dom Kultury, Busówno 19, 22-150 Wierzbica";60312;"gm. Wierzbica";"chełmski";"lubelskie";1;1;0;0;0;0;0;0;0;0;0;0;0;0;0;0;0;0;0;0;0;0;0;1;0;0;2;3;1;2;0;2;0;0;0;0;0;0;0;0;0;0;0;0;0;0;0;0;0;0;1;0;0;0;0;0;0;1;0;0;0;0;0;0;0;0;0;0;0;0;0;0;1;0;36;7;15;9;1;0;2;0;22;0;1;0;1;0;1;0;1;0;0;0;0;1;0;26;5;2;2;0;0;1;0;0;0;0;0;0;2;0;1;1;0;0;0;0;0;0;0;0;14;0;0;0;0;0;0;1;0;0;0;0;0;0;0;0;0;0;0;0;0;0;0;0;1;0;1;0;0;1;0;0;1;0;0;0;0;0;0;0;0;0;0;0;0;0;0;0;1;0;0;0;0;0;0;0
9;"Wiejski Dom Kultury, Pniówno 11, 22-150 Wierzbica";60312;"gm. Wierzbica";"chełmski";"lubelskie";1;1;1;1;0;0;0;0;0;0;0;0;0;0;0;0;1;0;0;0;0;0;0;0;0;0;2;1;4;1;1;2;1;0;3;0;0;0;0;0;0;0;0;0;0;0;1;0;0;0;0;0;0;0;1;0;0;1;0;0;0;0;0;1;0;0;0;0;0;0;0;0;0;0;39;2;5;4;2;2;1;0;11;0;0;0;1;0;0;0;0;0;0;0;1;0;1;31;7;3;2;0;1;3;1;2;0;0;0;0;0;0;0;0;0;0;1;0;1;0;0;0;33;0;0;0;0;0;0;0;0;0;0;0;0;0;0;0;0;0;0;0;0;0;0;0;0;3;1;1;1;0;0;0;0;0;0;0;0;0;0;0;0;0;0;0;0;0;0;0;1;0;0;0;0;0;0;0
10;"Wiejski Dom Kultury w Wierzbicy, Wierzbica 53, 22-150 Wierzbica";60312;"gm. Wierzbica";"chełmski";"lubelskie";1;1;1;0;0;0;0;0;0;1;2;2;0;0;0;0;0;0;0;0;0;0;0;0;0;0;5;1;1;1;4;5;0;0;0;0;1;0;0;0;2;0;0;0;1;0;0;1;1;2;5;2;1;0;0;0;0;0;0;0;0;0;1;0;0;0;0;1;0;0;0;0;0;0;42;11;22;4;2;0;5;0;13;1;2;0;0;0;0;1;0;0;0;0;2;0;1;65;8;2;6;1;0;2;2;0;0;0;0;0;0;0;1;0;0;1;2;0;0;0;0;0;55;1;0;0;0;0;1;0;0;0;0;0;0;0;0;0;0;0;0;0;0;0;0;1;2;10;0;0;0;0;0;0;0;0;0;0;0;0;0;8;2;0;0;1;0;0;0;0;0;0;0;0;0;2;0;0
1;"Remiza OSP, Turowiec 35, 22-120 Wojsławice";60313;"gm. Wojsławice";"chełmski";"lubelskie";1;1;0;0;0;0;0;0;0;2;0;0;0;0;0;0;0;0;0;0;0;0;0;0;0;0;4;0;0;1;0;0;0;0;1;0;0;0;0;0;0;0;0;0;0;0;0;0;1;2;0;0;0;0;0;0;0;0;0;0;0;0;0;0;0;0;1;0;0;0;0;0;0;0;27;9;10;7;3;0;3;1;4;0;4;0;0;4;5;2;0;0;0;3;0;0;1;69;3;2;3;0;0;11;0;0;0;0;0;0;0;0;1;0;0;0;0;0;0;0;0;0;15;2;0;0;0;0;0;0;0;1;0;0;0;0;0;0;0;1;0;0;0;0;0;0;3;0;0;0;0;0;0;0;0;0;0;0;0;0;0;0;1;1;0;0;0;0;0;0;0;0;0;0;0;0;0;0
2;"Remizo-świetlica, Nowy Majdan 70, 22-120 Wojsławice";60313;"gm. Wojsławice";"chełmski";"lubelskie";1;1;0;1;0;0;0;0;0;1;0;0;0;0;0;0;0;0;0;0;0;0;0;0;0;0;2;1;2;0;1;0;0;0;1;0;0;0;0;1;0;0;0;0;1;0;0;0;0;0;4;2;0;0;0;0;0;1;0;0;0;0;0;0;0;0;0;0;0;0;0;0;0;0;35;16;15;14;3;2;0;0;5;1;4;0;0;0;0;1;2;0;0;0;0;0;1;61;2;0;5;3;0;8;0;0;0;0;0;0;1;0;1;0;0;0;1;0;0;0;0;0;32;0;0;0;0;0;0;0;0;0;0;0;0;0;0;0;0;0;0;0;0;0;0;0;1;0;0;0;0;0;0;0;0;0;0;1;0;0;0;0;0;0;0;0;0;0;0;0;1;1;0;0;0;0;0;0
3;"Dom Kultury, ul. Uchańska 9, 22-120 Wojsławice";60313;"gm. Wojsławice";"chełmski";"lubelskie";1;1;0;0;1;1;0;0;0;21;0;1;0;0;0;0;0;0;0;0;0;0;0;0;0;0;14;7;3;1;7;0;1;1;2;3;2;4;1;0;1;0;0;1;0;0;0;0;1;0;11;3;3;2;1;3;0;1;0;0;0;0;0;0;0;0;0;0;0;0;0;1;0;0;89;21;41;32;3;0;13;1;13;0;9;0;0;2;1;1;0;3;0;6;0;0;3;187;6;3;9;1;0;40;1;0;1;0;0;0;0;0;1;0;0;1;1;0;0;0;0;0;107;5;0;1;1;2;1;1;0;1;0;0;0;0;0;0;0;1;0;0;0;0;0;0;4;3;1;0;0;1;0;0;0;0;0;5;0;0;1;0;1;0;1;0;0;0;0;0;0;1;0;0;0;0;0;0
4;"Remiza OSP, Stary Majdan 40, 22-120 Wojsławice";60313;"gm. Wojsławice";"chełmski";"lubelskie";1;1;0;0;0;1;0;0;0;0;0;0;0;0;0;0;0;0;0;0;0;0;0;0;1;0;2;2;2;0;2;1;0;0;0;0;0;0;0;0;0;0;0;1;0;0;0;0;0;1;1;0;0;0;0;0;0;0;0;0;0;0;1;0;0;0;0;0;0;0;0;0;0;0;16;9;15;4;0;2;2;0;4;3;1;0;0;0;0;0;0;0;0;3;0;0;1;20;3;0;2;0;0;7;0;3;0;0;0;1;0;0;0;0;0;0;1;0;0;0;0;0;27;1;0;0;0;0;0;0;0;0;0;0;0;0;0;0;0;0;0;0;0;0;0;0;0;1;0;0;0;0;0;0;0;0;0;2;0;0;0;0;0;0;0;1;0;0;0;0;2;0;0;0;0;0;0;0
5;"Ośrodek Trzech Kultur, Majdan Ostrowski 100, 22-120 Wojsławice";60313;"gm. Wojsławice";"chełmski";"lubelskie";1;1;1;1;0;0;0;0;0;0;0;0;0;0;0;0;0;0;0;0;0;0;0;0;0;1;5;0;5;2;2;0;0;0;1;1;0;0;0;0;0;0;0;0;0;0;0;0;0;0;2;2;0;0;0;1;2;0;0;0;0;0;0;2;0;0;0;0;0;0;0;0;0;0;54;21;10;10;0;0;2;0;9;0;1;0;2;1;0;0;1;0;0;0;2;0;2;49;1;0;3;0;0;41;0;0;0;0;0;0;0;0;0;1;1;1;1;0;0;0;1;0;28;2;0;0;0;1;1;1;0;0;0;0;0;1;0;0;0;0;0;0;0;0;1;0;2;1;0;0;0;0;0;0;0;0;0;3;0;0;0;0;0;0;0;0;0;0;1;0;0;1;1;0;0;0;1;0
6;"Remiza OSP, Huta 42, 22-120 Wojsławice";60313;"gm. Wojsławice";"chełmski";"lubelskie";1;1;0;0;0;0;0;0;0;1;0;0;0;0;0;0;0;0;0;0;0;0;1;0;0;0;0;0;1;0;1;1;0;0;0;3;0;0;0;0;0;0;0;2;1;0;0;0;0;1;1;0;2;0;0;0;0;0;1;0;0;0;0;1;0;0;0;0;0;0;0;0;0;0;10;6;10;7;0;1;1;0;2;0;0;0;0;0;0;0;0;0;0;1;0;0;2;49;0;0;0;0;0;2;0;0;0;0;0;0;0;0;0;0;0;0;0;0;0;0;0;0;3;0;0;0;0;0;0;0;0;0;0;0;0;0;0;0;0;0;0;0;0;0;0;0;0;0;0;0;0;0;0;0;0;0;0;1;0;0;0;0;1;0;0;0;0;0;0;0;0;0;0;0;0;0;0;0
1;"Świetlica wiejska, Roztoka 14, 22-114 Żmudź";60314;"gm. Żmudź";"chełmski";"lubelskie";1;1;0;1;0;0;0;0;0;0;0;0;0;0;0;0;0;0;0;0;0;0;0;0;0;0;2;1;2;0;2;2;0;0;0;0;0;0;0;0;0;0;0;0;1;0;0;0;0;0;0;0;2;0;1;0;0;0;0;0;1;0;0;0;0;1;0;0;0;0;0;0;0;0;20;4;8;6;1;1;3;0;9;0;3;0;0;1;0;2;0;0;0;1;0;0;0;33;4;2;1;1;1;3;1;0;2;0;0;0;1;0;1;0;0;0;0;1;0;1;1;0;11;2;1;0;0;0;0;0;0;0;0;0;0;0;0;0;0;0;0;0;0;0;0;0;0;0;0;0;0;0;0;0;0;0;0;0;0;0;0;0;0;0;0;0;0;0;0;0;0;0;0;0;0;0;0;0
2;"Szkoła Podstawowa w Żmudzi, ul. Kasztanowa 7, 22-114 Żmudź";60314;"gm. Żmudź";"chełmski";"lubelskie";1;1;0;1;1;0;2;0;0;0;0;1;0;0;0;0;0;0;0;0;1;1;0;1;0;0;11;3;4;3;16;5;2;0;2;0;1;1;1;0;1;1;0;0;2;0;0;0;0;4;13;1;3;1;2;1;0;2;1;0;0;1;1;1;0;3;0;1;0;1;0;3;0;0;72;7;9;32;2;0;30;1;29;0;3;0;1;1;2;2;2;0;2;0;0;1;2;130;26;3;8;0;2;10;2;0;2;1;2;0;1;1;0;0;0;1;1;0;1;1;1;2;98;2;1;0;0;2;0;0;1;0;0;1;0;0;1;0;0;6;0;0;0;1;0;1;3;6;0;0;2;1;1;0;2;1;0;6;0;1;0;0;0;3;0;0;0;0;0;0;0;0;0;0;0;2;0;1
3;"Świetlica Wiejska, Leszczany ul. Strażacka 12, 22-114 Żmudź";60314;"gm. Żmudź";"chełmski";"lubelskie";1;1;0;1;0;0;0;0;0;0;0;0;0;0;0;0;0;0;0;0;0;0;0;1;2;0;10;1;10;1;5;4;0;1;0;0;0;1;0;1;0;1;0;0;0;0;0;0;1;3;4;3;0;1;1;0;0;1;0;0;0;0;0;2;0;0;1;0;0;0;0;0;0;0;29;1;3;4;1;0;6;0;22;0;3;1;0;0;0;2;0;0;0;0;0;0;0;39;11;3;1;1;1;11;1;0;1;0;0;0;0;1;0;0;1;0;2;0;0;0;0;1;44;0;0;0;0;1;1;0;0;0;0;0;1;0;0;0;0;0;0;0;0;0;0;2;0;2;0;0;0;0;1;0;0;0;0;2;0;0;0;0;0;0;0;0;0;0;0;0;0;0;0;0;0;0;0;0
4;"Środowiskowy Dom Samopomocy ""WRZOS"", Wólka Leszczańska 34 A, 22-114 Żmudź";60314;"gm. Żmudź";"chełmski";"lubelskie";1;1;0;1;0;0;0;0;0;1;0;0;0;0;0;0;0;0;0;0;0;0;1;0;0;0;5;2;0;0;4;1;1;0;0;0;0;0;0;0;0;0;0;0;0;0;0;0;2;1;0;0;0;0;0;1;0;0;0;0;0;0;0;1;0;0;0;0;0;0;0;0;0;0;16;1;1;13;0;0;3;0;8;0;0;0;0;0;0;0;0;0;0;0;0;0;0;48;8;0;2;1;0;0;0;0;1;0;0;0;0;0;0;0;0;0;0;0;0;0;0;0;18;0;0;0;0;0;0;0;0;0;0;0;0;0;1;0;0;0;0;0;0;0;1;1;3;2;0;0;0;0;1;0;0;0;0;0;0;0;0;0;0;0;0;0;0;0;0;0;0;0;0;0;0;0;0;0
5;"Świetlica Wiejska, Klesztów ul. Kościelna 12, 22-114 Żmudź";60314;"gm. Żmudź";"chełmski";"lubelskie";1;1;0;1;0;0;0;0;0;0;0;0;0;0;0;0;0;0;0;0;0;0;0;2;0;0;1;0;0;0;3;1;1;0;0;0;1;0;0;0;0;0;0;0;0;0;0;0;0;0;2;0;0;0;1;0;0;0;0;0;0;0;1;0;0;0;0;0;0;0;0;1;0;0;36;3;4;6;1;0;5;0;4;0;5;0;1;0;0;0;1;0;0;0;1;0;1;44;1;1;4;0;0;0;2;0;0;0;0;0;0;0;0;0;0;0;1;0;0;0;1;1;16;1;0;0;0;0;0;0;0;0;0;1;0;0;1;0;0;0;0;0;0;0;0;1;1;0;0;0;0;0;0;0;0;0;0;1;0;0;0;0;0;0;0;0;0;0;0;0;0;0;0;0;0;0;0;0
6;"Filia Środowiskowego Domu Samopomocy, Wołkowiany ul. Szkolna 2, 22-114 Żmudź";60314;"gm. Żmudź";"chełmski";"lubelskie";1;1;0;0;0;0;0;0;0;0;0;0;0;0;0;0;0;0;0;0;1;0;0;0;0;0;1;1;2;0;0;0;0;0;0;0;0;0;0;0;0;0;1;0;2;0;0;0;0;2;0;0;0;0;0;0;0;0;0;0;0;0;0;0;0;0;0;0;0;0;0;0;0;0;13;4;0;3;2;0;1;0;1;0;0;0;1;0;0;0;0;0;0;0;0;0;0;28;2;0;0;0;0;3;0;0;0;0;0;0;0;0;0;0;0;0;0;0;0;0;0;1;15;0;1;0;0;0;0;0;0;0;0;0;0;0;0;0;0;0;0;0;0;0;0;0;0;0;0;0;0;0;0;0;0;0;0;1;0;0;0;2;0;0;0;0;0;0;0;0;0;0;0;0;0;0;0;0
1;"Świetlica wiejska, Rybie 14a, 22-360 Rejowiec";60315;"gm. Rejowiec";"chełmski";"lubelskie";1;1;2;0;0;1;0;0;0;1;0;1;0;0;0;0;0;0;0;0;0;0;0;0;1;0;2;5;2;1;6;0;0;0;0;0;0;2;0;0;0;1;0;2;0;0;0;0;0;4;4;1;0;0;0;0;0;1;0;0;0;0;0;0;0;0;0;0;0;0;0;0;0;0;40;12;13;7;0;1;4;0;11;0;1;0;0;0;0;1;0;0;0;0;1;1;3;32;8;3;2;0;0;3;1;0;0;0;0;0;0;0;0;0;1;0;0;0;0;0;0;2;26;1;1;0;0;1;0;0;0;1;0;0;0;0;0;0;0;0;0;0;0;0;0;5;2;1;0;0;0;0;0;0;0;0;0;0;0;0;0;0;0;0;0;0;0;0;0;0;0;0;0;0;0;0;0;0
2;"Budynek Gminnej Biblioteki Publicznej, ul. Stanisława Zwierzyńskiego 8C, 22-360 Rejowiec";60315;"gm. Rejowiec";"chełmski";"lubelskie";1;1;1;6;0;0;2;0;0;0;0;0;0;0;0;0;0;0;0;0;0;0;0;0;0;1;16;3;3;1;10;15;1;1;1;2;0;1;3;0;0;0;0;6;3;1;0;0;0;2;11;1;19;1;2;3;0;1;2;0;0;0;3;0;0;0;0;1;0;0;0;0;0;1;94;14;46;20;0;8;5;2;28;2;1;0;2;1;1;3;0;1;0;1;2;0;1;71;22;4;6;3;2;3;1;4;0;0;0;0;0;0;0;0;1;1;0;0;3;1;1;12;164;3;0;2;1;1;0;0;0;1;0;0;0;1;1;0;0;1;0;0;0;0;0;2;6;4;0;0;0;0;0;0;0;1;0;0;1;0;0;0;1;1;0;1;0;0;0;0;0;0;0;0;0;0;0;0
3;"Świetlica wiejska, Siedliszczki 1a, 22-360 Rejowiec";60315;"gm. Rejowiec";"chełmski";"lubelskie";1;1;2;1;0;0;0;0;0;0;0;2;1;0;0;0;1;0;1;0;0;0;0;2;0;0;8;3;3;2;3;0;0;0;1;3;1;0;2;0;0;0;0;1;0;0;0;1;0;1;5;1;5;0;0;1;1;0;1;1;0;1;1;0;0;0;0;0;0;0;1;0;0;0;86;19;39;21;4;7;7;2;27;2;1;0;1;1;5;2;0;1;0;2;1;0;5;41;9;2;3;0;0;1;1;0;0;0;0;0;2;0;2;0;0;0;1;1;1;1;1;10;48;0;0;0;0;1;2;2;0;0;0;0;0;0;0;0;0;1;0;0;0;0;0;0;1;1;0;0;0;0;0;1;0;0;0;0;0;0;0;0;0;1;0;1;0;0;0;0;0;0;0;0;0;0;0;0
4;"Świetlica wiejska, Leonów 56, 22-360 Rejowiec";60315;"gm. Rejowiec";"chełmski";"lubelskie";1;1;0;1;2;0;0;0;0;0;0;1;0;0;0;0;1;0;1;0;1;0;0;1;1;1;9;3;0;2;6;6;1;0;2;0;0;1;0;0;1;0;0;1;0;0;0;0;1;4;6;2;2;3;0;2;1;0;0;0;0;1;0;0;0;3;0;0;0;0;0;0;1;0;62;12;11;12;3;6;10;1;39;3;1;1;3;1;1;3;0;0;0;2;0;0;3;73;12;1;4;1;3;2;1;1;0;0;0;2;1;0;1;0;0;0;1;0;1;0;0;2;36;2;0;0;0;1;0;0;0;0;0;0;0;0;0;0;0;0;0;0;0;0;0;0;2;2;0;0;1;0;0;0;0;0;0;0;0;0;0;0;0;0;0;0;0;0;0;0;0;0;1;1;1;0;0;0
5;"Szkoła Podstawowa, Zawadówka 45, 22-360 Rejowiec";60315;"gm. Rejowiec";"chełmski";"lubelskie";1;1;0;0;0;0;0;1;0;0;0;0;0;0;0;0;0;0;0;0;0;0;0;0;0;0;2;1;0;0;4;2;0;0;2;0;0;0;0;1;0;0;0;0;1;0;0;0;0;0;5;5;1;0;1;0;0;0;0;0;0;0;0;0;0;0;1;0;0;0;1;0;0;0;33;3;3;5;0;2;0;0;12;0;2;0;0;0;0;0;0;0;0;0;0;1;2;18;2;0;0;0;1;0;0;2;0;0;0;1;0;0;1;0;2;1;0;0;0;0;0;1;37;0;2;0;0;2;0;0;0;0;0;0;0;0;0;0;0;1;0;0;0;0;0;0;0;1;0;0;0;0;2;0;0;0;0;0;0;1;0;0;0;0;0;0;0;0;0;0;0;0;0;0;0;0;0;0
6;"Świetlica Wiejska, Wereszcze Małe 31A, 22-360 Rejowiec";60315;"gm. Rejowiec";"chełmski";"lubelskie";1;1;0;0;0;0;0;0;0;0;0;0;1;0;0;0;0;0;0;0;0;0;0;0;1;0;6;5;1;2;1;3;1;0;0;0;0;0;1;0;0;0;0;0;0;0;0;0;1;4;7;0;0;1;0;1;0;0;1;0;0;0;0;1;0;1;0;0;0;0;0;0;0;0;33;14;8;4;0;0;1;0;11;1;0;0;0;0;0;0;0;0;0;1;0;0;1;19;13;2;6;1;1;1;1;0;0;0;0;0;0;1;0;0;0;0;0;0;2;0;1;0;47;1;0;2;0;1;0;1;1;0;0;0;0;0;0;0;0;0;0;0;1;1;0;1;6;3;0;0;0;0;0;0;0;0;0;1;0;0;0;0;0;0;0;0;0;0;0;0;0;0;0;0;0;0;0;0
7;"Gminny Ośrodek Kultury, ul. Fabryczna 13, 22-360 Rejowiec";60315;"gm. Rejowiec";"chełmski";"lubelskie";1;1;2;0;1;0;0;0;0;0;0;0;0;0;0;0;0;0;0;0;0;0;0;1;1;0;6;2;1;0;6;2;2;0;0;2;1;0;0;0;0;0;0;1;0;0;1;0;0;3;14;2;8;1;0;1;0;0;3;1;0;0;1;0;1;0;0;1;0;0;0;0;0;1;59;21;10;16;0;1;5;1;38;1;3;0;1;1;1;1;3;0;0;7;1;0;2;49;13;3;1;0;0;1;3;0;2;0;0;0;0;0;0;0;0;0;0;0;1;0;0;8;80;1;0;0;1;0;0;0;0;1;0;0;0;0;0;0;0;2;0;0;0;0;0;2;1;3;1;0;0;0;0;0;1;0;0;0;0;1;1;0;0;1;0;0;0;0;0;0;0;1;0;0;0;0;0;1
8;"Świetlica Wiejska, Wólka Rejowiecka 38, 22-360 Rejowiec";60315;"gm. Rejowiec";"chełmski";"lubelskie";1;1;1;1;1;0;0;0;0;1;0;0;0;0;0;0;0;0;0;0;0;0;0;0;0;0;0;2;1;2;1;0;0;0;0;0;0;0;0;0;0;0;0;1;0;0;0;0;0;1;3;0;2;0;0;1;0;0;0;0;0;0;0;0;0;1;0;0;0;0;0;0;0;0;27;3;7;3;0;2;1;0;7;0;0;0;0;1;2;0;1;0;0;1;0;0;0;17;1;1;0;0;0;1;0;0;0;0;0;0;1;0;0;0;0;0;0;0;1;0;0;2;26;3;2;1;0;1;1;0;0;1;0;0;0;0;0;1;0;0;0;0;0;0;0;0;0;1;0;0;0;0;0;0;0;0;0;0;0;0;0;0;0;0;0;0;0;0;0;0;0;0;0;0;0;0;0;0
1;"Miejskie Przedszkole Nr 3, ul. Grotthusów 1, 22-500 Hrubieszów";60401;"m. Hrubieszów";"hrubieszowski";"lubelskie";1;1;6;1;0;1;1;0;0;1;0;1;2;0;0;0;1;0;0;0;1;0;0;1;1;1;21;7;2;0;2;1;1;0;1;2;69;0;0;1;2;0;0;0;0;1;0;0;1;3;14;0;0;0;0;2;0;34;0;0;3;2;2;0;0;0;0;1;1;0;0;0;0;3;63;7;55;1;8;3;47;1;2;2;20;0;2;0;93;0;1;1;0;11;0;0;0;6;17;4;3;3;1;1;0;2;0;0;0;1;1;1;0;0;0;1;3;0;1;0;7;4;54;13;1;18;0;2;0;3;1;0;2;1;1;0;0;0;5;8;0;0;1;1;0;0;3;1;1;0;1;4;1;0;0;0;0;5;0;0;0;0;0;0;0;0;0;0;0;0;0;0;0;0;0;0;0;0
2;"Szkoła Podstawowa Nr 2, ul. Żeromskiego 29, 22-500 Hrubieszów";60401;"m. Hrubieszów";"hrubieszowski";"lubelskie";1;1;3;6;3;1;3;2;0;0;1;1;0;0;1;0;2;0;1;0;0;0;1;7;1;2;34;10;3;5;12;3;0;1;0;1;93;1;1;0;2;1;0;0;4;1;0;1;2;7;48;5;2;3;1;3;0;52;0;1;0;0;2;0;0;1;0;0;0;0;1;4;0;1;137;15;63;13;14;0;47;1;5;0;46;1;0;1;127;4;1;0;1;13;2;2;1;24;49;17;8;7;3;4;3;5;0;0;0;0;1;2;1;1;0;3;3;0;1;1;6;3;150;28;15;32;3;6;1;4;0;0;6;0;1;1;1;0;31;19;0;0;0;1;0;5;1;0;3;1;0;12;0;1;2;2;0;10;0;2;0;0;0;2;0;1;0;0;0;0;1;0;0;0;0;0;0;2
3;"Świetlica osiedlowa Osiedla ""Jagiellońskie"", ul. Unii Horodelskiej 19, 22-500 Hrubieszów";60401;"m. Hrubieszów";"hrubieszowski";"lubelskie";1;1;1;9;0;1;0;0;1;0;0;2;0;0;0;0;1;0;0;1;0;0;0;0;0;0;13;4;1;2;3;1;0;0;0;1;15;1;1;2;1;0;0;1;0;0;0;0;2;4;24;0;0;0;0;0;2;11;0;0;0;0;0;0;0;0;0;0;0;0;0;1;0;1;73;2;35;5;7;2;31;0;2;3;24;0;0;1;68;1;1;0;0;5;2;0;0;13;19;5;6;3;1;0;0;2;0;0;1;0;2;1;0;0;2;0;2;0;1;0;4;1;50;13;5;9;0;5;0;1;0;0;3;0;0;0;0;0;24;15;0;1;0;0;1;0;9;0;1;1;0;5;1;0;0;0;0;3;2;0;0;0;0;0;0;6;0;0;0;0;0;0;1;0;0;0;1;0
4;"Szkoła Podstawowa Nr 3, ul. Zamojska 16, 22-500 Hrubieszów";60401;"m. Hrubieszów";"hrubieszowski";"lubelskie";1;1;2;1;1;2;1;0;0;1;0;2;0;0;1;2;1;0;0;0;0;1;0;0;0;0;11;3;2;6;3;0;1;0;0;4;61;0;1;0;0;0;0;3;1;0;0;0;2;1;14;1;0;2;2;2;1;13;0;0;0;2;1;0;0;0;1;0;0;0;0;0;0;0;74;5;43;5;3;0;30;1;2;3;13;0;0;1;69;1;1;0;1;6;0;0;0;10;11;1;4;6;1;0;2;1;1;1;0;0;1;0;0;0;0;2;2;0;1;0;2;0;51;14;5;26;0;6;0;1;0;1;1;0;1;0;1;0;13;4;0;1;0;0;1;4;4;0;0;1;1;3;0;1;0;0;0;3;0;1;0;0;1;1;0;0;0;0;0;0;1;0;0;0;0;0;0;0
5;"Powiatowy Zespół Placówek Szkolno-Wychowawczych, ul. Zamojska 16 A, 22-500 Hrubieszów";60401;"m. Hrubieszów";"hrubieszowski";"lubelskie";1;1;1;0;0;0;1;1;1;0;0;0;0;0;1;0;1;1;0;0;0;0;0;0;0;0;20;8;2;2;5;3;1;0;2;1;40;0;0;1;1;0;0;0;0;0;1;0;0;0;23;2;3;1;2;0;2;6;1;0;1;1;2;0;0;0;0;0;1;0;0;2;1;2;40;9;35;3;3;3;34;0;1;0;7;0;2;0;69;1;2;0;3;2;0;0;0;2;17;0;1;1;0;2;1;1;0;0;0;0;1;1;0;0;0;1;0;0;0;0;4;1;59;6;3;20;0;11;0;5;2;0;7;0;1;0;1;0;14;7;0;0;0;1;0;2;0;0;0;0;0;4;0;0;0;0;0;1;0;0;0;1;0;0;0;1;0;1;0;0;0;0;0;0;0;0;0;0
6;"Agencja Restrukturyzacji i Modernizacji Rolnictwa Biuro Powiatowe, ul. Nowa 14, 22-500 Hrubieszów";60401;"m. Hrubieszów";"hrubieszowski";"lubelskie";1;1;3;2;2;0;2;0;0;0;0;2;1;0;0;1;0;0;1;0;0;0;2;1;1;2;21;18;4;5;5;1;2;1;4;0;61;2;1;1;0;0;0;2;1;0;1;1;1;1;30;2;6;2;2;8;1;27;1;0;3;0;3;0;1;2;0;1;0;0;0;2;0;0;86;9;76;10;12;2;62;1;1;5;21;0;3;1;130;2;1;0;0;22;0;0;2;13;22;10;5;4;3;1;1;1;1;1;1;0;2;1;0;1;2;1;4;0;2;0;3;3;87;22;8;37;0;4;0;1;2;2;16;0;0;1;1;0;34;10;0;2;0;2;1;2;7;1;0;0;0;6;1;1;0;1;0;4;0;0;0;0;0;1;0;2;0;0;0;0;0;0;0;0;0;0;0;0
7;"Dom Nauczyciela, ul. 3 Maja 37, 22-500 Hrubieszów";60401;"m. Hrubieszów";"hrubieszowski";"lubelskie";1;1;1;2;0;1;1;0;0;0;0;0;0;0;0;1;0;0;0;0;0;0;0;0;1;1;7;5;0;1;5;0;0;1;1;0;50;0;2;0;0;0;0;2;2;1;0;0;0;1;12;1;1;1;0;2;0;10;0;0;0;1;5;0;0;2;2;0;0;0;0;0;0;0;59;11;27;6;5;0;24;0;1;1;15;0;1;0;57;2;0;0;0;2;1;2;2;1;10;0;2;0;1;1;0;2;0;0;0;0;2;1;0;0;0;0;0;0;0;0;2;1;53;7;3;29;0;0;2;2;0;0;1;0;0;0;0;0;19;4;0;1;0;0;0;1;1;0;0;0;0;5;0;1;0;0;0;2;1;0;0;0;1;0;0;0;0;0;0;0;0;0;0;0;0;0;0;0
8;"Hrubieszowski Dom Kultury, ul. 3 Maja 7, 22-500 Hrubieszów";60401;"m. Hrubieszów";"hrubieszowski";"lubelskie";1;1;0;1;1;1;1;0;0;0;0;1;0;0;0;0;0;0;0;1;0;0;1;1;1;0;9;3;0;0;1;1;2;0;1;0;40;1;0;2;1;0;0;0;1;0;0;0;0;1;15;0;4;1;0;1;2;3;0;0;0;0;1;0;0;0;1;0;0;0;0;1;0;1;44;10;24;12;4;0;35;0;1;2;21;1;0;0;52;3;1;0;0;4;0;0;0;7;10;8;3;1;0;2;2;1;0;0;0;0;0;0;0;1;1;0;1;0;0;0;3;2;69;12;2;11;3;4;0;4;0;1;6;0;0;0;1;1;18;4;0;1;0;2;0;2;5;1;0;0;1;9;0;0;0;0;0;2;3;0;0;0;0;0;0;0;1;0;0;0;0;0;0;0;0;0;0;0
9;"Przedsiębiorstwo Gospodarki Komunalnej i Mieszkaniowej, ul. Krucza 20, 22-500 Hrubieszów";60401;"m. Hrubieszów";"hrubieszowski";"lubelskie";1;1;1;1;0;0;0;0;0;2;0;1;0;1;0;0;1;0;0;0;0;0;0;0;1;0;9;10;0;2;4;2;1;0;0;0;32;0;0;1;0;0;0;2;1;2;0;3;0;0;8;1;3;2;0;1;1;10;1;1;1;1;0;0;0;0;0;1;1;0;0;4;0;0;64;9;20;6;5;0;28;0;1;1;13;0;0;0;40;1;1;0;0;5;1;0;0;6;15;3;2;0;0;0;1;0;0;1;0;0;2;1;1;3;0;0;1;0;1;0;2;1;77;9;8;10;1;1;1;3;1;0;6;1;0;0;0;0;18;4;0;2;0;2;3;2;5;1;1;2;0;2;1;0;0;0;0;2;0;0;0;0;0;0;0;0;0;0;0;0;0;0;0;0;0;0;0;0
10;"Spółdzielczy Klub Kultury ""Słoneczko"", ul. Polna 19, 22-500 Hrubieszów";60401;"m. Hrubieszów";"hrubieszowski";"lubelskie";1;1;2;2;0;0;0;0;0;1;0;2;0;0;0;0;2;0;0;1;0;0;0;0;0;0;20;9;2;4;3;1;1;0;1;0;37;1;1;1;0;1;0;1;0;0;0;0;0;1;11;2;2;1;0;0;0;8;1;0;2;0;1;0;0;0;0;0;0;0;0;1;1;0;23;7;17;12;3;1;28;1;0;1;9;0;0;0;40;5;2;0;0;3;0;0;1;8;6;0;1;1;0;0;0;1;0;0;0;0;0;1;0;0;0;1;1;0;0;0;0;0;67;16;9;20;1;6;1;1;0;0;8;0;0;0;0;0;20;6;0;3;0;0;0;0;4;2;0;0;0;5;0;0;0;0;0;1;0;0;0;0;0;1;0;1;0;0;0;0;0;0;0;0;1;0;0;0
11;"Miejskie Przedszkole Nr 5, ul. Listopadowa 6, 22-500 Hrubieszów";60401;"m. Hrubieszów";"hrubieszowski";"lubelskie";1;1;0;1;1;0;0;0;1;0;0;1;1;1;0;0;0;0;0;0;0;0;0;1;1;0;16;7;0;0;7;0;1;0;0;1;20;1;0;0;0;0;0;0;2;0;0;1;1;0;19;4;0;0;1;0;1;11;0;0;0;0;0;0;0;0;0;0;0;0;2;2;0;0;40;16;21;4;10;1;24;1;1;1;17;0;0;2;55;1;0;0;2;4;0;0;0;11;6;1;1;0;1;4;1;0;0;0;0;0;0;0;0;0;1;0;2;1;0;0;1;0;54;15;3;21;1;6;0;1;0;0;8;2;0;0;2;0;12;3;1;0;0;1;0;2;4;1;1;1;0;7;0;0;0;0;0;3;1;0;0;0;0;0;0;0;1;0;0;0;0;0;0;0;0;0;0;1
12;"Miejskie Przedszkole Nr 1, ul. Józefa Piłsudskiego 59, 22-500 Hrubieszów";60401;"m. Hrubieszów";"hrubieszowski";"lubelskie";1;1;0;3;2;0;0;0;0;0;0;0;0;0;0;0;0;0;0;0;0;0;0;0;2;0;17;8;3;8;0;0;1;1;2;0;31;0;0;0;0;0;0;3;0;0;1;1;0;0;9;0;1;4;1;0;0;3;0;0;1;1;2;0;0;1;0;1;0;1;0;0;0;0;52;17;33;12;2;3;20;0;7;1;16;0;1;0;66;0;2;0;0;8;2;0;0;3;13;2;5;0;0;2;1;0;1;0;0;1;3;0;0;0;0;0;2;1;0;1;3;0;61;8;5;21;3;2;0;1;2;1;3;0;0;0;0;0;19;1;0;0;0;0;0;0;3;0;0;0;0;12;0;0;0;1;0;0;0;0;0;0;0;0;0;0;0;0;0;0;0;0;0;0;0;1;0;0
13;"Szkoła Podstawowa nr 1, ul. Listopadowa 12, 22-500 Hrubieszów";60401;"m. Hrubieszów";"hrubieszowski";"lubelskie";1;1;2;0;0;1;2;0;0;0;1;0;0;0;0;0;0;0;0;0;0;0;0;2;0;1;12;5;1;3;3;1;2;0;0;0;39;1;0;2;0;1;0;1;1;0;1;0;2;0;23;1;3;3;0;0;2;5;0;0;1;1;1;0;0;1;0;0;1;0;0;2;0;0;50;9;44;15;10;0;28;2;1;3;11;0;3;2;59;2;2;0;0;3;2;0;1;5;14;0;6;1;2;0;1;1;0;1;0;0;1;0;3;0;0;0;4;0;0;1;5;0;49;15;4;6;2;6;0;2;0;0;3;0;0;1;0;2;23;9;0;1;0;1;1;0;3;1;0;0;0;3;0;1;0;0;0;4;0;0;0;0;1;0;0;0;0;0;0;0;0;0;0;0;0;0;0;0
14;"Samodzielny Publiczny Zespół Opieki Zdrowotnej, ul. Józefa Piłsudskiego 11, 22-500 Hrubieszów";60401;"m. Hrubieszów";"hrubieszowski";"lubelskie";1;1;0;0;0;0;0;0;0;0;0;1;0;0;0;0;1;0;0;0;0;0;0;1;0;0;4;0;1;1;2;0;0;0;0;0;2;0;0;1;0;0;0;0;0;0;0;0;1;0;2;0;0;0;0;1;0;0;0;0;1;0;0;0;0;0;0;0;1;0;0;0;0;0;7;4;11;3;2;1;5;0;2;0;11;1;0;1;6;1;0;1;1;1;0;0;0;1;1;0;0;0;0;0;0;0;0;0;0;0;0;0;0;0;0;0;0;0;0;0;0;0;6;2;1;0;0;0;0;0;0;1;0;0;0;0;0;0;1;0;0;0;0;0;0;0;1;0;0;0;0;0;0;0;0;0;0;0;0;0;0;0;0;0;0;0;0;0;0;0;0;0;0;0;1;0;0;0
15;"Zakład Karny, ul. Nowa 64, 22-500 Hrubieszów";60401;"m. Hrubieszów";"hrubieszowski";"lubelskie";1;1;2;0;0;0;0;0;0;0;0;1;0;0;1;1;1;0;0;0;0;0;0;0;0;0;10;3;2;3;6;2;2;1;1;0;1;2;2;3;2;0;0;1;2;0;0;2;2;2;5;1;0;1;2;2;0;0;2;0;1;0;2;0;1;0;0;0;0;0;0;0;0;1;20;1;1;3;4;1;2;0;2;2;3;0;2;0;2;2;0;0;2;2;0;0;1;3;18;2;3;0;0;2;2;1;1;0;0;3;1;3;0;1;0;1;3;0;1;0;0;1;77;16;3;8;5;14;1;5;4;1;3;3;1;2;1;4;2;11;0;1;1;0;1;1;2;0;1;1;1;2;0;0;1;0;0;0;0;0;0;0;0;0;0;6;0;1;0;0;0;0;0;0;0;0;0;0
1;"Sala Konferencyjna Urzędu Gminy, ul. Spółdzielcza 2a, 22-540 Dołhobyczów";60402;"gm. Dołhobyczów";"hrubieszowski";"lubelskie";1;1;1;0;1;0;0;0;0;1;0;4;0;0;0;0;2;0;0;0;0;0;0;0;0;0;45;4;3;3;5;0;1;0;2;3;34;0;2;0;1;0;0;2;0;2;1;1;1;3;11;0;1;2;2;1;3;9;1;0;0;1;1;0;0;1;1;0;0;1;0;0;0;0;58;3;71;43;9;0;40;1;1;3;22;1;3;1;54;6;2;0;0;15;1;0;0;3;25;7;5;2;1;4;6;0;1;0;0;1;1;0;1;0;0;0;2;1;1;0;2;4;44;4;1;2;0;2;2;1;0;1;2;0;0;0;0;0;8;0;0;0;0;0;1;0;5;0;0;0;0;0;2;0;1;0;0;1;0;1;1;0;0;0;0;0;0;0;0;0;0;0;0;0;0;0;0;0
2;"Remiza Strażacka, Witków 119, 22-540 Dołhobyczów";60402;"gm. Dołhobyczów";"hrubieszowski";"lubelskie";1;1;1;0;0;0;0;0;0;1;0;0;0;0;0;0;0;0;0;0;0;0;0;0;0;0;20;1;0;0;1;0;0;0;0;0;6;0;0;0;1;0;0;0;0;0;0;0;0;0;3;1;0;1;3;0;1;2;0;0;1;0;0;0;0;0;0;0;0;0;0;0;0;0;12;0;31;6;3;0;19;0;1;0;6;0;1;2;6;1;2;0;0;6;0;0;0;3;7;0;0;2;0;0;0;0;0;1;0;0;0;0;0;0;1;0;0;0;1;0;0;0;7;3;0;0;0;0;0;2;0;0;0;0;0;0;0;0;1;1;0;0;0;0;0;0;2;1;0;0;0;0;0;0;0;0;0;2;0;0;0;0;1;0;0;0;0;0;0;0;0;0;0;0;0;0;0;0
3;"Świetlica Wiejska, Gołębie 38a, 22-540 Dołhobyczów";60402;"gm. Dołhobyczów";"hrubieszowski";"lubelskie";1;1;0;0;0;0;0;0;0;0;0;0;0;0;0;0;0;0;0;0;0;0;0;2;0;0;7;1;1;1;0;0;0;0;0;2;4;0;0;0;0;0;0;0;0;0;0;0;0;0;0;0;0;0;0;0;0;1;0;0;0;0;0;0;1;0;0;0;0;0;1;0;0;0;21;1;18;2;4;0;5;0;0;2;11;1;1;1;14;2;0;0;0;3;0;1;0;0;6;1;0;0;0;1;0;1;0;0;0;1;0;0;0;0;0;0;1;0;0;0;0;0;5;3;0;0;0;0;0;1;0;0;0;0;0;1;3;0;0;0;0;0;0;0;0;0;0;0;0;0;0;0;0;0;0;0;0;0;0;0;0;0;0;0;0;3;0;0;0;0;0;0;0;0;0;0;0;0
4;"Warsztaty Terapii Zajęciowej, Oszczów-Kolonia 30, 22-540 Dołhobyczów";60402;"gm. Dołhobyczów";"hrubieszowski";"lubelskie";1;1;2;1;1;0;1;0;0;0;0;0;0;0;0;0;1;0;0;0;0;0;0;0;0;0;16;1;0;2;0;0;0;0;0;0;12;0;1;1;0;1;1;0;0;0;0;0;0;2;6;0;1;0;0;0;0;6;0;0;1;0;0;0;0;0;0;0;0;0;0;1;0;0;50;2;51;10;9;0;6;2;5;2;25;2;2;7;20;3;0;0;0;11;2;0;0;3;5;0;3;0;0;1;0;0;0;0;0;0;1;2;2;0;0;3;0;0;0;0;0;0;9;1;1;1;0;0;0;0;2;0;0;0;0;0;1;0;0;1;0;0;0;0;0;3;2;0;0;1;0;0;0;0;0;0;0;0;0;0;0;0;1;1;0;0;0;0;0;0;0;1;0;0;0;0;0;0
5;"Publiczna Szkoła Podstawowa, Hulcze 37, 22-540 Dołhobyczów";60402;"gm. Dołhobyczów";"hrubieszowski";"lubelskie";1;1;2;0;0;0;2;0;0;0;0;0;0;1;0;0;0;0;0;0;0;0;0;1;0;1;26;4;0;1;2;1;0;0;0;1;9;0;0;0;2;0;0;0;0;2;0;1;2;0;6;0;1;2;1;0;0;3;0;0;1;0;0;0;0;0;0;0;0;0;0;0;0;0;42;3;45;13;6;2;15;2;1;1;0;0;0;9;32;21;1;0;0;6;0;0;5;2;2;1;0;1;0;1;0;3;0;0;0;1;0;1;1;0;0;1;0;0;0;0;0;2;8;3;0;5;1;2;0;0;0;0;0;0;0;0;2;0;0;1;0;0;2;0;0;4;1;1;2;0;0;4;1;0;0;0;0;0;0;1;1;0;0;1;0;0;0;0;0;0;0;0;0;0;0;0;0;0
6;"Remiza Strażacka, Chłopiatyn 8, 22-540 Dolhobyczów";60402;"gm. Dołhobyczów";"hrubieszowski";"lubelskie";1;1;0;1;0;0;1;0;0;0;0;0;0;0;0;0;0;0;0;0;0;0;0;0;0;0;20;0;0;2;1;0;0;0;2;0;16;0;0;0;3;0;0;0;0;1;0;0;0;3;1;0;0;0;0;0;0;8;0;0;0;0;0;0;1;0;0;0;0;0;0;0;0;0;23;1;27;0;17;0;4;0;3;0;7;1;1;3;0;3;0;0;0;1;0;0;0;3;7;1;0;0;0;3;0;0;3;0;0;0;2;0;0;0;0;0;2;0;0;0;0;0;2;1;0;1;0;0;0;0;2;0;0;0;0;0;0;0;4;1;0;0;0;0;0;5;3;0;0;1;0;0;0;0;1;0;0;0;0;0;0;0;0;0;0;0;0;0;0;0;0;0;0;0;0;0;0;0
7;"Dom Kultury, Przewodów 24, 22-540 Dołhobyczów";60402;"gm. Dołhobyczów";"hrubieszowski";"lubelskie";1;1;0;0;0;0;0;0;0;0;0;0;0;0;0;0;0;0;0;0;0;0;0;1;0;0;19;2;2;1;2;2;0;0;3;1;5;2;0;0;7;0;0;0;0;0;0;2;0;0;2;0;0;2;1;0;0;1;0;1;0;0;0;0;0;0;1;0;0;0;1;1;1;0;25;1;45;5;20;0;36;0;2;6;4;1;0;2;8;0;0;0;0;6;2;0;1;6;7;2;2;1;0;0;0;0;0;0;0;0;0;0;0;1;0;4;0;0;0;0;0;0;6;5;3;1;0;0;0;1;0;0;2;0;0;0;1;1;2;6;0;0;0;0;0;0;0;1;0;0;0;0;0;0;0;0;0;0;0;1;0;0;0;0;0;0;0;0;0;0;0;0;0;0;0;0;0;0
8;"Świetlica Wiejska, Horoszczyce 117, 22-540 Dołhobyczów";60402;"gm. Dołhobyczów";"hrubieszowski";"lubelskie";1;1;0;1;0;0;0;0;0;0;0;0;0;0;0;0;2;0;0;0;0;0;0;0;0;1;3;0;0;0;0;0;0;0;0;0;4;0;0;0;2;0;0;0;0;0;0;0;1;0;0;0;0;0;0;0;0;0;0;1;0;0;0;0;0;0;0;0;1;0;0;0;0;0;8;3;11;4;1;2;4;0;1;1;9;0;0;2;16;0;0;0;0;0;0;0;0;2;0;1;1;0;0;0;1;0;0;0;0;0;0;0;0;0;0;0;0;0;0;0;1;1;5;0;0;3;0;0;0;0;0;0;0;0;0;0;0;0;0;2;0;0;0;0;0;0;2;0;0;1;0;0;0;0;0;0;0;0;1;1;0;0;0;0;0;0;0;0;0;0;0;0;0;0;0;0;0;0
1;"Gminny Ośrodek Kultury w Horodle, ul. Hrubieszowska 1, 22-523 Horodło";60403;"gm. Horodło";"hrubieszowski";"lubelskie";1;1;3;1;1;0;1;0;0;0;1;2;1;0;1;0;2;0;0;0;1;0;0;1;0;0;18;2;3;1;5;2;1;0;0;1;9;0;1;0;1;1;0;1;0;1;0;0;2;2;12;0;0;1;0;1;0;2;0;0;0;2;5;0;1;0;0;0;0;0;0;0;0;0;89;9;85;7;2;6;57;0;1;1;10;0;6;0;75;2;0;1;0;9;3;0;1;21;12;7;6;10;1;5;3;2;1;1;0;4;3;2;1;1;1;0;2;0;0;0;1;1;24;4;2;61;2;1;1;5;0;3;4;0;0;0;1;0;4;5;0;1;0;0;0;0;5;2;3;0;0;1;0;1;0;0;0;4;0;0;0;0;0;0;0;3;0;0;0;0;0;0;0;0;0;2;0;0
2;"Budynek po Szkole Podstawowej w Kopyłowie, Kopyłów 14, 22-523 Horodło";60403;"gm. Horodło";"hrubieszowski";"lubelskie";1;1;0;0;0;1;0;0;0;0;0;0;0;0;0;0;1;0;0;0;0;0;0;0;0;0;3;1;1;0;0;1;2;0;0;0;7;0;1;0;0;1;0;0;0;0;0;0;1;0;5;0;0;1;0;2;0;0;1;0;0;0;2;0;0;0;0;0;0;0;0;0;0;0;21;4;17;2;0;0;29;0;0;1;3;0;0;1;23;0;0;0;1;3;0;0;2;0;2;1;2;1;0;0;0;0;1;0;0;1;0;0;0;0;0;0;0;0;0;0;0;0;0;0;0;4;0;0;0;0;0;1;0;0;0;0;1;0;0;1;0;0;0;0;0;0;1;1;1;0;0;0;0;0;0;0;0;1;0;0;0;0;0;0;0;0;0;0;0;0;0;0;0;0;0;0;0;0
3;"Świetlica Wiejska w Bereżnicy, Bereżnica 65, 22-523 Horodło";60403;"gm. Horodło";"hrubieszowski";"lubelskie";1;1;2;0;0;0;0;0;0;0;0;0;0;0;0;0;0;0;0;0;0;0;0;0;0;0;7;2;1;0;2;0;2;0;0;0;7;0;0;0;0;0;0;0;0;0;0;0;0;0;3;0;0;0;0;1;0;0;0;0;0;0;0;0;0;0;0;0;0;0;0;0;0;0;16;0;21;1;3;0;11;0;1;0;3;0;0;1;19;4;0;0;0;3;0;0;0;2;1;0;0;4;2;0;0;1;0;0;0;0;0;1;1;0;0;1;0;0;0;0;0;0;1;1;0;9;0;1;0;0;0;0;0;1;0;0;0;0;1;0;0;0;0;0;0;0;0;0;0;0;0;0;0;0;0;0;0;2;0;0;0;0;0;0;0;1;0;0;0;0;0;0;0;0;0;0;0;0
4;"Świetlica Wiejska w Łuszkowie, Łuszków 28, 22-523 Horodło";60403;"gm. Horodło";"hrubieszowski";"lubelskie";1;1;0;1;0;0;0;0;0;0;0;0;0;0;0;0;0;0;0;0;0;0;0;1;0;0;11;2;2;2;2;0;0;0;2;0;11;0;1;0;0;0;0;1;1;1;1;0;0;2;3;1;0;0;0;0;0;1;0;0;0;0;0;0;1;0;0;0;1;0;0;0;0;0;28;9;37;3;1;0;8;0;6;0;1;0;1;2;38;0;0;0;0;6;0;0;0;14;9;1;1;3;0;0;0;2;0;0;0;0;1;0;0;0;0;0;2;0;1;0;1;1;8;2;0;45;1;0;0;0;0;0;4;0;0;0;0;2;3;0;0;0;0;0;1;2;7;1;1;0;0;1;0;0;0;0;0;0;0;0;0;0;0;0;0;1;0;0;0;0;0;0;0;0;0;0;0;0
5;"Szkoła Podstawowa im. Marii Konopnickiej, ul. Bohaterów Września 10, 22-525 Strzyżów";60403;"gm. Horodło";"hrubieszowski";"lubelskie";1;1;1;1;0;0;1;0;0;2;0;3;0;1;0;0;1;0;0;0;0;2;1;3;0;0;20;8;4;5;2;2;1;0;0;1;3;0;2;1;1;0;0;0;0;0;0;0;0;2;24;1;0;3;0;1;0;9;0;0;0;0;2;1;0;0;0;0;0;0;0;1;0;0;80;9;69;4;5;0;33;0;3;4;13;0;7;1;85;2;2;1;1;13;2;0;0;6;12;4;12;8;1;2;0;4;0;1;0;0;0;1;0;0;0;0;2;2;1;1;2;2;30;3;2;111;1;1;0;1;1;2;24;0;0;0;0;1;3;2;1;0;0;1;0;0;7;1;4;1;1;6;0;0;2;0;0;2;0;2;0;1;1;0;0;0;0;1;0;0;0;0;0;0;1;0;0;0
6;"Świetlica Wiejska w Matczu, Matcze 68, 22-523 Horodło";60403;"gm. Horodło";"hrubieszowski";"lubelskie";1;1;2;0;0;0;0;0;0;0;0;0;0;0;1;0;0;0;0;0;0;0;0;0;0;0;3;0;0;4;0;0;0;1;0;0;2;0;0;1;0;0;0;0;0;0;0;0;0;0;0;0;0;0;1;0;0;1;0;0;0;0;0;0;0;0;0;0;0;0;0;0;0;0;12;0;23;4;0;0;42;0;1;0;4;0;0;0;8;0;0;1;1;4;0;0;0;3;1;1;3;2;0;0;1;0;0;1;0;0;2;0;2;0;0;0;0;0;0;0;0;0;7;0;0;7;0;0;0;0;1;0;1;0;0;0;1;0;0;0;0;0;0;0;0;0;0;0;0;1;0;0;1;0;0;0;0;0;0;0;0;0;1;0;0;1;0;0;0;0;0;0;0;0;0;0;0;0
1;"Świetlica, Czerniczyn 125, 22-500 Hrubieszów";60404;"gm. Hrubieszów";"hrubieszowski";"lubelskie";1;1;2;4;1;0;1;0;0;2;0;1;1;0;0;1;1;0;0;0;1;1;1;2;0;0;10;2;1;1;5;2;3;0;1;2;27;2;1;1;0;0;0;0;0;0;0;0;0;2;8;1;0;2;1;0;1;4;0;1;0;0;0;0;0;0;0;0;1;0;1;0;1;0;29;4;37;5;9;2;24;0;0;1;19;0;2;0;53;4;0;0;0;0;0;0;0;9;21;2;4;0;1;6;0;0;0;0;0;0;0;0;1;1;0;0;2;0;0;0;4;0;19;6;1;7;0;0;0;1;0;0;4;0;0;0;0;2;3;5;0;0;1;0;0;1;1;1;0;0;1;3;0;0;0;0;0;1;0;1;0;2;1;0;0;0;0;0;0;0;1;0;0;0;0;0;0;0
2;"Świetlica, Ślipcze 26A, 22-500 Hrubieszów";60404;"gm. Hrubieszów";"hrubieszowski";"lubelskie";1;1;1;0;0;0;0;0;0;0;0;0;0;0;0;0;0;0;0;0;0;0;0;0;2;0;6;4;1;3;3;1;0;0;2;0;7;1;1;0;0;0;0;0;0;0;0;0;0;1;4;0;0;1;0;0;0;3;0;0;0;0;0;0;0;0;0;1;1;0;0;0;1;0;24;4;38;2;2;2;9;0;5;0;9;1;1;1;45;1;0;0;0;5;0;0;2;8;6;2;1;0;1;1;0;1;0;0;0;1;0;0;0;0;1;0;4;0;1;0;2;2;7;3;2;3;1;1;0;0;2;1;3;0;0;0;0;1;0;1;0;1;0;0;0;2;1;0;0;0;0;2;0;0;0;0;0;2;0;0;0;0;0;0;0;1;0;0;0;0;1;0;0;0;0;0;0;0
3;"Świetlica, Cichobórz 81, 22-500 Hrubieszów";60404;"gm. Hrubieszów";"hrubieszowski";"lubelskie";1;1;2;2;0;0;0;0;0;2;0;0;0;0;0;0;0;0;0;0;0;0;0;0;0;0;5;3;1;0;3;0;1;0;0;0;31;0;0;0;0;0;0;1;0;0;1;0;0;0;12;0;0;3;0;0;1;2;1;0;0;0;0;0;0;0;0;0;0;0;0;1;0;0;37;9;27;7;3;0;2;0;3;4;7;1;0;3;48;2;0;0;0;2;1;0;1;6;7;0;2;1;0;0;0;1;2;0;0;0;0;2;0;0;0;0;2;0;0;0;2;1;13;4;0;0;1;2;0;0;0;0;4;1;0;0;0;0;1;2;0;0;0;0;0;0;0;0;1;0;1;0;0;1;0;0;0;1;0;0;0;0;0;0;0;0;0;0;0;0;0;0;0;0;0;0;0;0
4;"Szkoła Podstawowa, Mieniany 50, 22-500 Hrubieszów";60404;"gm. Hrubieszów";"hrubieszowski";"lubelskie";1;1;0;4;0;0;0;0;0;0;1;0;0;0;0;0;1;0;0;0;0;0;0;0;0;0;8;0;0;0;2;0;1;0;2;0;17;0;0;0;0;0;0;1;0;0;0;0;0;3;2;0;0;0;0;0;0;3;0;0;0;1;0;0;0;1;0;0;0;0;1;0;0;0;13;2;12;0;0;0;4;0;1;2;11;0;1;0;34;0;0;0;0;8;0;0;1;4;10;3;1;0;1;1;0;1;0;0;0;1;0;0;0;0;1;0;2;1;0;0;4;0;10;4;1;1;0;2;0;0;0;0;1;0;0;0;0;0;4;0;0;0;0;0;0;0;0;0;0;0;1;0;0;0;0;0;0;0;0;0;0;0;0;0;0;0;0;0;0;0;0;0;0;0;0;0;0;0
5;"Szkoła Podstawowa, Kozodawy 83, 22-500 Hrubieszów";60404;"gm. Hrubieszów";"hrubieszowski";"lubelskie";1;1;0;0;0;0;0;0;0;0;1;0;0;0;0;0;0;0;0;0;0;0;0;0;0;0;3;0;1;2;2;0;0;0;0;0;1;0;0;0;0;1;0;1;0;0;0;0;0;1;2;1;0;0;0;1;0;0;0;0;0;1;0;0;0;0;0;0;0;0;0;0;0;0;13;0;21;5;1;1;1;0;1;0;12;0;3;0;17;1;0;0;0;5;0;0;1;7;4;0;0;0;2;0;1;1;0;0;0;1;1;1;0;0;0;0;3;0;0;0;1;0;4;1;0;3;0;0;0;0;0;0;1;0;0;0;0;0;0;0;0;0;0;0;0;0;4;0;0;0;0;3;0;0;0;2;0;0;2;0;0;0;0;0;0;0;0;0;0;0;0;0;0;0;0;0;0;0
6;"Świetlica, Brodzica 45, 22-500 Hrubieszów";60404;"gm. Hrubieszów";"hrubieszowski";"lubelskie";1;1;1;0;0;1;0;0;0;0;1;1;0;0;0;0;1;0;0;0;0;0;0;0;0;0;9;4;1;0;1;2;2;0;0;0;7;1;2;2;0;0;0;2;0;0;0;0;0;1;5;0;0;0;0;1;0;2;0;0;0;0;0;0;0;0;1;1;0;0;0;2;0;2;28;5;27;4;6;0;2;1;1;0;5;0;0;1;38;2;0;0;0;4;2;0;0;13;8;1;1;1;0;1;0;0;0;0;0;0;0;1;0;0;0;0;1;0;1;1;1;0;11;4;2;11;0;0;0;2;3;1;0;0;0;0;0;0;2;3;0;1;1;0;0;0;0;0;0;1;0;10;0;0;0;0;0;0;0;1;0;0;0;0;0;0;0;0;0;0;0;0;0;0;0;0;0;0
7;"Szkoła Podstawowa, Husynne 118, 22-500 Hrubieszów";60404;"gm. Hrubieszów";"hrubieszowski";"lubelskie";1;1;0;0;2;0;1;0;0;0;1;0;0;0;0;0;0;0;0;0;0;0;0;0;0;0;5;0;0;0;2;0;1;0;1;0;5;2;0;0;0;0;1;0;0;0;0;0;1;1;0;0;0;1;0;0;0;1;0;0;0;0;0;0;0;0;0;0;0;0;0;0;1;0;25;1;11;4;2;1;10;0;0;0;3;0;0;0;27;0;0;0;0;1;0;0;0;2;2;0;0;0;0;0;0;2;0;0;0;0;0;0;0;1;0;0;0;0;0;2;0;0;9;0;1;7;0;1;0;0;1;0;34;0;0;0;0;0;0;1;0;1;0;0;0;0;0;0;0;1;0;0;0;0;0;0;0;1;0;0;0;0;0;0;0;0;0;0;0;0;0;0;0;0;0;0;0;0
8;"Świetlica, Dziekanów 66, 22-500 Hrubieszów";60404;"gm. Hrubieszów";"hrubieszowski";"lubelskie";1;1;0;2;1;0;1;0;0;0;0;0;3;0;0;1;0;0;0;0;0;0;0;0;0;0;11;8;0;2;0;0;0;0;0;1;19;0;0;0;0;0;0;1;0;0;1;0;0;0;3;1;1;0;0;0;2;1;0;0;1;0;0;0;0;0;0;1;0;0;0;0;0;2;50;3;23;1;2;1;25;0;2;0;15;0;0;0;40;3;1;0;0;4;0;0;0;13;9;3;3;2;1;0;2;1;1;0;0;0;2;1;0;0;1;0;0;0;1;0;1;3;20;7;4;13;1;2;2;0;1;0;7;0;0;0;0;1;7;4;0;0;0;0;1;3;5;1;0;1;0;3;0;0;0;0;0;2;0;0;0;0;0;0;0;0;0;0;0;0;0;0;0;0;0;0;0;0
9;"Szkoła Podstawowa, Szpikołosy 34, 22-500 Hrubieszów";60404;"gm. Hrubieszów";"hrubieszowski";"lubelskie";1;1;1;0;0;0;1;0;0;0;0;1;0;0;1;0;1;0;0;0;0;0;0;0;0;0;9;4;1;3;4;3;0;0;0;1;31;0;1;1;0;0;0;0;0;1;1;0;0;0;5;0;1;0;0;1;1;5;2;0;0;0;0;0;0;0;0;0;0;0;0;1;0;0;85;4;17;1;4;1;32;2;2;0;20;0;1;6;53;0;0;1;0;2;0;0;1;4;9;1;5;2;0;1;0;0;0;0;0;0;1;0;1;1;0;1;1;0;0;0;2;2;17;4;0;5;0;0;0;0;1;0;7;0;1;0;0;0;2;8;0;0;0;0;0;0;2;1;0;0;0;1;1;0;0;0;0;2;0;0;0;0;0;0;0;0;0;0;0;0;0;0;0;0;0;0;0;0
10;"Świetlica, Moniatycze 81, 22-500 Hrubieszów";60404;"gm. Hrubieszów";"hrubieszowski";"lubelskie";1;1;4;0;0;0;1;0;1;3;0;0;0;0;1;0;0;0;0;0;1;0;0;1;0;1;13;4;0;1;8;0;1;0;1;1;17;0;0;0;0;1;0;3;0;0;1;2;0;2;4;1;2;1;0;2;0;3;0;0;0;0;0;0;1;0;0;0;0;1;0;1;0;0;96;1;37;8;3;3;67;0;1;2;36;2;1;5;53;4;0;0;0;4;0;0;3;15;9;1;0;1;2;0;0;1;0;0;0;1;0;0;1;1;0;1;4;0;0;1;0;1;22;1;1;5;0;3;0;3;0;0;2;0;0;0;1;0;3;27;0;0;0;0;0;1;4;1;0;0;0;2;0;0;4;0;0;24;0;0;0;0;0;1;0;1;0;0;0;0;0;0;0;0;0;0;0;0
11;"Szkoła Podstawowa, Stefankowice 26, 22-500 Hrubieszów";60404;"gm. Hrubieszów";"hrubieszowski";"lubelskie";1;1;0;0;0;0;0;0;0;0;0;0;0;0;0;0;0;1;0;0;0;0;0;0;1;0;2;1;1;0;2;0;0;0;0;0;5;0;0;0;2;0;0;0;0;0;0;0;0;0;2;1;0;0;0;0;0;0;0;0;0;0;0;0;0;0;0;0;0;0;0;0;1;0;30;5;17;5;1;0;50;1;0;0;7;0;0;1;31;0;0;0;0;0;0;0;0;7;4;1;2;2;1;3;0;0;0;0;0;0;2;0;0;0;0;0;3;0;0;0;1;0;6;2;0;2;0;0;0;0;0;0;4;0;0;0;0;1;0;14;0;0;0;0;0;0;0;0;0;0;0;0;0;0;0;0;0;1;0;0;0;0;0;0;0;0;0;0;0;0;0;0;0;0;0;0;0;0
12;"Świetlica, Ubrodowice 46, 22-500 Hrubieszów";60404;"gm. Hrubieszów";"hrubieszowski";"lubelskie";1;1;0;0;0;0;0;0;1;1;0;0;0;0;0;0;0;0;0;0;0;0;0;1;0;0;1;0;0;0;0;0;0;2;0;0;3;0;0;0;0;0;0;0;0;0;0;0;1;0;0;0;0;0;0;0;0;0;0;0;0;0;0;0;0;0;0;0;0;0;0;0;0;0;26;1;2;1;3;0;40;0;1;1;9;0;1;0;20;0;1;0;0;0;0;0;0;5;2;0;0;4;0;0;0;0;0;0;0;0;0;0;0;0;0;0;0;1;0;0;0;0;7;0;0;1;0;1;0;0;0;0;2;0;0;0;0;0;0;6;0;0;0;0;0;0;0;0;0;0;0;3;1;0;0;0;0;0;0;0;0;0;0;0;0;0;0;0;0;0;0;0;0;0;0;0;0;0
13;"Świetlica, Masłomęcz 99, 22-500 Hrubieszów";60404;"gm. Hrubieszów";"hrubieszowski";"lubelskie";1;1;1;1;0;1;0;0;0;0;0;0;0;0;0;0;0;0;0;0;0;0;0;1;0;0;5;1;0;0;2;0;0;0;0;2;8;1;0;0;0;0;0;0;0;0;0;0;0;1;3;0;1;0;0;2;0;2;0;0;1;0;0;0;1;0;0;0;0;0;0;0;0;0;24;2;39;0;2;0;5;0;2;6;9;0;0;0;61;2;0;0;0;3;1;0;0;1;10;0;3;1;2;0;1;0;0;1;0;0;1;0;0;0;1;2;7;0;0;0;1;0;5;1;0;3;0;1;0;1;0;1;0;0;0;0;0;2;1;1;0;0;0;0;0;1;3;0;0;0;0;0;0;0;0;0;0;0;0;0;0;0;0;1;0;0;0;0;0;0;0;0;0;0;0;0;0;0
14;"Świetlica, Gródek 39, 22-500 Hrubieszów";60404;"gm. Hrubieszów";"hrubieszowski";"lubelskie";1;1;0;1;0;0;0;0;0;0;0;0;0;0;0;0;1;0;0;0;0;0;0;0;1;0;6;5;0;2;2;1;0;0;1;0;4;0;0;0;0;0;0;0;0;0;0;1;0;0;1;0;1;0;0;0;0;1;0;0;0;0;0;0;0;1;0;0;0;0;0;0;0;0;14;0;16;4;3;0;7;0;0;1;2;0;0;0;22;1;0;0;0;0;0;0;2;6;8;0;0;0;0;0;0;0;0;0;0;0;0;0;0;0;2;0;1;0;0;0;0;0;6;3;0;5;0;1;0;0;0;0;3;0;0;0;0;0;2;0;0;1;1;1;0;0;1;1;0;0;0;0;0;0;1;0;0;1;0;0;0;0;0;0;1;0;0;0;0;0;0;0;0;0;0;0;1;0
15;"Świetlica, Obrowiec 44, 22-500 Hrubieszów";60404;"gm. Hrubieszów";"hrubieszowski";"lubelskie";1;1;0;0;0;0;0;0;0;1;0;0;0;0;0;0;1;0;0;0;0;0;0;1;0;0;3;4;1;0;4;0;3;0;2;0;8;0;0;0;0;0;0;1;1;0;1;0;0;1;2;1;0;1;0;2;0;7;0;0;0;0;0;0;0;0;0;0;0;0;0;3;0;0;24;2;14;2;1;3;11;0;0;1;4;0;0;1;42;0;0;0;0;3;0;0;1;4;2;2;0;0;1;2;0;1;0;0;0;0;2;0;1;0;0;0;0;0;0;0;1;2;8;3;0;3;1;3;1;0;0;0;2;0;0;0;0;0;2;1;0;0;0;0;0;0;1;0;0;0;0;0;0;1;0;0;0;2;0;0;0;0;1;0;0;0;0;0;0;0;0;1;0;0;0;0;0;0
16;"Świetlica, Teptiuków 55, 22-500 Hrubieszów";60404;"gm. Hrubieszów";"hrubieszowski";"lubelskie";1;1;1;0;0;0;0;0;0;0;0;0;0;0;0;0;0;0;0;0;0;0;0;1;0;0;5;4;0;0;0;0;1;1;0;0;9;0;0;0;1;0;0;3;0;0;1;0;0;1;6;0;0;0;0;0;0;4;0;0;0;1;0;0;0;0;0;0;0;0;0;0;0;0;18;0;16;9;1;0;6;0;0;0;10;1;1;0;27;1;0;0;0;1;1;0;1;1;11;2;1;0;1;0;0;0;0;0;0;0;0;0;0;0;0;0;0;0;1;0;2;1;13;1;8;7;0;2;0;1;0;0;10;0;0;0;0;0;1;0;0;0;0;0;0;0;1;0;0;0;0;0;0;0;0;2;0;2;0;0;0;0;0;0;0;0;0;0;0;0;0;0;0;0;0;0;0;0
17;"Świetlica, Moroczyn 87, 22-500 Hrubieszów";60404;"gm. Hrubieszów";"hrubieszowski";"lubelskie";1;1;0;0;0;1;0;0;0;0;0;0;2;0;0;0;0;1;0;0;0;0;0;6;0;3;2;1;3;0;0;0;0;2;0;0;5;2;0;0;0;0;0;0;0;0;1;0;0;1;1;0;0;0;0;2;0;4;0;0;1;0;1;0;0;0;2;0;0;0;0;0;0;0;12;0;7;1;1;1;6;0;0;1;2;0;1;0;11;0;0;0;0;1;1;0;1;2;5;0;2;0;0;3;1;0;0;0;0;0;0;0;0;0;0;0;1;0;0;0;0;0;2;0;1;4;0;0;0;0;1;0;8;0;0;0;0;1;2;3;0;0;0;0;0;0;0;0;0;0;0;0;0;0;0;0;0;1;0;0;0;0;0;1;0;0;0;0;0;0;0;0;0;0;0;0;0;0
18;"Świetlica, Nowosiółki 42, 22-500 Hrubieszów";60404;"gm. Hrubieszów";"hrubieszowski";"lubelskie";1;1;0;0;0;0;0;0;0;0;0;0;0;0;0;0;0;0;0;0;0;0;0;2;0;0;1;2;0;0;2;0;0;0;0;0;1;0;0;0;0;0;0;0;0;0;0;0;0;0;0;0;0;0;1;0;0;2;0;0;0;0;0;0;0;0;0;0;0;0;0;1;0;0;13;0;3;1;3;0;35;0;0;0;4;0;0;4;4;0;1;0;0;0;0;0;0;0;2;0;0;0;0;2;0;1;0;1;0;0;0;0;0;0;2;0;0;0;0;2;0;0;3;0;0;0;0;0;0;0;0;0;0;0;0;0;0;0;1;16;0;0;0;0;0;0;0;0;0;0;0;0;0;0;0;0;0;2;0;1;0;0;0;0;0;1;0;0;0;0;0;0;0;0;0;0;0;0
19;"Świetlica, Kułakowice Trzecie 38, 22-500 Hrubieszów";60404;"gm. Hrubieszów";"hrubieszowski";"lubelskie";1;1;0;0;0;0;0;0;0;0;0;1;0;0;0;0;0;0;0;0;0;0;0;0;0;0;1;0;0;0;4;0;0;0;0;0;9;0;1;0;0;0;0;1;0;0;0;0;0;0;3;1;0;0;1;1;0;0;0;0;0;0;0;0;0;0;0;0;0;0;0;1;0;0;12;2;9;2;0;1;5;0;0;0;6;0;1;0;5;0;1;0;0;1;1;0;0;2;2;0;1;1;0;0;0;0;1;0;1;0;1;0;0;0;0;0;1;0;0;0;0;0;14;1;0;0;1;0;0;0;0;0;5;0;0;0;0;0;0;2;0;0;0;0;0;0;0;0;0;0;0;0;0;0;0;0;0;0;0;4;0;0;0;0;0;0;0;0;0;0;0;0;0;0;0;0;0;0
1;"Gminny Ośrodek Kultury, ul. Kryłowska 18, 22-530 Mircze";60405;"gm. Mircze";"hrubieszowski";"lubelskie";1;1;2;0;4;1;0;0;0;1;0;3;1;0;0;1;0;0;3;0;0;0;0;2;0;1;24;8;0;3;9;0;0;0;0;0;60;0;0;4;0;0;0;0;0;0;0;0;1;4;13;1;1;4;1;2;1;5;1;0;2;0;1;0;0;1;0;0;2;0;3;2;0;5;65;6;86;3;6;1;31;1;2;4;51;1;3;2;62;6;0;1;1;18;1;0;0;16;18;0;4;2;2;1;2;4;2;1;0;1;3;0;1;0;0;0;3;1;1;0;2;3;49;15;4;5;0;1;2;0;0;1;0;0;1;0;2;1;3;5;0;0;0;0;2;5;6;0;2;1;0;1;1;1;0;0;0;0;2;0;1;0;1;1;0;0;3;0;0;0;0;0;0;0;0;0;0;0
2;"Świetlica Wiejska, Smoligów 75, 22-530 Mircze";60405;"gm. Mircze";"hrubieszowski";"lubelskie";1;1;0;0;0;0;0;0;0;0;0;0;1;0;0;0;0;0;0;0;0;0;0;0;0;0;2;4;0;0;1;0;0;0;0;1;13;0;0;0;4;0;0;0;0;1;1;0;0;0;6;0;0;1;0;0;0;7;0;0;0;1;0;0;0;0;0;2;0;0;0;1;0;0;6;0;18;0;2;0;16;0;6;0;0;0;0;0;5;9;1;0;0;10;0;0;1;11;2;0;1;1;0;0;0;0;0;0;0;0;0;1;0;0;0;1;1;0;1;0;1;1;8;0;1;0;0;0;0;1;1;0;0;0;0;0;0;0;0;1;0;0;0;0;0;0;3;3;0;0;0;0;0;0;0;0;0;0;0;0;0;0;0;0;0;0;0;0;0;0;0;0;0;0;0;0;0;0
3;"Środowiskowy Dom Samopomocy, Modryń 65, 22-530 Mircze";60405;"gm. Mircze";"hrubieszowski";"lubelskie";1;1;3;1;1;0;0;0;0;0;2;1;0;0;0;0;1;0;0;0;0;0;0;0;0;1;14;8;3;2;7;0;1;0;0;0;15;1;0;0;1;0;0;0;1;0;1;0;1;0;9;2;0;0;2;1;0;1;1;0;0;2;1;0;0;0;0;0;0;0;0;0;0;0;54;2;52;2;8;3;20;0;2;2;28;0;0;1;64;1;0;0;2;2;1;0;2;8;13;3;5;3;0;0;0;2;3;0;0;0;1;1;2;0;0;0;1;0;2;0;2;2;32;4;0;4;0;3;1;1;0;1;0;1;0;0;0;1;1;2;0;0;0;0;0;1;0;1;0;0;1;1;0;0;0;0;0;0;0;0;0;0;0;1;0;1;0;0;0;0;0;0;0;0;0;0;0;0
4;"Szkoła Podstawowa, Szychowice Nowe ul. Parkowa 39, 22-530 Mircze";60405;"gm. Mircze";"hrubieszowski";"lubelskie";1;1;1;0;1;0;0;0;0;0;0;0;0;0;0;0;0;0;0;0;0;0;0;0;0;0;4;2;0;0;0;0;0;0;0;0;11;0;0;0;1;0;0;0;0;0;0;0;1;1;2;0;2;1;0;0;0;3;0;0;0;0;0;0;0;0;0;1;0;0;0;0;0;0;37;4;19;6;3;2;10;0;1;0;9;0;1;1;14;3;1;0;0;5;0;0;1;1;5;1;0;0;0;1;0;0;0;0;0;0;1;0;0;0;0;0;1;0;0;0;1;0;12;3;1;0;0;1;0;0;0;0;0;0;0;2;0;0;0;1;0;0;0;0;0;0;2;0;0;0;0;0;0;0;0;0;0;0;0;1;0;0;0;0;0;0;1;0;0;0;0;0;0;0;0;0;0;1
5;"Świetlica Wiejska, Górka-Zabłocie ul. Kościelna 1, 22-530 Mircze";60405;"gm. Mircze";"hrubieszowski";"lubelskie";1;1;0;0;0;0;1;0;0;0;0;0;0;0;0;0;2;0;0;0;0;0;0;1;0;1;4;0;1;1;3;0;0;0;0;0;4;0;1;0;0;0;0;2;1;0;0;0;0;0;2;0;1;1;0;1;2;2;0;0;0;0;0;0;0;0;0;0;0;0;0;0;0;0;22;0;40;5;2;0;8;1;1;1;0;0;0;0;20;9;0;0;0;10;1;0;0;5;11;0;1;1;1;0;0;0;0;0;0;1;1;1;1;0;0;0;1;0;0;0;0;0;6;3;1;2;1;0;0;0;0;0;0;0;0;1;1;1;0;3;0;0;0;0;0;4;0;0;0;0;0;0;0;0;0;0;0;0;0;0;0;0;0;0;0;0;0;0;0;0;0;0;0;0;0;0;0;0
6;"Szkoła Podstawowa, Kryłów ul. Hrubieszowska 4, 22-530 Mircze";60405;"gm. Mircze";"hrubieszowski";"lubelskie";1;1;0;0;1;0;2;0;0;0;0;1;0;0;0;0;1;0;1;0;1;0;0;1;0;0;10;3;9;0;1;0;1;0;1;1;30;0;0;1;2;1;0;1;0;0;0;0;0;1;6;0;1;2;1;0;1;0;0;0;0;0;2;0;0;0;0;1;0;0;0;0;0;1;45;6;50;4;21;4;15;1;6;2;32;0;0;2;29;1;0;0;0;11;3;0;0;6;9;0;2;2;2;1;2;1;0;1;0;1;1;0;0;0;0;2;2;0;0;0;1;0;5;3;2;10;2;2;0;2;2;1;0;0;0;1;2;0;1;7;0;0;0;0;0;4;0;1;0;0;0;0;0;0;0;0;0;0;0;1;0;0;0;0;0;0;0;0;0;0;0;0;0;0;0;0;0;0
7;"Szkoła Podstawowa, Wiszniów 61, 22-530 Mircze";60405;"gm. Mircze";"hrubieszowski";"lubelskie";1;1;0;0;0;0;1;0;0;0;0;0;0;0;1;0;0;0;0;0;0;0;0;1;0;0;8;9;3;1;1;2;1;0;0;1;12;0;0;0;0;0;0;0;1;0;0;0;0;0;6;0;2;1;0;1;1;0;1;0;0;0;3;1;0;0;0;0;0;0;0;0;0;0;12;0;26;2;6;0;3;1;0;0;16;0;1;0;6;3;0;0;0;3;0;0;0;0;8;1;0;0;2;0;0;0;0;0;0;2;0;0;0;0;0;1;0;0;0;0;0;1;14;4;0;0;1;0;0;1;0;1;0;0;0;0;0;0;0;1;0;0;1;0;1;4;0;0;0;0;0;0;0;0;0;0;0;0;0;0;0;0;0;0;0;0;0;0;0;0;0;1;0;0;0;0;0;0
8;"Świetlica Wiejska, Stara Wieś 97, 22-530 Mircze";60405;"gm. Mircze";"hrubieszowski";"lubelskie";1;1;1;0;0;0;3;0;0;0;0;0;0;0;0;0;0;0;0;0;0;0;0;1;0;0;13;3;3;1;1;0;0;0;0;0;8;0;0;0;2;0;0;1;0;0;1;2;0;1;1;0;0;0;1;2;0;1;0;0;0;0;0;0;0;1;1;0;0;0;0;1;0;0;20;1;39;0;7;1;13;0;0;0;32;0;0;0;27;3;1;0;0;7;0;0;0;1;4;0;0;0;0;1;1;1;0;0;0;0;1;0;0;0;4;2;0;0;0;0;2;0;14;3;0;4;0;2;0;0;0;0;0;0;0;0;4;0;2;2;0;0;0;1;1;4;4;0;1;0;0;0;0;0;1;0;0;0;5;0;0;0;0;0;0;0;0;0;0;0;0;0;0;0;0;0;0;0
9;"Świetlica Wiejska, Mołożów 77a, 22-530 Mircze";60405;"gm. Mircze";"hrubieszowski";"lubelskie";1;1;1;1;0;0;0;0;0;0;0;0;0;1;0;0;0;0;0;0;3;0;0;1;0;0;8;5;1;2;0;0;0;0;0;1;12;1;0;0;4;0;0;0;1;0;0;0;1;0;2;0;1;0;0;0;1;4;0;0;0;1;1;0;0;0;0;1;0;0;0;0;0;1;25;2;65;2;9;1;6;1;1;1;10;0;0;1;17;0;0;0;0;5;0;0;1;2;2;3;5;0;1;3;0;0;1;0;0;0;0;0;0;0;0;0;4;0;1;0;0;1;5;1;0;3;0;0;0;0;0;0;0;0;0;1;2;0;0;0;0;0;0;0;0;1;2;1;0;0;0;0;0;0;0;0;0;0;0;1;0;0;0;0;0;0;0;0;0;0;0;0;0;0;0;0;0;0
10;"Wiejski Dom Kultury, Miętkie 17a, 22-530 Mircze";60405;"gm. Mircze";"hrubieszowski";"lubelskie";1;1;0;0;2;0;0;0;0;0;0;0;0;0;0;0;0;0;0;0;0;0;0;0;0;0;17;9;4;0;3;1;0;0;1;1;17;0;0;0;0;0;1;0;2;1;0;0;1;0;6;0;0;0;1;0;0;0;0;0;0;0;0;0;0;2;0;0;0;0;0;0;0;1;24;2;40;3;12;2;9;0;1;3;30;0;0;0;29;0;0;0;0;4;0;1;1;7;4;5;4;0;0;1;2;0;0;1;0;0;0;0;0;0;2;0;1;0;0;0;1;1;14;9;1;0;0;1;1;1;0;0;2;0;0;0;0;0;1;2;0;0;0;0;1;3;4;0;1;1;0;2;0;0;0;0;0;0;0;0;0;0;0;0;0;5;0;0;0;0;0;1;0;0;0;0;0;0
11;"Niepubliczny Zakład Opiekuńczo-Leczniczy ""Droga Życia"", Smoligów 71, 22-530 Mircze";60405;"gm. Mircze";"hrubieszowski";"lubelskie";1;1;1;0;0;2;0;0;0;0;0;0;0;0;0;0;0;0;0;0;0;0;0;0;1;0;1;0;0;0;0;0;0;0;0;0;0;0;0;0;0;0;0;0;0;0;0;0;0;1;0;0;0;0;0;0;0;0;0;0;0;0;0;0;0;0;0;0;0;0;0;0;0;0;11;0;2;3;2;2;3;0;2;1;2;1;0;0;2;0;2;2;2;1;0;0;0;1;1;0;0;0;1;0;0;0;0;0;0;0;0;0;0;0;0;0;0;0;0;0;0;0;2;1;0;0;0;0;0;0;1;0;0;0;0;0;0;0;0;0;0;0;0;0;0;0;0;0;0;0;0;0;1;0;0;0;0;0;0;0;0;0;0;0;0;0;0;0;0;0;0;0;0;0;0;0;0;0
1;"Świetlica wiejska w Trzeszczanach Pierwszych, Trzeszczany Pierwsze 39, 22-554 Trzeszczany";60406;"gm. Trzeszczany";"hrubieszowski";"lubelskie";1;1;0;4;1;0;0;0;1;1;0;1;0;0;1;0;1;0;0;0;1;0;0;3;0;0;13;8;5;0;4;0;1;0;2;2;25;0;0;1;4;0;0;0;0;0;0;0;1;2;17;3;0;3;1;0;3;9;0;0;1;1;1;0;0;1;0;0;0;0;0;1;0;0;34;2;39;3;9;4;171;1;0;3;27;0;0;1;43;0;1;0;0;20;1;0;2;7;10;4;1;12;0;0;0;2;0;1;0;0;4;1;2;0;0;0;1;1;0;1;1;0;31;5;4;5;2;1;1;3;0;1;0;0;0;0;4;0;2;1;0;0;0;0;0;0;8;2;0;0;0;1;0;1;0;1;0;0;0;0;0;0;0;0;0;0;0;0;0;0;0;0;0;0;0;0;0;0
2;"Szkoła Podstawowa, Mołodiatycze 86, 22-554 Trzeszczany";60406;"gm. Trzeszczany";"hrubieszowski";"lubelskie";1;1;2;0;0;0;2;0;1;0;0;1;0;0;0;0;0;0;0;0;0;0;0;2;1;0;6;5;0;0;0;0;0;0;2;0;6;0;1;0;0;0;0;0;0;0;1;0;1;1;0;1;0;2;1;0;1;0;0;0;0;1;0;0;0;0;0;0;0;0;0;1;0;0;43;9;36;7;20;1;75;1;0;2;25;1;0;7;48;4;2;0;0;2;0;1;0;2;11;2;1;3;0;2;0;0;1;0;0;0;0;0;0;0;0;0;0;0;0;0;2;1;9;2;1;0;0;0;0;1;0;0;1;0;0;0;0;0;2;1;0;0;0;0;0;0;3;0;0;0;0;0;0;0;0;0;0;2;1;0;0;0;0;0;0;0;0;0;0;0;0;0;0;0;0;0;0;0
3;"Szkoła Podstawowa, Nieledew 32, 22-554 Trzeszczany";60406;"gm. Trzeszczany";"hrubieszowski";"lubelskie";1;1;3;3;0;0;1;1;0;1;0;1;0;0;0;1;1;0;0;0;0;0;0;1;0;0;19;5;4;3;7;4;2;0;0;1;37;2;0;0;2;0;0;0;0;1;1;0;0;1;14;0;3;1;4;1;0;9;3;0;2;0;3;0;0;0;1;0;0;0;0;0;0;0;68;6;38;12;19;4;141;0;2;1;25;0;4;2;84;5;3;0;0;12;1;0;0;6;11;3;3;2;2;1;4;0;0;0;0;0;2;0;2;0;0;1;1;0;1;0;1;1;43;11;1;7;1;3;0;0;1;0;2;0;0;0;1;0;9;11;0;0;0;0;0;2;8;0;2;1;1;4;2;0;0;1;0;6;0;0;0;0;0;0;0;1;0;0;0;0;0;0;0;0;0;0;0;0
4;"Remiza Strażacka w Leopoldowie, Leopoldów 26A, 22-554 Trzeszczany";60406;"gm. Trzeszczany";"hrubieszowski";"lubelskie";1;1;0;0;0;0;1;0;0;0;0;0;0;0;0;0;0;0;0;0;0;0;0;0;0;0;2;1;0;0;1;0;0;0;0;0;4;0;0;0;0;0;0;1;0;0;0;0;0;0;1;0;0;0;0;0;0;1;0;0;0;0;0;0;0;0;0;0;0;0;0;0;0;0;11;2;7;0;2;2;17;1;1;0;2;0;0;0;27;1;0;0;1;0;0;0;0;2;1;0;0;0;0;0;0;0;0;0;0;0;0;1;0;0;0;0;1;0;0;0;0;0;5;1;0;5;0;1;0;0;0;0;3;0;0;0;0;0;2;1;0;0;0;0;0;0;0;0;0;0;0;0;0;0;0;0;0;1;0;0;0;0;0;0;0;0;0;0;0;0;0;0;0;0;0;0;0;0
1;"Gminny Ośrodek Kultury, ul. Partyzantów 1, 22-510 Uchanie";60407;"gm. Uchanie";"hrubieszowski";"lubelskie";1;1;1;0;0;1;2;0;0;2;0;0;0;0;2;0;0;0;0;0;0;0;0;1;0;0;23;3;0;4;6;0;3;0;0;1;3;0;0;0;0;0;0;1;0;0;0;0;1;0;16;0;0;1;1;0;1;4;0;1;0;0;1;1;0;0;0;0;0;0;0;0;0;0;57;12;25;4;4;0;33;1;3;3;40;1;2;0;90;3;0;1;0;5;1;0;2;26;9;0;1;36;0;8;0;0;0;0;0;0;2;0;0;7;0;0;0;0;1;0;0;0;31;2;1;4;1;1;2;1;0;2;0;0;1;0;0;0;2;7;0;0;0;0;0;1;4;6;1;0;1;0;0;0;0;0;0;2;0;0;0;0;0;0;0;1;0;0;0;0;0;1;0;0;0;1;0;0
2;"Świetlica, Rozkoszówka 48, 22-510 Uchanie";60407;"gm. Uchanie";"hrubieszowski";"lubelskie";1;1;1;0;0;0;1;0;0;0;0;0;0;1;0;0;1;0;0;0;1;0;0;0;0;3;4;4;0;0;1;0;0;0;2;0;1;0;0;0;0;0;0;0;0;0;0;0;0;0;9;0;0;0;0;0;0;0;0;0;0;0;0;0;0;0;0;0;0;0;0;0;0;2;40;6;40;3;3;1;16;0;7;1;24;1;0;0;54;4;0;0;0;5;1;0;2;21;4;0;1;27;0;0;0;0;0;0;0;0;0;0;1;1;1;0;1;0;1;0;1;0;8;0;0;0;0;0;0;0;1;0;0;0;0;0;0;0;0;0;0;0;0;0;0;0;0;0;0;1;0;0;0;0;0;0;0;0;0;0;0;0;0;0;0;0;0;0;0;0;0;0;0;0;0;0;0;0
3;"Wiejski Dom Kultury w Jarosławcu, Jarosławiec 123, 22-510 Uchanie";60407;"gm. Uchanie";"hrubieszowski";"lubelskie";1;1;2;1;0;0;0;0;0;1;0;0;0;0;0;0;0;0;0;0;0;0;0;1;0;0;8;8;3;1;2;0;0;0;0;1;2;0;0;1;0;0;0;0;0;1;0;0;0;0;3;0;1;0;0;1;1;1;0;0;0;0;1;0;0;0;0;1;0;0;0;0;0;0;17;2;8;1;1;0;16;0;0;0;9;0;1;0;41;2;1;0;1;5;0;0;0;5;5;1;2;13;0;1;0;0;0;0;0;0;2;1;2;0;0;0;0;0;1;0;0;0;13;5;0;0;1;0;0;0;0;0;0;1;0;0;0;0;2;1;0;0;0;0;0;0;1;11;0;1;0;1;0;0;0;0;0;1;0;0;0;0;0;0;0;1;0;0;0;0;0;0;0;0;0;0;0;0
4;"Świetlica, Drohiczany 45A, 22-510 Uchanie";60407;"gm. Uchanie";"hrubieszowski";"lubelskie";1;1;0;0;0;0;0;0;0;0;1;0;1;0;0;0;0;0;0;0;0;0;0;0;0;0;6;1;0;0;1;0;0;0;0;0;0;0;0;0;0;0;0;0;0;0;0;0;0;0;2;0;0;0;0;0;0;0;0;0;0;0;0;0;0;1;0;0;0;0;0;0;0;0;11;1;16;4;3;1;90;0;3;0;12;0;0;0;10;3;0;0;0;3;0;0;0;5;4;0;1;11;0;1;0;0;0;0;0;0;1;0;0;0;0;0;0;0;0;0;0;0;8;2;0;0;0;0;0;0;0;0;0;0;0;0;0;0;1;1;0;0;0;0;0;0;0;0;0;0;0;0;0;0;0;0;0;1;0;0;0;0;0;0;0;0;0;0;0;0;1;1;0;0;0;0;0;0
5;"Szkoła Podstawowa, Teratyn 127, 22-510 Uchanie";60407;"gm. Uchanie";"hrubieszowski";"lubelskie";1;1;0;0;0;0;2;0;0;3;0;0;0;0;0;0;0;0;1;0;0;0;0;1;2;0;9;3;3;0;8;1;1;0;0;2;11;0;1;0;0;0;0;4;1;2;0;0;2;0;8;1;0;2;1;0;0;1;0;0;0;0;1;0;0;0;0;0;0;0;0;0;0;0;78;4;53;3;4;4;32;0;3;1;48;0;1;1;98;6;1;0;0;3;1;0;0;14;19;1;2;20;0;13;0;0;0;0;0;0;3;0;2;0;0;2;1;0;2;0;0;1;33;1;2;4;0;0;2;0;0;0;0;0;0;0;0;0;3;11;0;1;0;0;0;0;5;1;1;1;0;1;0;0;0;0;0;16;0;1;0;0;1;0;0;0;0;0;0;0;0;0;0;0;0;0;0;0
6;"Świetlica Wiejska w Chyżowicach, Chyżowice 21A, 22-510 Uchanie";60407;"gm. Uchanie";"hrubieszowski";"lubelskie";1;1;0;0;0;0;0;0;0;0;0;0;0;0;0;0;0;0;0;0;0;0;0;0;0;0;5;1;0;0;1;0;0;0;0;0;2;0;0;1;0;0;0;0;0;0;1;0;0;1;1;0;0;2;0;0;0;4;0;0;0;0;0;0;0;0;0;0;0;0;0;0;0;0;20;1;15;5;4;0;4;0;0;0;8;0;0;0;34;0;0;0;0;2;0;0;0;6;2;0;0;4;0;0;0;0;0;0;0;0;6;0;0;1;0;2;0;0;0;0;0;0;13;2;0;1;0;0;0;0;0;0;0;0;0;0;0;0;0;1;0;0;0;0;0;0;1;1;0;0;0;0;0;0;0;0;0;0;0;0;0;0;0;0;0;0;0;0;0;0;0;1;2;0;0;0;0;0
7;"Świetlica Wiejska w Staszicu, Staszic 48B, 22-510 Uchanie";60407;"gm. Uchanie";"hrubieszowski";"lubelskie";1;1;0;0;0;0;0;0;0;0;0;1;0;0;0;0;0;0;0;0;0;0;0;0;0;0;1;2;0;0;0;0;0;1;1;0;0;0;0;0;0;0;0;0;0;0;0;0;0;0;0;0;0;0;0;0;0;0;0;0;0;0;0;0;0;0;0;0;0;0;0;0;0;0;8;1;7;2;0;0;25;0;0;0;4;0;1;0;22;1;0;0;0;1;2;0;0;6;4;0;0;2;2;1;0;0;0;0;0;0;0;0;0;0;2;0;0;0;0;0;0;0;4;1;0;0;0;0;0;0;0;0;0;0;0;0;0;0;0;0;0;0;0;0;0;0;0;0;0;0;0;0;0;0;0;0;0;0;0;0;0;0;0;0;0;0;0;0;0;0;0;0;0;0;0;0;0;0
1;"Gminny Ośrodek Kultury, ul. Piłsudskiego Józefa 2, 22-550 Werbkowice";60408;"gm. Werbkowice";"hrubieszowski";"lubelskie";1;1;1;2;2;0;0;0;0;0;0;1;0;1;0;0;2;0;1;0;1;0;0;2;0;1;21;34;4;2;10;4;0;1;0;3;12;2;2;1;0;0;0;0;0;1;0;0;0;2;10;1;0;1;3;3;0;6;1;0;1;2;3;0;0;0;0;0;0;0;0;1;0;0;51;9;77;11;5;1;78;1;1;2;40;2;3;7;105;4;1;0;0;6;1;0;2;8;22;6;5;0;0;3;1;7;0;0;0;0;4;0;1;0;1;0;6;0;0;1;31;2;37;13;3;8;3;4;1;1;1;0;0;0;1;0;0;2;9;1;0;0;1;0;0;0;12;3;1;0;1;5;0;2;0;0;1;3;2;0;0;0;0;0;1;3;0;0;0;0;1;0;0;0;0;0;0;0
2;"Szkoła Podstawowa, ul. Jana Pawła II 17, 22-550 Werbkowice";60408;"gm. Werbkowice";"hrubieszowski";"lubelskie";1;1;3;0;1;1;0;0;1;0;0;1;0;0;0;0;0;0;0;0;0;0;0;0;1;1;19;24;2;2;6;0;3;0;0;5;6;0;0;0;0;0;1;1;0;1;0;1;1;6;14;2;0;4;1;3;0;13;0;1;0;1;0;0;0;0;0;2;0;0;0;0;0;0;43;14;60;8;3;0;77;1;1;3;18;1;5;4;94;6;0;0;3;6;1;0;1;7;20;1;2;0;0;0;2;3;0;0;0;1;0;0;1;0;0;0;5;0;0;0;8;1;61;5;1;10;6;4;0;7;2;2;0;0;0;0;2;1;12;2;0;0;0;0;1;0;5;1;2;0;2;5;0;0;0;0;0;2;2;1;0;0;2;0;0;0;0;0;0;0;0;0;0;0;0;0;0;0
3;"Szkoła Podstawowa, Podhorce 110, 22-550 Werbkowice";60408;"gm. Werbkowice";"hrubieszowski";"lubelskie";1;1;0;0;0;0;0;0;0;0;0;0;0;0;0;0;2;0;0;0;0;0;0;0;0;0;4;6;0;2;1;0;0;0;0;0;5;0;1;1;0;0;0;1;1;0;0;0;0;1;1;0;0;0;0;0;0;0;0;0;0;0;0;0;1;0;0;0;0;0;0;0;0;0;13;1;11;0;1;2;40;0;0;0;15;0;0;0;26;3;0;0;0;2;1;0;0;2;4;0;0;2;0;0;0;0;1;0;0;0;0;0;0;0;0;0;0;0;0;0;1;3;4;1;1;0;2;5;0;4;0;0;1;0;1;0;0;0;4;1;0;0;1;0;0;0;0;0;0;0;0;1;0;0;0;0;0;4;0;0;0;0;0;0;0;0;0;0;0;0;0;0;0;0;0;0;0;0
4;"Świetlica, Gozdów 66, 22-550 Werbkowice";60408;"gm. Werbkowice";"hrubieszowski";"lubelskie";1;1;1;0;0;0;0;0;0;2;0;0;0;0;0;0;1;0;0;0;0;0;0;0;3;0;8;4;2;0;0;0;1;0;0;1;3;1;1;0;1;0;0;0;0;0;0;0;0;1;2;0;2;0;0;2;0;2;0;0;0;0;0;0;0;0;0;0;0;0;0;0;0;0;38;3;26;4;10;3;47;0;0;0;10;0;0;1;39;4;1;1;0;2;0;0;1;12;6;1;1;2;1;0;1;0;1;0;0;0;0;0;0;0;0;0;6;1;0;0;4;0;19;4;1;3;1;0;0;0;2;0;1;0;0;0;0;0;4;1;0;4;0;0;0;0;1;0;1;0;1;0;1;0;0;0;0;0;0;0;0;0;0;0;0;0;0;0;0;0;0;0;0;0;0;0;0;0
5;"Szkoła Podstawowa, Hostynne-Kolonia 30, 22-550 Werbkowice";60408;"gm. Werbkowice";"hrubieszowski";"lubelskie";1;1;1;0;0;0;0;0;0;2;0;2;0;0;1;0;0;1;0;0;1;0;0;0;0;2;9;8;1;5;3;1;0;1;0;0;3;1;0;0;0;0;0;1;0;2;0;0;0;1;3;1;1;0;1;1;1;4;0;0;0;0;0;0;0;0;3;0;0;0;0;0;0;1;59;11;65;15;5;2;55;0;2;3;35;0;3;5;53;8;0;0;0;12;3;0;0;4;11;1;2;2;1;1;1;2;1;0;0;0;1;0;0;0;0;0;1;0;0;0;8;2;7;9;0;7;2;4;0;0;0;0;1;1;0;0;0;0;2;1;0;0;0;0;0;0;1;1;1;0;0;0;0;0;0;0;0;0;0;0;2;0;1;0;0;1;0;0;0;0;0;0;0;1;0;0;0;1
6;"Szkoła Podstawowa, Malice 37, 22-550 Werbkowice";60408;"gm. Werbkowice";"hrubieszowski";"lubelskie";1;1;0;0;1;1;1;0;0;2;1;0;0;0;0;0;1;0;0;0;0;0;0;0;1;0;14;3;2;0;0;0;0;0;0;0;9;1;0;0;0;0;0;0;0;0;0;0;0;0;2;0;0;1;0;0;0;1;0;0;0;2;0;0;0;1;0;0;0;0;0;0;0;0;12;1;22;3;9;0;16;1;1;2;8;0;1;1;36;1;0;0;0;6;2;1;0;9;4;2;0;1;1;0;0;1;0;1;0;0;0;0;0;0;0;0;1;0;0;0;1;0;10;1;1;1;2;0;0;0;0;0;0;0;0;0;3;0;1;0;0;0;0;0;0;0;4;0;0;0;0;1;1;2;0;0;1;0;1;0;0;0;0;0;0;0;0;0;0;0;0;0;0;0;0;0;0;0
7;"Remizo-świetlica, Terebiń 113, 22-550 Werbkowice";60408;"gm. Werbkowice";"hrubieszowski";"lubelskie";1;1;1;1;0;0;1;1;0;0;0;0;0;0;0;0;0;0;0;0;0;0;0;0;0;2;20;14;0;2;1;0;3;0;0;3;7;0;0;1;0;0;0;0;1;0;0;0;0;0;1;0;1;1;1;3;0;2;0;0;0;1;0;0;0;0;0;1;0;0;0;0;0;0;48;5;58;3;9;6;39;0;4;3;23;0;0;2;61;7;0;0;0;2;0;0;1;7;10;3;1;2;0;0;0;1;1;0;0;0;0;0;0;0;0;0;5;0;1;0;6;1;26;5;0;5;1;1;0;2;0;0;0;0;0;1;5;0;0;5;0;0;0;0;0;1;2;1;0;0;0;1;0;0;0;0;0;0;0;3;0;0;0;0;0;2;0;0;0;0;0;0;0;0;0;0;0;0
8;"Remizo-świetlica, Honiatycze 49, 22-550 Werbkowice";60408;"gm. Werbkowice";"hrubieszowski";"lubelskie";1;1;2;1;0;0;0;1;0;0;0;1;0;0;0;0;0;0;0;0;0;0;0;0;0;0;9;6;2;0;2;1;0;0;0;0;4;0;0;0;0;0;0;0;0;0;0;0;1;2;4;0;0;1;0;1;0;1;0;0;0;1;0;0;0;0;1;0;0;1;0;0;0;0;26;8;31;4;3;0;8;0;0;2;26;0;1;1;14;0;0;0;0;7;1;0;1;2;5;1;2;0;0;0;0;0;0;0;0;0;0;0;0;0;1;1;1;0;0;0;1;0;6;4;1;3;2;0;0;0;0;0;1;0;0;0;0;0;1;0;0;0;0;0;0;3;3;0;0;0;0;0;0;0;0;0;0;0;1;1;0;0;0;0;0;0;0;0;0;0;0;0;0;0;0;0;0;0
9;"Remizo-świetlica, Turkowice 78, 22-546 Turkowice";60408;"gm. Werbkowice";"hrubieszowski";"lubelskie";1;1;1;1;0;0;0;0;0;0;0;0;1;0;0;0;0;0;0;0;0;0;0;0;0;2;7;2;1;2;1;1;0;0;0;0;1;0;0;0;2;0;0;0;0;0;0;0;0;0;1;0;1;3;1;0;0;1;0;0;0;0;0;0;0;0;0;0;0;0;0;0;0;0;22;4;24;2;1;0;19;0;0;0;8;0;0;1;8;1;0;0;0;3;1;0;0;7;4;2;0;0;0;0;0;0;0;0;0;0;0;0;0;0;1;0;1;0;0;0;2;0;10;0;2;1;0;3;0;0;2;0;0;0;1;0;1;0;3;0;0;0;0;0;0;2;2;0;2;0;0;0;1;0;0;0;0;0;0;0;0;0;0;0;0;0;0;0;0;0;0;0;0;0;0;0;0;0
10;"Szkoła Podstawowa, Sahryń 62, 22-546 Turkowice";60408;"gm. Werbkowice";"hrubieszowski";"lubelskie";1;1;2;0;1;0;0;0;0;0;0;0;0;0;0;1;0;0;0;0;0;0;0;1;0;0;13;1;0;0;4;1;1;0;0;2;3;0;1;1;2;0;1;0;1;0;1;0;0;0;12;1;0;0;0;0;0;0;0;0;0;1;0;0;0;0;0;0;0;0;0;0;0;1;22;1;24;3;5;1;19;1;3;3;7;0;0;0;45;1;0;0;0;0;1;1;3;7;12;5;3;0;1;1;3;2;1;1;0;0;0;0;0;0;0;0;7;0;0;0;6;0;11;6;1;0;0;1;0;2;0;0;0;0;0;0;3;1;0;0;0;1;0;0;0;4;1;2;1;2;1;1;0;0;0;0;0;0;0;0;0;0;0;0;0;0;0;0;0;0;0;0;0;0;1;0;0;0
11;"Świetlica, Alojzów 37, 22-550 Werbkowice";60408;"gm. Werbkowice";"hrubieszowski";"lubelskie";1;1;1;0;0;0;0;0;0;1;0;0;0;0;0;0;0;0;0;0;0;0;0;0;0;1;11;5;2;0;0;0;0;0;2;0;2;1;1;0;2;1;0;1;0;0;0;0;0;2;3;1;0;0;1;2;0;1;0;0;0;1;0;0;0;0;0;0;1;0;0;0;0;0;13;0;17;1;6;0;5;0;0;0;5;0;2;0;22;0;0;1;0;0;0;0;0;1;1;0;0;1;0;0;0;0;0;0;0;0;0;0;0;0;0;0;12;0;0;0;0;0;1;1;0;8;0;1;0;1;0;0;0;0;0;0;1;0;0;0;0;0;0;0;0;0;3;1;1;3;0;5;0;0;0;0;0;0;0;0;0;0;0;0;0;3;0;0;0;0;0;0;0;0;0;0;0;0
12;"Świetlica, Kotorów 54, 22-550 Werbkowice";60408;"gm. Werbkowice";"hrubieszowski";"lubelskie";1;1;0;0;0;0;0;0;0;0;0;1;0;0;0;0;0;0;0;0;0;0;0;0;0;0;1;0;0;0;0;0;0;0;0;0;1;0;0;0;0;0;0;0;0;0;0;0;0;0;6;0;0;0;0;0;0;1;0;0;2;0;0;0;0;0;0;0;0;0;0;0;0;0;6;0;10;0;1;0;19;0;1;0;7;0;0;0;10;1;0;0;0;6;0;0;0;0;1;0;0;0;0;1;0;0;0;0;0;0;0;0;0;0;0;1;2;0;0;0;3;0;2;1;2;2;1;0;0;0;0;0;0;0;0;0;0;0;0;3;0;0;0;0;0;0;1;0;0;0;0;0;0;0;0;0;0;0;1;0;0;0;0;0;0;0;0;0;0;0;0;0;0;0;0;0;0;0
13;"Świetlica, Wilków 17a, 22-550 Werbkowice";60408;"gm. Werbkowice";"hrubieszowski";"lubelskie";1;1;1;0;0;0;0;0;0;0;0;0;0;0;0;0;0;0;0;0;0;0;0;0;0;0;5;1;0;0;1;0;0;0;0;0;0;0;1;0;0;0;0;1;0;1;0;0;0;0;1;0;0;1;0;0;0;1;0;0;0;0;0;0;0;0;0;0;0;0;0;0;0;0;17;0;21;3;0;3;8;0;0;2;7;0;2;0;17;0;0;0;0;2;0;0;0;2;1;0;0;0;0;0;0;1;0;0;0;0;0;0;0;0;0;1;0;0;0;0;1;0;1;0;0;1;0;1;0;0;0;0;0;0;0;0;0;0;3;0;0;0;0;0;0;0;4;2;0;0;0;0;0;0;0;0;0;0;1;1;0;0;0;0;0;1;0;0;0;0;0;0;0;0;0;0;0;0
14;"Remizo-świetlica, Wronowice 50, 22-550 Werbkowice";60408;"gm. Werbkowice";"hrubieszowski";"lubelskie";1;1;0;0;1;0;0;0;0;1;0;0;0;0;0;0;0;0;0;0;0;0;0;0;0;0;3;1;0;0;0;0;1;0;0;0;2;0;0;0;0;0;0;0;0;0;0;0;0;0;1;0;0;1;0;0;1;0;0;0;1;0;0;0;0;0;0;0;0;0;0;0;0;0;10;1;16;1;4;0;15;0;0;0;5;0;0;0;7;1;0;0;0;2;0;0;0;1;2;0;0;0;0;0;0;0;0;0;0;0;0;0;0;1;0;1;1;0;0;0;1;0;2;0;0;0;0;0;0;0;0;0;0;0;0;1;0;0;0;0;0;0;0;0;0;0;0;1;1;0;0;1;0;0;0;0;0;0;0;0;0;0;0;0;0;0;0;0;0;0;0;0;0;0;0;0;0;0
15;"Zakład opiekuńczo-leczniczy RESTITUTIO, Turkowice 131, 22-546 Turkowice";60408;"gm. Werbkowice";"hrubieszowski";"lubelskie";1;1;0;0;0;1;1;0;1;0;0;0;0;0;0;0;0;0;0;0;0;0;0;0;0;0;0;0;0;1;0;0;0;0;0;0;0;1;0;0;0;0;0;0;0;0;0;0;0;0;0;0;0;0;1;0;0;0;0;0;0;0;0;0;0;0;0;0;1;0;0;0;0;0;11;1;2;0;0;0;0;0;0;1;1;0;0;0;0;0;0;0;0;1;0;0;0;0;0;0;0;0;0;0;0;0;0;0;0;0;0;0;0;0;0;0;0;0;0;0;0;0;0;0;0;0;0;0;0;0;0;0;0;0;0;0;0;0;0;0;0;0;0;0;0;0;0;0;0;0;0;0;0;1;0;0;0;0;0;0;0;0;0;0;0;0;0;0;0;0;0;0;0;0;0;0;0;0
1;"Publiczna Szkoła Podstawowa Nr 5 im. Orląt Lwowskich w Krasnymstawie, ul. Mostowa 14, 22-300 Krasnystaw";60601;"m. Krasnystaw";"krasnostawski";"lubelskie";1;1;1;0;0;0;6;0;0;2;0;0;1;0;0;0;1;0;0;0;0;0;0;0;1;0;13;12;4;3;3;4;1;0;0;3;3;0;1;2;0;0;0;1;2;1;0;1;1;4;9;0;54;1;2;1;0;1;1;17;1;0;1;1;0;0;0;0;0;0;0;1;0;0;53;12;38;24;7;2;17;3;6;4;7;0;1;2;0;2;0;0;2;0;1;0;1;6;11;8;4;0;0;0;0;0;0;0;0;1;2;1;0;0;1;1;1;0;0;0;0;2;113;7;1;0;1;1;8;0;1;29;0;1;0;2;0;0;2;0;0;1;0;1;0;0;2;2;0;0;0;0;0;4;0;0;0;0;0;2;0;0;0;0;0;1;0;0;0;0;2;0;0;2;0;0;0;0
2;"Publiczna Szkoła Podstawowa nr 5 im. Orląt Lwowskich w Krasnymstawie, ul. Mostowa 14, 22-300 Krasnystaw";60601;"m. Krasnystaw";"krasnostawski";"lubelskie";1;1;2;0;0;2;1;0;0;1;0;1;1;0;0;0;0;0;1;0;0;0;0;1;2;1;23;13;6;6;9;6;1;0;0;1;4;1;6;0;0;0;0;3;1;1;0;0;0;1;16;0;83;2;0;0;1;0;0;9;1;0;0;0;0;0;0;1;1;0;1;1;0;1;78;75;75;18;3;1;21;0;7;1;8;1;5;3;1;2;1;0;1;2;2;0;1;21;33;29;9;1;0;2;0;1;2;0;1;0;0;2;0;0;0;0;5;1;0;0;0;2;129;8;3;0;0;1;3;1;0;36;0;0;0;0;0;0;0;1;0;0;0;0;0;1;2;1;0;0;0;0;0;8;0;0;0;1;0;1;0;0;0;1;0;0;0;0;0;0;1;0;0;1;1;0;0;1
3;"Strażnica OSP Zastawie, ul. Stokowa 74a, 22-300 Krasnystaw";60601;"m. Krasnystaw";"krasnostawski";"lubelskie";1;1;0;3;0;0;1;0;0;0;0;2;1;0;0;0;0;0;0;0;0;0;0;1;0;0;14;7;5;3;8;1;0;1;0;1;2;0;5;1;2;0;0;1;0;1;0;0;1;2;4;1;46;0;0;0;0;1;0;4;0;0;2;0;0;0;2;0;0;0;0;0;0;0;38;31;47;19;6;2;13;0;6;4;0;0;3;0;2;0;0;0;0;0;0;0;0;14;16;9;1;0;0;0;1;2;3;1;0;0;1;1;0;0;0;1;1;0;0;0;1;6;71;3;1;0;0;0;3;2;0;9;0;0;0;0;0;0;0;0;0;0;0;0;0;1;2;0;0;0;0;0;0;3;0;0;0;0;0;1;0;0;0;0;0;0;0;0;0;0;3;0;0;0;0;0;0;0
4;"Specjalny Ośrodek Szkolno-Wychowawczy im. Janiny Doroszewskiej, ul. PCK 2, 22-300 Krasnystaw";60601;"m. Krasnystaw";"krasnostawski";"lubelskie";1;1;0;0;1;0;0;0;1;0;0;1;1;0;0;0;0;0;0;1;0;0;0;0;1;0;8;1;5;1;7;0;0;0;0;1;1;0;0;0;0;0;0;2;2;0;2;0;0;0;4;0;54;0;0;1;0;0;0;12;0;0;0;0;0;0;0;0;0;0;0;0;0;0;32;19;68;27;3;0;1;0;4;3;1;0;3;0;0;0;2;1;0;0;1;0;1;15;4;4;1;0;0;0;0;0;0;2;0;1;0;1;1;0;0;1;1;1;1;0;0;0;73;7;3;3;0;1;1;1;1;13;0;0;0;0;0;0;0;0;0;0;0;0;0;1;4;0;1;0;1;0;0;1;0;1;0;0;0;3;0;0;0;1;0;0;0;0;0;0;0;0;0;0;0;0;0;0
5;"Okręgowa Spółdzielnia Mleczarska, ul. Borowa 4, 22-300 Krasnystaw";60601;"m. Krasnystaw";"krasnostawski";"lubelskie";1;1;4;3;0;1;4;0;0;6;0;1;0;0;1;2;0;0;0;0;0;1;0;1;0;0;20;8;3;4;4;2;0;0;0;0;2;0;6;3;0;0;0;4;0;1;1;1;1;0;4;0;91;3;0;0;0;0;0;8;0;0;1;0;0;0;0;0;1;1;0;1;0;0;59;49;70;10;2;0;15;0;6;5;1;1;0;3;0;1;0;0;0;0;0;0;1;14;11;25;0;1;1;1;2;1;1;1;0;0;0;1;0;0;0;1;1;0;0;0;0;2;106;9;6;1;0;1;5;0;0;10;0;0;0;0;1;2;0;1;0;0;0;4;0;0;4;1;0;0;0;1;0;4;0;2;0;0;1;1;0;0;0;1;0;1;0;0;0;0;0;0;0;1;0;0;0;0
6;"Publiczna Szkoła Podstawowa nr 4 im. Jana Pawła II w Krasnymstawie, ul. Marszałka Piłsudskiego 21, 22-300 Krasnystaw";60601;"m. Krasnystaw";"krasnostawski";"lubelskie";1;1;1;1;1;0;3;1;0;0;0;0;0;0;0;0;0;0;0;0;0;0;0;0;1;0;10;6;7;0;5;1;0;0;1;1;1;0;0;0;0;0;0;1;2;0;0;0;0;0;5;0;45;0;0;0;2;0;0;22;0;0;1;0;0;0;0;0;0;0;0;0;0;0;43;32;54;22;2;3;14;0;7;0;2;0;1;2;2;1;0;1;0;1;0;0;1;19;12;4;0;1;0;1;2;0;0;0;0;0;1;1;1;2;0;1;0;0;1;0;0;0;86;3;3;0;0;4;5;1;0;11;0;1;0;0;2;0;0;0;0;0;0;1;0;2;7;2;0;1;0;1;0;7;1;0;0;0;0;1;0;0;0;0;2;1;0;0;0;0;0;0;0;0;0;0;0;0
7;"Publiczna Szkoła Podstawowa Nr 1 im. Adama Mickiewicza w Krasnymstawie, ul. Poniatowskiego 37, 22-300 Krasnystaw";60601;"m. Krasnystaw";"krasnostawski";"lubelskie";1;1;2;3;0;1;2;0;0;5;0;2;0;0;2;2;0;0;0;0;0;0;0;0;0;2;28;12;1;3;2;1;3;0;0;1;2;1;3;2;1;0;2;2;1;3;0;0;1;1;9;1;78;1;1;0;0;0;2;7;0;0;0;0;0;0;0;1;0;0;0;0;0;0;72;40;76;22;2;0;14;1;4;3;8;1;2;0;0;2;0;0;2;0;2;0;0;18;14;14;2;1;0;0;0;1;0;0;0;1;1;0;3;1;1;1;3;0;0;0;0;3;113;6;1;0;1;0;10;2;0;16;0;0;0;2;0;0;1;4;0;0;0;2;0;0;6;2;1;0;0;0;1;11;0;2;0;0;0;1;0;0;1;1;0;3;0;1;0;1;0;0;0;0;0;0;0;0
8;"Publiczna Szkoła Podstawowa Nr 1 im. Adama Mickiewicza w Krasnymstawie, ul. Poniatowskiego 37, 22-300 Krasnystaw";60601;"m. Krasnystaw";"krasnostawski";"lubelskie";1;1;3;0;0;1;0;0;0;0;0;0;0;0;0;0;0;0;0;0;0;0;0;2;0;1;23;6;5;1;4;1;1;0;0;5;2;1;6;0;2;0;0;1;1;0;1;0;0;2;12;0;81;0;0;1;0;1;0;19;1;0;0;0;1;0;0;0;0;0;0;0;0;0;62;15;50;20;2;0;15;0;0;5;6;0;1;5;1;0;1;2;0;0;0;0;2;12;10;12;2;1;1;1;0;1;0;1;0;1;0;1;0;1;1;0;1;0;0;0;1;2;102;14;1;3;0;0;10;2;0;17;1;0;0;0;0;0;0;1;0;0;0;2;0;0;0;0;0;0;0;0;0;0;0;0;0;0;0;0;0;0;0;0;0;0;0;0;0;0;0;0;0;0;0;0;0;0
9;"Krasnostawski Dom Kultury, ul. Okrzei 10, 22-300 Krasnystaw";60601;"m. Krasnystaw";"krasnostawski";"lubelskie";1;1;0;1;0;1;1;0;0;2;0;0;0;0;0;0;0;0;0;0;0;0;0;2;0;2;16;3;0;0;1;1;0;0;0;0;1;1;9;0;0;2;0;3;1;0;0;0;1;4;12;0;66;3;1;1;0;0;0;14;0;0;0;0;0;0;0;0;0;0;0;1;0;0;52;34;92;30;4;4;10;0;5;2;5;0;3;0;0;2;2;0;1;2;2;0;0;11;19;10;1;2;1;0;0;0;1;0;0;0;0;0;4;0;0;1;2;0;0;0;0;3;102;7;2;0;1;0;5;4;0;11;0;0;0;1;1;1;0;0;0;0;0;1;0;0;4;1;0;0;0;0;1;7;0;0;0;1;1;1;1;0;0;0;0;2;0;0;0;0;1;0;0;0;0;0;0;0
10;"Krasnostawski Dom Kultury, ul. Okrzei 10, 22-300 Krasnystaw";60601;"m. Krasnystaw";"krasnostawski";"lubelskie";1;1;2;0;0;0;2;0;0;2;0;0;0;0;0;0;0;0;0;0;0;0;0;0;0;0;9;4;3;2;4;1;2;1;0;1;2;0;2;0;0;0;0;1;0;0;0;0;0;2;14;1;52;1;0;2;0;2;1;17;1;0;0;0;0;0;0;0;0;0;0;0;0;0;44;34;61;18;2;2;17;2;2;1;2;0;0;1;1;0;0;0;0;1;1;0;1;12;14;2;0;0;0;0;1;0;1;0;1;0;0;0;0;0;0;0;1;0;0;0;0;2;111;7;0;0;0;2;2;0;0;11;1;2;0;0;0;2;2;0;0;0;0;1;0;0;0;1;0;0;0;0;2;3;0;0;2;0;0;1;0;0;0;0;0;0;0;0;0;0;0;0;0;0;0;0;0;0
11;"Miejska Biblioteka Publiczna, ul. Okrzei 23, 22-300 Krasnystaw";60601;"m. Krasnystaw";"krasnostawski";"lubelskie";1;1;2;0;0;0;0;0;1;0;2;1;0;0;0;1;0;0;1;0;0;0;0;2;0;0;5;8;5;0;8;2;1;0;0;1;3;2;8;2;0;0;1;1;3;0;0;0;1;4;13;0;97;2;1;0;0;0;0;14;0;0;0;0;0;0;0;1;0;0;0;0;0;0;56;44;81;31;3;1;21;0;6;1;7;0;1;3;0;2;0;0;3;5;1;0;0;16;8;6;3;1;1;3;1;2;1;0;0;0;2;1;0;0;0;0;0;0;0;0;0;3;141;10;6;0;1;0;5;2;0;13;0;0;0;0;1;1;1;1;0;4;0;0;0;1;2;0;3;0;0;0;0;10;0;0;0;1;0;1;0;0;0;0;0;0;0;0;0;0;0;0;0;0;0;0;0;0
12;"Miejska Biblioteka Publiczna, ul. Okrzei 23, 22-300 Krasnystaw";60601;"m. Krasnystaw";"krasnostawski";"lubelskie";1;1;1;0;0;1;4;0;0;1;1;0;0;0;0;0;1;0;0;1;0;0;0;1;1;0;12;5;6;2;2;2;0;0;0;2;3;1;3;0;1;1;0;0;0;0;0;1;0;3;9;0;70;0;0;0;0;0;0;12;0;0;0;0;0;0;0;0;0;0;0;0;0;0;49;40;79;35;2;1;13;1;7;6;8;0;3;0;1;1;2;1;0;0;0;1;0;9;12;6;1;0;0;2;1;1;0;0;0;0;0;3;0;0;1;1;1;0;0;0;0;1;88;11;4;1;1;1;3;3;0;8;0;0;0;0;0;0;0;1;0;1;0;0;0;0;0;0;0;0;0;0;0;1;0;0;0;0;0;1;0;0;0;2;0;1;0;0;0;1;0;0;0;0;0;0;0;0
13;"Przedszkole nr 8 im. Teatralna Ósemka, ul. Tokarzewskiego 49, 22-300 Krasnystaw";60601;"m. Krasnystaw";"krasnostawski";"lubelskie";1;1;1;0;0;0;0;0;0;2;0;2;1;0;0;1;0;0;0;0;0;0;0;2;0;1;22;10;5;2;7;2;0;0;0;4;2;1;5;0;0;1;0;4;3;1;1;1;1;1;10;1;82;0;1;0;1;0;0;7;0;0;0;0;0;0;0;1;1;0;0;0;0;0;60;28;82;31;5;5;9;1;8;0;3;0;1;2;0;1;1;0;0;3;1;0;3;13;18;12;1;0;0;2;2;2;1;0;1;0;1;0;2;1;2;1;0;1;0;0;0;6;146;15;3;0;2;2;12;0;0;13;0;0;0;0;2;1;0;1;0;0;0;0;2;0;2;2;0;1;0;0;0;5;0;0;0;0;1;0;1;0;0;0;0;0;0;1;1;0;0;0;0;1;0;0;0;1
14;"Zespół Szkół nr 2 im. Bartosza Głowackiego, ul. Sobieskiego 5, 22-300 Krasnystaw";60601;"m. Krasnystaw";"krasnostawski";"lubelskie";1;1;3;1;2;0;6;2;0;0;0;0;0;0;0;1;0;0;0;0;0;0;1;0;0;0;30;5;5;4;4;3;5;0;0;0;2;1;6;0;0;0;0;0;0;0;2;0;0;2;20;2;128;5;1;2;2;0;0;16;1;0;0;0;0;0;0;0;0;2;1;0;0;0;77;39;91;12;4;3;16;4;5;2;4;0;3;2;3;2;1;0;4;1;0;0;0;12;30;21;6;0;1;3;3;2;1;0;0;3;0;1;0;0;0;0;0;0;0;0;0;2;167;14;9;2;1;2;17;0;1;39;0;0;0;6;0;0;0;1;0;1;0;0;0;0;4;3;1;0;0;1;0;9;0;0;0;0;1;1;0;0;0;0;1;0;0;0;0;0;3;0;0;0;0;0;0;0
15;"Publiczna Szkoła Podstawowa Nr 4 im. Jana Pawła II w Krasnymstawie, ul. Marszałka Piłsudskiego 21, 22-300 Krasnystaw";60601;"m. Krasnystaw";"krasnostawski";"lubelskie";1;1;1;1;0;0;4;0;0;2;0;1;0;0;1;0;0;0;0;0;0;0;0;1;0;0;21;5;5;2;3;0;2;0;0;0;5;2;3;0;0;0;0;0;0;1;2;0;0;5;16;0;62;3;0;1;0;0;0;6;0;0;2;0;0;0;0;0;1;0;0;0;0;0;67;35;69;13;3;1;1;0;3;1;4;2;3;1;0;3;3;0;0;1;0;0;0;30;16;18;1;0;0;2;1;0;0;0;0;0;0;1;1;1;0;0;0;0;0;0;0;1;85;5;1;1;1;2;10;4;0;13;0;1;0;1;0;0;0;0;0;0;0;1;1;1;3;1;1;0;0;0;0;12;0;0;1;1;1;8;0;0;0;0;0;1;0;1;0;0;0;0;0;1;1;0;0;0
16;"Szpital SP ZOZ, ul. Głowackiego 3, 22-300 Krasnystaw";60601;"m. Krasnystaw";"krasnostawski";"lubelskie";1;1;1;0;0;0;0;0;0;0;0;0;0;0;0;0;0;0;0;0;0;0;0;0;0;0;0;1;1;1;0;0;0;0;0;0;0;0;0;0;0;0;0;0;0;0;0;0;0;0;0;1;7;0;0;0;0;0;0;1;0;0;1;0;0;0;0;0;0;0;0;0;0;0;11;2;16;6;0;2;1;0;1;0;2;1;2;1;0;1;0;0;0;0;0;0;0;3;1;0;0;0;0;0;0;0;0;0;0;0;0;0;0;0;0;0;0;0;0;0;0;0;9;0;0;1;0;0;1;0;0;1;0;0;0;0;0;0;0;0;0;0;0;0;0;0;0;0;0;0;0;0;0;0;0;0;0;0;0;0;0;0;0;0;0;1;0;0;0;0;0;0;0;0;0;0;0;0
17;"Areszt Śledczy, ul. Poniatowskiego 27, 22-300 Krasnystaw";60601;"m. Krasnystaw";"krasnostawski";"lubelskie";1;1;0;0;0;0;0;0;0;0;0;0;0;0;0;0;0;0;0;0;1;0;0;1;0;1;3;8;1;0;2;1;1;0;0;1;1;0;0;0;0;0;0;1;0;0;0;0;0;0;2;0;4;2;0;0;0;2;0;0;1;0;0;0;0;0;0;0;1;0;0;0;0;0;10;1;2;2;1;1;2;1;1;1;1;2;3;0;2;3;0;2;0;0;0;0;2;2;6;1;2;1;0;0;0;1;0;0;0;0;0;0;2;0;0;1;0;0;2;0;0;0;10;3;0;0;0;5;0;3;2;0;1;0;0;3;2;1;0;1;0;0;0;0;2;0;2;0;0;0;0;0;0;0;0;0;0;0;0;0;0;0;0;0;0;0;0;0;1;0;0;0;1;0;0;0;0;0
18;"Dom Pomocy Społecznej, ul. Kwiatowa 1, 22-300 Krasnystaw";60601;"m. Krasnystaw";"krasnostawski";"lubelskie";1;1;0;0;1;0;0;0;0;6;0;0;0;0;0;0;0;0;0;0;0;0;0;0;0;0;1;0;0;0;0;0;0;0;0;0;0;0;0;0;1;0;0;1;0;0;0;0;0;1;2;0;1;0;0;0;0;0;0;0;0;0;0;0;0;0;0;1;0;0;0;0;0;0;5;0;0;0;0;0;0;0;0;0;0;0;0;0;1;0;0;0;0;0;0;0;0;1;0;0;0;0;0;0;0;0;1;0;0;0;0;0;0;0;0;0;0;0;0;0;0;0;0;1;0;0;0;0;0;0;0;0;0;0;0;0;0;0;0;0;0;0;0;0;0;0;0;0;0;0;0;0;0;0;0;0;0;0;0;0;0;0;0;0;0;0;0;0;0;0;0;0;1;0;0;0;0;0
1;"Świetlica Wiejska w Fajsławicach, Fajsławice 107, 21-060 Fajsławice";60602;"gm. Fajsławice";"krasnostawski";"lubelskie";1;1;2;1;1;1;0;0;0;3;0;0;0;0;0;1;4;0;0;0;1;0;2;1;0;2;28;5;17;5;15;3;3;2;1;3;8;3;5;2;0;0;1;1;4;1;3;0;0;7;23;3;20;3;0;2;1;1;2;0;1;0;2;1;0;0;1;0;0;0;0;2;1;0;92;64;59;27;7;7;15;0;30;10;10;0;2;4;2;2;0;1;0;3;2;0;2;45;21;15;5;2;1;7;6;3;1;1;0;1;2;1;2;1;0;0;1;2;2;0;0;3;63;12;2;2;3;4;0;1;0;1;0;4;0;0;1;1;0;2;0;0;1;0;0;0;1;0;0;0;0;1;0;0;0;0;0;1;0;2;0;0;0;0;0;0;0;1;0;0;0;0;0;0;0;0;1;0
2;"Remiza OSP w Suchodołach, Suchodoły 105, 21-060 Fajsławice";60602;"gm. Fajsławice";"krasnostawski";"lubelskie";1;1;0;0;0;1;1;0;0;2;0;0;0;0;0;0;1;0;0;0;1;2;0;1;0;0;20;3;4;4;0;0;2;0;1;0;2;0;0;1;0;0;1;0;0;0;0;0;0;2;6;0;2;1;0;2;0;0;1;0;0;0;1;0;1;0;1;0;0;1;0;0;0;0;32;72;67;8;3;3;9;2;9;8;8;1;0;2;2;5;3;1;0;3;0;0;1;7;17;10;2;0;0;0;1;4;0;0;0;2;0;2;1;0;0;0;2;1;0;1;0;3;25;8;1;0;1;1;0;1;0;1;0;1;0;0;1;0;0;1;0;0;0;0;0;1;4;0;2;0;0;1;0;0;0;0;0;0;0;1;0;1;0;0;0;1;1;0;0;0;0;1;0;0;0;0;0;0
3;"Remiza OSP w Siedliskach Drugich, Siedliska Drugie 189, 21-060 Fajsławice";60602;"gm. Fajsławice";"krasnostawski";"lubelskie";1;1;2;0;0;0;0;0;0;1;0;3;0;0;0;0;1;0;0;1;0;1;0;3;0;0;8;2;10;1;7;0;1;2;1;1;0;0;2;0;1;0;0;0;0;1;0;0;0;3;7;0;6;1;1;0;0;0;0;4;0;0;1;0;0;0;1;0;0;1;0;0;0;1;102;34;85;23;8;18;7;2;24;6;18;0;7;0;3;4;1;0;1;2;3;0;5;15;26;9;7;2;0;2;2;3;2;0;0;2;2;0;1;0;0;0;1;0;0;1;0;2;20;1;0;1;0;0;1;0;0;0;0;0;0;0;2;0;1;0;0;1;1;0;0;1;5;2;2;0;2;0;0;0;0;0;0;0;1;0;1;0;1;0;0;0;0;0;0;0;0;0;0;0;0;0;0;0
4;"Budynek po b. Szkole Podstawowej w Boniewie, Boniewo 43, 21-060 Fajsławice";60602;"gm. Fajsławice";"krasnostawski";"lubelskie";1;1;2;2;0;0;0;0;0;0;0;1;0;0;0;0;0;0;0;0;0;0;0;0;0;3;12;5;7;2;3;1;2;1;0;1;2;1;2;0;1;0;0;2;1;0;0;0;1;3;14;1;3;1;2;1;0;0;0;1;0;0;1;0;0;1;0;0;0;0;0;1;0;0;34;24;37;6;8;8;3;2;10;2;2;1;2;0;1;3;0;0;0;1;3;0;3;22;19;6;2;1;0;0;1;2;2;0;0;1;0;0;1;1;0;0;1;1;0;0;1;2;21;8;2;1;1;1;1;0;0;0;0;0;0;0;1;0;0;3;0;0;0;0;0;0;1;3;0;0;5;0;1;0;0;0;0;0;0;0;0;0;1;0;0;0;0;0;0;0;1;0;0;0;0;0;0;0
5;"Remiza OSP w Woli Idzikowskiej, Wola Idzikowska 42, 21-060 Fajsławice";60602;"gm. Fajsławice";"krasnostawski";"lubelskie";1;1;1;0;2;0;1;0;0;0;0;1;0;0;1;0;2;0;0;0;0;0;0;1;0;0;13;1;2;0;5;3;2;0;0;0;0;0;1;1;0;1;0;0;0;0;0;2;0;2;1;1;3;3;1;1;0;0;0;0;0;0;0;0;0;0;0;0;0;0;0;0;0;0;61;35;48;14;6;4;3;1;15;4;1;0;2;2;0;2;0;0;0;1;1;0;3;28;11;11;1;0;1;0;3;0;1;0;1;1;0;0;2;0;0;0;3;1;0;0;0;1;29;7;0;0;0;0;0;0;0;1;1;0;0;0;0;0;0;0;0;0;0;0;0;3;4;0;1;0;0;0;0;0;0;0;0;0;0;0;1;0;0;1;0;1;0;0;0;0;0;0;0;0;0;0;0;0
6;"Świetlica wiejska, Ksawerówka 43A, 21-060 Fajsławice";60602;"gm. Fajsławice";"krasnostawski";"lubelskie";1;1;1;0;0;0;0;0;0;0;0;0;0;0;0;0;0;0;0;0;0;0;0;0;0;0;4;0;1;0;2;0;1;0;0;0;1;0;0;1;0;0;0;1;0;0;0;0;0;0;1;0;0;0;0;0;0;0;0;0;0;0;0;0;0;0;0;0;0;0;0;1;0;0;27;5;21;4;2;5;2;0;3;0;5;0;3;1;2;2;1;2;0;1;0;1;2;6;0;0;0;0;0;0;0;0;1;0;0;0;0;1;0;0;0;0;0;0;0;0;0;0;7;0;0;0;1;0;0;0;0;0;0;0;0;0;0;0;0;0;0;0;0;0;0;0;3;0;0;0;0;0;0;0;0;0;0;0;0;0;0;0;0;0;0;0;0;0;0;0;0;0;0;0;0;0;0;0
1;"Centrum Społeczno-Kulturalne, ul. Nadrzeczna 4, 22-315 Gorzków-Osada";60603;"gm. Gorzków";"krasnostawski";"lubelskie";1;1;0;0;0;0;1;0;0;0;0;2;1;0;1;0;1;0;0;0;0;0;0;0;1;0;9;1;9;1;4;2;0;0;0;1;4;1;8;1;0;0;1;1;0;0;1;1;1;0;5;0;20;1;0;0;0;1;0;1;0;1;0;0;1;0;0;0;0;0;0;0;0;0;43;32;59;5;0;0;5;0;3;5;4;1;5;0;0;6;0;0;0;3;1;0;2;8;8;6;5;0;3;1;0;1;0;0;1;0;0;2;0;0;0;1;0;0;0;0;0;1;40;2;0;0;0;0;17;0;0;1;0;0;1;0;0;1;0;0;0;0;0;1;0;4;8;7;0;0;0;1;0;1;0;0;0;0;0;0;0;0;1;0;0;0;0;1;0;0;0;0;0;0;0;0;0;0
2;"Świetlica wiejska, Orchowiec 160, 22-315 Gorzków-Osada";60603;"gm. Gorzków";"krasnostawski";"lubelskie";1;1;0;0;0;0;3;0;0;0;0;4;0;0;0;0;0;0;0;0;0;0;0;0;0;0;16;5;6;1;5;1;1;0;2;0;2;0;0;0;0;0;0;0;1;1;0;0;0;0;1;1;5;1;0;0;0;0;0;0;0;0;1;0;0;0;0;1;0;0;0;0;0;2;47;14;45;24;4;3;8;0;2;2;3;0;1;3;2;2;0;0;0;2;1;0;1;8;3;4;1;0;0;1;0;0;1;0;0;1;0;0;0;1;1;1;3;0;1;0;0;0;12;3;0;0;0;1;6;0;0;1;0;0;0;0;0;0;1;0;0;0;0;0;0;0;1;4;0;0;1;1;0;0;0;0;0;0;0;1;0;0;0;1;0;0;0;1;0;0;0;0;0;0;1;0;0;0
3;"Remizo-świetlica, Wielkopole 55, 22-315 Gorzków-Osada";60603;"gm. Gorzków";"krasnostawski";"lubelskie";1;1;0;0;0;0;0;0;0;4;0;1;0;1;0;0;0;0;0;0;0;0;0;0;0;0;13;0;4;1;2;0;0;2;0;1;2;0;0;0;1;0;0;1;0;0;0;0;0;0;4;0;16;0;0;0;0;0;0;1;0;0;1;0;0;0;0;0;0;0;0;0;0;0;20;20;29;7;0;4;4;2;3;3;1;0;1;5;0;1;0;0;1;2;0;0;3;7;3;2;2;0;0;0;1;2;0;0;0;0;0;0;1;0;0;0;0;0;1;0;0;0;41;2;0;1;0;0;12;0;0;2;0;0;0;0;0;0;0;0;0;0;0;0;0;0;0;4;0;0;0;0;0;1;0;0;0;0;0;0;0;0;2;0;0;2;0;0;0;0;0;0;0;0;0;0;0;0
4;"Remiza OSP, Piaski Szlacheckie 25A, 22-315 Gorzków-Osada";60603;"gm. Gorzków";"krasnostawski";"lubelskie";1;1;0;0;0;0;0;0;0;0;0;0;0;0;0;0;0;0;0;0;1;0;0;0;0;0;3;0;2;1;3;1;1;0;0;0;0;1;0;0;0;0;0;0;0;0;0;0;0;0;1;0;3;0;0;0;0;0;0;0;0;0;1;0;0;0;0;0;0;0;0;0;0;0;22;4;19;3;1;3;12;0;4;6;5;0;0;0;1;2;1;1;1;2;0;0;0;3;4;1;0;0;0;0;1;0;0;0;0;0;0;1;0;0;0;0;0;0;0;0;0;0;6;0;1;0;1;0;2;0;0;0;0;0;1;0;0;0;0;0;0;0;0;0;0;0;1;0;0;0;0;0;0;0;0;1;0;0;0;0;0;0;0;0;0;0;0;0;0;0;0;0;0;0;0;0;0;0
5;"Remiza OSP, Borów 114, 22-315 Gorzków-Osada";60603;"gm. Gorzków";"krasnostawski";"lubelskie";1;1;0;0;0;0;0;0;0;0;0;1;0;0;0;0;0;0;0;0;0;0;0;1;0;0;9;0;7;1;2;0;0;0;1;0;0;0;0;1;0;0;0;1;0;0;1;0;0;0;5;0;7;0;0;0;0;0;0;0;0;1;0;0;0;0;1;1;0;0;0;0;1;0;39;38;71;7;2;0;8;2;2;7;1;0;0;1;2;0;1;0;0;2;1;0;0;8;13;4;1;1;0;2;0;0;0;0;0;1;0;0;0;0;0;1;1;0;0;0;0;1;5;0;0;0;1;0;27;0;0;0;0;0;0;1;0;0;0;0;0;0;0;0;0;0;0;0;0;0;0;0;0;0;0;0;0;0;0;0;0;0;0;0;0;0;0;0;0;0;0;0;0;0;0;0;0;0
6;"Remiza OSP, Antoniówka 38, 22-315 Gorzków-Osada";60603;"gm. Gorzków";"krasnostawski";"lubelskie";1;1;0;0;0;0;0;0;0;0;0;0;0;0;0;0;0;0;0;0;0;0;0;0;0;0;0;0;2;0;1;0;1;0;0;0;0;0;0;0;0;0;0;0;0;0;0;0;0;0;2;0;6;0;0;0;0;0;0;0;0;0;0;0;0;0;0;0;0;0;0;0;0;0;8;8;5;0;0;0;0;0;0;0;1;0;0;0;0;0;0;1;0;0;0;0;0;3;1;0;0;0;0;0;0;0;0;0;0;0;0;0;0;0;0;0;1;0;0;0;0;0;2;1;0;0;0;0;7;0;0;0;0;0;0;0;0;0;0;0;0;0;0;0;0;1;0;2;0;0;0;0;0;0;0;0;0;0;0;0;0;0;0;0;0;0;0;0;0;0;0;0;0;0;0;0;0;0
7;"Świetlica Wiejska, Bobrowe 84, 22-315 Gorzków-Osada";60603;"gm. Gorzków";"krasnostawski";"lubelskie";1;1;1;0;0;0;0;0;0;0;0;0;0;0;0;0;0;0;0;0;0;0;0;0;0;0;4;1;2;0;0;0;0;0;0;0;0;0;2;0;0;0;0;2;0;0;0;0;0;1;2;0;11;0;0;0;0;0;0;0;0;0;0;0;0;0;0;0;0;0;0;0;0;0;18;3;6;5;0;1;10;0;0;1;3;0;0;0;0;1;0;1;0;2;0;0;0;14;4;3;0;0;0;0;0;0;0;0;0;0;0;1;0;0;0;0;0;0;0;0;0;1;11;0;0;0;0;0;0;0;0;0;0;0;0;0;0;0;0;0;0;0;0;0;0;0;2;0;0;0;0;0;0;1;0;0;0;0;0;0;0;0;0;0;0;0;0;0;0;0;0;0;0;0;0;0;0;0
8;"Świetlica Wiejska, Chorupnik 15, 22-315 Gorzków-Osada";60603;"gm. Gorzków";"krasnostawski";"lubelskie";1;1;1;0;0;0;0;0;0;2;0;0;0;0;0;0;0;0;0;0;0;0;0;0;0;0;5;0;5;0;0;1;1;0;0;0;1;0;0;0;0;0;0;0;0;0;0;0;0;0;1;0;15;0;1;0;1;0;0;0;1;0;0;0;0;0;0;0;0;0;0;0;0;0;22;18;12;2;3;1;2;0;1;5;1;0;1;0;0;2;0;0;0;2;1;1;0;7;4;2;0;0;0;0;0;2;0;0;0;1;0;0;0;0;0;0;0;0;0;0;0;0;9;1;0;0;0;0;9;0;0;6;0;0;0;0;1;0;0;0;0;0;0;0;0;0;1;2;0;0;0;0;0;1;0;0;0;0;0;0;0;0;0;0;0;0;0;0;0;0;1;0;0;0;0;0;0;0
1;"Urząd Miasta i Gminy Izbica, ul. Gminna 4, 22-375 Izbica";60604;"gm. Izbica";"krasnostawski";"lubelskie";1;1;2;2;0;0;2;0;0;2;1;2;0;0;0;0;1;0;0;0;0;0;1;2;0;2;20;16;3;4;9;6;0;0;0;0;3;0;5;1;1;0;0;1;0;2;0;1;1;3;18;1;61;2;3;1;1;1;1;0;0;0;1;2;0;1;1;1;0;0;0;0;0;1;64;17;130;25;4;4;75;13;22;3;8;0;5;3;1;7;2;0;1;1;2;0;2;26;16;23;2;0;2;3;1;1;0;2;1;1;1;3;0;0;0;4;4;0;1;0;0;5;108;8;0;2;0;6;7;7;2;0;0;0;0;1;0;0;0;2;0;1;0;0;1;1;7;2;0;1;0;0;0;0;0;0;0;0;1;14;0;0;1;1;1;1;0;0;0;1;3;0;0;0;0;0;0;0
2;"Wiejski Dom Kultury, Wólka Orłowska 133, 22-375 Izbica";60604;"gm. Izbica";"krasnostawski";"lubelskie";1;1;0;1;0;0;0;0;0;0;0;0;1;0;0;0;0;0;0;0;0;0;0;0;0;0;5;11;4;0;5;1;2;0;0;0;1;0;2;1;1;0;0;0;1;0;0;0;0;1;7;0;30;0;2;2;0;0;0;2;0;1;0;0;0;0;0;0;0;0;0;0;1;0;16;8;18;11;0;1;51;0;4;3;5;0;1;0;0;2;0;0;0;5;1;0;1;5;13;20;4;0;1;0;0;0;1;0;0;0;0;1;0;0;1;0;1;0;0;0;0;2;47;2;0;1;2;3;1;1;1;0;0;0;0;0;0;0;0;1;0;0;0;0;0;0;4;0;0;1;0;0;0;2;0;0;0;0;0;7;0;0;0;0;0;2;0;0;0;0;0;0;0;0;0;0;0;0
3;"Szkoła Podstawowa, Orłów Drewniany 60A, 22-375 Izbica";60604;"gm. Izbica";"krasnostawski";"lubelskie";1;1;1;0;0;1;0;1;0;0;1;0;1;0;0;0;0;0;0;0;1;0;0;2;0;1;16;7;0;3;3;0;0;0;0;0;3;0;2;1;1;0;0;2;0;1;0;0;0;2;6;1;20;0;0;1;0;0;0;2;0;0;1;0;0;0;0;0;0;0;0;0;1;0;41;14;52;14;1;2;46;0;1;0;5;0;2;0;1;2;0;0;2;3;4;1;1;13;8;7;0;1;1;1;0;0;0;0;0;0;0;2;0;0;0;0;0;2;0;0;0;0;29;2;1;2;0;5;1;4;0;1;0;0;0;0;0;0;0;1;0;0;0;0;0;0;1;0;0;1;0;0;0;0;0;0;0;0;0;9;0;0;0;0;0;1;0;1;0;0;2;0;0;0;0;0;0;0
4;"Strażnica OSP, Stryjów 176, 22-375 Izbica";60604;"gm. Izbica";"krasnostawski";"lubelskie";1;1;0;0;0;2;1;1;0;0;0;0;2;0;0;0;0;0;0;0;1;0;0;0;0;0;9;3;0;1;5;1;1;0;1;0;0;0;6;1;0;0;1;0;0;0;1;0;0;0;7;0;17;0;0;0;0;0;0;2;0;0;2;0;0;0;0;0;0;0;0;0;0;0;35;16;52;19;4;2;35;2;2;1;8;0;2;4;2;1;0;0;0;3;1;0;1;14;13;0;0;0;0;0;1;0;1;0;1;1;0;0;1;1;0;0;1;0;1;1;0;1;35;0;3;0;0;0;0;0;0;3;0;0;0;0;0;0;0;0;0;1;0;0;0;2;4;1;0;0;0;0;0;0;0;0;0;0;0;36;0;0;0;0;0;0;0;0;0;0;2;0;0;0;0;0;0;0
5;"Samorządowy Ośrodek Kultury i Sportu, Tarnogóra ul. Krakowskie Przedmieście 72, 22-375 Izbica";60604;"gm. Izbica";"krasnostawski";"lubelskie";1;1;1;0;0;1;2;0;0;0;0;0;0;0;0;0;0;0;0;0;0;0;0;1;0;1;14;14;3;3;3;4;1;0;0;0;0;0;3;0;0;1;1;3;0;0;1;0;0;1;7;0;15;2;2;1;0;1;0;0;0;1;2;0;0;0;1;0;0;0;0;0;0;4;46;21;53;32;14;3;59;0;3;4;4;1;1;3;1;2;0;0;3;2;1;0;1;8;12;14;5;1;1;0;0;1;0;0;0;0;1;1;0;0;0;1;1;0;1;2;0;1;41;1;1;1;0;7;6;0;0;2;0;0;0;0;0;0;1;0;0;1;0;1;0;1;5;3;0;0;1;0;1;0;0;0;0;0;1;7;0;0;1;0;0;0;0;1;0;0;1;0;0;1;0;0;0;0
6;"Szkoła Podstawowa, Tarnogóra-Kolonia 72, 22-375 Izbica";60604;"gm. Izbica";"krasnostawski";"lubelskie";1;1;0;0;0;0;0;0;0;0;0;0;0;0;0;0;0;0;0;0;1;0;0;0;0;0;5;6;2;0;1;0;0;0;0;0;1;1;2;1;0;0;0;4;0;1;1;0;0;1;4;2;7;0;0;0;0;0;0;1;0;1;0;0;0;0;0;0;0;0;0;1;0;0;40;9;35;21;1;2;45;1;2;11;7;1;1;2;0;3;0;0;0;0;1;0;0;9;6;5;0;0;1;2;2;0;1;0;0;0;1;0;1;0;0;0;1;0;0;0;0;0;25;0;0;0;0;1;4;1;0;1;1;0;0;0;0;0;0;0;0;0;0;0;0;0;1;2;1;0;0;1;0;0;0;0;0;0;0;1;0;0;0;1;0;0;0;0;0;0;1;0;0;0;0;0;0;1
7;"Szkoła Podstawowa, Tarzymiechy Pierwsze 72, 22-375 Izbica";60604;"gm. Izbica";"krasnostawski";"lubelskie";1;1;2;0;1;2;0;0;0;1;0;1;1;0;0;0;1;0;1;0;1;0;0;0;0;0;19;11;4;0;4;2;0;0;1;0;1;1;10;0;0;0;0;2;0;1;1;0;1;2;4;2;6;1;0;2;0;0;0;1;0;0;1;0;0;0;0;0;0;0;0;0;0;0;48;27;88;13;2;2;40;2;3;9;20;0;2;2;0;3;0;0;2;11;1;1;4;7;11;6;2;0;0;2;1;0;1;0;0;0;1;1;1;0;0;1;1;0;0;0;0;0;28;4;2;1;1;0;0;0;0;2;0;0;1;0;0;0;0;0;1;0;0;0;0;0;5;1;0;1;1;0;1;0;0;0;0;1;0;1;0;0;0;0;0;0;0;0;0;0;0;0;0;0;1;0;0;0
8;"Szkoła Podstawowa, Wirkowice Drugie 20, 22-375 Izbica";60604;"gm. Izbica";"krasnostawski";"lubelskie";1;1;2;1;1;1;1;0;0;0;0;0;1;0;0;0;0;0;0;0;0;0;0;4;0;0;12;7;2;0;2;0;2;0;0;1;3;0;0;2;0;0;0;0;0;1;1;0;0;0;5;0;3;0;1;0;0;0;0;1;0;0;1;0;0;0;0;0;0;1;0;0;0;0;52;20;72;13;8;1;54;2;2;7;18;0;2;3;2;5;0;0;1;22;2;0;0;6;7;5;0;1;0;2;2;1;0;0;0;1;0;0;0;1;0;4;0;0;0;0;0;0;15;4;1;1;1;1;3;0;0;0;0;0;0;0;1;0;0;1;0;0;0;0;0;2;2;2;1;0;1;1;2;0;0;1;0;1;1;3;0;0;0;0;0;0;0;0;0;0;3;0;0;0;0;0;0;0
9;"Strażnica OSP, Dworzyska 60, 22-375 Izbica";60604;"gm. Izbica";"krasnostawski";"lubelskie";1;1;0;0;0;0;0;0;0;0;0;0;1;0;0;0;0;0;1;0;0;0;0;0;1;0;5;2;0;0;2;1;2;0;0;0;1;0;2;0;0;0;0;0;0;0;0;0;1;0;5;0;16;0;0;0;0;0;0;1;0;0;0;0;0;0;0;1;0;0;0;0;0;0;15;4;42;8;1;1;59;0;3;1;4;0;0;0;1;0;0;0;0;0;0;0;1;5;12;7;0;1;2;0;0;3;0;1;0;0;0;0;0;0;0;0;2;0;0;0;0;1;16;3;1;1;0;0;1;1;0;0;0;0;1;0;0;0;0;0;0;0;0;0;0;0;1;0;0;0;0;0;1;0;0;1;1;0;0;2;0;0;0;0;0;1;0;0;0;0;0;0;0;0;0;0;0;0
1;"Zakład Hodowlano-Produkcyjny Stadnina Koni Białka-Biurowiec, Białka 6, 22-300 Krasnystaw";60605;"gm. Krasnystaw";"krasnostawski";"lubelskie";1;1;0;1;0;1;0;0;0;0;0;1;0;0;0;0;0;0;0;1;1;0;0;0;0;0;3;1;0;0;1;0;1;0;1;0;1;1;0;0;0;0;0;0;0;0;0;0;0;0;4;0;13;0;2;0;0;0;0;2;0;0;0;0;0;0;1;1;0;0;0;0;0;0;25;4;11;6;2;0;5;0;1;0;2;0;0;0;0;0;0;0;1;0;1;1;2;6;2;4;1;0;0;0;0;0;0;0;0;0;0;0;1;0;0;0;0;0;0;0;0;0;14;0;1;0;1;0;12;0;0;0;0;1;0;0;0;0;0;1;0;0;0;0;0;1;1;0;0;0;0;0;0;0;0;0;0;0;0;0;0;0;0;1;0;1;0;1;0;0;0;0;0;0;0;0;0;0
2;"Wiejski Dom Kultury w Niemienicach, Niemienice 57, 22-300 Krasnystaw";60605;"gm. Krasnystaw";"krasnostawski";"lubelskie";1;1;1;1;0;1;0;0;0;0;0;0;0;0;0;0;0;0;0;0;0;0;0;0;0;1;4;1;1;0;0;0;0;1;0;0;0;0;1;0;0;0;0;0;0;0;0;0;0;0;0;0;13;0;0;0;0;0;0;1;0;0;1;0;0;0;0;0;0;0;0;0;0;0;21;24;25;4;2;2;2;1;4;0;0;0;0;0;0;0;0;0;0;0;0;0;0;3;4;4;2;1;0;0;2;0;0;0;0;0;1;0;0;0;0;0;0;0;0;0;0;1;19;1;2;0;0;1;3;1;0;4;0;0;0;0;0;0;0;1;0;0;0;0;0;0;1;2;0;0;0;0;0;0;0;0;0;0;0;1;0;0;0;1;0;0;0;0;0;0;1;0;0;0;0;0;0;0
3;"Szkoła Podstawowa nr 3 w Krasnymstawie, ul. Krakowskie Przedmieście 38, 22-300 Krasnystaw";60605;"gm. Krasnystaw";"krasnostawski";"lubelskie";1;1;1;0;0;0;2;0;0;0;0;0;1;0;0;0;0;0;0;0;0;0;0;0;0;0;8;5;0;0;2;1;1;0;1;0;1;0;0;0;0;0;0;0;1;0;0;1;1;0;1;0;11;0;0;0;1;0;0;1;0;0;0;0;0;0;0;0;0;0;0;0;0;0;8;24;14;10;1;1;4;0;3;3;1;0;0;0;0;0;0;0;0;2;0;0;1;4;2;5;0;1;0;0;0;0;0;0;0;0;0;0;0;0;0;0;0;0;0;0;0;0;26;1;1;0;0;1;6;0;0;2;0;0;0;0;0;0;0;1;0;0;0;0;0;0;1;0;0;0;0;0;0;0;0;0;0;0;0;0;0;0;1;0;0;1;0;0;0;0;0;0;0;0;0;0;0;0
4;"Szkoła Podstawowa w Jaślikowie, Jaślików 31, 22-300 Krasnystaw";60605;"gm. Krasnystaw";"krasnostawski";"lubelskie";1;1;0;1;0;0;3;0;0;1;1;1;0;1;0;0;0;0;0;0;0;0;0;1;0;0;8;1;0;0;1;1;1;0;2;1;1;3;0;0;0;0;0;1;0;0;1;0;0;1;6;0;8;0;0;1;0;0;0;1;0;0;0;0;0;0;0;0;1;0;0;0;0;0;34;22;40;12;7;3;1;0;3;1;3;0;0;1;1;2;0;0;0;1;0;0;1;13;10;1;1;1;0;1;0;0;0;0;0;0;0;0;1;0;0;0;0;0;0;0;0;0;21;0;3;0;0;2;2;0;0;4;0;2;0;0;0;0;0;2;0;0;0;0;0;0;0;0;0;0;0;0;0;0;0;0;0;0;0;1;0;0;0;0;0;0;0;0;0;0;0;0;0;0;0;0;0;0
5;"Wiejski Dom Kultury w Zakręciu, Zakręcie 124C, 22-300 Krasnystaw";60605;"gm. Krasnystaw";"krasnostawski";"lubelskie";1;1;1;0;0;0;1;0;0;0;0;1;0;0;0;0;0;0;0;0;0;0;0;1;0;0;10;3;0;0;2;0;0;0;2;0;0;0;2;0;0;1;0;0;0;0;0;0;0;1;8;0;19;0;0;0;0;2;0;1;0;0;0;0;0;0;0;2;0;0;0;1;0;0;29;13;33;5;3;0;1;2;1;2;5;0;1;0;1;0;1;1;0;0;0;0;0;3;10;4;1;1;0;0;0;0;0;0;0;0;0;0;1;0;0;0;0;0;0;0;0;0;24;3;0;0;0;0;7;1;1;3;0;0;0;0;0;0;0;0;0;0;0;0;0;0;2;0;0;0;0;0;0;0;0;0;0;0;0;0;0;0;0;0;0;0;0;0;0;0;0;0;0;0;0;0;0;0
6;"Remiza Ochotniczej Straży Pożarnej w Stężycy Nadwieprzańskiej, Stężyca Nadwieprzańska 30A, 22-300 Krasnystaw";60605;"gm. Krasnystaw";"krasnostawski";"lubelskie";1;1;1;0;0;0;1;0;0;0;0;0;0;0;0;0;1;0;0;0;1;0;0;0;0;0;11;1;0;1;0;0;1;0;1;0;0;0;1;0;0;0;0;1;0;0;0;0;0;5;8;1;26;1;1;0;1;0;0;0;0;0;0;0;0;0;0;0;0;0;0;0;0;0;42;14;47;17;2;1;4;0;4;2;1;0;0;1;2;1;0;0;2;2;3;0;1;27;4;11;3;0;1;1;0;0;0;0;0;1;0;0;0;0;0;0;0;0;1;0;0;0;33;3;0;0;0;0;9;0;0;5;0;0;0;0;1;0;0;1;0;0;0;0;0;0;2;0;0;0;0;0;0;0;0;0;0;0;0;0;0;0;0;0;0;0;0;0;0;0;4;0;0;0;0;0;0;0
7;"Remiza Ochotniczej Straży Pożarnej w Latyczowie, Latyczów 80 B, 22-300 Krasnystaw";60605;"gm. Krasnystaw";"krasnostawski";"lubelskie";1;1;0;1;0;0;3;0;0;0;0;0;0;0;1;0;0;0;0;0;0;0;0;1;0;0;1;0;0;0;1;0;0;0;0;4;2;0;2;0;0;0;1;0;0;0;0;0;0;0;3;1;21;0;0;1;0;0;0;2;0;0;0;0;0;0;0;3;0;0;0;0;0;0;24;11;66;3;0;1;17;0;4;9;1;1;0;0;1;2;1;0;1;0;0;0;1;16;5;6;0;2;2;0;0;1;0;0;0;1;0;0;0;0;0;0;1;0;0;0;0;0;31;3;1;0;0;1;2;0;0;0;0;0;0;0;0;0;0;1;0;0;0;1;0;0;0;1;0;0;0;2;0;0;0;0;0;0;0;0;0;0;0;0;0;0;0;0;0;0;0;0;0;0;0;0;0;0
8;"Szkoła Podstawowa w Krupem, Krupe 89, 22-302 Siennica Nadolna";60605;"gm. Krasnystaw";"krasnostawski";"lubelskie";1;1;1;0;0;0;1;0;0;0;0;1;0;0;0;0;0;0;0;0;0;0;0;2;0;0;3;6;1;0;3;0;0;0;1;0;1;0;1;0;0;0;0;3;0;0;0;0;0;0;4;0;22;1;1;0;0;0;0;1;1;1;0;0;0;1;0;0;0;0;0;0;0;0;54;47;14;9;6;2;9;0;6;1;2;0;0;0;4;1;0;0;0;0;0;0;0;11;7;11;3;1;0;5;1;0;1;0;0;0;0;1;1;0;1;0;0;0;0;0;0;1;25;2;0;0;0;0;1;0;0;1;0;0;1;0;0;1;0;1;0;1;0;1;0;0;4;1;0;0;0;1;0;2;0;0;0;0;0;0;0;0;0;0;0;0;0;0;0;0;0;0;0;0;0;0;0;0
9;"Remiza Ochotniczej Straży Pożarnej w Czarnoziemi, Czarnoziem 36, 22-302 Siennica Nadolna";60605;"gm. Krasnystaw";"krasnostawski";"lubelskie";1;1;2;0;0;1;2;0;0;0;0;0;0;0;0;0;0;1;0;0;0;0;0;0;1;0;1;2;2;1;2;4;0;0;0;3;0;0;1;0;0;0;0;0;0;0;0;0;0;2;0;0;16;0;0;0;0;0;0;0;0;0;0;0;0;0;0;0;0;0;0;0;0;1;14;10;11;1;0;1;2;0;4;0;2;0;0;1;0;0;1;0;0;3;0;0;0;11;4;0;3;0;0;0;0;0;0;0;0;0;0;0;0;0;0;0;0;0;1;0;1;0;10;0;0;0;0;0;0;0;0;2;0;0;0;0;0;0;0;0;0;0;0;0;0;1;0;0;2;0;0;0;0;0;0;0;0;0;0;0;0;0;0;0;0;0;0;0;0;1;1;0;0;0;0;0;0;0
10;"Remiza Ochotniczej Straży Pożarnej w Ostrowie Krupskim, Ostrów Krupski 56, 22-302 Siennica Nadolna";60605;"gm. Krasnystaw";"krasnostawski";"lubelskie";1;1;0;0;0;0;0;1;0;0;0;0;0;0;0;0;0;0;0;0;0;0;0;0;0;0;2;1;0;0;0;0;0;0;0;0;0;0;0;0;0;0;0;0;0;0;0;0;0;0;3;0;26;0;0;0;0;0;0;1;0;0;0;0;0;0;0;0;0;0;0;0;0;0;21;19;3;5;3;0;0;0;0;0;0;0;0;0;0;0;0;0;3;1;1;0;0;3;2;3;0;1;0;1;0;0;0;0;0;1;0;0;1;0;0;0;0;2;2;0;0;0;3;0;0;0;0;0;1;0;0;0;0;0;0;0;0;0;0;0;0;0;0;0;0;0;4;2;0;0;0;0;0;1;0;0;0;0;0;0;0;0;0;0;0;1;0;0;0;0;0;0;0;0;0;0;0;0
11;"Wiejski Dom Kultury w Bzitem, Bzite 127A, 22-302 Siennica Nadolna";60605;"gm. Krasnystaw";"krasnostawski";"lubelskie";1;1;1;0;0;0;1;0;0;1;0;1;0;0;0;0;1;0;0;0;0;0;0;0;0;0;4;1;1;1;1;0;1;0;0;0;1;0;0;0;0;0;0;1;2;0;0;0;0;1;5;0;14;0;0;0;0;1;0;0;0;0;0;0;0;1;0;0;0;1;0;0;0;0;31;31;11;10;1;0;4;0;3;3;4;0;0;0;5;0;1;0;0;0;1;0;1;10;11;3;2;1;0;2;1;1;1;0;0;2;1;1;0;0;0;0;0;0;0;0;1;3;23;1;0;0;0;0;0;0;0;0;0;0;0;0;0;1;0;0;0;0;0;0;0;0;0;1;0;0;0;0;0;0;0;0;0;0;0;0;0;0;0;0;0;0;0;0;0;0;0;0;0;0;0;0;0;0
12;"Świetlica Wiejska w Wincentowie, Wincentów 3, 22-302 Siennica Nadolna";60605;"gm. Krasnystaw";"krasnostawski";"lubelskie";1;1;0;1;0;0;2;0;0;0;0;0;0;0;0;0;0;0;0;0;0;0;0;0;1;0;4;3;1;0;3;0;0;0;0;0;0;0;1;0;0;0;0;0;0;1;0;0;0;0;3;0;26;0;0;0;0;1;0;1;0;0;0;0;0;0;0;0;0;0;0;0;0;0;17;16;5;3;3;0;4;0;3;0;0;0;2;1;2;0;0;0;0;0;0;0;2;0;3;3;0;0;0;0;3;0;0;0;0;0;0;0;0;0;0;0;0;0;0;0;0;0;13;0;0;0;0;0;4;0;0;0;0;0;0;0;0;0;0;0;0;0;0;0;0;0;0;0;0;0;0;0;0;0;0;0;0;0;0;0;0;0;0;0;0;0;0;0;0;0;0;0;0;0;0;0;0;0
13;"Szkoła Podstawowa w Siennicy Nadolnej, Siennica Nadolna 79a, 22-302 Siennica Nadolna";60605;"gm. Krasnystaw";"krasnostawski";"lubelskie";1;1;0;0;0;0;1;1;0;0;0;0;0;0;0;0;0;0;0;0;0;0;0;0;0;0;4;1;2;0;1;0;1;0;0;1;0;0;1;0;0;0;0;0;0;0;0;0;0;0;5;0;16;0;1;0;0;0;0;0;0;0;0;0;0;0;0;0;0;0;0;0;0;0;17;8;10;7;2;1;0;0;0;0;1;0;1;0;0;1;1;0;0;0;1;0;2;5;7;3;2;0;0;0;0;0;0;0;1;0;1;0;0;0;1;0;1;0;0;0;0;1;23;2;0;0;0;1;2;1;0;1;0;0;1;0;0;0;0;0;0;0;0;0;0;0;0;0;0;0;0;0;0;0;0;0;0;0;1;0;0;0;0;0;0;0;0;0;0;0;0;0;0;0;0;0;0;0
14;"Gminne Centrum Kultury w Krasnymstawie z siedzibą w Siennicy Nadolnej, Siennica Nadolna 15D, 22-302 Siennica Nadolna";60605;"gm. Krasnystaw";"krasnostawski";"lubelskie";1;1;1;2;0;0;4;0;0;1;0;0;0;0;0;0;0;0;1;0;0;0;0;0;0;0;18;5;1;1;3;0;1;0;0;0;2;0;1;1;0;0;0;0;0;0;0;0;0;1;7;0;38;0;0;0;1;0;3;14;0;0;1;0;0;0;1;0;1;0;0;0;0;0;27;107;30;7;3;1;5;0;0;0;4;0;1;0;1;1;0;0;1;1;0;0;0;4;15;5;1;1;0;1;0;0;0;0;0;0;0;3;1;0;1;1;1;0;0;0;0;1;61;8;0;1;1;1;7;0;1;5;0;0;0;0;0;0;0;0;0;0;0;0;0;0;1;6;0;0;0;0;0;1;0;0;0;0;0;0;0;0;0;0;0;2;0;0;0;0;0;0;0;0;0;0;0;0
15;"Wiejski Dom Kultury w Siennicy Nadolnej, Siennica Nadolna 217, 22-302 Siennica Nadolna";60605;"gm. Krasnystaw";"krasnostawski";"lubelskie";1;1;1;0;0;0;1;0;0;0;0;0;1;0;0;0;0;0;0;0;0;0;0;1;0;1;6;0;1;0;3;1;2;0;0;0;1;0;5;0;0;0;0;0;5;0;1;0;0;1;7;0;14;1;0;0;0;0;0;1;0;0;0;0;0;0;1;0;0;0;0;0;0;0;51;31;16;13;4;0;7;0;0;0;1;0;1;2;0;0;0;0;0;0;1;1;0;12;10;5;1;0;0;1;2;0;0;0;0;0;1;1;0;1;0;0;1;0;1;1;1;2;30;3;2;0;0;1;0;0;0;10;0;0;0;0;0;0;0;0;0;0;0;0;0;1;3;1;0;0;0;0;0;3;0;0;0;0;0;1;0;0;1;0;0;0;0;0;0;1;0;0;0;0;0;0;0;0
16;"Szkoła Podstawowa w Małochwieju Dużym, Małochwiej Duży 82, 22-300 Krasnystaw";60605;"gm. Krasnystaw";"krasnostawski";"lubelskie";1;1;1;1;0;0;0;0;0;2;0;0;0;0;0;0;0;0;0;0;0;0;0;1;0;0;13;7;11;0;3;1;0;1;0;0;2;0;1;0;1;0;0;0;0;2;0;0;0;0;4;2;26;0;1;1;0;0;0;3;0;1;0;0;0;0;0;0;0;0;0;0;0;0;36;27;28;11;0;0;9;0;0;3;1;1;0;0;2;0;1;0;0;1;1;0;6;0;9;3;2;0;0;0;0;1;1;0;0;0;3;1;0;0;0;0;0;2;0;0;0;1;58;6;2;2;1;0;1;0;0;6;0;1;0;0;0;0;0;0;0;1;0;0;0;0;1;0;0;0;0;0;0;0;0;0;0;0;1;3;0;0;0;0;0;0;0;0;0;0;0;0;0;0;0;0;0;0
17;"Wiejski Dom Kultury w Małochwieju Małym, Małochwiej Mały 32, 22-300 Krasnystaw";60605;"gm. Krasnystaw";"krasnostawski";"lubelskie";1;1;1;0;0;0;0;0;0;0;0;0;0;0;0;0;0;0;0;0;0;0;0;0;0;0;1;3;3;1;0;0;0;0;0;0;0;0;3;0;0;0;0;1;0;0;0;0;0;0;2;0;12;0;0;0;0;1;0;0;0;0;0;0;0;1;0;0;0;0;0;0;0;0;21;9;19;4;2;1;3;0;1;1;1;0;0;0;0;1;0;0;0;3;0;0;0;7;4;1;0;0;0;0;0;0;0;0;0;0;0;0;0;0;0;0;0;1;0;0;0;2;33;1;1;0;0;0;2;0;0;3;0;0;0;0;0;0;0;0;0;0;0;0;0;0;4;0;0;0;0;0;0;2;0;0;0;0;0;1;0;0;0;0;0;0;0;0;0;0;0;0;1;0;0;0;0;0
18;"Dom Ludowy w Łanach, Łany 4, 22-300 Krasnystaw";60605;"gm. Krasnystaw";"krasnostawski";"lubelskie";1;1;1;0;0;8;0;0;0;2;0;0;0;0;0;0;0;0;0;0;0;0;0;1;0;0;4;0;0;0;2;0;0;0;0;1;1;0;0;0;0;0;0;0;0;0;0;0;0;1;3;0;9;0;0;0;0;0;0;1;0;0;0;0;0;0;0;0;0;0;0;0;0;0;8;7;17;0;4;0;4;0;5;1;0;0;0;2;1;2;0;0;5;0;0;0;0;10;8;3;0;0;0;0;1;1;0;0;0;1;0;0;0;0;0;0;0;0;0;0;0;0;10;1;0;1;0;0;0;0;0;0;0;0;0;0;0;0;0;0;0;0;0;0;0;0;0;0;0;0;0;0;0;0;0;0;0;0;0;1;0;0;0;0;0;0;0;0;0;0;0;0;0;0;0;0;0;0
19;"Świetlica Wiejska w Wincentowie, Wincentów 3, 22-302 Siennica Nadolna";60605;"gm. Krasnystaw";"krasnostawski";"lubelskie";1;1;0;0;0;0;1;0;0;0;0;0;0;0;0;0;0;0;0;0;0;0;0;1;0;0;4;2;2;3;0;0;0;0;1;0;0;0;1;0;0;0;0;1;0;0;2;0;0;2;2;0;12;0;0;0;0;1;0;0;0;0;0;0;0;0;0;0;0;0;0;0;0;0;24;18;12;6;1;0;3;0;2;2;4;0;3;0;0;0;0;0;2;1;0;0;2;4;5;7;0;0;0;1;0;0;0;0;0;0;0;0;0;1;0;1;0;0;0;0;0;2;30;3;0;0;0;1;0;1;1;3;0;0;0;0;1;0;0;0;0;0;0;0;0;0;0;0;0;0;0;0;0;3;0;0;0;1;0;0;0;0;2;0;0;0;0;0;0;0;0;0;0;0;0;0;0;0
1;"Remiza OSP, Bończa 85A, 22-310 Kraśniczyn";60606;"gm. Kraśniczyn";"krasnostawski";"lubelskie";1;1;0;1;0;0;0;0;0;3;0;1;0;0;0;0;0;0;0;0;0;0;0;1;1;0;6;0;1;0;3;0;0;0;0;0;1;1;0;0;0;0;0;0;0;0;0;0;0;2;4;0;4;0;0;1;0;0;0;3;1;0;0;1;0;1;0;0;0;0;1;0;0;0;13;33;16;4;0;0;0;0;2;2;3;0;1;1;0;0;0;0;0;0;0;0;1;8;5;1;0;0;0;4;1;0;0;0;0;0;0;0;0;0;0;1;1;0;0;0;0;0;18;2;0;0;0;4;0;0;0;0;0;0;0;0;0;0;0;1;0;0;0;0;0;0;3;0;0;0;0;0;1;2;0;0;0;2;0;1;0;0;0;0;0;0;0;0;0;0;0;0;0;0;0;0;0;0
2;"Budynek Urzędu Gminy, ul. Tadeusza Kościuszki 21, 22-310 Kraśniczyn";60606;"gm. Kraśniczyn";"krasnostawski";"lubelskie";1;1;5;0;1;1;0;2;0;19;0;0;0;0;0;0;0;0;1;1;0;0;0;4;2;1;29;4;9;0;6;2;2;0;2;5;2;1;4;0;0;1;0;0;0;0;0;0;0;3;9;1;40;1;1;2;1;0;0;0;1;1;1;0;0;0;0;0;0;0;0;0;0;0;55;98;48;14;0;0;19;0;3;2;4;0;0;3;0;5;0;0;0;4;1;1;0;15;23;5;3;1;1;5;1;6;0;0;0;0;0;0;0;0;0;0;0;0;1;1;0;2;85;4;0;0;1;2;1;0;1;3;0;0;0;0;0;1;0;0;0;0;1;0;0;2;0;2;0;0;1;1;0;3;0;1;0;0;1;1;0;0;0;1;0;1;1;0;0;0;0;0;0;0;0;0;1;0
3;"DPS, Żułów 13, 22-310 Kraśniczyn";60606;"gm. Kraśniczyn";"krasnostawski";"lubelskie";1;1;0;0;0;0;1;0;0;0;0;1;0;0;0;0;0;0;0;0;0;0;0;0;0;0;4;0;0;0;1;1;0;0;0;0;1;0;0;0;0;0;0;0;0;0;0;0;0;0;0;0;2;0;0;0;0;0;0;0;0;0;0;0;0;0;0;0;0;0;0;0;0;0;28;20;6;2;1;0;4;0;0;0;0;0;0;0;0;0;0;0;0;0;1;0;0;19;0;0;0;0;0;0;0;0;0;0;0;0;0;0;0;0;0;0;0;0;0;0;0;0;4;0;0;0;0;0;0;0;0;0;0;0;0;0;2;0;0;0;0;0;0;0;0;0;0;1;0;0;0;0;0;1;0;0;0;0;0;0;0;0;0;0;0;0;0;0;0;0;0;0;0;1;0;0;0;0
4;"Remiza OSP, Drewniki 27, 22-310 Kraśniczyn";60606;"gm. Kraśniczyn";"krasnostawski";"lubelskie";1;1;0;0;0;0;0;0;0;1;0;1;0;0;0;0;1;0;0;0;0;0;0;0;3;0;3;1;0;1;0;0;0;0;0;0;0;0;0;0;1;1;0;0;0;0;0;0;0;0;2;0;3;0;0;0;0;0;0;0;0;0;0;0;0;0;0;0;0;0;0;0;0;0;17;25;8;1;0;0;4;0;2;0;4;0;0;0;0;0;0;0;0;1;0;0;1;8;3;0;0;0;0;0;0;0;0;0;0;0;0;0;0;0;0;0;1;0;0;0;0;0;4;0;0;0;0;0;0;0;0;0;0;0;0;0;0;0;0;0;0;0;0;0;0;0;2;0;0;0;0;0;0;0;0;0;0;0;0;0;0;0;0;0;0;0;0;0;0;0;0;0;0;0;0;0;0;0
5;"Remiza OSP, Olszanka 25A, 22-310 Kraśniczyn";60606;"gm. Kraśniczyn";"krasnostawski";"lubelskie";1;1;0;0;0;0;0;0;2;0;0;0;0;0;0;0;0;0;0;0;0;0;0;0;0;0;1;4;0;0;0;0;1;0;1;0;0;0;0;0;0;0;0;0;0;0;2;0;0;3;2;0;0;0;0;0;0;2;0;0;0;0;0;0;0;0;0;0;0;0;0;0;0;0;4;7;9;1;3;0;6;0;0;0;5;0;0;0;0;1;1;0;0;1;1;0;0;7;1;0;0;0;0;2;1;0;0;0;0;0;0;0;0;0;0;0;1;0;0;0;0;0;7;1;1;0;0;0;0;0;0;0;0;0;0;0;0;0;0;1;0;0;0;0;0;0;0;0;0;0;0;0;0;0;0;0;0;0;0;0;0;0;0;0;0;0;0;0;0;0;0;0;0;0;0;0;0;0
6;"Remiza OSP, Czajki 53, 22-310 Kraśniczyn";60606;"gm. Kraśniczyn";"krasnostawski";"lubelskie";1;1;0;0;0;0;2;0;0;3;0;0;0;0;0;0;0;0;0;0;0;0;0;0;0;0;4;1;1;0;1;0;0;0;0;0;0;0;0;0;0;0;0;0;0;0;0;0;0;0;2;0;1;0;0;0;0;0;0;0;0;0;0;0;0;0;0;0;0;0;0;0;0;0;13;18;17;6;0;0;1;0;0;1;4;0;0;0;2;0;1;0;0;0;0;1;1;1;4;2;0;0;0;1;0;0;0;0;0;0;1;0;0;0;0;0;1;0;0;0;0;1;13;3;0;1;0;0;0;1;0;0;0;0;0;0;0;0;0;0;0;0;0;0;0;0;0;0;0;0;0;1;0;0;0;0;0;0;0;0;0;0;0;0;0;1;0;0;0;0;0;0;0;0;0;0;0;0
7;"Remiza OSP, Surhów 10, 22-310 Kraśniczyn";60606;"gm. Kraśniczyn";"krasnostawski";"lubelskie";1;1;0;1;1;0;1;0;0;8;0;0;0;0;0;0;0;0;0;0;0;0;0;0;2;0;9;3;6;2;3;1;1;2;0;1;0;0;2;1;0;0;0;1;1;0;0;0;0;4;13;1;32;1;0;0;0;1;0;2;4;1;1;1;0;0;0;0;0;0;0;0;0;0;39;31;31;12;1;2;6;0;2;5;4;0;1;0;0;1;2;0;0;1;0;0;0;23;12;1;2;1;2;1;1;4;2;1;0;1;0;0;1;0;0;1;0;0;2;1;1;2;30;1;1;0;0;3;0;3;1;2;0;0;0;0;0;0;1;0;0;0;0;1;0;0;1;2;0;0;2;0;0;2;0;0;0;0;2;0;0;0;1;0;0;0;0;0;0;0;0;0;0;0;0;0;0;0
8;"Remiza OSP, Chełmiec 50, 22-310 Kraśniczyn";60606;"gm. Kraśniczyn";"krasnostawski";"lubelskie";1;1;1;0;0;0;0;0;0;0;0;0;0;0;0;0;0;0;0;0;0;0;0;0;1;0;0;0;2;0;2;0;0;0;0;0;0;0;0;0;0;0;0;0;0;0;0;0;0;0;1;0;1;0;0;0;0;0;0;0;0;0;1;0;0;0;0;0;0;0;0;0;0;0;12;10;6;5;1;0;0;1;0;1;2;1;0;0;0;0;0;0;1;0;0;0;0;9;3;0;0;0;0;0;0;0;0;1;0;0;0;0;0;0;0;0;0;0;0;0;0;0;4;0;0;0;0;1;0;0;0;1;0;0;0;0;0;0;0;0;0;0;0;0;0;0;0;0;0;0;0;0;0;0;0;0;0;0;0;0;0;0;0;0;0;0;0;0;0;0;0;0;0;0;0;0;0;0
9;"Remiza OSP, Łukaszówka 18, 22-310 Kraśniczyn";60606;"gm. Kraśniczyn";"krasnostawski";"lubelskie";1;1;0;0;0;0;0;0;0;0;0;0;0;0;0;0;0;0;0;0;0;0;0;0;0;0;1;0;1;0;0;0;0;0;0;0;0;0;1;0;0;0;0;0;0;0;0;0;0;0;1;0;1;0;0;0;0;0;0;0;0;0;0;0;0;0;0;0;0;0;0;0;0;0;4;5;8;3;0;0;0;0;1;0;0;0;0;0;0;0;0;0;0;0;0;0;0;2;0;2;0;0;0;0;0;0;0;0;0;0;0;1;0;0;0;0;0;0;0;0;0;0;1;0;0;0;0;0;0;0;0;0;0;0;0;0;0;0;0;0;0;0;0;0;0;0;0;0;0;0;0;0;0;0;0;0;0;0;0;0;0;0;0;0;0;0;0;0;0;0;0;0;0;0;0;0;0;0
10;"Dom Pomocy Społecznej w Bończy – Kolonii, Bończa-Kolonia 71, 22-310 Kraśniczyn";60606;"gm. Kraśniczyn";"krasnostawski";"lubelskie";1;1;1;0;0;0;1;0;0;11;1;0;0;0;0;0;0;0;0;0;0;0;0;0;0;0;0;0;0;0;0;0;0;0;0;10;0;0;0;0;0;0;0;0;1;0;0;0;1;2;0;0;0;0;0;0;0;0;0;0;0;0;0;0;0;0;0;0;0;0;0;0;0;0;4;5;1;1;0;1;0;0;0;1;0;0;0;0;0;0;0;0;0;0;0;0;0;1;0;0;0;0;0;0;0;0;0;0;0;0;0;0;0;0;0;0;0;0;0;0;0;0;3;0;0;0;0;0;0;0;0;1;0;0;0;0;0;0;0;0;1;0;0;0;0;0;1;0;0;0;0;1;1;0;0;0;0;0;0;0;0;0;0;0;0;1;0;0;0;0;0;0;0;0;0;0;0;0
11;"Dom Pomocy Społecznej w Surhów – Kolonii, Surhów-Kolonia 3, 22-310 Kraśniczyn";60606;"gm. Kraśniczyn";"krasnostawski";"lubelskie";1;1;0;0;0;0;1;0;0;0;0;0;0;0;0;0;0;0;0;0;0;0;0;0;0;0;0;0;0;0;1;0;0;0;0;0;0;0;0;0;0;0;0;0;0;0;0;0;0;0;0;0;0;0;0;0;0;0;0;0;0;0;0;0;0;0;0;0;0;0;0;0;0;0;5;5;0;2;1;0;2;0;0;0;0;0;0;0;0;0;0;0;0;0;0;0;0;0;0;0;0;0;0;0;0;0;0;0;0;0;0;0;0;0;0;0;0;0;1;0;0;0;0;0;0;0;0;0;0;0;0;0;0;0;0;0;0;0;0;0;0;0;0;0;0;0;0;0;0;0;0;0;0;0;0;0;0;0;0;0;0;0;0;0;0;0;0;0;0;0;0;0;0;0;0;0;0;0
1;"Świetlica wiejska, Łopiennik Górny 134A, 22-351 Łopiennik Górny";60607;"gm. Łopiennik Górny";"krasnostawski";"lubelskie";1;1;0;0;1;0;0;0;0;0;0;1;0;0;0;1;0;1;0;0;0;0;0;0;0;0;3;0;0;0;1;0;2;0;1;3;0;0;2;0;1;0;0;1;0;0;0;0;0;0;1;0;7;2;0;1;0;1;0;0;0;0;0;0;0;0;0;2;0;0;0;0;0;0;22;18;34;18;2;1;29;0;3;0;3;0;0;1;0;1;2;0;0;2;4;1;4;8;3;18;1;0;0;1;0;0;0;0;0;1;0;0;1;0;0;0;0;0;0;0;0;1;12;1;0;0;0;2;1;0;0;1;0;0;0;0;1;0;0;0;0;0;0;0;0;2;0;0;1;0;1;0;0;0;0;0;0;1;1;0;0;0;0;0;0;0;0;0;0;0;0;0;0;0;0;0;0;0
2;"Remiza OSP, Krzywe 101, 22-351 Łopiennik Górny";60607;"gm. Łopiennik Górny";"krasnostawski";"lubelskie";1;1;1;0;0;1;1;0;0;0;0;0;0;1;1;0;0;0;0;0;1;0;0;0;0;1;7;5;1;0;1;0;2;0;0;0;1;0;1;0;1;0;0;0;0;0;0;0;0;0;1;0;5;0;0;0;0;1;0;0;0;0;1;1;0;0;0;1;0;0;0;1;0;0;48;22;35;15;7;4;22;0;5;2;2;0;1;0;2;3;1;1;1;2;0;1;1;3;7;9;2;0;1;2;0;1;0;0;0;1;1;0;1;0;0;0;1;0;2;0;0;1;29;1;0;1;0;2;2;0;1;0;0;0;0;0;0;0;0;0;0;0;0;1;0;1;1;0;1;1;0;1;0;2;0;0;0;0;0;2;0;0;0;0;0;0;0;0;0;0;0;0;0;0;0;0;0;0
3;"Budynek szkoły, Łopiennik Dolny 56, 22-351 Łopiennik Górny";60607;"gm. Łopiennik Górny";"krasnostawski";"lubelskie";1;1;0;1;0;0;1;0;0;0;0;2;1;0;0;0;1;0;0;0;1;1;0;1;0;1;20;9;3;4;5;1;1;0;0;0;0;1;2;1;0;0;0;2;0;0;0;0;0;8;8;1;9;1;0;3;0;0;0;2;0;0;0;0;0;1;0;0;2;0;0;0;0;0;70;31;66;34;7;4;18;0;17;0;3;0;1;3;1;2;0;0;0;1;1;0;1;20;7;18;1;0;1;0;2;0;0;0;0;0;0;1;2;0;0;0;0;0;0;0;1;3;24;6;4;1;1;0;1;0;0;3;0;0;0;0;1;0;1;2;0;0;0;0;0;1;3;0;1;0;0;0;0;0;0;0;0;1;1;0;0;0;0;0;0;0;0;1;0;0;0;0;0;0;0;0;0;0
4;"Budynek szkoły, Żulin 116, 22-351 Łopiennik Górny";60607;"gm. Łopiennik Górny";"krasnostawski";"lubelskie";1;1;0;0;0;2;0;0;0;0;0;0;0;0;0;0;0;0;0;0;0;0;0;1;0;0;1;1;0;0;2;0;0;1;0;0;1;1;0;0;0;1;0;0;0;0;0;0;0;4;4;0;8;0;0;1;0;1;0;0;1;0;0;1;0;1;0;0;0;0;0;1;0;0;44;15;18;9;0;1;5;1;10;0;0;0;1;1;4;1;0;0;0;3;1;0;2;7;2;2;0;0;0;1;0;0;0;0;0;0;0;1;1;0;0;1;0;0;0;0;0;1;16;2;0;0;0;1;0;0;0;2;0;0;0;0;0;0;0;0;0;0;0;0;0;0;3;0;0;0;0;0;1;0;0;0;0;0;0;0;0;0;0;0;0;0;0;0;0;0;0;0;2;0;0;0;0;0
5;"Budynek szkoły, Łopiennik Nadrzeczny 5A, 22-351 Łopiennik Górny";60607;"gm. Łopiennik Górny";"krasnostawski";"lubelskie";1;1;0;0;0;0;2;0;0;0;0;0;0;0;0;1;1;0;0;0;0;0;0;0;0;1;4;5;2;1;0;0;0;0;1;1;0;0;0;0;0;0;1;0;0;0;0;0;0;1;1;0;10;1;0;0;1;1;0;0;0;0;0;0;0;0;0;0;0;0;0;0;0;0;34;8;14;12;0;2;3;0;3;0;3;0;0;0;1;0;0;0;0;0;1;0;0;6;9;4;1;1;0;0;0;0;0;0;0;0;0;0;0;0;0;0;0;0;0;1;0;1;24;3;0;0;0;0;1;0;0;0;0;0;0;0;0;0;0;0;0;0;0;0;0;0;0;1;3;0;0;0;0;1;0;0;0;0;0;1;0;0;0;0;0;0;0;0;0;0;0;0;0;1;0;0;0;0
6;"Świetlica wiejska, Olszanka 71, 22-351 Łopiennik Górny";60607;"gm. Łopiennik Górny";"krasnostawski";"lubelskie";1;1;1;0;0;0;0;0;0;0;0;1;1;0;0;0;0;0;0;0;0;0;0;0;0;0;8;1;2;0;1;0;1;0;0;0;2;0;0;0;0;0;0;0;0;1;0;0;0;0;0;0;2;0;0;0;0;0;0;2;1;0;0;0;0;0;0;0;0;0;0;0;0;0;32;15;29;6;1;1;10;1;2;0;1;0;1;2;1;1;1;0;1;1;0;0;2;6;6;18;0;0;0;0;0;1;0;0;0;0;0;0;0;0;0;0;0;0;0;0;1;0;21;1;0;0;1;0;1;0;0;0;0;0;0;0;2;0;0;0;0;0;0;0;1;1;2;1;0;0;0;0;0;2;0;0;0;0;0;0;0;0;0;0;0;0;0;0;0;0;0;0;0;0;0;0;0;0
7;"Świetlica wiejska, Borowica 73A, 22-351 Łopiennik Górny";60607;"gm. Łopiennik Górny";"krasnostawski";"lubelskie";1;1;1;0;0;0;0;0;0;0;1;0;0;0;1;0;0;0;0;0;0;0;0;0;0;0;3;5;1;1;1;0;0;0;0;0;0;0;0;0;0;2;0;1;0;0;0;0;0;1;2;0;0;0;0;0;0;0;0;0;0;0;0;0;0;0;0;1;0;0;0;0;0;0;21;7;16;7;0;2;1;1;9;1;3;0;0;0;0;0;0;0;0;1;0;0;0;3;4;3;0;0;1;0;0;0;0;0;0;1;0;0;0;0;0;0;1;0;0;0;0;0;9;1;1;0;1;0;1;0;0;0;0;0;0;0;0;0;0;0;0;0;0;0;0;1;0;0;0;1;0;0;0;0;1;0;0;0;0;0;0;0;0;0;0;0;0;0;0;0;0;0;0;0;0;0;0;0
8;"Świetlica wiejska, Łopiennik Dolny-Kolonia 16, 22-351 Łopiennik Górny";60607;"gm. Łopiennik Górny";"krasnostawski";"lubelskie";1;1;1;0;0;1;1;0;0;1;0;0;0;0;0;0;0;0;0;0;0;0;0;1;1;0;8;5;1;2;1;2;0;0;0;1;0;0;0;0;1;0;0;2;1;2;0;0;0;1;1;0;6;0;0;0;0;1;0;0;0;0;1;1;0;0;0;0;0;0;0;0;0;0;24;7;34;13;4;1;9;1;6;1;1;0;2;5;4;0;2;1;0;1;3;0;0;10;4;9;2;0;0;0;0;0;0;0;0;0;0;0;0;0;0;0;2;0;0;0;0;1;24;0;0;1;0;0;0;0;0;0;0;0;0;1;0;0;0;0;0;0;0;0;1;0;0;0;1;0;0;0;0;2;0;0;0;0;0;0;0;0;0;0;0;0;0;0;0;0;0;0;0;0;0;0;0;0
1;"Budynek świetlicy wiejskiej w Suszniu, Suszeń 5A, 22-330 Rudnik";60609;"gm. Rudnik";"krasnostawski";"lubelskie";1;1;0;0;0;0;0;0;0;0;0;0;0;0;0;1;0;0;0;0;0;0;0;0;2;0;5;0;4;0;5;0;0;0;0;0;0;0;3;0;0;0;0;0;0;0;0;0;2;1;3;1;3;0;0;0;0;0;0;0;0;0;1;0;0;0;0;0;0;0;0;0;0;0;16;13;32;2;1;0;37;0;1;0;1;0;0;0;0;1;0;0;0;7;0;0;0;7;2;1;0;0;0;1;0;0;0;0;0;0;0;0;0;0;0;0;0;0;0;0;0;1;18;1;0;0;0;0;5;0;0;0;0;0;0;0;0;0;0;2;0;0;0;0;0;0;2;0;0;0;0;0;0;1;0;0;0;0;0;0;0;0;1;0;0;0;0;0;0;0;0;0;0;0;0;0;0;0
2;"Sala Gimnastyczna w Rudniku, Rudnik 70, 22-330 Rudnik";60609;"gm. Rudnik";"krasnostawski";"lubelskie";1;1;2;1;1;3;2;0;0;3;0;2;0;0;0;0;0;0;0;0;1;0;0;3;1;0;14;5;2;1;2;1;3;0;0;1;1;0;40;3;0;1;2;5;0;0;0;0;1;1;9;4;13;2;0;0;1;1;0;0;2;0;0;0;0;0;0;1;0;0;0;0;0;0;59;12;57;10;1;0;68;2;6;3;22;0;1;4;0;8;0;0;0;5;1;0;2;12;11;12;2;1;0;2;1;1;0;0;0;0;2;0;0;0;1;0;0;0;0;0;1;1;16;1;1;0;1;2;17;0;1;0;0;0;0;0;0;0;0;0;0;0;0;0;0;1;1;3;0;0;0;0;0;3;1;0;0;0;0;0;0;0;1;0;0;3;0;0;0;0;0;0;0;1;0;0;0;0
3;"Wiejski Dom Kultury w Równiankach, Równianki 1A, 22-330 Rudnik";60609;"gm. Rudnik";"krasnostawski";"lubelskie";1;1;0;0;0;1;0;1;0;0;0;0;0;0;0;0;0;0;0;0;0;0;0;1;0;1;7;6;1;0;0;1;0;0;1;0;1;2;21;0;0;0;0;0;0;0;0;0;0;1;5;0;4;1;1;0;0;0;0;0;0;0;0;0;0;0;0;0;0;0;0;0;0;0;19;14;58;5;2;1;51;1;2;4;12;1;2;5;1;0;2;0;0;7;1;1;0;6;10;4;0;0;0;0;0;1;1;0;0;1;0;1;0;0;0;0;0;0;0;0;0;0;7;2;0;0;0;0;12;0;1;0;0;0;0;0;0;1;0;1;0;0;0;0;0;0;3;2;1;0;0;0;0;0;0;0;0;0;1;0;0;0;0;0;0;1;0;0;0;0;0;0;0;0;0;0;0;0
4;"Szkoła Podstawowa, Płonka 70, 22-330 Rudnik";60609;"gm. Rudnik";"krasnostawski";"lubelskie";1;1;0;0;0;0;0;0;0;0;0;0;0;0;0;0;0;0;0;0;0;0;0;3;0;0;1;4;1;0;0;0;0;0;0;0;0;0;23;0;0;0;0;0;0;0;0;0;0;0;0;0;0;1;2;0;0;0;0;0;0;0;0;0;0;0;0;0;0;0;0;0;0;1;19;9;32;3;0;0;32;0;3;8;9;0;1;1;0;2;0;0;0;4;1;0;0;4;0;2;0;0;1;0;0;1;0;0;0;1;0;0;0;0;0;0;0;0;0;0;0;0;10;0;3;1;0;3;2;1;0;0;0;0;0;0;0;0;0;0;0;0;0;0;0;0;0;1;0;0;0;0;0;0;0;0;0;0;0;0;0;0;0;0;0;0;0;0;0;0;0;0;0;0;0;0;0;0
5;"Dom Pomocy Społecznej, Bzowiec 134, 22-335 Żółkiewka";60609;"gm. Rudnik";"krasnostawski";"lubelskie";1;1;1;0;0;0;0;0;0;0;0;0;1;0;0;0;0;0;0;0;0;1;0;0;0;0;0;1;6;1;1;0;0;0;2;0;0;0;16;0;0;0;0;0;0;1;0;0;0;0;1;0;4;0;0;1;0;0;0;0;1;0;0;0;0;0;0;0;0;0;0;0;0;0;28;20;32;6;2;0;12;0;0;4;8;0;3;2;0;0;0;0;0;4;1;0;0;2;5;0;0;1;0;0;0;1;0;0;0;0;0;0;0;0;0;0;0;0;0;0;1;0;6;0;1;1;0;0;2;0;0;0;0;0;0;0;1;0;0;1;0;0;0;0;0;0;0;0;0;0;0;0;0;0;0;0;0;0;0;0;1;0;0;0;0;0;0;0;0;0;0;0;0;0;1;0;0;0
1;"Remiza OSP, Siennica Królewska Duża 97, 22-304 Siennica Różana";60610;"gm. Siennica Różana";"krasnostawski";"lubelskie";1;1;0;1;1;0;6;0;0;3;0;1;0;0;0;0;0;0;1;0;0;0;0;0;0;0;17;7;8;0;2;2;2;1;1;1;1;0;3;0;0;0;0;0;1;0;0;0;0;3;5;0;31;0;0;1;0;0;0;2;0;0;0;0;0;0;0;0;0;0;0;0;0;0;42;18;37;7;1;2;20;1;6;3;3;1;4;0;0;2;0;1;15;2;0;0;1;13;9;6;1;0;1;10;0;0;1;1;0;0;1;1;0;0;0;1;3;0;0;0;0;1;57;2;3;3;1;0;0;2;0;12;0;0;0;0;0;0;0;0;0;0;0;0;0;0;1;0;0;0;0;0;0;2;0;0;0;0;0;3;0;0;1;0;0;2;0;0;0;0;1;0;0;0;0;0;0;0
2;"Sala Gimnastyczna Szkoły Podstawowej, Siennica Różana 257, 22-304 Siennica Różana";60610;"gm. Siennica Różana";"krasnostawski";"lubelskie";1;1;2;0;0;1;1;0;0;1;0;0;0;0;0;1;0;0;0;0;0;0;0;1;0;0;35;9;15;5;9;0;1;1;0;3;1;1;2;1;0;0;0;0;1;0;0;0;1;2;12;2;51;2;0;1;0;0;1;2;0;0;0;0;0;1;0;0;0;0;0;3;1;0;85;27;50;9;0;1;34;0;5;1;3;0;0;4;2;1;0;6;0;1;0;0;1;31;14;6;5;0;1;8;3;0;0;0;0;1;0;0;2;0;0;1;3;2;0;0;1;3;83;3;1;1;1;1;0;0;0;20;0;0;0;0;0;0;0;0;0;0;0;0;0;1;1;4;0;0;0;0;0;0;1;0;0;1;0;1;0;0;0;0;0;2;0;0;0;0;0;0;0;0;0;0;0;0
3;"Remiza OSP, Wola Siennicka 75, 22-304 Siennica Różana";60610;"gm. Siennica Różana";"krasnostawski";"lubelskie";1;1;1;0;0;0;0;0;0;2;0;0;0;0;0;0;1;0;0;0;0;0;0;0;0;0;16;0;19;1;4;3;2;0;2;0;0;4;3;0;0;0;0;1;0;0;2;0;0;1;8;1;19;0;0;0;0;0;0;0;1;0;0;0;0;0;0;0;0;0;0;0;0;0;29;9;11;6;1;2;9;1;0;0;1;0;0;2;1;1;1;0;0;1;0;0;0;11;12;6;3;0;3;6;0;0;0;0;0;1;0;0;0;0;0;0;0;0;0;0;0;0;29;4;2;2;1;3;1;0;0;17;0;0;0;0;1;0;0;0;0;1;0;0;0;0;2;0;0;0;0;0;0;0;0;0;0;0;0;1;0;0;0;0;0;0;0;0;0;0;0;0;0;0;1;0;0;0
4;"Świetlica Wiejska, Zagroda 24, 22-304 Siennica Różana";60610;"gm. Siennica Różana";"krasnostawski";"lubelskie";1;1;0;1;0;0;0;0;0;2;0;0;1;0;1;0;0;0;0;1;0;0;0;0;2;0;13;1;8;0;2;1;0;0;1;1;1;1;3;0;0;0;0;0;1;0;0;0;0;0;4;1;13;0;1;0;1;0;0;0;1;0;0;0;0;0;0;0;0;0;0;0;0;0;26;12;9;4;0;0;5;0;3;1;1;0;0;0;1;0;0;0;0;0;1;0;1;31;6;2;4;1;1;1;0;0;0;1;0;0;0;0;0;0;0;0;0;1;1;0;0;0;36;0;0;0;0;1;1;0;0;0;0;0;0;0;0;0;0;1;0;0;0;0;0;0;1;0;0;0;0;0;0;0;0;0;0;0;0;0;0;0;0;1;0;0;0;0;0;0;0;0;0;0;0;0;0;0
5;"Remiza OSP, Wierzchowiny 61a, 22-304 Siennica Różana";60610;"gm. Siennica Różana";"krasnostawski";"lubelskie";1;1;0;2;0;1;1;0;0;0;0;0;0;0;0;0;0;0;0;0;0;0;0;0;0;0;5;1;7;1;7;0;0;0;0;3;0;3;0;0;0;0;0;0;0;0;0;0;0;0;5;4;5;0;0;0;0;0;0;0;1;0;0;0;0;0;0;0;0;0;0;0;0;0;30;9;8;5;0;0;5;1;2;0;0;0;0;0;1;1;0;0;0;0;0;0;0;30;3;0;2;0;0;1;0;0;0;0;0;0;0;0;0;0;0;1;0;0;0;1;0;0;12;0;3;0;0;0;0;1;0;2;0;0;0;0;0;0;0;1;0;0;0;0;0;0;5;1;0;1;0;0;0;1;0;0;0;2;0;0;0;0;0;0;0;0;0;0;0;0;0;0;0;0;0;0;0;0
6;"Świetlica Wiejska, Boruń 50A, 22-304 Siennica Różana";60610;"gm. Siennica Różana";"krasnostawski";"lubelskie";1;1;0;0;0;0;1;0;0;0;0;0;0;0;0;1;0;0;0;0;0;0;0;0;0;0;8;7;2;0;1;0;1;0;0;1;1;0;2;0;0;0;0;0;0;0;0;0;0;0;0;0;3;0;0;0;0;0;0;0;0;0;0;0;0;0;0;0;0;0;0;0;0;0;11;7;4;3;0;1;2;0;0;0;0;0;0;0;1;0;0;0;1;0;1;0;1;7;8;1;0;0;1;2;0;0;0;0;0;0;0;0;1;0;0;1;0;0;0;0;0;0;18;0;0;0;0;0;0;0;0;1;0;0;0;0;0;0;0;0;0;0;0;0;0;0;0;0;0;0;0;0;0;0;0;0;0;0;0;0;0;0;0;0;0;0;0;0;0;0;0;0;0;0;0;0;0;0
7;"Świetlica Wiejska, Siennica Królewska Mała 50, 22-304 Siennica Różana";60610;"gm. Siennica Różana";"krasnostawski";"lubelskie";1;1;1;0;0;1;0;0;0;1;0;0;0;0;0;0;0;0;0;0;0;1;0;0;1;0;6;1;4;0;4;0;1;0;0;0;2;1;0;0;0;0;0;0;0;0;0;0;0;0;0;0;10;1;1;0;0;0;1;0;0;0;0;0;0;1;0;0;0;0;0;0;0;0;13;3;12;2;3;1;7;0;1;0;0;0;0;0;0;0;1;0;0;0;0;0;0;3;6;3;2;1;0;0;0;0;0;1;0;0;0;0;1;0;0;0;0;0;0;1;0;0;10;1;1;0;0;0;0;0;1;2;0;0;0;0;0;0;0;0;0;0;0;0;0;1;0;0;0;0;0;0;0;0;0;1;0;0;0;0;0;0;0;0;0;0;0;1;0;0;0;0;0;0;0;0;0;0
8;"Świetlica Wiejska, Żdżanne 58, 22-304 Siennica Różana";60610;"gm. Siennica Różana";"krasnostawski";"lubelskie";1;1;2;1;0;1;0;0;1;2;0;2;1;0;0;0;0;0;0;0;0;0;0;2;0;0;12;1;10;0;1;2;1;0;0;1;1;0;0;0;0;0;1;0;1;0;0;0;0;0;1;0;13;0;0;1;0;0;0;0;0;0;0;0;0;0;0;0;0;0;0;0;0;0;13;2;6;7;0;3;1;0;4;0;1;0;0;0;0;0;0;0;1;0;0;0;0;16;2;1;0;0;2;2;0;0;0;0;0;0;0;0;0;0;0;0;0;0;0;0;0;0;19;0;0;0;1;0;2;0;0;1;0;0;0;0;0;0;0;0;0;0;0;0;0;0;2;2;0;0;0;0;0;0;0;1;0;0;0;0;0;0;1;0;0;1;0;0;0;0;0;0;0;0;0;0;0;0
1;"Budynek dworku, Olchowiec 54, 22-335 Żółkiewka";60611;"gm. Żółkiewka";"krasnostawski";"lubelskie";1;1;0;0;0;1;2;0;0;0;0;0;0;0;0;0;0;0;0;0;0;1;1;2;0;0;11;3;2;1;1;1;1;0;0;0;1;1;0;0;0;0;0;0;0;0;0;0;0;1;2;0;8;0;0;0;0;0;0;2;2;0;0;0;0;0;1;0;0;0;0;0;0;0;46;14;55;7;4;4;10;0;0;14;18;0;0;3;1;4;0;0;1;1;1;0;2;2;7;7;1;0;0;0;0;1;0;0;0;0;0;1;0;0;0;0;1;0;0;0;0;1;17;3;0;1;0;0;35;0;0;0;0;0;0;0;0;0;0;0;0;0;2;0;1;0;4;0;0;1;1;0;0;0;0;0;0;0;2;0;0;0;0;0;0;1;1;0;0;0;0;0;0;0;0;0;0;0
2;"Urząd Gminy, Żółkiewka-Osada ul. Hetmana Żółkiewskiego 2, 22-335 Żółkiewka";60611;"gm. Żółkiewka";"krasnostawski";"lubelskie";1;1;2;1;1;0;1;1;0;2;0;0;0;0;1;0;0;0;0;0;0;0;0;2;3;0;20;9;3;2;5;3;2;1;1;1;3;0;6;3;2;0;0;0;0;0;1;0;0;0;8;0;7;2;0;0;1;1;0;0;0;0;1;0;0;0;0;0;0;0;0;0;0;0;70;31;94;15;3;4;42;3;5;13;15;0;4;3;0;2;1;0;1;2;4;0;3;6;17;17;7;4;0;1;0;0;0;1;0;0;1;0;2;1;0;1;0;1;1;2;1;2;26;1;1;0;0;1;81;0;0;2;0;0;1;0;0;1;0;0;0;0;0;0;0;1;6;2;0;0;0;3;0;0;0;0;0;0;1;0;1;0;0;0;0;0;0;0;0;0;2;0;0;0;0;0;0;0
3;"Hala sportowa, Żółkiewka-Osada ul. Polna 24, 22-335 Żółkiewka";60611;"gm. Żółkiewka";"krasnostawski";"lubelskie";1;1;0;0;0;0;0;0;0;0;0;0;1;0;0;0;1;0;0;0;0;0;0;0;0;0;10;1;1;0;0;1;0;1;0;1;0;0;2;0;0;0;0;0;2;0;0;0;1;2;4;0;2;0;0;1;0;0;0;0;1;0;0;0;0;0;0;0;0;0;0;0;0;0;29;13;43;14;4;4;11;2;1;10;6;0;2;2;0;1;0;0;1;7;0;0;1;7;12;1;2;0;0;0;0;1;1;0;1;0;0;0;0;0;0;0;2;0;0;1;1;0;9;2;0;0;0;0;13;0;0;0;0;0;0;0;0;0;0;0;0;0;2;0;0;1;3;0;0;0;0;0;0;0;0;0;0;0;2;0;0;0;0;0;0;2;1;0;0;0;0;0;0;0;0;0;1;0
4;"Remiza OSP, Dąbie 41, 22-335 Żółkiewka";60611;"gm. Żółkiewka";"krasnostawski";"lubelskie";1;1;0;0;0;0;0;0;0;0;0;0;0;0;0;0;0;0;0;0;0;0;0;0;0;0;4;1;0;2;0;0;0;0;0;0;1;0;0;1;0;0;0;0;0;0;0;0;3;0;0;0;1;0;0;0;0;0;0;0;0;0;0;0;0;0;0;0;0;0;0;0;0;0;9;5;32;13;1;0;1;1;0;0;4;0;1;1;0;0;0;0;0;1;0;0;1;4;1;0;0;0;1;0;0;0;0;0;0;0;0;0;0;0;0;0;0;0;0;0;1;0;2;1;3;0;0;0;1;0;0;0;0;0;0;0;0;0;0;0;0;0;0;0;0;0;0;0;0;1;0;0;0;0;0;0;0;0;0;0;0;0;0;0;0;0;0;0;0;0;0;0;0;0;0;0;0;0
5;"Remiza OSP, Rożki 100, 22-335 Żółkiewka";60611;"gm. Żółkiewka";"krasnostawski";"lubelskie";1;1;2;1;0;0;0;0;0;0;0;0;0;0;0;0;0;0;1;0;0;0;0;1;0;0;7;3;1;0;1;0;2;0;1;0;2;0;2;0;0;0;0;1;1;0;0;0;0;2;3;0;3;0;0;0;0;1;0;0;1;0;0;0;0;0;1;0;0;0;0;0;0;0;26;14;43;7;1;0;17;0;5;8;30;0;1;0;0;7;2;0;0;1;0;0;3;6;8;8;0;0;1;1;1;2;1;0;0;1;0;0;1;0;0;1;3;0;0;0;0;3;16;1;1;0;0;0;23;0;1;1;0;0;0;0;1;0;0;0;0;0;0;0;0;0;2;0;0;0;0;0;0;0;0;0;0;0;0;1;0;0;0;0;0;1;0;0;0;0;0;0;0;1;0;0;0;0
6;"Remiza OSP, Koszarsko 23, 22-335 Żółkiewka";60611;"gm. Żółkiewka";"krasnostawski";"lubelskie";1;1;0;0;0;0;0;0;0;0;0;2;0;0;0;0;0;0;0;0;0;0;0;0;0;0;11;2;2;3;0;0;0;0;0;0;0;1;2;0;0;0;0;0;0;1;0;0;0;2;2;0;5;1;0;0;0;0;0;1;0;0;0;0;0;0;0;0;0;0;1;0;0;0;38;16;40;11;4;0;21;0;2;7;10;0;0;0;1;2;0;0;0;3;0;0;0;9;8;7;1;2;1;1;0;0;0;0;0;0;2;0;0;0;0;0;2;0;0;0;0;0;6;0;0;0;0;0;8;0;0;0;0;0;0;0;0;1;0;0;0;0;0;0;0;0;5;0;0;0;0;0;0;0;0;0;0;0;0;0;0;0;0;3;0;0;0;0;0;0;0;0;0;0;0;0;0;0
7;"Remiza OSP, Wierzchowina 165, 22-335 Żółkiewka";60611;"gm. Żółkiewka";"krasnostawski";"lubelskie";1;1;1;0;0;0;0;0;0;1;0;0;0;0;0;0;0;0;0;0;0;0;0;0;0;0;2;1;0;0;1;0;2;0;1;0;0;0;2;0;0;0;0;0;0;0;0;0;0;2;1;2;3;0;0;0;1;1;0;0;0;0;0;0;0;0;0;0;0;0;0;0;0;0;33;8;24;18;1;4;32;0;0;2;13;0;1;3;0;0;0;0;0;2;1;0;0;6;11;2;1;0;1;0;1;0;0;1;0;0;0;0;0;0;0;0;2;1;0;0;0;1;4;2;0;1;0;2;19;0;0;0;0;0;0;0;0;0;0;1;0;0;0;0;0;0;5;1;0;0;0;0;0;0;0;0;0;0;0;0;0;0;0;0;0;0;0;0;0;0;0;0;1;0;0;0;0;0
8;"Remiza OSP, Chłaniów 137, 22-335 Żółkiewka";60611;"gm. Żółkiewka";"krasnostawski";"lubelskie";1;1;0;0;0;0;0;0;0;1;0;0;0;0;0;0;0;0;0;0;0;0;0;0;0;0;1;0;2;1;1;0;0;0;0;0;1;0;4;0;0;0;0;0;0;0;0;0;0;0;2;0;3;0;1;1;0;1;0;0;0;0;0;0;0;0;0;0;0;0;1;0;0;0;30;6;53;16;1;1;62;1;1;14;12;0;2;3;0;1;2;0;0;12;0;0;0;4;6;0;0;0;2;0;0;0;0;1;0;1;0;0;0;0;1;0;0;0;0;0;0;0;10;2;0;0;0;0;10;0;0;0;0;0;0;0;0;0;0;0;0;0;0;0;0;0;2;0;0;0;0;0;0;0;0;2;0;0;0;3;0;0;0;0;0;0;0;0;0;0;0;0;0;0;0;0;0;0
9;"Zespół Szkół, Zaburze 46, 22-335 Żółkiewka";60611;"gm. Żółkiewka";"krasnostawski";"lubelskie";1;1;0;0;0;1;0;0;0;0;1;0;0;0;0;0;0;0;0;0;0;0;0;0;0;0;7;1;2;0;2;0;0;0;0;0;1;1;0;0;1;0;0;1;0;0;0;0;0;0;2;0;2;0;0;0;0;0;0;0;0;0;0;0;0;0;0;0;0;0;0;0;0;0;14;5;20;1;0;0;9;0;0;2;1;0;0;0;0;1;0;0;0;1;0;0;1;3;2;2;0;0;0;1;0;0;1;0;0;0;0;0;0;0;0;0;1;0;0;0;0;1;6;0;1;0;0;0;21;0;0;0;0;0;0;0;0;0;0;0;0;0;0;0;1;0;4;1;0;0;0;0;0;0;0;0;0;0;0;0;0;0;0;0;0;0;0;0;0;0;0;0;0;0;0;0;0;0
1;"Gminny Ośrodek Kultury w Dębowej Kłodzie, Dębowa Kłoda 116A, 21-211 Dębowa Kłoda";61301;"gm. Dębowa Kłoda";"parczewski";"lubelskie";1;1;0;0;0;1;1;0;0;0;0;0;0;0;0;0;1;0;0;0;0;0;0;3;0;0;3;0;13;0;1;0;3;1;0;0;0;0;0;1;0;0;5;1;0;0;1;0;0;3;7;0;0;1;0;1;0;0;0;1;2;0;2;0;0;0;0;0;0;0;0;0;0;0;19;1;15;108;2;6;5;0;0;2;0;0;0;0;0;0;1;22;0;0;0;0;0;0;10;1;0;0;2;0;0;0;0;0;0;0;0;0;1;0;0;0;0;0;0;0;0;0;10;4;20;0;1;0;0;0;2;0;0;1;0;0;0;0;0;0;0;0;0;0;0;0;2;1;0;1;0;0;0;0;0;0;1;0;0;0;0;0;0;0;0;1;0;0;0;0;0;0;0;0;0;0;0;1
2;"Szkoła Podstawowa w Kodeńcu, Kodeniec 71, 21-211 Dębowa Kłoda";61301;"gm. Dębowa Kłoda";"parczewski";"lubelskie";1;1;1;0;0;0;3;0;0;1;0;0;0;1;0;1;1;0;1;0;0;0;0;0;0;0;8;0;23;3;9;0;2;1;4;0;2;1;3;0;0;0;6;0;0;1;6;0;0;5;24;0;0;12;1;0;0;1;0;1;0;0;1;0;0;1;1;1;0;0;0;0;0;0;36;2;20;153;4;12;5;0;0;0;0;0;2;0;1;0;1;22;0;0;0;0;0;3;30;7;0;0;2;1;0;0;0;1;0;0;0;0;1;0;0;0;1;0;0;1;1;1;29;3;16;0;1;2;0;0;2;1;1;0;1;0;3;1;0;0;0;0;0;0;0;0;8;0;2;1;2;0;0;0;0;0;4;0;0;0;0;0;0;0;0;2;0;1;0;7;0;0;0;0;0;0;2;0
3;"Świetlica Wiejska w Stępkowie, Stępków 52, 21-211 Dębowa Kłoda";61301;"gm. Dębowa Kłoda";"parczewski";"lubelskie";1;1;1;0;0;0;0;0;0;0;0;1;0;0;0;0;0;0;0;0;0;1;0;1;0;0;3;2;15;1;1;1;2;2;0;0;0;0;0;1;0;0;7;0;0;0;0;0;0;0;1;1;1;2;1;0;0;1;0;0;1;0;2;0;0;0;0;0;0;0;0;1;0;0;21;3;3;81;0;11;1;0;0;0;0;0;0;1;0;0;0;41;0;0;1;1;1;0;4;6;1;0;1;0;0;0;0;0;0;0;0;3;0;0;0;0;0;0;0;0;0;0;2;2;5;0;0;1;0;0;0;0;0;0;0;0;0;0;0;0;0;0;0;0;0;0;2;1;0;1;0;0;1;0;0;0;2;1;0;0;0;0;0;0;0;0;0;0;0;0;0;0;0;0;0;0;0;0
4;"Remiza Strażacka w Chmielowie, Chmielów 61, 21-211 Dębowa Kłoda";61301;"gm. Dębowa Kłoda";"parczewski";"lubelskie";1;1;1;0;0;2;0;0;0;0;0;0;1;0;1;0;0;0;1;0;0;0;0;1;0;0;6;1;10;0;0;0;0;1;0;0;0;0;1;0;0;0;9;1;0;2;0;0;0;2;7;1;0;5;0;1;0;0;0;0;0;0;0;0;0;0;1;0;0;0;1;0;0;1;18;3;7;35;1;8;3;0;0;2;0;0;0;0;0;0;0;22;0;0;0;0;1;0;6;1;1;0;2;0;0;0;0;0;0;0;0;0;0;0;0;0;1;0;0;0;2;0;5;4;15;1;0;3;0;1;0;0;0;0;0;0;0;0;1;0;0;0;0;1;0;2;3;0;0;0;0;0;1;0;0;0;0;0;0;0;0;0;0;0;0;0;0;0;0;0;0;0;0;0;0;0;0;0
5;"Remiza Strażacka w Uhninie, Uhnin 40, 21-211 Dębowa Kłoda";61301;"gm. Dębowa Kłoda";"parczewski";"lubelskie";1;1;2;0;0;0;1;0;0;0;0;0;0;0;0;1;0;1;0;0;0;0;0;1;0;0;7;1;12;1;2;0;0;1;0;0;0;0;0;1;0;1;1;1;1;1;0;0;0;2;5;0;0;1;0;0;0;0;0;0;1;0;3;0;0;0;0;0;2;0;1;0;0;0;32;4;18;66;2;9;2;0;0;1;0;0;0;0;0;1;1;19;0;0;0;0;0;2;2;0;3;1;2;0;0;0;1;0;0;0;0;1;0;0;0;0;1;1;0;0;0;0;12;5;8;0;0;2;0;0;0;2;0;1;0;0;0;0;0;2;0;0;0;0;0;1;2;2;0;0;0;0;0;0;1;0;0;0;0;0;0;0;0;0;0;0;0;0;0;0;0;0;0;0;0;0;0;1
6;"Świetlica Wiejska w Białce, Białka 29, 21-211 Dębowa Kłoda";61301;"gm. Dębowa Kłoda";"parczewski";"lubelskie";1;1;1;0;0;0;1;0;0;0;0;0;0;0;0;0;0;0;0;0;0;0;0;0;0;0;6;1;5;0;3;0;0;0;0;1;0;0;0;0;0;2;1;1;0;0;0;0;0;1;4;0;0;0;0;0;0;0;0;0;0;0;0;0;0;0;0;0;0;0;0;0;0;0;25;2;5;27;1;3;0;1;0;0;0;2;1;1;1;0;1;13;0;0;0;0;0;1;1;6;0;0;0;0;1;0;0;0;0;0;0;0;0;0;0;0;1;0;0;0;0;0;9;6;5;0;1;0;0;0;2;0;0;0;0;0;0;1;0;0;0;1;0;0;0;0;4;0;0;0;0;0;0;0;0;0;3;0;0;0;0;0;0;0;0;0;0;0;0;0;0;0;0;0;0;0;0;0
7;"Remiza Strażacka w Plebaniej Woli, Plebania Wola 49, 21-211 Dębowa Kłoda";61301;"gm. Dębowa Kłoda";"parczewski";"lubelskie";1;1;0;0;0;0;0;0;0;0;0;0;0;0;0;0;0;0;0;0;0;0;0;1;0;0;5;1;4;0;0;0;0;0;0;1;1;4;0;1;0;1;2;0;0;0;0;2;0;0;5;0;1;2;0;2;0;0;0;0;0;0;0;0;0;0;0;0;0;0;0;1;0;0;5;0;1;51;2;0;0;1;1;1;0;0;0;0;0;0;1;19;0;0;0;0;1;2;11;7;1;1;1;0;1;0;1;0;0;1;0;1;0;0;0;1;1;0;0;0;0;1;10;3;10;0;3;1;1;0;1;0;0;0;0;0;1;0;0;0;0;0;0;0;0;1;2;0;1;1;0;0;0;2;0;0;0;0;0;0;0;0;1;0;0;0;0;0;0;0;0;0;0;0;0;0;0;0
1;"Gminna Biblioteka Publiczna w Jabłoniu, ul. Jadwigi Tokarskiej 2/3, 21-205 Jabłoń";61302;"gm. Jabłoń";"parczewski";"lubelskie";1;1;2;2;0;3;1;0;0;1;1;1;0;1;0;1;0;0;0;0;1;1;0;2;1;1;13;5;70;5;6;2;3;1;1;1;3;0;3;1;0;0;13;0;1;0;0;1;1;3;15;1;1;16;0;0;0;1;0;0;0;0;0;0;0;0;1;1;0;0;0;0;0;0;103;32;36;41;4;50;3;3;1;5;0;3;0;0;1;1;1;42;0;1;3;0;1;5;28;7;1;1;4;3;0;2;1;0;0;0;1;4;0;0;0;1;3;0;0;0;1;2;25;11;26;0;2;0;0;0;2;0;0;0;0;4;1;0;0;0;0;0;0;1;0;2;9;0;0;4;0;0;3;0;2;0;0;2;0;0;0;0;0;1;0;1;0;1;2;0;0;1;0;0;0;0;1;0
2;"Szkoła Podstawowa w Gęsi, Gęś 165, 21-205 Jabłoń";61302;"gm. Jabłoń";"parczewski";"lubelskie";1;1;10;0;0;0;0;0;0;0;0;0;0;0;0;0;0;0;0;0;1;0;1;1;0;0;8;2;24;1;2;0;2;0;0;0;2;0;0;0;0;0;8;0;0;1;0;0;0;1;3;0;0;1;0;1;0;0;0;1;1;0;0;0;0;0;0;0;2;1;0;0;0;0;48;4;22;25;6;42;2;0;2;5;0;2;0;0;0;0;0;55;0;0;0;0;1;6;13;0;5;0;6;2;1;1;1;0;0;1;0;3;0;0;0;0;0;0;0;0;0;0;11;1;4;0;1;0;0;1;2;0;0;0;0;0;5;0;0;0;1;0;0;0;0;0;4;0;0;4;0;0;2;0;0;0;1;0;0;0;0;0;0;0;0;0;0;0;0;0;0;0;0;0;0;0;0;0
3;"Szkoła Podstawowa im. Amelii hr. Łubieńskiej w Kolanie, Kolano-Kolonia 44, 21-205 Jabłoń";61302;"gm. Jabłoń";"parczewski";"lubelskie";1;1;1;0;0;0;0;0;0;0;0;1;1;0;1;0;0;0;0;0;0;0;0;1;0;3;12;0;28;1;1;0;0;1;1;0;0;0;1;0;0;0;3;0;1;0;0;2;0;1;3;0;0;7;1;1;0;0;0;0;0;0;0;0;0;2;0;0;0;0;0;0;0;2;34;0;11;8;0;12;1;0;1;1;0;1;0;0;0;0;0;51;0;0;0;1;1;1;10;2;1;1;2;0;1;0;0;1;0;0;0;0;0;0;1;1;1;0;0;0;0;0;9;4;8;0;0;0;0;1;0;0;0;0;0;0;2;0;0;0;0;0;0;0;0;0;3;0;2;0;0;0;0;0;0;0;0;0;0;0;0;0;0;0;0;0;0;0;0;0;0;0;1;0;0;0;0;0
4;"Szkoła Podstawowa w Paszenkach, Paszenki 78, 21-205 Jabłoń";61302;"gm. Jabłoń";"parczewski";"lubelskie";1;1;2;0;0;0;0;0;0;0;0;0;1;1;0;0;1;0;0;0;1;0;0;1;0;0;4;0;11;0;2;0;0;0;0;0;1;0;0;0;0;0;0;1;1;0;1;0;0;0;0;0;0;4;0;0;0;1;0;0;0;0;0;0;0;0;0;0;0;0;0;0;0;0;31;10;27;39;2;30;2;0;1;0;0;1;0;0;1;0;0;16;0;0;1;0;0;6;10;3;0;0;1;1;0;0;1;0;0;0;0;1;2;0;0;0;0;0;0;0;0;3;5;0;1;1;0;0;1;0;0;0;0;0;0;0;0;0;0;0;0;1;0;0;0;0;5;1;0;1;0;1;0;0;1;0;0;0;0;0;0;0;0;0;0;0;0;0;0;0;0;0;0;0;0;0;0;0
5;"Świetlica Wiejska w Kalince, Kalinka 27, 21-205 Jabłoń";61302;"gm. Jabłoń";"parczewski";"lubelskie";1;1;3;1;0;0;0;0;0;0;0;0;0;0;0;0;1;0;0;0;0;0;0;0;0;0;2;0;2;0;3;0;0;0;1;1;0;0;0;0;0;0;1;0;0;0;0;2;0;0;1;0;1;0;0;1;0;0;0;0;0;0;0;0;0;0;0;0;0;0;0;0;0;0;9;3;4;7;3;2;0;0;0;1;1;0;0;0;0;0;0;9;0;0;0;0;0;5;6;2;0;2;0;0;0;1;0;0;0;0;1;0;0;0;0;0;0;0;0;0;0;0;7;2;2;0;0;0;0;0;0;0;0;0;0;0;0;0;0;1;0;0;0;1;0;0;0;0;0;1;0;0;0;0;0;0;0;0;0;0;0;0;0;0;0;0;1;0;0;0;0;1;0;0;0;0;0;0
6;"Szkoła Podstawowa w Dawidach, Dawidy 56, 21-205 Jabłoń";61302;"gm. Jabłoń";"parczewski";"lubelskie";1;1;2;0;0;0;0;0;0;0;0;0;0;0;1;0;0;0;0;0;0;0;0;0;0;0;4;0;8;0;1;0;0;1;1;0;0;0;0;0;0;0;1;0;0;0;1;0;0;1;1;0;0;0;0;0;0;0;0;0;0;0;0;0;0;0;0;0;0;0;0;0;0;0;36;16;15;4;1;45;3;1;2;0;2;0;1;0;0;0;0;26;0;0;0;0;1;1;17;4;3;0;4;0;0;1;1;0;0;0;0;1;0;2;0;0;0;1;1;0;0;0;2;1;0;0;2;0;0;0;0;0;0;0;0;0;0;0;0;0;0;0;0;0;0;0;11;1;0;10;0;0;1;0;1;1;3;0;0;3;0;0;3;0;0;0;0;0;0;0;0;0;0;0;0;0;0;0
1;"Gminny Ośrodek Kultury w Milanowie, ul. Kościelna 3, 21-210 Milanów";61303;"gm. Milanów";"parczewski";"lubelskie";1;1;5;0;0;0;0;0;0;0;0;0;0;0;0;0;1;0;2;0;0;1;0;0;0;0;12;2;41;2;1;2;2;0;0;0;3;0;3;0;0;2;16;0;0;0;6;0;0;2;9;0;2;8;1;3;3;0;0;0;0;0;2;0;0;0;0;0;1;0;0;0;0;0;38;3;15;107;0;21;1;0;1;1;0;26;0;0;1;0;0;15;0;1;0;0;0;2;23;7;4;1;0;1;4;0;0;0;2;0;0;0;0;0;1;0;1;1;1;1;1;2;17;10;14;3;1;0;1;0;2;1;0;2;0;1;0;1;0;1;0;0;0;1;0;0;8;2;1;11;2;0;0;0;0;0;1;2;0;0;0;0;0;0;0;0;0;1;0;0;0;0;0;0;0;0;0;0
2;"Szkoła Podstawowa w Rudnie, Rudno Drugie 129 B, 21-210 Milanów";61303;"gm. Milanów";"parczewski";"lubelskie";1;1;2;0;1;0;0;0;0;0;0;0;1;1;0;0;0;0;0;0;0;0;0;0;0;0;5;5;19;1;2;2;0;0;3;1;2;12;1;0;0;0;5;0;0;0;0;0;0;0;9;1;0;2;0;0;0;0;0;0;0;0;0;0;0;0;0;0;0;0;0;0;0;0;49;4;18;64;3;40;3;1;1;0;2;3;0;1;1;0;0;13;0;0;1;1;1;5;22;8;1;2;4;1;0;1;0;0;0;0;0;0;2;0;0;2;3;2;0;0;0;2;9;2;10;1;1;0;0;0;0;0;0;0;0;0;0;0;0;0;0;0;0;1;1;0;1;1;1;3;0;1;0;0;3;0;0;3;0;0;0;0;1;0;0;0;0;0;3;0;0;1;0;0;0;0;0;2
3;"Świetlica Wiejska w Kostrach, Kostry 1A, 21-210 Milanów";61303;"gm. Milanów";"parczewski";"lubelskie";1;1;5;0;0;0;0;0;0;0;0;0;0;0;0;1;0;0;0;0;0;0;0;0;0;1;5;0;40;1;3;0;0;0;1;0;0;0;1;2;0;0;10;0;0;0;0;0;0;1;10;0;0;1;1;3;1;0;0;0;0;0;0;0;0;1;0;0;0;0;0;1;1;0;21;2;11;42;0;13;3;0;0;0;0;3;0;0;0;0;1;34;0;0;0;0;1;0;17;3;0;0;4;0;0;0;0;0;0;0;0;1;1;0;0;0;1;0;1;1;0;1;10;3;10;0;0;3;0;0;0;0;0;0;0;0;0;0;0;0;0;0;0;0;1;0;2;1;0;2;0;0;0;0;0;0;0;0;0;0;0;0;0;0;0;0;0;0;0;0;0;1;0;0;0;0;1;0
4;"Publiczna ""Mała Szkoła Podstawowa"" w Radczu, Radcze 88, 21-210 Milanów";61303;"gm. Milanów";"parczewski";"lubelskie";1;1;0;0;0;1;0;0;0;0;0;0;0;0;0;0;0;0;0;0;0;0;0;2;0;0;2;0;13;0;1;1;0;0;1;0;0;1;0;0;0;0;4;0;0;1;0;0;0;1;2;0;0;1;0;2;0;0;0;0;0;0;0;0;0;0;0;0;0;0;0;0;0;0;33;6;11;76;3;37;1;0;0;5;0;1;0;1;2;1;0;31;0;0;0;0;1;1;6;1;2;0;1;1;1;0;1;0;0;0;0;2;0;0;0;0;0;0;0;0;1;0;5;4;0;1;1;2;0;0;0;0;0;0;0;0;1;0;0;1;0;1;0;0;0;1;4;1;0;1;0;0;1;0;0;0;0;1;0;0;0;0;0;0;0;0;0;0;0;0;0;0;1;0;0;0;0;0
5;"Świetlica Wiejska w Cichostowie, Cichostów-Kolonia 19A, 21-210 Milanów";61303;"gm. Milanów";"parczewski";"lubelskie";1;1;5;0;0;0;0;0;0;0;0;0;0;0;0;0;0;0;0;0;0;0;0;0;0;1;4;0;22;1;1;0;1;0;0;0;0;0;0;0;0;0;8;0;0;0;0;0;0;0;2;0;0;2;1;1;0;0;0;0;1;1;2;1;0;0;0;0;0;0;0;1;0;0;29;2;1;24;0;5;1;0;1;0;0;3;0;0;0;1;0;15;0;0;0;0;0;1;7;0;1;0;0;1;1;1;1;0;0;1;0;0;0;0;0;0;0;0;0;0;0;0;1;1;2;0;0;1;0;0;1;0;0;1;0;2;0;1;0;0;0;0;1;0;0;0;0;0;0;22;1;0;0;0;0;0;0;0;0;0;0;0;1;0;0;0;0;2;0;0;1;0;0;0;0;0;0;0
6;"Świetlica Wiejska w Kopinie, Kopina 65, 21-210 Milanów";61303;"gm. Milanów";"parczewski";"lubelskie";1;1;11;0;0;0;0;0;0;0;0;0;0;0;0;0;0;0;0;0;0;0;0;0;0;0;4;0;11;1;3;0;0;0;0;0;5;0;0;0;0;0;2;0;0;0;0;0;0;2;2;1;0;1;1;1;0;0;0;0;0;0;0;0;0;0;0;0;0;0;1;0;0;1;14;2;18;32;1;5;1;0;1;0;0;0;1;0;0;0;0;15;0;0;0;0;4;2;8;0;1;0;1;0;0;0;0;0;0;0;1;0;0;0;0;1;0;0;0;0;0;1;10;0;0;0;0;0;0;0;0;0;0;0;0;0;0;1;0;0;0;1;0;0;0;0;0;1;0;1;0;0;0;0;0;0;0;0;0;0;0;0;0;0;0;0;0;0;0;0;0;0;0;0;0;0;0;0
1;"Szkoła Podstawowa Nr 1 w Parczewie, ul. 11 Listopada 90, 21-200 Parczew";61304;"gm. Parczew";"parczewski";"lubelskie";1;1;8;0;0;2;4;1;0;3;0;2;1;0;0;1;1;1;0;0;0;0;0;4;1;1;30;8;94;5;12;5;6;0;2;1;5;1;1;2;0;0;65;6;2;1;4;1;0;1;33;2;1;6;2;4;2;4;0;1;0;2;7;0;1;1;2;2;0;0;0;0;0;0;98;18;25;32;2;52;10;0;2;5;0;0;0;0;2;0;5;270;1;0;0;0;1;6;30;8;9;2;9;1;5;2;7;0;0;1;1;3;1;0;0;1;5;1;1;0;0;0;66;23;93;4;0;4;0;4;1;2;0;1;1;1;1;4;0;2;0;1;0;2;1;1;11;0;1;2;2;0;1;0;0;0;0;2;0;0;0;1;0;1;0;2;0;0;0;0;0;1;1;0;0;0;0;0
2;"Szkoła Podstawowa Nr 3 w Parczewie, ul. Spółdzielcza 7, 21-200 Parczew";61304;"gm. Parczew";"parczewski";"lubelskie";1;1;2;0;0;0;5;0;0;1;0;1;1;0;0;1;1;0;0;0;0;0;0;1;0;2;23;3;67;2;17;2;4;5;0;0;4;4;3;3;1;1;65;1;0;0;2;1;0;4;47;2;3;11;1;5;3;6;0;1;1;0;5;0;0;0;1;0;1;2;0;0;0;0;99;12;32;39;7;55;9;0;4;4;2;3;1;0;1;0;6;150;0;0;0;0;0;3;21;5;2;0;4;2;6;2;4;2;0;0;0;0;2;1;1;2;2;0;1;1;0;0;69;35;92;5;3;5;1;1;2;2;2;0;0;2;3;3;0;5;0;1;0;0;0;4;6;5;1;16;2;1;0;0;0;0;0;0;0;1;1;0;2;1;0;0;0;1;0;2;0;0;0;0;0;0;0;0
3;"Publiczne Przedszkole Nr 2 w Parczewie, ul. Spółdzielcza 5, 21-200 Parczew";61304;"gm. Parczew";"parczewski";"lubelskie";1;1;1;1;0;0;0;0;0;0;0;0;0;0;0;0;0;0;0;0;0;0;0;1;0;0;3;0;7;0;2;1;1;0;0;1;0;1;0;0;0;0;10;0;0;0;0;0;0;0;0;0;0;2;0;0;0;0;0;0;0;0;0;0;0;0;0;0;0;0;0;0;0;0;1;1;6;3;0;7;1;0;0;0;0;0;0;0;0;0;0;33;0;0;0;0;0;0;3;1;1;1;2;1;2;2;1;0;0;0;0;0;0;0;0;0;1;0;0;0;0;1;12;7;6;1;1;0;1;0;0;0;0;0;0;1;0;0;0;0;0;0;0;0;0;1;0;0;0;0;0;0;0;0;0;0;0;0;0;0;0;0;0;0;0;0;0;0;0;0;0;0;1;0;0;0;1;0
4;"Urząd Miejski w Parczewie, ul. Warszawska 24, 21-200 Parczew";61304;"gm. Parczew";"parczewski";"lubelskie";1;1;4;1;0;0;1;0;0;0;0;2;2;0;1;0;0;0;0;0;0;0;0;1;0;0;5;2;20;2;2;0;1;2;0;0;3;3;2;0;0;1;15;0;0;0;1;0;1;3;11;1;0;4;1;3;0;0;0;0;1;0;1;0;0;0;0;1;0;0;0;0;0;0;41;3;3;14;3;21;2;0;1;0;0;0;0;0;0;0;0;90;0;0;1;0;2;4;9;1;2;0;2;0;0;0;0;0;0;0;0;0;0;0;0;1;0;0;0;0;0;0;30;11;25;2;0;2;0;1;0;0;1;0;0;0;0;0;0;2;0;0;2;2;0;1;1;0;0;5;0;0;0;0;0;0;0;0;0;0;0;0;0;0;0;2;0;0;0;0;0;0;0;0;0;0;0;0
5;"Zespół Szkół w Parczewie, ul. Wojska Polskiego 1, 21-200 Parczew";61304;"gm. Parczew";"parczewski";"lubelskie";1;1;11;0;1;0;3;0;0;1;0;1;0;0;0;0;2;0;0;0;0;0;0;1;0;1;25;8;57;3;14;2;4;3;0;0;5;0;1;2;0;1;82;4;0;3;3;1;1;3;47;5;1;4;0;1;2;2;0;0;3;0;0;2;1;2;1;1;0;0;0;0;0;1;90;11;21;49;4;42;1;0;2;3;0;1;1;1;2;1;4;158;0;1;0;0;0;5;36;4;8;0;7;1;1;0;0;1;1;2;0;1;4;2;0;4;3;0;3;0;0;1;94;28;98;3;5;5;3;8;1;1;1;0;1;1;4;4;1;6;1;2;1;3;1;1;8;0;0;19;0;0;2;0;1;0;0;4;1;0;0;0;0;0;1;2;0;0;0;3;1;0;0;0;0;0;0;1
6;"Świetlica wiejska w Laskach, Laski 117, 21-200 Parczew";61304;"gm. Parczew";"parczewski";"lubelskie";1;1;0;0;0;1;0;0;0;0;0;0;0;1;0;1;0;0;1;0;0;0;0;0;0;0;2;4;10;0;3;0;0;0;0;0;0;1;0;0;0;0;26;0;0;0;0;0;0;0;6;1;0;1;1;0;0;1;0;0;0;0;1;0;0;0;0;0;0;0;0;1;0;0;15;6;8;16;1;21;2;0;0;2;0;0;0;0;0;0;4;49;0;0;1;0;0;0;5;1;2;1;2;0;2;0;1;0;0;0;0;0;2;0;0;1;1;0;0;0;0;0;6;8;12;0;0;3;0;0;0;0;0;0;0;1;0;0;0;0;0;0;0;0;0;0;2;0;2;1;0;0;0;0;0;0;0;0;0;0;0;0;0;0;0;0;0;0;0;0;0;0;0;0;0;0;0;0
7;"Budynek po Zakładzie Doskonalenia Zawodowego w Parczewie, ul. Harcerska 8, 21-200 Parczew";61304;"gm. Parczew";"parczewski";"lubelskie";1;1;7;1;0;1;1;0;0;0;0;0;1;0;0;1;0;0;0;1;0;0;1;3;0;0;23;3;59;2;10;1;6;3;2;0;1;2;3;0;1;0;59;0;1;1;3;0;0;5;41;2;0;6;1;1;0;2;0;0;0;0;1;0;0;3;1;0;0;0;0;0;0;0;109;17;15;76;4;43;2;1;3;2;0;4;0;0;1;0;2;201;0;2;0;0;1;1;35;5;6;1;10;1;2;1;1;2;0;1;2;0;3;0;2;4;2;0;0;0;0;2;94;34;69;1;2;3;2;0;5;0;0;1;0;3;3;4;1;7;0;0;1;0;1;2;6;2;0;9;1;0;5;0;0;0;1;1;0;1;2;1;2;1;1;2;0;0;0;0;3;0;0;0;0;0;0;0
8;"Szkoła Podstawowa Nr 2 w Parczewie, ul. Polna 34, 21-200 Parczew";61304;"gm. Parczew";"parczewski";"lubelskie";1;1;6;1;1;0;1;0;0;2;0;1;0;0;0;0;1;0;1;0;0;0;0;4;0;0;17;4;52;4;4;0;2;3;1;3;0;2;0;1;1;1;39;0;1;4;0;1;0;3;16;2;1;3;1;3;0;0;0;0;1;0;1;1;0;1;0;1;2;0;0;0;0;0;50;9;12;28;2;36;1;0;0;1;0;3;1;0;1;1;4;97;0;0;2;0;0;1;28;5;1;1;7;0;2;0;2;1;0;1;1;1;0;0;0;0;2;0;0;0;0;1;38;16;64;2;3;5;0;0;0;0;0;0;1;3;0;2;0;1;0;0;0;0;0;0;0;1;1;16;0;0;0;0;2;0;0;1;0;0;0;0;1;0;0;3;0;0;0;0;1;0;0;0;0;0;4;1
9;"Remiza Strażacka w Koczergach, Koczergi 97, 21-200 Parczew";61304;"gm. Parczew";"parczewski";"lubelskie";1;1;0;1;0;0;1;0;0;0;0;0;0;1;0;0;1;0;0;0;0;0;0;0;0;0;7;1;37;1;1;0;0;1;2;0;2;1;0;0;0;0;10;0;0;0;2;0;0;1;16;0;0;2;0;5;0;0;0;0;0;0;4;1;0;1;0;1;0;1;0;0;0;0;36;12;7;20;1;20;0;0;0;3;1;0;1;0;1;0;4;89;0;0;1;0;3;0;9;4;2;0;4;0;1;0;0;0;0;2;0;0;1;0;0;0;1;0;0;0;0;0;27;13;9;2;0;2;0;2;0;0;3;0;1;0;0;2;0;1;0;0;0;0;0;0;4;0;0;2;1;0;0;0;0;0;0;0;0;1;0;0;1;0;0;1;0;1;0;0;0;0;0;0;0;0;0;0
10;"Publiczna Szkoła Podstawowa w Tyśmienicy, Tyśmienica 115, 21-200 Parczew";61304;"gm. Parczew";"parczewski";"lubelskie";1;1;2;0;0;0;0;0;0;0;0;0;0;0;0;0;0;0;1;0;0;0;0;0;0;0;3;3;7;0;2;1;0;1;1;0;1;0;1;0;0;0;8;0;0;0;0;0;0;0;6;3;0;0;1;0;1;0;0;0;0;0;0;0;0;1;1;0;0;0;0;0;0;0;43;4;22;40;2;7;1;0;2;6;0;0;0;0;0;0;1;54;0;0;1;0;0;1;14;0;0;0;0;0;0;0;0;0;0;1;0;0;0;0;0;0;0;0;0;1;0;0;15;6;8;0;3;0;1;2;0;1;0;1;0;0;0;0;2;2;0;2;0;0;0;1;1;0;0;1;0;1;1;0;0;0;0;0;0;0;0;0;1;0;0;2;0;0;0;0;0;1;0;0;0;0;0;0
11;"Zespół Placówek Szkolnych w Przewłoce, Przewłoka 98, 21-200 Parczew";61304;"gm. Parczew";"parczewski";"lubelskie";1;1;2;0;0;1;0;0;0;0;1;1;0;0;0;0;0;0;0;0;0;0;0;0;0;0;8;1;13;1;3;1;1;0;1;2;0;0;0;0;0;0;19;2;0;0;0;1;0;0;6;0;1;0;0;1;0;0;0;0;0;0;0;0;0;0;0;0;0;0;1;0;0;0;28;3;12;25;1;16;1;2;0;1;0;1;0;0;0;1;0;92;0;0;0;1;1;3;10;4;2;0;6;1;0;0;1;0;0;1;0;2;0;0;0;0;2;0;0;0;0;0;15;5;13;0;7;4;1;1;0;0;0;0;0;0;0;2;0;1;0;0;0;0;0;3;6;0;1;0;0;0;0;0;2;0;0;0;0;0;0;0;0;0;0;0;0;2;0;0;0;0;1;0;0;0;0;0
12;"Strażnica OSP w Jasionce, Jasionka 205, 21-200 Parczew";61304;"gm. Parczew";"parczewski";"lubelskie";1;1;1;0;0;1;0;0;0;0;0;0;0;0;0;0;0;0;0;0;0;0;0;3;0;0;4;0;29;0;3;0;0;3;0;2;0;2;0;0;0;0;17;0;0;0;0;0;0;0;10;1;0;2;1;0;1;3;0;0;0;0;1;0;0;0;0;0;0;0;0;0;0;0;30;7;16;26;2;28;8;1;0;2;2;0;0;0;0;0;1;59;0;0;0;0;1;3;6;1;1;0;1;0;0;0;0;0;0;0;1;1;0;0;1;0;0;0;0;1;2;0;17;7;15;0;2;1;0;0;0;0;0;0;0;0;1;0;1;0;0;0;0;0;0;0;3;2;0;5;0;0;0;0;0;0;1;3;0;0;0;0;2;0;0;2;0;0;0;0;0;0;0;0;0;0;0;0
13;"Świetlica wiejska w Sowinie, Sowin 36, 21-200 Parczew";61304;"gm. Parczew";"parczewski";"lubelskie";1;1;0;0;0;0;0;0;0;0;0;0;0;0;0;0;0;0;0;0;0;0;0;0;0;0;6;0;14;0;3;0;1;1;0;0;1;0;1;0;0;0;2;0;0;0;0;0;0;0;4;0;1;0;0;0;1;0;0;0;0;0;0;0;0;0;0;0;0;0;0;0;0;0;16;6;2;16;1;9;0;0;1;2;0;1;0;0;0;0;0;21;0;0;0;0;0;0;4;1;4;1;2;0;1;0;0;0;0;0;0;1;0;0;0;0;1;0;0;0;0;1;2;4;7;0;0;2;0;0;0;0;0;0;0;0;1;0;0;2;0;0;0;1;0;0;2;1;0;0;0;0;0;0;0;0;0;1;0;0;0;0;0;1;0;0;0;0;0;0;0;0;0;0;0;0;0;0
14;"Samodzielny Publiczny Zakład Opieki Zdrowotnej, ul. Kościelna 136, 21-200 Parczew";61304;"gm. Parczew";"parczewski";"lubelskie";1;1;0;1;0;0;0;0;0;0;0;0;0;0;0;0;0;0;1;0;0;0;0;0;0;0;4;0;2;0;1;0;1;1;0;0;0;0;0;0;0;0;1;0;0;0;0;0;0;1;1;1;0;0;0;1;0;0;0;0;0;0;0;0;1;0;0;0;0;0;0;0;0;0;9;1;5;8;0;5;1;0;1;4;1;2;0;0;0;1;0;2;0;0;1;1;1;0;1;0;0;0;0;0;0;0;0;0;0;0;0;0;0;0;0;0;1;0;0;0;0;0;3;0;5;1;0;1;0;0;0;0;0;0;0;0;0;0;0;0;0;0;0;0;0;0;0;0;0;0;0;0;0;0;0;0;0;0;0;0;0;0;0;0;0;0;0;0;1;0;0;0;0;0;0;0;0;0
1;"Zespół Placówek Oświatowych w Podedwórzu, Podedwórze 96, 21-222 Podedwórze";61305;"gm. Podedwórze";"parczewski";"lubelskie";1;1;0;0;0;0;0;0;0;0;0;0;1;0;0;0;0;0;0;0;0;0;0;1;0;0;11;0;15;3;4;0;1;0;0;1;0;2;0;0;0;0;1;1;2;0;1;0;2;0;8;0;0;2;0;3;0;0;1;0;1;0;2;0;0;0;0;1;0;0;0;0;0;0;49;7;15;11;3;34;1;1;1;2;2;0;1;1;0;0;0;7;0;0;0;0;2;4;9;3;0;0;3;0;0;0;0;2;0;0;0;2;0;3;0;1;1;0;1;0;1;3;13;4;5;0;5;1;0;0;2;0;0;0;1;0;1;0;0;0;0;0;1;1;0;0;6;0;0;0;2;0;0;0;0;0;27;0;0;0;0;0;0;0;1;0;0;0;3;0;0;0;0;0;0;0;0;0
2;"Świetlica wiejska w Podedwórzu, Podedwórze 46A, 21-222 Podedwórze";61305;"gm. Podedwórze";"parczewski";"lubelskie";1;1;0;0;0;0;1;0;0;0;0;0;0;0;1;0;0;0;0;0;0;0;1;2;0;0;10;0;18;1;3;0;1;0;0;1;0;1;0;0;0;0;2;0;0;0;2;0;0;1;4;0;0;13;0;0;0;1;0;0;0;0;1;0;0;0;0;0;1;0;0;0;0;0;27;9;24;19;7;28;0;1;0;3;0;0;0;0;0;1;0;24;0;2;0;2;0;5;10;9;0;2;3;0;0;2;2;1;0;3;0;4;0;0;0;0;1;0;0;0;0;0;6;3;4;1;0;0;0;0;0;0;0;1;0;0;0;0;0;1;0;0;0;0;0;1;1;0;0;3;0;0;0;1;1;0;22;0;0;1;0;0;0;0;0;0;0;0;8;0;0;0;0;0;0;0;0;0
3;"Świetlica wiejska w Bojarach, Bojary 33, 21-222 Podedwórze";61305;"gm. Podedwórze";"parczewski";"lubelskie";1;1;2;0;0;0;0;0;0;0;0;0;0;0;1;0;0;0;0;0;0;0;0;1;0;0;6;2;8;1;1;0;1;0;0;0;0;0;2;0;0;0;0;0;0;0;3;0;0;0;5;0;0;13;0;1;0;0;0;0;0;0;0;0;0;0;0;0;0;0;0;1;0;0;54;2;11;10;5;23;2;0;3;0;1;0;1;0;0;0;0;1;0;3;1;0;2;0;10;2;0;0;0;1;0;1;0;0;0;0;0;0;1;0;0;0;0;0;0;0;0;2;17;1;2;0;2;1;0;0;0;0;0;0;0;0;0;0;0;0;2;1;0;0;0;1;0;1;1;0;0;0;0;0;0;0;15;0;0;0;0;0;0;0;0;0;0;0;3;0;0;0;0;0;0;0;0;0
1;"Sala Gimnastyczna w Siemieniu, ul. Kościelna 1, 21-220 Siemień";61306;"gm. Siemień";"parczewski";"lubelskie";1;1;8;1;1;1;1;0;0;1;0;3;0;0;1;1;0;0;1;0;0;2;0;3;0;0;15;4;48;3;1;0;6;0;3;0;0;1;2;2;0;0;18;2;0;2;4;0;1;0;14;5;0;3;0;0;3;1;1;1;0;0;2;1;0;1;0;0;0;0;0;0;0;2;94;3;37;26;1;30;7;2;3;8;2;1;2;1;2;1;1;220;0;0;2;0;9;3;14;3;5;1;46;2;2;0;0;1;0;1;1;2;0;1;0;2;1;1;1;0;0;1;35;9;25;2;5;2;0;0;0;0;1;0;4;2;1;1;0;2;0;0;1;1;0;2;13;0;0;5;2;0;0;0;0;0;0;1;0;1;0;0;0;0;0;0;0;0;1;0;1;0;0;0;0;0;1;0
2;"Świetlica Wiejska w Żminnem, Żminne 30, 21-220 Siemień";61306;"gm. Siemień";"parczewski";"lubelskie";1;1;4;1;1;0;0;0;0;0;0;0;0;0;0;0;0;0;0;0;0;0;0;0;1;0;5;3;23;1;2;0;2;1;3;0;3;0;0;1;0;1;10;1;0;2;2;0;0;2;3;0;0;1;0;2;0;1;0;0;0;0;1;0;0;1;1;1;0;0;0;0;1;0;30;5;18;14;0;20;0;1;0;1;0;0;1;0;0;1;0;83;0;1;1;0;0;2;12;1;2;0;7;0;1;1;0;1;0;0;0;3;0;0;0;1;1;0;0;0;0;1;14;10;10;3;0;3;0;1;0;0;0;4;0;1;1;0;0;0;0;0;0;0;1;2;3;1;0;4;1;0;0;0;0;0;0;0;0;1;0;0;0;0;0;0;0;0;0;0;0;0;0;0;0;0;0;0
3;"Remiza OSP w Działyniu, Działyń 4, 21-220 Siemień";61306;"gm. Siemień";"parczewski";"lubelskie";1;1;0;0;0;0;0;0;0;0;1;0;1;0;0;0;0;0;0;0;0;0;0;0;0;1;4;1;12;3;1;0;0;0;0;0;3;1;0;1;0;0;5;0;1;0;1;0;0;1;3;1;0;0;2;2;0;0;0;0;1;0;0;0;0;0;0;0;0;0;0;0;0;0;28;9;13;21;3;24;2;0;1;2;1;2;0;0;0;0;0;61;1;0;0;0;1;0;1;1;0;0;23;0;0;0;0;1;0;0;0;1;0;0;0;1;1;0;0;0;0;0;13;2;2;0;0;0;0;2;0;0;0;0;1;0;0;0;0;0;0;0;0;0;1;0;2;0;0;1;0;0;0;0;0;0;0;0;0;0;0;0;0;1;0;0;0;0;0;0;0;0;0;0;0;0;0;0
4;"Szkoła Podstawowa w Gródku Szlacheckim, Gródek Szlachecki 140, 21-220 Siemień";61306;"gm. Siemień";"parczewski";"lubelskie";1;1;7;0;0;0;1;0;0;0;1;0;2;0;0;0;0;0;0;0;0;0;0;0;0;0;13;0;5;1;1;0;1;1;0;0;0;1;0;1;0;0;3;1;0;0;1;1;0;2;6;0;1;4;2;1;0;0;0;0;1;0;0;0;0;0;2;0;0;0;0;0;0;1;81;0;15;37;4;13;3;0;1;3;0;0;1;0;3;1;4;78;0;1;0;0;1;2;10;4;0;0;14;0;0;0;1;0;0;0;0;2;1;0;0;1;1;0;0;0;0;1;21;3;8;0;0;1;1;2;1;0;0;0;0;0;0;0;0;0;0;0;0;0;0;0;1;0;1;3;0;0;0;0;0;1;0;0;0;0;0;0;0;0;0;0;0;0;0;0;0;0;0;0;0;0;0;0
5;"Szkoła Podstawowa w Jeziorze, Jezioro 143, 21-220 Siemień";61306;"gm. Siemień";"parczewski";"lubelskie";1;1;1;0;0;0;1;0;0;0;0;2;0;0;0;1;0;0;0;0;0;0;0;0;0;0;1;1;7;2;2;0;0;0;1;1;0;0;0;0;0;0;1;0;0;0;5;0;0;1;0;0;0;1;0;0;0;0;0;0;1;0;0;0;0;1;0;1;0;0;0;0;0;0;38;4;14;3;1;2;1;1;0;0;0;1;0;0;1;0;1;49;0;1;1;0;0;1;7;3;2;0;7;2;1;0;0;0;0;0;0;0;0;0;0;0;0;0;0;0;0;0;11;2;4;2;0;1;0;0;0;0;0;0;0;0;0;0;0;0;0;0;0;0;0;0;0;0;0;0;0;0;0;0;0;0;0;0;0;0;0;0;0;0;0;1;0;0;0;0;0;0;0;0;0;0;0;0
6;"Szkoła Podstawowa w Juliopolu, Juliopol 80, 21-220 Siemień";61306;"gm. Siemień";"parczewski";"lubelskie";1;1;0;0;0;0;0;0;0;0;0;0;0;0;0;0;0;0;0;0;0;0;0;0;0;0;9;0;9;0;6;1;0;0;0;0;0;1;1;0;1;0;2;0;0;0;0;0;0;1;6;0;0;5;1;1;0;0;0;0;0;0;1;0;0;0;0;0;1;0;0;1;0;1;30;3;19;13;1;13;1;3;2;2;0;0;1;0;1;1;1;29;1;1;3;0;0;1;1;3;0;0;18;0;0;0;1;0;0;0;0;0;0;0;0;0;0;0;0;0;0;0;14;2;3;2;0;2;0;0;1;1;0;0;0;0;0;3;0;0;0;0;2;0;0;1;0;0;0;0;4;0;0;0;1;0;0;1;0;0;2;0;0;0;0;0;1;0;0;0;0;0;0;0;0;0;0;0
1;"Remiza OSP w Nowym Orzechowie, Nowy Orzechów 116, 21-230 Sosnowica";61307;"gm. Sosnowica";"parczewski";"lubelskie";1;1;2;1;1;0;0;0;0;0;0;0;0;0;0;0;0;0;0;0;0;0;0;0;0;0;12;1;11;7;1;1;1;0;0;1;1;0;2;1;0;2;3;1;0;0;1;1;0;1;6;0;0;1;0;1;0;0;0;0;0;0;0;0;0;0;0;0;0;0;0;0;0;1;64;4;15;24;6;49;2;2;3;1;0;4;3;1;2;1;0;11;0;1;2;0;0;7;11;2;3;1;0;0;0;0;0;1;0;0;1;0;0;0;0;1;0;0;0;0;0;4;18;4;8;0;3;1;0;0;0;1;1;0;0;2;0;0;0;0;0;0;0;0;0;1;3;0;0;1;0;0;0;0;0;0;2;0;0;0;0;0;0;0;0;0;0;1;0;0;0;0;0;0;0;0;0;0
2;"Szkoła Podstawowa w Sosnowicy, ul. Wojska Polskiego 27, 21-230 Sosnowica";61307;"gm. Sosnowica";"parczewski";"lubelskie";1;1;6;0;0;1;1;0;1;0;0;0;0;0;1;0;0;0;1;0;0;0;0;0;0;2;13;3;28;9;9;1;5;0;0;0;2;2;1;0;0;0;8;1;1;1;0;0;0;4;7;2;2;6;1;0;0;2;0;1;2;0;3;0;0;1;0;0;0;0;0;0;0;0;56;8;19;26;1;19;0;0;0;2;0;0;2;0;0;2;2;47;0;0;2;0;3;8;9;3;2;0;2;0;1;0;2;0;0;0;0;0;0;0;0;0;1;0;0;0;0;0;36;5;20;2;3;2;0;0;3;0;0;0;0;2;0;0;1;2;0;0;2;0;0;0;1;0;1;2;1;2;0;0;0;0;0;0;0;0;0;0;1;0;0;0;0;0;0;0;0;0;0;0;0;0;0;0
3;"Szkoła Podstawowa w Sosnowicy, ul. Wojska Polskiego 27, 21-230 Sosnowica";61307;"gm. Sosnowica";"parczewski";"lubelskie";1;1;0;0;0;0;1;0;0;0;0;0;0;0;0;0;2;0;0;0;1;0;0;0;0;1;3;0;8;1;2;1;3;0;0;1;0;0;0;0;0;0;3;2;0;1;0;0;0;2;7;0;1;4;0;2;0;0;0;0;0;1;0;0;0;0;0;1;1;0;0;0;0;0;42;6;25;18;1;13;2;1;3;1;3;0;0;0;0;2;0;16;0;0;2;0;0;12;7;3;2;0;3;0;0;0;0;0;0;0;1;0;0;0;0;0;1;0;0;0;0;0;13;5;5;1;2;1;0;0;0;0;0;0;0;0;0;1;0;1;0;0;0;0;0;1;3;1;1;1;1;1;0;0;0;0;0;0;0;0;0;0;1;0;0;1;0;0;0;0;0;0;0;0;0;0;0;0
4;"Świetlica w Zienkach, Zienki 4A, 21-230 Sosnowica";61307;"gm. Sosnowica";"parczewski";"lubelskie";1;1;3;0;0;0;1;0;0;0;1;0;0;0;1;0;0;0;1;0;0;1;0;0;1;1;4;0;3;1;1;0;0;0;0;0;1;1;0;0;0;0;0;1;0;0;0;0;1;2;6;0;1;1;0;1;0;0;0;0;1;0;0;0;0;0;0;0;0;0;0;0;0;0;27;1;11;27;2;11;2;4;1;1;0;0;1;0;0;0;0;6;0;0;0;0;1;8;6;3;1;1;1;0;0;1;0;0;0;0;0;0;0;0;0;0;0;0;1;0;0;0;16;5;2;1;0;0;0;0;0;1;0;0;0;0;0;0;1;1;0;0;0;0;0;0;2;0;0;2;0;1;0;0;0;0;1;0;0;0;0;0;0;1;0;1;0;0;0;0;1;0;0;0;0;0;0;1
1;"Przedszkole Miejskie Nr 2 Radzyń Podlaski, ul. Świętego Brata Alberta Chmielowskiego 8, 21-300 Radzyń Podlaski";61501;"m. Radzyń Podlaski";"radzyński";"lubelskie";1;1;13;0;0;2;0;0;1;0;0;0;1;1;0;0;1;0;0;0;0;0;0;2;1;3;25;8;83;5;8;1;1;9;0;1;2;1;1;1;2;0;4;1;0;3;84;6;0;9;35;1;0;6;1;1;0;4;1;1;1;0;3;0;19;2;0;1;1;0;0;0;0;1;157;27;16;9;1;57;9;1;1;2;1;215;1;0;2;0;10;1;0;0;2;1;6;5;36;5;5;1;3;0;0;1;2;2;0;0;0;5;0;0;0;0;1;0;1;0;1;3;51;23;80;3;1;4;0;0;2;1;0;2;2;96;1;0;0;3;0;0;0;2;0;1;5;0;0;18;0;1;0;0;0;0;0;0;0;1;0;0;1;0;2;0;0;0;0;0;0;0;0;0;0;0;0;4
2;"Szkoła Podstawowa Nr 2 Radzyń Podlaski, ul. Sitkowskiego 3, 21-300 Radzyń Podlaski";61501;"m. Radzyń Podlaski";"radzyński";"lubelskie";1;1;13;1;0;0;0;0;0;0;0;0;1;0;0;1;1;0;0;0;0;0;0;3;0;2;11;12;72;6;4;1;3;1;1;0;2;0;0;0;0;0;0;0;0;0;131;0;0;0;28;1;2;7;2;0;0;2;1;0;1;0;9;0;2;1;1;1;0;0;0;2;1;0;134;16;32;15;3;58;15;1;1;1;0;257;3;0;0;0;4;1;0;1;0;0;5;13;40;8;4;0;5;1;1;1;0;3;0;0;1;1;3;0;0;0;6;0;3;1;0;2;47;10;33;1;2;2;3;1;2;0;0;2;0;79;0;1;1;0;0;0;0;1;0;0;9;1;2;23;0;1;0;1;0;0;0;1;0;0;0;0;3;0;0;0;0;3;0;1;0;0;0;0;0;0;1;3
3;"Dawna siedziba Gimnazjum Nr 2 w Radzyniu Podlaskim, ul. Sitkowskiego 3, 21-300 Radzyń Podlaski";61501;"m. Radzyń Podlaski";"radzyński";"lubelskie";1;1;9;0;0;1;1;0;0;1;0;0;0;0;0;0;1;0;0;0;0;0;0;0;0;0;7;1;64;3;2;1;1;0;1;1;4;0;0;1;0;0;0;1;0;0;54;1;4;2;15;2;0;4;0;2;0;0;0;0;0;0;5;2;1;2;0;0;1;0;1;0;0;2;60;19;8;6;0;37;16;1;0;2;1;116;1;0;1;1;0;1;0;0;0;0;9;3;23;3;2;1;3;1;3;1;1;4;0;0;1;2;1;0;0;0;2;0;2;3;1;5;29;8;26;1;1;2;0;0;0;0;0;1;0;30;0;0;0;2;0;0;0;0;0;0;1;1;0;16;0;0;1;0;0;0;0;0;1;0;0;0;0;0;0;0;0;0;0;0;2;0;0;1;0;0;0;0
4;"Szkoła Podstawowa Nr 2 Radzyń Podlaski (sala gimnastyczna), ul. Świętego Brata Alberta Chmielowskiego 5, 21-300 Radzyń Podlaski";61501;"m. Radzyń Podlaski";"radzyński";"lubelskie";1;1;6;1;0;0;1;0;1;1;0;1;1;0;0;0;1;0;0;0;1;0;0;1;0;2;11;10;60;4;9;0;0;2;0;1;1;5;3;1;0;1;0;0;0;0;48;1;0;0;18;3;0;8;2;2;1;2;0;2;2;3;3;2;5;1;0;2;0;2;0;0;0;0;124;23;31;12;1;53;6;0;3;3;0;169;4;2;1;1;3;1;0;0;1;0;7;5;32;11;2;2;0;1;2;3;0;0;1;1;1;0;0;1;0;1;2;0;1;3;0;1;37;12;28;2;1;2;0;2;2;0;2;1;0;81;4;3;0;3;0;0;0;0;1;0;2;0;0;18;0;0;0;1;1;0;0;0;0;0;0;0;0;1;0;1;0;2;0;0;1;2;0;0;0;0;0;2
5;"Szkoła Podstawowa Nr 2 Radzyń Podlaski, ul. Świętego Brata Alberta Chmielowskiego 5, 21-300 Radzyń Podlaski";61501;"m. Radzyń Podlaski";"radzyński";"lubelskie";1;1;10;0;0;0;0;0;0;1;0;1;0;0;0;0;0;0;1;0;1;0;0;5;0;0;14;6;69;3;9;0;3;3;1;0;3;3;2;1;1;0;1;1;0;1;59;1;1;3;30;6;0;6;1;2;1;2;0;0;3;0;5;1;6;0;0;1;0;0;0;1;0;0;123;21;27;18;1;56;6;1;1;1;1;190;0;2;0;1;5;1;0;0;1;1;8;7;25;4;2;0;1;3;2;0;1;6;0;0;2;1;4;0;1;0;0;0;0;2;2;1;27;2;55;0;3;4;1;0;1;0;0;1;0;77;0;0;0;3;0;0;0;0;0;0;5;1;1;25;1;0;0;0;0;0;0;0;0;0;0;0;1;1;1;2;0;0;0;0;0;0;0;0;0;0;0;0
6;"Urząd Miasta Radzyń Podlaski, ul. Warszawska 32, 21-300 Radzyń Podlaski";61501;"m. Radzyń Podlaski";"radzyński";"lubelskie";1;1;11;0;0;1;0;0;1;2;3;0;1;0;1;3;0;0;0;0;0;0;0;3;0;1;27;10;71;5;7;0;2;4;2;1;3;4;5;3;2;0;0;1;0;1;67;7;0;4;23;2;2;9;0;4;0;1;0;1;1;1;9;0;17;0;0;2;1;2;0;2;0;1;92;29;21;11;1;51;11;0;1;2;0;153;3;1;3;1;5;1;0;1;0;0;7;13;34;10;6;0;3;0;6;3;0;3;0;4;1;3;2;0;1;0;0;2;0;3;2;4;44;12;37;0;3;1;0;0;1;0;1;0;0;83;2;0;0;4;0;0;0;2;0;0;6;0;1;24;0;0;1;0;0;0;0;1;0;0;0;0;1;0;0;1;0;1;0;0;0;0;0;1;0;0;0;1
7;"Dzienny Środowiskowy Dom Samopomocy Radzyń Podlaski, ul. Bulwary 12, 21-300 Radzyń Podlaski";61501;"m. Radzyń Podlaski";"radzyński";"lubelskie";1;1;14;3;0;0;1;0;0;1;0;1;0;0;0;0;0;0;0;0;0;1;0;0;0;1;7;3;29;0;4;0;0;2;0;1;1;0;0;0;0;1;0;0;2;0;25;0;0;0;14;2;0;5;0;0;0;0;0;0;0;0;3;0;2;1;0;1;0;0;0;0;0;0;54;12;12;9;1;36;8;1;0;0;0;83;1;0;1;0;0;1;0;1;0;1;4;0;10;1;2;0;1;0;0;1;1;0;0;0;0;0;1;0;0;1;0;0;0;0;0;1;17;6;20;1;1;2;0;0;1;0;0;0;0;76;0;0;0;1;1;0;1;0;0;0;2;0;0;5;0;0;2;0;0;1;1;1;0;0;0;0;0;0;0;0;0;0;0;0;0;1;0;0;0;0;0;0
8;"Szkoła Podstawowa Nr 1 Radzyń Podlaski, ul. Jana Pawła II 25, 21-300 Radzyń Podlaski";61501;"m. Radzyń Podlaski";"radzyński";"lubelskie";1;1;7;2;1;1;0;0;0;1;1;0;0;0;2;1;1;0;1;0;0;0;0;1;2;0;8;4;31;3;0;1;0;0;1;0;1;1;0;2;0;0;0;1;0;0;22;0;0;0;14;1;0;3;0;0;0;0;0;0;2;0;0;0;4;0;1;0;2;0;0;0;0;0;43;7;5;6;0;35;4;1;1;3;0;74;0;1;0;0;1;0;0;1;2;0;10;2;16;2;6;2;2;1;0;2;0;3;0;1;0;5;1;0;0;1;1;0;1;0;0;1;12;10;22;0;4;2;2;2;0;0;0;0;0;41;2;1;0;1;0;0;0;0;0;0;1;0;0;9;2;0;0;0;0;0;0;0;0;0;0;0;0;0;0;0;0;0;0;0;0;0;0;0;0;0;0;0
9;"Szkoła Podstawowa Nr 1 Radzyń Podlaski (sala gimnastyczna), ul. Jana Pawła II 25, 21-300 Radzyń Podlaski";61501;"m. Radzyń Podlaski";"radzyński";"lubelskie";1;1;15;0;0;0;0;0;0;0;0;0;0;0;0;0;1;0;1;1;0;0;0;2;0;2;18;4;54;9;5;2;0;0;0;0;1;3;2;1;0;0;0;1;2;0;43;0;1;4;23;0;0;4;0;2;0;2;1;0;3;0;8;0;16;1;0;0;0;0;1;1;0;1;86;22;9;6;0;42;12;2;1;3;0;176;0;0;3;1;4;2;1;1;0;1;19;8;40;14;1;2;2;3;0;4;0;5;0;0;3;4;2;0;0;0;2;2;3;3;2;5;15;3;34;2;3;1;0;0;0;1;0;0;0;78;2;0;0;0;0;0;0;0;1;0;3;0;0;30;2;1;0;0;0;1;0;0;0;0;0;0;1;0;0;4;0;0;0;1;0;0;0;0;0;0;0;2
10;"Samodzielny Publiczny Zakład Opieki Zdrowotnej, ul. Wisznicka 111, 21-300 Radzyń Podlaski";61501;"m. Radzyń Podlaski";"radzyński";"lubelskie";1;1;1;0;0;0;1;0;0;0;0;0;0;1;0;0;0;0;0;0;0;0;0;0;0;0;2;0;2;2;0;0;1;0;0;0;0;1;0;1;0;0;0;0;0;0;1;0;0;0;1;1;0;0;0;0;0;0;0;0;1;0;1;0;1;0;0;0;0;0;0;0;0;0;24;0;5;2;0;11;0;0;0;2;1;8;0;0;0;0;0;1;1;1;1;0;2;0;3;0;0;0;0;0;0;0;1;0;0;0;0;0;0;0;0;0;0;0;0;0;0;0;5;0;2;1;0;0;0;0;0;0;1;0;0;1;0;0;0;0;0;0;0;1;0;0;1;0;0;0;0;0;0;0;0;0;0;0;0;0;0;0;0;0;0;0;0;0;0;0;0;0;0;0;0;0;0;0
1;"Szkoła Podstawowa w Borkach, ul. Wojska Polskiego 26, 21-345 Borki";61502;"gm. Borki";"radzyński";"lubelskie";1;1;3;0;0;1;0;0;0;4;0;0;0;0;1;1;0;0;0;0;0;0;0;1;0;0;7;1;108;3;1;0;1;0;0;0;2;1;0;0;0;0;0;0;0;0;3;0;0;0;3;0;0;4;1;1;0;0;0;0;0;0;1;0;3;1;0;0;0;0;0;0;0;0;39;4;19;34;2;8;2;0;0;0;3;84;0;0;0;0;1;1;0;1;1;0;14;6;15;0;3;0;1;0;1;1;0;6;0;0;0;1;0;0;0;0;0;0;0;1;0;1;20;6;8;3;3;5;3;0;1;1;1;0;0;9;0;0;0;3;0;1;0;0;0;0;0;4;0;6;0;0;0;0;0;0;0;1;0;1;0;0;0;0;0;4;0;1;0;0;0;0;0;0;0;0;1;0
2;"Szkoła Podstawowa w Krasewie, Krasew 84, 21-345 Borki";61502;"gm. Borki";"radzyński";"lubelskie";1;1;1;0;0;0;0;0;0;0;0;0;0;0;0;1;0;0;0;0;0;0;0;0;0;0;0;0;77;0;2;0;0;0;0;0;1;0;0;0;0;0;0;0;0;0;2;0;1;0;1;0;0;1;0;0;0;2;1;0;0;0;0;0;0;0;0;0;0;0;0;0;0;0;34;8;14;3;1;17;7;1;2;2;0;128;5;0;0;0;2;0;0;0;0;0;2;1;7;0;1;0;0;0;0;0;0;3;0;0;0;0;0;0;0;0;0;0;0;0;0;0;3;0;2;0;0;0;0;0;0;0;0;0;0;0;0;0;0;0;0;0;0;0;0;2;4;1;1;1;1;0;0;0;0;0;0;0;0;0;0;0;0;0;0;1;0;0;0;0;0;0;0;0;0;0;0;0
3;"Szkoła Podstawowa w Tchórzewie-Kolonii, Tchórzew-Kolonia 186, 21-345 Borki";61502;"gm. Borki";"radzyński";"lubelskie";1;1;2;0;0;0;0;0;0;0;0;0;0;0;0;0;0;0;0;0;0;0;0;0;0;0;2;1;26;0;0;0;0;0;0;1;0;0;0;0;0;0;0;0;0;0;0;2;0;1;0;0;0;0;0;0;0;0;0;0;0;0;1;0;0;0;1;0;0;0;0;0;0;0;32;2;21;3;0;16;3;1;2;0;0;43;0;1;0;1;2;0;0;1;1;0;3;6;3;1;7;0;1;1;1;0;1;2;0;1;0;1;0;0;0;2;0;0;0;0;0;0;3;1;1;0;0;1;1;0;0;0;0;0;0;1;0;0;0;1;0;0;0;0;1;0;2;1;0;1;0;0;0;0;0;0;0;0;0;0;0;0;0;0;0;0;0;1;0;0;0;0;0;0;0;0;0;0
4;"Gminny Ośrodek Kultury i Sportu w Woli Osowińskiej, Wola Osowińska ul. Wesoła 29, 21-345 Borki";61502;"gm. Borki";"radzyński";"lubelskie";1;1;2;0;0;1;0;0;0;0;0;0;0;0;0;0;1;0;0;0;0;0;0;0;0;0;4;0;119;0;0;0;0;0;0;0;1;1;1;0;0;0;0;0;0;0;1;0;0;0;10;1;0;0;1;0;2;0;0;0;0;0;2;0;0;0;1;0;0;2;1;0;0;0;70;4;18;3;1;14;0;1;6;0;0;74;1;1;0;1;1;0;1;0;0;1;5;0;14;1;0;0;2;0;0;0;2;3;0;0;0;3;0;0;0;0;1;0;0;0;0;2;8;6;4;1;1;1;0;0;2;0;0;0;0;2;1;1;0;0;0;1;0;0;0;0;0;3;0;0;0;0;0;0;0;0;0;0;0;0;0;0;0;0;0;2;0;0;0;0;0;0;0;0;0;0;1;0
5;"Remiza OSP w Starej Wsi, Stara Wieś 33A, 21-345 Borki";61502;"gm. Borki";"radzyński";"lubelskie";1;1;2;0;3;1;0;0;0;0;0;0;0;0;0;1;0;0;0;0;0;0;0;0;1;0;1;1;50;0;0;0;0;1;0;2;1;0;0;0;0;0;0;0;1;0;10;0;0;1;4;0;0;0;0;2;0;0;0;0;0;0;1;0;0;2;0;0;0;0;0;0;0;0;52;11;20;3;1;17;2;0;1;2;1;109;0;1;0;0;4;0;0;2;1;0;7;7;21;2;1;0;0;1;0;1;2;8;0;0;0;0;0;1;0;1;0;0;0;0;0;2;4;3;2;0;0;1;0;0;1;0;0;0;0;3;1;0;0;0;0;0;0;0;0;2;1;1;0;2;0;0;0;0;0;0;0;1;1;0;0;0;0;0;0;0;0;0;0;0;0;0;0;0;0;0;0;0
6;"Budynek OSP w Nowinach, Nowiny 22, 21-345 Borki";61502;"gm. Borki";"radzyński";"lubelskie";1;1;1;0;0;0;1;0;0;0;0;0;0;0;0;0;0;0;0;0;0;0;0;0;0;1;1;0;22;0;0;0;0;0;0;0;0;0;1;0;0;0;0;1;0;0;1;0;0;0;2;2;0;1;0;1;0;0;0;0;1;0;0;0;0;0;0;0;0;0;0;0;0;0;23;1;7;0;0;1;1;0;0;0;1;30;0;0;0;0;0;0;0;0;0;0;2;0;1;2;2;0;0;0;0;0;0;2;0;0;0;1;0;0;0;0;0;0;0;1;0;0;0;0;0;0;0;0;0;1;1;0;0;0;0;1;0;0;0;0;0;0;0;0;0;0;1;0;0;1;0;0;0;0;0;0;0;0;0;0;0;0;0;0;0;1;0;0;0;0;0;0;0;0;0;0;0;0
7;"Świetlica Wiejska w Osownie, Osowno 106, 21-345 Borki";61502;"gm. Borki";"radzyński";"lubelskie";1;1;4;0;0;0;1;0;0;1;1;0;0;0;0;0;0;0;0;0;0;0;0;0;0;0;0;0;26;1;2;0;0;0;0;0;0;0;0;0;0;0;0;0;1;1;2;0;1;0;2;0;0;2;0;0;0;0;0;0;0;0;0;0;0;0;0;2;0;0;0;0;0;0;38;4;11;4;2;14;5;0;0;0;0;61;1;0;0;0;2;0;0;0;1;0;4;0;5;1;1;0;0;0;0;1;0;0;0;0;0;0;0;0;0;0;0;1;0;0;0;0;13;1;0;2;3;0;0;0;0;0;0;0;0;2;0;0;0;0;0;0;0;1;0;0;0;0;0;0;0;0;0;0;0;0;0;0;0;0;0;0;0;0;0;0;0;0;0;0;0;0;0;0;0;1;0;0
8;"Budynek OSP w Olszewnicy, Olszewnica 67, 21-345 Borki";61502;"gm. Borki";"radzyński";"lubelskie";1;1;1;0;0;0;0;0;1;0;0;0;0;0;0;0;0;0;0;0;0;0;0;0;0;0;1;0;20;1;1;0;0;1;0;0;0;0;0;0;0;0;0;0;0;0;3;0;0;2;1;1;1;0;0;0;0;0;0;0;1;0;2;0;2;0;0;1;0;0;0;0;1;0;25;1;7;5;1;9;0;0;1;2;2;59;0;0;0;0;1;0;0;0;1;0;0;0;6;1;2;0;0;0;0;1;0;3;0;0;0;0;0;1;0;0;1;0;0;1;0;2;8;0;0;0;0;1;0;1;0;0;0;0;0;0;0;0;0;0;0;0;0;0;0;0;2;1;0;0;1;0;0;0;0;0;0;0;0;0;0;0;0;0;0;0;0;0;0;0;0;0;0;0;0;0;0;0
9;"Wiejski Dom Kultury w Sitnie, Sitno 21A, 21-345 Borki";61502;"gm. Borki";"radzyński";"lubelskie";1;1;0;1;0;0;0;0;0;0;1;0;1;0;1;1;0;0;0;0;0;0;0;1;0;0;0;0;20;0;1;0;0;0;0;0;0;0;1;0;1;0;0;0;0;0;1;0;0;0;2;0;0;0;0;1;1;1;0;0;1;0;0;0;0;0;1;0;0;0;0;0;0;0;24;1;5;6;0;11;2;0;0;0;2;47;0;0;0;0;2;0;0;2;0;0;1;1;2;3;1;0;0;0;0;0;0;3;0;0;0;1;0;0;0;0;0;0;0;0;0;1;3;1;3;0;1;0;0;0;0;0;0;0;0;2;0;0;0;1;0;0;0;0;1;0;3;0;0;0;0;0;0;0;0;0;0;3;0;0;0;0;0;1;0;0;0;0;0;0;0;0;0;0;0;0;0;0
10;"Wiejski Dom Kultury w Woli Chomejowej, Wola Chomejowa 85A, 21-345 Borki";61502;"gm. Borki";"radzyński";"lubelskie";1;1;1;0;0;0;0;0;0;1;0;0;0;0;0;0;0;0;0;0;0;0;0;0;0;0;1;1;30;0;0;1;1;0;0;0;0;0;0;0;0;0;0;0;0;0;0;0;0;0;2;0;1;1;1;0;0;0;0;0;0;0;0;0;0;0;0;0;0;0;0;0;0;0;23;2;4;4;1;16;1;0;0;0;0;117;0;0;0;0;0;0;0;0;0;0;2;1;13;0;1;0;0;0;0;0;1;5;0;0;0;2;1;1;0;0;0;1;0;1;0;0;5;0;1;0;0;1;2;1;0;0;0;0;0;0;0;0;1;0;0;0;0;0;0;0;1;0;1;1;1;0;0;0;0;0;0;0;0;0;0;0;0;1;0;0;0;0;0;0;0;0;0;0;0;0;0;0
11;"Centrum Społeczno-Kulturalne we Wrzosowie, Wrzosów 62, 21-345 Borki";61502;"gm. Borki";"radzyński";"lubelskie";1;1;0;0;0;1;0;0;0;1;0;0;0;0;0;1;0;0;0;0;0;0;0;0;0;0;0;1;20;0;1;2;0;0;0;0;0;1;0;0;0;0;0;1;0;0;6;0;0;2;6;0;0;1;0;1;0;0;0;0;0;0;0;0;0;1;0;0;0;0;0;0;0;0;13;2;13;5;0;5;1;0;0;1;0;36;3;0;0;1;1;0;0;0;3;0;4;1;4;2;4;0;0;0;0;0;0;0;0;0;1;0;0;0;0;1;0;0;0;0;0;1;6;0;0;1;0;0;0;1;0;0;0;0;0;1;0;0;0;0;0;0;1;0;0;0;0;0;0;0;0;0;1;0;0;0;0;0;0;0;0;0;0;0;0;2;0;0;0;0;0;0;0;0;0;0;1;0
1;"Remiza Ochotniczej Straży Pożarnej w Czemiernikach, ul. Zamkowa 11, 21-306 Czemierniki";61503;"gm. Czemierniki";"radzyński";"lubelskie";1;1;12;0;0;1;0;0;0;1;0;2;1;0;0;1;0;0;1;0;0;0;1;6;1;3;19;0;82;0;8;3;5;3;0;2;5;0;0;0;0;1;0;0;0;0;28;0;1;5;21;2;4;2;2;0;1;0;0;0;1;0;1;0;3;0;1;0;1;1;2;0;0;0;131;13;41;4;0;28;0;0;1;1;1;79;5;0;0;0;1;3;0;1;1;0;15;10;26;3;8;0;3;0;0;0;1;0;0;1;2;3;2;0;0;0;2;0;3;3;0;5;36;9;26;3;0;6;0;2;6;1;0;3;1;16;2;1;0;3;0;0;1;0;0;0;7;4;2;5;4;2;1;0;0;0;0;0;1;0;0;0;0;2;0;0;0;0;0;0;1;2;0;0;1;0;0;2
2;"Dworek w Bełczącu, Bełcząc 207, 21-306 Czemierniki";61503;"gm. Czemierniki";"radzyński";"lubelskie";1;1;1;1;0;0;0;0;1;0;0;0;0;0;0;0;0;0;1;0;0;0;0;0;0;0;4;0;50;1;1;0;0;0;0;0;0;0;0;0;0;0;0;0;0;0;24;0;0;0;3;0;0;1;0;0;0;0;0;0;0;0;1;1;1;0;0;1;0;0;1;0;0;0;81;14;31;6;2;22;6;0;0;4;0;39;0;0;0;1;2;0;1;1;1;0;2;6;17;5;0;0;1;0;1;0;0;0;0;0;0;1;0;1;1;0;1;2;1;1;1;2;1;3;7;1;0;0;0;0;1;0;0;0;0;0;0;0;0;0;0;0;0;0;0;1;3;1;0;0;0;0;0;0;0;0;0;0;0;0;0;0;0;0;0;0;0;0;0;0;2;0;0;0;0;0;0;0
3;"Świetlica wiejska w Niewęgłoszu, Niewęgłosz 44, 21-306 Czemierniki";61503;"gm. Czemierniki";"radzyński";"lubelskie";1;1;2;0;0;0;0;0;0;0;0;0;0;0;0;0;0;0;0;1;0;1;0;0;0;0;4;0;10;1;0;0;0;0;0;0;3;1;1;2;1;0;0;0;0;0;20;0;1;3;5;1;0;0;1;0;0;0;0;0;1;0;1;0;1;0;0;0;0;0;0;0;0;0;41;13;7;4;2;13;0;0;0;1;0;29;0;0;0;0;1;0;0;1;0;0;9;3;7;2;0;0;0;1;1;2;1;0;0;0;1;1;0;1;0;0;1;0;0;0;0;2;10;1;1;0;1;0;1;0;0;0;0;0;0;0;0;0;0;2;0;0;0;0;1;0;2;0;0;1;0;0;0;1;0;0;0;0;0;0;0;0;0;0;0;0;0;0;0;0;0;0;0;0;0;0;0;0
4;"Świetlica Wiejska w Stoczku, Stoczek 46, 21-306 Czemierniki";61503;"gm. Czemierniki";"radzyński";"lubelskie";1;1;2;0;0;0;1;0;0;0;0;0;0;0;0;0;1;0;0;0;1;0;1;0;0;0;2;1;13;0;2;0;0;1;0;1;0;0;0;0;0;1;0;0;1;1;5;0;0;0;6;1;0;0;0;1;0;0;1;1;1;0;2;0;0;0;0;0;0;0;0;0;0;0;49;9;16;3;2;11;0;0;1;2;1;29;0;2;0;0;1;7;0;0;1;0;8;6;10;0;0;0;0;0;0;0;0;0;0;0;0;2;0;0;1;0;1;0;1;1;0;0;4;3;1;0;0;0;0;0;0;0;0;0;0;0;1;0;0;0;0;0;0;0;0;0;0;0;0;3;1;1;0;0;0;0;1;0;0;1;0;0;0;0;0;0;0;0;0;0;0;0;0;0;0;0;0;1
5;"Świetlica wiejska w Wygnanowie, Wygnanów 92, 21-306 Czemierniki";61503;"gm. Czemierniki";"radzyński";"lubelskie";1;1;4;0;0;1;0;0;0;1;0;1;0;0;0;0;0;0;0;0;0;0;1;0;0;0;8;2;24;0;0;0;0;0;0;0;1;0;0;1;0;0;1;0;0;0;18;0;0;1;5;1;0;2;0;1;1;1;0;0;0;0;0;0;0;0;0;0;0;0;0;0;0;0;65;10;16;4;0;8;2;0;0;2;2;24;0;0;0;0;4;0;0;0;0;0;2;3;10;1;4;1;0;2;0;1;0;2;0;0;1;1;0;2;0;0;0;0;0;0;0;0;13;4;2;0;1;0;0;1;0;0;0;0;0;4;0;0;0;0;0;0;1;0;0;0;3;0;1;1;0;0;0;0;1;0;0;0;0;0;1;0;0;1;0;0;0;0;0;0;0;0;0;0;0;0;0;0
6;"Strażnica Ochotniczej Straży Pożarnej w Lichtach, Lichty 47, 21-306 Czemierniki";61503;"gm. Czemierniki";"radzyński";"lubelskie";1;1;4;0;0;0;0;0;0;1;0;1;0;0;0;0;0;0;0;0;0;0;0;0;0;1;1;0;12;0;0;0;0;0;0;0;2;0;0;0;0;0;0;0;0;0;5;0;0;0;3;0;0;0;0;0;0;1;0;0;0;0;0;0;0;0;0;0;0;0;0;0;0;0;27;21;5;11;0;1;0;0;0;0;0;25;0;1;1;0;3;0;0;0;1;0;12;2;4;4;0;0;0;0;0;0;0;0;0;0;0;0;0;0;0;0;1;0;1;0;0;0;4;0;3;0;2;1;0;0;0;0;0;0;0;0;0;1;0;0;0;0;0;0;0;0;0;0;0;5;1;0;0;0;0;0;0;0;2;0;0;0;0;0;0;1;0;0;0;0;0;0;0;0;0;0;0;0
7;"Strażnica Ochotniczej Straży Pożarnej w Skokach, Skoki 37A, 21-306 Czemierniki";61503;"gm. Czemierniki";"radzyński";"lubelskie";1;1;1;0;0;0;1;0;0;0;0;0;0;0;0;1;0;0;0;0;2;0;0;1;0;0;2;1;10;0;0;0;0;2;0;0;0;0;0;1;0;0;0;1;0;0;3;0;0;0;2;0;0;1;0;0;0;0;1;1;0;0;1;0;1;0;0;1;0;0;0;0;0;0;19;3;34;2;1;5;0;0;0;0;0;54;0;1;0;0;0;0;0;0;0;0;7;4;3;1;1;0;0;0;0;0;0;3;0;0;0;0;0;0;0;0;1;0;0;0;0;2;4;0;1;0;0;0;0;0;0;0;0;0;0;1;0;0;0;0;0;0;0;0;0;0;3;0;0;1;0;0;0;0;0;0;0;1;0;0;0;0;0;1;0;0;0;0;0;0;0;0;0;0;0;0;0;0
8;"Dom Ludowy w Stójce, Stójka 21, 21-306 Czemierniki";61503;"gm. Czemierniki";"radzyński";"lubelskie";1;1;2;0;0;0;0;0;0;0;0;0;0;0;0;0;0;0;0;0;0;0;0;0;0;0;4;1;18;0;1;0;1;2;0;0;0;0;1;1;0;0;0;1;0;0;2;0;1;0;3;0;0;0;0;0;0;0;0;0;0;0;0;0;0;0;0;0;0;0;0;0;0;0;15;2;10;3;1;7;1;1;0;1;0;4;0;0;0;0;3;2;0;0;0;0;1;0;7;1;0;0;0;0;0;1;0;0;1;0;0;1;0;0;0;0;0;0;1;0;0;2;9;1;0;3;0;1;0;0;0;0;0;0;1;1;0;1;0;0;0;0;0;0;1;1;1;0;0;0;0;0;0;0;0;0;0;0;0;1;0;0;0;0;0;0;0;0;0;0;0;0;0;0;0;0;0;0
1;"Zespół Oświatowy w Brzozowicy Dużej, Brzozowica Duża 83, 21-302 Kąkolewnica";61504;"gm. Kąkolewnica";"radzyński";"lubelskie";1;1;4;0;0;0;1;0;0;0;1;1;0;2;0;0;0;0;3;0;2;0;0;1;0;0;6;3;11;0;8;0;1;4;3;0;0;0;1;0;0;3;0;0;0;1;1;1;1;2;6;1;0;1;0;1;0;0;0;0;0;0;1;0;0;1;0;0;2;0;0;0;0;0;95;16;25;11;4;72;37;3;1;8;0;119;3;1;0;2;3;0;1;1;3;0;68;18;25;4;1;1;2;1;1;1;0;22;0;0;2;0;1;0;0;0;2;0;1;0;1;0;9;6;23;4;6;1;0;0;0;0;1;1;0;0;2;0;0;1;0;0;0;1;0;0;5;1;3;18;1;1;2;1;3;0;0;0;0;0;0;0;2;1;0;0;0;0;0;0;0;0;0;0;0;0;0;0
2;"Zespół Oświatowy w Kąkolewnicy, ul. Szkolna 4, 21-302 Kąkolewnica";61504;"gm. Kąkolewnica";"radzyński";"lubelskie";1;1;3;0;0;0;0;0;0;3;0;0;0;0;1;1;0;0;0;0;0;0;0;1;0;0;11;0;17;0;2;1;1;2;1;0;0;2;0;0;0;0;1;0;0;0;10;0;0;0;8;1;0;3;0;2;0;0;0;0;0;0;0;0;2;0;0;0;0;0;0;0;0;0;70;13;22;7;2;62;4;0;0;0;1;81;1;0;1;0;6;0;0;0;1;0;93;14;17;2;4;0;0;1;2;0;1;26;0;0;0;2;0;0;0;0;1;0;0;2;0;3;10;7;18;1;3;1;0;0;0;1;1;0;0;3;0;1;1;0;0;0;0;0;1;0;5;2;2;11;0;2;0;0;0;0;0;0;1;1;0;1;0;0;0;2;0;1;0;0;0;4;0;0;0;0;0;0
3;"Gminny Ośrodek Kultury w Kąkolewnicy, ul. Lubelska 16, 21-302 Kąkolewnica";61504;"gm. Kąkolewnica";"radzyński";"lubelskie";1;1;6;0;0;1;0;0;1;3;12;1;0;0;0;2;1;0;4;0;3;0;0;1;0;0;7;2;29;6;4;1;1;2;0;0;4;0;3;0;0;0;1;1;0;2;9;0;0;0;8;1;0;1;1;0;0;0;0;0;1;0;2;1;0;0;0;0;0;0;2;0;0;0;82;16;8;22;2;93;20;2;1;4;1;79;5;0;1;0;2;0;0;0;0;0;136;6;29;7;2;2;0;1;0;0;1;30;0;2;1;0;0;1;0;0;0;1;2;0;1;6;12;7;22;2;8;4;0;0;1;1;0;0;0;2;1;2;0;1;0;1;1;0;0;0;6;3;2;13;0;0;0;0;0;0;0;0;0;0;0;0;0;0;0;0;0;0;0;0;0;0;0;0;0;0;4;0
4;"Zespół Oświatowy w Polskowoli, Polskowola 131, 21-302 Kąkolewnica";61504;"gm. Kąkolewnica";"radzyński";"lubelskie";1;1;0;1;1;0;1;0;0;0;3;0;0;0;0;0;0;0;1;0;2;0;1;0;0;0;3;1;18;2;3;1;2;1;0;0;4;0;0;0;0;0;0;0;0;1;8;0;1;0;2;0;0;3;0;1;0;0;0;0;0;0;1;0;0;0;1;0;0;0;0;0;0;0;49;7;21;2;3;25;1;0;1;3;0;63;1;0;0;1;5;7;0;1;0;0;59;8;9;2;0;0;1;0;1;0;2;6;0;1;2;0;1;1;0;0;0;0;0;0;0;0;3;2;17;2;1;1;0;1;0;0;0;0;0;0;0;0;0;0;0;0;3;0;0;0;2;0;1;1;1;0;0;0;0;0;0;0;0;0;0;0;0;1;0;0;0;0;0;0;0;0;0;0;0;0;0;1
5;"Szkoła Podstawowa w Olszewnicy, Olszewnica 170, 21-302 Kąkolewnica";61504;"gm. Kąkolewnica";"radzyński";"lubelskie";1;1;1;0;1;0;1;0;0;0;1;0;0;0;0;1;0;0;0;0;1;0;0;0;0;0;3;0;5;0;0;0;0;1;0;1;1;0;0;0;0;0;1;1;0;1;3;1;1;0;3;1;0;0;0;0;0;1;0;0;0;0;0;1;1;0;0;0;1;1;0;1;0;0;49;2;18;2;1;26;2;0;0;1;0;33;1;2;4;0;0;0;0;0;0;0;58;17;9;1;1;0;0;1;0;0;0;32;0;0;0;0;0;0;0;0;1;0;0;0;0;2;6;4;6;0;2;1;0;0;0;0;0;0;0;0;1;0;0;1;0;0;0;0;3;0;1;0;1;4;0;0;0;0;0;0;0;0;0;0;0;0;0;0;0;0;0;0;0;0;0;0;0;0;0;0;0;0
6;"Szkoła Podstawowa w Turowie, Turów 76, 21-302 Kąkolewnica";61504;"gm. Kąkolewnica";"radzyński";"lubelskie";1;1;2;0;0;0;0;0;0;1;1;0;0;0;0;0;0;0;1;0;2;0;1;1;0;0;9;4;36;3;1;2;0;1;2;0;0;0;0;0;0;0;0;0;0;1;21;0;0;0;6;0;0;0;0;1;0;0;0;0;0;0;2;0;1;0;1;0;0;0;0;0;1;0;34;12;16;10;3;34;4;0;1;0;0;45;2;0;2;1;2;0;0;0;2;1;86;21;18;0;0;0;2;0;0;3;0;25;1;0;0;1;1;0;0;0;4;1;1;0;3;2;10;8;11;2;0;2;1;0;1;0;0;0;0;6;0;0;1;1;0;1;0;0;0;0;6;0;0;15;1;0;0;0;0;0;1;0;0;0;0;0;0;0;0;1;1;0;0;0;1;0;0;0;0;0;0;0
7;"Szkoła Podstawowa w Żakowoli Poprzecznej, Żakowola Poprzeczna 43, 21-302 Kąkolewnica";61504;"gm. Kąkolewnica";"radzyński";"lubelskie";1;1;1;0;1;0;0;0;0;0;0;0;1;0;0;2;1;0;0;0;0;0;0;0;0;0;4;3;15;0;1;0;0;0;0;0;1;0;0;0;0;1;1;0;0;0;7;0;0;0;0;0;0;0;0;1;0;0;0;0;0;0;1;0;0;0;0;0;0;0;0;2;0;0;21;6;7;1;2;23;2;0;0;0;0;43;0;0;1;0;3;0;0;0;0;0;82;2;7;1;1;0;1;0;1;1;0;11;0;0;0;0;0;0;0;0;0;0;0;0;0;0;1;1;9;0;1;1;0;0;1;0;0;0;0;0;0;1;0;0;0;0;1;0;0;0;3;1;1;4;0;0;0;0;0;0;0;1;0;0;0;0;1;0;0;1;0;0;0;0;0;0;0;0;0;0;0;2
8;"Dom Ludowy i OSP Grabowiec w Grabowcu, Grabowiec 24, 21-302 Kąkolewnica";61504;"gm. Kąkolewnica";"radzyński";"lubelskie";1;1;1;0;0;0;0;0;0;0;0;0;0;0;0;0;1;1;1;0;0;0;0;1;0;0;3;1;5;2;4;0;1;0;0;1;0;0;0;0;0;0;0;0;0;1;0;0;0;0;2;0;0;0;0;0;0;0;0;0;1;0;0;0;0;0;0;1;0;0;0;0;0;0;35;4;8;24;2;53;0;0;0;0;0;4;1;0;1;0;2;0;0;0;1;1;43;6;5;3;0;1;1;0;2;0;1;11;0;0;0;1;0;0;0;0;1;0;0;0;0;1;2;2;6;0;0;0;0;0;0;0;0;0;0;0;0;0;0;0;0;0;0;0;0;0;0;1;0;1;1;1;0;0;0;0;0;0;0;0;0;0;0;0;0;0;0;0;0;0;0;1;0;0;0;0;0;0
9;"Dom Kultury i OSP Wygnanka w Wygnance, Wygnanka 37, 21-302 Kąkolewnica";61504;"gm. Kąkolewnica";"radzyński";"lubelskie";1;1;2;0;0;0;0;0;0;0;0;1;0;0;0;0;0;0;0;0;0;0;0;0;0;0;1;0;5;0;0;0;0;0;0;0;2;0;3;0;0;0;0;1;1;0;0;0;0;2;0;0;0;0;1;0;0;0;0;0;1;0;0;0;0;0;0;0;0;0;0;0;0;0;23;1;4;10;1;19;1;0;0;1;0;50;0;0;0;0;0;0;0;0;0;1;14;3;7;0;0;0;0;0;0;0;0;4;0;0;1;1;1;0;0;0;1;0;0;0;0;1;6;3;5;0;0;0;0;0;0;1;0;0;0;0;0;0;0;2;0;0;0;0;0;0;0;0;0;0;0;0;1;0;0;0;0;1;0;0;0;0;0;1;0;0;0;0;0;0;0;0;0;0;0;0;0;0
1;"Szkoła Podstawowa w Komarówce Podlaskiej, ul. Wojska Polskiego 7, 21-311 Komarówka Podlaska";61505;"gm. Komarówka Podlaska";"radzyński";"lubelskie";1;1;4;0;0;1;0;0;0;0;0;2;0;0;0;0;0;0;0;0;0;0;0;1;0;0;3;0;18;0;3;0;0;2;3;1;2;110;1;0;0;0;1;0;0;0;14;1;0;2;7;0;2;10;1;3;0;1;0;0;2;0;1;0;1;0;1;0;0;0;0;1;0;1;60;4;10;6;2;121;18;3;0;9;0;24;1;0;0;0;0;1;0;0;0;0;2;6;13;2;8;1;0;1;2;0;0;1;0;0;0;1;0;0;0;0;2;0;0;1;0;0;16;9;18;0;3;1;0;1;0;0;0;0;0;5;0;0;0;0;0;0;0;1;0;3;5;0;0;23;0;1;0;0;1;0;0;0;0;0;0;0;0;0;0;7;1;0;0;0;1;0;1;1;0;0;0;1
2;"Budynek Szkoły w Derewicznie, Derewiczna 88, 21-311 Komarówka Podlaska";61505;"gm. Komarówka Podlaska";"radzyński";"lubelskie";1;1;6;0;0;1;0;0;0;1;0;0;0;0;0;1;1;0;0;0;0;0;0;0;0;0;2;0;4;0;1;0;0;0;1;0;1;10;0;0;0;0;0;0;0;0;5;0;0;0;4;0;0;1;0;1;0;0;0;0;0;0;0;0;0;0;0;0;0;0;0;0;0;0;28;2;9;5;1;51;9;1;0;0;1;21;1;0;0;0;0;0;0;0;0;2;0;1;9;0;2;0;3;2;0;0;1;0;0;1;0;2;0;0;0;0;1;0;1;0;0;0;5;0;4;1;0;0;0;0;0;1;0;0;0;1;1;0;0;0;0;0;0;0;1;1;2;0;0;5;1;0;0;0;0;0;0;0;0;0;0;0;1;0;0;0;1;0;0;0;0;0;0;0;0;0;0;0
3;"Warsztat Terapii Zajęciowej w Kolembrodach, Kolembrody 60A, 21-311 Komarówka Podlaska";61505;"gm. Komarówka Podlaska";"radzyński";"lubelskie";1;1;1;0;0;0;0;0;0;0;0;0;0;0;0;0;0;0;0;0;0;1;1;2;0;0;2;0;24;0;0;1;1;1;1;1;1;8;0;0;0;0;0;0;1;0;0;0;0;0;10;1;0;1;0;1;0;0;0;0;0;0;1;0;1;1;0;0;0;0;0;0;0;0;19;2;1;0;1;34;2;0;0;14;0;2;0;0;0;0;0;0;0;0;0;0;0;0;9;0;0;0;0;0;2;1;0;0;1;0;0;1;0;1;0;0;1;0;0;0;0;0;14;4;2;0;6;0;0;0;0;0;0;0;0;0;0;0;0;0;0;0;0;0;1;0;0;0;0;2;0;0;0;0;0;0;0;0;0;0;0;0;2;0;0;0;0;0;0;0;0;2;0;0;0;0;0;0
4;"Remiza OSP w Przegalinach Dużych, Przegaliny Duże 125, 21-311 Komarówka Podlaska";61505;"gm. Komarówka Podlaska";"radzyński";"lubelskie";1;1;15;0;0;0;0;0;0;1;0;0;0;0;0;0;1;0;0;0;1;1;0;0;0;0;1;0;25;1;3;0;0;0;0;0;1;10;1;0;0;0;0;0;0;0;5;0;0;0;5;0;0;1;0;1;0;0;0;0;0;0;0;0;0;0;0;0;0;0;1;0;0;0;35;1;19;5;1;69;1;1;0;5;1;23;0;0;0;0;1;1;0;0;0;0;3;4;13;6;5;0;1;0;0;0;0;2;0;0;0;2;0;0;0;0;1;0;0;0;0;0;8;1;6;2;1;0;0;0;1;0;0;0;0;3;0;1;0;1;1;0;0;0;0;0;5;0;0;32;0;0;1;0;0;0;0;0;1;0;0;0;0;0;0;0;0;0;0;0;0;0;0;0;0;0;0;1
5;"Remiza OSP w Wiskach, Wiski 15, 21-311 Komarówka Podlaska";61505;"gm. Komarówka Podlaska";"radzyński";"lubelskie";1;1;1;0;0;0;0;0;0;0;0;1;0;0;0;0;0;0;0;0;0;0;0;0;0;0;1;0;3;0;0;0;0;0;0;0;0;20;0;0;0;0;0;0;0;0;1;0;0;0;0;0;0;1;0;0;0;0;0;0;0;0;0;0;0;0;0;0;0;0;0;0;0;0;10;0;4;3;2;21;7;0;0;6;0;2;0;0;0;1;0;0;0;0;0;0;0;5;6;2;10;0;0;0;0;0;0;2;0;0;0;0;0;0;0;0;0;0;0;1;0;0;2;0;7;0;0;0;0;0;0;0;0;0;0;2;0;0;0;1;0;0;0;0;0;0;0;0;0;1;0;0;0;0;0;0;0;0;0;0;0;0;0;0;0;0;0;0;0;0;0;0;0;0;0;0;0;0
6;"Remiza OSP w Brzozowym Kącie, Brzozowy Kąt 8, 21-311 Komarówka Podlaska";61505;"gm. Komarówka Podlaska";"radzyński";"lubelskie";1;1;4;0;0;1;0;0;0;0;0;1;0;0;0;0;0;0;0;0;0;0;0;0;0;0;2;0;8;0;1;0;0;1;0;0;1;16;0;1;0;0;0;0;0;0;0;0;0;0;0;0;0;1;0;3;0;0;0;0;0;0;0;0;0;0;0;0;0;0;0;0;0;0;36;1;12;9;1;75;0;0;0;7;1;16;0;0;0;0;0;1;0;0;1;0;4;0;5;1;1;0;2;0;1;0;1;1;0;2;0;0;0;0;0;0;1;0;0;1;0;0;4;2;2;0;1;0;0;0;0;0;0;0;0;0;0;0;0;0;0;0;0;0;0;0;4;1;0;8;0;0;4;0;4;0;0;1;0;0;1;0;2;0;0;0;0;0;0;0;0;0;0;0;0;0;0;0
7;"Remiza OSP w Walinnie, Walinna 76, 21-311 Komarówka Podlaska";61505;"gm. Komarówka Podlaska";"radzyński";"lubelskie";1;1;2;0;0;0;0;1;0;1;0;0;0;0;0;0;0;0;0;0;0;0;1;2;0;0;1;0;5;0;0;0;0;0;1;0;0;8;0;0;0;0;0;0;0;0;0;0;0;0;2;1;0;0;1;0;0;0;0;0;0;0;0;0;0;1;0;0;0;0;0;0;0;0;29;0;8;2;2;26;1;0;0;4;0;5;1;0;0;0;0;0;0;0;0;0;0;1;1;2;3;0;0;0;1;0;0;0;0;0;0;0;0;0;0;0;1;0;0;1;0;1;4;1;0;0;1;0;0;0;0;0;0;0;0;0;1;0;0;0;0;0;0;0;0;0;1;0;0;10;0;0;1;0;0;2;0;0;0;0;0;0;0;0;0;0;1;0;0;0;0;0;0;0;0;0;0;0
8;"Remiza OSP w Żeliźnie, Żelizna 55, 21-311 Komarówka Podlaska";61505;"gm. Komarówka Podlaska";"radzyński";"lubelskie";1;1;3;0;0;0;0;0;0;0;0;0;0;0;0;0;0;0;0;0;0;0;0;0;0;0;0;0;12;0;1;0;0;0;1;1;2;10;0;0;0;0;0;0;0;0;1;0;0;0;1;0;0;1;0;0;0;0;0;0;0;0;0;0;3;0;0;0;0;0;0;0;0;1;8;0;2;6;1;47;1;0;0;7;0;3;0;0;0;0;1;0;1;0;0;0;0;0;8;2;1;0;0;0;0;0;0;0;0;0;0;0;0;0;0;0;0;1;0;0;0;1;0;0;2;0;2;0;0;0;0;0;0;0;0;0;0;0;0;0;0;0;0;0;1;0;2;1;0;2;1;0;0;0;0;0;0;0;0;0;1;0;0;0;0;0;0;0;0;0;0;0;0;0;0;0;0;0
9;"Remiza OSP w Wólce Komarowskiej, Wólka Komarowska 26A, 21-311 Komarówka Podlaska";61505;"gm. Komarówka Podlaska";"radzyński";"lubelskie";1;1;1;0;0;1;0;0;0;1;0;0;0;0;1;0;0;0;0;0;0;0;0;0;0;0;4;0;7;0;0;0;1;0;3;0;1;15;0;0;1;0;0;0;0;0;0;0;0;1;3;0;0;0;0;3;0;0;0;0;1;0;1;0;1;0;0;0;1;0;0;0;0;0;6;0;1;9;0;34;0;0;0;1;0;19;1;0;0;0;0;0;0;0;0;0;0;2;3;0;3;1;0;1;1;0;0;1;1;0;0;0;0;0;0;0;1;0;0;0;0;0;4;0;5;0;2;1;0;0;0;0;0;0;0;0;0;0;0;2;0;0;0;0;0;0;1;1;0;3;0;0;0;0;0;0;0;0;0;0;0;0;0;0;0;0;0;0;0;0;0;0;0;0;0;0;0;0
1;"Remiza OSP w Branicy Radzyńskiej-Kolonii, Branica Radzyńska-Kolonia 49A, 21-300 Radzyń Podlaski";61506;"gm. Radzyń Podlaski";"radzyński";"lubelskie";1;1;4;0;0;0;0;0;1;0;0;2;0;0;0;0;0;0;0;1;1;1;0;0;0;0;4;0;24;1;1;1;1;1;0;0;3;0;1;0;0;1;0;0;0;0;16;2;0;1;2;0;0;0;0;1;0;0;0;0;0;0;0;0;0;0;0;1;0;0;0;0;0;0;27;4;9;5;1;10;2;1;2;0;0;42;1;0;0;0;0;0;0;0;1;0;5;2;7;1;1;0;0;1;0;0;0;0;0;0;0;2;1;0;0;0;0;0;0;0;0;0;6;2;5;0;0;0;0;0;0;0;0;0;0;0;1;0;0;1;0;0;0;0;1;0;1;0;0;1;0;0;0;0;0;0;0;0;0;0;0;0;0;0;0;3;0;0;0;0;0;0;0;0;0;0;0;0
2;"Dom Ludowy w Ustrzeszy, Ustrzesz 34A, 21-300 Radzyń Podlaski";61506;"gm. Radzyń Podlaski";"radzyński";"lubelskie";1;1;1;0;1;0;0;0;0;0;0;0;0;0;0;1;0;0;0;0;0;1;0;0;0;0;3;2;26;0;1;0;0;2;1;1;0;0;0;0;1;0;0;1;0;0;26;1;0;0;3;0;0;1;0;0;0;1;0;0;0;0;5;0;3;0;0;0;0;0;0;0;0;0;47;14;20;12;1;16;3;2;0;0;0;65;0;0;0;3;4;0;0;0;1;0;12;3;21;7;2;0;3;0;0;0;2;2;1;0;0;0;1;0;0;0;2;1;1;0;0;2;7;4;12;0;1;0;0;0;2;0;1;0;0;7;1;0;0;4;0;0;0;0;0;0;4;0;0;1;1;0;0;0;0;0;0;0;0;0;0;0;0;0;0;0;0;0;0;0;0;0;0;0;0;0;0;0
3;"Szkoła Podstawowa w Białce, Białka 49A, 21-300 Radzyń Podlaski";61506;"gm. Radzyń Podlaski";"radzyński";"lubelskie";1;1;3;1;1;0;0;0;0;0;0;1;2;0;0;0;0;0;0;0;0;0;0;3;0;0;4;5;33;0;3;1;1;1;1;0;0;3;1;0;0;0;0;0;1;1;17;0;0;0;17;1;0;2;0;1;0;0;0;0;0;0;3;0;1;0;1;0;0;0;0;1;0;0;65;11;12;12;1;43;9;2;2;0;0;102;0;0;1;0;3;1;0;0;0;0;9;3;30;0;1;0;1;2;0;0;0;2;0;1;2;2;0;1;0;2;4;0;0;2;0;3;24;8;18;2;2;2;0;0;0;1;0;0;1;23;0;0;1;2;0;0;2;0;0;2;1;1;0;12;0;0;0;0;2;0;0;0;1;0;0;0;0;0;0;0;0;0;0;0;0;0;0;0;0;0;0;0
4;"Remiza OSP w Płudach, Płudy 16, 21-300 Radzyń Podlaski";61506;"gm. Radzyń Podlaski";"radzyński";"lubelskie";1;1;0;0;0;0;0;0;0;2;0;0;1;0;0;0;0;0;0;0;0;0;0;2;0;0;9;1;12;0;2;1;2;0;0;1;1;0;1;0;1;0;0;0;0;0;9;0;0;0;3;0;0;0;1;0;1;1;2;0;1;0;0;0;0;1;0;1;0;0;0;0;0;0;28;12;6;12;2;11;1;0;0;0;1;98;0;1;0;0;0;0;0;0;0;0;10;0;12;3;2;1;2;0;0;1;1;1;0;1;0;0;0;0;0;0;0;0;2;2;0;0;3;3;1;0;0;0;0;1;0;1;0;0;0;0;0;2;0;0;0;0;0;0;0;0;1;0;2;3;1;1;0;0;0;0;0;0;0;0;0;0;0;0;0;0;0;0;0;0;0;0;0;0;0;0;0;0
5;"Szkoła Podstawowa w Brzostówcu, Brzostówiec 72, 21-300 Radzyń Podlaski";61506;"gm. Radzyń Podlaski";"radzyński";"lubelskie";1;1;2;0;1;0;3;0;0;0;1;1;1;0;0;1;1;0;0;0;0;0;0;4;0;0;4;1;15;0;2;0;0;2;0;1;1;0;1;1;0;0;0;0;0;0;19;0;0;1;10;0;0;1;0;0;0;0;0;0;1;0;2;0;2;1;0;0;1;0;1;0;0;0;43;17;8;11;2;29;0;0;4;0;1;88;0;0;0;0;1;0;0;0;0;0;3;8;25;5;1;0;0;0;3;2;0;2;0;0;1;0;1;0;0;0;2;1;1;0;0;1;10;3;7;1;1;0;0;0;0;0;0;0;0;10;0;0;1;0;0;0;0;0;1;0;4;1;1;7;1;0;0;0;0;0;0;1;0;0;0;0;0;0;0;0;0;0;0;0;0;0;0;0;0;0;0;0
6;"Sala gimnastyczna przy Szkole Podstawowej w Żabikowie, Żabików 65A, 21-300 Radzyń Podlaski";61506;"gm. Radzyń Podlaski";"radzyński";"lubelskie";1;1;3;0;0;0;0;1;1;0;0;0;0;0;0;1;1;0;0;0;1;0;0;0;0;1;4;0;19;0;1;0;0;0;0;0;0;4;0;0;0;0;0;2;0;0;7;0;0;1;8;1;0;2;0;2;0;0;0;0;0;0;0;0;1;0;0;0;0;0;0;0;0;0;29;7;9;15;2;18;1;0;1;0;0;91;2;0;0;0;0;1;0;0;0;0;4;1;1;0;0;0;1;0;2;1;1;0;1;1;0;0;0;0;1;0;1;0;0;0;0;1;3;0;7;0;0;2;0;1;0;0;0;0;0;4;0;1;0;0;0;0;0;0;1;0;3;0;0;2;0;0;0;0;0;0;0;1;0;0;0;0;0;0;0;0;0;0;0;0;0;0;0;0;0;0;0;0
7;"Szkoła Podstawowa w Białej, Biała 30, 21-300 Radzyń Podlaski";61506;"gm. Radzyń Podlaski";"radzyński";"lubelskie";1;1;10;0;0;0;2;0;0;0;0;0;0;1;0;0;0;0;0;0;1;0;0;3;1;2;18;2;37;2;7;0;1;4;1;1;2;0;1;0;1;0;0;0;1;0;19;0;0;0;21;1;0;2;1;1;0;0;0;0;8;1;3;0;5;1;0;0;1;0;0;0;1;0;67;14;11;23;2;25;2;3;1;0;0;189;3;0;2;0;6;3;0;1;3;0;13;8;35;2;2;0;5;0;1;1;0;2;1;2;0;1;0;0;0;0;0;0;1;0;0;0;23;6;11;0;1;1;1;1;1;0;0;0;1;36;0;0;0;1;0;0;0;2;0;1;3;3;1;11;0;1;0;0;0;0;0;0;0;0;0;0;0;0;0;0;0;0;0;0;0;0;0;0;0;0;0;0
8;"Zespół Szkół w Zabielu, Zabiele 8B, 21-300 Radzyń Podlaski";61506;"gm. Radzyń Podlaski";"radzyński";"lubelskie";1;1;2;0;0;0;3;0;0;0;0;1;0;0;0;0;0;0;0;0;0;1;0;3;0;0;1;0;17;0;0;0;2;0;0;2;0;0;1;0;0;0;0;0;1;0;11;0;0;1;3;1;0;1;0;0;0;0;0;0;0;0;0;1;1;0;0;1;0;0;0;0;0;0;33;2;14;4;1;11;5;1;0;0;0;84;1;0;1;0;1;1;0;0;0;0;5;1;8;0;4;0;0;0;1;0;0;5;0;1;0;1;0;0;0;0;0;0;0;0;1;1;8;2;12;0;1;2;0;0;0;0;0;0;0;17;1;0;0;0;0;0;0;0;0;0;2;0;0;4;0;0;0;0;0;0;0;0;0;0;0;0;0;0;0;0;0;0;0;0;0;0;0;0;0;0;0;0
9;"Remiza OSP w Paszkach Dużych, Paszki Duże 64, 21-300 Radzyń Podlaski";61506;"gm. Radzyń Podlaski";"radzyński";"lubelskie";1;1;4;0;0;0;0;0;0;1;0;0;0;0;0;0;0;0;0;0;0;0;0;0;0;0;4;2;9;1;0;0;1;0;1;0;0;2;0;0;0;0;0;0;0;0;12;0;0;2;4;0;0;1;0;0;0;1;0;0;1;0;1;0;0;0;1;0;0;0;0;0;0;0;49;20;10;2;0;9;1;2;1;0;1;108;0;0;0;0;2;0;0;0;0;0;14;5;16;1;1;0;1;1;0;0;1;0;0;1;1;1;0;0;0;0;0;0;0;0;0;1;17;3;2;0;2;0;0;0;0;0;0;0;0;4;0;0;0;0;0;0;0;0;1;0;1;1;0;3;0;0;0;0;0;0;0;0;0;0;0;0;0;0;0;1;0;0;0;0;0;0;0;0;0;0;0;0
10;"Dom Ludowy w Bedlnie, Bedlno 15A, 21-300 Radzyń Podlaski";61506;"gm. Radzyń Podlaski";"radzyński";"lubelskie";1;1;3;0;0;0;0;0;0;0;0;0;0;0;0;0;0;0;0;0;0;0;0;0;0;0;0;0;9;0;0;0;0;0;0;0;0;3;1;0;0;0;0;0;0;0;5;0;0;0;0;0;1;2;0;0;0;0;0;0;0;0;1;0;0;0;0;0;0;0;0;0;0;2;12;6;0;11;0;7;2;0;0;0;0;58;0;0;0;0;0;0;0;0;0;0;6;0;4;1;1;0;0;0;0;0;0;5;0;0;0;0;0;0;0;0;0;0;0;1;0;1;3;1;1;0;0;0;1;0;2;0;0;0;0;5;0;0;0;1;0;0;0;1;0;0;0;0;0;0;0;0;0;0;0;0;0;0;0;0;0;0;0;0;0;0;0;0;0;0;0;0;0;0;0;0;0;0
11;"Dom Ludowy w Siedlanowie, Siedlanów 51A, 21-300 Radzyń Podlaski";61506;"gm. Radzyń Podlaski";"radzyński";"lubelskie";1;1;0;1;0;0;0;0;0;0;0;0;0;0;0;1;0;0;0;0;0;0;0;0;0;0;2;0;10;0;1;0;0;1;0;0;1;3;0;0;0;0;0;0;0;1;6;1;0;2;3;0;0;1;1;1;0;0;0;0;0;0;0;0;2;0;0;0;0;0;0;0;0;1;41;15;4;10;0;18;1;2;0;2;0;40;0;0;0;0;1;2;0;0;0;0;5;2;9;1;2;0;1;0;0;0;1;2;0;0;0;0;0;0;1;0;0;0;0;0;0;1;2;0;2;1;0;1;0;0;0;0;0;0;0;3;0;0;0;1;0;0;0;0;0;2;1;0;0;9;0;0;0;0;0;0;0;0;1;0;0;0;0;0;0;0;0;0;0;0;0;0;0;0;0;0;0;0
12;"Szkoła Podstawowa w Branicy Radzyńskiej, Branica Radzyńska 41A, 21-300 Radzyń Podlaski";61506;"gm. Radzyń Podlaski";"radzyński";"lubelskie";1;1;2;0;0;0;0;0;1;0;0;0;0;0;0;0;0;0;1;1;0;0;0;0;0;0;1;0;8;1;0;0;0;0;0;0;0;0;0;0;0;0;0;0;0;0;3;0;0;1;2;0;0;0;0;0;0;0;0;0;0;0;0;0;1;0;0;0;0;0;0;0;0;0;24;4;1;8;0;12;0;0;1;2;0;8;0;0;0;0;2;0;0;0;0;0;3;1;2;3;0;0;1;0;0;0;0;0;0;1;0;1;1;0;0;0;1;0;1;0;0;1;6;0;1;0;2;0;0;1;0;0;0;0;0;10;0;0;0;1;0;0;0;0;0;0;0;0;0;1;0;0;0;0;0;0;0;0;0;0;0;0;0;0;0;0;0;0;0;0;0;0;0;0;0;0;0;0
13;"Dom Ludowy w Maryninie, Marynin 28A, 21-300 Radzyń Podlaski";61506;"gm. Radzyń Podlaski";"radzyński";"lubelskie";1;1;0;0;0;0;0;0;0;0;0;0;0;0;0;0;0;1;0;0;0;0;0;0;0;0;2;2;9;2;1;0;0;0;0;1;1;0;0;0;0;0;0;0;2;0;9;0;0;0;3;0;0;0;0;0;0;0;0;0;2;0;0;0;0;0;0;0;0;0;0;0;0;0;18;1;0;1;2;6;0;0;0;0;0;25;0;0;0;0;1;0;0;0;1;0;0;4;6;0;1;1;1;0;0;0;0;0;0;0;1;2;0;0;0;0;1;0;1;0;0;1;6;0;0;0;0;1;0;0;0;0;0;0;0;8;0;0;0;2;0;0;0;0;0;0;0;1;0;0;0;0;0;0;0;0;0;0;0;0;0;0;0;0;0;1;0;0;0;0;0;0;0;0;0;0;0;0
14;"Dom Ludowy w Zbulitowie Dużym, Zbulitów Duży 54, 21-300 Radzyń Podlaski";61506;"gm. Radzyń Podlaski";"radzyński";"lubelskie";1;1;1;0;0;0;0;0;0;0;0;0;1;0;1;0;0;0;0;0;0;0;0;0;0;0;0;0;5;0;0;0;0;0;0;0;0;0;0;0;0;0;0;0;0;0;19;0;0;1;0;0;0;0;1;1;0;0;0;0;0;0;1;0;0;0;0;0;0;0;0;0;0;0;16;5;9;9;1;13;2;0;0;0;0;22;0;0;0;0;4;0;0;0;0;0;12;2;6;3;0;0;0;0;0;1;0;0;0;0;1;0;0;0;0;0;3;0;0;0;0;0;1;5;3;0;0;0;0;0;0;0;0;0;0;6;0;0;0;0;0;1;0;0;0;0;0;0;0;1;0;0;0;0;0;0;0;0;0;0;0;0;0;0;0;1;0;0;0;1;0;0;0;0;0;0;0;0
1;"Szkoła Podstawowa w Domaszewnicy, Kolonia Domaszewska 8, 21-307 Ulan-Majorat";61507;"gm. Ulan-Majorat";"radzyński";"lubelskie";1;1;1;0;0;0;0;0;0;0;0;1;0;0;0;0;0;0;0;0;1;0;0;0;0;0;9;2;38;4;2;0;0;1;0;0;0;0;1;0;2;0;0;0;0;0;4;0;0;1;8;0;0;2;1;2;0;1;0;0;0;2;0;0;0;0;0;0;0;0;0;0;0;0;44;2;18;2;2;3;2;0;0;1;2;215;3;1;0;1;1;0;0;1;3;0;4;4;14;3;3;0;0;4;1;1;1;3;0;0;0;0;1;0;0;0;4;1;2;3;1;2;7;3;7;0;0;1;0;0;0;0;0;1;0;0;1;0;0;0;0;0;0;2;1;0;5;0;0;0;1;0;0;0;1;0;1;0;0;0;0;0;0;0;0;0;0;0;0;0;0;0;0;0;0;0;0;1
2;"Szkoła Podstawowa w Sobolach, Sobole 69c, 21-307 Ulan-Majorat";61507;"gm. Ulan-Majorat";"radzyński";"lubelskie";1;1;3;2;0;0;0;0;0;0;1;0;1;0;0;0;0;0;0;0;0;1;0;2;0;0;1;0;39;0;0;0;0;1;1;0;0;0;0;0;0;0;0;0;1;0;4;0;0;0;2;2;1;0;3;1;0;0;0;0;1;0;1;0;0;0;0;1;0;0;0;0;0;0;15;0;3;7;2;6;2;1;0;1;0;141;1;0;0;0;0;0;0;0;0;0;4;2;8;3;0;0;1;0;0;1;0;2;0;1;1;1;0;0;0;0;0;0;1;0;1;1;12;0;8;1;0;1;0;0;0;0;0;0;0;1;1;0;0;0;0;0;0;0;1;0;4;0;0;1;0;0;0;0;0;0;0;0;0;0;0;1;0;0;0;0;0;0;0;0;0;0;0;0;0;0;0;0
3;"Zespół Szkół im. Jana Pawła II w Ulanie-Majoracie, Ulan-Majorat 53, 21-307 Ulan-Majorat";61507;"gm. Ulan-Majorat";"radzyński";"lubelskie";1;1;6;3;0;0;0;0;0;2;0;1;0;0;0;0;0;0;1;0;0;0;0;2;0;0;8;3;99;1;3;1;4;0;0;1;1;3;2;1;0;0;0;0;3;0;12;0;0;5;13;1;0;4;0;3;0;1;1;0;1;1;5;0;2;0;0;1;0;0;0;1;1;0;75;3;14;2;2;12;7;3;3;1;2;562;0;0;0;0;0;2;0;3;0;1;4;4;44;6;3;1;4;1;1;0;1;4;0;2;2;4;3;1;0;1;0;0;1;0;0;10;10;3;48;1;1;5;0;1;3;0;1;1;0;14;1;0;0;0;1;0;0;0;2;1;16;1;2;7;1;1;2;1;0;0;0;1;0;0;0;1;0;0;0;0;0;0;0;0;0;1;0;0;1;0;1;1
4;"Dom Ludowy w Gąsiorach, Gąsiory 25a, 21-307 Ulan-Majorat";61507;"gm. Ulan-Majorat";"radzyński";"lubelskie";1;1;5;0;0;0;0;0;0;0;0;0;0;0;1;2;1;0;0;0;0;0;0;1;0;0;3;1;26;1;2;1;1;0;3;1;3;2;0;0;0;0;0;0;0;0;3;0;0;1;2;1;0;1;0;0;0;0;0;0;1;0;0;0;0;0;0;0;0;0;0;0;0;0;24;10;10;9;2;16;3;1;0;0;0;240;0;0;0;2;0;1;0;0;1;0;6;6;23;8;1;0;0;1;1;1;1;5;0;2;0;0;2;1;0;0;0;0;1;2;0;2;1;3;5;1;0;1;0;1;0;0;0;0;0;0;0;0;0;0;0;0;1;0;0;0;5;0;0;5;2;0;0;0;0;0;0;0;0;0;0;0;0;0;1;1;0;0;0;1;0;1;0;0;0;0;0;1
5;"Szkoła Podstawowa im. Błogosławionego Księdza Jerzego Popiełuszki w Kępkach, Kępki 26a, 21-307 Ulan-Majorat";61507;"gm. Ulan-Majorat";"radzyński";"lubelskie";1;1;0;0;0;0;0;0;0;1;0;1;0;0;0;0;0;0;0;0;1;0;0;0;0;0;0;1;9;0;1;0;1;0;0;1;0;0;0;0;0;0;0;0;0;0;7;0;0;0;2;0;0;0;0;1;0;0;0;0;1;0;1;0;1;0;0;1;0;0;0;0;0;0;27;1;3;3;1;1;2;0;0;0;0;138;0;0;0;0;0;0;0;1;2;0;2;4;14;2;3;0;4;1;1;1;0;1;0;0;0;0;0;0;1;0;1;0;0;0;0;4;1;1;4;0;1;1;0;1;1;0;0;0;1;4;0;0;0;0;0;0;0;0;0;0;1;0;1;0;1;0;0;0;0;0;0;0;0;0;0;0;0;0;0;0;0;0;0;1;0;0;0;0;0;0;0;0
6;"Remiza OSP w Ulanie Dużym, Ulan Duży 43a, 21-307 Ulan-Majorat";61507;"gm. Ulan-Majorat";"radzyński";"lubelskie";1;1;3;0;0;0;0;0;0;1;0;1;0;0;0;0;0;0;0;0;1;0;0;0;0;0;1;0;16;0;0;0;0;0;0;0;0;2;1;0;0;0;0;0;1;0;2;1;1;0;5;0;0;0;0;2;0;0;0;1;1;0;1;0;1;0;0;0;0;0;0;0;0;0;13;1;1;2;1;4;1;0;0;0;0;125;0;0;0;0;0;0;0;0;0;0;4;0;5;3;1;0;0;0;0;0;0;0;0;0;0;1;1;0;0;0;0;0;0;0;0;2;2;0;6;0;2;0;0;0;0;0;0;0;1;1;0;0;0;0;2;0;0;0;1;0;3;0;2;4;1;1;0;0;0;0;0;0;0;0;0;0;0;0;0;1;0;0;0;0;0;0;0;0;0;0;0;2
7;"Świetlica wiejska w Wierzchowinach, Wierzchowiny 40, 21-307 Ulan-Majorat";61507;"gm. Ulan-Majorat";"radzyński";"lubelskie";1;1;7;0;0;1;0;0;1;1;0;1;0;0;0;0;0;0;0;0;0;0;0;0;0;0;0;0;2;0;0;0;0;0;0;0;1;0;0;0;0;0;0;0;0;0;2;0;0;0;3;0;0;0;0;0;0;1;0;0;1;0;0;0;0;0;0;0;0;0;0;1;0;0;26;1;0;2;0;7;2;0;0;0;0;106;0;0;0;0;0;0;0;0;1;0;2;0;4;3;0;0;1;0;0;0;0;1;0;0;0;0;4;0;0;0;0;1;0;0;0;0;0;1;0;0;0;0;0;1;0;0;0;0;0;0;0;0;0;0;0;0;0;0;0;0;3;3;0;1;0;0;0;0;0;0;0;0;0;0;0;0;0;0;0;0;0;0;0;0;0;0;0;0;0;0;0;1
1;"Gminne Centrum Kultury w Wohyniu, pl. 9 Września 1939r. nr 4, 21-310 Wohyń";61508;"gm. Wohyń";"radzyński";"lubelskie";1;1;83;1;0;1;1;0;0;1;0;1;2;0;0;2;4;0;1;0;0;1;1;0;1;2;10;2;64;3;8;0;2;4;1;1;2;4;1;1;0;0;2;2;3;0;83;2;0;3;19;1;1;4;1;3;0;3;0;0;4;0;1;1;8;2;0;0;0;0;0;1;0;0;110;17;68;34;5;78;20;0;0;2;6;104;1;0;2;1;7;12;0;1;1;0;36;10;27;13;4;0;6;0;4;2;0;7;0;1;5;1;2;0;0;1;2;0;0;1;2;7;34;19;36;2;2;7;1;1;0;1;0;0;0;29;1;1;1;0;0;0;0;0;0;0;3;1;1;11;1;1;1;0;0;0;0;0;1;0;0;2;0;0;1;0;0;0;0;0;0;0;0;0;0;0;0;0
2;"Młodzieżowe Centrum Kultury w Suchowoli, Suchowola 133A, 21-310 Wohyń";61508;"gm. Wohyń";"radzyński";"lubelskie";1;1;22;2;0;0;0;0;0;1;0;1;0;0;0;0;0;0;0;0;0;1;0;1;0;1;8;1;34;6;2;0;2;3;0;0;0;1;0;0;0;0;0;0;1;0;18;0;2;3;9;0;0;1;0;2;0;0;0;0;1;0;6;0;2;0;0;0;0;0;0;0;0;1;93;3;10;19;2;41;3;0;1;0;0;36;1;0;1;0;6;7;2;0;2;0;3;6;17;4;3;0;2;0;1;2;0;3;0;0;1;3;0;0;0;0;1;0;0;0;0;0;20;8;12;1;4;0;0;0;1;0;0;0;0;2;0;0;0;1;0;0;0;0;0;0;2;0;0;9;0;0;1;1;0;0;0;0;0;2;0;0;2;0;0;0;0;0;0;0;0;0;0;0;0;0;0;0
3;"Szkoła Podstawowa w Bezwoli, Bezwola ul. Grabówka 1, 21-310 Wohyń";61508;"gm. Wohyń";"radzyński";"lubelskie";1;1;64;1;1;2;1;0;0;0;0;1;0;0;0;0;0;0;0;0;0;0;0;3;0;0;6;1;34;0;5;0;0;1;4;0;1;1;1;0;0;1;0;1;1;0;19;0;0;1;8;1;3;2;0;1;0;0;0;0;0;0;1;0;1;2;0;0;1;0;0;0;0;1;95;17;20;15;5;47;10;0;2;1;1;69;1;0;0;0;9;2;0;0;1;0;21;7;13;4;0;1;2;0;1;1;2;2;0;0;0;0;0;0;0;1;0;0;0;1;1;3;17;4;14;1;0;0;0;1;2;0;0;1;0;10;1;0;0;2;0;0;0;0;1;0;1;0;0;9;1;0;0;0;0;0;0;0;1;1;0;0;0;0;0;1;0;0;0;0;1;0;0;0;0;0;1;1
4;"Szkoła Podstawowa w Ostrówkach, Ostrówki 66b, 21-310 Wohyń";61508;"gm. Wohyń";"radzyński";"lubelskie";1;1;16;0;0;0;0;0;0;0;1;0;0;0;0;1;0;0;0;0;0;0;0;0;0;0;8;0;13;0;0;0;1;0;1;1;0;1;0;2;0;0;0;0;2;0;2;0;0;1;6;3;0;0;0;0;0;1;0;0;0;0;1;0;0;0;1;1;1;0;1;0;0;0;36;5;23;10;1;70;4;2;1;4;0;11;0;0;1;0;8;0;0;0;0;0;7;0;8;7;2;0;2;1;2;0;0;0;0;0;1;1;0;0;0;0;0;0;0;0;0;0;7;0;6;1;1;0;0;1;0;0;0;0;0;0;1;0;0;0;0;0;3;0;0;0;2;0;0;5;1;0;0;0;0;0;0;0;0;0;0;1;0;0;0;4;0;0;0;0;0;0;0;0;0;0;0;0
5;"Szkoła Podstawowa w Ossowie, Ossowa 91a, 21-310 Wohyń";61508;"gm. Wohyń";"radzyński";"lubelskie";1;1;21;0;0;0;0;0;0;0;0;0;0;0;0;0;0;0;0;0;0;0;0;0;0;0;3;0;5;0;1;0;0;1;0;0;0;2;0;1;0;0;0;3;0;0;4;0;0;0;0;0;0;2;0;0;0;1;0;0;1;0;0;0;0;0;0;0;0;0;0;0;0;0;26;1;7;5;0;30;3;0;0;0;0;15;1;0;1;0;0;1;0;2;0;0;1;0;4;1;1;0;1;0;0;1;0;0;0;0;0;0;0;0;0;1;0;0;0;0;0;0;6;1;0;0;0;1;0;0;0;0;0;0;1;0;0;1;0;0;0;0;0;0;0;0;0;0;1;22;0;0;0;1;0;0;0;0;0;1;0;0;0;0;0;0;0;0;0;0;0;0;0;0;0;0;0;0
6;"Dom Ludowy w Branicy Suchowolskiej, Branica Suchowolska 60, 21-310 Wohyń";61508;"gm. Wohyń";"radzyński";"lubelskie";1;1;11;0;0;0;0;0;0;1;0;0;0;0;0;0;1;0;0;0;0;0;0;0;0;0;10;0;9;0;0;0;0;0;1;0;1;1;0;0;0;0;0;0;0;0;21;0;1;1;7;0;0;0;0;0;1;0;0;0;0;1;1;0;0;0;0;1;0;0;0;0;0;0;40;2;10;12;2;21;2;1;1;1;0;13;1;0;0;0;0;0;0;0;0;0;4;4;4;2;1;0;0;1;1;0;0;0;0;0;0;1;0;0;0;0;0;0;0;0;0;0;6;1;7;0;0;0;0;0;0;0;0;0;0;5;0;0;0;1;1;0;0;0;0;0;0;1;1;1;0;0;0;0;0;0;0;0;0;0;0;0;1;0;0;0;0;0;0;0;0;0;0;0;0;0;0;0
7;"Dom Ludowy w Lisiowólce, Lisiowólka 72A, 21-310 Wohyń";61508;"gm. Wohyń";"radzyński";"lubelskie";1;1;14;0;0;0;1;0;0;0;0;0;0;0;0;0;0;0;0;0;0;0;0;0;0;0;6;0;2;0;2;0;0;1;0;0;0;0;1;0;0;0;0;0;0;0;9;2;0;0;3;0;0;1;0;0;1;0;0;0;6;0;2;0;0;0;0;1;0;0;0;0;0;0;21;2;4;18;1;11;1;0;0;0;0;33;0;0;0;0;1;0;1;2;0;0;2;0;3;2;0;0;1;0;0;0;0;1;0;0;0;0;0;0;0;1;2;0;0;0;0;0;5;1;3;0;0;1;0;0;2;0;0;0;0;4;0;0;0;0;0;0;0;0;1;0;0;0;0;1;2;0;0;0;0;0;0;1;0;0;0;0;0;1;0;1;0;1;0;0;1;0;0;0;0;0;0;0
8;"Dom Ludowy w Świerżach, Świerże 22A, 21-310 Wohyń";61508;"gm. Wohyń";"radzyński";"lubelskie";1;1;9;0;0;0;0;0;0;0;0;0;0;0;0;0;0;0;0;0;0;0;0;0;1;0;2;0;5;0;2;0;1;0;1;0;0;0;0;0;0;0;1;0;0;0;3;0;0;0;2;0;0;1;0;2;0;0;0;0;0;0;0;0;0;0;0;0;0;0;0;0;0;0;26;1;6;4;1;20;3;0;0;0;0;8;0;0;0;0;0;0;0;0;0;2;0;2;3;0;1;0;0;1;0;0;0;0;0;0;0;0;0;0;0;0;1;0;0;0;1;0;2;1;8;0;0;0;0;0;0;0;0;0;0;4;0;1;0;0;0;0;0;0;0;0;1;0;0;0;0;0;0;0;0;0;0;0;0;0;0;0;2;0;0;1;0;0;0;0;0;0;0;0;0;0;0;0
9;"Szpital w Suchowoli, Kuraszew 48, 21-310 Wohyń";61508;"gm. Wohyń";"radzyński";"lubelskie";1;1;0;0;0;0;0;0;0;0;0;0;0;0;0;0;0;0;0;0;0;0;0;0;0;0;3;0;0;1;1;0;0;0;0;0;1;0;0;0;0;0;0;0;0;0;0;0;0;0;0;0;0;0;0;0;0;0;0;0;0;0;0;0;0;0;0;1;0;0;0;0;0;0;14;0;3;4;0;5;0;0;1;1;0;0;1;0;0;0;1;1;0;1;2;0;2;1;0;0;0;0;0;0;0;0;0;1;0;0;0;0;0;0;0;0;0;0;0;0;0;0;2;0;1;0;0;1;1;1;1;0;0;0;0;0;0;0;0;1;0;0;0;0;1;1;0;1;0;0;0;0;0;0;0;0;0;0;0;0;0;0;0;0;0;0;0;0;0;0;0;0;0;0;0;0;0;0
1;"Szkoła Podstawowa Nr 2, ul. Żołnierzy Września 1, 22-600 Tomaszów Lubelski";61801;"m. Tomaszów Lubelski";"tomaszowski";"lubelskie";1;1;7;1;1;0;9;0;0;0;0;1;2;0;1;2;1;1;0;0;0;0;1;2;5;0;37;48;5;5;9;2;1;2;1;3;0;0;5;2;35;0;1;4;0;0;1;0;0;5;41;2;0;3;4;2;2;1;0;0;2;0;4;2;0;0;0;0;2;0;1;0;0;0;90;23;92;6;330;0;17;2;1;5;11;0;3;2;2;1;2;0;0;1;5;0;1;7;30;8;11;1;0;2;6;2;0;0;1;2;0;2;3;0;0;4;6;1;0;0;1;1;88;48;28;2;1;6;1;7;89;0;1;0;1;1;5;24;3;0;0;0;0;3;0;1;15;4;7;0;1;0;2;0;0;0;0;0;2;0;0;2;1;0;1;1;0;0;0;0;0;1;0;0;1;0;2;0
2;"Przedszkole Nr 1, ul. Chocimska 17, 22-600 Tomaszów Lubelski";61801;"m. Tomaszów Lubelski";"tomaszowski";"lubelskie";1;1;3;0;0;0;2;0;0;1;0;0;0;0;0;0;3;0;0;0;1;0;0;0;2;3;17;11;3;3;1;0;1;0;0;0;1;0;1;1;9;0;1;0;1;1;0;0;1;1;24;3;3;1;2;1;1;0;0;1;0;0;1;0;0;1;0;0;0;0;0;0;1;0;42;16;31;5;146;0;2;0;1;2;10;0;0;2;0;4;2;0;0;0;0;0;0;3;16;3;3;0;0;0;0;0;0;0;0;1;0;2;0;0;0;1;2;1;0;0;1;2;40;25;8;7;0;4;0;5;26;0;0;0;0;0;1;20;1;1;0;0;1;6;0;2;8;2;10;1;0;0;0;0;0;0;0;0;0;0;0;1;0;0;0;1;0;0;0;0;0;0;0;0;0;0;0;0
3;"Przedszkole Nr 1, ul. Chocimska 19, 22-600 Tomaszów Lubelski";61801;"m. Tomaszów Lubelski";"tomaszowski";"lubelskie";1;1;3;0;0;1;3;0;0;0;0;1;0;1;1;0;1;0;0;0;0;0;0;1;0;0;26;16;0;4;11;0;0;0;1;1;1;2;2;0;21;1;0;3;1;0;0;0;0;2;16;0;4;5;2;0;2;0;0;0;0;0;0;0;0;1;0;2;0;1;0;0;0;0;35;19;40;4;151;3;0;0;0;3;10;0;2;0;1;3;1;0;0;0;3;0;0;1;21;2;1;0;0;2;0;0;0;0;0;1;2;1;0;0;2;2;0;0;0;0;1;1;56;24;12;2;0;3;1;3;45;0;0;0;1;0;4;6;0;0;0;0;0;1;1;5;2;1;11;0;1;1;0;0;0;2;2;0;0;1;0;0;0;0;0;1;0;0;0;1;0;0;0;0;0;0;0;0
4;"Miejska Biblioteka Publiczna, ul. Zamojska 2, 22-600 Tomaszów Lubelski";61801;"m. Tomaszów Lubelski";"tomaszowski";"lubelskie";1;1;2;0;1;2;11;0;0;0;0;2;1;1;0;0;2;1;0;0;3;2;0;3;1;1;46;47;9;4;2;1;11;1;1;1;4;0;2;2;37;0;0;1;4;1;2;3;0;1;32;3;7;8;4;1;2;2;1;0;2;0;2;0;1;1;0;3;1;1;1;2;1;1;67;35;109;3;314;4;7;0;1;3;21;0;2;3;2;4;3;1;0;3;1;0;0;4;41;6;8;2;2;1;3;1;3;1;1;2;2;1;1;1;3;1;1;2;0;0;0;5;105;71;21;0;1;5;1;2;45;0;1;1;1;1;4;22;1;2;0;0;2;1;2;6;8;0;19;1;1;0;0;0;1;1;0;1;2;1;0;2;1;0;0;0;1;0;0;0;0;0;0;0;1;0;0;1
5;"Szkoła Podstawowa Nr 3, ul. Jana Matejki 7, 22-600 Tomaszów Lubelski";61801;"m. Tomaszów Lubelski";"tomaszowski";"lubelskie";1;1;4;0;0;0;5;0;0;1;0;0;0;1;0;0;0;0;0;0;0;0;0;1;1;1;23;18;1;5;6;0;3;1;1;1;3;1;4;2;14;0;1;2;1;0;1;0;1;0;27;1;4;7;2;0;0;3;1;0;0;0;5;0;0;3;0;1;0;0;0;0;0;1;55;13;41;3;146;0;4;0;2;2;19;1;2;0;0;1;0;0;0;1;0;2;0;5;23;1;3;0;1;0;0;0;3;0;0;1;2;1;1;1;0;1;1;1;0;0;1;1;52;23;16;3;1;8;3;0;45;0;1;0;1;1;0;17;0;2;0;0;1;0;0;2;2;0;5;0;0;0;0;1;0;0;0;0;0;0;0;0;0;0;0;1;0;0;0;0;0;0;1;1;0;0;0;0
6;"Przedszkole Nr 2, ul. Tomasza Zamojskiego 14, 22-600 Tomaszów Lubelski";61801;"m. Tomaszów Lubelski";"tomaszowski";"lubelskie";1;1;0;0;0;1;2;0;1;1;0;1;1;0;0;0;2;0;0;0;0;0;0;2;0;1;23;15;1;5;8;0;3;0;1;4;1;1;6;0;24;0;0;0;1;1;0;0;1;0;26;0;2;3;1;1;3;2;0;0;1;0;0;0;0;0;1;1;0;0;0;2;0;0;47;10;44;6;148;1;7;0;1;3;6;0;1;0;1;2;1;0;0;2;0;2;2;1;26;4;1;0;1;1;5;1;1;0;0;0;1;1;1;0;0;3;1;0;0;0;0;2;67;31;15;0;1;5;1;4;45;0;0;0;2;0;0;17;1;0;0;0;0;0;1;2;3;2;3;0;0;0;1;0;0;0;0;0;1;0;0;0;0;0;0;0;0;0;0;0;0;0;0;2;0;0;0;1
7;"Szkoła Podstawowa Nr 1, ul. M. Kopernika 4, 22-600 Tomaszów Lubelski";61801;"m. Tomaszów Lubelski";"tomaszowski";"lubelskie";1;1;3;1;0;1;5;0;0;1;0;1;1;0;2;0;0;0;1;0;0;0;0;0;1;0;23;21;2;7;7;0;0;1;0;1;1;0;0;3;12;0;0;0;0;1;1;0;0;4;27;1;0;3;5;2;0;0;0;0;0;0;3;0;0;2;3;1;0;0;0;0;0;1;37;9;39;4;161;2;9;0;0;0;3;0;0;2;1;0;0;0;0;0;2;1;0;4;13;4;4;0;3;0;1;1;0;0;0;1;1;1;1;0;1;2;3;1;0;0;0;1;62;37;12;0;1;5;2;0;39;1;0;0;1;0;2;13;2;1;0;0;0;1;0;4;12;0;6;0;0;0;1;0;0;0;0;0;1;0;0;0;0;0;0;1;0;0;0;0;0;0;0;0;0;0;0;1
8;"Przedsiębiorstwo Gospodarki Komunalnej i Mieszkaniowej sp. z o. o., ul. Lwowska 37A, 22-600 Tomaszów Lubelski";61801;"m. Tomaszów Lubelski";"tomaszowski";"lubelskie";1;1;3;0;1;2;4;0;0;1;0;3;1;0;0;0;0;0;1;0;0;0;0;0;0;0;28;20;0;4;4;1;3;0;0;2;0;0;2;0;18;1;0;1;0;0;0;3;1;1;28;0;1;2;2;0;1;0;0;0;1;0;1;1;0;1;1;0;0;0;2;0;1;0;62;17;42;5;186;1;7;1;1;4;16;0;0;0;0;5;2;1;1;2;0;0;1;3;33;1;2;0;0;0;1;2;1;0;0;1;3;0;1;0;0;1;0;0;0;0;1;1;48;16;22;2;0;3;1;2;25;0;1;0;0;1;2;15;0;2;0;0;1;0;1;3;9;0;12;0;0;1;0;0;0;0;0;0;0;0;0;1;0;1;1;3;0;0;0;0;0;0;0;0;0;0;0;0
9;"Komenda Powiatowa Państwowej Straży Pożarnej, ul. Janusza Petera 7, 22-600 Tomaszów Lubelski";61801;"m. Tomaszów Lubelski";"tomaszowski";"lubelskie";1;1;2;1;0;0;3;0;0;1;1;2;0;0;2;0;1;0;0;0;0;0;0;0;3;0;39;13;2;4;7;1;2;0;0;4;1;0;1;2;18;0;0;1;1;1;0;0;0;5;16;0;1;2;0;1;1;2;0;0;1;0;5;0;0;0;1;0;0;0;1;0;1;1;54;39;62;4;161;1;6;0;0;3;13;1;1;3;1;0;2;0;0;3;0;0;1;3;18;6;10;1;1;2;3;1;0;1;0;0;1;1;2;0;0;2;3;1;2;0;1;3;49;28;18;2;0;0;2;3;40;0;0;0;0;0;2;12;0;0;0;0;1;2;0;3;9;2;5;0;0;0;0;0;2;2;0;0;0;0;0;1;1;0;0;0;0;0;0;0;0;0;0;0;0;0;0;0
10;"Zespół Szkół Techniczno-Zawodowych im. Macieja Rataja, ul. Generała Józefa Hallera 5, 22-600 Tomaszów Lubelski";61801;"m. Tomaszów Lubelski";"tomaszowski";"lubelskie";1;1;3;3;3;2;6;0;0;3;1;3;0;0;0;1;2;0;1;0;0;1;0;3;0;0;52;32;4;9;8;2;6;0;2;3;4;0;2;2;21;0;1;5;1;1;0;0;6;7;37;2;0;5;1;6;2;1;0;0;2;0;2;0;0;0;0;2;1;0;0;0;0;2;83;58;94;6;294;1;11;0;0;6;18;1;2;0;0;5;1;0;1;4;8;0;2;2;36;3;4;0;1;0;4;0;1;3;1;1;3;0;4;0;0;4;2;2;1;0;0;2;88;44;14;3;2;7;8;3;75;1;1;0;1;0;7;23;0;3;0;0;0;1;1;5;23;3;10;1;0;0;0;0;0;4;0;0;2;0;0;0;0;0;0;4;0;0;0;0;1;0;1;0;0;0;0;0
11;"Przedszkole Nr 5, ul. St. Moniuszki 51, 22-600 Tomaszów Lubelski";61801;"m. Tomaszów Lubelski";"tomaszowski";"lubelskie";1;1;6;4;1;2;7;1;1;1;5;2;0;1;0;3;0;0;1;0;0;0;0;0;1;0;29;60;6;8;7;4;7;0;2;1;4;0;1;0;49;0;1;1;1;2;1;1;2;4;42;3;4;5;1;2;3;1;1;2;2;1;3;0;0;0;0;0;1;0;0;3;0;3;67;24;92;13;248;1;10;1;3;6;19;0;3;2;2;1;5;0;2;2;5;0;0;2;37;9;10;1;3;0;2;4;0;0;0;2;0;1;8;0;0;9;3;0;0;1;1;3;115;43;20;3;2;12;3;4;92;0;0;0;4;0;4;19;1;4;0;1;1;1;0;20;13;0;6;2;0;0;0;0;0;1;0;0;0;0;0;0;0;0;0;1;0;1;0;0;0;0;0;1;0;0;0;0
12;"Samodzielny Publiczny Zespół Opieki Zdrowotnej, ul. Al. Grunwaldzkie 1, 22-600 Tomaszów Lubelski";61801;"m. Tomaszów Lubelski";"tomaszowski";"lubelskie";1;1;0;0;0;0;3;0;0;0;0;0;0;0;0;0;0;0;0;0;0;0;0;0;1;0;1;0;1;0;0;0;0;0;0;0;0;0;0;0;1;0;0;0;0;0;0;0;0;0;2;0;0;1;0;0;0;0;0;0;0;0;0;0;0;0;0;0;0;0;0;0;0;0;3;1;5;0;11;0;0;0;1;0;2;0;0;0;0;0;0;0;0;1;1;0;0;0;0;0;0;0;0;0;0;0;0;0;0;0;0;0;0;0;0;1;0;0;0;0;0;0;1;1;0;1;0;0;0;0;0;0;0;0;0;0;0;0;0;0;0;0;0;0;0;0;0;0;0;0;0;0;0;0;0;0;0;0;0;0;0;0;0;0;0;0;0;0;0;0;0;0;0;0;0;0;0;0
1;"Gminny Ośrodek Kultury, ul. Lwowska 5, 22-670 Bełżec";61802;"gm. Bełżec";"tomaszowski";"lubelskie";1;1;2;0;0;1;7;1;1;1;1;1;0;1;0;0;1;0;0;0;0;2;0;1;0;0;27;8;0;1;6;0;1;0;2;2;2;0;0;0;83;0;0;1;0;0;0;0;0;1;19;4;0;7;3;0;1;2;1;0;1;1;2;0;0;0;0;1;0;0;0;0;0;0;34;12;69;15;183;0;3;1;0;11;52;0;0;1;2;3;1;0;0;4;0;0;1;3;19;8;3;3;2;1;1;2;2;0;0;0;0;1;3;0;1;8;3;0;0;0;0;3;40;33;3;2;2;6;2;3;8;2;1;0;1;0;1;11;0;1;0;0;0;2;0;1;8;0;7;0;1;0;1;0;0;0;0;0;2;0;0;0;1;0;1;0;0;0;0;0;0;0;0;0;0;0;0;0
2;"Zespół Szkolno Przedszkolny, ul. Rzeszowska 75, 22-670 Bełżec";61802;"gm. Bełżec";"tomaszowski";"lubelskie";1;1;0;1;1;0;6;0;0;0;0;0;0;0;1;0;0;0;0;0;1;0;0;0;1;0;10;7;0;2;4;0;2;0;0;0;1;0;4;0;31;0;1;1;0;0;0;0;0;0;13;1;2;5;0;1;0;1;0;0;0;0;0;0;0;0;0;0;0;0;0;0;1;0;16;2;25;1;105;0;0;2;0;10;38;0;0;1;1;0;0;0;0;2;1;0;0;1;14;1;0;0;3;0;3;0;0;0;0;0;0;0;3;0;1;3;3;0;1;0;0;2;19;13;3;1;1;1;0;6;3;0;0;0;0;0;2;5;0;0;0;0;0;0;0;0;5;0;1;0;0;0;0;0;0;0;0;0;0;0;0;0;0;0;0;2;0;0;0;0;0;0;0;0;0;0;0;0
3;"Remizo-świetlica, Chyże 46, 22-670 Bełżec";61802;"gm. Bełżec";"tomaszowski";"lubelskie";1;1;0;1;0;1;4;0;0;0;0;0;0;0;0;0;0;0;0;0;0;0;0;0;0;0;2;0;0;1;0;0;2;0;0;1;0;0;0;0;5;0;0;0;1;0;0;0;0;0;1;1;0;1;1;0;0;0;0;0;0;0;2;0;0;0;0;0;0;0;1;1;0;0;3;0;6;2;80;0;0;0;0;7;3;0;0;0;1;1;0;0;0;0;1;0;0;0;9;0;1;0;0;0;0;0;1;0;0;0;0;0;0;0;0;1;0;0;0;0;0;0;4;3;1;0;0;0;0;0;1;0;1;0;0;0;0;1;1;1;0;0;0;1;0;2;7;0;1;0;0;0;0;0;0;0;0;0;0;1;0;0;0;0;0;0;0;0;0;0;0;0;0;0;0;0;0;0
4;"Remizo-świetlica, Brzeziny 32, 22-670 Bełżec";61802;"gm. Bełżec";"tomaszowski";"lubelskie";1;1;0;0;0;0;1;0;0;0;0;0;0;1;0;0;0;0;0;0;0;0;0;1;0;0;1;1;0;1;2;0;1;0;0;0;0;0;0;0;11;0;0;0;0;0;0;0;0;0;2;0;0;0;0;1;0;0;0;0;0;0;0;0;0;0;0;0;0;0;0;0;0;0;1;2;8;0;46;1;3;0;0;1;38;0;0;0;0;0;0;0;0;0;0;0;0;0;1;3;0;0;0;0;0;0;0;0;1;0;0;0;1;0;0;1;1;0;0;0;0;0;0;3;0;0;0;1;0;0;0;0;0;0;0;0;0;1;0;0;0;0;0;0;0;0;0;0;0;1;0;0;0;0;0;0;0;0;0;0;0;0;0;0;0;0;0;0;0;0;0;0;0;0;0;0;0;0
1;"Samorządowy Ośrodek Kultury w Jarczowie, ul. Józefa Piłsudskiego 2A, 22-664 Jarczów";61803;"gm. Jarczów";"tomaszowski";"lubelskie";1;1;1;0;0;0;4;1;1;1;0;1;1;0;2;0;0;0;0;0;1;0;0;0;0;1;4;2;0;2;4;1;2;1;0;1;1;1;0;2;33;0;0;0;0;1;0;0;1;0;9;0;0;0;1;0;1;0;0;0;0;0;0;0;0;1;1;0;2;0;0;1;0;1;10;2;44;33;121;0;3;0;1;1;22;1;0;0;0;2;0;0;0;1;0;0;0;2;15;1;3;1;0;0;1;0;0;0;0;0;1;0;3;1;1;5;2;0;0;0;1;0;9;8;1;0;0;1;1;1;7;0;0;1;0;0;1;10;0;1;0;0;1;0;0;2;2;0;0;0;0;0;0;0;0;0;0;0;0;0;0;0;1;0;0;0;0;0;0;0;0;2;0;0;0;0;0;0
2;"Szkoła Podstawowa, Wierszczyca 54, 22-664 Jarczów";61803;"gm. Jarczów";"tomaszowski";"lubelskie";1;1;0;0;0;3;10;0;0;0;0;0;0;0;0;0;1;0;0;0;0;1;0;1;0;0;14;2;0;0;4;1;1;0;1;1;2;0;0;0;12;1;0;2;0;0;0;0;0;0;6;0;1;2;1;2;1;0;0;0;0;0;1;0;0;0;0;0;0;0;2;0;0;0;28;2;42;15;215;1;3;0;0;3;16;0;1;1;0;2;0;0;0;4;0;0;0;2;18;4;4;3;2;3;4;1;1;0;0;0;0;0;2;1;0;17;0;0;1;0;0;2;7;2;0;1;0;0;1;0;4;0;1;0;0;0;0;0;0;1;0;0;0;0;1;3;2;1;3;0;0;0;2;0;0;0;0;0;1;0;0;0;0;0;0;0;0;0;0;0;0;0;0;0;0;0;0;0
3;"Świetlica wiejska, Gródek 92, 22-664 Jarczów";61803;"gm. Jarczów";"tomaszowski";"lubelskie";1;1;0;0;0;0;2;0;0;0;0;2;0;0;0;0;0;0;0;0;0;0;0;0;0;0;7;7;0;2;1;1;1;0;1;0;0;0;0;0;6;0;0;0;0;0;0;0;0;2;5;0;0;0;1;0;0;0;1;0;0;0;0;1;0;0;0;0;0;0;0;0;0;1;19;3;41;9;101;1;2;1;0;0;13;0;0;0;0;3;0;0;0;1;1;0;0;3;7;0;0;1;3;1;3;0;0;0;0;0;0;0;0;2;0;1;0;0;0;0;0;0;5;5;3;0;0;0;1;0;4;1;0;0;0;0;0;1;0;0;0;0;0;0;0;3;1;1;0;0;1;0;0;0;0;0;0;0;0;0;0;0;0;0;0;0;0;0;0;0;0;0;0;0;0;0;0;0
4;"Świetlica wiejska, Chodywańce 15, 22-664 Jarczów";61803;"gm. Jarczów";"tomaszowski";"lubelskie";1;1;0;0;0;0;9;0;0;0;1;0;0;0;0;0;0;0;0;0;0;0;1;1;0;1;12;4;0;0;2;1;1;0;0;0;0;0;0;0;12;0;0;1;0;0;0;0;0;2;8;0;0;0;1;2;0;1;1;0;0;0;1;0;0;0;0;0;0;0;0;0;0;0;10;5;36;16;91;1;5;1;0;3;11;0;2;0;0;3;1;0;0;2;0;0;0;3;5;1;6;0;1;0;1;1;0;0;0;0;0;0;2;0;0;1;1;2;0;0;0;0;4;3;2;0;0;1;0;0;5;1;0;0;0;0;0;0;0;2;0;0;0;0;0;2;2;0;3;0;0;0;0;0;0;0;0;0;0;0;0;1;0;0;0;0;0;0;0;0;0;0;0;0;0;0;0;0
5;"Świetlica wiejska, Jarczów-Kolonia Pierwsza 42, 22-664 Jarczów";61803;"gm. Jarczów";"tomaszowski";"lubelskie";1;1;1;0;0;0;1;2;0;1;0;0;0;0;0;0;0;0;0;0;0;0;0;2;0;0;2;0;0;0;2;0;1;0;0;0;0;0;0;0;2;0;0;0;0;0;0;0;0;0;1;0;0;0;1;0;0;0;0;0;0;0;0;0;0;0;0;0;0;0;0;0;0;0;3;0;6;8;57;0;0;0;0;0;6;0;1;0;0;0;0;0;0;0;0;0;0;0;1;0;2;0;0;0;1;0;0;1;0;0;0;0;1;0;0;0;0;1;0;0;0;0;3;0;1;0;0;0;0;1;0;0;0;0;1;0;0;2;0;0;0;0;0;0;0;1;0;0;0;0;0;0;0;0;0;0;0;0;0;0;0;0;0;0;0;0;0;0;0;0;0;0;0;0;0;0;0;0
1;"Świetlica wiejska, Krynice 84G, 22-610 Krynice";61804;"gm. Krynice";"tomaszowski";"lubelskie";1;1;0;1;1;1;5;0;0;0;0;0;0;0;0;0;1;0;1;0;0;0;0;1;0;0;15;11;0;0;2;1;3;0;1;1;0;0;0;0;13;0;0;0;0;1;0;1;1;1;7;0;0;2;1;0;0;0;0;1;1;0;0;0;0;0;0;0;0;0;0;0;0;0;11;0;72;3;99;0;2;0;0;0;3;0;0;0;0;0;0;0;0;0;1;0;1;2;15;3;0;3;1;0;2;1;0;0;0;1;0;0;1;0;1;2;0;1;1;0;0;0;18;16;3;0;2;1;1;0;4;0;0;1;0;2;1;4;0;1;0;0;0;0;1;0;3;1;0;0;0;0;0;0;0;0;0;0;0;0;0;0;0;0;0;2;0;3;0;0;0;0;0;0;0;0;0;0
2;"Świetlica wiejska, Antoniówka 12, 22-610 Krynice";61804;"gm. Krynice";"tomaszowski";"lubelskie";1;1;2;0;0;1;0;0;0;0;0;0;0;0;0;0;0;0;0;0;1;0;0;0;1;0;6;6;0;1;2;1;1;1;1;0;0;0;0;0;5;0;0;0;0;0;0;0;2;1;6;1;0;1;0;0;0;2;0;0;0;0;0;0;0;0;0;2;0;0;0;0;0;0;16;1;97;2;63;0;3;0;0;2;1;0;0;0;0;0;0;0;0;2;0;0;1;0;9;0;0;0;1;3;1;0;1;0;0;0;0;0;0;0;0;2;0;0;0;0;0;0;6;9;1;1;1;0;0;0;4;0;0;0;0;0;0;0;0;0;0;0;0;0;0;0;2;0;0;0;0;2;0;0;0;0;0;0;0;0;0;0;0;0;0;1;0;0;0;0;0;0;1;0;0;0;0;0
3;"Niepubliczna Szkoła Podstawowa, Huta Dzierążyńska 17, 22-610 Krynice";61804;"gm. Krynice";"tomaszowski";"lubelskie";1;1;0;1;0;1;1;0;0;0;0;0;0;0;0;0;0;0;0;0;0;0;0;1;0;0;2;1;0;0;1;0;0;0;0;0;1;1;0;0;4;0;0;0;0;1;0;0;0;0;2;0;0;2;0;0;0;0;0;0;0;0;0;0;0;0;0;1;0;0;0;0;0;0;0;3;15;1;35;1;0;0;0;1;3;0;0;0;0;1;0;0;1;0;9;0;0;2;4;0;2;0;0;0;2;0;0;0;0;0;0;1;0;0;0;0;0;0;0;0;0;0;2;8;1;0;0;1;1;0;1;0;0;0;0;0;0;0;0;2;0;0;0;0;0;0;1;0;1;0;1;0;0;0;0;0;0;0;0;0;0;0;0;0;0;0;0;0;0;0;0;0;0;0;0;0;0;0
4;"Świetlica wiejska, Zwiartów 67, 22-610 Krynice";61804;"gm. Krynice";"tomaszowski";"lubelskie";1;1;3;1;0;1;0;0;0;0;0;1;0;0;0;0;1;0;0;0;0;0;0;0;0;0;4;4;1;1;0;0;2;0;0;1;1;0;0;0;19;0;0;0;0;0;0;0;0;0;1;0;1;0;0;0;0;1;0;0;0;1;0;0;0;0;0;0;0;0;0;1;0;0;15;1;20;1;35;0;3;0;0;0;3;0;1;0;2;0;0;0;0;2;8;2;0;0;2;0;1;0;1;0;0;1;0;1;0;0;0;0;0;0;1;0;0;0;0;0;0;0;3;0;0;0;0;0;2;0;0;0;0;0;0;0;1;1;0;0;0;0;0;0;0;0;1;0;4;0;0;0;0;0;0;0;0;0;1;0;0;0;0;0;0;0;0;0;0;0;0;0;0;1;1;0;0;0
5;"Świetlica wiejska, Dąbrowa 34A, 22-610 Krynice";61804;"gm. Krynice";"tomaszowski";"lubelskie";1;1;1;0;0;0;7;0;0;0;1;0;0;0;0;0;0;0;0;0;0;0;0;0;1;0;6;5;0;1;2;0;1;0;1;0;0;0;0;1;2;0;0;0;0;0;0;0;0;0;2;1;0;1;0;2;0;1;0;0;0;0;0;0;0;0;0;0;0;0;0;0;0;0;6;0;31;1;101;0;1;0;0;4;5;0;1;0;0;0;0;0;0;0;1;0;0;3;2;2;4;0;1;0;1;1;0;0;0;0;0;0;1;0;0;0;1;0;0;0;0;0;4;0;0;1;0;0;0;0;2;0;0;0;0;0;0;0;0;0;0;0;0;0;0;0;7;0;1;0;0;0;0;0;2;0;0;0;0;0;0;0;0;0;0;0;0;0;0;0;0;0;0;0;0;0;0;0
6;"Świetlica wiejska, Polanówka 32, 22-610 Krynice";61804;"gm. Krynice";"tomaszowski";"lubelskie";1;1;0;0;0;0;1;0;0;0;0;0;0;0;0;0;0;0;0;0;0;0;0;0;0;0;4;5;0;1;0;0;3;0;0;0;0;0;0;0;2;0;1;0;0;0;0;0;0;0;1;0;0;0;0;0;0;0;0;0;0;0;0;0;0;0;0;0;0;0;0;0;0;0;7;0;15;0;39;0;1;0;0;0;3;0;0;0;0;0;0;0;1;0;0;0;0;0;5;0;1;0;0;1;0;0;0;0;0;0;0;0;0;0;1;0;0;0;1;0;0;1;1;0;2;0;0;0;0;0;2;0;0;0;0;0;0;0;0;0;0;0;0;0;0;0;6;0;0;0;0;0;0;0;0;0;0;0;0;0;0;0;0;0;0;3;0;0;0;0;0;0;0;0;0;0;0;0
7;"Świetlica wiejska, Majdan Krynicki 21, 22-610 Krynice";61804;"gm. Krynice";"tomaszowski";"lubelskie";1;1;0;0;0;0;2;0;1;0;0;0;0;0;0;0;0;0;0;0;0;0;0;0;0;0;5;2;1;0;2;0;5;0;0;0;1;0;0;0;5;0;0;0;0;0;0;0;0;1;5;0;0;0;2;0;0;0;0;0;0;0;0;0;0;0;0;0;0;0;0;0;0;0;5;1;8;0;48;0;0;0;0;0;0;0;0;0;0;0;0;0;0;0;1;0;0;0;4;1;0;0;0;0;0;0;0;1;0;0;0;0;0;0;1;0;2;0;0;0;0;0;6;4;3;1;0;1;0;1;1;0;0;0;0;0;0;0;0;0;0;0;0;0;0;0;0;0;0;0;0;0;0;0;0;0;0;0;1;0;0;0;0;0;0;0;0;0;0;0;0;0;0;0;0;0;0;0
8;"Świetlica wiejska, Polany 108A, 22-610 Krynice";61804;"gm. Krynice";"tomaszowski";"lubelskie";1;1;0;0;0;0;1;0;0;0;0;0;0;0;0;0;0;0;0;0;0;0;0;0;0;0;0;0;0;0;1;0;0;0;0;0;1;0;0;0;0;0;0;1;0;0;0;0;0;0;2;0;1;2;0;1;0;0;0;0;0;0;0;0;0;0;0;0;0;0;0;0;0;0;2;0;27;0;31;1;1;0;0;0;5;0;0;0;0;0;0;0;1;1;0;0;0;1;1;0;0;1;0;0;0;0;0;0;0;0;0;0;0;0;0;0;1;0;1;0;0;0;1;5;0;0;0;0;0;0;1;0;0;0;0;0;0;0;0;0;0;0;0;0;0;1;2;0;1;0;0;1;0;0;0;0;0;0;0;0;0;0;0;0;0;0;0;0;0;0;0;0;0;0;0;0;0;0
9;"Świetlica wiejska, Dzierążnia 50, 22-610 Krynice";61804;"gm. Krynice";"tomaszowski";"lubelskie";1;1;0;0;0;0;2;0;0;0;0;0;0;0;0;0;0;0;0;0;1;0;0;1;0;0;5;6;1;0;0;0;3;0;0;1;0;0;0;1;3;0;0;0;0;0;0;0;1;0;2;1;0;0;0;0;0;0;0;0;0;0;0;0;0;0;0;0;0;0;0;0;0;0;5;1;13;1;72;2;0;0;0;7;2;1;0;0;0;0;0;0;0;0;3;0;1;1;2;0;0;0;0;0;0;0;0;0;0;0;0;0;0;0;0;2;0;1;0;0;0;0;3;7;2;0;0;0;1;1;2;0;0;0;0;0;0;0;0;0;0;0;0;0;0;0;0;0;0;0;0;0;0;0;0;0;0;0;0;0;0;0;0;0;0;0;0;0;0;0;0;0;0;0;0;0;0;0
1;"Świetlica wiejska, Hrebenne 86B, 22-680 Lubycza Królewska";61805;"gm. Lubycza Królewska";"tomaszowski";"lubelskie";1;1;1;0;1;0;5;0;0;0;0;1;0;0;0;0;0;0;0;0;0;0;0;0;0;0;1;3;0;0;0;0;0;0;0;1;0;0;0;0;10;0;0;0;0;0;0;0;0;0;2;0;3;0;0;0;0;0;0;0;0;0;1;0;0;0;0;0;0;0;0;0;0;0;27;6;43;0;29;0;2;0;0;0;25;0;1;0;0;3;0;0;0;0;0;1;0;0;3;1;1;0;0;0;1;1;0;0;0;0;1;0;0;1;0;1;0;0;0;0;0;0;7;1;0;1;0;1;0;0;0;0;0;0;0;0;0;2;0;0;0;0;0;0;0;0;1;0;0;0;0;0;0;1;0;0;0;0;0;0;0;0;0;0;0;0;0;0;0;0;0;0;0;0;0;0;1;0
2;"Szkoła Podstawowa im. gen. Nikodema Sulika, ul. Jana III Sobieskiego 5, 22-680 Lubycza Królewska";61805;"gm. Lubycza Królewska";"tomaszowski";"lubelskie";1;1;4;1;2;1;2;0;0;2;1;1;0;0;0;0;0;0;0;0;0;0;0;0;1;1;17;15;4;1;7;0;0;0;1;2;2;0;0;2;216;0;0;1;0;0;0;1;1;2;21;2;2;6;1;4;1;2;0;1;2;0;4;0;0;3;0;0;0;0;0;3;0;4;71;4;107;3;101;2;11;0;2;0;47;0;3;1;2;1;0;0;0;3;0;0;0;3;34;4;14;1;1;2;1;4;0;0;0;0;0;1;4;1;0;8;8;0;1;1;1;2;78;22;6;3;0;2;0;2;13;1;0;0;2;1;0;7;2;11;0;0;0;0;0;2;7;1;0;1;0;1;0;0;0;0;0;2;0;0;0;0;0;1;0;1;0;0;0;2;0;1;0;0;0;0;0;0
3;"Urząd Miejski Sala Konferencyjna, ul. Jana III Sobieskiego 16, 22-680 Lubycza Królewska";61805;"gm. Lubycza Królewska";"tomaszowski";"lubelskie";1;1;0;0;1;0;2;0;0;0;0;1;0;1;0;0;0;0;0;0;0;1;0;0;0;0;3;5;0;1;0;0;0;0;0;1;0;0;1;0;39;1;0;0;0;0;0;0;0;1;6;0;0;0;1;1;0;0;0;2;1;0;2;0;0;1;0;0;0;0;0;0;0;0;21;0;22;3;51;0;9;0;1;0;27;0;2;0;1;3;2;0;0;6;1;0;0;0;5;2;2;0;2;0;0;1;0;0;0;1;0;2;0;0;0;3;0;0;0;0;1;2;6;1;1;0;0;2;1;0;1;0;0;0;0;0;0;0;0;0;0;1;0;0;0;0;0;0;0;0;0;0;0;0;1;0;0;0;0;0;0;0;0;0;0;0;0;0;0;0;0;0;0;0;0;0;1;0
4;"Świetlica Rolniczej Spółdzielni Produkcyjnej, Łazowa 17A, 22-680 Lubycza Królewska";61805;"gm. Lubycza Królewska";"tomaszowski";"lubelskie";1;1;1;0;0;0;3;0;0;2;0;1;0;1;0;0;2;0;0;0;0;0;0;0;0;0;1;0;0;0;2;0;0;1;0;0;0;0;0;0;15;0;0;0;0;0;0;0;0;0;2;1;0;0;0;0;0;0;0;0;0;0;0;0;0;0;0;0;0;0;0;0;0;0;13;4;28;4;53;0;3;1;1;0;34;0;0;0;1;2;0;0;0;0;0;0;0;4;5;3;4;0;1;0;3;0;1;0;0;0;1;1;2;0;0;2;1;0;1;0;0;1;10;8;0;0;0;0;0;0;0;1;0;0;0;0;0;0;0;1;0;0;0;0;1;0;5;0;1;0;1;0;1;0;0;0;0;0;0;0;0;0;0;0;1;1;0;0;0;0;0;0;0;0;0;0;0;2
5;"Wiejski Dom Kultury, Żurawce ul. Szkolna 7, 22-680 Lubycza Królewska";61805;"gm. Lubycza Królewska";"tomaszowski";"lubelskie";1;1;0;0;0;0;1;0;0;0;0;0;1;0;0;0;0;0;0;0;0;0;0;0;0;0;2;3;0;1;0;0;0;0;0;0;0;0;0;1;16;0;0;0;0;0;0;0;0;0;3;1;0;0;1;0;0;0;0;0;0;0;2;0;0;0;0;0;0;0;0;0;0;0;4;4;15;2;44;0;2;0;0;0;1;0;0;0;0;0;0;0;0;0;0;0;0;0;3;1;0;0;0;0;0;0;0;0;1;1;0;0;0;0;0;0;1;0;0;0;0;0;5;2;3;1;1;0;0;0;7;1;0;0;0;0;0;2;0;0;0;0;0;0;0;0;0;0;0;0;0;1;0;0;0;0;0;0;0;0;0;0;0;0;0;0;0;1;0;0;0;0;0;0;0;0;0;0
6;"Szkoła Podstawowa im. Dzieci Zamojszczyzny, Machnów Nowy ul. Św. Jana Pawła II 16, 22-680 Lubycza Królewska";61805;"gm. Lubycza Królewska";"tomaszowski";"lubelskie";1;1;1;0;2;1;1;0;0;1;2;1;1;0;0;0;0;0;2;0;0;0;0;4;1;0;9;1;0;1;2;0;0;0;1;1;2;0;0;0;47;0;0;0;1;0;0;0;0;0;13;1;0;1;1;3;0;0;0;0;0;0;0;1;1;1;1;0;0;0;0;2;0;0;37;3;80;8;158;1;34;1;4;4;28;2;0;1;0;4;0;0;0;1;0;0;2;3;16;3;3;1;1;2;1;2;0;2;0;0;0;1;0;1;0;3;2;0;1;2;0;0;13;11;0;6;0;1;1;2;3;2;0;1;1;1;0;12;0;3;0;0;0;0;1;5;1;0;0;0;0;0;0;0;0;0;0;0;0;0;0;0;0;0;0;0;0;0;0;0;0;0;0;4;0;0;0;0
7;"Świetlica wiejska, Siedliska 65, 22-680 Lubycza Królewska";61805;"gm. Lubycza Królewska";"tomaszowski";"lubelskie";1;1;0;0;0;0;4;0;0;0;1;0;0;0;0;0;1;0;0;0;0;0;0;0;0;0;5;1;0;0;0;0;0;0;0;0;0;0;0;0;11;0;0;0;0;0;0;0;0;0;1;0;1;0;0;0;2;0;0;0;0;0;0;0;0;0;0;0;0;0;0;0;0;0;8;1;13;0;55;0;0;0;0;0;6;1;0;0;1;1;0;0;0;0;0;0;0;0;1;1;1;0;0;0;0;1;0;0;0;0;0;0;0;0;1;1;0;0;0;0;0;0;5;3;0;1;0;1;1;0;1;0;0;0;0;0;1;0;0;0;0;0;1;0;1;1;1;0;0;0;0;0;0;0;0;0;0;0;0;0;0;0;0;0;0;0;0;0;0;0;0;0;0;0;0;0;0;0
8;"Świetlica wiejska, Ruda Żurawiecka 56, 22-680 Lubycza Królewska";61805;"gm. Lubycza Królewska";"tomaszowski";"lubelskie";1;1;0;0;0;0;2;0;0;0;0;0;0;0;0;0;0;0;0;0;0;0;0;0;0;0;1;1;1;0;0;0;0;0;0;0;0;0;0;0;13;0;0;0;0;0;0;0;0;0;3;0;0;1;0;1;0;0;1;0;0;0;1;0;0;0;0;1;0;0;0;0;0;0;12;3;35;0;35;1;10;0;0;0;10;0;0;0;0;0;0;0;0;1;0;0;0;0;2;1;2;0;1;0;1;0;0;0;0;0;0;0;0;0;0;3;0;0;1;0;0;2;4;2;0;2;0;0;0;0;0;0;1;0;0;0;0;2;0;0;0;0;0;0;0;0;0;0;0;0;0;0;0;0;0;0;0;0;0;0;0;0;0;0;0;0;0;0;0;0;0;0;0;0;0;0;0;0
9;"Zakład opiekuńczo-leczniczy RESTITUTIO Rehabilitacja, ul. Szkolna 2, 22-680 Lubycza Królewska";61805;"gm. Lubycza Królewska";"tomaszowski";"lubelskie";1;1;0;1;0;0;0;0;0;0;0;0;0;0;0;0;0;0;0;0;0;0;0;0;0;0;1;1;1;0;0;1;0;0;0;0;0;0;0;0;0;0;1;0;0;0;0;0;0;0;3;0;0;0;0;0;1;1;2;0;0;0;0;0;0;0;0;0;0;0;0;0;0;0;16;0;10;0;9;0;2;0;1;1;4;0;1;0;0;0;0;0;0;1;1;0;0;1;0;0;0;0;0;0;0;0;0;0;0;0;1;0;0;1;0;0;0;0;0;0;0;0;11;2;0;2;2;1;1;1;0;0;0;0;0;0;0;2;0;4;0;0;0;0;0;1;1;0;1;0;0;0;0;0;0;0;0;0;0;0;0;0;0;0;0;1;0;0;0;0;0;0;0;0;0;1;0;0
1;"Gminny Ośrodek Kultury, ul. Partyzantów 12, 22-650 Łaszczów";61806;"gm. Łaszczów";"tomaszowski";"lubelskie";1;1;2;0;0;0;5;0;0;0;0;1;1;0;0;1;1;0;0;0;0;0;0;1;1;0;11;6;4;1;4;0;1;0;1;0;3;0;0;1;14;1;0;1;0;3;0;0;0;0;14;2;2;1;1;2;0;1;0;0;0;0;2;0;0;3;0;0;0;0;0;0;0;0;47;2;79;5;86;1;27;0;0;4;29;0;0;6;2;1;0;0;0;5;0;0;1;10;24;2;1;1;1;0;0;1;2;1;0;0;0;2;0;0;1;2;0;0;0;0;0;0;33;12;3;0;0;0;5;0;0;0;0;0;0;0;3;2;0;3;0;2;0;0;0;35;2;1;1;0;2;0;0;0;0;0;0;0;1;0;0;0;0;0;0;0;0;1;0;0;0;0;0;0;0;0;0;0
2;"Szkoła Podstawowa, ul. Chopina 11, 22-650 Łaszczów";61806;"gm. Łaszczów";"tomaszowski";"lubelskie";1;1;0;2;0;0;1;0;0;0;0;0;0;0;0;0;0;0;1;0;3;1;0;4;0;0;25;7;2;1;5;0;3;0;0;0;1;1;1;6;20;0;0;1;0;2;1;0;1;0;24;2;1;1;2;1;0;0;0;1;0;1;2;1;0;2;0;0;0;1;0;0;0;1;48;4;79;13;98;2;16;0;0;2;16;0;1;0;4;4;0;0;0;2;0;0;0;7;13;2;3;4;4;1;1;2;0;0;0;0;1;0;0;2;0;4;3;1;1;0;2;1;54;37;3;0;0;1;1;2;4;2;0;1;3;0;1;1;1;2;0;4;0;1;1;34;8;2;0;0;1;1;0;0;0;0;0;0;0;0;0;0;1;0;0;0;0;0;0;0;0;0;0;0;0;0;0;0
3;"Warsztat Terapii Zajęciowej, Muratyn 49, 22-650 Łaszczów";61806;"gm. Łaszczów";"tomaszowski";"lubelskie";1;1;0;0;0;0;2;0;1;0;0;0;0;0;0;0;0;0;0;0;0;0;0;0;0;0;3;0;2;0;1;0;0;0;0;0;0;0;0;0;1;0;0;0;1;0;0;0;0;0;5;0;2;0;0;0;0;0;0;1;1;0;0;0;0;0;0;0;0;0;0;0;0;0;10;3;14;2;41;4;12;0;0;0;7;1;0;0;0;0;3;0;0;0;0;0;2;0;2;1;1;0;2;0;0;2;0;0;0;1;0;0;1;0;0;1;0;0;0;0;0;0;3;3;0;1;0;0;0;0;0;0;0;0;0;0;0;0;0;1;0;0;0;0;0;2;2;0;0;0;0;0;1;0;0;0;0;1;0;0;0;0;0;0;0;0;0;1;0;0;1;0;0;0;0;0;0;0
4;"Świetlica Wiejska, Dobużek-Kolonia 4, 22-650 Łaszczów";61806;"gm. Łaszczów";"tomaszowski";"lubelskie";1;1;0;0;0;0;3;0;0;0;0;0;0;0;0;0;0;1;0;1;1;0;0;0;0;0;6;4;1;0;0;0;1;1;0;0;0;0;1;0;2;0;0;0;1;0;0;0;0;1;0;0;0;0;0;1;0;0;0;0;0;0;0;0;0;0;0;0;0;0;0;0;0;0;18;2;38;3;34;4;7;0;1;2;6;0;0;1;1;3;0;0;1;0;0;0;0;1;6;2;1;0;0;0;0;0;1;0;0;0;1;0;0;0;0;0;0;0;0;0;0;0;2;4;1;1;0;2;0;1;0;0;0;0;0;0;2;0;0;0;0;0;0;0;0;16;1;1;1;0;0;0;0;0;0;0;0;0;0;0;0;0;0;0;0;0;0;0;0;0;0;0;0;0;0;0;0;0
5;"Szkoła Podstawowa, Nabróż-Kolonia 19, 22-650 Łaszczów";61806;"gm. Łaszczów";"tomaszowski";"lubelskie";1;1;1;0;0;0;0;0;0;0;0;0;0;0;0;0;0;0;0;0;0;0;0;0;0;0;12;1;0;0;0;0;0;0;0;0;0;0;1;1;22;0;0;0;0;0;0;0;0;0;7;0;0;0;1;0;0;0;0;0;0;0;0;0;0;0;0;0;0;0;0;0;0;0;36;1;25;2;17;1;1;0;3;1;10;0;0;3;2;1;0;0;0;2;0;0;0;0;8;0;3;0;0;1;0;0;0;0;0;0;0;0;0;0;0;4;1;0;0;0;0;0;4;11;1;0;0;1;0;0;0;0;0;0;0;0;0;0;0;0;0;0;0;0;0;12;3;0;0;0;0;0;0;0;0;1;0;0;0;0;0;0;0;0;0;0;0;0;0;0;0;0;0;0;0;0;0;0
6;"Szkoła Podstawowa, Zimno 1, 22-650 Łaszczów";61806;"gm. Łaszczów";"tomaszowski";"lubelskie";1;1;1;0;0;0;0;1;0;1;0;0;1;0;0;1;0;0;1;1;0;0;0;0;0;0;13;3;2;2;0;0;1;0;0;0;0;0;0;1;5;0;0;0;0;0;0;0;0;0;1;1;1;0;0;0;0;0;0;0;0;0;0;0;0;0;0;0;0;0;0;0;0;0;16;1;38;3;29;3;3;1;0;0;10;0;0;3;1;2;0;0;0;2;0;0;1;1;10;2;2;1;0;0;0;0;0;0;0;0;1;0;0;0;1;4;0;0;0;0;0;0;10;4;1;0;0;0;0;1;6;0;0;0;0;0;0;0;0;1;0;2;0;0;0;5;5;0;0;0;0;0;0;0;0;0;0;0;0;0;0;0;0;0;0;0;0;0;0;0;0;0;0;1;0;0;0;0
7;"Świetlica Wiejska, Podlodów 80, 22-650 Łaszczów";61806;"gm. Łaszczów";"tomaszowski";"lubelskie";1;1;0;0;0;0;1;1;0;0;0;0;0;0;0;0;0;0;0;0;0;0;0;1;0;0;3;3;1;1;0;0;0;0;0;0;0;0;0;0;5;0;0;0;0;0;0;0;0;2;4;0;0;0;1;0;0;0;0;0;1;0;0;0;0;0;0;0;0;0;0;1;0;0;19;1;26;7;71;4;3;0;1;0;17;0;0;0;0;3;1;0;0;0;0;0;1;3;7;2;1;0;1;0;0;1;0;0;0;0;0;0;0;1;0;0;0;0;1;0;0;0;0;1;0;0;0;0;1;0;0;0;0;0;0;0;1;0;0;0;0;1;0;0;0;5;2;0;2;0;0;0;0;0;0;0;0;0;0;0;0;0;0;0;0;0;0;0;0;0;0;0;0;1;0;0;0;0
8;"Świetlica Wiejska, Pukarzów 96, 22-650 Łaszczów";61806;"gm. Łaszczów";"tomaszowski";"lubelskie";1;1;1;1;1;0;2;0;0;1;0;0;1;0;0;0;0;0;1;0;1;0;0;1;3;0;1;3;0;1;0;0;2;0;0;0;1;0;0;1;4;0;0;0;0;1;2;0;0;1;1;0;0;0;0;0;0;0;0;0;0;0;0;0;0;0;0;0;0;0;0;0;0;0;31;5;16;5;45;0;9;0;0;6;13;1;0;11;0;1;2;0;0;1;1;0;0;0;3;2;0;0;0;2;0;2;1;1;0;1;0;0;0;0;0;1;1;0;2;0;0;0;4;2;0;0;1;0;0;1;0;0;0;0;1;0;1;5;0;0;0;0;0;0;0;2;1;1;4;0;0;0;0;0;0;0;0;0;0;0;0;0;1;0;0;0;0;0;0;0;0;0;0;4;0;0;0;0
9;"Świetlica Wiejska, Wólka Pukarzowska 63, 22-650 Łaszczów";61806;"gm. Łaszczów";"tomaszowski";"lubelskie";1;1;0;0;0;0;0;0;0;0;0;0;0;0;0;0;0;0;0;0;0;0;0;0;0;0;0;1;0;0;1;0;0;0;0;0;0;0;0;0;0;0;0;0;0;0;0;0;0;0;1;0;0;0;1;0;0;0;0;0;0;1;0;0;0;0;0;0;0;0;0;0;0;0;6;0;16;8;28;0;22;1;0;4;4;0;0;0;0;0;0;0;0;1;0;0;0;0;3;1;0;0;1;0;1;0;0;0;0;1;0;2;0;0;0;1;0;0;0;0;0;0;2;4;0;0;0;1;0;0;0;1;0;0;0;0;0;0;0;0;0;0;0;0;0;6;4;0;0;0;1;0;0;0;0;0;0;0;0;0;0;0;0;0;0;1;0;0;0;0;0;0;0;0;0;0;0;0
10;"Szkoła Podstawowa, Steniatyn 71, 22-650 Łaszczów";61806;"gm. Łaszczów";"tomaszowski";"lubelskie";1;1;0;0;0;0;0;0;1;0;0;0;0;0;0;1;0;0;0;1;0;0;0;0;0;0;1;2;0;0;2;0;0;0;0;0;0;1;0;0;13;0;0;0;0;1;0;0;0;0;1;0;0;0;0;0;0;0;0;0;0;0;0;0;0;0;0;0;0;0;0;0;0;0;15;2;32;2;22;0;1;0;0;0;3;0;1;0;0;2;0;0;0;0;0;0;0;0;1;0;0;0;2;0;0;0;0;0;0;0;1;1;0;1;0;1;0;0;0;1;0;1;1;0;0;0;0;0;1;0;0;0;0;0;0;0;0;0;0;0;0;0;0;0;0;29;2;0;1;0;0;0;0;0;0;0;0;0;0;0;0;0;2;0;0;1;0;0;0;0;0;0;0;0;0;0;0;0
11;"Świetlica Wiejska, Hopkie 59, 22-650 Łaszczów";61806;"gm. Łaszczów";"tomaszowski";"lubelskie";1;1;0;0;1;0;0;0;0;0;0;0;0;0;0;0;0;0;0;0;0;0;0;2;0;2;3;1;1;0;0;0;1;0;0;0;0;0;0;0;0;0;0;0;0;0;0;0;0;0;2;0;0;0;0;1;0;0;0;0;1;0;0;0;0;0;0;0;0;0;0;0;0;0;11;2;12;2;35;0;3;0;0;1;8;0;0;0;0;0;1;0;0;7;0;0;0;0;8;0;1;1;0;1;0;1;0;0;0;0;0;0;1;0;0;0;0;0;0;0;0;0;1;5;1;0;0;0;0;0;0;0;0;0;0;0;0;0;0;0;0;0;0;0;0;3;0;0;0;0;0;0;0;0;0;0;0;0;0;0;0;0;0;0;0;0;0;0;0;0;0;0;1;1;0;0;0;0
1;"Szkoła Podstawowa im. Tadeusza Kościuszki w Rachaniach, ul. Partyzantów 47, 22-640 Rachanie";61807;"gm. Rachanie";"tomaszowski";"lubelskie";1;1;2;0;0;1;2;0;0;0;0;0;0;0;0;0;0;0;0;0;0;0;0;1;0;0;14;11;2;1;1;0;0;0;0;0;1;0;4;0;2;0;0;2;1;0;0;0;0;0;4;0;0;0;1;0;1;0;0;0;0;0;0;0;0;0;1;0;0;0;0;0;0;1;20;5;52;1;148;0;35;0;1;3;3;0;0;0;0;3;0;0;0;4;1;0;2;3;11;1;1;5;1;1;0;1;3;1;0;3;0;0;0;0;0;6;1;0;0;0;0;2;6;8;0;0;0;1;0;0;2;0;1;2;0;0;1;1;0;1;0;0;0;0;0;0;1;0;21;0;2;0;1;0;0;1;0;0;0;0;0;0;0;0;0;1;0;0;0;0;0;0;0;0;0;0;0;0
2;"Remizo-Świetlica, Pawłówka 57B, 22-640 Rachanie";61807;"gm. Rachanie";"tomaszowski";"lubelskie";1;1;0;0;1;0;0;0;0;0;0;0;0;0;0;0;0;0;0;0;0;1;0;0;0;0;1;1;0;2;2;1;0;0;1;0;1;1;0;0;1;0;0;1;0;1;0;0;0;0;1;0;0;0;0;0;0;0;0;0;0;0;0;0;0;0;0;0;0;0;0;0;0;0;7;3;7;3;70;0;3;0;0;0;3;0;1;0;2;0;0;0;0;0;0;0;0;0;1;1;0;0;0;0;0;0;0;0;0;0;0;0;0;0;0;1;0;0;0;0;0;0;1;2;2;1;0;0;0;0;2;1;0;0;0;0;0;1;0;0;0;0;0;0;0;0;1;0;1;0;0;0;0;0;0;0;0;0;0;0;0;0;0;0;0;0;0;0;0;0;0;0;0;1;0;0;0;0
3;"Remizo-Świetlica, Grodysławice 119, 22-640 Rachanie";61807;"gm. Rachanie";"tomaszowski";"lubelskie";1;1;0;0;0;0;3;0;0;0;0;0;0;0;0;0;0;0;0;0;0;0;0;0;0;0;1;0;0;0;1;0;0;0;0;0;0;0;0;0;3;0;0;1;0;0;0;0;0;0;1;2;0;0;0;0;0;0;0;0;0;0;0;0;0;1;0;0;0;0;0;0;0;0;14;1;16;9;92;0;3;0;2;1;5;0;0;1;0;0;0;0;0;1;0;0;0;0;4;0;4;0;1;1;1;0;0;0;0;0;0;1;0;0;0;2;0;0;0;0;0;0;6;3;2;0;0;2;0;1;0;0;0;0;0;0;0;0;0;0;0;0;0;0;0;6;0;0;0;0;0;0;0;0;0;0;0;0;0;0;0;0;0;0;0;0;0;0;0;0;1;0;0;0;0;0;0;0
4;"Szkoła Podstawowa, Michalów 117, 22-640 Rachanie";61807;"gm. Rachanie";"tomaszowski";"lubelskie";1;1;0;0;2;1;0;0;1;0;0;0;0;0;0;0;0;0;0;0;0;0;0;0;0;0;6;0;0;0;2;2;0;0;0;0;1;0;0;0;2;0;0;0;0;0;0;0;0;2;6;0;0;1;1;1;0;0;0;0;0;0;0;0;0;0;0;0;0;0;0;0;0;0;10;1;8;3;30;0;7;0;0;0;5;0;0;0;0;1;0;0;0;1;0;0;0;0;6;4;1;0;0;0;2;0;0;0;0;0;0;0;0;0;0;1;0;1;1;0;0;0;4;3;1;0;0;0;0;0;0;0;0;0;0;1;1;0;0;0;0;0;0;0;0;0;1;0;0;0;0;0;0;0;0;0;0;0;0;0;0;0;0;0;0;0;0;0;0;0;0;0;0;0;0;0;0;1
5;"Remizo-Świetlica, Wożuczyn 78A, 22-640 Rachanie";61807;"gm. Rachanie";"tomaszowski";"lubelskie";1;1;5;0;0;0;7;0;2;1;0;0;0;0;0;0;0;0;1;0;0;0;0;6;0;2;11;4;1;1;4;0;1;0;0;0;1;2;2;0;8;0;1;0;2;0;0;0;0;2;14;1;1;3;1;1;0;0;0;0;1;0;1;0;0;1;0;0;0;0;0;0;0;0;20;5;74;8;130;7;13;0;1;3;10;0;1;4;1;0;0;0;0;4;1;0;2;0;12;0;6;0;0;1;1;3;0;0;0;0;2;1;0;0;1;9;5;0;1;0;0;1;10;11;2;0;0;2;0;0;2;0;0;0;0;0;0;4;1;1;0;0;0;0;0;3;14;0;2;1;1;0;0;0;0;0;0;1;1;0;0;0;0;0;0;0;0;0;0;0;1;0;1;0;0;0;0;0
6;"Remizo-Świetlica, Siemierz 65A, 22-640 Rachanie";61807;"gm. Rachanie";"tomaszowski";"lubelskie";1;1;0;0;0;0;3;0;0;0;0;1;0;0;0;0;0;0;0;0;0;0;0;1;0;0;2;2;0;0;0;0;1;0;0;0;0;0;1;0;0;0;0;0;0;0;0;0;0;0;3;0;0;0;1;0;0;0;0;0;0;0;0;0;0;0;1;2;0;0;0;0;0;0;8;0;23;4;37;1;1;0;0;0;7;0;0;0;2;1;0;0;0;0;2;0;0;2;2;1;1;1;0;0;0;0;0;0;0;0;0;1;0;0;0;2;0;0;0;0;1;0;3;0;0;1;0;0;0;0;0;0;0;0;3;0;0;0;0;0;0;0;0;0;0;0;0;0;0;1;1;0;0;0;0;0;2;0;0;0;0;0;0;0;0;0;0;0;0;0;0;0;0;0;0;0;0;0
7;"Dom Kultury, Wożuczyn-Cukrownia 21A, 22-640 Rachanie";61807;"gm. Rachanie";"tomaszowski";"lubelskie";1;1;6;1;1;1;2;0;0;1;0;2;0;1;0;0;0;0;0;0;0;0;0;3;0;0;3;3;1;1;6;1;0;0;0;0;3;0;1;0;6;2;0;0;0;0;0;1;0;2;7;0;1;2;4;0;1;0;0;0;0;0;0;0;0;1;0;0;1;0;0;1;0;0;24;3;35;7;123;1;11;1;2;0;4;0;1;0;0;0;0;0;0;2;3;0;0;0;15;4;0;0;0;2;1;1;0;0;0;1;1;0;0;0;0;1;0;0;1;0;0;2;18;6;1;0;1;2;1;0;9;0;0;0;0;0;1;0;0;0;0;1;0;0;0;10;12;0;3;0;1;1;1;0;0;0;0;0;0;0;0;0;0;0;0;1;0;0;0;0;0;0;0;1;0;0;0;0
8;"Remizo-Świetlica, Werechanie 43, 22-640 Rachanie";61807;"gm. Rachanie";"tomaszowski";"lubelskie";1;1;0;0;0;0;0;0;0;0;0;1;0;0;0;0;0;0;0;0;0;0;0;0;0;0;3;5;0;0;0;0;1;0;0;0;3;0;0;0;2;0;0;0;0;0;1;0;0;1;1;0;0;0;0;0;1;0;0;0;0;0;0;0;0;0;0;0;0;0;0;0;0;0;11;4;8;6;79;2;21;0;0;2;4;0;2;0;0;1;0;0;0;0;2;0;0;0;7;0;0;1;1;0;1;0;1;0;0;0;0;0;0;0;1;5;1;0;0;0;0;0;3;2;1;0;0;0;0;0;2;0;0;0;0;0;0;1;1;1;0;0;0;1;0;1;1;0;3;0;1;0;0;0;0;0;0;0;0;0;0;0;0;0;0;0;0;0;0;0;0;0;0;0;0;0;0;0
9;"Szkoła Podstawowa, Siemnice 1, 22-640 Rachanie";61807;"gm. Rachanie";"tomaszowski";"lubelskie";1;1;0;0;0;0;2;0;0;0;0;0;0;0;0;0;0;0;0;0;0;0;0;0;0;0;3;3;0;0;0;1;0;0;0;2;0;0;0;0;7;0;0;0;0;0;0;0;0;0;1;0;1;0;0;0;0;0;0;0;0;0;0;0;0;0;0;0;0;0;0;0;0;0;13;2;15;2;51;0;5;0;1;0;8;0;0;0;0;2;0;0;0;0;0;0;0;2;6;0;1;0;0;0;0;0;0;0;0;0;0;0;0;0;1;9;1;0;0;0;3;0;1;0;0;1;1;0;0;0;0;0;0;0;0;0;2;1;0;0;0;0;0;0;0;1;2;0;0;0;0;0;0;0;0;0;0;0;1;0;0;0;0;0;0;0;0;0;1;0;0;0;0;0;0;0;0;0
10;"Remizo-Świetlica, Józefówka 48B, 22-640 Rachanie";61807;"gm. Rachanie";"tomaszowski";"lubelskie";1;1;1;0;0;0;3;0;0;0;1;0;0;0;1;0;2;0;0;0;1;0;0;2;0;0;16;8;0;1;0;1;3;0;0;0;0;0;0;0;12;0;0;0;0;0;0;0;0;0;3;0;0;0;0;0;0;1;1;1;0;0;1;0;0;0;1;0;0;0;0;0;0;0;10;1;25;7;64;0;5;0;0;0;6;1;0;1;0;0;0;0;0;0;0;0;0;0;6;2;1;0;0;1;1;0;0;0;1;0;0;0;2;0;0;0;1;1;0;0;0;2;5;5;0;1;1;2;0;0;1;0;0;1;0;0;1;0;0;0;0;1;0;0;0;0;0;0;7;1;1;0;0;1;0;0;0;0;0;0;0;0;1;1;0;0;0;0;0;0;0;0;0;0;0;0;0;0
1;"Remizo-świetlica, Ciotusza Nowa 44B, 22-672 Susiec";61808;"gm. Susiec";"tomaszowski";"lubelskie";1;1;3;1;0;0;0;0;0;0;0;3;0;0;0;0;2;0;0;0;0;0;0;1;0;1;5;4;0;2;5;0;1;0;0;1;4;2;0;0;5;0;0;0;0;0;1;0;0;0;4;0;0;0;0;0;0;1;1;1;1;0;0;0;0;0;0;0;0;0;0;0;0;0;18;2;20;1;129;1;20;0;0;17;14;0;0;1;2;2;0;0;1;3;6;0;2;3;16;2;4;0;1;2;4;0;1;1;0;1;0;0;1;1;1;2;0;1;0;0;0;0;12;5;0;1;0;0;0;1;2;0;1;1;2;0;1;10;1;0;0;0;1;0;0;1;6;2;0;1;1;0;0;0;0;0;0;0;4;0;0;0;0;0;0;1;0;0;0;0;0;0;0;0;0;0;0;0
2;"Szkoła Podstawowa, Grabowica 72B, 22-672 Susiec";61808;"gm. Susiec";"tomaszowski";"lubelskie";1;1;0;1;1;1;3;0;1;1;0;0;0;1;0;0;0;0;0;0;0;0;0;0;1;0;6;0;1;1;1;0;2;0;0;0;0;0;0;0;16;0;0;0;0;0;0;0;1;2;15;0;1;1;1;2;2;0;1;0;1;0;0;0;0;0;0;0;1;0;0;0;0;0;44;0;49;8;86;4;20;0;0;69;27;0;4;1;0;3;0;1;1;8;0;1;1;2;14;2;3;1;2;1;2;2;1;1;0;1;1;0;1;0;0;1;5;0;0;0;0;2;18;10;1;0;1;0;0;0;3;0;1;0;0;0;0;5;0;0;0;0;0;0;0;0;8;0;0;0;0;0;0;1;0;1;0;0;0;1;0;0;0;0;0;2;0;0;1;0;0;0;0;2;0;0;0;1
3;"Szkoła Podstawowa im. Żołnierzy Armii Kraków, Łosiniec 23A, 22-672 Susiec";61808;"gm. Susiec";"tomaszowski";"lubelskie";1;1;1;0;2;1;2;0;2;1;0;0;0;0;0;0;0;1;2;0;2;1;0;3;0;0;30;5;0;6;2;0;1;1;0;0;1;0;2;1;37;2;0;0;2;0;0;0;0;1;9;3;4;3;1;2;1;1;1;0;0;0;4;0;0;0;0;0;0;0;0;0;0;2;43;1;56;6;157;1;22;1;0;21;17;1;3;2;0;3;1;0;2;2;0;0;1;1;15;2;1;0;0;1;2;1;1;1;1;3;1;0;0;0;1;4;2;3;1;0;1;0;42;13;1;3;0;3;3;2;13;0;0;0;0;0;2;7;0;0;0;0;0;0;0;2;5;1;2;0;1;0;0;0;0;0;0;0;0;0;0;0;0;0;0;3;0;0;0;0;0;0;0;0;0;0;0;0
4;"Szkoła Podstawowa im. Marii Konopnickiej, Majdan Sopocki Pierwszy 113, 22-672 Susiec";61808;"gm. Susiec";"tomaszowski";"lubelskie";1;1;0;0;0;0;5;0;0;2;0;0;0;0;1;0;1;0;0;0;1;0;0;1;1;0;17;7;0;1;6;1;0;1;0;3;1;0;0;0;17;0;1;0;1;0;0;0;0;2;10;0;2;1;1;4;0;1;0;1;0;0;1;0;0;0;0;0;0;0;0;0;0;0;41;2;74;7;136;2;39;0;0;43;30;0;4;0;2;2;0;0;1;4;2;0;0;4;16;9;3;0;0;2;1;0;1;1;0;3;2;0;6;0;0;6;4;0;0;0;1;4;12;7;3;1;1;4;0;1;0;0;0;1;0;1;0;3;0;0;0;0;1;1;0;0;6;0;1;0;0;0;0;0;0;0;0;1;0;0;0;0;0;0;0;0;0;0;0;0;0;0;0;0;0;0;0;0
5;"Remizo-świetlica, Paary 130B, 22-672 Susiec";61808;"gm. Susiec";"tomaszowski";"lubelskie";1;1;1;0;0;1;2;0;0;0;0;2;0;0;0;0;0;0;1;2;0;0;0;0;0;1;5;3;1;3;2;0;1;0;2;1;3;1;0;0;21;1;0;0;0;0;0;0;0;6;7;0;2;1;1;0;0;1;0;0;0;0;1;0;0;0;1;0;0;0;0;1;0;0;28;6;26;5;39;1;14;0;1;38;7;0;0;0;0;1;0;0;0;1;0;0;0;8;6;1;3;0;1;1;0;0;2;0;0;2;1;0;0;0;0;0;0;0;1;0;0;1;13;11;3;0;1;2;0;0;2;0;1;0;0;1;0;3;0;1;0;0;3;0;0;0;8;0;2;0;0;0;0;0;1;0;0;0;0;0;0;0;0;0;0;0;0;0;0;0;0;1;0;0;0;0;0;0
6;"Gminny Ośrodek Kultury, ul. Tomaszowska 100, 22-672 Susiec";61808;"gm. Susiec";"tomaszowski";"lubelskie";1;1;3;0;0;0;3;0;0;1;1;2;0;1;3;1;0;0;0;0;1;0;0;1;3;0;47;7;5;6;4;0;6;0;1;1;1;1;3;0;48;0;0;1;1;3;0;0;4;5;24;1;3;4;1;2;0;3;0;0;3;0;2;0;0;0;1;1;0;0;0;0;0;2;113;2;93;19;110;1;36;1;1;43;64;2;18;1;1;4;1;0;1;2;1;0;1;2;30;1;0;1;1;1;0;2;2;2;0;0;0;2;3;1;0;6;2;1;1;0;0;2;87;20;11;1;1;3;1;0;2;0;0;0;0;1;2;9;1;7;0;0;8;0;1;1;16;1;3;1;0;0;2;0;0;0;0;0;0;1;0;1;0;1;0;0;0;0;0;0;0;0;0;3;0;0;0;1
7;"Szkoła Podstawowa, Łuszczacz 1, 22-672 Susiec";61808;"gm. Susiec";"tomaszowski";"lubelskie";1;1;0;0;0;0;3;0;0;0;0;0;0;0;0;0;0;0;0;1;0;0;0;0;0;0;2;4;0;1;1;0;0;0;0;0;0;0;0;0;0;1;0;0;0;0;0;0;0;1;3;0;0;1;0;1;0;0;0;0;0;0;0;0;0;1;1;0;0;0;0;0;0;0;10;7;32;3;80;0;24;2;0;0;5;0;4;12;0;2;0;0;0;6;0;0;0;0;7;2;0;0;0;0;0;0;0;0;0;0;1;1;1;0;0;8;0;0;0;0;0;0;8;3;0;0;1;0;0;0;0;0;0;0;0;0;0;3;0;1;0;0;1;0;0;0;14;0;2;1;0;0;0;0;0;0;0;0;0;1;0;0;0;0;0;2;0;0;0;0;0;0;0;0;0;0;0;0
1;"Zespół Szkół i Przedszkola, ul. Lubelska 62, 22-604 Tarnawatka";61809;"gm. Tarnawatka";"tomaszowski";"lubelskie";1;1;2;1;1;0;5;0;0;1;0;0;0;0;1;0;0;0;0;0;1;0;0;0;0;0;5;6;1;0;3;0;0;0;0;1;1;0;0;1;11;1;0;0;0;0;0;0;1;1;10;0;1;3;0;1;2;2;0;0;0;0;0;0;0;0;0;1;0;0;0;1;0;0;29;2;63;7;252;2;16;0;0;2;25;0;0;0;0;1;0;0;0;2;14;0;0;2;21;3;4;4;0;1;2;0;0;0;0;0;0;0;0;0;0;9;1;1;1;0;0;1;6;17;1;2;0;4;1;0;0;0;0;0;0;0;1;9;1;1;0;0;0;0;0;1;4;1;13;0;0;0;0;0;0;0;0;1;0;0;0;0;0;0;0;1;0;0;0;0;0;0;0;0;0;0;0;0
2;"Świetlica wiejska, Tarnawatka-Tartak ul. Tomaszowska 17B, 22-604 Tarnawatka";61809;"gm. Tarnawatka";"tomaszowski";"lubelskie";1;1;1;0;0;0;2;0;1;1;0;0;0;1;0;1;0;0;0;0;0;0;0;1;1;1;13;12;0;1;1;2;0;0;1;0;4;0;0;0;10;0;0;0;5;0;1;0;0;0;13;0;1;1;2;2;0;1;0;0;0;0;1;0;1;0;0;0;0;0;0;0;0;1;35;13;55;6;194;1;8;0;1;1;7;0;0;4;0;0;0;1;0;0;24;0;0;3;25;2;2;0;3;1;1;1;1;0;0;0;1;1;2;0;0;2;2;1;1;1;4;1;10;24;3;2;0;4;0;3;4;0;0;0;0;1;0;4;0;1;0;0;0;0;0;0;8;0;9;0;0;0;0;1;0;1;0;0;0;0;0;0;1;0;0;1;0;1;0;0;0;0;0;1;0;0;0;0
3;"Świetlica wiejska, Wieprzów Tarnawacki 24a, 22-600 Tomaszów Lubelski";61809;"gm. Tarnawatka";"tomaszowski";"lubelskie";1;1;1;0;0;1;2;0;0;0;0;0;0;1;0;0;0;0;0;0;1;0;0;1;0;0;13;0;0;0;0;0;0;0;0;0;0;0;0;1;10;0;0;0;0;0;0;0;0;1;1;0;0;0;0;0;0;0;0;0;0;0;1;0;0;0;0;0;0;0;0;0;0;0;13;4;32;2;93;1;1;0;0;3;3;0;2;3;1;0;0;0;0;0;0;0;0;1;12;5;1;0;0;1;0;3;0;0;0;0;0;0;1;0;0;3;1;0;0;0;0;1;7;2;1;0;3;2;0;1;1;0;0;0;0;0;0;2;0;1;0;0;0;0;0;4;4;0;3;0;0;0;0;0;0;0;0;0;0;0;0;0;0;0;0;0;0;0;0;0;0;0;0;0;0;0;0;0
4;"Świetlica wiejska, Huta Tarnawacka 17, 22-604 Tarnawatka";61809;"gm. Tarnawatka";"tomaszowski";"lubelskie";1;1;0;0;0;0;1;0;0;2;0;0;0;0;0;0;0;0;0;0;0;0;0;1;0;0;3;6;0;0;3;0;0;0;0;0;1;0;0;0;4;0;0;0;0;0;0;0;1;2;3;0;0;0;1;0;0;0;0;0;1;0;0;0;0;0;1;0;0;0;1;0;0;1;14;1;29;0;108;0;6;0;0;1;9;1;1;0;2;2;0;0;0;0;3;0;1;2;11;3;2;3;0;3;0;0;0;0;0;0;2;0;1;1;4;10;1;0;1;0;0;0;5;3;0;1;0;1;0;1;0;0;0;0;0;0;0;2;0;2;0;0;0;0;0;2;5;0;7;0;0;0;0;0;0;0;0;0;0;0;0;0;0;0;0;0;0;0;0;0;0;0;0;0;0;0;0;0
5;"Świetlica wiejska, Niemirówek-Kolonia 41a, 22-604 Tarnawatka";61809;"gm. Tarnawatka";"tomaszowski";"lubelskie";1;1;0;0;0;0;3;0;0;0;1;0;0;0;0;0;0;0;0;0;0;0;0;0;0;0;3;3;0;1;1;1;0;0;0;0;2;0;0;0;4;0;0;1;0;0;1;0;0;0;5;0;0;1;1;1;0;1;0;0;0;0;0;0;0;0;0;0;0;0;0;0;0;0;8;1;54;1;86;0;10;0;1;0;5;0;0;0;2;1;0;0;0;0;0;0;0;0;9;2;0;1;0;0;0;0;0;1;0;0;0;0;2;0;0;4;0;0;0;0;0;0;0;2;1;1;0;1;1;0;0;1;0;0;0;0;0;1;0;0;0;0;0;0;0;0;4;0;2;0;0;0;0;0;0;0;0;0;0;0;0;0;0;0;0;0;0;0;0;0;0;0;0;0;0;0;0;0
1;"Szkoła Podstawowa im. Kardynała Stefana Wyszyńskiego, ul. Kardynała Stefana Wyszyńskiego 22, 22-652 Telatyn";61810;"gm. Telatyn";"tomaszowski";"lubelskie";1;1;1;0;1;1;9;0;0;1;1;0;0;0;0;0;0;0;0;0;0;0;0;0;0;0;22;4;6;2;2;0;2;0;1;1;1;2;0;0;27;1;0;1;2;0;0;0;0;3;6;0;2;3;2;0;1;0;0;0;0;0;0;0;0;2;0;0;0;0;0;1;0;1;46;5;53;2;212;4;2;0;0;1;7;0;0;2;1;4;1;0;0;7;0;0;0;1;25;7;1;0;1;2;0;0;1;0;0;0;2;0;1;0;0;7;1;1;0;0;2;0;14;4;2;0;0;2;0;0;0;0;0;1;0;0;4;1;0;2;0;0;0;0;0;17;9;0;4;0;1;0;0;0;0;0;0;0;0;0;0;0;0;0;0;1;0;1;0;0;0;0;0;0;0;1;0;0
2;"Centrum Promocji Wsi Poturzyn, Poturzyn 23, 22-652 Telatyn";61810;"gm. Telatyn";"tomaszowski";"lubelskie";1;1;1;2;0;0;2;0;0;0;0;1;0;0;0;0;0;0;0;0;0;0;0;0;0;0;9;8;2;1;5;0;1;0;0;0;4;0;1;0;12;0;0;2;1;1;1;0;0;1;5;0;0;4;1;1;0;2;0;0;1;0;2;2;0;1;0;0;0;0;0;0;0;0;21;1;10;7;64;0;6;0;1;1;7;1;0;2;1;3;0;0;0;0;1;0;0;4;9;1;0;0;1;0;0;0;0;0;0;1;1;0;1;0;0;5;0;0;1;0;0;1;7;7;1;0;0;2;0;0;3;0;0;1;0;1;0;2;0;1;0;0;0;0;0;12;2;0;0;0;1;0;1;0;0;0;0;0;0;0;0;0;1;0;0;0;0;0;0;0;0;0;0;0;0;0;0;0
3;"Centrum Kultury i Promocji Wsi Łykoszyn, Łykoszyn 85, 22-652 Telatyn";61810;"gm. Telatyn";"tomaszowski";"lubelskie";1;1;0;0;0;0;2;0;0;1;0;0;0;0;0;0;0;0;0;0;1;0;0;0;0;0;0;1;6;0;2;0;0;0;0;0;0;0;0;0;1;1;0;0;0;0;0;0;0;1;0;0;0;1;0;0;0;0;0;0;0;0;0;0;0;0;0;0;0;0;0;0;0;0;13;0;5;0;21;0;4;0;0;2;0;0;0;0;2;0;0;0;0;1;0;0;0;0;4;0;5;1;1;0;0;1;0;0;0;0;1;0;1;0;0;2;0;0;0;0;0;1;2;0;0;0;0;0;0;0;0;0;0;0;0;0;1;0;0;0;0;0;0;0;0;9;1;0;0;0;0;0;0;0;0;0;0;1;0;0;0;0;0;0;0;1;0;0;0;0;0;0;0;3;0;0;0;0
4;"Świetlica Wiejska, Nowosiółki 16a, 22-652 Telatyn";61810;"gm. Telatyn";"tomaszowski";"lubelskie";1;1;1;0;1;0;10;0;0;0;0;0;0;0;0;0;0;0;1;0;0;0;0;0;2;0;10;2;3;3;2;0;1;0;0;0;3;0;0;0;8;0;0;0;1;0;0;0;0;2;5;0;0;0;0;1;1;1;1;0;0;0;0;0;0;0;1;0;0;1;0;0;0;0;13;1;44;1;158;2;15;1;0;1;4;0;0;1;6;1;0;0;0;6;0;1;0;0;11;1;4;0;3;2;1;0;0;0;0;1;0;0;1;0;1;10;1;0;0;0;0;2;0;16;2;0;1;4;0;1;1;0;0;0;0;0;2;4;0;5;0;0;0;0;9;0;6;0;1;0;0;0;0;0;1;0;0;1;0;0;0;1;1;0;0;0;0;1;0;0;0;0;0;2;0;0;0;0
5;"Świetlica Wiejska, Żulice 55, 22-652 Telatyn";61810;"gm. Telatyn";"tomaszowski";"lubelskie";1;1;0;0;0;0;1;0;0;0;0;0;0;0;0;0;0;0;0;0;0;0;0;0;0;0;3;0;2;1;1;0;0;0;0;0;0;0;1;0;6;0;0;0;2;0;0;0;0;0;2;0;0;0;0;0;0;0;0;0;0;0;0;0;0;0;0;0;0;0;0;0;0;0;6;0;15;1;53;1;0;0;0;0;4;0;0;0;0;1;0;0;0;8;0;0;0;0;3;0;4;0;0;0;0;0;0;0;0;0;0;1;0;0;1;5;1;0;0;0;0;0;6;3;1;0;0;3;0;1;0;0;0;0;0;0;0;0;0;1;0;0;0;0;0;4;3;0;0;0;0;0;0;0;0;0;0;0;0;0;0;0;0;0;0;0;0;0;0;0;0;0;0;0;0;0;0;0
6;"Remizo-Świetlica, Dutrów 63, 22-652 Telatyn";61810;"gm. Telatyn";"tomaszowski";"lubelskie";1;1;1;0;1;0;3;0;0;0;0;0;0;0;0;0;0;0;0;0;0;0;0;0;0;0;2;1;0;0;1;1;0;0;0;0;0;0;0;0;0;0;0;0;0;0;0;0;0;0;0;0;0;1;0;1;0;0;0;0;2;0;1;0;0;0;0;0;0;0;0;0;0;0;7;0;22;0;43;0;0;0;0;2;0;0;0;0;0;0;1;0;0;0;0;0;0;2;7;1;0;0;0;1;0;1;1;0;0;0;0;0;0;0;0;0;1;0;0;0;0;0;2;0;1;1;0;0;1;0;1;0;0;0;0;0;1;2;0;0;0;0;0;0;0;1;0;0;0;0;0;0;0;0;0;0;0;0;0;0;0;0;0;0;0;0;0;0;0;0;0;0;0;0;0;0;0;0
7;"Świetlica Wiejska, Kryszyn 20, 22-652 Telatyn";61810;"gm. Telatyn";"tomaszowski";"lubelskie";1;1;0;0;0;0;0;0;0;0;0;0;0;0;0;0;0;0;0;0;0;0;0;0;0;0;6;0;2;0;1;0;0;0;0;1;0;1;0;1;0;0;0;0;0;0;0;0;0;0;0;0;1;0;0;0;0;0;0;0;0;0;0;0;0;0;0;2;0;0;0;0;0;0;11;2;28;0;38;1;3;0;0;0;1;0;0;2;1;0;0;0;0;0;0;0;0;0;0;1;0;1;0;0;1;0;0;0;0;0;1;1;1;0;0;0;0;0;2;0;1;0;1;0;0;1;0;0;0;0;0;0;0;0;0;0;0;0;0;1;0;0;0;0;0;6;0;0;0;0;0;0;0;0;0;0;0;0;0;1;0;0;0;0;0;0;0;0;0;0;0;0;0;0;0;0;0;0
1;"Dom Strażaka, Łaszczówka ul. Spółdzielcza 2, 22-600 Tomaszów Lubelski";61811;"gm. Tomaszów Lubelski";"tomaszowski";"lubelskie";1;1;0;0;0;1;6;0;0;2;0;0;2;0;0;0;2;0;0;0;0;0;0;1;0;0;23;10;1;3;4;0;3;0;2;1;2;0;0;2;36;0;0;0;0;0;2;1;0;1;9;0;1;2;2;2;0;0;0;0;0;0;1;0;0;0;0;0;0;1;0;0;0;0;36;5;67;4;116;2;7;0;2;4;13;0;5;0;1;3;0;0;0;0;1;0;0;6;21;3;7;1;0;0;2;1;1;0;1;1;1;0;1;0;2;1;4;0;2;0;0;1;11;27;11;0;1;6;1;4;13;1;1;1;1;1;1;3;0;2;0;0;1;0;0;2;8;1;7;1;0;0;1;0;0;0;0;0;1;0;2;0;0;0;0;0;0;0;2;0;0;0;0;3;0;0;1;0
2;"Świetlica wiejska, Ulów 131, 22-600 Tomaszów Lubelski";61811;"gm. Tomaszów Lubelski";"tomaszowski";"lubelskie";1;1;0;0;1;0;1;0;0;1;0;0;0;0;0;0;0;0;0;0;0;0;0;0;0;0;1;2;0;0;3;0;0;0;0;0;1;0;0;0;2;0;0;0;0;0;0;0;0;1;5;0;1;0;0;0;0;0;0;0;1;0;0;0;0;0;0;0;0;1;0;0;0;0;7;0;12;1;48;1;7;0;0;1;2;1;0;0;0;0;0;0;0;0;0;0;1;0;3;3;0;1;1;0;0;0;0;0;0;0;0;1;1;0;1;2;0;0;1;0;1;0;1;1;0;0;0;0;0;0;2;0;1;0;0;0;0;1;0;0;0;0;0;1;0;0;2;0;0;0;0;1;0;0;0;0;0;0;0;0;0;0;0;0;0;0;0;1;0;0;0;0;0;0;0;0;0;0
3;"Szkoła Podstawowa, Sabaudia 47, 22-600 Tomaszów Lubelski";61811;"gm. Tomaszów Lubelski";"tomaszowski";"lubelskie";1;1;1;0;0;1;6;1;0;2;1;0;0;0;0;0;1;0;0;0;0;0;0;3;0;0;9;5;1;1;0;0;2;1;0;2;3;0;1;1;6;1;0;0;0;1;1;0;0;3;5;0;2;2;2;0;0;0;1;0;0;0;1;0;0;0;0;2;0;0;0;0;0;1;39;5;51;7;143;3;13;1;1;0;8;0;1;0;2;4;0;0;3;0;1;2;0;2;13;9;1;1;0;1;1;2;2;2;0;0;0;0;1;0;0;2;3;1;1;0;0;1;18;12;6;0;0;1;0;0;13;0;0;0;0;0;0;10;4;0;0;0;1;0;0;3;6;1;7;0;0;1;0;0;0;0;0;0;0;0;0;0;0;0;0;0;0;1;0;0;0;0;0;0;0;0;0;0
4;"Szkoła Podstawowa, Pasieki 87, 22-600 Tomaszów Lubelski";61811;"gm. Tomaszów Lubelski";"tomaszowski";"lubelskie";1;1;0;0;0;0;11;0;1;0;0;0;0;0;0;0;0;0;0;0;0;0;0;0;0;0;9;1;4;0;3;1;2;1;0;0;1;0;1;0;3;0;1;0;0;0;0;0;1;0;4;0;4;0;2;0;0;0;0;0;1;0;0;0;0;2;0;0;0;0;0;1;0;0;19;7;19;0;90;1;9;0;1;0;4;0;1;0;0;1;0;0;0;1;0;0;0;2;11;2;0;1;0;1;0;3;0;0;0;1;0;0;0;0;1;4;0;1;1;0;0;2;14;3;4;2;1;2;0;0;5;1;0;0;0;0;0;2;0;0;0;0;0;0;0;0;4;0;1;1;1;0;0;0;0;0;0;0;0;0;0;0;0;0;0;0;0;0;0;0;0;0;0;0;0;0;1;0
5;"Budynek po byłej Szkole Podstawowej, Ruda Wołoska ul. Szkolna 11, 22-600 Tomaszów Lubelski";61811;"gm. Tomaszów Lubelski";"tomaszowski";"lubelskie";1;1;1;1;0;0;3;0;0;2;0;0;0;0;1;0;0;0;0;1;0;0;1;1;0;0;5;4;1;1;3;0;0;0;0;0;3;0;0;0;6;0;0;0;0;0;0;1;0;3;9;0;0;1;0;0;0;0;0;0;1;0;0;0;0;0;0;0;0;0;0;0;0;1;6;1;24;2;63;0;6;0;0;0;8;0;0;0;0;0;1;0;0;0;1;0;0;2;14;1;2;0;1;0;2;1;0;1;0;1;0;0;1;0;0;4;2;1;0;0;1;1;7;12;4;1;0;2;0;0;7;0;0;0;0;0;0;3;1;2;0;0;0;0;0;3;1;0;1;1;0;0;0;0;0;0;0;0;0;2;0;0;0;0;0;1;0;1;0;0;0;0;0;0;0;0;0;1
6;"Wiejski Dom Kultury, Majdan Górny ul. Długa 136, 22-600 Tomaszów Lubelski";61811;"gm. Tomaszów Lubelski";"tomaszowski";"lubelskie";1;1;1;0;0;1;7;0;0;1;0;0;1;0;1;1;1;0;0;0;1;0;0;4;0;1;14;10;3;1;8;0;1;2;1;0;1;0;2;0;13;0;0;2;1;0;0;0;1;3;10;0;0;0;3;2;0;1;0;0;1;0;2;0;0;0;0;1;0;0;0;0;0;0;47;16;46;8;150;1;21;0;2;5;12;0;1;0;3;8;0;0;0;3;2;1;1;4;20;4;2;1;1;1;1;1;2;1;1;1;3;1;4;0;1;8;9;1;0;0;1;5;12;23;5;3;0;3;1;2;15;0;0;0;1;0;0;4;0;2;0;0;0;0;0;2;4;1;4;0;0;0;0;0;0;0;0;0;0;0;0;0;0;0;0;2;0;1;0;0;0;0;0;0;0;0;0;2
7;"Niepubliczna Szkoła Podstawowa, Jeziernia 110, 22-600 Tomaszów Lubelski";61811;"gm. Tomaszów Lubelski";"tomaszowski";"lubelskie";1;1;0;0;0;0;7;0;0;0;1;0;0;1;1;0;0;0;0;0;1;0;0;0;0;0;12;15;2;4;3;1;0;0;0;1;4;1;0;0;12;1;0;0;0;3;0;0;1;1;10;1;0;1;0;0;0;0;0;0;1;0;0;0;0;0;0;0;2;0;0;1;0;0;31;10;40;5;174;3;10;1;0;2;14;0;0;0;1;4;0;1;0;0;0;0;0;3;21;1;0;2;2;2;3;0;2;0;1;0;1;0;0;0;0;12;4;0;1;0;1;0;16;7;7;5;0;3;0;0;14;0;0;0;0;0;3;5;0;0;0;1;1;0;0;6;4;0;5;1;1;0;0;0;0;0;0;0;0;0;0;0;0;0;1;0;0;0;0;0;0;1;0;0;0;0;0;0
8;"Gminny Ośrodek Kultury, Podhorce 130, 22-600 Tomaszów Lubelski";61811;"gm. Tomaszów Lubelski";"tomaszowski";"lubelskie";1;1;0;0;2;0;6;0;0;1;0;0;0;0;0;0;1;1;0;1;0;0;0;1;0;1;9;6;1;1;3;0;2;0;0;0;1;0;1;0;9;0;0;1;0;1;0;0;0;0;5;2;0;1;2;0;0;0;0;0;0;1;0;1;0;0;0;0;0;0;0;0;0;1;24;11;42;4;191;0;6;1;0;0;11;0;0;1;0;4;0;0;0;1;0;0;2;3;15;3;8;1;3;2;2;3;0;1;0;0;1;1;0;0;1;5;4;0;0;1;1;1;6;7;3;0;1;0;1;1;3;0;1;0;0;0;0;6;0;1;0;0;0;0;0;3;6;1;4;1;1;1;0;0;0;0;0;0;0;1;0;0;0;0;0;0;0;0;0;0;0;0;0;0;0;0;0;0
9;"Szkoła Podstawowa, Typin 101, 22-600 Tomaszów Lubelski";61811;"gm. Tomaszów Lubelski";"tomaszowski";"lubelskie";1;1;0;0;0;0;4;0;0;0;0;1;0;0;0;0;0;0;0;0;0;0;0;0;0;0;0;1;1;2;1;0;1;0;0;0;0;0;0;1;7;0;0;0;0;0;0;0;0;0;3;1;0;0;0;0;0;1;0;0;0;0;1;0;0;1;0;0;0;0;0;0;0;0;6;1;15;1;50;0;18;2;1;4;1;2;0;2;1;0;0;0;0;0;0;0;1;1;5;0;0;0;1;0;0;0;0;1;0;1;0;0;0;0;1;0;1;0;0;0;0;0;1;3;4;0;0;0;0;1;2;0;0;0;0;0;1;2;0;0;0;0;0;1;0;0;1;0;3;0;0;0;0;0;0;0;0;0;0;0;0;0;0;0;0;0;0;0;0;0;0;0;0;0;0;0;0;0
10;"Szkoła Podstawowa, Szarowola 126, 22-600 Tomaszów Lubelski";61811;"gm. Tomaszów Lubelski";"tomaszowski";"lubelskie";1;1;0;0;0;0;3;1;0;0;0;1;0;0;0;1;0;0;0;0;0;1;0;0;1;0;16;10;0;3;3;0;3;0;0;0;0;0;0;0;6;0;0;1;0;0;0;0;0;2;2;0;0;0;1;1;0;2;0;0;0;0;0;0;0;0;0;0;0;0;0;0;0;0;24;13;18;2;145;3;29;0;0;2;2;0;0;0;0;0;0;0;0;0;1;0;0;1;12;1;1;1;1;2;2;0;1;0;0;0;0;0;0;1;0;1;1;1;0;0;0;1;8;3;3;1;0;1;0;1;4;0;0;1;0;0;0;2;0;0;0;0;1;0;0;2;5;0;1;0;0;0;0;0;0;0;0;2;0;1;0;0;0;0;1;0;0;0;0;0;0;0;0;0;0;0;0;0
11;"Niepubliczna Szkoła Podstawowa, Przeorsk 113, 22-600 Tomaszów Lubelski";61811;"gm. Tomaszów Lubelski";"tomaszowski";"lubelskie";1;1;0;0;0;0;5;0;2;0;0;0;0;0;0;0;0;0;0;0;0;0;0;0;1;0;8;3;1;1;0;0;0;1;0;1;0;0;1;0;8;0;0;0;0;0;0;1;1;3;5;0;0;0;0;0;0;0;0;0;0;0;0;0;0;0;0;0;0;0;0;0;0;0;29;6;17;7;59;0;10;1;0;3;6;0;2;1;0;1;0;0;0;0;1;0;0;2;6;0;0;0;1;0;1;1;1;2;0;1;0;0;1;0;0;1;1;0;0;0;0;1;2;2;0;0;0;0;0;0;4;0;1;0;0;0;0;0;0;1;0;0;0;0;0;0;1;0;1;0;0;0;0;0;0;0;0;0;0;0;0;0;0;1;0;0;0;0;0;0;0;0;0;0;0;0;0;0
12;"Świetlica Wiejska, Rogóźno ul. Wyzwolenia 100, 22-600 Tomaszów Lubelski";61811;"gm. Tomaszów Lubelski";"tomaszowski";"lubelskie";1;1;3;2;1;2;5;0;1;3;0;1;0;1;1;0;2;1;0;0;0;2;1;1;1;0;28;41;1;8;10;1;5;1;0;1;3;1;0;0;39;0;4;4;5;0;0;0;3;3;27;1;5;5;4;2;1;2;1;0;1;0;2;1;0;2;1;0;1;2;1;3;0;1;80;30;84;21;362;0;56;0;3;6;12;0;5;0;2;2;0;1;0;3;3;0;0;4;54;9;4;2;1;1;0;1;3;0;0;1;2;0;3;2;1;5;7;1;2;1;1;2;45;50;10;2;1;0;1;1;45;0;0;1;1;0;0;33;0;3;0;0;0;0;1;9;18;1;15;0;0;0;0;0;0;0;0;0;2;0;0;0;0;1;0;2;0;1;0;0;0;0;0;0;0;0;0;0
13;"Świetlica Wiejska, Rabinówka ul. Nowowiejska 208, 22-600 Tomaszów Lubelski";61811;"gm. Tomaszów Lubelski";"tomaszowski";"lubelskie";1;1;1;1;1;0;3;0;0;1;0;0;0;0;0;0;0;0;0;0;0;1;0;0;0;0;4;4;0;0;4;0;2;0;0;0;0;0;1;0;3;1;0;0;0;0;0;0;0;2;1;0;0;0;0;0;0;1;0;0;0;0;1;0;0;0;0;0;1;0;0;0;0;0;11;4;13;1;76;0;7;0;1;5;2;0;0;0;0;0;0;0;0;1;3;0;0;1;8;2;0;0;0;0;0;2;0;0;0;0;0;0;0;0;0;1;1;2;0;0;0;3;13;6;2;0;0;2;1;0;9;0;0;0;0;0;0;2;0;1;0;0;0;0;0;0;1;0;1;0;1;0;1;0;0;0;0;0;1;0;0;0;0;0;0;0;0;0;0;0;0;0;0;0;0;0;0;0
14;"Świetlica Środowiskowa, Majdanek 103, 22-600 Tomaszów Lubelski";61811;"gm. Tomaszów Lubelski";"tomaszowski";"lubelskie";1;1;2;1;0;1;1;0;0;1;0;0;0;0;0;0;1;0;0;0;1;0;0;0;0;0;5;0;1;0;1;0;0;0;0;0;0;0;2;1;3;0;0;0;0;0;0;0;0;0;2;0;0;1;0;0;0;0;0;1;0;0;0;0;0;0;0;0;0;0;0;0;0;0;3;1;4;0;53;1;1;0;0;0;1;0;0;0;0;2;0;0;0;0;1;0;0;0;4;1;1;1;0;1;0;0;0;0;0;0;0;0;0;0;0;5;0;1;0;0;0;1;0;2;1;1;0;0;0;2;2;0;0;0;0;0;1;6;0;0;0;0;0;0;0;0;6;1;0;0;0;0;1;0;0;0;0;0;0;0;0;0;0;0;0;0;0;0;0;0;0;0;0;0;0;0;0;0
1;"Zespół Szkolno-Przedszkolny w Tyszowcach, ul. Szkolna 2, 22-630 Tyszowce";61812;"gm. Tyszowce";"tomaszowski";"lubelskie";1;1;1;0;0;0;4;0;0;1;0;0;0;0;0;0;1;0;1;0;0;0;1;1;0;0;11;9;0;1;5;1;2;0;0;1;3;1;1;1;21;0;0;1;1;0;0;0;1;2;8;0;4;2;2;1;2;0;0;0;2;0;2;0;0;0;0;0;0;1;1;0;0;0;54;1;27;5;61;3;20;0;1;3;14;0;2;0;0;0;0;1;0;0;1;0;0;1;7;3;6;0;2;0;0;2;0;0;0;1;0;0;0;0;1;0;4;1;0;0;3;1;32;8;6;1;1;7;0;1;1;0;0;0;1;0;6;0;0;1;0;0;0;0;0;10;3;0;1;0;1;0;0;0;0;0;0;0;0;0;0;0;0;0;0;3;0;1;0;0;0;0;0;0;0;0;0;0
2;"Zespół Szkolno-Przedszkolny w Tyszowcach, ul. Szkolna 2, 22-630 Tyszowce";61812;"gm. Tyszowce";"tomaszowski";"lubelskie";1;1;1;0;2;0;3;0;0;0;0;0;0;0;1;0;1;1;0;0;0;0;1;2;0;1;17;6;4;1;8;1;0;0;1;2;3;1;1;0;9;0;1;0;0;0;0;0;1;2;13;1;1;2;1;1;0;0;0;0;1;0;1;0;0;0;0;0;0;0;0;0;0;0;91;2;37;4;85;0;17;1;2;2;13;0;1;0;2;1;0;0;0;3;3;0;3;1;19;3;5;0;0;2;1;3;0;0;0;0;0;0;1;0;0;4;1;0;1;0;1;4;19;12;7;2;0;2;2;2;1;0;0;1;1;0;4;1;1;2;0;0;0;0;0;11;0;0;1;1;2;1;1;0;0;0;0;0;1;0;0;0;0;0;1;0;1;0;0;0;0;0;0;0;0;0;0;0
3;"Zespół Szkolno-Przedszkolny w Tyszowcach, ul. Szkolna 2, 22-630 Tyszowce";61812;"gm. Tyszowce";"tomaszowski";"lubelskie";1;1;3;2;0;0;4;0;0;2;2;0;0;0;0;0;0;0;1;0;0;0;0;0;0;0;14;2;2;1;1;1;2;1;0;0;1;0;1;0;18;0;0;1;2;2;0;0;0;0;7;0;1;0;1;1;1;1;0;0;0;1;0;0;0;0;0;0;0;0;0;0;0;1;93;10;55;5;138;2;18;0;2;3;21;0;1;0;1;5;0;0;0;8;2;0;0;2;16;2;2;0;3;0;4;0;0;0;0;0;0;1;0;1;0;2;0;0;0;0;4;0;18;8;0;2;1;0;0;0;0;0;0;0;1;0;4;0;1;1;0;0;0;0;0;7;1;0;1;0;0;0;0;0;0;1;0;0;0;0;0;0;0;0;0;0;0;0;0;0;0;0;0;0;0;0;0;0
4;"Szkoła Podstawowa, Przewale 41A, 22-630 Tyszowce";61812;"gm. Tyszowce";"tomaszowski";"lubelskie";1;1;0;0;0;0;2;0;2;0;0;0;0;0;0;0;0;0;0;0;0;0;0;0;0;0;4;3;2;1;0;0;3;0;0;1;2;0;1;0;10;0;0;0;0;0;1;0;0;2;4;0;0;1;0;1;0;2;0;0;1;0;0;0;0;0;0;0;0;0;0;0;0;0;41;0;20;4;83;0;10;0;0;6;14;1;0;0;0;0;0;0;0;3;0;0;0;0;12;1;2;0;1;1;1;0;0;0;0;0;0;0;1;0;0;5;2;0;0;0;0;0;8;3;0;0;0;2;0;0;1;1;0;0;1;0;1;0;0;0;0;0;0;0;0;3;1;0;0;0;1;0;0;0;0;0;0;0;1;0;0;0;0;1;0;2;0;0;0;0;0;0;0;0;0;0;0;0
5;"Szkoła Podstawowa, Czartowczyk 43A, 22-630 Tyszowce";61812;"gm. Tyszowce";"tomaszowski";"lubelskie";1;1;2;1;0;0;1;0;0;0;0;1;0;0;0;0;0;0;0;0;0;0;0;0;0;0;3;2;1;0;1;0;0;0;0;0;0;0;0;0;1;0;0;0;0;0;0;0;0;0;2;0;0;0;0;0;0;0;0;0;1;0;1;0;0;0;0;1;0;0;0;0;0;0;25;0;29;2;38;0;12;0;0;3;11;0;3;3;0;2;0;0;0;3;0;0;0;1;5;1;1;1;0;0;0;0;4;0;0;0;0;1;0;0;0;0;2;0;1;0;0;0;6;0;0;0;0;1;0;0;0;0;0;0;2;0;0;0;0;0;0;0;0;0;0;2;6;0;0;0;0;0;0;0;0;0;0;0;0;0;0;0;0;0;0;0;0;0;0;0;0;0;0;0;0;0;0;1
6;"Budynek remizo-świetlicy, Kazimierówka 56, 22-630 Tyszowce";61812;"gm. Tyszowce";"tomaszowski";"lubelskie";1;1;2;0;0;0;0;0;0;0;0;0;0;0;0;0;0;0;0;0;0;0;0;0;0;1;10;6;0;0;2;1;1;0;0;0;0;0;1;0;11;0;0;0;0;0;0;0;1;1;9;1;0;1;0;1;0;0;0;0;1;0;1;1;0;0;0;0;0;0;1;0;0;2;76;1;32;1;44;1;10;0;0;1;7;0;0;2;0;4;0;0;0;13;0;0;1;2;8;2;2;0;0;0;0;1;0;0;0;0;0;0;0;0;0;1;0;0;0;0;0;0;4;1;1;0;0;0;0;0;1;0;0;1;0;1;0;3;1;0;0;0;0;0;1;3;0;0;0;2;0;0;0;0;0;0;0;0;0;0;0;0;0;0;0;0;1;0;0;1;0;0;0;0;0;0;0;1
7;"Budynek remizo-świetlicy, Perespa-Kolonia 21, 22-630 Tyszowce";61812;"gm. Tyszowce";"tomaszowski";"lubelskie";1;1;1;0;0;0;2;0;0;0;0;1;0;0;0;0;0;0;0;0;0;0;0;0;0;0;5;3;0;0;0;0;0;0;1;0;0;0;0;0;7;0;0;0;0;0;0;0;1;0;0;0;0;0;0;0;0;1;0;0;0;0;0;0;0;0;1;0;0;0;0;0;0;0;59;1;10;1;6;0;3;0;0;1;3;0;0;0;0;1;0;0;0;0;0;0;0;0;7;2;1;0;0;0;0;1;0;0;0;0;0;0;1;0;0;0;2;0;1;0;0;0;2;1;0;3;0;1;0;0;0;0;0;0;0;0;0;0;0;0;0;0;0;0;0;4;2;0;2;0;0;0;0;0;0;0;0;0;0;0;0;0;0;0;0;0;0;0;0;0;0;0;0;0;0;0;0;0
8;"Budynek remizo-świetlicy, Czartowiec 7, 22-630 Tyszowce";61812;"gm. Tyszowce";"tomaszowski";"lubelskie";1;1;0;0;0;0;2;0;0;0;0;0;1;0;0;0;0;0;0;0;0;0;0;0;0;0;2;0;0;0;0;0;0;0;0;0;1;0;0;0;8;0;0;0;0;0;0;0;0;1;0;0;0;0;0;1;0;0;0;0;0;0;0;0;0;0;0;0;0;0;0;0;0;0;29;5;22;6;58;1;7;0;0;1;14;0;2;4;0;4;0;0;0;1;1;0;0;0;1;0;4;1;1;1;0;0;0;0;0;0;0;0;0;0;1;0;0;0;0;0;1;0;1;0;0;0;0;0;0;1;0;0;0;0;0;0;0;0;0;0;0;0;0;0;0;0;0;0;0;0;0;0;1;0;0;0;0;0;0;0;0;0;0;0;0;0;0;0;0;0;0;0;0;0;0;0;0;0
9;"Dom Pomocy Społecznej, ul. Wielka 101, 22-630 Tyszowce";61812;"gm. Tyszowce";"tomaszowski";"lubelskie";1;1;1;0;0;0;1;0;0;0;0;0;0;0;0;0;0;0;0;0;0;0;0;0;0;0;0;0;0;0;0;0;0;0;0;0;0;0;0;0;0;0;0;0;0;0;0;0;0;0;0;0;0;0;0;0;0;0;0;0;0;0;0;0;0;0;0;0;0;0;0;0;0;0;6;0;2;0;58;2;0;0;0;1;0;0;0;0;0;0;1;0;0;0;0;0;0;0;0;0;0;0;0;0;0;0;0;0;0;0;0;0;0;0;1;4;0;0;0;0;0;0;0;0;0;0;0;0;0;0;0;0;0;0;0;0;0;0;0;0;0;0;0;0;0;0;0;0;0;0;0;0;0;0;0;0;0;0;0;0;0;0;0;0;0;0;0;0;0;0;0;0;0;0;0;0;0;0
1;"Gminne Przedszkole w Ulhówku, ul. Sadowa 3, 22-678 Ulhówek";61813;"gm. Ulhówek";"tomaszowski";"lubelskie";1;1;0;0;0;0;4;0;0;0;0;0;0;0;0;0;0;0;0;0;0;0;0;1;0;0;2;0;0;0;1;0;0;0;0;0;0;0;0;0;0;0;0;0;0;0;0;0;0;0;1;0;0;1;0;0;0;0;0;0;0;0;0;0;0;0;0;0;0;0;0;0;0;0;5;0;15;1;27;0;3;0;0;0;6;0;0;0;0;0;0;0;1;1;0;0;0;0;3;0;1;0;1;0;0;0;0;0;0;0;0;0;2;0;0;1;0;0;0;0;0;0;6;2;1;0;0;0;0;0;0;0;0;0;0;0;0;0;0;0;0;0;0;0;0;0;0;0;1;0;0;0;0;0;0;0;0;0;0;0;0;0;0;0;0;0;0;0;0;0;0;0;0;0;0;0;0;2
2;"Szkoła Podstawowa im. Stanisława Staszica, ul. Tomaszowska 138, 22-678 Ulhówek";61813;"gm. Ulhówek";"tomaszowski";"lubelskie";1;1;1;0;0;0;5;0;0;0;1;0;0;0;0;0;1;0;0;0;0;0;0;0;0;0;12;4;1;2;5;1;0;0;0;3;2;0;0;0;27;0;0;3;0;0;0;0;0;1;6;0;0;0;1;0;0;0;0;0;0;0;0;0;0;0;0;1;0;0;0;0;0;2;8;3;81;3;137;0;4;0;1;1;26;1;1;0;0;0;0;0;0;0;0;0;0;2;17;2;3;0;0;0;1;1;1;0;1;0;0;0;1;0;2;1;2;0;0;1;0;2;18;18;1;1;0;4;1;0;4;0;0;0;0;0;1;2;0;1;0;0;0;0;0;0;3;0;4;0;0;0;0;0;0;0;0;0;0;0;0;0;1;1;0;0;0;0;0;0;0;0;1;1;0;0;0;0
3;"Szkoła Podstawowa im. Orła Białego, Tarnoszyn 40, 22-678 Ulhówek";61813;"gm. Ulhówek";"tomaszowski";"lubelskie";1;1;3;0;0;1;8;0;0;1;0;0;0;0;0;0;0;0;0;0;0;0;0;0;1;0;7;7;3;1;1;1;0;0;0;4;1;1;0;0;13;1;0;0;1;0;0;0;0;1;2;0;0;0;2;0;1;0;0;0;1;0;0;1;0;0;0;1;0;1;0;0;0;0;7;0;74;2;83;0;9;0;2;0;10;0;0;0;0;2;0;0;0;3;0;0;0;1;5;1;1;0;1;1;0;1;0;0;0;0;1;0;1;0;1;0;6;0;0;2;0;0;11;4;3;0;1;0;0;1;1;0;0;0;0;0;3;2;0;0;0;0;1;0;1;1;3;0;0;0;3;2;0;0;0;0;0;0;0;0;0;0;0;0;0;2;0;0;0;0;0;0;0;0;0;0;0;0
4;"Świetlica Wiejska, Wasylów Wielki 15, 22-678 Ulhówek";61813;"gm. Ulhówek";"tomaszowski";"lubelskie";1;1;0;0;1;0;2;0;0;0;0;0;0;0;0;3;0;0;0;0;0;0;0;0;0;0;1;1;0;1;0;0;0;0;0;0;0;0;0;0;2;0;0;0;0;0;0;0;0;0;1;1;0;1;0;2;0;1;0;0;0;0;0;0;0;0;0;0;0;0;0;0;0;0;7;0;28;0;29;0;11;0;0;0;2;0;1;0;2;0;0;0;0;0;0;0;0;1;4;0;0;1;1;0;0;3;0;0;0;0;2;0;0;0;0;1;0;0;0;0;0;0;2;4;0;3;0;0;0;0;0;0;1;0;0;0;1;0;0;1;0;0;0;0;0;3;0;0;0;0;0;0;0;0;0;0;0;0;0;0;0;0;0;0;0;0;0;0;0;0;0;0;0;0;0;0;0;0
5;"Świetlica Wiejska, Budynin 50, 22-678 Ulhówek";61813;"gm. Ulhówek";"tomaszowski";"lubelskie";1;1;0;0;0;0;0;0;0;0;0;0;0;0;0;0;0;0;0;0;0;0;0;0;0;1;1;1;0;0;1;0;0;0;0;0;1;1;0;0;4;0;0;0;0;0;0;0;0;0;2;0;0;0;0;0;0;0;0;0;0;0;0;0;0;0;0;0;0;0;0;0;0;0;2;0;18;1;13;0;6;0;2;0;2;0;0;0;0;0;0;0;0;5;0;0;0;0;1;1;0;0;0;0;0;0;0;0;0;0;0;2;0;0;0;3;1;0;0;0;0;0;1;1;0;3;0;0;0;1;0;0;0;0;0;0;0;0;0;1;0;0;0;0;0;1;0;0;0;0;0;0;0;0;0;0;0;0;0;0;0;0;0;0;0;0;0;0;0;0;0;0;0;0;0;0;0;0
6;"Szkoła Podstawowa im. Artura Grottgera, Hubinek 19, 22-678 Ulhówek";61813;"gm. Ulhówek";"tomaszowski";"lubelskie";1;1;1;0;0;0;1;0;0;0;0;0;0;0;0;0;0;0;0;1;0;0;0;0;0;0;9;2;3;1;2;0;1;0;0;0;1;0;0;1;8;0;0;1;0;0;0;0;0;0;2;0;0;3;0;1;0;0;0;0;0;0;1;0;0;0;1;0;0;0;0;0;2;0;13;1;30;2;92;1;3;0;1;0;24;0;0;0;3;0;0;0;0;3;2;0;0;1;6;0;2;0;3;0;1;0;0;0;0;1;0;0;0;0;0;3;0;0;0;0;0;2;9;3;0;0;0;1;0;1;0;0;0;0;0;0;3;0;0;0;0;0;0;0;0;1;3;0;0;0;0;0;0;0;0;0;0;0;0;1;0;0;0;0;0;0;0;0;0;0;0;0;0;0;0;0;0;0
7;"Remizo-Świetlica, Żerniki 82, 22-678 Ulhówek";61813;"gm. Ulhówek";"tomaszowski";"lubelskie";1;1;0;0;0;0;5;0;0;1;0;0;0;0;0;0;0;0;0;0;0;0;0;0;0;0;3;1;0;0;0;0;1;0;0;0;0;0;0;0;5;0;0;0;0;0;0;0;0;0;1;0;0;0;0;1;0;0;0;0;0;0;0;0;0;0;0;0;0;0;0;0;0;0;7;0;14;1;29;0;1;0;0;2;24;0;0;0;0;0;0;0;0;6;0;0;0;1;1;0;3;0;1;1;0;1;0;0;0;0;0;0;0;0;0;3;0;0;0;0;0;0;2;2;0;1;0;1;0;1;3;0;0;0;0;0;3;0;0;0;0;0;0;0;0;4;1;0;0;0;0;0;0;0;0;0;0;0;0;0;0;0;0;0;0;0;0;0;0;0;0;0;0;0;0;0;0;0
8;"Świetlica Wiejska, Rzeplin 60, 22-678 Ulhówek";61813;"gm. Ulhówek";"tomaszowski";"lubelskie";1;1;1;0;0;0;6;0;0;0;0;0;0;0;0;0;0;0;0;0;0;0;0;1;0;0;4;2;0;0;1;0;1;0;1;0;3;0;0;0;1;0;0;0;0;0;0;0;0;0;1;1;0;0;0;0;0;0;0;0;0;0;0;0;0;0;0;0;0;0;0;0;0;0;2;2;20;0;31;0;2;1;0;3;9;0;0;1;0;4;0;0;0;0;0;0;0;0;4;2;0;1;0;2;0;2;0;0;0;0;0;0;0;0;0;1;1;0;0;0;1;0;0;3;0;1;0;0;0;0;0;0;0;0;0;0;0;0;0;0;0;0;0;0;0;1;0;0;0;0;0;0;0;0;0;0;0;0;0;0;0;0;0;0;0;0;0;0;0;0;0;0;0;0;0;0;0;0
9;"Remizo-Świetlica, Korczmin 39, 22-678 Ulhówek";61813;"gm. Ulhówek";"tomaszowski";"lubelskie";1;1;0;1;0;0;2;0;0;0;0;1;0;0;0;0;0;0;0;0;0;0;0;0;0;0;6;4;0;0;1;1;0;0;0;1;1;0;1;0;2;0;0;0;0;0;0;0;0;0;3;0;0;0;0;0;0;0;2;0;0;0;0;0;0;0;0;0;0;0;0;0;0;0;3;0;42;1;46;0;5;0;1;0;6;0;0;0;1;2;0;0;0;2;0;0;0;0;4;2;1;0;0;0;0;0;0;0;0;0;0;5;1;0;0;1;1;0;0;0;2;0;3;5;0;0;1;1;0;0;0;0;0;0;0;0;0;0;0;0;0;0;0;0;0;1;1;0;0;0;0;0;0;0;0;0;0;0;0;0;0;0;0;0;0;0;0;0;0;0;0;0;0;0;0;0;0;0
10;"Świetlica Wiejska, Rzeczyca 12, 22-678 Ulhówek";61813;"gm. Ulhówek";"tomaszowski";"lubelskie";1;1;0;1;0;0;3;0;0;0;0;0;0;0;0;0;0;0;1;0;2;0;0;0;0;0;3;1;0;0;0;0;0;0;0;0;0;0;0;0;11;0;0;0;0;0;1;0;0;0;2;0;0;0;0;0;0;0;0;0;0;0;0;0;0;0;0;0;0;0;0;0;0;0;1;0;13;0;22;0;0;0;0;0;5;0;0;0;0;2;0;1;0;2;0;0;0;0;6;2;0;0;0;1;0;0;0;0;0;0;0;0;2;0;0;0;0;0;1;0;0;1;2;1;0;0;0;1;0;0;0;0;1;0;0;0;0;0;0;0;0;0;0;0;0;1;0;0;0;0;0;0;0;0;0;0;0;0;0;0;0;0;0;0;0;0;0;0;0;0;0;0;0;0;0;0;0;0
1;"Sala gimnastyczna Zespołu Szkół Zawodowych i II LO we Włodawie, ul. Modrzewskiego 24, 22-200 Włodawa";61901;"m. Włodawa";"włodawski";"lubelskie";1;1;3;1;0;0;0;1;0;0;0;1;1;0;2;2;0;0;0;0;1;0;1;5;1;0;52;25;18;124;4;10;0;1;0;1;1;1;4;1;0;0;0;0;0;2;0;0;5;3;52;6;4;11;4;0;0;0;8;0;2;0;1;42;0;1;0;2;1;0;1;0;1;0;152;90;35;86;7;37;27;1;22;5;6;0;2;1;2;1;2;0;1;0;3;0;2;36;46;6;9;1;1;1;5;2;1;2;0;0;6;1;0;2;0;0;3;0;3;0;1;5;206;27;24;3;3;3;0;0;1;2;0;0;1;2;3;1;3;3;0;0;0;39;0;5;11;9;1;2;0;0;1;0;1;0;6;2;0;0;1;1;0;0;1;1;0;0;0;0;0;1;0;0;2;0;1;0
2;"Sala konferencyjna Urząd Miejski, ul. Aleja Józefa Piłsudskiego 41, 22-200 Włodawa";61901;"m. Włodawa";"włodawski";"lubelskie";1;1;2;0;0;0;0;0;0;1;0;1;0;0;0;1;1;0;0;0;0;0;1;1;2;0;26;14;10;121;3;0;0;0;5;1;0;2;0;0;1;0;0;0;0;0;2;0;6;4;31;3;0;5;0;1;0;1;22;0;1;1;0;41;0;0;0;0;1;0;0;0;0;0;107;61;37;88;1;48;34;0;13;2;4;0;2;0;0;0;1;3;0;1;4;0;0;25;22;4;4;0;0;0;1;1;2;0;0;2;0;0;1;0;0;0;3;0;1;0;0;1;200;10;21;1;1;2;1;3;2;0;0;1;0;1;2;2;2;2;0;3;0;33;0;1;3;2;1;1;0;1;0;1;1;0;0;0;0;0;1;0;1;0;0;2;1;0;1;0;0;0;0;0;0;0;0;0
3;"Lokal świetlicy Szkoła Podstawowa nr 2, ul. Kopernika 3, 22-200 Włodawa";61901;"m. Włodawa";"włodawski";"lubelskie";1;1;6;2;0;2;1;0;1;0;0;2;0;1;2;1;1;0;2;0;1;0;1;2;1;1;32;11;15;163;5;1;3;1;0;1;4;5;3;1;1;0;0;1;3;0;3;0;5;6;42;4;0;10;2;2;0;1;14;0;1;0;4;46;0;0;1;0;0;0;0;1;0;2;142;70;41;123;4;37;27;0;22;5;2;0;1;0;2;0;3;2;0;2;8;1;6;34;56;2;24;1;0;0;5;2;0;0;2;1;0;2;0;0;0;0;2;0;1;1;0;2;211;16;30;2;3;4;0;1;0;2;1;2;0;1;2;1;1;0;0;0;0;37;0;3;8;10;0;2;0;0;0;0;0;0;6;2;0;0;3;0;0;0;0;3;0;0;0;0;0;0;0;0;0;0;0;1
4;"Lokal holu Miejska Biblioteka Publiczna, ul. Przechodnia 13, 22-200 Włodawa";61901;"m. Włodawa";"włodawski";"lubelskie";1;1;5;1;1;0;2;1;0;0;2;1;0;0;0;1;0;0;0;0;0;0;0;1;2;3;19;11;6;80;5;1;2;1;0;0;0;1;0;1;0;1;0;0;0;0;2;0;3;1;29;3;3;4;2;3;1;1;19;1;1;0;2;48;0;1;1;2;0;0;1;1;0;0;129;61;30;104;4;31;27;0;4;1;1;0;5;0;1;2;1;0;0;1;1;1;0;30;28;3;4;0;1;1;2;0;3;1;0;0;0;1;0;2;0;0;2;0;2;0;0;1;173;13;21;0;5;8;1;4;0;1;0;1;0;0;0;0;1;3;0;0;0;33;0;3;2;4;0;0;1;0;0;0;0;0;0;0;0;0;0;0;1;0;1;2;0;0;0;0;0;1;0;0;0;0;0;0
5;"Lokal holu Szkoła Podstawowa Nr 3, ul. Prof. Zbigniewa Sierpińskiego 4, 22-200 Włodawa";61901;"m. Włodawa";"włodawski";"lubelskie";1;1;1;2;2;0;0;0;0;1;0;0;0;1;0;1;0;0;0;0;0;0;0;2;0;1;37;21;16;119;10;0;2;0;2;3;3;0;1;0;1;0;0;0;0;0;3;1;8;2;49;6;3;5;1;3;1;1;20;1;0;0;1;37;1;0;0;2;0;0;0;0;0;2;151;67;31;104;0;39;36;0;18;5;6;0;0;0;0;2;3;1;2;1;2;0;3;34;45;6;6;0;1;2;3;1;3;1;0;4;3;1;2;1;0;0;3;0;2;0;0;0;230;29;34;1;7;6;1;2;1;1;1;0;0;1;2;0;1;4;0;0;0;61;2;4;14;4;5;0;0;0;2;1;0;0;1;1;1;0;0;0;0;0;0;1;0;1;1;0;0;1;0;0;0;0;0;0
6;"Świetlica Zakład Karny, ul. Żołnierzy WiN 19, 22-200 Włodawa";61901;"m. Włodawa";"włodawski";"lubelskie";1;1;1;0;0;0;0;0;1;0;0;1;0;0;0;2;0;0;0;0;1;0;0;1;0;0;15;2;2;5;7;1;2;2;3;1;3;0;2;0;1;2;0;2;0;3;0;1;0;5;13;1;0;0;0;1;0;2;1;1;1;0;0;1;3;0;0;0;0;0;1;0;0;0;13;0;1;4;2;5;2;0;0;2;0;1;1;0;0;2;0;0;0;1;1;0;2;0;12;4;3;0;0;0;0;1;2;0;1;0;0;0;1;1;1;0;1;1;0;0;0;0;118;33;10;9;12;33;2;7;10;6;5;0;2;2;4;5;0;17;1;4;0;5;0;2;1;0;0;0;0;0;0;0;0;0;0;0;0;0;0;0;0;0;0;1;0;0;0;0;0;0;0;0;0;0;1;0
7;"Świetlica SP ZOZ Szpital we Włodawie, ul. Aleja Józefa Piłsudskiego 64, 22-200 Włodawa";61901;"m. Włodawa";"włodawski";"lubelskie";1;1;0;0;0;0;0;0;0;0;0;0;0;0;0;0;0;0;0;0;0;0;0;0;0;0;2;1;0;2;0;0;0;0;0;1;0;0;0;0;1;0;0;0;0;0;0;0;1;0;0;0;0;0;0;1;0;0;0;0;0;0;0;3;0;0;0;0;0;0;0;0;0;0;14;3;4;8;2;4;1;0;1;0;0;0;0;0;0;1;0;1;0;0;0;0;1;0;1;0;0;0;0;0;1;0;0;0;0;0;0;0;0;0;0;0;0;0;0;0;0;0;3;4;2;0;1;0;0;0;0;0;0;0;0;0;0;0;0;0;0;0;0;1;0;0;0;0;0;0;0;0;1;0;0;0;0;0;0;0;0;0;0;0;0;0;0;0;0;0;0;0;0;0;0;0;0;0
1;"Gminny Ośrodek Kultury i Sportu, ul. Dworska 4, 22-220 Hanna";61902;"gm. Hanna";"włodawski";"lubelskie";1;1;4;1;0;0;1;0;0;0;0;1;1;0;0;0;0;0;0;0;2;0;0;0;0;1;20;1;14;27;3;2;1;1;2;1;2;2;1;0;0;0;0;0;0;0;1;0;0;3;17;3;0;7;2;2;1;1;3;0;0;0;2;5;0;0;0;0;0;0;1;0;0;2;85;11;27;33;4;51;15;0;11;1;1;1;2;1;3;0;1;2;1;3;1;1;0;3;17;3;5;0;2;2;4;0;1;0;0;3;1;2;0;1;0;0;2;2;2;0;0;4;37;2;2;1;2;1;0;0;2;0;0;0;0;0;0;3;0;0;0;0;0;4;0;13;6;0;0;1;0;2;1;2;0;0;0;1;0;0;0;0;0;0;0;0;0;1;0;0;0;0;0;0;0;0;0;0
2;"Wiejski Dom Kultury, Dołhobrody 85B, 22-220 Hanna";61902;"gm. Hanna";"włodawski";"lubelskie";1;1;2;0;0;0;0;0;0;0;0;0;0;0;0;0;0;0;0;0;0;0;0;1;0;0;9;2;4;16;5;1;1;0;0;1;0;0;0;0;0;0;0;0;0;0;0;1;0;1;3;1;0;4;1;0;0;0;0;0;0;1;0;4;0;0;0;0;0;0;0;0;0;1;42;0;33;19;1;19;6;0;10;0;2;1;0;0;0;0;0;4;0;0;0;0;0;5;13;3;2;1;1;1;1;0;0;0;1;0;0;0;1;0;0;0;1;0;0;0;1;2;18;2;1;1;3;0;0;0;0;0;0;0;0;0;0;0;0;0;0;0;0;0;0;1;2;1;1;1;1;0;0;0;0;0;0;0;0;0;0;0;0;0;0;0;0;0;0;0;0;0;0;0;0;0;0;0
3;"Szkoła Podstawowa, Dańce 100, 22-220 Hanna";61902;"gm. Hanna";"włodawski";"lubelskie";1;1;0;0;0;0;1;0;0;0;0;2;0;0;0;0;0;0;0;0;0;0;0;0;0;0;5;0;0;2;0;0;0;0;1;0;0;0;0;0;0;0;0;0;0;0;0;0;0;1;1;0;0;2;0;0;1;0;0;0;0;0;1;0;0;0;0;0;0;0;0;0;0;0;25;4;6;6;1;18;4;0;3;0;0;0;1;0;1;0;0;1;0;0;0;0;0;1;3;2;2;0;1;0;0;0;1;1;0;0;0;1;1;0;0;1;0;0;0;1;0;0;26;1;6;0;0;0;0;0;0;0;0;0;0;0;0;0;0;0;0;0;1;0;0;0;0;0;0;0;0;0;0;0;0;0;1;0;0;0;0;0;0;0;0;0;0;0;0;0;0;0;0;0;0;0;0;0
4;"Szkoła Podstawowa, Zaświatycze 46, 22-220 Hanna";61902;"gm. Hanna";"włodawski";"lubelskie";1;1;0;0;0;0;0;0;0;0;0;0;0;0;0;1;1;0;0;0;0;0;0;1;0;0;10;0;9;8;0;1;1;1;1;0;0;1;0;0;0;0;0;0;0;0;1;0;2;3;2;0;0;2;0;0;0;0;0;0;0;0;1;0;0;0;0;1;1;0;0;0;0;0;37;7;22;27;0;20;6;1;1;1;0;0;0;0;0;0;0;0;1;0;0;0;0;6;14;3;4;0;0;1;1;0;0;0;0;0;0;1;1;0;1;0;0;0;0;0;1;1;20;2;1;1;1;0;1;0;0;0;0;0;0;0;0;0;0;0;0;0;0;2;0;10;4;1;1;0;0;0;2;0;0;0;0;0;0;0;0;0;0;0;0;0;0;1;1;0;0;0;0;0;0;0;0;0
5;"Szkoła Podstawowa, Holeszów 119/14, 22-220 Hanna";61902;"gm. Hanna";"włodawski";"lubelskie";1;1;2;0;0;0;1;0;0;0;0;0;0;0;0;0;1;0;0;0;0;0;0;0;0;0;6;0;5;6;1;0;0;0;1;0;1;0;0;0;1;0;0;1;0;1;0;1;1;0;6;1;0;2;0;1;0;0;0;0;0;0;0;1;0;0;0;0;0;0;0;0;0;0;18;1;4;6;2;15;5;1;3;1;0;0;0;0;0;1;0;1;1;1;2;0;1;2;10;0;0;0;0;0;0;0;0;0;0;1;0;0;0;0;0;0;1;0;0;0;0;0;31;3;4;0;1;0;0;0;0;0;0;0;0;0;2;1;0;0;0;0;0;0;0;2;1;2;1;1;0;0;0;1;1;0;0;0;1;0;0;0;0;0;0;1;0;1;2;0;0;0;0;1;0;0;0;0
1;"Dom Kultury w Dubecznie, Dubeczno ul. Szkolna 5, 22-235 Hańsk Pierwszy";61903;"gm. Hańsk";"włodawski";"lubelskie";1;1;0;0;0;0;2;0;0;0;0;1;0;0;0;0;0;0;0;1;0;1;0;2;0;0;24;8;3;26;0;2;2;0;1;1;0;0;3;0;1;0;0;0;1;0;2;0;1;2;17;2;2;1;1;2;0;0;0;1;3;0;0;1;0;0;0;0;1;0;0;0;0;1;76;46;15;26;9;8;28;1;2;0;0;0;0;0;2;2;0;0;0;1;1;2;1;5;4;1;4;0;0;0;0;0;1;0;0;1;0;0;0;0;0;1;0;0;0;0;0;2;50;5;1;1;0;1;0;1;1;0;0;0;0;0;0;0;0;0;0;0;0;3;0;1;6;0;1;0;1;0;0;0;0;0;0;0;0;0;0;0;0;1;0;1;0;0;0;0;0;0;0;0;0;0;0;0
2;"Świetlica w Osowie, Osowa 55, 22-235 Hańsk Pierwszy";61903;"gm. Hańsk";"włodawski";"lubelskie";1;1;0;2;0;0;0;0;0;0;0;0;0;0;0;0;0;0;0;0;0;0;2;0;0;0;10;1;2;8;2;0;0;0;0;0;1;1;2;0;0;0;0;0;0;0;0;0;12;0;2;1;0;0;0;1;0;0;0;0;0;0;0;0;0;0;0;0;0;0;0;0;0;0;26;10;3;5;2;2;63;0;3;0;0;1;0;0;0;0;0;0;1;0;0;1;1;6;3;0;2;0;0;0;0;0;0;0;0;0;1;0;0;0;0;0;0;0;0;0;0;0;20;0;0;1;0;0;0;1;1;0;0;0;0;0;0;0;0;0;0;1;0;2;0;0;0;0;1;0;0;0;0;1;1;0;0;0;0;0;0;0;0;0;0;1;0;0;0;0;0;0;0;0;0;0;0;0
3;"Gminny Ośrodek Kultury, ul. Osiedlowa 6, 22-235 Hańsk Pierwszy";61903;"gm. Hańsk";"włodawski";"lubelskie";1;1;6;1;0;0;4;0;1;0;0;0;0;0;1;2;0;0;0;1;1;0;0;3;1;0;50;4;17;22;6;2;1;0;3;0;2;0;3;1;0;1;0;3;3;0;5;0;8;4;16;4;0;2;1;5;0;0;3;0;2;0;2;8;0;1;1;1;0;0;1;1;2;2;106;56;29;32;10;23;75;2;30;2;0;0;0;0;1;1;2;0;3;0;0;0;3;34;31;2;6;1;0;1;0;2;1;1;0;2;0;2;1;0;0;2;2;0;4;0;0;2;72;3;3;0;1;1;1;0;1;0;0;1;0;0;2;1;0;1;0;0;0;11;0;3;2;4;1;1;0;0;1;0;0;0;0;2;0;1;0;0;1;0;0;1;0;0;0;0;0;0;0;0;0;0;0;0
4;"Świetlica w Kulczynie, Kulczyn 68, 22-235 Hańsk Pierwszy";61903;"gm. Hańsk";"włodawski";"lubelskie";1;1;2;0;0;1;0;0;0;0;0;2;0;0;0;1;0;0;0;0;1;0;0;0;0;0;18;0;6;2;4;0;2;1;1;0;1;0;1;1;0;0;0;0;0;0;0;0;0;0;6;4;0;2;0;1;0;0;0;0;1;0;0;0;0;0;0;0;0;0;0;0;0;0;19;30;15;10;4;2;12;1;2;0;0;0;0;0;0;1;1;0;0;0;0;0;2;8;4;0;4;0;0;0;0;0;1;0;0;0;1;0;0;1;0;0;1;0;0;0;0;1;15;3;2;0;0;1;0;0;0;0;0;0;0;1;0;0;1;1;0;1;0;11;0;0;3;1;1;0;0;1;0;1;0;0;0;2;0;1;0;0;0;0;0;0;0;0;0;0;0;0;0;0;1;0;0;0
1;"Centrum Kultury, Sportu i Rekreacji, Stary Brus 34, 22-244 Stary Brus";61904;"gm. Stary Brus";"włodawski";"lubelskie";1;1;0;0;0;1;0;0;0;0;0;0;0;0;1;0;1;0;0;0;0;0;0;0;0;0;20;6;9;14;7;1;2;0;0;0;2;1;0;0;0;0;0;0;0;0;0;0;5;4;12;1;0;1;0;1;1;1;3;1;2;1;0;2;0;1;0;0;0;1;0;0;0;0;79;36;14;69;3;4;19;2;34;2;2;0;1;0;1;0;0;2;0;3;0;0;1;17;16;0;3;0;0;0;2;2;0;0;1;9;0;0;0;0;2;0;1;0;2;1;1;0;48;5;0;4;1;1;1;0;2;0;0;1;0;0;0;0;2;0;0;0;1;0;1;0;4;0;0;0;1;0;0;0;0;0;0;1;1;0;0;0;0;1;0;0;1;0;0;0;1;0;0;0;0;0;0;0
2;"Remiza OSP, Wołoskowola 60, 22-244 Stary Brus";61904;"gm. Stary Brus";"włodawski";"lubelskie";1;1;2;0;0;1;0;0;1;0;0;1;0;1;0;0;1;0;0;0;0;0;0;1;0;0;5;0;5;4;1;0;1;0;0;1;1;0;1;0;0;0;0;0;0;1;0;1;1;1;1;1;0;1;1;5;0;0;2;0;2;0;1;0;0;1;0;0;0;0;0;1;0;1;60;13;15;17;1;2;6;1;11;2;0;0;0;0;0;1;1;7;0;0;0;0;0;19;5;4;2;0;1;0;2;0;0;0;3;1;0;1;0;0;0;0;2;0;0;0;0;1;12;4;1;0;0;0;0;0;0;0;0;0;0;0;0;0;0;0;0;0;1;3;0;0;2;0;0;0;0;0;0;0;0;0;0;0;0;0;0;0;0;0;0;0;0;0;0;0;0;1;0;0;0;0;0;0
3;"Remiza OSP, Hola 24, 22-244 Stary Brus";61904;"gm. Stary Brus";"włodawski";"lubelskie";1;1;0;0;0;0;0;0;0;0;0;0;0;0;0;0;0;0;0;0;0;0;0;0;0;0;4;0;6;2;1;0;1;0;0;0;0;0;0;0;0;0;0;0;1;0;0;0;0;0;2;2;1;1;0;0;0;0;0;0;0;0;0;0;0;1;0;0;0;1;0;0;0;0;14;14;5;7;2;0;7;0;1;0;0;0;0;0;0;0;0;0;0;1;0;0;0;2;0;0;0;0;0;0;0;0;0;0;0;0;0;0;0;0;0;0;0;0;0;0;0;0;11;4;0;0;0;1;0;0;0;0;0;0;0;0;0;0;0;0;0;0;0;4;1;0;0;0;0;0;0;0;0;0;0;0;0;0;0;0;0;0;0;0;0;0;0;0;0;0;0;0;0;0;0;0;0;0
4;"Świetlica wiejska, Dominiczyn 40, 22-244 Stary Brus";61904;"gm. Stary Brus";"włodawski";"lubelskie";1;1;1;0;0;0;0;0;0;0;0;0;0;0;0;0;0;0;0;0;1;0;0;0;0;0;10;0;4;4;2;0;1;0;0;0;0;0;0;0;0;0;0;0;0;0;0;0;0;1;3;0;0;0;0;0;0;1;0;0;0;0;0;0;0;0;0;0;0;0;0;0;0;0;21;28;5;50;0;3;12;0;2;1;0;0;0;0;0;0;0;0;0;0;0;0;1;1;1;1;4;1;0;0;0;0;0;0;0;1;1;0;0;0;1;0;1;0;0;0;0;1;11;0;0;1;0;0;0;1;1;0;0;0;0;0;0;0;0;0;0;0;0;0;0;2;0;1;0;0;0;0;0;0;0;0;0;0;0;0;0;0;1;0;0;0;0;1;0;0;1;0;0;0;0;1;0;0
1;"Budynek Szkoły Podstawowej, Wytyczno 143, 22-234 Urszulin";61905;"gm. Urszulin";"włodawski";"lubelskie";1;1;0;2;0;0;0;0;2;0;0;0;0;0;1;0;0;0;0;0;0;0;0;0;0;0;26;0;13;11;7;0;0;0;1;0;0;1;2;0;0;0;0;1;1;0;0;0;2;0;7;2;1;0;2;1;1;0;0;0;1;0;1;1;0;0;0;0;1;0;0;0;0;0;49;36;9;21;1;9;8;0;5;2;1;1;0;0;0;0;0;5;0;2;1;0;3;7;8;1;0;0;1;0;0;0;0;0;0;2;0;0;0;0;0;0;0;0;0;0;0;0;22;1;0;0;0;1;0;0;0;0;0;0;0;0;0;0;2;0;0;0;1;0;0;0;3;1;0;0;0;0;0;1;0;0;0;0;0;2;0;0;0;0;1;0;0;0;0;0;0;0;0;0;1;0;0;0
2;"Budynek Zespołu Szkół w Urszulinie (Szkoła Podstawowa), ul. Szkolna 23, 22-234 Urszulin";61905;"gm. Urszulin";"włodawski";"lubelskie";1;1;1;1;0;1;0;0;1;1;0;1;0;0;0;0;1;0;0;0;0;2;0;1;1;0;40;9;10;5;14;0;2;0;1;3;1;1;1;0;1;2;0;1;0;0;1;0;3;2;17;0;2;2;3;1;0;2;0;0;2;0;3;1;0;0;2;0;0;0;0;0;0;1;76;58;20;42;3;12;6;1;32;2;2;0;0;0;0;2;1;5;0;3;3;0;1;17;37;6;3;2;0;4;4;1;1;0;0;12;1;1;3;0;0;0;2;0;1;2;0;2;95;7;8;0;1;2;0;0;0;1;1;0;1;0;3;1;11;2;0;1;0;21;0;0;16;1;0;2;1;0;0;0;1;0;1;0;0;0;0;0;1;1;0;0;2;0;0;0;0;0;0;1;0;0;1;0
3;"Świetlica wiejska, Wereszczyn 40, 22-234 Urszulin";61905;"gm. Urszulin";"włodawski";"lubelskie";1;1;1;0;0;0;0;0;0;0;0;0;0;0;0;0;0;0;0;0;1;0;0;0;0;0;18;1;6;5;1;0;0;0;0;0;0;1;0;0;0;0;0;0;0;0;0;0;0;1;5;0;0;0;0;0;0;0;0;0;0;0;0;0;0;0;0;0;0;0;0;0;0;0;51;56;2;6;1;0;4;0;6;0;1;0;1;2;0;0;0;3;1;0;2;0;0;5;7;1;1;1;0;0;0;1;0;0;0;1;0;1;0;0;0;0;0;1;0;0;1;1;13;0;0;0;0;0;0;0;0;0;0;0;0;0;0;0;2;0;0;0;0;5;0;0;7;1;0;0;3;0;0;1;0;0;0;1;0;0;0;0;0;0;0;3;0;0;0;0;0;0;0;0;0;0;0;1
4;"Świetlica wiejska, Wola Wereszczyńska 2A, 22-234 Urszulin";61905;"gm. Urszulin";"włodawski";"lubelskie";1;1;1;0;0;1;0;0;2;0;1;0;2;0;0;0;0;0;0;0;0;0;0;2;0;0;11;5;2;5;3;1;2;0;1;0;1;0;2;0;0;0;0;0;1;0;1;0;1;1;4;0;0;2;0;0;0;1;0;0;0;0;0;0;0;0;0;0;0;0;0;0;0;0;52;47;13;20;4;7;5;3;3;6;1;2;2;1;2;3;0;2;0;2;2;0;1;10;10;1;1;0;0;0;0;2;0;0;0;7;0;0;0;0;0;1;0;0;1;0;0;0;11;1;0;0;0;1;0;0;0;0;0;0;0;0;0;2;0;0;0;0;0;3;0;0;5;5;0;0;0;0;0;0;0;0;0;0;0;0;0;1;0;0;0;0;0;0;1;0;1;0;0;0;0;0;0;0
5;"Gminna Biblioteka Publiczna w Urszulinie, ul. Lubelska 31, 22-234 Urszulin";61905;"gm. Urszulin";"włodawski";"lubelskie";1;1;0;0;3;0;2;0;2;0;0;2;0;0;0;0;1;0;1;0;2;0;0;1;3;0;35;6;18;6;4;2;1;1;1;1;0;0;1;0;1;1;0;1;0;0;1;0;2;3;14;1;2;4;3;2;0;0;1;0;1;0;1;1;0;0;0;0;0;0;0;0;0;0;131;127;23;53;5;11;22;4;18;3;0;1;2;0;0;4;0;3;0;8;5;0;3;19;37;3;6;2;1;1;2;1;3;0;0;1;2;2;1;0;0;0;3;3;2;0;1;2;61;7;0;1;0;0;2;2;1;0;3;0;0;0;0;0;10;0;0;0;0;16;1;1;5;3;4;1;0;0;0;0;0;0;0;0;1;0;0;0;2;0;0;2;0;0;0;0;0;0;0;0;0;1;1;1
1;"Świetlica wiejska w Okunince, Okuninka ul. Leśniczówka 1, 22-200 Włodawa";61906;"gm. Włodawa";"włodawski";"lubelskie";1;1;0;0;0;1;0;0;0;0;0;0;0;0;0;0;0;0;0;0;0;0;0;0;0;0;13;5;2;23;4;4;0;0;0;0;0;0;0;1;0;0;1;0;0;0;0;0;2;1;5;0;1;2;0;0;0;0;0;0;1;0;0;8;1;1;1;0;0;0;1;1;0;0;55;10;5;17;3;12;22;0;9;1;1;0;0;0;0;0;0;1;0;0;1;1;0;9;13;0;5;0;0;0;0;0;0;0;0;0;0;0;0;0;0;0;0;0;0;0;0;0;51;2;15;0;0;1;0;1;0;0;0;0;0;0;0;0;0;0;0;0;0;5;0;1;4;1;1;0;0;0;0;1;0;0;3;0;0;0;0;0;1;0;0;0;0;0;0;0;0;0;0;0;0;0;1;0
2;"Świetlica wiejska w Susznie, Suszno ul. Poleska 4, 22-200 Włodawa";61906;"gm. Włodawa";"włodawski";"lubelskie";1;1;2;0;0;1;0;0;0;0;2;1;0;0;2;0;0;0;0;0;0;1;1;2;0;1;23;28;5;61;8;4;1;0;2;0;0;0;0;0;0;0;0;0;1;0;3;0;8;1;14;0;0;2;1;2;0;1;16;0;0;0;1;11;0;0;0;0;2;0;0;0;0;1;73;29;12;58;5;26;15;0;15;3;6;1;1;0;2;0;0;4;1;1;0;0;1;19;38;2;18;1;1;1;1;2;1;1;0;2;1;1;0;1;1;0;3;1;0;0;0;4;106;6;8;1;5;1;0;0;0;0;0;0;1;0;1;0;0;3;0;1;0;20;0;2;11;5;2;1;0;0;1;0;2;1;4;0;0;0;0;0;0;0;0;1;0;0;0;1;0;0;0;0;1;0;0;1
3;"Świetlica wiejska w Żukowie, Żuków 27, 22-200 Włodawa";61906;"gm. Włodawa";"włodawski";"lubelskie";1;1;1;0;0;0;0;0;0;0;0;1;0;0;0;0;0;0;0;0;0;1;0;0;0;1;7;7;6;10;0;0;0;1;0;1;0;0;0;1;0;0;0;0;0;0;0;0;1;0;5;1;0;1;0;0;0;1;1;0;0;0;0;5;0;0;2;0;0;0;1;0;0;0;35;13;8;25;2;13;6;1;1;1;0;1;0;0;0;1;1;0;0;0;0;0;1;4;9;0;2;0;2;0;1;0;0;0;0;2;0;0;1;1;0;1;0;1;0;0;0;0;16;1;2;0;0;0;0;0;0;0;0;0;0;0;0;0;1;0;0;0;0;3;0;0;1;0;0;0;1;0;0;0;0;0;1;0;0;0;0;0;0;0;0;2;0;0;0;0;0;0;0;0;0;0;0;0
4;"Szkoła Podstawowa w Różance, Różanka ul. Róży Marii Zamoyskiej 1, 22-200 Włodawa";61906;"gm. Włodawa";"włodawski";"lubelskie";1;1;1;1;0;0;0;0;1;1;0;0;0;0;0;0;0;0;2;0;0;0;0;0;1;0;16;1;3;24;3;0;2;0;0;0;0;1;1;0;0;0;0;0;0;1;0;0;1;1;7;1;0;1;1;0;0;0;2;0;0;0;0;3;0;1;0;0;1;0;0;0;0;0;30;10;8;6;0;9;5;0;3;0;1;0;0;0;0;0;0;1;0;0;0;1;1;7;5;1;2;0;0;0;0;0;1;0;0;0;0;0;0;0;1;0;0;0;0;0;1;0;21;3;11;0;1;2;0;0;0;0;0;1;0;0;0;0;0;0;0;0;0;9;0;1;7;1;1;0;0;0;0;0;0;0;0;0;0;0;0;0;1;0;0;0;0;0;0;0;0;0;0;0;1;0;0;0
5;"Świetlica szkolna Szkoły Podstawowej, Różanka ul. Róży Marii Zamoyskiej 1, 22-200 Włodawa";61906;"gm. Włodawa";"włodawski";"lubelskie";1;1;1;0;0;0;1;0;0;0;0;0;0;0;0;0;0;0;0;0;0;0;1;0;0;0;10;0;0;9;0;1;0;0;0;0;0;0;0;0;0;0;0;0;0;0;0;0;0;0;3;1;1;1;0;0;0;0;0;0;2;0;0;1;0;0;1;1;0;0;0;0;0;0;16;1;3;3;1;5;3;0;1;0;0;0;0;1;0;0;0;1;0;1;1;0;0;4;5;0;0;0;0;0;0;0;0;0;0;0;0;0;0;0;0;0;0;0;0;0;0;1;15;1;0;1;2;0;0;0;0;0;0;1;0;0;0;0;0;0;0;0;0;3;0;2;2;0;1;0;0;0;0;0;0;0;0;0;0;0;0;0;0;0;0;0;0;0;0;0;0;0;0;0;0;0;0;0
6;"Świetlica wiejska, Korolówka-Osada 12A, 22-200 Włodawa";61906;"gm. Włodawa";"włodawski";"lubelskie";1;1;1;1;1;0;0;0;0;0;0;0;0;0;1;0;0;0;0;0;0;0;0;0;0;0;7;1;9;10;0;0;0;0;2;0;0;0;0;0;0;0;0;0;0;1;0;0;1;0;1;0;0;1;0;0;0;1;0;0;0;0;1;0;0;0;0;0;0;0;0;0;0;0;12;4;7;8;2;9;2;0;2;0;1;2;1;0;0;2;0;0;0;0;1;0;0;5;5;1;3;0;0;0;0;0;0;0;0;0;0;1;0;0;0;0;1;0;0;0;0;0;15;1;0;0;0;0;0;0;0;0;0;0;0;0;1;0;0;0;0;0;0;2;0;0;0;1;0;0;0;0;0;0;0;0;2;0;0;0;0;0;0;0;0;0;0;0;0;0;0;0;0;0;0;0;0;0
7;"Świetlica wiejska w Sobiborze, Sobibór 39 A, 22-200 Włodawa";61906;"gm. Włodawa";"włodawski";"lubelskie";1;1;2;0;0;0;0;0;0;1;0;1;0;0;0;0;0;0;0;0;0;0;0;0;0;0;10;3;0;12;2;0;2;0;0;0;0;0;0;0;0;0;0;0;0;0;0;0;2;0;6;0;2;0;0;0;1;0;1;0;1;0;0;0;0;0;0;0;1;0;0;0;0;0;20;4;2;23;1;1;25;0;6;0;0;2;1;1;0;1;0;0;0;0;0;0;0;10;2;0;2;0;0;0;0;0;0;0;0;1;0;0;0;0;0;0;1;0;0;0;0;0;20;3;6;1;0;1;1;0;1;0;0;0;0;0;0;0;0;0;0;0;0;5;0;0;0;4;0;0;0;0;0;1;0;0;0;0;0;0;0;0;0;0;1;0;0;0;0;0;0;0;0;0;0;0;0;0
8;"Szkoła Podstawowa w Orchówku, Orchówek ul. Szkolna 35, 22-200 Włodawa";61906;"gm. Włodawa";"włodawski";"lubelskie";1;1;2;2;0;0;2;0;1;0;0;2;0;0;0;0;0;0;0;0;0;0;0;1;1;1;26;5;3;40;2;0;1;0;0;2;1;0;1;0;0;2;0;0;1;1;1;0;3;0;8;2;0;0;0;0;1;0;4;0;1;0;1;13;0;0;1;1;0;0;1;0;1;1;64;32;13;27;0;7;10;3;7;1;0;0;1;0;0;0;0;0;0;1;0;0;1;30;17;6;4;1;0;0;3;2;0;1;0;0;3;0;3;1;0;1;3;0;2;0;0;1;86;1;4;2;0;2;1;2;0;0;0;0;0;0;0;0;0;2;2;1;1;21;1;1;9;0;1;2;0;0;0;0;0;1;0;0;0;0;0;0;1;1;0;0;0;3;0;1;0;1;0;0;0;0;0;0
9;"Świetlica wiejska w Korolówce, Korolówka 84a, 22-200 Włodawa";61906;"gm. Włodawa";"włodawski";"lubelskie";1;1;0;1;0;0;0;0;0;0;0;0;0;0;0;0;0;0;0;0;1;0;1;0;0;0;17;2;0;15;1;0;2;0;0;0;0;1;1;0;0;0;1;0;0;0;0;0;2;0;10;1;0;1;0;1;0;0;1;0;1;0;0;4;0;0;0;0;1;0;0;0;0;0;22;14;8;17;3;4;8;0;10;0;0;0;0;0;0;1;0;0;0;1;0;0;0;5;8;1;4;0;0;0;0;1;0;0;0;0;0;0;0;1;0;1;0;0;1;0;0;1;11;1;0;0;1;0;0;1;0;0;0;1;1;0;0;0;0;0;0;0;0;6;1;0;1;2;0;1;0;0;0;0;0;0;2;0;0;0;0;0;0;0;0;0;0;0;0;0;0;0;0;0;0;0;1;1
10;"Świetlica Wiejska, Stawki 19A, 22-200 Włodawa";61906;"gm. Włodawa";"włodawski";"lubelskie";1;1;0;0;0;1;0;0;0;0;0;0;0;0;0;0;0;0;0;1;0;0;0;0;0;0;12;1;3;4;0;0;1;0;0;0;0;0;0;0;2;0;0;0;0;1;0;0;1;1;3;0;0;0;0;1;0;0;0;0;0;0;0;5;0;0;0;0;0;0;0;0;0;0;9;5;15;12;0;8;2;1;2;0;1;0;0;0;0;0;0;0;0;1;0;0;0;2;2;0;3;0;0;0;1;0;0;0;0;1;0;0;0;0;0;0;1;0;0;0;0;1;12;1;2;0;0;0;0;0;0;0;0;0;0;0;0;0;1;0;0;0;0;3;0;0;0;0;1;0;0;0;0;2;0;0;0;0;0;0;0;0;0;0;0;0;0;0;0;0;0;0;0;0;0;0;0;0
11;"Świetlica Wiejska, Szuminka 36A, 22-200 Włodawa";61906;"gm. Włodawa";"włodawski";"lubelskie";1;1;1;0;0;1;0;0;0;0;0;0;0;0;0;0;0;0;0;0;0;0;0;0;0;1;2;0;5;13;0;0;0;0;0;0;0;0;0;0;0;0;0;0;1;0;0;0;0;1;3;0;0;0;0;0;0;0;1;0;0;0;0;0;0;0;0;0;0;0;0;0;0;0;17;4;3;19;1;6;7;0;9;1;0;1;0;0;1;0;0;0;0;0;1;0;0;3;3;1;3;0;0;0;0;0;0;0;0;0;0;0;0;0;0;0;0;0;1;0;0;1;9;1;2;1;0;0;0;0;0;0;0;0;0;0;0;0;0;0;0;0;0;1;0;0;0;0;0;0;0;0;0;0;0;0;0;0;0;0;0;0;0;0;0;0;0;0;0;0;0;0;0;0;0;0;0;0
12;"Dom Pomocy Społecznej, Różanka ul. Parkowa 14, 22-200 Włodawa";61906;"gm. Włodawa";"włodawski";"lubelskie";1;1;0;1;0;0;1;1;1;0;0;1;0;0;1;0;0;0;0;0;0;0;0;0;0;0;1;0;0;2;0;0;0;0;0;1;2;0;0;0;0;0;0;0;0;0;0;0;0;0;0;0;0;1;0;0;0;0;0;0;0;1;0;0;0;0;1;0;1;0;0;0;0;0;25;3;2;3;3;4;3;1;1;1;0;2;0;0;0;0;2;0;1;0;1;0;1;1;3;0;0;0;1;0;0;0;0;0;0;0;0;0;0;0;0;0;0;0;0;0;0;0;2;0;0;0;1;0;0;0;0;0;1;0;0;1;0;0;0;0;0;0;0;0;0;0;0;1;0;1;0;0;0;0;0;0;0;0;0;0;0;0;1;0;0;1;0;0;0;0;0;0;0;0;0;0;0;1
1;"Świetlica, Uhrusk 46, 22-230 Wola Uhruska";61907;"gm. Wola Uhruska";"włodawski";"lubelskie";1;1;0;0;0;0;1;0;0;0;1;0;1;0;0;0;0;0;1;0;0;0;0;0;1;0;4;0;2;0;1;0;1;0;0;0;0;1;0;0;0;0;0;0;0;0;0;0;50;0;4;0;1;0;0;0;0;0;0;0;0;0;0;0;0;0;0;0;0;0;0;0;0;0;43;5;10;2;0;0;14;0;19;0;0;1;1;0;0;2;1;0;0;0;0;0;2;26;3;3;1;1;0;1;0;0;0;0;0;0;0;0;0;0;0;0;1;0;0;1;0;1;32;0;0;0;0;0;0;0;1;0;0;0;0;0;1;0;0;0;0;0;0;0;0;1;1;0;1;0;0;0;1;0;0;0;0;0;0;0;0;0;1;0;0;1;0;0;0;0;0;0;0;1;0;0;0;0
2;"Urząd Gminy Wola Uhruska, ul. Parkowa 5, 22-230 Wola Uhruska";61907;"gm. Wola Uhruska";"włodawski";"lubelskie";1;1;1;1;0;0;0;0;0;0;0;1;0;0;0;0;0;0;0;0;0;0;0;0;1;0;5;4;1;4;4;0;0;1;0;0;0;0;0;0;0;0;0;0;0;0;1;1;35;1;7;1;1;0;0;0;0;0;0;0;0;0;0;0;0;0;0;0;0;0;0;0;0;0;64;7;3;7;0;7;12;0;23;0;0;0;1;0;1;0;2;1;0;0;0;0;1;37;13;1;7;0;1;2;0;1;1;0;0;1;0;0;1;0;0;0;1;0;0;0;0;0;52;5;0;1;0;0;0;0;0;0;0;0;0;0;0;0;0;1;0;1;0;1;0;0;0;0;0;0;0;0;0;0;0;0;0;0;0;0;0;0;0;0;0;1;0;1;0;0;0;2;0;0;0;0;0;0
3;"Zespół Szkół, ul. Gimnazjalna 34, 22-230 Wola Uhruska";61907;"gm. Wola Uhruska";"włodawski";"lubelskie";1;1;0;0;0;0;0;0;0;1;0;0;0;0;0;0;1;0;0;0;0;0;0;0;0;0;3;1;2;1;0;1;1;0;0;0;2;0;0;0;0;1;0;0;0;0;0;0;25;1;4;1;1;1;0;0;0;0;0;0;1;0;1;0;0;2;0;1;0;0;0;0;1;0;30;17;8;4;0;6;17;0;15;0;1;0;2;0;1;0;1;0;0;0;0;0;1;43;4;3;1;0;0;1;0;0;0;0;0;1;0;2;0;1;0;0;0;0;0;0;0;0;49;0;1;1;0;0;0;1;0;1;0;0;0;0;0;0;0;0;0;0;0;5;0;0;3;1;0;0;0;0;0;0;0;0;0;0;0;1;0;0;0;0;0;2;0;0;0;0;0;1;0;0;0;0;0;0
4;"Ośrodek ""Pompka"", ul. Turystyczna 5, 22-230 Wola Uhruska";61907;"gm. Wola Uhruska";"włodawski";"lubelskie";1;1;0;0;0;0;0;0;0;0;0;0;0;0;0;0;0;0;0;0;0;1;0;0;1;0;4;0;1;1;0;2;0;1;0;0;0;0;0;0;0;0;0;0;0;0;0;0;24;2;2;0;0;2;0;0;0;0;1;0;1;0;0;0;0;0;0;0;1;0;0;0;0;0;30;13;4;10;1;6;14;0;5;0;0;0;0;0;0;0;0;0;0;0;0;0;1;25;10;0;1;1;0;0;0;0;0;0;0;0;0;0;0;1;0;0;0;0;0;0;0;0;41;1;2;0;0;0;0;0;0;0;0;0;0;0;0;0;0;0;0;0;1;3;0;0;0;0;0;0;0;0;0;0;0;0;0;0;0;0;0;0;0;0;0;1;0;0;0;0;0;1;0;0;0;0;0;0
5;"Świetlica, Stulno 89, 22-230 Wola Uhruska";61907;"gm. Wola Uhruska";"włodawski";"lubelskie";1;1;0;0;0;0;1;0;0;0;0;0;0;0;1;0;0;0;1;0;0;0;0;0;0;0;1;0;1;1;0;0;0;0;0;0;1;0;0;0;0;0;0;0;0;0;0;0;17;2;13;0;0;4;0;0;0;0;0;0;0;0;0;0;0;0;0;0;0;0;4;1;0;0;59;11;9;31;0;1;31;0;8;1;0;0;0;0;0;0;0;1;1;0;0;0;1;10;10;1;2;0;1;0;0;0;0;0;0;4;0;0;0;0;0;1;0;0;0;0;0;1;27;1;0;0;0;0;0;1;0;0;0;0;0;0;0;0;0;2;0;0;0;4;0;0;2;2;0;0;0;0;0;0;0;0;0;0;0;0;0;0;1;0;0;1;0;0;0;0;0;0;0;0;0;0;0;0
6;"Świetlica, Piaski 27, 22-230 Wola Uhruska";61907;"gm. Wola Uhruska";"włodawski";"lubelskie";1;1;0;0;0;0;0;0;0;0;0;0;0;0;0;1;0;0;0;0;0;0;0;1;0;0;3;0;1;0;1;1;0;0;0;1;0;0;1;0;0;0;0;0;0;0;0;0;12;0;3;0;0;1;0;1;0;0;3;0;0;0;0;0;0;0;0;0;0;0;0;0;0;0;35;13;6;6;1;0;17;1;8;0;0;0;1;0;0;0;0;0;0;1;0;0;4;17;4;1;2;0;1;0;0;0;0;0;0;0;0;0;0;0;0;0;0;0;0;0;0;0;36;0;0;0;0;0;0;0;0;0;0;0;0;0;0;1;0;0;0;0;0;0;0;1;1;0;0;0;1;0;0;0;0;0;0;0;0;0;1;0;0;1;0;0;0;0;0;0;0;0;0;0;0;0;0;0
7;"Świetlica, Siedliszcze 68B, 22-230 Wola Uhruska";61907;"gm. Wola Uhruska";"włodawski";"lubelskie";1;1;0;0;0;0;0;0;0;1;2;0;0;0;0;0;0;0;0;0;0;0;0;0;0;0;8;0;0;3;1;1;0;0;0;0;0;0;0;1;0;0;0;0;0;0;0;0;11;0;1;1;0;1;0;0;0;0;0;0;0;0;0;0;0;0;1;0;0;0;1;0;0;0;18;0;3;0;0;0;11;0;10;0;0;0;0;1;0;0;0;0;0;0;0;0;0;12;2;1;0;0;0;0;0;0;0;0;1;0;0;1;0;0;0;0;0;0;0;0;0;3;14;1;0;0;0;1;0;3;0;0;0;0;0;0;0;0;0;0;0;0;0;0;0;0;5;1;0;0;0;0;0;0;0;0;0;0;0;0;0;0;0;0;0;0;0;1;0;0;0;0;0;0;0;0;0;0
8;"Świetlica, Bytyń 86, 22-230 Wola Uhruska";61907;"gm. Wola Uhruska";"włodawski";"lubelskie";1;1;2;0;0;0;0;0;0;1;0;0;0;0;0;0;0;0;0;0;0;0;0;0;0;1;5;1;5;1;0;0;0;0;1;0;1;0;0;0;0;0;0;0;0;0;0;0;17;0;1;0;0;0;0;0;0;0;1;0;0;0;0;0;0;0;0;0;0;0;0;0;0;0;32;3;4;10;0;0;9;0;8;0;1;0;0;0;1;0;1;0;0;3;0;0;0;17;7;0;1;1;1;1;0;1;0;0;0;1;0;2;0;0;0;0;1;0;0;0;0;0;18;2;1;0;0;1;0;1;0;0;0;0;0;0;0;0;0;0;0;1;0;0;0;0;0;1;0;0;0;0;0;0;0;0;0;0;0;0;0;0;0;0;0;0;0;0;0;0;0;3;0;0;0;0;0;0
1;"Urząd Gminy w Wyrykach, Wyryki-Połód 154, 22-205 Wyryki";61908;"gm. Wyryki";"włodawski";"lubelskie";1;1;6;2;0;1;0;0;0;1;0;0;1;2;0;0;0;0;0;0;1;1;0;1;0;0;15;8;9;16;2;1;1;1;1;0;2;2;1;0;1;0;1;0;0;0;0;0;2;0;8;1;0;1;0;1;0;2;1;0;1;0;0;2;1;1;0;1;0;0;0;0;0;0;72;49;13;17;4;7;71;3;6;0;0;0;2;1;1;0;1;1;0;1;1;0;2;11;28;1;7;2;0;2;3;1;1;0;0;2;0;0;0;0;0;0;3;0;0;0;0;3;33;2;3;0;5;2;0;1;0;0;0;0;0;0;0;0;2;0;0;0;0;2;0;1;1;0;0;0;0;0;1;1;0;0;2;0;0;1;0;0;0;0;0;0;0;0;0;0;0;0;0;0;0;0;0;0
2;"Świetlica wiejska w Suchawie, Suchawa 8B, 22-200 Włodawa";61908;"gm. Wyryki";"włodawski";"lubelskie";1;1;0;1;0;1;0;0;0;0;0;0;0;0;0;0;0;0;0;0;0;0;1;1;0;0;3;1;1;13;0;0;0;0;0;0;0;0;0;0;0;0;0;0;1;0;0;0;0;0;2;0;0;0;0;0;0;0;0;0;0;0;0;2;0;0;0;0;0;0;0;0;0;0;21;6;6;8;1;3;14;0;1;1;0;0;0;0;0;0;0;1;0;0;1;2;1;4;6;0;1;0;0;1;1;0;0;0;0;0;0;0;0;0;0;0;1;0;1;0;0;1;8;1;1;1;0;0;0;0;0;0;0;0;0;0;0;0;0;0;0;0;0;1;0;0;1;0;2;0;0;0;0;0;0;0;0;0;0;0;0;0;0;0;0;0;0;0;0;0;0;0;0;0;0;0;0;0
3;"Świetlica wiejska w Lubieniu, Lubień 99A, 22-205 Wyryki";61908;"gm. Wyryki";"włodawski";"lubelskie";1;1;0;0;0;0;0;0;0;0;0;0;0;0;0;0;0;0;0;0;0;0;0;0;1;0;1;0;1;4;0;0;0;0;1;2;1;0;0;0;0;0;0;0;1;0;1;0;0;0;1;0;0;1;1;0;0;0;0;0;0;0;1;0;0;0;0;0;0;0;0;0;0;0;11;12;3;13;1;3;7;0;0;0;0;0;0;0;0;0;0;0;0;0;0;0;0;2;4;0;1;0;0;0;1;0;0;0;0;2;1;0;0;0;0;0;0;0;0;0;0;2;2;1;0;0;0;0;0;0;0;0;0;0;0;0;0;0;0;0;0;0;0;3;0;0;2;0;0;0;0;0;0;0;0;0;0;0;0;0;0;0;0;0;0;0;0;0;0;0;0;0;0;0;0;0;0;0
4;"Filia Gminnej Biblioteki Publicznej w Horostycie, Horostyta 51, 22-205 Wyryki";61908;"gm. Wyryki";"włodawski";"lubelskie";1;1;0;0;0;0;0;0;0;0;0;0;0;0;0;0;0;0;0;0;0;0;0;1;0;0;6;2;6;9;0;0;1;0;2;0;0;1;0;0;0;0;0;0;0;0;4;0;0;1;5;0;1;0;0;0;0;0;0;0;0;0;0;1;0;0;0;0;0;0;0;0;0;0;17;13;13;9;0;2;8;0;0;0;0;0;1;0;0;2;0;1;0;0;0;0;0;1;1;1;0;0;0;0;0;0;0;0;0;0;0;1;0;0;0;0;0;0;1;0;0;0;20;0;7;2;1;2;0;0;0;1;0;0;0;0;1;0;2;0;0;0;0;4;0;0;0;1;1;0;1;1;1;0;0;1;4;0;0;0;0;0;0;0;0;0;0;0;0;0;0;0;0;0;0;0;0;0
5;"Szkoła Podstawowa w Kaplonosach, Kaplonosy 73, 22-205 Wyryki";61908;"gm. Wyryki";"włodawski";"lubelskie";1;1;1;0;0;0;0;0;0;0;0;1;0;0;0;0;0;0;0;0;0;0;0;0;0;0;8;3;4;13;2;0;0;0;0;0;0;0;0;0;0;0;0;0;0;1;1;0;1;0;0;0;0;3;0;0;1;0;0;0;0;0;0;0;0;0;0;0;0;0;0;0;0;0;21;12;5;19;1;6;9;1;3;0;0;0;0;0;0;0;0;0;1;2;0;0;1;1;6;0;1;1;0;0;0;0;0;0;0;1;0;0;0;0;0;0;0;0;1;0;0;1;11;2;1;0;2;0;0;0;0;0;0;0;0;0;1;0;5;0;0;0;1;1;0;0;0;1;0;0;0;0;0;0;0;0;0;0;1;0;0;0;0;0;0;0;0;0;0;0;0;0;0;0;0;0;0;0
6;"Świetlica OSP w Zahajkach, Zahajki 11, 22-205 Wyryki";61908;"gm. Wyryki";"włodawski";"lubelskie";1;1;0;0;0;0;0;0;0;0;0;0;0;0;0;1;0;0;0;0;0;0;0;2;0;0;2;2;1;2;2;0;0;0;1;0;0;0;1;0;0;0;0;0;0;0;1;0;1;0;4;0;0;2;0;0;0;0;0;0;0;0;0;0;0;0;0;0;0;0;0;0;0;0;23;12;6;6;0;3;6;1;1;1;0;0;0;0;0;0;0;0;0;0;0;0;0;4;3;3;1;1;0;1;0;1;0;0;0;0;1;0;0;0;0;0;0;0;0;2;0;0;12;1;0;0;0;2;0;0;0;0;0;0;0;0;0;1;0;1;0;0;0;1;0;0;1;1;0;0;1;0;0;0;0;0;0;0;0;0;0;0;0;0;0;0;0;0;0;0;0;0;0;0;0;0;0;0
7;"Samodzielny Publiczny Zakład Opieki Zdrowotnej Gruźlicy i Chorób Płuc, Adampol 37, 22-200 Włodawa";61908;"gm. Wyryki";"włodawski";"lubelskie";1;1;0;0;0;0;0;0;0;0;0;0;0;0;0;0;0;0;0;0;0;0;0;0;0;0;1;0;0;0;1;0;0;0;0;0;1;0;0;0;0;0;0;0;0;0;0;0;0;0;0;0;0;0;0;0;0;0;0;0;0;0;0;0;0;0;0;0;0;0;0;0;0;0;3;0;2;1;0;0;0;0;1;0;0;0;0;0;1;1;0;0;0;1;0;0;0;1;0;0;0;0;0;0;0;0;0;0;0;0;0;0;0;0;0;0;0;0;0;0;0;0;1;0;0;0;0;0;0;0;0;0;0;0;0;0;0;0;0;0;0;0;0;0;0;0;0;0;0;0;0;0;0;0;0;0;0;0;0;0;0;0;0;0;0;0;0;0;0;0;0;0;0;0;0;0;0;0
1;"Urząd Gminy, Adamów 11b, 22-442 Adamów";62001;"gm. Adamów";"zamojski";"lubelskie";1;1;1;0;0;4;1;2;1;2;0;0;0;0;0;1;4;0;0;0;0;0;0;1;1;0;8;18;2;0;6;0;2;0;2;0;1;1;1;2;0;0;0;0;0;0;1;0;1;1;18;7;1;1;0;1;1;0;1;2;1;1;2;0;0;0;0;0;0;0;0;0;0;0;41;13;128;7;3;0;89;1;5;2;57;1;1;4;0;8;2;1;7;7;2;0;2;2;28;6;6;2;2;2;3;0;1;0;0;1;0;2;3;0;0;6;2;1;0;0;0;1;15;7;5;18;2;4;0;12;1;4;0;0;1;0;0;0;0;1;0;0;0;0;0;2;23;2;3;0;0;0;1;0;0;1;0;0;0;0;0;0;1;0;0;1;0;1;0;0;3;0;0;3;1;0;1;0
2;"Świetlica wiejska, Rachodoszcze 100, 22-442 Adamów";62001;"gm. Adamów";"zamojski";"lubelskie";1;1;2;0;0;13;0;0;0;0;2;0;0;0;0;0;1;0;0;0;1;1;0;0;0;0;6;17;1;1;1;0;1;0;1;0;0;0;0;0;0;1;0;0;0;0;0;0;0;1;1;0;0;0;0;0;1;0;1;0;0;0;0;0;0;1;0;1;0;0;0;0;0;0;15;1;54;3;3;0;20;1;1;1;74;0;0;1;0;3;0;0;1;7;0;0;0;0;9;0;1;0;0;1;0;1;1;0;0;1;0;0;0;0;0;0;0;0;0;0;0;0;10;2;2;0;1;1;0;2;1;0;0;0;0;0;0;0;0;0;0;0;0;0;0;1;2;0;0;0;0;0;0;0;0;0;0;0;0;0;0;0;0;0;0;1;0;0;0;0;0;0;0;0;1;0;0;0
3;"Szkoła Podstawowa, Szewnia Górna 21A, 22-442 Adamów";62001;"gm. Adamów";"zamojski";"lubelskie";1;1;0;0;0;0;0;0;0;0;0;0;0;0;0;0;0;0;0;0;0;0;0;1;1;0;15;8;1;2;4;0;1;0;0;0;1;0;1;1;1;0;0;0;0;0;1;0;0;1;14;0;0;0;1;0;1;2;0;0;0;1;1;0;1;0;0;0;0;0;1;0;1;0;20;3;37;7;10;1;22;0;2;3;15;1;0;12;1;2;0;0;10;4;0;0;0;5;7;1;0;0;0;1;1;0;0;0;0;0;0;0;0;0;2;1;0;1;0;1;0;0;9;7;3;10;1;3;0;6;0;0;0;0;0;0;2;0;0;1;0;0;1;0;0;0;5;1;0;0;0;0;0;0;0;0;0;0;0;0;0;0;0;0;0;0;0;0;0;0;0;0;0;0;0;0;0;0
4;"Budynek byłej Szkoły Podstawowej, Bondyrz 77A, 22-442 Adamów";62001;"gm. Adamów";"zamojski";"lubelskie";1;1;3;1;0;2;0;1;0;0;0;1;1;0;0;0;0;0;0;0;0;0;0;0;0;0;8;5;1;4;3;0;2;0;0;3;1;0;0;5;2;0;0;1;0;1;1;0;2;0;6;0;1;0;0;1;0;0;0;0;3;0;0;0;0;0;0;1;0;0;0;0;1;0;26;2;56;6;7;0;81;0;0;3;24;0;0;0;0;4;1;0;0;6;0;0;0;2;10;4;6;1;1;0;0;0;0;0;0;0;0;0;1;0;0;2;0;0;0;0;0;0;15;10;13;0;0;6;0;5;1;1;0;0;0;1;1;1;0;0;0;0;1;0;0;1;16;0;1;0;0;0;0;0;0;0;0;0;1;0;0;0;0;0;0;0;1;0;0;1;1;0;0;2;0;0;0;0
5;"Szkoła Podstawowa, Suchowola 238, 22-442 Adamów";62001;"gm. Adamów";"zamojski";"lubelskie";1;1;0;0;0;8;0;0;0;1;0;0;0;0;0;0;0;0;0;0;0;0;1;0;0;0;12;24;0;1;2;0;5;1;2;0;2;0;2;0;3;0;0;1;0;0;0;0;0;4;6;0;1;1;1;0;0;0;0;0;0;0;1;0;0;0;0;0;0;0;0;0;0;1;21;3;87;4;3;1;91;1;1;2;94;0;0;2;0;5;0;0;6;11;0;0;3;4;16;4;1;0;4;0;2;0;1;0;0;0;0;0;1;0;1;0;0;0;0;0;0;0;15;3;2;2;0;0;1;1;0;0;1;1;1;0;1;2;0;3;0;0;0;0;0;0;12;1;0;0;0;0;0;0;0;0;0;0;1;0;0;0;0;0;0;0;0;0;0;0;0;0;0;1;0;0;0;1
6;"Remiza OSP, Feliksówka 38, 22-442 Adamów";62001;"gm. Adamów";"zamojski";"lubelskie";1;1;0;1;0;9;0;0;0;0;0;0;0;0;0;0;0;0;0;0;0;0;0;0;0;0;3;4;4;0;0;0;1;0;0;0;0;0;0;0;0;0;0;0;0;0;0;0;0;0;5;0;0;0;0;0;0;0;0;0;0;0;0;1;0;0;0;1;0;0;0;0;0;0;5;2;19;0;0;0;15;0;0;0;37;0;0;3;0;0;0;0;0;2;0;0;1;0;3;1;0;1;0;1;0;0;0;0;0;0;0;0;0;0;1;0;0;0;0;0;0;0;1;0;0;0;1;4;0;1;0;0;0;0;1;0;0;0;0;1;0;0;0;0;0;0;2;0;0;0;0;0;0;0;0;0;0;0;0;0;0;0;0;0;0;0;0;0;0;0;0;0;0;0;0;0;0;0
7;"Świetlica wiejska, Suchowola-Kolonia 58A, 22-442 Adamów";62001;"gm. Adamów";"zamojski";"lubelskie";1;1;1;1;0;7;2;0;1;0;0;0;0;0;1;0;0;0;0;0;0;0;0;0;0;0;2;5;0;0;0;0;0;0;0;0;0;0;0;0;0;0;0;0;1;0;0;0;0;0;0;0;0;0;0;0;0;0;0;0;0;0;0;0;0;0;0;0;0;0;0;0;0;0;14;4;20;2;3;1;21;0;1;0;22;0;0;5;0;1;0;0;5;0;0;0;0;3;9;0;1;0;0;0;1;1;1;0;0;0;0;0;0;0;0;0;0;1;1;0;0;0;10;4;0;0;1;0;0;0;0;1;0;0;0;0;0;0;1;1;0;0;1;0;0;1;1;2;1;0;0;0;0;0;0;0;0;0;0;0;0;0;0;0;0;0;0;0;0;0;0;0;0;0;0;0;0;0
1;"Zespół Szkół, ul. Wojsławska 1, 22-425 Grabowiec";62002;"gm. Grabowiec";"zamojski";"lubelskie";1;1;2;0;2;1;1;1;0;0;0;0;0;0;0;0;1;1;0;0;0;0;0;0;0;0;16;17;2;0;2;0;2;0;0;0;0;3;0;3;0;1;0;0;1;0;0;0;0;0;11;1;2;0;2;1;6;0;0;0;0;0;0;0;0;1;0;1;0;0;0;0;0;0;48;13;102;17;13;2;22;11;0;1;65;0;2;37;11;7;1;0;1;11;0;0;0;5;20;6;4;6;2;4;2;0;1;0;0;1;1;2;3;1;2;1;1;0;0;0;0;1;35;9;7;6;1;3;0;5;1;0;1;1;0;0;0;0;0;4;0;0;1;0;0;2;2;2;0;1;2;1;0;0;0;0;0;1;0;1;0;0;0;0;0;1;0;0;0;0;1;0;0;0;0;0;0;0
2;"Gminny Ośrodek Kultury, ul. Rynek 6, 22-425 Grabowiec";62002;"gm. Grabowiec";"zamojski";"lubelskie";1;1;1;0;0;0;2;1;0;0;0;0;0;0;0;0;0;0;0;0;0;0;0;0;0;0;11;11;0;0;2;1;1;0;0;0;0;0;0;0;0;0;0;2;1;2;0;0;0;2;1;1;0;1;0;0;0;2;0;0;0;0;0;0;0;0;0;1;0;0;0;0;0;0;11;3;41;6;2;0;6;0;0;1;34;0;3;16;1;1;0;0;2;2;0;0;0;7;4;2;2;3;0;1;0;0;0;0;0;0;0;0;0;0;0;0;0;0;0;0;0;0;16;1;1;10;0;2;0;1;2;0;0;0;0;0;0;0;1;0;0;0;0;0;0;0;2;0;0;0;0;0;0;0;0;0;0;0;0;0;0;0;2;0;0;0;0;0;0;0;0;0;0;0;0;0;0;0
3;"Remiza OSP, Ornatowice 39, 22-425 Grabowiec";62002;"gm. Grabowiec";"zamojski";"lubelskie";1;1;1;1;0;0;0;0;0;0;0;0;0;0;0;0;0;0;0;0;0;0;0;0;0;1;3;5;1;0;4;1;1;0;0;0;0;0;0;1;1;0;1;2;0;0;0;0;0;0;1;1;0;2;0;0;0;0;0;0;0;1;1;0;0;0;0;0;0;0;0;0;0;0;19;2;69;4;8;1;3;0;1;2;25;0;0;30;5;0;1;0;0;10;0;0;0;11;10;2;0;7;0;2;0;0;0;0;0;0;2;1;0;1;0;2;1;0;0;0;0;1;6;6;0;4;1;1;0;0;0;0;0;0;0;0;0;2;0;0;0;1;0;0;0;0;0;0;0;0;0;0;0;0;0;0;0;0;0;1;0;0;0;0;0;0;0;0;0;0;0;0;0;0;0;0;0;0
4;"Remiza OSP, Tuczępy 84, 22-425 Grabowiec";62002;"gm. Grabowiec";"zamojski";"lubelskie";1;1;0;0;0;0;0;0;0;0;0;0;0;0;0;0;0;0;0;0;0;0;0;0;0;0;8;3;1;0;3;0;0;1;0;0;1;0;0;0;1;0;1;1;1;0;0;1;1;0;4;1;0;1;0;0;0;0;1;0;1;0;0;0;0;0;0;0;0;0;0;0;0;0;61;5;62;10;11;0;8;0;2;1;46;0;0;14;1;2;0;1;2;22;0;0;1;8;7;3;0;8;0;5;0;1;0;0;0;0;0;0;1;0;1;0;3;0;0;0;0;4;11;6;1;3;0;0;0;0;0;0;0;0;0;0;0;1;0;0;0;0;0;0;0;1;3;3;0;0;1;0;0;0;0;0;0;0;0;0;0;0;0;1;1;0;0;0;0;0;0;0;0;0;0;0;0;0
5;"Remiza OSP, Bereść 20A, 22-425 Grabowiec";62002;"gm. Grabowiec";"zamojski";"lubelskie";1;1;1;0;0;0;1;0;0;0;0;0;0;0;0;0;1;0;0;0;0;0;0;1;0;0;2;2;0;1;2;0;0;0;0;0;0;0;0;0;0;0;1;0;0;0;2;0;0;0;2;0;0;0;0;0;0;0;0;0;0;0;0;0;0;0;0;0;0;0;0;0;0;0;22;0;23;1;6;0;2;0;0;0;40;0;0;2;4;2;2;0;0;1;0;0;0;1;0;1;1;6;0;0;0;0;1;0;0;0;0;0;0;0;0;2;0;0;0;0;0;0;3;3;0;1;1;0;0;0;0;0;0;0;0;0;0;1;0;0;0;0;0;0;0;0;0;0;0;0;0;0;0;0;0;0;0;1;0;0;0;0;0;0;0;0;0;0;0;0;0;0;0;0;0;0;0;0
6;"Remiza OSP, Grabowiec-Góra 221, 22-425 Grabowiec";62002;"gm. Grabowiec";"zamojski";"lubelskie";1;1;1;0;0;0;0;0;0;1;0;0;0;0;0;1;0;0;0;1;0;0;1;0;0;0;11;4;2;0;1;4;0;1;0;0;2;0;1;0;0;0;0;1;1;2;0;0;0;1;3;0;0;0;0;0;0;0;0;0;0;0;1;0;0;0;1;0;0;0;0;0;0;0;21;4;25;7;4;0;18;0;0;0;22;1;0;11;2;2;0;0;0;5;0;0;1;2;5;7;0;2;1;1;0;0;0;0;0;0;1;0;0;1;0;1;0;0;0;0;0;0;9;11;0;0;0;3;1;3;0;1;0;0;0;0;1;0;0;0;0;0;0;0;0;0;0;1;1;0;0;0;0;0;0;1;0;0;0;0;0;0;0;0;0;1;0;0;0;0;0;0;0;0;1;0;0;0
1;"Szkoła Podstawowa w Antoniówce, Antoniówka 78, 22-435 Komarów-Osada";62003;"gm. Komarów-Osada";"zamojski";"lubelskie";1;1;0;0;0;0;0;0;0;0;0;0;0;0;0;0;0;0;0;0;0;0;0;0;0;0;4;5;4;1;1;0;2;1;0;0;0;0;0;0;1;0;0;0;0;0;0;0;1;0;0;0;0;0;0;0;0;1;0;0;0;0;0;0;0;0;0;0;0;0;0;0;0;0;9;4;23;12;0;0;1;0;0;0;18;0;0;12;0;1;0;0;0;2;0;0;0;0;5;3;0;1;0;0;0;0;0;0;0;0;0;0;0;0;0;0;0;0;0;0;0;0;2;1;2;0;0;0;0;0;0;0;0;0;2;0;0;1;0;0;0;0;0;0;0;0;2;0;0;0;0;0;0;0;0;0;0;0;0;0;0;0;0;0;0;0;0;0;1;0;0;0;0;0;0;0;0;0
2;"Świetlica Wiejska w Zubowicach, Zubowice 20, 22-435 Komarów-Osada";62003;"gm. Komarów-Osada";"zamojski";"lubelskie";1;1;1;0;0;0;0;1;0;0;0;0;0;0;0;0;1;0;0;0;0;0;0;0;2;0;13;7;1;1;8;0;2;0;0;0;0;0;1;2;4;0;1;0;1;0;0;0;1;2;3;1;0;0;1;0;0;2;0;0;0;1;1;0;0;1;0;0;0;0;1;0;0;1;39;0;46;19;9;1;1;1;1;0;60;0;1;10;0;1;0;0;0;2;0;0;0;6;10;1;4;0;2;2;0;0;0;0;0;0;0;0;0;0;0;0;1;0;0;0;0;0;16;5;0;0;1;0;0;0;1;0;0;0;0;0;1;0;0;1;0;0;0;0;0;5;2;1;1;0;0;0;0;0;0;1;0;1;2;0;0;0;1;1;0;0;0;0;0;0;0;0;0;0;4;0;0;0
3;"Biblioteka w Komarowie-Osadzie, ul. marsz. Józefa Piłsudskiego 2, 22-435 Komarów-Osada";62003;"gm. Komarów-Osada";"zamojski";"lubelskie";1;1;3;0;0;2;0;0;0;1;2;0;0;0;0;0;0;0;0;0;1;1;0;1;1;1;33;22;2;1;1;0;8;0;0;0;2;0;4;0;2;0;1;0;1;1;1;0;2;2;5;0;3;4;0;0;3;1;0;0;0;0;1;0;0;1;1;0;0;0;0;1;0;0;22;1;59;55;7;0;17;2;0;2;49;0;0;18;1;1;0;0;0;2;0;0;0;1;9;4;1;1;0;2;1;1;1;0;0;2;0;0;0;0;4;1;1;0;0;0;0;1;10;6;4;2;0;5;0;2;2;0;0;0;1;0;0;0;0;1;0;0;0;0;0;5;4;0;0;0;0;0;0;0;0;1;1;1;0;0;0;0;0;0;0;0;0;0;0;0;0;0;0;0;0;0;0;0
4;"Samorządowy Ośrodek Kultury w Komarowie-Osadzie, ul. Rynek 15, 22-435 Komarów-Osada";62003;"gm. Komarów-Osada";"zamojski";"lubelskie";1;1;3;0;0;1;1;2;0;1;0;0;0;0;0;0;0;0;0;0;0;0;0;0;0;0;41;21;2;0;3;0;14;0;0;0;0;0;0;1;0;0;0;0;0;0;0;0;0;2;4;0;1;3;0;0;9;0;0;0;0;0;0;0;0;0;0;0;0;0;0;0;1;0;31;3;43;77;7;4;13;1;0;0;87;1;0;2;0;8;0;0;0;0;0;0;0;2;14;4;5;1;7;0;2;2;0;2;0;0;0;0;2;0;0;2;0;0;1;0;2;1;30;8;2;5;2;7;0;1;1;0;1;0;6;0;2;0;1;0;0;0;0;2;0;3;1;2;1;0;0;0;1;0;0;0;0;0;1;0;0;0;0;1;0;2;0;0;0;0;0;0;0;0;1;0;0;0
5;"Świetlica wiejska w Komarowie-Wsi, Komarów-Wieś 62, 22-435 Komarów-Osada";62003;"gm. Komarów-Osada";"zamojski";"lubelskie";1;1;0;1;0;0;0;0;0;0;0;0;0;0;0;0;0;1;0;0;0;0;0;0;0;1;28;6;2;1;0;0;10;1;1;1;0;0;0;0;0;0;0;0;0;0;0;0;1;1;5;0;0;0;0;1;5;0;0;0;1;0;1;0;0;0;0;0;0;0;0;0;1;0;14;2;33;51;14;1;4;0;0;0;38;0;0;2;0;7;0;0;1;9;0;0;0;2;3;1;0;0;0;2;1;2;0;0;0;0;0;0;0;0;0;2;0;0;0;0;0;0;6;2;2;0;1;7;0;1;2;0;1;0;1;0;2;0;0;0;0;0;0;0;0;0;1;0;0;0;0;0;0;0;0;0;0;0;0;0;0;1;0;0;0;0;1;0;0;0;1;0;0;0;0;0;0;0
6;"Centrum Integracji Społecznej w Janówce Zachodniej, Janówka Zachodnia 23, 22-435 Komarów-Osada";62003;"gm. Komarów-Osada";"zamojski";"lubelskie";1;1;0;0;0;0;0;0;0;0;0;0;0;0;0;1;1;0;1;0;0;0;0;0;0;0;12;3;0;0;2;0;2;0;0;0;0;0;0;0;2;1;0;0;0;0;0;0;0;0;8;0;0;0;1;2;0;0;0;0;0;0;0;0;0;0;1;0;0;0;0;0;0;0;4;0;39;28;11;0;12;0;0;1;30;0;0;5;0;1;1;0;0;2;0;0;0;2;2;2;0;0;0;0;0;0;1;0;0;0;0;1;0;0;0;0;0;0;0;0;0;1;5;6;0;2;1;1;0;0;0;0;0;0;0;0;0;1;0;1;0;0;0;0;0;2;2;0;0;0;0;0;0;0;0;0;0;0;0;0;0;0;0;0;0;0;0;0;0;0;1;0;0;0;0;0;0;1
7;"Świetlica wiejska w Dubie, Dub 50, 22-435 Komarów-Osada";62003;"gm. Komarów-Osada";"zamojski";"lubelskie";1;1;0;0;0;0;2;0;0;0;0;0;0;0;0;0;1;0;0;0;1;0;0;0;0;2;8;3;5;1;2;0;0;0;0;0;0;0;0;0;0;0;0;0;1;1;0;0;1;0;1;1;0;3;0;0;0;0;0;0;0;0;0;0;0;0;0;0;0;0;0;0;0;0;21;2;22;25;0;1;12;1;0;1;52;1;0;2;1;3;0;1;0;5;0;0;0;2;7;1;0;0;0;1;0;0;0;0;0;1;0;0;4;0;1;3;1;0;0;0;2;1;2;2;1;1;0;4;0;0;0;0;0;0;0;0;0;0;0;1;2;0;0;0;0;0;0;0;0;0;0;0;0;0;0;0;0;0;0;0;0;0;0;0;0;1;0;0;0;0;0;0;0;0;0;0;0;0
8;"Świetlica wiejska w Śniatyczach, Śniatycze 44, 22-435 Komarów-Osada";62003;"gm. Komarów-Osada";"zamojski";"lubelskie";1;1;0;0;0;0;0;0;0;0;0;1;0;0;0;0;0;0;1;0;0;0;0;0;0;0;9;0;4;0;0;0;1;0;0;0;0;0;0;0;0;1;0;0;0;1;0;0;1;1;1;1;0;1;0;0;4;0;0;0;0;0;0;0;0;0;0;0;0;0;0;0;0;0;4;0;5;5;1;0;1;0;0;0;65;0;0;1;0;3;0;0;0;3;1;0;0;0;3;0;1;0;0;0;0;0;0;0;0;0;0;1;0;0;0;0;0;0;0;0;0;0;2;1;1;1;0;3;0;1;0;0;0;0;0;0;0;0;0;0;0;0;0;0;0;0;0;0;1;0;0;0;0;0;0;0;0;0;0;0;0;0;0;0;0;0;0;0;0;0;0;0;0;0;0;0;0;0
9;"Świetlica wiejska, Kadłubiska 38, 22-435 Komarów-Osada";62003;"gm. Komarów-Osada";"zamojski";"lubelskie";1;1;0;0;0;1;0;0;0;1;0;0;0;0;0;0;0;0;0;0;0;0;0;0;0;0;7;2;5;0;0;0;2;0;0;0;0;0;0;1;0;0;0;0;0;0;0;0;0;0;1;0;0;0;0;0;0;0;0;0;0;0;0;0;0;0;0;0;0;0;0;0;0;0;8;0;12;13;0;0;0;0;0;1;37;0;0;0;0;3;0;0;0;0;0;0;0;1;1;1;0;0;0;0;0;0;0;0;0;0;0;0;6;0;0;0;0;0;0;0;0;0;2;1;0;0;0;0;0;0;0;0;0;0;0;0;0;0;0;1;0;0;0;0;0;0;0;0;0;0;0;0;0;0;0;0;0;0;0;0;0;0;0;1;0;0;0;0;0;0;0;0;0;0;0;0;0;0
10;"Świetlica wiejska, Wolica Śniatycka 14A, 22-435 Komarów-Osada";62003;"gm. Komarów-Osada";"zamojski";"lubelskie";1;1;0;0;0;0;0;0;0;0;0;0;0;0;0;0;2;0;0;0;0;0;0;0;1;0;1;10;0;0;0;0;1;0;0;0;0;0;0;0;0;0;0;0;0;0;0;0;0;0;1;0;0;0;0;1;3;0;0;0;1;0;0;0;0;0;0;0;0;0;0;0;0;0;11;5;6;24;0;0;0;0;0;0;50;0;0;3;0;1;0;0;0;1;0;0;0;1;3;1;0;0;0;0;0;0;0;0;0;0;0;0;2;0;0;0;0;0;0;1;0;3;2;3;0;0;0;1;0;0;0;0;0;0;0;0;2;0;0;0;0;0;0;0;0;0;1;1;0;0;0;0;0;0;0;0;0;1;0;0;0;0;0;0;0;1;0;0;0;0;0;0;0;1;0;0;0;0
11;"Zakład Opiekuńczo-Pielęgnacyjny ""Biały Domek"", ul. Rynek 12, 22-435 Komarów-Osada";62003;"gm. Komarów-Osada";"zamojski";"lubelskie";1;1;0;0;0;0;0;0;0;0;0;0;0;0;0;0;0;0;0;0;0;0;0;0;0;0;0;0;0;0;0;0;0;0;0;0;0;0;0;0;0;0;0;0;0;0;0;0;0;0;0;0;0;0;0;0;0;0;0;0;0;0;0;0;0;0;0;0;0;0;0;0;0;0;3;0;0;0;0;0;12;0;0;0;0;0;0;1;0;0;0;0;0;0;0;0;0;0;0;0;0;0;0;0;0;0;0;0;0;0;0;0;0;0;0;0;0;0;0;0;0;0;0;0;0;0;0;0;0;0;0;0;0;0;0;0;0;0;0;0;0;0;0;0;0;0;0;0;0;0;0;0;0;0;0;0;0;0;0;0;0;0;0;0;0;0;0;0;0;0;0;0;0;0;0;0;0;0
1;"Krasnobrodzki Dom Kultury, ul. 3 Maja 26, 22-440 Krasnobród";62004;"gm. Krasnobród";"zamojski";"lubelskie";1;1;1;1;1;1;1;0;1;0;2;1;0;0;0;0;0;0;0;0;0;0;0;2;1;0;40;41;8;6;9;3;3;0;1;2;4;1;3;3;1;2;0;5;0;0;1;0;1;5;16;3;3;1;2;2;6;0;1;0;2;2;1;3;0;0;0;3;0;0;0;0;0;1;76;15;278;21;36;3;79;2;1;9;60;0;10;34;2;43;0;0;10;6;1;1;0;5;33;2;2;1;0;0;5;5;2;0;1;1;0;0;4;0;3;7;10;0;0;0;0;1;65;33;5;0;1;20;0;7;4;0;0;1;3;0;1;2;0;4;0;0;1;0;1;2;77;2;1;1;1;0;0;0;0;4;0;1;1;0;0;0;1;0;0;0;0;0;0;0;0;0;0;15;0;0;0;1
2;"Samodzielne Publiczne Sanatorium Rehabilitacyjne im. Janusza Korczaka w Krasnobrodzie, ul. Sanatoryjna 1, 22-440 Krasnobród";62004;"gm. Krasnobród";"zamojski";"lubelskie";1;1;1;0;0;0;0;0;0;0;0;0;0;0;0;0;0;0;0;0;1;0;0;0;0;1;8;5;2;0;4;0;1;0;1;0;0;0;0;0;0;0;0;0;0;0;0;0;0;1;1;0;0;4;0;1;4;1;0;0;1;0;1;0;0;0;1;0;0;0;0;0;0;0;29;2;50;2;5;5;10;0;0;0;5;0;3;8;0;2;0;1;1;2;1;0;0;0;8;1;0;0;0;0;1;2;0;0;0;0;0;0;0;0;0;0;0;0;0;0;0;0;24;12;1;0;0;2;1;2;3;1;0;0;0;0;0;2;0;0;0;0;0;0;0;1;13;0;0;0;1;2;0;0;0;0;0;1;0;0;0;0;2;1;0;1;0;0;0;0;0;0;0;15;0;0;0;0
3;"Informacja Turystyczna w Krasnobrodzie, ul. Tomaszowska 25, 22-440 Krasnobród";62004;"gm. Krasnobród";"zamojski";"lubelskie";1;1;0;0;0;1;1;1;0;0;0;0;0;0;0;0;1;0;2;0;0;0;0;0;0;0;18;20;3;3;7;3;0;1;1;1;1;0;0;0;2;0;0;0;0;0;0;1;0;0;14;3;0;3;1;0;2;0;0;0;0;0;0;0;0;2;0;0;0;0;0;0;0;0;38;1;123;3;18;1;59;0;0;2;36;0;4;28;0;8;0;1;6;5;0;0;0;4;20;2;3;0;2;1;2;1;0;0;0;0;1;1;1;0;0;4;0;0;0;1;0;1;18;9;5;3;0;4;0;3;3;0;1;1;0;0;2;0;0;0;0;0;0;0;1;0;58;2;0;0;0;0;0;1;0;0;0;0;1;0;0;0;0;0;0;0;0;0;0;0;0;0;0;9;0;0;0;0
4;"Warsztat Terapii Zajęciowej w Dominikanówce, Dominikanówka 92, 22-440 Krasnobród";62004;"gm. Krasnobród";"zamojski";"lubelskie";1;1;0;0;0;1;0;0;0;0;1;0;0;0;0;0;0;0;0;0;0;0;0;0;0;0;3;0;0;0;0;0;0;0;0;0;0;0;0;0;0;0;0;0;0;0;0;0;0;0;2;0;1;0;0;0;0;0;0;0;0;0;0;0;0;0;0;0;0;0;0;0;0;0;9;2;40;3;4;0;73;0;0;0;4;0;0;0;0;1;0;0;0;1;0;0;0;0;3;0;0;0;0;1;0;2;0;0;0;0;0;0;0;0;0;0;0;0;0;0;0;0;1;0;1;0;0;0;0;0;3;0;0;0;0;0;0;0;0;0;0;0;0;0;0;0;7;0;0;0;0;0;1;0;0;0;0;0;1;0;0;0;0;0;0;0;0;0;0;0;1;0;0;0;0;0;0;0
5;"Remiza OSP w Hutkowie, Hutków 148, 22-440 Krasnobród";62004;"gm. Krasnobród";"zamojski";"lubelskie";1;1;0;0;0;0;0;0;1;0;0;0;0;0;0;0;0;0;0;1;0;0;0;0;0;0;5;0;0;0;1;0;0;0;0;0;1;1;0;0;0;0;0;1;0;0;0;0;0;1;1;0;0;0;0;1;0;0;0;1;0;0;0;0;0;0;0;0;0;0;0;0;0;0;28;1;45;0;2;0;31;0;0;0;10;0;2;1;0;3;0;0;0;6;0;0;0;2;3;5;1;1;0;0;1;2;3;0;0;0;0;0;0;1;0;0;1;0;0;0;0;0;0;2;0;1;1;1;0;0;0;0;0;0;0;0;0;0;0;0;0;0;0;0;0;0;5;0;0;0;0;0;0;0;0;0;0;0;1;0;0;0;0;0;0;0;0;0;0;0;0;0;0;0;0;0;0;0
6;"Szkoła Podstawowa w Kaczórkach, Kaczórki 122, 22-440 Krasnobród";62004;"gm. Krasnobród";"zamojski";"lubelskie";1;1;2;0;0;1;0;1;0;2;0;2;0;0;0;0;0;1;0;0;0;0;0;0;0;0;14;8;0;1;0;0;0;0;0;0;1;0;0;1;1;0;1;0;0;0;0;1;0;0;7;2;0;3;1;0;1;1;0;0;0;0;0;0;0;1;0;0;0;0;0;0;0;2;28;1;45;5;1;0;29;0;0;1;28;0;2;3;1;16;0;0;0;4;1;0;0;2;5;1;2;1;1;1;1;1;0;0;0;0;0;0;0;0;0;1;0;0;0;0;0;0;18;17;0;0;0;2;1;7;1;0;0;0;0;0;3;0;0;0;0;0;0;0;0;0;11;0;0;0;0;0;0;0;0;0;0;0;0;0;0;0;0;0;0;1;0;0;0;0;0;0;0;1;0;0;0;0
7;"Remiza OSP w Starej Hucie, Stara Huta 9, 22-440 Krasnobród";62004;"gm. Krasnobród";"zamojski";"lubelskie";1;1;1;1;0;1;2;0;1;0;0;0;1;0;0;0;0;0;0;1;0;0;0;2;1;0;17;9;0;0;2;0;3;0;0;0;3;0;0;0;0;0;0;0;0;0;0;1;0;0;3;0;1;0;0;0;0;0;0;0;0;0;0;0;0;0;1;1;0;0;0;0;0;2;12;1;35;2;9;0;35;0;0;6;12;0;3;1;0;6;0;0;0;12;0;0;0;2;11;4;5;0;0;1;2;1;2;1;0;0;1;0;0;0;0;2;0;0;0;0;1;0;5;3;1;0;0;2;0;0;0;0;0;1;0;0;0;2;2;1;1;0;2;0;0;0;19;0;1;0;1;0;0;0;0;0;0;0;2;0;0;0;1;0;0;0;0;0;0;0;0;0;0;1;0;0;0;1
8;"Remiza OSP w Wólce Husińskiej, Wólka Husińska 67, 22-440 Krasnobród";62004;"gm. Krasnobród";"zamojski";"lubelskie";1;1;1;0;0;1;0;0;0;0;0;0;0;0;0;0;0;0;0;0;0;0;0;0;0;0;3;1;1;0;0;0;1;0;0;0;0;0;0;0;0;0;0;0;1;0;0;0;0;0;9;0;0;1;0;0;0;0;0;0;0;0;0;0;0;0;0;0;0;0;0;0;0;0;9;2;44;2;3;2;73;0;0;6;12;0;1;3;0;3;0;0;6;1;0;0;1;1;7;0;3;1;0;2;1;1;0;0;0;0;1;0;0;1;0;0;0;0;1;0;0;0;5;3;0;0;0;0;0;2;0;0;0;0;0;0;0;0;0;1;0;0;0;0;0;0;6;1;0;0;0;0;0;0;0;0;0;0;0;0;0;0;0;0;0;0;0;0;0;0;0;0;0;2;0;0;0;0
9;"Szkoła w Zielonem, Zielone 166, 22-440 Krasnobród";62004;"gm. Krasnobród";"zamojski";"lubelskie";1;1;0;0;0;0;0;0;0;0;0;0;0;0;0;0;0;0;1;0;0;0;0;0;0;0;8;0;0;0;1;0;0;0;0;1;1;1;0;0;0;0;0;0;0;0;0;0;0;1;2;0;0;0;0;1;0;0;0;1;0;0;1;0;0;0;0;0;0;0;0;0;0;0;10;2;35;1;25;0;64;0;0;0;4;0;0;0;4;0;0;0;0;1;1;0;0;0;5;0;2;0;0;0;1;1;0;0;0;1;0;0;1;0;0;2;0;0;0;0;0;1;10;5;1;0;0;0;0;0;0;0;0;0;0;0;0;0;0;1;1;0;0;0;0;0;6;0;2;0;0;0;0;0;0;0;0;0;0;0;0;0;0;0;0;1;0;0;0;0;0;0;0;2;0;0;0;0
10;"Szkoła Podstawowa w Majdanie Wielkim, Majdan Wielki 143, 22-440 Krasnobród";62004;"gm. Krasnobród";"zamojski";"lubelskie";1;1;1;0;0;0;1;0;1;0;0;0;0;0;0;0;0;0;0;0;0;0;1;0;0;0;7;1;0;1;0;1;0;1;0;1;1;0;0;0;0;0;0;0;0;0;0;0;0;0;2;0;0;0;0;1;0;1;0;0;0;0;2;0;1;0;0;0;0;0;0;0;0;0;25;7;155;3;6;0;25;1;0;1;40;0;4;4;1;2;0;0;0;11;1;0;0;3;15;6;1;0;0;0;1;4;0;1;0;0;1;1;3;0;1;2;2;0;1;0;1;1;0;4;0;0;0;0;0;0;1;0;0;0;0;0;0;0;0;0;0;0;0;0;0;0;19;0;0;0;0;0;0;0;0;1;0;0;0;0;0;0;0;0;0;0;1;0;0;0;0;0;0;2;0;0;0;0
11;"Remiza OSP w Majdanie Małym, Majdan Mały 16, 22-440 Krasnobród";62004;"gm. Krasnobród";"zamojski";"lubelskie";1;1;0;0;0;0;4;0;0;0;0;0;0;0;1;0;0;0;0;0;0;0;0;1;0;0;4;0;1;1;1;0;0;0;0;0;1;0;1;0;0;1;0;0;0;0;0;0;0;0;3;0;0;0;0;0;0;0;0;0;0;0;0;0;0;0;0;0;0;0;0;0;0;0;8;0;40;4;10;0;7;0;0;0;3;0;0;1;0;5;0;0;1;4;0;0;0;0;1;1;0;0;0;0;0;0;0;0;0;0;0;0;0;0;0;2;0;0;0;0;0;0;3;0;1;0;0;0;0;0;0;0;0;0;0;0;0;1;0;0;0;0;0;0;1;0;6;0;0;0;0;0;0;0;0;0;0;0;0;0;0;0;0;0;0;0;0;0;0;0;0;0;0;0;0;0;0;0
12;"Dom Pomocy Społecznej w Krasnobrodzie, ul. Sanatoryjna 34, 22-440 Krasnobród";62004;"gm. Krasnobród";"zamojski";"lubelskie";1;1;0;0;0;0;0;0;0;0;0;0;0;0;0;0;0;0;0;0;0;0;0;0;0;0;0;0;0;0;0;0;0;0;0;0;0;0;0;0;0;0;0;0;0;0;0;0;0;0;0;0;1;0;0;0;0;0;0;0;0;0;0;1;0;0;0;0;1;0;0;0;0;0;4;0;13;3;1;0;1;0;2;0;2;0;9;9;0;2;0;0;0;0;0;0;0;1;0;0;0;0;0;0;0;0;0;0;0;0;0;0;0;0;0;0;0;0;0;0;0;0;1;0;0;0;0;0;0;0;0;0;0;0;0;0;0;0;0;0;0;0;0;0;0;0;0;0;0;0;0;0;0;0;0;0;0;0;0;0;0;0;0;0;0;0;0;0;0;0;0;0;0;0;0;0;0;0
13;"Dom Pomocy Społecznej w Majdanie Wielkim, Majdan Wielki 392, 22-440 Krasnobród";62004;"gm. Krasnobród";"zamojski";"lubelskie";1;1;0;1;0;0;0;0;0;0;1;0;0;0;0;0;1;0;0;0;1;0;0;0;0;0;1;0;0;0;0;0;0;0;0;0;0;0;0;0;0;0;0;0;0;1;0;0;0;0;0;1;0;0;0;0;0;0;0;0;0;0;0;0;0;0;0;0;0;0;0;0;0;0;2;0;0;1;2;0;5;0;0;1;1;0;0;1;0;0;0;0;9;0;0;0;0;0;0;0;0;0;0;0;0;0;0;0;0;0;0;0;0;0;0;0;0;0;0;0;0;0;0;0;0;0;0;0;0;0;0;0;0;0;0;0;0;0;0;0;0;0;0;0;0;0;0;1;0;0;0;0;0;0;0;0;0;0;0;0;0;0;0;0;0;0;0;0;0;0;0;0;0;0;1;0;0;0
1;"Świetlica Wiejska, Barchaczów 31, 22-437 Łabunie";62005;"gm. Łabunie";"zamojski";"lubelskie";1;1;0;0;0;0;0;0;0;0;0;0;1;0;1;0;0;0;0;0;0;0;0;0;0;0;0;12;1;0;1;0;5;0;1;0;0;0;1;2;0;0;0;0;0;0;0;0;0;0;2;0;0;0;0;0;0;0;0;0;0;0;1;0;0;0;0;0;0;0;0;0;0;0;28;7;58;2;2;3;10;0;0;0;14;0;0;21;0;1;1;0;1;3;0;0;1;1;12;3;1;0;0;0;1;1;0;0;0;0;1;1;3;0;0;2;1;1;0;0;0;0;11;0;5;1;1;3;0;1;0;1;0;0;0;0;0;0;0;0;0;0;0;0;0;0;2;1;1;0;0;1;1;0;0;2;0;0;0;1;0;0;0;0;0;0;0;0;0;0;0;0;0;0;0;0;0;0
2;"Szkoła Podstawowa, Łabuńki Pierwsze 178, 22-437 Łabunie";62005;"gm. Łabunie";"zamojski";"lubelskie";1;1;1;0;0;3;0;2;0;0;0;3;0;1;0;1;1;0;0;0;0;0;0;0;0;1;12;35;8;3;1;3;24;0;0;1;1;1;1;4;1;0;0;4;1;1;1;0;0;1;8;1;0;0;0;3;2;1;0;0;0;2;4;0;0;0;1;1;0;1;0;0;0;3;60;15;239;10;7;7;13;5;2;3;95;1;2;37;1;10;0;0;0;14;4;0;0;9;45;15;6;1;1;2;0;4;3;1;2;1;1;0;4;1;3;7;2;0;2;0;0;2;26;12;7;2;4;0;0;7;1;1;0;0;1;0;0;0;0;1;0;0;0;3;0;4;11;1;1;1;0;0;0;0;0;2;0;0;0;0;0;0;0;1;0;2;0;0;0;0;1;0;0;0;0;0;0;0
3;"Dom Kultury, ul. Parkowa 9, 22-437 Łabunie";62005;"gm. Łabunie";"zamojski";"lubelskie";1;1;5;0;0;0;3;2;2;0;0;1;1;1;0;0;0;0;0;0;2;0;0;1;0;1;12;39;3;3;1;0;48;0;0;0;1;0;2;0;0;3;0;2;3;0;1;1;2;2;11;2;1;3;0;4;2;0;0;0;1;0;0;0;0;0;1;2;0;1;2;2;0;4;94;16;145;15;19;2;33;0;2;6;73;0;4;74;2;7;0;0;6;12;1;0;1;15;46;5;3;0;3;2;0;3;0;0;1;0;1;1;6;1;2;5;1;2;1;0;0;0;30;34;9;1;0;5;0;20;0;0;0;0;1;0;0;0;0;1;0;2;0;2;0;3;18;0;1;0;1;0;0;0;0;1;0;0;0;1;1;0;2;0;0;0;0;0;0;0;0;0;0;0;0;0;0;0
4;"Świetlica Wiejska, Wólka Łabuńska 118, 22-437 Łabunie";62005;"gm. Łabunie";"zamojski";"lubelskie";1;1;2;0;0;0;0;1;0;6;1;1;0;0;0;1;0;0;0;0;0;0;0;1;0;0;3;19;3;0;4;0;14;0;0;0;0;0;0;1;3;0;0;1;0;0;0;0;0;1;9;0;0;1;1;1;0;0;0;0;2;0;0;0;0;0;0;0;1;0;0;0;0;0;35;3;92;10;18;3;21;0;1;4;48;0;0;10;1;5;0;0;0;2;1;0;1;4;16;2;0;2;2;2;2;2;0;0;0;1;1;0;4;0;0;2;3;2;1;0;1;2;16;5;4;1;0;0;0;2;1;0;0;0;0;0;1;0;0;1;0;0;1;0;1;0;6;1;0;1;0;0;0;0;0;0;1;0;0;0;0;0;1;0;0;0;1;0;0;0;1;0;0;3;0;0;0;0
5;"Świetlica Wiejska, Ruszów 45, 22-437 Łabunie";62005;"gm. Łabunie";"zamojski";"lubelskie";1;1;0;0;0;1;1;0;0;0;0;1;0;0;0;1;0;0;0;0;0;0;0;0;0;0;8;16;0;1;2;1;14;1;0;1;0;0;1;1;0;0;0;1;0;0;0;0;0;0;4;1;0;0;1;0;0;1;0;0;0;0;0;0;0;0;0;0;0;0;0;0;0;0;18;3;72;3;5;3;12;1;1;5;21;0;1;22;1;7;0;0;4;1;0;1;0;2;16;0;0;0;0;0;0;1;0;0;0;4;0;0;0;0;2;1;0;0;0;0;0;0;10;1;0;0;0;6;0;2;1;0;0;0;0;0;1;2;0;0;0;0;0;0;1;1;6;0;0;0;1;0;0;0;0;2;0;0;0;0;0;0;0;0;0;1;0;0;0;0;0;2;0;2;1;0;0;0
6;"Remiza Strażacka, Majdan Ruszowski 44, 22-437 Łabunie";62005;"gm. Łabunie";"zamojski";"lubelskie";1;1;0;0;0;0;0;1;0;1;0;0;0;0;0;0;0;0;0;0;0;0;0;0;0;0;2;17;0;0;0;0;0;0;0;0;0;0;1;0;0;0;0;0;0;0;0;0;0;0;0;0;0;0;1;1;0;0;0;0;0;0;0;0;0;0;0;0;0;0;0;0;0;0;9;1;48;0;2;0;11;0;0;0;19;0;1;6;2;1;0;0;0;8;0;0;0;0;7;0;1;0;0;0;0;0;0;0;0;0;0;0;1;0;0;0;1;0;0;0;0;1;2;0;1;0;0;1;0;0;0;0;0;0;0;0;0;0;0;0;0;0;0;0;0;0;0;0;0;0;0;0;0;0;0;0;0;0;0;0;0;0;0;0;0;0;0;0;0;0;0;0;1;0;0;0;0;1
7;"Świetlica Wiejska, Wierzbie 35, 22-437 Łabunie";62005;"gm. Łabunie";"zamojski";"lubelskie";1;1;0;0;0;0;0;0;0;0;0;0;0;0;0;0;0;0;0;0;0;0;0;0;0;0;4;4;1;0;1;0;1;0;0;0;0;0;0;0;0;0;0;0;0;0;0;0;0;0;5;0;0;0;0;0;2;1;0;0;0;0;1;0;0;0;1;1;3;1;1;0;0;0;17;2;67;0;1;0;10;0;1;1;6;0;1;8;1;3;0;0;3;2;0;0;0;2;7;1;1;1;2;0;1;0;0;0;0;0;0;0;0;0;0;0;0;0;0;0;0;0;7;4;2;4;0;1;0;1;0;0;0;0;1;0;0;0;0;0;0;1;0;1;0;0;3;1;1;0;0;1;0;0;0;2;0;0;0;0;0;0;0;0;0;2;0;0;0;0;0;0;0;0;1;0;0;0
8;"Świetlica Wiejska, Bródek 16, 22-437 Łabunie";62005;"gm. Łabunie";"zamojski";"lubelskie";1;1;1;0;0;0;0;0;0;0;0;0;0;0;0;0;0;0;0;0;0;0;0;0;0;0;1;3;1;0;1;0;4;0;0;0;0;0;0;0;0;0;0;1;1;1;1;0;1;0;7;0;0;1;0;0;0;0;0;0;0;0;0;0;0;0;0;0;0;0;0;0;0;0;16;5;26;1;2;0;8;0;0;1;10;0;0;17;0;0;1;0;0;1;1;0;0;0;3;2;1;1;0;2;0;1;1;0;0;0;0;0;2;0;0;1;0;1;0;0;0;1;5;3;4;1;0;2;2;0;0;0;0;0;0;0;0;0;0;0;0;0;0;0;0;0;1;0;0;0;3;0;0;0;0;1;0;0;0;0;0;0;0;0;0;0;0;0;0;0;0;0;0;0;0;0;0;0
1;"Świetlica Wiejska, Świdniki 72, 22-455 Miączyn";62006;"gm. Miączyn";"zamojski";"lubelskie";1;1;1;0;0;0;2;0;0;0;0;0;0;0;1;0;0;0;0;1;0;0;0;0;0;1;13;2;1;0;0;0;0;0;0;0;0;0;0;0;0;0;0;0;0;1;0;0;0;0;3;0;0;1;0;0;0;0;0;0;0;0;0;1;0;0;0;0;0;1;0;1;0;0;20;3;40;7;6;2;4;0;0;0;21;0;0;9;0;3;0;0;1;8;1;0;0;1;3;1;0;1;0;0;0;2;0;0;0;1;0;0;1;0;0;2;0;0;0;0;1;0;6;1;2;2;0;0;0;0;0;0;0;0;2;0;1;0;0;0;0;0;0;0;0;0;0;1;0;0;0;0;0;0;0;0;0;0;0;0;0;0;0;0;0;0;0;0;0;0;0;0;0;0;0;0;0;0
2;"Szkoła Podstawowa, Miączyn 50A, 22-455 Miączyn";62006;"gm. Miączyn";"zamojski";"lubelskie";1;1;1;0;0;0;1;4;1;1;0;0;0;0;1;2;0;0;1;0;0;0;0;5;0;0;50;32;6;1;4;1;6;0;0;0;3;0;0;2;0;0;1;1;0;4;1;1;0;3;10;0;1;3;2;0;3;0;0;0;1;0;1;0;0;1;1;1;0;0;1;0;1;0;58;9;94;11;8;5;17;0;2;1;63;0;0;50;3;8;1;0;1;13;0;1;0;3;33;4;0;4;0;6;1;1;4;0;0;1;1;0;2;0;0;2;5;2;2;0;1;3;38;22;12;6;1;9;0;6;1;0;1;0;0;0;1;1;0;1;0;0;0;1;0;0;8;2;1;0;0;1;0;0;0;0;0;0;0;0;0;0;1;0;0;4;0;0;0;0;0;0;0;0;0;0;0;0
3;"Świetlica Wiejska, Niewirków 16, 22-455 Miączyn";62006;"gm. Miączyn";"zamojski";"lubelskie";1;1;0;0;0;0;2;0;1;0;0;0;0;0;0;0;1;0;0;0;0;0;0;0;0;0;8;9;2;0;2;0;0;0;0;0;0;0;0;1;0;0;0;0;0;1;0;0;0;0;5;0;0;2;0;0;0;0;0;0;0;0;0;0;0;0;1;0;0;0;0;0;1;2;35;9;40;7;3;0;9;2;0;0;69;1;0;13;0;4;1;0;1;3;1;0;3;2;2;0;3;0;1;2;1;0;0;0;0;0;0;0;0;0;1;3;0;0;0;0;0;3;11;5;1;0;0;4;0;3;1;1;1;0;0;0;1;0;0;1;0;0;0;0;0;0;2;0;0;0;0;0;0;0;0;0;0;0;0;0;0;0;0;0;0;1;0;0;0;0;0;0;0;0;0;0;0;0
4;"Świetlica Wiejska, Kotlice 104, 22-455 Miączyn";62006;"gm. Miączyn";"zamojski";"lubelskie";1;1;0;1;0;0;1;0;0;0;0;0;0;0;0;0;0;0;0;0;0;0;0;0;0;1;8;13;1;2;3;1;1;0;0;0;0;0;0;0;0;0;0;2;0;0;0;0;1;4;0;0;0;0;0;0;0;0;0;0;0;0;0;0;0;1;0;0;0;0;0;0;0;0;22;4;34;9;4;5;26;0;0;1;55;2;1;5;1;2;0;0;0;5;0;0;0;1;7;2;1;1;1;2;0;0;0;1;0;0;0;0;1;0;0;0;0;0;0;0;1;0;5;2;2;0;0;5;1;0;0;1;0;0;3;0;0;0;0;0;0;0;0;0;0;0;0;1;0;0;0;0;0;0;0;0;0;0;0;0;0;0;0;1;0;0;0;0;0;0;0;0;0;0;0;0;0;0
5;"Szkoła Podstawowa, Zawalów 144, 22-455 Miączyn";62006;"gm. Miączyn";"zamojski";"lubelskie";1;1;0;2;1;1;1;0;0;0;0;0;0;0;0;1;0;0;0;0;0;0;0;0;0;0;19;15;2;2;3;0;2;0;1;0;0;0;0;0;3;0;0;1;0;1;0;0;1;0;3;1;0;2;1;1;1;0;0;0;0;0;0;0;0;0;0;1;0;0;0;0;0;4;46;5;66;3;5;0;19;0;0;1;38;0;2;32;3;5;0;0;2;1;0;0;0;9;5;1;0;2;0;0;0;2;0;0;0;0;1;1;1;0;1;0;0;0;0;0;0;0;7;5;2;2;0;4;0;1;1;0;0;0;0;0;0;0;1;0;0;0;0;0;0;0;5;1;0;0;0;0;0;0;0;1;0;0;1;0;0;0;0;0;0;0;0;0;0;0;0;0;0;0;0;0;0;0
6;"Świetlica Wiejska, Koniuchy 39, 22-455 Miączyn";62006;"gm. Miączyn";"zamojski";"lubelskie";1;1;1;0;1;0;0;0;0;1;0;0;0;0;0;0;0;0;0;1;0;0;0;0;0;0;6;6;0;0;1;0;1;0;1;1;1;0;0;1;0;0;0;0;0;0;0;0;0;0;3;0;1;1;1;0;1;0;0;0;0;0;0;0;0;0;0;0;0;0;0;0;0;0;8;1;40;4;1;0;42;0;0;0;25;0;2;6;3;3;0;1;0;1;0;0;0;0;5;0;1;1;0;1;0;0;0;1;0;1;0;0;4;0;0;0;0;1;0;0;4;1;5;3;3;0;0;0;0;0;1;0;0;0;0;0;0;0;0;0;0;0;1;0;0;0;2;2;0;0;0;0;0;0;0;0;0;0;0;0;0;0;0;0;0;0;0;0;0;0;0;0;0;0;0;0;0;0
7;"Świetlica Wiejska, Horyszów 43, 22-455 Miączyn";62006;"gm. Miączyn";"zamojski";"lubelskie";1;1;0;0;0;0;1;0;0;0;1;0;0;0;0;0;0;0;0;0;0;0;0;0;0;0;21;16;3;2;3;0;1;0;3;1;1;2;0;0;1;0;0;0;0;1;0;0;0;1;3;0;1;0;0;2;1;0;0;0;0;0;0;0;0;0;0;0;0;0;0;0;0;0;17;2;30;0;5;0;9;1;0;0;11;0;2;7;4;2;0;0;0;10;0;0;0;6;13;1;1;0;0;4;0;2;0;0;0;0;1;0;0;0;0;0;0;0;0;0;0;0;9;9;6;3;0;3;0;1;0;0;0;0;0;0;0;1;2;0;0;0;0;0;0;0;1;0;0;0;0;0;0;0;0;0;0;0;0;0;0;0;0;0;0;0;0;0;0;0;0;0;0;0;0;0;0;0
8;"Publiczna Szkoła Podstawowa im. Bł. ks. Zygmunta Pisarskiego, Gdeszyn-Kolonia 139, 22-455 Miączyn";62006;"gm. Miączyn";"zamojski";"lubelskie";1;1;1;0;0;1;1;0;0;0;0;0;0;0;0;0;0;0;0;0;0;0;0;0;0;0;2;4;1;0;1;0;0;0;0;2;0;0;1;0;2;0;0;0;0;1;0;0;0;0;0;0;0;0;0;0;0;0;0;0;0;0;0;0;0;1;0;0;0;0;0;0;1;1;25;0;23;2;1;0;15;1;0;1;19;0;1;4;1;2;2;0;0;1;0;0;0;4;6;1;0;0;0;1;1;0;0;0;0;0;1;0;0;0;0;0;1;1;0;0;2;2;4;1;0;0;0;1;0;0;1;0;0;0;0;0;0;0;0;0;0;0;0;0;0;0;2;0;1;0;0;0;0;0;1;1;0;0;0;1;0;0;0;0;0;0;0;0;0;0;0;0;0;0;0;0;1;0
9;"Świetlica Wiejska, Żuków 27, 22-455 Miączyn";62006;"gm. Miączyn";"zamojski";"lubelskie";1;1;0;1;1;0;0;0;0;0;0;0;0;0;0;2;0;0;0;1;0;0;0;0;0;0;1;1;0;0;0;0;0;0;0;0;1;0;1;0;0;0;0;1;0;0;0;0;0;0;0;0;2;0;0;0;0;0;0;0;0;0;0;0;0;0;0;0;0;0;0;1;0;0;20;3;36;3;0;0;0;0;0;2;10;0;2;15;0;3;0;0;0;3;0;0;0;5;4;1;0;0;0;1;1;1;0;0;0;0;1;0;0;0;1;1;0;1;0;0;2;1;4;4;0;0;0;0;0;0;1;0;0;0;0;0;0;0;0;0;0;0;0;0;0;0;3;0;0;0;0;0;0;0;0;0;0;0;0;0;0;0;1;0;0;0;0;0;0;0;0;0;0;0;0;0;0;0
1;"Szkoła Podstawowa w Nieliszu, Nielisz 278, 22-413 Nielisz";62007;"gm. Nielisz";"zamojski";"lubelskie";1;1;1;1;0;1;2;0;1;4;2;2;0;0;0;0;0;1;0;0;0;0;1;2;0;0;35;23;1;2;2;0;4;3;0;0;1;1;4;3;0;0;0;2;0;1;0;0;3;4;15;1;1;1;3;2;6;0;0;0;2;0;3;2;0;1;1;1;0;0;0;0;0;3;24;3;122;4;31;2;80;0;0;6;30;0;5;21;0;2;2;0;0;3;1;0;0;1;24;5;1;0;1;2;1;2;0;1;0;1;0;2;0;0;2;6;2;0;0;1;0;1;31;11;10;0;3;6;0;6;0;1;0;0;1;1;1;1;0;2;0;0;0;0;0;0;2;0;0;1;0;0;0;0;0;0;0;0;1;0;0;0;0;0;0;3;1;0;0;0;0;0;0;0;0;0;0;0
2;"Remiza OSP w Krzaku, Krzak 97, 22-413 Nielisz";62007;"gm. Nielisz";"zamojski";"lubelskie";1;1;0;1;0;0;3;1;0;13;1;1;0;0;0;0;1;0;0;0;0;0;0;0;0;0;17;10;0;2;1;0;4;0;0;1;0;0;0;0;1;0;0;0;0;0;0;0;0;0;12;1;1;5;2;0;1;0;0;0;0;0;0;0;0;0;0;0;0;0;0;0;0;1;21;3;76;3;4;0;37;0;1;1;13;0;1;3;0;6;0;0;0;0;0;0;0;0;8;0;1;0;0;0;0;3;1;0;0;0;0;0;0;0;0;0;2;0;0;0;0;1;9;12;4;2;0;6;1;0;1;0;1;0;0;0;0;0;0;0;0;0;2;0;0;0;1;1;1;1;0;0;0;0;0;1;0;0;0;0;0;0;0;1;0;0;2;0;0;0;0;0;0;0;0;0;0;0
3;"Klub Kultury w Stawie Noakowskim, Staw Noakowski 101, 22-413 Nielisz";62007;"gm. Nielisz";"zamojski";"lubelskie";1;1;0;1;1;0;0;1;1;6;0;0;1;0;0;0;2;0;0;1;1;0;0;1;0;0;20;8;1;0;3;0;2;0;1;0;2;2;7;0;1;0;1;0;0;1;0;0;0;2;11;1;1;2;0;0;1;0;0;1;2;1;0;1;0;1;0;1;0;1;0;0;0;0;29;5;110;1;7;2;121;0;0;9;30;1;0;9;0;0;0;0;1;10;0;0;0;1;13;4;1;2;0;4;2;1;3;0;1;0;0;0;0;0;1;2;0;0;0;0;1;0;19;6;6;3;0;5;3;0;0;0;0;1;0;0;0;1;0;0;0;0;0;0;0;0;1;0;0;0;0;0;0;0;0;1;0;0;0;0;0;0;0;0;0;3;2;0;0;0;0;0;0;0;0;0;0;0
4;"Dom Ludowy w Złojcu, Złojec 138, 22-413 Nielisz";62007;"gm. Nielisz";"zamojski";"lubelskie";1;1;1;0;0;1;2;1;1;2;1;1;0;1;0;0;0;0;0;0;0;0;0;0;2;0;32;27;3;2;4;0;1;0;0;2;1;2;2;1;0;0;0;2;0;1;1;0;0;5;5;2;0;6;2;3;0;1;0;0;1;1;0;0;0;1;0;1;0;1;0;1;0;5;33;5;151;16;29;0;60;0;4;7;44;0;0;13;0;11;0;0;1;11;1;0;1;0;21;3;2;2;0;3;0;1;0;1;0;2;0;0;1;0;1;5;1;1;1;0;0;1;16;6;6;3;2;5;1;7;1;0;0;0;0;0;1;0;0;2;0;0;0;0;0;0;1;0;2;0;0;0;0;0;0;1;0;0;0;0;0;0;1;0;0;2;0;0;0;0;0;0;0;0;0;0;0;0
5;"Remiza OSP w Gruszce Dużej, Gruszka Duża 2, 22-413 Nielisz";62007;"gm. Nielisz";"zamojski";"lubelskie";1;1;0;0;0;0;0;0;0;0;0;1;0;0;1;0;0;0;0;0;0;0;0;0;0;0;9;2;0;5;2;0;0;0;0;0;0;0;1;0;0;0;0;1;0;0;0;1;1;4;6;0;0;0;0;0;0;0;0;0;0;0;0;0;0;0;0;0;0;0;1;0;0;0;8;1;39;7;6;0;20;0;0;0;4;0;0;12;0;0;0;0;0;7;0;0;0;0;2;1;0;0;0;0;0;0;0;0;0;0;0;1;0;0;0;1;0;0;0;0;0;0;4;3;1;0;2;2;0;0;0;0;0;1;0;0;0;1;0;0;0;1;0;0;0;0;5;1;1;0;0;0;0;0;0;3;0;0;0;0;0;0;0;0;0;0;0;0;0;0;0;0;0;0;0;0;0;0
6;"Świetlica Wiejska w Ruskich Piaskach, Ruskie Piaski 25, 22-413 Nielisz";62007;"gm. Nielisz";"zamojski";"lubelskie";1;1;0;2;1;0;0;1;0;0;0;0;0;0;0;0;0;0;0;0;0;0;0;0;0;0;6;8;0;1;2;0;0;0;0;0;2;0;0;0;0;0;0;1;0;0;0;0;1;0;0;0;0;0;0;0;0;0;0;0;0;1;1;0;0;0;0;0;0;0;0;0;0;0;8;2;54;0;2;1;26;0;0;1;22;0;1;3;0;0;0;0;0;0;0;0;0;1;3;3;0;0;0;1;0;0;1;1;0;0;0;1;0;0;0;0;1;1;0;0;0;0;8;4;1;4;1;3;0;1;0;1;0;0;0;0;0;1;0;0;0;0;0;0;1;0;1;1;0;0;0;0;0;0;0;0;0;0;0;0;0;0;0;0;0;0;0;0;0;0;0;0;0;0;0;0;0;0
7;"Remiza OSP w Ujazdowie, Ujazdów 105, 22-413 Nielisz";62007;"gm. Nielisz";"zamojski";"lubelskie";1;1;0;0;0;2;1;0;0;0;0;1;0;0;0;0;0;0;0;0;0;0;0;0;0;0;8;0;0;0;1;2;2;0;0;0;0;0;5;2;0;0;0;0;0;0;0;0;0;0;0;0;0;0;0;1;2;0;0;0;0;0;0;0;0;0;0;0;0;0;0;0;0;0;6;0;23;1;0;2;34;0;0;1;2;0;0;1;0;0;0;0;0;6;0;0;0;0;1;0;0;0;0;0;0;0;0;0;0;0;0;0;0;0;0;0;0;0;0;0;0;0;2;0;1;0;0;1;0;0;0;1;0;0;0;0;0;0;0;0;0;0;0;0;0;0;4;0;0;0;0;0;0;0;0;0;0;0;0;0;0;0;0;0;0;0;0;0;0;0;0;0;0;0;0;0;0;0
1;"Biblioteka Publiczna Gminy Radecznica, ul. B. Prusa 65A, 22-463 Radecznica";62008;"gm. Radecznica";"zamojski";"lubelskie";1;1;1;0;0;0;0;0;0;0;0;0;1;0;0;0;0;0;0;0;0;0;0;0;0;0;13;2;1;0;1;1;0;0;0;0;0;0;0;0;1;0;0;6;0;0;0;0;0;0;3;0;0;1;0;0;0;0;0;0;0;0;0;0;0;0;1;0;0;0;0;0;0;1;27;2;72;18;9;3;12;1;0;1;22;0;14;6;1;5;0;0;2;3;0;0;1;1;8;2;1;0;0;3;0;0;1;0;0;0;0;0;1;0;1;1;0;0;0;0;0;0;4;3;4;1;0;0;0;1;0;0;0;0;0;0;0;0;0;0;0;0;2;0;0;0;2;1;0;0;0;0;0;0;0;0;0;0;0;0;1;0;0;0;0;1;12;0;0;0;0;1;0;1;1;0;0;0
2;"Publiczna Szkoła Podstawowa im. Jana Pawła II, Zaburze 98A, 22-463 Radecznica";62008;"gm. Radecznica";"zamojski";"lubelskie";1;1;1;0;1;0;0;0;0;0;0;1;0;0;0;0;0;0;0;0;0;0;0;2;0;0;7;1;0;0;1;0;0;0;0;2;0;0;0;1;0;0;0;8;0;0;0;0;0;1;1;0;0;0;0;0;0;0;0;0;0;0;0;0;0;0;0;0;0;0;0;0;0;6;15;2;39;6;4;1;2;0;0;9;31;0;18;13;0;2;0;0;0;3;0;0;1;0;4;0;0;0;1;1;1;2;0;0;0;0;0;0;0;0;2;0;1;0;0;0;0;0;12;4;5;0;1;0;0;0;0;0;1;0;0;0;1;0;0;0;0;0;0;0;0;1;8;1;1;1;0;0;1;0;0;0;0;1;0;0;0;0;0;1;0;0;1;0;0;0;0;0;0;0;0;0;0;0
3;"Urząd Gminy, ul. B. Prusa 21, 22-463 Radecznica";62008;"gm. Radecznica";"zamojski";"lubelskie";1;1;2;0;0;0;0;1;0;1;0;0;0;0;1;0;0;1;0;0;0;0;0;3;0;1;22;2;2;0;1;1;0;0;0;0;0;0;1;0;0;0;0;36;0;0;0;0;0;4;4;0;1;2;0;1;0;0;1;0;1;0;2;1;0;1;0;0;0;0;0;3;0;1;30;3;52;10;5;0;12;0;3;11;18;0;16;11;0;0;0;0;0;6;0;0;1;2;9;0;1;0;0;2;0;0;1;0;0;3;0;1;1;1;0;2;1;0;0;0;0;0;7;10;10;1;2;1;0;1;0;1;0;0;1;0;1;0;0;0;0;0;0;0;0;0;10;2;1;0;0;2;0;0;0;0;0;0;0;0;0;0;0;0;0;0;2;0;0;0;0;0;0;0;0;0;0;0
4;"Publiczna Szkoła Podstawowa imienia Św. Antoniego z Padwy, ul. Gwarna 4, 22-463 Radecznica";62008;"gm. Radecznica";"zamojski";"lubelskie";1;1;2;0;0;0;1;0;0;0;0;0;0;1;0;0;1;0;0;0;0;0;0;0;0;0;3;1;0;0;3;0;0;0;0;1;0;1;0;0;0;0;0;7;0;0;1;0;0;0;3;0;0;0;1;1;1;1;0;0;1;0;0;0;0;0;4;0;0;0;0;1;1;1;20;5;51;9;1;1;18;1;0;12;11;0;22;15;0;1;2;0;0;1;0;0;0;2;9;1;1;0;1;1;0;1;1;0;0;0;0;0;0;0;0;2;1;1;0;0;0;0;9;1;2;0;0;1;0;1;0;0;0;0;0;0;0;1;0;1;0;1;1;0;0;1;4;0;0;0;0;0;0;0;0;0;0;2;0;0;0;0;0;0;0;0;3;0;0;0;0;0;0;2;0;0;0;0
5;"Publiczna Szkoła Podstawowa im. Kardynała Stefana Wyszyńskiego, Gorajec-Stara Wieś 114, 22-463 Radecznica";62008;"gm. Radecznica";"zamojski";"lubelskie";1;1;0;0;0;0;0;0;0;0;0;0;0;0;0;0;0;0;0;0;1;0;0;0;0;0;20;1;0;1;0;1;0;0;0;0;0;0;0;1;0;1;0;3;0;0;0;1;0;0;2;0;0;0;0;1;0;0;0;0;0;0;0;0;0;0;0;0;0;0;0;0;0;3;36;2;48;13;0;2;18;0;1;18;47;0;26;9;1;3;3;0;0;3;2;0;0;8;15;1;2;0;0;0;0;4;0;1;0;1;1;2;0;1;0;0;0;0;0;0;0;3;5;4;4;1;0;2;0;0;0;0;0;0;1;0;0;0;0;0;0;0;0;0;0;0;5;2;0;0;1;0;0;0;0;2;0;0;0;0;0;0;0;0;0;0;0;0;0;0;0;0;0;0;0;0;0;0
6;"Publiczna Szkoła Podstawowa imienia bł. ks. Zygmunta Pisarskiego, Czarnystok 129A, 22-463 Radecznica";62008;"gm. Radecznica";"zamojski";"lubelskie";1;1;0;0;0;0;2;0;0;0;0;0;0;0;0;0;1;0;0;0;0;0;0;0;0;1;31;2;1;0;0;1;0;0;0;0;0;0;0;0;1;0;0;2;0;0;0;0;0;2;6;0;0;0;0;0;0;0;0;1;0;0;0;0;0;0;0;0;0;0;1;0;0;4;29;1;37;9;4;1;52;0;2;69;59;0;15;6;1;0;0;0;0;3;1;1;1;1;20;3;3;0;0;3;4;4;2;0;0;0;1;0;0;0;3;0;0;1;1;0;0;2;4;4;0;1;0;0;0;0;0;1;0;1;1;0;0;0;0;0;0;0;0;0;0;1;7;0;0;1;2;0;0;0;1;8;0;0;0;0;1;0;0;0;0;0;0;0;0;0;0;0;0;0;0;0;0;0
7;"Remiza OSP, Latyczyn 95A, 22-463 Radecznica";62008;"gm. Radecznica";"zamojski";"lubelskie";1;1;0;0;0;0;0;0;0;1;0;0;0;0;0;0;0;0;0;0;0;0;0;1;1;0;13;3;2;1;4;0;0;0;0;0;0;0;0;0;0;0;0;2;1;0;0;0;0;0;5;0;0;0;0;0;0;0;0;0;0;0;0;0;0;0;1;0;0;0;0;0;0;0;16;0;59;15;2;0;2;0;0;7;14;0;13;2;1;4;0;0;0;11;0;0;1;6;5;4;2;1;0;1;0;1;1;0;0;1;0;2;0;1;1;0;0;0;0;0;0;1;2;2;0;0;0;0;0;0;0;0;0;0;0;0;0;0;0;1;0;0;0;0;0;0;2;0;0;0;0;0;0;0;0;0;0;0;0;0;0;0;0;0;0;0;3;0;0;0;0;0;0;0;0;0;0;0
8;"Świetlica wiejska, Mokrelipie 68, 22-463 Radecznica";62008;"gm. Radecznica";"zamojski";"lubelskie";1;1;1;0;0;0;0;1;0;0;0;0;1;0;1;0;0;0;0;0;0;0;0;2;0;0;8;8;0;1;1;0;0;0;0;0;0;0;0;0;0;0;0;7;0;0;0;0;0;0;1;0;1;0;0;0;0;0;0;0;1;0;0;0;0;0;0;1;0;0;0;0;0;1;10;0;36;13;6;0;2;0;1;9;27;0;8;4;0;0;1;0;0;1;0;0;0;0;7;0;1;1;0;0;0;1;0;0;0;0;0;0;0;0;0;0;0;0;0;0;0;2;6;4;4;0;1;2;0;1;0;0;0;0;1;0;0;0;0;0;0;0;0;0;0;1;2;1;0;1;0;0;0;0;0;2;0;1;0;0;0;0;0;0;0;0;0;0;0;0;0;0;0;0;0;0;0;0
9;"Świetlica Wiejska, Dzielce 30, 22-463 Radecznica";62008;"gm. Radecznica";"zamojski";"lubelskie";1;1;0;0;0;0;0;0;0;0;0;0;0;0;0;0;0;0;0;0;0;0;0;0;0;0;12;0;0;0;0;0;0;0;0;0;0;0;0;0;0;0;0;1;0;0;0;0;0;1;4;0;0;0;0;0;0;0;0;0;0;0;0;0;0;0;1;0;0;0;0;0;0;0;4;2;19;18;4;0;37;0;0;5;14;0;5;2;0;0;0;2;0;0;0;0;0;1;3;0;2;0;0;0;2;0;0;0;0;0;0;0;0;0;0;1;0;0;0;0;0;1;0;5;0;1;0;0;0;0;0;0;0;0;0;0;1;0;0;0;0;0;0;0;0;0;1;0;1;0;0;0;0;0;0;0;0;0;0;0;0;0;0;0;0;0;0;0;0;0;0;0;0;0;0;0;0;0
10;"Świetlica Wiejska, Gorajec-Zagroble 93, 22-463 Radecznica";62008;"gm. Radecznica";"zamojski";"lubelskie";1;1;0;2;1;1;0;0;0;0;1;1;0;0;0;0;0;0;0;0;0;0;0;0;0;0;12;0;0;0;3;0;0;0;0;0;1;0;0;0;0;1;0;1;0;0;0;0;0;3;3;0;0;1;0;0;0;0;0;0;0;0;0;0;0;1;0;0;0;0;0;0;0;1;40;5;25;11;5;0;10;0;0;11;12;0;8;30;0;2;0;0;0;0;0;0;0;3;6;0;2;0;1;0;0;1;1;0;0;0;0;0;0;0;0;1;2;0;0;0;0;0;3;6;1;1;0;0;1;3;1;1;0;0;0;0;0;0;0;0;0;0;0;0;0;0;0;0;0;0;0;0;0;0;0;1;0;0;0;0;0;0;0;0;0;0;0;0;0;0;0;0;0;0;0;0;0;0
11;"Samodzielny Publiczny Wojewódzki Szpital Psychiatryczny, ul. Klasztorna 4, 22-463 Radecznica";62008;"gm. Radecznica";"zamojski";"lubelskie";1;1;1;0;0;0;0;0;0;0;1;0;0;0;0;0;0;0;1;0;0;0;0;1;0;0;1;0;0;0;2;0;0;0;0;1;0;0;0;0;0;0;0;1;0;0;0;0;1;0;0;0;0;0;1;0;0;0;0;0;0;0;1;0;0;0;0;0;0;0;0;0;0;0;12;1;9;4;2;0;1;0;0;0;0;1;7;3;0;0;0;0;0;0;1;0;1;2;1;0;0;0;0;0;0;0;0;0;0;0;0;0;0;0;0;1;0;0;0;0;0;0;4;0;1;2;0;0;0;0;0;1;0;0;0;0;0;0;0;2;0;0;0;0;0;0;0;0;0;0;0;1;0;0;0;0;0;0;0;0;0;0;0;0;0;1;1;0;0;0;0;0;0;0;0;0;0;0
1;"Centrum Kultury z Biblioteką w Sitnie, Sitno 72, 22-424 Sitno";62009;"gm. Sitno";"zamojski";"lubelskie";1;1;0;1;0;1;0;0;0;1;0;0;1;0;0;0;0;0;0;0;0;0;0;0;0;0;9;7;1;0;1;0;2;0;1;0;0;1;0;0;0;0;0;0;0;1;0;0;0;0;13;1;1;1;1;0;0;1;0;0;1;0;1;0;0;0;1;0;0;0;0;0;0;0;21;3;47;7;2;0;5;0;0;0;46;0;1;55;0;4;0;0;0;6;0;0;0;0;15;1;3;2;0;0;0;0;1;0;0;0;0;0;0;0;0;0;1;1;0;0;0;0;18;5;4;1;0;4;0;10;0;1;0;0;0;1;0;3;0;1;0;1;2;0;0;5;5;0;0;1;1;0;0;1;0;2;0;0;0;3;0;0;1;0;0;1;0;0;0;0;0;0;0;0;0;0;0;0
2;"Dzienny Dom Senior + w Stanisławce, Stanisławka 75, 22-424 Sitno";62009;"gm. Sitno";"zamojski";"lubelskie";1;1;2;0;1;0;1;0;0;0;0;0;0;0;0;0;0;0;0;0;0;0;0;0;0;0;7;7;1;0;1;0;1;0;0;1;0;0;1;0;0;0;0;0;0;0;0;0;0;0;3;1;0;0;0;1;0;0;0;0;0;0;1;0;0;1;0;0;0;0;0;0;0;0;15;2;30;5;5;0;2;0;0;0;23;0;0;39;0;2;0;0;1;2;0;0;1;1;3;2;0;0;1;0;2;0;0;0;0;0;0;0;0;0;0;0;0;0;0;0;0;2;2;3;0;1;0;3;0;2;1;0;0;0;0;0;0;0;0;0;0;0;0;0;0;0;0;0;0;0;1;0;0;0;0;0;0;0;0;0;0;0;0;0;0;0;0;0;0;0;0;0;0;0;0;0;0;0
3;"Szkoła Podstawowa w Kolonii Sitno, Kolonia Sitno 51, 22-424 Sitno";62009;"gm. Sitno";"zamojski";"lubelskie";1;1;0;0;0;1;0;1;0;1;0;0;0;0;0;0;1;1;0;0;0;0;0;0;1;1;3;28;0;1;0;0;0;0;1;0;1;0;0;1;0;0;0;1;0;2;0;1;0;0;3;0;1;2;0;1;1;0;0;0;0;0;0;0;0;0;0;0;0;0;0;0;0;1;17;0;41;4;5;0;6;0;0;0;23;0;2;48;0;3;0;0;0;1;0;0;0;0;8;0;0;0;0;2;1;0;0;0;0;0;1;0;0;0;0;1;1;0;0;1;0;1;12;3;1;0;0;3;1;0;0;0;0;1;0;0;0;0;0;0;0;0;0;1;0;0;6;0;2;0;0;0;0;0;0;0;0;0;0;0;0;0;0;0;1;1;1;0;1;0;0;0;0;0;0;0;0;0
4;"Szkoła Podstawowa im. Stanisławy Baj w Horyszowie Polskim, Horyszów Polski 85, 22-424 Sitno";62009;"gm. Sitno";"zamojski";"lubelskie";1;1;2;0;0;0;0;4;0;0;0;0;0;0;1;1;1;0;0;0;1;0;0;0;1;0;11;14;1;0;3;1;2;0;0;1;0;0;2;0;2;0;0;1;1;0;0;0;0;1;4;1;1;0;0;1;0;0;0;0;1;0;1;1;0;0;1;2;0;0;0;1;0;0;13;0;60;4;2;2;6;0;0;1;43;0;3;230;0;2;0;0;2;0;0;1;0;8;12;2;0;1;1;0;2;1;0;0;0;0;2;0;2;0;1;2;2;0;1;0;0;0;6;2;2;2;0;1;0;0;0;0;0;0;2;0;0;0;0;1;0;0;0;0;0;0;5;1;0;0;0;1;0;0;0;0;0;0;1;0;0;0;0;0;0;1;0;0;0;0;0;0;0;0;0;0;0;0
5;"Szkoła Podstawowa im. Marii Dąbrowskiej w Jarosławcu, Jarosławiec 190, 22-424 Sitno";62009;"gm. Sitno";"zamojski";"lubelskie";1;1;2;0;0;3;3;0;1;1;0;4;0;0;0;0;0;0;1;0;0;0;0;2;0;1;21;55;1;0;4;2;2;2;0;0;2;1;1;2;1;0;0;1;0;0;0;0;0;2;14;2;0;2;0;2;18;4;0;2;0;0;1;0;0;2;1;0;0;0;0;2;0;1;55;20;148;11;11;1;31;1;2;2;89;0;4;57;2;3;1;0;1;9;1;0;1;10;37;5;3;3;1;2;2;1;1;1;0;1;3;1;2;0;0;5;3;0;2;0;0;1;40;19;16;3;3;13;0;12;2;2;0;0;0;0;5;3;0;1;0;0;1;1;0;3;3;1;2;0;1;0;1;0;2;2;0;0;0;0;0;0;0;0;0;1;1;0;0;0;1;0;0;0;0;0;0;1
6;"Szkoła Podstawowa w Cześnikach, Cześniki 125, 22-424 Sitno";62009;"gm. Sitno";"zamojski";"lubelskie";1;1;2;0;0;1;1;0;0;0;0;1;1;0;0;0;1;0;0;0;0;0;0;0;0;0;2;8;2;1;7;1;1;1;0;0;1;0;2;3;0;0;0;0;2;2;0;0;0;1;1;0;0;0;2;0;0;0;0;0;0;0;1;0;0;0;1;0;0;0;0;0;0;0;18;2;71;7;3;2;16;0;3;0;70;0;2;17;0;1;0;0;0;1;0;0;1;9;13;2;2;1;1;1;1;0;1;0;0;0;0;0;2;0;0;5;2;0;0;0;0;4;7;12;2;2;0;5;0;1;0;0;1;0;1;0;0;0;1;1;0;0;0;0;0;3;5;1;0;0;1;0;0;0;1;0;0;0;0;0;1;0;0;0;0;0;0;0;0;0;0;0;0;0;0;0;0;1
7;"Remiza Ochotniczej Straży Pożarnej w Czołkach, Czołki 40A, 22-424 Sitno";62009;"gm. Sitno";"zamojski";"lubelskie";1;1;1;1;0;0;0;0;0;0;0;0;0;0;0;0;1;0;0;0;0;0;0;0;2;0;1;7;2;0;0;0;0;0;0;1;0;0;0;0;0;0;0;1;0;0;1;0;1;1;2;0;1;0;1;0;0;0;0;0;0;0;2;0;0;0;0;0;0;0;2;0;0;2;16;2;63;5;1;1;16;0;0;1;26;0;0;19;0;1;0;0;0;2;0;0;0;1;13;0;1;0;0;0;2;1;0;1;0;1;1;0;3;0;2;0;0;0;0;0;1;1;3;1;1;0;0;2;0;3;1;0;0;0;0;0;0;0;0;0;0;0;0;0;0;0;3;1;0;0;0;0;0;0;0;1;0;0;0;0;0;0;0;0;0;0;0;0;0;0;0;0;0;0;0;0;1;1
8;"Świetlica wiejska (OSP) w Stabrowie, Stabrów 159A, 22-424 Sitno";62009;"gm. Sitno";"zamojski";"lubelskie";1;1;1;0;0;0;2;0;0;0;0;0;0;0;0;0;0;0;0;0;0;1;0;0;0;0;4;8;0;0;4;0;2;0;0;1;0;0;2;1;1;1;0;0;0;0;0;0;0;1;5;0;0;2;0;0;2;0;0;0;0;0;0;0;0;0;0;0;0;0;0;0;0;2;32;4;58;5;5;1;10;0;0;1;32;0;1;55;2;6;0;0;0;7;0;0;2;5;10;5;2;0;0;0;1;0;1;0;0;1;1;1;0;1;1;1;1;0;1;0;0;1;3;7;2;0;1;1;0;2;0;1;0;0;0;0;0;1;0;1;0;0;0;0;0;0;4;2;0;0;0;0;0;0;0;0;0;0;0;1;0;0;0;0;0;0;0;0;0;0;0;0;0;0;0;0;0;0
9;"Zespół Szkół w Kornelówce, Kornelówka 41, 22-424 Sitno";62009;"gm. Sitno";"zamojski";"lubelskie";1;1;2;0;1;0;1;0;1;0;0;0;0;0;0;0;0;0;0;1;0;0;0;0;0;0;6;11;1;0;0;0;0;0;0;0;0;1;1;0;0;0;0;0;0;0;1;0;1;2;1;0;1;1;0;0;0;0;0;0;0;0;0;0;0;0;0;0;0;0;0;0;0;0;26;3;39;2;2;0;6;1;0;1;10;1;0;17;1;4;0;0;1;6;0;0;0;0;13;1;1;0;0;3;1;2;0;1;0;0;0;0;2;0;2;0;0;0;1;0;0;1;6;2;2;0;0;3;0;1;1;0;0;0;1;0;1;0;0;0;0;1;0;0;0;0;1;0;0;0;0;0;0;0;0;1;0;0;1;0;0;0;0;0;0;1;0;0;0;0;0;0;0;0;0;0;0;0
10;"Świetlica Wiejska w Bożym Darze, Boży Dar 16A, 22-424 Sitno";62009;"gm. Sitno";"zamojski";"lubelskie";1;1;0;0;0;0;0;0;0;0;0;0;0;0;0;0;0;0;0;0;0;0;1;0;0;1;13;8;1;1;1;0;3;0;0;0;1;0;0;0;0;0;0;0;0;0;0;0;0;0;4;0;0;1;0;0;2;0;0;0;0;0;0;0;0;0;0;0;0;0;0;0;0;0;7;4;28;0;1;0;0;0;0;0;15;0;0;15;0;1;1;0;1;0;0;0;0;0;6;1;0;0;0;2;1;0;0;0;0;0;0;0;0;0;0;0;0;1;0;1;0;0;3;2;0;1;0;0;0;2;0;0;0;0;0;0;0;1;0;0;0;0;0;0;0;0;2;0;0;0;0;0;1;0;0;0;1;0;0;0;0;0;0;0;0;1;0;0;0;0;0;0;1;2;0;0;0;0
1;"Gminny Ośrodek Kultury, ul. Zielona 3, 22-420 Skierbieszów";62010;"gm. Skierbieszów";"zamojski";"lubelskie";1;1;6;0;0;1;1;2;0;2;0;2;0;0;3;0;1;0;0;0;0;2;0;4;2;0;39;37;11;3;8;0;1;0;2;0;6;0;1;0;0;0;0;0;1;1;0;1;1;1;22;1;1;4;1;6;2;2;0;0;1;0;4;1;0;2;0;0;0;0;1;2;0;0;97;25;260;52;14;4;20;0;2;6;153;1;0;77;4;5;0;0;2;9;2;0;1;20;44;2;6;5;6;20;1;0;1;0;1;4;0;2;1;0;2;5;4;2;3;0;1;2;52;30;5;7;1;17;1;9;1;4;1;1;3;1;0;1;0;6;0;0;1;0;0;0;19;4;2;0;2;1;0;0;0;1;2;0;1;1;0;0;0;1;0;2;0;0;0;0;0;0;0;0;0;0;1;0
2;"Warsztat Terapii Zajęciowej, Lipina Stara 48, 22-420 Skierbieszów";62010;"gm. Skierbieszów";"zamojski";"lubelskie";1;1;1;0;0;0;0;0;0;1;0;0;0;0;0;0;1;0;0;0;0;0;0;0;1;0;13;8;1;1;0;1;1;0;0;0;1;0;0;0;0;0;0;1;0;0;0;0;0;0;4;0;0;0;0;0;0;0;0;0;0;0;0;0;0;1;0;0;0;0;0;0;0;1;19;6;29;15;8;2;1;2;0;3;18;0;0;8;2;2;0;0;0;8;0;0;0;3;6;0;0;1;1;7;1;1;0;0;0;0;0;0;0;0;0;0;0;0;0;0;0;1;6;0;0;0;0;0;0;0;0;0;0;0;0;0;0;0;0;0;0;0;0;0;0;0;1;0;1;0;0;0;0;0;0;0;0;0;1;0;0;0;0;0;0;0;0;0;0;0;0;0;0;0;0;0;0;0
3;"Dom Strażaka, Majdan Skierbieszowski 107, 22-420 Skierbieszów";62010;"gm. Skierbieszów";"zamojski";"lubelskie";1;1;0;0;0;0;0;0;0;0;0;1;0;0;0;0;2;0;0;0;0;0;0;0;4;0;4;1;2;2;0;1;2;0;0;0;0;0;0;0;0;0;0;0;0;0;0;1;0;0;2;0;2;0;1;0;0;0;0;0;0;0;0;0;0;0;1;0;1;0;1;0;0;0;27;6;36;15;3;0;0;2;0;0;9;0;0;12;1;0;0;0;0;2;0;0;0;3;1;0;0;0;0;6;2;0;0;0;0;0;1;0;0;0;0;0;1;0;0;0;0;0;4;1;1;0;0;0;0;3;0;0;0;0;0;0;0;1;0;0;0;0;0;0;0;0;1;0;1;0;0;0;0;1;0;0;1;0;1;0;0;0;0;0;0;0;0;0;0;0;0;1;0;0;0;0;0;0
4;"Szkoła Podstawowa, Sulmice 12, 22-420 Skierbieszów";62010;"gm. Skierbieszów";"zamojski";"lubelskie";1;1;0;2;1;1;0;0;0;1;0;3;0;0;0;0;2;0;0;0;1;0;0;1;1;0;9;8;0;1;2;0;0;0;1;2;1;0;2;0;1;0;0;0;1;0;0;0;0;1;4;0;0;1;0;1;0;1;0;0;2;0;1;0;0;0;0;0;1;0;0;0;0;0;23;4;78;29;1;0;6;0;0;4;46;1;1;6;1;2;1;1;0;7;0;0;0;3;9;0;1;1;0;2;1;2;1;0;0;1;0;0;0;0;1;0;0;0;0;0;1;0;10;9;6;0;0;2;0;0;0;0;0;0;0;0;0;0;0;0;0;0;0;0;0;0;1;0;1;0;0;0;0;1;0;0;0;0;1;2;0;0;0;0;0;0;0;0;0;0;0;0;0;0;0;0;0;0
5;"Szkoła Podstawowa, Dębowiec 178, 22-420 Skierbieszów";62010;"gm. Skierbieszów";"zamojski";"lubelskie";1;1;2;1;0;0;1;0;0;0;0;0;1;0;1;1;0;0;0;0;0;2;0;0;0;0;4;7;2;0;1;0;0;1;2;0;0;0;0;0;0;0;0;0;0;0;1;0;0;0;6;0;0;1;0;2;0;1;0;1;1;0;0;0;0;0;0;0;0;0;0;0;0;0;49;16;80;27;3;5;3;2;2;4;34;0;0;19;0;1;0;0;1;4;1;0;0;7;11;2;0;0;2;4;3;1;0;0;0;1;0;1;4;0;0;2;0;0;1;0;3;1;9;6;1;2;0;3;1;9;1;0;1;1;0;0;1;0;1;1;0;0;1;0;0;0;2;1;0;0;1;0;0;0;0;0;0;2;0;0;0;0;0;0;0;1;0;0;0;0;0;0;0;0;0;0;0;0
6;"Dom Strażaka, Łaziska 89, 22-420 Skierbieszów";62010;"gm. Skierbieszów";"zamojski";"lubelskie";1;1;0;0;1;0;0;0;0;0;0;0;0;0;0;0;1;0;0;0;0;0;0;1;0;0;0;0;1;0;0;0;0;0;2;0;0;0;0;0;1;0;0;1;0;0;0;0;0;1;4;0;0;1;0;0;0;0;0;0;0;0;0;0;0;0;0;0;0;0;0;0;0;0;21;7;19;6;1;0;4;1;1;0;22;0;1;4;2;3;0;0;0;3;0;0;1;1;1;1;0;0;2;1;0;0;0;0;0;0;0;0;0;0;0;0;2;0;0;0;0;0;4;0;1;0;0;1;0;0;0;0;0;0;0;0;0;0;0;0;0;0;0;0;0;0;3;1;0;0;0;0;0;0;0;2;0;0;0;1;0;0;0;0;0;0;0;0;0;0;0;0;0;0;0;0;0;0
1;"Świetlico-remiza, Krasne 145E, 22-417 Stary Zamość";62011;"gm. Stary Zamość";"zamojski";"lubelskie";1;1;0;0;1;0;1;0;1;0;0;2;0;1;0;0;2;0;0;0;0;0;0;0;0;0;4;18;1;2;1;0;1;0;1;0;0;0;1;1;0;0;1;0;0;1;0;0;0;0;5;0;2;0;2;1;3;0;1;0;0;0;1;0;0;0;1;0;0;0;0;0;0;0;22;4;52;5;2;1;25;0;0;6;38;0;3;16;0;3;1;0;0;6;0;0;0;2;13;1;2;0;0;1;1;0;1;0;0;0;0;0;0;0;0;1;4;0;0;0;0;1;7;3;0;2;0;1;0;2;1;0;0;0;1;0;2;1;0;0;0;0;0;0;0;0;0;0;0;1;0;0;0;0;0;0;0;0;0;1;0;0;0;0;0;1;0;0;0;0;0;0;0;0;0;0;0;0
2;"Gminny Ośrodek Kultury, Stary Zamość 5a, 22-417 Stary Zamość";62011;"gm. Stary Zamość";"zamojski";"lubelskie";1;1;2;0;0;0;2;1;0;1;0;1;1;0;1;0;0;0;0;0;1;0;0;0;0;0;23;29;1;2;3;0;1;0;0;3;1;0;1;2;0;0;0;2;0;1;0;0;0;3;13;0;0;3;0;2;2;1;1;0;1;0;1;0;0;0;0;1;0;0;0;0;0;1;39;15;139;15;14;1;27;1;1;3;68;0;4;25;2;8;1;0;2;15;5;0;0;7;36;5;5;1;2;4;1;2;3;0;0;1;2;2;4;0;2;6;0;0;1;0;1;2;25;15;3;5;0;9;2;18;0;0;0;0;1;0;1;0;0;1;0;0;0;0;0;0;4;0;4;0;0;0;0;0;0;4;0;0;1;3;0;0;0;0;0;0;1;0;0;0;1;0;0;0;0;0;0;0
3;"Garaż OSP Wierzba, Wierzba 115, 22-417 Stary Zamość";62011;"gm. Stary Zamość";"zamojski";"lubelskie";1;1;1;0;0;0;1;2;1;1;0;0;1;0;0;0;1;0;1;0;0;1;0;2;0;1;17;25;6;1;7;1;3;0;4;1;1;1;3;1;1;1;0;1;0;0;2;1;0;3;17;4;3;1;0;1;0;1;0;0;4;0;0;0;0;0;0;0;0;0;0;0;0;1;25;10;142;8;10;3;30;1;0;8;66;0;0;14;0;6;0;1;0;12;0;0;0;7;15;3;3;1;0;5;1;0;2;1;0;2;1;4;1;0;1;3;1;0;0;0;0;0;36;15;6;2;0;8;0;6;1;0;0;0;1;0;0;0;0;0;0;0;2;1;0;0;5;0;2;0;0;1;0;1;0;0;0;0;0;11;0;0;0;0;0;0;0;0;0;0;0;0;0;0;0;0;0;0
4;"Remiza OSP Chomęciska Małe, Chomęciska Małe 20A, 22-417 Stary Zamość";62011;"gm. Stary Zamość";"zamojski";"lubelskie";1;1;1;0;0;0;0;0;0;0;0;0;0;0;0;0;1;0;0;0;0;0;0;1;0;0;6;15;0;0;1;1;0;0;0;0;0;0;0;0;0;0;0;0;0;1;0;0;0;0;5;1;0;0;0;0;1;1;0;0;0;0;0;0;0;0;0;0;0;0;0;0;0;0;15;4;66;2;10;0;14;2;0;1;40;0;0;10;0;5;1;0;0;9;2;0;2;4;4;1;3;0;0;1;2;2;0;1;0;2;0;1;0;0;0;0;0;1;0;0;1;0;13;3;2;1;0;3;1;1;0;0;0;0;0;0;0;0;0;2;0;0;0;0;0;1;5;2;0;0;0;0;0;0;1;0;0;0;0;0;0;0;0;1;0;0;0;0;0;0;0;0;0;0;0;0;0;0
5;"Wiejski Dom Kultury Udrycze-Wola, Udrycze-Wola 1, 22-417 Stary Zamość";62011;"gm. Stary Zamość";"zamojski";"lubelskie";1;1;2;1;0;1;1;2;0;0;0;1;0;0;0;0;0;0;1;0;0;0;0;1;0;0;6;6;2;1;0;0;0;0;0;0;2;0;0;0;0;0;0;2;0;0;0;0;0;0;10;1;0;1;1;1;1;0;0;2;0;1;1;0;0;0;0;0;0;0;0;0;0;0;16;3;39;2;1;1;4;0;0;4;22;1;2;8;0;0;0;0;1;2;0;0;0;1;19;0;2;0;0;0;0;0;0;0;1;0;0;0;1;0;0;0;0;1;0;0;0;2;17;5;0;2;0;4;0;4;0;0;0;0;0;0;0;0;1;0;0;0;1;0;0;0;8;0;0;0;0;0;0;0;0;0;1;0;0;0;0;0;0;0;0;1;0;0;0;0;0;0;0;0;0;0;0;0
6;"Dom Ludowy Chomęciska Duże Drugie, Chomęciska Duże 140, 22-417 Stary Zamość";62011;"gm. Stary Zamość";"zamojski";"lubelskie";1;1;0;0;0;2;2;1;0;1;0;0;0;0;0;1;1;0;1;0;1;0;0;0;1;0;13;15;1;3;2;0;2;1;0;0;2;0;3;0;0;0;0;0;1;0;0;0;0;0;0;0;0;0;1;0;1;0;0;0;1;1;0;0;0;0;0;0;0;0;0;0;0;2;24;5;83;4;7;2;18;2;0;9;22;0;1;12;2;4;1;0;0;2;0;0;1;3;10;1;2;1;0;1;1;0;0;1;0;0;0;1;0;0;2;0;0;0;0;0;0;0;3;2;2;0;0;10;9;5;1;0;0;0;0;0;0;0;0;0;0;1;0;0;0;0;2;0;2;0;1;0;0;0;0;4;0;0;2;1;1;0;0;0;0;0;0;0;0;0;0;0;0;0;0;0;0;0
7;"Szkoła Filialna, Udrycze-Koniec 12A, 22-417 Stary Zamość";62011;"gm. Stary Zamość";"zamojski";"lubelskie";1;1;1;0;0;0;2;0;1;0;0;0;0;1;0;0;1;0;0;0;0;0;0;0;1;0;6;9;2;2;0;0;0;0;0;0;0;0;3;0;0;1;0;0;0;1;1;0;0;0;1;0;0;0;0;1;1;1;0;0;0;0;0;0;0;0;0;0;0;0;0;0;0;0;23;1;26;5;0;0;4;0;3;0;28;0;0;10;0;1;0;0;1;1;0;0;0;0;2;0;1;1;1;0;1;0;1;0;0;0;0;1;0;0;0;0;1;0;0;0;0;1;10;4;0;0;0;1;0;2;0;1;1;0;0;0;0;0;0;0;0;0;0;0;0;0;0;0;0;1;0;0;0;0;0;0;0;0;1;0;0;0;0;0;0;0;0;0;0;0;0;0;0;0;0;0;0;0
8;"Świetlica wiejska, Udrycze-Kolonia 16B, 22-417 Stary Zamość";62011;"gm. Stary Zamość";"zamojski";"lubelskie";1;1;0;0;0;0;0;0;0;0;0;0;0;0;0;0;0;0;0;0;0;0;0;0;0;0;1;8;0;1;1;0;1;0;0;0;0;0;0;1;0;0;0;0;0;0;0;1;0;0;0;0;0;0;0;0;0;1;0;0;0;0;1;0;0;0;0;0;0;0;0;0;0;0;13;2;24;0;0;1;1;1;0;7;4;0;0;1;0;0;0;0;0;2;1;0;0;1;3;3;0;0;1;2;0;0;0;0;0;0;0;0;1;0;1;0;0;0;0;0;0;2;4;1;0;1;0;0;0;0;1;0;0;0;0;0;0;0;0;0;0;0;0;0;0;0;0;1;0;0;0;0;0;0;0;0;0;0;0;0;0;0;0;0;0;0;0;0;0;0;0;0;0;0;0;0;0;0
1;"Szkoła Podstawowa w Sułowie, Sułów 64, 22-448 Sułów";62012;"gm. Sułów";"zamojski";"lubelskie";1;1;1;0;0;0;0;1;1;0;0;0;0;1;0;0;1;0;0;0;1;0;0;0;2;0;16;11;1;0;3;0;0;0;0;0;3;0;0;0;0;0;0;0;0;0;0;0;0;1;6;0;1;2;0;0;2;0;0;0;0;0;0;0;0;0;0;0;0;0;0;1;0;0;22;1;52;9;3;1;40;0;0;7;48;0;2;11;0;3;0;0;3;8;0;0;0;1;8;3;0;4;0;0;0;0;1;0;1;0;0;0;0;0;0;2;0;0;0;0;0;0;6;1;4;1;0;0;0;1;0;0;0;0;0;0;0;0;1;0;0;0;0;0;0;1;0;0;1;0;0;0;0;0;0;0;0;0;0;0;0;0;0;0;0;0;4;0;0;0;0;0;0;0;3;0;0;0
2;"Remizo-świetlica w Deszkowicach Pierwszych, Michalów ul. Chmielna 78, 22-448 Sułów";62012;"gm. Sułów";"zamojski";"lubelskie";1;1;1;1;0;0;0;2;1;3;0;1;0;0;0;0;2;0;0;0;0;0;0;2;0;0;8;2;2;2;1;2;3;0;1;0;2;0;2;0;0;0;0;4;0;0;0;0;0;5;2;0;0;1;1;1;1;0;0;1;0;1;0;0;0;0;0;1;0;0;0;0;0;0;27;5;95;8;5;1;24;0;3;3;80;1;5;15;0;4;0;0;2;5;3;0;0;6;6;4;3;0;2;4;1;0;1;0;0;0;0;2;1;0;1;0;0;0;0;0;0;4;18;8;6;1;1;4;0;1;0;1;0;0;1;0;1;0;0;1;0;0;0;0;0;0;6;2;1;0;0;0;0;0;0;5;1;0;0;0;0;0;0;0;0;0;5;0;0;0;0;0;0;2;1;0;0;0
3;"Remizo-świetlica w Sąsiadce, Sąsiadka 148, 22-448 Sułów";62012;"gm. Sułów";"zamojski";"lubelskie";1;1;1;0;0;1;0;1;0;4;0;1;0;1;0;0;0;0;0;0;0;0;0;0;0;0;5;1;1;0;2;0;0;0;0;0;0;1;0;0;0;0;0;2;0;0;0;0;0;0;6;0;1;0;4;1;0;1;0;0;1;0;0;0;0;0;0;0;1;0;0;0;0;1;23;3;56;13;0;0;10;0;0;9;55;0;1;10;0;1;0;1;0;4;0;0;1;0;7;1;2;0;1;2;0;0;2;0;0;1;0;2;1;0;1;1;1;0;0;0;0;1;18;5;1;1;0;1;0;1;0;0;0;0;0;0;0;0;0;2;0;0;0;0;0;0;8;0;0;0;0;0;0;0;2;0;0;3;0;0;0;0;0;0;0;1;15;0;0;0;0;0;0;0;0;0;0;0
4;"Remizo-świetlica w Tworyczowie, Tworyczów 19a, 22-448 Sułów";62012;"gm. Sułów";"zamojski";"lubelskie";1;1;2;1;0;2;0;3;0;1;0;0;0;0;0;0;0;0;0;0;0;0;0;1;0;0;31;4;3;3;1;0;2;0;0;0;1;1;3;0;1;0;0;5;0;0;0;0;0;2;9;0;0;0;0;0;3;3;0;0;0;0;0;0;0;0;0;0;0;0;0;0;0;0;24;1;90;18;5;2;54;0;2;4;79;1;3;10;1;1;0;0;0;4;0;0;1;7;24;5;4;0;0;1;1;0;6;0;0;0;1;0;1;0;0;1;0;0;1;0;0;5;14;7;2;2;0;2;1;1;2;0;1;0;0;0;1;2;0;0;0;0;1;0;0;0;7;0;1;0;3;1;0;0;0;0;0;1;1;0;0;0;0;0;0;0;0;0;0;0;0;1;0;0;18;0;0;0
5;"Szkoła Podstawowa im. Świętego Jana Pawła II w Michalowie, Michalów ul. Osiedlowa 11, 22-448 Sułów";62012;"gm. Sułów";"zamojski";"lubelskie";1;1;0;0;0;0;3;5;0;0;0;0;0;0;1;0;1;0;0;0;2;1;0;0;1;0;20;16;1;2;2;2;0;1;0;2;1;3;1;0;0;0;0;3;0;0;0;0;0;0;6;2;0;1;1;1;0;0;0;0;0;0;1;1;0;0;0;1;0;0;0;2;0;0;20;12;77;6;1;0;3;1;1;4;36;1;9;25;0;0;1;0;2;6;0;1;0;2;7;1;4;0;0;0;1;1;1;0;0;0;0;2;0;1;1;0;0;1;0;0;0;2;11;7;8;2;0;5;1;0;2;0;0;0;1;0;1;3;0;0;0;0;0;1;0;1;2;1;0;0;0;0;0;0;0;0;0;0;0;0;0;0;1;0;0;0;5;0;0;0;0;0;0;0;0;0;0;0
6;"Świetlica wiejska w Deszkowicach Drugich, Deszkowice Drugie 115, 22-448 Sułów";62012;"gm. Sułów";"zamojski";"lubelskie";1;1;0;0;0;0;1;2;0;0;0;2;0;0;0;0;0;0;0;0;0;1;1;0;0;0;6;3;0;1;2;1;0;0;0;1;0;0;1;1;0;0;0;1;1;0;0;0;0;1;1;0;0;0;0;0;0;0;0;0;0;0;0;0;0;0;0;0;0;0;0;0;0;0;7;5;45;5;8;3;6;0;0;5;37;0;5;12;0;1;0;0;0;1;0;0;0;0;9;2;0;0;0;3;0;0;0;0;0;0;0;0;1;0;0;0;2;0;0;0;2;0;4;1;3;0;0;0;0;0;0;0;0;0;0;0;1;0;0;2;0;0;0;0;0;0;1;0;0;0;1;0;0;0;1;0;0;2;0;0;0;0;0;0;0;1;1;0;0;0;0;0;0;0;0;0;0;0
1;"Urząd Miejski, pl. Plac Tadeusza Kościuszki 1, 22-460 Szczebrzeszyn";62013;"gm. Szczebrzeszyn";"zamojski";"lubelskie";1;1;3;0;0;3;2;21;0;1;0;2;0;1;1;0;4;1;1;0;0;0;2;3;0;1;30;13;5;2;3;0;0;1;1;2;0;0;5;0;1;0;0;3;2;0;1;0;0;4;38;1;4;6;0;2;6;6;1;1;2;0;1;0;0;2;0;3;0;0;1;0;1;0;45;4;137;7;9;4;11;1;4;5;39;1;25;7;3;4;1;0;4;6;1;0;2;6;11;2;3;0;0;0;1;4;16;0;0;0;0;0;1;0;1;1;2;0;1;0;1;0;44;33;21;4;0;3;1;20;3;2;1;1;0;1;0;2;0;2;0;1;0;1;2;0;17;3;2;2;0;0;2;0;0;4;0;1;0;0;0;1;0;2;0;0;0;0;0;0;0;0;0;0;0;0;0;0
2;"Miejski Dom Kultury, ul. Sądowa 3, 22-460 Szczebrzeszyn";62013;"gm. Szczebrzeszyn";"zamojski";"lubelskie";1;1;1;1;0;0;1;23;0;1;0;0;0;0;1;0;0;0;0;0;0;0;0;1;1;0;15;14;4;5;7;1;0;0;0;1;0;1;2;0;0;0;0;0;2;0;0;0;0;4;16;0;1;3;1;1;10;0;0;0;0;0;1;0;0;2;0;0;0;0;0;0;0;6;42;9;69;3;2;1;9;0;0;11;33;0;21;17;1;5;1;0;1;2;2;0;1;4;10;3;2;4;0;0;0;0;9;0;0;0;0;2;0;0;0;1;2;0;0;1;1;3;24;18;19;4;0;3;1;9;0;0;0;1;1;0;2;0;1;3;0;0;0;0;0;0;20;1;1;0;0;0;1;0;0;0;0;0;0;0;0;0;1;0;0;0;1;0;0;0;0;0;0;1;0;0;0;0
3;"Zespół Szkół Nr 2 im. dr Z. Klukowskiego, ul. Zamojska 70, 22-460 Szczebrzeszyn";62013;"gm. Szczebrzeszyn";"zamojski";"lubelskie";1;1;1;2;0;3;0;17;0;0;0;0;0;0;0;1;2;0;0;1;0;0;0;3;0;0;8;2;4;1;3;1;1;0;1;0;3;0;0;1;0;1;0;3;1;0;0;0;1;0;9;1;0;0;0;0;0;1;0;0;0;0;0;0;0;0;0;0;1;0;0;1;0;0;39;5;61;3;9;1;7;1;2;10;31;0;16;4;2;2;0;1;0;3;2;1;1;2;10;1;1;0;1;0;2;1;3;1;0;0;0;2;0;0;0;0;0;0;0;0;0;1;31;10;7;1;3;4;2;8;1;1;0;0;1;0;0;1;0;3;0;0;1;1;1;0;3;1;0;0;0;0;0;0;0;1;0;0;0;1;0;0;1;0;0;1;1;0;0;0;0;0;0;1;0;0;0;0
4;"Szkoła Podstawowa Nr 3, ul. Zamojska 189, 22-460 Szczebrzeszyn";62013;"gm. Szczebrzeszyn";"zamojski";"lubelskie";1;1;1;0;1;0;0;17;0;0;0;0;0;0;0;0;1;0;0;0;0;0;0;1;0;0;15;10;0;3;2;1;0;0;1;1;1;0;0;2;0;0;0;2;2;0;0;0;0;1;8;0;0;4;1;0;3;1;1;0;0;0;1;0;1;0;1;0;1;0;0;0;1;2;40;11;78;9;8;6;17;2;1;8;50;2;19;0;1;6;1;1;1;11;0;0;0;0;8;5;7;0;1;1;2;0;21;0;0;2;0;1;0;0;0;1;0;0;0;1;0;0;16;7;10;1;2;4;0;5;2;0;0;1;6;0;0;0;0;1;0;0;0;0;0;0;2;2;0;0;0;2;3;1;1;0;0;0;1;0;0;0;1;0;0;0;1;0;1;0;0;0;0;0;0;0;0;0
5;"Wiejski Klub Kultury, Kawęczyn 42, 22-460 Szczebrzeszyn";62013;"gm. Szczebrzeszyn";"zamojski";"lubelskie";1;1;3;1;0;0;2;8;1;1;0;1;0;0;0;0;0;1;0;0;0;0;0;0;0;2;11;3;0;0;1;1;0;1;1;1;2;0;0;1;0;0;0;1;0;0;0;0;0;1;7;0;2;3;0;0;2;4;0;0;0;0;0;0;0;0;0;1;0;0;0;1;0;0;44;5;95;8;6;2;27;0;1;3;53;0;12;16;0;1;0;0;4;3;0;0;2;1;14;1;1;1;0;0;1;0;16;0;0;1;0;0;0;1;0;0;0;0;0;1;0;0;20;7;5;0;0;1;1;4;1;0;0;0;0;0;0;0;0;0;0;0;0;0;1;0;9;2;0;0;2;0;0;0;0;1;0;0;0;0;0;0;1;0;0;0;0;0;1;0;0;1;0;0;0;0;0;0
6;"Szkoła Podstawowa, Bodaczów 501, 22-460 Szczebrzeszyn";62013;"gm. Szczebrzeszyn";"zamojski";"lubelskie";1;1;2;2;0;1;5;109;0;2;0;0;0;0;0;0;0;0;0;0;0;0;0;0;1;0;29;21;2;4;7;2;1;0;2;1;5;1;2;2;1;1;0;7;4;2;0;1;0;2;11;1;0;3;1;5;0;1;0;0;2;0;1;2;0;2;0;0;0;0;0;0;0;3;75;11;151;13;15;3;14;3;5;26;89;2;33;9;1;6;0;0;4;9;1;0;0;9;23;1;5;1;2;6;2;1;20;1;0;1;1;0;0;0;2;2;2;0;0;2;0;3;25;10;14;3;1;5;2;4;2;0;0;1;4;0;1;1;1;2;0;1;0;0;0;0;19;0;1;0;0;0;1;2;2;5;0;0;0;0;0;0;0;0;0;0;1;0;0;0;0;0;0;1;1;0;0;0
7;"Remiza OSP, Brody Małe 25, 22-460 Szczebrzeszyn";62013;"gm. Szczebrzeszyn";"zamojski";"lubelskie";1;1;0;0;0;0;1;5;0;1;0;0;0;0;1;0;2;0;0;0;0;0;1;2;2;1;15;3;2;0;2;0;1;0;0;0;2;0;0;0;1;0;0;0;0;0;1;0;0;2;10;0;1;2;1;0;0;0;0;0;1;0;0;0;0;0;0;0;0;0;0;0;0;0;24;3;39;13;4;2;5;0;0;2;14;0;5;6;1;1;0;0;4;5;0;0;0;1;5;1;2;0;0;0;1;0;8;0;0;0;0;1;1;0;0;0;4;0;0;0;0;2;21;8;7;0;1;2;1;3;1;0;0;0;1;0;4;1;0;1;0;0;0;0;0;0;10;0;1;0;0;0;0;0;0;0;0;0;0;0;0;0;0;0;1;0;2;0;0;0;1;0;0;0;0;0;0;2
8;"Remiza OSP, Brody Duże 56, 22-460 Szczebrzeszyn";62013;"gm. Szczebrzeszyn";"zamojski";"lubelskie";1;1;0;0;0;0;0;6;0;1;0;1;0;0;0;0;0;0;1;0;0;0;0;1;0;0;16;7;3;2;1;0;0;0;0;2;0;1;0;0;1;0;1;0;0;0;0;0;0;3;2;0;1;0;2;2;5;1;0;0;1;0;0;0;0;0;0;0;0;0;0;0;0;0;16;3;25;9;4;3;6;0;11;12;36;0;9;6;1;0;0;0;0;2;0;0;0;1;12;2;1;0;0;0;0;0;0;0;0;0;1;1;0;0;0;0;1;0;0;0;0;0;9;7;6;2;0;6;0;1;0;1;0;0;0;1;0;0;0;2;0;1;0;1;0;0;1;0;0;0;0;0;0;0;0;1;0;0;0;0;0;0;0;0;0;0;1;0;0;0;0;0;0;0;0;0;0;0
9;"Szkoła Podstawowa, Niedzieliska 111, 22-460 Szczebrzeszyn";62013;"gm. Szczebrzeszyn";"zamojski";"lubelskie";1;1;1;2;2;0;1;14;0;3;0;1;0;1;0;0;1;0;0;0;4;1;0;3;0;0;9;16;2;2;1;2;2;0;1;0;0;0;1;1;0;0;0;0;1;1;1;0;0;2;5;0;2;0;0;0;2;1;0;0;0;0;0;0;1;0;0;0;1;0;0;0;0;0;36;8;75;12;16;0;12;1;8;32;29;0;31;16;2;8;0;0;2;10;0;1;2;6;12;4;2;1;1;1;0;1;1;0;1;1;0;1;0;0;0;3;1;0;1;1;0;1;8;13;4;1;1;5;0;3;0;0;0;0;0;0;0;0;1;1;0;0;0;0;0;1;2;0;1;0;0;1;0;0;1;5;0;2;1;0;0;0;0;0;0;0;0;0;0;0;0;0;0;2;0;0;0;0
10;"Szkoła Podstawowa, Wielącza Poduchowna 53, 22-460 Szczebrzeszyn";62013;"gm. Szczebrzeszyn";"zamojski";"lubelskie";1;1;1;0;0;2;1;7;0;0;0;2;0;1;0;0;0;0;0;0;0;0;0;0;0;0;10;21;4;1;2;1;1;0;0;1;1;1;2;3;1;0;0;2;0;0;0;1;0;4;1;0;0;0;0;0;0;0;0;0;1;0;0;0;0;2;0;1;0;0;0;0;0;0;26;10;89;4;6;2;2;0;0;13;93;0;7;18;0;2;1;0;2;3;2;0;0;1;22;0;0;0;0;0;0;0;5;1;0;1;1;2;2;0;0;0;2;0;0;0;0;0;17;3;2;5;0;3;1;4;1;0;0;0;2;1;1;0;0;1;0;0;0;0;0;0;6;3;0;0;1;0;0;1;0;2;0;0;0;0;0;0;0;0;0;1;2;0;0;0;1;0;0;0;0;0;0;0
11;"Szkoła Podstawowa, Wielącza-Kolonia 97, 22-460 Szczebrzeszyn";62013;"gm. Szczebrzeszyn";"zamojski";"lubelskie";1;1;2;0;0;0;0;4;0;0;0;1;1;0;2;0;1;0;0;0;0;0;0;3;0;0;8;7;2;1;2;0;1;0;0;0;1;0;0;0;0;0;0;1;0;0;0;0;1;0;5;0;0;1;0;1;0;1;1;0;0;0;1;0;0;0;1;2;0;0;0;1;0;0;14;1;53;0;9;0;2;0;3;5;44;0;1;6;0;1;0;0;1;1;3;0;2;0;11;4;0;0;1;1;0;0;3;0;0;0;1;0;1;0;0;2;0;1;0;0;1;3;7;1;1;2;1;0;0;1;0;1;0;0;0;1;0;0;0;0;0;0;0;0;0;0;3;1;0;0;1;0;0;0;0;0;0;0;0;2;0;0;0;0;0;0;0;0;0;0;0;0;0;1;0;0;0;1
12;"Remiza OSP, Kąty Pierwsze 38, 22-460 Szczebrzeszyn";62013;"gm. Szczebrzeszyn";"zamojski";"lubelskie";1;1;2;1;0;2;0;2;0;0;0;0;0;0;1;0;0;0;0;0;0;0;0;0;0;0;4;5;0;0;0;0;0;1;0;0;0;0;0;0;0;0;0;0;0;1;0;0;0;0;1;0;0;1;0;0;0;0;0;0;0;0;0;0;0;0;0;0;0;0;0;0;0;0;7;3;21;1;4;0;6;1;0;2;9;0;4;1;0;2;2;0;0;0;0;0;0;0;10;2;1;0;0;0;0;0;0;1;0;1;0;0;3;0;0;1;1;0;0;0;0;0;3;9;1;1;0;1;0;4;0;0;0;0;1;0;0;0;0;0;0;0;0;0;0;0;3;0;0;0;0;0;0;0;0;0;0;0;0;0;0;0;0;0;0;0;0;0;0;0;0;0;0;0;0;0;0;0
13;"Samodzielny Publiczny Zespół Opieki Zdrowotnej, ul. Doktora Klukowskiego 3, 22-460 Szczebrzeszyn";62013;"gm. Szczebrzeszyn";"zamojski";"lubelskie";1;1;0;0;0;0;0;0;0;0;0;0;0;0;0;0;0;0;0;0;0;0;0;0;0;0;1;0;0;0;0;0;0;0;0;0;0;0;0;0;0;0;0;0;0;0;0;0;0;0;0;0;0;0;0;0;0;0;0;0;0;0;0;1;0;0;0;0;0;0;0;0;0;0;3;0;2;0;0;0;0;0;0;1;1;0;0;0;0;0;0;0;0;1;0;0;0;1;0;0;0;0;0;0;0;0;0;0;0;0;0;0;0;0;0;0;0;0;0;0;0;0;1;0;0;0;0;0;0;1;0;0;0;0;0;0;0;0;0;0;0;0;0;0;0;0;0;0;0;0;0;0;0;0;0;0;0;0;0;0;0;0;0;0;0;0;0;0;0;0;0;0;0;0;0;0;0;0
1;"Świetlica Wiejska, Mokre 116, 22-400 Zamość";62014;"gm. Zamość";"zamojski";"lubelskie";1;1;5;0;0;1;1;2;0;1;0;2;0;0;1;1;1;0;0;0;0;0;0;0;1;1;19;40;2;0;2;2;4;0;0;1;1;0;5;4;1;0;0;0;1;2;0;1;2;2;12;1;1;1;0;0;6;2;0;1;0;0;3;0;0;0;1;0;1;0;0;0;0;4;36;7;54;8;1;0;13;0;0;0;51;0;0;12;0;2;0;0;0;4;0;0;3;1;22;2;2;1;0;0;1;3;3;0;0;2;0;2;0;0;1;6;1;0;1;0;0;2;34;19;4;0;1;32;1;34;6;1;0;0;2;0;0;0;0;1;0;1;4;0;0;1;8;1;1;1;0;0;1;0;0;2;0;0;0;0;0;0;1;0;0;1;0;0;0;0;0;0;0;1;0;0;0;0
2;"Szkoła Podstawowa, Żdanów 124, 22-400 Zamość";62014;"gm. Zamość";"zamojski";"lubelskie";1;1;2;0;0;1;1;2;0;0;0;1;0;1;0;1;2;1;0;0;1;0;0;0;0;0;17;40;0;1;3;1;4;0;0;2;3;0;1;0;0;0;0;1;0;3;0;0;0;0;10;0;0;3;2;5;2;5;0;0;2;0;3;0;0;1;0;0;1;0;0;0;0;1;24;1;50;10;2;1;21;1;0;3;34;0;3;16;0;2;0;0;4;11;0;0;0;2;21;3;1;2;1;3;0;1;2;0;0;0;0;1;0;1;0;5;0;0;0;0;0;1;26;11;6;7;0;19;1;26;2;0;1;0;4;0;1;2;1;0;0;0;0;0;0;0;7;0;0;0;0;0;0;0;0;2;0;0;0;0;0;0;0;0;0;0;0;1;0;0;0;1;0;0;0;0;0;0
3;"Szkoła Podstawowa, Płoskie 139, 22-400 Zamość";62014;"gm. Zamość";"zamojski";"lubelskie";1;1;8;2;0;4;1;6;0;1;1;1;0;0;0;0;3;0;2;0;1;0;0;2;1;1;33;117;0;6;7;1;3;0;0;2;3;0;1;1;4;4;0;2;0;1;2;0;0;3;31;3;1;4;5;3;0;3;2;0;2;0;1;1;0;0;1;2;0;0;0;0;0;8;56;12;149;14;13;0;9;1;3;9;204;0;3;22;1;12;0;0;5;7;2;0;3;5;71;10;7;3;1;4;2;2;1;2;0;0;2;1;2;1;4;7;3;0;0;1;0;1;80;52;24;6;2;46;0;41;4;0;1;4;4;0;0;1;2;3;1;0;0;0;1;4;16;1;4;1;2;0;1;0;0;7;0;1;0;1;0;1;0;0;1;3;0;0;0;0;0;0;0;2;0;0;0;0
4;"Szkoła Podstawowa, Wólka Wieprzecka 57, 22-470 Zwierzyniec";62014;"gm. Zamość";"zamojski";"lubelskie";1;1;2;0;1;0;0;1;0;0;0;0;0;1;0;0;0;0;0;0;0;0;0;1;0;0;10;16;1;0;0;1;1;0;0;0;2;1;0;6;1;0;0;0;1;0;0;0;0;2;8;0;2;2;1;0;1;1;0;0;1;0;0;0;0;0;1;2;0;0;0;0;0;0;18;4;77;28;9;4;10;0;2;2;36;0;0;6;1;3;1;0;7;4;0;0;0;1;9;2;0;0;1;4;2;1;1;0;0;0;5;2;0;0;0;1;0;0;0;0;0;0;15;9;3;1;3;10;2;5;0;2;0;0;0;0;0;0;1;1;0;0;1;0;1;0;17;0;3;1;1;0;0;0;0;9;0;0;2;0;0;0;0;1;0;0;0;0;0;0;0;0;0;0;0;0;0;0
5;"Szkoła Podstawowa, Białowola 20, 22-400 Zamość";62014;"gm. Zamość";"zamojski";"lubelskie";1;1;0;0;0;2;0;1;1;0;0;0;0;0;0;0;0;1;0;0;0;0;0;0;0;1;11;19;2;0;0;0;3;2;0;1;1;0;0;0;0;0;0;3;0;0;0;1;0;0;4;0;0;1;0;0;0;3;0;0;2;0;0;0;0;1;0;0;1;0;0;0;0;0;15;6;85;7;16;3;14;2;0;4;33;0;1;23;0;2;0;0;3;4;1;0;0;1;17;8;1;2;0;5;2;2;1;0;1;0;0;2;0;0;0;2;0;1;0;0;0;1;6;5;6;7;1;6;4;4;0;0;0;0;0;0;0;0;0;0;0;0;0;0;0;0;10;2;1;0;3;0;4;1;0;2;0;0;0;0;1;0;0;1;0;0;0;0;0;0;0;0;0;0;0;0;0;0
6;"Szkoła Podstawowa, Lipsko 126, 22-400 Zamość";62014;"gm. Zamość";"zamojski";"lubelskie";1;1;1;0;0;0;0;0;0;0;0;1;0;0;0;0;0;1;0;0;0;0;1;2;0;0;7;33;0;2;2;1;1;0;0;0;1;0;0;0;0;0;0;1;0;1;0;0;0;1;9;2;1;0;1;1;0;1;0;0;0;0;1;0;0;0;0;0;0;0;0;0;0;0;40;8;70;9;6;1;17;3;0;15;31;0;6;11;0;8;0;0;1;5;1;0;0;2;16;0;3;2;2;5;0;0;1;0;0;1;0;0;2;0;0;1;0;0;1;0;0;0;23;9;3;19;2;7;2;1;0;0;0;1;1;0;0;0;2;1;0;0;0;0;1;0;3;0;0;0;2;0;1;0;0;0;0;0;3;0;0;0;0;0;0;1;0;0;0;0;0;0;1;0;0;0;0;0
7;"Zespół Szkoły Podstawowej i Przedszkola, Kalinowice 148A, 22-400 Zamość";62014;"gm. Zamość";"zamojski";"lubelskie";1;1;3;2;3;3;1;2;0;0;1;0;1;0;1;1;0;0;0;0;0;1;0;2;1;1;24;97;4;9;3;1;2;2;1;0;1;3;2;0;1;0;0;4;0;1;2;1;1;2;41;3;2;2;2;1;8;2;1;0;2;0;0;0;0;2;1;0;0;0;0;1;0;4;87;12;196;9;23;3;30;1;5;3;53;0;4;23;2;3;3;0;5;7;4;0;3;9;46;3;10;1;6;4;1;3;1;2;0;1;0;3;1;1;0;3;1;0;0;0;0;5;83;41;40;6;3;37;3;60;1;0;0;0;4;0;3;1;0;3;0;0;1;2;0;3;25;7;4;0;3;0;0;0;0;18;0;2;3;0;0;0;3;0;1;2;0;1;0;0;0;0;0;3;0;0;0;0
8;"Świetlica Wiejska, Białobrzegi 19A, 22-400 Zamość";62014;"gm. Zamość";"zamojski";"lubelskie";1;1;2;1;1;0;0;0;0;1;0;0;0;0;0;0;0;0;0;0;0;0;0;1;0;0;9;16;2;1;1;3;0;0;1;0;1;0;0;0;0;0;0;0;0;0;2;0;0;0;0;0;0;0;0;2;2;1;0;0;0;0;0;0;0;0;0;0;0;0;0;0;0;1;15;7;48;10;3;1;0;1;0;1;21;0;0;5;0;1;0;0;0;7;0;0;0;2;6;1;1;0;2;0;2;2;0;0;0;0;1;1;1;0;0;1;1;0;0;0;0;0;9;8;2;0;1;7;0;5;1;1;0;1;0;0;1;0;0;1;0;0;0;0;0;0;3;0;0;1;0;0;0;0;0;0;0;0;1;2;0;0;0;0;0;0;0;0;0;0;0;0;0;1;0;0;0;0
9;"Szkoła Podstawowa, Wysokie 133, 22-400 Zamość";62014;"gm. Zamość";"zamojski";"lubelskie";1;1;3;0;0;1;1;0;0;2;0;1;0;0;1;0;1;0;0;0;0;0;0;2;0;0;9;16;2;1;2;1;1;1;0;0;1;0;1;2;1;0;0;3;0;1;1;0;0;0;10;0;1;2;0;1;4;2;0;0;1;0;0;0;0;0;0;0;0;0;0;0;0;0;24;16;72;1;2;2;7;0;0;0;24;0;1;16;0;2;1;0;2;5;1;0;0;2;22;1;1;0;0;0;1;0;2;0;0;0;0;0;0;0;0;7;2;0;0;0;0;1;19;12;1;13;1;20;0;12;2;1;0;0;1;0;0;0;0;0;0;0;0;1;1;0;7;1;4;0;1;0;0;0;0;2;0;0;0;0;0;0;0;0;0;0;0;0;0;0;0;0;0;0;0;0;0;0
10;"Szkoła Podstawowa, Borowina Sitaniecka 49, 22-400 Zamość";62014;"gm. Zamość";"zamojski";"lubelskie";1;1;1;0;0;2;2;1;0;0;1;2;0;0;0;0;1;0;0;0;1;1;0;1;1;1;14;52;1;0;5;4;2;0;0;2;3;0;1;4;1;0;0;0;0;0;0;0;1;0;22;2;0;2;0;3;2;1;0;1;2;0;0;1;0;2;0;0;1;0;0;1;0;5;35;9;90;21;1;2;9;3;2;1;44;0;4;12;3;10;1;0;2;1;2;0;0;5;25;3;4;0;1;3;0;0;0;0;0;2;1;1;1;0;0;6;1;0;1;0;1;0;19;16;5;3;0;10;1;10;6;0;0;0;2;0;0;0;0;3;0;1;0;0;0;0;16;1;1;3;0;0;0;0;0;4;0;0;0;5;0;0;0;0;0;0;0;0;0;0;0;0;1;0;2;0;1;0
11;"Szkoła Podstawowa, Sitaniec 422, 22-400 Zamość";62014;"gm. Zamość";"zamojski";"lubelskie";1;1;7;0;2;0;4;2;2;3;0;4;1;0;0;0;2;0;0;0;1;1;0;4;0;0;24;98;6;6;7;1;3;0;2;0;3;2;0;14;1;0;0;2;0;0;0;0;1;1;37;2;0;2;1;3;4;4;0;0;1;0;7;1;0;1;1;0;2;0;0;2;0;7;97;14;223;17;12;2;18;2;1;1;46;0;2;16;2;11;0;0;3;4;0;0;0;11;38;5;4;2;2;2;1;5;4;0;0;1;2;0;2;1;1;6;2;1;1;2;0;3;69;36;10;7;2;38;0;47;0;1;1;0;1;0;2;2;0;4;0;0;1;0;0;3;9;2;0;0;0;0;0;0;0;14;0;0;1;1;0;0;0;0;0;2;1;1;1;0;0;1;0;0;0;0;0;0
12;"Szkoła Podstawowa, Zawada 46, 22-400 Zamość";62014;"gm. Zamość";"zamojski";"lubelskie";1;1;3;0;1;0;1;3;0;1;0;1;0;0;1;0;0;0;0;0;3;0;0;1;3;0;31;55;1;3;7;1;3;1;2;1;5;0;3;3;1;1;0;2;2;3;0;0;0;1;26;2;0;4;1;0;2;6;0;0;1;1;1;0;0;0;0;1;0;0;0;0;0;0;55;19;155;52;20;9;17;1;1;13;107;1;6;44;1;3;1;0;9;2;3;0;0;10;37;9;5;0;0;2;1;1;5;0;0;0;1;0;1;0;1;5;1;0;2;1;0;1;39;21;12;8;1;10;2;17;2;2;1;0;2;0;1;0;0;2;0;0;1;1;0;3;18;4;2;1;1;0;1;1;0;5;0;0;0;1;0;0;0;0;1;1;2;0;0;0;0;0;0;3;0;0;0;0
13;"Świetlica Wiejska, Szopinek 65, 22-400 Zamość";62014;"gm. Zamość";"zamojski";"lubelskie";1;1;5;0;0;3;0;3;0;1;0;0;0;0;0;0;0;0;0;0;1;0;0;2;0;1;11;71;0;0;2;3;1;0;0;0;0;1;2;1;3;0;0;2;0;0;0;1;0;1;16;0;1;1;0;0;1;1;0;1;1;1;1;0;0;2;0;0;0;0;0;1;0;3;36;8;95;9;7;2;12;1;1;0;46;0;3;5;2;1;0;0;2;2;1;0;1;7;21;2;2;0;2;2;3;0;1;0;0;1;1;0;0;2;1;1;0;0;0;0;1;0;25;11;6;3;2;9;0;34;0;0;0;1;1;2;0;3;0;1;0;1;0;0;1;1;9;2;1;0;0;2;1;0;0;2;0;0;0;0;0;0;0;0;0;1;0;0;0;0;0;0;0;0;0;0;0;0
14;"Budynek byłej Szkoły Podstawowej Wychody, Wieprzec 8, 22-400 Zamość";62014;"gm. Zamość";"zamojski";"lubelskie";1;1;2;0;0;0;0;1;0;0;0;0;0;0;0;0;0;0;0;0;1;0;0;1;0;0;6;16;2;1;2;0;0;0;0;2;1;0;0;0;1;0;0;0;0;0;0;0;0;0;1;1;1;0;0;2;2;0;0;0;0;0;1;1;0;0;0;0;0;0;0;1;0;2;20;2;66;4;2;0;4;0;0;10;33;0;0;15;0;4;0;0;2;1;1;0;0;0;8;2;4;0;0;5;0;0;3;0;1;0;0;1;1;0;0;1;1;1;0;0;0;1;9;3;0;2;0;33;0;6;1;1;0;0;0;0;0;0;0;0;0;0;0;0;1;0;4;2;1;0;0;0;0;0;0;0;0;0;0;0;0;0;0;0;1;2;0;0;0;0;0;0;0;2;0;0;0;0
15;"Świetlica Wiejska, Jatutów 118, 22-400 Zamość";62014;"gm. Zamość";"zamojski";"lubelskie";1;1;0;0;0;0;1;1;0;0;0;1;0;0;0;0;0;0;0;0;0;0;0;1;0;0;5;32;1;0;3;2;1;0;1;0;0;0;0;0;0;0;0;0;2;1;0;0;0;1;4;0;0;0;1;1;1;0;0;0;0;0;1;1;0;0;0;0;0;0;0;0;0;2;26;6;91;11;10;0;9;0;0;1;22;0;0;6;1;2;0;0;2;3;0;0;1;0;10;3;2;1;0;1;4;0;1;0;1;0;2;0;1;0;0;0;2;1;0;1;0;2;9;7;6;3;0;8;0;7;0;1;0;0;1;0;0;1;0;0;0;0;0;0;0;0;5;1;0;0;1;0;0;0;1;3;0;0;0;0;0;0;0;1;0;0;0;0;0;0;0;0;0;0;0;0;0;0
16;"Szkoła Podstawowa, Pniówek 133, 22-400 Zamość";62014;"gm. Zamość";"zamojski";"lubelskie";1;1;1;0;0;0;2;1;0;0;0;2;0;0;1;1;2;0;0;0;1;0;0;0;0;1;14;32;1;2;4;1;1;0;0;1;0;0;5;2;0;0;0;0;0;2;0;0;0;0;9;0;2;1;0;1;2;1;1;0;1;0;0;0;0;1;0;2;1;0;0;0;0;2;22;21;109;4;10;2;18;3;6;0;20;1;1;39;1;6;1;0;3;5;1;0;0;5;17;2;5;1;1;1;1;0;2;2;1;0;2;2;1;1;0;5;3;2;1;0;0;2;17;16;3;3;1;13;0;2;4;0;1;0;0;0;0;2;0;1;0;0;2;0;0;2;6;2;0;1;0;1;1;0;1;2;0;0;0;0;0;1;0;1;0;2;0;0;0;0;0;0;0;0;0;0;0;1
17;"Budynek byłej Szkoły Podstawowej, Siedliska 47, 22-400 Zamość";62014;"gm. Zamość";"zamojski";"lubelskie";1;1;0;2;0;0;1;0;0;0;0;1;0;0;0;0;2;0;0;0;0;0;0;0;1;1;9;20;0;1;0;0;0;0;0;1;1;0;0;0;0;0;0;0;2;1;0;0;0;1;4;0;1;2;2;0;4;1;0;0;0;0;0;0;0;0;0;0;0;0;0;0;0;1;17;5;55;9;7;0;3;0;1;5;37;0;0;5;0;2;0;0;0;5;0;1;2;3;11;5;1;1;1;0;1;1;1;0;0;1;0;0;2;0;0;2;2;0;0;0;2;2;9;4;4;3;1;5;0;4;0;0;0;0;0;0;0;4;0;0;0;0;1;0;0;0;1;2;0;0;1;1;0;0;0;0;0;0;0;1;0;0;0;0;0;4;0;1;0;0;0;0;0;0;0;1;0;0
18;"Stowarzyszenie Klub Abstynenta ""Wiarus"", Lipsko-Polesie 20, 22-400 Zamość";62014;"gm. Zamość";"zamojski";"lubelskie";1;1;0;0;0;3;1;0;0;0;0;0;0;0;0;0;1;0;0;0;0;0;0;0;0;0;3;8;1;0;0;0;2;0;0;0;0;0;0;1;0;0;0;0;1;3;0;0;0;1;4;0;0;1;0;1;0;1;0;0;0;0;0;0;0;0;0;0;0;0;0;0;0;0;17;1;36;3;4;2;17;0;0;5;12;0;4;4;0;0;0;0;0;1;0;0;0;0;6;1;2;1;1;3;0;0;0;0;0;0;0;0;2;0;1;1;0;0;0;0;0;2;4;4;1;0;2;3;1;7;0;0;1;0;0;0;0;0;0;0;0;0;0;0;0;0;0;0;0;0;0;0;0;0;0;0;0;0;0;0;0;0;0;0;0;0;1;0;0;0;0;0;0;1;0;0;0;0
19;"Świetlica Wiejska, Skokówka ul. Targowa 32, 22-400 Zamość";62014;"gm. Zamość";"zamojski";"lubelskie";1;1;3;1;1;1;0;1;0;0;0;1;0;0;0;0;1;0;0;0;0;0;0;0;1;1;27;69;1;7;4;0;2;0;0;1;1;0;0;4;1;0;1;0;0;2;0;0;0;2;15;1;2;3;1;0;1;1;0;0;0;0;0;0;0;0;1;0;0;0;0;1;0;2;36;1;61;11;13;3;15;2;0;2;37;0;1;24;1;6;0;0;1;5;0;0;2;7;32;4;4;0;1;5;2;1;3;0;0;1;1;0;0;0;0;1;4;1;0;0;4;1;49;26;9;1;1;13;0;59;4;1;0;0;1;1;2;2;0;1;0;0;0;0;1;1;13;0;2;1;0;0;0;0;0;6;0;2;0;0;0;0;0;0;1;0;0;0;0;0;0;0;0;1;0;0;0;0
20;"Szkoła Podstawowa, Sitaniec 422, 22-400 Zamość";62014;"gm. Zamość";"zamojski";"lubelskie";1;1;2;0;2;1;2;0;0;1;0;1;0;0;0;0;1;0;0;0;0;0;0;0;0;0;6;34;2;1;2;2;4;0;0;0;2;0;0;3;0;0;0;0;1;0;0;0;0;2;5;0;0;3;1;0;4;0;0;0;0;0;0;0;0;0;0;0;0;0;1;0;0;0;37;10;76;2;0;2;7;4;1;3;24;0;2;10;1;3;0;0;0;3;0;0;0;1;11;2;4;0;0;0;0;0;1;0;0;1;1;1;1;0;1;0;4;0;2;0;1;0;16;6;6;6;0;5;1;11;1;0;0;0;1;0;0;2;0;0;0;0;0;0;1;0;5;0;0;0;1;0;0;0;0;5;0;1;2;2;0;0;1;0;0;0;0;0;0;0;0;0;0;0;0;0;0;0
21;"Zespół Szkoły Podstawowej i Przedszkola, Kalinowice 148A, 22-400 Zamość";62014;"gm. Zamość";"zamojski";"lubelskie";1;1;1;0;0;4;0;0;0;0;0;0;0;0;0;0;0;0;0;0;0;0;0;1;0;0;16;41;0;2;7;1;6;0;1;1;0;0;1;0;0;0;0;1;1;0;0;0;0;2;9;0;2;1;0;0;2;1;0;2;0;0;0;0;0;0;0;0;0;0;0;1;1;0;38;9;97;3;4;0;14;1;0;0;32;1;1;13;0;1;0;1;1;1;0;1;0;1;34;4;2;2;1;1;2;2;1;0;0;0;0;1;0;0;1;1;4;1;0;0;0;2;28;13;3;6;0;9;0;15;1;0;2;0;1;0;1;0;0;4;0;0;0;0;0;0;4;1;1;2;1;0;0;0;0;4;0;0;0;1;0;0;0;1;0;1;0;0;0;1;0;0;0;1;0;0;0;1
22;"Świetlica Wiejska, Bortatycze 39A, 22-400 Zamość";62014;"gm. Zamość";"zamojski";"lubelskie";1;1;1;0;0;0;1;0;0;0;0;0;0;0;0;0;0;0;0;0;0;1;0;1;0;0;13;26;0;0;3;3;1;0;0;0;1;0;0;0;0;0;2;2;1;0;2;1;1;0;6;1;3;1;1;1;1;0;0;0;0;0;0;0;0;0;1;3;0;0;0;0;0;0;14;9;52;13;8;0;2;0;3;7;32;0;0;26;0;3;2;0;1;0;0;0;0;3;13;2;1;0;1;0;0;2;1;0;0;1;1;0;3;0;0;0;1;0;1;0;0;1;11;7;4;1;0;3;1;11;3;2;0;1;2;1;0;0;0;0;0;0;1;0;0;2;2;0;0;0;0;0;1;2;0;2;0;0;1;1;0;0;0;0;0;2;0;0;0;0;0;0;0;0;0;0;0;0
23;"Świetlica Wiejska, Chyża 55, 22-400 Zamość";62014;"gm. Zamość";"zamojski";"lubelskie";1;1;1;0;1;2;0;0;0;0;0;0;0;0;0;0;1;0;0;0;0;0;0;0;0;0;7;16;0;0;4;1;0;0;0;2;1;0;0;0;0;0;0;0;0;0;1;0;0;0;8;0;0;0;0;0;0;2;0;0;0;0;0;0;0;0;0;0;1;0;0;1;1;6;31;2;56;8;4;0;4;0;0;1;35;0;0;7;1;6;0;0;2;3;0;0;0;1;14;3;3;0;0;0;1;0;0;0;0;0;2;0;0;0;0;0;1;1;0;0;0;0;9;7;4;2;0;3;0;11;0;0;0;0;1;0;0;0;0;1;0;0;0;1;0;0;0;0;0;1;0;0;0;0;0;3;0;0;1;0;0;0;0;0;0;0;0;0;0;0;0;0;0;1;0;0;0;0
24;"Świetlica Wiejska, Hubale 26, 22-400 Zamość";62014;"gm. Zamość";"zamojski";"lubelskie";1;1;0;0;0;0;0;0;0;0;0;0;0;0;0;0;0;0;0;0;0;0;0;0;2;0;4;13;0;1;0;0;1;1;0;0;0;0;0;0;1;0;0;0;0;0;0;0;0;0;4;0;0;1;0;0;1;0;0;0;0;0;0;0;0;0;0;0;0;0;0;1;0;0;14;2;31;6;1;0;5;0;0;0;13;0;0;0;1;4;0;0;1;0;0;1;1;0;6;0;0;0;0;0;0;1;1;0;0;0;1;0;1;0;1;1;0;0;0;0;0;0;9;4;2;1;0;1;0;1;0;0;0;0;0;0;0;0;0;0;0;0;0;0;0;0;1;1;0;0;0;0;0;0;0;1;0;0;0;0;0;0;0;0;0;0;0;0;0;0;0;0;0;0;0;0;0;0
25;"Świetlica Wiejska, Żdanówek 92, 22-400 Zamość";62014;"gm. Zamość";"zamojski";"lubelskie";1;1;2;0;0;0;0;1;0;0;0;0;0;0;0;0;0;0;0;0;0;0;0;2;0;0;4;7;0;1;1;1;1;0;0;0;1;1;0;1;1;0;0;0;1;0;0;0;0;3;13;2;2;1;0;0;0;0;0;0;0;0;0;0;0;0;0;0;0;0;0;0;0;0;10;6;35;4;1;0;4;0;0;2;21;0;0;7;0;1;0;1;3;3;0;0;0;0;4;1;0;0;1;15;1;0;0;2;0;0;0;0;0;0;0;0;1;0;0;0;0;0;6;3;3;1;0;2;0;1;0;0;2;0;0;0;1;0;0;0;0;0;0;0;0;0;4;0;0;0;0;0;0;0;0;0;0;0;0;0;0;0;0;0;0;1;0;0;0;0;0;0;0;0;1;0;0;1
1;"Technikum w Zwierzyńcu, ul. Browarna 1, 22-470 Zwierzyniec";62015;"gm. Zwierzyniec";"zamojski";"lubelskie";1;1;4;0;0;2;5;0;0;1;0;2;0;0;0;0;2;0;0;0;0;0;0;0;0;0;81;11;4;6;9;0;3;1;2;4;3;1;2;4;4;0;1;3;2;0;3;0;0;4;24;1;2;8;3;1;1;1;0;0;1;0;1;0;0;1;0;0;0;0;2;0;0;2;48;3;63;39;21;3;35;2;2;19;41;0;4;10;0;4;0;0;1;3;1;0;3;2;25;5;5;1;2;1;1;3;1;1;0;2;1;0;1;2;0;0;2;0;0;0;0;5;75;100;19;4;7;18;2;18;2;2;0;1;0;0;3;0;0;3;0;0;0;1;1;1;4;2;0;0;1;0;0;0;0;0;0;1;0;0;0;0;0;0;0;2;1;0;0;0;0;0;0;3;0;0;0;0
2;"Szkoła Podstawowa, ul. Partyzantów 3, 22-470 Zwierzyniec";62015;"gm. Zwierzyniec";"zamojski";"lubelskie";1;1;1;0;0;0;1;2;0;0;0;1;0;0;3;0;1;0;0;0;0;0;0;4;0;3;72;16;4;14;7;3;1;0;1;1;1;0;3;5;0;0;2;2;2;1;0;0;0;4;26;5;4;7;3;1;4;3;0;0;2;0;1;0;0;1;0;2;1;0;0;0;0;2;42;11;71;20;19;0;35;1;1;29;61;0;20;11;0;1;1;0;3;3;2;0;1;3;12;2;3;2;1;4;0;4;1;0;1;1;1;1;0;0;2;4;1;1;1;0;0;2;56;63;34;6;2;14;2;7;4;1;2;2;4;0;1;2;0;1;0;0;1;1;1;1;11;0;0;1;1;0;2;0;0;0;0;2;0;0;0;0;0;0;2;2;0;1;1;0;0;0;0;4;0;0;0;0
3;"Szkoła Filialna, Wywłoczka 153, 22-470 Zwierzyniec";62015;"gm. Zwierzyniec";"zamojski";"lubelskie";1;1;3;0;0;0;1;2;0;2;0;1;0;0;0;0;1;1;0;0;0;0;0;2;0;1;19;7;0;6;3;0;1;0;1;2;1;0;1;0;1;0;0;2;0;0;0;0;1;0;6;1;0;1;0;0;1;0;0;0;3;0;1;0;0;0;1;0;3;0;0;0;0;0;16;1;35;44;6;0;14;1;0;10;33;2;2;6;0;5;0;0;1;7;0;0;0;1;22;1;0;1;0;0;2;1;0;1;0;2;0;0;0;0;0;0;1;0;0;0;0;0;19;19;4;3;1;5;0;0;1;0;0;0;1;0;0;1;1;0;0;0;0;0;0;0;2;0;0;1;0;0;0;0;0;0;0;0;0;0;0;0;0;0;0;2;0;0;0;0;0;0;0;0;0;0;0;0
4;"Remiza OSP w Obroczy, Obrocz 106, 22-470 Zwierzyniec";62015;"gm. Zwierzyniec";"zamojski";"lubelskie";1;1;1;0;0;1;1;0;1;0;0;0;0;0;0;1;0;2;0;0;0;0;1;1;0;0;23;8;0;4;2;0;0;1;0;0;0;0;2;1;0;0;0;1;1;1;0;0;0;4;7;1;0;1;0;1;0;1;1;0;1;0;0;1;0;1;0;0;0;0;0;0;0;0;15;4;41;20;20;0;27;1;1;3;30;0;0;5;1;3;0;0;0;2;0;0;0;3;7;0;2;0;0;0;0;1;2;1;0;0;0;0;0;1;0;0;0;0;0;0;0;0;9;12;2;5;0;3;2;3;0;0;0;0;0;0;0;0;1;1;0;1;0;0;0;1;8;1;0;0;0;0;0;0;0;1;0;1;1;0;0;0;0;0;0;0;0;0;0;0;0;0;0;0;0;0;0;0
5;"Remiza OSP w Żurawnicy, Żurawnica 84, 22-470 Zwierzyniec";62015;"gm. Zwierzyniec";"zamojski";"lubelskie";1;1;1;0;0;1;3;2;0;1;0;0;0;0;0;0;0;0;1;0;0;1;0;1;1;1;14;6;0;2;2;1;0;0;0;1;1;2;0;0;0;0;0;1;0;0;0;0;0;0;1;1;0;0;0;0;0;3;0;0;0;0;1;0;0;0;1;0;0;0;0;1;0;0;24;4;28;13;3;0;10;1;0;9;85;0;2;1;1;5;0;0;0;7;1;0;1;0;9;1;2;1;1;0;0;0;0;0;0;0;0;2;1;0;0;4;1;1;0;0;0;1;22;16;3;1;2;2;1;1;1;0;0;0;0;0;0;0;0;1;0;0;0;0;0;0;8;1;0;0;2;0;0;0;0;0;0;0;0;0;0;0;0;1;1;0;0;0;0;0;0;0;0;1;0;0;0;0
6;"Remiza OSP, Kosobudy 69 A, 22-470 Zwierzyniec";62015;"gm. Zwierzyniec";"zamojski";"lubelskie";1;1;1;1;0;1;0;0;0;0;0;0;0;0;0;0;1;0;0;0;0;0;0;0;0;0;9;8;1;1;1;1;0;0;0;0;1;0;0;1;0;0;0;0;0;0;0;0;1;0;3;0;2;3;2;0;1;1;0;0;0;0;1;0;0;0;0;2;0;0;0;0;1;0;4;1;30;1;0;1;16;0;0;3;9;0;1;5;0;2;0;0;0;4;0;0;0;0;3;1;1;0;1;0;0;1;0;0;0;0;0;0;0;0;0;0;0;0;0;0;0;0;13;5;1;0;1;2;0;1;0;0;0;0;0;0;0;0;0;1;0;0;0;0;1;0;5;0;0;0;1;1;0;0;0;0;0;0;0;0;0;0;0;0;0;0;0;0;0;0;0;0;0;0;0;0;0;0
7;"Remiza OSP, Sochy 53, 22-470 Zwierzyniec";62015;"gm. Zwierzyniec";"zamojski";"lubelskie";1;1;0;0;0;0;0;0;0;0;0;0;1;0;0;0;0;0;0;0;0;0;0;0;0;0;9;2;0;0;0;0;0;0;0;1;1;0;0;0;0;0;0;0;0;0;1;0;0;0;0;0;0;1;0;0;0;0;0;0;0;0;0;0;0;0;0;0;0;0;0;0;0;0;14;1;7;18;1;0;21;0;0;6;26;0;7;10;0;1;0;0;0;1;0;0;0;2;5;4;0;0;0;1;0;2;0;0;0;1;0;0;1;0;0;1;0;0;0;0;0;0;5;1;4;0;1;0;0;4;0;0;0;0;0;0;0;0;0;0;0;0;0;0;0;0;2;0;0;0;0;0;0;0;0;0;1;0;0;0;0;0;0;0;0;0;0;0;0;0;0;0;0;0;0;0;0;0
8;"Remiza OSP, Topólcza 72A, 22-470 Zwierzyniec";62015;"gm. Zwierzyniec";"zamojski";"lubelskie";1;1;0;0;0;0;1;0;0;0;0;0;0;0;0;0;0;0;0;0;0;0;0;0;0;0;16;3;0;5;0;0;0;0;0;1;2;1;0;0;3;0;0;1;0;0;0;0;0;0;1;0;0;0;0;1;0;0;0;0;0;0;0;0;0;0;0;0;0;0;0;0;0;1;7;0;17;9;2;1;3;0;0;1;10;0;3;4;0;1;0;0;1;5;0;0;1;1;1;3;2;0;0;0;1;0;1;0;0;0;0;0;0;1;0;0;0;0;1;0;0;0;1;3;1;2;0;0;0;2;0;0;0;0;0;0;0;0;0;0;0;0;0;0;0;0;0;0;0;0;0;0;0;0;0;0;0;0;0;0;0;0;0;0;0;0;1;0;0;0;0;0;0;0;0;0;0;0
9;"Remiza OSP, Turzyniec 78, 22-470 Zwierzyniec";62015;"gm. Zwierzyniec";"zamojski";"lubelskie";1;1;0;0;0;1;0;0;0;0;0;0;0;0;1;1;0;0;0;0;0;0;0;1;0;1;13;0;1;0;3;0;0;0;0;0;2;1;0;0;0;0;0;3;0;0;0;0;0;0;3;1;0;1;0;1;0;0;1;0;0;0;0;0;0;0;0;0;0;0;0;0;0;0;13;1;36;7;6;0;3;1;1;4;26;0;2;1;0;1;0;0;0;8;1;0;0;3;2;5;0;0;0;0;0;2;0;0;0;0;0;0;0;0;0;0;0;0;0;0;0;2;10;9;3;0;0;3;1;4;0;0;0;0;0;1;0;0;1;1;0;0;0;0;0;0;2;0;0;0;0;1;0;0;0;0;0;0;0;0;0;0;0;0;0;1;0;0;0;0;0;0;0;0;0;0;0;0
1;"Przedszkole Samorządowe nr 11, ul. Sidorska 20, 21-500 Biała Podlaska";66101;"m. Biała Podlaska";"Biała Podlaska";"lubelskie";1;1;2;0;1;0;3;0;3;2;0;3;0;1;1;3;2;0;0;0;0;0;0;0;0;1;25;6;16;3;5;2;2;15;6;3;1;8;1;0;1;0;1;0;0;2;0;1;0;7;27;0;0;6;3;11;1;4;1;0;1;1;2;0;0;0;0;0;1;1;0;0;1;0;56;2;14;11;5;276;8;1;3;8;0;1;1;0;1;0;5;3;0;1;1;0;1;3;28;5;3;1;0;4;5;1;3;0;0;0;3;3;0;1;1;1;0;0;3;0;0;1;27;17;20;4;197;5;0;0;0;0;0;0;0;0;1;0;0;3;3;1;0;0;1;2;2;3;1;1;0;1;5;1;4;0;0;0;0;0;0;0;5;0;1;2;0;0;0;0;1;0;0;0;0;0;0;3
2;"Szkoła Podstawowa nr 5, ul. Sidorska 30, 21-500 Biała Podlaska";66101;"m. Biała Podlaska";"Biała Podlaska";"lubelskie";1;1;0;1;0;0;0;0;0;1;1;1;2;0;0;1;0;0;0;0;0;0;0;0;0;3;17;5;12;3;8;2;0;13;12;0;1;7;0;1;0;0;0;0;0;1;0;2;0;4;19;3;1;8;2;14;2;1;2;0;1;3;3;0;0;0;0;4;0;3;0;0;0;0;43;5;15;9;1;270;3;0;1;8;0;0;0;0;0;0;7;0;0;0;0;1;0;3;32;5;3;2;0;1;4;5;0;0;0;1;0;0;0;0;0;2;2;1;0;0;1;2;23;10;29;2;164;2;0;0;3;0;0;0;0;1;2;0;2;3;2;0;0;0;0;0;10;3;0;6;1;0;0;0;1;0;0;0;1;0;0;0;1;0;2;1;2;1;0;0;0;0;0;0;0;0;1;0
3;"Lubelskie Samorządowe Centrum Doskonalenia Nauczycieli, ul. Kolejowa 8, 21-500 Biała Podlaska";66101;"m. Biała Podlaska";"Biała Podlaska";"lubelskie";1;1;3;1;0;0;0;0;0;1;0;4;3;0;0;1;1;0;0;0;0;1;0;0;0;0;10;7;12;2;3;0;4;21;10;1;2;4;2;3;1;0;0;0;2;0;1;0;1;2;33;3;3;3;0;9;3;2;0;0;0;3;1;1;0;0;1;1;0;1;0;0;1;0;35;1;9;8;1;256;4;0;0;12;1;1;0;0;0;1;9;0;1;0;0;2;0;3;31;3;4;2;0;2;8;3;0;0;0;0;2;0;0;0;0;0;1;0;0;0;0;1;16;11;27;2;163;1;0;2;0;1;0;0;0;0;2;0;0;1;4;0;0;0;1;0;8;2;1;4;0;0;1;0;2;0;0;1;0;0;0;0;2;0;3;1;0;0;0;0;1;0;0;0;0;0;0;0
4;"Przedszkole Samorządowe nr 7, ul. Ludwika Waryńskiego 1, 21-500 Biała Podlaska";66101;"m. Biała Podlaska";"Biała Podlaska";"lubelskie";1;1;2;0;1;0;1;0;0;0;0;1;0;0;0;0;0;0;0;0;0;0;0;2;0;1;12;12;11;1;4;1;1;17;14;0;1;2;0;0;0;0;0;1;0;0;1;0;1;3;27;1;0;1;1;9;0;1;0;1;0;1;1;0;0;0;0;0;1;2;0;1;0;1;60;8;9;7;2;220;3;0;0;4;0;0;1;0;1;0;11;0;1;1;1;1;1;2;15;6;3;1;0;0;3;0;0;1;0;0;2;1;0;1;0;1;5;0;0;1;1;2;22;16;22;0;184;3;0;1;0;1;0;0;0;0;4;1;0;1;5;1;1;0;0;1;3;1;1;1;1;0;9;0;5;0;0;0;0;0;1;0;1;0;2;2;0;0;0;0;0;0;0;0;0;0;1;1
5;"Przedszkole Samorządowe nr 14, ul. Łukaszyńska 34, 21-500 Biała Podlaska";66101;"m. Biała Podlaska";"Biała Podlaska";"lubelskie";1;1;4;0;0;0;0;0;0;1;0;1;2;0;2;1;1;0;0;2;0;0;0;1;0;0;17;4;22;8;5;3;2;28;15;1;0;5;1;0;0;0;0;0;0;3;0;0;1;3;37;1;1;7;0;16;1;2;0;0;0;5;4;1;0;0;2;1;0;4;0;0;0;0;62;4;12;6;0;306;1;1;2;9;0;2;3;0;0;1;15;1;0;0;3;1;2;2;34;4;3;0;1;1;3;0;2;1;1;0;2;2;2;1;0;0;1;1;0;0;0;1;30;15;26;2;214;4;0;0;1;0;0;0;0;0;2;0;1;2;5;0;2;2;1;3;4;1;0;4;1;0;7;1;10;0;0;0;0;0;0;0;0;0;1;7;0;0;0;0;0;0;0;0;1;0;0;1
6;"Zespół Szkół Ogólnokształcących nr 2, ul. Leszczynowa 16, 21-500 Biała Podlaska";66101;"m. Biała Podlaska";"Biała Podlaska";"lubelskie";1;1;5;1;4;1;2;0;0;0;0;0;0;0;2;0;1;0;0;0;0;0;1;1;0;2;19;6;26;3;10;4;4;17;14;1;2;2;0;4;0;1;1;1;0;0;1;2;1;3;32;1;0;7;1;10;1;6;1;0;3;2;1;0;0;0;0;2;0;1;0;0;0;1;66;10;20;7;3;347;9;0;1;10;0;0;0;0;1;0;10;1;0;0;3;4;2;3;31;4;3;0;1;1;9;2;1;0;2;0;0;4;1;0;2;1;1;0;0;0;0;2;21;15;26;4;241;4;0;1;0;0;1;0;0;1;2;0;0;1;11;0;0;0;5;1;5;1;1;3;1;1;0;0;4;0;0;1;0;1;0;0;1;0;1;3;0;0;0;0;0;0;0;0;0;0;0;0
7;"Klub Kultury ""Eureka"", ul. Orzechowa 34, 21-500 Biała Podlaska";66101;"m. Biała Podlaska";"Biała Podlaska";"lubelskie";1;1;3;0;0;0;0;0;0;2;0;1;0;1;0;0;1;0;0;0;0;1;0;1;0;0;13;1;19;2;8;6;1;7;8;1;2;2;2;1;0;1;1;0;0;1;1;2;3;6;42;2;0;9;0;12;2;3;1;0;2;3;1;0;0;0;1;0;0;6;0;3;0;1;59;13;12;9;0;280;1;0;1;10;1;0;0;0;0;0;12;0;1;1;2;2;0;2;21;9;3;0;1;1;6;2;0;0;0;0;1;4;2;0;0;0;4;0;1;0;1;2;18;14;29;1;214;2;2;1;1;1;0;0;1;0;1;0;0;0;7;0;0;0;0;0;3;1;0;7;1;1;7;0;3;0;0;0;0;0;0;0;0;0;2;0;0;1;0;0;0;0;0;0;1;0;1;4
8;"Akademia Bialska, ul. Sidorska 95-97, 21-500 Biała Podlaska";66101;"m. Biała Podlaska";"Biała Podlaska";"lubelskie";1;1;2;1;0;0;0;0;1;2;0;2;1;0;0;0;0;0;0;0;0;0;0;0;0;0;7;5;16;2;4;0;0;15;7;0;1;2;0;0;1;0;0;2;0;1;0;0;1;1;21;0;0;2;2;6;0;2;0;0;1;1;3;1;0;1;0;0;0;1;0;0;0;0;40;2;14;8;3;166;1;0;1;4;0;0;0;0;2;0;8;0;0;1;1;0;1;2;25;0;2;2;0;2;6;0;3;2;1;2;0;1;0;1;0;1;1;0;1;0;1;1;12;13;21;0;89;4;0;0;1;0;0;0;0;0;0;0;0;3;1;0;1;0;1;0;4;0;1;1;0;0;0;0;2;0;0;0;0;1;0;0;2;0;0;0;0;0;0;0;0;0;0;0;0;0;0;0
9;"Społeczna Szkoła Podstawowa, ul. Mariana Langiewicza 44, 21-500 Biała Podlaska";66101;"m. Biała Podlaska";"Biała Podlaska";"lubelskie";1;1;0;0;1;1;1;0;0;0;0;0;2;0;0;0;1;0;0;0;0;0;0;1;0;1;7;4;5;3;3;1;0;9;17;0;0;1;0;3;0;1;0;0;0;0;0;0;0;4;6;0;0;3;1;8;1;2;0;0;2;0;0;0;0;0;1;0;0;0;0;0;0;0;36;8;18;3;3;251;3;1;5;2;1;3;2;1;0;0;6;0;0;0;1;0;1;2;30;8;7;0;1;1;5;0;0;0;0;1;1;3;0;0;0;1;2;0;0;0;1;2;19;3;16;1;122;1;1;0;1;3;3;0;0;0;0;1;1;2;0;0;0;0;0;0;3;1;1;3;1;0;2;0;1;0;0;0;0;1;0;1;0;0;3;0;0;0;0;0;1;1;0;0;0;0;1;0
10;"Zespół Szkół Zawodowych nr 1, ul. Marszałka Józefa Piłsudskiego 36, 21-500 Biała Podlaska";66101;"m. Biała Podlaska";"Biała Podlaska";"lubelskie";1;1;0;0;0;0;0;0;0;0;0;1;0;0;0;0;0;0;1;0;0;0;0;0;0;3;12;0;23;3;5;3;0;12;7;2;2;2;2;1;1;0;0;1;0;1;2;0;0;0;22;0;0;2;3;6;1;0;1;0;0;0;0;0;0;1;0;0;0;1;0;1;0;0;45;7;4;6;0;150;2;0;1;2;1;0;0;0;0;0;4;0;0;0;0;2;0;3;23;3;3;0;0;0;3;1;1;0;0;0;0;2;0;1;1;0;0;0;0;0;0;0;19;10;24;0;139;9;0;2;0;0;1;0;0;1;0;0;0;0;8;0;0;0;0;2;3;0;0;1;0;1;6;0;5;0;0;0;1;0;0;0;0;0;0;1;0;0;0;0;0;0;0;2;0;0;1;4
11;"Zespół Szkół Ogólnokształcących nr 3, ul. Gabriela Narutowicza 39, 21-500 Biała Podlaska";66101;"m. Biała Podlaska";"Biała Podlaska";"lubelskie";1;1;0;1;0;0;0;0;0;0;0;0;1;0;0;0;1;0;0;0;0;1;1;2;0;2;4;2;10;1;1;1;0;4;1;0;1;1;0;0;0;0;0;0;0;0;2;1;1;1;21;1;0;2;1;6;0;1;0;0;0;1;0;0;0;0;0;1;1;0;0;0;0;0;35;3;6;0;0;146;3;0;0;2;1;2;1;2;1;1;11;0;0;1;0;1;3;1;14;4;4;0;0;2;5;0;0;2;0;1;0;1;0;0;1;0;2;0;0;0;0;1;5;7;19;0;78;8;0;0;1;0;0;1;0;0;0;0;0;2;8;0;0;0;1;0;0;0;0;3;0;0;0;1;0;0;1;0;0;0;0;0;0;0;2;0;0;0;0;0;0;0;0;0;0;0;0;0
12;"Szkoła Podstawowa nr 4, ul. Stanisława Moniuszki 36, 21-500 Biała Podlaska";66101;"m. Biała Podlaska";"Biała Podlaska";"lubelskie";1;1;6;2;1;0;1;0;0;1;1;5;5;0;3;0;2;1;0;0;1;2;2;3;0;5;28;17;36;10;15;3;2;34;31;3;6;14;3;2;0;3;2;3;0;2;3;1;1;2;50;4;1;8;4;18;1;7;0;0;0;4;5;2;0;1;0;0;0;5;1;0;1;1;112;11;13;5;0;461;6;2;2;11;0;4;1;0;3;1;15;0;0;1;1;2;3;5;85;14;6;1;1;4;18;1;3;3;1;3;2;11;3;0;2;2;3;1;3;1;1;4;43;36;58;6;298;6;2;1;0;1;1;0;0;0;0;0;0;2;11;0;2;2;1;2;14;2;2;6;0;1;7;0;6;0;0;0;0;0;1;0;2;3;5;0;0;0;0;0;0;0;0;0;0;0;0;5
13;"Zespół Szkół Zawodowych nr 2, ul. Brzeska 71, 21-500 Biała Podlaska";66101;"m. Biała Podlaska";"Biała Podlaska";"lubelskie";1;1;10;1;1;1;0;0;0;3;1;3;1;0;0;1;0;0;0;0;1;1;0;2;0;1;32;14;25;5;15;1;4;59;36;3;6;8;3;3;0;2;0;2;0;0;0;1;1;7;54;5;1;7;2;15;1;2;0;0;3;9;3;0;0;1;0;4;0;8;0;1;0;2;130;9;38;14;2;410;15;1;2;9;6;0;0;0;1;0;36;1;0;0;1;1;1;3;66;16;8;2;1;5;18;4;4;1;0;0;3;11;6;0;2;3;5;2;2;0;2;2;43;21;74;1;385;6;1;1;1;2;1;0;0;3;2;2;0;2;10;0;2;1;0;2;16;1;2;15;2;1;13;1;7;0;0;1;1;0;0;0;1;2;4;2;1;0;0;0;0;0;1;0;0;0;1;6
14;"Przedszkole Niepubliczne im. Przyjaciół Kubusia Puchatka, ul. Łomaska 70, 21-500 Biała Podlaska";66101;"m. Biała Podlaska";"Biała Podlaska";"lubelskie";1;1;11;4;1;0;4;1;0;0;0;3;1;0;0;0;2;0;0;0;1;1;1;1;0;2;25;3;26;2;5;1;1;27;21;0;1;0;2;4;0;0;0;1;0;0;0;1;2;3;25;1;0;7;1;9;0;1;1;0;3;1;0;0;0;1;0;1;0;2;0;0;0;1;82;4;20;10;3;397;7;1;0;9;0;1;2;3;0;0;12;1;1;0;1;0;0;5;47;12;8;1;2;0;5;1;0;0;0;2;1;3;1;0;1;0;1;0;0;1;1;3;20;22;10;2;229;2;0;0;0;1;1;0;0;0;0;0;0;1;3;0;0;1;1;3;7;2;1;6;1;0;22;0;8;1;0;1;1;0;0;0;0;0;0;0;0;1;0;0;0;1;0;0;0;0;0;0
15;"Szkoła Podstawowa Nr 3, ul. Sportowa 7, 21-500 Biała Podlaska";66101;"m. Biała Podlaska";"Biała Podlaska";"lubelskie";1;1;6;0;1;0;0;0;0;0;0;2;1;1;1;0;1;0;0;0;0;0;2;0;0;1;16;2;22;1;6;0;2;24;11;0;0;3;0;4;0;0;0;3;0;0;0;0;0;1;19;2;0;15;0;2;0;2;0;1;1;0;3;0;0;0;1;2;1;8;0;0;0;1;77;6;20;14;0;356;13;0;1;6;0;0;1;0;1;0;5;1;0;0;2;2;0;3;28;7;2;2;1;2;13;2;1;0;0;1;0;4;1;0;0;0;3;0;1;0;0;1;15;5;19;2;185;1;0;0;0;0;0;0;0;0;2;0;0;0;3;0;1;0;0;2;5;0;2;9;1;1;3;0;5;0;0;0;0;0;0;1;1;0;1;0;1;0;0;0;0;0;0;0;0;0;0;0
16;"Firma Dariusz Głowacki ""DAGO"", ul. Grzybowa 52B, 21-500 Biała Podlaska";66101;"m. Biała Podlaska";"Biała Podlaska";"lubelskie";1;1;10;1;2;0;2;2;0;4;2;2;1;0;0;0;2;0;0;0;0;0;0;2;1;2;37;6;57;8;6;3;1;36;12;4;1;8;3;2;0;1;0;1;1;2;3;0;3;3;41;0;0;11;2;17;1;2;2;2;2;5;1;0;0;0;1;0;1;4;0;1;1;1;120;7;16;9;5;505;5;2;5;11;1;5;1;0;1;1;8;4;0;2;4;4;1;2;60;12;8;1;2;0;11;0;2;1;0;4;0;7;1;0;1;0;3;0;0;0;1;3;41;13;46;3;321;5;1;2;3;0;2;0;1;1;0;1;0;1;4;0;0;1;0;1;14;4;3;3;3;1;21;0;10;1;1;1;2;0;0;0;2;0;2;0;2;0;0;1;0;0;0;0;0;1;0;1
17;"Szkoła Podstawowa nr 3, ul. Sportowa 7, 21-500 Biała Podlaska";66101;"m. Biała Podlaska";"Biała Podlaska";"lubelskie";1;1;12;2;1;1;0;0;1;0;0;1;1;0;0;2;2;0;0;1;0;1;0;2;0;0;21;3;48;2;7;2;5;13;16;0;0;4;4;2;0;0;2;0;1;0;1;0;0;7;23;2;0;4;3;9;0;0;1;0;0;5;2;0;0;0;0;0;1;3;0;0;0;0;98;8;23;7;3;443;15;0;2;22;1;3;0;0;2;1;10;4;0;0;2;1;0;1;46;16;7;0;0;4;7;1;0;1;0;1;2;8;1;0;0;0;2;0;0;1;2;4;35;6;35;3;246;5;0;2;1;1;3;0;2;0;1;0;0;0;5;1;0;3;0;3;12;2;0;10;0;0;14;0;6;2;0;0;0;0;0;0;0;1;5;0;0;0;0;0;0;0;0;0;0;1;5;2
18;"Przedszkole Samorządowe nr 3, ul. Warszawska 19C, 21-500 Biała Podlaska";66101;"m. Biała Podlaska";"Biała Podlaska";"lubelskie";1;1;4;2;0;1;1;0;1;2;2;0;2;0;0;0;0;1;0;0;0;0;0;2;0;4;24;5;27;8;8;2;1;17;10;3;4;3;3;2;0;1;0;2;0;1;1;0;2;8;40;1;0;5;3;9;0;2;1;0;1;1;2;1;0;0;0;0;0;1;0;1;0;0;58;5;16;4;0;316;9;1;1;7;1;0;0;0;2;0;9;0;0;1;1;1;0;1;40;3;2;0;0;1;2;1;0;1;1;1;0;5;1;0;2;1;2;0;0;0;0;1;34;26;41;4;311;5;1;2;2;0;1;0;1;0;1;1;0;3;1;0;0;0;0;1;8;1;1;2;1;0;17;0;5;0;0;0;0;1;0;0;0;0;7;2;1;0;1;0;0;0;0;0;1;0;2;0
19;"Klub Kultury ""Piast"", ul. Spółdzielcza 4, 21-500 Biała Podlaska";66101;"m. Biała Podlaska";"Biała Podlaska";"lubelskie";1;1;1;0;1;0;1;0;3;1;0;0;1;0;1;1;0;1;1;0;0;0;0;1;1;1;15;2;16;1;10;1;1;7;21;2;2;0;5;1;0;1;0;0;1;0;0;0;1;4;43;2;0;7;2;15;0;3;0;0;0;3;2;0;0;2;3;1;0;2;0;0;0;0;101;2;20;8;1;300;7;2;0;9;0;1;0;0;0;1;10;2;1;0;0;2;0;0;36;6;3;0;1;0;8;3;1;1;1;2;0;3;0;0;1;0;2;1;0;0;0;0;26;14;43;2;303;1;2;1;0;0;0;0;0;0;1;1;0;0;6;0;0;1;0;1;9;3;1;4;2;2;16;0;6;0;0;0;0;0;0;0;0;0;3;1;0;1;0;0;0;1;0;0;0;0;0;1
20;"Szkoła Podstawowa nr 2, ul. Akademicka 8, 21-500 Biała Podlaska";66101;"m. Biała Podlaska";"Biała Podlaska";"lubelskie";1;1;2;1;0;0;1;0;0;0;0;3;3;0;5;1;2;0;1;1;0;1;0;3;0;1;36;8;32;1;11;0;1;48;19;11;0;3;4;3;0;1;0;0;1;0;0;1;0;1;37;1;2;6;1;15;2;1;0;0;5;6;0;1;0;0;0;0;0;3;1;1;0;0;69;13;27;7;0;442;4;1;2;9;1;1;3;0;0;1;9;0;0;0;0;2;1;0;56;6;6;0;2;1;4;2;3;2;0;1;2;7;0;0;0;2;6;2;1;1;1;3;45;28;44;2;364;4;1;1;1;0;0;1;0;2;3;3;1;2;3;0;0;3;2;0;6;1;2;1;1;0;16;4;0;1;1;0;0;0;0;0;4;0;13;2;0;0;0;0;0;0;0;0;0;0;1;5
21;"Przedszkole Samorządowe nr 13, ul. Kazimierza Jagiellończyka 17, 21-500 Biała Podlaska";66101;"m. Biała Podlaska";"Biała Podlaska";"lubelskie";1;1;3;2;1;0;0;0;0;1;1;2;0;0;0;0;1;0;1;0;0;0;0;1;1;0;33;2;35;3;9;2;2;42;15;2;4;0;7;4;0;2;1;0;1;0;0;0;0;5;58;1;0;4;3;15;0;2;1;1;4;2;2;0;0;0;0;0;0;6;1;0;0;1;90;17;30;0;0;340;6;0;2;17;2;1;0;1;1;2;13;0;1;0;2;1;3;6;35;9;5;1;0;2;10;0;2;0;0;3;0;9;1;0;0;1;4;0;0;0;0;1;57;25;49;3;260;4;2;0;4;0;3;1;0;2;1;0;3;3;12;1;0;0;0;2;16;3;1;18;0;1;7;0;7;0;0;0;0;1;0;0;1;0;4;1;0;0;0;0;0;0;0;0;0;0;1;1
22;"Szkoła Podstawowa nr 9, ul. Zygmunta Augusta 2, 21-500 Biała Podlaska";66101;"m. Biała Podlaska";"Biała Podlaska";"lubelskie";1;1;11;0;2;0;0;0;1;0;1;1;0;2;1;0;1;1;1;0;0;0;0;2;1;6;25;6;27;8;9;1;2;30;13;2;0;7;2;2;0;0;0;1;1;1;0;1;0;3;54;1;0;9;0;11;3;3;0;0;4;10;3;0;1;2;0;2;1;4;0;1;0;0;81;11;28;12;5;350;9;1;2;14;3;1;0;0;1;0;24;0;0;0;0;0;2;7;43;7;9;0;3;1;8;0;2;0;1;0;1;5;0;2;0;2;8;0;1;1;0;3;32;33;32;6;245;6;2;5;1;0;0;1;0;1;2;0;0;1;8;0;0;1;0;1;2;2;1;6;1;1;7;0;3;0;0;0;1;0;1;0;0;0;5;0;0;0;0;0;0;0;0;0;0;0;2;2
23;"Przedszkole Samorządowe nr 17, ul. Zygmunta Starego 4, 21-500 Biała Podlaska";66101;"m. Biała Podlaska";"Biała Podlaska";"lubelskie";1;1;4;0;0;0;0;0;1;1;0;3;2;0;0;1;0;0;0;0;1;0;0;1;0;1;29;7;32;8;19;1;2;37;18;3;4;2;2;0;0;1;0;2;1;2;1;1;0;3;39;2;0;9;1;12;0;4;0;0;3;3;2;0;0;0;0;2;0;4;1;0;0;1;75;14;28;13;7;359;3;2;6;11;2;0;1;1;1;0;10;0;0;0;1;2;3;4;27;11;3;0;4;0;5;4;4;1;0;1;2;2;3;0;0;0;0;3;0;0;4;5;27;23;27;4;218;1;0;0;0;1;1;0;0;0;2;2;0;3;16;0;0;0;0;0;8;0;1;3;0;0;6;0;3;1;0;0;2;1;0;0;1;1;6;1;0;0;0;0;0;0;0;0;1;0;0;1
24;"Medyczne Studium Zawodowe, ul. Okopowa 3, 21-500 Biała Podlaska";66101;"m. Biała Podlaska";"Biała Podlaska";"lubelskie";1;1;3;2;0;1;1;0;0;0;1;0;2;1;2;2;0;0;1;1;0;2;0;7;2;5;35;10;49;9;11;2;3;38;35;3;5;14;2;5;2;3;1;2;2;0;7;1;0;3;76;3;0;11;4;16;0;5;0;0;4;4;5;2;0;2;1;2;0;5;0;0;1;4;96;14;19;15;2;352;5;1;2;15;1;0;1;0;3;3;19;0;0;0;4;2;6;6;74;14;9;0;2;3;10;1;3;4;0;1;6;9;2;1;0;2;7;0;3;0;1;6;37;43;67;4;372;6;0;2;0;1;1;1;0;1;3;2;1;3;10;1;2;0;1;1;22;0;1;12;1;0;9;1;12;0;0;0;0;0;0;0;0;1;2;3;2;0;0;0;3;0;0;0;1;0;1;0
25;"Katolickie Liceum Ogólnokształcące, ul. Janowska 55, 21-500 Biała Podlaska";66101;"m. Biała Podlaska";"Biała Podlaska";"lubelskie";1;1;4;1;1;0;0;0;0;2;0;1;1;0;1;1;1;0;0;0;0;0;0;2;0;0;27;12;33;9;8;3;0;75;14;2;4;11;5;5;0;0;2;1;1;2;2;1;1;8;65;2;0;9;1;15;2;4;1;2;2;2;3;0;0;1;1;0;3;6;0;3;0;2;69;9;17;12;1;352;6;1;5;8;0;0;0;2;0;1;19;0;0;1;0;2;0;9;52;5;5;1;2;1;8;3;1;3;1;2;0;15;0;1;0;1;6;0;1;1;1;3;33;32;58;1;287;4;4;2;0;0;0;1;2;1;1;0;0;2;10;0;0;0;0;1;7;2;2;5;0;1;7;0;9;0;0;2;0;0;1;0;2;0;5;0;0;0;0;0;0;0;0;0;0;0;2;0
26;"Samorządowe Przedszkole Integracyjne nr 16, ul. Wesoła 21-23, 21-500 Biała Podlaska";66101;"m. Biała Podlaska";"Biała Podlaska";"lubelskie";1;1;0;0;0;0;0;0;0;0;0;1;1;0;0;0;0;0;0;0;0;0;0;0;0;0;19;2;8;2;2;0;0;9;1;2;1;0;1;0;0;0;0;0;0;1;0;0;0;3;8;1;0;0;0;6;0;3;0;0;1;0;0;0;0;0;0;0;0;0;0;0;0;0;39;2;6;3;2;87;3;0;1;4;0;9;1;0;0;0;2;1;0;1;1;0;0;5;10;3;1;1;1;0;8;1;0;0;0;0;1;4;0;0;0;1;0;0;0;1;0;0;5;1;13;0;84;0;0;0;0;0;0;0;0;0;0;1;1;0;1;1;0;0;0;0;2;0;0;1;0;0;2;0;11;0;0;1;0;0;0;0;0;0;0;6;1;0;2;0;0;1;0;0;0;0;0;4
27;"POL-Kres Edwood, ul. Łomaska 86, 21-500 Biała Podlaska";66101;"m. Biała Podlaska";"Biała Podlaska";"lubelskie";1;1;8;0;0;1;1;0;0;4;0;2;0;0;0;2;0;0;0;0;0;1;0;6;0;0;31;7;34;2;9;1;3;19;6;1;2;6;3;0;0;0;0;2;3;2;2;1;0;3;25;3;1;7;3;5;0;4;0;1;4;0;1;0;0;1;0;0;0;2;0;2;1;0;83;6;15;16;6;317;14;3;3;1;0;3;3;0;1;2;6;0;0;1;0;3;1;7;67;5;3;1;4;3;8;3;5;4;1;0;1;9;1;1;0;1;4;2;2;0;0;4;21;19;18;5;129;4;1;2;2;0;3;0;0;1;2;1;2;2;6;0;0;0;1;2;3;0;0;5;0;0;3;0;4;0;0;0;2;1;0;0;2;2;0;3;1;0;0;0;0;0;0;0;0;0;0;2
28;"Wojewódzki Szpital Specjalistyczny, ul. Terebelska 57 - 65, 21-500 Biała Podlaska";66101;"m. Biała Podlaska";"Biała Podlaska";"lubelskie";1;1;0;0;0;0;0;0;1;0;0;0;0;1;0;0;0;0;0;0;0;0;0;0;0;0;4;1;3;0;0;1;0;1;0;0;0;1;1;0;0;0;0;0;0;0;0;0;0;0;4;0;0;1;0;2;0;0;0;0;0;0;0;0;0;0;0;0;0;0;0;0;0;0;28;2;12;7;2;53;2;1;2;4;1;3;0;0;0;0;1;1;0;0;0;0;1;0;1;1;1;0;0;0;0;0;0;0;0;0;0;0;0;0;0;0;0;0;0;0;0;0;7;2;5;0;10;0;0;0;0;0;1;0;0;0;0;0;0;1;1;0;0;0;0;0;2;0;0;1;0;0;0;0;0;0;0;0;0;0;0;0;0;0;1;1;0;0;0;0;0;0;0;0;0;0;0;0
29;"Zakład Karny, ul. Prosta 33, 21-500 Biała Podlaska";66101;"m. Biała Podlaska";"Biała Podlaska";"lubelskie";1;1;2;0;0;0;1;0;0;0;0;1;1;0;0;0;0;0;0;0;0;0;0;0;0;0;5;2;0;1;3;0;0;0;1;0;1;1;2;3;0;0;0;0;0;0;0;0;0;1;5;0;0;0;0;0;0;0;0;0;0;0;1;0;0;0;0;0;0;0;0;0;0;0;7;0;0;0;2;2;0;0;0;0;0;0;0;0;0;0;0;0;0;0;0;0;0;0;1;1;0;0;0;0;0;0;0;0;0;0;0;0;0;0;0;0;0;0;0;1;0;0;19;6;3;2;3;3;1;0;0;1;1;0;1;0;2;4;0;2;0;0;0;0;0;0;2;0;0;0;1;0;0;0;0;0;0;0;0;0;0;0;0;0;0;0;0;0;0;0;1;0;0;0;0;0;0;0
1;"ELMAT (lokal obok stacji CPN), ul. Włodawska 5, 22-100 Chełm";66201;"m. Chełm";"Chełm";"lubelskie";1;1;3;4;0;1;0;0;0;1;0;2;0;0;1;2;0;0;2;0;1;0;0;0;2;3;34;14;5;12;21;13;1;0;0;2;1;2;2;0;0;0;0;0;2;0;0;0;1;0;26;10;1;3;1;0;0;1;2;0;4;0;0;3;0;1;0;3;0;1;0;0;0;0;149;12;14;7;2;4;11;0;52;2;3;0;0;0;0;0;0;0;3;0;3;0;0;146;31;3;19;0;2;2;1;1;2;0;0;0;2;1;3;0;0;0;3;0;0;1;1;5;283;16;2;2;0;0;2;0;0;0;0;0;0;0;0;0;0;1;0;2;0;0;3;3;0;17;0;1;0;0;0;1;0;0;0;0;1;0;0;2;0;0;0;0;0;0;0;0;0;0;0;0;0;0;0;0
2;"Budynek Szkoły Podstawowej Nr 7, ul. Synów Pułku 15, 22-100 Chełm";66201;"m. Chełm";"Chełm";"lubelskie";1;1;1;6;0;1;0;1;1;2;0;3;0;0;0;0;1;2;1;0;2;0;0;1;3;0;29;13;11;1;26;40;3;0;1;5;3;1;1;0;1;0;1;1;5;0;1;1;4;3;51;38;3;6;1;3;0;0;1;5;1;0;1;1;0;3;1;1;1;0;0;0;5;1;131;9;33;17;3;3;12;0;51;2;0;0;1;0;0;2;1;1;1;0;0;1;1;227;27;13;18;2;2;2;2;2;1;0;0;1;1;1;4;0;2;1;1;0;0;0;2;5;310;10;1;1;3;2;0;2;0;0;0;0;0;0;0;0;1;4;0;0;0;1;0;0;3;8;1;0;3;0;0;0;0;0;0;0;0;0;0;0;0;1;0;2;1;3;0;0;1;1;0;0;0;0;1;0
3;"Budynek Przedszkola Miejskiego nr 10, ul. Zachodnia 49, 22-100 Chełm";66201;"m. Chełm";"Chełm";"lubelskie";1;1;2;4;0;1;1;0;0;0;0;2;1;0;0;0;0;0;0;0;0;1;0;1;2;0;27;16;4;4;19;30;3;1;0;1;0;1;0;1;0;0;0;0;7;2;0;0;3;6;43;32;2;2;5;3;0;0;2;0;4;0;2;0;0;0;0;0;0;0;0;0;0;0;127;9;25;15;2;4;10;1;47;0;1;0;1;0;1;2;1;0;0;0;0;0;0;292;35;6;21;2;0;4;2;1;0;0;1;1;0;0;0;2;0;0;1;0;1;0;0;4;271;15;1;1;2;1;0;2;1;1;0;2;0;0;1;2;0;2;0;0;0;2;0;0;3;14;1;0;1;0;0;0;0;1;0;0;0;0;0;0;0;0;0;2;0;0;0;0;0;0;1;0;0;2;0;1
4;"Budynek Zespołu Szkolno-Przedszkolnego nr 3 z Oddziałami Integracyjnymi, ul. Rejowiecka 76, 22-100 Chełm";66201;"m. Chełm";"Chełm";"lubelskie";1;1;2;14;0;0;2;0;0;0;0;0;0;0;0;0;0;0;0;0;0;1;0;0;0;0;38;10;0;3;10;16;4;1;0;2;1;2;2;0;0;0;0;2;1;0;1;0;3;2;18;23;2;1;0;2;0;0;0;0;1;0;0;0;0;0;0;1;1;0;2;0;1;0;127;16;31;8;0;5;2;0;54;0;0;1;0;0;0;1;1;0;0;0;0;0;2;124;23;4;13;0;2;1;0;1;1;0;0;0;1;0;1;0;1;0;2;0;0;0;0;4;250;12;2;1;0;2;0;1;0;0;1;0;1;0;3;0;0;0;0;0;0;0;0;0;6;9;1;1;0;0;0;0;0;0;0;0;1;1;0;0;0;0;0;0;0;0;0;1;0;0;2;0;0;0;0;0
5;"Budynek Szkoły Policealnej-Medyczne Studium Zawodowe im. Władysławy Szoc, ul. Szpitalna 50, 22-100 Chełm";66201;"m. Chełm";"Chełm";"lubelskie";1;1;2;10;2;2;0;1;0;2;2;0;0;0;2;1;0;0;1;0;1;0;0;3;1;1;42;14;5;1;21;12;5;0;1;3;2;0;4;0;0;0;0;5;2;0;0;2;2;0;36;15;3;2;2;1;2;0;1;0;2;0;4;0;0;0;0;0;2;0;1;1;3;0;142;15;16;10;2;2;6;0;46;1;1;1;0;0;1;2;1;1;0;0;1;0;3;197;37;15;22;2;2;1;2;1;1;1;0;0;1;1;0;0;1;0;3;0;2;1;0;5;343;10;7;1;0;2;0;0;0;0;0;1;1;0;8;0;0;1;0;1;0;1;0;0;9;14;0;2;0;0;0;0;0;0;0;1;0;0;0;0;1;1;0;0;0;0;0;0;0;0;0;0;0;2;0;0
6;"Budynek II Liceum Ogólnokształcącego, ul. Szpitalna 14, 22-100 Chełm";66201;"m. Chełm";"Chełm";"lubelskie";1;1;1;7;0;2;1;0;0;0;0;0;2;0;0;0;0;0;0;0;1;0;0;1;1;0;6;4;4;2;13;5;0;0;0;1;0;1;0;0;0;0;0;0;2;0;0;0;3;2;12;6;0;1;0;0;1;0;0;0;0;0;0;0;0;2;0;1;0;0;0;1;0;1;53;0;16;4;1;1;1;0;18;0;1;0;0;0;0;0;0;0;0;0;0;0;0;64;13;7;7;2;1;4;2;1;1;0;0;0;1;0;1;0;0;0;0;0;1;1;1;2;118;3;1;0;0;3;1;0;0;0;0;0;0;0;2;0;0;0;0;1;0;0;0;0;0;1;0;1;0;0;0;0;0;0;0;0;0;0;0;0;0;0;0;0;0;0;0;0;0;1;0;0;0;0;0;0
7;"Budynek Zespołu Wychowania i Pomocy Psychologiczno-Pedagogicznej nr 1, ul. Trubakowska 59, 22-100 Chełm";66201;"m. Chełm";"Chełm";"lubelskie";1;1;2;4;0;0;1;0;0;1;0;0;0;0;0;0;0;0;0;0;0;0;0;1;0;1;27;10;8;1;8;30;1;1;0;4;1;0;0;0;1;0;0;0;3;0;0;1;0;1;30;16;9;6;1;0;1;0;1;2;1;0;1;1;0;0;0;0;0;0;0;1;3;0;106;12;20;11;0;4;2;0;39;2;4;0;1;0;0;1;1;0;0;1;1;0;1;126;24;2;12;0;0;3;1;1;0;0;0;0;1;1;1;0;0;0;1;0;0;1;1;3;205;5;2;0;0;3;0;1;1;0;1;0;0;0;2;0;0;1;0;0;0;0;0;1;3;6;0;0;0;0;1;0;0;0;0;2;0;0;0;0;1;0;0;2;0;0;2;1;0;1;0;0;0;0;0;1
8;"Budynek Przedszkola Miejskiego nr 11, ul. al. Marszałka Józefa Piłsudskiego 25a, 22-100 Chełm";66201;"m. Chełm";"Chełm";"lubelskie";1;1;1;6;1;2;0;0;0;1;1;0;1;0;0;0;0;0;1;1;2;0;0;0;1;2;32;12;6;4;26;19;2;1;1;6;3;0;1;0;0;1;0;0;2;0;2;1;4;2;32;26;5;2;1;0;0;2;2;2;1;0;1;0;0;0;0;0;0;0;0;1;3;3;116;13;21;35;6;3;18;2;57;0;0;1;2;0;0;1;3;1;1;0;1;0;4;205;32;8;12;2;2;2;4;1;0;0;1;0;0;0;0;0;1;0;4;1;0;0;0;1;323;11;4;0;0;3;1;1;0;0;0;0;0;0;2;0;0;3;0;3;0;0;0;0;6;13;0;0;0;1;0;1;0;0;0;2;1;0;1;0;0;0;0;2;2;0;0;0;0;0;2;0;0;3;0;0
9;"Budynek Szkoły Podstawowej nr 1 z Oddziałami Integracyjnymi, ul. Wołyńska 1, 22-100 Chełm";66201;"m. Chełm";"Chełm";"lubelskie";1;1;1;3;0;0;1;0;0;0;0;0;0;0;0;1;1;0;1;0;0;0;0;2;0;0;7;6;3;0;10;21;2;0;1;4;1;0;3;0;1;0;0;2;4;0;0;0;1;2;20;15;2;6;1;0;0;0;0;0;2;0;2;1;0;0;2;2;0;0;0;0;1;1;93;6;17;22;0;4;10;1;38;0;6;0;1;0;0;0;1;0;0;3;0;0;0;117;22;1;16;0;0;2;0;0;0;0;0;0;0;0;0;0;0;0;2;0;1;2;0;0;179;6;2;1;2;0;3;1;1;0;0;2;0;1;0;0;0;1;0;2;1;2;1;0;0;14;0;0;0;0;0;0;0;0;0;0;1;2;0;0;1;2;0;1;0;2;0;0;0;1;0;0;0;2;0;1
10;"Budynek Miejskiego Samodzielnego Publicznego Zakładu Opieki Zdrowotnej Przychodnia Rejonowa nr 1, ul. Wołyńska 11, 22-100 Chełm";66201;"m. Chełm";"Chełm";"lubelskie";1;1;1;4;0;0;1;0;0;0;0;0;0;0;0;0;2;0;0;0;3;0;0;0;1;0;21;3;3;3;9;15;1;0;0;4;1;1;3;0;0;0;0;1;3;1;0;0;1;0;31;15;0;4;1;1;1;2;1;0;0;0;3;0;0;1;0;0;1;0;0;1;2;1;101;7;13;20;1;4;13;0;44;2;1;1;1;1;0;2;0;0;0;1;1;1;3;147;25;3;18;0;1;3;6;0;1;0;0;2;2;0;2;0;0;0;0;0;0;0;1;1;226;12;1;3;1;2;1;3;1;1;2;0;0;0;2;1;0;1;0;0;0;1;0;0;7;14;0;0;0;1;0;0;0;0;0;1;0;1;0;1;0;1;0;1;0;2;0;0;0;0;0;0;0;1;0;0
11;"Budynek Chełmskiego Domu Kultury, pl. Tysiąclecia Państwa Polskiego 1, 22-100 Chełm";66201;"m. Chełm";"Chełm";"lubelskie";1;1;2;6;0;0;1;1;0;5;0;1;0;0;0;1;1;0;0;0;1;1;2;2;1;2;30;14;8;6;19;41;2;2;0;2;0;1;1;2;0;1;0;4;1;0;1;0;1;3;37;18;0;3;0;1;3;3;0;0;8;0;4;2;0;1;0;0;0;0;1;0;1;0;111;5;29;20;2;3;9;0;58;1;0;0;0;1;2;1;0;1;0;1;1;0;2;202;33;1;11;2;1;5;1;2;0;0;0;1;0;2;2;0;1;1;0;0;0;0;1;2;246;13;5;1;0;2;1;3;0;0;0;0;0;0;2;1;0;3;0;0;2;1;0;3;7;14;0;1;3;0;0;0;1;0;0;0;0;1;0;1;0;1;0;1;0;0;0;0;1;0;0;0;0;4;0;0
12;"Budynek, Klub ""CHAESEMUS"" Chełmskiej Spółdzielni Mieszkaniowej, ul. Starościńska 4a, 22-100 Chełm";66201;"m. Chełm";"Chełm";"lubelskie";1;1;1;6;3;0;0;0;0;0;0;0;0;0;0;0;0;1;0;0;1;1;0;3;0;0;16;5;4;1;15;12;6;0;0;6;1;0;0;0;0;0;0;1;2;1;2;2;1;3;30;23;7;2;3;2;0;0;0;0;0;0;2;0;0;1;2;1;0;0;0;0;0;0;114;5;17;14;6;6;5;0;43;0;1;0;1;0;0;0;0;0;0;0;2;0;1;115;27;4;10;0;0;5;2;1;0;0;0;1;2;1;2;1;0;0;0;0;0;0;0;0;228;19;2;0;0;1;0;1;1;0;0;0;0;0;7;0;0;0;0;0;0;0;0;1;0;2;0;0;0;0;0;1;0;0;0;1;0;0;0;0;0;0;0;0;0;1;0;0;0;0;0;1;0;0;0;0
13;"Budynek Językowego Przedszkola Integracyjnego ""W Kasztanowym Parku"", ul. Lubelska 4, 22-100 Chełm";66201;"m. Chełm";"Chełm";"lubelskie";1;1;2;4;0;0;0;0;0;2;0;1;0;0;0;0;0;0;0;0;0;0;0;0;0;0;22;9;2;1;15;14;4;0;0;2;1;0;1;0;0;0;0;0;2;0;0;1;0;0;22;14;5;3;1;2;1;2;2;2;2;0;2;0;0;1;0;2;0;0;0;0;0;1;99;11;20;18;1;0;2;1;39;0;4;0;0;0;1;1;2;0;0;1;1;0;1;106;25;3;11;0;1;2;0;0;2;0;0;0;0;0;0;0;1;0;1;0;1;0;2;3;246;7;3;0;0;3;0;3;0;1;0;0;0;0;0;0;0;0;0;0;0;0;0;0;2;5;0;0;0;2;1;1;0;0;0;1;1;0;1;1;0;0;0;1;0;2;0;0;0;0;1;0;0;0;0;0
14;"Budynek Zespołu Szkół Gastronomicznych i Hotelarskich, ul. Reformacka 13, 22-100 Chełm";66201;"m. Chełm";"Chełm";"lubelskie";1;1;2;4;0;0;1;0;0;0;0;0;0;0;0;0;0;0;0;0;0;0;0;3;3;0;16;9;2;3;13;10;1;1;1;1;0;1;1;0;0;0;0;0;3;1;1;1;3;2;30;18;3;3;0;1;1;3;0;0;1;0;1;1;0;2;1;1;0;0;0;1;2;0;86;5;20;10;0;3;2;0;61;2;3;0;3;0;1;0;0;0;0;0;3;0;3;93;17;9;12;1;1;0;0;1;0;0;0;0;0;0;1;0;0;0;0;1;0;1;0;2;251;4;5;3;0;1;0;1;1;0;0;0;0;0;2;1;0;0;0;2;0;2;0;1;2;12;1;1;0;0;0;0;0;0;0;0;0;0;0;0;0;1;0;0;0;0;0;0;0;0;0;0;0;1;0;0
15;"Budynek Przedszkola Miejskiego nr 5, ul. Kwiatowa 1, 22-100 Chełm";66201;"m. Chełm";"Chełm";"lubelskie";1;1;3;7;0;1;1;0;0;0;0;0;0;0;0;1;0;0;0;0;0;1;1;4;1;0;22;16;3;5;13;19;2;0;1;5;3;0;1;0;0;0;1;0;3;3;0;2;0;3;23;28;4;2;1;3;0;0;0;0;3;0;0;0;0;0;1;0;0;0;1;1;0;1;83;15;15;12;0;0;6;0;34;1;3;0;1;0;2;0;0;0;0;0;0;0;1;146;31;3;7;0;1;2;4;3;2;0;0;0;2;2;0;1;1;1;3;1;1;1;0;2;334;10;11;1;0;3;2;4;1;0;0;0;0;0;0;0;0;0;0;0;0;0;0;0;4;11;0;0;0;2;0;0;1;0;0;0;0;0;0;0;0;0;0;0;0;0;1;0;0;0;2;0;0;0;0;0
16;"Budynek Szkoły Podstawowej nr 2, ul. Obłońska 51, 22-100 Chełm";66201;"m. Chełm";"Chełm";"lubelskie";1;1;1;5;0;2;1;0;0;3;0;0;0;0;1;0;0;0;1;0;1;0;0;1;1;1;13;9;3;1;5;12;3;0;1;2;1;0;0;0;1;0;0;2;4;1;0;1;2;3;32;16;4;1;0;1;1;0;0;0;0;0;1;0;0;0;0;0;0;0;0;0;4;0;97;8;13;11;2;2;7;1;52;0;4;0;0;0;1;2;0;0;0;3;1;0;5;111;25;1;4;2;1;6;0;2;1;0;1;0;1;2;2;0;1;0;0;1;1;0;0;4;239;8;5;1;0;0;0;0;0;1;0;0;0;1;0;1;0;1;0;2;0;1;0;0;3;10;0;0;1;0;0;0;1;0;0;0;1;0;0;0;0;0;0;0;0;0;0;0;0;0;0;0;0;0;0;0
17;"Budynek I Liceum Ogólnokształcącego, ul. Stefana Czarnieckiego 8, 22-100 Chełm";66201;"m. Chełm";"Chełm";"lubelskie";1;1;1;1;1;0;1;0;0;0;1;0;1;0;0;0;0;0;0;0;0;0;0;0;0;0;10;1;4;0;5;8;0;0;0;1;1;1;1;0;1;0;0;1;1;0;0;0;0;0;17;12;1;2;0;0;0;1;0;1;0;0;1;0;0;0;0;1;0;0;0;0;0;0;78;5;11;8;0;2;2;1;17;2;3;0;1;0;0;0;0;1;0;0;1;0;1;88;13;5;2;0;0;3;2;1;0;0;0;0;1;0;0;0;1;0;1;0;0;0;0;0;101;4;2;2;0;1;0;0;0;0;0;1;0;0;0;0;0;0;1;0;0;0;0;0;5;8;0;0;0;0;0;0;0;0;0;0;0;0;0;0;1;1;0;4;0;0;0;0;0;0;0;0;0;0;0;0
18;"Budynek Zespołu Szkół Budowlanych i Geodezyjnych, ul. Stefana Batorego 1, 22-100 Chełm";66201;"m. Chełm";"Chełm";"lubelskie";1;1;1;1;0;0;0;0;0;0;0;0;0;0;0;0;1;0;0;0;0;0;0;0;0;0;11;6;5;1;6;12;1;0;0;5;0;0;1;0;0;0;0;0;5;0;0;0;1;1;10;3;6;2;1;0;0;1;0;0;0;0;1;0;0;1;0;0;0;0;0;0;1;2;62;1;7;15;2;3;1;0;20;1;0;0;0;0;0;1;0;0;0;0;0;0;1;86;19;0;6;1;2;0;1;2;0;1;0;0;1;2;0;0;0;1;0;0;2;0;0;1;162;3;1;1;1;0;0;0;0;0;0;0;0;0;0;0;0;3;0;0;0;0;0;0;2;3;0;0;1;0;0;1;0;0;0;0;0;0;0;0;0;0;0;0;0;1;0;0;0;0;0;0;0;0;0;0
19;"Budynek Miejskiego Przedsiębiorstwa Gospodarki Komunalnej Sp. z o. o., ul. Wołyńska 57, 22-100 Chełm";66201;"m. Chełm";"Chełm";"lubelskie";1;1;5;3;0;0;0;0;0;3;1;0;1;0;0;0;0;0;1;0;0;0;0;0;4;1;25;25;9;5;18;32;1;0;1;3;0;1;2;0;0;1;0;1;6;3;1;1;0;3;28;21;3;7;1;2;0;1;0;2;0;0;0;1;0;0;0;0;0;0;0;2;2;1;127;6;35;24;1;10;18;2;52;0;2;0;0;1;1;2;0;1;2;0;0;0;1;155;33;8;14;1;0;4;0;0;1;0;0;1;1;2;2;0;1;1;1;1;0;1;0;4;351;11;3;2;1;4;1;3;2;2;1;0;0;0;3;0;0;1;0;1;0;1;0;3;3;8;2;0;1;1;1;1;0;2;0;0;1;0;0;1;0;1;0;2;0;0;0;0;1;0;0;0;0;2;0;0
20;"Budynek Zespołu Szkół Energetycznych i Transportowych, ul. Jagiellońska 29, 22-100 Chełm";66201;"m. Chełm";"Chełm";"lubelskie";1;1;2;0;1;0;0;0;0;1;0;0;1;0;0;0;0;0;0;0;0;0;0;0;0;0;10;4;0;0;2;19;1;0;0;1;0;0;0;1;0;0;0;0;3;1;0;0;0;1;7;9;1;1;0;0;0;0;0;0;0;0;2;0;0;0;0;0;0;0;2;0;0;0;37;1;7;3;0;0;3;0;18;0;1;0;0;0;1;0;1;0;0;1;0;0;0;36;10;6;8;0;0;1;1;0;0;0;0;1;0;0;0;0;0;0;0;0;0;0;0;1;82;6;5;0;0;0;0;0;0;0;0;0;0;0;0;0;0;0;0;0;0;0;0;0;3;14;0;0;0;0;0;0;0;0;0;0;0;1;0;0;0;0;0;0;0;0;0;0;0;0;0;0;0;0;0;0
21;"Budynek Przedszkola Niepublicznego z Oddziałami Integracyjnymi ""Razem"", ul. Botaniczna 16, 22-100 Chełm";66201;"m. Chełm";"Chełm";"lubelskie";1;1;0;1;0;0;2;0;0;2;0;0;0;0;0;1;0;0;0;0;2;0;0;3;1;2;30;27;2;3;20;35;1;3;2;5;5;2;0;0;0;0;0;0;5;0;0;0;1;1;38;22;3;1;0;0;1;1;0;0;0;0;1;0;0;1;1;0;0;0;0;0;1;1;165;11;21;24;1;6;8;0;56;1;2;0;2;1;0;4;0;0;0;1;1;1;1;183;36;1;23;1;1;2;0;3;0;0;0;1;0;0;0;0;1;1;1;0;1;0;0;1;316;15;9;0;1;3;1;2;1;0;0;1;0;1;1;0;0;3;0;0;0;2;0;1;3;13;1;0;1;0;1;0;0;0;0;0;0;0;0;0;0;0;1;2;1;0;0;1;1;0;0;0;0;1;1;0
22;"Budynek Szkoły Podstawowej nr 4 z Oddziałami Integracyjnymi, ul. Prymasa Stefana Wyszyńskiego 15, 22-100 Chełm";66201;"m. Chełm";"Chełm";"lubelskie";1;1;0;6;0;0;0;0;0;1;0;0;0;0;0;0;1;0;0;0;0;0;1;3;1;1;11;5;2;2;8;18;2;0;3;8;1;0;0;1;0;0;0;0;3;0;0;0;4;1;10;13;1;2;0;5;0;0;0;0;0;0;3;0;0;0;0;0;0;0;0;0;0;0;69;4;12;7;1;1;13;0;29;0;5;0;0;0;1;2;0;0;0;1;1;0;0;105;11;3;9;1;0;3;0;0;0;0;0;0;1;0;0;0;0;0;0;1;0;0;0;2;122;8;3;0;0;2;1;3;0;0;0;0;0;0;0;0;2;0;0;2;0;0;0;0;2;9;1;0;0;0;0;0;0;0;0;4;0;0;0;0;0;0;0;0;0;0;0;0;1;0;0;0;0;0;0;0
23;"Budynek Państwowej Szkoły Muzycznej I i II stopnia., ul. Hrubieszowska 102, 22-100 Chełm";66201;"m. Chełm";"Chełm";"lubelskie";1;1;2;7;0;0;1;0;0;3;0;1;3;0;0;0;0;0;0;0;1;0;0;0;2;0;37;27;2;2;20;30;2;0;1;9;1;0;2;0;0;0;1;1;3;0;0;0;0;3;25;18;5;4;1;2;1;3;1;0;1;1;1;0;0;0;0;1;0;1;0;1;5;1;132;7;31;26;5;1;4;2;45;0;3;0;1;2;1;0;0;0;0;1;1;0;0;149;47;9;22;1;0;7;2;1;1;0;0;1;0;1;0;0;1;2;2;0;2;0;0;2;303;19;3;1;0;4;0;2;1;0;0;0;0;0;1;1;0;1;1;4;0;0;0;0;7;13;0;0;0;2;0;0;0;0;0;2;1;0;0;2;0;0;0;2;0;1;0;0;0;0;0;0;1;6;0;0
24;"Budynek Państwowej Akademii Nauk Stosowanych, ul. Wojsławicka 8b, 22-100 Chełm";66201;"m. Chełm";"Chełm";"lubelskie";1;1;1;5;1;1;0;0;0;1;0;0;0;0;0;0;1;0;0;0;0;0;0;1;1;0;18;11;4;2;8;8;2;2;1;5;1;0;1;0;0;0;3;0;4;0;0;0;0;2;26;30;1;0;0;2;0;0;0;0;0;0;1;0;0;0;0;0;0;0;0;0;4;0;82;8;12;12;1;3;2;0;30;2;2;0;0;0;4;2;1;1;1;1;1;0;0;100;17;4;8;0;1;2;0;1;2;0;1;1;0;0;1;0;0;0;0;0;1;0;0;1;208;7;8;0;0;1;0;0;2;1;1;0;0;0;0;0;0;0;0;3;3;1;0;1;2;6;1;0;1;0;0;0;0;0;0;0;0;0;0;0;1;0;0;0;0;0;0;0;0;0;0;0;0;0;0;0
25;"Budynek Szkoły Podstawowej nr 6, ul. Powstańców Warszawy 10, 22-100 Chełm";66201;"m. Chełm";"Chełm";"lubelskie";1;1;1;6;0;0;1;0;0;0;0;0;1;0;0;0;0;0;0;0;0;0;0;0;0;0;24;12;4;4;17;13;0;0;2;2;5;0;1;0;0;0;0;2;3;0;0;1;1;6;22;43;3;5;0;3;0;3;0;0;5;0;3;0;0;1;0;0;1;0;1;0;3;0;124;17;30;24;2;7;5;1;27;1;0;0;1;1;0;0;0;0;0;2;0;0;0;143;13;6;13;1;0;1;1;4;1;0;0;0;1;1;1;0;1;0;1;1;1;0;1;2;296;7;7;2;0;0;0;3;0;0;0;0;1;0;1;1;0;0;0;1;1;2;0;0;1;4;12;0;0;1;0;0;0;0;0;0;0;0;0;0;0;0;0;0;0;1;0;0;0;0;0;0;0;1;0;0
26;"Budynek Przedszkola Miejskiego nr 14, ul. Generała Stefana Grota-Roweckiego 4a, 22-100 Chełm";66201;"m. Chełm";"Chełm";"lubelskie";1;1;3;9;0;0;0;0;0;0;1;0;2;0;0;0;3;0;0;0;0;0;0;1;3;2;32;21;5;5;18;19;2;1;2;5;6;0;2;1;0;0;1;0;3;0;1;0;1;9;49;30;8;1;1;1;0;1;2;0;1;1;1;0;1;1;1;1;0;0;0;0;5;1;146;20;22;29;2;13;6;2;45;2;3;1;1;1;2;0;0;1;0;0;1;0;1;140;30;2;21;0;1;3;3;0;1;1;0;0;3;2;1;1;0;3;3;0;0;0;1;0;397;10;8;0;1;1;2;1;0;0;0;0;0;0;3;0;0;1;0;2;0;2;1;1;8;9;2;0;0;1;2;0;0;0;0;0;0;0;0;0;0;0;0;0;0;1;0;0;1;1;0;0;0;0;0;0
27;"Budynek Przedszkola Miejskiego nr 15, ul. Henryka Wieniawskiego 3, 22-100 Chełm";66201;"m. Chełm";"Chełm";"lubelskie";1;1;1;0;0;0;0;0;0;0;0;0;0;0;0;0;2;0;0;0;0;1;0;0;1;0;25;14;4;3;19;15;2;0;0;5;2;1;1;0;1;2;0;0;10;0;0;1;1;1;23;18;2;2;0;1;0;0;1;0;0;0;2;0;0;0;0;3;0;0;0;0;1;1;135;20;22;22;1;2;8;0;46;1;0;0;1;1;0;0;0;0;0;0;3;0;0;112;24;3;22;0;1;1;2;0;0;1;1;0;0;0;0;1;0;0;2;0;2;0;2;3;281;9;3;4;2;2;1;3;0;1;0;0;0;0;0;0;0;1;0;1;1;4;1;3;2;18;0;0;0;0;1;0;0;0;0;4;0;0;0;0;0;1;0;0;0;1;0;0;0;0;3;0;0;0;0;0
28;"Budynek Biblioteki Pedagogicznej, ul. Henryka Wieniawskiego 15, 22-100 Chełm";66201;"m. Chełm";"Chełm";"lubelskie";1;1;5;6;0;2;2;0;0;1;0;0;0;0;0;0;0;0;0;0;0;1;0;0;2;1;36;15;4;2;47;18;2;0;1;6;3;0;1;2;0;1;0;0;3;1;1;2;0;3;50;38;6;5;1;2;0;0;2;0;1;2;2;2;0;0;0;0;0;0;0;1;3;1;143;15;26;26;2;1;12;2;68;2;2;2;1;0;4;3;0;1;0;0;2;0;1;163;40;5;26;2;0;5;4;1;0;0;1;1;0;1;1;0;0;0;1;0;1;0;1;2;454;10;7;1;0;2;1;0;0;3;1;3;0;0;1;1;1;3;0;1;0;0;0;2;4;32;1;1;1;0;0;2;0;1;0;2;0;0;0;0;0;2;0;2;1;0;0;0;0;0;2;0;0;0;0;0
29;"Przedszkole Montessori ToTu, ul. Karola Szymanowskiego 8, 22-100 Chełm";66201;"m. Chełm";"Chełm";"lubelskie";1;1;1;6;3;1;0;0;0;2;1;0;0;0;0;1;0;0;0;0;0;0;0;1;2;0;19;7;5;2;21;12;0;0;1;5;1;3;1;0;1;0;0;0;7;0;0;0;1;1;27;32;4;1;1;1;1;1;2;0;1;0;2;0;0;0;1;0;0;0;0;0;0;1;103;9;18;23;0;5;11;1;43;2;3;0;0;0;0;0;0;0;1;0;1;0;1;117;18;1;10;0;3;4;1;3;0;1;0;1;0;1;1;0;0;1;3;1;2;0;0;1;276;12;6;0;1;0;1;1;0;0;0;0;0;0;1;1;0;0;0;1;0;0;0;0;2;13;2;1;0;0;1;0;0;0;0;2;0;1;0;0;0;0;0;1;0;0;0;0;0;0;0;0;0;0;0;1
30;"Budynek Przedszkola Miejskiego Nr 13 z Oddziałami Integracyjnymi, ul. Połaniecka 5, 22-100 Chełm";66201;"m. Chełm";"Chełm";"lubelskie";1;1;1;1;0;0;1;0;0;1;0;0;0;0;0;0;1;0;0;0;0;0;0;0;2;1;27;8;11;0;18;17;3;0;0;1;1;0;0;1;2;0;0;1;0;0;0;2;1;0;23;34;2;2;1;0;4;0;0;0;0;0;2;0;0;0;1;0;0;1;0;5;2;1;95;12;35;25;4;0;11;0;38;3;0;0;0;0;0;1;1;0;0;1;0;2;1;147;14;2;26;0;0;3;0;0;0;1;0;0;2;0;1;0;0;0;1;1;3;1;0;1;270;10;7;3;0;1;0;0;0;0;0;0;0;0;3;0;0;0;0;3;0;1;1;0;0;14;3;0;1;1;0;1;0;0;0;1;0;1;0;0;0;0;0;1;0;0;1;0;0;0;0;0;1;0;0;0
31;"Budynek Żłobka Miejskiego ""Chełmskie Niedźwiadki"", ul. Wolności 20, 22-100 Chełm";66201;"m. Chełm";"Chełm";"lubelskie";1;1;0;5;0;0;0;0;0;0;0;0;1;0;0;0;1;0;0;0;1;0;0;4;1;0;15;6;2;2;28;15;0;0;1;3;1;1;0;0;0;1;0;1;2;1;0;0;3;2;35;29;0;6;1;1;0;0;1;0;1;1;0;0;0;2;1;1;0;0;0;0;2;0;168;21;31;21;0;1;2;0;35;2;3;0;0;0;2;1;4;0;0;0;1;1;1;124;14;4;13;0;0;1;3;1;2;1;0;0;1;1;0;0;0;1;2;0;1;0;1;1;308;17;6;0;1;5;1;0;0;0;0;1;0;0;0;1;0;0;0;2;0;2;0;0;2;9;1;1;0;0;1;0;1;0;0;0;0;2;0;0;0;0;0;0;0;0;1;0;0;0;0;0;0;0;0;1
32;"Budynek Szkoły Podstawowej Nr 8, ul. Połaniecka 10, 22-100 Chełm";66201;"m. Chełm";"Chełm";"lubelskie";1;1;3;2;0;1;0;0;1;0;0;0;0;0;0;0;0;0;0;0;0;0;1;0;4;0;18;22;4;0;12;8;7;1;3;5;2;0;0;0;0;0;0;1;2;0;0;0;2;1;21;34;9;5;0;2;0;0;0;0;2;0;0;0;0;0;1;0;0;0;0;1;1;0;119;10;24;31;5;4;2;0;30;2;3;0;0;0;1;3;3;0;0;0;2;0;2;125;19;4;10;1;0;3;1;1;0;3;0;0;0;0;1;0;1;0;1;1;0;0;0;0;273;7;6;1;0;2;0;0;1;0;0;0;0;0;1;0;0;0;0;0;1;0;0;0;4;8;0;0;0;0;0;0;0;0;0;0;2;3;0;0;1;0;0;0;0;1;0;0;1;0;0;0;1;0;0;0
33;"Budynek Spółdzielni Mieszkaniowej ""Bazylany"", ul. Aleja 3-go Maja 6, 22-100 Chełm";66201;"m. Chełm";"Chełm";"lubelskie";1;1;2;4;1;0;1;0;0;0;0;2;0;2;1;1;3;0;1;0;0;1;0;2;1;1;30;19;4;3;29;24;3;0;6;4;0;0;1;0;0;0;0;1;5;0;0;2;1;4;30;27;5;1;1;2;0;0;2;0;1;0;0;0;0;1;2;1;0;0;0;0;0;2;139;10;23;7;1;2;3;1;38;0;2;0;0;0;0;0;0;0;0;2;0;0;2;134;36;10;19;2;2;1;2;1;1;0;0;2;2;2;2;0;0;1;3;0;0;1;1;3;328;16;7;2;0;1;0;1;1;0;0;0;0;0;2;0;0;1;0;2;1;1;0;0;8;24;0;1;0;0;0;0;0;0;1;0;0;0;0;0;0;0;0;3;0;0;0;0;0;0;1;0;0;1;0;2
34;"Budynek Przedszkola Miejskiego Nr 8, ul. Mikołaja Reja 54, 22-100 Chełm";66201;"m. Chełm";"Chełm";"lubelskie";1;1;1;1;0;0;0;0;0;0;0;0;0;1;0;0;0;0;0;0;0;0;0;1;2;0;11;4;0;1;4;13;0;0;1;1;1;0;0;0;0;0;0;0;0;0;0;0;1;3;9;5;3;0;1;1;1;0;0;0;2;1;1;0;0;0;0;2;0;0;0;2;2;1;42;3;4;8;0;1;8;0;10;0;1;0;0;0;0;1;1;0;0;1;1;0;0;58;15;2;2;0;2;1;1;2;0;1;0;0;1;0;1;0;1;0;2;0;1;0;0;0;103;3;0;0;0;0;0;0;0;0;0;0;0;0;0;0;0;0;0;0;0;0;0;0;2;5;0;2;0;0;0;0;0;0;0;2;1;1;0;0;1;0;0;2;0;0;0;0;0;0;0;0;0;0;0;1
35;"Budynek Zakładu Karnego, ul. Kolejowa 112, 22-100 Chełm";66201;"m. Chełm";"Chełm";"lubelskie";1;1;1;1;0;0;0;0;1;0;1;1;0;0;0;1;1;0;0;0;0;1;0;0;0;0;16;6;1;1;10;1;5;1;2;1;1;1;3;1;0;0;0;2;3;2;0;1;0;3;4;0;1;1;1;0;0;0;0;1;1;0;1;0;0;0;0;1;0;0;0;0;0;2;21;5;0;5;0;1;1;1;4;2;2;0;2;1;1;1;0;2;0;2;1;0;1;5;8;2;3;0;1;1;1;1;0;0;0;1;0;1;1;0;0;1;1;0;0;0;0;1;43;14;4;2;1;7;2;0;1;3;0;0;1;2;4;3;0;0;1;0;2;0;3;0;2;0;0;0;0;0;1;0;0;0;0;0;0;0;0;0;0;0;0;1;0;0;0;0;0;0;0;0;0;0;0;0
36;"Budynek Samodzielnego Publicznego Wojewódzkiego Szpitala Specjalistycznego, ul. Ceramiczna 1, 22-100 Chełm";66201;"m. Chełm";"Chełm";"lubelskie";1;1;0;0;0;0;1;0;0;1;1;0;1;0;1;0;0;0;0;0;0;1;0;0;0;0;2;0;1;0;1;1;0;0;0;2;0;0;0;0;0;0;0;0;0;0;0;0;0;0;0;3;0;0;0;0;0;0;0;0;0;0;1;1;0;0;0;0;0;0;0;0;1;0;30;3;13;9;4;1;4;0;6;4;2;2;2;0;3;3;1;1;0;0;0;0;2;30;3;0;2;0;0;0;0;0;0;0;0;1;0;2;0;1;0;0;0;0;1;0;0;2;27;2;0;1;1;0;0;0;0;0;0;0;1;0;0;0;0;2;0;0;0;0;0;0;0;2;0;0;0;0;0;0;0;0;0;0;0;0;0;0;0;0;0;0;0;0;0;0;0;0;0;0;0;0;0;0
1;"Zespół Szkół Ponadpodstawowych Nr 1 w Zamościu, ul. Waleriana Łukasińskiego 8, 22-400 Zamość";66401;"m. Zamość";"Zamość";"lubelskie";1;1;3;0;2;1;0;3;0;0;0;0;0;0;0;0;2;0;1;1;0;0;1;1;1;1;16;55;2;6;3;0;0;1;0;0;2;0;1;4;0;1;0;1;0;3;1;0;1;2;33;1;0;7;3;0;10;0;0;0;1;0;3;1;0;2;0;1;1;0;0;2;0;6;78;28;115;9;9;1;18;1;0;3;40;0;0;12;1;5;2;0;7;11;0;0;0;5;25;9;6;0;0;4;1;2;0;1;0;0;0;1;1;0;2;6;3;0;2;0;2;3;65;34;16;3;3;24;4;63;2;0;1;0;3;0;0;2;1;1;0;0;2;1;0;2;4;3;3;2;1;0;0;0;1;5;0;0;0;1;0;0;0;0;0;2;0;0;0;1;0;0;0;0;1;1;0;0
2;"Zespół Szkół Ponadpodstawowych Nr 2 w Zamościu, ul. Szczebrzeska 41, 22-400 Zamość";66401;"m. Zamość";"Zamość";"lubelskie";1;1;2;1;0;1;1;3;0;0;0;3;0;0;0;1;1;0;0;0;0;0;0;1;1;2;23;112;3;2;6;3;4;4;1;1;3;0;1;4;0;3;0;2;3;1;1;0;0;2;24;1;3;2;3;3;6;2;2;1;1;0;1;0;0;2;0;1;1;0;1;3;0;3;58;24;192;4;17;3;19;2;1;5;65;0;5;15;3;7;1;0;9;11;0;1;4;6;49;3;4;3;4;2;1;3;3;1;0;1;0;3;3;0;1;10;5;1;4;0;1;3;71;28;25;5;4;69;1;58;1;2;0;0;0;0;0;2;1;1;0;1;1;0;4;1;18;0;5;0;0;0;1;0;0;2;0;0;1;0;0;0;0;0;0;3;0;0;0;0;0;2;0;1;1;0;0;0
3;"Przedszkole Miejskie Nr 6 w Zamościu, ul. Dolna 4, 22-400 Zamość";66401;"m. Zamość";"Zamość";"lubelskie";1;1;2;1;0;2;0;2;2;1;1;1;1;0;0;0;0;0;0;0;0;0;0;0;1;3;30;157;2;3;6;7;1;0;0;0;1;3;0;2;1;2;0;3;3;1;1;0;0;5;37;3;0;3;0;2;5;0;0;0;0;3;0;0;0;2;1;0;0;0;0;0;0;6;74;33;257;7;9;4;21;0;0;6;63;0;1;19;0;9;1;0;20;8;2;0;0;10;53;3;12;0;0;5;3;1;4;1;0;2;1;1;0;0;2;8;0;2;2;0;0;1;62;49;19;8;3;84;4;88;4;2;0;0;2;0;2;0;0;1;0;0;1;1;0;3;17;2;0;0;0;0;1;1;0;16;0;0;1;2;0;0;0;1;0;2;0;0;0;0;1;0;0;0;0;0;0;0
4;"Przedszkole Miejskie Nr 9 w Zamościu, ul. Oboźna 10, 22-400 Zamość";66401;"m. Zamość";"Zamość";"lubelskie";1;1;0;1;0;1;0;4;0;1;0;2;0;0;3;0;1;0;0;0;1;0;0;2;0;0;16;102;2;10;5;0;6;0;2;1;3;3;4;9;1;2;1;2;1;0;1;1;0;1;35;1;1;5;0;0;8;2;0;1;2;0;0;0;0;0;0;3;3;0;0;0;0;9;85;14;215;10;9;2;28;0;4;2;47;0;0;13;0;6;1;0;27;3;3;0;0;6;21;8;4;1;0;0;3;1;1;2;0;0;0;1;2;1;0;1;1;0;0;1;1;4;72;25;25;9;1;55;2;87;1;0;1;2;7;0;1;0;3;2;0;0;0;1;1;1;10;1;2;1;0;1;0;0;0;6;0;0;1;0;1;0;1;0;0;2;0;0;0;0;0;0;0;0;0;0;0;0
5;"Spółdzielnia Mieszkaniowa w Zamościu (świetlica), ul. Elizy Orzeszkowej 28, 22-400 Zamość";66401;"m. Zamość";"Zamość";"lubelskie";1;1;0;0;0;1;0;0;1;0;1;1;0;0;0;0;0;0;0;0;0;1;1;4;1;2;7;44;1;6;2;1;1;0;0;0;2;0;0;3;2;0;0;2;0;1;0;0;0;2;37;2;2;3;1;2;7;2;2;0;1;0;1;1;1;0;0;1;1;2;1;1;1;7;63;16;143;14;4;4;24;1;2;4;52;1;2;7;3;7;2;0;3;16;1;0;0;1;25;2;1;0;0;3;1;0;1;1;0;0;1;0;1;0;3;4;3;0;1;0;5;1;68;18;18;7;0;52;0;52;0;1;0;0;1;1;0;0;0;3;0;1;1;0;1;0;7;1;1;0;2;0;0;0;0;2;0;1;0;0;1;0;0;0;0;4;0;1;0;0;0;0;0;0;0;0;0;0
6;"Szkoła Podstawowa Nr 3 w Zamościu, ul. Elizy Orzeszkowej 43, 22-400 Zamość";66401;"m. Zamość";"Zamość";"lubelskie";1;1;1;0;2;0;2;0;0;2;0;0;1;0;0;0;0;0;0;0;1;0;0;2;2;1;36;90;0;3;5;0;2;1;3;0;2;0;2;4;1;2;0;4;1;2;0;0;1;3;33;6;1;7;1;1;16;1;0;0;4;0;2;1;0;3;2;1;0;0;1;0;0;11;102;23;181;8;7;6;25;1;1;7;41;0;1;15;1;6;0;0;12;11;1;1;2;0;21;7;4;2;2;1;0;0;0;0;1;0;2;1;1;0;0;4;3;0;0;0;1;0;70;25;26;4;2;52;3;62;3;1;0;1;1;0;0;0;0;3;0;0;0;2;0;0;7;0;1;1;1;0;0;0;0;4;0;0;0;0;0;0;0;0;0;1;0;0;0;0;0;0;0;1;0;0;0;0
7;"Zespół Szkół Ponadpodstawowych Nr 4 z Oddziałami Integracyjnymi w Zamościu, ul. Marszałka J. Piłsudskiego 65, 22-400 Zamość";66401;"m. Zamość";"Zamość";"lubelskie";1;1;1;2;0;0;5;2;0;2;1;1;0;0;2;0;1;0;0;0;0;0;0;2;1;0;29;123;3;1;3;2;5;1;1;1;6;1;1;1;2;0;0;3;1;2;0;0;3;3;29;2;3;2;0;2;6;0;0;0;0;1;0;1;0;1;0;1;1;1;0;0;0;8;110;24;202;16;4;5;13;1;0;0;52;0;2;11;1;16;2;0;12;5;1;0;2;4;44;2;5;2;2;0;0;3;1;0;0;0;0;3;2;2;0;4;2;2;2;1;2;4;61;33;20;10;4;40;1;77;4;0;4;2;3;0;1;2;3;3;0;1;1;0;0;2;8;0;3;0;1;0;0;0;0;11;0;0;0;0;0;0;0;1;1;4;0;0;0;0;0;0;0;3;0;0;0;0
8;"Przedszkole Miejskie nr 14 w Zamościu, ul. Olchowa 11, 22-400 Zamość";66401;"m. Zamość";"Zamość";"lubelskie";1;1;2;1;1;3;2;1;0;0;0;1;0;0;0;0;0;0;0;0;0;1;0;5;0;1;15;85;3;4;3;0;0;0;0;2;1;1;2;7;2;0;0;4;0;4;0;0;0;4;30;0;3;2;5;1;2;6;0;0;3;0;0;0;0;0;2;0;2;1;0;1;0;5;87;19;184;2;13;3;25;0;2;1;50;1;3;10;0;6;1;0;11;5;0;0;3;8;32;8;4;0;1;2;0;4;1;0;0;1;0;0;1;0;2;6;5;0;1;0;0;1;56;35;26;11;1;33;2;63;1;0;0;0;4;2;1;0;0;2;0;1;0;0;0;0;8;1;0;0;0;1;0;0;0;10;0;0;0;1;1;0;0;0;0;3;0;0;0;0;2;0;1;0;0;0;0;1
9;"Szkoła Podstawowa Nr 9 w Zamościu, ul. Kalinowa 5a, 22-400 Zamość";66401;"m. Zamość";"Zamość";"lubelskie";1;1;2;1;0;0;0;3;0;2;0;0;0;0;0;0;0;0;0;0;1;0;0;5;1;1;20;80;6;0;8;0;1;1;0;1;0;0;2;3;2;0;2;1;2;3;0;0;0;4;38;1;2;4;0;7;2;0;0;1;2;0;3;0;1;2;0;1;0;0;0;0;0;15;100;14;195;11;9;1;23;2;2;4;41;1;4;6;3;14;1;0;6;8;0;0;2;7;32;10;5;4;5;3;1;3;1;0;1;0;1;2;1;1;0;5;2;0;0;0;0;2;79;27;15;13;4;38;0;51;1;0;0;0;3;0;0;1;0;3;0;0;0;1;0;2;14;1;1;0;1;0;0;0;0;10;0;0;0;0;0;0;0;0;0;1;1;1;0;0;0;0;1;0;0;0;0;0
10;"Szkoła Podstawowa Nr 9 w Zamościu, ul. Kalinowa 5a, 22-400 Zamość";66401;"m. Zamość";"Zamość";"lubelskie";1;1;1;1;1;1;0;1;1;0;0;2;1;1;0;0;0;0;0;0;0;0;0;0;0;1;19;90;2;4;8;3;1;1;0;0;1;0;0;11;0;0;0;1;0;4;0;1;0;1;31;1;1;0;2;0;6;1;1;0;0;0;0;1;0;0;0;2;0;0;0;0;0;3;82;8;183;7;3;0;30;1;1;1;29;0;1;6;2;5;1;0;5;3;1;0;0;3;30;5;4;2;1;3;2;2;0;1;0;0;1;2;2;1;2;6;3;0;0;0;1;2;60;32;16;6;0;32;2;39;2;2;0;0;3;0;0;0;1;3;0;3;0;0;2;1;8;2;0;0;0;0;2;0;0;8;0;0;0;1;0;0;2;0;0;0;0;0;0;0;2;0;1;2;0;0;0;0
11;"Przedszkole Miejskie Nr 14 w Zamościu, ul. Olchowa 11, 22-400 Zamość";66401;"m. Zamość";"Zamość";"lubelskie";1;1;3;0;1;5;3;1;1;0;0;0;0;0;0;3;0;1;0;0;0;0;0;0;0;1;30;161;3;2;11;1;6;0;0;1;5;1;1;8;0;0;0;1;1;1;1;0;0;0;58;0;4;10;4;1;4;4;0;0;2;0;2;0;0;1;0;0;0;0;1;0;0;9;111;10;296;15;9;3;31;4;69;0;0;0;3;27;0;15;0;0;12;10;1;0;1;3;48;2;2;2;1;2;2;3;1;0;2;0;0;0;1;0;0;9;2;0;4;0;2;3;67;23;16;4;0;33;0;78;0;0;0;1;3;0;0;0;0;0;0;0;0;0;0;32;11;0;1;2;1;1;0;1;0;8;0;0;0;0;0;0;0;0;0;0;0;0;0;0;0;0;1;0;0;0;0;0
12;"Katolicka Szkoła Podstawowa w Zamościu (świetlica), ul. Gen. Władysława Sikorskiego 11, 22-400 Zamość";66401;"m. Zamość";"Zamość";"lubelskie";1;1;2;0;0;0;1;0;1;3;0;0;0;1;0;0;0;0;2;0;0;0;1;7;1;1;23;123;4;4;8;4;4;3;1;1;2;1;6;4;0;0;0;5;1;4;0;0;1;4;40;2;0;2;3;1;4;7;0;0;2;0;3;1;0;0;0;0;0;1;0;0;0;7;95;20;247;12;20;1;22;1;3;4;65;0;1;18;0;29;1;0;22;10;0;0;1;8;54;11;9;1;3;2;0;1;3;0;0;1;1;1;4;0;2;9;6;1;1;0;2;6;72;27;16;6;0;37;1;75;5;1;0;0;6;0;0;3;1;0;0;0;0;1;0;1;13;1;2;0;0;0;3;0;0;11;0;0;0;1;0;0;0;1;0;2;1;0;0;0;1;0;0;1;0;0;0;1
13;"III Liceum Ogólnokształcące w Zamościu, ul. Jana Kilińskiego 15, 22-400 Zamość";66401;"m. Zamość";"Zamość";"lubelskie";1;1;4;3;0;0;1;2;0;3;1;2;0;1;2;2;1;0;0;0;0;1;0;0;0;0;42;103;5;3;5;0;7;0;0;3;1;2;5;10;0;2;1;7;1;0;1;3;5;3;65;2;2;4;1;3;31;4;0;0;1;0;1;1;0;0;3;0;1;0;1;4;1;35;88;9;172;12;16;3;22;1;1;1;68;1;1;15;0;11;0;0;8;9;2;0;0;4;35;4;3;3;0;0;3;0;3;1;0;1;2;3;1;0;1;3;2;1;1;0;2;6;102;42;24;13;6;58;3;123;3;3;1;0;1;1;0;0;0;2;0;1;0;1;0;2;11;2;0;0;0;1;1;1;0;9;0;0;4;0;0;1;0;0;0;1;0;0;0;0;1;0;0;1;0;0;0;0
14;"Komenda Miejska Państwowej Straży Pożarnej (świetlica) w Zamościu, ul. Jana Kilińskiego 62, 22-400 Zamość";66401;"m. Zamość";"Zamość";"lubelskie";1;1;1;1;0;2;1;2;1;2;0;1;0;0;1;0;1;0;0;0;0;0;1;2;3;1;29;82;3;1;4;1;5;1;1;0;3;0;2;4;0;0;1;4;1;2;0;0;2;4;27;2;4;3;1;4;10;0;1;0;0;1;1;1;0;1;0;1;2;0;2;0;0;8;77;9;174;10;8;3;18;0;1;0;57;2;1;15;2;10;1;0;12;12;1;0;1;11;32;9;0;1;1;0;2;1;1;1;1;1;0;1;1;0;1;4;1;2;0;1;0;3;71;33;19;1;0;64;2;79;10;0;1;0;6;1;2;0;1;0;0;0;2;0;1;1;13;0;1;1;0;1;0;0;0;2;0;0;0;0;0;0;0;0;1;1;0;0;0;0;0;0;0;0;0;0;0;0
15;"Szkoła Podstawowa Nr 10 z Oddziałami Integracyjnymi w Zamościu, ul. Peowiaków 30a, 22-400 Zamość";66401;"m. Zamość";"Zamość";"lubelskie";1;1;1;0;2;0;1;0;0;1;0;2;1;1;0;3;1;1;0;0;1;0;0;0;0;2;11;37;0;3;8;0;2;0;0;1;1;1;1;0;1;0;0;1;0;1;0;0;1;1;27;1;1;2;1;5;7;0;0;0;0;0;1;0;0;0;0;2;1;0;1;2;1;4;63;21;136;19;4;4;10;2;1;1;39;0;2;13;0;4;0;1;6;9;0;0;0;3;22;4;1;1;1;3;2;1;1;0;0;0;1;0;1;0;2;2;0;1;0;0;2;0;56;25;9;5;1;44;0;47;3;0;0;1;5;0;1;4;0;0;0;0;3;1;0;0;11;3;0;0;0;0;0;0;0;4;0;1;1;0;0;0;1;0;0;0;0;0;0;0;0;0;0;4;0;0;0;0
16;"Przedszkole Miejskie Nr 5 w Zamościu, ul. Peowiaków 76a, 22-400 Zamość";66401;"m. Zamość";"Zamość";"lubelskie";1;1;0;1;0;3;0;0;0;0;1;0;1;0;0;0;2;2;0;0;0;0;1;1;1;0;11;44;1;0;1;1;0;1;0;0;3;0;2;2;1;0;0;6;0;1;0;0;0;0;23;1;2;3;2;1;7;1;0;0;0;0;1;0;0;1;0;0;0;0;0;0;0;6;47;8;87;5;1;4;6;1;2;2;40;2;2;14;1;3;1;0;6;8;2;0;0;1;15;0;1;0;1;0;0;0;2;1;0;0;0;0;0;0;0;3;2;0;1;0;0;2;36;15;9;5;3;14;0;19;1;1;0;1;0;0;1;2;0;2;0;0;0;0;0;0;2;0;0;0;0;0;0;0;0;1;1;0;0;0;0;0;0;0;0;0;0;1;0;0;0;0;0;0;0;0;0;0
17;"Przedszkole Miejskie Nr 15 w Zamościu, ul. Hetmana Jana Zamoyskiego 4a, 22-400 Zamość";66401;"m. Zamość";"Zamość";"lubelskie";1;1;1;1;1;5;1;4;0;1;0;3;1;0;1;2;1;0;1;0;0;0;0;1;0;1;35;91;2;8;4;1;4;0;0;1;4;1;5;5;3;2;0;4;3;1;1;3;0;2;50;1;2;2;2;3;12;1;3;0;2;0;2;2;0;3;1;2;0;0;1;0;2;9;109;13;224;10;19;2;29;1;2;4;80;0;2;25;2;9;2;0;9;8;0;0;2;4;33;7;11;3;1;3;3;2;1;0;0;0;2;0;1;0;2;9;2;2;3;1;1;0;106;32;33;13;1;47;3;69;4;0;0;2;3;0;0;0;0;0;0;2;3;0;0;1;19;1;2;0;0;1;2;0;0;6;0;0;1;1;0;0;0;0;1;3;1;0;0;0;1;0;0;1;1;0;0;2
18;"Szkoła Podstawowa Nr 4 w Zamościu, ul. Hetmana Jana Zamoyskiego 4, 22-400 Zamość";66401;"m. Zamość";"Zamość";"lubelskie";1;1;3;0;0;0;0;3;0;2;1;0;0;0;0;0;1;1;1;0;0;0;0;2;0;2;28;104;4;4;6;5;2;0;0;3;1;1;0;4;2;0;0;1;1;3;0;2;0;2;38;3;2;5;3;1;21;1;0;0;1;1;0;0;0;0;0;1;0;1;0;1;0;7;113;13;251;18;11;3;20;1;0;2;58;0;2;11;0;9;0;0;8;9;1;0;0;6;36;3;5;2;0;2;2;2;1;0;0;1;2;0;0;0;2;7;0;0;0;0;0;3;110;43;50;11;1;56;0;68;7;1;1;2;5;1;1;4;0;5;0;1;1;0;3;0;12;1;2;0;1;0;0;0;1;6;0;0;0;0;0;0;0;0;0;2;0;1;0;0;0;1;0;1;0;0;0;0
19;"Zespół Szkół Ponadpodstawowych Nr 3 w Zamościu, ul. Hetmana Jana Zamoyskiego 62, 22-400 Zamość";66401;"m. Zamość";"Zamość";"lubelskie";1;1;1;0;1;2;2;2;0;0;0;4;0;0;1;1;0;0;0;0;0;0;0;1;0;1;35;114;4;8;8;4;2;0;2;0;2;0;1;9;1;0;0;4;0;0;0;1;0;2;38;1;3;3;2;2;16;3;0;0;1;1;1;0;0;0;3;1;1;0;1;2;0;4;101;20;233;5;13;5;5;0;1;1;75;0;3;18;2;17;2;0;24;10;1;0;1;5;37;7;2;2;1;3;6;1;5;0;0;1;0;1;1;0;1;6;1;1;0;0;2;4;91;54;32;4;0;53;3;64;8;1;0;1;3;1;1;1;0;4;0;0;3;2;0;2;14;2;0;0;1;0;0;0;0;6;0;0;0;0;0;0;1;0;0;1;1;1;0;0;0;0;1;0;0;0;0;1
20;"Przedszkole Miejskie Nr 12 w Zamościu, ul. Prymasa Stefana Wyszyńskiego 32, 22-400 Zamość";66401;"m. Zamość";"Zamość";"lubelskie";1;1;3;0;1;2;0;1;1;0;0;1;1;1;0;1;2;0;1;0;0;0;1;1;0;0;27;69;2;2;7;2;3;0;0;1;1;1;1;1;0;0;0;0;0;0;0;0;1;1;29;0;1;6;5;7;11;0;1;0;0;0;4;0;0;1;0;0;1;0;0;1;1;6;88;18;183;8;13;5;19;2;0;1;74;1;3;13;0;2;0;1;13;8;2;0;0;2;24;4;4;0;0;0;0;1;1;0;0;1;0;0;1;0;0;0;2;2;0;0;1;3;64;22;17;5;2;28;3;28;1;1;0;0;7;1;1;1;0;4;0;0;0;0;1;3;11;2;5;0;0;0;1;0;0;4;0;0;0;1;0;0;0;0;0;1;1;0;0;0;1;1;0;1;0;0;0;0
21;"Zamojski Dom Kultury w Zamościu, ul. Partyzantów 13, 22-400 Zamość";66401;"m. Zamość";"Zamość";"lubelskie";1;1;0;0;0;0;0;1;1;0;1;1;0;0;0;1;0;0;0;0;0;1;0;1;0;0;10;46;6;2;1;0;3;0;0;2;1;1;0;2;0;0;0;0;0;1;0;0;0;1;28;3;0;4;2;2;2;3;0;0;0;0;1;0;0;0;0;0;0;0;1;1;0;4;40;17;73;3;6;2;15;0;0;0;32;0;2;12;0;4;0;0;5;4;1;0;0;1;24;4;2;0;2;0;1;2;1;0;0;0;0;1;0;0;1;4;1;0;0;1;0;1;51;16;21;5;0;19;1;46;3;0;0;1;5;0;0;0;0;2;0;0;0;0;0;0;9;3;0;0;2;0;0;1;0;2;0;1;0;0;0;0;0;0;0;0;0;0;0;0;0;0;0;1;0;0;0;1
22;"Szkoła Podstawowa Nr 7 z Oddziałami Integracyjnymi w Zamościu, ul. Henryka Sienkiewicza 5, 22-400 Zamość";66401;"m. Zamość";"Zamość";"lubelskie";1;1;5;1;0;3;1;0;1;1;0;0;0;0;2;1;1;1;0;0;0;0;0;1;0;0;15;84;1;3;3;1;0;0;0;1;1;1;0;3;0;0;0;0;1;4;3;0;0;1;43;0;3;2;3;1;8;2;1;0;2;0;3;0;0;3;2;0;1;1;1;0;0;4;88;19;152;13;6;1;21;4;0;4;59;0;2;42;1;3;0;0;9;8;1;0;0;4;26;7;5;0;0;3;6;1;0;0;0;1;0;1;2;2;0;3;1;0;0;0;1;5;78;23;23;9;5;36;0;82;1;2;0;2;1;1;0;2;1;1;0;0;0;0;0;2;8;1;1;0;1;0;0;0;0;6;0;0;0;0;0;0;2;0;0;2;0;0;0;0;0;0;0;2;0;0;0;0
23;"Spółdzielnia Mieszkaniowa w Zamościu, ul. Prymasa Stefana Wyszyńskiego 50B, 22-400 Zamość";66401;"m. Zamość";"Zamość";"lubelskie";1;1;1;0;0;0;1;1;0;3;1;0;0;1;1;0;1;0;0;0;0;0;1;5;3;0;20;71;1;3;4;0;0;0;0;3;1;0;1;1;0;0;0;1;0;0;0;1;0;1;37;0;1;1;1;1;4;0;0;0;1;0;2;0;0;1;0;0;0;0;0;0;0;6;75;8;132;9;5;4;12;1;1;3;45;0;0;7;0;3;0;0;11;4;0;0;1;4;21;3;2;0;0;4;4;1;0;0;1;0;0;0;2;0;0;2;2;2;0;0;0;0;47;34;17;13;2;28;2;35;0;1;0;3;2;0;1;0;0;2;0;0;0;0;0;0;6;0;1;0;2;0;1;0;0;5;0;1;0;0;1;0;1;0;0;2;0;0;0;0;0;0;0;0;0;0;0;0
24;"Akademia Zamojska, ul. Hrubieszowska 24, 22-400 Zamość";66401;"m. Zamość";"Zamość";"lubelskie";1;1;5;0;0;6;2;0;1;1;0;0;1;0;0;1;1;0;1;0;0;0;0;1;1;0;23;97;5;3;13;1;3;0;1;1;1;1;1;8;1;2;0;1;1;2;0;1;1;3;46;2;3;6;3;1;25;6;1;1;1;0;1;1;1;1;2;3;0;0;0;1;1;8;103;17;217;7;16;5;28;2;0;4;93;0;3;8;3;0;3;1;11;11;3;0;3;1;29;7;8;2;3;2;1;1;0;0;0;2;2;3;4;0;1;5;1;1;2;0;1;0;107;44;28;10;1;35;0;51;8;3;1;0;1;0;0;3;0;4;0;0;0;2;2;0;13;1;2;0;0;2;2;0;0;4;0;0;0;2;0;0;0;1;0;1;0;0;0;0;1;0;0;1;1;0;0;0
25;"Przedszkole Miejskie Nr 2 w Zamościu, ul. Gminna 32, 22-400 Zamość";66401;"m. Zamość";"Zamość";"lubelskie";1;1;2;1;1;0;1;0;0;0;1;1;0;1;0;1;0;0;0;0;1;0;0;0;2;2;21;67;1;3;6;0;1;0;1;0;5;1;4;4;1;1;0;0;0;5;0;1;0;1;35;2;2;2;0;0;9;1;0;0;0;0;0;0;0;2;0;1;0;1;0;3;0;12;70;19;200;13;10;5;18;0;0;2;49;0;2;9;1;6;1;0;1;17;1;0;0;3;30;3;2;1;3;0;1;2;1;0;0;4;0;1;0;0;2;7;3;2;1;1;2;1;64;59;23;4;4;31;1;39;3;0;0;2;1;0;1;0;1;2;1;0;1;1;0;0;11;1;3;0;1;2;0;2;0;6;0;0;0;1;0;0;0;0;1;0;0;0;0;0;0;0;0;4;1;0;0;1
26;"Szkoła Podstawowa Nr 2 w Zamościu, ul. Lwowska 15, 22-400 Zamość";66401;"m. Zamość";"Zamość";"lubelskie";1;1;1;1;0;1;3;0;0;3;1;0;0;0;0;1;0;0;0;0;0;2;0;3;1;1;30;95;3;5;4;1;1;2;2;0;3;1;0;3;1;0;0;2;0;2;2;0;1;3;50;1;6;7;4;1;13;3;1;0;2;1;4;0;0;2;0;1;1;0;3;1;0;12;107;25;190;16;4;3;28;0;1;4;65;0;3;7;1;8;3;2;10;7;0;1;3;8;40;5;3;0;0;1;1;2;2;0;0;0;0;1;0;0;2;3;5;0;1;2;0;1;94;42;44;7;2;40;2;53;2;0;0;0;3;1;1;2;0;1;0;0;0;1;2;2;12;2;1;2;2;1;0;0;0;3;0;1;1;0;0;0;3;1;0;2;0;0;0;0;0;0;0;2;0;0;0;0
27;"Szkoła Podstawowa Nr 6 w Zamościu, ul. Orla 5, 22-400 Zamość";66401;"m. Zamość";"Zamość";"lubelskie";1;1;4;2;0;2;1;2;0;1;0;1;0;0;0;0;1;0;1;0;0;0;0;0;0;1;37;146;5;7;1;7;4;3;0;1;1;1;1;13;0;2;1;1;1;1;0;0;4;0;53;2;3;2;0;3;10;0;1;0;0;0;2;1;0;1;2;2;0;0;0;0;0;6;95;19;245;10;11;1;26;0;1;4;51;0;3;17;1;8;0;1;4;6;1;0;0;5;43;8;6;0;0;0;2;3;2;0;0;0;1;0;1;1;0;11;0;1;1;0;0;2;83;46;52;10;3;30;2;127;1;0;1;0;2;0;2;3;0;2;0;0;0;1;1;3;13;2;0;0;0;1;0;0;0;11;0;1;2;1;0;0;0;0;0;2;0;0;0;0;0;0;0;0;0;0;0;0
28;"Szkoła Podstawowa Nr 2 w Zamościu (wejście do obwodu nr 28 od strony dawnego Gimnazjum Nr 2), ul. Lwowska 15, 22-400 Zamość";66401;"m. Zamość";"Zamość";"lubelskie";1;1;0;1;0;4;1;2;0;0;0;3;0;1;0;0;0;0;1;0;2;0;0;3;1;1;50;112;3;3;11;0;4;0;0;1;5;1;0;4;2;0;0;2;0;3;0;0;0;4;57;1;2;2;1;4;8;2;0;0;0;0;1;1;0;1;0;1;1;0;2;5;0;12;103;13;228;13;16;6;28;1;3;1;76;0;7;23;3;10;2;1;3;24;1;0;0;6;44;23;7;2;2;3;1;2;0;0;0;0;0;2;2;0;1;11;3;0;0;0;0;3;81;41;30;7;3;42;1;70;4;2;3;0;4;1;1;0;0;1;0;1;1;4;1;0;18;3;0;2;1;1;0;0;1;8;0;0;0;1;0;0;0;0;0;1;0;0;0;0;0;0;0;3;1;0;0;0
29;"I Prywatne Technikum Hotelarskie w Zamościu, ul. Krasnobrodzka 22A, 22-400 Zamość";66401;"m. Zamość";"Zamość";"lubelskie";1;1;0;1;0;4;0;0;0;1;0;1;1;2;1;0;0;0;0;0;0;1;0;3;0;0;26;80;1;2;6;1;2;0;2;0;2;0;3;2;1;2;0;3;0;1;0;0;0;2;34;2;1;0;1;7;10;1;1;0;1;0;2;0;0;1;0;1;0;0;1;1;0;6;65;13;132;6;15;0;21;3;1;2;60;0;4;16;1;2;2;0;5;16;0;0;1;4;46;7;4;2;2;4;0;3;3;0;1;0;1;0;3;1;2;8;1;1;0;1;4;4;44;37;14;11;1;33;1;49;0;0;2;0;4;0;0;1;1;2;0;2;0;0;1;1;15;1;2;1;0;1;1;0;1;1;0;0;0;0;0;1;0;0;0;1;1;0;0;0;0;0;0;2;0;0;1;1
30;"Świetlica Osiedlowa w Zamościu, ul. Obronna 15, 22-400 Zamość";66401;"m. Zamość";"Zamość";"lubelskie";1;1;5;0;0;1;0;2;0;1;0;0;2;0;0;0;0;0;2;0;0;0;0;1;0;0;11;60;2;0;3;2;1;0;0;0;1;1;1;1;0;2;1;1;0;0;0;0;2;5;27;1;1;1;1;1;1;0;0;0;2;0;0;0;0;0;0;0;0;0;1;1;1;0;40;9;67;4;0;0;8;3;0;2;27;0;3;4;0;3;0;0;5;2;1;0;2;2;18;3;3;0;0;2;0;0;0;1;0;0;2;1;1;1;3;2;1;1;0;1;0;3;37;17;10;11;3;20;0;36;6;0;0;1;1;1;2;0;1;2;0;0;1;0;0;0;6;1;1;0;1;0;1;0;0;7;0;0;0;0;0;0;0;0;0;2;2;0;0;0;0;0;0;2;0;0;0;0
31;"Zakład Karny w Zamościu, ul. Okrzei 14, 22-400 Zamość";66401;"m. Zamość";"Zamość";"lubelskie";1;1;1;0;0;0;0;0;0;0;0;1;0;0;1;0;0;0;0;0;0;0;0;0;0;0;5;5;0;0;0;0;0;1;1;2;0;0;1;0;0;0;0;2;0;0;0;1;0;1;3;0;2;0;0;0;0;2;0;0;0;0;0;0;0;1;0;1;0;0;0;0;0;0;11;1;4;0;3;0;2;2;0;0;2;0;1;0;1;2;0;0;0;0;0;1;0;0;5;1;1;0;4;0;1;1;0;0;0;0;2;0;1;0;0;0;0;1;0;0;0;1;28;4;1;2;3;7;0;6;1;1;0;2;0;0;0;2;0;1;0;1;0;1;0;1;0;0;0;0;0;0;0;0;0;0;0;0;0;0;0;0;0;0;0;1;0;0;0;0;0;0;0;0;0;0;0;0
32;"Oddział Zewnętrzny Zakładu Karnego w Zamościu, ul. Hrubieszowska 40, 22-400 Zamość";66401;"m. Zamość";"Zamość";"lubelskie";1;1;1;1;0;1;0;0;0;0;0;1;0;0;0;0;1;1;2;0;0;2;0;1;0;0;5;5;2;0;4;0;2;0;0;1;0;1;0;1;0;0;1;2;0;0;0;0;0;0;2;0;0;0;0;0;1;0;2;0;0;1;0;0;0;0;0;0;0;0;1;1;1;1;14;5;3;1;2;2;0;3;1;2;3;0;2;0;0;3;1;0;0;1;1;0;1;2;8;2;2;1;5;1;2;1;0;0;0;0;0;0;0;0;0;1;2;0;0;0;1;2;27;3;7;0;1;3;1;2;2;0;0;1;1;1;1;0;0;1;0;0;1;0;1;1;0;0;0;0;0;0;0;0;0;0;0;0;0;0;0;0;0;0;0;1;0;0;0;0;0;0;0;0;0;0;0;1
33;"Zamojski Szpital Niepubliczny Sp. z o. o. w Zamościu, ul. Peowiaków 1, 22-400 Zamość";66401;"m. Zamość";"Zamość";"lubelskie";1;1;0;0;0;0;1;0;0;1;0;0;0;0;0;0;0;0;0;0;0;0;0;0;1;0;1;4;1;0;0;0;0;1;0;0;0;0;0;0;0;0;0;0;0;0;0;0;0;0;2;1;2;1;0;0;0;0;0;0;0;0;0;0;0;1;0;0;0;0;0;0;0;0;9;3;5;0;5;0;0;0;1;4;7;0;0;1;0;1;0;0;0;1;0;1;0;0;0;0;0;0;0;0;0;0;0;0;0;0;0;0;0;0;0;0;0;0;0;0;0;0;3;2;0;0;0;1;1;1;0;0;0;0;0;0;1;0;0;0;0;0;0;0;0;0;0;0;0;0;0;0;0;0;0;0;0;0;0;0;0;0;0;0;0;0;0;0;0;0;0;0;0;0;0;0;0;0
34;"Samodzielny Publiczny Szpital Wojewódzki im. Papieża Jana Pawła II w Zamościu, ul. Aleje Jana Pawła II 10, 22-400 Zamość";66401;"m. Zamość";"Zamość";"lubelskie";1;1;1;0;1;2;0;0;0;1;0;0;0;0;0;0;0;0;0;0;0;0;0;0;1;0;4;1;0;0;1;0;1;1;0;0;1;0;0;0;1;0;0;1;0;1;1;0;1;1;6;0;2;1;0;0;0;0;0;0;2;0;2;0;0;1;0;0;0;1;0;0;0;0;13;0;30;2;7;2;6;0;2;4;10;0;0;2;0;1;0;0;0;0;0;0;0;1;4;0;0;0;0;0;0;0;0;0;0;0;0;0;0;0;1;0;0;0;0;0;0;1;10;6;4;4;0;2;0;6;0;0;0;0;1;0;0;0;0;1;0;0;0;0;0;0;0;0;0;1;0;0;0;0;0;1;0;0;0;0;0;0;0;0;0;0;0;0;0;0;0;0;0;0;0;0;0;0
35;"NU-MED Centrum Diagnostyki i Terapii Onkologicznej Zamość Sp. z o. o., ul. Aleje Jana Pawła II 10, 22-400 Zamość";66401;"m. Zamość";"Zamość";"lubelskie";1;1;0;0;0;0;1;0;0;0;0;0;0;0;0;0;0;0;0;0;0;0;0;0;0;0;0;0;0;0;0;0;0;0;0;0;0;0;0;0;0;0;0;0;0;0;0;0;0;0;1;0;0;0;0;0;0;0;0;0;0;0;0;0;0;0;0;0;0;0;0;0;0;0;8;0;2;2;0;1;0;0;1;0;1;0;0;0;0;0;0;0;0;1;0;0;0;0;0;0;0;0;0;0;0;0;0;0;0;0;0;0;0;0;0;0;0;0;0;0;0;0;0;0;0;0;0;0;0;0;0;0;0;0;0;0;0;0;0;0;0;0;0;0;0;0;0;0;0;0;0;0;0;0;0;0;0;0;0;0;0;0;0;0;0;0;0;0;0;0;0;0;0;0;0;0;0;0
