"Nr komisji";"Siedziba komisji";"TERYT Gminy";"Gmina";"Powiat";"Województwo";"Liczba komisji";"Liczba uwzględnionych komisji";"BLUJ Maciej - KW BEZPARTYJNI SAMORZĄDOWCY";"MAKOWIECKA-GRANATOWSKA Ewa - KW BEZPARTYJNI SAMORZĄDOWCY";"SZEWCZYK Łukasz Leszek - KW BEZPARTYJNI SAMORZĄDOWCY";"MAZANOVA Olena - KW BEZPARTYJNI SAMORZĄDOWCY";"KASPEREK Krzysztof Andrzej - KW BEZPARTYJNI SAMORZĄDOWCY";"DROBISZ Alicja - KW BEZPARTYJNI SAMORZĄDOWCY";"NOWACKA Monika Magdalena - KW BEZPARTYJNI SAMORZĄDOWCY";"BĘBENEK Daria Weronika - KW BEZPARTYJNI SAMORZĄDOWCY";"KACZYŃSKA Marta - KW BEZPARTYJNI SAMORZĄDOWCY";"RUSINEK Michał Jakub - KW BEZPARTYJNI SAMORZĄDOWCY";"PATOŁA Mirosław Sebastian - KW BEZPARTYJNI SAMORZĄDOWCY";"PAPKALA Mateusz Józef - KW BEZPARTYJNI SAMORZĄDOWCY";"LABURDA-TOMCZYK Marta Magdalena - KW BEZPARTYJNI SAMORZĄDOWCY";"BEDNAREK Grzegorz Paweł - KW BEZPARTYJNI SAMORZĄDOWCY";"TEICHMANN Bernard Andrzej - KW BEZPARTYJNI SAMORZĄDOWCY";"CHUCHLA Wojciech Jerzy - KW BEZPARTYJNI SAMORZĄDOWCY";"URBANEK Maja Gracjana - KW BEZPARTYJNI SAMORZĄDOWCY";"ROGUŁA Jacek - KW BEZPARTYJNI SAMORZĄDOWCY";"SAKOWSKA Marta Katarzyna - KW BEZPARTYJNI SAMORZĄDOWCY";"WLOKA Joanna Małgorzata - KW BEZPARTYJNI SAMORZĄDOWCY";"ALTUFIEVA Oleksandra - KW BEZPARTYJNI SAMORZĄDOWCY";"ZAWIS Radosław Paweł - KW BEZPARTYJNI SAMORZĄDOWCY";"DWORACZEK Urszula Maria - KW BEZPARTYJNI SAMORZĄDOWCY";"POŁONECKI Stefan Walenty - KW BEZPARTYJNI SAMORZĄDOWCY";"GOMOŁA Adam Michał - KKW TRZECIA DROGA PSL-PL2050 SZYMONA HOŁOWNI";"OSZAŃCA Marcin Krzysztof - KKW TRZECIA DROGA PSL-PL2050 SZYMONA HOŁOWNI";"SITNIK Piotr - KKW TRZECIA DROGA PSL-PL2050 SZYMONA HOŁOWNI";"KONOPKA Antoni Jacek - KKW TRZECIA DROGA PSL-PL2050 SZYMONA HOŁOWNI";"RAKOCZY Stanisław - KKW TRZECIA DROGA PSL-PL2050 SZYMONA HOŁOWNI";"KONCEWICZ Dorota - KKW TRZECIA DROGA PSL-PL2050 SZYMONA HOŁOWNI";"HARTMAN Waldemar Paweł - KKW TRZECIA DROGA PSL-PL2050 SZYMONA HOŁOWNI";"KAŁWAK Leszek - KKW TRZECIA DROGA PSL-PL2050 SZYMONA HOŁOWNI";"FETTAS-PAWELEC Anna Maria - KKW TRZECIA DROGA PSL-PL2050 SZYMONA HOŁOWNI";"WICIAK Tomasz Paweł - KKW TRZECIA DROGA PSL-PL2050 SZYMONA HOŁOWNI";"FOLP Szymon Jakub - KKW TRZECIA DROGA PSL-PL2050 SZYMONA HOŁOWNI";"ZAJĄC Barbara - KKW TRZECIA DROGA PSL-PL2050 SZYMONA HOŁOWNI";"TELESZ Janusz Mariusz - KKW TRZECIA DROGA PSL-PL2050 SZYMONA HOŁOWNI";"FORNAL Leszek Janusz - KKW TRZECIA DROGA PSL-PL2050 SZYMONA HOŁOWNI";"STRÓŻYK Mateusz Jan - KKW TRZECIA DROGA PSL-PL2050 SZYMONA HOŁOWNI";"KOCHAN Helena Maria - KKW TRZECIA DROGA PSL-PL2050 SZYMONA HOŁOWNI";"FRYC Dorota - KKW TRZECIA DROGA PSL-PL2050 SZYMONA HOŁOWNI";"GAJDA Ryszard Jan - KKW TRZECIA DROGA PSL-PL2050 SZYMONA HOŁOWNI";"KOSIŃSKA-BARDON Urszula - KKW TRZECIA DROGA PSL-PL2050 SZYMONA HOŁOWNI";"KRZYWOŃ Jarosław Marek - KKW TRZECIA DROGA PSL-PL2050 SZYMONA HOŁOWNI";"WOŹNIAK Paweł Kryspin - KKW TRZECIA DROGA PSL-PL2050 SZYMONA HOŁOWNI";"RUDZIEWICZ Jolanta Cecylia - KKW TRZECIA DROGA PSL-PL2050 SZYMONA HOŁOWNI";"BOJAR Ewa Stanisława - KKW TRZECIA DROGA PSL-PL2050 SZYMONA HOŁOWNI";"RYGAS Dorota Czesława - KKW TRZECIA DROGA PSL-PL2050 SZYMONA HOŁOWNI";"ZAWISZA Marcelina Monika - KW NOWA LEWICA";"KALINOWSKI Michał Piotr - KW NOWA LEWICA";"KAMPA Paweł Jan - KW NOWA LEWICA";"JAROŃSKA Kamila Maria - KW NOWA LEWICA";"RAJCHEL Wojciech Jan - KW NOWA LEWICA";"ARFAN Natalia Irena - KW NOWA LEWICA";"JANICZAK Grzegorz Jan - KW NOWA LEWICA";"JURCZYK-MIŻEJEWSKA Anna Maria - KW NOWA LEWICA";"MOTŁOCH Magdalena - KW NOWA LEWICA";"PRZYSTAJKO Jerzy - KW NOWA LEWICA";"KACZOR Maciej - KW NOWA LEWICA";"SŁAWSKA Katarzyna Elżbieta - KW NOWA LEWICA";"WODNICKA Agnieszka Teresa - KW NOWA LEWICA";"ROGALSKA Ewa Magdalena - KW NOWA LEWICA";"CHODOROWSKI Aleksander Janusz - KW NOWA LEWICA";"WILK Krystyna - KW NOWA LEWICA";"OCHMAN Jerzy Antoni - KW NOWA LEWICA";"TOBIAS Anna Magdalena - KW NOWA LEWICA";"MALKUSZ Natalia Maria - KW NOWA LEWICA";"STODULSKI Bartosz - KW NOWA LEWICA";"PELJAN Piotr Damian - KW NOWA LEWICA";"MENZLER Kewin Jerzy - KW NOWA LEWICA";"MUCHA Paweł Józef - KW NOWA LEWICA";"GRYGIEL Zdzisław Witold - KW NOWA LEWICA";"KUKIZ Paweł Piotr - KW PRAWO I SPRAWIEDLIWOŚĆ";"OCIEPA Marcin Michał - KW PRAWO I SPRAWIEDLIWOŚĆ";"CZOCHARA Katarzyna Beata - KW PRAWO I SPRAWIEDLIWOŚĆ";"KOWALSKI Janusz Marcin - KW PRAWO I SPRAWIEDLIWOŚĆ";"POROWSKA Violetta Teresa - KW PRAWO I SPRAWIEDLIWOŚĆ";"KŁOSOWSKI Sławomir - KW PRAWO I SPRAWIEDLIWOŚĆ";"KRUCZKIEWICZ Andrzej Leszek - KW PRAWO I SPRAWIEDLIWOŚĆ";"OGNISTY Tomasz Szczepan - KW PRAWO I SPRAWIEDLIWOŚĆ";"TRZASKAWSKA Danuta Iwona - KW PRAWO I SPRAWIEDLIWOŚĆ";"BORTNICZUK Grażyna - KW PRAWO I SPRAWIEDLIWOŚĆ";"KOLBEK Dariusz Stanisław - KW PRAWO I SPRAWIEDLIWOŚĆ";"KUKOLKA-BOGOCZ Katarzyna Krystyna - KW PRAWO I SPRAWIEDLIWOŚĆ";"RYNKIEWICZ Mirosław - KW PRAWO I SPRAWIEDLIWOŚĆ";"MIROWSKA Anna Urszula - KW PRAWO I SPRAWIEDLIWOŚĆ";"SZUSTAKIEWICZ Dominik Karol - KW PRAWO I SPRAWIEDLIWOŚĆ";"BOSOWSKI Damian Zygmunt - KW PRAWO I SPRAWIEDLIWOŚĆ";"CZUBAK Adrian Bogdan - KW PRAWO I SPRAWIEDLIWOŚĆ";"JARMUSZEWSKA Barbara Janina - KW PRAWO I SPRAWIEDLIWOŚĆ";"BILIŃSKI Szymon Michał - KW PRAWO I SPRAWIEDLIWOŚĆ";"BOCZEK Sylwia Katarzyna - KW PRAWO I SPRAWIEDLIWOŚĆ";"KAWA Marek - KW PRAWO I SPRAWIEDLIWOŚĆ";"GRZEBIŃSKA Anna - KW PRAWO I SPRAWIEDLIWOŚĆ";"NIECKARZ Mariusz Stanisław - KW PRAWO I SPRAWIEDLIWOŚĆ";"KOMARZYŃSKI Wojciech Stanisław - KW PRAWO I SPRAWIEDLIWOŚĆ";"SKALIK Włodzimierz Bogdan - KW KONFEDERACJA WOLNOŚĆ I NIEPODLEGŁOŚĆ";"SZKARUPSKI Daniel - KW KONFEDERACJA WOLNOŚĆ I NIEPODLEGŁOŚĆ";"BARTNIK Longin - KW KONFEDERACJA WOLNOŚĆ I NIEPODLEGŁOŚĆ";"SUŁEK Anna Maria - KW KONFEDERACJA WOLNOŚĆ I NIEPODLEGŁOŚĆ";"ZAKRZEWSKA Iwona Karolina - KW KONFEDERACJA WOLNOŚĆ I NIEPODLEGŁOŚĆ";"WOJTASIK Piotr Radosław - KW KONFEDERACJA WOLNOŚĆ I NIEPODLEGŁOŚĆ";"PUK Bartosz Adam - KW KONFEDERACJA WOLNOŚĆ I NIEPODLEGŁOŚĆ";"GRENDA Patryk Mateusz - KW KONFEDERACJA WOLNOŚĆ I NIEPODLEGŁOŚĆ";"KWIECIŃSKA Jolanta Halina - KW KONFEDERACJA WOLNOŚĆ I NIEPODLEGŁOŚĆ";"JAKUBÓW Janusz Antoni - KW KONFEDERACJA WOLNOŚĆ I NIEPODLEGŁOŚĆ";"KUBICKA Ewa Maria - KW KONFEDERACJA WOLNOŚĆ I NIEPODLEGŁOŚĆ";"LICZBIŃSKI Przemysław Jan - KW KONFEDERACJA WOLNOŚĆ I NIEPODLEGŁOŚĆ";"JASTRZĘBSKA Anna Maria - KW KONFEDERACJA WOLNOŚĆ I NIEPODLEGŁOŚĆ";"RYBCZYŃSKI Mariusz Grzegorz - KW KONFEDERACJA WOLNOŚĆ I NIEPODLEGŁOŚĆ";"PAWLAK Mateusz Tomasz - KW KONFEDERACJA WOLNOŚĆ I NIEPODLEGŁOŚĆ";"RESZKA Marta Justyna - KW KONFEDERACJA WOLNOŚĆ I NIEPODLEGŁOŚĆ";"ADAMCZAK Barbara Grażyna - KW KONFEDERACJA WOLNOŚĆ I NIEPODLEGŁOŚĆ";"ATŁACHOWICZ Wiesława Iwona - KW KONFEDERACJA WOLNOŚĆ I NIEPODLEGŁOŚĆ";"LICZBIŃSKA Aneta Iwona - KW KONFEDERACJA WOLNOŚĆ I NIEPODLEGŁOŚĆ";"LACH Bartłomiej Michał - KW KONFEDERACJA WOLNOŚĆ I NIEPODLEGŁOŚĆ";"BOGDALI Mateusz Piotr - KW KONFEDERACJA WOLNOŚĆ I NIEPODLEGŁOŚĆ";"ŻUREK Ewa Maria - KW KONFEDERACJA WOLNOŚĆ I NIEPODLEGŁOŚĆ";"GACZYŃSKI Dawid Michał - KW KONFEDERACJA WOLNOŚĆ I NIEPODLEGŁOŚĆ";"UCIEKLAK Jarosław Andrzej - KW KONFEDERACJA WOLNOŚĆ I NIEPODLEGŁOŚĆ";"SIEMONIAK Tomasz - KKW KOALICJA OBYWATELSKA PO .N IPL ZIELONI";"JAZŁOWIECKA Danuta - KKW KOALICJA OBYWATELSKA PO .N IPL ZIELONI";"ZEMBACZYŃSKI Witold Maciej - KKW KOALICJA OBYWATELSKA PO .N IPL ZIELONI";"JUREK Monika Małgorzata - KKW KOALICJA OBYWATELSKA PO .N IPL ZIELONI";"MILLER Rajmund Tadeusz - KKW KOALICJA OBYWATELSKA PO .N IPL ZIELONI";"KAMIŃSKA Barbara Ewa - KKW KOALICJA OBYWATELSKA PO .N IPL ZIELONI";"MASEŁKO Paweł Jan - KKW KOALICJA OBYWATELSKA PO .N IPL ZIELONI";"OGŁAZA Szymon Przemysław - KKW KOALICJA OBYWATELSKA PO .N IPL ZIELONI";"WILCZYŃSKI Ryszard Jan - KKW KOALICJA OBYWATELSKA PO .N IPL ZIELONI";"GRONEK-KAŁUŻA Ludwika Anna - KKW KOALICJA OBYWATELSKA PO .N IPL ZIELONI";"GABRUK Agnieszka - KKW KOALICJA OBYWATELSKA PO .N IPL ZIELONI";"NOWAK Artur - KKW KOALICJA OBYWATELSKA PO .N IPL ZIELONI";"MICHAŁEK Krzysztof Paweł - KKW KOALICJA OBYWATELSKA PO .N IPL ZIELONI";"GĄDEK-RADWANOWSKA Marzanna Aleksandra - KKW KOALICJA OBYWATELSKA PO .N IPL ZIELONI";"SOCZYŃSKI Piotr Bogdan - KKW KOALICJA OBYWATELSKA PO .N IPL ZIELONI";"MIELEC Piotr - KKW KOALICJA OBYWATELSKA PO .N IPL ZIELONI";"ŁUCZKIEWICZ Lilianna Irena - KKW KOALICJA OBYWATELSKA PO .N IPL ZIELONI";"ŻYŁKA Janusz Piotr - KKW KOALICJA OBYWATELSKA PO .N IPL ZIELONI";"GODYLA Szymon Piotr - KKW KOALICJA OBYWATELSKA PO .N IPL ZIELONI";"RUDY Dragomir Antoni - KKW KOALICJA OBYWATELSKA PO .N IPL ZIELONI";"SZYMKOWICZ Alicja Teresa - KKW KOALICJA OBYWATELSKA PO .N IPL ZIELONI";"KOCZUR Paulina Marta - KKW KOALICJA OBYWATELSKA PO .N IPL ZIELONI";"KUBALAŃCA Leokadia Albina - KKW KOALICJA OBYWATELSKA PO .N IPL ZIELONI";"KOSTUŚ Tomasz Tadeusz - KKW KOALICJA OBYWATELSKA PO .N IPL ZIELONI";"SZKODA Marcin Mikołaj - KW POLSKA JEST JEDNA";"BASZOWIECKA-ZIÓŁKOWSKA Ewelina Helena - KW POLSKA JEST JEDNA";"OŻÓG Tadeusz - KW POLSKA JEST JEDNA";"LASZCZAK Wanda - KW POLSKA JEST JEDNA";"GARBACZ Piotr Tomasz - KW POLSKA JEST JEDNA";"NIEDWOROK Marcin Werner - KW POLSKA JEST JEDNA";"ADAMOWICZ Mieczysław - KW POLSKA JEST JEDNA";"KUROPATWA Monika Katarzyna - KW POLSKA JEST JEDNA";"KOCIOŁEK Krzysztof - KW POLSKA JEST JEDNA";"BEDNARZ Łukasz - KW POLSKA JEST JEDNA";"STANKIEWICZ Krystyna - KW POLSKA JEST JEDNA";"WARZYC Kornelia Lidia - KW POLSKA JEST JEDNA";"BEDNARZ Agnieszka Kamila - KW POLSKA JEST JEDNA";"KAMIENIK Agnieszka - KW POLSKA JEST JEDNA";"WENCEL Adrian Mateusz - KW POLSKA JEST JEDNA";"GÓRNICKA Aldona Maria - KW POLSKA JEST JEDNA";"GALLA Ryszard Jerzy - KWW MNIEJSZOŚĆ NIEMIECKA";"BARTEK Rafał Jan - KWW MNIEJSZOŚĆ NIEMIECKA";"DONATH-KASIURA Zuzanna Teresa - KWW MNIEJSZOŚĆ NIEMIECKA";"GOLA Edyta Maria - KWW MNIEJSZOŚĆ NIEMIECKA";"KUS Sylwia Joanna - KWW MNIEJSZOŚĆ NIEMIECKA";"RASCH Norbert Józef - KWW MNIEJSZOŚĆ NIEMIECKA";"GACH Diana Barbara - KWW MNIEJSZOŚĆ NIEMIECKA";"SIANO Janusz Jerzy - KWW MNIEJSZOŚĆ NIEMIECKA";"KASPRZYK Anna Maria - KWW MNIEJSZOŚĆ NIEMIECKA";"HUTSCH Damian Józef - KWW MNIEJSZOŚĆ NIEMIECKA";"WIECZOREK Natalia Agnieszka - KWW MNIEJSZOŚĆ NIEMIECKA";"PANKALA Jan - KWW MNIEJSZOŚĆ NIEMIECKA";"ZGORZELSKA Róża Maria - KWW MNIEJSZOŚĆ NIEMIECKA";"GRACA Krzysztof - KWW MNIEJSZOŚĆ NIEMIECKA";"WENZEL Justyna Anna - KWW MNIEJSZOŚĆ NIEMIECKA";"CIEPLIK Kryspin Tomasz - KWW MNIEJSZOŚĆ NIEMIECKA";"SIKORA Maria Jolanta - KWW MNIEJSZOŚĆ NIEMIECKA";"REINERT Krzysztof - KWW MNIEJSZOŚĆ NIEMIECKA";"LANGER Aneta Maria - KWW MNIEJSZOŚĆ NIEMIECKA";"ŚWIERC Joachim Alfred - KWW MNIEJSZOŚĆ NIEMIECKA";"WILK Renata Jadwiga - KWW MNIEJSZOŚĆ NIEMIECKA";"GIELZOK Waldemar Jan - KWW MNIEJSZOŚĆ NIEMIECKA";"LABISZ Brygida Barbara - KWW MNIEJSZOŚĆ NIEMIECKA";"KOLEK Roman Jacek - KWW MNIEJSZOŚĆ NIEMIECKA"
1;"Miejski Ośrodek Sportu i Rekreacji (Hala Sportowa), ul. Oławska 2A, 49-300 Brzeg";160101;"m. Brzeg";"brzeski";"opolskie";1;1;2;1;1;0;2;0;3;2;0;1;0;1;0;1;1;0;0;0;0;0;0;0;0;0;36;8;5;1;2;7;1;1;0;1;0;4;0;0;0;1;2;0;0;0;2;0;0;1;45;8;3;1;0;1;8;2;1;2;2;0;0;1;0;2;0;0;1;0;0;0;0;0;95;47;16;6;3;8;1;2;2;1;0;0;1;0;1;0;1;0;0;0;2;0;0;33;23;1;4;2;2;0;0;1;0;9;4;0;1;0;1;1;1;0;0;3;0;1;0;0;88;18;17;108;4;6;4;0;1;2;4;0;2;0;0;0;0;0;6;0;0;4;0;14;5;3;0;0;0;0;1;0;1;0;1;0;1;1;1;0;0;0;3;0;0;0;0;0;0;0;0;0;0;0;0;0;0;0;0;0;0;0;0;1
2;"Miejski Ośrodek Pomocy Społecznej w Brzegu, ul. Bolesława Chrobrego 32a, 49-300 Brzeg";160101;"m. Brzeg";"brzeski";"opolskie";1;1;2;0;0;0;0;0;2;0;0;0;0;0;0;0;0;0;0;0;3;0;0;0;0;1;21;9;4;3;1;8;2;1;4;2;3;4;0;2;0;2;1;0;1;0;0;0;0;3;27;3;0;3;0;1;2;6;2;0;0;1;1;3;0;1;0;0;1;0;0;0;0;3;75;50;11;11;8;5;0;1;2;0;1;0;0;1;0;0;0;1;0;1;1;1;0;63;25;0;2;7;2;2;3;1;1;2;3;0;1;1;1;0;0;0;0;1;0;1;2;0;54;7;16;119;10;5;4;0;2;0;6;0;0;0;0;3;0;0;1;0;0;3;0;11;6;1;0;2;1;0;1;0;1;0;0;0;1;0;0;0;1;0;0;0;0;0;0;0;0;0;0;0;0;0;0;0;0;0;0;0;0;0;0;0
3;"Przedszkole Publiczne nr 6, ul. Wysoka 1, 49-300 Brzeg";160101;"m. Brzeg";"brzeski";"opolskie";1;1;2;1;1;0;0;0;4;1;2;0;1;0;0;4;1;1;1;0;0;0;0;0;3;0;24;9;3;7;4;4;1;1;1;1;0;7;0;0;1;2;0;0;1;0;1;0;0;0;29;3;2;1;0;1;4;1;1;1;0;0;2;1;0;2;1;0;0;0;1;0;1;0;112;59;20;26;6;2;0;0;2;0;0;0;0;0;1;0;0;0;0;1;1;1;0;46;20;8;1;1;5;0;0;4;0;10;1;0;1;0;1;0;0;0;0;0;0;1;0;2;71;6;16;103;11;10;2;1;4;1;5;2;2;1;0;2;0;0;1;1;1;1;0;11;3;1;0;0;0;0;0;0;0;0;0;0;0;0;0;1;0;0;0;0;0;0;0;0;0;0;0;0;0;0;0;0;0;0;0;0;0;0;0;0
4;"Urząd Stanu Cywilnego-Ratusz (hol USC-wejście od strony dziedzińca Ratusza), rynek Rynek 1, 49-300 Brzeg";160101;"m. Brzeg";"brzeski";"opolskie";1;1;1;0;0;0;1;1;0;0;1;0;0;1;0;1;0;0;0;0;0;0;0;0;1;0;29;4;4;2;3;6;0;0;1;2;0;4;0;3;1;0;1;0;0;1;0;1;1;0;23;1;1;2;0;0;2;3;0;1;0;2;1;0;0;0;1;1;0;0;0;0;0;0;85;46;25;11;6;1;1;1;3;0;0;0;1;1;0;0;0;0;0;0;0;0;0;39;9;2;3;2;2;2;0;0;1;7;2;0;0;1;2;0;1;1;0;0;0;1;0;0;67;14;10;113;7;2;6;1;3;0;3;0;0;0;1;1;0;0;2;3;2;2;0;21;3;2;0;0;0;0;1;0;0;0;0;0;0;0;0;0;2;1;0;0;0;0;0;0;0;0;0;0;0;1;0;0;0;0;0;0;0;0;0;0
5;"Publiczna Szkoła Podstawowa nr 8, ul. Lompy 1, 49-300 Brzeg";160101;"m. Brzeg";"brzeski";"opolskie";1;1;9;2;2;0;0;0;0;1;0;0;1;0;0;3;0;0;0;1;1;0;0;0;0;2;56;19;12;7;2;10;5;5;3;0;3;9;0;6;0;3;4;2;2;0;6;0;1;2;62;6;7;1;3;0;6;0;3;1;0;0;1;1;1;0;3;4;2;0;0;0;1;2;120;95;13;21;9;5;3;0;1;3;0;1;1;1;0;0;0;0;1;0;4;1;0;46;39;3;4;10;4;0;0;0;3;23;4;2;0;1;0;0;0;0;0;0;0;1;0;0;151;23;39;261;29;9;8;4;2;3;6;3;4;0;0;3;0;0;8;1;1;2;0;33;3;1;3;1;0;0;0;2;1;0;1;0;1;0;0;2;1;0;0;0;0;0;0;0;0;0;0;0;0;1;0;0;0;0;0;0;0;0;0;1
6;"Publiczna Szkoła Podstawowa Nr 3 (sala gimnastyczna), ul. Kamienna 2, 49-300 Brzeg";160101;"m. Brzeg";"brzeski";"opolskie";1;1;4;2;1;0;0;1;2;0;1;0;0;1;1;3;0;0;0;1;0;1;0;0;0;1;33;11;6;4;4;6;2;0;0;0;0;7;0;3;0;7;1;0;0;0;3;2;2;1;50;3;2;5;2;1;8;1;0;0;0;1;1;0;0;3;0;2;0;0;0;1;1;1;123;91;66;26;14;7;2;0;6;3;0;0;1;0;2;1;1;2;0;2;3;0;0;29;33;2;3;7;3;5;0;0;2;8;3;0;0;1;0;0;0;0;1;0;0;0;0;1;73;18;15;149;19;4;5;2;8;2;3;0;1;0;3;0;1;0;4;2;0;0;0;12;5;0;0;0;1;0;0;0;0;0;1;0;0;0;0;0;0;0;0;0;0;0;0;0;0;0;0;0;0;0;0;0;0;0;0;0;0;0;0;0
7;"Zespół Szkól Budowalnych, ul. Kamienna 3, 49-300 Brzeg";160101;"m. Brzeg";"brzeski";"opolskie";1;1;1;1;1;0;2;0;1;0;2;0;0;1;0;1;0;0;0;0;0;0;0;0;1;2;27;11;6;5;7;8;1;0;1;1;0;1;0;1;1;0;2;1;2;0;2;1;0;0;32;2;4;2;1;0;5;2;0;1;1;4;1;1;0;4;2;0;1;0;0;2;1;0;113;78;30;20;8;0;0;0;5;0;1;0;1;0;0;0;0;1;0;0;0;1;0;45;21;3;1;1;4;2;0;0;2;7;1;0;0;0;2;0;0;0;0;1;0;1;0;1;69;17;20;153;5;2;2;0;5;1;0;0;1;1;0;1;0;0;1;1;0;1;1;16;6;0;1;0;0;0;0;0;0;0;1;0;0;0;0;0;0;0;0;0;0;0;0;0;0;0;0;0;0;0;0;0;0;0;0;0;1;0;0;0
8;"Publiczna Szkoła Podstawowa Nr 3 (świetlica), ul. Kamienna 2, 49-300 Brzeg";160101;"m. Brzeg";"brzeski";"opolskie";1;1;2;1;0;0;0;0;0;1;0;0;0;0;0;0;0;1;0;0;0;0;0;0;0;0;24;3;1;2;4;5;3;0;2;1;0;1;0;6;0;0;0;1;0;1;0;1;0;0;24;5;1;0;0;1;3;1;3;1;1;1;1;1;0;1;1;1;0;0;0;1;0;0;71;34;9;9;5;3;0;1;2;0;1;0;0;0;0;0;0;0;0;0;0;1;0;13;8;0;2;2;3;1;0;0;0;2;1;0;0;0;1;0;0;0;0;0;0;1;0;0;47;7;14;88;6;1;2;0;2;0;1;0;1;0;1;1;1;1;3;0;2;0;0;11;2;3;0;1;0;0;0;0;0;0;0;0;1;0;0;0;0;0;0;0;0;0;0;0;0;0;0;0;0;0;0;0;0;1;0;0;0;0;0;0
9;"Publiczne Przedszkole Nr 5, ul. Bohaterów Monte Cassino 1, 49-300 Brzeg";160101;"m. Brzeg";"brzeski";"opolskie";1;1;1;1;0;0;1;0;0;0;1;0;0;0;0;1;0;0;0;2;0;0;0;0;0;2;30;2;1;5;1;5;0;0;3;0;0;4;1;3;0;1;0;0;0;1;1;0;0;0;35;2;1;3;1;1;7;0;0;1;0;6;0;4;0;0;1;1;0;1;0;0;0;3;73;49;13;12;12;2;1;0;2;2;0;2;2;0;0;2;1;0;1;0;0;1;0;21;18;0;1;2;1;1;0;0;0;6;1;0;1;0;0;0;0;0;1;2;0;1;0;2;84;20;14;116;7;3;0;4;5;1;4;1;0;0;0;4;0;0;4;4;0;0;0;14;2;1;0;1;0;0;0;1;0;0;2;0;0;0;0;0;0;0;0;0;0;0;0;0;0;0;0;0;0;0;0;0;0;0;0;1;0;0;0;0
10;"Publiczna Szkoła Podstawowa Nr 1, ul. Bohaterów Monte Cassino 14, 49-300 Brzeg";160101;"m. Brzeg";"brzeski";"opolskie";1;1;4;0;0;0;3;1;2;0;0;0;1;0;0;3;0;0;0;0;0;0;0;0;0;1;51;25;6;1;2;13;4;0;4;0;2;12;2;1;3;2;4;2;0;0;1;1;1;3;59;3;3;11;1;3;5;1;1;3;1;3;1;2;0;5;1;0;0;0;0;0;0;2;159;97;16;22;15;8;0;0;2;2;1;1;1;0;0;1;0;0;1;2;0;1;0;32;39;5;4;9;6;2;0;2;2;12;5;0;0;2;0;0;1;0;2;0;1;1;2;3;139;21;24;227;26;5;2;4;8;2;4;1;2;4;0;0;0;0;7;2;0;1;1;30;11;1;1;2;0;0;0;2;0;1;0;0;0;0;0;2;0;1;0;0;0;0;0;0;0;0;0;0;0;0;0;0;0;0;0;0;0;0;0;0
11;"Publiczne Przedszkole Nr 10, ul. Księdza Makarskiego 5, 49-300 Brzeg";160101;"m. Brzeg";"brzeski";"opolskie";1;1;1;1;2;0;1;0;0;0;0;0;2;1;0;1;0;0;2;0;0;0;0;0;0;2;50;10;8;4;6;13;4;2;1;0;0;5;0;2;1;4;0;1;1;1;3;1;2;3;53;6;5;3;1;0;1;2;2;3;0;1;3;0;0;4;1;1;0;0;0;0;2;0;145;117;32;30;20;10;0;1;4;1;0;0;0;1;1;0;1;1;1;1;1;1;0;40;25;3;2;3;1;2;0;0;1;15;0;1;0;0;0;1;0;0;0;0;0;2;0;0;106;22;45;157;8;1;2;1;3;0;3;2;1;1;0;3;0;1;4;0;0;0;2;12;8;2;1;0;0;0;0;0;0;0;0;0;0;0;1;1;1;0;0;0;0;0;0;0;0;2;0;0;0;0;0;0;0;0;0;0;0;0;0;0
12;"Publiczne Przedszkole Nr 7, ul. Gaj 1, 49-300 Brzeg";160101;"m. Brzeg";"brzeski";"opolskie";1;1;3;1;0;0;0;0;0;0;0;0;0;0;0;1;0;0;1;1;0;0;0;0;0;0;23;11;9;6;7;8;3;0;1;0;2;2;0;0;1;0;4;2;2;0;2;0;3;1;34;3;1;1;0;0;6;1;2;1;0;1;0;0;1;3;1;0;1;0;0;0;0;0;122;99;23;20;15;4;0;0;0;2;0;0;0;0;0;0;0;1;1;0;3;0;0;37;37;1;5;0;2;0;0;0;1;16;2;0;0;0;3;0;0;0;0;2;0;1;0;1;78;12;39;109;15;4;2;3;3;3;4;1;0;0;0;1;1;1;2;0;0;1;2;16;11;2;0;1;0;0;0;0;1;0;0;0;0;0;0;0;0;0;0;0;0;0;0;0;0;0;0;0;0;0;0;0;0;0;0;0;0;0;0;0
13;"Brzeskie Przedsiębiorstwo Energetyki Cieplnej, ul. Ciepłownicza 11, 49-300 Brzeg";160101;"m. Brzeg";"brzeski";"opolskie";1;1;3;0;0;0;0;0;0;0;0;0;0;0;0;1;2;0;0;0;0;0;0;0;0;0;25;7;1;4;7;1;0;1;0;1;1;1;1;1;0;0;2;0;1;1;2;0;1;1;29;2;2;3;1;1;1;0;0;0;0;1;0;1;0;3;1;0;0;0;0;0;0;0;78;51;11;18;9;3;2;1;1;0;1;0;0;1;1;0;0;2;0;0;0;0;0;12;16;2;2;3;2;3;0;0;1;3;0;0;2;0;1;0;2;0;1;0;0;1;0;0;56;7;18;74;8;5;1;3;0;0;5;1;1;1;0;0;0;0;2;1;0;0;0;5;6;3;0;0;1;0;0;0;2;2;1;0;1;1;0;0;0;0;0;0;0;0;0;0;0;0;0;0;0;0;0;0;0;0;0;0;0;0;0;0
14;"Publiczna Szkoła Podstawowa Nr 6 w Brzegu (wejście od strony sali sportowej), ul. Poprzeczna 1, 49-300 Brzeg";160101;"m. Brzeg";"brzeski";"opolskie";1;1;4;2;0;0;1;1;1;1;0;0;0;0;0;2;0;0;1;1;0;1;0;0;1;0;35;15;10;3;9;15;4;1;0;0;1;8;0;2;1;1;1;1;3;0;0;0;0;1;43;8;1;8;1;2;3;0;0;4;2;2;1;0;1;1;0;1;0;1;0;1;0;0;156;119;33;29;17;8;0;2;2;1;0;1;1;0;1;0;0;0;1;1;8;0;0;47;26;1;0;6;3;4;3;0;1;13;1;1;2;2;1;1;1;0;0;2;0;1;0;0;116;19;35;129;35;7;2;2;6;2;1;1;2;2;0;3;1;3;1;1;2;1;1;18;18;2;1;3;0;0;1;0;0;0;1;0;0;0;0;0;1;0;0;0;0;0;0;0;0;0;0;0;0;1;0;0;0;0;0;0;0;0;1;0
15;"Stowarzyszenie Chorych na SM, ul. 1 Maja 2, 49-300 Brzeg";160101;"m. Brzeg";"brzeski";"opolskie";1;1;2;0;1;0;0;2;0;1;1;0;0;0;1;2;0;0;1;0;0;0;0;0;0;0;57;20;1;3;7;7;4;0;2;1;0;4;0;5;0;0;2;0;3;1;2;0;0;1;54;4;2;5;2;3;3;2;0;1;1;3;1;2;2;2;2;2;0;0;0;0;0;4;125;103;28;13;18;4;0;1;0;0;1;0;0;0;0;0;0;3;0;2;4;0;1;38;29;7;5;5;2;2;1;0;3;17;2;0;1;1;0;0;0;0;0;1;0;2;0;0;109;17;24;171;13;4;1;1;1;1;3;1;1;1;0;3;1;0;10;0;1;1;1;18;10;0;0;0;1;1;2;1;1;0;1;0;0;1;0;2;1;0;0;0;0;1;0;0;0;0;0;0;0;0;0;0;0;0;0;0;0;0;0;0
16;"Miejski Ośrodek Sportu i Rekreacji (Stadion Miejski), ul. Sportowa 1, 49-300 Brzeg";160101;"m. Brzeg";"brzeski";"opolskie";1;1;3;1;0;1;0;0;0;0;1;0;0;0;0;0;0;0;1;0;0;1;0;0;0;2;42;10;3;0;6;7;4;0;1;0;0;5;0;3;1;2;1;0;3;0;0;0;0;0;25;7;1;2;0;0;2;1;1;1;0;1;0;0;0;2;0;0;0;2;0;1;0;3;95;73;26;28;17;4;0;0;0;1;0;0;0;0;1;0;1;0;1;0;0;0;0;18;27;2;5;3;1;0;0;0;0;13;2;2;1;1;0;1;0;0;1;1;0;1;0;1;104;12;32;174;12;4;7;1;4;0;0;2;1;1;0;0;1;0;2;1;2;0;0;12;6;2;2;2;0;1;2;0;0;0;1;0;1;0;0;0;0;0;0;0;0;0;0;0;0;0;0;0;0;0;1;0;0;0;0;0;0;1;0;0
17;"Zespół Szkół Zawodowych Nr 1, ul. Słowiańska 18, 49-300 Brzeg";160101;"m. Brzeg";"brzeski";"opolskie";1;1;3;1;0;0;1;0;1;0;0;0;0;0;0;1;0;0;0;1;0;0;0;0;1;1;35;12;7;7;2;10;1;0;0;0;0;5;0;0;1;3;2;0;2;0;1;1;2;0;46;0;3;4;0;0;3;0;1;0;0;1;0;0;0;1;2;4;0;0;0;0;0;1;93;85;28;12;9;2;1;0;3;0;0;0;0;1;0;0;0;0;1;2;1;0;0;36;10;4;0;4;1;2;1;2;1;8;1;1;1;0;2;1;0;0;1;0;0;1;1;0;93;30;26;132;11;6;2;0;4;1;2;4;0;2;0;0;0;0;4;0;0;0;0;10;19;0;0;0;0;1;0;0;0;1;0;0;0;0;0;0;0;0;0;0;0;0;0;0;0;0;0;0;0;0;0;0;0;0;0;0;0;0;0;0
18;"Miejska Biblioteka Publiczna, ul. Jana Pawła II 5, 49-300 Brzeg";160101;"m. Brzeg";"brzeski";"opolskie";1;1;1;0;0;0;0;0;1;0;0;0;1;0;0;1;0;0;0;0;0;0;0;0;0;0;27;5;7;3;5;2;1;0;2;0;0;2;0;1;0;1;0;0;2;0;1;0;2;0;23;4;1;1;0;1;1;0;1;2;0;0;1;3;0;4;0;0;1;1;0;0;0;1;82;50;14;13;9;4;0;1;0;0;0;0;0;1;0;0;0;0;0;0;1;0;0;18;19;2;1;0;2;3;0;0;0;8;1;0;0;1;0;2;1;0;0;0;0;2;0;3;58;18;11;94;7;2;1;0;2;1;3;0;2;0;1;2;0;0;0;0;0;1;0;8;4;0;0;0;0;0;1;0;0;0;0;0;2;0;0;0;1;0;0;0;0;0;0;0;0;1;0;0;0;0;0;0;0;0;0;0;0;0;0;0
19;"Publiczna Szkoła Podstawowa nr 5, ul. Robotnicza 22, 49-300 Brzeg";160101;"m. Brzeg";"brzeski";"opolskie";1;1;6;3;1;0;1;0;0;0;1;0;0;0;0;4;0;0;0;1;2;0;0;2;1;2;56;7;7;2;5;6;2;3;2;1;0;3;0;2;0;4;4;1;1;1;1;0;4;4;57;3;3;2;1;0;2;0;2;0;1;3;2;6;0;6;2;1;1;0;0;0;1;4;104;79;29;17;8;5;1;0;3;0;1;1;2;0;0;0;0;0;0;1;2;3;0;44;36;4;3;7;2;1;0;1;1;12;4;0;1;1;1;3;1;1;0;0;0;0;0;2;111;37;29;186;14;4;3;1;3;2;5;0;3;0;1;1;0;0;1;1;0;0;0;11;9;2;0;0;0;0;0;0;0;0;0;0;3;0;0;0;0;0;0;0;0;0;0;0;0;0;0;0;0;0;0;0;0;0;0;0;0;0;1;0
20;"Publiczna Szkoła Podstawowa Nr 6 w Brzegu (hol na parterze budynku A), ul. Poprzeczna 1, 49-300 Brzeg";160101;"m. Brzeg";"brzeski";"opolskie";1;1;1;0;0;0;0;0;4;1;0;2;0;0;0;0;0;1;0;0;1;0;0;0;0;2;33;4;7;4;1;7;1;2;1;0;0;3;0;2;2;1;1;0;0;0;0;1;0;1;44;5;4;1;0;0;4;1;0;2;0;0;2;1;0;3;0;0;0;1;0;1;0;1;119;102;36;24;10;1;2;2;2;2;0;0;0;1;0;0;0;0;1;0;2;3;0;19;24;5;3;3;2;0;0;0;1;8;1;0;0;1;2;0;0;0;1;0;1;0;0;0;97;17;34;110;17;3;2;2;1;0;1;0;2;2;0;0;0;0;2;0;0;0;0;18;6;1;1;0;1;0;0;0;0;0;0;0;0;1;0;0;0;1;1;0;0;0;0;0;0;0;0;0;0;0;0;0;0;0;0;0;0;0;0;0
21;"I Liceum Ogólnokształcące, ul. Armii Krajowej 7, 49-300 Brzeg";160101;"m. Brzeg";"brzeski";"opolskie";1;1;5;1;1;0;2;1;0;1;1;1;0;1;0;1;0;0;1;0;0;0;0;0;0;1;46;8;8;4;7;13;3;1;2;1;1;4;1;4;0;1;7;1;3;2;1;0;0;3;43;2;5;2;0;1;1;0;0;0;3;1;2;1;0;0;0;1;0;0;0;0;0;0;137;110;33;17;12;4;2;0;1;1;1;0;1;1;0;0;0;0;0;0;2;0;0;38;27;9;1;3;3;1;3;1;1;14;1;0;0;1;0;0;0;0;0;1;0;3;0;0;89;10;25;162;16;2;2;1;5;0;7;3;2;0;2;2;0;0;7;0;0;0;1;15;7;1;1;0;0;0;2;0;1;0;0;0;0;0;0;0;0;0;0;0;0;0;0;0;0;0;0;0;0;0;0;0;0;0;0;0;0;0;0;1
22;"Zakład Karny w Brzegu, ul. Bolesława Chrobrego 29, 49-300 Brzeg";160101;"m. Brzeg";"brzeski";"opolskie";1;1;0;0;0;0;0;0;0;0;0;0;0;1;0;0;0;1;0;0;0;0;0;0;0;0;9;1;0;0;0;0;0;0;0;1;0;3;0;0;0;0;0;0;2;0;2;0;0;1;9;1;0;2;1;1;0;1;1;2;0;0;0;0;0;0;0;0;0;2;0;1;1;0;20;2;1;2;1;2;0;0;1;2;0;1;0;0;0;0;1;0;0;0;0;0;1;0;7;0;0;1;0;0;0;0;1;1;1;1;0;1;1;0;0;1;1;1;0;0;0;0;81;12;9;9;3;9;2;0;9;3;5;2;0;2;0;2;0;1;0;1;3;3;1;2;0;0;0;0;0;0;0;0;0;0;0;0;0;0;0;0;0;0;0;0;0;0;0;0;0;0;0;0;0;0;0;0;0;0;1;0;0;0;0;0
23;"Brzeskie Centrum Medyczne w Brzegu, ul. Sergiusza Mossora 1, 49-300 Brzeg";160101;"m. Brzeg";"brzeski";"opolskie";1;1;0;0;0;0;1;0;0;0;0;0;0;0;0;0;0;0;0;0;0;0;0;0;0;0;0;0;0;0;0;0;0;0;0;0;0;0;0;0;0;0;0;0;1;0;0;0;0;0;0;0;0;0;0;0;0;1;0;0;0;0;0;0;0;0;0;0;0;0;0;0;0;1;4;3;2;0;0;1;0;0;0;0;0;0;0;0;0;0;0;0;0;0;0;0;0;0;0;0;0;0;0;0;0;1;0;0;0;0;0;0;0;0;0;0;0;0;0;0;0;0;3;0;1;2;0;0;0;0;0;0;0;0;0;0;0;1;0;0;0;0;0;0;0;0;0;0;0;0;0;0;0;0;0;0;0;0;0;0;0;0;0;0;0;0;0;0;0;0;0;0;0;0;0;0;0;0;0;0;0;0;0;0;0;0
24;"Brzeskie Centrum Medyczne w Brzegu-Oddział Rehabilitacji Neurologicznej, ul. Nysańska 4-6, 49-300 Brzeg";160101;"m. Brzeg";"brzeski";"opolskie";1;1;0;0;0;0;0;0;0;0;0;0;0;0;0;0;0;0;0;0;0;0;0;0;0;0;0;0;0;1;0;0;0;0;0;0;0;0;0;0;0;0;0;0;0;0;0;0;0;0;0;0;0;0;0;0;0;0;0;0;0;0;0;0;0;0;0;0;0;0;0;0;0;0;3;2;1;0;0;0;0;1;0;0;0;0;0;0;0;0;0;0;0;0;0;0;0;0;0;0;0;0;0;0;0;0;0;0;0;0;0;0;0;0;0;0;0;0;0;0;0;0;2;0;0;0;0;0;0;0;0;0;0;0;0;0;0;0;0;0;0;0;0;0;0;1;0;1;0;0;0;0;0;0;0;0;0;0;0;0;0;0;0;0;0;0;0;0;0;0;0;0;0;0;0;0;0;0;0;0;0;0;0;0;0;0
1;"Dom Ludowy, Zwanowice 44, 49-300 Brzeg";160102;"gm. Skarbimierz";"brzeski";"opolskie";1;1;0;0;0;0;0;1;1;0;0;0;0;0;0;0;0;0;0;0;0;0;0;0;0;0;9;0;0;0;0;0;0;1;0;0;0;0;0;3;0;1;1;0;0;0;0;0;1;0;11;0;1;0;0;0;2;0;1;0;0;0;0;0;0;0;0;0;0;0;0;0;0;0;62;55;6;7;10;4;1;0;0;0;0;0;0;1;0;0;0;0;0;0;0;1;0;9;13;2;1;5;0;0;0;1;0;0;1;2;0;0;0;0;0;0;1;1;0;2;1;0;15;4;3;15;1;2;0;0;0;0;1;0;1;0;0;0;1;0;0;0;0;0;0;3;0;0;1;0;0;0;0;0;0;0;0;0;0;0;0;0;1;0;0;0;0;0;0;0;0;0;0;0;0;0;0;0;0;0;0;0;0;0;0;0
2;"Dom Ludowy, Kruszyna 84, 49-300 Brzeg";160102;"gm. Skarbimierz";"brzeski";"opolskie";1;1;1;0;0;0;0;0;1;0;0;0;0;0;1;0;1;0;0;0;0;0;0;0;0;0;9;14;0;0;4;0;0;1;1;1;1;0;0;1;0;0;0;0;0;0;0;0;1;0;7;0;0;0;0;0;0;0;0;2;0;1;1;0;0;3;0;1;0;0;0;0;0;0;55;47;7;5;4;4;0;0;1;0;0;0;0;1;0;0;0;0;0;1;0;2;0;10;6;2;0;1;1;0;0;0;2;1;1;0;0;0;1;0;0;0;0;0;0;0;0;0;14;5;5;17;1;1;0;0;0;1;0;0;1;0;0;0;0;0;1;0;0;0;0;3;4;0;0;0;0;0;0;0;0;0;1;0;0;0;0;0;0;0;0;0;0;0;0;0;0;0;0;0;0;0;0;0;0;0;0;0;0;0;0;0
3;"Dom Ludowy, Pawłów ul. Wesoła 11, 49-300 Brzeg";160102;"gm. Skarbimierz";"brzeski";"opolskie";1;1;0;0;0;0;0;0;1;1;0;0;1;0;0;0;0;0;0;0;0;0;1;0;0;0;14;5;1;4;0;2;1;0;0;0;0;5;0;1;0;0;0;0;0;0;0;0;0;0;10;1;0;1;0;0;0;0;0;0;0;0;0;0;0;0;0;0;0;0;0;1;0;0;50;25;6;6;10;0;0;0;0;0;1;0;1;1;0;0;1;0;1;0;1;0;0;5;8;0;0;2;1;1;0;0;0;1;0;0;1;0;0;0;0;1;0;0;0;0;1;2;16;1;2;32;2;1;1;0;0;0;0;0;0;0;0;0;0;0;0;1;0;0;1;6;2;0;0;0;0;0;0;0;0;0;0;0;0;0;0;0;2;0;0;1;0;0;0;0;0;0;0;0;0;0;0;0;0;0;0;0;0;0;0;0
4;"Gminna Biblioteka Publiczna, Żłobizna ul. Jaśminowa 1, 49-305 Brzeg";160102;"gm. Skarbimierz";"brzeski";"opolskie";1;1;7;1;0;1;0;3;0;1;0;0;0;0;0;1;0;0;0;0;0;0;0;1;0;1;24;9;5;8;4;4;2;1;0;0;0;5;1;5;1;0;0;0;1;0;0;0;1;1;22;1;0;0;0;0;3;0;3;1;1;1;0;1;0;4;0;2;1;0;0;0;1;0;76;42;15;10;3;2;0;0;0;0;0;0;0;0;0;0;0;0;1;0;0;0;0;18;19;5;2;3;0;0;0;0;0;10;1;0;0;0;1;2;0;0;0;1;1;0;1;0;38;9;16;103;7;2;5;3;1;0;2;0;0;0;0;0;1;0;3;1;0;0;0;11;8;2;4;0;0;0;0;0;0;0;0;0;0;0;0;0;0;0;0;0;0;0;0;0;0;0;0;0;0;0;0;0;0;0;0;0;0;0;0;0
5;"Dom Ludowy, Zielęcice ul. Klonowa 7, 49-318 Skarbimierz";160102;"gm. Skarbimierz";"brzeski";"opolskie";1;1;0;0;1;0;0;2;0;0;0;0;0;0;0;0;0;0;0;0;0;0;0;0;0;1;24;8;2;1;3;2;2;0;0;0;0;0;1;0;0;0;0;0;0;0;0;0;0;1;22;2;1;1;0;0;0;0;1;0;0;4;2;1;0;1;0;0;0;0;0;0;0;0;36;26;5;4;1;1;0;0;0;0;0;0;0;0;0;0;1;0;0;0;0;0;0;7;14;1;0;0;0;0;0;0;0;2;0;0;0;0;0;0;0;0;0;0;0;0;0;0;26;7;13;65;0;1;0;0;0;0;1;1;0;0;0;0;0;2;0;0;0;0;0;4;3;0;1;0;0;1;0;0;0;0;0;0;0;0;0;0;0;0;0;0;0;0;0;0;0;0;0;0;0;0;0;0;0;0;0;0;0;0;0;0
6;"Dom Ludowy, Skarbimierz 25, 49-318 Skarbimierz";160102;"gm. Skarbimierz";"brzeski";"opolskie";1;1;0;0;0;0;1;0;0;0;0;0;0;0;0;0;0;0;0;0;0;0;0;0;0;0;7;2;0;0;2;0;1;0;0;0;0;2;0;0;0;0;0;0;0;0;0;0;0;0;4;0;0;0;0;1;0;0;1;0;0;0;0;0;0;1;0;0;0;0;0;0;0;0;13;13;6;0;8;0;0;0;1;0;0;0;0;1;0;0;0;0;0;0;0;0;0;1;7;1;1;3;1;0;0;0;1;2;1;2;0;0;1;1;0;0;0;0;0;0;0;0;4;4;2;19;0;1;1;0;0;0;0;0;0;0;0;0;0;0;1;0;1;0;0;2;2;0;0;0;0;0;2;0;0;0;0;0;0;0;0;0;0;0;0;0;0;0;0;0;0;0;0;0;0;0;0;0;0;0;0;0;0;0;0;0
7;"Gminne Gimnazjum w Skarbimierzu-Osiedle, Skarbimierz-Osiedle ul. Akacjowa 27, 49-318 Skarbimierz";160102;"gm. Skarbimierz";"brzeski";"opolskie";1;1;7;3;1;0;2;0;2;1;0;1;0;0;1;0;0;0;0;1;0;0;0;0;2;1;72;21;15;5;10;16;4;2;3;1;2;16;2;2;2;6;4;1;3;0;7;0;4;6;58;6;4;4;3;0;10;3;1;1;1;2;2;8;0;1;1;1;4;1;0;0;2;2;136;147;21;18;32;8;1;1;2;2;0;0;0;2;1;2;1;1;1;0;0;1;0;20;54;12;2;7;5;3;1;4;1;40;4;2;3;2;1;1;1;0;0;3;0;5;0;1;139;25;19;188;21;8;8;4;6;2;11;1;3;3;1;1;0;3;9;4;1;3;0;27;12;7;1;1;2;0;2;0;0;0;0;3;1;0;0;0;0;0;0;0;0;0;0;0;0;0;0;1;0;0;0;0;0;1;0;0;0;0;0;0
8;"Dom Ludowy, Małujowice 29, 49-318 Skarbimierz";160102;"gm. Skarbimierz";"brzeski";"opolskie";1;1;1;0;0;0;0;0;0;0;0;0;0;0;0;0;0;0;1;0;0;0;0;0;0;0;8;2;1;1;0;6;1;0;0;0;1;1;0;1;1;1;1;0;0;0;0;0;0;1;8;0;0;2;1;0;0;0;0;0;0;0;0;0;1;0;1;0;0;0;0;0;0;0;28;31;11;1;3;1;0;0;0;0;0;0;0;0;0;0;0;0;0;0;0;1;0;11;10;1;0;0;1;0;0;1;0;0;0;0;0;0;0;0;0;0;0;0;0;2;0;0;13;0;5;27;1;2;2;0;0;0;2;1;0;0;1;0;1;0;0;0;0;0;0;0;4;3;0;0;1;1;0;0;0;0;0;0;0;0;0;0;0;0;0;0;0;0;0;0;0;0;0;0;0;0;0;0;0;0;0;0;0;0;0;0
9;"Dom Ludowy, Łukowice Brzeskie 88A, 49-318 Skarbimierz";160102;"gm. Skarbimierz";"brzeski";"opolskie";1;1;4;1;1;0;0;2;1;2;0;4;0;0;0;0;0;0;0;1;0;0;0;0;0;1;12;3;5;0;7;4;2;1;0;0;0;1;0;1;1;1;0;1;0;0;0;0;0;0;7;1;1;0;0;0;0;0;0;0;0;0;0;0;0;1;0;1;0;0;0;0;0;0;56;73;9;4;7;2;0;0;1;2;0;0;0;1;0;0;0;2;0;1;0;0;0;6;21;2;0;0;2;2;1;1;3;1;0;0;0;0;0;1;0;0;1;1;0;1;0;0;27;2;4;30;5;3;1;0;0;0;0;2;0;0;0;0;0;1;1;0;0;0;0;6;0;0;0;0;0;0;1;0;0;0;0;0;0;0;0;0;0;0;1;0;0;0;0;0;0;0;0;0;0;0;0;0;0;0;0;0;0;0;0;0
10;"Dom Ludowy, Pępice 63, 49-317 Skarbimierz";160102;"gm. Skarbimierz";"brzeski";"opolskie";1;1;3;0;0;2;0;0;1;0;1;1;0;0;0;1;0;0;0;0;0;0;0;0;0;0;9;5;0;0;0;4;0;1;1;0;0;0;0;0;0;1;2;0;0;0;0;1;2;1;4;0;0;0;0;0;0;1;0;0;0;0;0;1;0;1;0;0;0;0;0;1;1;0;51;34;12;12;10;1;0;0;0;0;0;0;0;1;0;0;0;0;0;1;0;0;0;9;14;0;0;1;0;0;0;0;0;0;0;0;1;0;0;0;1;0;0;0;0;0;0;0;7;2;3;15;0;1;1;1;0;0;0;1;0;0;0;0;0;0;1;0;0;0;0;1;1;1;0;0;0;0;0;0;0;0;0;0;0;0;0;0;0;0;0;0;0;0;0;0;0;0;0;0;0;0;0;0;0;0;0;0;0;0;0;0
11;"Przedszkole, Brzezina 64, 49-300 Brzeg";160102;"gm. Skarbimierz";"brzeski";"opolskie";1;1;2;0;0;1;0;2;0;1;0;0;0;0;0;1;0;0;0;0;0;0;0;0;0;0;19;3;1;3;2;3;1;0;0;0;0;0;0;2;0;0;0;0;0;0;1;0;0;0;10;0;1;0;1;0;0;1;0;0;0;0;1;0;0;0;1;1;0;0;0;1;0;0;61;35;9;10;2;1;0;1;1;0;1;0;0;0;0;0;0;0;0;2;0;0;0;6;9;1;1;2;0;1;0;1;0;4;0;0;0;0;0;0;0;0;0;0;0;0;0;0;19;3;5;47;4;2;1;0;1;1;4;0;0;0;0;0;0;0;0;0;1;1;0;4;1;0;1;0;0;0;0;1;0;0;0;0;0;0;0;1;0;0;0;0;0;0;0;0;0;0;0;0;0;0;0;0;0;0;0;0;0;0;1;0
12;"Dom Ludowy, Lipki 32, 49-300 Brzeg";160102;"gm. Skarbimierz";"brzeski";"opolskie";1;1;1;0;0;0;0;0;0;2;0;0;0;0;0;0;0;0;0;0;0;0;0;0;0;0;20;6;2;4;6;6;0;2;2;0;0;3;0;1;2;0;0;2;0;2;0;0;1;0;10;1;0;1;0;1;0;2;2;0;0;0;1;0;0;1;0;0;0;0;0;0;0;1;66;38;6;7;10;3;0;0;0;1;0;1;0;1;0;0;1;0;0;0;2;1;0;19;18;4;1;5;1;1;0;1;0;1;0;1;3;1;0;0;1;0;0;0;0;1;1;0;36;15;5;47;2;5;0;1;0;2;0;3;3;3;0;0;0;0;0;0;1;0;0;4;3;0;0;1;0;0;0;0;0;2;0;0;1;0;0;0;1;0;0;0;0;0;0;0;0;0;0;0;0;0;0;0;0;0;0;0;0;0;0;0
13;"Dom Seniora ""Słoneczna Jesień Życia"", Zwanowice 58A, 49-300 Brzeg";160102;"gm. Skarbimierz";"brzeski";"opolskie";1;1;0;0;0;0;0;0;0;0;0;0;0;0;0;0;0;0;0;0;0;0;0;0;0;0;0;0;0;0;0;0;0;0;0;0;0;0;0;0;0;1;0;0;0;0;0;0;0;0;0;0;0;0;0;0;0;0;0;0;0;0;0;0;0;0;0;0;0;0;0;0;0;0;0;4;0;0;1;0;0;0;0;0;0;0;1;0;0;0;0;0;0;0;0;0;0;0;0;0;0;0;0;0;0;0;0;0;0;0;0;0;0;0;0;0;0;0;0;0;0;0;1;0;0;0;0;0;0;0;0;0;0;0;0;0;0;0;0;0;0;0;0;0;0;0;0;0;0;0;0;0;0;0;1;0;0;0;0;0;0;0;0;0;0;0;0;0;0;0;0;0;0;0;0;0;0;0;0;0;0;0;0;0;0;0
1;"Publiczna Szkoła Podstawowa nr 1, ul. Powstańców Śląskich 24, 49-200 Grodków";160103;"gm. Grodków";"brzeski";"opolskie";1;1;3;0;1;0;1;1;0;0;1;1;0;0;0;1;0;0;0;0;0;0;0;0;0;0;17;18;5;5;2;2;1;0;1;0;0;4;0;1;0;2;0;0;1;0;1;1;0;1;36;3;2;5;2;0;11;0;3;0;0;0;0;0;1;1;0;3;1;0;0;0;1;1;89;33;30;20;7;2;1;2;64;6;0;0;0;0;0;1;0;0;0;1;1;0;0;0;19;4;2;6;1;2;1;1;1;0;1;0;2;0;0;0;0;0;0;1;1;1;0;0;89;23;21;32;14;2;2;1;0;0;5;2;2;1;0;1;0;0;0;1;2;0;0;31;3;1;0;0;0;0;0;1;0;1;1;1;0;0;0;0;0;0;1;0;0;0;0;0;0;0;1;0;0;0;0;0;0;0;0;0;0;0;0;1
2;"Ośrodek Pomocy Społecznej, ul. Szpitalna 13, 49-200 Grodków";160103;"gm. Grodków";"brzeski";"opolskie";1;1;1;0;1;0;1;1;0;0;1;0;0;0;0;1;0;0;0;0;1;0;0;0;0;0;22;10;7;5;2;5;0;1;1;1;0;7;0;3;0;0;1;1;1;0;1;0;0;1;17;4;1;3;0;0;6;1;1;0;2;0;0;1;0;0;0;0;0;0;0;0;1;0;39;28;24;23;6;7;1;1;43;3;0;0;0;0;1;0;0;0;0;3;0;0;0;3;10;2;0;4;1;1;0;0;2;0;0;1;0;1;0;0;0;0;0;0;0;0;0;1;84;8;27;23;10;7;2;3;0;0;5;0;3;1;0;0;0;1;2;1;0;1;0;38;2;0;0;1;0;0;1;0;0;0;1;0;0;1;0;0;1;0;0;0;0;1;0;0;0;0;0;0;0;0;1;0;0;0;0;0;0;0;0;0
3;"Hala Sportowa im. Zdzisława Zielonki przy Liceum Ogólnokształcącym, ul. Sienkiewicza 29 A, 49-200 Grodków";160103;"gm. Grodków";"brzeski";"opolskie";1;1;1;3;1;0;2;0;1;1;0;0;0;0;0;0;0;1;0;0;0;1;0;0;0;0;15;23;8;17;0;4;0;2;0;0;0;3;0;1;0;0;3;1;1;0;0;0;0;1;39;3;3;1;0;0;4;2;1;0;0;0;2;1;0;3;0;2;0;0;1;0;1;0;55;33;24;19;4;7;0;2;49;3;1;1;0;1;0;0;1;1;0;1;0;0;1;1;11;1;0;4;0;1;0;0;0;3;3;0;3;1;0;0;0;0;0;0;0;1;0;0;76;10;23;33;19;5;0;1;1;1;4;4;0;0;1;1;1;1;1;0;1;1;0;45;1;0;0;0;0;0;0;0;0;0;1;0;0;0;0;0;2;0;0;0;0;0;0;0;0;1;0;0;0;0;0;0;0;0;0;0;0;0;0;0
4;"Zespół Szkół Ponadpodstawowych, ul. Krakowska 20, 49-200 Grodków";160103;"gm. Grodków";"brzeski";"opolskie";1;1;2;0;0;0;0;1;0;0;2;0;0;0;0;2;0;1;0;0;0;0;0;0;0;1;19;9;6;14;3;7;0;0;1;1;0;0;2;2;0;1;2;0;1;0;0;1;0;0;33;0;1;3;0;0;9;0;1;0;1;0;1;1;0;1;1;0;0;0;0;1;0;1;47;19;19;17;4;2;0;1;47;0;0;0;0;1;0;0;0;0;2;0;2;1;0;1;20;7;6;2;2;6;0;3;1;2;0;0;0;1;4;0;0;0;0;0;0;0;0;0;89;15;26;28;33;7;1;1;3;0;3;2;1;0;0;1;1;1;0;2;0;1;0;32;1;1;0;0;0;0;0;0;0;1;0;0;0;0;0;0;1;0;0;0;0;0;0;0;0;0;0;0;0;0;0;0;0;0;0;0;0;0;0;0
5;"Publiczna Szkoła Podstawowa nr 3, ul. Morcinka 2, 49-200 Grodków";160103;"gm. Grodków";"brzeski";"opolskie";1;1;2;0;0;0;1;0;0;0;0;0;0;0;0;0;0;0;0;0;0;0;0;2;0;1;19;10;8;11;3;1;1;0;1;0;0;1;0;1;0;0;1;0;0;0;1;0;1;1;25;3;1;1;1;0;15;2;1;0;2;0;3;1;0;2;1;1;0;0;1;2;0;0;60;26;8;12;6;5;3;0;52;0;0;0;0;0;0;0;0;0;1;0;4;1;0;3;21;4;0;3;0;3;1;0;0;0;0;0;1;0;0;0;0;0;0;0;0;2;0;0;76;21;30;16;18;8;0;3;0;1;2;0;2;2;0;0;1;0;0;0;0;0;0;32;2;1;0;0;0;0;0;0;0;0;0;0;0;0;0;0;0;0;0;0;0;0;0;0;1;0;0;0;0;0;0;0;0;0;0;0;0;0;0;0
6;"Budynek zaplecza sportowego na Stadionie Miejskim w Grodkowie, ul. Sportowa 3, 49-200 Grodków";160103;"gm. Grodków";"brzeski";"opolskie";1;1;2;4;1;0;0;0;0;0;0;1;0;0;0;1;0;0;1;1;0;0;0;0;0;2;26;12;9;9;9;5;1;1;2;0;0;0;0;1;0;1;4;2;1;0;0;0;0;2;30;1;1;1;0;1;12;1;2;0;1;0;0;2;2;4;1;0;0;0;0;1;0;3;94;60;46;22;11;2;1;0;86;1;0;0;2;0;0;1;0;0;0;0;2;0;0;5;21;5;2;4;3;0;0;1;1;2;0;0;2;1;0;0;1;1;0;0;0;3;1;0;112;15;28;28;28;7;3;3;3;1;4;1;3;1;0;2;0;0;2;0;1;0;0;36;2;0;1;0;0;1;0;1;0;0;1;0;0;0;1;0;0;0;0;0;0;0;0;0;0;0;0;0;0;0;0;0;0;0;0;0;0;0;0;0
7;"Kino Klaps, ul. Powstańców Śląskich 16, 49-200 Grodków";160103;"gm. Grodków";"brzeski";"opolskie";1;1;0;0;1;0;0;0;0;0;0;0;0;0;0;0;0;0;0;0;0;1;0;0;0;1;6;4;2;11;0;3;2;0;0;0;1;1;0;0;3;1;2;2;0;0;1;1;0;0;13;0;0;0;1;1;5;0;0;0;0;0;0;0;0;0;0;0;0;0;0;0;0;0;25;26;11;11;0;1;0;0;33;1;2;0;0;0;0;0;0;0;0;0;1;0;0;2;7;3;0;0;2;0;2;0;1;0;1;0;1;0;0;0;0;0;0;0;0;2;0;0;52;10;12;18;7;0;2;2;1;0;3;2;0;2;0;1;1;0;0;0;0;1;0;30;1;0;0;1;0;0;0;0;0;0;0;1;0;0;0;0;0;0;0;0;0;0;0;0;0;0;0;0;0;0;0;0;0;0;0;1;0;0;0;0
8;"Publiczna Szkoła Podstawowa, Kopice 32B, 49-200 Grodków";160103;"gm. Grodków";"brzeski";"opolskie";1;1;0;0;0;0;1;0;0;0;2;0;0;0;0;0;0;0;0;0;0;0;0;0;0;0;14;8;3;4;2;6;2;0;2;0;0;5;0;2;1;0;2;0;0;0;1;0;0;0;5;4;0;1;0;0;60;0;0;0;0;0;0;0;0;0;0;1;0;0;0;0;0;0;29;59;9;7;5;1;1;3;42;1;1;1;2;0;1;0;0;0;0;0;0;0;0;0;10;3;0;9;2;2;0;3;1;3;3;0;0;0;1;0;0;0;0;0;0;0;1;0;45;7;15;5;4;2;0;0;1;0;0;1;1;0;0;0;1;0;0;1;0;1;0;15;1;0;0;0;0;0;0;0;0;0;1;0;0;0;0;1;0;0;0;0;0;0;0;0;0;0;0;0;0;0;0;0;0;0;0;0;0;0;0;0
9;"Świetlica Wiejska, Żelazna 15, 49-200 Grodków";160103;"gm. Grodków";"brzeski";"opolskie";1;1;1;0;0;0;0;0;0;0;0;0;0;0;0;0;0;0;0;0;0;0;0;0;0;0;0;1;0;0;0;1;0;0;0;0;0;0;0;0;0;0;0;0;1;0;0;0;0;1;0;0;0;0;0;0;0;0;0;0;1;1;0;0;0;0;0;0;0;0;0;0;0;0;24;19;8;3;5;0;0;0;16;1;0;0;0;0;0;0;0;0;0;0;0;0;1;0;11;1;0;1;0;0;0;0;0;0;0;0;0;0;1;0;0;0;0;0;0;0;0;0;10;2;4;2;5;0;1;0;0;0;0;0;0;0;0;1;0;0;0;0;0;0;1;5;2;0;0;0;0;0;0;0;0;0;0;0;0;0;0;0;0;0;0;0;0;0;0;0;0;0;0;0;0;0;0;0;0;0;0;0;0;0;0;0
10;"Świetlica Wiejska, Tarnów Grodkowski 90B, 49-200 Grodków";160103;"gm. Grodków";"brzeski";"opolskie";1;1;2;2;0;0;0;0;0;0;0;0;0;0;0;0;0;0;0;0;0;0;0;0;0;2;9;9;2;3;1;3;0;0;0;0;0;3;0;1;0;1;0;0;1;0;1;0;0;0;12;1;1;3;0;0;0;3;0;0;0;0;0;2;0;0;0;1;0;0;0;0;0;0;25;26;8;5;4;0;2;0;40;2;0;0;0;0;0;0;0;0;0;0;0;0;0;2;11;2;3;3;0;0;1;2;0;1;0;1;0;2;1;0;0;0;0;0;0;3;0;0;53;9;10;12;9;0;0;1;0;0;0;1;0;0;0;1;0;0;0;0;0;0;0;22;1;1;0;1;0;0;0;0;0;0;0;0;0;2;0;0;0;1;0;0;0;0;0;0;0;0;0;0;0;0;0;0;0;0;0;0;0;0;0;0
11;"Publiczna Szkoła Podstawowa, Lipowa 19, 49-200 Grodków";160103;"gm. Grodków";"brzeski";"opolskie";1;1;3;0;0;0;0;1;0;0;1;0;0;0;0;0;0;0;0;0;0;0;0;0;0;1;6;2;1;3;2;1;0;0;0;0;0;1;0;0;0;1;0;0;0;0;0;0;0;0;1;1;0;0;0;0;4;0;0;0;0;0;0;1;0;0;0;0;0;0;0;0;1;0;27;37;11;6;8;1;1;0;14;1;0;0;0;0;0;0;0;0;0;0;0;0;0;3;5;2;0;2;1;0;1;0;1;0;0;0;0;0;0;0;0;0;0;0;0;2;1;0;16;0;4;4;1;5;1;1;1;0;0;0;0;0;0;0;0;0;0;1;0;0;0;2;2;0;0;0;0;0;0;0;0;0;0;0;0;1;0;0;0;0;0;0;0;0;0;0;0;0;0;0;0;0;0;0;1;0;0;0;0;0;0;0
12;"Świetlica Wiejska, Wierzbnik 35A, 49-200 Grodków";160103;"gm. Grodków";"brzeski";"opolskie";1;1;3;0;0;0;0;0;0;0;0;0;0;0;1;0;0;0;0;0;0;0;0;0;0;0;7;4;3;6;1;0;0;0;0;1;0;2;0;0;1;0;0;0;0;0;0;1;0;0;3;0;1;2;0;0;2;0;1;0;2;0;0;0;0;1;0;0;0;0;0;0;0;0;35;28;10;2;2;1;1;0;13;0;0;0;0;0;0;0;1;0;0;0;0;0;0;5;17;0;5;0;1;0;0;0;1;3;0;0;0;0;2;0;0;0;0;0;0;0;0;0;22;5;3;10;2;0;2;0;1;0;1;0;0;0;1;1;0;0;0;0;0;0;0;4;6;0;1;0;0;0;0;0;0;0;0;0;0;0;0;0;0;0;0;0;0;0;0;0;0;0;0;0;0;0;0;0;0;0;0;0;0;0;0;0
13;"Publiczna Szkoła Podstawowa, Kolnica 105, 49-200 Grodków";160103;"gm. Grodków";"brzeski";"opolskie";1;1;0;0;1;0;0;2;1;0;0;0;0;0;0;0;0;0;0;0;0;0;0;0;0;0;6;10;2;6;3;0;0;0;0;1;0;0;0;0;0;0;0;0;0;0;0;1;0;0;7;0;0;1;0;0;2;1;0;0;0;0;1;0;0;0;0;0;0;0;0;0;0;0;31;38;10;5;4;0;1;0;16;0;0;0;0;0;0;0;0;0;0;0;0;0;0;0;8;1;1;3;2;0;0;0;0;4;2;0;0;0;0;1;1;1;0;1;0;0;0;1;29;5;3;10;10;1;0;0;0;0;1;0;0;0;0;1;0;0;1;0;0;0;0;14;3;1;0;0;0;0;0;0;1;0;0;0;1;0;0;1;0;0;0;0;0;0;1;0;0;0;0;0;0;0;0;0;0;0;0;0;0;0;0;0
14;"Publiczna Szkoła Podstawowa, Gnojna 119, 49-200 Grodków";160103;"gm. Grodków";"brzeski";"opolskie";1;1;1;3;1;0;0;1;0;0;0;0;0;0;0;0;0;0;1;1;0;0;0;0;0;0;9;13;5;9;2;3;1;0;0;0;0;3;0;0;0;0;1;0;1;0;1;0;0;0;8;0;0;0;0;1;3;0;1;1;0;0;0;0;0;0;0;0;1;1;0;1;0;0;47;66;6;11;5;2;1;0;37;1;0;0;1;0;1;0;0;0;0;1;0;0;0;1;8;2;1;3;1;2;0;0;0;0;0;0;0;0;2;1;0;0;1;0;0;0;1;0;29;7;4;2;9;4;4;1;0;0;0;1;0;0;0;0;1;0;0;0;0;2;0;31;0;1;0;0;0;0;1;0;0;0;0;0;1;0;0;0;0;0;0;0;0;0;0;0;0;0;0;0;0;0;0;0;0;0;0;0;0;0;0;0
15;"Szkoła Podstawowa, Gałązczyce 78, 49-200 Grodków";160103;"gm. Grodków";"brzeski";"opolskie";1;1;0;1;0;0;0;0;0;0;0;1;0;0;0;0;0;0;0;1;0;0;0;0;0;0;11;4;4;2;5;2;0;0;0;0;0;5;0;1;0;0;0;0;0;0;0;1;0;1;12;0;0;4;2;0;1;0;0;0;1;0;2;0;0;1;1;0;0;0;0;0;0;0;60;90;21;7;5;2;1;0;33;2;0;0;1;0;0;1;0;0;1;1;0;0;0;0;8;1;0;3;1;1;0;0;0;0;0;0;0;0;1;0;0;0;0;0;0;1;0;0;19;5;5;12;6;4;1;1;0;0;1;2;1;0;0;0;1;1;0;1;0;0;1;14;0;0;0;0;1;0;0;0;0;1;1;0;0;0;0;0;0;0;0;0;0;0;0;0;0;0;1;0;0;0;0;0;0;0;0;0;0;0;0;1
16;"Publiczna Szkoła Podstawowa, Jędrzejów 63, 49-200 Grodków";160103;"gm. Grodków";"brzeski";"opolskie";1;1;0;0;0;0;0;0;2;0;0;0;0;0;0;1;0;0;0;0;1;0;0;0;0;0;2;6;0;3;0;1;0;0;0;0;0;1;0;0;0;1;0;0;1;0;0;0;2;0;3;2;0;0;0;0;1;0;1;0;0;0;0;0;0;2;1;0;0;2;0;0;0;0;41;44;11;4;1;2;0;0;29;0;0;0;0;0;0;0;1;0;1;0;1;0;0;1;7;1;0;0;1;0;1;2;0;3;0;1;0;0;1;0;0;0;0;0;0;0;0;0;18;0;13;14;5;2;0;0;0;0;1;0;1;0;0;0;0;0;0;0;0;1;0;10;0;1;0;0;0;0;0;0;0;0;0;0;0;0;0;0;1;0;0;0;0;0;0;0;0;0;0;0;0;0;0;0;0;0;0;0;0;0;0;0
17;"Świetlica Wiejska, Kobiela 21, 49-200 Grodków";160103;"gm. Grodków";"brzeski";"opolskie";1;1;1;1;0;0;0;1;1;1;1;0;0;1;0;0;0;0;0;0;0;0;0;0;0;0;5;8;0;14;0;3;0;1;1;1;1;1;0;1;0;0;0;1;0;0;0;0;0;0;11;0;0;0;0;0;3;0;0;0;0;0;0;0;0;0;0;0;0;0;0;0;0;0;61;42;30;10;3;3;0;0;21;1;0;0;2;0;0;0;1;0;0;1;0;0;0;0;11;4;1;2;2;3;0;0;1;0;1;0;0;0;1;0;1;0;0;0;0;0;0;0;36;8;6;14;4;4;3;0;0;0;2;1;4;0;0;0;0;0;0;1;0;0;0;4;2;1;1;0;0;0;0;0;0;0;0;0;0;0;0;1;0;0;0;0;0;0;0;0;0;0;0;0;0;0;0;0;0;0;0;0;1;0;0;0
18;"Świetlica Wiejska w Nowej Wsi Małej, Nowa Wieś Mała 31a, 49-200 Grodków";160103;"gm. Grodków";"brzeski";"opolskie";1;1;1;0;1;0;1;0;1;0;0;0;0;0;0;0;0;1;0;0;0;0;0;0;0;0;5;7;0;1;3;2;0;0;1;0;0;0;0;0;0;0;0;0;0;0;0;0;0;0;3;3;0;0;0;0;0;0;0;3;0;0;0;1;0;0;0;0;0;0;0;1;0;0;20;21;5;6;7;0;0;0;23;0;0;0;0;1;0;0;0;0;0;0;0;0;0;0;7;0;2;1;0;0;0;0;0;0;2;0;0;0;0;0;1;0;0;0;0;0;0;0;18;0;10;3;5;3;1;1;0;1;1;0;0;1;0;0;0;0;0;0;0;0;0;14;0;0;0;0;0;0;0;0;0;0;0;0;0;0;0;0;0;0;0;0;0;0;0;0;0;0;0;0;0;0;0;0;0;0;0;0;0;0;0;0
19;"Świetlica Wiejska w Więcmierzycach, Więcmierzyce 88, 49-200 Grodków";160103;"gm. Grodków";"brzeski";"opolskie";1;1;1;0;0;0;0;0;0;0;0;0;0;0;0;0;0;0;0;0;0;0;1;0;0;0;3;1;0;0;2;2;0;0;0;0;0;0;0;0;0;0;0;0;0;0;0;0;0;0;3;0;0;0;0;0;4;1;0;0;0;0;0;0;0;0;0;0;0;0;0;0;0;0;24;59;6;4;1;0;0;0;15;1;0;0;0;0;0;0;0;0;0;0;0;0;0;0;7;0;0;1;0;0;0;0;1;1;2;0;0;1;0;0;0;0;0;0;0;0;0;0;12;5;2;4;2;2;1;0;0;0;0;0;0;0;0;1;0;0;0;0;0;0;0;9;0;0;0;0;0;0;0;0;0;0;0;0;0;0;0;0;0;0;0;0;0;0;0;0;0;0;0;0;0;0;0;0;0;0;0;0;1;0;0;0
20;"Świetlica Wiejska w Głębocku, Głębocko 33, 49-200 Grodków";160103;"gm. Grodków";"brzeski";"opolskie";1;1;0;0;0;0;0;0;0;1;0;0;0;0;0;0;0;0;0;0;0;0;0;0;0;0;2;1;1;3;0;0;0;1;0;0;0;0;0;0;0;0;0;0;0;1;0;0;0;0;3;0;1;1;0;0;1;0;0;0;0;0;0;0;0;1;0;0;0;0;0;0;1;0;35;17;5;3;1;0;0;0;11;1;0;1;0;0;0;0;0;0;0;0;0;0;0;0;4;0;2;2;0;0;0;0;0;1;0;0;0;0;0;1;0;0;0;1;0;0;0;0;9;1;3;0;3;1;1;0;0;0;0;0;0;0;0;0;0;0;0;0;0;0;0;1;1;0;0;0;0;0;0;0;0;0;0;0;0;0;0;0;0;0;0;0;0;0;0;0;0;0;0;0;0;0;0;0;0;0;0;0;0;0;0;0
21;"Świetlica Wiejska w Osieku Grodkowskim, Osiek Grodkowski 4a, 49-200 Grodków";160103;"gm. Grodków";"brzeski";"opolskie";1;1;1;0;0;0;0;0;0;0;0;0;0;0;0;0;0;0;0;1;0;0;0;0;0;0;3;1;2;2;1;3;0;0;0;0;0;0;0;2;0;0;0;0;0;0;0;0;0;0;8;1;1;0;0;0;0;0;0;1;1;0;0;0;0;1;0;0;0;0;0;0;0;0;11;30;2;4;0;0;0;0;22;0;0;0;0;0;0;0;0;0;0;0;0;0;0;4;3;1;0;1;0;0;0;0;0;2;0;0;0;0;1;0;0;0;0;0;0;0;0;0;12;1;3;11;6;3;0;2;1;0;1;0;0;0;0;0;0;0;0;0;0;0;0;5;0;0;0;1;0;0;0;0;0;0;0;0;0;0;0;0;0;0;0;0;0;0;0;0;0;0;0;0;0;0;0;0;0;0;0;0;0;0;0;0
22;"Świetlica Wiejska w Goli Grodkowskiej, Gola Grodkowska 50a, 49-200 Grodków";160103;"gm. Grodków";"brzeski";"opolskie";1;1;1;0;0;0;1;0;0;0;2;0;0;0;0;0;0;0;0;0;0;0;0;0;0;0;5;3;4;1;1;1;0;0;1;0;0;1;0;3;0;0;0;0;0;0;0;0;0;0;3;1;1;0;0;0;1;0;0;0;0;0;0;0;0;0;0;1;0;0;0;0;0;0;23;19;3;1;0;0;0;0;1;0;0;0;0;0;0;0;0;0;0;0;0;0;0;0;4;0;0;1;0;0;0;0;0;1;0;0;1;0;1;0;1;0;0;0;0;0;0;1;6;0;3;3;2;2;2;2;0;0;0;0;0;0;0;1;0;1;0;0;0;0;1;12;0;0;0;0;0;0;0;0;0;0;0;0;0;0;0;0;0;0;0;0;0;0;0;0;0;0;0;0;0;0;0;0;0;0;0;0;0;0;0;0
23;"Świetlica Wiejska w Przylesiu Dolnym, Przylesie Dolne 33, 49-200 Grodków";160103;"gm. Grodków";"brzeski";"opolskie";1;1;2;0;0;0;1;0;0;0;0;0;0;0;0;0;0;0;0;0;0;0;0;0;0;0;4;7;0;6;0;3;0;0;0;0;0;0;0;0;0;0;0;0;1;0;0;0;0;0;2;2;0;0;1;0;2;0;0;1;1;0;1;1;0;0;0;0;0;0;0;0;0;0;22;20;4;0;1;3;0;0;17;0;0;0;0;0;0;0;0;0;0;2;0;0;0;5;7;0;0;2;0;1;0;0;0;1;0;0;0;0;0;0;0;0;0;0;0;0;0;0;20;0;4;8;6;2;0;0;0;0;0;0;0;0;0;0;0;0;0;0;0;0;0;9;2;0;0;0;0;0;0;0;0;0;0;0;0;0;0;1;0;0;0;0;0;0;0;0;0;0;0;0;0;0;0;0;0;0;0;0;0;0;0;0
24;"Budynek oddziału przedszkolnego, Bąków 36, 49-200 Grodków";160103;"gm. Grodków";"brzeski";"opolskie";1;1;0;0;0;0;0;1;0;0;0;0;0;0;0;0;0;0;0;0;0;0;0;0;0;0;5;3;2;1;5;0;3;0;0;0;0;2;0;0;0;0;0;0;0;0;1;0;0;1;5;1;1;0;2;0;1;1;0;0;0;0;1;0;0;0;0;0;0;0;0;0;0;0;17;40;5;0;4;1;0;1;7;0;0;1;1;0;0;0;0;0;0;0;0;0;0;2;6;0;3;1;1;3;2;0;0;5;0;0;0;0;1;0;0;0;0;0;0;4;0;0;21;2;3;17;1;3;2;1;1;1;0;0;0;0;0;0;0;0;0;0;0;0;0;1;7;0;0;0;0;0;0;0;0;0;0;0;1;0;0;0;0;0;0;0;0;0;0;0;0;0;0;0;0;0;0;0;0;0;0;0;0;0;0;0
25;"Świetlica Wiejska w Młodoszowicach, Młodoszowice 4, 49-200 Grodków";160103;"gm. Grodków";"brzeski";"opolskie";1;1;1;0;0;0;0;0;0;0;0;0;0;0;0;1;0;0;0;0;0;0;0;0;0;0;5;2;5;1;1;1;0;0;0;0;0;1;0;3;0;0;0;0;0;0;0;0;0;0;5;0;1;0;0;0;4;0;1;0;0;0;0;1;0;0;0;0;0;1;1;0;1;0;16;76;1;4;0;0;0;2;2;0;0;0;0;0;0;0;0;0;0;0;0;0;0;1;3;0;0;2;0;0;1;0;0;3;0;0;1;0;1;0;0;0;0;0;0;0;0;0;20;1;3;16;5;2;1;0;1;0;1;0;0;0;0;0;0;1;0;0;0;0;0;1;2;0;0;0;0;0;1;0;0;0;0;0;0;0;0;0;0;0;0;0;0;0;0;0;0;0;0;0;0;0;0;0;0;0;0;0;0;0;0;0
26;"Świetlica Wiejska w Wojsławiu, Wojsław 18, 49-200 Grodków";160103;"gm. Grodków";"brzeski";"opolskie";1;1;1;0;0;0;0;0;0;1;1;0;0;0;0;0;0;0;0;0;0;0;0;0;0;0;7;6;4;1;0;2;0;0;0;0;0;1;0;0;0;0;0;0;1;0;0;0;0;0;8;2;0;1;0;0;2;1;1;0;0;0;0;0;0;0;0;0;0;0;0;0;0;0;14;23;4;5;2;0;2;0;10;0;0;0;0;0;0;0;0;0;0;0;1;1;0;2;5;0;0;3;1;1;0;0;0;0;0;0;0;0;0;0;0;0;0;0;0;0;0;0;16;5;1;10;3;0;0;1;0;0;0;0;0;0;0;0;0;0;0;0;1;1;0;9;1;0;0;0;0;0;0;0;0;0;0;0;0;0;0;0;0;0;0;0;0;0;0;0;0;0;0;0;0;0;0;0;0;0;0;0;0;0;0;0
27;"Świetlica Wiejska w Lubczy, Lubcz 33, 49-200 Grodków";160103;"gm. Grodków";"brzeski";"opolskie";1;1;0;0;0;0;0;0;0;0;1;0;2;0;0;0;0;0;0;0;0;0;0;0;0;0;8;7;2;4;1;1;0;0;0;0;0;0;0;0;0;0;1;1;0;0;0;0;1;0;7;2;0;0;0;0;0;0;0;0;1;0;0;0;0;0;0;1;0;0;0;0;0;0;12;13;5;3;0;0;0;0;7;0;0;0;0;0;0;0;0;0;0;0;0;0;0;1;3;1;0;0;0;0;1;0;0;0;0;0;0;0;0;0;0;1;0;0;0;0;0;0;14;2;1;3;7;0;1;0;0;1;0;0;0;0;0;0;1;0;1;0;0;0;0;5;0;0;0;0;0;0;0;0;0;0;0;0;0;0;0;0;0;0;0;0;0;0;0;0;0;0;0;0;0;0;0;0;0;0;0;0;0;0;0;0
28;"Świetlica Wiejska w Starowicach Dolnych, Starowice Dolne 41, 49-200 Grodków";160103;"gm. Grodków";"brzeski";"opolskie";1;1;0;0;0;0;0;0;0;2;0;0;0;0;0;0;0;0;0;0;0;0;0;0;2;0;3;2;0;7;0;3;0;1;0;0;0;1;0;0;0;1;0;0;0;0;1;0;1;1;4;0;0;0;0;0;1;1;0;0;2;1;0;0;0;0;0;0;0;0;0;0;0;0;7;30;9;3;4;1;0;0;8;0;0;0;0;0;1;0;0;0;0;0;0;1;0;0;3;0;0;2;1;0;0;0;0;1;0;0;0;0;0;0;0;0;0;0;0;0;0;0;10;2;4;11;1;1;1;0;0;0;0;0;0;0;0;0;0;0;0;0;0;0;0;2;0;0;0;0;0;0;0;0;0;1;0;0;0;0;0;0;0;1;0;0;0;0;0;0;0;0;0;0;0;0;0;0;0;0;0;0;0;0;0;0
29;"Świetlica Wiejska w Jaszowie, Jaszów 76, 49-200 Grodków";160103;"gm. Grodków";"brzeski";"opolskie";1;1;2;0;0;0;0;0;0;0;0;0;0;0;0;0;0;0;0;0;0;0;0;0;0;0;2;4;0;1;0;1;1;1;0;0;0;2;0;1;0;0;1;0;0;0;1;0;1;0;4;0;0;5;2;0;0;0;0;0;0;0;0;0;0;0;0;0;0;0;0;1;0;0;25;21;16;3;13;2;0;0;7;2;0;0;0;0;0;0;1;0;0;0;0;0;0;2;5;1;0;0;0;5;1;1;0;2;0;0;0;0;1;0;0;0;0;1;0;0;0;0;9;1;1;0;12;2;0;0;0;0;0;1;1;0;0;0;2;0;0;0;0;0;0;0;1;0;0;0;0;0;0;0;0;0;0;0;0;0;0;0;0;0;0;0;0;0;0;0;0;0;0;0;0;0;0;0;0;0;0;0;0;0;0;0
30;"Dom Pomocy Społecznej w Grodkowie, ul. Mickiewicza 15, 49-200 Grodków";160103;"gm. Grodków";"brzeski";"opolskie";1;1;0;0;0;0;0;1;0;0;1;0;0;0;0;0;0;0;0;0;0;0;0;0;0;0;1;0;0;0;0;0;1;0;0;0;0;0;0;0;0;0;0;0;0;0;0;0;0;0;0;0;0;0;0;0;0;0;0;0;0;0;0;0;0;0;0;0;0;0;0;0;0;0;1;2;0;0;0;1;0;0;0;0;1;0;0;0;0;0;0;0;0;0;0;0;0;0;0;0;0;0;0;0;0;0;0;0;0;0;0;0;0;0;0;0;0;0;0;0;0;0;0;0;0;0;1;0;0;0;0;1;0;0;0;0;0;0;0;0;0;0;0;0;0;0;0;0;0;0;0;0;0;0;0;0;0;0;0;0;0;0;0;0;0;0;0;0;0;0;0;0;0;0;0;0;0;0;0;0;0;0;0;0;0;0
31;"Zakład Karny w Brzegu Oddział Zewnętrzny w Grodkowie, ul. Sienkiewicza 23, 49-200 Grodków";160103;"gm. Grodków";"brzeski";"opolskie";1;1;0;0;0;0;0;0;1;0;1;0;0;0;0;0;0;0;0;0;0;0;0;0;0;1;2;0;2;0;0;0;0;0;0;1;0;1;0;0;0;0;0;0;0;0;0;0;0;0;1;0;0;1;0;0;0;0;0;0;0;0;0;1;0;0;0;0;0;0;0;0;0;0;7;2;0;0;1;0;0;0;0;0;0;0;0;0;0;0;0;0;0;0;0;0;0;0;1;2;0;0;2;0;0;0;0;1;0;0;0;0;0;0;0;0;0;0;0;0;1;0;23;4;1;0;1;6;1;0;0;0;2;1;0;0;0;1;0;1;0;0;1;0;0;0;0;0;0;1;0;0;0;0;0;0;1;1;0;0;0;0;0;1;0;0;0;0;0;0;0;0;0;0;0;0;0;0;0;0;0;0;0;0;0;0
1;"Sala Świetlicy Terapeutycznej, ul. Moniuszki 41 A, 49-340 Lewin Brzeski";160104;"gm. Lewin Brzeski";"brzeski";"opolskie";1;1;4;2;1;0;1;4;2;0;0;0;0;0;0;0;0;0;0;1;0;0;0;0;0;0;12;11;1;4;3;4;0;0;0;0;0;3;0;55;1;3;2;0;1;0;0;0;0;2;35;2;4;1;0;0;1;0;1;1;2;1;2;2;0;6;0;0;0;0;0;1;0;1;126;58;14;13;37;2;0;0;3;2;0;0;0;1;0;1;0;0;0;1;2;0;0;5;35;5;9;1;1;2;1;2;2;4;0;0;2;2;2;0;0;0;2;1;0;5;0;0;63;21;74;42;6;4;6;2;1;0;7;0;0;0;1;6;2;0;3;0;0;1;0;22;5;1;0;2;0;0;0;2;0;0;0;0;1;1;0;0;0;0;0;0;0;0;1;0;1;0;0;0;0;0;0;0;0;0;0;0;0;0;0;0
2;"Sala narad Urzędu Miejskiego, ul. Rynek 26, 49-340 Lewin Brzeski";160104;"gm. Lewin Brzeski";"brzeski";"opolskie";1;1;8;3;1;0;1;4;1;2;1;0;2;0;0;1;0;0;0;0;0;0;0;0;0;0;48;16;3;9;3;4;2;3;0;1;1;2;0;58;0;0;3;2;2;1;1;1;1;1;53;3;7;5;0;5;4;2;0;1;1;2;1;7;0;16;2;0;2;0;0;0;0;0;202;70;22;53;63;9;0;1;6;1;0;0;3;2;1;0;2;0;0;3;2;1;0;9;33;11;2;7;3;2;0;3;3;1;4;0;2;1;1;1;2;0;1;0;0;2;0;0;98;40;87;39;5;4;2;2;3;1;9;2;1;1;0;8;1;0;0;0;1;0;0;36;7;0;0;3;0;0;1;0;1;0;0;0;0;0;0;0;0;0;0;0;0;0;1;0;1;0;0;0;0;0;0;0;1;0;0;0;0;0;0;0
3;"Sala gimnastyczna Publicznej Szkoły Podstawowej, ul. Mickiewicza 6, 49-340 Lewin Brzeski";160104;"gm. Lewin Brzeski";"brzeski";"opolskie";1;1;0;2;1;1;0;1;2;0;0;0;0;0;0;0;0;0;1;0;0;0;0;0;0;2;52;20;2;2;5;5;0;0;1;1;1;4;0;67;0;0;1;1;0;0;0;0;1;2;34;6;2;3;2;0;6;0;2;0;1;0;1;0;1;19;0;0;1;0;0;2;0;1;157;81;27;27;54;9;1;0;1;0;0;0;2;2;0;3;0;0;0;1;2;4;0;7;46;4;4;19;4;3;1;1;1;1;4;0;2;1;2;1;0;2;0;0;1;2;0;1;80;19;93;60;1;7;5;12;2;0;9;0;2;1;1;3;1;0;4;0;2;2;1;20;10;0;1;2;0;0;1;1;0;0;1;1;0;0;0;1;2;3;0;0;1;0;0;0;0;0;0;0;0;0;0;0;0;0;0;0;0;0;0;0
4;"Sala Publicznej Szkoły Podstawowej, ul. Słowackiego 9, 49-330 Łosiów";160104;"gm. Lewin Brzeski";"brzeski";"opolskie";1;1;7;0;0;0;1;0;0;0;0;1;0;0;0;1;0;0;0;0;1;0;0;0;1;0;17;13;3;6;3;7;1;1;0;0;2;1;1;24;0;1;0;0;0;1;0;2;0;1;42;2;2;2;2;0;8;0;1;0;1;2;3;0;0;2;0;3;0;1;0;0;1;0;199;50;9;10;23;1;0;0;1;1;0;0;2;1;0;0;0;1;0;0;1;0;0;6;39;2;2;7;4;1;0;3;2;3;0;0;1;0;2;1;0;0;0;2;0;1;2;0;58;13;48;41;5;4;6;4;4;0;8;2;2;0;2;1;0;0;0;2;1;3;0;13;6;5;1;0;2;0;0;0;0;0;2;0;0;0;0;0;1;0;0;0;0;0;0;0;0;0;0;0;0;0;0;0;0;0;0;0;0;0;0;0
5;"Sala Publicznej Szkoły Podstawowej, ul. Zamkowa 6, 49-345 Skorogoszcz";160104;"gm. Lewin Brzeski";"brzeski";"opolskie";1;1;7;0;2;1;2;1;1;0;1;0;0;0;0;0;0;0;0;0;1;0;0;0;0;0;22;10;5;5;2;4;0;0;0;0;1;4;0;15;1;0;2;0;0;1;0;2;2;0;24;1;3;0;0;0;3;1;0;0;0;1;0;1;0;2;1;1;0;0;0;0;0;1;113;39;11;22;23;1;0;0;2;1;0;1;0;0;1;0;0;0;0;0;1;0;0;6;26;1;1;2;2;2;0;0;0;0;0;0;2;1;1;0;0;0;0;1;0;1;0;0;41;9;37;15;0;3;2;6;0;0;6;0;1;0;2;4;0;0;0;0;0;0;0;13;3;0;0;1;1;0;0;0;1;0;0;0;0;0;0;1;0;0;0;2;0;0;0;0;0;0;0;0;0;0;1;0;0;0;0;0;1;0;0;0
6;"Świetlica Wiejska, Przecza 50, 49-345 Skorogoszcz";160104;"gm. Lewin Brzeski";"brzeski";"opolskie";1;1;0;0;0;0;0;1;0;0;0;0;0;0;0;0;0;0;1;1;0;0;0;0;0;1;16;6;1;9;2;1;0;0;1;0;0;1;0;7;0;1;0;1;0;0;0;1;0;1;7;0;0;0;0;0;0;0;0;0;0;0;0;1;1;2;0;0;0;1;0;0;0;0;36;14;4;8;13;4;0;0;0;0;0;0;0;1;0;0;0;0;0;0;1;0;0;11;8;1;4;5;1;1;0;0;0;0;1;0;0;0;3;1;0;0;0;0;0;0;0;0;25;11;17;7;1;4;1;1;2;0;4;0;1;0;0;0;0;0;4;1;0;0;0;2;3;0;0;1;0;0;0;1;1;0;0;1;0;0;0;0;1;0;0;0;0;0;0;0;0;0;1;0;0;0;0;0;0;0;0;0;0;0;0;0
7;"Sala Publicznej Szkoły Podstawowej, ul. Zamkowa 3, 49-340 Lewin Brzeski";160104;"gm. Lewin Brzeski";"brzeski";"opolskie";1;1;1;0;0;0;0;0;0;0;0;0;0;0;0;1;0;0;0;0;0;0;0;0;0;1;3;11;0;1;2;1;0;1;0;0;0;1;0;8;1;0;0;0;0;0;1;0;0;1;15;4;1;2;0;0;0;0;0;0;1;0;0;0;0;4;0;0;0;0;0;0;0;0;67;42;7;4;19;3;4;0;0;0;0;0;0;0;0;0;0;0;0;0;0;0;0;9;14;1;3;1;1;1;0;1;0;0;4;1;1;0;1;0;0;0;0;1;0;1;0;0;22;7;23;14;0;2;4;0;7;1;4;0;1;0;0;1;0;0;0;0;0;0;0;4;6;0;0;0;0;2;0;0;1;0;1;0;0;0;0;1;0;0;0;0;0;0;1;0;0;0;0;0;0;0;0;0;0;0;0;0;0;0;0;0
8;"Świetlica Wiejska w Borkowicach, Borkowice 4a, 49-345 Skorogoszcz";160104;"gm. Lewin Brzeski";"brzeski";"opolskie";1;1;0;0;0;0;1;0;0;0;1;0;0;0;0;1;0;0;0;0;0;0;0;0;1;0;10;3;0;4;1;1;1;0;0;0;0;2;0;4;0;0;1;0;0;0;0;0;0;0;6;1;1;0;0;0;1;1;0;0;0;0;0;0;0;0;1;0;0;0;0;0;0;0;28;26;4;10;6;0;0;0;0;0;0;0;0;0;0;0;0;0;0;0;1;0;0;4;7;1;0;0;0;6;0;0;0;0;0;0;0;0;1;0;0;0;0;0;0;0;0;1;30;12;20;3;1;2;2;1;0;0;0;1;2;0;0;0;0;0;0;2;1;0;0;8;1;0;0;1;1;0;0;0;0;0;0;0;0;0;0;0;2;0;0;0;0;0;0;0;0;0;0;0;0;0;0;0;0;0;0;0;0;0;0;0
9;"Świetlica Wiejska w Skorogoszczy, ul. Opolska 6, 49-345 Skorogoszcz";160104;"gm. Lewin Brzeski";"brzeski";"opolskie";1;1;0;0;0;0;0;0;0;0;0;0;0;0;0;1;0;0;0;0;0;0;0;0;0;0;2;6;0;1;2;1;1;0;0;0;0;1;0;1;0;1;0;0;0;0;0;0;0;0;6;0;1;0;0;0;0;0;1;0;0;0;0;0;0;0;0;0;0;0;0;0;0;0;23;12;2;2;8;2;0;0;1;0;0;0;0;0;0;0;0;1;1;0;0;0;0;3;4;1;0;0;0;2;1;0;0;0;0;0;1;0;0;0;1;0;0;0;0;1;0;0;9;4;13;6;0;0;0;2;0;1;0;1;0;0;0;0;0;0;0;1;0;0;0;8;0;0;0;0;1;0;0;0;0;0;0;1;0;0;0;0;0;0;0;0;0;0;0;0;0;0;0;0;0;0;0;0;0;0;0;0;2;0;0;0
10;"Świetlica wiejska w Kantorowicach, Kantorowice 11b, 49-340 Lewin Brzeski";160104;"gm. Lewin Brzeski";"brzeski";"opolskie";1;1;0;1;0;0;0;0;0;0;0;0;0;0;0;1;0;0;0;0;0;1;0;0;0;0;3;2;0;1;1;2;0;1;0;0;0;0;0;35;0;0;0;0;0;0;0;0;1;0;9;1;1;1;0;0;0;0;0;0;0;0;0;0;0;1;0;0;0;0;0;0;0;0;40;12;7;1;9;1;0;0;0;1;0;1;0;0;0;0;0;0;0;0;0;0;0;1;4;1;1;0;1;2;1;1;0;0;1;0;0;0;0;0;0;0;0;0;0;0;0;0;12;3;6;4;2;0;0;1;0;0;1;0;0;0;0;0;0;0;0;0;0;0;0;7;2;0;0;0;1;0;0;1;0;0;0;0;0;0;0;0;0;0;0;0;0;0;0;0;0;0;0;0;0;0;0;0;0;0;0;0;0;0;0;0
11;"Świetlica wiejska w Mikolinie, Mikolin ul. Zamkowa 13, 49-345 Skorogoszcz";160104;"gm. Lewin Brzeski";"brzeski";"opolskie";1;1;2;0;1;0;0;0;0;0;0;0;0;0;0;0;0;0;0;0;0;0;0;2;0;0;13;10;0;0;0;3;1;1;1;0;0;2;0;7;0;0;0;0;0;1;0;0;1;1;11;0;0;0;0;0;1;0;1;0;0;0;0;0;0;0;1;0;0;0;0;0;0;0;39;26;3;7;7;7;0;0;0;0;0;0;0;2;0;0;0;0;0;0;0;0;0;1;9;2;0;2;1;1;0;1;0;0;0;1;0;1;0;0;0;0;0;0;0;0;0;0;17;4;8;4;0;3;1;4;2;0;3;2;0;0;0;0;0;1;2;0;0;0;0;4;3;0;0;0;1;0;0;0;0;0;0;0;0;0;0;1;0;0;0;0;0;0;0;0;0;0;1;0;0;0;0;0;1;0;0;0;0;0;0;1
12;"Świetlica wiejska w Nowej Wsi Małej, Nowa Wieś Mała 50, 49-340 Lewin Brzeski";160104;"gm. Lewin Brzeski";"brzeski";"opolskie";1;1;0;0;0;0;0;1;0;0;0;0;0;0;0;0;0;0;0;0;0;0;0;0;0;0;3;0;1;1;0;0;0;0;0;0;0;0;0;8;0;0;0;0;0;0;0;0;0;0;4;0;0;1;0;0;0;0;0;0;0;0;0;0;0;2;0;0;0;0;0;0;0;0;27;9;3;1;7;1;0;0;0;1;0;0;0;0;0;0;0;0;0;0;0;0;1;0;5;0;3;1;0;1;0;1;0;3;0;0;0;0;0;0;0;0;0;0;1;1;0;1;4;0;8;8;1;1;0;0;0;0;1;2;0;0;0;0;0;0;2;0;1;0;0;4;1;0;0;1;0;1;0;0;0;0;0;0;0;0;1;0;0;0;0;0;0;0;0;0;0;0;0;0;0;0;0;0;0;0;0;0;0;0;0;0
13;"Świetlica wiejska w Oldrzyszowicach, Oldrzyszowice 33, 49-340 Lewin Brzeski";160104;"gm. Lewin Brzeski";"brzeski";"opolskie";1;1;1;0;0;0;0;1;0;0;0;0;0;0;0;0;0;0;0;0;0;0;0;0;0;0;6;4;0;2;0;0;0;0;0;0;0;0;0;17;0;0;0;0;0;0;0;0;0;0;4;1;0;0;0;0;0;0;1;0;0;0;0;0;0;8;0;0;0;0;1;0;0;1;29;10;0;4;8;2;1;0;0;1;0;0;0;0;0;0;0;0;0;0;0;0;0;0;9;0;0;1;0;0;1;0;1;1;0;0;0;0;0;0;0;0;0;0;0;0;0;0;18;0;17;8;0;2;0;1;0;0;1;1;0;0;0;0;0;2;0;0;0;0;0;0;4;0;1;1;0;0;0;0;0;0;0;2;0;0;0;1;1;0;0;0;0;0;0;0;0;0;0;0;0;0;0;0;0;0;0;0;0;0;0;0
14;"Świetlica wiejska w Różynie, Różyna 20, 49-330 Łosiów";160104;"gm. Lewin Brzeski";"brzeski";"opolskie";1;1;0;1;1;0;0;1;0;0;0;0;0;0;0;0;0;0;0;1;0;0;0;0;0;0;3;2;1;1;0;2;1;0;0;0;1;0;1;5;0;1;0;0;0;0;0;0;0;0;8;0;0;0;0;0;4;0;0;0;0;0;0;0;0;2;0;0;0;0;0;0;0;0;37;19;0;3;7;0;0;0;0;0;0;0;0;0;0;0;0;0;0;0;0;0;0;1;3;0;0;0;0;2;0;0;0;1;0;1;0;0;0;0;0;0;0;0;1;1;0;0;10;5;3;2;0;1;0;0;0;0;1;0;0;0;0;0;1;0;0;0;1;0;0;1;2;2;1;0;0;0;0;0;0;1;0;0;0;0;0;0;0;0;0;0;0;0;0;0;0;0;0;0;0;0;0;0;0;0;0;0;0;0;0;0
15;"Świetlica wiejska w Strzelnikach, Strzelniki 61a, 49-330 Łosiów";160104;"gm. Lewin Brzeski";"brzeski";"opolskie";1;1;4;1;0;1;0;0;0;0;1;0;0;0;0;1;0;0;0;0;0;0;0;0;0;0;3;2;0;0;0;1;0;0;0;0;0;2;0;0;0;0;0;0;0;0;0;0;0;0;7;0;1;1;1;0;0;1;0;0;0;0;0;0;0;0;0;0;0;0;0;0;0;0;61;10;4;2;4;1;0;0;0;0;0;0;1;0;0;0;0;0;1;0;1;0;0;6;8;0;0;1;0;1;0;0;0;2;0;1;1;0;1;0;0;0;0;1;0;0;0;0;5;5;2;9;1;0;0;0;3;0;0;0;0;0;0;0;1;0;0;0;0;0;0;7;0;0;1;0;0;0;0;0;0;0;0;0;0;0;0;0;0;0;0;0;0;0;0;0;0;1;0;0;0;0;0;0;0;0;0;0;0;0;0;0
1;"Dom Ludowy, ul. Kukurydziana 1A, 49-313 Lubsza";160105;"gm. Lubsza";"brzeski";"opolskie";1;1;1;4;1;0;0;1;2;1;0;0;0;0;0;2;0;0;0;0;0;1;0;1;2;0;43;16;6;5;4;3;2;0;3;1;0;7;0;0;0;0;4;2;6;0;1;0;1;3;31;2;0;1;0;0;0;2;2;0;0;0;0;3;0;1;1;0;0;0;0;1;0;0;111;64;11;7;20;7;1;0;3;0;0;0;0;1;0;0;0;0;0;0;0;0;0;31;35;9;4;5;0;0;1;2;0;4;3;0;2;0;0;0;0;0;0;2;0;0;0;0;100;13;15;88;3;2;4;0;4;0;5;0;0;1;1;0;0;1;6;2;0;1;0;8;19;2;1;1;0;0;1;1;0;0;0;0;1;0;0;0;2;0;0;0;1;0;0;0;0;0;0;0;0;0;0;0;0;0;0;0;0;0;0;0
2;"Publiczna Szkoła Podstawowa im. Bohaterów II Wojny Światowej w Czepielowicach, Czepielowice 31, 49-314 Pisarzowice";160105;"gm. Lubsza";"brzeski";"opolskie";1;1;3;2;1;1;0;1;0;0;0;0;0;0;1;1;0;0;0;0;0;0;0;0;1;3;17;16;1;6;1;0;5;1;0;1;1;3;0;3;0;1;1;0;3;0;0;1;1;5;24;0;0;1;0;0;2;2;0;2;0;0;0;0;0;2;0;2;0;0;0;0;0;2;97;72;14;7;13;1;0;0;0;2;1;0;0;0;0;0;0;0;0;2;0;0;0;13;16;4;1;3;4;1;0;1;0;2;0;0;1;0;1;0;0;0;0;0;0;0;2;2;47;14;16;84;6;3;2;1;0;0;8;2;0;1;0;2;0;0;0;0;1;0;0;5;13;0;0;0;0;0;1;0;0;5;1;0;0;0;2;0;1;0;0;0;0;0;0;0;0;0;0;0;0;0;0;0;0;0;0;0;0;0;0;1
3;"Publiczna Szkoła Podstawowa im. Bohaterów II Wojny Światowej w Czepielowicach, Kościerzyce 31, 49-314 Pisarzowice";160105;"gm. Lubsza";"brzeski";"opolskie";1;1;1;0;1;0;2;0;0;0;1;0;0;0;1;0;0;0;0;0;0;1;0;0;1;1;15;8;0;3;2;3;2;0;0;0;0;1;0;3;0;0;3;0;0;0;2;1;3;1;20;2;2;1;0;2;1;3;2;1;1;0;0;3;1;1;0;0;0;0;0;0;0;0;81;72;11;7;11;1;0;0;3;0;0;0;1;0;0;0;0;0;0;1;0;0;0;17;19;4;0;1;1;2;0;0;2;7;0;1;0;0;0;0;0;0;0;0;0;0;0;0;41;8;9;98;5;6;1;3;2;1;7;1;3;0;0;2;0;0;3;0;0;0;2;15;5;0;2;0;0;0;1;1;0;4;1;0;1;0;0;0;0;0;0;0;0;0;1;0;0;0;0;0;0;0;0;0;0;0;0;0;0;0;0;0
4;"Dom Ludowy, ul. Brzeska 21, 49-314 Pisarzowice";160105;"gm. Lubsza";"brzeski";"opolskie";1;1;3;0;1;0;0;0;0;0;0;0;0;0;0;1;0;0;0;1;0;0;0;0;0;1;21;7;2;6;3;7;5;2;1;2;0;3;0;2;0;0;1;2;0;0;0;0;0;1;14;0;1;1;0;1;0;2;1;0;0;0;0;0;0;1;0;0;1;0;0;1;2;0;61;32;12;9;4;0;0;0;0;0;0;0;0;0;0;0;0;0;0;0;0;2;0;27;14;0;1;2;1;0;0;0;0;5;1;1;1;0;0;1;0;0;0;0;0;0;0;1;36;12;11;69;8;2;2;2;3;2;5;0;3;1;0;0;0;0;0;0;1;1;0;6;3;1;0;0;0;0;1;1;0;0;1;0;0;0;0;0;0;0;0;0;0;0;0;0;0;0;0;0;0;0;0;0;0;0;0;0;0;0;0;0
5;"Dom Ludowy, Michałowice 1a, 49-314 Pisarzowice";160105;"gm. Lubsza";"brzeski";"opolskie";1;1;1;0;0;0;1;2;0;1;1;0;0;0;0;1;1;0;0;0;0;0;0;0;0;0;29;5;4;0;2;2;1;0;0;0;0;3;0;3;0;0;1;0;1;0;0;0;0;0;21;1;1;4;0;1;1;0;0;3;2;0;0;3;0;1;0;1;0;0;0;0;0;0;62;38;13;8;12;0;0;0;0;1;0;0;0;1;1;0;0;0;0;0;2;0;0;25;18;0;0;0;0;0;0;0;0;5;0;0;0;0;0;0;0;0;0;2;0;0;0;0;44;3;14;51;6;4;4;0;2;0;3;1;1;0;1;0;1;0;1;2;0;0;0;4;5;0;0;0;0;0;0;0;0;0;0;0;0;0;0;1;0;0;0;0;0;0;0;0;0;0;0;0;0;0;0;0;0;0;0;0;0;0;0;0
6;"Świetlica Wiejska, Szydłowice 92, 49-312 Szydłowice";160105;"gm. Lubsza";"brzeski";"opolskie";1;1;3;1;0;0;3;1;0;0;0;0;0;0;0;1;0;0;0;0;0;0;0;0;0;1;12;3;0;0;3;6;1;0;1;0;1;0;0;0;0;0;1;2;0;0;0;0;0;2;9;1;0;0;0;1;0;2;0;0;0;0;2;0;1;0;0;0;1;0;0;0;0;0;63;62;21;8;5;2;0;0;3;1;1;0;0;0;0;0;0;0;0;1;0;0;0;16;4;2;0;2;0;0;2;1;2;1;2;0;0;0;0;0;0;0;0;0;0;1;0;1;22;0;3;31;3;4;0;0;1;0;1;0;0;0;0;0;0;1;0;0;0;0;1;1;3;0;0;0;0;0;1;0;0;1;0;0;0;1;0;0;1;0;0;0;0;0;0;1;0;0;0;0;0;0;0;0;0;0;0;0;0;0;0;0
7;"Świetlica Wiejska, Błota 85, 49-312 Szydłowice";160105;"gm. Lubsza";"brzeski";"opolskie";1;1;1;0;1;0;0;0;0;0;0;0;0;0;0;1;0;0;0;0;0;0;0;0;0;0;6;2;2;1;1;4;0;1;1;1;1;2;0;0;0;1;2;0;1;0;0;0;0;0;7;0;0;0;0;0;0;1;0;0;0;0;0;0;1;0;0;0;0;0;0;0;0;0;36;32;5;0;0;0;0;0;0;0;0;0;0;0;0;0;0;0;0;0;0;0;0;9;5;1;0;3;1;0;0;0;0;2;0;0;1;0;2;0;0;0;0;0;0;1;0;0;6;0;4;26;1;1;0;0;0;0;0;0;0;0;0;0;0;0;1;0;0;0;0;1;3;0;0;1;0;0;0;0;1;1;0;0;0;0;0;0;0;0;0;0;0;0;0;0;0;0;0;0;0;0;0;0;0;0;0;0;0;0;0;0
8;"Filialna Szkoła Podstawowa im. Marii Skłodowskiej Curie w Dobrzyniu, Dobrzyń 35, 49-312 Szydłowice";160105;"gm. Lubsza";"brzeski";"opolskie";1;1;0;1;1;0;0;0;0;0;2;0;0;0;0;0;0;0;0;0;0;1;1;0;0;0;17;2;0;1;4;2;1;1;0;0;1;3;0;3;0;1;2;2;0;0;0;0;0;2;8;0;1;0;0;0;2;0;1;0;1;0;0;0;0;0;0;0;0;0;0;0;0;0;53;49;14;6;2;1;0;0;2;1;0;0;0;0;0;0;0;0;0;1;0;0;0;8;13;2;1;3;0;2;0;0;0;3;2;2;0;0;0;0;0;0;0;1;0;0;0;1;20;2;10;24;2;4;1;0;2;0;1;0;0;0;0;1;0;0;2;1;0;1;0;2;7;1;0;0;0;0;0;0;0;4;0;0;1;0;0;0;1;0;0;0;0;0;0;0;0;0;0;0;0;0;0;0;0;0;0;0;0;0;0;0
9;"Świetlica Wiejska, Rogalice 48a, 49-315 Mąkoszyce";160105;"gm. Lubsza";"brzeski";"opolskie";1;1;1;0;0;0;0;0;1;0;0;0;0;0;0;1;0;0;0;1;0;0;1;0;0;0;9;2;2;3;0;2;2;0;0;1;0;1;0;0;0;0;0;0;0;0;0;1;0;2;7;0;0;1;0;1;0;1;1;0;0;0;2;3;0;0;0;0;0;0;0;0;0;0;50;56;5;8;7;1;2;0;2;1;0;0;0;0;0;1;0;0;0;0;0;1;0;3;11;1;1;1;0;0;1;2;1;2;0;0;0;0;0;0;0;0;0;1;0;1;2;0;17;4;8;18;1;2;1;0;2;0;0;0;0;0;0;1;0;0;1;1;1;0;1;3;2;0;0;0;0;0;0;0;0;0;0;0;0;0;0;0;0;0;0;0;0;0;0;0;0;0;0;0;0;1;0;0;0;0;0;0;0;0;0;0
10;"Publiczna Szkoła Podstawowa im. Jana Pawła II w Mąkoszycach, ul. Pocztowa 4, 49-315 Mąkoszyce";160105;"gm. Lubsza";"brzeski";"opolskie";1;1;1;2;1;0;0;1;0;0;0;0;0;0;0;0;0;0;0;1;0;0;0;0;0;2;11;2;2;9;2;3;4;0;1;1;0;4;0;1;1;0;1;1;0;2;2;0;1;0;11;1;1;2;0;0;0;1;0;0;0;0;2;0;0;3;0;0;0;0;0;0;0;0;68;55;7;9;4;1;0;0;0;1;1;0;0;0;0;0;1;0;0;0;0;2;0;4;12;1;0;3;1;0;0;0;1;3;1;0;0;0;0;1;1;0;0;0;0;2;0;0;34;5;19;41;1;7;2;1;0;0;0;2;1;0;0;0;0;0;0;0;0;0;0;6;3;0;0;0;0;0;0;0;0;0;0;0;0;0;0;0;2;0;0;0;0;0;0;0;0;0;0;0;0;0;0;0;0;0;0;0;0;0;0;0
11;"Świetlica Wiejska, Tarnowiec 37, 49-315 Mąkoszyce";160105;"gm. Lubsza";"brzeski";"opolskie";1;1;1;0;0;0;0;0;0;0;0;0;0;0;0;0;0;0;0;0;0;0;0;0;0;0;19;2;1;1;1;3;2;0;0;0;0;2;0;0;0;1;2;0;0;0;1;0;2;0;5;0;0;0;0;0;0;0;0;0;0;1;0;0;0;0;0;0;1;1;0;0;0;0;71;68;5;8;6;2;1;0;2;1;0;1;0;0;0;0;0;0;0;0;0;0;0;6;6;0;1;0;3;0;0;1;0;1;1;0;0;0;0;0;1;0;0;1;0;2;0;0;15;8;13;33;0;3;2;0;1;0;0;0;0;0;0;0;0;1;1;0;5;1;0;0;3;2;0;0;0;0;0;0;0;0;0;0;0;0;0;0;1;0;0;0;0;0;0;0;0;0;0;0;1;0;0;0;0;0;0;0;0;0;0;0
1;"Świetlica wiejska w Pogorzeli, Pogorzela 35a, 49-332 Olszanka";160106;"gm. Olszanka";"brzeski";"opolskie";1;1;0;1;0;0;0;0;1;0;0;0;0;0;0;0;0;0;0;0;0;0;0;0;0;0;16;1;2;6;2;0;1;0;0;0;0;2;0;6;0;2;0;1;1;0;2;0;0;0;11;0;1;1;0;0;0;0;0;1;0;0;1;1;0;1;0;0;0;0;0;0;0;1;56;39;24;5;14;0;0;0;2;1;0;0;0;0;0;1;0;0;0;1;0;0;0;5;17;1;2;2;3;0;0;1;2;2;1;0;0;0;0;1;0;0;0;0;0;1;0;1;23;2;6;33;1;4;0;2;1;0;1;0;0;0;0;0;1;0;0;0;0;0;1;0;3;5;1;0;1;0;0;0;1;0;2;0;0;0;2;0;0;0;0;0;0;0;0;0;0;0;0;0;0;0;0;0;0;0;0;0;0;0;0;0
2;"Świetlica wiejska w Michałowie, Michałów 112, 49-332 Olszanka";160106;"gm. Olszanka";"brzeski";"opolskie";1;1;0;1;0;1;0;0;0;0;1;0;0;0;0;0;0;0;0;0;0;1;0;0;0;0;5;4;1;6;1;0;2;1;0;0;0;1;0;5;0;0;2;0;0;0;0;0;0;1;4;0;0;0;0;0;2;0;0;0;0;0;1;0;1;2;0;0;0;0;0;1;0;0;63;43;4;3;12;5;0;0;1;2;0;0;0;0;0;0;0;0;1;0;1;0;0;5;4;0;1;3;0;0;1;1;2;1;0;0;0;0;0;1;0;0;0;0;0;0;0;1;13;0;6;11;0;0;0;2;0;0;2;0;0;0;0;2;0;0;0;0;0;0;0;1;2;0;0;0;0;0;0;0;0;0;0;0;0;0;0;1;0;0;0;0;0;0;0;0;0;0;0;0;0;0;0;0;0;0;0;0;0;0;0;0
3;"Świetlica wiejska w Przylesiu, Przylesie 122, 49-351 Olszanka";160106;"gm. Olszanka";"brzeski";"opolskie";1;1;2;0;0;0;0;0;0;1;0;0;0;0;0;0;0;1;0;0;0;0;0;0;0;0;20;7;0;8;4;6;0;1;0;0;1;3;1;1;1;1;1;0;0;0;0;1;0;0;18;0;0;0;0;2;2;2;0;0;0;0;1;0;0;0;0;0;0;0;1;0;0;0;36;63;10;6;4;2;2;0;0;0;0;0;1;0;0;0;0;0;0;0;0;1;0;56;15;5;1;2;0;0;0;0;0;6;2;0;2;0;0;2;0;0;1;0;1;0;0;2;10;5;10;72;1;3;0;2;0;0;0;1;1;1;0;0;0;1;0;0;1;0;0;9;6;0;2;0;0;0;2;0;0;1;0;1;0;0;0;0;1;1;0;0;0;0;0;0;0;0;0;0;0;0;0;0;0;0;0;0;0;0;0;0
4;"Centrum EKOKULTURA, Krzyżowice 73, 49-332 Olszanka";160106;"gm. Olszanka";"brzeski";"opolskie";1;1;2;0;1;0;3;1;0;0;0;0;0;0;0;0;0;0;0;0;0;0;0;0;2;1;13;2;2;3;0;0;2;2;0;0;0;1;1;2;0;0;2;0;0;0;0;0;0;0;6;0;0;0;0;1;1;1;1;1;0;0;0;0;0;1;0;0;0;0;0;0;0;0;55;54;11;10;5;0;2;1;2;1;2;0;0;1;0;1;0;0;0;1;0;0;0;4;15;1;3;6;1;1;0;0;0;4;2;0;0;1;1;0;0;0;0;0;0;7;0;0;16;4;7;25;1;5;1;0;0;0;0;0;0;0;0;1;0;1;1;0;0;0;0;2;0;4;0;0;0;0;0;0;0;0;0;0;0;0;0;0;0;0;0;0;0;0;0;0;0;0;0;0;0;0;0;0;0;0;0;0;0;0;0;0
5;"Remiza OSP Olszanka, Olszanka 36a, 49-332 Olszanka";160106;"gm. Olszanka";"brzeski";"opolskie";1;1;0;0;0;0;0;1;1;0;1;0;0;0;0;0;0;0;0;0;0;1;0;0;0;0;8;5;2;4;2;3;0;0;1;0;0;1;0;2;0;1;0;0;0;0;1;0;0;1;13;0;0;1;0;0;1;0;0;2;0;0;0;1;0;1;0;0;0;0;0;0;0;1;60;26;14;9;1;0;0;0;0;0;0;0;1;0;0;0;0;0;1;0;0;0;0;6;12;2;1;2;2;0;0;0;0;3;0;0;0;1;0;0;0;0;0;0;0;0;0;0;20;1;2;18;3;1;0;0;1;0;1;1;0;0;0;0;0;0;1;0;0;0;2;1;0;1;0;0;0;0;0;0;0;1;0;0;0;0;0;0;0;0;0;0;0;0;0;0;0;0;0;0;0;0;0;0;0;0;0;0;0;0;0;0
6;"Szkoła Podstawowa w Jankowicach Wielkich, Jankowice Wielkie 15, 49-332 Olszanka";160106;"gm. Olszanka";"brzeski";"opolskie";1;1;4;0;0;0;1;1;0;0;0;1;0;0;0;0;0;0;1;0;0;0;1;0;0;1;14;10;2;1;5;7;1;1;0;1;0;1;0;8;0;0;0;0;0;0;0;0;0;0;10;3;1;1;0;2;0;0;0;0;0;0;0;1;0;1;0;0;0;0;0;0;0;0;61;55;21;0;4;0;0;2;6;1;2;1;0;0;0;1;0;0;0;0;2;1;0;12;10;1;1;0;0;2;0;2;1;2;2;0;2;0;1;0;0;0;1;1;1;1;0;2;26;7;6;33;0;1;1;1;2;0;3;1;0;0;0;1;0;0;0;2;0;0;0;4;0;1;0;0;0;0;0;0;0;0;0;0;1;0;0;0;0;0;0;0;0;0;0;0;0;0;0;0;0;0;0;0;0;0;0;0;0;0;0;0
7;"Świetlica Wiejska w Czeskiej Wsi, Czeska Wieś 61, 49-332 Olszanka";160106;"gm. Olszanka";"brzeski";"opolskie";1;1;1;1;1;0;0;0;0;0;0;0;0;0;0;0;0;0;0;0;0;0;0;0;0;0;7;3;0;0;1;0;1;0;0;0;0;0;0;1;0;0;1;0;0;0;0;0;0;0;9;2;0;0;0;0;0;0;1;1;1;0;0;0;0;0;1;1;0;0;0;0;0;0;41;31;5;6;6;1;0;1;3;0;0;0;1;0;0;0;0;0;1;0;0;0;0;9;10;2;0;1;1;0;0;0;1;3;0;0;0;0;1;0;0;0;0;2;0;2;0;1;18;2;6;9;0;1;0;0;0;0;0;0;0;0;0;0;0;0;0;0;0;0;0;1;4;0;0;0;1;0;2;0;0;1;1;0;0;0;1;0;0;0;0;0;0;0;0;0;0;0;0;0;0;0;0;0;0;0;0;0;0;0;0;0
8;"Świetlica Wiejska w Gierszowicach, Gierszowice 25a, 49-332 Olszanka";160106;"gm. Olszanka";"brzeski";"opolskie";1;1;1;0;0;0;0;0;0;0;0;0;0;0;0;0;0;0;0;0;0;0;0;0;0;0;3;3;2;1;3;4;0;0;0;0;0;0;0;3;0;1;2;0;0;0;0;0;1;1;8;0;2;0;1;0;0;0;0;1;0;0;0;0;0;1;0;0;0;1;0;0;0;0;41;43;5;10;2;0;0;0;0;0;1;0;0;0;0;0;0;0;0;0;0;0;0;3;5;2;1;1;2;0;0;0;1;4;2;0;1;0;0;0;0;0;0;0;0;1;0;1;12;3;8;13;0;2;1;0;0;0;0;0;0;0;0;0;0;0;1;1;0;0;0;0;0;0;0;0;0;0;0;0;0;0;0;0;0;0;0;1;0;0;0;0;0;0;0;0;0;0;0;0;0;0;0;0;0;0;0;0;0;0;0;0
9;"Świetlica Wiejska w Janowie, Janów 1, 49-330 Lewin Brzeski";160106;"gm. Olszanka";"brzeski";"opolskie";1;1;0;0;0;0;0;0;0;0;0;0;0;0;0;0;0;0;0;0;0;0;0;0;0;0;3;0;0;1;0;1;0;0;0;1;0;0;0;0;1;0;0;0;0;0;0;1;0;0;5;1;0;1;0;0;0;0;0;0;0;1;0;0;0;0;1;0;0;0;0;0;0;0;27;14;3;6;0;0;0;0;0;1;0;0;0;0;0;0;0;0;0;0;0;0;0;4;3;2;0;0;0;1;0;0;0;0;0;0;0;0;0;0;0;0;0;0;0;0;0;0;17;2;1;12;0;0;2;0;1;0;0;0;0;0;0;0;0;0;0;0;0;0;0;0;0;0;0;0;0;0;0;0;0;0;0;0;0;0;0;1;1;0;0;0;0;0;0;0;0;0;0;0;0;0;0;0;0;0;0;0;0;1;0;0
10;"Świetlica Wiejska w Obórkach, Obórki 63, 49-332 Olszanka";160106;"gm. Olszanka";"brzeski";"opolskie";1;1;0;0;0;0;0;0;0;0;0;0;0;0;0;0;0;0;0;0;0;0;0;0;0;0;2;1;0;0;3;1;0;0;0;0;0;1;0;10;0;0;0;0;0;0;0;0;0;0;5;0;0;0;0;0;0;2;1;1;0;0;0;0;0;0;0;0;0;0;0;0;0;0;23;36;5;1;2;0;0;0;0;0;0;0;1;0;0;0;0;0;0;0;0;0;0;11;3;1;0;0;0;0;0;0;0;5;1;0;0;0;0;0;0;0;0;0;0;2;0;0;7;6;5;19;0;0;0;0;0;0;0;1;1;0;1;0;0;0;0;0;0;0;1;4;2;0;0;1;0;0;1;0;0;0;0;0;0;0;0;0;0;0;0;0;0;0;0;0;0;0;0;0;0;0;0;0;0;0;0;0;0;0;0;0
1;"Gminna Biblioteka Publiczna w Baborowie, rynek Rynek 17, 48-120 Baborów";160201;"gm. Baborów";"głubczycki";"opolskie";1;1;2;1;1;1;0;0;0;0;1;0;0;0;0;1;0;0;0;0;1;0;0;0;1;1;17;5;3;1;4;3;4;0;1;0;9;3;2;0;0;0;0;2;3;0;1;1;0;1;25;3;5;0;1;0;1;0;0;0;0;0;0;5;0;0;0;3;0;0;0;0;0;0;49;137;13;22;9;3;2;2;0;1;0;0;0;1;1;1;3;1;2;0;0;0;0;0;19;5;0;1;0;0;1;4;0;0;0;1;0;1;1;0;1;0;0;0;0;0;1;0;53;5;30;1;0;4;2;2;0;0;1;0;1;3;43;0;0;0;2;0;0;2;0;8;4;2;0;1;0;0;0;0;0;0;0;0;0;0;0;0;0;0;0;0;0;0;0;0;0;0;0;0;0;0;0;0;0;0;0;0;0;0;0;0
2;"Urząd Miejski w Baborowie, ul. Ratuszowa 2a, 48-120 Baborów";160201;"gm. Baborów";"głubczycki";"opolskie";1;1;1;0;1;0;0;0;1;0;1;0;0;1;0;0;0;2;0;0;1;0;0;0;0;0;23;10;2;2;0;1;0;0;0;0;4;6;1;0;1;2;1;0;0;0;0;0;0;2;18;1;1;1;2;0;0;0;0;1;0;2;2;1;0;0;1;0;1;0;0;0;1;0;55;157;11;16;4;2;0;4;0;1;0;0;0;2;0;1;0;0;1;0;0;0;0;2;16;8;0;1;1;1;0;0;0;1;1;0;0;0;3;0;0;0;0;0;0;0;2;0;51;13;31;2;3;0;7;0;4;0;0;1;3;1;55;0;0;0;5;0;1;0;0;8;4;2;0;0;0;0;1;0;0;0;1;0;0;0;0;1;0;2;0;0;0;1;2;0;0;0;0;0;1;0;0;0;0;0;0;0;0;0;0;0
3;"Zespół Szkolno-Przedszkolny, ul. Wiejska 5a, 48-120 Baborów";160201;"gm. Baborów";"głubczycki";"opolskie";1;1;0;0;0;0;0;0;0;0;1;0;0;0;1;0;0;0;0;2;0;0;0;0;0;0;20;6;6;2;4;0;0;0;2;0;4;2;3;0;0;2;0;0;0;0;0;0;0;0;8;2;3;3;0;1;1;0;1;0;0;0;0;2;1;1;0;1;0;0;0;0;0;0;46;120;10;34;15;9;1;3;0;3;0;0;0;0;0;0;0;0;0;2;0;0;0;4;16;3;0;2;4;0;0;1;3;0;2;0;0;0;1;0;1;1;0;3;0;0;0;0;25;14;25;0;0;0;2;0;0;0;1;1;0;0;30;1;1;1;3;0;0;0;0;5;7;0;0;0;0;2;3;2;1;0;0;0;0;0;0;0;2;0;1;0;0;0;0;0;0;0;0;0;1;0;0;0;0;0;0;0;0;0;0;0
4;"Strażacki Dom Ludowy, Sucha Psina 28, 48-133 Sucha Psina";160201;"gm. Baborów";"głubczycki";"opolskie";1;1;0;1;0;1;0;0;0;2;1;0;0;0;0;0;1;0;1;0;0;0;0;0;1;0;3;1;0;2;0;1;0;0;0;0;0;4;0;0;1;0;0;0;0;0;2;0;1;0;8;2;0;0;0;0;0;0;1;0;1;0;0;0;0;0;2;0;0;0;0;0;0;2;32;54;12;6;12;6;0;11;1;0;1;0;0;2;0;0;0;0;0;0;0;1;0;2;7;5;1;0;2;1;1;2;0;0;0;0;0;0;0;0;0;0;0;6;0;0;0;0;24;1;5;0;0;0;0;0;0;0;0;2;0;1;29;0;1;0;0;0;0;0;0;4;1;0;0;3;0;0;0;0;0;0;1;0;0;0;0;0;0;0;0;0;0;0;0;0;0;0;0;0;0;0;0;0;0;0;0;0;0;0;0;0
5;"Świetlica Wiejska, Raków 83B, 48-120 Raków";160201;"gm. Baborów";"głubczycki";"opolskie";1;1;2;0;0;0;0;0;0;0;0;0;0;0;1;0;0;0;0;0;0;0;0;0;0;0;3;1;0;0;0;0;0;0;0;0;4;1;1;0;0;0;1;0;0;0;0;0;1;0;3;0;0;0;0;0;0;1;1;0;0;0;0;0;0;0;0;0;0;0;0;0;0;0;7;74;1;0;1;0;1;3;0;0;0;1;0;0;0;0;0;0;0;0;1;0;0;1;8;2;0;0;1;1;0;0;0;0;1;0;0;0;0;0;0;0;0;0;0;1;0;1;26;4;2;1;0;5;1;0;0;0;0;0;0;0;4;0;0;3;2;3;0;0;0;1;0;0;0;0;0;0;0;0;0;0;0;0;0;0;0;0;11;1;2;0;0;1;0;0;0;0;1;0;0;1;0;0;1;0;2;0;0;0;0;2
6;"Świetlica Wiejska w Boguchwałowie, Boguchwałów 31B, 48-100 Boguchwałów";160201;"gm. Baborów";"głubczycki";"opolskie";1;1;0;0;0;0;0;0;0;0;0;0;0;0;0;0;0;0;0;1;0;0;0;0;0;1;0;1;0;0;1;0;0;0;0;2;0;0;0;0;0;0;0;0;0;0;0;0;0;0;1;0;0;0;0;0;0;1;0;0;0;0;0;0;0;0;0;0;0;0;0;0;0;0;14;39;6;13;1;5;0;1;0;0;2;0;1;0;1;1;0;0;0;0;0;0;1;0;5;0;0;2;1;0;1;0;0;0;0;0;1;0;0;0;0;0;0;2;0;0;0;0;3;0;1;0;0;0;3;1;0;0;0;0;0;0;15;0;0;1;0;0;0;0;0;1;0;1;0;1;0;0;1;0;0;1;0;0;0;0;0;0;0;0;0;0;0;0;0;0;0;0;0;0;0;0;0;0;0;0;0;0;0;0;0;0
7;"Świetlica Wiejska w Dziećmarowie, Dziećmarów 91B, 48-120 Dziećmarów";160201;"gm. Baborów";"głubczycki";"opolskie";1;1;0;0;1;0;0;1;0;0;0;0;0;0;0;0;0;0;1;0;0;0;0;0;0;0;3;6;1;0;0;0;0;0;0;0;2;1;0;0;0;0;0;0;0;0;0;0;0;0;0;1;0;1;0;0;2;0;0;0;0;0;0;0;0;0;0;0;0;0;0;0;0;1;13;23;5;2;0;0;0;0;0;0;0;0;0;0;0;0;1;0;0;0;0;0;0;0;4;0;1;1;0;1;0;0;0;1;0;0;0;0;1;0;0;0;0;0;0;0;0;0;5;4;1;0;1;0;2;0;0;0;1;0;0;0;11;0;0;2;0;0;0;0;0;4;0;0;0;0;0;0;0;4;0;0;0;0;0;0;0;1;1;0;0;0;0;0;2;1;0;0;0;0;0;0;0;0;0;0;0;0;0;0;0;0
8;"Świetlica Wiejska w Tłustomostach, Tłustomosty 3, 47-480 Tłustomosty";160201;"gm. Baborów";"głubczycki";"opolskie";1;1;1;1;0;0;0;0;1;0;0;0;0;0;0;0;0;0;0;0;0;0;0;0;0;0;5;9;4;2;2;0;0;3;1;0;3;0;0;0;0;1;0;0;1;0;0;0;0;1;5;1;0;0;0;1;0;0;1;0;1;0;0;1;1;0;0;0;0;0;0;1;0;0;9;79;0;2;5;1;0;4;0;0;0;0;0;1;0;3;0;0;1;1;3;0;0;0;17;0;0;0;0;1;0;1;0;0;0;0;1;1;0;0;0;0;0;0;0;0;1;0;27;3;5;2;1;2;0;0;2;0;1;0;0;2;2;0;0;0;2;0;0;0;0;0;4;0;0;1;0;0;0;0;1;0;1;0;0;0;0;0;0;0;1;0;0;0;0;0;0;0;0;0;0;0;0;0;0;0;0;0;0;0;0;0
9;"Świetlica Wiejska, Dzielów 19, 48-120 Baborów";160201;"gm. Baborów";"głubczycki";"opolskie";1;1;0;2;0;0;0;0;0;0;0;0;0;0;0;0;0;0;0;0;0;0;0;0;0;0;3;0;0;0;0;0;0;0;1;0;0;0;0;0;0;0;0;0;0;0;0;0;0;0;0;1;0;0;0;0;0;0;0;0;0;0;0;1;0;0;0;0;0;0;0;0;0;0;15;35;2;0;3;4;0;0;1;0;0;0;0;0;0;1;0;0;0;0;0;0;1;0;2;0;1;1;0;0;0;0;0;0;1;0;0;0;0;0;0;1;1;0;0;0;0;0;6;2;1;0;0;0;1;0;0;0;0;0;0;0;5;0;0;0;0;0;0;0;0;8;1;0;0;0;0;0;0;0;0;0;0;0;0;0;0;0;0;0;0;0;0;1;0;0;0;0;0;0;0;0;0;0;0;0;0;0;0;0;0;0
10;"Dom Opieki ""Spokojna Przystań II"" w Baborowie, ul. Powstańców 3, 48-120 Baborów";160201;"gm. Baborów";"głubczycki";"opolskie";1;1;0;0;0;0;0;0;0;0;0;0;0;0;0;0;0;0;0;0;0;0;0;0;0;0;1;0;0;0;0;0;0;0;0;0;0;0;0;0;0;0;0;0;0;0;0;0;0;0;0;0;0;0;0;0;0;0;0;0;0;0;1;0;0;0;0;0;0;0;0;0;0;0;8;0;0;1;0;1;0;0;0;0;0;0;0;0;0;0;0;0;0;0;0;0;0;0;0;0;0;0;0;0;0;0;0;0;0;0;0;0;0;0;0;0;0;0;0;0;0;0;2;0;1;0;0;0;0;0;0;0;0;0;0;0;1;0;0;0;0;0;0;0;0;0;0;0;0;0;0;0;0;1;0;0;0;0;0;0;0;0;0;0;0;0;0;0;0;0;0;0;0;0;0;0;0;0;0;0;0;0;0;0;0;0
1;"Szkoła Podstawowa w Branicach, ul. Szkolna 8, 48-140 Branice";160202;"gm. Branice";"głubczycki";"opolskie";1;1;1;0;0;0;0;0;0;0;0;0;0;0;1;0;0;31;0;1;0;0;0;0;0;1;19;10;1;3;2;1;2;0;2;1;0;1;0;0;2;0;1;1;0;0;0;3;1;0;25;4;2;0;0;1;1;0;0;0;3;0;0;2;0;1;0;0;0;0;0;1;0;0;56;83;28;18;7;19;1;7;0;0;0;0;0;1;0;0;0;0;0;0;0;1;0;4;9;2;0;1;0;1;0;1;0;0;0;0;1;1;0;2;0;6;0;0;0;0;0;0;27;6;3;0;1;1;3;3;2;0;3;1;0;0;47;0;1;0;3;0;0;1;0;0;4;2;0;2;0;0;1;1;0;0;1;0;0;1;0;0;2;0;0;0;0;0;0;0;0;0;0;0;0;0;0;0;0;0;0;0;0;0;0;3
2;"Świetlica Wiejska w Wysokiej, Wysoka 18, 48-140 Branice";160202;"gm. Branice";"głubczycki";"opolskie";1;1;2;0;1;0;0;0;1;0;0;0;1;0;0;2;0;5;0;0;1;0;0;0;1;0;10;8;0;3;0;0;0;0;0;1;0;0;0;0;1;0;1;0;0;0;0;0;0;1;12;3;1;2;1;1;0;1;0;2;2;1;0;1;0;1;0;0;0;0;0;0;0;0;31;51;14;21;3;17;0;8;2;1;0;0;0;0;1;1;2;0;3;0;0;0;0;1;6;3;0;1;0;0;1;0;1;0;1;0;0;0;0;0;1;0;1;0;0;0;1;0;22;7;9;1;0;0;1;1;1;0;0;1;0;1;22;0;0;0;4;0;0;0;0;1;2;0;1;3;0;0;2;0;0;0;2;0;1;0;0;0;0;0;0;0;0;0;0;0;0;0;0;1;0;0;0;0;0;0;0;0;0;0;0;0
3;"Szkoła Podstawowa we Włodzieninie, Włodzienin 50, 48-140 Branice";160202;"gm. Branice";"głubczycki";"opolskie";1;1;1;0;0;0;2;2;0;0;0;1;1;0;0;1;0;2;0;0;0;0;0;0;0;0;11;1;0;3;3;1;0;0;2;0;2;1;0;0;0;0;1;0;1;0;0;0;0;0;14;3;0;1;0;0;0;0;1;0;1;0;0;0;0;0;0;0;0;0;0;0;0;0;34;58;29;42;10;7;1;22;0;1;0;0;0;3;0;1;0;0;1;2;0;1;0;2;12;2;1;1;3;0;0;0;2;1;1;0;0;0;1;1;0;0;0;2;0;0;1;1;26;0;4;2;0;1;1;0;1;0;2;0;1;0;51;0;0;0;3;0;0;0;0;1;0;0;0;3;0;0;1;0;0;0;0;1;0;0;0;0;0;0;0;0;0;0;0;0;0;0;0;0;0;0;0;0;0;0;0;0;0;0;0;0
4;"Świetlica Wiejska w Uciechowicach, Uciechowice 1, 48-140 Branice";160202;"gm. Branice";"głubczycki";"opolskie";1;1;1;0;0;0;0;0;1;1;0;0;0;0;0;0;0;1;0;1;0;0;0;0;0;0;14;27;2;0;1;4;0;0;0;1;0;2;1;0;0;0;3;0;0;0;0;0;0;0;9;1;0;2;0;0;2;2;1;0;3;2;0;0;1;0;0;0;0;0;0;1;1;0;30;77;14;11;4;3;1;10;0;3;0;0;0;3;0;3;0;0;0;1;0;1;0;1;9;0;1;1;0;0;1;0;0;2;1;0;0;0;1;0;0;0;0;0;0;0;1;0;29;2;3;0;0;0;2;1;1;1;1;11;0;2;29;1;0;2;0;4;0;0;0;3;2;2;1;0;0;0;1;0;0;0;0;0;0;0;0;0;0;1;0;0;0;0;0;0;0;0;0;0;0;0;0;0;0;0;0;0;0;0;0;0
5;"Świetlica Wiejska w Bliszczycach, Bliszczyce 112, 48-140 Branice";160202;"gm. Branice";"głubczycki";"opolskie";1;1;0;0;0;0;0;0;0;0;0;0;0;0;0;0;0;3;0;0;1;0;0;0;0;0;8;0;1;1;2;0;0;2;0;0;0;0;0;0;0;0;1;0;0;0;0;1;0;1;8;1;0;0;1;1;0;0;0;0;0;0;0;0;0;0;1;0;1;0;0;0;0;1;13;24;9;29;3;11;0;6;0;0;0;0;1;0;0;0;0;0;0;0;0;0;0;0;12;4;0;1;1;0;0;0;1;0;0;0;0;0;0;0;0;3;0;0;0;0;1;0;16;2;7;1;1;0;2;1;0;0;1;0;0;0;12;0;0;0;0;0;2;0;0;1;0;0;0;3;0;0;1;0;1;0;0;0;0;0;0;0;0;0;0;0;0;0;0;0;0;0;0;0;0;0;0;0;0;0;0;0;0;0;0;0
6;"Świetlica Wiejska w Lewicach, Lewice 25B, 48-140 Branice";160202;"gm. Branice";"głubczycki";"opolskie";1;1;4;0;2;0;0;0;0;1;0;0;0;0;0;0;0;5;1;0;0;0;0;0;0;0;8;3;0;2;3;0;1;1;0;0;0;2;0;3;0;0;0;0;0;0;0;0;0;0;10;2;1;3;1;0;0;0;0;0;0;0;0;4;1;0;0;0;0;1;0;0;1;0;44;93;29;29;4;10;2;14;2;2;0;0;0;1;1;0;1;0;0;2;1;0;1;0;9;0;1;3;1;1;0;0;0;0;1;1;0;0;0;0;0;0;0;0;0;0;0;0;13;6;8;0;1;1;2;1;0;0;0;0;2;1;25;0;0;0;1;1;0;0;0;8;3;0;0;0;1;0;1;0;0;0;0;0;0;0;0;0;0;0;1;0;0;0;0;0;0;0;0;0;0;0;0;0;0;0;0;0;0;0;0;0
7;"Szkoła Podstawowa w Branicach, ul. Słoneczna 8, 48-140 Branice";160202;"gm. Branice";"głubczycki";"opolskie";1;1;2;1;0;0;0;1;0;0;0;1;0;0;0;0;0;4;0;0;0;0;0;1;1;0;18;18;3;2;6;3;2;0;0;1;2;1;0;0;0;1;1;0;1;0;3;0;0;1;29;9;0;6;1;0;2;1;1;0;0;0;2;1;0;0;0;1;0;1;0;0;0;0;41;126;37;12;6;11;1;7;0;1;0;0;0;0;0;0;0;0;0;0;0;0;0;1;13;2;0;1;2;0;0;0;0;1;0;1;0;0;0;0;0;4;0;1;0;0;0;0;56;10;23;1;1;4;1;4;1;0;0;1;0;0;41;0;0;0;0;1;0;0;1;2;5;0;0;0;1;0;0;1;1;1;1;0;0;0;0;0;2;0;0;0;0;0;0;0;0;0;0;0;0;0;0;0;0;0;0;0;0;0;0;0
8;"Dom Pomocy Społecznej w Klisinie Filia w Dzbańcach, Dzbańce-Osiedle 1, 48-140 Branice";160202;"gm. Branice";"głubczycki";"opolskie";1;1;0;0;1;0;0;0;1;0;3;0;0;0;0;0;1;0;0;0;0;0;0;0;0;0;0;0;0;0;0;1;0;0;0;0;0;1;0;0;0;0;0;0;0;0;0;0;0;0;0;0;0;0;0;0;0;1;0;0;0;0;0;0;0;0;0;0;0;0;0;0;0;0;11;2;0;0;2;3;0;1;0;0;0;0;0;0;0;0;0;0;0;0;0;0;0;0;0;0;0;0;0;0;0;0;0;0;0;0;0;0;0;0;0;0;0;0;0;0;0;0;2;0;0;0;0;0;0;0;0;1;0;0;0;0;63;0;0;1;0;0;0;0;0;0;1;0;1;0;0;0;0;0;0;0;0;0;0;0;0;0;1;0;0;0;0;0;0;0;0;0;0;0;0;0;0;1;0;0;0;0;0;0;0;0
9;"Dom Pomocy Społecznej w Klisinie Filia w Boboluszkach, Boboluszki 71, 48-140 Branice";160202;"gm. Branice";"głubczycki";"opolskie";1;1;0;0;0;0;0;0;0;0;0;0;0;0;0;0;0;0;0;0;0;0;0;0;0;0;0;0;0;0;0;0;0;0;0;0;0;0;0;0;0;0;0;0;0;0;0;0;0;0;0;0;0;0;0;0;0;0;0;0;0;0;0;0;0;0;0;0;0;0;0;0;0;0;0;0;0;1;0;0;0;0;0;0;0;0;1;0;0;0;0;0;0;0;0;0;0;0;0;0;0;0;0;0;0;0;0;0;0;0;1;0;0;0;0;0;0;0;0;0;0;0;0;0;0;0;0;0;0;0;0;0;0;0;0;0;37;1;0;1;0;0;0;0;0;0;0;0;0;0;0;0;0;0;0;0;0;0;0;0;0;0;0;0;0;0;0;0;0;0;0;0;0;0;0;0;0;0;0;0;0;0;0;0;0;0
10;"Dom Pomocy Społecznej w Klisinie Filia w Branicach, ul. Szpitalna 18, 48-140 Branice";160202;"gm. Branice";"głubczycki";"opolskie";1;1;0;0;0;0;0;0;0;0;0;0;0;0;0;1;0;0;0;0;0;0;0;0;0;0;0;0;0;1;0;0;0;0;0;0;0;1;0;0;0;0;0;0;0;0;0;0;0;0;0;0;0;0;0;0;0;0;0;0;0;0;0;0;0;0;1;0;0;0;0;0;0;1;4;1;1;2;0;1;1;0;0;0;0;0;0;0;0;0;0;1;0;1;0;0;0;0;0;0;0;0;0;0;0;0;0;0;0;0;0;0;1;0;0;0;0;0;0;0;0;0;0;0;0;0;0;0;0;0;0;0;0;0;0;0;25;1;0;0;0;0;0;0;0;0;0;0;0;0;0;0;0;0;0;0;0;0;0;0;0;0;0;0;0;0;0;0;0;0;0;0;0;0;0;0;0;0;0;0;0;0;0;0;0;0
11;"Dom Pomocy Społecznej w Klisinie Filia w Bliszczycach, Bliszczyce 76, 48-140 Branice";160202;"gm. Branice";"głubczycki";"opolskie";1;1;0;0;0;0;0;0;0;0;0;0;0;0;0;0;0;0;0;0;0;0;0;0;0;0;0;0;0;0;0;0;0;0;0;0;0;0;0;0;0;0;0;0;0;0;0;0;0;0;0;0;0;0;0;0;0;0;0;0;0;0;0;0;0;0;0;0;0;0;0;0;0;0;4;1;2;0;1;0;0;1;0;0;0;0;0;1;0;0;0;0;0;0;0;0;0;0;0;0;0;0;0;0;0;0;0;0;0;0;0;0;0;0;1;0;0;0;0;0;0;0;0;0;0;0;0;0;0;0;0;0;0;0;0;0;34;2;0;0;0;0;0;0;0;0;0;0;0;0;0;0;0;0;0;0;0;0;0;0;1;0;0;0;0;0;0;0;0;0;0;0;0;0;0;0;0;0;0;0;0;0;0;0;0;0
12;"Specjalistyczny Szpital im. Ks. Biskupa Józefa Nathana w Branicach (Pawilon J-sala gimnastyczna), ul. Szpitalna 18, 48-140 Branice";160202;"gm. Branice";"głubczycki";"opolskie";1;1;0;0;0;1;0;0;1;0;1;2;1;0;2;1;0;3;0;0;0;0;0;0;0;0;2;1;0;0;1;0;0;0;0;0;0;1;0;0;0;0;1;1;0;0;0;0;0;0;4;0;0;0;0;0;1;0;0;0;1;0;0;0;0;0;0;0;0;0;0;0;0;0;40;9;5;7;1;2;0;2;3;1;1;2;0;1;1;0;0;0;0;1;2;3;1;1;2;0;0;0;1;0;0;0;1;0;1;0;0;0;0;0;0;0;0;0;0;0;1;0;12;2;5;0;3;4;0;0;1;0;0;0;0;0;0;0;0;0;0;0;0;0;0;1;0;0;0;0;0;0;0;0;0;0;0;0;1;0;0;0;0;0;0;0;0;0;0;0;0;0;0;0;0;0;0;0;0;0;0;0;0;0;0;0
13;"Regionalny Ośrodek Psychiatrii Sądowej w Branicach, ul. Szpitalna 19, 48-140 Branice";160202;"gm. Branice";"głubczycki";"opolskie";1;1;1;0;0;0;0;0;0;0;2;0;0;0;0;0;0;0;0;0;0;0;0;0;0;0;1;1;0;0;0;0;0;0;0;0;0;0;0;0;0;0;0;0;0;0;0;0;0;0;1;0;0;0;0;0;0;0;0;0;0;0;0;0;0;0;0;0;0;0;0;0;0;0;15;1;2;0;0;0;0;0;0;0;0;0;1;1;0;0;0;0;0;0;1;0;0;0;0;1;0;0;0;0;0;0;0;0;0;0;0;0;0;0;0;0;0;0;0;0;0;0;1;2;0;0;0;0;0;0;0;0;0;0;0;0;0;0;0;0;0;0;0;0;0;0;0;0;0;0;0;0;0;0;0;0;0;0;0;0;0;0;0;0;0;0;0;0;0;0;0;0;0;0;0;0;0;0;0;0;0;0;0;0;0;0
1;"Szkoła Podstawowa Nr 1, ul. Dworcowa 2, 48-100 Głubczyce";160203;"gm. Głubczyce";"głubczycki";"opolskie";1;1;1;0;0;0;0;0;0;0;1;0;0;0;0;0;0;2;0;0;0;0;0;0;1;0;29;9;4;1;2;7;0;0;0;8;0;1;0;0;0;1;1;1;0;0;0;0;0;3;23;1;1;2;0;1;0;0;0;0;0;0;0;2;0;1;0;1;0;0;0;0;0;0;76;56;39;71;11;10;0;3;0;1;3;1;0;3;0;1;1;0;1;0;3;0;0;4;24;1;3;2;2;0;1;1;2;0;0;0;0;3;0;0;0;0;0;0;0;1;2;0;34;3;26;0;1;0;0;2;1;0;1;0;1;0;218;0;0;0;1;0;0;1;1;4;3;0;1;0;1;0;1;0;1;1;0;0;0;0;0;1;0;0;0;0;0;0;0;0;0;0;0;0;0;0;0;0;0;0;0;0;0;0;0;0
2;"Szkoła Podstawowa Nr 2, ul. Jana Kochanowskiego 2, 48-100 Głubczyce";160203;"gm. Głubczyce";"głubczycki";"opolskie";1;1;2;0;1;0;0;0;1;0;2;0;0;0;0;0;0;0;0;1;0;1;0;0;0;0;21;6;3;1;7;1;1;1;0;4;0;1;0;0;0;0;1;0;2;0;0;0;0;0;17;1;0;0;1;2;1;3;0;0;0;0;0;1;1;5;0;1;0;0;0;0;0;0;70;62;57;63;9;2;1;2;2;1;0;1;2;0;0;0;0;0;1;2;6;0;0;2;15;3;1;2;3;1;1;0;2;2;1;0;0;0;0;0;0;1;0;1;0;0;1;0;27;3;20;0;0;2;0;2;0;0;2;0;0;0;174;0;0;0;0;0;0;0;0;4;6;2;1;0;1;0;1;0;1;0;0;3;0;0;1;0;1;0;0;0;0;0;0;0;0;0;1;0;0;0;0;0;0;0;0;0;0;0;0;0
3;"Ratusz, rynek Rynek 1, 48-100 Głubczyce";160203;"gm. Głubczyce";"głubczycki";"opolskie";1;1;3;3;0;1;0;0;1;0;2;0;2;0;0;0;1;1;1;0;1;0;0;0;0;1;45;15;9;1;4;4;2;0;1;3;0;5;0;2;0;2;2;0;1;0;3;0;1;3;27;0;2;0;3;0;2;1;0;0;1;0;3;1;0;2;0;1;0;1;0;0;0;1;134;98;96;128;28;12;0;4;0;4;1;0;2;2;1;0;0;0;0;3;5;0;2;6;33;7;2;7;5;2;0;0;1;2;2;0;1;1;1;0;0;0;0;1;0;1;0;0;71;11;47;3;2;3;5;1;1;0;0;0;0;0;299;2;0;1;0;1;0;0;0;4;16;3;0;0;1;0;0;0;0;0;1;0;0;0;0;0;1;0;0;0;0;0;0;0;0;1;0;0;0;0;0;0;0;0;0;0;0;0;1;0
4;"Internat Specjalnego Ośrodka Szkolno-Wychowawczego, ul. Raciborska 19, 48-100 Głubczyce";160203;"gm. Głubczyce";"głubczycki";"opolskie";1;1;1;0;1;0;0;0;0;0;0;0;0;0;0;0;0;0;0;1;1;1;0;0;0;0;10;7;2;2;1;2;0;0;0;0;0;1;0;1;0;0;0;0;0;0;0;1;0;0;12;1;4;1;0;0;1;0;2;0;0;2;0;0;0;0;0;0;0;0;0;0;0;0;48;36;49;45;9;2;0;7;1;0;0;0;0;0;0;2;0;0;0;0;1;2;1;0;18;3;0;2;0;0;0;0;1;0;1;0;1;0;1;0;0;1;0;0;0;0;0;0;32;4;26;1;1;0;1;1;0;1;0;0;0;1;147;0;1;1;1;1;0;0;0;2;4;0;0;0;0;0;0;1;0;0;1;0;0;0;0;0;0;0;1;0;0;0;0;0;0;0;0;0;0;0;0;0;0;0;0;0;0;0;0;0
5;"Szkoła Podstawowa Nr 3, ul. Jana Kochanowskiego 31, 48-100 Głubczyce";160203;"gm. Głubczyce";"głubczycki";"opolskie";1;1;1;1;2;0;0;1;2;1;2;0;0;0;0;0;1;0;1;1;0;0;0;0;0;1;37;21;9;1;4;4;1;0;2;3;1;2;1;1;1;2;2;1;1;0;2;0;0;3;45;6;2;0;2;1;2;1;0;1;4;3;0;0;0;3;1;0;1;0;0;0;2;1;122;58;83;80;21;8;2;2;3;4;5;0;1;2;0;1;0;0;3;1;1;0;0;3;35;5;2;7;1;0;0;1;0;1;0;2;1;0;1;2;0;1;0;0;0;0;0;0;57;13;46;2;1;0;3;1;1;0;3;2;0;1;315;0;0;0;4;2;0;0;0;12;10;3;0;1;3;0;1;0;0;1;0;0;0;0;0;1;0;0;0;0;0;0;0;1;0;0;0;0;0;0;0;0;0;0;0;0;0;0;0;0
6;"Świetlica Zarządu Oświaty Kultury i Sportu, ul. Olimpijska 1, 48-100 Głubczyce";160203;"gm. Głubczyce";"głubczycki";"opolskie";1;1;2;3;0;1;0;0;0;0;1;1;0;0;0;0;0;1;0;0;0;0;0;1;0;1;30;5;5;5;4;5;1;0;0;1;1;1;1;2;0;2;1;0;0;0;0;0;0;0;29;3;0;2;0;0;1;0;0;0;0;0;0;1;0;1;1;0;1;0;0;0;0;1;116;75;82;75;17;8;0;4;2;2;2;1;0;5;2;7;0;0;1;1;1;1;0;4;40;6;0;1;1;1;0;0;1;1;0;0;0;0;0;0;1;0;0;0;0;1;0;1;56;9;45;0;2;7;1;0;3;0;1;0;2;0;244;2;0;0;1;0;0;0;0;10;4;4;1;4;0;0;2;1;0;0;0;0;0;0;2;0;0;0;1;0;0;0;0;0;0;0;0;0;0;1;0;0;1;0;0;0;0;0;1;3
7;"Miejski Ośrodek Kultury, ul. Tadeusza Kościuszki 24, 48-100 Głubczyce";160203;"gm. Głubczyce";"głubczycki";"opolskie";1;1;2;1;0;0;0;0;0;0;2;0;1;0;0;1;0;1;0;1;0;0;0;0;0;0;14;8;3;3;1;2;1;1;0;1;0;2;0;0;0;0;0;1;0;1;0;0;0;0;10;1;0;2;0;0;0;2;2;1;0;0;3;2;0;1;0;0;0;1;0;1;1;0;73;36;43;65;15;9;1;4;1;2;2;0;0;0;1;0;0;0;0;1;1;0;0;2;17;2;4;2;1;0;0;1;0;0;0;1;0;1;0;1;1;0;0;0;0;1;0;0;37;8;18;0;2;0;0;3;0;0;1;0;1;0;173;0;0;0;0;0;0;0;0;2;3;0;0;1;0;0;1;0;0;1;0;1;1;0;0;0;1;0;0;0;0;0;0;2;0;0;0;0;0;0;0;0;0;0;0;0;0;0;0;0
8;"Szkoła Podstawowa, Gołuszowice 34, 48-100 Głubczyce";160203;"gm. Głubczyce";"głubczycki";"opolskie";1;1;2;1;0;1;0;0;0;1;1;0;1;0;0;0;0;0;0;0;1;0;0;0;0;0;12;4;3;1;2;2;0;0;0;5;1;1;1;1;0;0;0;0;0;1;0;0;0;2;10;2;0;0;0;0;1;0;0;0;0;0;0;1;0;0;0;0;0;0;0;0;0;0;47;57;39;25;9;3;2;1;2;3;0;0;0;0;0;4;0;1;0;0;1;0;0;2;11;0;0;0;1;0;0;1;0;0;0;0;0;0;0;0;0;0;0;0;0;0;0;0;16;2;6;0;0;0;1;1;0;0;0;0;0;0;64;0;0;0;0;0;0;0;0;4;2;0;0;0;0;1;1;1;0;0;0;0;0;1;0;0;0;0;0;0;0;0;0;0;0;0;0;0;0;0;0;0;0;0;0;0;0;0;0;0
9;"Szkoła Podstawowa, Bogdanowice ul. Konopnickiej 15, 48-100 Głubczyce";160203;"gm. Głubczyce";"głubczycki";"opolskie";1;1;1;0;1;1;0;0;0;0;0;1;0;0;0;0;0;0;0;0;0;0;0;0;0;0;9;8;2;0;2;0;1;0;0;0;0;0;0;0;1;1;0;0;0;0;0;0;0;0;7;0;1;1;0;1;0;0;0;0;0;0;0;0;0;0;0;0;0;0;0;0;0;1;31;58;34;49;12;5;0;21;0;0;2;0;0;1;0;1;0;0;0;0;0;0;0;0;10;3;0;3;0;0;0;0;0;0;0;1;0;0;0;0;0;0;0;0;1;0;0;0;4;0;2;0;3;1;0;0;1;1;0;0;0;0;75;0;0;0;2;0;1;0;0;1;1;0;0;0;0;0;0;0;0;0;0;0;0;0;0;1;2;0;1;0;0;0;0;0;0;0;0;0;0;0;0;0;0;0;0;0;0;0;0;0
10;"Środowiskowy Dom Samopomocy, Nowe Gołuszowice 18, 48-100 Głubczyce";160203;"gm. Głubczyce";"głubczycki";"opolskie";1;1;1;0;0;0;0;0;0;0;0;0;0;0;0;0;0;0;0;1;1;0;1;0;0;0;6;1;0;0;1;2;0;0;0;0;0;1;0;0;0;0;4;0;0;0;0;0;0;0;3;1;0;0;0;0;1;1;2;0;0;0;0;0;1;0;0;0;0;0;0;2;0;0;36;49;30;36;9;3;0;2;1;0;1;0;0;0;1;0;1;0;0;0;0;2;0;1;12;2;1;1;0;0;1;0;1;1;1;0;0;0;0;0;0;0;0;0;0;0;0;0;14;2;4;1;1;0;0;0;0;1;0;0;1;3;54;0;0;0;0;0;1;0;0;4;0;0;0;0;0;0;0;0;0;0;0;0;0;0;0;0;0;1;0;0;0;0;0;0;0;0;0;0;0;1;0;0;0;0;0;0;0;0;1;0
11;"Zespół Szkół, Pietrowice 9, 48-100 Głubczyce";160203;"gm. Głubczyce";"głubczycki";"opolskie";1;1;2;0;0;0;2;2;0;0;0;0;0;0;0;0;0;2;0;0;0;1;0;0;0;1;4;13;0;0;1;0;0;0;0;1;0;1;0;1;0;0;1;0;0;0;0;1;0;0;16;0;1;2;0;0;1;0;0;0;1;1;0;0;0;0;0;0;0;0;0;0;0;0;39;39;45;38;21;5;0;3;0;2;0;0;0;2;0;0;0;1;0;0;0;0;0;5;10;0;1;2;0;0;1;1;0;1;0;0;0;0;0;0;0;0;0;2;0;0;0;0;23;3;15;0;0;2;3;1;0;0;0;0;1;0;81;0;0;0;1;1;0;0;0;1;3;1;0;6;0;0;0;0;0;0;0;0;0;0;1;0;0;0;0;0;0;0;0;0;0;0;0;0;0;0;0;0;0;0;0;0;0;0;0;1
12;"Świetlica Wiejska, Zubrzyce ul. Długa 32, 48-100 Głubczyce";160203;"gm. Głubczyce";"głubczycki";"opolskie";1;1;1;0;1;0;0;0;0;0;0;0;0;0;0;0;0;0;0;0;0;0;0;0;0;0;6;8;3;3;2;1;0;0;0;1;0;1;0;0;1;0;1;0;0;0;0;0;0;0;5;1;0;1;0;0;0;0;0;0;0;0;0;0;0;0;0;0;0;0;0;2;0;0;50;39;25;28;10;2;0;6;0;0;0;1;0;1;0;0;1;0;0;0;1;0;0;0;9;0;1;0;0;0;0;0;0;3;0;0;0;1;1;0;0;0;0;0;0;0;0;0;3;0;3;1;0;0;0;0;0;0;0;0;0;0;42;0;0;0;1;3;0;0;0;0;3;0;0;0;0;0;0;0;0;0;0;0;0;0;0;0;0;0;0;0;0;0;0;0;0;0;0;0;0;0;0;0;0;0;0;0;0;0;0;0
13;"Świetlica Wiejska, Równe 120, 48-100 Głubczyce";160203;"gm. Głubczyce";"głubczycki";"opolskie";1;1;0;0;1;0;0;2;0;0;0;0;0;0;0;0;0;0;0;1;0;0;0;0;0;0;5;5;0;1;1;0;0;1;1;4;0;2;0;0;0;0;0;0;0;0;0;0;0;1;15;1;0;0;0;0;0;2;0;0;0;0;1;0;0;2;0;0;0;0;0;0;0;0;41;36;35;39;11;4;1;3;0;0;0;0;0;0;1;1;1;0;0;0;0;0;0;0;15;3;0;0;1;0;1;1;2;1;0;0;0;0;0;0;0;0;0;0;0;0;1;0;18;3;9;0;2;0;0;0;0;0;1;0;0;1;56;0;0;0;1;0;0;0;0;1;8;0;0;0;0;0;0;1;0;0;0;0;0;0;0;0;0;0;0;0;0;0;0;0;0;0;0;0;0;0;0;0;0;0;0;0;0;0;0;0
14;"Świetlica Wiejska, Pomorzowice 1, 48-100 Głubczyce";160203;"gm. Głubczyce";"głubczycki";"opolskie";1;1;0;0;1;1;0;0;0;0;0;0;0;0;0;0;0;0;0;0;0;0;0;0;0;1;7;3;1;0;1;3;0;0;2;1;0;5;1;2;0;0;0;0;0;0;0;0;0;1;7;2;0;0;0;0;1;1;0;0;0;0;1;0;0;3;0;0;0;0;0;0;0;0;27;35;58;36;13;4;0;5;3;4;1;0;1;1;0;1;0;0;5;2;3;0;0;0;9;0;1;2;3;1;0;0;1;1;3;0;0;1;0;0;0;0;0;1;0;0;1;0;23;2;7;2;0;1;0;0;1;0;1;0;1;0;55;0;0;0;1;0;0;1;0;2;3;0;1;1;1;0;1;1;0;0;0;0;0;0;0;0;1;0;0;0;0;0;0;0;0;0;0;0;0;0;0;0;0;1;0;0;0;0;0;0
15;"Sala gimnastyczna Szkoły Podstawowej w Klisinie, Klisino 100C, 48-100 Głubczyce";160203;"gm. Głubczyce";"głubczycki";"opolskie";1;1;2;0;0;0;1;0;0;0;0;0;0;0;0;2;0;0;0;0;0;1;0;0;0;2;10;7;0;2;3;2;0;0;0;0;0;0;0;0;0;4;0;0;0;1;0;0;0;1;13;1;0;0;2;0;1;0;1;0;0;0;1;2;0;1;0;0;0;0;0;1;0;0;31;33;17;25;7;1;0;1;1;0;0;1;0;1;0;0;1;0;0;1;0;0;0;0;8;6;0;1;0;0;0;0;0;0;0;0;2;0;0;1;0;0;0;0;0;0;0;0;32;0;1;2;0;3;0;0;2;0;0;2;1;0;35;0;0;2;0;4;0;0;0;3;4;1;0;0;0;0;2;0;0;0;0;0;0;0;0;0;0;0;0;0;0;0;0;0;0;0;0;0;0;0;0;0;0;0;0;0;0;0;0;0
16;"Świetlica Wiejska, Głubczyce-Sady 1, 48-100 Głubczyce";160203;"gm. Głubczyce";"głubczycki";"opolskie";1;1;4;0;2;1;0;0;0;0;0;0;0;0;0;0;0;1;1;0;1;0;0;0;1;0;6;4;2;1;0;2;1;0;0;1;1;1;0;1;0;0;0;2;0;0;0;0;1;2;12;5;1;0;0;0;1;1;0;0;0;1;0;0;0;0;0;0;1;0;0;0;0;0;32;18;48;12;3;5;2;1;2;3;0;0;1;4;0;0;0;1;0;0;0;0;0;0;7;0;0;0;2;0;0;1;0;0;1;0;0;0;0;0;0;1;0;0;0;0;0;0;13;3;6;0;0;3;1;0;0;0;0;0;1;0;67;0;0;0;1;1;0;0;0;0;3;1;0;0;0;0;1;0;0;0;0;0;0;0;0;0;2;0;0;0;0;0;0;0;0;0;0;0;0;0;0;0;0;0;0;0;0;0;0;0
17;"Szkoła Podstawowa, Lisięcice ul. Szkolna 5, 48-100 Głubczyce";160203;"gm. Głubczyce";"głubczycki";"opolskie";1;1;0;0;0;0;0;1;0;0;0;0;1;0;0;0;0;0;0;0;1;0;0;0;1;0;18;13;1;9;4;2;0;0;0;3;1;2;0;0;0;1;0;0;0;0;0;0;1;0;14;4;3;1;0;0;0;0;0;0;0;0;0;2;0;0;0;0;1;0;0;0;0;1;53;39;78;24;6;6;3;7;1;1;2;0;0;1;0;1;0;0;0;0;2;0;0;2;14;5;3;1;1;1;4;1;0;0;2;0;0;0;0;0;0;1;0;1;0;0;2;0;40;4;11;1;2;3;2;3;1;0;0;0;0;0;71;0;0;1;1;0;0;0;0;9;3;0;0;0;0;0;2;1;1;0;0;0;0;0;0;1;2;0;0;0;0;0;0;0;0;0;0;0;0;0;0;0;0;0;0;0;0;0;0;0
18;"Szkoła Podstawowa, Grobniki ul. św. Jana 13, 48-100 Głubczyce";160203;"gm. Głubczyce";"głubczycki";"opolskie";1;1;3;0;1;0;0;0;0;0;2;1;0;0;0;0;0;0;0;0;0;0;0;0;0;0;7;19;4;1;1;2;0;0;0;0;0;0;0;0;0;1;0;0;0;0;0;1;0;0;4;0;0;1;2;0;2;0;0;0;0;0;0;0;0;1;0;0;0;0;0;0;0;0;27;18;32;84;5;3;0;2;1;2;0;0;0;1;0;0;0;0;1;1;0;0;0;1;3;4;3;0;1;0;2;0;0;1;0;0;2;0;0;0;0;2;0;0;0;0;0;0;11;0;7;0;0;0;0;1;1;0;1;0;0;0;74;0;0;1;0;0;0;1;0;0;0;0;1;2;0;1;0;0;0;0;0;0;0;0;0;0;0;0;0;0;0;0;0;0;0;0;0;0;0;0;0;0;0;0;0;0;0;0;0;0
19;"Świetlica Wiejska w Debrzycy, Debrzyca ul. Szkolna 2, 48-100 Głubczyce";160203;"gm. Głubczyce";"głubczycki";"opolskie";1;1;1;1;0;0;0;0;0;1;0;0;0;0;0;0;0;0;0;0;0;0;0;0;0;0;2;3;0;0;1;0;0;0;0;0;0;0;1;0;0;0;0;0;0;0;0;0;2;0;5;0;0;1;0;0;0;1;0;0;0;0;0;0;0;0;0;0;0;0;0;0;0;0;21;35;10;30;4;6;0;1;1;0;0;0;0;1;1;0;0;0;0;0;0;0;0;0;4;1;1;1;0;0;0;1;0;0;1;0;1;0;0;0;0;0;1;1;0;0;1;0;7;0;3;2;0;1;0;0;0;0;0;1;0;0;26;0;0;1;0;0;0;0;0;2;0;0;0;0;0;0;0;0;0;0;0;0;0;0;0;1;0;0;0;0;0;0;0;0;0;0;0;0;0;0;0;0;0;0;0;0;0;0;0;0
20;"Świetlica Wiejska w Nowej Wsi Głubczyckiej, Nowa Wieś Głubczycka 60, 48-100 Głubczyce";160203;"gm. Głubczyce";"głubczycki";"opolskie";1;1;1;0;2;0;0;0;0;0;0;0;0;0;0;0;0;0;0;0;0;0;0;0;0;0;11;1;0;3;0;0;1;0;0;1;0;0;0;1;0;0;0;0;1;0;0;0;0;0;3;0;0;0;0;0;1;0;0;0;0;2;0;0;0;0;0;0;0;0;0;0;0;0;37;24;18;22;3;0;0;4;0;0;0;0;0;1;0;1;0;0;0;0;0;0;0;0;5;2;0;0;0;2;0;0;0;1;0;0;0;0;0;0;0;0;0;0;0;0;0;0;10;0;0;0;0;0;1;1;0;0;0;0;0;0;44;0;0;0;0;0;0;0;0;0;0;0;1;0;0;0;0;0;0;0;0;0;0;0;0;0;0;0;0;0;0;0;0;0;0;0;0;0;0;0;0;0;0;0;0;0;0;0;0;0
21;"Świetlica Wiejska w Zawiszycach, Zawiszyce 1A, 48-100 Głubczyce";160203;"gm. Głubczyce";"głubczycki";"opolskie";1;1;0;0;0;0;0;0;0;0;0;0;0;0;0;0;0;0;0;0;0;0;0;0;0;0;4;1;1;3;0;2;0;1;0;2;0;0;0;0;1;0;0;0;0;0;0;1;0;0;5;0;0;0;0;0;0;0;0;0;0;2;0;2;0;0;0;1;1;0;0;0;0;0;15;16;20;16;0;1;0;2;3;1;1;1;0;0;0;0;0;0;0;0;1;0;0;0;6;2;4;1;2;0;0;0;0;2;0;1;0;0;0;0;0;0;0;0;0;0;0;1;7;0;6;0;0;1;0;0;1;0;0;0;0;0;19;0;0;0;0;0;0;0;0;1;2;0;0;0;0;0;0;2;0;0;0;0;0;0;0;0;0;0;0;0;0;0;0;0;0;0;0;0;0;0;0;0;0;0;0;0;0;0;0;0
22;"Świetlica Wiejska w Zopowych, Zopowy ul. Zielona 1, 48-145 Zubrzyce";160203;"gm. Głubczyce";"głubczycki";"opolskie";1;1;0;1;0;0;0;0;0;0;0;0;0;0;0;0;0;1;0;0;0;0;0;0;0;0;0;0;0;1;0;1;0;0;0;2;0;0;0;0;0;0;0;0;0;0;0;0;0;0;0;1;0;0;0;0;0;0;0;1;0;0;0;0;0;0;0;0;0;0;0;0;0;0;8;10;28;8;2;0;0;2;0;0;0;0;0;0;0;1;0;0;1;0;0;0;0;0;2;2;0;0;0;1;0;0;0;0;0;0;0;0;0;0;0;0;0;0;0;0;0;0;3;0;1;0;0;1;0;0;0;0;0;0;0;0;17;0;0;0;0;0;0;0;0;0;0;0;0;0;0;0;0;0;0;1;0;0;0;0;0;0;0;0;0;0;0;0;0;0;0;0;0;0;0;0;0;0;0;0;0;0;0;0;0;0
23;"Dom Pomocy Społecznej w Klisinie, Klisino 100, 48-118 Lisięcice";160203;"gm. Głubczyce";"głubczycki";"opolskie";1;1;0;0;1;0;0;1;0;0;0;0;0;0;0;0;0;0;0;0;1;0;0;0;0;0;2;0;0;0;1;0;0;0;0;0;0;0;0;0;0;0;0;0;1;0;0;0;0;0;0;0;0;0;0;0;0;0;0;0;0;0;0;0;0;0;0;0;1;0;0;0;0;0;5;0;2;0;0;0;0;0;0;0;0;0;0;0;0;0;0;1;0;0;0;0;0;1;0;0;0;1;0;1;0;0;0;0;0;1;0;0;0;0;0;0;0;0;0;0;0;0;1;1;1;0;0;0;0;0;0;0;0;0;0;0;0;0;0;0;0;0;0;0;0;0;0;0;0;0;0;0;0;0;0;0;1;0;1;0;0;0;0;0;0;0;0;0;0;0;0;0;0;0;0;0;0;0;0;0;0;0;0;0;0;0
24;"Dom Pomocy Społecznej w Klisinie Filia w Radyni, Radynia 40, 48-100 Głubczyce";160203;"gm. Głubczyce";"głubczycki";"opolskie";1;1;0;0;0;0;0;0;0;0;0;0;0;0;0;0;0;0;0;0;0;0;0;0;0;0;0;0;0;0;0;0;0;0;0;0;0;0;0;0;0;0;0;0;0;0;0;0;0;0;0;0;0;0;0;0;0;0;0;0;0;0;0;0;0;0;0;0;0;0;0;0;0;0;4;1;0;1;0;1;0;0;0;0;0;0;0;0;0;0;0;0;0;0;0;0;0;0;1;0;0;1;0;0;0;0;0;0;0;0;0;0;0;0;0;0;0;0;0;0;0;0;2;0;0;0;0;0;0;0;0;0;0;0;0;0;24;0;0;0;0;0;0;0;0;0;0;0;0;0;0;0;0;0;0;0;0;0;0;0;0;0;0;0;0;0;0;0;0;0;0;0;0;0;0;0;0;0;0;0;0;0;0;0;0;0
25;"Placówka Opieki Całodobowej ""Spokojna Przystań"", Chomiąża 46a, 48-100 Głubczyce";160203;"gm. Głubczyce";"głubczycki";"opolskie";1;1;0;0;0;0;0;0;0;0;0;0;0;0;0;0;0;0;0;0;0;0;0;0;0;0;1;1;0;0;0;0;0;0;0;0;0;0;0;0;0;0;0;0;0;0;0;0;0;0;0;0;0;0;0;0;0;0;0;0;0;0;0;0;0;0;0;0;0;0;0;1;0;0;6;1;0;0;0;2;0;0;1;0;0;0;0;0;0;0;0;0;0;0;1;0;0;0;0;0;0;0;0;0;0;0;0;0;0;0;0;0;0;0;0;0;0;0;0;0;0;0;2;0;1;0;0;0;0;0;0;0;0;0;1;0;5;0;0;0;1;0;0;0;0;0;0;0;0;0;0;0;0;0;0;0;0;0;0;0;0;0;0;0;0;0;0;0;0;0;0;0;0;0;0;0;0;0;0;0;0;0;0;0;0;0
26;"Samodzielny Publiczny Zespół Opieki Zdrowotnej w Głubczycach, ul. Marii Skłodowskiej-Curie 26, 48-100 Głubczyce";160203;"gm. Głubczyce";"głubczycki";"opolskie";1;1;0;0;0;0;0;0;0;0;2;0;0;0;0;0;0;0;0;0;0;0;0;0;0;0;0;1;0;1;0;1;0;0;0;0;0;0;0;0;0;0;0;0;0;0;0;0;0;0;1;0;0;0;0;0;0;0;0;1;0;0;0;0;0;0;0;0;0;0;0;0;0;0;2;1;1;1;0;0;1;0;0;0;0;0;0;0;0;0;0;0;2;0;0;0;1;0;0;0;0;0;1;0;0;0;0;0;0;0;0;0;0;0;0;0;0;0;0;0;0;0;2;0;1;0;0;0;0;0;0;0;0;0;0;0;1;0;0;0;0;0;0;0;0;0;0;0;1;0;0;0;0;0;0;0;0;0;0;1;0;0;0;1;0;0;0;0;0;0;0;0;0;0;0;0;0;0;0;0;0;0;0;0;0;0
27;"Zakład Karny w Głubczycach, ul. Jana Kochanowskiego 3, 48-100 Głubczyce";160203;"gm. Głubczyce";"głubczycki";"opolskie";1;1;0;1;1;0;0;1;1;0;1;0;1;0;0;1;0;0;0;1;0;0;0;1;0;0;26;3;1;2;2;2;2;0;0;0;0;1;0;0;0;0;1;0;1;0;0;0;2;0;5;0;0;0;0;0;0;0;0;0;0;0;0;0;0;1;0;0;0;0;0;0;0;0;15;4;0;3;0;1;0;0;1;0;1;1;0;0;0;1;0;0;0;0;1;0;0;0;3;1;0;0;0;0;0;0;0;0;1;0;1;1;0;0;0;0;0;1;0;0;0;0;56;6;3;2;3;2;3;2;1;0;3;0;1;1;12;0;0;0;3;1;1;2;0;0;1;0;0;0;0;0;0;0;0;0;0;0;0;0;0;0;0;0;0;0;1;1;0;0;0;0;0;0;0;0;0;0;0;0;0;0;0;0;0;0
28;"Dom Pomocy Społecznej w Klisinie Filia w Głubczycach, ul. Dworcowa 10, 48-100 Głubczyce";160203;"gm. Głubczyce";"głubczycki";"opolskie";1;1;0;0;0;0;0;0;1;0;0;0;0;0;0;0;0;0;0;0;0;0;0;0;0;0;0;0;0;0;0;0;0;0;0;0;0;0;0;0;0;0;0;0;0;0;0;0;0;0;0;0;0;1;0;0;0;0;0;0;0;0;0;0;0;0;0;0;0;0;0;0;0;0;3;2;0;1;0;0;0;0;0;0;0;0;0;0;0;0;0;0;1;0;0;0;0;0;0;0;0;1;0;0;0;0;0;0;0;0;0;0;0;0;0;0;0;0;0;0;0;0;0;0;0;0;0;0;0;0;0;0;0;1;0;0;1;0;0;0;0;0;0;0;0;0;0;0;0;0;0;0;0;0;0;1;0;0;0;0;0;0;0;0;0;0;0;0;0;0;0;0;0;0;0;0;0;0;0;0;0;0;0;0;0;0
1;"Centrum Kultury i Sportu w Kietrzu, ul. Wojska Polskiego 14, 48-130 Kietrz";160204;"gm. Kietrz";"głubczycki";"opolskie";1;1;9;1;1;2;2;0;1;1;3;0;0;0;0;1;0;0;2;1;0;2;0;0;0;0;80;21;8;9;8;8;1;0;1;1;1;4;0;0;0;3;3;3;1;0;0;0;0;1;35;4;5;3;4;4;0;1;2;0;0;1;0;3;0;1;1;1;1;0;0;2;2;0;83;194;7;18;17;6;0;93;2;0;1;0;2;1;0;38;0;1;1;0;0;0;1;3;40;7;4;6;2;3;0;1;3;1;2;0;3;1;4;1;0;0;0;2;0;3;0;0;120;13;20;5;0;3;2;0;1;1;2;4;0;2;153;0;1;0;7;1;1;0;0;6;2;0;1;0;1;0;1;0;0;3;0;0;0;0;0;1;1;0;0;0;0;0;0;0;1;0;0;0;0;0;0;0;0;0;0;0;0;0;0;0
2;"Zespół Szkół w Kietrzu, ul. Kościuszki 14, 48-130 Kietrz";160204;"gm. Kietrz";"głubczycki";"opolskie";1;1;3;1;1;0;0;0;0;1;0;0;2;0;0;0;0;1;0;1;0;1;0;0;0;0;30;8;3;7;6;5;1;2;1;0;0;5;0;4;1;2;1;0;2;0;0;1;1;1;33;7;3;2;0;0;5;1;0;0;0;4;0;4;0;0;1;1;1;1;0;2;0;1;71;162;12;31;10;4;0;82;2;2;2;1;0;1;0;19;0;0;0;2;1;0;2;0;31;5;3;10;3;2;0;2;0;0;1;1;1;0;0;2;0;1;0;7;0;0;0;0;94;14;24;3;2;4;7;2;1;1;2;3;0;4;123;1;1;0;3;0;1;1;2;4;4;2;2;1;1;0;1;0;0;0;1;0;0;0;0;0;1;0;0;0;0;0;0;0;0;0;0;0;0;0;0;0;1;0;0;0;0;0;0;0
3;"Zespół Szkół w Kietrzu, ul. Głowackiego 37, 48-130 Kietrz";160204;"gm. Kietrz";"głubczycki";"opolskie";1;1;5;0;1;0;0;0;0;1;0;0;0;0;0;2;0;0;0;0;0;1;0;0;0;0;30;16;3;0;6;3;0;0;0;0;1;0;0;0;2;0;0;0;0;0;1;0;0;1;29;1;2;5;1;0;0;0;1;0;2;1;1;2;0;2;0;0;0;0;0;1;0;1;60;137;14;14;14;1;0;46;0;3;0;0;0;4;0;10;0;0;0;0;0;1;0;0;29;5;4;4;2;0;2;1;0;3;2;1;0;1;4;1;0;1;0;9;1;0;0;0;61;10;20;5;4;3;4;1;7;0;0;1;1;0;74;0;0;0;3;0;1;1;1;1;6;1;0;3;0;0;0;1;1;2;1;1;0;0;0;0;1;0;0;0;0;0;0;0;0;0;0;0;0;0;0;0;0;0;0;0;0;0;0;0
4;"Zespół Szkolno-Przedszkolny w Nowej Cerekwii, Nowa Cerekwia ul. Rogożańska 4, 48-130 Kietrz";160204;"gm. Kietrz";"głubczycki";"opolskie";1;1;3;0;0;0;0;1;0;0;0;0;0;0;0;0;0;2;0;0;0;0;0;0;1;0;7;3;1;2;4;1;0;1;0;0;0;0;0;0;1;0;0;1;2;0;0;0;0;0;7;0;1;1;0;0;2;1;0;0;0;0;1;0;0;0;0;0;1;0;0;0;0;0;32;72;8;15;30;23;0;39;0;0;2;0;0;11;0;20;0;0;0;0;2;0;0;0;16;6;1;2;1;0;1;0;0;0;0;0;0;0;0;0;0;0;0;0;0;0;1;0;29;8;1;0;1;0;2;1;0;0;1;1;2;0;41;0;2;0;0;1;0;0;0;0;6;0;0;0;0;0;0;3;0;4;0;0;0;0;0;0;0;1;0;0;0;0;0;0;0;0;0;0;0;0;0;0;0;0;1;0;0;0;0;0
5;"Wiejski Dom Kultury w Nasiedlu, Nasiedle ul. Zamkowa 7A, 48-130 Kietrz";160204;"gm. Kietrz";"głubczycki";"opolskie";1;1;0;2;0;0;2;0;0;0;0;0;1;0;0;0;0;0;0;0;0;0;0;0;1;0;12;11;0;4;1;2;0;0;0;0;0;1;1;0;0;0;0;0;0;0;1;1;0;0;5;0;0;0;0;0;0;0;0;0;0;1;1;0;0;0;0;0;0;0;0;0;0;2;18;46;5;8;2;4;0;1;0;0;0;0;0;1;0;0;0;0;0;0;0;0;0;0;5;2;2;0;1;0;0;1;0;1;0;0;1;0;1;0;0;0;0;1;0;0;0;0;10;0;2;0;0;0;0;1;0;0;0;0;0;1;23;0;0;0;0;0;0;1;0;1;1;0;0;0;1;0;1;0;0;1;0;0;0;0;0;0;1;0;0;0;0;0;0;0;0;0;0;0;0;0;0;0;0;0;0;1;0;0;0;0
6;"Szkoła Podstawowa w Dzierżysławiu, Dzierżysław ul. Szkolna 4, 48-130 Kietrz";160204;"gm. Kietrz";"głubczycki";"opolskie";1;1;4;0;1;0;0;0;1;0;0;0;0;0;0;0;0;1;0;0;0;0;1;0;0;0;17;5;0;1;1;3;3;0;0;0;2;2;1;0;0;2;1;0;1;0;0;0;0;0;9;3;0;0;0;1;1;0;0;0;0;0;0;0;0;2;0;0;0;0;0;0;1;0;15;62;4;6;4;1;1;18;0;1;0;0;0;0;0;0;0;1;0;0;0;0;0;0;5;0;0;0;2;1;0;1;1;0;0;0;1;0;0;0;0;0;0;13;0;0;0;0;21;2;4;1;0;6;6;0;1;1;0;0;1;0;35;0;0;0;1;0;0;0;1;1;4;1;0;0;0;1;0;0;0;0;0;0;0;1;0;0;0;0;0;0;0;0;0;0;0;0;0;0;0;0;0;0;0;0;0;0;0;0;0;0
7;"Świetlica wiejska w Lubotyniu, Lubotyń 30, 48-130 Kietrz";160204;"gm. Kietrz";"głubczycki";"opolskie";1;1;0;0;0;0;0;2;1;0;0;0;0;0;0;1;0;0;0;1;0;0;0;0;0;0;5;1;1;0;0;0;0;0;0;2;1;1;0;0;0;0;0;0;1;0;0;0;0;0;5;0;0;0;0;0;0;0;0;0;0;0;0;4;0;0;0;0;0;0;0;3;0;0;13;47;1;8;1;1;2;4;0;0;0;0;0;0;0;1;0;0;0;1;0;0;0;0;2;2;2;1;0;1;0;1;0;0;4;0;1;0;1;0;1;0;0;3;0;0;0;0;19;5;2;2;0;1;1;0;2;1;0;0;1;0;50;0;1;0;4;0;0;0;0;0;3;0;0;0;2;0;0;0;0;0;0;0;0;0;0;0;0;0;0;0;0;0;0;0;0;0;0;0;0;0;0;0;0;0;0;0;0;0;0;0
8;"Szkoła Podstawowa w Pilszczu, Pilszcz ul. Owsiana 3, 48-130 Kietrz";160204;"gm. Kietrz";"głubczycki";"opolskie";1;1;4;1;0;0;0;1;2;1;0;0;2;1;0;1;0;0;0;0;0;0;0;1;0;1;16;12;4;4;0;3;0;0;0;0;0;3;0;0;0;1;1;0;0;0;0;0;0;0;13;3;2;0;0;0;0;0;0;0;0;0;0;1;0;0;0;0;0;0;0;0;0;0;22;56;6;13;8;6;1;10;2;0;0;0;0;1;0;2;0;0;0;0;0;0;0;1;8;1;1;2;3;1;0;0;0;1;0;0;0;1;1;1;0;0;0;3;0;0;0;0;20;4;2;3;3;1;0;1;20;0;1;0;0;0;13;0;0;0;1;0;0;0;0;0;0;1;1;1;0;0;0;0;1;0;0;0;0;0;0;1;0;0;0;0;0;0;0;0;0;0;1;0;0;0;0;0;0;0;0;0;0;0;0;0
9;"Świetlica wiejska w Wojnowicach, Wojnowice ul. Okrężna 27, 48-130 Kietrz";160204;"gm. Kietrz";"głubczycki";"opolskie";1;1;0;0;0;0;0;0;0;0;0;0;0;0;1;0;0;0;0;0;0;0;0;0;0;0;13;8;0;1;5;2;0;0;0;0;1;1;0;0;0;0;0;1;0;0;0;0;0;0;2;0;2;1;0;0;0;0;0;1;0;0;0;1;0;1;1;0;0;0;0;0;0;0;28;65;10;27;7;5;1;42;1;0;0;1;0;1;0;7;1;0;0;0;0;0;0;0;5;1;0;2;2;0;0;0;1;0;1;0;0;1;0;0;0;0;0;0;1;1;0;0;14;2;7;0;2;1;2;0;1;0;0;0;1;0;36;0;0;1;0;0;1;0;0;0;0;0;2;3;0;1;0;0;0;0;0;0;0;0;0;0;0;0;0;0;0;0;0;0;0;0;0;0;0;0;0;1;0;0;0;0;0;0;0;0
10;"Szkoła Podstawowa w Ściborzycach Wielkich, Ściborzyce Wielkie 105, 48-130 Kietrz";160204;"gm. Kietrz";"głubczycki";"opolskie";1;1;0;0;0;0;0;0;1;0;0;0;0;0;0;0;0;0;0;0;0;0;0;0;0;0;4;1;0;0;0;1;0;0;0;0;0;2;0;0;0;0;0;0;0;0;0;0;0;0;5;1;0;0;1;0;1;0;2;0;1;0;0;0;0;0;0;0;1;0;0;0;0;0;12;40;2;1;3;4;1;13;0;0;0;0;0;0;0;1;1;1;0;0;0;0;0;0;5;0;5;1;1;0;1;0;1;0;1;0;0;0;0;0;0;0;0;0;0;0;0;0;19;3;4;1;1;2;0;1;0;0;0;1;0;0;9;0;1;0;2;0;0;1;0;1;3;0;0;0;0;0;1;0;0;0;0;0;0;0;0;0;0;0;0;0;0;0;0;0;0;0;0;0;0;0;0;0;0;1;0;0;0;0;0;0
11;"Świetlica Wiejska w Chróścielowie, Chróścielów 51, 48-130 Kietrz";160204;"gm. Kietrz";"głubczycki";"opolskie";1;1;2;0;1;0;0;0;0;0;0;0;1;0;0;1;0;1;0;0;0;0;0;0;0;0;4;9;0;3;2;1;0;0;0;0;0;3;0;1;0;0;0;0;2;0;1;0;2;0;3;0;2;1;0;1;0;0;1;1;0;0;0;0;1;1;0;0;1;0;0;0;0;1;11;35;1;12;3;7;0;8;1;0;0;0;0;0;0;0;0;0;0;4;0;0;0;0;2;0;1;0;0;0;1;0;0;2;0;0;0;0;0;0;0;0;0;0;0;0;1;0;13;2;1;1;0;0;1;1;2;0;0;0;0;0;25;0;0;0;2;0;0;0;0;0;1;0;0;0;0;0;0;0;0;1;0;0;0;0;1;0;0;0;0;0;0;0;0;0;0;0;0;0;0;0;0;0;0;0;0;1;0;0;0;0
12;"Świetlica Wiejska w Rozumicach, Rozumice 11, 48-130 Kietrz";160204;"gm. Kietrz";"głubczycki";"opolskie";1;1;0;1;0;0;0;0;0;0;0;0;0;0;0;0;0;0;0;0;0;0;0;0;0;0;3;3;1;0;1;0;0;0;0;0;0;0;0;0;0;0;0;1;0;0;0;0;0;0;3;0;1;0;1;0;0;0;0;0;0;0;0;0;0;0;0;0;0;1;0;0;0;0;10;32;0;5;4;1;0;34;1;0;0;0;0;0;0;2;0;1;0;0;0;0;0;0;10;2;0;0;3;1;0;0;0;0;0;0;1;0;0;0;0;0;0;3;0;0;0;0;8;2;2;0;0;0;1;0;4;2;0;0;0;0;8;0;0;0;0;0;0;1;0;0;4;0;0;0;0;0;1;1;0;0;0;0;0;0;0;0;0;0;0;0;0;0;0;0;0;0;0;0;0;0;0;0;0;0;0;0;0;0;0;0
13;"Dom Pomocy Społecznej w Klisinie Filia w Kietrzu, ul. Plac Biskupa Konrada 1a, 48-130 Kietrz";160204;"gm. Kietrz";"głubczycki";"opolskie";1;1;0;0;0;0;0;0;0;0;1;0;0;0;0;0;0;0;0;0;0;0;0;0;0;0;0;1;0;0;0;0;0;0;0;0;0;0;0;0;0;0;0;0;0;0;0;1;0;0;0;0;1;0;0;0;0;0;0;1;1;0;0;0;0;0;0;0;0;0;0;0;0;0;7;3;1;1;2;0;0;1;0;0;0;0;1;0;1;0;0;0;0;0;0;0;0;0;0;0;0;0;0;0;0;0;0;0;0;0;0;0;0;0;0;0;0;0;0;0;0;0;2;0;0;0;0;0;0;0;0;0;0;0;0;0;23;0;0;0;0;0;0;0;0;0;0;0;0;0;0;0;0;0;0;0;0;0;0;0;0;0;0;0;0;0;0;0;0;0;0;0;0;0;0;0;0;0;0;0;0;0;0;0;0;0
1;"Osiedlowy Dom Kultury ""Kubiczek"", ul. Główna 54, 47-200 Kędzierzyn-Koźle";160301;"m. Kędzierzyn-Koźle";"kędzierzyńsko-kozielski";"opolskie";1;1;1;0;0;0;0;2;1;0;0;1;1;0;0;0;0;0;0;0;0;0;0;0;0;2;24;5;2;0;2;5;1;2;0;0;4;2;0;0;2;2;2;1;1;0;0;0;0;0;16;0;0;1;5;0;2;0;1;0;0;0;1;1;0;0;0;1;2;0;0;0;0;0;38;27;18;13;20;2;0;0;3;1;0;5;0;0;0;0;0;0;1;0;3;2;0;0;23;2;3;4;0;0;1;0;1;0;2;0;1;0;1;0;0;0;1;0;0;0;1;0;31;14;10;2;1;0;161;3;4;1;1;1;1;13;1;0;1;0;3;0;0;0;0;8;2;0;0;0;1;0;0;0;0;1;0;0;0;0;1;0;24;7;0;0;0;2;5;0;0;0;9;0;0;0;0;0;0;0;0;0;0;0;0;0
2;"Publiczna Szkoła Podstawowa Nr 20, ul. Archimedesa 25, 47-200 Kędzierzyn-Koźle";160301;"m. Kędzierzyn-Koźle";"kędzierzyńsko-kozielski";"opolskie";1;1;5;1;1;0;0;2;0;0;1;1;0;1;1;1;0;1;0;1;0;0;0;0;0;1;25;5;2;2;2;4;1;1;1;1;0;2;1;1;0;3;0;1;3;0;3;1;1;2;22;5;0;3;11;0;0;0;1;0;1;1;0;1;0;1;0;3;0;0;2;1;0;0;65;37;32;31;30;7;0;2;0;1;0;5;2;0;4;1;0;1;0;0;0;0;0;3;22;4;2;6;1;0;0;1;2;1;1;0;0;0;0;0;0;0;0;1;1;1;0;1;102;17;19;5;0;1;264;1;2;1;2;1;4;11;0;0;0;0;10;0;0;0;0;5;5;0;1;1;0;1;0;0;1;0;0;0;0;0;0;1;8;2;1;2;0;1;1;0;1;0;0;1;0;0;0;0;0;0;0;0;0;0;0;1
3;"Publiczne Przedszkole nr 21, ul. Filtrowa 13, 47-200 Kędzierzyn-Koźle";160301;"m. Kędzierzyn-Koźle";"kędzierzyńsko-kozielski";"opolskie";1;1;5;2;1;0;0;1;1;0;1;0;0;0;0;0;0;0;0;1;0;0;0;0;0;0;40;10;2;0;4;4;1;0;0;0;2;4;0;1;0;0;1;0;3;0;0;1;1;0;49;2;0;3;8;1;2;0;3;1;0;1;0;1;1;1;1;1;0;0;0;1;0;0;60;36;16;43;25;5;1;1;1;4;0;5;1;0;8;0;0;0;0;1;0;0;1;1;25;3;1;4;1;1;1;0;0;0;1;1;1;0;0;0;0;0;0;1;0;1;0;0;73;7;19;1;2;3;324;1;3;2;0;1;0;14;1;0;1;0;7;1;1;0;0;8;5;1;0;0;2;0;1;0;1;0;0;2;0;0;1;0;14;3;0;0;0;0;1;0;0;0;2;0;0;0;0;0;0;0;0;0;0;0;0;0
4;"Publiczna Szkoła Podstawowa nr 12, ul. Piastowska 30, 47-200 Kędzierzyn-Koźle";160301;"m. Kędzierzyn-Koźle";"kędzierzyńsko-kozielski";"opolskie";1;1;2;2;0;0;1;0;3;0;1;1;1;0;0;2;0;0;0;1;1;0;0;0;0;1;46;17;3;3;3;5;1;1;0;0;0;5;0;1;0;1;0;1;2;0;1;3;2;2;47;1;1;0;6;1;3;2;0;0;0;1;0;1;0;3;0;2;0;0;0;0;4;0;83;52;54;61;48;7;2;0;1;9;0;9;1;1;6;0;0;0;1;1;4;0;2;4;31;4;2;4;4;1;2;0;3;0;3;0;0;1;1;1;1;0;0;0;0;1;3;0;106;12;16;0;2;2;313;2;0;4;2;2;2;16;1;0;0;2;14;0;0;0;0;10;11;0;2;0;4;0;0;0;0;1;0;1;0;0;2;0;6;1;1;0;0;0;2;0;1;0;0;0;0;0;0;0;0;0;0;0;0;0;0;2
5;"Publiczna Szkoła Podstawowa nr 12, ul. Grzegorza Piramowicza 30, 47-200 Kędzierzyn-Koźle";160301;"m. Kędzierzyn-Koźle";"kędzierzyńsko-kozielski";"opolskie";1;1;3;5;0;0;0;0;0;2;0;1;1;0;0;2;0;0;0;0;1;0;0;0;0;1;35;8;10;2;1;2;2;1;1;0;2;7;0;2;0;3;4;0;4;0;0;0;0;1;44;1;1;0;4;1;3;0;0;1;0;0;0;5;0;2;0;3;0;1;1;1;1;0;79;37;22;35;18;3;2;0;1;11;1;2;0;2;3;1;1;1;0;3;0;1;1;0;26;0;4;3;2;1;3;1;1;0;1;1;0;0;1;0;0;0;0;2;0;1;0;1;76;5;15;2;2;2;232;1;1;0;1;1;5;8;1;1;0;0;8;3;0;0;0;1;12;1;0;1;0;0;0;0;0;1;0;0;0;0;0;0;4;1;3;0;0;0;1;0;0;0;1;0;0;0;0;0;0;0;0;0;0;0;0;0
6;"Dom Kultury ""Koźle"", ul. Skarbowa 10, 47-200 Kędzierzyn-Koźle";160301;"m. Kędzierzyn-Koźle";"kędzierzyńsko-kozielski";"opolskie";1;1;1;3;0;0;0;1;0;0;2;0;0;0;0;0;1;0;0;0;0;1;0;0;1;0;49;9;9;3;4;9;1;2;0;1;1;3;0;1;0;4;1;0;2;0;1;0;1;1;38;3;0;2;11;1;2;0;0;1;0;2;0;7;0;0;0;3;0;0;0;1;2;0;83;39;24;27;46;3;1;2;2;1;1;3;0;0;0;0;1;0;0;3;1;0;0;1;31;0;1;2;1;1;1;2;0;0;0;0;0;0;1;0;0;0;0;1;0;0;0;0;92;18;30;3;4;8;315;1;6;1;1;3;1;15;0;1;2;0;16;0;0;0;0;6;9;0;0;1;1;0;1;0;0;1;1;0;1;0;0;0;12;5;4;0;0;2;5;0;0;0;0;1;0;0;0;0;0;0;0;0;0;0;0;4
7;"Zespół Szkół Specjalnych, ul. Ignacego Krasickiego 10, 47-206 Kędzierzyn-Koźle";160301;"m. Kędzierzyn-Koźle";"kędzierzyńsko-kozielski";"opolskie";1;1;7;1;2;0;0;1;2;1;1;0;0;1;0;0;0;0;0;0;1;1;0;0;0;0;76;19;14;7;2;8;6;2;1;2;0;3;0;1;0;0;2;0;1;1;2;3;2;1;31;1;2;1;10;0;5;4;1;0;1;0;3;1;0;0;1;5;0;0;1;0;2;0;82;42;31;23;32;6;0;0;2;3;1;3;0;0;4;0;0;0;1;0;1;0;0;4;43;2;1;6;0;1;0;3;0;4;1;0;0;0;3;0;0;0;0;0;2;0;0;2;101;24;52;4;7;8;275;9;1;2;1;1;1;40;0;0;1;0;19;0;0;0;0;8;8;1;2;5;3;0;0;0;0;0;0;1;0;0;1;0;15;6;10;7;1;0;5;1;0;0;0;0;0;0;0;0;0;0;1;0;0;0;0;1
8;"Publiczna Szkoła Podstawowa nr 15, ul. Karola Szymanowskiego 19, 47-206 Kędzierzyn-Koźle";160301;"m. Kędzierzyn-Koźle";"kędzierzyńsko-kozielski";"opolskie";1;1;2;0;1;1;1;2;0;0;0;0;0;0;0;0;0;0;0;0;0;0;0;0;1;0;35;6;9;2;2;5;1;1;3;0;2;4;0;2;0;4;2;0;0;1;0;0;1;2;46;3;1;6;7;0;5;0;1;1;0;0;2;3;5;0;0;2;2;0;2;0;1;0;49;44;28;35;28;5;1;0;2;0;1;4;0;0;1;1;0;0;0;1;2;0;0;1;34;2;4;3;1;1;1;1;2;0;0;1;0;1;2;0;0;0;1;0;0;0;0;1;78;13;25;1;0;3;205;8;1;0;0;0;6;22;0;0;0;1;21;1;0;1;0;10;8;1;0;1;0;0;0;0;0;0;1;0;0;0;0;0;23;4;5;6;0;0;4;0;0;0;0;0;0;1;0;0;0;0;6;0;0;0;1;0
9;"Publiczna Szkoła Podstawowa Nr 5, ul. Tadeusza Kościuszki 41, 47-224 Kędzierzyn-Koźle";160301;"m. Kędzierzyn-Koźle";"kędzierzyńsko-kozielski";"opolskie";1;1;8;1;2;0;1;1;1;2;1;0;0;1;0;0;0;0;0;0;0;0;0;0;0;1;64;3;9;5;6;14;2;2;3;1;2;3;0;1;2;2;1;2;1;0;2;2;1;1;50;7;3;5;12;0;2;4;1;1;0;0;0;3;0;2;0;6;1;1;2;2;2;1;75;66;30;57;40;6;2;2;0;3;0;5;0;0;18;1;0;0;1;1;4;0;2;0;32;3;4;4;3;1;0;1;2;0;1;0;1;1;1;0;1;0;0;0;0;0;1;2;104;11;41;3;2;3;177;3;4;1;2;2;28;42;1;0;0;0;20;1;1;0;0;6;9;0;2;0;2;0;1;0;0;0;0;2;1;0;1;3;6;1;3;2;0;0;1;0;0;0;2;0;1;0;1;0;0;0;1;0;0;0;1;0
10;"Publiczne Przedszkole nr 6, ul. Tadeusza Kościuszki 21, 47-224 Kędzierzyn-Koźle";160301;"m. Kędzierzyn-Koźle";"kędzierzyńsko-kozielski";"opolskie";1;1;3;2;3;0;0;1;2;0;0;0;1;0;0;1;0;0;0;1;0;2;0;0;0;1;62;7;11;5;6;5;4;0;1;0;6;6;2;0;1;2;3;1;4;0;2;2;4;3;47;5;3;2;27;1;8;2;0;1;0;1;1;2;1;1;1;9;2;0;1;0;1;1;97;65;40;54;38;13;2;0;0;5;0;7;4;1;18;0;1;0;2;0;4;0;0;0;44;0;3;2;4;0;1;2;1;0;3;0;1;2;1;1;2;0;1;1;0;0;1;1;140;16;28;3;0;5;165;2;1;3;3;3;16;32;0;0;0;0;22;0;0;0;0;8;4;1;1;1;1;0;2;1;0;0;0;0;0;0;0;1;3;0;0;1;1;0;1;0;0;0;0;1;0;0;0;0;0;0;0;0;0;0;0;2
11;"Publiczna Szkoła Podstawowa nr 5, ul. Tadeusza Kościuszki 41, 47-224 Kędzierzyn-Koźle";160301;"m. Kędzierzyn-Koźle";"kędzierzyńsko-kozielski";"opolskie";1;1;4;2;1;0;0;3;0;1;1;1;1;1;1;2;0;0;0;2;1;0;0;0;0;0;68;19;10;4;7;8;3;4;1;3;2;3;0;2;0;7;3;2;3;0;3;1;8;2;52;6;4;4;13;5;1;1;1;0;1;0;0;2;2;4;0;5;0;0;1;1;3;0;72;52;30;46;32;6;2;1;5;0;0;11;1;1;15;0;1;0;0;3;0;1;0;5;43;8;3;3;0;1;1;0;2;2;0;1;1;0;2;1;1;1;0;1;1;0;1;0;119;19;28;1;2;7;249;2;4;2;2;0;11;55;0;1;1;0;16;0;0;1;0;10;10;0;0;0;4;0;2;1;1;0;0;1;1;0;2;2;1;0;1;2;1;1;0;0;0;0;0;1;0;0;0;0;0;0;0;0;0;0;1;0
12;"Publiczna Szkoła Podstawowa nr 11, ul. Aleja Partyzantów 30, 47-224 Kędzierzyn-Koźle";160301;"m. Kędzierzyn-Koźle";"kędzierzyńsko-kozielski";"opolskie";1;1;1;1;2;0;0;2;1;2;0;0;0;0;0;4;0;0;0;2;0;1;0;1;1;0;64;5;20;2;8;5;3;0;2;0;1;6;0;2;1;4;1;0;2;0;3;0;3;4;52;6;5;6;14;0;0;1;5;1;0;1;1;3;1;0;0;3;0;0;2;1;0;2;104;62;36;59;42;12;0;1;0;5;1;3;1;1;13;0;0;0;0;1;1;0;0;1;28;4;3;2;0;2;1;1;3;0;0;0;2;0;1;0;0;0;0;2;0;1;1;0;127;17;68;3;2;7;206;5;2;0;2;0;14;38;1;0;0;1;24;0;0;0;0;4;9;0;0;1;4;0;0;0;0;1;0;0;0;0;0;3;1;0;0;0;0;1;0;0;0;0;0;1;1;0;1;0;0;0;0;0;0;0;0;0
13;"Publiczne Przedszkole nr 23, ul. Wierzbowa 4, 47-224 Kędzierzyn-Koźle";160301;"m. Kędzierzyn-Koźle";"kędzierzyńsko-kozielski";"opolskie";1;1;3;0;0;0;0;1;2;0;0;0;0;0;0;1;0;0;1;0;0;0;1;0;2;1;38;5;19;3;7;6;1;2;1;0;0;4;0;3;0;4;2;1;0;0;0;0;1;1;55;1;2;7;9;1;3;1;2;1;0;0;3;3;2;3;1;5;0;0;3;0;0;0;88;57;32;46;31;6;1;1;3;1;1;2;0;2;11;1;0;0;0;0;3;4;3;2;19;4;5;4;3;3;5;0;1;0;1;0;0;0;2;0;0;0;0;2;0;2;0;2;149;16;29;1;1;5;135;4;0;1;1;0;5;34;2;0;0;1;15;0;0;0;0;6;5;1;0;2;1;0;0;0;0;0;0;0;0;0;1;0;1;0;0;0;0;0;0;0;0;0;0;3;0;0;0;0;0;0;0;0;0;0;0;0
14;"Siedziba Rady Osiedla ""Kuźniczka"", ul. Grunwaldzka 83, 47-220 Kędzierzyn-Koźle";160301;"m. Kędzierzyn-Koźle";"kędzierzyńsko-kozielski";"opolskie";1;1;6;2;0;0;0;1;1;0;0;0;0;0;0;1;0;0;0;0;1;1;0;0;0;0;37;1;2;3;0;1;1;2;2;0;0;2;0;0;0;0;0;1;0;1;0;0;2;1;30;4;0;2;3;0;1;1;1;1;0;0;0;0;0;3;0;1;1;0;1;0;0;0;45;20;10;26;32;4;0;0;0;3;0;2;0;0;1;0;0;0;1;1;0;1;0;1;15;2;1;0;1;3;4;0;0;0;0;0;0;0;0;0;0;1;0;0;0;1;0;0;95;15;43;2;3;3;78;0;2;2;1;0;6;43;0;1;1;0;10;0;0;0;0;5;2;0;0;0;0;0;0;1;0;0;0;0;0;1;0;0;8;1;0;1;0;0;0;0;0;0;0;0;0;0;0;0;0;0;0;0;0;0;0;0
15;"II Liceum Ogólnokształcące, ul. Jana Matejki 19, 47-220 Kędzierzyn-Koźle";160301;"m. Kędzierzyn-Koźle";"kędzierzyńsko-kozielski";"opolskie";1;1;3;4;1;0;0;2;0;1;0;0;0;0;2;0;0;0;2;0;1;1;0;0;0;1;51;4;10;3;3;6;2;1;3;1;2;4;0;1;1;3;1;0;2;1;0;0;4;1;40;1;4;1;15;4;7;0;1;1;0;0;1;5;1;0;0;11;0;0;0;1;0;1;61;46;48;35;32;8;3;3;4;3;0;5;0;2;1;1;0;1;0;1;8;0;0;4;37;0;6;4;1;1;2;0;2;0;0;0;0;1;0;0;0;0;1;2;0;1;0;2;106;13;25;2;0;4;117;3;6;1;1;0;9;58;0;0;0;1;25;0;2;0;0;6;6;0;0;0;1;0;1;1;0;2;1;0;0;0;3;0;1;0;0;0;0;0;1;0;0;0;1;0;0;1;0;0;1;0;0;0;0;0;0;2
16;"Publiczna Szkoła Podstawowa nr 6, ul. 1 Maja 3, 47-220 Kędzierzyn-Koźle";160301;"m. Kędzierzyn-Koźle";"kędzierzyńsko-kozielski";"opolskie";1;1;4;1;0;0;1;2;0;0;0;0;0;0;0;0;0;0;0;0;0;0;0;0;0;0;42;6;9;1;2;4;0;1;1;0;1;6;0;2;0;2;1;0;1;0;0;1;1;0;30;2;0;2;5;2;2;3;2;0;1;2;1;2;0;1;1;4;1;0;6;0;0;0;66;26;40;35;32;5;1;1;3;0;0;6;1;2;1;0;0;0;1;0;2;0;1;0;19;0;2;2;3;2;2;0;0;0;1;0;0;1;0;1;1;0;0;1;0;0;0;1;93;8;28;3;1;2;95;7;1;0;1;2;4;47;0;0;0;0;14;0;0;2;0;5;6;1;0;1;2;0;1;0;0;0;0;1;0;0;0;0;1;0;1;1;0;0;1;0;0;0;0;2;0;0;2;0;1;0;0;0;0;1;0;0
17;"Dom Kultury ""Chemik"", ul. Aleja Jana Pawła II 27, 47-220 Kędzierzyn-Koźle";160301;"m. Kędzierzyn-Koźle";"kędzierzyńsko-kozielski";"opolskie";1;1;3;0;1;1;0;1;0;0;2;1;0;0;0;2;0;0;1;1;1;0;0;0;0;0;78;13;7;2;5;10;3;3;2;1;1;9;1;1;0;2;0;0;2;1;0;0;2;3;56;0;2;10;10;0;4;2;1;5;1;1;2;3;1;1;0;2;1;3;1;0;1;1;114;58;48;42;67;10;1;1;0;8;0;6;1;1;4;2;0;0;0;0;0;0;0;0;41;1;3;3;2;0;1;0;1;0;1;0;2;3;0;0;0;0;0;1;0;4;0;0;158;17;50;2;0;7;176;5;5;1;1;2;11;87;2;0;0;3;23;4;0;1;0;11;22;1;0;1;0;0;1;0;0;0;1;0;2;0;0;1;13;1;2;1;0;0;0;0;0;0;0;0;0;0;1;0;0;0;0;0;0;0;0;0
18;"Publiczne Przedszkole nr 8, ul. Romana Dmowskiego 5, 47-220 Kędzierzyn-Koźle";160301;"m. Kędzierzyn-Koźle";"kędzierzyńsko-kozielski";"opolskie";1;1;2;2;3;0;0;1;1;0;0;2;0;0;0;0;0;0;1;1;0;0;0;0;2;1;58;9;5;1;5;6;7;1;4;1;3;5;4;5;1;6;2;1;2;2;3;2;2;0;64;4;4;3;10;3;3;3;2;0;0;3;4;5;2;1;1;12;3;1;3;1;3;1;89;51;50;43;41;7;0;1;5;5;1;6;0;2;4;0;1;2;1;0;5;1;0;1;37;1;6;6;2;1;1;0;1;0;1;0;2;0;3;0;1;0;0;0;0;1;0;0;158;15;44;4;1;1;139;0;2;1;1;0;6;116;2;2;1;0;29;0;1;2;1;5;6;1;0;1;3;0;0;0;1;0;0;1;0;0;1;2;10;2;1;0;0;3;1;0;0;1;0;0;1;1;0;0;0;0;0;0;0;0;0;1
19;"Publiczna Szkoła Podstawowa nr 9, ul. Jurija Gagarina 3, 47-220 Kędzierzyn-Koźle";160301;"m. Kędzierzyn-Koźle";"kędzierzyńsko-kozielski";"opolskie";1;1;0;0;0;2;0;2;0;0;0;0;0;0;0;1;0;0;0;0;4;0;0;0;0;0;24;3;12;2;0;14;2;0;0;2;2;2;1;1;0;5;3;1;0;0;1;0;1;4;47;3;3;0;7;0;0;0;0;0;0;0;1;4;0;0;2;4;0;0;4;1;1;0;51;30;34;40;23;5;1;1;2;8;2;7;1;0;1;0;0;0;0;1;0;0;2;1;22;2;2;3;1;1;0;2;0;0;3;0;0;0;0;1;0;0;0;0;0;3;0;0;85;15;31;4;2;2;70;2;2;0;1;2;16;35;0;0;0;0;11;0;4;1;0;0;3;0;0;0;1;0;2;0;0;0;0;0;0;0;1;1;1;1;0;1;0;0;0;0;0;0;0;0;0;0;0;0;0;0;0;0;0;0;0;1
20;"Publiczne Przedszkole nr 22, ul. 9 Maja 4, 47-220 Kędzierzyn-Koźle";160301;"m. Kędzierzyn-Koźle";"kędzierzyńsko-kozielski";"opolskie";1;1;1;1;2;0;0;0;2;1;0;0;1;3;2;0;0;0;1;0;0;1;0;0;1;0;30;5;10;1;1;5;4;0;1;1;6;4;0;2;2;0;1;1;3;0;1;0;1;1;46;1;1;2;13;0;3;2;1;0;2;1;0;3;0;2;0;4;1;2;2;0;1;2;66;57;35;46;44;6;0;1;4;2;1;3;0;2;1;2;0;0;0;0;9;0;0;2;29;3;1;4;3;1;0;0;1;2;0;0;1;0;1;0;1;0;0;0;0;0;1;3;159;9;30;0;0;5;111;4;2;3;1;0;11;32;0;1;0;0;23;0;0;0;0;5;4;1;0;1;3;0;0;0;2;0;0;0;0;0;0;0;6;1;1;0;0;0;0;0;1;0;0;2;0;0;0;0;0;0;0;0;0;0;0;0
21;"Publiczne Przedszkole nr 24, ul. Leszka Białego 7, 47-232 Kędzierzyn-Koźle";160301;"m. Kędzierzyn-Koźle";"kędzierzyńsko-kozielski";"opolskie";1;1;4;1;1;1;0;0;2;0;1;1;0;0;1;1;0;0;1;0;0;0;0;0;2;0;65;1;4;3;3;8;6;0;3;0;0;3;0;3;1;2;0;1;2;0;2;0;0;2;47;3;6;2;6;0;1;1;0;0;1;2;0;1;0;2;0;6;1;0;3;0;0;0;84;56;37;57;52;8;1;0;2;3;4;5;0;1;5;0;0;0;0;1;1;0;1;2;32;4;2;3;4;1;1;0;0;0;0;0;3;0;1;0;0;0;0;0;0;2;0;0;159;15;37;3;1;6;124;1;3;1;3;0;6;34;0;3;1;0;22;1;0;2;1;5;6;0;0;1;0;0;3;0;0;0;0;0;0;1;0;0;2;1;1;1;0;1;1;0;1;0;0;4;0;0;0;0;0;0;0;0;0;0;0;1
22;"Publiczne Przedszkole nr 26, ul. Bolesława Śmiałego 5, 47-232 Kędzierzyn-Koźle";160301;"m. Kędzierzyn-Koźle";"kędzierzyńsko-kozielski";"opolskie";1;1;3;1;0;0;0;0;0;2;1;0;0;0;1;3;0;0;0;1;1;0;0;0;0;1;47;2;8;0;3;9;1;0;2;3;5;6;1;0;0;0;1;0;1;0;2;0;3;2;46;1;4;2;5;1;3;0;1;0;0;1;0;1;1;1;1;1;0;0;4;0;3;0;76;29;44;60;33;4;1;0;1;1;1;5;0;0;3;1;1;0;0;0;3;0;1;3;20;2;3;2;2;0;2;0;0;1;1;0;2;0;0;0;0;0;1;0;0;0;0;2;116;8;30;3;0;0;109;5;1;0;1;1;3;37;0;0;0;0;13;0;0;0;0;9;7;0;0;0;2;0;3;0;0;0;1;0;0;0;0;1;0;0;0;0;0;0;0;0;0;0;0;0;0;0;0;0;1;0;0;0;0;0;0;1
23;"Publiczna Szkoła Podstawowa nr 19, ul. Mieszka I 4, 47-232 Kędzierzyn-Koźle";160301;"m. Kędzierzyn-Koźle";"kędzierzyńsko-kozielski";"opolskie";1;1;2;3;0;0;0;1;1;2;1;0;2;1;1;1;0;0;1;0;3;0;0;0;0;2;54;8;7;2;3;8;1;1;2;1;4;10;1;1;1;4;0;0;4;1;1;2;4;3;37;5;0;0;6;2;5;1;1;0;0;1;6;1;0;1;3;3;2;0;1;0;1;0;123;76;43;64;41;11;0;3;3;3;3;10;2;2;2;0;0;0;0;0;4;1;1;2;32;2;2;3;1;2;0;0;1;0;1;0;2;1;0;1;0;0;0;0;0;0;0;1;136;22;44;1;3;6;138;0;1;0;0;4;10;65;5;2;0;1;20;3;0;1;0;7;11;2;3;1;4;0;0;1;1;1;1;2;0;1;0;0;2;0;2;0;0;0;0;0;0;0;0;3;0;0;0;0;0;0;0;0;0;0;0;1
24;"Publiczna Szkoła Podstawowa nr 19, ul. Mieszka I 4, 47-232 Kędzierzyn-Koźle";160301;"m. Kędzierzyn-Koźle";"kędzierzyńsko-kozielski";"opolskie";1;1;7;0;2;0;2;4;0;1;0;0;0;0;1;4;0;0;0;0;0;0;0;0;1;1;81;12;15;7;4;19;2;0;7;2;4;7;0;0;1;8;2;5;3;1;0;2;2;2;49;3;2;3;10;0;3;2;0;0;1;0;1;3;2;4;0;7;0;0;8;0;0;0;110;95;62;64;36;6;0;2;3;3;2;10;3;1;3;2;1;0;0;0;2;3;0;0;48;2;5;5;0;0;0;1;0;1;0;0;1;1;1;0;0;1;0;0;0;2;0;3;199;22;63;6;3;9;192;6;3;2;3;0;15;57;0;1;1;0;21;2;1;0;1;8;7;0;3;0;1;0;2;0;1;2;0;3;0;0;2;2;1;0;0;1;0;1;1;0;0;0;0;0;0;0;0;0;0;0;0;0;0;0;0;0
25;"Publiczna Szkoła Podstawowa nr 3, ul. Ignacego Mościckiego 14, 47-223 Kędzierzyn-Koźle";160301;"m. Kędzierzyn-Koźle";"kędzierzyńsko-kozielski";"opolskie";1;1;2;0;1;0;0;1;1;0;2;0;0;0;3;2;0;0;0;0;0;0;0;0;0;1;50;4;5;0;8;10;2;0;0;0;1;7;1;2;1;4;2;4;3;4;2;0;1;1;32;0;5;2;4;0;3;3;1;1;0;2;2;2;1;2;1;6;0;0;0;3;0;0;35;61;41;40;28;3;0;1;2;5;1;7;2;0;0;0;1;0;1;0;1;0;0;4;33;3;3;4;1;5;3;1;0;0;0;1;0;1;1;0;0;0;1;0;0;0;3;0;101;18;20;2;3;3;133;4;1;0;0;0;14;45;0;1;0;0;17;2;3;0;0;5;4;0;2;0;1;0;0;0;0;1;0;0;1;0;0;0;2;1;0;0;0;1;0;0;0;0;0;1;0;0;0;0;0;1;0;0;0;0;0;1
26;"Dom Kultury ""Lech"", ul. Wyzwolenia 7b, 47-225 Kędzierzyn-Koźle";160301;"m. Kędzierzyn-Koźle";"kędzierzyńsko-kozielski";"opolskie";1;1;11;2;3;0;1;2;2;1;2;0;0;0;0;4;0;1;0;0;0;0;0;1;0;2;64;6;5;2;5;9;2;2;2;0;4;11;0;0;1;3;3;0;2;1;4;0;2;1;32;2;1;5;5;0;4;2;1;0;1;0;2;2;0;1;1;4;2;0;1;0;7;1;75;68;37;45;23;5;2;1;9;3;0;26;1;0;2;2;1;2;0;0;2;0;0;2;29;5;7;6;1;1;1;0;0;0;2;0;0;0;2;1;0;1;0;0;0;2;0;2;152;11;43;7;9;6;106;6;2;2;4;3;7;37;0;0;0;2;33;3;1;2;0;7;10;3;1;1;2;0;2;0;1;0;0;0;1;0;1;1;2;1;2;2;1;0;0;0;0;0;0;0;0;0;0;0;0;0;0;0;0;0;0;0
27;"Siedziba Rady Osiedla Lenartowice, ul. Nowowiejska 8, 47-225 Kędzierzyn-Koźle";160301;"m. Kędzierzyn-Koźle";"kędzierzyńsko-kozielski";"opolskie";1;1;1;0;0;0;0;0;0;0;0;0;0;0;0;0;0;0;0;0;0;0;0;0;0;0;20;5;4;1;0;2;0;0;0;2;3;0;1;1;0;0;3;0;0;0;0;0;0;0;10;0;0;1;1;1;3;0;0;0;0;0;0;0;0;0;0;0;1;1;2;0;0;1;14;12;7;7;12;1;0;1;2;1;1;11;0;0;0;0;0;0;0;0;0;0;0;1;8;2;2;1;0;0;1;1;0;0;0;0;0;0;0;0;0;0;0;0;0;0;0;2;21;3;7;1;1;0;40;0;0;0;1;0;1;4;0;0;0;0;1;1;0;1;0;1;1;0;0;0;1;0;0;0;0;0;0;0;0;0;0;0;3;0;0;0;0;0;0;0;0;0;1;0;1;0;0;0;0;0;0;0;0;0;0;0
28;"Publiczna Szkoła Podstawowa nr 10, ul. Szkolna 3, 47-225 Kędzierzyn-Koźle";160301;"m. Kędzierzyn-Koźle";"kędzierzyńsko-kozielski";"opolskie";1;1;1;0;0;1;0;1;0;0;0;0;0;0;0;0;0;0;0;1;0;0;1;0;0;0;26;2;0;1;0;5;0;0;0;0;1;0;0;1;0;1;0;1;2;0;0;0;0;1;15;1;1;0;1;0;0;0;0;0;0;0;0;0;0;0;0;2;0;0;1;1;1;0;12;13;8;11;8;1;0;1;1;1;0;8;0;0;0;0;0;0;0;0;0;1;0;0;9;2;0;1;0;1;0;0;0;1;0;0;0;0;1;0;0;0;0;1;0;0;0;0;27;1;4;2;1;0;26;1;0;0;0;1;3;11;1;0;0;1;13;1;0;0;0;0;1;0;0;1;0;0;0;0;0;0;0;0;0;0;0;0;13;1;2;0;0;1;0;1;0;1;0;0;0;0;0;0;0;0;0;0;0;0;0;0
29;"Zespół Szkolno-Przedszkolny nr 1 (Publiczna Szkoła Podstawowa nr 18), ul. Jana Brzechwy 80, 47-230 Kędzierzyn-Koźle";160301;"m. Kędzierzyn-Koźle";"kędzierzyńsko-kozielski";"opolskie";1;1;2;1;1;0;0;3;1;0;0;0;0;0;0;4;0;0;0;1;0;0;1;0;2;0;48;4;5;4;5;12;1;0;2;1;0;3;1;1;3;4;1;0;0;0;0;1;2;0;28;3;2;5;3;0;0;2;0;1;0;0;0;6;0;0;1;2;0;1;2;0;0;0;65;29;20;18;34;0;0;0;1;4;0;36;1;1;0;2;0;0;0;2;2;0;1;0;36;2;5;3;3;0;1;1;2;0;1;2;2;0;1;0;0;0;0;0;0;0;0;2;82;4;31;3;4;5;88;4;0;1;0;0;5;21;0;0;0;6;8;1;2;4;0;7;11;2;0;0;3;1;3;0;1;1;1;0;0;0;0;1;55;9;0;16;0;2;6;0;2;0;4;1;0;0;1;1;0;0;4;0;0;0;2;1
30;"Strażnica Ochotniczej Straży Pożarnej Miejsce Kłodnickie, ul. Szpaków 11, 47-230 Kędzierzyn-Koźle";160301;"m. Kędzierzyn-Koźle";"kędzierzyńsko-kozielski";"opolskie";1;1;4;0;0;0;0;0;0;1;0;0;0;0;1;3;0;0;1;0;0;0;0;0;0;0;4;1;0;2;0;1;0;0;1;0;3;1;0;0;0;0;1;0;0;0;0;0;0;0;5;0;1;1;0;0;0;0;0;0;0;0;0;1;0;0;0;1;0;0;0;0;0;0;12;12;11;3;5;2;0;0;1;1;1;5;0;1;0;0;0;0;0;0;1;0;1;0;7;0;2;0;0;1;1;0;1;0;1;0;0;0;0;0;0;0;0;0;0;0;0;0;12;0;3;3;1;0;15;0;0;1;1;1;1;5;0;0;0;7;3;0;1;0;0;1;0;0;0;0;0;0;0;0;1;0;0;0;0;1;0;0;2;2;0;1;0;1;0;0;0;0;0;1;0;0;0;0;0;0;0;0;0;0;0;0
31;"Publiczna Szkoła Podstawowa nr 16, ul. Sławięcicka 96, 47-230 Kędzierzyn-Koźle";160301;"m. Kędzierzyn-Koźle";"kędzierzyńsko-kozielski";"opolskie";1;1;2;1;0;0;1;0;0;2;0;0;1;1;0;3;0;1;2;1;0;0;0;0;0;1;76;9;7;5;7;11;4;0;0;2;4;7;0;1;3;2;4;3;4;1;5;0;5;2;56;5;2;2;5;1;3;2;2;0;1;3;0;2;1;4;0;5;2;0;2;0;1;1;78;80;63;35;20;7;3;0;3;3;0;7;2;1;1;1;0;0;0;2;0;0;2;0;38;4;1;5;4;4;1;0;0;1;2;0;2;0;2;0;2;0;0;0;0;0;1;0;152;18;39;1;1;1;128;2;1;1;1;1;7;16;3;1;1;7;24;1;0;1;0;2;11;0;0;1;2;2;2;0;1;1;0;0;0;0;1;1;37;2;4;10;1;1;3;1;1;0;0;0;0;0;0;0;0;0;0;1;0;0;0;0
32;"Szpital Zespolony w Kędzierzynie-Koźlu, ul. Doktora Judyma 4, 47-220 Kędzierzyn-Koźle";160301;"m. Kędzierzyn-Koźle";"kędzierzyńsko-kozielski";"opolskie";1;1;0;0;0;0;0;0;0;0;0;0;0;1;0;0;0;0;0;0;0;0;0;0;0;0;1;0;0;0;0;0;0;0;0;0;0;0;0;0;0;0;0;0;0;0;0;0;0;0;1;0;0;0;0;0;0;0;0;0;0;0;0;0;0;0;0;0;0;0;0;0;0;0;3;3;0;1;0;0;0;0;0;0;0;0;0;0;0;0;0;0;0;0;0;0;0;0;0;0;0;0;0;0;0;0;0;0;0;0;0;0;0;0;0;0;0;0;0;0;0;0;3;0;1;0;0;1;2;0;0;0;0;0;0;0;0;0;0;0;0;0;1;0;0;0;0;0;0;0;0;0;0;0;0;0;0;0;0;0;0;0;0;0;0;0;1;0;0;0;0;0;0;1;0;0;0;0;0;0;0;0;0;0;0;0
33;"Dom Pomocy Społecznej, ul. Zielna 1, 47-230 Kędzierzyn-Koźle";160301;"m. Kędzierzyn-Koźle";"kędzierzyńsko-kozielski";"opolskie";1;1;0;0;1;0;0;1;0;0;0;0;0;0;0;0;0;0;0;0;0;0;0;0;0;0;0;0;1;1;0;0;0;0;0;0;0;0;0;0;0;0;0;0;0;0;0;0;0;0;0;0;0;0;0;0;0;0;0;0;0;0;0;0;0;0;0;0;1;0;0;0;0;0;2;0;0;0;1;0;0;0;1;0;0;0;0;0;0;0;0;0;0;0;0;0;0;0;1;0;0;0;1;0;0;0;0;0;0;0;0;0;0;0;0;0;0;0;0;0;0;0;0;1;0;0;0;0;1;1;1;0;0;0;1;1;0;0;0;0;0;0;0;0;0;0;0;0;0;0;0;0;0;0;0;0;0;0;0;0;1;0;3;0;0;0;0;0;0;0;0;1;0;0;0;0;0;0;0;0;0;0;0;0;0;0
34;"Szpital Zespolony w Kędzierzynie-Koźlu, ul. Franklina Delano Roosevelta 2, 47-200 Kędzierzyn-Koźle";160301;"m. Kędzierzyn-Koźle";"kędzierzyńsko-kozielski";"opolskie";1;1;0;0;0;0;0;0;0;0;0;0;0;0;0;0;0;0;0;0;0;0;0;0;0;0;3;0;0;0;0;0;0;0;0;0;1;0;0;0;0;0;0;0;0;0;0;0;0;0;2;0;0;0;0;0;0;0;0;0;0;0;0;0;0;0;0;0;0;0;0;0;0;0;6;2;2;1;0;0;0;0;0;0;0;0;0;0;0;0;0;0;0;1;0;0;0;0;0;0;0;0;0;0;0;0;0;0;0;0;0;0;0;0;0;0;0;0;0;0;0;0;5;0;1;0;0;0;6;0;0;0;0;0;0;1;1;0;0;0;1;1;0;0;0;0;0;0;0;0;0;0;0;0;0;0;0;0;0;0;0;0;0;0;0;0;0;0;0;0;0;0;0;0;0;0;0;0;0;0;0;0;0;0;0;0
35;"Zakład Karny nr 1 w Strzelcach Opolskich Oddział Zewnętrzny w Kędzierzynie-Koźlu, ul. Racławicka 10, 47-200 Kędzierzyn-Koźle";160301;"m. Kędzierzyn-Koźle";"kędzierzyńsko-kozielski";"opolskie";1;1;1;0;0;0;0;0;0;0;0;0;0;0;0;0;0;0;0;0;0;0;0;0;0;0;6;2;0;0;1;1;0;0;2;1;1;2;0;0;0;0;0;0;0;0;0;0;1;1;3;0;0;0;0;0;1;1;1;0;1;0;0;0;1;0;0;0;0;0;0;0;0;0;4;0;0;0;1;0;0;0;1;0;0;0;0;0;0;0;0;0;0;0;0;0;0;0;1;0;0;0;0;0;0;0;0;0;1;0;1;0;0;0;0;0;0;0;0;0;0;0;10;3;2;0;0;1;4;0;0;0;0;0;0;0;0;0;0;0;1;0;0;0;0;1;0;0;0;0;0;0;0;0;0;0;0;0;0;0;0;0;1;0;0;0;0;0;0;0;0;0;0;0;0;0;0;0;0;0;0;0;0;0;0;0
36;"Dom Seniora, ul. Sławięcicka 83, 47-230 Kędzierzyn-Koźle";160301;"m. Kędzierzyn-Koźle";"kędzierzyńsko-kozielski";"opolskie";1;1;0;0;0;0;0;0;0;1;0;0;0;0;0;0;0;0;0;0;0;0;0;0;0;0;1;0;0;0;0;0;0;0;0;0;0;0;0;0;0;1;0;0;0;0;0;0;0;0;0;0;0;0;0;0;0;0;1;0;0;0;0;1;0;0;0;0;0;0;0;0;0;0;3;0;0;0;0;0;0;0;0;0;0;0;0;0;0;0;0;0;0;0;0;0;0;0;0;0;0;0;0;0;0;0;0;0;0;0;0;0;0;0;0;0;0;0;0;0;0;0;1;1;0;0;0;0;1;0;0;0;0;0;0;0;0;0;0;0;0;0;0;0;0;0;0;0;0;0;0;0;0;0;0;0;0;0;0;0;0;0;0;0;0;0;0;0;0;0;0;0;0;0;0;0;0;0;0;0;0;0;0;0;0;0
1;"Szkoła Podstawowa, Stare Koźle ul. Szkolna 5, 47-223 Kędzierzyn-Koźle";160302;"gm. Bierawa";"kędzierzyńsko-kozielski";"opolskie";1;1;1;0;0;0;0;1;0;0;0;0;0;0;0;0;0;0;0;0;0;0;1;0;0;0;36;5;1;3;4;5;1;0;1;0;1;4;2;0;0;3;1;1;0;1;0;0;0;2;12;1;2;0;2;1;1;0;1;1;1;0;0;0;0;2;0;0;0;0;0;0;0;0;24;49;12;2;8;3;0;0;0;0;0;5;0;0;0;0;1;0;1;0;0;0;0;1;13;2;0;0;0;0;1;2;0;0;0;1;0;1;1;0;0;0;0;0;0;1;0;0;32;14;8;2;0;2;55;3;1;1;1;2;8;16;0;0;0;0;4;0;0;0;0;2;5;0;2;0;1;0;1;2;0;0;0;1;0;0;0;1;8;2;0;3;0;0;2;0;0;0;0;25;0;0;0;0;0;0;2;0;1;0;0;2
2;"Szkoła Podstawowa, ul. Kościelna 1, 47-240 Bierawa";160302;"gm. Bierawa";"kędzierzyńsko-kozielski";"opolskie";1;1;2;2;2;0;0;2;0;2;0;0;0;0;0;1;0;0;0;1;0;0;0;0;0;1;36;4;12;4;7;10;2;0;1;0;0;6;0;3;1;3;0;1;1;0;1;0;0;2;28;1;1;2;4;0;3;0;3;0;1;2;0;2;0;3;0;0;1;0;0;0;0;0;51;67;27;28;31;15;1;1;3;1;3;5;1;0;2;2;1;1;0;1;0;2;1;0;25;0;2;7;0;0;2;0;1;2;0;1;0;0;2;1;0;0;0;2;1;1;0;1;85;14;25;4;3;4;94;3;1;1;1;0;29;14;0;2;2;1;12;0;2;1;0;4;8;0;1;0;2;0;0;1;2;0;0;1;0;0;0;1;7;6;0;1;0;0;0;0;0;0;1;64;1;0;0;0;0;0;1;0;0;0;0;2
3;"Świetlica wiejska, Lubieszów ul. Bierawska 37, 47-244 Dziergowice";160302;"gm. Bierawa";"kędzierzyńsko-kozielski";"opolskie";1;1;2;1;0;0;1;0;0;0;0;0;0;0;0;0;0;0;0;0;0;0;0;0;0;0;17;2;1;1;4;2;1;0;0;0;0;0;0;0;0;1;1;0;0;0;0;0;0;0;4;0;0;0;0;0;0;0;1;1;0;0;0;0;0;0;0;0;1;0;0;0;0;0;13;34;6;9;4;1;0;0;0;0;0;0;0;0;0;0;0;0;0;0;1;0;0;0;5;3;2;2;1;0;0;0;2;0;1;0;0;0;0;0;0;0;0;0;0;2;0;0;35;1;7;0;0;2;22;0;1;1;1;0;0;3;0;0;0;1;3;1;1;0;0;0;1;1;0;0;0;0;0;0;0;0;0;0;0;0;0;0;6;1;0;1;0;0;0;1;0;1;0;14;1;0;0;1;0;0;6;0;1;0;0;1
4;"Szkoła Podstawowa, ul. Kozielska 8, 47-244 Dziergowice";160302;"gm. Bierawa";"kędzierzyńsko-kozielski";"opolskie";1;1;5;1;0;0;1;0;0;1;0;0;0;1;0;0;0;0;0;1;0;0;0;0;1;0;52;4;8;1;7;7;0;1;1;0;4;8;0;4;2;4;0;3;0;1;1;0;1;3;13;2;4;0;4;1;1;2;0;0;0;1;0;1;2;1;0;4;1;0;0;0;1;0;61;79;23;22;16;4;2;2;1;4;2;1;0;2;1;1;1;1;1;0;2;1;1;1;35;2;1;2;0;2;0;0;0;0;0;1;0;0;3;2;2;0;1;0;1;1;0;1;76;12;11;6;0;2;71;0;4;0;4;0;0;20;0;2;0;2;7;0;0;0;0;2;9;0;2;5;0;0;1;1;1;2;1;0;3;0;0;4;28;5;4;4;0;8;0;0;1;4;0;24;0;0;0;0;0;0;3;0;0;0;2;6
5;"Szkoła Podstawowa, Solarnia ul. Raciborska 42, 47-244 Dziergowice";160302;"gm. Bierawa";"kędzierzyńsko-kozielski";"opolskie";1;1;2;0;0;0;0;0;0;0;0;0;0;0;0;0;0;0;0;0;0;0;0;0;1;0;13;0;1;1;1;1;1;0;0;0;1;3;0;0;0;0;0;1;1;1;0;0;0;0;10;2;1;0;0;0;1;0;0;0;0;2;0;1;0;0;0;1;1;0;0;0;0;0;20;20;2;25;4;0;0;0;0;0;0;0;0;0;0;1;0;0;0;0;0;0;0;0;9;0;2;0;1;1;0;0;0;0;2;0;0;0;0;1;0;0;0;0;0;1;0;0;24;2;10;1;0;3;5;0;1;0;0;1;2;1;0;0;0;0;1;0;1;0;0;0;1;0;0;0;0;0;1;0;0;0;0;0;0;0;0;0;10;0;0;1;0;0;0;0;0;0;0;6;0;0;0;0;0;0;0;0;0;0;0;0
6;"Szkoła Podstawowa, Stara Kuźnia ul. Szkolna 3, 47-246 Kotlarnia";160302;"gm. Bierawa";"kędzierzyńsko-kozielski";"opolskie";1;1;1;0;2;0;0;1;0;1;0;0;0;0;2;0;0;0;0;1;1;0;0;0;0;0;19;6;2;1;1;2;2;0;0;1;0;2;3;0;0;1;2;0;0;1;0;0;1;0;7;0;0;2;0;0;2;0;2;1;1;0;0;1;0;0;0;1;2;0;0;0;0;1;29;23;4;13;4;2;2;0;0;2;0;2;0;0;3;0;1;1;0;1;0;0;2;2;12;1;0;2;1;2;1;0;0;0;1;0;1;0;0;0;0;0;0;0;0;0;0;0;29;7;1;1;3;3;24;3;0;0;2;0;2;3;0;1;0;1;8;1;0;1;0;1;1;0;0;2;0;0;0;1;0;1;0;0;0;0;0;0;18;1;0;2;0;0;0;0;0;0;1;10;0;1;0;0;0;0;0;0;0;0;0;1
7;"Świetlica wiejska, ul. Gliwicka 34, 47-246 Kotlarnia";160302;"gm. Bierawa";"kędzierzyńsko-kozielski";"opolskie";1;1;2;1;0;1;1;0;1;0;0;0;0;0;1;0;0;0;0;0;0;1;0;0;1;0;18;1;3;0;2;2;0;1;0;0;1;1;0;0;0;0;1;0;0;0;0;0;0;0;17;1;0;3;1;0;1;0;0;0;0;0;2;1;1;3;0;0;0;1;0;0;0;1;27;46;21;25;9;6;0;0;1;1;0;2;0;1;1;0;1;0;0;1;0;0;0;0;11;3;3;2;1;0;0;0;0;0;1;0;1;1;0;0;0;0;1;0;0;0;0;0;41;8;6;2;0;1;18;2;0;1;2;1;3;2;0;0;1;1;6;2;0;1;1;5;5;1;0;2;3;0;3;0;1;1;0;2;0;1;0;0;2;1;1;1;0;0;0;0;1;0;0;2;0;1;0;0;0;0;0;0;0;0;0;0
8;"Dom Ludowy w Brzeźcach, Brzeźce ul. Rybna 1A, 47-223 Kędzierzyn-Koźle";160302;"gm. Bierawa";"kędzierzyńsko-kozielski";"opolskie";1;1;1;1;1;0;0;0;0;1;0;0;0;0;0;0;1;1;1;0;0;0;0;0;1;0;7;1;4;0;1;1;1;0;0;0;1;0;0;0;0;0;1;0;0;0;1;0;0;0;7;2;0;2;0;0;1;1;2;0;0;0;1;0;0;0;0;3;1;0;0;0;1;1;14;12;5;11;9;4;0;0;0;0;0;2;0;0;0;0;1;0;0;1;0;0;0;0;19;1;1;0;0;1;1;0;0;0;0;0;0;0;0;1;0;0;0;0;0;0;0;0;35;4;6;2;1;0;41;0;0;0;2;0;1;10;0;1;0;0;6;1;0;0;0;1;6;1;0;0;0;0;1;0;0;0;0;0;0;0;0;0;7;1;0;0;0;1;0;0;0;0;0;8;0;0;0;0;0;0;0;0;0;0;0;0
9;"Świetlica Wiejska w Ortowicach, Ortowice ul. Gliwicka 26, 47-246 Kotlarnia";160302;"gm. Bierawa";"kędzierzyńsko-kozielski";"opolskie";1;1;0;0;0;0;0;0;0;0;0;1;0;0;0;1;0;0;1;0;0;0;0;0;0;0;9;2;2;1;0;2;0;0;0;0;1;2;0;0;0;0;0;0;1;0;0;0;0;1;4;1;1;1;0;0;1;1;1;0;0;0;0;0;0;2;0;0;0;0;0;0;0;0;4;7;7;5;0;1;0;0;0;0;1;0;0;0;2;0;0;0;0;0;1;0;0;0;2;0;0;1;0;0;0;1;0;0;0;0;0;1;0;0;1;0;0;0;0;0;0;0;15;4;2;3;0;3;8;1;0;2;0;0;0;0;0;0;0;0;1;0;0;1;0;0;5;0;0;1;0;0;0;0;0;0;1;0;0;0;0;0;1;0;0;0;1;0;0;0;0;0;0;4;0;0;0;0;0;0;0;0;0;0;0;0
1;"Gminny Ośrodek Kultury, ul. Planetorza 30, 47-253 Cisek";160303;"gm. Cisek";"kędzierzyńsko-kozielski";"opolskie";1;1;2;2;1;0;1;0;1;0;0;1;1;1;1;0;0;0;0;1;0;0;0;0;0;0;21;5;2;0;6;1;0;1;0;1;0;2;0;2;0;1;2;2;0;0;0;0;0;1;11;0;0;0;2;0;1;0;0;0;0;0;0;1;0;4;0;2;1;0;0;2;0;0;36;40;16;17;11;7;0;1;0;2;1;1;0;0;0;0;2;0;0;0;0;1;1;0;20;5;4;0;0;2;0;0;0;0;1;0;0;0;0;0;0;0;0;0;0;2;1;0;39;14;33;2;4;4;48;0;2;0;1;1;1;4;1;0;0;0;5;0;0;0;0;2;1;0;1;0;0;1;0;0;0;0;0;0;0;0;0;0;16;2;0;1;0;2;9;0;0;0;2;3;1;0;0;0;0;0;45;0;0;0;0;0
2;"Wiejski Dom Kultury, Nieznaszyn ul. Wiejska 25, 47-260 Polska Cerekiew";160303;"gm. Cisek";"kędzierzyńsko-kozielski";"opolskie";1;1;3;0;0;0;0;0;0;0;1;0;1;0;0;0;0;0;0;0;0;0;0;0;2;0;21;1;0;1;1;1;0;0;0;0;0;2;0;0;0;0;0;0;0;0;0;0;0;0;6;1;2;3;0;0;2;0;0;0;0;0;0;0;0;0;0;0;0;1;1;1;0;1;34;31;8;8;12;0;1;0;1;1;1;1;0;1;1;0;0;0;0;0;2;0;0;0;14;2;1;4;4;0;2;2;0;0;0;0;0;0;1;0;0;0;0;0;0;0;1;1;32;4;14;1;0;3;47;0;0;1;0;0;2;0;1;1;0;0;10;0;0;0;0;1;4;0;0;0;2;0;0;0;1;0;0;0;0;0;0;0;24;14;2;0;0;0;9;0;0;0;1;0;0;0;0;0;0;0;45;0;1;0;0;4
3;"Szkoła Podstawowa, Łany ul. Główna 98a, 47-253 Cisek";160303;"gm. Cisek";"kędzierzyńsko-kozielski";"opolskie";1;1;1;0;2;0;2;0;0;0;0;0;2;1;0;0;0;0;0;0;0;0;0;0;0;0;26;3;2;0;2;1;2;0;1;5;2;3;0;0;0;1;1;0;2;0;1;0;0;0;14;8;1;1;0;1;3;0;4;0;0;0;3;1;1;1;0;0;1;0;0;0;1;0;63;82;10;15;14;8;1;5;3;2;3;3;0;2;1;0;0;0;2;2;0;0;0;1;15;1;4;1;1;4;1;0;0;0;2;0;0;0;0;0;0;0;0;1;0;1;0;0;42;4;10;1;0;3;57;1;2;1;2;4;0;2;1;2;1;3;11;0;0;0;1;6;7;0;6;0;0;1;0;0;2;1;0;0;0;1;0;1;61;16;0;2;0;4;8;0;0;0;1;2;0;0;0;0;0;0;139;1;0;0;0;3
4;"Dom Strażaka, Roszowicki Las ul. Kochanowskiego 63, 47-253 Cisek";160303;"gm. Cisek";"kędzierzyńsko-kozielski";"opolskie";1;1;1;0;0;0;0;1;1;0;0;0;0;0;0;0;0;0;0;0;0;0;0;0;1;1;8;0;0;1;1;2;0;1;0;0;0;0;0;0;0;1;0;1;0;0;0;0;0;1;3;0;0;0;0;0;0;0;1;0;0;1;0;0;0;1;0;1;0;0;0;0;0;0;13;19;3;11;4;2;0;0;0;1;0;0;0;0;0;1;0;0;0;0;0;0;0;0;11;2;0;0;1;1;1;0;0;0;0;0;1;0;0;0;0;0;0;0;0;0;0;1;11;3;5;0;1;1;31;2;0;0;0;0;2;1;0;0;0;1;2;1;1;0;0;3;2;0;1;0;0;0;0;1;1;0;2;0;0;1;1;1;13;0;0;6;0;0;2;0;0;0;0;0;0;0;0;0;0;0;11;0;1;0;0;1
5;"Publiczna Szkoła Podstawowa w Landzmierzu, Landzmierz ul. Główna 51, 47-253 Cisek";160303;"gm. Cisek";"kędzierzyńsko-kozielski";"opolskie";1;1;0;0;0;0;0;0;0;0;1;0;1;0;0;0;0;0;0;1;0;2;0;0;0;1;32;5;2;1;4;5;0;3;1;1;3;2;1;0;0;0;0;1;0;0;1;2;1;0;12;1;0;0;1;0;0;0;1;0;0;0;0;0;0;0;0;1;0;0;0;0;0;0;18;21;8;4;8;2;0;0;2;1;1;0;0;1;1;0;1;0;2;0;0;1;0;0;20;2;2;1;2;0;0;1;1;0;0;0;2;1;0;0;0;2;0;0;1;0;0;0;42;5;16;1;1;2;81;0;1;3;0;0;2;5;1;0;1;1;12;0;0;0;0;3;7;1;0;0;4;0;1;0;0;1;0;1;0;0;0;0;18;7;3;2;0;6;5;0;0;0;2;1;0;0;1;0;0;1;34;0;0;1;0;4
1;"Remiza OSP, ul. Wyzwolenia 67, 47-280 Pawłowiczki";160304;"gm. Pawłowiczki";"kędzierzyńsko-kozielski";"opolskie";1;1;2;0;0;0;1;0;0;0;0;1;0;0;0;2;1;0;2;0;0;0;0;0;0;0;23;6;2;5;4;1;0;0;0;1;18;2;1;1;0;39;0;0;1;0;0;0;1;1;17;3;0;1;2;0;1;0;0;0;0;0;0;0;0;1;0;1;0;0;0;1;0;0;62;58;17;19;16;2;0;2;2;2;1;4;0;0;2;0;1;0;1;0;3;0;0;2;15;4;3;4;5;1;1;0;0;0;1;0;0;0;2;1;0;0;0;0;0;0;1;1;73;4;23;7;0;1;109;1;4;1;0;0;1;12;4;0;0;7;10;2;1;1;0;4;4;0;0;2;0;0;2;0;0;1;0;0;1;0;0;2;24;8;2;3;0;0;6;0;0;0;1;2;0;0;2;0;0;0;1;0;0;0;0;6
2;"Świetlica Wiejska, Ostrożnica ul. Kościelna 3, 47-280 Pawłowiczki";160304;"gm. Pawłowiczki";"kędzierzyńsko-kozielski";"opolskie";1;1;6;0;0;0;0;1;0;0;1;0;0;0;0;0;0;0;0;0;0;0;0;0;1;1;15;2;0;5;2;1;0;0;4;0;3;2;0;0;0;14;0;1;0;0;0;0;0;0;7;1;0;0;0;1;0;1;0;0;0;0;0;1;0;2;0;0;1;0;0;6;0;0;34;31;6;9;21;0;0;0;0;2;0;2;0;0;0;0;0;0;0;1;0;0;0;1;8;0;1;0;0;1;0;0;2;0;2;1;0;0;0;0;0;0;0;2;0;1;0;0;31;4;7;1;1;0;49;0;2;0;1;0;2;2;1;0;0;0;9;0;0;0;0;1;2;0;0;0;0;0;0;0;0;0;0;0;2;0;1;1;25;6;2;1;0;5;8;1;1;0;1;3;0;0;0;0;0;0;1;0;0;0;1;10
3;"Remiza 0SP, Maciowakrze ul. Spółdzielcza 6, 47-280 Pawłowiczki";160304;"gm. Pawłowiczki";"kędzierzyńsko-kozielski";"opolskie";1;1;1;0;0;0;0;0;2;0;0;0;0;0;0;0;0;0;0;0;0;0;0;0;0;0;6;3;0;0;0;0;0;0;0;0;43;0;0;1;0;5;0;1;0;0;0;0;0;0;3;2;0;1;0;0;0;0;0;0;0;0;1;2;0;1;0;0;0;0;0;0;0;0;15;26;2;2;3;0;0;0;0;2;0;0;0;0;0;0;0;0;0;0;0;0;0;0;3;1;3;0;0;0;0;1;0;0;0;0;0;0;0;0;0;1;1;0;0;0;0;0;19;1;4;2;3;0;7;0;0;0;0;1;0;0;1;2;1;0;0;0;1;0;0;2;0;0;0;0;0;0;0;0;0;1;0;0;0;0;0;0;19;10;0;3;0;2;1;0;0;0;0;0;0;0;0;0;0;1;2;0;0;0;0;1
4;"Świetlica Wiejska, Jakubowice 2B, 47-280 Pawłowiczki";160304;"gm. Pawłowiczki";"kędzierzyńsko-kozielski";"opolskie";1;1;1;1;0;0;2;0;1;0;1;1;0;0;1;2;0;0;0;0;0;0;0;0;0;0;19;1;1;1;2;2;0;0;1;1;3;0;1;4;0;11;2;0;0;0;0;0;0;0;14;1;2;5;0;0;0;1;2;0;0;1;1;0;0;2;1;0;0;0;0;1;2;1;25;28;18;8;7;2;2;0;2;1;0;0;0;1;0;0;0;1;1;0;2;0;0;1;9;0;0;2;1;0;0;0;1;0;1;0;0;0;0;1;0;0;0;0;0;0;1;0;39;8;9;1;2;2;16;0;0;0;0;1;0;1;6;0;0;1;4;0;0;0;0;2;5;0;0;0;0;0;0;1;0;0;0;0;0;0;0;1;10;5;0;0;0;1;2;0;0;0;0;0;0;0;0;0;0;0;1;0;0;0;0;1
5;"Wiejski Dom Kultury, ul. Kozielska 1, 47-270 Gościęcin";160304;"gm. Pawłowiczki";"kędzierzyńsko-kozielski";"opolskie";1;1;3;1;1;1;0;1;1;1;2;0;0;0;0;1;1;0;0;0;0;0;0;0;0;1;29;0;2;2;3;1;0;4;1;0;1;2;0;1;2;23;0;1;2;0;0;2;0;0;11;1;1;2;2;0;0;0;2;0;0;0;1;1;0;0;0;1;0;2;0;8;1;0;75;41;41;54;11;8;1;0;3;3;0;0;0;0;1;0;0;0;3;0;3;1;0;2;32;1;1;4;0;1;3;0;2;1;1;0;1;1;0;0;0;0;1;0;1;2;0;0;35;4;10;0;0;1;55;0;3;0;0;0;5;1;0;0;0;2;5;4;0;0;1;3;1;0;2;0;1;0;1;0;0;0;0;0;0;0;2;0;21;3;5;1;2;3;6;0;0;1;2;0;5;0;0;0;0;1;0;0;0;0;0;3
6;"Publiczna Szkoła Podstawowa, Naczęsławice ul. Główna 19, 47-270 Gościęcin";160304;"gm. Pawłowiczki";"kędzierzyńsko-kozielski";"opolskie";1;1;3;1;0;1;1;0;0;0;0;0;1;0;0;0;0;0;0;0;0;1;0;0;3;0;7;2;0;0;1;0;0;0;0;0;0;0;1;0;0;1;0;0;0;0;0;0;0;0;9;2;4;0;0;0;1;0;0;0;0;0;0;0;0;0;0;0;0;0;0;1;1;0;18;7;10;9;6;2;0;1;1;0;0;0;0;0;0;0;0;0;0;0;0;1;1;0;17;1;0;3;1;1;0;2;0;0;0;1;0;2;1;0;1;0;0;0;0;0;0;1;12;2;5;1;1;1;19;0;1;0;2;0;0;0;0;0;0;0;2;3;0;0;0;5;3;1;0;0;2;0;0;0;0;0;0;0;0;0;0;0;31;3;1;1;1;0;2;2;0;2;1;0;5;0;0;0;0;0;0;2;0;0;0;1
7;"Wiejski Dom Kultury, Trawniki ul. Leśna 62, 47-270 Gościęcin";160304;"gm. Pawłowiczki";"kędzierzyńsko-kozielski";"opolskie";1;1;0;0;3;0;0;1;0;0;0;0;0;0;0;0;1;1;0;0;1;1;0;0;0;0;5;1;2;3;0;0;0;0;0;0;0;0;0;0;0;5;0;0;0;0;0;0;0;0;1;0;0;1;1;0;0;0;0;0;0;0;0;0;0;0;0;1;0;0;0;1;1;0;5;12;13;7;8;1;0;0;0;0;0;1;0;0;1;0;0;0;0;0;0;0;0;0;2;1;1;0;1;1;0;1;0;1;0;0;0;0;0;0;0;0;0;0;0;0;0;0;4;0;5;0;0;1;12;0;0;0;0;0;0;0;0;1;0;3;2;0;0;0;0;3;0;0;0;0;0;0;0;0;0;0;0;0;0;0;0;0;11;3;0;0;0;0;9;0;0;0;5;0;6;0;0;1;0;0;0;0;0;0;0;1
8;"Remiza OSP, Ucieszków ul. Szkolna 25, 47-280 Pawłowiczki";160304;"gm. Pawłowiczki";"kędzierzyńsko-kozielski";"opolskie";1;1;5;0;2;0;0;0;1;0;0;0;0;0;0;1;0;0;1;0;0;0;0;1;0;0;3;3;0;2;0;0;1;0;0;0;1;1;0;0;1;7;0;1;0;0;0;0;0;0;6;0;0;0;0;0;0;0;0;0;0;2;1;0;0;0;0;0;0;0;0;0;0;0;10;12;3;11;6;3;2;1;0;0;0;0;0;0;0;0;0;0;0;0;1;0;0;0;7;6;1;0;1;1;0;0;1;0;0;1;0;0;0;0;0;0;0;0;0;0;0;0;6;0;3;1;0;0;15;1;0;0;1;0;0;2;1;0;1;0;4;1;0;0;0;0;0;0;0;0;0;0;0;0;0;0;0;0;0;0;0;0;23;3;0;1;1;2;13;0;1;0;2;0;2;0;0;0;0;0;3;0;0;0;0;2
9;"Świetlica, Urbanowice ul. Kozielska 50, 47-270 Gościęcin";160304;"gm. Pawłowiczki";"kędzierzyńsko-kozielski";"opolskie";1;1;0;0;0;0;0;0;0;0;0;0;0;0;0;0;0;0;0;0;1;0;0;0;0;0;5;1;1;2;1;0;0;0;0;0;0;0;0;0;0;5;0;2;0;0;0;0;0;0;6;1;1;0;0;0;0;0;0;0;0;0;0;0;0;0;0;0;0;0;0;0;1;0;18;11;0;12;6;5;1;0;0;0;0;0;0;0;0;0;0;0;0;0;0;0;1;0;2;1;0;2;0;0;0;1;0;0;0;0;0;0;4;0;0;0;0;0;0;0;0;0;15;2;3;1;0;1;21;0;2;0;0;0;0;1;0;0;0;1;6;2;0;0;0;5;1;0;0;0;1;0;0;1;0;0;0;0;0;0;0;0;5;2;0;2;0;0;2;0;0;0;1;0;0;0;0;0;0;0;0;0;0;0;0;4
10;"Dom Opieki Jakubowice Sp. z o. o., Jakubowice 15A, 47-280 Pawłowiczki";160304;"gm. Pawłowiczki";"kędzierzyńsko-kozielski";"opolskie";1;1;0;0;0;0;0;0;0;0;1;0;0;0;0;0;0;0;0;0;0;0;0;1;0;0;0;0;0;0;0;0;0;0;0;0;0;0;0;0;0;0;1;0;0;0;0;0;0;0;0;0;0;0;0;0;0;0;0;0;1;0;0;0;0;0;1;0;0;0;0;0;0;0;0;0;1;0;1;1;0;0;0;0;0;0;0;0;0;0;0;0;0;0;1;0;0;0;0;0;0;0;0;0;0;0;0;0;0;0;0;0;0;0;0;0;0;0;0;0;0;0;3;0;0;1;0;0;0;0;0;0;0;0;0;0;0;0;0;0;0;0;0;0;0;0;0;0;1;0;0;0;0;1;0;0;0;0;0;0;0;0;1;0;0;1;0;0;0;0;0;0;0;0;0;0;1;0;0;0;0;0;0;0;0;0
1;"Urząd Gminy, ul. Raciborska 4, 47-260 Polska Cerekiew";160305;"gm. Polska Cerekiew";"kędzierzyńsko-kozielski";"opolskie";1;1;2;2;1;0;1;0;1;0;0;0;1;0;1;1;0;1;0;0;0;0;0;0;1;0;27;4;1;2;2;6;0;0;2;0;0;2;0;2;1;5;0;2;2;0;0;0;1;0;30;5;0;2;1;0;1;1;2;0;1;1;0;1;0;0;1;0;1;0;0;0;0;0;56;29;12;11;9;0;0;0;1;4;0;0;1;2;0;0;0;0;0;1;6;2;0;1;24;3;6;4;2;3;2;0;0;1;1;1;1;1;2;0;0;0;0;0;0;1;0;0;66;8;17;0;3;2;76;2;1;1;2;0;2;0;0;0;0;3;15;0;0;0;0;17;5;0;0;0;0;0;0;1;0;1;1;0;0;0;0;1;12;8;3;4;2;0;0;0;0;0;1;2;0;1;0;0;0;0;24;0;0;0;0;8
2;"Świetlica Wiejska, Grzędzin ul. Kościelna 32, 47-260 Polska Cerekiew";160305;"gm. Polska Cerekiew";"kędzierzyńsko-kozielski";"opolskie";1;1;1;1;0;0;0;2;0;0;1;0;1;0;0;0;1;0;0;0;0;0;0;1;0;0;11;0;1;1;1;0;0;0;0;0;3;0;0;0;0;0;0;1;0;0;0;0;0;1;10;1;0;0;1;1;0;0;1;0;1;0;0;1;0;0;0;0;0;0;0;0;0;0;16;38;0;5;7;0;0;0;0;0;0;1;0;0;0;0;0;1;0;0;1;0;0;0;3;0;0;0;2;0;0;0;0;0;0;0;1;0;0;0;0;0;0;0;1;1;0;0;20;2;6;2;2;2;14;2;0;1;0;0;0;4;1;0;0;1;1;1;0;0;0;0;1;1;0;0;0;1;0;0;0;1;0;0;0;0;0;0;19;5;1;3;0;2;3;0;1;0;3;0;0;0;0;0;0;0;26;0;0;2;0;0
3;"Caritas, Zakrzów ul. Chopina 54, 47-260 Polska Cerekiew";160305;"gm. Polska Cerekiew";"kędzierzyńsko-kozielski";"opolskie";1;1;0;2;0;1;5;0;1;1;2;0;0;0;0;0;0;1;0;1;0;0;0;0;0;0;10;2;0;0;1;1;0;0;0;2;1;1;0;0;0;3;1;0;1;0;0;0;0;1;4;0;0;0;0;0;0;0;1;0;0;0;1;0;0;1;0;0;0;0;0;0;0;0;32;16;6;4;32;2;0;0;0;1;2;0;0;1;0;0;0;1;1;1;0;0;0;1;18;3;0;3;5;0;2;0;0;1;1;1;2;0;1;1;0;0;0;0;1;1;0;1;11;3;8;0;1;1;33;1;1;0;2;0;2;1;1;0;0;0;3;0;0;0;0;10;3;0;0;0;0;0;0;0;0;0;1;0;0;0;1;0;23;3;0;6;1;0;8;0;0;1;0;2;4;0;1;1;0;0;7;2;0;0;0;4
4;"Centrum Kultury, ul. Kozielska 3, 47-260 Polska Cerekiew";160305;"gm. Polska Cerekiew";"kędzierzyńsko-kozielski";"opolskie";1;1;0;1;0;0;0;0;0;0;0;0;0;0;0;0;0;0;0;0;0;0;0;0;0;0;20;2;2;1;0;2;0;0;0;0;3;0;0;1;0;1;1;0;0;0;1;0;0;0;10;1;0;3;0;0;0;0;2;0;0;0;0;1;0;0;0;0;0;0;0;1;0;0;25;29;7;14;7;0;1;0;0;0;0;0;0;0;0;1;0;0;0;0;0;0;0;0;4;1;1;1;2;0;0;1;0;0;0;1;0;0;0;0;0;0;0;0;0;0;1;0;22;4;4;0;1;0;19;0;0;0;1;0;0;1;0;0;1;2;2;0;0;0;0;5;1;0;2;0;0;0;0;0;0;0;0;0;0;0;0;0;17;1;1;0;0;0;2;0;0;0;2;1;0;0;0;0;0;0;6;0;0;0;0;1
5;"Szkoła Podstawowa, Wronin ul. Kościelna 1, 47-260 Polska Cerekiew";160305;"gm. Polska Cerekiew";"kędzierzyńsko-kozielski";"opolskie";1;1;1;0;1;0;2;0;1;0;1;1;0;0;0;0;0;0;0;0;0;0;0;0;0;0;9;3;3;0;2;1;2;0;0;0;0;0;0;1;0;1;1;0;0;0;0;0;1;0;2;0;2;0;0;0;0;0;2;0;0;0;0;0;0;3;0;0;0;0;0;0;0;0;16;31;4;8;2;2;0;1;2;0;0;1;0;0;0;0;0;0;1;0;0;0;0;1;7;1;1;0;0;0;0;0;0;1;0;0;0;0;0;0;1;0;0;0;0;0;0;1;28;3;3;1;1;3;11;0;1;0;0;2;0;0;0;2;0;0;0;0;0;1;0;3;2;0;0;0;0;0;0;0;0;0;0;0;0;0;0;0;9;5;0;0;0;0;0;0;0;0;1;1;3;0;0;0;0;0;5;0;0;0;0;0
1;"Przedszkole Publiczne, Mechnica ul. Młyńska 40, 47-214 Poborszów";160306;"gm. Reńska Wieś";"kędzierzyńsko-kozielski";"opolskie";1;1;3;1;0;0;0;0;0;0;1;1;0;1;0;0;0;0;0;0;0;0;0;0;0;0;31;6;2;1;1;2;0;0;0;1;0;2;0;1;0;2;0;0;2;0;2;0;0;0;2;0;1;0;0;0;1;0;0;0;0;0;0;0;0;0;0;0;0;0;0;0;0;1;21;16;9;6;9;5;0;0;0;0;0;0;0;0;0;0;1;0;0;1;1;0;1;0;19;1;0;3;1;0;0;1;0;1;0;0;2;0;1;0;2;0;0;0;1;1;0;0;22;7;8;1;1;1;60;1;2;0;1;0;1;2;0;1;0;0;6;0;0;0;0;3;1;1;0;0;0;0;0;0;0;0;0;0;0;0;1;0;6;5;6;0;0;1;135;0;0;0;3;0;3;0;0;0;0;0;0;0;0;0;0;2
2;"Świetlica Wiejska, Pokrzywnica ul. 1 Maja 12, 47-208 Reńska Wieś";160306;"gm. Reńska Wieś";"kędzierzyńsko-kozielski";"opolskie";1;1;2;0;1;0;2;1;1;0;0;0;1;0;0;0;0;0;0;0;0;0;0;0;0;0;25;6;1;1;1;1;2;0;0;0;0;1;0;0;4;0;1;1;0;0;0;0;0;0;7;1;1;0;0;0;0;0;0;0;0;0;0;1;0;0;0;0;0;0;0;0;0;0;18;18;3;4;13;6;0;1;0;0;0;1;0;0;0;0;0;0;1;0;1;0;4;0;12;1;0;0;0;1;0;0;0;1;2;0;0;0;4;0;0;0;0;0;0;2;1;0;27;5;12;1;0;1;56;2;0;0;1;2;0;6;0;0;0;2;4;0;0;1;0;5;3;0;0;0;0;0;0;0;1;0;0;0;0;0;2;1;30;0;4;8;0;2;30;0;0;1;5;0;1;0;0;0;0;0;0;0;0;0;0;5
3;"Świetlica Wiejska, Większyce ul. Kozielska 5, 47-208 Reńska Wieś";160306;"gm. Reńska Wieś";"kędzierzyńsko-kozielski";"opolskie";1;1;4;1;0;0;2;1;0;0;1;0;0;0;1;0;0;0;0;0;1;0;0;0;0;0;32;7;7;1;0;1;1;1;4;1;2;5;0;0;0;2;0;2;1;0;0;0;0;0;14;1;0;2;1;0;0;0;0;0;0;0;0;0;0;0;0;0;3;0;0;0;0;1;38;32;14;17;39;15;1;1;0;0;0;1;1;0;1;0;0;1;0;0;1;1;0;0;26;1;1;5;1;1;1;2;0;0;1;0;0;0;2;1;2;0;0;0;0;3;1;1;56;4;26;1;4;2;129;4;0;0;0;1;3;8;0;1;0;1;11;0;0;0;0;10;14;0;0;0;1;0;0;0;0;0;0;0;0;0;0;0;30;4;3;2;0;1;33;0;0;1;3;1;0;1;0;0;0;0;6;0;1;2;1;5
4;"Szkoła Podstawowa, Łężce ul. Kościelna 7, 47-208 Reńska Wieś";160306;"gm. Reńska Wieś";"kędzierzyńsko-kozielski";"opolskie";1;1;3;0;2;0;0;0;2;1;2;0;0;0;0;0;0;0;2;0;0;0;0;0;0;0;17;1;1;2;0;3;2;0;0;0;0;0;0;1;0;0;0;1;0;0;0;1;1;4;10;1;1;1;2;0;1;0;0;0;1;1;0;1;0;1;0;1;1;0;0;0;0;0;30;20;12;12;10;6;0;0;2;0;0;0;0;0;1;0;1;0;1;1;0;0;1;2;17;0;3;4;1;0;0;1;0;2;0;0;0;0;0;0;1;0;0;0;0;0;0;1;35;2;5;1;2;0;65;1;0;1;0;0;1;4;0;0;0;8;6;1;0;1;0;2;10;0;2;0;2;0;0;0;0;1;0;0;0;0;0;1;23;5;4;4;0;1;22;0;0;0;2;2;0;1;0;0;0;2;3;0;1;0;1;2
5;"Urząd Gminy Reńska Wieś, ul. Pawłowicka 1, 47-208 Reńska Wieś";160306;"gm. Reńska Wieś";"kędzierzyńsko-kozielski";"opolskie";1;1;2;0;1;0;1;0;0;0;0;1;1;0;0;0;0;0;0;1;0;0;0;0;0;0;34;4;5;0;4;5;1;0;0;1;1;4;0;1;1;3;0;1;2;0;1;1;0;3;23;5;0;4;3;0;1;0;0;0;1;0;0;3;0;1;0;0;0;0;2;3;1;1;79;30;29;15;15;1;0;0;5;2;1;3;1;2;0;0;0;0;1;0;0;0;0;0;17;2;1;0;2;2;1;2;0;2;0;1;2;0;0;2;0;0;0;0;0;0;0;1;52;10;22;2;2;4;106;4;1;0;3;0;0;8;2;1;1;3;14;0;0;1;1;2;7;4;0;1;1;3;2;0;1;2;0;0;0;1;0;2;46;4;13;7;0;5;17;0;0;1;1;4;1;0;0;0;0;0;6;0;0;0;2;10
6;"Szkoła Podstawowa, Długomiłowice ul. Parkowa 8, 47-208 Reńska Wieś";160306;"gm. Reńska Wieś";"kędzierzyńsko-kozielski";"opolskie";1;1;5;1;1;0;1;0;0;1;0;1;0;0;0;0;1;0;0;0;0;0;0;0;3;1;35;7;5;3;2;3;3;1;0;0;0;0;0;0;0;3;0;1;1;1;0;0;2;1;14;0;0;1;4;0;1;0;0;0;0;0;0;0;0;0;0;0;0;0;1;2;0;0;27;46;23;22;11;9;2;0;4;3;1;2;0;1;0;0;0;0;1;0;1;0;0;1;27;7;2;5;4;1;1;0;0;0;5;0;1;3;1;0;0;0;0;2;0;2;2;1;51;5;19;1;2;8;91;1;3;0;0;1;2;11;0;1;0;8;19;1;1;1;0;4;17;2;0;2;0;0;2;0;2;1;0;0;1;0;0;1;32;5;3;11;1;2;11;3;1;0;4;1;0;0;1;1;1;0;6;0;1;0;1;14
7;"Świetlica Wiejska w Gierałtowicach, Gierałtowice ul. Strażaków 13, 47-208 Reńska Wieś";160306;"gm. Reńska Wieś";"kędzierzyńsko-kozielski";"opolskie";1;1;0;0;0;0;0;0;0;0;0;0;1;0;0;0;0;0;0;0;0;0;0;0;0;0;5;5;1;1;1;1;0;0;0;0;3;2;0;0;0;0;0;0;0;0;0;0;0;0;3;0;0;0;0;0;1;0;0;0;0;0;0;0;0;0;0;0;0;0;0;0;0;1;9;14;2;2;5;1;0;0;0;1;0;0;0;0;0;0;0;1;0;0;1;0;0;1;5;2;0;0;0;0;0;0;0;0;0;1;0;0;0;0;0;0;0;0;0;0;0;0;10;2;2;1;0;1;23;2;0;0;0;0;0;0;1;0;0;0;3;0;1;0;0;2;1;0;0;0;0;0;0;0;0;0;0;0;0;0;0;0;7;0;0;0;0;0;0;0;0;0;0;0;0;0;0;0;0;0;0;0;0;1;2;13
8;"Świetlica Wiejska w Poborszowie, Poborszów ul. Krapkowicka 10a, 47-214 Reńska Wieś";160306;"gm. Reńska Wieś";"kędzierzyńsko-kozielski";"opolskie";1;1;1;0;0;0;0;0;0;0;0;1;0;0;0;0;0;0;0;0;0;0;0;0;0;0;16;2;0;0;0;0;0;0;2;0;0;2;0;0;0;0;0;1;2;2;0;0;0;0;3;2;1;1;0;0;0;0;0;0;0;0;0;3;1;0;0;1;0;0;0;0;0;0;6;11;4;1;12;1;0;0;0;0;0;0;0;0;0;0;0;0;0;0;0;1;0;1;3;0;0;2;0;0;0;0;0;0;0;0;0;1;1;1;0;0;0;0;0;0;0;2;18;2;2;0;1;1;25;0;0;0;0;0;0;3;0;0;0;0;3;0;0;0;0;1;0;0;0;0;2;0;0;0;0;0;0;0;0;0;0;0;11;8;2;0;0;0;45;0;0;0;0;0;1;0;0;0;0;0;1;0;0;1;0;0
1;"Ośrodek Kultury, ul. Borkowska 1, 46-220 Byczyna";160401;"gm. Byczyna";"kluczborski";"opolskie";1;1;0;0;0;0;0;0;0;0;1;0;0;0;0;2;0;0;0;0;0;0;0;0;0;0;13;5;57;0;27;1;2;1;0;0;0;4;1;0;1;0;1;0;0;0;0;31;0;0;26;1;0;2;0;2;1;24;1;0;1;0;1;0;0;1;1;0;0;1;0;0;0;0;56;97;16;48;55;5;2;2;2;1;1;1;2;0;0;0;0;2;0;1;0;2;1;1;11;4;1;2;1;0;2;0;0;0;1;1;0;0;3;0;0;0;1;1;1;2;1;2;74;11;22;2;4;1;2;1;2;9;3;10;0;0;0;0;0;0;15;0;0;2;0;23;7;0;1;1;0;0;0;0;0;0;0;1;1;0;0;3;1;0;0;1;2;0;0;0;1;0;0;1;2;0;0;0;0;0;0;0;0;0;0;0
2;"Ratusz, rynek Rynek 1, 46-220 Byczyna";160401;"gm. Byczyna";"kluczborski";"opolskie";1;1;1;1;0;0;0;0;0;0;1;0;0;0;0;0;0;0;0;0;0;0;0;1;0;0;6;1;31;0;9;0;0;0;0;0;0;0;1;0;0;0;0;0;0;0;0;21;0;0;10;0;2;0;0;0;2;19;3;0;0;0;0;0;1;0;0;0;0;0;0;0;2;1;22;45;6;28;15;3;1;3;1;0;0;0;0;0;0;0;0;0;6;0;1;0;0;0;13;1;0;2;0;0;2;1;0;0;0;1;0;0;1;0;0;0;0;0;1;2;0;0;24;8;19;1;1;3;2;1;0;7;1;1;1;1;0;1;0;0;9;0;0;0;0;8;2;0;0;0;0;0;0;0;0;0;0;0;0;0;0;0;0;0;0;0;1;0;0;0;0;0;0;0;0;0;0;0;0;0;0;0;0;0;0;0
3;"Publiczna Szkoła Podstawowa, ul. Poznańska 6, 46-220 Byczyna";160401;"gm. Byczyna";"kluczborski";"opolskie";1;1;2;1;0;0;0;0;0;0;0;0;0;0;0;1;0;0;0;0;0;0;0;1;1;0;12;4;83;3;13;0;1;2;1;1;1;1;0;1;0;1;0;0;0;2;1;12;0;0;28;4;1;0;1;0;2;19;2;1;2;0;0;0;1;2;0;0;0;0;0;0;0;0;51;101;20;32;28;7;1;0;1;1;1;0;0;0;0;0;0;0;4;0;0;0;0;1;24;1;2;2;1;1;1;2;0;0;1;0;2;1;1;0;1;0;0;1;0;3;0;0;105;5;27;5;1;3;0;0;2;11;1;8;0;0;0;3;2;1;42;0;0;1;0;22;10;0;0;0;0;0;0;1;0;0;0;0;0;1;0;0;0;0;0;0;0;0;0;0;0;0;0;0;0;0;0;0;0;0;0;0;0;0;0;0
4;"Publiczne Przedszkole w Byczynie-Oddział w Dobiercicach, Dobiercice ul. H. Sienkiewicza 3A, 46-220 Byczyna";160401;"gm. Byczyna";"kluczborski";"opolskie";1;1;0;0;0;0;0;0;0;0;0;0;0;0;0;0;0;0;0;0;0;0;0;0;0;0;0;1;3;0;0;0;1;0;0;0;0;0;0;0;0;0;0;0;0;0;0;1;0;0;1;2;0;0;0;1;2;15;0;0;0;0;0;0;0;0;0;0;0;0;0;0;0;0;15;48;2;3;6;0;0;0;0;0;0;0;0;0;0;0;0;0;0;0;0;0;0;0;2;2;1;0;0;0;0;0;0;0;0;0;0;0;1;0;1;0;0;0;0;0;0;0;12;0;1;1;0;1;0;1;0;0;0;5;0;0;0;0;0;0;4;0;0;0;0;2;1;0;0;0;0;0;0;0;0;0;0;0;0;0;0;0;1;0;0;0;0;0;0;0;0;1;0;0;0;0;0;0;0;0;0;0;0;0;0;0
5;"Publiczne Przedszkole w Byczynie-Oddział w Nasalach, Nasale 47, 46-220 Byczyna";160401;"gm. Byczyna";"kluczborski";"opolskie";1;1;1;0;0;0;0;0;0;0;0;0;0;0;0;0;0;0;0;0;0;0;0;0;0;1;4;3;10;0;4;0;0;0;0;0;0;1;0;0;0;0;2;0;0;0;0;2;0;1;6;0;0;0;0;0;0;1;0;0;1;0;0;0;0;0;0;0;0;0;0;0;0;0;30;43;6;29;8;5;0;0;2;0;0;0;0;1;0;0;0;0;0;0;2;0;0;0;12;4;0;0;2;0;3;0;0;1;2;1;1;0;0;1;0;0;0;0;1;2;0;0;12;0;3;0;1;2;0;1;0;4;4;9;0;0;0;0;0;0;22;0;0;0;0;1;1;0;1;0;0;0;0;1;0;0;0;0;0;0;1;0;2;0;0;0;0;0;0;0;0;0;0;0;0;0;0;0;0;0;0;0;0;0;0;0
6;"Publiczna Szkoła Podstawowa w Roszkowicach, Roszkowice 88, 46-220 Byczyna";160401;"gm. Byczyna";"kluczborski";"opolskie";1;1;1;0;0;0;0;0;0;0;0;0;0;0;0;0;0;0;0;0;0;0;0;0;0;0;4;4;15;0;13;0;0;1;0;1;0;0;0;1;0;0;0;1;0;0;1;6;0;0;10;0;0;0;0;0;1;5;0;0;1;0;0;0;0;1;2;0;0;0;0;0;0;0;27;25;12;11;13;2;0;1;3;0;1;0;0;0;0;0;1;0;4;0;2;0;0;0;6;3;2;1;1;1;0;0;0;0;1;0;0;0;0;0;0;0;1;0;0;0;0;1;26;1;6;2;0;1;1;0;1;9;0;6;0;0;0;1;0;0;23;1;0;0;0;3;2;0;0;1;0;0;0;0;0;0;0;0;0;0;1;0;0;0;0;0;0;0;0;0;1;0;0;0;0;0;0;0;0;0;0;0;0;0;0;0
7;"Publiczna Szkoła Podstawowa w Kostowie, Kostów ul. Główna 26, 46-220 Byczyna";160401;"gm. Byczyna";"kluczborski";"opolskie";1;1;1;0;0;1;0;0;0;0;0;0;0;0;0;0;0;0;0;0;0;0;0;0;0;0;2;4;20;0;1;2;0;1;0;0;0;0;0;0;0;0;0;1;1;0;0;5;0;0;7;0;0;1;0;0;1;4;0;0;0;0;0;0;0;1;0;0;0;0;0;0;0;1;15;30;4;13;8;3;0;0;1;1;0;0;0;1;0;0;0;1;0;0;1;1;0;0;2;0;0;0;0;0;1;0;1;0;1;0;0;0;0;0;0;0;0;0;0;0;0;0;16;4;4;2;2;1;1;1;0;3;0;2;0;0;1;0;0;0;3;1;0;0;0;1;1;1;0;0;0;0;0;0;0;0;0;0;0;0;0;0;0;0;0;0;0;0;0;0;0;0;0;0;0;0;0;0;0;0;0;0;0;0;0;0
8;"Świetlica Wiejska w Polanowicach, Polanowice 33, 46-220 Byczyna";160401;"gm. Byczyna";"kluczborski";"opolskie";1;1;1;0;1;0;0;0;0;1;0;1;0;0;0;1;0;1;0;0;0;0;0;1;0;0;4;4;21;2;19;0;1;1;0;0;0;3;0;0;0;0;0;0;0;0;2;16;0;0;12;0;1;0;0;1;1;8;0;0;2;0;0;0;0;0;0;0;1;0;0;0;0;0;20;17;12;24;13;4;1;1;0;0;0;0;0;0;0;3;0;0;0;0;0;0;0;1;9;0;1;0;3;0;1;0;0;0;3;1;0;0;0;1;0;0;0;0;0;0;0;1;14;2;3;0;2;6;0;0;4;3;0;5;0;0;1;0;1;0;3;0;0;0;0;3;3;2;0;2;1;0;0;1;0;0;0;0;0;0;0;0;1;0;0;0;0;0;0;0;0;0;0;0;0;0;0;0;0;0;0;0;0;0;0;0
9;"Publiczna Szkoła Podstawowa w Biskupicach, Biskupice 22, 46-220 Byczyna";160401;"gm. Byczyna";"kluczborski";"opolskie";1;1;1;1;1;0;0;0;0;0;1;1;0;0;0;0;0;0;0;0;0;0;0;0;0;0;5;3;48;1;10;2;0;2;0;1;1;0;0;0;1;3;1;0;1;0;0;1;0;0;11;2;2;1;0;0;1;6;0;0;1;0;0;1;0;2;0;0;0;0;0;1;0;0;25;56;10;18;43;1;3;1;0;1;0;0;0;0;0;0;0;1;2;0;0;1;1;0;19;3;6;2;5;0;0;1;0;1;1;1;0;2;4;0;0;1;2;0;0;0;0;0;24;2;6;1;3;2;2;1;4;6;0;11;0;1;0;0;0;1;27;0;1;0;0;3;3;0;1;0;0;0;0;0;0;1;0;0;1;0;0;0;0;1;0;0;0;0;0;0;0;0;0;0;0;0;0;1;0;0;0;0;0;0;0;0
10;"Świetlica Wiejska w Ciecierzynie, Ciecierzyn 29A, 46-220 Byczyna";160401;"gm. Byczyna";"kluczborski";"opolskie";1;1;0;0;0;0;0;0;2;0;2;0;0;0;0;0;0;0;0;0;1;0;0;0;0;0;0;2;22;2;5;0;0;0;0;0;0;1;0;0;0;1;0;0;1;0;0;1;0;1;3;0;0;0;0;1;0;1;0;0;0;0;0;1;0;0;0;0;0;0;0;0;0;0;19;25;3;4;1;1;0;0;0;0;0;0;0;1;0;0;0;0;0;0;0;0;0;0;2;0;0;0;1;0;0;0;0;0;0;0;0;0;0;0;0;0;0;0;0;0;0;0;2;0;2;0;0;2;0;0;0;2;0;2;0;0;0;0;0;0;4;0;0;0;0;1;0;0;0;0;0;0;0;0;0;0;0;0;0;0;0;0;0;0;0;0;0;0;0;0;0;0;0;0;0;0;0;0;0;0;0;0;0;0;0;0
11;"Świetlica Wiejska w Jakubowicach, Jakubowice 28, 46-262 Skałągi";160401;"gm. Byczyna";"kluczborski";"opolskie";1;1;0;0;0;0;0;0;0;1;0;0;0;0;0;0;0;0;0;0;0;0;0;0;0;0;1;0;6;0;9;1;0;0;0;0;0;1;0;0;0;0;0;0;0;0;0;0;0;0;3;0;0;1;0;0;1;4;0;0;1;0;1;1;0;1;0;0;0;0;0;0;0;1;8;18;2;12;5;0;0;0;0;0;0;0;0;0;1;0;0;0;1;0;0;0;0;0;0;0;1;0;0;0;0;0;0;0;0;0;0;0;0;0;0;0;0;0;0;0;0;0;8;2;0;0;2;4;0;0;0;1;0;9;0;0;0;0;0;0;3;0;0;2;0;4;0;2;0;0;0;0;0;0;0;2;0;0;0;1;0;1;0;0;0;0;0;0;0;0;0;0;0;0;0;0;0;0;0;0;0;0;0;0;0;0
12;"Świetlica Wiejska w Janówce, Janówka 28, 46-220 Byczyna";160401;"gm. Byczyna";"kluczborski";"opolskie";1;1;0;0;0;0;0;0;0;0;0;0;1;0;0;1;0;0;0;0;0;0;0;0;0;1;1;3;17;0;7;0;0;0;0;0;0;1;0;0;0;1;2;1;0;0;0;1;0;0;0;0;0;1;0;0;0;1;0;0;0;0;0;0;0;0;0;0;0;0;0;0;0;0;16;10;13;6;12;7;1;0;0;0;1;0;0;1;0;0;0;0;0;0;0;0;0;0;4;0;1;0;0;0;0;0;0;0;0;0;0;0;0;0;0;0;0;1;0;1;0;0;5;0;0;0;0;0;0;0;0;0;0;0;0;0;0;0;0;0;0;0;0;0;1;0;0;0;0;0;0;0;0;0;1;0;0;0;0;2;0;0;0;0;0;0;0;0;0;0;0;0;0;0;0;0;0;0;0;0;0;0;0;0;0;0
13;"Świetlica Wiejska w Jaśkowicach, Jaśkowice 16, 46-220 Byczyna";160401;"gm. Byczyna";"kluczborski";"opolskie";1;1;0;0;0;0;0;0;0;0;0;0;0;0;0;0;0;0;0;0;0;0;0;0;0;0;3;1;12;0;2;0;0;0;0;1;0;1;0;0;0;0;0;0;1;0;0;2;0;0;8;1;0;1;0;0;1;4;0;1;0;0;0;0;0;0;0;0;0;0;0;1;0;1;15;41;2;12;13;3;1;1;0;0;1;0;0;1;0;0;0;0;0;0;0;0;0;0;10;0;1;0;0;2;1;0;0;0;0;1;0;0;2;0;0;0;0;0;0;0;0;4;15;1;0;2;0;1;0;0;1;5;0;5;0;0;0;0;0;0;4;0;1;0;0;1;2;0;0;0;0;0;0;1;0;0;0;0;1;0;0;0;0;0;0;0;0;0;0;0;0;0;0;0;0;0;0;2;0;0;0;0;0;0;0;0
14;"Świetlica Wiejska w Miechowej, Miechowa 41, 46-220 Byczyna";160401;"gm. Byczyna";"kluczborski";"opolskie";1;1;0;0;0;0;0;0;0;0;0;0;0;0;0;0;0;0;0;0;0;0;0;0;0;0;4;1;3;1;5;0;0;0;0;1;0;0;0;0;0;1;0;0;0;0;0;1;0;0;2;0;1;0;0;0;0;4;1;0;0;0;0;0;0;0;0;0;0;0;0;0;0;0;16;16;0;6;11;1;0;0;2;1;0;0;0;1;0;0;0;0;0;1;0;1;0;1;4;0;0;0;0;1;0;0;1;0;0;0;0;0;0;0;0;0;0;0;0;0;0;0;8;2;2;0;2;3;2;0;0;2;0;5;0;0;0;0;0;0;1;0;0;0;0;1;1;0;0;0;0;0;0;0;0;0;0;0;0;0;0;0;0;0;0;0;0;0;0;0;0;0;0;0;0;0;0;0;0;0;0;0;0;0;0;0
15;"Świetlica Wiejska w Paruszowicach, Paruszowice 26, 46-220 Byczyna";160401;"gm. Byczyna";"kluczborski";"opolskie";1;1;0;0;0;0;0;0;0;0;1;0;0;0;0;0;0;0;0;0;0;0;0;0;0;0;4;1;3;0;3;0;0;1;1;0;0;1;0;0;0;1;0;0;0;0;0;2;0;0;0;0;1;0;0;0;0;3;0;0;0;0;0;1;0;0;0;0;0;0;0;0;0;0;1;39;6;6;0;4;0;0;0;0;0;1;0;0;0;0;0;0;0;0;0;0;0;0;0;0;2;0;0;0;0;0;0;0;0;0;2;1;0;1;0;0;0;0;0;4;0;1;4;4;1;0;0;1;0;1;0;6;1;2;0;0;0;1;0;0;9;0;0;0;0;1;0;1;0;0;0;0;0;0;0;0;0;0;0;0;0;0;1;0;0;0;0;0;0;0;0;0;0;0;1;0;0;0;0;0;0;0;0;0;0;0
16;"Świetlica Wiejska w Proślicach, Proślice 32, 46-262 Skałągi";160401;"gm. Byczyna";"kluczborski";"opolskie";1;1;0;0;0;0;0;0;0;0;1;0;0;0;0;0;0;0;0;0;0;0;0;0;0;0;1;1;12;0;5;0;0;0;0;0;0;0;0;0;0;1;0;0;0;0;0;1;0;0;1;0;0;1;0;0;0;0;0;0;1;0;0;0;0;0;0;0;0;0;0;0;0;0;6;12;54;16;6;0;0;0;0;0;0;0;0;0;0;0;0;0;0;0;0;0;0;0;3;0;0;1;0;0;0;0;0;0;0;0;0;0;0;0;1;0;0;0;0;0;0;0;6;1;1;0;0;0;0;0;2;0;0;3;0;0;0;0;0;0;1;0;0;0;0;0;0;1;0;0;0;0;0;0;0;0;0;0;0;0;0;0;0;0;0;0;0;0;0;0;0;0;0;0;0;0;0;0;0;0;0;0;0;0;0;0
1;"Zespół Szkół Ogólnokształcących w Kluczborku, ul. Mickiewicza 10, 46-200 Kluczbork";160402;"gm. Kluczbork";"kluczborski";"opolskie";1;1;2;0;1;0;1;0;1;0;0;0;0;0;0;0;0;0;0;0;0;0;0;0;1;0;1;2;68;0;10;1;0;0;0;0;0;1;0;0;0;0;1;0;1;0;0;0;1;1;18;2;0;1;1;0;0;2;2;0;0;1;0;0;0;1;1;0;0;0;0;0;0;0;42;66;5;14;8;6;0;2;3;0;0;0;0;0;0;0;1;0;0;0;0;0;0;0;22;1;5;0;2;0;4;1;1;0;2;4;0;0;0;0;1;0;0;2;0;0;0;2;46;5;9;2;0;2;1;0;1;16;1;20;0;1;0;0;0;2;19;0;1;0;1;7;0;0;0;3;0;0;0;0;0;1;0;0;0;1;0;1;0;0;1;0;0;0;0;0;0;0;1;0;0;0;0;2;0;0;0;0;0;0;0;0
2;"Ratusz, ul. Rynek 1, 46-200 Kluczbork";160402;"gm. Kluczbork";"kluczborski";"opolskie";1;1;1;1;0;0;0;0;1;0;2;0;0;0;0;0;0;0;0;0;0;0;2;0;2;1;6;1;93;0;12;3;1;1;0;0;0;3;0;0;0;0;0;0;0;0;1;0;0;0;23;4;3;2;0;2;3;3;0;0;2;0;1;0;0;5;0;0;0;0;0;1;0;0;65;93;6;14;7;6;1;0;1;1;0;1;0;0;0;0;0;0;0;0;1;0;0;3;23;2;1;4;1;1;12;0;4;1;0;3;1;1;1;0;0;0;0;0;0;0;0;0;76;0;17;1;0;2;2;1;4;20;2;54;0;0;0;0;0;0;22;1;0;0;0;12;1;0;1;0;0;0;1;0;0;0;0;0;0;0;0;1;2;0;0;1;0;0;0;0;1;0;0;0;0;0;0;0;0;0;0;0;0;0;0;1
3;"Zespół Szkół Licealno-Technicznych w Kluczborku, ul. Sienkiewicza 20, 46-200 Kluczbork";160402;"gm. Kluczbork";"kluczborski";"opolskie";1;1;0;1;0;0;0;1;2;0;0;0;0;0;0;2;0;0;0;0;0;0;0;0;0;2;11;2;152;1;11;1;0;0;0;0;0;1;0;1;1;0;0;0;0;0;2;1;1;0;49;4;2;4;0;0;2;5;0;0;4;1;1;0;1;0;0;2;0;0;1;0;0;1;95;177;19;38;42;10;1;3;3;4;0;0;1;1;0;0;0;0;2;0;3;0;0;2;29;2;3;5;1;0;4;0;0;0;2;6;1;1;0;0;0;0;2;1;1;1;0;3;128;13;34;1;1;3;1;1;0;35;1;62;1;1;1;3;1;1;33;0;0;1;0;32;8;1;0;1;1;0;0;0;0;0;0;0;0;0;0;0;1;0;1;0;0;0;0;0;0;0;0;1;0;0;0;0;0;0;0;0;0;0;0;0
4;"Centrum Kultury w Kluczborku, ul. Mickiewicza 5, 46-200 Kluczbork";160402;"gm. Kluczbork";"kluczborski";"opolskie";1;1;1;0;1;0;2;0;1;0;0;0;0;0;0;0;0;0;0;0;0;0;0;1;0;0;8;0;71;0;9;0;0;0;0;0;0;1;0;0;0;0;0;0;1;0;0;1;0;0;16;1;0;0;0;1;0;2;1;0;5;1;0;0;0;1;0;0;1;0;0;0;0;0;41;83;7;29;13;2;1;0;3;1;0;0;0;0;0;0;0;1;0;1;0;0;0;0;11;0;2;2;0;1;5;0;1;0;0;1;2;0;0;0;1;1;0;0;0;0;1;1;51;3;14;6;2;1;0;2;4;28;3;28;0;0;0;0;0;0;23;0;0;1;0;8;6;0;1;0;3;0;0;0;0;2;0;0;0;0;0;0;0;0;0;0;0;0;0;0;0;0;1;0;0;0;0;0;0;0;0;0;0;0;0;0
5;"Zespół Szkół Nr 2 CKU w Kluczborku, ul. Byczyńska 7, 46-200 Kluczbork";160402;"gm. Kluczbork";"kluczborski";"opolskie";1;1;1;0;0;0;0;0;0;0;2;0;0;0;0;0;0;0;0;1;0;0;0;0;0;0;13;0;169;1;14;1;0;0;0;0;1;4;0;0;0;1;0;0;0;1;0;0;0;0;34;4;0;3;0;0;3;4;0;0;1;0;1;2;0;2;0;0;1;2;0;0;0;1;63;143;10;28;16;17;1;2;0;1;3;0;0;1;0;0;0;2;0;0;0;1;0;0;20;2;2;3;2;0;12;0;2;0;1;1;1;0;1;0;0;0;0;2;0;0;0;1;89;6;28;2;0;2;2;0;3;40;5;61;0;1;0;0;0;0;31;1;0;0;0;17;9;0;3;0;0;0;0;0;0;1;0;0;0;1;0;0;6;1;0;0;0;0;0;0;1;0;0;0;0;0;0;0;0;0;0;0;0;0;0;2
6;"Publiczne Przedszkole Nr 8 w Kluczborku z Oddziałami Zamiejscowymi w Ligocie Górnej i Smardach Górnych, ul. Ossowskiego 3i, 46-203 Kluczbork";160402;"gm. Kluczbork";"kluczborski";"opolskie";1;1;5;0;2;0;0;1;1;0;2;0;0;0;1;0;0;0;0;1;0;0;0;0;1;0;5;0;147;1;14;1;1;0;0;2;0;3;0;0;1;0;0;0;0;0;0;0;0;1;30;2;0;0;0;0;0;1;0;2;2;1;0;0;1;1;0;2;0;0;0;0;1;0;62;128;12;26;24;7;1;1;0;1;0;0;0;1;0;1;0;0;2;1;1;0;0;1;9;3;1;0;1;0;7;0;4;0;0;0;2;1;3;0;0;2;0;0;0;1;1;1;107;8;12;3;3;3;0;3;1;36;0;40;0;1;0;0;0;0;35;0;0;0;0;14;9;1;0;0;0;0;2;0;0;3;0;0;0;0;0;0;1;0;0;1;0;0;0;0;0;0;0;0;0;0;1;1;0;0;0;0;0;1;0;0
7;"Budynek Szkolny, ul. Ligonia 12, 46-203 Kluczbork";160402;"gm. Kluczbork";"kluczborski";"opolskie";1;1;2;2;0;0;0;2;0;0;0;0;2;0;0;0;0;0;0;1;0;0;0;0;1;1;7;3;168;1;18;3;0;0;1;0;0;1;0;1;1;2;0;0;0;0;0;0;0;0;32;6;1;0;1;0;1;1;0;0;3;1;1;2;0;1;0;2;0;0;0;0;1;0;76;141;7;33;20;17;0;0;1;3;1;0;0;0;1;0;0;0;1;1;3;1;0;0;23;2;2;4;2;0;10;1;0;0;0;0;1;0;0;0;0;0;1;0;0;1;0;1;151;13;43;3;1;6;1;3;2;36;1;57;0;0;0;1;0;0;42;1;0;1;1;26;10;0;0;0;1;0;3;1;0;1;0;0;0;0;0;0;2;1;0;0;0;0;0;0;0;0;0;0;0;0;0;2;0;0;0;0;0;0;0;1
8;"Publiczna Szkoła Podstawowa Nr 2 w Kluczborku, ul. Wolności 17, 46-203 Kluczbork";160402;"gm. Kluczbork";"kluczborski";"opolskie";1;1;1;0;1;0;0;1;0;1;0;1;0;0;1;1;0;0;0;0;0;0;0;0;0;0;14;3;197;9;13;0;0;0;0;0;0;0;0;0;0;0;0;0;0;0;0;0;0;0;33;3;4;3;1;0;4;0;0;0;5;2;0;0;3;3;0;0;1;0;0;1;0;0;82;179;15;46;17;8;1;0;1;2;0;0;1;1;0;1;0;0;2;1;1;0;0;3;24;2;5;2;1;0;8;0;1;1;1;1;0;0;1;0;0;0;0;1;0;2;0;0;143;21;41;4;1;7;4;1;5;74;3;103;0;1;0;0;0;0;49;0;1;0;2;64;7;0;2;1;0;0;2;0;0;0;2;0;0;0;0;0;0;0;1;0;0;0;0;0;0;0;0;0;0;0;0;6;0;0;0;0;0;0;0;0
9;"Publiczna Szkoła Podstawowa Nr 2 w Kluczborku, ul. Wolności 19, 46-203 Kluczbork";160402;"gm. Kluczbork";"kluczborski";"opolskie";1;1;2;0;2;0;0;0;0;1;0;0;0;0;0;0;0;0;1;0;0;0;1;0;0;0;14;8;227;4;19;1;1;0;1;3;1;4;1;0;0;1;0;0;1;0;2;1;0;0;48;5;1;5;2;1;3;1;1;0;7;0;2;2;1;2;0;0;0;0;0;0;1;1;101;216;30;38;54;5;1;1;1;2;0;0;0;1;0;0;0;1;0;0;1;1;0;3;36;2;8;5;0;1;11;1;1;2;1;2;0;0;0;0;0;0;2;0;0;1;1;0;214;16;40;6;2;5;0;12;6;72;0;77;2;0;0;3;0;0;68;0;0;0;0;33;15;1;0;0;1;0;0;1;0;0;1;0;0;1;2;0;3;0;0;0;0;0;0;0;0;1;1;0;0;0;0;1;0;0;0;0;1;0;0;0
10;"Publiczna Szkoła Podstawowa Nr 2 w Kluczborku, ul. Wolności 18, 46-203 Kluczbork";160402;"gm. Kluczbork";"kluczborski";"opolskie";1;1;2;0;0;0;0;0;0;0;0;2;0;0;0;1;0;0;0;0;0;0;0;1;0;0;7;3;185;1;23;2;1;0;1;3;2;2;1;0;0;0;1;0;0;0;1;0;0;0;50;6;3;0;4;2;5;6;0;1;3;2;1;1;0;1;0;0;1;1;0;0;0;0;78;147;11;27;17;9;0;0;2;0;0;1;0;0;0;0;1;1;0;0;5;2;1;1;19;5;1;2;2;2;9;0;0;0;2;4;0;1;1;1;0;0;0;0;0;2;0;0;120;14;29;6;2;4;0;0;1;33;2;68;0;1;0;3;0;0;41;1;2;0;0;35;5;3;0;0;0;0;0;0;0;0;1;0;0;1;0;0;1;2;0;0;0;0;0;1;0;0;0;0;0;0;0;1;0;0;0;0;0;0;0;0
11;"Zespół Szkół Nr 1 w Kluczborku, ul. Skłodowskiej-Curie 13, 46-200 Kluczbork";160402;"gm. Kluczbork";"kluczborski";"opolskie";1;1;3;0;2;0;0;2;1;1;0;0;1;0;0;1;0;0;0;0;1;0;0;0;1;1;16;2;175;2;19;1;0;1;0;0;0;2;0;2;0;0;1;0;0;0;0;1;0;1;58;6;2;4;1;0;4;1;1;0;3;0;2;0;1;3;0;0;0;0;0;0;2;2;97;177;13;49;20;18;0;2;0;0;0;0;0;0;0;0;0;0;0;3;2;0;0;2;22;3;4;1;2;1;5;2;1;0;0;3;2;0;3;0;0;0;4;0;0;0;0;1;155;22;63;10;3;6;2;2;2;58;0;36;1;0;0;0;0;0;53;0;0;1;0;25;10;0;3;1;0;0;0;0;0;0;0;0;0;1;0;0;14;0;2;0;0;0;1;1;0;0;0;0;0;0;0;1;0;0;0;0;0;0;0;0
12;"Publiczne Przedszkole Nr 5 w Kluczborku z Oddziałami Zamiejscowymi w Kraskowie i Ligocie Dolnej, ul. Generała Dąbrowskiego 10, 46-200 Kluczbork";160402;"gm. Kluczbork";"kluczborski";"opolskie";1;1;3;0;0;0;0;0;0;0;1;0;0;0;0;0;0;0;0;0;0;0;0;1;0;1;5;6;116;0;18;2;0;0;0;0;0;0;0;1;0;0;1;0;0;0;0;0;0;1;53;1;2;3;0;0;7;3;1;0;4;1;1;0;0;3;1;0;1;0;0;0;1;1;74;122;8;21;12;5;0;0;2;0;2;0;0;1;0;0;2;0;0;0;0;2;0;1;16;5;3;0;2;1;5;0;0;0;2;3;1;0;0;1;0;0;1;0;0;2;0;2;99;15;37;3;0;0;0;3;1;40;3;54;0;0;0;1;0;1;31;0;0;0;0;22;9;0;0;0;1;0;1;0;0;0;0;0;1;1;0;2;1;0;0;0;0;0;0;0;0;0;1;0;0;0;0;3;0;0;0;0;0;0;0;0
13;"Publiczna Szkoła Podstawowa z Oddziałem Przedszkolnym w Bąkowie i Przedszkolnym Oddziałem Zamiejscowym w Biadaczu, ul. Kasztanowa 1, 46-233 Bąków";160402;"gm. Kluczbork";"kluczborski";"opolskie";1;1;1;1;1;0;0;0;0;0;1;0;0;0;0;0;0;0;0;0;0;0;0;0;0;1;0;1;94;0;5;1;0;0;0;2;0;0;0;0;0;1;0;0;0;0;0;0;0;0;19;3;0;0;0;1;0;0;1;0;3;0;0;0;0;0;0;0;0;0;0;0;0;0;37;49;10;3;6;3;0;0;3;2;0;0;0;2;0;0;0;1;1;1;0;1;0;0;25;1;2;1;0;2;1;0;4;0;1;2;0;0;0;1;0;0;0;1;0;0;0;0;25;7;11;1;2;0;0;0;0;5;0;18;0;0;0;0;0;1;44;0;0;0;0;6;2;0;0;0;1;0;0;0;0;1;0;0;0;0;0;0;8;0;0;0;1;0;0;0;0;1;1;0;0;0;0;1;0;0;0;0;0;0;1;1
14;"Publiczna Szkoła Podstawowa z Oddziałem Przedszkolnym w Bąkowie i Przedszkolnym Oddziałem Zamiejscowym w Biadaczu, Biadacz 103, 46-233 Bąków";160402;"gm. Kluczbork";"kluczborski";"opolskie";1;1;0;0;0;0;0;1;0;0;0;0;0;0;0;1;0;0;0;2;1;0;0;0;0;0;4;1;29;0;26;0;1;0;0;0;0;0;0;0;0;0;1;0;0;0;0;0;0;0;4;0;0;0;0;1;0;1;0;0;2;1;0;0;0;0;1;0;1;0;0;0;0;0;36;25;21;9;17;5;0;0;1;0;1;0;0;2;0;2;1;1;0;0;0;1;1;0;6;0;0;0;0;0;1;0;1;0;0;0;1;0;2;1;0;0;1;0;0;0;0;0;18;2;2;1;0;1;0;0;0;9;0;4;1;0;0;0;0;0;28;1;0;0;0;8;2;0;1;0;0;0;0;1;0;0;0;0;0;0;0;0;1;0;0;0;0;0;0;0;0;0;0;0;0;0;0;0;0;0;0;0;0;0;0;1
15;"Publiczne Przedszkole Nr 8 w Kluczborku z Oddziałami Zamiejscowymi w Ligocie Górnej i Smardach Górnych, Ligota Górna ul. Gorzowska 4, 46-200 Kluczbork";160402;"gm. Kluczbork";"kluczborski";"opolskie";1;1;1;1;0;0;0;0;0;0;2;0;0;0;0;0;0;0;0;0;0;0;0;0;0;0;3;5;116;1;10;0;0;0;1;0;0;1;0;0;0;3;2;1;2;0;0;0;0;0;19;2;1;0;0;0;0;2;0;0;1;1;0;1;1;2;0;0;0;0;0;1;0;3;36;68;12;22;15;3;0;0;0;0;0;0;0;0;0;0;0;0;0;1;0;0;0;0;20;2;3;5;4;3;4;0;1;0;0;1;0;0;2;1;0;0;1;0;0;0;0;1;52;8;28;0;1;0;2;1;0;35;0;23;1;0;0;0;1;0;50;0;0;0;0;15;5;3;0;0;2;0;2;0;0;0;0;0;0;0;1;0;2;0;1;0;0;0;0;0;0;0;0;0;0;0;0;2;0;0;0;0;0;0;0;0
16;"Publiczna Szkoła Podstawowa z Oddziałami Przedszkolnymi w Kujakowicach Dolnych, Łowkowice ul. Księdza Rigola 33, 46-211 Kujakowice Górne";160402;"gm. Kluczbork";"kluczborski";"opolskie";1;1;2;0;0;0;0;0;0;0;0;0;0;0;1;1;0;0;0;0;1;0;0;0;0;0;6;1;57;3;9;0;0;0;0;0;0;0;0;0;0;0;0;0;0;1;0;0;0;0;7;2;1;2;1;0;4;0;0;0;2;0;1;2;0;1;0;1;1;0;0;0;0;0;34;53;8;8;16;5;1;0;0;1;0;0;1;0;0;0;1;2;1;1;0;0;1;2;15;1;2;1;0;3;4;0;1;2;1;0;0;0;0;0;1;0;1;0;0;0;0;0;30;1;4;0;0;0;0;0;0;14;0;22;0;1;0;0;0;0;44;0;0;0;0;17;6;3;0;0;0;1;1;0;1;0;1;1;3;0;0;0;20;4;0;0;0;2;0;0;0;1;0;0;0;0;0;11;0;0;0;1;0;0;0;0
17;"Sala Wiejska, ul. Klonowa 1A, 46-211 Kujakowice Górne";160402;"gm. Kluczbork";"kluczborski";"opolskie";1;1;1;0;0;0;0;0;0;0;1;0;0;0;0;0;0;0;0;0;1;0;0;0;0;1;9;1;52;2;4;0;0;0;0;0;0;1;0;0;0;0;0;0;0;0;0;0;1;0;11;2;1;2;0;0;2;0;0;0;0;1;0;0;0;0;0;1;0;0;0;0;0;0;18;44;5;7;16;2;0;0;1;0;1;0;0;0;0;0;0;0;0;0;0;0;0;0;6;1;3;1;1;1;1;0;0;0;0;0;0;0;0;0;0;0;0;0;1;0;0;1;20;6;12;0;0;2;0;0;4;11;0;17;1;0;0;0;0;0;130;0;0;0;0;2;9;1;0;1;0;0;0;1;0;0;0;1;1;0;1;0;46;8;0;0;10;0;3;1;0;6;0;0;0;1;1;24;0;0;0;0;0;0;1;0
18;"Publiczna Szkoła Podstawowa z Oddziałami Przedszkolnymi w Kuniowie, Kuniów 74, 46-200 Kluczbork";160402;"gm. Kluczbork";"kluczborski";"opolskie";1;1;1;0;0;0;0;0;0;0;0;0;1;0;0;0;0;0;0;0;1;0;0;0;0;0;3;1;84;0;10;1;1;0;0;1;1;0;0;1;0;0;0;1;0;0;2;0;0;0;10;2;0;0;0;0;1;1;0;0;0;1;0;1;0;0;0;0;1;0;0;0;0;0;17;86;6;17;3;3;0;0;0;1;0;0;0;0;0;0;0;0;0;0;2;1;0;0;20;6;3;2;1;3;3;0;1;0;1;3;1;0;0;0;0;0;3;0;1;1;0;1;29;7;16;3;3;6;1;1;8;20;1;24;1;0;0;0;0;0;42;2;0;0;0;3;5;0;0;3;0;0;0;1;0;1;0;0;0;0;0;0;9;2;0;0;1;1;1;0;0;0;1;1;0;0;0;2;0;0;0;0;0;0;0;0
19;"Publiczna Szkoła Podstawowa w Bogacicy, ul. Szkolna 10, 46-243 Bogacica";160402;"gm. Kluczbork";"kluczborski";"opolskie";1;1;1;2;0;0;0;0;0;1;1;1;0;0;0;0;0;0;0;1;1;0;0;0;0;0;8;1;86;1;13;3;0;1;0;1;2;4;0;0;0;1;0;2;0;0;1;0;0;1;17;2;2;3;0;0;2;1;1;0;0;1;1;1;2;3;1;2;0;0;0;0;1;2;74;80;12;10;26;5;3;0;1;0;0;0;0;0;0;0;0;0;0;1;2;0;0;1;23;9;1;0;6;0;11;1;0;0;2;3;0;0;3;0;1;0;0;0;0;2;0;1;55;7;28;2;0;2;0;3;2;16;5;35;0;4;0;0;0;0;66;0;0;0;0;16;5;2;1;1;0;0;0;0;0;0;0;2;1;0;0;0;25;11;1;0;0;0;0;0;0;1;1;0;0;0;0;95;0;0;0;0;0;0;0;0
20;"Świetlica Wiejska, Borkowice ul. Wiejska 48, 46-243 Bogacica";160402;"gm. Kluczbork";"kluczborski";"opolskie";1;1;1;1;1;0;0;1;0;0;2;0;0;0;0;0;0;0;0;0;0;0;0;0;0;0;1;0;36;0;6;1;0;0;0;0;1;0;0;0;0;0;0;0;0;0;0;0;0;0;16;2;1;0;0;0;0;1;0;0;0;0;0;0;0;0;0;0;0;0;0;0;0;0;10;24;6;1;6;4;0;0;0;0;0;1;0;1;0;0;1;0;0;0;0;0;0;0;10;1;1;3;0;0;0;0;1;0;0;1;0;0;0;0;0;0;0;2;0;1;0;1;22;4;5;1;0;3;1;0;0;8;3;28;0;0;0;0;0;1;22;0;0;0;0;4;3;0;0;0;0;1;0;0;0;1;0;0;0;0;0;0;6;2;1;0;0;0;0;0;0;0;0;0;0;0;0;38;0;0;0;0;0;0;0;0
21;"Publiczne Przedszkole w Bogacicy z Oddziałem Zamiejscowym w Bażanach, Bażany ul. Wiejska 19, 46-243 Bogacica";160402;"gm. Kluczbork";"kluczborski";"opolskie";1;1;0;0;0;0;0;0;0;0;0;0;0;0;0;0;0;0;0;0;0;0;0;0;0;0;2;3;33;0;0;0;0;0;0;0;0;0;0;0;0;0;0;0;0;0;0;0;0;0;0;0;0;0;0;0;0;0;0;0;3;0;0;0;0;0;0;0;0;0;0;0;0;0;10;26;5;2;3;1;0;0;1;0;0;0;0;0;0;0;0;0;0;0;0;0;0;0;12;4;0;3;1;0;3;0;0;0;2;3;1;0;0;0;0;0;0;0;0;0;0;0;14;1;2;0;1;0;0;1;0;4;0;19;1;1;0;0;0;0;18;0;0;0;0;2;1;1;1;0;0;0;2;0;0;0;0;0;0;0;0;0;13;8;1;0;2;0;0;0;0;1;0;0;0;0;0;32;0;0;0;1;0;1;0;1
22;"Publiczne Przedszkole Nr 5 w Kluczborku z Oddziałami Zamiejscowymi w Kraskowie i Ligocie Dolnej, Krasków 59, 46-200 Kluczbork";160402;"gm. Kluczbork";"kluczborski";"opolskie";1;1;0;0;0;0;0;0;0;0;1;1;1;0;0;0;0;0;0;0;0;0;0;0;0;0;3;0;33;1;3;4;1;1;0;0;0;2;0;2;0;0;1;0;0;0;0;0;0;0;12;1;0;0;0;0;1;4;0;0;1;1;0;0;0;0;0;0;0;0;0;0;0;0;16;58;4;8;9;1;0;0;0;1;0;0;0;0;0;0;0;1;0;0;0;0;1;2;7;1;2;1;1;1;4;0;0;0;0;0;0;0;0;1;0;0;0;0;0;0;0;0;24;1;5;2;0;1;0;0;2;11;0;17;0;0;0;0;0;1;11;0;0;0;0;3;0;0;0;1;0;0;0;0;0;0;0;0;1;0;0;2;2;1;0;0;1;1;0;0;0;0;0;0;0;0;0;7;0;0;0;0;0;0;0;0
23;"Świetlica Wiejska, Ligota Dolna ul. Wołczyńska 73, 46-200 Kluczbork";160402;"gm. Kluczbork";"kluczborski";"opolskie";1;1;0;1;0;0;0;0;0;0;1;0;2;0;0;0;0;0;1;0;0;0;0;0;0;0;1;1;52;0;5;1;0;0;0;0;0;0;0;0;0;0;0;0;0;0;0;0;0;0;9;3;2;0;0;1;3;0;0;1;0;2;0;0;0;0;0;0;0;0;0;0;0;0;27;65;7;16;7;3;0;0;1;0;0;0;0;0;0;0;0;0;0;0;0;0;0;4;10;3;0;2;0;0;5;0;0;0;0;0;2;0;0;0;0;0;0;0;0;0;1;0;15;1;6;0;0;4;0;0;0;8;0;31;0;0;0;0;0;0;10;1;0;0;0;2;5;0;1;0;0;0;0;0;0;0;0;0;0;0;0;0;1;0;0;0;0;0;0;0;0;0;0;0;0;0;0;0;0;0;0;0;0;0;0;2
24;"Publiczne Przedszkole Nr 8 w Kluczborku z Oddziałami Zamiejscowymi w Ligocie Górnej i Smardach Górnych, Smardy Górne ul. Kościelna 10, 46-200 Kluczbork";160402;"gm. Kluczbork";"kluczborski";"opolskie";1;1;2;0;0;0;0;0;0;0;0;0;0;0;1;0;0;0;0;0;0;0;0;0;0;0;7;2;78;1;8;1;1;0;1;0;0;2;0;0;0;0;1;0;0;0;0;0;0;0;8;4;0;1;0;0;1;1;0;0;0;0;0;2;0;1;0;0;0;0;0;1;0;0;42;104;4;13;15;6;2;0;0;0;0;1;0;0;1;0;0;0;0;0;0;0;0;1;22;4;2;0;3;2;5;0;2;0;2;0;1;0;3;0;0;0;0;0;0;0;0;1;12;3;4;4;1;0;0;1;2;16;1;17;0;0;0;0;0;1;10;0;0;0;0;16;8;1;0;2;1;0;0;1;0;0;0;0;1;1;0;2;0;0;0;0;0;0;0;0;0;0;0;0;0;0;0;0;0;0;0;0;0;0;0;0
25;"Świetlica Wiejska, Gotartów 67C, 46-211 Kujakowice Górne";160402;"gm. Kluczbork";"kluczborski";"opolskie";1;1;0;1;0;0;0;0;0;0;0;0;0;0;0;1;0;0;0;0;0;0;0;0;0;1;7;4;59;3;7;0;0;0;0;0;0;3;0;1;0;0;0;0;0;0;0;0;1;0;12;0;0;0;0;0;0;2;0;1;0;1;1;0;1;0;2;0;0;0;0;0;0;1;14;60;8;5;7;2;0;0;0;2;1;0;0;0;1;0;0;0;1;0;0;0;0;1;10;3;2;2;2;0;5;0;0;1;0;1;0;0;1;0;1;0;0;0;0;0;0;0;32;3;6;1;0;0;0;0;1;8;0;31;0;0;0;0;0;0;23;1;0;0;0;2;0;1;0;0;0;0;0;0;0;0;0;0;0;0;0;0;9;0;0;0;0;0;0;0;0;0;0;1;0;0;0;1;0;0;0;0;0;0;0;0
26;"Dom Pomocy Społecznej w Kluczborku, ul. Wołczyńska 25, 46-200 Kluczbork";160402;"gm. Kluczbork";"kluczborski";"opolskie";1;1;1;0;0;0;0;0;0;0;0;0;0;0;0;0;0;1;0;0;0;0;0;0;0;0;0;0;3;0;1;0;0;0;0;1;0;0;0;0;0;0;1;0;0;0;0;0;0;0;0;0;0;0;0;0;1;1;1;0;0;0;1;0;0;0;0;0;0;0;0;0;0;0;7;4;0;3;6;2;0;0;1;0;1;0;0;0;0;0;0;0;0;0;0;0;0;0;0;0;0;1;0;0;0;0;0;0;0;0;0;0;0;0;0;0;0;0;0;0;0;0;2;0;0;0;1;0;0;0;0;0;0;1;0;0;0;0;0;0;1;0;0;0;0;1;1;0;0;0;0;0;0;0;0;0;0;0;0;0;0;0;0;0;0;0;0;0;0;0;0;0;0;1;0;0;0;0;0;0;0;0;0;0;0;0
27;"Powiatowe Centrum Zdrowia S. A. w Kluczborku, ul. Skłodowskiej-Curie 23, 46-200 Kluczbork";160402;"gm. Kluczbork";"kluczborski";"opolskie";1;1;0;0;0;0;0;0;0;0;0;0;0;0;0;0;0;0;0;0;0;0;0;0;0;0;0;0;1;0;0;0;0;1;0;0;0;1;0;0;0;0;0;0;0;0;0;0;0;0;0;1;0;0;0;0;0;0;0;0;0;0;0;0;0;0;0;0;0;0;0;0;0;0;1;3;0;0;0;0;0;0;0;0;0;0;0;0;0;0;0;0;0;0;0;0;0;0;0;0;0;0;0;0;0;0;0;0;0;0;0;0;0;0;0;0;0;0;0;0;0;0;5;0;3;0;0;0;0;0;0;0;0;1;0;0;0;0;0;0;0;0;0;0;0;0;0;0;0;0;0;0;0;0;0;0;0;0;0;0;0;0;0;0;0;0;0;0;0;0;0;0;0;0;0;0;0;0;0;0;0;0;0;0;0;0
28;"Zakład Karny w Kluczborku, ul. Katowicka 4, 46-200 Kluczbork";160402;"gm. Kluczbork";"kluczborski";"opolskie";1;1;1;0;1;0;0;2;0;0;0;1;0;1;0;0;0;0;1;0;0;0;0;0;0;0;13;1;2;1;1;1;1;0;0;2;1;0;0;1;0;0;4;1;0;0;1;0;0;1;5;2;0;0;0;1;0;0;0;0;0;1;0;0;0;1;0;0;1;0;0;0;0;0;16;1;1;2;0;1;0;0;1;0;1;1;0;1;0;0;0;0;1;1;0;0;0;0;7;0;0;0;0;0;0;1;0;0;1;0;0;0;1;0;1;0;0;0;0;1;0;0;100;9;3;12;5;7;5;1;1;1;6;5;1;2;1;1;1;0;3;0;4;2;0;1;0;0;0;0;0;0;1;0;0;0;0;0;0;0;0;0;1;0;0;0;0;0;0;0;0;0;0;0;0;0;0;0;0;0;0;0;0;0;0;0
29;"Stobrawskie Centrum Seniora Sp. z o. o., ul. Strzelecka 51, 46-200 Kluczbork";160402;"gm. Kluczbork";"kluczborski";"opolskie";1;1;0;0;0;0;0;0;0;0;0;0;0;0;0;0;0;0;0;0;0;0;0;0;0;0;0;1;1;0;0;0;0;0;0;0;0;0;0;0;0;0;1;0;0;0;0;0;0;0;1;0;0;0;0;0;0;0;0;0;0;0;0;0;0;0;0;0;0;1;0;0;0;0;1;2;0;2;1;0;0;0;1;0;0;0;0;0;0;0;0;0;0;0;0;0;0;1;0;0;0;0;0;0;0;0;0;0;0;0;0;0;0;0;0;0;0;0;0;0;0;0;4;1;0;0;0;0;0;0;1;0;0;2;0;0;0;0;0;0;1;0;0;0;0;6;0;0;0;0;0;0;0;0;0;0;0;0;0;0;0;0;1;0;0;0;0;0;0;0;0;0;0;0;0;0;0;0;0;0;0;0;0;0;0;0
1;"Zespół Szkolno-Przedszkolny, Szkoła Podstawowa, Chocianowice 78, 46-280 Lasowice Wielkie";160403;"gm. Lasowice Wielkie";"kluczborski";"opolskie";1;1;1;0;0;0;0;0;0;0;0;0;0;0;0;0;0;0;0;1;0;0;0;0;0;1;6;0;44;6;5;0;0;0;0;0;0;0;0;0;0;1;0;1;0;0;1;0;0;0;7;1;0;1;0;0;0;0;0;1;0;0;0;0;0;0;0;0;0;1;0;0;0;0;31;39;6;6;9;1;0;0;2;1;0;0;0;0;0;1;0;0;0;1;0;0;0;1;25;4;1;0;0;1;0;2;1;0;3;0;0;0;1;0;0;0;0;0;0;2;0;0;22;3;3;3;1;2;0;4;2;9;0;4;0;0;0;1;0;2;35;0;0;0;0;7;0;2;0;0;0;0;2;0;0;0;0;0;1;0;0;0;40;39;1;1;3;1;2;0;6;1;2;0;1;1;1;2;0;0;0;0;0;0;0;1
2;"Sala OSP, Ciarka 28 C, 46-280 Lasowice Wielkie";160403;"gm. Lasowice Wielkie";"kluczborski";"opolskie";1;1;0;0;0;0;0;0;0;0;0;0;0;0;0;0;0;0;0;0;0;0;0;0;0;0;3;0;10;0;2;0;0;0;0;0;0;1;0;0;0;0;0;0;0;0;0;0;0;0;1;0;0;1;0;0;1;0;0;1;0;0;0;1;0;0;0;0;0;0;0;0;0;0;7;26;3;1;1;1;0;0;0;0;0;0;0;0;0;0;0;0;0;0;0;0;0;0;6;1;0;1;0;0;0;0;0;0;1;0;0;0;1;0;0;0;0;0;0;0;0;0;3;0;3;0;0;0;0;0;1;0;0;1;0;0;0;0;0;0;8;0;0;0;0;2;1;0;0;0;0;0;0;0;0;0;0;0;0;0;0;0;1;0;0;0;0;0;0;0;0;1;0;0;0;0;0;4;0;0;0;0;0;0;0;0
3;"Zespół Szkolno-Przedszkolny, Szkoła Podstawowa, Gronowice 58, 46-280 Lasowice Wielkie";160403;"gm. Lasowice Wielkie";"kluczborski";"opolskie";1;1;1;0;0;0;0;0;0;1;0;0;0;0;0;0;0;0;0;0;0;0;0;0;0;0;7;0;9;0;0;1;0;0;0;0;0;1;0;0;0;0;0;0;0;1;0;0;0;0;9;0;0;0;0;1;1;0;0;1;0;0;0;0;0;0;0;0;0;0;0;0;0;0;19;31;16;3;7;1;2;0;0;0;1;0;0;0;0;0;0;0;0;1;0;0;0;0;8;2;3;0;1;0;3;0;0;0;0;1;1;0;1;0;0;0;0;0;0;0;0;0;9;2;6;1;0;2;0;0;0;4;0;5;0;0;0;0;0;1;16;0;1;1;0;1;1;0;1;0;1;0;0;2;0;2;0;0;0;0;2;0;15;12;0;0;5;0;0;0;7;2;2;0;0;0;0;1;0;0;0;0;0;0;0;0
4;"Sala Wiejska, Lasowice Małe ul. Odrodzenia 33, 46-280 Lasowice Wielkie";160403;"gm. Lasowice Wielkie";"kluczborski";"opolskie";1;1;1;0;0;0;0;0;0;0;1;0;1;0;0;0;0;0;1;0;0;0;0;0;0;1;5;1;14;1;5;0;0;0;0;1;0;0;0;0;0;0;0;0;0;0;1;0;0;0;15;1;0;1;0;0;0;0;0;0;0;0;1;0;1;0;0;0;0;0;0;0;0;0;19;48;8;9;6;0;0;0;0;0;0;0;0;0;0;0;0;1;1;0;0;0;0;0;13;0;1;0;1;0;0;0;2;0;0;0;0;0;0;0;0;0;0;0;0;0;0;0;14;0;10;0;1;4;0;0;1;5;0;9;0;0;0;1;1;0;4;0;0;0;0;2;1;0;0;0;0;0;0;0;0;0;0;0;1;0;0;0;0;0;0;0;1;0;0;0;0;0;0;0;0;0;0;1;0;0;0;0;0;0;1;0
5;"Zespół Szkolno-Przedszkolny, Szkoła Podstawowa, Jasienie ul. Zwycięstwa 15, 46-280 Lasowice Wielkie";160403;"gm. Lasowice Wielkie";"kluczborski";"opolskie";1;1;3;0;0;0;0;0;1;0;0;0;0;0;0;1;0;0;0;0;0;0;0;0;0;1;3;0;62;3;2;2;0;1;0;0;0;0;0;0;0;0;0;0;0;0;0;0;0;0;5;1;1;0;0;2;1;0;0;0;0;0;0;0;0;0;0;0;0;0;0;0;0;0;17;33;6;16;13;1;0;0;1;0;0;0;0;0;0;0;0;0;0;0;0;0;0;0;14;0;1;2;3;0;7;0;0;0;3;0;0;0;2;1;0;0;0;0;0;0;0;0;12;2;14;0;1;3;0;0;0;6;0;8;0;0;0;0;0;0;4;0;0;1;0;10;3;1;0;0;1;0;0;0;0;0;0;0;0;0;0;0;13;8;1;0;0;1;0;1;7;0;0;0;0;0;0;5;0;0;0;1;0;0;0;0
6;"Sala Wiejska, Tuły 39a, 46-282 Lasowice Wielkie";160403;"gm. Lasowice Wielkie";"kluczborski";"opolskie";1;1;1;0;0;0;0;0;0;0;0;0;0;0;0;0;0;0;0;0;0;0;0;0;0;0;3;2;9;0;0;0;0;0;0;0;0;0;0;0;0;0;0;0;0;0;0;0;0;0;0;2;1;0;0;0;0;0;0;0;0;0;0;0;0;0;0;0;0;0;0;0;0;0;5;24;4;7;0;1;1;0;0;0;0;0;1;0;0;0;0;0;0;0;1;0;0;1;2;0;0;1;0;0;0;0;0;0;0;0;0;0;0;0;0;0;0;0;0;0;0;0;5;1;3;0;0;0;0;0;1;0;0;0;0;0;0;0;0;0;0;0;0;0;0;4;0;0;0;0;0;0;0;0;0;0;0;0;1;0;0;0;14;1;0;0;4;0;0;0;7;0;0;0;0;0;0;0;0;0;0;0;0;0;0;0
7;"Świetlica Wiejska, Laskowice ul. Wiejska 70, 46-282 Lasowice Wielkie";160403;"gm. Lasowice Wielkie";"kluczborski";"opolskie";1;1;1;0;0;0;0;1;0;0;1;0;0;0;0;0;0;0;0;0;0;0;0;0;0;0;3;2;8;1;2;0;0;0;0;0;2;0;0;0;3;1;0;0;0;0;0;0;0;0;7;2;1;0;0;0;0;0;0;0;0;0;0;0;0;0;0;0;0;0;0;0;0;0;15;13;5;7;7;2;0;0;0;0;0;0;0;0;0;0;0;0;1;1;0;0;0;1;16;1;0;2;1;2;0;0;0;0;0;0;0;0;0;0;0;0;0;0;0;0;0;0;22;2;13;3;3;0;1;0;2;1;0;7;2;0;0;2;0;1;5;0;0;0;0;11;1;0;0;0;0;0;0;0;0;0;0;0;0;0;0;0;16;4;1;0;0;1;0;1;51;1;0;0;0;0;0;1;0;0;0;0;0;0;1;0
8;"Świetlica Wiejska, Lasowice Wielkie 81, 46-282 Lasowice Wielkie";160403;"gm. Lasowice Wielkie";"kluczborski";"opolskie";1;1;3;1;0;0;1;0;1;0;1;0;0;0;0;2;0;2;1;0;0;0;0;0;0;0;11;8;31;1;15;1;0;0;0;1;0;1;0;0;0;0;0;1;0;0;1;1;0;0;17;5;3;0;0;0;1;0;2;0;0;0;0;0;1;0;0;1;0;0;0;0;1;0;43;50;8;14;16;5;1;0;1;1;0;2;0;0;1;0;0;0;0;0;0;0;0;0;15;1;3;3;1;1;0;0;1;0;1;0;2;0;0;0;2;0;1;0;0;0;0;2;22;9;18;2;1;4;2;2;1;32;0;12;1;1;0;0;0;0;15;0;0;0;0;3;1;0;0;0;1;0;1;0;1;0;0;0;0;0;1;1;24;8;1;2;1;0;0;0;12;1;1;1;0;0;0;0;0;1;0;0;2;0;0;0
9;"Zespół Szkolno-Przedszkolny, Szkoła Podstawowa, Chudoba 142, 46-280 Lasowice Wielkie";160403;"gm. Lasowice Wielkie";"kluczborski";"opolskie";1;1;0;0;0;0;0;2;1;2;1;0;0;0;0;0;0;0;1;1;0;0;0;0;0;0;11;1;4;2;10;1;0;0;0;0;0;0;0;0;0;0;0;0;1;0;1;0;0;0;5;0;1;0;1;1;1;1;0;2;0;1;0;0;0;0;0;0;1;0;0;0;0;0;18;15;4;4;9;3;0;0;0;0;0;0;0;1;1;0;0;1;1;0;0;0;0;0;9;1;1;2;0;1;1;1;0;0;0;0;1;1;1;0;0;0;0;0;0;0;0;0;22;4;6;1;0;2;3;2;0;0;0;0;0;0;0;0;0;8;21;0;0;0;0;6;4;0;0;2;0;1;1;0;0;0;0;0;0;0;0;2;16;14;0;1;7;2;0;0;3;7;0;0;0;0;1;1;0;1;0;0;0;0;0;1
10;"Sala Wiejska, Wędrynia 66, 46-275 Lasowice Wielkie";160403;"gm. Lasowice Wielkie";"kluczborski";"opolskie";1;1;0;0;0;0;0;0;0;0;0;0;0;0;0;0;0;1;0;0;0;0;0;0;0;0;9;1;4;0;2;1;1;0;0;0;0;0;0;1;0;0;0;1;2;0;0;0;0;1;4;1;1;0;0;0;1;1;0;0;0;0;0;0;0;0;0;2;0;0;0;0;0;1;13;14;5;3;3;1;0;0;0;1;0;0;0;2;0;2;0;0;0;0;0;0;0;0;3;0;1;1;0;0;0;0;0;0;0;0;0;0;0;0;0;0;0;0;0;0;0;0;13;0;4;4;2;4;0;1;1;2;0;0;0;0;0;0;1;0;9;0;0;0;0;1;0;0;0;0;0;0;0;0;0;0;0;0;0;0;0;0;13;6;0;0;4;4;0;0;2;3;0;0;0;0;1;1;0;0;0;0;0;0;0;0
1;"Wołczyński Ośrodek Kultury, ul. Opolska 2, 46-250 Wołczyn";160404;"gm. Wołczyn";"kluczborski";"opolskie";1;1;0;0;0;0;0;0;0;0;0;0;0;0;0;3;0;0;1;1;0;0;0;0;2;0;13;3;60;0;13;3;1;0;0;5;0;4;0;0;0;1;3;0;3;1;1;0;1;0;20;1;1;2;0;0;1;2;0;2;1;1;2;0;0;1;1;0;0;0;0;1;0;2;72;205;14;17;31;7;0;1;1;1;0;1;1;1;0;2;1;1;0;1;2;0;0;0;26;7;6;3;1;1;0;1;0;3;2;1;3;2;1;2;0;0;0;0;0;0;1;2;65;9;29;5;2;7;1;4;8;7;0;31;0;0;0;2;0;1;21;0;1;0;0;50;9;0;3;0;1;0;2;1;0;0;1;0;0;1;0;2;3;1;0;0;0;0;0;0;0;0;1;0;0;0;0;0;0;0;0;0;0;0;0;1
2;"Wołczyński Ośrodek Kultury, ul. Opolska 2, 46-250 Wołczyn";160404;"gm. Wołczyn";"kluczborski";"opolskie";1;1;3;0;0;0;1;1;0;0;0;0;0;0;2;0;0;0;0;1;0;0;0;0;0;0;6;3;41;2;20;2;0;1;0;3;0;2;0;0;0;2;0;0;0;0;0;0;0;0;21;3;0;0;0;1;1;1;0;0;2;2;1;0;0;3;0;1;0;0;0;0;2;0;25;115;2;12;18;1;1;1;0;1;0;1;0;0;1;0;0;0;1;0;0;1;0;1;17;1;3;1;1;1;1;0;1;0;4;0;0;0;2;0;1;2;0;0;0;0;0;0;37;8;5;3;0;6;1;0;2;5;1;13;0;0;1;0;0;0;11;1;1;0;0;30;6;2;0;0;1;0;0;0;0;2;0;0;0;0;0;1;0;0;0;0;0;0;0;0;0;0;0;0;0;0;0;0;0;0;0;0;0;0;0;0
3;"Świetlica przy Szkole Podstawowej, ul. Rzeczna 7, 46-250 Wołczyn";160404;"gm. Wołczyn";"kluczborski";"opolskie";1;1;0;0;1;0;0;0;0;0;1;1;0;0;0;3;1;1;0;1;0;0;0;0;1;0;29;5;58;0;15;4;1;0;1;1;0;8;1;0;0;0;1;0;0;0;1;1;0;1;26;2;2;0;0;0;1;3;0;0;0;1;1;3;0;2;1;0;0;0;0;0;0;2;66;234;7;22;16;12;1;0;3;1;1;0;0;0;0;0;2;0;0;1;0;1;0;0;22;1;3;2;5;3;0;1;0;0;1;1;1;0;1;0;0;1;1;0;1;0;0;3;82;11;27;6;1;1;1;1;6;12;5;40;2;3;1;0;0;5;10;0;1;3;0;80;4;0;0;1;2;0;3;0;1;0;0;0;0;1;0;3;0;0;0;0;0;0;0;0;0;0;1;0;0;0;0;0;0;0;0;0;0;0;0;0
4;"Przedsiębiorstwo Gospodarki Komunalnej i Mieszkaniowej Sp. z o. o., ul. Rzeczna 3, 46-250 Wołczyn";160404;"gm. Wołczyn";"kluczborski";"opolskie";1;1;2;0;0;1;0;0;1;0;1;0;1;0;0;1;0;0;0;0;0;0;0;0;1;1;23;6;62;5;9;1;0;0;0;1;1;4;0;0;5;1;2;0;1;0;0;0;0;0;14;8;1;1;1;0;0;2;1;0;1;0;0;3;0;1;1;0;0;0;0;0;0;0;55;172;11;18;18;4;0;0;0;2;1;0;0;0;0;0;0;0;0;2;1;0;0;0;38;3;4;2;3;0;2;1;3;0;2;3;5;1;0;0;1;0;1;0;0;1;2;2;55;14;9;0;1;2;1;0;5;8;1;16;1;1;0;0;0;0;11;0;1;3;0;50;5;1;0;1;0;0;0;0;1;0;0;0;1;0;0;0;1;0;0;0;0;0;0;0;0;0;0;0;0;0;0;3;0;0;0;0;0;0;0;0
5;"Szkoła Podstawowa, Wierzbica Górna 39 a, 46-255 Wołczyn";160404;"gm. Wołczyn";"kluczborski";"opolskie";1;1;0;2;0;0;0;0;0;0;1;0;0;0;0;0;0;0;0;0;0;0;1;0;1;0;17;18;28;2;17;2;0;0;1;2;0;0;0;0;0;5;0;0;0;0;2;0;0;1;13;4;0;0;0;0;1;0;0;0;1;2;0;0;0;1;0;0;0;0;0;0;0;0;30;114;26;5;12;4;0;0;0;1;0;0;2;1;0;0;0;0;0;0;2;0;0;4;6;2;4;1;2;1;2;3;0;1;0;0;1;0;0;1;0;0;0;0;1;0;0;0;36;10;10;2;1;1;1;0;3;13;2;22;0;3;0;1;5;0;6;0;0;0;0;7;3;0;0;0;0;0;0;0;0;0;0;0;1;1;0;0;1;0;0;0;0;0;0;0;0;0;0;0;0;0;1;0;0;0;0;0;0;0;0;0
6;"Szkoła Podstawowa, Komorzno ul. Główna 31, 46-264 Wołczyn";160404;"gm. Wołczyn";"kluczborski";"opolskie";1;1;0;1;0;0;1;0;1;1;0;0;0;0;0;0;0;0;0;0;0;0;0;0;0;0;6;0;21;0;6;0;0;0;0;3;0;2;0;0;0;0;2;0;0;0;0;4;0;1;14;2;1;4;1;3;0;7;0;0;2;0;0;0;0;2;0;0;0;0;0;1;0;1;13;118;5;5;6;2;1;0;1;0;0;0;0;0;0;0;0;0;0;0;0;1;0;0;11;5;2;5;2;2;1;0;0;0;1;1;2;0;0;0;0;0;0;1;0;0;0;0;26;2;5;3;1;3;0;2;1;5;1;12;1;0;0;0;1;0;4;2;0;0;0;13;2;0;0;0;0;0;0;0;1;0;0;0;0;1;0;0;0;0;0;0;0;0;0;0;0;0;0;0;0;0;0;0;0;0;0;0;0;0;0;0
7;"Świetlica Wiejska, Krzywiczyny ul. Wołczyńska 41, 46-264 Wołczyn";160404;"gm. Wołczyn";"kluczborski";"opolskie";1;1;1;0;0;0;0;1;0;0;0;0;0;0;0;0;0;0;0;1;0;0;0;0;0;0;10;5;14;1;8;1;0;0;0;1;0;0;0;0;0;0;1;0;0;0;0;0;0;0;9;0;0;2;0;0;2;4;0;0;2;2;0;0;0;1;0;0;0;2;0;2;0;0;21;78;3;18;10;4;0;0;1;0;0;0;0;0;0;0;1;0;0;0;1;0;0;2;12;0;2;2;0;0;0;0;1;0;1;2;0;0;1;0;0;1;0;0;0;0;0;0;6;3;5;0;0;3;0;0;0;2;0;0;0;0;0;0;1;0;4;0;0;0;0;7;1;1;0;0;0;0;0;0;0;0;0;0;0;0;0;0;0;0;0;0;0;0;0;0;0;0;0;0;0;0;0;0;0;0;0;0;0;0;0;0
8;"Szkoła Podstawowa, Szymonków ul. Wołczyńska 3, 46-250 Wołczyn";160404;"gm. Wołczyn";"kluczborski";"opolskie";1;1;0;0;1;0;0;2;0;1;0;0;0;0;0;3;1;0;0;0;0;0;0;0;0;0;3;6;6;2;8;2;0;0;0;0;0;2;0;0;0;0;0;0;2;0;0;0;1;0;9;2;0;0;0;1;0;1;1;1;0;0;0;1;0;1;0;0;0;0;0;0;0;0;29;81;7;4;8;0;0;0;1;1;0;0;1;1;0;1;0;0;0;0;0;0;1;1;11;2;2;2;1;1;2;0;0;0;0;0;1;0;1;0;0;1;0;0;0;0;0;0;7;3;5;0;1;4;0;2;1;7;1;2;0;1;0;0;0;0;2;0;0;0;0;5;0;0;0;2;0;0;0;0;0;0;0;0;0;0;0;0;0;0;0;0;0;0;0;0;0;0;0;0;0;0;0;0;0;0;0;0;0;0;0;0
9;"Świetlica Wiejska, Wierzbica Dolna 26, 46-255 Wołczyn";160404;"gm. Wołczyn";"kluczborski";"opolskie";1;1;2;0;0;0;0;1;1;0;1;0;0;0;0;0;0;0;0;1;0;0;0;0;0;0;4;2;19;1;4;0;0;0;0;5;0;3;0;0;0;0;2;0;1;0;0;0;0;0;13;2;1;1;0;1;0;0;0;0;0;0;0;1;0;1;1;0;0;0;0;1;0;0;23;58;6;5;15;7;0;1;0;0;0;1;0;0;1;0;0;0;0;0;1;1;0;0;19;0;2;1;2;2;1;0;0;0;2;0;0;0;1;0;0;0;0;0;0;0;0;1;19;0;4;5;0;0;3;0;1;0;1;12;0;0;0;0;0;0;5;1;0;0;0;5;1;0;0;0;0;0;0;0;0;0;0;0;0;1;0;0;0;0;0;0;0;0;0;0;0;0;0;0;0;0;0;3;0;0;0;0;0;0;0;0
10;"Remiza Ochotniczej Straży Pożarnej, Gierałcice ul. Opolska 36, 46-250 Wołczyn";160404;"gm. Wołczyn";"kluczborski";"opolskie";1;1;2;1;0;0;0;0;0;0;0;0;1;1;0;0;0;0;0;0;1;0;0;0;0;0;9;3;11;2;12;1;1;0;0;0;0;1;0;1;0;0;0;0;1;0;0;0;0;1;11;0;0;0;0;1;0;1;1;0;1;0;0;0;0;1;0;0;0;0;0;0;0;0;29;106;11;6;4;2;0;2;2;1;0;0;0;0;1;0;0;0;0;0;0;0;0;0;18;1;3;2;0;0;1;0;0;0;1;0;0;1;1;1;0;3;0;0;0;1;0;0;24;5;2;0;1;5;1;0;0;9;0;25;0;1;0;0;0;0;11;0;1;0;0;21;1;0;0;0;0;0;1;0;0;0;0;0;0;0;0;0;1;0;0;0;0;0;0;0;0;0;0;0;0;0;0;0;0;0;0;0;0;0;0;0
11;"Oddział Przedszkolny Szkoły Podstawowej, Wąsice ul. Główna 14 a, 46-250 Wołczyn";160404;"gm. Wołczyn";"kluczborski";"opolskie";1;1;4;0;0;0;0;0;0;0;0;0;0;0;0;0;0;0;0;0;0;0;0;0;0;0;3;10;14;0;3;0;0;0;0;1;0;1;0;0;0;0;1;0;0;0;0;0;0;0;2;0;0;0;0;0;0;0;0;0;0;1;0;0;0;0;0;0;0;1;0;0;0;1;16;87;4;2;6;2;0;1;0;0;0;0;0;0;0;0;0;0;0;0;0;0;0;2;10;0;2;2;1;2;0;1;0;0;0;1;1;1;0;0;0;0;0;0;0;0;0;0;10;4;7;3;0;2;1;0;1;0;1;4;0;1;0;1;0;0;4;0;0;0;0;10;2;0;0;0;0;0;0;0;0;0;0;0;0;0;0;0;2;0;0;1;0;0;0;0;0;0;0;0;0;0;0;1;0;0;0;0;0;0;0;0
12;"Świetlica Wiejska, Wierzchy 76, 46-250 Wołczyn";160404;"gm. Wołczyn";"kluczborski";"opolskie";1;1;0;0;0;0;0;0;0;0;0;0;0;0;0;0;0;0;0;0;0;0;0;0;0;1;4;0;9;0;3;0;0;1;0;0;0;4;0;0;0;1;0;0;0;0;0;0;0;1;7;0;0;0;0;0;0;1;0;1;0;1;1;1;0;0;0;0;0;1;0;0;0;0;17;53;9;2;6;4;0;0;1;1;0;0;0;0;0;1;0;0;0;2;0;0;0;0;11;2;0;1;2;0;0;0;2;0;0;0;1;0;1;0;0;0;1;0;0;0;0;1;13;1;6;0;1;1;0;0;1;3;4;25;0;1;0;0;0;0;10;0;0;0;0;5;2;0;0;1;0;0;1;1;0;0;0;0;0;0;0;0;11;0;0;0;0;0;0;0;0;0;0;0;0;0;0;12;0;0;1;0;0;0;0;0
13;"Świetlica Wiejska, Brzezinki 25, 46-250 Wołczyn";160404;"gm. Wołczyn";"kluczborski";"opolskie";1;1;0;0;0;0;0;0;0;0;0;0;0;0;0;0;0;0;0;0;0;0;0;0;0;0;2;2;7;0;2;1;0;2;0;0;0;2;0;0;0;1;1;0;1;0;0;0;0;0;8;0;0;0;0;0;1;0;0;0;0;0;0;0;0;1;0;0;0;0;0;0;0;0;8;57;0;11;2;2;0;0;0;1;0;0;0;1;0;0;0;0;0;1;0;0;0;0;2;1;1;1;0;1;1;0;0;0;1;0;0;0;0;0;0;3;0;0;0;0;0;0;19;0;5;1;1;0;0;0;0;4;2;4;0;0;0;0;0;0;1;0;0;0;0;2;2;1;0;0;0;0;0;0;0;0;0;0;0;0;0;0;0;0;0;0;0;0;0;0;0;0;0;0;0;0;0;0;0;0;0;0;0;0;0;0
14;"Szkoła Podstawowa, Skałągi ul. Wołczyńska 23, 46-262 Wołczyn";160404;"gm. Wołczyn";"kluczborski";"opolskie";1;1;0;2;0;0;0;0;0;0;0;0;0;0;0;0;0;0;0;0;0;0;0;0;0;0;5;0;20;0;5;0;0;0;0;1;0;1;0;0;0;0;0;1;0;0;0;3;0;0;6;2;1;2;0;0;0;0;0;0;0;0;0;0;0;1;0;1;0;0;0;0;0;0;16;67;3;11;7;5;0;0;0;0;0;0;0;0;0;0;0;0;0;0;2;0;0;0;5;1;1;1;0;0;1;2;0;0;0;0;0;0;1;0;0;1;0;0;2;0;1;0;18;4;4;1;1;5;0;0;0;11;0;8;0;1;0;0;0;0;6;0;0;0;0;4;3;1;0;1;0;0;4;0;0;0;0;0;1;0;0;0;0;0;1;0;0;0;1;0;0;0;0;1;2;0;0;0;0;0;0;0;0;0;0;0
15;"Świetlica Wiejska Rożnów, Rożnów 1A, 46-262 Wołczyn";160404;"gm. Wołczyn";"kluczborski";"opolskie";1;1;2;1;0;0;0;3;0;0;0;0;0;0;0;0;0;1;0;0;1;0;0;0;1;0;2;0;10;0;1;0;0;1;0;0;1;3;0;0;1;0;0;0;0;0;0;0;0;0;4;0;0;0;1;0;0;3;0;0;0;0;0;0;0;0;0;0;1;0;0;0;0;0;12;48;4;10;13;4;0;0;2;1;0;1;0;1;0;0;1;1;0;0;2;0;0;0;4;1;3;0;0;1;0;0;0;0;0;0;0;0;0;0;0;0;0;0;1;0;0;0;9;0;6;3;2;0;1;0;1;7;0;6;0;0;0;0;0;0;5;0;0;0;0;4;0;0;0;0;0;0;0;0;0;0;0;0;0;0;0;0;0;0;0;0;1;0;0;0;0;0;0;0;0;0;0;0;0;0;0;0;0;0;0;0
1;"Publiczna Szkoła Podstawowa nr 3 im. Jana Brzechwy, ul. Szkolna 27, 47-320 Gogolin";160501;"gm. Gogolin";"krapkowicki";"opolskie";1;1;3;0;4;0;1;2;2;0;0;1;0;0;0;0;0;2;0;0;0;0;0;0;2;0;194;9;4;0;5;5;0;0;0;3;0;2;1;0;1;0;2;2;1;0;2;0;2;1;59;1;4;1;0;1;2;0;1;0;3;1;1;1;1;0;0;0;1;0;0;2;0;0;69;69;55;21;16;9;0;1;0;0;1;2;0;1;1;2;0;0;0;2;5;2;0;1;33;8;1;2;4;0;1;0;0;1;2;0;0;2;1;0;1;0;0;0;1;0;0;0;123;39;69;8;1;10;8;17;14;1;1;2;1;0;0;3;0;6;14;0;1;1;0;25;10;2;6;2;2;0;0;0;0;1;0;1;0;0;2;1;25;6;44;0;1;0;2;0;0;0;1;0;1;0;0;0;1;12;0;0;0;1;1;0
2;"Publiczna Szkoła Podstawowa Nr 2 im. Kornela Makuszyńskiego, ul. Strzelecka 39, 47-320 Gogolin";160501;"gm. Gogolin";"krapkowicki";"opolskie";1;1;5;2;0;0;0;0;0;1;5;0;1;1;0;0;0;0;0;0;0;0;0;1;0;0;101;12;3;0;3;4;7;1;0;1;0;0;0;0;1;2;0;3;0;0;2;1;0;0;30;3;2;1;1;0;3;0;1;0;1;1;0;0;0;2;0;1;0;1;0;1;3;0;64;44;30;17;14;6;3;0;2;1;0;0;0;0;0;0;0;1;0;0;9;0;0;1;32;5;3;6;0;1;0;1;0;1;1;0;1;0;2;0;0;0;0;1;0;0;0;0;98;19;41;6;2;6;5;14;10;0;3;5;1;1;0;1;0;1;17;2;1;3;0;33;3;1;0;0;0;1;2;1;0;0;0;0;0;0;0;2;28;1;11;2;0;0;0;0;1;0;0;0;0;1;0;0;0;6;0;1;0;0;0;0
3;"Publiczna Szkoła Podstawowa nr 3 im. Jana Brzechwy, ul. Krapkowicka 141, 47-320 Gogolin";160501;"gm. Gogolin";"krapkowicki";"opolskie";1;1;4;0;0;0;0;1;0;0;0;1;0;0;2;1;0;0;0;0;0;0;0;0;1;0;151;8;1;1;1;3;1;0;1;0;1;2;0;1;1;0;0;2;1;0;0;1;0;0;34;3;3;1;0;0;1;0;0;0;0;0;1;1;0;0;0;0;3;0;0;1;0;0;41;40;19;13;9;9;1;0;2;1;0;1;0;3;2;0;2;0;1;0;5;0;0;0;32;3;6;1;0;3;0;1;0;0;2;0;0;0;1;0;0;0;0;0;1;0;0;0;85;35;76;2;6;3;4;17;8;0;4;1;3;1;0;1;0;2;18;1;1;0;0;37;3;0;6;0;0;0;0;0;0;0;0;0;0;0;0;0;22;7;32;2;0;3;1;2;0;0;1;0;0;0;0;0;0;7;0;0;0;0;0;1
4;"Świetlica, ul. Wiejska 4, 47-316 Górażdże";160501;"gm. Gogolin";"krapkowicki";"opolskie";1;1;0;1;0;0;0;0;0;0;4;0;0;1;0;0;0;0;0;0;0;0;0;0;0;0;32;3;1;0;1;12;0;0;0;2;0;1;0;0;1;0;1;0;1;0;0;0;0;0;19;1;0;0;0;0;2;2;0;0;0;0;0;0;0;0;0;0;0;0;0;0;0;0;38;25;16;9;5;1;0;3;0;0;1;0;0;0;0;1;0;0;0;0;3;1;0;1;9;3;1;3;1;0;0;0;1;0;0;1;0;1;1;0;0;0;0;0;0;0;1;0;41;16;18;1;0;3;0;2;3;0;0;1;1;3;2;2;0;1;6;0;0;0;0;14;4;0;0;0;1;0;0;0;0;0;0;0;0;0;0;0;11;2;8;1;0;0;0;0;0;0;0;0;0;0;0;0;1;20;0;0;0;0;1;1
5;"Publiczna Szkoła Podstawowa im. Mikołaja Kopernika, Malnia ul. Podgórna 3, 47-316 Górażdże";160501;"gm. Gogolin";"krapkowicki";"opolskie";1;1;0;0;1;0;1;1;0;0;1;0;1;0;0;0;0;0;0;1;0;0;0;0;0;0;43;2;0;0;0;1;2;0;0;0;0;4;0;0;0;0;1;0;0;0;0;0;0;0;9;1;1;0;1;0;0;0;1;0;0;0;1;0;0;1;0;0;0;0;0;0;0;0;16;19;2;4;11;0;1;1;1;1;0;0;0;1;0;1;0;0;0;0;0;0;0;0;8;1;2;0;0;0;0;0;0;0;0;1;0;0;0;0;0;0;0;0;0;2;0;0;21;6;10;1;1;1;1;5;1;0;1;0;0;0;0;1;0;4;11;1;0;0;0;10;3;0;1;0;0;0;2;0;0;0;0;0;0;0;0;0;15;6;12;3;0;0;0;0;0;0;0;0;0;0;0;0;0;45;0;0;0;0;1;0
6;"Filia Publicznej Szkoły Podstawowej Nr 3 w Gogolinie, Zakrzów ul. Mickiewicza 3, 47-330 Zdzieszowice";160501;"gm. Gogolin";"krapkowicki";"opolskie";1;1;0;1;0;1;0;1;0;0;0;0;0;0;1;0;0;0;0;0;0;0;0;0;4;0;18;8;0;0;4;1;1;0;0;0;0;1;0;0;1;0;1;1;0;0;0;0;0;0;3;0;0;0;0;0;0;0;0;0;0;0;2;2;0;2;0;0;0;1;0;0;0;0;18;15;16;5;0;1;0;0;1;0;2;0;0;1;0;0;0;0;1;1;0;0;0;1;15;0;0;0;0;0;0;0;0;0;0;0;0;0;1;0;0;0;0;0;0;0;0;0;20;6;12;1;1;3;1;1;3;0;1;1;0;0;0;0;0;10;5;0;0;2;0;4;3;0;4;0;4;0;0;0;0;1;0;0;0;0;0;1;5;4;14;4;0;0;3;0;0;0;0;0;0;0;0;0;0;4;0;0;0;1;2;1
7;"Publiczna Szkoła Podstawowa im. Powstańców Śląskich, Kamień Śląski ul. Klasztorna 2, 47-325 Gogolin";160501;"gm. Gogolin";"krapkowicki";"opolskie";1;1;6;0;2;0;0;1;0;0;0;0;0;0;0;0;0;0;0;1;0;0;0;0;2;2;58;18;4;0;1;2;2;0;0;0;0;0;0;0;1;0;0;4;0;0;1;0;0;0;8;2;2;0;0;0;0;0;1;0;0;1;0;0;0;0;0;2;2;0;0;1;0;0;25;32;11;3;9;6;1;4;1;1;1;1;1;1;0;1;0;1;1;0;5;0;0;3;11;2;1;5;2;1;0;3;0;0;1;1;2;1;1;0;0;0;0;0;0;2;0;0;64;21;42;2;0;5;3;6;9;0;7;1;2;0;0;0;1;14;8;0;0;0;0;9;4;0;2;1;1;0;1;1;0;0;1;0;0;0;1;0;40;8;11;0;0;1;0;1;1;0;0;0;2;2;0;0;0;27;0;0;0;1;2;20
8;"DSS Święta Barbara, Kamionek ul. Polna 24, 47-325 Gogolin";160501;"gm. Gogolin";"krapkowicki";"opolskie";1;1;1;0;0;1;0;1;0;0;0;0;0;0;0;1;0;0;0;0;0;0;0;1;0;0;25;5;1;0;0;0;0;0;0;0;1;0;0;0;0;0;1;0;1;0;0;0;0;1;4;1;1;0;0;0;0;0;0;0;0;0;0;0;0;0;0;0;0;0;0;0;0;0;28;17;11;8;6;3;1;0;0;0;0;0;0;0;0;0;2;0;0;0;4;0;0;0;8;2;1;0;0;1;0;1;0;0;1;0;1;0;0;0;0;0;0;0;0;0;1;0;7;1;11;2;1;1;5;2;2;0;0;0;0;0;1;0;0;3;10;0;0;1;0;8;3;1;0;3;1;0;1;0;0;0;0;0;0;0;0;0;12;13;1;0;2;0;0;1;0;0;0;0;0;0;0;0;0;14;0;0;0;0;0;1
9;"Remiza Strażacka, Obrowiec ul. Łąkowa 1, 47-320 Gogolin";160501;"gm. Gogolin";"krapkowicki";"opolskie";1;1;1;0;0;1;0;0;0;0;0;0;0;0;0;0;0;1;0;0;0;0;0;0;0;0;22;3;2;1;0;2;0;0;0;0;0;1;0;1;1;0;0;0;1;0;1;0;0;0;8;0;2;0;0;0;0;1;2;0;0;0;0;0;0;0;0;0;0;0;0;0;0;0;8;9;4;2;0;1;0;0;2;0;0;0;0;1;0;1;0;0;0;0;0;0;0;2;12;3;0;0;2;1;1;0;0;0;0;0;0;0;0;0;0;0;0;2;0;0;0;0;9;7;12;1;0;0;6;7;0;0;0;1;0;1;0;6;0;6;2;0;0;1;0;5;0;0;1;0;0;0;1;0;0;0;1;0;0;0;0;0;8;1;17;0;1;0;0;0;0;1;0;0;0;0;0;0;0;8;0;0;0;0;1;1
10;"Centrum Aktywacji Wiejskiej, Odrowąż ul. Wiejska 58A, 47-316 Górażdże";160501;"gm. Gogolin";"krapkowicki";"opolskie";1;1;1;0;1;0;0;1;0;0;1;0;0;0;0;0;0;0;1;1;0;0;0;0;0;0;47;4;0;1;1;1;2;0;2;1;1;2;0;0;0;0;0;0;0;2;0;0;1;0;12;2;0;0;0;0;0;0;0;0;0;0;0;1;0;1;0;0;2;0;0;0;0;0;13;13;16;2;1;3;0;0;0;0;1;0;0;0;0;0;0;0;0;0;0;0;0;1;7;1;0;2;0;0;0;0;0;0;0;0;0;0;1;0;1;0;0;2;0;0;0;0;33;7;13;4;0;0;0;4;1;0;1;2;0;0;0;0;0;0;4;0;1;0;0;12;1;0;2;0;1;1;0;0;0;0;0;0;0;0;2;0;6;1;16;0;0;1;0;0;0;0;0;0;0;1;0;0;0;13;0;0;0;0;0;0
11;"Świetlica, ul. Plebiscytowa 1, 47-320 Gogolin";160501;"gm. Gogolin";"krapkowicki";"opolskie";1;1;0;1;0;0;0;0;1;0;0;0;0;0;0;1;0;0;0;0;0;0;0;0;1;0;42;1;0;0;3;1;0;1;2;0;0;2;0;0;0;0;1;1;0;0;0;0;0;0;5;0;2;1;1;0;0;0;2;0;0;1;0;0;0;1;0;0;1;0;0;0;0;0;21;19;12;7;7;2;0;0;2;1;0;0;0;0;0;1;0;0;0;3;2;2;0;0;13;1;2;2;0;2;0;0;0;0;0;0;0;0;1;1;0;0;0;0;0;0;0;1;26;6;14;2;1;1;1;4;2;0;2;1;0;1;0;2;0;3;8;1;1;0;0;7;3;0;0;0;0;1;0;0;0;0;0;0;0;0;0;0;8;6;10;3;0;1;0;0;0;0;0;0;0;0;0;0;0;3;0;0;0;0;0;1
12;"Centrum Aktywacji Wiejskiej, Chorula ul. Opolska 66, 47-316 Górażdże";160501;"gm. Gogolin";"krapkowicki";"opolskie";1;1;2;0;0;0;0;0;1;3;0;0;0;0;0;0;0;0;0;0;0;0;0;0;0;0;29;4;0;2;0;1;0;0;0;0;0;2;0;0;0;0;0;0;0;0;0;0;0;2;14;0;4;0;1;0;0;0;0;0;0;0;0;2;0;1;0;0;0;0;1;0;0;1;15;20;5;7;5;3;0;1;1;0;0;0;0;0;1;0;0;0;0;0;1;0;0;0;11;4;0;2;0;0;0;0;1;0;0;0;1;0;0;0;0;0;0;0;0;1;0;0;19;8;15;0;0;0;1;0;0;0;0;0;0;1;0;1;5;6;0;2;0;0;0;1;0;0;0;0;0;0;0;0;0;1;0;0;0;0;0;0;12;2;11;0;0;2;1;0;0;0;0;0;0;0;0;0;0;6;0;0;0;0;0;0
1;"Zespół Szkolno-Przedszkolny Nr 4 w Krapkowicach, ul. Żeromskiego 34, 47-303 Krapkowice";160502;"gm. Krapkowice";"krapkowicki";"opolskie";1;1;4;1;2;1;1;2;3;1;0;1;1;0;0;0;0;0;0;0;0;0;0;0;2;1;133;8;4;3;1;4;1;0;0;0;1;4;2;1;3;0;0;0;1;0;4;1;0;1;52;7;5;1;1;0;1;0;0;0;0;2;0;1;1;0;0;0;2;0;1;0;0;0;93;92;43;25;20;19;0;2;1;4;2;1;1;0;1;1;0;0;0;0;0;0;0;1;40;8;5;4;4;1;0;1;0;0;1;1;0;0;0;0;0;0;0;1;1;0;1;3;138;66;82;2;6;10;8;14;2;0;3;3;1;1;1;2;0;9;18;1;0;0;0;89;4;1;7;0;0;0;0;1;0;0;0;0;0;0;0;0;7;2;95;0;0;0;2;1;0;0;0;0;0;0;1;0;0;1;0;0;0;0;0;0
2;"Urząd Miasta i Gminy w Krapkowicach, ul. 3 Maja 17, 47-303 Krapkowice";160502;"gm. Krapkowice";"krapkowicki";"opolskie";1;1;2;0;2;0;0;1;1;0;1;0;0;0;0;0;0;0;0;0;0;0;0;1;0;0;79;6;2;1;2;2;1;1;1;0;0;3;0;0;0;0;1;2;1;0;0;1;0;1;18;2;3;2;1;0;1;0;2;1;1;1;1;2;0;1;0;0;1;0;0;0;1;0;40;39;16;15;16;11;0;0;1;0;1;0;1;0;2;0;1;0;1;1;0;1;0;0;25;2;2;1;0;2;0;1;0;0;1;0;1;0;0;0;0;0;0;0;0;1;0;1;56;19;32;2;5;8;3;10;1;1;0;0;1;1;0;1;0;2;8;1;1;1;0;33;3;1;12;0;1;0;0;0;0;0;2;0;0;0;0;1;7;1;51;0;0;0;0;0;0;0;0;0;0;0;0;0;0;0;0;0;0;0;0;3
3;"Miejska i Gminna Biblioteka Publiczna w Krapkowicach, Filia Nr 2, ul. Mickiewicza 1, 47-303 Krapkowice";160502;"gm. Krapkowice";"krapkowicki";"opolskie";1;1;2;2;0;0;0;1;4;0;0;0;0;0;0;0;0;0;1;0;0;1;0;0;1;0;85;9;7;2;2;11;0;2;0;0;0;7;3;0;2;0;1;3;2;1;0;1;1;3;53;3;1;5;0;2;0;4;1;0;2;3;1;1;0;2;2;0;2;1;0;0;0;2;53;79;23;20;9;16;1;1;2;1;2;0;1;1;0;0;0;0;0;3;0;0;0;1;27;5;1;5;3;2;0;0;0;0;0;1;1;0;2;0;0;0;0;2;0;0;0;2;95;50;51;5;3;8;4;12;0;1;9;0;1;0;1;3;0;6;17;2;3;0;0;59;9;3;2;2;0;0;0;0;1;1;1;0;0;0;1;1;3;1;19;0;0;0;0;0;0;0;0;0;0;0;0;0;0;0;0;0;0;0;0;1
4;"Publiczna Sportowa Szkoła Podstawowa Nr 5 w Krapkowicach, świetlica, os. Osiedle XXX Lecia 24, 47-303 Krapkowice";160502;"gm. Krapkowice";"krapkowicki";"opolskie";1;1;3;0;0;0;0;0;1;0;1;0;1;0;1;3;0;0;1;0;1;0;0;0;0;1;88;5;6;0;6;4;0;0;0;0;0;3;2;0;0;0;0;1;0;0;2;0;1;0;44;4;5;4;0;2;1;2;2;0;0;1;1;1;0;0;0;2;1;0;0;1;1;0;53;76;29;15;24;8;0;4;0;3;1;0;1;0;0;0;0;1;0;0;4;1;0;1;17;5;1;2;2;3;0;0;0;2;0;0;2;1;0;1;0;0;0;0;1;1;0;0;123;34;68;6;1;5;3;6;3;0;6;2;1;1;0;1;0;5;13;1;2;2;5;26;4;0;1;0;0;0;0;0;0;0;0;0;0;0;0;1;2;0;15;0;0;1;1;0;0;1;0;0;0;0;0;0;1;0;0;0;0;0;0;1
5;"Publiczna Sportowa Szkoła Podstawowa Nr 5 w Krapkowicach, sala nr 19, os. Osiedle XXX Lecia 24, 47-303 Krapkowice";160502;"gm. Krapkowice";"krapkowicki";"opolskie";1;1;2;2;1;0;0;1;1;2;2;0;0;0;0;1;2;0;0;0;3;0;0;1;0;0;64;7;1;0;1;7;1;1;3;0;0;1;0;1;1;1;0;1;2;0;1;1;0;1;33;3;0;2;0;1;2;3;1;1;1;0;0;1;0;0;0;0;4;0;0;1;1;0;62;86;31;27;13;27;2;0;1;1;0;0;0;2;0;0;0;0;0;1;1;0;0;1;17;1;2;4;3;3;0;0;0;1;0;0;1;1;0;1;0;0;0;0;0;1;0;0;110;31;45;1;1;2;4;10;2;0;6;3;0;0;0;2;0;1;15;0;1;1;0;28;2;3;3;0;0;0;2;0;0;0;0;0;0;0;0;0;0;3;15;0;0;0;0;0;0;0;1;0;0;0;0;0;0;2;0;0;0;0;0;0
6;"Krapkowicki Dom Kultury, ul. Prudnicka 7, 47-300 Krapkowice";160502;"gm. Krapkowice";"krapkowicki";"opolskie";1;1;1;1;3;0;0;0;0;0;0;0;1;0;0;0;0;0;0;1;0;0;0;0;0;0;60;7;10;1;2;2;1;0;0;1;0;5;1;1;2;1;1;1;2;0;4;1;0;0;36;2;8;5;0;1;1;0;2;0;2;1;1;0;1;0;0;2;2;0;0;1;1;1;67;51;24;20;14;9;1;0;2;0;0;1;3;0;0;0;0;0;0;3;1;2;0;2;28;4;0;3;5;0;2;2;0;0;0;0;0;1;0;0;0;0;0;0;0;3;2;3;74;25;46;3;4;10;2;12;3;0;5;0;0;0;1;3;0;21;12;3;1;2;0;35;11;6;5;3;0;1;0;0;0;0;1;0;0;1;1;0;4;6;39;0;0;1;1;0;0;0;0;0;0;0;0;0;0;1;0;0;0;0;0;2
7;"Publiczna Szkoła Podstawowa Nr 1 w Krapkowicach, ul. Szkolna 3, 47-300 Krapkowice";160502;"gm. Krapkowice";"krapkowicki";"opolskie";1;1;7;4;3;0;2;1;2;0;1;1;1;0;0;2;0;0;0;0;0;0;0;0;0;4;122;14;5;2;5;9;1;0;2;0;0;8;0;1;1;3;0;1;3;1;0;1;2;2;55;7;7;2;1;1;1;1;4;0;0;0;0;2;1;1;0;1;1;0;0;2;0;0;74;52;28;33;20;11;0;0;1;1;1;0;0;1;1;2;1;1;0;0;1;1;0;2;29;3;3;4;4;1;1;0;1;0;0;0;4;0;0;0;0;0;0;0;0;1;1;2;100;61;64;2;2;11;3;13;7;0;4;2;0;2;1;2;1;12;8;0;0;1;0;42;4;1;4;1;1;0;0;1;0;0;1;0;0;0;0;0;5;7;47;0;0;0;2;0;0;0;0;1;0;0;0;0;0;0;0;0;0;0;1;0
8;"Publiczna Szkoła Podstawowa Nr 1 w Krapkowicach, ul. Kwiatowa 7, 47-300 Krapkowice";160502;"gm. Krapkowice";"krapkowicki";"opolskie";1;1;5;1;2;1;1;2;1;0;0;0;2;0;0;0;0;1;1;0;0;0;0;0;0;1;124;11;10;0;2;9;1;0;0;2;1;4;0;1;1;0;0;3;0;0;2;1;2;2;40;2;3;3;0;0;0;0;0;1;0;0;0;0;0;0;0;0;2;0;2;0;0;0;96;74;50;28;19;15;0;0;2;2;0;0;1;1;1;0;1;0;2;3;4;1;1;1;24;3;2;7;1;3;3;1;0;2;3;0;0;0;2;0;0;0;0;2;0;0;0;2;142;51;53;9;4;7;3;9;8;0;0;2;1;1;0;4;0;16;15;4;1;1;0;58;4;2;5;1;0;1;0;0;0;0;0;0;0;1;0;0;7;2;43;1;0;2;0;0;0;0;1;0;0;0;0;0;0;0;0;0;0;2;0;2
9;"Zespół Szkół im. Jana Kilińskiego w Krapkowicach, ul. Księdza Duszy 7, 47-303 Krapkowice";160502;"gm. Krapkowice";"krapkowicki";"opolskie";1;1;5;1;0;0;0;1;0;0;0;0;0;0;0;1;0;0;0;1;2;0;0;0;0;2;35;3;7;0;3;1;0;1;0;0;1;1;1;1;2;2;1;0;0;0;1;0;1;0;32;0;0;2;0;0;0;1;2;0;0;1;2;0;0;0;1;1;0;0;0;0;0;0;43;52;14;17;10;9;1;1;0;0;0;0;0;2;0;0;0;0;1;0;2;1;0;0;8;1;1;2;5;0;0;0;0;0;0;0;0;0;0;0;1;0;0;0;0;0;0;0;49;9;23;3;0;3;2;4;6;1;2;1;2;1;1;0;1;3;3;1;0;0;0;15;1;0;3;1;1;0;0;0;1;0;0;0;0;0;0;0;6;0;7;0;1;0;0;0;0;0;0;0;0;0;0;0;0;0;0;0;0;0;0;0
10;"Publiczna Szkoła Podstawowa w Dąbrówce Górnej, Dąbrówka Górna ul. Opolska 64, 47-300 Krapkowice";160502;"gm. Krapkowice";"krapkowicki";"opolskie";1;1;0;1;0;0;0;0;3;0;0;0;10;0;0;0;0;0;0;0;0;0;0;0;0;0;26;5;1;3;1;1;1;0;1;0;1;2;0;0;0;2;1;0;1;0;0;0;0;0;13;3;3;1;0;0;0;0;0;0;2;1;0;1;0;1;0;0;0;0;0;0;0;0;21;32;11;4;5;2;0;0;0;0;0;0;0;0;1;0;0;0;0;0;0;0;1;1;15;2;1;3;1;1;0;0;0;0;1;0;0;1;1;0;0;0;0;0;0;2;0;1;37;9;17;0;0;0;2;7;7;0;3;0;0;0;0;1;0;5;6;2;1;0;0;26;2;0;0;0;0;0;0;0;0;1;0;0;0;0;0;0;14;8;57;0;1;2;1;1;0;0;1;0;0;0;0;0;0;0;0;0;0;0;1;1
11;"Publiczna Szkoła Podstawowa w Rogowie Opolskim, Rogów Opolski ul. Bolesława Chrobrego 15, 47-300 Krapkowice";160502;"gm. Krapkowice";"krapkowicki";"opolskie";1;1;0;0;0;0;0;0;1;0;0;1;0;0;0;0;0;0;0;1;0;0;0;0;0;0;31;2;0;0;0;0;0;0;0;1;0;1;0;1;0;2;1;0;0;0;0;0;1;0;2;1;2;1;0;0;0;0;1;0;1;0;0;0;0;1;0;0;0;0;0;0;0;0;23;16;2;5;6;0;1;0;1;1;0;0;0;0;0;0;1;0;0;0;2;0;0;0;14;0;1;1;1;2;0;0;1;0;0;0;0;0;0;0;0;0;0;1;0;0;0;0;21;5;14;3;1;1;2;0;0;0;0;0;0;1;1;0;0;4;12;3;0;0;0;32;1;0;2;0;0;0;0;0;0;0;0;0;0;0;0;0;8;2;37;2;0;0;0;0;0;1;1;0;0;0;0;0;0;0;0;0;0;1;0;1
12;"Publiczna Szkoła Podstawowa w Żywocicach, Żywocice ul. Średnia 48, 47-300 Krapkowice";160502;"gm. Krapkowice";"krapkowicki";"opolskie";1;1;0;1;1;1;0;0;1;0;0;0;0;0;1;0;0;0;0;0;0;1;0;0;0;0;59;6;1;0;3;2;1;1;2;0;0;2;1;0;0;3;2;2;2;0;0;0;1;1;12;1;1;0;0;0;4;0;0;0;1;1;0;0;0;0;2;1;1;0;0;0;0;0;34;32;9;1;9;3;0;0;3;0;1;0;1;0;0;0;0;0;0;0;1;2;0;1;32;0;3;5;3;0;0;0;0;2;0;0;1;2;1;0;0;1;0;0;0;0;0;1;61;13;31;0;3;2;1;5;2;0;2;4;2;0;1;1;0;4;5;0;1;0;0;15;2;0;6;0;0;0;0;1;0;0;0;0;0;0;0;0;27;4;87;0;0;0;2;0;0;6;0;0;0;1;0;0;0;2;0;1;0;0;0;1
13;"Świetlica, Pietna ul. Łąkowa 1, 47-300 Krapkowice";160502;"gm. Krapkowice";"krapkowicki";"opolskie";1;1;2;2;0;0;1;0;0;0;1;0;1;0;0;0;0;0;0;0;0;0;0;0;0;0;39;5;2;1;0;2;0;0;0;0;0;0;0;0;0;0;0;2;1;0;0;1;0;0;7;1;1;1;0;0;1;0;0;0;0;0;1;1;0;0;1;0;0;0;0;1;0;0;9;13;7;7;8;5;0;1;0;0;0;1;0;0;0;0;0;0;0;0;0;0;0;0;6;2;1;2;0;2;1;0;0;0;0;0;0;0;0;0;0;0;0;0;0;0;0;0;16;7;9;1;1;2;1;0;1;0;0;0;0;0;2;1;0;8;4;1;0;0;0;10;0;0;0;0;1;0;0;0;0;0;0;0;0;0;0;0;7;0;20;1;0;1;2;0;0;0;3;0;1;0;0;0;0;2;1;0;0;0;0;0
14;"Publiczne Przedszkole w Żywocicach Oddział w Żużeli, ul. Szkolna 3, 47-341 Żużela";160502;"gm. Krapkowice";"krapkowicki";"opolskie";1;1;0;0;0;0;0;0;0;0;0;0;0;0;0;0;0;0;1;0;0;0;0;0;0;0;8;5;0;0;0;0;0;0;0;0;0;0;0;0;0;0;0;2;0;0;0;0;1;0;7;0;0;0;0;0;1;0;0;0;0;0;0;1;0;0;0;0;0;0;0;0;0;0;15;3;3;7;9;0;0;0;0;2;0;0;0;0;0;0;1;0;0;0;0;1;0;0;17;0;2;0;1;1;0;0;0;0;0;0;0;1;1;0;0;0;1;0;0;1;0;1;14;6;3;0;0;0;12;0;1;0;0;1;0;0;1;0;1;1;2;0;0;0;0;1;3;0;0;0;0;0;0;0;0;0;0;0;0;0;0;0;12;6;47;0;0;1;8;1;0;1;5;0;0;0;0;0;0;1;0;0;0;0;0;2
15;"Zespół Szkolno-Przedszkolny w Kórnicy, Kórnica ul. Główna 2, 47-300 Krapkowice";160502;"gm. Krapkowice";"krapkowicki";"opolskie";1;1;1;0;0;0;1;0;1;0;0;0;0;1;1;3;0;0;0;0;0;1;0;0;0;0;13;2;2;0;0;1;0;0;0;1;1;0;0;1;0;0;0;0;0;0;0;0;0;0;2;0;1;0;0;0;0;0;0;0;0;0;0;0;0;0;0;1;0;0;0;3;2;0;25;32;19;5;1;9;0;0;2;2;3;0;0;0;0;0;0;0;0;0;0;0;0;0;25;4;5;1;0;0;1;0;0;0;0;0;0;1;1;0;0;0;0;0;0;1;0;0;26;5;8;2;2;1;2;0;4;0;1;0;2;0;1;0;0;11;2;4;0;0;0;7;1;0;3;1;0;0;1;0;0;0;0;0;0;0;1;0;13;1;77;0;0;0;5;0;1;1;4;1;0;5;0;0;0;1;0;0;0;0;0;0
16;"Świetlica OSP, Ściborowice ul. Szkolna 3, 47-300 Krapkowice";160502;"gm. Krapkowice";"krapkowicki";"opolskie";1;1;1;0;0;0;0;0;0;0;0;0;0;0;0;0;0;0;0;0;0;0;0;0;0;0;10;0;0;1;0;2;0;0;0;0;0;1;0;0;0;0;0;1;0;0;0;0;0;1;3;0;2;0;0;0;0;0;0;0;0;0;0;1;0;0;0;0;0;0;0;0;0;0;9;3;3;6;1;2;0;0;0;1;0;0;0;0;0;0;0;0;1;0;0;0;0;0;10;0;2;0;2;0;0;0;0;1;0;0;0;0;1;0;0;0;0;1;0;0;0;0;5;2;8;1;0;3;1;3;0;0;0;0;0;0;0;1;0;4;1;0;0;0;0;4;0;1;0;0;0;0;0;0;0;1;1;0;0;0;0;0;0;1;37;0;0;1;0;0;0;0;0;0;0;0;0;0;0;0;0;0;0;0;0;0
17;"Stowarzyszeniowa Publiczna Szkoła Podstawowa w Steblowie, Steblów ul. Szkolna 2, 47-300 Krapkowice";160502;"gm. Krapkowice";"krapkowicki";"opolskie";1;1;3;1;0;0;0;2;1;0;0;1;0;0;0;0;0;0;0;0;0;0;0;0;0;0;45;1;0;0;2;3;0;1;0;0;0;3;0;0;0;1;1;4;2;0;1;0;0;1;12;4;0;3;0;1;0;1;1;0;0;1;0;0;0;0;0;1;1;0;0;2;1;0;23;35;16;8;10;7;0;0;1;0;1;0;0;0;0;0;0;0;1;1;0;1;1;0;16;0;1;1;0;4;2;1;0;1;0;0;0;0;1;1;0;0;0;1;0;0;0;0;38;13;14;0;2;3;1;4;1;0;0;0;0;0;0;1;0;6;8;1;0;0;0;18;6;2;1;1;0;0;1;0;0;0;0;0;0;0;2;0;19;8;77;0;0;1;2;0;0;1;0;0;0;0;0;0;0;0;0;1;0;1;0;4
18;"Świetlica Wiejska w Gwoździcach, ul. Opolska 41, 47-300 Gwoździce";160502;"gm. Krapkowice";"krapkowicki";"opolskie";1;1;1;0;0;0;0;0;0;0;0;0;3;0;0;0;0;1;0;0;0;0;0;0;0;0;13;0;1;0;1;0;0;0;0;0;0;0;0;0;0;1;0;0;0;1;0;0;0;0;4;4;3;0;0;0;1;0;0;0;0;0;0;1;0;0;0;0;0;0;0;0;0;0;17;13;0;0;3;0;0;0;0;0;0;0;0;0;0;0;0;1;0;0;0;0;0;0;10;2;0;0;0;2;0;0;0;0;1;0;0;0;0;0;0;0;0;0;0;0;0;0;17;4;11;0;0;0;1;4;0;0;0;0;0;0;0;0;0;1;2;1;1;0;0;19;2;2;0;0;0;0;0;0;0;0;0;0;0;0;0;0;20;1;26;0;0;0;0;0;0;1;0;0;0;0;0;0;0;0;0;0;0;1;0;0
19;"Krapkowickie Centrum Zdrowia Sp. z o. o., os. Osiedle XXX Lecia 21, 47-303 Krapkowice";160502;"gm. Krapkowice";"krapkowicki";"opolskie";1;1;0;0;0;0;0;0;0;0;0;0;0;0;0;0;0;0;0;0;0;0;0;0;0;0;3;2;0;0;0;0;0;0;0;1;0;0;0;0;0;0;1;0;0;0;0;0;0;0;4;1;0;0;0;0;1;0;0;0;0;0;0;0;0;0;0;0;0;0;0;0;0;0;0;0;2;0;0;2;0;1;0;0;0;0;0;0;0;0;0;0;0;0;0;0;0;0;0;0;0;0;0;0;0;0;0;0;0;0;0;0;0;0;0;0;0;0;0;0;0;0;2;0;1;0;0;0;1;0;0;0;1;0;0;0;0;0;0;0;0;0;0;0;0;1;0;0;0;0;0;0;0;0;0;0;0;0;0;0;0;0;0;0;1;0;0;0;1;0;0;0;0;0;0;0;0;0;0;0;0;0;0;0;0;0
1;"Gminny Ośrodek Kultury w Strzeleczkach, rynek Rynek 4, 47-364 Strzeleczki";160503;"gm. Strzeleczki";"krapkowicki";"opolskie";1;1;3;0;0;0;2;1;0;0;0;0;0;0;0;1;1;1;0;0;0;0;0;1;0;8;68;13;4;0;0;4;0;0;0;1;2;2;0;1;0;1;0;2;0;0;2;0;0;3;23;0;1;3;0;0;2;0;0;0;1;0;1;3;0;0;0;0;1;1;1;0;1;1;42;65;9;5;15;2;1;1;0;0;1;0;0;1;0;0;0;0;0;1;0;0;0;0;13;3;2;0;0;1;0;0;0;1;0;0;1;0;4;0;2;0;0;0;0;3;1;1;50;15;40;1;5;0;1;2;1;0;1;2;1;0;0;1;2;1;9;2;0;0;2;53;9;0;6;0;1;1;1;0;0;1;0;0;0;1;1;0;36;10;65;2;0;5;1;1;1;3;1;0;0;0;0;0;0;0;0;0;0;0;2;3
2;"Szkoła Podstawowa w Racławiczkach, Racławiczki ul. Szkolna 6, 47-370 Zielina";160503;"gm. Strzeleczki";"krapkowicki";"opolskie";1;1;2;1;0;0;4;1;0;1;2;0;0;1;0;0;0;0;0;0;1;1;0;0;0;3;63;17;2;3;4;2;1;1;1;0;1;3;0;0;0;0;1;0;0;0;0;0;0;2;17;3;1;4;0;3;4;1;0;0;0;0;0;0;0;1;0;0;0;0;1;0;0;0;33;120;13;1;11;1;0;0;0;0;0;1;2;0;1;0;0;0;0;0;0;1;0;0;18;0;3;3;0;2;2;0;0;1;0;0;1;0;8;0;1;1;0;0;0;8;0;0;62;11;19;1;4;2;0;9;5;1;6;1;0;0;0;0;0;3;5;1;0;0;0;44;14;1;1;1;1;3;2;0;0;0;0;0;0;0;0;0;73;15;61;1;1;10;0;2;0;0;0;0;0;3;0;0;0;3;0;0;0;0;0;5
3;"Szkoła Podstawowa w Zielinie, ul. Prudnicka 8, 47-370 Zielina";160503;"gm. Strzeleczki";"krapkowicki";"opolskie";1;1;2;0;0;0;10;1;0;0;0;0;1;0;0;1;0;0;0;1;0;0;0;0;0;0;40;13;7;1;3;3;2;0;1;3;4;6;0;1;0;2;0;4;0;0;1;1;1;0;20;0;3;2;0;0;1;0;1;2;1;0;1;2;0;2;0;0;2;0;0;1;0;0;52;60;25;4;22;9;1;0;0;2;0;1;0;0;0;1;0;0;0;1;0;0;0;0;33;5;2;2;0;1;2;0;0;0;0;0;0;0;1;0;0;0;0;0;0;1;0;0;48;15;31;3;4;1;2;3;6;0;6;0;0;0;0;1;1;7;10;1;0;1;1;25;6;1;1;1;1;0;1;0;0;0;1;0;0;0;0;1;65;10;49;2;0;6;4;2;0;1;0;0;1;0;1;0;0;1;0;0;1;0;0;4
4;"Szkoła Podstawowa w Komornikach, Komorniki ul. Szkolna 4, 47-364 Strzeleczki";160503;"gm. Strzeleczki";"krapkowicki";"opolskie";1;1;6;0;0;1;5;0;0;0;1;0;0;1;0;1;0;0;0;0;0;0;0;0;0;0;47;9;2;0;2;3;1;0;2;1;0;2;0;0;0;2;0;1;0;0;0;0;2;0;10;3;1;0;1;1;2;0;1;0;0;0;0;0;0;0;1;0;0;0;0;1;1;1;18;49;15;1;7;5;0;1;1;0;0;0;0;0;0;0;0;0;0;0;0;0;0;0;18;1;4;0;3;1;1;1;0;0;0;0;1;0;1;0;0;0;0;0;0;0;0;0;31;10;13;1;0;1;0;8;1;1;2;1;1;0;0;0;0;12;11;2;0;0;0;16;5;0;0;0;3;0;0;1;0;0;1;0;0;0;0;0;38;4;60;1;0;2;5;0;0;0;1;0;1;0;0;0;0;1;0;0;0;0;0;6
5;"Szkoła Podstawowa w Dobrej, Dobra ul. Szkolna 37, 47-364 Strzeleczki";160503;"gm. Strzeleczki";"krapkowicki";"opolskie";1;1;1;0;1;0;1;0;0;0;0;0;0;0;0;0;1;0;0;0;1;0;0;0;0;0;19;3;4;1;0;0;0;0;0;0;0;1;0;1;0;0;0;0;1;0;0;0;0;0;3;0;2;0;0;0;0;0;0;0;0;0;0;1;0;0;0;0;0;0;0;0;0;0;21;20;18;0;4;5;0;0;0;0;0;0;2;0;0;0;0;0;0;0;2;0;0;1;11;2;1;2;0;1;0;0;0;1;0;0;0;0;0;0;0;1;0;0;0;0;0;0;35;6;14;2;3;5;1;2;1;0;0;0;0;0;1;0;0;0;9;2;1;0;0;14;5;2;0;0;0;0;0;0;0;0;0;0;1;1;0;0;41;1;35;0;0;8;1;0;1;0;0;0;1;1;0;0;0;0;0;1;0;0;0;1
6;"Ochotnicza Straż Pożarna w Pisarzowicach, ul. Opolska 77, 47-364 Pisarzowice";160503;"gm. Strzeleczki";"krapkowicki";"opolskie";1;1;0;0;0;0;5;0;0;0;0;0;0;0;0;0;0;0;0;0;0;0;0;0;0;0;11;1;0;2;0;0;0;0;0;0;0;0;0;0;0;0;0;0;1;0;0;0;0;0;1;0;0;0;0;0;0;0;0;1;0;0;1;1;0;0;0;0;0;0;0;0;0;0;3;25;6;0;2;0;0;1;0;0;0;0;0;1;0;0;0;0;0;1;0;0;0;0;7;1;0;0;0;0;0;0;0;0;1;0;0;0;0;0;0;0;0;0;0;0;0;0;12;2;7;0;0;1;1;2;0;2;0;0;1;0;1;0;0;6;0;0;0;0;0;9;1;0;0;0;0;0;0;0;0;0;0;0;0;0;0;0;14;1;24;0;0;1;3;0;0;0;0;0;0;0;0;0;0;0;1;0;0;0;0;1
7;"Centrum Terapii Nerwic w Mosznej Sp. z o. o, ul. Zamkowa 1A, 47-370 Moszna";160503;"gm. Strzeleczki";"krapkowicki";"opolskie";1;1;0;0;0;0;0;0;0;0;0;0;0;0;0;0;0;0;0;0;0;0;0;0;0;0;9;1;2;0;1;0;0;0;0;0;0;0;0;0;0;0;1;1;0;0;1;0;1;0;1;0;0;0;0;0;0;0;0;0;0;0;0;1;0;1;0;0;0;0;0;0;0;0;15;6;2;1;1;0;0;0;0;1;0;0;0;0;0;0;0;0;0;0;0;0;0;2;2;0;0;0;0;0;0;0;0;0;0;0;0;0;0;0;0;0;0;0;0;0;0;0;10;0;2;2;1;1;0;2;0;0;1;0;0;1;1;0;0;0;0;0;0;0;1;2;3;0;0;0;0;0;0;0;0;0;0;0;1;0;0;0;0;0;0;0;0;0;0;0;0;0;1;0;0;0;0;0;0;0;0;0;0;0;0;0
1;"Publiczna Szkoła Podstawowa, ul. Lipowa 2, 47-344 Walce";160504;"gm. Walce";"krapkowicki";"opolskie";1;1;2;0;0;0;0;0;0;0;0;0;0;0;0;0;1;0;0;0;1;0;0;0;1;0;34;2;0;1;0;0;1;0;0;1;0;2;0;0;1;1;0;0;0;0;0;0;0;1;5;2;0;0;1;0;0;1;0;0;0;0;0;0;0;0;0;1;1;1;0;0;0;1;24;17;9;12;11;3;0;0;0;0;0;0;1;1;0;0;0;0;0;1;1;0;0;0;4;0;0;8;0;1;1;0;0;0;1;0;0;0;0;1;0;0;1;0;0;0;0;2;31;12;11;3;1;4;14;1;2;0;0;1;1;0;1;1;3;1;8;2;1;0;2;5;3;0;0;0;0;0;0;0;0;0;0;0;0;1;0;0;15;6;17;3;0;3;7;0;0;2;62;0;0;0;0;0;0;0;0;0;0;0;1;4
2;"Publiczna Szkoła Podstawowa, Brożec ul. Reymonta 65, 47-341 Żużela";160504;"gm. Walce";"krapkowicki";"opolskie";1;1;2;1;0;0;0;0;0;0;0;0;0;0;0;0;0;0;0;1;0;0;0;0;0;0;24;2;2;2;1;0;0;0;0;1;0;0;0;0;0;1;0;1;0;0;1;0;1;0;10;0;0;1;0;0;0;1;0;0;0;0;0;0;0;0;0;0;0;0;0;0;0;1;17;18;14;9;12;4;0;0;2;0;0;0;0;0;0;0;0;0;0;1;0;0;0;0;13;1;2;1;0;1;0;0;0;0;0;0;0;0;0;0;0;0;1;0;0;0;1;0;36;1;11;0;5;1;3;2;0;0;0;0;0;0;0;0;0;1;9;3;0;0;0;1;2;0;1;0;1;0;0;0;0;0;0;0;0;0;0;0;25;6;48;11;1;2;10;1;0;0;10;0;0;0;0;0;0;0;0;0;0;0;0;7
3;"Budynek Wielofunkcyjny, Rozkochów ul. Wiejska 19 a, 47-344 Walce";160504;"gm. Walce";"krapkowicki";"opolskie";1;1;2;0;0;0;0;0;1;0;0;0;0;0;0;1;0;0;0;0;0;0;0;0;0;0;15;3;3;0;0;0;0;0;0;1;0;0;0;0;0;2;0;0;0;0;0;0;0;0;6;0;2;2;0;0;0;0;0;0;0;0;0;0;0;0;1;0;0;0;0;0;0;0;14;14;9;5;5;3;0;0;0;0;2;0;0;0;0;0;0;0;0;0;1;0;0;1;2;1;0;1;0;0;0;0;0;0;0;0;0;2;0;1;0;0;0;0;0;1;0;0;17;1;4;0;2;0;3;0;0;0;0;1;0;0;0;0;0;2;1;13;0;0;0;3;0;0;0;0;0;0;0;0;0;0;0;0;0;0;0;0;17;2;19;1;0;2;3;0;0;0;15;0;0;0;0;0;0;0;0;0;0;0;1;0
4;"Remiza OSP, Stradunia ul. Opolska 31, 47-341 Żużela";160504;"gm. Walce";"krapkowicki";"opolskie";1;1;2;1;0;1;1;0;0;0;2;0;0;0;0;0;0;0;0;0;0;0;0;0;1;0;40;7;3;5;0;1;0;0;0;0;0;1;0;0;1;0;0;2;0;0;0;0;0;0;8;1;0;0;0;0;1;0;0;0;0;0;0;0;0;0;0;1;0;0;0;0;0;0;21;14;9;9;8;4;1;0;0;0;0;0;1;0;0;0;0;0;0;0;0;0;0;0;17;0;2;2;1;1;1;1;1;0;0;1;0;0;1;1;0;0;0;0;0;1;0;0;34;9;18;1;1;1;16;0;3;0;2;0;0;2;0;1;0;7;3;2;0;0;1;6;1;2;1;0;0;0;0;1;0;1;0;0;0;0;0;0;21;3;28;5;0;1;25;0;0;0;11;2;0;0;0;0;0;0;0;0;0;0;0;0
5;"Budynek gminny-świetlica wiejska, Dobieszowice ul. Główna 22, 47-344 Walce";160504;"gm. Walce";"krapkowicki";"opolskie";1;1;0;0;0;0;0;1;0;0;0;0;0;1;0;0;0;0;0;0;0;1;0;0;1;0;14;4;0;1;1;1;0;0;0;0;0;2;0;0;0;0;0;0;0;0;0;0;0;0;4;0;0;1;0;0;0;0;0;0;0;0;1;0;0;0;0;0;0;0;1;1;0;0;11;2;5;3;3;4;1;1;0;0;0;0;0;1;0;0;0;0;0;0;0;0;0;0;7;1;0;0;0;0;0;0;0;0;0;0;0;0;0;0;0;0;0;0;0;0;0;0;10;2;2;0;1;1;3;1;0;1;0;0;0;0;0;1;0;2;4;0;1;2;0;0;0;0;0;0;0;0;0;0;0;0;0;0;0;0;1;0;9;1;11;0;0;0;1;0;0;0;18;0;0;0;0;0;0;0;0;0;0;0;0;0
6;"Gminny Ośrodek Kultury, ul. Opolska 23a, 47-344 Walce";160504;"gm. Walce";"krapkowicki";"opolskie";1;1;1;3;0;0;1;2;0;0;0;0;0;0;0;0;0;0;0;1;1;0;0;0;0;0;24;4;3;0;2;2;0;0;1;0;0;0;0;1;0;3;1;2;1;0;0;0;2;0;5;0;0;0;0;0;1;0;0;0;2;0;0;0;0;0;0;0;0;0;0;1;0;0;41;18;18;3;6;4;0;0;0;0;0;1;0;0;0;0;0;0;0;2;1;0;0;0;16;2;0;7;0;0;1;1;2;0;0;0;0;0;0;1;1;1;0;0;0;0;0;0;21;18;15;0;1;2;22;1;0;1;0;1;0;1;0;0;1;7;8;3;0;0;0;17;5;0;0;1;1;0;1;0;1;0;0;0;0;0;0;0;23;5;22;3;0;2;7;0;0;0;87;0;1;0;0;0;1;0;0;0;0;0;0;3
7;"Świetlica Wiejska w Grocholubiu, Grocholub ul. Opolska 19, 47-344 Walce";160504;"gm. Walce";"krapkowicki";"opolskie";1;1;0;0;0;0;0;0;0;0;0;0;0;0;0;0;0;0;0;0;0;0;0;0;0;3;9;2;2;0;1;0;0;0;0;0;0;0;0;0;0;4;0;1;0;0;0;0;0;0;1;0;1;0;0;0;0;0;0;0;0;0;0;0;0;0;0;0;1;0;0;0;0;0;3;11;1;0;3;2;0;0;0;0;0;0;0;0;0;0;0;0;0;0;0;0;0;0;6;1;2;2;0;0;0;0;0;0;1;0;0;0;1;0;0;0;0;0;0;0;0;0;3;0;3;0;0;0;2;0;1;0;1;2;0;2;0;0;0;1;4;0;0;0;0;4;1;0;1;0;0;0;0;0;0;0;0;0;0;0;0;0;11;4;18;1;0;1;5;0;0;0;12;0;0;4;0;0;0;0;0;0;0;0;1;0
8;"Świetlica Wiejska w Kromołowie, Kromołów 51, 47-344 Walce";160504;"gm. Walce";"krapkowicki";"opolskie";1;1;1;0;0;0;0;0;0;1;0;0;0;0;1;0;1;0;0;0;0;0;0;0;0;0;15;2;1;0;0;0;0;0;0;0;0;0;0;0;0;1;0;0;1;0;0;0;0;0;6;0;0;3;1;1;0;0;0;0;0;0;0;3;0;1;1;0;0;0;0;0;0;0;2;1;2;5;3;4;0;0;0;0;0;1;0;0;0;0;0;1;0;0;1;0;0;0;7;0;0;0;1;2;0;0;0;0;0;0;1;0;0;0;0;0;0;0;0;0;0;0;15;2;4;0;1;0;5;1;0;0;0;0;1;1;0;0;0;1;22;0;0;0;0;0;0;0;4;0;0;0;0;0;0;0;0;0;0;0;0;0;17;7;28;2;0;0;2;0;0;0;11;0;0;0;0;0;0;0;0;0;0;0;0;3
1;"Publiczna Szkoła Podstawowa Nr 1-sala gimnastyczna, ul. Bolesława Chrobrego 36, 47-330 Zdzieszowice";160505;"gm. Zdzieszowice";"krapkowicki";"opolskie";1;1;0;2;0;1;2;3;0;0;6;1;0;0;0;0;0;0;0;1;3;0;0;0;1;0;45;8;2;2;3;6;0;1;0;0;0;3;0;0;0;1;2;1;1;0;0;0;0;0;20;5;1;5;0;1;3;1;1;0;0;0;0;0;0;1;1;0;8;0;0;0;0;0;42;35;15;16;18;3;1;1;3;1;0;0;0;0;3;0;0;0;0;0;1;1;0;2;22;2;1;1;3;1;0;2;0;1;2;0;0;1;4;0;0;0;0;0;0;1;1;0;66;14;29;3;2;4;25;12;4;0;3;3;4;5;0;0;0;5;12;1;1;0;1;10;3;0;1;2;6;0;0;0;0;1;0;0;0;0;0;0;19;6;6;8;0;0;8;0;0;0;2;0;2;1;0;0;0;0;0;0;0;0;40;2
2;"Publiczna Szkoła Podstawowa Nr 2, pl. Plac 1 Maja 1, 47-330 Zdzieszowice";160505;"gm. Zdzieszowice";"krapkowicki";"opolskie";1;1;9;5;2;0;1;0;0;1;0;0;1;0;0;0;0;0;1;0;1;0;1;0;1;0;83;8;4;1;3;11;3;0;1;6;1;7;0;1;0;1;0;0;3;0;2;1;1;4;50;5;2;1;0;0;1;1;1;0;0;1;3;2;0;2;1;2;9;1;0;1;0;0;81;66;18;21;23;4;1;2;1;4;0;2;2;2;1;2;0;1;0;0;1;1;0;1;42;5;2;5;3;0;0;0;1;0;2;0;2;0;2;3;1;0;0;0;0;1;0;0;147;35;49;9;3;10;25;16;1;0;3;5;1;8;0;2;0;10;22;1;1;1;0;19;11;1;0;0;4;0;1;0;0;0;0;1;0;0;1;0;12;2;1;7;0;1;2;0;0;0;0;1;0;0;0;0;1;0;0;0;0;0;17;1
3;"Publiczna Szkoła Podstawowa Nr 3, ul. Nowa 3, 47-330 Zdzieszowice";160505;"gm. Zdzieszowice";"krapkowicki";"opolskie";1;1;2;2;2;0;2;5;3;1;5;0;2;1;0;3;0;1;0;3;0;0;0;0;0;1;67;6;5;2;5;11;0;0;1;2;2;1;0;1;0;2;0;1;0;1;2;0;0;3;30;4;5;2;0;0;3;3;1;0;1;3;0;2;0;3;0;1;5;0;0;0;1;0;77;45;17;36;10;9;3;1;1;0;0;3;0;3;1;0;1;1;0;0;2;0;0;0;22;5;2;2;1;0;0;0;0;0;0;0;0;0;1;0;0;0;0;0;0;0;0;2;119;23;46;9;1;9;12;4;3;3;2;0;2;3;0;1;0;1;17;1;1;0;0;9;2;0;0;1;5;0;1;1;0;1;0;0;0;1;0;1;3;4;7;7;1;0;0;0;0;0;0;0;0;0;0;0;0;0;0;0;0;2;9;0
4;"Zespół Szkół im. Jana Pawła II, ul. Góry Świętej Anny 21a, 47-330 Zdzieszowice";160505;"gm. Zdzieszowice";"krapkowicki";"opolskie";1;1;2;2;1;0;0;1;0;0;8;2;0;0;0;2;1;0;0;1;0;0;0;0;0;1;40;9;6;3;5;16;1;0;2;2;0;5;0;0;0;0;1;6;1;0;2;0;0;2;51;3;4;4;0;1;2;1;3;0;2;1;0;3;0;3;1;0;8;0;0;1;0;0;58;38;23;40;20;5;5;1;5;3;1;0;2;1;0;1;0;1;1;2;0;5;0;1;37;3;3;6;3;3;3;1;1;1;3;1;4;1;3;0;0;1;0;0;1;1;1;0;153;37;84;4;3;4;19;8;1;1;2;3;1;15;0;5;1;4;26;2;1;2;0;7;3;1;1;1;6;0;0;1;0;1;0;0;0;0;0;0;17;5;2;3;0;0;0;0;0;0;0;0;0;0;1;0;0;0;0;0;0;0;29;0
5;"Publiczne Przedszkole nr 6 w Zdzieszowicach, ul. Piastów 6, 47-330 Zdzieszowice";160505;"gm. Zdzieszowice";"krapkowicki";"opolskie";1;1;3;0;1;0;1;1;1;1;8;1;0;0;1;1;1;1;1;1;0;0;0;1;1;1;33;7;3;4;0;10;1;0;1;0;1;7;1;0;2;2;4;0;2;0;0;2;4;3;33;1;2;2;0;3;2;2;2;2;1;1;2;0;0;2;0;2;4;1;0;0;0;0;63;35;18;37;10;3;1;1;0;1;0;1;0;0;0;1;0;0;0;1;1;1;0;1;22;2;2;0;2;3;0;0;1;2;2;0;0;0;1;0;2;0;0;0;0;0;1;2;101;22;48;5;2;8;12;13;2;1;2;3;2;7;0;1;2;2;12;0;1;0;0;4;1;0;0;0;3;0;0;0;1;2;0;0;0;0;0;1;2;0;3;1;1;0;0;0;0;0;0;0;0;0;0;1;0;0;0;0;0;0;10;0
6;"Żłobek Samorządowy, ul. Piastów 20/1, 47-330 Zdzieszowice";160505;"gm. Zdzieszowice";"krapkowicki";"opolskie";1;1;5;0;0;0;1;0;1;0;1;2;1;1;3;0;0;0;1;0;0;0;0;0;0;0;41;7;4;5;3;9;2;0;1;1;0;3;0;2;4;1;2;0;0;0;1;1;1;3;53;2;3;5;0;2;2;1;2;0;0;0;1;0;0;2;0;0;14;1;0;0;0;1;74;32;32;49;20;10;3;0;1;5;1;1;3;1;1;1;3;1;1;0;2;1;0;1;26;0;4;3;3;3;0;0;2;1;1;0;0;1;1;0;1;1;0;1;0;1;0;0;76;32;45;5;5;7;12;5;2;1;2;4;4;5;1;0;0;1;15;2;2;0;0;12;5;0;0;1;6;0;0;1;0;0;0;0;0;2;0;0;3;0;0;1;0;0;0;0;0;0;0;0;0;0;1;0;0;0;0;0;0;0;12;2
7;"Publiczna Szkoła Podstawowa, Januszkowice ul. Lesiańska 6, 47-330 Zdzieszowice";160505;"gm. Zdzieszowice";"krapkowicki";"opolskie";1;1;2;2;0;2;0;3;0;0;0;0;0;0;1;0;1;0;1;0;0;0;0;0;0;0;46;7;3;1;1;3;0;0;1;0;0;3;0;3;0;1;0;1;1;0;1;0;0;0;14;1;3;0;0;1;1;1;0;1;0;0;0;0;0;0;0;0;4;0;0;0;0;0;27;28;14;16;16;6;1;0;1;1;0;0;0;1;1;0;0;0;0;1;0;0;0;0;17;2;2;4;2;2;0;0;0;0;0;1;2;0;1;0;0;0;0;0;4;0;0;0;52;7;18;1;3;3;22;19;1;1;4;0;1;6;0;2;0;0;5;3;0;0;0;4;4;0;0;0;0;0;1;0;0;0;0;1;0;0;0;0;18;5;5;17;0;1;3;0;0;0;1;0;1;0;0;0;0;0;0;0;0;0;14;0
8;"Remiza Ochotniczej Straży Pożarnej, Rozwadza ul. Szkolna 36, 47-330 Zdzieszowice";160505;"gm. Zdzieszowice";"krapkowicki";"opolskie";1;1;3;0;0;0;1;1;1;0;0;1;0;0;0;0;0;0;0;0;0;0;0;0;0;0;24;1;4;1;3;0;0;0;0;1;1;0;0;0;0;0;0;1;0;0;0;0;0;0;18;2;1;1;0;0;0;0;2;0;0;0;0;1;0;0;0;0;2;0;0;0;0;0;19;20;9;15;5;4;0;0;2;0;1;0;0;0;0;0;0;0;0;0;1;0;0;0;15;2;0;3;1;0;0;0;1;0;2;0;1;0;0;0;0;0;0;0;0;0;0;0;64;4;34;3;2;1;9;4;1;0;0;0;0;3;0;0;0;1;6;0;0;0;0;18;2;0;0;1;1;0;0;0;0;0;0;0;0;0;0;1;20;3;8;4;0;0;0;0;0;0;2;0;0;1;0;0;0;0;0;1;0;0;16;0
9;"Publiczna Szkoła Podstawowa, Żyrowa ul. Wojska Polskiego 4, 47-330 Zdzieszowice";160505;"gm. Zdzieszowice";"krapkowicki";"opolskie";1;1;2;1;2;0;1;1;1;0;2;0;1;0;0;1;0;0;0;0;1;0;0;0;1;0;48;12;2;3;3;1;0;1;1;0;1;2;0;1;1;0;0;0;0;0;0;1;2;0;11;0;2;2;1;0;3;0;3;0;0;0;0;1;0;0;0;0;0;0;0;1;0;0;26;27;4;8;10;8;0;0;0;0;0;0;0;0;0;0;1;1;0;0;2;0;0;0;16;3;3;0;1;0;0;1;0;1;2;0;0;0;0;0;0;2;0;0;1;0;1;1;40;26;35;4;0;2;6;7;3;1;2;1;1;2;0;1;0;4;7;0;0;1;0;7;1;0;0;1;9;1;0;0;0;0;0;0;0;0;0;0;20;6;16;6;0;1;0;0;0;0;0;0;0;0;0;0;0;0;0;0;0;1;12;0
10;"Budynek wielofunkcyjny, Krępna ul. Jasiońska 11a, 47-330 Zdzieszowice";160505;"gm. Zdzieszowice";"krapkowicki";"opolskie";1;1;0;2;0;0;0;1;0;1;0;0;0;0;0;0;0;0;0;1;0;0;0;0;0;0;30;3;0;0;0;0;0;0;0;0;1;1;0;0;1;1;0;1;0;0;0;0;0;0;3;0;3;0;0;0;3;0;0;0;0;0;0;0;0;0;0;0;0;0;0;0;0;0;18;15;15;4;9;1;0;1;0;0;0;0;0;0;0;1;1;0;1;1;1;0;0;0;14;1;0;3;2;2;0;0;0;0;0;0;1;1;0;0;0;0;0;0;0;0;0;0;30;3;17;1;0;2;3;0;0;0;0;0;0;0;0;0;0;4;14;0;0;0;0;6;2;0;2;0;5;1;0;0;0;1;1;1;0;0;0;0;15;6;12;1;0;1;0;0;0;0;0;0;0;0;0;0;0;1;0;0;0;0;13;3
11;"Remiza Ochotniczej Straży Pożarnej, Jasiona ul. Główna 25a, 47-330 Zdzieszowice";160505;"gm. Zdzieszowice";"krapkowicki";"opolskie";1;1;1;0;0;0;0;0;0;0;0;0;1;0;0;0;0;0;1;0;0;0;0;0;0;0;19;5;0;0;0;3;0;0;0;0;0;1;0;0;0;0;0;0;0;0;0;0;0;4;3;0;1;0;3;0;0;2;0;0;0;0;0;0;0;0;0;2;0;0;0;0;0;0;18;10;3;2;5;2;0;0;0;0;0;0;0;0;1;0;0;0;0;0;1;0;0;0;8;2;0;1;0;0;0;0;0;0;1;0;0;0;0;0;0;0;0;0;0;0;0;0;7;0;5;0;2;1;0;3;0;0;0;0;0;0;0;0;1;3;3;0;0;0;0;3;1;0;0;0;3;0;0;0;0;0;0;0;0;0;0;0;13;4;11;6;1;0;0;0;0;0;0;0;0;5;0;0;0;0;2;0;0;0;4;0
1;"Szkoła Podstawowa w Domaszowicach, ul. Kolejowa 3/3, 46-146 Domaszowice";160601;"gm. Domaszowice";"namysłowski";"opolskie";1;1;2;0;0;1;0;0;1;0;0;1;0;0;0;1;0;0;0;0;2;0;0;0;0;0;16;5;9;3;3;2;0;0;0;59;0;7;1;1;0;1;2;0;1;0;0;0;0;3;17;0;2;1;0;0;0;0;0;0;0;24;0;0;0;0;0;0;0;0;0;1;0;0;42;100;21;20;7;19;0;0;0;1;0;1;1;0;0;0;0;1;0;0;0;1;0;0;15;2;2;2;0;1;0;2;1;0;2;0;0;0;0;1;0;0;0;0;1;0;1;0;40;4;18;5;2;3;2;2;41;5;2;4;1;0;0;2;0;0;7;0;2;1;0;2;3;1;0;1;0;0;0;0;0;1;0;0;0;0;0;0;0;0;0;0;0;0;0;0;0;0;0;0;0;0;0;0;0;0;0;0;0;1;0;0
2;"Świetlica Parafialna we Włochach, Włochy 62, 46-146 Domaszowice";160601;"gm. Domaszowice";"namysłowski";"opolskie";1;1;2;1;0;0;0;0;0;0;0;0;0;0;0;0;0;0;1;0;1;0;0;0;0;0;1;0;7;0;0;0;1;1;1;12;0;0;0;0;0;0;0;0;0;0;1;0;0;1;3;1;0;0;0;0;2;0;0;0;0;21;0;0;0;0;0;0;0;0;0;0;0;0;4;53;4;3;7;0;1;0;0;0;0;0;0;0;0;1;0;0;0;0;0;0;0;0;3;4;1;0;0;0;0;1;0;0;0;0;1;0;1;1;0;0;1;0;0;0;0;0;7;1;0;0;0;0;0;1;9;0;0;0;0;0;1;0;0;0;1;0;0;0;0;1;1;0;0;1;0;0;0;0;0;0;0;0;0;0;0;0;0;0;0;0;0;0;0;0;0;0;0;0;0;0;0;0;0;0;0;0;0;0;0;0
3;"Świetlica Wiejska w Strzelcach, Strzelce 52/4, 46-146 Domaszowice";160601;"gm. Domaszowice";"namysłowski";"opolskie";1;1;1;1;2;1;2;1;0;0;0;0;0;0;0;1;0;0;0;0;2;0;0;0;0;0;6;4;4;1;1;2;0;0;0;24;0;3;0;1;0;0;0;2;1;0;0;1;0;3;28;2;0;1;2;0;0;0;0;0;1;10;0;1;0;2;0;0;0;0;0;0;0;0;41;79;11;11;1;1;1;0;0;1;0;0;0;0;0;2;1;5;0;0;3;0;0;0;9;1;1;0;0;0;0;5;0;0;2;0;0;1;2;0;0;0;0;1;0;0;0;0;27;2;6;4;1;0;1;0;28;1;0;1;0;0;0;0;0;0;2;1;0;0;0;3;3;0;0;0;0;0;0;0;0;1;0;0;0;0;0;0;0;0;0;0;0;0;0;1;0;0;0;0;0;0;0;0;0;0;0;1;0;0;0;0
4;"Świetlica Wiejska w Polkowskiem, Polkowskie 20B, 46-146 Domaszowice";160601;"gm. Domaszowice";"namysłowski";"opolskie";1;1;0;0;0;0;0;0;0;0;0;0;0;0;0;0;0;0;0;0;0;0;0;0;0;1;0;0;0;0;0;1;0;1;0;31;0;2;0;0;0;0;0;0;0;0;0;0;0;1;5;0;0;0;0;0;0;2;1;0;0;4;0;0;0;0;0;0;0;0;0;0;0;0;8;18;3;2;4;2;0;0;0;0;0;0;0;0;0;0;0;2;0;1;0;1;0;0;3;0;0;0;1;0;0;0;0;0;0;0;0;0;0;0;0;0;0;0;0;0;0;0;3;2;4;1;1;1;2;2;2;0;3;0;0;0;0;0;0;0;0;0;0;0;0;0;0;0;0;0;0;0;0;0;0;0;0;0;0;0;0;0;0;0;0;0;0;0;0;0;0;0;0;0;0;0;0;0;0;0;0;0;0;0;0;0
5;"Świetlica Wiejska w Gręboszowie, Gręboszów 29/5, 46-146 Domaszowice";160601;"gm. Domaszowice";"namysłowski";"opolskie";1;1;1;0;0;0;0;0;0;0;0;0;0;1;0;0;0;0;0;0;0;0;0;0;0;0;3;0;1;0;2;1;0;0;0;20;0;3;1;0;0;1;1;0;0;0;0;0;0;3;4;2;1;1;0;0;0;1;0;1;0;1;0;1;0;0;0;0;0;0;0;1;0;0;14;29;5;5;1;4;0;0;0;0;0;0;0;1;0;0;0;0;0;0;0;1;0;0;4;0;1;1;0;1;0;1;0;2;1;0;0;0;0;0;0;0;0;0;0;2;0;0;3;0;2;2;0;2;0;0;7;0;2;1;0;0;0;0;0;0;5;0;0;0;0;3;0;0;0;0;0;1;0;0;0;0;0;0;0;0;0;0;0;0;0;0;0;0;0;0;0;0;0;0;0;0;0;0;0;0;0;0;0;0;0;0
6;"Świetlica Wiejska w Siemysłowie, Siemysłów 11a, 46-146 Domaszowice";160601;"gm. Domaszowice";"namysłowski";"opolskie";1;1;0;0;0;0;0;0;0;0;0;0;0;0;0;0;0;1;0;0;0;0;0;0;0;0;5;2;1;0;5;2;0;0;0;15;0;3;0;0;0;0;0;1;0;1;1;0;0;3;18;0;0;1;0;0;0;0;1;0;0;6;0;0;0;0;0;0;0;0;0;0;0;0;15;56;5;2;4;2;0;3;0;0;0;0;0;0;0;0;0;4;0;0;0;1;0;0;6;0;2;5;1;0;1;3;0;0;0;0;0;0;0;0;0;0;0;0;0;0;0;0;7;2;2;1;0;2;0;0;12;0;0;1;0;0;0;2;0;0;2;0;1;0;0;0;0;0;7;1;0;0;0;0;0;0;0;0;0;0;0;0;0;0;0;0;0;0;0;0;0;0;0;0;0;0;0;0;0;0;0;0;0;0;0;0
7;"Strażnica OSP w Wielołęce, Wielołęka 23a, 46-146 Domaszowice";160601;"gm. Domaszowice";"namysłowski";"opolskie";1;1;1;0;1;0;0;0;0;0;0;0;0;0;0;0;0;0;0;0;0;0;0;0;0;0;9;1;0;1;3;1;0;1;0;8;0;0;0;0;1;0;0;0;0;0;0;0;0;0;3;1;0;0;2;0;0;1;0;0;0;7;0;1;0;0;0;0;0;0;0;0;0;1;26;46;5;11;2;1;1;1;0;0;0;0;0;0;0;0;0;0;0;0;0;0;0;0;5;1;0;0;0;3;1;6;0;0;0;1;0;0;1;0;0;0;0;0;0;0;0;0;10;0;1;3;0;1;0;0;4;1;0;1;0;0;0;0;0;0;0;0;0;1;0;1;2;1;0;0;0;0;1;0;0;0;0;0;0;0;0;0;0;0;0;0;0;0;0;0;0;0;0;0;0;0;0;0;0;0;0;0;0;0;0;0
8;"Świetlica Wiejska w Woskowicach Górnych, Woskowice Górne 19a, 46-146 Domaszowice";160601;"gm. Domaszowice";"namysłowski";"opolskie";1;1;0;0;0;0;0;0;0;1;0;1;0;0;0;1;0;0;0;0;0;0;0;0;0;0;0;3;0;0;0;0;0;0;1;15;0;2;0;0;0;0;0;0;1;0;1;0;0;0;2;0;0;1;0;0;0;0;0;0;0;9;0;0;0;0;0;0;0;0;0;0;0;0;20;36;3;2;2;5;0;0;0;1;0;0;0;0;0;0;0;0;0;1;0;1;0;0;5;2;0;0;1;0;1;3;1;0;1;0;0;0;0;1;2;0;0;0;0;1;0;0;8;0;2;0;0;1;0;1;2;0;0;0;0;0;0;0;0;0;0;0;1;0;0;0;1;0;0;0;0;0;0;0;0;0;0;0;0;0;1;0;0;1;0;0;0;0;0;0;0;0;0;0;0;0;0;0;0;0;0;0;0;0;0;0
1;"Biblioteka Publiczna, ul. Bohaterów Warszawy 5, 46-100 Namysłów";160602;"gm. Namysłów";"namysłowski";"opolskie";1;1;2;2;1;0;1;1;1;0;0;0;0;0;0;0;0;0;1;0;1;0;0;1;0;0;16;1;4;4;0;5;1;0;0;45;0;4;0;1;0;1;1;0;1;0;0;0;0;10;39;4;0;1;2;0;1;0;0;0;1;3;0;0;0;0;0;1;1;0;0;0;0;0;48;42;18;29;3;4;0;0;0;0;0;0;0;1;0;0;1;11;0;1;1;2;0;1;15;3;6;2;3;1;1;17;2;0;1;0;0;0;2;1;0;0;1;0;0;0;2;1;41;4;11;5;2;3;0;0;79;0;1;1;2;0;1;0;0;0;3;1;1;2;0;9;1;1;0;0;1;0;0;0;0;0;1;0;0;0;0;0;0;0;0;0;0;0;0;0;0;0;0;0;0;0;0;0;0;0;0;0;0;0;0;0
2;"Biblioteka Publiczna, ul. Bohaterów Warszawy 5, 46-100 Namysłów";160602;"gm. Namysłów";"namysłowski";"opolskie";1;1;2;2;1;0;0;0;1;0;1;0;0;0;0;1;0;0;1;0;0;0;0;0;1;0;12;3;3;2;0;3;0;0;0;19;0;7;1;1;0;1;0;0;0;0;1;0;0;17;22;2;1;0;0;0;4;1;0;0;0;1;0;0;1;2;0;0;0;0;0;0;0;0;47;34;18;31;4;2;0;0;0;1;1;0;0;0;0;0;0;8;0;1;3;0;0;5;10;0;2;0;0;0;0;11;1;0;0;0;2;0;0;0;0;0;0;1;0;0;0;2;40;7;12;5;1;1;1;1;86;0;3;2;2;0;0;3;1;0;1;0;0;0;0;7;6;1;0;1;0;0;0;0;1;0;0;0;2;0;0;1;0;0;0;0;0;0;0;0;0;0;0;0;0;0;0;0;0;0;0;0;0;0;0;0
3;"Świetlica Osiedlowa (dworzec), ul. Dworcowa 7, 46-100 Namysłów";160602;"gm. Namysłów";"namysłowski";"opolskie";1;1;1;1;0;1;0;1;2;3;1;0;0;1;0;0;0;0;0;0;0;1;0;0;0;1;8;8;1;1;0;3;2;0;1;11;1;2;0;0;0;0;0;0;0;0;0;0;1;10;23;5;1;2;0;0;0;0;0;0;0;2;1;0;0;1;0;0;2;0;0;0;3;0;53;72;21;28;7;3;1;0;3;0;1;2;0;0;0;0;0;18;1;0;0;0;0;1;10;0;2;1;1;1;0;19;0;0;1;0;0;0;0;0;0;0;0;1;0;1;0;0;27;1;5;3;0;2;0;1;63;0;1;1;1;0;0;0;0;0;2;0;0;0;0;3;0;0;0;0;1;0;0;0;0;0;0;0;0;0;0;0;2;0;0;0;0;0;0;0;0;0;0;1;0;0;0;0;0;0;0;0;0;0;0;0
4;"Przedszkole Integracyjne, ul. Parkowa 3, 46-100 Namysłów";160602;"gm. Namysłów";"namysłowski";"opolskie";1;1;6;4;1;0;0;0;1;0;0;0;0;0;1;1;0;0;1;0;2;0;0;2;1;1;30;7;9;6;5;5;0;0;1;97;1;3;0;0;2;1;1;0;1;1;0;0;1;10;61;6;3;3;2;0;0;0;1;0;0;7;0;0;1;1;2;0;0;1;0;2;1;2;113;76;47;55;8;9;1;3;4;2;0;0;0;1;3;0;0;19;0;0;1;0;1;5;32;3;4;4;2;5;0;19;1;2;1;1;1;2;2;0;2;0;0;1;0;2;0;1;90;15;36;14;2;6;3;3;188;2;1;3;2;1;0;1;0;1;12;0;0;0;0;10;5;1;0;0;0;0;2;0;1;1;2;0;1;0;0;0;2;0;0;0;1;0;0;1;0;0;0;0;0;0;0;0;0;0;0;0;0;0;0;0
5;"Przedszkole Nr 1, ul. Partyzantów 2, 46-100 Namysłów";160602;"gm. Namysłów";"namysłowski";"opolskie";1;1;0;1;1;0;0;0;0;1;0;0;0;0;0;0;0;0;0;1;1;0;0;0;0;0;16;2;2;2;5;2;0;0;0;48;0;4;1;0;0;0;2;1;0;0;2;1;0;12;37;2;0;0;0;0;2;2;0;0;0;2;1;1;1;0;0;0;1;0;0;1;0;0;53;41;21;23;7;3;0;1;1;0;0;0;0;0;0;0;0;8;0;0;0;0;0;4;16;0;0;0;0;1;1;6;0;1;0;0;0;0;0;0;1;0;0;1;0;3;0;0;63;7;17;3;2;1;0;1;86;0;0;1;0;0;0;0;0;0;6;1;2;0;0;2;7;0;0;3;1;0;0;1;2;1;1;0;0;0;0;0;0;0;0;0;0;0;0;0;0;0;0;0;0;0;0;0;0;0;0;0;0;0;0;0
6;"Szkoła Podstawowa Nr 3, ul. Łączańska 1, 46-100 Namysłów";160602;"gm. Namysłów";"namysłowski";"opolskie";1;1;2;1;0;0;0;3;2;1;1;0;1;0;0;1;0;0;0;0;1;0;0;0;1;0;34;9;16;2;1;0;0;1;0;100;0;19;1;0;0;1;4;0;0;0;1;0;0;11;55;10;3;6;2;0;1;1;1;3;0;0;8;2;1;1;0;0;0;2;0;0;1;0;68;87;37;52;17;4;3;0;0;0;1;2;0;1;0;1;1;15;0;0;2;0;0;8;29;4;4;5;3;0;2;30;1;0;7;0;1;0;1;0;1;0;0;1;2;0;2;1;86;8;27;10;0;6;2;1;157;1;2;7;0;1;0;2;2;0;6;3;0;1;0;9;4;1;0;0;0;0;0;1;0;0;0;0;0;1;0;2;1;0;0;1;0;0;0;0;0;0;0;0;0;0;0;0;0;0;0;0;0;0;0;0
7;"Liceum Ogólnokształcące, ul. Adama Mickiewicza 12, 46-100 Namysłów";160602;"gm. Namysłów";"namysłowski";"opolskie";1;1;0;0;1;0;0;0;0;0;0;0;0;0;1;2;0;0;1;0;0;0;0;0;0;1;4;2;4;1;2;2;0;0;0;28;0;3;0;2;0;0;0;0;0;0;0;0;0;5;42;3;1;3;0;3;0;1;1;0;0;3;0;3;0;1;0;0;0;1;1;0;1;1;64;84;23;42;2;8;1;3;1;0;2;0;0;1;0;0;0;14;3;0;1;1;0;2;15;1;0;0;4;1;0;4;0;0;2;0;0;0;1;1;0;0;0;0;0;1;0;1;68;9;24;1;2;2;4;0;84;0;0;1;0;0;0;0;2;0;5;0;0;1;0;8;2;0;0;0;0;0;1;0;0;0;0;1;1;0;0;1;1;0;0;0;0;0;0;0;0;0;0;0;0;0;0;0;0;0;0;0;0;0;0;0
8;"Przedszkole Nr 3, ul. Partyzantów 3, 46-100 Namysłów";160602;"gm. Namysłów";"namysłowski";"opolskie";1;1;0;1;0;0;0;0;0;0;0;0;0;0;0;0;0;0;1;0;2;0;0;1;1;1;16;1;3;4;2;1;0;2;0;33;1;1;0;0;0;0;0;2;1;0;0;0;0;8;26;8;0;1;2;1;0;0;0;1;0;2;0;0;1;1;0;1;1;0;0;2;1;0;26;54;24;19;4;1;0;0;0;2;0;1;0;1;0;0;0;7;0;0;0;0;0;2;22;1;1;1;2;0;0;7;1;0;1;0;1;1;1;0;0;0;0;0;0;3;1;0;29;0;27;3;0;1;4;1;67;0;0;3;2;0;0;1;1;0;3;1;0;2;0;2;1;0;0;0;0;0;0;1;1;0;0;0;0;0;0;0;0;0;0;0;0;0;0;0;0;0;0;0;0;0;0;0;0;0;0;0;0;0;0;0
9;"Szkoła Podstawowa Nr 4 (Mała szkoła), ul. Władysława Stanisława Reymonta 56, 46-100 Namysłów";160602;"gm. Namysłów";"namysłowski";"opolskie";1;1;1;0;2;0;0;0;0;0;1;0;0;0;0;0;0;0;0;0;3;0;0;0;0;2;12;4;6;3;1;0;0;1;1;22;0;8;0;2;2;0;0;1;0;0;1;0;0;12;22;0;0;1;1;0;2;0;1;0;0;6;0;0;0;1;0;0;1;0;0;0;0;0;58;33;24;32;6;1;0;0;0;1;0;0;0;0;0;0;0;6;5;0;1;2;2;2;10;1;1;3;0;0;1;8;0;0;0;0;0;0;0;0;0;0;0;0;0;0;0;0;34;5;11;1;0;0;2;1;62;1;0;0;1;1;0;0;0;0;1;0;0;0;0;2;1;0;0;1;0;0;1;0;0;0;0;0;0;0;0;0;1;0;0;0;0;0;0;0;0;0;0;0;0;0;0;0;0;0;0;0;0;0;0;0
10;"Szkoła Podstawowa Nr 4, ul. Władysława Stanisława Reymonta 56, 46-100 Namysłów";160602;"gm. Namysłów";"namysłowski";"opolskie";1;1;1;0;1;0;0;3;0;0;0;1;0;0;0;0;0;0;0;0;0;0;0;0;0;1;13;1;3;3;3;0;0;0;1;37;1;6;0;1;0;0;0;0;2;1;0;3;2;10;36;4;1;1;0;0;0;0;0;0;0;5;0;2;0;2;0;0;0;0;0;0;2;0;54;66;38;37;14;10;0;0;0;1;0;0;0;0;0;1;0;11;2;0;2;0;0;1;6;0;3;1;1;1;0;7;0;0;1;0;1;0;0;0;0;0;0;0;0;0;0;0;50;10;14;5;1;5;0;1;84;1;1;1;1;1;1;2;0;0;3;1;0;0;0;3;1;0;1;0;0;0;3;0;0;0;0;0;0;0;0;1;0;0;0;0;0;0;0;0;0;0;0;0;0;0;0;0;0;0;0;0;0;0;0;0
11;"Przedszkole Nr 4, ul. Władysława Stanisława Reymonta 5b, 46-100 Namysłów";160602;"gm. Namysłów";"namysłowski";"opolskie";1;1;1;2;0;0;0;1;0;0;0;0;0;0;0;2;0;0;0;0;0;0;0;0;0;0;24;2;5;2;2;1;1;1;0;35;0;4;1;0;1;3;0;0;0;2;2;0;0;7;33;0;2;1;0;0;4;1;1;0;1;7;1;0;0;2;0;0;0;0;0;1;0;1;84;81;28;43;19;5;0;0;1;0;0;0;0;1;1;0;1;9;0;0;0;0;0;1;11;2;3;2;0;0;0;13;0;1;0;0;0;0;3;0;0;1;0;0;0;0;0;0;68;13;16;2;0;3;1;1;108;0;2;0;1;0;1;0;0;1;3;1;0;2;0;2;1;1;0;0;0;0;0;1;1;1;0;0;0;0;0;0;1;0;0;0;0;0;0;0;0;0;0;0;0;0;0;0;0;0;0;0;0;0;0;0
12;"Szkoła Podstawowa Nr 2, ul. Władysława Stanisława Reymonta 5, 46-100 Namysłów";160602;"gm. Namysłów";"namysłowski";"opolskie";1;1;3;1;0;0;0;1;0;1;1;0;0;0;0;0;0;0;2;1;1;0;0;0;0;0;27;2;5;7;2;4;0;0;0;47;0;12;1;0;0;0;2;1;1;0;1;0;0;8;41;4;0;1;0;0;3;1;0;2;0;5;0;2;0;2;1;1;1;0;2;0;0;0;78;82;32;26;11;1;0;0;0;1;0;1;0;1;0;0;0;10;0;1;2;1;0;2;20;3;5;2;3;1;1;14;3;0;3;0;1;0;2;0;1;0;1;0;0;2;2;0;72;9;18;7;5;3;3;4;122;0;0;2;0;0;1;7;1;0;7;0;1;1;0;8;8;3;0;0;0;1;1;1;1;0;1;0;0;1;0;3;0;0;0;0;0;0;0;0;0;0;0;0;0;0;0;0;0;0;0;0;0;0;0;0
13;"Hala Sportowa ""ORZEŁ"", ul. Kolejowa 1, 46-100 Namysłów";160602;"gm. Namysłów";"namysłowski";"opolskie";1;1;0;2;2;0;0;4;0;2;1;0;0;0;0;1;0;0;0;0;1;0;0;0;0;1;40;6;13;8;4;7;3;0;1;86;0;29;0;0;0;3;2;0;0;0;1;0;0;28;68;5;4;1;1;2;2;3;3;0;0;9;0;2;0;1;3;1;1;0;0;2;1;1;87;68;30;48;5;2;1;0;0;4;1;0;1;2;0;0;0;24;1;0;2;0;0;1;31;1;5;5;0;1;0;12;2;0;2;0;2;1;1;2;1;0;1;0;0;1;2;1;125;17;39;8;1;3;2;5;223;3;4;3;3;2;0;1;1;0;13;0;3;0;0;25;7;0;0;0;0;0;1;2;1;0;0;0;0;0;0;0;0;2;0;0;0;0;0;0;0;0;0;1;0;0;0;0;0;0;0;0;0;0;0;0
14;"Szkoła Podstawowa, Kamienna 26, 46-100 Namysłów";160602;"gm. Namysłów";"namysłowski";"opolskie";1;1;3;2;0;0;0;0;1;0;0;0;0;0;0;0;0;0;0;1;0;0;0;2;0;0;18;3;1;1;2;1;1;0;0;53;1;6;0;0;0;0;1;0;0;0;0;1;0;6;20;0;0;2;0;0;2;0;0;0;2;5;0;0;1;0;0;0;0;1;0;0;0;1;42;59;27;16;16;3;0;1;0;0;1;0;0;1;0;0;0;2;5;0;0;1;0;0;18;2;1;4;2;1;1;22;0;1;1;0;0;0;1;1;0;1;0;1;1;0;1;2;21;5;15;2;1;1;5;1;54;0;0;0;0;0;0;0;0;0;4;0;3;1;0;6;1;1;0;0;0;1;0;0;1;0;0;0;0;0;0;1;0;0;0;0;0;0;0;0;0;0;0;0;0;0;0;0;0;0;0;0;0;0;0;0
15;"Świetlica Wiejska, Kowalowice ul. Szkolna 3, 46-100 Namysłów";160602;"gm. Namysłów";"namysłowski";"opolskie";1;1;1;0;0;0;0;2;0;0;0;0;0;0;0;0;0;0;0;0;0;0;0;0;0;0;2;0;2;0;0;0;0;0;0;111;0;4;0;0;0;0;0;0;0;0;0;0;0;1;12;0;0;2;0;0;0;3;0;0;0;2;0;1;0;0;0;0;0;1;0;0;0;1;50;48;15;10;3;0;0;0;1;3;0;0;0;1;0;0;0;2;1;0;0;0;0;0;8;3;4;0;0;1;0;3;1;0;0;0;0;0;0;0;0;0;0;0;0;0;0;0;10;2;2;3;0;2;0;1;13;0;0;0;0;0;0;0;0;0;2;0;0;0;0;3;3;0;0;0;0;0;0;1;0;2;0;0;0;0;0;0;0;0;0;0;0;0;0;0;0;0;0;0;0;0;0;0;0;0;0;0;0;0;0;0
16;"Zespół Szkolno-Przedszkolny, Głuszyna ul. Główna 115, 46-100 Namysłów";160602;"gm. Namysłów";"namysłowski";"opolskie";1;1;1;0;0;0;0;1;0;0;0;3;0;0;0;0;0;0;0;0;0;0;0;0;0;0;3;2;3;1;2;0;0;0;0;86;0;1;1;0;1;1;0;1;0;0;0;0;0;0;11;0;0;0;0;1;1;0;0;0;1;0;0;0;0;0;1;0;2;0;0;0;1;0;55;109;16;10;1;0;1;0;1;1;0;1;2;0;0;2;2;3;2;1;0;1;1;1;11;2;0;1;1;1;1;3;0;0;1;0;0;0;2;0;0;0;0;0;0;0;1;1;21;2;2;2;0;2;1;0;13;0;1;0;0;0;0;0;0;0;1;0;0;0;0;2;5;0;0;1;0;0;0;0;0;1;1;1;0;1;0;0;0;0;0;0;0;0;0;0;0;0;0;0;0;0;0;0;0;0;0;0;0;0;0;0
17;"Przedszkole, Bukowa Śląska 7b, 46-100 Namysłów";160602;"gm. Namysłów";"namysłowski";"opolskie";1;1;1;0;0;2;0;0;0;0;0;0;0;0;0;0;0;0;0;0;0;0;0;0;0;0;2;0;0;0;1;1;0;0;0;38;0;2;0;1;0;0;0;0;0;0;1;0;0;1;9;0;0;1;0;0;1;0;1;0;0;0;0;1;0;1;1;1;0;0;0;1;0;0;14;26;15;5;1;1;2;0;0;0;1;0;0;0;0;1;1;6;2;0;1;0;1;0;5;2;0;0;0;0;0;7;0;0;2;0;0;1;0;0;0;0;0;0;0;2;0;0;11;5;0;0;0;2;1;1;13;0;0;0;0;0;0;0;0;0;0;0;1;0;1;4;0;0;0;0;0;0;0;0;0;0;0;0;0;0;0;0;1;0;0;0;0;0;0;0;0;0;0;0;0;0;0;0;0;0;0;0;0;0;0;0
18;"Zespół Szkolno-Przedszkolny, Jastrzębie ul. Opolska 68, 46-100 Namysłów";160602;"gm. Namysłów";"namysłowski";"opolskie";1;1;0;0;0;0;0;2;0;0;1;0;0;0;0;0;0;0;0;0;0;0;0;0;0;0;12;1;0;1;0;0;0;1;0;24;0;7;0;0;0;0;0;0;0;0;0;1;0;4;13;1;0;0;1;0;0;0;0;0;0;4;0;0;1;1;0;0;0;0;0;0;0;0;36;48;17;15;5;2;0;0;2;1;0;0;1;1;0;0;0;1;1;2;0;0;1;1;8;1;0;0;0;0;0;9;1;0;1;1;0;0;0;0;1;0;0;0;0;0;0;0;6;6;2;1;0;2;3;1;57;0;0;1;2;1;0;0;0;0;3;0;0;1;0;1;2;0;0;0;0;0;0;0;0;1;0;0;0;0;0;0;0;0;0;0;0;0;0;0;0;0;0;0;0;0;0;0;0;0;0;0;0;0;0;0
19;"Zespół Szkolno-Przedszkolny, Smarchowice Wielkie ul. Brzegowa 58, 46-100 Namysłów";160602;"gm. Namysłów";"namysłowski";"opolskie";1;1;1;0;0;0;0;0;0;0;0;0;0;0;0;0;0;1;0;0;0;0;0;0;0;2;12;5;1;1;0;0;0;0;2;36;0;1;0;0;0;0;0;1;0;0;0;0;0;2;12;5;0;0;0;2;0;2;1;0;2;1;0;1;0;0;0;1;0;0;0;1;0;0;22;29;22;16;0;0;0;0;0;0;0;0;0;1;0;0;0;3;0;1;0;1;0;0;10;2;1;1;1;0;0;15;0;0;0;1;0;1;0;0;0;0;0;0;1;1;0;0;23;9;5;1;0;2;0;0;31;1;4;2;0;0;0;0;0;0;4;0;0;0;0;0;4;1;0;0;0;0;0;0;2;0;0;0;0;0;0;2;0;0;0;0;0;0;0;0;0;0;0;0;0;0;0;0;0;0;0;0;0;0;0;0
20;"Zespół Szkolno-Przedszkolny, Ligota Książęca 87b, 46-100 Namysłów";160602;"gm. Namysłów";"namysłowski";"opolskie";1;1;1;0;0;0;0;1;0;0;0;0;0;0;0;0;0;0;0;0;1;0;1;0;0;0;5;0;1;0;0;1;0;0;0;35;0;2;0;0;0;0;1;0;0;0;0;0;0;9;7;0;2;0;0;0;0;0;0;0;0;1;0;1;0;0;0;0;0;0;0;0;0;0;24;69;4;6;1;1;1;0;1;0;0;0;0;1;0;0;0;4;0;1;2;0;0;0;4;2;0;1;0;0;0;3;1;0;0;0;1;0;0;0;0;0;0;0;0;0;0;0;9;1;1;1;0;2;0;0;8;0;1;0;1;0;0;0;0;0;0;0;0;0;0;1;0;0;0;0;2;0;0;0;0;0;0;0;0;0;0;1;0;0;0;0;0;0;0;0;0;0;0;0;0;0;0;0;0;0;0;0;0;0;0;0
21;"Świetlica Wiejska, Smarchowice Śląskie ul. Zabytkowa 24, 46-100 Namysłów";160602;"gm. Namysłów";"namysłowski";"opolskie";1;1;0;0;0;0;0;0;0;0;0;0;0;0;0;0;0;0;0;0;0;0;0;0;0;0;8;2;0;4;1;1;0;0;0;39;0;2;0;0;0;0;0;0;0;1;0;0;0;3;5;0;0;0;1;0;1;0;0;0;0;0;0;1;0;0;1;0;0;0;1;0;0;0;23;32;8;6;0;0;0;0;1;0;0;0;1;2;0;0;0;4;0;0;1;0;0;1;1;0;0;2;0;0;3;2;1;0;0;0;0;0;0;0;0;0;0;1;0;1;0;0;8;2;4;3;0;1;0;0;19;0;0;0;0;0;0;0;1;0;0;0;0;0;0;0;1;0;0;0;1;0;0;0;0;0;0;0;0;1;0;0;0;0;0;0;0;0;0;0;0;0;0;0;0;0;0;0;0;0;0;0;0;0;0;0
22;"Świetlica Wiejska, Ligotka 13B, 46-100 Namysłów";160602;"gm. Namysłów";"namysłowski";"opolskie";1;1;1;0;0;0;0;0;0;0;0;0;0;0;0;0;0;0;0;0;0;0;0;0;0;0;6;1;0;1;2;3;0;1;0;21;0;1;1;1;0;0;1;0;0;0;0;0;0;2;10;1;1;0;0;0;0;0;1;0;0;0;1;0;0;0;0;0;0;0;0;0;0;0;11;21;12;11;0;0;1;1;0;0;0;1;0;1;0;0;0;3;0;0;1;0;0;2;7;1;0;0;1;1;0;6;1;1;0;0;0;0;0;0;0;0;0;0;0;0;0;2;11;1;4;0;0;0;0;0;19;0;0;3;0;0;0;0;0;0;2;0;0;0;0;1;2;0;0;0;0;0;0;0;0;0;0;0;0;0;0;0;0;0;0;0;1;0;0;0;0;0;0;0;0;0;0;0;0;0;0;0;0;0;0;0
23;"Zespół Szkolno-Przedszkolny, Smogorzów ul. Główna 69, 46-100 Namysłów";160602;"gm. Namysłów";"namysłowski";"opolskie";1;1;2;0;1;0;0;0;0;0;0;0;0;0;0;1;0;0;0;0;0;0;0;0;0;0;7;1;0;2;1;0;1;0;0;58;1;2;0;0;0;0;0;0;0;0;0;0;0;2;4;2;1;0;0;0;0;0;1;0;0;0;1;0;0;0;0;1;0;0;0;0;0;0;34;54;11;15;4;0;0;0;2;0;0;1;0;0;0;1;1;6;0;0;0;0;0;0;7;1;2;2;3;0;0;2;0;2;0;0;0;0;1;2;0;0;0;0;0;0;0;0;15;1;2;1;0;0;0;1;18;0;0;1;1;1;0;0;0;0;2;0;0;0;0;0;3;0;0;0;0;0;0;0;0;2;0;0;0;0;0;0;0;0;0;1;0;0;0;0;0;0;1;0;0;0;0;0;0;0;0;0;0;0;0;0
24;"Świetlica Wiejska, Minkowskie 60b, 46-100 Namysłów";160602;"gm. Namysłów";"namysłowski";"opolskie";1;1;0;0;0;0;0;0;0;0;0;0;0;0;0;1;0;0;0;0;0;0;0;0;0;0;6;1;0;0;3;0;0;0;0;18;0;0;0;0;0;0;1;0;0;0;0;0;0;0;9;0;0;0;0;0;1;0;0;0;0;1;0;0;0;0;2;0;0;0;0;0;0;0;19;24;21;5;0;0;0;0;1;0;0;0;0;0;0;0;0;0;0;0;0;0;0;0;1;0;1;0;1;1;0;0;0;0;1;0;0;0;1;0;0;0;0;0;0;0;0;1;10;2;1;0;0;2;0;0;13;0;0;0;0;0;0;0;0;1;2;0;0;0;0;1;2;0;0;1;0;0;0;1;1;0;1;0;0;0;0;0;0;0;0;0;0;0;0;0;0;0;0;0;0;0;0;0;0;0;0;0;0;0;0;0
25;"Świetlica Wiejska, Ziemiełowice 11b, 46-100 Namysłów";160602;"gm. Namysłów";"namysłowski";"opolskie";1;1;0;0;0;0;0;1;0;0;0;0;0;0;0;0;0;0;0;0;0;0;0;0;1;0;1;0;0;0;0;0;0;1;0;9;0;1;0;0;0;0;0;0;0;0;0;0;0;2;0;0;0;0;0;0;0;1;0;0;0;0;0;0;0;1;1;0;1;0;0;0;0;0;15;22;4;7;1;1;1;0;0;0;0;0;0;0;0;0;0;1;0;0;0;1;0;1;0;0;0;0;0;0;0;2;1;0;0;0;1;0;0;0;0;0;0;0;0;0;0;0;5;0;1;1;0;1;1;0;10;0;0;0;0;0;0;1;0;0;1;0;0;0;0;1;1;0;0;0;0;0;0;0;0;0;0;0;0;0;0;0;0;0;0;0;0;0;0;0;0;0;0;0;0;0;0;0;0;0;0;0;0;0;0;0
26;"Świetlica Wiejska w Brzozowcu, Brzozowiec 80, 46-100 Namysłów";160602;"gm. Namysłów";"namysłowski";"opolskie";1;1;0;0;0;0;0;0;1;0;0;0;0;0;0;0;0;0;0;0;0;0;0;0;0;0;2;1;0;1;1;1;0;0;0;14;1;0;0;0;0;0;0;0;1;0;0;0;0;0;2;1;0;0;0;0;0;0;0;0;1;0;0;1;0;1;0;0;0;0;0;0;0;0;11;29;13;5;2;0;0;0;0;0;0;0;0;2;0;0;0;0;1;0;0;0;0;0;3;0;0;1;0;2;0;0;0;0;0;0;0;0;0;0;0;0;0;0;0;0;0;0;5;2;4;2;0;1;0;0;2;0;1;0;0;0;0;1;0;0;1;0;0;0;0;0;0;0;0;1;0;0;0;0;1;0;0;0;0;0;0;0;0;0;0;0;0;0;0;0;0;0;0;0;0;0;0;0;0;0;0;0;0;0;0;0
27;"Świetlica Wiejska w Krasowicach, Krasowice 12, 46-100 Namysłów";160602;"gm. Namysłów";"namysłowski";"opolskie";1;1;0;1;0;0;0;2;0;0;1;0;0;0;0;0;0;0;0;0;0;0;0;0;0;0;3;2;0;0;2;0;0;1;0;27;0;0;0;0;0;0;0;0;0;0;0;0;0;2;8;2;0;2;0;0;0;0;0;0;0;1;0;0;4;0;0;0;0;0;0;0;0;0;20;36;27;30;0;1;0;1;0;0;0;0;0;0;0;0;0;1;0;0;0;0;1;0;6;1;0;1;1;1;0;4;0;0;0;0;1;0;1;0;0;0;0;0;0;0;0;0;10;5;1;1;0;0;1;0;10;0;1;3;1;0;0;0;1;0;0;0;0;0;0;0;2;0;0;0;1;0;0;1;0;0;0;0;0;0;0;0;0;0;0;0;0;0;0;0;0;0;0;0;0;0;0;0;0;0;0;0;0;0;0;0
28;"Świetlica Wiejska w Łączanach, Łączany 14A, 46-100 Namysłów";160602;"gm. Namysłów";"namysłowski";"opolskie";1;1;0;0;0;0;0;0;0;0;0;0;0;0;0;0;0;0;0;0;0;0;0;0;1;0;6;0;0;0;0;0;1;0;0;6;0;0;0;0;0;0;0;0;0;0;2;0;0;5;8;1;0;0;0;0;0;0;0;0;0;0;0;0;0;1;0;0;0;1;0;0;0;0;15;35;1;10;0;2;0;1;0;0;0;0;0;0;0;0;0;2;2;0;0;1;0;0;6;0;1;0;0;0;0;4;0;0;2;0;0;0;1;0;0;0;0;0;0;0;0;0;9;2;5;0;0;0;0;0;18;0;2;1;0;1;0;5;2;0;1;0;0;0;0;1;4;0;0;0;0;0;0;0;0;1;1;0;0;0;0;0;0;0;0;0;0;0;0;0;0;0;0;0;0;0;0;0;0;0;0;0;0;0;0;0
29;"Świetlica Wiejska w Mikowicach, Mikowice 80, 46-100 Namysłów";160602;"gm. Namysłów";"namysłowski";"opolskie";1;1;0;0;0;0;0;0;0;0;0;0;0;0;0;0;0;0;0;0;0;0;0;0;1;0;0;0;0;2;0;2;0;0;0;33;0;2;0;0;0;0;1;0;0;0;0;0;0;10;3;0;0;0;1;0;0;0;0;0;0;0;0;0;0;0;0;0;0;0;0;0;0;0;16;71;10;5;2;2;0;0;0;1;0;0;0;1;0;0;0;0;0;0;0;0;0;1;3;0;0;0;0;1;0;3;0;0;0;0;0;0;0;0;0;0;0;0;0;0;0;0;6;3;2;0;0;0;1;0;3;0;0;0;0;0;0;0;0;2;0;0;0;0;0;0;0;0;0;1;0;0;0;0;0;0;0;0;1;0;0;0;0;0;0;0;0;0;0;0;1;0;0;0;0;0;0;0;0;0;0;0;0;0;0;0
30;"Świetlica Wiejska, Zielony Dąb 1A, 46-100 Namysłów";160602;"gm. Namysłów";"namysłowski";"opolskie";1;1;0;0;0;0;0;0;0;0;0;0;0;0;0;0;0;0;0;0;0;0;0;0;0;0;2;3;0;1;0;0;0;0;0;19;0;0;0;0;0;0;0;0;1;0;0;0;0;1;12;0;0;0;0;0;2;0;0;0;0;1;0;0;0;0;1;0;1;0;0;0;0;0;14;24;25;6;1;2;0;0;2;0;0;1;0;0;1;0;0;4;0;1;0;0;0;3;3;0;0;1;0;0;0;1;0;0;0;0;0;0;0;0;0;0;0;0;0;0;0;0;5;1;2;1;0;0;0;1;11;0;0;0;0;0;0;0;0;0;1;0;0;0;0;1;0;0;0;0;1;0;0;0;0;1;0;0;1;0;0;1;0;0;0;0;0;0;0;0;0;0;0;0;0;0;0;0;0;0;0;0;0;0;0;0
31;"Świetlica Wiejska w Przeczowie, Przeczów 18A, 46-100 Namysłów";160602;"gm. Namysłów";"namysłowski";"opolskie";1;1;0;1;0;0;0;0;0;0;1;0;0;0;0;0;0;0;1;0;1;0;0;0;0;0;5;0;0;0;2;0;0;0;0;15;0;2;0;0;0;0;0;0;0;0;0;0;0;0;3;0;0;0;0;0;1;0;0;0;0;2;0;1;0;0;1;0;0;0;0;0;0;0;23;56;6;3;0;0;0;1;1;0;0;0;0;0;0;0;0;0;0;1;0;0;1;1;9;2;2;2;0;0;0;3;0;0;0;0;0;0;0;0;0;0;0;0;0;1;1;1;4;0;2;0;0;0;1;0;16;0;0;0;1;2;2;0;0;0;0;1;0;0;0;0;1;0;0;0;0;0;0;0;0;0;0;0;0;2;0;0;0;0;0;0;1;0;0;0;0;0;0;0;0;0;0;0;0;0;0;0;0;0;0;0
32;"Świetlica Wiejska w Rychnowie, Rychnów 10A, 46-100 Namysłów";160602;"gm. Namysłów";"namysłowski";"opolskie";1;1;0;0;0;0;0;0;0;0;0;0;0;0;0;0;0;0;0;0;0;0;0;0;0;0;7;4;1;3;1;0;0;0;0;43;0;0;0;1;0;0;2;0;0;0;0;0;0;3;7;1;1;0;0;0;0;0;0;0;0;1;0;0;1;0;0;0;0;0;0;0;0;1;14;22;5;10;1;0;1;1;0;0;0;0;0;0;0;1;0;1;0;0;0;0;0;0;4;1;0;0;1;0;0;11;0;1;0;0;0;0;0;1;1;0;0;0;0;0;0;0;10;0;6;0;0;1;0;1;18;0;0;1;1;0;0;0;0;0;0;0;1;0;1;3;0;0;0;0;0;0;1;0;0;0;0;0;0;0;0;0;0;0;0;0;0;0;0;0;0;0;0;0;0;0;0;0;0;0;0;0;0;0;0;0
33;"Świetlica Wiejska w Smarchowicach Małych, Smarchowice Małe 15B, 46-100 Namysłów";160602;"gm. Namysłów";"namysłowski";"opolskie";1;1;0;0;0;0;0;0;0;0;0;0;0;0;0;0;0;0;0;0;0;0;0;0;0;0;1;0;0;0;0;0;0;0;0;20;0;1;0;0;0;0;0;0;0;0;0;0;0;0;5;0;0;0;0;0;0;0;0;0;0;0;0;0;0;0;0;0;0;0;0;0;1;0;17;21;7;12;2;1;0;1;1;0;0;0;0;0;0;0;0;6;0;0;0;0;0;0;3;1;1;0;0;1;0;2;0;0;1;0;0;0;0;0;0;0;0;0;0;0;0;0;4;1;0;0;0;0;0;0;4;0;0;0;0;1;0;0;0;0;0;0;0;0;0;1;0;0;0;0;0;0;0;0;0;0;0;0;0;0;0;0;0;0;0;0;0;0;0;0;0;0;0;0;0;0;0;0;0;0;0;0;0;0;0;0
34;"Świetlica Wiejska w Woskowicach Małych, Woskowice Małe ul. Główna 8B, 46-100 Namysłów";160602;"gm. Namysłów";"namysłowski";"opolskie";1;1;0;1;0;0;0;1;0;0;0;0;0;0;0;0;0;0;0;0;0;0;0;0;0;0;1;3;1;1;3;2;0;1;0;11;0;1;0;0;0;0;0;0;0;0;0;0;0;4;12;2;0;0;1;1;0;0;0;0;0;0;0;0;0;0;0;0;1;0;0;0;0;0;13;40;7;4;3;0;0;0;2;0;0;0;0;0;0;0;0;0;1;0;0;2;0;0;12;0;1;2;3;1;0;8;0;0;0;0;0;0;1;0;0;0;2;0;0;1;1;0;15;0;5;3;2;1;1;1;26;1;0;3;4;0;0;0;1;0;5;0;0;0;0;5;0;0;0;0;0;0;0;1;0;0;0;0;0;0;0;0;0;0;0;0;0;0;0;0;0;0;0;0;0;0;0;0;0;0;0;0;0;0;0;0
35;"Świetlica Wiejska w Żabie, Żaba 17A, 46-100 Namysłów";160602;"gm. Namysłów";"namysłowski";"opolskie";1;1;1;0;1;0;0;0;0;0;0;0;0;0;0;0;0;0;0;0;0;0;0;0;1;0;2;0;0;0;1;0;0;0;0;3;0;0;0;0;0;0;0;0;0;0;0;0;0;0;1;0;1;0;0;0;1;1;0;0;0;0;0;0;0;1;1;0;0;0;0;0;0;0;14;17;13;2;0;0;0;0;0;0;0;0;1;0;0;0;0;0;0;0;0;0;0;0;3;1;0;0;1;0;0;7;0;0;0;0;0;0;1;0;0;0;1;0;0;0;0;0;6;2;4;0;0;0;0;2;11;0;0;0;0;0;0;0;1;0;0;0;0;0;0;0;2;0;0;0;0;0;0;0;0;0;0;0;0;0;0;0;0;0;0;0;0;0;0;0;0;0;0;0;0;0;0;0;0;0;0;0;0;0;0;0
36;"Namysłowskie Centrum Zdrowia Sp. z o. o., ul. Oleśnicka 4, 46-100 Namysłów";160602;"gm. Namysłów";"namysłowski";"opolskie";1;1;0;0;0;0;0;0;0;0;0;0;0;0;0;0;0;0;0;0;0;0;0;0;0;0;0;0;0;0;1;0;0;0;0;0;0;0;0;0;0;0;0;0;0;0;0;0;0;0;0;0;0;0;0;0;0;0;0;0;0;0;0;0;0;0;0;0;0;0;0;0;0;0;5;0;0;1;0;0;0;0;0;0;0;0;0;0;0;0;0;0;0;0;0;1;0;0;0;0;0;0;0;0;0;0;0;0;0;0;0;0;0;0;0;0;0;0;0;0;0;0;2;0;0;0;0;0;0;0;3;0;0;0;0;0;0;0;0;0;0;0;0;0;0;0;0;0;0;0;0;0;0;0;0;0;0;0;0;0;0;0;0;0;0;0;0;0;0;0;0;0;0;0;0;0;0;0;0;0;0;0;0;0;0;0
37;"Ośrodek Leczenia Odwykowego w Woskowicach Małych, Woskowice Małe ul. Pałacowa 15, 46-100 Namysłów";160602;"gm. Namysłów";"namysłowski";"opolskie";1;1;0;0;0;0;0;0;0;0;0;0;0;0;0;0;0;0;0;0;0;0;0;0;0;0;6;2;0;0;1;1;0;0;0;0;0;2;0;0;0;0;0;0;1;0;0;0;0;0;1;0;0;0;0;0;0;0;0;0;0;0;0;0;0;0;0;0;0;0;0;0;0;0;14;1;0;0;0;0;0;0;2;1;0;0;0;0;0;0;0;0;0;0;0;0;0;0;1;2;0;1;0;1;0;0;1;0;0;0;0;1;0;0;0;0;0;0;0;3;0;0;9;4;2;0;1;0;0;1;0;0;0;0;0;0;0;0;0;0;0;0;0;0;0;0;1;0;0;1;0;0;0;0;0;0;0;0;0;0;0;0;1;0;0;0;0;0;0;0;0;0;0;0;0;0;0;0;0;0;0;0;0;0;0;0
38;"Dom Pomocy Społecznej „Promyk” w Kamiennej, Kamienna 22, 46-100 Namysłów";160602;"gm. Namysłów";"namysłowski";"opolskie";1;1;0;0;0;0;0;0;0;0;0;0;0;0;0;0;0;0;0;0;0;0;0;0;0;0;0;0;0;0;0;0;0;0;0;1;0;1;0;0;0;0;0;0;0;0;0;1;0;0;0;0;0;0;0;0;0;0;0;0;0;0;0;0;0;0;0;0;0;0;0;0;0;0;3;0;0;0;0;0;0;0;0;0;0;0;1;0;0;0;0;1;0;0;1;0;0;0;0;0;0;0;0;0;0;0;0;0;0;1;0;0;0;0;0;0;0;0;0;0;0;0;0;0;1;0;0;0;0;0;0;1;0;0;0;0;0;0;0;0;0;0;0;0;0;0;0;0;0;0;0;0;0;0;0;0;0;0;0;0;0;0;0;0;0;0;0;0;0;0;0;0;0;0;0;0;0;0;1;0;0;0;0;0;0;0
1;"Pawilon Edukacyjny, Ładza ul. Reymonta 3A, 46-034 Pokój";160603;"gm. Pokój";"namysłowski";"opolskie";1;1;1;0;0;0;0;0;1;0;0;0;0;0;0;0;0;0;0;0;0;1;0;0;0;0;2;7;2;0;0;2;0;0;0;1;0;24;0;0;0;0;0;1;0;0;0;0;0;0;2;1;0;3;0;0;0;1;0;0;0;0;0;0;0;0;0;0;0;0;0;1;0;0;27;15;3;13;0;1;0;0;0;0;0;0;0;0;0;0;0;0;0;0;0;0;0;0;4;0;1;2;0;1;0;0;1;0;0;0;1;0;0;0;0;0;0;0;0;0;0;0;5;7;4;0;2;2;1;4;7;1;2;0;0;0;0;0;0;1;1;0;0;1;0;2;4;0;1;1;0;0;1;0;0;0;0;6;0;0;0;0;12;5;0;0;0;1;0;0;0;1;0;0;0;0;0;0;0;0;0;0;4;0;0;0
2;"Ochotnicza Straż Pożarna, ul. Wojska Polskiego 26, 46-034 Pokój";160603;"gm. Pokój";"namysłowski";"opolskie";1;1;2;1;0;0;2;0;2;0;0;0;0;0;0;1;0;0;0;0;0;0;0;0;0;0;3;5;1;0;1;0;0;0;0;2;0;51;0;1;0;0;0;0;0;0;0;0;0;2;12;1;0;1;0;1;0;1;0;0;1;1;0;0;1;0;0;1;2;0;0;0;0;1;35;19;11;10;8;2;0;0;0;0;0;0;0;0;0;0;0;0;1;0;0;1;0;1;11;4;2;0;0;0;0;1;2;0;0;1;1;0;1;0;0;0;1;0;0;0;1;1;39;7;27;2;2;10;0;5;38;0;4;0;0;1;0;0;0;0;1;5;0;1;0;9;3;0;0;0;0;1;2;0;0;0;0;1;0;0;0;0;1;1;1;1;0;0;0;0;0;0;0;0;0;0;0;0;0;0;0;0;0;0;0;0
3;"Sala narad w Urzędzie Gminy, ul. Sienkiewicza 8, 46-034 Pokój";160603;"gm. Pokój";"namysłowski";"opolskie";1;1;2;0;0;0;0;0;0;0;0;0;0;0;0;0;0;0;1;1;1;0;0;0;0;0;12;10;3;1;2;3;0;1;0;1;0;39;0;0;0;0;0;0;0;0;0;0;0;1;22;2;0;1;0;1;0;0;0;0;0;1;0;1;0;1;0;0;0;0;0;0;0;0;50;16;8;10;4;5;1;0;2;0;0;0;0;0;0;0;0;2;1;0;0;1;0;0;3;1;1;1;1;0;1;6;0;0;0;0;2;0;0;1;0;0;0;0;0;0;0;0;57;9;23;1;1;3;0;6;42;0;2;0;1;0;0;0;0;0;1;0;0;0;0;14;4;0;0;0;0;0;0;0;0;1;0;0;0;0;0;1;2;1;0;0;1;0;0;0;0;0;0;0;0;0;0;0;0;0;0;0;0;0;0;0
4;"Szkoła Podstawowa, Domaradz 3, 46-034 Pokój";160603;"gm. Pokój";"namysłowski";"opolskie";1;1;0;0;0;0;0;0;0;0;1;0;0;0;1;1;0;0;0;0;0;0;0;0;0;0;3;5;1;1;3;1;0;1;0;0;0;33;0;0;0;0;0;0;0;0;0;0;0;0;7;1;1;1;0;0;0;0;0;0;1;0;0;1;0;0;0;0;0;0;0;0;0;0;25;29;7;5;7;4;1;1;2;0;1;0;1;0;0;0;0;2;0;0;0;0;0;2;6;0;1;0;0;1;1;4;0;0;1;0;0;0;0;0;1;0;0;1;1;0;0;0;19;7;3;0;0;1;0;3;4;1;0;0;0;0;0;0;2;0;0;0;0;0;0;4;1;0;0;1;0;0;0;0;0;0;0;0;0;1;0;0;3;1;1;0;0;0;0;0;0;0;0;0;0;0;0;1;0;0;0;0;0;0;0;0
5;"Świetlica Wiejska, Domaradzka Kuźnia ul. Opolska 12, 46-034 Pokój";160603;"gm. Pokój";"namysłowski";"opolskie";1;1;0;0;1;0;0;0;0;0;0;0;1;0;0;1;0;0;0;0;0;0;0;0;0;1;3;3;1;0;0;0;0;0;0;0;0;18;0;0;0;0;1;0;0;1;0;1;0;1;1;0;1;0;0;0;0;0;0;0;1;0;0;0;0;0;0;1;0;0;0;0;0;0;15;28;5;3;6;1;0;0;0;0;0;0;0;0;1;0;0;0;0;2;0;1;0;1;5;2;2;2;2;0;0;3;0;0;1;0;1;0;0;0;0;0;0;0;0;0;0;0;19;1;6;1;1;1;1;0;4;0;4;0;0;0;0;0;0;0;0;1;0;0;0;2;1;0;0;0;0;0;0;0;0;0;0;0;0;0;0;0;2;2;1;1;1;0;0;0;0;0;0;0;0;0;0;0;0;0;0;0;0;0;0;0
6;"Świetlica Wiejska, Zawiść ul. Odrodzenia Polski 2, 46-034 Pokój";160603;"gm. Pokój";"namysłowski";"opolskie";1;1;0;0;0;0;0;0;1;1;0;0;0;0;0;0;0;0;0;0;0;0;0;0;0;0;2;5;1;0;1;1;1;1;0;0;0;17;0;0;0;0;0;1;0;0;0;0;0;0;4;0;0;0;0;0;0;0;0;0;0;0;0;0;0;1;0;0;0;0;0;0;0;0;18;41;13;3;4;3;0;1;1;0;0;0;0;2;0;0;0;0;0;0;0;1;0;0;3;3;0;0;0;1;1;0;0;2;0;0;0;0;0;1;0;0;0;0;0;0;0;0;13;2;3;1;1;1;3;1;9;2;1;1;0;0;0;0;0;0;6;0;0;1;1;2;3;0;0;0;0;0;0;0;0;0;0;0;0;0;0;0;1;0;1;0;0;0;0;0;0;0;0;0;0;0;0;1;0;0;0;0;0;0;0;0
7;"Świetlica Wiejska, Zieleniec 26A, 46-034 Pokój";160603;"gm. Pokój";"namysłowski";"opolskie";1;1;1;0;0;0;2;0;0;0;0;1;0;0;1;0;0;0;0;0;0;0;0;0;0;0;5;6;3;0;3;0;1;0;0;4;0;31;1;0;0;0;0;0;0;1;0;0;1;0;13;1;3;4;1;0;1;0;1;0;0;0;1;1;2;0;0;0;0;0;0;1;0;0;29;31;15;6;5;0;0;2;1;2;0;2;0;0;0;0;0;0;0;0;0;1;0;3;7;0;0;0;0;0;1;1;0;0;0;0;0;0;0;0;1;0;0;0;0;0;0;1;25;1;23;2;0;1;0;1;23;0;3;0;0;0;2;1;0;2;0;0;1;3;0;9;1;2;0;0;0;0;0;1;0;0;0;0;0;0;1;1;0;0;0;0;0;0;0;0;0;0;0;0;0;0;0;0;0;0;0;0;0;0;0;0
8;"Świetlica Wiejska, Fałkowice 61, 46-034 Pokój";160603;"gm. Pokój";"namysłowski";"opolskie";1;1;0;0;0;0;1;0;0;0;0;0;0;0;0;1;0;0;0;0;0;0;0;2;0;0;3;3;0;0;2;1;0;0;0;1;1;21;0;0;0;0;0;0;0;0;0;0;0;3;5;1;2;0;0;0;1;0;0;1;0;1;0;0;0;0;0;0;0;1;1;0;0;0;22;16;6;7;5;6;0;0;0;1;0;0;0;0;0;0;0;0;0;2;0;0;0;0;4;0;0;0;0;0;0;4;0;0;0;0;0;0;0;0;0;0;0;0;2;1;0;0;19;3;12;2;0;0;0;0;12;0;1;2;0;0;0;0;0;0;2;0;0;0;0;4;0;0;0;0;0;0;0;0;0;0;0;0;0;0;2;0;4;0;0;1;0;0;0;0;0;0;0;0;0;0;0;0;0;0;0;0;0;0;0;1
9;"Świetlica Wiejska, Krogulna ul. Średnia 12, 46-034 Pokój";160603;"gm. Pokój";"namysłowski";"opolskie";1;1;0;0;0;0;0;0;0;1;0;0;0;0;0;0;0;0;0;0;0;0;0;0;0;0;5;4;0;0;1;0;0;0;0;3;0;13;0;0;0;0;1;0;1;1;0;0;0;1;6;1;1;2;0;0;2;1;0;0;0;0;0;0;0;0;0;0;0;0;0;0;0;0;18;9;7;9;2;0;0;0;1;0;0;1;0;0;0;0;1;0;0;0;1;0;0;1;4;0;2;0;1;0;0;1;0;0;1;0;0;0;0;0;0;0;0;0;0;0;0;0;11;3;12;0;0;0;0;2;11;1;3;0;1;0;0;0;0;0;2;0;0;0;0;4;5;0;0;0;0;0;0;0;0;0;0;0;1;0;0;0;0;0;0;0;0;0;0;0;0;0;0;0;0;0;0;0;0;0;0;0;0;0;0;0
10;"Ochotnicza Straż Pożarna, Lubnów ul. Powstańców Śląskich 3, 46-034 Pokój";160603;"gm. Pokój";"namysłowski";"opolskie";1;1;0;0;0;0;0;1;0;0;0;0;0;0;0;0;0;0;0;0;0;0;0;0;0;1;1;0;1;0;3;0;0;1;0;1;0;12;0;0;0;1;0;0;0;0;0;0;0;0;5;2;0;0;0;0;0;0;0;0;0;0;1;0;0;0;0;0;1;0;0;1;0;0;4;11;3;0;2;0;0;2;1;0;0;0;0;0;0;1;0;0;0;0;0;0;0;1;3;0;0;0;0;0;0;0;0;0;1;0;0;0;0;0;0;0;0;0;0;0;0;1;13;3;3;1;0;2;1;0;0;1;2;0;1;0;0;0;0;0;0;0;0;0;0;0;0;0;0;0;0;0;0;0;0;0;0;0;0;0;1;0;0;0;0;0;0;0;0;0;0;0;0;0;0;0;0;0;0;0;0;0;0;0;0;0
11;"Stobrawskie Centrum Medyczne Sp. z o. o. z siedzibą w Kup-Szpital w Pokoju, ul. Namysłowska 22, 46-034 Pokój";160603;"gm. Pokój";"namysłowski";"opolskie";1;1;1;0;0;0;0;0;0;1;0;0;0;0;0;0;0;0;0;0;0;0;0;0;0;0;0;0;1;0;0;1;0;0;0;0;0;1;0;0;0;1;0;0;0;0;0;0;0;0;1;0;0;0;0;0;0;0;0;0;0;0;0;0;0;0;0;0;0;0;0;0;0;0;11;11;6;3;1;1;0;0;0;0;0;0;0;1;0;0;0;1;0;0;2;0;0;0;0;1;0;0;0;0;0;1;0;0;1;0;0;0;0;0;0;0;0;0;0;0;0;0;1;1;1;0;1;0;1;0;2;0;1;0;0;0;0;0;0;0;1;0;0;0;0;1;0;0;0;1;0;0;1;0;0;0;0;0;0;0;0;1;2;0;0;0;0;0;0;0;0;0;0;0;0;0;0;0;0;0;0;0;1;0;0;1
1;"Szkoła Podstawowa, Bąkowice ul. Szkolna 6, 46-112 Świerczów";160604;"gm. Świerczów";"namysłowski";"opolskie";1;1;2;0;0;0;0;0;0;0;2;0;1;0;0;2;0;0;0;0;1;0;0;0;0;0;15;3;1;1;2;0;1;0;0;10;0;9;0;0;0;0;1;0;0;1;0;0;0;0;18;0;1;2;1;1;0;2;1;0;0;0;2;0;0;0;0;1;0;0;0;0;0;0;44;59;29;8;13;1;0;2;2;2;0;0;0;0;0;1;0;8;0;0;0;0;0;4;11;1;2;0;1;0;0;10;0;1;0;0;0;0;2;0;0;0;0;2;0;1;0;0;19;4;8;6;1;4;0;2;30;0;1;0;0;1;1;1;0;0;2;0;0;0;0;2;3;0;0;0;0;0;0;0;0;0;0;0;0;1;0;1;0;0;0;0;0;0;0;0;0;0;0;0;0;0;0;1;0;0;0;0;0;0;0;0
2;"Szkoła Podstawowa, ul. Brzeska 28, 46-112 Świerczów";160604;"gm. Świerczów";"namysłowski";"opolskie";1;1;0;0;0;0;0;0;0;0;0;0;1;0;0;0;0;0;0;0;0;0;0;0;0;1;8;5;1;1;0;1;0;0;0;17;0;11;0;1;0;0;1;0;0;0;1;0;0;3;10;0;0;0;0;2;0;0;0;1;0;1;0;0;0;0;0;1;0;0;0;1;0;0;27;25;17;13;6;3;0;0;1;0;0;0;1;1;0;0;0;0;0;0;0;1;0;6;6;1;1;0;0;1;1;10;1;0;0;0;0;0;0;1;0;0;0;0;0;0;0;0;17;3;14;2;0;2;0;1;37;0;1;2;0;0;0;2;0;0;3;0;2;0;1;8;0;0;0;0;0;0;0;0;0;0;0;0;0;0;0;0;1;0;0;0;0;4;0;0;0;0;0;0;0;0;0;0;0;0;0;0;0;0;0;0
3;"Świetlica Wiejska w Dąbrowie, Dąbrowa ul. Kolejowa 9a, 46-112 Świerczów";160604;"gm. Świerczów";"namysłowski";"opolskie";1;1;3;0;0;0;0;0;0;0;0;0;0;0;1;0;0;0;2;0;0;0;0;0;0;3;9;2;0;1;2;1;0;0;0;9;0;6;1;3;0;0;0;0;0;0;0;0;0;2;18;0;1;4;1;1;2;0;0;0;0;1;0;6;1;0;0;1;0;0;0;0;0;0;31;48;18;19;6;1;0;0;0;0;0;0;0;1;1;0;0;1;1;1;0;1;0;2;5;7;0;1;0;2;0;11;0;0;1;0;0;0;0;0;1;0;0;0;0;0;0;0;10;2;6;1;2;0;1;2;50;1;0;0;0;1;0;0;0;0;0;1;0;0;0;1;3;1;0;0;0;0;1;0;0;0;0;0;0;0;0;2;0;1;0;0;0;0;0;0;0;0;0;0;0;0;0;0;0;0;0;0;0;0;0;0
4;"Sołecki Dom Spotkań, Starościn ul. Opolska 6a, 46-112 Świerczów";160604;"gm. Świerczów";"namysłowski";"opolskie";1;1;1;0;4;0;0;0;0;1;0;0;0;0;0;0;0;0;0;1;0;0;0;0;0;0;5;2;0;0;0;0;0;0;2;15;0;8;0;0;0;0;0;0;0;0;1;0;0;0;5;0;1;0;0;2;0;0;0;2;0;1;1;0;0;0;0;0;0;0;0;0;0;0;21;41;16;5;4;4;0;1;0;0;0;0;0;1;0;0;0;1;0;0;1;0;0;0;7;0;1;1;0;1;0;5;1;0;3;0;2;0;0;0;0;0;0;0;0;0;0;0;17;2;9;0;0;2;1;0;32;0;1;1;0;0;0;0;0;0;0;0;1;0;0;0;0;0;0;0;0;1;0;0;0;0;0;0;1;0;0;0;2;0;0;0;0;0;0;0;0;0;0;0;0;0;0;0;0;0;0;0;0;0;0;0
5;"Wiejskie Centrum Kultury i Rekreacji, Biestrzykowice ul. Główna 7, 46-112 Świerczów";160604;"gm. Świerczów";"namysłowski";"opolskie";1;1;0;0;0;0;0;0;0;0;0;0;0;0;0;0;0;0;0;0;0;0;0;0;0;0;3;3;0;0;0;0;0;0;0;9;0;6;0;0;0;0;0;0;0;0;0;0;0;0;12;5;0;0;0;0;0;0;0;0;0;1;0;0;0;0;0;0;0;0;0;0;0;0;14;16;20;21;5;2;0;1;1;1;0;0;0;0;0;0;0;2;0;0;0;0;0;0;1;0;0;0;0;0;1;30;0;0;0;0;0;0;0;0;0;0;0;0;0;0;0;0;12;1;9;2;0;0;1;0;27;1;0;7;0;0;0;1;0;0;0;1;0;0;0;2;0;0;0;0;0;0;0;0;0;0;0;0;0;0;0;0;0;0;0;0;0;0;0;0;0;0;0;0;0;0;0;0;0;0;0;0;0;0;0;0
6;"Świetlica Wiejska w Miejscu, Miejsce ul. Parkowa 22, 46-112 Świerczów";160604;"gm. Świerczów";"namysłowski";"opolskie";1;1;1;0;0;0;0;0;0;0;0;0;0;0;0;0;0;0;0;0;0;0;0;0;1;0;1;1;1;0;1;0;0;0;0;1;1;6;0;0;0;0;0;0;0;0;0;0;0;0;7;0;0;0;1;0;1;0;0;0;0;0;0;1;0;0;0;0;0;0;0;0;0;0;12;14;19;4;7;1;1;0;1;0;0;0;0;1;0;0;1;0;0;0;0;0;0;5;1;0;0;0;0;0;0;1;0;0;0;0;0;0;0;0;0;0;0;0;0;0;0;0;4;2;4;0;0;0;0;0;18;1;2;0;0;0;1;0;0;0;0;0;0;1;0;2;1;0;0;0;0;0;0;0;0;0;0;0;0;0;0;0;0;0;0;0;0;0;0;0;0;0;0;0;0;0;0;0;0;0;0;0;0;0;0;0
7;"Świetlica Wiejska w Miodarach, Miodary ul. Główna 8B, 46-112 Świerczów";160604;"gm. Świerczów";"namysłowski";"opolskie";1;1;0;0;1;0;0;1;1;0;0;0;0;0;1;0;0;0;0;0;0;0;0;0;0;0;6;0;0;0;0;0;0;0;1;6;1;7;1;0;0;0;0;0;0;0;0;0;0;0;2;0;0;0;1;0;0;1;0;0;0;0;0;1;0;0;0;0;0;0;0;0;0;0;10;22;16;7;4;0;0;0;0;0;0;0;0;0;0;0;0;2;0;0;0;0;0;0;2;1;0;1;1;0;0;10;1;0;1;0;0;0;0;0;0;0;0;0;0;0;0;0;4;1;3;0;0;0;0;3;12;0;0;2;1;0;1;0;0;0;1;0;0;1;0;1;0;0;0;0;0;0;0;0;0;0;0;0;0;0;0;0;0;0;0;0;0;0;0;0;0;0;0;0;0;0;0;0;0;0;0;0;0;0;0;0
1;"Publiczna Szkoła Podstawowa, Bukowie ul. Lipowa 54, 46-113 Wilków";160605;"gm. Wilków";"namysłowski";"opolskie";1;1;1;1;0;2;0;1;1;0;0;0;0;0;0;0;0;0;1;0;0;0;0;0;0;0;6;5;0;0;0;0;1;0;1;57;0;2;0;0;0;1;1;0;0;0;0;1;1;0;12;1;0;1;0;1;1;1;1;1;1;1;1;0;0;0;0;0;0;0;0;0;0;0;40;43;7;29;5;1;1;3;1;1;0;1;2;2;1;0;0;1;1;0;8;0;0;5;8;1;1;0;3;0;0;2;0;0;0;0;0;0;3;0;0;0;0;0;0;0;0;0;15;2;5;1;0;3;0;0;14;0;0;0;2;1;0;0;0;0;6;0;2;0;0;1;3;0;1;0;0;0;1;0;0;1;0;0;0;0;0;1;0;0;0;0;0;0;0;0;0;0;0;0;0;0;0;0;0;0;0;0;0;0;0;0
2;"Publiczna Szkoła Podstawowa Stowarzyszenia Przyjaciół Szkół Katolickich, Dębnik 14A, 46-113 Wilków";160605;"gm. Wilków";"namysłowski";"opolskie";1;1;3;0;1;0;0;0;0;0;0;1;0;0;0;0;0;0;2;0;0;0;0;0;0;0;9;0;0;0;2;0;0;0;0;39;0;2;0;0;0;0;0;1;0;0;0;0;0;1;9;0;0;2;0;0;0;2;0;0;1;1;0;0;0;0;0;0;0;0;0;0;0;0;27;19;23;1;1;2;1;0;0;1;0;0;0;0;0;0;0;0;0;1;3;1;0;0;5;1;2;1;0;0;0;2;1;0;2;0;2;0;0;0;0;0;0;0;0;0;0;0;15;2;4;1;0;0;1;0;13;0;1;0;0;0;0;0;0;0;2;0;0;1;0;6;2;0;0;0;0;0;0;10;0;0;1;0;0;0;0;0;0;0;0;0;0;0;0;0;0;0;0;0;0;0;0;0;0;0;0;0;0;0;0;0
3;"Zespół Szkolno-Przedszkolny (Publiczna Szkoła Podstawowa), Idzikowice 24, 46-113 Wilków";160605;"gm. Wilków";"namysłowski";"opolskie";1;1;3;0;0;1;1;0;0;0;1;2;0;0;0;1;0;0;0;1;0;0;0;0;0;0;20;1;3;3;1;3;0;0;0;45;0;4;0;0;0;0;0;1;1;0;1;0;0;2;16;2;0;2;0;0;0;0;1;0;0;2;1;0;0;0;0;0;0;0;0;1;0;0;55;54;14;25;5;4;2;1;2;3;1;1;1;1;0;1;0;3;0;0;0;1;1;0;7;3;1;2;0;0;0;13;0;0;0;0;0;0;0;0;0;0;0;0;0;1;0;0;24;7;13;1;1;1;3;4;29;1;0;1;0;0;0;0;0;0;1;2;1;2;0;6;0;0;0;0;1;0;0;0;1;0;0;1;0;0;1;0;1;0;0;0;0;0;0;0;0;0;0;0;0;0;0;0;0;0;0;0;0;0;0;0
4;"Świetlica, Krzyków 28, 46-113 Wilków";160605;"gm. Wilków";"namysłowski";"opolskie";1;1;0;0;1;0;0;0;0;1;0;0;0;0;0;0;0;0;0;0;2;0;0;0;0;0;2;1;0;0;0;2;1;0;0;13;0;0;0;0;1;1;0;0;0;0;0;0;1;0;5;0;0;0;0;0;0;0;0;0;0;1;0;0;0;1;0;0;0;0;0;0;0;0;14;8;4;9;0;3;1;0;0;0;0;0;0;1;0;0;0;0;0;0;1;0;0;0;3;1;1;0;0;0;0;4;0;0;0;0;0;1;0;0;0;0;0;0;0;0;0;0;4;0;1;2;0;0;0;0;7;0;0;0;1;1;0;0;0;1;1;0;0;0;0;0;0;0;0;0;0;0;0;0;0;0;0;0;0;0;0;0;0;0;0;0;0;0;0;0;0;0;0;1;0;0;0;0;0;0;0;0;0;0;0;0
5;"Świetlica Wiejska, Pągów ul. Główna 19, 46-113 Wilków";160605;"gm. Wilków";"namysłowski";"opolskie";1;1;1;1;1;0;0;0;0;0;0;0;0;0;0;0;0;0;0;0;2;0;0;0;0;0;10;0;1;0;0;1;0;0;0;17;0;3;0;0;0;0;0;0;0;0;0;0;0;1;6;3;0;0;0;3;0;1;1;0;1;1;1;3;0;3;0;1;0;0;1;0;1;0;33;26;7;20;1;1;0;0;1;1;0;0;0;0;0;0;1;3;0;0;1;1;0;1;4;0;1;1;1;1;0;13;0;1;0;0;0;0;2;0;0;0;0;0;0;0;1;0;23;2;8;4;2;2;1;0;13;0;0;1;0;0;0;0;0;1;6;0;0;0;0;5;3;0;0;0;0;0;1;0;0;0;1;0;0;0;0;1;0;0;0;0;0;0;0;0;0;0;0;0;0;0;0;0;0;0;0;0;0;0;0;0
6;"Dom Kultury, ul. Wrocławska 16, 46-113 Wilków";160605;"gm. Wilków";"namysłowski";"opolskie";1;1;5;0;0;0;0;1;0;0;0;0;0;0;0;1;0;1;0;0;2;0;0;0;0;0;21;6;1;3;6;0;0;0;0;98;0;2;0;0;0;0;2;1;1;1;3;1;1;3;22;1;0;1;0;1;2;1;0;0;3;3;0;1;0;1;0;0;0;1;0;2;0;1;67;62;18;32;11;7;0;0;3;7;0;0;0;0;1;0;0;2;0;3;0;1;1;2;23;4;1;7;2;0;0;7;1;0;2;0;1;0;0;1;1;0;0;0;0;1;1;0;38;4;12;2;1;2;0;1;67;0;3;5;0;0;0;1;0;0;3;4;2;0;0;4;2;0;0;0;0;0;0;0;0;2;0;0;0;0;1;0;0;0;0;0;0;0;0;0;0;0;0;0;0;0;0;0;0;0;0;0;0;0;0;0
7;"Świetlica Wiejska, Wojciechów 31a, 46-113 Wilków";160605;"gm. Wilków";"namysłowski";"opolskie";1;1;2;0;0;0;0;0;0;1;2;0;0;0;0;0;0;0;0;0;1;0;0;0;0;0;4;0;0;1;2;1;0;0;0;13;0;0;0;0;0;0;0;0;0;0;0;0;0;2;6;0;1;0;0;1;0;1;0;0;0;2;0;0;0;0;1;0;0;0;0;0;0;0;10;12;3;28;2;2;2;0;0;1;0;0;0;2;0;0;0;0;1;0;1;0;0;0;3;0;0;4;0;1;0;1;0;0;0;0;0;0;0;0;0;0;0;0;0;0;0;0;7;6;1;1;0;0;3;0;11;0;0;1;0;0;0;0;0;0;0;0;0;0;0;1;0;0;0;0;0;0;0;1;0;1;0;0;0;1;0;0;0;0;0;0;0;0;0;0;0;0;0;0;0;0;0;0;0;0;0;0;0;0;0;0
1;"Gminny Ośrodek Sportu i Rekreacji, ul. Curie-Skłodowskiej 32, 48-340 Głuchołazy";160701;"gm. Głuchołazy";"nyski";"opolskie";1;1;3;0;1;0;0;0;0;1;0;0;1;0;0;0;1;0;3;0;0;0;0;0;0;0;38;2;3;13;4;7;1;1;1;0;0;8;0;0;0;1;0;0;2;0;0;1;1;3;27;1;2;0;0;1;3;1;5;1;2;1;1;2;1;3;1;0;1;1;0;2;0;0;81;16;65;22;10;3;1;2;3;35;0;0;1;1;0;3;0;1;28;0;0;0;0;0;16;2;0;13;4;2;0;0;0;0;4;0;1;1;2;0;0;0;0;0;0;1;0;0;48;3;10;6;85;4;2;3;0;0;2;3;2;0;0;0;0;0;1;1;52;0;0;1;1;1;0;1;1;1;1;0;1;1;0;1;0;0;0;0;1;0;0;0;0;0;0;0;0;0;0;0;0;0;0;0;0;0;0;0;0;0;0;0
2;"Centrum Informacji Turystycznej, pl. Plac Basztowy 4A, 48-340 Głuchołazy";160701;"gm. Głuchołazy";"nyski";"opolskie";1;1;2;1;1;0;0;1;1;1;2;0;0;1;0;1;1;0;0;0;0;0;0;0;0;3;30;5;6;24;5;6;2;1;0;1;1;6;0;0;2;2;2;0;0;1;0;0;1;0;34;3;6;6;0;4;2;0;21;0;0;2;1;3;0;1;2;0;1;1;1;2;0;0;83;38;76;31;6;1;0;2;0;70;2;2;1;1;0;1;3;1;25;5;3;4;0;0;14;6;1;20;3;1;1;1;1;2;0;0;1;0;1;0;0;0;0;0;1;3;0;1;96;5;21;5;115;4;3;0;3;0;1;1;1;2;1;2;0;1;2;3;49;2;0;6;3;0;0;0;0;0;0;0;4;1;0;0;1;1;2;0;1;0;0;0;0;0;0;0;0;0;0;0;1;0;0;0;0;0;0;0;0;0;0;0
3;"Publiczna Szkoła Podstawowa Nr 2 im. Józefa Wybickiego, sala Nr 6, ul. Kraszewskiego 30, 48-340 Głuchołazy";160701;"gm. Głuchołazy";"nyski";"opolskie";1;1;4;3;0;1;0;0;0;2;2;1;0;1;0;1;0;0;2;0;0;0;0;0;0;1;55;5;8;23;11;5;0;0;3;0;1;7;0;1;0;1;3;1;2;0;1;1;1;0;43;6;6;1;2;3;2;0;11;0;0;1;1;3;0;2;3;0;0;0;0;1;0;1;122;30;83;50;10;9;1;1;1;84;3;0;1;1;1;0;0;0;27;1;1;0;2;0;12;3;2;10;1;4;1;2;1;0;0;1;1;0;0;0;0;0;0;0;0;2;0;0;126;14;28;5;167;4;1;3;2;1;0;0;1;1;0;0;0;0;3;0;56;0;1;9;2;2;0;1;0;1;0;2;3;1;0;0;0;0;0;1;0;0;0;0;0;0;0;0;0;0;0;0;0;0;1;0;0;0;0;0;0;0;0;0
4;"Publiczna Szkoła Podstawowa Nr 2 im. Józefa Wybickiego, sala nr 8, ul. Kraszewskiego 30, 48-340 Głuchołazy";160701;"gm. Głuchołazy";"nyski";"opolskie";1;1;1;2;1;0;0;0;3;1;1;1;2;0;0;2;0;1;1;2;0;0;0;1;0;0;46;8;10;17;15;10;4;2;1;2;0;7;0;2;0;0;5;1;0;0;3;2;0;0;72;4;4;3;0;1;6;4;6;1;3;1;1;7;0;1;2;1;1;0;0;2;0;1;125;25;105;67;8;8;3;0;2;63;0;0;0;0;0;0;0;0;58;0;0;0;0;3;34;4;3;20;2;4;1;1;1;1;0;0;1;1;0;0;0;0;1;1;0;4;1;0;137;16;57;5;172;4;4;1;4;0;8;0;1;0;0;5;0;0;0;4;96;3;0;11;4;0;2;1;0;0;1;0;7;1;0;0;0;3;0;0;1;0;0;0;0;0;0;0;0;0;0;1;0;0;0;0;0;0;0;0;0;0;0;0
5;"Publiczna Szkoła Podstawowa Nr 3 w Głuchołazach, ul. Słowackiego 1, 48-340 Głuchołazy";160701;"gm. Głuchołazy";"nyski";"opolskie";1;1;3;1;0;0;0;1;0;1;2;0;0;0;0;1;0;0;1;0;1;0;0;0;0;0;77;17;6;25;3;5;0;0;0;1;0;7;1;1;0;0;2;2;2;1;2;0;1;2;40;3;5;4;0;1;2;2;10;0;1;0;3;1;1;1;0;1;1;1;0;0;2;1;133;35;93;62;12;7;3;0;0;40;1;0;0;1;0;0;1;0;27;0;0;1;0;0;23;4;3;19;1;5;1;2;0;0;2;1;1;0;5;0;0;0;0;2;1;1;0;0;128;12;24;8;182;4;0;3;3;0;0;0;1;0;0;1;1;0;1;0;94;0;0;12;4;1;1;1;0;0;0;0;2;1;0;0;0;0;0;2;0;0;2;0;0;0;0;0;0;0;0;0;3;0;0;0;0;0;0;0;0;0;0;0
6;"Centrum Kultury, ul. Bohaterów Warszawy 7, 48-340 Głuchołazy";160701;"gm. Głuchołazy";"nyski";"opolskie";1;1;3;2;1;0;0;0;0;0;1;0;0;0;0;1;0;0;0;0;1;0;0;0;1;1;33;11;3;7;6;4;0;1;2;1;1;2;3;0;0;0;3;2;0;2;1;1;1;3;34;2;4;3;1;0;2;0;5;0;0;0;2;0;1;0;2;0;0;0;0;1;0;1;81;28;78;37;4;9;0;2;1;54;2;0;0;4;0;0;1;0;36;1;2;1;0;0;23;3;2;12;2;3;0;2;1;3;0;1;0;0;1;0;0;0;0;1;0;1;0;1;75;10;16;2;103;3;1;3;2;1;3;0;3;0;1;0;1;0;0;1;55;0;0;3;5;0;1;1;1;0;4;1;1;0;0;0;0;0;0;0;0;0;0;0;0;0;0;0;0;0;0;0;0;0;0;0;0;0;0;0;0;0;0;0
7;"Świetlica Wiejska, Konradów 51, 48-340 Głuchołazy";160701;"gm. Głuchołazy";"nyski";"opolskie";1;1;4;1;2;0;2;0;0;0;0;0;0;0;0;0;0;0;0;1;0;0;0;0;0;0;25;9;3;22;2;1;0;0;0;1;0;3;0;0;0;0;2;0;1;0;0;0;2;2;16;4;5;1;0;1;0;0;1;1;0;2;1;0;0;2;0;0;0;0;0;0;0;0;59;13;84;7;2;3;0;0;1;34;0;1;0;0;0;0;0;0;4;0;0;0;1;0;20;3;1;11;0;0;0;0;0;0;0;0;3;1;1;0;0;0;1;0;0;1;1;0;43;5;24;1;49;4;4;0;0;0;3;1;0;0;0;1;0;0;0;0;37;0;0;3;1;1;1;0;0;0;0;0;0;0;0;0;0;0;0;1;0;0;0;0;0;1;0;0;0;0;0;0;0;0;0;0;0;0;0;0;0;0;0;0
8;"Publiczna Szkoła Podstawowa Stowarzyszenia Edukacyjnego ""Przyjazna szkoła"", Gierałcice 154, 48-340 Głuchołazy";160701;"gm. Głuchołazy";"nyski";"opolskie";1;1;1;1;0;0;0;2;1;1;1;0;0;0;0;0;0;0;0;0;0;0;0;0;0;1;16;0;7;13;2;2;0;0;1;1;3;3;0;1;0;2;0;2;0;0;1;0;0;0;7;2;2;1;0;1;0;2;3;0;1;0;1;1;0;1;1;1;0;0;0;0;0;1;46;20;37;21;1;5;0;0;1;34;0;0;0;0;0;0;0;0;27;0;0;0;0;0;6;2;4;7;2;5;0;0;0;1;2;0;0;2;1;0;1;0;0;0;0;0;0;0;27;1;2;1;48;2;1;1;0;0;3;3;1;0;0;1;0;0;0;0;15;0;0;0;0;0;2;0;0;0;0;0;0;2;1;0;0;0;0;0;1;0;0;0;0;0;0;0;0;0;0;0;0;0;0;0;0;0;0;0;0;0;0;0
9;"Publiczna Szkoła Podstawowa Stowarzyszenia Rozwoju Wsi, Burgrabice 140, 48-355 Burgrabice";160701;"gm. Głuchołazy";"nyski";"opolskie";1;1;0;0;0;0;0;0;0;0;0;0;1;0;0;2;0;0;0;0;0;0;0;0;0;0;12;0;4;14;0;0;0;0;0;0;0;1;0;0;0;0;0;0;0;0;0;0;1;0;8;1;2;0;0;0;0;0;1;0;1;0;0;4;1;0;0;1;0;0;1;0;0;0;27;12;20;12;2;1;1;0;0;11;1;0;0;1;1;0;0;0;11;0;1;0;0;2;8;2;0;5;0;1;0;2;0;0;2;1;0;0;0;0;0;0;0;0;0;3;0;1;37;5;6;1;39;5;1;3;1;0;1;1;1;0;0;2;0;0;0;1;7;0;0;1;1;0;0;0;0;0;0;0;0;0;0;0;0;0;0;2;1;0;0;0;0;0;0;0;0;0;0;0;1;0;0;0;0;0;0;0;0;0;0;0
10;"Świetlica Wiejska, Biskupów 71, 48-355 Burgrabice";160701;"gm. Głuchołazy";"nyski";"opolskie";1;1;0;0;0;2;0;1;1;1;0;0;0;1;0;0;1;1;0;0;0;0;0;0;1;0;5;2;4;9;1;3;0;1;2;2;0;5;2;0;0;0;3;0;2;0;1;1;0;0;7;0;1;0;0;1;0;0;2;0;0;0;1;0;0;0;1;0;3;0;0;2;0;1;28;32;21;18;1;2;1;0;3;27;1;0;0;0;0;0;0;0;13;1;1;1;0;0;11;0;0;1;0;1;1;2;1;0;0;0;0;0;1;0;0;0;0;0;0;0;0;0;33;0;3;4;31;2;1;1;0;0;1;0;0;1;0;2;0;2;0;0;7;0;0;3;1;0;0;1;0;0;0;1;0;0;0;0;0;0;0;0;0;0;0;0;0;0;0;0;0;0;0;0;0;0;0;0;1;0;0;0;0;0;0;0
11;"Świetlica Wiejska, Polski Świętów 60b, 48-330 Nowy Świętów";160701;"gm. Głuchołazy";"nyski";"opolskie";1;1;3;2;0;0;0;0;1;0;0;1;0;0;0;2;0;0;0;0;0;1;0;0;0;0;10;1;3;15;1;2;1;0;0;0;0;2;1;2;1;0;3;0;1;0;0;0;1;2;6;2;1;2;0;0;1;0;1;0;0;1;0;0;0;1;0;0;0;0;0;1;2;0;30;16;46;17;3;4;0;1;0;15;1;0;0;0;0;0;1;0;68;0;1;1;0;1;9;1;0;3;0;1;0;1;0;0;0;0;0;0;0;0;0;0;0;0;0;1;0;0;10;2;3;0;36;1;2;2;0;0;1;0;1;1;1;4;0;0;0;0;5;0;1;5;2;0;1;0;0;1;1;0;4;0;0;0;0;0;0;1;0;0;0;0;0;0;0;0;0;0;0;0;0;0;0;0;0;0;0;0;0;0;0;0
12;"Publiczna Szkoła Podstawowa, Nowy Świętów 65, 48-330 Nowy Świętów";160701;"gm. Głuchołazy";"nyski";"opolskie";1;1;1;0;1;0;0;0;0;0;0;0;0;0;0;0;1;0;0;0;0;0;0;0;0;1;14;2;1;10;2;0;0;0;1;1;1;1;0;0;0;0;0;1;3;0;0;0;0;1;8;4;0;0;0;0;1;0;1;0;0;0;1;1;0;2;0;0;0;0;0;1;0;0;31;4;16;15;8;0;1;0;0;10;0;0;0;0;0;0;0;0;131;0;0;1;1;1;9;1;0;4;1;2;0;2;0;0;0;0;1;0;0;0;0;0;0;0;0;0;0;0;25;2;3;2;36;2;1;4;0;0;0;0;0;0;0;0;0;0;0;0;14;0;0;1;0;1;0;0;1;0;1;1;0;0;0;0;0;0;0;0;0;0;0;0;0;0;0;0;0;0;0;0;0;0;0;1;0;0;0;0;0;0;0;0
13;"Świetlica Wiejska, Charbielin 27, 48-340 Głuchołazy";160701;"gm. Głuchołazy";"nyski";"opolskie";1;1;2;1;0;1;0;1;0;0;0;0;0;0;0;0;0;0;0;0;2;0;0;0;1;0;20;2;5;5;2;1;1;0;0;0;1;4;0;0;0;1;2;1;0;0;1;1;0;0;18;2;0;0;0;1;0;0;3;0;1;1;0;1;0;0;0;0;2;0;0;1;0;0;44;12;47;12;5;2;1;0;2;19;0;0;0;0;0;0;0;1;20;0;0;0;1;1;9;3;0;6;1;1;1;0;0;1;1;0;0;0;0;0;0;0;0;0;0;0;0;0;27;0;15;3;31;3;2;4;2;1;0;1;0;1;0;0;0;2;1;0;19;0;0;11;4;0;0;0;0;0;0;0;1;0;0;0;0;0;0;0;1;0;0;0;0;0;0;0;0;0;0;0;0;0;0;0;0;0;0;0;0;0;0;0
14;"Publiczna Szkoła Podstawowa, Bodzanów 83, 48-340 Głuchołazy";160701;"gm. Głuchołazy";"nyski";"opolskie";1;1;5;3;0;1;0;2;1;0;0;0;0;0;0;1;0;0;1;0;0;0;1;0;0;0;22;6;5;8;7;6;3;0;3;0;1;9;0;2;0;1;6;0;3;0;0;0;1;0;21;2;1;1;0;0;4;1;4;2;1;0;0;0;0;3;0;2;1;0;0;1;1;0;88;30;67;24;5;0;1;0;1;33;0;0;1;1;0;1;0;1;79;1;2;0;0;0;20;4;3;12;1;4;1;0;0;0;0;0;3;2;0;0;0;0;0;0;0;3;0;1;62;6;10;1;86;3;0;1;0;1;0;1;1;0;0;2;0;1;1;0;30;1;0;6;3;0;1;0;1;0;1;0;1;0;1;0;0;0;0;0;0;0;0;0;0;0;0;0;0;0;0;0;0;0;0;0;0;0;0;0;0;0;0;0
15;"Publiczna Szkoła Podstawowa Stowarzyszenia Rozwoju Wsi Jarnołtówek, Jarnołtówek 109, 48-267 Jarnołtówek";160701;"gm. Głuchołazy";"nyski";"opolskie";1;1;0;0;0;0;0;0;1;0;0;0;0;0;1;2;0;0;0;0;0;0;1;0;0;0;32;7;8;14;8;3;0;0;1;0;1;2;0;1;0;1;3;2;2;0;2;0;0;3;13;1;3;2;0;0;6;0;1;0;0;4;0;0;0;0;1;0;0;0;0;0;0;1;42;20;100;9;5;2;1;0;0;13;0;0;1;0;0;0;0;1;9;1;0;0;0;2;18;2;1;2;3;2;0;2;0;0;3;0;0;0;0;0;0;0;0;0;0;0;0;1;85;8;34;3;56;2;4;2;1;0;5;2;3;0;0;0;0;0;0;1;15;1;0;7;5;0;0;0;0;0;0;0;0;1;1;0;0;0;0;0;0;0;0;0;0;0;0;0;0;0;0;0;0;0;0;0;0;0;0;0;0;0;0;2
16;"PSP Stowarzyszenia Rozwoju Wsi Stary Las, Stary Las 56a, 48-340 Głuchołazy";160701;"gm. Głuchołazy";"nyski";"opolskie";1;1;0;1;1;0;0;0;0;0;0;0;0;0;0;1;0;0;0;0;0;0;0;0;1;0;10;1;2;5;1;2;0;0;0;1;0;6;0;0;1;0;3;0;0;0;1;0;1;0;6;1;0;0;0;0;0;0;1;0;0;0;0;0;0;0;0;0;1;0;0;0;0;0;18;20;44;10;1;0;0;0;0;20;0;0;0;1;0;0;0;1;20;0;0;0;0;0;15;2;1;0;1;2;0;0;1;0;0;0;1;0;0;0;0;0;0;1;0;0;0;2;33;2;1;1;23;2;1;0;1;0;1;0;0;0;0;0;1;1;0;1;8;0;0;4;2;0;0;0;0;0;0;0;0;1;0;0;1;0;0;0;0;0;0;0;0;0;0;1;0;0;0;0;0;0;0;0;0;0;0;0;0;0;0;0
17;"Świetlica Wiejska w Nowym Lesie, Nowy Las 43, 48-340 Nowy Las";160701;"gm. Głuchołazy";"nyski";"opolskie";1;1;0;0;0;0;0;1;0;0;0;0;0;0;0;0;0;0;0;0;0;0;0;0;0;0;3;0;2;8;0;0;0;0;0;0;0;2;0;0;0;0;0;0;0;0;0;0;0;0;2;1;0;0;0;0;0;0;0;0;0;0;0;0;0;0;0;0;0;0;0;0;0;0;18;12;59;13;1;1;0;0;0;11;2;0;0;0;0;0;0;0;29;0;0;0;0;0;5;1;0;2;0;3;0;0;0;0;1;1;0;1;0;0;0;0;0;0;0;0;0;1;12;1;2;0;17;1;0;2;0;0;0;0;0;1;0;0;0;0;0;0;11;0;0;0;0;0;0;0;0;0;0;0;2;0;0;0;0;0;0;0;0;0;0;0;0;0;0;0;0;0;0;0;0;0;0;0;0;0;0;0;0;0;0;0
18;"Świetlica Wiejska w Sławniowicach, Sławniowice 49, 48-355 Sławniowice";160701;"gm. Głuchołazy";"nyski";"opolskie";1;1;0;0;0;0;0;2;0;0;0;0;0;0;0;1;0;0;0;1;0;1;0;0;0;0;8;6;1;4;0;1;0;2;1;0;0;0;1;0;0;1;2;0;1;0;0;0;0;0;11;0;0;2;1;0;0;0;0;0;0;0;0;2;0;1;0;0;0;0;0;2;0;1;32;11;20;8;4;0;0;0;0;9;0;0;0;0;2;0;0;0;8;0;0;0;0;1;0;5;1;3;0;1;0;0;0;0;0;0;0;0;1;0;0;0;0;0;0;1;2;0;10;1;3;0;18;0;0;0;1;0;0;0;0;0;0;0;0;0;0;0;4;0;0;5;0;1;0;0;0;0;0;0;0;0;0;0;0;0;0;0;0;0;0;0;0;0;0;0;0;0;1;0;0;0;0;0;0;0;0;0;0;0;0;0
19;"Świetlica Wiejska w Wilamowicach Nyskich, Wilamowice Nyskie 21, 48-330 Wilamowice Nyskie";160701;"gm. Głuchołazy";"nyski";"opolskie";1;1;1;0;0;0;0;0;0;0;0;0;0;0;0;0;0;0;0;0;0;0;0;0;0;0;5;0;0;3;0;1;0;0;0;0;0;0;0;0;0;0;2;0;0;0;0;0;0;0;1;0;0;0;0;0;0;0;0;0;0;0;0;0;0;0;0;0;0;0;0;0;0;0;14;3;3;2;3;1;0;0;0;2;0;0;0;0;0;0;0;0;26;0;0;0;0;0;5;1;0;1;0;3;0;0;0;0;0;0;0;0;0;0;0;0;0;0;0;0;0;0;6;1;0;0;9;0;0;0;5;0;0;0;0;0;0;1;0;0;0;0;1;0;0;0;0;0;0;0;0;0;0;0;0;0;0;0;0;0;0;0;0;0;0;0;0;0;0;0;0;0;0;0;0;0;0;0;0;0;0;0;0;0;0;0
20;"Szpital Nr 1 Samodzielny Publiczny Zakład Opieki Zdrowotnej Zespół Opieki Zdrowotnej, ul. Curie-Skłodowskiej 16, 48-340 Głuchołazy";160701;"gm. Głuchołazy";"nyski";"opolskie";1;1;0;0;0;0;0;0;0;0;0;0;0;0;0;0;0;0;0;0;0;0;0;0;0;0;0;0;0;0;0;0;0;0;0;0;0;0;0;0;0;0;0;0;0;0;0;0;0;0;0;0;0;0;0;0;1;0;0;0;1;0;0;0;0;0;0;0;0;0;0;0;0;0;2;2;5;0;0;0;0;0;2;2;0;1;0;0;0;0;1;0;3;0;0;0;0;0;0;0;0;0;0;0;0;0;0;0;0;0;0;0;0;0;0;0;0;0;0;0;0;0;4;0;0;0;2;0;0;1;0;0;0;0;1;0;0;0;0;0;0;0;5;0;0;1;0;0;0;0;0;0;0;0;0;0;0;0;0;0;0;0;0;0;0;0;0;0;0;0;0;0;0;0;0;0;0;0;0;0;0;0;0;0;0;0
21;"Szpital Nr 2 Samodzielny Publiczny Zakład Opieki Zdrowotnej Zespół Opieki Zdrowotnej, ul. Lompy 2, 48-340 Głuchołazy";160701;"gm. Głuchołazy";"nyski";"opolskie";1;1;0;0;0;0;1;0;1;0;1;0;0;0;0;0;0;0;0;0;0;0;0;0;0;2;3;0;0;0;0;0;0;0;0;0;0;0;0;0;0;0;0;0;0;0;0;0;0;0;3;0;0;0;0;0;1;1;0;0;0;0;1;0;1;0;0;0;0;0;0;0;0;0;18;4;2;5;5;1;0;0;0;1;0;0;0;0;1;0;0;0;0;1;0;0;0;0;0;0;0;0;0;0;0;0;1;0;0;0;0;0;0;0;0;0;0;0;0;0;0;1;11;4;2;0;2;0;0;0;0;0;0;0;0;0;0;2;0;0;0;0;5;0;0;0;1;0;0;0;0;0;0;0;0;0;0;0;0;0;0;0;0;0;1;0;0;0;0;0;0;0;0;0;0;0;0;0;0;0;0;0;0;0;0;0
22;"Zakład Opiekuńczo-Leczniczy Samodzielny Publiczny Zakład Opieki Zdrowotnej w Głuchołazach, ul. Parkowa 9, 48-340 Głuchołazy";160701;"gm. Głuchołazy";"nyski";"opolskie";1;1;0;0;0;0;0;0;0;0;0;0;0;0;0;0;0;0;0;0;0;0;0;0;0;0;0;0;0;0;0;0;0;0;0;0;0;0;0;0;0;1;0;0;0;0;0;0;0;0;1;0;0;0;0;0;0;0;0;0;0;0;0;0;0;0;0;0;0;0;0;0;0;0;2;0;0;0;0;0;0;0;0;0;0;0;0;0;0;0;0;0;0;0;0;0;0;1;0;0;0;0;0;0;0;0;0;0;0;0;0;0;0;0;0;0;0;0;0;0;0;0;0;0;0;0;4;0;0;0;0;0;0;0;0;0;0;0;0;0;0;0;1;0;0;0;0;0;0;0;0;0;0;0;0;0;0;0;0;0;0;0;0;0;0;0;0;0;0;0;0;0;0;0;0;0;0;0;0;0;0;0;0;0;0;0
23;"Samodzielny Publiczny Zakład Opieki Zdrowotnej Szpital Specjalistyczny MSWiA w Głuchołazach im. św. Jana Pawła II, ul. Karłowicza 40, 48-340 Głuchołazy";160701;"gm. Głuchołazy";"nyski";"opolskie";1;1;0;1;0;0;0;0;0;0;0;0;0;0;0;0;0;0;0;0;0;0;0;0;0;0;2;1;0;0;0;0;0;0;0;0;0;1;0;0;0;0;0;0;0;0;0;0;0;0;4;0;0;0;0;0;0;0;0;0;0;0;0;0;0;0;1;0;0;0;0;0;0;0;38;16;7;7;1;2;0;0;3;1;0;0;0;0;0;0;0;0;2;0;1;2;0;0;2;0;1;0;0;0;0;0;1;0;0;0;0;0;0;0;0;0;0;0;0;0;0;0;20;5;3;0;5;3;1;0;0;0;0;0;0;0;0;0;1;0;1;0;7;0;0;2;0;0;0;1;0;0;2;0;0;0;0;0;0;0;0;0;1;0;0;0;0;0;0;0;0;0;0;0;0;1;0;0;0;0;0;0;0;0;0;1
1;"Szkoła Podstawowa, ul. 1 Maja 28, 48-388 Kamiennik";160702;"gm. Kamiennik";"nyski";"opolskie";1;1;1;0;0;0;0;0;0;1;0;1;0;0;0;0;0;0;0;1;1;0;0;0;1;0;12;0;4;16;3;2;1;0;1;1;1;1;0;1;1;0;1;1;1;0;0;0;0;0;13;5;0;2;0;0;0;0;0;0;1;0;0;1;2;0;0;0;0;0;0;0;0;0;69;49;58;10;4;2;2;5;3;1;0;0;0;0;0;1;1;0;0;0;1;0;2;0;14;0;3;4;0;0;0;1;0;1;0;0;1;0;3;0;0;0;0;0;0;0;0;0;43;1;3;1;17;0;0;1;1;0;0;0;0;0;0;2;0;0;0;0;0;0;0;0;2;0;0;1;0;0;0;0;0;0;0;0;0;0;0;0;0;0;0;0;0;0;0;0;0;0;0;0;0;0;0;0;0;0;0;0;0;0;0;0
2;"Zespół Szkolno-Przedszkolny, Lipniki 109, 48-388 Kamiennik";160702;"gm. Kamiennik";"nyski";"opolskie";1;1;1;0;0;0;0;0;0;0;1;0;1;0;0;0;0;0;0;0;0;0;0;0;0;0;4;0;1;11;1;0;0;0;0;0;1;1;0;0;1;0;0;1;0;0;2;0;0;0;13;5;2;1;0;1;0;0;0;0;1;0;0;0;0;0;0;0;0;0;0;1;0;0;48;59;49;13;4;2;4;1;1;1;0;0;0;0;0;0;0;0;0;0;0;3;3;0;11;3;1;0;0;2;1;0;0;0;0;0;0;0;0;0;0;0;0;0;0;2;0;0;19;0;0;0;9;0;0;1;1;0;0;1;0;0;0;0;0;0;0;0;0;0;1;0;1;0;0;1;0;0;0;0;0;0;0;0;0;0;0;0;0;0;0;0;0;0;0;0;0;0;0;0;0;0;0;0;0;0;0;0;0;0;0;0
3;"Zespół Szkolno-Przedszkolny, Karłowice Wielkie 52, 48-388 Kamiennik";160702;"gm. Kamiennik";"nyski";"opolskie";1;1;0;1;1;0;0;0;0;0;0;1;0;0;0;0;0;0;0;0;1;0;0;0;0;0;13;3;2;22;1;2;1;1;0;0;0;0;0;1;1;1;1;0;0;0;1;1;0;1;7;1;4;2;0;1;1;1;1;0;0;0;1;4;0;0;0;1;1;0;0;0;0;0;45;65;53;21;7;3;3;12;9;1;0;0;0;0;0;1;0;0;0;1;1;0;1;0;6;3;2;5;1;9;2;0;1;4;1;0;2;0;1;1;0;0;1;0;0;3;0;0;25;6;8;0;23;3;1;2;2;0;2;1;0;0;0;0;0;0;0;0;0;0;0;6;2;0;0;1;0;0;1;0;0;0;0;0;1;0;1;0;1;0;0;0;0;0;0;0;0;0;0;0;0;0;0;0;0;0;0;0;0;0;0;0
4;"Świetlica Wiejska, Szklary 132a, 48-388 Kamiennik";160702;"gm. Kamiennik";"nyski";"opolskie";1;1;3;1;2;0;0;0;0;0;1;0;0;0;0;0;0;0;0;0;0;0;0;0;0;0;4;1;1;14;0;0;0;0;0;1;0;0;0;0;0;1;0;0;0;0;1;0;0;0;8;2;1;0;0;1;1;0;1;1;0;0;0;0;0;1;0;0;0;0;0;0;0;0;42;39;25;17;2;1;0;0;4;1;0;2;0;0;1;0;1;0;0;0;1;0;0;0;4;1;0;1;0;4;0;1;0;0;0;0;0;0;1;0;0;0;0;0;0;0;0;0;22;6;4;1;15;0;0;0;0;0;0;0;1;0;0;0;0;0;0;0;1;1;0;1;1;0;0;0;0;0;0;0;0;0;0;0;0;0;0;0;0;0;0;0;0;0;0;0;0;0;0;0;0;0;1;0;0;0;0;0;0;0;0;0
5;"Świetlica Wiejska, Goworowice 55, 48-388 Kamiennik";160702;"gm. Kamiennik";"nyski";"opolskie";1;1;0;0;0;0;0;0;0;0;0;0;0;0;0;0;0;0;0;0;0;0;0;0;0;0;1;0;0;11;1;0;0;0;0;0;1;0;0;1;0;0;0;0;0;0;0;1;0;2;2;0;0;1;0;0;0;0;0;0;0;0;0;0;0;0;0;0;0;0;0;1;0;0;20;27;24;3;0;1;2;0;1;0;0;1;0;0;0;0;0;1;1;0;0;0;0;1;10;1;0;1;2;4;1;0;0;0;2;0;0;0;1;0;0;0;0;0;0;0;0;0;28;1;1;2;11;1;0;0;0;0;0;0;0;0;0;0;1;0;0;0;0;0;0;1;1;0;0;0;0;0;0;0;0;0;0;0;0;0;0;0;1;0;0;0;0;0;0;0;0;0;0;0;0;0;0;0;0;0;0;0;0;0;0;0
1;"Miejsko-Gminny Ośrodek Kultury Sportu i Rekreacji, pl. Rynek 10, 48-317 Korfantów";160703;"gm. Korfantów";"nyski";"opolskie";1;1;5;0;2;0;0;0;0;0;1;1;0;0;0;1;0;0;1;0;0;0;0;0;0;1;27;12;2;14;5;8;0;1;0;0;2;5;0;0;1;2;0;0;0;0;2;0;1;2;27;3;1;2;2;3;4;1;3;0;0;0;1;1;0;0;0;1;0;0;0;2;1;0;133;74;99;29;10;22;41;0;5;2;2;0;1;2;0;1;0;1;3;1;0;0;0;0;33;5;1;8;2;0;2;0;2;0;1;0;0;1;1;3;0;0;0;1;0;3;0;3;74;31;35;2;43;8;4;5;4;0;9;2;3;0;0;2;0;1;0;0;1;0;0;10;5;2;1;2;1;2;3;0;1;5;1;0;0;0;1;1;0;0;0;0;0;0;0;1;0;0;0;0;0;0;0;0;1;0;0;0;0;0;0;0
2;"Szkoła Podstawowa Nr 2 im. Czesława Niemena, ul. Adama Mickiewicza 1, 48-317 Korfantów";160703;"gm. Korfantów";"nyski";"opolskie";1;1;2;1;0;0;0;0;0;1;0;2;0;1;0;0;0;0;0;0;0;0;0;0;0;0;7;4;1;13;0;1;0;1;0;2;0;1;0;0;0;0;2;0;2;0;0;0;0;0;7;0;1;0;0;0;0;1;0;0;0;0;0;1;0;1;0;0;0;0;0;0;0;0;52;37;78;13;5;9;14;0;2;0;1;0;0;2;0;0;0;0;0;0;1;0;0;0;22;1;1;4;1;6;1;0;2;0;2;0;0;0;2;0;0;0;0;0;0;1;1;2;15;6;10;0;10;0;2;3;0;0;3;1;0;0;0;0;0;0;0;0;0;0;0;3;4;1;0;0;1;0;0;0;1;0;1;0;0;0;0;0;0;0;0;0;0;0;0;0;0;0;1;0;0;0;0;0;0;0;0;0;0;0;0;0
3;"Świetlica Wiejska, Kuźnica Ligocka 29, 48-317 Korfantów";160703;"gm. Korfantów";"nyski";"opolskie";1;1;0;0;0;0;0;0;0;0;1;0;0;0;0;1;0;0;0;0;0;0;0;0;0;0;2;2;0;1;2;1;0;0;0;0;0;0;0;0;0;0;1;0;0;0;0;0;0;0;6;2;0;0;0;0;0;0;0;0;0;0;0;0;0;0;0;0;0;1;0;0;0;0;16;11;19;4;2;1;5;0;0;1;0;0;1;0;0;0;1;0;1;0;0;0;0;0;2;0;0;0;1;0;1;0;0;1;0;0;0;0;0;0;0;0;0;0;0;0;0;0;11;1;4;0;0;1;0;0;0;0;1;0;1;0;0;0;0;0;0;0;0;0;0;5;0;2;0;2;0;0;0;0;0;0;0;0;0;0;1;0;6;0;0;0;0;0;0;1;0;0;0;0;0;0;0;0;0;1;0;0;0;0;0;0
4;"Zespół Szkolno-Przedszkolny, Przechód 239, 48-317 Korfantów";160703;"gm. Korfantów";"nyski";"opolskie";1;1;0;0;1;0;0;0;1;0;0;1;0;0;0;0;0;0;0;0;0;0;0;0;0;0;5;4;0;2;0;2;0;0;0;0;0;0;0;0;0;0;0;1;0;0;0;0;0;0;4;0;0;0;0;0;2;1;1;0;0;3;0;0;0;0;0;1;0;0;0;0;0;0;16;11;13;6;9;3;55;0;0;0;0;0;0;0;0;1;0;0;1;0;0;0;0;0;13;1;1;0;0;0;1;0;2;0;1;1;0;0;1;1;0;0;0;0;0;0;0;1;17;7;14;1;2;0;0;3;1;0;0;0;0;0;0;0;0;0;1;0;0;0;0;11;4;0;0;0;1;0;0;0;0;4;0;0;0;0;0;0;23;3;2;1;0;0;0;2;0;0;0;0;0;0;0;0;0;0;0;0;1;0;0;1
5;"Świetlica Wiejska, Rzymkowice 152 a, 48-317 Korfantów";160703;"gm. Korfantów";"nyski";"opolskie";1;1;0;0;0;0;0;0;0;0;0;0;0;0;0;1;0;0;0;0;0;0;0;0;0;0;4;2;2;0;0;0;0;0;0;0;0;1;0;0;0;0;1;1;0;0;0;0;0;0;6;0;0;1;0;1;0;0;0;0;0;0;0;0;0;0;0;0;0;0;0;0;0;0;21;18;13;6;6;2;8;0;0;0;0;0;0;0;0;0;0;0;0;0;0;1;0;0;14;0;1;0;0;0;0;0;0;0;0;0;0;0;0;1;0;0;0;0;0;0;0;0;5;1;8;0;5;0;0;2;0;0;1;3;0;0;0;0;0;9;0;0;0;0;0;2;1;0;0;0;2;0;0;0;0;0;0;0;0;2;0;0;30;3;1;1;0;1;4;3;0;0;1;0;0;0;0;0;0;0;0;0;0;1;0;1
6;"Świetlica Wiejska, Przydroże Małe 53, 48-325 Korfantów";160703;"gm. Korfantów";"nyski";"opolskie";1;1;2;0;0;0;0;0;1;0;1;0;0;0;0;0;0;0;0;0;0;0;0;0;0;0;7;23;0;8;0;1;0;0;0;0;0;2;0;0;0;0;1;0;0;0;0;0;0;0;7;0;0;1;0;0;0;0;0;0;0;0;0;0;0;1;0;0;0;0;0;0;0;0;27;40;25;3;6;1;3;1;0;1;0;0;2;0;0;0;0;0;0;1;3;0;0;0;6;3;0;4;0;0;0;0;0;0;0;0;1;0;0;0;0;0;0;0;0;0;0;0;14;6;1;1;4;1;0;0;0;0;0;0;0;0;0;0;0;0;1;0;1;0;0;0;0;0;0;1;0;0;0;0;0;0;0;0;1;0;0;0;0;0;0;0;0;0;0;0;0;0;0;0;0;0;0;0;0;0;0;0;0;0;0;0
7;"Ścinawski Ośrodek Integracji Społecznej, Ścinawa Mała rynek Rynek 45c, 48-325 Korfantów";160703;"gm. Korfantów";"nyski";"opolskie";1;1;0;0;0;0;0;0;1;1;0;0;0;0;0;0;0;0;0;0;0;0;0;0;2;0;8;6;6;14;0;2;1;0;0;0;0;0;2;0;0;1;1;0;2;0;0;0;0;0;9;1;0;2;0;0;1;0;0;0;0;0;0;0;0;0;1;0;0;0;0;0;0;0;26;47;34;14;5;0;1;0;0;5;0;0;0;0;0;0;0;0;0;0;0;0;0;1;11;2;2;5;2;1;2;0;0;0;0;1;0;0;0;0;0;0;0;0;0;1;0;0;23;5;4;2;11;0;0;1;0;0;1;0;0;0;0;0;0;0;0;1;0;0;0;3;0;0;0;0;0;0;0;0;0;0;0;0;0;0;0;0;0;0;0;0;1;0;0;0;0;0;0;0;0;0;0;0;0;0;0;0;0;0;0;0
8;"Wiejski Dom Kultury, Ścinawa Nyska ul. Nyska 21, 48-325 Korfantów";160703;"gm. Korfantów";"nyski";"opolskie";1;1;1;1;0;0;0;0;1;0;0;0;0;0;0;0;0;0;0;0;0;0;0;0;0;0;7;3;0;15;0;0;1;0;0;0;0;3;0;0;1;1;1;0;0;0;0;0;0;0;8;1;0;0;0;0;1;1;0;0;0;2;0;1;0;0;0;0;0;0;0;0;0;0;27;31;30;6;0;3;5;0;0;0;0;0;0;0;0;0;0;0;1;0;1;0;0;1;10;7;4;1;3;0;0;0;0;0;0;0;0;1;2;0;0;0;0;0;0;0;1;1;14;5;4;0;7;1;0;0;1;0;2;0;0;0;0;0;0;0;0;0;0;0;0;0;1;2;0;0;0;0;0;1;0;0;0;0;0;1;0;0;0;0;0;0;0;0;0;0;0;0;0;0;0;0;0;0;0;0;0;0;0;0;0;0
9;"Szkoła Podstawowa, Włodary ul. Szkolna 1, 48-317 Korfantów";160703;"gm. Korfantów";"nyski";"opolskie";1;1;2;1;0;0;0;0;1;0;0;0;0;0;0;0;0;0;0;0;0;0;0;0;0;0;9;1;0;5;1;5;0;0;0;0;0;1;0;0;0;0;1;1;0;0;0;0;0;0;5;3;1;1;0;1;0;0;0;0;0;0;0;0;0;0;1;1;1;0;0;0;0;0;22;23;166;5;1;3;12;0;0;1;0;0;0;0;0;0;0;0;0;1;0;0;0;1;10;0;0;3;0;0;0;0;1;1;0;0;1;2;2;0;0;0;0;0;0;1;0;0;15;1;2;1;20;1;0;0;0;0;2;0;0;0;0;0;1;0;0;1;0;0;0;1;1;1;0;0;0;0;0;0;0;0;0;0;0;0;0;3;0;0;0;0;0;0;0;0;1;0;0;0;0;0;0;0;0;0;0;0;0;0;0;0
10;"Świetlica Wiejska w Borku, Borek 54, 48-317 Korfantów";160703;"gm. Korfantów";"nyski";"opolskie";1;1;0;1;0;0;0;0;0;0;0;0;0;0;0;0;0;0;0;0;0;0;0;0;0;0;1;3;2;1;0;6;0;0;0;0;0;0;0;0;0;0;0;0;0;0;0;0;0;0;1;0;0;0;0;0;0;0;0;0;0;0;0;0;1;0;0;0;0;0;0;0;0;0;5;7;4;4;2;1;12;0;0;0;0;0;0;1;0;0;0;0;0;0;0;0;0;0;4;1;0;0;0;0;0;0;0;0;0;0;0;0;0;0;0;0;0;0;0;0;0;0;5;1;2;0;4;0;1;0;1;0;0;1;1;0;0;0;0;1;0;0;0;1;0;1;3;0;0;1;0;0;0;0;0;0;0;0;0;0;0;0;3;0;1;0;0;1;0;1;0;1;0;0;0;1;1;0;0;0;0;1;0;0;0;0
11;"Świetlica Wiejska w Gryżowie, Gryżów 35a, 48-325 Ścinawa Mała";160703;"gm. Korfantów";"nyski";"opolskie";1;1;0;0;0;0;0;0;0;0;0;0;1;0;0;0;0;0;0;0;0;0;0;0;0;0;2;5;0;4;0;1;0;0;0;0;0;2;1;2;0;0;1;0;1;0;0;0;0;0;2;0;0;1;0;0;0;0;0;0;1;0;0;0;0;0;0;1;1;0;0;0;0;0;18;14;22;4;4;1;2;1;1;0;0;0;1;0;0;0;0;0;2;0;0;0;0;0;3;1;3;3;0;2;0;0;0;1;0;0;0;0;1;0;0;0;0;3;0;0;0;0;4;4;2;0;12;0;0;1;0;0;1;0;0;0;0;0;1;0;0;0;0;0;0;1;1;0;0;0;1;0;0;0;0;0;0;0;0;0;0;0;0;0;0;0;1;0;0;0;0;0;0;0;0;0;0;0;0;0;0;0;0;0;0;0
12;"Świetlica Wiejska w Puszynie, Puszyna 78, 48-317 Korfantów";160703;"gm. Korfantów";"nyski";"opolskie";1;1;1;0;0;0;0;0;1;0;0;0;1;0;0;0;0;0;0;0;0;0;0;0;0;0;2;2;1;7;0;2;0;0;1;0;0;1;0;0;0;0;0;0;0;0;1;0;0;0;0;0;0;0;0;0;0;0;0;0;0;0;0;0;0;0;0;0;0;0;0;0;0;0;21;10;28;9;4;7;6;0;0;0;0;0;0;0;0;0;0;0;0;0;0;0;0;0;4;7;1;0;0;2;1;0;1;1;2;0;0;0;3;0;0;0;0;0;0;0;1;1;8;2;9;0;5;2;0;0;2;0;1;1;0;0;0;0;0;0;0;0;0;0;0;1;3;1;0;0;0;0;0;0;0;0;0;0;1;0;1;0;0;0;0;0;0;0;0;1;0;0;2;0;0;0;0;0;0;0;0;0;0;0;0;0
13;"Świetlica Wiejska w Starej Jamce, Stara Jamka 7B, 48-317 Korfantów";160703;"gm. Korfantów";"nyski";"opolskie";1;1;0;0;0;0;0;0;0;0;0;0;0;0;0;0;0;0;0;0;0;0;0;0;0;0;3;0;0;1;0;2;0;0;0;0;0;1;0;0;0;0;0;0;0;0;0;0;0;0;5;1;0;1;0;0;1;1;0;0;0;2;0;0;0;0;0;0;2;0;0;0;0;0;28;14;14;4;4;0;1;0;0;0;0;0;0;0;0;0;0;0;0;1;0;0;0;1;8;0;1;2;2;2;0;0;0;0;0;0;0;0;0;0;0;0;0;0;0;0;0;0;3;2;7;0;5;1;0;0;0;0;1;0;0;1;0;1;1;7;0;0;0;0;0;1;3;1;0;1;1;0;0;0;0;0;0;1;0;0;0;0;7;3;0;0;1;1;0;0;0;0;0;0;0;0;0;0;0;0;0;1;0;0;0;0
14;"Świetlica Wiejska we Węży, Węża 28a, 48-325 Ścinawa Mała";160703;"gm. Korfantów";"nyski";"opolskie";1;1;3;0;1;0;1;0;0;0;1;0;0;0;0;0;0;1;0;0;0;0;0;0;0;0;5;2;5;3;0;2;0;0;0;0;0;0;0;1;0;0;0;0;0;0;0;0;0;0;5;0;0;1;0;0;1;0;0;0;0;0;0;0;0;0;0;0;0;0;0;0;0;0;15;32;22;3;5;2;3;0;1;0;0;0;0;0;0;0;0;0;0;1;0;0;0;0;5;5;0;2;1;0;0;0;0;1;1;0;0;0;0;0;0;0;0;0;0;0;0;0;5;1;1;1;7;0;1;0;0;0;0;0;0;1;1;0;0;0;1;0;0;0;0;1;4;0;0;0;0;0;1;0;0;0;0;0;0;0;0;0;0;0;0;0;0;0;0;0;0;0;0;0;0;0;0;0;0;0;0;0;0;0;0;0
15;"Świetlica Wiejska we Włostowej, Włostowa 74, 48-317 Korfantów";160703;"gm. Korfantów";"nyski";"opolskie";1;1;0;0;1;0;0;0;0;0;1;1;0;0;0;0;0;0;0;0;0;0;0;0;0;0;1;3;1;2;0;0;2;0;0;0;0;0;0;0;0;0;0;0;0;0;0;0;0;1;4;0;0;0;0;0;0;0;0;0;0;0;0;0;0;0;0;0;0;0;0;0;0;0;23;19;13;6;0;4;10;0;1;2;1;0;0;0;0;0;0;0;0;0;1;0;0;1;5;2;0;2;2;0;1;0;0;1;0;2;0;0;0;0;0;0;0;0;0;2;0;0;6;1;6;2;12;1;0;0;2;0;5;1;0;0;0;2;0;0;0;0;0;0;0;2;0;0;0;2;0;0;0;0;0;0;0;0;0;0;0;0;4;0;0;0;0;0;4;0;0;0;0;0;1;0;0;0;0;0;0;0;0;0;0;0
16;"Dom Pomocy Społecznej w Korfantowie ""Maria"", ul. 3 Maja 2, 48-317 Korfantów";160703;"gm. Korfantów";"nyski";"opolskie";1;1;0;0;0;0;1;0;0;0;1;0;0;0;0;0;0;0;0;0;0;0;0;0;0;0;1;1;0;0;0;2;0;0;0;0;0;1;0;0;0;0;0;0;0;0;0;0;0;0;0;0;0;0;0;0;0;0;0;0;0;0;0;0;0;0;0;0;0;0;0;0;0;0;5;0;0;1;0;0;0;1;0;2;0;0;0;0;0;0;0;0;0;0;0;0;0;0;0;0;0;0;0;0;0;0;0;0;0;0;0;0;0;0;0;0;0;0;0;0;0;0;2;0;0;0;0;0;0;0;0;0;0;0;0;0;1;0;0;0;0;0;0;0;0;0;0;0;0;0;0;0;0;0;0;0;0;0;0;0;0;0;0;0;0;0;0;0;0;0;0;0;0;0;0;0;0;0;0;0;0;0;0;0;0;0
17;"Opolskie Centrum Rehabilitacji w Korfantowie, ul. Wyzwolenia 11, 48-317 Korfantów";160703;"gm. Korfantów";"nyski";"opolskie";1;1;0;0;0;0;0;0;1;0;0;0;0;0;0;0;0;0;0;0;0;0;0;0;0;0;1;0;0;1;0;0;0;0;0;0;0;0;0;0;0;1;0;0;0;0;0;0;0;0;3;0;0;1;0;0;0;0;0;0;0;0;0;1;0;0;0;0;0;0;0;0;0;0;14;9;10;3;3;2;3;0;0;0;0;0;0;1;0;0;0;0;0;0;0;1;2;0;2;0;0;0;0;0;0;0;0;0;1;0;0;0;0;1;0;0;0;0;0;0;0;0;12;2;6;2;5;1;1;0;1;0;1;1;0;0;0;0;0;0;1;1;0;0;0;3;0;0;0;0;0;0;1;0;0;0;0;0;0;0;0;0;1;0;1;0;0;0;0;0;0;0;0;0;1;0;0;0;0;0;0;0;0;0;0;0
1;"Urząd Gminy, ul. Tadeusza Zawadzkiego 29, 48-316 Łambinowice";160704;"gm. Łambinowice";"nyski";"opolskie";1;1;6;2;3;0;2;3;0;2;0;0;0;0;0;2;0;0;0;0;1;1;0;0;0;1;16;13;3;8;3;13;0;0;0;0;0;1;0;1;0;0;0;0;1;0;0;0;0;0;29;7;5;0;0;2;0;4;2;0;1;1;0;1;0;0;0;1;0;2;1;0;0;0;82;39;33;32;69;6;2;0;2;0;0;0;2;0;0;0;0;0;0;0;1;0;0;0;35;4;9;7;1;5;4;0;1;1;3;0;1;1;2;3;0;0;0;0;0;0;0;1;48;16;25;2;58;5;2;2;0;0;9;4;0;1;1;1;4;2;2;1;2;1;0;16;1;0;0;1;0;1;0;0;0;0;0;0;0;1;0;2;0;0;0;1;0;1;0;0;0;2;0;1;0;0;0;0;0;0;0;0;0;0;0;1
2;"Branżowa Szkoła I Stopnia w Łambinowicach, ul. Szkolna 1, 48-316 Łambinowice";160704;"gm. Łambinowice";"nyski";"opolskie";1;1;2;0;0;1;0;0;0;0;0;0;0;0;0;0;0;0;1;0;0;0;0;0;0;1;10;9;2;6;1;7;1;0;2;1;0;2;0;0;0;2;1;1;1;0;0;0;0;0;16;6;1;2;2;1;0;0;1;0;0;0;1;1;0;1;1;0;1;0;0;1;2;0;51;30;29;10;36;13;7;0;3;1;0;0;0;0;0;0;0;0;0;3;0;1;0;1;19;4;3;1;1;1;0;1;0;0;0;0;1;0;0;1;0;0;0;0;0;0;2;0;51;12;26;4;33;4;3;0;0;0;3;1;0;1;1;0;0;1;0;0;1;0;0;17;3;0;0;0;0;0;0;0;0;1;1;0;0;0;0;0;1;0;1;0;0;0;0;1;0;1;0;0;0;0;0;3;0;0;0;0;0;0;0;0
3;"Zespół Szkolno-Przedszkolny w Jasienicy Dolnej, Jasienica Dolna 156, 48-315 Jasienica Dolna";160704;"gm. Łambinowice";"nyski";"opolskie";1;1;1;0;0;0;0;0;2;0;0;0;0;0;0;0;0;1;0;0;0;0;0;0;0;0;9;6;1;10;0;6;1;1;0;0;0;2;0;2;0;0;5;0;0;0;0;0;0;0;23;2;0;2;0;1;3;0;0;1;0;0;1;2;0;0;3;0;0;0;0;0;0;0;54;57;61;19;33;1;2;1;0;1;0;0;0;0;0;0;1;1;2;0;1;1;0;0;13;2;2;3;1;6;1;0;0;0;1;0;0;0;0;1;0;1;0;1;0;0;1;2;29;4;16;2;21;1;0;0;2;0;0;0;0;1;0;1;0;0;1;0;0;0;0;4;4;0;1;0;0;0;0;0;0;1;3;1;0;1;0;0;0;0;0;0;0;0;0;0;0;0;0;0;0;1;0;0;0;0;0;0;0;0;0;0
4;"Publiczna Szkoła Podstawowa w Mańkowicach, Mańkowice 113, 48-315 Jasienica Dolna";160704;"gm. Łambinowice";"nyski";"opolskie";1;1;1;0;0;0;0;1;0;0;0;0;0;1;0;0;0;2;0;0;0;0;0;0;0;0;12;3;0;14;0;1;3;1;0;1;0;1;0;1;0;0;3;1;1;0;0;0;0;0;8;1;0;2;0;0;4;0;0;0;0;0;0;0;0;0;0;0;1;0;0;0;0;0;26;19;38;7;6;6;9;0;0;2;0;0;0;0;0;0;0;0;0;0;0;1;0;0;15;1;0;6;3;1;0;0;0;0;0;0;0;0;1;0;0;0;0;0;0;0;1;0;27;3;3;2;23;1;2;0;1;0;0;0;2;0;0;1;0;0;0;0;0;0;0;3;3;0;1;0;1;0;0;0;0;0;0;0;0;0;1;0;1;0;0;0;0;0;0;0;0;0;0;0;0;0;0;0;0;0;0;0;0;0;0;0
5;"Zespół Szkolno-Przedszkolny w Bielicach, Bielice 102, 48-316 Łambinowice";160704;"gm. Łambinowice";"nyski";"opolskie";1;1;2;1;0;0;0;1;0;0;0;2;0;0;0;0;1;0;0;0;0;0;0;0;1;0;12;5;2;10;1;3;2;0;0;0;0;2;0;0;0;0;0;0;0;0;5;1;1;0;13;2;0;0;0;0;1;0;0;0;1;0;1;0;0;0;1;0;0;0;0;0;0;0;59;38;40;15;8;3;1;1;2;2;0;0;0;0;0;0;0;1;0;1;0;2;0;2;14;0;3;1;0;6;1;1;1;0;3;0;0;0;1;0;0;0;0;0;1;0;0;0;18;4;7;1;5;3;0;0;0;0;0;1;3;0;0;0;0;0;0;0;0;0;0;3;4;1;0;2;0;0;1;0;0;0;0;0;0;0;1;0;0;0;0;0;0;0;1;0;0;0;0;0;0;1;0;0;0;0;0;0;0;0;0;0
6;"Świetlica Wiejska w Wierzbiu, Wierzbie 108, 48-316 Łambinowice";160704;"gm. Łambinowice";"nyski";"opolskie";1;1;1;0;0;0;0;0;0;0;0;0;0;0;0;0;0;0;0;0;0;0;0;0;0;0;6;11;1;8;1;7;1;1;0;1;0;3;0;2;0;0;0;0;1;0;0;0;2;2;14;3;3;1;0;0;1;0;0;0;0;0;1;0;0;0;0;0;0;0;0;0;0;0;46;6;18;4;14;2;7;0;1;1;0;0;1;0;1;0;0;0;0;0;0;0;0;3;14;3;1;3;0;0;0;0;0;0;1;0;0;0;0;0;0;0;0;0;0;0;0;0;19;3;8;0;15;2;1;2;0;0;3;0;0;0;0;0;0;0;1;0;0;0;1;3;1;1;0;0;0;0;0;0;0;0;0;0;1;0;0;3;1;0;0;0;0;0;0;0;0;0;0;0;0;0;0;0;0;0;0;0;0;0;0;0
7;"Publiczna Szkoła Podstawowa w Lasocicach, Lasocice 82, 48-315 Jasienica Dolna";160704;"gm. Łambinowice";"nyski";"opolskie";1;1;0;1;0;0;0;0;0;1;0;0;0;0;0;0;0;0;0;0;0;0;0;1;0;0;7;2;1;6;3;0;0;1;1;0;0;2;0;0;0;0;1;0;2;0;2;0;0;0;7;0;0;0;0;0;1;0;0;0;0;0;1;0;0;0;0;0;0;0;0;0;0;0;26;37;13;5;2;2;2;0;0;2;0;0;0;0;0;0;0;0;0;0;0;1;0;0;3;0;0;1;0;1;0;0;0;0;2;0;0;0;0;0;0;1;0;0;0;0;0;0;10;2;3;2;12;0;1;0;0;0;1;0;0;0;0;0;1;0;0;0;0;0;0;5;2;0;1;0;0;1;0;0;0;0;0;0;0;1;0;0;0;0;0;0;0;0;0;0;0;0;0;0;0;0;0;0;0;0;0;0;0;0;0;0
8;"Świetlica wiejska w Sowinie, Sowin 87, 48-316 Łambinowice";160704;"gm. Łambinowice";"nyski";"opolskie";1;1;1;0;1;0;0;0;0;0;0;0;0;0;0;0;0;0;0;0;2;0;0;0;0;0;1;11;0;1;1;0;0;0;0;0;0;1;0;1;0;0;0;0;0;0;1;0;0;0;4;0;0;0;1;2;0;1;0;0;0;1;0;0;0;0;0;0;0;0;0;0;0;0;21;17;11;0;6;3;4;0;0;0;0;0;1;0;0;0;1;0;0;0;0;0;1;2;8;0;1;1;1;1;0;0;0;0;0;0;0;0;1;0;0;0;0;0;0;0;1;0;9;1;5;2;29;1;0;2;0;0;3;0;0;0;1;1;0;0;0;0;0;0;0;4;0;0;0;0;0;0;0;0;0;0;0;0;0;0;0;0;10;0;0;0;0;4;0;1;0;1;0;0;0;1;0;0;0;0;0;0;0;2;0;0
9;"Budynek remizy OSP w Budzieszowicach, Budzieszowice 8A, 48-316 Łambinowice";160704;"gm. Łambinowice";"nyski";"opolskie";1;1;0;0;0;0;0;0;0;0;0;0;0;0;0;0;0;0;0;0;0;0;0;0;0;0;3;3;1;2;0;1;0;0;0;0;0;1;1;0;0;0;0;0;0;0;0;0;0;0;2;1;0;1;0;1;0;0;0;0;0;0;0;0;0;0;0;0;0;0;0;0;0;0;23;10;14;23;12;0;0;0;1;0;1;0;0;0;0;0;0;0;0;0;0;0;0;0;4;0;1;2;1;1;0;0;0;0;0;0;1;0;0;0;0;0;0;0;0;0;0;0;7;4;2;3;3;0;0;0;0;1;0;0;0;0;0;0;1;0;0;1;0;0;0;2;2;0;0;0;0;0;0;0;0;2;1;0;0;0;0;0;0;1;0;0;0;0;0;0;1;0;0;0;0;0;0;0;0;0;0;0;0;0;0;0
10;"Świetlica Wiejska w Malerzowicach Wielkich, Malerzowice Wielkie 5C, 48-316 Łambinowice";160704;"gm. Łambinowice";"nyski";"opolskie";1;1;0;0;0;0;0;0;0;0;1;0;0;0;0;0;0;0;0;0;0;0;0;0;0;1;7;4;1;2;2;14;1;0;0;0;0;1;0;0;0;0;0;0;1;0;0;1;0;0;6;2;0;1;0;0;2;0;0;0;2;0;0;0;1;1;0;0;0;0;0;0;1;0;34;13;14;11;10;4;2;0;8;5;0;1;0;0;0;0;0;0;1;0;0;0;0;0;7;2;4;1;0;0;0;0;1;0;0;0;0;1;4;0;0;0;0;0;0;0;0;0;12;4;2;1;8;1;0;0;0;0;1;1;0;0;0;0;0;0;0;0;0;0;0;15;0;0;0;0;0;0;0;0;0;0;0;0;0;0;0;0;2;0;0;0;0;0;0;0;0;0;0;0;0;0;0;0;0;0;0;0;0;0;0;0
11;"Budynek ""Złota Kosa"" w Piątkowicach, Piątkowice 16B, 48-315 Jasienica Dolna";160704;"gm. Łambinowice";"nyski";"opolskie";1;1;0;0;0;0;0;0;1;0;0;0;0;0;0;0;0;0;0;0;0;0;0;0;0;0;5;0;1;7;1;0;0;0;0;0;0;1;0;0;0;0;2;0;0;0;0;0;1;0;2;2;0;0;0;0;0;1;0;0;0;0;0;1;0;0;0;0;0;0;0;0;1;0;15;12;26;4;8;0;1;0;3;2;0;0;0;0;0;0;0;2;0;0;0;0;0;0;4;2;2;1;0;5;0;1;0;0;0;0;2;0;0;0;0;0;0;0;0;0;0;0;18;2;6;1;10;0;2;0;0;1;0;0;0;0;0;0;0;0;0;2;0;0;0;6;0;0;0;0;0;0;0;0;0;1;0;0;0;0;0;0;0;0;0;0;0;0;0;0;0;0;0;0;0;0;0;0;0;0;0;0;0;0;0;0
1;"PANS Nysa, ul. Armii Krajowej 7, 48-300 Nysa";160705;"gm. Nysa";"nyski";"opolskie";1;1;2;4;2;3;0;0;0;0;2;2;0;0;1;1;0;0;0;0;1;0;0;1;0;1;31;6;7;6;4;4;1;0;1;0;1;6;0;0;0;0;27;0;3;2;4;0;0;0;65;3;0;2;1;1;5;2;2;0;0;1;1;4;0;1;0;0;1;0;0;1;2;0;157;75;112;37;25;17;13;0;1;8;0;2;1;2;0;0;0;1;3;0;11;1;1;2;23;2;4;15;4;28;1;0;0;2;1;0;3;1;2;1;0;1;0;0;0;0;2;1;87;9;17;3;268;4;4;3;1;0;3;1;0;1;0;2;0;0;3;0;3;3;1;16;4;1;0;0;0;0;3;0;1;0;0;0;1;1;0;0;0;1;0;1;0;0;0;0;0;0;0;0;0;0;0;0;0;0;0;0;0;0;0;0
2;"Miejska i Gminna Biblioteka Publiczna, ul. Sukiennicza 2, 48-300 Nysa";160705;"gm. Nysa";"nyski";"opolskie";1;1;4;0;0;0;0;3;0;0;0;0;0;0;1;2;2;1;0;0;0;1;0;0;0;1;49;6;6;18;2;9;0;0;1;0;0;8;0;1;0;0;10;0;1;0;2;0;3;3;48;4;1;1;0;5;4;0;6;0;0;0;1;1;1;2;0;1;0;1;0;0;4;1;142;86;101;45;19;13;8;0;6;11;1;1;0;1;0;4;0;1;0;2;5;0;1;2;22;2;2;10;2;11;0;3;0;0;2;0;3;1;0;1;0;1;0;1;0;1;0;1;103;16;20;8;284;6;0;4;0;3;2;1;3;0;0;1;1;0;2;1;2;1;2;9;9;0;0;1;1;0;1;0;0;1;1;1;0;3;0;1;1;0;0;1;0;0;0;0;0;0;1;0;0;0;0;0;0;0;0;0;0;0;0;1
3;"Szkoła Podstawowa Nr 1, ul. Bohaterów Warszawy 7, 48-300 Nysa";160705;"gm. Nysa";"nyski";"opolskie";1;1;4;1;0;0;0;2;1;0;1;1;0;0;0;0;1;1;0;0;0;0;0;0;0;0;31;13;6;14;2;8;3;3;0;3;2;0;1;1;0;0;16;0;0;2;1;1;0;3;62;3;2;5;2;2;3;2;2;0;1;0;2;2;0;2;1;2;1;0;0;2;0;0;91;63;75;32;15;16;11;3;3;10;0;0;0;0;0;1;1;1;4;0;1;1;2;5;20;4;2;14;1;19;0;0;2;3;1;1;2;1;2;1;3;0;0;1;0;0;0;1;118;16;16;4;334;3;4;1;3;0;1;2;0;1;1;0;1;0;1;0;4;1;0;12;2;0;1;0;2;0;1;1;1;4;0;0;0;2;0;0;3;0;0;0;0;0;0;0;0;0;0;0;1;0;0;0;0;0;0;0;0;0;0;0
4;"Szkoła Podstawowa Nr 5, ul. Emilii Gierczak 8, 48-300 Nysa";160705;"gm. Nysa";"nyski";"opolskie";1;1;3;2;1;1;0;1;1;0;0;0;1;1;0;1;1;0;1;0;1;0;0;0;0;2;46;6;8;26;0;5;2;1;1;2;1;7;0;1;0;0;14;0;2;0;4;0;2;3;64;6;3;5;1;2;5;0;1;1;1;0;0;1;1;2;0;1;1;0;0;1;0;2;163;84;77;44;23;13;11;0;1;10;1;0;2;2;1;1;2;0;1;0;1;1;0;1;26;1;3;14;3;8;3;0;0;1;1;1;2;2;0;0;0;0;0;1;0;1;0;0;97;17;18;2;303;3;0;2;1;1;3;1;1;1;0;0;2;0;1;0;4;0;2;10;6;0;1;0;0;0;1;1;0;4;0;0;3;6;0;0;0;0;0;0;0;0;0;0;0;0;0;0;0;0;0;0;0;0;0;0;0;0;0;0
5;"Klub ""Senior+"", ul. Stanisława Moniuszki 5, 48-300 Nysa";160705;"gm. Nysa";"nyski";"opolskie";1;1;2;0;0;0;3;1;0;0;1;0;0;0;0;1;0;0;0;1;0;0;0;2;0;0;41;7;5;20;2;4;3;0;4;0;0;7;0;0;0;1;9;1;0;0;2;1;2;3;63;1;1;4;2;0;1;0;1;1;2;0;1;3;1;1;0;0;0;0;0;1;1;1;119;70;76;28;11;15;10;0;1;8;0;0;2;0;0;0;0;0;2;0;2;1;0;0;19;2;2;7;3;16;2;0;0;0;1;0;0;1;1;0;0;0;0;0;0;1;1;1;61;8;12;5;244;2;3;0;0;2;2;0;0;0;0;2;0;1;1;1;1;0;0;9;3;1;0;0;0;0;1;0;0;0;0;0;2;1;0;1;2;0;0;0;0;0;0;0;0;0;0;0;0;0;0;0;0;0;0;0;0;0;0;0
6;"Szkoła Podstawowa Nr 10, ul. Bolesława Prusa 14, 48-303 Nysa";160705;"gm. Nysa";"nyski";"opolskie";1;1;1;1;1;0;0;0;0;2;0;0;0;0;0;1;0;0;0;0;0;0;0;0;2;0;32;8;11;17;3;3;2;0;2;1;1;2;0;0;1;0;11;1;0;0;1;0;0;0;25;3;1;2;0;0;2;1;2;0;0;0;1;0;0;1;0;1;2;0;0;0;0;2;98;50;52;26;13;4;4;0;1;14;1;0;0;0;1;1;1;0;4;1;4;0;0;1;18;0;5;10;1;14;1;0;1;0;1;0;2;0;0;0;0;0;0;1;0;1;0;0;62;6;6;6;187;2;0;4;0;0;0;1;0;0;1;1;0;0;0;2;0;0;0;9;5;0;1;0;2;0;0;0;0;0;0;0;0;1;0;0;1;0;0;0;0;0;0;0;0;0;0;0;0;0;0;0;0;0;0;0;0;0;0;0
7;"Zespół Szkół i Placówek Oświatowych im. Emila Godlewskiego, ul. Marii Rodziewiczówny 1, 48-303 Nysa";160705;"gm. Nysa";"nyski";"opolskie";1;1;0;4;0;0;0;0;1;0;0;0;2;0;0;1;0;1;1;0;0;0;0;0;0;0;33;9;8;32;9;14;6;1;2;6;2;6;0;1;0;0;11;1;2;0;1;0;0;1;70;6;4;4;0;1;6;1;6;0;0;0;3;5;1;3;2;0;1;0;0;0;1;0;168;119;108;32;22;14;7;0;2;7;0;0;3;1;0;0;0;1;0;5;5;0;0;5;28;4;3;16;3;15;0;1;1;1;1;0;3;0;1;2;0;1;0;0;0;2;1;0;127;17;23;5;442;11;3;3;0;2;1;1;2;1;0;0;1;1;0;0;2;2;1;13;4;1;0;3;1;0;0;0;0;0;1;0;0;9;0;1;1;0;0;0;0;0;0;0;0;0;0;0;0;0;0;0;0;0;0;0;0;0;0;0
8;"Zespół Szkół i Placówek Oświatowych im. Emila Godlewskiego, ul. Marii Rodziewiczówny 1, 48-303 Nysa";160705;"gm. Nysa";"nyski";"opolskie";1;1;6;1;0;0;0;0;0;0;1;0;0;0;0;0;1;0;0;1;0;0;0;0;0;0;38;4;3;21;1;5;1;1;4;1;2;1;1;1;0;0;7;0;1;3;2;0;0;0;28;1;6;1;0;2;3;0;4;0;2;0;2;1;0;0;0;0;0;0;0;0;1;3;63;45;40;8;4;3;4;0;1;9;0;0;0;0;0;0;0;0;2;1;1;0;2;2;20;7;0;7;1;12;3;0;0;1;1;1;1;0;0;0;0;0;0;0;0;0;0;1;46;9;5;2;251;1;1;2;1;0;2;1;0;0;0;1;0;1;0;1;2;0;1;10;2;0;1;0;2;0;0;0;0;0;0;0;0;4;0;2;0;0;0;0;0;0;0;0;0;0;0;0;0;0;0;0;0;0;0;0;0;0;0;0
9;"Zespół Szkół i Placówek Oświatowych im. Emila Godlewskiego, ul. Marii Rodziewiczówny 1, 48-303 Nysa";160705;"gm. Nysa";"nyski";"opolskie";1;1;7;4;0;0;1;1;0;0;2;0;0;0;1;2;4;1;1;0;0;0;0;0;0;1;51;6;7;25;3;12;2;2;1;2;0;7;0;6;1;2;12;2;1;0;2;0;2;3;46;8;1;10;1;2;4;1;6;1;1;0;1;4;1;1;1;2;0;0;0;0;1;0;126;106;105;31;23;9;17;2;3;8;0;0;2;0;0;0;0;0;2;1;1;0;0;1;25;4;5;9;2;21;1;1;0;2;1;0;2;1;0;0;0;0;0;2;1;1;0;1;102;13;21;8;340;3;3;0;2;0;4;3;2;0;0;0;1;0;1;0;4;0;2;10;3;0;0;0;2;0;1;0;1;0;2;0;0;6;0;5;0;0;0;0;0;0;0;0;0;0;0;0;0;0;0;0;0;0;0;0;0;0;0;0
10;"Szkoła Podstawowa Nr 10, ul. 11 Listopada 6, 48-303 Nysa";160705;"gm. Nysa";"nyski";"opolskie";1;1;3;4;2;0;0;2;0;1;1;2;0;0;0;0;1;0;0;0;0;0;0;0;1;2;42;6;3;29;2;9;2;1;2;1;0;6;0;0;0;1;18;1;4;1;1;0;0;1;59;3;5;7;0;2;5;2;7;0;0;0;1;3;1;0;1;2;0;2;1;0;1;0;184;87;116;63;28;18;7;1;5;13;0;0;2;1;0;0;0;1;4;0;5;0;0;1;28;3;5;8;1;14;1;0;0;0;0;0;1;0;1;0;0;0;0;0;0;0;1;0;123;15;22;8;365;3;2;1;6;0;5;1;3;0;0;1;0;2;0;3;2;0;0;9;5;1;3;1;0;0;1;2;0;0;1;2;5;9;0;0;3;0;0;0;0;0;0;0;0;0;0;0;0;0;0;0;0;0;1;0;0;0;0;0
11;"Ośrodek Pomocy Społecznej, ul. Komisji Edukacji Narodowej 1a, 48-303 Nysa";160705;"gm. Nysa";"nyski";"opolskie";1;1;4;0;0;0;0;0;1;0;0;1;0;0;1;1;1;1;0;0;0;0;0;0;1;1;41;2;5;26;2;7;3;2;1;1;0;2;0;5;1;3;15;0;3;0;1;1;1;3;57;2;6;2;0;2;1;2;3;0;4;0;4;8;1;1;0;0;2;0;0;0;3;0;144;89;94;55;15;16;13;0;15;20;0;0;1;0;2;0;1;0;5;1;3;0;0;0;20;3;2;17;2;11;1;0;0;0;1;0;0;0;1;1;0;0;0;0;0;1;1;1;118;13;11;3;300;3;0;3;0;1;4;2;1;1;0;2;0;0;0;1;0;0;0;13;2;0;0;0;0;0;3;0;0;0;0;0;0;2;0;0;1;0;0;0;0;0;0;0;0;0;0;0;0;0;0;0;0;1;0;0;0;0;0;0
12;"Przedszkole nr 10, ul. 11 Listopada 8a, 48-303 Nysa";160705;"gm. Nysa";"nyski";"opolskie";1;1;1;4;1;0;1;0;2;0;0;1;2;0;0;0;0;0;0;0;1;0;0;0;0;0;65;11;14;33;4;14;2;2;0;5;2;4;1;0;1;4;15;2;1;1;4;2;1;3;49;3;0;5;0;0;1;2;0;1;1;2;1;4;0;1;0;0;1;0;0;1;0;0;105;97;110;27;20;6;12;1;5;11;2;0;0;0;0;0;0;0;5;0;3;0;1;2;29;3;3;17;2;23;0;1;2;1;0;0;0;1;1;0;0;0;0;0;0;0;0;1;109;17;12;9;361;4;2;0;1;0;6;2;0;1;0;0;0;1;0;0;7;0;0;16;7;0;0;0;0;0;1;1;1;1;0;0;0;9;0;0;2;0;0;0;0;0;0;0;0;0;0;0;0;0;0;0;0;0;0;0;0;0;0;0
13;"Szkoła Podstawowa Nr 3, ul. Krawiecka 6, 48-303 Nysa";160705;"gm. Nysa";"nyski";"opolskie";1;1;4;0;0;0;0;1;1;1;0;0;2;0;0;1;2;0;0;0;2;0;0;1;0;2;58;7;7;21;6;7;5;3;2;1;2;6;1;1;1;0;8;0;3;0;3;2;3;2;59;1;5;10;0;1;3;1;2;0;1;4;4;3;0;1;1;0;1;0;0;1;1;3;160;96;92;46;17;7;5;2;2;13;0;0;1;1;0;4;0;1;5;0;1;1;2;1;21;9;4;15;0;20;1;5;2;0;2;0;1;0;4;0;0;1;0;1;0;3;0;2;93;11;17;11;298;8;4;3;1;1;4;1;4;0;1;0;0;0;2;1;4;2;1;22;10;0;0;0;0;1;3;0;1;1;1;1;1;7;0;2;1;0;0;0;0;0;0;0;0;0;0;0;0;0;0;0;0;0;0;0;0;0;0;0
14;"Hala Sportowa, ul. Głuchołaska 12, 48-303 Nysa";160705;"gm. Nysa";"nyski";"opolskie";1;1;3;2;0;0;0;0;0;0;0;0;0;0;0;0;0;0;0;0;0;0;0;1;0;0;21;3;3;13;0;1;2;1;1;0;0;4;0;0;0;0;3;0;1;0;2;0;1;4;26;3;0;1;0;1;0;0;0;1;0;2;2;2;0;2;0;0;0;0;0;1;0;0;83;30;45;14;5;3;3;0;1;8;0;0;0;0;1;1;0;0;2;0;0;1;1;0;19;1;5;6;1;10;0;0;0;0;0;0;1;0;0;1;0;0;0;0;0;0;0;0;54;6;4;10;138;2;0;1;0;1;0;1;0;0;0;0;0;0;3;0;2;0;0;8;3;0;0;0;0;0;0;1;0;0;0;0;0;1;0;0;1;0;0;0;0;0;0;0;0;0;1;0;0;0;0;0;0;0;0;0;0;0;0;0
15;"Świetlica Pracowniczych Ogródków Działkowych, ul. Władysława Jagiełły 23a, 48-300 Nysa";160705;"gm. Nysa";"nyski";"opolskie";1;1;0;0;0;0;0;2;1;0;0;1;0;0;0;0;0;1;0;1;0;0;0;0;0;0;28;8;3;16;2;4;0;2;2;0;1;4;0;4;0;1;17;2;1;0;1;1;1;2;20;2;4;0;0;0;0;1;3;1;0;0;0;1;0;2;0;0;1;0;1;0;0;1;70;47;26;19;3;10;2;1;0;9;0;0;0;0;0;0;0;1;0;0;1;0;0;0;16;3;2;5;1;17;0;0;0;1;0;0;2;0;0;1;1;0;0;1;0;2;0;0;53;11;11;1;150;2;0;2;0;0;0;1;0;1;1;0;0;0;0;0;1;0;0;7;7;0;0;0;0;0;1;0;1;2;2;0;0;4;0;1;0;0;0;0;0;0;0;0;0;0;0;0;0;0;0;0;0;0;0;0;0;0;0;0
16;"Caritas Diecezji Opolskiej Rejon Nysa, ul. Grodkowska 26, 48-300 Nysa";160705;"gm. Nysa";"nyski";"opolskie";1;1;3;1;0;1;2;0;1;0;1;0;0;0;1;1;0;0;0;1;1;0;0;0;1;1;51;9;7;33;3;7;2;3;1;0;2;7;0;1;1;2;21;3;2;0;1;2;0;4;69;5;3;3;0;4;3;1;2;1;0;2;1;1;0;1;0;1;2;1;0;0;2;3;152;116;120;64;25;7;6;0;2;14;0;0;0;1;0;1;1;0;6;3;6;5;0;2;26;6;4;16;2;17;2;1;2;1;4;0;1;2;1;2;1;1;0;0;3;1;0;2;112;16;19;10;361;7;1;4;0;0;6;1;0;0;0;1;0;1;4;2;3;1;0;15;5;0;0;1;0;0;0;0;0;4;1;0;1;7;0;1;0;0;0;0;0;0;0;2;0;0;0;0;0;0;0;0;0;0;1;0;0;0;0;0
17;"Szkoła Podstawowa Nr 2 z Oddziałami Mistrzostwa Sportowego, ul. Bramy Grodkowskiej 4, 48-300 Nysa";160705;"gm. Nysa";"nyski";"opolskie";1;1;2;1;0;0;1;1;1;0;0;0;1;0;1;1;0;0;0;0;0;0;0;1;0;0;73;9;0;31;6;8;2;0;0;1;2;5;1;1;1;1;12;0;3;0;3;3;1;3;47;5;3;2;0;0;1;2;3;1;0;0;3;3;0;0;0;1;0;0;0;0;2;0;157;86;91;57;14;21;7;1;6;11;1;1;0;3;1;2;0;0;0;0;3;1;0;1;31;5;0;15;3;17;0;1;0;1;1;0;1;0;1;0;0;0;0;1;0;1;0;2;97;15;14;5;220;3;1;2;1;0;4;0;0;0;1;1;0;0;0;3;3;0;0;11;5;1;0;1;2;0;0;0;2;0;0;0;0;5;0;2;2;1;0;0;0;0;0;0;0;0;0;0;0;0;0;0;0;0;0;0;0;0;0;0
18;"Powiatowy Urząd Pracy, ul. Słowiańska 19, 48-300 Nysa";160705;"gm. Nysa";"nyski";"opolskie";1;1;0;3;3;0;0;2;0;0;1;0;0;0;1;1;0;0;0;0;0;1;0;0;0;3;25;6;7;18;2;12;3;1;0;3;0;6;0;1;0;3;10;1;0;1;2;2;2;1;46;4;2;1;0;1;3;3;6;0;0;0;3;4;1;0;1;0;0;0;0;2;1;2;120;100;103;48;22;20;7;1;4;16;0;0;2;3;0;1;1;0;5;1;1;1;0;0;21;2;3;8;2;20;1;2;1;0;2;0;0;1;1;1;0;0;0;1;0;0;0;1;115;8;14;10;211;8;1;3;1;0;4;2;3;0;0;1;0;0;0;0;11;3;1;6;6;2;3;0;1;1;0;0;0;0;2;1;0;3;0;2;2;0;0;1;0;0;0;0;0;0;0;0;1;0;0;0;0;0;0;0;0;0;0;0
19;"Zespół Szkół Ekonomicznych, pl. Sikorskiego 1, 48-300 Nysa";160705;"gm. Nysa";"nyski";"opolskie";1;1;1;0;3;1;0;0;0;0;1;0;0;1;0;2;1;0;0;0;1;0;1;1;0;0;59;9;6;27;6;9;4;0;0;0;1;5;0;0;1;1;15;0;3;0;4;0;2;1;84;7;5;2;1;1;5;0;5;0;1;1;3;4;0;2;2;2;0;0;0;1;0;3;143;115;89;53;26;8;4;2;1;12;0;0;3;0;0;0;1;0;1;1;4;1;0;1;39;3;2;18;0;19;2;1;0;0;1;0;2;0;0;2;0;0;0;0;0;4;0;0;149;12;12;3;357;6;5;6;0;1;4;0;2;1;0;1;1;2;2;0;2;2;0;17;3;0;0;0;0;0;0;0;0;0;1;0;0;1;0;0;2;0;0;0;0;1;0;0;0;0;0;0;1;0;1;0;0;0;0;0;0;0;0;0
20;"Zespół Szkolno-Przedszkolny, Biała Nyska ul. Nyska 11, 48-303 Nysa";160705;"gm. Nysa";"nyski";"opolskie";1;1;2;1;0;0;0;0;1;0;0;0;0;0;0;0;0;0;2;0;0;1;0;0;1;0;16;2;6;26;2;2;1;0;0;0;0;3;1;1;0;0;3;0;1;0;2;0;0;2;17;0;0;2;0;0;1;2;0;0;0;1;0;2;0;0;0;0;0;0;1;1;1;0;62;50;32;27;8;0;4;0;0;5;1;0;2;0;0;0;0;0;0;1;0;0;0;0;10;2;2;3;2;13;3;0;2;0;4;1;2;0;2;0;0;2;0;1;1;0;0;2;38;5;6;5;113;1;0;0;0;0;2;1;0;0;0;1;0;0;0;1;3;0;0;9;4;1;0;0;0;0;0;0;0;1;0;0;0;4;0;0;0;0;0;0;0;0;0;0;1;0;0;0;0;0;0;0;0;0;0;0;0;0;0;0
21;"Zespół Szkolno-Przedszkolny, Koperniki 16a, 48-303 Nysa";160705;"gm. Nysa";"nyski";"opolskie";1;1;0;0;0;0;0;0;0;0;2;1;0;2;0;0;0;0;0;0;0;0;1;0;0;0;7;1;1;8;1;1;1;1;0;0;0;1;0;1;0;0;0;0;0;1;0;0;0;0;7;3;1;2;0;1;0;1;1;1;0;1;1;1;0;0;0;1;0;0;0;0;0;0;47;39;18;16;11;3;3;0;1;6;0;0;3;0;0;1;0;0;3;0;0;0;0;0;5;0;0;0;0;2;0;1;0;1;0;0;0;0;0;0;0;0;1;0;0;0;0;1;10;2;0;0;40;1;0;0;1;0;0;2;0;0;0;0;0;0;0;0;1;0;0;2;4;0;0;0;0;0;0;0;0;0;0;0;1;0;0;0;0;0;0;0;0;0;0;0;0;0;0;0;0;0;0;0;0;0;0;0;0;0;0;0
22;"Świetlica Wiejska, Hajduki Nyskie 36, 48-303 Nysa";160705;"gm. Nysa";"nyski";"opolskie";1;1;1;0;0;0;0;0;0;0;0;0;1;0;0;0;0;0;0;0;0;0;0;0;0;0;15;6;2;21;0;1;0;0;1;0;0;0;0;0;1;0;2;0;0;1;0;0;0;0;18;4;1;0;0;1;0;0;1;0;0;0;0;0;0;1;0;0;0;0;0;0;0;0;28;16;46;12;3;1;3;0;2;5;0;1;0;1;0;1;0;0;4;1;0;0;1;1;7;1;1;2;2;10;0;0;0;0;1;0;0;0;1;0;0;0;0;1;0;0;0;1;31;2;5;1;75;2;0;0;0;0;0;0;0;0;0;0;0;0;0;0;1;1;0;3;6;1;1;0;0;0;0;0;0;0;0;0;0;0;0;1;0;0;0;0;0;0;0;0;0;0;0;0;0;0;0;0;0;0;0;0;0;0;0;0
23;"Świetlica Wiejska, Kępnica 79b, 48-303 Nysa";160705;"gm. Nysa";"nyski";"opolskie";1;1;0;0;1;0;0;0;0;0;1;0;0;0;0;1;0;0;0;0;0;0;0;0;0;0;6;0;1;12;1;1;0;0;0;0;0;2;0;1;0;0;1;0;0;0;0;0;0;0;4;1;1;0;0;0;0;2;0;0;0;0;0;2;0;0;0;0;0;0;0;0;0;1;45;35;24;22;3;2;4;0;2;9;0;0;0;0;1;0;0;0;0;1;0;0;0;13;2;1;1;11;0;5;1;0;0;0;1;1;0;0;0;0;0;1;0;0;0;0;0;0;14;3;3;1;33;0;0;0;0;0;0;0;0;2;0;1;0;0;0;0;0;0;0;0;0;0;0;0;0;1;0;0;0;0;0;0;0;0;0;0;0;0;0;0;0;0;0;0;0;0;0;0;0;0;0;0;0;0;0;0;0;0;0;0
24;"Świetlica Wiejska, Wyszków Śląski 45, 48-303 Nysa";160705;"gm. Nysa";"nyski";"opolskie";1;1;1;0;0;0;1;0;0;1;0;0;0;0;0;0;0;0;0;0;0;1;0;0;0;0;7;3;0;16;0;2;0;0;0;0;0;1;1;0;0;0;3;0;2;0;1;1;0;0;16;5;0;2;0;0;0;0;0;0;0;1;0;1;0;0;0;0;0;0;0;0;0;1;21;17;12;12;3;1;1;1;0;0;0;0;0;1;0;0;0;0;0;0;0;1;0;0;11;1;2;2;0;0;0;1;1;0;1;0;0;0;0;0;0;0;0;1;0;0;0;1;21;2;1;3;57;2;0;0;0;0;0;0;0;0;0;0;0;0;0;2;0;1;0;3;1;0;0;0;0;0;1;0;0;0;0;0;0;0;0;0;0;0;0;0;0;0;0;0;0;0;0;0;0;0;0;0;0;0;0;0;0;0;0;0
25;"Świetlica Wiejska, Domaszkowice 120a, 48-303 Nysa";160705;"gm. Nysa";"nyski";"opolskie";1;1;1;0;0;0;0;0;0;0;0;0;0;0;1;0;0;0;0;1;0;0;0;0;0;0;11;2;1;28;4;0;0;0;0;0;0;1;0;0;0;0;3;1;0;0;0;0;0;1;12;1;1;0;0;0;0;1;1;0;0;0;0;1;0;2;0;1;0;0;0;0;0;0;39;41;30;29;2;1;0;0;1;8;0;0;0;1;0;0;0;0;0;0;0;0;0;0;5;3;0;6;1;3;0;1;2;0;0;0;0;0;1;1;0;0;0;1;0;1;0;0;7;1;0;2;38;0;0;0;0;0;0;0;0;0;0;1;0;0;0;0;0;0;0;0;4;0;0;0;0;0;0;0;0;1;0;0;1;1;0;0;0;0;0;0;0;0;0;0;0;0;1;0;0;0;0;0;0;0;0;0;0;0;0;0
26;"Zespół Szkolno-Przedszkolny, Niwnica 127, 48-303 Nysa";160705;"gm. Nysa";"nyski";"opolskie";1;1;1;2;0;0;0;0;1;0;0;0;0;0;2;0;0;0;0;0;0;0;0;0;0;0;14;2;4;23;1;8;0;0;0;0;0;0;0;0;1;1;3;0;1;2;1;0;0;0;17;0;2;3;0;0;0;1;2;1;0;0;0;0;0;2;1;0;0;0;0;0;1;0;48;49;41;13;5;6;8;1;1;8;0;0;0;0;1;0;1;0;1;0;1;0;1;2;9;0;3;6;0;3;0;0;0;0;1;0;0;0;4;1;0;0;0;0;0;0;0;1;17;2;2;2;101;1;3;1;0;0;1;2;1;0;0;0;0;1;0;1;2;0;0;7;2;0;0;0;0;0;0;0;0;0;0;0;1;1;0;0;0;0;0;0;0;0;0;0;0;0;0;0;0;0;0;0;0;0;0;0;0;0;0;0
27;"Świetlica Wiejska, Wierzbięcice 110, 48-303 Nysa";160705;"gm. Nysa";"nyski";"opolskie";1;1;0;0;0;0;0;0;0;0;0;0;0;0;0;0;0;0;0;0;0;0;0;0;0;1;3;2;3;5;0;0;0;0;1;0;0;0;0;0;0;0;0;0;0;0;1;0;1;0;5;0;1;0;0;1;0;0;0;0;1;0;0;0;0;0;1;1;0;0;0;0;0;0;23;72;21;5;4;1;0;0;0;1;0;0;0;0;0;0;0;0;0;2;0;0;0;0;3;3;1;3;0;8;0;0;0;0;1;0;0;0;0;1;1;0;0;0;0;0;0;0;12;0;1;1;35;2;0;1;0;0;0;0;0;0;0;1;0;0;0;0;2;0;0;0;0;0;0;0;0;0;0;0;0;0;0;0;0;0;0;1;0;0;0;0;0;0;0;0;0;0;0;0;0;0;0;0;0;0;0;0;0;0;0;0
28;"Świetlica Wiejska, Lipowa 40, 48-303 Nysa";160705;"gm. Nysa";"nyski";"opolskie";1;1;0;0;0;0;0;0;1;0;1;0;0;0;0;1;0;0;0;0;0;0;0;0;0;0;5;1;0;6;0;0;0;0;0;0;0;4;0;0;0;0;1;1;0;1;1;0;0;1;12;0;1;0;0;0;1;0;0;0;0;0;0;0;0;0;0;0;0;0;0;0;0;0;25;30;41;6;3;2;1;0;0;1;0;1;1;0;0;0;0;0;0;0;0;0;0;1;6;2;2;1;0;2;0;0;0;0;0;0;0;0;0;0;0;0;0;0;0;0;1;0;10;5;0;1;30;1;0;0;0;0;2;0;0;0;0;0;0;0;0;0;1;0;0;0;0;1;0;0;0;0;0;0;0;0;0;1;0;0;0;0;0;0;0;0;0;0;0;1;0;0;0;0;0;0;0;0;0;0;0;0;0;0;0;0
29;"Zespół Szkolno-Przedszkolny, Goświnowice ul. Kolejowa 5, 48-300 Nysa";160705;"gm. Nysa";"nyski";"opolskie";1;1;2;1;0;0;1;0;0;1;1;0;0;0;0;0;0;0;1;0;0;0;0;0;1;0;24;1;2;24;1;3;0;1;0;0;0;6;0;0;0;0;7;0;2;0;1;0;0;2;9;1;2;0;1;0;0;1;0;0;0;1;0;0;0;1;2;0;0;0;0;0;0;0;63;67;84;27;14;7;2;0;2;14;0;1;1;1;1;1;1;0;0;1;3;0;0;1;19;1;3;13;1;9;0;0;3;0;1;0;0;0;1;1;0;0;0;0;0;1;0;0;49;5;8;4;120;0;0;2;0;0;2;0;2;0;1;0;0;0;0;0;0;1;0;6;3;0;0;1;1;0;0;0;0;0;0;1;0;2;0;0;1;0;0;0;0;0;0;0;0;0;0;0;0;0;0;0;0;0;0;0;0;0;0;0
30;"Świetlica Wiejska, Jędrzychów ul. Wiśniowa 1, 48-300 Nysa";160705;"gm. Nysa";"nyski";"opolskie";1;1;2;0;0;0;0;1;1;0;0;0;1;0;0;0;0;0;0;0;0;0;0;0;0;0;31;7;4;36;2;5;1;0;0;1;1;6;0;0;0;1;5;0;1;0;0;0;0;2;31;1;0;2;1;0;1;2;0;0;1;1;0;1;0;1;0;0;0;0;0;0;1;1;71;66;49;18;1;8;1;1;1;4;0;1;0;0;0;1;0;1;0;0;1;0;0;0;25;0;2;5;2;24;1;0;0;0;0;0;0;0;0;0;1;0;0;0;0;0;0;2;71;4;10;2;202;0;4;4;2;0;3;0;0;0;0;0;1;0;3;0;7;0;0;3;4;0;0;0;0;0;0;0;0;0;0;0;0;2;0;0;3;0;2;0;0;0;0;0;0;0;0;0;0;0;0;0;0;0;0;0;0;0;0;0
31;"Świetlica Wiejska, Radzikowice 70, 48-300 Nysa";160705;"gm. Nysa";"nyski";"opolskie";1;1;0;1;2;0;0;0;1;0;2;0;0;0;0;0;0;0;0;0;0;1;0;0;0;0;3;2;0;37;1;4;1;0;0;0;0;0;0;0;0;1;1;0;0;2;0;0;0;1;6;1;0;0;0;0;0;0;0;0;0;0;0;0;0;0;1;0;0;0;0;0;0;0;13;19;21;11;8;4;1;0;0;3;0;0;0;1;0;0;0;1;0;0;0;0;0;0;6;0;1;5;0;2;0;1;0;0;0;0;0;0;1;1;0;0;0;0;0;0;0;0;18;2;1;0;32;2;0;0;0;1;1;0;0;0;0;0;1;0;0;1;0;0;0;5;2;2;0;0;0;0;0;0;0;0;0;0;0;0;0;0;1;0;0;0;0;0;0;1;1;0;2;0;0;0;0;0;0;0;0;0;0;0;0;0
32;"Świetlica Wiejska, Skorochów 2F, 48-300 Nysa";160705;"gm. Nysa";"nyski";"opolskie";1;1;1;0;0;0;0;0;0;0;0;0;0;0;0;0;0;0;0;0;0;0;0;0;0;1;17;3;1;14;2;4;0;0;1;0;0;1;0;0;0;0;2;0;1;0;1;0;0;2;8;1;0;0;2;0;3;0;1;0;0;1;0;1;0;0;1;0;0;0;0;0;0;0;19;20;14;7;2;5;5;0;0;1;0;0;0;0;0;0;0;0;0;0;0;1;0;0;12;3;0;2;0;6;0;0;0;0;1;0;0;0;0;1;0;0;0;0;0;0;0;0;27;4;1;8;120;0;0;0;1;0;4;0;0;0;0;0;0;0;0;0;0;0;0;10;2;0;0;0;0;0;0;0;0;0;0;0;0;1;0;0;1;0;0;0;0;0;0;0;0;0;0;0;0;0;0;0;0;0;0;0;0;0;0;0
33;"Świetlica Wiejska, Złotogłowice 169, 48-300 Nysa";160705;"gm. Nysa";"nyski";"opolskie";1;1;1;0;1;0;0;3;0;0;1;1;0;0;0;0;0;0;1;0;0;0;0;0;0;1;18;5;2;50;3;2;1;1;0;0;1;3;1;0;0;0;15;0;0;0;0;0;0;1;15;0;3;2;1;1;4;1;1;1;1;0;0;0;0;2;0;0;0;0;0;0;1;0;92;71;101;34;18;12;6;3;2;11;0;0;0;0;0;2;0;0;0;0;0;1;0;2;18;7;4;10;0;8;1;0;3;0;3;0;2;0;1;0;0;0;0;1;1;0;0;0;43;4;5;3;83;6;1;2;0;0;3;1;1;0;0;0;0;0;0;0;0;2;0;7;1;0;0;1;1;0;0;0;1;1;1;0;0;1;0;2;2;0;0;0;0;0;0;0;0;0;0;0;0;0;0;0;0;0;0;0;0;0;1;1
34;"Świetlica Wiejska w Iławie, Iława 25B, 48-303 Nysa";160705;"gm. Nysa";"nyski";"opolskie";1;1;0;0;0;0;0;0;0;0;0;0;0;0;0;0;0;0;0;0;0;0;0;0;0;0;0;0;0;1;0;0;0;0;0;0;2;0;0;0;0;0;0;0;0;0;1;0;0;0;1;1;1;0;0;0;0;0;1;0;0;0;0;0;0;0;0;0;0;0;0;0;0;0;16;20;17;3;4;2;0;0;0;2;0;0;0;0;0;0;0;0;0;0;0;0;0;0;5;0;0;1;2;2;0;0;0;0;0;0;0;0;0;1;0;0;0;0;0;0;0;0;1;1;1;1;15;2;0;0;0;0;1;0;0;0;0;0;0;0;0;0;0;0;0;0;0;0;0;0;0;0;0;0;0;0;0;0;2;1;0;0;0;0;0;0;0;0;0;0;0;0;0;0;0;0;0;0;0;0;0;0;0;0;0;0
35;"Świetlica Wiejska w Konradowej, Konradowa 3A, 48-303 Nysa";160705;"gm. Nysa";"nyski";"opolskie";1;1;0;0;0;0;0;0;0;0;1;0;0;0;0;0;0;0;0;0;0;0;0;0;0;0;5;0;0;6;0;5;0;0;0;0;0;0;0;0;0;0;0;0;0;0;0;0;0;0;3;1;0;1;1;1;0;0;0;0;0;0;0;0;0;0;0;0;0;0;0;0;0;1;21;11;10;18;9;1;0;0;1;0;0;0;0;0;0;0;0;0;3;0;2;0;0;0;2;2;0;0;1;6;0;0;0;1;0;0;0;0;0;0;0;0;0;0;0;0;0;1;8;1;3;2;38;1;0;0;0;0;0;0;1;0;0;0;0;0;0;0;1;0;0;1;0;0;0;0;0;0;0;0;0;0;1;0;0;3;0;0;0;0;0;0;0;0;0;0;0;0;0;0;0;0;0;0;0;0;0;0;0;0;0;0
36;"Świetlica Wiejska w Kubicach, Kubice 46A, 48-303 Nysa";160705;"gm. Nysa";"nyski";"opolskie";1;1;0;0;0;0;0;1;0;0;0;0;0;0;0;0;0;0;0;0;0;0;0;0;0;0;1;2;0;7;0;1;0;0;0;1;0;1;1;0;0;0;4;0;0;0;0;0;0;0;6;0;0;0;0;0;0;1;0;1;0;1;0;0;0;0;1;0;1;0;0;0;0;0;39;53;11;9;8;1;0;0;0;2;0;0;0;0;0;0;0;0;0;0;0;1;0;0;11;1;0;1;0;3;0;3;0;1;1;0;0;0;1;1;0;0;0;0;0;0;0;1;10;0;0;0;18;1;0;0;0;0;1;1;0;0;0;0;0;0;0;0;0;0;0;2;2;0;0;0;0;0;0;0;0;0;0;0;0;0;0;0;0;0;0;0;0;0;0;0;0;0;0;0;0;0;0;0;0;0;0;0;0;0;0;0
37;"Świetlica Wiejska w Morowie, Morów 12, 48-303 Nysa";160705;"gm. Nysa";"nyski";"opolskie";1;1;0;0;0;0;0;0;0;1;0;0;0;0;0;0;0;0;0;0;0;0;0;0;0;0;2;1;3;0;2;0;0;0;0;0;0;0;0;0;0;0;1;0;0;0;1;0;0;0;5;4;2;1;0;0;1;0;0;0;0;0;1;0;0;0;0;0;0;0;1;0;0;0;16;13;9;5;11;4;1;0;0;4;1;0;1;0;0;1;0;0;0;1;0;0;0;0;2;2;0;1;0;0;0;0;0;0;0;0;1;0;0;1;0;0;0;0;0;0;0;0;12;0;0;1;32;0;1;0;0;0;1;0;0;0;0;0;0;0;0;0;0;0;0;2;1;0;0;0;0;0;1;0;0;0;0;0;0;1;0;2;1;0;0;0;1;0;0;0;0;0;0;0;0;0;0;0;0;0;0;0;0;0;0;0
38;"Świetlica Wiejska w Przełęku, Przełęk 75, 48-303 Nysa";160705;"gm. Nysa";"nyski";"opolskie";1;1;0;0;0;0;0;0;0;0;0;1;0;0;0;1;0;0;0;0;0;0;0;0;0;0;12;1;0;11;0;3;0;1;0;1;0;3;0;0;0;0;3;0;1;0;2;0;1;0;3;2;0;0;0;0;0;0;0;0;0;2;0;1;0;1;0;0;0;0;0;0;0;0;34;25;31;21;4;0;2;0;1;8;0;0;1;0;0;0;0;0;6;0;0;0;1;0;12;1;0;2;1;15;1;0;0;0;0;0;0;0;1;1;0;0;0;1;1;0;1;1;16;1;1;0;31;0;1;0;0;0;0;0;0;0;0;0;0;0;0;0;6;0;0;4;1;0;0;0;0;0;0;0;0;0;0;0;0;0;0;0;1;0;0;0;0;0;0;0;0;0;0;0;0;0;0;0;0;0;0;0;0;0;0;0
39;"Świetlica Wiejska w Siestrzechowicach, Siestrzechowice ul. Boczna 8B, 48-303 Nysa";160705;"gm. Nysa";"nyski";"opolskie";1;1;2;0;0;0;1;0;0;2;1;0;0;0;0;0;0;0;0;0;0;0;0;0;0;0;2;0;1;2;0;0;0;0;1;0;0;2;0;1;0;0;1;0;0;0;0;0;0;0;2;0;0;0;0;0;0;0;0;0;0;0;0;0;0;0;0;3;0;0;0;0;0;0;23;14;13;4;1;1;1;0;0;2;0;0;0;1;0;0;0;0;1;0;0;0;0;0;0;0;1;0;0;3;0;0;0;0;0;0;0;0;0;0;0;0;0;0;0;0;0;0;12;0;3;0;25;2;2;0;0;0;0;0;0;0;0;0;0;0;0;1;0;0;0;3;2;0;0;0;0;0;0;0;0;0;0;0;0;0;0;0;0;0;0;0;0;0;0;0;0;0;0;0;0;0;0;0;0;0;0;0;0;0;0;0
40;"Zespół Opieki Zdrowotnej w Nysie, ul. Bohaterów Warszawy 23, 48-300 Nysa";160705;"gm. Nysa";"nyski";"opolskie";1;1;0;0;0;0;0;0;0;0;0;0;0;0;0;0;0;0;0;0;0;0;0;0;0;0;1;0;1;2;0;1;0;0;0;0;1;0;0;0;0;0;0;0;0;0;0;0;0;0;0;1;1;1;0;0;0;0;0;0;1;0;0;0;0;1;0;0;0;0;1;0;0;0;11;5;9;4;2;0;0;0;1;2;1;0;0;0;0;0;0;0;0;0;1;0;0;0;1;0;0;0;1;0;0;0;0;0;0;0;0;0;0;0;0;0;0;0;0;0;0;0;6;0;3;1;8;0;0;0;0;0;0;0;0;0;0;0;0;0;0;0;1;0;0;0;1;0;0;0;0;0;0;0;0;0;0;0;0;0;0;0;0;0;0;0;0;0;0;0;0;0;0;0;0;0;0;0;0;0;0;0;0;0;0;0
41;"Zakład Karny w Nysie, ul. Tadeusza Kościuszki 4a, 48-300 Nysa";160705;"gm. Nysa";"nyski";"opolskie";1;1;2;2;0;0;1;0;0;0;1;0;0;0;0;0;0;0;0;1;1;0;0;1;0;0;36;2;2;2;1;6;1;1;3;0;1;2;0;0;2;4;1;0;2;0;0;0;5;3;18;0;0;4;0;0;1;2;1;1;1;1;0;1;1;0;0;0;1;0;1;0;0;0;49;4;8;4;1;0;2;2;2;1;0;0;1;2;0;0;2;0;0;1;1;2;0;1;3;1;1;5;1;2;1;0;1;1;0;0;2;0;0;0;1;0;1;1;0;1;0;0;141;11;10;6;15;18;12;1;2;0;5;8;1;3;1;3;1;2;0;5;3;2;0;1;2;0;0;0;0;1;0;0;0;0;0;0;0;0;0;0;1;1;0;0;0;0;0;0;0;0;2;0;0;0;0;0;0;0;0;0;0;0;0;0
1;"Miejsko-Gminny Dom Kultury-sala nr 1, ul. Szkolna 2, 48-385 Otmuchów";160706;"gm. Otmuchów";"nyski";"opolskie";1;1;3;2;1;0;0;0;0;0;0;0;1;0;1;0;0;0;1;0;0;0;0;0;0;0;30;10;4;11;1;3;0;0;0;0;0;0;0;1;1;2;2;0;2;1;2;0;0;0;8;0;0;0;0;1;2;0;0;0;0;0;0;0;0;1;0;0;0;0;0;0;0;0;55;65;55;14;7;3;1;2;2;2;0;1;1;0;0;0;0;0;0;2;0;0;0;0;10;1;4;1;1;5;0;1;0;0;2;0;0;3;0;0;0;0;0;0;0;1;0;2;65;3;11;3;64;5;0;0;0;1;0;1;0;0;1;0;0;1;1;1;0;0;0;4;4;0;0;0;0;0;0;0;0;0;0;0;0;0;0;1;0;0;0;0;0;0;0;0;0;0;0;0;0;0;0;0;0;0;0;0;0;0;0;0
2;"Liceum Ogólnokształcące w Otmuchowie, ul. Krakowska 36, 48-385 Otmuchów";160706;"gm. Otmuchów";"nyski";"opolskie";1;1;1;0;2;0;1;0;2;0;1;0;0;0;0;1;0;0;0;0;0;0;0;1;0;0;24;4;3;13;1;9;2;0;1;1;0;3;0;1;0;0;2;0;1;0;1;0;0;0;34;1;4;2;0;0;5;0;0;0;0;1;0;0;0;1;0;0;0;0;1;0;0;0;42;71;44;15;7;3;0;0;1;4;1;1;2;0;0;0;0;1;0;1;0;1;0;2;17;0;4;3;2;5;0;0;1;2;3;0;1;0;0;0;0;0;0;0;0;1;0;2;48;8;12;3;55;10;0;0;2;2;1;0;0;0;0;0;0;0;0;0;0;0;3;2;7;1;0;1;0;2;0;0;0;0;0;0;0;1;0;1;0;0;0;0;0;0;0;0;0;0;0;0;0;0;0;0;0;0;0;0;0;0;0;0
3;"Miejsko-Gminny Dom Kultury – sala nr 2, ul. Szkolna 2, 48-385 Otmuchów";160706;"gm. Otmuchów";"nyski";"opolskie";1;1;2;2;3;0;0;0;0;0;0;0;0;0;0;0;0;0;0;0;0;0;0;0;1;1;11;1;2;4;3;3;1;0;0;0;1;1;0;0;0;2;0;1;1;0;2;0;2;1;12;3;1;0;0;0;2;1;0;0;2;1;0;0;0;1;0;0;0;0;0;0;1;0;47;36;38;16;2;1;0;1;1;2;0;0;0;0;0;0;0;0;0;0;0;0;0;0;9;0;1;1;1;1;1;0;1;0;0;0;0;0;0;0;0;1;0;0;0;0;0;0;34;0;16;3;47;1;0;0;0;1;0;0;0;0;0;0;0;0;0;0;2;0;1;1;1;0;0;0;0;0;0;0;0;0;0;0;0;1;0;0;2;0;0;0;0;0;0;0;0;0;0;0;0;0;0;0;0;0;0;0;0;0;0;0
4;"Centrum Przesiadkowe, ul. Mickiewicza 14, 48-385 Otmuchów";160706;"gm. Otmuchów";"nyski";"opolskie";1;1;2;0;0;0;0;0;0;0;0;0;2;0;0;0;0;0;0;0;0;0;0;0;0;0;18;4;0;20;4;6;3;2;1;0;0;4;0;0;1;0;1;2;0;0;3;0;2;1;14;4;2;1;0;0;0;1;1;3;1;0;0;1;1;0;0;0;1;0;0;0;0;1;69;52;69;50;4;5;10;0;1;1;0;0;0;3;0;0;1;0;2;0;0;0;0;1;24;3;1;8;2;3;1;1;0;1;3;0;0;0;2;0;2;1;0;0;0;1;1;2;62;3;12;2;61;1;3;2;0;0;2;3;0;0;1;0;0;0;0;2;2;1;3;4;2;0;0;0;0;0;0;0;0;0;0;0;0;0;0;0;1;0;0;0;0;0;0;0;0;0;1;0;0;0;0;0;0;0;0;0;0;0;0;0
5;"Kino, rynek Rynek 7, 48-385 Otmuchów";160706;"gm. Otmuchów";"nyski";"opolskie";1;1;5;0;0;0;0;0;0;0;2;2;1;0;0;0;0;0;0;0;0;0;0;0;0;0;6;2;2;6;0;1;0;0;0;0;0;2;0;0;0;1;1;0;0;0;0;0;0;0;24;3;5;0;1;0;0;0;0;0;0;2;0;2;0;1;0;0;0;0;0;2;0;0;46;66;44;22;9;5;2;1;0;5;1;0;0;0;1;0;0;0;0;1;1;0;0;1;7;1;0;2;1;3;0;1;0;0;1;0;1;0;0;1;1;0;0;1;0;0;0;1;57;4;10;2;44;1;2;0;1;2;3;1;0;0;1;1;0;0;0;0;0;0;0;5;0;0;0;0;1;0;0;0;1;0;0;0;0;0;0;0;1;0;0;0;0;0;0;0;0;0;0;0;0;0;0;0;0;0;0;0;0;0;0;0
6;"Miejsko-Gminny Dom Kultury – sala nr 3, ul. Szkolna 2, 48-385 Otmuchów";160706;"gm. Otmuchów";"nyski";"opolskie";1;1;6;3;0;0;0;1;0;0;0;0;0;0;0;0;0;0;0;0;0;0;0;0;0;0;21;4;1;8;4;5;0;1;3;1;0;1;2;2;0;0;0;0;1;0;1;0;0;1;14;4;7;0;0;0;2;0;0;0;1;0;1;2;0;0;2;0;0;0;1;0;0;0;69;84;71;22;9;6;2;0;3;2;0;0;0;0;2;0;0;0;0;0;1;0;0;0;17;2;1;1;1;4;0;0;0;0;0;0;0;0;1;1;0;0;0;1;0;0;0;1;57;6;10;2;60;2;1;0;0;1;1;1;0;0;0;0;0;0;0;0;0;1;0;5;6;1;0;0;0;0;0;0;0;0;0;0;0;3;0;2;0;0;0;0;0;0;0;0;0;0;0;0;0;0;0;0;0;0;0;0;0;0;0;0
7;"Świetlica w Otmuchowie, ul. Kalinowa 7, 48-385 Otmuchów";160706;"gm. Otmuchów";"nyski";"opolskie";1;1;3;0;0;0;0;1;0;1;0;2;0;0;0;1;0;0;0;0;0;0;0;0;0;1;14;4;0;17;4;3;2;0;1;2;0;3;0;0;0;0;1;0;0;0;1;0;0;1;12;1;5;0;0;0;2;0;1;0;0;0;0;2;0;0;0;0;0;0;0;0;0;0;55;60;36;15;3;3;4;0;1;1;0;0;0;0;0;0;0;0;2;0;0;0;0;0;18;0;3;4;1;3;2;0;1;1;1;0;0;0;1;0;0;0;0;0;0;3;0;0;33;2;2;0;41;3;1;1;0;0;2;0;1;0;0;0;0;0;0;0;0;0;1;4;0;0;0;0;0;0;1;0;1;0;0;0;0;0;0;0;0;0;0;0;0;0;0;0;0;0;0;0;0;0;0;0;0;0;0;0;0;0;0;0
8;"Świetlica Wiejska w Rysiowicach, Rysiowice 6, 48-385 Otmuchów";160706;"gm. Otmuchów";"nyski";"opolskie";1;1;3;0;0;0;1;0;0;0;0;0;0;0;0;0;0;0;0;0;0;0;0;0;0;0;12;0;3;16;0;2;1;1;0;0;0;5;0;0;0;1;4;0;3;1;4;1;1;0;13;1;2;1;0;0;0;0;0;0;1;0;0;3;0;3;0;0;0;0;0;0;0;0;52;83;55;45;11;4;1;8;1;5;0;0;0;0;0;1;1;0;1;0;1;2;0;1;9;3;2;1;0;4;1;0;1;0;2;0;0;0;1;0;0;0;0;0;0;0;0;0;32;2;3;0;32;3;2;0;2;0;0;0;0;0;0;0;0;0;1;0;0;0;0;2;3;0;0;0;0;0;0;0;0;0;0;0;0;4;0;2;0;0;0;0;0;1;0;0;0;0;0;0;0;0;0;0;0;0;0;0;0;0;0;0
9;"Świetlica Wiejska w Maciejowicach, Maciejowice 15, 48-385 Otmuchów";160706;"gm. Otmuchów";"nyski";"opolskie";1;1;2;0;1;0;0;0;0;0;0;0;0;0;0;0;0;0;0;0;0;0;3;0;0;0;16;3;0;20;1;1;1;2;2;1;0;3;0;0;0;1;2;1;0;0;1;0;0;1;16;0;1;1;0;0;2;0;0;0;0;0;0;0;0;0;0;0;0;0;0;0;0;0;36;38;30;38;2;4;0;0;2;3;1;0;0;0;0;0;0;0;1;0;0;0;0;0;4;2;1;4;2;5;1;0;1;1;1;0;0;0;0;2;0;0;0;1;0;0;0;0;35;4;5;1;28;2;1;1;1;0;2;0;0;0;0;0;2;0;0;0;0;0;1;2;1;0;0;1;0;0;0;0;0;0;0;0;0;0;0;0;0;0;0;0;0;0;0;0;1;0;0;0;0;0;0;0;0;0;0;0;0;0;0;0
10;"Świetlica Wiejska w Piotrowicach Nyskich, Piotrowice Nyskie 19, 48-385 Otmuchów";160706;"gm. Otmuchów";"nyski";"opolskie";1;1;4;1;1;0;0;1;2;1;1;0;0;0;0;1;0;0;1;0;0;0;0;0;0;0;13;9;1;17;2;3;2;0;0;0;1;3;0;0;1;2;0;0;1;0;1;0;0;0;10;2;0;4;0;1;2;0;1;0;0;2;0;2;0;0;0;0;0;0;0;1;0;0;67;107;46;14;6;2;0;1;3;6;0;0;0;1;0;0;1;1;0;1;0;0;1;1;15;0;1;10;2;3;1;0;0;0;3;0;0;0;1;0;0;1;0;0;0;0;0;1;48;2;6;2;40;4;3;0;0;0;1;3;0;0;0;1;1;0;1;1;1;3;1;3;6;0;0;1;0;1;1;1;1;0;0;0;0;0;0;0;0;0;0;0;0;0;0;0;0;0;0;0;0;0;0;0;0;0;0;0;0;0;0;0
11;"Dom Kultury w Kałkowie, Kałków 58, 48-364 Kałków";160706;"gm. Otmuchów";"nyski";"opolskie";1;1;1;1;0;0;0;0;0;1;0;0;0;0;0;0;0;0;1;0;0;0;0;0;0;0;12;1;2;22;0;1;2;1;0;0;0;1;0;0;0;2;2;0;0;0;1;0;0;2;14;4;0;2;0;0;1;0;0;0;1;4;0;0;2;0;0;0;0;0;0;0;0;0;29;77;33;33;7;6;1;0;4;2;1;0;0;0;0;0;0;0;0;1;1;0;0;0;18;3;2;4;1;6;2;0;0;2;0;1;0;3;2;0;2;0;0;1;0;1;0;0;47;4;4;3;42;2;0;0;0;0;0;2;0;0;0;0;0;1;2;2;2;0;0;3;2;0;0;0;0;0;0;0;0;2;0;0;0;0;0;0;0;0;0;0;0;0;0;0;0;0;0;0;0;0;0;0;0;0;0;0;0;0;0;0
12;"Świetlica Wiejska w Jodłowie, Jodłów 46, 48-385 Otmuchów";160706;"gm. Otmuchów";"nyski";"opolskie";1;1;0;0;0;0;0;0;1;0;1;0;0;0;0;0;0;0;0;0;1;0;0;0;0;0;10;0;0;13;1;2;0;0;0;1;0;4;0;0;0;0;0;1;0;0;1;0;0;0;6;0;0;1;0;0;2;0;0;1;1;1;0;1;0;0;0;0;0;0;0;0;0;1;37;45;34;11;2;0;0;0;0;8;0;0;0;0;0;0;0;0;1;0;0;0;0;1;5;1;3;0;1;1;0;0;0;0;1;0;0;0;1;0;0;0;0;2;0;1;0;0;26;3;1;0;13;1;0;0;0;0;0;0;0;0;0;0;0;0;0;0;1;0;0;0;3;0;0;0;0;1;0;0;0;0;0;0;0;0;0;0;0;0;0;0;0;0;0;0;0;0;0;0;0;0;0;0;0;0;0;0;0;0;0;0
13;"Świetlica Wiejska w Jarnołtowie, Jarnołtów 92, 48-385 Otmuchów";160706;"gm. Otmuchów";"nyski";"opolskie";1;1;0;0;0;0;0;0;0;0;1;1;0;0;0;0;0;0;0;0;0;0;0;0;0;0;11;0;3;25;0;0;0;0;0;1;0;5;0;0;0;1;1;0;0;0;2;0;1;0;9;0;0;0;1;0;0;2;0;0;0;0;0;0;0;1;0;0;0;0;0;0;0;1;51;44;36;11;3;1;0;0;0;3;1;0;0;0;0;0;0;0;5;0;0;0;0;0;7;1;5;2;0;5;0;1;0;1;0;0;1;0;0;0;0;0;0;3;0;0;1;0;18;0;3;0;63;1;0;0;0;0;0;0;0;0;0;0;0;0;0;1;3;0;0;0;1;1;0;0;0;0;2;1;0;0;0;0;1;0;0;0;0;0;0;0;0;0;0;0;0;0;0;0;0;0;0;0;0;0;0;0;0;0;0;0
14;"Budynek byłej szkoły Świetlica Wiejska w Bukowie, Buków 92, 48-385 Otmuchów";160706;"gm. Otmuchów";"nyski";"opolskie";1;1;4;0;1;0;0;1;1;0;0;0;0;0;0;1;0;0;0;0;0;0;0;0;0;0;9;4;0;24;0;1;1;0;2;0;0;3;0;0;0;0;3;0;2;0;6;1;0;0;11;0;2;0;0;0;0;0;0;0;0;1;0;0;0;1;0;1;0;0;0;0;0;0;73;67;49;8;4;2;0;0;0;3;0;0;0;0;0;1;0;0;0;0;2;1;0;0;6;0;2;2;1;4;0;1;0;5;3;0;1;0;0;0;0;0;0;0;0;0;0;0;40;6;12;1;54;1;0;0;0;1;0;0;0;0;0;0;0;0;0;0;1;0;0;1;3;2;0;0;0;0;0;0;1;0;0;0;0;0;0;0;0;0;0;0;0;0;0;1;0;0;0;0;0;0;0;0;0;0;0;0;1;0;0;0
15;"Świetlica Wiejska w Ligocie Wielkiej (była remiza), Ligota Wielka 56B, 48-385 Otmuchów";160706;"gm. Otmuchów";"nyski";"opolskie";1;1;3;0;0;0;0;1;0;0;0;0;1;0;0;0;0;0;0;0;0;0;0;0;0;0;22;3;2;9;0;2;2;2;0;0;1;1;0;0;0;1;1;0;0;0;3;0;0;0;4;1;0;0;0;2;1;0;2;0;1;1;0;2;0;1;0;1;0;0;0;0;0;0;46;57;45;33;2;7;1;0;1;2;0;0;0;2;0;1;1;1;1;0;0;0;0;0;8;5;0;3;0;5;0;0;1;0;3;0;0;0;0;0;0;0;0;0;2;0;0;0;9;2;4;1;19;1;0;1;0;0;1;0;0;0;0;0;0;0;0;0;0;0;0;0;0;0;0;0;0;0;0;0;0;0;0;0;0;7;0;1;0;0;0;1;0;0;0;0;0;0;0;0;0;0;0;0;0;0;0;0;0;0;0;0
1;"Przedszkole Publiczne Nr 3, ul. Młyńska 23, 48-370 Paczków";160707;"gm. Paczków";"nyski";"opolskie";1;1;2;0;0;0;1;0;0;1;2;0;0;0;0;0;0;0;0;0;0;0;0;0;0;3;23;8;2;10;2;1;0;1;4;1;0;5;1;0;0;1;5;0;2;0;1;0;0;1;25;1;2;2;0;0;1;2;3;1;2;0;2;0;0;2;0;1;0;0;0;0;0;1;134;39;31;36;7;6;1;0;4;4;0;1;0;1;0;0;0;0;1;2;1;2;0;6;15;2;0;4;1;4;1;1;1;1;0;1;1;0;0;0;0;0;0;0;0;2;2;1;84;10;31;7;50;4;1;0;0;2;12;1;0;2;1;4;1;0;1;0;2;1;0;13;6;0;1;0;0;0;0;2;0;0;0;0;0;0;0;0;0;0;0;0;0;0;0;0;0;0;0;0;0;0;0;0;0;0;0;0;0;0;0;0
2;"Zespół Szkół, ul. Hugona Kołłątaja 9, 48-370 Paczków";160707;"gm. Paczków";"nyski";"opolskie";1;1;1;0;1;0;0;0;1;0;0;1;3;0;0;0;1;0;0;0;0;0;0;1;1;0;24;6;2;11;0;2;0;1;2;0;0;3;0;0;0;2;0;2;2;1;1;0;2;1;26;3;1;7;1;0;3;0;3;0;1;0;0;1;0;0;0;1;0;0;0;0;1;0;111;57;38;48;9;5;3;0;2;3;0;0;3;0;1;0;0;0;2;2;0;2;0;2;24;0;4;14;5;3;1;0;4;3;1;1;0;1;0;0;0;0;0;0;0;1;3;0;77;7;21;7;54;5;3;2;1;1;6;3;0;1;0;1;0;0;0;0;1;1;0;15;8;1;1;0;0;0;0;0;1;1;2;0;1;1;0;0;0;0;0;0;0;0;0;0;0;0;0;0;0;0;0;0;0;0;0;0;0;0;0;0
3;"Dom Plastyka, rynek Rynek 20, 48-370 Paczków";160707;"gm. Paczków";"nyski";"opolskie";1;1;3;1;1;1;0;2;0;0;0;0;0;0;0;1;0;0;0;1;0;0;0;0;1;0;19;5;1;7;8;4;1;0;2;0;0;2;0;1;0;2;3;3;2;0;1;1;1;2;34;2;1;4;2;1;3;0;0;0;0;1;0;0;0;1;0;0;0;0;0;2;0;0;117;66;44;45;6;1;5;0;2;2;0;2;2;1;1;0;0;1;1;2;1;0;2;1;21;6;2;8;5;6;1;0;0;0;2;0;0;1;1;0;2;0;0;1;1;1;1;1;87;5;23;7;60;8;2;0;1;0;4;0;0;1;2;0;0;0;0;1;2;0;0;7;3;1;0;1;3;0;1;0;0;2;0;0;1;2;0;0;1;0;0;0;0;0;0;0;0;0;0;0;0;0;0;0;0;0;1;0;0;0;0;0
4;"Przedszkole Publiczne Nr 2, ul. Wojska Polskiego 43, 48-370 Paczków";160707;"gm. Paczków";"nyski";"opolskie";1;1;5;3;0;1;0;0;1;0;1;0;0;0;0;0;0;0;0;0;0;0;0;1;0;0;51;14;5;22;7;6;2;0;1;0;1;0;10;0;1;2;6;0;3;1;4;0;0;2;59;6;4;7;1;0;4;1;2;0;0;0;1;1;0;1;1;0;0;0;0;0;0;0;201;89;69;90;15;7;1;0;1;3;0;0;2;4;1;2;1;0;1;2;1;1;0;3;30;5;2;10;0;6;2;0;4;2;7;1;3;0;0;0;0;0;0;1;0;0;1;1;176;11;59;11;92;11;4;1;1;0;18;3;1;1;0;2;0;0;1;1;3;0;0;10;5;1;0;0;0;0;1;0;0;1;0;1;1;0;0;0;2;0;0;0;0;0;0;0;0;0;0;0;0;0;0;0;0;0;0;0;0;0;0;0
5;"Wiejski Dom Kultury, Dziewiętlice 85, 48-370 Paczków";160707;"gm. Paczków";"nyski";"opolskie";1;1;4;0;0;0;0;1;0;0;1;0;0;0;0;0;0;0;0;0;0;0;0;0;0;0;6;3;0;5;1;1;0;0;0;0;0;0;0;0;0;0;2;0;0;0;0;0;0;3;6;3;0;0;0;0;3;0;0;1;2;0;0;0;1;0;0;0;0;0;0;0;0;0;17;44;17;74;2;4;2;1;0;0;0;0;0;0;0;0;0;1;0;0;1;0;0;1;4;0;0;1;0;0;0;0;0;0;1;0;2;0;0;0;1;0;0;0;1;1;2;0;22;1;1;1;9;0;1;0;0;0;1;0;0;0;0;0;0;0;1;0;1;0;0;3;0;0;1;0;0;0;0;1;0;0;0;0;0;0;0;0;1;0;0;0;0;0;0;0;0;0;0;0;0;0;0;0;0;0;0;0;0;0;0;0
6;"Świetlica w budynku Remizy OSP Gościce, Gościce 33a, 48-370 Paczków";160707;"gm. Paczków";"nyski";"opolskie";1;1;1;0;0;0;0;0;1;0;0;0;0;0;0;0;0;0;0;0;0;0;0;0;0;0;7;1;0;10;1;0;1;0;0;0;0;7;0;0;1;0;2;1;0;0;0;0;0;0;8;1;0;0;0;0;0;2;1;0;0;0;1;0;0;0;0;0;0;0;0;0;1;0;37;31;12;26;1;1;0;0;1;0;0;1;0;0;1;0;0;0;0;0;0;0;0;0;15;1;0;5;1;0;0;0;0;0;1;0;0;0;0;0;0;0;0;0;0;1;0;0;21;1;3;3;17;1;0;0;0;0;2;1;0;0;0;0;0;1;0;0;1;0;0;3;0;0;0;0;0;0;0;0;0;0;0;0;0;0;0;0;0;0;0;0;0;0;0;0;0;0;0;0;0;0;0;0;0;0;0;0;0;0;0;0
7;"Zespół Szkolno-Przedszkolny, Kamienica 94, 48-370 Paczków";160707;"gm. Paczków";"nyski";"opolskie";1;1;2;1;0;1;1;0;0;2;0;0;0;0;0;0;0;0;0;0;0;0;0;0;1;0;3;1;0;21;1;2;0;0;1;0;0;1;0;0;0;0;1;0;0;0;4;0;0;0;11;1;0;0;0;0;0;1;0;0;0;0;2;0;0;0;0;1;0;0;0;0;0;0;48;60;21;45;8;0;1;2;0;0;0;1;0;2;0;1;0;2;0;1;1;1;0;0;9;3;4;1;0;2;0;0;0;0;1;0;2;1;2;1;0;0;0;0;0;0;0;0;22;8;5;2;21;5;3;0;2;0;0;0;0;0;0;0;0;0;0;0;2;0;0;0;2;0;0;0;0;0;0;0;0;0;0;0;0;1;0;1;0;0;0;0;0;1;1;0;0;0;0;0;0;0;0;0;0;0;0;0;0;0;0;0
8;"Przedszkole Publiczne, Stary Paczków 108a, 48-370 Paczków";160707;"gm. Paczków";"nyski";"opolskie";1;1;1;0;0;0;0;0;0;0;0;0;0;0;0;0;0;1;0;0;0;0;0;0;0;0;2;0;5;14;0;0;1;1;0;0;1;3;0;0;0;0;0;1;0;0;0;1;2;0;2;0;0;0;0;1;0;0;1;0;2;1;0;0;0;0;0;0;0;0;0;0;0;0;30;44;8;16;6;4;0;0;1;2;0;0;0;2;0;0;0;0;0;0;0;0;0;0;4;0;0;2;1;0;0;0;0;1;1;0;0;0;0;0;0;0;0;0;0;0;0;0;6;1;3;0;13;3;2;1;0;0;1;2;1;0;0;0;0;0;0;2;0;0;0;3;0;0;0;0;0;0;0;0;0;0;0;0;0;0;0;0;0;0;0;0;0;0;0;0;0;0;0;0;0;0;0;0;0;0;0;0;0;0;0;0
9;"Wiejski Dom Kultury, Trzeboszowice 11, 48-370 Paczków";160707;"gm. Paczków";"nyski";"opolskie";1;1;0;1;0;0;0;1;0;0;0;1;0;0;0;0;1;0;0;1;0;0;0;1;0;1;10;2;0;4;0;3;0;0;0;0;0;1;0;0;0;0;1;0;2;1;1;0;1;1;16;1;0;0;0;1;1;0;0;1;0;1;0;1;0;0;0;0;0;0;0;0;2;0;40;57;17;14;4;7;0;0;0;2;0;0;0;0;4;0;0;0;1;0;3;0;0;0;6;1;0;2;0;3;0;0;1;0;1;0;0;0;1;0;1;0;0;0;0;0;0;0;30;3;6;0;31;0;0;0;1;0;5;0;0;1;0;0;0;0;1;0;0;0;1;4;2;0;0;0;0;0;0;1;0;0;0;0;0;1;0;2;0;0;0;0;0;0;0;0;0;0;0;0;0;0;0;0;0;0;0;0;0;0;0;0
10;"Świetlica Wiejska, Ujeździec 52a, 48-370 Paczków";160707;"gm. Paczków";"nyski";"opolskie";1;1;2;0;0;0;0;1;0;1;0;0;0;0;0;0;0;1;1;0;1;0;0;0;0;1;5;1;1;8;0;1;0;1;0;0;1;1;0;1;0;1;0;0;0;0;4;0;0;0;9;2;1;1;0;0;0;1;1;0;0;0;0;0;0;0;0;0;0;0;0;0;0;0;24;26;11;19;1;1;0;0;0;2;0;0;0;0;0;0;0;0;0;0;0;1;0;0;9;0;1;2;1;1;1;0;0;2;0;0;0;0;1;0;0;0;0;0;0;0;0;0;11;2;6;0;6;2;0;0;0;0;4;0;0;0;0;0;0;0;0;1;0;2;0;1;3;0;0;0;0;0;0;0;0;0;0;0;0;0;0;0;0;0;0;0;0;0;0;0;0;0;0;0;0;0;0;0;0;0;0;0;0;0;0;0
11;"Świetlica Wiejska, Unikowice 31A, 48-370 Paczków";160707;"gm. Paczków";"nyski";"opolskie";1;1;0;0;0;1;0;0;0;0;0;0;0;0;0;0;0;0;0;0;0;1;0;0;0;0;6;0;1;3;2;2;0;0;0;0;0;0;0;0;0;3;1;0;0;0;0;0;0;1;4;0;0;2;0;0;0;1;0;0;0;0;0;3;1;0;0;1;1;0;0;0;0;0;24;18;11;12;5;0;0;0;0;0;0;0;0;1;0;0;0;0;0;0;0;0;0;0;5;0;0;3;0;1;0;0;0;0;0;1;0;0;0;0;0;0;0;0;0;0;0;0;15;0;9;0;15;2;1;1;0;0;0;0;0;0;0;0;0;0;0;1;0;0;0;2;1;0;0;0;0;0;0;0;0;0;0;0;0;1;0;1;0;0;0;0;0;0;0;0;0;0;0;0;0;0;0;0;0;0;0;0;0;0;0;0
12;"Wiejski Dom Ludowy, Kozielno 38, 48-370 Paczków";160707;"gm. Paczków";"nyski";"opolskie";1;1;5;0;0;0;0;0;0;0;0;0;0;0;0;0;0;0;0;0;0;0;0;0;0;0;7;0;0;3;0;0;0;0;0;0;0;2;0;0;0;1;0;0;0;0;1;0;0;0;6;0;2;1;0;0;0;0;0;0;0;1;0;0;0;1;0;0;0;0;0;0;0;0;23;23;9;23;0;0;0;0;0;1;0;0;0;1;0;0;1;0;0;0;0;0;0;0;5;2;1;2;0;1;0;0;1;1;0;0;0;1;2;0;0;0;0;0;0;2;0;0;7;0;1;0;8;0;1;0;0;0;0;0;0;0;0;0;0;0;0;0;0;1;0;1;0;0;0;0;0;0;0;0;0;0;0;0;0;0;0;0;0;0;0;0;0;0;0;0;0;0;0;0;0;0;0;0;0;0;0;0;0;0;0;0
13;"Wiejski Dom Kultury, Kamienica 92, 48-370 Paczków";160707;"gm. Paczków";"nyski";"opolskie";1;1;1;0;0;0;0;0;1;0;1;0;0;0;0;0;0;0;0;0;0;0;0;0;0;0;10;3;0;5;1;0;0;0;0;0;1;5;0;0;0;0;0;0;3;0;2;0;0;2;10;0;0;0;0;0;0;0;0;0;1;0;0;0;0;0;0;0;0;0;0;0;0;0;28;47;10;36;7;2;0;0;0;0;0;0;0;0;0;0;0;0;0;0;0;0;0;0;7;2;0;0;1;0;1;0;0;0;1;0;0;0;0;1;0;0;0;0;0;0;0;0;18;2;5;2;2;2;3;0;0;0;0;0;0;0;0;0;0;0;0;0;0;0;0;2;3;0;0;0;0;0;0;0;0;1;0;0;0;0;0;0;0;0;0;0;0;0;0;0;0;0;0;0;1;0;0;0;0;0;0;0;0;0;0;0
14;"Remiza strażacka/ Świetlica Wiejska w Wilamowej, Wilamowa 54a, 48-370 Paczków";160707;"gm. Paczków";"nyski";"opolskie";1;1;2;0;0;0;0;0;0;0;0;0;0;0;0;0;0;0;0;0;0;0;0;0;0;1;8;0;0;10;2;0;0;0;0;0;0;1;0;0;1;0;0;0;0;0;1;0;0;0;6;0;0;0;0;0;0;0;0;0;0;0;1;0;0;0;0;0;0;0;0;1;0;0;19;17;11;4;1;1;0;0;0;0;0;0;0;0;0;0;1;0;0;0;0;0;0;0;6;1;1;0;0;2;0;0;2;1;1;0;0;0;0;0;0;0;0;0;0;0;0;0;19;1;3;1;4;2;0;1;0;0;2;0;0;0;0;0;0;0;0;0;0;0;0;0;2;0;0;0;0;0;0;0;0;0;0;0;0;0;0;0;0;0;0;0;0;0;0;0;0;0;0;0;0;0;0;0;0;0;0;0;0;0;0;0
15;"Świetlica Wiejska w Ściborzu, Ścibórz 10a, 48-370 Paczków";160707;"gm. Paczków";"nyski";"opolskie";1;1;0;0;0;0;0;0;0;0;0;0;0;0;0;0;0;0;0;0;0;1;0;0;0;0;8;2;1;6;2;1;0;0;0;0;0;3;0;0;0;0;1;0;0;0;1;0;0;0;4;1;0;0;0;0;1;0;0;0;0;0;0;0;0;0;0;0;0;0;0;0;0;0;11;23;9;11;3;1;0;1;0;2;0;0;0;0;0;0;0;0;0;0;0;1;0;1;14;1;0;2;0;0;0;1;0;0;1;1;0;0;0;0;0;0;0;0;0;0;0;0;14;0;6;0;28;0;0;0;0;0;0;0;0;0;0;0;0;0;0;0;0;1;0;4;2;0;0;0;0;1;0;0;0;0;0;0;0;0;0;0;0;0;0;0;0;0;0;0;0;0;0;0;0;0;0;0;0;0;0;0;0;0;0;0
16;"Zespół Opieki Zdrowotnej w Nysie-Szpital w Paczkowie, ul. Stanisława Staszica 3, 48-370 Paczków";160707;"gm. Paczków";"nyski";"opolskie";1;1;0;0;0;0;0;0;0;0;0;0;0;0;0;0;0;0;0;0;0;0;0;0;0;0;0;0;0;0;1;0;0;0;0;0;0;0;0;0;0;0;0;0;0;0;0;0;0;0;0;0;0;0;0;0;0;0;0;0;0;0;0;0;0;0;0;0;0;0;0;0;0;0;7;0;1;0;2;1;0;2;0;0;0;0;0;0;0;1;0;0;1;0;0;0;0;0;1;0;0;0;0;0;0;0;0;0;0;0;0;0;0;0;0;0;0;0;0;0;0;0;2;0;0;0;0;0;0;0;0;0;0;0;0;0;0;0;0;0;0;0;0;0;0;0;0;0;0;0;0;0;0;0;0;0;0;0;0;0;0;0;0;0;0;0;0;0;0;0;0;0;0;0;0;0;0;0;0;0;0;0;0;0;0;0
1;"Gminna Biblioteka Publiczna w Pakosławicach, Pakosławice 38, 48-314 Pakosławice";160708;"gm. Pakosławice";"nyski";"opolskie";1;1;3;0;0;0;0;0;0;0;0;0;0;0;0;0;0;0;0;0;0;0;0;0;0;0;6;3;2;19;3;3;1;0;0;0;0;1;0;0;0;0;1;0;1;0;0;0;0;0;13;2;1;0;0;1;3;1;0;0;1;0;0;2;0;0;0;0;0;0;1;0;1;0;48;56;43;11;1;3;1;0;3;2;0;0;0;1;0;0;1;0;0;0;0;1;1;0;11;2;3;0;1;5;0;2;1;0;0;0;0;0;0;0;0;1;0;1;0;0;0;1;35;0;8;3;40;1;2;4;2;0;1;0;0;1;0;0;0;0;0;1;1;1;0;18;3;1;0;0;0;0;0;0;0;1;0;0;0;0;0;2;0;0;0;0;0;0;0;0;0;0;0;0;0;0;0;0;0;0;0;0;0;0;0;0
2;"Świetlica w Biechowie, Biechów 8a, 48-314 Pakosławice";160708;"gm. Pakosławice";"nyski";"opolskie";1;1;1;1;0;0;0;0;0;0;0;0;1;0;0;0;1;0;0;0;0;0;0;0;0;0;5;2;0;18;0;0;1;0;0;0;0;2;0;0;0;0;1;0;0;0;0;0;0;0;1;0;3;0;0;0;1;0;0;0;0;0;1;2;0;1;0;0;0;0;0;0;0;0;24;38;53;8;8;4;1;0;1;1;0;0;1;0;0;0;0;0;0;0;2;0;0;1;6;1;1;1;0;0;0;0;0;1;0;0;0;1;0;1;0;0;0;1;0;0;0;0;15;0;5;0;17;3;0;0;1;0;2;1;0;0;0;0;0;0;0;0;0;0;0;0;0;1;0;0;1;0;0;0;0;0;0;0;0;0;0;0;0;0;1;0;0;0;0;0;0;0;0;0;0;0;0;0;0;0;0;0;0;0;0;0
3;"Publiczne Przedszkole we Frączkowie, Frączków 2, 48-314 Pakosławice";160708;"gm. Pakosławice";"nyski";"opolskie";1;1;1;0;0;0;0;0;0;0;3;1;0;0;0;1;0;0;0;0;0;0;0;0;0;0;6;1;0;38;1;1;0;0;0;0;0;3;0;1;0;0;1;0;0;0;1;0;0;0;3;1;1;0;1;0;1;0;1;1;0;0;1;1;0;0;0;0;2;0;0;0;0;0;59;56;45;20;8;6;3;2;3;7;0;0;1;1;0;0;0;0;0;0;1;0;1;0;11;0;2;1;0;7;4;0;2;2;2;0;0;0;3;1;2;1;0;0;0;0;0;3;19;2;4;4;28;0;0;1;0;0;0;0;0;0;0;0;0;0;1;0;0;0;0;4;0;0;1;1;2;0;0;0;0;0;1;0;0;0;0;0;0;0;0;0;0;0;0;0;0;0;0;0;0;0;0;0;0;0;0;0;0;0;0;0
4;"Szkoła Podstawowa w Prusinowicach, Prusinowice ul. Szkolna 9, 48-314 Pakosławice";160708;"gm. Pakosławice";"nyski";"opolskie";1;1;0;0;0;0;0;0;0;0;0;0;1;0;0;0;0;0;0;1;0;0;0;0;0;0;9;2;0;24;1;1;0;0;0;0;0;1;0;0;0;0;2;0;2;2;4;0;1;1;20;1;1;0;0;2;1;0;1;1;1;0;0;0;0;0;0;0;0;1;0;0;0;0;28;34;79;5;8;0;2;0;3;1;0;1;0;0;0;0;0;0;0;0;0;0;0;0;13;1;1;4;0;3;0;0;0;0;1;0;0;0;1;0;0;0;1;0;0;0;0;0;24;2;5;1;31;2;2;0;0;0;0;0;0;1;0;0;0;1;1;0;0;0;0;14;1;1;1;0;0;0;0;0;0;0;0;0;0;0;0;1;0;0;0;0;0;0;0;0;0;0;0;0;0;0;0;0;0;0;0;0;0;0;0;1
5;"Szkoła Podstawowa w Nowakach, Nowaki 45, 48-314 Pakosławice";160708;"gm. Pakosławice";"nyski";"opolskie";1;1;1;0;0;0;0;1;0;0;0;0;0;0;0;0;0;0;0;0;0;0;0;0;0;0;2;0;0;12;0;1;0;0;0;0;0;0;0;0;0;0;0;0;0;0;0;0;0;0;2;3;1;0;1;0;1;0;1;0;0;0;0;1;0;0;0;0;0;0;0;0;0;0;16;18;24;7;18;2;0;0;3;2;0;0;0;0;0;0;0;0;0;0;0;0;2;1;7;0;0;2;0;2;0;1;0;0;0;0;0;0;0;0;0;0;0;0;0;1;0;0;12;0;3;0;8;0;0;0;0;0;1;1;0;0;0;0;0;0;0;0;1;1;0;1;3;0;0;0;0;0;1;0;0;0;0;0;0;0;0;0;0;0;0;0;0;0;0;0;0;0;0;0;0;0;0;0;0;0;0;0;0;0;0;0
6;"Świetlica w Reńskiej Wsi, Reńska Wieś 9E, 48-314 Pakosławice";160708;"gm. Pakosławice";"nyski";"opolskie";1;1;0;0;0;0;0;0;0;0;0;0;0;0;0;0;0;0;0;0;0;0;0;0;0;0;7;1;1;22;0;0;0;0;0;0;0;1;0;0;0;0;0;0;0;0;0;0;0;2;1;0;0;0;0;0;0;0;0;0;0;0;1;7;0;0;0;0;0;0;1;0;0;0;34;30;41;6;3;2;0;0;1;0;0;1;0;0;0;0;0;0;0;0;4;0;0;0;5;1;0;2;1;5;1;0;1;0;0;0;0;1;0;0;0;0;0;0;0;0;0;0;6;0;3;6;19;0;0;0;1;0;1;0;0;0;0;0;0;0;0;0;0;0;1;2;1;0;0;1;0;0;0;0;0;0;0;0;0;1;0;0;0;0;0;0;0;0;0;0;0;0;0;0;0;0;0;0;0;0;0;0;0;0;0;0
1;"Szkoła Podstawowa w Skoroszycach (sala Nr 20), ul. Braterstwa Broni 9, 48-320 Skoroszyce";160709;"gm. Skoroszyce";"nyski";"opolskie";1;1;1;2;0;0;0;0;1;0;0;0;0;0;0;0;0;0;2;1;2;0;0;0;0;0;10;4;3;19;0;2;0;0;1;0;1;5;0;0;0;0;0;0;0;0;1;1;0;0;13;0;0;0;0;0;4;0;1;1;0;0;0;0;0;3;0;0;0;0;0;0;0;0;47;78;34;32;9;3;0;7;15;1;1;0;1;1;0;0;1;0;1;2;0;0;0;0;13;1;0;6;3;1;2;0;0;1;0;0;0;0;0;1;0;0;0;1;0;1;0;1;15;4;4;1;15;6;0;1;1;1;1;1;1;0;0;2;0;0;1;0;0;0;0;7;0;0;0;0;0;0;0;0;0;0;0;0;0;0;0;0;0;0;0;0;0;0;0;0;0;0;0;0;0;0;0;1;0;0;0;0;0;0;0;1
2;"Szkoła Podstawowa w Chróścinie (sala Nr 4), Chróścina ul. Szkolna 1, 48-320 Skoroszyce";160709;"gm. Skoroszyce";"nyski";"opolskie";1;1;1;2;1;0;0;0;0;0;1;0;0;1;0;0;0;0;0;0;0;0;0;0;0;0;13;8;1;19;1;3;0;0;0;0;0;1;0;1;0;0;2;1;0;0;1;0;1;1;13;2;2;2;0;0;0;1;0;0;1;1;0;0;0;2;0;0;1;0;1;0;2;1;59;38;40;11;18;3;0;1;30;4;1;0;0;1;0;0;1;0;0;0;0;0;1;1;16;1;4;4;0;1;1;1;0;2;1;1;0;0;2;1;0;0;0;0;0;0;0;0;47;8;14;4;34;2;1;0;5;3;1;1;0;0;0;0;0;0;1;0;0;1;0;5;3;0;0;1;0;0;0;0;0;0;0;0;0;0;0;0;0;0;0;0;0;0;0;0;0;0;0;0;0;0;0;0;0;1;0;0;0;0;0;0
3;"Szkoła Podstawowa w Sidzinie, Sidzina ul. Radziechowska 3, 48-320 Skoroszyce";160709;"gm. Skoroszyce";"nyski";"opolskie";1;1;2;3;1;1;0;0;0;0;0;0;0;0;0;2;0;0;0;0;0;0;0;0;0;0;13;7;0;41;2;2;0;0;1;0;0;2;0;0;1;0;1;0;0;0;0;0;1;1;8;1;0;1;0;0;4;0;1;0;0;1;1;0;0;0;0;0;0;0;0;1;0;0;60;132;66;14;6;7;0;16;13;0;0;1;0;0;0;0;0;0;0;0;0;0;0;0;15;3;1;8;1;2;0;1;0;2;4;0;0;0;1;1;0;0;0;0;0;0;0;1;30;1;8;2;15;2;0;3;0;0;1;0;1;0;1;1;0;3;0;0;0;0;0;5;1;0;1;0;0;0;0;0;0;0;1;0;0;0;0;0;1;0;0;0;0;0;0;0;0;0;0;0;0;0;0;0;0;0;0;0;0;0;1;0
4;"Świetlica Wiejska, Makowice 20, 48-320 Skoroszyce";160709;"gm. Skoroszyce";"nyski";"opolskie";1;1;0;0;0;0;0;0;0;0;0;1;0;0;0;0;0;0;0;0;0;0;0;0;0;0;2;2;0;30;0;1;0;0;0;0;0;1;0;1;0;0;0;0;0;0;0;0;0;1;6;3;0;1;0;0;0;1;0;0;0;2;0;2;0;0;0;0;0;2;0;0;0;0;14;67;6;4;0;2;2;0;11;0;0;0;0;0;0;0;0;0;0;0;1;0;0;0;7;2;1;1;0;2;0;0;0;0;0;0;0;0;0;1;1;0;0;0;1;0;0;0;31;6;8;1;16;0;1;0;0;0;0;1;0;0;0;0;1;0;0;0;0;0;0;10;0;0;0;0;0;0;0;0;0;0;1;0;0;0;0;0;0;0;0;0;0;0;0;0;0;0;0;0;0;0;0;0;0;0;0;0;0;0;0;0
5;"Szkoła Podstawowa w Chróścinie (świetlica szkolna), Chróścina ul. Szkolna 1, 48-320 Skoroszyce";160709;"gm. Skoroszyce";"nyski";"opolskie";1;1;0;0;1;0;1;2;0;1;0;0;0;0;0;0;0;0;0;0;0;0;0;1;0;0;5;3;0;14;1;4;0;0;0;0;0;0;0;1;0;0;0;0;0;1;0;0;0;0;15;1;0;0;0;0;0;1;0;0;0;0;0;4;0;1;0;0;0;0;0;0;0;0;25;35;21;5;7;1;0;0;5;0;0;0;0;0;0;0;0;0;0;0;1;0;0;1;5;2;0;2;0;0;0;0;1;0;0;0;0;1;0;0;1;0;0;0;0;0;0;0;12;1;6;5;45;1;0;0;0;0;0;0;0;0;0;0;0;0;0;0;1;0;0;3;2;1;0;0;0;0;0;0;0;0;0;0;0;0;0;0;0;0;0;0;0;0;0;0;0;0;0;0;0;0;0;0;0;0;0;0;0;0;0;0
6;"Szkoła Podstawowa w Skoroszycach (świetlica szkolna), ul. Braterstwa Broni 9, 48-320 Skoroszyce";160709;"gm. Skoroszyce";"nyski";"opolskie";1;1;3;0;0;1;0;0;2;0;0;1;0;0;0;1;0;0;0;1;3;0;0;0;0;2;13;8;4;60;1;5;0;0;1;2;0;1;2;2;0;1;1;2;0;0;0;1;2;2;23;3;1;1;0;0;3;1;1;0;0;0;2;1;0;3;0;1;0;0;0;0;0;0;73;152;52;21;11;5;1;3;43;2;1;0;0;0;0;0;1;0;0;0;0;0;2;1;21;3;2;7;2;3;3;2;4;3;0;0;1;0;2;0;0;0;0;2;0;1;0;1;59;11;16;13;31;4;5;1;1;1;1;0;2;0;0;2;0;0;1;0;1;0;0;8;2;0;0;1;0;0;0;0;0;1;0;0;0;0;0;0;0;0;0;0;0;0;0;0;0;0;0;0;0;0;0;0;0;0;0;0;0;0;0;0
7;"Świetlica Wiejska w Brzezinach, Brzeziny 62, 48-320 Skoroszyce";160709;"gm. Skoroszyce";"nyski";"opolskie";1;1;3;0;0;0;0;1;1;0;1;0;0;0;0;0;0;0;1;0;0;0;0;0;0;0;3;1;0;10;0;0;0;0;0;0;0;1;0;0;1;0;0;0;0;0;1;0;0;0;6;2;0;0;0;0;4;0;0;0;0;0;0;0;0;1;0;0;1;1;0;0;0;0;13;31;5;6;3;4;0;8;26;0;0;0;0;1;0;0;0;1;0;0;0;0;0;0;9;0;0;0;1;0;0;0;0;0;1;0;0;0;1;0;0;0;0;0;0;3;0;0;5;0;3;1;1;2;0;1;0;0;1;1;0;0;0;0;0;0;0;0;0;0;0;2;0;0;0;1;0;0;0;0;0;0;0;1;0;0;0;0;0;0;0;0;0;0;0;0;0;0;0;0;0;0;0;0;0;0;0;0;0;0;0;0
8;"Świetlica Wiejska w Starym Grodkowie, Stary Grodków 64, 48-320 Skoroszyce";160709;"gm. Skoroszyce";"nyski";"opolskie";1;1;0;0;0;1;0;0;0;0;1;0;0;0;0;0;0;0;0;0;0;0;0;0;0;0;8;3;7;12;1;1;1;0;0;0;0;0;0;0;0;0;1;0;0;0;0;0;0;0;6;0;0;0;0;0;1;0;0;0;0;0;1;0;0;0;1;0;0;0;0;1;0;1;23;36;10;12;3;1;0;1;27;0;0;0;0;0;0;0;0;0;0;0;0;0;0;0;8;0;1;5;0;0;0;0;0;1;0;0;0;0;0;0;0;0;0;0;0;0;0;0;17;5;6;11;11;0;0;0;0;0;1;0;0;0;0;1;0;0;1;0;0;0;0;11;0;1;0;0;0;0;0;0;0;0;0;0;1;0;0;0;1;0;0;0;0;0;0;0;0;0;0;0;0;0;0;0;0;0;0;0;0;0;0;0
1;"Zespół Szkół w Dobrodzieniu, ul. Oleska 7, 46-380 Dobrodzień";160801;"gm. Dobrodzień";"oleski";"opolskie";1;1;0;1;2;2;0;0;0;1;1;1;1;0;0;0;0;1;1;0;0;0;0;0;0;1;36;9;8;3;4;2;1;1;1;0;0;2;0;1;2;0;2;3;0;0;0;0;0;0;25;3;1;2;1;1;0;1;2;0;0;0;0;4;1;2;0;4;1;0;0;0;2;0;56;53;7;19;20;10;1;1;3;2;0;0;0;1;1;0;1;1;0;0;0;6;0;1;37;3;1;2;1;1;1;1;0;0;0;1;0;0;1;0;1;0;0;0;3;2;0;1;102;16;36;7;6;2;7;5;1;0;3;3;3;0;0;1;0;17;16;0;0;1;1;12;6;2;0;1;1;0;1;0;0;0;1;1;0;1;2;0;30;17;2;2;3;8;1;0;3;6;0;0;1;0;1;0;2;0;0;0;0;0;0;6
2;"Publiczna Szkoła Podstawowa, ul. Piastowska 17, 46-380 Dobrodzień";160801;"gm. Dobrodzień";"oleski";"opolskie";1;1;2;0;1;0;0;0;0;0;1;0;0;0;0;3;0;0;0;0;0;1;0;0;0;0;42;8;1;2;7;4;1;0;1;1;0;6;0;1;1;1;1;1;1;0;2;0;1;0;15;1;1;1;0;0;3;0;0;0;1;0;0;1;0;1;1;0;0;0;0;1;2;2;49;42;12;9;22;8;0;1;1;0;0;1;3;0;2;1;2;1;0;1;1;11;0;0;19;0;1;5;0;1;0;2;0;0;1;0;1;0;0;0;0;0;0;0;0;2;0;2;69;9;33;3;3;4;4;4;0;1;3;4;0;1;0;0;0;14;14;1;2;1;0;5;8;0;0;1;2;0;0;1;0;0;0;0;0;0;4;1;26;4;1;1;1;3;0;0;0;4;2;0;0;0;6;0;1;0;0;0;0;0;0;1
3;"Publiczna Szkoła Podstawowa, ul. Piastowska 49, 46-380 Dobrodzień";160801;"gm. Dobrodzień";"oleski";"opolskie";1;1;4;0;0;0;2;3;0;0;1;0;0;0;0;6;0;1;0;0;1;0;0;0;1;0;53;16;9;0;5;6;1;5;1;0;2;6;0;0;3;3;2;0;0;0;0;0;0;0;27;2;3;2;0;1;2;2;1;1;0;0;0;1;0;0;0;0;0;1;0;0;0;0;44;55;11;11;18;4;0;3;3;1;1;0;0;1;0;0;0;2;0;3;1;15;0;2;42;4;3;8;2;0;5;0;1;1;2;0;0;1;3;1;0;0;0;1;2;2;0;3;107;15;41;2;9;2;2;4;1;1;3;2;0;1;0;0;6;27;32;0;1;0;0;5;11;1;0;1;0;0;0;1;2;1;1;0;0;3;3;0;48;8;2;1;5;11;1;1;2;4;0;0;1;0;2;0;0;0;0;0;0;0;0;5
4;"Publiczna Szkoła Podstawowa, Pludry ul. Aleja Wyzwolenia 4b, 46-375 Dobrodzień";160801;"gm. Dobrodzień";"oleski";"opolskie";1;1;4;2;2;0;0;3;1;1;1;0;1;0;0;19;0;1;0;1;2;0;0;0;0;0;44;19;2;6;4;7;0;7;1;2;2;1;0;0;16;0;3;5;0;3;3;0;0;0;12;0;4;3;1;1;0;2;0;0;3;0;2;1;0;0;2;0;1;0;0;0;1;0;85;149;16;18;11;9;2;1;2;2;1;1;1;0;0;0;2;0;0;5;4;4;0;1;28;2;4;2;3;2;3;0;2;0;2;0;1;1;0;2;2;0;0;0;5;2;0;2;63;11;16;4;3;5;3;4;0;3;4;4;1;3;1;0;0;31;8;0;1;0;0;3;15;0;0;0;2;0;0;0;1;2;0;0;1;0;2;0;29;4;0;2;0;0;0;1;3;4;0;0;1;0;0;0;0;0;0;0;0;0;0;7
5;"Publiczna Szkoła Podstawowa, Szemrowice ul. Wiejska 2, 46-380 Dobrodzień";160801;"gm. Dobrodzień";"oleski";"opolskie";1;1;1;0;0;0;0;0;0;1;0;0;0;0;0;0;0;1;0;0;0;0;0;0;0;0;9;6;2;1;2;2;0;0;0;1;2;1;0;0;2;0;0;2;1;0;0;0;1;1;6;1;0;0;0;0;2;0;0;0;0;0;1;0;0;2;0;0;0;0;0;0;0;0;12;29;1;3;4;1;0;1;1;0;1;0;0;1;0;0;0;0;0;0;0;14;0;0;13;0;1;2;0;0;0;0;1;0;0;0;0;0;1;0;0;0;0;0;0;1;0;2;48;11;12;1;6;5;2;1;0;1;2;2;1;1;0;1;0;9;23;0;0;0;0;0;3;1;5;0;0;0;0;0;0;0;0;0;0;0;1;0;13;1;0;0;5;1;1;0;0;8;0;0;0;1;14;0;0;0;0;0;0;0;0;1
6;"Budynek byłej Szkoły Podstawowej, Rzędowice ul. Dobrodzieńska 8, 46-380 Dobrodzień";160801;"gm. Dobrodzień";"oleski";"opolskie";1;1;2;0;1;0;0;2;0;2;0;0;0;0;0;0;1;1;1;0;1;0;0;0;0;0;16;8;3;3;2;3;1;0;0;0;0;4;0;1;2;0;1;1;0;0;0;0;0;1;14;0;2;3;0;1;1;0;1;0;1;0;0;0;0;0;0;0;0;0;0;1;0;0;26;31;10;2;5;7;2;0;0;1;0;1;0;0;1;0;0;0;0;0;0;24;0;0;11;2;1;1;2;0;2;0;0;0;0;0;0;0;1;0;0;1;0;0;0;1;1;1;22;3;6;2;1;0;1;0;1;0;1;2;0;0;0;0;0;7;12;0;0;0;0;5;8;0;0;0;2;1;1;0;0;2;1;0;1;0;4;1;25;3;5;1;12;0;1;0;0;5;0;0;0;0;10;0;2;0;0;0;2;1;0;0
7;"Publiczna Szkoła Podstawowa, Turza ul. Kolejowa 27, 46-380 Dobrodzień";160801;"gm. Dobrodzień";"oleski";"opolskie";1;1;0;0;0;0;1;0;0;0;0;0;1;0;0;2;0;0;0;0;0;1;0;0;1;0;24;4;1;0;1;0;0;0;0;0;0;6;0;0;0;1;2;2;0;0;0;0;0;0;2;2;0;1;1;0;1;0;0;0;1;0;0;0;0;0;0;0;0;0;0;0;0;0;27;45;2;11;11;3;1;1;0;3;0;0;0;2;0;0;0;0;0;1;0;14;0;1;16;1;1;0;0;0;0;1;0;0;2;1;1;0;2;0;0;0;0;0;0;1;2;0;20;13;12;2;1;2;0;2;3;2;4;1;0;2;0;0;3;10;10;0;2;1;0;1;3;0;0;0;3;0;1;0;0;0;0;0;0;1;6;0;15;4;0;1;0;1;2;0;0;1;1;1;0;0;0;1;1;1;0;0;0;0;0;1
1;"Świetlica środowiskowa, ul. Wojska Polskiego 17, 46-310 Gorzów Śląski";160802;"gm. Gorzów Śląski";"oleski";"opolskie";1;1;1;0;0;0;0;1;0;0;0;0;0;0;0;0;0;0;0;0;0;0;0;0;0;0;2;2;9;1;5;0;0;2;0;0;1;0;0;0;0;0;0;0;0;0;0;0;0;1;10;0;0;0;0;0;0;0;1;0;0;0;0;0;0;0;0;0;0;0;0;0;0;1;22;40;9;1;11;4;0;0;0;0;0;0;0;0;0;0;0;0;0;0;2;0;3;0;4;0;2;1;0;0;0;0;0;0;0;0;0;0;0;0;1;0;0;0;0;0;0;0;3;1;4;0;1;0;0;1;0;2;0;1;0;0;0;0;0;0;9;0;0;0;0;6;0;0;0;0;1;0;0;0;0;0;0;1;0;0;0;1;10;3;1;3;4;1;0;1;0;2;0;0;0;0;0;0;0;0;0;0;0;0;0;0
2;"Miejsko-Gminny Ośrodek Kultury w Gorzowie Śląskim (sala widowiskowa), ul. Rynek 4, 46-310 Gorzów Śląski";160802;"gm. Gorzów Śląski";"oleski";"opolskie";1;1;4;0;2;0;0;2;2;0;0;0;0;0;0;1;0;1;0;0;0;0;0;0;0;0;21;4;20;3;8;3;1;2;2;0;1;6;1;1;0;0;0;0;1;0;2;0;1;4;26;2;2;2;1;0;3;0;0;0;0;0;1;0;0;0;0;0;0;0;0;0;0;1;54;85;16;16;18;5;1;1;2;2;0;1;0;3;0;0;0;0;1;2;1;0;3;1;11;0;2;2;2;0;1;0;1;0;3;0;0;0;1;0;0;0;0;0;0;0;0;1;26;10;14;1;0;0;2;2;4;0;5;1;0;0;0;1;1;0;111;0;0;1;0;6;4;0;0;0;0;0;4;0;0;0;0;0;1;0;0;0;14;2;3;0;21;1;0;0;0;10;0;0;0;0;0;0;0;0;0;0;0;0;0;2
3;"Hala widowiskowo-sportowa w Gorzowie Śląskim, ul. Byczyńska 13, 46-310 Gorzów Śląski";160802;"gm. Gorzów Śląski";"oleski";"opolskie";1;1;1;1;1;1;0;0;0;2;1;0;0;0;0;1;0;0;1;0;0;0;0;0;0;2;29;7;8;0;13;1;0;9;0;0;0;0;0;0;0;0;0;2;0;0;2;0;1;0;14;0;0;0;0;2;0;0;0;0;1;0;1;0;0;2;0;0;0;0;0;1;0;1;44;81;23;7;25;1;0;0;1;0;0;0;0;1;0;0;0;0;0;0;1;0;1;1;17;0;2;3;1;2;2;2;1;0;0;0;0;0;0;0;0;0;0;1;0;1;0;0;24;6;18;2;2;3;1;2;0;1;1;6;0;0;0;0;0;2;95;1;0;0;1;16;0;0;0;0;0;1;2;1;2;0;0;4;0;0;0;0;12;3;0;0;16;0;2;0;0;13;0;0;0;1;0;1;0;0;0;0;0;0;1;1
4;"Budynek Publicznego Przedszkola, Jastrzygowice 23, 46-310 Gorzów Śląski";160802;"gm. Gorzów Śląski";"oleski";"opolskie";1;1;0;0;0;0;0;0;0;0;0;0;0;0;1;0;0;0;0;0;0;0;0;0;0;0;10;7;0;0;3;0;1;3;0;0;0;0;1;0;1;0;0;0;1;0;0;0;0;0;5;1;2;0;0;0;0;1;0;0;0;0;0;0;0;0;0;0;0;0;0;0;0;0;23;51;3;2;10;2;1;0;0;0;1;1;0;1;0;0;0;0;0;0;0;0;1;0;12;1;0;2;1;2;0;2;0;0;3;0;0;0;0;0;0;0;0;0;0;0;0;0;9;0;0;2;1;1;0;0;0;1;0;2;0;1;1;0;1;2;28;0;0;0;0;3;5;0;0;0;1;1;0;0;0;1;0;0;0;0;0;0;8;4;0;0;26;0;0;0;1;1;0;0;0;0;0;0;0;0;0;0;0;0;0;0
5;"Publiczna Szkoła Podstawowa, Kozłowice ul. Nowa 2, 46-310 Gorzów Śląski";160802;"gm. Gorzów Śląski";"oleski";"opolskie";1;1;0;0;0;0;1;1;1;0;1;0;0;0;0;1;0;0;0;0;0;0;0;0;0;3;6;1;4;0;8;0;1;1;0;0;0;1;0;0;0;0;0;0;0;2;0;1;0;0;9;1;0;0;0;0;0;1;0;0;0;0;1;0;0;0;0;0;1;0;0;0;0;0;20;61;7;4;15;2;1;2;0;1;0;0;0;0;0;1;0;2;0;1;0;1;0;0;9;2;4;1;0;0;0;0;1;0;0;0;0;0;0;0;0;0;0;0;0;0;0;0;15;3;9;0;0;0;0;1;0;3;0;1;0;0;0;0;3;0;43;1;0;0;0;0;6;0;0;0;1;0;0;1;0;0;0;0;0;0;0;0;10;6;0;0;18;2;0;0;1;10;1;0;0;0;0;0;0;0;0;0;0;0;0;0
6;"Publiczna Szkoła Podstawowa, Uszyce 35, 46-310 Gorzów Śląski";160802;"gm. Gorzów Śląski";"oleski";"opolskie";1;1;1;0;0;1;0;2;0;0;0;0;1;0;0;0;0;0;1;0;0;0;0;0;0;0;5;1;3;0;2;1;3;1;2;1;0;0;0;0;0;1;0;0;0;0;0;0;0;0;9;2;1;0;1;0;0;0;0;0;0;0;1;0;0;0;0;0;0;1;0;0;1;0;33;53;12;14;15;2;2;1;0;0;1;1;0;0;1;1;1;0;1;0;1;0;1;1;9;2;1;3;1;0;0;0;1;0;1;0;0;0;3;0;0;0;0;0;0;0;0;1;17;4;2;0;2;0;0;0;2;1;4;0;0;0;0;4;0;1;40;0;0;1;1;1;2;0;0;0;0;0;0;0;0;0;0;1;0;0;0;0;1;0;0;0;7;0;0;0;0;20;0;0;0;0;0;0;1;0;0;0;0;0;1;1
7;"Publiczne Przedszkole, Zdziechowice 98, 46-310 Gorzów Śląski";160802;"gm. Gorzów Śląski";"oleski";"opolskie";1;1;2;0;0;0;0;0;0;2;1;0;0;1;0;0;0;0;0;0;0;0;0;1;0;1;10;4;5;5;5;0;1;8;1;0;0;0;1;1;0;1;0;1;2;0;0;0;0;0;9;5;2;0;0;0;0;4;1;0;3;1;0;0;0;0;0;0;0;0;0;0;0;0;51;76;25;13;23;4;1;0;0;0;1;1;1;1;0;1;2;0;0;0;2;0;0;1;23;5;1;0;2;2;1;2;0;0;0;2;1;0;0;0;0;0;0;1;0;0;0;2;24;2;1;2;1;0;0;0;1;0;3;1;0;0;0;1;0;1;89;0;0;1;0;3;6;0;1;0;1;0;0;0;0;0;0;0;0;0;0;0;7;1;1;1;14;1;0;0;0;9;2;0;0;0;0;0;0;0;0;0;0;0;0;2
8;"Sala wiejska w OSP Jamy, Jamy 23, 46-310 Jamy";160802;"gm. Gorzów Śląski";"oleski";"opolskie";1;1;0;0;0;0;0;0;0;1;0;0;0;0;0;0;0;0;0;0;0;0;0;0;0;0;4;0;4;1;1;0;0;1;0;0;0;2;0;0;0;0;0;0;2;0;0;0;0;0;3;1;2;0;0;0;0;0;0;0;1;0;0;0;0;0;0;0;0;0;0;0;0;0;10;14;2;2;1;0;0;1;0;1;0;0;0;0;0;0;0;1;0;0;0;0;0;0;3;1;0;0;0;2;0;0;0;0;0;0;0;0;0;0;0;0;0;0;0;0;0;0;11;0;0;0;1;0;0;1;0;1;0;0;0;0;0;0;0;0;21;0;0;0;0;1;0;0;0;0;0;0;0;0;0;0;0;0;0;0;0;0;8;3;1;0;23;0;0;0;0;5;0;0;0;0;0;0;0;0;0;0;0;0;0;0
9;"Sala wiejska w Pawłowicach, Pawłowice 74, 46-310 Gorzów Śląski";160802;"gm. Gorzów Śląski";"oleski";"opolskie";1;1;0;0;0;0;0;0;0;0;0;0;0;0;0;0;0;0;0;0;0;0;0;0;0;0;9;1;1;0;3;0;1;4;0;0;0;1;0;0;0;0;0;0;0;0;0;0;0;0;7;0;2;1;0;0;0;1;1;0;1;0;0;0;0;0;0;1;0;0;1;0;0;0;18;21;6;3;16;1;0;0;1;1;0;0;0;1;0;0;0;0;0;0;1;0;0;0;6;0;0;0;0;0;0;0;0;0;0;0;0;0;0;0;0;0;1;0;1;0;0;0;8;0;2;1;0;2;0;0;0;0;0;2;0;0;0;0;0;0;48;0;0;0;0;0;4;0;0;0;0;0;0;0;0;1;0;0;0;0;0;0;2;1;0;0;5;0;0;0;0;0;0;0;0;0;0;0;0;0;0;0;0;0;0;0
10;"Dom Seniora Paulinka, Pawłowice 60, 46-310 Gorzów Śląski";160802;"gm. Gorzów Śląski";"oleski";"opolskie";1;1;0;0;0;0;0;0;0;0;0;0;0;0;0;0;0;0;0;0;0;0;0;0;0;0;0;0;0;0;0;0;0;0;0;0;0;0;0;0;0;0;0;0;0;0;0;0;0;0;0;0;0;0;0;0;0;0;0;0;0;0;0;0;0;0;0;0;0;1;0;0;0;0;1;0;1;0;0;0;0;0;0;0;0;0;0;0;0;0;0;0;0;0;0;0;0;0;0;0;0;0;0;0;0;0;0;0;0;0;0;0;0;0;0;0;0;0;0;0;0;0;0;0;0;0;0;0;0;0;0;0;0;0;0;0;0;0;0;0;33;0;0;0;0;0;0;0;0;0;0;0;0;0;0;0;0;0;0;0;0;0;0;0;0;0;0;0;0;0;0;0;0;0;0;0;0;0;0;0;0;0;0;0;0;0
1;"Publiczna Szkoła Podstawowa Nr 1, ul. Jana Pieloka 12, 46-300 Olesno";160803;"gm. Olesno";"oleski";"opolskie";1;1;4;2;0;0;0;1;1;3;0;0;0;0;0;0;0;0;0;0;0;0;1;0;1;1;48;9;26;2;6;6;1;14;3;1;0;9;0;1;3;2;0;1;1;4;1;0;1;1;50;4;2;9;0;0;9;2;1;0;3;1;1;2;2;2;6;0;2;0;0;0;2;0;69;41;28;36;41;6;2;0;2;2;1;1;1;1;0;1;0;1;0;1;2;1;0;1;35;6;4;0;2;2;3;4;2;2;2;0;1;2;0;0;0;0;0;1;0;3;0;3;115;14;45;4;1;9;5;10;5;2;8;6;0;2;0;1;1;3;113;1;0;2;0;17;20;0;0;0;0;0;3;0;0;0;0;0;1;1;0;0;9;2;2;0;18;0;0;0;0;12;1;0;0;0;0;0;1;0;0;0;0;0;0;0
2;"Publiczna Szkoła Podstawowa Nr 3, klasa nr 2, ul. Ignacego Krasickiego 25, 46-300 Olesno";160803;"gm. Olesno";"oleski";"opolskie";1;1;1;1;2;0;0;3;2;0;0;0;0;0;0;0;0;0;0;0;0;1;0;0;0;0;40;3;26;2;6;7;1;3;0;1;1;3;0;2;2;0;0;1;1;1;1;1;1;5;44;1;3;4;1;2;0;1;0;0;4;0;1;1;2;5;3;0;0;0;1;0;0;1;60;32;14;23;19;2;2;0;4;1;0;1;0;1;0;0;0;2;0;0;2;3;0;3;17;0;0;2;0;0;1;4;0;0;1;0;0;0;0;0;0;0;0;0;0;1;0;0;149;8;21;5;0;6;3;5;3;3;3;1;1;1;0;0;1;3;54;0;0;0;0;10;5;1;0;3;0;0;0;1;0;0;1;0;0;0;1;0;2;0;0;0;4;0;0;0;1;4;1;0;0;0;0;0;0;0;0;0;0;0;0;0
3;"Publiczna Szkoła Podstawowa Nr 3, klasa nr 3, ul. Ignacego Krasickiego 25, 46-300 Olesno";160803;"gm. Olesno";"oleski";"opolskie";1;1;0;2;2;0;0;0;1;0;0;1;0;1;0;0;0;0;0;0;0;1;0;2;1;0;64;12;36;2;12;7;2;8;0;0;4;8;1;1;2;3;3;1;1;2;0;0;1;3;49;6;7;4;0;0;5;3;0;1;0;1;1;1;1;2;1;2;0;0;0;0;1;1;83;59;19;21;35;4;0;0;3;1;1;0;2;1;2;0;0;0;1;1;0;2;0;2;45;2;0;2;2;2;1;3;0;0;0;0;0;2;0;0;0;0;0;0;2;2;0;10;151;20;42;7;3;9;4;7;3;4;3;2;1;0;0;0;0;2;136;0;2;0;0;31;9;0;0;3;0;0;0;2;0;1;0;2;1;0;0;0;16;4;0;0;13;0;0;0;1;27;2;0;1;0;1;0;0;0;0;0;0;1;0;0
4;"Miejski Dom Kultury-Mała Sala, ul. Wielkie Przedmieście 31, 46-300 Olesno";160803;"gm. Olesno";"oleski";"opolskie";1;1;2;1;2;0;1;0;0;1;1;0;0;0;0;0;0;0;0;1;1;0;0;1;0;5;52;10;26;0;10;5;1;11;2;1;0;2;0;0;0;1;1;2;1;0;1;2;1;2;39;0;3;3;0;1;1;2;2;2;0;0;1;0;0;0;3;0;0;0;0;0;1;0;57;49;22;21;25;6;0;0;4;1;0;1;0;0;1;0;0;0;0;0;0;0;2;0;23;3;2;0;0;3;1;2;1;0;3;0;0;1;0;0;0;0;1;0;0;2;1;4;99;10;29;2;2;3;4;3;4;2;0;2;1;0;0;1;0;5;79;1;0;2;0;19;5;3;0;0;0;0;1;0;1;0;0;0;0;0;0;0;21;4;0;0;21;2;0;0;0;24;0;1;0;0;0;0;0;0;0;0;0;1;0;0
5;"Miejski Dom Kultury-Sala Kominkowa, ul. Wielkie Przedmieście 31, 46-300 Olesno";160803;"gm. Olesno";"oleski";"opolskie";1;1;1;2;0;0;0;2;0;2;1;0;0;0;0;0;0;0;0;0;0;2;0;1;2;2;59;18;28;4;5;5;3;4;0;2;3;2;0;2;2;2;2;9;1;4;1;0;0;4;50;3;1;1;1;2;1;5;1;0;0;0;0;1;0;1;3;0;1;1;0;0;0;1;54;78;28;15;35;5;1;0;1;0;1;0;1;0;0;0;1;0;0;1;0;0;0;0;28;1;4;3;3;2;2;1;0;0;2;0;0;0;0;0;1;0;0;1;0;1;2;4;108;12;27;5;3;4;4;2;3;1;2;3;1;0;3;1;0;6;138;1;1;1;1;23;9;1;2;1;1;0;0;0;0;0;1;0;0;1;0;0;17;7;1;1;15;0;0;0;0;43;2;0;0;0;1;0;0;0;0;0;0;3;0;3
6;"Zespół Szkolno-Przedszkolny w Bodzanowicach, ul. Szkolna 1, 46-312 Bodzanowice";160803;"gm. Olesno";"oleski";"opolskie";1;1;5;2;0;1;0;3;1;0;0;0;0;0;0;0;1;0;0;0;0;1;0;0;0;0;19;2;4;2;1;1;0;4;0;0;0;4;0;1;0;0;0;0;1;0;0;0;0;0;7;0;1;4;0;0;0;2;0;0;0;1;0;1;0;0;1;1;1;0;0;0;0;0;48;77;4;11;9;0;0;1;0;0;2;0;0;0;1;0;0;0;0;1;1;2;0;0;14;1;1;1;0;2;1;1;1;1;2;0;1;1;0;0;0;0;0;1;0;0;1;9;7;1;5;0;1;0;1;2;0;0;0;0;1;0;0;0;0;4;29;0;0;0;2;2;4;0;0;0;0;1;0;0;0;5;0;0;0;0;0;0;5;0;0;2;24;0;0;0;0;35;1;0;0;0;0;0;0;0;0;0;0;0;0;0
7;"Zespół Szkolno-Przedszkolny w Borkach Wielkich, Borki Wielkie ul. Młyńska 8, 46-300 Olesno";160803;"gm. Olesno";"oleski";"opolskie";1;1;3;1;0;0;0;1;0;0;0;0;0;0;0;0;0;0;0;1;0;0;0;0;0;0;14;1;6;0;3;0;0;0;0;0;0;3;0;0;1;0;0;1;0;0;0;0;0;1;8;0;0;0;0;0;1;2;1;0;0;0;0;0;0;0;0;0;0;0;0;0;0;0;29;49;8;13;12;1;0;0;1;2;0;0;0;0;0;0;1;0;0;2;0;1;0;0;13;2;1;1;0;1;0;1;0;1;2;0;0;0;0;0;0;0;0;0;0;0;0;3;34;2;7;3;0;2;5;1;1;0;1;2;0;0;0;0;0;22;28;0;0;2;0;1;15;0;0;0;3;1;2;0;2;4;1;0;4;1;1;1;6;3;0;0;14;1;0;0;1;140;0;0;0;0;0;0;1;0;0;0;0;0;0;0
8;"Zespół Przedszkoli nr 1 w Oleśnie (budynek Publicznego Przedszkola w Borkach Małych), Borki Małe ul. Szkolna 1, 46-300 Olesno";160803;"gm. Olesno";"oleski";"opolskie";1;1;5;0;0;0;0;0;0;0;0;0;0;0;0;1;0;0;0;0;0;1;0;0;0;0;18;1;4;1;0;3;0;3;0;0;1;1;0;0;0;0;0;0;0;0;0;0;0;2;3;3;1;1;0;0;1;0;0;0;0;0;0;0;0;0;0;0;0;0;0;0;0;0;8;33;3;4;14;2;0;0;0;0;1;0;0;0;0;0;0;1;0;0;0;2;0;1;6;0;0;0;0;0;0;3;0;0;0;0;0;1;0;0;0;0;0;0;0;1;0;2;9;0;2;1;0;0;0;0;0;0;0;0;0;0;0;0;0;5;6;0;0;0;0;2;8;0;0;0;0;0;3;0;1;0;0;0;0;0;0;0;3;0;0;1;12;0;0;0;0;21;0;0;0;1;1;0;0;0;0;0;0;0;0;0
9;"DFK Świercze, Świercze ul. Zapłocie 1, 46-300 Olesno";160803;"gm. Olesno";"oleski";"opolskie";1;1;0;1;0;0;1;0;0;0;0;0;0;0;0;0;0;0;0;0;0;0;0;0;0;0;16;3;7;0;1;6;2;0;2;0;0;3;0;2;5;0;0;1;1;2;0;1;0;0;8;6;1;0;0;0;1;1;0;0;0;0;1;0;0;0;1;0;0;0;0;0;0;0;22;28;14;3;10;1;1;2;2;0;1;0;0;0;0;0;0;0;0;0;0;0;0;0;9;2;6;1;1;0;0;0;0;0;0;0;0;0;1;0;0;0;0;0;0;0;0;1;18;1;12;3;3;4;0;1;0;0;1;0;2;0;0;0;0;3;28;0;0;0;0;3;3;0;0;0;0;0;0;0;0;0;0;0;0;1;3;0;10;4;1;0;10;0;0;0;0;27;0;0;0;0;0;0;0;0;0;0;0;0;0;0
10;"Remiza OSP, Łomnica ul. Strażacka 3, 46-300 Olesno";160803;"gm. Olesno";"oleski";"opolskie";1;1;2;1;0;0;0;0;0;0;0;0;0;0;0;0;0;0;1;0;0;0;0;0;0;0;2;1;3;0;3;0;2;2;1;0;0;0;1;0;0;0;0;0;0;0;0;0;0;0;0;0;0;0;0;0;1;0;0;0;0;0;0;0;0;0;0;0;0;0;0;0;0;2;10;18;0;5;3;1;0;0;0;0;0;1;0;0;0;0;1;0;0;0;0;1;0;0;11;2;2;0;0;0;1;1;0;0;2;0;0;0;1;0;0;0;0;0;0;0;0;0;15;3;4;0;0;1;0;2;0;0;0;0;0;0;0;0;0;6;7;0;0;0;0;3;1;0;0;0;1;0;0;1;0;0;0;0;0;0;0;0;1;0;0;0;12;0;0;0;1;8;1;0;0;1;0;0;0;0;0;0;0;0;0;0
11;"Zespół Szkolno-Przedszkolny w Sowczycach, Sowczyce ul. Długa 8, 46-300 Olesno";160803;"gm. Olesno";"oleski";"opolskie";1;1;0;0;0;0;0;0;0;0;0;0;0;0;0;0;0;0;1;0;0;0;0;0;1;1;13;3;2;1;3;2;0;2;0;1;2;2;0;0;1;0;0;0;2;1;1;0;0;0;10;0;0;0;0;0;1;0;0;0;0;0;0;0;0;0;0;0;1;0;0;0;0;0;23;30;8;6;17;4;0;0;4;1;0;0;0;0;0;0;1;0;0;0;0;0;0;0;13;0;0;0;0;0;0;3;0;0;0;0;0;0;0;0;0;0;0;0;0;0;1;0;23;3;2;0;2;2;2;0;0;0;3;1;0;0;0;0;0;5;30;0;0;1;0;9;1;0;1;0;0;1;0;0;0;0;0;0;0;0;0;0;4;0;0;1;7;0;0;0;0;7;0;0;0;0;0;0;0;0;0;0;0;0;0;0
12;"Zespół Szkolno-Przedszkolny w Wachowie, Wachów ul. Polna 17, 46-300 Olesno";160803;"gm. Olesno";"oleski";"opolskie";1;1;0;0;0;0;0;0;0;0;0;0;0;0;0;0;0;0;0;0;0;1;0;1;0;0;7;0;1;1;2;0;0;1;0;0;0;0;0;0;0;0;1;0;0;0;0;0;0;0;0;1;0;0;0;0;0;0;0;0;0;0;0;0;0;0;0;0;0;0;0;1;0;0;7;4;2;0;6;0;1;0;1;0;0;0;0;0;0;0;0;0;0;0;0;0;0;1;4;1;0;0;0;0;0;0;0;0;0;0;0;0;0;0;0;0;0;0;0;0;0;0;9;2;3;0;0;1;1;0;0;0;0;1;1;0;0;0;0;0;18;0;1;0;0;2;3;0;0;0;0;0;0;0;0;0;0;0;0;0;0;0;6;1;0;2;6;0;0;0;0;10;0;0;0;0;0;0;0;1;0;0;0;0;0;0
13;"Remiza OSP, Wysoka 39 a, 46-300 Olesno";160803;"gm. Olesno";"oleski";"opolskie";1;1;1;0;1;0;0;1;0;0;0;0;0;0;1;0;0;0;0;0;0;0;0;0;0;0;5;3;3;0;1;1;2;2;0;0;0;0;0;0;0;0;0;1;0;0;0;0;1;0;3;3;0;0;1;0;0;0;0;0;0;0;0;0;0;0;0;0;1;0;0;0;0;0;15;17;1;6;9;1;0;0;0;1;0;0;0;0;1;0;0;0;0;0;0;0;0;0;7;0;2;0;0;0;0;2;0;1;0;1;1;0;0;0;0;0;0;0;0;0;0;2;3;0;0;0;1;1;0;0;0;1;1;0;0;0;0;0;1;5;14;0;0;0;0;1;6;0;0;0;0;0;0;0;0;0;0;0;0;0;1;1;4;1;0;0;15;1;0;0;0;20;0;0;0;0;1;0;0;0;1;0;1;0;0;0
14;"Zespół Szkolno-Przedszkolny w Wojciechowie, Wojciechów ul. Kluczborska 37, 46-300 Olesno";160803;"gm. Olesno";"oleski";"opolskie";1;1;0;0;2;0;0;0;1;0;0;1;0;0;0;0;0;0;0;0;0;0;0;0;1;2;18;5;4;0;5;4;0;1;0;1;0;0;0;0;0;0;1;0;0;0;0;0;0;0;13;0;0;1;0;0;0;0;0;0;0;0;0;0;0;0;0;0;0;0;0;0;1;0;17;17;9;5;7;1;0;0;0;4;0;0;0;0;0;1;0;0;0;0;1;0;0;2;25;1;0;0;1;0;0;2;1;0;0;0;0;0;1;1;0;0;0;0;0;0;0;2;26;1;8;4;1;1;3;1;2;1;0;0;0;3;0;1;0;6;58;1;0;0;0;8;3;0;1;1;0;0;0;0;0;0;0;0;0;1;1;2;12;4;0;0;10;2;1;0;1;22;0;0;0;0;1;0;0;0;0;0;0;0;0;0
15;"Remiza OSP, Łowoszów ul. Opolska 25, 46-300 Olesno";160803;"gm. Olesno";"oleski";"opolskie";1;1;0;0;0;0;0;0;0;0;0;0;0;1;0;0;0;0;0;1;0;0;0;0;0;0;10;7;4;0;5;0;0;0;0;0;1;2;0;0;0;0;1;1;1;0;0;0;0;1;4;0;1;0;0;0;1;1;2;0;0;0;1;0;0;0;1;1;0;0;0;0;0;0;14;20;7;6;16;1;0;0;1;0;0;1;0;1;0;0;0;0;0;0;0;0;0;1;16;2;0;0;0;1;0;1;0;0;0;0;0;0;0;0;0;0;1;1;0;0;0;1;11;1;7;0;1;0;1;0;0;3;0;1;0;0;0;0;0;3;17;0;0;0;0;9;3;0;0;0;1;0;0;1;0;0;0;0;1;0;0;0;6;2;0;0;3;1;0;0;0;20;1;0;0;0;0;0;0;0;0;0;0;0;0;1
16;"Wiejskie Centrum Kultury, Stare Olesno ul. Kluczborska 3, 46-300 Olesno";160803;"gm. Olesno";"oleski";"opolskie";1;1;3;1;0;0;0;0;0;2;0;0;1;0;0;0;0;0;0;0;0;0;0;0;0;0;9;2;3;0;2;3;1;0;0;2;0;1;0;0;1;0;0;0;1;0;0;2;0;0;4;3;0;0;0;2;0;0;1;0;1;0;0;0;0;0;0;0;1;0;0;0;0;0;13;28;9;6;4;0;0;0;0;0;0;1;0;0;0;0;0;0;0;0;0;0;0;0;5;1;1;1;0;0;0;2;0;0;0;0;0;0;0;0;0;0;0;0;0;0;0;1;11;1;8;0;0;1;0;0;0;0;0;3;1;0;0;0;0;1;14;0;0;0;0;4;2;0;0;0;0;0;0;1;0;0;0;0;0;0;0;0;5;0;1;0;12;0;0;0;0;2;0;0;0;0;0;0;0;0;0;0;0;0;1;0
17;"Remiza OSP, Boroszów 44, 46-300 Olesno";160803;"gm. Olesno";"oleski";"opolskie";1;1;0;0;0;0;0;0;0;0;0;0;0;0;0;0;0;0;0;0;0;0;0;0;0;0;3;2;1;0;2;2;0;1;0;0;0;1;0;0;0;0;0;0;0;0;0;0;0;0;2;1;0;0;0;0;3;0;0;0;0;0;0;0;1;0;1;0;0;0;0;1;0;0;7;12;2;0;8;0;0;0;0;0;0;1;0;1;0;0;0;0;0;1;0;0;0;3;6;0;0;0;0;0;0;0;0;0;1;0;0;0;0;0;0;0;0;0;0;0;0;1;9;1;3;0;0;0;0;0;0;1;0;0;0;0;0;0;0;0;9;0;0;0;0;0;1;2;0;0;0;0;0;0;0;0;0;0;0;0;0;1;0;0;0;0;30;0;0;0;0;1;0;0;0;0;0;0;0;0;0;0;0;0;0;0
18;"Wiejskie Centrum Kultury w Grodzisku, Grodzisko ul. Lubliniecka 27A, 46-300 Olesno";160803;"gm. Olesno";"oleski";"opolskie";1;1;1;0;0;0;0;0;0;1;0;0;0;1;0;0;0;0;0;0;0;0;0;0;0;0;8;1;3;2;1;3;0;0;0;0;0;1;0;1;1;1;0;1;0;1;0;0;0;0;2;0;0;1;0;0;0;0;0;1;0;0;0;0;0;1;1;1;0;0;0;0;0;0;5;11;5;1;5;0;0;1;0;0;0;0;0;0;0;0;0;0;0;0;0;0;0;0;9;0;1;0;0;0;0;0;0;0;0;0;0;0;0;0;0;0;0;0;0;0;0;0;12;0;2;1;0;0;1;0;2;1;1;1;1;0;0;0;0;0;10;0;0;0;0;0;0;0;0;0;0;0;0;0;0;0;0;0;0;0;0;0;4;0;0;0;2;0;1;0;0;5;1;0;0;0;0;0;0;0;0;0;0;0;0;0
19;"OSP w Kolonii Łomnickiej, Kolonia Łomnicka 20A, 46-300 Olesno";160803;"gm. Olesno";"oleski";"opolskie";1;1;3;0;0;0;0;0;0;0;0;0;0;0;0;1;0;0;0;0;0;0;0;0;0;0;8;0;0;0;1;0;1;0;0;0;0;0;0;0;0;0;0;0;0;0;0;0;0;0;5;0;0;0;0;0;0;2;0;0;0;0;0;0;0;0;0;0;0;0;0;0;0;0;8;6;1;4;1;0;0;0;0;0;0;0;0;1;0;0;0;0;0;0;0;1;0;0;5;0;0;0;0;0;0;1;0;0;0;1;0;0;0;0;0;0;1;1;0;0;0;0;4;1;2;1;0;2;0;1;2;0;0;0;0;0;0;0;0;1;7;0;0;1;0;2;0;0;0;0;0;0;0;0;0;0;0;0;0;0;1;0;3;1;0;0;6;0;0;0;0;1;0;0;0;0;0;0;0;0;0;0;0;0;0;0
20;"OSP w Kucobach, Kucoby 5A, 46-312 Bodzanowice";160803;"gm. Olesno";"oleski";"opolskie";1;1;0;0;0;0;1;0;0;0;0;0;0;0;0;0;0;0;0;0;0;0;0;0;0;1;2;1;0;2;2;0;0;0;1;0;0;1;0;0;0;1;0;0;0;0;0;0;1;1;2;0;0;0;0;1;0;0;0;0;0;0;0;0;0;0;0;0;0;0;0;0;0;0;12;20;0;7;0;0;0;0;0;0;0;0;0;1;0;0;0;0;0;0;1;0;0;0;2;0;0;0;1;0;0;0;0;0;0;0;0;0;0;0;0;0;0;0;0;0;0;0;13;1;3;2;0;0;0;0;0;0;1;0;2;1;0;0;0;0;8;0;0;0;0;0;1;1;0;0;0;0;0;0;0;2;0;0;2;0;0;1;0;0;0;0;3;0;0;0;0;12;0;0;0;0;0;0;0;0;0;0;0;0;0;0
21;"OSP w Leśnej, Leśna ul. Dobra 1, 46-300 Olesno";160803;"gm. Olesno";"oleski";"opolskie";1;1;1;0;0;0;0;0;1;1;0;0;0;0;0;0;0;0;0;0;0;0;0;0;0;0;6;3;4;0;4;2;2;0;0;0;0;0;0;0;0;1;0;0;0;0;0;0;0;0;9;2;0;0;0;0;0;0;0;0;0;1;0;0;0;0;0;0;0;0;1;0;0;0;8;5;0;3;2;0;0;0;0;0;1;0;0;0;0;0;0;0;0;0;0;0;0;0;3;0;0;0;1;0;0;0;0;0;0;0;0;0;0;0;0;0;0;0;0;0;0;1;8;1;2;0;0;1;0;0;0;0;0;0;0;0;0;0;0;0;12;0;0;0;0;1;2;0;0;0;0;0;0;0;0;0;0;0;0;0;0;0;2;0;0;0;5;0;0;0;0;5;2;0;0;0;0;0;0;0;0;0;0;0;0;0
22;"DFK Wachowice, Wachowice ul. Szkolna 30A, 46-300 Olesno";160803;"gm. Olesno";"oleski";"opolskie";1;1;1;0;0;0;0;1;1;1;0;0;0;0;0;0;0;0;0;0;0;0;0;0;0;0;6;1;1;1;2;1;0;1;0;1;0;0;0;0;0;0;0;0;0;0;2;0;0;1;1;0;2;0;0;0;0;0;1;0;0;0;0;0;0;0;0;0;0;1;0;0;0;0;7;10;7;3;0;1;0;0;0;1;0;0;0;0;0;0;0;1;0;0;0;0;0;0;11;0;0;0;1;0;0;1;0;0;1;0;0;0;0;0;0;0;0;0;0;0;0;0;5;1;1;0;0;0;2;1;0;0;0;0;0;0;0;0;0;0;11;0;0;0;0;10;0;1;0;0;0;0;0;0;2;0;1;0;0;0;0;0;4;0;1;0;1;2;0;0;0;13;0;0;0;0;0;0;0;0;0;0;0;0;0;0
23;"Zespół Opieki Zdrowotnej w Oleśnie, ul. Klonowa 1, 46-300 Olesno";160803;"gm. Olesno";"oleski";"opolskie";1;1;0;0;0;0;0;0;0;0;0;0;0;0;0;0;0;0;0;0;0;0;0;0;0;0;2;0;0;0;0;0;0;2;0;0;0;1;0;0;0;0;0;0;0;0;1;0;0;0;2;0;0;0;0;0;0;0;0;0;1;0;0;0;0;0;0;0;0;0;0;0;0;0;3;4;1;0;0;1;0;0;0;0;0;0;0;0;0;0;0;1;0;0;0;0;0;0;0;0;0;1;0;0;0;0;0;0;0;0;0;0;0;0;0;0;0;0;0;0;0;0;2;0;2;0;0;0;0;0;0;0;0;0;0;0;0;0;0;1;1;0;0;0;0;1;1;1;0;0;0;0;0;0;0;0;0;0;0;0;0;0;3;0;0;0;0;0;0;0;0;0;0;0;0;0;1;0;0;0;0;0;0;0;0;0
24;"Dom Pomocy Społecznej w Borkach Wielkich, ul. Młyńska 1, 46-300 Borki Wielkie";160803;"gm. Olesno";"oleski";"opolskie";1;1;0;0;0;0;1;0;0;0;0;0;0;0;0;0;0;0;0;0;0;0;0;0;0;0;0;0;0;0;0;0;0;0;0;0;0;0;0;0;0;0;0;0;0;0;0;0;0;0;0;0;0;0;0;0;0;0;0;0;0;0;0;0;0;0;0;0;0;0;0;0;0;0;0;0;0;0;0;1;0;0;1;0;0;0;0;0;0;0;0;0;0;0;0;0;0;0;0;0;0;0;0;0;0;0;0;0;0;0;0;0;0;0;0;0;0;0;0;0;0;0;0;0;1;0;0;0;0;0;0;0;16;0;0;0;0;0;0;0;0;0;0;0;0;0;0;0;0;0;0;0;0;0;0;0;0;0;0;0;0;0;0;0;0;0;0;0;1;0;0;0;0;0;0;0;0;0;0;0;0;0;1;0;0;0
25;"Złote Borki Rezydencja dla Seniora, Borki Małe ul. Oleska 1C, 46-300 Olesno";160803;"gm. Olesno";"oleski";"opolskie";1;1;0;0;0;0;0;1;0;0;0;0;0;0;0;0;0;0;0;0;0;0;0;0;0;0;0;0;0;0;0;0;0;0;0;0;0;0;0;0;0;0;0;0;0;0;0;0;0;0;0;0;0;0;0;0;0;0;0;0;0;0;0;0;0;0;0;0;0;1;0;0;0;0;2;3;0;1;0;0;0;0;0;0;0;0;0;0;0;0;1;0;0;0;0;0;0;0;0;0;0;0;0;0;0;0;0;0;0;0;0;0;0;0;0;0;0;0;0;0;0;0;1;1;0;0;0;0;0;0;0;0;0;0;0;0;1;0;0;0;0;0;0;0;0;1;0;0;0;0;0;0;0;0;0;0;0;0;0;0;0;0;0;0;0;0;0;0;0;0;0;0;0;0;0;0;0;0;0;0;0;0;0;0;0;0
1;"Miejsko-Gminny Ośrodek Kultury i Sportu, ul. Kościuszki 9, 46-320 Praszka";160804;"gm. Praszka";"oleski";"opolskie";1;1;6;0;2;0;0;1;0;0;0;0;0;0;0;1;1;0;2;0;0;0;0;5;0;0;35;11;12;1;5;8;3;36;2;1;1;4;1;1;2;0;1;0;0;1;0;0;3;1;36;3;1;2;2;0;5;1;2;0;8;0;0;2;0;2;0;0;0;0;1;0;0;1;84;57;27;22;41;6;2;1;1;2;0;2;0;4;0;0;2;0;4;2;5;2;1;5;30;3;4;2;0;0;1;1;1;0;1;2;1;1;1;0;0;0;0;1;0;1;0;1;98;13;38;4;5;12;3;2;4;4;1;6;1;1;0;2;0;1;105;1;0;1;0;5;8;0;0;0;2;0;0;0;0;0;0;1;0;0;0;1;0;0;0;0;2;0;0;0;0;0;0;0;0;0;0;0;0;0;0;0;0;0;0;0
2;"Szkoła Podstawowa nr 3 im. Ks. Kardynała Stefana Wyszyńskiego, ul. Listopadowa 18, 46-320 Praszka";160804;"gm. Praszka";"oleski";"opolskie";1;1;4;2;1;2;0;0;0;1;1;0;0;2;1;0;0;0;0;0;0;0;0;16;3;1;35;8;22;2;20;7;0;58;2;0;2;6;1;2;1;1;2;1;1;0;0;1;2;1;51;12;3;3;1;0;4;4;2;1;9;1;0;7;0;3;2;1;4;0;0;0;0;2;146;78;81;57;78;14;3;3;3;4;0;2;0;10;0;0;0;1;0;2;0;2;0;0;24;5;2;0;1;0;1;1;0;0;1;0;0;0;1;1;0;0;0;0;0;0;0;6;138;18;22;7;1;8;4;5;3;4;0;2;2;0;0;1;0;1;124;0;2;6;0;11;6;1;0;2;0;0;2;0;1;1;0;1;0;0;0;3;2;0;0;0;0;0;0;0;0;0;0;0;0;1;0;0;0;0;0;0;0;0;0;0
3;"Publiczne Przedszkole Nr 1, ul. Mickiewicza 28, 46-320 Praszka";160804;"gm. Praszka";"oleski";"opolskie";1;1;5;0;0;0;1;4;1;0;1;0;1;0;1;1;0;0;0;0;0;0;0;6;1;2;54;9;21;4;38;15;2;86;3;1;3;3;2;1;1;2;4;0;4;0;1;2;2;3;71;7;2;3;0;3;4;6;1;1;17;6;0;2;1;5;0;1;2;0;0;1;0;0;194;86;107;77;97;26;3;2;4;5;4;2;0;9;1;0;6;0;1;6;5;2;3;7;41;3;4;3;2;4;1;3;1;1;3;1;0;1;4;0;3;0;0;4;0;5;0;3;158;24;32;4;2;6;2;2;6;10;2;7;2;0;0;0;0;0;133;0;1;0;1;7;7;0;2;0;3;0;0;0;1;0;0;0;0;0;0;3;1;0;0;0;0;0;0;0;0;1;0;0;0;0;0;0;0;0;0;0;0;0;0;0
4;"I Liceum Ogólnokształcące im. Powstańców Śląskich, ul. Kaliska 38, 46-320 Praszka";160804;"gm. Praszka";"oleski";"opolskie";1;1;0;0;1;0;0;0;1;0;0;0;0;0;0;0;0;0;0;0;0;0;0;2;0;0;19;6;3;2;5;3;1;25;0;1;2;0;0;0;0;0;0;0;1;1;0;0;0;0;29;3;1;2;0;0;2;0;0;0;3;1;0;2;0;0;1;1;0;0;0;1;0;2;77;43;22;27;26;1;0;0;1;2;3;1;0;2;0;0;0;0;0;0;0;2;3;2;11;0;5;2;0;0;0;0;0;0;0;0;0;0;0;0;0;1;0;0;0;0;0;0;40;16;12;3;1;5;1;0;9;4;1;0;1;2;0;0;0;0;26;0;0;5;0;4;2;2;0;0;1;0;0;0;0;0;0;0;0;1;0;0;0;0;0;0;0;0;0;0;0;0;0;0;0;0;0;0;0;0;0;0;0;0;0;0
5;"Remiza Ochotniczej Straży Pożarnej, Wygiełdów 22, 46-310 Gorzów Śląski";160804;"gm. Praszka";"oleski";"opolskie";1;1;1;0;0;0;0;1;1;0;0;0;0;0;0;0;0;0;0;0;0;0;0;1;0;1;3;7;1;1;1;0;0;17;1;0;0;0;0;0;0;0;0;0;0;1;0;0;0;0;9;3;0;1;1;0;0;0;0;0;0;0;2;0;0;0;0;0;0;0;0;0;0;0;21;18;2;3;19;8;0;0;1;0;0;0;0;0;0;0;0;0;0;0;1;0;0;1;5;0;0;0;0;0;0;0;0;0;0;0;0;0;0;2;0;0;0;2;0;0;0;0;21;0;2;0;0;0;2;0;2;0;0;1;0;0;0;0;0;0;32;1;0;0;0;2;3;0;0;0;0;0;0;0;0;1;1;0;0;0;0;0;0;0;0;0;0;0;0;0;0;0;0;0;0;0;0;0;0;0;0;0;0;0;0;0
6;"Środowiskowy Dom Samopomocy, Gana 28, 46-320 Praszka";160804;"gm. Praszka";"oleski";"opolskie";1;1;3;0;1;1;1;0;0;0;0;0;0;1;1;1;0;0;1;0;0;0;0;2;0;1;8;6;2;0;13;1;1;26;0;2;1;1;0;0;0;1;0;0;0;0;0;0;0;0;11;2;0;0;0;0;0;1;0;1;5;0;0;1;0;0;0;0;0;0;0;2;1;0;51;44;21;9;39;1;4;2;6;0;3;1;0;5;1;1;0;1;0;2;0;1;0;2;12;4;1;2;0;2;1;1;0;0;1;0;1;0;0;0;2;0;0;1;0;1;0;0;28;5;6;2;0;2;1;0;0;0;0;0;0;0;0;0;0;0;27;0;1;0;0;0;2;0;0;0;0;0;0;0;0;1;0;0;0;0;1;0;2;0;0;0;0;0;0;0;0;0;0;0;0;0;0;0;0;0;0;0;0;0;0;0
7;"Zespół Szkolno-Przedszkolny, Strojec ul. Szkolna 8, 46-320 Praszka";160804;"gm. Praszka";"oleski";"opolskie";1;1;0;0;0;0;0;0;0;0;0;0;0;5;1;0;0;0;0;0;0;0;0;1;0;0;12;8;6;1;0;0;0;110;1;0;0;4;1;2;0;1;2;1;0;0;0;0;1;1;20;5;1;3;0;0;0;0;0;1;3;1;0;0;0;1;1;1;0;0;0;0;0;1;45;33;34;16;54;9;2;0;3;0;0;0;2;1;0;1;0;0;0;1;2;0;1;1;9;4;0;0;0;1;2;0;0;0;0;0;0;0;1;1;0;1;0;0;0;3;1;2;47;7;12;2;1;2;3;0;4;1;0;0;2;1;0;0;0;0;48;1;1;1;2;1;1;0;1;2;1;0;1;1;0;0;0;0;0;0;1;1;0;0;0;0;1;0;0;0;0;0;0;0;0;0;0;0;0;0;0;0;0;0;0;0
8;"Szkoła Podstawowa, Przedmość ul. Główna 22, 46-320 Praszka";160804;"gm. Praszka";"oleski";"opolskie";1;1;0;1;1;1;2;1;0;0;1;0;1;0;0;0;0;0;0;0;0;0;0;0;0;0;34;10;4;3;10;3;1;28;0;2;2;6;2;1;2;0;1;0;0;0;1;0;0;3;27;1;4;0;0;0;0;0;3;0;2;1;0;0;1;1;0;0;0;0;0;3;0;0;71;52;16;4;29;7;3;1;2;0;1;0;0;4;0;0;0;0;1;1;4;0;0;1;5;1;1;1;0;3;1;0;2;0;1;0;1;0;1;0;0;0;0;0;0;2;0;0;45;5;9;1;1;2;2;0;1;0;0;2;4;1;0;0;0;0;26;1;0;0;0;1;1;1;0;0;0;0;0;0;0;0;0;0;0;0;0;0;0;0;0;0;1;0;0;0;0;0;0;0;0;0;0;0;0;0;0;0;0;0;0;0
9;"Szkoła Podstawowa im. Wincentego Witosa, Kowale ul. Szkolna 1, 46-320 Praszka";160804;"gm. Praszka";"oleski";"opolskie";1;1;2;1;0;1;0;1;0;0;1;2;0;1;0;1;0;0;0;0;0;0;0;0;0;0;21;29;1;3;12;3;1;26;2;0;0;0;1;0;0;4;0;0;2;0;0;0;0;0;22;2;1;0;2;1;4;0;2;0;8;0;0;1;1;2;0;0;0;0;0;0;1;1;57;42;24;7;27;3;0;0;0;2;1;1;3;0;1;1;0;1;0;1;2;1;0;4;15;2;0;1;5;1;2;0;0;0;0;0;1;0;0;1;0;0;0;0;0;0;0;0;51;4;10;3;1;2;1;0;2;2;3;1;0;0;0;0;0;0;63;0;0;0;0;5;3;0;1;0;0;0;1;2;0;3;0;0;1;1;0;0;1;0;0;0;1;0;0;0;0;0;0;0;0;0;0;0;0;0;0;0;0;0;0;0
10;"Publiczna Szkoła Podstawowa Stowarzyszenia Przyjaciół Szkół Katolickich, Wierzbie 44, 46-320 Praszka";160804;"gm. Praszka";"oleski";"opolskie";1;1;1;0;1;0;0;0;1;0;0;0;0;0;0;1;0;0;0;0;0;0;0;0;0;0;21;4;1;1;6;2;1;13;0;0;0;1;0;0;0;0;5;1;1;0;0;0;0;0;10;5;0;0;0;2;0;0;4;0;2;0;0;2;0;1;0;0;0;0;0;0;0;1;72;59;7;16;15;7;1;1;5;1;0;0;0;2;3;0;0;0;0;0;0;1;0;2;11;1;0;3;0;0;2;0;0;2;0;0;0;0;0;0;1;1;0;0;0;0;0;0;22;2;5;0;2;2;2;1;0;1;1;0;0;0;0;0;0;0;18;0;0;0;0;1;6;0;0;0;0;0;2;0;0;0;0;0;0;0;1;1;0;0;0;0;1;0;1;0;0;1;0;0;0;0;1;0;0;0;0;0;0;0;0;0
11;"Remiza OSP w Brzezinach, Brzeziny 85, 46-320 Praszka";160804;"gm. Praszka";"oleski";"opolskie";1;1;0;0;0;0;0;2;0;0;0;0;0;0;0;0;0;0;0;1;0;0;0;1;0;0;5;9;1;0;3;1;0;31;0;0;0;0;0;1;0;0;0;1;0;0;1;1;0;0;6;0;0;0;0;0;1;2;0;0;4;1;0;0;0;1;0;0;1;0;0;0;0;0;24;31;5;9;22;0;0;0;1;1;1;2;0;0;0;0;1;0;0;0;0;0;0;2;4;1;1;1;2;1;0;0;0;0;1;0;0;0;1;2;0;0;0;0;0;2;0;0;22;2;2;0;0;1;1;0;2;0;0;0;0;0;0;0;0;0;24;0;0;0;0;0;0;0;0;0;0;0;0;0;0;0;0;0;0;0;0;0;0;0;0;0;0;0;0;0;0;0;0;0;0;0;0;0;0;0;0;0;0;0;0;0
12;"Remiza OSP w Skotnicy, Skotnica 22, 46-320 Praszka";160804;"gm. Praszka";"oleski";"opolskie";1;1;0;1;1;0;0;1;1;1;0;0;0;1;0;0;0;1;0;0;0;0;0;0;0;0;6;2;0;0;0;2;0;28;0;0;0;1;0;0;0;0;0;1;0;0;0;0;0;0;6;1;0;1;1;0;1;0;0;0;0;0;1;0;0;1;0;0;0;0;0;0;0;1;13;1;6;1;37;0;0;0;1;0;0;1;0;1;0;0;0;0;0;0;0;0;0;0;6;0;0;0;0;1;1;0;0;0;0;0;0;0;1;1;0;0;0;0;1;2;0;0;4;0;6;0;0;2;1;0;0;0;1;0;0;0;0;0;0;0;7;0;0;1;0;0;0;0;0;0;0;0;0;0;1;0;1;0;0;0;0;0;0;0;0;0;0;0;0;0;0;0;0;0;0;0;0;0;0;0;0;0;0;0;0;0
13;"Dom Ludowy w Szyszkowie, Szyszków 88, 46-310 Gorzów Śląski";160804;"gm. Praszka";"oleski";"opolskie";1;1;0;0;0;0;0;0;0;0;0;0;0;0;0;0;0;0;0;0;0;0;0;1;0;0;5;4;5;1;3;0;0;5;0;0;0;0;0;0;0;0;1;1;0;0;0;0;0;1;11;3;0;2;0;0;2;0;0;0;1;1;0;1;0;0;0;0;0;0;0;0;0;0;15;19;4;2;2;5;0;0;0;1;0;0;0;2;0;0;0;0;0;0;0;0;0;0;4;0;3;0;1;0;0;1;0;0;1;2;0;1;0;0;0;0;0;0;0;0;0;0;15;2;9;1;0;0;0;2;0;0;0;0;0;0;0;0;0;0;20;0;0;0;0;0;1;0;0;0;0;0;0;0;1;0;0;0;1;0;0;0;0;1;0;0;1;0;0;0;0;1;0;0;0;0;0;0;0;0;0;0;0;0;0;0
14;"Dom Ludowy w Rozterku, Rozterk 32, 46-320 Praszka";160804;"gm. Praszka";"oleski";"opolskie";1;1;1;0;0;0;0;0;0;0;0;0;0;0;0;0;0;0;0;0;0;0;0;0;0;0;3;7;2;0;0;0;0;23;0;0;0;0;0;0;0;0;0;1;0;0;0;0;0;0;2;0;0;0;0;1;1;1;2;0;1;0;0;2;0;0;0;0;0;0;0;0;1;0;18;11;11;9;27;8;0;0;0;0;0;0;1;0;0;0;0;0;0;0;0;1;0;0;4;1;1;1;0;0;0;0;0;0;0;0;0;0;0;0;0;0;0;1;0;0;0;0;11;0;1;0;0;0;0;0;0;0;0;0;0;0;0;0;0;0;11;0;0;0;0;1;0;0;0;0;0;0;0;1;0;0;0;0;0;0;0;0;0;0;0;0;0;0;0;0;0;0;0;0;0;0;0;0;0;0;0;0;0;0;0;0
15;"Dom Opieki Desiderata, ul. Powstańców Śląskich 29, 46-320 Praszka";160804;"gm. Praszka";"oleski";"opolskie";1;1;0;0;0;0;0;0;0;0;1;0;1;0;0;0;0;0;0;0;0;0;0;0;0;0;0;0;0;0;0;0;0;0;0;0;0;0;0;0;0;0;0;0;0;0;0;0;0;0;0;0;0;0;0;0;0;0;0;0;0;0;0;1;0;0;0;0;0;0;0;0;0;0;1;1;0;0;0;1;0;0;0;0;0;0;0;0;0;0;0;0;0;1;0;0;0;0;0;0;0;0;0;0;0;0;0;0;0;0;0;0;0;0;0;0;0;0;0;0;0;0;2;2;0;0;0;0;0;0;0;0;0;0;0;0;0;0;0;0;0;0;0;0;0;0;0;0;0;0;0;0;0;0;0;0;0;0;0;0;0;0;0;0;0;0;0;0;0;0;0;0;0;0;0;0;0;0;0;0;0;0;0;1;0;0
1;"Publiczna Szkoła Podstawowa w Radłowie, ul. Oleska 1, 46-331 Radłów";160805;"gm. Radłów";"oleski";"opolskie";1;1;2;0;0;1;0;1;0;1;0;0;0;1;2;0;1;0;0;1;0;0;0;0;0;0;15;3;4;1;5;3;0;13;0;0;1;4;0;1;3;0;0;1;2;0;1;0;0;1;11;3;3;0;2;0;3;3;0;0;0;0;0;2;0;0;0;0;0;1;0;0;0;1;62;80;7;21;9;2;0;2;0;1;2;0;0;1;0;2;2;1;2;0;1;2;0;2;22;3;3;0;0;1;0;2;0;1;1;0;0;0;1;0;0;0;0;0;0;1;0;2;25;2;2;1;1;2;2;0;1;2;1;2;0;1;0;0;0;6;49;0;0;0;0;3;6;5;0;0;0;0;0;0;0;4;1;0;0;0;0;0;9;6;0;1;219;2;0;0;0;6;0;0;0;0;0;0;0;0;0;0;0;1;0;0
2;"Publiczna Szkoła Podstawowa w Sternalicach, Sternalice 8, 46-333 Sternalice";160805;"gm. Radłów";"oleski";"opolskie";1;1;2;0;0;0;1;0;1;0;0;0;0;0;0;0;0;0;0;1;0;0;0;0;0;0;11;2;2;0;5;0;0;2;0;0;0;1;0;0;1;2;1;1;0;0;0;1;0;2;2;2;1;1;0;3;1;1;0;0;0;2;1;0;0;0;0;0;0;0;0;1;0;0;23;50;3;14;9;3;0;0;1;2;0;0;1;1;0;0;0;0;0;1;0;0;0;0;10;1;1;1;2;1;1;1;0;0;1;0;0;0;0;0;0;0;0;0;1;0;0;1;20;1;1;3;1;1;0;0;2;0;1;3;0;0;0;0;0;6;38;0;0;0;0;2;4;0;0;2;1;0;4;0;0;1;0;0;0;0;0;2;9;1;0;1;175;0;1;0;0;7;1;0;0;0;0;0;0;0;0;0;0;3;0;0
3;"Publiczna Szkoła Podstawowa Pomnik 1000-Lecia w Kościeliskach, Kościeliska 28, 46-324 Kościeliska";160805;"gm. Radłów";"oleski";"opolskie";1;1;3;1;0;0;1;0;0;0;0;1;0;0;0;0;0;0;0;0;0;0;0;0;0;0;20;3;2;3;0;2;1;3;1;0;0;0;0;0;1;0;1;1;2;0;0;0;0;1;12;1;2;0;0;1;2;0;0;0;0;0;0;0;0;0;4;0;0;0;0;0;0;0;39;45;6;15;25;5;1;1;2;1;0;0;0;0;0;1;1;0;0;2;2;1;0;1;25;3;1;2;1;0;0;0;3;0;0;0;0;0;0;0;0;0;1;1;0;3;0;0;34;3;3;1;1;0;0;0;0;1;0;1;0;1;0;0;0;2;29;0;0;0;0;2;6;0;0;0;0;0;1;0;0;0;0;0;0;0;2;0;5;2;0;0;199;0;0;0;0;1;0;0;0;0;0;0;1;0;0;0;0;0;0;0
1;"Publiczna Szkoła Podstawowa im. Tadeusza Kościuszki w Cieciułowie, Cieciułów 19, 46-325 Rudniki";160806;"gm. Rudniki";"oleski";"opolskie";1;1;3;1;0;0;0;0;0;1;2;0;0;0;0;0;1;0;0;0;0;0;0;0;0;0;62;3;7;4;13;7;2;33;2;0;0;7;0;5;1;0;0;2;2;0;0;2;0;0;15;6;1;1;2;0;1;0;1;1;2;1;0;1;1;1;1;0;0;0;0;0;0;0;120;153;21;18;16;7;0;0;6;2;1;0;1;3;1;0;2;1;1;2;3;3;0;2;15;4;1;0;0;3;1;0;0;0;0;0;0;0;0;3;2;1;0;1;0;0;0;2;38;4;12;4;6;4;4;2;4;2;4;2;0;0;0;0;0;0;23;2;0;0;0;4;2;2;2;0;1;0;0;0;0;2;1;0;0;1;1;1;0;0;0;0;1;0;0;0;0;0;0;0;0;0;0;0;0;0;0;0;0;0;0;0
2;"Publiczna Szkoła Podstawowa im. Marszałka Józefa Piłsudskiego w Żytniowie, Żytniów 29, 46-325 Rudniki";160806;"gm. Rudniki";"oleski";"opolskie";1;1;4;0;1;0;0;1;0;0;0;1;0;0;0;0;0;0;1;1;0;0;0;0;1;0;30;5;8;2;12;4;3;41;1;0;0;7;0;1;0;1;3;0;1;0;1;0;1;4;23;3;2;3;1;2;2;3;2;0;9;0;1;2;0;2;0;1;0;0;0;0;1;3;74;100;25;10;33;2;1;1;4;2;2;0;0;4;0;0;1;0;3;0;1;1;0;1;24;2;2;0;1;2;4;1;0;0;0;0;0;0;0;2;0;0;0;0;0;4;0;1;43;7;5;7;4;8;1;2;1;0;1;3;1;1;0;1;1;0;37;0;0;0;0;3;3;0;0;0;0;0;0;0;0;0;1;0;0;0;0;2;0;0;0;0;2;0;0;0;0;0;0;0;0;0;0;0;0;0;0;0;0;0;0;0
3;"Publiczna Szkoła Podstawowa im. Andrzeja Wajdy w Rudnikach, ul. Wieluńska 6, 46-325 Rudniki";160806;"gm. Rudniki";"oleski";"opolskie";1;1;4;2;1;0;1;3;2;0;2;2;0;1;0;3;0;0;0;1;1;2;0;0;2;0;53;10;3;7;19;4;2;79;3;1;0;7;0;1;0;1;4;3;1;1;3;3;3;6;41;12;2;6;0;1;4;5;1;1;5;2;1;3;0;4;0;3;1;0;0;0;0;0;99;231;22;27;47;3;4;1;4;1;2;0;0;8;2;0;0;2;1;3;5;1;0;1;34;2;5;2;1;1;2;1;0;1;1;0;1;0;1;0;0;0;1;0;0;0;1;1;94;22;8;5;1;11;2;6;2;1;4;1;1;2;0;0;0;0;69;0;3;0;0;11;5;1;0;2;0;0;3;1;0;0;0;0;0;1;0;1;1;1;0;0;1;0;0;0;0;0;0;0;0;0;0;0;0;0;0;0;0;0;0;0
4;"Publiczna Szkoła Podstawowa im. Jana Pawła II w Dalachowie, Dalachów 217, 46-325 Rudniki";160806;"gm. Rudniki";"oleski";"opolskie";1;1;6;0;5;0;3;1;0;2;3;0;1;0;0;2;0;0;1;0;1;0;0;1;1;1;35;8;3;3;19;13;0;29;4;2;1;12;2;1;0;4;2;1;1;1;2;1;0;1;32;8;2;1;1;1;0;3;2;1;3;1;0;4;0;4;1;1;0;1;0;0;1;3;83;208;17;8;62;7;2;0;1;2;3;2;1;0;2;2;1;0;0;3;2;0;1;3;12;5;1;3;3;1;0;0;0;2;2;0;0;0;2;0;0;0;0;0;2;1;1;2;79;14;8;1;0;6;2;4;1;0;1;4;1;0;0;4;0;0;59;0;0;0;0;10;6;1;0;1;1;1;0;1;0;2;0;0;2;0;0;0;0;1;0;0;0;0;0;0;0;0;0;0;0;0;0;0;0;0;0;0;0;0;0;0
5;"Publiczna Szkoła Podstawowa im. Mikołaja Kopernika w Jaworznie, Mirowszczyzna 43, 46-325 Rudniki";160806;"gm. Rudniki";"oleski";"opolskie";1;1;4;0;3;0;0;1;0;3;1;3;0;0;0;1;0;0;0;0;0;0;0;0;2;1;62;7;9;5;8;9;2;27;1;1;0;10;0;1;1;0;2;2;2;0;1;0;1;2;36;9;4;2;2;0;2;6;2;0;2;4;2;3;0;1;2;1;0;0;0;0;0;0;133;169;9;27;35;6;2;2;2;5;0;0;0;12;2;0;0;2;0;1;0;3;0;4;29;3;0;2;0;3;1;0;1;0;1;0;1;0;0;0;1;0;0;1;0;2;0;0;78;13;6;5;0;4;0;4;0;1;1;0;3;0;1;1;2;0;55;0;0;1;0;5;7;2;1;1;0;0;2;0;0;0;2;0;1;1;0;0;2;0;0;0;1;0;0;0;0;0;0;0;0;0;0;0;0;0;0;0;0;0;0;0
1;"Publiczna Szkoła Podstawowa im. Powstańców Śląskich w Zębowicach, Łącznik – Sala nr 1, ul. Oleska 10, 46-048 Zębowice";160807;"gm. Zębowice";"oleski";"opolskie";1;1;0;0;1;0;0;0;0;3;0;0;0;0;0;1;0;0;0;0;1;0;0;0;0;0;17;7;1;4;3;2;0;0;1;0;0;3;0;0;1;0;2;1;0;1;1;0;0;4;8;2;1;0;0;0;0;0;0;0;0;0;0;0;1;0;0;0;0;0;1;0;0;1;34;26;8;9;15;4;0;2;1;0;0;0;0;0;0;0;0;0;0;1;1;0;0;0;16;3;1;4;3;0;0;2;0;0;1;0;0;1;0;0;0;0;0;0;0;2;0;1;39;23;20;2;0;1;2;3;1;0;2;2;0;1;0;0;0;12;16;0;0;0;0;4;6;3;0;0;2;1;0;0;0;2;0;0;1;0;10;0;28;4;1;1;9;0;0;0;0;4;1;0;0;0;24;0;0;0;0;0;0;1;0;0
2;"Ochotnicza Straż Pożarna, Kadłub Wolny ul. Szkolna 5, 46-048 Zębowice";160807;"gm. Zębowice";"oleski";"opolskie";1;1;0;0;0;0;0;0;0;4;0;0;0;0;0;0;0;0;0;0;0;0;0;0;0;0;11;1;3;1;0;1;0;0;0;0;0;0;0;0;1;0;0;1;0;0;0;0;0;0;10;0;0;0;0;0;2;1;0;0;0;0;0;1;0;0;0;0;0;0;1;0;0;0;16;13;4;1;8;0;0;0;0;0;0;0;0;0;0;0;0;0;0;0;0;11;0;0;9;0;0;0;1;1;0;0;1;0;1;0;0;0;0;1;1;0;0;0;1;2;0;0;20;2;4;0;1;3;0;1;0;0;0;0;0;0;0;0;0;4;11;0;0;3;0;4;6;0;0;0;2;1;0;0;0;1;0;0;0;0;8;0;18;3;0;0;7;6;0;0;0;0;1;0;0;0;29;0;0;0;0;0;0;0;0;0
3;"Budynek gminny, Radawie ul. Szkolna 22, 46-048 Zębowice";160807;"gm. Zębowice";"oleski";"opolskie";1;1;0;1;1;0;0;0;0;1;0;1;1;0;0;1;0;0;0;0;0;0;0;0;0;0;4;1;2;3;3;3;0;1;0;0;0;1;0;0;0;0;1;1;3;0;0;0;0;0;5;1;1;1;0;0;0;0;0;0;0;0;0;0;0;0;0;1;0;0;0;0;1;0;21;19;8;4;9;4;0;0;2;0;0;0;1;1;0;0;0;0;0;1;1;1;0;0;8;2;1;1;3;1;0;0;1;0;0;0;0;0;0;0;0;0;0;0;0;0;0;1;20;6;10;0;0;0;3;3;0;1;0;0;0;0;0;0;0;2;2;0;0;0;0;5;3;1;0;0;0;0;1;0;0;0;0;0;0;0;12;0;29;0;0;1;1;1;0;1;0;4;0;0;0;0;75;0;1;0;1;0;0;0;0;0
4;"Publiczna Szkoła Podstawowa im. Powstańców Śląskich w Zębowicach, Łącznik – Sala nr 2, ul. Oleska 10, 46-048 Zębowice";160807;"gm. Zębowice";"oleski";"opolskie";1;1;0;0;0;0;0;0;0;4;0;0;0;0;0;0;0;0;0;0;0;1;0;0;0;1;15;8;3;0;3;1;0;1;1;0;0;1;0;1;0;0;0;2;0;0;0;0;0;1;15;2;0;0;1;0;0;0;0;1;0;0;0;2;0;1;0;0;0;0;0;0;1;0;23;18;5;4;16;2;0;0;0;0;0;0;0;0;0;0;0;0;0;0;1;1;0;0;9;3;2;3;0;3;0;2;0;0;3;0;0;1;0;0;0;0;0;0;1;1;0;0;30;21;5;5;1;2;2;8;1;0;1;1;0;0;0;0;1;3;13;0;0;0;0;9;2;0;0;1;1;1;0;0;0;0;0;0;0;0;11;0;24;2;2;0;1;0;0;0;0;2;1;0;0;0;24;0;0;1;0;0;0;0;0;1
1;"Klub Samorządowy, ul. Dworcowa 1, 46-053 Chrząstowice";160901;"gm. Chrząstowice";"opolski";"opolskie";1;1;4;1;0;0;0;1;0;0;1;0;0;0;0;0;1;0;0;1;0;0;0;0;0;1;37;16;5;2;4;5;1;1;1;0;1;1;3;0;0;2;1;0;0;3;1;2;1;2;25;4;0;0;0;0;0;0;2;0;0;0;2;1;0;1;0;0;0;0;0;1;0;0;26;20;6;11;45;9;0;0;1;2;0;1;0;1;0;0;0;0;0;0;1;1;0;1;28;5;2;4;1;2;2;2;1;0;0;0;1;0;1;0;0;0;0;1;0;0;0;1;72;19;56;1;2;7;5;6;3;0;4;1;1;0;1;4;1;2;2;0;0;0;1;24;4;0;0;0;0;2;1;0;0;1;0;0;0;1;0;0;14;171;2;1;1;0;0;1;1;0;0;0;0;0;0;0;0;0;0;2;0;0;0;2
2;"Publiczna Szkoła Podstawowa, Dębska Kuźnia ul. Wiejska 53, 46-053 Chrząstowice";160901;"gm. Chrząstowice";"opolski";"opolskie";1;1;0;2;0;0;0;0;0;0;0;0;0;2;0;0;0;0;0;0;0;0;0;0;0;0;47;12;3;4;2;4;0;0;3;0;0;2;1;1;0;1;0;2;1;1;1;0;0;3;47;3;2;1;0;1;3;2;2;0;0;0;1;1;0;1;0;0;1;0;1;0;0;0;24;14;4;10;68;8;0;0;0;0;2;0;0;0;0;0;0;0;0;0;1;0;0;0;22;2;2;3;1;0;2;0;1;0;0;0;1;0;2;0;0;0;0;0;0;1;0;0;81;42;66;2;6;3;1;13;1;0;2;2;1;1;0;1;0;10;4;3;1;4;1;35;5;2;0;2;0;0;0;0;0;0;0;1;0;0;0;0;21;150;1;0;0;3;1;0;0;0;0;0;0;2;0;0;0;0;0;0;0;3;0;2
3;"Publiczna Szkoła Podstawowa, Dębie ul. Wiejska 18, 46-053 Chrząstowice";160901;"gm. Chrząstowice";"opolski";"opolskie";1;1;3;1;0;0;0;1;0;0;0;0;2;2;0;0;0;0;0;1;0;0;0;0;0;2;15;11;2;6;0;3;0;0;3;0;0;3;1;0;2;1;1;0;3;0;2;0;0;0;19;1;3;0;0;0;2;0;0;1;1;0;0;2;0;0;1;0;0;0;0;0;0;0;29;14;5;11;27;4;1;0;1;0;0;0;1;1;0;0;0;1;0;0;4;0;0;1;13;5;3;5;0;2;0;1;0;0;0;0;0;0;0;1;1;0;1;3;0;0;1;1;38;21;41;3;2;2;0;8;1;2;1;0;1;0;0;0;0;8;1;0;0;0;1;14;2;0;0;0;0;0;0;0;0;0;0;0;0;0;0;0;26;69;2;0;0;1;0;0;2;0;0;0;0;1;0;0;0;1;0;0;0;0;0;2
4;"Klub Wiejski, Daniec ul. Dąbrowicka 4, 46-053 Chrząstowice";160901;"gm. Chrząstowice";"opolski";"opolskie";1;1;1;0;2;0;1;0;0;0;0;0;1;1;0;0;0;0;0;0;0;0;0;0;0;0;27;10;8;1;2;2;0;1;0;1;1;3;0;1;1;0;0;6;0;0;1;0;1;0;11;1;2;1;0;0;1;0;1;1;1;0;1;0;0;1;0;1;0;0;0;0;0;0;35;28;3;23;41;10;0;0;2;1;0;0;0;0;0;0;0;0;0;0;0;0;0;0;18;2;0;3;0;0;0;1;0;0;0;0;0;2;1;1;0;0;0;0;1;1;0;0;45;12;23;1;3;5;0;4;2;0;0;1;0;0;0;3;0;23;2;0;0;0;1;32;6;0;2;1;2;1;0;0;0;1;0;0;0;0;0;0;18;44;1;0;0;1;0;0;1;0;1;1;0;6;0;0;1;0;0;0;0;0;0;3
5;"Świetlica Wiejska, Suchy Bór ul. Szkolna 2, 46-053 Chrząstowice";160901;"gm. Chrząstowice";"opolski";"opolskie";1;1;4;0;0;0;0;0;0;0;0;0;0;0;0;0;0;0;0;1;0;0;0;0;0;0;37;20;7;2;5;1;0;1;0;0;1;0;0;0;0;0;1;0;1;0;1;0;2;1;25;3;4;2;0;0;3;0;0;0;0;0;0;5;1;0;0;0;2;0;0;0;0;1;31;19;1;12;36;6;0;1;0;1;0;0;0;0;0;0;0;1;0;0;0;0;0;1;25;1;2;1;1;1;0;0;0;1;2;0;0;0;3;0;0;0;0;0;0;0;0;0;65;42;91;4;6;6;2;11;2;0;3;0;0;2;0;15;2;4;0;3;3;4;1;22;3;0;0;0;0;1;2;0;1;0;0;0;0;0;1;0;14;20;0;0;1;4;0;0;0;0;1;0;0;0;0;0;1;0;0;0;0;0;0;1
6;"Świetlica Wiejska w Lędzinach, ul. Szkolna 2, 46-053 Lędziny";160901;"gm. Chrząstowice";"opolski";"opolskie";1;1;0;0;0;0;0;0;0;0;0;0;0;1;0;0;0;0;0;0;0;0;0;0;0;0;26;10;1;0;1;1;1;0;0;1;0;3;0;0;1;0;0;0;1;0;0;0;0;0;14;1;3;3;0;0;3;1;0;2;0;0;0;0;0;2;0;0;0;0;0;0;1;0;23;29;1;6;17;3;0;0;0;1;0;0;0;0;0;0;0;0;0;0;1;0;0;0;14;2;2;1;1;0;1;0;0;0;1;0;0;0;1;0;0;0;0;0;0;0;1;0;60;19;39;8;1;1;1;6;1;0;4;1;0;0;0;2;3;1;1;1;1;1;0;22;0;0;0;2;0;0;0;1;0;0;0;0;0;0;0;0;8;42;1;0;0;3;1;0;0;0;0;0;0;0;0;0;0;0;1;0;0;0;0;0
1;"Świetlica wiejska, ul. Księdza Profesora Józefa Sztonyka 19a, 49-120 Dąbrowa";160902;"gm. Dąbrowa";"opolski";"opolskie";1;1;3;1;1;0;0;0;1;0;0;0;0;0;0;1;0;0;0;0;0;0;0;1;1;0;30;62;5;1;5;13;1;0;0;1;1;1;1;1;0;4;0;0;0;2;1;0;1;3;38;1;7;2;1;0;2;0;2;0;0;4;1;3;2;1;0;0;0;0;0;0;1;1;93;76;7;16;22;14;2;1;0;0;0;0;1;0;0;0;0;0;0;0;3;0;4;3;22;4;0;3;1;2;1;0;1;0;0;0;0;1;1;1;0;0;0;0;0;3;0;0;90;28;48;2;4;4;1;12;8;1;6;2;1;1;0;3;3;0;3;1;0;0;1;57;3;1;1;0;0;1;1;0;1;1;0;0;0;0;0;1;6;1;0;0;0;0;0;0;0;0;0;0;0;0;0;0;1;0;0;0;1;0;0;0
2;"Publiczna Szkoła Podstawowa w Chróścinie, ul. Niemodlińska 8d, 46-073 Chróścina";160902;"gm. Dąbrowa";"opolski";"opolskie";1;1;3;5;1;0;0;0;0;0;0;0;1;0;0;0;0;0;0;0;0;0;0;0;0;1;35;36;3;2;3;5;2;0;2;0;0;2;1;0;0;2;0;2;1;0;0;0;0;2;35;5;7;0;0;0;4;2;0;0;0;2;0;0;0;1;0;1;0;0;0;1;0;0;49;45;8;18;22;11;0;2;2;0;0;0;0;0;0;0;0;0;0;1;2;0;0;4;21;3;3;2;1;1;1;1;0;0;0;0;0;0;0;0;0;0;0;1;0;1;0;0;68;28;62;3;2;4;1;21;0;1;4;3;0;0;0;13;1;3;0;0;0;0;0;49;1;0;1;0;5;1;0;0;1;0;0;1;0;0;0;1;62;19;1;1;1;5;0;0;0;0;1;0;0;0;0;0;4;0;0;0;0;0;1;0
3;"Publiczna Szkoła Podstawowa w Naroku, ul. Szkolna 19, 49-120 Narok";160902;"gm. Dąbrowa";"opolski";"opolskie";1;1;1;1;1;0;0;1;0;0;1;1;0;0;0;0;0;0;0;0;0;0;0;0;0;0;17;36;0;1;0;1;0;0;0;1;0;1;0;0;0;0;0;0;0;0;0;2;1;0;10;3;4;0;0;0;1;0;0;0;1;0;1;0;0;0;0;0;0;0;0;0;0;0;27;23;2;9;18;7;0;1;0;0;1;0;0;0;0;0;0;0;0;1;0;0;0;0;3;2;3;2;1;0;0;0;0;0;1;0;1;0;1;0;0;0;0;0;0;0;0;1;19;7;18;2;0;5;0;17;14;0;3;0;1;1;0;0;1;1;0;0;0;0;0;16;3;1;0;0;0;1;0;0;0;0;0;0;0;1;0;1;11;1;1;0;0;0;0;0;0;0;0;1;0;0;0;0;29;0;0;0;0;0;0;0
4;"Świetlica wiejska, ul. Długa 18a, 49-120 Ciepielowice";160902;"gm. Dąbrowa";"opolski";"opolskie";1;1;2;0;1;0;0;0;0;0;0;0;0;0;0;0;0;0;0;0;0;0;0;0;0;0;10;33;7;1;1;1;0;1;0;0;0;2;0;4;0;0;1;0;0;0;1;1;0;0;21;0;0;0;0;1;1;1;0;0;0;0;0;0;3;1;0;0;0;0;0;0;0;0;28;28;4;9;13;2;0;0;0;0;0;0;0;0;0;0;0;0;1;0;0;1;0;0;19;4;2;1;2;0;0;0;0;0;2;0;1;0;0;0;0;0;0;0;0;0;0;1;30;2;13;0;1;3;2;8;4;0;12;0;0;1;0;2;0;0;1;0;1;0;0;30;4;1;0;0;0;0;0;0;0;1;0;1;0;0;0;1;0;0;0;0;0;1;0;0;0;0;0;0;0;0;0;0;1;0;0;0;0;0;0;0
5;"Świetlica wiejska, ul. Kwiatowa 25a, 49-120 Nowa Jamka";160902;"gm. Dąbrowa";"opolski";"opolskie";1;1;3;0;2;0;0;0;0;0;1;0;0;0;0;0;0;0;0;0;0;0;0;0;0;0;2;5;0;0;0;0;0;0;0;0;0;0;0;0;0;0;0;0;1;0;0;0;0;0;6;0;0;0;0;0;0;0;0;0;0;0;0;0;1;1;0;0;0;0;0;0;0;1;23;20;2;2;4;1;0;0;0;0;0;0;0;0;0;0;0;0;1;0;12;0;0;0;4;2;0;1;0;0;1;1;0;0;0;0;0;0;0;0;1;0;0;0;0;0;0;0;13;3;6;0;1;1;0;2;2;0;0;1;0;1;0;1;0;0;0;0;0;1;1;5;0;0;1;0;0;0;0;0;0;1;0;0;0;0;1;0;1;1;0;0;0;0;0;0;0;0;0;0;0;0;0;0;0;0;0;0;0;0;0;1
6;"Budynek socjalno-administracyjny, ul. Sportowa 18, 49-120 Prądy";160902;"gm. Dąbrowa";"opolski";"opolskie";1;1;1;0;0;0;0;0;1;1;0;0;0;0;0;0;0;0;0;0;0;0;0;0;1;1;8;17;2;1;1;1;1;1;0;0;0;0;0;0;0;0;1;1;1;0;1;0;0;0;7;1;1;0;0;1;4;0;0;0;0;0;0;0;0;0;0;0;0;0;0;0;0;0;15;32;1;6;1;4;0;0;0;1;0;0;0;0;0;0;0;0;0;0;0;0;0;1;12;0;0;1;0;1;0;0;0;0;1;0;0;3;0;0;0;0;0;1;0;0;0;2;20;11;20;2;0;1;0;6;2;0;5;0;2;0;1;3;0;0;0;1;2;0;0;11;0;0;0;0;0;0;0;0;0;0;0;0;0;0;0;0;4;0;0;1;1;0;0;0;0;0;0;0;0;1;0;0;0;0;0;0;0;0;0;0
7;"Pawilon sportowy, ul. Strażacka 6a, 46-073 Mechnice";160902;"gm. Dąbrowa";"opolski";"opolskie";1;1;1;9;0;0;0;0;0;1;0;0;1;0;0;0;1;0;0;0;1;0;0;0;0;0;19;34;5;0;0;3;1;1;2;1;0;1;0;1;1;1;0;0;0;1;0;0;0;1;30;4;2;1;0;2;0;0;2;0;0;0;0;0;0;0;0;0;0;0;0;0;0;0;33;36;11;10;19;6;0;0;0;0;1;0;1;2;0;0;0;0;1;0;2;1;1;1;17;3;0;2;0;0;1;1;0;0;1;0;1;1;0;0;0;0;0;2;0;0;1;0;47;28;64;4;6;5;2;10;1;1;3;0;0;0;0;3;0;2;2;0;0;2;1;40;8;0;0;2;2;0;1;0;0;0;0;0;0;0;0;1;55;6;2;0;0;1;0;0;0;0;0;0;0;0;0;0;5;0;0;0;0;0;0;0
8;"Świetlica wiejska, ul. Szkolna 2, 49-120 Karczów";160902;"gm. Dąbrowa";"opolski";"opolskie";1;1;1;0;4;0;0;0;0;0;0;0;0;0;0;1;0;0;0;0;0;0;0;0;0;0;21;19;1;0;0;3;0;0;0;0;0;2;0;1;0;0;0;1;10;2;1;0;0;0;15;2;3;3;0;0;1;3;0;0;1;0;0;0;0;2;0;0;0;1;0;0;1;0;46;39;5;7;2;6;0;0;2;1;0;0;0;0;0;0;0;0;1;1;0;0;1;0;14;3;2;0;1;1;0;0;0;0;0;0;0;0;0;1;0;0;0;0;0;0;0;0;55;21;41;8;2;2;3;5;0;0;6;0;1;0;1;3;1;0;0;1;2;0;0;20;4;0;0;2;0;0;0;0;0;0;0;0;1;0;0;0;6;1;1;0;0;0;1;0;0;0;0;0;0;0;1;0;3;0;0;0;0;1;0;0
9;"Świetlica wiejska, ul. Opolska 52, 49-120 Skarbiszów";160902;"gm. Dąbrowa";"opolski";"opolskie";1;1;0;0;0;0;0;0;0;0;1;0;0;0;0;0;0;0;0;0;0;0;0;0;0;0;4;8;1;2;0;1;0;0;0;0;0;0;0;0;0;0;0;1;0;0;0;0;0;0;5;1;0;0;0;0;0;0;0;0;0;0;0;0;0;0;0;0;0;0;0;0;0;0;36;31;9;15;9;3;0;0;1;0;1;0;0;0;0;0;0;0;0;0;2;0;1;3;5;1;0;2;0;0;3;0;0;0;1;0;0;0;0;0;0;0;0;0;0;0;0;1;7;6;10;0;0;2;0;2;0;0;2;0;1;0;0;3;0;0;1;0;0;0;0;3;0;1;0;0;0;0;0;0;0;0;0;0;0;0;0;0;0;1;0;0;0;0;0;0;0;0;1;0;0;0;0;0;11;0;0;0;0;0;0;0
10;"Świetlica wiejska, ul. Opolska 58, 49-120 Żelazna";160902;"gm. Dąbrowa";"opolski";"opolskie";1;1;1;0;1;0;0;0;0;0;0;0;0;0;0;0;0;0;1;0;0;0;0;0;0;0;10;20;3;0;4;1;0;0;0;0;0;0;0;0;0;0;0;0;0;4;0;0;0;0;8;1;1;0;0;0;1;0;0;0;0;0;0;1;0;1;0;0;1;0;0;1;0;1;20;17;3;5;9;3;0;0;0;0;0;0;0;0;0;0;1;0;0;0;1;0;0;0;0;2;1;0;0;0;0;0;2;0;1;0;2;1;0;0;0;0;0;1;0;0;0;0;23;12;27;0;0;2;0;11;0;0;3;1;1;0;0;0;0;0;0;0;0;0;0;17;1;0;0;0;0;0;0;0;0;0;0;0;0;0;0;0;43;12;1;0;0;3;0;0;0;0;0;0;0;0;0;0;16;0;0;1;4;0;0;3
11;"Świetlica Wiejska w Niewodnikach, ul. Opolska 31, 49-120 Niewodniki";160902;"gm. Dąbrowa";"opolski";"opolskie";1;1;2;0;0;0;1;0;0;0;1;1;1;0;0;0;0;0;1;0;1;0;0;0;0;0;4;25;2;0;2;0;0;0;0;0;0;0;1;0;0;1;0;0;1;0;0;0;0;0;7;0;0;2;0;0;1;0;0;0;0;0;0;0;0;0;0;0;0;0;0;0;0;0;14;13;3;6;8;3;1;1;1;0;0;1;0;0;0;0;0;0;0;0;0;0;0;1;7;0;0;0;1;1;1;0;0;0;0;0;0;0;0;0;0;0;0;1;0;0;0;1;10;2;14;0;0;0;1;5;1;0;0;0;0;0;0;0;0;1;2;0;2;0;0;2;3;0;0;0;0;0;0;0;0;0;0;0;0;0;0;0;6;1;0;0;0;0;0;0;0;0;0;0;0;0;0;0;8;0;0;0;1;0;0;1
1;"Publiczna Szkoła Podstawowa, ul. Powstańców Śląskich 1, 46-080 Chróścice";160903;"gm. Dobrzeń Wielki";"opolski";"opolskie";1;1;5;0;2;0;2;0;3;1;2;0;1;1;0;1;0;0;0;0;0;0;0;0;0;1;56;30;5;5;4;5;11;1;0;1;1;8;1;2;0;3;2;6;0;1;2;1;2;1;35;5;11;0;0;0;1;0;1;1;0;1;0;1;0;3;1;0;1;0;0;1;0;0;59;38;10;13;18;4;0;1;1;2;0;0;0;0;0;0;0;0;0;0;4;1;0;0;35;1;4;3;3;2;1;1;1;1;1;0;0;0;1;1;0;0;0;2;0;1;0;1;87;43;83;7;8;19;3;33;42;0;115;1;0;1;1;2;0;13;2;2;2;0;0;33;7;0;3;0;1;6;1;1;0;0;0;5;0;0;1;1;118;27;6;1;2;2;0;0;1;0;1;0;1;1;0;2;2;0;2;4;29;0;1;5
2;"Zespół Szkół, Dobrzeń Mały ul. Opolska 87, 46-081 Dobrzeń Wielki";160903;"gm. Dobrzeń Wielki";"opolski";"opolskie";1;1;4;1;0;0;1;1;0;0;1;0;0;0;0;0;0;0;0;0;0;0;0;0;0;0;14;11;2;2;4;2;0;0;0;0;1;2;1;0;0;1;0;1;1;1;1;0;1;0;12;1;0;0;1;0;3;0;0;0;0;0;0;2;0;0;0;0;0;0;0;0;0;0;31;21;5;3;5;1;0;1;0;0;0;0;0;0;0;1;0;0;0;1;0;0;0;1;10;6;2;3;1;0;0;1;0;1;1;0;0;0;0;0;0;0;0;0;0;1;0;1;40;9;19;2;0;5;0;8;7;0;20;0;0;1;0;0;0;1;0;0;1;1;0;22;4;0;0;1;0;2;1;0;0;2;0;2;0;0;0;1;29;12;0;0;1;6;1;0;0;3;2;0;0;0;0;0;0;0;0;0;10;0;0;4
3;"Zespół Szkół, ul. Namysłowska 94, 46-081 Dobrzeń Wielki";160903;"gm. Dobrzeń Wielki";"opolski";"opolskie";1;1;2;0;1;1;1;2;0;0;0;0;0;0;0;0;0;0;0;0;0;0;0;0;0;0;51;29;11;4;7;4;7;4;2;0;0;15;0;2;0;1;3;2;5;0;4;1;1;0;21;6;3;6;0;0;1;0;0;1;0;0;0;0;0;0;0;3;1;0;0;0;2;0;55;38;12;14;17;14;0;0;0;0;1;0;1;0;0;1;0;0;0;0;5;1;0;0;39;3;4;3;1;2;1;2;0;0;0;0;0;0;2;0;1;0;0;1;0;2;0;0;72;54;73;5;4;13;6;20;39;0;68;2;2;1;0;2;0;7;4;3;0;2;0;34;4;0;0;1;2;1;2;0;1;0;0;5;0;0;0;0;75;33;1;2;2;1;0;0;2;0;1;0;0;0;2;0;1;0;0;1;20;3;0;1
4;"Publiczna Szkoła Podstawowa z Oddziałami Sportowymi, ul. Kościelna 3, 46-081 Dobrzeń Wielki";160903;"gm. Dobrzeń Wielki";"opolski";"opolskie";1;1;7;3;1;0;2;2;1;0;2;0;1;0;0;0;0;1;2;0;1;0;0;0;0;2;70;44;13;6;10;10;6;1;6;3;1;11;0;1;1;1;1;1;0;2;4;1;1;0;63;5;7;12;1;0;7;1;2;2;4;1;1;4;3;3;2;0;1;1;1;1;3;0;94;72;10;13;29;17;0;3;3;5;0;0;0;1;0;0;0;0;2;1;2;3;0;6;53;8;7;4;5;1;3;4;1;2;2;0;2;1;1;1;0;0;0;2;0;2;1;0;152;42;100;6;5;18;2;26;45;4;87;2;1;4;0;3;4;6;4;1;2;3;2;40;11;0;1;2;2;3;5;3;0;1;1;5;1;0;0;0;66;33;5;0;0;3;0;0;0;0;1;0;0;4;0;0;0;0;0;3;23;0;1;6
5;"Zespół Szkolno-Przedszkolny, ul. 1 Maja 6a, 46-082 Kup";160903;"gm. Dobrzeń Wielki";"opolski";"opolskie";1;1;1;1;1;0;1;0;0;0;1;1;0;0;0;0;0;1;0;0;0;0;0;1;1;0;35;16;3;0;3;3;3;1;0;0;0;14;0;1;3;1;2;0;0;1;2;0;0;0;23;5;1;1;0;0;1;1;0;1;0;2;0;0;0;5;0;0;0;0;0;0;0;1;25;19;8;11;10;6;0;0;0;0;0;0;0;1;0;0;0;1;0;0;0;2;0;4;34;2;4;4;2;0;0;0;0;0;3;0;1;0;1;1;1;0;0;1;0;0;0;0;52;10;32;0;2;9;0;4;35;0;21;0;1;1;0;5;2;3;2;0;0;0;0;19;6;1;0;0;0;0;0;0;0;1;0;15;0;0;0;0;32;22;0;0;0;3;1;0;1;0;0;0;0;1;0;0;0;0;0;0;3;0;0;0
6;"Stobrawskie Centrum Medyczne Sp. z o. o. z siedzibą w Kup-Szpital w Kup, ul. Miarki 14, 46-082 Kup";160903;"gm. Dobrzeń Wielki";"opolski";"opolskie";1;1;0;0;0;0;0;0;0;0;1;0;0;0;0;0;0;0;0;0;0;0;0;0;0;0;0;0;0;2;0;1;0;0;0;1;0;0;0;0;0;0;0;0;0;0;1;0;0;0;2;1;1;0;1;0;0;0;0;0;0;0;0;0;0;0;0;0;0;0;0;0;0;0;8;3;0;1;2;0;0;0;1;1;0;0;0;0;0;0;0;0;0;0;1;0;0;1;0;1;0;1;0;0;0;0;0;0;0;0;0;0;0;0;0;0;0;0;0;0;0;0;6;2;0;2;1;0;0;3;3;0;0;0;0;0;1;0;0;1;0;0;0;0;0;0;0;0;0;1;0;0;0;0;0;0;0;0;0;0;0;0;0;1;1;0;0;0;0;0;0;0;0;0;0;0;0;0;0;0;0;0;0;0;0;0
1;"Urząd Gminy w Komprachcicach, ul. Kolejowa 3, 46-070 Komprachcice";160904;"gm. Komprachcice";"opolski";"opolskie";1;1;6;1;1;1;1;2;1;0;1;0;0;0;0;0;0;0;0;2;1;0;1;0;0;3;61;28;11;1;7;8;4;3;2;2;0;6;2;3;1;3;3;3;3;0;3;1;1;3;66;3;4;8;2;1;3;0;2;0;1;1;0;1;2;4;4;0;1;1;2;1;1;1;82;74;14;16;24;17;0;2;4;1;1;1;0;1;0;0;1;1;3;1;0;1;0;2;34;5;6;4;2;0;2;1;1;0;0;0;3;1;1;0;0;0;0;0;0;1;1;1;114;63;160;9;1;15;9;49;6;5;8;1;0;1;0;9;1;1;0;0;6;0;4;104;12;2;2;0;1;1;0;0;0;0;1;3;0;0;1;0;206;14;1;0;1;6;0;0;2;0;0;0;0;0;0;0;1;0;0;0;0;1;1;2
2;"Świetlica w Osinach, Osiny ul. Opolska 20, 46-070 Komprachcice";160904;"gm. Komprachcice";"opolski";"opolskie";1;1;0;0;1;0;0;0;0;1;0;0;0;0;0;0;0;0;0;0;1;0;0;0;0;0;18;10;0;0;3;0;4;0;0;0;0;0;1;0;0;2;0;2;0;0;0;0;0;0;10;2;1;2;0;0;0;0;0;0;0;0;1;0;0;1;0;0;0;0;0;0;0;0;16;20;3;9;7;7;1;0;0;0;0;0;0;0;0;0;0;1;0;0;3;0;0;0;17;0;4;1;1;0;0;1;0;1;0;0;0;0;1;0;0;0;0;0;0;0;0;0;23;14;40;0;1;4;0;7;0;0;1;0;1;2;0;6;2;1;0;0;0;0;1;20;6;0;0;1;0;0;0;0;1;0;0;0;1;0;0;0;23;5;0;0;0;2;1;0;0;0;0;0;0;0;0;0;0;0;0;0;0;0;0;0
3;"Publiczna Stowarzyszeniowa Szkoła Podstawowa w Ochodzach, Ochodze ul. Opolska 34, 46-070 Komprachcice";160904;"gm. Komprachcice";"opolski";"opolskie";1;1;1;0;1;1;0;0;1;0;0;0;0;0;0;0;0;0;0;0;0;0;0;0;0;0;22;6;3;1;2;0;1;1;2;3;1;2;2;3;0;3;1;3;1;0;1;0;0;0;22;2;4;2;0;0;0;0;2;0;0;0;1;0;0;2;0;0;1;0;0;1;0;0;33;39;6;5;8;4;0;1;0;0;1;0;1;0;0;0;0;0;0;0;0;0;0;0;20;2;3;0;0;0;0;0;0;0;0;0;2;1;1;0;2;0;0;0;0;0;0;0;42;16;45;3;0;6;4;9;1;0;1;1;0;1;0;1;1;0;0;2;0;0;0;25;2;0;1;0;0;0;0;0;0;1;1;1;0;0;3;0;129;2;1;0;0;3;0;0;0;0;0;0;0;1;0;0;0;0;0;0;0;0;0;0
4;"Publiczna Szkoła Podstawowa w Domecku, Domecko ul. Opolska 52, 46-070 Komprachcice";160904;"gm. Komprachcice";"opolski";"opolskie";1;1;1;1;0;0;0;1;1;0;0;0;1;0;0;0;0;0;0;0;0;1;1;0;0;0;22;11;12;1;5;4;1;0;0;0;0;1;0;0;3;4;1;0;1;1;0;0;0;0;11;2;3;3;2;3;4;0;1;2;0;0;0;0;0;0;0;2;0;0;1;0;0;0;28;38;6;13;29;5;1;0;0;0;0;0;3;0;0;0;0;0;0;0;1;0;0;2;16;2;9;4;1;0;1;0;0;1;0;0;1;1;0;0;0;0;1;1;0;1;0;0;53;19;35;3;0;5;1;6;3;0;3;0;3;0;0;1;0;3;1;2;1;1;1;37;4;0;0;2;0;2;0;0;0;0;1;0;2;0;1;1;85;7;0;0;1;27;0;1;0;0;0;0;0;1;0;0;1;0;0;0;0;0;0;0
5;"Publiczna Szkoła Podstawowa w Polskiej Nowej Wsi, Polska Nowa Wieś ul. Lipowa 56, 46-070 Komprachcice";160904;"gm. Komprachcice";"opolski";"opolskie";1;1;2;2;1;0;0;1;0;0;0;0;1;0;1;0;0;0;0;0;0;0;0;0;0;0;39;25;3;6;2;9;1;2;0;0;0;8;2;0;0;3;4;0;2;0;2;0;0;3;31;3;3;2;0;0;0;0;1;0;0;0;5;0;2;1;0;0;1;1;1;0;0;1;77;45;7;17;37;10;0;1;5;0;0;1;0;0;0;1;0;0;0;1;3;0;1;1;27;6;4;1;2;3;0;2;1;0;0;0;0;0;1;0;0;0;0;1;1;1;0;1;89;26;70;2;2;9;0;19;4;0;2;0;1;0;1;5;5;2;2;0;1;0;0;69;3;1;0;0;0;0;0;0;0;0;1;1;0;0;1;0;75;10;3;1;1;7;0;0;0;2;1;0;0;1;0;0;0;1;0;0;1;1;0;0
6;"Publiczna Szkoła Podstawowa w Wawelnie, Wawelno ul. Nowowiejska 14, 46-070 Komprachcice";160904;"gm. Komprachcice";"opolski";"opolskie";1;1;1;2;0;1;1;1;0;0;1;1;0;0;1;0;0;0;0;0;0;0;0;0;0;0;26;16;5;2;2;4;1;0;0;1;0;5;0;0;0;0;0;0;0;1;1;1;0;1;20;1;2;2;1;0;0;0;2;0;0;0;1;1;1;1;1;0;0;0;0;0;0;1;37;45;6;10;8;3;0;0;0;0;1;0;0;0;0;0;1;0;0;0;0;0;0;1;23;0;0;2;0;0;0;1;0;2;1;0;1;0;1;0;0;0;0;0;0;0;0;0;61;15;45;2;1;1;1;9;2;0;0;0;0;0;0;2;0;5;1;3;0;0;0;29;5;0;0;0;0;2;1;0;1;0;0;0;0;1;2;0;64;3;0;0;1;1;0;0;0;0;0;0;0;0;0;0;0;0;0;0;2;0;0;0
7;"Dom Spotkań, ul. Polna 3, 46-070 Dziekaństwo";160904;"gm. Komprachcice";"opolski";"opolskie";1;1;0;0;0;0;0;0;0;0;0;0;0;0;0;0;0;0;0;0;0;0;0;0;0;0;6;4;0;1;0;0;0;0;0;0;0;0;0;0;0;1;0;0;0;0;1;0;0;0;4;0;0;0;1;1;0;0;0;0;0;0;0;0;0;0;0;0;0;0;0;0;0;0;6;5;0;2;8;0;0;0;0;0;0;0;0;0;0;0;0;0;0;0;0;0;0;1;10;0;0;1;0;0;0;0;0;1;0;0;1;0;0;0;2;0;0;0;0;0;0;0;16;4;6;0;0;0;0;2;2;0;0;0;0;0;0;0;0;0;0;0;0;0;0;16;1;0;0;0;0;0;0;0;0;0;0;1;0;0;0;0;16;1;0;1;0;3;0;0;0;0;0;0;0;0;0;0;0;0;0;0;0;1;0;0
1;"Publiczna Szkoła Podstawowa w Brynicy, Brynica ul. Powstańców Śląskich 47, 46-024 Łubniany";160905;"gm. Łubniany";"opolski";"opolskie";1;1;2;1;1;0;2;0;0;1;1;0;0;1;0;0;0;0;0;0;0;2;1;0;0;1;28;23;3;0;4;0;1;0;0;0;2;4;3;1;0;0;1;0;2;3;1;0;0;0;16;3;3;2;0;0;1;0;1;0;3;0;0;2;0;1;0;2;1;1;0;0;0;0;26;45;5;11;19;2;0;1;0;1;0;0;0;0;0;1;0;0;0;0;0;0;0;1;16;1;4;1;1;0;1;1;0;0;1;0;0;0;1;0;0;0;0;1;0;0;0;0;44;14;28;2;1;14;5;43;7;0;6;1;0;1;2;3;0;3;2;0;0;0;1;18;3;0;0;1;0;0;0;0;0;0;0;7;0;1;1;1;39;11;0;2;1;1;1;0;0;0;0;0;0;0;0;0;0;0;0;22;6;0;0;0
2;"Publiczna Szkoła Podstawowa w Jełowej, Jełowa ul. Wolności 15, 46-024 Łubniany";160905;"gm. Łubniany";"opolski";"opolskie";1;1;2;2;0;0;0;0;1;1;0;0;0;0;0;0;1;0;1;0;0;0;0;0;1;5;37;27;5;3;12;8;1;0;2;0;3;8;0;0;1;4;0;3;1;2;0;0;0;2;50;0;0;3;0;0;4;0;1;0;1;1;0;1;1;6;1;1;1;0;0;2;1;1;62;61;14;12;30;9;0;0;0;1;0;1;1;1;0;1;0;0;0;2;0;0;0;0;28;6;2;7;3;2;4;2;0;2;3;0;0;0;1;0;0;0;0;0;1;1;0;0;84;27;64;1;5;6;2;20;8;3;3;2;0;1;1;6;0;12;16;1;2;3;0;35;8;1;0;0;0;2;1;1;0;0;0;0;0;0;1;1;57;39;2;1;1;8;0;0;1;0;2;0;1;0;1;0;0;0;0;14;4;0;1;0
3;"Publiczna Szkoła Podstawowa im. Ks. Jana Bosko w Luboszycach, Biadacz ul. Szeroka 12, 46-022 Luboszyce";160905;"gm. Łubniany";"opolski";"opolskie";1;1;0;0;1;0;0;0;0;0;0;0;0;0;0;0;0;0;0;0;0;0;0;0;0;0;14;14;3;0;1;2;1;2;1;0;0;2;1;1;0;0;0;2;0;1;1;1;0;2;14;5;0;0;0;0;2;1;0;0;0;0;0;0;0;1;0;0;0;0;0;0;1;0;17;41;7;5;12;11;0;0;0;0;0;0;0;0;0;0;0;0;0;0;0;0;0;0;7;0;1;0;0;0;0;0;1;0;0;0;0;0;0;0;0;0;0;0;0;0;0;0;26;19;31;1;1;4;0;7;3;0;3;0;1;0;0;0;0;2;2;1;0;0;0;22;10;0;0;0;0;0;0;0;0;0;0;0;0;0;0;0;6;4;0;0;0;0;0;0;0;0;0;0;0;0;0;0;0;0;0;11;4;0;0;0
4;"Publiczna Szkoła Podstawowa im. Ks. Jana Bosko w Luboszycach, ul. Szkolna 4, 46-022 Luboszyce";160905;"gm. Łubniany";"opolski";"opolskie";1;1;0;1;1;0;1;0;0;0;0;0;0;0;0;0;0;0;0;0;2;0;0;1;0;0;48;36;9;4;7;5;1;2;0;2;1;7;1;0;0;1;0;1;0;1;4;3;0;0;38;7;4;3;0;0;2;2;1;0;1;1;0;0;1;1;0;1;0;0;0;1;0;0;39;45;13;15;27;3;0;2;1;0;0;0;0;0;0;0;0;1;0;0;0;0;0;0;24;1;2;2;1;1;0;0;1;0;2;0;0;0;0;0;0;0;0;0;0;0;0;1;86;49;101;2;1;3;1;33;3;0;9;2;0;0;3;9;0;1;5;2;0;0;0;53;18;0;0;0;0;7;1;0;0;0;0;0;0;0;0;0;21;14;1;0;1;2;0;0;1;0;0;0;0;0;0;0;1;1;0;8;4;1;0;0
5;"Świetlica Wiejska, Kolanowice ul. Sportowa 1, 46-024 Łubniany";160905;"gm. Łubniany";"opolski";"opolskie";1;1;1;2;1;0;0;1;0;0;0;0;0;0;0;0;0;0;0;0;0;0;0;0;0;1;16;5;0;2;4;4;0;0;0;0;0;3;0;0;0;0;1;1;1;1;0;0;0;1;8;0;2;0;0;1;0;1;0;0;0;0;1;1;0;0;0;0;0;0;0;0;0;0;4;27;2;1;4;8;0;0;0;0;0;1;0;0;0;0;0;0;0;0;0;0;0;0;21;1;1;0;0;1;0;0;0;1;1;0;2;0;0;0;0;0;0;0;0;0;0;0;22;8;18;1;2;3;1;11;1;0;3;0;1;2;2;0;0;2;2;0;0;0;2;9;0;0;1;0;0;0;0;0;0;0;0;3;0;0;0;0;22;12;3;0;0;0;0;0;0;0;0;0;0;0;0;0;8;0;0;10;8;0;0;1
6;"Publiczna Szkoła Podstawowa im. Powstańców Śląskich w Łubnianach, ul. Opolska 51, 46-024 Łubniany";160905;"gm. Łubniany";"opolski";"opolskie";1;1;1;0;0;0;2;1;0;0;1;0;0;2;0;1;0;1;0;0;0;0;0;0;0;4;58;28;3;4;3;3;3;2;0;0;1;1;0;0;0;1;0;2;1;0;2;0;1;1;19;2;2;2;1;1;0;0;3;0;1;1;1;2;0;1;0;3;1;1;0;0;0;1;43;35;8;15;9;4;0;1;1;0;2;0;0;1;0;0;0;1;0;0;1;0;0;1;32;2;2;3;1;2;0;0;1;2;2;0;0;0;0;0;0;0;0;0;0;1;0;0;79;34;56;7;2;8;4;28;3;0;3;3;2;1;0;5;1;8;8;0;0;1;1;46;4;0;0;0;0;0;1;1;1;0;1;2;0;0;1;0;41;29;3;1;0;2;1;0;4;1;0;0;0;0;0;0;0;0;1;53;5;0;1;0
7;"Filia Publicznego Przedszkola w Łubnianach z siedzibą w Dąbrówce Łubniańskiej, Dąbrówka Łubniańska ul. Szkolna 1, 46-024 Łubniany";160905;"gm. Łubniany";"opolski";"opolskie";1;1;0;0;0;0;0;0;0;0;0;0;0;0;0;0;0;0;0;0;0;0;0;0;0;0;8;8;3;1;1;1;0;0;0;0;1;0;0;1;0;0;0;0;1;0;0;0;0;0;10;0;0;1;0;0;0;0;0;0;0;0;0;0;0;0;0;0;0;0;0;0;0;0;17;18;3;2;5;1;1;0;0;0;0;0;0;0;0;0;0;0;0;0;0;0;0;0;11;2;0;1;1;2;0;0;0;2;0;0;0;0;1;0;0;0;0;0;1;0;0;0;31;12;26;1;0;1;1;7;2;5;6;0;0;0;1;0;0;0;0;0;0;1;0;4;3;1;1;1;0;0;0;0;0;0;0;2;1;0;0;0;30;8;0;0;0;3;0;0;1;2;0;0;0;0;0;0;0;0;0;7;0;0;0;0
8;"Świetlica Wiejska w Kępie, Kępa ul. Zawadzka 5, 46-022 Luboszyce";160905;"gm. Łubniany";"opolski";"opolskie";1;1;0;1;0;2;0;0;1;0;0;0;0;0;0;1;0;0;0;1;0;0;0;1;0;0;37;27;1;0;3;6;0;0;3;0;0;2;3;0;0;2;1;0;0;2;5;0;1;1;31;6;2;0;0;2;2;1;0;0;1;0;3;2;1;2;0;0;0;0;0;1;0;0;31;39;6;5;15;7;0;0;0;0;0;0;1;0;1;1;2;0;0;0;0;1;0;0;20;3;3;0;1;0;0;1;0;0;0;0;1;0;1;0;0;0;0;1;0;0;0;0;89;43;78;3;0;11;1;39;4;3;3;1;1;0;0;10;4;2;5;0;0;0;0;31;8;0;0;2;0;0;0;0;0;0;0;2;1;0;0;0;12;15;1;1;0;0;0;0;1;1;0;0;0;1;1;0;1;0;0;4;5;0;0;1
9;"Świetlica Wiejska w Masowie, Masów ul. Opolska 57, 46-024 Łubniany";160905;"gm. Łubniany";"opolski";"opolskie";1;1;0;0;0;0;2;0;0;0;0;0;0;0;0;0;0;0;0;0;0;0;0;0;0;0;4;9;3;0;0;0;1;1;1;0;1;0;0;0;0;0;0;0;0;0;0;0;1;0;3;2;3;0;0;0;0;0;1;0;0;0;0;0;0;0;0;0;1;0;0;0;0;0;4;13;3;2;0;1;0;0;0;0;0;0;0;0;0;0;0;0;0;0;0;0;0;2;8;0;0;0;0;0;0;0;1;0;0;1;0;0;0;0;0;0;0;0;0;0;0;0;16;6;13;0;0;1;0;9;1;0;2;0;0;0;0;2;0;1;0;0;0;0;0;5;1;0;0;0;0;0;0;0;0;0;0;2;0;0;0;0;11;0;1;1;0;0;0;0;2;0;0;0;0;0;0;0;1;0;0;10;3;0;0;0
1;"Świetlica Wiejska, Dębiniec ul. Wiejska 36, 46-030 Murów";160906;"gm. Murów";"opolski";"opolskie";1;1;0;2;1;0;0;0;0;0;0;0;0;0;0;0;0;0;0;0;0;0;0;0;0;0;6;3;8;1;0;0;0;0;0;0;0;3;1;1;0;0;1;1;0;0;0;0;0;1;5;0;0;0;1;0;0;0;1;0;0;0;1;0;0;0;0;0;0;1;0;0;0;0;16;29;3;2;3;2;0;0;0;0;1;0;0;0;0;0;0;0;0;0;0;0;1;0;9;0;3;0;1;0;0;1;0;0;1;0;0;0;0;0;0;0;0;0;0;0;0;0;13;6;9;0;1;10;0;0;1;0;3;0;0;0;0;0;0;0;2;0;0;5;0;9;0;0;0;0;0;0;0;0;0;0;0;0;0;0;0;0;29;5;0;0;0;0;0;0;1;0;0;0;0;0;0;2;0;2;0;0;0;0;1;0
2;"Publiczna Szkoła Podstawowa, ul. Wolności 22, 46-030 Murów";160906;"gm. Murów";"opolski";"opolskie";1;1;1;0;1;0;0;0;0;1;0;0;0;0;0;0;0;0;0;0;0;0;0;0;1;0;7;11;3;2;0;2;0;0;0;0;0;13;2;0;1;0;2;0;3;1;2;0;0;0;14;0;1;0;0;0;0;0;0;2;2;0;1;0;0;1;0;0;1;0;0;1;0;0;23;15;7;9;8;2;0;0;0;0;0;0;0;1;0;1;0;0;0;1;0;0;0;0;8;1;0;0;3;1;0;4;0;0;0;0;0;0;0;0;0;0;0;0;0;0;0;2;25;7;10;1;0;42;0;3;2;0;1;1;0;0;0;0;0;1;0;0;0;0;0;7;1;1;0;0;0;0;0;0;0;0;0;1;0;0;0;0;17;4;0;1;0;0;0;1;0;0;0;0;0;0;0;0;1;0;1;0;2;0;0;1
3;"Publiczna Szkoła Podstawowa, ul. Wolności 22, 46-030 Murów";160906;"gm. Murów";"opolski";"opolskie";1;1;0;1;0;0;0;1;0;0;1;0;0;0;1;1;0;0;0;0;0;0;0;0;0;0;17;8;2;0;1;4;0;0;0;0;0;10;0;0;0;1;2;0;0;0;0;0;1;0;16;2;5;1;0;2;1;1;0;0;0;0;0;2;0;0;3;0;0;1;0;0;0;0;42;48;12;8;11;4;1;2;0;0;0;0;0;1;1;0;0;1;0;1;2;2;0;0;10;4;3;2;4;1;0;0;2;1;1;0;1;2;1;0;0;0;0;0;0;0;0;0;22;10;24;0;1;134;1;1;0;0;2;0;0;0;0;0;0;0;0;0;0;1;0;2;3;0;1;1;0;0;0;0;0;0;0;2;0;0;0;0;8;5;0;0;0;1;0;0;0;0;0;0;0;0;0;0;0;0;0;0;0;0;0;0
4;"Sala Gimnastyczna przy Publicznej Szkole Podstawowej w Zagwiździu, Zagwiździe ul. Lipowa 68, 46-030 Murów";160906;"gm. Murów";"opolski";"opolskie";1;1;0;0;1;0;0;0;0;0;0;0;1;0;0;1;0;0;0;0;0;0;0;0;0;0;6;7;5;0;1;0;0;0;0;0;0;10;0;1;0;0;0;1;0;0;1;0;0;0;6;2;0;2;0;0;1;0;0;0;0;0;0;1;0;0;0;0;0;0;0;0;0;1;18;20;4;1;8;3;0;0;2;0;0;0;0;1;0;0;1;0;0;1;0;0;0;1;6;0;0;1;1;0;0;0;0;0;0;0;1;0;0;0;0;0;0;0;0;0;0;0;8;3;11;0;0;86;1;1;3;2;0;0;0;0;1;0;0;0;5;0;0;2;0;9;1;0;2;0;0;0;1;0;0;0;0;0;0;0;0;3;35;16;2;1;1;2;0;0;0;0;0;0;1;0;0;0;0;0;0;0;2;0;0;2
5;"Świetlica Wiejska, Radomierowice ul. Wolności 24, 46-030 Murów";160906;"gm. Murów";"opolski";"opolskie";1;1;1;2;1;0;0;0;0;0;0;0;0;0;0;0;0;0;0;0;0;0;0;0;0;0;5;2;1;0;2;1;0;0;1;0;0;0;0;0;0;0;1;0;0;0;1;0;0;0;8;1;1;1;1;0;2;0;1;0;0;0;1;1;0;1;0;0;0;0;0;2;1;0;19;19;5;4;4;2;0;0;1;0;0;0;0;1;1;0;0;0;0;0;0;0;0;0;1;3;2;2;2;1;1;1;0;2;1;0;0;0;0;0;0;0;0;0;0;0;1;0;17;4;4;0;0;29;0;0;1;0;0;0;0;0;0;1;0;2;1;0;0;0;1;3;0;0;0;1;0;0;0;0;0;0;0;0;0;0;0;0;0;0;0;0;0;0;0;0;1;0;0;0;0;0;0;2;0;0;0;0;0;0;0;0
6;"Publiczna Szkoła Podstawowa, Stare Budkowice ul. Wołczyńska 14, 46-030 Murów";160906;"gm. Murów";"opolski";"opolskie";1;1;1;0;0;0;0;0;0;0;0;0;0;0;0;0;0;0;0;0;0;0;0;0;0;1;15;7;4;6;3;2;0;0;0;0;0;4;0;0;1;1;0;1;1;0;2;0;1;0;18;1;3;0;0;0;2;1;0;0;1;0;0;1;0;0;0;0;1;0;0;0;0;0;29;32;5;9;11;5;0;0;0;0;0;0;0;1;0;0;0;0;0;0;1;0;0;1;13;2;3;3;2;0;1;0;1;2;1;0;0;1;0;0;0;0;0;1;0;0;0;0;27;7;21;2;2;31;1;1;1;0;1;0;0;1;0;1;0;0;10;0;0;2;0;13;3;1;0;0;1;2;0;1;0;0;1;1;1;0;1;0;79;26;1;0;1;2;0;0;4;1;0;0;0;0;0;0;0;2;0;0;0;0;1;0
7;"Świetlica Wiejska w Kałach, Kały ul. Opolska 78, 46-030 Murów";160906;"gm. Murów";"opolski";"opolskie";1;1;0;0;0;0;1;0;0;0;0;0;1;0;0;0;0;0;0;0;0;0;0;0;0;3;4;3;1;0;0;0;0;0;0;1;0;3;0;0;0;0;1;0;0;1;1;0;0;1;7;0;3;1;1;0;2;0;0;0;0;0;0;0;0;1;0;0;0;1;0;0;1;0;8;8;2;5;5;0;0;0;0;0;0;0;0;0;0;0;0;0;0;0;0;0;0;0;9;0;0;0;1;0;0;0;0;0;0;0;0;1;1;0;0;0;0;0;0;0;0;0;8;3;8;0;0;5;2;1;0;0;2;0;0;0;0;0;0;1;5;1;0;0;0;5;2;1;0;2;0;0;0;0;0;0;0;0;0;0;0;0;7;4;0;1;0;1;0;0;0;0;0;0;1;0;0;0;0;0;0;0;1;0;0;0
8;"Świetlica Wiejska w Nowych Budkowicach, Nowe Budkowice ul. Dworcowa 6, 46-030 Murów";160906;"gm. Murów";"opolski";"opolskie";1;1;1;0;0;0;0;0;0;1;0;0;0;0;0;0;0;0;0;0;0;0;0;0;0;0;6;2;0;0;0;0;0;0;0;0;0;0;0;0;0;0;0;2;0;0;0;0;1;0;5;0;0;0;0;0;0;0;0;0;0;0;0;0;0;0;0;0;0;0;0;0;0;0;8;7;1;1;2;0;0;0;0;0;0;0;0;0;0;0;0;0;0;0;0;0;0;0;9;1;0;0;0;0;0;0;0;0;0;0;1;0;0;0;1;0;0;0;0;0;0;0;7;3;6;0;1;5;2;0;3;0;0;0;0;0;0;0;0;0;0;0;0;2;0;4;1;0;0;0;0;0;0;0;0;0;0;1;0;0;1;0;28;9;0;0;0;0;0;0;8;2;0;0;1;0;0;0;0;0;0;2;0;0;1;0
1;"Budynek po byłej Szkole Podstawowej Nr 2, ul. Szkolna 5, 49-100 Niemodlin";160907;"gm. Niemodlin";"opolski";"opolskie";1;1;0;1;0;0;0;2;1;0;0;0;0;0;0;0;1;0;0;0;0;0;0;0;1;0;10;9;3;2;0;8;2;0;0;0;0;1;0;4;1;0;0;0;0;0;0;0;1;0;14;2;1;0;0;1;5;1;1;0;1;1;0;1;2;0;0;0;1;0;0;0;0;0;42;23;11;11;11;8;0;0;0;0;1;0;5;0;0;0;1;0;0;0;0;0;10;0;28;5;2;0;0;0;0;0;0;1;2;0;1;0;1;0;0;0;0;1;0;1;0;0;42;19;30;1;12;4;2;2;3;0;2;0;0;1;1;3;0;0;0;0;0;1;1;18;7;1;0;0;0;0;0;0;0;0;0;0;0;2;0;0;1;0;0;0;0;0;0;0;0;0;1;0;0;0;0;0;0;0;0;0;0;0;0;0
2;"Budynek po byłej Szkole Podstawowej Nr 2, ul. Szkolna 5, 49-100 Niemodlin";160907;"gm. Niemodlin";"opolski";"opolskie";1;1;0;0;0;0;1;0;0;0;0;0;0;0;0;0;0;0;0;0;0;0;0;0;0;0;11;12;1;2;0;7;0;1;0;0;0;1;1;1;0;1;0;0;0;0;0;0;2;0;15;3;0;2;0;1;7;0;1;1;1;0;0;0;1;2;0;0;0;1;0;0;0;0;50;25;10;14;11;2;0;0;0;0;0;0;2;0;0;1;0;0;1;0;0;0;8;0;17;0;0;3;1;1;0;0;1;0;1;0;1;1;2;0;0;0;0;0;0;0;0;0;28;6;14;1;8;1;2;2;3;0;10;0;1;0;0;0;0;0;1;0;2;0;0;27;1;0;1;0;0;0;0;0;2;1;0;0;0;0;0;1;2;0;0;0;0;0;0;0;0;0;0;0;0;0;0;0;0;0;0;0;0;0;0;2
3;"Publiczne Przedszkole Nr 1 ""Bajka"", ul. Kilińskiego 31, 49-100 Niemodlin";160907;"gm. Niemodlin";"opolski";"opolskie";1;1;1;0;0;0;0;1;0;0;0;0;0;0;0;0;0;0;0;1;0;0;0;0;0;0;8;6;0;2;1;4;1;0;0;0;0;1;0;0;0;2;0;0;1;0;0;1;0;1;10;2;1;0;0;1;6;0;1;0;1;2;0;1;1;0;0;0;0;1;0;0;1;0;27;23;4;18;9;3;0;0;0;1;0;1;0;0;1;0;1;0;1;0;0;0;6;0;17;1;0;4;1;2;1;0;1;0;0;1;0;0;2;0;0;0;0;0;0;0;0;0;24;5;8;1;7;1;0;1;1;0;1;2;0;1;0;0;0;0;0;0;0;1;0;8;3;0;0;0;0;0;1;0;0;0;0;1;0;0;0;0;2;0;0;0;0;0;0;0;0;0;0;0;0;0;1;1;0;0;0;0;0;1;0;0
4;"Szkoła Podstawowa Nr 1 (świetlica szkolna), ul. Reymonta 9, 49-100 Niemodlin";160907;"gm. Niemodlin";"opolski";"opolskie";1;1;1;1;0;1;1;2;0;0;0;1;0;1;0;0;0;1;0;0;0;0;0;0;0;0;9;16;2;3;0;16;0;1;1;0;1;2;1;0;0;0;0;0;0;0;2;0;0;0;14;5;1;2;1;1;6;0;0;1;0;0;0;1;0;1;0;0;0;0;0;0;0;4;73;27;6;27;19;7;1;1;1;0;0;0;10;1;0;0;0;0;0;2;0;2;26;0;19;2;0;1;1;2;0;0;0;0;1;1;1;0;0;0;0;0;0;0;0;1;0;1;47;22;32;3;7;1;0;3;1;0;18;2;1;0;2;2;1;0;0;1;1;1;0;38;4;2;0;0;0;2;0;1;0;0;0;1;4;0;1;0;2;0;0;0;0;0;0;0;1;0;0;0;0;0;0;0;0;0;0;0;0;0;0;0
5;"Szkoła Podstawowa Nr 1 (sala gimnastyczna), ul. Reymonta 9, 49-100 Niemodlin";160907;"gm. Niemodlin";"opolski";"opolskie";1;1;0;0;0;0;0;1;0;0;1;0;1;0;0;0;0;1;1;0;0;0;0;0;0;0;6;15;3;3;0;14;0;1;1;0;0;2;0;2;0;2;3;1;1;0;1;0;1;0;20;1;4;1;0;0;10;0;1;0;2;0;2;4;0;2;0;0;1;0;0;0;0;0;83;33;16;22;15;9;0;0;1;1;1;0;10;1;0;0;0;0;0;0;1;0;23;0;20;2;5;1;2;1;0;0;0;0;1;0;0;1;1;1;1;0;0;0;0;0;1;0;43;20;31;2;2;3;2;1;4;1;12;1;1;1;0;1;0;2;2;0;0;1;0;35;6;3;0;0;0;0;0;0;0;0;2;0;1;0;0;1;3;0;0;0;0;0;0;0;0;0;0;0;0;1;1;0;1;0;0;1;0;0;0;0
6;"Ośrodek Sportu i Rekreacji (hala sportowa), ul. Reymonta 11, 49-100 Niemodlin";160907;"gm. Niemodlin";"opolski";"opolskie";1;1;1;0;1;0;0;2;0;0;0;0;0;0;0;0;0;0;0;0;0;0;0;1;0;0;15;13;4;1;1;21;1;0;0;0;0;4;1;1;0;1;0;0;2;0;1;1;0;0;27;0;3;3;0;1;4;0;0;1;0;0;0;1;0;0;0;0;1;2;0;0;0;1;53;20;9;16;5;6;1;0;0;0;0;0;12;1;0;0;0;0;1;0;1;0;12;0;20;2;1;3;0;0;0;0;1;0;0;0;0;2;1;0;1;0;0;0;0;0;0;0;56;14;37;1;3;5;2;3;4;0;14;0;0;0;1;0;0;0;0;0;1;0;1;41;10;0;0;0;0;0;1;0;0;0;0;0;0;0;0;0;2;0;0;1;0;0;0;0;0;0;0;0;0;0;0;0;0;0;0;0;0;0;0;2
7;"Ośrodek Sportu i Rekreacji (rotunda na stadionie), ul. Sportowa 1, 49-100 Niemodlin";160907;"gm. Niemodlin";"opolski";"opolskie";1;1;1;0;1;0;1;1;0;0;0;0;1;0;0;0;0;0;1;0;0;0;0;0;0;1;10;10;2;0;2;10;0;1;0;1;1;0;1;0;0;0;1;0;1;0;0;0;0;0;14;1;2;1;0;1;10;1;1;0;0;2;1;0;0;2;1;0;0;0;0;0;0;0;49;35;9;20;6;8;1;0;0;0;0;0;4;0;0;0;0;1;0;0;0;0;17;2;10;2;2;3;1;1;2;0;1;0;0;2;0;0;1;1;0;0;1;0;0;1;0;0;44;8;26;3;5;4;2;4;3;2;22;1;0;0;0;1;0;0;0;1;1;0;0;32;2;0;1;0;1;0;2;0;0;0;0;1;1;0;1;1;3;0;0;0;0;0;0;0;0;0;1;0;0;0;0;0;1;0;0;0;0;0;0;0
8;"Ośrodek Kultury, ul. Mikołaja Reja 1, 49-100 Niemodlin";160907;"gm. Niemodlin";"opolski";"opolskie";1;1;1;1;0;1;1;2;0;0;1;1;0;0;0;0;0;0;0;0;0;0;0;0;0;0;11;31;2;5;3;24;0;0;2;2;0;0;0;1;1;1;0;1;0;0;1;1;0;1;29;3;0;0;1;0;8;0;0;0;0;0;2;0;0;1;1;0;0;0;0;1;2;2;92;28;8;12;23;10;0;0;0;0;2;0;2;0;0;1;1;0;1;0;0;0;7;0;17;6;2;2;0;2;0;0;0;1;2;0;1;1;2;1;1;0;0;2;0;1;0;0;43;14;28;1;2;6;1;7;1;1;11;1;0;0;0;0;0;0;0;2;0;0;0;28;7;0;0;0;0;1;1;0;0;0;1;0;0;0;1;0;3;0;0;0;0;0;0;0;0;0;0;0;0;1;0;0;0;0;0;0;0;0;0;1
9;"Świetlica wiejska przy Remizie OSP, ul. Nyska 80, 49-100 Grabin";160907;"gm. Niemodlin";"opolski";"opolskie";1;1;0;1;0;0;2;0;3;1;1;0;0;0;0;0;0;1;0;0;1;2;0;0;0;0;7;11;2;7;0;30;1;0;0;0;2;0;0;0;0;0;2;1;2;0;0;0;0;0;18;8;9;2;1;0;4;1;0;0;0;2;2;0;0;1;0;0;0;0;0;1;0;0;80;55;23;18;11;10;3;1;1;0;0;0;0;1;0;0;1;0;0;2;1;1;14;2;26;2;1;4;0;1;1;2;0;0;1;0;1;0;0;1;0;0;0;0;0;0;1;3;37;15;31;1;30;0;0;4;1;0;7;0;1;0;0;0;0;0;1;1;1;0;0;13;4;0;0;1;1;1;1;0;0;0;5;0;2;0;1;0;1;0;0;0;0;0;0;0;1;0;0;0;0;0;0;0;0;0;0;0;0;0;0;0
10;"Szkoła Podstawowa (sala gimnastyczna), Rogi 10a, 49-156 Rogi";160907;"gm. Niemodlin";"opolski";"opolskie";1;1;1;1;0;0;0;0;0;0;0;0;1;0;0;1;0;1;1;1;0;0;0;0;0;1;1;22;1;2;1;13;1;0;1;0;0;2;0;1;0;1;0;1;1;0;1;0;0;0;12;0;0;1;0;0;5;2;0;0;3;2;1;2;0;0;0;1;1;0;0;0;0;2;77;67;10;12;9;3;0;0;2;1;0;0;14;0;0;0;1;0;1;0;2;0;16;1;12;3;5;2;1;3;0;1;0;1;1;0;0;0;0;0;0;0;0;1;0;3;0;2;39;7;11;0;3;0;1;4;1;0;6;1;3;0;0;1;0;0;1;0;0;0;0;35;3;0;0;1;0;0;0;0;0;0;0;0;1;0;1;0;2;0;0;0;0;0;0;0;0;0;0;0;0;0;0;0;0;0;0;0;0;0;2;0
11;"Szkoła Podstawowa (sala nr 1), ul. Niemodlińska 21, 49-156 Gracze";160907;"gm. Niemodlin";"opolski";"opolskie";1;1;1;1;0;0;1;0;0;0;0;0;0;0;0;1;0;0;1;0;0;0;0;1;0;1;15;28;1;3;1;3;0;2;5;1;1;2;0;0;0;0;0;0;3;0;0;1;0;0;13;0;0;0;0;0;4;0;0;1;1;1;0;0;0;1;1;0;2;1;1;0;0;0;57;15;7;6;28;2;0;0;3;0;0;0;11;0;0;0;0;0;0;0;0;0;5;0;20;2;0;1;0;2;3;1;0;0;2;0;0;0;2;0;0;0;0;0;1;0;0;0;37;9;16;5;1;1;1;1;0;0;6;0;1;0;1;0;0;0;0;0;3;0;0;9;5;1;0;3;0;3;1;0;0;1;1;0;0;0;0;0;1;0;0;0;1;0;0;0;0;0;0;0;0;0;0;0;0;0;0;0;0;0;0;0
12;"Szkoła Podstawowa (sala nr 6), ul. Niemodlińska 21, 49-156 Gracze";160907;"gm. Niemodlin";"opolski";"opolskie";1;1;0;0;0;0;0;1;0;0;0;0;0;0;0;0;0;0;0;0;0;0;0;0;0;0;8;5;1;1;1;5;1;0;0;0;0;0;0;2;0;3;0;1;0;0;0;0;0;0;11;0;0;1;1;1;3;0;0;0;1;0;0;1;0;1;0;0;2;0;0;0;0;0;65;22;4;5;14;8;2;0;3;0;0;0;10;1;1;0;0;0;0;1;0;0;4;3;24;2;1;1;2;1;1;1;0;0;1;1;0;0;1;0;0;0;0;0;0;0;0;0;22;3;14;3;2;3;1;0;2;0;1;0;0;0;0;0;0;0;1;0;0;0;1;11;2;2;0;0;0;1;1;1;0;0;1;1;1;0;0;0;0;0;1;0;0;0;0;0;0;0;0;0;0;0;0;0;0;0;0;1;0;0;0;0
13;"Świetlica wiejska, Gościejowice 4, 49-100 Gościejowice";160907;"gm. Niemodlin";"opolski";"opolskie";1;1;2;0;1;0;0;3;0;0;0;1;0;0;1;0;0;0;1;0;0;0;0;0;0;0;11;15;3;1;0;10;0;0;0;0;0;3;0;0;0;0;2;0;0;0;0;0;0;0;15;6;0;0;1;1;5;0;2;1;1;1;1;2;0;0;0;0;2;0;0;1;0;2;49;18;2;15;9;2;0;0;0;1;0;0;1;0;0;0;0;0;0;0;0;0;39;0;18;1;1;2;1;1;0;1;1;0;0;1;0;0;0;0;0;0;0;0;0;0;2;0;11;10;12;2;1;4;1;1;2;0;13;0;1;0;0;2;1;1;1;0;2;0;0;14;8;0;0;2;0;1;1;0;0;0;0;0;0;0;0;0;1;0;0;0;0;0;0;0;0;0;0;0;0;0;0;0;0;0;0;0;0;1;0;0
14;"Świetlica wiejska, Grodziec 13a, 49-100 Grodziec";160907;"gm. Niemodlin";"opolski";"opolskie";1;1;1;0;0;0;0;2;1;2;0;0;0;0;0;1;0;0;3;1;0;0;0;0;0;0;16;22;4;0;2;5;1;0;0;0;0;1;1;0;1;0;0;2;0;0;0;1;0;0;11;4;0;0;0;0;22;1;0;0;0;0;0;0;0;0;0;1;0;0;0;1;0;1;49;32;7;15;19;5;0;0;0;0;0;0;0;0;0;0;1;0;0;1;0;0;18;0;10;0;1;0;2;1;0;0;0;0;0;0;1;0;0;0;0;0;0;0;0;1;0;0;21;3;9;0;0;0;0;0;1;0;4;1;0;0;0;0;0;0;0;0;0;1;0;31;2;0;0;0;0;0;0;0;0;0;0;0;0;0;0;0;1;0;0;0;0;0;0;0;0;0;0;0;0;0;0;0;0;0;0;0;0;0;0;0
15;"Remiza OSP, ul. Niemodlińska 50, 49-156 Gracze";160907;"gm. Niemodlin";"opolski";"opolskie";1;1;5;2;1;0;0;0;0;0;1;0;0;1;0;1;0;0;0;0;0;0;0;0;1;1;16;19;1;2;2;13;0;0;1;1;0;2;0;3;0;0;2;1;0;0;1;1;1;0;9;3;1;1;0;0;5;0;1;0;0;0;1;1;3;2;1;1;2;0;0;1;1;0;84;30;4;7;24;6;0;0;5;0;0;0;14;2;0;0;0;0;0;0;1;0;21;1;28;3;4;3;4;1;0;0;0;2;1;0;0;1;2;1;0;0;0;0;0;0;1;0;32;4;16;1;3;0;0;3;0;0;8;1;1;0;0;0;5;0;0;3;1;1;0;15;6;0;0;1;0;0;0;0;2;0;0;0;0;1;0;1;1;0;0;1;0;0;0;0;0;0;0;0;0;0;0;0;0;0;0;0;0;0;0;0
1;"Dom Kultury, ul. księdza Kałuży 4, 46-040 Ozimek";160908;"gm. Ozimek";"opolski";"opolskie";1;1;4;1;7;0;3;0;0;1;1;1;0;0;0;0;0;0;1;0;3;0;1;0;0;2;22;21;4;2;5;1;0;0;0;1;1;1;2;1;3;5;2;10;0;1;1;1;2;0;24;1;0;2;3;1;0;2;0;0;0;0;0;2;0;4;0;0;0;0;1;0;0;0;62;28;6;24;37;13;1;1;0;4;1;1;0;0;1;1;0;1;0;0;2;5;0;0;16;4;2;1;2;2;1;0;1;0;0;0;0;2;0;0;0;0;0;1;0;1;0;0;78;30;28;4;3;4;2;6;0;0;1;0;4;1;0;2;0;4;4;0;0;32;0;19;4;0;1;0;0;0;2;0;0;0;0;1;1;0;1;0;7;5;0;0;0;0;0;0;0;1;0;0;0;0;0;0;0;0;0;0;0;0;0;1
2;"Przedszkole Publiczne nr 4, ul. Romana Dmowskiego 1, 46-040 Ozimek";160908;"gm. Ozimek";"opolski";"opolskie";1;1;0;0;0;0;0;0;1;0;0;0;1;0;0;1;0;0;0;0;0;0;0;0;0;0;13;33;9;3;2;4;1;0;3;3;0;2;0;0;2;0;1;7;3;0;2;1;0;1;35;6;3;6;0;0;2;0;0;1;1;0;1;2;0;2;0;1;1;0;0;0;0;1;53;32;11;14;29;11;1;0;2;0;0;1;0;2;1;0;0;0;1;1;0;1;0;2;16;3;0;1;1;0;1;0;2;1;0;2;0;1;1;0;0;0;0;1;0;2;0;0;68;29;37;5;3;6;0;17;2;0;2;4;3;2;0;5;0;9;4;0;1;31;1;16;5;0;0;0;0;0;0;0;0;0;0;0;0;1;0;0;11;2;0;0;1;0;0;0;1;0;0;0;0;3;2;0;0;0;0;1;0;0;0;3
3;"Zespół Szkół, ul. Częstochowska 24, 46-040 Ozimek";160908;"gm. Ozimek";"opolski";"opolskie";1;1;2;0;8;0;0;0;0;0;0;0;0;0;0;1;0;0;0;0;0;1;0;0;0;0;21;14;4;0;6;3;2;1;0;0;0;0;0;0;0;0;1;9;2;2;0;1;2;1;38;7;2;0;1;0;0;2;0;2;1;0;2;0;0;1;3;0;0;0;0;2;0;1;50;33;5;16;45;6;1;2;3;3;1;1;3;2;0;0;0;0;0;0;1;1;0;0;13;4;1;2;0;2;0;0;2;0;1;0;0;0;0;0;1;0;0;0;0;1;0;1;79;31;44;6;2;4;3;16;0;0;3;0;1;0;0;2;1;4;2;0;0;20;0;12;6;2;0;1;0;0;0;0;0;2;0;0;0;1;0;1;5;1;1;0;0;0;0;0;1;0;0;0;0;1;0;0;0;0;0;0;0;0;0;0
4;"Szkoła Podstawowa Nr 3, ul. Janusza Korczaka 12, 46-040 Ozimek";160908;"gm. Ozimek";"opolski";"opolskie";1;1;2;0;4;0;0;0;3;2;0;0;0;0;0;2;0;1;0;0;1;0;0;0;0;1;77;57;9;4;4;6;0;0;3;2;0;9;0;1;2;2;2;13;0;1;2;1;0;4;62;6;6;5;1;2;4;0;1;1;1;2;1;3;0;2;2;0;0;0;0;0;1;0;91;59;17;31;77;20;2;0;1;4;0;1;1;4;0;0;0;0;0;0;2;2;1;1;31;9;2;7;1;0;2;1;1;0;1;1;0;0;1;0;0;0;0;3;0;1;0;1;144;59;84;5;1;8;5;23;3;4;7;3;3;0;0;0;1;13;3;0;2;51;1;24;10;2;0;0;0;0;1;1;1;0;0;0;0;0;0;0;5;8;0;0;1;0;0;0;0;0;0;0;1;0;0;0;0;0;0;1;0;0;1;1
5;"Szkoła Podstawowa Nr 2, ul. Daniecka 12A, 46-040 Ozimek";160908;"gm. Ozimek";"opolski";"opolskie";1;1;1;0;1;1;0;0;0;1;1;0;1;0;0;0;0;0;0;0;0;0;0;0;0;0;14;4;3;0;2;0;0;1;0;0;0;1;0;0;0;1;0;3;2;0;0;0;1;0;6;0;2;0;0;1;3;0;1;0;0;0;1;1;0;0;0;0;0;0;0;1;0;1;35;21;1;9;20;9;0;0;1;0;0;0;0;1;0;0;0;1;0;0;1;0;0;0;11;0;2;1;1;0;0;0;1;0;1;0;1;1;0;0;1;0;0;0;0;0;0;0;20;4;15;1;2;2;1;11;3;0;1;0;3;0;0;0;2;9;1;1;0;13;0;6;2;0;0;0;0;0;1;0;0;0;0;0;0;0;0;0;13;25;1;3;0;1;1;0;0;0;0;0;0;1;0;0;0;0;0;0;0;0;1;1
6;"Szkoła Podstawowa, Antoniów ul. Powstańców Śląskich 17, 46-040 Ozimek";160908;"gm. Ozimek";"opolski";"opolskie";1;1;3;0;2;0;0;0;1;0;0;1;0;0;0;0;0;0;0;0;0;0;0;1;0;0;34;34;2;1;2;4;0;1;0;3;1;5;0;1;1;1;2;16;1;0;1;0;0;0;10;6;0;1;0;0;2;1;0;0;0;0;1;3;1;0;0;1;0;0;0;0;0;1;43;31;6;5;30;9;0;0;0;0;0;0;0;0;0;0;0;0;1;0;2;0;0;0;14;1;1;2;1;1;0;2;0;0;0;0;0;0;0;0;0;0;0;0;0;0;1;0;42;19;34;1;9;4;1;13;1;1;3;0;0;0;0;5;1;6;2;0;1;10;1;22;4;0;0;1;0;0;0;1;0;2;0;1;0;0;0;0;28;20;0;0;2;1;0;0;0;0;1;0;0;0;0;0;0;0;0;2;0;0;0;0
7;"Świetlica wiejska, Biestrzynnik ul. Ozimska 18, 46-043 Ozimek";160908;"gm. Ozimek";"opolski";"opolskie";1;1;0;0;0;0;0;0;0;0;0;0;0;0;0;0;0;0;0;0;0;0;0;0;0;0;5;3;0;2;2;1;0;0;0;0;0;1;0;0;0;0;0;4;0;0;1;0;0;3;3;0;2;0;0;0;2;0;0;0;0;0;2;0;0;0;1;0;0;0;0;0;0;0;18;17;3;1;8;0;0;0;2;0;0;0;0;0;0;0;0;0;0;0;1;0;0;0;13;1;0;1;1;3;0;0;0;0;0;0;1;0;0;0;0;0;0;1;0;0;0;0;30;10;13;1;1;0;1;1;0;1;1;1;1;0;0;2;1;5;6;0;0;4;1;5;3;0;0;0;0;0;1;1;0;2;0;0;0;0;0;0;11;5;0;0;0;2;0;1;0;0;0;1;1;1;1;0;0;0;1;1;0;0;0;0
8;"Szkoła Podstawowa, Dylaki ul. Szkolna 5, 46-043 Ozimek";160908;"gm. Ozimek";"opolski";"opolskie";1;1;4;2;0;0;0;3;0;0;0;0;0;0;0;0;0;0;0;0;0;0;0;0;0;0;6;21;2;3;0;4;0;2;1;1;0;2;1;0;0;0;2;5;0;0;3;0;0;0;15;1;2;0;1;2;3;2;0;0;0;2;2;0;0;1;0;0;0;0;0;0;0;0;30;26;7;9;31;5;0;0;0;0;0;0;0;0;0;0;0;0;0;1;0;0;0;0;21;4;0;1;1;0;2;0;1;1;1;1;0;0;1;0;0;0;0;0;0;2;1;0;44;14;27;0;2;3;1;10;3;1;3;1;0;0;0;2;0;12;2;0;0;19;0;14;1;0;0;0;0;0;3;0;0;0;0;0;0;1;1;0;24;22;0;0;1;1;0;0;0;2;1;0;0;1;0;0;0;0;0;2;0;1;0;0
9;"Świetlica wiejska, Grodziec ul. Częstochowska 115 A, 46-040 Ozimek";160908;"gm. Ozimek";"opolski";"opolskie";1;1;4;0;3;0;0;0;1;1;0;0;0;1;0;0;0;0;1;0;1;0;0;0;0;0;31;30;12;3;3;5;1;0;1;3;1;3;2;2;0;0;0;8;0;0;0;0;0;1;39;10;4;2;3;1;3;1;2;2;1;1;2;3;0;0;0;0;1;0;0;1;0;0;73;82;20;32;90;57;1;0;1;0;0;0;0;3;0;0;0;0;1;0;4;0;0;2;28;2;2;0;0;2;0;3;3;1;0;0;0;2;0;0;0;0;0;0;0;0;0;0;76;22;34;2;3;4;2;16;3;1;1;2;1;0;0;2;4;4;4;1;0;14;1;18;6;1;1;0;1;0;0;0;0;1;1;2;0;0;0;1;3;0;0;1;0;0;0;0;0;1;1;0;0;0;0;0;0;0;0;0;0;0;0;1
10;"Szkoła Podstawowa, Krasiejów ul. Szkolna 5, 46-040 Ozimek";160908;"gm. Ozimek";"opolski";"opolskie";1;1;5;3;5;0;1;1;0;0;0;0;1;0;0;1;0;0;1;1;0;0;0;0;0;0;32;49;8;2;1;0;0;0;2;1;1;0;0;0;1;0;2;9;0;0;0;0;1;2;17;4;4;2;0;0;2;0;0;0;1;1;1;0;0;2;0;0;0;0;0;0;0;1;66;48;6;10;40;9;1;1;0;1;0;1;1;0;0;0;0;0;0;0;0;0;0;0;33;4;6;2;1;0;0;1;1;0;0;0;1;0;2;0;1;0;0;1;1;1;1;1;95;34;39;5;2;3;4;22;2;0;1;1;0;2;0;2;1;12;2;0;1;22;0;14;10;1;2;0;2;0;0;2;0;0;0;0;0;0;0;0;37;84;0;1;1;0;0;0;1;1;2;0;0;1;1;0;0;0;0;3;0;0;1;3
11;"Budynek Ochotniczej Straży Pożarnej, Schodnia ul. ks. Piotra Gołąba 19, 46-040 Ozimek";160908;"gm. Ozimek";"opolski";"opolskie";1;1;1;0;2;0;0;1;0;1;1;0;0;0;2;0;1;0;0;0;0;0;0;0;0;0;18;15;2;0;0;1;1;0;0;3;0;1;0;1;0;0;0;4;1;0;0;1;0;2;10;2;1;0;0;0;1;0;0;0;0;0;0;0;1;0;0;0;0;0;0;0;1;0;22;23;4;3;27;2;0;0;0;0;0;1;0;0;0;0;0;0;0;2;0;0;0;0;18;2;1;1;3;0;0;0;1;0;1;0;0;2;0;0;0;0;1;0;0;0;1;0;28;7;8;3;5;2;0;5;0;2;4;0;0;1;0;0;0;12;2;0;0;8;0;11;17;1;0;4;0;2;2;0;0;1;0;0;0;0;0;1;32;50;2;0;0;1;1;0;0;1;0;0;0;1;0;0;3;0;0;0;0;0;1;0
12;"Świetlica wiejska, Szczedrzyk pl. Plac 1 Maja 9, 46-042 Ozimek";160908;"gm. Ozimek";"opolski";"opolskie";1;1;1;1;1;0;1;1;1;0;0;0;0;0;1;1;0;0;0;0;1;0;0;0;0;2;35;11;6;0;3;2;1;0;0;4;0;4;0;0;0;1;1;12;0;0;1;0;0;1;36;3;5;3;0;0;7;0;0;0;3;3;1;2;0;0;0;1;0;0;0;0;1;1;46;35;4;8;36;13;2;2;0;0;1;0;0;0;0;2;0;0;0;1;2;0;2;2;29;3;1;3;0;0;1;0;0;0;1;0;0;0;0;0;0;0;0;1;0;1;0;1;68;33;37;2;5;7;2;7;1;0;2;0;3;1;0;2;5;7;5;0;0;17;1;55;2;1;0;0;0;0;0;0;0;0;0;0;0;0;0;2;39;22;3;2;1;3;0;0;0;1;0;1;0;2;0;0;0;0;0;3;6;0;0;1
13;"Budynek byłej Szkoły Podstawowej, Pustków ul. Ozimska 11a, 46-040 Ozimek";160908;"gm. Ozimek";"opolski";"opolskie";1;1;0;0;0;0;1;0;0;0;0;0;0;0;0;0;0;0;0;0;0;0;0;0;0;0;6;10;3;1;1;0;0;0;0;1;0;2;0;0;0;0;0;4;0;0;0;0;0;0;9;0;1;2;0;0;0;0;2;0;0;0;0;3;0;1;1;0;0;0;0;0;0;2;17;8;8;0;9;1;0;0;0;0;0;0;0;0;0;0;0;0;0;0;1;1;0;0;11;0;2;0;0;0;0;0;0;0;0;0;0;1;2;0;0;1;0;0;0;0;0;0;24;5;17;0;2;3;0;4;3;0;0;1;0;1;0;1;0;1;1;0;0;1;0;11;4;1;0;0;1;0;1;0;0;0;0;0;0;0;0;0;17;17;1;2;1;1;0;0;1;0;1;0;0;0;1;0;0;0;1;0;0;0;1;0
14;"Żłobek Samorządowy, ul. księdza Kałuży 15, 46-040 Ozimek";160908;"gm. Ozimek";"opolski";"opolskie";1;1;2;0;2;0;0;0;1;0;0;0;0;0;0;0;0;0;0;0;0;0;0;0;0;0;29;16;3;2;6;1;0;0;0;2;1;4;0;0;1;1;0;3;0;0;0;0;0;2;30;3;4;4;2;0;2;0;2;0;1;0;4;0;0;2;0;0;1;0;0;0;0;0;60;30;3;24;29;10;1;0;1;0;0;1;0;0;0;0;0;2;0;0;0;0;0;2;23;2;1;1;1;0;0;0;0;0;1;0;1;0;1;0;0;0;0;0;0;1;0;0;86;16;46;3;6;4;1;7;2;0;2;0;2;1;0;0;0;3;1;1;1;35;0;19;3;0;1;2;0;0;2;0;0;1;0;0;1;0;0;0;12;9;0;0;0;0;0;0;0;0;0;0;0;0;2;0;0;0;0;1;0;0;0;0
15;"Świetlica wiejska, Krzyżowa Dolina ul. Powstańców Śląskich 29, 46-040 Ozimek";160908;"gm. Ozimek";"opolski";"opolskie";1;1;1;0;1;0;0;0;0;0;0;0;0;0;0;0;1;0;0;0;0;0;1;0;0;0;5;25;0;0;0;0;0;0;0;1;0;0;0;0;0;1;0;1;0;0;0;0;2;0;6;0;0;0;0;0;0;0;0;0;0;0;1;0;0;0;0;0;0;0;0;0;0;1;15;7;0;4;8;2;0;0;0;0;0;0;0;0;0;0;0;0;0;0;0;0;0;0;11;0;2;0;2;0;0;1;0;0;0;0;0;0;2;0;1;0;0;0;0;0;0;0;12;2;12;1;2;1;0;2;0;0;0;0;0;0;0;0;0;6;0;0;0;3;0;3;6;0;0;0;0;0;0;0;1;1;0;0;1;0;6;1;36;42;0;1;1;0;0;0;0;0;0;0;0;3;0;0;0;0;0;0;0;0;1;2
16;"Świetlica Wiejska w Chobiu, Chobie ul. Wiejska 41, 46-040 Ozimek";160908;"gm. Ozimek";"opolski";"opolskie";1;1;0;1;0;0;0;1;0;0;1;0;0;0;0;0;0;0;0;0;0;2;0;0;0;0;5;5;1;0;0;0;2;0;0;0;0;0;0;0;0;0;1;0;0;1;0;0;0;0;3;0;1;0;0;0;0;0;0;2;0;1;0;0;0;0;0;0;0;1;0;0;0;0;11;10;1;3;4;1;0;0;0;1;0;0;0;0;0;0;0;0;0;0;0;0;0;0;2;0;0;0;0;1;0;0;0;0;0;0;0;0;0;0;0;0;0;0;0;0;0;0;4;2;3;1;1;1;0;0;0;0;0;0;0;0;0;0;0;4;0;0;0;0;0;3;5;0;0;0;0;0;0;0;0;0;0;0;0;0;0;0;10;18;4;0;0;0;0;0;0;0;0;0;0;0;15;0;0;0;0;0;0;0;0;0
17;"Szpital św. Rocha w Ozimku, ul. Częstochowska 31, 46-040 Ozimek";160908;"gm. Ozimek";"opolski";"opolskie";1;1;0;0;0;0;0;0;0;0;0;0;0;0;1;0;0;0;0;0;0;0;0;0;0;0;1;0;0;0;0;1;0;1;0;0;0;0;0;0;0;0;0;0;0;0;0;0;0;0;2;0;0;0;0;0;0;0;0;0;1;0;0;1;0;0;0;0;1;0;1;0;0;0;5;4;1;3;1;0;0;0;0;1;0;0;0;0;0;0;0;0;0;0;0;0;0;0;0;0;0;0;0;0;0;0;0;0;0;0;0;0;0;0;0;0;0;0;0;0;0;0;6;2;3;0;0;0;0;1;0;0;0;0;0;0;0;0;0;1;0;0;0;1;0;0;0;0;0;0;0;0;0;0;0;0;0;0;0;0;0;0;1;0;0;0;0;0;0;0;0;0;0;0;0;0;0;0;0;0;0;1;0;0;0;0
1;"Świetlica wiejska, Lubienia ul. Wiejska 38, 46-090 Popielów";160909;"gm. Popielów";"opolski";"opolskie";1;1;0;1;0;0;0;1;1;0;1;0;0;0;0;0;0;0;0;0;0;0;0;0;0;0;5;6;1;0;2;1;3;0;0;1;0;2;0;0;0;0;0;0;1;1;0;0;0;0;9;1;0;1;0;0;1;0;0;0;0;0;0;0;0;1;0;2;0;0;0;2;0;0;21;14;3;4;5;1;0;0;0;0;0;0;0;0;0;0;3;0;0;1;0;0;0;0;2;2;0;0;1;0;0;0;1;0;0;0;0;0;0;0;0;0;0;0;0;1;0;0;20;4;9;0;1;0;1;1;1;1;2;0;0;1;0;1;0;0;0;1;0;0;0;7;0;0;0;0;0;0;0;0;0;0;0;0;0;0;0;0;8;3;2;0;0;0;0;0;0;0;0;0;0;0;0;0;0;0;0;0;0;0;0;0
2;"Samorządowe Centrum Kultury, Turystyki i Rekreacji (Klub Senior +), ul. Powstańców 34, 46-090 Popielów";160909;"gm. Popielów";"opolski";"opolskie";1;1;2;0;0;0;0;1;0;1;0;0;0;0;0;1;0;0;0;0;0;0;0;0;0;0;21;10;1;0;0;1;6;0;0;0;0;3;0;0;0;0;0;0;0;0;0;0;0;0;11;0;3;0;0;0;0;0;1;0;0;0;0;0;0;3;0;0;0;0;0;0;0;0;30;35;3;1;17;4;1;0;0;1;0;0;0;0;0;0;0;0;1;0;1;0;0;2;15;5;1;1;1;0;1;0;0;0;2;0;1;0;0;0;0;0;0;0;0;2;0;0;34;14;7;5;2;4;1;0;15;0;14;0;2;0;0;0;0;1;1;1;1;1;0;11;5;0;0;0;1;0;1;0;0;0;0;1;0;0;0;0;57;17;0;0;0;3;0;0;2;0;0;0;0;1;0;0;2;0;0;0;5;2;0;2
3;"Publiczna Szkoła Podstawowa w Popielowie, ul. Powstańców 14, 46-090 Popielów";160909;"gm. Popielów";"opolski";"opolskie";1;1;1;0;0;0;0;0;0;0;0;0;1;0;0;1;0;0;0;1;0;0;0;0;0;0;28;9;2;1;4;2;7;0;0;1;0;7;2;0;0;0;0;0;1;0;1;0;0;1;16;2;0;0;0;0;1;0;0;0;0;0;0;1;2;0;0;1;0;0;1;0;0;0;37;17;5;6;8;2;1;0;0;0;0;0;0;0;0;0;2;0;0;0;2;0;1;0;9;1;3;1;2;1;0;1;0;0;0;0;0;1;1;0;0;0;0;0;0;0;0;2;49;18;34;1;4;3;0;8;11;0;18;0;0;0;0;1;0;7;2;1;0;0;0;10;7;0;0;1;1;1;0;0;0;0;0;4;0;0;0;0;56;24;1;0;1;1;0;0;0;0;2;0;0;0;0;0;0;0;0;0;5;6;0;0
4;"Świetlica wiejska (Klub Senior+), ul. Michała 55, 46-083 Stare Siołkowice";160909;"gm. Popielów";"opolski";"opolskie";1;1;0;2;0;0;0;1;1;0;0;0;0;0;3;1;0;0;0;0;0;1;0;0;0;0;24;13;2;2;4;0;17;0;0;1;0;4;0;0;0;0;1;1;1;0;0;0;0;4;9;3;1;0;0;0;0;0;0;1;0;0;0;0;0;3;0;1;0;0;0;0;0;0;29;17;2;0;4;2;0;0;0;2;0;0;1;0;0;0;1;0;0;0;0;0;0;0;15;3;4;0;1;0;0;0;0;1;0;0;1;0;1;0;0;0;0;0;0;0;0;0;44;17;18;6;1;9;1;8;5;0;13;0;0;0;0;1;0;2;1;0;0;0;1;6;3;0;0;1;0;0;0;0;0;0;0;1;0;0;0;0;48;8;5;1;0;1;3;0;0;1;0;0;0;2;1;1;2;0;0;0;6;2;0;0
5;"Publiczna Szkoła Podstawowa w Starych Siołkowicach, ul. Klapacz 62, 46-083 Stare Siołkowice";160909;"gm. Popielów";"opolski";"opolskie";1;1;0;3;0;0;1;0;1;0;0;1;0;0;0;0;0;0;0;0;1;0;0;0;0;0;24;19;3;0;1;5;19;0;1;0;0;2;1;2;0;1;0;0;0;0;1;0;2;1;13;1;2;4;0;1;1;0;0;1;0;1;0;4;0;1;2;0;0;0;0;0;0;0;30;27;4;0;11;3;0;0;1;0;0;1;0;2;0;0;2;0;0;0;1;0;0;0;9;3;0;4;3;1;1;0;0;0;0;0;1;0;0;0;0;0;0;0;0;0;0;0;42;19;48;4;1;4;3;12;12;0;17;4;0;0;0;2;0;5;8;1;1;1;0;11;2;0;1;1;0;0;0;0;0;0;0;1;0;0;0;0;59;42;3;0;0;2;1;0;1;1;0;0;0;0;0;0;2;0;1;1;14;0;0;0
6;"Publiczna Szkoła Podstawowa (świetlica szkolna), ul. Kolejowa 9, 46-037 Karłowice";160909;"gm. Popielów";"opolski";"opolskie";1;1;1;0;0;1;0;1;0;0;2;0;0;0;0;0;0;1;0;0;0;0;1;0;0;0;10;7;0;1;4;7;73;0;0;0;1;5;0;0;0;2;0;0;0;0;1;1;0;0;12;2;2;2;0;2;2;0;0;1;0;0;1;1;1;1;0;2;0;1;0;1;1;1;78;101;9;15;9;11;0;0;3;1;1;0;0;2;0;0;0;0;0;0;0;2;0;2;22;2;1;1;3;0;1;0;0;0;0;0;1;0;0;0;1;0;0;0;0;0;0;0;70;11;19;10;1;19;2;5;3;0;6;0;2;0;0;2;0;1;2;0;0;1;0;11;5;2;0;4;0;0;0;0;0;1;0;0;3;0;0;0;2;0;0;0;0;0;0;0;0;0;0;0;0;0;0;0;0;0;0;0;0;0;0;1
7;"Publiczna Szkoła Podstawowa (sala nr 23), ul. Kolejowa 9, 46-037 Karłowice";160909;"gm. Popielów";"opolski";"opolskie";1;1;2;1;1;0;0;2;0;1;0;0;0;0;0;0;0;1;0;0;0;0;0;0;0;0;11;3;0;3;0;1;17;0;0;0;0;7;0;0;0;1;0;0;0;0;0;0;0;0;9;0;0;1;0;0;2;1;0;0;0;0;1;0;0;0;0;0;0;0;0;0;0;0;58;49;5;4;7;4;0;0;0;0;0;0;0;1;0;1;1;0;0;0;0;0;0;5;15;4;1;1;1;1;0;3;2;2;0;0;0;0;0;1;0;0;0;1;0;1;0;0;25;5;13;14;3;2;1;1;3;0;3;0;0;0;0;0;0;0;0;0;0;2;0;4;1;0;0;1;0;0;0;0;0;0;0;0;0;0;0;0;1;0;1;0;0;0;0;0;0;0;0;1;0;0;0;0;0;0;0;0;0;0;0;0
8;"Świetlica wiejska, Stare Kolnie ul. Wiejska 2a, 46-090 Popielów";160909;"gm. Popielów";"opolski";"opolskie";1;1;1;0;0;0;0;0;0;1;0;0;0;0;0;0;0;0;0;0;0;0;0;0;0;0;3;3;1;2;0;0;5;1;0;0;0;1;0;0;0;0;0;0;0;0;1;0;0;0;0;0;0;2;0;0;0;0;0;0;0;1;0;0;0;0;0;1;0;0;0;0;0;2;19;7;3;2;3;3;0;0;0;0;0;0;0;0;0;0;0;0;0;0;0;0;0;2;4;0;0;0;0;0;0;0;0;0;1;0;0;0;0;0;1;0;0;0;0;0;0;0;12;2;11;2;0;0;0;2;0;0;2;0;0;1;0;0;0;0;1;0;0;0;0;1;3;0;0;0;0;0;0;0;0;0;1;1;0;0;0;0;0;0;0;0;0;0;0;0;0;0;0;0;0;0;0;0;0;0;0;0;0;0;0;0
9;"Świetlica Wiejska w Kaniowie, Kaniów ul. Szkolna 1, 46-090 Popielów";160909;"gm. Popielów";"opolski";"opolskie";1;1;0;0;0;0;0;0;0;0;0;0;0;0;0;0;0;0;0;0;0;0;0;0;0;0;2;7;0;0;0;0;0;0;0;0;0;0;0;0;0;0;0;0;0;0;1;0;0;0;2;0;0;0;0;0;0;0;0;0;0;1;0;0;0;0;0;0;0;0;1;0;0;0;6;22;2;3;3;0;0;0;0;0;1;0;0;0;0;0;0;0;0;1;0;0;0;0;3;1;0;1;0;0;0;0;0;0;0;0;0;0;0;0;1;0;0;0;0;0;0;1;8;3;3;0;0;0;0;1;2;0;1;1;0;0;0;0;0;0;0;0;0;0;0;2;1;0;1;0;2;0;0;0;0;0;0;5;0;0;0;0;4;2;1;0;0;0;0;0;0;0;0;0;0;0;0;0;0;0;0;0;0;0;0;0
10;"Świetlica Wiejska w Stobrawie, Stobrawa ul. Jakuba Kani 11, 46-090 Popielów";160909;"gm. Popielów";"opolski";"opolskie";1;1;1;0;0;0;0;0;0;0;0;0;0;0;0;0;0;0;0;0;0;0;0;0;1;0;10;8;0;0;1;0;8;0;0;0;0;0;0;0;0;0;2;0;1;0;1;1;1;0;6;0;0;0;0;0;1;0;0;0;0;3;0;1;0;0;0;0;0;0;0;0;0;0;27;29;7;1;4;1;1;0;1;0;0;0;2;0;0;0;0;0;0;1;0;0;0;8;7;0;0;0;1;0;0;0;0;2;1;1;0;1;1;1;0;0;0;1;0;0;0;0;20;2;18;2;0;0;0;0;5;1;1;1;1;0;1;0;0;0;2;0;2;0;0;3;0;0;0;0;0;0;0;0;0;0;0;0;0;0;0;0;0;0;0;0;0;0;0;0;0;0;0;0;0;0;0;0;0;0;0;0;0;0;0;0
11;"Dom Ludowy w Rybnej, Rybna ul. Odrzańska 15, 46-090 Popielów";160909;"gm. Popielów";"opolski";"opolskie";1;1;1;0;0;0;0;0;0;0;0;0;0;0;0;0;0;0;0;0;0;0;0;0;0;1;14;6;2;2;1;3;1;0;0;0;1;1;2;1;0;1;0;0;0;1;2;0;0;0;7;1;2;2;0;1;2;0;1;0;0;0;1;0;0;0;0;0;0;0;0;1;0;0;22;13;4;0;6;0;0;0;2;1;0;0;0;0;2;1;0;0;0;0;1;0;0;2;2;0;0;4;1;0;0;1;0;0;0;0;0;0;0;0;0;0;0;0;0;1;0;1;22;4;8;7;1;3;0;2;10;2;4;0;0;0;0;0;1;0;0;0;0;1;0;2;0;0;1;0;0;0;0;0;0;0;1;0;0;0;0;0;4;0;0;0;0;0;0;0;0;0;0;0;0;0;0;0;0;0;0;0;0;0;0;0
1;"Salka parafialna, Chrząszczyce ul. Opolska 32, 46-060 Prószków";160910;"gm. Prószków";"opolski";"opolskie";1;1;2;2;0;1;0;0;0;0;0;0;0;0;0;1;0;0;0;0;2;0;0;0;1;0;14;8;0;4;0;2;0;0;0;0;0;0;0;0;0;1;1;2;0;0;0;0;0;0;5;0;2;2;0;0;0;0;1;0;0;0;0;1;0;0;1;0;0;0;0;0;0;0;34;15;9;4;6;2;0;0;0;0;0;0;0;0;0;0;0;0;0;0;0;0;0;0;12;1;0;3;2;2;0;0;0;1;0;0;0;1;0;0;0;0;0;1;0;0;0;0;19;6;19;2;1;3;1;6;1;0;2;0;0;0;0;1;0;0;0;0;0;0;0;10;12;0;0;2;0;1;0;1;0;0;0;0;1;0;0;0;25;4;0;0;0;20;0;0;0;1;0;0;0;0;0;0;0;0;0;0;0;0;1;3
2;"Ośrodek Kultury i Sportu w Prószkowie, ul. Daszyńskiego 6, 46-060 Prószków";160910;"gm. Prószków";"opolski";"opolskie";1;1;1;1;0;0;1;1;0;0;0;0;0;0;0;0;0;0;0;0;0;0;0;0;0;0;18;12;7;3;6;6;1;0;1;0;0;7;0;0;0;0;1;0;1;0;0;0;1;1;29;2;2;0;0;0;4;0;0;1;0;1;0;3;0;1;0;0;1;0;0;0;0;0;28;37;10;10;11;14;2;0;3;0;0;1;0;1;0;0;2;0;0;0;3;0;0;1;15;3;3;4;2;1;0;0;0;0;0;0;1;0;1;1;0;0;0;0;0;0;1;0;48;42;50;2;1;2;2;27;1;0;3;0;0;0;0;1;0;0;0;1;1;1;2;34;6;0;0;3;0;0;1;0;0;1;0;0;0;0;0;1;19;2;3;0;0;40;0;0;0;0;0;0;0;1;0;0;0;0;0;0;0;0;0;0
3;"Publiczna Szkoła Podstawowa, Ligota Prószkowska ul. Szkolna 25, 46-060 Prószków";160910;"gm. Prószków";"opolski";"opolskie";1;1;0;0;0;0;0;1;0;0;0;0;0;1;0;0;0;0;0;0;0;0;0;0;0;1;12;5;1;2;1;1;3;1;0;1;1;0;0;0;0;0;0;0;0;0;0;0;1;0;13;1;0;0;0;1;3;0;1;0;0;0;0;1;0;1;1;0;0;0;0;1;0;0;29;8;10;4;5;0;1;0;0;0;0;0;0;0;0;0;0;0;0;0;0;0;0;0;12;0;2;0;0;1;0;0;0;1;0;0;0;2;4;0;0;0;0;0;0;0;0;0;17;7;17;0;1;2;1;11;2;1;1;0;2;1;0;0;0;1;1;1;0;0;0;21;6;1;3;2;0;0;0;0;0;0;0;1;0;0;0;0;38;19;3;0;0;23;1;0;0;1;0;0;0;0;2;0;1;0;0;0;0;2;0;1
4;"Zespół Szkolno-Przedszkolny, Boguszyce ul. Opolska 17, 46-061 Prószków";160910;"gm. Prószków";"opolski";"opolskie";1;1;0;0;0;0;2;0;0;0;0;0;0;0;0;0;0;0;0;0;0;0;0;0;0;0;16;6;0;0;0;1;1;0;0;1;0;2;0;0;3;0;1;0;0;0;1;0;1;1;2;0;0;0;0;0;0;0;0;0;0;0;0;0;0;0;0;0;1;0;0;0;0;0;17;19;7;6;7;3;0;0;0;0;0;0;0;0;0;0;0;0;0;0;3;0;0;0;7;5;3;0;0;0;0;1;1;0;2;0;0;0;0;0;0;0;0;0;0;0;0;0;31;16;34;1;3;0;0;2;0;0;1;0;1;0;0;0;0;0;3;0;0;0;0;17;5;1;0;0;2;0;0;0;1;0;1;2;0;0;0;0;35;15;0;0;0;26;0;0;0;0;0;0;0;0;0;1;0;1;0;0;0;0;0;1
5;"Świetlica Wiejska, Zimnice Wielkie ul. Opolska 47, 46-061 Prószków";160910;"gm. Prószków";"opolski";"opolskie";1;1;1;0;0;0;0;0;0;0;0;0;0;0;0;0;1;0;0;0;0;0;0;0;0;0;18;5;0;1;0;5;0;0;0;0;0;2;0;0;0;1;0;1;1;1;0;0;0;0;8;2;0;0;0;0;1;0;0;0;0;0;0;0;0;1;0;0;1;0;0;0;1;0;41;29;6;8;8;6;1;0;0;0;0;0;0;0;0;0;0;0;0;0;1;1;0;2;9;2;0;0;1;0;0;1;0;0;0;0;0;0;4;0;2;0;0;0;0;0;0;0;17;5;12;4;0;1;2;13;0;0;3;0;0;0;1;1;0;1;1;0;0;1;0;16;4;2;0;0;0;1;0;0;0;0;0;0;0;0;0;0;20;8;1;0;0;25;0;1;0;0;0;0;0;2;1;0;0;0;0;0;0;1;0;1
6;"Sala przy stacji Caritas, Przysiecz ul. Szkolna 14, 46-060 Prószków";160910;"gm. Prószków";"opolski";"opolskie";1;1;0;1;0;0;0;0;0;0;1;0;0;0;0;0;0;0;0;0;0;0;0;0;0;0;28;8;0;0;2;4;0;0;0;0;0;2;0;0;0;0;1;0;3;0;0;0;0;0;15;0;0;0;0;0;0;1;0;0;0;0;0;1;0;1;0;0;0;1;0;0;0;0;19;19;5;7;6;8;0;0;1;1;0;0;0;0;0;0;1;0;0;0;0;0;0;0;14;2;1;0;1;0;0;0;0;0;0;0;0;0;1;0;0;0;0;0;0;2;0;0;15;3;14;0;0;0;0;4;0;0;1;0;0;1;0;0;0;1;0;1;0;0;1;19;1;1;0;0;0;0;1;0;0;0;0;0;0;0;1;0;28;0;0;0;0;20;0;0;0;1;0;0;0;0;0;0;0;0;0;0;0;0;0;0
7;"Zespół Szkolno-Przedszkolny im. Pisarzy Śląskich w Złotnikach, Złotniki ul. Opolska 40, 46-060 Prószków";160910;"gm. Prószków";"opolski";"opolskie";1;1;0;0;0;0;0;0;0;0;0;1;0;0;0;0;0;1;0;0;0;0;0;0;0;0;16;5;1;0;0;0;0;0;0;0;0;1;0;0;0;0;0;0;0;0;0;0;0;0;5;1;0;2;0;1;0;0;0;0;1;0;0;0;0;1;0;0;0;0;0;0;1;0;27;6;4;6;5;4;0;0;0;0;0;0;0;0;0;0;0;0;0;0;0;0;0;1;9;0;2;3;2;0;0;0;0;0;1;0;0;0;1;0;0;0;0;0;0;0;1;0;29;7;13;0;0;1;1;6;0;0;0;2;0;0;3;3;2;2;0;0;0;0;0;8;1;1;0;1;0;0;0;0;0;0;0;0;0;0;2;0;12;2;0;0;0;34;1;0;0;0;0;0;0;0;0;0;0;0;0;0;0;0;0;0
8;"Sala Gminnego Zarządu TSKN, ul. Zamkowa 2, 46-060 Prószków";160910;"gm. Prószków";"opolski";"opolskie";1;1;2;1;0;0;0;0;0;0;0;0;1;0;0;1;0;0;0;0;0;0;0;0;0;0;42;8;4;2;1;5;2;2;6;3;0;1;0;0;2;1;1;3;1;0;2;0;2;3;34;1;2;0;0;1;2;1;1;1;0;0;0;1;0;1;0;0;2;1;0;0;0;0;38;11;15;8;11;5;0;0;0;0;0;0;0;0;0;0;0;0;0;1;0;0;1;1;15;4;1;3;0;0;1;0;0;0;0;1;0;0;4;0;1;0;0;2;0;0;0;1;59;23;49;0;0;6;0;18;1;0;4;1;1;1;0;2;0;3;1;1;0;0;0;50;10;0;1;2;0;1;0;0;0;1;0;0;0;0;0;0;41;1;1;0;0;56;0;0;0;0;1;0;2;0;0;0;0;0;0;1;0;0;0;2
9;"Świetlica Wiejska w Folwarku, Folwark ul. Wiejska 16, 46-061 Prószków";160910;"gm. Prószków";"opolski";"opolskie";1;1;0;0;0;0;0;0;1;0;0;0;0;0;0;0;0;0;0;0;0;0;0;0;0;0;4;0;0;0;0;0;0;0;0;0;0;0;0;0;0;0;0;1;0;0;0;0;0;0;2;0;0;0;0;0;0;0;0;0;0;0;0;1;0;0;0;0;0;0;0;0;0;0;9;2;2;2;6;0;0;0;0;0;0;0;0;0;0;0;0;0;0;0;0;0;0;0;7;0;0;1;0;0;0;0;1;0;0;0;0;0;0;0;0;0;0;0;0;0;1;0;6;2;10;0;1;0;0;4;1;0;0;0;0;0;0;2;0;0;0;0;0;0;0;8;3;0;0;1;0;0;0;0;0;1;0;0;0;0;0;0;16;0;2;0;0;23;0;0;0;0;0;0;0;1;0;0;0;0;0;0;0;0;0;2
10;"Świetlica Wiejska w Górkach, Górki ul. Szkolna 2, 46-060 Prószków";160910;"gm. Prószków";"opolski";"opolskie";1;1;3;0;1;0;1;1;0;0;0;1;0;1;0;0;0;0;1;0;0;0;0;0;0;0;28;17;1;1;0;2;0;0;0;0;0;2;0;0;1;0;0;0;0;0;2;0;0;1;22;1;1;2;0;1;7;0;0;0;0;0;1;1;1;0;0;4;0;0;0;1;0;0;28;29;3;5;5;1;0;0;0;0;0;0;0;0;0;0;0;0;0;1;0;0;0;0;25;0;3;4;0;0;2;0;0;0;1;0;0;0;0;0;0;0;0;0;0;0;1;0;48;26;34;6;3;5;1;16;1;1;3;0;0;1;0;1;1;2;2;0;1;0;0;42;2;0;0;0;2;1;0;0;0;1;0;0;0;0;0;0;16;5;2;0;0;27;0;0;0;0;0;0;0;0;0;0;0;0;0;0;0;0;0;2
11;"Świetlica Wiejska w Jaśkowicach, Jaśkowice ul. Opolska 14, 46-060 Prószków";160910;"gm. Prószków";"opolski";"opolskie";1;1;1;0;0;0;0;0;0;0;0;0;0;0;0;0;0;0;0;0;0;0;0;0;0;0;4;5;0;0;0;0;3;0;0;0;0;0;0;0;0;0;0;1;1;1;0;0;0;0;5;0;0;0;0;0;0;0;0;0;0;0;0;0;0;0;1;0;0;0;0;0;0;0;15;12;0;0;2;2;0;0;0;0;0;0;0;1;0;0;0;0;0;0;0;0;0;0;2;0;0;0;0;0;0;0;0;0;0;0;0;0;0;1;0;0;0;0;0;0;0;0;7;0;7;0;1;0;0;0;0;0;6;0;0;0;0;0;0;0;1;0;0;1;0;5;0;0;0;1;0;0;0;0;0;0;0;0;0;0;0;0;16;0;0;0;0;4;0;0;0;0;0;0;0;0;0;0;0;0;0;0;0;0;0;2
12;"Świetlica Wiejska w Źlinicach, Źlinice ul. Jędrzejczyka 8, 46-061 Prószków";160910;"gm. Prószków";"opolski";"opolskie";1;1;0;2;0;0;0;1;0;1;0;0;0;0;0;0;0;0;1;0;0;0;0;0;0;0;22;12;0;1;1;0;0;1;0;1;0;1;0;1;0;1;0;2;0;0;0;0;0;0;8;0;0;0;0;0;0;0;0;0;2;0;0;0;0;1;0;0;0;0;0;0;0;0;26;21;5;3;11;0;0;0;0;0;0;0;0;0;0;0;1;0;0;0;0;0;0;0;7;1;0;1;1;0;0;0;0;1;0;0;0;1;0;0;0;0;0;0;0;0;0;0;14;5;19;0;0;1;0;11;4;1;2;0;0;0;0;1;0;0;1;0;0;1;0;19;2;0;0;2;2;1;0;0;0;0;0;0;0;0;0;0;43;9;10;0;0;18;1;0;0;0;0;0;0;0;0;0;0;0;0;0;0;0;0;0
13;"Świetlica Wiejska w Zimnicach Małych, Zimnice Małe ul. Szkolna 13, 46-061 Prószków";160910;"gm. Prószków";"opolski";"opolskie";1;1;0;0;0;0;0;0;0;0;0;0;0;0;0;0;0;0;0;0;0;0;0;0;0;1;8;4;1;0;0;0;0;0;0;0;0;2;0;0;0;0;0;1;1;0;0;0;0;0;4;0;1;1;0;0;1;0;0;0;0;0;1;0;0;0;0;0;0;0;0;0;0;0;29;24;3;4;8;4;0;0;1;0;0;0;1;1;0;0;0;0;0;0;1;1;0;0;10;1;1;0;1;0;0;0;0;0;0;0;0;0;0;0;1;0;0;0;0;0;0;0;15;1;6;0;0;1;0;9;2;0;1;1;0;0;0;0;1;1;1;0;0;1;0;15;0;0;0;0;0;0;2;0;0;0;0;0;0;0;0;0;8;7;2;0;1;12;0;0;0;0;0;0;0;0;0;0;0;0;0;0;0;0;0;0
14;"Świetlica Wiejska w Nowej Kuźni, Nowa Kuźnia ul. Szkolna 12, 46-060 Prószków";160910;"gm. Prószków";"opolski";"opolskie";1;1;0;0;0;0;0;0;0;0;0;0;0;1;0;0;0;0;0;0;0;0;0;0;0;0;4;10;0;1;0;1;1;0;1;0;0;0;1;0;0;0;0;1;0;0;0;0;0;0;12;0;0;0;0;0;0;1;0;0;0;0;0;0;0;0;0;0;0;0;0;2;0;0;21;2;3;7;4;1;0;0;0;0;0;0;0;0;0;0;0;0;0;0;0;0;0;1;3;1;0;0;3;0;0;0;0;0;0;0;0;0;0;0;0;0;0;0;0;0;0;0;13;3;10;0;1;2;0;0;0;4;1;0;0;0;0;1;0;3;1;0;0;1;0;8;2;0;0;0;0;0;0;0;0;0;0;0;0;0;2;0;12;2;0;0;0;17;0;0;0;0;0;0;0;0;0;0;0;0;0;0;0;0;0;0
15;"Dom Pomocy Społecznej w Prószkowie, ul. Zamkowa 8, 46-060 Prószków";160910;"gm. Prószków";"opolski";"opolskie";1;1;3;1;0;0;2;0;0;0;1;0;0;0;0;0;0;0;0;0;0;0;0;0;0;0;1;0;0;0;0;0;0;0;0;0;0;0;0;0;0;0;0;0;0;0;0;0;0;0;0;0;0;0;0;0;1;0;0;0;0;0;0;0;0;0;0;0;0;0;0;0;1;0;9;3;0;1;0;2;0;0;0;0;0;1;0;0;0;0;0;0;1;1;0;0;0;0;1;0;0;0;0;0;0;0;0;0;0;0;0;0;0;0;0;0;0;0;0;0;0;0;1;0;0;0;2;2;0;1;0;0;0;0;0;0;0;0;0;0;0;0;0;0;0;0;0;0;0;0;0;1;0;0;0;0;0;0;0;0;1;0;0;0;0;0;0;0;0;0;0;0;0;0;0;0;0;0;0;0;0;0;0;0;0;0
1;"Gminny Ośrodek Kultury-Filia w Kątach Opolskich, Kąty Opolskie ul. Odrzańska 9, 46-050 Tarnów Opolski";160911;"gm. Tarnów Opolski";"opolski";"opolskie";1;1;2;1;0;0;0;0;0;1;0;0;1;0;0;1;0;0;0;0;0;1;0;0;1;1;37;8;0;1;0;1;9;0;0;0;0;1;0;0;0;0;1;0;0;0;0;1;1;0;15;3;7;0;1;1;0;0;1;1;0;0;1;1;1;0;0;0;0;0;0;0;1;0;37;19;14;10;10;5;0;1;0;0;0;0;0;0;0;0;0;0;0;0;0;0;0;0;16;1;2;0;0;0;1;1;0;1;1;0;1;0;1;1;0;2;0;0;0;0;0;0;30;4;34;1;0;0;5;5;3;0;5;3;0;0;0;1;1;1;2;1;0;0;1;10;1;1;0;0;0;0;0;0;1;0;0;0;0;0;0;1;19;9;11;3;0;6;3;0;0;0;0;0;0;2;0;0;0;2;0;0;0;0;3;3
2;"Gminny Ośrodek Kultury-Filia Przywory, Przywory ul. Wiejska 83, 46-050 Tarnów Opolski";160911;"gm. Tarnów Opolski";"opolski";"opolskie";1;1;3;0;1;0;1;2;1;0;0;1;0;0;0;0;0;0;0;0;0;0;0;0;0;0;48;3;8;2;1;3;1;0;1;0;1;4;1;0;1;1;1;7;0;0;0;1;2;0;11;0;9;1;0;0;1;1;0;0;0;0;0;0;0;0;0;0;0;0;0;1;0;0;27;29;9;8;14;10;1;1;0;0;1;0;0;0;0;0;0;0;0;0;1;0;0;0;12;4;3;0;2;0;0;0;0;1;1;0;0;1;1;0;1;1;0;0;0;0;0;0;40;16;42;2;2;6;4;22;0;2;2;0;2;2;0;3;17;1;2;0;4;0;0;24;4;0;3;0;0;0;0;0;0;1;1;0;0;0;0;1;52;24;4;0;1;4;2;0;0;1;0;0;2;0;0;0;0;1;0;0;2;0;0;1
3;"Gminny Ośrodek Kultury-Filia Miedziana, Miedziana ul. Wiejska 68, 46-050 Tarnów Opolski";160911;"gm. Tarnów Opolski";"opolski";"opolskie";1;1;1;0;0;0;0;0;1;0;0;0;0;0;0;1;0;1;0;0;0;0;0;0;0;0;25;5;0;0;1;1;1;1;0;0;0;0;0;0;1;0;0;2;0;0;1;1;0;0;11;0;1;0;1;0;0;0;0;1;0;0;1;1;0;0;0;0;2;0;0;0;2;0;38;13;17;3;6;1;0;0;0;1;0;0;0;0;0;0;0;0;0;0;0;0;0;0;11;2;1;1;1;0;2;1;0;0;0;0;1;0;0;0;0;0;0;0;0;0;1;0;22;8;33;0;0;1;1;6;0;0;3;0;2;1;0;1;4;3;1;0;0;1;0;6;0;0;0;0;1;0;0;0;0;0;0;2;0;0;0;0;18;14;1;0;0;5;1;0;0;1;1;0;0;0;0;0;0;2;0;0;0;0;0;0
4;"Gminny Ośrodek Kultury-Filia Kosorowice, Kosorowice ul. Opolska 9a, 46-050 Tarnów Opolski";160911;"gm. Tarnów Opolski";"opolski";"opolskie";1;1;1;0;0;0;0;0;0;0;0;0;0;1;0;0;1;1;1;0;0;0;0;0;0;0;45;13;1;2;0;0;0;0;2;0;0;1;0;1;2;2;0;0;1;0;0;0;1;3;10;2;7;1;0;0;0;0;0;0;0;0;1;0;0;1;0;0;0;0;1;0;0;1;20;12;9;7;7;3;0;3;1;1;0;0;0;1;1;0;0;0;0;0;0;0;0;0;11;2;1;2;0;0;1;2;2;0;0;0;0;0;2;0;0;0;0;0;0;1;3;0;28;13;18;0;6;6;3;12;2;1;1;1;0;1;0;0;0;3;3;0;0;1;0;14;10;1;0;0;0;1;2;0;0;2;0;0;1;0;0;0;64;34;2;2;0;5;1;0;0;1;0;0;0;6;0;0;0;1;0;0;0;1;0;2
5;"Remiza OSP, ul. Księdza Klimasa 9, 46-050 Tarnów Opolski";160911;"gm. Tarnów Opolski";"opolski";"opolskie";1;1;3;2;1;0;0;0;0;0;0;0;1;0;0;0;0;0;0;0;0;0;0;0;1;0;44;13;4;4;4;1;2;0;0;1;1;8;0;0;0;0;2;0;0;0;1;0;1;2;20;0;47;1;0;0;1;3;0;0;0;0;0;0;0;1;0;0;1;0;0;0;0;0;48;36;23;8;16;14;1;0;0;0;1;0;1;0;0;0;0;0;0;1;1;1;0;0;27;10;0;2;0;0;0;1;0;0;0;1;0;0;0;0;0;0;0;0;0;0;28;0;56;30;50;0;0;12;7;19;1;3;4;0;0;0;1;0;1;3;3;0;0;0;1;12;8;1;0;1;0;0;0;0;0;0;0;0;0;0;0;1;45;12;2;0;0;3;0;2;0;0;0;0;1;1;0;0;0;0;0;0;0;0;0;3
6;"Publiczna Szkoła Podstawowa im. Mikołaja Kopernika w Tarnowie Opolskim, ul. Kopernika 10, 46-050 Tarnów Opolski";160911;"gm. Tarnów Opolski";"opolski";"opolskie";1;1;3;3;0;1;0;0;0;0;0;0;0;0;0;0;0;0;0;0;0;0;0;0;0;0;56;19;6;2;5;5;2;0;1;0;0;7;0;0;1;1;1;3;0;0;2;0;1;1;16;2;28;1;0;0;0;0;0;0;0;0;1;0;0;1;0;0;1;0;0;2;1;0;54;34;10;7;12;9;0;0;0;0;0;1;1;0;0;1;0;0;0;2;0;0;0;2;22;7;2;3;1;0;0;1;0;1;0;0;2;0;0;0;0;0;1;0;0;1;14;0;59;36;59;2;3;8;2;25;2;0;2;1;0;1;0;2;0;3;2;1;0;3;1;17;6;1;1;2;1;0;2;1;0;1;0;0;0;0;0;0;52;15;2;1;0;0;0;0;0;0;0;0;0;1;0;0;0;3;0;0;3;0;0;3
7;"Gminny Ośrodek Kultury, ul. Osiedle Zakładowe 7, 46-050 Tarnów Opolski";160911;"gm. Tarnów Opolski";"opolski";"opolskie";1;1;1;0;0;0;1;0;0;0;1;0;1;0;0;0;0;1;0;0;0;0;0;0;1;0;32;14;1;1;1;4;1;0;1;1;1;4;1;0;0;0;1;0;0;0;0;0;0;0;16;1;30;0;0;1;0;0;0;0;0;0;2;1;0;0;0;0;1;0;0;0;0;0;62;42;30;27;30;12;1;1;0;0;0;0;0;1;0;1;2;0;0;0;1;0;0;1;20;2;2;1;0;2;0;0;1;0;0;1;2;0;1;0;0;0;0;0;0;1;11;0;42;28;39;2;0;8;4;15;1;1;2;3;2;2;0;4;1;1;4;0;2;0;0;9;7;0;0;0;0;0;0;0;0;1;1;0;0;0;0;1;7;0;0;1;0;0;0;0;0;0;0;0;0;1;0;0;0;0;0;0;0;0;1;2
8;"Publiczna Szkoła Podstawowa w Nakle, Nakło ul. Strzelecka 49, 46-050 Tarnów Opolski";160911;"gm. Tarnów Opolski";"opolski";"opolskie";1;1;2;0;0;0;0;3;1;0;4;0;0;0;0;0;0;0;0;0;0;0;0;0;0;0;57;14;3;1;1;3;1;0;1;0;2;5;0;0;1;1;2;0;0;0;0;0;0;0;9;0;13;0;2;0;0;1;0;0;1;0;0;0;0;3;0;0;0;0;0;0;0;0;32;28;6;10;21;5;1;1;1;0;0;0;0;2;0;0;1;0;0;0;1;0;0;0;21;3;1;0;4;0;0;0;0;1;0;0;1;0;1;0;0;0;0;1;0;0;13;0;60;19;40;2;3;2;4;11;1;1;3;1;0;0;0;3;0;15;1;1;0;0;0;7;2;0;1;0;5;3;1;0;2;0;1;0;0;0;0;0;47;35;2;0;0;3;2;0;0;0;0;0;0;10;0;0;0;1;0;0;0;4;2;4
9;"Gminny Ośrodek Kultury-Filia Raszowa, Raszowa ul. Ozimska 39, 46-050 Tarnów Opolski";160911;"gm. Tarnów Opolski";"opolski";"opolskie";1;1;0;1;0;0;0;0;0;0;1;0;1;0;0;0;0;0;0;0;0;0;0;0;0;0;21;3;2;0;1;2;0;0;0;0;0;0;0;0;2;0;1;0;0;0;1;0;2;0;4;1;3;2;0;0;6;1;2;0;1;0;1;1;0;1;0;1;0;0;1;0;0;0;14;20;8;9;12;9;0;0;0;0;0;0;0;0;0;1;0;1;0;0;0;1;0;0;9;1;1;1;0;1;0;0;0;0;3;0;0;0;0;0;0;0;0;1;0;0;4;0;29;3;19;4;2;0;2;4;2;0;2;0;1;0;0;2;0;7;3;0;0;1;0;8;1;0;0;2;0;0;0;0;0;1;0;1;0;0;0;0;37;30;1;0;0;2;1;0;1;0;1;0;0;3;0;0;0;0;0;0;0;0;1;2
1;"Świetlica Wiejska w Szydłowie, Szydłów ul. Kościelna 2, 49-130 Tułowice";160912;"gm. Tułowice";"opolski";"opolskie";1;1;0;0;0;0;0;1;1;0;0;0;0;0;0;1;0;0;0;0;0;0;0;0;0;0;1;38;0;0;0;8;0;0;0;0;0;0;0;0;0;0;0;0;1;0;0;0;0;0;12;1;1;1;0;1;0;0;3;0;0;0;0;0;0;0;0;0;0;0;0;0;2;2;25;21;4;8;6;5;0;0;0;0;1;1;0;0;0;0;0;0;0;1;1;0;0;0;10;3;0;2;0;1;0;0;0;0;0;0;0;0;1;1;0;0;0;0;0;0;0;0;12;2;11;2;1;1;0;2;3;0;1;0;0;0;1;0;0;0;1;1;0;0;0;9;0;0;0;3;0;0;0;0;0;0;0;0;0;0;0;0;3;1;0;0;0;0;0;0;1;0;0;0;0;0;0;0;0;0;0;0;0;0;0;0
2;"Świetlica Wiejska w Skarbiszowicach, Skarbiszowice 17, 49-130 Tułowice";160912;"gm. Tułowice";"opolski";"opolskie";1;1;0;0;0;0;0;0;0;0;0;0;0;0;0;0;0;0;0;0;0;0;0;0;0;0;0;31;0;0;0;1;0;0;0;0;0;0;0;0;0;0;0;0;0;0;0;0;0;0;3;0;0;0;0;0;0;0;0;0;0;0;0;1;0;0;0;0;0;0;0;0;0;0;23;10;0;5;4;2;0;0;0;0;0;0;0;0;0;0;0;0;0;0;1;1;0;0;2;2;0;0;0;1;0;0;0;0;0;0;0;0;0;0;0;0;0;0;0;0;0;0;6;2;1;1;0;0;0;2;0;0;4;0;0;0;0;0;0;0;0;0;0;0;0;4;1;0;0;0;0;0;0;1;0;0;0;0;0;0;0;0;2;0;0;0;0;0;0;0;0;0;0;0;0;0;0;0;0;0;0;0;0;0;0;0
3;"Świetlica Wiejska w Goszczowicach, Goszczowice 43a, 49-130 Tułowice";160912;"gm. Tułowice";"opolski";"opolskie";1;1;2;0;0;0;0;1;0;0;0;0;0;0;0;0;0;0;0;0;0;0;0;0;0;0;1;6;1;1;0;1;0;0;0;0;2;0;0;0;0;0;0;1;1;0;0;0;0;0;7;0;1;1;0;0;0;0;1;0;0;0;0;0;0;0;0;0;0;0;0;0;0;0;24;11;5;1;12;14;1;0;0;1;0;0;1;0;0;0;0;0;0;0;0;0;0;2;6;0;0;0;0;0;0;0;1;0;0;0;0;0;0;0;0;0;0;0;0;0;0;0;4;0;3;0;3;3;0;1;0;0;5;0;1;0;0;0;0;0;0;0;0;0;0;7;1;0;0;0;0;1;0;0;0;0;0;0;0;0;0;0;1;0;0;2;0;0;0;0;0;0;0;0;1;0;0;0;0;0;0;0;0;0;0;0
4;"Zespół Szkół w Tułowicach, ul. Zamkowa 1, 49-130 Tułowice";160912;"gm. Tułowice";"opolski";"opolskie";1;1;4;1;1;1;0;0;2;2;0;0;0;0;0;0;0;0;0;1;0;0;0;1;0;0;5;90;4;1;2;12;0;0;1;0;0;2;1;1;0;0;1;0;17;0;0;2;0;0;37;3;3;1;0;3;6;2;0;0;2;0;0;3;0;2;1;0;0;0;0;0;0;0;111;72;12;19;24;25;2;0;1;1;0;0;0;2;0;0;0;0;2;0;3;3;3;0;44;7;1;4;4;0;1;0;1;0;0;0;2;0;1;0;0;0;0;1;0;2;1;2;73;13;30;3;8;3;0;11;4;0;25;3;0;0;0;0;0;0;1;1;1;0;0;43;5;0;0;0;0;0;2;0;0;0;0;1;1;1;0;3;9;1;0;0;0;1;0;0;0;1;0;0;0;1;0;0;2;0;0;0;0;0;0;0
5;"Tułowicki Ośrodek Kultury w Tułowicach, ul. Porcelanowa 8, 49-130 Tułowice";160912;"gm. Tułowice";"opolski";"opolskie";1;1;1;0;1;0;1;1;1;0;0;0;0;0;0;2;0;0;0;0;1;0;0;0;0;0;17;72;2;1;1;10;1;2;1;0;0;2;1;0;0;0;0;0;6;0;0;0;0;1;21;0;1;0;1;2;3;1;0;0;0;1;0;2;0;1;0;1;0;1;0;0;0;0;98;53;17;21;13;8;1;0;2;0;3;1;4;2;0;0;0;1;0;1;0;1;3;0;36;5;1;5;0;1;0;0;0;0;0;0;0;0;2;1;0;0;0;0;0;0;0;1;38;15;22;2;7;4;0;13;1;0;28;0;0;0;1;1;0;0;2;0;0;1;0;18;3;0;0;1;0;0;0;0;0;0;0;0;0;0;0;0;4;0;0;1;0;0;0;0;0;0;0;0;0;0;1;0;0;0;0;0;0;0;0;0
6;"Publiczna Szkoła Podstawowa w Tułowicach, ul. Porcelanowa 21, 49-130 Tułowice";160912;"gm. Tułowice";"opolski";"opolskie";1;1;1;0;0;0;0;2;0;0;0;1;0;0;0;0;0;0;0;0;0;0;0;0;0;2;11;73;2;1;0;4;2;0;1;0;0;1;0;1;0;0;1;0;14;0;1;0;1;0;18;2;3;2;0;2;0;0;3;0;0;1;1;1;0;1;0;0;1;0;0;0;0;0;154;49;14;30;27;14;2;0;1;3;1;1;3;0;0;0;0;0;1;1;10;0;6;0;36;2;1;7;2;4;0;1;1;1;0;0;0;0;1;2;0;0;0;2;1;2;0;1;63;16;39;1;7;0;1;9;2;1;49;0;0;0;0;4;0;0;0;1;0;1;0;40;5;0;1;0;0;0;1;0;0;1;0;0;0;0;0;0;2;0;0;0;0;0;0;0;0;0;1;0;0;0;0;0;0;0;0;0;0;0;0;3
1;"Zespół Szkolno-Przedszkolny, Bierdzany ul. Szkolna 1, 46-046 Ligota Turawska";160913;"gm. Turawa";"opolski";"opolskie";1;1;0;0;0;0;0;0;0;0;0;0;0;0;0;0;0;0;0;0;0;1;0;0;0;0;14;6;4;1;4;4;0;1;0;0;1;2;0;0;0;0;0;0;0;0;1;0;1;0;13;0;1;1;0;1;0;1;1;0;0;0;0;1;0;0;0;0;0;0;0;0;0;0;27;24;2;1;14;4;0;0;3;0;1;0;0;0;0;0;0;0;0;2;0;0;0;1;19;3;0;0;0;1;1;0;0;0;2;0;0;0;2;0;0;0;0;0;0;0;0;0;9;5;19;0;3;0;1;18;1;0;2;1;0;0;0;2;1;1;19;0;0;0;1;11;1;0;0;0;0;0;1;1;0;1;0;0;1;0;0;2;44;14;0;2;0;1;0;0;1;1;1;1;0;0;0;0;2;0;2;0;6;1;0;0
2;"Szkoła Podstawowa, Kadłub Turawski ul. Główna 12, 46-046 Ligota Turawska";160913;"gm. Turawa";"opolski";"opolskie";1;1;0;0;0;0;0;0;1;0;0;0;0;0;0;0;0;0;0;0;0;1;0;0;0;0;18;7;1;0;4;0;0;1;1;0;0;2;0;0;0;1;2;3;0;0;0;0;1;0;13;4;1;1;0;0;0;1;0;0;0;0;0;0;0;1;1;0;3;0;0;1;0;0;15;26;4;7;11;12;0;0;0;0;0;0;1;0;1;0;0;0;0;0;0;0;0;2;13;2;0;0;0;0;0;1;0;0;0;0;0;0;0;0;0;0;0;0;0;0;1;1;30;1;14;2;0;5;0;1;0;1;3;0;1;0;0;1;1;1;4;0;0;0;1;12;2;0;1;0;0;0;1;0;0;0;0;0;0;0;3;1;66;27;0;1;0;0;0;0;0;0;0;0;0;0;2;0;0;0;0;0;0;0;0;2
3;"Budynek byłej Szkoły Podstawowej, Kotórz Mały ul. 1 Maja 6, 46-045 Turawa";160913;"gm. Turawa";"opolski";"opolskie";1;1;1;0;1;0;0;0;0;0;0;1;1;0;0;0;0;0;0;0;0;0;0;0;0;3;25;22;2;1;12;6;3;1;1;1;1;4;0;2;0;4;1;1;1;0;0;0;0;1;21;4;1;0;1;1;2;1;0;2;0;0;0;1;0;3;2;0;0;0;0;1;0;2;37;24;9;6;11;2;0;0;0;1;0;0;0;0;0;0;0;1;0;1;0;0;0;0;20;1;6;5;1;1;0;0;0;0;0;0;0;0;1;0;0;0;0;0;0;0;0;0;66;22;70;1;6;11;1;14;3;0;7;0;0;0;0;5;0;4;5;0;0;0;0;14;2;1;0;1;0;0;0;0;0;0;0;0;0;0;0;0;36;16;1;0;2;4;0;0;7;0;0;0;0;0;0;0;0;0;0;2;1;0;0;1
4;"Szkoła Podstawowa, ul. Główna 32, 46-046 Ligota Turawska";160913;"gm. Turawa";"opolski";"opolskie";1;1;0;0;0;0;0;0;0;0;0;0;0;0;0;0;0;0;0;0;0;0;0;0;0;0;8;5;2;0;2;0;0;0;0;1;0;0;0;0;1;0;0;1;0;0;4;0;0;0;7;0;0;0;0;1;0;0;1;0;1;0;0;0;0;0;2;0;0;0;0;0;0;0;6;24;4;4;7;4;1;0;0;0;0;0;0;0;0;0;0;0;0;0;0;0;0;1;6;0;0;0;1;1;0;0;1;0;1;0;1;0;0;0;1;0;0;0;0;0;0;0;16;3;8;0;0;3;2;7;1;0;1;0;1;0;0;0;0;2;1;0;0;1;0;5;3;0;0;0;0;0;0;0;0;0;0;0;0;0;0;0;50;55;0;0;0;1;0;1;5;1;0;0;0;0;3;0;0;0;0;1;1;0;0;0
5;"Szkoła Podstawowa, ul. Fabryczna 1, 46-023 Osowiec";160913;"gm. Turawa";"opolski";"opolskie";1;1;1;0;1;0;0;0;1;0;0;0;0;0;0;0;0;0;0;0;0;1;0;0;0;1;30;12;9;2;8;1;1;0;1;3;1;8;0;1;0;0;1;0;0;0;4;0;0;0;27;2;3;8;0;0;5;1;0;0;0;1;1;0;0;5;2;0;1;0;0;1;1;0;51;36;6;22;26;8;1;0;0;0;0;0;1;0;0;0;0;0;0;1;2;0;0;0;25;2;3;2;2;1;1;0;0;0;0;0;0;0;0;0;0;0;0;0;0;1;0;2;70;21;52;1;1;5;3;19;1;4;1;1;0;0;0;6;0;0;9;0;2;2;1;36;8;1;0;0;0;1;0;1;0;0;0;0;1;0;0;0;17;9;0;0;0;2;0;0;0;0;0;0;0;0;0;0;0;0;0;1;12;0;0;1
6;"Hala Sportowa im. Joachima Halupczoka, ul. Opolska 47A, 46-045 Turawa";160913;"gm. Turawa";"opolski";"opolskie";1;1;3;0;0;0;1;0;0;0;1;0;3;1;0;0;0;0;0;0;0;0;0;0;1;7;36;31;10;0;11;4;0;0;2;0;0;3;2;1;0;0;0;1;1;0;2;0;0;0;53;4;2;4;0;1;1;1;0;0;0;2;3;1;1;3;0;1;0;0;0;1;0;0;41;37;3;16;18;5;0;0;1;0;0;0;0;0;0;1;1;0;1;0;0;0;0;1;25;0;1;3;2;0;3;0;1;0;0;0;1;0;1;1;0;0;0;1;0;0;0;0;110;54;82;3;2;6;1;17;4;1;13;0;0;0;1;10;2;0;1;3;2;5;0;29;8;0;0;1;0;0;0;0;0;0;0;0;0;0;0;1;19;8;2;1;1;2;0;0;1;0;0;0;0;0;1;0;0;0;0;1;7;0;0;0
7;"Budynek byłej Szkoły Podstawowej, Zakrzów Turawski ul. Główna 20, 46-046 Ligota Turawska";160913;"gm. Turawa";"opolski";"opolskie";1;1;0;1;0;0;0;3;0;0;0;0;0;0;0;0;0;0;0;0;0;0;0;0;0;1;5;3;0;0;1;2;0;0;3;2;1;0;3;0;0;0;0;0;0;0;0;0;0;0;6;1;0;0;1;0;1;0;0;0;0;1;0;0;1;1;1;0;0;0;0;0;0;0;15;15;8;5;6;3;0;0;1;0;0;0;0;0;0;0;0;0;0;2;3;0;1;1;13;0;2;0;0;0;0;0;0;0;0;0;0;0;0;0;1;0;0;0;0;0;0;0;14;4;6;1;0;0;2;6;0;0;4;1;0;0;0;0;1;2;1;0;0;0;0;10;0;0;0;0;0;0;0;0;0;0;0;0;0;0;5;0;17;8;1;0;0;0;0;0;0;0;0;0;0;0;3;0;0;0;0;0;0;0;0;0
8;"Szkoła Podstawowa, Zawada ul. Kolanowska 4, 46-022 Luboszyce";160913;"gm. Turawa";"opolski";"opolskie";1;1;6;0;0;0;0;0;1;1;0;1;0;0;0;0;0;0;0;0;0;1;0;0;0;40;49;39;17;2;11;4;1;4;2;2;2;6;3;2;1;0;0;0;2;0;2;1;1;1;38;4;5;1;1;3;4;0;1;0;0;0;0;0;0;3;0;0;0;0;1;1;0;4;42;41;8;14;44;25;0;0;0;2;0;2;0;0;0;0;0;1;0;1;1;0;0;1;31;11;1;5;1;0;0;0;1;1;2;1;0;0;0;1;0;0;0;1;0;2;0;0;78;27;106;6;0;7;1;21;7;0;10;2;1;1;0;1;0;11;11;0;0;1;0;50;18;0;2;2;0;0;0;0;1;0;1;0;0;0;0;1;43;30;2;1;0;2;0;0;0;2;0;0;0;0;1;0;1;0;2;0;2;0;0;0
9;"Remiza Ochotniczej Straży Pożarnej, Węgry ul. Opolska 11a, 46-023 Osowiec";160913;"gm. Turawa";"opolski";"opolskie";1;1;0;0;1;0;0;0;0;0;0;0;1;0;0;0;0;0;0;0;0;0;0;0;0;1;17;13;4;3;4;0;2;0;0;0;0;1;0;0;0;0;1;1;0;0;2;0;0;0;26;1;2;0;0;1;4;0;1;0;0;0;0;2;0;0;7;1;0;0;0;0;0;0;33;20;5;9;14;2;0;0;0;0;0;0;0;1;0;0;0;0;0;0;0;0;0;0;13;1;2;1;0;0;0;0;1;0;1;0;1;0;1;0;0;0;0;0;0;0;0;0;44;15;40;7;2;4;5;14;0;5;0;1;1;2;1;4;0;5;13;0;1;1;0;30;7;1;2;1;0;0;0;0;1;2;1;2;0;0;0;0;55;29;0;1;0;2;0;0;0;0;0;0;0;0;0;0;0;0;1;2;28;1;0;0
10;"Klub wiejski ""Pod Lipą"", Kotórz Wielki ul. Opolska 15, 46-045 Turawa";160913;"gm. Turawa";"opolski";"opolskie";1;1;2;0;0;0;0;0;0;0;0;0;0;0;0;0;0;0;0;0;0;0;0;0;0;1;9;9;1;0;1;2;1;1;0;0;1;0;0;0;0;0;0;1;1;0;0;0;0;0;13;0;0;0;1;0;1;0;0;0;0;2;0;0;0;0;0;0;0;0;0;0;1;0;11;12;2;1;15;1;0;0;1;0;0;1;0;0;0;0;0;0;0;0;0;1;1;0;7;0;2;0;0;1;0;0;0;0;0;0;0;1;1;0;0;0;0;0;0;0;0;0;14;11;16;0;3;1;0;3;3;0;0;1;0;0;0;0;0;2;2;0;0;1;0;8;2;0;0;0;0;0;0;0;0;0;0;0;0;0;0;0;17;6;0;1;0;0;0;0;0;0;0;0;0;0;0;0;0;0;0;0;0;0;0;0
11;"Areszt Śledczy w Opolu-Oddział Zewnętrzny Turawa, ul. Spacerowa 14, 46-045 Turawa";160913;"gm. Turawa";"opolski";"opolskie";1;1;0;0;0;0;0;0;0;1;0;0;0;0;0;1;0;0;0;0;0;0;0;0;0;0;7;0;1;2;1;0;0;0;0;0;0;0;2;1;0;0;0;0;0;0;2;0;0;0;4;1;0;0;0;0;0;0;0;1;0;0;0;1;2;1;0;0;1;0;0;0;0;0;10;0;1;0;0;0;0;0;0;0;0;0;0;1;0;0;0;0;0;0;0;0;0;0;2;0;2;0;2;1;1;1;0;0;0;0;0;0;0;0;0;0;1;0;0;0;0;0;33;3;1;3;2;2;1;1;0;0;2;0;0;0;2;0;0;1;0;0;0;0;0;0;1;0;0;0;0;0;0;0;0;0;0;0;0;0;0;0;1;0;0;0;0;0;0;0;0;0;0;0;0;0;0;0;0;0;0;0;0;0;0;0
12;"Dom Opieki Społecznej-Elwira Hentschel, ul. Wiejska 4, 46-045 Rzędów";160913;"gm. Turawa";"opolski";"opolskie";1;1;0;0;0;0;0;0;0;0;1;0;0;0;0;0;0;0;0;0;0;0;0;0;0;0;0;0;0;0;0;0;0;0;0;0;0;0;0;0;0;0;0;0;0;0;0;0;0;0;1;0;0;1;0;0;0;0;0;0;0;0;0;0;0;0;0;0;0;0;0;0;0;0;0;0;0;2;0;2;0;0;0;0;0;0;0;0;0;0;0;0;0;0;0;0;0;1;0;0;1;0;0;0;0;0;0;0;0;0;0;0;0;0;0;0;0;0;0;0;0;0;4;0;2;0;0;0;0;0;0;0;0;0;0;0;0;0;0;0;1;0;0;0;0;1;0;0;0;0;0;0;0;0;0;0;0;0;0;0;0;0;5;6;0;0;0;0;0;0;0;0;1;0;0;0;0;0;0;0;0;0;0;0;0;0
1;"Zespół Szkolno-Przedszkolny, (Szkoła Podstawowa), ul. Tysiąclecia 16, 48-210 Biała";161001;"gm. Biała";"prudnicki";"opolskie";1;1;1;0;0;0;0;0;1;2;0;0;1;0;0;0;0;0;0;0;0;1;0;0;0;0;14;7;0;3;3;1;1;0;0;0;2;2;0;0;0;1;0;0;1;0;1;0;0;0;14;2;1;0;0;0;2;1;0;0;0;0;0;1;0;1;0;0;0;0;0;0;0;0;24;30;27;9;5;5;0;0;1;1;2;0;1;0;0;0;0;0;0;0;0;0;0;1;9;0;3;1;1;0;1;0;2;0;1;0;0;1;5;0;0;0;0;0;0;0;0;1;28;8;22;1;4;3;0;3;1;1;5;0;0;0;0;1;0;12;1;6;2;0;0;6;5;1;1;0;0;1;0;0;0;1;0;0;1;0;0;1;68;4;17;1;1;2;0;9;0;0;0;0;1;0;0;0;0;0;1;0;0;3;0;2
2;"Urząd Miejski, rynek Rynek 10, 48-210 Biała";161001;"gm. Biała";"prudnicki";"opolskie";1;1;1;0;2;0;0;0;1;1;0;1;0;0;0;0;0;2;0;0;0;0;0;0;0;0;12;7;3;1;2;3;0;1;0;0;1;0;0;0;0;0;0;1;5;0;0;0;0;1;12;2;3;0;0;0;1;1;0;0;2;0;0;0;0;0;0;0;0;0;0;0;0;0;25;28;38;10;4;1;0;2;0;3;0;0;0;1;0;1;1;0;0;1;2;3;0;1;8;1;2;8;1;2;0;0;0;0;1;0;0;0;1;1;1;0;1;0;0;1;0;0;41;10;23;3;1;6;2;5;0;0;5;1;0;0;0;0;0;4;0;2;4;0;0;7;0;0;1;0;0;0;1;0;0;1;0;0;0;0;0;1;8;1;0;0;0;2;0;3;0;0;0;0;0;1;0;0;0;0;0;1;0;0;0;1
3;"Gminne Centrum Kultury, ul. Prudnicka 35, 48-210 Biała";161001;"gm. Biała";"prudnicki";"opolskie";1;1;0;1;0;0;0;0;1;0;2;1;0;0;0;0;0;1;0;0;0;0;0;0;0;0;19;2;3;1;4;2;0;0;0;0;1;2;0;0;0;0;1;1;0;0;1;0;0;1;14;0;0;3;1;0;1;0;0;0;0;0;0;2;0;0;0;0;0;0;0;0;0;0;15;19;23;4;2;1;0;0;0;0;0;0;0;0;0;0;0;0;0;0;0;0;0;0;10;2;3;3;1;2;0;0;1;0;0;0;1;0;0;2;0;0;0;1;0;1;0;0;39;9;31;3;4;2;1;1;1;0;1;3;0;0;0;0;0;0;1;0;0;0;0;13;2;0;0;0;0;0;0;0;0;0;0;0;0;0;2;0;14;2;1;0;0;1;0;7;0;0;0;0;0;0;0;0;0;0;0;0;0;0;0;0
4;"Wiejskie Centrum Kultury i Rekreacji, Chrzelice 177, 48-220 Łącznik";161001;"gm. Biała";"prudnicki";"opolskie";1;1;2;0;0;0;0;0;0;0;0;0;0;0;0;0;0;0;0;0;0;0;0;0;0;0;6;1;0;0;1;0;1;1;0;0;0;0;1;0;0;0;0;1;1;0;0;0;0;1;6;2;0;1;0;0;1;1;0;1;0;0;0;0;0;0;0;0;0;0;0;1;0;0;14;29;11;2;3;0;0;0;0;2;0;0;0;0;0;0;0;0;0;0;0;0;0;0;17;2;1;1;3;2;0;0;0;0;1;0;0;0;0;0;0;0;0;0;0;0;0;0;12;1;12;0;3;0;1;1;0;0;4;0;1;0;0;0;0;0;0;0;3;0;0;6;0;0;0;1;0;1;0;0;0;0;1;0;1;0;0;0;9;2;0;1;0;0;0;48;0;0;0;0;0;0;0;0;0;0;0;0;0;0;0;0
5;"Remiza OSP, ul. Sportowa 2a, 48-220 Łącznik";161001;"gm. Biała";"prudnicki";"opolskie";1;1;1;0;0;0;1;0;0;0;0;0;1;0;0;0;0;0;1;0;0;0;0;0;0;0;28;12;3;4;2;5;0;1;2;0;0;7;0;0;2;0;0;2;1;0;1;1;0;2;11;0;1;1;0;0;10;0;0;0;0;1;0;0;1;0;0;0;0;0;0;0;0;0;46;37;64;7;8;6;0;0;1;0;0;0;0;0;0;1;0;0;0;0;0;0;0;0;21;0;1;0;2;2;1;1;1;1;0;0;1;0;7;0;1;0;0;0;0;0;0;2;34;9;25;3;4;5;0;10;6;1;7;2;0;0;1;1;2;5;2;1;0;0;0;21;12;0;1;0;4;0;0;1;1;1;0;1;0;0;0;1;82;8;10;0;1;2;2;35;0;1;1;1;0;0;0;1;0;0;0;0;0;4;0;0
6;"Remiza OSP, Pogórze 160a, 48-220 Łącznik";161001;"gm. Biała";"prudnicki";"opolskie";1;1;2;1;0;0;0;0;0;0;0;0;0;0;0;0;0;0;0;0;0;0;0;0;0;0;14;3;2;0;3;1;0;0;0;1;0;0;0;0;0;0;0;1;0;0;0;0;0;0;2;2;0;0;0;0;0;0;1;2;0;0;0;0;0;0;0;0;1;0;0;1;0;0;21;22;41;3;7;3;1;0;0;0;0;0;1;0;0;0;1;0;0;0;1;0;0;1;13;2;1;1;0;0;0;0;0;0;0;0;0;0;0;0;0;0;0;0;0;0;0;2;16;3;11;1;6;0;1;2;1;0;3;0;0;0;0;0;0;11;2;1;0;2;1;7;4;0;1;0;0;0;0;0;0;0;0;0;1;1;1;0;47;2;6;2;0;4;0;30;0;0;0;1;0;0;0;0;0;0;0;0;0;0;0;2
7;"Remiza OSP, Grabina 62, 48-210 Biała";161001;"gm. Biała";"prudnicki";"opolskie";1;1;0;1;0;1;0;0;0;0;0;0;1;0;0;0;0;0;0;0;0;0;0;0;0;0;14;0;0;1;2;0;0;0;1;0;1;0;0;0;0;1;1;1;0;0;0;0;1;0;1;0;0;0;0;0;0;0;0;0;0;0;1;0;0;1;0;0;0;0;0;0;0;0;16;10;25;6;8;3;0;0;0;0;0;0;0;0;1;0;0;0;0;0;0;0;0;0;10;4;0;0;3;0;0;0;0;0;0;0;0;0;0;0;1;0;0;0;0;1;0;0;3;4;5;0;1;0;0;0;0;0;0;0;0;0;0;0;1;2;0;0;0;0;0;6;1;0;0;0;0;0;1;0;0;0;0;0;0;3;0;0;14;3;1;0;0;0;1;20;0;2;0;0;6;0;0;0;0;0;0;0;0;0;0;0
8;"Świetlica Wiejska, Ligota Bialska 12, 48-210 Biała";161001;"gm. Biała";"prudnicki";"opolskie";1;1;0;0;0;0;0;1;0;0;0;0;0;0;0;0;0;0;0;0;0;0;0;0;0;0;11;5;0;0;0;0;0;0;0;0;0;0;1;0;0;0;0;0;0;0;0;1;0;1;1;2;0;0;0;1;0;0;0;0;0;1;0;0;0;0;0;0;0;0;0;1;0;0;11;12;29;3;2;0;0;0;0;0;0;0;0;0;1;0;0;0;0;0;0;0;0;1;8;2;2;0;1;1;0;0;1;0;0;2;0;0;2;0;0;0;0;0;0;0;0;0;6;2;5;0;0;0;0;0;0;0;3;0;0;0;0;0;0;4;0;0;0;0;0;4;1;0;0;0;0;0;1;0;5;0;0;0;0;1;0;0;15;2;4;1;0;2;3;2;1;0;0;0;1;0;0;0;0;1;0;0;0;0;0;1
9;"Szkoła Podstawowa, Śmicz 106, 48-210 Biała";161001;"gm. Biała";"prudnicki";"opolskie";1;1;0;0;0;0;0;0;0;0;0;0;0;0;0;0;0;0;1;0;0;0;0;0;0;0;8;4;0;2;0;0;0;0;2;0;0;1;0;1;0;0;0;1;0;0;0;0;1;0;3;0;0;2;0;0;1;0;0;0;0;0;0;0;0;0;0;0;0;0;0;0;0;0;9;15;28;1;1;4;0;0;0;0;0;0;0;0;0;0;0;0;0;0;0;0;0;0;1;0;2;0;0;2;0;0;0;0;0;1;0;0;0;1;0;0;0;0;0;0;0;0;8;3;6;0;0;1;0;0;0;0;0;0;0;0;0;1;0;2;1;0;0;0;0;2;1;0;0;0;0;0;0;0;0;1;0;0;0;0;0;2;38;3;4;1;0;2;3;14;0;0;1;0;0;0;0;0;0;0;1;0;0;3;0;1
10;"Sala Samorządu Mieszkańców, Olbrachcice 69a, 48-210 Biała";161001;"gm. Biała";"prudnicki";"opolskie";1;1;0;0;0;0;0;0;0;0;0;0;0;0;0;0;0;0;0;0;0;2;0;0;0;0;6;3;0;2;4;1;2;0;1;0;0;0;0;0;0;0;2;0;0;0;0;0;0;0;5;0;0;0;0;0;0;0;0;0;0;0;0;0;0;0;0;1;0;0;0;1;0;0;15;6;18;1;2;0;0;0;1;0;0;0;0;1;0;0;0;0;0;0;0;0;0;0;8;1;2;1;0;0;0;0;0;0;0;0;1;0;0;0;0;0;0;0;0;0;0;1;6;1;10;1;2;2;0;0;0;0;0;0;0;0;0;0;0;0;2;1;0;0;0;6;1;0;1;0;0;0;0;0;0;1;0;0;0;0;0;0;19;1;4;0;0;4;3;10;0;0;1;0;1;0;0;0;0;0;0;0;0;0;1;2
11;"Sala Samorządu Mieszkańców, Gostomia 82c, 48-210 Biała";161001;"gm. Biała";"prudnicki";"opolskie";1;1;0;0;0;0;0;0;0;0;0;0;0;0;0;0;0;0;0;0;0;0;0;0;0;0;4;4;0;1;0;0;2;0;0;0;0;1;0;0;0;0;0;0;0;0;0;0;0;0;5;1;0;0;0;0;0;0;0;0;0;0;0;0;0;0;0;0;0;0;0;1;0;0;3;2;7;5;2;1;1;0;0;0;0;0;0;0;0;1;0;1;0;0;0;1;0;0;9;1;0;0;1;0;0;1;1;0;1;0;0;0;0;1;0;0;0;0;0;0;0;0;24;2;6;5;3;1;0;3;2;0;1;0;0;0;0;0;0;9;0;1;1;0;0;8;0;0;2;0;0;0;0;0;0;1;0;0;0;0;0;0;15;2;8;0;0;1;6;7;0;0;1;0;2;0;0;0;0;0;0;0;0;0;0;5
12;"Sala Samorządu Mieszkańców, Rostkowice 37, 48-210 Biała";161001;"gm. Biała";"prudnicki";"opolskie";1;1;0;0;0;0;0;0;1;0;0;0;0;0;0;0;0;0;0;0;0;1;0;0;1;1;2;1;0;0;0;2;0;1;1;0;0;0;0;1;0;2;1;1;0;0;0;0;0;0;1;2;0;0;0;0;0;0;0;1;0;0;1;0;0;0;0;0;0;0;0;0;1;0;5;3;9;3;3;1;0;0;0;0;0;0;0;0;0;0;0;0;0;0;0;0;0;0;3;2;1;0;0;1;0;0;0;0;0;0;0;0;0;0;0;0;0;0;0;0;1;0;9;4;3;1;2;0;0;0;0;0;0;0;0;0;0;0;0;9;0;7;0;0;0;5;1;2;0;0;0;0;1;0;0;0;2;0;0;0;0;0;25;8;7;3;0;2;3;8;0;0;1;0;0;0;1;0;0;0;1;0;1;0;0;1
13;"Remiza OSP, Nowa Wieś Prudnicka 51b, 48-210 Biała";161001;"gm. Biała";"prudnicki";"opolskie";1;1;0;0;0;1;0;0;0;0;0;0;0;0;0;0;0;0;0;0;0;1;0;0;0;0;17;2;0;5;0;1;0;0;0;0;0;2;0;1;0;0;0;0;0;0;1;0;0;0;3;0;0;0;0;0;1;0;0;0;0;1;0;0;0;0;0;0;0;0;0;0;0;0;12;9;35;1;8;1;0;0;0;0;0;0;0;0;0;0;0;0;0;0;0;0;0;0;11;5;2;2;0;1;0;0;0;0;0;0;0;0;0;0;0;0;0;0;0;0;0;1;17;1;14;0;1;1;2;1;2;0;0;1;0;0;0;0;0;19;0;1;0;0;0;7;0;0;0;0;0;1;0;0;0;0;0;0;1;0;0;0;17;2;17;0;1;1;1;1;1;0;0;0;3;0;0;0;0;0;0;0;0;0;0;3
14;"Sala Samorządu Mieszkańców, Solec 36, 48-210 Biała";161001;"gm. Biała";"prudnicki";"opolskie";1;1;0;0;0;0;0;0;0;0;0;0;0;0;0;0;0;0;0;0;0;0;0;0;0;1;11;2;0;3;2;0;0;0;0;0;0;1;0;0;0;0;0;0;0;0;0;0;0;0;0;0;0;0;0;0;0;0;0;0;0;0;0;0;0;0;0;0;0;0;0;0;0;0;11;11;20;1;0;0;0;1;0;0;0;1;0;0;0;0;0;0;0;0;0;0;0;0;2;0;0;1;1;0;0;0;1;0;0;0;0;0;0;1;1;0;0;0;0;0;0;0;7;5;5;1;0;0;3;0;0;0;2;0;0;0;2;0;0;8;2;2;0;0;0;4;2;0;0;0;0;0;0;0;0;0;0;0;0;0;0;0;24;10;2;1;0;1;5;4;0;0;0;0;0;0;0;0;0;0;0;0;0;0;0;1
15;"Sala Samorządu Mieszkańców, Prężyna 70a, 48-210 Biała";161001;"gm. Biała";"prudnicki";"opolskie";1;1;1;0;2;1;0;0;1;0;1;0;0;0;0;0;0;0;0;0;0;0;0;0;0;3;7;2;0;1;1;1;0;0;0;0;0;0;1;0;0;0;0;1;0;0;0;0;0;0;4;0;0;1;0;0;0;0;0;0;1;0;0;3;1;0;0;0;0;0;0;0;0;0;9;4;20;1;4;0;0;0;0;0;1;0;0;0;0;0;0;0;1;0;0;0;0;1;4;2;0;0;0;0;0;0;0;0;1;0;0;0;0;0;0;0;0;0;0;0;0;0;12;3;3;1;2;0;0;1;0;0;2;0;0;0;0;0;0;3;0;2;0;0;0;3;0;0;0;0;0;0;0;0;0;0;0;0;0;0;0;0;11;1;0;0;0;0;0;9;1;0;0;0;0;0;0;0;0;0;0;1;0;0;0;0
16;"Sala Samorządu Mieszkańców, Kolnowice 76, 48-210 Biała";161001;"gm. Biała";"prudnicki";"opolskie";1;1;2;2;1;0;2;0;0;0;0;1;0;0;0;1;0;0;0;0;0;0;0;0;0;1;9;3;0;5;0;0;0;0;0;0;0;0;0;0;0;1;1;0;0;0;0;0;0;0;5;1;0;1;0;0;1;0;1;0;0;0;0;1;0;1;0;0;0;0;0;0;0;0;20;17;39;5;4;1;0;1;0;0;2;0;1;0;0;0;0;0;0;0;3;0;0;0;7;1;1;2;0;0;0;0;0;0;0;0;0;0;1;2;0;0;0;0;0;0;0;0;9;4;11;2;0;0;3;0;2;1;3;0;0;0;0;0;0;0;0;0;0;0;0;6;0;0;0;0;0;0;0;0;0;0;1;0;0;2;0;0;3;0;1;0;0;0;0;1;1;0;0;0;0;0;0;0;0;0;0;0;0;0;0;0
17;"Świetlica Wiejska w Brzeźnicy, Brzeźnica 10, 48-220 Łącznik";161001;"gm. Biała";"prudnicki";"opolskie";1;1;0;1;0;0;0;0;0;0;0;0;0;0;0;0;0;0;0;0;0;0;0;0;0;0;6;0;2;0;0;2;0;0;0;0;0;1;0;0;0;0;0;0;0;0;0;0;0;0;2;0;0;1;0;0;0;0;0;0;0;0;0;1;0;0;0;0;0;0;0;0;0;0;4;4;3;0;0;1;0;0;0;0;0;0;0;0;0;0;0;0;0;0;0;0;0;0;5;0;3;2;0;1;0;1;0;1;0;0;0;0;0;0;0;0;0;0;0;0;0;0;6;4;3;0;0;0;0;2;3;0;0;0;0;0;0;0;0;1;0;0;0;0;1;6;1;1;0;0;0;0;0;0;0;0;0;0;0;0;0;0;6;1;1;0;0;0;0;16;0;0;0;0;1;0;1;0;0;0;0;0;0;0;0;0
18;"Świetlica Wiejska w Radostyni, Radostynia 12a, 48-210 Biała";161001;"gm. Biała";"prudnicki";"opolskie";1;1;1;0;0;0;0;0;0;0;1;0;0;0;0;0;0;0;0;0;0;0;0;0;0;0;11;6;1;2;1;2;0;0;0;1;0;1;0;0;0;0;1;0;1;0;1;0;0;0;1;0;0;0;0;0;0;0;0;0;0;0;0;0;0;0;1;0;0;0;0;1;0;0;8;7;17;2;0;2;0;0;0;0;0;0;0;0;0;0;0;0;0;0;0;1;0;4;5;1;0;0;0;0;0;0;1;0;0;0;0;0;0;0;0;0;0;0;0;0;0;0;7;1;8;1;3;3;0;0;1;0;0;2;0;0;0;0;0;0;0;0;0;0;0;1;0;0;0;0;1;0;0;0;1;0;0;0;0;0;0;0;11;1;12;0;0;0;0;8;0;0;0;3;0;0;0;0;0;0;0;0;0;0;0;1
19;"Zespół Opieki Zdrowotnej w Białej-Szpital im. Świętej Elżbiety, ul. Moniuszki 8, 48-210 Biała";161001;"gm. Biała";"prudnicki";"opolskie";1;1;1;0;0;0;0;0;0;1;1;0;0;0;0;0;0;0;1;0;0;0;0;0;0;0;0;0;0;0;0;1;0;0;0;0;0;0;0;0;0;0;0;1;0;0;0;0;0;0;2;0;0;1;0;0;0;0;0;0;0;0;0;0;0;0;0;0;0;0;0;0;0;0;4;2;10;1;1;0;1;0;0;0;0;0;0;0;0;0;0;0;0;0;0;0;0;1;0;0;0;1;0;0;0;0;0;0;0;0;0;0;0;0;0;0;0;0;0;0;0;0;2;0;1;0;1;0;0;0;0;0;0;0;0;0;0;0;0;0;0;0;0;0;0;1;0;0;0;0;0;0;0;0;0;0;0;0;0;0;0;0;1;0;0;0;0;0;1;1;0;0;0;0;1;0;0;0;0;0;0;0;0;0;0;0
1;"Świetlica Oracze, ul. Głubczycka 45A, 48-250 Głogówek";161002;"gm. Głogówek";"prudnicki";"opolskie";1;1;2;0;0;0;0;1;0;0;0;0;1;0;0;0;0;0;0;0;0;2;0;0;0;0;13;0;1;0;1;3;1;0;0;0;2;3;0;0;0;1;1;1;0;0;0;0;0;0;15;2;0;0;0;0;2;0;2;0;0;1;0;0;1;0;0;0;0;0;2;1;0;0;25;25;43;14;16;3;0;0;1;0;14;0;0;0;0;0;1;0;0;1;0;0;0;0;16;0;0;2;2;0;0;2;0;0;0;0;0;2;2;0;0;1;0;0;0;0;2;2;17;3;13;0;0;2;3;0;0;0;0;1;1;2;0;0;0;1;6;82;0;0;2;10;3;0;0;0;0;0;0;0;0;0;0;0;0;0;0;0;19;10;52;1;0;1;8;1;0;0;0;0;10;0;0;0;0;0;2;0;0;0;1;0
2;"Centrum Kultury w Głogówku, ul. Batorego 10, 48-250 Głogówek";161002;"gm. Głogówek";"prudnicki";"opolskie";1;1;3;2;3;0;1;3;0;0;1;0;1;0;0;1;0;0;0;1;0;1;0;0;0;0;46;11;2;2;4;3;2;0;3;2;2;6;0;0;0;3;1;2;0;1;0;0;1;3;28;2;2;3;2;0;1;0;2;1;0;0;0;0;0;0;0;0;0;0;0;2;0;0;79;45;65;20;21;4;1;0;0;1;65;0;0;0;0;0;0;0;0;0;2;0;0;0;33;7;5;4;2;3;0;0;1;2;3;0;2;1;2;1;1;0;2;0;0;0;0;0;59;15;57;5;0;3;7;1;2;2;0;1;3;2;8;3;2;3;0;164;2;0;0;17;3;0;4;0;2;0;0;0;1;0;0;0;0;0;0;0;22;8;49;0;2;1;6;0;0;1;5;2;18;0;0;0;0;0;0;0;0;0;0;2
3;"Strzelnica Sportowa, ul. Winiary 1, 48-250 Głogówek";161002;"gm. Głogówek";"prudnicki";"opolskie";1;1;0;0;0;0;1;0;0;0;0;0;0;0;0;0;0;1;1;0;0;0;1;0;0;0;18;6;2;1;1;2;0;0;0;0;0;0;0;0;0;0;0;0;1;0;0;0;0;1;7;1;0;1;0;0;0;0;1;0;0;0;0;3;2;1;0;0;0;0;0;0;0;0;19;7;20;7;6;0;0;0;0;0;21;0;0;0;2;0;0;0;0;0;0;0;0;0;8;0;2;1;0;1;0;0;1;0;1;0;1;0;1;0;1;0;0;0;0;0;1;1;28;2;11;0;1;0;0;2;1;0;1;0;0;2;5;0;0;2;0;59;1;0;0;6;1;0;1;2;0;0;0;0;0;0;0;1;0;0;0;0;14;3;16;0;0;0;1;0;1;0;0;0;4;0;0;0;0;0;1;0;0;0;0;0
4;"Ośrodek Pomocy Społecznej, al. Lipowa 6B, 48-250 Głogówek";161002;"gm. Głogówek";"prudnicki";"opolskie";1;1;1;3;0;0;0;0;0;1;0;0;3;0;1;1;0;0;0;0;0;0;0;0;0;1;31;9;4;3;1;1;0;0;0;2;0;2;0;0;1;3;1;0;0;0;0;0;0;1;19;1;1;2;0;0;0;0;0;0;0;0;1;3;0;1;0;2;0;0;1;0;0;0;61;21;43;11;16;1;0;0;0;0;35;0;0;0;0;1;0;1;0;0;0;0;3;1;23;2;3;6;0;4;0;1;1;0;1;0;1;0;1;0;0;0;0;1;0;1;0;0;41;17;31;1;0;0;4;1;1;0;2;0;0;1;4;2;1;4;0;111;1;0;0;13;4;1;0;1;0;0;1;0;0;1;0;0;0;0;2;3;11;3;17;0;0;0;2;0;0;0;1;1;4;0;0;0;0;0;1;0;0;0;1;0
5;"Szkoła Podstawowa, Racławice Śląskie ul. Zwycięstwa 21, 48-250 Głogówek";161002;"gm. Głogówek";"prudnicki";"opolskie";1;1;0;2;1;1;3;2;0;0;2;0;1;0;0;0;0;0;0;0;0;1;0;1;1;2;26;7;8;1;8;0;1;1;0;0;0;6;0;0;0;0;1;0;0;0;1;1;0;0;35;4;6;1;2;0;4;0;0;1;1;0;0;0;1;1;0;0;0;0;0;0;0;0;64;19;121;27;31;7;0;1;0;8;14;0;0;0;0;0;0;0;0;0;0;0;0;0;23;3;0;2;1;1;1;0;3;0;1;0;2;0;1;1;0;0;0;0;0;0;0;1;37;14;31;3;4;2;5;1;2;0;0;0;1;1;19;0;0;1;2;33;0;1;0;5;9;0;0;1;0;0;1;0;0;0;0;0;0;0;1;0;0;0;0;0;0;0;1;0;0;0;0;0;0;0;0;0;0;0;0;0;0;0;0;0
6;"Straż Pożarna, Dzierżysławice 21, 48-250 Głogówek";161002;"gm. Głogówek";"prudnicki";"opolskie";1;1;0;0;0;0;0;0;0;0;0;0;0;0;0;0;0;0;1;0;0;0;0;0;0;0;4;0;0;0;4;0;0;0;0;0;0;1;0;0;0;1;0;0;0;0;0;0;0;1;3;0;0;0;0;0;0;0;0;0;0;0;0;0;0;0;0;0;0;0;0;0;0;0;10;5;17;3;3;2;0;1;0;0;5;0;0;0;0;0;0;0;0;1;0;0;0;1;6;0;0;0;0;0;0;0;0;0;1;0;0;0;0;0;0;0;0;0;0;0;0;0;7;2;2;1;1;2;0;0;0;0;0;1;0;1;0;0;0;0;2;12;0;0;0;0;2;4;0;0;0;0;0;0;0;0;0;0;0;0;0;0;20;2;16;0;0;1;3;0;0;0;0;0;8;0;1;0;0;0;0;0;0;0;0;1
7;"Świetlica, Mochów 84, 48-250 Głogówek";161002;"gm. Głogówek";"prudnicki";"opolskie";1;1;0;0;0;0;0;0;0;0;1;0;0;0;0;1;0;0;0;0;0;0;0;0;0;0;7;0;0;0;0;0;0;0;0;0;0;1;0;0;0;1;0;0;0;0;0;0;1;0;5;0;0;1;0;0;0;0;0;0;0;0;0;0;0;0;2;0;0;0;0;0;0;0;9;13;7;3;1;0;1;0;0;0;8;0;0;0;0;0;0;0;0;0;0;1;0;0;7;2;1;0;0;0;1;0;0;0;2;0;0;0;0;0;0;0;0;0;0;0;0;0;9;1;4;0;0;1;4;0;0;0;0;0;1;0;1;0;1;2;1;19;0;0;0;12;0;0;1;0;0;0;0;0;0;0;0;0;0;0;0;0;20;1;12;0;0;2;2;0;0;0;1;0;3;0;0;0;0;0;0;0;0;1;0;1
8;"Straż Pożarna, Wierzch 107, 48-250 Głogówek";161002;"gm. Głogówek";"prudnicki";"opolskie";1;1;0;0;0;0;0;0;1;0;0;0;0;0;0;0;0;0;0;0;0;3;0;0;0;0;2;0;0;0;1;0;0;0;0;1;0;1;0;0;0;0;0;1;0;0;1;0;0;0;1;0;0;0;0;0;0;0;0;0;1;0;0;0;0;0;0;0;1;1;0;0;0;0;7;4;14;4;1;1;6;1;0;0;13;0;0;0;0;0;0;0;0;0;0;1;0;1;3;0;2;0;0;0;0;0;0;0;0;0;0;0;0;0;0;0;0;0;0;0;0;0;7;2;10;1;0;0;2;0;1;0;1;1;0;0;0;0;0;0;0;4;0;0;0;4;1;1;0;0;0;0;0;0;1;0;0;0;0;0;0;1;22;3;20;0;0;2;2;1;0;0;0;0;9;0;0;0;0;0;0;0;0;0;3;0
9;"Świetlica, Golczowice 2, 48-250 Głogówek";161002;"gm. Głogówek";"prudnicki";"opolskie";1;1;2;0;0;0;0;0;1;0;0;0;0;0;0;0;0;0;0;0;0;0;0;0;0;0;5;0;0;0;0;1;0;0;0;0;0;0;0;0;1;0;0;0;0;0;1;0;0;0;2;0;1;0;0;0;0;0;0;0;0;0;0;0;0;0;0;0;0;0;0;0;0;0;15;8;15;3;5;0;0;0;0;0;11;0;0;0;0;0;0;0;0;0;0;0;0;0;2;0;1;0;0;0;0;0;0;0;0;0;0;0;0;0;0;0;0;0;0;0;0;0;7;3;3;0;0;0;1;1;1;0;0;1;0;0;0;0;0;18;0;11;0;0;0;1;1;0;0;0;0;0;0;0;0;0;0;0;0;0;0;0;5;1;6;0;1;0;0;0;0;0;0;0;2;0;0;0;0;0;0;0;0;0;0;0
10;"Świetlica, Kierpień 80A, 48-250 Głogówek";161002;"gm. Głogówek";"prudnicki";"opolskie";1;1;1;0;0;0;1;0;0;0;0;0;1;0;0;1;0;0;0;0;0;1;0;0;0;0;5;1;1;0;3;1;0;0;0;0;0;2;0;0;1;0;0;0;2;0;0;0;0;0;0;0;1;0;0;0;0;0;0;1;0;0;0;1;0;0;0;1;0;0;0;0;0;0;12;6;7;0;0;0;0;0;2;0;6;0;0;0;0;0;0;0;0;0;0;0;0;1;4;0;0;0;0;0;0;0;0;0;2;0;0;0;0;1;0;0;0;0;0;0;0;0;8;0;3;1;0;1;1;0;0;0;0;0;0;2;0;0;0;3;3;26;2;0;0;7;4;0;1;0;0;0;0;0;0;0;0;0;0;0;1;0;35;4;20;1;1;4;9;1;0;0;0;1;8;2;0;0;0;0;0;0;0;0;0;2
11;"Przedszkole, Szonów 33, 48-250 Głogówek";161002;"gm. Głogówek";"prudnicki";"opolskie";1;1;2;1;1;0;0;0;0;0;1;0;1;0;0;1;0;1;0;0;0;0;0;0;0;1;8;1;1;0;1;1;0;0;1;0;0;1;0;1;0;0;1;0;0;0;1;0;0;1;3;2;0;1;0;0;0;1;0;0;2;0;0;0;0;0;1;0;0;0;0;0;0;1;22;14;27;18;55;6;2;2;2;1;29;0;1;0;1;1;0;0;0;0;0;0;0;0;14;2;0;7;1;1;1;0;2;1;1;0;1;0;1;0;1;0;0;0;0;1;1;1;13;1;5;2;1;0;2;0;0;0;0;1;0;1;4;0;0;0;0;13;0;0;0;2;6;1;0;0;0;0;0;0;1;1;0;0;0;0;0;0;0;3;0;0;0;0;4;0;0;0;0;0;0;0;0;0;0;0;0;0;0;0;0;0
12;"Świetlica, Kazimierz 99, 48-250 Głogówek";161002;"gm. Głogówek";"prudnicki";"opolskie";1;1;1;0;0;0;0;0;0;1;0;0;0;0;0;0;0;0;1;0;0;0;0;0;0;0;2;7;0;2;2;0;0;1;0;2;0;3;0;0;0;1;0;0;1;0;0;0;0;0;3;0;1;0;0;0;0;0;0;0;0;0;0;0;0;0;0;0;0;0;0;2;0;1;20;17;13;11;6;1;0;2;0;1;23;0;0;0;0;0;1;0;0;0;0;0;1;0;9;0;1;0;1;0;0;0;0;0;1;1;0;0;1;0;1;0;0;0;0;0;0;0;6;0;4;0;0;0;6;1;0;0;1;1;0;0;2;0;0;0;0;17;0;0;0;2;0;0;0;0;0;0;0;0;0;0;0;0;0;0;0;1;2;0;0;0;0;1;0;0;0;0;0;0;2;0;0;0;0;0;0;0;0;0;0;0
13;"Szkoła Podstawowa, Biedrzychowice 110, 48-250 Głogówek";161002;"gm. Głogówek";"prudnicki";"opolskie";1;1;0;0;0;0;0;1;0;0;0;0;0;0;0;0;1;0;0;1;0;0;0;0;0;0;7;3;2;0;0;1;0;0;0;0;2;0;0;0;0;0;0;0;0;0;0;0;0;0;6;1;2;2;0;0;2;0;0;0;0;0;0;0;0;0;0;0;0;0;0;0;0;0;16;6;12;6;11;0;0;0;0;0;5;0;0;0;0;1;0;0;0;0;1;0;0;1;13;0;0;1;0;2;0;0;0;1;0;0;0;0;1;0;0;0;0;0;0;0;0;0;15;7;6;2;1;1;4;0;0;0;0;0;1;1;0;0;0;1;0;25;1;0;0;4;1;0;0;0;0;0;0;0;0;0;0;0;0;1;0;0;22;1;11;1;0;1;5;0;0;0;3;1;48;0;0;0;0;0;0;0;0;0;0;1
14;"Przedszkole, Stare Kotkowice ul. Sudecka 27, 48-250 Głogówek";161002;"gm. Głogówek";"prudnicki";"opolskie";1;1;0;1;0;0;0;0;0;0;0;0;0;0;0;0;0;0;0;0;0;0;0;0;0;0;9;1;0;0;2;0;0;0;0;1;1;1;0;1;0;1;0;0;0;0;0;0;0;0;7;0;0;0;0;0;1;1;0;0;0;0;0;0;1;1;0;0;0;0;1;0;0;0;16;11;16;1;7;3;0;0;0;1;8;0;0;0;0;0;0;0;0;0;0;0;0;0;10;1;1;0;0;1;0;2;0;0;1;0;0;0;0;0;0;0;0;0;0;0;0;0;7;1;16;1;1;0;6;0;0;0;1;0;1;0;0;0;0;1;0;20;0;0;0;8;0;0;0;0;0;0;0;0;0;0;0;0;0;0;0;0;24;2;15;0;0;1;9;0;0;1;2;0;3;0;0;0;0;0;0;0;0;0;0;1
15;"Świetlica, Wróblin 47a, 48-250 Głogówek";161002;"gm. Głogówek";"prudnicki";"opolskie";1;1;1;0;0;0;0;0;0;0;0;0;0;0;0;0;0;0;0;0;0;0;0;0;0;0;3;1;1;0;0;0;0;0;1;0;0;0;0;0;0;0;0;0;0;0;0;0;0;0;2;0;0;3;0;0;0;0;0;0;0;0;0;0;0;0;0;0;0;0;0;0;0;0;8;5;7;1;7;1;0;0;0;1;1;0;0;0;0;0;0;0;0;0;0;0;0;0;5;0;2;3;1;0;0;0;0;0;0;0;0;0;0;0;0;0;0;0;0;1;0;0;12;1;5;1;2;0;7;0;0;0;0;0;0;0;0;0;0;2;2;7;0;0;0;5;0;0;0;0;0;0;0;0;0;0;0;0;0;0;0;0;10;1;11;0;0;1;6;0;0;0;5;0;9;1;0;0;0;0;0;0;0;0;0;1
16;"Szkoła Podstawowa, Twardawa ul. Kozielska 6, 48-250 Głogówek";161002;"gm. Głogówek";"prudnicki";"opolskie";1;1;0;0;0;0;0;0;0;0;2;0;0;0;1;0;0;0;0;0;0;0;0;0;0;0;22;1;1;2;0;2;0;0;0;1;1;0;0;0;0;2;1;1;0;0;0;0;0;1;7;1;0;2;0;0;2;0;0;0;3;2;0;0;0;1;0;2;0;0;0;0;0;0;21;18;14;11;22;4;0;1;2;0;12;1;0;2;0;1;0;0;0;1;0;0;0;4;27;1;1;3;1;1;1;0;0;0;0;0;2;0;1;0;0;0;0;1;0;2;0;0;36;7;11;2;2;1;31;4;1;0;2;1;1;1;0;0;0;0;1;28;0;0;0;13;1;1;0;0;3;0;3;1;0;0;0;0;1;0;0;0;18;3;9;1;0;0;0;0;9;0;6;0;12;1;0;1;0;0;0;0;0;0;0;1
17;"Świetlica w Mionowie, Mionów 23A, 48-250 Głogówek";161002;"gm. Głogówek";"prudnicki";"opolskie";1;1;0;0;0;0;0;0;0;0;0;0;0;0;0;0;0;1;0;0;0;0;0;0;0;0;1;0;0;0;0;0;0;0;0;0;0;0;0;0;0;0;0;0;0;0;0;0;0;0;2;0;0;0;0;0;0;0;0;0;0;0;0;0;0;0;0;0;0;0;0;0;0;0;8;3;7;0;0;1;0;0;0;0;4;0;0;0;0;0;0;0;0;0;0;0;0;0;3;0;0;0;0;1;0;0;0;0;0;0;0;0;1;0;0;0;0;0;0;0;0;0;7;1;3;0;0;0;0;1;0;0;1;0;0;0;0;0;0;5;1;0;0;0;0;1;1;0;1;0;0;0;0;0;0;0;0;0;0;0;0;0;12;3;25;0;1;0;0;0;0;0;1;0;6;0;0;0;0;1;0;0;0;0;0;3
18;"Świetlica w Rzepczu, Rzepcze 19, 48-250 Głogówek";161002;"gm. Głogówek";"prudnicki";"opolskie";1;1;0;0;0;0;0;0;0;0;0;0;0;0;0;0;0;0;0;0;0;0;0;0;0;0;7;0;0;0;0;1;0;0;0;0;0;0;0;0;0;0;0;0;0;0;0;0;0;0;1;0;0;0;0;0;0;0;0;0;0;0;0;0;0;0;0;0;0;0;0;0;0;0;2;6;6;0;1;0;0;0;0;0;0;0;0;0;0;0;0;0;0;1;0;0;0;1;2;1;0;1;0;0;0;0;0;0;0;0;0;0;0;0;0;0;0;0;0;0;0;0;8;1;14;1;0;0;1;0;1;0;1;0;0;0;0;0;0;0;3;7;1;0;0;10;0;0;0;0;0;0;0;0;0;0;0;0;0;0;0;0;15;7;6;0;0;2;0;0;0;0;0;0;1;0;0;0;0;1;0;0;0;0;0;0
1;"Niepubliczna Szkoła Podstawowa w Dytmarowie, Dytmarów 1a/1, 48-231 Lubrza";161003;"gm. Lubrza";"prudnicki";"opolskie";1;1;0;0;0;0;1;0;0;1;2;0;0;0;0;1;0;0;1;0;0;0;1;0;0;0;24;0;3;2;1;3;0;0;0;1;0;0;0;0;0;0;1;0;0;2;0;0;0;0;13;1;1;1;1;0;0;0;1;0;0;0;0;0;0;0;0;0;0;0;0;0;0;1;19;13;41;0;2;0;0;0;1;1;2;0;0;0;0;0;0;0;0;0;0;0;0;0;11;1;2;5;0;2;2;0;1;2;1;0;2;1;0;0;0;0;0;0;0;0;0;0;17;7;17;2;6;2;2;3;1;0;7;1;0;0;1;1;0;1;1;4;0;0;0;2;3;1;0;0;0;0;0;0;2;0;0;0;0;0;0;0;2;2;0;0;1;0;0;0;0;0;0;0;0;0;0;0;0;0;0;0;0;0;0;0
2;"Świetlica Wiejska, Jasiona 2A, 48-200 Prudnik";161003;"gm. Lubrza";"prudnicki";"opolskie";1;1;1;0;0;0;0;0;0;0;0;1;0;0;0;0;0;0;0;0;0;0;0;0;1;0;4;0;10;1;2;0;0;0;0;1;0;2;0;0;0;0;0;1;0;0;0;0;3;0;2;0;0;0;0;0;0;0;0;0;0;0;0;0;0;1;0;0;0;0;1;0;0;1;25;12;12;3;1;0;0;0;1;0;0;0;0;0;0;0;1;0;0;0;0;0;0;0;5;1;0;0;0;0;0;0;0;0;0;0;0;0;0;0;0;0;0;0;0;0;0;0;21;2;6;0;4;0;0;0;0;0;0;0;0;0;0;2;0;0;0;1;0;0;0;1;2;0;0;1;0;0;0;1;0;0;0;0;0;0;0;0;1;0;0;0;0;0;0;0;0;0;0;0;0;0;0;0;0;0;0;0;0;0;0;0
3;"Klub w Krzyżkowicach, Krzyżkowice 49/6, 48-231 Lubrza";161003;"gm. Lubrza";"prudnicki";"opolskie";1;1;0;0;0;0;0;1;0;0;0;0;0;0;0;0;0;0;0;0;0;0;0;0;0;0;9;0;0;0;0;0;1;0;0;0;0;0;0;0;0;0;0;0;0;0;1;0;0;0;6;0;0;0;0;0;0;0;0;0;0;0;0;0;0;1;0;0;0;0;0;0;0;0;4;2;20;1;2;0;0;0;0;0;0;0;0;0;0;0;0;0;0;0;0;0;0;0;0;0;0;0;0;0;0;0;0;0;0;0;0;0;0;0;0;0;0;0;0;0;0;0;10;0;5;0;2;0;1;0;0;0;0;0;0;0;0;0;0;0;0;1;0;0;0;20;0;1;1;0;0;0;0;0;0;0;0;0;0;0;0;0;0;0;0;0;0;0;0;0;0;0;0;0;1;0;0;0;0;0;0;0;0;0;0;0
4;"Urząd Gminy w Lubrzy-świetlica na parterze, ul. Wolności 73, 48-231 Lubrza";161003;"gm. Lubrza";"prudnicki";"opolskie";1;1;1;0;0;0;0;0;1;0;1;0;1;0;0;0;0;0;0;0;0;5;0;0;0;0;33;19;13;15;10;2;0;0;1;2;2;6;0;1;0;4;0;1;0;3;0;0;1;1;20;1;1;2;1;0;1;0;0;0;1;1;0;0;0;0;0;2;1;0;0;0;0;0;26;10;124;9;8;0;0;0;0;0;4;1;0;1;0;0;0;0;0;0;0;0;0;0;23;1;5;4;1;0;2;1;3;0;6;0;0;0;1;0;0;0;0;0;0;0;1;0;30;5;38;1;6;4;4;1;0;0;3;0;1;0;0;0;0;0;1;10;0;0;0;12;5;0;0;1;0;0;0;0;0;1;0;0;1;0;1;0;0;1;0;0;0;0;0;0;0;0;0;0;0;0;1;0;0;0;0;0;0;0;0;0
5;"Remiza Ochotniczej Straży Pożarnej, Nowy Browiniec 10, 48-231 Lubrza";161003;"gm. Lubrza";"prudnicki";"opolskie";1;1;0;0;0;0;0;0;0;0;0;0;0;0;0;0;0;0;0;0;0;13;0;0;0;0;1;0;0;0;0;1;0;0;0;2;0;0;0;0;0;0;0;1;0;0;1;0;0;0;0;0;0;0;0;0;0;0;0;0;0;0;0;0;0;0;0;0;0;0;0;0;0;0;11;8;22;0;3;5;0;0;0;1;0;0;0;0;0;1;0;0;0;0;0;0;0;0;3;0;1;0;0;1;1;1;0;0;0;0;0;1;0;0;0;0;0;0;0;0;0;0;11;2;4;0;3;0;1;1;0;3;1;1;0;2;0;0;0;2;0;10;0;0;0;4;2;0;1;0;0;0;0;0;0;0;0;0;0;0;0;0;19;6;9;2;0;2;3;5;0;0;11;0;0;0;0;0;0;0;0;0;0;0;0;1
6;"Wiejski Dom Kultury, Olszynka 36b, 48-231 Lubrza";161003;"gm. Lubrza";"prudnicki";"opolskie";1;1;0;0;0;0;2;1;0;0;0;0;0;0;0;0;0;0;0;0;0;2;0;0;0;0;6;4;0;2;0;1;1;0;0;0;0;0;0;0;0;0;0;1;0;0;1;0;0;0;4;0;0;0;0;0;0;0;0;0;0;0;0;0;0;0;0;0;0;0;0;0;0;0;24;11;62;2;5;1;0;0;1;0;0;0;0;0;0;0;0;0;0;0;0;0;0;0;8;1;0;1;0;0;0;1;0;0;1;0;1;0;0;0;0;0;0;0;0;0;0;0;7;3;5;0;10;2;1;0;2;0;1;1;0;0;0;0;0;0;0;3;0;0;0;2;3;1;0;0;0;0;0;1;0;0;0;0;0;0;0;0;0;0;1;0;0;0;0;0;0;0;0;0;0;0;0;1;0;0;0;0;0;0;0;0
7;"Wiejski Dom Kultury, Prężynka 2, 48-231 Lubrza";161003;"gm. Lubrza";"prudnicki";"opolskie";1;1;1;0;0;0;0;0;0;0;0;0;0;0;0;0;0;0;2;0;0;1;0;0;0;0;4;0;1;0;5;2;0;0;1;0;0;0;0;0;0;0;0;1;0;0;0;0;0;1;2;0;3;0;0;1;0;0;1;0;0;2;0;0;0;0;0;0;0;0;0;0;0;0;18;22;41;7;5;1;0;0;0;0;2;0;0;0;0;0;0;0;0;0;0;0;0;4;6;1;0;0;0;1;1;0;2;0;1;0;1;0;1;0;0;0;0;0;0;0;0;0;10;3;1;0;1;0;0;2;0;0;2;0;0;0;0;0;0;1;1;0;1;0;0;4;0;1;0;0;0;0;0;0;0;0;0;0;0;0;0;0;0;0;0;0;0;0;0;1;0;0;0;0;0;0;0;0;0;0;0;0;1;0;0;0
8;"Wiejski Dom Kultury, Skrzypiec 34, 48-231 Lubrza";161003;"gm. Lubrza";"prudnicki";"opolskie";1;1;1;0;0;1;2;1;0;0;1;0;0;0;0;0;0;0;0;0;0;2;0;0;0;0;18;3;2;2;0;5;0;0;0;0;0;1;0;0;1;0;0;0;1;1;0;0;0;0;5;0;0;1;0;0;1;1;0;0;0;0;0;0;0;0;0;1;0;0;0;1;0;3;13;14;51;7;2;2;1;0;0;1;0;0;0;0;0;1;0;0;0;0;0;0;0;1;3;0;0;2;1;0;1;0;3;0;0;0;0;1;0;0;0;0;0;0;0;1;0;0;16;3;11;0;6;2;1;1;0;0;0;0;1;0;0;0;0;0;0;0;0;1;0;2;8;0;0;0;0;0;1;0;0;0;0;0;0;0;0;0;1;0;0;0;0;0;0;0;0;0;0;0;0;0;0;0;0;0;0;0;0;0;0;0
9;"Remiza Ochotniczej Straży Pożarnej, Trzebina 125, 48-200 Prudnik";161003;"gm. Lubrza";"prudnicki";"opolskie";1;1;3;0;1;0;0;1;0;0;0;0;0;0;0;0;0;0;0;0;0;0;0;1;1;1;20;10;7;5;4;3;2;0;0;0;0;7;0;1;0;0;3;1;2;0;1;0;2;0;18;3;2;0;0;1;0;4;3;1;0;0;1;0;0;0;0;0;1;1;0;0;0;1;38;18;91;4;16;1;3;0;0;0;7;0;0;0;0;0;0;0;0;1;0;0;1;0;14;4;2;1;2;0;0;3;3;0;1;0;0;0;1;0;0;0;0;1;0;0;1;0;23;6;25;4;5;2;2;1;1;0;2;0;0;0;1;0;1;1;0;5;0;3;0;3;6;1;0;2;0;0;1;0;0;0;1;0;0;0;0;1;1;1;0;0;0;0;0;0;0;0;0;0;0;0;0;0;0;0;0;0;1;0;0;0
1;"Zespół Szkół Medycznych, ul. Piastowska 26, 48-200 Prudnik";161004;"gm. Prudnik";"prudnicki";"opolskie";1;1;3;1;1;0;0;2;0;1;2;0;0;0;1;0;0;0;0;0;0;0;0;0;0;1;24;7;12;5;4;5;4;2;1;0;1;2;1;1;1;1;3;0;2;0;0;0;0;4;45;0;5;1;0;0;0;3;2;0;0;0;0;0;1;1;0;0;0;0;1;0;1;1;68;36;158;12;11;4;1;2;1;1;4;0;0;0;0;0;1;1;0;1;0;1;0;2;24;5;4;3;1;2;0;1;2;1;2;2;2;2;0;0;0;0;0;1;0;0;0;0;79;21;46;4;22;10;1;2;1;1;7;2;2;0;1;0;0;0;1;8;4;0;0;8;8;2;2;0;0;0;0;0;1;2;0;2;0;0;0;0;2;0;0;0;0;0;0;1;0;0;0;0;1;0;0;0;0;0;0;0;0;0;0;0
2;"Środowiskowy Dom Samopomocy, ul. Parkowa 6, 48-200 Prudnik";161004;"gm. Prudnik";"prudnicki";"opolskie";1;1;1;2;0;0;0;1;0;0;0;0;0;1;1;0;1;0;0;1;0;0;0;0;2;2;39;3;14;5;2;1;1;1;0;0;1;4;1;0;2;0;1;0;2;0;1;1;2;1;40;2;3;1;0;1;1;1;3;3;0;2;1;0;0;2;0;1;2;1;0;0;0;0;52;27;125;15;6;3;1;1;0;2;5;0;0;0;1;0;0;0;0;0;0;0;0;4;9;6;5;5;2;0;0;1;3;1;2;0;0;0;1;0;1;0;0;1;0;0;0;5;63;29;64;3;5;10;1;4;3;2;1;1;1;2;1;1;0;1;1;12;7;0;0;9;3;1;0;2;1;0;0;0;1;1;0;1;1;0;0;0;1;2;0;0;0;0;0;0;0;0;0;0;1;0;0;0;0;0;0;0;0;0;0;1
3;"Powiatowe Centrum Pomocy Rodzinie w Prudniku, ul. Kościuszki 55 A, 48-200 Prudnik";161004;"gm. Prudnik";"prudnicki";"opolskie";1;1;0;4;2;0;1;1;0;0;0;0;0;0;1;1;1;0;0;1;0;0;0;0;1;2;47;13;17;10;4;2;2;1;0;1;0;6;1;3;2;2;3;1;1;0;3;4;1;3;43;4;5;1;1;0;2;4;0;1;2;0;1;0;0;2;0;0;2;0;0;1;3;2;54;19;136;16;14;0;0;0;0;0;14;0;0;0;0;1;0;0;1;0;0;0;0;4;29;4;3;5;2;0;0;1;1;0;0;1;1;0;0;1;0;0;0;0;0;2;0;0;97;36;99;8;20;6;6;4;1;4;8;3;1;0;0;2;0;1;4;23;7;0;0;27;8;2;2;0;4;0;0;0;0;1;0;3;1;0;1;1;5;0;0;0;0;0;0;0;0;0;0;0;0;0;0;0;0;0;0;0;0;0;0;0
4;"Szkolne Schronisko Młodzieżowe, ul. Dąbrowskiego 26, 48-200 Prudnik";161004;"gm. Prudnik";"prudnicki";"opolskie";1;1;2;2;1;0;1;1;0;0;1;1;0;0;1;1;0;0;0;1;0;0;0;0;1;0;33;6;13;7;3;3;1;0;1;0;2;3;0;0;0;1;1;0;0;0;0;0;0;1;40;2;4;2;1;0;0;0;2;1;1;0;0;1;0;0;0;0;0;0;0;0;0;1;47;18;95;10;4;3;0;1;1;0;1;0;1;1;1;0;0;0;0;0;0;0;0;1;23;0;3;1;1;1;0;1;0;0;0;1;1;0;1;0;0;0;0;0;0;1;0;0;61;27;40;2;8;3;5;3;1;0;2;0;3;0;4;1;1;0;0;15;2;0;1;15;7;0;0;1;0;1;0;1;2;1;0;0;0;1;0;0;0;0;1;0;0;0;0;0;0;0;0;0;3;0;0;0;0;0;0;0;0;0;0;0
5;"Świetlica Spółdzielni Mieszkaniowej, ul. Kardynała Stefana Wyszyńskiego 1a, 48-200 Prudnik";161004;"gm. Prudnik";"prudnicki";"opolskie";1;1;2;0;0;0;0;3;0;0;1;0;0;1;0;0;0;1;1;0;0;0;1;0;0;1;33;11;13;2;6;2;0;1;0;0;0;6;1;0;0;1;1;0;0;0;2;0;0;2;26;3;4;1;0;0;1;1;2;0;1;0;1;1;0;0;1;1;0;0;0;0;1;2;58;29;131;12;6;3;0;0;2;3;4;0;0;1;0;0;0;0;0;0;0;0;0;2;19;1;1;2;0;1;2;0;1;1;2;0;1;0;1;0;0;0;0;0;0;0;0;1;99;19;41;6;5;5;2;2;0;0;5;0;0;1;3;2;1;0;1;4;1;0;0;10;2;0;1;1;0;0;1;1;1;0;0;0;0;0;0;0;0;0;0;0;0;0;0;1;0;0;0;0;0;0;0;0;0;0;0;0;0;0;0;0
6;"Centrum Tradycji Tkackich, ul. Królowej Jadwigi 23, 48-200 Prudnik";161004;"gm. Prudnik";"prudnicki";"opolskie";1;1;0;1;2;0;2;0;0;1;1;1;0;0;0;0;0;0;0;0;0;0;0;0;1;0;14;11;6;4;5;5;1;0;3;3;1;3;1;0;0;1;0;0;1;0;2;0;1;2;22;1;0;4;1;0;2;1;3;0;1;1;1;1;0;1;0;1;2;0;0;0;1;0;40;24;115;8;6;3;0;1;0;2;5;0;0;0;1;1;0;0;0;0;1;0;0;4;9;1;3;5;4;0;0;0;2;0;1;1;2;1;0;2;0;0;0;0;0;0;0;0;53;12;26;5;4;5;1;3;2;1;1;2;0;0;1;1;0;2;0;7;4;0;1;8;0;0;0;2;0;0;0;0;1;0;1;0;0;0;0;0;0;0;0;0;0;0;0;0;0;0;0;0;1;0;0;0;0;0;0;0;0;0;0;0
7;"Publiczna Szkoła Podstawowa Nr 1, ul. Armii Krajowej 1, 48-200 Prudnik";161004;"gm. Prudnik";"prudnicki";"opolskie";1;1;2;2;0;0;0;1;0;0;0;0;2;1;0;1;0;0;0;1;0;0;0;1;0;0;19;5;10;2;0;3;1;1;1;1;1;9;0;2;0;0;3;3;1;0;2;1;0;1;32;1;2;2;0;2;3;1;4;1;0;1;0;2;0;2;2;1;0;1;0;0;0;1;62;43;119;10;9;3;0;0;1;3;3;0;0;0;0;0;1;0;3;0;0;1;0;2;24;2;2;7;3;2;1;2;2;0;1;0;1;0;0;0;0;0;0;0;0;1;0;2;63;26;32;2;7;3;3;1;4;1;6;0;0;1;0;1;1;0;2;9;2;0;0;17;3;3;1;7;0;0;0;0;1;0;0;0;0;0;1;3;0;1;0;0;1;0;0;0;0;0;0;0;1;0;0;0;0;0;0;0;0;0;0;0
8;"Specjalny Ośrodek Szkolno-Wychowawczy, ul. Młyńska 1, 48-200 Prudnik";161004;"gm. Prudnik";"prudnicki";"opolskie";1;1;1;1;0;0;2;1;0;0;0;0;0;0;0;3;1;0;0;0;1;0;0;0;0;1;23;11;6;2;3;10;2;0;0;1;0;5;4;0;3;1;5;1;0;0;0;1;1;3;27;1;5;4;2;1;4;1;3;0;0;3;1;2;0;3;0;3;0;0;0;0;0;2;81;29;169;12;9;3;3;0;0;0;5;0;0;0;0;0;0;0;1;0;0;0;0;2;28;2;2;12;5;3;1;3;9;0;2;0;1;0;4;2;1;0;0;0;0;1;0;1;56;15;27;7;13;2;1;3;2;0;13;1;3;0;1;1;0;2;0;8;4;0;0;7;4;3;0;2;0;0;0;1;1;1;0;0;0;1;0;0;3;0;1;0;0;0;0;3;0;0;0;1;1;0;0;0;0;0;0;0;0;0;0;1
9;"Miejska i Gminna Biblioteka Publiczna, ul. Mickiewicza 1, 48-200 Prudnik";161004;"gm. Prudnik";"prudnicki";"opolskie";1;1;2;0;0;1;0;2;0;0;1;0;0;0;0;0;0;0;0;0;0;1;0;0;0;0;33;4;6;3;2;3;0;1;0;1;1;1;0;0;0;2;3;0;1;0;2;0;1;1;27;1;0;3;0;1;1;0;1;0;0;1;3;1;0;0;1;1;3;0;0;3;0;0;56;46;120;12;7;2;0;0;2;0;2;2;0;2;0;0;0;0;0;1;1;0;0;2;19;3;7;5;2;8;2;1;2;1;1;0;1;0;1;0;1;0;1;0;0;1;2;1;73;16;35;2;16;7;1;1;1;0;7;2;1;0;0;0;0;1;1;15;2;1;0;8;4;0;0;0;0;0;1;1;0;1;0;0;0;0;2;0;1;0;0;0;0;0;0;3;0;0;0;0;0;0;0;0;0;0;0;0;0;0;0;0
10;"Powiatowe Centrum Kształcenia Praktycznego, ul. Prężyńska 3 - 5 - 7, 48-200 Prudnik";161004;"gm. Prudnik";"prudnicki";"opolskie";1;1;1;3;1;0;0;0;1;0;0;0;0;0;0;0;1;0;0;0;0;2;0;0;1;0;37;7;12;2;3;8;1;1;0;1;0;5;0;4;0;0;1;1;1;0;1;0;0;1;30;2;3;1;0;0;1;2;2;0;0;0;1;4;2;4;1;0;0;0;0;0;1;0;59;43;122;18;4;4;0;1;1;3;3;0;0;0;0;0;1;1;0;1;0;0;6;0;26;3;4;4;2;2;0;0;3;2;0;1;0;1;4;0;0;0;0;1;0;0;0;1;80;26;51;3;12;3;1;2;4;0;4;0;0;2;0;0;0;0;0;3;1;4;0;14;4;0;0;2;1;0;0;1;0;1;0;0;0;1;1;0;1;0;0;0;0;0;0;2;0;0;0;0;0;0;0;0;0;0;0;0;0;0;0;0
11;"Centrum Kształcenia Zawodowego i Ustawicznego, ul. Podgórna 5, 48-200 Prudnik";161004;"gm. Prudnik";"prudnicki";"opolskie";1;1;0;0;2;0;0;0;1;1;1;1;0;0;0;0;0;0;0;0;1;0;0;0;0;4;25;10;16;9;7;9;2;2;1;3;0;3;0;2;1;2;2;0;2;0;1;0;1;3;41;2;4;1;1;2;1;0;3;0;0;0;0;2;0;2;0;0;0;1;0;0;0;1;62;32;121;17;9;8;0;3;0;0;14;0;1;0;0;1;0;0;0;1;2;0;0;3;11;1;3;2;2;1;0;0;2;0;0;0;1;0;1;0;0;1;0;0;0;0;0;0;88;20;41;2;8;4;1;1;2;0;2;0;2;1;0;0;0;0;0;10;0;0;0;7;10;1;0;0;0;0;0;1;0;0;0;0;0;0;0;0;2;0;3;1;0;1;0;0;0;0;0;0;1;0;0;0;0;0;0;0;0;0;0;0
12;"Szkoła Podstawowa Nr 1, ul. Podgórna 9, 48-200 Prudnik";161004;"gm. Prudnik";"prudnicki";"opolskie";1;1;2;0;0;0;1;1;0;1;1;0;0;0;0;0;1;0;0;1;0;0;0;0;0;0;44;8;25;2;1;2;1;0;3;1;0;5;0;0;0;1;0;2;1;0;2;0;1;2;24;6;0;2;0;0;3;1;1;0;0;0;1;4;0;3;0;0;0;0;0;0;0;0;73;49;127;14;13;4;1;0;1;1;11;1;0;1;0;0;1;0;0;0;0;0;2;4;13;1;4;7;4;1;2;3;6;1;1;0;3;0;1;0;1;0;2;0;2;1;0;0;82;18;39;8;14;5;1;1;0;0;1;0;0;0;2;1;0;0;1;16;3;0;0;10;9;0;0;3;1;0;1;3;0;0;0;1;0;1;2;0;2;1;2;0;0;0;0;0;0;0;0;0;0;0;0;0;0;0;0;0;0;0;0;0
13;"Publiczne Przedszkole Nr 6, ul. Podgórna 9a, 48-200 Prudnik";161004;"gm. Prudnik";"prudnicki";"opolskie";1;1;2;2;1;0;0;1;1;0;0;0;0;0;0;0;0;0;1;0;0;3;0;0;0;1;38;7;12;7;5;4;0;0;0;1;0;2;0;2;0;0;0;3;1;0;1;0;0;3;38;1;3;1;3;0;4;2;2;0;1;1;2;4;0;3;1;1;0;0;0;0;2;0;100;39;120;17;2;3;0;1;2;2;7;0;0;0;0;0;0;0;1;0;0;0;0;3;23;0;5;7;0;0;0;0;4;0;1;1;1;0;2;0;1;0;1;1;0;1;0;0;89;22;46;4;12;5;6;1;1;0;7;2;1;0;0;1;0;0;0;14;3;0;9;0;8;0;2;1;0;0;0;0;0;2;0;0;0;0;0;0;3;0;0;0;0;0;0;0;0;0;1;0;0;0;0;0;0;0;0;0;0;0;0;0
14;"Kompleks Sportowy na osiedlu Jesionowe Wzgórze, ul. Podgórna 7, 48-200 Prudnik";161004;"gm. Prudnik";"prudnicki";"opolskie";1;1;0;0;0;0;0;1;0;0;1;1;0;0;1;2;0;0;0;0;1;0;0;0;0;0;28;10;15;6;2;5;0;0;1;1;0;4;1;0;0;2;2;2;3;0;1;0;2;4;37;4;3;3;0;0;1;0;1;0;0;0;0;1;0;2;0;1;1;0;0;1;0;2;81;39;170;16;15;1;0;0;0;0;4;0;1;0;0;0;0;0;0;0;1;1;1;7;15;0;4;7;1;2;0;0;0;0;1;1;0;0;3;3;0;0;0;1;0;0;1;0;87;24;32;2;9;3;1;0;3;0;3;3;1;2;0;1;0;2;2;7;2;0;0;3;5;1;0;0;0;0;1;1;3;0;1;0;0;0;0;0;0;1;1;0;0;0;0;2;0;0;0;0;0;0;0;0;0;0;0;1;0;0;0;0
15;"Szkoła Podstawowa, Moszczanka 166, 48-200 Prudnik";161004;"gm. Prudnik";"prudnicki";"opolskie";1;1;2;0;0;1;0;0;0;0;0;0;0;1;0;0;1;0;0;0;0;5;0;0;0;0;30;5;7;2;2;5;0;1;0;0;0;1;0;2;0;0;3;0;0;0;1;0;0;3;20;0;3;5;1;0;1;1;1;0;1;0;1;0;0;1;0;0;1;0;1;1;0;1;23;8;258;3;3;1;1;0;1;0;2;0;0;1;0;0;1;0;0;0;0;2;0;0;16;0;3;6;0;0;0;0;2;1;0;1;0;0;1;1;0;0;0;1;0;0;0;1;24;6;20;4;12;3;6;1;0;1;4;1;1;0;0;0;1;0;0;10;4;0;0;6;6;0;0;1;0;0;1;0;2;0;1;0;2;0;0;1;0;0;0;0;0;0;0;0;0;0;0;0;0;0;0;0;0;0;0;0;0;0;0;0
16;"Szkoła Podstawowa, Rudziczka 266, 48-200 Prudnik";161004;"gm. Prudnik";"prudnicki";"opolskie";1;1;0;0;0;1;0;0;3;0;0;0;0;0;0;0;0;0;0;0;0;0;0;0;0;0;5;9;1;4;1;5;0;0;0;2;1;2;0;0;1;2;1;2;0;0;0;0;0;1;8;0;4;0;0;0;1;0;0;0;0;0;2;1;0;2;0;0;0;0;0;0;0;1;30;19;151;9;5;1;0;0;1;0;2;0;0;0;0;0;0;0;0;0;0;0;0;2;13;2;1;5;4;0;0;0;1;0;4;0;0;0;1;0;1;1;0;0;0;2;0;0;32;8;14;3;11;7;3;3;4;0;1;2;0;0;0;0;0;1;0;1;1;0;0;8;5;0;2;0;0;0;0;1;1;2;0;2;1;0;0;0;0;0;0;0;0;0;0;0;0;0;0;0;0;0;0;0;0;0;0;0;0;0;0;0
17;"Centrum Sportowe, Niemysłowice 131a, 48-200 Prudnik";161004;"gm. Prudnik";"prudnicki";"opolskie";1;1;1;0;0;1;1;0;0;0;0;1;1;0;0;0;0;0;0;0;0;0;0;0;1;0;13;4;1;3;0;2;1;0;0;0;0;1;1;0;0;0;0;0;1;0;0;0;0;0;7;0;0;0;2;0;2;1;0;0;0;0;0;0;0;2;0;0;0;0;0;0;0;0;24;13;128;12;1;2;0;1;1;2;2;0;1;0;0;0;0;0;0;0;1;0;0;3;8;1;3;6;1;2;0;0;2;0;0;0;0;0;0;1;0;0;0;1;0;0;0;1;20;5;4;2;16;0;1;2;0;0;1;1;1;0;1;1;0;1;0;5;0;0;0;3;6;0;0;2;0;0;0;0;1;0;1;0;0;0;0;0;0;1;0;0;0;0;0;0;0;0;0;0;0;0;0;0;0;0;0;0;0;0;0;0
18;"Wiejski Dom Kultury w Łące Prudnickiej, Łąka Prudnicka ul. Nad Złotym Potokiem 52, 48-200 Prudnik";161004;"gm. Prudnik";"prudnicki";"opolskie";1;1;3;1;4;0;0;1;0;2;1;2;0;0;2;0;0;0;1;0;0;2;0;0;0;2;48;6;11;3;3;3;0;0;0;1;0;6;0;0;1;2;1;2;2;0;1;0;1;0;26;1;1;2;0;1;5;0;2;0;1;0;1;1;0;1;0;2;0;0;1;0;0;0;61;21;187;17;11;2;0;0;1;1;3;1;0;0;1;0;0;0;1;0;2;1;0;1;46;6;8;7;0;2;0;1;4;0;2;1;1;1;2;1;0;1;1;1;0;2;0;2;58;13;27;3;18;4;1;6;1;0;9;1;0;2;0;2;0;0;3;5;5;2;0;14;3;2;1;0;0;0;0;0;4;0;1;0;2;0;0;0;0;0;0;0;0;0;2;1;1;0;0;0;0;1;0;0;0;0;0;0;0;0;0;0
19;"Wiejski Dom Kultury, Mieszkowice 145, 48-200 Prudnik";161004;"gm. Prudnik";"prudnicki";"opolskie";1;1;1;0;0;0;0;0;0;0;0;0;0;0;0;0;0;0;0;0;0;0;0;0;0;0;5;1;0;1;0;0;0;0;0;0;0;0;0;0;0;0;0;0;0;1;0;0;0;0;5;2;0;2;1;0;0;0;0;0;0;0;0;0;0;0;0;0;0;0;0;0;0;0;24;17;87;2;2;2;1;0;0;0;0;1;0;0;0;0;0;0;0;0;0;0;0;0;10;0;2;5;1;0;0;0;1;0;3;0;1;1;1;0;0;0;0;0;0;0;0;0;6;2;9;0;0;2;0;0;0;0;0;2;0;1;0;0;0;0;0;0;0;0;0;0;1;0;0;0;1;0;0;1;0;0;0;0;0;0;0;0;0;0;0;0;0;0;0;0;0;0;0;0;0;0;0;0;0;0;0;0;0;0;0;0
20;"Szkoła Podstawowa, Szybowice 72, 48-200 Prudnik";161004;"gm. Prudnik";"prudnicki";"opolskie";1;1;1;0;0;0;0;0;0;0;0;0;0;0;0;1;1;0;0;0;0;0;0;0;0;0;16;1;6;4;4;3;1;0;1;1;2;3;0;0;0;1;3;1;0;1;0;1;0;1;12;3;0;1;0;2;1;0;3;0;1;0;0;0;0;0;0;0;0;0;1;0;0;0;39;28;208;10;21;1;0;0;1;0;1;1;0;0;0;0;0;0;0;0;0;0;0;0;21;2;1;6;1;0;0;2;4;0;1;2;1;0;1;1;0;0;0;1;0;0;0;0;16;5;8;1;7;5;0;1;0;0;2;0;1;0;0;0;0;0;0;0;4;2;1;2;3;0;1;0;1;0;0;1;1;1;0;0;0;0;0;0;1;0;2;0;0;0;0;0;0;0;0;0;0;0;0;0;0;0;0;0;0;0;0;1
21;"Wiejski Dom Kultury, Wierzbiec 5, 48-200 Prudnik";161004;"gm. Prudnik";"prudnicki";"opolskie";1;1;1;0;0;0;0;0;0;0;0;0;0;0;0;1;0;0;0;0;0;0;0;1;0;1;5;0;3;0;1;1;0;0;0;0;0;0;0;0;0;0;0;0;0;0;0;0;0;0;3;0;0;1;0;0;1;0;0;0;0;0;0;0;0;1;0;1;0;0;0;1;0;0;6;3;12;2;4;0;0;0;0;0;0;0;0;0;0;0;0;0;0;0;0;0;0;0;3;0;3;0;0;0;0;0;0;0;0;0;0;0;0;0;0;0;0;0;0;0;0;0;9;1;1;1;2;0;1;0;1;0;0;0;0;0;0;0;0;0;0;0;3;0;0;2;0;0;0;0;0;0;0;0;0;0;0;0;0;0;0;0;1;0;0;0;0;0;0;0;0;0;0;0;0;0;0;0;0;0;0;0;0;0;0;0
22;"Wiejski Dom Kultury, Czyżowice 57, 48-200 Prudnik";161004;"gm. Prudnik";"prudnicki";"opolskie";1;1;2;0;0;0;0;2;1;0;0;0;0;0;0;0;0;0;0;0;0;0;0;0;0;0;3;3;1;1;1;0;0;1;0;0;0;0;0;0;0;0;0;0;0;0;0;0;0;0;5;0;0;0;0;0;0;0;0;0;0;0;0;1;0;0;0;0;0;0;0;0;0;0;10;10;58;3;10;0;0;0;0;0;0;0;0;0;0;0;0;0;0;0;0;0;0;1;14;1;0;1;1;1;0;0;1;0;0;0;0;0;0;0;0;0;0;0;1;0;3;0;3;1;5;0;2;0;0;1;1;1;2;0;1;0;0;0;0;0;0;1;0;0;0;6;3;0;0;0;0;0;0;0;0;0;0;0;0;0;0;0;0;0;0;0;0;0;0;0;0;0;0;0;0;0;0;0;0;0;0;0;0;0;0;0
23;"Wiejski Dom Kultury, Piorunkowice 53, 48-200 Prudnik";161004;"gm. Prudnik";"prudnicki";"opolskie";1;1;0;0;0;0;0;0;0;0;0;0;0;0;0;1;0;0;0;0;0;0;0;0;0;0;3;0;0;5;0;1;0;0;0;0;0;0;0;0;0;0;0;0;0;0;0;0;2;2;5;0;0;0;0;0;0;0;0;0;0;0;0;1;0;0;1;0;0;0;0;0;0;0;10;8;30;0;3;0;0;0;0;0;1;0;0;0;0;0;0;0;0;0;0;0;0;0;2;1;0;1;0;2;0;0;0;0;1;0;0;0;0;0;0;0;0;0;0;0;0;0;5;1;4;0;1;2;0;0;0;0;0;0;0;1;0;0;0;0;0;0;0;0;0;0;1;0;0;0;0;0;0;0;0;0;0;0;0;0;0;0;0;0;0;0;0;0;0;0;0;0;0;0;0;0;0;0;0;0;0;0;0;0;0;0
24;"Prudnickie Centrum Medyczne S. A., ul. Piastowska 64, 48-200 Prudnik";161004;"gm. Prudnik";"prudnicki";"opolskie";1;1;0;0;0;0;0;1;0;0;0;0;0;0;0;0;0;0;0;0;0;0;0;0;0;0;0;0;0;0;0;0;0;0;0;0;0;0;0;0;0;0;0;0;0;0;0;0;0;0;0;0;0;0;0;0;0;0;0;0;0;0;0;0;0;0;0;0;0;0;0;0;0;0;1;0;0;0;0;0;0;0;0;0;0;0;0;0;0;0;0;0;0;0;0;0;0;0;0;0;0;0;0;0;0;0;0;0;0;0;0;0;1;0;0;0;0;0;0;0;0;0;1;0;1;0;0;0;0;0;0;0;0;0;0;0;0;0;0;0;0;0;0;0;0;0;0;0;0;0;0;0;0;0;0;0;0;0;0;0;0;0;0;0;0;0;0;0;0;1;0;0;0;0;0;0;0;0;0;0;0;0;0;0;0;0
25;"Dom Pomocy Społecznej w Prudniku, ul. Młyńska 11, 48-200 Prudnik";161004;"gm. Prudnik";"prudnicki";"opolskie";1;1;0;0;0;0;1;0;1;0;1;0;0;0;0;0;0;0;0;0;0;0;0;0;0;0;0;0;1;0;0;0;0;0;0;0;0;0;0;0;0;0;0;0;0;0;0;0;0;0;0;0;0;0;0;0;0;0;0;0;0;0;0;0;0;0;0;0;0;0;0;0;0;0;7;1;10;3;0;0;0;0;0;0;0;0;0;0;0;0;0;0;0;0;0;0;0;0;0;0;0;0;0;0;0;0;0;0;0;0;0;0;0;0;0;0;0;0;0;0;0;0;1;0;0;0;0;0;0;0;0;0;0;0;0;0;0;0;0;0;0;0;0;0;0;0;0;0;0;0;0;0;0;0;0;0;0;0;1;0;0;0;0;0;0;0;0;0;0;0;0;0;0;1;0;0;0;0;0;0;0;0;0;0;0;0
26;"Zakład Karny w Nysie, Oddział Zewnętrzny w Prudniku, ul. Kościuszki 7, 48-200 Prudnik";161004;"gm. Prudnik";"prudnicki";"opolskie";1;1;0;0;0;0;0;0;0;0;0;0;0;0;0;0;0;0;0;0;0;0;0;0;0;0;2;0;0;1;1;0;0;1;0;0;0;0;0;0;0;0;0;0;1;0;0;0;1;0;1;0;0;0;0;0;0;2;1;0;1;0;1;0;0;1;0;0;0;0;0;0;0;0;5;0;0;0;0;0;0;0;0;0;0;0;0;1;0;1;0;0;0;1;0;0;0;0;2;0;2;0;1;0;1;0;1;0;1;0;0;0;1;0;0;0;0;0;0;0;0;0;21;2;0;0;2;1;0;0;0;0;2;2;1;0;0;0;1;1;0;1;0;0;0;1;0;0;0;0;1;0;0;0;0;0;0;0;0;0;0;0;0;0;0;0;0;0;0;0;0;0;0;0;0;0;0;0;0;0;0;0;0;0;0;0
27;"Dom Św. Jana Bożego, ul. Piastowska 6, 48-200 Prudnik";161004;"gm. Prudnik";"prudnicki";"opolskie";1;1;0;0;0;0;0;0;0;0;0;0;0;0;0;0;0;0;0;0;0;0;0;0;0;0;0;0;0;0;0;0;0;0;0;0;0;0;0;0;0;0;0;0;0;0;0;0;0;0;0;0;0;0;0;0;0;0;0;0;1;0;0;0;0;0;0;0;0;0;0;0;0;0;2;0;1;0;0;0;0;0;0;0;0;0;0;0;0;0;0;0;0;0;0;0;0;0;0;0;0;0;0;0;0;0;0;0;0;0;0;0;0;0;0;0;0;0;0;0;0;0;2;0;3;0;0;0;0;0;0;0;0;0;0;0;0;0;0;0;0;0;0;0;0;4;0;0;0;0;0;0;0;0;0;0;0;0;0;0;0;0;1;0;0;0;0;0;0;0;0;0;0;0;0;0;0;0;0;0;0;0;0;0;0;0
1;"Szkoła Podstawowa im. Franciszka Myśliwca w Izbicku, klasa nr 9, ul. 15 Grudnia 32A, 47-180 Izbicko";161101;"gm. Izbicko";"strzelecki";"opolskie";1;1;1;1;0;1;0;2;1;0;0;0;0;0;0;1;1;0;0;0;0;0;0;0;0;0;26;8;7;2;3;0;1;0;0;0;0;2;0;1;5;0;0;0;0;0;1;0;0;0;15;1;3;2;0;0;6;1;0;0;0;0;0;0;0;1;0;0;1;0;0;0;0;1;19;21;10;6;6;0;1;0;1;0;0;1;0;0;0;0;1;0;0;0;1;0;0;0;11;5;0;1;0;0;0;0;1;0;1;0;1;0;2;0;0;0;0;0;0;0;0;0;31;11;37;1;1;1;1;4;1;2;0;2;0;0;1;1;0;8;2;0;1;0;0;7;8;0;3;1;0;0;0;0;0;0;0;1;0;0;1;1;24;8;0;2;0;2;0;0;0;0;0;0;0;55;0;0;0;0;0;0;0;2;0;5
2;"Zespół Szkolno-Przedszkolny w Krośnicy Szkoła Podstawowa im. Josepha von Eichendorffa w Krośnicy, Krośnica ul. Szkolna 18, 47-180 Izbicko";161101;"gm. Izbicko";"strzelecki";"opolskie";1;1;0;0;0;0;0;1;0;0;0;0;0;1;0;0;0;0;0;0;0;0;0;0;0;0;24;1;5;0;2;0;0;0;0;0;0;0;0;0;2;0;0;1;0;0;1;1;0;0;6;1;0;2;1;0;2;0;0;0;0;0;0;0;0;0;1;0;0;0;0;0;0;0;25;30;4;9;10;2;1;0;1;0;2;0;0;0;0;0;0;0;0;0;1;0;0;0;23;1;1;1;1;3;0;0;0;2;0;0;1;0;0;0;0;0;0;0;0;1;1;0;16;10;21;2;0;2;0;4;2;0;0;0;0;2;0;1;0;24;2;0;0;0;2;10;5;2;3;1;6;1;3;1;1;0;0;8;0;1;0;1;40;11;2;5;0;0;0;2;0;0;1;0;0;32;0;0;0;0;0;0;0;1;0;10
3;"Klub przy OSP w Siedlcu, Siedlec ul. Wiejska 30, 47-180 Izbicko";161101;"gm. Izbicko";"strzelecki";"opolskie";1;1;1;0;1;0;0;0;0;0;0;0;0;0;0;0;0;0;0;0;0;0;0;0;0;0;13;2;2;0;3;0;0;0;1;0;0;0;0;1;4;0;0;1;0;0;0;0;0;0;3;0;0;3;0;0;0;0;0;0;0;1;0;0;0;0;0;0;0;0;0;0;0;0;12;12;1;1;1;1;0;0;0;1;0;1;1;1;0;1;0;0;0;1;0;1;0;1;7;1;3;2;2;0;1;0;0;1;0;0;0;1;0;0;0;0;0;0;2;0;2;0;16;2;11;2;1;3;2;0;0;1;0;4;0;0;0;0;0;11;3;0;0;0;0;7;2;0;0;0;4;1;0;0;0;0;0;0;0;0;0;0;11;3;2;7;1;0;0;0;0;0;0;0;1;19;0;0;0;0;1;0;0;0;1;2
4;"Zespół Szkolno Przedszkolny w Otmicach Szkoła Podstawowa im. Janusza Korczaka w Otmicach, Otmice ul. Klonowa 28, 47-180 Izbicko";161101;"gm. Izbicko";"strzelecki";"opolskie";1;1;1;2;0;0;0;0;0;2;0;0;0;0;0;0;1;0;0;0;0;0;0;0;0;1;40;9;0;1;3;2;2;0;0;1;0;1;0;0;2;1;1;2;2;1;0;0;0;0;10;0;8;0;1;0;0;2;1;0;2;0;1;1;0;0;0;0;0;2;0;1;0;0;33;23;9;21;22;1;0;1;2;0;0;0;2;0;0;0;1;1;0;0;2;0;1;0;19;3;0;0;1;0;0;0;0;0;0;1;1;0;0;1;0;0;0;0;0;0;2;0;44;8;33;1;1;2;2;30;2;0;2;0;1;1;0;1;0;38;13;0;0;1;0;5;8;0;0;0;2;2;0;0;0;1;0;0;1;0;0;0;21;4;0;2;0;1;0;0;0;0;1;1;0;36;0;0;0;0;1;0;0;0;0;8
5;"Klub Wiejski w Suchodańcu, Suchodaniec ul. Dębowa 2, 47-180 Izbicko";161101;"gm. Izbicko";"strzelecki";"opolskie";1;1;1;0;0;1;0;0;0;0;0;0;0;0;1;0;0;0;0;0;0;0;0;0;0;0;17;0;2;0;0;1;0;0;0;2;0;0;0;1;0;0;0;3;0;0;0;0;1;0;10;1;1;0;0;0;1;0;0;0;0;2;0;0;0;1;1;1;0;0;0;0;0;0;20;11;1;13;13;5;0;0;1;0;1;0;0;0;0;0;0;0;0;0;0;3;0;0;9;1;0;0;0;0;0;0;0;0;0;1;0;0;0;0;0;0;0;0;0;0;0;0;4;6;8;0;1;1;0;1;0;0;0;1;0;0;0;0;0;13;3;0;0;0;0;4;2;1;0;2;3;0;0;0;0;0;0;0;0;0;0;0;8;6;1;0;0;0;0;0;0;0;1;0;0;21;0;0;0;0;0;0;0;0;1;4
6;"Szkoła Podstawowa im. Franciszka Myśliwca w Izbicku, klasa nr 10, ul. 15 Grudnia 32A, 47-180 Izbicko";161101;"gm. Izbicko";"strzelecki";"opolskie";1;1;1;0;0;0;0;0;0;0;0;1;0;0;0;0;0;0;0;0;0;0;0;0;0;0;6;5;1;0;0;0;0;0;0;0;1;0;0;0;1;0;0;1;0;0;1;0;0;0;10;0;6;1;0;0;0;0;0;0;0;0;0;0;1;0;0;0;0;0;0;1;0;0;12;7;3;2;6;4;0;1;0;0;0;0;1;0;0;0;0;0;0;0;0;0;0;0;5;0;0;0;0;0;0;0;0;0;0;0;0;0;0;0;0;0;0;0;0;0;1;0;13;10;12;0;0;1;0;2;1;0;0;0;0;0;0;0;0;9;1;1;1;0;0;4;0;0;0;0;0;0;0;0;0;0;0;0;0;0;0;0;16;0;0;0;0;0;0;0;0;0;0;0;0;19;0;0;0;0;0;0;0;0;0;0
7;"Świetlica Wiejska w Boryczy, Borycz ul. Wojska Polskiego 12, 47-180 Izbicko";161101;"gm. Izbicko";"strzelecki";"opolskie";1;1;0;0;0;0;0;0;0;0;0;0;0;0;0;0;0;0;0;0;1;0;0;0;0;0;13;0;0;2;0;0;0;0;0;0;0;0;0;0;0;0;0;0;0;0;0;0;0;0;4;0;2;1;0;0;1;0;0;0;0;0;0;0;0;1;0;0;0;0;0;1;0;0;5;9;3;5;2;1;1;0;1;0;0;0;0;0;0;0;0;0;0;0;1;1;0;0;0;1;0;1;1;0;0;0;0;0;0;0;0;0;0;0;0;0;0;0;0;0;0;0;8;2;1;0;1;1;0;7;5;0;0;0;0;0;0;0;0;18;1;0;0;0;0;5;1;0;0;0;0;2;0;0;0;1;0;2;1;1;0;0;14;6;0;1;0;0;0;0;0;0;0;0;0;13;0;0;0;1;0;0;0;0;0;23
8;"Świetlica Wiejska w Ligocie Czamborowej, Ligota Czamborowa ul. 1 Maja 42, 47-180 Izbicko";161101;"gm. Izbicko";"strzelecki";"opolskie";1;1;0;0;0;0;0;1;0;0;0;0;0;0;0;0;0;0;0;0;1;0;0;0;0;0;13;1;2;0;1;1;0;0;0;0;0;1;0;0;1;2;0;0;0;0;0;0;1;1;11;0;0;1;0;0;1;0;0;0;0;0;0;0;0;0;0;0;0;0;0;0;0;0;14;10;1;2;2;0;0;0;0;0;0;0;0;0;0;0;0;2;0;0;0;0;1;0;4;1;2;0;0;1;0;0;0;0;0;0;0;1;0;0;0;0;0;0;0;0;2;0;13;9;5;0;1;2;2;0;1;0;0;0;0;0;0;3;0;6;4;0;1;0;0;4;1;0;0;1;3;0;0;0;0;0;0;0;0;0;0;0;16;3;0;0;0;0;0;0;0;1;0;0;0;42;0;0;0;2;0;0;0;1;0;11
9;"Świetlica Wiejska w Poznowicach, Poznowice ul. Szkolna 27, 47-180 Izbicko";161101;"gm. Izbicko";"strzelecki";"opolskie";1;1;0;0;0;0;0;0;0;0;0;0;1;0;0;0;0;0;0;0;0;0;0;0;0;0;16;3;3;1;0;0;0;0;0;0;0;1;0;0;0;0;0;0;0;0;0;0;0;0;4;1;2;0;0;1;1;1;0;0;0;0;0;0;0;0;0;1;0;0;0;0;0;0;15;8;2;3;3;0;0;0;0;0;0;0;0;0;0;1;0;0;0;0;0;0;0;0;6;0;0;0;1;0;0;0;0;0;0;0;0;1;1;0;0;0;0;0;0;0;1;0;9;0;8;0;1;0;0;1;0;0;0;0;1;1;0;0;0;4;1;0;0;0;0;1;3;0;0;0;0;0;0;0;0;0;0;0;0;0;0;0;8;0;1;3;0;0;0;0;0;0;0;0;0;7;0;0;0;0;0;0;0;0;0;1
1;"Publiczna Szkoła Podstawowa w Jemielnicy, ul. Szkolna 2, 47-133 Jemielnica";161102;"gm. Jemielnica";"strzelecki";"opolskie";1;1;0;1;1;3;0;0;0;0;0;0;0;0;0;0;0;0;0;0;1;0;0;0;1;0;36;3;2;1;1;4;0;0;1;0;0;1;1;0;37;0;0;2;0;0;0;0;0;0;8;4;2;0;0;0;0;0;0;0;0;0;3;0;0;0;0;0;0;0;0;0;0;0;51;37;14;7;7;4;0;1;3;1;1;1;0;1;0;0;2;0;1;0;1;1;1;1;23;4;5;5;1;2;0;0;0;0;0;0;2;0;1;0;0;0;0;0;1;0;1;0;54;14;23;0;0;1;6;3;2;0;0;4;0;0;0;0;0;23;7;1;0;2;1;3;14;0;2;1;3;0;1;0;0;1;0;0;0;0;2;0;17;4;0;1;1;0;0;0;0;0;0;0;0;0;0;0;0;0;0;0;0;0;0;147
2;"Publiczna Szkoła Podstawowa w Jemielnicy, ul. Szkolna 2a, 47-133 Jemielnica";161102;"gm. Jemielnica";"strzelecki";"opolskie";1;1;5;0;2;0;0;0;0;0;0;0;0;0;0;2;0;0;0;0;0;0;0;0;2;0;37;7;6;0;0;1;0;0;0;0;0;5;0;0;55;0;0;3;0;0;1;1;0;2;24;1;6;0;0;3;2;0;2;1;1;0;0;0;0;1;0;2;0;0;2;0;0;0;66;56;15;18;21;5;3;1;3;1;0;1;0;2;0;0;1;0;0;0;3;1;0;1;36;4;3;2;3;0;1;1;0;1;3;0;1;0;0;0;0;0;0;0;0;0;0;1;67;15;28;4;1;2;6;3;7;2;2;1;0;2;0;1;0;44;10;0;1;1;0;8;11;1;0;3;7;3;1;0;1;0;0;0;0;0;0;0;20;5;1;0;0;0;0;0;0;0;1;0;0;8;0;0;0;0;0;0;0;0;0;217
3;"Publiczna Szkoła Podstawowa w Piotrówce, Piotrówka ul. Kościuszki 98, 47-133 Jemielnica";161102;"gm. Jemielnica";"strzelecki";"opolskie";1;1;3;0;0;1;0;0;0;0;0;0;0;0;0;1;0;0;0;0;0;0;0;0;0;0;27;2;0;0;1;1;0;0;0;0;1;1;0;0;17;0;0;1;0;0;0;0;0;0;22;3;1;2;1;0;1;2;0;0;0;1;2;0;0;0;1;0;1;0;0;0;0;0;66;36;13;11;16;1;0;1;3;2;0;0;0;1;0;1;1;0;0;1;2;0;0;2;22;0;2;1;0;0;2;0;0;0;0;0;0;0;0;0;0;1;0;0;0;1;0;0;27;5;11;0;0;0;1;0;2;0;0;0;1;1;0;0;0;36;2;0;0;1;0;3;1;0;0;0;2;0;1;0;2;0;0;0;0;0;0;0;12;2;0;1;0;0;0;0;0;0;0;0;0;0;0;0;1;0;0;0;0;0;0;53
4;"Świetlica Wiejska w Centawie, Centawa ul. Powstańców Śląskich 13, 47-134 Błotnica Strzelecka";161102;"gm. Jemielnica";"strzelecki";"opolskie";1;1;0;0;0;0;0;0;0;0;0;0;0;0;0;0;0;0;0;0;0;0;0;0;0;0;13;2;1;0;1;0;0;0;0;0;0;0;0;0;15;0;0;1;0;0;0;0;0;0;3;0;0;0;0;0;0;0;0;0;1;0;0;0;0;0;0;0;0;0;0;0;1;0;17;24;1;3;9;1;0;1;3;1;0;1;1;0;0;0;1;0;1;0;0;1;0;0;11;0;1;1;0;0;0;0;0;0;1;0;0;0;1;0;0;0;0;0;0;0;0;1;20;2;6;1;0;0;0;0;4;0;1;0;0;1;0;0;0;6;1;0;0;0;0;1;1;0;0;0;5;0;0;0;0;0;0;0;0;0;0;0;1;0;0;1;0;0;0;0;0;0;0;0;0;0;0;0;0;0;0;0;0;0;0;43
5;"Świetlica Wiejska w Barucie, Barut ul. Wiejska 65, 47-133 Jemielnica";161102;"gm. Jemielnica";"strzelecki";"opolskie";1;1;1;0;0;0;0;0;0;1;0;0;0;0;0;0;0;0;0;0;0;0;0;0;0;0;8;0;0;0;0;0;0;0;0;0;0;0;0;0;8;0;0;0;0;1;0;0;0;1;4;0;3;0;0;2;0;0;0;0;1;0;0;0;0;0;0;0;1;0;0;0;0;0;20;5;6;5;9;2;1;0;0;0;1;0;0;0;1;0;0;0;0;1;0;0;0;1;9;2;0;0;0;0;0;0;2;1;0;0;0;0;0;0;0;0;1;1;0;1;0;0;9;4;5;2;0;1;1;0;1;0;0;0;0;0;0;0;1;15;0;0;0;0;0;6;0;0;0;0;0;0;0;0;1;0;0;0;0;0;0;0;1;0;0;0;0;0;0;0;0;0;0;0;0;0;0;0;0;0;0;0;0;0;0;36
6;"Świetlica Wiejska w Gąsiorowicach, Gąsiorowice ul. Szkolna 17, 47-133 Jemielnica";161102;"gm. Jemielnica";"strzelecki";"opolskie";1;1;0;0;1;0;1;2;0;0;0;0;0;0;0;0;0;0;0;0;0;0;0;0;1;0;14;1;0;0;1;0;0;0;0;0;0;0;0;0;88;0;0;1;0;0;0;0;0;0;3;1;2;1;0;0;0;1;0;0;0;0;0;2;0;0;0;0;0;0;0;0;0;0;24;14;5;4;14;1;0;0;0;0;1;0;1;0;0;0;1;0;0;1;3;0;0;2;13;3;2;0;0;1;0;0;0;0;1;0;0;0;0;1;1;0;0;0;0;1;0;0;14;3;3;0;0;1;2;0;2;0;1;1;0;0;0;0;0;7;2;1;0;0;0;4;4;1;3;0;3;1;0;0;0;0;0;1;0;0;0;1;4;0;0;0;0;0;0;0;0;0;0;0;0;2;0;0;0;0;0;0;0;0;0;44
7;"Świetlica Wiejska w Łaziskach, Łaziska ul. Strzelecka 37, 47-133 Jemielnica";161102;"gm. Jemielnica";"strzelecki";"opolskie";1;1;0;0;1;0;0;0;0;0;1;0;0;0;0;0;0;0;0;0;0;0;0;0;0;0;7;2;1;1;0;1;0;0;0;0;1;0;0;1;35;0;1;0;0;0;0;0;0;0;5;0;0;0;0;0;1;0;0;0;0;0;0;0;0;0;0;0;1;0;0;0;0;0;41;23;1;6;1;6;0;0;0;2;0;0;0;1;1;0;3;0;0;2;0;1;0;0;5;5;1;2;0;0;0;0;0;0;0;0;0;0;1;1;0;0;0;0;0;0;0;2;11;5;1;0;2;0;0;1;1;0;0;0;0;0;0;0;0;22;1;0;0;0;0;2;9;2;0;2;0;0;1;0;0;0;0;0;0;0;0;0;1;0;0;1;0;0;0;0;0;0;0;0;0;0;0;0;0;0;0;0;0;0;0;35
8;"Świetlica Wiejska w Wierchlesiu, Wierchlesie ul. Wiejska 25A, 47-133 Jemielnica";161102;"gm. Jemielnica";"strzelecki";"opolskie";1;1;0;2;0;0;0;0;0;0;1;0;0;1;0;0;0;0;0;0;0;0;0;0;0;0;10;1;0;0;0;1;0;0;0;0;0;0;0;0;12;2;0;0;0;0;0;0;1;0;0;0;4;0;0;0;0;0;0;0;0;0;0;0;0;0;0;0;0;0;0;0;0;1;7;9;6;4;3;0;0;0;2;0;0;0;0;1;0;0;2;0;0;0;0;0;0;0;8;1;3;0;0;0;0;0;0;0;0;0;1;0;0;0;0;0;0;0;0;0;0;0;6;0;0;1;0;1;0;0;0;0;0;0;0;0;0;0;0;1;2;1;0;0;0;2;2;1;0;1;1;0;1;0;0;0;0;0;0;0;0;0;8;0;0;1;0;0;0;0;0;0;0;0;0;0;0;0;0;0;0;0;0;0;0;19
9;"Centrum Seniora Anna w Jemielnicy, ul. Józefa Chłopickiego 27A, 47-133 Jemielnica";161102;"gm. Jemielnica";"strzelecki";"opolskie";1;1;0;0;0;0;0;0;0;0;0;0;1;0;0;0;0;0;0;0;1;0;0;0;0;0;0;0;0;1;0;0;0;0;1;0;0;0;0;0;0;0;0;0;0;0;0;0;0;0;0;0;0;0;0;0;0;0;0;0;0;0;0;0;0;0;0;0;0;0;0;0;0;0;3;0;0;0;0;0;0;0;0;0;0;0;1;1;0;0;0;0;0;0;0;0;0;0;0;0;0;0;0;0;0;0;1;0;0;0;0;0;0;0;0;0;0;0;0;0;0;0;2;0;1;0;0;1;0;1;0;0;0;0;1;0;0;0;0;0;0;1;1;0;0;5;1;0;0;0;0;0;0;0;1;0;0;0;0;0;0;1;0;0;0;0;0;0;0;0;0;0;0;0;0;0;0;1;0;0;0;0;0;0;0;1
1;"Szkoła Podstawowa, ul. 1 Maja 5, 47-110 Kolonowskie";161103;"gm. Kolonowskie";"strzelecki";"opolskie";1;1;0;1;1;0;0;0;0;0;0;0;1;0;0;1;0;1;0;0;0;0;0;0;0;0;42;4;3;1;1;1;0;0;0;1;0;0;0;0;0;0;0;1;0;1;0;1;0;2;13;1;0;2;0;0;2;0;1;0;0;1;0;0;0;2;0;0;0;0;0;0;1;0;59;19;8;11;20;6;0;0;1;1;1;1;1;0;0;1;3;0;0;4;0;0;0;2;29;1;0;0;0;0;0;0;0;0;2;0;0;0;1;1;0;0;0;0;0;0;0;0;18;11;26;2;0;2;1;0;0;1;0;1;0;0;0;1;0;141;1;1;0;0;0;1;6;0;0;3;0;0;0;0;2;1;0;0;0;0;0;0;23;11;0;1;0;0;0;0;0;0;0;0;0;3;0;0;2;0;0;0;1;0;0;17
2;"Świetlica OSP, ul. Leśna 6b, 47-110 Kolonowskie";161103;"gm. Kolonowskie";"strzelecki";"opolskie";1;1;0;0;2;0;1;0;0;0;0;1;0;0;0;0;0;0;0;1;0;0;0;0;0;0;26;5;4;0;3;3;0;1;0;1;1;4;0;0;1;0;0;0;0;0;0;0;0;0;11;2;0;0;0;0;2;0;0;0;1;0;1;1;0;3;0;0;0;0;0;0;0;0;39;22;8;14;18;2;0;0;4;2;0;2;0;1;0;1;0;0;1;0;2;0;0;0;16;5;1;1;0;0;2;2;0;0;0;0;1;0;0;0;0;0;0;0;0;0;0;0;35;8;12;0;2;0;0;1;0;0;0;0;1;0;0;1;0;153;3;0;0;0;0;1;10;0;1;0;1;0;1;1;1;0;0;0;0;0;0;1;12;13;1;0;0;0;0;0;0;0;0;0;0;2;1;0;0;0;0;1;0;0;0;13
3;"Szkoła Podstawowa, ul. Jana Pawła II 4, 47-113 Kolonowskie";161103;"gm. Kolonowskie";"strzelecki";"opolskie";1;1;0;0;0;0;0;0;0;1;0;0;0;0;0;0;0;0;0;0;0;0;0;0;0;0;33;2;4;1;1;0;0;0;0;0;0;0;0;0;2;0;1;0;0;1;1;1;1;0;18;2;0;3;1;0;4;1;0;0;2;0;1;0;0;1;0;0;0;0;0;0;0;0;25;25;7;5;7;4;0;0;0;0;0;0;0;2;1;0;0;0;0;0;0;0;0;1;13;0;0;0;1;0;1;0;0;0;0;0;1;0;0;0;0;0;0;1;0;1;0;0;13;2;17;2;0;2;2;3;1;0;1;0;0;0;0;1;1;76;6;0;0;1;0;2;2;1;0;1;0;0;0;0;0;0;0;0;0;0;0;0;23;17;0;0;0;0;0;0;1;1;0;0;1;0;1;0;0;0;0;1;0;0;0;10
4;"Dom Aktywności Wiejskiej, Spórok ul. Guznera 3, 47-175 Kadłub";161103;"gm. Kolonowskie";"strzelecki";"opolskie";1;1;0;0;0;0;0;0;0;0;1;0;0;0;0;0;0;0;1;0;0;0;0;1;0;0;12;10;1;0;1;0;0;0;0;0;0;2;0;0;1;0;0;2;0;0;0;0;0;0;1;2;0;0;0;0;1;0;0;1;0;0;0;0;0;0;1;0;0;0;0;0;0;0;20;11;3;0;19;2;1;1;2;0;1;0;0;0;0;0;0;0;0;0;0;0;0;2;16;0;0;0;0;1;0;1;0;0;0;0;1;0;1;0;0;0;0;0;1;0;0;0;10;3;4;0;0;0;1;0;1;0;0;0;0;0;0;0;0;49;1;0;0;0;0;3;0;0;0;0;0;0;0;0;0;0;0;0;0;0;0;0;12;8;0;0;0;0;0;0;0;0;0;0;0;5;2;0;0;0;2;0;0;0;0;11
5;"Szkoła Podstawowa, Staniszcze Małe ul. Szkolna 1, 47-113 Kolonowskie";161103;"gm. Kolonowskie";"strzelecki";"opolskie";1;1;4;0;2;0;0;1;0;0;0;2;0;0;0;0;1;1;0;0;1;0;0;0;1;1;27;5;4;1;4;2;0;1;0;1;0;0;0;0;6;0;1;3;0;0;0;0;0;1;8;4;1;0;0;0;1;1;0;0;0;1;0;0;0;0;0;0;0;0;0;1;0;1;37;38;9;11;10;6;1;0;1;1;0;0;0;1;0;0;2;0;0;0;1;0;0;0;11;0;0;2;0;0;1;0;0;0;2;0;0;0;0;0;0;0;0;0;0;2;1;0;16;5;6;1;0;1;2;2;0;0;0;0;0;0;0;1;1;51;0;0;0;1;0;1;3;0;0;0;1;0;0;0;0;0;1;2;0;0;2;1;36;23;0;0;0;4;0;0;0;0;0;0;0;5;1;0;0;0;0;0;0;1;0;17
6;"Publiczne Przedszkole, Staniszcze Wielkie ul. Kościelna 15, 47-113 Kolonowskie";161103;"gm. Kolonowskie";"strzelecki";"opolskie";1;1;1;0;0;0;0;0;0;0;0;0;1;0;0;0;0;0;1;0;0;0;0;0;0;0;25;3;3;2;0;2;0;0;0;1;0;0;0;0;5;0;1;0;0;0;0;0;0;0;4;2;0;2;0;0;2;0;0;0;1;0;0;0;0;0;0;0;0;0;0;1;0;0;37;19;5;9;11;10;0;0;0;1;1;0;0;0;1;0;1;1;0;1;1;0;0;0;8;1;1;1;1;0;0;1;0;0;1;0;0;2;1;0;3;0;0;0;0;0;0;0;35;16;10;0;1;2;1;2;0;0;1;0;0;0;0;1;1;71;6;0;0;0;0;3;9;0;1;1;0;1;0;1;0;0;0;0;0;0;1;0;21;21;2;2;0;2;0;0;0;0;1;0;0;1;0;0;0;3;0;0;1;0;0;17
1;"Urząd Miejski, ul. 1 Maja 9, 47-150 Leśnica";161104;"gm. Leśnica";"strzelecki";"opolskie";1;1;4;2;0;1;0;0;0;1;0;0;0;0;0;0;0;0;0;1;1;0;0;0;1;0;32;4;7;0;2;6;1;1;1;0;1;2;0;0;0;8;1;3;1;0;1;1;0;0;26;2;0;5;0;0;0;2;0;0;2;1;0;0;0;0;0;0;3;0;0;2;3;0;67;39;6;5;6;5;0;0;0;1;0;2;0;1;0;0;2;0;0;0;3;1;1;2;39;3;3;3;2;0;0;0;1;0;0;0;0;1;2;0;0;0;0;0;0;1;0;0;75;10;46;2;2;2;23;7;2;1;1;1;1;6;0;1;1;21;7;0;0;1;2;9;1;0;0;1;17;0;0;0;0;0;1;0;0;0;0;0;15;0;0;97;0;0;1;0;0;0;1;0;0;2;0;0;0;0;0;1;0;0;0;9
2;"Szkoła Podstawowa, ul. Zdzieszowicka 23, 47-150 Leśnica";161104;"gm. Leśnica";"strzelecki";"opolskie";1;1;1;0;0;0;0;2;0;0;0;0;0;0;1;2;0;0;1;0;0;0;0;0;0;0;33;1;11;0;0;4;2;0;0;1;1;2;1;0;1;2;0;1;1;0;0;0;0;1;22;4;3;2;1;1;1;0;3;0;0;1;0;2;0;0;0;1;0;0;0;0;0;0;47;46;21;12;22;11;1;1;1;1;1;0;1;2;0;0;1;0;1;0;0;0;0;0;21;3;2;3;2;1;1;0;1;0;0;0;1;0;1;1;0;0;0;1;0;1;0;0;47;14;28;1;4;11;17;6;1;0;1;0;1;4;0;0;0;32;4;1;0;2;0;7;4;0;0;1;8;0;0;0;0;1;1;0;1;0;0;1;19;5;1;102;0;0;1;0;0;0;0;0;0;1;0;0;0;0;0;0;0;3;1;12
3;"Remiza OSP, Wysoka ul. Strzelecka 67, 47-150 Leśnica";161104;"gm. Leśnica";"strzelecki";"opolskie";1;1;2;1;0;0;0;0;0;0;2;0;0;0;0;0;0;0;0;0;1;0;0;0;0;0;23;2;1;2;0;0;0;0;0;0;0;2;0;0;2;0;0;0;0;0;0;0;0;0;2;0;0;1;0;0;1;0;0;0;0;0;0;0;0;2;0;0;0;0;0;0;0;0;45;36;12;5;6;2;0;2;0;0;2;1;3;4;0;0;0;0;4;0;1;0;0;0;12;2;1;1;1;2;0;0;0;0;2;0;1;0;0;0;0;1;0;0;0;0;0;1;25;5;16;1;0;4;10;10;0;0;0;1;2;0;0;2;0;22;2;0;0;0;0;2;7;0;1;3;5;0;1;1;1;1;0;2;0;0;0;0;19;7;4;49;0;2;0;0;0;1;0;0;0;5;0;0;0;0;0;0;0;0;0;1
4;"Publiczne Przedszkole w Leśnicy, Oddział Zamiejscowy w Dolnej, Dolna ul. Wiejska 30, 47-100 Strzelce Opolskie";161104;"gm. Leśnica";"strzelecki";"opolskie";1;1;1;0;0;0;1;0;0;0;0;0;0;0;0;0;2;0;0;0;0;0;0;0;0;3;6;1;1;0;0;0;0;0;0;0;0;0;0;2;1;0;0;2;0;0;1;0;0;1;5;0;0;0;0;0;0;0;0;0;0;0;0;0;0;0;0;0;0;0;0;0;0;0;14;6;6;4;8;1;0;0;0;0;1;1;1;0;1;0;0;0;0;0;0;0;0;0;7;1;0;1;0;0;0;0;0;0;0;0;0;0;0;0;0;0;0;0;0;0;0;0;10;6;1;0;0;0;0;0;0;0;0;0;0;0;0;0;0;14;6;0;0;0;0;7;1;0;0;0;1;0;0;0;0;0;0;0;0;0;0;0;4;5;2;47;0;0;1;0;0;0;0;0;0;3;0;0;0;0;0;0;0;0;0;2
5;"Klub Wiejski, Kadłubiec ul. Wiejska 93, 47-150 Leśnica";161104;"gm. Leśnica";"strzelecki";"opolskie";1;1;0;0;0;0;0;0;0;0;0;0;0;0;0;0;0;0;0;0;0;0;0;0;0;0;2;3;1;0;0;0;0;0;0;0;0;0;0;0;0;0;0;1;0;0;1;0;0;0;2;0;0;1;0;0;0;0;0;0;0;0;0;0;0;0;0;0;0;0;0;0;0;0;7;2;3;1;0;2;2;0;1;0;1;0;1;0;0;0;0;0;0;0;0;0;0;0;2;0;0;0;0;0;0;0;0;0;0;0;0;0;0;0;0;0;0;0;0;0;0;0;11;2;8;0;0;0;0;3;0;0;3;0;0;0;0;0;0;16;8;0;0;0;0;4;3;0;0;2;0;0;0;0;1;0;0;0;0;0;0;0;8;1;0;33;0;0;0;0;0;0;0;0;0;7;0;1;0;0;0;0;0;0;0;4
6;"Zespół Szkolno-Przedszkolny, Zalesie Śląskie ul. Dworcowa 4, 47-150 Leśnica";161104;"gm. Leśnica";"strzelecki";"opolskie";1;1;3;1;0;0;0;0;1;1;0;0;1;0;0;0;0;0;0;1;0;1;0;0;0;0;34;9;2;0;8;5;1;1;0;1;0;4;0;0;2;0;0;2;0;0;0;1;1;0;5;1;0;1;0;0;0;0;0;0;2;0;0;0;0;0;0;0;1;0;0;0;0;0;48;20;22;12;14;6;0;0;0;2;3;3;1;0;1;0;0;0;0;1;1;0;0;4;11;4;1;0;0;0;0;0;1;0;1;0;0;0;0;0;1;0;0;0;0;0;0;0;27;8;14;1;0;0;11;2;0;1;1;0;1;1;0;1;0;22;8;0;0;0;0;7;6;0;0;0;1;0;0;0;1;0;0;0;0;0;1;1;17;1;0;82;0;0;0;0;0;0;0;1;0;0;0;0;0;0;1;0;0;0;0;4
7;"Zespół Szkolno-Przedszkolny, Raszowa ul. Góry Świętej Anny 91, 47-150 Leśnica";161104;"gm. Leśnica";"strzelecki";"opolskie";1;1;2;1;0;0;0;0;1;0;0;0;1;0;0;1;0;1;0;0;2;0;0;0;0;1;45;10;5;2;4;5;2;0;0;0;0;2;0;0;1;0;1;2;0;0;0;1;4;0;17;3;0;2;0;1;1;0;1;0;0;0;1;0;0;1;0;1;2;0;1;1;0;0;23;25;13;22;22;1;0;1;0;1;1;2;0;0;0;0;1;1;2;0;3;1;0;1;17;1;2;1;2;0;0;0;0;0;0;0;2;0;0;0;0;0;0;1;0;0;0;0;32;8;19;0;0;3;45;1;1;0;1;0;2;4;0;2;0;18;9;0;1;1;0;2;2;1;0;0;6;0;0;0;0;0;0;1;0;0;1;0;22;5;3;71;0;2;5;0;0;0;0;0;0;1;0;0;0;0;1;0;0;2;0;3
8;"Remiza OSP, Lichynia ul. Daszyńskiego 24, 47-150 Leśnica";161104;"gm. Leśnica";"strzelecki";"opolskie";1;1;0;0;0;0;0;0;0;0;0;0;0;0;0;0;0;0;0;0;0;0;0;0;0;0;14;2;3;0;0;2;0;0;0;0;0;0;0;0;1;0;0;0;0;1;0;0;0;0;1;0;1;0;0;0;1;0;0;0;0;0;0;0;0;0;0;0;0;0;0;0;0;0;14;4;2;3;2;3;1;0;0;0;0;0;0;0;0;0;0;1;1;0;0;0;0;0;3;2;1;1;2;1;0;0;0;1;0;1;0;0;1;0;0;0;0;0;0;0;0;0;14;0;10;0;0;0;0;0;1;0;0;0;0;0;0;0;0;4;1;0;0;0;0;0;0;0;0;0;0;0;0;0;2;0;0;0;0;0;0;0;5;0;6;51;0;0;2;0;0;0;0;0;0;0;0;0;0;0;0;0;0;0;0;0
9;"Klub Wiejski, Łąki Kozielskie ul. 1 Maja 35, 47-150 Leśnica";161104;"gm. Leśnica";"strzelecki";"opolskie";1;1;0;0;0;0;0;1;0;0;0;0;0;0;0;0;0;0;0;0;0;0;0;0;0;0;9;1;0;1;0;0;0;0;0;0;0;0;0;0;0;0;2;0;0;0;0;0;0;0;1;0;0;0;0;0;1;0;0;0;1;0;0;0;0;0;0;0;0;0;0;0;0;0;12;7;8;6;2;1;0;0;0;0;0;1;0;1;0;0;1;1;1;1;0;1;0;0;10;2;0;1;1;0;0;0;0;0;1;0;1;0;0;0;0;0;0;0;0;1;0;0;14;2;7;0;0;1;5;1;0;0;1;0;0;1;1;0;0;2;1;0;0;0;0;1;0;0;0;0;0;0;0;0;0;0;0;0;0;0;0;0;9;0;0;38;0;0;0;0;0;0;0;0;0;0;0;0;0;0;0;0;0;0;0;1
10;"Dom Pomocy Społecznej w Strzelcach Opolskich-Filia w Leśnicy, ul. Szpitalna 20, 47-150 Leśnica";161104;"gm. Leśnica";"strzelecki";"opolskie";1;1;0;0;0;0;0;0;0;0;1;0;0;0;0;0;0;0;0;0;0;0;0;0;0;0;1;0;0;0;1;0;0;0;0;0;0;0;0;0;0;0;0;0;0;0;0;0;0;0;1;0;0;1;0;0;0;0;0;0;0;0;1;0;0;0;0;0;0;0;0;1;0;0;5;0;0;0;2;0;0;1;0;0;1;0;0;1;0;0;0;0;0;0;0;0;0;0;0;0;0;0;0;0;0;0;0;0;0;0;0;0;0;0;0;0;0;0;0;0;0;0;3;0;1;0;0;0;0;0;0;0;0;0;0;0;0;0;0;0;0;0;0;0;0;0;0;0;0;0;0;0;0;0;0;0;0;0;0;0;0;0;0;0;0;0;0;0;0;0;0;0;0;0;0;0;0;0;0;0;0;0;0;0;1;0
1;"Centrum Kształcenia Zawodowego i Ustawicznego, ul. Powstańców Śląskich 3, 47-100 Strzelce Opolskie";161105;"gm. Strzelce Opolskie";"strzelecki";"opolskie";1;1;5;1;3;1;0;1;3;1;0;0;1;0;0;1;0;0;1;0;0;0;0;0;2;0;56;1;10;1;1;3;0;1;1;1;0;4;0;0;8;1;0;4;0;1;2;1;0;1;37;3;9;5;0;2;6;0;1;0;0;0;0;1;0;0;0;0;0;0;1;0;0;2;69;24;8;12;28;7;0;0;1;1;1;1;1;2;1;0;4;2;1;2;1;0;0;3;22;1;1;3;0;4;0;1;1;0;0;0;0;0;0;0;0;0;0;0;0;3;1;1;105;25;36;5;3;6;6;7;6;4;0;0;0;0;0;2;0;40;4;0;3;0;0;21;4;1;0;1;8;3;1;0;0;0;1;1;0;0;0;0;6;0;2;5;1;1;0;0;0;0;0;0;0;0;0;0;0;0;0;1;0;0;0;6
2;"Strzelecki Ośrodek Kultury, pl. Plac Stefana Żeromskiego 7, 47-100 Strzelce Opolskie";161105;"gm. Strzelce Opolskie";"strzelecki";"opolskie";1;1;3;1;0;1;0;1;0;0;4;1;2;0;0;2;0;1;0;0;0;0;1;0;3;0;35;3;8;2;1;1;0;0;1;2;1;4;1;0;1;0;1;2;0;0;1;0;0;0;24;4;6;1;1;0;5;0;3;0;0;0;0;0;1;0;1;1;0;1;2;0;0;0;39;19;8;18;24;5;1;1;1;2;0;0;1;2;0;0;8;0;2;2;0;0;0;3;15;1;2;1;1;1;0;3;0;0;0;0;0;0;2;0;0;0;0;0;0;0;0;1;84;25;21;4;2;2;3;3;3;0;2;0;1;0;1;2;0;12;5;1;1;0;0;19;5;0;0;1;2;0;1;0;0;0;1;1;1;1;0;1;5;2;0;4;1;0;1;0;0;0;0;0;0;0;0;0;0;0;0;0;0;0;1;6
3;"Gminny Zarząd Mienia Komunalnego w Strzelcach Opolskich, ul. Zamkowa 4, 47-100 Strzelce Opolskie";161105;"gm. Strzelce Opolskie";"strzelecki";"opolskie";1;1;2;1;2;0;0;0;0;0;0;0;0;0;0;0;0;0;0;0;0;0;0;0;0;0;13;0;2;1;0;2;0;0;0;0;1;0;1;0;6;0;0;1;0;0;0;0;0;0;13;2;3;1;0;0;0;1;1;2;0;1;0;2;0;0;0;0;0;0;0;0;0;0;25;16;1;8;15;4;0;0;1;0;0;0;0;0;0;1;2;0;0;1;0;0;0;0;11;0;2;0;0;2;0;0;0;0;1;0;0;0;0;0;0;0;0;0;0;0;1;0;44;8;17;1;4;5;2;2;2;0;0;2;0;1;0;1;0;16;3;1;0;0;0;14;1;0;0;0;0;0;1;0;0;0;0;0;0;0;0;1;2;0;0;2;0;1;1;0;0;0;0;0;0;0;0;0;0;0;0;0;0;1;0;6
4;"Publiczna Szkoła Podstawowa Nr 1, ul. Kozielska 34, 47-100 Strzelce Opolskie";161105;"gm. Strzelce Opolskie";"strzelecki";"opolskie";1;1;2;0;0;0;0;0;0;0;0;3;0;0;0;0;0;0;0;0;2;0;0;0;0;0;40;3;3;1;3;2;0;1;0;0;0;3;1;1;5;1;0;1;0;0;1;0;1;1;7;0;1;1;0;0;0;0;1;0;0;1;0;0;0;1;0;0;2;0;0;1;0;0;38;11;7;5;21;6;1;1;2;1;1;0;0;0;0;0;3;0;1;0;1;3;0;0;12;5;1;0;1;1;1;0;1;1;0;0;0;1;0;0;0;0;0;0;1;0;0;0;50;13;22;2;0;2;2;13;0;0;0;0;1;1;0;0;0;29;0;0;0;0;0;28;4;0;0;0;0;0;0;0;1;0;1;0;0;0;1;1;13;3;0;1;0;0;0;0;0;0;0;0;0;0;0;0;1;0;0;0;0;0;0;16
5;"Liceum Ogólnokształcące, ul. Krakowska 38, 47-100 Strzelce Opolskie";161105;"gm. Strzelce Opolskie";"strzelecki";"opolskie";1;1;0;1;3;0;2;0;2;0;3;0;0;0;0;0;1;0;0;0;0;1;0;0;0;0;46;2;4;1;3;2;2;0;2;0;0;4;0;1;3;1;0;0;1;0;1;0;1;0;39;6;8;4;0;0;0;1;1;0;1;2;0;1;0;2;0;5;0;0;1;0;0;3;60;19;9;22;27;12;2;0;1;0;1;2;0;0;2;0;4;2;1;1;1;1;0;5;17;2;1;0;0;1;0;0;0;0;1;0;1;2;1;0;0;0;0;0;0;2;0;1;125;33;25;1;4;7;6;5;0;2;4;1;2;0;0;3;2;44;5;0;1;0;0;22;0;1;0;0;0;0;0;0;0;1;0;0;0;0;0;1;4;0;0;1;0;0;0;0;0;0;0;0;0;0;0;0;0;0;0;0;0;1;0;5
6;"Państwowa Szkoła Muzyczna I-go stopnia, ul. Jana Matejki 1, 47-100 Strzelce Opolskie";161105;"gm. Strzelce Opolskie";"strzelecki";"opolskie";1;1;1;1;0;0;0;0;0;0;1;0;0;0;0;0;0;0;0;1;0;0;0;0;1;0;17;0;0;1;0;3;0;0;0;0;2;0;0;0;2;0;0;3;1;0;0;0;0;0;7;0;3;2;2;0;0;0;0;0;0;0;0;1;0;1;2;0;0;0;0;0;1;0;22;12;3;9;12;3;0;1;0;0;0;0;1;0;1;0;0;0;0;0;0;0;0;1;4;2;0;0;0;0;0;0;0;1;0;0;0;0;1;0;0;0;0;0;0;0;0;0;26;5;6;0;1;1;0;1;0;0;1;1;1;0;0;0;0;9;3;0;1;1;0;2;0;0;0;0;0;0;0;0;0;0;0;0;0;0;0;0;2;0;0;2;0;0;0;0;0;0;0;1;0;0;0;0;0;0;0;0;0;0;0;7
7;"Świetlica Wiejska, Szczepanek ul. Strzelecka 101, 47-100 Strzelce Opolskie";161105;"gm. Strzelce Opolskie";"strzelecki";"opolskie";1;1;1;0;0;1;0;2;0;0;0;0;0;0;0;0;0;0;0;0;0;0;0;0;0;0;46;6;3;1;5;1;0;0;1;0;0;5;0;1;12;0;0;0;0;0;0;0;0;1;16;2;1;1;0;0;0;0;2;0;0;1;0;0;1;0;0;0;0;1;1;0;0;0;24;16;9;8;19;2;0;0;1;0;1;0;0;0;0;0;0;0;0;0;1;0;0;0;11;0;1;0;1;0;0;0;0;0;1;0;2;0;0;0;0;1;1;0;0;0;0;0;44;15;23;3;0;1;3;5;1;0;0;0;0;0;1;1;0;27;2;1;1;3;0;8;4;0;0;1;0;0;0;0;0;0;0;0;0;0;0;0;5;0;0;0;0;1;1;0;0;0;0;0;0;0;0;0;0;0;0;0;0;0;0;30
8;"Publiczna Szkoła Podstawowa Nr 1, sala gimnastyczna, ul. Wawrzyńca Świerzego 3, 47-100 Strzelce Opolskie";161105;"gm. Strzelce Opolskie";"strzelecki";"opolskie";1;1;3;1;1;0;0;0;1;0;2;0;1;0;0;0;0;0;1;0;0;0;0;0;2;1;62;4;2;3;3;4;0;0;0;0;0;1;1;1;9;1;1;0;2;0;0;0;1;0;27;2;1;2;0;0;1;0;1;0;0;0;2;0;1;4;0;0;0;0;0;1;0;0;43;11;6;14;30;8;0;0;0;0;0;0;1;0;1;0;0;0;1;1;1;0;0;3;19;4;3;0;1;1;0;0;0;0;1;0;2;0;0;0;0;0;0;0;0;0;0;0;49;20;32;1;2;2;1;9;0;0;2;1;0;2;0;1;0;25;7;0;0;1;0;28;4;0;0;1;2;0;0;0;0;0;0;0;1;0;0;0;13;1;0;5;0;1;0;0;0;0;0;0;0;4;0;0;0;1;1;0;2;0;0;11
9;"Przedszkole Publiczne nr 10, ul. Adama Asnyka 6, 47-100 Strzelce Opolskie";161105;"gm. Strzelce Opolskie";"strzelecki";"opolskie";1;1;1;1;1;0;1;1;0;0;1;0;1;0;0;0;0;1;0;0;1;0;0;0;0;0;49;5;3;1;3;5;2;1;1;0;0;3;0;0;1;2;0;1;2;0;1;2;2;0;35;6;3;4;0;0;4;0;1;0;1;0;0;1;1;3;0;0;3;0;1;0;0;0;46;15;8;14;38;3;3;0;1;1;1;0;0;1;0;1;8;1;0;0;1;0;1;0;14;2;0;1;0;0;0;0;0;0;1;1;0;0;2;0;0;1;0;1;0;0;0;1;120;29;67;9;2;3;1;7;2;1;0;1;2;0;1;6;0;36;8;0;1;1;1;24;8;0;1;1;0;1;2;1;0;0;0;0;0;0;0;0;4;0;0;2;0;0;0;0;1;0;0;0;0;1;0;0;0;0;0;0;0;0;0;6
10;"Publiczna Szkoła Podstawowa Nr 4, sala lekcyjna nr 2, ul. Sosnowa 3, 47-100 Strzelce Opolskie";161105;"gm. Strzelce Opolskie";"strzelecki";"opolskie";1;1;2;0;1;0;0;1;0;0;0;0;1;0;1;0;0;1;0;0;0;0;0;0;4;0;65;6;5;2;2;5;0;2;1;2;1;5;0;1;7;0;1;0;1;0;0;1;1;0;41;3;7;3;1;0;4;1;1;0;2;1;1;2;0;1;1;2;0;0;0;0;1;1;55;30;15;15;27;9;1;1;1;1;0;2;0;0;1;0;4;0;1;2;1;0;0;0;36;3;1;5;2;1;0;2;1;1;3;1;1;0;1;0;0;0;2;0;0;2;0;1;131;29;52;5;2;5;4;4;3;1;5;3;1;2;0;0;0;41;8;1;0;0;0;31;3;1;0;0;0;1;0;0;0;0;1;0;0;0;0;1;12;0;0;3;0;1;0;0;0;1;0;0;0;1;0;0;0;1;1;0;0;0;0;26
11;"Publiczna Szkoła Podstawowa Nr 4, sala lekcyjna nr 3, ul. Sosnowa 3, 47-100 Strzelce Opolskie";161105;"gm. Strzelce Opolskie";"strzelecki";"opolskie";1;1;1;0;0;0;0;0;1;0;1;0;1;0;0;0;0;0;0;0;0;1;0;1;1;0;69;4;6;1;3;7;3;0;0;2;0;1;0;1;7;1;1;2;2;0;1;0;0;2;22;1;3;3;1;0;0;2;0;0;0;0;1;1;0;0;2;2;1;0;1;1;0;0;47;23;14;10;31;2;2;1;3;1;0;0;2;0;0;1;0;0;2;1;1;0;0;0;19;2;1;2;1;0;0;0;0;0;1;0;2;1;0;0;0;0;0;1;0;0;2;1;93;18;51;9;2;9;5;3;2;0;2;1;1;0;0;2;0;36;3;0;1;0;0;19;4;0;1;1;1;0;2;0;0;0;1;0;0;1;0;0;7;0;1;4;0;0;0;0;0;0;0;0;0;0;0;0;0;0;0;0;0;0;1;4
12;"Publiczna Szkoła Podstawowa Nr 7, ul. Kardynała Stefana Wyszyńskiego 2, 47-100 Strzelce Opolskie";161105;"gm. Strzelce Opolskie";"strzelecki";"opolskie";1;1;5;1;0;0;0;0;0;2;0;0;0;0;0;1;0;0;0;1;0;0;0;0;1;0;63;4;6;0;4;5;0;0;1;0;0;6;1;3;5;2;0;2;0;0;0;1;0;1;51;1;6;5;0;0;1;1;2;0;1;0;0;3;0;2;0;0;1;0;0;0;0;2;69;25;13;28;38;6;1;0;0;1;2;0;1;1;2;0;5;0;1;1;4;0;0;3;31;4;1;3;2;3;0;0;0;0;1;0;0;0;0;0;0;2;0;1;0;2;0;0;129;43;76;3;3;7;9;9;3;1;4;1;3;1;2;2;0;46;7;1;3;1;0;22;4;1;0;1;1;0;2;0;1;0;0;0;0;0;0;0;3;0;1;2;0;1;0;0;0;0;0;0;0;2;0;0;0;1;0;0;0;0;0;18
13;"Przedszkole Publiczne Nr 8, ul. Kardynała Stefana Wyszyńskiego 6, 47-100 Strzelce Opolskie";161105;"gm. Strzelce Opolskie";"strzelecki";"opolskie";1;1;2;0;1;2;1;0;1;0;0;0;0;0;0;2;0;2;0;1;0;0;0;0;3;0;48;7;1;0;2;5;2;0;0;2;0;1;1;0;9;0;0;2;1;0;0;1;0;0;20;3;4;4;0;0;2;0;0;0;1;1;0;0;0;2;0;0;0;0;4;0;1;0;73;14;17;34;41;10;1;0;1;0;0;0;1;6;3;0;5;0;0;0;2;1;0;0;21;7;2;3;2;1;0;0;1;0;0;0;0;0;2;0;0;0;0;0;1;0;0;1;114;13;36;1;2;3;4;5;2;1;4;0;1;3;0;4;0;24;9;1;0;1;0;18;5;0;1;0;0;0;1;0;0;0;0;0;0;0;0;0;5;2;0;2;0;0;0;0;1;0;0;0;0;0;0;0;0;1;0;0;0;0;0;3
14;"Żłobek, ul. Kardynała Stefana Wyszyńskiego 14, 47-100 Strzelce Opolskie";161105;"gm. Strzelce Opolskie";"strzelecki";"opolskie";1;1;2;1;2;0;1;1;3;0;0;0;1;0;0;0;0;1;1;0;0;0;0;0;2;0;51;9;1;2;6;2;1;0;2;1;1;1;0;1;0;0;1;0;1;0;0;0;0;3;41;2;12;3;0;0;1;0;0;2;0;2;0;1;0;1;0;2;0;0;0;1;0;0;61;17;7;28;52;7;0;1;0;3;2;1;0;0;1;2;6;0;2;0;0;5;0;1;18;0;0;2;0;0;0;0;1;0;0;0;0;0;1;0;1;0;0;0;0;1;0;0;142;18;46;13;2;6;7;1;1;0;1;1;1;0;0;1;0;21;16;1;1;2;0;18;1;1;0;0;0;0;0;0;0;0;0;0;0;0;0;0;8;1;0;4;0;0;0;0;0;0;0;0;0;0;0;0;0;0;0;0;0;0;0;5
15;"Przedszkole Publiczne Nr 9, ul. Kardynała Stefana Wyszyńskiego 12, 47-100 Strzelce Opolskie";161105;"gm. Strzelce Opolskie";"strzelecki";"opolskie";1;1;2;0;0;2;0;2;0;0;1;0;1;0;0;1;0;0;0;1;2;0;0;0;0;1;50;8;2;3;4;3;1;1;4;3;0;3;2;0;3;0;0;2;0;0;3;0;1;1;37;3;14;5;0;1;1;1;2;1;0;1;0;2;0;2;0;0;1;1;0;0;1;0;68;28;9;26;37;6;1;1;3;4;0;1;0;0;1;0;9;0;0;0;0;2;0;3;17;2;0;3;1;0;0;4;0;0;0;1;0;2;0;0;0;0;0;0;1;1;1;1;117;20;40;2;4;6;2;8;1;0;1;2;0;5;0;2;1;25;4;0;1;0;0;27;6;0;2;0;0;0;0;0;1;0;1;0;0;0;0;0;5;3;0;3;0;0;0;0;0;0;0;0;0;0;0;0;0;0;0;0;0;0;0;8
16;"Zespół Placówek Oświatowych w Dziewkowicach, Przedszkole Publiczne, Dziewkowice ul. Strzelecka 1, 47-100 Strzelce Opolskie";161105;"gm. Strzelce Opolskie";"strzelecki";"opolskie";1;1;1;1;0;0;0;0;0;0;0;0;1;0;0;0;0;0;0;0;0;1;0;0;1;0;112;4;1;3;2;0;0;0;0;0;0;4;0;0;3;0;1;0;0;0;0;0;1;1;22;1;3;0;1;0;1;1;0;0;0;0;1;2;0;0;0;0;0;0;0;0;0;3;61;21;15;8;37;13;0;0;1;1;0;0;0;0;0;3;2;2;0;1;0;2;1;1;16;2;2;0;1;2;1;0;0;0;0;0;1;0;1;0;0;0;0;0;0;0;0;0;63;6;20;2;1;0;6;5;3;0;1;1;0;1;0;0;0;32;9;2;1;0;0;6;1;0;1;0;0;0;0;0;0;1;0;0;0;0;0;0;26;8;2;14;2;1;1;0;0;0;1;0;0;5;0;0;1;1;0;0;0;0;0;51
17;"Zespół Placówek Oświatowych w Błotnicy Strzeleckiej, Przedszkole Publiczne, Warmątowice ul. Błotnicka 6, 47-100 Strzelce Opolskie";161105;"gm. Strzelce Opolskie";"strzelecki";"opolskie";1;1;1;0;0;0;0;1;0;0;1;0;0;0;0;0;0;1;0;0;0;0;0;0;2;0;29;4;1;0;1;2;0;1;0;0;0;0;0;0;5;0;0;0;1;0;1;0;0;0;10;0;1;0;0;0;0;0;0;0;0;0;2;0;0;1;0;0;1;0;2;0;0;0;28;11;2;9;9;1;1;0;2;1;0;0;0;1;0;0;0;1;0;0;1;0;0;0;12;2;2;0;1;0;1;0;1;0;1;0;0;0;0;0;1;0;0;0;0;1;0;0;26;0;13;0;0;3;1;3;0;1;0;0;0;0;0;0;1;26;7;1;0;0;2;7;1;0;1;0;2;1;0;0;1;0;0;0;0;1;0;0;12;1;1;7;0;1;0;0;0;1;0;1;0;0;0;0;1;1;1;0;0;0;0;23
18;"Zespół Placówek Oświatowych w Błotnicy Strzeleckiej, Publiczna Szkoła Podstawowa, Błotnica Strzelecka ul. Toszecka 19, 47-100 Strzelce Opolskie";161105;"gm. Strzelce Opolskie";"strzelecki";"opolskie";1;1;2;0;0;0;0;0;0;0;0;0;0;0;0;1;0;0;0;0;0;1;0;0;1;0;29;0;0;1;1;2;0;0;0;0;0;0;1;2;11;0;0;2;0;1;0;1;0;0;13;3;3;0;2;1;1;0;0;0;1;0;0;1;0;0;0;1;0;0;1;1;0;0;51;18;9;5;33;3;5;3;0;1;4;0;1;0;0;1;9;0;0;0;1;1;0;4;7;3;3;0;0;4;4;0;0;1;0;0;1;3;0;0;0;0;0;0;0;4;1;0;35;8;14;0;3;2;5;10;3;1;0;3;0;0;2;1;0;64;8;1;0;0;0;4;8;2;0;3;2;1;2;0;0;0;0;0;0;0;0;1;29;2;1;4;1;4;1;0;0;0;0;0;0;4;0;0;0;0;0;0;0;0;0;19
19;"Niepubliczna Szkoła Podstawowa, Grodzisko ul. Główna 35, 47-100 Strzelce Opolskie";161105;"gm. Strzelce Opolskie";"strzelecki";"opolskie";1;1;5;0;0;0;0;0;0;0;1;0;0;0;1;0;0;0;1;0;0;0;0;0;0;0;47;1;0;0;1;1;0;0;0;1;0;2;0;0;0;0;0;1;0;0;1;0;0;0;7;0;3;0;0;0;0;0;0;0;0;0;0;0;0;0;0;0;0;0;0;0;0;0;19;18;5;5;21;2;0;1;1;1;0;0;0;0;0;0;0;0;0;1;1;1;0;0;16;1;2;2;0;0;0;2;1;0;0;0;1;0;0;1;0;0;0;1;0;0;0;0;14;2;4;0;2;0;0;2;1;0;0;1;1;0;0;1;0;19;3;0;0;0;0;3;8;0;6;0;6;1;0;0;0;0;0;1;0;0;1;0;21;16;1;0;0;0;1;0;0;0;2;0;0;3;0;0;0;0;0;0;0;0;1;21
20;"Zespół Placówek Oświatowych w Kadłubie, Przedszkole Publiczne, Osiek ul. Strzelecka 1, 47-100 Strzelce Opolskie";161105;"gm. Strzelce Opolskie";"strzelecki";"opolskie";1;1;1;0;0;0;1;0;0;0;0;0;1;0;0;0;0;0;0;0;0;0;0;1;0;0;15;1;0;0;0;0;0;0;0;0;0;0;0;0;10;0;0;2;0;0;0;0;0;0;2;1;2;0;0;0;0;0;0;0;0;0;0;1;0;0;0;0;0;0;0;0;0;0;10;15;1;1;16;1;0;0;0;0;0;1;1;0;0;0;1;0;0;0;0;0;0;3;6;1;0;2;1;2;0;1;0;0;0;0;0;0;0;0;0;0;0;0;0;0;0;0;9;3;2;0;0;0;0;1;1;0;0;0;0;0;0;0;0;17;1;0;0;0;0;1;1;0;0;0;0;0;0;0;0;0;0;0;0;0;0;0;13;5;2;0;0;0;0;0;0;0;0;0;0;2;0;0;0;0;0;0;0;0;0;17
21;"Zespół Placówek Oświatowych Publiczna Szkoła Podstawowa, Kalinowice ul. Szkolna 1, 47-100 Strzelce Opolskie";161105;"gm. Strzelce Opolskie";"strzelecki";"opolskie";1;1;2;5;0;0;0;0;0;0;1;0;0;0;0;1;0;0;0;0;0;0;0;0;1;0;22;11;1;0;0;1;0;0;0;0;0;0;0;0;4;0;0;0;1;0;1;0;0;0;12;3;2;0;0;0;2;2;1;0;0;0;2;0;0;0;2;0;0;1;1;0;0;2;34;18;8;16;16;6;1;0;0;0;1;1;0;2;0;0;0;0;1;0;0;0;0;0;20;3;2;0;1;0;0;0;0;1;0;0;0;0;1;0;0;0;0;0;0;1;0;0;28;8;15;2;3;2;1;3;1;0;0;0;0;0;0;5;0;36;4;1;1;0;0;17;8;0;0;0;2;0;0;0;0;1;0;0;1;0;0;0;17;1;0;10;0;0;0;0;0;1;0;0;0;5;0;0;0;1;0;0;0;0;0;4
22;"Świetlica Wiejska, Szymiszów ul. Wolności 60, 47-100 Strzelce Opolskie";161105;"gm. Strzelce Opolskie";"strzelecki";"opolskie";1;1;2;0;3;0;1;0;0;0;0;1;1;0;0;0;0;0;0;1;1;0;1;0;0;0;20;1;3;0;4;0;0;0;0;1;0;0;0;0;1;1;1;1;0;2;0;0;0;1;7;2;1;3;1;0;0;2;1;0;0;0;1;1;0;0;0;0;1;0;0;0;0;1;25;6;6;5;12;1;0;0;0;1;0;2;0;0;1;0;1;0;0;0;3;0;0;0;20;1;2;1;1;2;0;0;0;0;2;0;1;0;0;0;0;0;0;0;0;0;1;0;17;8;14;0;1;2;1;2;1;0;1;0;0;0;0;0;0;28;2;1;0;0;1;6;4;2;1;1;1;0;2;0;0;0;2;0;0;0;0;1;9;1;0;5;0;0;0;0;1;0;1;0;0;3;0;0;0;1;0;0;0;0;0;6
23;"Świetlica Wiejska, Rożniątów ul. Wolności 28, 47-100 Strzelce Opolskie";161105;"gm. Strzelce Opolskie";"strzelecki";"opolskie";1;1;1;0;0;0;0;1;0;0;0;0;0;0;1;0;0;0;0;0;0;0;0;0;0;2;21;0;4;1;1;0;0;2;1;1;0;0;0;0;0;3;0;5;0;0;0;0;0;1;7;2;2;3;0;1;0;0;0;0;0;0;1;2;0;1;2;0;0;0;0;0;0;0;43;32;8;6;21;5;0;0;1;0;2;0;0;1;0;0;2;0;1;0;0;0;0;0;7;3;3;0;2;0;0;0;0;0;1;0;0;0;0;0;1;0;0;0;0;0;0;1;24;11;19;1;2;3;0;4;1;0;1;0;0;0;0;0;1;27;2;0;0;1;0;7;2;1;2;3;3;0;1;0;0;0;0;0;0;0;1;1;10;3;1;13;0;0;0;0;0;0;0;1;0;0;1;0;0;0;1;0;0;0;0;10
24;"Zespół Placówek Oświatowych w Suchej, Publiczna Szkoła Podstawowa, Sucha ul. Kościelna 40, 47-100 Strzelce Opolskie";161105;"gm. Strzelce Opolskie";"strzelecki";"opolskie";1;1;4;0;0;0;0;0;1;0;0;0;0;0;0;1;0;0;0;0;0;0;1;0;0;1;25;3;1;2;0;2;0;0;0;0;0;0;0;1;3;0;1;3;0;0;0;0;0;0;3;0;1;1;0;0;0;1;0;0;1;0;0;0;0;0;0;0;0;0;0;1;0;0;25;15;1;10;9;6;2;1;0;1;0;0;0;0;0;0;0;0;0;0;0;0;0;0;21;1;0;1;1;1;0;1;1;0;0;1;0;0;0;0;0;0;0;0;0;1;0;1;29;3;19;4;0;3;0;5;2;0;1;0;1;0;0;0;0;46;2;0;0;0;0;7;0;0;0;1;0;0;0;0;0;0;0;0;1;0;0;0;11;4;0;2;0;0;0;0;0;0;0;0;0;8;0;0;0;0;0;0;0;0;0;14
25;"Publiczna Szkoła Podstawowa, Szymiszów ul. Szkolna 2, 47-100 Strzelce Opolskie";161105;"gm. Strzelce Opolskie";"strzelecki";"opolskie";1;1;2;0;0;1;0;0;0;0;1;0;0;0;0;2;0;0;0;0;0;0;0;0;0;1;32;2;3;1;6;1;1;0;1;0;1;2;1;4;5;0;0;3;0;0;0;0;1;0;14;0;4;0;0;0;1;0;1;0;2;0;1;2;0;0;0;1;0;2;0;0;0;1;33;36;11;4;6;7;1;0;0;1;0;0;1;0;0;0;0;0;0;2;3;0;0;1;13;2;1;1;2;1;0;0;0;1;0;1;0;0;0;0;0;0;0;0;0;0;2;2;39;10;11;0;0;7;1;1;4;0;0;1;2;0;0;0;0;51;3;0;1;2;0;11;6;0;0;0;1;0;0;0;1;0;0;0;0;0;2;0;24;4;0;4;0;0;1;0;1;0;0;0;0;7;0;0;0;0;1;0;0;0;1;6
26;"Zespół Placówek Oświatowych w Rozmierce, Publiczna Szkoła Podstawowa, Rozmierka ul. Szkolna 3, 47-100 Strzelce Opolskie";161105;"gm. Strzelce Opolskie";"strzelecki";"opolskie";1;1;0;0;1;0;1;0;0;0;0;0;1;0;0;0;0;0;0;0;0;0;1;0;1;0;44;1;3;0;0;1;1;0;0;0;0;2;0;0;5;1;0;3;0;0;0;0;0;0;5;0;6;0;0;0;3;0;0;0;0;0;2;0;0;0;0;0;0;0;0;0;0;0;15;17;3;2;87;16;0;1;1;1;0;0;0;0;0;1;0;1;0;0;1;0;0;1;16;6;2;3;0;0;0;1;0;1;0;0;0;0;1;0;0;0;0;0;1;0;0;0;16;4;9;0;4;1;1;1;2;0;0;0;1;0;0;0;0;28;1;0;0;2;0;14;11;0;0;0;5;0;1;0;1;0;0;0;0;1;0;0;17;15;1;6;1;1;0;1;1;0;1;0;0;2;1;0;0;1;0;1;0;0;0;25
27;"Świetlica Wiejska, Rozmierz ul. Wyzwolenia 10, 47-100 Strzelce Opolskie";161105;"gm. Strzelce Opolskie";"strzelecki";"opolskie";1;1;0;0;0;0;0;0;0;0;0;0;0;0;0;0;0;0;0;0;0;0;0;0;0;0;11;3;0;1;0;0;0;0;0;0;0;1;0;0;4;0;1;2;0;0;0;0;0;0;1;1;0;0;0;0;0;0;0;0;0;0;1;0;0;0;0;0;0;1;0;0;0;0;11;9;0;4;14;6;1;1;2;0;0;0;0;2;0;0;0;0;0;0;0;0;1;0;8;1;0;1;3;2;0;0;0;1;0;0;0;0;2;0;1;0;0;0;1;0;0;1;10;0;6;4;0;1;0;2;1;0;0;0;0;0;1;0;0;29;1;0;0;0;0;3;1;0;0;1;0;0;0;0;0;0;0;0;0;0;1;0;16;7;1;2;0;0;0;0;0;0;0;0;0;7;0;0;0;1;0;0;0;2;0;13
28;"Zespół Placówek Oświatowych, Publiczna Szkoła Podstawowa, Kadłub ul. Powstańców Śląskich 26, 47-100 Strzelce Opolskie";161105;"gm. Strzelce Opolskie";"strzelecki";"opolskie";1;1;0;0;1;1;0;1;1;0;1;0;0;0;0;1;0;0;0;0;1;0;0;1;1;0;82;12;2;0;0;2;0;0;0;0;0;0;0;0;6;0;0;3;0;0;0;0;1;1;9;2;1;2;1;1;0;0;0;0;1;1;1;0;0;0;0;0;0;0;3;0;0;0;19;79;4;6;29;4;0;1;0;0;1;0;1;3;0;0;2;0;0;0;3;0;0;4;25;4;2;3;1;1;2;0;1;0;0;0;2;0;2;1;0;1;0;0;0;0;0;0;21;10;10;1;3;2;1;5;14;0;1;1;0;0;0;0;0;51;6;1;1;1;0;7;7;1;0;2;1;0;1;0;0;3;0;0;0;0;0;1;35;9;0;4;0;1;0;0;0;1;1;0;0;2;0;0;0;1;1;0;0;0;0;36
29;"Dom Pomocy Społecznej w Strzelcach Opolskich, ul. Strażacka 8, 47-100 Strzelce Opolskie";161105;"gm. Strzelce Opolskie";"strzelecki";"opolskie";1;1;1;1;0;0;0;0;0;1;0;0;0;0;1;0;0;0;0;0;0;0;0;0;0;0;1;0;0;0;0;0;0;0;0;1;0;0;0;0;0;0;0;0;0;0;0;0;0;0;0;0;0;0;0;0;0;0;0;0;0;0;0;0;0;0;1;0;0;0;0;0;0;0;14;1;0;0;0;0;0;0;0;1;0;0;0;0;0;0;1;0;0;0;0;0;0;0;0;0;0;0;0;0;0;0;0;0;0;0;0;0;0;0;0;0;0;0;0;0;0;0;0;0;0;0;0;1;0;0;0;0;0;0;0;0;0;0;0;1;0;0;0;0;0;0;1;0;0;0;0;0;0;0;0;0;0;0;0;0;0;0;1;0;0;0;0;0;0;0;0;0;0;0;0;1;0;0;0;1;0;0;0;0;0;0
30;"Dom Pomocy Społecznej w Strzelcach Opolskich Filia w Szymiszowie, Szymiszów ul. Strzelecka 2, 47-100 Strzelce Opolskie";161105;"gm. Strzelce Opolskie";"strzelecki";"opolskie";1;1;2;0;0;0;0;0;0;0;1;0;0;0;0;0;0;0;0;0;0;0;0;0;0;0;1;0;0;0;0;0;0;0;0;0;0;0;0;0;0;0;0;0;0;0;0;0;0;0;0;0;1;0;0;0;0;0;0;0;0;0;0;0;0;0;0;0;0;0;0;0;0;0;5;2;1;2;1;0;0;1;1;0;0;1;0;0;0;2;0;0;0;0;0;0;0;0;0;0;0;0;0;0;0;0;0;0;0;0;0;0;0;0;0;0;0;0;0;0;0;0;1;0;2;1;0;0;0;0;0;0;0;0;0;0;0;0;0;0;0;0;0;0;0;0;1;0;0;0;0;0;1;0;0;0;0;0;0;0;0;0;0;1;0;0;0;1;0;0;0;0;0;0;0;0;0;0;0;0;0;0;0;0;0;0
31;"Szpital Powiatowy im. Prałata J. Glowatzkiego, ul. Opolska 36A, 47-100 Strzelce Opolskie";161105;"gm. Strzelce Opolskie";"strzelecki";"opolskie";1;1;0;0;0;0;0;0;0;0;0;0;0;0;0;0;0;0;0;0;0;0;0;0;0;0;0;1;0;0;0;0;0;0;0;0;0;0;0;0;0;0;0;0;0;0;0;0;0;0;1;0;0;0;0;0;0;0;0;0;0;0;0;0;0;0;0;0;0;0;0;0;0;0;5;0;0;0;0;0;0;0;0;0;0;0;0;0;0;0;0;0;1;0;0;0;0;0;1;0;0;0;0;0;0;0;0;0;0;0;0;0;0;0;0;0;0;0;0;0;0;0;4;1;1;0;0;0;1;0;0;0;0;0;0;1;0;0;0;0;0;0;0;0;0;1;0;0;0;0;0;0;0;0;0;0;0;0;0;0;0;0;0;0;1;0;0;0;0;0;0;0;0;0;0;0;0;0;0;0;0;0;0;0;0;0
32;"Zakład Karny Nr 1 w Strzelcach Opolskich, ul. Karola Miarki 1, 47-100 Strzelce Opolskie";161105;"gm. Strzelce Opolskie";"strzelecki";"opolskie";1;1;6;1;2;1;3;4;0;1;0;1;1;0;0;0;0;0;0;1;0;0;0;0;0;1;33;1;2;2;2;6;0;2;2;2;1;4;4;3;0;2;2;2;3;0;1;1;2;1;18;1;3;2;2;0;1;1;1;1;1;1;2;0;0;2;0;0;1;0;0;1;0;0;45;1;2;5;2;3;1;2;4;1;0;1;0;5;0;1;1;0;0;2;0;0;0;1;8;3;1;1;0;2;1;1;2;0;1;0;0;0;1;1;0;0;0;1;1;0;0;0;179;22;12;12;13;22;14;1;4;1;8;10;3;2;0;3;0;8;22;1;5;7;0;66;1;0;0;0;0;0;0;0;0;0;0;0;0;1;0;0;0;0;0;1;0;0;0;0;0;0;0;0;0;0;0;0;0;0;0;0;0;0;0;0
33;"Zakład Karny Nr 1 w Strzelcach Opolskich-Oddział Zewnętrzny w Strzelcach Opolskich, ul. Klonowa 3, 47-100 Strzelce Opolskie";161105;"gm. Strzelce Opolskie";"strzelecki";"opolskie";1;1;8;1;0;0;0;1;2;0;0;0;0;0;0;0;0;0;1;1;0;0;0;0;0;0;20;1;1;0;2;2;0;0;0;0;0;3;0;3;0;2;2;2;0;0;0;1;0;1;14;1;4;0;0;2;2;1;1;1;3;1;1;0;0;1;0;0;0;1;1;0;1;1;18;5;1;4;1;0;0;0;3;0;1;1;1;2;0;0;1;0;1;0;1;0;0;0;5;0;1;1;0;0;0;0;0;0;1;0;1;0;0;0;0;0;0;0;0;1;0;0;118;14;7;8;6;13;7;7;5;0;9;8;3;4;0;1;1;3;2;2;3;5;0;5;2;0;0;0;0;0;0;0;0;0;1;0;0;0;0;0;2;0;0;0;0;0;0;0;0;0;1;1;0;0;0;0;0;0;0;0;0;0;0;0
1;"Sala Posiedzeń Urzędu Miejskiego, ul. Sławięcicka 19, 47-143 Ujazd";161106;"gm. Ujazd";"strzelecki";"opolskie";1;1;1;3;2;1;1;0;0;0;0;0;0;0;0;3;0;1;2;0;0;0;0;1;7;1;56;6;5;6;3;4;3;1;0;1;1;8;2;0;10;3;3;6;2;0;1;0;1;1;28;3;3;3;1;1;6;1;3;0;0;0;0;0;0;4;1;2;0;0;0;1;0;0;92;48;21;12;48;5;2;0;2;2;2;0;1;6;0;2;0;1;1;1;0;0;0;2;32;1;4;4;3;2;2;1;3;0;2;0;1;1;3;0;1;0;0;4;0;4;1;4;122;9;36;4;8;3;23;6;2;1;2;1;0;8;1;0;0;18;17;3;0;0;0;10;8;1;2;3;1;0;1;0;0;0;1;0;0;1;0;0;26;5;1;18;0;1;1;0;0;0;1;1;0;2;0;0;0;0;0;0;2;0;1;23
2;"Szkoła Podstawowa, Olszowa ul. Szkolna 7, 47-143 Ujazd";161106;"gm. Ujazd";"strzelecki";"opolskie";1;1;0;1;0;0;0;1;1;0;0;0;0;0;1;0;0;0;0;0;1;0;0;0;0;0;7;0;0;1;1;0;0;0;0;0;0;2;0;1;3;0;0;0;0;0;0;0;0;0;2;0;0;2;0;0;0;0;1;0;0;0;1;0;0;0;0;0;1;0;0;0;0;0;21;5;0;1;20;1;0;0;2;0;0;0;1;0;0;0;2;0;1;0;0;0;0;0;5;0;0;1;0;1;0;0;0;0;0;0;2;0;0;0;1;0;0;0;0;0;0;0;22;6;3;2;3;1;0;8;0;2;0;0;1;0;0;1;2;13;4;1;2;0;0;3;2;0;0;0;0;0;0;0;0;0;0;0;0;0;0;0;11;0;0;7;1;2;0;0;0;0;0;0;0;1;2;0;0;0;0;2;0;0;1;6
3;"Szkoła Podstawowa, Jaryszów ul. Stawowa 1, 47-143 Ujazd";161106;"gm. Ujazd";"strzelecki";"opolskie";1;1;2;0;0;0;0;1;0;1;1;0;0;0;0;0;0;0;0;1;0;1;0;0;1;1;28;2;0;1;0;3;1;0;0;0;0;2;0;0;6;0;1;7;0;0;1;0;0;0;8;2;1;2;1;0;0;0;0;0;0;0;0;1;0;1;0;1;0;0;0;0;0;0;26;6;3;6;42;0;1;0;0;0;1;0;0;0;0;0;2;0;0;0;1;0;0;1;14;2;3;3;0;3;0;0;3;1;1;0;0;0;0;0;0;0;0;0;0;1;0;0;23;3;2;3;0;1;4;6;2;1;1;0;1;0;1;0;0;18;12;0;1;0;0;1;8;0;1;1;2;0;2;0;0;0;0;1;1;1;0;0;22;4;0;8;0;1;0;0;0;0;0;0;0;0;0;0;0;0;0;0;0;0;0;25
4;"Świetlica Wiejska, Zimna Wódka ul. Ujazdowska 6, 47-143 Ujazd";161106;"gm. Ujazd";"strzelecki";"opolskie";1;1;1;0;0;0;0;0;0;0;3;0;0;0;0;0;0;0;0;0;0;2;0;0;0;0;25;7;2;0;2;2;1;0;1;0;0;3;1;1;5;0;0;3;0;0;1;1;1;0;10;1;0;0;0;0;2;0;0;0;0;0;0;0;0;0;0;0;0;0;0;0;2;0;38;14;4;5;28;2;1;2;3;0;0;0;0;0;0;0;2;0;0;2;0;0;0;0;18;0;1;1;1;1;0;0;0;0;0;0;0;0;1;0;1;0;0;0;0;0;0;1;22;0;4;1;1;4;2;1;0;0;0;0;0;0;0;0;0;45;4;0;0;0;0;11;2;1;0;1;1;0;0;0;0;1;0;2;0;0;1;0;12;5;2;26;0;0;0;1;0;2;0;0;0;6;0;0;0;0;0;0;0;0;1;14
5;"Świetlica Wiejska, Sieroniowice ul. Strzelecka 29, 47-143 Ujazd";161106;"gm. Ujazd";"strzelecki";"opolskie";1;1;0;0;0;0;0;0;0;1;0;0;0;0;0;0;0;0;0;1;0;0;0;0;1;1;20;5;5;0;0;1;0;0;0;0;0;0;0;0;3;2;0;0;0;0;1;0;1;0;6;1;1;1;0;0;0;0;0;0;0;0;0;0;0;1;0;0;0;0;1;1;0;0;40;6;6;7;13;1;0;3;3;4;3;1;0;1;1;0;1;1;0;0;0;0;0;0;4;0;1;1;0;0;0;0;1;0;0;0;0;1;0;1;0;0;0;0;0;0;0;0;30;5;5;2;2;1;4;3;4;0;1;0;0;0;0;0;0;20;3;0;0;0;0;2;1;0;0;0;0;0;0;0;0;0;0;0;0;0;0;0;8;1;0;5;1;0;2;0;0;0;0;0;0;2;0;0;0;0;0;0;0;0;1;11
6;"Budynek po Szkole Podstawowej, Stary Ujazd ul. Szkolna 3, 47-143 Ujazd";161106;"gm. Ujazd";"strzelecki";"opolskie";1;1;0;0;0;0;0;0;1;0;1;0;1;0;0;0;0;0;0;0;0;1;0;0;0;0;14;0;1;2;1;3;3;0;1;1;0;0;0;0;5;1;0;1;0;0;0;0;1;0;3;0;0;0;0;0;0;0;0;0;0;0;0;0;0;0;0;1;0;0;0;0;0;0;15;27;3;3;14;2;0;2;0;1;2;0;1;1;0;3;0;0;2;1;0;2;0;2;18;1;1;2;0;0;0;2;0;0;0;0;2;0;0;0;1;0;0;0;0;0;1;0;13;2;10;2;2;1;1;2;0;0;1;0;0;0;0;0;0;13;1;0;0;0;0;0;4;0;0;3;0;2;1;0;1;1;0;4;1;0;0;0;24;3;1;6;1;1;0;0;0;0;2;0;0;2;0;0;0;0;0;0;0;0;1;16
7;"Budynek Kulturalno-Oświatowy, Niezdrowice ul. Wiejska 34, 47-143 Ujazd";161106;"gm. Ujazd";"strzelecki";"opolskie";1;1;1;0;0;0;1;1;0;1;0;0;0;0;0;0;0;0;0;0;0;0;0;0;0;0;14;5;0;1;0;0;0;2;0;0;0;0;0;1;1;0;1;0;0;0;0;0;0;2;2;0;0;0;0;0;0;0;0;0;0;0;0;0;0;0;0;0;0;0;0;0;0;0;26;17;15;6;12;2;1;0;0;0;3;1;0;0;2;0;0;0;0;1;0;0;0;0;9;1;0;0;0;1;0;0;1;0;1;0;3;0;0;0;0;0;0;0;0;1;0;0;21;3;6;2;1;1;9;1;4;0;1;0;0;8;0;0;0;3;3;0;0;1;0;1;4;0;1;0;0;1;0;1;0;2;0;0;0;0;0;0;9;3;1;7;0;2;0;0;0;0;1;1;0;0;0;0;0;0;1;0;0;0;0;7
8;"Publiczne Przedszkole, Balcarzowice ul. 1 Maja 12, 47-134 Błotnica Strzelecka";161106;"gm. Ujazd";"strzelecki";"opolskie";1;1;3;0;0;0;0;0;0;1;1;0;0;0;0;0;0;0;0;0;0;1;0;0;0;0;4;1;0;0;0;0;0;0;0;1;0;0;0;0;4;0;0;1;0;0;0;0;0;0;4;0;0;1;0;0;0;0;0;0;0;0;0;0;0;0;0;0;0;0;0;0;0;0;19;5;1;3;3;1;2;0;2;1;1;0;0;1;0;0;0;1;0;0;0;0;0;0;2;0;0;2;0;0;0;0;0;0;0;0;0;0;0;0;0;0;0;0;0;0;0;0;12;0;0;0;0;3;0;3;3;0;0;0;0;0;0;0;0;9;2;0;0;0;0;1;0;1;0;0;0;0;0;1;0;0;0;0;0;0;0;0;3;3;4;3;0;0;0;0;0;1;1;0;0;2;0;0;0;0;1;0;0;1;0;6
9;"Świetlica Wiejska w Nogowczycach, ul. Lipowa 1, 47-143 Nogowczyce";161106;"gm. Ujazd";"strzelecki";"opolskie";1;1;0;0;0;0;0;0;0;0;0;0;1;0;0;0;0;0;0;0;1;0;0;0;0;0;7;2;1;0;0;2;0;1;0;1;0;0;0;0;2;1;0;0;0;0;0;0;0;0;3;0;0;0;0;0;0;1;1;0;0;0;0;0;0;0;0;0;0;0;0;0;0;0;6;1;1;5;2;1;0;0;0;0;1;0;0;0;1;0;3;0;0;0;0;0;0;0;3;0;0;0;1;0;0;0;1;0;0;1;1;0;1;2;0;0;0;0;0;1;0;0;11;1;1;1;0;1;1;1;0;0;0;1;0;0;0;0;0;32;2;1;3;0;0;2;2;0;0;0;0;1;3;1;0;1;0;2;1;0;0;0;4;0;0;0;0;0;0;0;0;0;1;1;0;0;0;0;0;0;0;0;0;0;0;18
1;"Kinoteatr, pl. Plac Hutnika 1, 47-120 Zawadzkie";161107;"gm. Zawadzkie";"strzelecki";"opolskie";1;1;2;0;2;0;0;1;0;0;2;0;0;0;0;2;0;0;1;0;3;0;0;1;0;2;45;5;3;2;3;4;1;0;0;1;0;4;1;1;3;0;1;2;0;0;2;0;0;1;15;3;0;1;1;1;2;1;0;0;1;0;1;1;0;2;0;0;0;0;0;0;0;0;84;57;64;10;8;8;2;2;1;2;4;1;0;1;0;0;4;0;1;0;5;1;1;0;40;0;1;3;1;0;1;1;1;2;3;0;2;2;2;1;1;0;0;0;5;0;1;0;64;7;43;2;0;3;1;7;0;0;0;3;1;0;0;3;0;87;2;0;0;2;1;6;10;0;2;1;4;0;2;1;1;1;3;6;0;0;0;0;8;3;2;0;0;0;0;0;0;0;0;0;0;0;1;0;0;0;0;0;0;0;0;33
2;"Ośrodek Pomocy Społecznej, ul. Dębowa 11, 47-120 Zawadzkie";161107;"gm. Zawadzkie";"strzelecki";"opolskie";1;1;3;1;0;0;1;0;1;0;0;0;2;2;0;2;0;0;0;1;1;0;0;0;2;0;69;4;9;1;1;2;1;0;0;0;0;6;1;1;1;2;1;2;1;0;1;0;0;2;25;5;6;3;1;0;2;0;3;0;1;1;1;1;0;0;1;0;1;0;0;0;0;0;77;48;87;20;13;10;1;0;1;2;2;3;2;1;1;0;1;0;0;1;4;3;0;1;38;5;4;1;1;1;1;0;2;1;0;0;1;0;1;0;0;0;0;0;10;4;0;3;73;12;29;8;2;1;8;3;0;1;0;2;1;0;0;0;2;124;9;0;0;1;0;9;18;0;3;2;1;1;1;0;0;1;1;4;0;0;0;1;14;5;2;7;0;1;0;0;0;1;0;0;0;6;0;0;0;0;0;0;0;0;0;50
3;"Publiczna Szkoła Podstawowa w Zawadzkiem, ul. Opolska 47, 47-120 Zawadzkie";161107;"gm. Zawadzkie";"strzelecki";"opolskie";1;1;6;1;2;0;1;1;0;0;2;0;0;0;0;1;0;0;1;1;0;0;0;0;2;0;62;7;10;0;3;10;2;1;1;1;1;8;1;2;6;1;3;1;1;1;0;1;3;3;43;6;2;5;1;0;0;1;1;0;0;5;5;2;1;1;0;0;1;1;0;0;1;0;124;66;86;28;24;12;0;2;3;2;2;0;4;3;3;0;2;1;1;0;0;1;2;1;44;6;3;2;1;2;0;0;0;1;0;0;0;0;2;0;0;0;0;0;4;4;1;1;113;25;73;5;1;7;3;7;3;0;3;0;2;1;0;2;1;165;5;1;0;3;0;14;10;2;1;2;4;1;2;1;0;2;0;0;1;0;1;2;15;3;3;1;0;0;1;0;1;0;0;2;1;1;0;0;0;0;0;1;0;0;0;41
4;"Publiczna Szkoła Podstawowa, Żędowice ul. Strzelecka 35A, 47-120 Zawadzkie";161107;"gm. Zawadzkie";"strzelecki";"opolskie";1;1;8;3;2;0;0;0;1;0;1;0;0;1;1;2;0;0;0;0;0;0;0;0;0;0;56;3;11;0;1;2;1;0;0;1;0;9;0;0;4;3;0;1;1;3;3;0;0;1;21;1;5;0;1;0;3;0;1;0;0;2;1;0;0;0;1;0;1;0;0;0;0;0;102;78;139;15;12;11;0;3;3;1;2;1;1;4;4;0;1;2;0;2;5;2;0;3;27;1;3;2;4;4;2;0;0;1;1;0;2;4;1;0;0;0;0;0;3;3;0;0;54;10;20;4;2;2;2;12;1;1;2;3;0;0;0;1;0;103;5;0;1;1;1;2;31;0;2;1;2;2;9;2;3;5;1;1;0;0;0;2;27;8;3;1;0;0;4;1;2;1;1;0;0;0;0;0;0;1;1;0;0;0;0;75
5;"Zabytkowa Chata, ul. Dobrego Pasterza 35, 47-126 Kielcza";161107;"gm. Zawadzkie";"strzelecki";"opolskie";1;1;1;4;0;0;1;0;1;0;0;1;1;0;0;0;0;0;1;0;0;0;0;0;0;1;49;6;3;0;5;2;2;0;1;0;0;4;0;2;2;0;4;2;0;0;0;0;0;1;26;6;0;2;1;0;1;1;0;0;0;0;1;1;0;0;1;1;1;0;0;1;0;0;80;46;143;14;5;9;0;1;3;2;2;1;0;2;1;2;3;1;0;1;4;3;0;1;22;6;6;4;1;0;0;3;2;0;1;0;1;1;1;2;0;0;1;0;4;0;1;0;49;3;25;0;2;5;4;4;2;0;1;2;0;0;1;0;0;64;2;0;1;3;0;1;21;1;1;2;0;3;1;1;0;0;0;1;2;0;0;4;17;7;3;2;0;1;0;0;0;1;0;1;1;0;1;0;2;0;0;0;0;0;0;61
1;"Remiza OSP Wrzoski, ul. Wrocławska 242, 45-960 Opole";166101;"m. Opole";"Opole";"opolskie";1;1;0;2;0;0;0;0;0;0;0;0;0;0;0;0;0;0;0;0;0;0;0;0;0;0;17;8;3;0;2;0;3;0;1;1;1;3;0;0;0;1;2;0;0;0;0;1;1;2;12;3;1;3;0;0;0;0;0;0;0;0;0;0;0;0;0;0;0;0;0;0;0;0;22;14;1;9;11;3;0;1;0;0;1;0;0;0;0;0;0;0;0;1;1;0;0;2;10;1;1;1;0;1;0;0;0;0;1;0;0;0;0;0;0;0;0;0;0;2;0;0;37;15;34;5;1;1;0;17;0;0;7;1;0;0;0;1;1;1;1;1;0;1;0;40;0;0;0;0;0;0;0;0;0;0;0;0;0;0;2;0;19;10;1;1;0;8;0;1;0;0;0;0;0;0;0;0;0;0;0;0;0;0;0;0
2;"Publiczna Szkoła Podstawowa Nr 32, ul. Opolska 34, 45-960 Opole";166101;"m. Opole";"Opole";"opolskie";1;1;3;0;0;2;0;0;2;0;0;1;0;1;0;0;0;1;1;0;0;0;0;0;0;0;14;14;2;2;2;1;0;0;0;0;0;0;1;0;1;0;0;2;19;0;1;0;0;1;15;3;3;0;0;0;0;0;0;2;2;1;1;0;0;1;0;1;0;0;0;0;0;0;20;33;6;11;21;5;0;0;2;1;0;0;1;1;0;0;0;1;0;0;2;0;0;4;16;2;0;3;0;1;0;1;1;0;0;0;0;1;3;0;0;0;0;0;0;1;0;0;54;20;51;5;3;1;4;5;2;1;5;0;2;0;0;4;0;0;5;0;2;0;0;25;6;0;0;4;0;1;1;0;1;0;0;0;0;0;1;0;27;15;1;0;0;1;0;0;0;0;1;0;0;0;0;0;12;1;0;0;4;0;0;1
3;"Remiza OSP Bierkowice, ul. Wrocławska 190, 45-837 Opole";166101;"m. Opole";"Opole";"opolskie";1;1;1;1;0;0;0;0;0;0;0;1;0;0;0;0;0;0;0;0;0;0;0;0;1;0;30;20;11;2;1;2;1;0;0;0;0;2;0;2;1;1;3;1;0;0;2;0;0;1;33;3;5;0;1;0;5;1;0;0;0;1;1;0;1;0;1;0;0;0;1;0;0;0;26;25;1;17;13;12;1;0;0;0;0;0;0;0;0;0;0;0;0;0;3;0;3;0;25;4;4;1;0;0;0;0;0;0;0;0;0;0;0;0;0;0;0;0;0;0;0;1;58;35;58;3;4;9;2;9;1;0;1;1;0;0;1;3;3;2;0;1;2;1;0;27;6;0;0;0;0;0;0;0;0;0;0;0;0;0;0;0;9;1;0;0;0;1;1;0;0;0;0;0;0;1;0;0;0;0;0;1;1;1;1;0
4;"Publiczna Szkoła Podstawowa Nr 9, ul. Cmentarna 7, 45-834 Opole";166101;"m. Opole";"Opole";"opolskie";1;1;4;1;0;0;0;1;3;1;0;0;1;0;0;1;0;0;0;0;0;1;0;1;1;3;66;20;17;3;5;8;3;0;4;1;2;7;0;1;2;1;2;3;0;0;3;1;0;1;57;3;3;2;0;2;2;1;0;1;1;0;7;0;0;2;1;1;4;1;0;0;0;0;60;49;6;19;18;16;0;2;0;0;0;0;3;0;0;0;0;0;3;0;4;0;0;0;38;5;10;8;1;2;0;0;2;1;1;0;2;0;0;0;0;1;0;1;1;3;1;0;132;59;119;4;12;13;3;34;5;0;10;5;1;0;1;5;5;0;4;0;1;1;1;53;2;1;0;3;0;0;0;0;0;1;0;0;0;0;0;0;12;9;0;0;0;1;0;2;1;0;0;0;0;0;0;0;0;1;0;1;0;0;0;2
5;"Publiczna Szkoła Podstawowa Nr 9, ul. Cmentarna 7, 45-834 Opole";166101;"m. Opole";"Opole";"opolskie";1;1;1;3;1;0;0;0;0;0;0;3;0;0;0;0;0;0;0;0;0;0;0;0;2;1;75;27;12;0;11;9;1;1;2;1;1;4;3;2;0;4;3;4;2;0;4;0;2;3;84;3;3;4;0;1;5;1;0;0;0;0;0;0;0;4;0;1;3;2;0;2;0;3;71;73;13;19;24;10;3;0;1;2;0;0;0;1;0;0;0;0;1;0;2;0;0;1;33;0;4;6;0;1;3;0;0;1;5;0;6;0;0;0;1;0;0;0;1;0;0;0;164;70;149;5;4;14;3;26;4;4;12;3;4;1;4;14;3;2;2;0;0;2;7;58;6;0;1;1;0;0;0;0;0;0;0;0;0;0;1;0;18;3;0;0;0;1;0;0;0;0;1;0;0;1;0;0;0;0;0;1;0;0;0;0
6;"Publiczna Szkoła Podstawowa Nr 33, ul. Joachima Lelewela 9, 45-856 Opole";166101;"m. Opole";"Opole";"opolskie";1;1;3;1;5;0;0;4;1;1;1;0;0;0;0;0;0;0;1;0;0;0;0;0;0;1;42;19;10;2;3;4;2;1;3;0;0;6;3;2;0;5;1;2;0;1;1;1;2;3;70;8;9;4;0;0;4;0;6;2;2;2;3;3;0;2;1;1;1;2;0;0;1;1;86;70;15;44;45;17;0;0;4;0;0;1;0;1;0;0;0;0;0;0;4;0;0;0;41;10;9;4;3;4;2;1;1;1;3;0;1;0;2;1;1;0;1;0;0;0;0;2;168;62;144;11;7;11;5;17;4;1;15;6;4;1;0;10;4;1;5;0;2;0;3;52;7;0;0;4;1;0;0;0;0;0;0;0;0;0;0;0;2;0;1;0;0;0;0;0;0;0;0;0;0;0;0;0;0;0;0;0;0;1;0;0
7;"Publiczna Szkoła Podstawowa Nr 33, ul. Joachima Lelewela 9, 45-856 Opole";166101;"m. Opole";"Opole";"opolskie";1;1;2;1;3;0;2;2;0;0;0;0;3;0;0;0;0;0;0;0;0;0;0;0;1;1;43;13;10;5;11;13;3;1;4;0;0;7;0;2;1;1;3;2;1;0;5;0;0;0;79;6;9;3;1;1;6;4;2;1;1;0;3;3;0;4;0;0;0;1;0;1;0;0;82;65;15;51;49;25;0;0;0;0;0;0;0;0;0;0;1;0;0;1;5;2;1;2;28;5;5;2;0;2;1;2;0;0;1;1;0;1;2;1;0;1;1;0;0;0;0;2;164;76;119;2;7;15;4;18;4;0;10;0;2;5;0;7;3;1;3;3;1;0;0;41;3;0;2;0;0;1;3;1;0;1;1;1;0;0;0;0;4;2;0;1;0;1;0;1;0;1;0;0;0;0;0;0;0;0;0;0;0;0;0;1
8;"Zespół Szkół Technicznych i Ogólnokształcących, ul. Józefa Hallera 6, 45-867 Opole";166101;"m. Opole";"Opole";"opolskie";1;1;3;1;0;2;0;1;0;2;0;0;0;0;0;1;0;0;0;1;0;1;0;0;1;1;86;25;8;4;4;8;5;4;6;2;1;3;1;1;1;4;0;2;0;0;0;0;0;7;95;10;6;3;4;3;3;0;0;3;0;3;1;4;1;2;2;0;1;0;0;0;1;0;103;84;8;26;42;16;1;1;2;2;0;0;1;1;2;0;0;0;0;1;13;0;2;0;51;10;4;5;1;0;0;1;1;0;0;1;0;3;1;0;0;1;1;1;0;2;2;2;157;78;151;6;3;20;4;20;12;2;9;2;1;0;0;11;5;1;3;0;2;2;1;75;9;2;0;6;0;0;0;0;0;1;1;2;0;1;0;2;5;0;0;0;0;0;0;0;0;0;0;0;0;0;0;0;0;0;0;0;0;0;0;0
9;"Publiczna Szkoła Podstawowa Nr 14, ul. Szymona Koszyka 21, 45-720 Opole";166101;"m. Opole";"Opole";"opolskie";1;1;3;3;1;1;4;2;1;0;1;1;1;1;1;1;0;0;1;0;0;0;0;0;2;0;81;39;14;5;13;13;3;1;5;3;1;8;2;2;0;1;4;1;1;2;9;0;2;1;111;8;13;10;3;2;6;4;3;0;0;2;4;6;0;4;0;0;5;0;0;0;0;1;131;97;10;38;44;18;0;0;2;1;0;2;1;1;0;1;2;0;0;3;11;0;0;3;46;2;7;8;2;3;1;2;1;1;0;0;1;1;1;1;0;2;1;1;0;2;1;0;225;107;191;5;5;14;1;61;7;4;13;1;7;5;3;28;0;2;1;2;1;3;7;105;8;4;0;3;0;0;1;1;0;2;2;0;0;0;0;1;6;6;2;0;0;0;0;0;0;0;0;0;0;0;0;0;0;0;0;0;0;0;0;2
10;"Zespół Szkół Budowlanych, ul. Niemodlińska 40, 45-761 Opole";166101;"m. Opole";"Opole";"opolskie";1;1;5;2;1;1;0;0;0;0;0;0;0;0;1;1;0;0;0;0;1;0;0;0;0;4;49;13;10;1;2;7;1;1;0;1;1;5;0;0;1;1;2;2;0;0;2;0;0;1;57;8;1;5;1;1;6;0;0;2;0;0;0;0;1;1;1;0;0;1;0;1;0;2;54;54;7;14;39;7;0;0;0;1;0;0;1;0;1;0;0;0;0;1;5;0;0;3;28;11;3;4;2;4;0;0;1;1;1;0;0;0;0;0;0;0;0;0;0;1;2;0;114;64;95;3;3;12;2;27;4;0;2;0;1;0;1;22;2;0;3;1;1;2;0;47;7;1;0;4;0;0;0;0;0;0;0;0;0;0;0;0;6;0;0;0;0;0;0;0;0;0;0;0;0;0;0;0;0;0;0;0;1;0;0;0
11;"Przedszkole Publiczne Nr 43, ul. Prószkowska 5A, 45-710 Opole";166101;"m. Opole";"Opole";"opolskie";1;1;3;0;0;0;1;1;0;0;2;0;1;0;0;0;0;1;0;1;1;0;0;0;1;0;37;15;19;0;7;3;0;2;1;0;0;3;1;1;0;2;2;0;0;1;0;0;1;2;61;8;5;3;1;2;2;2;1;0;2;1;2;4;0;3;1;0;1;0;0;0;1;0;47;61;5;22;28;11;0;1;1;0;0;0;1;0;0;0;1;0;0;2;2;0;1;3;40;0;4;4;1;1;0;0;1;0;4;0;0;0;1;2;0;0;1;0;1;0;0;1;145;54;85;12;2;12;4;20;1;0;6;1;2;0;0;16;2;1;0;0;0;0;1;54;5;0;1;2;0;0;1;0;0;1;0;0;0;0;1;0;1;1;2;0;0;2;0;0;0;0;0;0;0;0;0;0;0;0;0;0;0;1;0;0
12;"Publiczna Szkoła Podstawowa Nr 8, ul. Księdza Norberta Bonczyka 13, 45-705 Opole";166101;"m. Opole";"Opole";"opolskie";1;1;3;2;0;1;0;0;0;1;0;0;0;0;2;3;0;0;1;1;1;0;2;0;0;0;52;24;12;1;1;6;5;0;0;0;2;4;0;1;2;0;2;1;3;0;2;1;2;2;105;12;7;7;0;0;5;2;2;2;3;1;3;1;0;4;1;1;1;0;0;0;2;1;75;87;12;60;34;14;0;1;3;1;0;1;0;1;0;2;1;0;2;1;19;1;1;1;49;3;6;2;5;0;2;0;2;1;3;1;2;1;0;0;0;0;0;1;1;1;1;1;175;89;135;8;5;17;3;23;8;0;10;3;1;0;1;8;9;0;2;0;0;1;3;62;3;0;0;9;0;0;0;0;0;3;0;0;1;0;0;2;2;1;0;1;0;0;0;0;0;2;0;0;0;1;0;0;0;0;0;0;1;0;0;0
13;"Zespół Szkół Ogólnokształcących Nr I, ul. Licealna 3, 45-714 Opole";166101;"m. Opole";"Opole";"opolskie";1;1;1;1;1;1;0;0;0;1;0;0;0;0;1;2;0;1;0;1;0;0;0;0;1;0;38;18;9;3;11;3;1;1;4;0;0;4;3;2;0;0;2;1;0;0;1;2;2;0;80;10;7;4;1;0;9;0;4;1;2;2;3;1;2;1;0;2;2;0;0;0;1;0;64;74;7;32;19;12;0;0;1;1;0;0;0;1;0;0;3;1;0;0;17;0;0;0;29;6;2;3;3;0;0;0;0;0;1;0;0;0;2;0;0;0;0;0;0;0;2;0;151;69;125;2;3;12;2;23;2;2;6;4;2;1;0;11;0;0;6;1;1;0;2;57;5;0;1;0;1;0;0;0;0;0;0;0;0;1;0;0;6;1;0;0;0;3;0;1;0;0;0;0;0;0;0;0;0;0;0;0;0;0;0;0
14;"Zespół Szkół Ogólnokształcących Nr I, ul. Licealna 3, 45-714 Opole";166101;"m. Opole";"Opole";"opolskie";1;1;2;2;0;1;1;0;0;0;1;0;0;0;0;0;0;0;1;1;0;0;0;0;0;0;32;22;7;2;4;5;0;0;4;2;0;3;2;0;0;0;0;1;1;0;3;0;0;0;66;9;5;4;1;0;3;3;0;5;1;1;4;0;0;0;0;1;1;0;0;0;1;0;57;66;7;22;20;11;0;0;0;0;0;0;0;0;0;0;0;0;0;0;4;0;0;1;31;2;0;8;3;0;0;1;0;0;1;0;0;0;2;0;0;0;0;0;0;0;0;0;103;49;106;5;0;10;0;17;2;0;5;1;3;2;2;14;4;0;4;0;1;1;1;42;5;0;2;0;0;1;0;0;0;1;0;0;1;0;0;0;2;1;1;0;0;0;0;0;0;1;0;0;0;0;0;0;0;0;0;0;0;0;0;0
15;"Publiczna Szkoła Podstawowa Nr 30, ul. Nyska 1A, 45-940 Opole";166101;"m. Opole";"Opole";"opolskie";1;1;7;3;0;0;2;0;1;1;0;0;1;0;0;3;1;1;2;1;0;1;1;0;2;1;134;48;33;0;10;13;1;0;3;0;3;12;0;1;0;2;2;2;3;3;4;0;3;3;128;11;5;9;3;7;5;3;1;1;1;2;4;1;0;0;1;1;1;0;1;2;0;0;87;96;15;34;37;22;0;1;0;1;0;0;0;0;0;0;2;0;0;2;7;0;0;4;64;11;7;4;2;2;0;2;0;1;3;1;1;6;2;0;2;0;1;2;0;2;2;1;218;92;217;10;6;20;7;53;11;5;15;2;1;2;2;25;5;1;6;3;3;2;0;222;9;1;2;2;0;3;0;0;1;0;0;5;0;0;1;0;31;4;5;0;0;1;0;0;0;1;1;0;1;0;0;0;0;0;0;0;0;0;0;4
16;"Publiczna Szkoła Podstawowa Nr 10, ul. Walerego Wróblewskiego 7, 45-760 Opole";166101;"m. Opole";"Opole";"opolskie";1;1;8;4;3;2;1;4;3;0;0;0;0;0;1;0;1;0;0;1;0;0;1;0;0;1;84;22;15;3;1;13;3;0;4;1;2;4;1;0;1;0;2;0;2;0;3;0;2;6;96;4;2;4;1;1;4;1;0;3;1;0;1;1;1;1;2;2;1;0;0;0;0;0;71;89;16;10;33;28;0;0;2;0;0;0;0;0;0;0;1;0;0;0;3;0;1;0;67;5;5;7;1;0;0;1;1;0;2;1;2;0;1;1;0;0;0;0;1;1;0;1;176;67;162;7;5;17;5;57;4;1;9;2;2;1;0;11;3;1;7;3;3;0;1;72;11;2;1;4;1;2;2;0;2;2;0;1;0;0;1;0;26;7;4;0;0;4;0;0;0;0;0;2;0;0;0;0;0;0;0;0;0;0;0;1
17;"Publiczna Szkoła Podstawowa Nr 10, ul. Walerego Wróblewskiego 7, 45-760 Opole";166101;"m. Opole";"Opole";"opolskie";1;1;5;2;1;0;2;2;0;0;0;1;0;1;1;0;0;0;0;1;1;2;1;0;0;0;68;21;15;4;6;6;1;1;2;0;0;5;0;0;1;3;0;1;1;0;4;1;0;1;74;5;6;2;1;1;11;2;1;0;1;1;0;2;0;6;1;1;1;0;0;0;0;1;50;64;13;23;33;10;0;0;1;1;0;0;0;0;0;0;0;0;0;0;4;1;1;2;39;8;5;2;2;0;3;0;0;0;1;0;1;2;2;0;0;1;0;0;0;1;0;1;167;35;118;11;0;16;5;40;2;1;14;1;0;2;5;7;3;2;11;0;0;1;3;61;5;1;1;4;0;1;0;0;1;0;0;0;2;0;0;0;6;1;2;0;0;0;0;0;0;0;0;0;0;0;0;0;0;0;0;0;0;0;0;0
18;"Zespół Szkolno-Przedszkolny Nr 1-Publiczna Szkoła Podstawowa Nr 28, ul. Bogumiła Wyszomirskiego 6, 45-776 Opole";166101;"m. Opole";"Opole";"opolskie";1;1;2;3;0;0;1;1;0;0;0;0;0;0;0;0;0;0;0;0;0;0;0;0;0;0;95;27;5;3;1;4;0;2;5;2;1;5;2;1;1;1;3;3;0;1;3;0;0;1;61;2;5;2;1;0;4;2;1;0;0;0;1;4;0;1;2;2;0;1;0;1;0;0;58;32;8;8;18;9;1;0;1;0;1;0;1;0;0;0;0;0;0;0;3;0;0;0;50;0;2;7;4;1;1;1;2;2;2;0;0;0;0;0;2;0;1;0;0;1;0;0;89;43;106;5;0;12;6;26;4;1;5;1;1;1;0;9;5;0;1;2;0;2;1;73;4;0;1;4;0;0;0;1;0;0;2;1;0;0;0;2;36;6;2;0;1;10;0;0;0;1;1;0;0;1;0;0;0;0;0;0;0;1;0;2
19;"""Dom Ojca"" Opole-Winów, ul. Prószkowska 196, 45-950 Opole";166101;"m. Opole";"Opole";"opolskie";1;1;1;0;0;0;1;0;0;0;0;0;0;0;0;0;0;0;0;0;0;0;0;0;0;1;23;7;3;4;0;6;0;0;1;0;0;2;0;0;0;0;0;1;0;0;1;0;0;0;16;1;2;2;0;3;1;0;0;0;0;0;0;0;0;0;0;0;1;0;0;0;0;1;35;22;11;6;9;5;0;0;1;1;0;1;0;0;0;0;0;0;0;0;1;0;0;0;12;3;1;3;0;0;1;0;0;1;0;0;0;0;0;0;0;0;0;0;0;1;0;0;55;18;42;6;1;7;1;8;2;0;0;0;2;0;1;8;2;3;0;0;0;0;0;22;11;1;0;2;0;0;1;0;0;0;0;4;0;1;0;1;16;8;4;0;0;12;0;1;0;0;0;0;0;0;0;0;0;0;0;0;0;0;0;1
20;"Świetlica-Świerkle, ul. Świerkli 2, 45-920 Opole";166101;"m. Opole";"Opole";"opolskie";1;1;0;0;0;0;0;0;1;0;2;0;1;0;0;0;0;0;0;0;0;0;0;0;0;0;9;8;2;2;1;2;0;0;1;1;0;0;0;0;0;0;1;0;0;0;4;0;0;1;6;3;1;1;0;0;0;0;0;0;0;0;0;1;0;1;0;0;0;0;0;0;0;0;18;15;2;6;18;5;0;0;0;0;0;0;0;0;0;0;0;0;0;0;0;1;1;0;11;1;0;1;0;0;0;1;0;0;0;0;0;0;0;0;0;0;0;0;0;0;0;0;24;13;18;2;1;1;0;5;0;0;5;0;0;0;0;2;0;1;2;0;0;1;0;6;3;0;0;2;0;4;0;0;1;1;0;0;0;0;2;0;27;7;0;0;0;1;0;1;0;0;0;0;0;0;0;0;0;0;0;1;13;0;0;0
21;"Świetlica-Borki, ul. Pelargonii 12, 45-920 Opole";166101;"m. Opole";"Opole";"opolskie";1;1;1;1;0;0;0;0;0;0;1;0;0;0;0;1;0;0;0;0;0;1;0;0;0;0;13;9;1;1;4;0;1;0;0;0;0;3;0;1;0;0;0;0;0;0;0;0;1;0;11;3;3;1;0;0;1;2;0;0;1;0;1;0;0;1;0;0;0;0;0;0;0;0;19;15;2;7;9;1;0;1;2;0;0;0;0;0;0;0;0;0;0;1;1;0;0;0;10;1;0;1;0;0;0;0;0;0;0;0;0;0;0;1;1;0;0;1;0;0;2;0;34;10;25;4;1;2;1;4;8;0;21;2;0;0;0;2;0;0;0;0;1;0;0;12;3;0;1;0;0;2;0;0;0;0;0;2;1;1;0;0;20;2;0;0;0;3;0;0;0;2;1;0;0;0;0;0;0;0;0;0;23;0;0;0
22;"Publiczna Szkoła Podstawowa Nr 31, ul. Krzanowicka 1, 45-920 Opole";166101;"m. Opole";"Opole";"opolskie";1;1;0;1;0;0;0;3;0;0;0;0;1;0;0;1;0;0;0;0;0;1;0;0;0;0;48;43;18;2;4;7;0;3;2;0;2;6;1;2;0;0;1;0;1;0;0;2;2;4;37;4;7;2;0;0;1;1;1;0;0;0;0;2;0;6;2;1;1;2;0;1;0;1;49;44;10;20;27;21;0;1;1;1;0;0;1;1;0;0;0;0;1;0;6;0;0;0;31;2;2;4;0;0;0;0;0;0;1;0;0;0;1;1;0;0;1;0;1;1;0;0;101;49;109;7;3;21;3;23;10;4;9;2;2;0;1;6;1;2;5;1;2;0;3;46;13;0;2;1;0;1;0;0;0;2;0;0;0;0;0;0;42;21;8;0;0;2;0;0;0;0;1;0;0;0;0;1;1;0;0;0;60;1;0;0
23;"Publiczna Szkoła Podstawowa Nr 31, ul. Krzanowicka 1, 45-920 Opole";166101;"m. Opole";"Opole";"opolskie";1;1;2;2;1;1;0;1;1;0;1;0;0;0;0;0;0;0;1;0;0;0;0;0;0;1;79;36;15;2;2;9;6;0;6;2;0;6;1;0;1;4;2;3;3;2;0;0;1;3;59;4;4;3;1;1;2;1;1;0;0;1;0;3;1;7;0;1;1;0;0;0;0;0;65;43;6;21;35;10;0;1;1;1;0;1;0;0;0;0;0;0;1;0;5;0;0;0;57;6;5;3;3;4;0;2;1;2;0;1;0;0;3;1;0;0;0;2;0;1;1;1;142;62;120;2;2;35;7;32;11;1;17;3;3;5;1;9;4;3;9;4;1;1;0;65;13;0;0;3;1;3;1;0;0;1;3;0;1;0;0;0;33;16;1;1;1;0;0;0;0;1;0;0;0;0;1;0;0;0;0;0;50;0;0;3
24;"Świetlica-Wróblin, ul. Gminna 3A, 45-128 Opole";166101;"m. Opole";"Opole";"opolskie";1;1;1;1;0;1;2;0;0;0;0;0;0;0;0;0;0;0;0;0;0;0;0;0;0;2;20;22;4;1;1;3;0;0;0;1;0;1;0;1;0;0;2;0;0;0;0;0;0;0;22;3;2;0;0;0;0;0;1;0;1;1;1;0;0;3;0;0;0;0;0;0;0;1;43;36;2;6;14;3;0;0;0;0;0;1;0;0;0;0;0;0;0;0;1;0;0;0;5;1;1;2;1;1;1;2;0;0;2;0;0;0;3;1;0;0;0;0;0;0;1;0;47;21;38;1;1;8;1;20;0;0;3;0;1;2;0;2;1;0;3;0;0;0;0;30;2;0;0;0;0;0;1;0;0;0;1;1;0;0;0;0;20;10;0;0;0;1;0;0;0;0;0;0;0;0;0;0;0;1;0;0;16;0;0;1
25;"Publiczna Szkoła Podstawowa Nr 7, ul. Budowlanych 40, 45-122 Opole";166101;"m. Opole";"Opole";"opolskie";1;1;1;2;0;0;2;1;2;0;4;1;0;1;0;1;0;0;0;0;0;0;0;0;0;0;47;20;3;2;4;1;1;1;1;0;2;6;0;0;1;3;0;2;0;3;1;0;0;2;64;10;7;3;1;0;2;0;1;1;1;0;1;2;0;0;1;0;0;0;0;0;0;3;56;62;6;22;24;8;1;0;1;0;0;1;0;0;0;0;0;1;0;0;2;0;0;0;42;4;1;4;0;1;0;1;1;0;1;0;0;0;0;0;0;0;0;2;0;1;0;1;68;30;86;4;3;4;0;17;3;1;3;1;0;2;0;12;1;1;5;0;0;0;1;30;5;0;0;7;1;0;0;0;1;0;0;0;0;0;1;1;3;2;3;2;0;0;0;0;0;0;1;0;0;0;0;0;0;0;0;0;7;1;0;0
26;"Przedszkole Publiczne Nr 26, ul. Chabrów 56, 45-221 Opole";166101;"m. Opole";"Opole";"opolskie";1;1;4;4;0;1;0;2;2;0;0;0;1;0;1;0;1;0;0;0;0;0;0;0;0;1;49;15;17;5;3;6;4;1;2;1;1;0;0;0;0;0;0;1;0;0;1;1;1;3;78;13;9;5;1;1;7;0;4;2;3;2;2;0;0;0;1;1;0;0;0;0;2;8;58;56;11;34;35;11;0;0;1;0;1;0;0;0;0;0;0;0;0;0;0;0;0;1;37;4;2;3;3;1;2;2;1;0;1;0;0;1;0;0;1;0;0;0;1;1;0;1;145;51;141;7;0;8;2;39;9;2;6;8;1;2;5;6;2;0;3;1;2;2;1;53;8;2;0;3;1;0;0;0;0;0;0;0;0;0;1;0;7;1;0;1;0;0;0;0;0;0;0;0;0;1;0;0;0;0;0;0;0;0;0;1
27;"Publiczna Szkoła Podstawowa Nr 11, ul. Chabrów 65, 45-221 Opole";166101;"m. Opole";"Opole";"opolskie";1;1;5;5;0;0;1;0;1;0;0;0;0;0;0;1;1;1;0;0;0;0;0;2;0;0;48;15;8;3;4;4;1;1;1;1;0;2;0;2;0;1;1;0;0;0;1;0;2;1;66;9;1;5;0;2;6;0;1;2;0;1;1;0;0;1;0;0;0;0;0;1;0;2;58;75;7;37;36;13;0;0;1;0;0;0;0;0;0;0;0;0;0;1;4;0;2;1;29;5;2;3;1;1;0;1;1;0;0;0;2;1;0;0;1;0;0;0;0;0;1;2;111;78;100;1;3;8;9;25;2;0;8;3;0;2;0;9;3;0;4;0;0;2;1;34;4;0;0;1;1;0;1;0;0;2;0;0;0;0;0;0;4;1;1;0;1;0;0;0;0;0;0;0;0;0;0;0;0;0;0;0;0;0;0;1
28;"Zespół Szkół Ogólnokształcących Nr II, ul. gen. Kazimierza Pułaskiego 3, 45-048 Opole";166101;"m. Opole";"Opole";"opolskie";1;1;2;0;0;0;0;0;1;0;1;0;0;0;0;0;0;1;0;1;1;0;0;0;0;0;37;18;12;1;2;4;2;1;0;0;1;2;4;0;0;1;1;1;2;0;1;0;1;1;60;5;4;5;0;0;1;1;1;1;1;0;0;1;2;2;2;0;0;0;0;0;1;0;87;59;5;27;24;14;0;1;1;1;0;0;0;0;0;0;0;0;0;1;3;0;1;2;37;4;2;2;0;2;0;0;0;0;1;0;0;0;1;0;0;1;0;0;0;1;0;0;103;50;75;3;1;14;4;26;4;0;1;1;2;1;2;5;1;1;1;0;0;0;2;36;3;0;1;4;1;0;0;1;0;0;2;0;1;1;0;0;2;1;0;0;0;0;0;0;0;0;0;0;0;0;0;0;0;0;0;0;1;0;0;1
29;"Publiczne Liceum Ogólnokształcące Nr IX, ul. Oleska 68, 45-222 Opole";166101;"m. Opole";"Opole";"opolskie";1;1;7;1;1;0;0;1;2;0;0;1;1;0;2;0;0;0;0;0;0;0;0;0;0;0;49;23;2;3;4;4;1;2;4;1;0;4;0;0;0;0;2;1;0;1;1;0;0;4;72;5;3;8;0;0;5;4;0;2;2;1;2;2;0;5;2;0;0;0;2;0;0;0;66;61;5;22;23;15;1;0;1;0;0;0;0;0;0;0;0;0;0;0;8;1;0;1;29;3;4;6;2;0;0;1;1;0;0;0;1;1;1;0;0;0;0;0;0;0;0;2;142;71;129;6;4;10;3;33;6;3;9;0;1;1;3;19;5;1;2;0;0;0;1;50;9;0;0;1;0;0;1;0;2;1;0;0;0;0;1;0;3;1;2;0;0;1;0;0;0;0;1;0;0;0;0;0;0;0;0;0;0;1;1;1
30;"Publiczne Liceum Ogólnokształcące Nr IX, ul. Oleska 68, 45-222 Opole";166101;"m. Opole";"Opole";"opolskie";1;1;2;3;0;0;0;0;1;0;0;1;0;0;0;1;0;0;0;0;0;0;0;1;0;1;59;17;10;1;5;7;3;2;4;1;2;2;0;0;2;0;3;0;0;0;1;0;0;1;64;2;1;4;0;0;6;1;0;0;1;0;3;2;0;0;0;0;0;1;0;0;0;1;42;36;2;14;16;7;0;0;0;0;0;0;0;0;0;0;0;0;0;1;1;0;0;0;34;2;3;0;1;1;0;0;0;0;0;1;1;1;0;0;1;0;0;2;0;0;0;0;92;31;60;4;0;14;0;19;2;0;5;0;1;0;1;18;3;0;0;2;0;2;1;54;6;0;0;0;0;0;0;0;0;0;1;4;0;0;0;0;3;0;0;0;0;0;0;0;0;0;0;0;0;0;0;0;0;0;0;0;0;0;0;0
31;"Publiczna Szkoła Podstawowa Nr 5 z Oddziałami Integracyjnymi, ul. Majora Hubala 2, 45-267 Opole";166101;"m. Opole";"Opole";"opolskie";1;1;6;3;1;0;3;1;2;0;1;2;0;1;0;1;0;1;0;0;1;0;0;1;0;0;61;38;14;3;3;8;4;3;1;2;0;7;0;2;0;1;1;2;2;2;3;0;0;1;95;26;11;8;4;3;8;1;0;0;1;1;2;1;0;4;1;1;1;0;0;0;0;0;148;89;6;59;48;21;0;1;1;0;0;0;0;0;0;0;0;0;0;0;2;0;0;0;51;7;7;1;3;1;0;0;0;0;0;0;1;0;1;0;0;1;0;2;0;3;0;2;190;89;158;6;8;14;3;34;7;1;13;3;7;2;5;62;2;0;3;0;1;1;0;69;11;1;0;2;0;1;0;0;1;1;0;0;1;0;0;0;3;1;0;0;0;0;0;1;0;0;0;0;0;0;0;0;0;0;0;0;0;1;0;0
32;"Publiczna Szkoła Podstawowa Nr 5 z Oddziałami Integracyjnymi, ul. Majora Hubala 2, 45-267 Opole";166101;"m. Opole";"Opole";"opolskie";1;1;4;1;0;1;0;1;3;0;0;1;1;0;0;0;0;0;0;0;0;0;0;0;2;1;63;31;4;4;4;12;3;0;2;0;0;3;1;1;0;2;2;0;3;0;1;1;0;2;109;30;7;5;2;4;7;5;0;5;2;0;3;4;1;5;0;2;0;1;0;3;2;0;86;74;13;59;49;18;0;0;4;1;1;1;3;1;0;0;0;0;0;0;4;1;0;1;46;6;5;5;2;1;0;1;0;0;0;0;3;2;0;2;0;0;0;2;0;1;0;0;212;75;134;6;1;27;1;32;9;2;9;1;4;2;1;41;1;0;6;3;1;1;2;46;4;2;1;2;2;0;0;1;0;0;1;0;0;0;0;0;6;1;0;1;0;0;1;0;0;0;0;0;0;0;0;0;0;0;0;0;0;0;0;3
33;"Miejski Ośrodek Pomocy Rodzinie w Opolu, Dom Dziennego Pobytu „Złota Jesień”, ul. Majora Hubala 4, 45-267 Opole";166101;"m. Opole";"Opole";"opolskie";1;1;5;4;1;0;1;1;0;0;0;2;0;0;1;1;0;0;0;0;1;0;0;0;1;2;65;34;9;4;4;9;1;3;1;0;0;3;1;1;0;1;0;2;3;0;3;0;2;1;96;52;6;5;0;2;0;2;2;3;2;1;2;2;1;2;0;0;0;1;0;0;3;1;132;133;12;42;49;24;0;0;1;1;1;1;1;2;0;0;1;0;0;0;2;3;1;4;43;5;7;6;2;2;2;2;0;0;5;0;1;0;1;0;0;0;1;0;0;0;0;0;189;78;157;4;2;20;0;34;7;5;13;2;1;0;1;144;3;5;2;0;0;0;2;45;8;2;0;7;2;0;1;0;0;1;0;0;0;0;0;0;8;0;0;0;0;0;0;0;0;0;0;0;0;0;0;0;0;0;0;1;1;1;0;2
34;"Przedszkole Publiczne Integracyjne Nr 51, ul. Jana Bytnara ""Rudego"" 1, 45-265 Opole";166101;"m. Opole";"Opole";"opolskie";1;1;4;1;1;1;1;0;0;0;0;0;0;0;1;1;0;0;0;0;1;0;0;0;0;0;56;31;9;3;12;15;0;1;3;1;0;5;3;2;0;0;3;1;1;0;3;0;0;3;88;14;6;2;0;2;3;2;4;5;0;2;1;4;1;3;1;0;1;0;0;0;1;4;102;76;7;36;32;16;1;1;1;1;0;0;0;1;0;0;0;0;0;3;5;1;2;1;37;4;5;1;6;1;1;1;0;0;1;0;6;0;0;2;0;0;0;0;0;3;2;0;206;74;162;10;2;29;5;23;8;4;18;4;4;1;4;34;3;1;2;0;1;1;2;74;3;2;1;2;0;0;0;0;0;0;0;0;1;2;0;0;2;3;0;0;0;2;0;0;0;1;0;0;0;0;0;0;1;0;0;0;1;0;0;0
35;"Publiczna Szkoła Podstawowa Nr 29, ul. Szarych Szeregów 1, 45-284 Opole";166101;"m. Opole";"Opole";"opolskie";1;1;1;1;0;1;0;2;0;0;0;0;0;0;0;0;2;0;2;0;0;0;0;0;0;1;27;19;11;0;5;6;0;1;1;1;1;2;2;1;0;0;1;2;0;0;6;2;1;1;77;10;8;7;0;1;7;0;0;2;0;0;2;1;0;1;0;2;0;2;0;0;0;11;69;67;10;41;45;13;0;2;2;1;0;1;0;0;0;0;0;1;0;2;3;2;0;1;35;13;13;7;3;4;1;0;1;0;1;0;3;1;1;0;0;0;0;0;0;1;1;2;175;72;136;7;4;13;2;21;8;0;6;1;1;0;1;36;1;0;5;3;0;2;2;40;12;0;1;2;0;0;0;1;0;0;0;2;0;0;0;0;6;3;0;0;0;0;1;0;0;0;1;0;1;1;0;0;0;0;0;0;1;0;1;0
36;"Publiczna Szkoła Podstawowa Nr 29, ul. Szarych Szeregów 1, 45-284 Opole";166101;"m. Opole";"Opole";"opolskie";1;1;1;2;0;0;0;0;1;0;0;1;0;0;0;0;0;0;1;0;0;0;0;0;0;0;46;24;12;2;4;5;8;2;2;1;0;5;3;0;0;0;2;0;4;2;4;0;2;2;82;19;14;8;3;0;5;0;0;2;0;2;3;1;1;4;5;0;0;0;1;0;0;0;93;117;7;48;52;12;0;1;2;0;0;0;0;2;1;0;0;0;1;2;6;1;1;0;44;6;3;3;2;0;1;0;0;1;0;0;0;1;0;0;0;0;0;0;0;3;2;1;155;93;139;2;6;10;0;34;10;3;5;4;2;2;0;33;0;2;5;1;1;1;1;38;5;0;1;8;0;1;0;2;0;0;1;0;0;0;0;0;3;1;1;0;0;0;0;0;0;0;0;0;0;0;0;0;0;0;0;0;0;0;0;1
37;"Młodzieżowy Dom Kultury Filia Nr 1, ul. Skautów Opolskich 10, 45-286 Opole";166101;"m. Opole";"Opole";"opolskie";1;1;2;1;1;0;2;4;0;0;0;3;1;0;0;1;0;0;2;0;0;0;0;0;0;1;74;19;12;5;8;10;1;1;3;0;1;5;1;1;0;1;2;2;1;0;6;3;3;1;101;10;9;10;5;0;4;0;1;5;0;1;5;2;1;0;2;2;1;0;0;1;0;0;107;100;10;45;41;20;2;2;0;0;1;0;0;0;1;3;0;1;1;0;2;3;1;4;60;5;6;1;7;3;3;1;0;1;0;0;0;1;1;2;0;0;0;0;0;0;0;2;180;75;160;3;2;12;3;36;4;2;7;5;1;2;1;48;3;0;3;1;1;1;3;50;8;0;1;3;1;2;0;0;0;2;0;0;1;0;0;3;2;0;0;0;0;0;0;0;2;0;0;0;0;0;1;0;0;0;0;0;0;1;0;2
38;"Publiczna Szkoła Podstawowa Nr 25, ul. Wiejska 77, 45-240 Opole";166101;"m. Opole";"Opole";"opolskie";1;1;3;0;1;1;0;2;0;0;0;0;2;0;0;1;0;0;0;0;0;0;0;0;0;2;65;31;7;2;9;8;5;0;0;1;0;2;3;1;1;1;1;2;2;0;2;1;2;0;31;1;10;2;1;0;0;0;1;1;0;0;1;1;0;2;4;2;1;1;0;0;0;0;31;46;7;12;50;9;0;3;0;1;0;1;0;1;0;0;0;0;0;0;8;1;0;2;42;2;2;2;0;1;0;0;0;0;0;0;0;0;1;1;0;0;0;1;0;0;0;1;101;29;86;3;2;15;1;22;2;1;3;1;1;0;0;8;2;1;3;2;0;1;0;43;8;0;0;2;0;0;0;1;0;0;1;1;1;0;0;0;28;28;2;1;0;3;1;0;0;0;1;0;0;0;0;0;1;1;0;0;2;0;2;0
39;"Przedszkole Publiczne Nr 56, ul. Sieradzka 7, 45-304 Opole";166101;"m. Opole";"Opole";"opolskie";1;1;2;4;0;0;0;0;0;0;1;1;0;0;0;0;0;0;0;0;0;0;1;0;0;6;60;26;11;0;4;8;2;0;3;1;0;6;0;4;0;1;1;1;0;0;0;0;2;0;58;7;1;1;0;2;5;0;0;1;0;1;0;1;0;1;1;0;0;1;0;0;0;0;35;27;3;11;16;0;0;8;0;0;0;0;0;3;0;0;1;0;0;0;1;0;0;0;30;6;7;4;2;2;2;0;0;0;1;0;1;0;0;0;0;0;0;0;0;0;1;0;102;55;102;7;3;14;6;21;5;0;14;1;1;0;0;28;1;1;8;2;1;2;0;45;3;1;0;1;0;0;0;0;0;0;1;0;0;0;0;0;1;0;0;0;0;0;0;0;0;0;0;0;0;0;0;0;0;0;0;0;0;0;0;1
40;"Przedszkole Publiczne Nr 4, ul. Bielska 23, 45-401 Opole";166101;"m. Opole";"Opole";"opolskie";1;1;3;1;0;0;0;2;0;0;1;2;1;0;0;1;0;0;0;0;3;0;0;0;0;0;48;20;10;1;4;6;1;0;3;0;1;6;1;0;0;0;2;3;0;0;1;0;3;1;58;8;7;5;1;1;9;0;0;1;2;2;0;1;0;1;0;0;1;0;0;0;0;1;35;42;3;16;14;7;0;1;1;1;0;0;0;1;0;0;0;0;1;0;0;1;0;1;28;4;1;6;1;0;1;0;0;0;0;0;0;0;1;0;0;0;0;0;0;2;2;1;121;64;119;4;2;19;3;23;7;0;18;0;1;1;0;12;1;0;10;0;1;2;0;62;6;0;0;1;0;0;1;0;0;0;0;0;0;0;0;0;2;1;0;0;1;0;0;0;0;0;0;0;0;0;0;0;0;0;0;1;0;0;0;0
41;"Przedszkole Publiczne Nr 4, ul. Bielska 23, 45-401 Opole";166101;"m. Opole";"Opole";"opolskie";1;1;5;5;2;0;2;3;0;2;1;0;0;0;0;0;0;0;1;1;1;1;0;0;1;3;76;28;14;5;5;7;3;1;3;2;4;4;1;1;0;0;6;3;0;0;3;2;1;2;103;17;5;14;3;0;1;1;0;5;0;2;3;3;2;2;3;2;3;0;0;0;0;1;119;100;7;46;59;29;0;1;1;1;0;1;0;1;0;0;2;1;1;1;0;2;1;2;38;6;2;4;3;3;0;3;0;0;3;0;0;0;0;0;0;0;0;0;0;0;1;1;210;84;164;2;4;36;3;46;2;2;21;3;3;1;0;35;2;2;3;2;1;1;0;59;12;2;1;4;0;0;0;0;0;0;0;1;0;0;4;1;5;0;1;0;0;0;0;0;0;0;0;0;0;0;0;0;0;0;0;0;1;0;1;4
42;"Przedszkole Publiczne Nr 56, ul. Sieradzka 7, 45-304 Opole";166101;"m. Opole";"Opole";"opolskie";1;1;2;2;0;0;2;1;0;0;0;1;0;0;0;0;1;0;1;1;0;0;0;1;1;1;57;15;7;1;2;6;0;0;1;0;1;1;2;1;0;2;2;1;2;0;3;0;1;0;61;7;3;0;0;0;4;0;0;2;0;2;1;2;0;4;0;1;3;0;0;0;0;1;29;30;7;13;15;5;0;0;0;2;0;1;0;0;0;0;0;0;0;0;3;0;0;0;30;3;1;5;0;2;2;0;0;0;3;0;1;0;1;0;0;0;0;2;0;2;0;2;104;21;95;6;0;17;3;27;1;2;18;1;0;0;2;23;2;0;3;1;1;0;0;53;3;1;1;0;0;0;0;0;0;1;0;0;0;0;0;0;4;0;1;0;0;0;0;0;0;0;0;0;0;0;0;0;0;0;0;0;0;0;0;1
43;"Publiczna Szkoła Podstawowa Nr 15, ul. Małopolska 20, 45-301 Opole";166101;"m. Opole";"Opole";"opolskie";1;1;2;1;3;0;1;2;0;0;1;0;0;0;0;0;0;0;0;0;0;0;0;1;0;1;60;37;11;1;11;8;0;0;1;2;1;8;1;1;0;0;3;1;4;0;4;1;1;3;82;8;8;9;0;0;3;0;1;2;1;1;1;3;0;1;1;1;0;0;1;0;0;0;89;74;6;23;32;20;0;0;1;1;0;0;0;1;0;1;0;1;1;1;3;0;1;0;32;10;3;3;2;1;0;2;0;0;0;0;0;1;1;1;0;0;0;0;0;2;0;2;197;82;161;4;0;30;6;24;5;1;11;1;1;3;0;14;2;1;7;2;4;1;0;72;3;0;0;3;1;0;0;1;2;1;0;0;0;0;2;1;10;0;0;2;1;0;0;0;0;0;0;0;0;0;0;0;0;0;0;1;0;0;0;0
44;"Miejski Ośrodek Pomocy Rodzinie w Opolu, Dom Dziennego Pobytu „Malinka”, ul. Piotrkowska 2, 45-305 Opole";166101;"m. Opole";"Opole";"opolskie";1;1;1;3;0;0;1;2;2;2;0;1;2;1;1;1;0;1;1;0;1;1;0;1;1;4;57;20;13;1;4;9;1;1;0;2;2;7;2;0;2;1;2;2;3;1;1;0;1;0;93;6;4;7;2;3;1;3;2;0;0;0;5;0;0;0;2;1;0;1;1;0;0;1;75;98;8;30;29;23;1;1;2;0;0;0;1;0;0;1;0;1;2;1;1;0;1;0;35;3;7;0;1;4;0;0;0;0;0;2;1;0;0;1;0;0;0;0;0;0;4;0;187;44;128;8;2;14;6;41;5;3;17;0;2;3;0;8;2;1;8;2;0;2;0;52;8;1;1;3;2;1;0;1;0;0;0;0;0;0;1;0;4;1;1;0;0;1;0;0;0;0;0;0;0;0;0;0;0;0;0;0;1;0;0;0
45;"Przedszkole Publiczne Nr 37, ul. Jesionowa 8, 45-409 Opole";166101;"m. Opole";"Opole";"opolskie";1;1;9;1;1;1;1;1;0;0;3;0;2;0;0;0;0;0;0;0;1;0;0;0;0;1;85;32;20;6;8;7;2;0;3;2;2;4;1;4;2;1;4;1;2;0;10;0;2;2;90;12;6;7;0;1;3;0;1;0;2;0;2;2;0;2;1;1;2;1;0;0;0;0;82;62;7;32;37;21;1;0;0;0;0;0;0;0;0;0;0;2;0;1;1;1;0;0;40;4;3;3;3;0;1;2;1;1;3;1;0;0;0;1;0;0;0;0;0;0;0;0;208;64;264;4;4;14;7;24;6;3;9;3;0;0;4;16;4;3;11;1;1;5;0;57;10;2;2;5;0;0;0;0;0;0;0;0;2;0;0;1;11;4;0;0;0;1;0;0;0;3;0;0;1;1;0;0;0;0;0;2;0;3;0;1
46;"Publiczna Szkoła Podstawowa Nr 15, ul. Małopolska 20, 45-301 Opole";166101;"m. Opole";"Opole";"opolskie";1;1;8;5;1;0;3;4;0;0;0;1;0;0;0;0;0;0;0;0;1;0;0;0;1;3;91;37;15;3;13;9;0;1;2;1;0;8;3;0;0;1;1;0;1;2;4;0;0;1;96;9;5;9;0;1;8;2;1;6;2;0;2;0;1;0;0;0;0;0;2;0;0;3;84;89;3;43;38;15;2;0;0;0;0;1;0;1;1;0;0;1;0;1;2;1;0;2;35;4;12;3;2;0;0;1;1;1;2;1;2;1;1;2;0;0;0;1;0;0;0;1;224;84;181;10;8;20;10;37;10;3;13;0;5;4;0;26;0;1;6;0;2;4;1;78;3;0;1;3;3;0;0;1;1;0;0;5;1;0;0;0;2;4;3;0;0;1;1;0;0;0;0;0;0;0;0;0;1;2;0;1;0;0;0;0
47;"Publiczna Szkoła Podstawowa Nr 20, ul. Grudzicka 48, 45-432 Opole";166101;"m. Opole";"Opole";"opolskie";1;1;2;2;0;0;1;1;1;0;0;2;0;0;0;2;0;0;0;0;0;0;1;1;0;0;61;27;4;4;2;11;0;0;10;3;0;4;2;7;0;0;2;2;0;0;5;1;0;1;61;6;5;5;0;2;3;2;0;2;0;1;1;4;1;3;0;1;1;0;0;0;0;0;75;83;3;34;32;25;1;0;0;1;1;0;1;0;0;0;0;0;0;1;0;1;0;0;42;4;2;5;3;2;0;0;0;0;0;0;2;0;0;0;0;1;0;2;0;2;0;2;134;54;138;5;2;13;4;77;6;1;35;0;1;0;0;12;1;3;5;1;0;1;2;59;5;1;0;3;0;0;2;0;0;0;0;0;0;1;0;0;7;2;0;0;0;1;0;0;0;0;0;0;0;0;0;0;0;0;0;1;0;1;0;0
48;"Publiczna Szkoła Podstawowa Nr 20, ul. Grudzicka 48, 45-432 Opole";166101;"m. Opole";"Opole";"opolskie";1;1;8;2;0;0;0;0;0;0;0;0;0;0;0;0;0;0;0;0;1;0;0;0;0;0;80;28;10;2;13;14;3;0;2;1;0;7;0;2;0;0;1;1;2;0;2;0;3;0;67;3;4;6;0;0;4;0;1;3;0;1;4;1;1;4;2;1;5;0;0;0;0;0;81;74;8;27;52;44;1;0;2;1;0;0;2;0;1;0;0;0;0;0;2;1;1;6;52;6;5;5;0;2;0;0;0;0;3;0;0;0;2;0;0;0;0;0;0;0;0;1;199;90;239;4;1;16;5;41;13;0;18;1;2;0;3;19;3;2;4;1;0;2;1;64;10;2;1;2;2;0;0;1;0;0;1;0;0;2;0;0;13;6;1;0;0;0;0;0;0;0;0;0;0;2;2;0;0;0;0;1;0;0;0;0
49;"Młodzieżowy Dom Kultury Filia Nr 3, ul. Aleja Przyjaźni 12, 45-573 Opole";166101;"m. Opole";"Opole";"opolskie";1;1;4;0;0;0;1;1;0;0;1;0;0;0;0;1;0;1;1;0;2;0;0;0;0;0;41;28;4;0;2;4;1;1;0;1;1;7;1;1;0;1;3;0;2;0;4;1;2;0;39;10;3;4;1;0;6;0;0;2;3;0;2;1;0;3;0;0;0;0;0;1;0;0;70;56;4;24;40;14;0;1;1;0;0;1;0;1;0;0;0;0;0;0;0;0;1;1;41;5;5;6;0;1;0;1;0;0;0;0;1;0;1;0;0;0;0;0;0;2;0;1;94;33;106;5;4;9;5;23;1;1;8;1;3;0;0;14;3;1;5;2;1;1;0;45;7;0;0;3;1;1;0;0;1;0;0;0;0;3;0;0;11;9;0;1;0;0;0;0;0;0;0;0;0;0;0;0;0;0;0;1;0;20;0;1
50;"Zespół Szkolno-Przedszkolny Nr 2-Publiczna Szkoła Podstawowa Nr 16, ul. Zofii Nałkowskiej 16, 45-558 Opole";166101;"m. Opole";"Opole";"opolskie";1;1;3;3;0;0;0;1;0;0;0;0;1;0;0;0;0;0;0;0;0;0;0;0;0;1;30;19;8;3;2;4;1;3;0;0;0;6;0;0;1;0;0;3;0;0;3;0;1;0;39;5;8;4;2;1;1;1;0;0;0;0;1;0;0;1;4;0;1;0;1;0;0;0;63;74;6;23;38;9;0;1;1;1;0;0;0;1;0;0;1;0;0;0;4;0;0;1;26;5;4;3;0;1;0;1;0;1;1;0;0;0;2;0;1;0;0;1;0;0;0;0;77;31;109;8;1;10;3;31;0;1;10;2;0;1;0;2;3;1;1;0;1;1;1;21;4;1;0;2;0;0;1;0;0;1;0;0;0;0;0;0;6;5;0;0;0;0;0;0;0;0;0;0;1;0;0;0;0;0;0;0;0;22;1;0
51;"Zespół Szkolno-Przedszkolny Nr 2-Publiczna Szkoła Podstawowa Nr 16, ul. Zofii Nałkowskiej 16, 45-558 Opole";166101;"m. Opole";"Opole";"opolskie";1;1;2;6;0;1;0;0;0;0;0;0;0;0;0;0;0;0;0;0;0;0;0;0;0;1;34;18;6;2;2;3;1;0;1;1;0;1;1;1;0;0;1;1;1;0;2;2;2;0;38;1;10;2;3;1;3;0;0;2;1;0;1;1;0;2;1;0;1;0;0;2;0;2;42;38;6;19;36;8;0;0;3;0;0;0;0;0;0;0;0;0;0;0;0;1;0;3;25;3;2;3;1;1;0;0;0;0;1;1;0;0;0;0;1;0;0;1;0;0;0;0;84;48;104;4;2;9;6;15;0;0;5;3;3;4;2;3;1;0;1;0;0;1;2;37;1;0;1;9;0;0;0;0;0;0;2;0;1;0;0;1;9;2;0;0;0;0;0;0;0;0;0;0;0;0;0;0;0;1;0;0;0;1;0;0
52;"Publiczna Szkoła Podstawowa Nr 26, ul. Groszowicka 12, 45-517 Opole";166101;"m. Opole";"Opole";"opolskie";1;1;8;6;1;2;3;3;0;3;1;0;0;0;1;0;0;0;2;0;0;0;0;0;0;1;127;46;18;6;11;12;4;1;5;0;1;7;1;0;2;1;3;3;0;0;6;1;1;0;94;7;4;5;0;3;6;1;0;1;1;1;3;0;0;1;1;0;1;0;3;0;1;4;126;108;6;24;54;20;1;2;2;0;0;0;0;1;0;0;0;1;0;0;1;0;0;4;66;9;13;8;0;1;1;0;0;1;4;1;0;1;3;0;2;0;1;1;0;2;0;0;235;110;316;15;3;28;4;78;11;6;11;1;8;1;4;21;5;2;4;1;3;2;0;90;19;1;1;0;0;0;0;0;0;1;0;0;0;1;0;3;48;15;3;1;0;1;0;0;0;1;0;0;0;0;0;0;0;0;0;1;0;0;0;1
53;"Świetlica-Malina, ul. Malownicza 2, 45-681 Opole";166101;"m. Opole";"Opole";"opolskie";1;1;6;0;0;0;0;0;0;0;1;0;0;0;0;0;0;1;0;0;0;0;0;0;1;0;36;27;5;0;1;4;0;2;2;0;0;2;0;0;2;0;2;6;0;0;1;1;1;1;19;2;5;7;0;0;2;0;0;0;0;1;2;0;1;1;0;0;1;0;0;0;0;0;38;47;2;4;25;12;0;0;0;0;2;0;0;1;0;0;0;0;1;0;0;0;0;1;22;3;1;6;1;0;0;0;0;0;2;0;0;0;1;0;0;1;0;1;0;1;1;0;65;20;79;2;2;9;4;17;3;4;1;1;1;0;1;2;4;0;8;1;1;3;0;26;7;0;1;0;0;1;1;0;0;0;0;0;0;0;0;0;31;14;0;1;0;1;0;2;1;0;0;0;0;0;1;0;0;0;0;0;0;4;1;1
54;"Publiczna Szkoła Podstawowa Nr 24, ul. Wiktora Gorzołki 4, 45-627 Opole";166101;"m. Opole";"Opole";"opolskie";1;1;4;2;0;1;1;1;0;1;0;0;0;0;0;0;0;0;0;0;0;0;0;0;1;3;42;30;10;1;0;1;1;0;1;0;0;4;0;0;0;0;0;2;0;0;3;0;0;0;37;0;8;9;0;0;4;1;3;0;0;2;2;0;0;1;0;0;2;1;0;2;0;1;50;41;4;14;19;6;0;0;0;1;0;0;0;0;0;0;0;0;1;1;1;0;1;1;22;4;0;1;1;2;1;0;1;0;1;0;0;0;2;1;0;0;0;2;0;1;2;1;77;22;70;2;2;10;1;16;5;1;5;0;3;2;0;7;2;1;1;1;2;1;2;40;4;0;1;3;0;1;0;0;0;1;0;1;0;0;0;2;16;6;2;0;0;2;1;0;0;0;1;0;0;0;0;0;0;0;0;0;0;1;0;0
55;"Publiczna Szkoła Podstawowa Nr 24, ul. Wiktora Gorzołki 4, 45-627 Opole";166101;"m. Opole";"Opole";"opolskie";1;1;3;0;1;0;1;0;1;2;2;1;0;0;0;0;0;1;0;0;0;0;0;0;0;0;54;17;6;2;3;6;0;1;3;2;0;2;4;1;2;0;0;0;1;0;0;0;0;2;33;4;3;4;0;0;1;1;2;1;0;2;2;1;0;2;0;0;0;1;2;0;1;1;48;50;5;21;17;9;0;1;0;2;0;0;0;1;0;0;0;0;1;2;1;0;1;1;25;6;2;2;6;1;0;1;0;0;0;0;0;0;6;2;0;1;1;1;0;0;1;0;65;17;80;2;1;9;2;20;6;2;5;2;0;2;1;9;1;2;3;1;0;0;1;34;7;0;0;0;0;0;0;0;0;0;1;0;0;0;1;0;27;15;0;0;0;4;0;0;2;0;1;0;0;0;0;0;0;0;0;1;1;3;0;0
56;"Przedszkole Publiczne Nr 44, ul. Oświęcimska 94, 45-641 Opole";166101;"m. Opole";"Opole";"opolskie";1;1;0;1;1;1;0;1;1;0;1;0;0;0;0;0;0;0;0;0;2;0;0;0;1;1;32;13;9;5;3;5;0;2;0;1;1;5;1;2;0;0;3;2;0;0;0;0;1;1;31;6;7;1;1;0;0;2;0;0;1;0;0;1;1;0;0;0;0;0;0;0;0;0;75;49;6;17;24;4;2;0;0;2;0;0;1;0;0;1;0;1;0;0;2;0;0;1;23;2;6;2;4;1;1;5;0;0;4;1;0;0;0;0;0;1;0;0;0;1;0;0;100;38;91;5;0;6;5;8;2;0;3;1;3;0;0;3;0;1;1;1;0;1;0;26;3;3;1;0;0;0;0;0;0;0;0;0;0;0;0;0;7;1;1;1;0;1;0;0;0;0;1;0;0;0;0;0;0;0;0;0;0;0;0;0
57;"Narodowe Centrum Polskiej Piosenki-Klub osiedlowy „Metalchem”, ul. Oświęcimska 90, 45-643 Opole";166101;"m. Opole";"Opole";"opolskie";1;1;2;4;2;0;1;2;0;0;0;0;1;0;0;1;0;0;1;0;0;0;0;0;0;1;58;14;6;1;7;6;0;0;1;1;2;3;1;1;1;1;1;1;1;0;0;0;1;1;36;5;2;2;1;1;1;1;2;0;1;2;1;1;0;0;1;0;0;0;2;0;0;2;82;58;8;30;16;11;0;0;1;0;0;1;0;0;1;0;0;1;0;1;2;1;0;0;46;6;2;4;1;0;0;1;2;1;1;1;0;1;0;1;0;1;0;1;0;2;1;2;109;41;88;3;1;15;3;28;4;2;3;0;1;5;2;8;1;0;0;0;2;2;2;25;5;0;1;4;1;0;1;0;0;0;0;0;0;0;0;2;5;0;2;1;0;0;0;0;1;1;0;0;0;0;0;0;1;0;0;0;0;1;1;0
58;"Zespół Szkół Specjalnych, ul. Książąt Opolskich 21, 45-005 Opole";166101;"m. Opole";"Opole";"opolskie";1;1;5;4;0;0;0;1;0;0;1;2;0;0;0;1;0;0;1;0;1;0;0;0;1;1;44;16;18;1;5;3;0;1;3;0;0;4;2;0;3;2;0;2;2;0;2;0;1;1;82;11;6;0;1;3;7;1;4;3;0;1;3;1;0;1;1;0;0;1;0;1;1;1;82;123;18;28;36;13;1;0;6;1;0;0;0;0;0;0;0;0;1;2;1;0;4;2;30;4;1;5;2;2;1;0;0;0;0;1;0;1;1;0;0;0;0;1;0;1;2;1;148;59;129;3;3;13;2;19;4;1;11;0;4;1;1;13;3;1;4;3;1;1;2;47;3;1;0;3;1;0;1;1;2;0;0;0;0;0;0;0;5;4;0;1;0;0;1;0;0;1;0;0;0;0;0;0;0;0;0;0;1;0;0;0
59;"Zespół Szkół Ogólnokształcących Nr II, ul. gen. Kazimierza Pułaskiego 3, 45-048 Opole";166101;"m. Opole";"Opole";"opolskie";1;1;2;4;2;1;0;1;0;1;0;0;0;1;0;2;0;0;0;0;0;0;0;0;0;0;52;23;17;2;7;3;2;1;1;0;0;4;1;2;0;2;1;0;1;0;2;1;1;1;114;11;11;14;2;4;6;3;0;1;1;1;0;2;0;3;2;2;0;1;1;1;0;2;77;70;6;42;33;18;0;0;0;1;0;0;0;1;1;0;0;0;1;0;3;1;0;0;50;7;7;4;0;3;3;1;0;0;2;0;0;0;0;0;0;0;0;2;0;1;0;0;202;106;182;11;3;12;4;20;2;0;6;0;9;1;0;23;1;0;2;0;0;1;3;42;7;0;1;4;0;0;0;0;0;0;0;0;1;0;0;0;6;3;2;0;0;0;0;0;0;0;0;0;0;0;0;0;0;0;0;0;1;1;0;0
60;"Zespół Szkół Mechanicznych, ul. Edmunda Osmańczyka 22, 45-027 Opole";166101;"m. Opole";"Opole";"opolskie";1;1;4;1;1;0;0;0;0;2;0;0;0;1;0;0;0;0;0;0;0;0;0;0;0;4;68;27;9;4;9;6;1;0;8;0;0;4;0;0;3;1;0;1;2;0;1;1;0;1;97;8;7;7;0;0;8;3;1;1;0;0;3;2;0;5;0;0;0;0;0;1;4;1;85;92;4;27;24;14;1;0;1;1;0;0;0;0;0;0;1;0;0;1;9;1;0;1;26;6;4;5;1;0;0;0;0;0;3;0;1;2;0;0;0;1;0;0;0;1;0;1;146;55;124;3;1;11;3;21;2;1;5;1;4;3;1;17;4;2;0;1;0;1;2;51;8;0;2;7;0;0;0;0;2;0;0;1;0;0;0;0;3;4;1;0;0;1;0;1;1;2;2;0;0;0;0;0;0;0;0;2;0;1;0;0
61;"Urząd Miasta Opola-Wydział Oświaty, ul. Henryka Sienkiewicza 6, 45-037 Opole";166101;"m. Opole";"Opole";"opolskie";1;1;2;0;0;0;1;2;0;0;0;0;1;0;0;0;2;0;0;1;0;0;0;0;0;0;40;13;8;2;2;5;0;1;1;1;2;6;0;1;0;2;0;0;0;1;0;0;0;1;75;5;1;6;1;1;3;0;0;2;0;1;0;0;0;1;1;0;0;0;0;0;1;1;44;48;8;22;18;8;0;1;1;0;0;0;0;0;0;0;0;0;0;0;1;0;1;0;30;4;3;3;1;1;2;0;0;2;1;0;1;0;0;0;0;0;0;0;0;0;0;0;110;49;93;5;0;7;2;20;4;2;3;2;1;2;0;11;3;0;1;0;1;5;0;22;1;0;0;1;0;0;0;0;0;0;0;0;0;0;0;0;3;2;0;0;0;0;0;0;0;0;1;0;0;0;1;0;0;0;0;0;0;0;0;1
62;"Zespół Szkół Elektrycznych, ul. Tadeusza Kościuszki 39 - 41, 45-062 Opole";166101;"m. Opole";"Opole";"opolskie";1;1;2;2;1;0;0;0;0;1;0;0;1;0;0;1;1;0;0;0;0;0;0;0;0;0;55;19;14;3;5;1;3;0;0;0;3;4;2;1;0;2;3;0;0;2;4;2;2;2;79;8;8;4;1;1;6;2;1;2;0;0;9;2;0;0;2;0;0;1;0;1;1;1;54;68;3;26;17;7;0;1;2;0;0;0;0;1;0;0;0;0;0;0;1;0;0;0;30;4;6;2;2;2;0;0;1;0;2;0;0;0;0;0;0;0;0;1;0;4;0;1;146;74;105;7;2;10;3;26;1;2;7;1;2;0;1;17;5;1;6;1;0;0;2;46;3;0;0;3;0;0;1;1;0;0;0;1;0;0;0;0;4;0;0;0;0;0;0;0;0;1;0;0;0;0;0;0;0;0;0;0;0;0;0;1
63;"Publiczne Liceum Ogólnokształcące Nr VIII, ul. Ozimska 48a, 45-368 Opole";166101;"m. Opole";"Opole";"opolskie";1;1;0;2;0;0;0;0;2;2;0;0;0;0;0;0;0;0;0;0;2;1;0;0;0;0;41;13;9;2;4;8;1;2;1;1;0;3;2;1;1;0;1;0;7;1;1;3;0;0;60;5;7;4;1;0;5;3;3;1;0;1;0;3;0;1;1;1;0;0;0;0;0;0;73;46;3;19;33;24;1;1;0;0;0;0;1;0;0;0;1;1;0;1;2;1;0;0;27;5;2;7;2;1;2;1;0;0;4;1;2;0;0;2;1;0;0;0;0;2;0;1;140;67;121;8;3;11;2;46;9;2;9;0;1;3;0;8;0;2;1;0;1;1;2;72;3;1;1;3;0;1;2;2;1;0;0;1;0;0;0;0;5;0;0;0;0;0;0;0;0;0;0;0;0;0;0;0;0;0;0;0;0;0;0;0
64;"Miejski Ośrodek Doskonalenia Nauczycieli w Opolu w Miejskim Centrum Wspomagania Edukacji w Opolu, ul. Powstańców Śląskich 19, 45-086 Opole";166101;"m. Opole";"Opole";"opolskie";1;1;2;3;0;0;0;1;2;0;0;0;1;3;1;1;0;0;0;1;1;0;0;0;0;0;50;18;6;2;4;3;1;1;0;0;1;0;0;1;0;1;2;1;2;2;1;0;1;1;75;5;3;5;1;0;5;1;3;1;0;1;1;0;0;4;0;0;1;1;2;1;0;1;54;36;4;29;22;14;0;0;0;0;0;0;1;1;0;0;0;0;0;0;3;0;1;0;23;8;5;6;3;0;0;0;1;0;1;0;1;0;1;1;1;0;0;0;0;0;0;0;112;58;156;0;1;10;4;18;7;1;12;0;1;0;2;6;0;0;1;1;0;0;0;43;2;0;0;7;0;0;0;1;0;0;2;1;0;0;0;0;6;1;2;0;0;0;0;0;1;0;0;0;0;0;0;0;0;0;0;0;0;2;0;2
65;"Publiczna Szkoła Podstawowa Nr 1, ul. Władysława Reymonta 43, 45-072 Opole";166101;"m. Opole";"Opole";"opolskie";1;1;3;4;1;0;0;0;0;0;0;0;0;0;0;1;0;0;0;3;0;0;0;0;0;1;66;21;8;1;5;7;1;0;1;1;0;2;0;1;0;0;3;1;4;0;4;1;4;3;104;8;5;5;0;1;8;1;1;5;0;1;1;1;1;5;1;0;0;0;0;0;1;1;83;77;1;29;14;11;0;0;1;0;0;1;0;0;0;0;0;0;0;0;1;1;0;0;33;12;6;2;1;1;1;1;1;0;2;0;0;1;0;0;0;0;0;2;1;0;1;1;105;86;134;8;1;16;0;18;5;2;5;0;2;0;0;11;6;1;6;1;1;0;0;37;9;3;0;5;0;0;1;2;0;0;2;0;0;0;0;0;3;0;0;0;0;0;0;0;1;0;0;0;0;0;0;0;0;1;0;0;0;2;1;0
66;"Zespół Szkół Elektrycznych, ul. Tadeusza Kościuszki 39 - 41, 45-062 Opole";166101;"m. Opole";"Opole";"opolskie";1;1;2;2;1;0;0;3;1;1;0;1;2;0;0;0;0;0;1;0;0;1;0;0;1;0;48;30;11;2;5;8;3;1;1;1;3;5;4;0;0;0;0;1;1;0;0;0;2;2;94;4;3;5;0;2;9;3;3;0;1;1;1;1;0;4;1;0;0;0;0;1;0;0;57;74;2;25;17;10;1;1;0;0;1;1;0;0;0;0;1;0;0;1;5;1;0;0;44;8;8;8;2;2;0;1;0;1;5;0;1;1;0;0;0;0;0;0;0;0;0;3;109;69;122;4;6;14;5;24;4;2;1;0;6;2;1;8;0;1;3;0;1;0;0;67;4;1;1;4;2;0;2;0;0;0;0;1;0;0;0;0;2;1;0;0;0;0;0;0;0;0;0;0;0;1;0;0;0;0;0;0;0;0;0;0
67;"Publiczne Liceum Ogólnokształcące Nr VIII, ul. Ozimska 48a, 45-368 Opole";166101;"m. Opole";"Opole";"opolskie";1;1;2;3;0;0;1;1;2;0;1;0;1;0;0;0;0;0;1;0;0;0;0;0;0;0;58;28;9;2;11;3;6;1;2;0;0;2;1;0;0;1;4;0;1;0;3;0;1;2;108;9;6;6;2;2;3;1;3;4;2;0;1;2;0;2;2;1;0;0;0;0;0;2;89;92;5;31;41;24;0;0;0;0;0;0;1;0;0;1;1;1;0;2;1;1;2;0;48;6;5;6;3;1;0;1;3;0;0;0;0;4;0;1;0;0;0;2;0;1;0;1;137;73;137;5;8;12;6;24;6;1;10;0;1;0;1;9;4;0;2;1;0;0;2;59;6;0;1;5;2;0;0;0;0;2;0;1;1;0;0;2;6;0;0;0;0;0;0;0;1;0;0;0;0;0;0;0;0;0;0;0;0;0;0;1
68;"Przedszkole Publiczne Nr 21, ul. Wojciecha Drzymały 28, 45-342 Opole";166101;"m. Opole";"Opole";"opolskie";1;1;1;3;0;0;1;1;1;0;0;1;0;0;0;1;1;0;0;0;0;1;0;0;0;0;32;11;3;0;6;3;2;0;1;0;0;1;1;1;2;0;2;1;2;0;1;0;0;2;37;9;3;0;1;4;5;1;2;0;0;1;1;0;0;1;1;1;1;0;0;0;0;1;27;49;4;11;9;7;0;0;2;0;0;0;0;0;0;0;0;0;1;0;1;0;0;0;17;1;0;2;1;1;0;0;0;0;0;0;0;0;3;0;0;0;0;1;0;0;0;0;54;24;57;2;1;6;2;9;0;1;3;3;2;0;0;4;2;1;2;0;0;1;2;30;2;0;0;5;2;0;0;0;0;0;0;0;0;0;1;0;1;0;0;0;0;0;0;0;0;0;0;0;0;0;0;0;0;0;0;0;0;0;0;5
69;"Publiczna Szkoła Podstawowa Nr 2 Budynek B, ul. 1 Maja 151, 45-356 Opole";166101;"m. Opole";"Opole";"opolskie";1;1;1;3;1;0;0;0;0;1;2;0;2;0;2;0;0;0;0;0;0;2;0;0;0;0;54;18;6;2;6;1;2;0;4;3;2;6;2;1;2;2;1;0;1;0;4;0;0;0;54;9;4;8;1;3;2;1;0;1;0;2;2;0;2;1;0;1;0;0;1;2;1;1;74;65;11;54;42;16;0;0;4;1;0;0;1;0;0;0;0;0;0;2;1;0;0;1;25;7;5;5;1;0;0;0;1;3;0;1;0;0;0;0;1;0;1;0;0;1;0;0;123;47;122;16;4;14;4;17;4;0;7;2;3;2;2;9;0;0;3;0;0;2;2;35;7;1;1;3;0;0;1;0;0;2;1;0;0;0;1;1;4;0;1;0;1;0;0;0;0;0;1;0;0;1;0;0;0;0;0;0;0;0;0;0
70;"Publiczna Szkoła Podstawowa Nr 2 Budynek A, ul. Katowicka 35, 45-061 Opole";166101;"m. Opole";"Opole";"opolskie";1;1;1;4;1;1;0;1;0;0;1;0;0;0;0;1;0;0;1;0;0;0;1;0;1;1;41;22;3;0;5;8;4;2;1;1;0;6;7;0;0;0;0;1;2;0;0;0;3;0;68;10;8;5;0;1;8;1;1;3;0;1;3;3;1;1;0;1;1;0;0;1;0;3;63;60;6;15;23;16;0;1;0;2;0;0;0;0;1;0;2;0;0;1;3;0;0;0;32;3;2;5;4;1;1;0;1;1;2;0;1;1;0;0;0;2;0;1;0;2;0;1;127;72;130;5;1;26;6;29;5;0;7;1;5;0;2;6;3;0;4;0;3;1;3;81;9;0;0;3;0;0;1;0;0;0;0;0;1;0;0;1;3;2;0;1;0;0;0;0;0;0;0;0;0;0;0;0;0;0;0;0;2;0;0;1
71;"Miejski Ośrodek Pomocy Rodzinie w Opolu, ul. Armii Krajowej 36, 45-071 Opole";166101;"m. Opole";"Opole";"opolskie";1;1;0;0;1;0;0;2;0;0;0;0;1;0;1;0;0;0;0;2;0;0;1;0;0;0;38;17;9;3;6;9;0;2;4;0;1;6;1;1;0;3;1;0;0;1;4;0;2;1;52;11;0;4;0;2;7;2;0;0;0;0;2;4;0;3;0;0;1;1;0;1;1;2;64;64;8;34;29;15;0;0;1;0;0;1;1;1;0;0;0;0;0;0;1;2;0;0;31;2;0;4;7;0;0;2;1;2;0;0;1;0;1;0;0;0;0;2;0;2;1;0;137;51;128;7;3;7;9;9;8;1;5;1;1;1;0;9;2;1;4;1;4;0;1;40;4;1;1;5;0;0;1;0;3;0;0;0;1;0;1;1;5;0;0;1;0;0;0;0;0;1;0;0;0;0;0;0;0;0;0;0;0;0;0;0
72;"Publiczna Szkoła Podstawowa Nr 2 Budynek B, ul. 1 Maja 151, 45-356 Opole";166101;"m. Opole";"Opole";"opolskie";1;1;1;2;0;0;1;1;0;0;1;1;0;0;0;1;1;0;0;0;0;0;0;0;0;0;43;17;6;0;3;5;0;2;1;0;1;5;1;2;0;0;1;0;1;1;0;0;0;2;43;4;6;5;0;1;7;1;0;2;1;0;1;3;1;4;1;0;0;0;0;0;0;1;60;49;8;31;24;20;0;1;0;1;0;0;1;0;0;0;0;0;2;0;1;1;0;1;40;8;8;4;2;2;0;1;1;0;1;0;0;1;2;0;0;0;0;0;0;0;0;1;114;33;79;3;1;8;4;19;2;2;7;1;4;0;0;5;3;1;1;0;1;1;0;36;3;3;0;0;0;1;0;0;0;2;0;0;1;0;0;0;3;1;0;1;0;0;0;0;0;0;0;0;0;0;0;0;0;0;0;0;0;0;0;0
73;"Kliniczne Centrum Ginekologii, Położnictwa i Neonatologii w Opolu, ul. Władysława Reymonta 8, 45-066 Opole";166101;"m. Opole";"Opole";"opolskie";1;1;0;0;0;0;0;0;0;0;0;0;0;0;0;0;0;0;0;0;1;0;0;0;0;0;2;1;1;1;0;0;0;0;0;0;0;1;0;0;0;0;0;0;0;1;2;0;0;0;2;0;0;0;0;0;0;0;0;0;0;0;0;0;0;0;0;0;0;0;0;0;0;0;1;3;0;0;0;0;0;0;0;0;0;0;0;0;0;0;0;0;0;0;0;0;0;0;0;0;0;1;0;0;0;0;0;0;0;0;0;0;0;0;0;1;0;0;0;0;0;0;3;2;3;0;1;0;0;1;0;0;0;0;0;0;1;0;0;1;1;0;0;0;0;1;0;0;0;0;0;0;0;1;0;0;0;0;0;0;0;0;0;0;0;0;0;0;0;0;0;0;0;0;0;0;0;0;0;0;0;0;0;0;0;0
74;"Uniwersytecki Szpital Kliniczny w Opolu, ul. Aleja Wincentego Witosa 26, 45-401 Opole";166101;"m. Opole";"Opole";"opolskie";1;1;0;0;0;0;0;0;0;1;1;0;0;0;0;0;0;0;0;0;0;0;0;0;0;0;2;1;1;0;2;0;1;2;0;0;0;0;0;0;0;0;0;0;1;0;0;0;0;0;5;0;1;0;0;0;0;0;0;0;0;0;0;1;0;1;0;0;0;0;0;0;0;0;13;10;3;2;2;2;0;1;0;1;0;1;0;0;0;0;0;0;0;0;0;0;0;0;3;0;0;0;0;0;0;0;0;0;0;0;0;0;0;0;0;0;1;0;0;0;0;0;25;4;11;1;3;1;0;2;0;0;2;0;0;0;1;0;0;1;1;0;0;0;0;3;1;0;0;0;0;0;0;0;0;1;0;0;0;0;0;0;5;2;0;1;1;1;0;0;0;0;0;0;0;0;0;0;0;0;0;0;0;0;0;0
75;"Szpital Wojewódzki w Opolu sp. z o. o., ul. Augustyna Kośnego 53, 45-372 Opole";166101;"m. Opole";"Opole";"opolskie";1;1;1;0;0;0;0;1;0;0;0;0;0;0;0;0;0;0;0;0;0;0;0;0;0;1;2;4;0;2;0;0;0;1;0;0;0;0;0;0;0;0;0;0;0;0;0;0;0;0;4;2;0;1;0;1;0;0;0;0;0;0;0;1;0;0;0;0;0;0;0;0;0;0;15;10;3;9;5;0;0;0;0;1;0;1;0;0;0;0;0;1;0;0;0;0;0;0;2;1;0;0;0;0;0;0;1;0;0;0;0;0;0;0;0;0;0;0;0;0;0;0;11;6;10;2;1;3;0;2;1;0;0;0;0;0;1;0;0;0;0;0;0;0;0;1;2;0;0;0;0;0;1;0;0;0;0;0;0;0;0;0;1;0;0;0;0;0;0;0;0;0;0;0;0;0;0;0;0;0;0;0;0;0;0;1
76;"Wojewódzki Szpital Specjalistyczny im. św. Jadwigi w Opolu, ul. Wodociągowa 4, 45-221 Opole";166101;"m. Opole";"Opole";"opolskie";1;1;1;0;1;0;0;1;0;0;0;0;0;0;0;1;0;0;0;0;0;0;0;0;0;0;2;0;0;0;1;0;0;0;0;0;0;0;0;0;0;0;0;0;0;0;1;0;0;0;3;0;0;0;0;0;2;0;0;1;0;0;0;0;0;0;0;0;0;1;0;0;0;0;13;2;2;1;3;1;0;1;0;0;1;0;0;0;0;0;0;1;0;0;0;0;0;0;0;0;0;0;1;0;0;0;0;0;0;1;0;0;0;0;0;0;0;0;0;2;0;0;8;1;8;2;0;2;1;1;3;1;2;1;0;1;0;1;0;0;0;0;0;0;0;2;0;0;0;0;0;0;0;1;0;0;0;0;0;0;0;1;3;2;1;0;1;0;0;0;0;0;0;0;0;0;0;0;0;0;0;0;0;0;0;0
77;"Samodzielny Publiczny Zakład Opieki Zdrowotnej Ministerstwa Spraw Wewnętrznych i Administracji w Opolu, ul. Krakowska 44, 45-075 Opole";166101;"m. Opole";"Opole";"opolskie";1;1;0;0;0;0;0;0;0;0;0;0;0;0;0;0;0;0;0;0;0;0;0;0;0;0;0;0;0;0;0;0;0;0;0;0;0;0;0;0;0;0;0;0;0;0;0;0;0;0;1;0;1;0;1;0;0;0;0;0;0;0;0;0;0;0;0;0;0;0;0;0;0;0;2;3;0;1;1;0;0;0;0;0;0;0;0;1;0;0;0;0;0;0;0;0;0;0;0;0;0;0;0;0;0;0;0;0;0;0;0;0;0;0;0;0;0;0;0;0;0;0;0;2;1;0;1;0;0;0;0;0;0;0;0;0;0;0;0;0;0;0;0;0;0;1;0;0;0;0;0;0;0;0;0;0;0;0;0;0;0;0;0;0;0;0;0;0;0;0;0;0;0;0;0;0;0;0;0;0;0;0;0;0;0;0
78;"Dom Pomocy Społecznej dla Kombatantów w Opolu, ul. Chmielowicka 6, 45-758 Opole";166101;"m. Opole";"Opole";"opolskie";1;1;2;0;1;0;1;0;0;0;1;0;0;0;0;0;0;0;0;0;0;0;0;0;0;0;0;0;0;0;0;0;0;0;0;0;0;0;0;0;0;0;0;0;0;0;0;0;0;0;2;0;1;0;0;0;0;0;0;0;0;0;0;0;0;0;0;0;1;0;0;0;0;0;9;5;2;2;1;1;0;0;0;1;0;0;0;0;0;0;0;0;0;1;0;0;0;0;0;0;0;0;0;0;0;0;0;0;0;0;0;0;0;0;0;0;0;0;0;0;0;0;4;4;1;0;1;0;0;0;1;0;1;0;1;0;0;0;0;0;0;0;0;0;0;1;0;0;0;0;0;0;0;0;0;0;0;0;0;0;0;0;2;0;0;1;0;0;0;0;0;0;0;0;0;0;0;0;0;0;0;0;0;0;1;0
79;"Areszt Śledczy w Opolu, ul. Sądowa 4, 45-033 Opole";166101;"m. Opole";"Opole";"opolskie";1;1;1;0;0;0;0;0;0;2;0;0;1;1;1;0;1;0;0;0;0;0;0;0;0;0;9;1;0;1;0;1;0;0;2;2;0;1;0;0;0;0;1;3;1;1;0;0;3;0;4;5;4;0;0;1;3;0;0;0;2;0;1;0;0;0;1;0;0;0;0;0;1;0;8;3;1;0;3;0;0;0;2;0;0;0;0;1;0;0;0;1;0;0;0;0;0;1;4;1;0;1;0;0;0;0;0;0;0;1;0;0;0;0;0;0;0;0;0;1;0;0;73;4;29;6;6;9;2;2;1;0;1;3;3;1;0;0;0;0;0;2;0;2;0;11;0;0;0;1;1;0;0;1;0;0;0;0;0;0;0;0;5;1;0;0;2;0;0;0;1;0;0;0;0;0;0;0;0;1;0;0;0;0;0;0
80;"Oddział Zewnętrzny Aresztu Śledczego w Opolu, ul. Partyzancka 72, 45-853 Opole";166101;"m. Opole";"Opole";"opolskie";1;1;0;0;0;0;0;0;0;0;0;0;0;0;0;0;0;0;0;0;0;0;0;0;0;0;7;0;1;2;0;0;1;0;0;0;2;3;0;0;0;1;0;1;0;0;1;0;0;0;0;0;1;0;0;0;0;0;0;0;1;0;0;0;0;0;0;0;0;0;0;0;0;0;3;1;0;1;0;0;0;0;1;1;0;0;0;0;0;0;0;0;0;0;0;0;0;0;0;0;0;0;0;0;0;1;0;0;0;0;0;0;1;0;0;0;0;0;0;0;0;0;3;0;1;0;0;0;1;0;0;0;0;1;0;0;0;1;0;0;0;0;0;0;0;3;0;0;0;0;0;0;0;0;0;0;0;0;0;0;0;0;0;1;0;0;0;0;0;0;0;0;0;0;0;0;0;0;0;0;0;0;0;0;0;0
81;"116 Szpital Wojskowy z Przychodnią SPZOZ w Opolu, ul. Walerego Wróblewskiego 46, 45-759 Opole";166101;"m. Opole";"Opole";"opolskie";1;1;0;0;0;0;0;0;0;0;0;0;0;0;0;0;0;0;0;0;0;0;0;0;0;0;0;2;0;0;0;0;0;0;0;0;0;0;0;0;0;0;0;0;0;0;0;0;0;0;1;0;0;0;0;0;0;0;0;0;0;0;0;0;0;0;0;0;0;0;0;0;0;0;4;3;3;2;3;0;0;0;0;0;0;0;0;0;0;0;0;0;0;0;0;0;0;0;0;0;0;0;0;0;0;0;0;0;0;0;0;0;0;0;0;0;0;0;0;0;0;0;6;1;3;0;0;0;0;0;0;0;0;0;0;0;0;0;0;0;1;0;0;0;0;2;0;0;0;0;0;0;0;0;0;0;0;0;0;0;0;0;4;0;0;0;0;1;0;0;0;0;0;0;0;0;0;0;0;0;0;0;0;0;0;0
82;"Samodzielny Publiczny Zakład Opieki Zdrowotnej Opolskie Centrum Onkologii im. prof. Tadeusza Koszarowskiego w Opolu, ul. Katowicka 66a, 45-061 Opole";166101;"m. Opole";"Opole";"opolskie";1;1;0;0;0;0;0;0;0;0;0;0;0;0;0;0;0;0;0;0;0;0;0;0;0;0;4;1;1;0;0;1;0;0;0;0;0;0;0;0;0;0;0;0;0;0;0;0;0;0;3;0;0;0;0;0;0;0;0;0;0;0;0;0;0;0;0;0;0;0;0;0;0;0;2;5;3;2;3;1;0;0;2;0;0;0;0;0;0;1;0;0;0;1;0;0;0;0;1;0;0;0;0;0;0;0;0;0;0;0;0;0;0;0;0;0;0;0;0;0;0;0;5;0;3;0;1;2;1;0;0;0;0;0;0;0;0;1;0;0;1;0;0;0;0;0;0;0;0;0;0;0;0;0;0;0;0;0;0;0;0;0;0;0;0;0;0;0;0;0;0;0;0;0;0;0;0;0;0;0;0;0;0;0;0;0
83;"Zakład Opiekuńczo-Leczniczy w Opolu, ul. Prószkowska 72, 45-758 Opole";166101;"m. Opole";"Opole";"opolskie";1;1;0;0;0;0;0;0;0;0;1;0;0;0;1;0;0;0;0;0;0;0;0;0;0;0;0;0;0;0;0;0;0;0;0;0;0;0;0;0;0;1;0;0;0;0;0;0;0;0;1;0;0;0;0;0;0;0;0;0;0;0;0;0;0;0;0;0;0;0;0;0;0;0;2;0;0;1;0;0;0;0;0;1;0;0;0;0;0;0;0;0;0;0;0;1;0;1;0;0;0;0;0;0;0;0;0;0;0;0;0;0;0;0;0;0;0;0;0;0;0;0;1;1;0;0;0;0;0;0;0;0;0;0;0;0;0;0;0;0;0;0;0;0;0;1;1;0;0;0;0;0;0;0;0;0;0;0;0;0;0;0;0;0;0;0;0;0;0;0;0;0;0;0;0;0;0;0;0;0;0;0;0;0;0;0
84;"Dom Seniora Pogodna Jesień, ul. Rozmarynowa 3, 45-403 Opole";166101;"m. Opole";"Opole";"opolskie";1;1;0;0;0;0;0;0;0;0;0;0;0;0;0;0;0;0;0;0;0;0;0;0;0;1;0;1;1;0;1;0;0;0;0;0;0;0;0;0;0;0;0;0;0;0;0;1;0;0;3;0;0;0;1;0;0;0;0;0;0;0;0;0;0;0;0;0;0;0;0;0;0;1;3;3;0;1;2;0;0;0;0;0;0;0;1;0;0;0;0;0;0;0;1;0;0;0;0;0;0;0;0;0;0;0;0;0;0;0;0;0;0;0;0;0;0;0;0;0;0;0;5;6;3;0;0;1;0;2;1;0;0;0;0;0;0;0;1;0;0;0;0;0;0;1;0;0;0;0;0;0;0;1;0;0;0;0;0;0;0;0;0;0;0;0;0;0;0;0;0;0;0;0;0;0;0;0;0;0;0;0;0;0;0;0
85;"Dom Studenta ""Mrowisko"", ul. Katowicka 87, 45-060 Opole";166101;"m. Opole";"Opole";"opolskie";1;1;0;0;0;0;0;0;0;0;0;0;0;0;0;0;0;0;0;0;0;0;0;0;0;0;7;0;4;0;0;0;0;1;0;0;0;1;0;1;0;0;0;1;0;0;0;0;0;0;10;2;1;1;0;1;1;0;0;0;0;0;0;0;0;1;0;0;0;0;0;0;0;0;0;2;0;0;0;0;0;0;0;0;0;0;0;0;0;0;0;0;0;0;0;0;0;0;6;0;0;0;0;0;0;0;0;0;0;0;0;0;1;0;0;0;0;0;0;0;0;0;2;3;1;0;2;1;0;5;1;0;0;0;0;0;1;1;1;0;0;0;0;0;0;0;1;0;0;0;0;0;0;0;0;0;0;0;0;0;0;0;1;0;0;0;0;0;0;0;0;0;0;0;0;0;0;0;0;0;0;0;0;0;0;0
