"Nr komisji";"Siedziba komisji";"TERYT Gminy";"Gmina";"Powiat";"Województwo";"Liczba komisji";"Liczba uwzględnionych komisji";"BELTER Łukasz Marek - KW BEZPARTYJNI SAMORZĄDOWCY";"ZAGAJEWSKI Cezary Adam - KW BEZPARTYJNI SAMORZĄDOWCY";"WĄTOROWSKA Alicja Katarzyna - KW BEZPARTYJNI SAMORZĄDOWCY";"MICHNO Aneta Joanna - KW BEZPARTYJNI SAMORZĄDOWCY";"ROMANIECKI Łukasz - KW BEZPARTYJNI SAMORZĄDOWCY";"FALKIEWICZ Marcelina Ewa - KW BEZPARTYJNI SAMORZĄDOWCY";"GLAZA Remigiusz - KW BEZPARTYJNI SAMORZĄDOWCY";"FIJOŁEK Monika Halina - KW BEZPARTYJNI SAMORZĄDOWCY";"HADUCH Ewelina Katarzyna - KW BEZPARTYJNI SAMORZĄDOWCY";"ORDON Mateusz Łukasz - KW BEZPARTYJNI SAMORZĄDOWCY";"KULIK Joanna Paulina - KW BEZPARTYJNI SAMORZĄDOWCY";"KRIEGEL Marzena Joanna - KW BEZPARTYJNI SAMORZĄDOWCY";"LEWCZUK Sebastian - KW BEZPARTYJNI SAMORZĄDOWCY";"DZIUBA Martyna - KW BEZPARTYJNI SAMORZĄDOWCY";"POLAK-SALOMON Kamil Norbert - KW BEZPARTYJNI SAMORZĄDOWCY";"MOŁODECKA Magdalena Maria - KW BEZPARTYJNI SAMORZĄDOWCY";"ZIELONY Konrad Emil - KW BEZPARTYJNI SAMORZĄDOWCY";"NOWAK Agata Karolina - KW BEZPARTYJNI SAMORZĄDOWCY";"ZDANOWSKI Wojciech Jerzy - KW BEZPARTYJNI SAMORZĄDOWCY";"SZYMANOWSKA Ewa Joanna - KKW TRZECIA DROGA PSL-PL2050 SZYMONA HOŁOWNI";"DYBA-BOJARSKI Bartłomiej Waldemar - KKW TRZECIA DROGA PSL-PL2050 SZYMONA HOŁOWNI";"SOBCZAK Michał Jerzy - KKW TRZECIA DROGA PSL-PL2050 SZYMONA HOŁOWNI";"KARDAS Grzegorz Tymoteusz - KKW TRZECIA DROGA PSL-PL2050 SZYMONA HOŁOWNI";"MATYSIAK Michał - KKW TRZECIA DROGA PSL-PL2050 SZYMONA HOŁOWNI";"DASZYŃSKA Jolanta Alina - KKW TRZECIA DROGA PSL-PL2050 SZYMONA HOŁOWNI";"MAJEWSKI Eugeniusz Paweł - KKW TRZECIA DROGA PSL-PL2050 SZYMONA HOŁOWNI";"SZELĄGOWSKA-MIRONIUK Angelika Maria - KKW TRZECIA DROGA PSL-PL2050 SZYMONA HOŁOWNI";"KRZEŚNIAK Anna Ewa - KKW TRZECIA DROGA PSL-PL2050 SZYMONA HOŁOWNI";"KRAWCZYK Katarzyna Barbara - KKW TRZECIA DROGA PSL-PL2050 SZYMONA HOŁOWNI";"ŁUNIEWSKA-BURY Jolanta - KKW TRZECIA DROGA PSL-PL2050 SZYMONA HOŁOWNI";"FRANCZAK Stanisław - KKW TRZECIA DROGA PSL-PL2050 SZYMONA HOŁOWNI";"MATIASZCZYK Natalia Monika - KKW TRZECIA DROGA PSL-PL2050 SZYMONA HOŁOWNI";"TYGIELSKI Marcin Ireneusz - KKW TRZECIA DROGA PSL-PL2050 SZYMONA HOŁOWNI";"ŚWIERCZYŃSKI Lechosław Marek - KKW TRZECIA DROGA PSL-PL2050 SZYMONA HOŁOWNI";"BOCZKOWSKA Magdalena Anna - KKW TRZECIA DROGA PSL-PL2050 SZYMONA HOŁOWNI";"BOREK Maria Bogusława - KKW TRZECIA DROGA PSL-PL2050 SZYMONA HOŁOWNI";"GAJDA Wiktoria Brygida - KKW TRZECIA DROGA PSL-PL2050 SZYMONA HOŁOWNI";"MIELCZAREK Witold Adam - KKW TRZECIA DROGA PSL-PL2050 SZYMONA HOŁOWNI";"ZABOROWSKA-GORZKIEWICZ Klaudia Czesława - KKW TRZECIA DROGA PSL-PL2050 SZYMONA HOŁOWNI";"TRELA Tomasz Dominik - KW NOWA LEWICA";"ŻURAW Elżbieta Małgorzata - KW NOWA LEWICA";"SMORĘDA Agnieszka - KW NOWA LEWICA";"FRĄCZAK Tomasz - KW NOWA LEWICA";"WIETESKA Agnieszka Maria - KW NOWA LEWICA";"WIŚNIEWSKA-KABAT Emilia Małgorzata - KW NOWA LEWICA";"KĘPIŃSKI Adam Bartosz - KW NOWA LEWICA";"JABŁOŃSKI Marek Jerzy - KW NOWA LEWICA";"SÓJKA Zofia - KW NOWA LEWICA";"OLEJNICZAK Michał Andrzej - KW NOWA LEWICA";"SAWICKA-KACPRZAK Monika Maria - KW NOWA LEWICA";"TYKA Bogusław Włodzimierz - KW NOWA LEWICA";"ŚWIDERSKA Beata Katarzyna - KW NOWA LEWICA";"BRUCHAJZER Piotr Łukasz - KW NOWA LEWICA";"URBAŃCZYK Martyna Natalia - KW NOWA LEWICA";"ŚCIBOR Kamila Beata - KW NOWA LEWICA";"WOJECH Adam - KW NOWA LEWICA";"PAWLIK-NOWACKA Wioleta Kamila - KW NOWA LEWICA";"KUŁAGA Dariusz - KW NOWA LEWICA";"MAKOWSKI Krzysztof Michał - KW NOWA LEWICA";"RAU Zbigniew Włodzimierz - KW PRAWO I SPRAWIEDLIWOŚĆ";"BUDA Waldemar Grzegorz - KW PRAWO I SPRAWIEDLIWOŚĆ";"WOJCIECHOWSKA VAN HEUKELOM Agnieszka Krystyna - KW PRAWO I SPRAWIEDLIWOŚĆ";"TOMASZEWSKI Włodzimierz - KW PRAWO I SPRAWIEDLIWOŚĆ";"KOBIERA Renata Agnieszka - KW PRAWO I SPRAWIEDLIWOŚĆ";"CIEPLUCHA Piotr Paweł - KW PRAWO I SPRAWIEDLIWOŚĆ";"SASIN Roman - KW PRAWO I SPRAWIEDLIWOŚĆ";"MARZEC Radosław - KW PRAWO I SPRAWIEDLIWOŚĆ";"ŁUCZYŃSKA Justyna Aleksandra - KW PRAWO I SPRAWIEDLIWOŚĆ";"RASAŁA Iwona Maja - KW PRAWO I SPRAWIEDLIWOŚĆ";"LEWANDOWSKA Barbara - KW PRAWO I SPRAWIEDLIWOŚĆ";"STAROŃ-JÓŹWIAK Katarzyna - KW PRAWO I SPRAWIEDLIWOŚĆ";"BADURA Elżbieta Jadwiga - KW PRAWO I SPRAWIEDLIWOŚĆ";"ANIELAK Tomasz Lucjan - KW PRAWO I SPRAWIEDLIWOŚĆ";"WIERNICKA Kinga Małgorzata - KW PRAWO I SPRAWIEDLIWOŚĆ";"GAJDA Patryk Jarosław - KW PRAWO I SPRAWIEDLIWOŚĆ";"MIGDALSKI Tomasz Eugeniusz - KW PRAWO I SPRAWIEDLIWOŚĆ";"MARGIEWICZ Tomasz Arkadiusz - KW PRAWO I SPRAWIEDLIWOŚĆ";"ZALECH Aleksander Wiktor - KW PRAWO I SPRAWIEDLIWOŚĆ";"MICHALIK Marek Wojciech - KW PRAWO I SPRAWIEDLIWOŚĆ";"GRABARCZYK Tomasz Michał - KW KONFEDERACJA WOLNOŚĆ I NIEPODLEGŁOŚĆ";"KICOWSKI Przemysław Patryk - KW KONFEDERACJA WOLNOŚĆ I NIEPODLEGŁOŚĆ";"PACIEJEWSKI Radosław Adrian - KW KONFEDERACJA WOLNOŚĆ I NIEPODLEGŁOŚĆ";"POREDA Paula - KW KONFEDERACJA WOLNOŚĆ I NIEPODLEGŁOŚĆ";"LUDWIG Zbigniew Piotr - KW KONFEDERACJA WOLNOŚĆ I NIEPODLEGŁOŚĆ";"KLUCEWICZ Adam - KW KONFEDERACJA WOLNOŚĆ I NIEPODLEGŁOŚĆ";"LIPCZYK Krzysztof Gniewomir - KW KONFEDERACJA WOLNOŚĆ I NIEPODLEGŁOŚĆ";"KACPRZAK Michał - KW KONFEDERACJA WOLNOŚĆ I NIEPODLEGŁOŚĆ";"WALEWSKA Marika - KW KONFEDERACJA WOLNOŚĆ I NIEPODLEGŁOŚĆ";"BEDNAREK Krzysztof Jan - KW KONFEDERACJA WOLNOŚĆ I NIEPODLEGŁOŚĆ";"SCHMIDT Agnieszka Joanna - KW KONFEDERACJA WOLNOŚĆ I NIEPODLEGŁOŚĆ";"MRÓZ Marcin - KW KONFEDERACJA WOLNOŚĆ I NIEPODLEGŁOŚĆ";"KOT Agnieszka Patrycja - KW KONFEDERACJA WOLNOŚĆ I NIEPODLEGŁOŚĆ";"METRYCKA Jolanta Teresa - KW KONFEDERACJA WOLNOŚĆ I NIEPODLEGŁOŚĆ";"ZIĘTARA Piotr - KW KONFEDERACJA WOLNOŚĆ I NIEPODLEGŁOŚĆ";"WALESIC Jakub Wojciech - KW KONFEDERACJA WOLNOŚĆ I NIEPODLEGŁOŚĆ";"NIEWIADOMSKI Michał Jerzy - KW KONFEDERACJA WOLNOŚĆ I NIEPODLEGŁOŚĆ";"GACEK Aleksandra Kamila - KW KONFEDERACJA WOLNOŚĆ I NIEPODLEGŁOŚĆ";"SZCZEŚNIAK Katarzyna Dorota - KW KONFEDERACJA WOLNOŚĆ I NIEPODLEGŁOŚĆ";"ANDRUSZKIEWICZ Mateusz Jakub - KW KONFEDERACJA WOLNOŚĆ I NIEPODLEGŁOŚĆ";"JOŃSKI Dariusz - KKW KOALICJA OBYWATELSKA PO .N IPL ZIELONI";"NIEMCZYK Małgorzata Barbara - KKW KOALICJA OBYWATELSKA PO .N IPL ZIELONI";"ŚLEDZIŃSKA-KATARASIŃSKA Iwona Elżbieta - KKW KOALICJA OBYWATELSKA PO .N IPL ZIELONI";"PIĄTKOWSKI Krzysztof Mariusz - KKW KOALICJA OBYWATELSKA PO .N IPL ZIELONI";"WIŚNIEWSKA Aleksandra Karolina - KKW KOALICJA OBYWATELSKA PO .N IPL ZIELONI";"MAJCHRZAK Antonina - KKW KOALICJA OBYWATELSKA PO .N IPL ZIELONI";"BLIŹNIUK Paweł Kazimierz - KKW KOALICJA OBYWATELSKA PO .N IPL ZIELONI";"MALINOWSKA-OLSZOWY Monika Sylwia - KKW KOALICJA OBYWATELSKA PO .N IPL ZIELONI";"PUCHALSKI Tobiasz Krzysztof - KKW KOALICJA OBYWATELSKA PO .N IPL ZIELONI";"JÓZEFACIUK Marcin - KKW KOALICJA OBYWATELSKA PO .N IPL ZIELONI";"KOBYLIŃSKA Agata - KKW KOALICJA OBYWATELSKA PO .N IPL ZIELONI";"DYBAŁA Małgorzata Sylwia - KKW KOALICJA OBYWATELSKA PO .N IPL ZIELONI";"BRACH-NOWACKA Agnieszka Krystyna - KKW KOALICJA OBYWATELSKA PO .N IPL ZIELONI";"ZBROŃSKI Jan - KKW KOALICJA OBYWATELSKA PO .N IPL ZIELONI";"GAŁKIEWICZ Magdalena Anna - KKW KOALICJA OBYWATELSKA PO .N IPL ZIELONI";"JAŚKIEWICZ Mateusz Sylwester - KKW KOALICJA OBYWATELSKA PO .N IPL ZIELONI";"SADOWSKA Katarzyna Sandra - KKW KOALICJA OBYWATELSKA PO .N IPL ZIELONI";"KRAWCZYK Maria Teresa - KKW KOALICJA OBYWATELSKA PO .N IPL ZIELONI";"CISZEWSKI Norbert - KKW KOALICJA OBYWATELSKA PO .N IPL ZIELONI";"GILL-PIĄTEK Hanna Beata - KKW KOALICJA OBYWATELSKA PO .N IPL ZIELONI";"ADAMSKA Teresa Maria - KW POLSKA JEST JEDNA";"BEDYNIAK-SIEWIERSKA Izabela - KW POLSKA JEST JEDNA";"LASKA Sławomir Marek - KW POLSKA JEST JEDNA";"OLCZAK Malwina Magdalena - KW POLSKA JEST JEDNA";"ADAMOWICZ Anna - KW POLSKA JEST JEDNA";"KARPIŃSKI Dariusz Jan - KW POLSKA JEST JEDNA";"WOJCIECHOWSKA Bogumiła Anna - KW POLSKA JEST JEDNA";"SARNIK Paweł Kazimierz - KW POLSKA JEST JEDNA";"FRĄTCZAK-RODAK Monika Małgorzata - KW POLSKA JEST JEDNA";"WÓJCIK Jan Stanisław - KW POLSKA JEST JEDNA";"FLIS Elżbieta - KW POLSKA JEST JEDNA"
1;"Samorządowe Przedszkole w Andrespolu, ul. Ceramiczna 4, 95-020 Andrespol";100602;"gm. Andrespol";"łódzki wschodni";"łódzkie";1;1;1;1;1;0;0;0;0;0;0;0;0;0;0;1;0;0;0;0;0;18;9;3;0;0;2;2;0;1;2;2;1;1;0;1;1;1;3;0;5;17;7;2;1;4;3;1;0;24;0;0;0;1;0;1;0;0;1;0;1;26;79;4;7;6;58;3;0;0;1;0;0;0;0;1;1;1;0;0;3;21;5;0;2;0;0;1;0;2;0;0;2;0;0;1;0;1;0;2;1;91;16;4;9;28;2;5;0;2;8;3;1;5;0;1;1;0;0;0;7;4;1;1;0;1;1;0;0;2;0;0
2;"Samorządowe Przedszkole w Andrespolu, ul. Ceramiczna 4, 95-020 Andrespol";100602;"gm. Andrespol";"łódzki wschodni";"łódzkie";1;1;2;0;0;0;0;0;0;0;0;0;1;1;0;0;0;1;0;0;0;33;2;6;7;1;4;1;1;0;1;0;1;3;1;0;2;0;0;0;2;17;6;4;0;5;2;0;1;34;0;0;0;0;0;1;0;0;2;0;0;38;90;6;23;1;29;0;5;0;1;1;1;0;0;0;1;0;0;0;0;22;0;0;7;0;1;3;1;1;1;0;0;5;0;0;0;0;0;0;0;100;15;8;5;30;4;15;0;7;4;1;1;2;1;2;0;0;0;1;5;4;1;0;0;1;1;2;0;0;0;0
3;"Dzienny Dom Seniora, ul. Ceramiczna 2a, 95-020 Andrespol";100602;"gm. Andrespol";"łódzki wschodni";"łódzkie";1;1;3;0;0;0;0;0;0;0;0;0;0;0;0;0;0;0;0;0;1;41;3;3;1;1;1;0;0;1;2;2;0;0;0;0;2;0;1;1;1;9;3;2;0;0;1;0;0;39;0;0;0;0;0;0;0;0;1;0;0;38;81;11;18;2;55;1;8;0;2;0;1;0;0;1;0;1;0;0;5;29;5;3;2;0;2;3;2;1;0;0;0;1;0;0;0;0;0;0;2;80;18;4;4;24;2;6;1;9;9;3;1;2;0;0;0;0;0;1;3;9;2;1;1;1;2;0;0;0;2;0
4;"Dzienny Dom Seniora, ul. Ceramiczna 2a, 95-020 Andrespol";100602;"gm. Andrespol";"łódzki wschodni";"łódzkie";1;1;2;0;2;0;0;0;0;2;0;0;1;0;0;1;0;0;1;0;0;18;6;4;3;1;2;1;2;3;0;0;0;3;0;0;2;0;3;1;3;15;5;2;3;0;2;0;0;42;0;0;0;2;0;3;0;0;1;0;0;29;79;1;13;1;37;2;6;1;0;3;1;1;0;0;0;0;0;0;7;24;1;2;2;0;1;0;1;2;2;0;2;0;0;0;1;3;0;0;0;61;4;9;4;36;2;7;2;6;3;2;0;5;0;3;0;1;0;0;3;5;0;0;0;1;1;1;0;0;0;0
5;"Dom Parafialny w Bedoniu Przykościelnym, Bedoń Przykościelny ul. Kościelna 25, 95-020 Andrespol";100602;"gm. Andrespol";"łódzki wschodni";"łódzkie";1;1;2;0;1;0;0;1;1;1;0;0;1;0;0;0;0;1;1;0;0;58;11;13;12;2;6;3;2;1;2;0;0;1;0;0;3;0;3;0;3;32;8;5;2;5;0;1;0;38;0;1;0;0;0;0;2;1;1;1;1;63;132;8;19;9;32;3;18;2;3;1;2;3;1;3;1;0;0;3;5;54;5;3;3;0;1;4;1;2;1;2;0;3;0;1;0;1;0;4;3;142;30;6;17;37;1;25;0;10;12;7;1;4;1;0;0;0;1;0;13;5;0;3;2;2;0;0;1;1;1;3
6;"Zespół Szkolno-Przedszkolny im. Jana Pawła II w Bedoniu Wsi, Bedoń Wieś ul. Jarzębinowa 1, 95-020 Andrespol";100602;"gm. Andrespol";"łódzki wschodni";"łódzkie";1;1;0;0;0;0;0;2;0;0;0;0;0;0;0;0;0;0;0;0;0;22;1;0;2;0;0;0;0;2;0;0;0;0;0;0;0;0;1;0;2;3;4;3;0;0;1;0;0;15;0;0;0;0;0;0;0;0;0;1;0;23;51;2;3;7;11;0;1;3;2;1;1;3;0;0;0;0;0;0;2;9;0;0;2;0;0;0;0;1;0;0;1;0;0;1;0;0;0;1;0;32;12;6;1;15;1;3;0;5;8;0;1;0;0;0;0;0;0;0;0;1;0;0;0;0;1;1;0;0;0;0
7;"Rada Sołecka w Janówce, Janówka ul. Główna 53, 95-020 Andrespol";100602;"gm. Andrespol";"łódzki wschodni";"łódzkie";1;1;1;1;1;0;0;0;1;1;0;0;0;3;0;0;1;0;0;3;1;68;3;10;8;3;3;2;2;3;3;2;0;1;1;0;0;0;2;0;0;38;9;9;1;3;2;2;1;9;0;0;0;2;0;2;0;2;2;0;2;37;76;4;15;3;20;5;10;2;0;5;0;1;0;0;0;4;0;0;3;21;4;3;5;0;2;1;0;4;0;0;1;1;0;1;0;0;0;1;3;121;35;9;10;48;0;12;2;80;11;5;2;1;0;4;1;0;0;0;6;4;0;1;0;1;0;1;0;0;0;1
8;"Szkoła Podstawowa w Justynowie, Justynów ul. Łódzka 17, 95-020 Andrespol";100602;"gm. Andrespol";"łódzki wschodni";"łódzkie";1;1;1;1;1;2;0;0;0;0;0;0;3;0;0;0;0;0;0;0;1;61;6;15;6;2;2;9;5;1;0;0;1;1;0;0;3;2;0;2;3;34;6;6;0;3;3;3;0;11;1;2;1;0;0;1;1;0;0;0;1;40;95;19;12;4;12;7;12;2;0;1;2;0;0;1;1;6;0;0;4;31;0;0;2;0;0;0;0;3;0;0;3;4;1;2;0;0;1;2;1;136;40;11;14;52;5;17;0;19;22;0;5;2;1;2;1;3;4;1;19;6;1;0;0;2;0;0;0;0;1;0
9;"Szkoła Podstawowa w Justynowie, Justynów ul. Łódzka 17, 95-020 Andrespol";100602;"gm. Andrespol";"łódzki wschodni";"łódzkie";1;1;4;0;3;1;1;1;0;0;0;0;0;1;0;0;0;0;1;0;0;40;8;15;7;4;3;3;3;4;0;2;0;1;3;1;0;1;2;0;4;31;7;6;1;2;3;1;9;0;0;0;1;1;0;0;1;0;0;0;1;32;76;10;11;2;3;0;1;1;2;3;2;0;0;0;0;19;0;0;2;22;4;0;6;1;0;1;1;0;0;1;2;1;0;0;0;0;0;1;2;101;25;8;2;20;3;6;3;21;6;0;7;2;0;2;1;2;0;0;12;1;0;2;0;3;0;0;0;1;0;0
10;"Szkoła Podstawowa w Justynowie, Justynów ul. Łódzka 17, 95-020 Andrespol";100602;"gm. Andrespol";"łódzki wschodni";"łódzkie";1;1;3;2;1;1;0;1;0;0;0;0;0;0;0;0;0;0;0;0;0;35;6;27;2;3;2;2;2;1;1;0;0;2;0;0;1;0;0;0;0;27;2;3;0;2;1;3;0;12;0;0;0;0;0;0;1;0;1;0;2;31;90;4;8;5;9;0;3;3;0;2;1;0;1;0;0;4;0;0;0;19;2;3;2;0;0;1;1;1;3;1;0;1;0;0;0;0;1;0;0;113;11;5;12;32;3;8;0;18;8;2;2;0;0;2;0;0;1;0;6;3;0;1;0;0;0;1;0;0;0;1
11;"Świetlica Środowiskowa w Stróży, Stróża ul. Tuszyńska 148, 95-020 Andrespol";100602;"gm. Andrespol";"łódzki wschodni";"łódzkie";1;1;5;0;2;0;0;0;0;0;1;1;0;0;1;0;1;0;0;0;0;56;4;13;18;1;0;4;4;2;5;3;1;4;0;0;2;1;2;0;1;30;7;2;3;4;2;1;2;13;0;0;0;0;0;1;1;0;0;1;2;45;116;7;24;0;23;4;8;2;8;0;4;6;0;0;1;1;0;0;1;30;6;0;8;0;3;1;0;1;0;0;1;6;0;1;0;2;0;0;2;147;27;18;12;38;3;22;5;5;10;2;1;8;2;5;0;0;2;3;9;7;1;0;0;0;1;0;1;1;0;0
12;"Szkoła Podstawowa w Wiśniowej Górze, Wiśniowa Góra ul. Tuszyńska 32, 95-020 Andrespol";100602;"gm. Andrespol";"łódzki wschodni";"łódzkie";1;1;0;0;1;0;1;0;0;0;0;0;0;0;0;0;0;0;0;0;0;5;2;1;1;0;4;1;0;1;1;0;1;0;0;0;0;1;1;1;2;11;2;1;0;1;2;0;0;19;0;0;0;3;1;0;0;1;0;0;0;30;61;3;4;1;20;5;4;1;1;0;1;1;0;0;0;0;0;0;1;21;1;0;4;0;2;0;0;0;0;0;1;1;0;0;0;0;1;0;2;60;15;8;4;14;1;5;1;5;1;1;2;2;1;0;0;0;1;0;2;2;1;1;1;0;1;0;0;4;2;0
13;"Ochotnicza Straż Pożarna w Wiśniowej Górze, Wiśniowa Góra ul. Tuszyńska 101, 95-020 Andrespol";100602;"gm. Andrespol";"łódzki wschodni";"łódzkie";1;1;0;0;0;1;1;0;0;1;1;0;2;0;0;0;0;0;0;1;0;34;5;4;0;1;1;0;0;1;1;1;3;1;0;0;0;0;2;1;1;34;7;2;1;0;1;0;0;14;0;0;0;1;0;1;0;0;0;0;1;44;66;11;15;3;13;3;2;2;5;1;5;0;0;1;1;0;0;0;2;18;0;0;2;0;0;1;0;0;2;2;0;3;0;1;0;0;2;0;1;71;6;6;8;33;1;9;0;7;5;0;0;0;0;1;2;0;1;1;2;4;0;1;0;0;2;0;0;0;0;0
14;"Hala Sportowa GOSiR, Wiśniowa Góra ul. Tuszyńska 113, 95-020 Andrespol";100602;"gm. Andrespol";"łódzki wschodni";"łódzkie";1;1;4;0;0;0;0;1;0;0;0;0;0;0;0;0;0;0;0;0;0;47;7;5;7;2;1;2;1;1;0;1;0;1;1;0;2;0;0;3;0;31;17;7;0;1;1;2;0;19;0;1;0;3;0;3;0;2;1;1;1;49;94;6;12;3;21;4;6;1;4;1;2;0;0;1;0;0;1;0;3;19;2;1;2;1;1;3;0;2;0;1;1;2;0;1;0;0;1;0;2;90;28;10;12;47;3;14;5;5;6;3;0;1;0;1;1;2;0;0;3;4;2;0;0;0;0;1;0;1;1;1
15;"Ośrodek Rozwojowo-Wdrożeniowy Lasów Państwowych w Nowym Bedoniu, ul. Henryka Sienkiewicza 19, 95-020 Nowy Bedoń";100602;"gm. Andrespol";"łódzki wschodni";"łódzkie";1;1;2;1;0;0;0;0;0;0;0;0;0;2;0;1;0;0;1;0;0;14;6;0;1;0;1;0;0;0;0;0;0;0;1;1;0;1;0;0;0;6;2;0;1;1;0;0;0;22;0;1;0;0;0;0;0;0;1;0;0;25;50;7;5;1;3;1;0;0;1;0;0;0;0;0;0;0;0;0;1;18;2;4;2;0;0;0;0;0;0;1;2;2;0;1;0;0;0;1;1;46;12;5;5;16;1;6;1;7;3;0;1;0;0;2;0;2;0;0;0;2;0;0;0;0;0;0;0;0;0;0
16;"Liceum Ogólnokształcące im. Jana Karskiego w Wiśniowej Górze, Wiśniowa Góra ul. Tuszyńska 32, 95-020 Andrespol";100602;"gm. Andrespol";"łódzki wschodni";"łódzkie";1;1;2;0;1;0;0;1;1;0;0;0;1;0;0;0;0;0;0;1;0;27;2;7;4;1;3;0;1;0;1;0;0;3;0;0;1;0;0;0;0;16;3;3;4;2;1;1;0;19;1;1;0;0;0;0;2;0;0;0;0;20;47;6;19;0;24;2;4;1;1;0;1;0;0;0;1;0;0;0;0;22;1;0;4;0;0;0;1;0;0;0;0;0;0;2;0;0;0;0;0;50;9;3;4;16;2;3;1;6;5;0;0;1;0;0;2;1;1;0;1;2;0;0;0;0;0;0;1;0;0;0
17;"Dom Pomocy Społecznej w Wiśniowej Górze, Wiśniowa Góra ul. Tuszyńska 56, 95-020 Andrespol";100602;"gm. Andrespol";"łódzki wschodni";"łódzkie";1;1;3;0;0;0;0;1;0;0;0;0;0;0;0;1;0;0;0;0;2;0;0;0;0;0;0;1;0;1;0;0;0;0;0;0;0;0;0;0;0;0;0;0;0;0;0;0;0;0;0;0;0;0;0;0;0;0;0;0;0;3;2;0;1;0;1;2;0;0;0;1;0;0;0;1;0;1;0;0;0;0;0;0;0;0;0;1;0;0;0;0;0;0;0;0;0;0;0;0;0;1;0;0;1;0;0;0;0;0;0;0;0;0;0;0;0;1;0;0;0;0;0;0;0;0;0;0;0;0;0;0
1;"Filia Szkoły Podstawowej w Kurowicach z/s w Woli Rakowej, Wola Rakowa ul. Szkolna 3, 95-006 Brójce";100603;"gm. Brójce";"łódzki wschodni";"łódzkie";1;1;2;0;4;2;0;1;0;2;0;1;3;0;0;1;2;1;1;4;0;38;7;12;6;3;2;5;2;1;4;2;0;1;0;0;2;1;1;0;21;28;5;2;6;3;4;2;0;3;1;1;0;4;0;1;1;2;0;0;0;47;141;11;29;3;116;3;10;8;4;1;3;1;0;1;1;1;1;1;3;55;5;1;3;0;4;0;0;2;4;1;0;4;0;0;0;0;2;4;1;79;18;5;8;18;0;10;0;4;6;0;3;0;0;0;0;0;0;0;2;17;1;2;0;3;0;0;0;0;0;2
2;"Filia Szkoły Podstawowej w Kurowicach z/s w Woli Rakowej, Wola Rakowa ul. Szkolna 3, 95-006 Brójce";100603;"gm. Brójce";"łódzki wschodni";"łódzkie";1;1;0;0;0;0;0;1;0;1;0;0;0;0;0;0;0;0;0;0;0;8;0;0;0;0;1;0;0;2;1;1;0;0;0;0;0;0;0;0;15;5;4;1;0;0;0;1;0;0;3;0;0;0;0;0;1;0;1;0;0;12;24;4;6;2;29;1;3;1;1;0;1;1;0;0;0;0;2;0;0;9;2;0;1;0;1;0;0;1;0;0;0;0;0;0;0;1;0;0;0;13;0;0;1;0;1;1;0;7;0;1;0;0;0;0;0;0;0;0;0;3;2;0;1;0;0;0;0;0;1;0
3;"Szkoła Podstawowa im. Orła Białego w Kurowicach, Kurowice ul. Szkolna 1, 95-006 Brójce";100603;"gm. Brójce";"łódzki wschodni";"łódzkie";1;1;4;0;3;0;0;0;1;0;0;0;0;1;1;0;0;0;1;2;1;60;2;12;17;11;3;2;3;1;2;2;3;3;1;0;2;0;3;2;13;24;8;1;0;5;1;1;1;16;3;0;0;1;0;2;0;0;1;0;0;36;48;6;10;2;480;1;0;1;0;0;0;0;0;1;1;2;0;0;1;40;0;4;7;0;3;0;2;2;3;0;2;1;0;3;0;2;1;0;7;88;21;3;7;17;2;2;1;4;2;1;1;2;0;2;0;3;1;1;4;12;0;4;2;2;3;1;0;0;0;2
4;"Zespół Szkolno-Przedszkolny w Bukowcu, Bukowiec ul. Szkolna 3, 95-006 Brójce";100603;"gm. Brójce";"łódzki wschodni";"łódzkie";1;1;4;1;0;0;0;0;0;0;0;0;0;0;0;0;0;1;0;0;0;62;6;6;10;3;2;4;4;1;4;1;1;1;2;2;1;0;1;2;3;18;8;5;3;0;1;2;0;7;0;0;0;0;0;3;1;1;2;0;2;21;53;5;10;1;98;5;0;0;2;0;1;3;0;1;1;1;0;0;5;24;0;0;1;0;4;2;2;0;0;0;0;1;0;1;0;0;0;1;1;111;14;6;12;32;0;4;3;9;6;1;2;3;0;0;1;0;0;0;6;6;1;0;0;2;0;0;0;0;0;1
5;"Zespół Szkolno-Przedszkolny w Bukowcu, Bukowiec ul. Szkolna 3, 95-006 Brójce";100603;"gm. Brójce";"łódzki wschodni";"łódzkie";1;1;4;0;1;1;0;0;1;0;0;1;2;0;0;0;0;0;0;1;0;74;8;13;22;2;3;0;6;3;5;2;1;3;1;0;2;0;1;2;7;39;17;10;3;3;3;1;1;9;0;2;0;4;1;4;0;0;0;0;2;42;118;10;12;1;95;3;2;6;1;1;3;0;0;1;0;1;0;0;0;41;1;4;2;0;5;2;4;3;0;2;0;2;0;2;0;2;0;1;4;211;52;17;6;45;3;32;3;7;4;8;2;23;1;5;0;0;5;3;11;11;0;2;0;1;2;0;0;1;0;0
6;"Gminny Ośrodek Kultury w Brójcach, Brójce 39b, 95-006 Brójce";100603;"gm. Brójce";"łódzki wschodni";"łódzkie";1;1;2;1;2;0;1;0;0;0;0;0;0;0;0;1;0;0;0;0;1;44;4;11;7;1;3;1;3;2;6;0;0;1;0;1;0;0;0;0;9;16;3;0;5;1;1;0;0;8;0;1;0;0;0;0;2;0;0;0;0;16;62;10;5;1;143;0;1;2;0;2;0;0;0;0;0;0;0;0;0;21;4;3;1;0;2;2;1;1;1;1;0;2;0;0;0;0;0;0;1;42;10;4;3;11;0;0;1;9;4;0;2;0;0;2;0;2;0;0;0;9;1;1;0;1;1;0;0;1;0;0
7;"Ośrodek Rehabilitacyjno Leczniczy ""Sosnowa Aleja"" Sp. z o. o. w Wardzynie, Wardzyn 97, 95-006 Brójce";100603;"gm. Brójce";"łódzki wschodni";"łódzkie";1;1;0;0;0;0;0;0;0;0;0;0;0;0;0;1;0;0;0;0;0;0;1;1;0;0;0;0;0;0;0;0;0;0;0;0;0;0;0;0;0;4;0;0;1;0;0;0;0;0;0;0;0;0;0;0;0;0;0;0;0;1;1;0;1;0;0;0;1;0;1;1;1;0;0;0;0;0;0;0;1;0;0;0;0;0;0;0;0;0;0;0;0;0;0;0;0;0;0;0;0;5;1;0;0;0;0;1;0;0;1;0;0;0;0;0;0;0;0;0;0;0;0;0;0;0;0;0;0;0;0;0
1;"Klub Senior+, ul. Budowlanych 4, 95-040 Koluszki";100607;"gm. Koluszki";"łódzki wschodni";"łódzkie";1;1;3;1;4;0;1;0;2;1;1;2;2;0;1;1;1;1;0;2;2;59;1;19;6;8;3;1;5;4;9;0;2;4;2;32;2;0;5;0;3;52;12;18;1;0;4;1;0;5;2;3;0;1;0;2;0;6;2;0;3;80;306;13;22;13;20;11;11;1;2;3;21;0;1;1;0;0;0;0;5;36;4;1;2;1;6;0;1;6;2;1;4;1;0;3;1;1;1;4;4;126;44;13;10;11;1;8;3;5;5;0;8;0;0;1;50;0;0;4;1;8;0;3;1;1;2;2;0;0;0;0
2;"Szkoła Podstawowa Nr 2 im. Marii Konopnickiej w Koluszkach, ul. Kościuszki 16, 95-040 Koluszki";100607;"gm. Koluszki";"łódzki wschodni";"łódzkie";1;1;4;1;1;0;0;0;0;0;0;0;0;1;0;2;1;1;1;1;0;47;8;15;5;9;0;3;3;1;2;0;0;2;1;20;0;2;1;3;0;41;19;2;3;2;2;3;1;0;2;1;0;1;0;3;0;8;0;1;4;58;273;10;14;6;11;6;27;4;2;1;21;2;0;0;0;0;1;0;1;36;1;0;3;0;4;1;4;4;0;0;3;1;0;1;0;0;1;0;2;166;49;14;4;12;0;8;3;6;5;0;2;0;0;5;94;1;0;0;6;3;0;1;0;1;2;3;2;0;0;0
3;"Miejska Biblioteka Publiczna im. W. Strzemińskiego w Koluszkach, ul. 11 Listopada 33, 95-040 Koluszki";100607;"gm. Koluszki";"łódzki wschodni";"łódzkie";1;1;4;0;2;0;0;0;1;0;0;0;2;0;0;2;0;0;0;1;0;34;1;14;5;4;1;0;0;0;1;0;0;2;0;10;1;0;0;0;1;20;6;1;1;1;3;1;1;1;2;0;0;1;0;0;0;1;0;1;3;52;137;4;14;3;8;3;11;2;2;4;8;2;0;0;1;0;0;0;2;22;6;1;0;0;8;0;2;1;0;1;3;1;0;3;0;0;0;0;1;94;29;5;6;16;1;2;0;1;5;0;0;0;1;2;38;0;0;5;2;5;0;0;0;0;1;1;0;0;0;1
4;"Ochotnicza Straż Pożarna w Koluszkach, ul. 11 Listopada 39, 95-040 Koluszki";100607;"gm. Koluszki";"łódzki wschodni";"łódzkie";1;1;4;0;2;1;1;0;0;1;0;0;0;0;1;2;0;0;0;0;0;33;3;6;3;4;3;5;2;3;0;0;0;1;0;12;0;0;4;1;1;18;13;7;0;0;4;0;0;2;0;0;0;0;0;0;0;3;0;0;3;56;142;5;16;4;13;7;11;2;2;4;15;0;0;1;0;0;0;0;8;20;0;2;5;0;11;0;0;2;0;0;3;1;0;1;0;1;0;2;1;123;25;9;4;11;3;1;0;0;2;2;1;2;0;1;39;0;1;1;4;6;0;1;1;0;0;3;0;0;2;0
5;"Przedszkole Nr 2 w Koluszkach, ul. Reja 5, 95-040 Koluszki";100607;"gm. Koluszki";"łódzki wschodni";"łódzkie";1;1;1;0;0;0;1;1;0;0;0;0;1;0;0;0;2;0;0;0;0;39;1;15;6;5;1;3;1;1;3;1;2;1;0;9;0;2;2;0;1;23;4;4;3;1;3;1;1;1;2;1;0;3;0;2;2;4;0;1;3;36;159;5;23;8;9;10;8;1;0;1;11;2;0;0;0;0;0;1;3;36;3;3;1;2;7;0;2;3;1;0;1;3;0;1;0;0;0;0;0;99;22;11;5;7;4;4;0;4;1;1;2;1;1;0;35;1;0;0;4;4;0;0;0;0;1;1;0;0;1;0
6;"Budynek przy ul. Mickiewicza 8 w Koluszkach, ul. Mickiewicza 8, 95-040 Koluszki";100607;"gm. Koluszki";"łódzki wschodni";"łódzkie";1;1;1;2;0;1;0;1;0;0;0;0;2;0;1;0;1;0;2;0;0;35;5;7;4;4;4;3;0;3;0;0;0;1;0;9;0;0;1;0;1;32;13;5;1;1;2;0;0;3;0;1;0;1;0;0;1;5;2;0;1;38;238;8;21;4;5;6;14;1;1;4;12;1;0;0;0;0;0;1;1;23;4;4;0;0;3;0;0;2;2;0;2;1;0;1;0;0;0;0;2;111;29;15;5;6;0;1;0;5;2;2;2;1;0;1;66;1;0;1;8;8;0;1;0;0;0;0;0;0;0;0
7;"Żłobek Miejski w Koluszkach, ul. Staszica 36, 95-040 Koluszki";100607;"gm. Koluszki";"łódzki wschodni";"łódzkie";1;1;3;3;1;1;0;1;0;0;0;0;2;0;0;1;1;0;0;5;1;40;6;10;7;3;3;0;0;5;7;1;1;0;0;12;1;1;1;0;4;34;16;9;0;2;3;1;2;2;0;1;2;1;0;4;0;0;2;0;4;49;173;8;17;6;8;5;12;2;0;5;9;1;0;3;0;0;0;0;0;29;4;1;3;1;4;0;0;3;1;0;1;0;0;3;0;0;0;2;3;113;34;9;6;23;1;9;1;6;9;0;2;0;0;1;65;2;0;0;2;4;0;0;2;0;0;2;1;0;1;2
8;"Szkoła Podstawowa Nr 1 im. Tadeusza Kościuszki w Koluszkach, ul. Zagajnikowa 12, 95-040 Koluszki";100607;"gm. Koluszki";"łódzki wschodni";"łódzkie";1;1;0;1;1;0;0;0;0;0;0;0;0;0;0;0;1;0;0;0;0;33;2;4;3;7;1;0;2;1;2;0;2;1;0;32;1;1;3;2;3;29;5;1;2;3;2;1;1;3;0;3;0;0;0;1;0;1;0;1;4;41;156;3;8;4;8;4;4;3;0;0;10;0;0;0;1;0;0;1;2;14;3;2;0;1;0;0;1;1;0;0;0;1;0;0;0;0;2;0;1;64;19;6;9;11;1;0;0;3;8;0;1;0;0;0;50;0;0;0;3;7;0;0;0;3;0;0;0;0;3;0
9;"Szkoła Podstawowa Nr 1 im. Tadeusza Kościuszki w Koluszkach, ul. Zagajnikowa 12, 95-040 Koluszki";100607;"gm. Koluszki";"łódzki wschodni";"łódzkie";1;1;3;0;0;0;0;0;1;3;0;0;0;0;0;2;0;0;2;0;1;37;7;6;3;4;3;1;0;2;5;0;0;2;0;17;0;1;1;1;2;15;8;3;1;4;2;3;0;0;3;1;0;0;0;0;1;3;0;1;1;38;169;4;17;4;7;9;5;1;0;7;7;1;0;0;0;1;1;0;1;26;2;2;2;0;2;2;2;5;1;0;1;0;0;4;0;0;0;0;0;88;32;10;3;16;6;3;0;3;0;3;2;0;0;6;48;0;0;0;2;4;0;0;1;5;0;2;0;0;0;0
10;"Budynek przy ul. Mickiewicza 8 w Koluszkach, ul. Mickiewicza 8, 95-040 Koluszki";100607;"gm. Koluszki";"łódzki wschodni";"łódzkie";1;1;0;0;1;0;0;0;0;0;0;0;0;0;0;1;0;0;0;0;0;20;3;5;1;2;3;0;1;1;0;0;0;0;0;4;0;0;0;1;0;4;5;2;0;1;1;0;0;0;0;0;0;1;0;1;0;1;0;0;0;5;51;2;3;1;3;0;1;1;1;2;5;0;0;0;0;0;0;0;0;9;1;0;1;0;2;0;0;0;2;0;0;2;0;0;0;0;0;0;0;41;21;3;3;8;0;1;0;1;2;0;1;1;1;2;20;0;0;0;2;8;0;0;0;0;0;0;0;0;0;0
11;"Szkoła Podstawowa im. Juliana Tuwima w Różycy, Różyca ul. Piotrkowska 11, 95-040 Koluszki";100607;"gm. Koluszki";"łódzki wschodni";"łódzkie";1;1;2;1;0;2;0;0;0;1;0;0;0;0;0;0;2;0;0;1;0;40;1;9;4;6;3;2;3;2;2;0;0;0;0;16;0;0;0;0;1;16;8;1;1;5;2;2;0;4;2;3;0;1;1;0;0;2;2;0;2;23;101;4;13;3;19;5;6;2;2;6;19;0;1;0;1;0;0;0;4;34;3;4;4;0;3;0;1;3;0;0;2;1;0;1;0;0;1;0;1;81;36;5;7;17;5;3;1;5;4;1;1;0;1;2;52;1;0;0;1;2;5;1;0;0;1;0;0;0;0;3
12;"Szkoła Podstawowa im. Juliana Tuwima w Różycy, Różyca ul. Piotrkowska 11, 95-040 Koluszki";100607;"gm. Koluszki";"łódzki wschodni";"łódzkie";1;1;2;0;1;0;0;0;0;0;0;0;0;0;0;0;1;0;0;0;1;36;4;3;1;2;5;1;1;3;1;1;0;0;0;5;0;0;1;2;0;21;6;7;2;3;2;2;1;0;1;0;0;1;1;2;0;0;0;0;0;18;127;5;5;1;10;4;8;0;0;2;6;0;0;0;0;0;0;0;1;20;2;0;3;0;7;1;1;1;2;0;0;3;0;1;0;0;0;0;1;85;25;6;5;16;0;6;3;1;3;1;1;0;0;0;29;2;0;2;2;8;0;0;0;0;1;1;0;0;0;0
13;"Świetlica w Przanowicach, Przanowice 29A, 95-040 Koluszki";100607;"gm. Koluszki";"łódzki wschodni";"łódzkie";1;1;0;0;1;0;0;0;0;0;0;0;0;0;0;0;0;0;1;0;2;12;1;2;0;2;0;0;2;1;0;0;1;1;0;3;0;0;0;0;1;12;1;2;2;0;0;1;0;0;0;0;0;2;1;0;0;0;0;0;2;12;67;3;5;2;0;5;2;0;0;3;4;0;0;0;0;1;0;0;1;11;0;1;1;2;3;0;0;0;0;0;0;1;0;1;0;1;0;1;4;22;8;7;0;5;0;0;0;1;0;1;1;1;0;0;6;0;1;1;1;1;2;1;0;0;0;4;0;0;0;0
14;"Szkoła Podstawowa w Gałkowie Dużym, ul. Dzieci Polskich 14, 95-041 Gałków Duży";100607;"gm. Koluszki";"łódzki wschodni";"łódzkie";1;1;1;0;2;2;0;0;0;1;0;0;0;0;0;1;0;0;2;1;1;48;6;6;2;2;3;1;2;2;0;1;0;0;0;5;0;2;0;1;4;35;11;3;1;7;2;0;0;9;1;1;0;0;0;2;1;0;0;0;7;37;125;4;8;3;15;2;4;0;1;1;4;0;0;0;0;3;1;2;2;17;0;2;3;2;28;0;2;0;0;0;0;1;0;0;0;0;1;2;0;79;22;5;12;48;2;8;1;1;6;4;3;1;1;3;15;1;1;0;9;4;0;1;0;1;1;4;0;0;1;0
15;"Szkoła Podstawowa w Gałkowie Dużym, ul. Dzieci Polskich 14, 95-041 Gałków Duży";100607;"gm. Koluszki";"łódzki wschodni";"łódzkie";1;1;4;2;4;0;0;1;0;5;0;1;3;0;0;1;0;0;1;0;0;72;10;10;6;4;5;1;10;7;2;2;3;1;1;5;2;0;2;2;4;52;19;8;6;11;2;0;1;10;0;0;0;1;0;3;0;0;3;0;8;64;224;12;23;4;19;3;11;2;1;1;7;0;1;2;0;4;0;0;3;33;9;10;2;0;27;4;0;1;1;2;2;5;0;1;0;0;0;1;3;220;40;21;6;47;3;23;1;8;11;4;1;0;4;6;15;2;0;0;11;13;3;1;5;2;1;0;1;1;2;3
16;"Ochotnicza Straż Pożarna w Borowej, Borowa ul. Długa 166, 95-041 Gałków Duzy";100607;"gm. Koluszki";"łódzki wschodni";"łódzkie";1;1;2;0;0;0;0;0;0;2;0;0;0;0;0;0;0;0;0;1;0;24;5;4;2;3;2;0;1;0;1;0;1;2;0;6;0;0;1;0;2;21;8;5;4;1;5;0;0;1;0;0;0;0;0;0;0;0;0;0;0;23;85;6;8;1;42;1;5;1;0;4;3;1;0;0;0;0;0;0;2;8;0;3;1;0;14;0;0;1;1;0;0;3;0;0;0;0;0;0;1;88;23;4;7;36;1;0;2;0;5;1;0;1;1;3;8;0;0;1;8;6;0;0;0;0;0;2;0;0;0;0
17;"Szkoła Podstawowa im. Jana Brzechwy w Będzelinie, Będzelin ul. Szkolna 10, 95-040 Koluszki";100607;"gm. Koluszki";"łódzki wschodni";"łódzkie";1;1;0;1;1;0;1;2;0;0;0;0;1;0;0;2;0;0;0;0;0;13;1;5;0;4;2;1;0;0;0;0;1;1;0;2;1;0;0;0;1;12;5;0;0;0;0;0;1;2;1;0;0;0;0;1;0;0;0;1;0;11;46;2;3;2;24;3;2;0;0;1;5;0;0;0;1;0;0;0;1;7;0;0;1;0;3;0;1;0;1;0;0;1;0;0;2;0;0;0;0;13;10;5;1;6;0;2;0;2;0;1;0;0;0;1;6;0;0;0;4;0;0;0;0;0;0;0;0;0;0;0
18;"Szkoła Podstawowa im. Juliana Tuwima w Różycy, Różyca ul. Piotrkowska 11, 95-040 Koluszki";100607;"gm. Koluszki";"łódzki wschodni";"łódzkie";1;1;1;0;0;2;0;0;0;0;0;0;0;0;0;0;0;1;0;0;0;17;1;1;0;2;1;1;0;3;1;0;0;1;1;15;1;0;2;0;0;20;5;3;3;0;0;0;0;1;1;0;0;1;0;0;0;2;1;0;15;27;80;3;1;2;2;2;8;0;0;4;6;0;0;0;0;0;2;0;1;12;1;1;1;1;5;0;0;0;1;1;2;0;0;1;0;0;0;1;0;52;19;1;2;7;0;0;0;1;2;1;1;0;0;0;7;0;0;2;3;0;0;1;0;1;0;2;0;0;2;1
19;"Świetlica w Nowym Redzeniu, Nowy Redzeń 83A, 95-040 Koluszki";100607;"gm. Koluszki";"łódzki wschodni";"łódzkie";1;1;0;0;0;0;3;1;0;1;0;0;1;0;0;0;0;0;0;1;0;9;0;1;1;1;0;2;1;0;0;0;0;0;0;6;0;2;0;0;1;4;4;2;0;0;0;0;0;1;0;0;0;0;0;0;0;0;0;0;0;16;50;2;5;4;7;1;11;1;1;2;14;1;0;0;0;0;0;0;0;7;3;0;0;0;6;1;0;0;0;0;0;1;0;0;0;0;0;0;0;24;3;1;2;0;1;0;0;1;0;0;1;0;0;0;6;1;0;0;0;1;0;0;1;0;0;0;0;0;0;0
20;"Świetlica w Nowym Redzeniu, Nowy Redzeń 83A, 95-040 Koluszki";100607;"gm. Koluszki";"łódzki wschodni";"łódzkie";1;1;1;0;0;0;0;0;0;0;0;2;1;0;0;1;0;0;1;2;0;17;3;5;0;0;1;0;0;0;2;0;1;0;0;7;0;0;1;0;0;8;3;3;1;0;0;0;0;2;0;2;0;0;0;1;1;0;0;0;0;16;117;2;10;4;1;3;3;1;0;1;16;0;0;1;0;0;0;0;1;11;0;0;0;1;2;0;1;11;1;1;0;0;0;0;0;0;0;0;0;30;10;4;2;9;0;3;0;3;4;1;0;0;0;0;5;0;0;1;1;0;0;0;0;0;0;0;0;0;0;0
21;"Świetlica w Regnach, Regny ul. Główna 22, 95-040 Koluszki";100607;"gm. Koluszki";"łódzki wschodni";"łódzkie";1;1;0;0;0;0;0;0;2;0;0;0;2;0;0;0;0;1;0;1;0;11;2;3;0;0;2;0;1;0;1;0;0;0;1;3;0;0;0;0;1;4;2;7;2;0;1;0;0;1;0;1;1;0;0;0;0;0;0;0;0;14;75;1;2;1;2;5;4;0;0;0;20;1;0;0;0;0;0;0;3;9;1;0;1;0;4;0;1;10;0;0;1;0;0;0;0;0;0;0;0;22;11;0;1;3;0;1;0;2;0;0;2;0;0;0;7;0;0;0;2;0;0;0;0;1;0;0;0;0;0;0
22;"Szkoła Podstawowa im. Kornela Makuszyńskiego w Długiem, Długie 4, 95-040 Koluszki";100607;"gm. Koluszki";"łódzki wschodni";"łódzkie";1;1;0;1;0;0;0;0;0;0;0;0;0;0;0;1;0;0;0;0;0;14;1;5;2;7;3;1;0;0;0;0;0;0;0;5;1;0;1;1;2;5;2;2;2;0;1;0;1;0;0;1;0;2;0;0;0;2;0;0;0;9;90;1;1;0;3;6;2;0;0;0;57;0;0;1;0;0;0;0;0;13;0;1;0;0;1;0;0;1;1;0;2;0;0;1;0;0;0;0;0;15;6;1;4;3;3;1;0;0;0;0;0;0;0;0;4;0;0;0;0;1;0;0;0;0;0;2;0;0;0;0
23;"Ochotnicza Straż Pożarna w Wierzchach, Wierzchy 53, 95-040 Koluszki";100607;"gm. Koluszki";"łódzki wschodni";"łódzkie";1;1;1;0;0;0;0;0;0;0;0;0;0;0;0;0;0;0;0;0;0;4;0;3;2;14;0;0;0;0;2;0;0;0;0;4;0;0;0;0;0;2;1;0;0;1;0;0;0;0;0;0;0;1;0;0;0;0;0;0;0;3;42;0;1;1;0;0;0;0;0;3;36;0;0;0;1;0;0;0;0;14;0;0;0;0;0;0;0;2;0;0;0;0;0;1;0;1;0;0;0;4;1;0;7;1;0;1;0;0;0;0;1;0;0;0;2;0;0;0;0;1;0;0;1;0;0;1;0;0;0;0
24;"Świetlica w Felicjanowie, Felicjanów 1A, 95-040 Koluszki";100607;"gm. Koluszki";"łódzki wschodni";"łódzkie";1;1;2;0;0;1;1;1;0;0;0;0;0;0;0;0;0;1;0;0;1;22;0;7;1;2;1;1;1;3;0;0;0;0;0;6;0;0;0;0;1;10;1;0;0;1;2;0;0;1;0;0;0;0;0;0;0;0;0;0;0;4;82;8;11;7;5;3;3;1;0;0;20;0;0;0;0;0;0;0;3;13;0;0;1;0;2;0;1;1;1;1;1;0;1;0;0;0;0;0;1;39;11;2;3;7;1;2;0;0;3;0;1;0;0;0;15;0;0;0;0;1;0;0;0;0;0;0;0;0;0;0
25;"Świetlica w Katarzynowie, Katarzynów 7, 95-040 Koluszki";100607;"gm. Koluszki";"łódzki wschodni";"łódzkie";1;1;0;0;0;0;0;0;0;0;0;0;0;0;0;0;0;0;0;0;0;8;2;3;0;1;0;0;0;0;0;0;0;0;0;12;0;0;0;2;1;10;7;2;0;0;0;0;1;2;0;0;0;3;0;0;0;2;0;0;0;7;78;1;3;4;3;1;2;0;1;1;28;0;1;0;0;0;0;0;0;7;1;1;1;1;1;0;0;1;0;0;0;0;0;0;0;1;0;0;0;38;9;1;0;2;1;2;1;0;0;0;0;0;0;0;8;0;1;0;0;2;0;2;1;0;0;2;0;0;1;0
26;"Dom Pomocy Społecznej w Lisowicach, Lisowice 13, 95-040 Koluszki";100607;"gm. Koluszki";"łódzki wschodni";"łódzkie";1;1;0;0;0;0;0;0;0;0;0;0;0;0;0;0;0;0;0;0;0;0;0;0;0;1;0;0;0;0;0;0;0;0;0;0;0;0;0;0;0;0;0;0;0;0;0;0;0;1;0;0;0;0;0;0;0;0;0;0;0;0;3;0;0;2;0;0;1;1;0;0;0;0;0;0;0;0;0;0;1;0;0;0;0;0;1;0;0;0;0;0;0;0;0;0;0;0;0;0;0;0;0;0;2;2;1;0;1;0;0;0;0;0;0;0;0;0;0;0;0;0;0;1;0;0;0;0;1;0;0;0
1;"świetlica wiejska, Kalonka 47, 92-701 Kalonka";100608;"gm. Nowosolna";"łódzki wschodni";"łódzkie";1;1;5;0;0;1;2;0;0;0;0;0;0;0;0;2;1;0;0;0;1;57;13;10;13;3;1;0;2;2;2;1;0;5;1;0;0;0;0;0;0;33;17;12;6;4;3;2;0;2;2;1;0;1;0;2;0;0;0;0;2;56;50;10;12;5;8;7;3;1;2;4;2;0;0;1;0;0;1;0;4;27;2;1;6;1;1;1;0;0;0;0;3;1;1;1;0;1;1;1;0;140;30;7;14;75;6;19;2;2;3;5;2;0;0;5;0;0;0;0;13;12;2;2;1;6;0;0;0;0;0;0
2;"świetlica środowiskowa, Kalonka 47, 92-701 Kalonka";100608;"gm. Nowosolna";"łódzki wschodni";"łódzkie";1;1;2;0;2;0;0;0;0;2;0;0;1;0;0;0;0;0;0;1;0;50;16;6;9;1;4;3;3;1;1;1;1;3;0;1;2;0;0;0;3;33;12;7;5;2;1;1;0;3;3;0;0;1;0;1;1;1;2;0;0;63;48;6;8;2;14;3;1;0;1;0;2;0;0;1;0;0;0;0;1;21;1;2;6;0;0;0;0;0;0;0;0;1;2;0;1;1;2;0;0;185;42;13;19;49;4;11;4;4;11;2;1;1;0;9;0;1;0;1;14;3;0;2;0;0;0;0;0;0;1;0
3;"Gminno-Parkowe Centrum Kultury i Ekologii, Plichtów 21, 92-701 Plichtów";100608;"gm. Nowosolna";"łódzki wschodni";"łódzkie";1;1;0;0;0;1;0;0;0;0;0;0;0;0;3;1;1;0;0;0;0;87;10;12;21;1;11;4;1;5;11;0;0;2;0;1;0;2;1;0;2;22;28;4;1;0;2;0;0;2;1;0;0;3;1;2;1;0;2;0;3;48;91;10;23;24;11;11;5;2;1;1;1;2;3;0;0;0;0;1;2;36;3;1;3;2;1;0;3;2;1;0;1;1;3;1;0;0;0;1;0;188;40;12;14;38;3;10;4;0;12;5;4;0;3;2;1;2;0;4;14;0;4;1;3;0;2;0;0;0;1;1
4;"Szkoła Podstawowa, Lipiny 14, 92-701 Lipiny";100608;"gm. Nowosolna";"łódzki wschodni";"łódzkie";1;1;5;2;0;0;1;1;0;0;0;0;1;0;1;1;0;0;0;0;1;42;2;8;4;6;1;0;0;1;1;0;0;1;1;0;1;0;5;1;3;16;5;2;1;3;0;0;1;2;0;1;0;0;0;1;0;0;1;0;1;26;68;5;2;48;9;7;4;1;0;0;1;1;0;0;1;0;0;0;0;21;2;1;2;0;0;0;3;0;0;1;1;0;0;1;0;1;0;1;2;59;23;4;7;9;2;6;1;2;6;2;2;1;0;3;0;1;0;0;4;5;0;0;0;0;1;0;0;0;0;0
5;"Szkoła Podstawowa, Stare Skoszewy 19, 92-701 Stare Skoszewy";100608;"gm. Nowosolna";"łódzki wschodni";"łódzkie";1;1;0;0;0;1;1;0;0;1;0;0;0;0;1;0;0;0;0;1;1;33;2;5;4;0;3;3;3;1;1;0;0;0;0;1;1;0;0;2;1;16;11;5;0;1;2;1;0;2;2;2;0;3;1;1;1;0;0;2;3;26;40;6;9;2;11;5;1;0;0;0;3;0;0;1;1;0;0;0;0;13;1;2;2;0;0;0;1;1;0;0;0;0;0;1;1;1;0;0;2;64;23;5;11;41;1;8;0;1;5;2;1;1;0;5;0;0;0;0;7;5;0;0;1;0;1;0;0;0;0;0
6;"Szkoła Podstawowa, Wiączyń Dolny 18B, 92-701 Wiączyń Dolny";100608;"gm. Nowosolna";"łódzki wschodni";"łódzkie";1;1;0;2;0;0;0;0;0;0;1;0;0;0;0;2;0;1;0;0;0;21;2;9;0;1;1;2;1;6;2;2;0;1;0;0;0;1;0;3;1;10;3;1;2;1;0;0;0;5;0;1;0;1;0;1;0;0;0;0;1;17;33;4;2;2;7;1;0;0;1;1;0;0;0;0;0;0;0;0;1;10;2;0;1;0;0;0;1;0;0;1;2;1;0;0;0;0;0;2;0;41;11;6;10;18;2;3;1;3;0;0;1;1;0;1;0;0;1;0;2;0;0;0;1;2;1;2;0;1;0;0
1;"Szkoła Podstawowa im. Jana Długosza w Rzgowie, ul. Szkolna 3, 95-030 Rzgów";100610;"gm. Rzgów";"łódzki wschodni";"łódzkie";1;1;10;4;3;2;0;1;0;2;0;1;1;1;0;0;0;1;1;2;0;61;16;8;5;4;4;2;1;4;2;1;0;3;0;1;3;0;2;1;92;47;16;13;6;1;6;0;1;3;1;1;1;4;0;4;2;1;2;0;3;96;258;17;25;3;10;4;6;92;0;3;2;0;0;2;3;1;1;1;2;73;2;3;2;1;1;0;2;1;3;1;4;2;1;3;0;0;2;0;4;187;36;15;8;55;2;34;2;1;34;5;0;2;2;9;0;2;14;0;9;7;0;0;1;3;3;1;0;0;1;1
2;"Szkoła Podstawowa im. Jana Długosza w Rzgowie, ul. Szkolna 3, 95-030 Rzgów";100610;"gm. Rzgów";"łódzki wschodni";"łódzkie";1;1;7;0;1;0;0;0;0;0;0;1;0;0;1;0;0;0;0;1;1;46;9;12;6;1;3;1;0;0;5;0;0;0;1;1;1;0;2;0;50;28;7;4;1;1;2;0;0;3;2;2;0;1;0;1;3;1;0;0;4;45;135;11;21;2;6;3;0;41;1;2;1;0;0;0;0;0;1;3;3;34;6;0;12;0;2;1;0;0;0;2;1;3;1;0;0;0;1;0;0;115;25;12;5;24;3;18;0;0;16;4;2;2;0;2;1;4;2;0;7;5;0;1;0;3;1;0;1;0;2;0
3;"Ochotnicza Straż Pożarna w Starej Gadce, Stara Gadka ul. Lucerniana 41a, 95-030 Rzgów";100610;"gm. Rzgów";"łódzki wschodni";"łódzkie";1;1;4;1;1;1;0;1;0;0;0;0;0;0;0;0;0;0;0;1;0;28;5;6;5;2;3;6;0;0;4;1;0;0;0;2;0;0;0;2;23;11;9;2;0;1;1;2;2;1;0;1;0;0;0;0;0;0;3;0;0;56;99;13;12;3;6;4;4;7;0;0;1;0;0;0;1;1;0;0;7;15;1;2;2;0;0;0;1;1;0;0;3;1;0;1;0;1;0;0;1;58;17;2;12;23;0;9;0;0;9;4;1;1;0;9;1;1;2;0;2;8;0;0;0;1;1;0;0;1;1;0
4;"Ochotnicza Straż Pożarna w Starowej Górze, Starowa Góra ul. Kuchenna 2, 95-030 Rzgów";100610;"gm. Rzgów";"łódzki wschodni";"łódzkie";1;1;4;3;2;0;0;2;0;1;0;0;2;0;1;1;2;0;2;1;1;93;19;20;30;4;5;1;2;1;1;1;3;4;8;1;4;0;5;1;42;64;28;12;8;5;6;0;2;6;3;2;0;3;0;2;4;2;2;0;5;94;262;29;34;4;5;7;14;20;4;3;2;3;2;2;0;0;0;1;3;62;4;5;10;1;0;4;2;3;2;0;2;4;0;3;0;0;1;1;6;337;70;32;19;106;7;46;8;5;24;4;8;4;2;2;1;3;6;7;15;16;2;3;0;5;3;0;0;2;2;1
5;"Szkoła Podstawowa im. Kornela Makuszyńskiego w Guzewie, Guzew ul. Edukacyjna 6, 95-030 Rzgów";100610;"gm. Rzgów";"łódzki wschodni";"łódzkie";1;1;3;0;1;0;1;0;1;0;0;0;0;0;0;0;0;0;0;0;1;19;5;3;6;2;4;0;0;0;1;0;2;0;0;2;0;1;0;0;70;28;1;3;0;0;3;0;0;3;0;0;0;0;0;1;0;0;0;0;0;23;121;1;15;1;3;2;1;37;3;1;1;2;0;1;1;0;1;0;3;37;1;2;5;1;0;1;2;0;0;0;1;1;1;2;0;0;1;0;2;64;9;8;6;18;2;9;0;0;10;1;0;1;1;1;1;0;1;0;3;2;2;1;0;0;1;1;1;0;0;1
6;"Szkoła Podstawowa im. Św. Królowej Jadwigi w Kalinie, Tadzin 24, 95-030 Rzgów";100610;"gm. Rzgów";"łódzki wschodni";"łódzkie";1;1;1;0;2;1;0;0;0;0;0;0;2;0;0;0;0;0;0;2;0;43;3;12;8;1;3;3;2;2;1;1;1;4;1;2;0;0;1;1;64;23;12;5;4;3;2;0;0;0;0;3;0;3;0;1;0;1;1;0;3;56;224;5;24;3;59;2;10;29;2;1;2;0;2;1;1;0;0;0;0;40;2;4;4;2;0;1;1;0;1;0;1;1;2;0;1;0;3;1;1;132;16;8;7;28;3;18;2;1;6;0;1;0;0;2;0;1;1;0;10;17;2;1;0;1;0;1;0;0;0;0
7;"Ochotnicza Straż Pożarna w Grodzisku, Grodzisko 47a, 95-030 Rzgów";100610;"gm. Rzgów";"łódzki wschodni";"łódzkie";1;1;2;0;1;1;0;0;0;0;1;0;0;0;0;0;0;1;0;0;0;16;2;2;4;0;1;1;4;0;1;1;0;1;0;1;1;0;0;0;44;10;3;5;1;0;3;1;0;3;0;0;0;0;0;0;0;0;0;0;1;24;96;3;4;2;11;0;1;16;1;2;0;0;0;0;0;1;0;2;0;17;1;0;0;0;0;0;0;0;2;1;0;0;0;0;0;1;1;0;1;66;9;5;2;10;2;4;0;0;4;1;0;0;0;2;0;0;1;0;2;1;0;0;0;1;1;0;0;0;1;0
8;"Świetlica wiejska w Czyżeminku, Czyżeminek 34A, 95-030 Rzgów";100610;"gm. Rzgów";"łódzki wschodni";"łódzkie";1;1;2;0;0;1;0;0;0;0;0;0;0;0;0;0;0;0;0;0;0;12;0;1;1;0;1;0;1;0;0;0;0;0;0;0;0;0;1;0;9;7;8;0;1;1;0;0;0;1;0;0;0;0;1;1;1;0;1;1;0;9;61;1;7;2;3;1;0;4;0;0;0;0;0;0;1;0;0;0;1;9;2;1;0;0;0;0;2;0;0;0;0;0;0;0;0;0;0;0;0;24;5;3;0;1;0;8;1;0;1;0;0;0;0;2;0;0;1;0;3;1;0;0;0;0;0;0;0;0;0;0
9;"Ochotnicza Straż Pożarna w Prawdzie, Prawda 34, 95-030 Rzgów";100610;"gm. Rzgów";"łódzki wschodni";"łódzkie";1;1;1;0;1;0;0;0;0;0;0;0;0;0;0;0;0;0;0;0;0;4;1;0;0;1;2;0;0;0;0;2;0;0;0;0;0;0;0;0;17;2;2;1;0;0;2;0;0;0;0;0;0;0;0;1;0;0;0;0;1;11;30;0;3;2;7;0;0;2;0;0;1;0;0;0;0;0;0;0;0;7;1;0;2;1;0;0;0;1;1;0;0;1;0;1;0;0;0;1;0;28;2;0;3;6;0;4;1;1;7;0;1;0;0;0;0;0;0;0;1;0;0;0;0;0;0;0;0;0;0;0
1;"Budynek byłego Gimnazjum Nr 1 w Tuszynie, ul. Piotrkowska 13, 95-080 Tuszyn";100611;"gm. Tuszyn";"łódzki wschodni";"łódzkie";1;1;2;0;1;0;1;0;0;0;0;0;1;0;0;0;1;0;0;0;0;20;0;4;0;2;2;0;2;0;2;0;0;0;1;0;2;0;2;1;19;15;3;6;4;0;0;0;0;4;1;1;0;0;0;1;1;0;0;1;0;26;124;5;11;1;11;3;9;2;1;2;0;5;0;1;2;1;0;0;2;26;0;1;2;0;1;0;0;1;1;1;0;1;0;0;1;2;1;0;1;83;16;11;4;21;3;5;2;2;5;0;1;0;0;0;2;2;32;1;5;7;1;0;0;0;3;0;0;0;1;0
2;"Miejskie Centrum Kultury w Tuszynie, ul. Noworzgowska 20A, 95-080 Tuszyn";100611;"gm. Tuszyn";"łódzki wschodni";"łódzkie";1;1;7;0;2;0;0;0;0;0;0;0;0;0;1;1;0;0;0;1;0;25;6;0;1;3;6;2;1;1;2;0;0;0;0;0;3;0;0;0;15;9;4;3;0;0;1;1;1;3;1;0;0;1;0;0;0;0;1;0;0;30;142;3;12;4;12;9;3;3;3;2;3;0;0;1;1;0;0;0;3;19;3;1;2;0;0;2;1;2;0;0;1;3;0;1;0;0;2;0;0;71;11;7;5;14;3;7;0;1;2;1;0;0;0;1;0;5;23;0;2;5;3;0;0;1;2;0;0;0;0;0
3;"Miejskie Centrum Kultury w Tuszynie, ul. Noworzgowska 20A, 95-080 Tuszyn";100611;"gm. Tuszyn";"łódzki wschodni";"łódzkie";1;1;2;0;0;0;1;0;0;1;0;0;0;1;1;1;0;0;1;0;1;24;1;8;7;3;2;1;1;1;3;0;2;0;0;0;1;0;5;0;7;15;9;2;1;3;6;0;0;6;0;0;0;0;0;1;1;0;0;0;0;28;149;3;16;4;8;5;2;1;2;0;0;1;0;5;0;0;0;0;2;23;0;1;4;1;1;1;0;1;0;0;0;4;0;0;0;1;0;0;2;59;5;7;0;13;2;5;0;0;2;0;0;0;0;2;0;2;25;0;2;7;0;0;0;4;3;0;0;0;0;1
4;"Szkoła Podstawowa Nr 1 w Tuszynie, ul. Piotrkowska 15, 95-080 Tuszyn";100611;"gm. Tuszyn";"łódzki wschodni";"łódzkie";1;1;3;0;1;0;0;0;0;0;0;0;0;0;1;1;0;0;0;0;0;25;0;3;6;0;3;0;0;3;1;0;0;0;0;0;0;1;2;0;4;16;8;3;0;1;2;1;0;2;1;0;0;1;0;1;0;0;0;0;2;9;68;5;5;0;6;1;5;2;4;0;3;1;0;0;0;0;0;0;1;8;3;0;1;0;0;0;0;0;0;0;1;0;0;0;0;0;0;0;3;57;4;11;4;14;3;5;0;0;4;2;2;0;0;3;0;0;23;0;0;1;0;1;1;0;4;0;1;0;0;0
5;"Przedszkole Miejskie Nr 2 w Tuszynie, ul. Sienkiewicza 8, 95-080 Tuszyn";100611;"gm. Tuszyn";"łódzki wschodni";"łódzkie";1;1;0;0;1;0;0;1;0;0;0;0;0;2;0;0;0;0;0;0;0;15;5;5;3;2;4;1;1;0;2;0;0;0;0;0;0;1;1;2;6;11;6;3;2;3;0;2;1;3;1;0;0;4;0;3;1;1;1;0;2;31;127;2;11;4;6;7;2;4;2;1;0;2;0;1;1;0;0;0;1;16;3;2;0;1;0;0;0;3;2;2;2;3;0;1;1;0;1;1;1;79;4;7;3;9;4;10;0;0;3;4;0;0;0;1;1;1;35;0;4;9;0;0;1;0;0;1;0;0;0;1
6;"Budynek byłego Gimnazjum Nr 2 w Tuszynie, ul. Poniatowskiego 11, 95-080 Tuszyn";100611;"gm. Tuszyn";"łódzki wschodni";"łódzkie";1;1;4;0;0;1;0;0;1;0;1;0;0;0;0;3;0;1;1;0;0;25;7;3;4;2;0;0;4;5;5;0;0;2;0;0;0;0;4;1;5;22;10;6;2;1;2;1;0;3;0;0;0;1;0;1;0;0;0;0;0;24;79;9;10;1;4;1;5;2;1;1;3;1;1;0;0;0;0;0;4;17;3;1;2;0;0;0;1;1;1;1;1;2;0;2;1;0;0;1;0;113;23;7;7;30;0;13;1;1;4;0;2;0;1;4;0;0;33;0;1;3;1;1;1;1;2;0;0;0;1;0
7;"Filia Miejskiego Centrum Kultury w Tuszynie, ul. Prusa 7, 95-080 Tuszyn";100611;"gm. Tuszyn";"łódzki wschodni";"łódzkie";1;1;0;0;0;0;1;0;1;0;0;0;0;0;1;1;0;0;0;2;0;31;10;3;3;0;0;1;1;0;5;0;1;1;0;1;0;0;1;0;3;8;6;2;1;1;0;1;0;3;0;3;1;0;2;0;2;1;1;0;1;23;102;1;10;2;3;2;1;0;3;1;0;2;2;0;0;0;0;1;2;20;1;2;0;0;1;0;2;0;0;0;0;2;0;0;0;0;1;0;1;69;12;9;3;26;2;10;1;0;3;2;0;0;1;3;0;1;32;1;8;5;0;0;2;0;3;1;0;0;1;0
8;"Szkoła Podstawowa Nr 2 w Tuszynie, ul. Poniatowskiego 11, 95-080 Tuszyn";100611;"gm. Tuszyn";"łódzki wschodni";"łódzkie";1;1;3;0;0;1;0;0;0;1;0;0;1;0;0;0;0;1;0;1;0;31;4;2;1;0;1;4;3;3;2;0;0;2;1;4;2;0;3;0;4;16;5;6;2;1;1;2;1;3;1;1;0;2;0;0;0;0;0;0;0;24;74;5;9;5;4;3;4;1;0;0;3;1;1;1;1;0;0;0;1;28;2;6;3;0;0;1;1;1;1;0;1;0;0;0;0;0;0;1;0;94;12;5;5;15;1;12;1;1;9;2;1;1;0;3;0;1;27;0;4;5;0;0;0;1;4;0;0;0;0;1
9;"Dzienny Dom ""Senior-Wigor"" w Tuszynie, ul. 3 Maja 49, 95-080 Tuszyn";100611;"gm. Tuszyn";"łódzki wschodni";"łódzkie";1;1;2;0;0;0;0;0;0;0;0;1;0;0;0;1;0;0;0;0;0;12;2;1;3;0;3;0;0;1;2;0;0;0;1;1;2;0;0;0;5;7;2;0;0;2;1;1;0;0;0;0;0;0;0;0;0;0;0;0;1;12;69;3;3;2;3;0;2;2;2;1;2;0;0;1;0;0;0;0;1;15;0;0;1;1;0;1;1;1;0;0;1;0;0;0;0;0;0;1;0;31;3;5;1;4;0;3;1;0;0;0;0;0;0;0;0;0;9;0;0;0;1;0;0;0;2;0;0;0;1;2
10;"Remiza OSP w Modlicy, Modlica 88, 95-080 Modlica";100611;"gm. Tuszyn";"łódzki wschodni";"łódzkie";1;1;0;0;0;0;0;0;0;0;0;0;0;0;0;1;0;0;0;0;0;16;1;1;1;1;2;0;0;1;1;0;0;1;0;1;0;0;2;0;7;2;4;2;1;0;1;0;1;0;0;1;0;0;0;1;0;1;0;0;0;9;67;1;9;0;3;2;3;1;0;1;0;0;1;0;0;0;0;0;0;10;6;1;1;0;2;0;1;2;0;0;1;1;0;0;0;0;0;0;0;23;4;1;3;7;1;0;0;0;0;0;0;0;0;4;4;0;1;0;0;6;0;0;0;1;0;0;0;0;0;0
11;"Hala Widowiskowo-Sportowa w Tuszynie, ul. Tysiąclecia 8, 95-080 Tuszyn";100611;"gm. Tuszyn";"łódzki wschodni";"łódzkie";1;1;0;0;0;0;0;1;1;0;0;0;0;0;0;0;0;0;0;0;2;31;4;2;2;2;7;0;0;2;2;1;0;1;0;0;1;0;1;1;8;15;7;3;2;1;0;0;0;2;0;2;0;0;0;0;0;0;0;1;2;21;109;5;5;2;13;1;3;1;1;1;1;1;0;1;1;0;0;0;1;25;3;0;1;1;0;0;3;0;0;0;0;2;0;0;0;0;0;0;0;90;9;5;4;19;1;8;0;1;4;0;1;0;0;0;1;0;16;0;3;6;0;0;1;1;1;0;1;0;0;0
12;"Świetlica Wiejska w Kruszowie, Kruszów ul. Trybunalska 19, 95-080 Tuszyn";100611;"gm. Tuszyn";"łódzki wschodni";"łódzkie";1;1;1;0;0;0;0;0;0;0;0;0;0;0;1;1;0;0;0;0;1;15;2;0;2;0;0;0;0;0;1;0;1;2;0;0;0;0;1;1;2;12;3;1;0;0;0;0;1;2;0;1;0;0;0;0;0;0;1;0;1;12;72;0;2;0;4;1;2;3;1;1;0;0;0;0;0;0;0;1;0;8;3;1;0;0;0;0;0;0;2;0;0;2;0;1;0;0;0;0;1;27;5;5;1;11;0;7;1;0;1;0;4;0;0;1;0;1;4;0;1;0;0;1;0;0;0;0;0;0;0;0
13;"Szkoła Podstawowa w Wodzinie Prywatnym, Wodzin Prywatny ul. Szkolna 1, 95-080 Tuszyn";100611;"gm. Tuszyn";"łódzki wschodni";"łódzkie";1;1;0;0;1;0;0;0;0;0;0;0;1;0;0;0;0;0;0;0;0;22;2;7;3;4;1;0;2;1;0;0;0;1;0;3;1;0;1;1;5;8;2;0;1;2;0;0;0;0;0;0;0;0;0;5;0;0;0;0;0;28;202;6;8;1;6;12;1;0;2;2;2;2;0;2;2;1;0;0;1;30;0;1;3;1;0;1;1;1;1;3;1;3;0;0;0;0;0;1;0;27;10;0;0;5;0;2;0;0;0;1;0;0;0;0;0;0;5;0;0;4;0;0;0;0;1;0;1;0;1;1
14;"Szkoła Podstawowa w Górkach Dużych, Górki Duże ul. Jutroszewska 17, 95-080 Tuszyn";100611;"gm. Tuszyn";"łódzki wschodni";"łódzkie";1;1;0;0;1;0;0;0;0;0;0;0;0;0;0;0;2;0;0;0;0;15;0;1;2;1;7;1;2;0;0;0;0;0;0;0;0;0;1;0;15;10;2;3;2;4;0;0;0;0;0;0;2;0;0;0;0;0;0;0;3;14;79;1;4;1;19;0;2;0;1;0;1;0;0;0;0;0;0;0;4;11;2;0;0;1;1;0;1;1;0;0;0;0;0;0;0;0;0;0;0;26;6;4;1;3;0;4;0;2;1;0;0;0;0;3;0;0;11;0;1;2;0;0;2;0;4;0;0;0;0;0
15;"Świetlica Wiejska w Woli Kazubowej, Wola Kazubowa ul. Górecka 82, 95-080 Tuszyn";100611;"gm. Tuszyn";"łódzki wschodni";"łódzkie";1;1;2;1;1;0;1;2;0;0;0;0;0;0;0;0;0;0;1;0;1;46;8;7;10;1;4;1;0;1;5;1;0;3;0;1;0;0;0;0;13;39;16;4;0;3;4;1;0;2;2;0;2;0;0;1;0;0;1;0;6;36;134;13;10;3;18;2;1;3;0;1;2;0;0;4;0;0;0;1;2;25;3;0;5;4;1;1;0;0;1;0;1;1;0;1;1;1;0;1;2;153;29;21;3;39;2;35;1;3;21;2;1;1;0;2;1;3;18;1;7;3;1;0;0;0;0;0;0;0;0;1
16;"Świetlica Wiejska w Żerominie, ul. Tuszyńska 13D, 95-080 Żeromin";100611;"gm. Tuszyn";"łódzki wschodni";"łódzkie";1;1;1;1;1;0;0;0;0;1;0;0;0;1;0;1;0;0;0;0;0;11;1;0;0;1;2;0;0;0;0;0;0;1;0;0;1;0;1;0;0;6;2;1;0;2;1;0;0;7;1;1;0;0;0;0;0;0;0;0;0;15;36;1;6;5;3;0;0;2;0;0;0;0;1;0;0;0;0;1;2;8;0;0;1;0;0;0;0;0;3;0;0;0;0;0;0;0;0;1;0;16;3;4;1;8;2;1;0;0;1;0;1;0;0;0;0;0;5;0;3;0;1;0;1;0;0;0;0;1;0;1
17;"Przedszkole Miejskie Nr 3 w Garbowie, ul. Kruszowska 13, 95-080 Garbów";100611;"gm. Tuszyn";"łódzki wschodni";"łódzkie";1;1;1;0;0;0;1;0;0;1;1;0;0;1;0;0;0;0;0;0;0;4;1;0;0;1;0;0;1;0;0;0;0;0;0;0;1;1;0;0;1;1;2;0;0;0;0;0;0;0;0;0;0;0;0;1;0;0;0;0;0;7;29;0;2;1;5;2;1;0;0;0;0;0;0;1;0;0;0;0;0;4;1;0;0;0;0;0;0;2;2;0;0;0;0;1;0;0;0;0;0;22;2;3;1;4;0;4;2;0;0;1;1;0;0;0;0;0;6;0;0;1;1;0;0;0;1;0;0;0;0;0
18;"Remiza OSP w Głuchowie, ul. Długa 116, 95-080 Głuchów";100611;"gm. Tuszyn";"łódzki wschodni";"łódzkie";1;1;0;0;1;0;1;0;0;0;1;0;0;0;0;1;0;0;0;0;0;10;0;0;0;0;1;1;0;0;0;0;0;0;0;0;2;0;0;0;0;1;0;3;0;0;1;0;0;0;1;0;0;0;1;0;0;0;0;0;2;15;36;4;6;1;8;1;2;0;3;1;0;0;0;0;1;0;0;0;0;6;3;2;0;1;0;1;2;0;0;1;1;0;0;0;0;0;0;0;0;25;4;0;2;8;0;6;0;0;0;0;1;0;1;0;0;1;3;1;0;1;0;0;0;0;0;0;0;0;1;0
19;"Remiza OSP w Jutroszewie, Jutroszew 82, 95-080 Jutroszew";100611;"gm. Tuszyn";"łódzki wschodni";"łódzkie";1;1;0;1;0;0;0;0;0;0;0;0;0;0;0;0;0;0;0;0;0;5;0;0;0;1;0;0;4;0;1;0;0;0;1;0;0;0;2;0;0;0;2;4;1;0;0;0;0;2;0;0;0;0;0;0;3;0;0;0;1;3;50;3;1;0;62;0;0;1;0;0;0;0;0;0;0;0;0;0;0;7;0;0;1;0;0;0;0;0;0;0;0;1;0;1;0;0;0;0;0;5;2;0;0;0;0;3;0;0;0;0;0;0;0;0;0;0;0;1;0;0;0;0;0;0;0;0;0;0;0;0
20;"Remiza OSP w Szczukwinie, ul. Gliniana 121, 95-080 Szczukwin";100611;"gm. Tuszyn";"łódzki wschodni";"łódzkie";1;1;0;0;0;0;0;0;0;0;0;0;0;0;1;0;0;0;0;0;0;7;0;0;2;4;0;0;0;0;3;0;0;1;0;0;1;0;0;0;4;5;2;0;0;1;0;0;0;0;0;0;0;0;0;1;0;0;1;0;0;15;97;2;5;0;5;1;0;1;1;1;3;0;1;0;0;0;0;0;5;9;0;1;1;0;0;1;1;0;0;0;0;0;0;0;0;0;1;1;0;5;5;0;0;0;1;2;0;0;0;0;0;0;0;0;1;0;0;0;0;1;0;0;0;0;0;0;0;0;0;0
21;"Pawilon D szpitala, ul. Szpitalna 5, 95-080 Tuszyn";100611;"gm. Tuszyn";"łódzki wschodni";"łódzkie";1;1;0;1;0;0;0;0;0;0;0;0;0;0;0;0;0;0;0;0;0;4;0;1;0;0;0;0;1;0;0;0;0;0;0;0;0;0;1;0;0;3;2;1;0;0;0;0;0;0;0;0;0;0;0;0;0;0;0;0;1;17;11;1;2;0;3;6;0;1;0;0;1;0;0;0;0;0;0;0;3;1;0;0;0;1;0;0;0;0;0;0;0;0;1;0;0;0;0;0;0;16;1;3;0;3;1;0;0;0;0;0;0;0;0;0;0;0;0;0;2;0;0;0;0;0;0;0;0;0;0;0
22;"Hol główny Centrum, ul. Poddębina 9a, 95-080 Tuszyn";100611;"gm. Tuszyn";"łódzki wschodni";"łódzkie";1;1;0;0;0;0;0;0;0;0;0;0;0;0;0;0;0;0;0;0;0;0;0;0;0;0;0;0;0;0;0;0;0;0;0;0;0;0;0;0;0;1;0;0;0;0;0;0;0;0;0;0;1;0;0;0;0;0;1;0;0;6;0;1;0;0;0;1;0;0;0;1;0;0;0;0;0;0;0;0;0;0;0;0;0;0;0;0;0;0;0;0;0;0;0;0;0;0;0;0;0;13;2;2;0;5;0;0;0;0;0;1;0;0;0;0;0;0;0;0;1;1;0;0;1;0;0;0;1;0;0;0
1;"Szkoła Podstawowa Nr 1 w Brzezinach, ul. Stanisława Moniuszki 21, 95-060 Brzeziny";102101;"m. Brzeziny";"brzeziński";"łódzkie";1;1;8;1;3;0;0;2;0;1;0;0;3;0;0;1;0;1;1;2;2;56;6;28;7;5;8;2;4;20;3;1;2;2;1;4;1;0;2;1;1;28;16;4;2;4;13;2;1;1;2;2;2;4;1;1;1;1;0;0;2;70;149;14;15;107;30;94;11;3;5;2;11;2;0;1;2;1;0;0;5;41;2;1;5;0;1;1;10;2;1;1;0;1;0;8;0;1;0;4;1;112;28;7;8;34;7;8;4;1;1;1;74;1;0;1;7;1;3;2;20;12;0;0;0;6;0;1;0;1;1;0
2;"Muzeum Regionalne w Brzezinach, ul. Józefa Piłsudskiego 49, 95-060 Brzeziny";102101;"m. Brzeziny";"brzeziński";"łódzkie";1;1;3;2;0;1;1;0;1;0;1;1;1;0;0;0;1;0;1;0;0;45;5;17;8;9;4;0;4;6;2;0;0;3;0;8;1;0;1;1;1;38;13;8;5;5;12;2;0;1;1;0;3;3;0;1;1;0;0;1;2;47;76;8;8;100;9;106;7;0;2;2;5;0;0;2;0;0;0;0;6;54;5;4;1;0;2;2;7;2;1;1;1;1;1;0;0;0;0;0;1;104;33;9;11;26;3;14;0;0;2;4;64;0;0;1;1;0;3;0;10;10;1;1;1;1;1;3;0;0;2;0
3;"Przedszkole Nr 1 w Brzezinach, ul. Konstytucji 3 Maja 1, 95-060 Brzeziny";102101;"m. Brzeziny";"brzeziński";"łódzkie";1;1;2;2;1;1;0;0;0;0;0;0;0;0;1;1;0;1;1;2;0;38;6;8;5;12;3;4;3;16;2;1;0;4;0;1;1;2;0;1;3;26;23;4;2;2;1;2;0;3;2;1;1;1;0;1;0;2;1;0;0;36;91;0;9;75;16;91;11;1;0;1;9;2;0;1;3;0;0;1;4;26;3;2;1;2;0;1;8;1;2;2;1;3;0;1;0;0;0;0;0;94;26;7;6;21;6;2;0;1;3;0;74;0;0;0;2;0;0;1;7;3;0;1;0;0;0;0;0;0;0;0
4;"Szkoła Podstawowa nr 3 w Brzezinach, ul. Bohaterów Warszawy 4, 95-060 Brzeziny";102101;"m. Brzeziny";"brzeziński";"łódzkie";1;1;3;0;1;1;2;0;0;1;0;0;0;1;0;1;0;0;0;0;0;31;5;14;4;0;3;3;2;4;2;1;0;0;0;2;1;1;1;2;1;40;15;0;1;3;8;2;0;4;3;3;0;2;0;4;0;0;1;0;2;54;83;12;11;69;22;88;10;0;2;3;2;1;1;2;1;0;0;0;1;17;3;1;0;1;1;1;5;2;1;0;1;1;0;0;0;0;0;0;0;128;18;10;11;30;5;2;0;0;11;1;33;0;0;1;2;1;0;1;4;5;0;2;0;0;0;0;0;0;1;1
5;"Zespół Szkół Ponadpodstawowych w Brzezinach, ul. Konstytucji 3 Maja 5, 95-060 Brzeziny";102101;"m. Brzeziny";"brzeziński";"łódzkie";1;1;3;0;1;0;1;0;0;1;1;0;2;0;1;0;0;0;1;0;0;75;8;23;7;15;6;1;6;17;1;2;2;3;0;5;1;1;2;4;2;45;24;8;0;5;8;0;1;2;3;6;0;2;0;0;0;3;0;0;7;69;116;10;10;81;11;89;6;3;2;0;6;1;1;1;1;0;0;1;5;38;4;3;6;1;2;0;14;7;2;2;5;2;0;5;0;1;2;0;0;163;49;12;23;43;10;2;2;3;6;0;81;0;0;1;5;2;0;5;10;15;0;4;1;2;1;1;0;0;0;0
6;"Szkoła Podstawowa Nr 2 w Brzezinach, ul. Henryka Sienkiewicza 17, 95-060 Brzeziny";102101;"m. Brzeziny";"brzeziński";"łódzkie";1;1;1;1;2;0;1;0;0;0;0;0;0;1;0;0;0;0;0;3;1;47;2;12;7;11;5;0;2;20;3;1;1;1;0;7;2;1;1;0;2;23;16;11;3;3;8;0;1;4;0;2;1;3;1;0;0;0;0;1;3;61;92;10;10;79;21;97;9;1;1;1;3;1;1;0;0;0;0;0;2;23;0;4;2;2;2;2;13;1;1;0;2;1;0;0;0;0;2;0;3;105;31;8;14;24;4;2;0;1;6;3;49;1;0;2;0;0;0;1;11;8;0;0;0;2;0;2;1;0;0;1
7;"Miejska Biblioteka Publiczna w Brzezinach, ul. św. Anny 36, 95-060 Brzeziny";102101;"m. Brzeziny";"brzeziński";"łódzkie";1;1;2;0;0;0;0;1;1;0;0;0;5;0;0;2;0;0;0;1;1;33;6;17;0;9;7;0;4;16;4;1;0;0;1;2;1;0;1;0;2;46;15;3;2;1;9;1;0;0;1;2;0;1;0;1;0;2;0;0;1;50;118;9;7;75;20;90;12;1;1;0;4;3;1;1;0;0;0;0;1;31;7;0;5;0;1;0;12;1;0;3;1;0;0;1;1;0;3;0;0;91;18;8;4;30;2;1;3;0;4;2;39;1;0;1;1;0;0;0;13;4;3;1;0;0;2;2;0;0;0;2
8;"Dom Pomocy Społecznej w Brzezinach, ul. Stanisława Moniuszki 24, 95-060 Brzeziny";102101;"m. Brzeziny";"brzeziński";"łódzkie";1;1;0;1;0;0;0;0;0;0;0;0;0;0;0;0;0;0;0;0;0;2;0;0;0;0;0;0;0;0;0;0;0;0;0;0;0;0;0;0;0;1;0;0;0;0;0;0;0;1;0;0;0;0;0;0;0;0;0;0;0;4;1;0;2;1;0;2;0;1;0;1;0;0;0;0;0;0;0;0;0;0;0;0;0;0;0;0;0;0;0;0;0;0;0;0;0;0;0;0;0;1;2;0;0;0;0;0;0;0;0;0;1;0;0;0;1;0;0;0;1;0;0;0;0;0;0;0;0;0;0;0
9;"Powiatowe Centrum Zdrowia w Brzezinach Sp. z o. o., ul. Marii Skłodowskiej-Curie 6, 95-060 Brzeziny";102101;"m. Brzeziny";"brzeziński";"łódzkie";1;1;0;0;0;0;0;0;0;0;0;0;0;0;0;0;0;0;0;0;0;2;1;1;0;1;0;0;0;1;0;0;0;0;0;0;0;0;0;0;1;1;0;0;0;0;0;0;0;0;0;0;0;0;0;0;0;0;0;0;0;7;5;1;2;1;2;4;3;1;0;0;0;0;0;0;0;1;0;0;1;1;0;0;1;0;0;0;0;0;0;0;0;0;0;0;0;0;0;0;0;7;2;2;0;0;0;0;0;0;0;0;0;0;0;0;0;0;0;0;0;0;0;0;0;0;1;0;0;0;0;0
1;"Szkoła Podstawowa w Gałkówku-Kolonii, Gałkówek-Kolonia 38, 95-060 Brzeziny";102102;"gm. Brzeziny";"brzeziński";"łódzkie";1;1;2;0;0;0;0;0;0;0;0;0;0;0;0;0;0;0;0;0;0;9;0;2;0;3;1;0;2;29;0;0;0;0;0;0;0;0;1;0;0;4;2;0;2;1;1;0;0;2;1;1;0;0;0;0;0;0;0;0;0;9;29;0;4;15;8;1;4;2;0;0;1;0;0;0;0;0;0;0;1;4;0;0;0;0;1;0;3;1;0;0;0;0;0;0;0;1;0;0;1;18;0;0;2;1;0;2;1;0;1;0;0;0;0;0;0;0;0;1;2;2;1;0;0;0;0;0;0;0;0;0
2;"Sala OSP Polik, Polik 45, 95-060 Brzeziny";102102;"gm. Brzeziny";"brzeziński";"łódzkie";1;1;1;0;1;0;1;0;0;0;0;0;1;0;0;1;0;0;0;0;0;17;2;9;2;6;1;0;0;6;3;0;0;5;1;1;1;0;1;2;1;13;6;1;1;3;3;0;0;2;0;0;0;0;0;0;1;0;0;0;1;13;46;1;6;72;6;10;3;0;0;0;0;0;0;0;0;0;0;0;2;15;2;1;0;0;0;1;1;2;0;1;0;0;0;1;0;4;0;3;0;56;29;4;3;7;3;9;2;0;5;0;5;0;0;0;0;0;0;0;3;2;0;0;0;0;0;0;0;0;0;0
3;"Szkoła Podstawowa w Dąbrówce Dużej, Dąbrówka Duża 60, 95-060 Brzeziny";102102;"gm. Brzeziny";"brzeziński";"łódzkie";1;1;4;4;2;1;3;2;0;1;0;1;0;0;2;1;0;1;0;2;1;32;7;23;2;21;3;4;0;5;0;1;0;0;1;3;3;3;3;2;5;27;5;2;2;2;2;0;0;3;0;1;0;1;1;1;0;0;0;0;1;57;73;6;13;80;27;35;3;4;0;1;6;0;0;0;0;0;0;0;2;16;4;1;2;1;0;1;7;1;2;0;2;3;0;2;0;2;0;0;0;68;18;5;4;14;2;3;0;1;3;6;17;0;1;0;1;1;0;0;4;7;2;2;1;0;0;0;0;0;0;0
4;"Gminny Ośrodek Kultury w Przecławiu, Przecław 33, 95-060 Brzeziny";102102;"gm. Brzeziny";"brzeziński";"łódzkie";1;1;5;0;1;0;1;1;1;1;0;0;1;0;1;2;0;0;0;1;0;31;5;4;1;4;3;1;2;10;1;1;0;2;0;6;0;1;0;0;0;14;9;1;3;0;3;1;1;0;0;0;0;0;0;0;0;0;0;0;0;30;68;2;16;70;7;29;3;0;2;2;2;0;1;0;0;0;1;0;1;26;2;2;1;1;2;0;11;1;1;0;2;3;0;2;1;0;2;1;0;34;13;2;5;12;2;5;0;0;1;0;16;0;0;1;1;0;1;0;3;4;1;0;2;1;0;0;0;0;0;1
5;"Szkoła Podstawowa w Bogdance, Bogdanka 5, 95-060 Brzeziny";102102;"gm. Brzeziny";"brzeziński";"łódzkie";1;1;2;1;0;0;0;0;0;0;0;0;0;0;0;1;0;0;0;1;1;25;2;3;2;3;1;2;0;14;3;0;0;0;1;4;0;0;4;0;0;11;4;2;4;2;2;1;1;2;0;0;0;2;0;1;1;0;0;0;1;15;67;7;2;56;11;21;10;1;0;2;3;0;0;0;0;0;0;0;0;19;1;2;0;0;1;3;3;1;0;0;0;1;0;1;0;0;1;0;1;40;16;6;4;4;1;0;0;0;1;1;5;0;0;0;0;0;0;0;0;0;0;0;0;0;0;2;0;1;0;0
6;"Sala OSP Jordanów, Jordanów 15, 95-060 Brzeziny";102102;"gm. Brzeziny";"brzeziński";"łódzkie";1;1;5;2;0;0;1;1;0;0;0;0;0;0;0;1;0;0;0;0;2;32;4;10;3;2;1;0;1;15;3;1;0;5;2;0;0;0;2;1;2;25;8;1;6;3;2;1;0;5;3;0;2;1;0;2;0;2;0;0;3;35;58;9;12;36;9;13;3;2;0;0;1;0;0;1;0;0;1;0;2;17;3;0;4;0;3;1;11;0;1;0;1;1;0;0;0;0;0;1;0;66;24;7;4;22;4;6;0;4;5;4;6;2;0;0;2;1;0;1;2;6;2;0;0;1;2;0;3;0;1;0
7;"Świetlica Środowiskowa w Małczewie, Małczew 17A, 95-060 Brzeziny";102102;"gm. Brzeziny";"brzeziński";"łódzkie";1;1;0;1;1;0;1;0;0;0;0;0;0;1;0;0;0;0;0;1;0;17;2;1;0;0;0;0;1;17;1;0;0;0;0;2;0;0;1;0;1;6;4;1;0;0;0;1;0;1;0;0;0;2;0;1;0;1;0;0;1;15;9;3;1;33;7;2;1;0;0;0;0;0;0;1;0;0;0;0;1;3;0;0;0;1;1;0;3;1;0;0;0;0;0;0;0;0;1;0;0;22;2;3;1;4;1;4;0;1;3;1;13;0;0;1;0;0;1;0;1;3;1;0;0;2;0;0;0;0;0;0
8;"Sala OSP Grzmiąca, Grzmiąca 59, 95-060 Brzeziny";102102;"gm. Brzeziny";"brzeziński";"łódzkie";1;1;1;0;2;0;0;0;0;0;0;0;0;0;0;0;0;0;0;0;0;2;0;2;0;0;1;0;0;0;1;0;0;0;0;1;0;0;1;0;0;3;1;0;0;0;14;0;1;0;0;1;0;0;0;0;0;0;0;0;0;7;25;2;7;36;3;7;0;1;0;0;0;0;0;0;1;0;0;0;0;9;1;0;2;1;1;0;1;0;0;0;0;1;0;0;0;0;1;0;1;12;2;0;4;3;0;1;0;0;0;0;1;0;0;0;0;0;0;0;3;0;0;0;0;2;0;0;0;0;0;0
9;"Sala OSP Paprotnia, Paprotnia 50, 95-060 Brzeziny";102102;"gm. Brzeziny";"brzeziński";"łódzkie";1;1;1;0;0;0;0;0;0;0;0;0;0;0;0;0;0;0;0;0;0;8;0;0;1;1;1;1;0;1;2;1;0;0;0;0;0;0;0;0;0;5;1;0;0;1;0;3;0;0;0;0;0;0;0;0;0;0;0;0;0;8;11;1;0;57;3;2;0;0;0;0;1;0;0;0;0;0;0;0;2;6;1;0;0;0;0;0;1;1;1;0;0;0;0;0;0;0;0;0;0;15;5;1;0;2;1;2;0;2;3;0;8;0;0;2;0;1;0;0;1;2;0;1;0;3;0;0;0;0;0;1
10;"Sala OSP Witkowice, Witkowice 44A, 95-060 Brzeziny";102102;"gm. Brzeziny";"brzeziński";"łódzkie";1;1;0;0;0;0;0;0;0;0;0;0;0;0;0;0;0;0;0;0;1;10;1;0;3;1;0;0;0;35;2;0;1;0;0;0;0;0;0;0;2;6;0;1;1;0;1;0;0;1;1;0;0;0;1;0;0;0;0;0;0;9;37;3;1;40;8;9;5;0;0;3;0;0;1;0;0;0;0;1;1;11;2;1;0;0;1;0;1;2;0;0;0;0;0;1;0;0;0;0;0;27;4;1;2;6;1;1;0;1;3;0;7;1;0;0;2;2;0;0;0;1;0;0;0;0;0;1;0;0;0;0
1;"Szkoła Podstawowa w Dmosinie, Dmosin Pierwszy 1C, 95-061 Dmosin";102103;"gm. Dmosin";"brzeziński";"łódzkie";1;1;1;6;0;0;0;0;0;1;0;0;0;0;0;0;2;0;1;1;0;29;1;7;2;4;4;1;2;1;1;0;2;1;0;0;0;1;3;0;3;12;38;1;1;1;0;0;0;0;6;1;1;0;0;0;1;0;1;0;0;33;30;1;8;24;10;21;0;2;1;1;5;1;1;0;0;0;0;0;2;7;3;5;4;2;0;0;2;1;2;1;0;0;0;0;0;1;0;1;1;43;6;5;0;8;3;0;1;0;3;0;1;0;2;0;0;1;0;0;0;1;1;0;0;0;0;0;1;0;0;0
2;"Strażnica OSP w Kraszewie, Kraszew 18, 95-061 Dmosin";102103;"gm. Dmosin";"brzeziński";"łódzkie";1;1;3;2;0;0;0;0;0;0;0;0;1;0;0;0;0;0;1;2;0;7;0;8;0;18;1;3;4;3;0;1;0;1;0;2;1;0;0;0;3;5;6;0;0;1;1;0;0;1;1;0;0;1;0;0;2;1;0;1;0;25;56;9;9;21;11;9;1;0;1;4;0;0;0;0;2;0;0;0;0;7;0;0;3;0;1;0;10;1;1;0;4;1;0;0;0;1;0;0;0;14;1;2;3;2;2;2;0;0;0;1;7;0;1;0;0;0;0;0;0;0;0;0;1;0;0;2;0;0;0;1
3;"Strażnica OSP w Kołacinie, Kołacin 15D, 95-061 Dmosin";102103;"gm. Dmosin";"brzeziński";"łódzkie";1;1;0;1;0;0;1;0;2;0;0;0;0;0;0;1;1;0;0;0;0;15;1;12;0;3;1;1;0;2;0;1;0;1;0;0;0;0;1;1;0;11;4;2;1;0;2;0;1;0;0;1;0;0;0;0;2;0;0;0;0;7;67;3;8;16;24;17;0;0;0;1;0;1;0;0;1;0;0;0;0;5;1;0;0;0;0;2;7;0;0;0;1;1;0;0;1;0;0;2;0;25;5;4;1;2;2;2;0;0;3;0;11;0;0;1;3;0;0;0;3;2;0;0;0;1;1;1;3;0;0;0
4;"Świetlica w Ząbkach, Ząbki 16A, 95-061 Dmosin";102103;"gm. Dmosin";"brzeziński";"łódzkie";1;1;0;1;3;1;0;0;0;0;0;1;0;0;0;0;0;0;0;1;0;22;3;9;0;3;2;1;1;3;0;0;0;1;0;2;0;0;3;2;1;4;10;2;1;4;0;1;0;0;1;0;0;0;0;2;1;0;0;0;0;35;60;5;9;32;12;16;1;2;2;2;1;4;0;1;6;0;0;0;4;13;0;2;4;0;0;3;3;4;0;1;4;0;1;0;0;0;0;0;1;25;4;1;0;3;1;2;0;0;0;0;2;0;0;0;0;0;0;0;0;0;0;0;0;1;0;0;0;0;0;0
5;"Świetlica w Woli Cyrusowej, Wola Cyrusowa 67, 95-061 Dmosin";102103;"gm. Dmosin";"brzeziński";"łódzkie";1;1;2;1;0;0;0;0;0;0;0;0;1;1;0;0;0;0;0;0;0;20;3;6;1;1;2;0;1;3;2;0;2;0;1;0;0;0;0;0;1;7;2;0;1;0;0;0;0;1;0;0;0;0;0;0;0;0;0;0;0;13;40;6;8;20;47;18;0;0;0;0;0;1;0;0;0;1;0;0;0;10;1;0;1;0;0;2;5;2;0;0;0;0;0;0;0;0;0;0;0;26;7;2;2;1;4;0;0;0;0;0;3;0;0;0;0;0;0;0;0;1;0;0;0;0;0;0;0;0;0;0
6;"Świetlica w Szczecinie, Szczecin 36A, 95-061 Dmosin";102103;"gm. Dmosin";"brzeziński";"łódzkie";1;1;2;0;1;1;0;0;1;0;1;0;0;0;0;0;0;0;1;1;0;8;1;9;1;1;1;1;0;0;0;0;0;1;0;1;0;1;0;0;0;5;8;0;2;0;2;0;0;0;2;0;0;0;0;0;0;0;0;0;0;26;23;0;9;16;14;10;0;0;0;2;1;1;1;0;1;0;0;0;3;6;0;2;0;1;0;0;2;0;0;1;2;0;0;0;1;0;1;0;0;31;4;2;1;2;0;2;1;0;1;0;0;0;0;0;0;1;0;1;1;2;0;0;0;0;0;0;0;0;0;0
7;"Świetlica w Osinach, Osiny 33A, 95-061 Dmosin";102103;"gm. Dmosin";"brzeziński";"łódzkie";1;1;2;1;0;0;0;0;0;1;0;0;0;0;0;0;0;0;0;0;1;23;0;10;2;2;1;2;2;2;1;0;0;0;0;0;2;0;2;2;1;3;5;0;2;1;3;2;0;0;2;0;0;0;0;1;4;1;1;0;0;32;23;3;3;10;2;6;0;3;0;0;3;0;1;0;0;0;0;0;1;6;0;1;2;0;1;0;4;3;2;0;4;0;0;0;0;0;0;0;0;39;5;6;5;2;2;0;1;1;3;0;0;0;1;3;3;0;0;0;5;4;0;0;0;0;2;0;0;0;1;0
8;"Szkoła Podstawowa w Dmosinie, Dmosin Pierwszy 1C, 95-061 Dmosin";102103;"gm. Dmosin";"brzeziński";"łódzkie";1;1;0;1;0;0;0;0;0;0;0;1;0;0;0;0;0;0;0;1;1;13;2;10;2;6;0;0;2;0;1;0;0;2;0;1;2;0;1;3;1;5;9;1;0;0;0;0;0;1;3;1;0;0;0;0;0;0;1;0;0;23;53;8;12;23;23;9;0;3;1;1;2;1;0;0;3;0;0;0;6;5;1;0;2;1;0;0;2;6;0;2;1;1;0;2;0;0;0;0;0;26;5;3;1;5;1;1;0;0;1;0;2;0;0;0;0;1;0;0;3;0;0;1;0;0;1;0;0;0;0;0
9;"Strażnica OSP w Kołacinku, Kołacinek 22A, 95-061 Dmosin";102103;"gm. Dmosin";"brzeziński";"łódzkie";1;1;0;0;0;0;0;0;0;0;0;0;0;0;0;0;0;0;0;0;0;5;1;5;1;1;0;0;0;2;0;0;0;0;0;1;0;0;0;0;1;3;1;0;0;0;0;0;0;1;0;0;0;0;0;1;0;2;0;0;0;8;29;0;5;4;19;10;2;0;0;1;4;0;0;0;0;0;0;0;0;6;0;0;0;0;0;0;4;0;1;0;0;0;0;0;0;0;0;0;0;7;2;0;1;0;0;0;0;0;2;0;1;0;0;2;0;0;0;0;0;0;0;0;0;0;0;0;0;0;0;0
1;"Zespół Szkolno-Przedszkolny w Jeżowie (mała sala gimnastyczna), ul. Wojska Polskiego 2, 95-047 Jeżów";102104;"gm. Jeżów";"brzeziński";"łódzkie";1;1;2;0;1;0;0;0;0;0;0;2;1;0;0;0;0;0;0;1;0;3;0;2;0;32;0;0;2;1;1;0;0;0;0;0;0;0;0;0;0;7;1;1;0;0;1;0;0;0;0;0;0;0;0;0;0;0;0;0;1;16;64;2;3;15;0;7;0;0;1;0;0;0;0;0;0;0;1;1;2;14;0;0;0;0;0;0;4;0;0;0;0;1;0;0;0;0;1;0;0;23;2;0;1;2;0;2;0;2;0;0;2;0;0;0;1;0;0;0;0;0;0;0;0;0;2;0;0;0;0;0
2;"Zespół Szkolno-Przedszkolny w Jeżowie (sala nr 1 w Szkole Podstawowej), ul. Wojska Polskiego 2, 95-047 Jeżów";102104;"gm. Jeżów";"brzeziński";"łódzkie";1;1;2;0;0;0;0;0;0;0;0;0;1;0;0;2;0;0;0;0;0;4;1;2;0;41;0;0;0;0;2;0;0;2;0;0;0;2;1;1;0;0;5;1;1;0;1;0;0;0;2;0;0;0;0;1;0;0;0;0;0;18;70;9;3;15;4;13;2;0;1;0;1;1;0;0;1;0;0;0;0;7;0;1;1;1;0;0;0;1;0;0;1;0;0;1;0;0;0;0;0;23;8;3;0;2;1;4;0;0;3;0;2;0;0;2;0;0;0;0;0;2;0;0;0;2;0;3;0;1;0;0
3;"Zespół Szkolno-Przedszkolny w Jeżowie (sala nr 5 w Szkole Podstawowej), ul. Wojska Polskiego 2, 95-047 Jeżów";102104;"gm. Jeżów";"brzeziński";"łódzkie";1;1;1;0;1;0;0;0;0;1;0;2;1;0;0;0;0;0;0;0;0;5;3;10;1;42;1;1;0;0;0;0;1;1;0;0;0;0;0;0;0;6;2;0;1;1;0;0;0;0;1;0;0;0;0;0;0;0;0;0;0;16;51;2;5;14;6;5;1;1;0;0;1;0;0;1;0;0;0;0;4;11;0;2;2;1;0;0;1;4;0;0;1;0;0;0;0;0;0;0;0;34;8;2;0;2;0;3;0;0;0;0;2;0;0;0;0;0;0;0;0;4;0;0;0;0;0;0;0;0;0;0
4;"Dom Pomocy Społecznej w Dąbrowie, Dąbrowa 1, 95-047 Jeżów";102104;"gm. Jeżów";"brzeziński";"łódzkie";1;1;2;0;2;0;0;0;0;1;0;0;0;0;0;0;0;0;0;1;0;3;0;3;0;18;0;2;0;0;0;0;0;0;1;0;0;0;0;0;0;1;1;0;0;0;1;0;0;0;0;0;0;0;0;0;0;0;0;0;0;14;71;1;5;19;1;7;0;0;1;2;2;0;0;1;1;0;0;0;0;10;2;1;2;2;0;0;0;1;0;0;2;0;0;0;0;0;0;0;0;3;0;0;0;0;0;0;0;0;0;0;2;0;0;0;0;0;0;0;1;2;0;0;0;1;0;0;0;0;0;0
5;"Świetlica Wiejska w Przybyszycach, Przybyszyce 35, 95-047 Jeżów";102104;"gm. Jeżów";"brzeziński";"łódzkie";1;1;0;1;1;0;0;0;0;1;0;0;0;0;0;0;0;0;0;1;0;8;0;4;0;16;0;0;0;1;0;1;0;0;0;0;0;0;0;1;1;1;4;0;0;0;0;0;0;0;0;0;0;0;0;0;0;0;0;0;0;7;32;3;0;3;2;2;0;0;0;2;1;0;0;0;0;0;0;1;3;2;0;0;1;1;2;0;0;0;0;0;0;0;0;0;0;0;0;0;1;14;1;0;1;0;0;0;0;1;0;0;0;0;0;0;0;0;0;0;1;1;0;0;0;0;0;0;0;0;0;0
6;"Urząd Miejski w Jeżowie (sala konferencyjna), ul. Kwiatowa 1, 95-047 Jeżów";102104;"gm. Jeżów";"brzeziński";"łódzkie";1;1;0;1;0;0;0;0;0;0;0;0;0;0;0;0;0;0;0;0;1;2;1;8;0;32;0;0;0;1;0;1;0;0;0;0;1;0;0;0;0;1;6;1;0;0;0;0;0;0;0;1;0;0;0;1;0;0;0;0;1;2;53;2;5;24;4;6;2;1;0;0;2;0;0;0;0;0;0;0;1;10;1;0;0;0;2;0;2;0;0;0;0;0;0;1;0;0;0;0;1;7;6;0;3;5;1;0;0;0;1;0;4;0;0;1;0;0;0;0;3;0;0;0;0;0;0;0;0;0;0;0
7;"Świetlica Wiejska w Górze, Góra 21, 95-047 Jeżów";102104;"gm. Jeżów";"brzeziński";"łódzkie";1;1;0;0;0;0;0;0;0;0;0;0;0;0;0;0;0;0;0;0;0;7;1;4;2;34;1;0;0;0;0;0;0;0;0;0;0;0;0;0;0;2;1;0;0;2;0;0;0;0;0;0;0;1;0;0;0;0;0;0;0;16;57;1;2;10;3;5;2;1;0;0;0;0;0;0;0;1;0;0;0;9;0;0;0;0;0;0;0;0;0;2;0;1;0;0;0;1;0;0;0;10;1;1;1;3;0;1;0;0;0;0;2;0;0;0;0;0;0;0;0;1;0;0;0;0;0;0;0;0;0;0
8;"Zespół Szkolno-Przedszkolny w Jeżowie (sala Nr 2 w Szkole Podstawowej), ul. Wojska Polskiego 2, 95-047 Jeżów";102104;"gm. Jeżów";"brzeziński";"łódzkie";1;1;1;1;0;1;0;0;1;0;0;1;0;0;0;0;0;0;0;1;1;5;1;2;0;28;0;0;0;0;0;0;0;0;0;0;0;0;1;0;0;6;1;0;0;0;1;0;0;0;0;1;0;2;0;0;1;0;0;0;0;25;111;2;7;25;7;5;0;2;1;1;6;3;1;0;2;0;0;0;3;6;0;0;0;2;1;0;2;2;1;0;1;0;1;1;0;0;0;0;1;5;0;0;0;1;3;2;0;1;0;0;2;0;0;1;1;0;0;0;0;2;0;1;0;0;0;0;0;0;0;0
9;"Sala OSP w Rewicy, Rewica 24, 95-047 Jeżów";102104;"gm. Jeżów";"brzeziński";"łódzkie";1;1;1;0;0;0;0;0;0;0;0;0;0;0;1;0;0;0;0;1;0;2;0;0;1;5;0;0;0;0;0;0;0;0;0;0;0;0;0;0;0;0;1;1;0;0;0;0;0;0;0;0;0;0;0;0;0;0;0;0;0;8;40;1;2;6;3;3;2;0;0;0;2;0;0;0;0;0;0;0;0;3;0;0;0;1;0;0;0;0;0;0;0;0;0;0;0;0;0;0;0;1;3;1;0;1;0;0;0;2;0;0;1;1;0;1;0;0;0;0;0;0;0;0;1;1;0;0;0;0;0;0
10;"Dom Pomocy Społecznej w Dąbrowie, Dąbrowa 1, 95-047 Jeżów";102104;"gm. Jeżów";"brzeziński";"łódzkie";1;1;0;0;0;0;0;0;0;0;0;0;0;0;0;0;0;0;0;0;0;0;0;0;0;0;0;0;0;0;0;0;0;0;0;0;0;0;0;0;0;0;0;0;0;0;0;0;0;0;0;0;0;0;0;0;0;0;0;0;0;0;0;0;0;46;1;3;0;0;0;0;0;0;0;0;0;0;0;0;0;0;0;0;0;0;0;0;0;0;0;0;0;0;0;0;0;0;0;0;0;0;0;0;0;0;0;0;0;0;0;0;0;0;0;0;0;0;0;0;0;0;0;0;0;0;0;0;0;0;0;0
1;"była Szkoła Podstawowa w Zacywilkach, Zacywilki 5, 95-063 Rogów";102105;"gm. Rogów";"brzeziński";"łódzkie";1;1;0;0;0;0;0;0;0;0;0;0;0;0;0;0;0;0;0;1;0;0;0;0;1;7;1;1;2;0;0;0;0;0;0;0;0;0;2;0;0;0;0;1;0;0;1;0;0;0;0;0;0;0;0;0;0;0;0;0;1;5;61;3;4;21;18;6;0;1;0;0;0;0;2;0;0;1;0;0;0;10;1;1;2;0;1;0;1;0;0;0;1;1;0;0;0;1;2;1;0;3;2;0;0;2;0;0;0;0;0;2;0;0;0;0;0;0;0;0;0;0;1;0;0;0;1;0;0;0;0;0
2;"Szkoła Podstawowa w Przyłęku Dużym, Przyłęk Duży 49, 95-063 Rogów";102105;"gm. Rogów";"brzeziński";"łódzkie";1;1;5;2;0;0;0;0;0;1;0;0;2;0;1;0;0;0;0;0;0;6;2;3;2;12;0;0;0;0;1;0;0;2;0;0;0;2;1;1;0;8;1;0;1;2;0;0;0;0;0;1;0;0;0;1;0;0;1;0;0;12;104;3;3;17;49;11;1;2;2;2;2;0;1;0;0;0;0;0;1;11;4;0;3;0;1;0;5;1;0;0;0;1;0;0;0;0;0;0;0;15;7;1;0;2;1;8;0;0;2;1;1;1;0;0;0;1;0;0;0;4;0;0;0;0;1;0;0;0;0;0
3;"Urząd Gminy w Rogowie (sala konferencyjna), ul. Żeromskiego 23, 95-063 Rogów";102105;"gm. Rogów";"brzeziński";"łódzkie";1;1;2;0;0;0;0;0;0;1;0;0;0;0;0;1;0;0;0;1;1;31;4;8;3;6;1;2;0;1;1;0;0;0;2;4;0;1;1;2;1;18;2;4;0;3;1;0;1;1;1;0;0;5;0;0;0;1;0;0;1;49;161;3;7;9;9;23;4;0;2;2;3;0;0;1;0;0;0;0;1;22;0;0;0;0;2;0;5;1;0;0;0;1;0;1;0;1;0;1;1;48;4;2;7;5;2;7;1;0;6;1;20;0;0;0;1;0;1;0;1;3;0;0;1;0;0;0;0;0;0;0
4;"Szkoła Podstawowa w Rogowie, ul. Szkolna 4, 95-063 Rogów";102105;"gm. Rogów";"brzeziński";"łódzkie";1;1;3;0;2;0;0;1;0;1;0;1;0;0;1;0;0;0;1;1;0;20;2;13;6;13;6;0;2;1;0;2;0;0;0;1;0;0;0;3;1;7;8;1;2;2;0;1;0;2;0;0;0;2;0;1;1;0;0;0;1;23;168;5;8;10;4;17;2;0;0;2;0;0;0;0;1;0;0;1;2;25;2;2;5;2;1;1;5;1;0;0;2;4;0;0;0;0;0;1;2;52;13;6;1;8;1;15;0;5;7;0;10;0;1;2;1;0;0;0;0;1;0;0;0;0;1;0;2;0;0;2
5;"Ochotnicza Straż Pożarna w Rogowie, ul. Strażacka 4, 95-063 Rogów";102105;"gm. Rogów";"brzeziński";"łódzkie";1;1;2;0;1;0;0;2;0;0;0;0;0;0;1;1;0;0;1;0;0;13;3;5;1;10;1;0;0;0;1;0;0;1;0;0;0;0;2;4;0;14;5;3;0;1;1;0;2;1;0;0;0;2;0;0;0;1;1;0;0;11;80;0;4;9;5;4;0;1;0;3;1;0;0;0;0;0;0;0;3;13;0;1;1;0;2;0;3;1;0;0;0;0;0;0;0;0;0;0;0;70;13;5;3;10;0;6;0;0;0;1;1;0;0;0;1;0;0;0;2;3;0;0;0;0;2;1;0;0;1;0
6;"Gminna Biblioteka Publiczna w Rogowie, ul. Wojska Polskiego 26, 95-063 Rogów";102105;"gm. Rogów";"brzeziński";"łódzkie";1;1;3;0;4;0;0;0;0;0;0;0;0;0;0;0;0;0;0;1;0;18;3;18;0;2;1;1;0;1;1;0;0;0;2;0;0;2;1;0;3;11;7;1;1;1;1;0;0;1;1;0;0;1;0;0;0;0;0;0;1;18;134;3;5;22;1;6;1;0;1;0;0;1;0;0;0;0;1;0;2;9;3;1;4;0;1;1;0;1;0;0;0;1;0;2;0;0;0;0;1;44;7;3;1;2;0;9;0;0;3;0;5;0;0;1;3;0;0;0;0;3;0;0;0;0;0;0;0;0;0;0
7;"Szkoła Podstawowa w Wągrach, Wągry 87, 95-063 Rogów";102105;"gm. Rogów";"brzeziński";"łódzkie";1;1;1;0;0;0;1;0;0;0;0;0;0;0;0;1;0;0;0;0;1;16;1;11;1;11;1;1;1;5;1;0;0;0;2;2;0;0;1;0;1;12;4;2;3;2;1;0;0;1;1;0;0;0;0;0;0;0;0;0;0;12;119;2;2;21;5;18;3;0;2;2;7;0;1;0;0;0;0;0;2;17;1;1;1;1;1;0;1;0;0;1;0;0;0;1;0;0;0;2;0;23;16;0;3;5;1;5;0;0;2;1;5;0;0;0;4;0;0;1;2;7;0;0;0;1;0;1;0;0;1;1
1;"Fitness Club Zielony Romanów, ul. Romanowska 55F, 91-174 Łódź";106101;"m. Łódź";"Łódź";"łódzkie";1;1;4;1;0;0;0;0;0;0;0;0;1;1;0;0;1;1;1;0;0;98;17;16;6;5;2;1;5;3;3;1;2;1;0;0;4;1;0;3;2;54;26;8;4;9;3;1;1;0;1;3;0;2;0;4;0;0;0;0;6;54;42;10;5;2;2;3;0;1;5;1;1;2;1;0;2;0;0;0;1;47;2;4;2;0;0;2;0;0;3;2;0;2;0;1;0;1;0;0;1;291;55;28;23;89;11;31;2;4;35;6;2;3;1;4;0;0;0;1;16;14;2;0;2;0;1;1;0;0;0;1
2;"Świetlica Ochotniczej Straży Pożarnej Łódź-Mikołajew, ul. Plonowa 18, 91-156 Łódź";106101;"m. Łódź";"Łódź";"łódzkie";1;1;11;1;2;0;2;0;0;0;0;1;0;0;1;1;0;0;0;2;1;148;33;28;13;6;8;5;13;4;7;10;2;6;0;0;1;5;5;3;6;98;46;18;8;7;4;4;0;4;2;1;1;4;0;1;0;0;3;1;6;149;198;32;49;4;18;22;14;5;5;1;1;1;2;5;1;0;0;0;8;61;3;11;9;0;0;8;0;2;1;4;1;1;1;6;0;1;1;1;1;499;98;22;20;192;18;68;7;4;44;12;5;5;4;12;0;1;0;1;34;23;7;3;0;2;0;0;0;0;1;2
3;"XV Liceum Ogólnokształcące im. Jana Kasprowicza, ul. Traktorowa 77, 91-204 Łódź";106101;"m. Łódź";"Łódź";"łódzkie";1;1;0;0;1;1;0;0;0;1;0;0;1;0;0;1;0;1;0;0;1;19;3;7;4;2;1;1;0;0;0;0;0;2;0;0;3;1;0;0;1;26;13;3;3;0;4;0;1;2;1;2;0;0;0;2;1;0;0;0;3;39;65;16;10;3;6;5;2;1;0;0;4;0;0;1;3;0;0;0;2;18;1;1;2;1;0;0;0;0;1;1;0;2;0;0;1;1;0;2;1;97;27;13;7;28;0;8;1;2;13;0;0;1;1;2;0;1;0;2;4;0;0;1;0;0;0;0;1;0;0;1
4;"Laboratorium Produkcji Ogrodniczej w Zespole Szkół Rzemiosła im. Jana Kilińskiego, ul. Liściasta 181, 91-220 Łódź";106101;"m. Łódź";"Łódź";"łódzkie";1;1;6;0;1;0;0;0;0;0;1;0;0;0;0;0;0;0;0;0;1;37;9;6;4;1;2;1;1;2;1;1;1;0;0;0;0;0;2;0;1;31;13;1;0;3;2;0;0;1;3;0;4;9;0;0;0;0;0;0;1;53;43;28;15;1;14;5;3;2;4;0;1;3;5;1;0;1;0;0;4;17;2;1;3;1;0;3;0;0;1;0;2;1;0;0;0;0;0;0;1;126;37;9;7;53;4;13;2;0;10;6;1;1;2;2;1;1;1;1;5;4;1;0;0;2;0;1;0;0;0;0
5;"Szkoła Podstawowa nr 48 im. Stanisława Moniuszki, ul. Rydzowa 15, 91-211 Łódź";106101;"m. Łódź";"Łódź";"łódzkie";1;1;6;1;2;0;1;0;0;0;1;0;0;1;0;1;0;0;0;1;0;100;24;10;10;5;12;5;4;0;4;5;1;1;1;1;5;2;2;1;3;90;34;26;10;18;5;2;0;3;4;7;2;4;1;5;0;0;2;0;9;151;133;51;44;2;19;9;6;0;5;5;4;6;2;1;2;0;1;0;15;54;2;5;7;0;1;1;1;0;3;0;1;1;0;0;0;0;0;0;4;454;96;21;33;128;15;56;2;3;29;14;0;1;0;20;2;2;1;1;18;5;2;9;1;1;1;0;0;1;0;0
6;"Szkoła Podstawowa nr 71 im. Henryka Sienkiewicza, ul. Rojna 58C, 91-134 Łódź";106101;"m. Łódź";"Łódź";"łódzkie";1;1;4;0;1;0;0;0;1;2;0;0;3;0;0;3;1;1;2;0;0;103;26;11;22;6;5;0;3;1;6;2;1;6;1;0;2;1;0;0;3;123;36;17;13;9;4;3;0;8;0;1;3;5;0;3;3;1;0;0;7;168;150;41;47;5;14;5;27;2;12;4;3;2;3;2;1;0;0;0;10;42;3;2;7;1;0;2;3;1;6;2;0;3;0;0;0;0;3;0;3;506;98;34;24;144;21;79;3;1;33;14;3;4;3;9;2;0;1;5;31;10;1;1;1;2;1;0;0;0;0;0
7;"Szkoła Podstawowa nr 48 im. Stanisława Moniuszki, ul. Rydzowa 15, 91-211 Łódź";106101;"m. Łódź";"Łódź";"łódzkie";1;1;6;1;5;2;1;0;0;3;0;0;1;0;0;1;0;0;0;1;0;88;24;13;14;2;8;0;6;3;2;2;0;1;1;0;2;2;1;1;2;91;32;11;6;20;5;0;1;3;2;4;2;1;0;2;1;0;6;0;2;120;147;35;52;7;8;12;7;3;2;8;6;4;2;0;2;1;1;0;4;46;3;7;6;1;1;2;1;1;3;2;1;2;1;0;0;0;1;0;4;349;75;26;17;97;9;43;2;2;28;6;3;2;2;3;3;0;0;2;31;11;0;1;1;2;0;1;1;0;1;2
8;"Szkoła Podstawowa nr 84, ul. Wici 16, 91-213 Łódź";106101;"m. Łódź";"Łódź";"łódzkie";1;1;3;2;3;0;1;0;0;1;2;0;3;0;1;3;1;0;0;2;3;105;31;11;16;6;5;4;5;3;5;3;1;4;2;1;3;1;3;1;3;146;33;18;5;29;8;2;0;6;6;3;1;3;1;1;1;0;1;0;10;163;166;49;58;5;15;12;19;7;6;8;3;7;3;1;3;0;1;0;13;63;5;1;9;4;1;4;5;1;2;1;4;5;0;1;1;0;0;0;3;465;103;29;30;115;15;48;4;3;29;4;4;0;0;12;0;1;0;3;25;6;1;0;4;4;0;0;0;1;0;0
9;"Szkoła Podstawowa nr 71 im. Henryka Sienkiewicza, ul. Rojna 58C, 91-134 Łódź";106101;"m. Łódź";"Łódź";"łódzkie";1;1;1;0;0;0;1;0;1;1;1;0;1;0;0;2;0;0;0;1;0;66;14;7;7;3;1;2;2;2;1;1;0;0;0;0;0;0;2;1;3;64;19;11;3;15;3;1;0;0;1;1;1;3;0;2;2;0;0;0;3;79;89;24;24;4;6;11;13;3;6;7;3;2;0;1;0;1;0;0;4;25;1;1;2;1;0;0;2;0;1;3;1;2;0;2;0;0;2;1;3;242;59;16;17;72;2;30;1;2;18;3;1;0;0;6;1;1;0;0;16;3;0;1;2;0;0;0;0;0;0;0
10;"Szkoła Podstawowa nr 84, ul. Wici 16, 91-213 Łódź";106101;"m. Łódź";"Łódź";"łódzkie";1;1;4;1;1;0;0;0;1;1;0;0;3;0;1;3;0;0;0;0;0;85;10;16;10;6;1;1;2;3;5;1;0;0;2;1;2;1;3;1;3;99;24;19;12;18;2;2;4;2;5;2;0;3;0;1;2;1;0;0;2;148;115;35;26;5;16;20;4;4;5;5;0;7;0;3;1;0;1;2;17;54;2;1;4;1;0;1;0;0;0;0;1;3;0;1;0;1;0;1;2;314;83;22;11;90;7;39;2;0;32;4;1;1;2;6;0;4;1;0;28;15;0;2;1;2;1;0;0;0;0;0
11;"Szkoła Podstawowa nr 3 im. mjr. Henryka Dobrzańskiego ""Hubala"", al. Harcerzy - Zatorowców 6, 91-144 Łódź";106101;"m. Łódź";"Łódź";"łódzkie";1;1;6;0;6;1;1;0;1;2;1;0;1;2;0;0;1;1;1;1;0;113;29;16;11;2;8;5;5;4;2;1;2;1;2;0;1;1;6;2;5;109;32;22;11;14;3;1;0;1;3;3;1;5;0;3;2;0;0;1;10;177;163;46;36;11;20;9;12;1;6;1;1;2;2;1;4;0;1;0;10;54;5;3;9;2;0;1;0;2;0;0;0;3;0;0;0;3;0;2;1;417;110;33;28;135;13;61;8;3;32;10;4;0;1;7;1;2;1;1;39;8;2;1;0;0;1;1;0;1;2;1
12;"Przedszkole Miejskie nr 141, al. Pasjonistów 15, 91-140 Łódź";106101;"m. Łódź";"Łódź";"łódzkie";1;1;1;0;3;1;0;1;0;0;0;1;1;0;0;0;1;0;0;6;0;64;14;6;11;0;4;0;5;2;2;0;2;4;0;1;1;0;1;1;3;70;23;10;7;5;3;0;1;0;2;1;3;1;0;1;0;0;1;0;5;101;92;38;27;6;8;12;8;4;5;4;5;4;2;0;2;1;1;1;4;50;4;2;6;1;2;1;2;4;1;1;2;1;0;2;1;0;1;1;1;267;57;9;8;76;2;39;3;6;22;6;1;1;0;3;1;2;0;4;8;9;0;2;0;1;1;0;0;1;0;0
13;"Przedszkole Miejskie nr 123, ul. Rojna 24, 91-134 Łódź";106101;"m. Łódź";"Łódź";"łódzkie";1;1;3;0;2;0;1;0;1;0;1;0;0;1;0;1;2;1;0;0;1;41;5;11;3;4;3;1;1;4;1;0;1;4;1;0;1;0;0;0;0;41;17;7;6;7;6;1;1;1;1;0;1;1;0;2;1;0;2;2;1;53;66;21;15;1;7;11;11;0;4;0;2;3;0;2;2;0;1;2;2;26;0;2;2;1;0;0;0;0;0;0;2;3;0;0;0;0;1;1;0;139;34;11;13;43;1;23;1;0;19;1;2;0;0;4;0;0;0;1;9;14;0;0;2;1;0;1;0;0;0;0
14;"Dom Dziennego Pobytu dla Osób Niepełnosprawnych, ul. Rojna 18A, 91-128 Łódź";106101;"m. Łódź";"Łódź";"łódzkie";1;1;9;0;0;0;0;0;0;0;0;1;2;1;2;0;0;0;0;1;1;71;23;9;12;8;4;2;7;1;1;1;0;5;2;1;0;1;1;0;4;86;32;13;15;12;3;2;2;1;3;0;0;5;0;3;3;0;2;2;8;107;131;35;25;6;8;11;9;7;4;0;0;7;2;1;0;0;1;1;4;37;5;3;5;0;2;0;2;4;1;1;2;3;0;0;0;0;0;2;4;278;60;24;17;77;6;37;2;1;52;5;1;1;1;9;2;2;0;1;14;10;3;2;2;0;0;0;0;1;0;0
15;"Szkoła Podstawowa nr 182 im. Tadeusza Zawadzkiego ""Zośki"", ul. Łanowa 16, 91-103 Łódź";106101;"m. Łódź";"Łódź";"łódzkie";1;1;7;2;4;0;2;2;2;1;0;1;0;0;0;0;0;0;2;4;1;106;24;17;14;5;8;2;4;4;1;1;2;2;2;1;4;4;0;2;4;91;32;33;20;9;3;4;0;2;1;5;2;5;2;7;0;0;0;1;3;124;172;45;44;1;24;22;16;7;4;10;10;4;2;3;2;1;1;1;14;71;4;11;8;0;2;1;0;3;1;1;1;4;0;0;0;1;1;2;2;422;74;30;21;98;25;56;3;4;40;6;3;3;3;13;1;5;0;2;17;11;0;1;1;0;1;0;2;0;0;2
16;"Szkoła Podstawowa nr 182, ul. Łanowa 16, 91-103 Łódź";106101;"m. Łódź";"Łódź";"łódzkie";1;1;3;0;0;0;0;1;0;0;0;1;0;1;0;0;1;0;1;0;0;40;9;10;6;3;3;2;0;0;3;0;0;0;0;2;0;1;3;2;1;51;17;9;5;4;2;0;0;4;2;1;1;3;1;2;0;0;3;1;7;57;58;20;17;5;12;2;8;0;2;3;6;2;3;3;0;1;0;0;4;14;4;0;8;0;0;0;0;0;0;1;1;0;0;1;0;0;0;0;0;172;37;15;13;38;6;23;5;1;18;3;0;1;0;1;0;2;1;3;7;3;0;1;0;0;0;0;0;0;0;1
17;"Szkoła Podstawowa nr 182, im. Tadeusza Zawadzkiego „Zośki”, ul. Traktorowa 35, 91-117 Łódź";106101;"m. Łódź";"Łódź";"łódzkie";1;1;4;0;2;0;0;2;0;0;1;0;0;0;0;0;0;0;1;1;2;80;10;12;11;3;6;0;8;2;3;1;0;2;5;0;3;0;2;2;4;81;27;15;6;7;3;2;2;3;1;2;0;1;0;1;2;1;0;0;2;97;105;41;26;7;7;9;5;4;1;5;1;2;4;3;0;0;0;1;7;39;4;4;7;0;0;1;1;3;1;0;1;0;0;1;0;0;0;0;0;229;53;10;11;51;3;30;2;1;28;12;3;1;1;8;0;0;1;0;15;6;0;0;1;0;0;0;1;0;0;0
18;"Szkoła Podstawowa Specjalna nr 168, ul. Plantowa 7, 91-104 Łódź";106101;"m. Łódź";"Łódź";"łódzkie";1;1;3;1;3;1;3;2;0;1;1;0;0;1;0;2;1;0;1;0;3;69;28;14;8;1;5;4;7;3;2;0;1;0;1;1;1;1;2;1;4;89;24;9;7;15;2;4;0;0;2;1;0;2;0;3;1;0;2;2;7;115;120;35;26;9;13;11;10;3;6;2;3;2;0;4;3;0;0;0;6;35;6;2;4;3;1;1;0;0;0;1;2;5;0;0;0;1;0;2;3;302;55;15;19;66;3;30;1;3;27;5;0;3;2;6;0;2;1;0;18;5;0;2;0;0;0;0;0;0;0;2
19;"Szkoła Podstawowa nr 56 im. Bronisława Czecha, ul. Turoszowska 10, 91-025 Łódź";106101;"m. Łódź";"Łódź";"łódzkie";1;1;7;2;4;2;1;0;0;1;0;1;0;0;0;0;0;0;0;1;0;124;17;8;17;1;6;6;3;2;3;1;2;1;0;0;3;1;1;0;5;87;37;19;18;15;7;4;0;3;3;4;0;2;0;6;0;1;3;1;1;156;166;49;58;4;15;5;12;1;1;3;4;3;3;4;2;0;0;0;12;47;8;4;2;0;2;0;0;2;0;2;1;1;0;2;0;1;1;1;0;384;95;17;26;107;7;47;3;2;39;2;4;4;2;0;0;2;4;3;14;7;1;1;0;2;3;2;0;1;0;1
20;"Szkoła Podstawowa nr 56 im. Bronisława Czecha, ul. Turoszowska 10, 91-025 Łódź";106101;"m. Łódź";"Łódź";"łódzkie";1;1;3;2;1;1;1;0;1;0;20;0;0;0;1;2;1;0;2;1;0;84;15;17;8;2;1;3;2;2;6;1;0;6;0;2;3;1;3;1;0;78;47;9;13;8;9;3;2;4;3;2;0;4;0;2;0;1;2;1;5;113;122;31;33;8;12;15;9;5;5;6;10;2;2;4;2;0;0;0;4;46;7;2;7;4;0;2;1;0;2;2;2;3;1;0;0;1;0;0;1;294;62;20;17;77;8;39;1;4;43;2;3;2;1;8;0;1;0;2;16;2;3;0;1;3;0;2;1;1;1;1
21;"Zespół Szkół Rzemiosła im. Jana Kilińskiego, ul. Żubardzka 26, 91-032 Łódź";106101;"m. Łódź";"Łódź";"łódzkie";1;1;7;0;3;1;1;0;1;3;0;0;0;0;2;0;0;1;1;1;0;108;25;11;13;9;9;4;8;7;3;3;1;3;1;2;3;0;1;2;3;141;40;31;6;11;4;6;1;6;2;3;2;7;0;10;2;0;1;1;11;175;158;64;42;3;22;17;8;3;5;5;5;1;3;1;2;0;0;0;5;58;7;5;6;1;0;1;0;3;3;3;4;0;1;1;0;1;1;1;2;425;115;26;29;139;7;71;3;3;82;10;2;1;4;8;0;1;3;0;17;4;1;0;0;1;0;0;1;1;0;0
22;"Szkoła Podstawowa nr 122, ul. Jesionowa 38, 91-363 Łódź";106101;"m. Łódź";"Łódź";"łódzkie";1;1;7;0;5;1;0;0;1;1;1;0;3;0;1;2;0;0;1;3;3;103;21;19;10;2;10;1;9;2;7;0;0;6;2;1;3;1;2;0;8;120;26;24;4;20;11;4;0;1;2;2;2;6;0;7;1;1;2;2;14;183;204;71;41;7;21;20;13;5;5;3;2;5;2;1;0;0;0;0;16;80;5;6;4;5;0;0;0;1;0;2;1;1;0;0;0;4;1;0;1;424;106;44;40;128;14;91;5;5;43;18;0;1;6;12;0;2;2;2;19;13;0;2;3;1;1;0;0;0;1;1
23;"Szkoła Podstawowa nr 122, ul. Jesionowa 38, 91-363 Łódź";106101;"m. Łódź";"Łódź";"łódzkie";1;1;8;0;1;0;2;0;1;1;3;1;0;0;0;1;0;0;2;1;0;119;37;15;19;5;7;5;5;1;3;0;2;6;2;1;1;0;1;3;3;110;41;31;6;18;1;1;2;2;2;0;0;12;1;5;1;2;2;1;4;151;125;41;29;9;13;10;4;4;3;1;1;1;2;3;1;0;1;2;17;74;4;2;4;2;0;0;2;1;1;1;0;2;1;0;0;1;0;1;2;463;125;33;34;144;28;53;3;1;38;12;3;4;7;12;2;1;1;2;44;12;1;3;0;1;1;0;0;0;1;1
24;"XLII Liceum Ogólnokształcące im. Ireny Sendlerowej, ul. Stawowa 28, 91-358 Łódź";106101;"m. Łódź";"Łódź";"łódzkie";1;1;7;3;1;0;1;0;0;3;0;0;0;0;1;1;0;1;0;0;0;109;31;22;24;9;8;0;5;3;5;2;2;20;1;2;3;1;4;2;3;126;41;18;12;14;6;4;4;2;0;1;0;7;0;10;0;1;1;0;10;189;130;63;51;4;35;13;14;5;10;5;6;7;3;4;0;0;1;0;8;57;9;6;5;2;4;1;1;5;3;1;0;6;0;1;0;1;0;0;0;431;92;29;37;137;11;68;3;0;41;9;5;0;1;5;0;6;4;3;38;19;0;0;0;1;0;3;0;3;3;1
25;"XLII Liceum Ogólnokształcące im. Ireny Sendlerowej, ul. Stawowa 28, 91-358 Łódź";106101;"m. Łódź";"Łódź";"łódzkie";1;1;3;1;0;0;1;0;0;0;0;0;0;1;0;0;0;0;0;0;0;94;17;13;13;1;3;2;1;1;0;3;1;3;0;0;0;1;2;3;0;74;15;5;8;7;7;0;1;2;1;1;1;10;0;2;2;3;2;0;2;104;78;19;12;0;11;3;0;0;1;1;4;1;0;0;0;0;0;0;13;34;2;0;3;3;0;1;0;0;0;2;3;2;1;0;0;2;2;0;0;288;66;20;19;92;4;38;4;1;28;5;3;3;0;17;0;0;0;1;22;4;0;0;0;2;0;1;0;1;1;2
26;"XXX Liceum Ogólnokształcące im. Ks. Biskupa Ignacego Krasickiego, ul. gen. Józefa Sowińskiego 50/56, 91-485 Łódź";106101;"m. Łódź";"Łódź";"łódzkie";1;1;2;0;2;0;0;0;0;2;0;0;0;0;0;1;0;1;1;0;3;155;42;46;24;9;9;1;5;3;6;4;5;8;0;2;2;1;8;1;3;140;57;30;13;16;12;4;1;4;3;4;2;6;0;7;1;3;0;2;14;161;159;53;47;2;25;11;6;8;4;2;1;1;5;3;1;0;0;0;6;69;5;0;6;1;0;7;1;3;2;2;1;2;0;1;0;1;1;0;4;521;112;27;25;169;19;106;6;5;41;8;4;1;0;15;2;0;3;3;33;11;1;3;0;1;0;0;0;0;0;0
27;"Szkoła Podstawowa nr 206 im. Łódzkich Włókniarek, ul. Łozowa 9, 91-496 Łódź";106101;"m. Łódź";"Łódź";"łódzkie";1;1;5;2;5;2;2;0;0;4;0;0;0;0;0;1;0;0;0;2;0;101;31;19;27;4;12;3;5;2;3;0;2;6;0;0;4;3;3;2;9;108;40;9;6;12;3;4;1;3;2;1;2;1;0;4;1;0;1;0;12;166;155;43;41;7;22;5;8;5;7;1;6;9;1;2;9;1;0;1;11;51;8;4;5;0;1;1;1;0;0;1;3;3;0;0;0;0;2;0;2;440;120;22;26;135;11;74;0;4;41;7;7;2;1;13;5;5;3;0;19;12;3;1;1;0;0;0;1;1;2;0
28;"Szkoła Podstawowa nr 184 im. Ludwika Waryńskiego, ul. Syrenki 19A, 91-496 Łódź";106101;"m. Łódź";"Łódź";"łódzkie";1;1;5;2;3;1;1;0;0;2;1;0;0;0;0;2;1;1;0;0;0;79;23;13;11;2;6;2;3;1;5;0;0;6;0;0;2;0;3;1;3;79;31;19;7;10;1;1;4;2;0;2;1;5;0;3;1;0;2;0;12;136;125;36;21;0;19;9;7;2;3;2;7;3;1;1;1;0;2;0;6;44;2;2;3;0;0;0;1;1;0;1;0;3;0;0;0;0;0;1;1;261;92;20;17;76;4;49;3;2;20;6;2;1;4;11;2;0;2;0;12;7;1;0;1;0;0;0;0;0;0;0
29;"Szkoła Podstawowa nr 184 im. Ludwika Waryńskiego, ul. Syrenki 19A, 91-496 Łódź";106101;"m. Łódź";"Łódź";"łódzkie";1;1;6;0;2;1;0;1;1;1;2;0;3;0;0;1;0;1;2;0;0;107;31;18;17;9;5;1;6;3;3;1;2;3;2;3;1;0;1;0;3;125;41;18;5;23;6;0;1;2;1;3;1;5;1;1;1;1;2;1;4;169;150;52;34;3;28;9;13;2;0;3;1;3;0;2;1;1;0;2;7;42;6;6;2;2;1;1;0;1;1;1;0;3;0;2;0;0;0;0;1;396;102;37;29;137;16;73;2;4;33;6;5;0;0;14;1;3;0;1;17;7;2;0;1;2;1;1;0;4;0;0
30;"Szkoła Podstawowa nr 184 im. Ludwika Waryńskiego, ul. Syrenki 19A, 91-496 Łódź";106101;"m. Łódź";"Łódź";"łódzkie";1;1;1;2;3;0;0;0;0;0;1;0;0;0;1;0;0;1;2;2;0;74;12;8;7;4;7;3;3;1;4;1;0;6;0;1;1;0;1;0;1;77;22;13;2;13;2;1;1;1;4;0;0;2;0;1;0;1;4;1;4;136;126;34;29;0;8;3;17;9;6;7;7;2;0;2;1;2;0;2;4;36;2;5;3;2;1;0;3;0;0;0;2;1;0;2;0;1;1;0;1;260;71;20;21;64;18;43;1;0;24;8;2;0;3;5;0;0;0;0;9;11;0;0;2;0;2;0;0;1;1;0
31;"Przedszkole Miejskie nr 231, ul. Syrenki 19A, 91-496 Łódź";106101;"m. Łódź";"Łódź";"łódzkie";1;1;7;1;2;0;0;1;0;1;0;0;2;0;1;0;0;1;0;3;1;63;14;9;9;4;3;0;3;3;5;0;0;3;0;0;2;2;2;1;2;58;29;13;6;10;8;5;0;1;1;1;0;2;0;3;3;0;1;1;3;115;103;49;22;4;16;10;5;0;1;1;1;1;2;2;1;1;0;0;8;47;1;4;6;0;2;1;0;0;0;3;2;1;1;1;0;1;0;1;1;226;49;14;15;58;7;30;3;8;17;3;1;3;0;6;0;0;3;1;26;9;0;0;0;0;0;1;0;0;0;0
32;"Szkoła Podstawowa nr 206 im. Łódzkich Włókniarek, ul. Łozowa 9, 91-496 Łódź";106101;"m. Łódź";"Łódź";"łódzkie";1;1;6;1;0;1;0;0;0;3;0;1;0;0;0;0;1;0;0;1;1;161;37;22;18;7;14;3;4;4;3;3;2;1;2;0;4;0;3;1;3;112;43;27;10;15;5;3;1;3;0;1;0;3;1;3;1;0;0;4;5;175;175;33;32;4;27;4;0;4;6;4;2;3;0;3;3;1;0;1;18;38;8;5;5;0;0;0;0;3;0;3;0;3;0;2;0;1;1;1;0;436;134;17;33;172;6;72;3;7;32;8;3;5;4;17;1;3;1;0;43;8;0;1;1;2;1;1;0;0;0;0
33;"Szkoła Podstawowa nr 166 im. Akademii Pana Kleksa w Łodzi, ul. Szamotulska 1/7, 91-037 Łódź";106101;"m. Łódź";"Łódź";"łódzkie";1;1;2;0;5;1;0;2;0;0;0;1;0;0;0;1;0;0;0;1;1;136;35;27;20;2;10;4;6;6;11;2;1;2;0;4;6;1;2;1;2;132;54;33;8;18;8;4;2;4;0;5;2;3;1;7;1;2;3;2;9;210;149;59;54;8;10;17;11;3;2;4;1;4;4;0;1;0;0;1;9;68;6;7;3;0;3;3;1;1;2;1;1;1;0;1;0;1;0;2;2;444;139;28;27;114;13;78;2;3;54;6;3;1;2;11;1;3;0;2;30;16;0;0;2;1;2;0;0;0;0;1
34;"Zespół Szkół Samochodowych, ul. Bolesława Limanowskiego 124A, 91-041 Łódź";106101;"m. Łódź";"Łódź";"łódzkie";1;1;3;2;3;0;2;2;1;2;0;0;0;0;0;1;0;0;0;0;1;79;18;20;12;9;8;1;8;1;6;4;2;0;0;1;4;3;4;1;3;83;43;26;5;8;10;2;1;2;2;5;3;2;0;2;3;1;1;1;4;127;99;41;30;4;13;6;7;6;7;3;4;1;4;0;1;2;1;1;10;37;3;3;3;0;0;2;0;2;0;1;3;2;0;3;1;0;0;0;1;330;64;10;20;71;8;46;1;2;28;3;1;1;0;9;1;2;0;0;26;13;1;4;2;1;0;0;1;0;0;0
35;"Zespół Szkół Samochodowych, ul. Wojciecha Kilara 3/5, 91-335 Łódź";106101;"m. Łódź";"Łódź";"łódzkie";1;1;3;0;4;2;0;0;1;0;0;0;1;0;1;0;0;1;2;0;0;67;19;10;9;8;6;1;3;2;2;0;2;1;2;1;2;0;2;3;2;59;20;10;7;8;4;6;1;2;0;3;2;0;0;0;0;0;1;1;3;87;111;23;31;7;5;8;6;4;3;5;0;4;13;0;3;0;0;0;6;54;1;3;3;0;0;5;3;2;2;0;0;4;1;0;0;2;0;1;0;287;65;21;22;56;5;44;1;2;32;3;3;0;0;5;0;2;0;1;16;5;0;1;0;2;0;1;1;0;0;4
36;"Zespół Szkół Ekonomiczno-Turystyczno-Hotelarskich im. Władysława Grabskiego, ul. Drewnowska 171, 91-008 Łódź";106101;"m. Łódź";"Łódź";"łódzkie";1;1;0;1;0;1;0;0;0;0;0;0;0;0;0;0;0;0;0;0;0;27;6;4;4;2;4;1;3;1;1;0;0;2;0;1;0;0;1;0;1;32;9;2;5;1;3;1;2;2;1;0;0;1;0;0;1;0;0;0;3;54;54;18;14;1;7;9;2;0;2;2;1;0;0;0;0;0;0;0;3;15;5;0;3;1;1;1;0;0;0;0;0;0;0;2;0;1;0;3;0;113;22;8;8;41;5;21;0;0;26;0;2;0;0;5;1;2;1;1;10;0;2;0;0;0;0;0;1;0;1;0
37;"Zespół Szkół Ekonomiczno-Turystyczno-Hotelarskich im. Władysława Grabskiego, ul. Drewnowska 171, 91-008 Łódź";106101;"m. Łódź";"Łódź";"łódzkie";1;1;4;0;1;0;0;0;0;0;0;0;1;0;0;0;0;0;0;0;0;44;11;9;5;2;0;1;2;0;2;0;2;1;1;0;0;0;3;1;1;37;22;8;3;7;0;2;1;0;2;4;0;3;0;2;1;0;4;0;5;75;49;12;19;3;8;6;6;3;2;3;0;1;3;2;0;0;0;0;2;17;1;1;1;1;1;0;1;0;1;0;0;1;0;2;0;0;2;1;2;139;45;11;19;53;6;27;0;0;23;6;0;1;0;6;2;0;0;0;13;7;1;1;1;1;1;0;0;0;1;1
38;"Szkoła Podstawowa nr 35 im. Mariana Piechala, ul. Generała Tadeusza Kutrzeby 4, 91-013 Łódź";106101;"m. Łódź";"Łódź";"łódzkie";1;1;5;0;1;1;0;1;1;1;0;0;0;0;1;2;0;0;1;0;4;99;22;21;12;5;11;1;7;2;4;0;2;2;2;2;3;1;1;2;6;116;41;23;8;9;6;5;0;6;2;2;3;3;1;0;2;2;3;1;2;133;100;31;42;3;12;8;4;2;4;4;2;0;4;0;3;0;0;1;4;54;5;4;8;2;0;2;2;1;2;3;3;2;0;5;0;0;2;1;3;330;75;17;27;80;12;63;3;6;56;3;4;0;0;7;0;2;0;1;12;7;3;1;2;2;0;0;0;0;0;2
39;"Szkoła Podstawowa nr 35 im. Mariana Piechala, ul. Generała Tadeusza Kutrzeby 4, 91-016 Łódź";106101;"m. Łódź";"Łódź";"łódzkie";1;1;4;2;2;1;0;2;0;0;1;0;0;0;0;1;0;0;0;0;0;45;16;8;9;0;3;2;4;2;1;1;0;2;0;0;4;0;0;2;4;64;19;18;2;6;3;1;1;3;4;1;1;3;1;0;0;2;1;0;4;106;63;20;32;7;15;5;2;4;2;3;2;0;3;1;2;0;1;0;7;32;2;2;0;1;0;0;1;0;0;0;0;2;0;1;0;0;0;2;1;164;52;14;21;63;9;31;3;3;34;4;2;0;3;6;0;1;1;7;11;7;2;0;0;0;1;0;0;1;0;0
40;"Szkoła Podstawowa nr 54 im. Kornela Makuszyńskiego, ul. Wróbla 5, 91-050 Łódź";106101;"m. Łódź";"Łódź";"łódzkie";1;1;2;0;1;3;3;2;0;1;0;1;0;0;0;0;0;1;1;1;1;63;8;12;13;1;7;0;9;3;2;0;0;4;0;0;3;2;1;0;2;89;44;20;12;10;6;5;0;0;1;1;0;1;0;4;2;2;1;0;7;124;111;32;33;3;9;6;6;6;7;1;2;5;24;0;2;1;0;0;5;67;2;1;6;0;0;3;0;1;1;1;2;3;0;0;0;2;2;1;0;274;68;13;15;63;15;44;3;0;27;5;1;4;0;6;0;1;1;1;15;6;2;2;1;1;0;0;0;0;2;0
41;"Szkoła Podstawowa nr 54 im. Kornela Makuszyńskiego, ul. Wróbla 5, 91-050 Łódź";106101;"m. Łódź";"Łódź";"łódzkie";1;1;1;1;1;0;0;0;2;2;0;1;0;0;0;1;2;0;0;0;2;30;6;6;5;4;2;1;1;2;0;0;0;0;1;1;4;0;2;0;4;46;14;9;11;5;3;2;1;3;1;1;0;0;0;3;0;1;3;1;10;88;80;20;34;3;8;7;5;3;8;3;1;5;3;2;0;2;1;0;7;20;3;1;1;2;0;1;3;3;0;0;1;2;0;2;0;0;0;0;0;153;45;13;11;56;8;20;1;2;19;7;1;0;0;3;0;0;0;1;10;8;1;1;0;2;0;0;0;0;0;0
42;"Zespół Szkół Ponadpodstawowych nr 5 im. Króla Bolesława Chrobrego, ul. Drewnowska 88, 91-008 Łódź";106101;"m. Łódź";"Łódź";"łódzkie";1;1;6;1;0;1;0;0;0;0;0;0;0;0;0;0;0;1;0;0;0;33;11;11;21;1;2;1;4;2;1;0;1;2;1;0;0;0;1;1;0;42;24;6;3;6;1;5;2;2;1;1;0;0;0;5;1;0;0;2;1;28;33;9;4;1;2;0;5;0;4;2;0;0;2;2;0;0;0;0;2;34;3;3;4;0;0;1;2;0;0;0;0;1;0;0;0;0;0;1;1;85;17;7;13;50;8;17;2;0;9;3;2;1;1;3;2;0;3;0;7;1;0;0;0;0;2;1;0;0;0;0
43;"Szkoła Podstawowa nr 24, ul. Ciesielska 14A, 91-308 Łódź";106101;"m. Łódź";"Łódź";"łódzkie";1;1;9;0;0;0;0;0;0;0;0;0;3;0;0;0;0;0;0;0;1;54;13;7;9;3;1;1;6;2;0;3;0;2;0;0;5;2;1;1;2;49;21;9;9;10;5;0;2;0;1;0;0;3;0;0;0;0;2;2;5;70;96;36;21;6;14;10;6;1;3;2;0;2;16;0;1;0;0;2;4;35;1;1;3;0;1;0;1;0;1;3;0;3;0;0;0;0;1;0;1;156;70;9;25;49;5;40;1;0;26;4;1;1;1;7;1;2;0;0;5;2;1;0;0;0;0;3;0;1;1;1
44;"Szkoła Podstawowa nr 24, ul. Ciesielska 14A, 91-308 Łódź";106101;"m. Łódź";"Łódź";"łódzkie";1;1;2;1;1;0;3;0;0;0;0;0;1;1;0;0;1;1;0;0;2;82;13;9;18;9;4;7;2;1;0;2;0;1;0;1;1;0;4;1;3;120;42;18;8;18;8;1;0;2;0;1;1;1;1;4;4;1;1;2;4;76;109;61;23;4;13;6;6;2;1;4;1;3;69;1;1;1;1;0;4;39;5;2;6;0;1;0;1;2;0;3;3;0;0;0;0;0;2;1;2;343;72;25;23;105;16;50;5;6;39;10;0;3;4;12;5;5;2;3;20;9;1;1;0;1;2;0;0;1;0;2
45;"Szkoła Podstawowa nr 55 im. Eugeniusza Lokajskiego, ul. Antoniego Mackiewicza 9, 91-349 Łódź";106101;"m. Łódź";"Łódź";"łódzkie";1;1;4;0;3;0;1;1;1;0;0;0;0;0;0;0;0;0;1;2;0;100;22;67;17;2;2;2;14;3;4;1;2;5;0;2;1;2;4;0;1;110;42;25;9;8;5;3;1;5;5;1;1;8;0;3;5;0;0;3;7;148;119;68;40;7;21;17;8;2;0;4;5;2;3;1;1;0;0;2;7;62;5;4;8;2;0;2;1;4;2;1;0;5;0;0;0;0;0;0;0;403;140;30;18;139;4;44;5;5;22;9;3;2;0;15;0;2;3;1;30;6;0;2;0;1;0;1;1;0;1;4
46;"Szkoła Podstawowa nr 65 im. Juliusza Słowackiego, ul. Pojezierska 10, 91-322 Łódź";106101;"m. Łódź";"Łódź";"łódzkie";1;1;3;2;1;1;0;2;0;0;0;1;0;0;0;0;0;1;1;0;0;62;10;80;6;1;7;1;2;0;1;1;0;2;1;1;1;0;0;0;2;99;33;6;3;6;2;1;1;4;3;0;0;2;0;4;0;0;1;1;2;88;87;33;18;3;14;5;4;2;7;5;2;1;11;0;1;2;0;0;8;34;3;3;6;3;0;0;0;0;0;0;1;1;0;5;0;0;1;0;0;276;88;11;23;59;6;30;2;2;25;2;2;1;1;7;0;0;0;2;12;9;1;0;0;1;1;1;0;0;0;0
47;"Szkoła Podstawowa nr 65 im. Juliusza Słowackiego, ul. Pojezierska 10, 91-322 Łódź";106101;"m. Łódź";"Łódź";"łódzkie";1;1;4;3;4;1;0;2;0;0;1;1;0;1;0;0;0;2;1;1;0;89;27;38;22;4;10;0;6;4;3;1;3;3;2;0;3;1;5;3;1;106;30;17;8;9;7;2;1;2;0;3;0;7;0;6;3;1;3;3;5;147;127;67;56;3;10;7;4;0;5;1;3;2;6;0;0;0;0;1;9;55;6;8;4;2;2;4;2;1;1;0;0;1;0;2;0;0;1;0;3;408;109;19;25;155;6;43;3;3;23;6;0;0;2;13;0;0;2;0;26;10;2;1;1;3;2;2;0;0;1;0
48;"Przedszkole Miejskie nr 202, ul. Sędziowska 8/10, 91-304 Łódź";106101;"m. Łódź";"Łódź";"łódzkie";1;1;4;1;0;0;1;0;0;1;0;2;0;0;1;0;0;0;0;1;2;76;21;15;7;6;5;3;1;1;4;0;2;4;0;0;1;1;2;0;5;90;35;11;7;12;7;2;0;6;0;1;2;2;2;13;2;1;3;5;11;100;129;53;35;6;6;3;5;0;3;2;1;1;10;0;1;0;0;1;14;36;3;2;2;0;0;1;1;2;0;3;2;1;1;1;0;0;0;1;0;312;72;25;26;68;5;48;0;4;20;6;2;0;0;16;1;5;0;1;35;8;2;0;0;1;0;0;0;0;0;0
49;"Przedszkole Miejskie nr 149, ul. Murarska 42, 91-469 Łódź";106101;"m. Łódź";"Łódź";"łódzkie";1;1;4;1;3;1;1;2;0;1;0;0;0;0;0;0;1;0;1;2;2;69;14;12;17;0;6;5;4;0;1;1;0;2;0;0;1;0;4;0;4;73;39;22;5;9;5;2;0;3;8;3;1;2;0;7;0;0;0;2;3;99;110;38;22;0;14;3;3;4;2;36;1;0;1;0;3;0;0;0;4;45;3;3;4;2;1;0;1;1;1;0;0;1;0;0;0;0;1;0;2;302;74;14;20;84;6;31;1;0;15;4;1;0;3;12;0;1;0;0;16;8;1;0;3;1;1;0;0;1;0;2
50;"Szkoła Podstawowa nr 101, ul. Wspólna 5/7, 91-464 Łódź";106101;"m. Łódź";"Łódź";"łódzkie";1;1;5;1;4;0;0;0;1;1;1;0;0;0;0;1;0;0;0;1;1;81;33;19;16;4;8;4;4;2;3;2;1;5;2;1;0;1;2;2;2;98;27;15;14;11;4;1;0;2;3;1;1;6;1;12;2;0;2;5;9;154;113;45;26;2;11;5;6;6;4;5;1;3;2;1;0;1;0;1;7;38;5;4;4;1;0;5;0;1;1;0;0;3;0;2;0;1;1;0;0;424;88;28;38;91;16;48;3;2;36;24;0;0;1;9;0;1;1;3;27;12;0;1;1;3;0;0;0;1;1;1
51;"Szkoła Podstawowa nr 101, ul. Wspólna 5/7, 91-464 Łódź";106101;"m. Łódź";"Łódź";"łódzkie";1;1;3;0;1;1;0;1;0;0;0;1;0;0;0;0;0;0;0;0;0;66;18;8;11;1;4;2;5;1;2;1;1;2;1;1;3;3;0;0;2;82;20;14;6;4;3;2;1;1;2;1;0;2;0;2;3;1;1;1;5;95;106;37;31;0;9;4;4;2;3;1;2;0;6;3;2;1;0;0;5;41;1;2;3;1;0;0;1;2;2;1;0;1;0;1;0;2;0;0;0;290;55;20;29;72;5;47;3;5;20;2;1;0;1;18;0;1;0;0;24;5;1;1;1;2;0;0;0;1;1;1
52;"Przedszkole Miejskie nr 176, ul. Blacharska 21, 91-470 Łódź";106101;"m. Łódź";"Łódź";"łódzkie";1;1;3;2;3;0;1;0;1;1;0;0;1;0;0;0;0;0;1;0;1;67;21;4;15;6;7;2;3;1;2;4;2;0;1;0;1;0;1;1;2;69;20;8;6;12;6;4;0;3;3;3;3;0;2;4;0;0;2;1;9;87;122;39;21;4;14;10;7;2;6;1;0;0;1;1;0;0;1;0;7;29;5;5;10;0;0;1;1;0;2;3;0;4;0;0;0;0;0;0;1;245;70;23;33;84;8;32;0;5;21;7;1;0;0;4;0;2;1;0;30;12;0;0;1;4;1;0;1;0;0;1
53;"Szkoła Podstawowa nr 45 im. Jana Matejki, ul. Bojowników Getta Warszawskiego 3, 91-431 Łódź";106101;"m. Łódź";"Łódź";"łódzkie";1;1;1;0;0;1;0;0;0;0;0;0;0;1;1;1;0;0;0;0;0;56;18;6;6;0;3;1;1;2;2;0;0;2;0;1;1;0;2;0;0;50;23;9;6;6;8;1;2;0;2;0;1;3;1;2;1;0;0;3;4;63;46;22;10;3;7;7;3;1;1;1;0;1;0;1;1;1;0;0;4;23;1;4;0;2;0;2;0;2;1;2;2;2;0;1;0;1;0;1;2;186;42;14;16;46;1;25;0;0;28;2;2;0;1;3;0;3;0;2;12;6;0;0;0;0;0;0;0;1;3;0
54;"XIII Liceum Ogólnokształcące im. Marii Piotrowiczowej, ul. Eliasza Chaima Majzela 4, 91-430 Łódź";106101;"m. Łódź";"Łódź";"łódzkie";1;1;7;3;3;2;1;1;0;1;0;1;1;0;0;1;0;0;0;1;1;73;21;9;12;8;2;2;2;3;2;4;1;1;0;1;1;1;5;1;2;103;26;29;16;7;6;3;1;5;4;2;3;3;1;7;1;1;1;2;6;101;155;47;32;0;9;15;3;4;3;4;8;2;4;3;1;3;0;0;10;59;6;0;4;0;1;1;0;1;3;6;4;5;0;0;0;2;2;3;1;272;74;27;23;67;11;33;4;2;24;6;0;1;1;12;0;1;0;2;21;8;1;0;1;1;3;1;0;1;1;0
55;"Szkoła Podstawowa nr 30 im. rtm. Witolda Pileckiego, ul. Rysownicza 1/3, 91-855 Łódź";106101;"m. Łódź";"Łódź";"łódzkie";1;1;4;1;3;2;0;4;0;3;0;0;0;0;0;1;2;2;3;2;0;95;21;16;12;6;4;1;3;6;2;0;1;4;3;3;3;0;2;2;2;110;38;24;12;4;7;4;1;4;4;0;0;3;0;5;1;0;3;3;6;153;142;42;42;7;16;23;9;2;7;4;3;2;3;5;6;0;0;2;20;51;5;6;9;1;1;3;0;4;2;2;3;2;0;2;0;0;0;0;3;371;92;29;33;88;5;54;1;1;24;8;3;2;1;14;0;5;1;0;27;10;2;1;2;0;0;2;1;0;1;0
56;"Zespół Szkół Przemysłu Spożywczego im. Powstańców Wielkopolskich, ul. Franciszkańska 137, 91-845 Łódź";106101;"m. Łódź";"Łódź";"łódzkie";1;1;1;3;1;0;2;0;0;0;1;1;0;1;0;0;0;0;0;0;1;78;27;25;15;1;6;2;1;1;1;1;0;2;1;0;0;0;1;1;1;84;31;14;11;12;3;3;2;1;4;1;2;6;2;1;0;1;1;2;11;100;79;28;23;2;12;4;8;1;8;3;3;2;2;1;1;0;0;0;5;30;4;3;4;0;2;5;1;0;1;2;0;2;0;0;0;0;0;0;0;258;90;19;34;96;11;35;4;1;22;5;3;1;0;8;0;0;1;2;12;6;2;0;0;7;0;1;0;0;1;0
57;"Zespół Szkół Przemysłu Spożywczego im. Powstańców Wielkopolskich, ul. Franciszkańska 137, 91-845 Łódź";106101;"m. Łódź";"Łódź";"łódzkie";1;1;2;3;0;0;0;0;0;2;0;0;0;0;0;1;0;0;0;0;0;81;20;14;10;0;5;8;3;2;6;0;1;2;1;0;0;0;1;0;1;72;22;19;7;5;9;1;0;3;0;5;0;2;0;1;1;0;2;6;4;96;102;35;31;2;8;6;7;3;2;2;2;0;1;1;3;1;0;1;8;27;2;0;2;1;0;5;0;1;2;0;0;4;0;2;0;1;2;0;3;279;92;20;22;79;6;30;5;5;24;5;1;2;2;5;1;0;1;0;26;3;1;0;1;4;0;1;0;1;0;2
58;"XXIV Liceum Ogólnokształcące im. Marii Skłodowskiej-Curie, ul. Marysińska 61/67, 91-850 Łódź";106101;"m. Łódź";"Łódź";"łódzkie";1;1;9;1;1;4;0;1;0;1;2;2;2;1;1;1;1;1;0;4;0;134;31;16;17;6;11;6;2;6;3;0;1;6;1;0;3;0;4;2;6;149;49;23;41;12;14;2;2;5;5;3;0;5;1;0;6;0;0;0;12;156;162;41;34;12;22;11;9;2;6;7;4;8;4;1;1;1;0;2;24;70;6;1;4;2;0;3;3;1;0;1;3;2;1;1;0;0;2;0;0;494;126;30;38;108;9;51;8;5;36;15;6;2;1;7;1;5;0;2;26;16;1;2;0;3;0;1;1;3;0;4
59;"Szkoła Podstawowa nr 45 im. Jana Matejki, ul. Bojowników Getta Warszawskiego 3, 91-431 Łódź";106101;"m. Łódź";"Łódź";"łódzkie";1;1;6;0;4;0;1;1;0;1;0;0;1;0;0;0;0;0;0;2;0;41;13;2;3;3;1;5;1;3;2;0;0;2;0;0;1;0;2;1;1;51;21;5;3;4;3;2;2;2;2;0;0;5;0;4;1;1;1;3;7;66;68;29;22;5;10;5;7;5;4;5;0;1;4;1;2;1;0;2;9;29;2;2;3;3;1;1;1;1;0;2;4;0;0;2;0;0;0;0;1;144;51;9;7;57;6;17;0;2;20;3;3;0;2;6;0;0;1;0;9;3;1;0;0;2;0;0;1;0;1;1
60;"Szkoła Podstawowa nr 58 im. Melchiora Wańkowicza, ul. Młynarska 42/46, 91-838 Łódź";106101;"m. Łódź";"Łódź";"łódzkie";1;1;10;0;1;1;3;0;0;0;0;0;3;0;1;2;0;1;2;0;1;75;21;8;7;2;3;1;3;1;5;0;3;5;0;1;3;0;4;0;4;65;31;24;20;10;6;1;1;3;2;2;0;0;0;5;3;1;0;7;11;108;100;38;19;2;15;8;5;2;4;2;3;0;2;2;0;1;1;1;18;42;2;2;5;1;0;3;0;5;4;0;1;0;0;3;0;0;1;1;2;259;85;21;24;71;3;34;2;3;23;3;1;1;1;13;0;2;1;0;21;10;0;1;1;2;0;0;0;1;0;0
61;"Centrum Zajęć Pozaszkolnych nr 1, ul. Zawiszy Czarnego 39, 91-818 Łódź";106101;"m. Łódź";"Łódź";"łódzkie";1;1;6;1;3;0;0;1;1;3;0;0;0;0;0;2;1;0;0;0;3;83;7;17;11;4;6;2;6;7;7;2;0;7;3;0;4;1;4;3;2;99;33;14;17;8;4;2;2;4;3;3;0;8;0;3;1;1;11;7;10;129;143;61;38;9;37;11;10;3;10;5;3;3;1;1;2;0;2;0;10;63;3;3;7;1;0;0;0;2;0;1;0;3;0;3;0;0;3;2;2;333;89;19;29;93;8;28;7;2;29;8;1;2;3;14;3;3;2;4;26;0;0;0;0;0;0;0;0;0;0;0
62;"Zespół Szkół Zawodowych Specjalnych nr 2, al. Al. Pierwszej Dywizji 16/18, 91-836 Łódź";106101;"m. Łódź";"Łódź";"łódzkie";1;1;9;2;1;1;1;0;0;0;0;0;0;0;0;0;1;3;1;0;1;85;23;15;10;9;8;4;5;2;2;3;3;4;2;1;2;0;2;2;2;116;49;22;23;8;9;1;2;6;5;6;2;3;1;4;4;2;2;1;4;115;151;47;47;8;13;15;4;7;10;1;2;4;6;0;1;0;0;1;7;55;7;1;4;2;0;1;2;1;0;2;1;1;1;2;0;1;0;2;2;327;90;37;29;102;10;37;5;0;33;7;3;2;3;13;1;4;1;1;28;13;1;1;0;0;1;1;1;0;0;2
63;"Szkoła Podstawowa nr 153 im. Marii Skłodowskiej-Curie, ul. Obrońców Westerplatte 28, 91-762 Łódź";106101;"m. Łódź";"Łódź";"łódzkie";1;1;4;1;0;0;0;3;0;0;0;0;0;1;0;0;0;1;1;2;2;69;11;4;6;6;2;3;6;0;3;0;1;1;2;0;1;0;3;0;6;56;32;21;4;8;4;2;0;1;10;1;0;0;0;3;2;0;4;1;3;87;60;16;25;1;15;1;3;4;2;5;2;1;2;1;1;2;0;0;3;35;3;8;3;0;0;0;1;3;1;0;0;0;0;0;0;0;0;0;3;181;44;18;15;61;2;17;2;0;17;4;2;0;3;4;0;2;2;0;12;4;1;0;0;3;0;1;0;1;1;2
64;"Szkoła Podstawowa nr 81 im. Bohaterskich Dzieci Łodzi, ul. Emilii Plater 28/32, 91-762 Łódź";106101;"m. Łódź";"Łódź";"łódzkie";1;1;1;0;3;1;0;0;0;1;0;1;1;1;1;1;1;1;1;0;0;86;28;26;11;2;5;4;5;1;3;1;0;1;0;1;0;0;4;0;4;100;34;17;4;8;4;5;0;1;7;1;1;3;0;1;0;2;0;0;11;104;116;28;22;4;21;4;4;2;2;1;2;5;3;1;1;0;0;0;8;35;3;4;6;1;0;1;1;0;0;0;3;3;0;2;0;1;0;0;0;320;104;24;27;86;3;25;5;2;28;2;2;1;0;7;0;0;1;3;22;9;0;0;0;2;0;0;0;0;1;0
65;"Lokal Rady Osiedla Bałuty-Doły, ul. Wojska Polskiego 122, 91-743 Łódź";106101;"m. Łódź";"Łódź";"łódzkie";1;1;0;0;0;0;0;0;0;0;0;0;0;1;1;0;1;0;0;0;0;30;5;1;0;0;3;0;0;0;1;2;1;1;0;0;0;0;1;0;0;28;10;1;2;3;5;1;1;0;0;2;0;1;0;0;0;0;1;0;4;22;23;9;10;3;3;1;0;0;0;0;0;1;1;2;0;0;0;1;4;15;2;0;1;0;0;0;1;0;1;0;0;1;0;0;0;0;0;0;0;63;10;2;4;17;0;7;1;0;8;7;2;0;0;2;0;1;0;0;8;2;0;0;1;0;0;0;0;0;0;0
66;"Szkoła Podstawowa Specjalna nr 105 im. Jacka Kuronia, ul. mjr. Henryka Sucharskiego 2, 91-744 Łódź";106101;"m. Łódź";"Łódź";"łódzkie";1;1;0;0;1;0;0;0;0;0;1;0;2;0;0;0;0;0;2;2;0;86;16;7;5;4;3;0;5;3;0;4;0;2;0;1;1;2;2;0;1;82;27;20;4;9;4;0;3;4;2;5;2;1;0;5;0;1;1;2;9;91;87;34;31;1;10;6;11;5;6;2;1;3;3;1;2;0;0;0;7;43;2;6;4;1;0;1;0;0;0;2;1;4;1;3;0;1;0;1;1;302;74;13;29;90;2;30;2;0;12;5;0;2;1;6;0;1;2;2;25;9;0;0;0;0;3;0;1;0;1;1
67;"Szkoła Podstawowa nr 81 im. Bohaterskich Dzieci Łodzi, ul. Emilii Plater 28/32, 91-762 Łódź";106101;"m. Łódź";"Łódź";"łódzkie";1;1;10;5;2;3;1;0;1;2;1;0;0;2;0;0;0;0;0;0;1;150;40;33;25;3;11;3;12;4;6;3;2;5;1;3;8;1;2;1;2;148;55;40;17;17;8;8;0;5;8;2;3;6;1;10;0;2;6;7;12;155;163;41;40;4;16;13;14;6;4;6;1;3;1;2;2;0;0;1;13;91;8;3;6;1;2;1;2;5;0;1;3;3;0;2;0;1;1;0;5;408;126;40;37;106;13;53;7;4;39;10;2;0;2;7;0;3;2;1;24;10;1;3;3;9;1;0;3;3;0;3
68;"Zespół Szkół Elektroniczno-Informatycznych im. Jana Szczepanika, ul. Strykowska 10/18, 91-725 Łódź";106101;"m. Łódź";"Łódź";"łódzkie";1;1;7;5;2;2;1;1;0;0;0;0;0;1;1;0;1;1;1;1;0;84;41;18;14;11;4;3;5;2;6;1;0;1;0;1;2;1;0;0;2;125;39;29;9;9;4;7;1;4;3;3;0;4;2;11;1;0;2;0;10;118;119;30;47;6;10;6;3;1;3;4;0;3;2;4;4;0;0;0;11;51;6;5;7;0;1;0;0;1;1;2;1;2;0;1;0;0;2;2;5;357;111;36;40;108;8;43;3;3;28;4;3;2;6;23;2;3;0;0;29;9;3;2;0;2;0;0;1;1;2;1
69;"Zespół Szkół Elektroniczno-Informatycznych im. Jana Szczepanika, ul. Strykowska 10/18, 91-725 Łódź";106101;"m. Łódź";"Łódź";"łódzkie";1;1;4;0;3;0;0;1;0;1;0;0;0;1;0;1;0;0;0;1;0;60;11;8;8;1;5;1;4;2;2;1;1;0;0;1;1;3;2;2;0;43;21;9;4;5;2;2;0;1;1;1;0;6;0;3;2;0;1;1;1;54;92;15;23;4;18;0;2;1;1;1;1;0;0;1;0;0;0;0;2;36;3;5;2;0;0;7;0;1;0;0;2;2;0;0;0;1;0;0;2;168;48;19;23;64;5;11;2;2;8;1;0;1;1;4;0;0;0;1;14;4;0;0;0;0;0;0;0;0;0;0
70;"Szkoła Podstawowa nr 61 im. św. Franciszka z Asyżu, ul. Okólna 183, 91-520 Łódź";106101;"m. Łódź";"Łódź";"łódzkie";1;1;0;0;1;0;0;1;0;0;0;0;0;0;0;0;0;1;0;0;0;22;7;0;1;0;2;1;0;0;1;3;0;0;1;0;1;0;3;0;1;10;5;3;0;0;0;1;0;1;2;0;0;0;0;1;0;0;0;0;1;54;35;12;8;2;5;0;1;3;1;3;0;0;0;0;0;0;0;0;6;13;0;0;0;2;0;4;0;0;1;0;1;0;0;0;0;0;0;0;1;64;16;5;4;30;1;5;1;0;1;0;0;0;0;1;0;0;0;0;11;8;1;1;1;0;1;0;1;0;0;0
71;"Świetlica Ochotniczej Straży Pożarnej Łódź-Łagiewniki, ul. Pszczelna 84, 91-511 Łódź";106101;"m. Łódź";"Łódź";"łódzkie";1;1;5;0;2;3;0;0;0;0;0;0;1;0;0;0;0;1;1;0;1;33;11;13;7;1;0;4;1;2;0;0;2;2;0;0;0;1;0;0;0;38;13;7;3;4;1;1;1;1;3;3;1;0;1;0;0;0;0;0;2;64;51;16;15;2;9;5;2;2;1;0;0;0;0;0;1;0;0;0;6;26;0;0;7;4;0;0;1;1;0;0;1;2;0;2;0;0;0;0;3;151;32;16;16;54;6;19;3;1;6;0;0;0;0;0;2;1;0;0;8;5;0;0;0;2;0;0;1;0;1;0
72;"Szkoła Podstawowa nr 142 im. Zawiszy Czarnego, ul. Łupkowa 6, 91-527 Łódź";106101;"m. Łódź";"Łódź";"łódzkie";1;1;3;4;2;0;0;0;0;0;0;0;0;0;0;0;0;0;0;1;0;50;36;14;9;8;5;5;2;3;3;0;1;1;0;0;1;0;0;1;3;26;13;1;4;1;1;0;0;1;2;3;1;2;0;0;0;0;4;0;1;72;127;30;29;7;37;4;1;2;2;3;0;5;0;0;2;0;1;3;0;42;1;3;3;1;0;1;0;1;3;0;2;4;0;1;0;0;0;0;1;142;31;15;9;46;2;13;1;0;8;1;1;0;2;2;1;1;0;1;3;10;1;0;0;2;1;2;0;0;2;1
73;"XXX Liceum Ogólnokształcące im. Ks. Biskupa Ignacego Krasickiego, ul. gen. Józefa Sowińskiego 50/56, 91-485 Łódź";106101;"m. Łódź";"Łódź";"łódzkie";1;1;7;0;1;0;1;1;0;0;0;0;0;0;0;0;1;0;0;0;1;48;30;14;27;1;8;0;3;0;3;2;0;0;2;0;1;0;1;1;2;48;18;7;3;4;1;2;2;1;5;0;1;2;0;0;0;0;0;1;4;107;85;29;15;2;13;1;4;2;1;1;3;0;0;1;0;0;0;1;9;46;2;2;2;1;2;1;1;0;0;1;0;0;0;0;1;0;1;0;0;287;60;26;19;141;10;46;4;1;14;8;1;2;0;9;0;1;1;1;20;9;0;1;0;2;1;0;0;0;0;2
74;"Szkoła Podstawowa nr 172 im. prof. Stefana Banacha, ul. Jaskrowa 15, 91-480 Łódź";106101;"m. Łódź";"Łódź";"łódzkie";1;1;4;0;1;0;0;0;0;0;0;0;1;0;0;0;0;1;0;0;0;58;22;13;22;3;6;1;2;2;1;2;1;1;0;0;0;0;0;0;2;45;26;15;5;8;2;4;0;4;2;1;0;1;1;1;0;0;0;0;5;129;88;38;18;1;3;5;5;1;1;0;0;2;1;0;2;0;1;1;9;39;2;2;4;1;0;2;1;1;1;1;0;3;0;1;0;0;1;1;2;274;67;17;16;116;9;58;5;3;18;16;3;0;1;12;0;0;2;2;32;7;1;0;1;1;0;0;0;0;0;3
75;"Specjalny Ośrodek Szkolno-Wychowawczy nr 6 im. mjr. Hieronima Baranowskiego, ul. Dziewanny 24, 91-866 Łódź";106101;"m. Łódź";"Łódź";"łódzkie";1;1;4;1;0;0;0;1;0;2;0;0;0;0;0;1;1;1;0;1;1;51;16;9;12;5;0;3;2;1;2;1;0;3;2;0;4;0;1;0;3;37;9;10;3;4;1;1;0;1;3;0;1;0;0;3;1;0;1;0;6;64;69;38;21;0;16;0;3;0;1;0;1;0;4;0;1;0;0;0;9;33;2;2;2;1;0;1;0;0;0;3;1;0;0;0;0;0;1;0;1;123;48;12;17;53;1;19;3;2;10;4;1;0;0;0;2;1;0;0;9;4;2;1;0;0;0;0;0;0;0;0
76;"Przedszkole Miejskie nr 47, ul. Kazimierza Deczyńskiego 24, 91-867 Łódź";106101;"m. Łódź";"Łódź";"łódzkie";1;1;3;0;2;0;0;2;0;1;0;0;1;0;0;1;1;1;0;1;2;96;24;9;15;2;8;1;3;1;3;1;1;4;0;0;0;2;1;1;1;73;17;15;3;4;2;2;1;1;4;1;2;1;0;2;1;0;0;0;3;127;128;50;33;1;17;5;3;2;2;5;2;2;3;2;0;0;0;0;13;37;7;2;2;3;1;1;1;3;5;2;1;0;0;4;0;0;2;2;2;222;66;21;23;105;2;49;1;3;25;3;4;0;3;6;0;1;0;0;9;13;1;0;1;0;1;0;0;0;0;1
77;"Zespół Szkół Geodezyjno-Technicznych im. Sybiraków, ul. Skrzydlata 15, 91-503 Łódź";106101;"m. Łódź";"Łódź";"łódzkie";1;1;3;3;0;2;0;1;0;1;0;0;1;0;0;1;0;2;0;1;1;99;36;14;15;7;11;5;4;4;3;3;2;6;0;0;3;0;3;0;2;70;29;7;4;3;3;2;2;1;3;2;0;4;0;4;4;0;0;5;4;113;124;40;20;2;12;4;10;3;1;4;0;1;1;1;2;2;0;2;3;47;1;4;2;0;0;1;1;2;2;0;0;4;1;2;0;1;2;0;2;273;64;18;18;173;5;51;5;1;16;2;2;0;1;5;0;2;1;5;18;14;0;2;0;7;1;1;0;1;0;1
78;"Szkoła Podstawowa nr 142 im. Zawiszy Czarnego, ul. Łupkowa 6, 91-527 Łódź";106101;"m. Łódź";"Łódź";"łódzkie";1;1;3;2;0;0;0;0;0;0;0;0;0;0;0;0;1;0;0;0;0;103;29;12;21;2;6;6;3;3;3;1;0;2;2;1;3;3;1;0;1;56;18;17;7;9;5;1;0;1;4;1;2;1;0;2;1;0;1;1;6;128;105;39;17;2;11;4;8;2;1;0;2;2;6;2;3;0;0;0;4;43;4;6;1;0;0;1;1;1;1;0;1;1;0;1;0;0;0;1;2;324;88;17;28;139;12;62;1;3;23;10;2;0;1;11;1;5;2;1;36;10;1;1;0;0;1;0;0;1;1;0
79;"Szkoła Podstawowa nr 10 im. Władysława Broniewskiego, ul. Stanisława Przybyszewskiego 15/21, 93-188 Łódź";106101;"m. Łódź";"Łódź";"łódzkie";1;1;1;0;3;1;0;1;0;0;0;1;1;0;0;0;0;3;0;0;1;49;10;8;6;4;5;3;4;0;4;1;1;1;0;1;1;2;3;4;4;84;23;6;7;10;3;3;3;2;2;2;0;2;2;1;2;0;2;0;4;63;150;27;27;2;16;3;13;6;4;2;1;5;0;1;1;0;0;0;3;41;7;5;3;0;0;1;2;2;2;2;3;6;0;2;0;0;2;1;2;222;67;18;13;42;8;23;1;2;50;4;4;2;1;6;1;1;2;2;11;8;0;1;0;4;4;0;2;0;2;1
80;"Zespół Szkół Politechnicznych im. Komisji Edukacji Narodowej w Łodzi, ul. Aleje Politechniki 38, 93-590 Łódź";106101;"m. Łódź";"Łódź";"łódzkie";1;1;2;0;0;1;0;0;0;0;0;0;0;0;0;0;0;0;0;2;0;34;9;6;7;0;5;5;0;3;3;0;1;1;0;0;0;1;1;0;0;45;13;8;5;2;6;2;0;2;0;1;3;2;0;2;0;0;0;0;1;58;78;31;26;7;6;1;3;4;1;2;0;1;0;0;0;0;0;0;1;20;3;2;1;0;0;0;1;1;0;0;0;3;0;0;0;1;3;0;2;138;30;8;9;41;10;25;0;1;26;0;0;0;0;1;2;0;0;2;6;5;1;1;0;2;1;2;0;0;0;0
81;"Zespół Szkół Samochodowych i Mechatronicznych im. Generała Stanisława Maczka, ul. Stanisława Przybyszewskiego 73/75, 93-126 Łódź";106101;"m. Łódź";"Łódź";"łódzkie";1;1;4;0;6;2;0;1;0;2;0;0;0;0;0;2;1;0;0;1;1;60;14;9;12;13;4;1;3;0;2;2;2;1;3;2;5;2;4;1;5;86;29;13;11;11;4;6;0;3;4;4;4;2;0;3;0;0;4;0;7;66;109;29;28;4;12;3;9;1;6;2;4;1;0;1;0;1;0;0;11;48;7;2;4;3;0;1;4;4;3;2;4;4;1;2;0;0;0;3;3;216;27;14;26;63;15;28;1;2;34;4;0;1;3;3;2;2;2;1;12;7;0;0;1;0;1;0;0;0;0;1
82;"Zespół Szkół Samochodowych i Mechatronicznych im. Generała Stanisława Maczka, ul. Stanisława Przybyszewskiego 73/75, 93-126 Łódź";106101;"m. Łódź";"Łódź";"łódzkie";1;1;1;0;2;0;0;0;0;0;0;0;0;0;0;0;0;0;1;1;0;60;9;8;1;7;5;3;2;1;2;1;1;2;0;0;2;0;0;0;3;64;21;9;8;6;12;1;2;4;2;2;5;0;0;2;2;1;1;0;4;59;116;30;19;3;9;4;9;0;5;0;1;0;0;1;0;1;1;0;5;31;6;4;3;0;1;1;1;3;0;0;1;1;1;1;0;0;0;1;1;197;48;15;27;59;3;28;4;0;34;0;0;4;2;7;1;0;0;2;12;5;0;0;0;0;0;1;0;2;0;0
83;"Centrum Usług Wspólnych Oświaty w Łodzi, ul. Kaliska 25/27, 93-130 Łódź";106101;"m. Łódź";"Łódź";"łódzkie";1;1;4;1;2;0;3;1;0;4;0;1;0;0;0;4;0;1;1;1;0;85;13;9;6;6;8;2;2;0;2;1;0;1;1;0;2;1;6;3;2;86;24;11;8;2;7;2;2;3;2;1;2;1;0;7;1;4;1;1;5;76;135;42;22;8;10;7;13;1;2;1;2;3;2;1;1;0;0;0;3;54;13;2;9;0;2;3;5;0;3;0;1;1;1;3;0;1;1;3;4;239;71;14;15;67;3;27;5;3;40;5;2;0;2;8;1;2;1;3;10;5;0;1;2;1;0;2;3;0;0;2
84;"Szkoła Podstawowa nr 10 im. Władysława Broniewskiego, ul. Stanisława Przybyszewskiego 15/21, 93-188 Łódź";106101;"m. Łódź";"Łódź";"łódzkie";1;1;2;0;1;1;0;0;0;1;0;0;3;0;0;0;1;0;1;1;0;42;14;13;14;6;2;4;3;5;5;0;2;10;2;2;1;2;2;2;3;66;21;7;6;5;5;1;1;1;2;3;1;4;0;1;0;0;0;1;2;48;129;27;20;3;13;5;3;3;0;2;4;2;3;0;1;0;1;0;3;32;4;1;4;0;0;2;1;1;1;4;2;2;0;1;0;1;0;0;4;179;57;13;14;60;5;23;6;0;47;2;2;1;1;6;2;1;0;1;5;4;0;1;1;2;0;0;1;1;0;3
85;"Specjalny Ośrodek Szkolno-Wychowawczy nr 1 im. Janusza Korczaka, ul. Siedlecka 7/21, 93-138 Łódź";106101;"m. Łódź";"Łódź";"łódzkie";1;1;6;1;2;1;1;5;0;0;0;0;0;1;1;0;0;0;0;2;1;82;13;6;7;5;5;5;3;3;5;0;1;4;1;1;4;1;3;1;3;90;38;12;5;6;1;1;3;3;3;4;0;0;0;1;0;3;2;0;5;84;131;25;18;3;13;5;13;4;1;1;1;0;2;1;1;0;0;1;5;37;3;3;4;0;0;0;0;1;0;1;3;3;0;0;0;0;1;0;3;250;51;12;16;60;11;45;1;3;30;2;1;2;3;5;0;2;1;3;19;7;2;3;0;0;1;0;0;0;0;0
86;"Zespół Szkół Politechnicznych im. Komisji Edukacji Narodowej w Łodzi, ul. Aleje Politechniki 38, 93-590 Łódź";106101;"m. Łódź";"Łódź";"łódzkie";1;1;4;0;0;0;1;2;1;0;1;2;1;0;2;0;1;0;0;0;0;82;16;10;23;4;3;5;3;2;4;3;0;1;0;1;1;3;5;3;2;82;24;14;7;6;7;0;1;4;0;1;0;8;0;4;5;0;0;1;6;67;126;32;25;2;9;6;13;4;4;4;1;7;5;2;2;0;1;0;6;40;4;3;5;1;0;1;0;1;0;1;6;7;0;0;1;1;2;1;1;255;59;20;27;65;8;43;2;3;46;1;2;0;4;3;3;4;1;2;15;4;1;2;0;0;0;0;0;0;1;0
87;"Szkoła Podstawowa nr 83 im. Stanisława Jachowicza, ul. Podmiejska 21, 93-165 Łódź";106101;"m. Łódź";"Łódź";"łódzkie";1;1;3;1;1;1;0;1;0;2;0;1;1;0;1;2;0;1;1;3;1;89;18;5;17;3;5;2;2;6;4;5;1;6;4;0;2;1;2;3;3;111;36;29;5;4;6;2;0;2;2;1;2;6;0;0;0;0;1;1;8;116;138;38;42;3;12;11;12;3;10;7;2;3;3;0;1;0;0;1;6;40;4;3;10;2;0;2;2;1;1;1;1;1;1;1;0;1;0;0;0;341;69;21;25;102;6;35;3;3;108;10;0;2;4;9;1;1;0;31;20;8;1;2;2;2;2;0;2;0;0;0
88;"Szkoła Podstawowa nr 83 im. Stanisława Jachowicza, ul. Podmiejska 21, 93-165 Łódź";106101;"m. Łódź";"Łódź";"łódzkie";1;1;4;2;1;0;1;0;0;1;2;0;0;0;0;0;1;0;1;0;0;75;10;1;4;3;10;1;1;1;7;0;3;6;0;0;0;0;4;1;2;88;31;18;5;5;2;4;0;6;1;5;2;3;1;3;1;1;1;0;5;115;152;36;25;3;19;4;4;5;8;2;2;6;0;4;1;0;1;0;4;39;2;5;2;3;0;3;0;5;1;1;1;2;0;0;0;1;0;0;1;265;53;6;34;73;5;36;2;1;31;5;5;0;5;1;0;1;0;10;18;5;0;2;0;2;0;0;0;0;1;1
89;"Szkoła Podstawowa nr 38 im. dr. Henryka Jordana, ul. Krochmalna 21, 93-144 Łódź";106101;"m. Łódź";"Łódź";"łódzkie";1;1;3;2;1;1;2;1;1;2;1;1;0;0;0;0;0;0;0;0;0;100;18;10;5;2;9;10;4;6;5;1;0;3;2;5;4;3;1;2;7;103;35;12;9;9;10;0;0;2;2;0;1;4;3;2;0;1;3;0;5;118;211;48;41;5;15;18;9;4;5;9;3;2;2;2;6;1;3;1;9;39;8;5;7;1;0;4;3;4;1;0;5;1;0;1;2;2;0;0;1;284;87;25;28;69;8;52;1;2;23;3;2;2;4;7;2;2;1;1;5;17;1;5;2;1;0;0;0;1;1;4
90;"Szkoła Podstawowa nr 38 im. dr. Henryka Jordana, ul. Krochmalna 21, 93-144 Łódź";106101;"m. Łódź";"Łódź";"łódzkie";1;1;8;1;3;1;1;1;0;1;0;0;1;1;0;1;0;0;1;1;4;86;22;16;16;5;6;4;6;1;4;2;3;1;0;3;4;0;3;1;3;117;23;17;13;9;5;2;2;1;0;4;1;1;0;4;2;2;2;1;19;115;198;53;23;13;20;15;11;2;5;5;4;3;4;0;3;4;0;2;2;47;4;3;8;1;2;2;4;2;0;0;2;3;0;3;0;0;1;2;4;276;70;19;15;70;9;56;2;3;50;6;0;0;1;14;0;4;0;3;8;8;1;5;0;3;2;1;0;1;0;0
91;"Zespół Szkół Przemysłu Mody im. bł. Matki Teresy z Kalkuty, ul. Adama Naruszewicza 35, 93-161 Łódź";106101;"m. Łódź";"Łódź";"łódzkie";1;1;0;1;3;2;1;0;1;0;0;1;0;0;1;1;1;0;0;1;0;77;14;12;7;4;4;1;2;2;3;3;1;2;6;0;2;1;0;1;4;95;21;12;10;6;5;1;2;5;1;1;2;5;1;0;3;1;0;2;7;86;109;35;21;3;12;7;8;4;4;2;3;3;0;0;4;0;0;0;5;41;1;3;6;1;5;0;1;1;1;0;1;1;0;0;0;1;0;3;3;231;54;16;15;54;7;30;3;0;29;6;0;0;0;2;0;1;1;5;10;4;1;2;0;0;0;1;1;0;0;1
92;"Szkoła Podstawowa nr 190 im. Jarosława Iwaszkiewicza, ul. Jacka Malczewskiego 37/47, 93-154 Łódź";106101;"m. Łódź";"Łódź";"łódzkie";1;1;2;1;3;0;2;0;0;0;0;0;3;0;0;1;0;1;1;3;1;116;21;20;17;6;9;2;4;6;8;5;2;5;0;3;6;1;5;3;5;121;43;10;7;11;17;2;4;1;1;2;0;6;0;10;0;5;2;1;14;101;154;25;51;6;7;8;10;6;6;3;2;5;5;2;9;3;2;1;4;63;8;6;6;1;1;2;1;4;2;1;0;1;0;2;1;0;2;2;4;357;103;22;18;92;19;44;1;1;50;7;2;1;3;2;1;1;0;8;14;10;1;1;0;3;1;0;0;0;0;1
93;"Szkoła Podstawowa nr 174 im. Jana Machulskiego, ul. Konstantego Ildefonsa Gałczyńskiego 6, 93-259 Łódź";106101;"m. Łódź";"Łódź";"łódzkie";1;1;7;2;1;0;0;1;0;0;1;0;1;0;0;0;0;1;0;0;1;64;8;10;8;1;2;5;5;0;2;2;0;3;2;0;1;1;1;1;3;90;15;8;5;5;9;1;3;5;2;0;4;5;0;1;2;2;1;0;3;87;112;48;35;4;23;10;9;3;9;4;2;2;1;1;3;1;0;1;10;58;5;5;6;2;1;0;2;3;1;1;1;3;0;2;0;3;2;0;3;238;55;27;16;62;7;35;1;0;38;5;3;0;2;4;0;1;3;0;15;14;0;1;0;0;0;0;0;0;2;1
94;"XXXI Liceum Ogólnokształcące im. Ludwika Zamenhofa, ul. Konspiracyjnego Wojska Polskiego 5B, 93-236 Łódź";106101;"m. Łódź";"Łódź";"łódzkie";1;1;4;0;2;1;0;0;1;0;1;1;2;0;0;0;0;0;1;3;2;87;8;9;8;7;2;1;2;1;3;0;0;1;1;0;3;0;1;0;3;83;16;6;6;2;6;2;0;2;1;1;0;8;0;0;1;2;1;1;3;100;126;28;35;7;9;1;8;3;12;2;2;0;0;3;1;0;0;2;12;30;6;1;4;2;0;2;2;2;1;2;2;3;0;1;0;0;1;1;1;223;51;18;15;57;14;34;2;0;26;7;3;3;3;6;3;2;1;0;7;6;1;1;0;4;1;1;1;0;0;0
95;"XXXI Liceum Ogólnokształcące im. Ludwika Zamenhofa, ul. Konspiracyjnego Wojska Polskiego 5B, 93-236 Łódź";106101;"m. Łódź";"Łódź";"łódzkie";1;1;3;0;8;0;0;0;0;1;0;0;0;1;2;3;0;0;1;0;0;54;13;6;6;2;4;2;3;7;6;1;0;1;6;1;3;1;1;0;0;58;23;7;3;10;7;1;1;6;3;0;0;4;0;1;2;1;3;1;4;81;92;19;27;5;15;2;9;3;4;7;7;1;0;1;5;1;0;0;2;31;2;2;5;0;3;1;0;4;1;2;2;6;0;2;0;1;1;0;3;222;46;23;23;66;8;27;1;0;21;4;1;0;2;9;0;2;1;2;6;10;0;0;0;0;1;1;0;0;1;0
96;"VI Liceum Ogólnokształcące im. Joachima Lelewela, ul. Deotymy 1, 93-267 Łódź";106101;"m. Łódź";"Łódź";"łódzkie";1;1;3;0;1;0;0;0;0;4;0;0;0;0;0;1;0;1;2;2;0;32;4;7;6;3;3;0;3;2;6;2;1;0;0;1;0;0;3;0;2;68;22;10;5;3;4;0;0;1;6;0;0;3;0;4;0;1;3;0;4;75;121;25;19;5;9;6;7;1;9;2;0;1;2;2;1;0;1;0;4;29;0;3;4;0;0;1;1;2;0;2;3;1;0;1;0;1;1;0;3;175;30;21;11;41;7;18;2;1;26;5;0;0;3;4;0;2;0;0;8;1;0;1;1;2;1;0;0;0;0;0
97;"VI Liceum Ogólnokształcące im. Joachima Lelewela, ul. Deotymy 1, 93-267 Łódź";106101;"m. Łódź";"Łódź";"łódzkie";1;1;4;1;4;1;0;1;0;3;0;0;1;0;0;0;1;1;0;2;1;81;18;6;12;4;3;3;4;5;4;1;1;4;0;1;1;0;12;0;5;123;22;18;10;9;8;1;0;2;7;3;1;1;1;1;1;3;1;1;5;110;160;39;26;6;11;7;8;4;2;2;0;3;5;1;0;0;0;4;1;41;8;1;5;1;1;2;1;0;0;1;3;3;1;1;0;0;3;1;1;282;72;17;24;66;7;35;1;8;18;5;0;0;0;1;1;1;1;1;14;9;2;3;0;2;0;0;0;0;0;0
98;"Przedszkole Miejskie nr 119, ul. Lucjana Rydla 17, 93-203 Łódź";106101;"m. Łódź";"Łódź";"łódzkie";1;1;4;3;3;0;1;0;0;0;0;0;1;1;1;0;0;0;0;1;0;63;16;10;9;1;6;3;3;1;4;0;1;3;0;0;4;0;6;0;2;83;27;7;14;6;6;1;0;3;3;0;1;6;0;3;1;0;1;1;5;86;139;63;27;1;15;4;4;2;5;5;1;3;3;2;1;0;2;0;6;30;8;3;4;3;0;3;2;0;0;0;1;3;0;1;0;0;2;0;2;281;40;24;18;73;9;35;3;2;19;6;0;0;0;7;1;2;0;4;9;11;2;1;1;0;2;1;0;0;0;3
99;"Szkoła Podstawowa nr 64 im. Hansa Christiana Andersena, ul. Władysława Anczyca 6, 93-262 Łódź";106101;"m. Łódź";"Łódź";"łódzkie";1;1;4;0;4;0;2;0;0;0;0;1;0;0;1;0;0;0;0;0;0;87;13;5;8;4;3;3;5;1;3;0;1;2;1;0;2;3;2;1;3;93;19;9;2;4;4;3;2;3;6;6;0;3;0;3;1;1;3;0;4;105;129;42;45;4;11;8;18;9;5;0;2;5;1;2;1;0;0;1;10;56;4;5;5;1;0;0;0;0;1;0;2;5;0;0;0;1;0;1;2;251;65;17;17;59;13;45;2;4;34;2;3;1;2;5;1;2;2;1;11;8;1;0;0;1;3;1;0;0;0;1
100;"Szkoła Podstawowa nr 64 im. Hansa Christiana Andersena, ul. Władysława Anczyca 6, 93-262 Łódź";106101;"m. Łódź";"Łódź";"łódzkie";1;1;8;1;2;3;3;0;0;1;0;1;1;0;0;0;0;1;0;2;1;73;13;9;9;4;4;1;6;0;2;0;2;3;0;0;2;2;5;3;4;96;21;11;3;6;9;4;1;3;3;3;1;2;0;2;0;1;0;0;7;112;165;37;27;4;20;7;13;4;11;3;1;3;0;3;2;2;0;3;8;46;2;5;2;3;0;0;2;1;1;1;0;0;0;2;0;0;1;0;1;262;56;16;24;63;11;39;0;2;37;6;0;2;4;7;1;3;1;7;4;4;2;1;1;0;0;0;2;1;0;0
101;"Biblioteka Miejska w Łodzi Filia Nr 72, ul. Wincentego Kadłubka 40, 93-248 Łódź";106101;"m. Łódź";"Łódź";"łódzkie";1;1;3;2;3;1;3;0;0;0;0;0;1;2;0;0;0;0;0;0;0;57;11;12;10;4;3;1;1;3;2;0;2;1;1;0;0;2;3;0;2;67;19;13;8;4;13;1;2;2;3;1;1;0;0;0;0;0;3;1;2;65;104;24;28;2;7;7;11;2;11;0;1;2;0;3;2;2;0;0;5;35;4;3;1;0;0;2;3;2;0;1;0;5;1;0;0;0;0;0;1;180;59;19;7;53;4;19;3;4;12;4;0;2;0;3;0;0;0;2;9;9;0;1;1;0;0;0;1;0;0;0
102;"Biblioteka Miejska w Łodzi Filia Nr 72, ul. Wincentego Kadłubka 40, 93-248 Łódź";106101;"m. Łódź";"Łódź";"łódzkie";1;1;1;0;2;1;1;2;0;1;0;0;3;0;0;2;0;0;0;1;0;84;8;7;15;11;4;1;5;5;7;2;3;2;0;2;4;3;2;0;4;96;22;10;2;2;5;2;1;5;0;0;1;3;0;1;1;0;2;1;8;107;137;41;24;2;8;6;19;1;14;2;2;5;1;1;0;0;0;0;5;53;5;1;4;0;2;3;4;2;2;2;4;1;2;2;0;1;1;0;4;233;57;18;21;51;12;31;3;1;35;7;1;2;2;4;2;3;0;2;6;7;0;3;0;6;0;0;1;1;0;1
103;"Fundacja JiM, ul. Tatrzańska 105, 93-279 Łódź";106101;"m. Łódź";"Łódź";"łódzkie";1;1;9;0;2;1;1;1;0;0;2;0;1;0;0;1;2;0;0;1;1;93;32;15;11;5;6;5;8;0;7;1;1;5;0;1;2;1;2;4;4;128;40;23;8;11;3;3;1;5;6;1;0;7;0;6;5;3;3;1;6;139;173;63;44;3;37;10;13;7;4;4;3;3;3;3;5;0;0;0;4;52;7;4;6;2;0;4;2;0;0;2;4;3;1;2;0;0;3;1;3;364;95;30;36;71;11;46;3;5;43;5;5;1;1;3;4;2;0;11;9;6;1;0;0;3;0;2;0;1;3;1
104;"Szkoła Podstawowa nr 189, ul. Juliusza Kossaka 19, 93-213 Łódź";106101;"m. Łódź";"Łódź";"łódzkie";1;1;7;1;1;2;1;2;0;2;0;0;0;0;1;0;0;0;1;2;0;79;21;13;11;7;4;6;4;2;4;4;1;3;1;0;0;2;2;1;4;96;37;21;4;4;5;9;2;3;3;7;4;3;0;4;2;0;4;2;4;143;174;48;49;5;13;12;7;3;4;8;2;4;2;4;2;0;0;1;6;54;5;5;2;1;0;4;2;2;2;0;3;4;0;2;0;1;2;0;1;295;78;25;21;84;8;44;5;0;36;10;0;0;10;6;0;2;0;3;12;16;1;0;0;3;0;0;0;0;0;0
105;"XXV Liceum Ogólnokształcące im. Stefana Żeromskiego, ul. Podhalańska 2A, 93-224 Łódź";106101;"m. Łódź";"Łódź";"łódzkie";1;1;5;0;9;1;0;0;0;1;0;0;1;0;0;0;2;0;1;1;0;99;14;14;6;6;8;1;5;3;4;2;3;1;4;1;0;2;2;1;5;92;21;20;5;11;12;0;3;0;0;6;0;2;0;1;1;1;5;1;5;100;175;47;34;7;16;8;5;2;1;4;2;2;2;1;0;0;0;0;10;40;3;3;2;0;0;0;0;2;0;1;1;4;2;2;0;0;1;2;2;235;76;24;22;79;6;36;2;3;21;6;2;5;11;3;1;5;3;0;7;4;5;0;0;1;0;1;1;0;0;0
106;"XXV Liceum Ogólnokształcące im. Stefana Żeromskiego, ul. Podhalańska 2A, 93-224 Łódź";106101;"m. Łódź";"Łódź";"łódzkie";1;1;2;1;2;0;0;0;0;2;0;0;1;1;1;2;1;0;1;1;0;56;6;9;6;4;5;4;2;0;8;1;0;2;1;1;1;0;4;0;4;65;25;22;7;5;4;4;4;5;3;0;0;0;0;3;0;1;3;1;2;83;81;22;18;2;7;9;5;3;4;2;1;4;0;0;0;0;0;1;5;39;8;2;7;2;0;6;1;0;0;1;2;2;1;0;1;0;0;0;3;183;52;20;17;43;9;17;1;2;17;4;1;1;9;7;1;1;1;2;7;7;1;0;0;0;1;0;0;1;1;0
107;"Dom Ludowy ""Józefów"", ul. Józefów 43, 93-615 Łódź";106101;"m. Łódź";"Łódź";"łódzkie";1;1;3;0;3;2;0;0;0;0;1;1;1;0;1;1;0;0;1;0;1;45;8;5;5;3;0;0;3;0;0;0;0;3;0;1;2;0;1;0;0;41;15;9;1;3;0;6;1;2;0;1;1;0;0;1;1;0;0;4;2;22;115;12;8;0;3;1;30;0;1;0;2;0;1;0;0;0;1;0;1;41;2;1;1;0;0;4;0;0;2;1;0;3;0;0;0;0;0;0;1;144;23;7;14;27;6;24;2;7;14;4;0;0;0;7;0;0;0;1;9;11;0;1;0;4;1;0;0;0;0;0
108;"Klub Osiedlowy Nr 1 Spółdzielni Mieszkaniowej ""Chojny"", ul. Skupiona 3, 93-323 Łódź";106101;"m. Łódź";"Łódź";"łódzkie";1;1;8;1;1;0;1;0;0;0;0;1;0;0;0;0;0;0;0;2;1;60;30;4;13;2;0;5;1;0;4;1;1;1;0;0;3;0;9;2;1;109;33;9;3;5;4;2;1;2;1;0;0;3;1;2;0;0;2;0;7;122;162;27;26;3;4;7;24;2;4;6;4;2;0;1;2;0;1;0;7;33;0;5;8;0;3;2;1;2;0;1;3;2;0;1;0;1;0;2;0;285;42;23;26;71;5;27;0;1;26;6;0;0;1;8;2;0;0;0;18;6;4;1;0;2;3;1;1;0;0;1
109;"Szkoła Podstawowa nr 162 im. Jana Nowaka Jeziorańskiego, ul. Powszechna 15, 93-321 Łódź";106101;"m. Łódź";"Łódź";"łódzkie";1;1;6;1;2;1;0;0;1;0;0;0;2;1;2;4;1;0;0;2;1;165;35;19;31;8;9;4;7;4;3;2;4;6;5;3;6;3;2;2;7;127;41;11;9;8;13;1;1;1;2;4;1;3;0;3;3;0;2;0;11;116;197;38;35;11;24;7;24;3;9;5;3;3;2;3;1;3;2;1;8;76;8;3;8;2;1;3;1;6;0;2;0;5;1;4;0;0;1;2;7;452;100;30;30;137;9;53;0;4;50;8;4;1;0;5;1;4;3;2;12;15;1;3;4;3;1;1;1;0;1;0
110;"Szkoła Podstawowa nr 162 im. Jana Nowaka Jeziorańskiego, ul. Powszechna 15, 93-321 Łódź";106101;"m. Łódź";"Łódź";"łódzkie";1;1;5;3;1;3;2;2;1;1;0;0;0;1;0;0;2;3;1;1;1;120;31;13;29;5;8;7;6;6;5;2;1;2;2;2;0;1;0;2;8;164;30;8;6;5;9;1;0;6;4;4;1;3;0;4;2;1;2;1;11;163;305;67;33;4;22;14;54;4;12;5;3;5;1;0;3;0;0;2;6;60;3;2;8;0;2;2;1;0;1;3;3;3;0;2;0;1;2;0;3;461;115;37;41;121;16;42;4;2;57;11;2;3;2;7;0;2;1;3;17;10;2;5;0;0;0;0;2;0;0;2
111;"Szkoła Podstawowa nr 110 im. Partyzantów Ziemi Łódzkiej, ul. Zamknięta 3, 93-323 Łódź";106101;"m. Łódź";"Łódź";"łódzkie";1;1;24;3;3;1;0;1;1;1;0;1;4;0;0;1;0;0;0;0;2;124;25;11;37;7;15;2;11;7;7;3;3;2;4;0;7;1;3;2;6;172;46;20;14;11;7;1;2;8;2;3;1;6;0;4;3;3;1;0;8;164;288;68;38;9;23;9;41;2;9;6;9;6;1;3;3;0;3;3;2;59;5;4;6;0;0;1;3;4;2;2;2;1;0;2;0;1;3;0;2;493;120;38;35;84;16;68;6;1;41;14;5;1;2;9;0;1;1;1;22;14;1;3;3;1;0;2;0;1;0;1
112;"Lokal Rady Osiedla Chojny, ul. Rzgowska 151, 93-303 Łódź";106101;"m. Łódź";"Łódź";"łódzkie";1;1;4;1;2;3;0;1;0;0;0;0;1;0;1;2;0;0;0;1;1;88;22;19;16;7;3;3;5;2;2;5;1;4;0;0;4;0;6;2;4;134;22;21;9;7;5;1;1;0;1;2;4;2;1;3;1;1;2;1;6;118;198;22;37;3;20;4;32;3;6;5;2;5;0;3;0;1;2;0;6;64;5;5;4;1;1;1;2;5;0;0;3;4;0;1;0;1;1;0;2;339;95;27;36;100;6;48;3;2;34;12;1;0;0;7;1;1;2;3;22;10;0;6;0;3;0;1;2;0;0;1
113;"Szkoła Podstawowa nr 109 im. Ludwiki Wawrzyńskiej, ul. Pryncypalna 74, 93-379 Łódź";106101;"m. Łódź";"Łódź";"łódzkie";1;1;12;1;4;3;3;0;0;3;1;0;0;0;0;1;1;1;0;0;0;102;16;10;12;13;5;0;7;4;6;1;0;4;3;4;0;2;4;5;5;116;31;17;5;16;10;1;0;3;1;1;0;2;0;1;3;0;1;0;9;147;236;48;54;7;22;9;40;2;15;3;4;7;3;5;3;0;0;0;7;62;5;4;6;2;0;2;5;0;2;0;5;7;0;0;0;0;1;3;5;368;102;27;23;81;10;48;0;2;52;7;4;1;6;3;1;2;1;2;12;12;2;2;0;0;1;5;0;0;0;3
114;"Szkoła Podstawowa nr 109 im. Ludwiki Wawrzyńskiej, ul. Pryncypalna 74, 93-379 Łódź";106101;"m. Łódź";"Łódź";"łódzkie";1;1;5;3;2;0;0;0;1;1;1;0;0;0;1;0;0;1;0;1;4;106;15;12;14;8;7;4;1;2;4;2;0;1;3;1;6;1;2;0;3;150;27;7;5;12;5;4;1;1;3;0;1;1;0;4;1;0;2;3;5;124;209;40;35;4;9;3;27;6;13;0;1;0;1;3;3;0;0;0;6;42;3;3;5;1;0;1;0;1;3;1;2;5;0;0;0;0;3;2;4;375;94;29;26;81;5;34;0;1;30;5;2;0;0;11;1;0;2;1;19;13;0;0;0;1;0;0;0;0;0;1
115;"XLIII Liceum Ogólnokształcące im. Juliana Tuwima, ul. Królewska 13/15, 93-319 Łódź";106101;"m. Łódź";"Łódź";"łódzkie";1;1;5;1;1;1;0;1;0;0;0;0;2;0;1;3;0;0;1;0;0;73;21;11;19;5;3;1;0;1;3;1;1;3;0;1;0;1;0;2;5;71;21;12;10;3;4;1;1;3;1;2;0;2;0;2;2;0;4;0;4;84;156;20;21;5;6;1;17;6;5;4;5;1;4;2;4;0;1;0;3;40;6;0;9;0;1;3;2;3;1;1;0;3;0;2;0;1;1;0;2;229;50;11;27;62;5;29;1;1;18;4;1;0;0;5;2;1;1;1;18;14;0;2;0;2;1;0;0;0;0;1
116;"XLIII Liceum Ogólnokształcące im. Juliana Tuwima, ul. Królewska 13/15, 93-319 Łódź";106101;"m. Łódź";"Łódź";"łódzkie";1;1;5;0;3;0;0;0;2;0;0;0;2;0;0;3;1;0;0;1;0;102;17;19;17;2;12;7;7;3;5;0;1;0;0;0;5;1;1;1;5;126;40;21;7;6;3;2;0;3;1;0;0;5;2;6;3;2;1;0;10;96;215;43;48;6;25;2;15;4;11;5;2;4;0;2;0;0;0;0;4;42;2;6;3;2;2;2;1;1;0;1;2;2;0;4;0;0;0;1;4;410;114;17;32;86;9;51;1;4;32;7;3;0;1;4;1;2;1;4;27;7;0;1;0;8;1;0;0;0;0;2
117;"Klub Osiedlowy Nr 2 Spółdzielni Mieszkaniowej ""Chojny"", ul. Gościnna 8, 93-356 Łódź";106101;"m. Łódź";"Łódź";"łódzkie";1;1;3;0;3;0;0;0;0;0;0;0;0;2;0;0;0;0;2;0;0;84;9;10;5;4;8;1;1;1;3;0;0;2;1;0;3;1;0;1;2;87;21;9;1;5;8;0;0;1;1;1;1;2;1;1;3;0;1;1;4;73;122;31;18;1;10;3;16;1;13;4;2;2;0;2;3;0;0;1;1;31;3;1;4;1;0;2;1;1;0;4;1;3;2;1;1;0;1;1;2;225;57;18;16;68;5;14;3;1;19;5;2;1;1;2;1;1;1;1;15;6;0;1;0;0;0;0;1;0;1;0
118;"Zakład Hoteli i Budynków Mieszkalnych przy Instytucie Centrum Zdrowia Matki Polki w Łodzi, ul. Paradna 46, 93-345 Łódź";106101;"m. Łódź";"Łódź";"łódzkie";1;1;4;0;8;2;1;0;0;0;0;1;0;0;0;0;0;0;1;0;0;181;31;21;14;2;9;4;5;1;8;5;4;4;1;0;3;1;1;1;4;110;38;24;3;4;11;3;0;3;2;1;0;5;1;5;2;2;0;0;5;96;189;21;21;9;4;3;17;2;4;2;1;2;3;1;1;1;4;1;8;75;5;6;5;2;0;4;1;1;1;1;2;2;0;3;0;3;2;2;2;510;108;25;52;197;10;89;3;0;69;11;3;0;7;16;0;2;1;2;33;11;0;1;0;4;0;0;1;0;0;4
119;"Krajowe Towarzystwo Autyzmu Oddział w Łodzi, ul. Chocianowicka 198, 93-460 Łódź";106101;"m. Łódź";"Łódź";"łódzkie";1;1;1;0;0;0;0;0;0;2;0;0;1;0;0;1;1;0;0;1;0;49;2;9;4;6;4;0;3;1;2;1;1;2;0;0;3;0;2;1;1;42;6;7;0;1;3;1;1;0;0;0;1;0;0;0;7;0;0;0;1;60;97;21;12;3;8;6;17;1;1;2;3;2;1;0;1;0;0;0;4;32;0;0;5;1;0;0;2;0;0;0;1;0;0;0;0;0;1;0;0;105;20;11;12;39;3;13;1;0;17;2;0;2;0;0;0;0;1;1;6;3;0;0;0;0;2;3;1;0;0;0
120;"Centrum Zajęć Pozaszkolnych nr 2, ul. Sopocka 3/5, 93-490 Łódź";106101;"m. Łódź";"Łódź";"łódzkie";1;1;6;0;2;2;0;2;0;0;0;0;0;0;0;2;1;0;0;0;1;47;12;5;10;2;2;1;4;2;4;0;1;1;2;1;1;1;0;0;1;57;16;6;1;4;0;0;0;1;0;2;0;2;0;1;9;0;1;0;1;63;74;18;3;0;8;1;13;1;4;1;2;0;0;0;0;0;4;1;2;30;1;4;2;0;0;2;0;0;0;1;2;1;2;2;0;0;0;1;0;153;49;10;7;37;7;25;0;2;47;7;0;0;0;6;0;0;1;1;9;6;0;0;1;0;0;0;1;0;0;0
121;"Szkoła Podstawowa nr 138 im. Leopolda Staffa, ul. Stanisława Dubois 7/9, 93-491 Łódź";106101;"m. Łódź";"Łódź";"łódzkie";1;1;5;0;0;1;1;1;0;1;1;0;3;0;0;0;0;0;0;1;1;122;10;19;11;6;7;5;6;1;3;2;0;5;1;2;3;0;6;1;3;93;18;19;6;2;3;6;1;0;2;1;1;4;2;3;40;0;2;1;6;127;182;45;21;7;16;6;24;3;6;1;3;1;0;3;2;0;1;0;9;66;4;1;3;1;0;2;2;2;0;0;3;4;2;1;1;0;0;1;5;303;74;26;19;101;6;44;2;3;63;3;1;0;5;9;1;4;1;6;13;11;2;0;0;2;0;0;1;0;2;4
122;"Szkoła Podstawowa nr 138 im. Leopolda Staffa, ul. św. Franciszka z Asyżu 53, 93-479 Łódź";106101;"m. Łódź";"Łódź";"łódzkie";1;1;4;1;5;0;0;0;0;0;0;0;0;0;0;0;0;0;0;2;0;94;18;20;16;0;5;2;2;2;7;0;2;0;0;1;0;0;1;0;4;89;31;11;6;4;6;0;0;1;1;2;0;1;0;1;23;1;1;2;2;91;161;32;29;2;15;1;9;0;1;2;1;0;1;3;0;0;0;0;9;44;2;2;7;1;0;5;0;1;1;2;3;4;0;1;0;0;0;0;0;259;63;15;25;76;5;53;3;2;38;8;4;1;1;6;1;0;0;3;25;8;0;1;3;0;1;1;1;0;0;0
123;"Szkoła Podstawowa nr 138 im. Leopolda Staffa, ul. św. Franciszka z Asyżu 53, 93-479 Łódź";106101;"m. Łódź";"Łódź";"łódzkie";1;1;3;0;0;1;0;0;1;0;0;0;0;0;0;2;0;0;0;1;3;61;17;4;9;4;6;3;6;2;3;2;2;5;0;0;2;0;2;3;3;70;23;7;1;5;6;2;0;1;1;1;0;7;0;0;14;1;2;0;2;90;110;34;31;1;13;4;16;3;2;7;6;0;3;2;0;0;0;0;5;40;4;5;4;3;0;4;0;0;0;1;1;2;0;0;0;1;0;0;2;248;68;19;18;79;6;51;7;1;40;7;3;0;2;5;0;0;0;0;18;10;0;0;0;4;2;0;0;0;0;0
124;"Zespół Szkół Techniczno-Informatycznych im. Jana Nowaka-Jeziorańskiego, ul. Aleje Politechniki 37, 93-502 Łódź";106101;"m. Łódź";"Łódź";"łódzkie";1;1;1;2;1;1;1;2;1;0;0;0;1;0;1;0;0;0;1;0;0;56;11;0;8;7;3;0;3;4;1;0;0;5;2;1;1;1;0;0;4;60;16;14;3;4;4;1;1;0;2;5;0;2;1;2;3;1;0;0;4;53;91;17;27;0;14;3;10;2;1;0;1;1;2;1;0;1;0;1;2;40;1;3;6;0;0;2;0;2;3;0;2;2;1;1;1;1;1;2;2;176;33;17;18;54;5;40;1;2;29;7;1;0;0;6;0;1;0;2;9;7;0;1;0;0;0;1;0;0;0;0
125;"Szkoła Podstawowa nr 42 im. Stanisława Staszica, ul. Przyszkole 42, 93-552 Łódź";106101;"m. Łódź";"Łódź";"łódzkie";1;1;6;2;4;2;0;0;2;0;0;0;3;0;0;0;0;0;1;0;2;107;24;10;10;3;9;2;3;1;5;2;2;0;3;2;4;1;7;0;7;143;40;17;7;10;1;3;0;4;3;2;1;4;3;3;6;0;2;0;4;124;150;42;37;6;14;12;17;2;1;7;4;5;2;0;7;0;0;1;6;39;2;6;5;1;0;0;1;3;0;2;2;3;0;6;2;3;1;2;1;335;68;29;33;84;11;54;2;2;42;3;0;2;0;11;0;2;1;1;26;9;1;1;0;3;3;0;2;0;1;1
126;"Biblioteka Miejska w Łodzi Filia nr 73, ul. Piękna 35/39, 93-558 Łódź";106101;"m. Łódź";"Łódź";"łódzkie";1;1;2;3;0;4;0;2;1;3;0;2;1;0;0;2;1;0;0;1;1;152;24;19;14;14;4;2;2;3;4;2;1;5;0;2;1;3;6;1;3;142;41;25;8;7;6;0;0;4;2;3;2;0;0;5;6;0;1;1;15;201;173;48;78;4;17;7;19;5;2;4;3;1;1;1;3;0;2;0;7;57;6;6;7;0;1;2;2;1;0;3;6;5;2;0;1;1;0;1;1;454;94;24;25;106;15;46;1;3;62;5;2;1;6;13;1;6;1;2;26;13;0;5;0;4;0;4;0;0;1;3
127;"Zespół Szkół Techniczno-Informatycznych im. Jana Nowaka-Jeziorańskiego, ul. Aleje Politechniki 37, 93-502 Łódź";106101;"m. Łódź";"Łódź";"łódzkie";1;1;1;0;2;0;0;0;1;0;0;0;0;0;2;1;0;0;1;1;0;25;4;1;1;2;0;0;1;0;4;0;0;1;1;0;0;1;0;0;4;18;3;1;1;6;2;0;0;1;0;1;0;0;0;2;0;0;0;0;1;36;60;12;17;2;1;6;3;0;3;1;0;0;2;0;0;0;0;0;1;14;1;1;1;0;0;0;0;0;1;0;1;3;0;1;1;0;2;0;0;79;25;10;3;21;4;9;1;1;14;2;0;0;0;6;0;0;1;0;4;5;0;2;0;1;0;0;0;0;0;0
128;"Szkoła Podstawowa nr 7 im. Orląt Lwowskich, ul. Wiosenna 1, 93-535 Łódź";106101;"m. Łódź";"Łódź";"łódzkie";1;1;6;1;2;0;4;0;0;0;0;0;0;0;1;3;0;0;0;1;0;77;17;13;4;3;6;4;2;2;7;2;0;3;1;0;1;3;3;1;3;107;36;12;6;9;5;0;1;2;0;2;1;2;0;2;1;0;1;1;10;78;126;47;34;5;10;7;14;0;6;8;5;3;1;1;1;0;2;2;4;45;1;0;5;0;1;1;0;1;0;2;1;2;1;2;0;0;0;1;1;253;57;19;15;61;6;20;3;0;58;8;0;4;0;9;0;3;0;0;14;8;0;0;0;3;2;2;2;0;2;3
129;"Szkoła Podstawowa nr 7 im. Orląt Lwowskich, ul. Wiosenna 1, 93-535 Łódź";106101;"m. Łódź";"Łódź";"łódzkie";1;1;4;0;0;0;1;0;1;1;0;0;3;0;0;2;1;0;0;0;0;68;4;9;5;5;3;2;6;2;4;0;0;2;1;0;4;0;1;0;2;74;28;10;7;7;4;0;1;2;2;2;0;1;0;2;2;1;0;1;5;86;127;38;24;4;6;7;24;5;3;0;4;1;4;3;1;1;1;0;12;43;1;1;9;1;0;2;0;3;1;0;2;2;0;0;0;2;1;1;0;215;52;12;11;63;6;22;0;1;33;5;1;0;0;9;0;0;2;2;12;1;0;3;0;1;1;1;1;0;1;2
130;"Zespół Szkół Ekonomii i Usług, ul. Astronautów 19, 93-533 Łódź";106101;"m. Łódź";"Łódź";"łódzkie";1;1;2;2;2;0;0;1;0;1;0;0;1;1;0;0;0;0;1;2;1;48;7;2;7;2;3;1;1;1;0;3;0;1;0;1;1;0;2;0;4;88;13;9;2;2;2;4;1;2;1;0;2;5;0;4;0;0;0;2;5;50;70;21;15;2;5;3;9;2;4;3;1;1;1;1;2;0;0;0;2;30;5;0;0;0;1;4;1;0;1;1;0;0;0;1;0;1;0;1;1;161;42;10;11;32;4;23;0;0;29;2;1;1;0;1;1;0;0;2;8;4;0;0;1;0;1;1;1;0;0;0
131;"Zespół Szkół Ekonomii i Usług, ul. Astronautów 19, 93-533 Łódź";106101;"m. Łódź";"Łódź";"łódzkie";1;1;6;0;1;1;1;1;0;0;0;0;2;1;0;1;0;0;0;1;0;73;16;14;9;4;8;3;7;4;0;1;0;4;0;0;0;1;3;2;1;115;25;16;5;8;7;2;3;1;0;8;0;2;0;3;1;0;2;2;6;122;166;31;43;2;14;12;17;4;10;0;2;2;2;4;4;1;0;3;7;39;6;5;5;1;1;0;1;0;1;2;0;1;0;2;1;1;2;1;2;258;77;20;31;60;3;31;1;2;38;2;2;0;4;0;1;2;1;3;12;13;0;1;3;5;1;0;0;0;0;4
132;"Szkoła Podstawowa nr 51 im. Stefana Linkego, ul. Konstantego Ciołkowskiego 11A, 93-510 Łódź";106101;"m. Łódź";"Łódź";"łódzkie";1;1;5;1;3;0;1;0;0;0;0;1;0;0;0;0;1;0;0;0;1;55;15;7;8;6;3;0;7;0;1;1;0;4;2;1;1;0;1;1;2;89;18;14;9;4;0;1;0;1;3;1;0;2;0;1;3;0;1;0;2;87;114;22;29;6;10;2;4;5;4;3;2;2;1;1;1;0;0;0;4;40;1;3;4;1;2;1;0;1;2;0;1;1;0;0;0;2;0;0;1;175;51;13;20;41;4;43;1;3;36;5;0;2;0;1;0;1;0;2;9;1;0;0;2;0;0;0;0;0;0;0
133;"IX Liceum Ogólnokształcące im. Jarosława Dąbrowskiego, ul. Ignacego Paderewskiego 24, 93-025 Łódź";106101;"m. Łódź";"Łódź";"łódzkie";1;1;2;0;2;0;0;0;0;0;0;0;0;0;0;0;0;1;1;1;0;49;16;7;11;0;5;2;3;0;0;1;0;1;0;0;1;0;6;1;0;72;21;7;3;14;1;2;0;1;0;2;0;4;0;4;0;0;1;0;8;69;95;20;28;4;5;6;5;4;2;5;1;1;1;0;1;0;0;0;9;30;2;4;4;0;1;1;2;0;1;0;1;0;0;1;0;1;2;3;1;182;49;11;16;37;5;24;3;1;25;2;3;1;0;2;0;1;0;1;12;7;2;5;1;1;0;1;0;0;0;2
134;"Szkoła Podstawowa nr 113 im. Adolfa Dygasińskiego, ul. Unicka 6, 93-009 Łódź";106101;"m. Łódź";"Łódź";"łódzkie";1;1;5;2;2;0;2;0;0;1;0;2;2;0;0;2;0;1;0;2;0;83;15;8;11;2;6;1;6;2;3;2;4;7;1;0;3;3;4;2;3;144;29;23;6;11;3;3;1;4;3;2;0;1;0;8;1;1;2;0;3;167;191;56;30;7;16;12;15;2;3;2;1;6;4;2;1;0;0;0;5;50;6;6;7;1;1;1;1;2;4;0;1;4;1;3;0;0;1;1;1;357;77;26;21;77;9;42;3;2;34;18;0;1;1;5;0;1;0;8;26;15;0;2;0;5;1;1;0;0;0;2
135;"Szkoła Podstawowa nr 113 im. Adolfa Dygasińskiego, ul. Unicka 6, 93-009 Łódź";106101;"m. Łódź";"Łódź";"łódzkie";1;1;4;3;2;1;0;0;0;2;2;0;0;0;1;0;0;0;1;0;1;85;10;2;2;7;1;1;1;1;4;0;1;2;0;2;5;2;5;3;1;85;24;14;6;9;1;1;0;2;4;2;1;3;0;5;5;1;0;2;9;91;140;36;26;5;8;6;11;1;1;6;2;1;4;0;0;0;1;2;3;39;5;5;3;1;0;3;1;0;3;7;1;2;2;0;0;0;1;0;1;259;68;17;10;91;4;32;1;2;48;9;3;1;0;9;1;1;0;5;14;10;0;0;2;4;2;0;0;0;1;0
136;"Szkoła Podstawowa nr 51 im. Stefana Linkego, ul. Konstantego Ciołkowskiego 11A, 93-510 Łódź";106101;"m. Łódź";"Łódź";"łódzkie";1;1;4;3;3;0;0;1;0;1;0;0;0;0;0;0;0;0;1;1;0;68;9;8;17;3;3;1;2;1;3;3;0;2;0;0;0;0;4;1;3;86;24;9;5;6;5;0;3;2;2;1;1;5;1;0;0;0;2;0;12;102;123;20;31;6;14;6;13;1;7;3;0;2;3;1;0;0;0;0;8;32;0;0;6;0;0;2;0;0;2;1;0;2;0;0;0;0;0;0;0;262;75;16;11;47;5;30;4;3;49;5;1;2;1;2;1;2;2;3;16;12;2;3;1;1;2;1;2;0;0;0
137;"Liceum Ogólnokształcące ZNP, ul. Scaleniowa 6, 93-436 Łódź";106101;"m. Łódź";"Łódź";"łódzkie";1;1;4;0;2;1;0;2;0;0;0;0;0;0;0;0;0;0;0;0;1;112;29;18;18;2;4;3;4;1;1;1;4;3;3;0;1;3;2;0;5;104;29;16;1;2;3;0;0;2;3;1;0;3;0;4;2;0;1;0;10;133;161;54;34;11;10;8;27;4;3;3;3;1;0;2;4;0;4;0;5;47;9;10;11;2;1;2;1;3;2;0;3;1;0;1;0;0;0;1;2;301;87;30;41;115;3;46;9;4;32;15;1;6;6;8;0;2;0;1;20;18;2;1;0;1;3;1;1;3;0;0
138;"Szkoła Podstawowa nr 125 im. Janusza Korczaka, ul. Dzwonowa 18/20, 93-429 Łódź";106101;"m. Łódź";"Łódź";"łódzkie";1;1;7;1;2;0;1;2;0;0;0;1;2;2;1;1;0;0;1;0;1;85;22;8;8;6;5;0;2;5;1;1;1;1;0;0;2;0;3;0;11;119;15;14;3;3;3;1;1;3;0;2;0;3;0;2;1;2;2;1;7;75;157;27;18;4;10;5;18;12;6;7;0;2;0;0;1;0;12;0;7;60;2;3;3;0;0;2;0;3;2;1;1;4;0;1;0;0;1;0;3;218;49;13;16;78;7;38;1;0;29;2;3;0;0;5;3;1;1;1;10;5;0;0;7;0;0;0;0;0;1;2
139;"Dom Pomocy Społecznej, ul. Rudzka 56, 93-423 Łódź";106101;"m. Łódź";"Łódź";"łódzkie";1;1;3;1;1;0;0;1;1;1;0;0;0;0;2;0;1;1;0;3;0;43;5;4;7;1;2;1;6;4;3;2;0;1;2;0;2;0;1;0;3;62;8;6;3;0;2;0;0;3;1;1;0;2;1;2;2;0;0;0;6;66;99;23;6;4;8;4;20;2;4;4;1;0;3;1;0;1;1;0;4;46;4;1;3;3;0;0;2;0;0;1;4;2;0;1;0;0;2;0;2;160;39;12;19;49;0;32;1;2;47;4;0;0;5;9;0;0;0;1;10;4;2;0;0;1;0;0;0;2;0;0
140;"Szkoła Podstawowa nr 143, ul. Kuźnicka 12, 94-459 Łódź";106101;"m. Łódź";"Łódź";"łódzkie";1;1;8;0;2;0;1;1;1;0;0;2;2;0;0;0;1;0;1;1;2;37;16;18;5;3;16;3;11;3;5;2;1;3;12;0;3;10;2;12;3;87;21;11;5;6;7;4;1;1;0;3;0;6;0;2;2;1;4;0;10;96;120;42;29;4;4;4;16;3;3;2;4;1;1;2;1;1;3;0;6;45;5;7;8;3;0;3;3;5;1;1;1;2;1;1;0;0;1;0;1;322;80;23;27;82;4;45;3;3;64;7;0;0;7;6;0;2;2;3;16;16;2;1;0;0;0;0;1;0;0;0
141;"Szkoła Podstawowa nr 125 im. Janusza Korczaka, ul. Dzwonowa 18/20, 93-429 Łódź";106101;"m. Łódź";"Łódź";"łódzkie";1;1;1;2;1;0;0;0;0;2;1;0;0;1;0;0;0;0;0;0;1;91;16;12;2;1;4;2;3;3;5;5;1;4;0;0;3;2;1;1;3;85;23;15;4;3;2;5;2;4;2;1;0;4;0;0;1;0;3;0;4;88;96;12;14;4;5;6;9;1;3;0;0;0;0;1;2;1;0;0;1;41;0;4;4;1;1;2;1;1;3;1;0;3;2;0;0;2;0;1;4;258;51;24;20;88;6;35;2;2;56;8;1;1;0;3;0;2;1;3;18;3;1;0;1;0;1;1;0;0;0;0
142;"Lokal Rady Osiedla Wiskitno, ul. Kolumny 311, 93-642 Łódź";106101;"m. Łódź";"Łódź";"łódzkie";1;1;1;1;0;0;0;0;0;0;0;0;0;0;0;0;0;0;1;0;1;47;11;6;6;1;7;4;1;1;0;0;0;6;1;1;3;0;3;4;3;29;3;6;1;1;2;0;2;0;1;1;0;0;1;0;0;0;1;0;3;42;86;12;15;4;7;1;4;0;4;2;0;2;1;0;2;1;1;0;2;19;4;0;8;0;0;1;3;0;0;0;2;3;0;1;0;0;0;0;0;110;25;15;18;30;6;14;2;3;12;3;1;0;4;3;0;0;0;1;4;2;1;0;0;1;0;0;0;0;0;0
143;"Szkoła Podstawowa nr 130 im. Marszałka Józefa Piłsudskiego, ul. Gościniec 1, 93-645 Łódź";106101;"m. Łódź";"Łódź";"łódzkie";1;1;7;1;3;0;0;1;0;0;1;0;2;0;2;0;0;0;1;0;0;114;28;11;19;3;8;19;9;3;4;1;3;3;1;0;1;0;1;3;10;75;23;13;4;4;6;2;1;3;0;2;1;1;1;3;0;1;0;0;1;98;343;31;26;3;58;3;11;5;7;3;4;3;1;0;2;1;0;0;9;79;5;8;12;2;2;5;1;2;2;3;5;3;0;2;0;1;2;0;1;270;49;18;23;81;18;33;7;4;26;7;2;3;2;5;1;5;3;1;14;14;2;4;0;9;2;0;1;2;3;1
144;"Szkoła Podstawowa Mistrzostwa Sportowego Marcina Gortata, Szkoła Mistrzostwa Sportowego Liceum Ogólnokształcące Marcina Gortata, ul. Minerska 1/3, 94-304 Łódź";106101;"m. Łódź";"Łódź";"łódzkie";1;1;5;2;2;0;1;2;0;0;0;0;2;1;1;0;0;1;0;1;0;112;12;15;15;3;5;2;3;4;2;0;0;3;0;0;3;1;5;0;1;77;29;21;7;0;7;1;1;1;1;0;2;4;2;3;8;0;3;0;6;117;93;33;33;2;11;5;1;3;4;2;3;2;0;3;1;1;0;2;7;56;1;3;9;1;1;3;0;0;3;2;0;2;0;0;0;0;1;1;1;298;86;20;23;112;7;63;3;1;30;7;1;0;1;4;1;0;0;3;11;7;4;3;0;0;0;0;0;0;1;1
145;"XVIII Liceum Ogólnokształcące im. Jędrzeja Śniadeckiego, ul. Feliksa Perla 11, 94-203 Łódź";106101;"m. Łódź";"Łódź";"łódzkie";1;1;2;3;1;1;0;0;0;0;0;2;1;0;0;0;0;1;2;0;1;63;22;11;14;2;5;1;3;2;3;2;1;1;0;0;0;1;0;1;2;51;19;12;2;0;4;2;2;0;1;1;0;0;2;0;1;0;0;0;2;47;43;18;12;1;4;4;1;0;3;0;0;4;2;0;0;0;1;1;1;21;4;3;3;1;0;4;0;0;1;0;0;1;0;0;0;0;1;1;3;162;43;14;6;61;8;33;2;1;23;4;1;0;1;9;0;3;0;1;11;2;0;0;1;0;0;0;1;0;0;1
146;"XVIII Liceum Ogólnokształcące im. Jędrzeja Śniadeckiego, ul. Feliksa Perla 11, 94-203 Łódź";106101;"m. Łódź";"Łódź";"łódzkie";1;1;1;0;3;0;1;1;0;0;0;0;3;0;0;0;0;0;0;0;0;58;13;5;6;3;1;0;2;2;5;4;0;2;0;2;3;1;4;0;1;48;29;15;5;3;3;4;1;3;3;0;0;1;1;4;1;1;1;0;6;91;61;29;21;1;16;4;4;0;6;1;0;1;1;1;1;0;0;0;7;33;1;1;2;2;0;2;0;2;3;0;0;1;0;1;0;1;1;0;2;228;52;15;8;56;7;40;5;1;22;6;3;0;3;9;0;0;0;0;8;6;0;2;1;2;2;1;0;0;0;0
147;"Szkoła Podstawowa nr 91 im. Leonida Teligi, ul. Marcina Kasprzaka 45, 91-078 Łódź";106101;"m. Łódź";"Łódź";"łódzkie";1;1;6;0;4;2;2;1;0;0;1;0;1;0;1;0;0;1;0;2;2;85;26;15;12;7;9;2;9;1;11;1;0;2;2;0;2;1;4;0;2;156;54;29;14;20;8;1;1;3;2;4;1;2;0;5;1;0;5;0;3;150;164;66;50;6;18;11;7;9;5;7;3;1;4;3;4;1;0;0;7;62;8;5;8;2;0;2;2;1;0;2;2;2;0;0;0;0;2;1;5;399;104;30;38;87;6;96;4;2;57;11;0;0;3;8;0;1;1;2;22;13;2;3;0;2;1;1;3;0;1;0
148;"XXXIV Liceum Ogólnokształcące im. Krzysztofa Kieślowskiego, ul. Wapienna 17, 91-087 Łódź";106101;"m. Łódź";"Łódź";"łódzkie";1;1;11;2;6;1;0;0;1;2;1;0;2;0;1;0;0;0;0;0;0;98;18;13;7;5;11;0;6;2;1;3;1;3;0;1;4;0;1;3;3;120;55;27;11;9;6;0;3;3;1;4;0;0;2;11;3;0;3;0;13;112;112;51;48;5;27;5;17;9;2;3;3;7;3;1;2;0;1;0;12;60;2;7;2;0;1;0;2;0;0;2;3;3;0;1;0;0;1;0;3;359;83;23;27;97;8;111;1;2;36;8;4;0;0;7;1;3;1;0;28;14;0;0;1;4;2;0;0;1;0;1
149;"Szkoła Podstawowa nr 91 im. Leonida Teligi, ul. Marcina Kasprzaka 45, 91-078 Łódź";106101;"m. Łódź";"Łódź";"łódzkie";1;1;4;0;0;0;1;0;1;0;0;0;1;0;1;1;1;1;0;0;0;47;13;5;11;6;5;2;2;0;1;1;0;0;0;0;3;0;0;0;2;69;25;14;2;9;3;1;0;5;3;2;1;2;2;5;1;0;2;0;0;86;84;29;46;6;7;8;4;4;2;1;3;3;1;1;0;1;0;0;3;47;3;1;6;0;1;0;0;0;2;0;2;2;0;0;0;0;0;1;1;200;53;12;14;56;4;44;1;0;21;3;0;0;1;14;0;1;0;0;12;5;0;1;0;2;2;1;1;0;0;1
150;"Miejskie Centrum Medyczne „Polesie” w Łodzi Przychodnia nr 33, ul. Marcina Kasprzaka 27, 91-078 Łódź";106101;"m. Łódź";"Łódź";"łódzkie";1;1;4;0;4;0;0;1;0;1;0;0;1;0;0;1;0;1;0;0;1;46;7;5;5;1;3;1;4;0;2;2;1;2;0;0;1;0;2;0;1;48;30;9;5;13;4;2;0;2;2;2;2;1;0;5;1;0;0;1;3;83;81;28;37;6;9;6;4;4;3;1;2;2;3;2;1;0;0;0;7;21;3;6;1;0;0;7;1;1;1;0;1;2;0;1;0;1;0;0;2;199;55;15;13;50;6;39;2;2;40;2;1;1;6;2;0;0;0;0;5;3;0;0;0;2;0;0;0;0;0;0
151;"Szkoła Podstawowa nr 36 im. Zenona Wasilewskiego, ul. płk. dr. St. Więckowskiego 35, 90-734 Łódź";106101;"m. Łódź";"Łódź";"łódzkie";1;1;6;2;3;0;0;0;0;2;1;2;1;0;0;1;0;0;0;1;1;52;12;12;9;5;6;1;2;1;1;1;0;0;0;0;2;0;5;0;3;96;22;24;5;9;7;1;4;2;3;5;1;2;0;7;0;1;0;1;5;90;81;30;36;7;10;9;6;1;1;3;1;3;5;1;3;0;1;1;5;37;1;1;7;1;1;1;4;4;1;1;0;2;0;1;0;0;0;1;1;236;48;10;17;61;5;37;3;0;44;1;2;0;1;11;3;0;5;1;12;7;1;1;0;1;0;1;0;0;0;1
152;"Zespół Szkół Ekonomiczno-Turystyczno-Hotelarskich im. Władysława Grabskiego, al. 1 Maja 89, 90-755 Łódź";106101;"m. Łódź";"Łódź";"łódzkie";1;1;1;2;1;0;2;2;3;1;1;0;2;0;0;2;0;0;2;0;1;73;17;24;18;3;7;2;2;5;6;6;1;2;1;0;5;1;3;1;2;115;37;31;13;7;17;5;3;3;1;1;0;5;0;9;1;2;4;1;8;120;106;43;44;3;17;6;7;1;2;4;2;3;2;1;6;2;1;0;3;65;1;6;11;0;0;2;2;2;1;1;2;1;0;2;0;2;0;1;3;368;63;19;22;88;9;49;3;5;46;9;4;1;3;7;1;4;1;0;20;6;2;0;1;0;0;2;0;0;0;1
153;"Szkoła Podstawowa nr 36 im. Zenona Wasilewskiego, ul. płk. dr. St. Więckowskiego 35, 90-734 Łódź";106101;"m. Łódź";"Łódź";"łódzkie";1;1;5;1;5;2;0;1;1;2;0;1;1;0;2;2;0;0;1;5;4;76;15;16;10;3;5;2;4;5;1;1;0;1;0;1;2;0;6;1;3;120;46;34;10;9;8;8;2;6;1;3;0;4;0;5;1;1;0;2;6;117;119;38;46;4;10;11;9;3;2;2;2;1;0;4;1;0;1;1;11;58;2;0;7;1;2;2;2;4;1;0;0;2;0;0;0;2;0;2;1;283;58;11;21;124;7;41;5;6;52;8;3;0;3;4;3;5;1;0;15;2;2;0;0;2;1;2;0;0;0;2
154;"Szkoła Podstawowa nr 152, ul. 28 Pułku Strzelców Kaniowskich 52/54, 90-559 Łódź";106101;"m. Łódź";"Łódź";"łódzkie";1;1;9;2;2;2;0;0;0;0;0;0;0;0;1;2;0;0;0;2;0;77;8;19;13;4;5;4;3;0;6;0;2;1;1;0;6;3;2;1;7;62;37;20;14;5;5;3;1;1;2;1;2;2;0;3;4;2;0;0;5;56;81;15;25;6;12;14;6;1;1;5;2;2;2;0;0;2;1;1;3;50;6;2;13;0;0;1;1;3;4;1;2;3;0;1;0;0;1;1;0;214;53;11;17;76;9;55;6;1;39;9;1;2;4;4;0;0;1;2;14;5;0;0;0;1;0;1;0;0;0;2
155;"Zespół Szkolno-Przedszkolny Nr 4, ul. Kpt. Stefana Pogonowskiego 27/29, 90-745 Łódź";106101;"m. Łódź";"Łódź";"łódzkie";1;1;3;0;0;0;0;2;0;3;0;1;1;1;0;3;0;1;1;3;2;59;16;3;10;2;3;2;4;1;3;3;1;2;2;0;2;1;6;2;4;79;31;27;3;8;10;4;1;3;1;0;0;0;0;5;0;0;0;4;3;110;79;25;28;6;16;8;7;4;2;3;0;3;0;1;0;0;0;0;2;40;2;4;1;3;0;1;1;2;0;0;1;2;0;2;0;0;1;0;2;198;43;18;14;74;11;44;2;0;37;4;2;1;0;10;0;1;4;2;14;7;0;2;1;2;2;0;0;0;1;0
156;"Szkoła Podstawowa nr 36 im. Zenona Wasilewskiego, ul. płk. dr. St. Więckowskiego 35, 90-734 Łódź";106101;"m. Łódź";"Łódź";"łódzkie";1;1;4;2;3;2;1;1;1;0;0;0;1;1;0;0;1;0;5;2;2;72;6;11;9;2;5;2;2;1;4;3;1;3;0;0;2;0;2;2;3;102;45;31;13;13;13;4;3;2;2;2;1;1;0;3;1;0;2;1;4;113;132;41;35;4;29;8;14;5;0;3;3;1;1;3;1;0;0;2;11;56;3;2;8;1;1;2;2;1;1;1;1;4;0;1;0;0;1;1;4;277;51;11;27;113;15;52;2;1;56;8;4;3;2;8;1;0;1;4;15;7;1;0;2;2;0;1;1;1;0;4
157;"Szkoła Podstawowa nr 160 im. Powstańców Śląskich, ul. Andrzeja Struga 24A, 90-513 Łódź";106101;"m. Łódź";"Łódź";"łódzkie";1;1;2;4;0;0;0;0;0;0;0;0;0;1;0;2;0;0;0;0;1;36;0;0;4;0;2;0;3;1;1;0;0;1;0;0;0;0;0;0;2;41;9;6;3;3;3;4;0;0;1;3;0;1;0;1;2;0;0;1;1;44;42;17;12;1;3;3;0;2;1;0;2;0;2;0;1;0;0;0;3;18;0;0;2;0;0;1;0;0;0;1;0;1;0;0;0;0;1;0;1;99;33;10;12;28;6;17;3;1;13;0;1;0;1;7;0;0;0;1;5;4;1;0;0;1;0;2;0;0;1;0
158;"Szkoła Podstawowa nr 160 im. Powstańców Śląskich, ul. Andrzeja Struga 24A, 90-513 Łódź";106101;"m. Łódź";"Łódź";"łódzkie";1;1;4;0;2;0;1;0;0;1;0;0;0;1;0;1;0;0;0;0;0;42;6;3;4;3;2;4;2;1;0;0;0;1;0;0;2;1;0;0;0;29;15;16;7;4;2;1;1;3;1;0;0;2;1;1;1;3;1;1;5;50;62;15;29;3;11;4;2;6;2;6;3;0;3;1;1;0;1;2;2;29;3;4;4;1;0;0;2;0;2;2;2;1;0;1;0;2;0;1;1;158;23;17;12;37;6;24;3;1;26;4;0;0;1;6;0;0;2;0;7;0;1;1;0;0;0;0;1;0;0;0
159;"I Liceum Ogólnokształcące im. Mikołaja Kopernika, ul. płk. dr. St. Więckowskiego 41, 90-734 Łódź";106101;"m. Łódź";"Łódź";"łódzkie";1;1;2;0;2;0;1;0;1;0;0;0;1;1;0;2;0;0;1;0;1;47;14;4;11;4;6;2;4;2;1;1;2;1;0;0;0;0;3;2;1;74;21;11;5;5;2;0;0;2;0;4;1;1;0;0;1;0;1;1;5;59;58;18;42;2;11;5;2;1;1;3;4;1;0;0;2;0;0;0;3;29;1;1;1;2;0;1;0;0;3;0;2;1;0;1;0;0;1;0;1;119;34;8;17;49;4;39;1;2;17;4;0;0;0;2;1;2;0;1;16;5;0;1;1;0;1;0;1;0;0;0
160;"Zespół Szkolno-Przedszkolny Nr 4, ul. Kpt. Stefana Pogonowskiego 27/29, 90-745 Łódź";106101;"m. Łódź";"Łódź";"łódzkie";1;1;2;0;4;0;0;0;0;0;0;0;2;0;0;0;0;0;2;1;0;45;12;11;6;7;6;3;1;2;0;1;0;1;1;0;1;1;3;0;3;52;20;12;11;4;3;3;0;1;0;1;0;2;0;1;3;0;0;0;3;69;75;14;32;3;7;5;3;0;0;3;1;0;4;2;0;0;1;0;2;32;2;1;2;0;1;0;1;0;0;1;1;0;0;0;1;0;1;0;4;156;28;11;16;74;5;29;2;1;22;7;2;0;1;5;0;1;0;0;15;4;0;2;1;3;0;0;1;0;0;0
161;"Szkoła Podstawowa nr 46 im. Józefa Chełmońskiego, ul. kpt. pilota Żwirki 11/13, 90-528 Łódź";106101;"m. Łódź";"Łódź";"łódzkie";1;1;4;0;2;1;0;0;0;3;0;0;0;0;0;0;0;0;0;1;0;69;15;12;17;2;3;1;4;1;3;2;1;2;0;1;0;0;0;6;0;77;36;22;7;8;4;5;1;3;0;4;3;1;1;4;1;1;3;0;2;73;73;22;27;5;13;1;2;0;4;3;3;0;1;2;0;0;0;0;3;43;5;2;9;0;0;3;0;1;2;4;2;1;0;5;0;1;0;1;0;196;57;13;19;89;11;40;12;1;21;6;3;1;4;11;0;3;0;1;8;5;1;3;1;2;0;1;0;0;0;2
162;"Centrum Kształcenia Zawodowego i Ustawicznego w Łodzi, ul. Stefana Żeromskiego 115, 90-542 Łódź";106101;"m. Łódź";"Łódź";"łódzkie";1;1;11;2;2;0;2;0;3;0;1;0;3;0;0;1;1;0;0;1;1;101;28;16;20;10;7;1;8;1;4;1;1;2;5;2;2;0;4;2;1;68;54;24;12;10;7;5;0;6;5;1;2;2;1;7;3;0;2;1;1;61;65;23;24;3;9;7;4;1;0;0;3;2;2;0;2;0;1;0;5;80;3;5;14;1;3;0;1;2;0;0;2;2;2;4;0;2;4;2;1;203;73;16;26;105;11;34;2;2;34;9;1;0;1;8;6;2;2;1;13;5;0;1;0;1;1;0;0;1;1;4
163;"Szkoła Podstawowa nr 152 im. Elizy Orzeszkowej, ul. 28 Pułku Strzelców Kaniowskich 52/54, 90-559 Łódź";106101;"m. Łódź";"Łódź";"łódzkie";1;1;3;1;1;1;0;0;1;0;0;0;0;0;0;1;0;0;0;1;1;47;17;4;6;2;0;4;2;5;1;1;0;0;0;0;0;2;1;0;3;66;17;13;3;8;3;2;1;1;2;0;0;1;0;1;1;1;2;1;3;36;60;21;20;6;6;3;4;3;2;2;1;4;0;1;1;1;0;0;0;27;3;4;5;3;0;1;1;0;3;0;3;3;1;1;0;0;1;1;1;174;33;15;16;45;3;19;1;3;26;2;3;2;1;6;0;2;0;2;15;2;0;0;0;0;1;0;1;0;1;0
164;"Zespół Szkół Specjalnych nr 2, ul. Karolewska 30/34, 90-561 Łódź";106101;"m. Łódź";"Łódź";"łódzkie";1;1;9;1;1;0;0;1;0;0;0;1;2;1;0;0;0;0;0;1;0;144;40;23;28;4;7;4;7;2;0;0;2;2;2;1;5;2;10;1;4;133;53;58;16;11;7;5;2;1;3;8;0;3;6;4;5;1;2;2;6;133;110;37;38;2;10;4;5;2;3;2;3;5;5;7;2;0;2;0;7;80;10;9;8;0;0;5;0;2;1;2;3;2;1;2;0;2;4;1;6;444;125;41;37;148;15;82;3;4;40;13;3;0;3;11;0;0;0;6;30;12;0;1;2;0;1;1;0;0;1;0
165;"XXI Liceum Ogólnokształcące im. Bolesława Prusa, ul. Mikołaja Kopernika 2, 90-509 Łódź";106101;"m. Łódź";"Łódź";"łódzkie";1;1;4;1;1;0;0;0;0;2;0;0;2;0;0;1;1;0;0;0;3;78;12;8;6;1;4;3;6;2;1;1;2;1;2;0;0;0;2;1;0;74;38;19;6;4;10;3;2;3;2;2;0;1;0;4;2;1;1;0;7;78;78;29;35;5;18;3;5;1;2;2;4;1;3;1;0;0;0;0;4;52;5;3;1;0;0;1;0;1;1;0;1;2;0;1;1;0;1;0;1;202;61;22;13;94;5;37;1;2;33;5;2;1;0;4;0;2;0;0;20;5;0;0;2;2;1;0;0;0;0;0
166;"Szkoła Podstawowa nr 19, al. Ks. Kardynała Stefana Wyszyńskiego 100, 94-050 Łódź";106101;"m. Łódź";"Łódź";"łódzkie";1;1;4;2;3;0;1;0;0;2;1;0;0;0;0;0;0;0;0;0;1;138;46;32;38;0;5;5;8;6;3;4;3;4;1;0;2;0;4;2;4;87;33;23;7;6;2;3;0;2;0;1;1;0;0;2;0;0;6;2;8;161;128;43;26;5;13;5;9;0;5;2;1;1;1;2;0;0;1;0;6;54;6;3;4;4;1;3;1;1;1;0;2;4;0;1;0;1;1;0;3;555;100;48;61;216;15;131;12;4;19;13;1;0;3;11;1;3;1;0;50;9;0;7;0;1;1;0;2;0;1;0
167;"Integracyjna Szkoła Podstawowa nr 67 im. Janusza Korczaka, ul. Maratońska 47B, 94-102 Łódź";106101;"m. Łódź";"Łódź";"łódzkie";1;1;5;0;2;0;1;2;0;1;0;0;0;0;0;1;0;0;0;1;0;57;10;6;4;2;4;3;2;5;2;2;0;2;0;0;3;0;0;1;2;73;21;7;7;5;8;0;3;3;4;2;0;4;0;4;2;0;1;0;4;110;96;29;22;10;9;6;6;3;0;3;0;0;1;0;1;1;1;0;3;37;2;1;2;0;1;2;2;0;3;1;0;2;0;0;0;0;3;2;2;229;62;12;11;64;5;48;4;0;13;4;1;4;0;6;1;3;1;0;13;4;0;0;0;2;2;0;2;1;0;2
168;"Integracyjna Szkoła Podstawowa nr 67 im. Janusza Korczaka, ul. Maratońska 47B, 94-102 Łódź";106101;"m. Łódź";"Łódź";"łódzkie";1;1;5;0;1;1;0;0;0;2;0;0;0;2;0;0;1;0;0;0;0;61;21;7;8;4;3;2;0;3;2;1;0;1;2;1;2;0;1;1;2;87;23;12;5;4;5;2;4;1;0;1;0;5;0;3;0;0;4;4;6;92;126;32;9;2;6;6;6;1;3;2;2;1;0;0;0;0;1;1;6;32;0;1;2;1;1;1;0;1;0;0;2;1;0;1;0;0;0;0;1;291;50;16;18;97;9;36;2;0;16;4;1;2;0;5;0;0;0;0;14;5;1;1;1;3;0;0;1;1;0;3
169;"Szkoła Podstawowa nr 19, al. Ks. Kardynała Stefana Wyszyńskiego 100, 94-050 Łódź";106101;"m. Łódź";"Łódź";"łódzkie";1;1;2;0;2;0;0;1;0;2;0;1;1;0;0;1;0;0;1;0;1;71;13;7;8;1;6;2;3;0;3;2;2;5;0;0;3;0;6;1;1;87;14;11;7;17;3;0;1;1;7;2;2;2;0;1;1;2;1;0;2;106;99;32;22;2;10;3;3;1;1;2;0;1;0;0;0;0;0;0;2;29;2;4;2;0;2;1;0;1;1;2;1;3;0;0;0;0;0;0;1;294;63;17;17;53;6;35;3;1;17;5;0;1;0;4;0;3;0;0;16;4;1;2;4;3;0;1;0;1;0;0
170;"Szkoła Podstawowa nr 44 im. prof. Jana Molla, ul. Janusza Kusocińskiego 100, 94-054 Łódź";106101;"m. Łódź";"Łódź";"łódzkie";1;1;4;0;2;0;0;1;0;1;2;0;0;0;0;0;1;0;0;0;1;75;16;10;11;1;7;1;2;1;6;2;1;3;1;2;2;2;4;0;0;96;29;11;6;7;5;3;1;4;1;2;0;2;0;1;1;3;4;0;3;106;94;40;25;6;9;3;11;1;2;1;1;5;2;0;0;0;0;0;6;22;2;3;2;2;0;3;0;0;0;1;0;1;0;0;0;0;0;1;3;264;69;12;14;67;16;41;2;1;21;6;0;1;5;2;0;1;0;1;18;9;1;0;1;2;1;0;0;1;0;0
171;"Szkoła Podstawowa nr 44 im. prof. Jana Molla, ul. Janusza Kusocińskiego 100, 94-054 Łódź";106101;"m. Łódź";"Łódź";"łódzkie";1;1;5;2;1;0;0;1;2;0;0;0;1;0;0;1;1;0;0;2;0;104;16;17;12;2;3;2;9;0;2;1;5;4;1;1;0;0;6;0;2;97;22;14;8;12;3;3;2;2;4;1;0;2;0;2;4;0;1;0;4;122;104;41;21;1;9;6;11;5;2;2;2;0;0;2;2;0;2;0;8;33;3;4;6;2;0;2;0;0;1;0;0;8;0;0;2;1;0;2;4;402;81;28;19;99;10;52;4;0;24;5;2;0;0;4;0;1;0;0;22;8;2;1;1;1;1;0;0;0;0;0
172;"Szkoła Podstawowa nr 6, ul. Janusza Kusocińskiego 116, 94-054 Łódź";106101;"m. Łódź";"Łódź";"łódzkie";1;1;2;0;0;0;0;1;0;0;0;0;0;0;0;1;0;0;0;0;0;75;16;18;15;4;9;3;0;2;4;0;1;3;1;0;0;1;6;2;1;94;28;17;2;4;9;5;0;5;2;4;1;2;1;8;1;1;2;1;3;117;104;38;32;0;7;3;10;0;5;2;0;0;0;5;4;0;0;8;6;40;2;2;3;1;1;3;1;0;0;0;0;1;0;1;0;0;0;1;1;327;57;21;27;68;11;64;5;1;22;12;2;0;1;15;1;1;1;0;12;16;0;1;1;2;1;0;0;0;0;0
173;"Szkoła Podstawowa nr 6, ul. Janusza Kusocińskiego 116, 94-054 Łódź";106101;"m. Łódź";"Łódź";"łódzkie";1;1;5;0;2;1;0;1;0;0;0;1;3;0;0;1;0;0;2;0;1;107;18;11;10;4;9;1;5;1;4;0;2;3;0;0;2;0;7;1;2;75;28;20;12;7;4;2;0;1;1;2;0;0;0;5;2;0;3;0;1;108;86;23;31;3;6;2;4;0;5;5;6;1;0;0;2;0;1;1;7;44;2;4;4;1;0;1;0;0;0;0;0;4;0;0;0;3;0;1;2;317;73;20;22;57;14;42;1;0;26;4;2;0;0;16;0;3;1;1;22;11;3;1;2;2;0;0;0;1;0;0
174;"Szkoła Podstawowa nr 6, ul. Janusza Kusocińskiego 116, 94-054 Łódź";106101;"m. Łódź";"Łódź";"łódzkie";1;1;2;3;1;0;1;0;0;0;0;0;0;1;0;0;0;0;0;0;2;85;15;11;7;3;6;4;7;0;2;0;3;5;3;3;3;0;4;1;1;76;21;13;6;10;5;4;1;4;2;2;0;5;0;1;1;1;3;0;5;98;88;25;35;8;6;6;2;2;4;4;0;0;0;4;0;0;0;1;2;29;2;1;4;3;1;2;0;1;1;1;1;0;0;0;0;0;0;0;1;273;59;17;17;72;8;52;3;1;11;3;1;3;0;8;0;1;0;0;13;5;0;0;0;0;0;0;3;1;0;0
175;"Integracyjna Szkoła Podstawowa nr 67 im. Janusza Korczaka, ul. Maratońska 47B, 94-056 Łódź";106101;"m. Łódź";"Łódź";"łódzkie";1;1;4;1;1;0;0;0;1;1;0;0;0;1;2;0;0;0;1;0;0;77;17;10;9;6;7;3;2;0;4;1;1;3;0;0;2;1;3;2;3;81;29;14;6;7;4;0;1;1;0;0;0;4;1;1;2;0;3;0;5;107;108;48;31;2;7;12;4;4;4;2;1;1;1;1;1;0;0;0;2;40;1;2;4;1;3;1;1;0;3;0;1;1;0;1;0;1;0;1;1;285;86;27;18;71;7;45;2;1;21;15;1;1;2;11;0;0;0;2;19;12;0;1;0;2;1;0;1;1;1;2
176;"Integracyjna Szkoła Podstawowa nr 67 im. Janusza Korczaka (budynek Pałacu Młodzieży), al. Ks. Kardynała Stefana Wyszyńskiego 86, 94-050 Łódź";106101;"m. Łódź";"Łódź";"łódzkie";1;1;5;2;0;2;0;1;0;1;1;1;0;0;1;0;1;0;0;0;0;78;13;8;15;4;3;1;5;1;0;2;1;2;0;0;3;1;5;1;3;87;27;11;5;5;3;6;0;3;3;1;0;4;0;1;1;1;0;0;8;99;117;53;34;7;6;2;6;1;2;1;3;4;1;1;1;0;0;0;7;29;1;1;1;2;0;1;2;1;1;0;1;5;0;1;0;3;0;0;20;340;72;18;15;65;7;44;3;3;22;16;1;1;1;3;0;2;0;1;17;5;0;2;0;0;1;0;1;0;0;1
177;"Szkoła Podstawowa nr 19, al. Ks. Kardynała Stefana Wyszyńskiego 100, 94-050 Łódź";106101;"m. Łódź";"Łódź";"łódzkie";1;1;11;5;1;0;0;1;0;0;0;1;1;0;0;2;1;0;0;0;2;85;14;8;7;6;10;0;5;2;3;0;0;0;3;1;2;0;5;1;1;89;24;8;5;4;6;1;0;3;4;2;1;6;1;2;0;1;0;1;6;122;115;39;37;3;10;10;4;2;4;4;0;4;4;0;2;0;0;1;4;35;2;5;10;1;0;4;2;0;1;0;2;1;1;3;0;0;1;2;3;312;60;25;15;56;5;32;1;1;18;4;0;1;2;6;1;2;1;1;17;8;1;5;1;2;3;0;0;1;1;0
178;"Zespół Szkolno-Przedszkolny nr 1, ul. Krzemieniecka 24A, 94-017 Łódź";106101;"m. Łódź";"Łódź";"łódzkie";1;1;4;1;1;1;0;1;0;0;0;0;0;1;0;0;0;1;0;0;1;84;21;20;20;3;4;1;2;2;2;1;0;0;1;1;0;0;1;1;4;97;35;17;3;3;4;2;2;3;1;5;0;2;0;4;1;2;2;2;2;134;126;35;23;4;19;1;4;3;6;5;2;3;1;1;2;0;0;0;6;57;2;3;4;1;1;0;2;0;1;0;0;4;0;1;0;0;1;0;2;336;59;29;21;90;7;40;8;1;29;10;0;1;0;8;1;2;2;5;17;11;1;0;0;0;0;0;0;0;0;1
179;"XXVI Liceum Ogólnokształcące im. Krzysztofa Kamila Baczyńskiego, ul. Wileńska 22A, 94-029 Łódź";106101;"m. Łódź";"Łódź";"łódzkie";1;1;12;0;5;5;3;1;2;2;3;1;2;0;0;2;2;3;1;1;1;118;29;13;19;5;9;4;4;2;5;3;1;3;1;3;5;1;1;0;2;129;39;26;9;6;3;9;1;2;2;3;2;3;4;5;2;4;1;2;3;186;163;53;45;6;14;8;8;0;4;3;1;4;1;3;0;0;1;0;11;71;7;6;5;3;0;6;1;2;5;1;3;2;0;1;0;0;2;4;2;455;83;29;35;124;5;81;4;5;43;13;3;1;1;14;0;4;4;2;28;11;0;2;1;4;0;1;1;0;0;3
180;"XXVI Liceum Ogólnokształcące im. Krzysztofa Kamila Baczyńskiego, ul. Wileńska 22A, 94-029 Łódź";106101;"m. Łódź";"Łódź";"łódzkie";1;1;4;0;1;0;0;0;1;2;0;0;0;1;0;1;0;1;1;0;1;57;18;3;8;3;5;3;3;3;6;1;0;2;0;0;1;0;3;0;2;82;21;17;7;4;6;1;0;2;2;0;0;5;0;2;2;2;1;0;5;69;93;40;24;2;8;11;3;0;2;0;1;1;0;0;2;0;0;1;13;49;2;3;4;1;3;1;1;0;0;1;0;1;0;1;0;0;0;1;1;225;47;9;18;60;11;51;1;3;24;8;0;0;2;2;0;0;1;0;22;3;1;1;0;1;1;0;0;0;0;0
181;"Szkoła Podstawowa nr 164 im. Andrzeja Frycza Modrzewskiego, ul. Walerego Wróblewskiego 65, 94-035 Łódź";106101;"m. Łódź";"Łódź";"łódzkie";1;1;17;1;5;1;0;0;0;1;0;2;1;0;0;1;0;0;1;0;1;140;40;23;18;7;8;4;7;2;7;1;4;6;2;0;4;1;2;0;6;139;40;20;14;16;7;0;1;6;5;3;1;7;2;8;6;1;3;2;5;173;161;56;49;3;15;13;9;1;5;3;4;5;0;2;3;2;0;0;11;63;5;3;3;0;4;1;2;4;0;5;3;2;0;1;1;0;1;1;9;497;96;38;40;135;8;125;2;1;36;17;2;1;2;12;2;5;0;1;28;22;0;1;0;2;1;0;1;1;0;2
182;"Szkoła Podstawowa nr 137 im. Aleksandra Kamińskiego, ul. Olimpijska 9, 94-043 Łódź";106101;"m. Łódź";"Łódź";"łódzkie";1;1;6;0;5;0;0;1;1;1;0;0;2;0;0;0;0;0;1;2;1;111;30;8;8;9;8;4;6;6;2;2;2;1;4;2;1;0;6;3;6;125;47;20;12;7;6;2;1;4;1;0;1;4;1;1;4;1;2;0;15;162;195;76;52;8;16;10;10;5;2;4;7;2;0;0;1;1;3;1;10;64;0;2;4;0;0;1;1;1;2;0;0;2;0;1;1;0;0;1;0;532;104;38;35;99;10;67;3;3;37;10;2;0;0;5;0;0;1;2;31;16;1;3;4;0;1;2;1;0;2;0
183;"Szkoła Podstawowa nr 41 im. Króla Władysława Jagiełły, ul. Rajdowa 18, 94-003 Łódź";106101;"m. Łódź";"Łódź";"łódzkie";1;1;0;0;2;1;2;0;0;0;0;2;0;0;1;2;0;0;0;1;0;69;19;19;7;2;2;3;4;0;6;1;0;2;1;1;4;2;3;0;2;93;12;5;5;9;5;1;0;1;0;3;0;4;0;1;0;1;2;1;9;91;84;40;33;3;9;7;8;2;6;4;2;0;1;4;0;0;0;0;10;42;2;3;3;0;1;2;1;2;0;0;0;1;1;0;0;0;0;0;1;304;54;17;19;66;9;39;2;5;17;8;2;3;1;10;0;0;0;1;20;4;0;0;0;0;1;2;0;0;0;2
184;"Szkoła Podstawowa nr 41 im. Króla Władysława Jagiełły, ul. Rajdowa 18, 94-003 Łódź";106101;"m. Łódź";"Łódź";"łódzkie";1;1;4;1;4;2;2;1;0;0;0;0;2;0;1;2;0;0;0;0;2;95;27;19;12;3;12;4;1;1;2;1;1;2;1;1;2;3;2;1;3;102;43;17;10;7;4;6;1;6;2;4;2;4;0;4;3;1;3;1;4;123;131;32;26;4;7;10;6;2;5;2;3;1;1;3;0;0;0;0;12;45;2;10;11;1;1;0;0;0;1;0;1;1;0;1;0;2;1;2;3;379;81;40;27;98;14;71;2;1;31;6;3;2;1;2;2;0;1;1;31;14;2;3;0;2;1;1;0;0;0;1
185;"Szkoła Podstawowa nr 11 im. Marii Kownackiej, ul. Hufcowa 20A, 94-107 Łódź";106101;"m. Łódź";"Łódź";"łódzkie";1;1;1;0;1;0;0;2;1;0;0;0;2;0;0;2;1;1;1;0;0;52;15;18;6;2;5;1;6;1;0;0;1;1;0;0;6;0;2;0;2;62;7;4;6;2;3;2;0;1;0;0;1;3;0;2;1;0;1;0;2;96;99;25;37;0;10;6;2;0;3;2;3;1;2;2;1;1;0;0;10;38;4;2;1;1;1;1;1;1;1;1;1;0;0;1;0;0;0;0;1;298;46;14;16;62;2;36;3;1;15;9;3;0;0;1;0;0;0;1;17;2;3;0;0;4;1;0;0;0;1;1
186;"Szkoła Podstawowa nr 11 im. Marii Kownackiej, ul. Hufcowa 20A, 94-107 Łódź";106101;"m. Łódź";"Łódź";"łódzkie";1;1;1;0;1;1;1;0;0;0;0;1;1;0;0;0;0;0;0;1;1;66;12;13;6;0;7;0;2;4;3;0;0;2;1;3;0;1;2;2;2;89;22;6;2;8;5;1;2;2;2;1;0;4;0;2;2;0;0;1;5;111;104;25;29;4;13;5;6;3;3;1;3;4;3;2;1;0;0;2;6;24;1;1;2;1;0;1;2;2;1;1;2;2;0;2;0;0;1;0;2;294;74;12;17;82;14;55;3;2;24;7;1;0;1;7;0;0;0;1;15;11;2;1;3;1;0;0;0;0;0;0
187;"Łódzkie Stowarzyszenie Oświatowe, ul. Józefa Babickiego 15, 94-056 Łódź";106101;"m. Łódź";"Łódź";"łódzkie";1;1;4;1;2;0;0;0;0;3;0;0;0;1;1;1;0;0;1;2;0;71;11;9;9;1;6;0;2;4;7;1;1;4;1;1;1;2;6;1;3;87;32;7;11;8;4;2;0;1;2;4;1;2;0;3;0;0;3;0;6;115;103;36;31;5;14;6;5;3;5;3;2;1;1;2;1;0;0;0;9;53;1;0;3;0;0;1;2;1;0;0;1;4;1;0;0;0;0;3;0;332;95;11;18;78;4;32;4;1;28;8;2;2;2;4;0;0;0;2;6;12;1;1;0;3;0;0;1;0;0;1
188;"Szkoła Podstawowa nr 11 im. Marii Kownackiej, ul. Hufcowa 20A, 94-107 Łódź";106101;"m. Łódź";"Łódź";"łódzkie";1;1;8;0;3;0;3;0;1;2;0;0;1;1;0;1;0;0;0;2;2;83;14;15;8;2;6;2;5;6;2;1;2;1;2;0;1;1;5;1;2;72;35;12;2;11;1;2;1;4;1;0;1;1;0;3;1;1;1;1;3;111;80;46;26;2;19;8;8;2;4;3;3;1;0;0;0;1;1;0;4;45;0;3;5;1;0;0;3;0;1;1;2;3;2;0;0;1;1;0;5;367;58;22;16;75;14;58;3;0;19;8;3;2;0;5;0;1;0;2;20;9;0;0;1;1;1;1;0;0;2;0
189;"Szkoła Podstawowa nr 137 im. Aleksandra Kamińskiego, ul. Olimpijska 9, 94-043 Łódź";106101;"m. Łódź";"Łódź";"łódzkie";1;1;6;1;2;0;0;0;0;0;0;0;0;0;0;1;0;1;0;0;1;64;15;17;4;2;4;0;2;1;2;0;0;3;1;1;1;1;3;1;0;62;18;8;2;3;2;4;0;1;1;4;0;2;0;1;2;1;3;1;2;68;70;25;20;3;11;3;4;3;2;1;2;0;0;2;1;0;0;0;2;27;2;2;7;0;0;3;0;0;1;0;0;0;0;1;0;0;2;1;0;238;57;18;13;56;3;29;3;0;10;2;1;2;2;4;0;0;0;2;14;3;0;4;1;1;0;0;0;0;0;0
190;"Przedszkole Miejskie z Oddziałami Integracyjnymi nr 214, ul. Batalionów Chłopskich 21, 94-058 Łódź";106101;"m. Łódź";"Łódź";"łódzkie";1;1;6;0;1;0;0;0;0;1;0;0;1;0;0;2;0;0;1;0;0;37;13;3;7;3;3;0;4;1;1;0;0;1;1;0;1;1;1;2;0;83;21;6;5;11;0;1;0;4;2;0;0;2;0;2;0;0;1;0;7;83;108;38;21;7;10;5;5;4;3;1;4;3;3;1;5;0;1;0;1;25;0;1;0;1;0;1;0;1;1;0;0;2;0;0;0;0;0;1;0;279;50;15;11;44;11;47;2;2;21;1;2;0;1;1;0;0;0;1;16;7;1;3;1;2;1;0;0;0;0;2
191;"Przedszkole Miejskie z Oddziałami Integracyjnymi nr 214, ul. Batalionów Chłopskich 21, 94-058 Łódź";106101;"m. Łódź";"Łódź";"łódzkie";1;1;3;2;5;1;1;0;0;0;0;2;1;0;0;1;1;0;1;0;0;77;13;6;8;2;1;0;2;1;2;1;0;3;1;0;2;0;1;1;3;89;25;18;12;9;4;3;0;2;3;0;1;1;0;1;1;0;1;1;14;105;160;58;17;5;21;0;2;4;5;2;5;2;1;2;1;0;1;0;10;27;2;1;7;2;0;1;0;0;0;2;1;1;0;1;0;2;0;4;1;335;82;11;22;76;6;45;3;0;16;7;1;0;0;4;0;3;0;1;16;6;0;1;0;3;0;0;0;0;0;2
192;"Szkoła Podstawowa nr 137 im. prof. Aleksandra Kamińskiego, ul. Florecistów 3B, 94-042 Łódź";106101;"m. Łódź";"Łódź";"łódzkie";1;1;11;0;4;1;0;1;2;1;0;0;1;0;0;0;1;0;1;4;0;132;20;16;11;9;3;6;4;1;3;2;2;7;1;1;5;0;7;2;6;130;47;19;8;9;10;6;0;9;5;4;0;3;0;4;1;0;4;1;6;165;201;71;43;4;17;3;13;2;5;6;2;2;0;0;1;0;1;0;10;84;8;3;5;3;3;1;3;2;1;3;3;5;0;1;1;1;2;1;5;539;94;46;38;115;19;103;2;1;56;12;0;1;1;7;0;2;2;3;33;11;0;2;2;1;1;0;2;0;2;0
193;"Przedszkole Miejskie nr 170, ul. Ks. Jerzego Popiełuszki 13A, 94-052 Łódź";106101;"m. Łódź";"Łódź";"łódzkie";1;1;5;0;4;0;4;0;3;1;0;0;0;1;1;1;0;0;0;3;0;157;43;28;34;5;13;0;9;2;8;5;3;2;2;1;1;3;2;0;7;133;57;17;5;13;11;5;3;2;1;4;0;7;0;5;5;0;2;1;7;96;109;18;19;5;9;3;8;2;2;2;0;1;2;1;0;1;0;1;7;74;8;2;8;3;0;4;5;2;0;1;1;5;1;1;0;0;3;0;3;437;119;34;35;149;13;98;5;1;61;15;1;4;4;9;0;4;0;1;27;11;2;1;1;0;2;0;0;0;2;3
194;"Spółdzielnia Mieszkaniowa ""Pienista"", ul. Kubusia Puchatka 9, 94-119 Łódź";106101;"m. Łódź";"Łódź";"łódzkie";1;1;3;3;1;1;0;1;1;0;0;0;0;0;1;0;0;0;0;1;1;86;23;10;7;5;3;1;5;2;2;1;1;2;0;0;0;0;3;0;4;80;28;9;2;3;2;2;0;3;1;1;1;2;0;5;0;2;1;0;5;81;101;21;22;3;6;5;10;1;4;5;7;2;2;1;1;0;0;0;10;43;1;3;5;2;0;1;0;2;0;0;2;0;1;0;0;1;0;0;3;333;75;20;35;73;8;85;4;3;40;7;1;0;0;9;1;2;1;1;44;3;0;0;0;2;2;0;1;0;1;4
195;"Grupowa Oczyszczalnia Ścieków w Łodzi Sp. z o. o., ul. Sanitariuszek 66, 93-469 Łódź";106101;"m. Łódź";"Łódź";"łódzkie";1;1;4;0;2;1;1;0;0;0;0;0;0;1;1;0;0;0;0;1;0;35;1;8;2;1;3;2;2;2;2;0;2;1;0;0;1;0;0;0;0;17;7;2;1;3;2;0;0;1;2;1;0;1;0;1;0;0;0;0;0;40;43;11;14;2;7;4;3;2;0;1;4;0;0;0;0;0;0;0;0;20;3;0;3;2;0;0;0;0;0;0;0;3;0;1;0;0;1;0;0;74;21;6;10;29;4;16;1;1;10;0;0;0;0;1;0;0;0;0;4;7;0;6;1;1;1;0;0;1;1;0
196;"Szkoła Podstawowa nr 169 im. Marii Dąbrowskiej, ul. Napoleońska 7/17, 94-231 Łódź";106101;"m. Łódź";"Łódź";"łódzkie";1;1;4;1;4;2;0;1;0;2;0;0;1;0;0;1;2;0;1;1;3;197;48;38;34;6;6;1;10;2;6;4;0;8;0;2;5;3;2;0;9;101;52;24;15;8;11;7;4;1;1;0;3;4;0;3;1;0;1;1;8;127;145;34;15;9;11;6;3;6;1;2;2;3;1;2;3;0;1;0;10;85;7;5;9;1;0;7;2;3;0;3;2;2;0;1;0;0;2;0;3;506;113;35;30;217;29;119;2;7;70;13;1;5;1;10;1;2;0;0;28;6;0;1;1;1;1;1;0;1;0;1
197;"Szkoła Podstawowa nr 169 im. Marii Dąbrowskiej, ul. Napoleońska 7/17, 94-231 Łódź";106101;"m. Łódź";"Łódź";"łódzkie";1;1;3;0;5;0;2;1;0;0;0;1;1;0;0;2;0;0;1;1;1;158;25;32;24;8;1;2;3;5;3;5;4;2;2;0;5;2;6;2;4;129;46;16;7;6;7;3;1;2;3;0;1;4;1;4;0;0;0;0;6;183;196;70;43;7;14;11;7;5;6;3;3;3;1;1;0;1;3;1;11;74;4;13;7;0;1;3;2;4;1;0;1;4;0;1;0;0;1;3;5;533;120;28;30;171;19;127;4;5;43;13;5;0;3;10;1;3;2;4;25;10;1;0;0;1;0;0;0;1;1;1
198;"Fundacja Navicula Centrum, ul. Krzysztofa Cedry 2, 91-129 Łódź";106101;"m. Łódź";"Łódź";"łódzkie";1;1;10;1;5;1;1;0;0;1;1;0;2;0;1;2;0;2;1;0;2;162;37;28;21;8;8;4;8;4;2;0;1;8;4;1;5;1;8;2;9;134;33;21;5;13;4;4;3;1;1;2;3;1;0;1;0;1;5;2;9;128;177;39;39;5;22;6;9;2;2;1;3;5;0;0;1;0;0;1;16;95;4;6;10;0;3;1;2;0;4;0;4;2;0;1;0;1;0;1;2;408;96;29;30;163;13;108;5;7;51;7;3;0;4;17;0;1;0;1;24;15;3;0;0;1;0;2;1;0;1;1
199;"Przedszkole Miejskie nr 207, ul. Piotrkowska 272, 93-005 Łódź";106101;"m. Łódź";"Łódź";"łódzkie";1;1;1;1;1;0;0;1;0;3;0;0;0;0;0;1;1;0;0;0;0;86;13;15;10;2;2;2;2;2;3;1;1;1;3;0;4;0;2;1;5;79;33;22;5;4;6;4;0;1;4;1;0;3;0;7;3;0;2;0;6;59;83;55;21;3;14;3;5;1;1;2;1;2;0;2;1;1;1;0;0;41;2;2;5;2;0;1;2;1;0;0;1;0;0;3;0;0;1;0;1;247;61;20;27;77;6;32;3;2;30;7;1;0;0;10;2;2;0;0;13;12;2;0;0;2;0;4;0;0;0;0
200;"Szkoła Podstawowa nr 14 im. Józefa Lompy, ul. inż. pilota Wigury 8/10, 90-301 Łódź";106101;"m. Łódź";"Łódź";"łódzkie";1;1;5;0;7;0;0;0;0;0;0;0;1;1;0;0;0;0;1;2;1;43;8;7;9;4;5;2;0;0;1;1;2;0;1;0;2;0;2;1;1;54;23;11;9;1;0;3;0;1;1;2;0;5;1;1;1;3;2;0;7;60;62;41;20;0;11;1;7;1;1;4;2;0;4;0;1;0;0;0;1;23;3;0;3;0;0;3;0;1;1;0;0;0;1;0;0;0;0;0;0;157;36;8;17;62;2;25;3;2;34;5;0;0;0;3;0;0;0;3;18;6;0;1;1;2;0;0;3;1;1;2
201;"Biblioteka Miejska w Łodzi Filia Nr 47, ul. Brzeźna 10, 90-303 Łódź";106101;"m. Łódź";"Łódź";"łódzkie";1;1;2;0;4;0;0;0;0;1;0;0;1;0;0;0;3;0;0;1;1;138;50;11;13;2;2;5;3;2;1;1;0;2;1;1;1;1;2;2;0;98;42;44;17;13;9;2;1;3;4;1;0;1;0;8;2;1;3;0;7;103;79;47;18;1;8;4;6;3;3;2;2;1;1;1;2;1;0;0;10;44;7;7;2;2;0;6;1;4;2;2;2;0;1;1;0;0;0;0;0;418;103;42;47;136;18;83;3;3;52;6;3;4;2;29;2;2;4;1;46;5;0;0;0;2;0;0;0;0;0;2
202;"Szkoła Podstawowa nr 2 im. ks. Jana Twardowskiego, ul. Henryka Sienkiewicza 137/139, 90-302 Łódź";106101;"m. Łódź";"Łódź";"łódzkie";1;1;5;1;0;1;0;1;0;1;0;0;1;0;0;0;0;0;2;0;0;26;6;6;2;5;1;2;2;0;2;1;0;0;1;0;0;0;4;0;0;44;12;4;1;4;2;2;1;4;0;0;0;1;0;0;1;0;1;1;3;35;62;17;14;6;5;5;4;2;2;1;0;2;2;1;0;0;0;1;4;19;0;1;2;0;0;1;0;0;0;0;3;0;0;0;0;0;0;0;0;111;38;8;14;55;7;20;0;1;17;2;1;1;3;0;0;0;1;0;5;5;0;1;0;2;0;0;0;1;0;0
203;"Szkoła Podstawowa nr 14 im. Józefa Lompy, ul. inż. pilota Wigury 8/10, 90-301 Łódź";106101;"m. Łódź";"Łódź";"łódzkie";1;1;3;2;1;0;0;0;0;0;0;0;0;0;0;1;0;0;0;3;1;70;15;11;10;0;5;1;1;0;5;0;0;4;2;0;0;0;1;1;1;78;47;24;3;4;8;0;3;3;0;0;0;0;0;2;0;0;1;2;2;81;71;45;21;1;7;3;0;1;1;2;1;0;3;0;1;0;1;0;5;33;9;3;0;1;0;2;1;1;0;0;0;2;0;0;0;0;0;1;4;250;51;9;24;69;4;23;1;2;23;4;0;1;1;17;0;2;0;2;16;5;1;0;0;1;0;0;0;0;2;1
204;"Lokal Rady Osiedla ""Katedralna"", ul. kpt. pilota Żwirki 3, 90-448 Łódź";106101;"m. Łódź";"Łódź";"łódzkie";1;1;1;0;2;0;1;0;0;0;0;0;0;0;1;0;1;1;0;0;1;37;6;3;5;2;4;3;3;1;1;0;0;0;0;0;0;0;2;1;0;45;27;18;4;7;1;4;0;1;0;0;5;1;0;4;1;1;0;0;3;45;49;29;10;0;6;0;3;0;1;1;0;0;0;0;0;0;0;0;1;26;2;3;2;0;0;1;0;0;1;1;1;1;0;1;0;0;0;0;3;156;32;7;13;48;3;13;3;3;10;2;1;2;0;1;0;1;0;0;10;3;0;0;0;1;0;0;1;0;0;0
205;"Technikum nr 3 w Łodzi, ul. Henryka Sienkiewicza 117, 90-301 Łódź";106101;"m. Łódź";"Łódź";"łódzkie";1;1;0;1;3;0;0;0;1;1;0;1;1;1;0;0;0;0;0;1;1;35;11;4;4;1;4;0;4;1;0;1;1;0;0;0;0;0;1;0;1;15;13;11;0;2;0;0;0;0;0;0;0;2;0;5;0;0;0;6;4;30;38;10;13;2;7;1;2;3;0;1;2;2;1;2;0;0;0;0;0;28;5;0;3;0;1;1;3;0;0;0;0;0;0;0;0;0;1;2;1;97;27;5;16;34;5;23;1;1;10;2;0;1;0;10;0;2;0;1;9;3;0;0;0;0;0;0;0;0;1;4
206;"Zarząd Lokali Miejskich w Łodzi, ul. Aleja T. Kościuszki 47, 90-514 Łódź";106101;"m. Łódź";"Łódź";"łódzkie";1;1;1;1;1;0;0;1;1;0;1;1;1;0;0;0;0;1;2;0;1;73;4;6;9;1;4;1;3;1;1;0;0;1;2;4;0;0;0;1;4;93;36;31;9;8;6;4;0;1;2;1;0;2;0;5;2;0;0;1;4;77;76;35;26;1;9;10;3;1;1;2;1;0;2;1;0;2;0;0;6;18;0;3;5;0;2;4;2;1;0;1;0;4;0;1;0;0;2;0;1;229;47;15;24;76;21;39;1;0;25;3;0;1;5;5;2;1;0;0;22;6;2;0;1;0;0;0;1;0;0;0
207;"Szkoła Podstawowa nr 173 im. Żołnierzy Dywizji Kościuszkowskiej, ul. Henryka Sienkiewicza 46, 90-009 Łódź";106101;"m. Łódź";"Łódź";"łódzkie";1;1;8;4;6;0;0;1;0;1;0;0;0;0;0;0;0;0;3;0;0;98;37;13;11;8;7;2;3;2;3;1;0;6;2;2;4;1;1;1;2;139;62;40;11;6;9;4;3;5;7;0;0;3;2;9;0;3;0;3;14;111;124;42;45;4;10;5;7;2;1;0;2;0;1;0;1;1;0;2;6;67;7;5;9;2;0;1;0;1;2;1;0;4;0;3;0;0;2;1;1;378;79;28;34;156;13;52;4;1;36;6;1;4;1;24;3;5;1;3;32;11;2;0;0;3;1;0;3;0;0;2
208;"Miejski Ośrodek Pomocy Społecznej w Łodzi, ul. Jana Kilińskiego 102/102a, 90-012 Łódź";106101;"m. Łódź";"Łódź";"łódzkie";1;1;1;0;1;0;0;0;0;0;0;1;0;0;0;0;0;0;0;0;0;10;2;1;0;1;0;0;1;0;0;1;0;0;1;0;0;0;1;0;0;8;1;5;1;4;3;0;0;1;0;0;1;0;0;2;0;0;1;0;1;15;15;2;1;0;0;4;0;0;0;0;0;0;0;0;0;0;0;0;1;8;0;0;0;1;1;0;2;0;0;0;0;0;0;0;0;0;0;0;0;23;4;2;1;4;3;3;0;0;5;2;0;0;1;0;0;0;0;0;4;1;0;1;0;1;0;0;0;0;0;0
209;"Miejski Ośrodek Pomocy Społecznej w Łodzi, ul. Jana Kilińskiego 102/102a, 90-012 Łódź";106101;"m. Łódź";"Łódź";"łódzkie";1;1;2;2;0;0;1;2;0;0;0;0;0;0;0;0;0;0;0;0;0;22;10;5;6;2;2;1;0;1;1;1;0;3;3;0;0;0;0;0;1;57;17;13;5;5;3;0;2;2;2;0;0;1;1;0;3;2;0;0;8;54;54;18;14;4;6;4;1;0;4;3;2;1;0;1;0;0;0;0;3;25;1;3;7;0;1;0;0;2;0;1;3;1;0;1;0;0;1;1;0;126;43;4;14;43;7;21;1;0;11;9;0;0;3;0;0;0;0;0;27;5;0;0;0;0;2;0;0;1;0;1
210;"Związek Młodzieży Chrześcijańskiej Polska YMCA Ognisko w Łodzi, ul. Stanisława Moniuszki 4A, 90-111 Łódź";106101;"m. Łódź";"Łódź";"łódzkie";1;1;0;1;1;0;0;0;1;1;0;0;3;0;0;0;0;0;0;0;0;29;5;3;2;2;3;1;1;1;1;0;1;1;0;0;0;0;0;0;0;36;16;6;2;1;1;0;1;2;0;0;1;1;0;1;1;2;1;0;1;45;23;18;7;1;6;5;2;2;2;2;0;0;1;0;0;0;0;0;7;13;0;0;2;0;0;0;1;0;0;2;0;2;0;0;0;0;0;0;0;92;21;6;9;41;6;14;1;1;9;7;1;0;0;1;2;1;0;0;12;3;0;0;0;0;0;0;0;0;0;0
211;"Związek Młodzieży Chrześcijańskiej Polska YMCA Ognisko w Łodzi, ul. Stanisława Moniuszki 4A, 90-111 Łódź";106101;"m. Łódź";"Łódź";"łódzkie";1;1;5;4;3;1;0;0;0;1;0;0;2;0;1;2;0;0;3;1;2;60;19;9;7;6;6;2;2;0;0;0;2;3;2;4;0;1;4;1;2;76;37;30;6;12;7;5;0;3;8;0;0;3;3;5;1;0;0;2;3;98;114;41;22;5;9;9;3;8;4;3;5;3;0;0;1;0;2;2;12;46;2;0;2;0;1;1;3;0;1;2;1;2;0;1;0;2;0;0;1;231;50;14;23;132;6;34;2;3;52;11;0;2;1;8;2;7;2;4;34;7;0;1;0;0;1;0;1;1;0;1
212;"Szkoła Podstawowa z Oddziałami Integracyjnymi nr 111, ul. Stefana Jaracza 44/46, 90-252 Łódź";106101;"m. Łódź";"Łódź";"łódzkie";1;1;5;2;3;1;0;1;0;2;0;0;1;0;0;1;1;1;3;1;0;71;9;13;4;0;4;1;2;4;3;0;1;4;1;0;1;0;3;2;0;88;19;30;11;6;9;7;0;4;2;3;1;5;1;2;1;0;0;1;6;93;116;35;36;7;12;9;3;2;5;7;5;2;3;1;0;1;0;0;9;48;7;3;7;0;3;2;1;2;1;3;3;0;1;3;0;0;0;2;0;208;52;19;26;87;3;41;0;0;27;6;1;0;2;7;0;3;1;1;18;4;2;0;1;1;0;1;0;1;1;1
213;"Biblioteka Otwarta, ul. Prezydenta Gabriela Narutowicza 8/10, 90-135 Łódź";106101;"m. Łódź";"Łódź";"łódzkie";1;1;0;0;2;1;0;0;2;0;0;0;0;0;0;1;0;0;1;1;0;35;2;4;3;1;2;0;1;1;2;1;0;1;0;0;0;0;0;0;0;45;19;11;5;0;3;0;0;2;0;0;1;1;0;0;0;0;1;0;3;26;39;20;7;2;4;4;5;1;2;1;1;0;2;1;2;1;0;0;3;19;0;1;1;0;0;0;1;0;1;0;1;3;1;0;0;0;2;0;1;86;25;10;6;46;5;19;1;0;14;3;2;1;1;2;1;0;0;1;7;2;1;2;0;0;0;0;0;0;0;0
214;"Ośrodek Szkolenia Kierowców Krzysztof Kołodziejczak, ul. płk. dr. St. Więckowskiego 13, 90-721 Łódź";106101;"m. Łódź";"Łódź";"łódzkie";1;1;0;0;2;0;0;1;0;0;0;0;0;1;0;0;0;1;0;0;0;37;6;6;13;2;1;0;7;5;3;0;0;0;2;0;1;0;2;0;5;37;14;18;11;6;5;0;0;3;0;0;0;1;0;4;1;1;1;0;5;67;98;27;17;2;6;7;3;4;2;2;3;6;2;3;1;1;0;0;2;38;3;3;4;4;0;2;1;2;0;0;1;3;0;0;2;0;1;0;2;159;32;6;18;80;4;28;2;1;28;8;4;1;1;3;1;1;0;0;12;4;0;2;0;1;1;1;0;0;0;0
215;"Szkoła Podstawowa nr 23 im. Marii Bohuszewiczówny, ul. Gdańska 16, 90-707 Łódź";106101;"m. Łódź";"Łódź";"łódzkie";1;1;6;0;0;0;0;0;1;2;0;0;1;0;0;4;0;0;2;3;0;52;8;4;3;2;12;2;3;1;2;1;1;5;1;0;4;0;4;0;3;62;11;22;11;2;5;2;1;2;2;5;0;1;0;4;1;0;3;1;10;81;61;48;22;4;11;3;2;2;2;2;1;1;2;2;5;0;1;0;5;48;2;4;0;2;0;0;2;1;2;1;2;3;0;1;0;0;1;0;0;198;58;18;17;77;7;32;4;2;23;4;1;1;4;3;4;0;1;0;11;12;1;3;0;1;1;0;0;0;0;1
216;"IV Liceum Ogólnokształcące im. Emilii Sczanieckiej, ul. Pomorska 16, 91-416 Łódź";106101;"m. Łódź";"Łódź";"łódzkie";1;1;3;0;3;1;0;2;1;1;0;0;0;0;0;0;1;0;1;0;0;74;7;9;16;4;3;4;4;0;2;1;1;0;1;0;0;1;3;0;0;93;36;17;9;6;6;6;1;4;0;3;0;2;1;4;4;0;0;1;4;98;96;53;37;1;24;10;4;4;13;5;2;2;4;1;2;0;0;1;6;52;3;1;3;3;0;3;2;3;0;2;3;4;1;0;0;1;1;1;1;229;44;13;6;97;16;30;3;3;20;7;1;2;1;7;3;1;0;4;4;3;2;2;0;0;2;0;1;0;1;2
217;"Szkoła Podstawowa nr 175 im. Henryka Ryla, ul. Pomorska 27, 90-202 Łódź";106101;"m. Łódź";"Łódź";"łódzkie";1;1;3;0;0;1;0;0;0;0;0;1;0;0;0;0;0;0;2;1;2;28;6;7;3;2;1;0;0;1;1;1;0;2;0;0;1;1;1;0;0;24;11;8;1;0;2;0;1;3;0;1;1;1;2;2;0;0;0;0;0;50;37;19;20;4;7;6;4;1;3;1;2;0;0;1;1;0;0;1;2;16;1;1;2;1;0;1;0;0;1;2;2;0;0;1;0;0;0;0;0;115;25;15;13;44;7;21;0;1;15;1;0;0;1;3;1;2;1;0;4;1;0;0;0;3;0;1;0;0;0;0
218;"Szkoła Podstawowa nr 70 im. Stanisława Wyspiańskiego, ul. Rewolucji 1905 r. 22, 90-207 Łódź";106101;"m. Łódź";"Łódź";"łódzkie";1;1;4;0;1;1;0;1;2;0;0;0;0;1;1;1;0;0;1;0;1;32;7;11;3;3;8;1;6;1;6;1;0;0;0;0;2;0;1;0;1;50;20;6;7;5;8;0;3;5;5;3;0;4;0;3;1;0;0;1;4;45;56;21;16;5;8;5;2;2;3;2;0;0;0;0;0;0;0;0;5;36;2;1;2;1;1;2;1;0;0;1;0;2;0;0;1;0;0;0;0;168;38;13;11;66;5;30;2;1;20;3;1;0;0;10;0;1;1;1;14;3;1;1;0;1;0;1;0;0;0;2
219;"Szkoła Podstawowa z Oddziałami Integracyjnymi nr 111, ul. Stefana Jaracza 44/46, 90-252 Łódź";106101;"m. Łódź";"Łódź";"łódzkie";1;1;8;0;1;0;2;0;1;0;0;0;1;1;0;3;1;0;0;1;0;68;32;10;10;8;2;2;2;2;2;1;3;5;4;1;2;4;6;2;6;92;32;46;12;8;5;6;1;5;1;1;0;3;0;4;2;0;2;0;8;110;103;45;27;5;17;7;3;3;7;4;2;5;2;1;1;1;1;1;6;50;7;3;7;0;1;2;3;4;1;2;1;3;0;3;0;1;0;1;2;306;72;18;25;115;12;44;5;3;28;14;2;1;4;15;1;3;0;2;19;7;0;0;1;2;0;0;1;0;0;1
220;"XII Liceum Ogólnokształcące im. Stanisława Wyspiańskiego, al. Karola Anstadta 7, 91-409 Łódź";106101;"m. Łódź";"Łódź";"łódzkie";1;1;5;2;0;0;2;2;1;1;0;0;1;0;0;1;0;0;1;1;0;42;12;9;6;1;3;4;2;0;1;0;0;0;0;0;0;0;1;1;0;49;19;22;5;3;4;2;2;3;0;0;0;1;0;1;0;0;4;4;1;64;66;24;17;4;12;6;0;3;1;1;1;0;0;1;3;0;1;0;3;24;0;2;5;0;0;1;2;0;1;3;1;2;0;1;0;1;0;0;0;109;31;9;14;67;10;19;3;5;15;5;1;0;0;5;0;1;0;0;13;7;0;0;0;1;0;0;0;0;0;0
221;"Szkoła Podstawowa nr 1 im. Adama Mickiewicza, ul. dr. Seweryna Sterlinga 24, 90-212 Łódź";106101;"m. Łódź";"Łódź";"łódzkie";1;1;3;0;3;0;0;0;0;1;0;0;0;0;0;0;0;0;0;0;0;28;11;1;6;2;4;1;0;0;0;1;0;0;0;0;0;0;0;0;0;31;16;15;2;12;2;2;0;1;0;3;0;0;0;5;0;0;1;0;1;49;20;17;10;0;9;3;2;2;1;1;1;0;1;1;1;0;1;0;2;7;4;1;2;2;0;0;1;0;0;1;0;2;0;0;0;0;0;2;0;102;23;5;10;42;2;15;2;1;11;10;1;0;0;8;0;0;0;0;17;3;0;2;0;2;2;0;0;0;0;0
222;"Polsko-Amerykański Ośrodek Kształcenia Zawodowego, ul. Harcmistrza Aleksandra Kamińskiego 17/19, 90-229 Łódź";106101;"m. Łódź";"Łódź";"łódzkie";1;1;4;4;0;0;0;0;0;0;0;0;0;1;0;1;0;0;1;0;1;53;13;8;12;5;7;1;3;2;0;0;0;1;0;0;3;0;2;1;1;50;31;21;8;4;2;0;3;2;1;2;0;0;0;4;1;0;1;1;2;55;75;13;12;0;7;3;2;2;1;3;1;0;2;1;1;0;1;0;6;37;1;3;5;1;0;0;1;0;1;0;0;2;0;1;0;1;1;0;4;157;38;9;17;84;5;30;1;2;10;3;0;3;0;3;1;1;0;0;13;6;0;0;0;1;0;0;0;0;1;0
223;"Szkoła Podstawowa nr 94 w Łodzi, ul. Zacisze 7/9, 90-228 Łódź";106101;"m. Łódź";"Łódź";"łódzkie";1;1;1;0;2;0;1;0;1;3;0;0;0;0;0;0;0;0;0;0;0;40;12;5;14;1;2;0;3;2;2;0;0;1;1;0;0;1;1;1;2;74;28;15;4;3;5;3;0;1;2;1;0;3;0;1;2;1;1;0;8;75;53;17;18;4;9;8;2;3;1;2;0;1;1;3;1;0;0;1;3;26;2;3;4;1;0;0;1;1;0;1;0;1;0;0;0;0;0;0;0;162;40;11;13;67;6;27;4;1;19;3;0;0;2;11;3;2;1;2;17;5;0;1;0;2;0;0;0;1;1;2
224;"VIII Liceum Ogólnokształcące im. Adama Asnyka, ul. Pomorska 105, 91-402 Łódź";106101;"m. Łódź";"Łódź";"łódzkie";1;1;4;2;1;0;1;2;1;2;0;2;0;0;0;1;0;0;1;0;2;103;33;17;21;5;4;0;6;0;1;3;0;1;1;0;0;0;4;1;4;86;48;37;9;12;3;12;1;6;1;2;0;1;0;11;3;3;0;0;11;107;109;39;32;1;21;5;4;2;1;1;5;0;4;0;3;0;0;1;7;31;3;2;5;0;1;1;1;1;2;0;2;1;0;1;0;0;1;1;4;282;61;25;21;142;14;35;1;0;26;7;2;0;10;16;0;1;1;1;29;12;0;1;1;1;1;2;1;0;0;1
225;"MPK-Łódź Sp. z o. o., ul. Tramwajowa 8, 90-132 Łódź";106101;"m. Łódź";"Łódź";"łódzkie";1;1;2;1;0;1;1;0;0;2;0;0;1;0;0;1;0;1;0;0;0;85;19;17;27;0;4;0;7;4;3;3;0;6;1;2;1;0;2;3;2;71;29;29;14;4;3;2;0;4;2;7;0;3;1;6;3;2;1;0;3;107;87;33;19;1;11;4;5;2;0;3;1;1;0;0;4;0;0;0;7;43;3;4;5;2;0;2;2;0;0;2;1;1;0;0;0;1;0;2;1;224;48;30;22;93;8;43;2;1;17;3;2;2;5;9;2;0;1;2;17;6;0;0;0;2;0;0;1;1;0;0
226;"XXIX Liceum Ogólnokształcące im. hm. Janka Bytnara ""Rudego"", ul. Aleksandra Zelwerowicza 38/44, 90-148 Łódź";106101;"m. Łódź";"Łódź";"łódzkie";1;1;4;0;3;0;0;0;1;0;0;0;0;0;0;0;0;1;0;0;1;65;19;17;22;3;5;2;3;2;1;2;0;3;1;0;0;0;2;2;3;60;40;23;6;6;0;2;0;3;2;0;1;2;0;3;0;4;4;1;2;90;74;34;13;2;11;3;4;2;0;4;3;1;1;1;0;0;0;0;4;33;2;2;5;1;1;0;0;0;1;1;2;1;0;1;0;0;0;0;0;210;62;23;21;112;5;42;1;2;13;8;1;0;2;8;2;1;0;0;30;4;1;0;0;0;1;1;0;2;0;0
227;"XXIX Liceum Ogólnokształcące im. hm. Janka Bytnara ""Rudego"", ul. Aleksandra Zelwerowicza 38/44, 90-148 Łódź";106101;"m. Łódź";"Łódź";"łódzkie";1;1;1;1;1;0;0;0;0;0;0;0;0;0;0;0;0;0;0;1;0;51;11;5;27;0;2;5;1;2;0;2;0;0;2;0;2;1;1;0;2;48;28;21;5;3;4;6;0;1;1;0;1;1;1;4;0;1;0;1;4;51;49;21;9;2;8;1;0;1;0;0;0;0;0;0;0;0;0;1;3;21;3;1;2;0;0;1;0;0;3;1;0;0;0;0;0;0;0;0;0;171;53;9;20;76;14;35;2;0;10;9;1;1;1;6;1;1;1;0;14;4;1;0;0;0;1;0;0;2;1;0
228;"Szkoła Podstawowa nr 79 im. Łódzkich Olimpijczyków, ul. Pomorska 138, 91-404 Łódź";106101;"m. Łódź";"Łódź";"łódzkie";1;1;5;0;3;3;0;2;0;0;1;0;0;1;0;0;0;1;0;0;0;111;28;17;41;5;6;2;8;3;3;2;2;3;0;1;0;1;3;1;3;91;63;84;7;7;10;11;2;8;2;0;0;4;0;11;3;1;4;2;9;140;128;30;34;3;20;8;8;2;1;3;2;0;1;1;2;0;1;0;5;67;6;2;2;2;0;2;0;2;0;0;3;4;0;2;1;0;1;0;1;291;91;20;40;130;11;31;2;2;34;12;1;0;1;11;0;4;3;0;30;6;0;0;2;3;2;0;2;0;1;1
229;"XLVII Liceum Ogólnokształcące im. Stanisława Staszica, ul. Stanisława Czernika 1/3, 92-538 Łódź";106101;"m. Łódź";"Łódź";"łódzkie";1;1;3;1;3;0;0;1;0;1;0;2;2;0;0;1;1;1;1;2;0;109;26;15;18;3;12;5;8;3;4;5;2;5;0;1;3;1;1;0;1;110;35;14;6;4;10;5;0;4;2;2;3;3;0;1;4;2;0;5;12;113;175;44;46;2;17;8;5;3;3;5;1;6;2;1;3;2;2;1;4;53;5;3;6;1;0;1;2;1;3;0;4;5;0;1;0;1;1;2;0;355;72;36;43;82;11;32;3;3;33;9;3;6;4;6;0;0;1;0;24;7;0;0;0;4;0;0;1;0;1;1
230;"XLVII Liceum Ogólnokształcące im. Stanisława Staszica, ul. Stanisława Czernika 1/3, 92-538 Łódź";106101;"m. Łódź";"Łódź";"łódzkie";1;1;3;1;4;0;0;1;0;3;0;0;4;0;0;0;1;3;1;1;2;77;14;15;8;8;5;2;6;1;9;3;1;0;0;0;1;4;4;0;2;80;29;16;9;8;4;1;0;6;1;2;1;2;0;4;1;0;0;2;10;129;144;43;24;8;6;5;4;1;2;5;2;6;0;3;2;0;1;1;3;35;6;1;2;1;0;1;1;2;1;5;1;5;0;0;0;1;1;3;3;290;82;18;23;92;8;37;2;1;27;5;0;2;0;9;0;4;0;1;19;7;1;1;0;0;2;0;0;0;0;0
231;"XLVII Liceum Ogólnokształcące im. Stanisława Staszica, ul. Stanisława Czernika 1/3, 92-538 Łódź";106101;"m. Łódź";"Łódź";"łódzkie";1;1;3;1;5;1;1;1;1;1;1;0;0;0;2;0;0;1;0;2;1;85;17;18;17;2;5;2;2;2;2;3;1;3;1;2;4;3;2;3;3;117;37;10;6;5;7;3;0;3;2;4;0;5;1;3;2;1;2;2;19;128;183;59;33;3;21;7;7;2;2;4;4;3;5;0;3;0;0;0;12;53;3;3;5;2;1;1;3;1;0;1;0;7;1;1;0;4;1;1;4;289;78;26;26;74;11;41;4;1;21;7;1;1;1;11;1;2;1;1;30;6;2;1;1;3;1;1;0;1;0;1
232;"Szkoła Podstawowa nr 199 im. Juliana Tuwima, ul. Józefa Elsnera 8, 92-504 Łódź";106101;"m. Łódź";"Łódź";"łódzkie";1;1;4;3;1;1;1;2;1;0;1;0;1;1;1;0;0;0;0;5;0;122;14;20;27;6;8;2;8;5;9;5;0;4;3;0;4;2;4;0;7;131;33;15;17;10;7;2;3;2;2;4;0;5;1;2;0;0;3;1;7;139;236;33;37;10;18;9;6;3;4;5;3;4;2;3;0;0;2;0;11;43;7;0;9;0;0;4;3;2;3;1;2;3;0;0;0;1;0;1;3;419;80;31;37;72;11;41;3;0;24;13;1;2;0;13;0;3;0;2;32;10;0;0;1;3;0;1;0;1;2;0
233;"Szkoła Podstawowa nr 199 im. Juliana Tuwima, ul. Józefa Elsnera 8, 92-504 Łódź";106101;"m. Łódź";"Łódź";"łódzkie";1;1;6;2;5;2;2;0;2;0;0;0;1;1;4;4;0;2;0;2;0;111;23;17;20;4;3;3;8;2;15;0;2;3;0;1;3;2;5;3;9;147;32;15;14;7;11;4;2;0;2;4;1;6;2;1;3;2;4;0;11;151;187;45;38;7;23;10;3;3;6;2;2;2;1;2;2;2;1;1;9;65;3;2;3;1;1;1;1;2;1;0;3;1;0;1;0;1;0;2;3;495;111;45;62;96;14;56;5;2;48;10;1;0;1;11;1;5;1;1;41;19;2;0;1;0;0;1;0;3;0;0
234;"Szkoła Podstawowa nr 34 im. Wisławy Szymborskiej, ul. Mieczysławy Ćwiklińskiej 9, 92-508 Łódź";106101;"m. Łódź";"Łódź";"łódzkie";1;1;4;0;2;0;0;1;0;0;0;0;0;1;0;2;0;0;2;0;1;117;15;16;12;10;4;5;9;3;1;2;1;10;1;1;4;2;9;1;6;88;44;26;15;9;10;3;0;3;4;5;0;5;0;6;1;1;2;0;10;126;179;41;38;12;20;8;12;3;2;3;0;6;1;1;0;0;0;0;14;62;1;1;6;2;5;3;2;1;1;0;0;6;0;0;0;0;0;1;3;366;140;41;42;105;14;54;2;3;26;5;0;2;1;7;1;3;1;3;23;15;2;3;1;4;0;0;0;0;1;0
235;"Szkoła Podstawowa nr 34 im. Wisławy Szymborskiej, ul. Mieczysławy Ćwiklińskiej 9, 92-508 Łódź";106101;"m. Łódź";"Łódź";"łódzkie";1;1;6;0;2;0;1;1;1;0;1;0;0;0;0;0;0;1;0;1;0;73;18;13;13;3;5;1;6;3;6;0;1;3;3;2;2;2;2;2;4;108;26;11;6;16;4;2;4;1;0;1;0;1;0;3;1;0;0;0;16;90;154;42;22;2;18;7;7;1;0;2;1;4;2;0;3;1;2;0;5;58;10;1;2;4;0;1;2;2;1;0;4;3;1;1;0;3;1;0;1;319;82;21;24;70;16;35;1;2;13;4;5;3;0;8;0;0;0;0;22;14;2;4;2;1;2;0;0;0;1;2
236;"Zespół Szkół Ogólnokształcących 1, ul. Piotra Czajkowskiego 14, 92-511 Łódź";106101;"m. Łódź";"Łódź";"łódzkie";1;1;5;1;2;1;1;1;0;1;0;0;1;0;1;0;1;0;0;1;0;76;13;15;9;2;3;7;5;2;3;0;0;1;4;3;2;2;1;0;3;87;25;11;3;4;4;3;3;0;2;0;0;4;0;1;1;0;4;0;8;83;144;27;27;1;13;8;3;2;1;5;2;7;0;2;0;1;1;0;12;34;5;4;6;0;0;0;0;0;0;2;2;3;0;1;0;1;0;0;1;319;75;21;26;56;5;47;1;0;15;9;1;1;0;8;0;0;0;1;17;9;1;1;1;0;0;2;0;1;0;1
237;"Zespół Szkół Ogólnokształcących 1, ul. Piotra Czajkowskiego 14, 92-511 Łódź";106101;"m. Łódź";"Łódź";"łódzkie";1;1;9;1;0;0;0;0;0;0;0;0;0;1;0;0;1;0;0;1;1;68;13;10;4;2;5;4;5;0;6;0;0;3;2;1;2;2;2;2;2;66;23;12;12;5;11;2;2;1;0;1;0;2;0;1;0;0;0;0;6;76;120;24;22;1;18;7;2;1;2;2;1;12;2;1;0;0;1;0;12;32;4;2;2;1;1;4;2;2;0;0;8;2;0;2;0;2;0;4;1;264;77;35;17;53;11;35;1;0;14;0;1;1;2;6;0;2;0;1;18;8;1;0;0;0;1;1;0;1;1;2
238;"Szkoła Podstawowa nr 33 im. Stefana Kopcińskiego, ul. Michała Lermontowa 7, 92-512 Łódź";106101;"m. Łódź";"Łódź";"łódzkie";1;1;4;1;4;1;1;0;0;1;0;1;2;1;0;2;0;1;0;0;0;132;20;13;16;5;15;1;3;2;4;2;1;8;0;1;1;4;4;2;2;110;51;17;5;5;13;2;1;1;0;3;0;5;0;0;4;0;2;0;12;121;191;48;49;0;27;4;3;4;1;5;1;10;2;1;1;1;2;0;11;77;7;2;7;0;0;3;3;2;0;0;2;4;0;5;0;0;0;6;0;427;114;32;31;95;12;45;3;3;23;8;1;7;2;3;0;6;3;0;34;13;2;1;0;1;0;2;1;0;0;1
239;"Szkoła Podstawowa nr 33 im. Stefana Kopcińskiego, ul. Michała Lermontowa 7, 92-512 Łódź";106101;"m. Łódź";"Łódź";"łódzkie";1;1;5;1;3;0;1;0;0;0;0;0;0;0;1;1;1;1;0;3;0;88;19;20;19;5;3;3;8;0;8;2;3;5;4;0;3;0;2;5;2;100;29;13;6;6;4;2;0;3;4;3;0;8;0;6;1;1;0;0;7;148;182;51;32;1;17;7;9;6;5;2;3;15;4;4;0;0;1;0;8;49;9;3;5;1;3;2;1;1;2;0;5;2;0;2;0;1;1;3;1;373;80;35;28;74;12;33;0;6;27;4;2;4;2;4;1;2;0;0;23;6;1;1;2;1;1;0;0;4;0;0
240;"Szkoła Podstawowa nr 12 im. Mariana Batki, ul. Juliusza Jurczyńskiego 1/3, 92-306 Łódź";106101;"m. Łódź";"Łódź";"łódzkie";1;1;7;1;4;1;0;1;0;0;0;1;1;1;1;1;1;1;1;1;1;62;14;8;13;2;7;5;2;3;1;1;1;2;0;0;1;1;2;4;2;87;33;16;6;4;5;2;0;2;1;1;0;0;0;2;1;2;4;2;4;108;125;39;23;6;16;5;3;2;5;3;4;10;0;3;2;1;1;0;3;54;2;2;4;1;2;2;2;1;3;2;3;2;0;0;0;0;1;1;2;290;75;14;12;76;14;18;3;1;17;5;3;0;2;4;0;0;1;0;25;9;1;1;1;0;1;1;1;1;4;0
241;"Szkoła Podstawowa nr 12 im. Mariana Batki, ul. Juliusza Jurczyńskiego 1/3, 92-306 Łódź";106101;"m. Łódź";"Łódź";"łódzkie";1;1;1;2;2;0;0;1;0;0;0;0;0;0;0;1;0;0;0;2;1;96;16;6;12;3;10;5;6;3;3;2;2;1;1;3;0;1;5;2;6;120;28;28;7;7;2;0;0;1;0;4;0;1;1;4;3;0;1;1;0;141;200;50;43;7;9;7;4;0;3;7;1;2;0;4;3;0;0;2;3;29;4;0;4;2;0;0;2;1;2;0;5;0;0;0;0;1;0;1;1;299;81;29;13;78;20;26;1;3;27;6;2;2;1;8;0;2;1;1;14;16;0;2;0;0;2;0;0;0;1;2
242;"Zespół Szkolno-Przedszkolny nr 5, ul. Milionowa 64, 92-334 Łódź";106101;"m. Łódź";"Łódź";"łódzkie";1;1;5;0;5;0;0;1;0;0;0;0;2;0;0;0;0;1;1;1;0;82;15;22;6;5;8;2;2;4;2;2;0;3;1;0;2;1;3;4;4;84;20;19;9;5;8;4;2;2;0;1;1;4;0;0;2;0;0;2;7;84;113;31;14;4;17;10;7;1;3;5;1;3;4;0;2;0;0;0;4;48;9;7;8;2;0;3;1;2;0;1;0;4;0;2;0;3;0;1;0;254;77;22;29;77;10;32;0;4;16;8;4;3;1;11;0;3;1;2;20;10;0;1;1;2;0;0;0;0;1;0
243;"Zespół Szkolno-Przedszkolny nr 5, ul. Milionowa 64, 92-334 Łódź";106101;"m. Łódź";"Łódź";"łódzkie";1;1;2;0;2;2;0;0;1;2;0;0;0;0;0;1;0;0;1;0;0;100;12;18;8;3;2;1;2;2;4;0;0;0;0;0;3;4;4;0;1;101;44;19;6;6;8;3;2;3;3;1;4;3;1;2;1;2;0;0;5;75;114;28;23;2;13;3;5;1;2;3;0;1;1;1;3;0;0;0;9;49;2;2;6;0;0;1;0;1;0;0;1;2;0;1;0;2;0;3;0;290;56;18;22;71;7;31;2;6;29;2;1;0;1;6;0;2;1;1;6;13;1;3;0;2;1;2;0;0;1;1
244;"Szkoła Podstawowa nr 204 im. Stefana Kardynała Wyszyńskiego, ul. Tadeusza Gajcego 7/11, 92-610 Łódź";106101;"m. Łódź";"Łódź";"łódzkie";1;1;4;1;0;2;1;1;0;0;0;0;0;1;0;0;0;1;2;0;1;75;12;20;12;3;4;4;3;2;0;1;1;3;0;0;1;0;5;0;2;44;12;6;3;5;5;1;0;2;0;0;0;2;0;3;0;1;1;0;3;44;85;23;20;3;7;1;2;0;4;3;2;1;0;2;1;1;2;0;2;45;5;3;2;0;0;5;2;1;2;1;2;0;2;1;0;1;0;1;1;188;22;12;11;62;4;26;1;2;40;2;1;8;0;7;0;0;1;1;14;5;2;0;0;0;2;1;0;0;0;0
245;"Szkoła Podstawowa nr 141 im. gen. Mariusza Zaruskiego, ul. Zakładowa 35, 92-402 Łódź";106101;"m. Łódź";"Łódź";"łódzkie";1;1;8;1;1;0;1;1;0;3;1;1;0;2;0;2;0;0;0;0;0;101;21;22;15;8;6;1;8;2;5;2;3;3;1;0;3;2;5;1;3;144;49;15;10;17;3;5;3;7;5;2;2;3;0;2;0;11;1;2;4;169;244;59;43;7;18;11;13;4;12;2;8;3;5;3;4;1;2;1;14;60;9;12;11;0;0;3;0;2;1;1;1;2;0;2;0;1;2;0;3;442;112;28;30;95;13;37;2;4;79;8;3;6;2;24;1;2;1;0;36;16;2;1;1;5;1;2;1;0;1;4
246;"Szkoła Podstawowa nr 141 im. gen. Mariusza Zaruskiego, ul. Zakładowa 35, 92-402 Łódź";106101;"m. Łódź";"Łódź";"łódzkie";1;1;2;0;3;0;1;2;0;1;1;0;1;0;0;2;0;1;1;1;0;142;28;24;39;6;3;5;4;5;8;1;4;6;1;0;5;2;4;5;3;123;47;21;9;5;6;1;1;3;0;1;1;1;0;5;2;8;1;1;5;123;192;60;32;4;14;4;15;5;5;8;4;7;1;0;5;0;0;4;15;64;3;9;8;1;4;3;4;0;2;3;1;8;2;1;0;0;2;0;3;399;76;31;25;102;12;32;4;0;61;12;3;2;1;11;1;0;4;2;26;11;2;2;1;2;1;1;0;0;0;0
247;"Szkoła Podstawowa nr 205 im. Św. Jadwigi Królowej Polski, ul. Dąbrówki 1, 92-413 Łódź";106101;"m. Łódź";"Łódź";"łódzkie";1;1;12;1;1;0;6;1;5;0;0;2;3;0;0;1;0;2;0;1;1;154;26;14;10;2;5;4;4;3;6;0;2;1;1;0;0;1;1;2;4;102;28;18;12;10;6;2;1;5;4;4;0;3;0;5;0;1;2;2;5;97;165;41;30;5;10;3;5;2;6;7;3;5;3;3;0;1;0;6;6;66;4;3;4;2;1;1;0;6;2;1;2;2;0;0;0;0;1;1;5;363;86;38;32;101;9;46;0;2;76;11;0;2;2;8;1;3;0;0;23;13;1;1;0;1;3;0;1;3;0;3
248;"Szkoła Podstawowa nr 205 im. Św. Jadwigi Królowej Polski, ul. Dąbrówki 1, 92-413 Łódź";106101;"m. Łódź";"Łódź";"łódzkie";1;1;2;2;2;0;0;1;0;0;0;1;2;1;2;1;0;0;0;1;2;116;20;22;11;4;7;5;3;2;4;3;3;4;1;0;3;1;2;2;3;161;35;12;3;7;6;3;3;5;4;0;0;5;1;3;0;5;2;0;4;144;251;50;55;9;30;5;16;1;4;21;4;4;2;4;2;0;1;2;9;58;3;4;4;2;0;5;1;3;0;3;1;2;2;2;0;0;2;1;4;437;71;40;33;112;9;37;2;5;60;8;2;1;4;31;2;1;0;2;23;14;2;0;0;1;0;5;1;0;0;1
249;"Przedszkole Miejskie nr 4, ul. Andrzeja Kmicica 5, 92-433 Łódź";106101;"m. Łódź";"Łódź";"łódzkie";1;1;6;0;3;2;0;0;0;1;0;0;0;0;0;3;0;0;2;0;1;118;32;14;11;1;5;0;8;2;2;1;0;5;2;2;0;2;6;2;1;110;30;19;2;9;3;3;1;6;0;1;0;2;0;2;0;3;1;0;1;124;196;38;25;7;11;11;6;2;2;2;4;3;0;3;1;1;0;2;6;58;4;5;5;0;0;2;2;1;1;0;1;3;0;1;0;0;1;1;2;291;83;30;46;78;13;52;2;2;39;4;3;5;2;11;4;2;1;0;24;8;0;0;0;2;4;2;0;0;1;0
250;"Przedszkole Miejskie nr 4, ul. Andrzeja Kmicica 5, 92-433 Łódź";106101;"m. Łódź";"Łódź";"łódzkie";1;1;5;2;2;0;1;0;0;0;0;0;0;0;1;0;0;1;0;0;0;142;33;17;23;2;8;6;7;1;2;0;3;2;0;0;4;0;5;4;3;116;40;26;5;5;4;4;1;4;3;4;1;0;2;3;3;4;2;1;3;89;131;66;26;7;14;1;9;1;6;2;2;1;4;0;2;1;0;3;7;43;4;5;7;0;2;0;2;2;2;3;1;0;0;0;0;1;1;3;6;421;88;38;42;145;14;53;7;2;46;12;3;2;0;25;0;5;4;1;28;6;0;0;0;6;1;0;1;0;0;1
251;"Przedszkole Miejskie nr 4, ul. Andrzeja Kmicica 5, 92-433 Łódź";106101;"m. Łódź";"Łódź";"łódzkie";1;1;9;0;1;3;1;1;1;0;0;1;1;0;1;1;0;2;0;1;1;140;48;20;13;7;10;3;9;2;9;2;0;5;5;0;6;3;4;5;6;131;32;27;9;3;7;5;2;7;0;2;2;4;1;7;5;1;2;1;21;126;152;36;31;8;21;6;6;5;2;4;0;5;1;1;1;0;0;2;11;90;5;7;11;0;1;3;2;0;4;0;0;4;2;0;0;1;1;1;1;466;152;37;32;123;11;74;3;2;42;10;1;1;10;23;2;3;2;5;27;16;0;1;0;5;5;0;0;0;0;0
252;"Lokal Rady Osiedla Dolina Łódki, ul. Beskidzka 172, 91-610 Łódź";106101;"m. Łódź";"Łódź";"łódzkie";1;1;8;1;5;3;0;0;0;1;0;0;3;0;1;1;0;0;2;5;1;123;27;22;17;3;6;2;2;3;2;1;3;6;5;0;2;2;2;0;1;62;27;8;7;6;5;2;0;3;8;1;0;4;0;4;0;1;2;0;6;120;158;28;29;7;23;3;3;3;3;2;3;1;0;0;0;0;2;2;9;66;4;3;7;2;0;5;1;1;1;0;0;2;1;3;0;0;0;3;1;307;92;22;32;148;9;44;4;1;27;8;3;1;3;13;0;3;1;2;21;13;1;1;1;1;0;1;0;1;0;1
253;"Publiczna Szkoła Podstawowa ""Mileszki"", ul. Pomorska 437, 92-735 Łódź";106101;"m. Łódź";"Łódź";"łódzkie";1;1;4;3;1;1;1;3;1;1;1;0;1;0;0;0;1;0;1;1;1;106;16;19;18;5;12;4;3;2;9;1;2;5;2;0;1;1;5;1;6;46;13;11;4;8;5;2;0;2;2;2;0;5;2;0;0;3;1;0;7;104;191;37;27;3;10;9;7;1;5;6;1;4;9;0;0;1;0;2;8;81;5;5;11;2;0;1;3;1;1;0;1;2;1;0;0;0;1;1;3;273;59;18;37;94;14;33;3;3;20;7;7;1;0;5;0;0;4;0;28;4;0;2;1;4;2;1;0;1;0;1
254;"Szkoła Podstawowa nr 37 im. Janusza Kusocińskiego, ul. Szpitalna 9/11, 92-207 Łódź";106101;"m. Łódź";"Łódź";"łódzkie";1;1;1;2;1;1;0;1;0;0;0;0;1;0;0;2;0;0;1;0;0;65;11;10;14;1;5;2;4;1;6;0;2;3;3;2;1;0;4;2;1;63;26;14;3;4;2;4;0;3;2;3;0;1;1;5;0;1;3;1;7;65;89;14;10;3;16;5;3;0;4;3;0;3;1;0;1;0;2;1;5;36;4;0;3;0;2;0;0;1;2;0;1;1;0;2;1;2;1;1;4;181;41;13;11;53;11;11;4;0;14;3;1;4;0;4;0;4;0;2;5;8;0;0;0;0;0;0;0;1;0;0
255;"Szkoła Podstawowa nr 37 im. Janusza Kusocińskiego, ul. Szpitalna 9/11, 92-207 Łódź";106101;"m. Łódź";"Łódź";"łódzkie";1;1;9;0;9;3;0;1;0;2;0;0;0;0;0;2;0;2;0;1;1;104;24;20;12;4;2;1;9;4;5;2;3;4;3;1;0;0;5;4;2;115;36;25;6;14;9;1;1;5;2;4;0;3;2;6;3;1;8;0;10;129;144;48;42;2;13;6;13;4;5;3;1;1;4;2;2;1;0;0;12;54;6;2;12;3;3;2;1;3;5;0;2;1;0;3;0;3;2;0;0;294;66;26;35;102;14;36;3;5;32;10;1;0;1;1;1;6;3;1;6;9;1;0;0;3;0;2;0;2;0;1
256;"Szkoła Podstawowa nr 4 im. Komisji Edukacji Narodowej, al. marsz. Józefa Piłsudskiego 101, 92-329 Łódź";106101;"m. Łódź";"Łódź";"łódzkie";1;1;9;1;4;1;2;1;0;3;1;0;2;0;0;2;1;1;1;2;1;103;27;16;14;3;6;3;9;2;6;4;5;3;3;1;3;0;5;1;4;115;48;38;8;5;11;8;2;3;5;7;0;4;2;10;2;1;3;2;9;125;126;40;18;5;14;3;9;3;4;3;1;5;0;5;2;0;2;1;11;76;6;5;6;1;3;2;2;2;0;1;1;4;0;1;0;0;0;1;2;366;77;26;37;109;11;39;4;1;23;9;1;4;4;16;1;0;0;2;17;12;1;3;0;1;1;3;0;0;3;2
257;"Zespół Szkolno-Przedszkolny Nr 3, ul. Przędzalniana 70, 90-338 Łódź";106101;"m. Łódź";"Łódź";"łódzkie";1;1;5;1;2;1;1;1;2;1;0;0;1;0;4;5;0;0;0;0;0;76;16;11;11;5;0;1;3;0;2;0;0;1;1;0;1;2;4;1;1;110;30;16;13;11;6;3;1;3;2;3;0;3;0;2;2;0;2;0;11;113;168;41;39;3;22;8;10;4;5;4;1;0;6;1;1;0;0;1;10;54;8;6;5;1;0;3;4;5;4;6;2;2;0;1;0;0;2;0;2;278;64;17;34;90;10;33;1;3;29;6;1;0;1;4;0;0;1;1;13;5;1;1;1;1;0;0;0;0;4;1
258;"Zespół Szkolno-Przedszkolny Nr 3, ul. Przędzalniana 70, 90-038 Łódź";106101;"m. Łódź";"Łódź";"łódzkie";1;1;3;1;1;1;2;0;0;1;0;0;2;0;0;0;0;0;0;1;0;81;19;11;10;4;2;5;2;2;3;1;3;4;1;0;1;2;8;4;1;73;17;10;5;9;9;5;0;7;3;1;2;7;0;4;2;3;2;0;3;68;81;24;25;6;8;3;8;2;1;2;0;1;0;3;0;0;0;2;6;42;5;6;4;1;1;1;1;1;1;0;2;6;2;0;0;0;0;1;0;207;53;14;26;83;14;43;4;1;25;9;2;0;0;4;0;3;2;1;5;9;1;1;1;1;0;1;1;0;0;1
259;"Szkoła Podstawowa nr 170 im. Anieli Krzywoń, ul. Miedziana 1/3, 90-038 Łódź";106101;"m. Łódź";"Łódź";"łódzkie";1;1;2;3;1;0;0;1;1;0;0;0;1;0;0;0;0;0;0;0;2;40;7;4;2;0;2;0;3;4;5;0;0;4;2;2;0;1;2;1;1;58;21;14;3;3;4;1;0;1;4;1;3;4;0;1;0;1;0;1;4;47;68;15;22;4;4;7;3;2;1;2;0;0;0;1;1;0;0;0;1;28;5;3;6;0;3;1;2;5;1;0;0;2;1;1;0;1;1;0;0;108;32;5;11;29;7;20;2;1;21;3;0;0;0;2;0;1;0;0;8;4;0;0;0;0;0;0;0;0;1;1
260;"Szkoła Podstawowa nr 170 im. Anieli Krzywoń, ul. Miedziana 1/3, 90-038 Łódź";106101;"m. Łódź";"Łódź";"łódzkie";1;1;5;0;2;0;0;0;0;2;0;0;1;0;0;0;0;0;0;1;1;32;2;7;2;5;2;0;6;0;3;0;0;1;0;0;0;0;3;1;1;49;35;11;4;8;5;2;0;2;1;2;1;5;0;1;0;2;3;3;6;53;60;19;16;4;7;3;3;2;1;3;0;0;1;0;1;0;0;1;2;28;1;4;2;2;0;0;0;1;3;0;2;0;1;2;0;0;0;1;2;147;26;5;15;65;2;20;1;1;18;2;0;0;0;7;3;0;0;1;7;2;0;0;1;1;2;1;2;0;0;0
261;"Szkoła Podstawowa nr 170 im. Anieli Krzywoń, ul. Miedziana 1/3, 90-338 Łódź";106101;"m. Łódź";"Łódź";"łódzkie";1;1;2;0;0;0;0;0;0;0;0;0;1;0;0;0;0;0;0;2;2;65;15;6;11;3;8;3;3;4;2;2;1;2;1;1;1;1;2;0;6;81;21;19;3;8;2;2;0;3;1;4;0;3;0;1;2;1;1;0;5;106;95;23;33;4;6;3;1;4;7;2;2;0;2;0;1;1;4;2;8;42;2;2;7;0;0;2;2;0;2;0;1;3;0;1;0;1;0;1;1;218;58;14;25;76;14;26;0;0;20;6;2;1;4;8;3;2;0;0;11;4;0;1;1;3;2;0;1;0;1;0
262;"II Liceum Ogólnokształcące im. Gabriela Narutowicza, ul. Nowa 11/13, 90-031 Łódź";106101;"m. Łódź";"Łódź";"łódzkie";1;1;6;1;1;0;1;1;0;0;0;0;1;0;0;1;0;0;1;0;1;62;18;16;15;6;5;3;2;2;3;2;1;4;3;3;4;0;2;2;1;97;28;13;8;8;8;1;0;2;1;3;2;3;1;3;1;0;0;2;8;83;112;49;28;2;14;6;5;4;2;2;6;4;0;0;1;0;0;1;10;61;6;6;5;1;1;2;1;1;0;0;1;4;0;1;1;2;0;0;0;266;71;21;21;83;5;38;3;2;25;8;0;0;2;11;1;0;1;0;15;9;0;1;1;1;1;0;0;0;0;0
263;"Zespół Szkolno-Przedszkolny Nr 3, ul. Przędzalniana 70, 90-338 Łódź";106101;"m. Łódź";"Łódź";"łódzkie";1;1;2;0;2;0;1;0;2;0;1;0;1;1;1;0;0;0;0;1;1;40;12;5;11;2;3;1;2;6;1;0;2;0;0;0;1;0;9;0;3;72;30;28;11;8;5;4;0;5;5;3;0;2;0;4;2;1;2;1;7;54;53;25;25;0;8;4;4;1;4;2;0;4;1;2;1;0;1;0;2;32;3;4;3;0;1;1;1;3;2;0;3;5;0;3;0;0;0;0;3;138;26;13;12;59;5;17;0;2;19;1;1;0;0;5;0;2;1;3;8;2;4;1;2;3;1;0;0;1;0;2
264;"Zespół Szkolno-Przedszkolny nr 2, ul. Jugosłowiańska 2, 92-720 Łódź";106101;"m. Łódź";"Łódź";"łódzkie";1;1;2;0;3;0;4;0;0;3;0;0;1;0;0;3;0;1;0;2;1;121;14;28;35;2;5;4;6;8;10;0;2;2;3;0;2;1;6;1;2;66;19;20;5;7;7;3;1;0;3;2;0;4;0;6;0;1;2;0;5;114;158;28;37;4;18;4;6;2;3;3;1;1;1;2;1;0;1;2;6;58;8;5;1;1;2;0;2;3;2;2;0;1;4;2;1;1;0;5;1;352;80;16;45;117;4;34;6;2;34;10;4;1;2;9;0;3;0;0;24;17;0;1;0;2;1;0;0;0;0;1
265;"Zespół Szkolno-Przedszkolny nr 2, ul. Jugosłowiańska 2, 92-720 Łódź";106101;"m. Łódź";"Łódź";"łódzkie";1;1;5;1;1;1;0;0;0;0;1;0;0;0;3;0;0;0;0;1;1;115;32;20;34;2;5;2;2;2;2;0;2;0;1;4;2;1;0;3;4;68;26;11;5;5;3;2;2;0;2;0;4;2;0;4;1;0;1;1;5;99;137;24;29;10;8;9;8;2;1;8;2;0;3;2;1;0;1;0;1;61;3;1;9;3;0;3;1;3;0;2;5;2;5;2;0;1;0;3;2;308;97;22;48;119;6;40;7;10;23;10;6;1;1;8;2;2;0;2;25;11;0;0;1;3;1;0;0;0;0;0
266;"Przedszkole Miejskie nr 230, ul. Przylesie 22, 92-644 Łódź";106101;"m. Łódź";"Łódź";"łódzkie";1;1;4;3;0;1;0;3;1;0;1;0;1;0;0;1;1;1;0;0;0;93;9;12;4;1;4;1;3;2;1;1;1;5;1;1;0;2;6;0;2;48;12;11;4;6;3;2;1;18;1;0;1;5;0;2;0;1;0;1;1;81;147;15;46;4;27;5;2;2;4;4;5;2;0;5;1;0;0;0;1;41;7;2;13;2;0;4;4;1;0;0;2;4;1;0;0;0;0;0;1;175;44;16;10;54;12;22;5;0;9;2;2;1;0;4;0;3;0;3;20;6;1;0;0;3;1;1;0;0;0;1
267;"Szkoła Podstawowa nr 204 im. Stefana Kardynała Wyszyńskiego, ul. Tadeusza Gajcego 7/11, 92-610 Łódź";106101;"m. Łódź";"Łódź";"łódzkie";1;1;2;1;1;0;0;0;0;1;0;0;1;0;0;2;1;0;1;0;0;68;11;11;2;5;1;4;2;2;3;0;0;2;0;0;2;1;2;2;2;51;27;8;3;4;2;1;0;6;1;3;1;2;0;1;1;1;0;0;3;91;156;25;33;3;25;5;2;3;8;2;2;1;0;1;0;1;0;1;3;47;4;1;9;1;3;1;1;2;4;4;3;1;0;1;0;0;0;2;0;250;51;17;33;49;9;38;6;3;21;1;1;0;1;3;1;7;0;0;27;5;3;0;0;1;0;1;0;0;0;0
268;"Szkoła Podstawowa nr 204 im. Stefana Kardynała Wyszyńskiego, ul. Tadeusza Gajcego 7/11, 02-610 Łódź";106101;"m. Łódź";"Łódź";"łódzkie";1;1;7;0;4;0;0;1;0;1;0;1;1;0;0;1;0;2;0;0;0;142;26;19;14;6;7;7;3;3;9;0;1;5;5;2;2;0;4;1;3;58;25;10;2;7;2;0;1;2;1;1;1;4;1;1;0;1;2;0;4;137;201;34;39;10;33;8;7;4;6;3;3;2;1;2;7;0;0;0;9;63;7;3;4;0;1;2;0;2;2;2;1;5;0;0;0;0;1;2;4;223;44;13;21;63;3;40;3;3;14;4;0;3;1;3;0;24;1;1;48;7;2;0;0;2;0;1;0;0;1;3
269;"Przedszkole Miejskie nr 65, ul. Stanisława Przybyszewskiego 92, 93-100 Łódź";106101;"m. Łódź";"Łódź";"łódzkie";1;1;4;4;1;1;1;1;0;2;0;0;2;1;0;0;1;1;0;0;0;59;8;5;15;7;2;4;5;1;1;1;1;3;0;0;3;0;3;0;2;69;23;9;8;4;7;3;0;8;1;4;0;4;1;3;1;1;2;0;8;68;84;20;24;1;13;5;6;3;2;1;1;2;0;0;0;0;3;1;3;53;5;1;6;0;0;2;1;1;0;0;3;1;1;3;1;0;0;2;2;220;39;17;14;57;7;34;1;1;36;3;0;1;1;6;0;0;0;4;10;6;1;1;0;5;1;0;1;3;1;1
270;"XLIV Liceum Ogólnokształcące, ul. Wacława 22/24, 93-118 Łódź";106101;"m. Łódź";"Łódź";"łódzkie";1;1;2;0;1;0;0;0;0;0;1;3;1;0;0;2;1;0;1;0;0;79;22;18;5;7;12;0;2;2;2;1;1;1;1;2;3;1;1;2;3;67;20;19;2;4;1;3;0;1;19;0;0;3;0;2;1;1;1;0;4;70;87;16;12;2;3;2;2;3;3;2;2;4;0;2;0;0;1;1;6;36;9;1;3;0;0;0;0;1;0;0;2;0;1;2;0;0;0;0;1;240;61;19;9;69;8;41;0;0;31;6;1;2;4;6;1;0;0;1;11;0;0;0;2;1;0;0;1;0;0;2
271;"Przedszkole Miejskie nr 221-Integracyjne w Łodzi, al. Marszałka Edwarda Śmigłego-Rydza 38, 93-281 Łódź";106101;"m. Łódź";"Łódź";"łódzkie";1;1;3;0;0;1;2;0;0;0;0;0;1;0;0;0;0;0;1;0;2;51;16;4;17;3;1;2;5;2;1;0;1;1;1;0;1;1;3;0;0;90;22;10;5;5;1;2;1;0;4;2;1;0;3;4;1;0;3;0;5;102;90;35;31;0;7;6;7;2;1;0;1;0;1;0;0;0;0;0;5;28;6;1;1;1;0;2;1;2;0;1;0;1;0;0;0;0;1;1;0;194;61;12;26;73;11;24;0;1;24;4;1;1;3;7;0;2;1;1;13;4;1;0;2;0;0;0;0;1;0;0
272;"Szkoła Podstawowa nr 149 im. Obrońców Westerplatte, ul. Tatrzańska 69A, 93-219 Łódź";106101;"m. Łódź";"Łódź";"łódzkie";1;1;2;1;2;0;3;2;0;1;0;0;2;0;0;1;1;0;1;0;3;107;19;14;17;7;4;2;4;2;3;3;0;1;3;1;3;0;1;0;6;137;34;24;13;9;5;2;0;5;2;2;1;5;1;3;2;0;0;0;7;187;210;62;53;2;16;3;16;6;4;4;0;3;4;3;1;0;0;0;3;55;6;8;8;8;2;5;3;1;1;0;1;2;0;0;0;0;0;0;1;427;88;26;43;113;11;34;3;3;45;4;0;2;2;10;0;1;1;4;21;8;1;0;2;1;1;0;1;0;0;0
273;"Szkoła Podstawowa nr 149 im. Obrońców Westerplatte, ul. Tatrzańska 69A, 93-291 Łódź";106101;"m. Łódź";"Łódź";"łódzkie";1;1;7;0;0;1;0;1;1;1;1;0;0;0;1;2;0;0;1;0;1;90;13;6;12;3;1;3;4;1;4;3;0;5;0;3;3;1;5;0;2;121;39;16;9;1;5;4;4;1;3;1;0;2;0;2;0;2;3;0;3;146;155;44;24;5;8;5;12;2;3;1;5;6;0;3;2;2;1;2;7;45;8;2;8;0;0;3;2;0;0;1;3;0;1;0;0;1;1;1;3;326;85;24;31;111;10;38;2;4;33;7;2;0;3;8;0;0;3;1;15;7;2;0;0;4;0;1;0;0;2;2
274;"Szkoła Podstawowa nr 193 im. Krzysztofa Kamila Baczyńskiego, ul. Małej Piętnastki 1, 93-221 Łódź";106101;"m. Łódź";"Łódź";"łódzkie";1;1;6;1;0;1;0;0;0;3;1;1;0;0;1;1;0;1;0;0;0;60;12;7;10;5;2;0;7;4;4;1;0;1;2;0;0;3;3;3;2;79;20;12;7;9;5;3;1;4;4;1;1;1;0;2;0;4;1;2;3;77;119;25;24;3;22;9;10;3;6;1;1;2;0;3;3;1;0;1;5;26;12;2;10;1;0;2;1;4;2;4;1;4;0;0;1;0;0;4;2;232;55;24;16;62;6;39;6;1;15;9;0;0;3;8;0;5;2;1;17;6;1;1;0;2;1;0;0;1;0;0
275;"Szkoła Podstawowa nr 193 im. Krzysztofa Kamila Baczyńskiego, ul. Małej Piętnastki 1, 93-221 Łódź";106101;"m. Łódź";"Łódź";"łódzkie";1;1;6;1;1;0;1;0;0;0;0;0;1;0;0;2;0;1;1;0;1;58;5;2;3;4;2;3;0;0;2;0;0;0;0;0;1;1;2;1;1;45;10;5;3;6;5;1;0;3;2;1;1;1;0;0;2;0;0;0;4;68;79;30;30;2;9;2;10;1;5;1;1;1;0;0;0;0;0;0;9;21;13;1;2;0;0;0;0;0;0;2;0;2;1;0;0;1;1;0;1;155;34;10;7;56;11;27;3;0;24;5;4;4;5;5;0;1;0;1;12;5;0;0;3;1;0;0;1;0;0;5
276;"Szkoła Podstawowa nr 193 im. Krzysztofa Kamila Baczyńskiego, ul. Małej Piętnastki 1, 93-221 Łódź";106101;"m. Łódź";"Łódź";"łódzkie";1;1;1;1;0;0;0;0;1;0;0;0;1;0;0;1;0;0;0;0;1;66;21;10;10;2;5;3;4;0;4;1;1;3;1;2;3;0;4;0;4;81;21;12;1;4;2;3;0;2;4;1;0;4;0;4;2;0;2;0;7;45;65;15;13;2;0;0;3;4;5;1;0;0;0;1;0;0;0;1;2;20;15;0;1;0;0;0;0;1;0;0;0;0;0;0;0;3;0;1;0;232;63;14;25;84;7;21;3;5;15;6;0;1;1;8;0;0;1;0;14;5;3;1;0;2;0;0;0;0;0;0
277;"Szkoła Podstawowa nr 193 im. Krzysztofa Kamila Baczyńskiego, ul. Gen. Stefana Grota-Roweckiego 1, 93-217 Łódź";106101;"m. Łódź";"Łódź";"łódzkie";1;1;4;0;2;1;0;0;1;1;0;0;0;0;1;5;0;0;0;1;1;64;9;7;8;4;1;1;5;1;1;0;0;2;0;1;2;0;4;2;1;67;30;15;5;7;8;1;1;1;1;3;0;4;0;1;2;1;2;1;1;101;119;29;21;2;14;10;10;1;4;1;2;2;0;1;2;0;1;0;6;39;4;1;1;1;0;2;2;0;0;1;3;1;0;1;0;0;2;1;2;202;56;18;13;49;6;25;1;2;22;4;1;1;2;6;1;0;1;0;14;9;1;1;0;1;2;0;1;0;0;0
278;"Szkoła Podstawowa nr 193 im. Krzysztofa Kamila Baczyńskiego, ul. Gen. Stefana Grota-Roweckiego 1, 93-217 Łódź";106101;"m. Łódź";"Łódź";"łódzkie";1;1;6;0;2;0;0;0;0;0;0;0;1;0;1;1;0;0;0;3;1;56;12;5;5;1;6;1;3;2;2;0;0;3;0;1;1;1;0;1;5;62;15;11;4;4;3;1;0;0;2;0;0;3;0;2;1;0;3;0;6;100;102;36;21;2;6;3;3;0;5;3;2;1;0;0;0;3;0;5;4;39;3;1;3;1;1;0;1;0;1;1;1;2;0;1;0;0;0;0;2;210;64;13;9;38;5;14;0;1;16;7;0;2;0;6;0;0;1;0;12;4;1;0;0;1;0;1;0;0;0;0
279;"Zespół Szkolno-Przedszkolny Nr 6 w Łodzi, ul. Janosika 136, 92-108 Łódź";106101;"m. Łódź";"Łódź";"łódzkie";1;1;3;1;0;0;0;1;0;0;0;0;1;0;0;0;0;0;0;1;0;130;35;25;32;5;6;6;5;2;8;4;1;1;0;0;3;2;1;2;5;117;30;19;12;3;6;9;0;2;3;3;0;2;0;6;1;1;1;1;5;151;163;48;44;3;22;5;5;5;4;1;2;3;0;3;2;0;0;2;10;71;7;6;4;1;1;0;1;2;1;1;4;1;0;1;0;1;1;1;1;413;95;28;40;152;14;73;2;0;27;9;3;1;0;13;2;2;1;4;41;12;3;1;1;1;0;0;0;0;1;0
280;"Szkoła Podstawowa nr 139 im. Wojska Polskiego, ul. Giewont 28, 92-116 Łódź";106101;"m. Łódź";"Łódź";"łódzkie";1;1;8;0;6;1;0;2;0;0;0;0;0;0;0;1;1;0;1;2;0;81;37;15;17;9;5;1;3;6;5;1;2;3;4;1;3;0;5;1;5;114;52;19;9;8;15;3;1;2;2;1;0;5;0;3;1;0;1;0;8;133;178;43;16;10;12;4;6;4;1;1;3;1;1;1;4;0;0;1;11;55;5;3;9;1;0;10;1;1;4;2;0;2;1;4;0;0;2;0;3;261;59;22;32;107;12;44;7;0;26;9;1;0;1;17;1;3;0;3;22;9;0;1;0;3;0;1;2;2;0;1
281;"Szkoła Podstawowa nr 139 im. Wojska Polskiego, ul. Giewont 28, 92-116 Łódź";106101;"m. Łódź";"Łódź";"łódzkie";1;1;3;0;3;0;1;0;3;1;0;1;0;0;0;0;0;0;0;0;0;57;12;16;14;2;5;3;7;1;3;0;2;2;1;0;0;1;1;0;0;51;31;16;6;7;10;0;0;1;1;2;1;1;0;1;0;1;0;0;8;65;126;38;16;2;8;9;5;0;3;5;0;1;2;0;0;0;0;0;5;43;5;1;6;0;0;0;1;5;3;1;3;3;0;1;0;1;2;0;1;209;39;18;17;87;3;17;2;0;15;5;0;0;3;4;0;2;0;1;26;5;2;3;1;0;1;2;0;0;0;4
282;"Pogotowie Opiekuńcze Nr 1, ul. Krokusowa 15/17, 92-101 Łódź";106101;"m. Łódź";"Łódź";"łódzkie";1;1;5;0;4;1;1;0;0;0;0;0;2;0;1;1;2;0;0;1;0;66;16;16;13;6;9;2;2;5;2;1;3;8;0;0;1;0;0;1;6;50;27;6;8;5;7;0;0;1;1;0;0;3;0;1;0;2;1;1;4;97;162;24;16;6;13;12;7;0;0;2;1;0;4;1;1;0;0;0;5;38;1;2;3;3;1;4;1;2;1;0;2;2;0;0;0;0;0;1;0;225;43;26;57;70;8;27;4;1;13;2;0;2;1;8;1;1;0;1;19;8;4;1;1;1;1;0;0;0;0;0
283;"Szkoła Podstawowa Specjalna nr 128, ul. Nowogrodzka 6/14, 92-221 Łódź";106101;"m. Łódź";"Łódź";"łódzkie";1;1;9;0;0;1;1;0;1;1;0;1;2;0;1;1;1;2;0;2;1;99;19;22;27;6;2;3;2;4;5;2;4;2;4;0;2;1;8;2;5;99;29;22;14;7;9;9;1;2;1;0;2;2;0;2;1;0;1;0;4;61;111;18;14;3;13;5;4;4;2;5;2;5;0;3;0;1;1;0;8;57;3;3;8;1;1;2;6;3;0;0;1;3;1;2;1;0;2;0;2;265;43;21;25;79;6;39;1;4;25;5;5;3;2;8;3;4;1;5;10;8;1;8;0;3;0;0;0;0;2;0
284;"Specjalistyczny Psychiatryczny Zespół Opieki Zdrowotnej w Łodzi im. dr. J. Babińskiego, ul. Aleksandrowska 159, 91-229 Łódź";106101;"m. Łódź";"Łódź";"łódzkie";1;1;0;0;0;0;0;1;0;0;0;0;0;0;1;0;1;0;0;0;0;2;0;1;1;1;0;0;0;0;1;0;1;0;0;1;0;0;0;0;0;12;0;3;1;1;2;1;0;1;0;0;0;0;0;1;0;0;0;1;0;21;13;4;6;2;2;2;0;0;0;4;1;1;0;0;0;0;0;1;0;4;0;0;2;0;0;0;0;0;2;0;0;0;0;0;0;0;0;0;0;24;4;1;1;2;0;2;0;0;6;1;0;0;0;3;0;0;1;0;0;0;1;1;2;1;0;0;0;0;0;1
285;"Wojewódzki Zespół Zakładów Opieki Zdrowotnej Centrum Leczenia Chorób Płuc i Rehabilitacji w Łodzi, ul. Okólna 181, 91-520 Łódź";106101;"m. Łódź";"Łódź";"łódzkie";1;1;0;0;0;0;0;1;0;0;0;0;0;0;0;0;0;0;0;0;0;3;1;0;2;2;3;1;0;0;2;0;0;2;0;0;0;0;1;0;0;8;1;0;1;0;1;0;0;1;2;0;0;0;0;0;0;0;0;0;0;21;12;5;5;1;1;6;1;2;0;2;1;0;1;0;0;0;1;0;1;1;0;0;0;0;1;1;0;1;0;0;0;0;0;0;0;0;0;0;0;22;2;3;3;2;1;0;0;0;0;0;1;0;1;0;0;0;0;0;2;0;0;0;0;1;1;1;0;0;0;1
286;"Wojewódzki Specjalistyczny Szpital im. dr. Wł. Biegańskiego w Łodzi, ul. Kniaziewicza 1/5, 91-347 Łódź";106101;"m. Łódź";"Łódź";"łódzkie";1;1;0;0;0;0;0;0;0;0;0;0;0;0;0;0;0;0;0;0;0;3;2;2;1;0;0;0;1;0;0;0;0;0;0;0;0;0;1;0;0;6;1;0;1;0;0;0;0;0;0;0;0;0;0;1;0;0;0;0;1;14;13;4;4;1;1;2;2;0;0;0;0;0;0;0;0;0;0;0;3;1;0;0;0;0;0;0;0;0;0;0;0;1;0;0;0;0;0;0;1;21;3;1;0;1;1;1;0;0;1;0;0;0;0;0;0;0;0;0;1;1;0;0;0;0;0;1;0;0;1;1
287;"Miejskie Centrum Medyczne im. dr Karola Jonschera w Łodzi, ul. Przyrodnicza 7/9, 91-480 Łódź";106101;"m. Łódź";"Łódź";"łódzkie";1;1;0;0;0;0;0;0;0;0;0;0;0;0;0;0;0;0;0;0;0;3;1;1;0;0;0;0;0;0;0;0;0;0;0;0;0;0;0;0;0;2;1;1;0;0;0;0;0;0;0;0;0;0;0;0;0;0;0;0;0;1;3;0;2;0;1;0;0;1;0;1;1;0;2;0;0;0;0;0;0;0;0;0;0;0;0;0;0;0;0;0;0;0;0;0;0;0;0;0;0;13;0;0;1;2;1;0;0;0;1;0;0;0;0;0;0;0;0;0;0;0;0;0;1;1;0;0;0;0;0;0
288;"Samodzielny Publiczny Zakład Opieki Zdrowotnej Ministerstwa Spraw Wewnętrznych i Administracji w Łodzi, ul. Północna 42, 91-425 Łódź";106101;"m. Łódź";"Łódź";"łódzkie";1;1;1;0;0;0;0;0;0;0;0;0;0;0;0;0;0;0;0;0;0;1;0;0;0;0;0;0;0;0;0;0;0;0;0;0;0;0;0;0;0;7;1;0;0;2;0;1;0;0;0;0;0;0;0;0;0;0;0;0;0;8;8;1;3;1;0;1;2;0;0;2;0;0;0;0;0;0;0;0;0;1;0;0;0;0;0;0;0;0;0;0;0;0;0;0;0;0;0;0;0;12;3;3;1;2;1;0;0;0;1;1;0;0;0;0;0;0;0;0;1;0;0;0;0;0;0;0;0;0;0;0
289;"6 Dom Pomocy Społecznej w Łodzi, ul. Złotnicza 10, 91-836 Łódź";106101;"m. Łódź";"Łódź";"łódzkie";1;1;0;0;0;0;0;0;0;0;0;0;0;0;0;0;0;0;0;0;1;2;2;0;2;0;0;0;1;0;0;1;0;0;0;0;0;0;0;0;0;4;1;0;0;0;0;0;0;0;0;1;0;0;0;0;0;0;0;0;0;12;3;0;3;2;1;4;2;0;0;2;0;0;0;0;1;0;0;0;1;1;0;0;0;0;0;0;0;0;0;0;0;1;0;0;0;0;0;0;0;4;2;1;0;0;0;0;0;0;0;1;0;0;0;0;0;0;0;0;0;1;0;0;1;0;0;0;0;0;0;0
290;"Dom Pomocy Społecznej „Pogodna Jesień” w Łodzi, ul. Dojazdowa 5/7, 91-503 Łódź";106101;"m. Łódź";"Łódź";"łódzkie";1;1;0;1;0;0;0;0;0;0;0;0;0;0;0;0;1;0;0;0;0;0;1;0;0;1;0;0;0;1;0;0;0;0;0;0;0;0;0;0;0;3;1;0;0;0;0;0;0;0;0;0;0;0;0;0;0;0;0;0;0;7;2;3;5;0;1;0;0;0;0;1;0;0;0;0;0;0;0;0;1;0;1;0;0;0;0;0;0;0;0;0;0;1;0;0;0;0;0;0;0;3;2;0;0;0;0;0;0;0;0;0;0;0;0;0;0;0;0;0;0;0;1;0;0;0;0;0;0;0;2;1
291;"Dom Pomocy Społecznej „Dom Kombatanta” im. majora Eugeniusza Gedymina Kaszyńskiego „Nurta” w Łodzi, ul. Przyrodnicza 24/26, 91-480 Łódź";106101;"m. Łódź";"Łódź";"łódzkie";1;1;1;0;0;1;0;0;0;0;0;0;0;0;0;0;0;0;0;0;0;0;1;0;0;0;0;0;0;0;0;0;0;0;0;0;0;0;0;0;0;1;0;1;0;0;0;0;0;0;0;0;0;0;0;0;0;0;0;1;0;7;3;0;6;0;0;1;0;0;0;2;0;1;0;0;0;0;0;1;0;0;0;0;0;0;0;0;0;0;0;0;0;0;0;0;0;0;0;0;0;1;0;1;0;4;0;1;0;0;0;0;0;0;0;0;0;0;0;0;0;2;0;0;0;0;0;0;0;0;0;0
292;"Dom Pomocy Społecznej w Łodzi, ul. Rojna 15, 91-142 Łódź";106101;"m. Łódź";"Łódź";"łódzkie";1;1;0;0;1;0;0;0;0;0;0;0;1;0;0;0;0;0;0;0;0;0;0;1;0;0;0;0;1;0;0;0;1;0;0;0;0;0;0;0;0;0;0;0;0;0;0;0;0;0;0;0;0;0;0;0;0;0;0;0;0;6;4;4;3;0;0;1;1;0;0;1;0;1;3;1;0;0;0;0;0;0;0;0;0;0;1;0;0;0;0;0;0;0;0;0;0;0;0;0;0;1;0;0;0;0;1;1;0;0;0;0;0;0;0;0;0;0;0;0;0;0;0;0;1;0;0;0;1;0;0;0
293;"Stowarzyszenie „Hospicjum Łódzkie”, ul. Pojezierska 45/51, 91-338 Łódź";106101;"m. Łódź";"Łódź";"łódzkie";1;1;0;0;0;0;0;0;0;0;0;0;0;0;0;0;0;0;0;0;0;0;0;0;0;0;0;0;0;0;0;0;0;0;0;0;0;0;0;0;0;1;0;0;0;0;1;0;0;1;0;1;0;0;0;0;0;0;0;0;0;1;3;0;1;0;0;0;0;0;0;1;1;0;1;0;0;0;0;0;0;0;0;0;0;0;0;0;0;0;0;0;0;0;0;0;0;0;0;0;0;2;1;0;0;2;0;2;0;1;1;0;0;0;0;0;0;0;0;0;0;0;0;0;0;0;1;0;0;0;0;0
294;"Areszt Śledczy w Łodzi, ul. Smutna 21, 91-729 Łódź";106101;"m. Łódź";"Łódź";"łódzkie";1;1;1;0;0;0;1;0;0;1;1;0;1;0;0;1;1;0;0;0;1;50;6;7;5;3;1;1;7;3;3;0;0;1;1;2;1;3;9;2;2;24;3;4;3;0;4;1;2;3;2;1;1;2;0;3;0;0;0;2;0;15;10;1;3;1;1;2;5;2;2;5;3;0;0;1;0;0;0;0;2;14;2;0;1;0;1;0;0;0;1;2;1;2;0;2;0;2;1;2;1;211;36;11;20;44;8;5;2;8;2;12;9;5;8;4;3;7;1;3;5;2;0;1;0;0;0;0;0;0;0;0
295;"Instytut Centrum Zdrowia Matki Polki w Łodzi, ul. Rzgowska 281/289, 93-338 Łódź";106101;"m. Łódź";"Łódź";"łódzkie";1;1;0;0;0;0;0;0;0;0;0;0;0;0;0;0;0;1;1;1;0;8;1;2;1;1;3;0;1;0;0;1;0;2;0;0;1;0;1;0;1;5;2;3;1;2;1;0;0;0;0;2;0;1;0;0;1;0;0;0;0;10;10;1;3;3;1;0;4;2;2;3;2;0;1;1;0;0;0;0;1;3;0;1;0;0;0;0;0;1;0;1;0;1;0;2;0;0;1;0;0;20;4;3;2;1;2;3;0;0;1;3;0;0;0;0;1;0;1;0;1;0;0;1;0;0;0;0;0;0;0;1
296;"Wojewódzkie Wielospecjalistyczne Centrum Onkologii i Traumatologii im. M. Kopernika w Łodzi, ul. Pabianicka 62, 93-490 Łódź";106101;"m. Łódź";"Łódź";"łódzkie";1;1;1;0;1;0;0;0;0;0;0;0;0;0;0;0;1;0;0;2;0;7;2;1;2;2;2;0;3;0;2;0;0;0;0;0;1;0;1;0;2;8;1;2;0;1;1;0;0;0;0;0;2;0;0;0;0;0;1;0;1;32;32;2;5;3;3;10;7;3;0;2;0;0;0;0;0;0;0;0;6;6;0;0;0;0;0;0;0;1;1;0;1;0;0;0;0;0;0;0;0;66;9;7;4;12;1;4;0;2;0;2;0;1;0;0;0;0;0;1;4;1;0;0;0;0;0;0;0;1;0;1
297;"Wojewódzkie Wielospecjalistyczne Centrum Onkologii i Traumatologii im. M. Kopernika w Łodzi Ośrodek Wczesnej Rehabilitacji Kardiologicznej, ul. Popioły 40, 93-438 Łódź";106101;"m. Łódź";"Łódź";"łódzkie";1;1;0;0;1;0;0;0;0;0;0;0;0;0;0;0;0;0;0;0;0;1;0;0;0;0;0;0;0;0;1;0;0;0;0;0;0;0;0;0;0;3;0;0;0;0;0;0;0;0;0;0;0;0;0;0;0;0;0;0;0;6;2;1;2;0;0;3;0;0;1;1;0;1;0;0;0;0;0;0;0;2;0;0;0;0;0;0;1;0;0;0;0;0;0;0;0;0;0;0;0;3;0;1;0;1;0;0;0;0;0;0;0;0;0;0;0;0;0;0;0;0;0;0;0;0;0;0;0;0;0;1
298;"Szpital Zakonu Bonifratrów św. Jana Bożego w Łodzi sp. z o. o., ul. Kosynierów Gdyńskich 61, 93-357 Łódź";106101;"m. Łódź";"Łódź";"łódzkie";1;1;0;0;0;0;0;0;0;0;0;0;0;0;0;0;0;0;0;0;1;1;0;0;0;1;0;0;0;0;0;0;0;0;0;0;0;0;0;0;0;3;1;0;0;2;0;0;0;0;1;0;0;0;0;0;0;0;0;0;2;4;3;1;1;1;0;0;0;1;0;0;1;0;0;0;1;0;0;0;1;1;0;0;0;1;0;0;0;0;1;0;0;0;0;0;0;0;0;0;0;10;1;2;1;1;0;0;0;0;0;0;0;0;0;0;0;0;0;0;0;0;0;0;0;0;0;0;0;0;0;0
299;"5 Dom Pomocy Społecznej w Łodzi, ul. Podgórna 2/14, 93-278 Łódź";106101;"m. Łódź";"Łódź";"łódzkie";1;1;2;0;1;0;1;0;0;0;0;0;0;0;0;0;0;0;0;0;1;2;0;0;0;0;0;0;0;0;1;0;0;0;1;0;0;0;0;0;0;0;0;0;0;1;0;0;1;0;0;0;0;0;0;0;0;0;0;0;0;5;4;0;2;1;1;0;0;0;0;0;0;0;0;0;0;1;0;0;1;0;0;0;0;0;0;0;0;0;0;0;0;0;0;0;0;0;0;0;0;2;1;0;0;0;0;0;0;0;0;0;1;0;0;0;0;0;0;0;0;0;0;0;0;0;0;0;0;0;0;0
300;"3 Dom Pomocy Społecznej w Łodzi, ul. Paradna 36, 93-345 Łódź";106101;"m. Łódź";"Łódź";"łódzkie";1;1;0;0;0;0;0;0;0;0;0;0;0;0;0;1;0;0;0;0;0;2;0;0;0;0;0;0;0;0;0;0;0;1;0;0;0;0;0;0;3;1;0;0;0;0;0;0;0;0;0;0;0;0;0;0;0;0;0;0;0;5;5;0;1;0;0;1;0;0;1;1;0;1;0;0;0;0;3;0;0;0;0;0;0;0;0;0;0;0;0;0;0;0;0;0;0;0;0;0;0;2;0;0;0;2;0;0;0;0;0;0;0;0;0;0;0;0;0;0;0;0;0;0;0;0;0;0;0;0;1;0
301;"Dom Pomocy Społecznej w Łodzi, ul. Rudzka 56, 93-423 Łódź";106101;"m. Łódź";"Łódź";"łódzkie";1;1;1;0;1;0;1;0;0;0;0;0;0;0;0;0;0;0;0;0;0;1;0;0;0;0;0;0;0;0;0;0;0;1;0;0;0;0;0;0;0;0;0;0;0;0;0;0;0;0;0;0;0;0;0;0;0;0;0;0;0;16;4;1;0;0;1;0;0;0;0;1;1;0;0;0;0;0;0;0;1;0;0;0;0;1;0;1;0;0;0;0;0;0;0;0;0;0;0;0;1;0;1;0;0;1;0;0;0;0;0;0;0;0;0;0;0;0;0;0;0;4;0;0;0;0;0;0;0;0;0;0
302;"Dom Pomocy Społecznej Zgromadzenia Sióstr Służebniczek NMP NP im. bł. Edmunda Bojanowskiego w Łodzi, ul. Kosynierów Gdyńskich 20, 93-357 Łódź";106101;"m. Łódź";"Łódź";"łódzkie";1;1;1;0;0;0;0;0;0;0;0;0;0;0;0;0;0;0;0;0;0;1;0;0;0;0;0;0;0;0;0;0;0;0;0;0;0;0;0;0;0;1;0;0;0;0;0;0;0;0;0;0;0;0;0;0;0;0;0;0;0;16;19;1;0;0;1;0;1;1;0;0;0;0;0;0;0;0;0;1;0;1;0;0;0;0;0;0;0;0;0;0;0;0;0;0;0;0;0;0;0;1;1;1;0;0;0;0;0;0;0;0;0;0;0;0;0;0;0;0;0;0;0;0;0;0;0;0;0;0;0;0
303;"Oddział Zewnętrzny Zakładu Karnego Nr 1 w Łodzi, ul. Józefa Ignacego Kraszewskiego 1/5, 93-161 Łódź";106101;"m. Łódź";"Łódź";"łódzkie";1;1;0;2;1;0;0;0;0;0;0;0;1;0;0;1;0;0;0;0;1;14;1;4;1;2;1;2;1;1;3;0;0;0;1;0;0;1;0;1;0;10;1;1;0;0;0;0;0;0;0;0;0;0;0;1;0;2;0;0;0;10;4;4;1;1;1;4;2;2;0;0;1;2;1;0;0;0;0;0;1;4;1;0;0;0;0;0;1;0;0;0;1;1;0;0;0;1;0;1;0;34;10;2;3;4;3;0;1;1;0;1;0;1;1;1;1;5;1;1;3;1;1;0;0;0;0;0;0;0;0;1
304;"Dom Opieki Fundacji Ambrozja, ul. Stanisława Dubois 117, 93-465 Łódź";106101;"m. Łódź";"Łódź";"łódzkie";1;1;1;0;0;0;0;0;0;0;0;0;0;0;0;0;0;0;0;0;0;1;0;0;0;0;0;0;0;0;0;0;1;0;0;0;0;0;0;0;0;1;0;0;0;0;0;0;0;0;0;0;0;0;0;1;0;0;0;0;0;1;1;1;0;0;0;0;0;0;0;0;0;0;0;0;0;0;0;0;0;0;0;0;0;0;0;0;0;0;0;0;0;0;0;0;0;0;0;0;0;3;1;0;0;0;0;1;1;0;1;0;0;0;0;0;0;0;0;0;0;0;0;0;0;0;0;0;0;0;0;0
305;"Samodzielny Publiczny Zakład Opieki Zdrowotnej Uniwersytecki Szpital Kliniczny im. Wojskowej Akademii Medycznej Uniwersytetu Medycznego w Łodzi Centralny Szpital Weteranów, ul. Stefana Żeromskiego 113, 90-549 Łódź";106101;"m. Łódź";"Łódź";"łódzkie";1;1;2;0;0;1;1;0;0;0;0;0;0;0;1;1;0;0;0;0;0;13;0;1;3;1;0;1;0;2;0;0;0;0;0;0;0;0;0;0;1;12;2;0;0;0;1;0;0;1;0;1;1;0;0;1;1;0;0;0;0;15;11;7;6;2;3;3;0;1;0;4;1;0;0;0;0;0;1;1;1;5;0;0;0;0;0;0;0;0;0;0;0;0;0;0;0;0;1;0;0;37;4;4;1;8;2;5;1;0;0;0;1;0;0;0;1;0;0;0;3;1;0;0;0;0;0;0;0;0;0;0
306;"Samodzielny Publiczny Zakład Opieki Zdrowotnej Uniwersytecki Szpital Kliniczny im. Wojskowej Akademii Medycznej Uniwersytetu Medycznego w Łodzi Centralny Szpital Weteranów, pl. gen. Józefa Hallera 1, 90-647 Łódź";106101;"m. Łódź";"Łódź";"łódzkie";1;1;1;0;0;0;1;0;0;0;0;0;0;0;0;0;0;0;0;0;0;4;0;2;1;0;0;0;0;0;0;0;0;0;0;0;0;0;0;0;0;4;0;0;0;0;0;0;0;0;0;0;0;0;0;0;0;0;0;0;0;6;2;1;0;3;3;1;2;1;0;2;0;0;1;0;1;0;0;0;0;5;1;0;0;0;0;0;0;0;0;0;0;0;0;0;0;0;0;0;0;19;8;4;0;2;0;0;0;1;2;0;1;0;0;0;0;0;0;0;0;1;0;0;1;0;0;1;0;0;0;0
307;"Wojewódzki Specjalistyczny Szpital im. M. Pirogowa w Łodzi, ul. Wólczańska 191/195, 90-531 Łódź";106101;"m. Łódź";"Łódź";"łódzkie";1;1;0;0;0;0;0;0;0;0;0;0;0;0;0;1;0;0;0;0;0;2;1;0;0;0;0;0;1;0;0;0;0;0;0;0;0;0;0;0;0;3;2;0;1;0;1;0;0;1;0;0;0;0;0;0;0;0;0;0;1;12;9;0;3;2;2;0;1;0;0;0;1;1;0;0;2;0;0;0;0;1;0;0;1;0;0;0;0;0;0;0;0;0;0;0;0;0;0;0;0;14;3;5;1;2;0;1;0;0;1;0;0;0;0;2;0;0;0;0;0;0;0;0;0;1;0;0;0;0;0;0
308;"Wojewódzki Specjalistyczny Szpital im. M. Pirogowa w Łodzi Ośrodek Szpitalny im. M. Madurowicza, ul. Wileńska 37, 94-029 Łódź";106101;"m. Łódź";"Łódź";"łódzkie";1;1;0;0;0;0;0;0;0;0;0;0;0;1;0;0;0;0;0;0;0;3;1;1;0;1;1;0;0;0;0;0;0;0;1;0;0;0;0;0;0;2;2;1;0;1;0;0;0;0;0;1;0;0;0;0;0;0;0;0;0;6;5;3;4;0;0;1;1;1;0;3;0;0;0;0;0;0;0;0;0;2;0;0;0;0;0;0;0;0;0;0;1;0;0;0;0;0;0;1;0;16;7;1;2;4;0;3;0;0;1;1;0;1;0;0;0;0;0;0;0;1;0;0;0;0;0;0;0;0;0;1
309;"2 Dom Pomocy Społecznej w Łodzi, ul. 28 Pułku Strzelców Kaniowskich 32, 90-640 Łódź";106101;"m. Łódź";"Łódź";"łódzkie";1;1;2;0;0;0;1;2;0;0;0;1;0;0;0;0;0;0;0;0;0;1;0;1;0;0;0;0;0;0;0;0;0;0;0;0;0;0;0;1;0;0;0;0;0;0;0;0;1;0;0;0;0;0;1;0;0;0;0;0;0;2;1;1;3;0;0;3;1;0;1;4;2;0;0;1;0;0;0;0;0;0;0;0;0;0;0;0;0;0;1;0;0;0;0;0;0;0;0;0;0;0;0;0;4;0;0;0;1;1;0;0;0;0;1;0;0;0;0;0;0;2;0;0;0;0;0;0;0;0;0;0
310;"Dom Pomocy Społecznej ""Włókniarz"" im. Jana Pawła II w Łodzi, ul. Krzemieniecka 7/9, 94-017 Łódź";106101;"m. Łódź";"Łódź";"łódzkie";1;1;0;0;0;0;0;0;0;0;0;0;0;0;0;0;0;0;0;0;0;2;0;0;0;0;0;0;0;0;0;0;0;0;0;0;0;0;0;0;0;4;1;0;0;0;0;0;0;0;0;0;0;0;0;0;0;0;1;0;0;8;4;7;2;1;1;4;0;0;0;1;1;0;0;0;1;0;0;0;1;0;1;0;0;0;0;0;0;0;0;0;0;0;0;0;0;0;0;0;0;10;2;2;2;1;1;0;0;0;3;0;0;0;0;0;0;0;0;0;0;0;0;0;0;0;0;0;0;0;0;0
311;"Samodzielny Publiczny Zakład Opieki Zdrowotnej Uniwersytecki Szpital Kliniczny nr 1 im. Norberta Barlickiego Uniwersytetu Medycznego w Łodzi, ul. dr. Stefana Kopcińskiego 22, 90-153 Łódź";106101;"m. Łódź";"Łódź";"łódzkie";1;1;0;0;0;1;0;0;0;0;0;0;0;0;0;0;0;0;0;1;0;3;0;4;3;1;0;0;1;0;1;0;0;0;0;0;0;0;0;0;0;4;4;3;1;1;0;0;0;0;0;0;0;0;0;1;0;0;0;0;1;7;5;0;2;1;1;1;0;0;0;0;1;0;0;0;0;0;1;0;0;3;0;0;0;0;0;0;0;0;0;0;0;1;0;0;0;0;0;0;0;22;3;4;0;5;0;2;0;0;1;1;0;0;0;1;0;1;0;0;1;1;2;0;0;0;0;1;0;0;0;0
312;"Centrum Medyczne im. dr L. Rydygiera sp. z o. o., ul. dr. Seweryna Sterlinga 13, 90-217 Łódź";106101;"m. Łódź";"Łódź";"łódzkie";1;1;0;0;0;0;0;0;0;0;0;0;0;0;0;0;0;0;0;0;0;2;0;0;0;1;0;0;0;0;0;0;0;0;0;0;0;0;0;0;0;0;0;3;0;0;0;0;0;0;0;0;0;0;0;0;0;0;0;0;0;3;1;0;0;0;0;0;0;0;0;0;0;0;0;0;0;0;0;0;0;0;0;0;0;0;0;0;0;0;0;0;0;0;0;0;0;0;0;0;0;1;1;0;0;2;0;1;0;0;0;0;0;0;0;0;0;0;0;0;1;0;0;0;0;0;0;0;0;0;0;0
313;"Centrum Rehabilitacyjno-Opiekuńcze-Dom Pomocy Społecznej w Łodzi, ul. Stanisława Przybyszewskiego 255/267, 92-338 Łódź";106101;"m. Łódź";"Łódź";"łódzkie";1;1;7;2;1;2;0;0;1;0;0;0;0;0;0;0;0;0;0;0;2;4;0;0;1;2;1;0;2;0;6;0;0;0;0;1;1;0;0;0;0;3;0;2;2;1;0;0;1;1;1;0;0;1;0;0;0;0;0;0;0;24;19;9;6;5;4;9;2;1;0;3;0;4;1;1;0;0;0;0;1;1;1;0;0;0;0;0;0;0;0;0;1;0;0;0;0;0;0;0;0;14;4;3;1;2;1;1;1;0;1;0;2;0;0;1;0;0;0;0;0;2;0;1;0;0;1;1;0;0;0;0
314;"Samodzielny Publiczny Zakład Opieki Zdrowotnej Uniwersytecki Szpital Kliniczny im. Wojskowej Akademii Medycznej Uniwersytetu Medycznego w Łodzi Centralny Szpital Weteranów, ul. Pieniny 30, 92-115 Łódź";106101;"m. Łódź";"Łódź";"łódzkie";1;1;0;0;0;0;0;0;0;0;0;0;0;0;0;0;0;0;0;0;0;3;1;0;0;0;0;0;0;0;0;0;0;0;0;0;0;0;0;0;0;0;0;1;0;1;0;0;0;0;0;1;0;0;0;0;0;0;0;0;0;3;1;0;1;0;0;2;0;0;0;0;0;0;0;0;1;0;0;0;0;0;0;0;0;0;0;0;0;0;0;0;0;0;0;0;0;0;0;0;0;5;0;2;0;0;0;0;0;0;0;0;0;0;0;0;0;0;0;0;1;0;0;0;0;0;0;0;0;0;0;0
315;"Samodzielny Publiczny Zakład Opieki Zdrowotnej Centralny Szpital Kliniczny Uniwersytetu Medycznego w Łodzi Kliniki Psychiatryczne, ul. Czechosłowacka 8/10, 92-216 Łódź";106101;"m. Łódź";"Łódź";"łódzkie";1;1;1;0;1;0;0;0;0;0;0;0;0;0;0;0;0;0;1;0;0;0;1;1;1;0;0;0;0;0;0;0;0;0;0;0;0;0;1;0;0;2;1;2;1;0;2;0;0;0;0;0;0;0;0;0;0;0;0;0;1;6;7;4;0;0;1;3;2;2;0;0;0;0;0;0;0;1;1;0;2;1;0;0;1;0;0;0;0;0;0;0;0;0;0;0;0;0;0;0;0;8;1;1;0;0;0;1;1;0;1;0;0;0;0;0;0;0;0;1;0;1;0;1;0;0;0;0;0;0;0;0
316;"Samodzielny Publiczny Zakład Opieki Zdrowotnej Centralny Szpital Kliniczny Uniwersytetu Medycznego w Łodzi Centrum Kliniczno-Dydaktyczne, ul. Pomorska 251, 92-213 Łódź";106101;"m. Łódź";"Łódź";"łódzkie";1;1;0;0;0;0;0;0;0;0;0;0;0;0;0;0;0;0;0;0;0;10;1;1;4;0;0;1;1;1;0;1;0;0;1;0;1;0;0;0;0;7;2;1;3;1;2;0;0;0;1;0;0;1;0;0;0;0;0;0;1;19;17;4;8;2;5;2;1;1;1;2;0;0;0;0;1;0;0;0;1;1;0;1;1;0;0;0;1;0;0;0;0;0;0;1;0;0;0;0;0;36;10;2;5;1;2;3;0;1;0;0;0;0;0;1;0;0;0;0;2;0;0;0;0;2;1;0;0;1;0;0
317;"Miejskie Centrum Medyczne im. dr Karola Jonschera w Łodzi, ul. Milionowa 14, 93-113 Łódź";106101;"m. Łódź";"Łódź";"łódzkie";1;1;1;0;1;0;0;0;0;0;0;0;0;0;0;0;0;0;0;0;0;9;2;0;2;0;0;1;0;0;0;0;0;0;0;0;0;0;0;1;0;4;2;0;0;0;0;0;0;0;0;0;0;0;0;0;0;0;0;0;1;6;13;1;3;0;2;1;3;0;0;0;2;0;0;0;0;0;0;0;2;0;1;1;0;0;0;0;0;1;0;0;0;0;0;0;0;0;0;0;0;17;4;4;1;2;0;1;0;0;0;0;0;0;0;0;0;1;0;0;0;0;0;0;0;0;0;0;0;0;0;0
318;"Zakład Karny Nr 1 w Łodzi, ul. Beskidzka 54, 91-612 Łódź";106101;"m. Łódź";"Łódź";"łódzkie";1;1;1;1;0;0;0;0;0;0;0;0;2;0;0;1;0;0;0;0;0;23;1;10;0;3;2;2;6;2;1;1;1;1;0;0;0;0;2;1;1;18;9;2;0;2;3;1;3;2;0;0;1;0;0;1;0;0;0;1;1;10;10;3;3;6;4;2;1;2;1;1;0;0;0;0;1;0;0;2;3;9;1;1;5;0;0;0;1;3;0;1;3;4;1;1;0;2;2;1;0;51;29;4;12;20;8;2;5;4;4;4;3;6;0;3;3;4;1;7;3;1;0;0;4;0;0;0;0;0;0;0
319;"Uniwersytet Medyczny w Łodzi Dom Studencki nr 1 (Medyk), ul. Patrice Lumumby 5, 91-404 Łódź";106101;"m. Łódź";"Łódź";"łódzkie";1;1;0;0;0;1;0;0;0;0;0;0;0;0;0;0;0;0;0;0;0;5;1;0;2;1;1;0;1;0;0;0;0;0;0;0;0;0;1;0;0;12;8;5;3;0;0;1;1;2;0;0;0;0;1;1;0;0;0;0;0;6;6;2;0;0;2;0;0;1;2;1;0;0;0;0;0;0;0;0;0;8;0;0;2;0;0;0;1;0;0;0;0;0;0;0;0;1;0;0;0;16;2;0;3;12;1;0;0;0;1;0;0;0;0;0;0;0;1;0;2;1;1;0;0;0;0;0;0;0;0;0
320;"Politechnika Łódzka Osiedle Akademickie Obiekt C 15, ul. Aleje Politechniki 3a, 93-590 Łódź";106101;"m. Łódź";"Łódź";"łódzkie";1;1;0;0;1;0;0;0;0;0;0;0;0;0;0;0;0;0;0;0;0;5;1;1;3;1;1;0;2;0;0;0;0;0;0;1;0;0;1;0;0;2;5;4;0;1;0;1;1;0;0;1;0;1;0;0;1;0;0;0;0;0;0;1;0;0;1;0;0;2;1;0;0;0;0;1;0;0;0;0;1;8;2;0;1;0;0;0;1;0;1;0;0;0;0;0;0;1;0;0;0;10;2;2;3;5;2;0;0;0;1;1;0;0;1;0;0;0;1;1;2;4;0;0;1;1;0;0;0;0;0;0
321;"Uniwersytet Łódzki VII Dom Studenta, ul. Strajku Łódzkich Studentów w 1981 r. 3, 91-404 Łódź";106101;"m. Łódź";"Łódź";"łódzkie";1;1;0;1;0;0;0;0;0;0;0;0;0;0;0;0;0;0;0;0;0;8;4;2;3;0;0;0;0;0;0;0;0;0;1;0;0;0;0;0;0;8;10;15;3;2;1;0;0;2;2;1;0;1;0;1;2;0;0;0;0;4;0;0;0;0;1;0;0;0;0;0;0;0;0;0;0;0;0;0;0;7;1;1;0;0;0;1;0;0;0;1;0;0;0;1;0;0;0;0;0;9;2;4;0;6;1;2;1;0;1;2;0;0;0;2;0;0;0;0;2;0;0;0;0;0;0;0;0;0;0;0
322;"Państwowa Wyższa Szkoła Filmowa, TV i Teatralna im. L. Schillera w Łodzi Dom Studenta PWSFTviT, ul. Piotrkowska 189/191, 90-447 Łódź";106101;"m. Łódź";"Łódź";"łódzkie";1;1;0;0;0;0;0;0;0;0;0;0;0;0;0;0;0;0;0;0;0;5;0;0;1;0;0;1;0;0;0;1;0;0;0;0;0;0;0;0;0;5;6;2;1;0;0;0;0;0;0;0;0;1;0;0;0;0;0;0;0;2;1;0;0;0;0;0;0;0;0;0;0;0;0;0;0;0;0;0;0;0;0;0;0;0;0;0;0;0;0;0;0;0;0;0;0;0;0;0;0;8;1;2;1;4;0;1;0;0;3;0;0;0;0;0;0;0;0;0;0;0;0;0;0;0;0;0;0;0;0;0
