"Nr komisji";"Siedziba komisji";"TERYT Gminy";"Gmina";"Powiat";"Województwo";"Liczba komisji";"Liczba uwzględnionych komisji";"KUSZYŃSKI Marek - KW BEZPARTYJNI SAMORZĄDOWCY";"KRAJEWSKI Radosław - KW BEZPARTYJNI SAMORZĄDOWCY";"MORACZEWSKA Barbara Ewa - KW BEZPARTYJNI SAMORZĄDOWCY";"CZACHOR Paweł Lech - KW BEZPARTYJNI SAMORZĄDOWCY";"MICHALSKA Anna Róża - KW BEZPARTYJNI SAMORZĄDOWCY";"KWIATKOWSKA Angelika Agnieszka - KW BEZPARTYJNI SAMORZĄDOWCY";"SKIBA Dorota Maria - KW BEZPARTYJNI SAMORZĄDOWCY";"FIJAŁKOWSKA Monika - KW BEZPARTYJNI SAMORZĄDOWCY";"NOWAK Joanna - KW BEZPARTYJNI SAMORZĄDOWCY";"ZIÓŁKOWSKI Sebastian Leszek - KW BEZPARTYJNI SAMORZĄDOWCY";"KAMIŃSKA Lidia - KW BEZPARTYJNI SAMORZĄDOWCY";"BINIAK Zofia - KW BEZPARTYJNI SAMORZĄDOWCY";"URBAŃSKI Rafał - KW BEZPARTYJNI SAMORZĄDOWCY";"RUTECKA Magdalena - KW BEZPARTYJNI SAMORZĄDOWCY";"KARSKI Piotr Paweł - KW BEZPARTYJNI SAMORZĄDOWCY";"SKRODZKA Agnieszka Katarzyna - KW BEZPARTYJNI SAMORZĄDOWCY";"ZADWORZAŃSKI Marek Adam - KW BEZPARTYJNI SAMORZĄDOWCY";"LATOSIŃSKA Monika - KW BEZPARTYJNI SAMORZĄDOWCY";"PIETRZAK Natalia Kinga - KW BEZPARTYJNI SAMORZĄDOWCY";"PACHOLSKI Maciej - KW BEZPARTYJNI SAMORZĄDOWCY";"POLACHOWSKI Maciej Beniamin - KW BEZPARTYJNI SAMORZĄDOWCY";"ŚCISŁY Paweł - KW BEZPARTYJNI SAMORZĄDOWCY";"ROSZAK Damian Czesław - KW BEZPARTYJNI SAMORZĄDOWCY";"GMURSKI Miłosz - KW BEZPARTYJNI SAMORZĄDOWCY";"KWIATKOWSKI Przemysław Adam - KW BEZPARTYJNI SAMORZĄDOWCY";"SOSNOWSKI Zbigniew - KKW TRZECIA DROGA PSL-PL2050 SZYMONA HOŁOWNI";"SKONIECZKA Marcin Seweryn - KKW TRZECIA DROGA PSL-PL2050 SZYMONA HOŁOWNI";"GURBIN Beata - KKW TRZECIA DROGA PSL-PL2050 SZYMONA HOŁOWNI";"MICHAŁEK Iwona Krystyna - KKW TRZECIA DROGA PSL-PL2050 SZYMONA HOŁOWNI";"SADZIŃSKI Sebastian Ziemowit - KKW TRZECIA DROGA PSL-PL2050 SZYMONA HOŁOWNI";"ZAKRZEWSKA Edyta Lidia - KKW TRZECIA DROGA PSL-PL2050 SZYMONA HOŁOWNI";"OCZKOWSKA Agnieszka Małgorzata - KKW TRZECIA DROGA PSL-PL2050 SZYMONA HOŁOWNI";"KICIAK-KUCHARSKA Magdalena - KKW TRZECIA DROGA PSL-PL2050 SZYMONA HOŁOWNI";"AMLICKI Rafał - KKW TRZECIA DROGA PSL-PL2050 SZYMONA HOŁOWNI";"KIERZKOWSKI Henryk - KKW TRZECIA DROGA PSL-PL2050 SZYMONA HOŁOWNI";"BŁĘDOWSKI Adam Robert - KKW TRZECIA DROGA PSL-PL2050 SZYMONA HOŁOWNI";"KOWALSKA Karolina - KKW TRZECIA DROGA PSL-PL2050 SZYMONA HOŁOWNI";"JĄKALSKI Arkadiusz - KKW TRZECIA DROGA PSL-PL2050 SZYMONA HOŁOWNI";"RYDECKI Andrzej - KKW TRZECIA DROGA PSL-PL2050 SZYMONA HOŁOWNI";"RUCIŃSKA Karolina Katarzyna - KKW TRZECIA DROGA PSL-PL2050 SZYMONA HOŁOWNI";"KUBCZAK-KOSICKA Anna Maria - KKW TRZECIA DROGA PSL-PL2050 SZYMONA HOŁOWNI";"GRABAS Dariusz Adam - KKW TRZECIA DROGA PSL-PL2050 SZYMONA HOŁOWNI";"DUDEK Piotr Władysław - KKW TRZECIA DROGA PSL-PL2050 SZYMONA HOŁOWNI";"LEŹNICKA Małgorzata Maria - KKW TRZECIA DROGA PSL-PL2050 SZYMONA HOŁOWNI";"STASZAK Rafał Adam - KKW TRZECIA DROGA PSL-PL2050 SZYMONA HOŁOWNI";"BLUJ Mariusz Adam - KKW TRZECIA DROGA PSL-PL2050 SZYMONA HOŁOWNI";"MATUSZEWSKI Tomasz Witold - KKW TRZECIA DROGA PSL-PL2050 SZYMONA HOŁOWNI";"PŁONKA Katarzyna - KKW TRZECIA DROGA PSL-PL2050 SZYMONA HOŁOWNI";"PASTUSZKA Anna - KKW TRZECIA DROGA PSL-PL2050 SZYMONA HOŁOWNI";"DAWIDOWICZ Grzegorz Wojciech - KKW TRZECIA DROGA PSL-PL2050 SZYMONA HOŁOWNI";"BARANOWSKI Krzysztof - KKW TRZECIA DROGA PSL-PL2050 SZYMONA HOŁOWNI";"SCHEURING-WIELGUS Joanna Izabela - KW NOWA LEWICA";"KOWAL Piotr - KW NOWA LEWICA";"KOWAROWSKI Łukasz Mariusz - KW NOWA LEWICA";"KOSTULSKI Stanisław Henryk - KW NOWA LEWICA";"HOFMAN-KUPISZ Joanna - KW NOWA LEWICA";"TOMCZYK Jędrzej Bartosz - KW NOWA LEWICA";"JOPP Marek Roman - KW NOWA LEWICA";"AUGUSTINOWICZ Czesława Janina - KW NOWA LEWICA";"SPECJALSKI Przemysław Piotr - KW NOWA LEWICA";"JANISZEWSKA Kazimiera Janina - KW NOWA LEWICA";"BROŻEK Daniel - KW NOWA LEWICA";"PIETRZAK Natalia Katarzyna - KW NOWA LEWICA";"PIOTROWSKI Krzysztof - KW NOWA LEWICA";"CZERNIC Katarzyna - KW NOWA LEWICA";"KRZYŻANOWSKI Andrzej Jerzy - KW NOWA LEWICA";"SKIBIŃSKA Joanna Izabela - KW NOWA LEWICA";"DWORAKOWSKA Anna - KW NOWA LEWICA";"MARKOWSKA Katarzyna - KW NOWA LEWICA";"LEWANDOWSKI Józef Marian - KW NOWA LEWICA";"WYŻGA Faustyna Marianna - KW NOWA LEWICA";"WIZNEROWICZ Piotr Jerzy - KW NOWA LEWICA";"TURSKA Anna Zofia - KW NOWA LEWICA";"METEL Joanna Anita - KW NOWA LEWICA";"JABŁOŃSKA Edyta - KW NOWA LEWICA";"GRABCZEWSKI Wojciech Tadeusz - KW NOWA LEWICA";"ORZECHOWSKI Mateusz - KW NOWA LEWICA";"SZCZUCKI Krzysztof Łukasz - KW PRAWO I SPRAWIEDLIWOŚĆ";"BOROWIAK Joanna Beata - KW PRAWO I SPRAWIEDLIWOŚĆ";"GIRZYŃSKI Zbigniew - KW PRAWO I SPRAWIEDLIWOŚĆ";"GEMBICKA Anna Urszula - KW PRAWO I SPRAWIEDLIWOŚĆ";"ARDANOWSKI Jan Krzysztof - KW PRAWO I SPRAWIEDLIWOŚĆ";"MÓL Adrian Łukasz - KW PRAWO I SPRAWIEDLIWOŚĆ";"KALINOWSKA Monika Ewa - KW PRAWO I SPRAWIEDLIWOŚĆ";"KAŁUŻNY Mariusz Piotr - KW PRAWO I SPRAWIEDLIWOŚĆ";"WALCZAK Janusz Dominik - KW PRAWO I SPRAWIEDLIWOŚĆ";"RAMLAU Michał Karol - KW PRAWO I SPRAWIEDLIWOŚĆ";"SOBOLEWSKI Rafał Władysław - KW PRAWO I SPRAWIEDLIWOŚĆ";"TARANOWICZ Małgorzata Beata - KW PRAWO I SPRAWIEDLIWOŚĆ";"KOSIŃSKI Krzysztof Roman - KW PRAWO I SPRAWIEDLIWOŚĆ";"ŁOZICKI Andrzej - KW PRAWO I SPRAWIEDLIWOŚĆ";"SUCHOCKI Kamil - KW PRAWO I SPRAWIEDLIWOŚĆ";"NIEKRAŚ Marzena Małgorzata - KW PRAWO I SPRAWIEDLIWOŚĆ";"ORŁOWSKI Arkadiusz - KW PRAWO I SPRAWIEDLIWOŚĆ";"LEWANDOWSKA Ewelina Anna - KW PRAWO I SPRAWIEDLIWOŚĆ";"KLABUN Wojciech Bernard - KW PRAWO I SPRAWIEDLIWOŚĆ";"DRAB Marzenna Stefania - KW PRAWO I SPRAWIEDLIWOŚĆ";"RYBCZYŃSKA Agnieszka Beata - KW PRAWO I SPRAWIEDLIWOŚĆ";"JÓŹKÓW Jan Andrzej - KW PRAWO I SPRAWIEDLIWOŚĆ";"NADWORNA Bożena - KW PRAWO I SPRAWIEDLIWOŚĆ";"WARNEL Zbigniew Dariusz - KW PRAWO I SPRAWIEDLIWOŚĆ";"ŚLEDZIŃSKA-BĘDKOWSKA Anna - KW PRAWO I SPRAWIEDLIWOŚĆ";"RASIELEWSKI Zbigniew - KW PRAWO I SPRAWIEDLIWOŚĆ";"WIPLER Przemysław Janusz - KW KONFEDERACJA WOLNOŚĆ I NIEPODLEGŁOŚĆ";"RUDNICKI Paweł - KW KONFEDERACJA WOLNOŚĆ I NIEPODLEGŁOŚĆ";"KUBICKI Dariusz Jakub - KW KONFEDERACJA WOLNOŚĆ I NIEPODLEGŁOŚĆ";"DZIADOSZ Jakub - KW KONFEDERACJA WOLNOŚĆ I NIEPODLEGŁOŚĆ";"SKRZYPEK Anna Agnieszka - KW KONFEDERACJA WOLNOŚĆ I NIEPODLEGŁOŚĆ";"WALCZUK Tomasz - KW KONFEDERACJA WOLNOŚĆ I NIEPODLEGŁOŚĆ";"SIKOROWSKI Tomasz - KW KONFEDERACJA WOLNOŚĆ I NIEPODLEGŁOŚĆ";"BINKOWSKA Anna Maria - KW KONFEDERACJA WOLNOŚĆ I NIEPODLEGŁOŚĆ";"KRZYŻANOWSKI Bartłomiej - KW KONFEDERACJA WOLNOŚĆ I NIEPODLEGŁOŚĆ";"ROMAŃSKI Paweł Krzysztof - KW KONFEDERACJA WOLNOŚĆ I NIEPODLEGŁOŚĆ";"SEWERYNOWICZ Joanna Dorota - KW KONFEDERACJA WOLNOŚĆ I NIEPODLEGŁOŚĆ";"GRZYB Danuta Józefa - KW KONFEDERACJA WOLNOŚĆ I NIEPODLEGŁOŚĆ";"SZUMILAS-HERMANOWICZ Agnieszka - KW KONFEDERACJA WOLNOŚĆ I NIEPODLEGŁOŚĆ";"RUMIŃSKI Tomasz Krzysztof - KW KONFEDERACJA WOLNOŚĆ I NIEPODLEGŁOŚĆ";"ZWOLIŃSKI Paweł - KW KONFEDERACJA WOLNOŚĆ I NIEPODLEGŁOŚĆ";"KOCZARSKA Julia - KW KONFEDERACJA WOLNOŚĆ I NIEPODLEGŁOŚĆ";"DEMBOWSKA Małgorzata Agnieszka - KW KONFEDERACJA WOLNOŚĆ I NIEPODLEGŁOŚĆ";"KOWALSKA Aneta Maria - KW KONFEDERACJA WOLNOŚĆ I NIEPODLEGŁOŚĆ";"WIDANKA Magdalena Barbara - KW KONFEDERACJA WOLNOŚĆ I NIEPODLEGŁOŚĆ";"RYBIŃSKA Agnieszka Maria - KW KONFEDERACJA WOLNOŚĆ I NIEPODLEGŁOŚĆ";"MALARA Agnieszka Joanna - KW KONFEDERACJA WOLNOŚĆ I NIEPODLEGŁOŚĆ";"TOCZYSKA Lucyna Klaudia - KW KONFEDERACJA WOLNOŚĆ I NIEPODLEGŁOŚĆ";"KRZYWDZIŃSKA Sara Joanna - KW KONFEDERACJA WOLNOŚĆ I NIEPODLEGŁOŚĆ";"NOWATKOWSKA Mariola Teresa - KW KONFEDERACJA WOLNOŚĆ I NIEPODLEGŁOŚĆ";"LISZEWSKI Mateusz Adam - KW KONFEDERACJA WOLNOŚĆ I NIEPODLEGŁOŚĆ";"ŁASIŃSKI Marcin Tomasz - KW KONFEDERACJA WOLNOŚĆ I NIEPODLEGŁOŚĆ";"MYRCHA Arkadiusz - KKW KOALICJA OBYWATELSKA PO .N IPL ZIELONI";"HARTWICH Iwona - KKW KOALICJA OBYWATELSKA PO .N IPL ZIELONI";"SZYMAŃSKI Tomasz Józef - KKW KOALICJA OBYWATELSKA PO .N IPL ZIELONI";"ŁUCZAK Krystian Marek - KKW KOALICJA OBYWATELSKA PO .N IPL ZIELONI";"LUBAŃSKA Katarzyna Anna - KKW KOALICJA OBYWATELSKA PO .N IPL ZIELONI";"SZRAMKA Paweł - KKW KOALICJA OBYWATELSKA PO .N IPL ZIELONI";"ZALEWSKA Barbara Agata - KKW KOALICJA OBYWATELSKA PO .N IPL ZIELONI";"JURA-WALCZAK Agnieszka - KKW KOALICJA OBYWATELSKA PO .N IPL ZIELONI";"ŁAŃCUCKA Dorota - KKW KOALICJA OBYWATELSKA PO .N IPL ZIELONI";"KARPIŃSKI Grzegorz - KKW KOALICJA OBYWATELSKA PO .N IPL ZIELONI";"KOWALSKI Jerzy - KKW KOALICJA OBYWATELSKA PO .N IPL ZIELONI";"JANKOWSKI Sylwester Tomasz - KKW KOALICJA OBYWATELSKA PO .N IPL ZIELONI";"GRACZYK Mirosław Roman - KKW KOALICJA OBYWATELSKA PO .N IPL ZIELONI";"KRĘŻELEWSKI Jacek - KKW KOALICJA OBYWATELSKA PO .N IPL ZIELONI";"TOKARSKA Lidia Urszula - KKW KOALICJA OBYWATELSKA PO .N IPL ZIELONI";"KOSZELAK Jacek - KKW KOALICJA OBYWATELSKA PO .N IPL ZIELONI";"JASKÓLSKA Emilia - KKW KOALICJA OBYWATELSKA PO .N IPL ZIELONI";"KALISZEWSKA Katarzyna Emilia - KKW KOALICJA OBYWATELSKA PO .N IPL ZIELONI";"MAŁECKA Zofia Maria - KKW KOALICJA OBYWATELSKA PO .N IPL ZIELONI";"BRUZDOWICZ Marek - KKW KOALICJA OBYWATELSKA PO .N IPL ZIELONI";"DECZYŃSKI Włodzimierz Ignacy - KKW KOALICJA OBYWATELSKA PO .N IPL ZIELONI";"WALICHNIEWICZ Dominika Alicja - KKW KOALICJA OBYWATELSKA PO .N IPL ZIELONI";"TUREK Grzegorz - KKW KOALICJA OBYWATELSKA PO .N IPL ZIELONI";"JAŁOSZYŃSKI Dariusz - KKW KOALICJA OBYWATELSKA PO .N IPL ZIELONI";"TRUSIŁO Tomasz - KKW KOALICJA OBYWATELSKA PO .N IPL ZIELONI";"VIŠNEVSKA Evelina - KKW KOALICJA OBYWATELSKA PO .N IPL ZIELONI";"PAŁGAN Izabela - KW POLSKA JEST JEDNA";"HILDEBRANDT Marek - KW POLSKA JEST JEDNA";"WAREJKO Artur - KW POLSKA JEST JEDNA";"KOZIOŁ Małgorzata - KW POLSKA JEST JEDNA";"MICHALSKA Joanna Małgorzata - KW POLSKA JEST JEDNA";"PAWŁOWSKI Mirosław Bolesław - KW POLSKA JEST JEDNA";"KMIECIK Janusz - KW POLSKA JEST JEDNA";"WITKOWICZ Michał - KW POLSKA JEST JEDNA";"OLSZEWSKA-SŁONINA Dorota Małgorzata - KW POLSKA JEST JEDNA";"DZIAPA-THOMAS Edyta - KW POLSKA JEST JEDNA";"FIGURSKI Sławomir Kazimierz - KW POLSKA JEST JEDNA";"WEICHERT-FIGURSKA Danuta Teresa - KW POLSKA JEST JEDNA";"PTASZEK Aleksandra - KW POLSKA JEST JEDNA";"KACPROWICZ Patryk Krzysztof - KWW RDIP";"PACZKOWSKI Krzysztof - KWW RDIP";"JAGIEŁŁO Jolanta Elżbieta - KWW RDIP";"WŁODECKA Anna - KWW RDIP";"PACZKOWSKA Anna Maria - KWW RDIP";"SATEJA Małgorzata - KWW RDIP";"CHALIŃSKI Dawid - KWW RDIP";"MACIAK Maciej - KWW RDIP";"ORLIŃSKA Dorota - KWW RDIP";"KAPŁON Agnieszka Katarzyna - KWW RDIP";"SZCZAWIŃSKI Błażej - KWW RDIP";"ORLIŃSKI Jacek Andrzej - KWW RDIP";"PUDEŁKO Dariusz Krzysztof - KWW RDIP"
1;"Środowiskowy Dom Samopomocy im. Prof. Jana Władysława Piltza, ul. Bolesława Limanowskiego 12, 87-700 Aleksandrów Kujawski";40101;"m. Aleksandrów Kujawski";"aleksandrowski";"kujawsko-pomorskie";1;1;7;1;0;0;1;0;0;0;0;1;3;1;2;0;1;0;0;0;0;1;1;0;0;0;0;33;10;6;10;0;3;3;34;2;4;0;1;1;0;1;4;0;1;0;0;0;0;1;2;0;2;59;12;0;3;6;1;0;0;1;0;0;3;2;1;2;3;0;0;2;0;0;0;0;6;0;4;49;44;46;21;28;7;7;32;4;2;11;2;6;4;0;0;1;3;1;1;12;0;0;0;0;1;30;2;6;2;0;2;1;1;0;0;1;1;1;1;3;4;0;1;0;1;0;0;0;0;0;2;109;22;4;4;4;8;2;2;0;7;1;0;0;0;57;0;2;10;2;1;0;0;2;0;0;2;5;0;3;1;3;0;0;0;0;0;0;1;0;1;0;0;1;0;0;0;2;0;0;0;0;0
2;"Szkoła Techniczna Bydgoskiego Zakładu Doskonalenia Zawodowego w Aleksandrowie Kujawskim, ul. Długa 8, 87-700 Aleksandrów Kujawski";40101;"m. Aleksandrów Kujawski";"aleksandrowski";"kujawsko-pomorskie";1;1;7;1;0;0;1;0;0;0;1;1;2;0;1;0;0;5;0;0;1;0;0;0;0;0;0;17;5;6;6;1;2;2;30;2;1;0;2;0;1;2;1;1;0;0;1;2;0;5;0;0;2;42;7;0;3;5;1;0;1;1;0;2;4;0;0;2;6;0;1;2;0;0;1;2;1;0;1;70;51;41;21;38;4;2;32;4;2;13;0;1;5;1;0;2;14;0;3;8;0;1;1;5;0;23;5;4;3;5;1;2;1;2;1;0;0;0;0;1;1;1;0;0;0;0;0;1;0;0;0;92;27;2;5;4;7;1;2;3;4;3;1;2;0;43;0;0;7;2;0;0;0;0;1;0;0;5;0;0;2;2;0;0;0;0;0;0;0;1;0;0;0;0;0;0;0;0;0;0;0;0;0
3;"Szkoła Podstawowa Nr 4 im. Jana Pawła II, ul. Strażacka 22, 87-700 Aleksandrów Kujawski";40101;"m. Aleksandrów Kujawski";"aleksandrowski";"kujawsko-pomorskie";1;1;7;0;1;0;2;0;1;1;1;0;1;1;0;0;0;1;0;0;1;0;0;0;0;0;1;38;11;5;11;0;7;1;28;1;1;0;2;0;0;0;1;0;0;0;0;0;0;4;1;3;2;65;13;0;0;8;0;1;2;0;1;0;1;1;0;3;1;0;0;0;1;0;0;0;1;1;2;64;46;31;12;30;8;6;29;2;2;8;0;0;1;0;0;1;5;1;0;8;0;1;0;1;0;33;6;2;4;4;0;3;3;2;0;0;0;0;1;2;3;1;0;1;0;0;0;1;0;1;2;117;25;4;5;3;5;7;0;1;4;1;0;0;1;68;1;3;9;2;0;0;0;1;0;0;0;5;1;1;0;3;0;0;0;0;0;0;0;0;0;0;1;0;0;0;0;0;0;0;0;0;0
4;"Szkoła Podstawowa Nr 4 im. Jana Pawła II, ul. Strażacka 22, 87-700 Aleksandrów Kujawski";40101;"m. Aleksandrów Kujawski";"aleksandrowski";"kujawsko-pomorskie";1;1;4;0;0;0;0;0;1;0;0;0;0;0;0;1;0;1;0;0;0;0;0;0;0;0;1;8;3;1;2;1;2;1;4;0;1;0;0;1;0;1;0;1;0;0;0;0;0;2;0;0;1;14;3;0;1;1;1;0;0;0;0;0;2;1;0;0;0;0;0;0;0;0;0;0;0;0;0;17;18;10;12;10;3;4;20;0;0;1;0;2;0;0;0;0;4;0;0;0;0;0;0;0;0;5;3;0;4;0;0;2;0;1;0;0;1;0;0;0;2;0;0;0;0;0;0;1;0;0;0;35;12;1;1;0;4;2;0;1;3;1;0;0;0;18;0;0;2;1;0;0;0;0;0;0;0;3;1;0;2;1;0;0;0;0;0;0;0;0;0;0;0;0;0;0;0;0;0;0;0;0;1
5;"Szkoła Podstawowa Nr 1 im. Polskich Podróżników, ul. gen. Władysława Sikorskiego 5, 87-700 Aleksandrów Kujawski";40101;"m. Aleksandrów Kujawski";"aleksandrowski";"kujawsko-pomorskie";1;1;11;0;2;0;2;0;2;0;1;1;1;0;0;1;0;3;0;0;0;1;0;0;0;0;0;23;17;4;13;3;4;1;37;1;0;2;1;2;1;3;4;1;0;0;1;0;2;3;0;0;1;72;9;0;3;2;0;0;0;0;1;3;0;0;1;3;0;0;0;0;0;0;0;1;0;0;1;77;45;19;16;29;2;2;22;2;0;11;0;1;2;0;1;0;8;0;0;7;0;2;1;0;1;26;7;2;6;1;3;1;0;0;0;0;2;0;3;0;0;1;0;0;1;0;0;0;0;2;0;162;33;1;5;4;7;2;2;0;11;1;0;0;1;61;0;0;5;4;2;0;0;1;1;1;1;2;2;0;0;2;1;0;0;0;0;0;0;1;0;0;0;0;0;0;0;0;0;0;0;0;0
6;"Szkoła Podstawowa Nr 3 im. Józefa Wybickiego, ul. Szkolna 6, 87-700 Aleksandrów Kujawski";40101;"m. Aleksandrów Kujawski";"aleksandrowski";"kujawsko-pomorskie";1;1;2;1;0;0;0;2;0;1;0;0;1;2;2;1;0;1;0;1;0;0;0;0;0;1;1;24;10;3;4;2;3;2;12;0;1;3;0;0;1;0;0;0;0;1;0;0;0;1;1;0;0;68;13;2;5;0;2;0;0;0;2;1;2;1;1;0;0;1;0;0;0;0;0;0;1;0;1;44;34;25;13;20;3;5;18;2;0;5;1;0;8;0;0;1;10;0;0;3;0;1;0;0;1;6;2;2;1;1;2;0;0;3;0;0;0;1;2;0;1;0;0;0;0;0;0;0;0;0;4;125;22;4;12;6;5;3;1;2;5;2;0;1;0;55;0;0;5;0;0;0;0;0;0;1;1;4;0;2;0;1;0;0;1;0;0;0;0;3;0;0;0;0;0;0;0;0;0;0;0;0;0
7;"Miejskie Centrum Kultury im. Mariana Szafrańskiego, ul. Parkowa 3, 87-700 Aleksandrów Kujawski";40101;"m. Aleksandrów Kujawski";"aleksandrowski";"kujawsko-pomorskie";1;1;15;0;1;1;0;2;0;0;0;1;1;1;1;1;0;0;0;0;0;0;0;0;0;0;1;38;14;11;7;1;3;2;29;0;0;0;2;0;1;1;0;0;1;0;0;1;0;0;2;1;0;90;9;0;2;2;0;0;0;0;1;0;2;1;1;1;0;2;1;0;1;0;1;0;0;0;3;78;33;49;21;24;3;3;19;4;0;3;2;3;0;1;0;2;4;0;2;7;0;1;0;0;1;24;0;1;5;5;1;3;1;1;2;0;3;0;0;1;0;0;0;0;0;1;0;0;0;0;1;107;41;5;11;4;5;3;2;1;10;3;0;0;0;71;0;2;14;0;0;0;2;0;0;0;2;5;0;0;0;0;0;0;0;0;0;0;0;0;2;0;1;0;0;0;1;0;0;0;0;0;1
8;"Przedszkole im. Juliana Tuwima, ul. Wojska Polskiego 19, 87-700 Aleksandrów Kujawski";40101;"m. Aleksandrów Kujawski";"aleksandrowski";"kujawsko-pomorskie";1;1;5;0;1;0;0;0;2;1;2;0;0;0;1;1;0;0;0;0;0;1;0;0;0;2;2;33;22;3;5;4;3;5;25;0;0;0;2;1;0;2;0;0;0;0;3;0;0;0;1;2;2;68;13;1;1;2;2;2;1;0;4;0;0;0;0;2;2;0;0;0;0;0;0;0;3;0;1;56;33;28;10;21;4;5;21;4;1;6;0;3;1;0;0;0;3;0;0;6;0;0;0;0;5;28;9;3;5;5;3;0;0;2;0;0;2;0;0;1;1;1;1;0;0;1;0;0;0;2;6;136;46;7;4;2;6;9;2;8;8;0;1;0;2;56;0;3;10;3;0;0;0;0;0;1;1;8;0;0;0;0;1;0;1;0;0;0;0;0;0;0;2;0;0;0;0;2;0;0;0;0;0
9;"Sala przy Izbie Przyjęć Powiatowego Szpitala w Aleksandrowie Kujawskim Sp. z o. o., ul. Juliusza Słowackiego 18, 87-700 Aleksandrów Kujawski";40101;"m. Aleksandrów Kujawski";"aleksandrowski";"kujawsko-pomorskie";1;1;1;0;0;0;0;0;1;1;0;0;0;0;0;0;0;0;0;0;0;0;0;0;0;0;0;5;1;0;0;0;0;0;0;0;0;0;0;0;0;0;0;0;1;0;0;0;0;0;0;0;0;8;0;2;0;0;0;0;0;0;1;0;1;0;0;0;0;0;0;0;0;0;0;0;0;0;0;7;4;4;2;5;0;4;3;0;1;1;0;0;1;0;0;1;1;0;0;1;0;0;0;1;0;1;2;0;0;0;0;0;0;0;0;0;0;0;0;0;0;0;0;0;0;0;1;0;0;0;0;9;2;0;2;1;0;0;0;0;0;0;0;0;0;1;0;0;0;0;0;0;0;0;0;0;0;0;0;0;0;0;0;0;0;0;0;0;0;0;0;0;0;0;0;0;0;0;0;0;0;0;0
10;"Świetlica Kolejowego Szpitala Uzdrowiskowego Sp. z o. o. w Ciechocinku Oddział Zamiejscowy w Aleksandrowie Kujawskim, ul. Gabriela Narutowicza 12, 87-700 Aleksandrów Kujawski";40101;"m. Aleksandrów Kujawski";"aleksandrowski";"kujawsko-pomorskie";1;1;1;1;0;0;0;0;0;0;0;0;0;0;0;1;0;0;0;0;0;0;0;0;0;1;0;3;1;3;1;0;1;0;0;0;0;0;1;0;0;1;0;0;0;0;1;0;0;1;0;0;1;5;3;0;0;1;0;0;0;0;1;0;0;0;0;0;0;0;0;0;0;0;0;0;0;0;0;21;11;7;3;6;1;2;9;1;1;1;1;1;0;0;1;0;2;0;0;0;0;0;0;0;2;4;0;0;0;0;0;0;0;1;0;0;0;0;0;0;0;0;0;0;0;0;0;0;0;0;1;8;7;0;0;2;1;0;0;3;2;0;1;1;0;0;0;0;1;0;0;0;0;0;0;0;0;3;1;1;0;0;0;1;0;0;0;0;0;1;0;0;0;0;0;0;0;0;0;0;0;0;0
1;"Przedszkole Samorządowe nr 2, ul. Wierzbowa 10, 87-720 Ciechocinek";40102;"m. Ciechocinek";"aleksandrowski";"kujawsko-pomorskie";1;1;15;2;1;0;1;1;1;0;0;0;1;0;0;1;0;1;0;0;0;0;0;0;0;0;1;47;12;10;14;3;6;3;13;0;2;0;3;0;0;2;1;1;0;0;2;1;0;1;2;0;2;74;8;4;0;4;2;0;0;0;2;1;0;0;0;0;0;1;0;0;1;0;1;0;1;0;0;110;65;53;20;49;1;5;21;2;1;7;5;4;29;0;1;0;3;0;2;30;0;0;1;0;1;21;4;2;1;2;2;0;0;0;0;1;0;2;1;2;0;0;0;0;1;0;0;0;1;0;6;256;53;9;18;7;6;3;3;4;31;1;1;0;0;14;0;1;32;2;1;0;0;2;0;1;0;1;1;0;0;0;0;0;1;0;0;0;0;3;0;0;0;0;0;0;0;6;0;0;0;0;0
2;"Przedszkole Samorządowe nr 1, ul. Widok 9, 87-720 Ciechocinek";40102;"m. Ciechocinek";"aleksandrowski";"kujawsko-pomorskie";1;1;10;0;1;0;2;1;1;1;1;0;2;0;2;0;0;2;0;0;0;0;0;0;0;0;1;77;16;24;14;6;6;7;10;0;1;1;7;1;0;0;2;0;0;0;1;0;0;2;0;0;4;126;14;1;2;15;3;0;0;0;1;1;2;2;2;2;4;0;1;0;0;0;0;3;1;0;3;193;129;68;39;78;3;11;32;6;2;13;7;1;41;1;4;4;5;0;1;33;1;2;0;2;4;17;10;5;2;2;2;3;0;0;2;0;0;5;0;0;0;0;0;0;0;2;0;0;0;1;1;307;74;3;37;25;10;15;3;4;41;3;0;4;0;6;0;0;37;1;1;0;2;0;0;4;1;7;0;2;2;1;2;2;0;1;1;0;0;0;1;0;0;0;0;0;0;2;0;0;0;1;0
3;"Szkoła Podstawowa nr 1, ul. Mikołaja Kopernika 18, 87-720 Ciechocinek";40102;"m. Ciechocinek";"aleksandrowski";"kujawsko-pomorskie";1;1;15;0;1;3;1;2;1;0;0;1;0;0;0;0;0;0;0;0;1;1;0;0;1;0;1;47;26;15;10;3;6;5;17;1;3;1;2;2;1;1;1;0;0;0;0;0;1;2;1;2;3;67;15;1;3;7;2;0;1;2;0;0;0;2;1;5;3;1;0;1;0;1;0;0;1;0;2;127;58;34;23;31;4;4;16;1;0;3;0;0;39;2;0;0;4;0;4;21;1;1;0;0;2;19;9;2;2;2;2;1;1;0;0;0;0;0;1;0;0;1;3;0;3;0;0;0;0;1;2;177;42;2;11;4;5;3;5;3;39;1;1;1;0;2;0;2;40;0;2;0;0;0;0;1;2;5;0;1;0;0;0;0;0;0;0;0;0;0;0;0;0;0;0;0;0;1;0;0;0;0;0
4;"Szkoła Podstawowa nr 1, ul. Mikołaja Kopernika 18, 87-720 Ciechocinek";40102;"m. Ciechocinek";"aleksandrowski";"kujawsko-pomorskie";1;1;23;0;1;0;0;0;0;0;1;0;1;1;0;0;2;2;0;0;0;0;0;0;0;0;0;41;12;13;13;7;4;2;8;0;0;0;1;0;1;1;3;1;0;1;1;0;1;2;0;0;4;71;7;0;4;2;2;1;1;0;2;0;1;1;1;1;1;2;1;1;0;0;0;0;0;1;3;114;65;44;20;62;2;6;18;4;1;8;4;3;28;1;0;1;5;1;3;31;0;2;0;2;1;27;5;2;2;2;1;2;3;0;1;3;2;0;0;0;0;1;3;0;1;1;1;0;0;1;3;235;46;8;21;9;11;0;1;1;33;1;0;1;1;10;0;2;49;4;0;0;1;0;0;3;1;11;2;1;1;2;0;1;0;0;0;0;0;0;0;0;0;0;0;0;0;2;0;0;0;0;0
5;"Miejskie Centrum Kultury, ul. Żelazna 5, 87-720 Ciechocinek";40102;"m. Ciechocinek";"aleksandrowski";"kujawsko-pomorskie";1;1;9;0;1;0;0;1;0;1;0;0;0;1;0;0;0;4;0;0;0;1;0;0;0;1;0;38;10;10;10;5;8;5;6;0;0;1;1;2;0;3;0;0;1;0;0;0;0;1;2;1;4;76;9;2;1;6;0;0;0;0;0;1;2;1;0;0;0;1;0;0;1;0;0;0;1;1;2;138;75;34;21;56;8;8;26;4;0;7;2;1;30;4;0;3;2;4;0;17;0;1;0;0;4;22;6;5;9;0;0;1;0;0;0;0;2;2;1;0;2;0;0;0;1;0;0;0;0;0;4;271;53;3;14;11;7;4;4;1;41;2;1;0;0;7;0;1;34;2;1;0;0;0;0;0;1;10;3;0;1;0;0;1;0;0;0;0;0;0;2;0;0;0;0;0;0;3;0;0;0;0;0
6;"Szkoła Podstawowa nr 3, ul. Wojska Polskiego 37, 87-720 Ciechocinek";40102;"m. Ciechocinek";"aleksandrowski";"kujawsko-pomorskie";1;1;14;0;2;0;1;1;0;0;1;0;0;1;0;3;1;0;0;1;0;0;0;0;0;0;0;35;18;8;11;5;3;1;5;0;2;1;4;0;0;2;1;0;1;1;0;1;0;0;0;0;6;71;7;1;3;5;2;1;2;0;2;0;0;1;1;1;3;0;0;1;0;0;0;1;0;0;1;80;56;52;9;50;2;9;14;2;0;8;2;0;21;3;0;2;5;0;0;56;0;0;0;1;1;17;1;3;4;3;0;0;0;0;0;0;1;1;0;0;0;0;0;0;1;0;0;0;0;0;2;242;46;7;14;7;8;5;1;2;30;2;0;0;0;9;0;1;31;0;1;0;0;1;0;2;0;5;0;0;0;0;1;2;0;0;0;0;0;0;0;0;1;0;0;0;0;1;0;0;0;0;1
7;"Szkoła Podstawowa nr 3, ul. Wojska Polskiego 37, 87-720 Ciechocinek";40102;"m. Ciechocinek";"aleksandrowski";"kujawsko-pomorskie";1;1;23;1;5;0;4;0;2;0;0;0;1;0;0;0;1;0;1;0;1;0;0;0;0;0;1;59;30;17;20;3;6;7;19;1;1;0;5;0;0;7;5;2;1;0;0;0;0;5;3;3;2;108;11;4;8;5;0;0;3;0;1;2;3;0;5;3;6;1;1;0;0;0;0;0;3;1;4;149;74;58;44;51;3;8;23;3;1;2;2;1;70;1;2;2;5;1;1;68;2;3;0;1;3;30;12;2;7;4;1;1;1;6;0;0;0;2;1;1;3;0;0;1;2;0;0;0;0;0;7;283;61;6;33;12;7;8;9;2;55;0;2;2;2;12;0;7;90;1;2;1;4;2;2;2;0;7;0;0;1;2;0;0;0;1;0;0;0;1;0;0;1;0;0;0;0;3;0;0;0;0;0
1;"Muzeum Stanisława Noakowskiego, ul. Adama Mickiewicza 6, 87-730 Nieszawa";40103;"m. Nieszawa";"aleksandrowski";"kujawsko-pomorskie";1;1;4;3;0;0;1;0;1;0;0;0;1;0;0;0;0;0;0;0;0;0;0;0;0;0;1;15;6;4;3;1;0;2;10;0;0;0;0;1;0;1;0;0;1;0;0;0;0;1;1;0;1;19;5;1;1;0;0;0;1;0;0;1;1;0;1;1;1;1;0;0;0;0;0;0;0;0;0;24;11;8;18;3;4;3;5;1;0;0;0;1;1;0;0;0;26;0;1;3;0;1;0;0;1;5;1;4;1;1;0;1;0;0;0;0;0;0;0;1;1;0;0;0;0;0;0;0;0;0;0;24;8;0;7;1;2;0;0;0;9;0;0;1;1;5;0;0;0;1;0;0;0;0;0;0;1;2;1;2;0;0;0;0;0;0;1;1;0;1;0;1;0;0;0;0;0;0;0;0;0;0;0
2;"Szkoła Podstawowa, ul. Tadeusza Kościuszki 6, 87-730 Nieszawa";40103;"m. Nieszawa";"aleksandrowski";"kujawsko-pomorskie";1;1;4;0;0;0;0;1;1;1;0;0;0;1;0;0;0;0;0;0;0;1;0;0;0;0;1;13;3;1;3;1;0;0;15;0;1;1;0;0;0;0;0;0;1;1;0;0;0;0;0;0;2;28;2;0;0;0;0;1;0;0;0;0;0;0;0;0;0;1;0;0;0;0;1;0;0;0;2;28;31;8;18;12;0;0;4;1;0;0;0;0;0;0;0;0;40;0;2;2;0;0;0;0;0;7;0;1;2;0;0;1;0;1;0;0;0;1;0;1;0;0;0;0;0;0;0;0;1;0;0;48;13;1;2;1;1;0;0;1;0;2;0;0;0;3;0;0;1;0;0;0;0;0;1;0;3;2;0;0;0;0;0;0;0;0;0;0;0;1;1;0;0;0;0;0;0;0;0;0;0;0;0
3;"Szkoła Podstawowa, ul. Tadeusza Kościuszki 5, 87-730 Nieszawa";40103;"m. Nieszawa";"aleksandrowski";"kujawsko-pomorskie";1;1;1;0;1;0;0;0;0;0;1;0;0;1;0;0;0;0;0;1;1;0;0;0;1;0;0;19;4;2;4;0;1;3;11;0;0;0;2;1;0;2;0;0;0;0;0;0;0;2;0;0;2;21;9;1;2;0;0;3;0;0;1;3;0;0;0;0;1;1;0;0;0;0;0;0;0;0;1;22;25;11;8;12;0;0;5;1;0;5;0;0;0;0;0;0;37;0;0;3;0;0;0;0;0;18;0;2;0;2;1;1;1;0;0;0;0;0;0;3;0;0;0;0;0;0;0;1;0;0;1;35;9;3;6;1;6;1;0;1;2;0;0;0;0;8;0;0;1;0;0;0;1;0;0;0;2;2;0;0;0;0;0;0;0;0;0;0;1;0;0;0;0;0;0;0;0;0;0;0;0;1;0
1;"Szkoła Podstawowa, ul. Toruńska 8, 87-710 Służewo";40104;"gm. Aleksandrów Kujawski";"aleksandrowski";"kujawsko-pomorskie";1;1;5;0;0;1;0;0;0;3;1;0;0;0;1;1;0;2;0;0;0;0;0;0;0;0;0;13;6;5;2;2;1;4;71;0;2;1;1;1;1;1;2;1;0;0;0;0;0;1;1;0;0;31;9;1;4;0;1;2;0;1;0;0;1;1;2;3;1;2;4;0;0;0;0;0;0;0;2;100;44;45;30;45;6;3;77;2;2;3;1;1;3;1;1;1;3;0;1;3;0;0;0;2;4;39;5;8;4;4;0;6;2;1;1;1;1;3;2;2;1;2;1;0;0;0;1;0;0;1;1;85;10;4;3;2;4;0;1;0;6;2;0;1;1;19;3;0;4;1;1;1;1;1;0;0;1;4;2;1;1;0;0;0;0;0;0;0;0;3;0;0;0;0;0;0;0;1;0;0;0;0;0
2;"Świetlica wiejska, Rożno-Parcele ul. Konwaliowa 48, 87-700 Aleksandrów Kujawski";40104;"gm. Aleksandrów Kujawski";"aleksandrowski";"kujawsko-pomorskie";1;1;5;0;2;0;0;0;1;2;0;0;1;2;0;0;0;0;0;0;0;1;0;1;0;0;0;30;14;1;13;0;4;2;32;2;3;0;3;1;0;1;3;0;4;2;1;0;1;1;1;1;0;50;8;0;0;2;0;0;0;0;0;2;0;1;0;0;2;2;0;0;1;0;0;0;0;1;1;52;24;24;10;19;5;1;14;2;1;1;0;1;2;0;0;0;7;0;2;2;0;0;0;0;1;15;4;2;5;7;3;7;1;0;1;0;0;4;0;0;1;1;3;0;0;1;0;0;0;0;6;108;18;4;7;3;5;0;1;0;4;2;1;1;0;37;1;0;3;0;0;0;0;1;0;1;0;3;2;0;1;0;0;0;0;0;0;0;0;0;0;0;0;0;0;0;0;0;0;0;0;0;0
3;"Świetlica wiejska, Nowa Wieś 17a, 87-700 Aleksandrów Kujawski";40104;"gm. Aleksandrów Kujawski";"aleksandrowski";"kujawsko-pomorskie";1;1;1;0;0;0;0;0;0;0;0;0;0;0;0;0;0;0;0;0;0;2;0;0;0;0;0;4;8;1;3;0;1;1;11;1;0;0;2;0;0;0;0;0;0;0;0;0;1;0;2;0;1;11;4;1;1;1;0;0;1;0;0;0;1;0;0;2;0;0;0;0;0;1;0;0;0;0;0;23;11;8;5;21;2;0;10;0;1;3;0;0;0;0;0;0;1;0;0;2;0;0;0;1;0;12;3;2;0;2;2;0;0;1;1;0;0;0;0;1;0;0;0;0;0;0;0;0;0;0;0;36;15;0;4;3;0;1;1;0;4;1;1;0;0;17;0;0;2;0;0;0;0;0;0;1;0;6;0;0;2;0;0;0;0;0;0;0;0;1;0;0;0;0;0;0;0;0;0;0;0;0;0
4;"Szkoła Podstawowa, Przybranowo 46, 87-700 Aleksandrów Kujawski";40104;"gm. Aleksandrów Kujawski";"aleksandrowski";"kujawsko-pomorskie";1;1;4;0;0;0;2;0;0;1;0;0;1;0;0;0;0;1;0;1;0;0;0;1;0;0;0;6;4;2;1;3;0;4;27;1;0;0;1;0;0;0;0;0;0;0;0;0;0;0;0;0;0;18;5;0;0;3;0;0;0;0;0;0;0;0;0;1;0;0;0;2;0;0;0;0;0;0;0;31;13;19;11;42;2;4;34;1;1;8;3;0;1;1;0;1;2;0;0;3;1;1;0;0;1;13;3;4;1;0;1;0;0;0;2;1;0;0;2;2;1;1;1;0;1;0;0;0;0;0;1;33;6;3;3;1;1;1;0;0;1;1;0;0;0;26;0;0;0;0;0;0;0;0;0;0;1;0;0;0;0;1;0;0;0;0;0;0;0;0;0;0;0;0;0;0;0;0;0;1;0;0;1
5;"Szkoła Podstawowa, Ostrowąs 81, 87-700 Aleksandrów Kujawski";40104;"gm. Aleksandrów Kujawski";"aleksandrowski";"kujawsko-pomorskie";1;1;3;1;1;0;0;0;0;0;1;0;0;0;0;1;0;0;0;1;1;0;0;0;0;0;2;10;2;1;5;1;7;4;13;0;0;0;2;1;0;0;0;0;0;0;0;0;0;1;1;0;0;11;1;0;0;1;0;0;0;0;0;0;1;0;1;2;1;0;0;0;0;0;0;1;1;0;0;18;18;4;31;21;1;4;11;0;0;2;0;1;1;0;0;0;3;0;0;5;0;0;0;0;1;8;3;1;0;4;2;1;0;0;0;0;0;1;0;1;1;0;0;0;0;0;0;0;0;0;0;16;1;1;3;0;2;2;0;2;1;0;0;0;0;2;0;1;3;0;0;0;2;1;0;0;1;1;0;0;0;0;0;1;1;0;0;0;0;0;0;0;0;0;0;0;0;0;0;0;0;0;0
6;"Żłobek Samorządowy Bursztynek, Odolion ul. Młodzieżowa 5, 87-700 Aleksandrów Kujawski";40104;"gm. Aleksandrów Kujawski";"aleksandrowski";"kujawsko-pomorskie";1;1;9;0;1;0;2;0;0;0;0;1;0;0;1;0;0;1;0;0;0;0;0;0;0;0;0;29;18;1;4;1;3;2;22;0;1;1;2;2;0;2;0;0;1;3;0;0;0;10;1;3;0;42;10;0;0;1;2;1;2;0;2;0;2;2;2;5;0;0;1;3;0;0;0;0;0;0;0;57;32;47;28;48;4;3;24;0;2;8;2;1;10;2;0;1;2;0;0;18;0;0;0;0;2;19;5;4;1;1;1;3;2;5;0;0;0;2;0;1;1;0;0;1;1;0;1;0;0;0;4;135;25;2;9;1;8;3;0;1;12;1;0;1;0;11;0;0;5;0;0;0;2;2;0;0;2;2;0;0;2;1;1;0;0;0;0;1;0;0;1;0;0;0;0;0;0;4;0;0;0;0;0
7;"Świetlica wiejska, Łazieniec ul. Podgórna 1, 87-700 Aleksandrów Kujawski";40104;"gm. Aleksandrów Kujawski";"aleksandrowski";"kujawsko-pomorskie";1;1;3;0;0;0;0;0;0;0;0;0;2;1;0;1;0;0;1;1;0;0;0;0;0;1;1;21;6;2;13;1;3;2;12;0;1;0;1;0;0;1;0;1;2;1;1;0;0;2;1;1;0;38;3;1;0;3;0;0;0;0;1;3;1;2;0;3;1;2;0;0;0;0;1;1;1;0;3;19;14;6;6;16;0;4;22;1;1;1;0;3;2;0;0;1;3;1;0;5;0;0;0;0;0;15;4;4;1;1;1;0;2;0;0;0;0;2;1;0;0;0;3;0;1;0;0;0;1;0;2;70;20;6;2;3;1;4;1;0;3;1;2;0;0;23;0;1;5;0;0;0;0;0;0;1;0;1;0;0;0;1;2;0;0;0;0;0;0;1;0;0;0;0;0;0;0;2;0;0;0;0;0
8;"Szkoła Podstawowa, Stawki ul. Szkolna 4, 87-700 Aleksandrów Kujawski";40104;"gm. Aleksandrów Kujawski";"aleksandrowski";"kujawsko-pomorskie";1;1;6;1;0;0;1;1;0;1;2;0;0;0;0;0;0;1;1;0;0;1;0;0;0;0;0;27;11;5;9;1;6;2;18;0;1;0;2;3;1;2;1;1;1;0;1;0;0;2;3;1;3;27;1;3;0;4;1;0;0;0;1;0;0;0;0;1;0;1;0;2;0;0;1;2;1;1;1;37;31;28;15;21;2;4;20;5;0;0;0;2;3;0;0;1;3;0;0;22;0;0;0;0;1;24;4;4;2;2;2;1;5;2;1;1;0;1;0;1;1;0;0;0;1;0;0;0;1;1;3;78;13;3;4;3;3;4;5;3;9;1;3;2;0;24;0;1;4;4;0;1;1;0;1;1;1;0;0;0;0;0;0;0;0;0;0;0;0;0;1;0;0;0;0;0;0;1;0;0;0;0;0
9;"Szkoła Podstawowa, Opoki 43, 87-700 Aleksandrów Kujawski";40104;"gm. Aleksandrów Kujawski";"aleksandrowski";"kujawsko-pomorskie";1;1;4;0;0;1;0;1;0;0;0;0;0;0;0;0;1;0;0;0;1;0;0;0;1;0;0;7;2;2;0;0;2;3;13;1;0;0;1;0;0;1;1;0;0;1;0;0;0;4;0;0;0;10;2;2;0;1;1;0;0;0;2;0;1;0;0;0;0;1;0;0;0;0;1;0;0;0;1;37;18;12;10;54;0;0;33;4;2;13;2;2;1;0;0;0;5;1;0;1;0;1;0;1;0;10;4;6;3;1;2;3;0;1;1;0;0;0;1;1;0;0;0;0;0;2;0;0;0;0;0;16;5;0;4;1;5;1;1;1;2;1;0;2;0;4;0;0;0;1;0;0;1;1;0;0;2;5;0;0;0;0;0;0;0;0;0;0;0;1;0;0;0;0;0;0;0;2;0;0;0;0;0
10;"Świetlica wiejska, Wołuszewo 30, 87-720 Ciechocinek";40104;"gm. Aleksandrów Kujawski";"aleksandrowski";"kujawsko-pomorskie";1;1;8;0;0;1;0;0;1;0;0;0;0;0;0;1;0;0;0;0;2;0;0;0;2;0;0;20;5;2;6;1;0;2;10;0;0;0;2;1;0;1;0;0;1;0;0;0;0;2;1;0;2;32;2;0;2;1;0;0;0;0;2;3;0;0;1;2;1;0;1;0;0;0;0;1;2;0;0;24;16;17;17;28;2;4;4;0;1;0;0;0;9;0;0;0;2;0;0;28;0;0;0;0;0;14;3;1;1;6;2;0;1;1;1;0;0;2;0;1;0;0;0;0;0;0;0;0;0;0;1;37;8;3;1;4;0;0;2;0;8;0;1;2;2;4;1;1;5;0;0;0;0;0;0;0;0;4;0;0;0;0;1;0;0;0;0;0;0;1;0;0;0;0;0;0;0;0;0;0;0;0;0
11;"Świetlica w Ośnie, Ośno 54a, 87-700 Aleksandrów Kujawski";40104;"gm. Aleksandrów Kujawski";"aleksandrowski";"kujawsko-pomorskie";1;1;5;0;0;0;1;1;1;0;1;0;0;0;0;0;0;0;0;0;0;0;0;0;0;0;2;9;1;2;0;0;1;1;7;0;0;0;1;1;0;2;0;0;0;0;0;0;0;0;0;0;0;9;1;1;0;1;1;0;1;0;0;0;0;0;0;2;0;0;0;0;0;1;1;0;0;1;0;18;9;5;4;14;2;3;12;1;2;1;0;0;0;1;0;0;3;0;0;1;0;0;0;1;0;4;0;5;1;2;0;1;0;1;0;0;0;0;1;0;0;0;0;0;1;0;0;0;0;0;1;20;9;1;3;1;4;2;3;0;2;0;0;1;1;6;0;0;1;0;0;0;0;0;0;0;0;0;0;0;0;1;0;0;0;0;0;0;0;0;0;0;0;0;0;0;0;0;0;0;0;0;0
12;"Dzienny Dom Pobytu w Słomkowie, Słomkowo ul. Kasztanowa 11, 87-700 Aleksandrów Kujawski";40104;"gm. Aleksandrów Kujawski";"aleksandrowski";"kujawsko-pomorskie";1;1;2;0;0;0;0;0;0;0;0;0;0;0;0;0;0;0;0;0;0;1;0;0;0;0;0;9;1;0;0;1;1;0;7;1;0;0;0;3;0;0;0;0;0;0;0;0;0;1;1;0;0;2;1;0;0;0;0;0;0;0;0;0;1;0;0;0;0;0;0;0;0;0;1;0;0;0;1;14;3;6;8;13;1;0;2;1;0;0;1;2;1;0;1;1;4;0;0;5;0;1;0;1;0;1;4;1;0;0;2;0;0;1;0;0;0;0;0;0;1;0;0;0;0;1;0;0;0;0;1;9;1;0;0;0;0;0;0;0;0;0;0;0;0;3;1;0;0;1;0;0;0;0;0;0;1;1;0;0;0;0;0;0;0;0;0;0;0;0;0;0;0;0;1;0;0;0;0;0;0;0;0
13;"Świetlica w Otłoczynie, Otłoczyn ul. Szlak Bursztynowy 37, 87-700 Aleksandrów Kujawski";40104;"gm. Aleksandrów Kujawski";"aleksandrowski";"kujawsko-pomorskie";1;1;2;0;0;0;0;0;1;0;0;0;2;0;0;0;0;0;0;0;0;0;0;0;0;0;0;6;5;1;1;0;1;0;4;0;0;1;0;0;0;0;1;0;0;0;0;0;0;0;0;0;1;12;0;0;1;0;0;0;0;0;0;0;0;0;0;0;0;0;0;0;0;0;0;0;0;0;3;16;5;16;9;9;3;0;5;2;0;0;0;1;0;2;1;0;2;0;0;2;0;0;0;0;1;5;0;0;0;3;0;0;0;0;0;1;0;0;0;0;0;0;0;0;0;0;0;0;0;0;0;38;8;0;1;0;1;1;0;2;3;1;0;0;0;1;0;0;2;1;0;0;0;0;0;6;1;1;0;0;0;0;0;0;0;0;0;0;0;0;0;0;0;0;0;0;0;0;0;0;0;0;0
14;"Muzeum Białych Kujaw w Słońsku Dolnym, Słońsk Dolny 24a, 87-720 Ciechocinek";40104;"gm. Aleksandrów Kujawski";"aleksandrowski";"kujawsko-pomorskie";1;1;1;0;0;0;0;0;0;0;0;1;0;0;0;0;0;0;0;0;0;1;0;0;0;0;0;4;4;0;1;1;0;1;1;0;0;0;0;0;0;0;0;0;0;0;0;0;0;1;0;2;1;5;0;0;0;0;1;0;0;0;1;0;1;0;0;1;0;0;0;0;0;0;0;1;0;0;0;15;2;2;6;9;0;2;10;0;0;1;0;1;3;0;0;0;0;0;0;10;0;0;0;0;0;0;0;1;3;0;0;1;0;0;1;0;0;0;0;2;0;0;0;0;2;0;0;0;0;0;2;27;5;0;4;0;3;1;1;0;7;0;0;0;0;0;0;0;6;0;0;0;0;0;0;0;0;0;0;1;1;0;0;0;0;0;0;0;0;0;0;0;0;0;0;0;0;0;0;0;0;0;0
15;"Dom Pomocy Społecznej dla Dzieci i Młodzieży w Grabiu, Grabie 34, 87-700 Aleksandrów Kujawski";40104;"gm. Aleksandrów Kujawski";"aleksandrowski";"kujawsko-pomorskie";1;1;1;0;0;0;0;0;0;0;0;0;0;0;0;0;0;0;0;0;0;0;0;0;0;0;0;8;3;4;1;2;0;0;2;0;0;1;0;0;0;0;0;0;0;0;0;0;0;0;0;0;1;9;1;0;0;0;1;0;0;0;0;0;0;0;0;0;0;1;0;0;0;0;0;0;0;0;0;7;3;5;0;6;0;2;5;1;0;3;0;0;1;1;0;0;0;0;0;0;0;1;0;0;0;1;2;0;0;0;0;0;0;0;0;0;0;0;0;0;0;0;0;0;0;0;0;0;0;0;0;6;2;0;0;1;0;0;0;1;0;0;0;0;0;0;0;0;0;0;0;0;0;0;0;0;0;0;0;0;0;0;0;0;0;0;0;0;0;0;0;0;0;0;0;0;0;0;0;0;0;0;1
16;"Świetlica wiejska, Ośno Drugie 28B, 87-700 Aleksandrów Kujawski";40104;"gm. Aleksandrów Kujawski";"aleksandrowski";"kujawsko-pomorskie";1;1;2;0;0;0;0;1;0;0;0;0;0;0;0;1;0;0;0;0;0;0;0;0;1;0;1;3;1;1;0;0;0;1;8;0;0;0;0;0;0;0;0;0;0;0;0;0;0;0;0;0;0;2;0;0;0;0;0;0;0;0;0;0;0;0;0;0;1;0;0;0;0;0;0;0;0;0;0;11;3;2;10;14;2;1;6;1;0;0;0;0;0;0;0;0;4;0;0;0;0;0;0;1;0;3;1;3;0;0;0;1;1;0;0;0;0;0;0;0;0;0;0;0;0;0;0;1;0;0;0;8;0;0;1;1;1;0;0;0;0;0;0;0;0;6;0;0;0;2;0;0;1;0;0;0;0;3;0;0;0;0;0;0;1;0;0;0;0;0;0;0;0;0;0;0;0;0;0;0;0;0;0
17;"Świetlica wiejska, Plebanka 13, 87-700 Aleksandrów Kujawski";40104;"gm. Aleksandrów Kujawski";"aleksandrowski";"kujawsko-pomorskie";1;1;4;0;0;0;0;0;0;0;0;0;1;0;1;0;0;0;0;0;0;0;0;0;0;0;0;5;0;0;0;0;0;0;14;0;0;0;0;0;0;1;0;0;0;0;0;0;0;0;0;1;0;1;0;0;1;0;0;0;0;0;0;0;1;0;0;0;0;0;0;0;0;0;0;0;0;0;0;9;5;4;9;13;0;2;3;1;2;3;0;1;1;1;0;0;5;0;0;0;0;0;0;1;1;2;1;1;0;1;0;0;0;2;0;0;0;0;2;0;0;1;0;1;1;0;0;0;0;0;0;4;2;1;0;2;0;1;0;0;0;0;0;0;0;3;0;0;1;0;0;0;0;0;0;0;0;1;0;0;1;0;0;0;0;0;0;0;0;0;0;0;0;0;0;0;0;0;0;0;0;0;0
1;"Zespół Szkolno – Przedszkolny w Bądkowie, ul. Włocławska 13, 87-704 Bądkowo";40105;"gm. Bądkowo";"aleksandrowski";"kujawsko-pomorskie";1;1;3;1;6;0;0;1;0;0;0;1;1;0;0;0;0;0;1;0;0;1;0;0;0;1;1;26;2;5;14;3;1;2;12;0;2;1;2;1;0;2;1;0;0;0;0;0;0;0;2;1;9;37;29;0;0;7;0;0;1;0;0;1;2;0;2;3;1;1;1;1;0;0;0;0;0;0;2;20;71;7;25;45;1;1;3;3;0;4;0;1;0;1;2;1;2;0;0;1;1;0;0;1;1;17;11;2;0;1;1;1;0;14;0;0;0;0;2;0;0;0;1;0;1;0;0;0;0;0;1;48;6;2;23;1;3;8;0;0;2;4;1;1;0;7;0;4;1;0;0;0;1;0;0;0;0;4;0;0;0;0;2;0;0;0;0;0;0;0;1;0;0;0;1;0;0;3;0;0;0;0;0
2;"Remiza Ochotniczej Straży Pożarnej w Wysocinie, Wysocin 42, 87-704 Bądkowo";40105;"gm. Bądkowo";"aleksandrowski";"kujawsko-pomorskie";1;1;3;0;8;1;0;1;0;0;1;0;0;0;2;0;0;0;0;0;0;0;0;0;0;0;1;39;1;0;6;1;6;3;10;0;3;0;3;0;1;1;0;0;0;1;0;0;0;0;1;0;1;20;19;0;0;2;0;0;0;3;0;0;0;0;1;1;2;0;0;0;0;0;0;0;0;0;1;29;62;5;52;37;4;5;9;0;1;8;2;2;1;0;0;0;16;0;0;0;0;0;0;1;1;13;6;2;0;3;0;1;0;8;4;1;0;1;1;3;0;0;0;0;0;0;0;0;1;4;1;20;3;2;23;0;0;3;0;2;1;0;1;1;0;2;0;0;0;0;0;1;0;0;0;0;0;0;1;0;1;0;0;0;0;0;0;0;0;0;1;0;0;0;0;0;0;0;0;0;0;0;0
3;"Świetlica wiejska w Kolonii Łowiczek, Kolonia Łowiczek 19, 87-704 Bądkowo";40105;"gm. Bądkowo";"aleksandrowski";"kujawsko-pomorskie";1;1;4;0;0;0;1;0;0;0;0;0;0;0;0;0;0;0;0;0;1;2;0;0;0;0;0;15;5;2;2;0;3;3;18;0;1;0;2;0;0;0;0;0;0;0;0;0;0;0;2;0;2;14;8;0;2;1;0;0;0;0;0;0;1;0;0;2;0;0;1;0;0;0;0;0;0;0;0;19;63;3;18;34;2;1;7;8;0;11;0;1;1;1;0;0;4;0;0;2;0;0;0;0;0;6;1;2;1;0;0;0;2;15;0;0;1;0;0;0;1;0;0;0;0;0;1;0;0;0;0;12;2;0;10;2;2;0;0;0;0;0;0;0;0;1;0;0;0;0;0;0;0;0;1;0;1;1;0;0;0;0;0;0;2;0;0;0;0;0;0;0;0;0;0;0;0;2;0;0;0;0;0
4;"Zespół Szkolno – Przedszkolny w Bądkowie, ul. Włocławska 13, 87-704 Bądkowo";40105;"gm. Bądkowo";"aleksandrowski";"kujawsko-pomorskie";1;1;1;2;0;0;0;0;0;0;0;0;0;0;1;0;0;0;0;0;0;3;0;0;0;0;3;24;3;2;6;3;5;2;17;0;0;0;2;0;0;2;0;0;3;0;0;0;1;2;0;0;3;17;2;0;0;0;0;0;0;1;2;2;1;0;0;0;2;0;0;0;0;0;0;0;0;0;0;23;90;10;71;88;0;5;13;5;0;8;0;1;0;1;1;0;7;0;0;1;0;1;0;6;1;17;5;2;2;2;0;1;3;13;0;0;1;0;1;3;1;0;0;0;1;0;1;0;0;0;0;36;7;5;23;6;7;4;3;2;1;0;0;1;0;6;0;0;0;0;0;0;0;0;0;0;1;0;0;0;0;0;0;0;0;0;0;0;0;1;0;0;0;0;0;1;0;2;0;0;0;0;0
5;"Remiza Ochotniczej Straży Pożarnej w Łówkowicach, Łówkowice 56, 87-704 Bądkowo";40105;"gm. Bądkowo";"aleksandrowski";"kujawsko-pomorskie";1;1;0;2;0;0;1;0;0;0;0;0;0;0;1;0;0;0;0;0;0;2;0;0;0;0;0;6;0;1;3;0;1;2;4;1;1;0;1;0;0;0;0;0;0;0;0;0;0;0;0;0;0;3;1;0;0;1;0;0;0;0;0;1;0;0;0;0;1;0;0;0;0;0;0;0;0;0;0;6;33;5;17;23;1;2;0;2;0;4;1;0;0;1;1;0;1;0;0;0;0;0;0;1;0;2;0;2;0;0;1;0;0;8;0;0;0;0;1;2;0;0;0;0;0;0;0;0;0;0;0;7;0;0;11;1;1;1;0;0;3;0;0;1;0;2;0;0;1;0;0;0;0;0;0;0;0;0;0;0;1;0;0;0;0;0;0;0;0;0;0;0;0;0;0;0;0;0;0;0;0;0;0
1;"Gminny Ośrodek Kultury w Konecku, ul. Włodzimierza Lubańskiego 15, 87-702 Koneck";40106;"gm. Koneck";"aleksandrowski";"kujawsko-pomorskie";1;1;3;0;1;0;0;0;0;0;0;0;1;0;0;0;0;0;0;0;0;0;0;0;1;0;0;18;1;4;5;3;3;1;7;1;0;1;2;2;0;1;0;1;2;0;0;0;0;1;0;0;1;13;0;0;0;0;0;0;0;0;0;0;0;0;0;0;0;0;0;0;1;0;0;0;0;0;0;30;10;5;23;49;2;0;5;4;2;0;0;3;0;0;0;0;0;0;0;1;0;0;0;0;0;12;2;2;1;2;0;2;0;1;1;0;0;0;1;1;0;1;0;0;0;0;0;0;0;0;0;15;1;2;7;2;5;0;0;1;2;0;0;0;0;4;1;0;0;0;0;0;0;0;0;0;2;0;0;0;0;0;0;0;0;0;0;0;0;0;0;0;0;0;0;0;0;0;0;0;0;0;0
2;"Szkoła Podstawowa w Świętem, Święte 1, 87-702 Koneck";40106;"gm. Koneck";"aleksandrowski";"kujawsko-pomorskie";1;1;3;0;1;0;1;2;1;0;1;0;0;1;0;0;0;1;0;0;0;1;0;0;0;0;1;6;0;4;3;0;0;2;9;1;0;0;1;1;0;0;0;0;1;1;0;0;0;0;0;0;2;5;3;1;0;0;0;1;0;1;0;2;0;0;1;0;0;0;1;0;0;0;0;0;0;0;0;40;13;8;29;45;0;3;8;3;1;8;0;0;1;2;0;0;7;0;0;0;0;0;0;0;0;6;2;3;0;2;1;1;0;2;0;0;1;1;0;0;1;0;0;0;0;0;0;0;0;1;0;9;3;4;2;1;1;1;1;0;5;1;1;0;1;5;0;0;1;0;0;0;0;0;0;0;2;1;0;0;0;0;0;0;0;0;1;0;0;0;0;0;0;0;0;0;0;0;0;0;0;0;0
3;"Szkoła Podstawowa w Straszewie, Straszewo 17, 87-702 Koneck";40106;"gm. Koneck";"aleksandrowski";"kujawsko-pomorskie";1;1;2;1;0;0;0;2;0;0;0;1;0;0;0;0;0;1;0;0;0;1;0;0;0;0;0;20;4;4;3;1;3;3;14;0;0;0;1;0;0;1;0;0;0;0;0;0;0;1;0;0;1;7;3;1;2;0;0;0;0;0;0;0;0;0;1;0;0;0;0;1;0;0;0;0;0;0;0;44;4;9;27;36;1;0;54;0;0;2;0;2;1;2;0;0;5;0;0;1;0;0;2;1;1;7;0;1;0;1;0;1;0;0;1;0;0;0;1;2;1;1;0;0;1;0;0;0;0;0;0;16;4;2;3;0;1;2;0;0;0;0;1;0;0;8;0;3;0;0;0;0;0;0;1;0;0;2;0;0;1;1;0;1;0;0;0;0;0;0;0;0;0;0;0;0;0;0;0;0;0;0;0
4;"Świetlica Wiejska w Kruszynku, Kruszynek 8a, 87-702 Koneck";40106;"gm. Koneck";"aleksandrowski";"kujawsko-pomorskie";1;1;5;2;0;0;0;0;0;1;0;0;0;0;2;0;0;1;0;0;0;1;0;0;0;0;0;10;1;1;3;2;1;0;9;0;0;0;0;0;0;1;1;0;0;0;1;1;1;0;0;0;2;7;1;1;1;3;1;0;1;0;1;0;1;0;0;0;0;0;1;0;0;0;0;0;0;0;0;31;23;2;43;41;0;2;6;0;0;5;0;3;0;1;0;2;7;0;0;1;0;0;0;0;0;7;1;2;1;7;0;0;0;1;2;0;0;0;0;0;2;0;0;0;0;0;0;0;0;0;1;11;5;1;7;0;0;1;0;1;0;0;0;0;0;6;0;0;0;0;1;0;0;0;0;0;0;0;0;0;0;0;0;0;1;1;0;0;0;0;0;0;0;0;0;0;0;0;0;0;0;0;0
5;"Zespół Szkół w Konecku, ul. Włodzimierza Lubańskiego 15, 87-702 Koneck";40106;"gm. Koneck";"aleksandrowski";"kujawsko-pomorskie";1;1;6;3;0;0;1;0;2;0;0;0;0;2;0;0;0;0;0;0;0;0;0;0;0;0;0;11;1;1;5;3;2;0;23;0;1;1;2;0;0;1;1;0;1;0;0;0;1;0;0;0;2;17;7;2;1;2;2;0;2;0;0;1;2;0;1;0;0;0;0;0;0;0;0;0;1;0;0;52;11;1;22;22;2;1;14;3;0;2;0;3;0;0;0;1;0;0;0;2;0;2;0;0;1;16;3;1;1;0;0;1;2;0;0;0;0;0;0;0;0;0;2;0;0;0;0;1;0;1;1;31;13;1;2;1;2;2;1;1;2;0;0;1;0;8;2;1;1;1;0;0;0;0;0;0;0;1;0;0;0;0;0;1;0;0;0;0;0;0;0;0;0;0;0;1;0;0;0;0;1;0;0
1;"Przedszkole Publiczne ""Słoneczko"", ul. Zamkowa 31, 87-721 Raciążek";40107;"gm. Raciążek";"aleksandrowski";"kujawsko-pomorskie";1;1;7;0;0;0;0;0;0;0;0;0;0;0;0;0;0;1;0;1;0;0;0;0;0;0;1;10;5;1;5;0;1;2;4;1;1;0;1;0;0;2;0;0;2;0;0;0;2;2;1;1;0;17;3;2;0;2;1;0;1;0;1;1;1;1;1;2;0;0;1;0;0;0;0;1;0;0;2;28;31;20;28;63;0;0;5;2;0;3;0;2;8;2;0;0;12;0;0;2;1;0;0;1;0;14;2;3;1;0;0;1;0;3;1;2;0;0;1;2;1;0;0;0;0;0;0;0;0;0;2;27;3;2;5;0;0;1;1;0;6;0;0;0;0;4;0;0;4;0;0;0;0;0;0;0;7;3;1;0;0;0;0;0;1;0;0;0;0;0;0;0;0;0;0;0;0;0;0;0;0;0;0
2;"Szkoła Podstawowa Sala gimnastyczna, ul. Szkolna 3, 87-721 Raciążek";40107;"gm. Raciążek";"aleksandrowski";"kujawsko-pomorskie";1;1;1;0;0;0;0;1;0;0;1;0;0;0;0;0;0;0;0;1;0;0;0;0;0;1;0;18;5;3;5;2;1;1;6;1;0;0;1;0;0;0;1;0;2;1;0;0;0;0;1;1;0;19;11;1;1;1;2;0;1;0;0;2;0;1;0;1;0;0;0;0;0;0;0;0;0;0;1;39;42;16;11;4;1;3;11;3;1;2;0;0;9;1;0;0;10;1;1;10;0;1;1;0;0;9;1;1;0;0;1;0;0;0;2;0;0;1;0;1;1;0;0;0;0;0;0;0;0;0;3;45;7;0;9;3;11;1;1;0;7;2;1;0;0;11;0;0;6;1;0;0;2;0;0;0;0;1;0;0;0;0;0;0;0;0;0;0;0;0;0;0;0;0;0;0;0;0;0;0;0;0;1
3;"Szkoła Podstawowa Świetlica, ul. Szkolna 3, 87-721 Raciążek";40107;"gm. Raciążek";"aleksandrowski";"kujawsko-pomorskie";1;1;5;2;0;1;0;0;1;0;0;0;0;0;0;0;0;0;0;1;1;0;0;0;0;0;0;20;2;2;1;0;3;1;5;0;0;1;1;0;0;1;0;0;0;0;1;0;0;0;1;0;0;19;9;0;2;1;0;0;0;0;0;2;0;0;0;0;2;0;0;1;0;0;0;0;0;0;0;24;27;24;12;12;0;0;14;0;1;2;0;1;13;1;0;0;9;0;1;10;1;0;0;0;1;10;2;7;1;3;0;0;0;2;0;0;0;0;1;1;0;0;2;0;0;0;0;0;0;0;3;74;13;2;4;3;2;1;0;0;25;0;0;0;0;2;0;1;7;2;0;0;1;2;0;0;1;2;1;1;2;0;0;0;0;0;0;0;0;1;0;0;0;0;0;0;0;3;0;0;0;0;1
4;"Gminny Ośrodek Kultury Kawiarnia, ul. Wysoka 4, 87-721 Raciążek";40107;"gm. Raciążek";"aleksandrowski";"kujawsko-pomorskie";1;1;9;0;1;0;0;0;0;0;1;0;2;0;0;0;0;0;0;0;0;0;0;0;1;0;0;22;5;3;3;4;3;1;3;2;2;0;0;1;0;0;0;0;0;1;0;0;0;2;1;2;0;28;1;0;0;0;2;0;0;0;1;1;0;0;0;0;0;0;0;0;0;0;0;0;2;0;0;26;33;9;13;23;3;1;7;0;2;5;2;2;5;0;0;0;2;0;0;18;0;0;0;0;0;13;3;1;2;3;1;0;0;1;2;0;0;0;0;0;1;0;1;0;0;0;0;0;0;0;0;64;14;1;9;3;1;0;1;0;9;0;0;4;0;5;0;0;13;1;0;0;0;0;0;0;1;2;2;1;0;0;0;1;0;0;0;1;0;0;0;0;0;0;0;0;0;0;0;0;0;0;1
5;"Świetlica Samodzielnego Publicznego Zakładu Leczniczo-Opiekuńczego w Raciążku, ul. Przedmiejska 1, 87-721 Raciążek";40107;"gm. Raciążek";"aleksandrowski";"kujawsko-pomorskie";1;1;0;0;0;0;0;0;0;0;0;0;1;0;0;0;0;0;0;0;0;0;0;0;0;0;0;0;0;0;0;0;0;0;0;0;0;0;0;0;0;0;0;0;0;0;0;0;0;1;0;0;0;2;0;1;0;0;0;0;0;0;0;0;0;0;0;0;0;0;0;0;0;0;0;0;0;0;0;7;1;2;1;2;0;0;0;1;0;0;0;2;0;0;0;0;0;0;0;0;0;0;0;0;0;0;0;0;0;0;0;0;0;0;0;0;0;0;0;1;0;0;0;0;0;0;0;0;0;0;0;0;0;1;0;0;0;0;0;0;0;0;0;0;0;1;0;0;0;0;0;0;0;0;0;0;0;0;0;0;0;0;0;0;0;0;0;0;0;0;0;0;0;0;0;0;0;0;0;0;0;0;0
1;"Sala Urzędu Gminy w Wagańcu, ul. Dworcowa 11, 87-731 Waganiec";40108;"gm. Waganiec";"aleksandrowski";"kujawsko-pomorskie";1;1;2;1;1;0;1;0;0;0;0;0;0;0;0;0;0;1;0;0;0;0;0;0;0;0;0;20;4;8;2;1;0;0;12;0;1;1;2;0;1;2;2;0;1;0;0;0;1;1;0;2;0;20;10;1;0;2;1;0;1;0;2;1;0;1;0;0;0;0;0;0;0;0;0;0;0;0;0;17;38;10;63;9;1;2;17;4;0;3;0;2;0;1;1;0;14;0;0;0;0;1;0;0;2;11;3;6;1;0;1;0;0;2;1;0;0;0;0;1;1;0;0;0;0;0;1;0;0;0;0;37;6;0;7;2;4;1;2;1;1;0;0;0;0;14;2;0;1;0;0;0;0;0;0;0;0;7;0;0;0;0;0;0;0;1;0;0;1;0;0;0;0;0;0;0;0;2;0;0;0;1;0
2;"Gminna Biblioteka Publiczna w Wagańcu, ul. Dworcowa 9, 87-731 Waganiec";40108;"gm. Waganiec";"aleksandrowski";"kujawsko-pomorskie";1;1;2;0;1;0;1;0;0;0;0;0;0;0;0;0;0;0;2;0;0;0;0;0;0;0;0;15;1;2;0;1;1;1;1;0;1;0;2;0;0;1;0;0;0;1;0;0;0;0;0;0;0;17;4;0;0;1;0;0;0;0;0;1;3;1;0;0;0;0;0;0;1;0;1;0;0;0;1;7;34;6;28;5;1;0;8;0;0;3;0;0;0;0;0;0;5;0;1;2;0;1;0;1;0;3;1;0;1;0;0;0;0;2;0;0;0;0;1;0;0;0;0;0;0;0;0;0;0;0;0;8;3;0;5;0;1;5;0;1;0;0;0;0;0;2;1;1;2;1;0;0;0;0;0;0;0;1;0;0;0;0;0;0;0;0;0;0;0;0;0;0;0;0;0;0;0;0;0;0;0;0;0
3;"Świetlica w Zespole Szkół im. I. J. Paderewskiego w Zbrachlinie, Zbrachlin 16, 87-731 Waganiec";40108;"gm. Waganiec";"aleksandrowski";"kujawsko-pomorskie";1;1;3;0;3;0;0;2;0;0;1;1;0;0;0;1;0;0;0;0;0;2;0;0;0;0;0;17;3;14;3;1;2;0;13;0;1;0;2;1;0;1;0;0;0;2;1;0;0;1;1;1;0;15;3;0;0;1;1;0;0;0;0;0;0;0;1;2;0;0;0;0;0;0;0;0;0;0;0;21;42;7;82;24;5;1;22;2;0;7;0;0;4;0;0;0;13;0;0;2;0;1;1;0;1;6;3;0;1;0;1;0;0;10;1;0;0;0;1;0;0;0;1;0;0;0;0;0;0;0;1;20;6;1;3;4;3;2;2;1;6;0;1;0;0;6;0;1;0;0;0;0;0;0;0;0;0;4;0;0;0;0;0;1;0;0;0;0;0;0;0;0;0;0;0;0;0;0;0;0;0;0;0
4;"Świetlica w Niszczewach, Niszczewy 25, 87-731 Waganiec";40108;"gm. Waganiec";"aleksandrowski";"kujawsko-pomorskie";1;1;2;1;0;0;0;0;0;0;0;0;0;0;0;0;0;0;0;0;0;0;0;0;0;0;0;11;0;1;1;0;1;1;1;1;0;0;2;0;0;1;0;0;2;0;0;0;0;2;0;0;1;13;0;0;3;1;0;0;0;1;1;2;1;1;0;0;1;0;0;0;1;0;0;0;0;0;0;24;17;4;16;40;2;1;30;0;0;8;0;1;0;1;0;1;30;0;0;0;0;0;1;0;0;8;1;1;1;1;0;0;0;2;2;0;1;1;0;2;0;0;1;0;0;0;0;0;0;1;1;18;3;3;9;0;1;1;1;0;0;1;0;0;0;1;0;1;0;1;0;0;0;0;0;0;2;2;0;0;0;1;0;0;0;0;0;0;0;0;0;0;0;0;0;0;0;1;0;0;0;0;0
5;"Świetlica w Brudnowie, Brudnowo 25B, 87-731 Waganiec";40108;"gm. Waganiec";"aleksandrowski";"kujawsko-pomorskie";1;1;4;0;0;0;0;0;0;0;0;0;0;0;1;0;0;0;0;2;1;0;0;0;0;0;2;5;4;2;3;0;1;0;1;0;0;1;0;0;0;0;1;0;0;0;0;0;0;0;0;0;0;11;2;0;0;2;0;0;1;0;1;0;1;0;0;0;0;0;0;0;0;0;0;0;0;0;1;10;15;5;36;36;0;4;11;0;0;2;0;0;0;0;1;1;27;1;0;4;0;0;0;0;0;11;1;4;1;0;0;0;0;3;0;0;1;0;0;3;1;0;0;0;0;0;0;0;0;0;0;14;3;0;2;1;6;1;0;3;3;0;0;0;0;3;0;0;0;0;0;0;0;0;0;0;0;2;0;0;0;2;1;0;0;0;0;0;0;0;0;0;0;0;0;0;0;0;0;0;0;0;0
6;"Remiza OSP w Sierzchowie, Sierzchowo 52a, 87-731 Waganiec";40108;"gm. Waganiec";"aleksandrowski";"kujawsko-pomorskie";1;1;2;0;1;1;0;0;0;0;0;0;0;0;0;0;0;1;0;0;0;1;0;0;0;0;0;11;4;1;3;0;4;2;7;0;0;0;2;0;0;0;2;1;0;1;1;1;0;1;0;0;2;0;1;0;1;2;0;0;1;0;0;0;1;0;0;0;0;0;0;0;0;0;0;1;0;0;1;20;27;4;19;18;3;1;5;1;1;2;3;0;1;0;1;0;4;0;0;1;0;0;0;0;0;8;2;1;0;0;0;0;0;4;0;0;0;0;0;0;1;0;0;1;0;0;1;0;1;1;0;20;3;1;1;1;0;0;2;0;0;0;0;1;1;6;0;0;0;0;0;0;0;0;0;0;0;1;0;0;1;0;0;0;0;0;0;0;1;0;0;0;0;0;0;0;0;0;0;0;0;0;0
7;"Remiza OSP w Włoszycy, Włoszyca 9, 87-731 Waganiec";40108;"gm. Waganiec";"aleksandrowski";"kujawsko-pomorskie";1;1;1;0;0;0;0;2;0;0;1;0;0;0;0;0;0;0;0;0;0;1;1;0;0;0;1;7;1;0;2;0;1;1;1;1;0;1;4;0;0;1;0;0;1;0;0;0;2;0;0;0;0;10;5;0;0;4;0;0;0;1;1;0;0;0;0;0;0;0;0;0;0;0;0;0;0;0;0;16;28;5;65;29;1;1;12;4;0;8;0;1;1;0;0;1;6;0;0;4;0;0;0;0;0;7;3;2;0;1;1;2;1;3;1;0;0;0;0;0;0;0;0;0;0;0;0;0;0;1;0;15;4;3;4;0;0;1;0;1;1;2;1;1;0;3;0;0;0;0;0;0;1;0;0;0;0;1;0;0;0;0;0;0;0;0;0;0;0;1;0;0;0;0;0;0;0;0;0;0;0;0;0
8;"Remiza Ochotniczej Straży Pożarnej w Plebance, Plebanka 1a, 87-731 Waganiec";40108;"gm. Waganiec";"aleksandrowski";"kujawsko-pomorskie";1;1;0;0;0;0;0;0;0;1;0;0;0;1;0;0;0;0;0;0;0;0;0;0;0;0;0;3;0;2;2;1;0;0;5;0;0;0;0;0;0;0;0;0;0;0;0;0;0;0;0;0;0;7;4;0;0;1;0;0;0;0;0;1;0;0;0;2;0;0;0;0;0;0;0;0;0;0;0;8;14;1;21;3;0;1;2;1;0;1;1;1;0;0;0;0;0;0;0;3;0;0;0;1;0;3;2;0;0;1;0;0;0;1;0;0;0;0;0;0;0;0;0;0;0;0;1;0;0;0;0;30;1;1;4;0;1;2;0;0;2;0;0;0;0;8;0;0;3;0;1;0;1;0;0;0;0;0;0;0;0;0;0;0;0;0;0;0;0;1;0;0;0;0;0;0;0;0;0;0;0;0;0
1;"Dom Kultury, ul. Dworcowa 1, 87-707 Zakrzewo";40109;"gm. Zakrzewo";"aleksandrowski";"kujawsko-pomorskie";1;1;3;0;0;1;0;1;0;1;0;0;1;0;0;0;0;1;0;0;0;0;0;0;1;0;0;29;14;5;1;1;5;1;31;0;2;1;0;0;0;0;0;0;0;0;0;0;0;1;1;0;2;13;5;0;0;1;0;2;0;0;0;0;0;0;0;1;0;2;1;0;0;1;0;0;1;0;0;26;15;2;62;20;0;2;2;0;0;0;0;1;0;0;0;0;2;0;0;1;0;0;2;0;2;19;3;0;5;2;0;2;0;2;0;0;0;0;0;5;2;1;0;0;2;0;0;0;0;0;3;35;7;4;7;2;5;4;0;1;2;2;0;1;1;8;0;0;1;2;0;0;0;1;1;0;0;2;0;0;2;1;0;1;0;0;0;0;0;0;0;0;0;0;0;0;0;0;0;0;0;0;0
2;"Publiczna Szkoła Podstawowa, ul. Osiedlowa 25, 87-707 Zakrzewo";40109;"gm. Zakrzewo";"aleksandrowski";"kujawsko-pomorskie";1;1;3;0;0;0;0;2;2;0;0;0;0;0;0;0;0;0;0;0;0;0;0;0;1;0;0;12;1;0;3;1;4;1;12;2;1;0;1;0;0;2;0;0;1;0;0;0;3;1;0;0;0;11;0;0;0;2;0;0;0;0;0;1;0;0;2;0;0;0;0;0;0;0;0;0;0;0;0;29;14;3;37;12;0;2;9;0;2;0;0;2;0;0;0;1;2;0;0;0;0;1;0;1;0;6;1;3;0;0;2;0;1;1;0;0;0;0;0;1;1;0;0;0;0;0;0;0;0;0;2;19;3;1;2;0;3;0;0;0;0;0;0;0;0;7;0;0;0;0;1;0;0;0;0;0;1;1;0;1;0;0;1;0;1;0;0;0;0;0;0;0;0;0;0;0;0;2;0;0;0;0;0
3;"Publiczna Szkoła Podstawowa, Sędzin 27A, 87-706 Sędzin";40109;"gm. Zakrzewo";"aleksandrowski";"kujawsko-pomorskie";1;1;2;0;2;0;0;0;0;0;0;0;1;0;0;0;0;0;0;0;0;1;0;0;0;0;0;30;6;3;2;2;1;0;13;2;0;1;1;3;0;0;1;0;0;0;0;0;0;0;0;0;1;24;1;1;0;3;0;0;0;0;1;0;0;0;0;1;1;0;0;1;0;0;0;0;0;0;0;38;28;7;121;61;3;5;10;1;0;2;0;2;0;1;0;0;1;1;0;1;0;2;0;1;1;14;3;0;1;5;0;2;1;0;0;0;1;1;0;1;1;0;0;0;1;0;1;0;0;1;0;32;6;3;6;2;2;0;0;0;1;0;0;1;0;0;0;0;1;0;1;0;2;0;1;0;0;6;0;0;0;0;0;0;0;0;0;0;0;0;0;1;0;0;0;0;0;1;0;0;0;0;0
4;"Szkoła Podstawowa Stowarzyszenia Przyjaciół Szkół Katolickich, Siniarzewo 74, 87-705 Siniarzewo";40109;"gm. Zakrzewo";"aleksandrowski";"kujawsko-pomorskie";1;1;0;0;0;0;0;1;0;0;1;0;1;0;0;0;0;0;0;0;0;1;0;0;3;0;0;24;4;5;3;2;2;1;18;0;3;0;1;0;2;1;0;0;1;0;1;0;2;2;1;3;5;10;5;1;1;4;0;0;0;0;0;0;1;0;0;0;0;0;2;0;0;1;0;0;0;0;0;3;31;6;61;36;0;1;6;0;1;0;1;2;1;0;0;0;2;0;0;1;0;0;0;1;1;4;1;1;1;0;0;3;0;1;0;0;0;0;2;1;0;1;1;0;0;1;0;0;0;1;0;23;6;1;6;1;2;0;0;0;0;4;0;0;0;0;0;0;0;0;0;1;0;0;0;0;0;1;2;0;0;1;2;0;0;0;0;0;0;0;0;0;0;0;0;0;0;0;0;0;0;0;0
5;"Świetlica Wiejska w Kolonii Bodzanowskiej, Kolonia Bodzanowska 38, 87-705 Siniarzewo";40109;"gm. Zakrzewo";"aleksandrowski";"kujawsko-pomorskie";1;1;1;0;0;0;0;0;0;0;0;0;0;0;0;0;0;0;0;0;0;0;0;0;0;1;0;4;3;0;1;0;5;0;1;1;0;0;0;1;0;0;0;0;0;0;0;1;0;0;0;0;1;3;0;0;1;0;0;0;0;0;0;1;0;1;0;0;0;0;0;0;0;0;0;0;0;0;1;5;6;3;34;11;2;0;0;0;0;0;0;1;0;0;0;1;1;0;0;1;0;0;0;0;0;3;0;0;0;0;1;0;0;1;0;0;0;0;0;0;0;0;0;0;0;0;0;0;0;0;0;3;2;3;2;0;0;0;0;1;0;0;0;0;0;1;0;0;0;0;0;0;0;0;0;0;0;0;0;0;0;0;0;0;0;0;0;0;0;0;0;0;0;0;0;0;0;0;0;0;0;0;0
6;"Świetlica Domu Pomocy Społecznej w Zakrzewie, ul. Inowrocławska 20, 87-707 Zakrzewo";40109;"gm. Zakrzewo";"aleksandrowski";"kujawsko-pomorskie";1;1;1;0;0;0;1;0;0;0;0;0;0;0;0;0;0;0;0;0;0;0;0;0;0;0;0;0;0;0;0;0;0;1;0;0;0;0;0;0;0;0;0;0;0;0;0;0;0;0;0;0;1;1;0;0;0;0;0;0;0;1;0;0;1;0;0;0;0;1;0;0;0;0;0;0;0;0;0;5;4;1;2;0;0;0;0;1;1;0;0;0;0;1;0;0;0;0;0;0;0;0;0;1;0;0;0;1;0;0;0;0;0;0;0;1;0;0;0;0;1;0;0;0;0;0;0;0;0;0;0;2;0;0;1;0;0;0;0;0;0;0;0;0;0;6;0;0;0;0;0;0;0;0;0;0;0;0;0;0;0;0;0;0;0;0;0;0;0;0;0;0;0;0;0;0;0;0;0;0;0;0;1
1;"Nadleśnictwo Brodnica, ul. Sądowa 16, 87-300 Brodnica";40201;"m. Brodnica";"brodnicki";"kujawsko-pomorskie";1;1;4;0;1;0;0;0;0;0;0;0;1;0;0;1;0;0;0;0;0;0;0;0;0;0;1;145;4;4;4;3;1;1;1;5;3;2;0;0;0;1;1;1;1;1;0;0;1;0;1;0;0;83;5;0;1;3;1;1;0;0;2;0;1;0;0;0;1;0;0;0;0;0;1;1;2;0;3;95;12;36;30;20;9;3;37;1;11;0;0;2;0;4;0;9;1;0;1;0;0;0;0;0;0;26;6;5;2;3;1;2;2;0;3;1;3;1;1;2;0;0;1;0;1;0;0;1;0;1;3;133;14;7;2;8;164;0;0;0;4;0;1;0;1;1;0;2;0;0;0;0;0;1;0;0;2;4;31;1;0;0;0;0;0;0;0;1;0;0;0;0;0;0;0;0;0;1;0;0;0;0;4
2;"Dom Pomocy Społecznej, ul. Wiejska 1, 87-300 Brodnica";40201;"m. Brodnica";"brodnicki";"kujawsko-pomorskie";1;1;7;1;0;0;0;0;0;0;0;0;0;0;0;0;0;0;0;0;0;0;0;0;0;0;0;95;11;1;1;1;1;0;0;0;0;0;0;1;0;2;0;1;0;0;0;0;0;0;0;0;0;23;3;0;2;2;1;0;0;0;0;0;2;0;0;0;0;1;0;0;0;0;1;0;0;0;0;73;14;39;12;24;4;4;21;3;7;2;0;1;0;6;0;5;0;0;0;0;0;0;0;1;1;16;4;0;4;2;3;0;0;0;0;0;0;0;1;0;1;0;1;0;0;0;0;0;0;0;1;70;10;4;0;2;137;0;0;0;4;2;1;0;0;0;0;2;0;1;0;0;0;0;0;1;1;1;22;1;0;0;0;0;1;0;0;0;8;0;1;0;1;0;0;0;0;6;0;0;1;0;2
3;"Szkoła Podstawowa Nr 2, ul. Kolejowa 62, 87-300 Brodnica";40201;"m. Brodnica";"brodnicki";"kujawsko-pomorskie";1;1;3;0;0;0;1;1;1;0;0;0;0;0;2;1;0;0;0;0;0;0;0;0;1;0;1;221;16;3;4;2;2;2;0;1;0;0;5;0;0;1;0;0;1;1;0;0;0;2;3;0;1;74;7;1;5;3;0;3;0;0;0;0;3;0;1;2;1;0;0;2;0;0;0;3;0;0;4;112;14;38;35;36;2;10;49;0;6;6;2;4;2;2;1;7;3;0;0;0;1;0;0;1;2;44;6;6;1;1;1;1;1;2;2;0;6;1;1;3;0;0;1;0;3;0;0;0;0;1;0;166;12;14;1;5;234;1;2;2;1;3;3;0;0;0;0;3;1;1;5;0;0;0;0;0;2;8;51;0;0;1;0;0;0;0;0;1;0;0;0;0;0;0;0;0;0;0;0;0;0;0;0
4;"Przedszkole Nr 8, ul. Zielona 3, 87-300 Brodnica";40201;"m. Brodnica";"brodnicki";"kujawsko-pomorskie";1;1;1;0;0;0;0;0;0;0;0;0;0;1;0;0;0;0;0;1;0;0;1;0;1;0;0;238;12;6;2;1;5;2;1;2;0;0;1;0;1;2;1;0;1;0;0;1;1;0;0;0;2;72;6;2;1;5;1;0;1;2;1;1;0;0;3;0;3;0;0;1;0;0;1;0;0;0;1;115;26;64;34;39;6;1;49;2;17;8;3;1;0;5;0;5;1;0;0;0;2;0;0;1;3;35;4;2;2;3;2;0;2;3;1;1;6;0;1;5;0;0;0;0;0;1;0;0;0;4;2;197;14;12;0;10;242;3;1;0;1;0;0;0;0;2;1;0;1;0;0;0;0;2;0;0;0;5;67;0;1;0;0;1;1;0;0;0;1;0;0;0;0;1;0;0;0;3;0;0;0;0;0
5;"Brodnicki Dom Kultury, ul. Przykop 43, 87-300 Brodnica";40201;"m. Brodnica";"brodnicki";"kujawsko-pomorskie";1;1;2;0;0;1;1;0;0;0;0;0;2;1;0;0;0;0;0;0;0;0;0;1;2;0;1;179;7;5;5;1;2;3;1;1;3;0;1;1;0;1;0;0;1;0;0;0;0;1;3;0;1;59;4;1;2;3;1;0;1;0;1;0;3;0;0;1;0;2;0;1;0;0;1;1;0;0;0;100;26;107;30;36;6;6;46;2;4;2;3;3;0;3;1;5;2;1;0;0;2;0;0;4;1;28;3;2;0;4;0;0;1;3;1;0;7;4;1;0;0;0;1;0;4;0;0;0;0;0;3;143;25;13;2;5;167;1;1;0;2;0;2;0;0;0;0;0;0;0;0;0;0;0;0;0;0;9;26;0;1;0;1;1;0;3;0;0;1;0;1;0;0;0;0;0;0;8;0;0;0;0;3
6;"Szkoła Podstawowa Nr 1, ul. 3 Maja 2, 87-300 Brodnica";40201;"m. Brodnica";"brodnicki";"kujawsko-pomorskie";1;1;2;0;1;0;0;0;0;0;0;0;0;0;0;0;0;0;0;0;0;0;0;0;0;0;1;65;3;2;1;0;1;2;1;1;1;0;0;0;0;0;1;1;0;0;1;0;0;1;0;0;0;24;3;0;1;2;0;0;0;0;1;0;0;0;0;0;0;0;0;2;0;0;1;0;0;0;0;41;8;26;17;8;2;0;15;1;4;5;1;0;1;1;0;3;1;0;0;0;0;0;0;1;0;7;1;2;2;2;0;0;0;2;1;0;2;1;0;0;0;2;0;1;1;0;0;0;0;0;3;32;7;5;0;6;87;2;0;0;0;1;1;1;1;0;0;1;0;0;1;0;0;0;0;0;0;5;10;1;0;0;0;0;0;0;0;0;0;1;0;0;0;0;0;0;0;0;0;0;0;0;0
7;"Szkoła Podstawowa Nr 1, ul. 3 Maja 2, 87-300 Brodnica";40201;"m. Brodnica";"brodnicki";"kujawsko-pomorskie";1;1;1;0;0;0;0;1;0;0;0;0;0;0;0;0;0;0;0;0;2;0;0;0;2;1;0;103;3;1;0;0;1;3;0;1;0;0;1;0;0;0;0;0;0;0;0;0;0;2;1;1;0;41;6;0;0;1;0;0;0;0;2;0;0;0;0;0;2;1;0;0;0;0;0;0;1;0;0;66;8;39;8;28;5;2;32;0;9;2;1;0;0;4;1;0;1;0;0;0;0;0;0;0;0;19;2;3;2;0;1;0;0;2;0;0;2;0;0;1;0;0;0;1;0;1;0;0;0;0;0;79;8;8;1;8;88;1;0;1;0;0;0;0;2;2;1;0;0;1;0;0;2;1;0;0;0;1;24;0;0;0;0;0;0;0;0;1;4;0;0;0;0;0;0;0;0;0;0;0;0;0;1
8;"I Liceum Ogólnokształcące, ul. Lidzbarska 14, 87-300 Brodnica";40201;"m. Brodnica";"brodnicki";"kujawsko-pomorskie";1;1;4;1;2;1;0;0;0;0;0;1;0;0;0;1;0;1;0;0;0;1;1;0;0;0;1;147;8;1;0;0;1;1;1;0;0;2;0;1;1;0;0;0;1;0;1;0;0;0;3;0;2;55;4;1;3;5;1;0;1;0;1;1;0;1;2;0;1;0;2;1;0;1;0;1;1;0;0;83;18;43;31;28;9;5;50;2;8;3;1;2;1;6;0;0;5;0;2;0;0;1;0;1;4;21;5;3;3;1;2;1;1;0;0;1;3;0;0;1;0;2;0;1;0;0;0;1;0;0;1;140;24;9;2;8;155;1;0;0;0;0;2;0;0;0;0;0;1;1;0;0;0;0;0;2;1;4;40;0;0;0;0;0;0;0;0;2;0;0;0;0;0;0;0;0;0;5;0;0;0;0;0
9;"Zespół Szkół Nr 1, ul. Matejki 5, 87-300 Brodnica";40201;"m. Brodnica";"brodnicki";"kujawsko-pomorskie";1;1;2;1;1;1;2;2;1;0;0;0;0;0;0;0;0;0;0;0;0;0;0;0;1;0;0;213;11;7;8;2;4;1;0;4;0;1;3;2;0;2;1;4;1;0;0;1;0;1;0;0;1;80;5;1;4;2;1;1;0;1;0;0;3;2;2;0;0;0;1;1;0;0;0;1;2;0;2;86;18;57;20;34;6;7;49;0;8;1;2;1;0;8;3;3;4;1;0;1;2;1;0;0;1;23;6;3;5;4;2;5;2;0;3;0;2;0;1;4;1;1;0;0;2;1;0;0;0;1;4;159;18;14;0;5;267;1;0;1;0;1;0;0;0;2;1;3;1;2;2;0;0;0;0;0;1;2;39;1;0;0;1;0;0;0;0;0;0;0;0;0;0;0;0;0;0;1;0;0;0;0;1
10;"Zespół Szkół Nr 1, ul. Matejki 5, 87-300 Brodnica";40201;"m. Brodnica";"brodnicki";"kujawsko-pomorskie";1;1;0;0;1;0;0;1;0;0;0;0;0;0;0;0;0;0;0;0;0;0;2;0;0;0;0;102;5;6;4;0;0;2;0;2;0;1;2;0;0;2;1;0;1;1;0;0;0;0;1;1;0;35;3;0;1;2;1;0;0;1;2;0;0;0;0;0;1;0;0;1;0;0;0;0;0;0;1;70;12;30;18;21;2;1;30;1;5;0;6;0;3;11;1;1;4;2;0;0;0;1;1;0;0;15;4;1;0;0;1;0;0;0;0;1;0;0;1;0;0;0;0;0;0;0;2;0;0;0;0;70;10;4;0;1;100;0;1;2;0;2;3;0;0;0;0;1;0;1;0;1;0;0;0;0;1;4;17;0;0;1;0;0;0;0;0;0;0;1;0;0;0;0;0;0;0;3;0;0;0;0;0
11;"Przedszkole im. Marii Konopnickiej, ul. Stanisława Wyspiańskiego 12a, 87-300 Brodnica";40201;"m. Brodnica";"brodnicki";"kujawsko-pomorskie";1;1;0;0;0;0;0;0;0;0;0;0;1;0;1;0;0;0;0;0;0;0;0;0;0;0;0;106;2;6;2;1;2;0;0;0;0;0;3;1;1;1;0;0;0;0;0;0;0;0;0;0;0;36;3;0;1;1;0;0;0;0;1;0;0;0;1;0;0;0;0;0;0;0;0;0;0;0;2;87;23;38;14;22;13;2;46;0;6;1;0;0;0;5;1;5;1;0;1;1;0;0;0;0;0;13;1;3;1;1;0;2;1;0;0;0;2;0;0;2;0;0;0;0;0;1;1;0;0;0;1;96;15;6;0;0;94;1;1;0;0;3;0;2;0;1;0;0;0;0;0;0;0;0;0;0;0;2;23;0;0;0;0;0;0;0;0;0;0;0;0;0;0;0;0;0;0;1;0;0;0;0;0
12;"Przedszkole im. Marii Konopnickiej, ul. Stanisława Wyspiańskiego 12a, 87-300 Brodnica";40201;"m. Brodnica";"brodnicki";"kujawsko-pomorskie";1;1;2;1;0;0;0;1;0;0;0;1;0;0;1;0;0;1;0;1;0;0;0;0;0;0;0;211;14;7;0;1;3;1;4;2;1;2;2;1;0;2;1;2;0;0;0;1;0;1;1;1;1;54;8;1;2;2;2;1;0;1;0;0;3;2;0;2;2;0;4;0;1;0;1;0;1;0;1;122;23;57;31;36;4;3;49;6;7;2;3;3;0;11;0;8;4;1;4;1;0;0;1;0;0;48;11;6;5;4;4;5;0;3;0;3;2;0;0;3;0;1;1;0;4;0;0;0;0;0;6;153;20;17;4;7;215;0;1;1;2;1;0;0;0;0;0;2;0;0;0;0;0;0;0;0;0;3;19;0;0;1;0;0;1;0;0;1;0;1;0;0;0;0;1;0;0;0;0;0;0;0;0
13;"Warsztat Terapii Zajęciowej, ul. Stanisława Wyspiańskiego 13, 87-300 Brodnica";40201;"m. Brodnica";"brodnicki";"kujawsko-pomorskie";1;1;0;0;1;0;0;0;0;0;1;0;0;0;0;0;0;0;0;0;0;0;0;0;0;0;0;90;5;2;2;0;2;2;0;0;1;0;0;0;0;1;0;0;0;0;0;0;1;1;0;0;1;47;1;0;2;2;2;0;1;1;0;1;0;0;0;0;1;0;0;0;1;0;0;0;1;0;1;65;13;39;14;16;6;3;56;1;10;0;0;0;1;4;1;2;0;0;0;0;0;0;0;0;0;21;3;3;2;1;0;3;0;0;0;0;5;0;2;2;0;0;1;0;1;0;0;0;0;0;0;62;14;8;2;5;125;0;1;1;0;1;0;0;0;0;0;0;0;0;0;0;0;0;0;0;0;4;42;0;0;1;0;0;0;0;0;0;3;1;0;0;0;0;0;0;0;0;0;0;0;0;0
14;"Szkoła Podstawowa Nr 4, ul. Nowa 34, 87-300 Brodnica";40201;"m. Brodnica";"brodnicki";"kujawsko-pomorskie";1;1;6;1;0;0;1;0;0;0;2;0;0;0;0;0;0;0;0;0;0;0;0;0;0;1;1;214;7;3;1;4;2;0;1;1;0;0;1;1;0;1;0;0;0;0;0;0;0;2;0;2;4;62;3;0;0;2;1;0;1;0;0;0;5;0;1;0;2;0;0;3;0;0;1;0;1;0;0;119;16;50;32;39;11;6;45;2;10;5;2;3;0;5;0;4;2;0;1;0;0;3;0;1;2;27;10;6;6;2;1;0;1;1;1;4;9;0;0;0;0;0;2;0;0;0;0;0;1;2;1;129;10;9;1;4;188;1;0;1;2;0;0;0;1;1;0;2;1;1;0;0;0;1;0;0;0;1;34;0;0;1;0;0;0;0;0;0;2;0;0;0;0;0;0;0;0;2;0;0;0;0;0
15;"Szkoła Podstawowa Nr 4, ul. Nowa 34, 87-300 Brodnica";40201;"m. Brodnica";"brodnicki";"kujawsko-pomorskie";1;1;1;5;1;0;1;0;0;0;0;0;0;0;1;0;0;0;0;3;1;0;0;0;0;0;1;99;8;6;2;0;1;0;0;1;0;0;1;0;1;0;0;0;0;1;0;1;1;1;0;4;4;34;1;0;1;2;0;0;0;1;0;3;1;0;0;0;1;0;0;1;0;0;0;0;2;1;2;55;15;35;21;14;7;7;27;3;5;3;0;4;1;5;1;5;0;1;0;0;0;0;1;1;0;17;5;4;2;4;2;1;0;0;0;0;5;2;2;0;0;0;0;0;2;0;0;0;0;0;2;72;9;8;2;4;141;0;1;1;1;0;1;1;0;0;0;0;1;1;0;0;0;0;0;0;0;3;19;0;2;0;0;0;0;0;0;1;11;0;0;0;0;0;0;0;0;1;0;0;0;0;0
16;"Szpital, ul. Wiejska 9, 87-300 Brodnica";40201;"m. Brodnica";"brodnicki";"kujawsko-pomorskie";1;1;2;0;1;0;0;0;0;0;0;0;0;0;0;0;0;0;0;0;0;0;0;0;0;0;0;11;0;0;0;0;0;0;0;0;1;0;0;0;0;0;0;0;0;0;0;1;0;0;0;0;0;0;0;0;0;0;0;0;1;0;0;1;0;0;0;0;0;0;0;0;1;0;0;0;0;0;0;4;1;2;1;2;0;2;2;0;0;0;0;0;0;0;1;0;0;0;1;0;0;0;0;0;1;1;0;1;0;0;0;0;0;0;0;0;0;0;0;0;0;0;0;0;0;0;0;0;0;0;0;3;1;0;0;1;7;0;0;0;0;0;0;0;0;0;0;0;0;0;0;0;0;0;0;0;0;0;0;0;0;0;0;0;0;0;0;0;0;0;0;0;0;0;0;0;0;1;0;0;0;0;0
1;"Gminny Ośrodek Kultury, Bobrowo 52, 87-327 Bobrowo";40202;"gm. Bobrowo";"brodnicki";"kujawsko-pomorskie";1;1;4;1;1;0;0;0;0;0;0;0;0;0;0;0;0;0;0;0;1;0;0;0;0;0;0;88;2;1;1;0;0;1;1;0;0;0;2;1;0;0;0;0;0;0;0;0;0;0;0;0;2;22;2;1;0;1;1;0;0;0;1;1;0;0;0;0;3;0;0;0;0;0;0;0;0;0;2;10;7;9;71;37;0;2;8;0;3;0;0;3;1;0;1;2;1;0;0;0;0;0;1;1;0;8;4;1;0;0;1;0;1;1;0;0;2;0;1;0;0;0;1;0;2;0;0;0;0;0;0;26;12;0;0;1;29;1;0;0;1;2;0;2;0;0;0;1;1;0;0;0;0;0;0;0;0;2;12;0;0;0;0;0;0;0;0;0;0;0;0;0;0;0;0;0;0;0;0;0;0;0;0
2;"Świetlica Wiejska, Grzybno 56, 87-327 Bobrowo";40202;"gm. Bobrowo";"brodnicki";"kujawsko-pomorskie";1;1;2;0;0;0;0;0;0;0;0;1;0;0;0;0;0;0;0;0;0;0;0;0;0;0;0;53;3;1;0;0;2;0;1;0;0;0;1;0;0;0;0;0;0;0;0;0;0;1;0;0;0;13;0;0;1;1;0;0;0;0;0;0;0;0;1;1;2;0;0;0;0;0;1;0;0;0;0;15;4;7;48;23;2;1;4;2;5;4;0;0;0;1;0;3;0;1;0;1;0;0;0;0;0;3;1;0;0;0;0;0;0;1;0;0;1;0;0;0;1;0;0;0;0;0;0;0;0;0;2;22;1;5;0;1;30;1;0;0;0;2;0;0;0;1;0;0;0;2;0;0;0;0;0;0;0;2;7;0;0;0;0;1;0;0;0;0;0;0;0;0;0;0;0;0;0;0;0;0;0;0;1
3;"Wiejski Dom Kultury, Nieżywięć 40, 87-326 Bobrowo";40202;"gm. Bobrowo";"brodnicki";"kujawsko-pomorskie";1;1;0;0;1;0;1;0;0;1;0;0;1;0;0;1;0;0;0;0;0;0;0;0;1;0;0;135;7;5;4;0;1;3;0;2;0;1;0;0;0;1;0;0;0;0;1;1;0;2;0;0;2;21;3;1;0;2;1;2;0;1;0;0;0;2;0;0;1;0;0;0;0;0;0;0;1;0;1;49;11;23;56;77;2;2;28;2;4;5;3;1;0;2;2;1;1;1;0;0;1;0;1;0;3;11;4;0;2;3;2;4;1;1;0;3;2;0;2;3;1;0;0;0;1;0;0;0;0;0;3;30;9;4;2;1;60;1;0;0;1;1;1;0;0;0;0;0;0;1;0;0;1;1;0;0;0;0;9;0;0;0;0;0;0;0;0;1;0;1;0;0;0;0;0;0;0;0;0;0;0;0;0
4;"Szkoła Podstawowa, Kruszyny 7A, 87-326 Nieżywięć";40202;"gm. Bobrowo";"brodnicki";"kujawsko-pomorskie";1;1;0;1;0;0;0;0;0;0;0;0;0;0;0;0;1;0;0;0;0;0;0;0;0;0;2;21;4;0;0;0;0;0;1;0;0;0;0;0;0;1;0;0;0;0;0;0;0;0;1;1;0;2;1;0;0;0;0;0;0;0;1;1;0;0;0;0;0;0;0;0;0;0;0;0;1;0;1;14;3;8;51;19;1;1;10;1;4;2;1;0;0;0;0;3;0;0;0;0;0;0;0;0;0;6;1;3;0;2;1;0;0;0;0;0;3;0;1;0;0;0;0;0;0;0;0;0;0;0;0;13;3;2;0;1;10;3;0;1;0;0;0;0;0;0;0;0;0;0;0;0;0;0;0;0;0;0;10;0;0;0;0;0;0;0;0;0;0;0;1;0;0;0;0;0;0;0;1;0;0;0;0
5;"Szkoła Podstawowa, Małki 30, 87-325 Bobrowo";40202;"gm. Bobrowo";"brodnicki";"kujawsko-pomorskie";1;1;1;0;0;0;1;0;0;1;0;0;0;1;0;0;0;0;0;0;0;0;0;0;0;0;0;88;5;1;3;0;0;1;0;0;1;0;0;0;1;0;0;0;0;0;0;0;2;0;0;0;2;19;4;2;2;2;1;1;0;0;0;0;0;0;3;0;0;0;0;0;0;0;1;0;1;0;0;49;20;24;80;72;1;4;29;2;6;10;1;2;1;3;0;5;0;0;0;0;0;1;0;1;1;12;5;4;0;1;0;1;1;1;1;0;6;0;0;2;0;0;0;0;0;0;1;0;0;0;2;36;0;0;1;2;64;1;0;0;3;2;0;0;0;0;0;0;0;0;0;0;0;1;0;0;0;2;21;0;0;0;1;0;0;0;0;0;0;0;0;0;0;0;0;0;0;0;0;0;0;0;0
6;"Świetlica Wiejska, Zgniłobłoty 58, 87-327 Bobrowo";40202;"gm. Bobrowo";"brodnicki";"kujawsko-pomorskie";1;1;1;0;1;0;1;0;0;0;0;0;0;0;0;0;0;0;0;0;0;0;0;0;1;0;0;39;0;0;0;0;2;0;0;0;0;0;0;0;0;0;0;0;0;0;0;0;0;0;0;0;0;8;2;0;0;0;0;0;0;0;0;0;0;0;0;0;0;0;0;0;0;0;0;0;0;0;0;14;4;3;31;21;0;2;6;0;1;0;0;0;0;0;1;0;1;0;0;0;0;0;0;0;0;6;2;1;0;0;1;0;0;1;0;0;2;0;0;0;0;0;1;0;0;0;0;0;0;0;1;8;4;2;0;0;17;1;0;0;0;0;0;0;0;0;0;0;0;0;0;0;0;0;0;1;0;2;5;0;0;1;0;1;0;0;0;0;0;0;0;0;0;0;0;0;0;0;0;0;0;0;0
7;"Świetlica Wiejska, Drużyny 51, 87-327 Bobrowo";40202;"gm. Bobrowo";"brodnicki";"kujawsko-pomorskie";1;1;0;0;0;0;1;0;0;0;0;0;0;0;0;0;0;0;0;0;0;0;0;0;0;0;0;69;3;0;1;0;2;2;0;0;0;2;2;0;0;1;0;0;0;0;0;0;1;1;0;1;0;11;0;0;0;0;1;1;0;1;1;0;0;1;0;0;0;0;0;0;0;0;0;0;0;0;1;30;3;13;44;24;0;3;9;1;2;2;0;0;0;1;1;6;0;0;0;1;0;0;0;0;0;3;3;2;1;3;0;2;0;4;1;0;0;0;1;0;0;1;0;0;0;0;0;0;0;1;0;22;5;0;0;1;42;1;0;1;0;0;0;1;0;0;0;0;0;0;1;0;0;0;0;0;0;2;11;0;1;0;0;0;0;0;0;2;1;0;0;0;1;0;0;0;0;0;0;0;0;0;0
8;"Świetlica Wiejska, Kawki 13, 87-326 Nieżywięć";40202;"gm. Bobrowo";"brodnicki";"kujawsko-pomorskie";1;1;1;0;0;0;0;0;0;0;0;0;0;0;0;0;0;0;0;0;0;0;0;0;0;0;0;44;0;0;1;0;0;0;0;0;0;0;0;0;2;0;0;0;0;0;0;0;0;0;0;1;1;1;0;0;0;1;0;0;0;0;0;0;0;0;0;0;0;0;0;0;0;0;0;0;0;0;0;19;4;15;4;30;1;1;5;2;3;3;1;1;1;1;0;1;0;0;0;0;0;0;1;0;2;2;0;0;1;0;0;0;0;0;1;0;0;2;1;1;0;0;1;0;0;0;0;0;0;0;0;5;0;3;0;4;11;1;0;0;0;0;1;0;0;0;0;1;1;1;0;0;0;0;0;0;0;0;4;0;0;0;0;0;0;0;0;0;0;0;0;0;0;0;0;0;0;0;0;0;0;0;0
9;"Świetlica Wiejska, Brudzawy 21A, 87-326 Nieżywięć";40202;"gm. Bobrowo";"brodnicki";"kujawsko-pomorskie";1;1;0;0;0;1;0;0;1;0;0;0;0;0;0;0;0;0;0;0;0;0;0;0;0;0;0;18;3;0;0;0;0;0;0;0;0;0;1;0;0;1;0;0;0;0;0;0;0;0;0;0;1;5;0;0;0;0;0;0;0;0;1;0;0;0;0;0;0;0;0;0;0;0;0;0;0;0;1;10;4;4;10;20;0;0;4;0;0;3;1;1;0;1;0;0;1;0;0;0;1;1;1;0;0;4;1;0;2;1;0;0;1;0;0;0;0;0;0;0;0;1;0;0;0;0;0;0;0;0;0;7;0;1;0;0;6;1;0;0;0;0;0;3;0;0;0;0;0;0;0;0;0;0;0;0;0;0;5;0;0;0;0;0;0;0;0;0;0;0;0;0;0;0;0;0;0;0;0;0;0;0;0
10;"Zakład Opiekuńczo-Leczniczy, Wichulec 14A, 87-327 Bobrowo";40202;"gm. Bobrowo";"brodnicki";"kujawsko-pomorskie";1;1;0;0;0;0;0;0;0;0;0;0;0;0;0;0;0;0;0;0;0;0;0;0;0;0;0;0;0;0;0;0;0;0;0;0;0;0;0;0;0;0;0;0;0;0;0;0;0;0;0;0;0;0;1;0;0;0;0;0;0;0;0;0;0;0;0;0;0;0;0;0;0;0;0;0;0;0;0;2;0;1;0;3;0;2;0;0;1;0;1;0;2;0;1;0;0;0;0;0;0;0;0;1;0;1;0;0;0;0;0;0;0;0;0;0;1;0;0;0;0;0;0;0;0;0;0;0;0;0;0;3;0;0;1;0;1;0;0;0;0;0;0;0;0;0;1;0;0;0;0;0;0;0;0;0;0;0;0;0;0;0;0;0;0;0;0;0;0;0;0;0;0;0;0;0;0;0;0;0;0;0;0
1;"Świetlica Wiejska, Karbowo ul. Klubowa 25, 87-300 Brodnica";40203;"gm. Brodnica";"brodnicki";"kujawsko-pomorskie";1;1;3;0;3;0;1;2;0;0;0;0;2;1;0;0;0;0;0;1;0;0;0;0;0;0;0;236;15;4;3;1;4;4;3;3;2;1;0;2;2;1;0;0;0;1;1;0;1;1;0;0;1;70;7;2;2;5;0;2;1;0;1;0;1;0;6;0;2;2;0;0;0;0;1;0;2;0;2;75;14;34;30;46;9;7;49;3;11;1;2;2;1;7;0;3;4;1;1;0;0;1;0;0;2;28;8;1;6;4;0;1;4;3;1;0;1;0;4;2;1;0;0;0;0;0;0;0;0;1;1;127;19;7;1;1;227;5;0;1;3;0;0;0;0;2;0;2;3;0;1;0;0;0;0;0;0;0;61;0;0;1;0;4;0;0;0;2;3;0;0;0;0;0;0;0;0;3;0;0;0;0;1
2;"Szkoła Podstawowa, Cielęta 15, 87-300 Brodnica";40203;"gm. Brodnica";"brodnicki";"kujawsko-pomorskie";1;1;0;1;1;1;1;0;0;0;0;1;0;0;0;0;0;0;0;0;0;0;0;0;1;0;1;119;4;3;3;1;0;4;0;1;2;2;1;1;0;3;1;0;1;0;0;1;1;1;0;0;0;45;2;0;2;1;0;0;0;0;0;0;1;1;1;0;0;0;0;0;0;0;0;0;0;1;1;68;10;28;25;23;2;3;30;2;3;1;2;3;0;11;2;1;1;0;1;1;0;0;0;0;1;28;12;0;1;3;1;0;3;1;2;1;2;2;2;1;0;0;0;1;0;0;0;0;1;1;0;57;9;4;0;2;123;1;0;0;1;1;0;0;1;0;0;3;0;0;2;0;0;0;0;1;0;0;19;0;0;1;0;0;0;0;0;0;0;0;0;0;0;0;0;0;0;0;0;0;0;0;0
3;"Sala Sportowa, Szczuka 34, 87-300 Brodnica";40203;"gm. Brodnica";"brodnicki";"kujawsko-pomorskie";1;1;0;0;0;0;0;1;0;0;0;0;0;1;0;0;0;0;0;0;0;0;0;0;0;0;0;114;8;1;0;1;0;0;1;0;1;1;3;1;0;0;1;0;3;0;0;0;0;0;0;1;0;23;3;0;3;1;0;0;1;2;1;1;1;0;0;0;0;1;0;0;1;0;0;0;1;0;0;110;12;19;19;41;0;4;54;1;4;1;0;1;1;3;0;7;2;1;0;2;0;2;0;0;3;30;9;3;4;3;2;2;2;0;1;0;2;1;0;3;1;0;1;0;0;0;0;0;0;0;4;33;5;6;0;2;97;2;3;0;0;0;0;0;0;0;0;0;0;0;0;0;0;0;0;0;0;0;25;0;0;0;1;0;0;1;0;1;0;0;0;1;0;0;0;0;1;0;0;0;0;0;1
4;"Szkoła Podstawowa, Gortatowo 7, 87-300 Brodnica";40203;"gm. Brodnica";"brodnicki";"kujawsko-pomorskie";1;1;0;0;1;0;0;0;0;0;0;0;0;0;0;0;0;0;0;0;0;0;0;0;0;0;0;53;1;0;0;0;0;0;0;0;0;0;0;1;0;0;0;1;0;0;0;0;0;0;0;0;0;9;1;0;0;0;0;1;0;0;0;0;0;0;0;0;0;0;0;0;0;0;0;0;1;0;0;41;5;10;5;19;0;3;18;1;2;0;1;0;0;0;0;1;2;0;0;1;0;0;0;0;0;3;1;3;0;2;0;0;0;0;0;0;3;0;0;0;1;0;1;0;0;0;1;0;0;0;0;13;0;1;0;0;25;0;1;0;0;0;0;0;0;0;0;0;0;0;0;0;0;0;0;0;0;1;8;0;0;0;0;0;0;0;0;0;0;0;0;0;0;0;0;0;0;0;0;0;0;0;0
5;"Szkoła Podstawowa, Gorczenica 87, 87-300 Brodnica";40203;"gm. Brodnica";"brodnicki";"kujawsko-pomorskie";1;1;0;0;1;0;1;0;1;0;0;0;0;1;0;0;0;0;0;0;0;0;0;0;0;0;0;216;10;4;0;0;3;0;2;0;0;0;3;1;2;0;0;0;3;0;0;0;0;2;0;0;0;28;5;0;3;1;0;3;1;0;1;0;1;1;0;0;0;1;1;1;0;0;2;0;0;0;3;53;9;17;17;45;7;5;51;0;3;6;1;1;0;6;0;6;1;0;1;0;0;1;0;0;1;13;2;2;3;1;2;3;1;0;0;0;4;0;1;2;2;2;0;0;0;1;0;1;0;1;1;50;5;1;0;3;101;0;2;0;3;0;0;0;0;0;0;0;0;1;1;0;0;0;0;0;0;6;12;0;0;0;1;0;0;0;0;0;0;2;0;0;0;0;0;0;0;0;1;0;0;0;1
6;"Szkoła Podstawowa, Szabda 59, 87-300 Brodnica";40203;"gm. Brodnica";"brodnicki";"kujawsko-pomorskie";1;1;1;0;1;0;0;0;0;0;0;0;0;0;1;0;0;0;0;0;0;0;0;0;0;0;1;158;9;1;0;0;5;0;1;0;1;0;3;0;0;1;0;0;1;0;0;0;1;1;2;0;2;46;3;1;3;1;0;0;0;0;1;0;4;3;0;0;0;3;0;1;0;0;0;0;0;0;1;77;16;28;48;62;1;4;37;3;5;1;3;5;1;1;0;24;1;0;0;0;0;0;1;0;2;18;7;7;1;3;2;0;2;0;1;0;0;0;4;1;3;0;0;0;1;0;0;0;0;1;1;103;3;7;0;3;145;0;0;0;3;0;0;0;2;0;0;0;0;1;0;0;0;0;0;0;1;4;43;0;1;0;0;1;0;0;0;0;0;1;0;0;0;0;0;0;0;0;0;0;0;0;0
1;"Szkoła Podstawowa, Brzozie 51b, 87-313 Brzozie";40204;"gm. Brzozie";"brodnicki";"kujawsko-pomorskie";1;1;2;0;0;0;0;0;0;0;0;0;1;0;1;0;1;0;0;0;0;0;0;1;0;0;0;82;6;6;5;1;4;2;1;0;0;1;1;0;0;1;0;0;0;0;0;0;0;1;1;0;4;16;1;0;1;2;2;0;2;1;0;0;0;0;0;0;0;1;0;1;0;0;0;0;0;1;1;40;7;6;18;72;0;8;38;0;1;3;0;2;0;13;0;97;2;0;0;0;1;0;0;0;2;19;4;3;0;3;3;1;0;0;1;1;16;0;0;1;1;0;0;0;1;0;0;0;0;0;2;26;8;4;0;2;65;0;0;0;1;0;0;0;0;0;0;2;0;0;0;0;1;1;0;0;0;0;8;0;0;2;0;0;0;0;0;0;0;0;0;0;0;0;0;0;0;5;0;0;6;0;1
2;"Szkoła Podstawowa, Wielkie Leźno 1, 87-313 Brzozie";40204;"gm. Brzozie";"brodnicki";"kujawsko-pomorskie";1;1;0;0;2;1;1;0;0;1;0;0;0;0;0;2;0;1;0;0;1;0;0;0;0;0;0;57;2;0;1;0;2;1;0;0;0;0;3;1;1;0;0;0;0;0;0;0;0;0;0;0;0;8;0;1;0;0;0;0;0;0;0;0;0;0;0;0;0;0;0;0;0;0;0;0;0;0;0;27;12;11;15;62;2;2;22;2;1;0;1;0;0;6;0;38;2;0;0;0;0;0;0;0;0;14;5;1;0;2;0;0;0;0;0;0;7;1;2;0;0;1;0;0;0;0;0;0;0;1;1;6;1;2;0;0;23;0;0;0;0;1;0;0;0;1;0;0;0;0;0;0;0;0;0;0;0;1;2;0;0;0;1;0;0;0;0;0;0;0;0;0;0;0;0;0;0;0;0;0;0;0;0
3;"Szkoła Podstawowa, Jajkowo 11, 87-313 Brzozie";40204;"gm. Brzozie";"brodnicki";"kujawsko-pomorskie";1;1;0;0;0;0;0;0;0;0;0;0;0;0;0;1;1;0;0;0;1;0;0;0;0;0;0;49;8;3;0;0;0;0;0;0;0;1;2;1;0;0;0;0;1;0;1;0;0;0;0;0;4;14;0;0;0;1;0;1;1;0;0;0;0;0;0;1;0;0;0;0;0;0;0;0;0;0;0;46;10;13;14;20;1;2;13;2;5;7;0;0;1;1;2;18;0;0;1;0;0;2;1;0;0;12;2;3;1;2;0;1;1;2;0;0;3;0;0;0;0;0;0;0;0;0;0;0;1;0;0;21;4;1;0;2;58;0;1;0;2;1;0;0;0;0;0;0;0;0;1;0;1;0;0;0;0;0;10;0;1;0;0;0;0;0;0;0;0;0;0;0;0;0;0;0;0;3;0;0;0;0;0
4;"Budynek po byłym Gimnazjum, Brzozie 51c, 87-313 Brzozie";40204;"gm. Brzozie";"brodnicki";"kujawsko-pomorskie";1;1;1;0;1;0;1;0;0;0;0;1;0;0;0;0;0;0;0;0;0;0;0;0;0;0;0;45;2;4;1;0;1;0;1;0;0;0;0;0;0;1;1;0;0;0;0;0;0;0;0;0;0;8;1;0;0;0;0;0;0;0;0;0;1;0;0;0;0;0;0;1;0;0;0;0;1;0;0;18;4;8;14;61;1;2;23;0;1;0;1;0;1;5;0;37;2;0;0;0;0;0;0;0;0;4;2;2;1;2;0;1;1;0;1;1;2;0;0;1;0;0;0;0;1;0;0;0;0;0;0;5;7;2;0;2;24;0;3;0;0;0;0;0;0;0;0;0;0;0;1;0;0;0;0;0;1;0;3;0;0;0;0;0;0;0;0;0;0;0;0;0;0;0;0;0;0;0;0;0;0;0;0
5;"Świetlica Wiejska, Wielki Głęboczek 75, 87-313 Brzozie";40204;"gm. Brzozie";"brodnicki";"kujawsko-pomorskie";1;1;1;0;0;0;1;1;0;0;0;1;0;1;0;0;0;0;0;0;0;0;0;0;0;0;0;59;4;1;0;0;1;0;0;0;0;1;1;0;0;0;0;0;0;0;0;0;0;0;0;0;2;10;2;0;0;0;0;0;0;0;0;1;0;0;0;1;0;0;0;0;0;0;0;1;0;0;0;16;5;16;8;27;1;5;18;1;3;1;0;0;1;2;2;30;0;0;0;0;0;0;0;0;0;8;7;0;1;0;0;0;2;0;0;0;4;0;0;0;0;0;0;1;0;0;0;0;0;0;0;15;4;0;0;0;31;1;0;0;0;1;0;0;0;0;0;0;0;1;0;0;0;0;0;0;0;0;3;0;0;0;0;0;0;0;0;0;2;0;0;0;0;0;0;0;0;4;0;0;0;0;0
1;"Zespół Szkół, ul. Fryderyka Chopina 1, 87-320 Górzno";40205;"gm. Górzno";"brodnicki";"kujawsko-pomorskie";1;1;1;0;0;1;2;0;0;0;0;0;0;0;0;1;0;0;0;0;0;0;0;0;0;0;0;191;6;1;2;0;3;3;0;1;1;0;4;2;1;3;0;0;0;0;0;0;0;0;1;1;1;31;5;1;0;1;0;0;0;0;0;1;0;1;1;2;3;1;0;0;0;0;0;0;0;0;1;93;18;15;23;49;1;4;33;4;4;0;1;1;0;2;0;21;1;1;0;0;0;2;0;0;1;12;7;6;0;2;0;1;1;0;0;0;3;0;1;3;0;1;0;0;0;2;0;1;0;2;0;31;15;4;1;4;74;1;0;2;1;1;2;1;0;1;0;3;0;2;0;0;1;0;0;0;0;0;13;0;0;0;0;0;0;0;0;0;0;0;0;0;0;0;0;0;0;2;0;0;0;0;13
2;"Gminny Ośrodek Kultury, ul. Rynek 14a, 87-320 Górzno";40205;"gm. Górzno";"brodnicki";"kujawsko-pomorskie";1;1;2;0;0;0;1;0;0;0;0;0;0;0;0;0;0;0;0;0;0;0;0;0;0;0;0;35;0;0;0;0;0;0;1;0;0;0;0;0;0;0;0;0;0;0;0;0;0;0;1;0;0;5;2;0;0;0;0;0;0;0;0;0;0;0;0;1;0;0;0;0;0;0;0;0;0;0;0;37;9;13;13;34;2;2;12;1;0;0;1;0;0;1;0;3;1;0;0;0;0;1;0;0;0;7;0;0;0;0;0;0;0;0;0;0;0;0;1;1;1;0;0;0;0;0;0;0;0;0;1;16;9;0;0;3;17;2;0;1;1;0;0;0;1;0;0;0;0;0;0;0;0;0;0;0;1;3;4;0;0;0;0;0;0;0;0;0;0;0;0;0;0;0;0;0;0;0;0;0;0;0;0
3;"Niepubliczna Szkoła, Gołkowo 26, 87-320 Górzno";40205;"gm. Górzno";"brodnicki";"kujawsko-pomorskie";1;1;1;0;0;0;1;0;0;0;1;0;0;0;0;0;0;0;0;0;0;0;0;0;0;0;0;72;0;0;0;0;0;0;0;0;0;0;0;0;0;0;0;0;0;0;0;0;0;0;0;0;0;7;1;0;0;0;0;0;0;0;0;0;0;0;0;0;0;0;0;0;0;0;0;0;0;0;0;41;3;11;7;50;1;1;24;1;5;0;0;0;0;7;0;1;3;0;0;0;0;0;0;0;1;7;3;0;1;1;0;1;1;0;0;0;1;0;1;0;1;1;0;0;0;0;0;0;0;0;0;8;0;0;0;0;15;0;0;0;2;0;0;0;0;0;0;0;0;0;0;0;0;0;0;0;0;0;4;0;0;0;0;1;0;0;0;0;0;1;0;0;0;0;0;0;0;0;0;0;0;0;2
4;"Niepubliczna Szkoła Podstawowa, Miesiączkowo 25, 87-320 Górzno";40205;"gm. Górzno";"brodnicki";"kujawsko-pomorskie";1;1;1;0;0;0;0;1;0;0;0;0;0;0;0;0;0;0;0;0;0;0;0;0;0;0;0;54;0;0;1;0;1;0;0;1;0;0;0;0;0;1;0;0;0;1;0;0;0;0;0;0;0;8;0;0;0;1;1;0;0;0;1;1;0;0;0;0;0;0;0;0;0;0;0;0;0;0;1;20;2;4;5;40;1;4;14;0;3;0;0;1;0;11;0;5;1;0;0;0;1;0;0;0;0;2;0;1;0;1;0;0;0;0;0;0;0;0;0;0;0;0;0;0;0;0;0;0;0;0;0;18;2;3;0;0;20;0;0;1;1;0;0;0;0;0;0;0;0;0;0;0;0;0;0;0;0;0;4;0;0;0;1;0;0;0;0;0;2;0;0;0;0;0;0;0;0;3;0;0;0;0;0
5;"Zespół Szkół, ul. Fryderyka Chopina 1, 87-320 Górzno";40205;"gm. Górzno";"brodnicki";"kujawsko-pomorskie";1;1;3;0;0;0;0;0;0;0;0;0;0;0;0;0;0;0;0;0;0;0;0;0;0;0;0;43;1;0;0;0;1;0;0;0;0;0;1;0;0;0;0;0;0;0;0;0;0;0;0;0;1;6;0;0;2;0;0;0;0;0;0;0;0;0;0;0;0;0;0;0;0;0;0;0;0;0;0;18;1;9;5;42;0;2;8;2;3;0;0;0;0;2;0;5;0;0;0;0;0;0;0;0;0;6;3;2;1;1;0;0;2;1;0;0;1;0;0;0;0;0;0;0;1;0;0;0;0;0;0;2;1;0;0;0;18;0;0;1;0;0;0;0;0;0;0;0;0;0;0;0;0;0;0;0;0;0;1;0;0;1;0;0;0;0;0;1;0;0;0;0;0;0;0;0;0;0;0;0;0;0;6
6;"Świetlica wiejska, Zaborowo 11, 87-320 Górzno";40205;"gm. Górzno";"brodnicki";"kujawsko-pomorskie";1;1;0;0;0;1;0;0;2;0;0;0;0;0;0;0;0;0;0;0;0;0;0;0;0;0;0;37;3;1;0;0;0;3;1;0;2;0;0;0;0;0;0;0;0;0;0;0;0;1;0;0;0;5;0;1;1;1;0;0;1;0;1;0;0;0;0;0;0;0;0;0;0;0;0;0;0;0;0;19;13;6;4;22;0;1;21;0;3;0;2;0;0;6;0;2;1;0;1;0;0;0;0;0;0;10;1;2;1;1;1;0;1;0;0;0;0;0;1;2;0;0;0;0;1;0;0;0;0;0;0;8;1;1;0;0;12;0;0;0;0;1;0;1;0;0;0;0;0;0;0;0;0;0;0;0;0;0;3;0;0;0;0;0;0;0;0;0;0;0;0;0;0;0;0;0;0;0;0;0;0;0;3
1;"Szkoła Podstawowa, Radoszki 64A, 87-321 Bartniczka";40206;"gm. Bartniczka";"brodnicki";"kujawsko-pomorskie";1;1;2;1;0;0;1;0;1;0;1;0;2;0;1;0;0;0;0;0;0;0;0;0;0;0;0;74;4;2;1;0;2;0;2;0;0;0;1;1;0;1;0;0;0;0;1;0;0;1;0;1;0;15;0;1;0;2;4;0;1;0;0;0;2;1;3;0;1;1;0;0;0;0;0;0;1;0;0;38;10;16;19;26;1;5;103;3;2;2;2;0;0;58;0;12;3;0;0;1;1;0;0;0;0;13;6;0;1;1;1;0;0;0;0;0;1;1;0;1;2;0;0;1;1;0;0;0;0;0;0;19;1;1;1;4;37;1;0;0;1;0;0;1;0;0;0;0;1;1;0;0;0;0;0;0;0;2;8;0;0;0;1;0;0;0;1;1;0;0;0;0;0;0;0;0;0;2;0;0;0;0;0
2;"Świetlica Wiejska, ul. Długa 16A, 87-321 Bartniczka";40206;"gm. Bartniczka";"brodnicki";"kujawsko-pomorskie";1;1;1;0;0;0;0;0;0;0;0;1;0;0;0;0;0;0;0;0;0;0;0;0;0;0;0;61;3;0;1;1;1;1;0;0;0;0;1;0;0;0;0;0;0;0;0;0;0;0;0;0;0;24;1;0;1;1;0;0;0;0;0;0;0;0;0;1;1;0;1;0;0;0;0;0;1;0;0;24;4;14;8;9;0;2;32;0;0;1;0;0;0;82;0;6;2;0;0;0;0;0;0;0;2;5;6;2;0;1;2;0;0;0;0;0;3;1;1;2;0;0;2;0;0;0;0;0;0;0;0;17;1;2;2;1;30;1;0;0;0;0;0;0;0;0;0;1;0;0;0;0;0;0;0;0;1;2;2;0;0;0;0;0;1;0;0;0;0;0;0;0;0;0;0;0;0;5;0;0;0;0;0
3;"Przedszkole Publiczne, Łaszewo 49, 87-321 Bartniczka";40206;"gm. Bartniczka";"brodnicki";"kujawsko-pomorskie";1;1;3;1;0;0;1;0;0;0;0;0;0;0;0;0;0;0;0;0;0;0;0;0;0;0;0;70;2;1;1;1;1;2;0;1;2;0;1;0;0;0;0;0;0;0;0;0;0;0;0;0;1;11;2;2;0;0;1;0;0;0;0;0;0;0;0;0;1;0;0;0;0;1;0;0;1;0;1;43;5;9;21;26;1;3;26;3;3;4;3;1;0;45;0;0;0;0;2;0;0;0;0;0;0;12;3;2;2;0;1;1;0;1;1;0;4;0;1;0;0;1;1;0;0;0;1;0;0;0;0;11;1;1;0;0;39;1;1;0;0;0;0;0;0;0;0;0;0;0;0;0;0;0;0;0;0;0;12;0;0;0;0;0;0;0;0;0;0;0;0;0;0;0;0;0;0;0;0;0;0;0;0
4;"Szkoła Podstawowa, Jastrzębie 14, 87-322 Jastrzębie";40206;"gm. Bartniczka";"brodnicki";"kujawsko-pomorskie";1;1;0;0;0;0;0;0;0;1;0;1;0;0;0;0;0;0;0;0;0;0;0;0;0;0;0;84;3;0;0;0;0;0;0;0;0;0;0;0;0;0;1;0;0;0;0;0;0;1;1;0;0;1;0;0;0;0;0;0;0;0;0;0;2;0;0;0;1;0;0;0;0;0;0;0;0;0;0;50;6;12;9;20;1;0;22;3;4;0;2;0;0;3;0;2;0;0;0;0;0;0;0;0;0;6;3;0;1;1;2;2;1;0;0;0;1;0;0;0;1;0;0;0;1;0;0;0;0;2;2;3;1;3;0;1;14;0;0;0;1;0;0;0;0;0;0;0;0;0;0;0;0;0;0;0;0;1;16;0;0;0;0;0;1;0;0;0;0;0;0;0;0;0;0;0;0;0;0;0;0;0;1
5;"Dzienny Dom Pobytu Wigor, Grążawy 29, 87-321 Bartniczka";40206;"gm. Bartniczka";"brodnicki";"kujawsko-pomorskie";1;1;0;0;0;0;0;0;1;0;0;0;0;0;0;0;0;0;0;0;0;0;0;1;0;0;0;61;0;0;0;0;2;0;0;0;0;1;0;0;0;0;0;0;0;0;0;0;1;0;0;0;0;6;2;0;0;0;0;0;0;0;1;0;0;2;0;0;0;0;0;0;0;0;1;0;0;0;0;24;4;4;25;20;0;5;19;2;1;3;0;0;0;28;1;2;0;0;0;1;0;2;0;0;1;7;3;3;2;1;2;1;2;0;0;0;1;0;0;1;0;1;0;1;0;0;0;0;0;0;0;9;2;1;0;2;12;1;0;0;0;0;0;0;0;0;0;0;0;0;0;0;0;0;0;0;0;0;2;0;0;0;0;0;0;0;0;0;0;0;0;0;0;0;0;0;0;2;0;0;0;0;0
6;"Szkoła Podstawowa w Jastrzębiu Filia Nowe Świerczyny, Nowe Świerczyny 4, 87-322 Jastrzębie";40206;"gm. Bartniczka";"brodnicki";"kujawsko-pomorskie";1;1;0;0;0;1;0;0;0;0;0;0;0;1;0;0;0;0;0;1;0;0;0;0;0;0;0;47;1;1;1;1;1;0;0;0;0;0;0;0;0;3;2;0;0;0;0;0;0;0;0;0;0;8;1;0;0;2;0;0;0;0;0;0;0;0;0;0;0;1;0;0;0;0;0;0;0;0;0;27;2;7;5;9;1;2;17;5;0;0;1;3;0;4;0;1;0;0;0;1;0;0;0;0;0;5;0;0;1;1;1;2;0;0;0;0;1;0;1;0;1;1;0;0;2;0;0;0;0;0;1;8;2;0;0;0;27;0;0;0;0;0;0;0;0;0;0;0;0;0;0;0;0;0;0;0;0;0;3;0;0;0;0;0;0;0;0;0;0;0;0;0;0;0;0;0;0;0;0;0;0;0;2
7;"Świetlica Wiejska, Komorowo 31A, 87-322 Jastrzębie";40206;"gm. Bartniczka";"brodnicki";"kujawsko-pomorskie";1;1;0;0;1;0;0;0;1;0;0;0;0;0;0;0;0;0;0;0;0;0;0;0;0;0;0;52;0;0;0;0;0;0;0;0;1;0;0;0;0;0;0;1;0;0;0;0;0;0;0;0;0;7;0;0;1;2;0;0;0;0;0;0;0;0;0;0;0;0;0;0;0;0;0;0;0;0;0;39;3;6;5;4;1;0;4;5;1;2;0;1;1;2;0;0;1;0;0;0;0;0;0;0;0;2;1;1;0;1;0;2;0;0;0;0;0;0;0;0;0;0;0;0;0;0;0;0;0;0;0;4;0;0;1;0;6;1;0;0;0;0;0;0;0;0;0;0;0;0;0;0;0;0;0;0;0;0;1;0;0;0;0;0;0;0;0;0;0;0;0;0;0;0;0;0;0;0;0;0;0;0;0
1;"Centrum Kultury i Sportu, ul. Rynek 9, 87-330 Jabłonowo Pomorskie";40207;"gm. Jabłonowo Pomorskie";"brodnicki";"kujawsko-pomorskie";1;1;2;1;1;3;0;0;1;1;0;1;0;0;0;0;0;0;1;1;0;0;0;0;0;0;1;133;7;26;2;1;4;2;1;1;1;1;1;2;2;1;1;0;0;1;0;1;1;0;1;0;0;27;5;2;1;3;0;1;0;0;1;0;3;0;0;0;1;1;2;0;1;0;0;0;2;1;2;70;13;36;51;61;2;5;38;2;13;3;15;3;0;2;1;2;2;1;2;0;0;2;0;1;1;27;6;9;6;1;3;0;1;4;0;1;1;1;0;0;2;0;0;0;0;1;0;0;0;0;10;52;16;14;2;6;73;4;1;0;1;0;0;1;2;0;0;0;1;0;0;0;0;0;0;0;0;0;27;0;0;1;0;0;0;0;0;0;3;0;0;0;0;1;0;0;0;5;0;0;0;0;0
2;"Szkoła Podstawowa (świetlica), ul. Słoneczna 2, 87-330 Jabłonowo Pomorskie";40207;"gm. Jabłonowo Pomorskie";"brodnicki";"kujawsko-pomorskie";1;1;2;1;0;6;1;0;2;0;0;1;0;0;0;0;1;0;0;1;0;0;0;0;0;0;1;150;6;29;3;1;1;2;0;0;0;1;2;0;12;0;0;0;1;1;1;0;0;1;2;0;4;38;2;2;1;2;2;3;2;1;1;1;2;0;1;0;1;0;2;0;0;0;0;0;0;0;0;56;16;49;52;66;0;6;20;2;9;5;13;3;1;0;0;1;2;2;1;1;0;2;0;1;0;26;7;10;6;3;2;2;1;0;0;0;1;2;0;0;0;1;0;0;0;0;0;0;0;0;9;69;14;28;2;2;73;0;1;4;2;2;1;0;0;0;1;0;0;1;1;0;0;0;0;0;1;3;15;0;2;0;0;1;0;0;0;1;1;0;1;0;0;0;0;0;0;1;0;0;0;0;0
3;"Szkoła Podstawowa (sala nr 7), ul. Słoneczna 2, 87-330 Jabłonowo Pomorskie";40207;"gm. Jabłonowo Pomorskie";"brodnicki";"kujawsko-pomorskie";1;1;0;1;0;0;0;0;0;0;0;0;1;0;0;0;0;0;0;0;0;0;0;0;0;0;0;90;2;10;1;0;0;0;2;0;1;2;0;0;8;1;2;0;0;1;0;0;0;0;3;0;1;26;4;0;0;0;1;0;3;0;1;0;0;0;0;0;4;0;1;0;0;0;0;0;1;0;1;51;7;20;44;58;2;3;11;0;4;11;12;1;0;0;1;0;3;1;1;0;0;0;0;0;0;19;3;2;2;5;1;0;1;1;0;0;3;0;2;0;0;0;0;0;1;0;2;1;0;0;10;22;8;8;1;0;44;0;0;1;1;1;1;0;0;0;0;1;0;1;0;1;0;0;0;1;0;0;13;1;0;0;0;0;0;0;0;0;1;0;0;0;0;0;0;0;0;0;0;0;0;0;0
4;"Szkoła Podstawowa, Płowęż 16, 87-330 Jabłonowo Pomorskie";40207;"gm. Jabłonowo Pomorskie";"brodnicki";"kujawsko-pomorskie";1;1;2;1;0;1;0;0;0;0;0;0;0;0;0;0;0;0;0;0;0;0;0;0;0;0;0;61;0;5;1;0;1;2;0;0;0;0;0;0;0;2;0;0;1;0;0;0;0;0;0;0;0;11;1;0;0;0;3;0;0;0;0;0;0;0;0;0;0;1;1;0;0;0;0;0;1;1;0;29;7;17;23;24;1;1;7;1;2;13;6;2;0;2;0;0;1;0;0;0;0;0;0;0;0;13;1;1;1;0;1;0;0;0;3;0;0;0;0;0;0;0;0;0;0;0;0;0;0;0;3;9;1;7;0;0;10;2;0;0;0;0;0;1;0;0;0;0;0;0;0;0;0;0;0;0;0;1;4;0;0;0;0;0;0;0;0;0;0;0;1;0;0;0;0;0;0;1;0;0;0;0;0
5;"Sklep Spożywczo-Przemysłowy (świetlica), Mileszewy 18, 87-330 Jabłonowo Pomorskie";40207;"gm. Jabłonowo Pomorskie";"brodnicki";"kujawsko-pomorskie";1;1;2;0;0;0;0;0;0;0;0;0;1;0;0;0;0;0;0;0;0;0;0;0;0;0;0;38;1;1;3;0;1;0;0;0;0;0;0;0;0;0;0;0;0;0;0;0;0;0;0;0;0;8;2;0;0;0;0;0;1;0;0;0;1;0;0;0;0;0;0;0;0;0;0;0;0;0;0;11;1;4;22;2;0;1;6;0;3;1;2;1;0;0;0;0;0;0;0;0;0;0;0;0;0;5;0;1;1;1;0;0;0;1;1;0;0;0;1;0;2;0;0;0;0;0;0;0;0;0;0;3;0;0;0;3;14;1;0;0;0;0;0;1;1;0;0;0;0;0;0;0;0;0;0;0;0;0;9;0;0;0;0;0;0;0;0;0;0;0;0;0;0;0;0;0;0;0;0;0;0;0;0
6;"Szkoła Podstawowa, Górale 11, 87-330 Jabłonowo Pomorskie";40207;"gm. Jabłonowo Pomorskie";"brodnicki";"kujawsko-pomorskie";1;1;0;0;0;1;0;0;0;0;1;1;0;1;1;0;0;0;0;0;0;0;0;0;0;0;0;30;4;2;0;0;0;1;0;0;0;1;1;0;0;0;0;0;0;1;0;0;0;0;0;0;0;7;0;1;0;0;0;0;1;0;0;1;1;0;0;0;0;0;0;0;0;0;0;0;2;0;0;21;5;3;26;35;1;1;10;0;2;2;5;0;0;0;0;1;0;0;0;0;0;0;0;3;1;6;0;1;2;0;1;0;0;1;0;0;2;0;0;0;0;1;0;0;1;0;0;0;0;1;2;10;0;2;1;6;2;2;0;0;1;1;0;0;1;0;1;0;0;0;0;0;0;0;0;0;1;0;4;0;0;0;0;0;0;0;0;0;0;1;0;0;0;0;0;0;0;0;0;0;0;0;0
7;"Świetlica wiejska, Jabłonowo-Zamek 11, 87-330 Jabłonowo Pomorskie";40207;"gm. Jabłonowo Pomorskie";"brodnicki";"kujawsko-pomorskie";1;1;1;2;0;0;0;0;0;0;0;0;0;0;0;0;0;0;0;0;0;0;0;0;0;0;0;32;1;8;0;0;4;0;0;0;1;1;0;0;0;1;0;1;1;0;0;0;0;0;1;0;0;1;1;0;0;1;0;0;0;0;0;0;0;0;0;0;0;0;1;0;0;0;0;0;0;1;1;24;5;12;10;76;1;2;7;0;2;0;6;1;0;0;0;0;0;0;0;0;0;0;0;0;2;4;0;0;2;0;1;1;0;1;1;0;0;0;0;0;1;0;0;1;1;0;0;0;0;0;6;8;1;1;0;0;3;0;0;0;0;0;0;0;0;0;0;0;0;1;0;0;0;0;0;2;1;3;5;0;0;2;0;0;2;0;0;0;1;1;0;0;0;0;0;0;0;0;0;0;0;0;0
8;"Świetlica wiejska, Lembarg 18a, 87-330 Jabłonowo Pomorskie";40207;"gm. Jabłonowo Pomorskie";"brodnicki";"kujawsko-pomorskie";1;1;3;2;0;0;0;0;0;0;1;1;0;0;0;0;0;0;0;0;0;1;0;0;0;0;0;37;3;2;1;0;2;2;0;1;0;0;0;0;0;0;0;0;0;0;0;0;0;1;0;0;0;3;1;0;0;1;0;0;0;0;1;2;0;1;0;1;1;0;0;0;0;0;0;0;0;0;1;23;3;5;23;58;0;3;9;0;9;1;8;2;1;1;0;1;2;0;0;0;0;0;1;0;0;9;0;0;0;0;2;1;0;0;0;0;2;1;1;0;0;0;0;0;1;0;0;0;0;1;2;15;2;1;0;0;13;0;0;0;0;0;0;0;0;0;0;0;0;0;0;0;1;0;0;0;1;2;5;0;0;0;0;0;0;1;0;0;1;0;0;0;0;1;0;0;0;0;0;0;0;0;0
9;"Świetlica wiejska, Konojady 7, 87-330 Jabłonowo Pomorskie";40207;"gm. Jabłonowo Pomorskie";"brodnicki";"kujawsko-pomorskie";1;1;0;0;0;0;0;0;0;0;1;0;0;0;0;0;0;0;0;0;0;1;0;0;0;0;0;64;2;2;0;1;0;0;0;0;0;0;0;0;0;0;0;0;1;0;0;0;0;0;0;0;1;4;1;0;0;2;0;0;0;0;1;0;1;1;0;0;1;0;0;0;0;0;0;0;0;0;1;8;9;14;34;18;0;0;29;1;3;0;0;0;0;0;0;0;3;0;0;0;0;0;0;0;1;15;1;0;2;1;0;0;0;1;1;0;1;0;0;0;1;0;1;0;2;0;0;0;0;0;1;7;1;3;0;1;31;0;0;0;4;1;1;0;0;0;0;1;0;0;0;0;0;0;0;0;0;0;9;0;0;1;0;0;0;0;1;0;0;0;0;0;0;0;0;0;0;0;0;0;0;0;0
10;"Świetlica wiejska, Buk Góralski 84a, 87-330 Jabłonowo Pomorskie";40207;"gm. Jabłonowo Pomorskie";"brodnicki";"kujawsko-pomorskie";1;1;0;0;0;1;0;0;0;0;0;0;0;0;0;0;0;0;0;0;0;0;0;0;0;0;0;24;3;4;0;0;0;0;0;0;0;0;1;0;0;0;1;0;2;0;1;0;0;0;0;0;0;0;0;0;0;0;0;0;0;0;0;0;0;1;0;0;1;0;0;0;0;0;0;0;0;0;0;17;3;9;13;35;1;1;8;2;2;2;4;1;2;1;0;0;0;0;0;0;0;0;0;0;1;14;1;0;0;0;0;0;1;1;0;0;0;2;0;0;0;0;0;0;1;0;0;0;1;0;4;5;3;0;0;1;9;1;0;0;0;0;0;0;0;0;0;2;0;0;0;0;0;0;0;0;0;0;6;0;0;0;0;0;0;0;0;0;0;0;2;0;0;0;0;0;0;0;0;0;0;0;0
1;"Szkoła Podstawowa, Strzygi 46, 87-340 Osiek";40208;"gm. Osiek";"brodnicki";"kujawsko-pomorskie";1;1;1;1;0;0;1;0;2;0;0;0;0;0;0;0;0;0;0;1;0;0;0;0;0;0;0;102;6;1;0;0;0;1;3;2;0;0;1;1;0;0;0;0;0;0;0;0;0;0;1;0;1;13;4;0;0;0;0;0;0;0;0;1;0;0;0;0;0;2;0;0;0;0;0;1;1;0;1;29;30;20;23;63;4;4;81;0;2;3;1;1;1;1;1;1;0;0;0;0;0;0;0;0;2;14;4;2;1;0;2;0;0;1;0;0;0;0;0;0;0;0;0;0;0;0;0;0;0;0;3;26;8;0;1;0;24;2;0;0;0;0;0;1;0;1;0;2;0;0;2;0;0;0;0;0;0;0;3;0;0;0;0;0;0;0;0;0;0;0;1;0;1;0;0;0;0;5;0;0;0;0;0
2;"Szkoła Podstawowa, Osiek 80, 87-340 Osiek";40208;"gm. Osiek";"brodnicki";"kujawsko-pomorskie";1;1;2;0;0;0;1;1;0;2;1;0;0;0;0;0;1;0;0;0;1;0;0;0;0;0;1;139;2;2;2;0;0;1;0;1;1;0;0;0;0;1;0;0;1;0;0;1;0;0;0;0;0;20;3;0;0;2;0;1;0;0;1;0;0;0;0;0;2;1;1;0;0;0;0;0;0;0;1;41;40;35;34;69;1;1;64;0;4;0;4;2;0;1;0;0;3;0;0;2;2;0;0;2;2;27;7;0;2;0;1;1;1;0;2;0;2;0;1;2;0;0;1;0;2;0;0;0;0;0;1;30;9;3;2;1;69;2;0;0;0;0;0;0;0;0;0;2;0;0;0;0;0;0;0;0;1;1;12;0;0;0;0;0;0;0;0;0;0;0;0;0;0;0;0;0;0;0;0;0;0;0;1
3;"Szkoła Podstawowa, Osiek 80, 87-340 Osiek";40208;"gm. Osiek";"brodnicki";"kujawsko-pomorskie";1;1;2;1;1;0;0;1;1;1;0;0;2;1;0;0;0;0;0;0;0;0;0;0;0;0;0;110;13;2;3;1;0;0;0;2;0;0;0;1;0;1;0;0;1;0;0;1;0;0;0;0;1;21;4;1;0;1;1;0;0;0;2;1;0;0;0;0;1;0;0;0;2;0;0;0;1;0;0;38;32;13;21;59;0;5;60;1;3;4;2;1;1;8;0;3;1;0;0;0;0;0;0;0;1;11;5;4;1;1;4;1;2;2;1;0;1;1;0;1;1;1;0;0;0;0;0;0;1;0;4;28;2;2;0;1;47;1;0;0;0;1;0;0;0;0;0;7;0;2;2;0;0;0;0;0;1;1;11;0;1;0;0;0;0;0;0;0;0;0;0;0;0;0;0;0;0;0;0;0;0;0;0
1;"Szkoła Podstawowa (sala gimnastyczna), Świedziebnia 51, 87-335 Świedziebnia";40209;"gm. Świedziebnia";"brodnicki";"kujawsko-pomorskie";1;1;2;0;1;0;1;0;0;0;1;0;0;0;0;0;0;0;0;0;0;0;0;0;0;0;0;301;0;0;0;1;1;0;0;0;0;0;0;0;0;0;0;0;0;0;0;0;0;0;0;0;0;31;3;0;0;3;0;0;0;0;0;0;1;0;2;0;0;0;0;0;0;0;0;1;0;0;0;63;27;36;23;46;0;2;35;1;0;2;0;1;0;0;0;3;0;0;0;0;0;0;0;0;0;12;4;5;1;1;2;1;2;2;0;0;0;1;3;1;0;0;0;0;0;0;0;0;0;0;1;25;6;1;1;22;0;0;0;0;1;1;1;1;0;0;0;1;0;0;0;0;1;0;0;1;0;5;4;0;0;0;0;0;0;0;0;0;0;0;0;1;0;0;0;0;0;0;0;0;0;0;0
2;"Szkoła Podstawowa (świetlica przy oddziałach przedszkolnych), Świedziebnia 51, 87-335 Świedziebnia";40209;"gm. Świedziebnia";"brodnicki";"kujawsko-pomorskie";1;1;0;0;0;0;0;0;0;0;0;0;0;0;0;0;0;0;0;0;0;0;0;0;0;0;1;208;1;2;0;0;0;0;0;0;2;0;0;0;0;0;0;0;1;0;0;0;0;0;0;0;0;9;2;1;0;3;0;0;0;0;0;1;5;0;0;0;0;1;0;0;0;0;0;0;2;0;2;71;23;29;18;81;2;2;49;0;4;0;0;3;0;3;0;7;0;0;1;0;0;0;0;0;0;11;3;3;2;4;0;0;1;2;0;0;1;0;1;1;1;1;0;0;3;0;0;0;0;0;4;16;13;1;2;0;34;1;0;1;1;1;1;0;0;0;0;1;1;0;0;0;0;0;0;0;0;0;1;0;0;0;0;1;0;0;0;0;0;1;0;0;0;1;0;0;0;0;0;0;0;0;0
3;"Szkoła Podstawowa w Świedziebni Szkoła Filialna, Michałki 56, 87-335 Świedziebnia";40209;"gm. Świedziebnia";"brodnicki";"kujawsko-pomorskie";1;1;0;0;0;0;0;0;2;0;0;0;0;1;0;0;0;0;0;0;0;0;0;0;0;0;0;47;0;0;0;1;0;0;0;0;0;0;1;0;0;0;0;0;0;0;0;0;0;0;0;0;0;4;0;0;0;0;0;0;0;0;0;0;1;0;0;1;0;0;2;0;0;0;1;0;0;0;1;17;10;10;3;6;0;3;9;1;2;1;0;2;0;2;1;1;1;0;0;0;0;0;0;0;0;5;1;0;1;2;0;0;1;1;0;0;0;0;0;0;0;0;0;0;0;0;0;0;0;1;0;6;2;1;1;0;6;0;0;0;0;0;0;0;0;0;0;4;0;0;0;0;0;0;0;0;0;0;0;0;1;0;0;0;0;0;0;0;0;0;0;0;0;0;0;0;0;0;0;0;0;0;0
4;"Szkoła Podstawowa, Janowo 145A, 87-335 Świedziebnia";40209;"gm. Świedziebnia";"brodnicki";"kujawsko-pomorskie";1;1;1;0;0;0;0;0;0;0;0;1;0;0;0;0;0;0;0;0;0;0;0;0;0;0;0;111;0;1;0;0;0;0;0;0;0;0;0;0;0;0;0;0;0;0;0;0;0;0;1;0;1;3;2;0;1;1;0;0;0;0;0;1;0;0;2;0;1;0;0;0;0;0;0;0;0;1;1;63;14;13;19;45;2;1;27;0;1;1;0;0;0;3;0;3;1;0;0;0;0;1;0;0;0;10;7;2;0;0;0;2;0;0;0;0;1;1;0;0;0;0;0;0;0;0;0;0;0;0;1;15;0;1;1;0;10;0;0;0;0;0;0;0;0;0;0;0;0;0;1;0;0;1;0;0;0;0;3;0;0;0;0;0;0;0;0;0;0;0;0;1;0;0;0;0;0;0;0;0;0;0;0
5;"Szkoła Podstawowa w Świedziebni Szkoła Filialna, Zasady Nowe 62, 87-335 Świedziebnia";40209;"gm. Świedziebnia";"brodnicki";"kujawsko-pomorskie";1;1;0;0;0;0;1;0;0;0;0;0;0;0;0;0;0;0;0;0;1;0;0;0;0;0;0;122;2;1;0;0;0;1;0;2;0;0;0;0;0;0;0;0;0;0;0;0;0;0;1;0;0;7;1;0;1;0;0;0;0;0;0;0;1;1;1;0;0;0;0;0;0;0;0;0;0;0;0;32;11;14;6;34;1;0;7;0;0;0;0;2;0;2;0;0;0;0;0;1;0;0;0;0;0;6;0;0;0;0;0;1;0;0;0;0;0;0;0;0;0;0;0;0;0;0;0;0;0;1;0;3;1;0;0;1;5;0;0;0;0;0;0;0;0;1;0;0;0;0;0;0;0;0;0;0;0;2;1;1;0;0;0;0;0;0;0;0;0;0;0;0;0;0;0;0;0;4;0;0;0;0;1
6;"Świetlica wiejska, Kłuśno 61B, 87-335 Świedziebnia";40209;"gm. Świedziebnia";"brodnicki";"kujawsko-pomorskie";1;1;1;0;0;0;0;0;0;0;0;0;1;0;0;0;0;0;0;0;0;0;0;0;0;0;0;25;0;0;0;0;0;0;0;1;0;0;0;0;1;0;0;0;0;0;0;0;0;0;1;1;0;2;0;0;0;0;0;0;0;0;0;0;0;0;0;0;0;1;0;0;0;0;0;0;0;0;0;8;0;2;4;10;0;5;20;0;0;0;1;2;0;0;1;2;0;0;0;0;0;0;0;0;0;2;1;0;0;1;0;0;0;0;0;1;0;0;0;0;0;0;0;0;0;0;0;0;0;0;0;0;0;0;0;0;6;0;0;0;0;0;0;0;0;0;0;0;0;0;0;0;0;0;0;1;3;0;2;0;0;0;0;0;0;0;0;0;0;0;0;0;0;0;0;0;0;0;0;0;0;0;0
7;"Świetlica wiejska, Okalewko 13, 87-335 Świedziebnia";40209;"gm. Świedziebnia";"brodnicki";"kujawsko-pomorskie";1;1;0;0;0;0;1;0;0;0;0;0;0;0;0;1;0;0;0;0;0;0;0;0;0;0;0;44;0;0;0;0;0;0;0;0;0;0;0;0;0;0;0;0;0;0;0;0;0;0;0;0;0;1;1;0;0;0;0;0;0;0;1;1;1;0;0;0;0;0;0;0;0;0;0;1;0;0;0;20;7;12;2;13;0;1;5;0;1;1;1;0;0;0;0;0;0;0;0;0;0;0;0;0;0;6;0;2;0;0;3;0;0;1;0;0;1;0;0;0;0;0;1;0;2;0;0;0;0;0;0;10;0;1;0;1;9;0;0;0;0;0;0;0;0;1;0;1;0;0;0;0;0;0;0;0;0;0;1;0;0;0;0;0;0;0;0;0;0;0;0;0;0;0;0;0;0;0;0;0;0;0;0
1;"Świetlica GOKSiR, ul. Szosa Brodnicka 50, 87-305 Zbiczno";40210;"gm. Zbiczno";"brodnicki";"kujawsko-pomorskie";1;1;0;0;0;0;0;1;0;0;0;0;0;0;0;0;0;0;0;0;0;0;0;0;0;0;0;155;4;2;0;0;6;0;0;1;0;0;1;0;0;1;1;0;0;0;0;0;0;0;2;0;1;34;1;0;2;1;2;1;1;0;1;2;0;2;0;2;0;0;2;1;0;0;0;0;1;0;1;75;25;27;44;56;1;1;23;1;4;3;0;1;0;1;1;5;1;0;0;1;0;1;0;0;0;17;3;2;1;1;0;1;0;4;3;0;3;0;0;0;2;0;0;0;0;0;0;0;0;0;2;60;14;5;0;6;75;1;0;1;0;0;1;1;0;0;1;0;1;1;1;0;0;0;0;0;1;0;21;1;0;0;0;0;1;0;0;0;0;2;1;0;0;0;0;0;0;0;0;0;0;0;0
2;"Świetlica GOKSiR, Pokrzydowo 32, 87-305 Zbiczno";40210;"gm. Zbiczno";"brodnicki";"kujawsko-pomorskie";1;1;4;1;2;3;0;1;0;0;1;2;1;0;1;1;1;1;0;0;0;0;0;1;0;0;0;224;3;5;2;0;3;2;0;0;0;1;2;0;0;1;0;0;1;0;0;0;1;2;3;0;1;30;4;2;1;1;1;1;1;0;1;1;2;0;0;3;2;0;1;1;0;0;0;0;0;0;1;84;15;35;22;43;3;8;45;3;7;8;4;2;0;13;0;6;4;0;0;0;0;0;1;0;0;24;6;2;3;1;2;1;2;2;1;0;3;3;1;0;0;0;1;1;0;1;0;0;0;0;1;68;14;10;1;1;116;0;4;0;2;0;0;0;0;1;1;0;0;1;1;0;1;0;0;0;0;0;15;0;1;0;0;0;0;0;0;0;1;0;0;0;0;0;0;0;0;0;0;0;0;0;1
3;"Świetlica GOKSiR, Sumowo 24, 87-305 Zbiczno";40210;"gm. Zbiczno";"brodnicki";"kujawsko-pomorskie";1;1;0;0;1;0;0;0;0;0;0;0;0;0;0;0;0;0;0;0;0;0;0;0;0;0;0;52;3;0;0;0;1;0;2;1;0;0;1;1;0;0;1;0;0;0;0;0;0;0;0;0;1;10;1;0;0;0;0;0;0;0;1;0;1;0;0;0;0;0;0;0;1;0;0;0;0;0;0;15;9;10;17;33;1;2;8;0;3;0;1;0;0;0;1;0;1;0;0;0;0;1;0;0;0;7;2;3;1;3;2;0;1;4;0;0;1;0;0;0;0;0;0;0;0;0;0;0;0;0;2;16;10;2;0;0;20;0;0;1;0;0;1;0;0;0;0;0;0;2;0;0;0;0;0;0;0;1;12;0;0;0;0;0;0;0;0;0;0;0;0;0;0;0;0;0;0;0;0;0;0;0;0
4;"Świetlica GOKSiR, Ciche 26, 87-305 Zbiczno";40210;"gm. Zbiczno";"brodnicki";"kujawsko-pomorskie";1;1;2;0;1;0;0;1;0;0;0;1;0;0;0;1;0;0;0;1;0;0;0;0;0;0;1;52;6;1;0;0;1;0;0;0;1;0;0;0;0;0;0;1;0;1;0;1;0;0;1;0;0;23;1;0;0;1;0;0;0;0;1;0;0;0;1;0;0;0;0;0;0;0;0;0;0;0;0;29;5;12;15;38;1;3;16;3;6;0;1;2;0;1;0;1;0;0;0;0;0;1;0;0;1;9;0;3;2;1;1;1;0;1;1;0;1;0;0;2;1;0;0;0;0;0;0;0;0;0;0;29;6;1;1;0;29;0;1;0;0;0;0;0;0;0;0;0;1;0;0;0;1;0;0;0;0;0;5;0;1;0;0;0;0;1;0;0;0;0;1;0;0;0;0;0;0;0;0;1;0;0;0
5;"Świetlica GOKSiR, Brzezinki 17, 87-305 Zbiczno";40210;"gm. Zbiczno";"brodnicki";"kujawsko-pomorskie";1;1;0;0;0;0;0;0;0;0;0;0;1;0;0;1;0;0;0;0;0;0;0;0;0;0;0;25;2;4;1;0;0;0;0;0;1;0;0;0;0;0;0;1;0;1;0;0;0;0;0;0;0;10;0;0;0;0;0;0;0;0;0;1;1;0;0;0;0;1;0;0;0;0;0;0;0;0;0;17;5;11;9;5;0;1;14;0;0;1;0;0;0;0;1;3;0;0;1;1;0;0;0;0;0;0;0;0;0;3;0;0;0;0;0;0;0;0;0;1;0;0;0;0;0;0;0;0;0;0;0;9;4;1;0;0;12;0;1;0;0;0;0;0;0;0;0;0;1;0;0;0;0;0;0;0;0;0;1;0;0;0;0;0;0;0;0;0;0;0;0;0;0;0;0;0;0;0;0;0;0;0;0
6;"Świetlica GOKSiR, Najmowo 8, 87-305 Zbiczno";40210;"gm. Zbiczno";"brodnicki";"kujawsko-pomorskie";1;1;0;2;0;0;1;0;1;0;0;0;0;0;0;0;0;0;0;0;0;0;0;0;0;0;0;56;1;0;2;0;1;1;0;0;0;0;0;0;0;0;1;0;0;0;0;0;0;0;0;0;0;6;2;0;0;1;0;0;0;0;0;0;0;1;0;0;0;0;0;0;0;0;0;0;1;0;0;7;2;10;8;10;2;2;8;0;1;1;2;0;0;0;0;2;2;0;0;0;0;0;0;0;1;3;1;1;0;0;2;2;0;1;0;0;1;0;0;1;0;0;0;0;0;0;0;0;0;0;0;10;2;0;1;1;22;0;0;0;0;0;0;0;0;0;0;0;0;0;0;0;0;0;0;0;0;0;5;0;0;0;0;0;0;0;0;0;0;0;0;0;0;0;0;0;0;0;0;0;0;0;0
1;"Szkoła Podstawowa Nr 2, ul. Szkolna 6, 86-200 Chełmno";40401;"m. Chełmno";"chełmiński";"kujawsko-pomorskie";1;1;4;0;4;1;1;3;0;0;0;0;1;0;0;0;1;0;1;0;0;0;2;0;0;0;0;25;6;7;4;3;1;6;0;2;1;3;0;1;0;0;1;0;0;0;0;0;0;1;0;0;0;37;2;1;0;3;1;0;6;0;0;0;1;2;0;1;2;1;0;1;0;0;0;0;0;0;0;56;5;35;12;11;3;2;17;2;1;2;2;1;1;0;0;0;2;0;0;0;0;0;0;0;0;12;2;0;0;2;0;3;2;0;1;0;1;0;1;1;0;1;0;0;1;0;0;1;0;1;0;48;6;5;3;122;4;2;2;0;2;1;0;2;0;0;0;0;0;0;0;0;2;0;1;0;1;1;0;0;0;1;0;0;0;0;0;0;0;1;0;0;0;0;0;0;0;1;0;0;0;0;0
2;"Zespół Szkół Ogólnokształcących Nr 1, ul. Dominikańska 35, 86-200 Chełmno";40401;"m. Chełmno";"chełmiński";"kujawsko-pomorskie";1;1;2;0;0;0;0;0;0;2;1;0;0;0;0;0;0;0;0;0;0;3;0;0;0;0;0;12;5;5;9;0;1;1;1;0;0;0;0;0;0;0;0;0;0;0;0;0;0;1;1;0;0;13;1;0;1;0;0;0;3;1;3;0;2;0;1;0;0;1;1;0;0;0;0;0;0;0;1;68;3;28;2;6;5;6;19;1;0;4;0;1;1;0;0;0;0;0;0;0;0;1;0;1;0;11;1;0;0;2;1;0;1;1;0;0;1;1;0;0;0;0;3;0;0;0;0;0;0;0;0;29;4;5;1;101;0;1;1;0;3;0;0;0;0;0;0;1;0;1;0;0;1;0;0;0;0;5;2;0;1;0;1;1;0;0;0;0;0;0;0;0;0;0;0;0;0;2;0;0;0;0;0
3;"Zespół Szkół Ogólnokształcących Nr 1, ul. Dominikańska 35, 86-200 Chełmno";40401;"m. Chełmno";"chełmiński";"kujawsko-pomorskie";1;1;1;0;0;1;0;0;1;0;0;1;0;0;0;0;0;0;0;0;0;0;0;0;0;0;0;10;9;5;4;2;2;1;0;1;0;0;3;1;0;0;0;1;1;0;0;0;0;0;0;0;0;25;0;0;0;0;0;0;10;1;2;0;0;0;0;0;1;0;1;0;0;0;0;0;1;0;0;41;12;30;15;10;2;1;19;1;2;7;0;1;0;3;0;0;1;0;0;0;0;0;0;0;0;12;1;2;1;1;1;1;1;1;0;0;0;0;0;0;0;1;0;0;1;0;0;0;0;1;2;50;8;5;3;92;0;2;1;1;5;1;0;2;0;1;1;2;0;0;0;0;0;0;1;1;0;1;0;0;0;0;0;0;0;0;1;0;0;0;0;0;0;0;0;0;0;2;0;0;0;0;0
4;"Szkoła Podstawowa Nr 2, ul. 22 Stycznia 4, 86-200 Chełmno";40401;"m. Chełmno";"chełmiński";"kujawsko-pomorskie";1;1;2;0;0;2;1;0;0;0;1;0;0;1;1;0;0;0;0;0;0;0;0;0;0;0;0;9;2;7;4;1;0;1;3;0;1;0;2;0;0;0;0;0;0;2;3;0;0;0;1;0;1;13;3;2;0;3;1;0;6;0;0;1;1;0;0;0;1;0;0;0;0;0;0;0;0;0;0;49;3;30;9;6;2;3;29;1;1;9;0;3;0;0;1;1;1;0;0;0;0;1;0;0;1;11;1;1;3;1;1;1;2;1;0;0;0;2;1;1;1;0;0;0;0;0;0;0;0;0;0;55;14;3;4;109;0;0;1;1;2;0;0;1;0;1;0;1;0;0;0;0;0;0;0;0;0;3;0;0;0;0;0;0;0;0;0;0;0;0;0;1;0;0;0;0;0;0;0;0;0;0;0
5;"Szkoła Podstawowa Nr 2, ul. Szkolna 6, 86-200 Chełmno";40401;"m. Chełmno";"chełmiński";"kujawsko-pomorskie";1;1;5;1;1;0;1;0;0;0;0;0;1;0;1;0;0;0;0;0;0;0;0;0;1;0;1;25;9;15;7;3;2;3;0;2;2;0;6;1;1;0;1;0;0;0;0;0;0;1;0;0;1;42;4;0;0;3;0;0;14;0;1;1;0;0;0;0;1;0;0;0;0;0;0;0;1;0;1;62;9;40;15;19;2;2;16;0;0;0;1;5;0;2;0;0;2;0;1;0;0;0;0;0;0;12;3;1;7;0;2;0;1;1;0;0;0;0;0;0;1;0;0;0;0;0;0;0;0;0;4;119;13;4;3;186;8;1;1;0;9;1;0;0;0;2;0;0;0;0;0;0;1;1;0;1;1;3;0;2;0;1;0;2;0;1;0;0;0;0;1;0;0;0;0;1;0;3;0;0;1;0;0
6;"Szkoła Podstawowa nr 2, ul. 22 Stycznia 4, 86-200 Chełmno";40401;"m. Chełmno";"chełmiński";"kujawsko-pomorskie";1;1;3;0;1;0;0;0;1;2;0;1;0;1;0;1;0;0;0;0;0;0;0;0;0;0;0;27;22;18;6;3;2;2;3;1;1;1;1;0;0;0;0;0;0;1;0;0;2;0;0;0;0;32;1;0;1;6;0;1;8;1;0;1;2;0;0;0;0;0;0;0;0;0;0;1;0;0;2;72;6;36;6;11;3;4;20;1;1;3;0;2;0;2;0;0;1;0;0;0;0;0;0;0;3;13;3;1;8;4;0;0;1;1;1;1;0;0;0;1;0;0;1;0;0;0;0;0;0;0;0;80;13;2;1;243;3;2;1;2;5;1;0;0;1;0;1;0;0;0;0;0;2;0;0;0;0;5;0;2;0;0;0;0;1;0;0;0;1;1;2;0;1;0;0;0;0;0;0;0;0;0;0
7;"Miejski Ośrodek Profilaktyki i Rozwiązywania Problemów Uzależnień, ul. Kamionka 3, 86-200 Chełmno";40401;"m. Chełmno";"chełmiński";"kujawsko-pomorskie";1;1;2;0;0;1;1;0;0;0;0;0;0;0;0;0;0;0;0;0;0;1;0;0;0;0;1;25;10;3;4;3;2;0;2;0;0;1;3;1;0;0;0;0;1;0;0;0;2;1;1;0;0;29;2;2;3;4;0;0;2;0;3;0;0;0;0;0;1;0;0;0;1;0;1;0;0;0;2;61;9;45;9;18;3;4;29;4;1;2;1;1;0;1;0;0;1;0;0;0;0;0;0;0;1;10;1;1;5;2;0;1;1;0;0;0;1;0;0;2;0;1;0;0;0;0;1;2;0;0;0;72;10;4;3;141;3;0;0;1;1;0;1;0;0;0;0;4;0;1;0;0;0;0;0;0;2;6;0;0;0;0;0;0;0;0;0;0;1;0;0;0;0;0;0;0;0;7;0;0;0;0;0
8;"Szkoła Podstawowa Nr 1, ul. Kościuszki 11, 86-200 Chełmno";40401;"m. Chełmno";"chełmiński";"kujawsko-pomorskie";1;1;2;0;0;0;1;0;1;0;0;0;1;0;1;0;0;0;0;0;0;1;0;0;0;0;1;19;7;8;7;0;1;3;1;0;0;1;3;2;0;0;0;0;1;1;0;0;1;0;0;0;0;33;5;3;0;4;0;1;6;0;1;0;1;0;1;0;1;1;0;1;0;0;1;0;2;0;0;34;0;39;15;17;4;4;25;1;0;1;1;0;0;0;0;0;0;0;0;0;1;1;0;0;0;16;1;0;3;1;0;0;0;0;1;0;0;0;0;0;0;1;0;0;0;0;0;0;0;0;0;81;17;4;1;108;0;7;3;0;5;0;0;1;0;0;0;0;0;1;0;0;0;0;1;0;0;1;0;0;0;1;0;0;0;0;0;0;0;1;0;0;0;0;0;0;0;5;0;0;0;0;0
9;"Szkoła Podstawowa Nr 1, ul. Kościuszki 11, 86-200 Chełmno";40401;"m. Chełmno";"chełmiński";"kujawsko-pomorskie";1;1;0;0;0;1;1;0;0;0;0;0;1;0;0;1;0;0;0;1;0;0;0;1;0;0;0;11;5;10;1;0;1;0;1;0;2;2;1;0;1;0;0;0;0;1;0;0;0;1;0;0;0;30;1;0;1;2;0;0;3;0;1;0;0;0;0;0;0;0;0;0;0;0;0;0;0;0;0;47;12;36;13;27;2;5;19;0;0;2;2;0;0;0;0;1;0;0;0;0;0;2;2;0;0;16;1;1;1;0;0;0;0;0;1;0;0;0;1;0;0;0;0;0;0;0;0;0;1;0;1;56;16;9;1;123;4;3;0;1;7;0;1;0;0;0;0;0;1;0;0;0;1;0;0;1;0;4;1;0;1;0;0;0;0;0;0;0;0;1;0;0;0;0;1;6;0;0;0;0;0;0;1
10;"Szkoła Podstawowa nr 4, os. Marii Curie-Skłodowskiej 16, 86-200 Chełmno";40401;"m. Chełmno";"chełmiński";"kujawsko-pomorskie";1;1;2;1;0;0;0;0;1;2;0;2;0;0;0;1;0;0;0;0;0;0;0;0;0;0;0;22;16;11;11;4;7;2;3;2;2;1;0;0;0;0;1;1;0;1;0;0;0;1;0;3;1;58;6;0;3;2;0;1;10;0;0;0;0;0;0;1;0;0;2;0;0;0;0;0;1;0;0;58;8;29;6;20;1;1;24;3;0;3;0;1;1;1;0;2;1;0;1;0;2;0;0;1;2;11;2;2;3;2;4;1;3;1;0;0;1;0;0;0;0;0;0;0;0;0;0;0;0;0;1;116;25;4;0;211;5;3;0;2;8;0;2;3;0;0;0;0;0;0;1;0;0;1;0;0;2;3;1;0;0;1;0;0;0;0;0;0;1;2;0;0;0;0;0;0;0;2;0;0;0;0;0
11;"Spółdzielnia Mieszkaniowa, ul. Młyńska 7, 86-200 Chełmno";40401;"m. Chełmno";"chełmiński";"kujawsko-pomorskie";1;1;0;0;1;0;1;1;0;0;0;0;0;0;0;0;0;0;0;0;0;0;0;0;0;0;0;33;18;10;2;1;1;3;1;2;1;4;3;0;0;1;0;0;0;0;0;1;0;5;0;2;3;42;2;0;0;1;0;0;9;0;1;0;2;1;0;1;0;0;1;0;1;0;0;0;0;0;3;58;8;47;10;20;3;5;20;3;0;2;1;2;1;1;0;0;3;0;0;0;1;2;0;0;1;20;4;0;5;4;0;0;1;0;0;0;1;1;0;1;0;0;0;0;0;0;0;0;0;0;0;70;13;3;4;158;2;1;0;0;6;2;1;1;0;0;0;0;0;0;1;1;0;0;0;0;0;4;0;0;0;0;0;1;0;0;0;0;0;0;0;0;0;0;0;0;3;0;0;0;0;0;0
12;"Szkoła Podstawowa Nr 4, os. Marii Curie-Skłodowskiej 16, 86-200 Chełmno";40401;"m. Chełmno";"chełmiński";"kujawsko-pomorskie";1;1;2;0;3;0;0;0;0;0;0;0;0;0;1;0;0;0;0;0;0;1;0;0;0;0;1;17;6;1;5;1;3;3;1;2;0;0;2;0;2;1;0;0;0;0;0;0;0;0;3;0;0;32;1;0;0;2;1;1;5;0;0;1;1;0;0;0;1;0;1;1;0;0;0;0;1;0;2;50;5;42;9;12;0;3;14;0;1;7;2;2;0;0;0;0;2;0;1;0;0;0;0;0;0;10;2;3;4;0;1;0;1;0;0;0;1;0;0;1;0;1;0;0;0;0;0;0;0;0;3;73;19;4;0;129;4;1;1;0;3;0;0;1;0;0;0;0;0;4;0;0;0;0;0;0;0;3;0;0;0;0;0;0;1;0;0;2;0;0;0;0;0;0;0;0;0;3;1;0;0;0;0
13;"Szkoła Podstawowa Nr 4, os. Marii Curie-Skłodowskiej 16, 86-200 Chełmno";40401;"m. Chełmno";"chełmiński";"kujawsko-pomorskie";1;1;5;1;0;0;0;0;1;1;1;0;0;0;0;0;0;1;0;0;0;1;0;0;0;0;0;24;14;6;6;1;1;1;1;0;2;0;1;1;2;1;0;0;0;4;0;0;1;0;1;0;2;39;3;3;3;4;0;0;5;0;1;0;0;1;0;0;1;0;0;0;0;0;0;1;1;0;0;80;3;40;16;11;3;5;16;1;1;5;4;0;0;0;1;3;2;0;0;0;1;0;0;0;0;14;2;2;0;2;0;1;0;1;4;2;1;0;1;0;0;1;0;0;0;0;0;2;0;0;3;88;21;8;0;133;2;1;0;0;8;0;1;0;0;0;0;2;1;0;0;0;0;0;0;0;1;2;2;3;0;0;1;0;0;0;0;0;0;0;0;0;0;0;0;0;0;0;0;0;0;0;0
14;"Szkoła Podstawowa Specjalna, ul. Dworcowa 20-22, 86-200 Chełmno";40401;"m. Chełmno";"chełmiński";"kujawsko-pomorskie";1;1;4;0;0;0;1;0;0;0;0;0;0;0;0;0;0;0;0;0;0;0;0;0;0;0;0;23;11;10;6;0;0;1;1;1;2;2;3;0;2;1;1;0;1;1;0;0;0;1;1;0;2;35;3;1;1;1;0;0;6;0;2;0;2;3;0;0;0;0;0;0;0;0;1;0;0;0;1;76;7;43;14;19;2;3;36;3;0;2;1;1;1;2;0;1;3;0;0;0;0;2;1;0;1;19;1;0;5;1;2;1;0;0;1;0;2;1;0;0;1;1;0;0;0;0;0;1;0;0;1;82;8;5;4;191;5;4;0;1;6;0;0;0;0;0;1;1;1;1;0;0;0;0;0;0;3;2;0;2;0;0;1;1;1;0;0;0;0;0;0;0;0;0;0;0;0;3;0;0;0;0;0
15;"Szkoła Podstawowa Specjalna, ul. Dworcowa 20-22, 86-200 Chełmno";40401;"m. Chełmno";"chełmiński";"kujawsko-pomorskie";1;1;1;0;0;0;0;0;0;0;0;0;0;0;0;0;1;0;0;0;0;0;0;1;0;0;0;24;7;7;4;3;7;1;4;0;1;1;2;2;0;0;0;1;1;1;0;0;2;1;0;0;4;35;2;1;3;1;0;0;5;0;1;0;0;1;0;0;0;1;0;0;0;0;0;0;0;0;1;47;5;44;27;14;2;3;18;1;1;3;0;2;0;0;0;0;0;0;0;0;0;3;1;0;1;19;3;3;3;2;3;2;0;0;1;0;0;2;2;2;0;0;1;0;0;0;1;0;0;0;0;75;7;5;2;145;4;1;2;0;7;1;0;0;3;1;0;0;1;1;0;1;0;0;0;0;0;4;1;2;0;0;0;0;0;0;0;1;0;0;0;0;0;0;0;0;0;3;0;0;0;0;0
16;"Zespół Opieki Zdrowotnej-Szpital, pl. plac Dr. Rydygiera 1, 86-200 Chełmno";40401;"m. Chełmno";"chełmiński";"kujawsko-pomorskie";1;1;1;0;0;0;0;0;0;0;0;0;0;0;0;0;0;0;0;0;0;0;0;0;0;0;0;0;0;2;0;0;0;0;0;0;0;1;0;0;0;0;0;0;0;0;0;0;0;0;0;0;0;0;0;1;0;0;0;0;0;0;0;0;0;0;0;0;0;0;0;0;0;0;0;0;0;0;0;5;0;3;1;2;0;0;0;1;0;0;0;0;0;0;0;0;1;0;0;0;0;0;0;0;0;0;0;0;0;0;0;0;0;0;0;0;0;0;0;0;0;0;0;0;0;0;0;0;0;0;0;5;2;1;1;3;0;1;0;0;0;0;0;0;0;0;0;0;1;0;0;0;0;0;0;0;0;0;0;0;0;1;0;0;0;0;0;0;0;0;0;0;0;0;0;0;0;0;0;0;0;0;0
17;"Dom Pomocy Społecznej, ul. Dominikańska 40, 86-200 Chełmno";40401;"m. Chełmno";"chełmiński";"kujawsko-pomorskie";1;1;1;0;0;1;0;0;0;0;0;0;0;0;0;0;0;0;0;0;0;0;0;0;0;0;0;1;0;0;0;0;0;0;0;0;0;0;0;0;0;0;0;0;0;0;0;0;0;0;0;0;0;0;0;0;0;0;0;0;0;0;0;0;0;0;0;0;0;0;0;0;0;0;0;0;0;0;0;6;0;1;0;0;0;0;0;0;0;0;0;0;0;0;0;0;0;0;0;0;0;0;0;0;0;0;0;0;0;1;0;0;0;0;0;0;0;0;0;0;0;0;0;0;0;0;0;0;0;0;0;1;0;0;0;0;0;0;0;0;0;0;0;0;0;0;0;0;0;0;0;0;0;0;0;0;0;1;0;0;0;0;0;0;0;0;0;0;0;0;0;0;0;0;0;0;0;0;0;0;0;0;0
1;"Szkoła Podstawowa im. Ireny Sendlerowej, Starogród 33, 86-200 Chełmno";40402;"gm. Chełmno";"chełmiński";"kujawsko-pomorskie";1;1;2;0;0;2;2;1;0;0;1;0;0;0;1;0;0;0;0;0;0;0;0;0;0;0;0;35;17;18;12;0;13;3;4;1;1;0;3;1;1;2;0;2;1;1;0;0;3;0;2;0;4;27;7;1;1;4;0;0;1;0;2;0;0;3;1;0;2;2;0;0;0;0;0;0;1;0;1;63;12;23;38;71;1;2;31;3;0;0;0;5;1;0;0;0;1;0;0;0;0;1;0;0;0;23;12;4;4;2;2;3;0;1;0;0;0;1;0;3;1;0;0;0;0;0;0;0;0;0;1;64;10;4;2;126;13;0;0;0;6;0;2;1;0;1;0;0;0;0;0;0;0;0;0;0;0;4;1;1;0;0;0;0;0;0;0;0;0;1;0;0;0;0;0;1;0;0;0;0;0;0;0
2;"Szkoła Podstawowa im. Mikołaja Kopernika, Kolno 33, 86-200 Chełmno";40402;"gm. Chełmno";"chełmiński";"kujawsko-pomorskie";1;1;3;0;1;0;0;0;0;1;2;0;0;0;1;2;0;0;0;1;0;1;0;0;0;0;1;44;25;38;12;4;2;3;7;3;1;0;2;0;0;4;1;0;1;1;0;0;4;6;0;0;3;36;0;0;1;2;4;3;0;7;1;0;0;2;1;0;1;1;2;1;0;0;0;0;0;0;3;30;13;36;43;58;3;4;45;3;2;2;1;2;0;0;2;2;2;0;1;0;0;1;0;1;3;15;6;2;7;3;2;1;2;2;2;0;0;0;0;3;1;1;0;0;0;0;0;1;0;0;0;46;11;3;2;113;5;2;2;0;5;0;1;0;0;1;0;2;0;1;0;0;0;0;0;0;0;3;0;0;1;0;0;0;1;0;0;0;0;1;0;2;0;0;0;0;0;1;0;0;0;0;0
3;"Szkoła Podstawowa im. Ziemi Chełmińskiej, Podwiesk 43, 86-200 Chełmno";40402;"gm. Chełmno";"chełmiński";"kujawsko-pomorskie";1;1;3;1;0;0;0;0;0;0;1;0;1;0;0;1;0;1;0;0;0;0;0;0;0;0;0;29;13;23;7;1;7;5;1;1;1;1;3;0;0;1;2;0;1;0;0;0;1;1;1;0;0;18;3;1;1;1;1;1;0;0;1;0;0;0;2;1;2;0;0;0;0;0;0;0;0;0;2;34;10;15;30;55;1;3;42;1;0;1;2;4;2;0;2;0;4;1;0;0;0;0;0;0;0;18;3;6;6;3;2;1;0;1;0;8;1;1;0;3;1;1;1;1;0;0;0;0;0;5;0;41;8;8;2;38;3;5;0;3;4;0;1;1;0;0;0;0;1;3;0;0;0;1;0;0;0;2;1;1;0;0;0;0;0;0;0;1;0;0;0;0;0;0;2;0;0;2;0;0;0;0;0
4;"Szkoła Podstawowa im. Bronisława Malinowskiego, Małe Łunawy 21, 86-200 Chełmno";40402;"gm. Chełmno";"chełmiński";"kujawsko-pomorskie";1;1;6;0;2;1;0;0;0;0;1;0;1;0;1;0;0;0;0;0;0;0;0;0;0;0;0;36;13;40;5;1;0;3;4;0;3;2;7;2;1;3;0;1;2;0;0;0;0;1;1;1;2;27;2;3;1;1;3;1;2;0;0;5;0;1;1;0;1;4;1;0;0;0;2;2;1;0;1;83;9;42;32;30;6;5;27;1;1;5;1;2;0;1;3;0;2;1;2;0;0;0;0;3;3;26;8;8;3;6;1;1;1;0;1;1;0;1;1;0;1;1;0;0;0;0;0;0;0;1;7;80;18;10;1;114;1;4;2;2;6;0;1;0;2;0;1;1;0;1;0;0;0;0;0;0;1;2;7;0;2;0;0;0;2;1;0;0;0;1;0;0;0;0;1;0;0;1;0;0;0;0;0
1;"Szkoła Podstawowa, Brzozowo ul. Miodowa 2, 86-200 Chełmno";40403;"gm. Kijewo Królewskie";"chełmiński";"kujawsko-pomorskie";1;1;2;1;1;0;0;0;1;2;0;1;1;0;0;2;1;1;0;0;0;0;0;0;0;0;0;31;26;7;7;2;7;6;2;0;2;3;4;0;0;0;0;0;0;0;7;0;0;3;0;0;0;21;1;0;0;1;0;1;16;0;1;0;0;0;1;0;0;1;0;0;0;0;0;0;1;0;0;30;10;8;5;44;4;1;14;1;1;0;1;1;0;2;0;0;0;0;0;0;1;0;0;0;1;22;3;4;7;2;3;0;1;0;0;0;1;0;1;2;2;2;0;0;3;0;0;1;0;0;0;46;6;2;1;108;6;4;2;0;3;2;2;1;1;0;0;1;0;0;0;0;0;2;0;0;0;3;0;0;0;0;0;0;0;0;1;1;1;1;0;0;0;0;0;0;0;0;0;0;0;0;0
2;"Szkoła Podstawowa, ul. św. Wawrzyńca 6, 86-253 Kijewo Królewskie";40403;"gm. Kijewo Królewskie";"chełmiński";"kujawsko-pomorskie";1;1;5;1;1;0;1;1;0;0;1;0;1;0;1;0;0;1;0;0;0;0;0;1;0;0;2;41;22;6;24;3;9;6;0;0;1;1;2;0;0;3;1;2;0;2;1;0;1;2;1;3;2;26;1;1;1;4;0;0;11;1;0;0;1;0;0;0;0;0;0;0;0;0;1;0;0;0;2;72;16;18;13;69;2;4;70;1;1;4;1;0;0;0;0;0;2;0;0;0;1;1;0;1;1;28;10;4;4;6;4;2;3;0;1;1;0;1;0;1;2;0;0;0;0;1;0;0;0;0;2;70;12;3;3;68;2;1;1;0;46;1;0;0;1;0;0;1;0;1;0;1;0;1;1;0;2;2;0;6;1;1;0;1;0;0;0;0;0;0;0;0;2;0;0;0;0;0;0;0;0;0;0
3;"Świetlica wiejska, Płutowo 17A, 86-253 Kijewo Królewskie";40403;"gm. Kijewo Królewskie";"chełmiński";"kujawsko-pomorskie";1;1;1;0;1;0;2;0;0;0;0;0;0;0;0;0;0;1;0;0;0;0;0;0;0;0;1;18;6;10;2;0;2;2;2;0;3;1;0;0;1;2;0;0;0;0;0;0;0;0;0;0;1;7;2;0;1;1;0;0;9;0;0;2;0;0;1;0;0;0;0;0;0;0;0;0;0;0;0;39;5;7;10;68;4;4;22;0;2;1;0;1;0;0;0;1;1;0;0;0;0;0;0;0;1;16;3;1;2;1;0;2;1;1;1;1;0;0;1;1;1;0;0;0;0;0;1;0;1;0;0;29;5;3;1;35;1;0;0;0;5;0;0;0;0;0;1;0;0;0;0;0;0;0;0;0;0;0;0;0;0;0;0;0;0;0;0;0;0;0;0;0;0;0;0;0;0;0;0;0;0;0;0
4;"Szkoła Podstawowa, Trzebczyk 2, 86-253 Kijewo Królewskie";40403;"gm. Kijewo Królewskie";"chełmiński";"kujawsko-pomorskie";1;1;2;0;0;0;0;0;0;0;0;0;0;0;0;0;0;0;0;0;1;0;0;1;0;0;0;7;1;2;1;1;5;2;1;0;0;0;0;1;1;1;0;0;1;0;1;0;0;0;0;0;1;5;1;0;1;1;0;0;14;1;0;0;0;0;0;0;0;0;0;0;0;0;0;0;0;0;1;28;5;13;8;26;3;4;37;1;0;4;0;1;0;1;0;2;1;0;0;0;0;0;0;0;0;6;2;4;5;1;0;3;2;1;0;0;1;0;1;0;0;0;0;0;0;0;0;0;0;0;2;24;4;2;0;30;1;1;1;0;6;0;1;1;0;0;0;0;0;1;0;0;0;0;0;0;1;1;0;0;0;0;0;0;1;0;0;0;0;0;0;1;0;0;0;0;0;0;0;0;0;0;0
5;"Szkoła Podstawowa im. Jana Slaskiego, Trzebcz Szlachecki 18, 86-253 Kijewo Królewskie";40403;"gm. Kijewo Królewskie";"chełmiński";"kujawsko-pomorskie";1;1;4;4;0;0;1;0;0;0;0;0;2;0;0;0;0;0;0;0;1;0;0;0;0;0;0;16;7;6;6;3;4;2;3;1;0;1;1;0;0;2;0;0;0;0;0;0;0;0;2;0;0;12;0;1;0;0;0;0;2;0;0;1;0;0;1;0;0;0;0;0;0;0;0;0;0;0;1;26;19;7;18;25;3;4;41;0;0;0;0;0;0;0;0;0;1;0;0;0;0;1;1;0;0;3;1;2;2;1;1;0;1;0;0;0;0;0;0;0;0;0;0;0;0;0;0;1;0;2;2;21;1;1;1;20;3;0;1;0;3;0;0;0;0;0;0;0;0;0;0;0;0;0;0;0;1;2;1;0;1;0;0;0;0;0;0;0;0;0;0;0;0;0;0;0;0;2;0;0;0;0;0
1;"Szkoła Podstawowa, Krusin 53, 86-230 Lisewo";40404;"gm. Lisewo";"chełmiński";"kujawsko-pomorskie";1;1;0;0;0;0;0;0;0;0;0;0;0;0;0;0;1;0;0;0;0;0;0;0;0;0;0;15;22;5;4;0;3;4;0;1;0;0;0;1;0;3;0;0;0;0;0;0;1;0;1;0;0;19;4;0;0;0;0;0;0;0;0;0;1;0;1;0;0;0;0;0;0;0;1;0;1;0;0;58;21;36;17;69;2;5;60;1;3;1;0;3;0;2;0;1;4;0;1;2;0;1;1;0;0;19;2;6;3;2;3;0;0;0;0;0;0;1;0;1;2;0;0;0;0;0;0;0;1;0;0;20;2;0;1;51;2;3;0;1;3;0;0;1;0;0;0;0;0;0;0;1;0;0;0;0;3;3;0;0;1;1;2;0;0;2;0;0;0;0;0;0;0;0;0;0;0;0;0;0;0;0;0
2;"Zespół Szkolno-Przedszkolny, ul. Toruńska 16, 86-230 Lisewo";40404;"gm. Lisewo";"chełmiński";"kujawsko-pomorskie";1;1;4;1;0;0;2;0;1;0;0;0;0;0;1;0;0;0;0;0;0;0;0;0;0;0;1;9;140;11;3;0;1;1;1;3;0;0;2;0;1;0;4;0;0;0;0;1;0;0;0;0;2;43;4;0;1;2;1;2;9;0;0;0;3;0;2;1;0;0;0;1;0;0;0;0;1;0;1;78;21;27;7;74;0;5;44;0;0;3;2;1;0;3;0;3;3;0;0;0;0;1;0;0;1;26;5;2;3;4;2;1;5;0;1;0;1;0;0;0;1;0;0;0;0;1;0;0;0;0;1;72;15;3;3;149;3;6;1;1;5;1;1;1;1;0;1;1;0;1;0;2;0;0;0;0;2;2;0;1;2;2;0;0;0;0;0;3;1;1;0;0;0;0;0;1;0;0;0;0;0;0;0
3;"Zespół Szkolno-Przedszkolny, ul. Toruńska 17, 86-230 Lisewo";40404;"gm. Lisewo";"chełmiński";"kujawsko-pomorskie";1;1;2;2;0;1;0;0;0;0;1;0;1;1;0;0;0;0;0;0;0;0;0;1;0;0;2;10;69;4;1;0;1;0;0;0;0;0;2;0;0;1;0;0;2;0;0;0;0;0;3;0;1;22;5;0;2;2;0;0;2;1;0;0;1;0;0;0;0;1;0;0;0;0;0;1;0;0;5;45;26;10;8;75;0;5;76;0;1;3;0;0;0;1;2;1;0;0;0;0;0;0;1;0;2;19;7;1;1;3;0;0;6;2;0;1;2;1;0;2;2;2;1;0;0;0;0;0;0;1;1;28;7;2;1;74;3;6;0;0;1;0;0;0;0;1;0;3;1;0;1;0;0;0;0;0;1;2;0;0;1;0;0;0;0;0;0;0;0;0;2;0;0;0;0;0;0;1;0;1;0;0;0
4;"Zespół Szkolno-Przedszkolny, ul. Toruńska 16, 86-230 Lisewo";40404;"gm. Lisewo";"chełmiński";"kujawsko-pomorskie";1;1;1;1;0;0;0;0;1;0;0;1;0;0;0;0;0;0;0;0;0;0;0;0;0;0;0;1;26;3;0;0;0;0;0;1;0;0;0;0;0;0;0;0;0;0;0;0;0;1;0;0;0;5;0;0;0;1;1;0;0;0;1;0;0;0;0;0;1;0;0;0;0;0;0;0;0;0;0;16;3;5;7;31;0;0;13;1;0;0;0;0;0;0;0;0;0;0;0;0;0;0;0;0;0;3;4;1;2;0;0;0;1;0;0;0;0;0;0;1;0;1;0;0;0;0;0;0;0;0;0;9;2;0;0;15;0;0;0;0;0;0;0;0;0;0;0;0;0;0;0;0;0;0;0;0;1;0;1;1;0;1;0;0;0;0;0;1;0;0;2;0;0;0;0;0;0;0;0;0;0;0;0
5;"Świetlica Wiejska, Pniewite 1, 86-230 Lisewo";40404;"gm. Lisewo";"chełmiński";"kujawsko-pomorskie";1;1;0;0;0;2;0;0;0;0;0;0;0;0;0;1;0;0;0;0;0;0;0;0;0;0;2;10;34;4;1;0;1;4;1;0;0;0;2;0;0;0;1;0;0;0;0;0;0;1;1;0;3;4;2;1;0;1;0;0;0;1;1;1;0;0;2;0;1;0;0;0;0;0;0;0;0;0;1;29;14;25;10;45;1;2;29;2;0;0;0;1;0;0;0;0;0;0;0;0;0;0;0;0;2;11;2;4;0;2;4;2;0;2;0;1;1;0;1;1;0;1;0;0;0;0;0;1;0;0;2;14;1;5;0;35;4;0;0;0;2;0;2;0;0;0;1;1;0;0;0;0;0;0;0;0;1;0;11;0;0;0;0;2;0;0;0;0;0;0;0;0;0;0;0;0;0;0;1;0;0;0;0
1;"Szkoła Podstawowa im. Mikołaja Kopernika, Dubielno 14, 86-221 Papowo Biskupie";40405;"gm. Papowo Biskupie";"chełmiński";"kujawsko-pomorskie";1;1;0;1;0;0;0;0;0;0;0;0;0;0;0;0;0;1;0;0;0;0;0;0;0;0;0;11;15;3;6;0;2;3;2;1;0;0;1;0;0;0;0;1;3;0;0;0;0;0;0;0;0;10;1;0;1;0;0;0;1;0;0;0;0;0;0;0;0;0;0;0;0;0;0;0;1;0;1;22;7;11;4;17;1;3;48;1;0;2;0;2;0;0;0;1;0;0;0;0;1;0;0;0;1;9;1;0;3;2;3;2;0;1;2;0;1;0;0;1;0;0;0;0;0;0;0;0;0;0;0;25;6;0;2;11;8;3;0;0;3;3;1;0;0;0;0;0;0;1;0;0;0;0;0;0;1;2;0;0;1;0;0;0;0;0;0;0;0;0;1;0;0;0;0;0;0;0;0;0;0;0;0
2;"Świetlica Wiejska, Nowy Dwór Królewski 41, 86-221 Papowo Biskupie";40405;"gm. Papowo Biskupie";"chełmiński";"kujawsko-pomorskie";1;1;2;2;0;0;0;0;0;0;0;1;0;0;0;0;0;0;0;1;0;0;0;0;0;0;0;19;14;2;3;1;1;1;0;2;3;0;3;1;0;0;1;0;1;0;0;0;0;0;0;0;3;13;1;1;2;3;0;1;0;0;1;0;2;0;0;0;1;0;1;0;0;0;0;0;1;0;1;24;6;7;1;24;2;2;54;0;1;5;0;0;1;0;0;0;2;0;0;0;0;0;0;0;0;7;0;0;1;2;1;1;0;0;0;0;0;1;0;2;1;0;0;0;0;0;0;0;0;0;0;19;7;1;0;10;0;1;0;0;2;0;1;0;0;0;0;0;0;0;0;0;2;1;0;0;0;1;0;0;0;0;0;0;0;0;0;0;0;0;0;0;0;0;0;0;0;0;0;0;0;0;0
3;"Szkoła Podstawowa im. Noblistów Polskich, Papowo Biskupie 127A, 86-221 Papowo Biskupie";40405;"gm. Papowo Biskupie";"chełmiński";"kujawsko-pomorskie";1;1;0;0;1;0;0;0;1;0;1;0;1;0;2;0;0;0;0;0;0;0;0;0;0;0;2;31;23;6;5;2;3;0;2;1;0;0;5;0;0;1;0;0;4;6;1;0;0;2;0;1;5;25;6;0;1;4;0;2;3;0;1;2;1;0;1;1;0;0;0;0;1;0;0;0;0;0;0;49;12;24;7;43;2;13;128;3;2;3;0;2;0;1;1;0;1;0;0;0;0;3;0;0;0;26;4;4;6;1;0;0;2;0;3;0;1;0;1;2;1;0;1;0;0;0;0;0;1;0;4;60;17;6;0;33;9;4;1;0;9;0;1;0;1;0;0;2;0;0;0;0;0;0;0;0;9;3;0;2;1;0;0;0;0;0;0;0;0;2;0;0;0;0;0;0;0;0;0;0;0;0;0
4;"Szkoła Podstawowa im. Romualda Traugutta, Zegartowice 13, 86-221 Papowo Biskupie";40405;"gm. Papowo Biskupie";"chełmiński";"kujawsko-pomorskie";1;1;2;0;0;0;1;0;0;0;0;1;1;0;0;0;0;0;0;0;0;0;0;0;0;0;3;20;10;3;6;2;0;0;2;1;1;0;1;0;0;0;1;0;1;1;0;0;0;0;0;0;1;14;4;1;0;0;1;0;0;0;0;1;1;0;0;0;0;1;2;0;0;0;0;0;0;0;0;17;5;15;2;13;1;3;59;0;1;2;0;0;0;0;0;0;2;0;0;0;0;0;0;0;0;8;1;0;4;2;1;0;2;0;0;0;1;1;1;0;0;0;0;0;1;0;0;0;0;0;0;21;10;1;2;15;4;2;0;0;8;1;0;1;0;0;0;0;1;1;0;0;0;1;0;0;1;0;0;0;0;0;1;0;1;1;0;0;0;1;0;0;0;0;0;0;0;0;0;0;0;0;0
5;"Świetlica Wiejska, Jeleniec 61, 86-221 Papowo Biskupie";40405;"gm. Papowo Biskupie";"chełmiński";"kujawsko-pomorskie";1;1;0;0;0;0;0;0;0;1;0;0;0;0;0;0;0;0;0;0;0;1;0;0;0;0;0;13;8;1;3;1;2;2;1;1;0;1;2;0;1;0;0;0;2;0;1;0;0;0;0;0;2;10;2;0;0;0;0;0;2;0;0;0;1;0;0;0;1;0;0;0;0;0;0;1;0;0;0;26;9;13;6;10;0;1;50;1;2;1;1;2;2;0;1;1;0;0;0;0;0;1;0;0;0;10;0;1;2;1;0;3;0;0;0;0;0;0;2;2;0;0;1;0;0;0;0;0;0;0;0;37;7;1;2;10;3;0;0;2;6;1;0;0;0;0;0;1;1;0;0;0;0;0;0;0;3;0;0;0;1;1;0;0;0;0;0;0;0;0;0;0;0;0;0;0;0;0;0;0;0;0;0
1;"Świetlica wiejska, Cepno 38, 86-212 Stolno";40406;"gm. Stolno";"chełmiński";"kujawsko-pomorskie";1;1;0;0;0;0;1;0;1;0;0;1;0;0;0;0;0;0;0;0;0;0;0;0;0;0;0;1;2;0;4;1;1;1;1;0;0;0;1;1;0;0;0;0;0;0;0;0;0;0;0;0;1;16;1;0;0;2;0;0;0;0;0;0;1;0;0;0;0;0;0;0;0;0;0;0;0;0;0;20;6;12;18;7;4;3;12;2;2;0;1;2;0;0;1;0;0;0;0;1;0;0;0;0;0;8;1;0;0;1;0;1;0;1;0;0;0;0;0;0;0;0;0;0;1;0;0;0;0;0;0;15;3;0;0;16;0;1;0;0;1;2;0;0;0;2;0;1;1;0;0;0;0;0;0;0;1;1;0;0;0;0;0;0;0;0;0;0;0;1;0;0;0;0;0;0;0;0;0;0;0;0;1
2;"Świetlica wiejska, Małe Czyste 40A, 86-212 Stolno";40406;"gm. Stolno";"chełmiński";"kujawsko-pomorskie";1;1;0;1;0;0;0;0;0;0;0;0;0;2;1;0;0;0;0;0;0;0;0;0;0;0;0;10;6;4;4;1;0;2;0;0;0;1;3;0;0;0;0;1;0;0;0;0;0;0;0;0;1;10;2;1;1;1;0;0;4;1;0;1;0;0;2;0;1;0;0;0;0;0;1;0;2;0;0;15;6;14;15;17;0;0;13;0;0;5;0;1;0;1;1;0;0;1;0;1;0;0;0;0;0;13;3;0;0;1;0;1;1;0;1;0;0;1;0;0;1;0;0;0;1;0;0;0;0;0;1;13;4;1;0;39;1;0;0;0;4;0;0;0;0;0;0;0;0;0;0;0;0;0;0;0;0;0;3;0;0;1;0;0;0;0;0;0;0;0;1;0;0;1;0;0;0;0;0;0;0;0;0
3;"Świetlica wiejska, Grubno 74, 86-212 Stolno";40406;"gm. Stolno";"chełmiński";"kujawsko-pomorskie";1;1;3;1;0;0;0;0;0;0;0;0;0;0;0;1;0;1;0;0;0;0;0;0;0;0;0;16;10;9;3;1;1;3;2;2;0;0;3;1;0;0;0;0;0;1;0;0;0;0;0;0;0;23;1;1;2;2;0;0;3;0;1;0;1;0;0;0;0;0;0;0;1;0;0;0;1;0;1;26;2;13;5;25;1;3;13;0;0;5;3;0;1;0;1;0;7;0;0;0;0;0;0;1;1;8;6;0;3;0;1;0;0;2;0;0;0;0;1;0;0;0;0;0;0;0;0;0;0;0;3;38;4;1;1;81;2;1;3;2;2;1;0;1;0;0;1;2;0;0;0;0;0;0;0;0;1;0;1;0;1;1;0;1;0;0;1;0;0;0;1;0;0;0;0;0;0;0;0;0;0;0;0
4;"Szkoła Podstawowa, Stolno 88, 86-212 Stolno";40406;"gm. Stolno";"chełmiński";"kujawsko-pomorskie";1;1;2;1;0;0;0;0;0;0;0;0;0;0;1;0;0;1;0;0;1;1;0;0;0;0;0;19;12;9;7;2;1;0;1;0;1;0;4;0;0;1;0;0;1;0;0;0;0;0;1;0;1;19;1;0;0;3;1;2;0;0;0;1;0;0;2;0;0;1;0;0;1;0;1;0;1;0;1;45;8;16;44;21;3;2;33;0;0;0;0;0;0;1;0;0;1;0;2;0;0;0;0;0;0;10;4;4;2;1;2;0;2;2;0;4;0;3;1;2;2;0;1;0;0;0;0;0;0;0;4;40;9;5;0;52;3;0;1;0;4;1;0;0;0;0;1;0;0;1;1;0;0;0;0;0;2;1;0;0;0;0;1;1;1;0;0;0;0;1;0;0;0;0;0;0;0;1;0;0;0;0;1
5;"Świetlica wiejska, Wabcz 85, 86-212 Stolno";40406;"gm. Stolno";"chełmiński";"kujawsko-pomorskie";1;1;1;0;0;0;0;1;0;0;0;0;0;0;2;0;0;0;0;0;0;1;0;0;0;0;0;21;18;13;10;2;1;1;0;0;1;0;4;0;0;0;0;0;1;0;0;0;0;0;0;0;2;17;2;2;1;1;0;0;0;1;0;2;0;1;0;1;0;0;0;0;0;0;0;0;0;0;2;31;9;10;7;31;0;4;17;2;1;0;0;1;0;1;1;0;2;0;0;0;0;0;0;0;0;13;2;1;1;1;0;0;0;1;0;1;0;0;1;0;1;0;1;0;0;0;0;0;0;0;2;28;4;2;1;37;2;3;0;1;2;2;0;3;0;1;1;0;0;0;0;0;0;0;0;0;0;4;3;0;0;3;0;0;0;0;0;0;0;0;0;0;0;0;0;0;0;0;0;0;0;0;1
6;"Szkoła Podstawowa, Robakowo 95, 86-212 Stolno";40406;"gm. Stolno";"chełmiński";"kujawsko-pomorskie";1;1;1;2;0;1;0;0;0;0;1;0;0;0;0;0;0;1;0;0;0;0;0;0;0;0;1;10;38;8;3;1;1;1;1;0;2;0;1;0;0;1;0;1;1;0;0;0;0;0;0;0;1;18;3;0;0;1;0;1;2;1;1;0;1;0;1;0;3;1;0;1;0;0;0;0;0;0;0;70;13;14;37;37;1;4;45;4;2;5;1;8;2;2;0;0;2;0;4;0;1;0;3;1;1;15;9;5;5;2;1;1;2;0;3;0;0;0;0;2;0;0;1;0;1;0;0;0;0;0;5;28;5;18;4;35;2;0;0;0;1;3;1;0;0;1;1;2;0;2;0;0;1;0;0;0;3;3;5;2;0;1;0;0;0;0;0;0;0;1;1;0;0;0;1;0;0;2;0;0;0;0;0
7;"Świetlica wiejska, Rybieniec 60, 86-212 Stolno";40406;"gm. Stolno";"chełmiński";"kujawsko-pomorskie";1;1;0;1;0;0;2;0;1;0;0;0;0;0;0;0;0;0;0;0;0;0;0;0;0;0;0;5;4;1;1;0;6;1;2;0;0;0;0;0;0;0;0;0;0;0;0;0;0;0;0;0;0;3;3;0;0;0;0;0;0;0;0;0;0;0;1;0;0;0;1;0;0;0;0;0;0;0;1;16;7;3;15;12;0;1;18;0;0;1;0;0;0;1;0;0;0;0;0;1;0;0;0;0;0;6;1;0;0;3;0;1;2;0;0;0;0;0;0;0;1;0;0;0;0;0;0;0;0;0;3;13;3;1;0;26;1;1;1;1;3;1;0;0;0;0;1;1;0;1;0;0;0;1;0;0;0;1;0;0;0;0;0;0;0;0;0;0;0;0;1;0;0;0;0;0;0;0;0;0;0;0;0
8;"Świetlica wiejska, Paparzyn 123, 86-212 Stolno";40406;"gm. Stolno";"chełmiński";"kujawsko-pomorskie";1;1;1;0;0;0;0;0;0;0;0;0;0;0;0;0;0;0;0;0;0;0;0;1;0;0;0;7;19;6;5;2;0;1;0;0;1;1;2;0;0;0;0;0;1;0;0;0;0;0;0;0;0;9;2;1;1;0;0;0;1;0;0;0;0;0;2;0;1;1;0;0;0;0;0;0;0;0;0;27;3;11;9;10;0;1;8;0;0;0;0;1;0;0;0;0;0;0;2;0;0;0;1;0;0;0;1;1;0;1;1;0;1;0;0;0;0;0;1;0;0;0;0;0;0;0;0;0;0;1;0;16;2;5;1;16;1;0;0;1;1;0;1;0;0;2;1;0;0;1;0;0;0;0;0;0;1;0;0;0;0;0;0;0;0;0;0;2;0;0;0;0;0;0;0;0;0;0;0;0;0;0;1
1;"Hala Widowiskowo-Sportowa (wejście boczne od strony Zespołu Szkół), ul. Spokojna 16, 86-260 Unisław";40407;"gm. Unisław";"chełmiński";"kujawsko-pomorskie";1;1;3;0;0;1;0;0;2;1;0;1;0;0;0;0;1;1;0;1;1;0;0;3;0;0;1;35;22;9;11;0;19;4;3;0;0;1;1;4;0;2;5;0;2;2;0;0;2;0;3;0;1;64;3;0;0;3;2;0;7;0;0;0;5;1;1;1;0;2;1;0;0;0;2;0;1;0;4;104;12;39;12;43;9;4;110;2;2;3;0;2;1;0;0;0;3;0;6;0;0;0;0;0;0;34;8;2;4;0;1;3;1;2;0;0;1;1;1;1;0;0;1;1;0;0;0;0;0;1;2;83;22;4;2;130;7;5;3;0;35;4;0;0;1;1;0;4;0;1;0;0;1;1;0;3;0;8;0;0;0;1;3;0;1;1;0;0;0;1;1;0;0;0;0;0;1;0;0;0;0;0;1
2;"Hala Widowiskowo-Sportowa (wejście główne od strony ul. Spokojnej), ul. Spokojna 16, 86-260 Unisław";40407;"gm. Unisław";"chełmiński";"kujawsko-pomorskie";1;1;4;1;0;0;0;0;1;1;1;0;0;0;1;0;0;0;0;0;0;1;0;0;0;1;0;28;13;16;14;1;13;2;4;1;0;0;2;1;1;0;0;1;0;3;0;1;3;1;0;0;2;24;1;0;1;1;0;2;3;0;1;0;1;0;0;0;1;0;0;0;2;0;0;2;0;0;2;49;9;26;3;36;5;0;68;1;7;5;1;0;0;0;0;0;1;0;2;1;0;0;0;1;0;14;3;3;4;3;1;2;2;0;0;0;0;0;0;1;0;0;1;0;1;0;0;0;0;0;0;57;9;4;1;71;7;6;0;0;22;1;1;0;0;2;0;1;1;0;0;0;0;0;0;0;3;5;0;0;0;0;1;0;0;0;0;0;0;1;0;1;0;0;1;0;0;0;0;0;0;0;0
3;"Gminny Ośrodek Kultury, ul. Parkowa 22, 86-260 Unisław";40407;"gm. Unisław";"chełmiński";"kujawsko-pomorskie";1;1;2;0;0;0;0;0;0;0;1;0;0;0;0;1;0;0;0;0;0;0;0;0;1;0;0;15;7;6;4;1;18;2;0;0;0;0;2;0;0;0;2;0;1;0;0;0;0;2;2;0;2;12;0;0;0;1;0;0;1;0;1;0;2;0;1;0;1;0;0;0;0;0;0;1;0;0;0;41;4;23;6;19;3;0;57;1;2;2;0;1;1;1;0;1;1;0;0;0;0;0;0;0;0;7;0;2;2;1;1;1;0;0;0;0;2;0;1;0;0;0;0;0;0;0;0;0;0;0;0;20;7;4;0;47;1;1;1;1;9;1;0;0;1;0;1;0;0;2;0;0;1;0;0;0;0;0;0;1;0;2;0;1;0;0;0;0;0;1;0;0;0;0;0;0;0;1;0;0;0;0;0
4;"Szkoła Podstawowa, Kokocko ul. Szkolna 4, 86-260 Unisław";40407;"gm. Unisław";"chełmiński";"kujawsko-pomorskie";1;1;3;1;0;0;0;0;1;2;0;0;0;1;0;0;0;0;0;0;0;0;0;0;0;0;0;5;1;1;1;0;2;1;2;1;0;0;0;0;0;0;0;0;1;0;0;0;0;0;0;1;0;5;3;0;0;2;1;0;0;0;0;0;1;0;0;0;0;0;0;0;0;0;0;0;0;0;0;15;5;3;16;13;2;0;11;1;2;0;1;1;0;0;0;1;2;0;1;0;0;0;0;0;0;6;1;1;1;0;1;0;1;0;0;0;0;0;0;0;0;0;1;0;0;0;0;0;0;0;0;19;0;1;0;28;0;2;2;0;7;0;0;0;0;0;1;0;0;0;0;0;0;0;1;0;1;1;0;0;1;2;0;0;0;0;0;0;0;0;0;0;0;0;0;1;0;0;0;0;0;0;0
5;"Przedszkole Gminne Krasnoludek, ul. Lipowa 31, 86-260 Unisław";40407;"gm. Unisław";"chełmiński";"kujawsko-pomorskie";1;1;6;1;0;0;2;1;1;1;0;0;0;0;0;0;0;0;0;1;0;0;0;0;0;0;0;17;15;2;15;1;10;3;1;1;1;0;4;0;0;0;0;1;0;0;0;0;2;2;1;0;2;41;2;0;0;2;2;0;0;0;0;0;1;1;2;0;0;0;1;2;0;0;2;0;0;0;2;51;2;31;2;18;4;4;41;0;2;2;0;0;0;0;1;1;2;0;0;0;0;0;1;1;0;8;3;1;0;0;0;0;1;0;1;0;1;0;0;1;0;0;0;0;0;1;0;0;0;0;1;70;5;4;7;75;2;3;2;0;24;2;2;0;0;0;0;0;0;1;1;0;1;0;0;1;1;2;0;2;2;0;0;1;0;1;0;0;0;0;0;0;0;0;0;0;0;1;0;0;0;0;1
6;"Świetlica Wiejska, Błoto 2, 86-260 Unisław";40407;"gm. Unisław";"chełmiński";"kujawsko-pomorskie";1;1;1;0;1;0;0;0;0;0;0;0;0;0;0;0;0;0;0;0;1;0;0;0;1;0;0;3;1;0;0;1;0;1;5;0;0;0;1;0;0;1;0;0;0;0;0;0;0;0;1;0;0;9;0;0;0;2;0;0;2;0;0;0;0;0;0;0;1;1;0;0;0;0;0;0;0;0;0;15;3;9;0;22;1;1;9;0;0;0;2;1;0;0;1;0;1;0;1;0;0;0;0;0;0;7;2;1;2;0;0;0;1;1;0;0;0;0;0;0;0;0;0;0;0;0;0;0;0;0;0;9;0;2;0;6;0;0;1;1;9;1;0;0;0;0;0;0;0;0;0;0;1;0;0;0;1;0;0;1;2;1;0;0;0;0;0;0;0;0;0;0;0;0;0;0;0;0;0;0;0;0;0
7;"Niepubliczna Szkoła Podstawowa, Bruki Unisławskie 32B, 86-260 Unisław";40407;"gm. Unisław";"chełmiński";"kujawsko-pomorskie";1;1;1;0;1;0;0;1;0;0;0;0;0;0;0;0;0;0;0;0;1;0;0;0;0;0;1;5;3;8;5;1;4;3;1;0;0;0;0;0;0;1;1;0;1;1;1;0;1;1;1;0;0;9;1;0;2;1;0;0;0;0;1;0;0;0;0;1;1;0;0;1;0;0;0;0;0;0;0;26;3;10;1;14;1;1;22;0;1;0;0;0;0;0;0;0;0;0;1;1;0;0;0;0;0;4;3;3;2;2;0;0;0;0;0;0;0;1;1;0;0;0;0;0;0;0;0;0;0;0;0;14;2;1;3;11;1;1;1;1;14;0;0;0;0;0;0;1;0;0;0;0;0;0;0;0;0;3;1;0;0;1;0;0;1;0;0;0;0;0;0;0;0;0;0;0;0;0;0;0;0;0;0
8;"Świetlica Wiejska, Grzybno 57, 86-260 Unisław";40407;"gm. Unisław";"chełmiński";"kujawsko-pomorskie";1;1;2;0;0;0;0;0;0;0;1;0;0;0;0;0;1;0;0;0;1;0;0;0;0;0;0;9;3;5;3;2;13;1;0;0;1;0;3;0;0;0;1;0;0;2;1;0;1;1;0;0;1;13;0;0;1;2;0;0;0;0;0;0;0;0;1;0;0;1;0;0;0;0;0;0;0;0;0;31;4;21;3;32;2;2;21;1;1;1;1;1;0;1;0;1;3;0;0;4;0;1;1;0;0;6;1;0;0;1;0;1;2;0;0;0;0;0;0;0;0;0;0;0;0;0;0;0;0;0;0;17;2;2;1;18;0;1;0;0;31;0;0;0;0;0;0;1;0;2;0;0;0;0;1;0;3;4;0;0;0;0;0;0;0;0;0;0;0;0;0;0;0;0;0;0;0;0;0;0;0;0;0
1;"Szkoła Podstawowa Nr 1 im. Konstytucji 3 Maja, ul. Zamkowa 19, 87-400 Golub-Dobrzyń";40501;"m. Golub-Dobrzyń";"golubsko-dobrzyński";"kujawsko-pomorskie";1;1;3;1;0;1;0;0;0;1;0;0;0;0;0;1;0;0;0;1;1;0;0;0;0;0;0;42;21;5;18;2;5;3;1;3;0;0;12;2;0;7;1;0;1;1;0;1;0;3;1;2;0;45;6;1;1;1;0;0;0;1;5;2;3;1;0;0;4;3;1;1;0;0;1;15;0;0;1;37;11;32;60;39;6;4;57;4;5;1;0;0;0;0;0;0;3;0;0;1;2;1;41;0;1;18;5;0;4;1;0;1;0;1;0;0;0;1;0;2;1;2;1;0;2;0;2;0;0;0;2;67;31;28;3;6;17;5;0;0;4;2;0;0;0;2;0;0;1;0;4;0;2;1;0;0;3;2;2;0;1;1;0;0;1;0;0;0;0;1;0;0;0;1;0;0;0;3;1;0;0;0;0
2;"Urząd Miasta, pl. Plac 1000-lecia 25, 87-400 Golub-Dobrzyń";40501;"m. Golub-Dobrzyń";"golubsko-dobrzyński";"kujawsko-pomorskie";1;1;2;2;0;1;1;0;0;0;0;0;3;0;0;0;0;0;0;0;0;0;0;0;0;0;0;43;27;5;14;1;5;6;3;1;1;3;8;2;1;0;0;0;2;1;0;1;2;5;2;0;1;48;4;1;1;3;1;0;0;0;1;1;0;0;2;0;0;1;2;0;1;0;0;22;0;0;1;58;25;53;79;45;15;11;58;5;16;6;3;7;1;0;1;2;6;0;1;0;0;2;40;0;0;26;3;9;10;2;1;1;1;0;0;2;1;1;1;7;1;1;1;0;0;0;2;2;1;0;1;92;27;19;3;12;27;9;3;1;3;3;0;2;0;3;1;4;0;4;0;0;2;0;0;0;2;3;3;2;0;0;0;0;0;0;1;0;0;0;1;0;0;0;0;0;0;0;0;0;0;0;2
3;"Przedszkole Publiczne Nr 2 im. Marii Konopnickiej, ul. Szkolna 37, 87-400 Golub-Dobrzyń";40501;"m. Golub-Dobrzyń";"golubsko-dobrzyński";"kujawsko-pomorskie";1;1;2;0;0;0;1;0;0;0;0;0;1;1;0;0;0;0;0;0;0;0;0;0;0;0;0;45;21;6;21;2;7;0;1;0;1;3;4;6;1;2;1;0;2;0;0;0;1;1;1;1;0;51;5;0;0;1;2;0;0;0;1;2;1;2;0;3;1;0;0;0;0;0;0;11;1;0;1;29;13;29;43;51;4;1;30;0;7;3;0;1;2;0;0;0;2;1;0;0;1;1;18;0;0;19;3;3;13;1;1;0;2;0;1;0;0;1;1;3;1;1;0;0;1;0;0;1;0;0;1;88;28;25;1;16;43;2;0;2;2;2;1;3;1;3;0;0;2;3;0;1;0;1;0;0;1;5;1;0;1;0;0;0;0;0;0;0;1;0;0;0;0;0;0;0;1;3;0;0;0;0;0
4;"Hala widowiskowo-sportowa, ul. Sosnowa 2A, 87-400 Golub-Dobrzyń";40501;"m. Golub-Dobrzyń";"golubsko-dobrzyński";"kujawsko-pomorskie";1;1;2;1;1;0;1;1;0;0;0;1;2;1;0;0;0;0;0;0;0;1;0;1;0;0;0;67;43;7;19;3;11;3;4;4;0;1;16;3;3;4;2;2;1;0;1;1;1;1;3;0;1;102;9;0;2;1;0;0;2;1;3;4;0;3;1;0;2;1;0;0;0;0;0;31;3;0;1;65;20;74;79;63;15;12;69;4;18;4;1;0;1;3;0;3;4;0;0;3;0;2;31;0;1;30;3;6;10;2;2;2;0;3;2;0;2;0;4;10;1;1;0;0;2;0;2;0;3;0;4;169;49;28;5;25;59;5;4;2;11;3;0;2;1;6;1;5;0;3;3;1;0;1;0;1;1;15;2;2;1;0;0;0;0;0;0;0;0;0;1;0;0;0;0;1;0;2;0;0;0;0;0
5;"Zespół Szkół Miejskich, ul. Stefana Żeromskiego 11, 87-400 Golub-Dobrzyń";40501;"m. Golub-Dobrzyń";"golubsko-dobrzyński";"kujawsko-pomorskie";1;1;0;1;0;0;1;0;1;1;0;1;1;2;0;0;1;0;0;0;2;1;0;0;0;1;1;45;23;8;17;3;5;5;0;2;4;4;11;0;3;1;4;1;0;1;0;3;3;3;2;2;6;75;5;0;0;4;0;2;0;0;4;0;4;4;0;1;0;0;2;1;0;1;1;25;1;0;4;50;24;61;106;61;7;2;73;5;16;5;2;1;0;2;1;0;4;0;1;0;0;1;24;0;0;17;7;3;2;3;1;0;0;2;1;0;0;1;1;4;1;0;0;0;0;1;2;0;0;0;1;125;46;14;2;16;63;7;2;2;7;1;2;2;2;4;1;0;1;2;4;0;0;1;0;0;0;3;1;2;0;1;0;0;0;1;0;1;0;0;0;0;0;2;0;0;0;2;0;0;0;0;0
6;"Zespół Szkół Miejskich, ul. Stefana Żeromskiego 11, 87-400 Golub-Dobrzyń";40501;"m. Golub-Dobrzyń";"golubsko-dobrzyński";"kujawsko-pomorskie";1;1;3;2;0;0;0;2;0;0;0;0;0;0;0;0;0;0;0;0;0;0;0;0;0;0;0;49;18;10;16;1;3;2;3;1;0;3;10;1;1;0;3;0;2;0;0;1;3;1;0;1;11;59;4;3;1;2;1;0;0;0;0;1;6;0;0;0;0;0;0;0;0;0;0;14;3;0;2;34;18;42;64;33;10;6;27;1;8;4;1;1;0;1;1;0;4;0;1;1;0;1;9;1;0;15;2;3;10;1;2;0;0;1;0;0;0;0;2;9;1;0;0;0;1;0;0;0;0;0;1;100;29;25;4;9;50;4;0;2;7;0;2;1;0;1;0;0;0;3;1;0;2;0;0;0;1;5;3;0;1;3;1;0;0;0;0;0;0;1;0;0;0;0;0;0;1;0;0;0;0;0;0
7;"Szpital Powiatowy Sp. z o. o., ul. dr. Jerzego Gerarda Koppa 1E, 87-400 Golub-Dobrzyń";40501;"m. Golub-Dobrzyń";"golubsko-dobrzyński";"kujawsko-pomorskie";1;1;0;0;0;0;0;0;0;0;0;0;0;0;0;0;0;0;0;0;0;0;0;0;0;0;0;1;3;0;0;0;0;0;0;0;0;0;0;0;0;0;0;0;0;0;0;0;0;0;0;0;1;1;1;0;0;0;0;0;0;0;0;0;0;0;0;0;0;0;0;0;0;0;0;1;0;0;0;1;1;4;0;1;0;0;4;0;0;0;0;0;0;0;0;0;0;0;0;0;0;0;0;0;0;0;0;0;0;0;0;0;0;0;0;0;0;0;0;0;0;0;0;0;0;0;0;0;0;0;0;1;0;0;0;0;1;0;1;2;0;0;0;0;0;0;0;0;0;0;0;0;0;0;0;0;0;0;0;0;0;0;0;0;0;0;0;0;0;0;0;0;0;0;0;0;0;0;0;0;0;0;0
1;"Szkoła Podstawowa im. Oskara Kolberga, Ciechocin 167, 87-408 Ciechocin";40502;"gm. Ciechocin";"golubsko-dobrzyński";"kujawsko-pomorskie";1;1;0;0;0;1;0;0;1;0;0;0;0;0;2;0;0;0;0;0;0;0;0;0;0;0;0;9;4;6;9;1;26;1;0;0;0;1;6;2;1;0;0;0;0;2;0;0;1;0;0;0;1;28;5;0;1;1;0;1;1;0;0;0;1;0;1;0;1;0;0;0;0;0;0;1;0;0;4;30;7;25;25;74;1;2;10;0;18;1;0;0;0;0;1;1;0;0;0;0;0;0;5;0;0;19;3;1;5;0;3;0;3;0;1;0;0;0;0;1;0;0;0;0;0;0;0;0;0;0;0;36;11;3;1;0;2;3;0;0;5;2;1;2;2;0;0;0;0;1;0;0;0;0;0;0;2;0;0;0;1;0;1;0;0;0;0;1;0;0;1;0;1;0;0;0;0;0;0;0;0;0;0
2;"Świetlica wiejska, Elgiszewo 115, 87-408 Ciechocin";40502;"gm. Ciechocin";"golubsko-dobrzyński";"kujawsko-pomorskie";1;1;1;0;0;1;0;0;0;2;0;0;0;0;0;1;0;0;1;1;0;0;0;0;0;0;0;12;9;1;12;0;24;2;1;0;1;0;7;0;2;1;0;0;0;0;0;1;0;1;3;0;3;22;3;2;0;0;1;0;1;1;0;2;0;1;0;0;0;2;0;1;0;0;0;0;0;1;0;37;7;22;41;38;3;2;19;2;15;2;0;0;0;1;0;0;0;1;0;0;0;0;5;0;2;7;3;4;0;0;1;1;1;0;0;1;0;1;1;0;0;0;0;0;0;0;0;0;0;0;1;55;10;6;1;1;3;1;1;1;2;0;0;0;1;0;0;0;0;1;0;0;0;0;0;0;1;3;0;0;0;0;0;0;0;0;0;0;0;1;0;0;1;0;0;0;0;0;0;0;0;0;1
3;"Szkoła Podstawowa im. Oskara Kolberga w Ciechocinie Budynek w Nowej Wsi, Nowa Wieś 20, 87-408 Ciechocin";40502;"gm. Ciechocin";"golubsko-dobrzyński";"kujawsko-pomorskie";1;1;1;0;0;0;0;0;0;0;0;0;0;0;0;0;0;0;0;0;0;0;0;0;0;0;1;12;4;0;2;0;18;0;1;0;0;0;2;0;0;1;0;0;0;0;0;0;0;0;1;0;2;5;1;0;0;0;1;0;0;0;0;0;0;0;0;0;0;0;0;0;0;0;0;1;0;0;1;13;7;15;17;60;1;1;6;2;6;0;0;0;0;1;0;0;1;0;0;0;0;0;1;0;0;4;1;1;1;0;2;1;0;0;0;0;0;0;0;0;0;0;0;0;0;0;0;0;0;0;0;17;11;1;0;0;1;1;0;1;5;0;0;0;0;0;0;0;0;1;0;0;0;0;0;0;0;2;0;0;0;0;0;0;0;0;0;1;0;0;0;0;0;0;0;0;0;0;0;0;0;0;0
4;"Szkoła Podstawowa im. Bohaterów Września 1939 r., Świętosław 36, 87-408 Ciechocin";40502;"gm. Ciechocin";"golubsko-dobrzyński";"kujawsko-pomorskie";1;1;6;1;0;0;0;0;0;0;0;1;0;0;0;0;0;0;0;0;0;0;0;0;0;0;1;39;7;8;9;1;24;1;2;1;0;1;0;1;0;3;0;0;1;0;1;0;1;1;1;0;9;23;5;0;1;0;0;1;0;2;0;0;2;0;0;0;2;0;0;0;0;1;0;1;0;0;3;34;12;18;12;125;3;6;18;0;13;1;1;1;0;3;1;0;4;1;0;1;0;2;0;0;0;16;5;3;2;1;1;2;1;0;3;0;1;0;0;1;3;0;1;0;1;0;0;0;0;0;4;50;9;2;1;1;0;2;0;1;1;1;0;2;1;1;1;1;2;2;0;0;0;0;0;0;0;1;0;0;0;0;0;3;0;0;0;0;1;2;0;0;1;1;0;0;0;5;0;0;0;0;0
5;"Świetlica wiejska, Miliszewy 50, 87-408 Ciechocin";40502;"gm. Ciechocin";"golubsko-dobrzyński";"kujawsko-pomorskie";1;1;0;0;0;0;0;0;1;1;0;0;0;0;0;0;0;0;0;0;0;0;0;0;0;0;0;8;2;1;4;1;10;0;0;1;0;0;2;0;0;1;0;0;1;1;0;0;0;1;0;1;2;8;1;0;0;1;0;0;0;0;0;0;0;1;0;0;0;0;0;0;0;0;0;2;0;0;1;9;4;12;19;51;1;1;26;1;3;1;0;0;0;1;0;0;1;0;0;0;0;0;0;0;0;6;3;2;2;1;1;0;0;1;0;0;0;0;1;1;0;0;0;0;1;0;0;0;0;0;3;7;6;1;0;0;0;0;1;0;2;0;1;1;1;1;0;0;1;0;0;0;1;0;0;0;0;0;0;0;0;0;0;0;0;0;0;0;0;0;0;1;0;0;0;0;0;0;0;0;0;0;0
6;"Świetlica wiejska, Małszyce 43, 87-408 Ciechocin";40502;"gm. Ciechocin";"golubsko-dobrzyński";"kujawsko-pomorskie";1;1;3;0;0;2;0;0;0;0;0;0;0;0;0;0;1;1;0;0;1;0;0;1;0;0;0;11;1;2;2;0;23;0;1;0;0;0;1;0;0;0;0;0;0;0;0;2;1;0;0;0;0;10;2;0;1;0;0;0;0;0;1;3;1;0;0;0;0;0;0;0;0;0;0;0;0;0;0;5;5;5;12;51;1;1;4;0;5;0;1;0;0;0;0;0;0;0;0;0;0;1;0;0;0;10;3;0;2;0;0;0;1;0;0;1;0;0;0;0;0;0;0;0;0;1;0;0;0;0;3;33;6;0;1;1;1;2;0;1;1;0;5;1;0;0;0;0;0;0;0;0;0;0;0;0;0;0;1;0;0;0;0;0;0;0;0;0;0;0;0;0;0;0;0;0;0;0;0;0;0;0;0
1;"Zespół Szkolno-Przedszkolny, Wrocki 14, 87-400 Golub-Dobrzyń";40503;"gm. Golub-Dobrzyń";"golubsko-dobrzyński";"kujawsko-pomorskie";1;1;1;2;2;0;1;1;0;0;0;1;1;0;0;0;0;0;0;0;0;0;0;1;1;0;0;91;27;6;11;2;3;2;1;3;0;2;3;0;1;3;1;0;0;0;2;0;2;0;0;1;1;28;4;0;0;0;1;1;0;0;3;1;3;0;1;0;1;1;2;1;1;0;0;4;1;0;1;51;10;22;88;118;3;6;58;2;21;7;2;2;1;4;1;0;3;0;0;0;1;3;5;1;1;20;7;5;4;1;1;1;0;2;0;1;0;1;2;4;2;1;2;0;1;0;0;1;1;1;0;45;15;13;0;3;40;5;3;2;1;0;0;2;0;0;0;1;0;1;0;0;0;0;0;0;0;2;6;0;1;0;1;0;0;0;0;0;0;0;0;0;0;0;0;0;0;1;0;0;0;0;0
2;"Zespół Szkolno-Przedszkolny, Gałczewo 7, 87-400 Golub-Dobrzyń";40503;"gm. Golub-Dobrzyń";"golubsko-dobrzyński";"kujawsko-pomorskie";1;1;5;1;2;0;3;0;0;0;1;0;2;0;2;0;1;0;0;0;0;0;0;0;0;0;0;39;19;7;26;1;7;4;2;1;0;2;11;1;2;4;1;0;3;0;0;0;1;3;3;1;2;26;6;1;1;0;2;3;0;2;3;1;2;6;3;1;0;0;1;0;0;0;1;16;1;0;1;41;20;50;64;86;5;8;66;2;14;2;4;2;0;5;1;0;2;0;0;1;0;2;26;0;2;25;7;5;8;2;5;1;2;5;3;1;0;1;1;4;0;2;0;1;4;0;0;1;1;1;6;66;12;12;1;5;15;6;0;1;3;2;1;1;0;0;0;2;2;4;1;0;1;2;0;0;0;5;2;0;2;0;1;2;0;0;0;0;0;1;0;0;0;0;1;0;0;1;0;0;0;1;0
3;"Zespół Szkolno-Przedszkolny, Ostrowite 42, 87-400 Golub-Dobrzyń";40503;"gm. Golub-Dobrzyń";"golubsko-dobrzyński";"kujawsko-pomorskie";1;1;2;1;1;0;1;0;0;0;0;0;0;0;0;0;1;0;0;0;1;0;0;0;0;0;0;39;16;7;24;0;4;0;1;0;2;0;15;1;0;0;0;0;0;1;0;0;0;1;0;1;3;26;5;1;1;0;2;1;2;0;1;1;1;0;1;0;1;1;0;1;0;0;0;0;6;1;0;34;14;23;52;63;7;7;34;0;13;5;0;0;0;3;0;0;1;0;1;1;0;0;17;0;2;17;3;3;3;1;1;0;2;0;1;0;0;0;0;1;0;0;2;0;4;0;0;1;0;2;0;60;21;22;3;14;17;3;0;1;16;2;1;0;0;2;1;4;0;2;1;0;0;0;0;0;4;3;1;0;1;0;5;2;2;0;0;0;0;0;0;0;0;1;0;0;0;0;0;0;0;0;0
4;"Zespół Szkolno-Przedszkolny, Nowogród 32, 87-400 Golub-Dobrzyń";40503;"gm. Golub-Dobrzyń";"golubsko-dobrzyński";"kujawsko-pomorskie";1;1;2;0;0;0;0;0;0;0;0;0;0;0;0;0;0;1;0;0;0;0;0;0;0;0;0;36;27;6;11;4;8;3;2;0;0;1;10;0;3;0;1;2;1;1;1;0;0;0;2;0;6;42;5;0;0;1;3;0;2;0;1;1;2;0;1;0;0;0;0;1;0;0;0;6;0;0;2;15;15;9;30;69;1;3;23;1;8;0;1;0;1;0;0;0;1;0;0;0;0;1;15;0;2;23;1;0;6;0;3;0;4;0;1;0;2;2;0;4;0;0;0;0;0;0;0;1;0;0;2;63;13;10;2;15;32;8;1;0;5;2;7;1;0;2;0;2;0;3;2;0;1;2;0;0;1;6;1;0;1;0;2;0;0;0;0;1;0;1;0;0;0;0;0;0;0;0;0;0;0;0;0
5;"Urząd Gminy, pl. Plac 1000-lecia 25, 87-400 Golub-Dobrzyń";40503;"gm. Golub-Dobrzyń";"golubsko-dobrzyński";"kujawsko-pomorskie";1;1;1;1;0;0;0;0;1;0;0;0;0;0;1;0;1;0;0;1;0;0;0;0;0;0;0;44;17;2;7;0;2;1;2;3;0;0;9;0;2;0;1;0;0;0;1;1;0;2;0;0;0;29;2;2;1;0;0;0;0;0;0;0;0;0;0;1;0;0;2;0;0;0;0;1;0;0;1;15;6;12;32;36;2;0;18;0;7;0;0;0;0;1;0;0;1;0;0;0;0;1;21;0;0;7;3;4;5;1;1;3;0;0;0;1;1;0;0;1;0;1;0;0;0;0;0;0;0;0;1;40;13;12;1;7;7;2;0;0;0;0;0;0;0;1;0;1;0;0;1;0;0;0;0;1;2;2;0;2;0;0;0;0;0;0;0;1;0;1;0;0;0;0;0;0;0;1;0;0;0;0;0
6;"Świetlica Wiejska, Białkowo 31, 87-400 Golub-Dobrzyń";40503;"gm. Golub-Dobrzyń";"golubsko-dobrzyński";"kujawsko-pomorskie";1;1;1;0;0;2;1;0;0;0;0;1;0;0;0;0;0;0;0;1;2;0;0;0;0;0;1;25;18;3;15;1;5;1;0;1;0;0;5;0;3;0;0;1;3;0;0;1;1;1;0;0;4;38;3;1;1;2;2;0;0;0;0;0;1;1;1;0;1;0;0;1;0;0;0;6;0;0;1;30;12;27;54;49;4;8;47;2;6;4;0;2;0;0;0;0;1;0;0;0;0;2;10;1;0;13;2;2;9;3;1;3;1;1;0;1;2;1;0;5;0;1;1;0;0;0;0;0;2;2;2;57;11;15;3;9;27;2;3;1;2;0;0;1;1;0;1;1;0;2;3;0;0;0;0;0;1;7;0;0;0;0;0;0;0;0;0;0;0;0;0;0;0;0;0;0;0;0;0;0;0;0;0
7;"Szkoła Podstawowa im. Józefa Sołtykiewicza, Węgiersk 95, 87-400 Golub-Dobrzyń";40503;"gm. Golub-Dobrzyń";"golubsko-dobrzyński";"kujawsko-pomorskie";1;1;2;0;0;0;0;0;0;1;0;0;1;0;0;0;1;0;0;0;0;0;0;0;0;0;0;36;6;3;7;0;8;2;1;0;0;0;5;2;1;1;1;2;0;1;1;1;0;0;1;0;2;20;2;0;0;3;1;0;2;0;0;3;1;0;1;0;0;0;0;0;0;1;0;2;0;0;0;17;15;6;48;35;1;4;39;2;8;1;2;1;1;1;0;0;1;0;1;0;0;0;17;0;1;13;1;0;4;1;3;3;1;0;1;1;1;0;0;2;1;0;0;0;3;0;0;1;0;0;2;35;10;5;1;5;17;1;0;2;2;1;0;0;0;2;0;0;0;2;1;0;0;1;0;0;1;4;1;1;0;0;0;0;0;0;0;0;0;0;2;0;0;0;0;0;0;0;0;0;0;0;0
1;"Szkoła Podstawowa, ul. Jana Pawła II 2, 87-410 Kowalewo Pomorskie";40504;"gm. Kowalewo Pomorskie";"golubsko-dobrzyński";"kujawsko-pomorskie";1;1;4;1;0;0;3;2;1;0;3;0;1;1;1;0;0;0;1;0;1;1;0;0;0;0;0;72;26;1;18;2;4;1;1;1;1;2;94;1;1;3;1;2;0;1;0;1;4;1;1;1;2;69;7;4;4;4;0;1;0;1;0;2;1;0;5;2;1;0;0;0;0;0;0;0;3;0;0;109;11;48;24;123;6;8;65;1;9;9;2;5;0;1;1;3;2;0;0;0;1;3;3;0;2;36;7;8;3;5;2;1;0;1;0;0;0;3;0;2;0;1;1;0;1;0;0;1;0;0;3;161;62;9;2;7;17;5;2;0;16;3;0;2;1;2;0;0;0;4;3;1;0;1;0;0;1;6;0;0;0;0;1;0;0;1;0;0;0;1;0;4;0;0;0;0;0;0;0;0;0;0;0
2;"Miejsko-Gminny Ośrodek Kultury, pl. Wolności 13, 87-410 Kowalewo Pomorskie";40504;"gm. Kowalewo Pomorskie";"golubsko-dobrzyński";"kujawsko-pomorskie";1;1;4;7;0;0;1;0;0;1;0;0;0;0;0;1;1;0;0;0;0;0;0;0;0;0;0;64;23;6;49;0;6;1;5;1;2;2;101;1;1;1;0;1;0;2;0;0;1;1;1;1;0;101;9;1;3;4;0;1;2;2;0;8;1;3;1;2;1;0;1;0;2;0;1;3;0;0;1;107;25;44;42;96;6;7;63;0;15;20;2;0;0;2;1;2;4;2;3;3;0;3;1;0;6;28;5;6;3;8;2;1;3;1;1;5;0;3;1;4;0;2;1;0;1;0;0;1;1;0;2;143;49;9;4;12;6;6;4;2;16;3;0;0;1;1;1;5;1;2;1;1;2;0;0;0;3;6;1;0;2;4;1;1;2;2;0;1;1;0;0;9;0;0;0;0;0;1;0;0;0;1;0
3;"Szkoła Podstawowa, Wielka Łąka 11, 87-410 Kowalewo Pomorskie";40504;"gm. Kowalewo Pomorskie";"golubsko-dobrzyński";"kujawsko-pomorskie";1;1;1;1;1;0;3;0;0;0;0;0;0;1;0;1;0;0;0;0;0;0;0;0;0;0;0;29;14;0;9;0;2;1;0;0;1;1;21;1;0;1;2;0;0;0;1;0;3;1;0;1;0;30;5;0;0;0;0;0;0;1;0;0;0;0;0;0;1;0;0;0;1;0;0;0;0;0;1;47;4;11;15;60;3;4;46;0;2;5;0;2;0;0;2;1;1;1;1;0;0;0;4;3;0;11;3;4;0;1;0;1;0;0;1;0;0;0;0;2;0;0;0;0;1;0;0;1;0;1;4;73;20;4;0;6;5;2;0;0;5;1;0;0;0;3;0;1;1;0;0;0;0;0;0;1;3;7;1;1;0;0;1;0;0;1;0;0;0;0;0;6;0;0;0;0;0;0;0;0;0;0;0
4;"Szkoła Podstawowa, Pluskowęsy 22, 87-410 Kowalewo Pomorskie";40504;"gm. Kowalewo Pomorskie";"golubsko-dobrzyński";"kujawsko-pomorskie";1;1;2;1;0;2;1;0;1;1;0;0;1;0;0;0;0;1;1;0;0;0;0;0;0;0;1;29;9;3;8;1;2;0;2;1;1;0;40;1;0;1;1;0;2;0;1;0;0;1;0;0;1;25;0;1;1;3;0;0;0;1;2;1;0;1;1;0;2;0;1;2;0;0;0;0;0;0;1;49;8;26;26;67;3;3;19;3;3;7;0;1;1;1;0;1;4;0;0;0;0;1;7;0;2;19;8;5;4;2;0;3;0;1;3;0;1;0;1;3;0;0;1;0;0;0;0;0;0;3;1;58;11;4;1;3;3;3;3;1;2;2;2;0;0;0;0;1;0;0;0;0;0;0;0;0;4;4;0;0;1;1;1;0;1;0;0;1;0;1;0;4;0;0;0;0;0;1;0;0;0;0;1
5;"Świetlica wiejska, Chełmonie 5, 87-410 Kowalewo Pomorskie";40504;"gm. Kowalewo Pomorskie";"golubsko-dobrzyński";"kujawsko-pomorskie";1;1;0;2;0;0;0;1;0;0;1;0;1;0;0;1;0;0;0;0;0;0;0;0;0;0;0;17;10;3;9;0;1;1;1;0;0;0;21;0;0;0;0;0;0;0;0;0;0;0;0;1;0;11;2;0;1;1;0;0;0;2;0;1;0;6;0;0;0;0;1;0;0;0;0;0;1;0;2;32;8;13;6;51;4;3;13;0;6;2;1;1;1;1;1;0;2;1;0;0;0;1;0;0;0;12;4;5;4;2;2;1;2;1;0;1;0;1;0;0;1;0;0;0;0;0;0;1;0;3;1;18;7;1;2;7;2;5;0;0;3;1;0;0;0;0;0;1;0;0;0;0;0;0;0;0;0;2;0;0;0;0;0;0;0;0;0;0;0;1;2;2;0;0;0;0;0;0;0;0;0;0;0
6;"Świetlica wiejska, Mlewiec 15, 87-410 Kowalewo Pomorskie";40504;"gm. Kowalewo Pomorskie";"golubsko-dobrzyński";"kujawsko-pomorskie";1;1;2;0;0;1;0;0;0;0;1;0;0;0;0;0;0;0;0;0;0;0;0;0;0;0;0;10;11;0;4;0;1;0;2;0;1;1;8;2;1;2;0;0;0;1;1;0;2;3;0;0;0;8;0;0;2;0;0;0;1;1;0;0;0;0;0;0;0;0;0;0;0;0;0;0;0;0;0;21;5;6;4;43;0;3;13;0;4;1;0;1;0;0;0;1;3;0;0;1;0;0;0;0;1;4;1;0;4;0;1;0;1;1;2;0;0;1;0;1;0;1;1;0;0;0;1;0;0;0;1;24;8;3;0;5;0;3;0;1;2;1;1;0;0;0;0;0;1;0;0;1;0;0;0;0;0;0;0;0;0;3;0;0;0;0;0;0;1;1;0;2;0;0;0;0;0;0;0;0;0;0;0
7;"Szkoła Podstawowa, Wielkie Rychnowo 53, 87-410 Kowalewo Pomorskie";40504;"gm. Kowalewo Pomorskie";"golubsko-dobrzyński";"kujawsko-pomorskie";1;1;4;1;0;0;1;0;0;1;0;0;1;0;0;1;0;0;0;0;0;0;0;0;1;1;0;49;14;8;34;1;4;4;1;1;0;4;31;1;0;0;0;0;0;2;0;0;4;1;2;0;2;26;2;1;0;2;0;1;1;0;3;5;2;1;2;2;4;0;1;0;0;0;0;0;0;0;1;45;12;22;5;72;11;4;79;2;5;4;1;1;0;3;0;2;2;0;0;0;1;1;1;1;3;32;14;5;2;5;3;1;2;3;0;0;0;1;1;3;2;1;0;0;0;0;1;0;0;1;0;77;24;2;1;1;6;5;1;1;24;1;2;1;3;2;0;0;0;0;0;0;2;0;0;2;2;2;5;2;0;0;0;2;1;1;1;1;0;3;1;5;0;0;0;0;0;0;0;0;0;0;0
8;"Świetlica wiejska, Sierakowo 24, 87-410 Kowalewo Pomorskie";40504;"gm. Kowalewo Pomorskie";"golubsko-dobrzyński";"kujawsko-pomorskie";1;1;1;2;0;0;0;0;0;0;0;0;0;0;0;0;0;0;0;0;0;1;0;0;0;0;0;13;7;2;2;0;3;0;0;0;0;0;15;0;0;0;0;0;0;0;0;0;0;0;1;0;0;10;1;2;0;0;0;0;0;0;0;0;0;0;1;0;0;0;0;0;0;0;0;1;1;0;0;11;2;3;16;9;1;1;16;1;1;0;0;0;0;0;0;2;0;1;0;0;0;0;1;0;0;4;3;2;1;1;0;2;1;0;0;0;0;0;0;0;0;0;0;0;0;0;0;1;0;0;0;8;9;1;0;2;2;2;0;0;2;1;0;0;1;0;0;0;0;1;0;0;0;0;0;0;0;0;0;0;0;0;0;0;0;0;0;0;0;1;0;2;0;0;0;0;0;0;0;0;0;0;0
9;"Wiejski dom kultury, Piątkowo 16A, 87-410 Kowalewo Pomorskie";40504;"gm. Kowalewo Pomorskie";"golubsko-dobrzyński";"kujawsko-pomorskie";1;1;1;1;0;0;2;0;0;0;0;0;0;0;0;0;0;0;0;0;0;0;0;0;0;0;0;6;4;3;5;0;1;0;0;1;0;0;25;0;1;0;0;0;0;0;0;1;0;1;1;0;0;9;3;1;0;1;2;0;0;0;0;0;0;0;0;1;0;0;0;1;0;0;0;0;0;0;1;18;1;6;6;26;0;5;32;1;1;4;0;2;1;0;0;0;3;0;0;0;0;0;0;0;0;5;2;4;2;0;1;0;0;0;0;0;2;1;1;0;0;0;0;0;0;0;0;0;0;0;0;17;4;3;0;3;0;1;0;1;0;1;1;1;0;0;0;0;0;1;0;0;0;0;0;0;1;2;0;0;0;0;0;0;0;0;0;0;0;0;0;0;0;0;0;1;0;0;0;0;0;0;0
10;"Świetlica wiejska, Pruska Łąka 60A, 87-410 Kowalewo Pomorskie";40504;"gm. Kowalewo Pomorskie";"golubsko-dobrzyński";"kujawsko-pomorskie";1;1;0;0;0;0;0;0;0;0;0;0;0;0;0;0;0;0;0;0;0;0;0;0;0;0;0;12;4;2;6;0;0;1;0;0;1;0;11;1;0;3;0;0;0;0;0;0;1;0;1;0;3;9;1;1;0;0;0;1;1;0;0;0;0;0;0;0;0;0;1;0;0;0;0;0;0;0;1;24;2;9;6;21;0;1;13;0;1;2;0;0;0;0;0;2;1;0;0;0;1;0;2;0;0;16;2;0;2;0;0;0;1;2;0;0;0;0;0;1;0;0;0;0;1;0;0;0;0;0;2;44;14;1;4;0;2;0;0;0;3;1;0;1;4;0;0;0;0;0;0;0;0;0;0;0;2;1;0;4;1;0;1;0;0;0;0;0;0;0;0;0;0;0;0;0;0;0;0;0;0;0;0
11;"Remizo-świetlica, Srebrniki 43, 87-410 Kowalewo Pomorskie";40504;"gm. Kowalewo Pomorskie";"golubsko-dobrzyński";"kujawsko-pomorskie";1;1;0;0;0;0;0;0;0;0;0;0;0;0;0;0;0;0;0;0;0;0;0;0;0;0;0;1;2;0;1;0;4;1;0;0;0;0;10;0;0;0;0;0;0;0;1;0;0;0;0;0;0;5;1;0;1;0;0;0;0;0;0;0;0;0;0;0;0;0;1;0;0;0;0;0;0;0;1;8;2;11;2;14;3;1;5;0;1;1;0;0;0;0;0;0;0;0;0;1;0;1;0;0;0;3;3;0;0;0;0;0;0;1;0;1;0;0;0;1;0;0;0;0;0;0;0;0;0;1;0;13;4;2;0;1;2;0;0;0;2;1;0;0;1;0;0;0;0;0;0;0;0;1;0;0;0;0;0;0;0;0;0;0;0;0;0;0;0;0;0;4;0;0;0;0;0;2;0;0;0;0;0
1;"Gminny Ośrodek Kultury i Sportu, Radomin 1, 87-404 Radomin";40505;"gm. Radomin";"golubsko-dobrzyński";"kujawsko-pomorskie";1;1;4;1;1;0;0;0;0;0;0;0;0;0;0;0;1;0;0;1;0;0;0;1;0;0;1;37;10;3;15;0;5;0;0;2;1;0;7;1;1;0;0;0;0;0;0;1;0;0;1;0;0;16;0;1;1;2;0;0;0;0;0;0;1;2;0;0;0;0;0;0;1;0;0;1;0;0;1;33;23;19;54;52;2;2;47;0;5;0;0;1;0;1;0;0;2;0;0;0;0;3;12;1;0;10;3;1;3;1;3;3;0;2;0;0;0;0;0;2;0;0;0;0;0;0;1;0;0;0;3;32;6;5;0;3;17;1;0;0;5;0;0;0;4;0;1;0;0;0;0;0;0;0;0;0;1;5;1;0;0;1;0;0;1;1;0;0;1;0;0;0;0;0;0;0;0;0;0;0;0;0;0
2;"Filia Szkoły Podstawowej, Dulsk 28a, 87-404 Radomin";40505;"gm. Radomin";"golubsko-dobrzyński";"kujawsko-pomorskie";1;1;2;0;0;0;0;0;0;0;2;0;1;0;0;0;0;0;0;0;1;0;0;0;0;0;0;36;3;3;8;2;8;3;0;0;1;1;14;0;1;1;0;0;0;2;0;0;1;0;0;0;5;9;1;0;0;2;0;0;0;0;0;1;1;3;0;0;0;0;0;0;0;0;1;0;0;0;1;12;5;21;33;73;2;4;27;1;0;0;0;0;0;0;0;0;1;2;0;0;0;0;9;2;3;9;1;0;6;0;1;1;0;0;0;0;0;0;0;1;0;0;0;0;1;1;0;0;0;0;3;10;8;2;0;3;10;0;0;0;3;0;0;0;0;1;0;1;0;1;1;0;0;1;0;0;0;0;1;0;0;1;0;0;0;0;0;0;0;0;0;0;0;0;0;0;0;0;0;1;0;0;0
3;"Szkoła Podstawowa im. Dziewanowskich, Płonne 69, 87-404 Radomin";40505;"gm. Radomin";"golubsko-dobrzyński";"kujawsko-pomorskie";1;1;3;0;0;0;0;0;0;0;0;0;1;0;0;0;0;0;0;0;0;0;0;0;0;0;0;25;7;1;8;0;7;4;0;1;0;1;3;0;0;0;0;0;0;0;0;0;1;1;1;0;1;8;2;3;1;1;0;1;0;0;1;1;0;2;0;1;1;1;1;1;0;0;0;2;2;0;0;22;8;22;37;80;9;4;158;2;7;3;0;0;0;1;0;0;1;0;0;0;0;0;6;0;0;26;1;3;3;2;3;0;1;4;0;0;3;1;0;2;1;0;0;0;1;0;0;1;0;0;11;23;7;4;0;0;25;1;0;0;4;1;1;0;0;0;0;0;1;0;0;0;0;0;0;0;2;9;6;0;0;1;0;0;0;0;0;0;0;0;0;0;1;0;0;0;0;4;0;0;0;0;0
4;"Szkoła Podstawowa, Radomin 21, 87-404 Radomin";40505;"gm. Radomin";"golubsko-dobrzyński";"kujawsko-pomorskie";1;1;0;0;0;0;0;0;0;0;0;0;0;0;0;0;0;0;0;0;0;0;0;0;0;0;1;19;0;1;4;3;1;0;2;0;0;3;1;0;1;0;0;0;0;0;1;0;0;0;0;0;0;7;1;0;0;0;1;0;0;0;0;0;0;0;0;0;0;0;0;0;0;0;0;2;1;0;0;26;5;13;19;40;2;1;16;2;2;1;0;2;0;0;1;0;4;0;0;0;0;0;2;0;1;8;0;1;1;1;0;1;0;0;0;0;0;0;1;1;1;0;1;0;0;0;0;0;0;0;1;3;4;0;0;1;2;0;0;2;0;0;0;0;0;0;0;0;0;0;2;0;0;0;0;0;1;6;1;0;0;0;0;1;0;0;0;0;0;0;0;0;0;0;0;0;0;0;0;0;0;0;0
5;"Świetlica wiejska, Szafarnia 3a, 87-404 Radomin";40505;"gm. Radomin";"golubsko-dobrzyński";"kujawsko-pomorskie";1;1;0;0;0;0;0;0;0;0;0;0;0;1;0;0;0;0;0;0;2;0;0;0;0;0;0;6;0;1;1;0;2;0;0;0;0;0;1;0;0;0;0;1;0;0;0;0;0;0;0;0;0;4;1;0;0;1;0;0;0;1;0;0;0;0;0;0;0;0;0;0;0;0;0;1;0;0;1;9;2;2;8;13;1;1;14;0;3;0;1;0;0;0;0;0;1;0;0;0;1;0;0;0;0;0;1;0;0;0;0;0;0;1;0;0;0;0;0;1;0;0;0;0;0;0;0;1;0;0;0;6;4;0;0;0;10;0;0;0;1;0;0;0;0;0;0;0;0;0;0;0;0;0;0;0;0;0;1;0;0;1;0;0;0;0;0;0;0;0;0;0;0;0;0;0;0;0;0;0;0;0;0
6;"Świetlica wiejska, Rętwiny 38a, 87-404 Radomin";40505;"gm. Radomin";"golubsko-dobrzyński";"kujawsko-pomorskie";1;1;1;0;0;0;1;0;0;0;0;0;0;0;0;0;0;0;0;0;0;0;0;0;0;0;0;14;8;1;0;0;2;0;0;0;1;1;1;0;0;0;0;0;0;0;0;0;0;0;0;0;0;1;0;0;0;0;0;0;0;0;0;0;0;0;0;0;0;0;0;0;0;0;1;0;0;0;0;8;8;9;12;22;0;0;15;0;2;0;0;0;0;0;0;0;0;0;0;0;0;1;2;0;0;1;0;0;2;0;0;0;0;1;0;0;0;0;0;3;0;1;0;0;0;0;0;0;0;0;0;4;4;0;0;0;2;0;0;0;0;0;0;0;0;0;0;0;0;0;0;0;0;0;0;0;0;1;4;0;0;0;0;0;0;0;0;0;0;0;0;0;0;0;0;0;0;0;0;0;0;0;0
1;"Zespół Szkół, Działyń 57, 87-645 Zbójno";40506;"gm. Zbójno";"golubsko-dobrzyński";"kujawsko-pomorskie";1;1;0;1;0;2;1;0;1;1;1;0;2;0;0;1;0;0;0;0;1;0;0;0;0;0;0;41;17;7;26;0;8;2;1;3;3;2;5;0;0;3;1;0;0;0;1;0;0;2;1;1;5;35;7;0;1;4;0;0;1;2;1;0;2;1;2;0;1;0;0;0;0;0;0;3;0;0;0;26;77;14;34;91;7;3;26;1;13;3;1;3;0;1;0;1;0;1;0;2;0;0;5;2;1;31;8;3;9;2;5;2;0;0;1;0;2;1;0;4;0;0;2;0;0;0;0;1;0;1;2;27;18;3;3;5;3;1;1;1;1;0;2;4;0;0;1;3;0;5;1;0;0;0;0;0;0;6;0;3;1;0;0;0;0;0;0;1;0;0;0;0;0;0;0;0;0;0;0;0;0;0;2
2;"Szkoła Podstawowa, Ruże 5, 87-645 Zbójno";40506;"gm. Zbójno";"golubsko-dobrzyński";"kujawsko-pomorskie";1;1;0;1;0;0;2;2;0;0;0;0;1;0;0;0;0;0;0;0;0;0;0;0;0;0;0;9;7;1;4;0;5;2;0;1;0;0;1;1;0;2;0;0;1;0;1;1;2;0;1;0;1;10;2;0;0;0;0;0;0;1;0;0;1;0;1;0;0;0;0;0;0;0;0;2;0;0;1;7;15;15;22;42;2;2;14;1;4;2;1;1;0;0;1;0;0;1;0;0;0;0;1;0;0;9;3;1;1;0;1;4;0;1;0;0;0;0;0;1;0;0;0;0;0;0;0;1;0;0;0;9;5;5;1;0;3;2;0;0;3;0;1;1;0;0;0;0;0;0;0;0;1;0;0;0;2;0;0;0;0;0;0;0;0;1;0;0;0;0;0;0;0;0;0;0;0;0;0;0;0;0;0
3;"Szkoła Podstawowa, Klonowo 62, 87-645 Zbójno";40506;"gm. Zbójno";"golubsko-dobrzyński";"kujawsko-pomorskie";1;1;2;2;0;0;1;0;1;1;0;0;0;0;0;0;0;0;0;0;2;0;0;0;0;1;0;25;6;4;13;0;6;0;3;0;1;0;4;1;2;2;0;0;0;0;0;0;0;1;1;2;13;18;1;0;0;0;0;0;1;0;0;0;2;0;1;0;0;0;0;0;0;0;0;2;0;0;0;26;44;13;24;74;1;1;19;1;5;2;0;3;0;0;0;0;0;0;0;0;0;0;0;0;1;17;3;1;3;3;0;1;0;1;0;0;0;0;1;1;1;0;0;0;0;0;0;0;0;0;2;13;6;6;3;2;10;3;1;1;1;0;0;1;0;0;1;0;0;1;1;5;0;0;0;0;0;2;1;0;0;0;0;0;0;0;0;0;0;2;0;0;0;0;0;1;0;1;0;0;0;0;0
4;"Zespół Szkół, Zbójno 178, 87-645 Zbójno";40506;"gm. Zbójno";"golubsko-dobrzyński";"kujawsko-pomorskie";1;1;3;3;1;0;1;1;0;0;1;0;0;0;0;0;1;0;0;1;0;0;0;0;0;0;2;49;12;13;24;1;4;3;1;2;0;0;6;0;0;0;0;2;1;1;0;0;0;2;2;0;25;42;6;0;0;2;0;1;1;0;0;4;1;5;1;0;4;0;3;0;1;0;0;5;1;0;3;29;39;36;28;83;4;10;43;1;7;3;1;3;0;0;0;1;0;0;2;0;1;0;3;0;1;10;7;3;1;2;0;2;0;0;0;1;0;1;2;2;1;0;1;0;1;0;0;0;1;0;3;41;19;23;6;4;5;1;1;4;2;2;0;1;0;1;1;1;0;5;5;0;0;0;0;1;0;3;0;0;0;1;0;0;0;0;0;2;0;0;1;0;0;0;0;0;0;2;0;0;1;0;0
1;"Remizo-świetlica, Wielki Wełcz 17, 86-302 Wielki Wełcz";40601;"gm. Grudziądz";"grudziądzki";"kujawsko-pomorskie";1;1;0;0;0;0;0;0;0;0;0;0;0;0;0;0;0;0;0;0;0;0;0;0;0;0;0;9;3;12;0;0;0;0;1;0;0;0;2;0;0;0;2;0;0;0;0;0;1;0;0;0;0;0;0;0;1;0;0;0;0;0;0;1;0;0;0;0;0;0;0;0;0;0;0;0;0;0;1;20;2;3;30;9;1;1;3;1;1;0;1;0;0;0;0;1;1;0;3;0;0;0;0;0;0;4;1;0;1;1;0;0;0;0;3;0;0;0;0;0;0;1;0;0;1;0;0;0;0;0;5;9;0;23;0;6;1;0;0;0;0;0;0;0;0;0;0;0;0;0;0;0;0;0;0;0;0;0;0;0;0;0;0;0;0;0;0;0;0;0;1;0;0;0;2;0;0;1;0;0;0;0;0
2;"Szkoła Podstawowa, ul. Złota 2, 86-302 Mokre";40601;"gm. Grudziądz";"grudziądzki";"kujawsko-pomorskie";1;1;2;1;0;1;0;1;0;0;1;1;0;0;0;1;1;0;0;0;0;0;0;0;0;0;1;18;13;61;6;1;3;0;0;1;0;2;0;1;0;5;1;0;2;0;0;0;0;1;6;0;1;35;5;18;0;3;1;1;2;2;0;1;0;0;2;0;4;0;0;0;0;0;1;0;0;0;2;47;3;5;58;27;1;3;9;0;2;0;1;8;0;0;0;0;0;0;1;0;0;3;0;0;0;7;4;1;1;4;2;3;3;1;0;1;3;0;1;0;1;2;1;0;1;0;0;0;0;0;8;22;10;115;1;6;5;2;3;0;1;1;1;0;0;0;0;3;0;2;0;0;1;1;0;0;1;4;4;0;0;0;0;0;0;0;0;0;0;0;0;0;0;0;0;0;0;3;1;0;0;0;0
3;"Szkoła Podstawowa, ul. Grudziądzka 43, 86-302 Nowa Wieś";40601;"gm. Grudziądz";"grudziądzki";"kujawsko-pomorskie";1;1;1;0;0;3;1;1;3;0;2;0;0;0;0;1;0;2;0;0;0;0;0;0;0;0;0;21;28;83;7;4;3;4;0;0;0;2;1;0;1;1;1;0;0;0;0;0;0;3;5;0;0;58;6;31;4;1;0;3;0;0;0;2;5;2;0;0;1;2;1;0;0;0;0;0;1;0;7;110;11;18;17;29;2;6;45;1;8;1;3;17;0;0;0;0;3;0;10;0;1;3;0;0;3;39;9;3;7;3;1;2;2;3;3;2;0;3;2;0;1;2;0;2;1;0;0;0;0;0;31;57;22;268;1;15;9;1;3;0;2;3;2;0;1;0;1;0;0;4;1;0;0;1;0;2;1;4;10;0;0;0;0;0;0;0;0;0;0;0;0;0;0;0;0;0;1;2;0;0;0;0;0
4;"Szkoła Podstawowa, Piaski 10, 86-302 Piaski";40601;"gm. Grudziądz";"grudziądzki";"kujawsko-pomorskie";1;1;2;0;1;0;0;0;0;0;2;0;0;0;0;0;0;0;0;0;0;0;0;0;0;0;0;5;21;27;2;1;1;2;0;0;0;0;5;0;0;0;0;0;1;0;0;0;0;1;6;0;3;12;3;11;2;1;1;0;2;0;0;1;0;0;1;0;1;0;0;0;0;0;0;0;2;0;1;60;2;8;9;12;0;1;6;1;2;1;2;8;1;0;0;0;1;0;3;1;0;0;0;0;1;8;3;0;1;2;2;1;1;1;0;1;0;0;0;0;1;1;0;0;2;0;0;0;0;0;4;25;10;86;0;8;4;2;0;0;0;0;2;0;0;0;0;5;1;0;0;0;1;0;0;1;1;0;0;1;0;0;0;0;0;0;0;0;0;0;2;0;1;0;0;0;0;0;0;0;0;1;0
5;"Szkoła Podstawowa, Wałdowo Szlacheckie 57, 86-302 Wałdowo Szlacheckie";40601;"gm. Grudziądz";"grudziądzki";"kujawsko-pomorskie";1;1;1;1;0;0;0;0;0;0;0;0;0;0;0;1;0;0;0;0;0;2;1;0;0;0;1;6;65;21;4;0;4;2;2;0;0;1;2;0;0;1;1;1;1;0;0;0;0;0;2;0;0;19;2;7;1;0;0;2;2;0;0;0;0;2;2;0;0;2;0;0;0;0;1;0;1;0;6;38;0;9;27;10;0;0;12;2;4;3;3;5;0;1;1;0;0;0;8;0;0;1;1;0;2;17;4;0;2;2;3;1;2;2;4;0;1;0;0;2;0;0;0;0;0;0;0;0;0;0;13;20;2;54;0;6;6;1;0;2;1;1;0;0;0;0;0;0;0;1;0;0;0;1;0;3;0;0;2;0;0;0;0;0;0;0;0;0;0;0;0;0;0;0;0;0;0;0;0;0;0;0;0
6;"Szkoła Podstawowa, Sztynwag 46, 86-302 Sztynwag";40601;"gm. Grudziądz";"grudziądzki";"kujawsko-pomorskie";1;1;2;4;0;0;1;1;1;1;1;0;1;2;2;0;1;0;0;0;0;0;0;0;0;0;0;36;63;98;17;0;6;2;1;2;4;1;3;3;3;2;0;1;0;0;0;0;2;0;10;0;2;68;4;19;3;3;0;0;0;1;1;1;0;1;0;0;1;1;0;0;2;0;0;2;0;1;24;63;11;21;77;34;4;5;37;1;8;1;7;39;0;0;0;1;7;0;17;0;0;0;0;2;5;30;4;5;2;2;1;1;2;1;2;1;1;0;0;3;0;5;2;1;1;1;0;1;1;0;23;72;19;274;2;15;6;4;1;2;4;1;4;2;0;6;0;0;1;5;1;0;1;8;0;0;1;3;4;2;0;0;0;0;0;1;0;0;0;2;0;0;1;0;0;0;0;2;0;0;0;1;0
7;"Remizo-Świetlica, Szynych 9, 86-302 Szynych";40601;"gm. Grudziądz";"grudziądzki";"kujawsko-pomorskie";1;1;1;0;1;0;0;0;0;0;1;0;0;0;1;0;0;1;0;0;0;0;0;0;0;0;0;14;7;10;1;0;2;0;0;1;0;0;0;0;0;0;0;0;0;1;1;0;1;0;3;0;0;12;2;0;0;0;1;0;0;1;0;0;2;0;0;0;0;0;0;0;0;0;0;0;0;0;2;10;2;2;30;9;0;1;3;0;1;1;0;0;0;0;0;0;0;0;1;0;0;0;0;0;0;3;2;1;0;0;0;1;1;0;0;2;0;0;0;0;0;0;0;0;0;0;0;0;0;1;4;8;2;27;1;3;1;0;0;0;0;0;0;0;0;1;0;0;1;0;0;0;0;0;0;0;1;1;2;0;0;0;1;0;0;0;0;0;0;0;0;0;0;0;0;0;0;0;0;0;0;0;0
8;"Świetlica Wiejska, Wielkie Lniska 31, 86-302 Wielkie Lniska";40601;"gm. Grudziądz";"grudziądzki";"kujawsko-pomorskie";1;1;1;1;0;1;0;0;0;0;0;0;0;0;0;0;0;0;0;0;0;0;0;0;0;0;0;9;2;17;1;0;1;1;1;0;0;0;0;0;0;0;1;1;1;2;0;0;0;0;0;2;1;10;1;2;2;1;0;0;0;2;0;1;0;0;0;0;0;0;0;0;0;0;0;0;1;0;0;34;6;4;12;18;2;3;7;3;19;5;2;7;1;2;2;4;3;0;2;0;0;0;0;0;0;6;0;3;3;1;1;1;0;0;0;2;0;1;0;1;0;0;0;0;0;0;0;0;0;0;2;7;2;23;0;0;1;0;0;0;0;0;0;0;0;0;0;0;0;1;0;0;0;0;0;0;0;1;0;0;0;0;0;0;0;0;0;0;0;0;0;0;0;0;0;0;0;0;0;0;0;0;0
9;"Szkoła Podstawowa, Dusocin 9, 86-302 Dusocin";40601;"gm. Grudziądz";"grudziądzki";"kujawsko-pomorskie";1;1;0;2;0;0;0;0;0;1;0;0;0;0;0;0;0;0;0;0;0;0;0;0;0;0;0;0;11;21;1;0;1;1;0;0;0;1;1;0;0;0;1;0;0;0;0;0;0;0;4;0;0;9;1;1;1;0;0;0;0;0;0;0;0;0;0;0;0;0;0;0;0;0;0;0;0;0;0;24;4;3;30;10;0;2;6;2;3;0;3;0;0;0;0;1;0;0;4;1;0;0;0;0;0;7;1;0;3;0;0;1;0;0;0;0;2;0;0;2;0;0;0;0;1;0;0;0;0;0;2;7;2;23;0;3;1;0;0;0;0;3;0;1;0;2;0;0;0;0;0;0;0;0;0;1;0;0;1;1;1;0;0;0;0;0;0;0;0;0;1;0;0;0;0;0;0;10;0;0;0;0;0
10;"Szkoła Podstawowa Grudziądz-Węgrowo, Węgrowo 46, 86-302 Węgrowo";40601;"gm. Grudziądz";"grudziądzki";"kujawsko-pomorskie";1;1;1;2;0;1;0;0;1;0;0;1;0;0;1;0;0;0;0;0;1;0;0;0;0;0;0;19;17;33;7;0;3;2;2;3;1;0;2;1;2;0;0;0;0;0;1;3;3;0;4;0;3;35;1;21;0;1;0;0;0;0;1;0;2;0;0;0;1;0;0;0;1;0;2;0;0;0;2;55;5;7;26;16;1;1;28;2;1;6;5;11;1;0;0;0;0;0;3;1;0;0;0;1;0;19;3;1;0;1;3;1;0;1;1;1;0;0;0;0;0;2;0;1;1;0;0;0;0;0;7;43;15;141;0;2;3;1;4;0;0;1;0;0;0;0;0;0;0;2;3;0;0;0;0;0;1;2;3;1;1;0;0;0;0;1;0;0;0;0;0;0;0;0;0;0;0;1;0;0;0;0;0
11;"Świetlica Wiejska ""Swojska Chata"", ul. Porzeczkowa 5, 86-302 Świerkocin";40601;"gm. Grudziądz";"grudziądzki";"kujawsko-pomorskie";1;1;1;1;1;0;1;0;0;0;0;0;0;0;0;0;0;0;0;0;0;0;0;0;0;0;1;12;2;15;1;0;0;0;0;0;1;1;0;0;0;0;0;0;0;0;0;0;1;1;1;0;2;17;1;5;0;0;0;1;0;0;0;1;0;0;0;0;0;1;0;0;0;0;0;0;0;0;2;42;3;9;12;16;1;2;4;1;1;5;0;0;0;1;2;0;1;0;2;0;0;0;0;0;1;10;0;1;1;3;2;0;0;0;1;1;0;0;0;0;1;0;1;0;3;0;0;0;0;0;3;13;3;78;1;0;4;0;0;0;0;0;0;0;0;0;0;1;0;2;0;0;0;3;0;0;0;1;0;3;0;0;0;0;0;0;0;0;0;0;0;1;0;0;0;0;0;0;0;0;0;0;0
12;"Świetlica Wiejska, ul. Borowikowa 1, 86-302 Biały Bór";40601;"gm. Grudziądz";"grudziądzki";"kujawsko-pomorskie";1;1;0;0;1;0;0;0;0;0;0;0;0;0;0;0;1;1;0;1;0;1;0;0;0;0;0;10;31;53;5;1;0;2;2;1;0;0;3;0;1;0;0;0;0;1;0;0;2;1;4;0;0;32;2;7;2;1;1;3;0;1;0;0;0;1;0;0;0;2;0;1;0;0;0;0;0;0;10;41;10;7;48;8;0;5;20;0;3;1;1;15;0;0;1;1;0;0;5;2;0;4;0;0;3;18;10;4;0;1;1;1;0;0;5;1;2;0;2;2;1;0;0;0;1;0;0;0;0;0;13;36;7;118;3;5;4;1;0;0;2;0;0;2;0;1;1;1;0;2;0;0;0;0;0;0;1;2;9;0;0;0;0;0;0;0;0;0;0;1;0;0;0;0;0;0;0;0;0;0;0;0;1
13;"Świetlica Wiejska, Zakurzewo 15D, 86-302 Zakurzewo";40601;"gm. Grudziądz";"grudziądzki";"kujawsko-pomorskie";1;1;2;0;0;0;0;0;0;0;0;0;0;0;0;0;0;0;0;0;0;0;0;0;0;0;0;3;2;5;1;0;0;0;0;0;0;0;0;0;0;0;0;0;1;0;0;0;0;2;2;0;1;3;0;0;0;0;0;0;0;0;0;0;0;0;0;0;0;1;0;0;1;0;0;0;1;0;1;6;1;0;14;14;0;0;14;0;1;0;0;1;0;0;0;0;1;0;0;0;0;0;0;1;0;0;0;1;2;2;0;0;0;0;0;0;1;0;0;0;0;0;0;0;0;0;0;0;0;0;0;2;2;13;0;1;0;0;0;0;0;0;0;0;0;0;0;0;0;0;0;0;0;0;0;0;0;0;0;0;0;0;0;2;0;0;0;0;0;0;0;0;0;0;0;0;0;0;0;0;0;0;0
14;"Świetlica Wiejska, Turznice 19, 86-302 Turznice";40601;"gm. Grudziądz";"grudziądzki";"kujawsko-pomorskie";1;1;2;0;0;0;0;0;1;0;0;0;0;1;0;0;0;0;0;0;0;0;0;0;0;0;1;13;23;34;6;0;0;1;0;2;0;1;3;0;1;1;0;0;1;0;0;0;4;0;5;1;2;16;3;7;1;1;0;0;0;0;0;0;1;0;0;0;0;0;0;0;0;0;0;0;0;0;4;52;2;5;30;27;2;3;6;1;6;6;6;3;0;0;0;2;1;1;3;0;0;1;0;0;1;9;1;4;2;0;0;1;1;0;0;1;0;0;0;0;0;0;0;1;0;0;0;0;0;0;3;13;5;67;2;4;5;0;0;1;1;1;0;0;1;0;0;0;1;4;0;0;0;0;0;0;1;0;1;0;0;0;0;0;0;1;0;1;0;1;0;0;0;0;0;0;0;0;0;0;1;0;0
15;"Świetlica Wiejska, Sosnówka 16, 86-302 Sosnówka";40601;"gm. Grudziądz";"grudziądzki";"kujawsko-pomorskie";1;1;0;0;0;0;0;0;0;0;0;0;0;0;0;0;0;0;0;0;0;0;0;0;0;0;0;8;3;4;0;1;0;0;0;1;0;0;0;1;1;0;0;0;0;0;1;0;0;0;1;0;0;10;2;0;0;0;1;0;0;0;0;0;0;0;0;0;1;0;0;0;0;0;0;0;0;0;4;11;1;2;17;16;0;1;10;0;7;1;0;0;0;0;0;0;0;0;0;0;0;1;0;0;1;6;0;0;0;1;0;1;0;0;0;2;0;1;0;0;0;1;0;1;0;0;0;1;0;0;3;7;0;7;0;11;0;2;0;0;0;0;0;0;0;0;1;0;0;0;0;0;0;0;0;0;0;0;0;0;0;0;0;0;0;0;0;0;0;0;0;0;0;0;0;0;0;0;0;0;0;0;0
1;"Szkoła Podstawowa, Gruta 70, 86-330 Mełno";40602;"gm. Gruta";"grudziądzki";"kujawsko-pomorskie";1;1;2;2;0;0;0;0;0;0;0;0;1;0;0;0;0;0;0;0;0;0;0;0;0;1;1;16;22;25;9;0;2;1;1;1;0;0;0;0;6;0;0;0;1;0;0;0;1;0;2;1;0;18;3;11;0;3;1;0;1;1;1;0;0;1;1;0;1;1;0;0;0;0;0;0;0;0;0;50;23;9;47;52;1;5;6;1;3;1;54;1;0;0;0;0;1;0;1;1;0;0;0;0;4;15;2;1;1;0;1;1;0;0;0;1;1;0;0;1;1;0;0;0;0;1;0;0;0;0;5;21;10;39;0;2;3;1;0;0;0;2;0;2;0;1;0;0;1;2;0;0;0;0;0;0;0;3;0;0;0;1;0;0;2;0;0;0;0;0;0;0;0;0;0;0;0;0;2;0;1;0;0
2;"Przedszkole Samorządowe, Mełno 5, 86-330 Mełno";40602;"gm. Gruta";"grudziądzki";"kujawsko-pomorskie";1;1;1;0;0;0;0;0;2;0;0;0;0;0;0;0;0;0;1;0;1;0;0;0;0;0;0;19;8;29;1;2;5;1;1;2;1;3;3;2;3;1;0;1;3;0;1;0;0;1;3;0;0;27;2;11;1;0;1;0;0;1;1;0;1;0;1;0;2;0;1;0;2;0;0;1;2;0;3;31;10;8;10;18;2;2;13;2;5;1;91;4;1;1;0;0;2;0;1;0;0;4;0;0;0;13;3;1;1;2;0;0;0;0;1;0;1;1;1;0;0;0;1;0;2;0;0;0;0;0;6;27;9;60;0;5;4;4;0;0;3;7;1;0;1;1;1;2;0;5;0;0;1;2;0;0;1;1;3;1;0;0;0;0;0;0;0;0;0;0;0;0;0;0;0;0;0;0;0;0;0;0;0
3;"Szkoła Podstawowa, Nicwałd 26, 86-330 Mełno";40602;"gm. Gruta";"grudziądzki";"kujawsko-pomorskie";1;1;1;0;0;1;0;0;0;0;0;0;1;0;0;0;0;0;0;1;0;0;0;0;0;1;0;20;7;30;9;2;1;1;0;0;0;1;5;0;3;0;1;1;2;1;1;0;1;2;3;0;0;26;3;4;2;3;1;0;0;0;2;1;0;0;0;0;0;1;0;1;0;0;0;0;0;0;4;35;10;10;16;30;0;6;9;0;5;3;18;3;1;2;0;0;1;2;2;1;0;4;0;1;0;13;2;2;2;1;0;2;1;1;0;0;0;0;1;1;0;2;1;0;1;0;1;0;0;0;10;15;8;54;0;2;2;2;1;1;0;0;1;0;3;0;0;1;0;16;0;0;0;0;0;0;0;1;9;0;0;0;0;0;0;0;0;0;1;0;0;0;0;0;0;0;0;0;0;0;0;0;0
4;"Szkoła Podstawowa, Boguszewo 28/29, 86-330 Mełno";40602;"gm. Gruta";"grudziądzki";"kujawsko-pomorskie";1;1;0;0;0;0;1;0;1;0;0;0;0;0;0;0;0;0;0;0;0;0;0;0;0;0;0;12;3;12;2;0;2;1;1;1;0;4;1;0;2;0;1;0;0;0;0;1;4;1;0;0;1;25;2;4;0;0;2;0;1;0;0;0;0;1;1;0;1;1;0;0;0;0;0;0;0;0;0;31;12;13;11;33;1;2;9;0;3;0;41;0;1;0;0;0;1;1;1;0;0;8;0;0;0;5;3;1;0;2;0;1;4;1;0;1;0;1;0;0;1;0;0;0;0;0;2;0;0;0;7;18;3;26;0;4;7;0;0;0;0;1;1;1;0;0;0;0;1;1;0;0;0;0;0;0;1;0;2;0;0;0;0;0;0;0;0;0;0;0;0;0;0;0;0;0;0;1;0;0;0;0;0
5;"Świetlica wiejska, Okonin 100, 86-330 Mełno";40602;"gm. Gruta";"grudziądzki";"kujawsko-pomorskie";1;1;0;0;0;0;0;0;0;2;0;0;0;0;0;0;0;0;0;0;0;0;0;0;0;0;0;12;3;19;2;0;1;0;0;1;0;0;1;0;4;0;0;0;1;0;0;0;0;0;1;1;0;12;0;6;1;0;0;1;1;0;0;1;1;0;1;0;0;0;0;0;0;0;0;0;2;0;2;12;3;2;17;17;1;1;6;0;1;0;14;2;0;0;0;0;0;0;2;1;0;1;0;0;0;6;1;1;0;0;1;2;0;1;0;0;1;2;0;0;0;0;1;0;0;0;0;0;0;1;5;13;1;26;0;5;1;0;0;0;2;2;0;0;0;0;0;0;0;0;0;1;2;1;0;0;0;1;1;0;0;0;0;0;0;0;0;0;0;2;0;0;0;1;1;0;0;3;0;0;0;0;0
6;"Środowiskowy Dom Samopomocy, Dąbrówka Królewska 1, 86-330 Mełno";40602;"gm. Gruta";"grudziądzki";"kujawsko-pomorskie";1;1;0;0;0;0;0;0;0;0;1;1;1;0;0;0;0;0;0;0;0;0;0;0;0;0;0;0;6;11;5;0;2;0;0;1;0;0;1;0;1;0;1;0;1;2;1;0;0;0;1;0;0;2;1;1;0;0;0;0;0;0;0;0;0;0;0;0;0;0;0;0;0;0;0;0;1;0;0;20;2;4;13;17;3;4;15;0;10;3;50;4;1;0;1;1;1;0;0;0;0;0;0;0;1;8;1;1;0;2;0;3;0;0;0;0;2;0;0;0;0;0;0;0;0;0;0;1;0;1;2;11;1;25;0;0;1;0;0;0;0;0;0;0;0;0;0;0;2;0;0;0;0;0;0;0;0;0;0;0;0;0;0;0;0;0;0;0;0;0;0;0;0;0;0;0;0;0;0;0;0;0;0
7;"Szkoła Podstawowa, Gruta 70, 86-330 Mełno";40602;"gm. Gruta";"grudziądzki";"kujawsko-pomorskie";1;1;1;0;1;1;1;1;0;2;0;0;0;0;0;0;0;0;0;0;0;0;0;0;0;0;0;22;5;24;0;0;3;0;0;0;0;1;2;0;3;0;0;1;0;0;0;0;1;0;3;0;0;6;1;5;2;0;0;0;0;0;0;0;0;0;0;0;1;1;0;0;2;0;0;0;0;0;1;32;6;4;12;25;1;1;6;1;4;1;33;0;0;1;0;1;0;0;1;1;0;1;1;0;0;13;4;0;0;0;0;2;0;0;0;0;0;1;0;0;0;0;0;0;1;0;0;0;0;0;4;11;3;13;1;5;5;1;0;1;0;0;0;0;0;0;0;0;0;1;0;0;0;0;0;0;1;0;1;0;0;0;0;0;0;0;0;1;0;0;0;0;0;0;0;0;0;0;0;0;0;0;0
8;"Szkoła Podstawowa, Plemięta 19, 86-330 Mełno";40602;"gm. Gruta";"grudziądzki";"kujawsko-pomorskie";1;1;1;1;0;0;1;0;0;0;1;0;0;0;0;0;0;0;0;0;0;0;0;0;0;0;0;7;3;15;0;0;1;1;1;0;2;0;0;0;0;0;0;0;0;0;0;0;3;0;0;0;0;4;2;0;0;0;2;0;0;0;0;0;0;0;0;1;0;0;0;0;0;0;0;0;1;0;1;13;3;2;48;24;1;1;3;1;3;1;7;2;0;1;0;2;1;0;1;0;0;1;0;0;0;5;1;0;0;1;0;0;1;1;1;0;0;0;0;0;0;0;1;0;0;0;0;0;0;0;7;4;4;8;0;1;2;0;0;1;0;2;0;0;0;0;0;0;0;0;0;0;0;0;0;0;0;2;1;0;1;0;0;1;0;0;0;0;0;0;0;0;0;0;0;0;0;5;0;0;0;0;1
9;"Szkoła Podstawowa, Słup 3, 86-330 Mełno";40602;"gm. Gruta";"grudziądzki";"kujawsko-pomorskie";1;1;1;0;0;0;0;0;0;0;0;0;2;0;0;0;0;0;0;0;0;1;0;0;0;0;0;12;1;8;1;0;1;1;0;0;0;1;1;0;8;0;0;1;0;0;0;0;1;0;5;0;0;4;1;2;0;1;1;0;0;0;0;0;1;0;0;0;0;0;0;0;0;0;0;1;0;0;0;20;3;9;26;27;1;0;7;1;4;4;15;0;0;1;0;1;3;0;0;0;1;0;0;0;0;3;0;0;0;1;0;0;0;0;0;0;0;0;0;1;0;0;2;0;0;0;0;0;0;0;6;3;2;17;0;1;1;2;0;1;0;1;0;0;0;0;0;0;1;1;0;0;0;0;0;0;0;0;0;0;0;0;0;0;0;0;0;0;1;0;0;0;0;0;0;0;0;0;0;0;0;0;0
1;"Przedszkole Miejskie, al. Młodości 1, 86-320 Łasin";40603;"gm. Łasin";"grudziądzki";"kujawsko-pomorskie";1;1;1;0;0;1;1;0;1;0;1;0;0;0;0;1;0;0;0;1;0;0;0;0;0;0;0;24;7;19;7;2;7;0;1;0;1;0;1;2;3;2;1;0;1;0;0;1;1;0;7;0;1;18;2;22;0;0;0;0;0;1;0;0;0;1;0;0;0;0;0;0;0;0;0;0;1;0;2;89;6;10;12;23;0;2;32;0;1;2;1;1;0;0;0;0;0;0;3;1;0;1;1;1;0;4;1;0;0;0;1;0;0;0;1;0;0;0;0;0;1;0;0;0;2;0;1;0;0;0;8;44;10;50;0;1;0;2;0;0;0;1;0;0;0;2;0;0;0;1;1;0;0;0;0;0;0;0;1;0;0;0;0;0;0;0;0;0;0;1;0;0;0;0;0;0;0;0;0;0;0;1;0
2;"Miejsko-Gminny Ośrodek Kultury, ul. Curie-Skłodowskiej 1, 86-320 Łasin";40603;"gm. Łasin";"grudziądzki";"kujawsko-pomorskie";1;1;3;0;0;0;0;0;0;1;0;2;0;0;0;0;0;0;0;1;0;0;0;0;0;0;0;20;8;11;12;2;6;0;0;1;0;0;2;0;2;1;0;1;1;0;0;2;1;1;6;0;2;21;2;43;0;0;1;0;0;0;0;2;0;0;1;1;0;0;0;0;0;0;0;1;0;0;1;48;2;13;16;50;0;3;30;1;8;0;1;1;0;0;0;0;3;0;10;1;0;0;0;1;0;6;1;0;1;1;0;0;0;0;0;0;0;0;0;0;0;0;0;1;4;0;1;0;0;0;6;33;13;32;0;0;4;0;0;1;3;2;0;0;0;0;0;0;1;3;0;0;0;0;0;0;1;1;0;0;0;0;0;1;0;0;0;0;0;1;1;0;0;0;0;0;0;0;0;0;0;0;0
3;"Ochotnicza Straż Pożarna, ul. Odrodzenia Polski 2, 86-320 Łasin";40603;"gm. Łasin";"grudziądzki";"kujawsko-pomorskie";1;1;3;0;1;0;0;0;0;1;2;0;1;1;0;0;0;0;0;0;0;0;0;0;0;0;0;27;9;17;7;2;9;0;2;2;0;1;4;0;3;0;0;0;1;0;0;0;1;0;6;0;2;20;0;16;0;1;0;1;0;0;0;0;3;1;2;0;0;2;0;0;0;0;0;0;0;0;0;103;7;14;7;19;3;1;31;3;7;1;4;3;1;0;0;0;3;0;6;0;0;0;0;0;1;5;2;1;0;1;1;0;1;0;1;0;1;0;1;0;1;0;0;0;4;0;0;0;0;0;10;28;15;56;0;5;4;4;1;0;0;4;2;0;0;2;0;1;2;2;1;0;0;0;0;0;0;4;5;1;2;0;0;0;0;0;0;0;0;0;0;0;0;0;0;0;0;2;0;0;1;0;0
4;"Szkoła Podstawowa, ul. Curie-Skłodowskiej 14, 86-320 Łasin";40603;"gm. Łasin";"grudziądzki";"kujawsko-pomorskie";1;1;2;0;0;0;0;1;0;1;0;1;0;0;0;0;0;0;0;0;0;0;0;0;0;0;0;21;4;8;12;2;5;1;3;0;3;0;0;0;5;0;0;2;1;2;1;0;0;0;6;1;0;15;4;18;3;1;1;0;0;0;0;1;0;0;0;0;0;0;0;0;0;0;0;2;2;0;1;49;6;7;6;41;6;3;25;0;6;1;1;0;0;0;0;1;1;1;1;0;0;1;0;0;1;6;2;3;1;0;1;2;1;0;1;0;0;0;0;0;0;0;1;0;1;0;0;0;0;0;6;23;9;20;1;4;1;0;0;1;0;0;0;0;0;0;0;0;0;2;0;0;0;0;0;0;0;1;0;0;0;0;1;0;0;0;0;1;0;2;0;0;0;0;0;0;0;3;0;0;0;0;0
5;"Szkoła Podstawowa, Szonowo 81, 86-320 Łasin";40603;"gm. Łasin";"grudziądzki";"kujawsko-pomorskie";1;1;4;0;0;0;1;0;0;1;1;0;0;0;1;0;0;1;0;0;0;0;0;0;0;0;0;15;9;18;0;2;2;1;0;0;1;1;4;0;3;2;3;0;0;0;0;0;0;0;2;0;2;10;2;9;0;0;1;1;0;0;0;1;0;0;1;0;0;0;0;0;0;0;0;1;0;0;0;48;4;8;18;49;1;6;63;0;3;5;1;2;0;0;1;0;0;1;1;1;0;1;0;1;1;14;2;0;3;2;0;1;0;1;0;1;0;1;1;1;0;1;0;0;2;0;1;0;0;0;5;22;6;18;0;4;3;2;2;0;1;2;0;0;1;1;0;0;2;1;0;0;0;0;1;0;0;1;0;1;0;0;0;0;0;0;0;0;0;0;0;0;0;0;0;0;0;0;0;0;0;0;0
6;"Szkoła Podstawowa, Wydrzno 9, 86-320 Łasin";40603;"gm. Łasin";"grudziądzki";"kujawsko-pomorskie";1;1;1;0;0;1;0;1;0;1;2;0;1;1;2;0;0;0;0;0;1;0;0;0;0;0;2;9;7;18;5;0;2;1;2;0;1;0;2;1;1;1;0;0;2;0;0;0;11;0;3;3;2;11;3;18;0;0;2;0;0;0;0;1;2;0;1;1;0;0;0;0;0;0;0;0;0;0;0;23;5;4;44;66;2;4;36;0;8;5;2;1;0;2;0;1;2;0;1;1;0;0;0;1;1;6;7;3;2;0;0;0;0;0;1;1;0;0;2;1;0;3;1;0;3;0;1;0;1;1;11;18;4;24;0;0;2;2;0;0;0;0;0;0;0;0;0;0;0;0;0;0;0;0;0;0;0;0;2;0;0;0;0;0;1;0;0;0;0;0;0;0;0;0;0;0;0;0;0;0;0;0;0
7;"Świetlica Wiejska, Nowe Jankowice 32, 86-320 Łasin";40603;"gm. Łasin";"grudziądzki";"kujawsko-pomorskie";1;1;2;0;1;1;0;0;0;0;1;2;1;0;0;0;0;0;0;1;0;0;0;0;0;0;0;12;2;8;2;2;4;0;0;2;0;0;1;0;2;2;0;0;1;0;0;0;6;2;1;0;0;13;0;20;0;0;0;0;0;0;1;0;1;0;1;0;1;0;0;0;0;0;1;0;0;0;1;36;4;12;24;77;0;5;35;1;3;1;1;2;0;0;1;0;4;0;4;0;1;0;0;0;1;14;0;1;1;2;1;3;0;0;0;0;0;0;0;0;1;3;0;0;3;0;0;0;0;0;19;6;0;20;1;1;1;0;0;0;1;3;0;0;0;0;0;4;0;1;0;0;0;0;0;0;0;1;0;0;1;0;1;0;0;0;0;1;0;0;0;0;0;0;0;0;0;6;0;0;0;0;0
8;"Remiza Strażacka, Szczepanki 22a, 86-320 Łasin";40603;"gm. Łasin";"grudziądzki";"kujawsko-pomorskie";1;1;2;0;0;0;0;0;0;0;0;0;0;0;0;0;0;0;0;0;0;0;0;0;0;0;0;11;3;3;0;1;3;0;2;0;0;1;3;0;2;0;0;0;0;1;0;0;1;0;2;0;0;2;0;1;0;1;0;0;0;0;1;0;1;0;0;0;0;0;0;0;0;0;0;0;0;0;0;39;6;6;3;54;0;4;28;2;4;0;2;0;0;0;0;0;1;0;2;0;0;0;0;0;0;4;2;0;0;2;0;4;0;0;0;0;0;0;0;0;0;0;1;0;0;0;0;0;0;0;2;7;7;11;0;4;2;0;0;0;0;1;0;0;0;0;0;0;0;2;1;0;0;1;0;0;0;2;1;0;1;0;0;0;1;0;0;1;0;0;0;0;0;0;0;0;0;0;0;0;0;0;0
9;"Samodzielny Publiczny Zakład Opieki Zdrowotnej im. Macieja z Miechowa, ul. Grudziądzka 2, 86-320 Łasin";40603;"gm. Łasin";"grudziądzki";"kujawsko-pomorskie";1;1;0;0;0;0;0;0;0;0;0;0;0;0;0;0;0;0;0;0;0;0;0;0;0;0;0;0;0;0;0;0;0;0;0;0;0;0;0;0;0;0;0;0;0;0;0;0;0;0;0;0;1;2;0;0;0;0;0;0;0;0;0;0;0;0;0;0;0;0;0;0;0;0;0;0;0;0;0;4;0;1;0;1;0;1;1;0;0;0;0;1;0;1;0;0;0;0;0;1;0;0;0;0;0;0;0;0;0;0;0;0;0;0;0;0;0;0;0;0;0;0;0;0;0;0;0;0;0;0;0;0;1;0;0;0;0;0;0;0;0;0;0;0;0;0;0;0;0;0;0;0;0;0;0;0;0;0;0;0;0;0;0;0;0;0;0;0;0;0;0;0;0;0;0;0;0;0;0;0;0;0;0
1;"Zespół Szkół, ul. Sady 18, 87-220 Radzyń Chełmiński";40604;"gm. Radzyń Chełmiński";"grudziądzki";"kujawsko-pomorskie";1;1;3;1;0;1;1;0;0;1;0;1;0;0;0;0;0;0;0;0;0;0;0;0;1;0;0;19;40;26;4;2;1;0;1;0;2;0;0;0;3;1;0;0;0;0;1;0;1;1;3;0;1;19;3;6;0;1;2;0;0;0;0;0;0;0;0;0;2;1;1;0;1;0;0;0;1;0;2;36;8;7;13;30;2;5;13;0;8;8;5;2;0;1;0;0;4;0;4;0;1;43;0;0;0;2;3;0;2;2;0;1;1;0;0;0;1;0;0;2;1;0;0;0;0;0;0;0;0;0;4;16;21;49;2;1;2;1;2;1;1;0;0;0;0;1;1;1;0;3;0;0;0;3;0;0;0;2;6;0;0;1;0;0;1;0;0;0;0;0;0;0;0;0;0;0;0;1;0;0;0;0;0
2;"Zespół Szkół, ul. Sady 18, 87-220 Radzyń Chełmiński";40604;"gm. Radzyń Chełmiński";"grudziądzki";"kujawsko-pomorskie";1;1;3;0;0;0;1;0;0;0;0;0;1;0;0;0;0;0;0;0;1;0;0;0;0;0;1;18;12;13;2;0;2;1;3;0;0;0;2;2;2;1;0;0;0;0;0;0;0;1;1;0;1;12;1;5;0;2;0;0;0;0;0;0;0;1;3;2;3;0;0;0;0;0;1;0;0;0;3;19;5;6;11;37;2;5;12;3;6;3;11;2;1;0;0;1;1;0;2;0;0;33;2;2;0;7;6;1;3;0;0;1;1;3;0;0;0;3;1;0;0;0;0;0;0;0;0;0;2;0;4;11;7;22;0;7;5;5;2;0;2;1;0;1;0;0;0;1;0;0;0;0;0;0;0;0;0;0;2;1;1;1;0;0;0;0;0;0;0;1;0;0;0;0;0;0;0;0;0;0;0;0;0
3;"Budynek poszkolny, Zielnowo 32, 87-220 Radzyń Chełmiński";40604;"gm. Radzyń Chełmiński";"grudziądzki";"kujawsko-pomorskie";1;1;0;0;0;1;0;0;0;0;0;0;0;0;0;0;0;1;0;0;1;0;0;0;0;0;0;6;19;5;1;0;1;0;0;0;0;0;1;0;1;0;0;0;0;0;0;0;2;0;1;0;1;8;0;1;1;0;0;0;0;0;0;0;0;0;1;0;1;0;0;0;0;0;0;0;0;0;0;15;5;4;6;33;0;0;2;1;1;2;10;1;0;1;1;1;2;0;3;0;1;18;0;0;0;3;3;0;1;0;4;2;1;1;1;2;2;0;0;0;0;0;0;0;0;0;0;0;0;0;0;8;2;18;0;1;0;0;1;0;0;0;0;0;0;0;0;0;0;0;0;0;0;0;0;1;1;0;0;0;0;0;0;1;0;0;0;0;0;0;0;0;0;0;0;0;0;0;0;0;0;0;3
4;"Budynek poszkolny, Szumiłowo 13, 87-220 Radzyń Chełmiński";40604;"gm. Radzyń Chełmiński";"grudziądzki";"kujawsko-pomorskie";1;1;3;1;0;0;0;0;0;0;0;0;0;1;0;0;0;0;0;0;0;0;0;0;0;0;0;7;11;6;2;0;0;1;0;0;0;1;2;0;4;0;0;1;0;0;0;0;0;0;0;0;0;10;2;1;1;1;0;1;0;0;0;1;0;0;0;0;0;0;0;0;0;0;0;0;0;0;1;6;5;2;21;26;0;2;2;0;1;1;3;0;0;0;1;1;0;0;1;1;0;6;0;0;0;7;1;0;0;0;1;1;0;1;0;0;0;0;0;0;0;0;0;0;0;0;0;0;0;2;1;5;0;4;1;1;4;2;0;0;1;0;0;0;0;0;0;0;0;0;0;0;0;0;0;0;1;1;1;0;0;0;0;0;0;0;0;0;0;0;0;0;0;0;0;0;0;0;0;0;0;0;0
5;"Przedszkole Samorządowe, ul. Sady 18, 87-220 Radzyń Chełmiński";40604;"gm. Radzyń Chełmiński";"grudziądzki";"kujawsko-pomorskie";1;1;0;0;0;0;0;0;1;0;0;0;2;0;0;1;0;1;0;0;0;0;0;0;0;0;0;2;8;4;0;0;1;0;0;1;0;0;4;0;0;1;0;0;0;0;0;0;0;0;1;0;0;4;1;0;1;0;2;0;0;0;0;0;0;0;1;0;0;0;0;0;0;0;0;0;0;0;1;11;3;1;1;15;2;1;5;0;3;1;0;0;0;0;0;0;1;0;0;0;0;17;0;0;0;5;0;0;0;1;0;2;0;0;0;0;0;0;0;0;0;0;0;0;1;0;0;0;0;0;2;5;3;3;1;0;1;0;0;0;0;2;1;0;0;1;0;1;0;0;0;0;0;0;0;0;0;0;0;0;0;0;0;0;0;0;0;0;0;0;0;0;0;0;0;0;0;0;0;0;0;0;0
6;"Budynek poszkolny, Rywałd 46, 87-220 Radzyń Chełmiński";40604;"gm. Radzyń Chełmiński";"grudziądzki";"kujawsko-pomorskie";1;1;2;1;0;0;1;0;0;0;0;0;0;0;0;0;0;0;0;0;0;0;0;0;0;0;0;14;12;12;0;2;1;0;0;0;0;0;0;0;3;0;0;0;1;0;0;1;1;0;3;0;1;8;1;0;1;0;0;0;0;0;0;0;0;0;0;0;0;0;0;0;0;0;0;0;0;0;1;22;4;7;5;51;0;1;8;0;7;1;11;0;0;0;0;0;0;1;0;0;0;9;0;0;0;8;5;2;3;2;1;1;0;0;0;0;0;0;1;0;0;0;0;0;2;0;0;0;0;1;1;15;0;12;0;1;1;1;0;1;0;0;0;0;0;1;0;0;0;0;0;0;0;0;0;0;0;3;4;0;1;0;0;0;0;0;0;0;0;0;0;0;0;0;0;0;0;1;0;0;0;0;3
7;"Świetlica wiejska, Dębieniec 23A, 87-220 Radzyń Chełmiński";40604;"gm. Radzyń Chełmiński";"grudziądzki";"kujawsko-pomorskie";1;1;2;0;0;0;1;0;0;0;0;0;0;1;0;0;0;0;0;0;0;0;0;0;0;0;0;1;6;0;0;0;1;2;0;0;0;0;0;0;1;0;0;0;0;0;0;0;0;0;0;1;0;4;0;0;0;1;0;0;0;0;0;0;0;0;0;0;0;0;0;0;0;0;0;0;0;0;0;13;3;2;14;7;0;1;3;0;1;0;2;5;0;0;0;1;1;0;0;0;0;3;0;0;0;1;2;1;0;1;0;0;0;0;0;0;0;0;0;0;0;0;0;0;0;0;0;0;0;0;1;1;1;5;0;0;1;1;1;0;1;0;0;1;0;2;0;2;1;0;0;0;0;0;0;0;0;1;1;0;0;0;0;0;0;0;0;0;0;0;0;0;0;0;0;1;0;0;0;0;0;0;0
8;"Świetlica wiejska, Czeczewo 32C, 87-220 Radzyń Chełmiński";40604;"gm. Radzyń Chełmiński";"grudziądzki";"kujawsko-pomorskie";1;1;0;1;0;0;1;2;0;0;0;0;1;0;0;0;1;0;0;0;0;0;0;0;0;0;0;5;1;6;0;0;1;1;0;0;1;0;1;0;0;1;0;0;0;0;0;0;0;0;0;0;0;2;0;0;1;1;0;0;2;0;0;0;1;0;0;1;0;0;1;0;0;0;0;0;0;0;1;10;4;1;6;32;0;1;1;0;2;1;1;1;0;0;0;0;1;0;0;0;0;14;0;0;1;5;1;3;1;1;0;1;0;1;0;0;1;0;1;0;0;0;0;0;0;0;0;0;0;0;3;6;2;5;0;1;3;2;0;0;0;1;0;0;0;0;0;0;0;0;0;0;0;0;0;0;0;0;3;1;0;1;0;0;0;0;0;0;0;0;0;0;0;0;0;0;0;0;0;0;0;0;0
9;"Świetlica wiejska, Zakrzewo 11C, 87-220 Radzyń Chełmiński";40604;"gm. Radzyń Chełmiński";"grudziądzki";"kujawsko-pomorskie";1;1;2;1;1;0;0;0;1;0;1;0;0;0;0;0;0;0;0;0;0;0;0;0;0;0;0;6;4;8;2;0;2;0;0;1;2;1;1;0;2;0;0;0;0;0;0;0;0;0;0;0;0;2;2;0;0;1;0;0;0;0;0;0;0;0;0;0;1;0;0;0;0;0;0;0;1;0;2;13;1;1;5;7;0;3;4;0;5;0;1;1;0;1;0;0;0;0;0;0;0;7;0;0;0;6;2;1;0;0;0;1;0;0;0;1;0;0;0;0;0;0;0;0;0;0;0;0;1;0;0;6;4;5;1;0;4;1;0;0;0;0;0;1;0;0;0;0;0;0;0;0;0;0;1;0;0;1;1;0;0;0;0;0;0;0;0;0;0;0;0;0;0;0;0;0;0;0;0;0;0;0;0
1;"Świetlica wiejska-""Klub Senior +"", Szembruk 1, 86-318 Rogóźno";40605;"gm. Rogóźno";"grudziądzki";"kujawsko-pomorskie";1;1;3;0;0;1;1;0;0;0;0;0;0;0;1;0;0;0;0;0;1;0;0;0;0;0;0;14;3;14;6;0;0;2;1;0;1;0;2;0;2;0;4;0;0;0;0;0;0;0;2;0;1;7;2;10;0;1;0;0;0;0;1;0;0;0;0;0;3;0;0;1;0;0;1;0;0;0;2;19;4;3;44;30;0;4;16;0;3;4;1;1;1;2;0;1;4;0;1;1;0;0;0;0;2;3;2;2;2;1;1;0;1;0;0;0;0;1;0;0;0;1;0;0;0;0;0;1;0;0;7;22;10;15;0;2;3;4;0;3;2;4;0;1;1;0;0;2;1;0;0;0;0;1;0;0;0;1;4;0;1;0;1;0;0;0;0;0;0;1;0;0;0;0;0;0;0;1;0;0;0;0;0
2;"Centrum Społeczno-Kulturalne ""Rogóźno 91C"", Rogóźno 91C, 86-318 Rogóźno";40605;"gm. Rogóźno";"grudziądzki";"kujawsko-pomorskie";1;1;8;0;0;0;1;0;1;1;3;1;0;0;0;0;0;0;0;0;0;0;0;1;0;0;1;30;20;72;9;1;4;1;2;0;3;1;2;0;5;0;3;1;5;1;1;0;2;1;12;0;1;27;6;18;1;3;0;0;0;1;0;0;2;2;2;0;0;0;1;0;0;0;0;0;1;0;3;89;16;11;62;64;0;7;50;2;9;4;8;1;0;4;0;1;4;1;9;3;0;0;1;0;0;17;1;2;4;4;2;1;4;1;0;1;1;0;0;0;1;0;0;0;0;0;0;0;0;0;8;20;13;98;2;4;4;1;2;0;2;3;0;0;0;1;1;2;1;1;0;0;0;1;0;0;0;1;5;0;1;2;2;0;0;1;0;0;0;1;0;0;0;0;0;0;0;0;0;0;0;0;0
3;"Szkoła Podstawowa, Białochowo 74, 86-318 Rogóźno";40605;"gm. Rogóźno";"grudziądzki";"kujawsko-pomorskie";1;1;0;0;0;0;0;0;0;1;0;0;0;0;0;0;1;0;0;0;0;0;0;0;0;0;0;4;6;6;1;0;1;2;0;0;0;0;0;0;0;0;0;1;0;0;0;0;0;0;2;0;0;6;4;9;2;1;0;0;1;0;1;0;1;0;1;0;0;0;0;0;0;0;0;0;0;1;0;12;6;4;16;12;0;7;4;1;3;2;2;2;0;0;0;0;1;0;1;0;0;1;0;0;0;12;2;2;1;1;1;1;0;0;0;0;0;0;0;1;0;0;0;0;0;0;0;0;0;0;0;3;4;16;1;3;1;1;0;0;0;0;0;0;0;0;0;0;0;0;0;0;0;1;0;0;0;0;2;0;0;0;0;1;0;1;0;0;0;1;0;0;0;0;2;0;0;0;0;0;0;0;0
4;"Świetlica wiejska, Rogóźno-Zamek 38, 86-318 Rogóźno";40605;"gm. Rogóźno";"grudziądzki";"kujawsko-pomorskie";1;1;0;0;0;1;1;0;0;0;0;0;1;0;0;0;0;0;0;0;0;0;0;0;0;0;0;14;3;7;3;1;4;0;0;1;1;0;0;1;0;0;0;0;0;0;0;0;0;0;2;1;1;7;0;8;0;0;0;0;0;0;0;1;1;0;0;0;0;0;0;0;0;0;1;1;0;0;0;58;2;8;14;11;1;3;16;0;2;4;1;1;1;1;0;0;1;3;3;0;0;0;0;0;0;0;1;1;2;0;0;0;0;0;0;2;0;0;0;0;2;0;0;0;0;0;0;0;0;0;2;9;1;17;0;0;1;1;1;0;0;1;0;0;0;0;0;0;0;0;0;0;0;0;0;0;0;0;0;0;0;0;0;0;0;0;0;0;0;2;0;0;0;0;0;0;0;0;0;0;0;0;0
5;"Klub Senior +, Jamy 3a, 86-318 Rogóźno";40605;"gm. Rogóźno";"grudziądzki";"kujawsko-pomorskie";1;1;0;0;0;0;0;0;0;0;0;1;0;0;0;0;0;0;0;1;0;0;0;0;0;0;1;3;2;4;1;0;3;0;1;0;1;0;1;0;0;0;0;0;0;0;0;0;0;1;0;0;0;6;0;2;0;0;0;0;0;0;0;0;0;0;0;0;1;0;1;0;0;0;0;0;0;0;2;8;0;2;12;2;0;2;3;1;2;0;0;2;0;1;0;0;0;0;0;0;0;0;0;2;0;5;0;0;0;0;0;0;0;0;0;0;0;0;0;0;0;0;0;0;1;0;0;0;0;0;2;5;2;6;0;2;0;0;1;2;0;0;0;0;0;0;0;1;0;1;0;0;0;0;0;0;0;1;0;0;0;0;0;0;0;0;0;0;0;0;0;0;0;0;0;0;0;0;0;0;0;0;0
6;"Świetlica wiejska-strażnica OSP, Szembruczek 28a, 86-318 Rogóźno";40605;"gm. Rogóźno";"grudziądzki";"kujawsko-pomorskie";1;1;0;0;0;0;0;0;0;0;0;1;0;0;0;0;0;0;0;0;1;0;0;0;0;0;0;2;1;6;1;1;0;2;0;2;1;0;1;0;0;0;0;0;1;0;0;0;2;0;0;0;0;1;2;0;1;0;0;0;0;0;0;0;1;0;0;0;0;0;0;0;0;0;0;0;0;0;0;15;2;0;23;17;2;1;3;0;1;1;0;1;0;0;0;0;0;0;1;0;0;1;0;0;0;5;0;1;0;1;1;1;0;0;0;0;0;0;0;0;0;0;0;0;0;0;0;0;0;0;1;8;0;8;0;1;0;0;0;0;0;1;0;0;0;0;0;1;0;0;0;0;0;0;0;0;0;0;0;0;0;0;0;0;0;0;0;1;0;0;0;0;0;0;0;0;0;0;0;0;0;0;0
7;"Świetlica wiejska, Zarośle 32, 86-318 Rogóźno";40605;"gm. Rogóźno";"grudziądzki";"kujawsko-pomorskie";1;1;1;1;0;0;1;0;0;0;0;0;0;0;0;0;0;0;0;0;0;0;0;1;0;0;0;4;7;6;1;1;0;0;0;0;1;1;0;0;0;0;0;0;0;0;0;0;0;0;0;0;0;3;0;3;0;1;0;1;0;0;0;1;0;0;0;0;0;0;0;0;0;0;0;0;0;0;1;13;1;4;25;11;0;1;11;0;1;2;2;3;1;1;0;1;0;1;0;0;0;0;0;0;0;4;6;3;1;1;0;0;1;2;0;0;0;0;0;0;0;0;0;0;0;0;0;0;0;0;0;2;1;11;0;0;2;0;1;0;2;0;0;1;0;0;0;0;1;1;0;0;0;0;0;0;0;0;2;0;0;0;0;1;0;0;0;0;0;0;0;0;0;0;0;0;0;0;0;0;0;0;0
1;"Szkoła Podstawowa im. Józefa Wybickiego, Linowo 37, 86-341 Świecie nad Osą";40606;"gm. Świecie nad Osą";"grudziądzki";"kujawsko-pomorskie";1;1;1;0;0;1;0;0;0;0;0;0;0;0;0;0;0;0;0;0;0;0;0;0;0;0;1;2;5;2;0;0;0;1;1;0;0;0;0;0;37;0;0;0;0;0;0;0;0;0;0;0;0;2;1;2;1;1;0;0;0;0;0;1;2;0;0;1;2;3;0;0;0;0;1;1;0;0;0;18;21;8;9;17;0;1;16;0;3;0;35;0;1;2;0;0;5;0;2;0;0;3;0;0;1;2;3;3;0;2;3;0;1;0;1;0;0;0;0;0;1;0;0;0;0;0;0;0;1;0;5;7;1;10;0;2;2;0;0;0;0;0;0;0;0;1;0;0;1;2;0;0;0;0;0;0;0;1;1;0;1;0;0;0;1;0;0;0;0;1;0;0;0;0;0;0;0;1;0;0;0;0;1
2;"Szkoła Podstawowa im. ks. Jana Twardowskiego, Lisnowo 1, 86-342 Łasin";40606;"gm. Świecie nad Osą";"grudziądzki";"kujawsko-pomorskie";1;1;0;0;0;1;0;0;0;1;0;0;0;0;0;1;0;0;0;0;0;0;1;0;0;0;0;2;0;1;0;0;0;0;0;0;0;0;0;1;54;0;0;0;0;0;0;0;0;0;0;0;1;4;0;3;0;0;0;0;0;0;0;0;0;0;1;0;1;1;0;0;0;0;0;0;0;0;0;29;9;15;16;24;0;7;15;0;1;2;10;1;0;0;0;0;3;0;1;0;0;0;0;2;0;7;2;1;0;0;0;1;0;0;0;1;0;0;0;1;1;0;2;0;0;0;0;0;0;0;4;9;0;8;0;0;2;1;0;1;0;2;0;0;0;0;0;0;0;0;0;0;0;0;0;0;0;0;1;1;0;0;0;0;0;0;0;0;0;0;0;0;0;0;0;0;0;0;0;0;0;0;0
3;"Gminny Ośrodek Pomocy Społecznej, Świecie nad Osą 2, 86-341 Świecie nad Osą";40606;"gm. Świecie nad Osą";"grudziądzki";"kujawsko-pomorskie";1;1;1;0;0;1;0;0;0;0;0;0;0;0;0;1;0;0;0;0;0;0;0;0;0;0;0;14;2;6;3;0;2;1;1;1;0;0;0;0;99;0;0;1;0;0;0;0;0;0;0;0;1;11;2;4;1;0;1;2;0;1;0;0;1;0;0;0;0;0;0;0;0;0;0;0;1;0;3;40;10;10;32;44;2;2;18;0;3;1;18;0;0;0;0;0;2;0;2;0;0;9;0;0;0;7;2;1;0;0;0;0;1;0;0;0;0;0;0;0;0;0;0;0;0;0;0;0;0;0;1;16;2;22;0;1;5;0;0;0;1;0;0;0;0;0;0;0;0;0;1;0;0;0;0;1;0;0;0;1;0;0;0;0;0;0;0;0;0;0;0;0;0;0;0;0;0;0;0;0;0;0;0
4;"Szkoła Podstawowa, Bursztynowo 44, 86-341 Świecie nad Osą";40606;"gm. Świecie nad Osą";"grudziądzki";"kujawsko-pomorskie";1;1;0;0;1;0;0;0;0;1;1;0;0;0;1;0;0;0;0;0;0;0;0;0;0;0;1;23;3;5;1;0;4;1;1;0;0;0;0;0;48;0;0;0;0;0;0;0;0;0;1;0;0;4;2;1;0;0;1;0;0;0;0;0;1;0;0;0;0;0;0;0;0;0;0;0;0;0;0;19;6;6;20;51;0;2;21;0;3;2;14;0;0;1;0;0;2;0;1;0;0;5;0;0;0;4;2;2;0;2;0;1;1;0;0;1;1;1;0;0;0;0;0;0;1;0;1;0;0;1;6;9;2;10;0;2;1;1;0;0;1;1;0;1;0;0;0;0;0;0;0;0;0;0;0;0;1;4;0;2;0;0;1;0;0;0;0;0;0;0;0;0;0;0;0;0;0;1;0;0;0;0;0
5;"Świetlica Wiejska, Mędrzyce 10, 86-320 Łasin";40606;"gm. Świecie nad Osą";"grudziądzki";"kujawsko-pomorskie";1;1;0;0;0;0;0;0;0;0;0;0;0;0;0;0;0;0;0;0;0;0;0;0;0;0;0;1;1;0;0;0;0;0;0;1;0;0;0;0;29;0;0;0;0;0;0;0;0;0;0;0;0;9;0;2;0;2;0;0;0;0;0;0;0;0;0;0;0;0;0;0;0;0;0;0;0;0;0;9;0;4;13;7;0;2;3;1;1;1;6;2;0;0;0;0;1;0;0;1;0;1;0;0;0;0;1;0;0;0;0;0;0;0;1;0;0;0;0;0;0;0;0;0;0;0;0;0;0;0;1;8;0;0;0;2;3;1;0;0;0;0;0;0;0;0;2;0;0;0;1;0;0;0;0;0;1;0;0;0;0;0;0;0;0;0;0;0;0;0;0;0;0;0;0;0;0;0;0;0;0;0;0
6;"Świetlica Wiejska, Partęczyny 90, 86-342 Łasin";40606;"gm. Świecie nad Osą";"grudziądzki";"kujawsko-pomorskie";1;1;0;0;0;0;1;0;0;1;0;0;0;0;0;0;0;0;0;0;0;0;0;0;0;0;0;6;0;1;0;0;0;0;0;0;0;0;0;0;12;0;0;0;0;0;0;0;1;0;3;0;2;1;1;0;0;0;1;0;0;0;0;0;0;0;0;0;0;0;0;0;0;0;0;0;0;0;0;19;10;5;7;20;0;9;9;1;1;2;3;2;0;0;0;1;2;0;4;1;0;0;0;0;0;3;1;0;0;0;0;0;0;1;0;0;0;0;0;0;0;0;0;0;0;0;0;0;0;0;3;4;0;1;0;2;0;0;0;1;0;0;0;0;0;0;0;0;0;0;0;0;0;0;1;0;0;1;0;0;0;0;0;0;0;0;0;1;0;1;0;0;0;0;0;0;0;0;0;0;0;0;0
7;"Świetlica Wiejska, Widlice 13A, 86-342 Łasin";40606;"gm. Świecie nad Osą";"grudziądzki";"kujawsko-pomorskie";1;1;0;0;0;0;1;0;0;0;0;0;1;0;0;0;0;0;0;0;0;0;0;0;0;0;0;3;0;0;0;0;1;0;0;0;0;0;1;0;17;0;0;0;0;0;0;0;0;0;0;0;0;3;1;0;0;0;0;0;0;0;0;0;0;0;0;0;0;0;0;0;0;0;0;0;0;0;0;5;1;5;6;3;0;0;9;0;1;0;3;1;0;0;0;0;2;0;3;0;0;0;0;0;1;2;0;0;0;0;0;0;0;0;0;0;0;0;0;0;0;0;0;0;0;0;0;0;0;0;0;3;1;3;0;0;3;0;0;1;0;0;0;0;0;0;0;0;0;0;0;0;0;0;0;0;0;0;1;0;0;0;0;0;0;0;0;0;0;0;0;0;0;0;0;0;0;0;0;0;0;0;0
8;"Świetlica Wiejska, Szarnoś 23A, 86-342 Łasin";40606;"gm. Świecie nad Osą";"grudziądzki";"kujawsko-pomorskie";1;1;0;1;0;0;0;0;0;0;0;0;0;0;0;0;0;0;0;0;0;0;0;0;0;0;0;4;0;1;1;0;0;0;0;0;0;0;0;0;17;0;0;0;0;0;0;0;0;0;0;0;0;6;1;1;0;0;2;0;0;0;0;0;1;0;0;0;0;0;0;0;0;0;0;0;0;0;0;8;3;4;7;15;0;2;4;0;1;1;6;1;0;0;0;0;0;0;0;0;0;0;0;0;0;5;1;0;0;0;1;0;0;0;0;0;0;0;0;0;0;0;0;0;0;0;0;0;0;1;1;3;1;5;1;0;2;0;0;0;1;0;0;0;1;0;0;0;0;0;0;0;0;0;0;2;0;0;0;0;0;0;0;0;0;0;0;0;0;0;0;0;0;0;0;0;0;0;0;0;0;0;0
1;"Szkoła Podstawowa Nr 2, ul. Stefana Okrzei 1, 87-600 Lipno";40801;"m. Lipno";"lipnowski";"kujawsko-pomorskie";1;1;5;1;0;0;2;1;1;0;0;0;0;1;3;1;1;0;0;0;0;1;0;0;0;0;1;19;9;8;14;4;3;2;1;2;1;1;7;0;0;0;0;0;2;4;1;0;0;0;0;0;162;77;12;3;2;2;6;1;1;2;2;0;3;1;0;0;2;0;1;1;1;0;3;2;1;0;2;62;66;45;55;88;13;5;7;0;1;1;3;5;1;0;3;1;2;1;0;4;0;1;0;0;1;48;12;6;3;3;3;2;1;0;3;0;1;0;2;1;0;1;4;1;0;0;0;0;0;3;8;80;15;3;10;4;3;2;0;91;5;9;2;1;1;2;1;0;0;1;42;0;0;0;0;0;2;5;0;1;1;2;1;2;1;0;0;0;1;1;0;0;0;0;0;0;0;1;0;0;0;0;0
2;"Szkoła Podstawowa Nr 2, ul. Szkolna 2, 87-600 Lipno";40801;"m. Lipno";"lipnowski";"kujawsko-pomorskie";1;1;4;3;1;0;1;1;1;0;1;0;0;0;0;0;0;1;0;0;0;0;1;0;0;0;1;16;4;4;10;2;2;1;2;2;1;0;2;0;2;1;0;1;2;0;0;0;1;0;0;0;103;52;12;0;2;0;1;0;0;2;0;0;0;0;0;1;0;0;1;0;0;0;5;0;2;0;2;35;50;29;24;45;6;3;21;0;1;0;0;3;0;2;1;1;1;0;0;0;0;1;0;1;1;22;8;6;1;0;0;1;0;2;1;0;0;0;1;1;0;0;2;0;0;1;0;1;0;1;1;71;17;3;11;3;3;3;3;51;1;5;0;0;0;1;3;0;1;0;28;0;1;2;0;0;1;2;0;1;1;0;1;1;0;1;0;3;0;0;0;0;0;0;0;0;0;3;1;0;0;0;0
3;"Miejskie Centrum Kulturalne, ul. Józefa Piłsudskiego 22, 87-600 Lipno";40801;"m. Lipno";"lipnowski";"kujawsko-pomorskie";1;1;4;1;0;0;0;0;1;0;0;0;0;0;1;0;0;1;0;0;0;0;1;2;0;0;1;13;1;2;8;1;1;0;2;0;2;0;3;0;0;0;1;0;0;0;1;0;0;0;0;2;81;48;11;1;1;3;8;1;2;0;0;0;0;0;1;0;3;0;1;0;0;0;1;0;0;0;1;29;52;24;37;42;6;5;19;1;2;1;0;2;0;0;0;0;0;0;0;1;1;0;0;0;0;6;6;4;0;3;2;1;0;0;0;0;0;0;0;0;1;0;0;0;1;0;0;0;0;1;2;56;13;1;2;3;1;1;2;86;1;4;1;4;0;0;0;1;1;1;27;0;0;1;1;1;0;0;0;0;1;0;0;0;0;0;0;0;0;0;0;0;0;0;0;0;1;3;0;0;0;0;0
4;"Szkoła Podstawowa Nr 5, pl. Plac 11 Listopada 13, 87-600 Lipno";40801;"m. Lipno";"lipnowski";"kujawsko-pomorskie";1;1;0;1;2;0;2;0;1;0;0;0;0;0;0;1;0;0;0;1;1;0;0;0;0;0;1;25;4;1;9;3;1;2;0;1;1;1;6;2;0;2;0;0;0;3;0;0;0;1;0;2;109;56;5;0;2;2;4;0;0;0;0;1;0;1;1;0;1;0;0;0;0;0;0;1;1;0;2;17;87;27;52;50;8;5;10;1;3;0;1;2;0;0;2;0;0;2;1;2;0;1;0;1;1;15;10;4;3;2;2;2;0;2;0;0;0;0;0;0;1;0;2;0;0;0;0;0;0;0;1;45;6;0;2;3;3;0;2;94;2;9;0;0;0;0;2;2;0;1;41;0;1;0;0;0;1;2;0;1;0;0;0;0;0;0;0;0;0;0;0;0;0;0;0;0;0;1;0;0;0;0;0
5;"Miejski Ośrodek Pomocy Społecznej, ul. Włocławska 16a, 87-600 Lipno";40801;"m. Lipno";"lipnowski";"kujawsko-pomorskie";1;1;0;0;1;0;0;1;0;0;0;1;0;0;0;0;0;0;0;0;0;0;1;0;0;0;0;20;7;2;6;2;1;0;0;0;4;0;0;0;1;0;1;0;0;1;0;0;1;0;1;0;45;27;12;0;2;0;1;0;0;0;0;1;0;0;1;0;0;0;1;1;1;0;2;1;0;0;0;21;57;25;24;43;6;2;14;1;0;2;0;1;0;1;2;1;1;0;0;0;1;0;0;1;0;17;4;1;2;0;0;0;2;0;0;0;2;0;0;0;0;0;3;0;0;0;0;0;0;1;2;42;5;1;1;2;3;1;0;24;1;0;0;1;0;0;0;0;0;0;26;0;0;0;0;0;0;0;0;0;0;0;0;0;2;0;0;0;0;0;0;0;0;0;0;0;0;0;0;1;0;0;0
6;"Miejski Ośrodek Pomocy Społecznej, ul. Włocławska 16a, 87-600 Lipno";40801;"m. Lipno";"lipnowski";"kujawsko-pomorskie";1;1;2;0;0;1;1;0;0;1;0;1;0;1;0;0;0;0;0;0;1;1;0;2;1;0;0;20;3;5;2;7;1;0;1;1;0;0;1;1;0;0;0;0;0;1;0;0;0;2;0;0;92;51;4;1;2;1;2;0;1;0;0;4;1;0;1;0;3;0;0;0;0;0;2;1;0;0;2;29;39;36;29;38;2;1;23;1;1;0;1;1;0;0;3;0;1;1;0;1;0;0;0;0;0;24;4;3;1;0;0;1;1;2;2;0;0;0;1;2;1;0;0;0;0;0;0;1;0;1;2;69;14;1;13;0;4;1;1;55;2;3;0;0;2;1;0;1;0;1;61;1;1;0;0;0;1;4;0;0;0;0;0;0;0;0;0;0;0;1;0;0;0;0;0;0;0;0;0;0;0;0;0
7;"Szkoła Podstawowa Nr 3, ul. Traugutta 2, 87-600 Lipno";40801;"m. Lipno";"lipnowski";"kujawsko-pomorskie";1;1;2;0;0;0;0;0;1;0;0;0;0;2;0;0;0;1;0;0;0;0;0;0;0;0;0;29;2;4;8;2;1;1;0;0;0;0;2;0;1;1;0;2;0;0;0;0;1;1;0;2;136;59;5;0;4;2;2;1;0;2;1;0;2;1;1;0;2;1;0;1;0;0;0;0;2;0;0;35;97;21;17;71;6;2;17;0;0;0;1;3;1;0;1;1;2;1;0;3;0;1;0;0;1;27;4;4;2;4;0;2;0;1;0;0;0;0;2;3;0;1;0;0;0;0;0;0;0;0;7;49;24;2;5;2;2;2;3;91;2;6;1;2;0;0;0;1;0;0;47;0;0;0;0;0;0;3;3;1;1;1;0;1;0;0;0;0;1;2;0;0;0;0;0;0;0;2;0;0;0;0;0
8;"Zespół Szkół im. Romualda Traugutta, ul. Traugutta 1, 87-600 Lipno";40801;"m. Lipno";"lipnowski";"kujawsko-pomorskie";1;1;1;0;0;2;0;0;0;1;0;0;0;0;0;0;0;1;0;0;0;0;0;0;0;2;0;8;6;4;4;1;2;1;0;0;0;0;1;0;0;1;0;0;0;0;0;1;0;1;0;0;62;49;2;1;1;1;2;0;0;2;1;1;0;0;1;1;0;0;2;0;0;0;0;3;0;1;0;25;46;26;19;43;6;5;18;0;0;0;0;0;0;0;0;0;3;1;0;0;0;0;0;1;1;5;3;1;0;1;0;0;0;1;0;0;1;0;1;1;0;0;0;0;0;0;0;0;0;0;3;35;12;0;8;4;0;2;1;40;3;1;0;1;2;0;0;0;0;0;18;1;0;0;0;0;0;0;0;0;0;0;0;1;1;1;1;0;0;1;0;0;0;0;0;0;0;1;0;0;0;0;0
9;"Przedszkole Miejskie Nr 4, ul. Kazimierza Różyckiego 8, 87-600 Lipno";40801;"m. Lipno";"lipnowski";"kujawsko-pomorskie";1;1;0;0;0;0;1;0;0;0;0;0;0;0;0;0;0;0;0;0;0;0;1;0;0;0;0;19;3;0;3;1;2;0;0;0;1;1;1;0;0;1;0;0;1;0;0;0;0;0;0;1;64;59;1;0;1;0;0;0;0;0;0;0;0;0;0;0;1;0;2;0;0;0;1;0;1;0;1;15;48;27;22;31;5;6;6;0;0;1;0;1;0;2;0;2;1;0;0;1;0;0;0;0;1;4;1;1;1;1;0;1;0;1;0;0;1;0;0;0;0;0;0;0;0;0;0;0;0;0;2;50;22;1;3;2;2;2;2;49;0;11;0;0;0;3;1;0;0;0;17;0;0;0;0;0;1;1;0;0;0;0;0;0;0;0;0;0;0;0;0;0;0;0;0;0;0;1;0;0;0;0;0
10;"Szpital Lipno Sp. z o. o., ul. Nieszawska 6, 87-600 Lipno";40801;"m. Lipno";"lipnowski";"kujawsko-pomorskie";1;1;1;0;0;0;0;0;0;0;0;0;0;0;0;0;0;0;0;0;0;0;0;0;0;0;0;2;0;1;0;0;0;0;0;0;0;0;0;0;0;0;0;0;0;0;0;0;0;0;0;0;1;1;4;0;0;1;0;0;0;0;0;0;0;1;0;0;0;0;0;0;0;0;0;0;1;0;0;2;11;3;5;4;0;2;1;0;0;1;0;0;1;1;0;0;0;0;0;0;0;0;0;0;0;0;0;0;0;0;0;0;1;0;0;0;0;0;0;0;0;0;0;0;0;0;0;0;0;0;0;3;0;1;0;0;0;0;0;1;0;1;0;0;0;0;0;0;0;0;1;0;0;0;0;0;0;0;0;0;0;0;0;0;0;0;0;0;0;0;1;1;0;0;0;0;0;0;0;0;0;0;0
1;"Przedszkole Samorządowe w Bobrownikach, ul. Kościelna 5, 87-617 Bobrowniki";40802;"gm. Bobrowniki";"lipnowski";"kujawsko-pomorskie";1;1;2;0;1;0;1;0;0;0;0;0;0;0;1;0;0;0;0;0;1;0;0;0;0;0;1;9;3;1;2;0;0;0;0;0;1;0;1;0;1;0;1;0;0;0;0;1;0;0;1;1;81;21;6;0;0;21;0;0;0;0;0;1;3;0;0;0;0;0;0;1;0;0;0;0;0;0;0;10;65;11;20;29;0;4;17;2;1;4;2;0;0;0;0;0;0;0;0;1;0;0;0;0;1;6;2;4;1;1;0;0;0;1;0;0;1;0;0;2;0;0;0;0;0;0;0;0;0;0;1;45;9;4;15;2;2;1;3;10;3;7;0;0;0;3;0;0;0;0;2;0;0;0;0;0;0;3;0;0;1;0;0;0;0;0;0;0;0;0;0;0;0;0;0;0;0;0;0;0;0;0;0
2;"Przedszkole Samorządowe w Bobrownikach, ul. Kościelna 5, 87-617 Bobrowniki";40802;"gm. Bobrowniki";"lipnowski";"kujawsko-pomorskie";1;1;2;0;0;0;0;0;1;0;0;0;0;2;0;0;1;0;0;0;0;0;1;1;0;0;0;8;2;2;6;3;1;0;1;0;0;0;0;0;0;2;0;0;0;0;0;0;0;0;0;0;60;16;8;1;0;3;1;0;0;0;0;0;0;0;0;0;0;0;0;0;0;1;0;0;1;0;0;18;28;10;16;24;0;1;2;2;0;1;0;2;0;0;0;0;2;0;0;0;1;2;0;0;1;5;2;1;0;0;1;0;1;1;2;1;0;1;0;0;0;0;0;0;0;0;0;0;0;0;0;16;4;1;12;2;0;2;2;1;0;3;0;0;0;0;1;0;0;0;0;0;0;0;1;0;2;4;0;0;0;0;1;0;0;0;0;0;0;0;0;0;0;0;0;0;0;0;0;0;0;0;0
3;"Przedszkole Samorządowe w Bobrownikach, ul. Kościelna 5, 87-617 Bobrowniki";40802;"gm. Bobrowniki";"lipnowski";"kujawsko-pomorskie";1;1;1;0;1;1;0;0;0;0;1;0;0;0;0;0;0;0;0;1;0;0;0;0;0;1;1;5;2;1;2;2;2;0;1;0;0;0;0;0;0;2;0;0;1;0;0;0;0;1;0;1;62;18;6;0;0;3;1;0;0;0;0;1;0;0;0;0;0;0;0;0;0;0;0;0;2;0;1;24;42;15;26;37;0;1;2;2;1;7;1;1;0;0;1;0;2;0;0;0;0;0;0;0;1;4;3;0;1;0;1;0;0;0;0;0;0;1;0;2;1;0;0;0;0;0;0;1;0;2;0;13;8;2;7;1;0;1;2;2;0;0;0;0;0;1;0;2;0;0;0;0;0;0;0;1;0;4;0;0;0;0;1;0;0;0;0;0;0;0;0;0;0;0;0;1;0;0;0;0;0;0;0
4;"Świetlica sołecka w Gnojnie, Gnojno 24A, 87-617 Bobrowniki";40802;"gm. Bobrowniki";"lipnowski";"kujawsko-pomorskie";1;1;0;0;0;0;0;0;0;0;0;0;0;0;0;0;0;0;0;0;0;0;0;0;0;0;0;8;1;1;1;0;2;0;0;2;0;0;1;4;0;0;0;0;0;0;0;0;0;1;0;0;18;3;0;0;0;0;1;0;0;0;2;0;0;0;0;0;0;0;0;0;0;0;0;0;1;0;0;9;23;4;11;10;0;1;3;1;0;0;0;0;1;0;0;0;2;0;0;0;0;1;0;1;0;3;4;3;0;0;0;1;0;2;0;0;0;0;0;0;0;0;0;0;0;1;0;0;0;0;0;7;3;1;3;0;0;1;0;1;0;0;1;0;0;1;0;1;0;0;4;0;0;0;0;0;0;0;0;0;0;0;0;0;0;0;0;0;0;0;0;0;0;0;0;0;0;0;0;0;0;0;0
5;"Budynek po byłej Szkole Podstawowej w Rachcinie, Rachcin 8a, 87-617 Bobrowniki";40802;"gm. Bobrowniki";"lipnowski";"kujawsko-pomorskie";1;1;1;2;2;0;1;0;1;0;0;0;0;0;0;0;0;0;0;0;0;0;0;0;0;0;0;6;1;1;1;1;0;0;0;0;0;0;1;0;0;1;0;0;0;0;0;0;0;0;0;0;31;8;2;0;0;7;0;0;0;1;0;0;1;0;0;0;0;0;2;0;0;0;0;0;1;0;0;5;29;2;9;4;0;4;1;1;0;4;1;0;0;0;0;0;0;0;0;0;0;0;0;0;2;3;1;1;0;0;0;0;0;0;0;0;0;0;0;0;1;0;0;0;0;0;0;0;0;0;0;11;0;2;6;0;0;0;4;1;1;6;0;1;0;1;0;0;0;1;0;0;0;0;0;2;0;0;0;0;0;0;0;0;0;0;0;0;0;0;3;0;0;0;0;0;0;2;0;0;0;0;0
1;"Gminna Biblioteka Publiczna w Chrostkowie, Chrostkowo 99, 87-602 Chrostkowo";40803;"gm. Chrostkowo";"lipnowski";"kujawsko-pomorskie";1;1;1;0;0;0;0;0;1;0;0;0;0;0;0;0;0;0;0;0;0;0;1;0;0;0;0;14;4;0;7;0;3;0;0;0;0;1;0;0;1;0;0;0;1;0;0;0;0;0;0;0;65;9;1;0;0;1;2;0;0;0;0;1;0;1;0;0;1;0;0;0;0;0;0;0;1;0;0;10;28;8;48;36;0;0;4;3;2;0;0;0;0;1;1;0;2;0;0;0;0;0;0;0;0;11;5;0;0;1;3;2;2;1;0;1;0;0;0;1;0;0;0;0;0;0;0;0;0;2;0;11;5;0;5;1;0;1;1;7;0;4;0;0;0;0;0;0;0;0;2;0;0;2;0;0;0;0;0;0;0;0;0;0;0;0;0;0;0;0;0;0;0;0;0;0;0;1;0;0;0;0;0
2;"Dzienny Dom Pobytu w Stalmierzu, Stalmierz 70, 87-602 Chrostkowo";40803;"gm. Chrostkowo";"lipnowski";"kujawsko-pomorskie";1;1;0;3;0;0;1;0;1;0;0;0;0;0;0;0;0;0;0;0;0;0;0;0;0;0;0;8;2;3;0;0;3;0;0;0;1;1;0;0;2;0;0;0;0;0;0;0;0;0;0;0;66;12;0;1;0;2;2;0;0;0;0;0;1;2;0;0;0;0;0;0;0;0;0;0;0;0;0;18;31;11;57;85;1;2;16;1;4;1;0;0;0;1;0;0;5;0;0;0;0;0;0;0;0;9;1;0;2;0;3;0;1;0;0;0;0;0;0;0;0;0;0;0;0;0;0;1;0;1;1;14;8;3;1;0;1;3;0;1;4;4;0;2;0;0;0;1;0;0;1;0;0;0;0;0;1;1;1;0;0;1;1;0;0;0;0;0;0;0;0;0;0;0;0;0;0;0;0;0;0;0;0
3;"Świetlica Wiejska w Makówcu, Makówiec 35, 87-602 Chrostkowo";40803;"gm. Chrostkowo";"lipnowski";"kujawsko-pomorskie";1;1;0;0;1;0;0;0;0;0;0;0;0;0;0;1;0;0;0;0;0;0;0;0;0;0;0;9;1;0;3;2;1;1;0;0;0;0;0;1;0;0;0;0;0;0;0;0;0;1;0;0;44;4;2;0;0;1;3;0;0;0;0;0;1;1;0;1;0;0;0;0;0;0;0;0;0;0;0;19;30;4;24;63;0;2;8;0;0;1;0;1;0;3;0;0;0;0;0;2;1;0;0;0;0;4;1;0;2;2;2;3;1;1;0;0;1;0;1;0;1;0;0;0;1;0;0;0;0;0;3;10;3;1;1;1;2;0;0;5;3;7;0;1;0;1;0;0;0;1;1;0;0;0;0;0;0;3;0;0;1;0;0;0;0;1;0;0;0;1;0;0;0;0;0;0;0;0;0;0;0;0;0
4;"Zespół Szkół w Chrostkowie, Chrostkowo 80, 87-602 Chrostkowo";40803;"gm. Chrostkowo";"lipnowski";"kujawsko-pomorskie";1;1;0;0;0;0;1;2;0;0;0;0;0;0;1;0;0;0;0;0;0;0;0;1;0;0;0;8;3;1;2;0;0;0;0;0;0;0;0;0;0;1;0;0;0;0;0;0;0;1;0;1;50;3;1;0;0;1;1;0;0;0;0;1;0;3;0;0;1;0;0;0;0;0;0;0;0;0;0;5;23;4;39;45;3;1;4;0;0;0;0;1;0;0;0;0;0;1;0;1;0;0;0;0;1;7;2;1;0;1;1;0;0;1;0;1;0;1;1;0;0;0;1;1;0;1;0;0;0;0;2;6;3;1;0;2;1;1;0;1;4;3;1;0;0;0;0;0;0;0;2;0;0;0;0;0;2;1;0;0;0;0;0;0;0;0;0;0;0;0;0;0;0;0;0;0;0;0;0;0;0;0;0
1;"Dobrzyńskie Centrum Sportu i Turystyki-wejście B, ul. Licealna 1A, 87-610 Dobrzyń nad Wisłą";40804;"gm. Dobrzyń nad Wisłą";"lipnowski";"kujawsko-pomorskie";1;1;1;1;2;0;1;0;0;1;0;0;1;0;0;0;0;0;0;0;0;0;0;1;0;0;0;14;1;0;3;0;5;0;0;0;0;0;2;1;1;1;0;0;0;0;1;0;0;2;0;0;46;25;6;0;0;0;1;0;0;4;0;0;0;0;1;1;1;0;1;0;0;0;0;0;0;0;1;13;36;7;77;4;0;4;8;0;1;0;0;0;1;0;60;0;1;0;0;0;0;0;0;0;0;4;3;5;0;1;0;0;1;0;0;0;0;0;0;0;1;0;0;1;0;0;0;0;0;0;4;41;2;2;4;3;3;3;2;6;2;6;0;0;0;1;0;0;0;0;0;1;0;1;0;0;0;0;0;0;0;0;0;0;0;1;0;0;0;0;2;0;0;0;1;0;0;3;1;0;0;0;0
2;"Dobrzyńskie Centrum Sportu i Turystyki-wejście A, ul. Licealna 1A, 87-610 Dobrzyń nad Wisłą";40804;"gm. Dobrzyń nad Wisłą";"lipnowski";"kujawsko-pomorskie";1;1;3;0;0;0;0;0;0;0;0;0;0;0;0;0;0;0;0;0;0;0;1;0;0;0;1;13;1;2;2;3;2;2;1;0;0;0;5;1;0;2;0;0;0;2;0;0;0;0;0;2;53;20;9;0;0;2;0;0;1;1;0;0;0;3;2;0;0;1;3;0;0;0;1;0;0;0;0;20;52;5;81;19;0;2;5;0;1;2;1;2;0;0;90;0;0;0;0;0;0;0;0;0;0;17;5;3;2;1;0;1;2;1;1;0;0;0;0;2;0;2;0;0;0;0;0;0;0;0;1;34;14;4;7;3;6;2;0;15;2;6;1;1;1;1;0;0;0;0;0;0;0;0;0;0;1;2;0;0;1;0;0;1;0;0;0;0;0;1;1;0;0;0;0;0;0;0;0;0;0;0;0
3;"Dobrzyński Dom Kultury „ŻAK”, ul. Szkolna 2, 87-610 Dobrzyń nad Wisłą";40804;"gm. Dobrzyń nad Wisłą";"lipnowski";"kujawsko-pomorskie";1;1;1;1;1;0;0;0;0;1;0;0;1;0;0;0;0;0;0;0;0;0;0;0;0;0;0;6;2;3;1;0;0;0;2;0;0;0;1;0;0;0;0;0;0;0;0;0;0;0;0;0;54;15;10;2;0;2;1;0;1;0;0;0;4;2;0;0;2;1;3;0;0;0;0;0;0;0;0;22;14;8;71;21;0;2;6;0;0;1;1;0;0;1;59;1;0;0;0;0;0;0;0;1;0;12;2;0;1;1;0;0;1;0;0;0;0;1;0;0;0;0;0;0;0;0;1;0;0;2;1;12;10;1;15;3;1;1;1;3;1;2;0;0;0;0;0;1;0;1;0;0;1;0;1;0;0;1;0;0;0;0;0;0;0;0;0;0;0;0;1;0;0;0;0;0;0;1;0;0;0;0;0
4;"Szkoła Podstawowa w Chalinie, Chalin 36, 87-610 Dobrzyń nad Wisłą";40804;"gm. Dobrzyń nad Wisłą";"lipnowski";"kujawsko-pomorskie";1;1;0;0;1;1;0;0;0;0;0;0;0;0;0;0;0;0;0;0;1;0;0;0;0;0;0;9;0;3;2;0;1;0;1;0;3;0;4;0;0;1;0;0;1;0;0;0;0;1;0;0;26;6;5;0;0;2;0;1;0;0;0;0;0;0;1;0;0;0;4;0;0;0;0;0;0;0;0;8;10;6;41;13;0;2;6;0;0;1;0;2;1;1;28;0;1;0;0;0;0;0;0;0;1;9;3;3;2;2;2;0;1;2;1;0;1;1;0;0;0;0;0;0;0;0;0;0;0;1;0;18;2;3;6;0;2;2;0;4;1;0;1;0;0;1;0;0;0;1;0;0;0;1;0;1;0;1;0;0;0;0;0;0;0;0;0;0;0;0;0;0;0;0;0;0;0;0;1;0;0;1;0
5;"Szkoła Podstawowa w Dyblinie, Dyblin 1, 87-610 Dobrzyń nad Wisłą";40804;"gm. Dobrzyń nad Wisłą";"lipnowski";"kujawsko-pomorskie";1;1;1;0;0;0;0;1;0;0;0;0;0;0;0;0;0;0;0;0;0;0;0;0;0;0;0;10;1;2;3;2;1;0;0;0;1;0;3;0;0;1;1;0;0;0;1;0;0;0;0;0;35;16;4;0;1;1;3;0;0;1;0;0;0;0;0;0;2;0;8;1;0;0;0;0;1;0;0;12;23;5;139;9;0;1;1;0;0;2;0;0;0;1;30;0;2;0;0;0;0;0;0;0;0;9;5;1;1;1;0;1;0;0;1;0;0;1;0;0;0;0;2;0;0;0;1;0;0;1;2;14;3;2;19;2;4;1;1;2;2;3;0;0;0;1;2;0;0;0;0;1;0;0;0;0;1;0;1;0;0;0;0;0;0;0;0;0;0;0;0;0;0;0;0;0;0;0;0;0;0;0;0
6;"Remiza OSP w Grochowalsku, Grochowalsk 35, 87-610 Dobrzyń nad Wisłą";40804;"gm. Dobrzyń nad Wisłą";"lipnowski";"kujawsko-pomorskie";1;1;0;0;0;0;0;0;0;0;0;0;0;0;1;0;0;0;0;0;0;0;1;0;0;0;1;12;3;2;7;3;3;2;2;2;0;0;0;0;0;0;0;0;0;0;0;0;0;0;1;0;58;13;13;0;0;1;1;0;1;0;0;0;2;2;1;1;0;0;2;1;0;0;1;1;1;0;0;1;9;0;183;16;0;0;1;0;0;1;0;0;0;0;1;0;0;0;0;0;1;0;0;0;0;13;10;2;0;2;1;4;0;2;1;0;1;0;0;0;0;0;0;0;0;0;0;0;0;2;0;19;5;2;22;0;0;1;2;1;0;5;2;0;0;1;0;0;1;0;1;0;0;1;0;0;0;4;0;0;0;0;3;2;0;0;0;0;0;0;0;0;0;0;0;0;0;2;0;0;0;0;0
7;"Ochotnicza Straż Pożarna w Michałkowie, Michałkowo 22, 87-610 Dobrzyń nad Wisłą";40804;"gm. Dobrzyń nad Wisłą";"lipnowski";"kujawsko-pomorskie";1;1;0;0;0;0;0;0;0;0;0;0;0;0;0;0;0;0;0;0;0;0;0;0;0;0;0;14;2;1;0;0;0;2;1;1;0;0;1;0;0;1;0;0;0;0;0;0;0;0;2;0;12;3;0;0;0;0;1;0;1;0;0;0;1;0;1;0;0;0;0;0;0;0;0;1;0;0;0;26;12;5;25;22;1;4;13;1;2;0;0;0;0;0;32;3;2;0;0;0;1;0;0;1;0;4;1;0;2;2;1;0;0;1;0;0;0;0;0;0;1;0;0;0;0;0;0;0;0;1;1;8;0;1;1;0;0;1;0;0;0;2;0;0;0;0;0;0;0;0;0;0;0;0;0;0;0;1;1;0;0;0;0;0;0;0;0;0;0;0;0;0;0;0;0;0;1;0;0;0;0;0;0
8;"Remiza OSP w Krojczynie, Krojczyn 70, 87-610 Dobrzyń nad Wisłą";40804;"gm. Dobrzyń nad Wisłą";"lipnowski";"kujawsko-pomorskie";1;1;1;0;0;0;1;0;0;1;0;0;2;0;0;0;1;0;0;0;0;0;0;0;0;0;0;11;1;1;2;3;0;0;1;0;1;1;1;0;0;0;0;0;0;0;0;0;0;1;0;1;19;8;3;0;0;1;0;0;1;0;0;0;1;0;0;0;0;0;0;0;1;0;0;0;0;0;0;2;16;0;84;2;0;1;5;0;0;0;0;0;0;0;11;0;1;0;0;1;0;0;0;0;0;8;2;1;0;1;1;2;1;2;1;0;0;0;0;1;0;0;0;0;0;0;0;0;0;0;1;17;4;2;10;2;1;0;0;1;0;0;0;0;0;0;0;0;0;0;0;0;0;0;0;0;1;1;0;1;0;0;0;1;0;0;0;0;0;1;0;0;0;0;0;1;0;0;0;0;0;0;1
9;"Remiza OSP w Mokowie, Mokowo 24, 87-610 Dobrzyń nad Wisłą";40804;"gm. Dobrzyń nad Wisłą";"lipnowski";"kujawsko-pomorskie";1;1;1;1;2;0;0;0;0;1;0;0;1;0;0;0;0;0;0;0;0;0;2;1;0;0;0;6;2;0;2;1;0;0;0;1;0;0;1;0;0;0;1;1;0;1;0;0;0;1;0;0;33;6;0;0;0;0;1;0;0;0;0;0;0;0;0;1;2;0;6;0;0;0;0;0;0;1;0;3;12;8;82;9;0;0;2;0;0;0;0;0;1;0;23;2;0;0;0;0;0;1;0;0;0;8;0;6;0;0;0;1;0;0;0;0;0;0;1;1;0;0;1;0;0;0;0;0;0;1;0;6;2;0;6;0;3;0;0;0;0;0;0;0;0;0;0;0;0;0;3;0;0;0;0;0;0;1;0;0;0;1;0;0;0;0;0;0;0;0;2;0;0;0;0;0;0;2;1;0;0;0;0
10;"Remiza OSP w Płomianach, Płomiany 20A, 87-610 Dobrzyń nad Wisłą";40804;"gm. Dobrzyń nad Wisłą";"lipnowski";"kujawsko-pomorskie";1;1;0;0;0;0;0;0;0;0;0;0;0;0;0;0;0;1;0;0;0;0;0;0;0;0;0;5;0;0;4;1;1;0;0;0;1;0;1;0;0;0;0;0;0;0;0;0;0;2;0;0;18;15;5;1;0;1;1;0;0;0;0;0;0;0;0;0;0;0;2;0;0;0;0;0;0;0;0;9;14;6;49;7;0;2;0;0;0;1;0;0;0;0;22;0;0;0;0;0;0;1;0;0;0;8;2;1;0;1;0;1;1;0;0;0;0;0;0;0;0;1;0;0;0;0;0;0;0;0;2;8;0;0;5;0;1;1;1;0;0;6;1;0;0;0;0;0;0;0;1;0;0;0;0;0;0;0;0;1;0;0;0;0;0;0;0;0;0;1;0;0;0;0;0;0;0;1;0;0;0;0;0
1;"Szkoła Podstawowa im. Ignacego Antoniego Zboińskiego w Kikole, ul. Targowa 6, 87-620 Kikół";40805;"gm. Kikół";"lipnowski";"kujawsko-pomorskie";1;1;1;0;1;0;0;0;0;1;1;0;0;0;0;0;0;0;0;0;0;0;0;0;0;0;0;6;0;1;4;0;0;0;1;1;1;0;2;0;0;0;1;0;1;0;0;0;0;1;1;0;148;21;2;2;1;0;0;0;0;0;1;0;0;0;0;0;0;0;0;0;0;0;1;0;0;0;1;17;20;13;39;60;1;1;19;0;0;4;0;2;0;0;0;0;2;0;0;0;0;0;0;0;0;12;3;2;3;0;0;1;0;0;2;0;0;0;0;0;0;0;1;0;1;0;0;0;2;0;0;32;7;4;2;2;2;2;0;6;2;7;0;1;0;0;0;0;0;1;9;0;0;0;0;0;0;2;0;0;0;0;0;0;0;0;0;0;0;0;0;0;0;0;0;0;0;0;0;0;0;0;0
2;"Sala gimnastyczna przy Szkole Podstawowej im. Ignacego Antoniego Zboińskiego w Kikole, ul. Targowa 6, 87-620 Kikół";40805;"gm. Kikół";"lipnowski";"kujawsko-pomorskie";1;1;1;0;0;0;0;0;0;1;0;0;0;0;0;1;0;0;0;0;0;0;0;0;0;0;0;7;1;0;4;0;1;0;1;0;0;0;0;0;0;0;0;0;0;0;0;0;2;1;2;0;267;26;4;0;0;1;0;0;0;1;0;0;1;0;0;0;0;0;0;0;0;0;0;0;0;0;2;20;27;26;40;57;1;1;22;1;1;0;0;1;0;1;0;0;0;0;0;0;0;0;0;0;1;15;3;1;1;0;0;2;0;0;0;0;0;0;1;0;0;0;1;0;0;0;0;0;0;1;1;26;8;0;0;1;5;0;1;13;2;3;0;7;0;3;0;0;0;0;16;0;0;0;1;0;1;3;0;0;0;0;0;2;0;0;0;0;0;0;0;0;1;0;0;0;0;0;0;0;0;0;0
3;"Świetlica Wiejska w Grodzeniu, Grodzeń 43B, 87-620 Kikół";40805;"gm. Kikół";"lipnowski";"kujawsko-pomorskie";1;1;0;0;0;0;0;0;0;0;0;0;0;0;0;0;0;0;1;0;0;0;0;0;0;0;0;5;2;0;4;0;0;0;0;0;0;0;1;0;1;0;0;0;0;1;0;0;0;0;0;0;43;4;0;2;0;1;0;0;0;0;0;0;0;0;1;0;0;0;0;0;0;0;0;0;0;0;0;9;8;7;11;57;1;0;1;1;0;0;0;0;1;0;0;0;1;0;0;0;0;0;0;0;0;12;2;3;3;1;1;1;2;1;0;0;1;0;1;0;0;0;0;0;1;0;0;0;0;1;1;4;2;0;0;1;0;0;0;0;0;0;0;0;0;0;0;0;0;0;0;0;0;0;0;0;0;0;0;0;0;0;0;0;0;0;0;0;0;0;0;0;0;0;0;0;0;0;0;0;0;0;0
4;"Szkoła Podstawowa w Zajeziorzu, Zajeziorze 38, 87-620 Kikół";40805;"gm. Kikół";"lipnowski";"kujawsko-pomorskie";1;1;1;0;0;0;0;0;0;0;0;0;0;0;0;0;0;0;0;0;0;0;0;0;0;0;0;2;2;0;3;0;0;0;0;0;0;0;1;0;0;0;0;0;0;0;0;0;0;1;0;0;18;4;0;1;1;0;0;0;0;1;0;0;1;0;0;0;0;0;0;2;0;0;0;0;0;0;0;7;7;8;4;16;1;0;8;0;0;0;0;0;0;0;0;1;0;0;0;0;0;0;0;0;0;2;0;1;0;0;0;0;0;0;0;0;0;0;0;1;1;0;0;0;0;0;0;0;0;0;0;2;1;0;0;0;0;1;0;1;0;0;0;0;0;0;0;0;0;0;1;0;0;0;0;0;0;0;0;0;0;0;0;0;0;0;0;0;0;0;0;0;0;0;0;0;0;1;0;0;0;0;0
5;"Szkoła Podstawowa im. Ireny Sendlerowej w Woli, Wola 71B, 87-620 Kikół";40805;"gm. Kikół";"lipnowski";"kujawsko-pomorskie";1;1;1;0;0;1;0;0;0;0;0;1;0;0;0;0;0;0;0;0;0;0;0;0;0;0;1;14;0;3;7;0;1;3;1;0;1;1;2;0;1;1;0;0;0;0;0;0;0;1;0;0;92;19;2;0;1;0;1;1;0;0;0;1;0;0;1;0;1;1;0;1;0;0;0;0;0;0;0;22;10;7;7;152;2;0;6;0;3;0;0;2;0;0;0;0;1;0;0;0;0;1;0;1;0;19;4;1;1;3;0;1;0;1;0;0;0;0;1;0;1;0;0;0;1;0;0;0;1;1;2;22;8;5;0;0;3;4;0;1;3;0;1;18;0;1;0;0;1;0;0;0;0;1;0;0;0;2;1;0;0;0;0;0;0;0;0;0;0;0;2;0;0;0;0;0;0;1;0;0;0;0;0
6;"Świetlica Wiejska w Kikole, ul. Targowa 1A, 87-620 Kikół";40805;"gm. Kikół";"lipnowski";"kujawsko-pomorskie";1;1;0;0;0;0;0;0;0;0;0;0;0;0;0;0;0;0;1;0;0;0;0;1;0;0;0;7;0;5;0;3;0;0;0;0;0;0;1;0;0;0;0;0;0;0;0;0;0;0;0;0;89;15;0;0;0;1;2;0;0;1;0;0;0;1;2;0;4;0;1;0;0;0;0;0;2;0;1;16;10;12;27;44;1;4;3;0;0;0;0;0;0;0;0;0;0;0;0;0;0;2;0;0;1;4;1;0;2;2;0;0;0;2;0;0;0;0;1;1;0;0;0;0;1;0;0;0;1;0;1;21;6;2;2;1;2;0;1;5;0;1;0;0;1;0;0;0;0;1;3;0;0;0;0;0;0;3;0;0;0;0;0;0;0;0;0;0;0;0;0;0;1;0;0;0;0;3;0;0;0;0;0
7;"Świetlica Wiejska w Ciełuchowie, Ciełuchowo 18B, 87-620 Kikół";40805;"gm. Kikół";"lipnowski";"kujawsko-pomorskie";1;1;0;0;0;0;0;0;0;1;0;0;0;0;1;0;0;0;0;0;0;0;0;0;0;0;0;0;2;0;0;0;1;1;0;0;0;0;0;0;0;1;0;0;0;0;0;0;0;0;0;0;33;1;2;0;0;0;0;0;0;0;0;0;0;0;0;0;0;0;0;0;0;0;0;0;0;0;0;3;5;6;15;25;2;0;10;1;1;1;0;1;0;0;0;0;1;0;0;0;0;0;0;0;0;4;0;1;0;1;0;0;0;0;0;0;0;0;0;0;3;0;0;0;0;0;0;0;0;0;1;3;2;0;1;0;0;1;0;2;0;0;0;0;0;0;0;0;0;0;0;0;0;1;0;0;0;1;0;0;0;0;0;0;0;0;0;0;0;0;0;0;0;0;0;0;0;0;0;0;0;0;0
8;"Świetlica Wiejska w Wolęcinie, Wolęcin 20F, 87-620 Kikół";40805;"gm. Kikół";"lipnowski";"kujawsko-pomorskie";1;1;0;0;0;0;0;0;0;0;0;0;0;0;0;0;0;0;0;0;0;0;0;0;0;0;1;9;0;0;0;0;2;1;0;0;0;1;1;0;0;0;0;0;0;0;0;0;0;0;0;0;21;3;3;0;2;0;0;0;0;0;0;0;0;0;0;0;0;1;0;1;0;1;0;0;0;0;0;11;1;9;11;10;1;1;3;1;0;0;0;1;0;1;0;0;1;0;0;0;0;0;0;0;0;2;1;0;0;0;0;0;0;0;0;0;0;0;1;2;0;0;0;0;0;0;0;0;0;0;0;2;0;0;1;1;2;2;0;1;0;1;0;0;0;0;0;0;0;0;3;0;0;0;0;0;0;2;1;0;0;0;0;0;0;0;0;0;0;0;0;0;0;0;0;0;0;0;0;0;0;0;0
9;"Budynek Sołecki w Dąbrówce, Dąbrówka 25B, 87-620 Kikół";40805;"gm. Kikół";"lipnowski";"kujawsko-pomorskie";1;1;1;1;0;0;0;1;0;0;0;0;0;0;0;0;0;0;0;0;0;0;0;0;0;0;0;3;0;0;1;0;0;0;0;0;0;0;1;0;0;0;0;0;0;1;0;0;0;0;0;0;21;2;1;0;0;1;0;0;0;0;0;0;0;0;0;0;0;0;0;0;0;0;0;0;1;0;0;11;5;2;5;25;2;0;3;2;0;0;0;0;0;0;0;0;0;0;0;0;0;0;0;0;0;1;1;0;0;1;0;0;0;0;0;0;0;0;1;0;0;1;0;0;0;0;0;0;0;0;1;1;0;0;0;0;0;0;0;0;0;0;0;0;0;0;0;0;0;0;0;0;0;0;0;0;0;1;0;0;0;0;0;0;0;0;0;0;0;0;0;0;0;0;0;0;0;0;0;0;0;0;0
10;"Świetlica Wiejska w Moszczonnem, Moszczonne 55, 87-620 Kikół";40805;"gm. Kikół";"lipnowski";"kujawsko-pomorskie";1;1;0;0;0;1;0;0;0;0;0;1;0;0;0;1;1;0;0;0;0;0;0;0;0;0;0;4;2;1;0;0;0;0;0;1;0;0;0;0;0;0;0;0;0;1;1;0;0;1;0;0;64;5;1;0;0;4;0;0;0;0;0;0;0;0;0;0;0;0;0;0;0;0;0;0;0;0;0;6;5;10;7;36;1;2;18;0;0;2;1;0;0;0;0;0;1;0;0;2;0;0;0;0;0;6;0;1;1;0;0;0;0;0;0;0;2;0;0;1;0;0;0;0;0;0;0;0;0;0;4;9;0;1;2;1;1;0;0;2;2;0;1;0;0;1;0;0;0;0;3;0;0;0;0;0;0;0;0;0;0;0;0;1;0;0;0;0;0;0;1;0;0;0;0;0;0;0;0;0;0;0;0
11;"Środowiskowy Dom Samopomocy ""Koniczynka"" w Suminie, Sumin 20, 87-620 Kikół";40805;"gm. Kikół";"lipnowski";"kujawsko-pomorskie";1;1;0;0;0;0;0;1;0;0;0;1;0;0;0;0;0;0;0;0;0;0;0;0;0;0;0;3;4;0;2;0;0;0;0;1;0;0;0;0;0;2;0;0;0;0;0;0;0;0;0;0;45;8;1;0;0;2;0;0;0;0;0;0;0;0;0;0;0;1;1;0;0;0;0;0;0;0;0;8;3;6;12;27;0;1;3;0;2;2;0;0;0;0;0;0;1;0;0;0;0;0;0;0;0;2;0;1;1;0;0;0;1;1;0;1;0;1;0;0;1;0;1;0;0;0;0;0;0;0;0;6;1;0;0;1;0;0;0;0;0;1;0;7;0;0;0;0;0;2;0;0;0;0;0;0;0;0;0;0;1;0;0;0;0;0;0;0;0;0;0;0;0;0;0;0;0;0;0;0;0;0;0
12;"Świetlica Wiejska w Trutowie, Trutowo 15, 87-620 Kikół";40805;"gm. Kikół";"lipnowski";"kujawsko-pomorskie";1;1;0;0;0;0;0;0;0;0;0;0;0;0;0;0;0;0;0;0;0;0;0;0;0;0;0;0;0;1;0;0;1;0;0;0;0;0;1;0;0;0;0;0;0;0;0;0;0;0;0;0;19;8;1;0;1;2;0;0;0;0;0;0;0;0;0;0;0;0;0;0;0;0;0;0;0;0;0;3;1;1;0;32;0;1;4;0;0;0;0;0;0;0;0;0;0;0;0;0;0;0;0;0;0;3;0;0;0;0;0;1;0;0;0;1;0;0;0;0;0;0;1;0;0;0;0;0;0;0;0;3;0;0;0;0;0;0;0;0;0;1;0;2;1;0;0;0;0;0;0;0;0;0;0;0;0;0;0;0;0;0;0;0;0;0;0;0;0;0;1;0;0;0;0;0;0;0;0;0;0;0;0
13;"Świetlica Wiejska w Lubinie, Lubin 11, 87-620 Kikół";40805;"gm. Kikół";"lipnowski";"kujawsko-pomorskie";1;1;0;1;0;0;0;0;0;0;0;0;0;0;0;0;0;0;0;0;0;0;0;0;0;0;0;5;1;0;1;0;0;0;1;0;0;0;0;0;0;0;0;1;0;0;0;0;0;0;0;0;53;6;0;0;0;0;0;0;0;0;0;0;0;0;0;0;0;0;2;0;0;0;0;0;0;0;0;13;6;1;6;33;0;1;2;1;0;1;2;1;0;0;0;0;0;0;0;0;0;0;0;0;1;6;0;1;0;2;0;0;1;1;0;0;0;0;1;0;1;0;0;0;0;0;0;0;0;0;0;4;0;0;1;0;3;0;1;0;0;1;1;1;0;0;0;0;0;0;0;0;0;0;1;0;0;1;2;0;0;0;0;0;0;0;1;1;0;0;0;0;0;0;0;0;0;0;0;0;0;0;0
1;"Biblioteka Publiczna Gminy Lipno Filia Nr 1 w Jastrzębiu, Jastrzębie 2A, 87-600 Lipno";40806;"gm. Lipno";"lipnowski";"kujawsko-pomorskie";1;1;5;2;0;0;0;1;0;1;0;0;0;0;0;1;0;0;1;1;1;0;0;0;0;0;1;40;4;3;5;2;4;3;0;0;0;0;2;0;2;1;0;0;1;0;0;1;0;1;2;0;159;52;11;1;0;1;1;1;1;5;2;1;0;3;2;0;0;0;0;0;0;0;3;0;1;1;0;51;47;28;38;76;3;3;13;4;0;2;1;2;0;2;2;1;5;0;1;2;1;0;0;0;0;21;5;4;4;2;2;3;0;1;0;0;1;0;0;1;2;0;0;0;1;0;0;0;0;0;1;59;9;9;1;0;4;2;2;30;1;6;1;0;0;0;0;0;0;3;33;0;0;0;0;0;0;0;0;0;0;0;0;0;1;0;0;0;0;0;0;0;0;0;0;0;0;1;0;0;0;0;0
2;"Wiejski Dom Kultury w Trzebiegoszczu, Trzebiegoszcz 27A, 87-600 Lipno";40806;"gm. Lipno";"lipnowski";"kujawsko-pomorskie";1;1;0;2;1;0;0;0;0;1;0;0;0;0;0;0;0;0;0;0;0;0;0;0;0;0;0;10;3;0;4;1;0;0;3;0;0;0;2;0;0;0;1;0;0;1;0;0;0;0;0;0;36;8;1;1;0;0;0;0;0;0;0;0;1;0;0;0;0;0;1;0;0;0;1;0;0;0;0;11;11;6;38;43;0;3;8;0;1;0;0;0;0;0;0;0;1;0;0;0;1;0;0;0;0;5;4;2;2;2;1;0;0;1;0;0;1;0;1;2;0;0;0;0;0;0;0;0;0;2;1;12;5;1;0;1;2;0;0;11;1;1;1;2;0;0;0;0;1;0;2;0;2;0;0;0;1;0;0;2;0;0;0;1;0;0;0;0;0;0;0;0;0;0;0;0;0;0;0;0;0;0;0
3;"Szkoła Podstawowa w Karnkowie, Karnkowo 42, 87-600 Lipno";40806;"gm. Lipno";"lipnowski";"kujawsko-pomorskie";1;1;3;0;0;0;0;0;0;0;0;0;0;0;0;0;0;2;0;0;0;0;0;0;0;0;0;17;3;3;3;0;4;0;0;0;1;0;0;0;0;0;0;0;1;0;0;2;1;0;0;0;97;22;2;1;1;5;1;0;0;0;1;1;1;1;0;0;0;0;0;0;0;0;0;2;0;0;0;28;84;15;53;79;7;7;33;4;1;2;1;1;0;2;0;0;2;0;2;0;0;0;0;0;1;10;3;2;1;0;1;0;0;0;0;0;0;0;0;3;1;0;1;0;0;0;0;0;0;0;2;22;8;4;7;2;1;0;1;15;1;10;0;0;0;0;0;1;0;0;5;0;0;1;0;0;0;0;0;0;0;0;0;0;1;0;0;0;0;0;1;0;0;0;0;0;0;0;0;0;0;0;0
4;"Remiza Ochotniczej Straży Pożarnej w Wierzbicku, Wierzbick 54, 87-600 Lipno";40806;"gm. Lipno";"lipnowski";"kujawsko-pomorskie";1;1;0;1;0;0;0;0;0;0;0;0;0;0;0;0;0;0;0;0;1;0;0;0;0;0;0;9;1;1;1;2;3;0;0;1;0;0;0;0;0;2;0;2;0;1;1;0;1;0;0;1;35;5;1;1;1;0;3;0;0;0;1;0;2;0;0;2;1;0;0;0;0;0;0;0;0;0;0;21;34;5;24;53;1;1;12;1;1;3;0;1;2;3;0;0;2;0;0;0;0;0;0;0;0;6;2;1;0;1;0;1;0;1;0;0;0;0;0;0;0;0;0;0;1;0;1;0;0;0;1;14;7;1;3;0;0;0;0;11;0;6;0;1;0;0;1;0;0;0;2;0;0;0;0;0;0;0;0;0;0;0;0;0;0;0;0;0;0;0;0;0;0;0;0;0;0;0;0;0;0;0;0
5;"Zespół Szkół w Radomicach, Radomice 115, 87-600 Lipno";40806;"gm. Lipno";"lipnowski";"kujawsko-pomorskie";1;1;7;0;0;0;0;0;2;0;0;0;0;2;0;1;0;0;0;0;0;0;0;0;0;0;0;36;4;3;3;1;0;1;0;1;2;1;4;0;0;1;0;0;2;1;0;0;1;4;1;1;112;30;8;0;1;7;1;1;0;0;0;0;2;0;2;1;0;2;3;0;1;0;1;0;1;0;3;21;81;13;82;60;5;6;23;6;0;2;1;5;0;1;1;1;7;0;0;1;1;2;2;1;0;14;5;6;2;1;2;1;2;1;0;0;3;1;4;2;1;0;0;0;0;0;0;1;0;1;2;39;5;5;12;1;1;3;3;29;1;1;0;1;0;0;1;1;0;0;17;0;0;3;0;0;0;4;0;0;0;2;1;1;1;0;0;0;0;0;1;0;1;0;0;0;1;0;0;0;0;0;0
6;"Ośrodek Kultury Gminy Lipno z/s w Wichowie, Wichowo 19A, 87-600 Lipno";40806;"gm. Lipno";"lipnowski";"kujawsko-pomorskie";1;1;3;1;0;0;3;0;0;0;1;0;1;0;1;0;0;0;1;0;0;0;0;0;0;0;0;31;2;2;10;7;1;1;0;0;0;0;2;1;0;0;0;0;1;0;0;0;0;0;0;0;33;14;4;0;2;3;0;0;0;0;0;0;1;3;0;0;1;0;1;0;0;0;1;0;0;0;0;8;35;5;34;18;0;4;8;0;1;2;0;1;2;0;0;2;0;0;0;0;0;1;0;0;0;11;4;6;1;3;0;2;1;1;0;0;1;3;1;0;1;2;2;0;0;0;0;0;0;2;4;18;2;3;14;2;0;3;2;4;0;1;1;1;1;3;1;1;0;0;3;0;0;0;0;0;0;1;0;0;1;0;0;1;0;0;0;0;0;0;0;0;0;0;0;0;0;0;0;0;0;0;0
7;"Świetlica Wiejska w Krzyżówkach, Krzyżówki 49, 87-600 Lipno";40806;"gm. Lipno";"lipnowski";"kujawsko-pomorskie";1;1;1;0;0;1;0;0;0;0;0;1;0;0;1;0;1;0;0;0;1;0;0;0;0;0;0;7;1;1;4;4;1;0;0;0;1;0;1;1;0;0;2;0;1;0;1;0;0;1;0;0;56;11;5;0;0;3;0;0;0;0;0;0;0;2;2;2;0;0;0;0;0;0;0;0;0;0;0;9;94;2;9;17;1;3;5;0;0;5;0;0;1;0;1;0;2;0;0;0;0;0;0;0;1;9;4;1;4;1;0;2;0;3;0;0;0;0;1;0;2;0;0;0;0;0;0;0;0;0;9;12;4;1;7;3;0;1;0;11;2;2;0;0;0;0;2;0;2;0;0;0;0;0;0;0;0;0;0;0;0;0;2;0;0;0;0;1;0;0;1;0;0;0;0;0;0;2;0;0;0;0;0
8;"Szkoła Podstawowa w Maliszewie, Maliszewo 29, 87-600 Lipno";40806;"gm. Lipno";"lipnowski";"kujawsko-pomorskie";1;1;2;1;0;0;1;0;0;0;0;0;0;0;0;0;0;1;0;1;0;0;0;0;0;0;0;25;2;1;4;0;0;3;1;0;0;1;0;0;0;0;0;0;0;0;0;0;0;1;1;3;76;14;7;1;1;2;0;0;2;0;1;1;2;0;0;2;0;1;1;0;0;0;1;0;0;0;1;16;29;4;51;65;1;3;20;1;2;3;2;3;2;1;2;0;2;0;2;1;1;1;0;0;2;2;2;1;0;1;0;1;0;2;1;0;1;0;0;0;0;0;1;0;0;1;1;0;0;2;2;17;4;3;1;0;1;2;0;6;0;0;0;0;0;1;0;0;0;0;4;0;0;0;0;0;1;5;0;0;0;0;0;1;0;0;0;0;0;2;0;0;0;0;0;0;0;2;0;0;0;0;0
9;"Świetlica Wiejska w Kłokocku, Kłokock 29A, 87-600 Lipno";40806;"gm. Lipno";"lipnowski";"kujawsko-pomorskie";1;1;5;0;0;0;0;0;0;0;0;0;1;0;1;0;0;0;0;0;0;0;0;0;0;0;1;38;8;1;3;3;0;1;3;1;6;0;6;0;0;0;0;0;1;1;0;0;0;1;0;1;101;25;10;0;0;6;3;0;1;2;3;0;1;1;0;0;1;0;2;0;0;0;3;0;1;1;1;27;64;21;35;76;3;9;20;1;1;2;0;1;1;2;0;1;4;1;0;0;0;0;0;0;1;29;14;2;1;1;2;0;0;1;0;0;0;1;1;0;0;0;0;0;2;0;0;0;0;0;3;34;5;3;4;3;1;3;1;26;5;1;0;2;0;0;0;0;0;0;20;0;0;1;0;0;0;1;3;0;0;1;1;0;0;0;0;0;0;1;0;0;0;0;0;0;0;0;0;0;0;0;1
10;"Świetlica Wiejska w Kolankowie, Kolankowo 42a, 87-600 Lipno";40806;"gm. Lipno";"lipnowski";"kujawsko-pomorskie";1;1;0;0;0;0;0;0;0;0;2;0;0;1;0;0;0;0;0;0;0;0;0;0;0;0;0;4;0;0;1;0;0;0;0;0;0;0;0;0;0;0;0;0;0;0;0;1;0;0;0;0;14;4;0;0;0;0;0;0;0;0;0;0;0;0;0;0;1;0;0;0;0;0;0;0;0;0;0;6;14;10;2;6;0;1;8;0;0;0;0;0;0;2;0;0;1;0;0;0;0;0;0;0;0;0;1;0;2;0;0;0;0;0;0;0;0;0;0;0;0;0;0;0;0;0;0;0;0;0;0;2;1;0;1;0;0;0;0;0;0;0;0;0;0;0;0;0;0;0;0;0;0;0;0;0;0;1;0;0;0;0;0;0;0;0;0;0;0;0;1;0;0;0;0;0;0;1;0;0;0;0;0
11;"Remiza Ochotniczej Straży Pożarnej w Łochocinie, Łochocin 108, 87-600 Lipno";40806;"gm. Lipno";"lipnowski";"kujawsko-pomorskie";1;1;1;0;0;0;0;0;0;0;0;0;1;0;0;0;0;0;0;0;2;1;0;0;0;0;0;14;4;2;2;3;2;3;3;0;0;2;0;1;1;1;0;1;0;0;0;0;0;1;0;0;36;21;13;1;0;4;3;0;1;0;0;1;0;0;0;0;0;0;1;1;0;0;0;0;1;0;2;3;35;9;34;10;0;4;11;2;0;3;0;1;0;2;0;0;0;0;0;0;0;0;0;0;0;6;2;2;0;1;1;0;1;0;0;1;0;0;0;0;1;1;0;0;0;0;0;0;0;0;0;25;6;1;22;1;2;1;1;4;0;2;0;2;0;0;0;0;1;0;0;0;0;0;0;0;0;1;0;0;2;1;1;0;0;0;0;0;0;0;1;0;0;0;0;0;0;1;0;0;0;0;0
12;"Świetlica Wiejska w Ostrowitem, Ostrowite 20, 87-600 Lipno";40806;"gm. Lipno";"lipnowski";"kujawsko-pomorskie";1;1;1;1;0;0;0;0;0;0;0;0;0;0;0;0;0;0;0;0;0;0;0;0;1;0;0;8;1;0;2;0;0;0;0;0;0;0;0;0;0;0;0;0;0;0;0;1;0;0;0;0;8;3;0;0;1;0;0;0;0;0;0;1;1;0;1;0;1;0;1;0;0;0;0;0;0;0;0;5;24;3;17;17;0;4;1;2;0;0;0;1;0;1;0;0;2;0;0;0;0;0;0;0;0;11;2;0;1;0;1;0;0;0;1;0;0;0;1;0;0;0;0;0;0;0;0;0;0;0;1;12;1;1;0;0;0;0;0;3;0;1;0;0;0;0;0;0;0;1;2;0;0;0;0;0;0;1;0;0;0;0;0;0;0;0;0;0;0;0;0;0;0;0;0;0;0;0;0;0;0;0;0
13;"Remiza Ochotniczej Straży Pożarnej w Popowie, Popowo 86, 87-600 Lipno";40806;"gm. Lipno";"lipnowski";"kujawsko-pomorskie";1;1;2;1;2;0;0;0;0;0;0;0;1;0;0;0;0;0;0;0;1;0;0;0;1;0;1;6;0;1;0;2;0;1;0;0;0;0;0;1;0;0;0;0;1;0;0;0;5;0;1;0;24;7;6;0;1;3;0;0;0;0;0;0;0;2;0;0;0;0;0;0;0;0;2;1;1;0;0;9;17;4;13;7;0;1;8;1;0;2;1;0;0;0;0;0;0;0;0;0;0;0;0;0;2;1;5;2;0;3;1;0;1;0;0;0;0;0;0;0;0;0;0;0;0;0;0;0;0;1;1;4;1;0;2;0;0;1;1;1;0;1;1;0;0;0;0;0;0;0;1;0;0;0;0;0;0;0;0;0;0;0;0;0;0;0;0;0;0;0;0;0;0;0;0;0;0;0;0;0;0;0;0
1;"Szkoła Podstawowa w Skępem im. Gustawa Zielińskiego, ul. Al. 1 Maja 89, 87-630 Skępe";40807;"gm. Skępe";"lipnowski";"kujawsko-pomorskie";1;1;4;0;1;3;0;0;1;1;1;0;1;0;1;0;0;1;0;0;0;0;0;0;0;0;0;17;4;7;7;1;0;1;2;1;6;1;5;0;2;1;0;2;0;0;1;1;0;0;0;1;96;53;14;1;1;1;2;1;0;0;0;1;0;1;0;0;1;1;1;0;0;0;0;0;0;0;2;32;82;30;54;52;11;7;14;4;2;2;1;0;2;1;1;3;2;0;0;0;0;0;6;1;0;17;5;4;0;1;0;2;0;1;0;0;0;2;1;1;1;0;0;1;0;0;0;0;0;0;1;57;20;1;1;0;3;0;0;24;0;96;0;0;1;0;0;0;0;0;30;0;1;0;0;0;2;2;1;0;0;0;0;0;0;0;0;0;0;0;1;0;0;0;0;0;0;9;1;0;0;0;1
2;"Zespół Szkół w Skępem, ul. Wymyślińska 2, 87-630 Skępe";40807;"gm. Skępe";"lipnowski";"kujawsko-pomorskie";1;1;1;1;0;0;2;0;0;0;0;0;0;0;1;0;0;0;0;0;0;0;0;0;1;0;2;20;4;3;4;1;1;0;0;2;0;0;2;0;1;0;0;0;1;0;0;1;1;1;0;0;75;33;4;0;3;1;0;0;0;0;1;0;1;2;1;1;0;1;0;0;1;0;0;0;0;1;0;25;42;10;40;34;5;2;13;1;1;1;1;0;1;1;0;0;3;3;1;1;0;0;0;2;6;10;0;1;1;2;0;0;0;0;0;0;2;0;0;0;3;1;0;0;0;1;0;0;0;0;2;31;6;1;1;2;0;1;0;8;0;52;0;2;0;1;0;0;0;0;32;0;0;0;0;0;1;3;0;1;1;0;2;0;0;0;0;0;0;1;0;0;0;0;0;0;0;0;0;0;0;0;0
3;"Remiza OSP w Łąkiem, Łąkie ul. Podstawowa 36, 87-630 Skępe";40807;"gm. Skępe";"lipnowski";"kujawsko-pomorskie";1;1;1;2;0;0;1;0;0;0;0;0;0;0;0;0;0;0;0;0;0;0;0;0;0;0;0;9;1;0;1;0;0;2;1;0;0;0;1;0;0;0;0;1;1;0;1;0;1;0;0;0;43;12;4;0;0;0;1;0;0;0;0;0;1;2;0;0;3;0;0;0;0;0;0;0;4;0;0;31;44;6;30;36;1;5;23;3;1;4;1;2;0;2;0;1;2;0;0;0;0;0;0;1;0;14;4;3;2;1;0;1;0;0;1;1;1;0;1;0;0;0;0;0;0;0;0;0;0;2;0;30;8;1;4;2;1;3;0;6;1;36;0;0;0;1;0;0;0;0;3;0;0;0;0;0;1;0;0;0;0;0;0;0;0;0;0;0;0;0;0;0;0;0;0;0;0;0;0;0;0;0;0
4;"Remiza OSP w Wólce, Wólka 126a, 87-630 Skępe";40807;"gm. Skępe";"lipnowski";"kujawsko-pomorskie";1;1;1;1;0;1;0;0;0;1;0;0;0;1;0;0;0;0;0;1;1;0;0;0;0;0;0;7;1;2;2;3;1;1;0;0;1;0;1;0;2;2;0;0;0;2;1;0;1;0;0;0;40;13;3;1;0;1;1;0;0;0;0;0;1;1;0;2;1;1;1;0;0;0;0;0;1;0;0;19;70;21;31;32;0;8;16;2;0;5;0;1;1;2;1;0;2;0;0;3;0;0;0;0;1;17;2;3;1;0;0;0;2;0;0;0;1;0;1;1;2;1;1;0;1;0;0;0;0;0;3;21;8;2;0;1;0;3;1;6;0;37;1;1;0;0;2;1;1;1;2;0;0;0;0;0;0;1;0;0;0;0;0;0;0;0;0;0;0;0;1;0;0;0;0;0;0;7;0;0;0;0;0
5;"Szkoła Podstawowa w Czermnie, Czermno 19A, 87-630 Skępe";40807;"gm. Skępe";"lipnowski";"kujawsko-pomorskie";1;1;2;0;0;0;0;0;0;0;0;0;0;0;0;0;0;1;0;0;0;0;0;0;0;0;0;6;1;0;0;0;0;0;0;0;0;0;1;0;0;1;0;2;0;0;0;0;0;0;1;1;19;10;1;0;0;0;1;0;0;0;0;0;1;0;0;0;0;1;0;0;0;0;0;0;0;0;0;7;24;5;17;27;1;0;2;4;0;0;1;1;2;0;0;0;0;0;0;1;0;0;0;0;1;4;3;0;1;0;0;0;1;1;1;0;0;0;0;0;0;0;0;0;0;0;0;0;1;0;1;10;0;0;0;0;0;0;0;3;0;14;0;0;0;0;1;0;0;0;1;0;0;0;0;0;2;1;0;0;0;0;0;1;0;0;0;0;0;0;0;0;0;0;0;0;1;2;0;0;0;0;0
6;"Remiza OSP w Hucie, Huta 13, 87-630 Skępe";40807;"gm. Skępe";"lipnowski";"kujawsko-pomorskie";1;1;2;0;0;0;0;0;0;0;0;0;0;0;0;0;0;0;0;0;0;0;0;0;0;0;0;1;1;1;0;0;1;1;0;0;1;0;0;0;0;0;1;0;0;0;0;0;0;0;1;0;22;2;1;2;1;0;0;0;0;0;0;0;0;0;0;0;0;0;0;0;0;0;0;0;0;0;0;8;13;10;4;25;3;5;7;1;3;2;0;4;0;0;0;2;0;0;0;0;0;0;0;0;0;4;0;3;0;2;0;0;0;0;0;0;0;0;1;0;0;0;0;0;0;0;0;0;0;0;0;2;2;0;1;0;1;0;0;1;0;14;0;0;0;0;0;1;0;0;1;0;0;0;0;0;0;1;0;0;0;0;0;0;0;0;0;0;0;0;0;0;0;0;0;0;0;0;0;0;0;0;0
7;"Przedszkole Publiczne w Wiosce ""Przedszkole pod lipami"", Wioska 5, 87-630 Skępe";40807;"gm. Skępe";"lipnowski";"kujawsko-pomorskie";1;1;1;0;0;0;0;0;0;0;0;0;0;0;0;0;0;0;0;0;0;0;0;0;0;0;0;4;0;2;1;0;0;0;0;0;0;0;0;0;0;1;0;0;0;0;0;0;0;0;0;0;19;9;1;0;0;2;0;0;0;0;0;0;0;0;0;0;0;0;0;0;0;0;0;0;0;0;0;9;16;9;17;4;0;0;8;1;0;0;1;0;2;0;0;0;1;0;0;0;0;0;0;0;0;1;0;0;0;0;0;1;0;0;0;1;2;1;0;1;2;0;0;0;0;0;0;0;0;0;0;4;0;0;0;0;0;3;0;0;1;21;0;0;0;0;0;0;0;0;1;0;0;0;0;0;0;2;0;0;0;1;1;0;0;0;0;0;0;0;0;0;0;0;0;0;0;0;0;0;0;0;0
8;"Remiza OSP w Skępem, ul. Dobrzyńska 1, 87-630 Skępe";40807;"gm. Skępe";"lipnowski";"kujawsko-pomorskie";1;1;1;2;0;0;0;0;0;0;0;0;1;0;0;0;0;0;0;0;0;0;0;0;0;0;0;12;9;2;2;1;2;0;0;1;3;0;4;0;0;2;0;0;1;0;0;0;0;0;1;0;87;28;3;2;1;0;3;0;0;0;1;0;0;0;0;0;1;0;1;0;0;0;1;0;0;0;0;12;37;25;18;35;1;3;16;0;1;1;0;1;0;4;2;0;0;0;0;1;0;0;1;0;0;12;3;1;2;0;0;1;2;1;0;0;0;0;1;2;0;0;0;0;0;0;0;0;1;0;1;28;7;2;1;1;0;0;2;10;0;65;0;2;0;0;0;0;0;0;19;0;0;0;0;0;1;5;3;1;0;0;0;0;1;0;0;0;0;0;3;0;0;0;0;0;0;7;0;1;0;0;0
9;"Świetlica Wiejska w Żuchowie, Żuchowo 38, 87-630 Skępe";40807;"gm. Skępe";"lipnowski";"kujawsko-pomorskie";1;1;2;1;1;0;0;0;0;1;0;0;0;0;0;0;0;2;0;0;0;0;0;0;0;0;0;2;0;0;1;0;1;0;0;0;0;0;0;1;0;0;0;0;0;0;0;0;0;0;0;0;9;3;1;0;0;1;1;0;0;0;0;0;0;0;0;0;0;0;0;0;0;0;0;0;0;0;0;2;12;5;15;16;2;2;2;1;0;1;0;0;0;2;1;1;0;0;0;0;0;0;0;0;0;0;1;0;0;0;1;0;0;0;1;0;0;0;0;0;0;0;0;0;0;0;0;0;0;0;1;1;1;1;0;0;0;0;0;1;1;1;1;0;0;1;0;0;0;0;0;0;0;0;0;0;0;0;0;0;0;0;0;0;0;0;0;0;0;0;0;0;0;0;0;0;0;0;0;0;0;0;0
10;"Remiza OSP w Jóżefkowie, Józefkowo 23, 87-630 Skępe";40807;"gm. Skępe";"lipnowski";"kujawsko-pomorskie";1;1;1;0;0;0;1;0;0;0;0;0;0;0;1;0;1;0;0;0;0;0;0;0;0;0;0;1;0;1;2;1;0;1;0;0;0;1;3;0;0;0;0;0;0;0;0;0;0;0;1;1;18;7;1;0;0;1;0;0;0;0;0;0;0;0;0;0;0;0;0;0;0;0;0;0;3;0;1;11;23;5;16;14;3;3;12;1;0;0;0;0;0;1;0;0;2;0;0;0;1;0;0;1;0;2;1;2;0;2;1;1;0;0;0;0;1;0;0;0;1;0;0;0;1;0;0;0;0;1;0;12;5;0;0;1;1;0;0;6;1;26;1;0;0;0;0;0;0;0;3;0;0;0;0;0;0;0;0;0;1;1;0;0;0;0;0;0;0;1;0;0;0;0;0;0;0;0;0;0;0;0;0
1;"Gminny Ośrodek Kultury w Tłuchowie, ul. Sierpecka 26, 87-605 Tłuchowo";40808;"gm. Tłuchowo";"lipnowski";"kujawsko-pomorskie";1;1;7;1;1;0;2;0;1;0;1;0;2;0;2;0;0;0;0;0;0;0;0;0;0;0;0;31;7;4;7;2;1;2;0;1;0;0;3;1;0;3;0;0;0;0;0;1;2;0;0;1;79;27;5;0;0;4;2;0;3;0;1;1;1;0;0;0;2;0;1;0;0;0;0;1;1;0;0;37;80;19;28;72;3;7;19;1;0;2;3;3;3;1;16;0;0;1;0;0;0;0;0;0;1;23;4;0;2;0;3;0;2;0;2;1;1;4;0;1;1;1;1;0;0;0;0;0;0;0;2;55;12;1;7;2;2;4;1;10;0;21;1;1;0;2;0;3;0;0;8;0;0;0;0;1;0;1;0;1;0;2;1;1;0;0;0;0;0;2;1;0;0;0;0;0;3;2;0;0;0;0;0
2;"Publiczna Szkoła Podstawowa w Tłuchowie, ul. Szkolna 3, 87-605 Tłuchowo";40808;"gm. Tłuchowo";"lipnowski";"kujawsko-pomorskie";1;1;1;0;1;0;2;1;0;0;0;0;0;0;0;0;0;1;0;2;0;0;0;0;0;0;0;7;1;1;1;0;2;0;0;0;0;0;1;0;1;0;0;0;0;0;0;0;0;0;1;0;39;9;2;0;2;1;0;1;0;0;0;0;1;2;0;0;0;1;0;0;0;0;0;0;0;0;0;26;34;28;22;57;1;5;5;2;1;3;1;2;1;2;6;4;2;0;0;1;0;0;0;1;1;11;2;5;2;3;0;0;2;0;1;1;0;1;0;1;0;0;1;0;0;0;0;0;0;2;0;12;3;3;0;2;1;1;2;4;1;4;0;3;0;1;0;1;2;0;0;0;0;0;0;0;0;2;0;0;2;1;1;0;0;0;0;0;0;0;0;0;0;0;0;0;0;0;0;0;0;0;0
3;"Świetlica Wiejska, Jasień 51, 87-605 Tłuchowo";40808;"gm. Tłuchowo";"lipnowski";"kujawsko-pomorskie";1;1;3;0;0;0;0;0;0;0;0;0;0;0;0;0;1;0;0;0;0;0;0;0;0;0;0;5;0;1;2;1;0;0;0;0;0;0;0;0;0;0;0;0;0;0;0;0;0;0;1;0;31;19;5;0;0;0;2;0;2;0;0;2;1;0;0;0;0;0;0;0;0;0;0;0;0;0;0;13;35;22;28;39;0;6;10;0;0;3;0;6;2;3;3;0;3;0;0;0;0;0;0;0;2;10;6;2;1;4;0;2;2;1;0;1;1;1;0;0;0;0;0;0;0;0;0;0;0;0;1;8;5;1;2;0;0;0;0;2;1;1;0;0;0;0;0;0;0;0;1;1;0;0;0;0;1;0;0;0;0;0;0;0;0;0;0;0;0;0;2;0;0;0;0;0;1;4;0;0;0;0;0
4;"Publiczna Szkoła Podstawowa w Mysłakówku, Mysłakówko 12, 87-605 Tłuchowo";40808;"gm. Tłuchowo";"lipnowski";"kujawsko-pomorskie";1;1;0;1;0;0;0;0;0;1;0;0;0;0;0;0;0;0;0;0;0;0;1;0;0;0;0;18;1;4;2;1;1;0;0;0;0;0;1;0;1;3;0;0;0;0;0;0;0;0;1;0;40;10;1;0;0;1;1;1;1;1;2;0;0;2;0;0;2;0;0;0;1;0;0;0;0;0;0;23;48;22;28;50;2;5;13;3;0;6;0;1;1;4;5;1;0;0;0;0;0;0;0;1;0;18;8;3;1;1;1;0;1;0;0;0;0;2;0;1;0;0;0;1;0;0;0;1;0;0;2;13;4;2;2;1;1;1;0;3;1;3;0;1;0;0;0;0;0;0;1;0;0;1;0;0;0;0;0;0;0;0;0;0;0;1;0;0;0;1;0;0;0;0;0;0;6;0;0;0;0;0;0
5;"Świetlica Wiejska, Turza Wilcza 4a, 87-605 Tłuchowo";40808;"gm. Tłuchowo";"lipnowski";"kujawsko-pomorskie";1;1;0;1;2;1;0;1;1;1;0;0;0;0;0;0;0;0;0;1;0;0;0;1;0;0;0;16;1;0;0;1;1;0;0;0;0;0;0;0;0;1;0;0;1;0;0;0;0;0;0;1;34;10;2;0;1;2;2;0;0;0;1;0;1;0;0;1;0;0;1;0;0;0;0;0;1;0;0;26;41;9;36;55;3;5;11;0;0;1;1;0;0;3;7;1;2;0;0;0;0;1;0;0;0;12;2;3;1;4;3;2;1;2;0;0;1;0;0;0;1;0;0;0;0;0;0;0;0;1;2;8;1;1;1;0;1;0;0;1;0;2;0;0;1;0;0;0;0;0;0;0;1;0;1;0;0;3;0;0;1;0;0;0;0;0;0;0;0;0;2;0;0;0;0;0;1;2;0;0;1;0;0
6;"Świetlica Wiejska, Tłuchówek 7a, 87-605 Tłuchowo";40808;"gm. Tłuchowo";"lipnowski";"kujawsko-pomorskie";1;1;2;0;0;0;0;0;0;0;0;0;0;0;0;0;0;0;0;0;0;0;1;1;0;0;0;20;1;0;0;0;1;0;0;0;0;0;0;1;0;2;0;0;0;0;0;0;0;0;0;0;16;6;1;0;0;1;0;0;0;0;0;0;0;1;0;0;0;0;0;0;0;0;0;0;0;0;0;6;10;5;4;13;0;0;1;0;0;1;0;1;0;2;5;0;1;0;1;0;0;0;0;0;0;5;1;2;1;0;0;0;0;0;1;0;0;0;0;1;0;1;0;0;1;0;0;0;0;0;1;9;3;0;2;0;0;0;0;0;2;2;0;0;0;0;0;0;0;0;0;0;0;0;0;0;0;1;0;0;0;0;0;0;0;1;0;0;0;0;0;0;0;0;0;0;0;0;0;0;0;0;0
1;"Centrum Kulturalno – Oświatowo – Rekreacyjne w Czarnem, Czarne 82, 87-603 Wielgie";40809;"gm. Wielgie";"lipnowski";"kujawsko-pomorskie";1;1;1;0;0;0;0;1;0;1;0;0;0;0;1;0;0;1;0;0;0;0;0;0;0;0;0;10;2;0;1;0;0;0;1;0;0;0;0;1;0;0;0;0;0;0;1;0;0;0;0;0;43;14;8;1;1;0;1;0;0;0;0;0;1;0;0;1;0;0;1;6;0;0;0;0;2;0;1;31;40;15;19;39;0;4;7;0;1;2;1;0;0;1;3;4;0;0;0;0;0;0;0;0;2;12;7;3;0;1;1;0;1;0;0;0;0;0;0;2;0;0;1;0;0;0;0;0;0;0;0;24;3;2;6;3;1;3;0;3;0;4;1;3;1;0;0;0;1;0;10;0;0;0;0;0;0;2;0;0;0;0;0;0;1;0;1;1;0;1;4;0;0;0;0;0;0;0;0;0;0;0;0
2;"Świetlica, Zakrzewo 15A, 87-603 Wielgie";40809;"gm. Wielgie";"lipnowski";"kujawsko-pomorskie";1;1;0;1;1;0;0;0;0;0;0;0;0;0;0;0;0;0;0;0;0;0;0;0;0;0;0;4;0;0;0;1;2;0;0;0;0;0;0;0;0;0;0;0;0;0;0;0;0;0;0;0;6;4;2;0;0;0;0;0;0;0;0;0;0;0;0;0;0;0;2;0;0;0;0;0;0;0;0;11;10;3;11;12;3;4;2;0;0;0;1;0;2;0;2;0;0;0;0;0;0;0;0;0;0;2;0;1;0;0;0;0;0;1;0;0;0;0;0;0;0;0;0;0;0;0;0;0;0;0;0;16;1;2;10;0;0;1;0;1;0;2;2;0;0;0;0;0;4;0;0;0;0;0;0;0;0;0;0;0;0;0;0;0;0;0;0;0;0;1;1;0;0;0;0;0;0;0;0;0;0;0;0
3;"Szkoła Podstawowa im. W. Broniewskiego, ul. Szkolna 5, 87-603 Wielgie";40809;"gm. Wielgie";"lipnowski";"kujawsko-pomorskie";1;1;1;1;2;0;1;0;3;0;0;0;1;1;0;1;0;0;0;0;0;1;0;0;0;0;0;22;0;1;2;4;1;1;1;0;3;2;1;0;0;1;0;0;0;0;0;0;0;0;1;0;123;34;6;0;4;1;2;0;0;0;0;0;4;1;0;1;1;0;13;1;0;0;0;0;0;0;2;15;52;23;51;36;0;3;11;1;0;3;0;1;1;0;7;2;2;0;2;3;0;1;0;0;0;5;20;5;0;1;0;0;2;1;1;0;1;1;0;2;1;0;2;0;0;0;0;1;1;0;1;65;7;3;15;5;1;1;0;12;2;10;1;1;0;0;0;0;1;1;4;0;1;0;0;0;1;3;0;0;0;0;0;0;1;0;0;0;0;0;1;1;0;0;0;0;0;1;0;0;0;0;1
4;"Szkoła Podstawowa im. M. Kopernika w Zadusznikach, Zaduszniki 4, 87-603 Wielgie";40809;"gm. Wielgie";"lipnowski";"kujawsko-pomorskie";1;1;0;0;0;0;0;1;0;0;0;0;0;0;0;0;0;1;0;0;0;0;0;0;0;0;0;13;0;0;5;4;2;0;1;1;0;0;1;1;0;2;0;1;0;0;0;0;1;1;0;0;37;15;13;0;2;3;0;0;0;1;0;2;0;0;0;0;1;0;0;0;0;0;0;0;0;0;3;16;91;2;35;15;2;0;12;0;0;1;0;0;1;0;2;0;4;0;0;0;0;1;0;0;0;6;4;0;0;0;0;0;0;1;1;0;0;0;1;0;2;0;0;0;0;0;0;0;0;0;0;20;2;2;28;2;2;1;0;0;2;1;0;0;1;0;1;0;0;1;0;0;0;0;0;0;0;0;0;0;0;1;0;1;0;0;0;0;0;0;4;0;0;0;1;0;0;1;0;0;0;0;0
5;"Dom Pomocy Społecznej w Nowej Wsi, Nowa Wieś 1, 87-603 Wielgie";40809;"gm. Wielgie";"lipnowski";"kujawsko-pomorskie";1;1;0;0;0;0;0;0;0;0;1;0;0;0;0;1;0;0;0;1;0;0;0;0;0;0;0;4;2;0;1;0;1;0;0;0;0;0;0;0;0;0;0;0;1;0;0;0;1;0;0;0;61;6;0;0;1;1;0;0;0;1;0;0;0;0;0;0;0;0;3;1;0;0;0;0;0;0;1;7;23;8;13;8;0;3;4;1;0;2;0;0;0;0;0;1;0;0;0;0;0;0;1;0;0;6;2;3;0;4;0;0;0;0;0;0;0;0;0;0;0;0;0;0;0;0;0;0;0;1;2;8;0;1;1;0;0;1;2;2;0;2;0;0;0;0;0;0;0;1;0;0;0;0;1;0;0;0;0;0;0;0;0;0;0;0;0;0;0;1;1;0;1;0;0;0;0;0;0;0;0;0;0
6;"Ośrodek Kultury Gminy Wielgie, ul. Szkolna 5a, 87-603 Wielgie";40809;"gm. Wielgie";"lipnowski";"kujawsko-pomorskie";1;1;0;0;0;0;0;0;0;0;0;0;0;0;0;0;0;0;0;0;0;0;0;0;0;0;0;6;0;1;0;0;0;0;0;0;0;0;1;0;0;1;0;0;0;0;1;0;0;1;0;0;35;7;7;0;0;0;0;0;0;0;0;0;1;1;0;0;0;0;2;0;0;0;1;0;0;0;0;14;12;9;13;13;1;4;0;1;0;2;0;0;0;0;3;1;2;0;0;1;0;2;0;0;1;6;3;1;0;1;0;1;0;0;2;0;0;0;0;1;0;0;0;0;0;0;0;0;0;0;0;12;4;0;2;0;1;0;0;3;1;4;0;0;0;0;1;0;0;0;0;0;0;0;0;0;0;1;0;0;0;0;0;0;0;0;0;0;0;1;0;0;0;0;0;0;0;3;0;0;0;0;0
7;"Centrum Kulturalno – Oświatowo – Rekreacyjne w Suradówku, Suradówek 36, 87-603 Wielgie";40809;"gm. Wielgie";"lipnowski";"kujawsko-pomorskie";1;1;0;0;0;1;0;0;0;0;0;0;0;0;0;0;0;0;0;0;0;0;0;0;0;0;0;6;0;0;3;0;0;0;0;2;0;0;0;0;0;0;0;0;0;0;1;0;0;1;0;0;25;5;2;0;0;1;0;0;0;0;1;0;0;0;0;0;0;1;0;1;0;1;0;0;0;0;0;8;11;9;21;13;3;3;7;1;0;2;0;0;0;0;0;0;1;0;0;0;0;0;0;0;1;2;2;1;0;2;1;0;0;0;0;0;0;0;0;0;0;0;0;1;0;0;0;0;0;0;1;7;0;0;0;0;0;1;0;3;1;4;0;1;0;0;0;1;0;2;4;0;0;0;0;0;0;1;0;0;2;0;0;0;0;1;0;0;0;0;0;1;0;0;0;0;0;8;0;0;0;0;1
8;"Świetlica Wiejska w Witkowie, Witkowo 51, 87-603 Wielgie";40809;"gm. Wielgie";"lipnowski";"kujawsko-pomorskie";1;1;2;0;1;1;0;0;0;0;0;0;0;0;0;0;0;1;0;0;0;0;0;0;0;0;1;9;1;0;0;0;1;0;0;0;0;0;0;0;0;0;0;0;0;0;0;0;0;1;0;0;39;10;1;1;1;1;1;0;0;0;0;0;0;1;1;0;0;0;0;0;0;0;0;0;1;0;0;4;16;3;26;9;0;0;8;0;0;0;0;0;0;0;1;0;0;0;0;1;0;0;0;0;0;10;3;1;0;0;0;0;1;1;0;0;0;0;0;1;1;0;0;0;0;0;0;0;0;1;2;5;0;1;2;0;0;1;0;1;3;1;0;0;0;0;0;0;0;0;0;0;0;0;0;1;0;4;0;0;0;2;0;0;0;0;0;0;0;0;0;1;0;0;0;0;0;0;0;0;0;0;0
9;"Centrum Kulturalno – Oświatowo – Rekreacyjne w Płonczynie, Płonczyn 26, 87-603 Wielgie";40809;"gm. Wielgie";"lipnowski";"kujawsko-pomorskie";1;1;0;0;1;0;0;0;0;0;0;0;0;0;0;0;0;0;0;0;0;0;0;0;0;0;0;2;1;0;0;1;0;0;0;0;0;2;2;0;0;0;0;0;0;0;1;0;0;0;0;0;31;2;1;0;0;1;0;0;1;0;0;0;0;0;0;0;0;0;16;0;0;0;0;0;0;0;0;4;16;3;15;7;0;1;1;0;0;0;1;0;2;0;1;0;0;0;0;1;0;0;0;0;0;1;3;1;1;0;0;0;0;0;0;0;1;0;0;1;0;0;0;0;0;0;0;0;1;0;0;11;2;2;6;0;0;0;1;2;1;1;0;0;0;0;0;0;0;0;0;0;0;0;0;0;0;2;0;0;0;0;1;0;0;0;0;0;0;0;0;0;0;0;0;0;0;0;0;0;0;0;0
10;"Świetlica Wiejska w Suszewie, Suszewo 46, 87-600 Lipno";40809;"gm. Wielgie";"lipnowski";"kujawsko-pomorskie";1;1;0;0;0;0;0;0;1;0;0;0;0;0;0;0;0;0;0;0;0;0;0;0;0;0;0;3;2;0;0;0;0;2;0;0;0;1;1;0;0;0;0;0;0;0;0;0;0;0;0;0;31;5;2;1;0;0;0;0;0;0;0;0;1;0;0;0;0;0;2;0;0;0;0;0;1;0;0;3;12;6;13;10;0;1;17;1;0;2;0;2;0;0;1;1;4;0;0;0;0;0;0;1;0;5;1;1;0;0;0;1;2;0;0;0;0;0;2;1;1;0;0;0;0;0;0;0;0;1;0;8;0;1;1;0;2;1;0;3;0;2;0;0;0;0;0;0;0;0;0;0;0;0;0;0;0;0;0;0;0;0;0;0;0;0;0;0;0;0;0;0;0;0;0;0;0;0;0;0;0;0;0
11;"Świetlica Wiejska w Olesznie, Oleszno 51, 87-603 Wielgie";40809;"gm. Wielgie";"lipnowski";"kujawsko-pomorskie";1;1;0;0;0;0;0;0;0;1;0;0;0;0;0;0;0;0;0;0;1;1;0;0;0;0;1;7;2;1;0;3;0;1;0;0;0;0;1;0;1;0;0;0;1;1;0;0;0;0;0;0;19;7;10;1;1;0;0;0;0;0;0;0;0;0;0;1;0;0;1;0;0;0;0;0;0;0;0;7;20;3;12;8;0;1;1;0;1;0;0;0;0;0;2;0;0;0;0;0;0;0;0;0;0;2;0;0;1;1;1;0;1;3;0;0;0;0;0;1;0;0;0;0;0;0;0;0;0;1;0;10;1;1;8;0;0;0;0;2;0;0;1;0;0;0;0;0;0;1;0;0;0;0;0;0;0;1;0;0;0;0;0;0;0;0;0;0;0;0;0;0;0;0;0;0;0;0;0;0;0;0;0
12;"Świetlica Wiejska w Bętlewie, Bętlewo 59, 87-603 Wielgie";40809;"gm. Wielgie";"lipnowski";"kujawsko-pomorskie";1;1;0;0;0;0;0;0;0;0;1;0;1;0;0;0;0;0;0;0;0;0;1;0;0;0;0;2;1;1;2;0;1;0;0;0;0;0;1;0;0;0;1;0;0;0;0;0;0;0;0;0;22;2;0;0;0;0;0;0;0;0;0;0;0;0;1;0;0;1;2;0;0;0;0;0;0;1;0;6;11;5;11;6;1;3;2;0;0;0;0;2;0;0;6;1;1;0;0;0;0;0;0;0;0;1;1;3;2;0;0;0;0;2;0;0;1;0;0;0;0;0;0;0;0;0;0;0;0;0;1;3;0;1;4;0;0;0;0;1;0;1;1;0;0;0;0;0;0;0;0;0;0;0;0;0;0;0;0;0;0;0;0;0;0;0;0;0;0;0;0;0;0;0;0;0;0;1;0;0;0;0;0
13;"Świetlica Domu Pomocy Społecznej w Nowej Wsi, Nowa Wieś 1, 87-603 Wielgie";40809;"gm. Wielgie";"lipnowski";"kujawsko-pomorskie";1;1;0;0;0;0;0;0;0;0;0;0;0;0;0;0;0;0;0;0;0;0;0;0;0;0;0;0;0;0;0;0;0;0;0;0;0;0;0;0;0;1;0;0;0;0;0;0;0;0;0;1;41;0;0;0;0;0;0;0;0;0;0;0;0;0;0;0;0;0;0;0;0;0;0;0;0;0;1;0;0;0;1;0;0;0;0;0;0;0;0;1;0;0;0;0;1;0;0;0;0;0;0;0;0;1;0;0;0;0;0;0;0;0;0;0;0;0;0;0;0;0;0;0;0;0;0;0;0;0;0;0;0;0;0;0;0;0;0;0;0;0;0;0;0;0;0;0;0;0;0;0;0;0;0;0;0;0;0;0;0;0;0;0;0;0;0;0;0;0;0;0;0;0;0;0;0;0;0;0;0;0;0
1;"Miejski Zespół Szkół w Radziejowie, ul. Szkolna 28, 88-200 Radziejów";41101;"m. Radziejów";"radziejowski";"kujawsko-pomorskie";1;1;3;0;0;0;2;1;0;1;0;0;0;0;0;0;2;0;0;0;0;0;0;0;0;1;1;22;7;2;5;4;5;4;2;1;2;0;1;5;0;0;0;0;0;1;4;1;0;2;0;0;1;45;12;0;3;6;3;0;0;0;0;3;0;1;0;0;0;1;0;0;0;0;1;2;0;0;1;33;48;26;39;38;2;5;3;3;0;4;0;3;1;0;0;0;2;1;0;0;0;0;0;0;1;11;1;3;1;3;0;5;2;2;1;0;0;0;0;2;1;0;2;0;0;0;0;0;0;0;5;54;19;4;14;3;2;2;1;0;5;0;1;0;0;2;1;0;0;1;0;0;0;0;13;0;0;3;1;0;0;0;0;0;0;0;0;0;0;0;0;0;0;0;0;0;0;0;0;0;0;0;0
2;"Miejski Zespół Szkół w Radziejowie, ul. Szkolna 28, 88-200 Radziejów";41101;"m. Radziejów";"radziejowski";"kujawsko-pomorskie";1;1;3;0;4;0;1;1;0;0;0;0;0;0;0;0;0;0;1;1;1;0;0;0;0;0;0;21;5;0;4;1;3;0;2;0;2;0;1;14;0;2;1;0;1;0;6;0;1;0;1;0;0;37;8;1;2;3;0;2;0;1;0;1;2;1;1;0;0;0;1;0;0;0;1;1;4;0;0;54;26;32;45;44;0;6;11;2;2;0;0;1;0;0;1;0;1;0;0;1;1;0;0;3;2;24;5;2;0;2;1;1;2;1;0;1;0;0;1;0;1;1;1;0;0;0;0;1;0;0;3;44;15;10;11;4;2;2;3;2;0;0;2;0;2;0;0;1;1;2;0;0;0;0;24;1;2;0;0;1;1;0;2;0;1;0;0;1;0;1;0;0;0;1;0;0;0;1;0;0;0;0;0
3;"Urząd Miasta Radziejów, ul. Kościuszki 20/22, 88-200 Radziejów";41101;"m. Radziejów";"radziejowski";"kujawsko-pomorskie";1;1;2;1;1;3;2;0;0;0;0;0;1;0;1;0;1;0;0;0;0;0;0;0;2;0;3;20;6;4;1;2;6;2;1;0;0;1;5;4;1;1;0;0;1;2;2;0;0;0;1;0;1;45;14;0;2;1;0;0;1;0;1;0;1;0;0;0;1;0;0;0;0;0;1;1;5;0;1;53;45;25;36;32;1;2;11;0;1;0;1;1;3;0;0;1;3;0;0;1;0;0;0;4;1;18;1;2;3;3;0;4;3;1;0;0;3;0;1;1;0;0;1;0;1;0;0;1;0;0;1;50;20;3;3;1;0;1;2;0;0;0;1;1;0;1;0;1;0;2;1;0;0;2;31;0;2;4;0;0;0;0;0;1;0;0;0;0;0;0;0;0;0;0;0;0;0;0;0;0;0;0;1
4;"Miejska i Powiatowa Biblioteka Publiczna w Radziejowie, ul. Objezdna 33, 88-200 Radziejów";41101;"m. Radziejów";"radziejowski";"kujawsko-pomorskie";1;1;5;0;0;1;1;0;0;0;1;0;0;1;0;0;0;1;0;0;0;0;0;1;0;0;0;38;8;7;4;0;5;1;3;1;1;0;0;7;0;0;1;1;2;0;4;2;0;1;1;0;4;42;11;0;0;5;0;0;2;0;0;0;3;1;0;0;1;0;3;1;0;1;0;0;0;0;1;50;55;30;32;28;1;2;10;2;1;1;0;1;1;2;2;0;2;0;1;0;0;0;0;1;5;9;7;3;1;1;1;3;3;1;0;0;0;0;2;2;0;0;1;0;0;0;0;0;0;0;1;75;21;3;10;3;4;3;1;1;2;1;0;2;0;0;0;0;0;1;0;0;0;0;24;1;4;6;0;0;0;1;0;0;0;0;0;0;0;0;0;0;0;1;0;0;0;2;0;0;0;0;0
5;"Radziejowski Dom Kultury, ul. Objezdna 40, 88-200 Radziejów";41101;"m. Radziejów";"radziejowski";"kujawsko-pomorskie";1;1;1;1;0;1;0;1;1;0;2;1;0;0;0;0;0;1;0;0;0;0;0;0;0;0;0;35;9;2;7;4;2;2;1;1;1;1;2;8;0;1;0;0;1;0;2;0;3;0;0;0;2;54;9;1;0;0;1;1;0;2;0;0;1;0;0;1;0;0;0;2;0;0;0;0;0;0;3;45;55;23;33;27;2;3;2;4;3;0;0;0;0;1;0;0;4;0;0;0;0;0;0;2;0;14;4;4;2;4;2;1;0;2;0;0;0;0;1;1;0;0;0;0;1;0;0;0;0;0;0;62;30;2;24;5;1;5;1;0;1;1;1;0;0;0;0;0;2;2;0;0;1;1;19;0;1;0;0;0;0;0;1;0;0;0;0;1;0;0;0;0;0;0;0;0;0;10;0;0;0;0;0
6;"Samodzielny Publiczny Zakład Opieki Zdrowotnej w Radziejowie, ul. Szpitalna 3, 88-200 Radziejów";41101;"m. Radziejów";"radziejowski";"kujawsko-pomorskie";1;1;0;0;0;0;0;0;0;0;0;0;0;0;0;0;0;0;1;0;0;0;0;0;0;0;0;0;0;2;3;0;1;0;0;0;1;0;0;1;0;0;1;0;0;0;0;0;0;0;0;0;0;6;0;0;0;0;0;0;0;0;0;0;0;0;1;0;0;0;0;0;0;0;0;0;0;0;0;3;7;3;8;6;1;5;4;0;0;3;0;1;1;2;1;0;4;0;0;0;0;1;0;1;1;1;0;0;0;0;0;0;0;0;0;0;0;0;0;0;0;0;0;0;0;0;0;0;0;1;0;5;2;0;3;0;1;2;0;0;0;1;0;0;0;0;0;1;1;0;0;0;0;0;0;0;0;0;0;0;0;0;0;0;0;0;0;0;0;0;1;0;0;0;0;1;0;0;0;0;0;0;0
1;"Urząd Gminy w Bytoniu, Sala konferencyjna, pok. Nr 1, Bytoń 72, 88-231 Bytoń";41102;"gm. Bytoń";"radziejowski";"kujawsko-pomorskie";1;1;2;0;0;0;0;1;0;0;0;0;0;0;0;0;0;0;0;0;0;0;0;0;1;0;2;16;1;4;0;3;1;0;2;2;0;0;3;8;0;1;0;0;0;0;4;0;3;1;2;0;2;10;5;0;0;4;0;0;1;0;0;0;1;1;1;0;1;0;1;2;0;0;0;0;0;0;0;56;74;7;68;26;2;4;15;1;1;3;1;3;1;0;0;1;1;0;1;0;0;0;0;4;2;1;1;3;0;2;1;20;0;1;0;1;0;1;0;0;1;0;0;1;0;0;0;0;0;0;1;24;8;0;5;3;2;4;0;1;3;3;0;3;2;0;0;0;0;0;0;0;0;1;5;0;0;0;0;0;0;0;1;0;0;2;0;0;0;0;0;0;0;0;0;0;0;3;0;0;0;0;0
2;"Remiza Ochotniczej Straży Pożarnej w Budzisławiu, Budzisław 3, 88-231 Bytoń";41102;"gm. Bytoń";"radziejowski";"kujawsko-pomorskie";1;1;0;0;0;0;0;0;0;0;1;1;0;0;1;0;0;0;0;0;0;0;0;0;0;0;0;24;1;3;0;4;0;1;0;0;0;2;1;0;0;0;0;0;0;0;0;0;0;0;0;0;2;10;4;0;0;1;1;0;0;0;0;0;1;0;1;0;0;0;0;2;0;0;0;0;0;0;0;51;39;6;13;16;1;5;4;1;1;0;0;1;0;0;0;0;3;0;0;0;0;0;0;0;0;5;0;1;0;0;2;1;0;1;0;0;0;0;0;0;1;0;0;0;0;0;0;0;0;0;0;10;4;1;2;2;0;1;1;0;0;0;0;0;0;0;0;2;1;0;0;0;0;0;0;0;0;0;0;0;0;0;0;0;0;0;0;0;0;0;1;0;0;0;0;0;0;0;0;0;0;0;0
3;"Zespół Szkolno-Przedszkolny w Morzycach i w Witowie, Morzyce 27, 88-231 Bytoń";41102;"gm. Bytoń";"radziejowski";"kujawsko-pomorskie";1;1;2;1;2;1;0;0;0;0;1;0;0;0;0;0;0;0;0;0;0;0;0;0;0;0;0;35;0;1;2;1;2;0;0;0;0;0;0;9;1;0;0;0;0;0;5;0;1;0;0;0;0;17;3;0;1;0;0;0;0;0;0;0;0;2;0;0;0;0;0;0;0;0;0;0;0;0;0;42;71;19;35;35;1;3;8;2;1;1;1;2;3;0;1;4;0;0;0;0;1;0;0;2;1;8;2;1;0;3;0;12;0;0;1;0;0;0;1;1;0;1;2;0;0;0;0;0;0;1;0;14;6;7;0;0;0;1;2;0;1;1;0;2;0;0;0;0;0;0;0;0;0;0;5;0;0;2;1;0;1;0;0;0;0;0;0;1;0;0;0;0;0;0;0;0;0;1;0;0;0;0;0
4;"Zespół Szkolno-Przedszkolny w Morzycach i w Witowie, Witowo 48, 88-231 Bytoń";41102;"gm. Bytoń";"radziejowski";"kujawsko-pomorskie";1;1;2;0;2;1;0;1;0;0;0;0;0;0;0;2;0;0;0;0;0;0;0;0;0;0;0;22;2;1;1;0;4;1;0;1;0;0;0;35;0;2;0;0;0;0;1;0;0;1;0;0;2;9;10;0;1;1;0;0;0;0;1;1;0;1;0;0;0;0;0;0;0;0;0;0;2;0;1;7;61;3;37;66;3;2;2;1;0;1;0;1;1;0;0;1;2;0;0;1;0;0;0;3;0;13;1;1;1;0;2;8;0;0;0;0;0;3;0;2;0;0;0;0;0;0;0;0;0;1;2;9;6;2;9;4;1;0;0;1;1;1;1;1;0;0;0;1;0;0;0;0;0;0;3;0;1;0;0;0;1;0;1;0;0;0;0;0;0;0;0;0;0;0;0;0;0;0;0;0;0;0;0
5;"Świetlica Wiejska Niegibalice, Niegibalice 46, 88-231 Bytoń";41102;"gm. Bytoń";"radziejowski";"kujawsko-pomorskie";1;1;0;0;0;0;0;0;0;0;1;1;0;0;0;0;0;0;0;0;0;0;0;0;0;0;0;12;2;2;0;0;1;0;1;1;0;0;0;1;0;1;0;0;0;0;3;0;1;0;0;0;0;8;2;0;0;3;1;0;0;0;0;1;1;0;0;0;0;1;1;0;0;0;0;0;0;0;0;52;38;8;33;39;5;1;2;1;0;2;0;1;3;0;0;0;1;0;0;0;0;0;0;3;1;3;0;3;0;0;1;5;0;0;0;0;0;0;0;2;0;0;0;0;0;0;0;0;0;0;0;3;0;3;0;2;1;1;0;0;0;0;0;6;0;0;1;0;0;0;0;0;0;0;0;0;0;1;0;0;0;0;0;0;0;0;0;0;0;0;0;0;0;0;0;0;0;0;0;0;0;0;0
1;"Publiczna Szkoła Podstawowa, ul. Szkolna 9, 88-210 Dobre";41103;"gm. Dobre";"radziejowski";"kujawsko-pomorskie";1;1;3;0;2;0;1;2;0;0;1;0;2;1;0;0;0;0;0;0;0;2;0;1;1;0;0;31;10;2;9;0;4;3;2;1;3;0;1;13;0;0;0;1;0;0;2;0;0;1;1;1;3;37;13;1;2;1;0;0;0;1;1;0;0;1;0;0;1;2;0;0;0;0;0;0;1;0;0;66;45;49;72;36;3;4;15;1;5;5;1;1;1;3;1;1;1;0;0;0;0;0;0;1;0;18;0;3;1;3;4;3;1;0;2;0;0;1;0;3;0;0;0;0;2;0;0;0;0;0;1;71;11;7;25;6;4;1;1;2;5;0;3;0;0;2;0;1;0;1;2;0;2;0;17;0;1;1;0;2;0;1;0;1;0;0;0;0;0;0;0;0;0;0;0;0;0;2;0;0;0;0;0
2;"Publiczna Szkoła Podstawowa, Byczyna 47, 88-210 Dobre";41103;"gm. Dobre";"radziejowski";"kujawsko-pomorskie";1;1;0;0;0;0;0;2;1;0;0;0;0;0;1;0;0;1;0;1;0;0;0;0;1;0;1;15;5;1;13;1;6;0;4;0;0;0;1;7;0;0;0;0;1;0;2;0;0;0;1;0;2;14;3;0;0;1;0;0;0;0;0;0;0;1;0;0;0;1;0;0;0;0;0;0;0;0;0;15;10;6;50;61;0;2;2;2;0;1;1;0;1;1;0;0;1;0;0;1;0;0;0;2;1;8;1;4;0;1;0;2;2;0;0;0;0;1;0;0;0;0;0;0;1;0;0;0;0;0;1;6;1;5;4;2;3;0;0;1;0;0;0;0;0;0;0;1;0;1;0;0;0;0;3;0;3;0;0;1;0;0;0;0;0;0;0;0;0;0;0;0;0;0;0;0;0;2;0;0;0;0;0
3;"Publiczna Szkoła Podstawowa, Krzywosądz 52, 88-210 Dobre";41103;"gm. Dobre";"radziejowski";"kujawsko-pomorskie";1;1;2;1;0;0;1;0;0;0;1;0;0;0;0;0;0;0;0;0;0;0;0;2;0;0;0;19;7;3;14;7;6;3;4;3;2;1;2;10;2;1;0;0;0;0;0;0;0;1;0;1;2;32;2;0;0;3;1;0;0;0;1;2;0;0;0;0;1;0;2;0;0;0;0;1;0;0;0;69;34;15;137;64;1;7;19;4;0;5;1;2;0;4;0;1;2;0;0;1;0;0;1;1;3;14;4;5;1;4;1;4;2;1;0;0;0;1;1;1;0;1;1;0;0;1;0;0;0;1;4;30;12;6;10;4;2;4;2;1;1;1;1;3;0;3;1;0;0;2;0;0;1;0;1;1;0;1;0;0;0;3;0;0;0;0;0;0;0;0;1;0;0;0;1;0;0;4;0;0;0;0;0
4;"Świetlica Wiejska, Bronisław 40A, 88-210 Dobre";41103;"gm. Dobre";"radziejowski";"kujawsko-pomorskie";1;1;3;1;0;1;1;0;1;0;0;0;0;0;0;0;1;1;0;0;0;0;0;0;0;0;1;25;3;3;3;3;3;3;1;1;1;1;2;2;1;0;0;1;1;1;0;0;0;0;0;0;0;3;1;0;0;2;1;0;0;0;0;2;0;0;0;0;1;0;0;0;0;0;1;0;0;0;0;29;17;12;26;43;2;5;3;1;0;2;0;0;1;1;1;0;0;0;0;1;0;0;0;1;1;5;2;1;0;0;0;1;1;0;0;0;0;1;0;0;0;1;0;1;0;0;0;0;0;0;0;15;4;2;10;1;0;1;0;1;0;0;0;1;0;0;0;0;0;0;0;0;0;0;4;0;2;0;0;0;0;0;0;0;0;0;0;0;0;0;0;0;0;0;0;0;0;1;0;0;0;0;0
5;"Remiza OSP, Bodzanowo 3, 88-210 Dobre";41103;"gm. Dobre";"radziejowski";"kujawsko-pomorskie";1;1;0;0;0;0;0;0;0;0;0;0;0;0;0;0;0;0;0;0;0;0;0;0;0;0;0;5;2;3;0;0;0;0;0;0;0;0;0;1;0;0;0;0;0;0;0;0;0;0;1;0;0;6;1;0;0;0;0;0;0;0;0;0;0;1;0;1;0;0;0;0;0;0;0;0;0;0;0;6;6;2;23;12;0;0;3;1;1;3;0;0;0;0;0;0;2;0;0;0;0;0;0;0;0;4;1;0;0;0;0;1;0;1;0;0;0;0;0;0;0;0;1;0;0;0;0;0;0;2;0;1;0;1;0;0;0;0;0;0;0;0;0;0;0;0;0;1;0;0;0;0;0;0;1;0;0;0;0;0;0;0;0;0;0;0;0;0;0;0;0;0;0;0;0;0;0;0;0;0;0;0;0
6;"Gminny Ośrodek Kultury, ul. Fabryczna 26a, 88-210 Dobre";41103;"gm. Dobre";"radziejowski";"kujawsko-pomorskie";1;1;3;0;1;0;0;0;0;0;2;1;0;1;1;2;0;0;0;0;0;0;0;0;0;0;0;21;2;4;8;3;5;1;1;1;0;0;1;8;0;0;2;0;1;0;5;0;1;1;0;0;2;22;3;1;0;1;0;0;0;0;0;1;2;1;0;1;1;0;0;0;1;0;0;1;1;1;0;48;30;27;46;30;0;1;11;3;1;8;0;1;1;0;0;2;4;0;1;0;1;0;0;1;0;20;2;6;0;3;0;4;0;1;0;1;1;0;0;0;0;0;0;0;1;0;0;0;0;0;2;21;6;4;13;1;3;4;0;0;2;2;1;0;0;0;1;0;0;3;0;0;0;1;1;0;0;1;0;1;0;0;0;0;0;0;0;0;0;0;0;0;0;0;0;0;0;2;0;0;0;0;0
1;"Zespół Szkolno-Przedszkolny w Osięcinach, ul. Traugutta 1, 88-220 Osięciny";41104;"gm. Osięciny";"radziejowski";"kujawsko-pomorskie";1;1;7;1;3;0;0;2;1;0;0;0;2;1;1;0;0;1;1;0;1;0;0;0;0;1;2;44;8;7;6;6;5;0;0;0;3;0;4;6;0;0;0;0;1;0;2;1;1;3;3;0;1;57;29;2;2;5;0;0;0;1;0;1;1;1;1;1;3;1;0;0;2;0;1;0;3;0;3;40;83;16;76;46;0;2;16;3;0;4;0;1;1;0;0;0;0;0;0;0;0;2;0;104;2;23;8;5;0;2;1;1;2;1;2;0;0;0;0;0;2;1;1;2;0;0;0;1;0;1;6;36;19;4;24;7;2;5;2;1;1;1;0;0;0;2;1;0;0;4;2;0;0;0;3;0;1;3;0;0;0;0;2;0;0;0;0;0;0;0;0;0;0;0;0;0;0;6;0;0;0;0;0
2;"Zespół Szkolno-Przedszkolny w Osięcinach, ul. Traugutta 7, 88-220 Osięciny";41104;"gm. Osięciny";"radziejowski";"kujawsko-pomorskie";1;1;3;0;0;0;3;0;1;0;0;0;0;1;0;0;0;0;0;1;0;0;0;0;0;1;0;21;6;5;1;3;2;2;2;1;1;0;2;1;0;0;0;0;2;0;1;0;0;0;1;0;2;17;13;0;0;1;1;0;0;0;0;1;3;0;0;0;0;1;0;0;0;0;1;1;1;0;0;36;48;7;48;31;1;3;3;0;2;3;1;0;2;0;0;0;2;0;0;1;0;1;0;25;0;10;4;4;0;0;0;5;0;0;0;0;1;3;0;2;0;0;1;0;0;0;0;0;0;0;0;18;2;1;9;2;3;1;3;2;0;2;1;1;0;0;0;4;0;0;0;0;0;0;6;0;0;0;1;0;0;1;0;1;0;0;0;0;0;0;0;0;0;0;0;0;0;0;0;0;0;0;0
3;"Gminny Ośrodek Kultury w Osięcinach, ul. Wojska Polskiego 21, 88-220 Osięciny";41104;"gm. Osięciny";"radziejowski";"kujawsko-pomorskie";1;1;7;0;2;0;1;0;0;0;0;2;0;0;0;0;1;1;1;0;3;0;0;0;0;0;0;84;6;9;5;3;3;4;2;1;2;1;3;10;2;2;0;1;2;4;1;0;0;1;0;1;0;74;55;0;2;2;0;0;0;1;0;0;2;2;3;1;1;0;1;5;0;0;1;0;0;0;1;44;86;14;83;26;6;1;8;2;2;4;1;0;0;1;0;0;1;0;1;0;0;0;0;69;2;25;10;3;1;2;0;1;0;1;1;0;1;0;0;0;0;0;1;0;0;0;0;0;0;2;4;86;16;7;37;11;3;5;6;0;8;2;0;1;6;4;1;3;1;1;1;0;0;0;9;0;0;0;1;0;1;0;2;1;0;0;0;1;0;0;0;0;0;0;0;0;0;2;0;0;0;0;0
4;"Niepubliczna Szkoła Podstawowa im. św. Jana Pawła II w Pocierzynie i w Kościelnej Wsi, Kościelna Wieś 2, 88-220 Osięciny";41104;"gm. Osięciny";"radziejowski";"kujawsko-pomorskie";1;1;1;0;0;0;0;0;0;0;0;0;0;0;0;0;0;0;0;0;0;1;0;0;0;0;1;22;2;4;5;2;4;3;2;0;2;1;0;5;0;2;0;0;0;1;0;0;2;1;0;0;3;13;10;0;0;4;0;0;0;0;1;0;1;1;1;0;0;1;2;0;1;0;0;0;2;0;0;23;54;11;70;45;1;1;10;1;0;5;0;0;1;3;0;0;3;0;0;1;0;0;0;1;0;11;2;1;0;2;0;2;0;0;1;2;2;0;1;0;2;0;0;0;0;0;0;0;0;1;3;28;11;0;9;3;3;3;1;0;1;2;0;0;0;0;0;4;0;0;2;0;0;0;5;0;0;1;2;0;0;1;0;0;0;0;0;0;0;0;0;0;0;0;2;0;0;1;0;0;1;0;0
5;"Niepubliczna Szkoła Podstawowa im. św. Jana Pawła II w Pocierzynie i w Kościelnej Wsi, Pocierzyn 35, 88-220 Osięciny";41104;"gm. Osięciny";"radziejowski";"kujawsko-pomorskie";1;1;2;0;0;0;0;2;0;1;0;0;1;1;0;0;0;0;0;0;0;0;0;0;0;1;0;15;4;8;4;1;5;1;1;0;1;0;1;3;0;3;1;1;0;1;1;0;0;0;0;0;1;10;6;0;1;1;2;0;0;0;0;2;0;0;0;0;1;1;0;1;0;0;0;0;0;0;0;35;43;4;76;68;0;7;6;2;0;1;1;1;0;0;0;0;2;0;0;0;0;0;0;4;1;13;6;1;0;1;1;4;0;2;1;0;0;1;0;1;2;0;1;0;0;0;0;0;0;1;1;18;4;2;5;1;4;1;2;2;4;0;0;1;0;0;0;1;1;0;0;0;0;0;4;0;0;0;0;0;0;0;2;0;0;0;0;0;0;1;0;0;0;0;0;0;0;0;0;0;0;0;0
6;"Świetlica wiejska w Borucinie, Borucin 1a, 88-220 Osięciny";41104;"gm. Osięciny";"radziejowski";"kujawsko-pomorskie";1;1;0;1;2;0;0;0;0;0;1;0;1;0;0;0;0;0;0;0;0;0;0;0;0;0;0;7;0;1;2;0;1;1;0;0;0;1;1;10;0;0;0;0;1;0;0;0;0;0;0;0;1;15;6;2;0;2;0;0;0;0;1;0;0;0;1;1;0;0;1;0;0;0;0;0;1;0;1;22;30;6;22;20;2;5;7;2;0;5;1;1;2;0;0;0;0;0;0;0;0;0;0;8;0;10;5;1;3;1;0;0;4;0;0;0;0;1;1;0;0;0;0;0;0;0;0;0;0;0;0;9;5;0;1;0;0;2;2;0;0;0;0;0;1;1;0;0;0;0;0;0;0;0;0;0;0;0;0;0;0;1;0;0;0;0;0;0;0;0;0;0;0;0;0;0;0;0;0;0;0;0;0
7;"Świetlica wiejska w Konarach, Konary 17/7, 88-220 Osięciny";41104;"gm. Osięciny";"radziejowski";"kujawsko-pomorskie";1;1;0;0;1;0;0;0;0;0;0;0;0;0;0;0;0;0;0;0;0;0;0;0;1;1;0;33;4;5;2;1;1;0;0;1;1;0;2;4;0;1;1;0;1;0;0;0;0;1;0;0;2;9;25;0;1;2;0;0;0;0;0;0;1;0;0;0;1;0;0;0;0;0;1;0;1;0;1;6;17;3;39;34;1;0;0;0;0;1;0;1;0;0;0;0;1;0;0;0;0;0;0;4;0;5;3;2;0;2;0;1;1;0;0;0;1;0;0;0;0;0;0;0;0;0;0;0;0;0;0;5;2;1;10;5;2;0;0;0;2;1;0;0;1;0;0;0;1;0;2;0;0;0;1;0;0;0;0;0;0;0;0;0;0;0;0;0;0;0;0;0;0;0;0;0;1;0;0;0;0;0;0
8;"Remiza OSP w Pilichowie, Pilichowo 12a, 88-220 Osięciny";41104;"gm. Osięciny";"radziejowski";"kujawsko-pomorskie";1;1;1;0;0;0;0;0;0;0;0;0;0;0;0;0;0;0;0;0;0;0;0;0;0;0;1;11;2;2;3;2;2;0;0;0;1;0;1;3;0;0;0;0;0;0;0;0;0;1;0;0;1;4;2;0;0;2;0;0;0;0;0;0;0;0;0;0;0;0;2;0;0;0;0;1;0;0;0;28;25;2;48;12;0;3;5;0;0;0;0;0;1;0;0;1;0;0;1;0;0;0;0;1;0;7;5;0;0;1;0;0;0;1;0;0;0;0;0;0;0;0;0;0;0;0;0;0;0;0;0;4;1;0;6;0;0;1;0;0;0;0;1;0;0;0;0;0;0;0;0;0;0;0;0;0;0;1;2;0;0;0;0;0;0;0;0;0;0;0;1;0;0;0;0;0;0;0;0;0;0;0;0
9;"Remiza Ochotniczej Straży Pożarnej w Woli Skarbkowej, Wola Skarbkowa 37, 88-220 Osięciny";41104;"gm. Osięciny";"radziejowski";"kujawsko-pomorskie";1;1;0;0;0;0;0;0;0;0;0;0;1;0;0;0;0;0;0;0;0;0;0;0;0;0;0;3;2;0;0;1;0;0;0;0;0;0;0;0;0;0;0;0;0;0;0;0;0;0;0;0;0;10;9;0;0;0;0;0;0;0;0;0;0;0;0;0;1;0;0;0;0;0;0;0;0;0;1;13;7;2;12;13;0;2;4;0;0;0;0;0;0;0;0;0;0;0;0;0;0;0;0;7;0;1;5;1;0;1;0;0;0;0;0;0;0;0;0;0;0;0;0;0;0;0;0;0;0;0;1;2;1;0;4;1;0;1;0;1;0;0;1;0;0;0;0;0;0;0;0;0;0;0;0;0;0;1;0;0;0;0;0;0;0;0;0;0;0;0;0;0;0;0;0;0;0;1;0;0;0;0;0
1;"Hala Widowiskowo-Sportowa, ul. Włocławska 37, 88-230 Piotrków Kujawski";41105;"gm. Piotrków Kujawski";"radziejowski";"kujawsko-pomorskie";1;1;3;0;0;1;0;0;1;0;2;1;1;0;1;2;0;0;0;1;1;0;1;2;0;1;0;44;9;8;6;5;3;1;2;3;4;1;6;21;1;3;1;0;0;1;1;1;1;4;1;0;2;64;20;3;4;5;1;2;1;0;0;0;4;1;0;0;4;0;0;0;1;0;2;1;1;0;2;62;112;23;84;60;0;11;49;5;1;3;1;5;0;6;0;3;12;0;0;5;1;1;0;2;1;24;2;7;1;1;1;5;0;0;2;0;0;0;0;1;2;0;3;0;0;0;0;0;0;1;1;71;23;3;28;2;1;8;4;1;2;5;2;2;1;2;0;2;0;5;0;0;1;0;14;0;2;4;0;1;1;2;4;2;1;1;0;0;0;1;1;0;0;0;0;0;0;1;0;0;0;0;0
2;"Świetlica MGOPS, ul. Słoneczna 32, 88-230 Piotrków Kujawski";41105;"gm. Piotrków Kujawski";"radziejowski";"kujawsko-pomorskie";1;1;5;0;1;0;0;0;1;0;0;0;0;0;2;0;0;1;0;0;2;0;0;0;1;1;1;22;6;4;3;3;2;1;4;0;0;0;4;8;0;1;0;0;0;0;1;0;0;4;0;1;1;36;13;0;1;2;0;3;2;0;1;0;3;2;2;0;3;0;0;6;0;2;0;1;0;1;0;44;39;15;41;18;5;8;34;2;1;15;2;4;1;2;0;0;4;0;0;0;1;1;0;0;0;7;2;1;1;1;0;1;1;2;0;0;0;0;0;0;1;0;1;0;0;0;0;0;0;0;0;37;13;3;19;0;2;3;0;1;1;2;1;0;0;1;0;0;0;0;0;0;0;0;8;0;5;3;0;0;0;2;0;1;0;0;0;0;0;0;0;0;0;0;0;0;0;0;0;0;0;0;0
3;"Publiczna Szkoła Podstawowa, ul. Włocławska 37, 88-230 Piotrków Kujawski";41105;"gm. Piotrków Kujawski";"radziejowski";"kujawsko-pomorskie";1;1;5;1;0;0;1;1;0;1;0;0;0;1;1;0;0;0;1;0;1;0;0;0;0;0;0;50;13;6;3;0;3;5;5;0;3;0;1;6;1;0;0;0;1;0;3;0;1;2;3;0;1;35;17;1;1;1;0;0;0;0;0;0;3;3;0;0;3;0;1;1;0;0;1;0;1;1;1;68;61;14;48;40;1;9;31;1;0;4;3;2;0;1;0;2;2;0;0;0;0;0;0;5;2;12;6;3;1;0;2;7;4;0;0;1;1;0;0;0;0;0;1;1;1;0;1;0;0;0;1;55;10;5;13;4;4;5;4;3;5;2;2;2;0;0;1;3;0;3;0;0;0;1;6;0;5;3;0;1;0;1;2;0;0;1;0;0;0;1;0;0;0;0;0;0;0;3;0;0;0;0;0
4;"Remiza OSP Lubsin, Lubsin 24B, 88-230 Piotrków Kujawski";41105;"gm. Piotrków Kujawski";"radziejowski";"kujawsko-pomorskie";1;1;1;0;1;0;0;1;0;0;0;0;0;0;0;1;0;0;0;0;0;0;0;0;0;0;2;13;1;4;1;1;1;0;1;0;0;0;0;3;0;0;1;0;0;0;0;1;0;1;1;0;1;7;4;0;0;5;0;0;0;0;0;0;0;2;0;0;0;0;0;0;0;0;0;0;0;0;0;20;22;5;30;17;2;2;9;2;1;1;2;3;0;2;0;0;4;0;0;0;0;0;0;0;0;0;1;2;0;1;0;2;2;1;1;0;0;0;0;1;1;0;0;0;0;0;0;0;0;0;1;5;3;1;8;0;2;0;1;1;2;0;1;0;0;0;0;1;1;0;0;0;0;0;0;0;5;2;0;0;0;1;0;0;0;0;0;1;0;0;0;0;0;0;0;0;0;0;0;0;0;0;0
5;"Świetlica Wiejska Gradowo, Gradowo 14A, 88-230 Piotrków Kujawski";41105;"gm. Piotrków Kujawski";"radziejowski";"kujawsko-pomorskie";1;1;0;0;0;1;0;0;0;0;0;0;1;0;0;0;0;0;0;0;0;0;0;0;0;0;0;4;0;1;3;0;0;0;1;0;0;0;0;4;0;0;0;0;0;0;0;0;0;0;0;0;1;2;0;0;0;0;0;0;0;0;0;0;2;1;0;0;0;0;1;0;0;0;0;0;0;0;0;6;14;4;9;28;0;0;3;1;1;1;0;0;1;0;1;0;1;0;0;0;0;0;0;0;0;6;0;1;0;0;0;2;0;0;0;0;2;0;0;0;0;0;0;0;0;0;0;0;0;0;0;1;1;0;0;0;0;0;0;0;1;0;0;0;0;1;0;0;0;0;0;0;0;0;0;0;0;1;0;0;0;0;0;0;0;0;0;0;0;0;0;0;0;0;0;0;0;2;0;0;0;0;0
6;"Publiczna Szkoła Podstawowa Bycz, Bycz 3, 88-230 Piotrków Kujawski";41105;"gm. Piotrków Kujawski";"radziejowski";"kujawsko-pomorskie";1;1;0;0;1;3;0;0;1;0;0;1;1;1;0;0;0;0;0;0;0;0;0;0;0;1;0;10;0;0;0;0;0;1;0;0;0;0;1;1;0;0;0;0;0;0;0;0;3;0;0;0;1;8;2;3;0;0;0;0;1;0;0;0;0;0;0;0;0;0;0;1;0;0;0;0;0;0;0;26;50;16;37;45;1;7;13;2;0;7;1;3;1;1;0;3;2;0;0;0;0;1;0;1;3;4;0;0;0;0;0;3;0;1;0;0;0;0;0;0;0;0;1;0;0;0;0;0;0;0;0;10;2;0;1;3;0;2;0;2;2;0;0;0;0;0;0;0;0;0;1;0;0;1;3;0;0;3;0;2;0;1;0;0;2;0;0;0;0;0;0;0;0;0;1;0;0;0;0;0;0;0;0
7;"Remiza OSP Połajewo, Połajewo 25C, 88-230 Piotrków Kujawski";41105;"gm. Piotrków Kujawski";"radziejowski";"kujawsko-pomorskie";1;1;3;0;0;0;1;0;0;0;0;1;0;0;0;1;0;0;0;0;0;0;0;0;0;0;0;13;3;1;2;1;1;2;0;1;0;1;0;1;0;0;0;0;0;0;3;0;1;0;0;0;1;9;7;1;0;0;0;0;0;0;0;0;3;0;0;0;1;1;0;0;0;0;0;0;1;0;1;34;40;12;25;27;3;1;18;0;1;4;1;1;2;1;0;0;6;0;0;0;1;1;0;0;1;7;3;1;0;1;0;1;0;1;0;0;0;0;0;0;0;0;0;0;0;0;0;0;0;0;1;19;3;2;9;1;0;0;0;0;5;2;1;0;0;1;2;0;0;0;0;0;0;0;2;0;0;2;0;0;0;0;0;2;0;0;0;0;0;0;0;0;0;0;0;0;0;0;0;0;0;0;0
8;"Publiczna Szkoła Podstawowa Dębołęka, Dębołęka 7, 88-230 Piotrków Kujawski";41105;"gm. Piotrków Kujawski";"radziejowski";"kujawsko-pomorskie";1;1;1;2;0;0;0;0;0;0;0;0;0;0;0;0;0;2;0;0;1;0;0;0;0;0;0;15;3;0;1;1;3;0;1;0;0;0;0;2;0;1;0;0;1;0;0;1;0;0;3;1;0;13;1;0;1;0;0;0;1;0;0;0;1;1;0;0;0;0;1;0;0;0;0;0;0;0;1;32;35;6;26;46;1;4;13;8;1;5;1;3;1;0;0;1;1;1;0;0;0;0;0;0;0;7;1;1;0;3;0;4;0;1;1;1;1;1;0;0;0;0;1;0;0;0;0;0;0;0;0;14;3;0;7;1;0;1;0;0;1;0;0;1;0;0;0;0;0;1;1;0;0;0;6;0;3;4;1;0;0;2;0;0;0;1;0;0;0;0;0;0;0;0;0;0;0;0;0;0;0;0;0
9;"Remiza OSP Świątniki, Świątniki 9, 88-230 Piotrków Kujawski";41105;"gm. Piotrków Kujawski";"radziejowski";"kujawsko-pomorskie";1;1;4;1;0;0;1;0;0;0;0;0;1;0;0;0;0;0;0;0;0;0;0;0;0;0;1;16;7;3;1;1;0;2;0;0;0;0;1;1;0;1;0;0;0;0;1;0;0;0;1;0;0;8;7;2;0;2;0;1;0;0;1;0;0;2;3;0;0;0;1;5;0;0;0;0;0;0;0;18;24;9;8;47;1;1;6;1;0;5;0;0;0;0;0;0;0;0;0;0;0;0;0;0;0;13;0;3;0;1;1;7;1;0;0;0;1;1;0;0;0;0;0;0;0;0;0;0;0;0;0;13;1;0;6;3;2;2;0;0;1;2;0;1;0;0;1;3;0;0;0;0;0;0;3;0;2;1;0;0;0;0;0;0;0;0;0;0;0;0;0;0;0;0;0;0;0;0;0;0;0;0;0
10;"Remiza OSP Jerzyce, Jerzyce 7, 88-230 Piotrków Kujawski";41105;"gm. Piotrków Kujawski";"radziejowski";"kujawsko-pomorskie";1;1;0;0;1;0;0;0;1;0;0;0;0;0;0;0;0;0;0;0;0;0;0;0;0;0;0;26;7;2;2;1;2;0;0;0;1;0;2;5;0;0;0;0;0;0;1;0;0;0;0;2;1;12;6;2;0;0;0;1;1;0;0;1;0;0;0;0;0;0;0;0;0;0;0;0;0;0;1;31;20;3;16;33;0;7;8;1;0;8;0;1;1;3;3;1;0;0;1;0;0;0;0;0;0;9;0;1;2;2;0;2;0;0;0;0;1;1;1;0;1;0;0;0;0;0;0;0;0;0;1;12;0;3;6;1;1;0;0;1;2;1;0;0;0;1;0;1;0;0;0;0;0;1;3;0;1;0;0;0;1;0;0;0;1;0;0;0;0;0;0;0;0;0;0;0;0;1;0;0;0;0;0
11;"Warsztaty Terapii Zajęciowej Nowa Wieś, Nowa Wieś 28A, 88-230 Piotrków Kujawski";41105;"gm. Piotrków Kujawski";"radziejowski";"kujawsko-pomorskie";1;1;1;0;0;0;0;1;1;0;0;0;0;1;1;1;0;0;0;0;2;0;0;0;1;0;0;13;3;2;2;0;1;1;0;2;0;0;0;0;1;0;0;0;1;0;2;0;2;0;0;1;0;14;7;0;0;1;0;0;0;0;0;0;0;1;1;0;0;0;1;0;0;0;0;0;0;0;1;28;30;12;16;38;3;5;20;5;2;6;2;4;0;1;2;0;2;0;0;1;0;0;0;2;2;7;3;2;1;4;1;4;1;0;0;1;0;0;0;0;0;2;1;0;1;0;0;0;0;0;2;18;5;5;4;0;0;4;0;1;3;0;1;0;0;0;0;0;0;0;0;0;1;2;0;0;2;0;0;1;0;0;0;1;0;0;0;1;0;0;0;0;0;0;0;0;0;0;0;0;0;0;0
12;"Świetlica Wiejska w Wójcinie, Wójcin 32, 88-230 Piotrków Kujawski";41105;"gm. Piotrków Kujawski";"radziejowski";"kujawsko-pomorskie";1;1;0;0;0;0;1;0;0;0;0;0;0;0;0;1;0;0;0;0;0;0;0;0;0;0;0;10;0;1;1;0;0;0;0;0;1;0;0;0;1;0;0;0;0;0;0;0;0;0;0;0;0;9;2;1;0;0;0;0;0;0;1;0;1;0;0;0;0;0;0;0;1;0;0;1;0;0;0;24;13;5;15;30;0;2;3;2;0;1;0;1;1;0;0;0;0;1;0;1;0;1;0;0;0;4;3;1;0;0;0;0;0;0;1;0;1;0;2;0;1;0;0;0;0;0;0;0;0;0;0;1;0;0;1;0;0;0;0;0;0;0;0;0;0;0;0;0;0;0;0;0;0;0;1;0;0;0;0;0;0;0;0;0;0;0;0;0;0;0;0;0;0;0;0;0;0;0;0;0;0;0;0
13;"Świetlica Domu Pomocy Społecznej w Piotrkowie Kujawskim, ul. Poznańska 98, 88-230 Piotrków Kujawski";41105;"gm. Piotrków Kujawski";"radziejowski";"kujawsko-pomorskie";1;1;1;0;0;0;0;0;0;0;0;0;0;0;0;0;0;0;0;0;0;0;0;0;0;0;0;1;0;0;0;0;0;0;0;0;0;0;0;0;0;0;0;0;0;0;0;0;0;0;0;0;0;0;0;0;0;0;0;0;0;0;0;0;0;0;0;0;0;0;0;0;0;0;0;0;0;0;0;1;3;1;0;3;0;1;0;0;0;0;0;0;0;0;0;0;0;0;0;0;0;0;0;0;0;0;0;0;0;0;0;0;0;0;0;0;0;0;0;0;1;0;0;0;0;0;0;0;0;0;0;2;0;0;1;1;0;0;0;0;0;0;0;0;0;0;0;0;0;0;0;0;0;0;0;0;0;0;0;0;0;0;0;0;0;0;0;0;0;0;0;0;0;0;0;0;0;0;0;0;0;0;0
1;"Świetlica wiejska w Bieganowie, Bieganowo 9a, 88-200 Radziejów";41106;"gm. Radziejów";"radziejowski";"kujawsko-pomorskie";1;1;0;0;0;0;1;0;1;0;0;0;0;0;0;0;0;1;0;0;0;0;0;0;0;0;0;10;3;6;4;6;2;2;0;0;0;0;2;5;0;1;0;2;0;1;9;0;0;1;0;0;1;8;2;1;0;0;0;0;0;0;0;2;0;0;0;0;0;0;0;0;0;0;0;0;0;0;0;17;23;10;20;59;1;2;5;1;0;3;1;1;0;1;1;0;1;1;0;1;1;0;0;1;2;6;0;2;0;1;0;0;3;0;0;0;0;1;0;1;1;0;0;0;1;1;0;0;0;1;0;10;0;3;0;0;0;2;6;0;0;0;0;0;0;1;1;0;0;0;0;0;0;0;2;0;0;1;0;0;0;0;0;0;0;0;0;0;0;0;0;0;0;0;0;0;0;3;0;0;1;0;0
2;"Świetlica wiejska w Czołowie, Czołowo 83a, 88-200 Radziejów";41106;"gm. Radziejów";"radziejowski";"kujawsko-pomorskie";1;1;0;0;0;1;1;0;0;0;0;1;0;0;0;0;1;0;0;0;0;0;0;0;0;0;0;10;3;0;1;0;1;2;0;0;0;0;0;0;0;0;0;0;0;1;20;0;0;0;0;0;0;11;1;0;0;1;0;0;0;0;0;0;0;2;0;1;1;0;0;0;0;0;0;0;0;0;0;19;15;16;21;24;2;0;11;4;0;1;0;0;0;2;0;0;2;0;0;0;0;0;0;0;0;3;0;1;0;0;0;0;1;0;0;0;0;0;0;0;1;0;0;0;0;0;0;0;0;0;1;11;2;3;7;0;0;1;1;0;1;0;0;1;0;0;0;0;0;0;0;0;0;0;7;1;0;0;0;0;0;1;0;0;0;0;0;0;0;0;0;0;0;0;0;0;0;0;0;0;0;0;0
3;"Szkoła Podstawowa w Płowcach, Płowce 94, 88-200 Radziejów";41106;"gm. Radziejów";"radziejowski";"kujawsko-pomorskie";1;1;0;0;0;0;0;0;0;0;0;0;0;0;0;0;0;0;0;0;0;0;0;0;0;0;0;11;4;2;1;2;2;0;0;0;0;0;1;5;1;0;2;0;1;0;15;0;0;1;0;0;0;10;4;0;1;1;0;0;0;0;0;2;0;0;0;0;1;0;0;0;0;0;1;0;1;0;0;11;12;6;23;28;1;2;6;3;1;1;0;2;0;0;1;0;1;0;0;0;0;1;0;2;0;4;2;2;1;1;0;5;1;0;0;0;0;0;0;1;0;0;0;0;0;0;0;0;0;0;0;9;1;0;2;0;1;0;0;0;3;1;0;0;1;0;0;0;0;0;0;0;0;0;5;0;1;1;1;1;0;0;2;0;0;0;0;1;0;1;0;0;0;0;0;0;0;0;0;0;0;0;0
4;"Remiza OSP w Broniewie, Broniewo 8, 88-200 Radziejów";41106;"gm. Radziejów";"radziejowski";"kujawsko-pomorskie";1;1;1;0;1;0;0;0;0;0;0;0;0;0;1;0;0;1;1;0;0;0;0;0;0;0;0;15;3;2;2;1;0;1;2;0;0;0;0;1;1;1;0;0;0;0;12;0;0;0;0;0;1;4;1;0;0;0;0;0;0;0;0;0;1;1;0;0;1;0;0;0;0;0;0;0;0;0;1;16;13;5;9;23;1;2;20;0;0;0;1;2;0;0;0;0;1;0;0;2;0;0;0;1;0;6;2;5;0;2;0;3;0;0;0;0;0;0;0;0;0;0;0;0;0;0;1;0;0;1;0;4;8;2;1;1;3;4;2;2;1;0;1;0;0;0;0;0;0;0;0;0;0;0;2;0;1;0;0;0;0;0;0;2;0;0;0;0;0;0;0;0;0;0;0;0;0;0;0;0;0;0;0
5;"Remiza OSP w Starym Radziejowie, Stary Radziejów 22B, 88-200 Radziejów";41106;"gm. Radziejów";"radziejowski";"kujawsko-pomorskie";1;1;0;0;0;0;0;0;0;0;0;0;0;0;0;0;0;0;0;0;0;0;0;0;0;0;0;11;1;1;0;0;1;0;0;1;0;0;0;0;0;1;1;0;1;0;8;0;0;0;0;0;0;6;3;0;0;0;0;0;0;0;0;1;2;2;0;0;0;0;0;1;0;0;0;0;0;0;0;8;4;8;17;33;0;1;0;2;0;2;0;1;0;1;1;0;3;0;1;0;0;0;0;0;0;6;0;0;1;1;1;1;0;0;0;0;0;0;0;0;0;0;0;0;0;0;0;0;0;1;0;11;0;0;3;0;0;0;2;0;0;0;0;0;0;0;0;0;0;0;0;0;0;0;0;0;0;0;0;0;0;0;1;0;0;0;0;0;0;0;0;0;0;0;0;0;0;1;0;0;0;0;0
6;"Świetlica wiejska w Zagorzycach, Zagorzyce 21a, 88-200 Radziejów";41106;"gm. Radziejów";"radziejowski";"kujawsko-pomorskie";1;1;1;0;0;0;0;2;0;1;0;0;0;1;0;0;2;0;0;0;0;0;0;0;0;0;1;12;1;2;0;0;1;0;1;2;2;0;0;3;0;0;1;0;0;0;1;0;0;1;0;1;0;8;6;4;1;1;0;0;0;0;1;0;1;0;1;0;0;0;1;0;0;0;0;1;0;0;0;21;14;4;31;55;0;2;10;1;0;2;0;0;0;0;0;1;0;0;0;1;0;0;0;0;0;4;5;4;1;2;0;1;0;0;1;0;0;0;0;1;0;0;1;0;0;0;1;0;0;0;0;22;7;1;1;2;2;0;0;1;1;2;0;0;0;0;0;0;1;0;2;0;0;0;10;0;0;0;0;0;0;0;0;0;0;0;0;0;0;0;0;0;0;0;0;0;0;0;0;0;0;0;1
7;"Przedszkole Gminne w Skibinie, Skibin 53, 88-200 Radziejów";41106;"gm. Radziejów";"radziejowski";"kujawsko-pomorskie";1;1;1;0;0;0;0;0;0;0;0;0;0;0;1;0;0;0;0;0;0;0;0;0;0;0;0;18;3;0;4;1;1;3;0;0;2;1;0;7;0;1;2;0;0;0;10;0;0;0;0;0;0;12;4;0;0;1;0;0;0;0;0;2;1;0;0;0;1;0;0;0;0;0;0;0;1;0;0;14;15;7;18;23;2;1;4;2;0;3;2;0;0;0;1;0;1;0;0;0;0;0;0;0;0;5;2;0;1;0;2;2;0;0;0;0;1;0;0;1;1;0;0;0;0;0;0;0;0;0;0;20;5;1;7;1;3;1;0;1;5;1;1;1;0;0;0;0;0;2;0;0;0;0;11;0;0;0;0;0;0;0;0;0;1;0;0;0;0;0;0;0;0;0;0;0;0;0;0;0;0;0;0
8;"Świetlica wiejska w Biskupicach, Biskupice 19, 88-200 Radziejów";41106;"gm. Radziejów";"radziejowski";"kujawsko-pomorskie";1;1;1;0;0;1;0;3;0;0;1;0;0;0;0;0;0;0;0;0;0;0;0;0;0;0;1;6;0;0;1;1;0;0;0;0;0;0;0;5;0;0;0;0;0;0;7;0;0;0;0;0;0;17;3;2;0;0;0;0;0;1;0;0;0;0;0;0;1;1;0;0;0;0;0;0;0;1;2;14;11;12;14;38;1;5;3;1;1;0;0;0;0;1;0;0;0;0;2;0;0;0;0;0;2;5;1;3;1;0;0;2;1;0;0;1;0;1;0;0;0;0;1;0;0;0;0;0;0;0;2;8;5;1;4;1;0;0;0;2;0;2;0;0;0;0;0;0;0;0;0;0;0;0;4;0;2;1;0;0;0;0;0;0;0;0;0;0;0;0;0;0;0;0;0;0;0;0;0;0;0;0;0
9;"Świetlica wiejska w Broniewku, Broniewek 13, 88-200 Radziejów";41106;"gm. Radziejów";"radziejowski";"kujawsko-pomorskie";1;1;1;0;0;0;0;1;0;1;0;0;0;0;0;0;0;0;0;0;1;0;0;0;0;0;0;13;2;2;7;1;0;0;0;1;1;0;0;1;1;1;0;0;0;0;1;0;0;0;0;0;2;6;0;0;0;1;0;1;0;0;0;0;0;0;0;0;0;0;0;0;0;0;0;0;1;0;0;17;17;5;15;12;0;1;7;0;1;1;0;0;0;2;0;0;0;0;1;0;0;0;0;0;0;5;1;1;0;0;1;2;1;0;0;0;0;0;0;0;0;0;0;0;0;0;0;0;0;0;0;16;9;0;3;1;0;1;0;0;2;1;0;0;0;1;0;2;0;1;0;0;0;0;7;0;0;0;0;0;0;0;0;0;0;0;0;0;0;0;0;0;0;0;0;0;0;0;0;0;0;0;0
10;"Świetlica wiejska w Opatowicach, Opatowice 21, 88-200 Radziejów";41106;"gm. Radziejów";"radziejowski";"kujawsko-pomorskie";1;1;1;0;0;0;0;0;0;0;1;0;0;0;0;0;1;0;0;0;1;0;0;0;0;0;2;8;1;1;1;1;0;0;0;0;0;0;2;0;0;2;0;0;0;0;15;0;0;0;0;0;0;10;3;0;1;0;2;0;0;0;0;0;2;0;0;0;0;1;0;1;0;0;0;0;0;0;0;13;22;13;15;26;1;1;4;0;3;0;0;0;1;0;0;0;2;0;0;0;0;0;0;3;0;1;3;2;0;0;0;4;0;0;0;0;0;0;0;0;0;0;0;0;0;0;0;0;0;1;1;8;5;2;3;1;0;0;0;0;0;0;0;1;1;0;0;0;0;1;0;0;0;0;7;0;1;0;0;0;0;0;0;0;1;0;0;0;0;1;0;0;0;0;0;0;0;4;0;0;0;0;0
1;"Świetlica Wiejska w Czamaninie, Czamanin 64, 87-875 Topólka";41107;"gm. Topólka";"radziejowski";"kujawsko-pomorskie";1;1;0;0;0;0;0;0;0;1;0;0;0;0;0;0;0;0;0;0;0;0;0;0;0;0;0;15;4;2;6;0;1;0;0;1;0;1;1;65;0;0;1;0;0;0;0;0;0;0;0;0;0;5;3;0;0;0;0;0;0;0;1;0;0;0;0;1;0;0;0;1;0;0;0;0;1;0;0;11;21;4;55;5;0;3;8;1;0;4;0;0;2;1;0;5;4;1;0;0;0;0;0;1;0;2;0;0;0;0;1;2;1;0;0;0;0;0;1;0;0;0;0;0;0;0;0;0;0;0;0;9;0;1;3;0;1;1;0;0;0;0;0;0;0;0;0;1;0;2;0;0;0;0;0;0;0;1;0;0;0;0;1;0;0;0;0;0;0;0;0;0;0;0;0;0;0;0;0;0;0;0;0
2;"Szkoła Podstawowa w Paniewie, Paniewo 18, 87-875 Topólka";41107;"gm. Topólka";"radziejowski";"kujawsko-pomorskie";1;1;2;0;1;0;0;0;0;0;0;0;0;0;0;0;0;0;0;0;0;0;0;0;0;0;0;7;1;2;2;2;2;2;1;1;2;0;3;142;2;0;0;0;0;0;0;0;1;0;1;0;0;14;3;0;1;1;0;0;0;0;1;0;0;0;0;0;0;0;0;0;0;0;0;0;0;0;0;14;24;4;124;22;0;2;8;1;0;7;0;2;1;0;0;1;1;0;0;0;0;0;0;3;0;9;3;3;2;1;0;2;3;0;0;0;0;0;0;2;0;1;1;0;0;0;0;0;0;0;0;19;2;1;13;2;2;2;1;2;1;1;0;0;0;0;0;1;0;1;3;0;0;0;3;0;0;0;0;0;0;0;0;0;0;0;0;0;0;0;0;0;0;0;0;0;0;0;0;0;0;0;0
3;"Remiza OSP w Topólce, Topólka 17, 87-875 Topólka";41107;"gm. Topólka";"radziejowski";"kujawsko-pomorskie";1;1;3;0;0;0;0;0;0;1;0;0;0;0;0;0;0;0;0;0;0;0;0;0;0;0;0;20;0;1;2;6;2;0;0;0;0;0;1;90;0;1;0;0;1;0;0;2;0;1;0;1;0;20;9;0;0;2;1;1;0;0;0;0;0;0;0;0;0;1;0;0;0;0;1;0;0;0;2;18;49;8;109;20;0;1;5;3;1;0;0;0;0;0;0;5;0;0;0;0;0;0;0;1;1;5;3;0;0;3;0;0;0;1;1;0;2;0;0;0;0;0;1;0;0;0;0;0;0;0;0;29;10;2;32;1;2;1;0;0;1;2;0;0;0;0;0;1;0;0;1;1;0;0;1;0;0;0;0;0;1;0;0;0;0;0;0;0;0;0;0;0;0;0;0;0;0;0;0;0;0;0;0
4;"Świetlica Wiejska w Znaniewie, Znaniewo 2, 87-875 Topólka";41107;"gm. Topólka";"radziejowski";"kujawsko-pomorskie";1;1;0;0;0;1;0;1;1;0;0;0;0;0;1;0;0;0;0;1;0;0;0;0;0;0;0;18;0;3;1;0;1;1;1;0;0;0;0;53;0;0;0;0;0;0;0;0;0;0;0;0;0;12;4;0;0;1;2;0;0;0;0;0;3;0;0;0;0;0;0;0;0;0;0;0;0;0;1;17;31;5;92;20;2;2;3;3;0;1;0;1;0;0;0;2;1;0;0;0;0;0;0;0;2;6;4;0;1;0;1;2;1;0;1;1;0;1;1;0;0;1;0;0;0;0;0;0;0;0;0;25;5;1;11;1;2;2;0;2;1;1;0;0;0;1;0;0;0;0;0;0;0;0;4;0;0;0;0;0;1;0;1;1;0;0;0;0;0;0;0;0;0;0;0;0;0;0;0;0;0;0;0
5;"Świetlica Wiejska w Sierakowach, Sierakowy 54, 87-875 Topólka";41107;"gm. Topólka";"radziejowski";"kujawsko-pomorskie";1;1;0;1;0;0;0;0;0;0;1;0;0;0;0;0;0;1;1;0;0;0;0;0;0;0;0;4;0;0;1;0;3;1;0;1;0;0;0;26;0;0;1;0;0;0;0;0;0;1;0;0;0;6;1;0;0;0;1;0;0;0;3;0;0;0;0;0;0;0;0;0;0;0;0;0;0;0;0;12;15;4;59;16;2;2;1;1;0;0;0;0;0;0;1;1;2;1;0;0;0;1;0;1;0;2;0;2;0;1;0;1;1;1;1;1;0;0;0;0;0;0;0;0;0;0;0;0;0;0;0;7;1;1;3;0;2;2;0;1;0;0;0;0;0;0;0;0;2;0;0;0;0;0;0;0;0;1;0;0;0;0;0;0;0;0;0;0;0;0;1;0;0;0;0;0;0;0;0;0;0;0;0
6;"Remiza OSP w Orlu, Orle 54, 87-875 Topólka";41107;"gm. Topólka";"radziejowski";"kujawsko-pomorskie";1;1;0;0;0;0;0;0;0;0;0;0;0;0;0;1;0;0;0;0;0;0;0;0;0;0;0;14;2;2;1;1;1;1;0;0;1;0;0;19;0;0;0;0;0;0;0;0;0;1;0;0;0;19;2;0;0;0;1;0;0;0;0;0;0;0;0;0;0;0;0;0;0;0;0;0;0;0;0;20;18;6;50;10;0;2;1;0;0;2;0;1;1;0;0;3;1;0;0;0;0;0;0;0;0;5;4;0;0;1;0;2;0;0;0;0;0;0;1;0;0;0;1;1;0;0;0;0;0;1;0;15;6;0;4;3;1;0;0;0;0;0;0;0;0;0;0;0;0;0;0;0;0;1;0;0;0;1;0;0;1;1;0;0;0;0;0;0;0;0;0;0;0;0;0;0;0;0;0;0;0;0;0
7;"Szkoła Podstawowa w Topólce, Topólka 26, 87-875 Topólka";41107;"gm. Topólka";"radziejowski";"kujawsko-pomorskie";1;1;0;1;0;0;0;1;0;0;1;0;1;0;0;1;0;0;0;0;0;0;0;0;0;0;0;13;1;3;4;1;2;0;2;0;0;0;0;67;0;0;0;0;0;0;1;0;0;1;0;0;0;11;7;0;0;1;0;0;0;0;0;0;1;0;2;0;0;0;0;0;0;0;0;0;0;0;0;16;19;13;138;16;3;1;3;1;0;1;1;1;1;0;0;5;1;0;0;0;0;0;0;0;0;6;3;1;1;1;0;1;1;0;2;0;0;2;1;0;1;1;0;0;0;0;0;0;0;0;0;19;5;0;12;0;0;2;3;1;0;0;0;0;0;0;0;0;0;1;0;0;0;0;0;0;0;6;1;1;2;0;0;0;0;0;0;0;0;0;0;0;0;0;1;0;0;1;0;0;0;0;0
1;"Zespół Szkół Nr 1, ul. Tadeusza Kościuszki 51, 87-500 Rypin";41201;"m. Rypin";"rypiński";"kujawsko-pomorskie";1;1;1;0;0;0;0;0;0;1;0;0;1;0;0;0;0;0;0;0;0;0;0;0;0;0;0;34;4;0;4;1;3;0;2;3;0;0;0;3;0;2;1;0;2;0;0;0;1;0;0;0;1;25;6;0;0;4;0;0;0;0;0;0;0;1;0;0;0;0;1;0;0;0;0;0;0;0;0;23;23;23;35;20;2;48;18;0;4;0;0;0;0;0;0;0;1;0;0;0;0;0;0;0;0;12;2;1;1;2;9;0;2;0;1;0;1;1;0;0;0;1;0;0;0;0;0;0;0;1;0;54;13;4;1;7;10;1;0;0;0;0;1;0;0;0;1;5;0;0;42;0;0;0;0;0;2;5;4;0;1;0;0;0;0;0;0;2;0;0;0;0;0;0;0;0;0;0;0;0;0;1;1
2;"Centrum Aktywności Społecznej, ul. Tadeusza Kościuszki 10, 87-500 Rypin";41201;"m. Rypin";"rypiński";"kujawsko-pomorskie";1;1;0;1;0;0;1;0;0;0;0;0;0;0;0;0;0;0;0;0;1;0;0;0;0;0;0;33;1;2;2;1;1;0;0;4;1;0;2;0;0;2;0;0;0;0;1;0;0;0;0;0;1;29;4;0;0;2;1;0;0;0;0;0;0;1;0;0;0;0;0;0;0;0;0;0;0;0;0;12;17;22;21;14;3;53;7;0;2;2;0;0;0;0;0;0;0;0;0;0;1;0;0;0;0;2;2;0;0;2;4;0;1;0;0;0;1;0;1;0;0;0;0;0;0;0;0;0;0;0;0;43;9;2;3;3;5;2;0;0;1;0;1;0;0;0;0;6;1;0;24;0;0;0;0;0;1;1;3;1;0;1;0;0;0;0;0;0;0;0;0;0;0;0;0;0;0;3;0;0;0;0;0
3;"Rypiński Dom Kultury, ul. Warszawska 8, 87-500 Rypin";41201;"m. Rypin";"rypiński";"kujawsko-pomorskie";1;1;0;0;0;0;0;1;1;0;0;0;0;0;2;0;0;0;0;1;1;1;0;0;0;0;0;65;5;0;1;2;0;0;1;8;0;1;1;0;0;0;0;0;0;0;0;0;0;1;0;0;1;21;3;0;0;4;0;0;0;0;2;0;1;0;0;0;0;0;0;0;0;0;0;0;0;0;0;26;12;13;20;21;0;50;19;0;0;0;0;0;0;1;0;0;0;0;0;1;0;0;0;0;0;9;1;0;0;2;2;0;1;1;0;0;0;0;1;0;0;1;0;0;0;0;0;0;0;0;2;38;19;2;1;5;3;2;0;0;2;0;0;0;0;0;3;8;0;0;34;0;0;0;0;0;0;0;1;0;0;0;0;0;0;0;0;0;0;0;1;0;1;0;0;0;0;0;0;0;0;0;0
4;"Muzeum Ziemi Dobrzyńskiej, ul. Warszawska 20, 87-500 Rypin";41201;"m. Rypin";"rypiński";"kujawsko-pomorskie";1;1;5;1;0;0;0;0;0;0;1;1;0;1;0;0;1;0;1;0;0;0;0;0;0;0;1;54;2;2;3;0;1;2;1;11;1;3;1;1;1;0;0;1;2;1;0;0;0;1;1;0;3;51;1;2;0;1;1;0;0;1;1;1;1;0;1;0;0;0;0;1;0;0;1;1;2;0;0;28;16;13;33;16;1;51;11;0;4;0;1;1;0;0;1;0;1;0;0;0;0;0;0;0;0;9;3;0;0;2;13;3;1;0;0;0;0;0;0;0;0;0;0;0;0;0;0;0;0;3;4;92;30;1;2;1;10;2;0;2;0;2;0;0;0;0;0;18;2;3;65;0;0;0;0;0;0;1;2;0;0;1;0;0;0;0;0;0;0;1;0;0;0;2;0;0;0;0;0;0;0;0;0
5;"Starostwo Powiatowe w Rypinie, ul. Warszawska 38, 87-500 Rypin";41201;"m. Rypin";"rypiński";"kujawsko-pomorskie";1;1;3;1;3;0;0;1;0;0;1;0;1;0;0;0;0;0;0;0;0;0;0;0;0;0;0;66;3;5;3;0;3;1;0;13;0;0;1;1;0;1;3;0;1;0;0;1;1;0;0;0;3;68;1;0;1;4;0;0;0;1;1;0;1;3;2;1;0;1;0;0;2;0;0;0;2;0;2;26;15;26;34;23;1;97;11;2;4;2;1;1;1;4;1;1;0;0;0;0;0;0;0;0;0;15;4;4;1;1;11;0;3;1;0;0;1;0;0;0;1;2;0;0;0;0;0;0;1;0;4;67;28;1;0;6;6;1;0;0;2;3;1;1;1;0;0;16;0;0;73;0;1;0;0;0;1;6;2;0;0;0;0;0;1;0;0;0;0;2;0;0;0;0;0;0;0;3;0;0;0;0;0
6;"Urząd Miasta Rypin, ul. Warszawska 40, 87-500 Rypin";41201;"m. Rypin";"rypiński";"kujawsko-pomorskie";1;1;2;0;1;0;0;0;0;0;0;0;0;1;0;0;0;0;0;0;0;0;1;0;0;0;0;86;13;6;3;0;1;2;1;15;1;0;1;0;0;0;0;0;0;0;0;0;0;1;0;0;4;44;2;0;0;1;0;0;0;1;0;0;1;0;0;0;0;1;0;0;1;0;0;0;0;0;1;26;19;19;52;16;0;54;16;0;0;0;0;1;1;1;0;1;0;0;0;0;0;0;0;0;2;11;4;0;0;0;3;0;0;1;0;0;1;0;0;2;0;0;1;0;0;0;0;0;0;0;1;99;24;5;1;3;11;1;0;1;1;4;0;1;0;0;0;11;0;0;84;0;1;0;0;0;0;0;4;0;0;0;0;1;0;0;0;0;0;0;0;0;0;0;0;0;0;0;0;0;0;0;0
7;"Zespół Szkolno-Przedszkolny Nr 2 w Rypinie, ul. Młyńska 12, 87-500 Rypin";41201;"m. Rypin";"rypiński";"kujawsko-pomorskie";1;1;2;0;0;1;1;0;0;1;0;0;0;0;0;0;0;0;0;0;1;0;0;0;0;0;0;57;2;5;5;1;3;0;3;6;1;0;1;0;1;1;0;0;0;0;0;0;0;0;0;0;0;39;1;1;0;1;0;1;0;0;1;0;0;3;0;0;2;1;0;0;0;0;0;0;1;0;0;23;25;22;37;12;1;46;8;0;1;1;0;0;0;0;0;0;1;0;0;1;0;0;0;0;0;2;3;0;0;0;4;1;0;0;0;0;0;1;0;0;0;0;0;0;0;0;0;0;0;0;4;44;30;4;1;8;12;2;0;1;0;0;1;0;0;1;1;3;0;0;41;0;0;0;0;0;0;3;2;0;0;2;0;0;0;1;0;0;0;1;0;0;0;0;0;0;0;1;0;0;0;0;0
8;"Zespół Szkolno-Przedszkolny Nr 2 w Rypinie, ul. Młyńska 12, 87-500 Rypin";41201;"m. Rypin";"rypiński";"kujawsko-pomorskie";1;1;2;1;0;1;0;1;0;0;3;0;0;1;0;0;0;0;0;0;0;1;0;0;0;0;2;70;2;4;9;2;0;0;1;8;0;0;1;1;0;3;1;0;0;0;0;1;1;1;0;0;2;45;3;1;1;2;0;0;0;0;1;0;0;3;1;0;1;0;1;0;0;0;0;1;0;0;0;25;25;19;39;18;0;48;7;1;0;1;0;1;0;1;0;0;0;0;0;0;0;0;0;1;2;6;1;0;1;0;8;1;0;1;0;0;1;0;1;1;0;1;0;0;0;0;0;1;0;0;2;60;45;11;2;4;9;2;1;3;2;1;1;0;0;0;0;8;0;2;42;0;0;0;0;0;1;1;0;0;0;1;0;0;0;0;0;0;0;1;1;0;0;0;0;0;0;3;0;0;0;0;1
9;"Zespół Szkolno-Przedszkolny Nr 1 w Rypinie, ul. 3 Maja 3, 87-500 Rypin";41201;"m. Rypin";"rypiński";"kujawsko-pomorskie";1;1;1;1;0;0;2;0;1;0;0;0;0;0;0;0;1;0;0;0;0;0;0;0;0;0;2;40;4;3;5;0;1;2;0;3;0;0;2;0;1;0;0;1;0;0;0;1;0;0;0;1;1;37;1;0;2;1;1;0;0;0;0;0;2;4;0;0;1;0;0;0;3;0;0;0;0;0;2;23;18;25;35;18;2;43;15;0;1;0;0;1;0;0;1;1;2;0;0;0;0;0;0;0;1;12;1;0;0;1;2;0;0;1;0;0;1;0;0;0;0;0;0;0;0;0;0;0;0;2;5;56;20;4;0;1;14;3;0;1;4;1;0;1;0;0;0;4;0;0;57;0;0;0;0;0;1;3;3;0;0;0;0;0;0;0;0;0;0;0;0;0;0;0;0;0;0;1;0;0;0;0;0
10;"Zespół Szkolno-Przedszkolny Nr 1 w Rypinie, ul. 3 Maja 3, 87-500 Rypin";41201;"m. Rypin";"rypiński";"kujawsko-pomorskie";1;1;0;0;1;0;0;0;0;0;0;0;0;0;1;0;0;0;0;0;0;0;0;0;0;1;0;86;2;3;1;1;0;1;1;11;0;0;0;0;0;1;1;0;1;0;0;1;0;3;1;1;2;37;2;0;0;0;0;0;1;0;0;0;0;1;2;0;0;0;0;0;0;0;0;0;1;0;0;25;14;10;36;10;2;42;9;0;2;0;0;1;0;1;0;0;0;0;0;0;0;0;0;0;0;1;2;0;0;1;6;0;0;0;0;0;0;0;1;0;0;0;0;0;0;0;0;0;0;1;3;72;24;3;0;3;17;1;0;0;1;0;0;0;0;0;0;10;2;0;66;0;0;0;0;0;1;1;0;1;0;0;0;0;0;0;0;0;0;0;0;0;0;0;0;0;0;0;0;0;0;0;0
11;"Zespół Szkół Nr 2, ul. Dworcowa 11, 87-500 Rypin";41201;"m. Rypin";"rypiński";"kujawsko-pomorskie";1;1;1;0;0;0;0;0;0;0;0;0;0;0;0;0;0;0;0;0;0;0;0;0;0;0;0;63;6;0;4;0;3;0;2;15;1;0;1;1;0;3;0;0;1;0;0;0;2;3;1;0;2;44;2;0;0;0;1;0;1;0;2;0;0;3;1;0;0;1;0;0;0;0;0;0;0;0;2;29;43;29;47;16;2;76;15;0;2;1;0;1;0;3;0;0;0;0;0;0;0;0;0;0;0;7;1;1;2;0;5;0;0;0;1;0;1;0;0;0;0;0;1;0;0;0;0;1;2;1;2;63;13;2;4;2;18;3;0;0;1;1;3;1;1;0;3;5;1;0;40;0;0;2;0;0;1;2;1;0;0;0;1;1;0;0;0;0;0;0;0;1;0;0;0;0;0;1;0;0;0;0;0
12;"Zespół Szkół Nr 2, ul. Dworcowa 11, 87-500 Rypin";41201;"m. Rypin";"rypiński";"kujawsko-pomorskie";1;1;1;0;1;0;0;1;0;0;0;0;1;0;0;0;0;0;0;0;0;0;0;0;0;0;0;33;4;3;5;0;0;1;0;10;1;1;3;2;1;0;0;0;0;1;0;0;1;0;0;0;0;52;3;0;1;2;0;0;0;0;0;1;0;3;1;0;0;0;1;1;0;0;0;1;0;0;0;12;23;22;24;12;0;30;11;0;2;0;1;0;1;1;0;1;0;0;0;0;0;0;0;0;0;4;3;5;1;0;3;0;0;0;0;0;0;0;0;0;1;0;0;1;0;0;0;0;0;1;4;46;22;1;5;8;8;0;0;0;2;3;0;0;0;0;0;9;0;0;63;1;0;0;0;1;3;0;1;0;1;0;0;0;0;0;0;0;0;0;0;0;0;0;0;0;0;0;0;0;0;0;0
13;"Rypińskie Centrum Sportu, ul. Dworcowa 11A, 87-500 Rypin";41201;"m. Rypin";"rypiński";"kujawsko-pomorskie";1;1;0;0;0;0;0;1;0;0;0;0;0;0;1;0;0;0;0;0;0;0;0;0;0;0;0;42;5;6;2;0;3;0;1;5;0;0;1;0;0;0;0;1;0;0;0;0;0;0;3;0;1;55;3;1;2;4;1;0;1;0;1;0;0;3;1;0;2;3;2;0;0;0;0;0;1;0;0;23;24;14;25;15;1;86;10;1;4;1;0;0;0;0;0;0;1;0;0;0;0;0;0;0;0;8;2;2;2;0;5;0;0;0;0;0;0;0;0;1;0;0;0;0;2;0;0;0;0;0;0;77;19;2;2;4;13;2;1;1;0;0;0;0;1;0;0;6;2;1;62;0;0;0;0;0;1;2;0;0;1;2;1;0;0;0;0;1;0;0;0;0;0;0;0;0;0;0;0;0;0;0;0
14;"Rypińskie Centrum Sportu, ul. Dworcowa 11A, 87-500 Rypin";41201;"m. Rypin";"rypiński";"kujawsko-pomorskie";1;1;3;0;0;0;1;0;0;0;0;0;0;0;0;1;0;0;0;0;0;0;0;0;0;0;0;24;3;2;3;1;2;0;0;8;0;0;0;0;0;1;0;1;3;1;0;0;0;0;0;0;0;31;1;0;1;2;0;1;0;0;0;0;2;1;1;0;2;0;1;0;0;0;0;0;0;0;1;16;12;7;42;9;0;54;9;0;2;1;1;0;0;0;0;0;2;0;0;0;0;0;0;0;0;12;2;1;1;2;2;0;1;0;0;0;0;1;1;1;1;0;0;0;1;0;0;0;0;0;0;20;11;2;2;2;4;2;1;0;0;0;2;0;0;1;0;3;2;0;26;1;0;0;0;0;0;0;2;0;0;1;0;0;1;1;0;0;0;0;0;0;0;0;0;0;0;0;0;0;0;0;0
15;"Świetlica Spółdzielni Mieszkaniowej Lokatorsko-Własnościowej, ul. Wojska Polskiego 9, 87-500 Rypin";41201;"m. Rypin";"rypiński";"kujawsko-pomorskie";1;1;0;0;0;0;1;0;0;0;1;0;0;0;0;0;0;0;0;0;0;0;0;0;0;0;0;36;3;2;1;0;2;5;1;2;1;2;1;0;0;0;0;0;0;0;0;0;1;0;0;3;3;38;2;2;0;0;2;0;2;0;1;0;2;1;0;0;1;2;1;0;0;0;0;1;0;0;1;29;21;9;31;14;0;64;18;0;3;1;0;0;0;2;0;1;0;0;0;0;0;0;0;0;0;8;1;1;0;0;2;1;1;1;0;0;0;0;0;1;0;1;0;0;3;1;1;0;0;0;5;67;16;8;5;3;14;3;1;1;1;0;0;0;1;1;0;6;1;1;42;3;0;0;0;0;0;2;2;0;0;1;0;0;0;0;0;0;0;2;0;0;0;0;0;0;0;0;0;0;0;0;0
16;"Szpital Powiatowy w Rypinie, ul. 3 Maja 2, 87-500 Rypin";41201;"m. Rypin";"rypiński";"kujawsko-pomorskie";1;1;0;0;1;0;0;0;0;0;0;1;0;0;0;0;0;0;0;0;0;0;0;0;0;0;0;3;1;0;1;0;0;0;0;0;0;0;1;0;0;0;0;0;0;0;0;0;0;0;0;0;1;4;0;0;0;0;0;0;0;0;0;0;0;0;0;0;0;0;0;0;0;0;0;0;0;0;0;3;3;1;3;6;1;4;3;0;0;0;0;0;0;0;0;0;0;0;0;0;0;0;0;0;0;0;0;0;0;0;0;0;1;0;0;0;0;0;0;0;0;0;0;0;0;0;0;0;0;0;0;4;1;0;1;0;1;1;1;0;2;0;0;0;0;0;0;0;0;0;1;0;0;0;0;0;0;0;0;0;0;0;0;0;0;0;0;0;0;0;0;0;0;0;0;0;0;0;0;0;0;0;0
1;"Szkoła Podstawowa w Ostrowitem, Ostrowite 63, 87-522 Ostrowite";41202;"gm. Brzuze";"rypiński";"kujawsko-pomorskie";1;1;1;3;0;0;1;0;2;1;1;0;1;0;0;0;0;0;0;0;0;0;0;0;1;1;0;49;8;4;8;0;4;2;3;4;0;0;2;3;1;2;0;0;1;0;0;0;0;1;0;0;6;39;3;1;0;2;0;0;0;0;3;1;0;2;0;0;1;0;0;0;0;0;0;3;1;0;1;36;24;33;58;22;0;13;34;0;3;1;2;1;1;1;0;0;4;0;1;0;1;0;0;1;1;9;2;6;0;0;5;0;0;1;1;0;2;0;0;2;1;1;0;0;0;0;1;0;1;0;0;35;32;2;3;1;16;3;0;3;7;1;1;2;0;0;0;6;0;0;26;0;0;0;0;0;1;2;2;0;0;1;0;0;0;0;0;2;0;2;0;0;0;0;0;0;0;0;0;0;0;0;0
2;"Szkoła Podstawowa w Trąbinie, Trąbin-Wieś 6, 87-522 Ostrowite";41202;"gm. Brzuze";"rypiński";"kujawsko-pomorskie";1;1;0;1;1;0;1;1;0;1;0;0;1;0;0;0;0;0;0;1;0;0;0;0;0;0;0;61;6;5;9;2;4;3;0;2;0;1;3;0;1;1;0;1;0;0;0;0;0;1;2;0;3;19;6;0;2;3;1;0;1;1;1;0;0;1;1;0;1;0;0;1;0;2;0;1;1;0;1;25;30;42;68;50;3;13;42;2;6;1;5;3;1;0;0;0;0;0;0;0;0;0;0;0;1;15;4;0;3;2;3;1;2;1;2;0;2;0;1;2;0;0;0;0;0;0;0;0;0;0;3;39;12;7;0;0;11;2;1;0;3;0;0;0;0;1;0;5;2;0;6;0;1;0;0;0;0;5;5;1;0;0;2;0;0;1;0;1;0;0;0;0;0;0;0;0;0;0;0;0;0;0;0
3;"Szkoła Podstawowa w Ugoszczu, Ugoszcz 22, 87-517 Brzuze";41202;"gm. Brzuze";"rypiński";"kujawsko-pomorskie";1;1;2;0;0;0;1;2;0;0;0;0;0;0;0;0;0;0;0;0;1;0;0;0;0;0;0;29;4;2;7;0;2;1;1;3;1;0;0;0;0;1;0;0;0;0;0;0;1;1;0;0;6;15;2;1;0;1;0;0;2;0;1;2;1;0;0;0;0;0;0;0;0;0;0;0;0;0;0;18;8;18;31;28;0;3;17;1;1;0;0;0;0;1;0;0;3;0;0;0;0;1;0;0;1;6;1;2;0;1;3;1;0;1;1;0;1;0;0;0;0;0;0;0;1;0;0;0;0;0;1;15;2;5;1;2;4;2;0;0;1;2;0;0;0;0;0;1;0;0;7;0;0;0;0;0;1;1;1;0;1;0;0;0;0;0;0;0;0;0;0;0;0;0;0;0;0;1;0;0;0;0;0
4;"Świetlica wiejska w Żałem, Żałe 17, 87-517 Brzuze";41202;"gm. Brzuze";"rypiński";"kujawsko-pomorskie";1;1;0;0;0;0;0;0;0;0;0;0;0;0;0;0;0;0;0;0;0;0;0;0;0;0;0;33;2;5;0;0;0;1;0;9;0;0;0;0;0;0;0;0;0;1;0;0;0;0;0;0;1;13;3;1;0;0;0;0;1;1;0;0;1;1;0;0;0;0;0;0;0;0;0;0;1;0;0;13;6;7;14;8;0;10;28;0;1;0;0;0;0;0;0;0;0;0;1;0;0;0;0;0;0;6;0;1;0;0;2;3;0;0;0;0;0;0;0;0;0;0;0;0;0;0;0;0;0;1;1;26;6;0;1;4;5;1;0;0;0;1;0;0;0;0;0;1;0;0;4;0;0;0;0;0;0;3;2;0;0;1;0;0;0;0;0;0;0;1;0;0;0;0;0;0;0;0;0;0;0;0;0
5;"Świetlica wiejska w Brzuzem, Brzuze 63, 87-517 Brzuze";41202;"gm. Brzuze";"rypiński";"kujawsko-pomorskie";1;1;0;0;0;0;0;0;0;0;0;0;1;0;0;0;0;0;1;0;0;0;0;0;0;0;0;16;1;3;3;1;3;1;0;2;0;1;0;0;1;1;0;0;0;0;1;0;0;0;0;0;3;10;0;0;0;1;0;0;0;0;0;0;0;2;0;0;0;0;0;0;0;0;0;0;0;0;0;11;8;12;18;12;0;2;19;1;2;0;0;1;0;0;0;0;1;0;0;0;0;0;0;0;0;4;1;2;0;1;6;0;0;1;0;1;0;0;1;2;0;0;1;0;1;0;0;0;0;0;2;5;0;3;0;2;1;1;1;1;0;1;1;0;0;0;0;0;0;0;6;0;0;1;0;0;0;1;0;0;0;0;0;0;1;0;0;0;0;1;0;0;0;0;0;0;0;0;0;0;0;0;0
6;"Świetlica wiejska w Giżynku, Giżynek 39, 87-517 Brzuze";41202;"gm. Brzuze";"rypiński";"kujawsko-pomorskie";1;1;0;0;0;0;0;1;0;0;0;1;0;0;0;0;0;0;0;0;0;0;0;0;0;0;0;16;1;0;0;0;1;0;0;0;1;0;1;0;2;1;0;0;0;1;0;0;0;0;0;1;3;3;1;0;0;0;0;0;1;0;0;0;0;1;0;0;0;0;1;0;0;0;0;0;0;0;0;4;13;9;32;17;0;1;5;0;1;1;0;0;0;1;0;0;0;0;1;1;0;0;0;0;0;2;3;1;4;1;0;0;0;0;0;0;0;1;1;0;0;0;0;0;0;0;0;0;0;0;2;7;1;0;1;0;2;0;0;0;0;0;0;0;0;0;0;1;0;0;4;0;0;0;0;0;0;0;0;0;0;0;0;0;0;0;0;0;0;0;0;0;0;0;0;0;0;0;0;0;0;0;0
7;"Świetlica wiejska w Kleszczynie, Kleszczyn 32A, 87-517 Brzuze";41202;"gm. Brzuze";"rypiński";"kujawsko-pomorskie";1;1;2;0;0;0;0;0;0;1;0;0;0;0;0;0;0;0;0;0;0;0;0;0;0;0;0;22;1;2;6;0;1;0;0;4;0;0;0;0;0;0;0;0;0;0;0;0;0;0;0;2;0;17;3;1;0;0;0;0;0;0;0;0;2;1;0;0;1;0;1;0;0;0;0;0;1;0;2;13;6;17;30;21;0;0;11;0;1;1;0;0;0;1;0;0;0;0;0;0;0;0;0;0;1;6;1;0;2;1;4;0;1;0;2;0;0;0;0;2;1;0;0;0;0;0;0;0;0;1;2;15;3;3;1;0;3;0;0;0;1;0;0;0;0;0;0;7;0;0;10;0;0;0;0;0;4;1;0;0;0;0;0;0;0;0;0;0;0;4;0;0;0;0;0;0;0;0;0;0;0;0;0
8;"Szkoła Podstawowa w Radzynku, Radzynek 1, 87-517 Brzuze";41202;"gm. Brzuze";"rypiński";"kujawsko-pomorskie";1;1;1;0;1;0;1;0;0;0;0;0;0;0;0;0;0;0;0;0;0;0;0;0;0;0;0;14;0;3;2;0;1;1;1;4;0;0;0;0;0;2;0;0;0;0;0;0;0;0;0;0;4;12;1;0;0;1;1;1;0;0;1;0;0;20;0;0;1;0;0;0;0;0;0;0;0;0;0;10;6;12;27;12;1;5;8;0;0;0;1;0;0;1;1;0;0;0;0;0;0;0;0;0;0;1;0;1;0;0;3;0;0;0;2;0;0;0;0;0;0;0;0;0;0;0;0;0;0;0;1;19;2;4;0;1;1;2;0;0;0;1;0;0;0;0;0;1;0;0;6;0;0;0;0;0;0;2;0;0;0;0;0;0;1;0;0;0;0;0;0;0;0;1;0;0;0;1;0;0;0;0;0
9;"Świetlica Domu Pomocy Społecznej „KOMBATANT” w Ugoszczu, Ugoszcz 30, 87-517 Brzuze";41202;"gm. Brzuze";"rypiński";"kujawsko-pomorskie";1;1;1;0;0;0;0;0;0;0;0;0;1;0;0;0;0;0;0;0;0;0;0;0;0;0;0;2;0;0;0;0;0;0;0;0;0;0;0;0;0;0;0;0;0;0;0;0;0;0;0;0;0;0;0;0;0;0;0;0;0;0;0;0;0;0;0;0;0;0;0;0;0;0;0;0;0;0;0;5;0;1;1;1;0;1;3;0;0;0;2;0;0;0;0;0;0;0;1;0;0;0;0;0;0;0;0;0;0;0;0;0;0;0;0;0;0;0;0;0;0;0;0;0;0;0;0;0;0;0;0;0;0;0;0;0;0;1;0;0;0;0;0;0;0;0;0;0;0;0;0;0;0;0;0;0;0;0;0;0;0;0;0;0;0;0;0;0;0;0;0;0;0;0;0;0;0;0;0;0;0;0;0
1;"Urząd Gminy w Rogowie, Rogowo 51, 87-515 Rogowo";41203;"gm. Rogowo";"rypiński";"kujawsko-pomorskie";1;1;2;1;0;2;2;0;0;0;0;0;2;0;1;0;0;0;0;0;0;0;0;0;0;0;0;70;5;0;2;1;1;1;1;4;1;0;1;0;0;1;0;0;0;0;0;2;0;1;0;1;3;18;0;0;1;0;2;0;1;1;0;0;1;8;0;1;1;0;0;0;0;0;1;0;0;0;0;20;27;31;66;32;2;10;95;2;2;3;1;1;0;1;0;0;1;0;0;0;0;0;1;1;0;24;5;2;2;1;1;1;0;0;0;0;1;1;0;0;1;0;0;0;0;0;0;0;1;0;1;26;10;2;1;1;4;1;0;1;2;4;1;0;0;0;0;5;1;0;10;0;1;0;0;0;4;7;1;0;2;0;2;0;2;0;0;0;0;1;0;0;0;0;0;0;0;1;0;0;0;0;0
2;"Szkoła Podstawowa w Rogowie im. Henryka Napiórkowskiego, Rogowo 31, 87-515 Rogowo";41203;"gm. Rogowo";"rypiński";"kujawsko-pomorskie";1;1;1;0;0;1;1;1;0;1;0;0;0;0;0;0;0;0;0;0;0;0;0;0;0;0;0;11;0;0;0;1;0;0;0;4;0;0;0;0;0;0;0;0;2;0;0;0;0;0;1;0;0;6;0;1;0;0;0;0;0;0;0;0;0;0;0;0;1;0;0;0;0;0;0;0;0;0;0;9;1;9;26;13;1;2;28;0;2;2;0;0;0;0;0;0;1;0;0;0;0;0;0;1;0;0;3;0;0;0;0;0;0;0;0;0;0;0;1;1;0;0;0;0;2;1;0;0;1;0;1;3;1;1;1;1;0;1;1;0;0;2;0;0;0;1;0;0;1;0;0;0;0;0;0;0;1;2;1;0;0;0;0;0;0;0;0;0;0;1;1;0;0;0;0;0;0;0;0;0;0;0;0
3;"Szkoła Podstawowa w Nowym Kobrzyńcu, Nowy Kobrzyniec 1, 87-515 Rogowo";41203;"gm. Rogowo";"rypiński";"kujawsko-pomorskie";1;1;2;0;1;1;0;0;0;0;0;0;0;1;0;0;0;0;0;0;1;0;0;0;0;0;0;62;2;2;0;1;4;1;0;0;0;0;3;1;0;0;0;0;1;0;0;0;0;0;0;0;2;4;0;0;0;0;0;0;0;0;0;0;0;26;1;0;0;0;1;0;0;0;0;0;0;0;0;22;10;12;22;22;1;6;33;1;1;1;3;0;1;0;0;0;2;0;0;0;0;0;0;0;0;8;2;0;1;1;1;2;1;0;0;0;0;0;2;1;0;0;0;0;0;0;0;0;0;0;1;21;3;0;2;0;0;0;1;0;0;1;0;0;0;1;0;5;0;0;5;0;0;0;0;0;0;1;4;0;0;0;0;1;0;0;1;0;0;0;0;0;0;0;0;0;0;0;0;0;0;0;0
4;"Świetlica Wiejska w Pręczkach, Pręczki 8, 87-515 Rogowo";41203;"gm. Rogowo";"rypiński";"kujawsko-pomorskie";1;1;0;0;0;0;0;0;0;0;0;0;0;0;0;0;0;0;0;0;0;0;0;0;0;0;0;18;2;0;0;1;0;0;0;0;0;0;0;3;0;0;0;0;0;0;0;0;0;0;0;0;0;0;2;0;0;0;0;0;0;0;1;0;1;0;1;0;0;0;0;0;0;0;0;0;0;0;0;11;1;5;9;4;0;3;15;1;3;0;0;1;0;0;0;1;0;0;0;0;0;0;0;0;0;5;1;0;1;0;2;0;0;1;0;0;0;0;1;0;0;0;0;0;0;1;1;0;0;0;1;11;3;0;0;0;0;0;1;0;0;0;1;0;0;0;0;0;1;0;4;0;0;0;0;0;1;0;0;0;0;0;0;0;0;0;0;0;0;0;0;0;0;0;0;0;0;1;0;0;0;0;0
5;"Szkoła Podstawowa w Sosnowie, Sosnowo 33, 87-515 Rogowo";41203;"gm. Rogowo";"rypiński";"kujawsko-pomorskie";1;1;1;0;0;1;0;0;0;1;0;0;2;0;1;0;0;0;0;0;0;0;0;0;0;0;0;67;4;0;0;1;1;0;0;7;0;1;3;0;0;0;0;1;0;0;0;0;0;1;0;0;2;13;2;0;0;1;0;0;0;1;0;2;1;1;0;0;0;1;2;0;0;0;0;0;0;0;0;30;26;35;85;47;0;12;32;1;2;8;0;2;0;1;1;1;0;1;2;0;1;0;0;1;3;12;6;2;2;3;5;1;3;1;0;1;0;0;0;1;1;1;4;0;2;0;0;0;1;0;2;23;6;2;0;2;7;1;0;0;2;3;0;1;1;0;0;3;1;0;5;0;0;0;0;0;0;3;2;0;0;1;0;0;1;0;0;0;0;0;0;0;0;0;0;0;0;0;0;0;0;0;0
6;"Szkoła Podstawowa w Nadrożu im. Zygmunta Padlewskiego, Nadróż 56, 87-515 Rogowo";41203;"gm. Rogowo";"rypiński";"kujawsko-pomorskie";1;1;1;3;1;0;0;0;2;2;0;0;0;0;0;1;0;0;0;0;0;0;0;0;0;0;0;36;2;2;0;1;1;2;0;5;0;0;1;1;0;0;0;0;0;1;1;0;0;0;2;0;3;15;2;0;3;1;0;0;0;0;0;0;1;8;1;0;0;0;0;0;1;1;0;0;1;0;0;6;3;11;30;23;1;5;50;0;2;0;0;1;0;0;0;0;1;0;0;0;0;0;0;0;0;6;1;1;1;1;4;1;0;1;1;0;0;0;1;1;0;0;0;0;0;0;0;0;0;0;4;29;7;2;1;4;2;1;0;0;1;0;0;0;0;0;0;3;0;0;12;0;0;1;0;1;0;0;0;0;0;0;1;0;0;0;0;0;0;0;0;0;0;0;0;0;0;0;0;0;0;0;1
7;"Świetlica Wiejska w Rojewie, Rojewo 43, 87-515 Rogowo";41203;"gm. Rogowo";"rypiński";"kujawsko-pomorskie";1;1;0;0;0;0;0;0;0;0;0;0;0;0;0;0;0;0;0;0;0;0;0;0;0;0;0;14;0;1;4;0;1;0;1;0;0;0;0;0;0;0;0;1;0;0;0;0;0;0;0;1;0;3;2;0;0;0;1;0;0;0;0;0;0;6;0;0;0;0;0;0;0;0;1;0;0;0;0;17;2;10;15;16;1;4;20;0;0;2;0;0;0;2;0;0;1;0;0;0;0;0;0;0;0;1;2;0;1;0;1;0;0;0;0;0;0;0;0;0;0;0;0;0;0;0;0;0;0;0;0;11;0;1;0;2;1;0;0;0;0;2;0;0;0;0;0;0;1;1;1;0;0;0;1;0;0;0;0;0;0;0;0;0;0;0;0;0;0;0;0;0;0;0;0;0;0;0;0;0;0;0;0
8;"Świetlica Wiejska w Lasotach, Lasoty 52, 87-515 Rogowo";41203;"gm. Rogowo";"rypiński";"kujawsko-pomorskie";1;1;0;0;0;0;0;0;0;0;0;0;0;0;0;0;0;0;0;0;0;0;0;0;0;0;0;9;0;0;0;0;1;0;0;3;0;1;0;0;0;0;0;0;0;0;0;0;0;0;0;0;0;3;0;1;0;0;0;0;0;0;0;0;0;1;0;0;0;0;0;0;0;0;0;0;0;0;0;3;7;2;19;8;0;1;12;0;1;1;0;0;0;0;0;0;2;0;0;0;1;0;0;0;0;2;0;2;0;0;4;0;0;0;0;0;0;0;0;0;0;0;0;0;0;0;0;0;0;0;1;8;2;0;0;0;0;0;0;0;1;0;0;0;0;0;0;3;0;0;7;0;0;0;0;0;1;4;1;1;0;0;0;0;0;0;0;0;0;0;0;0;0;0;0;0;0;0;0;0;0;0;0
1;"Szkoła Podstawowa w Starorypinie Rządowym, Starorypin Rządowy 13, 87-500 Rypin";41204;"gm. Rypin";"rypiński";"kujawsko-pomorskie";1;1;1;1;0;0;0;0;0;0;1;0;0;0;1;0;0;0;0;0;0;0;0;0;0;0;0;63;5;3;3;0;3;1;0;5;0;0;1;0;0;2;0;0;0;0;0;0;0;0;0;0;1;14;3;2;1;1;0;0;1;0;0;0;0;1;1;0;0;0;0;0;1;0;0;0;0;0;0;22;7;13;26;20;5;33;36;3;3;3;0;0;0;2;0;1;4;0;1;0;0;0;0;0;1;11;1;2;3;2;6;0;1;0;2;0;0;0;0;0;0;0;1;0;0;0;1;0;0;0;2;25;16;0;0;2;5;1;0;0;0;2;0;0;0;1;1;8;0;1;12;1;0;0;0;0;3;0;1;0;1;0;0;0;0;0;0;0;0;0;0;0;0;0;0;0;0;0;0;0;0;0;0
2;"Urząd Gminy Rypin, ul. Lipnowska 4, 87-500 Rypin";41204;"gm. Rypin";"rypiński";"kujawsko-pomorskie";1;1;2;0;0;0;0;0;0;0;0;0;0;0;0;0;0;0;0;0;0;0;0;0;0;0;1;45;5;4;1;0;1;0;0;4;1;0;0;1;1;0;1;0;0;0;0;0;0;0;1;1;1;23;5;0;0;1;1;0;0;0;2;0;0;0;0;0;0;0;0;0;0;0;0;0;1;0;0;15;16;22;13;26;0;26;12;3;1;0;0;3;0;3;0;0;1;0;0;0;0;0;1;0;0;6;2;0;1;2;9;0;1;0;0;0;1;0;1;3;1;0;0;0;0;0;0;0;1;0;2;35;5;5;0;2;5;2;0;0;0;0;0;0;0;0;0;7;0;0;15;0;0;1;0;0;0;5;3;0;0;0;1;0;0;0;0;0;0;0;0;0;0;1;0;0;0;4;0;0;0;0;0
3;"Szkoła Podstawowa w Zakroczu, Zakrocz 45, 87-500 Rypin";41204;"gm. Rypin";"rypiński";"kujawsko-pomorskie";1;1;1;0;0;0;1;0;0;1;0;0;1;0;0;0;0;0;0;1;0;0;0;0;0;0;0;45;6;0;3;0;0;1;0;7;1;0;0;0;1;0;0;0;0;0;0;0;0;0;0;0;3;15;1;0;2;0;0;0;0;0;0;0;0;0;0;1;0;0;0;0;0;0;1;0;0;0;0;28;5;15;29;27;2;21;7;0;3;0;0;0;0;1;0;0;1;0;0;1;0;0;0;1;0;7;0;0;0;3;9;0;1;1;0;1;0;0;2;1;1;0;0;2;0;0;0;0;0;0;0;14;4;1;0;1;4;2;0;1;1;0;0;0;0;3;0;4;0;0;8;0;0;0;0;0;1;2;1;0;0;0;0;0;0;0;0;0;0;0;0;0;0;0;0;0;0;4;0;0;0;0;0
4;"Szkoła Podstawowa w Sadłowie, Sadłowo 23, 87-500 Rypin";41204;"gm. Rypin";"rypiński";"kujawsko-pomorskie";1;1;4;0;0;0;2;0;0;1;0;0;0;0;2;0;0;0;1;0;0;0;0;0;1;1;0;114;0;0;0;0;0;2;0;3;0;0;2;0;0;0;0;0;1;0;0;0;0;0;0;0;1;19;1;1;0;2;0;0;1;0;1;0;1;0;1;0;1;0;1;0;0;0;0;1;0;0;0;29;7;32;29;35;1;18;24;0;4;3;0;1;0;1;0;0;2;0;0;1;0;1;0;1;1;12;6;2;2;2;8;1;1;1;0;0;1;0;1;1;0;0;3;0;2;0;0;0;2;0;2;18;9;5;0;2;10;2;1;0;0;0;0;0;0;0;1;7;0;1;3;0;1;0;0;0;0;1;6;0;0;0;1;0;0;0;0;0;2;2;0;0;0;0;0;0;0;0;0;0;0;0;0
5;"Szkoła Podstawowa w Stępowie, Stępowo 86, 87-500 Rypin";41204;"gm. Rypin";"rypiński";"kujawsko-pomorskie";1;1;2;0;0;0;0;0;0;0;0;0;1;0;0;0;0;0;0;0;0;0;1;0;0;0;0;65;3;1;4;1;0;0;1;2;0;0;0;0;0;1;0;1;0;0;0;0;0;0;0;1;0;5;0;0;0;3;0;0;0;1;0;0;1;0;0;1;0;0;0;0;0;0;0;0;0;0;0;10;8;10;25;12;1;4;7;0;1;2;0;0;1;3;0;0;0;0;0;0;0;0;0;0;0;14;2;2;1;1;4;0;0;0;0;1;0;0;0;0;0;0;0;0;1;0;0;0;0;0;2;13;2;0;0;0;10;2;3;1;0;2;1;0;0;0;0;7;0;0;5;0;0;0;0;0;2;1;0;0;0;0;0;0;0;0;0;0;0;0;1;0;1;0;0;0;0;0;0;0;0;0;0
6;"Szkoła Podstawowa w Borzyminie, Borzymin 5, 87-500 Rypin";41204;"gm. Rypin";"rypiński";"kujawsko-pomorskie";1;1;1;1;1;0;0;0;0;0;1;1;1;2;1;0;0;0;0;0;0;0;0;0;0;0;1;52;6;1;1;1;2;0;0;9;1;0;3;0;1;2;0;0;0;0;0;0;1;1;1;0;0;14;4;0;0;0;0;0;0;1;0;2;1;0;0;0;0;1;0;0;0;0;0;0;0;0;1;14;5;19;39;42;3;15;10;2;1;0;0;1;0;2;0;1;2;0;1;0;0;0;0;0;0;11;3;1;1;0;8;2;2;1;0;0;0;0;1;1;0;0;0;0;0;0;0;0;0;0;3;23;7;4;1;3;4;4;0;0;2;1;2;0;0;1;0;4;0;0;9;1;0;1;0;0;1;1;3;0;1;0;0;0;0;0;0;0;0;0;0;0;0;0;0;0;0;0;0;0;0;0;0
7;"Remiza OSP w Rypałkach Prywatnych, Rypałki Prywatne 34A, 87-500 Rypin";41204;"gm. Rypin";"rypiński";"kujawsko-pomorskie";1;1;0;0;0;0;0;0;0;0;0;0;0;0;0;0;0;0;0;0;0;0;0;0;0;0;0;21;1;0;1;1;0;0;0;1;0;1;0;1;0;0;0;0;0;0;0;0;0;0;0;0;2;6;0;0;0;0;0;0;0;0;0;0;0;0;0;0;0;1;0;1;0;0;0;0;0;0;1;5;3;6;9;7;1;3;28;0;0;0;0;0;1;0;0;0;0;0;0;0;0;0;0;0;0;2;0;1;0;1;0;0;0;0;0;1;0;0;0;0;0;0;1;0;1;0;0;0;0;0;0;2;1;0;0;0;1;0;0;0;0;0;0;0;0;0;0;1;0;1;4;1;0;0;0;0;1;2;3;0;0;0;0;0;0;0;0;0;0;0;0;0;0;0;0;0;0;0;0;0;0;0;0
8;"Szkoła Podstawowa w Kowalkach, Kowalki 29, 87-500 Rypin";41204;"gm. Rypin";"rypiński";"kujawsko-pomorskie";1;1;0;0;0;0;0;0;0;1;0;0;1;0;0;0;0;0;0;0;0;0;0;0;0;0;0;52;1;1;4;0;1;2;2;3;1;0;1;0;0;0;0;0;1;0;0;0;0;0;0;1;0;16;0;0;1;1;1;0;0;0;0;0;0;2;0;0;0;0;0;0;0;0;0;0;0;0;0;25;11;14;21;11;1;16;18;4;7;0;1;1;0;0;0;1;1;0;0;0;0;0;0;0;0;2;2;1;1;1;9;1;0;0;0;1;0;0;0;0;0;0;0;0;0;0;0;0;0;0;2;20;10;2;1;1;2;1;0;1;0;0;0;0;0;0;0;3;0;0;13;0;1;0;1;0;1;2;4;0;0;0;0;0;0;0;0;0;0;1;0;0;0;0;0;0;0;0;0;0;0;0;0
9;"Świetlica wiejska w Rusinowie, Rusinowo 70, 87-500 Rypin";41204;"gm. Rypin";"rypiński";"kujawsko-pomorskie";1;1;0;1;0;2;1;0;0;0;0;0;0;1;0;0;0;0;0;0;0;0;0;0;0;0;0;47;3;8;2;0;0;1;0;2;1;0;0;0;0;1;0;0;0;0;0;0;0;0;0;0;0;8;1;0;0;1;0;1;0;0;0;0;2;0;0;0;0;0;0;1;0;0;0;0;0;0;0;22;9;13;18;17;0;8;12;0;1;0;0;1;0;0;0;0;3;0;1;0;0;0;0;0;0;7;1;2;0;0;0;0;0;0;1;0;0;0;1;0;0;0;1;0;0;0;0;0;0;0;6;32;7;2;2;4;10;1;0;1;0;0;0;0;0;0;0;5;0;0;18;0;0;0;0;0;0;1;2;0;1;1;1;2;0;0;0;0;0;0;0;0;0;0;0;0;0;0;0;0;0;0;0
10;"Świetlica wiejska w Dębianach, Dębiany 16A, 87-500 Rypin";41204;"gm. Rypin";"rypiński";"kujawsko-pomorskie";1;1;1;0;0;0;0;0;0;0;0;1;0;0;0;0;0;0;0;0;0;0;0;0;0;0;0;16;1;0;0;0;0;1;0;4;0;0;0;0;0;1;0;0;0;0;0;0;0;1;0;0;0;7;0;0;0;0;0;0;0;0;0;0;0;1;1;0;0;0;0;0;0;0;0;0;1;0;0;4;2;6;17;12;0;6;2;0;0;0;0;1;0;0;1;0;1;0;0;2;0;0;0;1;0;4;1;0;0;0;0;0;1;0;0;0;0;0;0;0;1;0;0;0;1;0;0;0;0;1;0;8;3;1;0;1;4;1;0;0;0;0;0;0;0;0;0;2;0;0;2;0;0;0;0;0;1;2;0;0;0;0;0;0;0;0;1;0;0;0;0;0;0;0;0;0;0;0;0;0;0;0;0
11;"Remiza OSP w Godziszewach, Godziszewy 69, 87-500 Rypin";41204;"gm. Rypin";"rypiński";"kujawsko-pomorskie";1;1;1;0;0;0;0;0;0;0;0;0;0;0;0;0;0;0;0;0;0;0;0;0;0;0;0;38;1;3;0;2;0;0;0;1;0;0;0;0;0;0;0;0;1;0;0;0;0;0;1;0;1;5;2;0;1;0;0;0;0;0;0;0;0;2;0;0;1;0;0;1;0;0;1;0;0;1;0;3;8;13;15;22;5;13;4;0;2;0;1;0;0;0;0;0;0;0;0;0;0;1;0;0;0;5;1;2;0;3;2;0;0;2;0;0;0;0;0;2;0;0;0;0;0;0;1;0;0;0;1;15;1;3;0;0;3;0;0;1;1;0;0;0;0;0;0;4;0;0;12;0;0;0;0;0;0;1;0;0;0;0;0;0;1;0;0;0;0;0;1;0;0;0;0;0;0;1;0;0;0;0;0
12;"Świetlica wiejska w Balinie, Balin 29/1, 87-500 Rypin";41204;"gm. Rypin";"rypiński";"kujawsko-pomorskie";1;1;1;0;0;0;0;0;0;0;0;0;0;0;0;0;0;1;0;0;0;0;0;1;0;0;0;34;0;1;1;0;0;0;0;0;0;0;0;0;1;0;0;0;0;0;0;0;0;0;2;0;1;6;1;0;1;1;1;0;0;0;1;0;0;1;0;1;0;1;0;0;0;0;0;0;0;0;0;8;13;5;11;17;3;7;13;0;1;2;0;2;0;0;0;0;3;0;0;0;2;0;0;0;0;1;1;2;1;2;3;0;2;0;1;0;0;0;0;0;0;0;0;0;0;0;0;0;0;0;1;16;1;4;1;0;0;0;0;0;3;0;2;0;0;0;0;0;0;0;11;0;0;0;0;0;0;3;0;0;0;0;0;0;0;0;0;0;0;0;0;0;0;0;0;2;0;0;0;0;0;0;0
1;"Zespół Szkół w Skrwilnie, ul. Bieżuńska 16, 87-510 Skrwilno";41205;"gm. Skrwilno";"rypiński";"kujawsko-pomorskie";1;1;0;0;0;0;0;0;0;0;0;1;1;0;0;0;0;0;0;0;0;0;0;0;0;1;0;97;2;0;0;0;3;0;0;1;0;0;1;1;0;0;1;0;0;1;0;0;0;0;0;0;1;23;3;0;1;0;0;0;0;0;1;0;1;1;0;0;1;0;0;0;0;1;0;0;1;0;1;56;5;118;25;55;0;6;23;0;1;0;0;1;0;0;0;1;1;0;0;1;0;0;0;1;0;7;0;3;0;2;4;0;1;0;0;0;1;0;0;2;0;1;1;0;1;0;0;0;0;1;4;23;9;3;0;2;6;0;0;1;0;5;0;0;0;0;0;21;0;0;7;1;0;0;0;0;1;0;1;0;0;0;0;1;0;0;1;2;0;0;0;0;0;0;0;0;0;1;0;0;0;0;0
2;"Urząd Gminy w Skrwilnie, ul. Rypińska 7, 87-510 Skrwilno";41205;"gm. Skrwilno";"rypiński";"kujawsko-pomorskie";1;1;4;1;0;0;0;2;0;1;1;1;0;1;0;0;0;0;0;0;2;0;0;0;0;0;0;117;1;0;2;1;1;1;0;1;1;0;1;0;1;0;0;0;0;0;0;0;1;1;0;0;2;25;2;0;0;1;0;0;1;1;0;1;0;0;0;0;2;0;0;0;0;0;0;1;0;0;0;37;15;103;28;21;4;7;35;0;3;0;0;4;0;3;1;2;0;0;0;0;0;0;0;0;0;14;5;1;0;1;1;3;0;0;0;0;0;2;1;0;1;0;1;0;1;0;0;0;0;0;2;30;7;0;1;0;6;0;0;0;1;2;0;1;0;0;0;30;0;0;9;0;0;0;0;0;1;3;1;1;0;1;0;0;0;1;0;0;0;0;0;0;0;0;0;0;0;0;0;0;0;0;0
3;"Szkoła Podstawowa w Skudzawach, Skudzawy 27, 87-510 Skrwilno";41205;"gm. Skrwilno";"rypiński";"kujawsko-pomorskie";1;1;0;0;0;0;1;0;0;1;0;0;0;0;0;0;0;0;0;0;0;0;0;0;0;0;0;31;0;0;0;1;0;0;0;0;0;0;3;0;0;0;1;0;1;0;0;0;0;0;1;0;1;8;1;0;0;1;0;0;0;0;0;1;1;0;0;0;0;0;0;0;0;0;0;1;0;0;0;24;7;26;5;22;0;3;7;0;1;4;0;1;0;1;0;0;1;0;0;1;0;0;0;1;0;3;1;0;0;1;7;1;1;0;0;0;0;0;0;0;1;1;0;0;0;0;0;0;1;0;1;0;1;0;0;1;1;0;0;0;1;0;0;0;2;0;0;6;0;1;4;0;1;0;0;0;0;1;0;0;1;0;1;0;0;0;0;0;0;1;0;0;0;0;0;0;0;2;0;0;0;0;0
4;"Szkoła Podstawowa w Okalewie, Okalewo 62, 87-510 Skrwilno";41205;"gm. Skrwilno";"rypiński";"kujawsko-pomorskie";1;1;2;0;0;0;1;0;0;0;0;0;1;0;0;0;0;0;0;0;0;0;0;0;0;0;1;74;3;0;2;0;0;0;0;2;0;0;0;1;1;1;0;0;0;1;0;0;0;0;0;0;0;14;1;0;0;0;2;0;0;0;0;0;0;0;0;0;0;0;0;0;0;0;0;0;0;0;0;50;9;64;24;34;4;15;25;1;2;0;0;1;0;0;0;0;0;0;0;0;0;0;0;0;0;15;3;1;0;1;7;0;0;0;1;0;0;0;0;1;1;0;0;0;0;0;0;0;0;0;4;12;1;0;0;1;2;1;0;3;1;0;1;1;0;0;0;62;0;0;1;0;0;1;0;0;2;12;3;0;0;0;0;0;1;1;0;0;0;1;1;0;0;0;0;0;0;4;0;0;0;0;0
5;"Świetlica wiejska w Przywitowie, Przywitowo 22, 87-510 Skrwilno";41205;"gm. Skrwilno";"rypiński";"kujawsko-pomorskie";1;1;0;0;0;1;0;0;0;0;0;0;0;0;0;0;0;0;0;0;0;0;0;0;0;0;0;19;0;0;4;1;0;1;0;1;0;0;0;0;0;0;0;0;0;0;0;0;0;0;0;0;0;1;0;0;1;0;0;0;0;0;0;0;1;0;0;0;1;1;0;0;0;0;0;0;0;0;0;29;7;21;15;18;0;13;8;0;0;1;1;2;0;1;1;0;0;0;0;0;0;0;0;0;0;8;1;0;0;1;0;0;0;0;0;0;0;0;2;2;1;0;0;0;1;0;0;0;0;0;4;3;1;0;0;1;2;0;0;0;0;0;0;1;0;0;0;5;0;0;3;0;0;0;0;0;2;0;1;0;0;0;0;0;0;0;0;0;0;0;0;0;0;0;0;0;0;0;0;0;0;0;0
6;"Zespół Szkół w Skrwilnie, ul. Bieżuńska 16, 87-510 Skrwilno";41205;"gm. Skrwilno";"rypiński";"kujawsko-pomorskie";1;1;0;0;0;0;1;0;0;0;0;0;0;0;0;0;0;0;0;0;0;0;0;0;0;0;0;79;5;3;5;1;1;0;0;2;0;0;1;1;0;0;0;0;0;0;0;0;0;0;0;0;1;7;2;0;0;1;3;0;0;0;1;0;1;2;1;0;0;0;1;0;0;0;0;0;2;0;1;46;5;123;32;50;2;13;27;1;3;2;0;2;0;1;0;0;0;0;1;0;0;0;0;0;0;9;5;2;1;0;5;2;2;1;0;1;2;1;0;2;1;0;0;0;1;0;0;0;0;0;3;7;4;2;0;2;4;1;0;0;0;0;0;4;0;0;0;16;0;0;9;0;0;0;0;0;2;4;3;0;0;1;1;0;1;0;0;4;0;0;0;0;0;0;0;0;0;0;0;0;0;0;0
7;"Remiza OSP w Urszulewie, Urszulewo 18b, 87-510 Skrwilno";41205;"gm. Skrwilno";"rypiński";"kujawsko-pomorskie";1;1;1;0;0;0;0;0;0;0;0;0;0;0;0;0;0;0;0;0;0;0;0;0;0;0;0;17;0;1;2;0;0;0;0;0;0;0;0;0;0;0;0;0;0;0;0;0;0;0;0;0;1;6;1;0;0;0;0;1;0;0;0;0;0;0;0;0;1;0;0;0;0;0;0;0;0;0;0;17;5;11;5;7;0;8;0;0;3;1;0;0;0;1;1;0;1;0;0;0;0;0;0;0;0;3;0;0;0;1;0;0;0;0;0;0;0;0;1;0;0;0;0;0;0;0;0;0;0;0;0;4;3;1;1;0;0;1;0;0;0;0;0;0;0;2;0;1;0;0;0;0;0;0;0;0;0;0;2;0;0;0;0;0;0;0;0;0;0;1;0;0;0;0;0;0;0;1;0;0;0;0;0
8;"Remiza OSP w Kotowach, Kotowy 82, 87-510 Skrwilno";41205;"gm. Skrwilno";"rypiński";"kujawsko-pomorskie";1;1;1;0;0;0;0;0;0;0;0;0;0;0;0;0;0;0;0;0;0;0;0;0;0;0;0;42;1;0;0;0;0;0;0;0;0;0;0;0;0;0;0;0;0;0;0;0;0;0;0;0;0;6;1;0;1;0;2;0;0;0;0;0;0;0;2;0;0;2;0;0;0;0;0;0;0;0;0;18;3;9;3;16;0;4;5;0;1;0;0;0;0;1;0;0;0;1;0;0;0;0;0;0;0;2;0;1;1;0;0;0;2;0;0;0;1;0;0;0;0;0;0;0;0;0;0;0;0;0;0;0;3;5;0;0;1;0;0;0;0;0;0;0;0;0;0;4;0;0;5;0;0;0;0;0;4;0;0;0;0;0;0;0;0;0;0;0;0;0;0;0;0;0;0;0;0;0;1;0;0;0;0
1;"Szkoła Podstawowa w Radzikach Dużych, Radziki Duże 9B, 87-337 Wąpielsk";41206;"gm. Wąpielsk";"rypiński";"kujawsko-pomorskie";1;1;2;0;1;1;1;1;0;0;0;0;0;0;0;1;0;0;0;0;1;0;0;1;0;0;0;39;1;1;2;0;0;0;1;0;0;0;1;0;2;1;0;0;0;0;0;0;0;2;1;0;0;19;2;0;1;1;1;0;0;0;0;0;1;0;2;0;0;2;2;0;0;0;0;0;0;0;0;33;15;7;31;39;1;8;30;0;4;1;0;1;0;3;1;0;1;0;0;1;0;0;0;0;0;12;1;2;4;0;5;0;2;0;0;0;1;0;1;1;0;0;1;1;1;0;0;0;1;0;2;23;5;4;0;1;30;0;0;2;0;0;1;1;0;1;0;4;0;1;0;0;0;0;0;0;1;1;10;0;0;0;0;0;0;0;1;0;0;0;0;0;0;0;0;0;0;0;0;0;0;0;0
2;"Szkoła Podstawowa w Radzikach Dużych, Radziki Duże 9B, 87-337 Wąpielsk";41206;"gm. Wąpielsk";"rypiński";"kujawsko-pomorskie";1;1;1;1;0;0;0;0;0;0;0;0;0;0;1;0;0;0;0;0;0;0;0;1;0;0;0;25;1;1;1;0;3;0;0;0;0;0;0;0;0;1;0;0;1;0;0;0;0;1;0;0;1;10;1;0;1;0;0;0;0;0;0;0;0;0;1;0;0;0;0;0;0;0;0;0;0;0;2;17;6;4;8;24;2;5;12;0;1;0;1;1;0;0;1;0;2;0;0;0;1;0;1;0;0;7;1;1;0;0;0;0;0;0;2;0;0;1;2;1;0;0;1;0;0;0;0;0;0;0;0;4;2;0;0;0;11;2;1;0;1;0;0;0;1;0;1;3;0;0;2;0;0;0;0;0;0;0;2;0;0;0;0;0;1;0;0;0;0;0;0;0;0;0;0;0;0;0;0;0;0;0;0
3;"Szkoła Podstawowa w Wąpielsku, Wąpielsk 114, 87-337 Wąpielsk";41206;"gm. Wąpielsk";"rypiński";"kujawsko-pomorskie";1;1;0;0;6;0;0;0;0;0;0;0;0;0;0;0;0;0;0;0;0;0;0;0;0;0;0;36;5;1;2;1;2;0;1;0;1;0;1;0;1;2;0;0;0;0;0;0;0;1;0;0;1;20;2;0;0;1;0;0;1;0;0;0;0;1;0;0;1;1;0;0;0;0;0;0;1;0;0;18;27;9;33;45;0;13;23;0;1;2;0;1;0;0;0;0;0;0;0;1;0;0;3;0;0;6;2;0;0;0;1;1;0;0;0;0;0;2;0;0;0;0;0;0;0;0;0;0;0;0;1;21;6;1;1;0;17;1;1;0;1;1;0;0;1;0;0;5;0;2;8;0;0;0;0;0;1;0;4;0;0;0;0;0;0;0;0;0;0;0;0;0;0;0;0;0;0;0;0;0;0;0;0
4;"Szkoła Podstawowa w Wąpielsku, Wąpielsk 114, 87-337 Wąpielsk";41206;"gm. Wąpielsk";"rypiński";"kujawsko-pomorskie";1;1;1;0;1;1;1;0;0;0;0;0;0;0;0;2;0;0;0;0;0;0;0;0;0;0;0;42;8;3;3;0;2;1;0;0;0;1;0;0;0;0;0;0;0;0;0;0;0;0;0;0;2;16;5;0;0;0;0;1;0;0;3;3;0;0;0;0;0;0;1;0;0;0;0;0;0;0;0;13;33;11;40;38;3;3;27;1;1;4;1;1;0;3;0;1;1;0;1;0;0;1;0;0;0;8;0;2;0;0;2;0;0;1;4;0;0;0;0;2;0;0;0;0;1;0;0;0;0;0;1;7;2;3;0;2;6;1;2;0;1;1;0;0;0;0;0;0;0;0;6;0;0;0;0;0;2;2;4;0;0;1;0;0;0;0;0;0;0;1;0;0;0;0;0;0;0;0;0;0;0;0;0
5;"Świetlica Wiejska w Półwiesku Małym, Półwiesk Mały 32A, 87-337 Wąpielsk";41206;"gm. Wąpielsk";"rypiński";"kujawsko-pomorskie";1;1;1;1;0;0;0;0;0;1;0;0;1;0;0;0;0;0;0;0;1;0;0;0;0;0;0;11;6;1;1;0;2;2;1;1;0;1;1;1;0;1;1;0;0;0;0;1;0;0;1;1;0;6;1;1;0;1;2;0;0;0;0;0;2;0;2;0;1;1;0;0;0;0;0;1;0;0;1;18;13;3;23;21;1;3;25;0;4;0;0;0;0;5;0;0;0;0;0;0;0;0;0;0;0;4;1;1;1;0;0;0;1;0;1;0;0;0;0;0;0;0;0;0;0;0;0;0;0;0;0;11;0;2;0;0;8;0;0;0;6;0;0;0;0;2;0;0;0;0;1;0;0;0;0;0;0;3;1;0;0;0;0;0;0;0;0;0;0;0;0;0;0;0;0;0;0;0;0;0;0;0;0
6;"Szkoła Podstawowa w Długiem, Długie 70, 87-337 Wąpielsk";41206;"gm. Wąpielsk";"rypiński";"kujawsko-pomorskie";1;1;0;0;3;0;1;0;0;0;0;0;0;0;0;0;0;1;0;0;0;0;0;1;0;0;0;49;12;0;2;1;2;1;1;1;0;0;1;0;0;0;0;0;2;0;0;0;0;0;1;0;0;16;0;0;0;3;0;1;2;0;1;0;0;1;0;0;0;0;0;0;0;0;0;1;0;0;0;15;22;10;36;41;0;11;13;0;2;0;2;0;1;2;0;1;2;0;0;1;0;1;0;0;1;7;0;2;0;0;6;0;1;0;0;0;1;1;0;3;0;1;0;0;0;0;0;0;0;1;2;13;2;1;0;3;15;0;0;0;2;0;0;0;0;1;0;2;0;1;13;0;0;0;0;0;0;0;3;0;3;0;1;0;0;0;0;0;0;0;0;0;0;0;0;0;0;0;0;0;0;0;0
1;"Pomieszczenia Urzędu Miasta, ul. Tumska 12, 87-140 Chełmża";41501;"m. Chełmża";"toruński";"kujawsko-pomorskie";1;1;0;3;0;0;1;1;0;0;0;1;1;0;0;0;0;0;0;1;0;0;0;0;0;0;3;38;9;11;5;0;1;3;1;1;2;1;9;1;0;0;1;0;1;16;1;1;0;1;2;3;4;60;3;0;2;4;3;19;0;0;1;0;4;0;2;0;0;0;1;0;0;0;0;0;0;0;1;62;2;24;1;14;6;3;258;1;3;7;1;1;1;1;1;1;3;0;0;0;2;0;0;0;0;26;4;7;5;4;0;1;3;5;0;0;0;1;1;0;0;0;0;0;0;0;1;2;1;0;0;273;43;3;3;15;6;4;0;3;5;3;0;6;0;1;1;2;1;2;0;0;0;0;0;0;13;1;0;3;0;1;0;0;0;0;0;0;0;1;1;1;0;0;0;0;0;0;0;0;0;0;0
2;"Hala Sportowo-Widowiskowa, ul. gen. Józefa Hallera 17a, 87-140 Chełmża";41501;"m. Chełmża";"toruński";"kujawsko-pomorskie";1;1;1;2;1;0;0;2;1;0;1;0;0;0;0;0;0;0;0;0;0;0;0;0;0;0;0;23;21;6;12;2;4;4;2;1;2;0;2;0;2;5;2;1;0;28;0;0;1;1;0;0;1;45;5;2;0;2;0;29;0;0;0;0;2;4;0;0;0;0;0;0;0;0;0;0;2;0;3;33;3;23;2;4;2;0;165;1;0;2;1;1;0;0;0;0;1;1;0;0;2;0;0;2;1;16;7;0;8;2;1;1;1;1;1;0;0;0;0;0;0;0;0;0;1;0;0;0;1;1;0;164;20;4;1;10;6;6;2;0;2;1;1;0;0;2;0;4;4;0;0;0;1;1;1;0;10;3;0;0;1;0;0;0;0;0;0;0;0;0;0;0;0;0;0;0;0;0;0;0;0;0;0
3;"Szkoła Podstawowa Nr 3, ul. ks. Piotra Skargi 1, 87-140 Chełmża";41501;"m. Chełmża";"toruński";"kujawsko-pomorskie";1;1;3;2;0;2;3;0;0;1;3;1;0;1;0;0;0;1;0;0;0;0;0;0;0;0;1;17;18;7;16;2;3;1;2;0;0;1;1;0;1;2;0;0;0;7;0;0;0;0;1;0;0;54;6;1;1;3;0;35;2;0;1;0;0;1;0;0;1;0;2;0;0;0;1;1;0;0;0;48;6;18;3;16;7;2;224;0;2;1;0;0;0;0;0;1;2;1;0;0;3;0;0;0;1;27;1;6;3;1;3;2;1;1;2;1;1;1;1;0;1;0;0;0;0;0;0;0;0;0;2;183;43;3;0;17;4;0;0;0;3;1;0;3;0;1;0;2;0;3;0;3;0;0;0;0;3;2;2;0;1;0;1;0;1;0;0;0;1;0;0;0;0;1;0;0;0;0;0;0;0;0;0
4;"Zakład Gospodarki Komunalnej Sp. z o. o., ul. Toruńska 1, 87-140 Chełmża";41501;"m. Chełmża";"toruński";"kujawsko-pomorskie";1;1;8;4;0;1;1;0;0;2;3;1;3;1;1;1;0;0;0;0;1;0;0;0;1;0;0;34;26;10;36;0;5;1;2;1;0;0;4;1;0;1;1;0;5;21;0;0;2;1;1;0;1;89;4;1;4;0;1;34;1;0;0;1;1;2;1;1;2;0;0;1;0;0;0;1;0;1;4;64;15;29;2;35;3;4;275;0;2;2;0;0;0;0;1;0;2;0;0;0;2;1;0;1;2;48;9;4;2;6;0;1;3;0;0;0;0;0;0;0;2;0;0;0;0;1;0;2;0;3;0;312;50;4;0;28;7;9;3;1;12;0;0;13;4;1;1;2;0;0;2;0;0;0;1;0;9;7;1;0;0;1;0;0;0;1;1;0;0;2;0;1;1;0;0;0;0;0;0;2;1;0;0
5;"Szkoła Podstawowa Nr 5, ul. Stefana Kardynała Wyszyńskiego 5, 87-140 Chełmża";41501;"m. Chełmża";"toruński";"kujawsko-pomorskie";1;1;1;0;0;1;0;0;0;0;0;0;1;1;2;0;0;0;0;0;0;0;0;0;0;0;0;27;18;3;12;0;2;2;0;1;2;1;1;0;0;0;2;0;0;6;0;0;0;0;0;0;1;34;1;3;1;0;0;9;0;2;1;0;2;0;2;0;1;1;0;0;0;0;0;0;0;0;0;22;8;8;1;5;3;1;84;0;2;0;0;0;0;0;0;1;1;0;0;0;1;0;0;1;0;17;2;1;4;1;0;1;3;0;0;0;0;1;0;0;0;1;0;0;0;0;0;0;0;0;0;144;24;2;2;10;8;4;1;0;1;1;1;3;0;1;0;0;0;1;0;0;0;0;0;2;2;5;0;0;2;0;0;0;0;0;0;1;0;1;3;1;0;0;0;0;0;0;0;0;0;0;0
6;"Zespół Szkół im. Unii Europejskiej, ul. Stefana Kardynała Wyszyńskiego 7, 87-140 Chełmża";41501;"m. Chełmża";"toruński";"kujawsko-pomorskie";1;1;3;0;2;1;1;0;0;0;1;0;2;0;0;0;0;0;0;1;0;0;0;0;1;0;0;35;25;4;26;2;5;3;3;1;1;0;1;0;0;1;1;0;9;0;0;0;0;0;2;0;1;60;0;1;3;0;1;15;1;1;1;0;0;2;1;0;2;0;0;1;0;0;0;0;1;0;0;57;14;32;3;21;6;3;221;0;1;1;0;0;0;1;1;1;0;0;0;0;0;0;0;0;0;23;7;2;2;2;1;2;2;3;0;2;0;1;1;0;1;0;0;0;0;1;0;0;0;0;0;200;30;4;2;15;7;9;3;1;0;0;1;5;0;1;0;3;0;0;0;0;0;1;0;0;3;3;1;0;0;0;1;0;0;1;0;0;0;1;0;0;0;0;0;0;0;0;0;0;1;0;0
7;"Przystań Chełmżyńskiego Towarzystwa Wioślarskiego 1927, ul. 3-go Maja 14, 87-140 Chełmża";41501;"m. Chełmża";"toruński";"kujawsko-pomorskie";1;1;7;2;2;0;0;0;0;1;2;0;0;0;0;0;0;0;0;0;0;0;0;0;0;0;0;44;36;9;30;1;7;2;3;1;0;1;2;0;0;2;0;0;2;22;0;0;0;1;0;0;2;55;6;1;0;3;0;18;1;0;0;0;0;0;1;0;1;0;0;0;0;0;1;1;0;0;1;59;6;26;2;26;2;1;206;1;0;3;0;0;0;0;0;0;3;0;0;0;1;0;1;0;2;21;4;0;7;3;2;3;2;1;0;1;0;0;0;0;0;0;0;1;0;0;0;1;0;0;0;269;46;0;0;16;5;2;5;3;8;2;0;4;0;4;0;0;2;2;0;0;1;2;0;1;14;3;0;0;4;0;0;3;0;0;0;0;0;2;0;1;0;0;0;0;0;1;0;2;0;0;0
8;"Szpital Powiatowy Sp. z o. o., ul. Szewska 23, 87-140 Chełmża";41501;"m. Chełmża";"toruński";"kujawsko-pomorskie";1;1;0;0;0;0;0;0;0;0;0;0;0;0;0;0;0;0;0;0;0;0;0;0;0;0;0;0;0;0;0;0;0;0;0;0;0;1;0;0;0;0;0;0;0;0;0;0;0;0;0;0;0;1;0;0;0;0;0;0;0;0;0;0;0;0;0;0;0;0;1;0;0;0;0;0;0;0;0;1;1;1;0;4;0;0;3;0;0;0;0;0;0;0;0;0;0;0;0;0;0;0;0;0;0;0;0;0;0;0;0;0;0;0;0;0;0;0;0;0;0;0;0;0;0;0;0;0;0;0;1;3;1;0;0;0;0;0;0;0;0;0;0;0;0;0;0;0;0;0;0;0;0;0;0;0;0;0;0;0;0;0;0;0;0;0;0;0;0;0;0;0;0;0;0;0;0;0;0;0;0;0;0
1;"Szkoła Podstawowa w Kończewicach-budynek w Głuchowie, Głuchowo 3A, 87-140 Chełmża";41502;"gm. Chełmża";"toruński";"kujawsko-pomorskie";1;1;0;0;0;0;0;0;0;0;0;0;1;0;0;0;0;0;0;0;0;0;0;0;0;0;0;11;4;4;7;0;3;3;1;0;0;0;0;0;0;1;0;1;0;0;0;0;0;0;0;0;0;12;2;1;0;1;0;1;0;0;0;0;0;0;1;0;0;0;0;0;0;0;0;0;0;0;0;18;6;7;3;13;1;2;49;1;1;1;0;0;0;0;0;1;0;1;0;0;0;0;0;0;0;5;6;1;0;0;1;0;0;1;0;1;0;3;0;0;1;0;0;0;0;0;0;0;0;0;0;41;7;1;2;1;1;1;0;1;1;0;0;1;0;0;0;0;0;2;0;0;0;0;0;0;1;0;0;0;0;0;0;0;0;0;0;0;0;0;0;1;0;0;0;0;0;1;0;0;0;0;1
2;"Szkoła Podstawowa, Kończewice 12A, 87-140 Chełmża";41502;"gm. Chełmża";"toruński";"kujawsko-pomorskie";1;1;0;0;1;0;0;1;0;0;0;0;0;0;0;0;0;0;0;0;0;0;0;0;0;0;1;20;11;3;14;0;4;1;3;1;2;0;2;0;0;0;0;0;0;7;0;0;1;0;1;0;0;27;5;1;1;1;0;2;2;0;6;0;1;0;1;0;0;0;0;0;0;0;0;0;0;0;1;12;4;14;4;17;4;1;93;1;1;0;0;1;0;0;0;3;0;0;1;0;1;0;0;0;1;15;1;3;0;0;0;0;2;0;0;0;0;1;0;0;1;0;0;0;0;0;0;0;0;0;0;47;1;1;0;8;2;3;0;0;4;0;1;1;3;0;0;0;0;1;0;0;0;0;0;1;1;2;0;0;2;1;0;0;1;0;0;0;0;1;0;0;0;0;0;0;0;0;0;0;0;0;0
3;"Szkoła Podstawowa, Grzywna 110A, 87-140 Chełmża";41502;"gm. Chełmża";"toruński";"kujawsko-pomorskie";1;1;2;2;1;1;2;0;1;0;0;1;1;1;1;1;1;0;0;0;0;0;0;0;0;0;0;26;16;5;24;3;7;0;3;0;2;1;5;0;0;2;0;1;0;4;0;0;1;2;3;2;2;38;3;2;0;1;1;5;0;1;2;1;0;0;2;0;2;0;1;1;0;0;1;0;2;0;0;32;10;31;0;48;6;4;88;1;7;1;0;0;0;0;1;0;1;0;0;0;0;0;0;0;1;21;6;5;5;4;2;0;1;2;0;0;1;0;0;0;1;1;0;0;0;0;0;0;0;0;1;119;18;5;6;15;10;5;0;1;7;2;0;1;0;1;1;1;1;0;0;1;0;1;0;1;3;1;1;0;0;1;0;0;0;0;0;0;0;0;0;2;0;0;0;0;0;1;0;0;0;0;0
4;"Warsztaty Terapii Zajęciowej, Sławkowo 4, 87-140 Chełmża";41502;"gm. Chełmża";"toruński";"kujawsko-pomorskie";1;1;1;0;0;1;1;0;0;1;0;1;0;0;0;0;0;0;0;0;0;0;0;0;0;0;0;14;18;2;26;0;0;0;0;0;0;0;1;0;1;0;0;1;2;0;0;0;0;1;0;2;0;19;3;1;2;1;0;0;0;0;0;1;0;0;1;0;0;0;0;0;0;2;1;0;2;0;0;33;3;9;12;34;3;5;72;0;1;0;0;1;0;1;0;1;0;0;0;1;0;0;0;0;3;13;3;1;4;1;0;1;3;0;1;1;0;0;0;2;1;0;1;1;0;0;0;1;0;0;0;31;3;0;1;6;0;1;1;0;4;1;0;0;1;1;0;0;0;0;0;0;0;0;0;0;3;0;0;0;0;1;0;0;0;0;0;0;0;0;0;0;0;0;0;0;0;0;0;0;0;0;0
5;"Szkoła Podstawowa w Zelgnie-budynek w Pluskowęsach, Pluskowęsy 71A, 87-140 Chełmża";41502;"gm. Chełmża";"toruński";"kujawsko-pomorskie";1;1;1;0;0;0;0;0;0;0;3;0;0;0;0;0;0;0;0;0;0;0;0;0;0;0;0;16;10;1;9;3;4;0;0;0;0;1;0;0;1;0;0;0;0;0;0;0;0;0;0;0;2;20;5;0;0;0;0;1;0;2;0;0;1;0;0;0;0;0;1;0;0;0;0;0;0;0;0;12;3;8;4;16;2;0;51;0;0;0;0;2;0;0;1;0;1;0;0;0;0;0;0;0;1;3;0;0;2;4;0;0;1;0;1;0;1;0;0;1;1;0;2;1;1;1;0;0;0;0;0;55;7;1;0;3;2;3;0;1;4;1;0;2;2;0;0;0;0;1;0;0;0;0;0;0;2;0;0;0;0;0;0;0;0;0;0;0;0;0;0;0;0;0;0;0;0;0;0;0;0;0;0
6;"Szkoła Podstawowa, Zelgno 12, 87-140 Chełmża";41502;"gm. Chełmża";"toruński";"kujawsko-pomorskie";1;1;0;1;1;2;0;0;1;0;0;0;0;0;0;0;0;0;0;0;0;0;0;0;0;0;0;35;28;7;16;1;4;1;0;0;0;1;3;0;0;0;0;1;1;3;0;0;0;2;1;0;0;34;11;0;1;2;1;4;1;1;1;0;2;0;3;0;0;1;1;0;0;0;0;3;0;0;2;57;3;43;11;73;3;2;145;3;4;0;2;2;0;0;0;2;4;0;0;0;2;1;0;0;2;18;3;9;5;5;4;0;3;0;1;0;0;0;3;1;0;2;0;0;0;0;0;1;0;1;2;82;13;3;0;7;3;6;3;1;0;0;0;7;3;0;3;2;1;3;2;0;1;1;0;0;3;2;1;1;2;0;0;0;1;0;0;0;1;0;0;0;0;0;0;0;0;2;0;0;0;0;0
7;"Świetlica wiejska, Grzegorz 35/1, 87-140 Chełmża";41502;"gm. Chełmża";"toruński";"kujawsko-pomorskie";1;1;0;0;0;1;0;0;0;0;0;0;0;0;0;0;0;0;0;0;0;0;0;0;0;0;1;20;23;4;6;0;2;0;0;0;0;1;3;1;0;1;0;0;0;3;0;0;2;0;0;0;0;19;2;0;0;1;0;2;1;1;0;0;2;0;0;1;0;0;0;0;0;0;0;0;0;0;1;19;2;21;6;41;3;3;76;0;3;1;0;0;0;0;2;0;1;0;0;0;0;0;0;0;0;12;0;5;6;2;1;1;0;0;0;0;0;0;0;1;1;0;0;0;0;1;0;1;0;1;0;76;17;2;0;4;2;2;0;0;5;2;0;0;1;1;0;0;0;0;0;0;0;0;0;0;11;1;2;0;0;1;0;0;0;0;0;0;0;0;0;0;0;0;0;0;0;0;0;0;0;0;0
8;"Świetlica wiejska w Skąpem, Skąpe 18A, 87-140 Chełmża";41502;"gm. Chełmża";"toruński";"kujawsko-pomorskie";1;1;0;0;0;0;0;1;0;0;0;2;0;0;1;0;1;0;0;0;1;0;0;0;0;0;0;11;9;3;8;1;4;4;0;1;0;4;1;0;0;0;0;0;0;4;0;0;1;0;2;0;0;15;1;1;0;1;1;2;0;0;0;0;0;0;0;0;0;0;1;0;0;0;0;0;1;0;0;9;2;14;0;15;1;1;61;1;0;0;0;1;0;0;0;0;2;0;0;0;1;0;0;0;0;9;5;2;2;0;0;0;0;1;0;0;0;0;0;0;0;0;0;0;0;0;0;0;1;0;2;59;3;1;0;7;0;2;1;0;1;1;0;1;0;0;0;1;0;0;1;0;0;0;0;0;4;1;0;0;0;2;0;0;0;1;0;0;0;0;0;0;0;0;0;0;0;0;0;0;0;0;0
9;"Świetlica Wiejska, Bielczyny 31A, 87-140 Chełmża";41502;"gm. Chełmża";"toruński";"kujawsko-pomorskie";1;1;1;0;0;0;1;0;0;1;0;0;0;0;1;0;0;0;0;0;0;0;0;0;0;0;0;5;11;3;3;1;4;1;2;0;1;0;0;0;0;0;1;0;0;7;0;0;1;0;0;0;1;10;3;0;0;0;0;0;0;0;0;0;0;0;0;0;0;0;0;1;0;0;1;0;0;0;0;6;5;3;0;24;0;1;45;0;1;0;0;0;0;0;0;0;0;0;0;0;0;0;0;1;0;10;0;0;0;4;0;1;2;0;0;0;0;1;0;0;0;0;0;0;0;0;0;0;0;0;4;35;4;1;1;2;0;0;0;0;4;0;0;0;0;1;0;1;0;2;0;0;0;0;0;0;2;0;0;0;0;0;0;0;0;0;0;0;0;1;0;1;1;0;0;0;0;3;0;0;0;0;0
10;"Świetlica Wiejska, Nawra 5, 87-140 Chełmża";41502;"gm. Chełmża";"toruński";"kujawsko-pomorskie";1;1;1;2;0;0;0;0;0;1;0;0;0;0;0;0;0;0;0;0;1;0;0;0;0;0;0;5;7;3;5;1;7;0;0;0;1;0;0;0;0;0;0;0;0;0;0;0;1;0;1;0;4;10;2;2;0;0;0;1;0;0;0;0;1;0;0;1;0;0;0;0;0;0;0;0;0;0;0;12;4;14;3;14;2;3;63;0;2;1;0;0;0;0;0;0;0;0;0;0;0;2;0;0;0;7;2;0;1;0;0;0;3;0;0;0;0;0;1;0;0;1;0;0;0;0;0;0;0;0;0;26;4;0;1;0;2;1;0;1;3;1;0;0;0;0;1;0;0;1;0;0;0;0;0;1;1;0;1;0;0;0;0;0;0;0;0;0;0;2;2;0;0;0;0;0;0;0;0;0;0;0;0
11;"Świetlica Wiejska, Brąchnówko 13B, 87-140 Chełmża";41502;"gm. Chełmża";"toruński";"kujawsko-pomorskie";1;1;1;2;0;0;1;0;0;0;1;0;0;0;0;1;0;0;1;0;0;1;0;0;0;0;0;24;12;10;9;2;12;0;3;0;2;0;4;0;0;0;1;1;0;1;0;0;3;2;5;0;2;19;2;0;0;1;0;1;0;0;0;0;0;0;0;0;1;1;0;0;0;0;0;0;1;0;3;24;3;8;3;33;7;1;83;0;3;1;0;0;1;0;0;0;4;0;0;0;2;0;0;1;1;9;0;1;2;3;1;0;1;0;0;0;0;1;0;0;0;0;0;0;0;0;0;0;0;0;0;36;6;2;0;6;0;15;1;0;5;0;1;0;3;2;1;0;0;1;0;0;1;0;0;0;3;0;0;0;0;0;1;0;0;0;0;1;0;1;0;1;1;0;0;0;0;2;0;0;0;0;0
12;"Świetlica Wiejska, Kuczwały 41A, 87-140 Chełmża";41502;"gm. Chełmża";"toruński";"kujawsko-pomorskie";1;1;0;0;0;0;2;2;0;0;0;0;0;1;0;0;0;0;0;0;0;0;0;0;0;0;0;10;12;4;10;1;3;0;0;1;1;0;0;0;0;0;0;0;0;2;0;0;1;1;0;0;0;9;3;1;1;0;0;0;0;0;0;2;0;0;0;0;0;0;0;0;0;0;0;0;0;0;2;14;7;7;6;31;1;3;42;1;1;1;0;0;0;0;0;0;1;0;0;0;0;0;0;0;0;6;1;0;2;1;1;0;0;0;1;0;1;0;0;0;0;0;0;0;0;0;0;0;0;0;1;31;5;0;0;0;1;1;1;1;0;1;0;1;0;0;0;1;0;0;0;0;0;0;0;0;1;0;0;0;0;0;0;0;0;0;0;0;0;0;0;1;0;0;0;0;0;0;0;0;0;0;0
13;"Dom Pomocy Społecznej, Browina 56, 87-140 Chełmża";41502;"gm. Chełmża";"toruński";"kujawsko-pomorskie";1;1;1;0;0;0;0;0;0;0;0;1;0;0;0;0;0;0;0;0;0;0;0;0;0;0;0;1;0;0;0;0;0;0;0;0;0;0;1;0;0;0;0;0;0;0;0;0;0;0;0;0;0;1;1;0;0;0;0;0;0;0;0;0;0;0;0;0;0;0;0;1;0;0;0;0;0;0;0;6;1;2;1;1;1;2;1;0;0;0;0;0;0;0;0;0;0;0;0;0;0;0;0;0;1;1;0;0;0;0;0;0;0;0;1;1;1;1;1;0;0;0;0;0;0;0;0;0;0;0;0;7;0;0;0;0;0;0;0;0;0;0;0;1;0;0;0;0;0;0;0;0;0;0;0;0;0;1;0;0;0;1;0;0;0;0;0;0;0;0;2;0;0;0;0;0;0;0;0;0;0;0;0
14;"Zakład Opiekuńczo-Leczniczy, Browina 62, 87-140 Chełmża";41502;"gm. Chełmża";"toruński";"kujawsko-pomorskie";1;1;1;0;0;0;0;0;0;0;0;1;0;0;0;0;0;0;0;0;0;0;0;0;0;0;0;0;0;0;0;0;0;0;0;0;0;0;0;0;0;0;0;0;0;0;0;0;0;0;0;0;0;0;0;0;0;1;0;0;0;0;0;0;0;0;0;0;0;0;0;0;0;0;0;0;0;0;0;1;0;0;0;1;0;0;0;0;0;0;0;0;0;0;0;0;1;0;0;0;0;0;1;0;1;0;1;1;0;0;0;0;0;0;0;0;0;0;0;0;0;0;0;0;0;0;0;0;0;0;0;2;0;0;0;0;0;0;0;0;0;0;0;0;0;0;0;0;0;0;0;0;0;0;0;0;0;0;0;0;0;0;0;0;0;0;0;0;0;0;0;0;0;0;0;0;0;0;0;0;0;0;0
1;"Zespół Szkół, ul. Gimnazjalna 1, 87-640 Czernikowo";41503;"gm. Czernikowo";"toruński";"kujawsko-pomorskie";1;1;3;1;0;0;0;0;0;0;0;2;0;0;2;0;0;0;0;0;0;0;0;0;0;0;0;57;21;12;26;2;13;5;4;1;0;3;5;0;5;6;1;1;2;2;1;0;0;2;1;1;20;58;5;2;0;2;1;0;0;0;1;1;1;1;1;0;0;2;2;1;0;2;0;0;0;1;2;48;20;20;26;158;1;3;32;2;7;1;1;2;1;0;0;0;3;1;0;0;1;0;0;0;3;33;6;1;5;1;4;1;2;2;2;1;0;0;2;0;1;0;0;0;2;0;0;2;0;1;3;91;31;5;8;6;12;9;1;2;7;1;0;152;0;0;0;3;0;1;2;0;0;0;0;1;0;2;0;0;0;1;0;2;4;0;0;0;0;0;2;0;1;0;0;0;0;1;0;0;0;0;0
2;"Szkoła Podstawowa, Osówka 44, 87-632 Osówka";41503;"gm. Czernikowo";"toruński";"kujawsko-pomorskie";1;1;2;0;1;0;0;0;0;0;1;1;0;0;0;0;0;0;0;0;0;0;0;0;0;0;0;18;7;3;4;0;5;1;0;0;0;1;2;0;0;1;0;0;0;0;0;0;1;0;0;0;5;17;1;1;2;1;0;0;0;0;0;0;0;0;1;1;0;4;0;0;0;0;0;0;0;1;1;20;4;9;8;89;0;2;6;5;11;0;1;0;0;0;0;0;3;0;1;0;0;0;1;1;0;6;5;2;0;2;0;3;0;0;1;1;1;1;0;2;0;0;0;0;0;0;0;0;0;0;2;14;5;1;0;0;1;0;1;1;3;0;0;44;0;0;2;1;0;1;0;0;0;0;1;0;2;4;0;0;0;0;1;0;1;0;0;0;0;0;0;0;0;0;0;0;0;0;0;0;0;0;0
3;"Szkoła Podstawowa, Mazowsze 11, 87-640 Czernikowo";41503;"gm. Czernikowo";"toruński";"kujawsko-pomorskie";1;1;5;0;0;0;0;0;0;0;0;0;0;1;0;1;0;0;0;0;0;0;0;0;0;0;0;24;9;4;13;3;15;4;1;0;1;0;0;2;1;1;3;1;2;0;0;0;1;0;0;1;14;16;3;0;0;1;1;1;0;0;2;1;1;2;1;0;0;0;1;0;0;1;0;0;0;0;0;28;17;14;7;157;3;0;13;2;9;3;0;2;0;1;1;1;2;0;0;0;1;1;0;0;4;17;4;8;1;1;0;1;0;0;2;0;0;1;0;1;0;0;0;0;0;0;1;0;0;0;0;40;8;3;0;1;2;2;1;0;4;1;1;22;0;1;0;1;0;0;0;1;0;0;0;0;1;0;1;0;0;1;0;0;0;0;0;0;0;1;0;0;0;0;0;0;0;0;0;0;0;0;0
4;"Zespół Szkół, ul. Gimnazjalna 1, 87-640 Czernikowo";41503;"gm. Czernikowo";"toruński";"kujawsko-pomorskie";1;1;6;2;0;0;0;0;3;0;4;0;0;0;1;0;0;0;0;1;0;0;0;1;0;0;1;39;15;4;20;1;17;1;1;4;0;0;8;0;2;3;3;0;3;1;3;1;0;1;0;0;4;49;10;0;6;5;1;0;1;0;2;0;1;2;2;0;0;1;3;1;0;0;0;0;2;0;1;42;15;20;3;214;5;9;20;1;17;1;1;1;0;1;0;0;0;0;0;0;0;1;2;1;1;29;8;2;6;3;4;3;1;1;0;4;0;3;2;0;2;1;0;0;2;0;0;0;0;4;2;57;17;4;4;8;3;0;0;0;9;4;0;77;0;1;1;3;0;0;0;0;0;0;2;0;0;4;0;2;1;0;1;0;0;0;0;0;0;0;0;0;0;0;0;0;0;0;0;0;0;0;3
5;"Zespół Szkół, ul. Gimnazjalna 1, 87-640 Czernikowo";41503;"gm. Czernikowo";"toruński";"kujawsko-pomorskie";1;1;3;1;0;0;2;0;0;0;0;0;0;0;1;0;0;0;0;0;0;0;1;0;0;0;2;32;11;6;29;4;15;3;0;4;3;0;3;0;1;1;4;0;0;2;0;0;0;6;4;1;11;39;6;1;0;2;1;0;0;0;2;0;0;0;0;0;1;1;0;0;0;0;0;2;0;0;1;35;11;10;7;136;3;1;12;2;7;2;1;1;1;2;0;0;2;2;0;0;0;0;0;0;0;22;2;4;3;3;1;0;1;1;1;1;1;2;0;1;0;0;0;1;0;1;0;0;1;0;2;69;19;1;1;4;5;4;2;2;8;4;0;136;0;1;1;1;0;0;0;1;0;3;0;0;0;6;2;1;2;1;0;0;0;1;0;0;1;1;0;0;0;0;0;0;0;1;0;0;0;0;1
6;"Szkoła Podstawowa, Osówka 44, 87-632 Osówka";41503;"gm. Czernikowo";"toruński";"kujawsko-pomorskie";1;1;0;0;0;0;0;0;0;0;0;0;0;0;0;0;0;0;0;0;0;0;0;0;0;0;0;8;3;1;4;0;9;0;0;0;0;0;0;0;0;0;0;0;0;0;0;0;0;0;0;0;1;8;1;1;0;0;0;0;0;0;0;0;0;0;0;0;0;0;0;0;0;0;0;0;0;0;0;7;3;4;3;60;0;1;8;0;0;0;0;0;0;0;0;1;1;0;0;1;0;0;0;1;2;3;2;1;2;0;0;0;0;0;0;0;0;0;0;2;1;0;0;0;0;0;0;0;0;0;1;14;3;0;0;1;0;0;0;0;1;1;0;17;0;0;0;1;0;0;1;0;0;0;0;0;0;2;0;0;0;0;0;0;0;0;0;0;0;0;0;0;0;0;0;0;0;3;0;0;0;0;0
7;"Szkoła Podstawowa im. Przyjaciół Ziemi, Makowiska 32a, 87-640 Czernikowo";41503;"gm. Czernikowo";"toruński";"kujawsko-pomorskie";1;1;0;0;0;0;0;0;0;0;0;1;0;0;0;0;0;0;0;0;0;1;0;0;0;0;0;5;1;1;1;0;6;3;0;0;0;1;0;0;0;0;0;0;2;0;0;0;0;0;1;0;1;8;2;0;0;0;0;1;0;0;0;0;1;0;0;0;0;0;1;1;0;0;0;0;0;0;0;13;8;2;14;63;7;0;11;0;1;0;0;0;0;0;2;0;1;0;0;0;0;0;0;0;1;1;0;4;0;0;1;1;0;0;1;0;0;1;0;1;0;0;1;0;0;0;0;0;0;0;1;19;2;0;1;2;0;0;2;0;0;0;0;63;1;0;0;0;0;1;0;1;0;0;0;0;0;0;0;0;0;0;1;0;0;2;0;0;1;2;0;0;0;0;0;0;0;0;0;0;0;0;0
8;"Szkoła Podstawowa im. Henryka Sienkiewicza, Steklin 15/4, 87-640 Czernikowo";41503;"gm. Czernikowo";"toruński";"kujawsko-pomorskie";1;1;1;0;0;0;0;0;0;0;0;0;0;0;0;0;0;0;0;0;0;0;0;0;0;0;0;9;0;0;4;1;2;1;0;0;0;2;2;0;0;0;0;0;0;0;0;0;0;1;0;0;6;9;0;1;0;1;0;0;1;0;0;0;1;0;2;0;0;0;1;0;0;0;1;0;0;0;1;35;4;2;3;53;0;1;2;0;7;1;0;1;1;0;0;0;0;0;0;0;0;0;0;0;0;5;0;1;0;1;0;1;0;0;0;0;0;1;0;1;0;0;0;0;0;0;0;0;0;1;1;26;4;2;2;1;0;2;1;1;1;1;0;20;0;0;0;0;1;0;0;0;0;0;0;0;0;1;0;1;0;1;0;0;0;0;0;0;0;0;0;0;0;0;0;0;0;0;0;0;0;0;2
1;"Hol Szkoły Podstawowej, ul. Szkolna 4, 87-122 Grębocin";41504;"gm. Lubicz";"toruński";"kujawsko-pomorskie";1;1;6;2;1;0;0;0;0;0;1;0;2;0;0;0;0;0;0;0;1;0;0;1;0;0;1;17;80;6;18;0;9;3;1;0;0;3;1;0;1;1;0;1;1;0;0;0;0;2;1;1;2;43;3;0;1;2;1;0;0;0;1;0;2;0;3;0;1;1;0;0;0;0;0;0;0;0;1;65;15;35;30;73;21;6;30;0;5;6;1;2;0;0;1;0;1;1;0;1;0;0;1;0;3;45;8;4;5;0;1;0;3;3;3;0;0;0;1;1;2;0;1;0;8;1;0;0;0;0;6;123;55;3;2;3;5;10;0;0;11;1;0;5;1;0;2;2;0;0;1;0;0;0;0;0;1;3;1;3;0;0;1;0;0;0;0;3;0;1;0;0;0;0;0;0;0;2;0;0;0;0;0
2;"Dzienny Klub Seniora, Gronowo 5, 87-162 Lubicz";41504;"gm. Lubicz";"toruński";"kujawsko-pomorskie";1;1;1;1;0;1;0;0;0;0;0;1;0;0;0;0;0;0;0;0;0;1;0;0;0;0;1;13;27;5;10;4;3;2;1;0;0;2;2;0;1;3;2;2;0;0;0;0;0;1;0;0;2;26;1;2;1;2;1;0;1;0;0;0;0;0;0;0;0;1;1;0;0;0;0;1;0;0;1;15;0;13;4;56;5;0;72;1;0;0;1;1;0;1;0;1;0;0;0;0;0;0;0;0;1;16;2;1;3;0;0;1;0;1;0;0;3;2;0;1;0;0;0;0;0;0;0;1;0;0;0;45;18;4;0;0;4;2;5;1;7;0;0;8;3;0;0;1;0;0;0;0;0;0;0;0;1;0;0;4;1;0;0;0;0;0;0;0;0;0;0;1;0;0;0;0;0;0;0;0;0;0;0
3;"Hol główny Szkoły Podstawowej, Lubicz Górny ul. Piaskowa 23, 87-162 Lubicz";41504;"gm. Lubicz";"toruński";"kujawsko-pomorskie";1;1;2;2;0;0;0;0;0;0;0;0;0;0;0;0;0;0;0;0;0;0;0;0;0;0;0;25;16;3;26;0;7;2;0;0;0;0;4;1;0;2;2;0;0;0;1;0;0;0;0;0;2;63;4;0;2;5;0;1;0;0;2;0;0;1;4;0;0;0;1;0;0;2;0;0;1;0;0;18;6;27;3;129;3;2;18;0;6;0;0;0;1;0;0;0;1;1;0;0;0;2;0;0;3;10;4;4;8;2;2;0;0;3;0;0;0;5;0;1;0;0;1;0;0;0;0;1;0;0;1;73;47;2;2;5;0;5;0;1;12;1;0;3;2;0;0;1;0;0;0;0;4;0;0;0;0;3;0;0;1;0;0;0;0;0;0;0;0;1;0;0;0;1;1;0;0;0;0;0;0;0;0
4;"Szkoła Podstawowa, Lubicz Dolny ul. Szkolna 7, 87-162 Lubicz";41504;"gm. Lubicz";"toruński";"kujawsko-pomorskie";1;1;4;1;1;0;1;2;0;0;0;0;2;0;1;0;0;1;0;0;1;0;0;0;0;0;0;30;23;10;27;2;6;2;2;0;1;2;2;0;0;2;0;0;0;2;0;0;0;2;4;1;2;77;3;2;1;2;1;2;0;0;1;1;1;1;1;0;0;2;1;0;0;0;0;1;0;0;2;29;7;55;8;85;10;6;24;1;3;5;2;0;0;2;0;1;3;3;0;0;0;0;0;1;2;28;10;1;5;3;2;1;2;1;0;2;0;3;1;0;1;0;0;0;1;1;1;0;0;0;0;156;49;2;5;13;5;2;1;2;39;2;2;7;2;1;2;1;0;1;1;0;2;0;0;1;1;2;2;2;0;0;0;1;0;2;0;0;0;1;0;0;0;1;0;0;0;2;0;0;0;0;0
5;"Świetlica wiejska, Rogówko ul. Lubicka 29, 87-122 Grębocin";41504;"gm. Lubicz";"toruński";"kujawsko-pomorskie";1;1;6;2;0;0;0;0;0;1;0;0;0;0;0;0;0;0;0;0;0;0;0;0;0;0;0;13;23;2;8;0;3;2;1;0;0;0;2;0;0;0;0;1;1;1;0;0;0;0;0;1;2;29;2;1;0;2;0;0;0;0;2;0;1;0;0;0;0;0;0;0;0;0;0;0;1;0;1;14;14;30;6;137;5;2;20;1;4;3;2;1;0;0;0;0;0;1;0;2;0;1;0;0;1;26;4;3;7;3;1;0;2;0;0;1;0;1;0;1;0;0;0;0;0;0;0;0;0;0;2;86;28;3;1;1;2;1;0;1;4;1;0;8;0;1;3;1;0;1;0;0;1;1;0;1;2;1;0;1;0;1;0;0;0;0;0;0;0;2;0;1;0;0;0;0;0;0;0;0;0;0;0
6;"Świetlica wiejska, Brzeźno 70, 87-162 Lubicz";41504;"gm. Lubicz";"toruński";"kujawsko-pomorskie";1;1;1;1;0;0;0;0;0;1;0;0;1;0;0;0;0;1;0;0;1;0;0;0;0;0;0;22;58;0;14;2;24;1;0;0;0;0;0;1;0;0;0;0;0;0;0;0;1;1;2;0;0;31;4;2;0;1;1;0;0;0;0;0;1;0;1;2;0;1;0;0;0;0;0;0;0;0;1;22;2;25;6;102;4;0;30;3;1;1;1;0;0;1;0;0;1;0;0;0;0;1;0;1;1;14;3;8;6;2;1;1;3;2;0;0;0;0;0;1;0;0;1;0;0;0;0;0;0;0;4;56;22;2;1;0;1;3;1;1;9;0;0;1;0;1;0;0;0;2;1;0;0;0;0;0;0;3;1;0;3;1;0;3;1;0;0;0;0;0;0;0;0;0;0;0;0;3;0;0;0;0;0
7;"Szkoła Podstawowa, Młyniec Pierwszy ul. Toruńska 10, 87-162 Lubicz";41504;"gm. Lubicz";"toruński";"kujawsko-pomorskie";1;1;0;0;0;0;0;1;0;0;0;0;0;0;1;0;0;0;0;1;0;0;0;0;0;0;0;20;10;8;9;1;8;4;0;0;1;1;1;1;0;0;1;0;2;0;0;0;0;1;1;0;5;31;0;0;0;2;0;0;1;0;2;0;1;0;0;0;1;0;0;0;0;0;1;0;1;0;0;21;5;15;3;43;1;1;27;2;2;2;0;0;0;0;0;0;1;0;0;1;0;0;0;0;2;17;3;3;2;0;2;1;0;0;0;0;0;0;0;0;0;0;0;0;1;0;0;0;0;0;0;40;19;0;1;1;0;3;0;0;5;0;0;0;6;0;1;0;0;0;0;0;0;0;0;0;1;0;0;0;0;0;0;0;0;0;0;0;0;0;0;0;0;0;0;0;0;0;0;0;0;0;0
8;"Przedszkole Publiczne ""Chatka Puchatka"", Lubicz Górny ul. Piaskowa 2, 87-162 Lubicz";41504;"gm. Lubicz";"toruński";"kujawsko-pomorskie";1;1;6;1;0;1;0;1;0;1;0;0;2;0;0;0;0;0;0;0;1;0;0;0;0;0;2;24;7;13;23;4;6;4;4;1;0;0;1;0;1;1;0;1;2;0;0;0;0;2;2;0;2;74;4;0;2;4;0;1;0;0;0;0;1;1;0;1;0;0;0;1;0;0;0;1;0;0;1;37;6;35;6;123;4;1;14;1;10;1;0;0;0;1;0;1;0;0;1;0;0;0;0;0;0;23;2;5;4;0;1;0;2;3;0;1;0;1;0;0;1;2;0;0;0;0;1;0;2;1;0;127;50;2;5;5;7;4;2;0;18;0;1;3;0;0;2;3;1;2;2;0;0;0;0;4;1;5;1;1;0;3;0;0;0;0;0;1;0;1;1;0;2;0;0;0;0;0;0;0;0;0;0
9;"Sala gimnastyczna Szkoły Podstawowej, ul. Pomorska 11B, 87-124 Złotoria";41504;"gm. Lubicz";"toruński";"kujawsko-pomorskie";1;1;1;1;0;1;1;0;0;0;1;0;0;0;0;0;1;0;0;0;1;0;0;0;0;0;0;43;26;8;36;8;7;12;2;3;2;0;4;2;0;3;3;1;1;0;0;0;1;1;3;4;0;84;6;1;3;7;0;1;1;0;1;1;0;0;4;0;2;1;0;0;0;0;1;2;1;1;3;35;7;20;7;76;17;5;28;3;6;3;0;1;0;2;0;2;4;0;1;0;1;0;0;0;4;26;7;3;5;0;1;0;2;0;0;4;0;0;0;0;0;0;1;0;1;0;0;0;0;0;0;223;60;1;1;11;9;6;3;2;22;1;2;12;5;2;3;3;1;4;1;1;3;0;0;0;3;5;0;3;0;1;0;2;0;0;0;0;0;0;0;0;0;0;0;0;0;0;0;0;0;0;1
10;"Sala Gimnastyczna Szkoły Podstawowej, Lubicz Dolny ul. Szkolna 7, 87-162 Lubicz";41504;"gm. Lubicz";"toruński";"kujawsko-pomorskie";1;1;3;0;2;1;1;0;0;1;2;0;0;0;0;0;0;0;0;0;1;0;0;0;0;0;1;37;24;9;28;1;3;3;2;3;0;1;5;2;0;2;2;0;3;0;0;0;0;2;0;0;3;71;3;0;2;5;0;1;1;1;1;3;2;2;2;0;2;2;0;0;1;1;0;0;1;0;2;30;10;39;5;109;17;2;27;0;4;1;1;2;0;0;1;0;0;0;0;1;0;0;1;0;0;25;4;1;6;4;2;0;0;1;0;1;0;1;0;0;0;0;1;0;0;0;0;0;0;1;0;202;50;2;2;4;5;6;2;0;15;1;1;10;6;1;0;1;0;2;0;1;0;0;0;2;0;4;0;1;0;0;1;1;0;0;0;0;0;2;0;0;0;0;1;0;0;1;0;0;0;0;0
11;"Budynek Główny Szkoły Podstawowej-sala nr 5, ul. Pomorska 11B, 87-124 Złotoria";41504;"gm. Lubicz";"toruński";"kujawsko-pomorskie";1;1;3;1;0;0;0;0;0;0;0;0;1;0;0;0;0;0;0;1;0;0;0;0;0;0;0;38;15;11;28;0;3;3;0;2;0;0;2;0;0;1;0;0;2;0;0;0;1;0;2;0;1;58;3;0;3;5;1;2;0;0;0;1;0;1;3;0;0;0;0;0;0;1;0;0;1;0;1;28;9;20;6;49;18;3;28;0;2;2;0;2;0;2;1;0;0;0;0;0;0;0;1;1;2;15;3;4;8;1;0;1;0;0;0;0;0;1;0;0;1;0;0;0;0;0;1;0;1;0;1;133;40;3;0;6;3;3;1;1;23;2;1;0;3;1;0;1;0;2;0;0;3;0;0;0;0;3;0;0;0;0;0;0;0;0;0;0;0;1;0;0;0;0;0;0;0;0;0;0;0;0;0
12;"Mała sala gimnastyczna Szkoły Podstawowej, ul. Szkolna 4, 87-122 Grębocin";41504;"gm. Lubicz";"toruński";"kujawsko-pomorskie";1;1;3;0;1;1;0;0;0;1;0;0;2;0;0;0;1;0;0;0;0;0;0;0;0;0;0;24;63;9;24;2;5;2;0;0;0;2;0;2;0;0;1;0;1;0;0;1;0;1;1;0;2;52;10;0;6;2;3;2;0;1;1;0;1;0;1;0;0;0;0;0;1;2;2;0;1;0;2;54;22;33;7;99;18;2;22;3;8;3;0;0;0;0;0;2;2;2;0;4;0;0;1;0;2;33;3;9;8;7;0;0;4;1;1;5;0;1;0;1;0;0;0;0;2;0;0;0;0;1;2;180;59;5;1;11;7;7;2;0;15;1;2;8;2;0;1;1;2;0;1;0;2;0;0;0;3;8;1;8;0;0;0;0;0;0;0;0;0;0;0;0;0;0;0;0;0;1;0;0;0;0;1
13;"Hol przy oddziałach zerowych Szkoły Podstawowej, Lubicz Górny ul. Piaskowa 23, 87-162 Lubicz";41504;"gm. Lubicz";"toruński";"kujawsko-pomorskie";1;1;3;2;1;1;2;1;0;0;0;1;0;0;0;1;0;0;0;0;1;0;0;0;0;0;1;37;17;5;22;2;11;5;1;1;2;0;4;1;0;2;2;0;2;0;0;1;1;1;1;1;3;71;2;1;0;0;0;0;3;0;3;1;2;0;2;0;0;1;0;0;0;0;0;1;2;0;0;20;6;30;3;156;8;4;11;0;3;2;0;0;0;1;0;0;1;0;1;1;0;0;0;2;3;32;5;7;5;3;0;1;1;1;3;0;0;3;0;0;0;2;0;0;1;0;1;1;0;0;5;115;57;5;1;5;3;9;1;3;24;3;0;7;1;1;3;2;0;3;1;0;1;0;0;3;3;1;2;1;2;0;1;1;1;0;0;0;0;1;1;0;0;0;0;0;0;0;0;0;0;0;0
14;"Świetlica wiejska, Krobia ul. Olimpijska 14, 87-162 Lubicz";41504;"gm. Lubicz";"toruński";"kujawsko-pomorskie";1;1;5;1;1;1;1;1;1;0;0;0;2;0;0;0;0;0;0;0;0;0;0;0;0;0;2;54;19;12;46;3;14;8;1;1;1;0;3;2;6;9;3;2;0;2;3;3;0;4;3;2;0;98;4;0;4;2;2;2;0;1;0;0;1;0;1;1;2;0;2;0;0;1;1;0;0;0;3;17;1;8;2;232;8;0;25;1;6;2;1;1;0;0;0;0;1;0;0;0;0;0;0;0;0;30;6;9;7;5;5;0;0;2;0;2;0;0;0;3;0;0;0;0;1;0;0;1;4;1;2;261;76;2;5;18;16;3;1;1;40;2;1;7;2;0;0;2;1;3;0;0;0;1;0;1;5;12;0;2;0;1;0;1;0;0;0;0;0;1;0;0;0;0;0;0;0;0;0;0;0;0;0
15;"Budynek główny Szkoły Podstawowej-sala nr 4, ul. Pomorska 11B, 87-124 Złotoria";41504;"gm. Lubicz";"toruński";"kujawsko-pomorskie";1;1;5;1;1;1;2;1;0;0;0;0;0;1;0;0;0;0;0;0;0;0;0;2;0;0;0;50;29;13;23;1;2;2;3;2;1;1;3;1;0;1;0;0;0;0;0;0;1;0;2;0;0;75;3;0;0;0;2;0;0;1;0;3;1;0;1;1;0;1;0;0;1;0;0;0;0;0;4;26;8;28;5;45;3;4;24;0;7;0;1;0;0;2;0;0;2;1;0;0;1;0;0;0;2;24;2;6;6;4;1;1;0;1;1;1;0;5;0;1;0;1;1;0;0;0;0;2;0;2;2;206;51;4;1;6;3;9;4;2;18;0;2;2;8;0;5;1;1;2;0;3;2;0;0;3;0;4;1;1;0;1;0;1;0;0;0;0;0;0;0;0;0;0;0;0;0;0;0;0;0;0;0
16;"Świetlica wiejska, Młyniec Drugi ul. Dolina Drwęcy 78, 87-162 Lubicz";41504;"gm. Lubicz";"toruński";"kujawsko-pomorskie";1;1;2;0;1;0;1;1;1;0;0;0;0;0;0;0;0;0;0;0;0;0;0;0;0;0;0;25;4;3;16;4;10;1;3;1;0;1;1;1;1;2;1;0;1;2;0;1;2;1;0;0;1;34;2;0;1;0;0;0;0;0;0;2;0;0;1;0;1;0;0;0;0;0;0;0;0;0;0;17;0;6;1;93;3;0;13;0;3;0;1;0;0;1;0;2;0;1;0;0;0;0;0;0;0;9;8;4;6;3;0;0;1;0;0;0;0;1;0;2;0;0;1;0;0;0;0;1;0;0;0;72;14;1;1;4;2;1;0;1;9;0;0;5;5;0;1;0;0;1;0;1;1;0;0;0;1;0;0;0;1;0;0;0;0;0;0;0;0;0;0;0;0;0;0;0;0;1;0;0;0;0;0
1;"Świetlica Wiejska, Biskupice ul. Kościelna 30, 87-152 Łubianka";41505;"gm. Łubianka";"toruński";"kujawsko-pomorskie";1;1;1;0;0;0;0;0;0;0;0;0;0;0;0;0;0;0;0;0;0;0;0;0;0;0;1;19;8;2;5;0;16;0;1;0;1;1;1;0;0;0;0;0;0;3;0;0;0;0;0;0;0;13;1;0;0;0;0;0;0;0;0;0;0;0;0;0;1;0;1;0;0;0;0;1;0;0;0;22;7;8;1;23;7;0;20;0;0;0;0;1;2;0;0;1;2;0;0;0;0;0;1;0;0;11;1;2;1;0;0;0;1;0;0;0;0;0;0;0;0;0;0;0;0;0;0;2;0;0;0;41;6;3;0;1;1;44;0;0;1;1;1;0;0;0;0;2;0;0;0;0;0;0;0;0;1;2;0;0;0;1;0;0;0;0;0;0;0;1;0;0;0;0;1;0;0;0;0;0;0;0;0
2;"Szkoła Podstawowa, Pigża ul. Szkolna 14, 87-152 Łubianka";41505;"gm. Łubianka";"toruński";"kujawsko-pomorskie";1;1;1;1;1;0;0;0;0;1;0;0;1;0;0;0;0;0;0;0;0;0;0;0;0;0;1;36;13;11;25;0;29;8;0;0;3;0;2;1;1;1;2;1;0;1;0;4;0;0;1;0;1;50;11;1;2;3;1;2;0;0;3;0;1;0;1;0;0;0;1;0;0;0;0;0;1;0;1;31;13;50;8;49;8;8;57;3;3;1;1;4;0;1;0;0;3;1;0;0;1;0;0;0;5;32;6;2;9;2;2;1;3;0;0;0;0;2;1;1;1;0;2;1;1;0;0;0;0;1;0;142;36;1;3;3;6;88;1;1;14;1;1;3;0;1;3;4;0;0;0;1;3;1;0;1;1;0;0;1;0;1;1;1;0;0;0;0;0;1;2;0;0;0;0;0;0;3;0;0;0;0;0
3;"Biblioteka-Centrum Kultury, ul. Toruńska 4, 87-152 Łubianka";41505;"gm. Łubianka";"toruński";"kujawsko-pomorskie";1;1;3;1;0;0;3;1;2;1;1;0;2;0;0;0;1;0;0;0;0;0;0;1;0;0;0;63;48;6;45;0;43;6;3;0;2;0;4;0;1;3;1;0;0;1;0;0;0;3;5;1;6;85;9;0;1;2;0;0;2;0;0;1;1;0;3;1;4;0;2;0;0;0;2;0;1;0;0;58;13;35;10;70;13;7;75;2;3;2;1;1;1;0;0;1;1;1;0;0;0;2;0;0;3;39;6;18;6;2;1;1;2;3;0;2;2;4;0;0;2;0;0;0;0;0;1;0;0;1;1;211;65;4;3;12;8;95;3;1;13;1;2;1;0;3;4;0;0;2;1;1;0;0;0;1;2;3;3;2;4;0;1;0;0;0;0;1;3;1;1;0;0;0;0;0;0;0;0;0;0;0;0
4;"Dzienny Dom Pobytu, Bierzgłowo ul. ks. Z. Ziętarskiego 24, 87-152 Łubianka";41505;"gm. Łubianka";"toruński";"kujawsko-pomorskie";1;1;1;0;0;0;1;0;0;0;0;1;0;1;0;0;0;0;0;0;0;0;0;0;0;0;0;2;1;1;4;0;38;0;2;0;0;0;1;0;0;0;1;0;0;0;0;0;0;1;0;0;0;7;1;1;1;0;0;0;0;0;1;0;0;0;0;0;1;0;0;1;0;0;0;0;0;0;0;17;4;7;3;35;0;1;18;0;2;2;1;0;0;1;1;0;0;0;0;0;0;0;0;1;0;7;2;6;6;0;0;0;2;0;0;0;0;0;0;0;0;0;0;0;0;0;1;0;0;0;0;25;0;0;0;0;0;11;0;0;1;0;0;0;1;3;0;0;0;0;0;0;0;2;0;0;12;4;0;0;0;0;0;0;0;0;0;0;0;0;1;0;0;0;0;0;0;0;0;0;0;0;0
5;"Świetlica Wiejska, Wybcz ul. Strażacka 1, 87-152 Łubianka";41505;"gm. Łubianka";"toruński";"kujawsko-pomorskie";1;1;3;2;0;1;0;0;1;1;0;1;0;0;0;0;0;0;0;0;0;0;0;1;0;0;0;29;10;9;11;0;30;5;0;0;0;0;1;1;0;0;0;1;1;2;0;0;0;0;1;0;0;22;4;0;0;3;0;0;0;0;1;0;1;0;1;0;0;0;1;0;0;0;0;0;0;0;1;33;8;17;5;67;8;1;46;0;2;2;0;1;0;0;1;2;0;0;0;1;2;0;1;0;0;8;4;4;3;4;2;1;4;2;1;1;0;0;0;2;1;1;0;0;0;0;0;0;0;0;0;40;10;2;1;11;3;30;1;2;10;0;0;1;0;0;1;0;0;2;0;0;1;1;0;1;4;1;0;0;0;0;0;0;0;1;0;0;0;2;1;0;1;0;0;0;0;3;0;0;0;0;0
6;"Szkoła Podstawowa, Brąchnowo ul. Gimnazjalna 1, 87-152 Łubianka";41505;"gm. Łubianka";"toruński";"kujawsko-pomorskie";1;1;1;1;0;0;0;0;0;1;0;0;0;1;0;0;0;0;0;1;0;0;0;0;0;0;1;9;10;2;9;0;10;0;0;0;0;0;0;0;0;0;0;0;0;1;0;0;0;0;1;0;4;11;2;0;0;0;0;1;0;0;0;0;1;0;0;0;1;0;1;0;0;0;0;0;1;0;1;22;2;21;2;33;4;3;36;0;2;0;1;1;0;0;0;0;3;0;0;1;1;2;0;3;1;27;6;4;4;2;0;1;1;2;0;0;0;0;1;1;1;0;1;0;0;0;0;0;0;0;1;36;8;3;5;1;1;36;0;0;1;0;0;4;0;0;0;0;0;0;0;1;0;0;0;0;1;12;0;0;2;2;0;0;0;0;0;0;0;1;0;0;0;0;0;0;0;1;0;0;0;0;0
7;"Szkoła Podstawowa, Warszewice ul. Zawiszy Czarnego 2, 87-152 Łubianka";41505;"gm. Łubianka";"toruński";"kujawsko-pomorskie";1;1;2;0;0;0;0;0;0;0;0;0;0;0;0;0;0;0;0;0;0;0;0;0;0;0;1;16;6;8;13;1;24;0;2;1;0;0;2;0;2;0;1;0;0;2;0;0;0;0;1;0;0;19;2;0;0;3;1;2;3;0;1;0;1;1;0;0;0;0;0;0;0;0;0;0;1;0;0;30;6;17;3;27;11;5;50;0;5;0;2;0;0;2;0;0;1;0;0;1;2;0;0;1;3;16;2;3;5;1;1;1;2;2;1;0;2;0;0;1;1;0;0;0;0;0;1;0;0;1;1;25;4;2;0;2;3;46;0;0;3;0;1;0;0;0;0;2;0;1;0;0;0;0;0;0;2;2;0;1;1;2;0;0;0;1;0;0;0;1;0;0;0;0;0;0;0;0;0;0;0;0;0
8;"Świetlica Wiejska, Zamek Bierzgłowski ul. Jagiellońska 11, 87-152 Łubianka";41505;"gm. Łubianka";"toruński";"kujawsko-pomorskie";1;1;0;1;1;0;0;0;0;0;0;0;0;0;0;0;0;0;0;0;0;0;0;0;0;0;0;15;11;5;9;1;7;0;1;1;0;0;0;1;0;1;0;1;0;0;0;2;0;0;0;0;1;23;0;0;1;2;1;0;0;0;0;0;3;0;4;0;0;0;0;0;0;1;1;0;0;0;0;17;2;4;1;26;6;1;43;0;1;1;1;1;0;1;0;0;0;0;0;1;0;1;0;0;1;12;1;3;5;0;0;0;0;0;2;0;0;1;1;0;0;0;0;0;0;0;0;0;0;0;0;54;9;1;3;2;1;98;0;0;4;1;1;0;0;0;0;0;0;0;0;0;0;1;0;0;1;0;0;5;0;0;0;0;0;0;0;0;0;0;0;0;0;0;0;0;0;0;0;0;0;0;0
1;"Szkoła Podstawowa im. Fryderyka Chopina, Turzno ul. Parkowa 4, 87-148 Łysomice";41506;"gm. Łysomice";"toruński";"kujawsko-pomorskie";1;1;2;0;1;0;0;0;0;0;0;0;0;0;0;0;0;0;0;0;0;0;0;0;0;0;0;16;73;4;38;4;0;3;1;1;0;0;2;1;0;3;0;0;0;0;0;1;2;0;1;0;1;29;4;0;4;7;0;0;0;0;2;0;0;3;2;0;0;0;0;0;0;0;0;1;1;1;3;35;15;26;0;62;9;5;22;2;6;1;0;0;0;0;0;0;1;3;0;0;1;1;0;0;2;26;8;6;2;3;1;1;0;0;0;0;0;1;1;0;0;0;0;0;0;0;0;0;0;0;3;99;40;2;0;10;4;2;1;0;11;2;1;2;0;2;0;0;1;0;0;0;2;0;0;1;2;3;1;0;1;1;0;0;0;0;0;0;0;0;0;0;0;0;0;0;0;0;0;0;0;0;0
2;"Szkoła Podstawowa, Ostaszewo 42, 87-148 Łysomice";41506;"gm. Łysomice";"toruński";"kujawsko-pomorskie";1;1;3;4;2;0;0;1;3;0;0;0;0;0;1;0;0;0;0;1;1;0;0;0;0;0;0;41;31;15;56;2;10;2;2;0;1;2;5;1;0;3;1;0;0;1;0;0;0;1;2;3;1;64;17;1;4;7;2;0;1;2;1;0;1;1;2;0;2;0;0;1;0;0;0;1;0;0;1;75;22;37;13;65;14;12;72;2;7;1;3;5;2;2;0;1;3;1;0;2;3;0;0;1;6;26;11;2;9;2;4;0;0;2;0;2;1;1;1;1;2;0;0;0;0;0;0;1;0;1;1;159;39;1;4;6;3;11;4;2;15;2;1;4;2;0;1;0;0;4;1;0;0;1;0;0;7;2;3;5;2;2;0;2;1;0;1;0;0;0;0;2;0;1;0;0;0;1;0;0;0;0;0
3;"Szkoła Podstawowa, ul. Warszawska 5, 87-148 Łysomice";41506;"gm. Łysomice";"toruński";"kujawsko-pomorskie";1;1;7;1;1;1;0;0;1;2;0;1;0;0;0;3;1;1;0;0;0;0;0;0;0;1;2;56;57;23;63;9;14;15;4;2;1;3;5;3;0;0;0;0;0;2;0;0;0;5;1;3;2;109;13;0;6;2;0;3;0;0;1;1;0;2;2;0;4;2;0;0;0;1;0;0;0;0;8;110;13;39;8;52;11;5;39;1;1;1;0;0;0;1;1;1;3;6;1;1;0;0;0;1;3;44;6;7;19;1;1;0;3;0;1;0;0;0;1;0;1;1;0;0;0;1;0;1;0;1;3;375;74;5;5;21;23;12;6;0;23;1;2;4;5;0;3;3;2;3;1;1;5;0;0;2;22;7;0;3;1;2;1;1;1;0;0;1;1;2;0;0;0;0;0;1;0;1;0;0;0;0;1
4;"Filia Gminnej Biblioteki Publicznej, Lulkowo 49, 87-148 Łysomice";41506;"gm. Łysomice";"toruński";"kujawsko-pomorskie";1;1;2;0;2;1;1;0;1;0;0;0;0;0;0;0;0;0;0;2;0;0;1;0;0;0;1;33;34;9;28;5;6;6;2;0;2;3;2;0;0;2;1;2;0;0;0;4;0;0;4;1;0;74;9;1;2;0;0;0;1;0;1;0;0;1;0;0;1;0;1;2;0;1;0;1;0;0;0;34;9;38;8;41;10;4;55;1;2;1;0;2;0;0;0;0;1;0;1;0;3;1;0;0;8;29;4;1;6;5;1;0;4;6;0;0;1;2;1;2;0;0;0;0;0;0;0;0;0;0;4;196;60;7;3;11;9;12;0;3;16;3;0;2;3;1;5;1;0;0;3;0;2;1;0;0;1;4;0;1;0;0;0;1;0;0;0;0;0;2;0;0;0;0;0;0;0;0;0;0;0;0;0
5;"Przedszkole Publiczne Jelonek, Papowo Toruńskie ul. Warszawska 24, 87-148 Łysomice";41506;"gm. Łysomice";"toruński";"kujawsko-pomorskie";1;1;3;1;0;0;1;2;0;0;0;0;0;0;1;0;0;0;0;0;1;0;0;0;0;0;0;37;54;11;35;2;4;6;1;5;1;1;5;1;0;1;1;0;0;1;0;2;0;1;2;1;4;82;20;0;5;1;1;2;1;0;1;1;1;0;2;0;0;1;1;0;0;1;0;0;1;0;0;77;9;26;5;33;13;6;37;1;2;0;0;3;0;0;1;0;1;0;1;0;0;0;0;0;2;33;7;6;13;1;0;1;3;1;0;2;0;2;2;2;0;0;1;0;0;0;1;0;0;0;0;247;61;9;3;10;8;7;3;0;25;1;2;4;1;2;4;4;1;1;0;0;0;0;0;0;4;6;1;4;0;2;1;0;1;0;0;0;0;1;0;0;0;0;0;0;0;0;1;0;0;0;0
6;"Świetlica wiejska, Kamionki Duże 13, 87-148 Łysomice";41506;"gm. Łysomice";"toruński";"kujawsko-pomorskie";1;1;0;0;0;0;1;0;0;0;0;0;0;1;1;0;0;0;0;0;1;0;0;0;0;0;0;15;23;3;30;0;6;3;3;0;0;2;1;0;1;0;1;1;1;1;0;0;0;1;1;1;1;16;9;0;0;0;0;1;0;2;0;0;1;3;0;0;0;0;0;0;0;0;0;0;0;0;0;22;5;14;2;43;7;4;33;1;5;2;1;1;1;0;0;0;2;0;2;0;0;0;0;1;2;11;3;3;3;3;0;0;1;0;0;0;2;1;0;0;0;0;1;0;0;0;0;0;0;0;1;49;10;0;0;5;0;1;0;1;7;0;0;2;0;2;0;0;2;1;0;0;1;1;0;0;0;3;0;0;1;0;0;0;0;0;0;0;1;0;0;0;1;0;0;0;0;0;0;0;0;0;2
7;"Świetlica wiejska, Gostkowo 91, 87-148 Łysomice";41506;"gm. Łysomice";"toruński";"kujawsko-pomorskie";1;1;3;0;0;0;1;0;0;0;0;0;0;0;0;0;0;0;0;0;0;0;0;0;0;2;0;6;52;2;14;0;1;0;0;0;0;0;1;1;0;0;0;0;0;0;0;0;0;1;2;2;0;23;8;0;2;1;0;2;1;0;0;2;0;0;1;0;1;0;0;0;0;0;1;0;0;0;3;50;11;8;4;53;12;5;23;0;4;2;0;0;0;0;0;0;1;0;0;0;1;0;0;0;1;8;3;0;5;0;0;2;0;0;0;0;1;1;0;0;1;0;0;0;0;0;0;0;0;0;0;56;16;1;1;2;5;5;0;0;2;0;1;3;0;0;0;0;0;0;0;0;2;0;0;0;3;2;0;2;0;0;0;2;1;0;0;0;0;0;0;0;0;0;0;0;1;0;0;0;0;0;0
1;"Szkoła Podstawowa im. Janusza Korczaka-Sala nr 9, Brzozówka ul. Szkolna 38, 87-123 Dobrzejewice";41507;"gm. Obrowo";"toruński";"kujawsko-pomorskie";1;1;2;2;0;1;0;3;0;0;0;0;1;0;1;0;0;0;0;0;0;0;0;0;0;0;1;67;37;3;30;3;28;15;3;1;4;5;7;1;0;2;2;3;1;0;1;1;0;3;0;3;8;134;9;1;4;10;5;4;1;4;2;1;6;0;3;1;2;2;0;0;0;0;1;1;0;1;4;42;16;44;13;165;9;4;31;0;22;0;0;2;3;0;0;3;5;2;0;1;0;2;0;0;6;53;7;6;12;6;6;2;1;1;0;0;2;2;0;4;0;1;3;1;0;2;0;0;0;2;6;298;101;11;7;14;13;11;4;6;43;1;5;6;5;1;3;1;1;2;0;0;4;0;0;2;3;5;1;0;2;1;1;0;1;0;0;0;0;0;1;0;0;0;0;1;0;0;0;0;0;0;0
2;"Świetlica, Głogowo ul. Olimpijska 23, 87-123 Dobrzejewice";41507;"gm. Obrowo";"toruński";"kujawsko-pomorskie";1;1;13;1;1;1;1;0;0;2;0;0;2;1;1;2;0;0;1;0;1;0;0;0;0;0;1;78;42;11;62;6;59;9;4;1;2;2;6;1;2;6;0;2;1;1;0;0;0;3;3;2;6;194;5;1;3;10;1;1;4;0;3;3;4;3;10;0;1;0;0;2;1;0;1;1;4;0;4;60;18;47;7;186;12;3;70;0;112;8;1;1;0;4;1;0;3;7;0;0;1;2;1;0;2;69;10;11;14;7;0;0;1;0;0;0;2;2;0;2;1;0;1;0;2;1;2;0;2;1;3;311;96;11;5;18;16;9;2;10;57;1;0;18;6;1;3;3;2;1;1;3;4;0;2;2;1;10;2;1;2;2;0;0;2;1;0;3;0;2;0;0;0;0;1;0;0;1;0;0;0;0;0
3;"Szkoła Podstawowa im. Gen. J. H. Dąbrowskiego, Sala nr 5, Dobrzejewice 57A, 87-123 Dobrzejewice";41507;"gm. Obrowo";"toruński";"kujawsko-pomorskie";1;1;2;0;0;1;0;0;1;1;0;1;0;1;0;1;0;1;1;0;0;0;0;0;0;0;1;29;11;8;19;1;87;1;0;0;0;3;4;0;2;0;1;1;1;2;0;0;1;1;0;0;2;68;6;0;4;1;2;0;0;1;1;1;2;1;0;0;1;2;0;0;0;0;0;1;1;0;0;24;17;30;3;57;8;4;34;3;212;0;1;2;0;0;0;0;0;0;0;1;1;0;0;0;1;33;6;0;4;3;1;3;1;1;0;0;1;3;1;0;0;0;0;0;0;0;0;0;0;1;1;86;37;3;1;5;5;8;2;2;11;1;0;8;1;1;1;2;1;1;0;0;4;0;1;0;1;1;0;0;0;0;0;0;0;0;0;0;0;0;0;0;1;0;0;0;0;1;0;0;0;0;2
4;"Szkoła Podstawowa im. Mikołaja Kopernika-Hol, Łążyn 43, 87-123 Dobrzejewice";41507;"gm. Obrowo";"toruński";"kujawsko-pomorskie";1;1;1;1;1;0;0;0;0;1;0;0;0;0;0;0;0;0;0;0;1;0;0;0;0;0;0;12;4;3;9;1;45;2;0;2;0;1;0;0;0;0;0;0;1;0;0;0;0;0;0;0;0;24;2;0;1;0;1;0;0;0;0;0;0;0;0;0;0;0;0;0;0;0;0;0;0;0;0;12;20;10;3;52;21;1;0;0;23;0;0;0;0;0;0;1;2;2;0;0;0;2;0;0;2;9;3;0;2;0;1;1;1;0;0;0;0;0;1;0;0;0;0;0;1;0;0;0;0;0;3;34;13;1;0;8;2;1;0;0;3;1;0;2;0;0;0;2;0;0;1;0;1;0;0;0;0;2;0;1;0;0;0;1;0;0;0;0;0;1;0;0;0;0;0;0;0;0;0;0;0;0;1
5;"Świetlica Wiejska, ul. Aleja Lipowa 29, 87-126 Obrowo";41507;"gm. Obrowo";"toruński";"kujawsko-pomorskie";1;1;6;1;1;1;3;0;0;0;0;2;0;3;3;0;0;0;1;1;1;0;0;0;2;0;4;44;28;12;33;4;42;12;2;0;0;0;6;1;2;6;3;0;0;1;2;0;1;0;2;1;11;80;4;0;4;5;0;2;0;1;1;0;0;0;3;1;2;1;0;1;0;0;0;0;1;0;0;52;55;38;8;152;7;4;36;1;76;0;1;5;0;3;0;0;7;0;0;2;0;1;0;2;2;41;4;6;7;4;3;5;4;0;0;1;1;1;1;3;2;0;0;0;0;0;0;1;0;0;6;169;66;3;4;11;4;11;2;0;26;1;1;19;2;1;0;3;0;1;1;0;0;0;0;0;2;11;0;5;1;2;0;2;0;1;0;0;1;2;2;0;2;0;0;0;0;4;0;0;0;0;0
6;"Szkoła Podstawowa im. mjr H. Sucharskiego, Hol nr 1, ul. Leśna 1, 87-125 Osiek nad Wisłą";41507;"gm. Obrowo";"toruński";"kujawsko-pomorskie";1;1;9;1;3;2;2;1;0;2;2;0;1;3;0;0;0;1;0;1;0;0;0;0;0;0;1;107;56;27;102;7;37;9;6;2;4;4;8;6;2;2;2;4;6;3;2;2;0;2;0;3;4;208;13;1;4;4;2;4;1;0;2;4;3;2;11;0;2;1;0;0;1;1;1;0;3;1;10;56;28;80;12;130;25;5;45;1;74;0;9;1;0;2;1;2;4;2;1;0;0;0;0;2;11;95;11;17;22;9;5;4;6;3;2;0;1;1;5;4;2;0;4;1;0;0;1;2;1;2;8;461;140;13;6;31;9;13;9;3;35;4;8;43;13;1;1;5;2;7;3;0;3;3;1;3;4;10;0;0;1;3;1;1;0;0;0;1;0;5;0;0;0;0;0;1;0;7;0;0;0;0;0
7;"Szkoła Podstawowa im. mjr H. Sucharskiego-Stołówka, ul. Leśna 1, 87-125 Osiek nad Wisłą";41507;"gm. Obrowo";"toruński";"kujawsko-pomorskie";1;1;2;0;1;0;0;0;2;1;0;0;0;0;1;0;0;0;0;1;0;0;0;0;0;0;0;40;24;18;36;0;6;14;3;4;0;1;3;1;0;1;2;3;1;2;0;4;2;0;4;1;2;120;2;0;3;5;1;1;1;1;0;1;0;0;5;0;1;1;0;0;0;0;0;1;0;0;1;29;8;41;5;59;10;5;28;2;6;3;3;0;0;0;1;0;2;2;0;0;0;0;1;0;5;38;2;1;2;0;4;0;1;2;3;0;0;2;1;1;3;0;2;1;2;1;1;1;0;0;3;236;79;2;4;16;5;5;2;1;33;1;2;1;5;1;1;1;1;1;2;1;0;1;0;1;0;6;1;0;0;2;0;0;2;0;1;0;0;1;0;0;0;0;0;0;0;0;0;0;0;0;0
8;"Remiza OSP, Szembekowo ul. Osiedlowa 56, 87-123 Dobrzejewice";41507;"gm. Obrowo";"toruński";"kujawsko-pomorskie";1;1;1;0;0;0;0;0;1;0;0;2;0;0;0;0;0;0;0;0;0;0;0;0;0;0;0;28;18;9;12;5;74;6;0;1;0;0;2;1;0;6;1;1;0;0;1;2;0;2;1;0;1;41;3;0;1;2;0;1;1;0;1;1;1;0;0;0;1;0;1;0;0;0;0;0;0;0;2;18;11;10;3;101;4;1;17;1;56;2;2;0;0;1;0;0;4;0;0;1;0;0;1;1;1;29;5;4;5;5;2;2;0;1;0;0;1;0;1;0;1;1;5;0;0;0;0;1;0;0;2;94;32;2;1;5;8;4;3;2;17;1;3;4;1;1;2;1;3;1;1;1;2;2;0;0;0;0;0;0;0;0;0;1;0;0;0;0;0;1;0;0;0;0;0;0;0;1;0;0;0;0;0
9;"Pałac w Zębowie (Szkoła Podstawowa-hol), Zębowo 59, 87-126 Obrowo";41507;"gm. Obrowo";"toruński";"kujawsko-pomorskie";1;1;0;0;0;0;1;0;0;0;0;2;0;0;2;0;0;0;0;0;0;0;0;0;0;0;1;9;7;3;3;2;65;1;0;0;0;0;4;0;0;0;1;0;0;0;1;0;1;1;1;0;3;18;1;0;2;0;0;0;0;0;1;0;1;1;0;1;0;1;0;0;0;0;1;0;0;0;0;31;17;5;3;108;1;1;24;1;31;1;0;2;0;3;0;0;3;1;0;0;0;0;1;2;2;21;5;6;2;1;0;2;0;0;1;0;0;1;2;0;1;0;1;0;0;0;0;1;0;1;2;31;13;1;2;5;2;1;0;0;8;0;0;4;0;0;0;1;0;0;0;0;0;0;0;1;0;3;0;1;0;0;0;0;0;0;0;0;0;0;1;0;0;0;0;0;2;4;0;0;0;0;0
10;"Remiza OSP, Kawęczyn 13D, 87-123 Dobrzejewice";41507;"gm. Obrowo";"toruński";"kujawsko-pomorskie";1;1;3;0;0;0;2;0;1;0;0;0;1;0;0;0;1;0;0;0;1;0;0;0;0;0;1;18;12;7;11;2;11;2;0;3;0;0;2;1;1;1;0;6;3;0;1;3;2;1;1;0;3;27;3;1;4;1;2;1;0;1;1;1;2;0;1;0;1;0;0;0;0;0;1;1;1;0;2;19;36;10;2;39;3;2;8;1;20;0;1;2;0;0;0;1;0;0;0;0;0;1;1;0;5;16;1;3;2;1;2;3;1;1;1;0;0;0;0;1;0;0;1;0;0;0;0;1;0;0;0;77;23;1;1;4;4;0;1;0;9;1;2;15;0;0;1;0;0;2;0;0;0;0;0;0;0;2;0;0;0;1;0;0;0;0;0;0;0;0;0;0;0;0;0;0;0;3;0;0;0;0;0
1;"Szkoła Podstawowa, Mała Nieszawka ul. Toruńska 64, 87-103 Toruń 5";41508;"gm. Wielka Nieszawka";"toruński";"kujawsko-pomorskie";1;1;2;0;0;0;1;0;1;1;0;0;0;0;0;0;0;0;1;0;0;0;0;0;0;0;0;42;14;8;19;3;4;5;1;1;2;3;4;1;1;4;2;5;0;1;1;1;0;0;2;0;1;81;3;1;0;2;0;1;2;0;1;0;0;0;0;0;0;0;1;0;0;1;0;1;0;0;2;61;17;35;7;30;13;2;27;1;0;1;0;1;0;0;0;1;0;2;0;1;0;1;0;1;1;31;5;3;13;1;0;1;1;2;0;2;2;1;0;0;0;0;0;0;0;0;0;1;0;2;2;219;51;3;3;9;13;5;4;2;22;2;0;0;2;0;4;0;0;1;3;0;2;0;0;0;0;9;1;0;0;0;0;0;0;0;0;0;0;1;4;0;0;0;0;0;0;11;0;0;0;0;0
2;"Budynek Gminnego Ośrodka Kultury i Sportu, Mała Nieszawka ul. Leśna 1, 87-103 Toruń 5";41508;"gm. Wielka Nieszawka";"toruński";"kujawsko-pomorskie";1;1;4;0;1;0;0;0;0;0;0;0;0;0;0;0;0;0;0;1;0;0;0;1;0;0;0;35;17;10;17;1;10;2;2;0;3;1;2;0;0;2;3;0;1;0;0;0;0;3;0;2;3;45;4;1;2;0;0;0;0;0;1;0;0;1;0;0;0;0;0;0;0;0;1;1;0;0;1;29;9;26;10;27;5;3;9;0;2;3;1;1;0;0;0;0;2;7;0;0;0;0;0;0;3;15;4;5;10;4;0;0;1;1;0;1;1;1;0;0;0;0;1;0;0;0;0;0;0;0;0;192;32;5;1;2;5;1;3;3;14;1;1;0;3;0;2;0;1;0;0;0;0;0;0;0;0;5;1;1;0;0;0;0;0;0;0;1;0;4;0;0;0;0;0;0;0;0;0;0;0;0;1
3;"Szkoła Podstawowa, ul. Szkolna 9, 87-165 Cierpice";41508;"gm. Wielka Nieszawka";"toruński";"kujawsko-pomorskie";1;1;1;0;1;0;0;1;1;1;0;0;0;0;1;0;1;1;0;1;1;0;0;1;0;0;1;38;11;8;11;5;5;5;1;2;0;2;2;1;0;0;0;0;0;0;0;0;0;0;1;0;5;46;5;1;4;2;0;2;1;0;4;1;1;2;1;0;0;0;0;1;0;0;2;0;3;0;2;30;10;29;15;45;16;5;10;1;4;3;0;0;0;1;2;1;3;1;0;1;0;0;0;0;1;25;4;2;6;6;0;2;0;1;1;0;0;0;2;1;0;2;0;1;0;0;0;0;0;0;3;175;46;1;0;5;2;14;1;0;7;0;2;2;3;0;0;0;1;2;1;0;0;3;0;1;4;6;2;0;2;0;0;0;0;0;0;2;0;1;0;0;0;0;0;0;0;2;0;0;0;0;1
4;"Centrum Sportu i Rekreacji ""Olender"", Wielka Nieszawka ul. Toruńska 34/40, 87-165 Cierpice";41508;"gm. Wielka Nieszawka";"toruński";"kujawsko-pomorskie";1;1;2;0;0;1;0;0;0;1;0;0;0;0;1;0;0;0;0;0;0;0;0;0;0;0;1;24;24;6;12;0;5;1;0;1;0;1;1;1;0;2;0;0;0;0;0;0;2;1;1;2;0;61;3;0;1;4;0;1;0;0;5;0;1;0;1;0;1;2;1;0;0;0;0;0;1;0;1;29;10;26;12;27;8;4;20;0;1;0;1;0;0;1;0;1;3;0;0;0;0;0;0;0;5;15;11;8;2;1;0;0;1;0;0;0;0;0;0;0;1;2;1;0;0;0;0;0;0;0;2;146;48;5;0;2;10;2;3;0;9;1;1;3;2;1;0;1;1;0;0;0;2;0;0;1;1;5;1;2;1;0;1;0;0;0;0;1;0;0;1;0;0;0;0;0;0;3;0;0;1;0;1
5;"""Motel Pod Kominkiem"", Brzoza ul. Leśna 3, 87-103 Toruń 5";41508;"gm. Wielka Nieszawka";"toruński";"kujawsko-pomorskie";1;1;1;0;0;0;0;0;0;0;0;0;0;0;0;0;0;1;0;0;0;0;0;0;0;0;0;2;2;0;0;0;0;0;0;1;0;0;0;1;0;0;0;0;2;0;0;0;0;0;0;0;0;10;0;0;1;1;0;0;0;0;0;1;1;0;0;0;0;0;0;0;1;0;0;0;0;0;0;3;2;1;5;10;4;0;1;1;0;0;0;1;0;0;0;0;1;0;0;0;0;0;0;2;0;3;0;0;1;1;1;0;0;0;0;0;0;0;0;0;0;0;0;0;0;0;0;0;0;1;0;26;6;0;0;1;1;0;0;0;1;1;0;0;0;0;0;0;1;0;0;1;0;0;0;0;0;0;0;0;0;0;0;0;0;0;0;0;0;0;0;0;0;0;0;0;0;3;0;0;0;0;0
6;"Dom Pomocy Społecznej, Wielka Nieszawka ul. Toruńska 18, 87-165 Cierpice";41508;"gm. Wielka Nieszawka";"toruński";"kujawsko-pomorskie";1;1;0;0;0;0;1;1;0;0;0;0;0;0;0;0;0;0;0;0;0;0;1;0;0;0;0;0;1;0;0;0;0;0;0;0;0;0;0;0;0;0;0;0;0;0;0;0;0;0;0;0;0;2;0;0;0;0;1;0;0;0;0;0;0;0;0;0;0;0;0;0;0;0;0;0;0;0;0;8;2;9;1;2;0;0;1;0;1;0;0;0;0;0;0;0;1;0;0;0;0;0;0;0;0;0;0;0;0;0;0;0;0;0;0;0;0;0;0;0;0;0;0;0;0;0;0;0;0;0;0;1;3;1;0;0;0;1;0;0;0;0;0;0;0;1;0;0;0;0;0;0;0;0;0;0;1;0;0;0;0;0;0;0;0;0;0;0;0;0;0;0;0;0;0;0;0;0;0;0;0;0;0
1;"Szkoła Podstawowa (sala nr 3), Górsk ul. Szkolna 2, 87-134 Zławieś Wielka";41509;"gm. Zławieś Wielka";"toruński";"kujawsko-pomorskie";1;1;3;0;1;0;1;0;0;0;3;1;0;2;1;0;0;1;0;0;0;2;0;1;1;1;1;27;25;9;27;2;39;6;1;1;0;34;8;0;0;3;1;1;0;0;0;0;1;2;2;3;1;71;5;1;3;7;2;1;0;0;2;2;3;1;1;0;1;0;1;0;1;0;2;0;4;1;0;62;26;47;20;29;29;8;85;2;7;2;0;1;1;1;0;0;4;0;0;1;0;0;0;4;2;22;5;28;5;2;1;0;2;1;0;0;1;0;1;0;2;0;0;0;0;1;0;0;0;1;7;241;38;7;5;7;8;5;4;1;20;1;4;0;5;3;0;3;1;0;1;1;2;0;0;1;0;3;2;0;1;0;0;1;0;0;0;0;0;0;0;1;1;0;0;0;0;4;0;0;0;0;0
2;"Szkoła Podstawowa, Łążyn 16, 87-134 Zławieś Wielka";41509;"gm. Zławieś Wielka";"toruński";"kujawsko-pomorskie";1;1;2;0;1;0;1;1;0;0;0;0;0;0;0;0;0;0;0;0;0;0;0;0;0;0;0;14;1;0;4;1;162;4;0;0;0;3;1;1;0;1;0;0;0;0;0;0;0;1;1;0;3;26;1;0;0;2;1;0;0;0;1;1;0;0;1;0;1;0;0;0;0;0;0;0;0;0;1;23;8;19;5;34;17;1;40;1;0;1;1;1;0;0;0;0;1;1;0;0;0;0;0;0;2;9;2;3;5;2;1;0;1;1;1;0;1;0;1;1;0;0;0;1;0;0;0;0;0;0;1;45;9;4;0;2;1;8;1;1;9;0;0;3;0;0;0;0;0;0;1;0;2;0;1;0;3;9;0;0;0;0;0;0;1;0;0;0;1;1;0;0;0;0;0;0;0;4;0;0;0;1;0
3;"Szkoła Podstawowa, Rzęczkowo 59, 87-134 Zławieś Wielka";41509;"gm. Zławieś Wielka";"toruński";"kujawsko-pomorskie";1;1;0;0;0;0;1;1;0;1;1;0;0;0;0;3;0;0;0;0;0;0;0;0;0;0;0;20;5;6;9;2;85;0;2;0;1;0;1;0;2;0;0;1;0;0;1;0;0;1;0;0;0;32;1;1;2;4;0;1;1;1;2;0;0;0;0;0;1;2;0;0;0;0;0;0;0;1;1;50;12;25;17;44;7;6;75;4;8;0;2;0;0;1;1;0;1;1;0;0;0;0;0;0;0;17;5;2;6;4;1;0;3;3;0;0;0;0;0;0;0;0;0;1;0;1;0;0;0;0;1;62;14;3;2;3;2;6;1;1;7;0;0;0;0;1;0;0;0;1;0;0;0;0;0;0;1;0;0;0;0;3;0;0;0;0;0;1;0;0;0;1;0;0;0;0;0;0;0;0;0;0;0
4;"Szkoła Podstawowa (sala nr 11), ul. Szkolna 6, 87-134 Zławieś Wielka";41509;"gm. Zławieś Wielka";"toruński";"kujawsko-pomorskie";1;1;4;1;0;0;0;0;0;0;0;0;0;0;1;1;0;0;0;0;0;0;0;0;0;0;0;30;11;2;11;1;30;3;4;1;0;3;1;1;0;0;1;0;0;0;0;0;0;1;2;0;0;51;5;0;1;4;0;4;1;0;3;0;1;0;0;0;1;2;0;1;0;0;0;0;0;0;0;29;8;28;6;29;13;4;37;1;3;1;2;1;0;1;0;0;1;0;0;2;0;1;0;0;1;18;6;9;4;0;0;2;0;1;0;1;0;0;0;0;0;0;0;0;0;0;0;0;0;1;1;96;14;1;3;3;3;3;2;1;5;0;0;4;1;0;2;1;0;1;0;0;0;0;0;0;1;2;0;0;0;0;1;0;1;0;0;0;0;0;2;0;0;0;0;0;0;9;0;0;0;0;3
5;"Szkoła Podstawowa, Przysiek ul. Leśna 1, 87-134 Zławieś Wielka";41509;"gm. Zławieś Wielka";"toruński";"kujawsko-pomorskie";1;1;1;1;0;0;1;0;2;0;1;0;0;0;0;0;0;0;0;0;0;0;0;0;0;0;1;17;22;2;12;2;13;1;1;0;0;1;1;1;0;3;0;0;0;1;0;0;1;0;0;0;0;39;4;0;0;4;0;1;0;1;6;1;1;0;1;0;0;2;0;0;0;1;0;0;1;0;2;38;8;28;2;29;31;0;20;1;1;2;0;0;1;0;0;0;0;0;0;1;0;0;0;0;2;9;2;1;1;1;1;1;0;0;0;1;0;0;0;1;0;0;0;0;0;0;0;0;0;0;1;127;34;1;0;2;2;2;0;3;19;1;0;0;2;0;0;2;0;1;1;1;0;0;0;0;1;5;1;0;0;0;0;0;0;0;0;0;0;0;0;0;0;0;0;0;0;4;0;0;0;0;0
6;"Szkoła Podstawowa w Złejwsi Wielkiej Filia w Czarnowie, Czarnowo 29, 87-134 Zławieś Wielka";41509;"gm. Zławieś Wielka";"toruński";"kujawsko-pomorskie";1;1;5;1;1;0;0;0;0;1;0;0;0;1;0;0;0;0;1;0;0;1;0;0;0;0;0;79;25;16;21;2;40;5;4;1;0;3;9;0;0;0;1;0;3;0;0;0;0;3;3;0;4;92;11;0;2;7;2;1;2;0;2;1;2;1;2;0;3;0;0;1;1;0;0;0;1;0;1;68;22;36;6;41;15;3;50;2;3;3;1;1;1;1;1;2;5;0;1;0;0;2;0;1;1;48;6;15;2;3;4;0;4;2;1;0;3;1;0;3;2;0;0;0;0;1;0;0;0;2;2;177;70;10;10;4;10;13;2;0;19;3;3;2;0;1;0;1;0;3;0;0;1;2;1;1;5;15;2;2;1;0;2;1;0;0;0;0;0;0;0;0;0;1;0;0;0;23;0;0;1;0;5
7;"Świetlica wiejska, Czarne Błoto ul. Prosta 23, 87-134 Zławieś Wielka";41509;"gm. Zławieś Wielka";"toruński";"kujawsko-pomorskie";1;1;3;0;0;1;0;0;1;1;1;1;0;1;0;0;0;0;0;0;0;1;0;1;0;0;0;29;20;15;24;2;9;4;3;0;2;5;2;0;1;2;2;0;0;0;0;0;0;2;1;1;2;80;2;0;1;1;1;0;0;0;6;1;3;1;1;1;1;0;0;0;0;0;0;0;1;0;0;32;12;18;5;16;13;1;40;3;2;3;0;1;1;1;1;1;2;3;0;0;1;0;0;0;2;35;10;9;10;6;1;0;1;0;3;1;0;0;0;0;1;0;1;0;0;0;0;0;0;0;1;204;38;8;2;6;9;13;4;0;10;6;3;1;5;1;4;1;1;2;2;0;1;0;0;0;2;2;0;0;1;2;0;0;0;0;0;0;1;0;0;0;0;0;0;1;0;0;0;0;0;0;0
8;"Szkoła Podstawowa (sala nr 12), ul. Szkolna 6, 87-134 Zławieś Wielka";41509;"gm. Zławieś Wielka";"toruński";"kujawsko-pomorskie";1;1;2;1;0;0;0;0;0;1;0;0;1;1;0;0;0;0;0;0;0;0;0;0;0;0;0;33;16;8;14;1;42;3;4;1;4;6;0;0;3;2;1;2;1;0;0;0;1;0;2;0;3;47;4;0;2;1;1;0;1;0;1;0;1;0;3;0;0;0;0;0;0;0;0;0;2;0;0;33;13;20;8;43;16;3;23;1;6;3;2;0;0;0;1;0;1;0;1;0;0;1;0;0;2;31;6;13;4;4;3;3;4;2;2;1;1;0;0;1;1;0;3;0;0;0;0;0;0;0;2;105;26;5;3;6;5;6;4;2;5;0;0;1;1;0;1;3;0;2;0;0;0;0;0;0;0;0;0;0;0;1;1;0;0;0;0;0;0;0;1;0;0;0;0;0;0;11;0;0;0;0;0
9;"Szkoła Podstawowa w Rzęczkowie Filia w Siemoniu, Siemoń 89a, 87-134 Zławieś Wielka";41509;"gm. Zławieś Wielka";"toruński";"kujawsko-pomorskie";1;1;2;1;0;0;0;0;0;2;0;0;0;1;0;0;0;0;1;0;1;0;0;0;0;0;0;5;3;3;0;0;55;0;1;0;0;1;2;0;0;3;0;1;0;0;1;0;0;0;1;0;0;10;4;0;1;0;1;1;2;0;2;1;0;0;1;0;0;0;0;0;0;0;0;0;0;0;1;24;3;8;8;29;14;1;24;2;0;1;0;0;0;0;0;0;2;0;0;0;0;0;0;0;0;14;3;4;0;2;2;1;0;2;0;0;0;0;0;0;1;0;0;0;0;0;0;0;0;1;0;51;9;1;0;2;2;1;1;0;6;0;1;0;0;0;0;0;0;0;0;0;0;0;0;0;11;1;0;1;0;0;0;0;1;0;0;0;0;0;0;0;0;1;0;0;0;0;0;0;0;0;0
10;"Świetlica wiejska, Pędzewo 27A, 87-134 Zławieś Wielka";41509;"gm. Zławieś Wielka";"toruński";"kujawsko-pomorskie";1;1;4;1;0;0;0;0;1;1;2;2;0;0;0;0;0;0;0;0;2;0;0;0;0;0;1;16;3;5;12;1;21;4;2;0;1;0;2;0;0;3;0;0;0;0;0;0;0;3;1;0;1;17;0;0;2;4;2;0;0;0;0;0;0;0;1;0;1;0;1;1;1;0;1;0;0;0;1;27;3;12;6;40;6;1;40;0;2;0;1;1;2;0;0;0;0;0;0;2;0;0;0;0;0;28;5;7;5;2;1;1;2;2;0;1;1;0;0;2;0;0;1;0;0;0;0;0;0;0;1;62;21;4;3;3;1;3;2;1;10;1;1;0;0;0;1;1;0;0;0;1;0;1;1;0;1;0;2;0;0;4;0;0;1;0;0;0;0;0;1;0;0;0;0;0;0;3;1;0;0;0;0
11;"Świetlica wiejska, Rozgarty ul. Długa 18A, 87-134 Zławieś Wielka";41509;"gm. Zławieś Wielka";"toruński";"kujawsko-pomorskie";1;1;3;1;0;1;0;0;0;2;1;0;1;1;0;0;0;0;0;0;0;0;0;0;0;0;0;42;35;15;20;5;10;8;1;2;3;5;2;2;0;1;0;1;0;2;0;2;0;2;2;0;1;86;2;0;3;2;0;1;0;0;3;1;1;0;2;0;0;2;0;0;0;0;0;0;0;0;5;40;15;24;3;31;17;1;16;1;2;0;0;0;0;0;0;0;3;0;0;1;0;0;0;0;1;38;5;11;7;3;1;1;0;2;0;2;1;0;0;0;0;0;1;0;0;0;0;1;0;0;1;310;74;4;0;3;7;9;0;4;37;4;0;4;8;1;0;0;0;3;0;0;1;3;0;2;5;4;2;5;3;1;0;1;0;1;0;0;0;0;0;0;0;0;0;0;0;0;0;0;0;0;0
12;"Świetlica wiejska, Stary Toruń ul. Szeroka 3, 87-134 Zławieś Wielka";41509;"gm. Zławieś Wielka";"toruński";"kujawsko-pomorskie";1;1;3;1;2;1;1;0;1;0;0;0;0;0;0;0;0;0;0;0;0;0;0;0;0;0;0;26;17;5;18;0;7;4;1;1;0;6;3;2;0;0;0;0;0;0;2;0;0;2;2;0;2;57;4;1;0;1;0;1;1;1;0;3;1;0;2;1;0;0;0;1;0;0;0;1;0;0;0;35;5;27;3;37;21;1;15;0;1;0;0;0;0;0;0;1;0;0;0;0;0;0;0;0;1;21;1;7;5;1;0;1;0;0;0;0;0;0;0;0;0;0;0;0;0;0;0;0;0;0;0;178;45;2;4;5;3;4;0;1;33;0;3;0;1;1;1;0;0;0;0;0;0;0;0;0;0;1;0;0;0;1;0;1;0;0;0;1;0;0;0;0;0;0;0;0;0;0;0;0;0;0;0
1;"Szkoła Podstawowa Nr 2 im. Jana Pawła II, ul. Wolności 30, 87-200 Wąbrzeźno";41701;"m. Wąbrzeźno";"wąbrzeski";"kujawsko-pomorskie";1;1;3;1;0;0;1;0;0;0;0;1;0;1;0;1;0;0;0;0;0;0;0;0;0;0;0;8;52;0;4;1;0;0;0;0;0;0;0;0;0;0;0;0;0;0;0;0;1;0;2;0;0;20;1;1;0;4;0;0;0;0;1;0;3;0;0;0;1;1;0;1;0;0;0;0;0;0;1;30;13;13;7;15;1;7;15;0;6;3;0;1;0;1;0;0;2;1;0;0;1;2;1;0;1;10;0;2;5;1;1;0;1;0;0;1;2;1;1;0;1;0;1;0;0;0;0;0;0;0;3;31;10;41;2;27;3;1;2;0;0;0;0;0;0;5;0;0;0;0;0;0;0;0;0;0;0;2;1;0;0;0;0;0;0;1;0;0;0;1;0;0;0;0;0;0;0;0;0;0;0;0;0
2;"Szkoła Podstawowa Nr 3 im. Edmunda Wojnowskiego, ul. Tysiąclecia 1, 87-200 Wąbrzeźno";41701;"m. Wąbrzeźno";"wąbrzeski";"kujawsko-pomorskie";1;1;3;1;0;0;0;0;0;1;0;0;0;0;1;0;0;0;0;0;0;0;0;1;0;0;0;10;143;2;2;0;1;1;0;1;2;0;0;0;0;0;1;0;1;0;0;0;4;0;2;1;0;57;6;3;2;3;1;2;1;0;2;0;2;0;0;1;0;1;1;1;1;0;1;0;3;0;1;66;12;55;11;18;2;5;28;2;24;3;2;4;2;0;0;0;0;0;0;0;2;2;1;0;2;19;7;0;7;1;0;1;2;1;0;1;0;0;0;0;1;0;0;0;1;0;0;0;1;0;5;94;21;72;2;64;9;5;3;2;0;1;0;0;0;3;1;0;0;0;2;0;0;1;0;1;0;10;2;1;1;0;1;0;0;0;0;1;0;1;0;0;0;0;0;0;0;0;0;0;0;0;0
3;"Przystań Sportów Wodnych im. Jerzego Bosmana-Lewandowskiego, ul. Podzamcze 25, 87-200 Wąbrzeźno";41701;"m. Wąbrzeźno";"wąbrzeski";"kujawsko-pomorskie";1;1;2;1;1;0;0;0;0;0;0;0;0;0;0;0;0;0;0;0;0;0;0;0;0;0;0;14;108;1;0;1;2;0;0;1;0;1;1;0;0;2;0;0;0;0;0;0;2;0;0;0;1;34;2;2;0;1;0;0;2;0;0;0;0;0;0;0;0;0;0;0;0;0;0;2;1;0;1;23;8;16;3;22;0;1;3;1;4;6;0;0;0;0;0;0;0;1;1;0;1;0;0;0;2;10;3;3;2;4;0;0;1;0;0;0;0;0;2;1;0;0;0;0;0;0;0;1;0;0;2;94;25;45;1;34;4;1;0;4;3;1;0;0;3;1;0;0;2;2;1;0;0;0;0;0;1;2;6;0;0;0;0;0;2;0;0;0;0;0;0;1;0;0;0;0;0;0;0;0;0;0;0
4;"Miejski Zakład Energetyki Cieplnej, Wodociągów i Kanalizacji Sp. z o. o., ul. Tysiąclecia 8A, 87-200 Wąbrzeźno";41701;"m. Wąbrzeźno";"wąbrzeski";"kujawsko-pomorskie";1;1;0;0;1;1;2;0;1;0;1;0;1;0;0;0;0;0;0;0;0;0;0;0;0;0;0;11;164;2;3;0;1;1;1;3;0;2;1;1;0;1;2;1;0;0;0;0;5;0;1;0;1;57;6;4;2;3;4;0;0;0;0;1;3;2;1;0;4;2;0;0;0;0;0;0;0;0;1;87;22;49;16;29;3;4;16;1;18;8;3;6;0;1;0;2;0;0;0;4;11;1;3;1;4;30;3;1;15;1;0;0;1;1;2;1;1;0;1;0;2;1;1;0;2;0;0;0;0;1;3;132;20;72;0;65;8;5;0;3;2;2;2;1;0;1;0;1;0;0;0;1;1;3;0;0;2;3;6;0;1;0;1;0;1;0;0;1;0;0;0;0;0;1;0;0;0;2;1;1;0;0;0
5;"Szkoła Podstawowa nr 2 im. Jana Pawła II, ul. Wolności 11, 87-200 Wąbrzeźno";41701;"m. Wąbrzeźno";"wąbrzeski";"kujawsko-pomorskie";1;1;1;0;0;0;0;0;0;0;0;0;0;0;1;0;0;0;0;0;0;0;0;1;0;0;0;4;44;0;0;0;1;0;0;1;0;0;0;0;0;0;0;0;1;0;0;0;0;0;0;0;0;13;0;1;0;1;0;0;0;0;0;1;0;1;0;0;0;0;0;0;0;0;0;0;0;0;0;21;7;20;4;10;0;1;11;0;6;5;0;2;0;2;1;0;1;0;0;0;2;1;1;0;0;7;1;0;6;1;0;1;1;2;1;0;0;1;0;0;0;1;0;0;0;0;0;0;0;0;0;21;7;36;0;21;1;3;0;2;1;1;0;0;0;0;0;1;0;0;1;0;0;0;0;1;0;0;1;0;1;0;0;0;0;0;0;0;0;0;0;0;0;0;0;0;1;0;0;0;0;0;0
6;"Wąbrzeski Dom Kultury, ul. Wolności 47, 87-200 Wąbrzeźno";41701;"m. Wąbrzeźno";"wąbrzeski";"kujawsko-pomorskie";1;1;2;1;0;0;0;0;1;0;0;0;0;0;0;0;0;0;0;0;0;1;0;0;0;0;1;17;142;3;2;1;3;1;1;1;0;1;0;1;0;1;0;0;0;0;1;0;2;0;0;0;1;82;4;0;2;3;1;0;0;0;0;1;3;0;1;0;1;1;1;1;0;0;0;0;1;0;3;67;5;36;17;29;4;4;19;0;21;14;3;1;0;2;0;0;2;1;0;1;6;1;3;0;0;14;4;3;10;1;1;1;2;2;1;0;0;2;1;0;1;0;1;1;0;0;0;1;0;3;0;76;31;60;0;64;7;3;5;2;0;2;1;1;1;0;2;2;1;1;1;0;0;4;0;0;0;7;2;3;0;0;0;1;0;0;0;0;1;0;0;0;0;0;0;0;0;0;0;0;0;0;1
7;"Miejska i Powiatowa Biblioteka Publiczna im. Witalisa Szlachcikowskiego, ul. Matejki 11B, 87-200 Wąbrzeźno";41701;"m. Wąbrzeźno";"wąbrzeski";"kujawsko-pomorskie";1;1;1;2;0;1;0;0;0;0;0;0;0;0;0;0;0;0;0;0;1;0;0;0;0;0;0;8;66;3;0;1;2;1;0;0;1;0;0;0;0;0;0;0;0;0;0;0;0;0;1;0;0;27;5;1;0;2;0;0;0;0;0;0;0;0;0;0;1;0;1;0;0;0;0;0;0;0;2;21;7;14;10;1;0;1;9;0;16;5;1;0;0;1;0;0;2;0;0;0;0;2;0;0;1;6;0;1;2;0;0;0;1;1;0;1;1;0;1;0;0;0;0;0;0;0;0;0;0;0;3;21;12;43;0;19;1;1;2;0;2;0;1;0;1;0;0;0;0;0;0;0;1;0;0;0;0;2;1;0;0;0;0;0;0;0;0;0;0;0;1;0;0;0;0;0;0;2;0;0;0;0;0
8;"Centrum Kształcenia Praktycznego i Ustawicznego, ul. Staszica 2, 87-200 Wąbrzeźno";41701;"m. Wąbrzeźno";"wąbrzeski";"kujawsko-pomorskie";1;1;4;1;0;0;2;0;2;3;0;0;0;0;0;0;0;1;0;0;2;0;0;1;0;0;0;22;117;4;6;1;7;2;1;0;2;1;2;1;2;1;0;0;0;2;0;0;1;0;0;0;1;51;2;1;1;0;1;0;2;0;0;1;1;0;1;0;1;0;0;0;1;0;0;0;2;0;1;71;9;41;17;22;5;5;8;2;8;9;0;1;1;0;0;0;0;0;0;0;0;1;1;1;2;20;0;6;6;7;0;5;0;3;1;0;0;0;0;0;0;0;1;0;0;0;0;1;0;0;0;70;18;79;2;42;11;4;1;2;1;1;2;0;1;0;1;0;0;0;0;0;0;1;0;0;1;2;1;0;0;0;0;0;0;0;0;0;0;0;0;0;0;0;0;0;0;0;0;0;0;0;0
9;"Zespół Szkół, ul. Żeromskiego 6, 87-200 Wąbrzeźno";41701;"m. Wąbrzeźno";"wąbrzeski";"kujawsko-pomorskie";1;1;1;2;0;0;1;1;0;0;0;1;0;0;0;0;0;0;0;1;0;0;0;0;0;0;0;12;128;6;3;1;0;0;1;1;0;0;1;0;0;0;0;0;0;0;0;0;6;0;0;0;1;44;4;1;1;5;0;0;0;2;0;1;0;1;0;0;2;0;2;0;0;0;0;0;1;0;0;71;7;40;27;32;4;3;12;1;19;6;0;0;0;2;0;0;3;1;0;0;4;4;0;1;4;13;3;3;2;5;0;1;2;0;1;1;0;3;1;1;0;0;1;0;0;0;0;0;0;0;5;74;39;55;2;38;7;1;0;2;2;0;0;1;0;3;0;1;2;0;0;0;0;2;1;0;1;4;1;0;0;0;0;0;0;0;0;0;0;0;0;0;0;0;0;0;0;0;0;0;0;0;0
10;"Komenda Powiatowa Państwowej Straży Pożarnej, ul. św. Floriana 6, 87-200 Wąbrzeźno";41701;"m. Wąbrzeźno";"wąbrzeski";"kujawsko-pomorskie";1;1;4;0;0;0;0;0;0;0;0;0;0;0;0;0;0;0;0;0;0;0;0;0;0;0;1;9;108;3;1;2;1;2;1;0;0;0;0;0;0;0;0;0;0;0;0;0;4;0;0;0;0;25;1;1;1;0;0;0;2;0;0;1;0;0;2;0;0;1;1;0;0;0;0;1;0;0;0;26;9;18;6;18;0;4;11;1;11;11;0;0;1;1;0;1;2;0;0;1;4;0;1;0;2;11;2;2;3;0;0;0;0;0;0;0;0;1;0;0;0;1;1;0;0;0;0;3;0;0;1;25;11;26;0;24;7;3;2;0;1;1;0;0;1;1;1;2;0;0;0;0;0;0;0;0;0;2;0;0;0;0;0;0;0;0;0;0;0;1;0;0;0;0;0;0;0;0;0;0;0;0;0
11;"Nowy Szpital Sp. z o. o., ul. Wolności 27, 87-200 Wąbrzeźno";41701;"m. Wąbrzeźno";"wąbrzeski";"kujawsko-pomorskie";1;1;0;0;0;0;0;0;0;0;0;0;0;0;0;0;0;0;0;0;0;0;0;0;0;0;0;0;0;0;0;0;0;0;0;0;0;0;0;0;0;0;0;0;0;0;0;0;0;0;0;0;0;0;0;0;0;0;0;0;0;0;0;0;0;0;0;0;0;0;0;0;0;0;0;0;0;0;0;1;2;0;1;2;0;1;0;0;1;0;0;0;0;0;0;0;0;0;0;0;0;0;0;0;0;1;0;0;0;0;1;0;0;0;0;0;0;0;0;0;0;0;0;0;1;0;0;0;0;0;0;1;0;0;0;1;0;0;0;0;0;0;0;0;0;0;0;0;0;1;0;0;0;0;0;0;0;0;0;0;0;0;0;0;0;0;0;0;0;0;0;0;0;0;0;0;0;0;0;0;0;0;0
1;"Szkoła Podstawowa, Dębowa Łąka 127, 87-207 Dębowa Łąka";41702;"gm. Dębowa Łąka";"wąbrzeski";"kujawsko-pomorskie";1;1;1;3;0;0;0;0;0;0;2;0;0;0;0;0;0;0;0;0;1;0;0;0;0;0;0;22;82;3;4;0;4;0;1;4;0;0;2;0;0;0;2;1;2;1;0;0;1;0;1;0;1;14;1;1;0;1;0;0;1;0;1;0;0;0;2;0;1;0;0;2;0;0;0;1;1;0;0;31;10;9;18;65;0;2;26;0;10;4;0;1;0;0;0;1;1;2;0;0;1;0;0;0;0;23;6;3;3;2;3;1;0;0;1;0;0;0;1;2;0;1;0;0;0;0;0;0;0;0;4;29;4;20;0;12;8;0;3;0;2;2;0;0;0;1;0;0;0;0;0;0;0;0;0;0;0;1;1;1;0;0;0;0;0;1;0;0;0;0;0;0;0;0;0;0;0;0;0;0;0;0;0
2;"Szkoła Podstawowa, Łobdowo 6, 87-207 Dębowa Łąka";41702;"gm. Dębowa Łąka";"wąbrzeski";"kujawsko-pomorskie";1;1;2;2;0;0;0;0;1;0;0;0;0;0;1;0;0;0;0;0;1;0;0;0;0;0;1;8;44;2;0;0;0;0;0;1;0;1;3;0;1;0;0;1;0;0;1;0;0;0;0;1;0;17;2;2;1;2;1;0;0;0;0;1;1;2;0;0;0;1;1;0;0;0;0;0;1;1;0;32;9;8;14;65;4;0;23;4;7;2;2;3;0;2;0;2;2;0;0;0;0;0;0;0;0;14;7;5;4;0;1;0;0;0;2;0;0;1;1;0;1;0;1;0;1;0;1;0;0;0;1;10;9;7;1;4;5;2;1;0;2;0;0;0;0;1;0;0;0;0;0;0;0;0;0;0;2;4;2;0;1;0;0;1;0;0;1;0;0;0;0;1;0;0;1;0;0;0;0;0;0;0;0
3;"Szkoła Podstawowa, Wielkie Radowiska 2, 87-207 Dębowa Łąka";41702;"gm. Dębowa Łąka";"wąbrzeski";"kujawsko-pomorskie";1;1;0;2;1;0;2;0;0;0;0;0;0;0;1;0;0;0;0;0;0;0;0;0;0;0;1;14;64;7;2;0;3;0;2;1;0;0;0;0;1;2;0;0;2;0;0;0;2;1;0;0;1;24;0;2;0;1;0;0;0;0;2;1;3;3;0;0;1;1;0;0;0;0;0;1;0;0;0;27;9;15;28;73;1;5;27;3;26;4;0;0;2;2;0;0;3;0;0;1;1;3;0;0;0;15;7;4;2;1;4;0;2;0;2;0;1;0;2;6;1;2;0;2;0;0;0;0;0;0;4;22;9;7;0;3;9;1;0;2;1;0;0;1;0;1;1;0;0;0;0;0;0;0;0;0;1;5;2;0;1;0;0;0;0;0;0;2;0;0;0;0;0;0;0;0;0;0;0;0;0;0;0
1;"Gminny Ośrodek Kultury, ul. Szkolna 4, 87-222 Książki";41703;"gm. Książki";"wąbrzeski";"kujawsko-pomorskie";1;1;5;11;0;0;0;0;0;0;0;1;0;0;1;0;0;0;0;0;0;0;0;0;0;0;0;32;64;6;4;0;1;2;2;0;0;1;1;0;0;2;0;0;1;1;0;0;4;0;3;0;2;12;2;1;1;2;1;1;0;0;1;0;2;1;3;0;1;0;0;1;1;0;0;0;0;0;2;44;6;12;30;74;0;2;16;1;21;1;2;2;0;0;0;2;0;0;1;0;13;0;0;1;0;26;4;3;6;2;1;0;0;0;0;1;0;0;0;1;0;1;1;0;0;0;1;0;0;0;10;30;11;13;1;3;10;1;0;0;1;0;1;0;0;1;0;0;0;0;0;0;0;0;0;0;0;2;6;1;0;0;0;1;0;0;0;0;0;0;0;0;0;0;0;0;0;2;0;0;0;0;0
2;"Szkoła Podstawowa, ul. Szkolna 6, 87-222 Książki";41703;"gm. Książki";"wąbrzeski";"kujawsko-pomorskie";1;1;0;6;0;0;2;0;0;2;0;0;0;0;0;1;0;1;0;0;0;0;0;0;0;0;0;34;68;1;10;0;3;0;1;0;0;0;1;0;1;0;0;0;1;0;0;0;1;1;0;0;1;24;3;0;4;1;0;1;1;0;0;1;0;1;0;0;0;1;1;0;0;0;1;0;2;0;1;52;8;9;28;32;1;0;12;1;22;5;2;2;0;2;1;0;3;0;0;0;19;2;1;0;1;21;4;4;1;2;0;0;0;4;0;0;1;1;0;1;0;1;0;0;0;0;0;0;0;0;7;34;19;28;2;13;10;2;3;1;0;0;0;0;3;2;2;1;0;3;0;0;0;0;0;0;0;6;2;0;0;0;0;0;0;0;0;0;0;0;0;0;0;0;0;0;0;3;0;0;0;0;0
3;"Świetlica Wiejska, Łopatki 42, 87-222 Książki";41703;"gm. Książki";"wąbrzeski";"kujawsko-pomorskie";1;1;5;9;0;0;1;0;0;0;0;0;0;0;0;0;0;0;0;0;0;0;0;0;0;0;0;17;56;2;0;0;0;0;0;0;0;1;1;1;0;1;0;0;0;0;0;0;5;0;1;0;0;13;1;1;0;0;1;0;1;0;0;0;1;1;0;2;0;0;0;0;0;0;0;0;0;0;0;37;14;10;23;43;2;2;12;1;13;2;1;0;0;0;0;2;3;0;1;1;7;1;0;0;1;20;2;1;2;1;0;0;0;0;0;1;1;2;0;0;2;0;0;0;1;0;0;2;0;0;3;17;5;25;2;10;2;1;0;0;0;2;0;0;0;1;0;2;0;0;0;0;0;1;0;0;0;1;1;0;0;1;0;0;0;1;0;0;0;0;0;0;0;0;0;0;0;4;0;0;0;0;1
4;"Świetlica Wiejska, Osieczek 187a, 87-222 Książki";41703;"gm. Książki";"wąbrzeski";"kujawsko-pomorskie";1;1;0;3;1;0;0;0;0;0;0;0;0;0;0;0;1;0;0;0;0;0;0;0;0;0;0;14;38;2;3;0;1;0;0;0;0;1;2;0;0;2;0;0;0;1;0;0;0;0;0;0;2;13;1;0;2;0;2;0;0;0;0;0;0;2;0;0;0;0;0;0;0;0;0;0;0;0;0;38;4;17;16;39;3;4;14;1;17;2;9;1;0;1;0;0;4;0;0;1;0;0;0;1;1;4;5;2;1;0;0;0;2;0;0;0;2;1;2;1;0;0;0;1;0;0;0;0;0;0;1;10;2;9;0;5;4;0;0;0;2;0;3;0;0;0;0;1;0;0;0;0;0;0;0;0;0;5;0;0;0;0;0;0;1;0;0;0;0;0;0;0;0;0;0;0;0;0;0;0;0;0;0
1;"Zespół Szkolno-Przedszkolny, Płużnica 43, 87-214 Płużnica";41704;"gm. Płużnica";"wąbrzeski";"kujawsko-pomorskie";1;1;1;0;0;0;0;0;0;0;0;0;0;0;0;0;0;0;0;0;0;0;0;0;0;0;0;8;180;2;1;0;0;0;0;0;0;0;0;0;0;0;0;0;0;0;0;0;0;0;1;0;0;22;2;3;0;2;0;0;0;0;1;0;1;0;0;0;0;0;0;0;0;0;0;1;0;0;0;25;7;11;2;38;0;4;69;2;1;7;0;0;2;1;1;1;1;0;0;0;0;2;0;0;1;15;2;4;2;1;0;1;0;1;0;0;0;0;0;0;0;0;0;0;0;0;0;0;0;0;0;32;10;8;0;3;2;1;1;1;2;0;0;0;0;1;0;0;1;1;0;0;0;1;0;0;3;0;0;0;0;0;0;0;0;0;0;0;1;1;1;0;0;0;0;0;0;0;0;0;0;0;0
2;"Sala Gimnastyczna, Płużnica 37a, 87-214 Płużnica";41704;"gm. Płużnica";"wąbrzeski";"kujawsko-pomorskie";1;1;1;0;2;1;0;0;0;0;0;0;0;1;0;0;0;0;0;0;0;0;0;0;0;1;1;5;150;1;2;0;0;0;0;1;0;0;0;2;0;0;0;0;1;0;0;0;2;0;0;0;0;19;0;1;0;1;0;0;0;0;2;0;0;0;0;0;0;0;0;0;1;0;0;0;0;0;0;23;11;10;8;48;1;3;53;4;3;3;1;2;0;0;0;0;3;0;1;0;0;1;0;0;2;12;1;0;1;0;0;0;1;0;0;0;0;0;0;1;1;0;1;0;2;0;0;0;0;0;1;15;3;2;1;9;3;0;0;0;0;0;0;0;0;2;0;0;0;0;0;0;0;0;0;0;4;1;0;0;0;0;0;0;0;0;1;0;0;0;0;0;0;0;0;0;0;2;0;0;0;0;0
3;"Zespół Szkolno-Przedszkolny budynek w Nowej Wsi Królewskiej, Nowa Wieś Królewska 25, 87-214 Płużnica";41704;"gm. Płużnica";"wąbrzeski";"kujawsko-pomorskie";1;1;4;1;1;0;0;0;0;0;0;0;0;0;1;0;0;0;0;0;0;0;1;0;0;0;0;11;159;4;1;2;1;1;0;0;0;0;1;0;0;2;0;0;0;0;0;0;8;1;0;0;0;9;3;0;0;1;0;0;0;1;0;0;0;0;1;0;0;0;0;1;0;0;0;0;0;0;1;23;7;23;25;38;3;4;33;1;1;2;1;0;0;1;0;2;1;0;3;0;0;1;0;0;2;7;2;0;2;0;0;0;2;0;0;0;0;1;0;0;0;0;0;0;0;0;0;0;0;1;1;11;3;10;0;10;0;4;0;0;0;0;0;0;1;0;0;0;0;0;0;0;0;0;0;0;0;1;1;0;0;0;2;0;0;0;0;0;0;0;0;0;0;0;0;0;0;0;2;0;0;0;0
4;"Remizo-świetlica, Błędowo 67, 87-214 Płużnica";41704;"gm. Płużnica";"wąbrzeski";"kujawsko-pomorskie";1;1;1;2;0;0;0;0;0;0;0;0;2;0;0;0;0;0;0;0;0;0;0;0;0;0;0;9;196;0;0;0;3;0;1;0;0;0;0;0;2;0;0;0;0;0;0;0;1;0;0;0;0;10;1;2;1;3;1;0;0;0;0;0;2;0;3;1;0;0;1;0;0;0;0;0;0;0;2;41;17;15;19;50;3;6;32;1;1;5;0;9;1;1;2;3;4;0;3;0;0;8;1;1;1;24;4;7;3;5;0;1;4;1;0;0;0;1;1;2;1;2;1;0;0;0;0;0;1;0;1;24;8;18;0;5;1;2;0;2;1;1;0;1;0;0;0;1;0;0;0;1;0;0;0;0;1;0;1;0;0;0;0;0;0;0;0;0;0;0;0;0;0;0;0;0;0;0;0;0;0;0;0
5;"Świetlica wiejska, Mgowo 20, 87-214 Płużnica";41704;"gm. Płużnica";"wąbrzeski";"kujawsko-pomorskie";1;1;0;0;0;0;0;0;0;0;0;0;0;0;0;0;0;0;0;0;0;0;0;0;0;0;0;1;66;1;0;1;0;0;0;0;0;1;0;0;0;0;0;0;0;0;0;0;0;0;0;0;0;3;1;2;0;0;0;0;0;0;1;0;0;0;0;1;0;0;0;0;0;0;0;0;4;0;0;18;5;7;12;11;2;8;16;2;1;4;0;3;0;1;0;0;9;0;0;0;0;0;0;0;1;5;1;1;1;0;0;0;0;0;0;0;0;0;0;0;0;0;0;0;0;0;0;0;0;0;0;13;2;1;3;7;0;1;0;0;0;0;0;0;0;0;0;0;0;0;1;0;0;0;0;0;0;1;0;0;1;0;0;1;1;0;0;1;0;0;0;0;0;0;0;0;0;0;0;0;0;0;0
1;"Szkoła Podstawowa, Jarantowice 84C, 87-200 Wąbrzeźno";41705;"gm. Ryńsk";"wąbrzeski";"kujawsko-pomorskie";1;1;5;0;1;0;0;0;0;0;0;0;1;0;1;0;0;1;0;0;0;0;1;0;0;0;0;16;79;4;6;1;8;1;0;1;0;0;1;0;0;1;0;1;2;0;0;0;12;1;1;0;2;20;1;1;0;0;0;0;3;2;0;0;0;2;0;3;0;0;0;0;0;0;0;1;0;0;1;36;9;15;20;48;2;2;9;1;11;7;1;1;0;0;0;1;1;1;0;2;3;9;1;0;1;14;2;1;4;2;0;0;1;0;0;0;0;0;3;1;0;1;1;0;2;0;0;0;0;0;4;33;7;37;0;8;5;2;1;1;0;2;0;0;0;2;0;1;0;1;0;0;0;0;0;0;2;0;4;0;0;2;1;0;0;0;0;0;0;0;0;0;0;0;0;0;0;1;0;0;0;0;0
2;"Szkoła Podstawowa, ul. Szkolna 4, 87-213 Ryńsk";41705;"gm. Ryńsk";"wąbrzeski";"kujawsko-pomorskie";1;1;0;0;0;1;1;2;0;1;0;0;0;0;0;1;0;0;0;0;0;0;0;0;0;0;1;10;102;8;6;0;3;2;2;0;0;2;3;0;0;0;1;0;1;0;0;0;5;1;1;0;2;33;4;0;1;3;1;1;0;0;1;2;2;0;0;1;2;0;2;0;0;0;0;2;0;0;1;45;15;31;21;108;2;3;33;4;8;9;4;3;1;0;1;1;6;0;0;1;2;1;1;1;3;17;8;6;9;2;0;4;2;2;0;0;1;1;2;4;3;0;2;1;1;0;0;1;0;1;6;46;12;15;1;16;1;2;0;1;2;0;0;1;0;1;0;0;0;1;0;0;0;1;0;0;5;4;1;0;0;1;1;2;0;0;0;0;0;1;0;1;0;0;0;0;0;1;0;0;0;0;0
3;"Świetlica, Nielub 21, 87-200 Wąbrzeźno";41705;"gm. Ryńsk";"wąbrzeski";"kujawsko-pomorskie";1;1;0;1;0;0;0;0;0;0;0;0;1;0;0;0;0;0;0;0;0;0;0;0;0;0;0;10;56;1;3;0;1;0;0;1;0;1;0;1;1;1;1;0;0;0;0;0;2;1;0;0;1;17;2;1;2;1;0;1;0;0;0;1;0;0;0;0;0;0;1;0;0;0;0;0;0;1;3;24;8;12;8;26;1;3;27;2;5;3;1;0;0;1;0;0;1;1;0;0;0;0;0;0;1;7;2;0;1;0;0;2;0;1;2;0;0;1;1;0;0;0;0;0;0;0;0;0;0;0;6;16;7;9;4;13;6;0;0;0;0;3;0;0;0;0;1;0;0;0;0;0;0;0;0;0;0;0;0;0;0;0;0;0;0;0;0;0;0;0;0;0;0;0;0;0;0;0;0;0;0;0;0
4;"Świetlica, Wałycz ul. Lecha Mączyńskiego 17, 87-200 Wąbrzeźno";41705;"gm. Ryńsk";"wąbrzeski";"kujawsko-pomorskie";1;1;1;2;1;0;0;0;0;0;0;1;0;0;0;0;0;0;0;0;0;0;0;0;1;0;0;6;101;2;1;4;1;0;0;1;0;0;1;1;0;0;1;0;0;0;0;0;0;2;0;0;1;30;4;1;2;1;0;0;0;1;1;0;1;0;0;0;0;0;0;0;0;0;0;1;1;0;1;37;12;19;25;27;1;4;12;0;27;7;1;0;0;1;3;0;1;0;1;0;6;1;0;0;3;24;0;2;4;0;0;1;2;0;1;0;0;0;1;1;0;0;0;0;0;0;0;0;0;0;6;31;8;18;2;25;3;0;2;3;2;1;0;2;2;0;0;0;0;0;0;1;0;1;0;0;1;1;0;0;0;0;0;0;0;0;0;0;0;0;0;0;0;0;0;0;0;0;0;0;0;0;0
5;"Szkoła Podstawowa, Zieleń 56, 87-200 Wąbrzeźno";41705;"gm. Ryńsk";"wąbrzeski";"kujawsko-pomorskie";1;1;3;3;2;0;1;1;1;0;1;0;0;0;0;0;0;0;0;0;0;0;0;0;0;0;0;14;48;7;3;0;2;0;0;0;0;1;1;1;0;1;0;0;0;0;0;0;2;0;0;0;2;17;2;1;0;3;1;2;2;1;1;4;1;1;2;0;0;0;0;0;0;0;0;0;0;0;0;25;16;15;20;54;2;3;23;2;7;7;1;1;1;2;1;0;1;1;1;1;0;2;1;1;2;4;4;1;1;1;0;0;2;3;1;0;2;0;0;0;1;0;0;0;0;0;1;1;0;1;0;21;11;7;1;9;1;0;0;1;2;0;0;1;1;2;0;0;0;0;2;0;1;1;0;0;0;3;0;0;0;1;2;0;0;0;0;0;0;0;1;0;0;0;0;0;0;0;0;0;0;0;0
6;"Szkoła Podstawowa, Myśliwiec 3, 87-200 Wąbrzeźno";41705;"gm. Ryńsk";"wąbrzeski";"kujawsko-pomorskie";1;1;1;3;0;0;1;0;1;1;0;0;0;0;0;0;0;0;0;0;0;0;0;0;0;0;0;16;61;0;0;0;0;0;2;0;0;0;0;2;0;0;0;0;0;0;0;0;4;0;1;0;1;18;4;1;0;1;1;1;2;0;0;1;1;0;0;0;1;1;0;0;1;0;1;0;0;0;0;21;4;4;9;22;0;3;6;0;7;0;0;0;0;0;0;0;1;0;0;0;1;0;0;0;0;14;3;0;3;0;2;2;0;1;0;0;0;0;0;0;0;0;1;1;0;0;0;0;0;0;0;10;3;9;1;6;3;1;1;2;2;4;0;0;0;2;0;1;0;0;0;0;0;0;1;0;1;6;1;0;0;0;0;0;0;0;2;0;0;0;0;0;0;0;0;0;0;0;0;0;0;0;0
7;"Świetlica, Czystochleb 13, 87-200 Wąbrzeźno";41705;"gm. Ryńsk";"wąbrzeski";"kujawsko-pomorskie";1;1;0;0;0;0;1;0;1;0;0;0;0;2;1;1;0;0;0;0;0;0;0;0;0;0;0;3;73;0;2;2;1;0;0;0;0;1;0;0;1;0;0;0;0;0;0;0;1;0;1;0;0;15;0;0;0;0;0;0;3;0;0;0;0;0;0;0;0;0;1;0;0;0;0;0;0;0;0;17;5;11;7;14;1;2;9;1;10;1;0;2;0;0;0;0;2;1;1;0;0;5;0;0;5;9;4;3;4;0;1;0;0;0;0;0;0;1;0;1;2;0;1;0;0;0;0;0;0;0;1;21;5;9;0;12;7;2;1;3;1;0;0;2;0;0;0;0;0;1;0;0;0;0;0;0;4;3;1;0;0;0;0;0;0;0;0;2;0;0;0;0;0;0;0;0;0;2;0;0;0;0;0
8;"Świetlica, Ludowice 81, 87-213 Ryńsk";41705;"gm. Ryńsk";"wąbrzeski";"kujawsko-pomorskie";1;1;0;0;0;0;0;0;0;0;0;0;0;0;0;0;0;0;0;0;0;0;0;0;0;0;0;9;25;0;0;1;1;1;0;0;0;0;0;0;0;0;1;0;0;0;0;0;3;1;1;0;0;5;2;1;0;1;0;0;1;0;0;1;1;0;1;0;0;1;0;0;0;1;0;0;0;0;0;12;5;13;3;52;0;4;15;0;6;1;2;0;0;1;1;2;1;0;0;0;1;0;0;0;0;5;0;1;4;1;2;0;0;1;1;0;3;2;1;2;1;0;0;0;0;0;0;0;0;0;5;26;11;5;0;1;0;2;1;1;8;2;1;0;1;1;0;2;0;0;0;0;1;0;0;0;1;1;0;1;0;1;0;0;0;0;0;0;1;0;0;0;0;0;0;0;0;0;0;0;0;0;1
9;"Świetlica, Wronie 24B, 87-200 Wąbrzeźno";41705;"gm. Ryńsk";"wąbrzeski";"kujawsko-pomorskie";1;1;0;0;0;0;0;1;0;0;0;0;0;0;0;0;0;0;0;0;1;0;0;0;0;0;0;4;63;2;0;0;2;0;1;0;0;0;0;0;0;0;0;0;0;0;0;0;1;0;1;0;0;12;1;1;0;1;1;0;0;0;1;0;2;0;0;0;1;0;0;0;0;0;0;1;0;0;0;14;5;10;8;14;0;2;6;0;5;3;0;0;0;0;0;1;3;0;0;0;1;0;0;0;1;8;0;1;2;0;1;2;0;1;0;0;0;0;0;1;1;1;0;0;2;0;0;0;0;0;1;16;8;7;0;21;1;2;0;0;0;0;1;0;0;0;0;0;0;0;0;0;0;0;0;0;0;0;1;0;0;0;0;0;0;0;0;0;0;0;0;0;1;0;0;0;0;1;0;1;0;0;0
10;"Świetlica, Pływaczewo 9A, 87-200 Wąbrzeźno";41705;"gm. Ryńsk";"wąbrzeski";"kujawsko-pomorskie";1;1;2;0;0;1;0;0;0;0;1;0;0;1;0;0;0;0;0;0;1;0;0;0;0;0;0;14;36;0;2;1;0;1;1;0;0;0;2;0;0;0;1;0;0;0;0;0;0;0;0;0;0;9;0;0;3;1;0;0;0;2;1;0;0;1;1;1;1;2;1;0;0;0;0;0;0;0;0;12;4;7;12;46;0;4;7;1;6;1;0;0;0;1;1;1;1;0;0;0;0;1;1;0;0;2;4;0;2;3;0;1;0;0;0;0;0;1;0;0;1;0;0;0;2;0;0;0;0;0;3;14;1;2;1;4;0;1;0;0;0;0;0;0;0;0;0;0;0;1;0;0;0;0;0;0;0;0;0;0;0;0;0;0;0;0;0;0;0;1;0;1;0;0;0;0;0;0;0;0;0;0;0
11;"Świetlica, Jaworze 16B, 87-200 Wąbrzeźno";41705;"gm. Ryńsk";"wąbrzeski";"kujawsko-pomorskie";1;1;0;0;1;0;0;0;0;0;0;0;1;0;0;0;0;0;0;0;0;0;0;0;0;0;0;5;17;1;2;0;1;0;1;0;0;0;1;0;0;1;0;0;0;0;0;0;0;0;0;0;1;3;1;1;0;0;0;0;0;0;0;0;0;0;0;0;1;0;1;0;1;0;0;0;2;0;0;14;4;1;12;12;0;0;7;0;7;0;0;1;0;0;0;0;4;0;0;0;3;0;0;0;2;2;2;1;0;1;0;0;0;0;0;0;0;0;0;0;0;0;0;0;0;0;0;0;0;0;0;16;2;4;0;6;3;2;0;2;0;1;0;0;0;0;0;0;0;0;0;0;0;0;0;0;0;0;3;0;0;0;0;0;0;0;0;0;0;1;0;0;1;0;0;0;0;0;0;0;0;0;0
1;"Zespół Szkół Centrum Kształcenia Rolniczego, ul. Kazimierza Wielkiego 11, 87-820 Kowal";41801;"m. Kowal";"włocławski";"kujawsko-pomorskie";1;1;2;1;1;0;0;0;0;1;2;0;1;0;0;0;0;1;0;0;0;1;0;0;1;0;0;25;2;3;3;9;7;1;0;1;48;0;0;0;2;3;0;0;1;0;0;0;0;1;1;0;3;41;16;0;1;3;2;0;0;1;0;0;1;0;1;0;0;0;1;1;0;0;0;1;1;0;0;20;83;7;86;15;1;7;6;6;0;6;0;0;1;1;1;0;2;0;0;0;0;1;0;1;0;7;9;3;2;2;2;1;1;3;0;0;0;0;0;1;0;0;2;0;0;1;0;1;0;1;0;41;19;0;56;5;1;1;2;0;2;1;0;1;1;0;0;0;0;1;1;0;0;0;1;0;0;1;0;0;0;0;0;0;0;0;0;0;0;0;1;0;0;0;0;0;0;0;0;0;1;0;0
2;"Centrum Społeczno-Kulturalne Miasta Kowala, ul. Kazimierza Wielkiego 10, 87-820 Kowal";41801;"m. Kowal";"włocławski";"kujawsko-pomorskie";1;1;1;1;2;0;1;1;2;0;0;0;0;0;0;1;1;0;0;0;0;0;0;0;0;0;0;34;3;3;5;5;4;0;4;0;47;0;1;1;0;0;0;0;0;0;0;0;2;2;0;0;5;31;24;2;3;5;0;0;2;0;0;0;0;0;0;0;0;0;0;0;0;0;0;0;0;1;0;12;67;5;57;11;2;0;7;6;0;4;0;2;0;1;0;0;0;0;0;0;0;0;0;0;1;18;8;3;0;1;1;0;2;0;0;0;1;1;0;1;0;0;0;0;0;0;0;0;0;1;0;53;8;2;76;3;8;1;6;0;2;2;1;1;1;1;0;0;0;0;0;0;0;0;0;0;1;5;1;1;0;2;1;0;0;0;0;0;0;0;0;0;0;0;0;0;0;9;0;0;0;0;0
3;"Remiza OSP, ul. Zamkowa 4, 87-820 Kowal";41801;"m. Kowal";"włocławski";"kujawsko-pomorskie";1;1;1;0;1;0;1;2;0;0;1;0;1;0;0;0;0;1;0;0;0;0;0;0;1;0;0;29;4;1;11;9;2;1;0;2;28;0;3;0;1;1;0;0;1;0;0;0;0;1;0;3;2;41;34;0;0;4;0;0;0;1;1;0;1;0;0;0;1;0;0;0;0;0;0;0;2;0;0;9;76;2;64;10;1;2;12;2;0;1;1;1;0;0;1;1;3;0;0;0;0;1;0;3;1;15;5;2;2;1;2;0;1;0;0;1;1;0;0;1;0;1;0;0;0;0;0;0;0;1;3;44;16;4;56;2;8;5;8;1;1;4;0;1;1;1;0;4;0;2;1;0;0;1;0;0;1;2;0;0;0;1;0;1;1;0;0;0;0;0;0;0;0;0;0;0;0;6;0;0;0;0;0
4;"Świetlica Domu Pomocy Społecznej w Kowalu, ul. Kopernika 19, 87-820 Kowal";41801;"m. Kowal";"włocławski";"kujawsko-pomorskie";1;1;1;0;1;0;0;0;1;0;0;0;0;0;0;0;0;0;0;0;0;0;0;0;0;0;0;1;1;1;0;0;0;0;0;0;0;0;0;0;0;1;0;0;1;0;0;0;0;0;0;0;0;2;0;0;0;1;0;0;0;0;0;0;0;0;0;0;0;0;0;0;0;0;0;0;0;0;0;7;3;1;2;0;0;2;0;1;1;1;0;1;0;0;1;0;1;0;1;0;0;0;0;0;0;0;0;0;0;0;0;0;0;0;1;0;0;0;0;0;1;0;0;0;0;0;0;0;0;0;1;0;0;0;3;0;0;0;0;0;0;0;0;1;0;0;0;0;0;0;0;0;0;0;0;0;1;0;0;0;0;0;0;0;0;0;0;0;0;1;1;0;0;0;0;0;0;0;0;0;0;0;0
1;"Świetlica Zespołu Szkolno-Przedszkolnego, Baruchowo 19A, 87-821 Baruchowo";41802;"gm. Baruchowo";"włocławski";"kujawsko-pomorskie";1;1;1;1;0;0;0;1;0;0;0;0;1;1;1;0;0;0;0;0;0;1;0;0;1;0;2;15;2;4;5;4;2;0;1;0;23;0;1;1;0;1;0;0;1;0;0;0;1;1;0;0;1;22;11;0;0;2;1;0;0;0;1;0;1;1;0;0;3;0;3;0;0;0;0;0;1;0;0;11;34;5;22;20;0;0;15;0;1;3;1;2;0;0;1;0;0;1;0;0;1;0;0;1;1;9;1;1;1;2;1;1;1;1;0;1;2;1;0;1;0;0;1;0;0;1;0;0;0;3;0;29;6;3;11;1;0;0;2;2;0;2;0;0;0;0;0;1;0;0;0;0;0;0;0;2;1;2;0;0;0;0;0;0;0;0;0;0;0;1;0;1;0;0;0;0;0;1;0;0;0;0;0
2;"Remiza OSP w Kłotnie, Kłotno 71a, 87-820 Kłotno";41802;"gm. Baruchowo";"włocławski";"kujawsko-pomorskie";1;1;0;0;0;0;1;1;0;0;1;0;0;0;0;0;0;0;0;0;1;0;0;0;0;0;0;15;1;4;1;1;2;2;0;0;34;0;2;0;0;0;0;0;0;1;0;0;1;1;2;3;0;12;8;0;0;2;1;0;1;0;0;0;0;0;0;1;3;1;0;0;0;0;1;0;0;0;3;22;70;2;48;35;0;2;7;1;2;6;0;3;0;2;1;2;1;0;0;0;1;0;0;2;2;6;2;5;1;1;0;1;4;1;1;0;0;0;0;0;0;0;0;0;0;0;0;0;0;1;1;14;10;1;21;0;4;2;2;0;0;0;0;0;0;0;1;1;0;0;0;0;0;0;0;0;0;0;0;0;0;1;0;0;0;0;0;0;0;0;1;0;0;0;0;0;0;0;0;0;0;1;0
3;"Remiza OSP w Kurowie-Kolonii, Kurowo-Kolonia 37, 87-820 Kurowo-Kolonia";41802;"gm. Baruchowo";"włocławski";"kujawsko-pomorskie";1;1;0;0;3;0;0;1;1;0;0;0;0;0;0;0;0;0;0;0;0;0;0;0;0;0;1;19;5;4;1;3;2;0;0;0;17;0;1;4;0;0;0;0;0;0;0;0;0;0;1;0;0;12;7;2;0;0;1;0;0;0;0;0;0;0;0;0;0;1;0;0;0;0;1;0;0;0;1;16;39;4;46;34;1;3;4;3;0;0;0;0;0;0;0;0;2;0;0;0;0;0;0;0;0;15;2;3;0;3;1;1;2;0;0;0;0;1;0;1;0;0;0;0;0;0;0;0;0;1;0;13;4;2;14;2;1;2;1;2;0;1;0;0;0;0;0;1;0;0;0;0;1;0;0;0;0;0;0;0;0;0;2;0;0;0;0;0;0;0;0;0;0;0;0;0;0;2;0;0;0;0;0
4;"Środowiskowy Dom Samopomocy, Czarne 11, 87-820 Czarne";41802;"gm. Baruchowo";"włocławski";"kujawsko-pomorskie";1;1;1;0;2;0;1;0;0;0;1;0;0;0;0;0;0;0;0;0;0;1;0;0;0;0;1;5;2;4;2;0;1;1;0;2;32;1;2;0;0;0;0;0;0;0;0;0;0;0;0;0;0;18;8;1;0;7;0;0;1;0;0;1;0;0;0;0;0;2;1;0;0;0;0;0;0;0;2;15;68;9;24;16;1;2;12;1;1;8;0;1;1;1;1;0;2;0;0;0;0;0;0;0;0;4;2;3;1;1;0;0;0;0;1;0;1;0;1;0;0;0;0;0;0;0;0;0;0;0;0;18;7;1;23;3;0;1;5;1;0;0;0;0;0;0;0;0;0;0;0;0;0;0;0;0;1;0;0;0;0;1;0;0;0;0;0;0;0;0;0;0;0;0;0;0;0;2;0;0;0;0;0
5;"Remiza OSP w Świątkowicach, Świątkowice 12, 87-820 Świątkowice";41802;"gm. Baruchowo";"włocławski";"kujawsko-pomorskie";1;1;0;0;2;0;0;0;0;0;0;0;0;0;0;1;0;0;0;0;0;0;0;0;0;0;0;6;0;0;1;1;2;0;0;0;7;0;0;0;0;0;0;0;1;0;0;0;0;0;0;0;1;4;11;0;0;0;0;0;0;0;0;0;0;0;1;0;0;0;1;0;0;0;0;0;3;0;0;6;24;0;23;13;0;0;3;1;0;3;0;1;0;0;1;0;0;0;1;0;0;0;0;0;0;5;1;2;0;0;0;2;0;0;1;2;0;0;0;2;1;0;0;0;0;0;0;0;0;0;0;7;2;2;11;0;0;0;0;0;0;1;0;0;0;0;1;3;0;1;1;0;0;0;0;0;0;2;0;0;0;0;0;0;0;0;0;0;0;0;0;0;0;0;0;0;0;0;0;0;0;0;0
6;"Remiza OSP w Goreniu Dużym, Goreń Duży 24A, 87-820 Goreń Duży";41802;"gm. Baruchowo";"włocławski";"kujawsko-pomorskie";1;1;0;0;1;0;0;0;0;0;0;0;0;0;0;0;0;0;0;0;0;0;0;0;0;0;0;1;1;3;1;0;0;0;0;0;3;0;1;0;0;0;1;0;0;0;0;0;0;0;0;0;0;8;2;0;1;1;0;0;0;0;0;1;2;0;0;0;1;0;0;0;0;0;0;0;0;0;1;6;29;2;41;6;0;0;5;2;0;4;2;1;1;0;0;1;1;0;0;1;0;0;0;0;0;5;3;1;0;0;0;0;0;0;0;0;0;1;0;0;0;0;0;0;0;0;0;0;0;0;0;9;2;1;7;0;0;1;0;0;0;1;0;0;0;1;0;0;0;1;0;0;0;0;0;0;0;0;0;0;0;0;0;0;0;0;0;0;0;1;0;0;0;0;0;0;0;0;1;0;0;0;0
7;"Dom Pomocy Społecznej w Kurowie, Kurowo-Parcele 44, 87-820 Kurowo-Parcele";41802;"gm. Baruchowo";"włocławski";"kujawsko-pomorskie";1;1;0;0;0;0;0;0;0;0;0;0;0;0;0;0;0;0;0;0;0;0;0;0;0;0;0;0;0;1;0;0;0;0;0;0;0;0;0;0;0;0;0;0;0;0;0;0;0;0;0;0;0;0;0;0;0;0;0;0;0;0;0;0;0;0;0;0;0;0;0;0;0;0;0;0;0;0;0;3;3;1;8;3;0;0;0;0;0;1;0;1;0;0;0;0;0;0;0;0;0;0;0;0;0;1;0;0;0;0;0;0;0;0;0;0;0;0;0;0;0;0;0;0;0;0;0;0;0;1;0;0;0;0;1;0;1;0;0;0;0;0;0;0;0;0;0;0;0;0;0;0;0;0;0;0;0;0;0;0;0;0;0;0;0;0;0;0;0;0;0;0;0;0;0;0;0;0;0;0;0;0;0
1;"Szkoła Podstawowa w Boniewie, ul. Szkolna 32, 87-851 Boniewo";41803;"gm. Boniewo";"włocławski";"kujawsko-pomorskie";1;1;6;1;0;0;0;2;1;0;0;0;1;0;0;0;0;1;0;0;0;0;2;0;1;0;1;31;3;2;3;6;1;1;0;3;5;0;6;3;0;4;0;0;2;0;0;0;0;1;4;0;1;12;20;0;0;5;1;0;0;0;1;1;1;0;1;1;0;0;0;0;0;0;0;0;1;0;0;13;85;10;85;25;1;1;6;2;1;0;1;0;2;0;0;0;4;0;1;0;1;0;0;3;1;7;2;3;1;4;0;0;0;1;0;0;0;0;0;0;1;0;0;0;1;0;0;0;0;2;3;20;0;2;41;0;5;3;5;0;4;6;0;0;1;2;0;0;0;1;0;0;0;0;0;0;0;1;0;0;0;0;0;0;0;0;1;0;0;1;0;1;0;0;0;0;0;1;0;0;0;0;1
2;"Sala posiedzeń przy Hali Sportowej w Boniewie, ul. Szkolna 32, 87-851 Boniewo";41803;"gm. Boniewo";"włocławski";"kujawsko-pomorskie";1;1;2;0;1;1;0;0;0;0;0;0;0;2;1;0;0;0;1;0;0;0;0;0;0;0;0;16;1;3;2;0;0;0;1;1;2;0;1;2;0;1;0;0;0;0;0;0;0;0;0;0;1;12;7;0;0;1;1;0;1;1;0;1;1;0;0;1;1;0;2;0;0;0;0;0;0;0;0;5;49;4;51;18;0;7;1;0;1;3;0;0;0;0;1;0;1;0;0;0;0;1;0;0;0;6;1;3;2;0;1;1;2;1;0;0;0;0;1;1;0;0;0;0;1;0;0;0;0;0;0;13;2;0;17;1;2;0;1;0;1;1;0;0;0;0;1;0;0;0;0;0;0;0;0;0;0;3;0;0;0;0;0;1;0;0;0;0;0;0;0;0;0;0;0;0;0;0;0;0;0;0;0
3;"Świetlica wiejska w Lubominie, Lubomin 52, 87-851 Boniewo";41803;"gm. Boniewo";"włocławski";"kujawsko-pomorskie";1;1;1;1;3;0;0;0;0;0;0;0;0;0;1;0;0;0;0;0;0;1;0;0;0;0;0;23;1;0;2;4;2;0;2;0;3;0;1;7;0;0;0;1;0;0;0;0;1;1;0;0;3;13;6;0;2;1;0;0;0;0;1;0;0;0;0;1;1;0;0;0;0;0;0;0;1;0;0;12;55;4;71;32;0;0;3;1;0;0;0;1;1;0;0;0;1;0;0;0;0;0;0;1;0;9;2;2;1;1;0;0;0;2;0;1;1;0;0;0;0;0;1;0;0;0;0;0;0;0;1;10;5;1;12;0;0;0;0;2;0;0;1;0;0;0;0;1;0;0;0;0;0;0;0;0;0;3;0;0;1;0;0;0;0;0;0;0;0;0;0;0;0;0;0;0;0;0;0;0;0;0;0
4;"Budynek po Szkole Podstawowej w Osieczu Małym, Osiecz Mały 32, 87-851 Boniewo";41803;"gm. Boniewo";"włocławski";"kujawsko-pomorskie";1;1;1;0;5;0;0;1;0;0;0;0;0;0;0;0;0;0;0;0;0;0;0;0;0;0;0;15;3;2;4;1;2;0;0;1;5;0;1;2;0;0;0;0;2;0;0;0;0;0;0;0;0;7;2;1;0;2;0;0;0;0;0;0;0;0;0;0;0;0;0;0;0;0;0;0;0;0;1;5;36;1;33;17;0;0;2;2;2;7;0;0;1;0;0;0;0;0;0;0;0;0;0;0;0;9;2;3;1;0;1;0;0;0;0;0;0;0;0;0;2;0;0;0;0;0;0;0;0;0;0;1;3;0;20;0;0;0;2;0;0;0;0;0;0;0;0;1;0;0;0;0;0;0;0;0;0;2;0;0;1;0;2;0;0;0;0;0;0;0;2;0;0;0;0;0;0;1;0;0;0;0;0
5;"Świetlica wiejska w Kaniewie, Kaniewo 20, 87-890 Lubraniec";41803;"gm. Boniewo";"włocławski";"kujawsko-pomorskie";1;1;0;0;2;0;1;1;1;0;0;1;0;0;0;0;0;0;0;1;0;0;0;0;0;0;0;9;1;0;2;1;2;0;0;1;4;1;2;3;2;0;2;0;0;0;0;0;0;1;0;1;0;6;10;0;0;2;0;0;1;0;1;0;0;0;0;0;0;0;0;0;0;0;0;0;0;0;0;6;20;4;40;19;0;0;1;2;1;1;0;0;0;1;0;0;0;0;0;1;0;0;0;0;1;1;4;0;0;0;0;0;0;0;0;0;0;0;0;1;1;0;0;1;0;0;0;0;0;0;1;7;0;0;16;0;0;1;1;0;0;0;0;0;0;0;3;0;0;0;0;0;0;0;0;0;0;1;0;0;3;0;1;0;1;0;0;0;0;0;0;0;0;0;0;0;0;0;0;0;0;0;0
6;"Świetlica wiejska w Otmianowie, Otmianowo 9C, 87-851 Boniewo";41803;"gm. Boniewo";"włocławski";"kujawsko-pomorskie";1;1;2;0;1;0;0;3;0;0;0;0;0;0;0;0;0;0;0;0;0;0;0;0;0;0;0;15;0;0;1;2;0;0;1;1;1;0;0;0;0;0;0;0;0;0;0;0;0;0;0;0;2;5;6;0;0;1;0;0;1;1;1;1;0;0;2;0;0;0;0;0;0;0;0;0;0;0;0;8;22;2;28;8;0;3;0;2;0;1;1;0;0;0;0;0;2;0;0;0;0;0;0;0;1;1;1;1;0;1;0;0;0;0;0;0;0;0;0;1;1;1;0;0;0;0;0;0;0;0;1;4;1;0;6;1;3;0;1;1;0;1;0;0;0;0;0;0;0;0;0;0;0;0;0;0;0;3;0;0;0;0;0;0;0;0;0;1;0;0;0;0;0;0;0;0;0;0;0;0;0;0;0
7;"Świetlica wiejska w Osieczu Wielkim, Osiecz Wielki 34A, 87-851 Boniewo";41803;"gm. Boniewo";"włocławski";"kujawsko-pomorskie";1;1;0;1;0;0;0;0;0;0;0;0;0;0;0;0;0;1;0;0;0;1;0;0;0;0;0;2;1;0;2;3;1;1;0;0;2;1;1;0;0;0;1;0;0;0;0;0;0;0;0;0;0;2;2;0;1;0;0;0;0;0;0;0;0;0;0;0;0;0;0;0;0;0;0;0;0;0;0;4;21;1;13;7;0;1;2;2;0;1;0;3;0;0;0;0;0;0;0;1;0;0;0;0;0;2;0;0;0;0;0;1;0;1;0;0;0;0;0;0;0;0;0;0;0;0;0;0;0;0;0;5;1;0;6;0;0;0;1;0;0;0;0;0;0;0;0;0;0;0;0;0;0;0;0;0;0;0;0;0;0;0;0;0;0;0;0;0;0;0;0;0;0;0;0;0;0;0;0;0;0;0;0
1;"Szkoła Podstawowa Nr 1, ul. Królewska 21, 87-880 Brześć Kujawski";41804;"gm. Brześć Kujawski";"włocławski";"kujawsko-pomorskie";1;1;5;0;2;0;1;2;0;0;0;0;1;2;0;0;0;1;0;0;0;0;0;0;0;0;1;37;6;5;8;34;3;4;0;1;7;0;0;4;1;0;0;0;1;0;0;0;0;1;0;0;4;67;47;0;0;2;1;0;0;0;0;0;5;0;2;1;1;0;1;0;1;0;1;0;2;0;0;18;84;2;73;12;0;3;7;1;1;0;0;1;2;1;0;1;0;0;0;0;0;1;0;1;0;25;14;2;3;4;0;2;0;2;0;0;0;1;1;0;1;0;1;1;1;0;0;0;0;1;0;50;14;3;91;2;6;3;5;5;0;1;2;0;5;1;0;0;0;0;3;0;2;0;1;1;1;7;1;0;0;1;0;1;1;0;0;0;0;0;0;0;1;0;0;0;0;0;0;0;0;0;0
2;"Szkoła Podstawowa Nr 2, ul. Konarskiego 63, 87-880 Brześć Kujawski";41804;"gm. Brześć Kujawski";"włocławski";"kujawsko-pomorskie";1;1;4;4;2;0;1;1;0;0;0;1;1;0;0;0;0;0;0;0;0;0;0;0;0;0;0;34;7;3;12;27;7;0;3;1;10;0;5;2;2;1;1;0;0;1;1;0;2;0;0;0;2;54;74;4;1;7;2;2;0;1;0;0;1;0;1;0;1;0;1;1;0;0;0;1;1;1;1;34;98;13;85;13;2;3;6;2;0;3;1;5;0;0;0;0;2;0;0;0;0;1;0;1;0;27;10;8;4;4;5;3;2;7;0;1;0;1;0;0;1;1;2;0;2;0;1;1;0;1;3;55;16;3;119;3;3;3;2;4;1;2;1;1;0;0;1;3;0;1;1;1;0;0;0;0;2;5;0;1;0;2;1;2;0;0;0;0;0;1;0;0;0;0;0;0;0;1;0;0;0;0;0
3;"Brzeskie Centrum Kultury i Historii „Wahadło”, ul. Kolejowa 44, 87-880 Brześć Kujawski";41804;"gm. Brześć Kujawski";"włocławski";"kujawsko-pomorskie";1;1;1;0;1;0;0;0;0;0;0;0;0;0;1;0;0;0;0;0;0;0;0;0;0;0;1;19;5;2;3;11;1;2;1;0;2;0;2;2;1;0;0;0;1;0;0;0;0;0;0;0;2;26;22;0;0;3;0;0;0;0;0;1;0;0;1;0;0;0;0;0;0;0;0;0;0;1;0;10;53;7;57;38;1;1;3;2;0;2;0;0;0;0;0;0;0;0;0;1;0;0;1;0;0;16;0;2;0;2;0;0;0;1;0;0;1;0;0;1;0;0;0;0;0;0;0;0;0;0;0;25;4;0;33;2;3;1;0;0;0;2;0;1;0;1;0;0;0;0;0;0;0;1;1;0;3;2;0;0;2;1;1;0;0;0;0;0;0;1;0;0;0;0;0;0;0;2;0;0;0;0;0
4;"Szkoła Podstawowa, Wieniec ul. Szkolna 1, 87-880 Brześć Kujawski";41804;"gm. Brześć Kujawski";"włocławski";"kujawsko-pomorskie";1;1;9;0;4;0;1;0;0;0;0;0;1;1;2;0;0;0;0;0;0;0;0;0;0;0;1;53;13;15;24;24;5;4;3;3;8;1;5;5;3;6;2;1;3;3;0;0;0;3;7;1;8;89;88;2;2;18;0;0;1;3;1;2;4;0;1;0;0;1;1;0;0;0;1;0;1;3;1;103;138;25;106;23;8;10;33;3;1;6;3;2;1;1;1;1;6;1;3;2;0;0;0;3;2;23;9;2;4;4;3;0;2;7;0;1;0;0;1;2;2;0;0;0;0;0;0;0;0;1;3;145;45;11;163;11;1;1;25;2;2;1;2;1;1;5;0;0;2;2;2;0;0;1;1;0;5;6;0;0;3;0;0;1;1;0;0;0;0;1;0;0;0;0;0;0;1;6;0;1;0;1;3
5;"Szkoła Podstawowa, Brzezie 63, 87-880 Brześć Kujawski";41804;"gm. Brześć Kujawski";"włocławski";"kujawsko-pomorskie";1;1;1;2;15;0;0;0;0;0;0;1;0;0;0;0;0;1;0;0;0;1;0;0;0;0;1;16;3;1;3;7;2;1;1;0;0;0;1;1;0;0;0;1;1;0;0;0;1;1;1;0;4;24;16;0;0;4;1;0;0;1;0;0;0;0;1;0;1;1;0;0;1;0;2;0;1;0;2;31;69;5;55;24;0;6;11;1;0;10;3;1;2;0;2;0;3;0;0;0;1;0;0;1;1;9;0;1;1;2;0;1;1;8;0;0;0;1;0;1;0;1;0;0;0;0;0;0;0;0;3;12;3;3;38;3;0;1;2;1;2;2;0;0;0;2;0;0;0;0;0;0;0;0;0;1;0;0;0;0;0;0;0;1;0;1;0;0;0;0;0;0;0;0;0;0;0;0;0;0;0;0;0
6;"Szkoła Podstawowa Nr 2, ul. Konarskiego 63, 87-880 Brześć Kujawski";41804;"gm. Brześć Kujawski";"włocławski";"kujawsko-pomorskie";1;1;0;1;2;2;0;0;0;0;0;0;1;0;0;0;0;0;0;0;0;0;0;0;0;0;0;10;5;0;4;7;0;0;0;0;2;0;3;0;0;0;0;0;1;0;0;1;0;1;1;0;0;15;18;0;0;3;2;0;0;1;0;2;0;0;0;0;1;0;0;0;0;0;0;0;0;0;1;15;46;7;37;23;0;1;8;2;0;1;0;0;0;0;0;0;0;0;0;0;0;0;0;3;1;14;2;3;0;2;0;2;1;5;0;0;0;0;0;0;0;0;0;1;0;0;1;0;0;1;1;10;2;2;20;0;1;2;8;1;2;1;0;0;0;0;0;0;1;0;0;1;0;0;0;0;1;3;0;0;1;2;0;0;1;0;0;0;0;0;1;0;0;0;0;0;0;0;0;0;0;0;1
7;"Internat ZSCKR, Stary Brześć 14, 87-880 Brześć Kujawski";41804;"gm. Brześć Kujawski";"włocławski";"kujawsko-pomorskie";1;1;7;0;2;0;0;1;0;0;1;0;0;0;0;0;0;1;0;0;0;0;1;0;0;0;0;27;3;3;6;10;3;1;0;0;8;1;2;0;0;4;0;0;0;0;0;0;0;0;0;1;3;27;31;0;1;3;0;0;2;0;0;1;3;0;0;0;0;0;0;0;0;0;0;0;1;0;1;22;58;8;60;25;0;1;8;2;3;3;0;0;0;1;0;1;1;0;0;2;0;1;0;0;0;9;1;3;0;2;1;1;0;5;0;0;0;3;0;4;1;1;1;0;0;0;0;0;0;0;3;19;12;1;39;1;1;1;2;0;0;1;1;1;0;0;0;0;1;0;1;0;0;0;0;0;1;1;0;0;0;0;1;1;0;0;0;0;0;0;0;0;1;0;0;0;0;0;0;0;0;0;0
8;"Remiza OSP w Kąkowej Woli, Kąkowa Wola 23, 87-880 Brześć Kujawski";41804;"gm. Brześć Kujawski";"włocławski";"kujawsko-pomorskie";1;1;0;0;0;0;0;0;0;0;0;0;0;0;0;0;0;0;0;0;0;0;0;0;0;0;0;17;1;3;2;9;1;2;0;0;1;0;1;6;2;1;0;0;0;0;0;0;0;0;0;0;3;15;15;0;0;0;0;0;0;0;1;2;2;0;1;0;0;1;2;0;0;0;1;0;1;0;2;7;54;6;35;27;0;0;4;1;0;0;0;0;0;0;0;0;0;0;0;0;0;0;0;1;0;7;6;3;1;0;1;0;0;1;0;0;0;0;0;1;0;1;0;0;0;0;0;0;0;0;0;21;8;0;26;5;0;0;3;0;0;0;0;0;0;0;0;0;0;0;0;0;0;0;1;0;0;0;0;0;0;0;0;0;0;0;0;0;0;1;0;0;0;0;0;0;0;0;0;0;0;0;0
9;"Szkoła Podstawowa Nr 1, ul. Królewska 21, 87-880 Brześć Kujawski";41804;"gm. Brześć Kujawski";"włocławski";"kujawsko-pomorskie";1;1;4;1;0;0;1;2;0;0;0;0;0;0;1;0;0;0;0;0;1;0;0;0;0;1;3;27;5;1;11;34;3;1;2;0;3;0;1;1;0;3;1;0;1;0;0;0;2;1;3;0;0;39;54;4;0;5;3;3;0;0;0;2;1;1;0;0;0;1;1;0;1;1;0;0;2;0;1;27;70;14;56;9;2;2;9;1;1;7;3;0;1;0;0;0;1;0;0;0;0;0;0;0;0;20;3;2;2;0;4;1;3;3;0;1;0;2;1;1;0;0;0;0;0;0;0;0;0;0;1;56;10;4;82;3;3;1;6;1;2;6;0;0;0;1;0;1;1;1;0;0;0;0;0;0;0;2;0;0;0;0;0;2;0;0;0;0;0;1;0;0;0;0;0;0;0;0;0;0;0;0;0
10;"Oddział Przedszkolny ""Kubuś Puchatek"" w Guźlinie, Guźlin 78A, 87-880 Brześć Kujawski";41804;"gm. Brześć Kujawski";"włocławski";"kujawsko-pomorskie";1;1;1;0;1;0;1;0;0;1;0;0;0;0;0;0;0;0;0;0;0;0;0;0;0;0;0;9;1;2;2;5;0;0;0;1;0;1;1;0;0;1;0;0;0;0;0;0;0;0;0;0;1;8;16;0;0;1;2;0;1;0;0;0;0;1;0;0;0;0;0;0;0;0;0;0;0;0;0;4;42;2;20;24;0;0;0;4;1;0;0;1;0;1;0;0;0;0;0;1;0;0;0;0;0;8;5;1;1;0;0;0;1;4;1;0;0;0;0;0;0;0;0;0;0;0;0;0;0;0;1;6;2;0;19;2;0;0;1;0;0;0;0;1;0;1;0;0;1;0;0;0;0;0;0;0;0;3;0;0;1;0;0;0;0;3;0;0;0;1;0;0;0;0;0;0;0;0;0;0;0;0;0
11;"Remiza OSP w Machnaczu, Machnacz 15, 87-880 Brześć Kujawski";41804;"gm. Brześć Kujawski";"włocławski";"kujawsko-pomorskie";1;1;0;1;3;0;1;0;0;0;0;0;0;0;1;0;0;0;0;0;0;0;0;0;0;1;1;9;3;0;5;7;2;0;1;0;4;1;1;0;0;0;0;0;0;0;1;0;0;1;0;0;1;20;26;1;0;3;0;0;1;0;1;0;0;0;0;0;0;0;0;0;0;0;0;0;0;1;2;15;36;3;14;8;0;2;8;2;0;2;0;2;0;0;0;0;0;0;0;0;0;1;0;0;2;7;0;1;0;0;0;0;0;3;1;0;0;0;1;0;0;0;0;0;0;0;0;0;0;0;1;38;17;0;33;0;2;0;6;0;1;0;0;1;0;0;0;0;0;0;0;0;0;0;0;0;1;3;0;0;0;0;0;0;0;0;0;0;0;0;0;0;0;0;0;0;0;0;0;0;0;0;0
1;"Szkoła Podstawowa, ul. Sikorskiego 12, 87-850 Choceń";41805;"gm. Choceń";"włocławski";"kujawsko-pomorskie";1;1;2;5;0;0;0;1;1;0;0;0;0;0;0;0;0;0;1;0;0;0;0;0;0;0;1;43;5;4;10;7;3;2;1;0;17;1;6;0;1;1;0;0;2;0;0;0;0;1;1;0;2;44;33;1;0;7;1;0;0;1;0;0;1;0;2;0;0;2;1;0;0;0;1;1;0;0;1;27;147;20;111;9;0;3;21;9;0;3;0;1;1;2;2;1;1;0;0;0;0;1;0;0;2;18;8;10;3;1;0;3;3;0;0;0;1;1;0;3;1;0;0;0;1;0;0;0;0;0;2;52;23;1;120;8;2;3;7;1;1;1;2;1;0;2;0;0;1;0;1;1;0;1;0;0;0;2;0;0;1;0;5;0;0;0;0;0;0;1;0;0;0;0;0;0;0;3;0;0;0;0;0
2;"Szkoła Podstawowa, ul. Sikorskiego 12, 87-850 Choceń";41805;"gm. Choceń";"włocławski";"kujawsko-pomorskie";1;1;1;0;0;0;0;0;0;1;0;0;1;0;0;0;1;0;0;0;0;0;0;0;0;0;2;24;1;4;4;4;3;1;1;1;5;2;1;1;2;2;1;0;0;0;0;0;1;0;3;0;1;14;20;0;0;1;0;1;1;0;0;0;1;0;0;0;0;0;0;0;0;0;0;0;2;1;0;23;110;4;70;19;0;1;13;2;0;4;0;1;1;2;0;1;1;0;0;0;0;0;0;0;0;8;5;3;0;3;1;2;5;0;0;0;1;1;0;0;0;0;1;0;1;0;0;1;0;0;0;29;4;2;66;2;3;0;7;0;2;1;1;0;0;1;0;0;1;0;0;0;0;0;0;1;1;1;0;0;0;0;2;0;0;0;0;0;0;0;0;0;0;0;1;0;1;0;0;0;0;0;0
3;"Szkoła Podstawowa, Śmiłowice 98, 87-850 Choceń";41805;"gm. Choceń";"włocławski";"kujawsko-pomorskie";1;1;1;1;2;0;1;1;1;2;0;0;1;1;0;0;0;0;0;0;0;0;0;1;0;0;0;23;1;2;4;7;2;0;0;0;10;0;2;3;25;4;1;0;1;0;0;0;0;0;0;1;0;22;6;0;0;2;0;0;0;0;1;1;0;0;2;4;1;0;0;0;0;0;0;0;0;0;0;15;94;4;52;18;2;6;5;4;1;1;0;4;0;0;0;1;4;0;1;0;0;0;0;4;0;14;4;3;1;6;1;0;0;2;0;0;0;0;0;0;0;0;2;0;0;0;1;0;0;0;0;17;5;5;36;3;3;1;2;0;0;2;0;0;0;1;0;2;1;0;0;0;0;0;0;0;0;1;0;0;0;0;1;0;0;0;0;0;0;0;0;0;0;0;0;0;0;0;2;1;0;0;0
4;"Przedszkole, Czerniewice ul. Świętego Antoniego 14, 87-850 Choceń";41805;"gm. Choceń";"włocławski";"kujawsko-pomorskie";1;1;2;2;0;0;0;2;0;0;1;1;1;0;0;0;1;0;0;0;2;0;0;1;0;0;0;26;5;4;11;5;1;2;6;1;11;0;4;0;1;1;2;1;2;0;0;0;1;0;1;0;3;41;27;2;1;11;0;0;2;0;0;0;3;1;0;0;2;0;1;1;0;0;0;0;1;1;0;17;103;7;85;10;0;5;10;2;1;2;0;1;0;2;1;1;2;0;0;0;0;1;0;0;0;11;8;1;1;1;0;0;0;1;0;0;0;1;0;1;1;0;0;0;0;0;0;0;0;2;0;59;10;4;70;2;4;1;5;2;3;3;1;1;1;0;0;0;0;2;0;0;0;1;0;0;0;1;0;1;0;1;0;0;0;0;0;0;0;1;0;0;0;0;0;0;0;0;0;0;0;0;0
5;"Świetlica, Szczutkowo 29, 87-850 Choceń";41805;"gm. Choceń";"włocławski";"kujawsko-pomorskie";1;1;0;0;0;1;1;0;0;0;0;0;0;0;0;0;0;0;0;0;0;0;0;0;0;1;0;14;0;0;6;2;1;0;1;0;1;1;0;0;1;0;0;0;0;0;0;0;0;0;0;0;0;3;5;0;1;0;0;0;0;0;0;0;0;0;1;0;0;0;0;0;0;0;0;0;0;0;0;9;42;7;45;12;0;0;3;2;2;3;0;1;1;0;0;0;1;0;0;0;0;0;0;0;0;6;3;0;0;0;0;2;1;0;0;1;0;1;0;0;0;0;0;0;0;0;0;0;0;0;0;12;0;1;10;0;0;2;0;0;0;1;0;0;0;0;0;0;0;1;0;0;0;0;0;0;0;0;0;0;0;0;0;0;0;0;0;0;0;0;0;0;0;0;0;0;0;0;0;0;0;0;0
6;"Świetlica, Szczytno 32, 87-850 Choceń";41805;"gm. Choceń";"włocławski";"kujawsko-pomorskie";1;1;2;0;0;0;0;0;0;0;0;0;0;0;0;0;0;0;0;0;0;0;0;0;0;0;0;9;0;3;1;2;2;1;0;0;9;0;0;0;1;1;0;0;1;0;0;0;0;0;0;0;1;9;3;0;0;1;2;0;0;0;0;0;2;0;0;0;0;0;0;0;0;0;0;0;0;1;0;11;45;5;23;8;0;0;3;2;0;1;0;1;0;1;0;0;1;0;1;0;0;0;0;0;0;3;3;1;1;0;0;0;0;1;0;0;0;0;0;1;0;0;0;0;0;0;0;0;0;0;0;11;1;0;14;1;0;1;0;0;1;0;2;0;0;1;0;0;1;0;1;0;0;0;0;0;0;0;0;0;0;0;0;0;0;0;0;0;0;0;0;0;0;0;0;0;0;0;0;0;0;0;0
7;"Świetlica, Wichrowice 56, 87-850 Choceń";41805;"gm. Choceń";"włocławski";"kujawsko-pomorskie";1;1;2;0;3;0;1;0;2;0;0;1;0;0;0;0;0;0;0;0;0;0;0;1;0;0;0;15;2;1;4;3;1;0;0;0;6;0;0;0;4;0;0;1;0;0;0;0;0;0;0;0;0;12;16;2;0;4;0;0;1;0;1;0;0;0;0;1;0;0;0;0;0;0;0;0;1;0;0;4;38;1;27;13;0;1;1;0;0;0;0;1;0;0;0;0;0;0;0;0;0;0;0;0;0;10;3;2;0;0;2;0;0;1;0;0;0;0;0;0;0;0;1;0;0;0;1;0;0;0;1;12;4;0;21;1;0;1;2;0;3;1;0;0;0;1;1;1;0;0;0;0;0;1;1;0;0;1;0;0;0;0;0;1;0;0;0;0;0;0;0;0;0;0;0;0;0;1;0;0;0;0;0
8;"Szkoła Podstawowa, Wilkowice 35, 87-850 Choceń";41805;"gm. Choceń";"włocławski";"kujawsko-pomorskie";1;1;2;1;1;1;0;0;0;0;0;0;0;0;0;0;0;0;0;0;0;0;1;0;0;0;0;17;2;3;6;3;1;3;0;0;9;0;4;1;10;1;1;0;0;0;1;0;0;1;1;0;1;8;9;1;0;5;0;0;1;1;0;2;1;1;0;0;1;1;0;0;0;0;0;0;0;0;0;12;82;3;80;24;1;1;10;6;1;1;0;0;2;1;0;0;5;1;0;0;0;0;0;1;1;7;0;2;1;2;2;0;3;1;1;0;1;1;0;2;0;0;1;1;0;0;0;0;0;1;1;22;4;1;21;1;1;3;2;1;1;1;0;1;0;0;0;1;0;0;0;0;0;3;0;0;1;2;1;0;0;0;0;0;0;0;0;0;0;2;0;0;0;0;1;0;0;3;0;0;0;0;0
9;"Świetlica Domu Pomocy Społecznej w Wilkowiczkach, Wilkowiczki 25, 87-850 Choceń";41805;"gm. Choceń";"włocławski";"kujawsko-pomorskie";1;1;1;0;0;0;0;0;0;0;0;0;0;0;0;0;0;0;0;0;0;0;0;0;0;0;0;0;0;0;0;0;0;0;0;0;0;0;0;0;1;0;0;0;0;0;0;0;0;0;0;0;0;0;0;0;0;0;0;0;0;0;0;1;1;0;0;0;0;0;0;0;0;1;1;0;0;0;0;1;0;0;1;0;0;1;0;0;0;0;0;0;2;0;0;1;0;0;0;0;0;0;0;0;0;0;0;0;0;0;0;0;0;0;0;0;1;0;0;0;0;0;0;0;0;0;0;0;0;0;1;0;0;0;0;0;0;0;0;0;0;0;0;0;0;0;0;0;0;0;0;0;0;0;0;0;0;0;0;0;0;0;0;0;0;0;1;0;0;0;0;0;0;0;0;0;0;0;0;0;0;0;0
1;"Szkoła Podstawowa im. Tadeusza Kościuszki w Chodczu, ul. Waryńskiego 20, 87-860 Chodecz";41806;"gm. Chodecz";"włocławski";"kujawsko-pomorskie";1;1;2;0;0;0;0;1;0;2;0;1;0;0;0;0;0;0;0;0;0;0;0;0;0;0;0;34;2;8;12;8;2;2;4;1;6;1;2;0;0;1;1;0;2;0;1;0;2;0;0;0;1;40;16;2;1;2;2;0;1;0;0;0;2;0;1;0;0;0;0;1;0;0;0;0;2;0;1;20;75;9;60;17;1;4;14;27;1;9;1;3;1;1;2;2;3;0;0;0;0;0;1;2;1;16;9;3;2;3;6;3;3;2;1;0;0;1;1;0;0;0;0;0;0;1;0;0;0;2;1;33;11;2;57;4;5;7;2;0;2;2;1;0;0;2;0;3;0;2;0;0;1;0;0;0;1;3;0;1;0;1;1;1;0;0;1;0;0;1;0;0;0;0;0;0;0;1;0;0;0;0;0
2;"Szkoła Podstawowa im. Tadeusza Kościuszki w Chodczu, ul. Waryńskiego 20, 87-860 Chodecz";41806;"gm. Chodecz";"włocławski";"kujawsko-pomorskie";1;1;1;0;0;0;1;0;1;1;0;0;0;0;0;0;0;1;0;0;0;0;0;0;0;0;0;19;4;0;0;8;2;0;0;1;12;0;3;1;0;2;0;0;0;0;0;0;0;0;0;0;1;21;16;0;0;1;1;0;0;0;0;0;1;0;0;0;0;0;1;0;0;0;0;0;0;0;1;16;37;8;52;0;1;1;9;6;0;3;0;0;0;0;0;0;1;0;0;0;0;0;0;0;0;13;1;4;0;0;0;0;0;0;1;0;0;0;0;0;1;1;0;0;0;0;0;0;0;0;0;32;2;3;29;4;0;3;1;1;0;1;0;3;0;0;2;2;2;0;2;0;0;0;0;0;0;0;0;0;0;1;0;0;0;0;0;0;0;0;1;0;0;0;0;0;0;1;0;0;0;0;0
3;"Klub Seniora w Chodczu, ul. Apteczna 1, 87-860 Chodecz";41806;"gm. Chodecz";"włocławski";"kujawsko-pomorskie";1;1;4;2;1;0;0;0;1;4;0;0;1;0;0;0;0;0;0;0;0;0;0;0;0;0;0;24;4;2;5;3;2;1;1;0;7;0;3;5;1;1;1;1;1;1;0;0;0;0;0;1;1;21;14;3;1;1;2;0;0;0;1;0;1;2;0;1;1;2;2;0;0;0;0;0;0;0;1;19;53;5;77;18;0;5;5;23;1;2;1;4;0;1;0;2;1;0;0;1;1;2;0;0;0;14;6;3;1;0;0;2;4;0;0;0;0;0;0;1;0;2;0;1;0;1;0;0;0;0;0;25;6;4;33;2;0;0;1;0;3;2;0;2;2;1;1;2;0;0;0;0;0;1;0;0;0;1;0;0;0;0;3;0;0;0;0;0;1;0;0;0;1;0;0;0;0;1;0;0;0;0;0
4;"Szkoła Podstawowa im. Tadeusza Kościuszki w Chodczu, ul. Waryńskiego 20, 87-860 Chodecz";41806;"gm. Chodecz";"włocławski";"kujawsko-pomorskie";1;1;1;0;0;0;2;0;0;2;0;0;0;0;0;0;1;2;0;0;0;0;0;0;0;0;0;21;2;4;3;4;3;1;0;1;4;0;1;0;0;0;0;0;4;0;0;0;0;2;1;1;1;10;12;0;2;0;1;0;0;0;0;0;2;0;0;0;3;0;0;0;0;0;1;0;0;0;0;22;33;8;41;7;1;7;10;25;0;3;1;1;2;0;2;0;0;0;0;1;0;0;0;2;2;9;6;0;0;1;1;3;2;0;1;0;0;0;0;1;2;0;0;0;0;0;0;0;0;0;1;15;7;2;22;1;0;1;0;1;2;0;0;0;0;1;1;0;0;1;0;0;0;1;1;0;0;1;1;1;1;0;0;0;1;0;0;0;0;0;1;0;0;0;0;0;0;1;0;0;1;0;0
5;"Szkoła Podstawowa im. Tadeusza Kościuszki w Chodczu, ul. Waryńskiego 20, 87-860 Chodecz";41806;"gm. Chodecz";"włocławski";"kujawsko-pomorskie";1;1;0;0;1;2;0;0;0;1;0;0;0;0;0;0;0;0;0;0;0;0;0;0;0;0;0;4;3;1;1;1;2;1;0;0;0;0;3;1;1;0;1;0;0;0;0;0;1;0;0;0;0;13;5;0;0;0;0;0;0;0;0;0;1;1;0;0;0;0;1;0;1;0;2;0;0;0;0;21;31;1;15;7;2;3;11;7;0;1;0;0;0;0;0;0;3;0;0;0;0;0;0;0;0;11;5;0;0;2;1;0;1;2;0;1;0;0;1;1;1;0;0;0;0;1;0;0;0;0;0;11;4;0;6;0;0;1;1;0;1;1;0;0;0;0;2;0;0;0;0;0;0;0;0;0;0;0;0;0;0;0;0;0;0;0;0;0;0;0;0;0;0;0;0;0;0;0;0;0;0;0;0
6;"Remiza Ochotniczej Straży Pożarnej w Cettach, Cetty 40, 87-860 Chodecz";41806;"gm. Chodecz";"włocławski";"kujawsko-pomorskie";1;1;2;0;1;0;0;0;1;2;0;0;1;0;0;1;0;0;0;0;1;0;0;0;0;0;0;11;2;2;3;10;4;1;0;2;12;0;1;1;0;0;0;0;1;0;0;0;0;0;0;0;7;10;4;0;0;2;0;1;1;0;0;2;3;0;2;0;1;1;0;0;1;0;0;1;1;0;0;18;43;4;55;29;2;5;6;11;4;7;0;0;1;0;0;0;2;0;0;1;0;1;0;0;0;4;3;3;1;3;0;1;5;0;0;0;1;0;0;2;0;0;0;0;0;1;0;0;0;1;0;7;4;0;26;3;1;0;0;1;3;1;1;0;0;0;1;3;0;0;0;0;1;0;0;0;0;0;0;0;0;0;0;0;0;0;0;0;0;0;0;0;0;0;0;0;0;1;0;0;0;0;0
7;"Świetlica wiejska w Brzyszewie, Brzyszewo 1, 87-860 Chodecz";41806;"gm. Chodecz";"włocławski";"kujawsko-pomorskie";1;1;2;1;0;0;0;0;1;1;0;1;0;0;1;0;0;0;0;0;0;0;0;0;0;0;0;11;1;0;1;0;4;0;0;0;1;0;1;1;0;0;0;0;0;0;0;0;0;1;0;0;0;3;3;0;2;3;0;0;0;0;1;0;0;0;0;0;1;0;0;0;0;0;1;0;0;0;0;10;27;5;13;13;1;2;5;12;0;3;0;1;0;0;1;1;2;0;0;0;0;0;0;0;0;2;2;2;0;1;1;0;0;0;0;0;0;0;0;0;0;0;0;0;0;0;0;0;0;0;0;11;4;1;8;0;2;1;0;1;1;1;0;0;0;0;0;0;1;0;0;0;0;1;0;0;2;0;0;0;0;0;1;0;0;0;0;0;0;0;0;0;0;0;0;0;0;0;0;0;0;0;0
8;"Świetlica wiejska w Kromszewicach, Kromszewice 64, 87-860 Chodecz";41806;"gm. Chodecz";"włocławski";"kujawsko-pomorskie";1;1;1;0;0;0;0;0;0;0;1;0;0;0;0;0;0;2;0;0;0;0;0;0;0;0;0;7;0;1;2;0;0;1;0;0;4;1;0;2;1;0;0;0;0;0;0;0;0;0;0;0;0;8;7;1;1;0;0;1;0;0;1;0;0;0;0;0;0;0;0;0;0;0;0;0;1;1;0;15;24;2;29;21;1;0;0;2;1;4;0;1;1;0;0;0;0;0;0;0;0;0;0;1;0;10;2;2;0;2;1;3;1;1;0;0;0;0;1;0;0;0;1;0;1;0;0;0;0;1;1;14;2;2;7;0;1;2;1;0;0;1;0;0;0;0;0;0;0;0;0;0;0;0;0;0;0;0;0;0;0;0;0;0;0;0;0;0;0;0;0;0;0;0;0;0;0;1;0;0;0;0;0
1;"Szkoła Podstawowa im. Kazimierza III Wielkiego, Szpetal Górny ul. Szkolna 1, 87-811 Fabianki";41807;"gm. Fabianki";"włocławski";"kujawsko-pomorskie";1;1;8;0;9;1;0;0;1;1;1;2;0;0;0;1;0;0;0;0;0;1;0;0;0;0;0;69;8;5;11;34;5;6;2;0;4;0;4;2;3;2;0;0;1;1;1;0;0;2;1;1;14;127;61;0;6;12;0;0;3;0;0;0;4;0;1;2;0;0;3;0;0;0;2;1;3;0;3;28;73;12;144;20;1;1;14;0;2;4;1;1;0;0;1;2;1;0;0;1;0;0;1;0;0;44;20;7;0;6;0;0;4;2;0;0;0;2;0;0;1;1;0;0;0;0;0;1;0;1;4;130;28;5;322;3;9;1;26;3;3;2;1;1;0;0;0;5;0;1;8;0;4;0;1;1;5;3;2;0;1;0;0;0;1;0;0;0;0;0;3;0;0;0;0;1;0;4;0;0;0;0;0
2;"Szkoła Podstawowa im. Orła Białego, Cyprianka 107, 87-811 Fabianki";41807;"gm. Fabianki";"włocławski";"kujawsko-pomorskie";1;1;5;2;6;0;0;1;1;1;4;1;0;0;0;1;1;1;0;3;0;0;2;0;0;0;0;68;2;7;11;25;6;2;1;4;7;2;5;0;2;3;1;1;3;2;0;0;0;1;2;0;23;55;31;1;0;9;1;0;1;0;1;1;1;5;1;3;1;1;4;0;0;0;0;1;1;0;1;28;116;9;127;25;3;3;12;7;0;13;1;1;0;1;2;0;1;1;1;1;0;0;0;1;2;19;14;6;5;3;1;2;0;1;2;0;0;0;2;5;1;1;1;0;0;0;0;0;0;0;4;51;12;6;107;4;2;4;12;0;1;5;0;2;0;1;1;2;0;0;1;0;0;1;0;0;0;8;0;0;0;1;0;0;0;0;0;0;0;0;2;0;0;0;0;0;0;1;0;0;0;0;0
3;"Szkoła Podstawowa, Nasiegniewo 68, 87-811 Fabianki";41807;"gm. Fabianki";"włocławski";"kujawsko-pomorskie";1;1;6;0;2;0;1;1;0;3;0;0;0;0;0;1;0;1;1;0;0;1;0;0;0;0;1;54;6;12;4;9;9;5;2;0;3;2;4;1;1;3;0;0;1;0;0;0;0;1;2;0;13;46;26;1;1;6;2;0;1;1;1;0;2;0;1;1;1;0;2;0;0;1;1;1;2;0;0;16;101;8;160;11;1;8;9;2;0;6;0;0;0;1;0;1;6;1;1;2;1;0;0;0;1;15;8;5;2;5;0;4;1;1;1;1;0;0;1;0;1;0;0;0;0;0;0;0;0;1;2;45;8;4;114;3;4;5;8;1;3;0;1;1;0;0;0;0;1;2;2;0;3;0;0;0;0;5;0;0;0;3;3;1;1;0;0;0;0;2;1;0;1;0;0;0;0;1;0;0;0;0;0
4;"Szkoła Podstawowa im. Jerzego Pietrkiewicza, Fabianki 1, 87-811 Fabianki";41807;"gm. Fabianki";"włocławski";"kujawsko-pomorskie";1;1;3;0;4;2;1;0;0;0;0;1;0;1;0;1;0;1;0;0;0;0;1;0;0;0;0;42;8;2;17;8;5;2;1;0;2;0;0;1;0;1;0;0;0;1;1;1;0;2;1;0;15;47;26;0;0;9;0;0;0;0;0;0;0;1;0;0;1;0;0;0;0;1;1;0;0;0;1;19;61;8;80;9;1;1;5;0;0;1;0;0;0;0;0;1;3;0;0;0;0;1;0;0;0;7;7;4;1;2;0;1;2;1;0;0;0;1;0;1;0;0;0;0;0;0;1;0;0;0;4;60;12;8;78;5;2;5;11;0;2;2;3;0;0;1;1;0;2;0;0;0;0;0;0;0;0;5;0;1;0;3;3;0;0;0;0;0;0;1;1;0;0;0;0;0;0;2;0;0;0;0;0
5;"Szkoła Podstawowa im. Jerzego Pietrkiewicza, Fabianki 1, 87-811 Fabianki";41807;"gm. Fabianki";"włocławski";"kujawsko-pomorskie";1;1;1;2;8;0;0;0;1;0;1;1;1;0;0;0;1;0;0;0;1;0;0;0;0;0;1;75;13;6;20;19;12;4;2;2;4;1;5;0;2;0;3;2;0;0;0;0;1;1;2;1;20;76;39;0;0;18;1;0;0;1;0;2;4;0;0;0;2;1;0;1;0;0;1;0;2;0;1;24;90;4;91;16;1;5;17;2;0;2;0;3;0;2;0;0;4;0;1;0;0;1;1;0;0;15;6;4;4;1;0;2;1;2;1;0;0;3;1;3;0;2;1;0;0;1;1;0;0;1;3;82;23;12;147;8;6;5;22;1;4;0;0;0;1;1;0;2;1;0;3;0;1;0;0;1;2;3;0;0;0;0;2;0;0;0;0;0;0;0;1;0;0;0;0;0;0;5;0;0;0;0;0
6;"Świetlica wiejska w Skórznie, Skórzno 45, 87-811 Fabianki";41807;"gm. Fabianki";"włocławski";"kujawsko-pomorskie";1;1;0;1;0;0;2;0;0;0;1;0;0;1;0;0;0;0;0;0;0;0;0;0;0;0;0;33;0;1;0;5;0;0;1;2;2;1;0;0;0;0;0;0;0;1;0;0;0;1;0;0;6;19;6;1;0;3;1;0;2;0;0;0;0;0;0;0;2;0;1;0;0;0;3;1;0;0;0;10;28;0;49;6;2;2;1;0;0;0;1;0;0;1;0;1;1;0;0;0;0;0;0;0;1;11;3;0;1;0;0;0;0;0;0;0;0;1;0;1;0;0;0;0;0;0;0;0;0;0;1;9;0;1;43;1;0;0;4;1;0;0;0;0;0;0;0;0;1;1;2;0;0;2;0;0;0;1;0;0;0;0;1;0;0;0;1;0;0;0;0;0;0;0;0;0;0;0;0;0;0;0;0
1;"Szkoła Podstawowa Nr 1, ul. Tymieniecka 1, 87-865 Izbica Kujawska";41808;"gm. Izbica Kujawska";"włocławski";"kujawsko-pomorskie";1;1;2;1;4;1;0;0;1;1;0;1;1;1;2;1;0;2;0;0;0;0;1;0;0;0;0;46;7;1;5;12;1;1;3;1;2;0;8;22;0;1;0;2;0;0;1;0;0;1;1;2;1;39;23;1;1;2;5;0;1;0;0;0;2;1;2;0;0;0;0;0;0;0;0;1;0;0;1;45;94;13;104;29;2;6;37;1;0;3;1;2;0;2;0;0;3;0;0;0;0;1;1;8;2;17;8;3;0;5;1;3;0;3;1;1;0;1;1;2;2;1;0;0;1;0;0;1;1;0;0;34;20;2;46;2;3;3;4;0;2;4;1;4;1;3;0;2;1;1;0;0;1;0;1;0;0;1;0;0;0;2;2;0;1;0;0;0;0;0;1;0;1;0;0;0;0;2;0;0;0;0;0
2;"Zespół Szkół w Izbicy Kujawskiej, ul. Nowomiejska 5, 87-865 Izbica Kujawska";41808;"gm. Izbica Kujawska";"włocławski";"kujawsko-pomorskie";1;1;1;1;1;0;2;1;1;1;0;2;0;1;0;1;0;1;0;0;1;0;1;0;0;0;0;107;1;5;11;9;2;1;1;1;9;0;5;11;0;0;0;0;1;0;0;0;0;0;1;0;5;24;9;0;2;2;0;0;3;1;1;0;3;0;2;0;2;0;0;0;0;0;2;0;1;1;0;56;91;13;123;74;1;8;26;7;0;8;1;6;3;7;0;2;5;0;2;1;1;0;1;8;1;16;4;3;2;0;0;1;2;0;1;0;0;1;0;1;2;0;0;0;0;0;0;0;0;0;1;24;12;5;27;2;0;3;2;2;0;1;0;1;1;1;0;1;0;2;0;0;1;1;0;0;0;1;3;0;0;0;1;0;0;0;0;0;0;0;1;0;0;0;0;0;0;1;0;0;0;0;0
3;"Szkoła Podstawowa Nr 2, ul. Nowomiejska 3, 87-865 Izbica Kujawska";41808;"gm. Izbica Kujawska";"włocławski";"kujawsko-pomorskie";1;1;2;0;0;0;1;0;0;0;0;0;0;0;0;0;0;0;0;0;0;0;0;0;0;0;0;59;2;1;8;2;1;2;0;0;4;0;5;3;1;2;1;0;0;0;0;0;0;1;1;0;0;12;3;0;0;0;0;1;0;0;3;0;1;0;0;0;0;0;0;0;0;1;0;1;0;0;0;15;65;10;71;45;2;0;10;7;3;3;1;2;1;1;1;1;5;0;0;0;0;1;0;5;0;5;2;0;1;1;2;1;1;3;0;0;0;0;1;0;0;0;0;0;1;0;0;0;0;0;0;13;10;1;7;0;2;2;0;0;0;0;0;2;0;0;0;0;0;0;0;0;1;0;0;0;0;1;0;0;0;0;0;0;0;0;0;0;0;0;0;0;0;0;0;0;0;0;0;0;0;0;0
4;"Szkoła Podstawowa w Błennie, Błenna 2, 87-865 Izbica Kujawska";41808;"gm. Izbica Kujawska";"włocławski";"kujawsko-pomorskie";1;1;4;0;2;0;0;0;1;0;0;0;0;0;1;0;0;0;0;0;0;0;0;1;1;0;0;41;2;1;2;2;3;1;3;1;9;0;3;1;0;1;2;0;0;1;0;2;0;1;0;0;0;13;9;0;0;0;1;0;0;0;1;0;0;0;0;0;0;0;0;0;0;1;0;0;0;0;2;46;119;8;118;59;6;6;21;6;0;7;2;2;0;2;1;1;0;0;1;0;0;1;0;2;2;22;6;1;0;0;2;2;2;0;0;0;0;1;0;3;2;1;1;0;0;0;0;1;0;1;1;11;3;0;5;3;1;0;1;1;1;2;1;3;0;0;0;0;0;0;0;0;0;0;0;0;0;0;0;0;1;1;0;0;0;0;0;0;0;0;0;0;0;0;0;0;0;0;0;0;0;0;0
5;"Miejsko-Gminne Centrum Kultury w Izbicy Kujawskiej, ul. Narutowicza 63, 87-865 Izbica Kujawska";41808;"gm. Izbica Kujawska";"włocławski";"kujawsko-pomorskie";1;1;0;0;0;0;0;0;0;0;1;0;0;0;0;0;0;0;0;0;0;0;0;0;0;0;0;24;0;7;8;11;2;4;0;1;4;1;0;6;0;0;0;0;1;0;0;1;0;0;1;1;0;25;8;0;1;6;0;2;0;0;1;0;1;0;0;0;0;0;2;0;0;0;0;0;2;0;1;28;65;10;52;6;0;2;22;2;0;1;0;1;1;3;0;0;1;0;0;0;1;0;0;15;0;10;4;1;0;4;0;0;0;0;0;1;0;4;0;0;0;0;0;0;0;0;0;0;0;0;0;31;10;3;24;5;2;1;1;0;3;6;2;0;0;0;0;1;1;1;0;0;0;0;1;0;0;3;2;0;2;0;0;0;0;0;0;0;0;0;0;0;0;0;0;0;0;1;0;0;0;0;0
6;"Szkoła Podstawowa Nr 2, ul. Nowomiejska 3, 87-865 Izbica Kujawska";41808;"gm. Izbica Kujawska";"włocławski";"kujawsko-pomorskie";1;1;1;0;1;0;0;0;0;0;0;0;0;0;0;0;0;0;0;0;0;1;0;0;0;0;0;24;1;1;1;1;3;1;0;0;2;0;0;4;0;0;0;0;0;0;0;1;0;0;0;0;1;8;7;0;2;2;1;0;0;1;1;0;1;0;1;0;0;0;2;0;0;0;0;0;3;0;0;31;67;5;117;38;2;5;18;3;0;6;0;0;1;2;0;0;4;0;0;0;0;0;1;2;0;9;3;5;2;5;2;6;1;1;1;0;0;0;0;2;0;1;0;0;1;0;1;2;0;0;1;9;2;1;11;1;0;0;3;2;1;0;0;0;0;0;0;0;0;1;0;0;0;0;0;0;1;7;1;1;0;0;0;0;0;0;0;0;0;0;0;0;0;0;0;0;0;0;0;0;0;0;0
1;"Urząd Gminy w Kowalu, ul. Piwna 33, 87-820 Kowal";41809;"gm. Kowal";"włocławski";"kujawsko-pomorskie";1;1;0;0;0;0;0;0;0;0;0;0;0;0;0;0;0;0;0;0;0;0;0;0;0;0;0;20;2;1;0;1;1;0;0;1;2;0;0;0;2;0;0;1;0;0;0;0;0;0;0;0;1;7;2;0;0;0;0;0;0;0;0;0;0;0;0;0;0;0;0;0;0;0;0;0;0;0;0;11;18;3;19;13;0;1;1;0;0;4;0;0;0;0;0;0;0;0;0;0;0;0;0;2;0;0;4;0;0;1;0;0;0;0;0;0;0;0;1;0;1;0;0;0;0;0;0;0;0;1;0;9;1;0;10;0;1;0;0;0;0;1;0;0;0;0;1;0;0;0;0;0;0;0;0;0;0;1;0;0;0;0;0;0;0;0;0;0;0;0;0;0;0;0;0;0;0;3;0;0;0;0;0
2;"Świetlica Wiejska w Grabkowie, Grabkowo 61, 87-820 Kowal";41809;"gm. Kowal";"włocławski";"kujawsko-pomorskie";1;1;1;1;1;0;0;1;1;1;0;0;1;0;0;0;0;0;0;0;0;0;0;1;0;0;0;17;3;2;2;6;1;2;0;0;18;0;1;0;0;1;0;0;1;0;0;0;0;0;0;2;3;19;11;0;1;3;1;0;0;0;1;0;1;0;0;0;0;1;0;0;0;0;1;0;0;0;0;16;55;4;86;26;2;2;5;2;1;0;0;1;0;0;0;0;2;0;0;1;0;0;0;0;0;8;5;1;0;4;0;0;1;0;0;0;0;0;0;1;2;0;0;0;0;0;0;0;0;1;0;26;8;5;9;0;0;0;4;1;0;0;0;1;0;1;2;2;0;0;0;0;0;0;0;0;0;1;1;0;1;1;2;0;0;0;0;0;0;0;0;0;0;0;0;0;0;0;0;0;0;0;0
3;"Niepubliczna Szkoła Podstawowa Galileo Nr 1 w Nakonowie, Nakonowo 31, 87-853 Kruszyn";41809;"gm. Kowal";"włocławski";"kujawsko-pomorskie";1;1;1;0;3;0;1;0;0;1;0;0;0;0;0;0;0;0;0;0;2;0;0;0;0;0;0;17;5;1;3;3;0;0;0;0;10;0;1;0;0;0;0;1;3;0;0;0;0;0;0;0;1;21;12;1;1;1;0;0;0;0;0;0;0;0;0;0;0;0;0;0;0;0;0;0;0;1;1;8;28;2;43;16;0;0;5;5;0;3;0;0;0;0;0;1;0;0;0;0;0;0;0;0;0;8;4;2;0;1;0;0;1;0;0;0;0;0;0;2;0;1;1;0;0;0;0;0;0;1;1;20;7;2;20;0;0;1;3;0;1;0;0;0;0;3;0;3;1;1;0;0;0;0;0;0;0;0;0;0;0;0;0;0;0;0;0;0;1;0;0;0;0;0;0;0;0;0;0;0;0;0;1
4;"Zespół Szkolno-Przedszkolny w Grabkowie Szkoła Filialna w Więsławicach, Więsławice 17, 87-820 Kowal";41809;"gm. Kowal";"włocławski";"kujawsko-pomorskie";1;1;1;1;1;0;1;1;0;1;0;1;0;1;1;0;1;0;0;0;0;0;0;0;0;0;0;14;1;1;3;5;5;4;1;1;17;1;2;5;2;0;0;2;0;0;0;1;0;0;0;0;3;7;19;0;1;3;0;0;0;0;0;0;1;0;2;0;0;4;1;0;0;0;0;0;0;0;0;23;79;4;78;38;1;2;4;2;0;3;0;1;0;2;0;0;3;0;0;0;1;0;0;0;1;16;5;2;0;1;2;2;1;0;0;0;0;0;0;0;0;1;1;0;1;0;0;0;1;1;0;16;5;2;18;1;1;3;3;0;1;3;0;0;0;0;1;2;0;0;1;0;1;0;0;0;0;1;0;0;1;0;0;0;0;0;0;0;0;0;0;0;0;0;0;0;0;2;1;0;0;0;0
5;"Świetlica wiejska w Grodztwie, Grodztwo 24E, 87-820 Kowal";41809;"gm. Kowal";"włocławski";"kujawsko-pomorskie";1;1;2;0;1;0;1;0;1;0;1;0;2;0;0;0;0;0;0;0;0;0;0;0;0;0;2;18;1;4;4;4;3;6;0;2;24;0;3;0;2;1;1;0;1;0;0;0;1;0;0;0;0;28;18;1;1;2;0;0;0;1;1;1;0;1;0;1;0;0;0;0;0;0;0;0;1;0;1;26;64;3;70;18;1;4;10;3;0;4;0;0;1;1;0;0;2;1;1;0;0;0;0;2;0;12;10;2;1;0;0;0;2;1;0;0;0;0;0;0;1;1;0;0;1;0;0;0;0;1;2;31;10;1;16;1;1;3;5;3;2;1;0;1;0;1;0;3;2;0;2;0;0;0;0;0;0;1;0;0;0;0;0;0;0;0;0;0;0;0;1;0;0;0;0;2;0;2;0;0;1;0;0
6;"Świetlica wiejska w Rakutowie, Rakutowo 32, 87-820 Kowal";41809;"gm. Kowal";"włocławski";"kujawsko-pomorskie";1;1;0;0;1;0;0;1;0;0;0;0;0;1;0;1;0;0;0;0;0;0;0;0;0;0;0;12;1;0;2;0;1;0;1;0;12;0;2;0;1;0;0;4;0;0;0;0;0;1;0;0;0;18;6;1;0;2;0;0;0;0;0;0;0;0;1;0;0;1;0;0;0;0;0;0;0;0;1;7;35;9;41;24;0;0;3;6;0;0;0;0;0;0;0;0;0;0;0;0;0;0;0;0;1;6;3;1;0;2;0;1;1;0;0;0;0;1;0;0;0;0;0;0;0;1;0;0;0;0;1;10;3;0;7;2;2;0;0;0;0;1;0;0;0;0;0;0;0;0;0;0;0;0;1;0;0;0;0;0;0;0;0;0;0;0;0;0;0;0;0;0;0;0;0;0;0;1;0;0;0;0;0
1;"Świetlica Wiejska w Gąbinku, Gąbinek 22A, 87-732 Lubanie";41810;"gm. Lubanie";"włocławski";"kujawsko-pomorskie";1;1;1;0;1;0;1;0;0;0;0;0;0;0;0;0;0;2;0;0;1;0;0;2;1;0;0;6;0;0;2;6;2;1;0;1;2;2;1;1;0;0;0;0;3;1;0;0;2;0;1;0;2;12;12;0;1;2;0;0;0;0;1;0;1;1;1;1;0;1;1;0;2;0;2;0;0;0;0;14;29;7;102;7;0;4;3;4;0;3;0;2;2;0;0;0;2;0;1;0;0;0;0;1;1;9;4;2;1;0;0;0;0;22;1;1;0;0;0;1;0;0;1;0;0;0;1;0;0;0;1;27;6;3;25;1;2;2;3;1;0;1;1;1;1;0;0;0;0;0;0;1;1;0;1;0;0;1;0;0;0;0;1;1;1;0;0;0;0;1;1;0;1;0;0;0;0;1;0;0;0;0;0
2;"Gminny Ośrodek Kultury w Lubaniu, Lubanie 17, 87-732 Lubanie";41810;"gm. Lubanie";"włocławski";"kujawsko-pomorskie";1;1;2;0;1;0;0;1;0;0;0;0;1;0;1;0;0;2;0;0;0;0;0;0;0;0;0;21;6;2;11;16;5;1;3;0;1;0;2;2;1;1;0;0;3;0;0;0;1;0;1;2;3;27;15;2;0;3;2;2;1;1;0;0;3;1;1;2;0;0;0;0;0;0;3;1;2;0;0;28;55;16;159;13;1;3;18;2;1;3;1;2;1;0;1;2;5;0;0;0;0;0;0;0;1;6;3;2;2;0;0;0;0;42;0;0;0;1;0;0;0;0;1;0;0;0;0;0;0;0;0;48;7;1;52;3;0;0;5;0;2;1;1;0;1;0;0;1;3;1;0;0;0;0;2;1;1;0;0;1;0;0;2;0;0;1;0;0;0;1;0;0;0;1;0;0;0;4;0;0;0;0;0
3;"Szkoła Podstawowa w Lubaniu, Lubanie 13, 87-732 Lubanie";41810;"gm. Lubanie";"włocławski";"kujawsko-pomorskie";1;1;2;0;3;0;0;0;0;0;2;0;0;0;0;0;0;1;0;0;0;0;0;0;0;0;0;26;4;3;8;14;1;1;1;0;2;0;1;0;0;3;0;1;0;1;0;0;0;1;0;0;8;29;10;0;0;6;0;0;1;1;0;3;1;0;0;2;2;1;0;0;0;0;1;0;1;1;1;18;62;12;114;13;0;1;9;2;1;4;1;3;2;1;1;0;4;0;0;0;0;0;0;1;1;6;5;0;1;0;2;0;1;48;0;0;0;0;0;0;0;3;0;1;0;0;0;0;0;0;0;44;6;4;36;3;3;3;4;2;3;0;0;0;0;5;0;3;1;0;0;0;0;0;0;0;0;1;0;0;0;0;0;0;0;0;0;0;1;1;0;0;1;0;0;2;1;2;0;0;0;0;0
4;"Świetlica Wiejska w Janowicach, Janowice 14, 87-732 Lubanie";41810;"gm. Lubanie";"włocławski";"kujawsko-pomorskie";1;1;1;1;1;0;0;0;0;0;1;0;0;0;1;0;0;0;0;0;0;1;0;2;0;0;1;16;1;6;4;3;2;0;2;1;1;0;1;0;2;0;0;0;0;0;0;0;1;1;0;0;0;11;5;3;0;1;0;0;0;1;1;1;0;0;0;1;0;2;0;0;0;0;9;0;0;0;1;22;42;6;136;18;1;1;15;3;0;5;0;1;1;0;2;3;7;1;0;0;0;0;0;0;2;1;1;2;1;1;0;0;1;35;0;0;0;0;0;1;0;1;0;0;0;0;0;0;0;0;1;30;2;5;14;3;1;0;4;0;0;1;0;3;0;1;2;1;0;0;0;1;0;0;0;0;2;1;0;1;0;0;0;1;0;0;0;0;0;0;0;0;0;0;0;0;0;0;0;0;0;0;0
5;"Świetlica Wiejska w Ustroniu, Ustronie 8, 87-732 Lubanie";41810;"gm. Lubanie";"włocławski";"kujawsko-pomorskie";1;1;0;0;1;0;0;0;0;0;1;0;0;0;1;0;0;0;0;0;0;0;0;0;0;0;1;8;0;0;2;2;1;0;0;1;0;0;1;1;0;0;1;0;0;0;0;0;0;1;0;0;1;15;4;0;1;2;0;1;0;0;0;1;2;0;0;0;0;0;0;0;0;0;0;0;3;0;0;9;30;6;74;16;1;0;4;6;1;2;0;0;0;1;0;1;2;0;0;0;0;1;0;0;4;2;9;0;2;0;0;1;0;20;0;0;0;0;0;1;0;0;0;0;0;0;0;1;0;0;0;16;4;0;27;0;0;1;5;0;0;0;0;0;1;1;0;0;0;0;0;0;0;0;0;0;0;3;0;0;0;0;1;0;0;0;0;0;0;1;0;0;0;0;0;0;0;1;0;1;0;0;0
1;"Centrum Kultury w Lubieniu Kujawskim, ul. Wojska Polskiego 22, 87-840 Lubień Kujawski";41811;"gm. Lubień Kujawski";"włocławski";"kujawsko-pomorskie";1;1;3;1;1;0;1;1;0;1;1;0;0;0;1;0;1;0;0;0;0;0;0;0;0;0;2;42;4;5;6;6;3;9;10;0;0;0;1;1;1;2;1;1;1;0;2;0;0;2;0;0;1;24;24;0;1;3;0;0;0;0;0;0;0;1;2;0;1;0;2;1;0;0;1;0;3;0;1;20;87;11;104;27;0;1;20;25;0;5;0;0;1;0;0;0;2;0;0;1;1;0;0;0;0;12;8;4;0;3;1;2;2;2;0;1;0;0;0;3;0;0;0;0;0;0;0;0;1;1;0;56;13;2;57;3;1;0;1;3;3;2;1;0;1;3;3;2;0;0;0;0;1;0;0;0;2;2;1;0;1;0;0;1;0;0;0;0;0;0;1;0;0;0;0;0;0;1;0;0;0;0;0
2;"Szkoła Podstawowa w Kaliskach, Gole 7A, 87-840 Lubień Kujawski";41811;"gm. Lubień Kujawski";"włocławski";"kujawsko-pomorskie";1;1;0;0;0;0;0;0;1;0;0;0;0;0;0;0;1;0;0;0;1;1;0;0;0;0;3;19;0;4;3;3;0;2;1;1;3;0;5;0;0;2;0;1;0;1;0;0;0;0;3;2;2;12;10;0;1;2;2;0;0;0;0;0;1;1;0;0;0;0;0;0;0;0;0;2;1;0;0;9;47;1;61;10;1;5;13;40;0;3;0;2;1;1;0;0;2;0;1;0;0;0;0;0;2;8;8;1;0;1;1;1;0;0;0;0;0;0;0;3;0;0;0;0;0;0;0;0;0;0;0;23;8;2;19;4;1;3;6;0;2;0;2;2;0;0;0;3;1;0;0;0;0;0;0;1;0;4;1;0;0;0;1;0;0;2;0;0;0;0;0;0;0;0;0;0;0;4;0;0;0;0;0
3;"Centrum Kultury w Lubieniu Kujawskim, ul. Wojska Polskiego 22, 87-840 Lubień Kujawski";41811;"gm. Lubień Kujawski";"włocławski";"kujawsko-pomorskie";1;1;0;3;1;0;1;1;0;1;1;0;0;1;0;0;0;1;0;0;0;0;0;0;0;0;2;15;7;6;3;3;2;1;0;2;2;0;3;1;2;0;0;0;0;0;0;0;0;0;1;0;0;5;10;0;1;2;1;1;0;1;2;0;0;1;1;1;0;0;0;0;0;1;0;1;0;0;0;21;62;4;98;36;1;1;16;12;0;4;1;1;0;2;0;0;0;0;0;0;0;0;0;0;1;12;5;4;0;5;2;3;0;0;0;1;0;1;0;0;0;1;0;0;0;0;0;0;0;1;0;31;5;3;30;4;2;2;1;0;2;0;1;0;0;1;0;0;0;1;1;0;1;1;0;0;0;2;0;0;0;0;0;0;0;0;0;0;0;0;1;0;1;0;0;1;0;6;0;0;0;0;0
4;"Remiza Ochotniczej Straży Pożarnej w Bilnie, Bilno 9A, 87-840 Lubień Kujawski";41811;"gm. Lubień Kujawski";"włocławski";"kujawsko-pomorskie";1;1;1;1;2;0;0;0;0;0;0;0;0;0;1;1;0;1;0;0;0;0;0;0;0;0;0;14;1;1;2;2;4;1;0;1;6;1;1;2;0;1;0;0;0;0;0;0;0;1;0;0;1;2;7;1;0;5;0;0;0;0;0;0;2;0;0;1;0;0;2;0;0;0;0;0;0;0;0;10;25;3;48;19;0;2;20;8;0;0;0;1;0;1;0;0;0;0;0;0;0;0;0;0;0;4;2;1;1;2;1;0;0;0;0;0;1;0;0;2;0;0;0;0;0;0;1;0;0;0;1;9;3;5;11;0;0;0;0;0;2;0;0;0;0;1;0;0;0;0;0;0;0;0;0;0;2;0;0;0;0;0;0;0;0;0;0;0;0;0;0;0;0;0;1;0;0;0;0;0;0;0;0
5;"Remiza Ochotniczej Straży Pożarnej w Morzycach, Morzyce 24, 87-840 Lubień Kujawski";41811;"gm. Lubień Kujawski";"włocławski";"kujawsko-pomorskie";1;1;0;2;0;0;0;1;0;0;0;1;2;0;1;0;0;0;0;0;0;0;0;1;0;0;0;8;1;0;3;0;1;1;0;0;5;0;1;0;0;2;0;1;0;0;0;0;0;0;0;0;1;7;3;0;2;1;0;0;0;0;0;0;0;0;2;0;0;0;0;0;0;0;0;0;0;0;4;16;19;4;38;19;1;4;6;7;0;3;0;4;0;0;0;0;1;0;0;0;0;0;1;0;4;6;2;0;1;0;0;0;0;0;0;0;1;1;0;0;2;0;0;1;0;0;0;0;0;0;0;7;4;1;10;1;0;1;0;0;1;0;0;0;0;0;0;0;0;0;0;0;0;0;0;0;1;1;0;1;0;0;0;0;0;0;0;0;0;0;0;0;0;0;0;0;0;0;0;0;0;0;0
6;"Remiza Ochotniczej Straży Pożarnej w Kanibrodzie, Kanibród 21A, 87-840 Lubień Kujawski";41811;"gm. Lubień Kujawski";"włocławski";"kujawsko-pomorskie";1;1;1;0;0;0;1;0;0;0;0;0;0;0;0;0;0;0;0;1;0;0;0;0;0;0;2;14;2;1;0;1;3;0;0;1;9;0;1;0;0;2;1;0;0;0;0;0;0;0;0;0;0;6;4;0;0;4;0;0;2;0;0;0;1;0;2;0;0;0;1;0;0;0;0;0;0;0;0;18;35;2;51;18;4;1;11;10;1;7;0;0;2;0;0;0;0;0;0;0;0;0;0;0;0;5;1;1;1;0;0;0;0;0;0;0;0;0;1;1;0;0;0;0;0;0;1;1;0;0;0;14;2;5;10;4;2;1;2;0;0;0;0;0;0;0;0;2;0;1;0;0;0;0;0;0;0;0;1;0;0;3;0;0;0;0;0;0;0;1;0;0;0;0;0;0;0;4;0;0;0;0;0
7;"Zespół Szkół w Kłóbce, Kłóbka 9, 87-840 Lubień Kujawski";41811;"gm. Lubień Kujawski";"włocławski";"kujawsko-pomorskie";1;1;1;0;1;0;0;1;0;0;0;0;1;0;0;0;0;0;0;0;0;0;0;0;0;0;0;21;1;1;9;1;1;0;1;1;7;1;1;0;1;0;0;0;0;1;0;0;0;0;0;0;2;12;3;1;0;3;0;0;0;0;1;1;4;0;0;0;0;2;0;0;0;0;0;0;2;0;0;7;38;2;45;15;0;0;34;4;0;0;0;0;0;0;0;0;0;0;0;0;0;0;0;0;2;7;5;0;2;1;1;0;0;0;0;1;0;2;0;1;1;0;0;0;0;1;0;0;0;0;1;9;3;0;16;0;1;0;1;1;1;1;1;0;0;0;0;0;0;0;0;0;0;0;0;0;1;6;0;0;0;2;0;0;0;0;0;0;0;0;0;0;0;0;0;0;0;0;0;0;0;0;0
8;"Świetlica wiejska w Rzeżewie, Rzeżewo Małe 65, 87-840 Lubień Kujawski";41811;"gm. Lubień Kujawski";"włocławski";"kujawsko-pomorskie";1;1;0;0;0;0;1;0;0;0;0;0;0;1;0;0;0;0;0;1;0;0;0;0;0;0;0;4;5;1;0;1;2;0;0;0;3;0;0;0;1;0;1;0;1;0;0;0;0;0;0;0;0;7;6;1;0;0;0;0;1;0;0;0;2;1;0;0;0;0;2;0;0;0;0;0;0;0;3;10;31;1;53;10;0;0;6;12;0;2;1;1;0;0;0;0;0;0;0;0;0;0;0;0;0;0;3;1;3;0;0;2;0;0;0;1;0;0;0;1;0;0;0;0;0;0;0;0;0;0;0;8;2;1;10;1;1;2;7;1;0;0;0;0;0;0;0;0;0;0;0;0;0;1;0;0;0;0;0;0;0;1;0;0;0;0;0;0;0;0;0;0;0;0;0;0;0;1;0;0;0;2;0
9;"Świetlica w Kamiennej, Kamienna 8A, 87-840 Lubień Kujawski";41811;"gm. Lubień Kujawski";"włocławski";"kujawsko-pomorskie";1;1;0;1;0;2;0;0;0;0;0;0;0;1;0;0;0;1;0;0;0;0;0;0;0;0;0;19;0;1;0;0;1;0;1;0;5;0;1;0;0;4;1;4;2;0;0;0;1;0;0;2;1;10;7;1;0;0;1;0;0;0;0;2;0;0;0;1;1;1;0;0;0;0;0;0;0;0;1;20;46;4;95;28;7;5;8;21;1;6;0;1;1;2;2;0;2;1;0;0;0;0;0;1;0;8;5;1;0;1;0;2;0;0;1;0;0;0;0;0;2;0;0;0;1;1;0;0;0;0;0;16;1;2;12;1;0;0;1;0;0;1;0;0;0;1;0;1;0;0;0;0;0;0;0;0;0;4;0;1;0;0;0;0;0;0;0;0;0;1;0;0;0;0;0;0;0;0;0;0;0;0;0
10;"Dom Pomocy Społecznej w Rzeżewie, Rzeżewo Małe 65A, 87-840 Lubień Kujawski";41811;"gm. Lubień Kujawski";"włocławski";"kujawsko-pomorskie";1;1;0;1;0;0;0;0;0;0;0;0;0;0;0;0;0;0;0;0;0;0;0;0;0;0;0;0;0;0;0;0;0;0;0;0;0;0;0;0;0;0;0;0;0;0;0;0;0;0;0;0;0;0;0;0;0;0;0;0;0;0;0;0;0;0;0;0;0;0;0;0;0;0;0;1;0;0;0;4;2;0;0;1;0;0;1;0;1;0;1;0;0;1;0;0;0;0;0;0;0;0;1;0;0;0;0;0;0;0;0;0;0;1;0;0;0;0;0;0;0;0;0;0;0;0;0;0;0;0;0;0;0;0;1;0;0;0;0;0;0;0;0;0;0;0;0;0;0;0;0;0;0;0;0;0;0;0;0;0;1;0;0;0;0;0;0;0;0;0;0;0;0;0;0;0;0;0;0;0;0;0;0
1;"Lubranieckie Centrum Dziedzictwa Kulturowego, ul. Brzeska 10, 87-890 Lubraniec";41812;"gm. Lubraniec";"włocławski";"kujawsko-pomorskie";1;1;1;0;0;0;0;0;1;0;0;0;0;0;0;0;0;0;1;1;0;0;0;0;0;0;1;29;7;3;12;55;1;0;3;2;0;0;3;16;0;2;0;1;0;0;0;2;1;1;0;0;2;52;44;0;2;1;2;0;1;2;2;0;4;4;0;3;0;0;3;0;0;0;1;1;1;1;0;47;129;16;109;14;2;6;19;1;1;1;1;2;0;0;1;0;0;0;1;0;0;0;1;1;0;27;5;7;3;3;1;3;3;6;1;0;1;0;1;1;0;1;1;0;0;0;0;0;0;0;0;71;15;2;87;3;4;5;12;1;4;1;0;3;1;2;0;0;1;4;0;0;1;1;2;0;3;0;0;0;0;2;0;0;0;0;0;0;0;0;0;0;0;0;0;0;0;0;0;0;0;0;0
2;"Publiczna Szkoła Podstawowa, ul. Nowa 6, 87-890 Lubraniec";41812;"gm. Lubraniec";"włocławski";"kujawsko-pomorskie";1;1;5;1;3;1;1;0;1;0;0;0;0;0;0;0;0;0;0;0;0;1;0;0;2;1;0;32;1;6;8;79;0;2;1;0;4;0;2;19;0;1;0;0;1;0;0;0;0;2;1;0;1;38;29;0;1;6;1;2;0;0;0;2;2;0;0;0;1;0;1;2;1;0;0;0;2;0;0;21;111;14;139;45;4;2;8;1;0;2;0;1;0;2;0;0;0;0;0;1;1;0;0;3;0;16;8;2;0;2;0;4;4;0;0;0;0;0;0;2;2;1;1;0;0;0;0;0;0;2;2;66;17;1;92;5;0;1;8;0;0;3;1;0;1;0;0;1;0;0;0;0;1;0;0;0;2;4;0;0;0;0;1;0;0;1;0;0;0;1;0;0;0;0;0;0;0;1;0;0;0;0;0
3;"Zespół Szkół, ul. Brzeska 51, 87-890 Lubraniec";41812;"gm. Lubraniec";"włocławski";"kujawsko-pomorskie";1;1;7;2;0;1;0;1;1;1;1;1;0;0;0;1;0;0;0;0;0;0;0;0;0;0;1;23;0;2;9;35;0;2;0;0;3;1;1;13;0;1;1;1;1;0;0;0;1;0;2;0;3;29;26;2;1;4;0;1;0;0;0;0;1;1;2;0;1;0;1;0;1;0;1;0;0;0;2;36;65;5;75;24;0;4;11;2;0;3;0;1;1;0;0;1;2;1;0;0;1;0;0;0;0;13;4;8;1;1;2;2;1;3;0;0;0;0;0;2;0;1;0;0;0;0;0;0;0;1;1;22;11;0;75;5;3;4;4;1;1;3;1;2;0;0;0;0;2;2;0;0;0;0;0;0;0;2;0;1;0;0;1;1;0;0;0;0;0;0;0;0;0;0;0;0;0;1;0;0;0;1;0
4;"Świetlica Wiejska w Dąbiu Kujawskim, Dąbie Kujawskie 41, 87-890 Lubraniec";41812;"gm. Lubraniec";"włocławski";"kujawsko-pomorskie";1;1;3;0;0;0;0;0;0;0;3;0;1;0;0;0;0;1;0;0;0;0;0;0;0;0;0;5;1;3;3;9;1;3;0;0;0;0;1;6;0;0;2;0;1;0;3;0;1;0;0;0;1;13;15;2;0;2;0;0;0;2;0;0;0;0;0;0;1;0;0;0;0;0;0;0;2;1;0;26;35;3;61;17;0;1;1;2;0;5;0;0;0;1;0;0;1;0;0;0;0;0;0;0;0;6;4;1;0;1;1;0;1;0;0;1;0;0;0;0;0;1;0;0;0;0;0;0;0;0;0;13;2;1;16;0;1;0;2;0;1;0;0;0;0;0;0;0;0;0;0;0;0;1;1;0;0;0;0;0;0;0;0;0;1;1;0;0;0;0;1;0;0;0;0;0;0;1;0;0;0;0;0
5;"Publiczna Szkoła Podstawowa w Zgłowiączce, Zgłowiączka 28, 87-890 Lubraniec";41812;"gm. Lubraniec";"włocławski";"kujawsko-pomorskie";1;1;2;0;0;0;0;0;3;0;1;0;1;0;0;0;0;0;0;0;0;0;0;1;0;0;2;25;0;2;0;14;4;1;0;0;1;0;0;4;0;0;0;0;0;0;0;1;1;0;0;1;2;15;14;0;0;2;0;0;0;1;0;0;0;0;0;0;0;1;0;0;0;0;0;0;0;0;0;13;46;2;117;32;2;4;8;2;1;3;0;2;1;0;0;0;0;0;0;0;0;0;1;0;1;7;5;1;2;1;0;4;1;1;0;0;0;0;1;0;0;0;0;0;0;0;0;0;0;1;0;14;3;2;14;0;1;1;1;0;1;0;0;0;1;0;0;2;0;1;0;0;0;0;0;0;1;3;0;0;2;0;2;0;0;0;0;0;0;0;1;0;0;0;0;0;0;1;0;0;0;0;0
6;"Publiczna Szkoła Podstawowa w Sarnowie, Józefowo 2, 87-865 Izbica Kujawska";41812;"gm. Lubraniec";"włocławski";"kujawsko-pomorskie";1;1;5;1;2;0;1;1;0;0;0;0;0;0;0;0;0;0;0;0;0;0;0;0;0;0;0;27;1;1;2;7;0;0;0;0;0;0;0;9;0;0;0;1;0;0;0;0;0;0;0;1;1;6;6;0;0;1;0;0;0;0;0;1;0;0;1;0;1;0;1;0;1;0;0;0;0;0;1;23;27;2;86;20;2;0;4;1;0;1;1;0;0;0;0;0;0;0;0;1;0;0;0;1;0;4;8;3;0;1;1;1;0;1;1;0;1;0;0;0;0;1;0;0;0;0;0;0;0;1;1;12;2;4;16;1;0;0;3;2;1;0;0;1;0;0;0;0;0;0;0;0;0;0;0;0;0;3;0;0;0;0;0;0;0;0;0;1;0;0;0;0;0;0;0;0;0;0;0;0;0;0;0
7;"Publiczna Szkoła Podstawowa w Kłobi, Kłobia 29, 87-890 Lubraniec";41812;"gm. Lubraniec";"włocławski";"kujawsko-pomorskie";1;1;2;0;1;1;0;0;0;0;0;0;1;0;0;0;0;0;0;0;0;0;0;0;1;0;0;25;2;2;4;9;0;2;0;0;6;0;3;0;0;0;0;0;2;0;0;0;0;2;2;0;1;11;5;0;0;1;0;0;1;0;1;0;0;1;0;0;0;0;0;0;0;0;0;0;0;2;0;12;45;7;80;43;0;1;2;3;0;0;1;0;0;1;0;2;0;0;0;0;0;0;0;0;0;6;2;5;0;2;0;2;1;2;0;0;0;1;0;0;0;0;0;0;0;0;0;0;0;0;2;16;5;3;26;1;2;0;0;0;0;0;0;0;0;1;0;2;1;0;0;1;0;1;1;0;0;3;0;0;0;0;1;0;0;0;0;0;0;0;0;0;0;0;0;0;0;0;0;0;0;0;0
8;"Remiza Ochotniczej Straży Pożarnej w Kazaniu, Kazanie 32, 87-890 Lubraniec";41812;"gm. Lubraniec";"włocławski";"kujawsko-pomorskie";1;1;1;0;1;0;0;0;0;0;0;0;0;0;0;0;0;0;0;0;0;0;0;2;0;0;0;5;0;0;4;10;0;0;0;1;0;0;0;1;0;0;0;0;0;0;0;0;0;0;0;0;0;1;13;1;0;3;0;0;0;0;0;0;1;1;0;0;0;1;0;0;0;0;0;0;0;0;0;14;37;2;45;19;1;2;1;0;1;1;1;0;0;1;0;1;0;0;0;0;0;0;1;0;0;4;3;1;0;1;0;1;0;0;0;1;0;0;0;1;0;0;0;0;0;0;0;0;0;0;1;7;7;0;10;1;0;0;4;0;0;0;0;0;0;0;0;1;0;0;0;0;0;0;0;0;1;1;0;0;0;0;0;0;0;0;0;0;0;0;0;0;0;0;0;0;0;0;0;0;0;0;0
9;"Świetlica wiejska w Redczu Kalnym, Redecz Kalny 53, 87-890 Lubraniec";41812;"gm. Lubraniec";"włocławski";"kujawsko-pomorskie";1;1;0;1;0;0;0;1;0;0;0;0;0;0;0;0;0;0;0;0;0;0;0;0;0;0;0;6;0;1;2;4;1;0;0;0;0;0;1;3;1;0;0;0;0;0;0;0;1;0;0;0;0;8;10;0;1;2;0;0;1;0;0;0;0;2;0;0;0;0;1;0;0;0;0;0;0;0;0;10;32;1;39;18;1;4;7;0;0;0;0;1;0;2;0;0;0;0;0;1;0;0;0;0;0;2;2;1;0;1;1;1;0;0;0;0;0;0;0;0;0;0;0;0;0;0;0;0;0;0;0;10;2;5;3;1;1;2;0;0;1;0;0;1;1;0;0;0;0;0;1;0;0;0;0;0;0;2;0;0;0;0;1;0;0;0;0;1;0;0;1;0;0;0;0;0;0;0;0;0;0;0;0
10;"Budynek po byłym Publicznym Gimnazjum w Siemnówku, Siemnówek 1A, 87-890 Lubraniec";41812;"gm. Lubraniec";"włocławski";"kujawsko-pomorskie";1;1;1;1;0;1;0;1;0;0;0;0;0;1;0;0;0;0;0;1;2;1;0;0;1;0;0;18;1;2;2;5;1;1;0;0;0;0;0;4;1;0;0;0;1;0;0;0;0;0;0;0;2;11;9;0;0;2;0;1;1;0;1;0;1;0;0;0;0;0;0;0;0;0;0;0;0;0;0;8;19;1;56;9;1;2;1;1;0;0;1;1;0;0;0;0;2;0;1;0;0;0;0;3;0;8;3;1;0;0;1;0;1;1;1;0;0;0;1;0;0;0;0;0;0;0;0;0;0;0;0;3;1;1;9;0;1;0;0;0;0;0;0;0;0;0;0;1;0;0;3;0;0;0;0;0;0;0;0;0;0;0;1;0;0;0;0;0;0;0;0;0;0;0;0;0;0;2;0;0;0;0;0
11;"Świetlica wiejska w Żydowie, Żydowo 32, 87-890 Lubraniec";41812;"gm. Lubraniec";"włocławski";"kujawsko-pomorskie";1;1;0;0;1;0;0;0;0;0;1;0;0;0;0;0;0;0;0;0;0;0;0;0;0;0;0;15;0;1;1;2;2;1;0;0;0;1;1;10;0;0;1;0;1;0;0;1;1;0;0;0;1;7;4;1;0;0;0;1;0;0;0;1;0;1;0;0;0;0;0;0;1;0;0;0;0;0;0;13;27;3;27;10;0;0;3;1;0;3;0;0;0;0;0;0;2;1;0;0;1;0;0;0;1;4;0;1;1;0;1;0;0;0;0;0;1;0;0;0;0;0;0;0;0;0;0;0;0;0;0;19;1;3;9;0;0;0;0;0;1;0;1;0;1;0;0;0;0;0;0;0;0;1;1;0;3;0;0;0;0;0;0;0;0;0;0;0;1;0;0;0;0;0;0;0;0;0;0;0;0;0;0
1;"Świetlica wiejska w Dębie Polskim, Dąb Polski ul. Sasankowa 8, 87-815 Smólnik";41813;"gm. Włocławek";"włocławski";"kujawsko-pomorskie";1;1;0;0;0;0;0;0;0;0;0;0;0;0;0;0;0;0;0;0;3;0;0;1;0;0;0;4;0;5;1;1;1;1;0;0;0;1;1;0;0;1;0;0;0;1;0;0;0;0;0;0;0;7;2;0;0;1;0;0;0;0;0;0;2;0;0;0;0;0;0;0;0;0;0;0;0;0;1;12;23;11;41;5;1;2;4;0;0;3;1;0;1;1;0;0;3;0;0;0;0;1;0;0;1;3;2;0;1;2;1;1;0;0;0;0;0;0;0;0;1;0;0;0;0;0;0;0;0;0;0;15;22;0;11;3;1;1;1;0;1;0;2;2;0;1;1;0;1;0;0;0;0;0;0;0;0;0;0;0;0;0;0;0;0;0;0;0;0;0;1;0;0;0;0;0;0;2;0;0;0;0;0
2;"Szkoła Podstawowa z Oddziałami Integracyjnymi im. Janusza Korczaka w Smólniku, Smólnik 17, 87-815 Smólnik";41813;"gm. Włocławek";"włocławski";"kujawsko-pomorskie";1;1;1;1;1;0;0;0;0;0;0;0;0;0;0;1;0;1;1;1;2;0;0;0;0;0;1;37;4;10;7;5;3;2;1;0;16;0;3;1;0;1;1;0;0;0;0;0;0;0;0;0;3;23;14;0;0;2;2;0;0;0;0;1;23;0;0;0;1;0;0;0;0;0;0;0;0;1;0;8;65;4;127;3;0;0;3;0;1;6;3;1;0;2;3;0;0;0;0;0;0;0;0;1;0;11;5;3;2;0;0;0;1;2;0;2;0;0;0;2;0;0;0;0;0;0;0;0;0;0;2;40;10;3;63;5;2;1;12;0;3;1;1;2;0;0;0;1;0;0;3;0;0;1;0;1;0;2;0;0;0;0;0;0;1;0;0;0;0;0;0;0;0;0;0;1;0;1;0;0;0;0;0
3;"Szkoła Podstawowa Stowarzyszenia Przyjaciół Szkół Katolickich im. Jana Pawła II w Modzerowie, Modzerowo 53A, 87-800 Włocławek";41813;"gm. Włocławek";"włocławski";"kujawsko-pomorskie";1;1;3;0;2;1;0;1;2;1;1;0;0;1;0;0;0;0;0;0;0;0;0;0;0;0;0;15;7;2;2;15;1;1;0;0;1;0;4;0;0;0;0;0;0;0;1;0;1;0;1;0;2;21;17;0;1;3;2;0;0;0;1;0;0;0;0;0;0;0;0;0;0;0;0;0;0;1;0;6;33;5;90;1;0;1;3;0;0;1;0;0;0;0;0;0;0;0;0;0;0;0;0;0;0;10;2;1;1;1;1;2;1;1;0;0;0;0;0;0;0;0;1;0;0;0;0;0;0;1;0;27;4;0;41;1;6;0;2;0;2;1;0;0;0;0;0;1;1;1;1;0;2;0;0;0;0;1;1;0;0;0;0;1;0;0;0;0;0;0;0;0;0;0;0;0;0;1;0;0;0;0;0
4;"Szkoła Podstawowa Stowarzyszenia Przyjaciół Szkół Katolickich im. bł. Ks. Franciszka Drzewieckiego w Warząchewce Polskiej, Warząchewka Polska 37, 87-809 Włocławek";41813;"gm. Włocławek";"włocławski";"kujawsko-pomorskie";1;1;3;0;3;0;0;1;0;0;1;0;0;0;0;0;0;0;0;0;1;0;0;0;0;0;2;14;0;0;3;20;0;3;0;0;5;0;2;2;0;0;1;0;3;0;0;0;1;0;0;0;1;36;25;0;0;8;1;0;0;1;0;0;0;0;1;1;0;0;0;0;0;0;1;0;1;0;0;4;56;5;90;9;0;2;9;1;2;3;0;1;0;1;0;0;0;0;0;1;0;0;0;0;1;15;10;1;1;2;1;0;0;2;1;1;0;2;2;0;0;2;0;1;0;1;0;0;0;4;0;30;4;1;23;3;2;1;9;0;0;1;0;0;0;0;1;0;0;1;2;0;0;0;0;0;1;1;0;0;2;0;1;1;1;0;0;0;0;4;1;0;0;0;0;0;0;0;0;0;0;0;0
5;"Szkoła Podstawowa z Oddziałami Integracyjnymi im. Polskich Noblistów w Kruszynie, ul. Szkolna 15, 87-853 Kruszyn";41813;"gm. Włocławek";"włocławski";"kujawsko-pomorskie";1;1;4;1;5;0;1;0;0;1;1;0;0;1;1;0;0;3;0;0;0;0;0;0;0;0;0;54;7;9;3;7;4;2;1;1;11;2;0;2;1;2;1;0;0;1;0;1;1;0;1;1;4;31;32;0;0;9;1;0;0;0;0;1;0;1;0;0;3;0;1;0;0;0;0;0;1;1;2;12;61;7;100;19;2;3;10;1;2;2;2;3;1;0;0;0;1;0;0;1;0;0;0;0;0;11;0;8;8;2;0;0;0;1;0;1;0;0;0;0;0;0;0;0;0;0;0;0;0;0;7;33;9;0;115;0;3;3;10;2;2;1;0;0;1;0;0;0;0;2;0;0;0;2;0;0;0;2;1;0;0;1;2;0;0;0;0;0;0;0;0;1;0;0;0;0;0;2;0;0;0;0;0
6;"Szkoła Podstawowa z Oddziałami Integracyjnymi im. Polskich Noblistów w Kruszynie, ul. Szkolna 15, 87-853 Kruszyn";41813;"gm. Włocławek";"włocławski";"kujawsko-pomorskie";1;1;6;2;0;0;0;0;1;0;0;1;0;1;0;2;1;0;0;0;0;0;0;0;0;0;0;49;1;3;1;9;2;0;3;1;7;0;2;1;6;0;0;0;0;0;0;0;1;4;5;0;1;31;23;0;0;8;0;0;2;2;0;0;0;0;0;0;0;0;0;1;0;0;0;0;1;1;1;22;63;8;72;43;1;2;12;1;1;6;0;0;0;1;0;0;0;0;0;1;0;0;0;0;0;12;11;3;1;0;0;0;2;2;0;0;0;0;1;0;0;0;0;0;0;0;0;0;0;0;2;34;3;1;59;1;0;0;5;1;0;0;0;3;0;0;0;1;0;0;0;0;0;0;0;0;0;5;0;1;0;0;0;1;0;0;0;0;0;0;0;0;0;0;0;0;0;0;0;0;0;0;0
7;"Świetlica wiejska w Józefowie, Józefowo 21, 87-800 Włocławek";41813;"gm. Włocławek";"włocławski";"kujawsko-pomorskie";1;1;1;0;3;0;0;2;0;0;1;0;0;0;0;0;0;0;0;0;0;0;1;0;0;0;0;8;0;1;2;14;0;1;0;0;1;0;0;0;0;0;0;0;3;0;0;0;0;0;1;0;0;11;7;0;0;3;0;0;1;0;0;0;11;0;0;1;1;0;0;0;0;0;1;0;0;1;0;2;13;0;31;1;0;0;1;0;0;2;0;0;0;1;0;0;0;0;0;0;0;0;0;0;0;5;1;3;0;0;1;1;1;1;0;0;0;0;0;0;0;0;0;0;0;0;0;0;0;1;0;14;3;1;46;1;0;1;7;0;1;1;0;1;0;0;0;0;0;0;0;0;0;0;0;0;0;0;0;0;0;0;0;0;0;0;0;0;0;0;0;0;0;0;0;0;0;0;0;0;0;0;0
8;"Świetlica wiejska w Świętosławiu, Świętosław 11A, 87-853 Kruszyn";41813;"gm. Włocławek";"włocławski";"kujawsko-pomorskie";1;1;1;0;1;0;0;0;0;0;1;0;0;0;0;0;0;0;0;0;0;0;0;0;0;0;0;13;2;0;1;9;1;0;0;0;0;0;1;0;0;2;0;0;1;0;0;1;0;0;0;1;1;12;20;0;0;0;1;0;0;0;1;0;0;0;1;0;0;0;0;0;0;0;0;0;0;0;2;16;39;6;25;5;0;2;2;2;0;3;0;0;0;0;0;0;1;0;0;0;0;0;0;0;0;2;1;1;0;0;0;0;1;2;0;0;0;2;0;0;0;0;0;0;0;0;0;0;0;0;1;11;3;0;32;0;0;2;1;1;0;1;0;0;0;0;0;0;0;0;0;0;0;0;0;0;0;0;0;0;0;0;1;0;0;0;0;0;1;0;0;0;0;0;0;0;0;0;0;0;0;0;1
9;"Świetlica wiejska w Smólsku, Smólsk 45, 87-853 Kruszyn";41813;"gm. Włocławek";"włocławski";"kujawsko-pomorskie";1;1;0;0;2;0;0;0;0;0;0;1;0;0;0;0;0;0;0;0;0;0;0;0;0;0;0;7;0;2;6;2;0;1;0;0;0;0;1;0;0;0;0;0;0;0;1;0;0;0;2;0;1;8;11;1;1;2;0;0;0;0;1;0;0;0;0;0;0;0;0;0;0;0;0;0;1;0;0;6;17;2;30;9;0;1;1;1;0;3;0;1;0;0;0;0;0;0;0;0;0;0;0;0;1;5;2;0;1;1;0;0;1;1;0;0;0;0;0;0;0;0;0;0;0;0;0;0;0;0;2;16;2;0;22;1;1;1;4;0;0;0;0;0;0;0;0;0;0;0;0;0;0;0;0;0;0;1;0;0;0;0;0;1;0;0;0;0;0;0;0;0;0;0;0;0;0;0;0;0;0;0;0
10;"Świetlica wiejska w Nowej Wsi, Nowa Wieś ul. Szafirowa 11, 87-853 Kruszyn";41813;"gm. Włocławek";"włocławski";"kujawsko-pomorskie";1;1;3;0;0;2;0;0;0;0;0;0;2;1;0;1;0;0;0;0;0;0;0;0;0;0;1;14;2;5;6;17;4;0;1;1;1;0;1;2;0;1;1;0;1;0;0;0;0;0;1;2;4;26;17;1;1;10;0;0;0;0;1;0;1;0;0;0;2;0;2;0;0;0;0;0;1;0;1;11;61;5;33;6;0;0;5;2;0;2;0;0;0;0;1;0;0;0;0;0;0;0;0;0;0;11;3;1;1;0;0;0;0;0;0;0;0;0;1;0;0;0;0;0;0;0;0;0;0;1;0;54;10;1;116;1;8;4;9;0;0;0;1;0;1;0;0;0;0;0;0;1;1;1;0;0;0;2;0;0;0;0;0;0;0;0;0;0;0;1;0;0;0;0;0;0;0;8;0;0;0;0;0
1;"Szkoła Podstawowa Nr 4, ul. Jaśminowa 2, 86-300 Grudziądz";46201;"m. Grudziądz";"Grudziądz";"kujawsko-pomorskie";1;1;2;1;1;2;0;1;0;2;2;1;2;0;0;0;0;0;0;0;0;0;0;1;0;0;1;31;25;92;13;3;2;5;1;0;0;1;3;0;1;1;0;0;0;0;0;0;0;4;5;1;2;63;0;31;4;2;1;1;0;0;0;0;3;1;1;1;2;2;3;0;1;0;1;1;2;0;3;102;13;4;22;21;2;3;34;2;9;4;2;16;0;0;1;0;5;0;15;0;1;1;0;0;1;17;6;2;12;2;2;1;2;0;2;0;1;1;0;0;1;0;1;0;0;1;0;1;0;0;15;48;17;292;4;10;11;4;2;1;2;1;0;0;0;0;0;2;2;1;1;0;1;1;1;0;1;3;3;0;0;1;1;1;2;1;0;0;0;0;0;0;0;0;0;0;0;2;0;0;0;0;0
2;"Zespół Szkół Rolniczych, ul. Lipowa 33, 86-300 Grudziądz";46201;"m. Grudziądz";"Grudziądz";"kujawsko-pomorskie";1;1;5;0;0;0;0;1;0;1;0;1;0;0;0;1;0;0;0;1;0;0;0;0;0;0;0;36;23;148;15;2;4;3;2;1;0;2;6;2;2;1;1;1;0;1;0;1;1;0;12;0;3;64;1;48;1;2;0;0;1;0;0;0;2;0;1;0;1;3;2;0;3;1;0;1;0;0;10;145;14;24;41;37;6;4;30;0;20;10;9;39;3;2;0;4;6;4;23;0;0;1;2;1;7;47;6;7;14;6;2;0;4;0;0;0;0;1;1;3;2;0;1;0;2;0;0;0;1;0;24;73;24;485;2;12;5;9;9;2;2;2;2;0;1;4;0;1;1;8;1;0;0;0;0;0;3;11;4;0;0;2;0;2;0;0;0;0;2;0;0;0;0;0;0;1;0;0;0;0;0;0;2
3;"Budynek po byłym Gimnazjum Nr 9, ul. Ignacego Paderewskiego 10, 86-300 Grudziądz";46201;"m. Grudziądz";"Grudziądz";"kujawsko-pomorskie";1;1;4;1;0;0;0;0;1;2;1;0;0;1;1;2;0;0;0;0;0;1;0;1;1;0;1;25;18;105;6;3;3;0;1;1;0;1;4;1;0;1;1;2;0;0;0;0;0;2;3;0;0;61;5;35;1;3;0;0;1;1;0;1;1;0;0;0;2;4;0;1;1;0;0;0;0;0;6;150;7;24;14;31;2;8;25;2;6;5;15;49;2;0;0;1;2;0;20;0;0;2;0;0;3;20;3;1;1;5;2;0;2;0;0;0;0;0;2;2;1;1;0;0;2;0;0;1;0;2;16;47;7;372;2;8;3;3;0;1;1;1;2;2;0;0;0;1;1;1;0;1;0;4;0;0;0;14;9;0;1;0;1;0;0;0;0;0;1;1;3;0;0;0;0;1;0;8;0;0;0;0;0
4;"Przedszkole Miejskie ""TARPNO"", ul. Dąbrówki 6, 86-300 Grudziądz";46201;"m. Grudziądz";"Grudziądz";"kujawsko-pomorskie";1;1;2;0;0;0;1;1;0;0;1;0;0;0;0;0;0;0;0;0;0;0;0;0;0;0;1;2;5;23;1;0;2;1;1;0;0;0;0;0;1;0;0;0;0;0;0;0;1;0;1;0;0;21;1;22;0;0;1;0;0;0;2;0;1;0;2;0;0;0;0;0;0;1;0;0;2;0;0;75;4;1;10;11;0;0;14;2;8;4;2;30;0;1;0;0;2;0;9;0;0;1;0;0;0;4;2;4;0;0;1;1;2;0;1;0;0;2;0;1;0;1;1;0;0;0;0;0;0;0;1;12;2;115;0;6;1;1;0;1;0;2;0;0;0;2;0;1;0;0;0;0;0;0;0;0;0;1;0;0;0;0;1;0;0;0;0;0;0;0;0;0;0;0;0;0;0;2;0;0;0;0;1
5;"Szkoła Podstawowa Nr 18, ul. Dąbrówki 7, 86-300 Grudziądz";46201;"m. Grudziądz";"Grudziądz";"kujawsko-pomorskie";1;1;1;2;0;0;0;0;0;0;0;1;0;0;1;1;0;1;0;2;0;0;0;0;0;0;0;11;5;34;1;1;2;2;0;0;0;0;1;0;2;2;0;0;0;0;0;0;0;0;3;0;0;37;2;16;0;3;0;0;0;0;1;0;0;1;1;0;1;0;1;1;0;0;0;0;0;0;5;58;5;10;21;7;0;0;14;2;6;0;6;37;0;0;0;1;2;0;4;0;0;0;0;0;1;11;0;3;4;0;2;2;0;0;0;0;0;0;1;0;1;1;0;0;0;0;0;0;0;0;2;9;9;181;3;2;5;0;0;2;3;1;1;0;0;1;0;0;1;1;0;1;0;0;0;0;1;2;3;2;1;0;0;0;0;0;0;1;0;1;0;0;0;0;0;0;0;1;0;1;0;0;0
6;"Miejski Ośrodek Rekreacji i Wypoczynku, ul. Za Basenem 2, 86-300 Grudziądz";46201;"m. Grudziądz";"Grudziądz";"kujawsko-pomorskie";1;1;5;2;0;0;0;1;0;1;0;0;0;0;0;1;0;0;0;0;0;0;0;0;0;0;0;13;11;85;5;1;1;3;3;2;2;0;3;0;2;2;0;0;1;0;0;0;1;0;3;0;0;56;4;32;1;2;1;1;1;0;0;0;1;0;3;0;1;6;1;1;5;0;1;0;1;0;5;119;11;8;29;17;4;9;19;2;7;2;11;80;2;0;0;0;4;0;9;2;0;3;0;0;3;18;4;1;3;6;1;0;1;0;0;0;0;2;0;2;1;1;0;0;0;0;0;1;0;0;9;35;12;286;1;8;4;2;0;0;1;4;0;1;2;1;2;0;0;5;0;0;0;0;0;1;0;5;7;0;0;0;0;0;0;0;1;0;0;0;1;0;1;0;1;0;0;0;0;0;0;0;0
7;"Dom Dziennego Pobytu, ul. marsz. Józefa Piłsudskiego 111, 86-300 Grudziądz";46201;"m. Grudziądz";"Grudziądz";"kujawsko-pomorskie";1;1;1;1;2;0;1;0;0;0;0;0;3;0;0;0;2;0;0;0;0;0;0;0;0;0;0;12;7;57;2;0;1;0;0;0;0;1;1;1;2;1;0;1;0;3;0;0;0;0;0;0;0;34;2;11;3;1;1;1;0;1;1;0;1;0;0;0;0;1;0;0;1;0;0;0;0;0;5;70;1;11;14;6;1;4;16;1;7;3;11;26;1;0;0;0;4;0;9;0;0;1;0;1;0;10;0;1;4;0;0;0;1;0;1;0;0;1;1;0;0;1;0;0;0;0;0;0;0;0;13;30;12;137;3;5;3;2;1;3;3;0;0;1;1;0;0;0;0;3;0;0;0;1;0;0;0;2;5;0;0;0;0;0;0;0;0;0;1;0;1;0;0;0;0;0;0;0;0;0;0;0;0
8;"Klub Centrum Szkolenia Logistyki, ul. Anny Walentynowicz 6, 86-300 Grudziądz";46201;"m. Grudziądz";"Grudziądz";"kujawsko-pomorskie";1;1;2;0;0;0;0;0;0;0;1;0;2;0;2;0;0;0;0;0;0;0;0;0;0;0;1;12;5;57;13;0;5;3;1;1;0;0;2;1;1;0;0;0;3;0;0;1;0;1;0;1;1;36;1;32;1;4;0;0;1;1;0;0;0;3;2;0;0;4;0;0;1;0;0;1;0;0;2;87;4;16;27;23;1;2;21;0;7;2;4;34;0;1;0;0;2;2;8;0;1;0;0;0;1;9;6;2;4;1;1;0;0;0;1;0;2;0;0;0;0;0;0;0;0;0;0;1;0;0;10;38;9;233;2;8;4;4;0;0;0;2;2;1;0;0;1;1;1;0;0;0;3;1;0;1;2;1;6;0;0;0;0;0;0;0;0;0;0;1;0;0;0;0;0;0;0;10;0;0;0;0;0
9;"Biblioteka Miejska, ul. Legionów 28, 86-300 Grudziądz";46201;"m. Grudziądz";"Grudziądz";"kujawsko-pomorskie";1;1;0;1;0;0;0;1;0;1;0;0;1;1;1;0;0;0;0;0;0;1;0;0;0;0;0;18;4;55;7;2;0;1;2;0;2;1;2;0;0;3;1;0;1;0;0;1;0;1;5;1;0;40;3;34;1;3;1;0;2;0;2;1;5;0;0;1;2;4;0;0;0;0;0;0;0;1;6;86;9;12;15;8;4;5;17;0;10;0;3;28;0;1;0;0;4;0;10;0;0;1;0;0;0;19;2;2;4;1;0;1;1;1;1;0;1;0;0;2;3;0;1;0;0;0;0;0;0;1;15;24;15;205;3;4;4;3;3;0;0;2;0;1;0;0;0;1;0;2;0;1;0;0;1;0;0;3;1;1;0;0;0;0;0;0;1;0;1;1;6;0;1;0;0;0;0;15;0;0;0;0;0
10;"Szkoła Podstawowa Nr 9 (sala gimnastyczna), ul. Forteczna 29, 86-300 Grudziądz";46201;"m. Grudziądz";"Grudziądz";"kujawsko-pomorskie";1;1;8;0;0;1;0;0;3;1;0;1;0;1;1;0;0;0;0;0;0;0;0;1;0;1;0;28;18;71;8;3;4;0;0;1;3;0;4;1;1;1;1;0;0;1;0;0;1;1;6;1;2;49;7;31;1;5;2;0;0;2;0;0;2;2;0;1;5;0;0;0;2;2;0;0;1;0;6;132;10;14;22;25;3;2;15;4;13;5;6;29;1;3;1;1;0;0;13;1;2;0;0;0;0;30;6;8;2;1;4;2;4;1;0;1;1;2;2;2;3;2;0;0;1;1;0;0;0;0;21;31;20;198;4;14;4;2;1;2;1;2;1;1;0;1;0;1;0;3;0;0;0;4;0;0;0;3;7;0;1;0;2;0;2;0;0;0;1;0;0;0;0;0;0;0;0;1;0;0;0;0;0
11;"Centrum Kształcenia Ustawicznego, ul. Legionów 2, 86-300 Grudziądz";46201;"m. Grudziądz";"Grudziądz";"kujawsko-pomorskie";1;1;4;1;2;0;2;0;0;0;0;0;0;0;0;0;0;0;0;0;0;0;1;0;0;0;1;7;2;33;4;0;1;0;0;0;0;0;2;0;0;0;0;1;1;0;0;0;0;0;0;0;0;29;1;23;1;6;0;2;0;1;1;0;1;0;0;0;1;1;0;1;0;0;0;0;2;0;8;73;9;6;12;18;1;4;11;2;5;1;0;25;1;0;0;0;3;0;9;1;3;0;0;1;2;16;1;5;0;0;0;0;3;1;1;1;0;0;2;4;0;0;1;0;0;2;0;0;0;0;17;17;9;148;0;5;2;1;4;1;0;0;1;0;1;0;0;1;0;2;0;0;3;4;0;0;0;1;1;1;0;0;0;0;0;1;1;0;0;1;0;0;0;1;0;0;0;8;0;1;0;0;0
12;"Szkoła Podstawowa Nr 5, ul. Sienkiewicza 24, 86-300 Grudziądz";46201;"m. Grudziądz";"Grudziądz";"kujawsko-pomorskie";1;1;1;0;0;0;0;0;0;1;0;0;0;0;0;0;0;0;0;0;1;0;0;0;0;0;0;8;0;17;8;0;0;0;0;0;1;0;0;0;0;0;0;0;0;0;2;0;0;0;0;0;0;19;3;11;1;0;0;1;0;0;1;0;0;0;0;0;0;0;0;0;0;0;0;0;1;0;1;25;3;1;5;7;0;2;7;1;3;1;2;12;0;0;0;0;0;0;2;0;0;0;0;0;0;8;2;2;2;1;2;0;0;0;0;0;0;0;1;0;2;0;0;0;0;1;0;0;0;0;6;12;4;80;1;0;2;0;0;2;0;0;0;0;1;0;0;0;1;0;0;0;1;0;0;0;0;1;1;0;1;1;0;0;0;0;0;0;0;1;1;0;0;0;0;0;0;3;0;0;1;0;0
13;"Szkoła Podstawowa Nr 13, ul. gen. Sikorskiego 42, 86-300 Grudziądz";46201;"m. Grudziądz";"Grudziądz";"kujawsko-pomorskie";1;1;2;0;1;0;0;0;0;0;0;0;0;0;0;0;0;0;0;0;0;0;0;0;0;0;0;7;4;38;5;0;0;1;0;1;0;0;1;0;0;0;0;0;0;0;0;0;0;0;2;1;1;38;0;20;3;1;0;0;1;0;0;0;2;0;0;0;0;0;2;0;1;0;0;0;0;5;0;40;2;6;9;9;4;5;3;1;1;3;1;26;0;1;0;3;0;0;2;0;0;0;0;1;2;5;4;1;4;0;0;1;1;0;0;0;0;1;2;0;0;0;0;0;1;0;0;0;0;1;7;10;8;91;1;3;1;1;0;0;2;2;1;0;0;0;1;1;0;0;0;0;0;0;0;0;1;1;3;0;0;0;0;0;0;0;0;0;0;0;0;0;0;0;0;0;0;0;0;0;0;0;0
14;"Szkoła Podstawowa Nr 16, ul. Kochanowskiego 19, 86-300 Grudziądz";46201;"m. Grudziądz";"Grudziądz";"kujawsko-pomorskie";1;1;5;0;0;3;0;0;1;3;0;0;1;0;0;0;0;0;0;0;0;0;0;1;0;0;1;32;21;139;5;5;3;1;3;1;2;5;2;5;2;0;1;0;3;0;2;0;1;1;10;0;3;85;6;35;3;1;1;1;1;1;1;1;6;2;0;2;0;1;1;0;1;0;0;0;0;0;7;172;12;18;18;29;4;4;35;5;7;6;6;17;0;0;1;0;2;2;17;5;0;0;1;2;1;39;5;9;6;3;1;3;3;1;1;2;0;0;3;0;0;2;0;0;2;0;0;0;0;1;18;48;25;348;0;24;9;3;4;2;2;1;1;2;2;4;0;2;0;4;0;0;0;1;0;1;2;6;11;0;1;1;1;1;2;0;0;0;0;0;0;0;0;0;0;0;0;6;0;0;0;1;0
15;"Niepubliczna Szkoła Podstawowa z Oddziałami Integracyjnymi SPINAKER, ul. Ludwika Waryńskiego 102, 86-300 Grudziądz";46201;"m. Grudziądz";"Grudziądz";"kujawsko-pomorskie";1;1;2;1;0;0;0;2;0;0;0;0;0;0;0;1;0;0;0;0;0;0;0;0;0;0;0;20;14;68;7;4;3;2;0;0;2;0;1;0;1;1;0;0;0;2;1;0;6;0;1;1;3;42;1;20;0;1;0;0;0;0;0;1;2;0;0;1;1;0;0;1;0;0;0;0;0;0;4;79;11;8;14;20;1;4;19;3;7;4;5;13;1;1;0;0;2;1;5;0;0;6;0;0;1;24;4;1;1;3;2;1;0;2;1;2;1;0;2;1;0;1;0;0;2;0;0;0;1;2;12;15;12;219;3;13;2;0;1;4;2;0;0;0;0;0;0;1;0;4;0;1;0;0;0;0;3;6;5;0;0;0;1;0;0;1;0;0;2;0;0;0;0;0;0;0;0;3;0;0;0;0;1
16;"Szkoła Podstawowa Nr 8, ul. Mikołaja z Ryńska 6, 86-300 Grudziądz";46201;"m. Grudziądz";"Grudziądz";"kujawsko-pomorskie";1;1;1;1;1;0;0;0;0;0;0;0;0;0;0;1;0;0;0;0;0;0;0;0;0;0;0;13;11;43;2;0;0;0;0;1;0;1;2;0;1;0;1;0;0;0;0;0;0;0;3;0;1;26;0;16;0;0;0;0;0;0;0;0;0;0;2;0;0;0;0;0;2;0;0;0;0;0;7;70;6;10;18;15;3;1;6;1;2;1;3;37;0;1;0;0;1;0;5;0;0;1;0;1;1;6;2;2;4;0;0;0;0;0;1;0;0;0;0;1;0;2;0;0;0;0;0;0;0;0;1;12;1;115;1;2;0;0;1;1;1;2;0;1;1;0;0;0;0;0;0;0;3;1;0;0;0;2;3;0;0;0;0;2;0;1;0;0;0;0;0;1;0;0;0;0;0;2;0;0;0;0;0
17;"Szkoła Podstawowa Nr 12, ul. Moniuszki 14, 86-300 Grudziądz";46201;"m. Grudziądz";"Grudziądz";"kujawsko-pomorskie";1;1;1;0;1;0;1;0;0;1;0;0;5;0;0;0;0;0;1;0;0;0;0;0;0;0;1;21;18;113;11;1;2;0;0;1;1;1;0;1;2;2;0;0;0;0;0;0;1;1;7;0;0;66;4;45;0;3;3;1;2;0;2;0;0;1;1;0;4;0;1;0;0;0;1;0;0;0;5;101;11;26;24;24;5;3;37;0;16;0;11;57;3;3;0;3;4;1;13;0;2;0;0;1;0;21;4;3;4;2;1;2;2;1;1;1;0;2;1;2;1;0;0;1;1;0;0;0;0;0;11;44;9;312;2;9;7;1;3;3;1;1;2;1;1;3;0;1;0;3;0;0;1;0;0;1;1;1;1;0;0;0;0;0;4;0;0;0;1;0;1;0;1;0;0;0;0;6;0;0;0;0;0
18;"Centrum Kultury TEATR, ul. Teatralna 1, 86-300 Grudziądz";46201;"m. Grudziądz";"Grudziądz";"kujawsko-pomorskie";1;1;3;0;0;0;1;0;0;0;1;1;1;5;1;0;0;0;0;0;0;1;0;0;0;0;0;12;14;86;3;3;6;1;1;0;2;0;1;0;2;2;0;0;1;0;1;0;1;1;0;1;1;40;2;27;2;5;1;0;1;2;1;1;0;1;1;1;0;0;0;0;2;0;1;0;0;0;4;101;7;9;13;19;8;3;24;3;5;1;4;39;1;4;1;0;2;0;18;1;0;1;0;0;0;23;2;4;4;1;0;3;2;0;0;0;0;1;1;1;2;0;0;0;0;0;0;0;1;0;10;34;18;261;3;5;4;6;0;0;2;5;0;1;0;1;0;1;1;3;0;1;0;0;0;0;0;2;5;0;1;0;0;0;0;0;0;0;0;3;1;0;1;2;0;0;0;10;0;0;0;0;0
19;"Klub AKCENT, ul. J. Wybickiego 38, 86-300 Grudziądz";46201;"m. Grudziądz";"Grudziądz";"kujawsko-pomorskie";1;1;2;0;0;0;0;1;0;0;1;0;0;0;0;0;0;0;0;0;0;0;0;1;0;0;0;11;5;45;4;0;2;2;2;0;3;0;3;0;0;1;0;0;1;0;0;0;0;0;1;0;1;37;0;14;0;1;1;0;0;0;0;3;1;0;1;0;2;0;1;0;0;0;0;0;0;0;5;76;5;8;20;10;1;3;9;3;6;2;3;27;0;2;0;1;1;0;10;1;0;1;0;1;1;10;3;1;1;2;0;0;1;2;2;0;0;0;1;1;3;0;0;0;0;1;0;0;0;0;6;23;8;129;2;5;5;3;1;1;4;0;0;0;1;2;0;2;0;1;1;0;1;3;1;1;0;4;1;0;0;1;2;0;0;0;0;0;0;0;0;0;0;0;0;0;0;7;0;0;0;0;0
20;"Zespół Szkół Gastronomiczno-Hotelarskich, ul. Curie-Skłodowskiej 22/24, 86-300 Grudziądz";46201;"m. Grudziądz";"Grudziądz";"kujawsko-pomorskie";1;1;1;0;1;0;0;0;0;0;0;0;0;0;0;0;0;0;0;0;0;0;0;0;0;0;0;12;11;34;3;1;4;0;0;0;1;0;0;0;1;0;0;0;0;2;0;0;0;0;0;0;0;18;1;12;0;1;0;0;0;0;0;2;0;0;1;0;0;0;0;0;1;0;0;2;1;0;5;75;7;11;12;9;1;1;5;2;5;1;0;9;0;0;0;0;0;0;4;0;1;0;0;0;1;8;1;2;0;2;1;1;0;1;1;0;0;0;0;1;1;0;0;0;1;0;0;1;0;0;7;19;4;154;2;3;3;3;1;1;1;2;0;0;0;0;0;0;1;2;0;0;0;0;0;0;1;1;2;0;0;0;0;1;0;0;0;0;0;0;2;0;0;0;0;0;0;13;0;0;0;0;0
21;"Urząd Miejski, ul. Ratuszowa 1, 86-300 Grudziądz";46201;"m. Grudziądz";"Grudziądz";"kujawsko-pomorskie";1;1;2;1;0;0;0;0;0;1;1;0;0;0;0;0;0;0;0;0;0;0;0;0;0;0;0;7;7;29;1;2;0;2;1;1;0;0;1;1;1;0;0;0;0;0;0;0;1;0;0;0;0;9;0;12;0;1;1;0;0;0;0;0;1;0;0;0;1;1;1;2;0;0;1;0;1;0;1;46;3;2;6;12;2;3;4;1;4;1;3;16;0;0;1;0;0;0;4;0;0;0;0;0;0;5;5;6;0;2;3;2;2;1;0;0;0;0;0;0;0;0;0;0;0;0;0;0;0;0;8;10;6;90;0;0;1;1;0;0;0;1;1;0;0;1;0;0;0;2;0;0;0;1;0;0;2;3;2;0;0;0;0;0;0;0;0;0;0;0;1;0;0;0;0;0;0;0;11;1;0;0;0
22;"Szkoła Podstawowa Nr 17, al. 23 Stycznia 30, 86-300 Grudziądz";46201;"m. Grudziądz";"Grudziądz";"kujawsko-pomorskie";1;1;1;0;0;0;0;0;0;0;0;0;0;1;0;0;0;0;0;0;0;0;0;0;0;0;0;0;2;24;2;1;0;3;1;1;0;0;0;0;0;0;0;0;0;0;0;0;0;0;0;0;0;13;0;12;0;0;0;1;2;0;0;0;1;0;0;0;1;0;0;0;4;0;0;0;0;0;3;42;1;6;12;3;2;0;4;0;11;0;1;9;0;0;0;0;1;0;1;1;0;0;0;0;0;7;1;0;0;1;1;0;0;0;0;0;0;0;0;0;0;0;0;0;0;0;0;0;0;0;2;12;6;79;1;2;1;0;0;0;0;0;0;0;0;0;0;0;0;0;0;0;0;1;0;0;0;1;0;1;0;0;0;0;0;1;0;0;1;1;0;0;0;0;0;0;0;0;0;0;0;1;0
23;"MARINA, ul. Portowa 8, 86-300 Grudziądz";46201;"m. Grudziądz";"Grudziądz";"kujawsko-pomorskie";1;1;0;1;0;0;1;0;0;0;0;1;0;0;0;0;0;1;0;0;0;0;0;0;0;0;0;5;9;41;3;1;0;1;1;0;0;0;1;0;2;1;0;2;1;0;0;1;0;0;1;0;1;19;1;12;0;2;1;1;1;1;2;2;2;1;0;1;0;1;0;0;0;0;0;0;0;0;8;48;5;6;9;6;2;1;6;0;3;0;4;15;0;0;0;0;2;0;10;3;0;1;0;1;1;13;2;0;1;4;0;2;0;0;2;0;2;0;1;2;1;0;0;0;0;0;0;0;0;1;4;6;4;93;2;6;1;0;0;0;0;0;0;0;0;0;0;0;0;1;0;0;1;3;0;0;1;1;1;0;0;0;0;0;0;0;0;0;0;0;3;0;0;0;0;0;1;21;1;0;0;0;0
24;"Szkoła Podstawowa Nr 3, ul. Narutowicza 6, 86-300 Grudziądz";46201;"m. Grudziądz";"Grudziądz";"kujawsko-pomorskie";1;1;1;0;0;0;0;0;0;0;0;0;0;0;0;0;0;0;0;0;0;0;0;0;0;0;0;7;7;29;2;1;0;0;4;0;0;0;0;1;1;1;0;0;1;0;0;0;1;0;6;0;1;19;1;6;0;3;0;0;0;0;1;0;0;0;0;1;1;3;0;0;1;0;0;0;0;0;8;59;2;4;8;12;1;0;11;0;3;3;8;34;1;1;0;0;1;0;1;0;0;0;0;0;0;8;2;1;1;1;0;3;0;0;0;1;0;0;1;0;1;3;0;0;0;0;1;0;1;1;3;19;13;168;0;8;4;0;2;1;2;3;0;0;0;3;0;1;0;1;0;0;0;1;0;0;0;2;2;1;0;0;0;0;0;0;0;0;0;0;0;0;0;0;0;0;0;5;0;0;0;0;0
25;"Zespół Placówek Młodzieżowych ""Bursa"", ul. gen. Józefa Hallera 37, 86-300 Grudziądz";46201;"m. Grudziądz";"Grudziądz";"kujawsko-pomorskie";1;1;4;0;1;0;0;0;2;1;1;0;0;0;0;1;0;0;0;0;0;0;0;0;0;0;1;12;12;70;8;1;1;1;0;1;1;1;2;1;2;2;1;2;1;0;1;0;0;0;3;1;1;47;3;42;0;5;1;0;0;0;0;1;0;1;1;0;0;1;0;0;1;0;0;0;1;0;2;79;3;15;14;19;3;1;13;1;7;2;3;51;1;2;0;0;4;1;8;0;0;1;0;0;1;17;1;3;1;3;1;2;0;1;1;0;0;0;2;0;1;3;2;0;0;1;0;0;0;0;18;22;10;289;1;9;2;3;2;2;2;1;0;0;0;0;2;1;0;1;0;0;1;0;0;0;2;1;3;0;0;0;0;1;1;0;1;1;0;0;0;0;2;0;1;1;0;0;0;1;0;1;0
26;"Zespół Szkół Ekonomicznych, ul. Konarskiego 39, 86-300 Grudziądz";46201;"m. Grudziądz";"Grudziądz";"kujawsko-pomorskie";1;1;6;0;0;0;0;1;0;1;2;0;1;0;0;0;0;0;0;0;0;0;0;1;0;0;0;18;10;51;5;2;1;3;0;0;0;0;1;0;0;1;1;0;2;1;0;0;0;1;2;2;2;41;0;34;4;1;1;0;0;0;0;2;1;1;0;0;0;2;0;0;1;1;0;0;1;0;8;96;5;11;30;11;2;4;20;1;9;0;7;48;0;2;0;0;3;0;9;0;0;2;1;0;1;13;2;1;6;3;2;0;2;1;0;1;1;0;1;0;0;2;2;0;0;0;1;0;0;1;8;25;7;215;1;7;2;1;1;1;1;2;3;0;0;0;0;3;0;1;0;0;0;0;0;0;0;1;0;0;0;0;2;0;0;0;0;0;1;1;0;0;0;0;0;0;0;1;0;0;0;0;0
27;"Zespół Placówek Edukacyjno-Rewalidacyjnych, ul. Parkowa 25, 86-300 Grudziądz";46201;"m. Grudziądz";"Grudziądz";"kujawsko-pomorskie";1;1;1;1;0;0;0;0;0;0;0;1;0;0;1;0;0;0;0;1;0;0;0;0;0;0;0;14;10;57;3;0;1;1;2;0;0;0;1;0;2;1;1;0;0;0;1;0;0;1;2;0;1;49;1;36;0;5;0;1;2;0;0;1;0;1;1;0;0;4;0;0;0;0;0;0;0;0;6;62;7;14;12;11;1;3;21;1;3;1;4;40;1;4;4;0;1;0;7;1;0;4;0;1;3;10;1;1;4;1;3;0;3;0;0;0;2;0;0;0;2;0;0;0;0;0;0;0;0;0;8;37;10;184;2;8;6;2;1;0;4;2;1;0;0;2;0;0;2;0;0;0;0;1;0;0;1;2;3;1;3;1;0;0;0;0;0;0;0;0;1;0;0;0;0;0;0;1;0;0;0;0;0
28;"Szkoła Podstawowa Nr 21, ul. Nauczycielska 19, 86-300 Grudziądz";46201;"m. Grudziądz";"Grudziądz";"kujawsko-pomorskie";1;1;6;0;0;0;0;1;0;3;1;0;0;0;0;1;0;2;0;0;1;0;0;0;1;0;0;23;15;65;4;1;1;1;1;2;0;0;3;1;1;2;0;0;1;0;0;0;2;0;1;0;0;42;3;78;0;2;1;1;4;0;1;0;1;0;0;0;0;1;0;0;2;1;0;0;2;0;8;65;18;11;37;21;1;2;29;1;5;2;5;47;0;0;1;1;1;0;20;0;0;2;0;0;0;12;5;4;0;3;2;1;1;0;3;0;0;1;0;0;1;0;0;0;0;0;0;0;0;1;6;31;10;237;3;3;5;1;0;1;3;0;1;1;0;0;0;1;1;0;0;0;0;4;0;0;0;4;2;0;1;0;0;1;0;0;0;1;0;1;0;0;0;0;0;0;0;0;1;0;0;0;0
29;"Szkoła Podstawowa Nr 21 (Hala A), ul. Nauczycielska 19, 86-300 Grudziądz";46201;"m. Grudziądz";"Grudziądz";"kujawsko-pomorskie";1;1;1;0;0;0;0;0;0;1;0;0;0;0;0;0;0;1;0;0;0;0;1;0;1;0;0;17;10;70;6;0;0;1;1;0;3;0;1;0;0;1;1;0;0;0;0;0;2;1;1;1;2;48;4;100;1;1;0;1;0;0;0;1;0;0;2;0;0;1;0;0;0;0;0;2;0;0;6;85;11;18;18;26;1;2;19;0;2;6;9;50;1;0;0;1;2;0;7;0;0;0;0;0;1;13;4;2;1;3;0;1;1;0;0;0;0;3;0;0;0;1;1;0;0;0;0;0;0;6;0;31;9;209;1;10;7;2;1;1;2;0;0;1;1;0;0;0;0;2;0;0;0;0;0;0;0;5;5;2;0;0;0;0;1;1;0;0;0;2;0;0;0;0;0;0;0;3;0;0;0;0;1
30;"Szkoła Podstawowa Nr 21 (BASEN), ul. Nauczycielska 19, 86-300 Grudziądz";46201;"m. Grudziądz";"Grudziądz";"kujawsko-pomorskie";1;1;3;0;0;2;0;0;0;0;0;0;3;1;0;0;0;0;0;0;0;0;0;0;0;0;0;14;18;102;10;0;3;2;1;2;1;1;0;0;1;0;0;0;0;0;1;0;0;2;4;1;2;70;3;165;2;2;0;0;1;0;0;3;2;1;7;1;1;0;0;1;2;0;0;0;0;1;4;90;12;15;34;22;1;6;18;0;7;7;8;46;0;3;0;1;7;0;21;3;0;2;0;0;0;23;5;6;1;1;1;0;2;2;2;0;1;1;1;0;1;1;0;0;1;0;0;0;0;1;16;52;19;326;1;6;7;1;1;1;2;0;1;0;0;0;0;1;0;8;1;0;3;3;0;0;0;4;7;1;1;0;0;1;0;0;0;0;0;1;0;0;0;0;0;0;1;2;0;2;0;0;0
31;"Szkoła Podstawowa Nr 21, Hala F, ul. Nauczycielska 19, 86-300 Grudziądz";46201;"m. Grudziądz";"Grudziądz";"kujawsko-pomorskie";1;1;5;0;0;0;1;0;1;0;0;0;0;1;0;0;1;1;0;0;2;0;0;0;0;0;0;17;28;110;11;0;1;5;1;0;1;1;2;1;0;0;1;0;1;1;0;1;0;0;4;2;1;68;4;133;1;5;2;2;3;0;0;1;0;0;0;1;0;0;0;0;7;0;0;0;0;0;2;100;27;16;25;21;4;2;29;0;9;7;7;42;0;0;0;1;1;0;20;0;0;0;0;0;2;43;2;2;1;4;3;0;1;1;5;1;1;0;2;1;3;0;0;1;2;0;0;1;0;0;16;46;11;361;2;13;11;3;1;0;4;4;0;0;0;1;0;0;1;3;0;0;0;2;0;0;0;5;2;1;0;0;0;1;0;0;0;0;0;1;0;0;0;0;0;0;0;0;0;0;0;0;0
32;"Przedszkole Miejskie ""LOTNISKO"", ul. Ikara 8, 86-300 Grudziądz";46201;"m. Grudziądz";"Grudziądz";"kujawsko-pomorskie";1;1;4;1;1;2;0;0;0;0;0;0;0;0;2;0;0;0;0;0;0;0;0;1;0;0;2;24;20;91;7;0;5;1;3;0;0;0;2;0;1;2;2;2;0;0;0;0;0;0;3;2;2;59;2;135;0;2;0;0;0;0;2;1;1;1;1;0;2;3;0;0;0;0;1;0;1;0;7;112;25;12;42;23;1;1;15;1;3;4;5;50;2;1;0;0;2;0;24;0;1;1;0;2;0;26;7;5;6;2;0;0;0;0;3;1;0;0;1;0;2;3;0;0;1;0;0;0;1;0;5;40;16;329;2;6;5;2;2;3;3;1;1;0;0;1;0;0;1;3;0;1;3;3;0;1;0;1;5;0;1;0;0;0;0;0;0;0;0;1;1;0;0;1;0;0;0;1;0;0;0;0;0
33;"Szkoła Podstawowa Nr 15, ul. Bydgoska 24, 86-300 Grudziądz";46201;"m. Grudziądz";"Grudziądz";"kujawsko-pomorskie";1;1;0;3;0;0;2;0;2;0;1;0;0;0;1;1;0;0;0;0;0;0;0;0;0;0;1;23;17;76;17;3;3;1;1;1;2;1;3;1;0;0;8;1;0;1;0;0;1;0;1;0;6;54;1;44;2;3;0;0;0;0;4;0;2;0;0;1;1;1;0;0;3;0;0;0;1;0;9;118;18;27;30;21;1;6;13;0;3;2;4;74;0;2;1;0;0;0;13;0;2;0;0;1;1;23;5;2;1;3;0;1;1;0;0;1;0;1;0;0;0;5;0;0;0;0;0;0;0;0;12;38;17;385;0;10;5;2;0;2;2;1;0;0;1;1;1;2;3;2;0;0;0;0;0;0;0;2;7;0;1;1;0;0;0;0;0;0;0;0;0;0;0;0;0;0;0;2;0;0;0;0;0
34;"Ognisko Pracy Pozaszkolnej, ul. Chełmińska 104, 86-300 Grudziądz";46201;"m. Grudziądz";"Grudziądz";"kujawsko-pomorskie";1;1;0;0;0;0;0;0;0;0;0;0;0;0;1;0;0;0;0;0;1;0;0;0;0;0;0;6;2;16;1;0;0;0;2;1;0;0;0;0;2;0;2;0;0;0;0;0;2;0;1;0;0;12;0;10;0;0;0;1;1;0;1;0;0;0;0;0;0;0;0;0;1;0;0;1;1;0;1;55;3;4;3;1;1;3;6;0;2;1;3;17;0;0;0;0;3;0;2;2;0;0;0;0;0;3;3;0;1;2;1;0;2;0;0;1;0;0;0;0;1;0;0;0;0;0;0;0;0;0;5;7;3;108;0;1;1;4;0;0;0;1;0;0;1;0;0;0;1;1;0;0;0;1;0;0;2;4;1;0;1;0;1;0;0;0;0;0;1;0;2;0;0;0;0;0;0;0;1;0;0;0;0
35;"Ośrodek Kultury Fizycznej ""BASEN"", ul. Kalinkowa 56, 86-300 Grudziądz";46201;"m. Grudziądz";"Grudziądz";"kujawsko-pomorskie";1;1;1;1;1;0;0;0;0;0;0;1;1;0;0;1;0;0;1;1;0;0;0;0;1;0;0;30;8;73;8;0;0;2;0;1;1;0;2;0;1;2;0;0;1;0;0;1;1;1;2;1;1;86;3;45;0;2;1;0;1;0;1;0;3;1;0;1;0;3;1;1;1;0;1;1;1;0;13;160;7;7;33;22;6;3;19;1;4;1;1;50;0;2;1;0;2;0;19;2;0;0;0;0;0;19;3;4;3;3;0;1;4;1;1;0;0;0;0;1;1;4;2;0;0;0;0;0;0;1;8;33;13;297;2;14;4;2;1;1;2;2;3;0;0;2;0;1;0;1;1;0;0;1;1;0;1;6;9;1;0;0;1;0;0;0;0;0;0;0;4;1;0;0;0;0;0;19;0;0;0;0;0
36;"Przedszkole Miejskie ""KOPERNIK"", ul. Kalinkowa 46, 86-300 Grudziądz";46201;"m. Grudziądz";"Grudziądz";"kujawsko-pomorskie";1;1;5;2;0;0;0;0;0;0;0;0;0;0;0;2;0;0;0;0;0;0;0;0;0;0;0;15;9;69;7;0;1;1;1;1;2;0;5;0;0;1;0;0;0;0;0;0;0;0;7;1;0;34;1;30;0;1;0;0;1;0;1;0;2;0;1;0;0;1;1;0;1;0;0;0;0;0;7;111;7;10;27;5;2;2;17;0;10;4;6;54;0;0;0;1;1;0;9;2;1;1;0;0;0;14;1;1;0;1;0;1;0;1;0;2;0;1;1;0;0;0;0;0;0;0;0;0;0;0;7;24;11;248;2;4;1;1;1;3;1;2;0;0;0;0;0;2;3;3;0;0;0;1;1;0;0;3;2;0;0;0;1;0;0;0;1;0;0;2;0;0;0;1;0;0;0;6;0;0;0;0;1
37;"Szkoła Podstawowa Nr 2, ul. Żeromskiego 8, 86-300 Grudziądz";46201;"m. Grudziądz";"Grudziądz";"kujawsko-pomorskie";1;1;3;0;1;0;0;0;0;1;0;0;0;0;0;0;0;0;0;0;0;0;0;0;0;0;1;7;6;38;3;1;1;0;1;0;0;0;2;1;1;0;1;0;0;0;0;0;1;0;1;0;0;29;1;27;1;4;1;2;0;0;0;0;0;1;0;0;0;2;2;0;1;0;0;0;0;0;8;70;3;9;6;7;2;2;11;1;4;4;4;57;0;0;0;0;1;1;6;0;0;0;0;0;0;10;1;0;2;0;0;0;0;0;0;0;0;0;1;1;0;1;0;0;0;0;0;0;0;0;9;28;10;172;0;13;5;3;0;2;0;1;0;0;2;1;0;0;0;3;1;1;0;1;0;1;1;1;5;0;0;0;1;0;0;0;0;0;0;0;0;0;0;0;0;0;0;0;0;0;1;0;0
38;"Specjalny Ośrodek Szkolno-Wychowawczy Nr 2, ul. Kasprowicza 4, 86-300 Grudziądz";46201;"m. Grudziądz";"Grudziądz";"kujawsko-pomorskie";1;1;6;0;0;0;3;0;0;0;1;1;0;0;0;0;0;0;0;1;0;1;1;0;0;0;1;27;13;110;7;1;1;2;1;2;1;0;2;1;4;0;0;2;0;0;0;0;0;0;4;0;2;86;3;36;2;2;1;0;1;0;1;1;0;0;0;1;1;3;1;0;1;0;0;0;0;0;11;147;6;15;25;27;4;4;21;1;11;4;10;54;0;3;0;3;0;1;14;0;0;1;0;2;0;18;7;11;2;3;1;2;0;0;1;2;1;0;2;2;1;3;0;0;2;0;0;0;0;3;20;57;17;365;3;9;9;3;4;0;1;1;7;1;2;0;0;2;1;2;2;0;0;0;0;0;0;10;18;0;1;1;0;0;0;0;1;0;1;0;1;0;0;0;0;0;0;2;0;0;0;0;0
39;"Przedszkole Miejskie ""STRZEMIĘCIN"", ul. Jackowskiego 47, 86-300 Grudziądz";46201;"m. Grudziądz";"Grudziądz";"kujawsko-pomorskie";1;1;10;1;0;1;0;0;0;0;0;0;0;0;0;0;1;0;0;0;0;0;0;1;0;0;0;19;12;95;5;7;4;0;0;0;2;1;2;1;2;0;0;0;0;0;0;0;0;0;2;0;0;54;4;56;3;4;1;0;1;0;1;0;3;0;2;0;1;2;0;0;2;0;1;0;0;0;17;110;8;13;44;16;5;3;21;0;4;3;4;56;0;2;2;1;0;0;7;0;0;0;0;0;1;24;8;0;1;3;0;3;0;2;2;4;0;2;0;1;0;1;0;0;0;0;1;0;0;0;12;39;8;390;3;9;3;4;1;1;0;3;0;4;0;1;0;3;0;3;0;0;1;1;0;0;5;2;8;0;0;1;1;0;0;0;0;0;0;3;1;0;0;0;0;0;0;0;0;0;0;0;1
40;"Zespół Szkół Ogólnokształcących, ul. Janusza Korczaka 23, 86-300 Grudziądz";46201;"m. Grudziądz";"Grudziądz";"kujawsko-pomorskie";1;1;2;0;0;0;1;1;1;2;0;0;0;0;0;0;0;0;0;0;0;0;0;0;0;0;0;19;13;59;3;1;5;0;3;0;5;0;0;1;0;0;1;0;0;0;1;0;0;2;3;0;0;50;5;25;1;2;1;1;0;0;0;0;0;0;0;0;1;0;1;1;0;0;0;0;0;0;9;80;8;4;12;9;0;2;15;0;4;6;3;49;1;0;1;1;1;0;5;0;0;0;0;1;1;13;2;1;1;1;5;2;1;0;0;0;1;1;0;2;1;2;0;0;0;0;0;0;0;0;14;31;7;275;2;8;3;0;1;1;0;2;0;0;4;1;0;0;0;4;0;0;0;1;0;0;0;3;7;0;1;0;0;0;0;0;0;0;0;0;0;0;0;0;0;0;0;1;0;0;0;0;0
41;"Przedszkole Miejskie ""STRZEMIĘCIN"", ul. Janusza Korczaka 21, 86-300 Grudziądz";46201;"m. Grudziądz";"Grudziądz";"kujawsko-pomorskie";1;1;2;0;0;0;0;1;1;0;0;1;0;1;0;0;0;0;1;0;0;0;0;0;0;0;0;13;15;65;6;3;2;1;0;1;1;0;1;0;2;0;0;0;0;0;1;0;0;1;2;0;1;36;1;21;1;3;0;1;0;0;0;0;2;0;0;4;1;2;0;2;1;0;1;1;0;0;11;146;10;12;32;9;1;3;21;3;4;5;7;45;0;0;1;1;3;1;7;0;0;0;0;1;0;16;4;1;2;3;1;0;1;1;0;1;0;0;2;1;0;0;0;0;1;0;0;1;0;0;13;20;10;329;1;3;2;4;1;2;3;2;0;2;0;1;0;1;1;2;1;0;1;0;0;0;1;1;5;0;0;0;0;0;0;0;0;0;0;0;0;0;0;0;2;0;0;2;0;0;0;0;0
42;"Centrum Pomocy Dziecku i Poradnictwa Rodzinnego, ul. Śniadeckich 6A, 86-300 Grudziądz";46201;"m. Grudziądz";"Grudziądz";"kujawsko-pomorskie";1;1;1;0;0;0;0;0;0;0;1;0;0;0;0;0;0;0;0;1;0;0;0;0;0;0;0;23;6;75;6;0;3;2;3;2;0;2;2;1;5;1;1;0;0;0;1;0;0;0;8;0;1;45;3;38;1;2;0;1;0;0;1;0;0;1;2;1;0;0;0;0;2;0;0;0;0;0;8;108;15;11;15;17;4;2;16;2;6;2;8;50;0;1;0;0;4;1;21;0;0;1;1;0;1;20;5;2;2;3;0;1;2;0;0;0;0;1;0;1;1;0;1;0;0;0;0;0;0;0;11;41;15;334;5;6;9;2;1;0;1;1;2;1;0;1;1;3;1;5;0;0;0;4;0;0;1;4;1;0;2;0;0;0;0;0;0;0;0;1;0;0;0;0;0;0;0;4;0;0;0;0;0
43;"Poradnia Psychologiczno-Pedagogiczna, ul. Janusza Korczaka 23, 86-300 Grudziądz";46201;"m. Grudziądz";"Grudziądz";"kujawsko-pomorskie";1;1;3;0;0;0;0;0;3;0;0;0;0;0;0;0;0;0;0;1;0;0;0;0;0;0;0;23;19;108;8;1;1;4;4;2;1;0;6;1;0;2;2;2;2;0;0;1;0;0;4;0;3;70;1;42;1;3;3;2;0;0;1;3;0;1;0;0;1;0;0;0;2;0;0;0;0;0;7;154;6;15;51;33;1;9;27;4;6;4;8;53;0;1;1;0;3;0;14;1;0;1;0;0;2;31;7;0;1;3;1;0;1;0;1;2;2;0;0;1;0;0;0;0;0;1;0;0;0;0;16;46;13;423;1;11;4;4;3;2;0;0;1;0;0;0;0;1;1;5;0;0;0;1;1;0;3;1;8;1;0;0;0;1;0;1;0;0;0;0;1;0;0;0;0;0;0;2;0;0;0;0;0
44;"Przedszkole Miejskie ""RZĄDZ"", ul. ks. dr. Władysława Łęgi 17, 86-300 Grudziądz";46201;"m. Grudziądz";"Grudziądz";"kujawsko-pomorskie";1;1;7;0;1;0;0;2;1;0;2;0;0;0;0;0;0;2;0;0;1;0;0;0;0;0;0;18;12;82;7;1;3;1;0;0;0;2;3;0;1;0;0;1;0;1;0;0;1;1;5;0;0;81;5;51;3;1;0;0;0;1;1;0;1;0;1;0;0;2;1;1;1;0;0;1;2;0;15;123;5;21;36;22;3;3;11;0;8;2;8;93;0;1;0;0;5;0;9;0;0;1;0;1;0;18;3;1;5;0;2;0;1;0;0;0;0;0;0;1;0;1;1;0;0;0;0;1;0;0;11;48;10;368;0;13;0;3;1;0;3;0;2;3;1;0;1;0;0;0;0;1;0;3;0;2;1;1;4;0;0;1;1;1;1;0;0;1;3;0;1;0;0;0;0;0;0;4;0;0;0;0;1
45;"Wydział Bezpieczeństwa i Zarządzania Kryzysowego Urzędu Miejskiego, ul. Strażacka 1, 86-300 Grudziądz";46201;"m. Grudziądz";"Grudziądz";"kujawsko-pomorskie";1;1;2;1;2;0;1;1;0;1;0;0;0;0;0;1;0;0;0;0;0;0;0;0;0;0;0;37;27;130;19;2;3;1;1;1;2;2;3;1;1;1;3;0;1;0;0;0;1;0;4;0;3;87;6;44;0;0;1;2;3;0;0;0;2;0;0;0;1;2;1;0;0;0;0;1;0;0;29;137;12;16;25;21;3;1;16;3;8;2;4;61;0;0;0;2;1;1;15;0;2;0;0;0;1;32;5;3;4;2;1;3;1;1;3;1;0;1;0;2;0;1;1;0;0;0;0;0;0;0;15;60;19;405;0;20;5;3;4;0;2;1;2;0;0;1;0;1;1;4;1;1;0;0;0;0;1;3;5;0;0;0;0;1;1;0;0;0;0;0;1;0;0;0;0;0;0;2;0;0;0;0;0
46;"Szkoła Podstawowa Nr 20, ul. Jana III Sobieskiego 12, 86-300 Grudziądz";46201;"m. Grudziądz";"Grudziądz";"kujawsko-pomorskie";1;1;0;2;0;0;0;3;0;1;2;0;0;0;0;0;0;0;0;0;2;1;0;0;0;0;1;27;8;72;7;0;2;1;0;1;1;2;1;2;0;0;0;1;3;0;0;0;0;2;7;0;1;56;3;34;0;1;1;1;0;0;1;0;0;0;0;0;0;0;0;0;0;0;0;0;0;0;24;101;7;9;29;17;0;3;19;0;2;1;9;74;0;0;0;2;2;0;12;0;0;2;1;0;0;17;5;3;0;3;1;1;0;0;1;0;0;1;2;1;2;0;0;0;1;1;0;0;0;0;10;36;10;336;1;10;2;2;0;1;2;0;1;0;2;0;1;0;0;1;0;0;0;1;0;0;0;3;3;1;0;1;0;0;0;0;0;0;1;2;0;0;0;0;0;0;0;0;0;0;0;1;0
47;"Niepubliczne Przedszkole ""TOM BOMBADIL"", ul. Henryka Gąsiorowskiego 4, 86-300 Grudziądz";46201;"m. Grudziądz";"Grudziądz";"kujawsko-pomorskie";1;1;4;0;0;0;1;0;0;0;1;3;0;0;0;0;0;1;0;0;0;0;0;0;0;0;3;24;24;121;14;1;1;1;2;1;0;0;1;1;2;1;0;0;0;0;0;1;3;1;5;0;2;73;5;43;7;6;0;0;3;1;1;1;2;0;0;0;4;2;0;3;3;0;1;0;1;0;19;133;11;22;33;28;2;3;31;1;8;8;9;94;0;2;1;1;2;2;20;1;0;0;0;0;3;40;5;2;4;2;2;3;3;1;0;1;2;0;1;1;1;4;0;1;1;0;0;0;0;0;13;49;17;386;6;27;8;2;0;4;0;0;1;0;0;1;1;0;1;2;0;1;1;0;0;0;3;8;5;0;0;0;2;0;0;0;0;0;0;1;1;0;0;0;0;0;0;0;0;0;0;0;0
48;"Budynek Przychodni Zdrowia, al. Aleja Sportowców 1/3, 86-300 Grudziądz";46201;"m. Grudziądz";"Grudziądz";"kujawsko-pomorskie";1;1;3;0;0;0;1;0;0;1;1;0;1;1;0;0;0;0;0;0;1;0;0;0;0;0;0;18;11;74;6;0;3;2;1;2;0;0;2;0;2;0;0;0;0;0;0;0;1;2;7;0;1;37;4;13;1;2;2;1;0;0;0;0;1;2;3;0;0;0;0;0;0;0;0;0;0;0;5;80;9;9;13;7;0;1;16;2;4;6;0;146;1;0;0;1;1;0;4;1;0;1;2;1;0;14;11;4;1;0;2;2;1;0;0;1;1;1;0;0;0;0;0;0;0;0;0;0;0;0;9;43;6;215;2;13;4;3;2;1;0;3;1;1;0;1;0;2;1;1;0;0;1;1;0;0;0;6;7;1;0;2;0;0;1;0;1;0;0;1;0;0;0;0;0;1;0;1;0;0;0;0;0
49;"Szkoła Podstawowa Nr 11, ul. Droga Mazurska 2, 86-300 Grudziądz";46201;"m. Grudziądz";"Grudziądz";"kujawsko-pomorskie";1;1;1;1;3;0;2;0;2;0;3;1;0;0;0;1;0;0;0;1;0;0;0;0;0;0;2;27;19;76;11;2;3;3;0;0;0;0;2;0;1;1;1;1;4;2;1;0;2;0;3;1;3;64;3;38;1;4;0;1;0;1;0;1;3;1;1;0;1;5;1;0;2;1;2;0;2;1;5;91;8;19;27;26;5;5;27;3;4;5;4;225;1;1;0;0;2;0;3;0;0;0;0;0;0;26;4;4;3;7;0;3;1;2;2;1;0;1;2;0;3;2;0;0;0;1;0;0;1;0;17;52;20;305;5;19;6;2;5;1;3;0;1;0;0;1;0;2;1;0;0;0;7;2;0;1;1;7;10;0;0;1;0;0;0;0;0;0;0;0;0;0;0;0;0;0;0;1;0;0;0;0;0
50;"Dom Pomocy Społecznej, ul. Nadgórna 30/32, 86-300 Grudziądz";46201;"m. Grudziądz";"Grudziądz";"kujawsko-pomorskie";1;1;0;0;0;0;0;0;0;0;0;1;0;0;0;1;0;0;0;0;0;0;0;0;0;0;0;0;1;0;0;1;0;0;0;0;1;0;0;0;0;0;0;0;0;0;0;0;0;0;0;0;0;0;0;2;0;1;0;0;1;0;0;0;0;0;0;0;0;0;0;0;0;0;0;0;0;0;0;7;4;2;4;7;0;2;1;1;3;1;0;5;0;0;1;0;0;0;0;0;0;1;0;1;0;0;0;1;0;1;0;0;0;0;0;0;0;0;0;0;0;0;0;0;0;0;0;0;0;0;0;0;0;0;0;0;0;0;0;0;0;0;0;0;0;0;0;0;0;0;0;0;0;0;0;0;0;0;0;1;1;0;0;0;0;0;0;0;0;0;0;0;0;0;0;0;0;0;0;0;0;0;0
51;"Dom Pomocy Społecznej, ul. Parkowa 12, 86-300 Grudziądz";46201;"m. Grudziądz";"Grudziądz";"kujawsko-pomorskie";1;1;1;0;0;0;0;0;0;0;0;0;0;0;0;0;0;0;0;0;0;0;0;0;0;0;0;0;0;1;0;0;0;1;0;0;0;0;0;0;0;0;0;0;0;0;0;0;0;0;0;0;0;1;1;0;0;0;1;1;0;0;0;1;0;0;0;0;0;0;0;0;0;0;0;0;0;0;0;6;1;0;0;5;1;2;1;0;2;1;2;2;1;1;0;0;1;0;0;0;0;0;0;0;0;0;0;0;0;0;0;1;0;0;0;1;0;0;0;0;1;0;0;0;0;0;0;0;0;0;0;1;0;1;0;0;1;0;0;0;1;0;0;0;0;0;0;0;0;0;0;0;0;0;0;0;0;0;1;0;0;0;0;0;0;0;0;0;0;0;0;0;0;0;1;0;0;0;0;0;0;0;0
52;"Szpital, Budynek ""A"" łóżkowy, Sala Konferencyjna, ul. dr. Ludwika Rydygiera 15/17, 86-300 Grudziądz";46201;"m. Grudziądz";"Grudziądz";"kujawsko-pomorskie";1;1;0;1;0;0;0;1;0;0;0;0;0;0;0;0;0;0;0;0;0;0;0;0;0;0;0;6;4;6;1;1;2;1;0;0;0;0;0;0;0;1;0;0;0;1;0;0;0;0;1;0;1;10;4;8;0;2;0;0;0;0;0;1;1;0;1;0;0;0;0;0;0;0;0;0;0;0;0;16;5;12;8;7;0;3;4;0;2;0;0;7;0;1;1;0;1;0;3;2;0;0;0;0;0;4;1;0;2;0;0;0;0;0;0;0;1;0;0;1;1;1;0;0;0;0;0;0;0;0;1;16;5;46;4;1;0;0;0;0;1;0;0;0;0;0;0;1;1;1;0;0;0;0;0;0;0;2;1;0;0;0;0;0;0;0;0;0;0;0;0;0;0;0;0;0;0;0;0;0;0;0;0
53;"Zakład Karny Nr 1, ul. J. Wybickiego 10/22, 86-300 Grudziądz";46201;"m. Grudziądz";"Grudziądz";"kujawsko-pomorskie";1;1;5;1;1;2;2;1;0;1;2;1;1;0;0;1;1;1;2;0;1;0;0;0;0;0;1;35;3;8;4;2;4;2;3;4;0;4;4;0;2;1;3;0;6;1;0;0;3;2;2;0;6;22;6;4;1;2;2;1;0;1;1;5;3;1;3;1;0;0;1;1;0;0;3;2;1;1;1;24;4;7;3;3;2;5;7;1;4;3;4;5;0;4;3;0;4;0;0;2;2;1;2;0;2;16;10;8;3;2;5;1;4;1;2;2;4;0;0;1;2;1;5;0;3;0;0;0;2;2;1;98;24;49;11;21;17;15;2;8;10;7;7;2;1;4;3;5;2;6;2;0;1;1;1;4;3;2;0;1;1;0;0;0;1;0;0;2;0;0;2;0;0;0;0;0;0;0;0;0;0;1;1
54;"Zakład Karny Nr 1, Oddział Zewnętrzny, ul. gen. Sikorskiego 13/17, 86-300 Grudziądz";46201;"m. Grudziądz";"Grudziądz";"kujawsko-pomorskie";1;1;1;1;0;0;0;1;0;1;0;0;0;0;0;0;0;0;0;0;1;0;0;0;0;0;1;10;2;6;2;2;0;2;0;2;1;0;1;0;0;1;1;1;1;0;0;0;0;0;0;0;2;6;0;0;0;0;0;0;0;1;0;1;0;1;0;0;0;0;0;1;0;0;0;0;0;0;0;11;2;0;1;1;1;2;3;1;2;1;0;2;0;2;0;0;1;0;0;0;0;0;0;0;1;5;0;3;2;0;1;1;1;1;1;2;1;0;0;1;0;0;0;0;0;0;0;0;0;0;0;31;8;32;2;9;5;7;4;1;8;3;2;1;1;1;1;2;0;0;1;1;4;1;0;0;1;0;0;0;1;1;0;0;0;0;0;0;0;0;0;0;0;1;0;0;0;0;0;0;0;0;0
55;"Dom Pomocy Społecznej, ul. Dywizjonu 303 4, 86-300 Grudziądz";46201;"m. Grudziądz";"Grudziądz";"kujawsko-pomorskie";1;1;0;0;0;0;0;0;0;0;0;0;1;0;0;0;0;0;0;0;0;0;0;0;0;0;0;1;0;0;0;0;0;0;0;0;0;0;0;0;0;0;0;0;0;0;0;0;0;0;0;0;0;0;0;2;0;0;0;0;0;0;0;0;0;1;0;0;0;0;0;0;0;0;0;0;0;0;0;5;1;1;0;0;0;2;1;0;1;1;0;4;0;1;0;0;0;0;2;0;0;0;0;0;0;0;0;0;0;0;0;0;0;0;0;0;0;0;0;0;0;0;0;0;0;0;0;0;0;0;0;0;0;1;0;1;0;0;1;0;0;0;0;0;0;1;0;0;1;0;0;0;0;0;0;0;0;0;1;0;0;0;0;0;0;0;0;0;0;0;0;0;0;0;0;0;0;0;0;0;0;0;0
1;"Przedszkole Miejskie Nr 14, ul. Inowrocławska 44, 87-100 Toruń";46301;"m. Toruń";"Toruń";"kujawsko-pomorskie";1;1;7;0;1;1;1;0;0;1;2;0;1;1;0;0;0;0;2;0;0;0;0;0;0;1;0;69;37;37;61;5;9;11;2;2;3;1;3;3;3;5;2;1;1;1;0;2;0;5;3;3;5;188;8;1;7;7;2;1;3;2;2;0;3;1;2;2;1;2;1;0;0;0;2;3;1;0;7;76;32;93;7;51;76;5;55;6;4;1;3;3;1;7;1;0;4;66;0;1;0;2;0;0;11;64;8;6;12;7;3;1;2;1;0;0;1;1;1;1;0;0;0;0;1;0;1;0;1;1;4;410;129;9;10;13;12;2;2;63;2;2;3;9;2;2;2;0;2;2;0;6;2;0;0;0;4;6;0;4;2;0;0;0;1;0;1;0;1;2;0;1;0;1;0;0;0;9;0;0;0;0;0
2;"Szkoła Podstawowa Nr 15, ul. Ignacego Paderewskiego 5/11, 87-100 Toruń";46301;"m. Toruń";"Toruń";"kujawsko-pomorskie";1;1;7;1;0;1;3;0;0;0;0;0;0;0;0;1;0;0;0;1;1;0;0;0;0;0;2;45;27;12;25;7;5;7;3;2;0;1;4;2;0;1;4;1;1;3;0;4;0;2;1;4;7;135;9;0;3;5;3;2;3;0;1;5;3;0;5;0;1;0;3;2;0;0;0;1;0;0;7;59;11;53;3;24;44;7;28;3;2;2;0;2;1;0;0;3;3;64;0;1;1;2;0;0;14;41;9;5;16;5;2;0;2;2;1;2;0;1;1;6;0;1;0;0;1;0;0;1;1;1;1;315;107;5;4;8;13;8;5;4;27;2;5;1;2;6;5;3;1;0;1;1;1;2;0;2;2;9;2;4;0;3;0;0;2;0;0;0;0;1;0;0;0;0;0;0;0;3;0;0;0;0;1
3;"Dom Muz-Filia Podgórz, ul. Poznańska 52, 87-100 Toruń";46301;"m. Toruń";"Toruń";"kujawsko-pomorskie";1;1;0;0;0;1;0;0;0;0;0;0;1;0;0;0;0;0;0;0;0;0;0;0;0;0;0;22;14;4;13;2;1;2;1;0;1;1;1;1;0;0;0;1;1;1;0;0;0;1;0;0;2;38;3;0;1;3;0;0;0;1;0;0;1;0;0;0;1;0;0;0;1;0;0;1;0;0;3;23;4;21;1;14;26;0;6;1;0;0;3;0;0;0;0;0;1;8;0;0;0;0;0;0;0;14;3;6;7;3;1;0;1;0;0;0;0;0;2;0;0;0;0;0;0;0;0;0;0;0;1;137;45;2;1;4;3;1;0;2;20;0;2;0;0;0;0;0;0;0;2;0;1;0;0;0;2;4;0;0;0;0;0;1;0;0;0;0;0;0;0;0;0;0;0;0;0;4;0;0;0;0;0
4;"Szkoła Podstawowa Nr 15, ul. Ignacego Paderewskiego 5/11, 87-100 Toruń";46301;"m. Toruń";"Toruń";"kujawsko-pomorskie";1;1;6;1;2;1;3;1;2;0;0;0;0;0;1;0;0;0;0;0;0;1;0;0;0;0;1;47;46;14;46;6;5;4;1;1;1;2;1;4;1;7;1;0;0;2;0;3;3;1;1;1;3;189;13;2;7;5;1;1;0;2;1;2;6;0;2;0;0;1;3;0;0;2;0;0;1;0;0;57;19;57;17;25;42;4;38;1;0;7;2;1;0;1;1;3;0;31;0;1;0;2;0;1;3;35;8;6;9;4;1;1;2;1;1;0;2;0;1;0;0;0;0;0;0;1;0;1;0;0;0;328;97;3;1;15;5;9;1;5;52;2;5;4;6;2;0;1;0;1;2;0;2;2;0;1;2;12;4;0;2;0;0;0;1;1;0;1;0;1;1;0;0;0;0;0;0;3;0;0;0;0;0
5;"Szkoła Podstawowa Nr 14, ul. gen. Józefa Hallera 79, 87-100 Toruń";46301;"m. Toruń";"Toruń";"kujawsko-pomorskie";1;1;6;0;1;1;1;0;1;0;1;0;1;2;1;1;0;1;0;0;0;0;0;0;2;0;2;74;69;26;61;11;6;15;4;2;1;2;2;3;1;5;2;0;1;1;1;2;1;1;3;2;4;200;12;1;6;5;2;2;2;1;4;1;1;1;6;1;3;2;1;0;0;0;0;0;1;0;11;104;11;69;6;35;48;5;35;4;6;0;0;2;0;2;0;2;4;26;0;0;0;0;1;4;8;64;16;8;13;6;3;2;2;1;1;1;0;2;4;2;0;0;0;0;0;1;0;0;0;0;3;456;134;10;2;26;10;10;5;3;48;0;7;5;4;5;3;1;1;1;1;1;11;2;1;0;2;15;1;5;0;6;0;2;0;0;1;0;0;1;0;0;0;0;0;0;0;3;0;0;0;0;0
6;"Szkoła Podstawowa Nr 14, ul. gen. Józefa Hallera 79, 87-100 Toruń";46301;"m. Toruń";"Toruń";"kujawsko-pomorskie";1;1;4;1;3;0;0;1;0;1;1;0;0;0;0;0;0;0;0;0;1;0;0;0;1;0;0;60;40;7;35;4;16;8;4;1;2;0;4;2;1;6;0;3;0;0;0;1;1;4;0;2;4;141;5;1;4;4;0;1;3;0;5;1;1;1;3;0;0;0;2;0;0;0;1;1;2;0;4;81;12;44;16;57;47;5;26;0;1;3;1;4;0;1;1;3;2;19;0;1;0;0;2;0;11;38;10;7;10;5;2;2;1;0;0;0;1;1;2;0;1;0;1;0;0;0;0;0;0;1;2;304;95;5;5;10;12;6;7;2;29;3;3;2;8;5;2;0;3;3;1;0;2;0;0;1;2;17;2;3;0;1;0;0;0;1;0;0;0;1;2;0;0;0;0;0;0;4;0;0;0;0;1
7;"Szkoła Podstawowa Nr 14, ul. gen. Józefa Hallera 79, 87-100 Toruń";46301;"m. Toruń";"Toruń";"kujawsko-pomorskie";1;1;5;2;0;2;1;1;1;0;1;1;0;0;1;1;0;0;0;0;1;1;0;0;0;0;1;69;38;17;51;4;6;9;3;0;1;0;2;2;1;7;0;2;0;2;0;0;1;6;1;2;2;187;9;0;3;8;2;0;2;1;2;0;0;1;4;0;0;0;1;0;0;2;1;2;4;0;4;98;22;98;9;72;44;2;45;1;2;1;2;0;1;0;0;0;1;24;0;1;0;1;0;2;7;61;12;12;19;8;1;0;6;0;0;1;1;1;2;1;0;0;0;0;0;2;2;0;0;0;3;398;142;4;4;11;23;16;0;2;44;2;3;4;15;2;3;0;1;2;0;0;2;1;0;1;2;8;6;1;0;2;0;0;2;1;0;0;1;1;1;0;1;9;0;0;0;4;0;0;0;0;1
8;"Dom Muz-Filia Rudak, ul. Okólna 169, 87-100 Toruń";46301;"m. Toruń";"Toruń";"kujawsko-pomorskie";1;1;7;2;1;0;0;0;0;1;1;0;2;0;3;0;0;0;0;0;1;0;0;1;0;0;1;52;48;24;22;6;5;12;3;2;1;1;2;1;2;7;2;1;1;1;0;3;1;2;3;1;6;106;6;1;6;1;0;0;0;0;1;1;0;0;4;2;2;0;0;0;1;0;0;1;0;0;1;40;7;32;9;37;20;2;33;2;1;2;0;1;1;0;1;1;2;14;0;1;0;0;1;0;6;43;5;4;11;6;0;1;2;0;0;0;1;0;2;0;0;0;0;0;0;0;0;0;0;0;1;316;111;6;2;13;7;9;1;2;29;0;2;0;5;2;1;2;0;0;0;2;0;0;4;1;2;7;2;0;0;1;1;0;0;0;0;1;0;0;0;0;0;1;0;0;0;1;0;0;0;0;0
9;"Szkoła Podstawowa nr 17, ul. Rudacka 26 - 32, 87-100 Toruń";46301;"m. Toruń";"Toruń";"kujawsko-pomorskie";1;1;3;1;1;0;1;0;0;0;0;0;0;0;0;0;1;0;0;0;0;0;1;0;0;0;0;23;22;6;10;0;7;2;1;1;0;1;0;2;0;4;0;0;2;0;0;0;0;1;1;3;1;48;4;0;3;4;0;1;1;0;1;1;0;0;1;0;0;0;0;0;0;1;0;0;1;0;5;41;10;32;3;23;11;1;16;0;1;0;1;0;1;1;1;0;1;5;0;1;0;0;0;1;8;25;5;3;7;0;1;1;0;0;0;0;0;0;0;0;0;1;1;0;0;0;0;0;0;0;1;128;53;1;0;8;5;11;2;0;21;0;0;0;5;1;0;0;0;2;0;0;1;0;0;0;0;3;0;0;0;0;0;0;0;0;0;0;0;0;0;0;0;0;0;0;0;2;0;0;0;0;0
10;"Szkoła Podstawowa Nr 34, ul. Włocławska 237/239, 87-100 Toruń";46301;"m. Toruń";"Toruń";"kujawsko-pomorskie";1;1;5;0;0;1;1;0;0;0;0;0;0;0;1;0;0;0;0;1;0;0;0;0;0;0;0;53;34;11;41;2;3;11;1;1;3;0;7;4;0;6;0;0;0;1;0;1;0;2;0;0;1;115;6;1;3;3;1;2;0;1;2;0;1;1;0;1;1;0;0;0;1;1;0;3;0;0;3;75;14;85;15;44;37;4;34;4;2;2;1;1;0;1;1;1;1;18;1;0;1;0;0;0;10;50;7;6;25;4;1;3;3;1;2;0;0;0;1;0;2;0;0;0;0;0;0;0;2;0;2;306;109;5;3;17;11;2;5;0;44;3;2;0;7;2;7;0;0;0;0;1;0;1;0;2;1;9;2;4;1;2;0;1;1;1;0;0;0;0;0;0;0;0;0;0;0;0;0;0;0;0;0
11;"Szkoła Podstawowa nr 27, ul. Turystyczna 19, 87-100 Toruń";46301;"m. Toruń";"Toruń";"kujawsko-pomorskie";1;1;5;0;3;2;0;2;3;1;0;0;0;1;0;0;0;0;0;0;0;0;0;0;0;0;0;59;47;21;56;7;6;11;4;3;1;1;1;1;1;5;2;2;2;2;0;1;1;0;2;2;3;113;7;2;3;1;3;4;1;0;1;0;1;0;3;2;0;0;1;0;0;0;0;0;1;2;2;96;16;48;10;70;39;0;21;3;1;2;0;0;1;1;1;0;2;0;0;0;1;0;2;1;6;40;9;9;9;4;2;2;4;1;1;0;1;3;0;1;0;0;2;0;1;0;0;1;0;0;5;480;110;11;8;17;11;6;3;2;39;0;9;1;12;0;22;1;0;1;1;1;7;0;0;0;2;12;2;0;1;2;2;2;0;0;0;0;0;1;0;0;0;0;0;0;0;1;0;0;0;0;0
12;"Szkoła Podstawowa Nr 18, ul. Kardynała Stefana Wyszyńskiego 1/5, 87-100 Toruń";46301;"m. Toruń";"Toruń";"kujawsko-pomorskie";1;1;4;1;0;1;1;1;1;1;0;0;1;0;0;0;0;0;0;0;0;0;0;1;1;0;0;44;33;15;21;0;6;9;1;0;2;0;4;1;0;4;0;0;0;3;0;0;0;0;0;0;1;111;8;0;8;3;0;0;2;0;0;1;2;0;2;0;3;0;0;0;0;0;0;1;0;0;3;103;28;66;9;38;43;3;21;2;2;2;2;2;0;1;1;0;4;2;0;0;0;0;1;0;14;22;4;0;11;3;0;1;0;0;0;0;1;0;0;0;1;0;0;0;0;0;0;0;0;1;0;267;90;5;2;7;7;9;0;4;31;2;6;4;4;0;1;0;0;0;0;1;1;0;0;4;0;8;2;1;2;3;0;0;0;0;0;0;0;0;1;0;0;0;0;0;0;0;0;0;0;0;0
13;"Szkoła Podstawowa Nr 18, ul. Kardynała Stefana Wyszyńskiego 1/5, 87-100 Toruń";46301;"m. Toruń";"Toruń";"kujawsko-pomorskie";1;1;0;0;1;0;1;0;2;0;0;0;0;0;1;0;0;0;0;0;0;0;0;0;0;0;0;31;11;4;24;4;0;4;2;2;1;0;1;1;0;2;1;0;0;0;1;0;0;6;0;6;2;80;3;0;1;1;1;1;0;0;1;0;0;0;3;2;0;1;0;0;0;0;0;2;1;0;4;81;8;42;3;30;17;2;14;1;2;1;2;0;0;2;0;0;2;0;0;0;0;0;0;0;7;17;4;3;6;3;1;2;1;1;2;1;0;2;0;0;0;0;0;0;0;0;0;1;0;0;0;188;59;6;0;4;1;9;1;0;20;0;1;0;3;1;2;2;1;0;1;0;2;0;0;1;0;4;1;0;0;4;0;0;1;0;0;0;0;0;0;0;0;0;0;0;0;1;0;0;0;0;0
14;"Szkoła Podstawowa Nr 28, ul. Przy Skarpie 13, 87-100 Toruń";46301;"m. Toruń";"Toruń";"kujawsko-pomorskie";1;1;2;0;0;0;1;1;1;0;0;0;0;0;2;0;0;0;0;0;0;0;0;0;0;0;0;9;21;11;29;1;3;0;0;0;0;3;1;0;0;6;1;0;1;0;0;0;0;0;1;0;1;59;3;0;0;3;2;2;0;0;0;0;2;1;0;0;0;1;0;0;0;0;0;0;0;0;1;81;19;46;5;22;30;6;16;0;0;0;0;0;0;0;0;3;4;3;0;0;1;1;0;2;6;14;3;5;1;1;1;0;0;1;0;0;1;0;1;0;1;1;0;0;0;0;1;1;0;1;0;118;45;0;2;5;4;0;0;1;15;1;2;1;7;4;0;0;0;0;0;1;4;1;0;0;1;1;2;0;0;1;0;0;0;0;0;0;0;2;0;0;0;0;0;0;0;1;0;0;0;0;0
15;"Szkoła Podstawowa Nr 28, ul. Przy Skarpie 13, 87-100 Toruń";46301;"m. Toruń";"Toruń";"kujawsko-pomorskie";1;1;3;0;0;1;1;2;0;0;1;0;0;1;1;0;0;0;0;0;0;0;0;0;0;0;0;44;21;14;26;1;3;6;1;0;0;0;3;2;1;4;1;0;1;0;0;1;2;0;2;2;3;112;4;1;0;4;0;0;0;1;3;1;2;0;0;1;0;1;0;1;0;0;0;0;0;0;3;113;21;47;6;33;28;0;17;1;1;1;1;1;0;0;1;0;1;8;1;0;1;4;0;1;16;17;5;3;8;1;0;2;1;1;1;1;0;1;2;0;0;0;0;0;0;1;0;0;0;0;0;198;64;4;2;6;11;3;1;2;45;0;2;0;1;0;0;0;0;2;0;3;0;0;0;1;1;5;0;0;0;2;0;0;0;0;0;0;0;2;0;0;0;0;0;0;0;0;0;0;0;0;0
16;"III Liceum Ogólnokształcące, ul. Leona Raszei 1, 87-100 Toruń";46301;"m. Toruń";"Toruń";"kujawsko-pomorskie";1;1;9;0;0;1;0;0;0;1;2;1;0;0;0;1;0;0;0;1;0;0;0;0;0;0;0;39;33;12;31;0;4;7;1;0;0;1;2;0;0;2;0;2;0;0;0;0;0;0;1;0;0;148;11;0;2;3;0;1;0;1;2;2;4;1;5;0;0;0;0;0;0;0;0;0;1;0;1;150;12;95;10;56;43;4;24;0;2;1;0;0;1;1;1;2;1;1;0;0;0;1;0;0;11;34;3;5;9;3;0;1;1;0;1;1;0;2;1;1;1;0;0;0;0;0;0;1;0;0;4;320;116;2;2;10;1;2;2;1;23;0;1;1;4;0;0;0;1;0;0;2;10;1;0;0;2;7;1;3;0;1;1;0;0;0;0;0;0;0;0;0;0;0;0;0;0;0;0;0;0;0;0
17;"Szkoła Podstawowa Nr 18, ul. Kardynała Stefana Wyszyńskiego 1/5, 87-100 Toruń";46301;"m. Toruń";"Toruń";"kujawsko-pomorskie";1;1;5;3;1;1;0;1;0;1;0;1;0;1;0;1;0;0;0;0;0;0;0;0;0;0;0;37;38;27;31;3;4;9;2;0;2;1;8;1;2;1;0;0;2;3;0;1;1;2;2;1;0;122;4;2;3;7;4;0;0;0;1;2;5;2;6;1;0;4;0;0;0;0;1;0;0;0;6;120;31;73;8;56;57;1;43;0;6;0;1;1;0;0;1;0;1;2;0;3;0;0;0;0;9;42;7;4;7;2;0;0;0;0;0;1;0;2;0;2;1;0;0;0;0;1;1;0;0;0;3;261;59;12;2;10;12;5;0;2;19;20;2;1;2;3;0;0;1;0;0;1;2;0;0;2;3;7;2;0;0;2;0;1;1;1;0;1;0;0;0;0;0;0;1;0;0;0;0;0;0;0;1
18;"III Liceum Ogólnokształcące, ul. Leona Raszei 1, 87-100 Toruń";46301;"m. Toruń";"Toruń";"kujawsko-pomorskie";1;1;2;0;0;0;1;0;0;1;1;0;2;0;2;0;2;0;0;2;0;0;0;1;0;0;0;45;21;15;32;3;2;9;1;0;1;4;2;2;0;7;0;0;1;2;0;2;0;3;2;0;0;110;7;0;4;1;2;3;1;0;3;2;1;0;4;0;1;2;0;2;1;0;0;0;0;0;3;90;20;78;3;40;38;6;34;1;4;2;0;1;1;0;0;0;1;0;1;1;1;1;0;2;6;20;1;4;5;5;0;1;1;3;0;0;0;2;0;1;2;0;0;0;0;0;1;0;1;0;0;271;76;0;0;7;12;6;1;0;26;3;0;0;6;1;1;1;0;2;0;2;1;3;0;1;3;4;2;3;0;2;0;1;0;0;0;0;0;2;0;1;0;0;0;0;0;0;0;0;0;0;1
19;"Przedszkole Miejskie nr 2, ul. Tomasza Stawisińskiego 7, 87-100 Toruń";46301;"m. Toruń";"Toruń";"kujawsko-pomorskie";1;1;6;0;0;3;0;2;0;0;0;0;1;1;1;1;0;1;0;0;0;1;0;0;0;0;0;41;24;8;30;2;4;11;4;3;0;0;3;3;0;3;0;1;0;1;0;0;0;1;1;0;2;127;10;2;3;5;3;0;0;0;2;0;1;1;1;0;0;2;0;1;0;0;0;0;2;0;0;103;18;75;10;50;32;1;36;1;0;0;2;2;0;0;0;1;0;3;0;0;1;0;0;0;12;15;2;4;7;1;0;0;0;0;2;1;0;1;0;1;2;0;1;0;0;1;0;0;0;0;2;272;73;6;0;7;10;16;1;2;21;2;3;1;5;2;5;1;0;0;1;2;0;1;1;0;1;4;0;1;0;0;1;0;0;0;1;0;0;1;0;0;0;0;0;0;0;2;0;0;0;0;0
20;"II Liceum Ogólnokształcące, ul. Kosynierów Kościuszkowskich 6, 87-100 Toruń";46301;"m. Toruń";"Toruń";"kujawsko-pomorskie";1;1;0;1;0;0;0;0;0;0;0;0;0;0;0;1;0;0;0;0;0;0;0;0;0;0;0;25;15;2;9;0;3;3;0;3;0;0;0;0;1;2;2;1;2;0;0;0;0;1;0;1;4;68;0;0;0;0;0;0;2;0;0;1;0;1;0;0;0;2;0;0;0;0;0;0;0;0;4;50;19;54;2;27;19;3;15;0;0;1;3;2;1;0;0;0;4;2;0;0;0;2;0;0;2;21;3;4;3;1;0;1;0;0;0;1;0;1;0;0;0;0;0;0;0;0;0;0;0;0;2;130;66;4;2;6;4;1;0;1;18;3;0;0;2;1;1;1;0;0;0;2;5;0;2;0;3;3;0;1;0;0;0;0;0;1;0;0;0;1;0;0;0;0;0;0;0;2;0;0;0;0;0
21;"Szkoła Podstawowa Nr 32, ul. Kosynierów Kościuszkowskich 11, 87-100 Toruń";46301;"m. Toruń";"Toruń";"kujawsko-pomorskie";1;1;1;0;0;1;0;0;0;0;1;1;0;1;0;0;0;0;0;0;0;0;0;0;0;0;0;40;18;10;12;2;8;6;5;0;1;0;4;0;2;1;1;1;0;1;0;1;0;1;2;2;0;101;6;0;1;1;0;1;1;0;2;0;0;0;3;0;1;1;0;0;0;0;0;0;0;0;3;64;18;62;12;21;33;7;27;1;1;1;0;1;0;1;1;0;1;7;1;3;0;0;0;3;4;27;8;8;2;1;1;0;1;0;1;0;1;1;0;0;0;0;0;0;0;1;0;0;0;0;4;216;68;1;0;7;3;2;1;0;22;0;2;1;3;2;2;0;0;0;0;3;1;0;0;1;0;2;0;0;0;5;0;0;0;0;0;0;0;1;0;0;0;0;0;0;0;1;0;0;0;0;0
22;"II Liceum Ogólnokształcące, ul. Kosynierów Kościuszkowskich 6, 87-100 Toruń";46301;"m. Toruń";"Toruń";"kujawsko-pomorskie";1;1;0;0;1;1;0;1;0;0;0;0;0;0;0;0;0;0;0;0;0;0;0;0;0;0;0;33;30;9;16;0;2;9;1;0;1;1;2;0;0;2;0;2;0;2;0;0;0;0;2;3;1;90;2;2;3;2;0;0;0;0;2;4;1;1;4;0;2;1;0;0;0;1;0;0;0;0;3;76;9;64;4;27;40;1;27;2;1;1;0;0;0;0;0;0;0;1;1;0;1;0;0;1;10;24;5;2;2;1;1;0;0;0;0;0;0;0;0;0;0;0;1;0;0;0;1;0;0;0;1;256;77;5;0;6;5;4;0;1;25;0;2;4;2;0;3;1;0;0;0;0;4;2;0;1;2;1;0;2;0;1;0;0;0;0;0;0;0;2;0;0;1;0;0;0;0;3;0;0;0;0;0
23;"II Liceum Ogólnokształcące, ul. Kosynierów Kościuszkowskich 6, 87-100 Toruń";46301;"m. Toruń";"Toruń";"kujawsko-pomorskie";1;1;2;0;0;2;0;0;0;0;1;0;0;0;0;0;0;0;0;0;0;0;0;1;0;0;0;27;16;9;16;3;7;3;1;0;0;0;2;0;0;1;0;0;1;0;1;1;0;1;2;0;6;114;2;3;2;5;1;0;0;1;0;1;0;0;1;0;1;0;0;0;0;0;0;0;1;0;1;66;8;53;2;30;29;1;25;0;1;0;0;0;1;0;0;0;2;0;0;1;0;1;0;1;2;20;3;1;3;2;0;0;0;0;0;0;1;1;1;0;0;0;0;0;0;0;0;1;0;0;0;169;57;1;0;4;8;2;2;0;13;1;1;2;0;0;0;0;0;2;0;3;4;0;0;0;2;6;0;1;0;0;0;0;0;0;0;0;0;2;0;0;0;0;0;0;0;3;0;0;0;0;0
24;"Szkoła Podstawowa Nr 32, ul. Kosynierów Kościuszkowskich 11, 87-100 Toruń";46301;"m. Toruń";"Toruń";"kujawsko-pomorskie";1;1;5;0;0;0;0;0;1;0;0;0;1;1;1;0;0;0;1;0;0;0;0;1;0;0;2;21;20;15;20;5;3;5;0;0;0;5;0;1;0;4;0;0;0;1;0;0;0;1;1;0;3;96;3;0;3;2;0;1;0;2;0;1;1;0;0;0;0;1;0;0;1;0;0;1;1;0;2;74;18;71;4;20;16;2;28;1;1;1;0;0;0;1;0;0;4;0;0;3;1;0;0;2;7;29;5;1;4;2;2;1;1;0;0;1;0;1;0;0;1;0;0;0;0;0;0;0;0;0;0;170;47;4;4;5;4;6;2;0;11;2;7;2;5;0;0;3;0;0;0;1;6;0;0;0;2;3;1;3;0;0;0;0;0;0;0;0;0;0;1;0;0;0;0;0;0;1;0;0;0;0;0
25;"Szkoła Podstawowa Nr 32, ul. Kosynierów Kościuszkowskich 11, 87-100 Toruń";46301;"m. Toruń";"Toruń";"kujawsko-pomorskie";1;1;1;4;0;0;0;0;1;2;0;0;0;1;1;0;0;0;0;0;1;0;0;0;0;0;0;25;15;11;13;0;2;2;0;0;1;0;1;0;1;4;3;0;1;2;0;2;0;2;2;1;2;84;11;0;0;2;0;4;1;0;1;0;0;1;0;1;1;1;0;4;1;0;0;0;0;0;0;53;18;48;3;34;21;0;13;0;1;0;0;2;0;2;0;0;2;5;0;0;0;1;0;1;8;18;4;0;3;4;2;0;0;0;1;0;0;0;0;1;0;0;0;0;0;0;0;0;0;0;1;182;48;4;3;8;3;2;0;2;23;2;3;0;3;0;2;0;0;0;2;0;4;0;0;0;2;3;0;1;0;0;0;0;0;0;0;0;0;1;1;0;0;0;0;0;0;2;0;0;0;0;0
26;"SM ""Zieleniec"", ul. Władysława Broniewskiego 53E, 87-100 Toruń";46301;"m. Toruń";"Toruń";"kujawsko-pomorskie";1;1;3;1;0;1;0;1;2;0;2;0;0;1;0;0;0;0;0;0;0;1;0;0;0;0;0;32;24;8;23;3;2;5;2;0;1;3;0;1;1;2;1;0;1;3;0;1;0;0;1;2;0;91;3;1;10;6;1;3;3;1;4;1;2;0;5;0;1;0;1;0;1;0;0;1;0;2;4;49;10;50;6;33;46;0;27;0;1;2;3;1;2;1;1;2;2;3;0;0;0;1;0;1;4;29;5;5;11;1;0;0;2;1;0;0;1;0;0;0;0;0;0;0;0;0;0;0;0;1;1;162;43;1;3;11;4;3;5;1;20;0;6;1;3;0;2;3;1;1;0;0;2;0;0;0;1;10;1;2;0;1;0;2;0;0;0;0;0;0;0;0;0;0;0;0;0;0;0;0;0;0;0
27;"Toruńskie Centrum Caritas, ul. Szosa Bydgoska 1, 87-100 Toruń";46301;"m. Toruń";"Toruń";"kujawsko-pomorskie";1;1;1;0;1;2;0;0;0;2;0;0;0;0;0;0;0;0;0;1;2;0;0;0;0;0;0;24;20;11;37;6;2;5;2;1;0;0;3;1;0;6;2;0;0;2;0;0;0;5;3;1;1;140;4;0;16;1;2;2;1;1;3;3;3;2;5;1;2;1;0;0;1;1;0;1;0;0;0;40;13;61;5;26;22;3;16;0;0;1;1;1;0;0;1;2;1;1;1;1;0;0;1;1;3;24;8;7;4;3;0;2;2;0;0;0;1;2;1;1;0;0;0;0;0;0;0;0;0;0;0;209;77;7;2;11;8;13;2;2;33;1;6;5;5;3;2;1;0;2;0;1;5;0;0;0;2;12;1;4;1;2;0;1;0;0;0;0;0;0;1;0;0;1;0;0;0;2;0;0;0;0;0
28;"Miejski Ośrodek Pomocy Rodzinie, ul. Juliusza Słowackiego 114, 87-100 Toruń";46301;"m. Toruń";"Toruń";"kujawsko-pomorskie";1;1;1;1;1;0;2;1;0;0;1;0;0;0;0;1;1;0;0;0;0;0;0;1;0;0;0;53;35;21;49;1;2;10;5;1;1;1;1;4;3;7;1;0;0;2;0;1;0;2;2;2;3;156;7;0;10;7;1;1;3;2;3;2;2;1;4;1;3;0;2;0;1;0;2;3;1;0;8;84;11;83;8;65;60;3;33;0;2;4;1;0;0;1;2;0;1;6;0;1;1;0;0;0;1;47;13;6;11;6;2;1;1;1;0;4;0;1;0;0;4;0;0;0;0;0;1;3;0;0;0;368;102;12;6;9;17;16;4;2;51;3;7;6;2;5;1;1;3;1;2;0;2;0;2;0;2;8;1;1;1;1;0;2;0;2;0;0;0;0;0;0;0;0;1;1;0;0;0;0;0;0;1
29;"Miejski Zakład Komunikacji (wejście od ul. Słowackiego), ul. Henryka Sienkiewicza 24/26, 87-100 Toruń";46301;"m. Toruń";"Toruń";"kujawsko-pomorskie";1;1;1;2;1;1;0;0;0;1;1;0;1;0;0;0;0;0;0;0;0;0;0;0;0;0;0;21;6;2;9;2;1;0;3;1;2;2;0;1;0;1;2;1;0;0;0;0;0;2;0;2;0;62;3;1;3;0;0;0;0;2;3;1;0;0;0;0;5;0;0;0;0;0;1;0;0;0;0;28;4;31;0;11;17;0;9;0;0;0;0;0;0;0;0;0;1;5;0;1;0;0;1;0;2;19;5;2;5;2;1;2;0;1;0;0;0;1;0;0;0;0;0;0;0;0;0;1;0;0;1;133;34;2;0;6;4;3;1;1;18;1;3;0;2;0;0;1;0;1;0;0;1;0;0;1;1;4;1;0;1;0;0;1;0;0;0;0;0;0;3;0;0;0;0;0;0;2;0;0;0;0;0
30;"Zespół Szkół nr 26, ul. Juliana Fałata 88/90, 87-100 Toruń";46301;"m. Toruń";"Toruń";"kujawsko-pomorskie";1;1;2;0;1;0;0;0;0;0;2;0;0;0;0;0;0;0;0;0;0;0;0;0;0;0;0;31;24;11;28;3;8;7;7;0;0;0;5;0;1;0;0;0;1;2;0;0;0;2;0;2;1;131;10;2;10;9;1;1;0;1;1;0;3;2;5;0;4;0;0;0;0;0;1;1;1;1;10;64;19;58;3;23;51;2;23;1;1;4;0;0;0;0;0;2;0;0;0;1;0;2;0;1;10;28;8;3;4;1;0;0;3;2;2;0;0;1;0;0;1;1;0;0;1;1;0;0;0;0;3;212;79;5;2;10;4;6;3;0;30;5;6;1;1;4;2;2;0;0;0;0;3;0;0;2;1;2;0;0;1;2;1;0;1;1;0;0;0;1;1;0;1;0;0;0;0;0;0;0;0;0;0
31;"Szkoła Podstawowa Nr 11, ul. Jurija Gagarina 36, 87-100 Toruń";46301;"m. Toruń";"Toruń";"kujawsko-pomorskie";1;1;3;2;0;1;2;0;1;0;1;1;0;0;0;1;0;0;0;0;0;0;0;1;1;0;0;16;15;10;24;1;0;3;2;1;0;2;5;0;1;0;3;0;1;0;0;1;0;3;0;0;3;92;4;0;8;3;1;1;1;1;1;2;2;0;2;0;2;0;0;1;0;0;0;3;0;0;1;53;8;63;3;13;34;4;17;1;4;0;0;0;1;1;0;1;2;2;0;0;0;0;0;0;3;27;2;5;10;1;2;0;1;0;1;2;0;1;0;0;0;0;1;0;0;0;2;1;0;0;2;181;51;7;6;5;8;7;0;3;16;2;0;0;3;1;0;0;0;0;0;0;1;1;0;0;0;5;0;0;0;5;0;0;0;0;0;0;0;0;0;0;0;0;1;0;0;0;0;0;0;0;1
32;"Szkoła Podstawowa Nr 11, ul. Jurija Gagarina 36, 87-100 Toruń";46301;"m. Toruń";"Toruń";"kujawsko-pomorskie";1;1;3;0;0;1;1;0;0;0;1;0;0;0;0;0;1;0;0;0;0;1;0;0;0;0;0;14;10;3;16;0;1;3;2;0;0;0;2;0;0;0;1;1;0;0;0;0;0;1;1;1;3;68;2;2;3;7;0;2;0;0;3;1;3;1;0;0;4;0;2;0;1;0;2;0;0;0;3;40;7;41;3;17;14;1;9;1;3;0;4;1;1;0;1;0;1;2;0;0;2;1;0;0;1;15;3;2;8;2;1;0;0;0;1;0;0;1;0;0;0;0;0;0;1;0;0;0;0;1;2;132;32;1;0;7;2;6;2;3;10;1;3;2;0;1;1;2;0;0;0;0;2;0;0;0;0;1;0;0;0;0;0;0;0;0;0;0;0;0;1;0;0;0;0;0;0;0;0;0;0;0;0
33;"Przedszkole Miejskie Nr 9, ul. Jurija Gagarina 130, 87-100 Toruń";46301;"m. Toruń";"Toruń";"kujawsko-pomorskie";1;1;2;1;2;0;2;0;0;1;0;0;1;0;0;0;0;1;0;0;0;0;0;0;0;0;0;34;17;13;24;3;1;4;0;1;2;0;2;0;0;3;0;0;1;0;1;0;0;0;1;2;3;165;10;1;8;7;1;3;0;1;4;1;4;1;1;0;2;1;1;0;1;0;0;1;0;0;7;82;14;63;7;34;40;1;25;2;2;4;2;0;0;2;0;0;0;3;1;1;0;1;0;1;4;32;1;6;9;4;0;4;2;0;1;0;0;4;0;1;0;0;1;0;0;0;0;2;0;0;1;221;69;6;4;6;7;10;3;4;21;1;3;0;2;3;4;2;1;2;0;0;0;0;0;1;2;0;0;4;0;3;0;1;1;0;0;0;0;1;2;0;0;0;1;0;0;5;0;0;0;0;0
34;"Zespół Szkół nr 26, ul. Juliana Fałata 88/90, 87-100 Toruń";46301;"m. Toruń";"Toruń";"kujawsko-pomorskie";1;1;2;0;2;0;2;0;1;0;1;0;0;0;0;0;0;0;0;0;0;0;0;0;0;0;2;20;5;4;12;2;3;3;1;0;0;0;2;2;0;1;0;0;1;0;0;1;0;1;1;0;1;50;2;2;4;1;6;3;1;0;0;0;1;1;0;0;1;1;0;0;0;1;1;0;0;1;1;30;12;38;6;8;16;2;15;0;1;0;0;1;0;0;0;0;2;1;0;0;2;0;0;0;2;17;1;3;7;3;1;1;1;0;1;0;0;0;0;1;0;0;1;0;0;0;1;0;0;0;1;83;33;1;1;6;3;2;0;2;7;3;2;1;0;0;1;0;0;0;1;0;0;0;0;0;0;3;0;1;0;0;1;0;0;0;0;0;0;0;1;0;0;0;0;0;0;2;0;0;0;0;0
35;"V Liceum Ogólnokształcące, ul. Henryka Sienkiewicza 34, 87-100 Toruń";46301;"m. Toruń";"Toruń";"kujawsko-pomorskie";1;1;7;2;1;1;0;0;0;1;0;0;0;0;0;0;1;0;0;0;0;0;0;0;1;0;0;50;37;16;47;4;7;4;1;0;1;3;4;5;1;1;0;1;0;0;0;2;1;6;2;2;5;203;12;1;13;6;4;2;0;0;3;0;0;1;1;0;3;3;1;0;0;1;0;1;1;0;5;69;18;52;4;35;37;3;32;2;0;0;1;0;2;0;0;1;1;7;1;0;0;0;0;4;11;44;8;9;7;5;0;0;0;2;0;1;1;0;1;1;1;0;0;0;0;0;0;0;0;1;2;353;89;8;2;6;14;6;4;0;29;1;7;4;5;2;3;5;1;1;1;1;6;0;0;0;1;5;2;0;0;0;0;0;0;1;0;0;2;1;0;0;0;0;0;0;0;2;0;0;0;0;0
36;"Szkoła Podstawowa Nr 13, ul. Zygmunta Krasińskiego 45/47, 87-100 Toruń";46301;"m. Toruń";"Toruń";"kujawsko-pomorskie";1;1;6;0;0;0;0;0;0;0;0;0;1;0;0;0;0;1;0;0;0;0;0;0;0;0;0;20;13;14;10;0;3;4;2;1;2;0;2;0;0;1;0;0;1;1;0;0;0;1;1;3;1;58;2;0;6;3;1;1;0;0;3;0;0;0;0;0;1;0;1;0;0;1;2;0;1;0;4;35;3;30;2;11;13;1;13;0;0;0;0;3;0;0;0;0;0;1;0;1;0;0;0;1;5;13;2;9;4;0;0;0;0;0;0;1;0;0;1;1;0;1;1;0;1;0;0;1;0;0;0;113;48;1;1;3;1;3;1;1;10;0;2;0;1;2;5;3;1;1;2;0;1;0;0;0;1;5;1;2;0;2;0;0;0;0;0;0;0;1;0;0;0;0;0;0;0;1;0;0;1;0;0
37;"Szkoła Podstawowa Nr 13, ul. Zygmunta Krasińskiego 45/47, 87-100 Toruń";46301;"m. Toruń";"Toruń";"kujawsko-pomorskie";1;1;5;1;0;0;0;0;0;2;0;0;0;0;1;0;0;0;0;0;0;0;0;0;0;0;0;21;17;10;12;0;2;4;4;0;0;0;1;1;0;0;0;0;0;0;0;0;0;2;1;0;3;74;9;1;4;5;3;3;2;0;0;0;0;0;2;1;1;1;0;0;0;0;0;0;1;1;5;25;11;18;5;19;22;2;16;0;0;0;0;0;0;0;0;0;0;2;1;0;0;0;0;1;4;11;2;3;2;2;0;0;0;0;0;1;0;0;0;0;0;1;0;0;0;0;0;0;0;0;4;158;49;5;1;7;2;5;2;1;17;0;1;0;5;1;2;1;1;3;0;0;0;0;0;1;1;3;0;3;0;2;0;0;0;1;0;0;0;0;0;0;1;0;0;0;0;0;0;0;0;0;0
38;"Urząd Stanu Cywilnego, ul. Bydgoska 5, 87-100 Toruń";46301;"m. Toruń";"Toruń";"kujawsko-pomorskie";1;1;3;0;1;0;1;0;0;0;1;0;2;0;0;0;0;0;0;0;0;0;0;0;0;0;0;23;9;4;21;3;3;6;0;0;1;1;3;2;0;8;1;0;0;2;1;2;1;1;0;0;0;99;5;2;2;3;0;1;0;0;0;1;0;0;0;1;1;0;0;0;0;0;0;0;1;0;4;45;8;39;2;30;22;0;18;0;3;1;1;1;0;1;0;0;0;0;0;0;0;1;0;0;5;27;6;8;7;2;2;3;0;0;0;0;0;2;0;0;0;0;1;0;0;0;0;0;0;0;0;180;47;5;2;10;5;5;1;0;16;2;4;1;8;0;1;1;1;0;0;1;2;1;0;0;0;4;5;2;0;1;0;1;0;1;1;0;0;2;0;0;0;0;0;0;0;0;0;0;0;0;0
39;"Oratorium im. bł. ks. Bronisława Markiewicza, ul. Rybaki 59, 87-100 Toruń";46301;"m. Toruń";"Toruń";"kujawsko-pomorskie";1;1;1;0;0;0;0;0;0;2;0;0;0;0;0;1;0;0;0;0;1;0;0;0;0;0;1;24;29;8;13;0;0;10;0;0;0;0;1;3;0;2;0;0;0;1;0;1;0;2;1;0;0;79;4;0;6;7;1;1;0;0;0;1;0;0;1;1;0;1;0;0;0;0;0;0;0;1;2;46;3;42;5;15;19;2;29;0;1;1;0;0;0;0;0;0;1;0;0;0;0;0;1;0;2;23;4;8;10;0;1;0;1;1;2;0;1;0;0;2;1;0;0;0;0;0;0;0;0;0;1;169;48;0;1;4;3;8;2;2;9;2;23;1;3;0;1;3;0;2;0;0;2;0;0;0;1;7;0;0;0;0;0;0;0;0;0;0;0;0;0;1;0;0;0;0;0;2;0;0;0;0;1
40;"Zakład Ubezpieczeń Społecznych, ul. Adama Mickiewicza 10/16, 87-100 Toruń";46301;"m. Toruń";"Toruń";"kujawsko-pomorskie";1;1;7;0;0;0;1;1;1;0;1;0;0;0;0;0;0;0;0;0;1;0;0;2;0;0;0;25;21;11;13;4;1;7;3;1;2;0;3;2;0;0;1;0;0;1;1;1;2;4;0;3;0;117;9;0;13;6;1;2;0;0;0;0;2;0;2;0;1;1;0;1;1;0;0;1;2;0;5;48;6;21;6;26;25;5;25;1;1;1;0;1;0;0;0;0;3;2;0;0;0;0;0;0;0;23;2;1;6;2;0;0;1;0;0;0;0;0;0;0;0;1;2;0;0;0;0;0;0;0;0;185;54;3;0;8;3;5;3;0;15;0;3;0;11;1;3;0;0;1;0;0;3;1;0;0;1;3;0;1;1;1;0;0;0;1;0;1;0;0;0;0;0;0;0;0;0;4;0;0;0;0;0
41;"Sala gimnastyczna I Liceum Ogólnokształcącego, ul. Adama Mickiewicza 15 - 17, 87-100 Toruń";46301;"m. Toruń";"Toruń";"kujawsko-pomorskie";1;1;6;1;0;0;0;0;0;1;0;0;0;0;1;1;0;0;0;0;0;0;0;0;0;0;0;29;18;8;14;2;2;4;1;1;0;0;1;1;0;1;2;0;1;1;0;1;1;3;3;3;0;76;3;0;2;6;3;1;1;0;0;1;0;0;2;0;1;0;0;0;0;0;0;0;0;0;3;42;8;41;3;34;20;1;19;1;0;1;1;1;0;1;0;0;4;4;0;1;0;0;0;0;4;22;5;4;14;1;2;0;2;1;0;0;0;0;1;0;0;0;0;0;0;0;0;0;0;1;1;177;50;3;2;2;11;2;3;2;17;0;3;2;9;0;0;0;1;1;0;1;0;0;0;1;3;4;1;0;1;1;2;0;0;0;0;1;0;0;0;0;0;0;0;0;0;0;0;0;0;0;0
42;"Szkoła Podstawowa Nr 7, ul. gen. Józefa Bema 66, 87-100 Toruń";46301;"m. Toruń";"Toruń";"kujawsko-pomorskie";1;1;5;0;0;0;0;2;1;0;0;0;0;0;0;2;0;0;0;0;0;0;0;0;0;0;1;29;17;12;23;2;4;9;0;0;1;0;0;3;0;4;0;1;0;0;0;0;0;1;1;5;0;102;12;0;15;2;1;0;0;0;1;0;3;0;2;0;1;1;0;1;0;2;1;0;1;0;3;63;18;58;4;46;43;1;27;2;1;1;0;0;0;0;0;0;1;4;1;0;0;0;0;1;8;33;7;4;12;2;1;0;0;0;1;0;0;1;2;1;0;0;1;0;0;1;0;0;0;0;2;220;59;4;0;10;8;3;2;0;31;0;1;3;4;0;1;2;0;1;0;0;2;0;0;3;2;5;1;1;0;0;0;1;0;0;0;1;0;2;1;0;0;0;0;3;0;0;1;1;0;0;0
43;"Szkoła Podstawowa Nr 7, ul. Gustawa Morcinka 13, 87-100 Toruń";46301;"m. Toruń";"Toruń";"kujawsko-pomorskie";1;1;4;0;0;1;0;0;1;0;0;0;0;0;0;0;0;0;0;0;0;0;0;0;0;0;1;19;16;9;9;1;4;1;2;0;0;0;0;0;0;3;0;1;0;0;0;0;0;1;0;0;0;70;2;2;2;3;2;0;0;0;3;0;1;1;1;1;1;1;1;0;0;0;0;0;2;0;7;33;12;31;2;27;26;4;12;0;1;0;2;2;1;0;0;1;1;3;0;0;3;1;0;0;3;15;1;4;5;2;0;0;0;0;1;0;2;0;1;0;1;0;1;0;0;0;0;0;0;0;1;147;65;4;1;4;5;4;3;1;16;0;2;0;0;1;0;0;0;0;0;0;0;0;0;0;1;4;3;0;0;0;0;1;0;0;0;0;1;1;0;0;0;0;0;0;0;3;0;0;0;0;0
44;"Szkoła Podstawowa nr 7, ul. Gustawa Morcinka 13, 87-100 Toruń";46301;"m. Toruń";"Toruń";"kujawsko-pomorskie";1;1;0;0;0;0;0;0;0;0;0;0;0;1;0;0;1;0;0;0;0;0;0;0;0;1;0;19;18;6;12;1;3;1;0;1;1;0;2;0;0;4;0;0;0;1;0;0;0;0;0;0;1;69;9;0;0;4;0;0;1;1;0;0;1;0;0;0;1;0;0;0;0;1;0;2;0;0;2;33;7;45;1;15;24;1;17;0;1;1;0;0;0;0;0;0;0;2;0;0;0;0;0;0;2;19;4;4;3;0;0;0;0;1;0;1;0;0;0;1;0;0;0;0;0;0;0;0;1;0;2;128;38;3;0;2;1;4;2;1;9;1;1;3;3;0;0;0;0;0;0;1;3;0;0;0;0;2;2;1;0;1;0;0;0;0;0;0;0;1;1;0;0;0;0;0;0;0;1;0;0;0;0
45;"Klub Kameleon, ul. Juliana Tuwima 9, 87-100 Toruń";46301;"m. Toruń";"Toruń";"kujawsko-pomorskie";1;1;0;0;0;0;0;0;0;0;0;0;0;1;0;0;0;0;0;0;0;0;0;0;2;0;0;19;19;6;11;2;0;0;1;0;1;0;1;0;0;0;1;0;1;1;1;0;0;1;0;1;1;80;4;0;4;1;0;0;0;0;0;0;1;0;3;0;1;0;0;0;0;0;0;0;0;0;3;42;9;29;0;17;17;2;12;1;2;0;0;0;0;0;0;1;0;4;0;0;1;0;0;1;1;14;0;2;8;0;1;0;1;0;1;0;1;0;0;0;0;0;1;0;0;0;0;0;0;0;1;164;43;4;2;4;7;2;1;2;15;1;2;1;0;2;1;2;0;1;0;1;0;0;0;0;0;3;0;0;2;2;0;0;0;1;0;0;1;0;1;0;0;0;0;0;1;3;0;0;0;0;0
46;"Zespół Szkół Ekonomicznych, ul. Grunwaldzka 39, 87-100 Toruń";46301;"m. Toruń";"Toruń";"kujawsko-pomorskie";1;1;4;0;0;2;1;0;1;1;0;0;0;0;0;0;0;0;0;0;0;0;0;0;1;0;0;55;29;24;42;6;3;8;1;0;1;1;2;2;1;2;2;0;1;1;0;0;0;2;1;2;3;136;5;3;8;9;1;3;1;0;1;0;0;3;5;1;4;0;1;0;0;1;0;0;0;0;9;89;12;72;4;63;54;1;25;3;2;2;0;0;0;1;1;0;0;3;0;0;1;0;0;3;5;37;8;5;13;2;0;2;3;1;0;1;0;1;1;0;0;1;0;0;0;0;1;0;0;0;1;338;111;2;4;15;16;8;3;1;34;2;11;0;5;0;2;3;1;0;0;4;3;0;0;0;0;9;4;0;0;0;1;0;1;0;0;0;1;0;0;0;0;0;1;0;0;1;0;0;0;0;0
47;"Szkoła Podstawowa nr 5, ul. Żwirki i Wigury 1, 87-100 Toruń";46301;"m. Toruń";"Toruń";"kujawsko-pomorskie";1;1;1;0;0;0;0;0;0;0;0;0;0;0;0;0;0;0;0;0;0;0;0;0;0;0;0;8;12;4;14;2;0;7;0;0;0;0;0;0;0;1;0;1;0;0;0;0;0;1;0;0;0;54;3;0;0;2;1;0;0;2;0;1;0;0;0;0;0;0;1;0;0;0;0;0;0;0;1;28;6;13;1;15;8;0;12;0;1;2;0;0;0;0;0;0;0;0;0;0;0;0;0;0;1;12;1;0;2;2;1;0;0;0;0;0;0;1;0;0;0;0;0;0;0;0;0;0;0;0;1;148;45;1;0;5;1;2;0;1;28;0;2;2;8;0;2;0;0;0;0;4;1;0;0;0;1;4;1;0;1;0;0;0;0;0;0;0;0;1;0;0;0;0;0;0;0;1;0;0;0;0;0
48;"Szkoła Podstawowa nr 5, ul. Żwirki i Wigury 1, 87-100 Toruń";46301;"m. Toruń";"Toruń";"kujawsko-pomorskie";1;1;3;1;0;0;0;0;0;0;0;2;0;1;0;0;0;1;0;0;0;0;0;1;0;1;1;52;35;18;56;1;7;37;4;0;2;1;3;1;1;4;2;1;0;2;0;0;0;3;1;1;2;178;9;1;10;4;2;2;1;0;1;2;1;0;4;0;1;0;0;0;1;0;1;0;0;0;2;82;20;95;6;71;74;6;61;1;4;5;2;2;1;0;1;1;1;6;2;0;1;0;0;0;9;48;7;11;18;7;0;1;1;0;0;1;0;2;0;2;1;0;1;0;3;0;0;0;0;0;2;349;105;8;2;14;8;12;6;2;52;0;4;1;11;0;3;2;1;0;0;0;1;1;0;1;5;15;0;5;3;2;2;2;0;0;0;0;0;4;0;0;0;0;0;0;0;2;0;0;0;0;0
49;"Szkoła Podstawowa nr 5, ul. Żwirki i Wigury 1, 87-100 Toruń";46301;"m. Toruń";"Toruń";"kujawsko-pomorskie";1;1;2;1;0;2;0;0;0;0;0;0;2;0;0;0;0;0;0;1;0;0;0;0;1;0;1;36;20;17;40;1;4;15;2;1;0;0;2;2;2;1;4;2;0;1;0;5;0;1;2;3;5;135;3;0;7;2;0;1;1;0;2;1;4;0;3;0;0;0;1;0;1;2;2;0;2;0;1;52;13;55;8;47;30;8;31;3;3;0;2;0;0;2;2;0;0;1;0;0;0;2;0;0;7;43;4;6;15;1;1;0;1;0;0;0;1;1;1;1;0;1;0;1;1;0;0;0;0;1;2;250;95;8;2;12;8;11;2;0;41;0;3;2;5;4;4;1;1;1;0;1;6;1;0;5;0;5;0;1;1;1;0;0;0;0;0;1;0;0;0;0;1;0;0;0;0;1;0;0;0;0;0
50;"Muzeum Etnograficzne, ul. Wały gen. Władysława Sikorskiego 19, 87-100 Toruń";46301;"m. Toruń";"Toruń";"kujawsko-pomorskie";1;1;0;0;0;0;0;0;0;0;0;0;0;0;0;0;1;0;0;0;0;0;0;1;0;0;0;7;5;1;3;2;1;4;0;0;0;0;1;0;1;0;0;0;0;0;0;0;0;1;1;0;0;38;3;1;0;3;0;0;1;1;0;1;0;0;0;0;0;0;0;0;1;0;0;0;0;0;1;11;3;7;0;10;6;2;4;0;2;0;0;0;0;1;0;0;0;0;0;0;0;0;0;0;4;6;1;0;5;3;1;0;0;0;0;0;0;0;0;0;0;0;1;0;0;0;0;0;0;0;0;75;31;3;3;2;3;1;2;0;6;0;0;0;4;1;6;0;0;0;1;0;0;0;0;1;0;2;0;0;0;0;0;0;0;0;0;0;0;0;0;0;0;0;0;0;0;6;0;0;0;0;0
51;"OPP ""Dom Harcerza"", rynek Rynek Staromiejski 7, 87-100 Toruń";46301;"m. Toruń";"Toruń";"kujawsko-pomorskie";1;1;1;0;0;0;0;1;1;0;0;0;0;0;0;0;0;0;0;0;0;0;0;0;0;0;0;21;9;12;9;2;0;2;1;2;1;0;3;0;0;2;1;0;0;0;0;2;0;1;1;0;1;66;5;1;4;5;2;0;0;0;2;0;0;0;2;0;1;1;0;1;0;1;0;2;0;0;12;44;14;34;3;21;21;0;13;3;0;3;1;2;0;0;2;0;0;0;1;1;1;2;0;0;2;24;3;1;11;0;1;0;0;0;0;0;1;0;0;0;0;0;0;0;0;0;0;0;0;0;0;127;40;5;2;7;7;4;4;0;15;1;2;3;2;0;1;2;0;0;1;0;1;0;0;0;1;5;0;0;0;0;0;0;0;0;0;1;0;1;2;0;1;1;0;0;0;33;0;0;0;0;0
52;"I Liceum Ogólnokształcące, ul. Zaułek Prosowy 1, 87-100 Toruń";46301;"m. Toruń";"Toruń";"kujawsko-pomorskie";1;1;1;0;0;0;0;0;0;0;0;0;0;0;0;0;1;0;0;0;0;0;0;0;0;0;0;9;1;3;6;1;1;0;0;0;0;1;0;0;0;3;0;1;0;0;1;0;0;1;0;0;0;39;1;4;2;0;0;0;0;0;0;0;1;0;1;0;0;0;0;0;0;0;0;0;0;0;1;23;6;6;0;5;6;0;3;0;0;0;0;0;0;1;0;0;2;0;0;0;0;0;0;0;2;3;1;0;6;0;0;0;0;0;1;0;0;0;0;0;0;0;0;0;0;0;0;0;0;0;0;61;19;0;0;1;2;1;0;0;4;0;0;1;0;2;1;1;0;0;0;0;1;0;0;0;2;0;0;0;1;1;0;0;0;0;0;0;0;0;0;0;0;0;0;0;0;3;0;0;0;0;0
53;"Medyczno-Społeczne Centrum Kształcenia Zawodowego i Ustawicznego, ul. św. Jana 1/3, 87-100 Toruń";46301;"m. Toruń";"Toruń";"kujawsko-pomorskie";1;1;1;0;1;1;0;0;0;2;0;0;1;0;0;1;1;0;0;0;1;0;0;0;0;0;0;14;6;11;4;0;1;2;1;0;0;0;0;0;0;0;0;0;0;1;0;0;1;0;1;0;0;54;2;1;2;4;0;0;0;0;4;0;1;1;1;0;0;0;1;0;0;0;0;0;0;0;2;30;2;11;3;12;14;1;9;0;2;1;0;0;0;0;1;0;0;2;0;0;1;0;0;1;4;17;2;0;2;0;0;0;1;0;0;0;2;1;0;0;0;0;0;0;0;0;0;0;0;0;0;85;30;1;2;3;1;2;2;0;10;1;0;1;2;0;4;0;0;0;0;0;1;0;0;0;6;5;1;0;0;0;2;0;0;0;1;0;0;0;0;0;0;0;0;0;0;2;0;0;0;0;0
54;"I Liceum Ogólnokształcące, ul. Zaułek Prosowy 1, 87-100 Toruń";46301;"m. Toruń";"Toruń";"kujawsko-pomorskie";1;1;2;0;1;1;0;0;0;1;0;0;1;0;0;0;0;0;0;0;2;1;0;0;1;0;1;21;12;6;8;1;2;0;0;0;0;1;2;0;0;4;1;0;1;0;0;0;0;1;1;0;0;58;2;0;6;6;2;0;1;0;0;1;0;1;2;0;1;1;0;0;0;1;1;1;1;0;2;44;10;30;4;15;14;2;12;0;0;0;0;2;0;1;0;0;2;1;0;0;1;0;0;1;5;14;0;3;5;3;0;1;1;0;1;1;0;1;1;0;2;0;0;0;0;0;0;0;0;1;4;109;41;1;3;5;6;3;2;1;19;1;0;1;3;2;2;3;1;1;0;0;1;0;0;2;6;2;0;0;0;0;0;0;0;0;0;0;0;0;0;0;2;0;0;0;0;4;0;0;0;0;0
55;"Centrum Kształcenia Ustawicznego, pl. Plac Św. Katarzyny 8, 87-100 Toruń";46301;"m. Toruń";"Toruń";"kujawsko-pomorskie";1;1;1;0;1;0;1;0;0;1;0;0;0;0;0;0;0;0;0;0;0;0;0;0;0;1;0;11;7;7;11;1;0;1;1;0;0;0;0;3;0;6;0;0;0;0;0;0;0;0;1;0;1;32;3;0;2;3;0;1;1;0;1;0;1;0;1;1;2;0;0;0;1;0;0;0;0;0;2;30;8;30;1;7;8;1;3;0;0;0;0;0;0;0;0;0;2;0;1;1;0;0;0;0;2;13;3;0;2;0;1;0;1;2;0;1;0;1;1;0;0;0;0;0;0;0;1;0;0;0;0;83;26;0;4;1;6;0;1;0;15;0;2;1;3;0;1;2;0;0;0;0;3;0;0;0;3;1;0;0;0;1;0;1;0;0;0;0;0;1;3;0;0;0;0;0;0;8;0;0;0;0;0
56;"IV Liceum Ogólnokształcące, ul. Warszawska 1/5, 87-100 Toruń";46301;"m. Toruń";"Toruń";"kujawsko-pomorskie";1;1;6;0;0;1;2;0;0;0;1;0;0;0;0;0;0;0;0;0;0;0;0;0;0;0;0;13;4;5;7;3;1;3;0;2;0;0;0;0;0;2;1;0;0;1;0;0;0;2;0;0;0;38;3;1;5;4;1;0;0;0;0;3;1;2;2;0;1;0;0;0;0;2;0;0;0;0;4;23;8;14;2;9;14;2;9;0;1;0;0;2;1;1;0;3;1;0;2;0;0;0;0;0;2;17;1;2;4;2;1;0;0;1;0;0;0;0;0;0;0;0;0;0;0;0;0;0;0;0;1;77;28;3;1;7;4;5;2;0;4;4;5;1;2;2;0;0;0;0;1;0;2;0;0;0;1;2;0;0;0;0;0;0;0;0;0;0;0;1;2;0;0;2;0;0;0;4;0;0;0;0;0
57;"Zespół Szkół Technicznych, ul. Legionów 19/25, 87-100 Toruń";46301;"m. Toruń";"Toruń";"kujawsko-pomorskie";1;1;6;2;1;0;1;0;0;0;0;0;0;1;0;0;0;0;0;0;1;0;0;0;0;0;0;45;50;27;36;3;6;2;2;1;3;1;1;0;1;3;0;4;1;1;0;1;0;3;5;4;1;128;14;1;8;4;2;1;4;1;2;1;3;0;6;0;1;0;1;0;0;8;0;0;1;0;5;73;20;69;5;40;30;5;19;0;1;0;4;0;0;1;0;2;1;2;0;0;0;1;0;0;4;34;6;3;6;7;1;0;0;0;0;0;1;3;0;0;0;0;0;0;0;1;0;0;0;0;1;429;113;3;4;9;10;9;1;2;72;1;4;4;6;0;1;2;1;2;0;1;7;1;0;2;3;6;1;2;0;0;0;1;1;1;0;0;0;4;1;0;0;0;0;0;0;3;0;0;0;0;0
58;"Zespół Szkół Technicznych, ul. Jana Dekerta 4, 87-100 Toruń";46301;"m. Toruń";"Toruń";"kujawsko-pomorskie";1;1;10;4;0;0;0;1;1;0;0;0;0;1;0;2;0;0;0;0;0;0;0;1;0;0;0;40;29;12;38;2;4;11;3;0;0;1;2;1;1;2;0;0;0;0;0;1;1;1;0;5;2;156;9;3;5;3;1;2;2;1;2;3;1;0;1;0;1;0;0;0;0;0;1;0;0;0;4;64;11;58;7;45;36;1;32;0;2;1;2;0;0;0;0;1;0;2;0;3;0;0;1;1;5;33;4;6;5;5;1;1;3;0;2;2;1;1;1;0;0;0;0;1;0;0;1;0;0;0;1;282;79;4;1;8;8;11;2;0;34;3;3;1;7;3;1;0;1;1;1;0;2;0;0;1;1;2;2;3;0;0;0;0;3;0;0;0;0;1;0;0;0;0;0;0;0;1;0;0;0;0;0
59;"Szkoła Podstawowa Nr 24, ul. Ogrodowa 3/5, 87-100 Toruń";46301;"m. Toruń";"Toruń";"kujawsko-pomorskie";1;1;2;1;1;0;0;0;0;0;0;1;1;0;1;0;0;1;0;0;0;0;0;0;1;0;0;35;33;12;31;1;6;10;3;0;0;0;0;1;0;2;3;2;0;4;0;0;1;0;3;7;0;122;9;1;9;7;1;0;0;0;1;1;3;2;3;0;2;0;1;1;1;1;0;1;1;0;3;57;16;55;10;31;55;1;42;2;3;2;1;2;1;1;0;0;0;4;1;2;0;0;0;1;2;27;1;7;7;2;1;1;2;0;0;0;1;1;0;1;0;0;0;0;0;0;0;0;0;2;3;260;56;3;0;3;11;4;0;2;29;0;3;3;4;0;1;1;1;0;1;2;1;0;0;2;3;2;0;0;0;1;0;0;0;0;0;0;0;1;0;0;0;0;0;0;0;7;0;0;0;0;0
60;"VI Liceum Ogólnokształcące, ul. Wojska Polskiego 47a, 87-100 Toruń";46301;"m. Toruń";"Toruń";"kujawsko-pomorskie";1;1;2;0;0;0;0;0;0;0;1;0;1;0;0;0;0;0;0;0;0;0;0;0;0;0;0;16;10;3;9;0;1;2;1;0;0;1;0;0;0;1;0;0;1;3;0;0;0;0;0;0;0;67;5;1;0;3;1;1;0;2;0;0;1;1;1;0;1;0;0;1;0;1;0;0;2;0;1;37;3;35;4;17;19;3;12;1;2;2;0;0;0;0;0;1;2;3;0;0;0;1;0;0;0;22;4;4;4;1;1;1;0;0;0;0;1;0;0;0;0;0;0;0;0;0;0;0;0;0;1;137;32;0;1;4;9;6;1;1;19;1;2;1;2;2;1;0;0;1;0;0;2;0;0;0;1;7;0;0;0;0;0;1;1;1;0;0;0;1;0;0;0;0;0;0;0;3;0;0;0;0;0
61;"Zespół Szkół Technicznych, ul. Legionów 19/25, 87-100 Toruń";46301;"m. Toruń";"Toruń";"kujawsko-pomorskie";1;1;2;0;0;0;0;0;0;0;0;0;0;0;0;0;0;0;0;0;0;0;0;1;0;0;0;18;18;6;23;1;2;1;0;1;0;1;3;2;1;1;0;0;2;0;0;0;0;2;0;1;4;109;6;0;1;3;0;3;0;0;1;2;0;0;3;0;1;0;0;0;0;1;0;1;0;2;7;44;5;43;3;27;37;0;21;1;1;2;2;0;0;0;0;0;0;1;0;1;0;0;0;0;5;12;3;3;5;1;0;1;2;0;0;1;1;0;1;0;0;0;0;0;0;0;0;0;0;0;0;224;57;3;4;8;4;1;2;1;33;0;1;1;6;0;1;0;1;0;1;1;0;1;0;2;2;3;0;1;0;0;0;0;0;0;0;0;0;0;0;0;0;0;0;0;0;1;0;0;0;0;1
62;"Przedszkole Miejskie Nr 5, ul. Jana Dekerta 27/35, 87-100 Toruń";46301;"m. Toruń";"Toruń";"kujawsko-pomorskie";1;1;10;0;0;0;0;0;0;0;0;0;0;0;1;0;0;0;0;0;0;0;0;0;0;0;0;27;27;10;38;1;2;4;1;1;4;1;0;3;0;2;1;1;1;3;3;0;1;0;0;2;2;124;6;1;4;4;1;0;0;0;4;1;1;0;4;1;2;2;0;0;0;1;0;1;1;0;1;56;21;66;7;42;67;4;23;1;3;1;1;2;0;0;1;0;0;4;0;0;1;0;0;3;3;27;1;3;10;1;5;0;0;0;0;0;0;2;1;0;0;0;1;0;0;0;0;0;0;0;1;311;72;5;1;16;14;6;3;0;62;3;4;3;8;2;0;0;3;0;0;2;2;1;0;0;3;8;1;1;0;0;0;1;0;0;0;0;0;1;1;0;0;0;0;0;0;3;0;0;0;0;0
63;"Szkoła Podstawowa Nr 24, ul. Ogrodowa 3/5, 87-100 Toruń";46301;"m. Toruń";"Toruń";"kujawsko-pomorskie";1;1;0;0;0;1;2;0;0;0;0;0;1;0;0;0;0;0;0;0;1;0;0;0;0;0;0;26;29;12;15;1;11;3;1;0;2;0;2;0;0;4;1;0;1;1;2;0;0;0;1;1;0;146;8;0;4;6;0;2;2;0;3;2;4;1;4;1;0;0;0;1;0;1;1;0;0;0;2;54;15;58;7;51;50;2;28;1;2;1;2;0;0;0;0;2;2;2;1;0;0;0;0;0;5;42;5;3;11;1;1;1;2;0;0;0;0;0;0;0;2;0;0;0;1;1;0;0;1;0;3;313;84;5;7;15;7;7;0;3;53;0;6;4;18;1;5;2;1;1;1;3;1;3;1;1;3;3;0;1;0;1;0;0;0;1;0;0;0;1;2;0;0;0;0;0;0;2;0;0;0;0;0
64;"Szkoła Podstawowa Nr 4, ul. Żwirki i Wigury 49, 87-100 Toruń";46301;"m. Toruń";"Toruń";"kujawsko-pomorskie";1;1;2;0;0;0;0;1;0;0;0;0;0;0;0;0;0;0;1;0;1;0;0;0;0;0;0;24;29;11;24;3;1;3;1;0;1;4;3;0;0;1;0;0;0;0;2;0;0;2;1;0;3;108;4;1;3;6;0;3;2;0;1;0;1;1;4;0;4;1;2;0;1;0;0;1;0;0;1;61;10;75;3;39;40;1;39;1;0;0;0;0;1;1;0;0;3;0;1;0;1;0;0;0;4;16;3;5;7;3;1;0;1;0;1;0;0;0;2;0;0;1;0;0;1;1;0;0;0;0;3;239;72;4;3;7;4;3;2;1;17;0;4;0;1;1;1;1;0;0;0;0;2;2;0;0;3;7;2;2;0;0;0;0;0;0;1;0;0;0;1;0;0;0;0;0;0;1;0;0;0;0;0
65;"Szkoła Podstawowa nr 3, ul. Legionów 210, 87-100 Toruń";46301;"m. Toruń";"Toruń";"kujawsko-pomorskie";1;1;5;0;3;1;2;2;0;1;0;1;0;1;0;0;0;0;0;0;0;2;0;0;0;1;0;49;36;14;33;4;3;8;4;2;2;0;5;3;0;3;2;2;1;2;1;2;2;2;0;1;8;149;2;3;6;4;2;3;0;1;5;2;3;0;6;0;0;0;2;0;0;0;1;0;2;0;6;64;19;67;5;32;52;3;30;0;4;3;1;0;0;1;0;0;1;0;0;0;0;0;0;0;6;38;10;11;5;4;4;1;0;3;0;0;0;1;1;1;0;0;0;0;1;0;0;0;0;0;8;335;100;10;1;8;10;9;3;3;44;3;1;4;5;3;1;0;0;1;1;0;1;1;0;4;0;11;0;4;0;2;0;1;0;0;0;0;0;1;0;0;0;0;0;0;0;0;0;0;0;0;0
66;"Szkoła Podstawowa Nr 4, ul. Żwirki i Wigury 49, 87-100 Toruń";46301;"m. Toruń";"Toruń";"kujawsko-pomorskie";1;1;6;0;0;0;0;0;2;0;1;0;1;2;1;1;1;0;0;0;0;1;0;0;0;0;1;50;55;34;69;7;5;16;1;1;0;0;4;2;1;3;5;1;0;0;0;0;1;2;1;5;3;191;9;3;15;5;2;3;0;3;7;3;3;0;1;0;3;0;2;1;1;2;1;1;0;0;7;78;14;96;10;66;45;4;27;0;5;0;0;2;0;0;1;2;1;3;0;0;0;0;2;1;7;52;6;7;5;4;1;4;0;1;0;2;2;1;1;3;0;1;0;0;0;1;0;0;1;1;1;452;113;10;2;12;18;9;1;1;68;1;4;6;8;3;2;1;0;1;2;0;2;0;1;1;4;6;1;5;1;0;1;1;1;0;0;0;0;1;0;0;0;0;0;0;0;1;0;0;0;0;0
67;"Szkoła Podstawowa nr 3, ul. Legionów 210, 87-100 Toruń";46301;"m. Toruń";"Toruń";"kujawsko-pomorskie";1;1;3;2;1;1;1;2;0;1;1;2;0;1;1;1;0;1;0;0;1;0;0;0;1;0;0;60;54;21;51;9;4;15;2;0;0;0;3;2;0;2;7;0;1;2;0;1;0;3;0;4;1;187;11;2;10;8;1;2;1;0;2;0;5;1;6;1;2;0;1;0;1;0;0;0;0;0;6;51;20;97;1;69;46;3;28;2;1;0;0;3;0;1;1;0;2;0;0;0;1;0;0;1;7;47;11;7;17;3;1;1;1;0;0;1;1;3;0;1;2;1;2;0;0;0;1;1;0;0;6;412;109;5;5;11;13;11;1;4;60;3;8;1;9;2;0;3;0;1;0;0;6;1;0;1;1;8;2;5;0;2;0;0;0;0;0;0;0;4;0;0;0;0;0;0;0;1;0;0;0;0;0
68;"Urząd Miasta Torunia, ul. Legionów 220, 87-100 Toruń";46301;"m. Toruń";"Toruń";"kujawsko-pomorskie";1;1;0;1;0;3;2;0;0;2;1;0;0;0;0;0;0;0;0;0;1;0;0;0;0;0;0;32;33;20;33;2;2;6;0;0;1;2;0;1;1;8;0;0;3;0;1;1;0;4;1;0;5;133;7;1;7;6;2;0;3;0;0;1;3;0;0;0;1;1;2;0;0;0;0;0;1;0;8;64;14;68;3;56;31;3;38;0;1;0;1;1;0;0;1;0;2;2;0;0;1;2;0;1;3;29;7;3;6;2;0;2;0;0;0;2;0;1;0;0;0;1;0;0;0;0;0;0;0;0;0;320;74;4;1;12;5;8;3;1;34;1;6;0;7;3;11;0;0;0;0;4;5;0;0;2;1;3;0;7;0;0;0;0;1;0;0;0;0;0;0;0;0;0;0;0;0;2;0;0;0;0;0
69;"Przedszkole Miejskie Nr 6, ul. Szosa Chełmińska 130, 87-100 Toruń";46301;"m. Toruń";"Toruń";"kujawsko-pomorskie";1;1;3;0;0;3;3;2;2;1;1;1;1;1;1;1;1;0;0;0;0;1;0;0;0;0;0;63;39;23;55;1;6;10;2;1;1;2;3;1;0;6;3;1;4;2;0;0;1;0;1;1;7;176;7;2;10;7;3;0;2;0;3;1;3;0;3;2;0;2;0;0;0;3;0;2;0;0;3;69;9;92;10;51;45;5;35;1;3;3;1;0;4;0;0;1;0;3;0;1;1;0;0;1;12;38;7;7;5;5;0;0;3;3;0;1;0;1;0;0;3;0;0;0;0;0;0;0;1;1;2;404;103;2;5;12;18;3;6;1;40;1;5;1;7;3;0;0;2;1;1;3;4;0;1;4;2;8;2;0;0;1;0;0;0;0;1;0;0;0;0;0;0;0;0;0;0;0;0;0;0;0;0
70;"Zespół Szkół Muzycznych, ul. Szosa Chełmińska 224/226, 87-100 Toruń";46301;"m. Toruń";"Toruń";"kujawsko-pomorskie";1;1;5;0;1;0;1;0;1;0;0;0;3;0;0;1;1;0;0;0;0;0;1;0;0;0;0;52;40;24;63;4;3;14;2;1;1;0;2;0;0;0;0;3;0;0;1;0;1;2;1;3;3;94;5;1;9;3;0;5;1;0;1;0;0;1;5;1;1;0;0;1;0;1;0;0;1;0;4;89;22;123;8;69;55;6;60;1;1;3;6;3;0;1;0;1;2;4;1;2;0;0;0;0;2;42;11;8;27;2;0;1;4;0;1;3;3;2;1;0;2;0;0;0;0;1;0;0;0;0;6;389;95;8;5;11;4;12;4;3;44;6;5;3;2;3;0;1;0;0;0;0;1;1;0;1;1;5;0;0;1;1;1;0;2;0;0;0;0;3;1;1;0;0;0;0;0;2;0;0;0;0;0
71;"Szkoła Podstawowa Nr 9, ul. Rzepakowa 7/9, 87-100 Toruń";46301;"m. Toruń";"Toruń";"kujawsko-pomorskie";1;1;9;0;0;1;1;1;0;0;0;0;0;1;0;2;0;0;0;0;1;0;0;0;0;0;0;50;41;24;78;2;1;14;2;1;1;1;6;3;2;5;6;0;3;6;0;3;0;2;3;3;1;139;4;2;7;4;1;1;1;0;2;0;2;0;4;1;0;0;0;0;0;0;0;0;1;0;3;93;22;116;8;81;60;3;68;1;5;2;2;1;0;2;3;0;2;1;2;0;0;0;1;0;20;61;10;4;13;4;2;0;1;2;0;1;1;1;0;0;0;1;1;0;0;0;0;0;0;0;3;452;112;3;5;18;15;14;3;1;44;0;2;1;5;3;4;0;0;1;0;1;8;0;0;0;2;12;6;4;0;2;1;0;0;0;0;0;0;2;0;0;0;1;0;0;0;2;0;0;0;0;0
72;"Szkoła Podstawowa Nr 9, ul. Rzepakowa 7/9, 87-100 Toruń";46301;"m. Toruń";"Toruń";"kujawsko-pomorskie";1;1;4;0;0;3;1;0;0;0;0;1;0;0;0;0;0;0;2;1;3;0;0;1;0;0;1;75;75;27;50;1;7;9;3;1;0;3;4;7;0;4;4;1;0;5;0;2;0;4;1;0;3;145;16;0;4;5;3;1;1;0;2;1;0;0;6;0;2;2;1;1;0;3;0;1;0;0;2;78;15;68;7;51;57;6;56;3;2;1;3;4;0;0;0;3;1;2;0;0;0;2;0;2;5;35;13;4;17;2;1;2;1;1;0;1;1;2;1;1;1;0;1;0;0;1;1;1;0;4;6;519;130;13;4;20;16;12;4;2;80;0;3;2;24;0;3;3;1;0;0;0;5;2;0;1;1;19;3;1;1;3;1;0;2;0;0;2;0;2;0;0;0;1;0;0;3;0;0;0;0;0;0
73;"Przedszkole Miejskie Nr 8, ul. Chabrowa 49, 87-100 Toruń";46301;"m. Toruń";"Toruń";"kujawsko-pomorskie";1;1;9;3;1;0;1;1;0;0;0;0;0;1;1;0;0;0;0;0;1;0;0;1;0;0;0;58;50;11;54;1;5;14;0;0;0;0;3;1;0;10;5;3;1;7;0;1;1;2;2;6;3;150;3;6;4;8;1;6;3;1;3;1;1;2;1;0;2;1;1;0;0;2;0;0;1;2;7;127;23;95;10;67;55;2;67;2;5;2;0;1;0;1;0;0;0;6;0;1;1;0;0;1;9;44;8;5;6;2;0;2;0;1;1;0;0;0;2;1;0;1;1;1;1;0;0;0;0;0;3;468;123;8;6;11;5;10;2;2;48;4;14;2;5;0;0;3;0;2;0;3;1;1;0;3;0;4;4;0;0;2;0;1;0;1;0;0;0;0;0;0;0;0;0;0;0;1;0;0;0;0;1
74;"Centrum Wielu Pokoleń, ul. Łukasza Watzenrodego 15, 87-100 Toruń";46301;"m. Toruń";"Toruń";"kujawsko-pomorskie";1;1;8;1;2;1;2;1;0;3;0;0;0;1;0;0;2;0;0;0;3;1;0;1;0;0;2;113;99;53;95;8;14;32;5;4;5;3;7;6;0;10;4;0;2;0;0;3;1;5;5;5;5;310;15;4;13;17;0;3;3;2;8;0;1;1;2;0;2;2;0;0;0;4;1;2;1;0;7;92;18;85;17;50;59;4;32;3;3;1;1;0;1;0;4;0;1;9;1;2;1;1;0;0;10;117;26;7;28;12;2;1;4;2;0;1;1;0;2;2;2;1;4;0;0;0;0;1;0;0;8;746;184;21;10;22;24;20;9;2;49;3;8;7;9;5;4;4;2;3;4;0;13;0;1;1;1;11;3;1;1;1;1;1;0;0;0;0;1;2;0;0;1;0;0;0;0;3;0;1;0;0;1
75;"Miejski Zarząd Dróg, ul. Grudziądzka 159, 87-100 Toruń";46301;"m. Toruń";"Toruń";"kujawsko-pomorskie";1;1;1;0;0;0;0;1;0;2;1;0;1;0;0;0;0;0;0;1;0;0;0;0;1;0;0;23;19;15;24;0;5;2;2;0;0;0;0;0;0;3;3;0;0;2;0;2;1;3;0;1;1;92;4;0;7;1;0;0;0;0;3;4;3;1;2;0;0;0;0;0;1;0;0;0;1;0;0;60;18;82;7;22;26;5;26;0;4;5;1;0;0;1;1;1;2;0;1;0;0;0;1;1;9;32;6;4;11;4;0;3;0;0;1;1;1;1;1;0;0;0;0;0;0;0;0;0;0;0;1;251;64;2;0;6;9;7;2;0;32;0;0;3;3;0;1;2;0;2;0;0;1;1;0;1;6;2;1;0;2;0;0;1;0;0;0;0;0;1;1;0;0;0;0;0;0;0;0;0;0;0;1
76;"Starostwo Powiatowe w Toruniu, ul. Towarowa 4 - 6, 87-100 Toruń";46301;"m. Toruń";"Toruń";"kujawsko-pomorskie";1;1;0;0;0;1;0;1;0;0;0;0;0;0;0;0;0;0;0;0;0;0;0;0;0;0;0;4;6;1;4;2;0;0;0;1;1;0;0;1;0;1;0;0;0;0;1;0;0;0;1;0;0;16;2;0;0;1;0;0;0;0;0;1;0;0;0;0;1;1;0;0;0;0;0;0;0;0;0;5;6;22;0;9;11;1;8;0;0;0;1;1;0;0;0;0;0;0;0;0;0;0;0;0;2;8;1;2;3;0;0;0;0;1;1;0;0;0;0;0;0;0;0;0;0;0;0;0;0;0;0;42;10;1;0;1;2;0;0;0;7;0;0;0;0;0;0;0;0;0;0;0;0;0;0;0;0;1;0;0;0;0;0;0;0;0;0;0;0;1;0;0;0;0;0;0;0;0;0;0;0;0;0
77;"Geofizyka Toruń S. A., ul. Bolesława Chrobrego 50, 87-100 Toruń";46301;"m. Toruń";"Toruń";"kujawsko-pomorskie";1;1;0;0;1;0;0;1;1;0;0;0;0;0;0;0;0;0;0;1;0;0;0;0;0;0;0;17;9;1;12;1;2;2;0;0;0;1;3;0;1;1;0;0;0;0;0;0;0;0;0;0;2;31;0;0;0;1;0;1;0;0;1;0;1;0;0;0;0;0;0;0;0;0;0;1;0;0;0;28;2;29;5;13;17;4;11;0;1;1;0;2;0;2;0;1;0;0;0;0;0;0;0;1;2;14;5;0;4;0;0;1;1;0;0;0;1;1;0;0;1;0;1;0;0;0;0;0;0;0;1;73;20;2;0;2;1;2;3;1;3;1;2;5;3;1;0;0;0;0;2;0;0;0;0;0;2;4;0;0;0;0;0;0;0;0;0;0;0;2;0;0;0;0;0;0;0;0;0;0;0;0;0
78;"Zespół Szkół Inżynierii Środowiska, ul. Stefana Batorego 43/49, 87-100 Toruń";46301;"m. Toruń";"Toruń";"kujawsko-pomorskie";1;1;0;0;0;0;0;0;0;0;1;1;0;0;0;0;1;0;0;0;0;0;0;0;0;0;0;9;12;1;5;0;1;3;0;0;1;1;1;0;0;0;0;0;0;2;0;0;0;0;0;1;2;37;1;0;0;0;0;1;0;0;0;0;1;1;0;0;1;1;1;0;0;0;0;0;0;0;0;10;4;9;1;4;13;0;8;2;0;1;0;0;0;0;0;0;3;2;0;1;0;0;0;0;2;10;1;2;4;3;1;1;0;1;0;1;0;1;0;0;1;0;0;0;0;0;0;0;0;0;0;72;30;3;0;4;3;1;1;0;11;0;0;0;1;0;3;0;0;1;0;3;1;0;0;0;2;4;1;0;0;0;0;0;0;0;0;0;0;0;1;0;0;0;0;0;0;1;0;0;0;0;0
79;"Szkoła Podstawowa Nr 6, ul. Łąkowa 13, 87-100 Toruń";46301;"m. Toruń";"Toruń";"kujawsko-pomorskie";1;1;2;1;1;1;1;0;0;1;0;0;1;0;0;0;0;0;0;0;0;0;0;0;0;0;0;25;37;15;29;2;6;9;1;1;0;1;4;3;0;5;1;0;0;2;0;1;2;1;1;1;3;118;6;2;1;4;4;1;1;0;3;0;0;0;1;0;2;0;0;0;0;2;0;2;2;0;1;52;18;66;10;30;40;1;26;0;0;0;0;0;2;1;0;0;0;2;0;0;1;0;0;1;5;30;4;0;10;3;2;0;1;2;0;0;0;1;0;0;0;1;0;0;0;0;0;1;0;0;2;265;88;3;1;5;5;5;1;0;26;0;6;3;4;1;0;2;0;2;0;1;5;0;1;0;2;0;1;0;0;2;1;1;0;0;0;0;0;0;1;0;0;0;0;0;0;2;0;0;0;0;0
80;"Szkoła Podstawowa Nr 6, ul. Łąkowa 13, 87-100 Toruń";46301;"m. Toruń";"Toruń";"kujawsko-pomorskie";1;1;2;0;0;0;1;0;0;0;0;0;0;0;0;0;0;0;0;0;1;0;0;0;0;0;0;23;31;3;12;0;3;1;2;0;0;1;1;1;0;2;1;0;0;0;0;1;0;1;0;2;0;73;1;1;3;7;0;1;1;0;0;2;0;0;2;0;3;0;0;0;0;0;1;0;2;0;4;29;9;53;7;19;23;3;17;1;0;0;1;0;0;0;0;2;1;0;0;2;0;1;0;1;3;27;2;0;4;0;2;1;1;1;0;2;0;1;0;0;1;0;0;0;0;0;0;1;0;1;0;160;45;3;2;7;2;1;0;3;17;0;2;2;3;1;0;2;1;1;1;1;1;0;0;0;0;2;0;0;0;0;0;0;0;0;0;0;0;0;0;0;0;0;0;0;0;0;0;0;0;0;0
81;"Przedszkole Miejskie Nr 7, ul. Łąkowa 44, 87-100 Toruń";46301;"m. Toruń";"Toruń";"kujawsko-pomorskie";1;1;4;2;1;0;0;1;0;0;2;0;0;1;0;1;0;0;0;0;0;0;0;0;0;1;2;27;36;19;20;1;5;4;0;1;1;0;3;1;0;1;0;2;1;2;0;1;1;3;0;0;7;96;9;1;2;3;0;2;2;1;6;2;2;0;3;1;1;0;0;0;0;2;0;1;0;0;5;67;22;90;5;30;33;2;21;1;4;0;0;0;0;2;0;0;3;5;0;0;0;1;0;0;3;19;4;3;10;0;1;0;1;1;0;0;1;1;1;1;0;0;0;2;1;0;0;0;0;0;1;277;79;5;5;13;12;5;0;1;42;0;1;1;2;1;0;2;1;0;0;3;0;0;0;1;2;4;0;1;0;0;0;0;0;0;0;1;2;2;0;0;0;1;0;0;0;1;0;0;0;0;2
82;"Przedszkole Miejskie nr 15, ul. Bażyńskich 22, 87-100 Toruń";46301;"m. Toruń";"Toruń";"kujawsko-pomorskie";1;1;2;0;0;1;0;0;0;0;0;0;0;1;0;0;0;0;0;0;0;0;0;0;0;0;0;13;11;3;11;0;3;3;1;0;0;1;1;0;0;1;0;0;0;1;0;0;0;0;1;2;0;51;1;1;3;1;0;0;0;0;0;2;0;0;3;0;2;0;0;0;0;0;0;0;1;0;2;28;13;43;2;15;36;0;10;1;0;0;1;1;0;1;0;0;1;0;0;0;0;0;0;0;2;8;2;3;3;3;4;1;0;1;0;1;0;1;0;0;0;0;0;0;0;0;0;0;0;0;1;110;31;1;1;0;1;4;0;0;9;0;1;0;0;1;3;0;1;0;0;0;0;1;0;0;0;2;0;0;0;1;0;0;0;0;0;0;0;0;0;0;0;0;0;0;0;0;0;0;0;0;0
83;"VI Liceum Ogólnokształcące, ul. Wojska Polskiego 47a, 87-100 Toruń";46301;"m. Toruń";"Toruń";"kujawsko-pomorskie";1;1;7;1;1;0;1;0;1;0;0;1;0;0;0;0;0;0;0;1;0;0;0;0;1;0;0;21;19;3;13;1;5;3;1;2;0;1;0;2;1;1;0;0;1;4;0;0;0;3;0;2;0;79;3;0;5;6;1;1;2;0;2;0;2;0;3;0;0;0;0;0;0;0;0;0;1;0;0;49;15;62;8;19;36;1;23;2;1;2;0;0;0;0;1;0;2;0;0;1;0;0;0;0;2;8;4;1;3;1;1;0;0;0;2;0;0;0;0;1;1;0;2;0;0;0;0;0;0;1;2;154;51;5;3;12;4;5;2;1;22;1;0;0;3;1;0;1;1;1;0;1;1;0;0;0;0;3;0;0;0;1;0;0;0;0;0;0;0;2;0;0;0;0;0;0;0;1;0;0;0;0;0
84;"VI Liceum Ogólnokształcące, ul. Wojska Polskiego 47a, 87-100 Toruń";46301;"m. Toruń";"Toruń";"kujawsko-pomorskie";1;1;5;1;0;1;0;2;0;1;1;0;1;0;0;0;1;0;0;0;0;0;0;0;0;0;0;29;20;12;28;0;8;2;4;1;0;2;0;1;0;1;2;0;2;1;0;3;0;0;0;1;1;139;5;1;9;4;3;0;1;0;0;4;3;0;3;0;1;0;1;1;0;1;0;0;0;0;2;55;9;70;3;25;32;2;20;0;0;4;1;4;1;0;1;1;0;6;1;0;0;0;0;0;4;16;2;2;5;0;1;0;1;1;1;0;0;1;0;0;1;0;0;0;0;0;0;1;0;0;0;237;55;0;0;5;5;10;1;0;15;0;6;0;4;0;0;0;3;0;0;0;2;0;0;0;1;3;1;2;1;0;0;1;1;0;0;0;0;0;1;0;0;0;0;0;0;1;0;0;0;0;0
85;"Szkoła Podstawowa Nr 10, ul. Bażyńskich 30/36, 87-100 Toruń";46301;"m. Toruń";"Toruń";"kujawsko-pomorskie";1;1;5;2;2;0;1;0;0;1;0;1;0;0;1;0;0;0;0;0;0;0;0;0;0;0;0;26;24;5;25;3;3;3;1;1;2;0;0;1;0;4;1;3;0;2;0;2;0;0;0;0;1;111;6;0;6;4;1;0;1;0;0;2;1;0;3;0;1;0;0;0;0;1;1;0;2;0;5;60;17;66;9;16;34;3;20;3;1;2;2;1;0;2;0;2;0;4;1;0;0;0;0;1;4;16;3;3;12;6;0;1;1;0;0;0;1;0;0;0;0;0;0;1;2;0;0;0;0;0;3;181;68;5;1;3;7;3;3;0;20;3;2;0;0;3;3;0;0;0;0;1;0;0;0;1;1;3;2;0;0;2;0;1;0;0;0;1;0;0;1;0;0;0;0;0;0;0;1;0;0;0;1
86;"Przedszkole Miejskie Nr 15, ul. Bażyńskich 22, 87-100 Toruń";46301;"m. Toruń";"Toruń";"kujawsko-pomorskie";1;1;2;0;1;0;0;0;0;1;2;0;0;0;0;0;0;0;0;0;0;0;0;0;0;0;0;11;20;1;8;2;3;3;0;1;0;0;1;1;3;3;3;0;0;0;0;1;0;0;1;0;0;75;6;0;4;3;0;0;1;1;5;2;1;0;2;0;0;0;0;1;1;1;0;0;0;0;2;36;4;51;5;15;27;1;12;0;2;2;0;0;0;0;0;1;0;2;0;0;0;0;1;0;0;11;4;1;4;1;0;0;0;0;0;0;0;1;1;0;0;1;0;0;0;0;0;0;0;0;2;128;40;2;1;3;3;6;2;1;16;0;0;3;2;1;0;2;1;0;0;0;0;0;0;0;1;1;2;0;0;0;0;1;1;0;0;0;0;0;0;0;0;0;0;0;0;0;0;0;0;0;0
87;"Przedszkole Miejskie Nr 16, ul. mjr. Henryka Sucharskiego 2, 87-100 Toruń";46301;"m. Toruń";"Toruń";"kujawsko-pomorskie";1;1;1;1;0;0;1;0;1;0;1;0;0;1;0;0;0;0;0;0;0;0;0;0;0;0;1;19;13;4;12;0;2;4;1;0;0;1;1;0;0;2;1;2;0;1;0;0;0;1;0;0;1;49;1;0;4;1;2;1;0;0;0;0;0;1;1;0;0;1;0;0;0;0;0;0;0;0;2;25;10;40;5;16;21;4;11;0;0;2;0;0;0;0;0;2;0;3;0;0;0;0;0;0;2;10;2;0;2;0;0;1;1;0;0;0;2;1;0;0;0;0;0;0;0;0;0;0;0;0;1;121;38;5;2;6;1;3;0;0;14;1;0;1;0;0;0;1;0;0;0;1;2;0;0;0;0;2;0;0;0;1;0;1;0;0;0;0;0;0;0;0;0;0;0;0;0;1;0;0;0;0;0
88;"Szkoła Podstawowa nr 2, ul. Targowa 17, 87-100 Toruń";46301;"m. Toruń";"Toruń";"kujawsko-pomorskie";1;1;5;1;1;3;1;1;1;0;0;1;0;2;0;0;1;0;0;1;1;0;0;0;2;0;0;52;46;16;43;10;6;10;1;1;0;1;2;0;2;4;1;2;2;2;2;1;0;3;2;1;3;151;6;1;7;7;0;3;0;0;1;2;1;0;2;0;1;1;0;0;1;0;1;0;3;0;10;64;19;59;11;36;37;5;13;1;2;1;0;1;0;0;0;1;4;5;1;1;0;0;0;1;7;56;6;8;21;2;1;2;2;0;0;1;1;7;1;1;1;0;0;0;0;0;0;0;0;0;3;456;106;6;5;20;10;7;3;1;44;2;12;1;5;1;5;1;1;0;4;0;4;2;1;1;2;7;1;1;2;2;0;0;1;0;1;0;0;0;1;0;0;0;0;0;0;3;0;0;0;0;1
89;"Szkoła Podstawowa Nr 2, ul. Targowa 17, 87-100 Toruń";46301;"m. Toruń";"Toruń";"kujawsko-pomorskie";1;1;1;0;0;1;1;0;0;0;1;0;0;0;0;0;0;0;0;0;0;0;0;0;0;2;0;33;37;14;43;4;3;5;4;0;3;1;1;1;1;3;1;2;0;1;0;3;0;3;0;2;4;135;6;0;13;2;0;3;2;1;1;1;1;1;4;0;0;0;0;1;0;2;1;2;2;0;1;61;20;31;6;21;33;6;18;2;1;1;1;1;0;0;0;0;2;2;0;0;0;0;0;0;5;40;1;10;6;2;3;1;1;2;0;0;0;0;1;0;2;0;1;0;0;1;0;0;0;0;1;323;83;6;6;13;9;7;6;0;48;1;3;5;9;1;3;1;0;0;2;1;5;0;0;1;1;5;0;1;0;1;0;0;0;0;0;0;0;1;0;0;0;0;0;0;0;0;0;0;0;0;0
90;"Zespół Szkół Ogólnokształcących i Technicznych nr 13, ul. Targowa 36/38, 87-100 Toruń";46301;"m. Toruń";"Toruń";"kujawsko-pomorskie";1;1;0;2;0;0;2;0;0;4;0;0;0;0;0;0;0;0;1;1;0;0;0;0;0;0;0;28;21;4;55;2;7;8;1;2;0;1;0;1;0;1;1;1;0;0;0;0;1;1;1;0;3;122;3;4;7;5;1;0;0;0;5;4;1;0;7;0;3;0;0;0;0;2;0;0;2;0;12;47;11;44;8;28;12;1;16;0;0;2;0;0;0;1;0;0;2;1;0;0;0;2;0;1;1;24;4;0;7;0;0;0;0;1;0;0;1;0;0;0;0;0;0;0;0;0;0;0;0;0;2;227;87;1;1;12;7;5;2;1;25;2;2;2;7;0;0;0;0;0;0;0;2;1;0;0;0;3;0;1;1;0;1;1;0;0;0;1;0;0;0;0;0;0;0;0;0;2;0;0;0;0;0
91;"Zespół Szkół Ogólnokształcących i Technicznych nr 13, ul. Targowa 36/38, 87-100 Toruń";46301;"m. Toruń";"Toruń";"kujawsko-pomorskie";1;1;3;1;3;0;0;0;0;1;2;0;0;1;0;0;1;0;0;0;0;0;0;0;0;0;0;25;20;11;52;3;5;8;0;2;1;1;3;2;0;4;0;1;1;0;0;2;0;3;3;0;2;86;3;0;1;2;1;3;2;0;1;0;3;1;5;1;0;0;1;0;0;2;1;0;0;0;7;68;19;58;10;20;33;3;21;1;2;1;1;1;0;0;1;2;1;2;0;1;0;0;0;0;11;27;12;6;10;2;0;1;2;0;0;1;0;0;2;0;0;0;0;0;0;0;0;1;0;0;3;225;79;1;2;15;10;4;2;2;19;0;3;0;2;0;5;2;1;1;0;0;1;0;0;1;2;13;1;2;0;1;0;1;1;0;0;0;0;1;1;0;0;0;0;0;0;0;0;0;0;0;0
92;"Przedszkole Miejskie nr 3, ul. Marii Skłodowskiej-Curie 43/45, 87-100 Toruń";46301;"m. Toruń";"Toruń";"kujawsko-pomorskie";1;1;2;0;0;0;0;0;0;0;0;0;0;1;0;0;0;0;0;0;0;0;0;0;0;0;0;1;5;1;5;1;0;0;0;1;0;0;1;1;0;0;0;0;1;0;0;0;0;1;0;0;0;16;3;1;0;0;1;0;1;0;1;3;0;0;2;0;1;1;0;0;0;2;0;0;0;0;0;16;1;8;3;9;6;2;4;0;0;1;0;0;0;0;0;0;0;0;0;0;0;0;1;1;0;4;0;0;2;0;0;1;0;0;0;0;0;0;0;0;0;0;0;1;0;0;0;0;0;0;0;23;21;1;0;1;2;2;0;0;5;0;1;0;0;0;1;0;0;1;0;1;0;0;0;0;0;0;0;0;0;0;0;0;0;0;0;0;0;1;0;0;0;0;0;0;0;0;0;0;0;0;0
93;"Szkoła Podstawowa Nr 23, ul. Osikowa 11, 87-100 Toruń";46301;"m. Toruń";"Toruń";"kujawsko-pomorskie";1;1;7;1;1;2;0;0;0;1;0;3;0;0;1;0;1;0;0;0;0;0;1;0;0;0;0;66;50;26;46;5;12;10;4;0;1;1;2;6;1;5;1;5;3;2;0;0;0;1;1;4;4;162;5;2;7;9;0;1;0;0;0;0;2;0;2;0;2;0;3;0;0;3;0;1;1;1;6;83;10;72;7;47;23;8;30;1;1;2;1;0;0;1;0;2;2;3;1;0;0;0;0;0;8;69;13;5;15;5;0;0;2;0;2;3;2;1;3;0;0;0;1;1;0;0;0;0;0;0;4;502;149;10;5;23;13;14;2;2;38;4;4;1;5;1;0;2;0;1;0;2;4;1;1;8;2;17;2;4;0;2;2;0;0;0;0;0;0;3;0;0;1;1;0;0;0;3;0;0;0;0;0
94;"Zespół Szkół Gastronomiczno-Hotelarskich, ul. Osikowa 15, 87-100 Toruń";46301;"m. Toruń";"Toruń";"kujawsko-pomorskie";1;1;0;1;1;1;0;0;0;0;1;0;0;0;0;1;0;0;0;0;1;0;0;0;0;0;0;31;19;7;20;0;3;10;0;1;1;2;2;1;1;5;4;3;1;0;0;0;0;2;0;0;4;116;5;0;2;1;0;4;0;0;1;0;0;1;1;2;1;1;0;0;0;0;0;1;1;0;3;90;10;88;10;30;22;6;20;1;3;0;0;0;0;0;0;0;2;4;1;2;0;0;0;1;3;28;7;2;2;2;0;0;1;1;0;2;1;1;0;0;1;1;0;0;0;0;0;1;0;0;1;228;55;1;4;12;4;11;0;1;14;0;2;0;1;0;1;2;2;1;1;1;2;0;1;2;1;1;0;0;0;1;1;0;0;1;0;0;0;0;0;0;0;0;0;0;1;0;0;0;0;0;0
95;"IX Liceum Ogólnokształcące, ul. Ludwika Rydygiera 12a, 87-100 Toruń";46301;"m. Toruń";"Toruń";"kujawsko-pomorskie";1;1;4;2;0;0;2;1;0;1;1;1;0;0;0;0;1;0;0;0;0;0;0;0;1;0;0;24;26;6;19;4;2;5;2;0;1;0;0;2;0;7;0;1;1;2;0;0;2;2;0;0;3;99;4;2;1;3;0;0;1;0;1;0;0;0;2;0;1;2;0;0;0;2;1;0;1;0;4;44;12;60;8;35;21;5;18;1;3;0;0;0;1;0;0;0;0;4;0;2;0;0;0;0;11;24;2;2;12;1;2;1;2;0;0;0;1;2;0;1;0;0;1;0;0;0;1;0;1;0;1;202;68;3;3;5;7;4;4;1;17;0;2;0;1;1;5;3;0;2;0;0;2;2;0;1;0;6;0;0;0;1;0;1;0;1;0;0;0;0;0;0;0;0;0;0;0;2;0;0;0;0;1
96;"Szkoła Podstawowa Nr 8, ul. Ignacego Łyskowskiego 28, 87-100 Toruń";46301;"m. Toruń";"Toruń";"kujawsko-pomorskie";1;1;4;0;0;2;0;0;1;0;0;0;0;0;1;0;0;0;0;0;0;0;0;0;1;0;2;41;20;11;28;4;6;6;0;1;3;2;0;0;0;4;1;2;1;1;2;2;1;2;0;2;7;112;7;1;5;1;1;0;0;1;5;2;0;0;0;0;0;1;0;0;1;1;0;0;0;0;2;97;17;61;5;34;39;2;25;2;1;2;2;0;0;2;0;0;4;6;1;0;0;0;0;0;12;29;4;4;15;1;2;2;2;1;0;1;0;2;0;2;2;1;0;0;0;1;0;0;1;0;2;238;85;4;2;14;5;3;0;2;36;0;3;0;3;2;1;3;0;0;0;1;13;1;0;0;0;4;0;0;0;2;0;0;0;0;0;0;0;0;0;0;0;0;0;0;0;0;0;0;0;0;0
97;"Przedszkole ""Jaś i Małgosia"", ul. Teodora Donimirskiego 4, 87-100 Toruń";46301;"m. Toruń";"Toruń";"kujawsko-pomorskie";1;1;1;0;0;1;1;0;0;0;1;0;0;0;0;0;0;0;0;0;0;1;0;0;0;0;1;13;10;5;13;0;1;1;2;0;0;1;1;1;1;3;0;0;0;0;0;0;0;1;0;2;0;37;3;1;3;2;0;2;1;0;0;0;0;0;0;0;0;1;0;1;0;1;0;0;0;0;2;49;9;43;4;33;14;2;8;0;0;0;0;0;0;0;0;0;0;0;0;2;0;0;0;1;4;8;4;4;2;1;0;0;0;1;1;0;0;0;1;0;0;0;0;0;0;0;0;0;0;0;0;126;48;3;1;5;5;1;0;2;15;0;0;2;2;0;0;0;0;0;0;1;1;0;0;1;0;0;0;0;0;0;0;0;0;0;0;0;0;0;0;0;0;0;0;0;0;0;0;0;0;0;0
98;"Ośrodek Rehabilitacji Dziennej, ul. Ignacego Łyskowskiego 15, 87-100 Toruń";46301;"m. Toruń";"Toruń";"kujawsko-pomorskie";1;1;2;3;1;0;1;0;1;2;0;0;0;0;0;0;1;0;0;0;0;1;0;0;0;0;1;27;17;13;24;2;4;5;1;0;1;0;6;1;2;6;1;1;0;0;0;1;2;1;5;0;1;103;6;0;5;5;0;0;0;0;2;1;2;0;3;0;0;2;1;0;0;1;1;0;0;0;3;93;34;65;11;39;36;5;40;1;0;0;0;4;0;1;0;0;2;3;1;1;0;0;0;0;10;38;4;4;6;4;2;2;1;0;0;0;4;3;2;0;0;0;0;0;1;0;0;0;0;0;4;208;78;3;5;6;2;7;1;1;22;1;1;1;2;3;2;1;0;0;0;0;3;0;0;3;0;5;1;0;0;0;0;0;0;1;0;0;0;0;0;0;0;0;0;0;0;2;0;0;0;0;0
99;"IX Liceum Ogólnokształcące, ul. Ludwika Rydygiera 12a, 87-100 Toruń";46301;"m. Toruń";"Toruń";"kujawsko-pomorskie";1;1;1;1;0;0;0;0;0;0;0;0;0;0;0;1;0;0;0;0;0;0;1;0;1;0;2;23;12;7;20;3;3;4;0;0;0;0;2;0;1;2;0;1;0;0;1;0;2;2;1;0;2;70;6;0;5;1;1;0;0;0;2;0;1;0;0;0;2;1;0;0;0;0;0;0;1;1;1;57;12;55;6;35;18;1;20;0;2;0;2;1;0;0;0;0;0;3;0;1;0;0;1;0;2;28;0;0;2;5;2;1;3;0;0;0;0;0;0;0;0;0;0;0;0;0;0;0;0;0;1;178;66;5;2;9;6;4;1;1;15;1;3;0;0;0;2;1;1;1;0;2;2;0;0;0;1;3;0;0;0;0;0;1;2;1;0;0;0;0;1;1;0;0;0;0;0;2;0;0;0;0;0
100;"IX Liceum Ogólnokształcące, ul. Ludwika Rydygiera 12a, 87-100 Toruń";46301;"m. Toruń";"Toruń";"kujawsko-pomorskie";1;1;4;0;1;2;2;0;1;1;0;0;0;0;0;1;0;0;0;0;1;0;0;0;0;0;1;22;12;10;23;3;4;8;2;1;0;0;3;1;0;6;3;5;1;0;0;1;0;2;0;0;4;85;7;2;2;2;2;1;0;2;0;0;1;1;2;0;0;0;0;0;0;0;0;1;0;0;1;72;16;48;6;23;22;2;14;4;5;1;0;0;0;1;0;0;3;3;0;1;0;0;0;0;6;17;2;6;2;1;2;0;0;1;1;1;0;0;1;0;0;0;0;0;0;0;0;0;0;0;3;215;88;3;7;0;6;8;2;0;22;0;1;0;0;1;3;1;1;0;0;0;6;1;0;1;1;7;1;1;1;2;0;0;1;1;0;0;1;2;0;0;0;0;0;0;0;0;0;0;0;0;1
101;"Szkoła Podstawowa Nr 8, ul. Ignacego Łyskowskiego 28, 87-100 Toruń";46301;"m. Toruń";"Toruń";"kujawsko-pomorskie";1;1;3;1;0;0;1;0;0;0;0;0;0;0;0;0;0;0;0;0;1;0;0;0;0;0;0;23;12;4;17;0;1;1;0;1;0;2;0;1;0;1;1;0;1;0;0;1;0;1;2;0;0;57;4;0;2;2;0;1;0;0;2;1;0;0;1;0;0;0;0;0;0;0;0;0;2;0;3;29;5;27;2;18;16;0;13;1;2;4;0;0;0;0;0;1;0;0;0;0;0;0;0;0;8;6;0;1;0;0;0;0;0;1;0;1;0;0;0;0;0;0;0;0;1;0;0;0;0;0;1;150;44;3;2;4;1;3;0;0;9;3;2;0;1;1;0;0;0;1;0;2;4;0;0;0;1;2;1;1;0;0;0;0;0;0;0;0;0;0;0;0;0;0;0;0;0;0;0;0;0;0;0
102;"Szkoła Podstawowa Nr 8, ul. Ignacego Łyskowskiego 28, 87-100 Toruń";46301;"m. Toruń";"Toruń";"kujawsko-pomorskie";1;1;6;0;0;1;0;0;2;0;0;0;1;0;1;1;0;0;0;0;0;0;0;0;0;0;0;29;15;5;22;2;4;9;2;0;0;2;1;0;0;2;0;1;0;0;0;1;0;1;0;2;2;100;4;0;1;0;1;0;2;0;1;2;2;1;0;4;1;0;0;0;0;2;0;0;1;0;1;73;16;58;3;39;24;1;34;2;1;4;2;0;2;1;0;0;3;1;0;0;0;0;0;2;6;20;5;2;8;2;0;0;0;0;0;0;0;3;0;0;2;0;0;0;1;0;0;1;0;0;0;204;91;2;9;3;8;9;0;0;27;5;2;1;1;0;1;0;0;1;1;1;2;0;1;2;1;6;3;0;0;0;0;0;0;0;0;1;0;0;0;0;0;0;0;0;3;0;0;0;0;0;0
103;"Szkoła Podstawowa Nr 16, ul. Władysława Dziewulskiego 2, 87-100 Toruń";46301;"m. Toruń";"Toruń";"kujawsko-pomorskie";1;1;4;1;1;0;1;1;0;0;0;1;0;0;0;0;0;0;0;0;0;0;0;0;0;0;0;14;13;6;29;0;1;1;4;2;1;1;2;4;0;1;1;1;0;1;0;0;0;3;0;0;1;66;6;2;2;3;1;4;1;1;0;0;0;1;3;0;0;0;1;0;0;1;0;0;0;0;1;98;12;52;2;39;25;8;30;1;2;1;1;0;1;0;1;3;4;6;0;0;0;0;1;1;4;17;7;2;2;0;1;1;0;0;0;1;0;0;1;1;1;0;0;0;0;3;0;0;0;0;0;171;61;2;6;3;8;2;0;0;14;1;5;1;5;0;2;0;0;0;0;0;4;0;0;0;1;4;2;2;0;2;0;0;0;0;0;0;0;0;0;0;0;0;1;0;0;0;0;0;0;0;1
104;"Szkoła Podstawowa nr 16, ul. Władysława Dziewulskiego 2, 87-100 Toruń";46301;"m. Toruń";"Toruń";"kujawsko-pomorskie";1;1;6;2;1;1;0;0;0;2;0;0;0;0;1;0;0;0;0;0;0;0;0;0;0;0;0;25;14;8;21;0;2;2;1;0;2;2;3;0;0;2;2;0;0;0;0;0;1;0;1;3;1;100;5;0;2;1;1;3;0;1;3;1;1;1;0;0;0;0;1;0;0;0;1;0;1;0;2;62;14;49;7;18;21;2;37;2;2;1;1;1;0;0;0;1;1;0;1;0;0;1;0;1;0;24;5;4;5;1;2;0;1;0;0;0;0;1;3;0;1;0;0;0;0;0;0;0;0;0;1;199;52;6;1;11;10;5;0;4;32;1;0;1;3;2;3;1;1;0;0;1;6;1;0;3;0;1;0;0;1;0;0;2;0;0;0;0;1;1;0;1;0;0;0;0;0;2;0;0;2;0;0
105;"Szkoła Podstawowa Nr 16, ul. Władysława Dziewulskiego 2, 87-100 Toruń";46301;"m. Toruń";"Toruń";"kujawsko-pomorskie";1;1;3;0;2;2;0;0;0;1;1;0;0;0;0;0;0;0;2;0;1;0;0;0;0;1;0;43;32;12;37;0;1;12;1;0;1;0;4;0;0;3;1;1;1;2;0;2;0;0;0;1;3;144;7;0;5;3;1;1;0;3;4;0;0;1;5;1;0;0;0;0;0;1;0;0;0;0;0;98;9;92;16;67;29;8;42;2;7;2;0;1;0;0;3;3;1;2;3;1;0;1;1;0;8;29;6;1;13;3;3;1;3;0;1;0;0;1;0;2;1;0;1;0;0;0;0;1;0;1;0;301;112;2;7;11;10;5;1;1;39;1;1;1;6;2;5;3;0;2;0;2;18;2;0;7;0;9;0;0;1;2;0;0;0;0;0;0;0;4;1;0;0;0;0;0;0;1;0;0;0;0;0
106;"Klub ""Jantar"", ul. Władysława Dziewulskiego 12, 87-100 Toruń";46301;"m. Toruń";"Toruń";"kujawsko-pomorskie";1;1;2;1;0;0;0;0;1;0;0;0;0;0;0;0;0;0;0;0;0;0;0;0;0;0;0;22;19;10;16;1;3;9;2;1;0;0;6;1;0;2;1;1;2;0;0;0;0;4;1;0;1;60;4;1;0;1;0;2;0;1;2;1;0;0;4;0;1;0;3;0;1;0;0;2;0;0;7;88;17;58;5;27;32;3;34;3;2;3;0;2;2;0;0;1;4;1;1;1;0;1;0;0;12;25;4;4;3;1;1;1;0;0;0;0;2;2;0;1;0;0;0;0;0;0;1;0;0;0;0;133;40;5;0;3;4;5;4;2;27;1;1;0;3;0;1;1;0;1;0;0;3;2;1;0;1;1;0;2;0;0;0;0;1;2;0;0;0;0;1;0;0;0;0;0;0;8;0;0;0;0;0
107;"Przedszkole Miejskie Nr 11, ul. Tymona Niesiołowskiego 4, 87-100 Toruń";46301;"m. Toruń";"Toruń";"kujawsko-pomorskie";1;1;2;3;1;0;0;0;3;0;1;0;1;0;0;1;0;0;1;0;0;0;0;1;0;1;0;18;22;7;26;5;1;3;3;0;1;0;1;0;0;2;0;1;1;0;0;1;0;0;2;0;0;65;4;0;0;5;0;0;0;3;0;3;2;1;0;1;1;0;0;0;0;0;0;0;0;0;6;71;19;61;5;43;38;0;31;0;3;2;0;1;0;0;0;1;1;0;0;0;0;1;0;1;1;19;2;4;5;1;2;3;0;0;1;0;1;2;0;1;0;0;0;0;0;0;0;0;0;2;0;195;79;4;1;9;2;6;0;1;25;3;1;3;1;1;0;0;0;2;0;0;1;0;0;0;1;7;0;1;0;0;0;0;0;1;0;0;0;0;0;0;0;0;0;0;0;1;0;0;0;0;1
108;"Społeczna Szkoła Podstawowa im. J. Słowackiego, ul. Władysława Dziewulskiego 24a, 87-100 Toruń";46301;"m. Toruń";"Toruń";"kujawsko-pomorskie";1;1;2;1;2;1;1;1;0;1;2;0;1;1;0;0;1;0;0;0;1;0;0;0;0;0;0;25;31;5;21;1;6;1;2;0;0;0;4;1;1;4;3;0;2;1;1;1;1;1;1;1;1;74;6;0;1;2;1;1;0;2;1;0;1;1;2;1;0;0;0;0;0;0;0;0;0;0;0;63;13;58;7;28;27;0;15;0;1;2;1;0;0;1;0;0;3;0;0;2;0;1;0;0;5;20;4;1;3;1;1;0;1;1;0;0;0;1;0;1;0;1;0;0;0;0;0;0;0;0;0;172;48;1;0;6;3;4;3;0;18;0;0;1;2;1;1;1;0;0;0;0;3;0;0;0;0;3;1;0;0;0;0;0;1;0;0;0;0;0;0;0;0;0;0;0;0;1;0;0;0;0;0
109;"PGE S. A., ul. Ceramiczna 6, 87-100 Toruń";46301;"m. Toruń";"Toruń";"kujawsko-pomorskie";1;1;3;0;1;0;0;0;0;1;1;0;0;1;0;0;1;0;0;0;0;0;0;0;0;0;1;25;36;7;26;0;2;9;4;1;1;0;0;0;0;0;0;0;0;0;0;0;0;0;1;2;1;63;4;0;0;3;1;0;0;1;1;1;3;1;4;0;2;0;1;0;1;1;0;0;0;0;2;61;20;75;11;40;18;3;29;0;3;7;0;2;0;0;0;1;4;0;0;1;0;0;0;0;5;29;10;6;12;2;0;1;0;3;0;0;0;0;1;0;1;1;1;0;0;0;0;0;0;0;0;133;59;5;0;8;8;2;0;3;21;2;5;1;3;0;1;4;0;3;0;0;1;2;0;0;1;10;1;4;0;0;0;0;1;0;0;0;0;2;0;0;2;0;0;0;0;1;0;0;0;0;0
110;"Świetlica Środowiskowa, ul. Olsztyńska 114a, 87-100 Toruń";46301;"m. Toruń";"Toruń";"kujawsko-pomorskie";1;1;2;1;0;1;1;0;0;0;0;0;0;0;0;1;1;0;0;0;0;0;0;0;0;0;0;36;62;21;37;4;8;12;0;2;0;2;3;0;1;3;1;1;0;2;0;4;1;2;2;4;1;138;8;1;5;4;0;0;1;0;2;1;0;1;3;0;1;1;0;0;0;0;0;0;0;0;2;83;24;67;8;52;52;4;50;0;2;0;1;1;2;1;0;0;1;4;0;0;0;2;2;4;16;36;4;3;19;2;3;4;1;0;0;0;0;1;1;2;0;0;1;0;1;0;0;0;0;0;2;262;95;10;2;12;9;7;4;2;33;2;0;2;4;2;2;2;1;1;0;1;4;1;2;1;0;3;2;3;0;0;2;2;1;0;0;0;0;0;1;0;2;0;0;0;0;5;0;0;0;2;3
111;"Szkoła Podstawowa nr 35, ul. Krynicka 8, 87-100 Toruń";46301;"m. Toruń";"Toruń";"kujawsko-pomorskie";1;1;7;2;1;0;1;1;0;0;0;1;0;0;0;1;0;0;0;0;1;0;0;0;0;0;0;32;28;12;24;4;8;7;1;0;1;1;4;2;1;2;5;0;1;1;0;1;1;0;0;0;1;83;6;1;1;3;0;0;2;0;0;1;0;0;3;0;2;0;1;0;0;0;0;0;0;0;2;53;10;66;1;27;18;3;31;2;1;1;0;2;0;1;0;1;0;2;0;0;0;0;0;0;9;19;7;2;3;6;1;1;0;1;0;3;0;0;3;0;0;1;0;0;2;0;0;1;0;1;1;178;55;2;1;5;5;10;0;2;23;0;2;0;2;0;1;0;1;1;0;0;1;1;0;0;1;4;2;0;2;3;0;0;0;1;0;0;0;2;1;0;0;0;0;0;0;1;0;0;0;0;0
112;"Szkoła Podstawowa nr 35, ul. Krynicka 8, 87-100 Toruń";46301;"m. Toruń";"Toruń";"kujawsko-pomorskie";1;1;6;2;3;3;2;1;0;0;0;1;0;0;0;0;0;0;0;0;0;0;0;0;1;0;1;46;39;11;36;2;2;13;2;2;0;1;3;0;1;5;0;0;1;0;0;0;0;0;5;2;6;77;3;2;3;6;2;0;0;1;3;3;2;1;2;0;2;4;1;0;0;1;0;0;0;0;3;59;15;63;8;40;44;5;40;1;1;6;0;2;1;0;2;1;3;5;0;0;0;0;0;0;11;33;9;7;14;6;4;0;4;1;0;1;1;1;1;1;1;1;0;0;0;0;0;0;0;2;3;247;81;3;3;13;7;6;3;0;34;1;2;1;1;1;3;0;0;3;0;1;4;1;0;6;2;7;1;3;0;2;0;0;2;0;0;1;1;1;0;0;0;0;0;0;0;2;0;0;0;0;0
113;"Dom Muz-Filia Rudak, ul. Okólna 169, 87-100 Toruń";46301;"m. Toruń";"Toruń";"kujawsko-pomorskie";1;1;6;3;2;2;0;1;0;0;0;0;3;1;0;1;1;0;1;0;0;0;0;1;0;0;0;85;75;26;47;2;6;8;4;1;0;1;3;2;3;7;1;2;4;0;2;4;3;3;1;7;1;203;11;4;2;1;5;2;1;0;4;2;2;0;0;0;1;1;0;0;0;0;3;2;1;0;9;53;16;60;15;48;35;2;25;2;3;1;1;3;0;0;1;0;0;17;0;0;0;0;0;1;9;50;19;15;13;11;0;1;3;1;0;0;1;1;3;0;3;0;0;0;2;2;1;1;0;1;2;405;106;4;2;14;23;9;4;4;26;0;3;2;7;2;5;3;0;0;0;1;5;1;0;1;9;6;2;2;0;1;0;0;0;0;0;1;0;1;1;0;0;0;0;0;0;2;0;0;0;0;0
114;"Zakład Karny w Inowrocławiu – Oddział Zewnętrzny w Toruniu, ul. Piekary 53, 87-100 Toruń";46301;"m. Toruń";"Toruń";"kujawsko-pomorskie";1;1;0;0;0;0;0;0;0;0;1;0;1;0;0;0;0;0;1;0;2;0;0;0;0;0;0;10;2;0;3;0;0;0;0;0;0;0;0;0;0;0;0;0;1;0;2;0;0;0;0;0;0;6;0;0;0;0;0;0;0;0;0;0;0;0;0;0;0;0;0;0;1;0;0;0;0;0;1;1;0;1;0;0;0;1;3;0;0;2;0;0;0;0;0;0;1;0;0;1;0;0;0;0;1;2;1;0;0;0;1;0;0;2;0;0;0;0;0;0;0;0;0;0;0;0;0;0;0;0;0;20;5;2;5;2;5;4;0;1;0;2;0;0;1;1;1;3;2;1;0;0;0;0;0;0;2;0;0;0;0;1;0;0;0;0;0;0;0;0;0;0;0;0;0;0;0;0;0;0;0;0;0
115;"Specjalistyczny Szpital Miejski im. M. Kopernika, ul. Stefana Batorego 17/19, 87-100 Toruń";46301;"m. Toruń";"Toruń";"kujawsko-pomorskie";1;1;0;1;0;1;0;0;0;0;0;0;0;0;0;0;0;0;0;0;0;0;0;0;0;0;0;4;0;2;0;0;1;0;0;0;0;0;0;0;0;0;0;0;0;0;0;0;0;0;0;0;0;5;0;0;0;1;0;0;0;0;0;0;0;0;0;0;0;0;0;0;0;0;0;0;0;0;0;4;4;4;2;3;1;0;4;1;0;0;0;1;1;0;0;0;2;0;0;0;0;0;0;0;1;0;0;0;0;0;0;0;0;0;0;0;0;0;0;0;0;0;0;0;0;0;0;0;0;0;0;17;3;0;1;2;1;1;0;1;2;1;0;0;0;0;0;0;0;0;0;0;1;0;0;0;0;1;0;0;0;0;0;0;0;0;0;0;0;0;0;0;0;0;0;0;0;0;0;0;0;0;0
116;"Wojewódzki Szpital Zespolony-Szpital Wielospecjalistyczny, ul. św. Józefa 53 - 59, 87-100 Toruń";46301;"m. Toruń";"Toruń";"kujawsko-pomorskie";1;1;3;0;0;0;0;1;0;0;1;0;0;0;0;0;0;0;0;0;0;0;0;0;0;0;1;7;3;1;1;1;0;1;2;0;0;0;1;1;0;0;0;0;0;0;1;0;1;0;0;0;1;12;0;0;0;0;1;1;0;0;0;0;1;0;1;0;0;0;0;0;0;0;0;0;0;0;0;18;5;10;3;20;1;1;9;0;0;1;2;2;0;1;0;0;0;0;0;0;1;0;0;1;0;2;1;0;1;0;0;1;0;0;1;1;0;0;0;0;0;0;1;0;0;0;0;0;0;0;1;34;12;2;4;4;3;2;0;1;3;0;0;0;1;0;0;0;0;1;0;0;0;0;0;0;0;1;0;1;0;0;0;0;0;0;0;0;0;0;0;0;0;1;0;0;0;0;0;1;0;0;0
117;"Wojewódzki Szpital Zespolony-Szpital Specjalistyczny dla Dzieci i Dorosłych, ul. Konstytucji 3 Maja 42, 87-100 Toruń";46301;"m. Toruń";"Toruń";"kujawsko-pomorskie";1;1;0;0;1;0;0;0;0;0;0;0;0;0;0;0;0;0;0;0;0;0;0;0;0;0;0;0;0;0;0;0;0;0;0;0;0;0;0;0;0;0;0;0;0;0;0;0;0;0;0;0;0;0;0;0;0;0;0;0;0;0;0;0;0;0;0;0;0;0;0;0;0;0;0;0;0;0;0;2;0;1;0;2;1;0;0;0;0;0;0;0;0;0;0;0;0;0;0;0;0;0;0;0;0;0;0;0;0;0;1;0;0;0;0;0;0;0;0;0;0;0;0;0;0;0;0;0;0;0;0;5;0;0;0;0;0;0;0;0;0;0;0;0;0;1;0;0;0;0;0;0;0;0;0;0;0;0;0;0;0;0;0;0;0;0;0;0;0;0;0;0;0;0;0;0;0;1;0;0;0;0;0
118;"Dom Pomocy Społecznej, ul. Szosa Chełmińska 220, 87-100 Toruń";46301;"m. Toruń";"Toruń";"kujawsko-pomorskie";1;1;2;0;0;1;0;0;0;0;1;0;0;0;0;1;0;0;0;0;0;0;0;0;0;0;0;2;1;0;1;0;0;0;0;0;0;0;2;0;1;0;0;0;0;0;0;0;0;0;0;0;0;2;1;0;0;1;0;0;0;0;0;0;0;0;0;0;0;0;0;0;0;0;0;0;0;0;0;16;1;12;3;5;5;0;2;2;0;0;1;1;0;0;0;0;1;0;0;0;0;0;0;0;1;2;0;0;0;0;1;0;0;0;0;0;0;0;0;0;0;0;0;0;0;0;0;0;0;0;1;13;3;1;0;0;0;0;0;0;0;0;0;0;1;0;0;0;0;0;0;0;0;0;0;0;0;2;0;0;0;0;0;0;0;0;0;0;0;0;0;0;0;0;0;0;0;0;0;0;0;0;0
119;"Zakład Pielęgnacyjno-Opiekuńczy, ul. Ligi Polskiej 8, 87-100 Toruń";46301;"m. Toruń";"Toruń";"kujawsko-pomorskie";1;1;0;0;0;0;0;0;0;0;0;0;0;0;0;0;0;0;0;0;0;0;0;0;0;0;0;1;0;0;0;0;0;0;0;0;0;0;0;0;0;0;0;0;0;0;0;0;0;0;0;0;0;0;0;0;0;0;0;0;0;0;0;0;0;0;0;0;0;0;0;0;0;0;0;0;0;0;0;0;0;1;0;1;1;0;0;0;0;0;0;0;0;0;0;0;0;0;0;0;0;1;0;0;0;0;0;0;0;0;0;0;0;0;0;0;0;0;0;0;0;0;0;0;0;0;0;0;0;0;0;2;0;0;0;0;0;0;0;0;0;0;0;0;0;0;0;0;0;0;0;0;0;0;0;0;0;0;0;0;0;0;0;0;0;0;0;0;0;0;0;0;0;0;0;0;0;0;0;0;0;0;0
120;"Wojewódzki Ośrodek Terapii Uzależnień i Współuzależnienia – Oddział Odwykowy Całodobowy, ul. Włocławska 233, 87-100 Toruń";46301;"m. Toruń";"Toruń";"kujawsko-pomorskie";1;1;0;0;0;0;0;0;0;0;0;0;0;0;0;0;0;0;0;0;0;0;0;0;0;0;0;1;0;1;0;0;0;0;0;0;0;2;0;0;0;0;0;0;0;0;0;0;0;0;0;0;1;2;1;0;0;0;0;0;0;0;0;1;0;0;0;0;0;0;0;0;0;0;0;0;0;0;0;1;1;2;1;0;0;0;1;0;3;1;0;0;1;0;0;0;0;1;0;0;1;0;0;0;0;1;1;0;0;0;0;0;0;0;0;0;0;0;0;0;0;0;0;0;0;0;0;0;0;0;0;5;0;0;0;0;0;0;0;2;0;0;0;0;0;0;0;0;0;0;0;0;0;0;0;0;1;0;0;0;0;0;0;0;0;0;0;0;0;0;0;0;0;0;0;0;0;0;0;0;0;0;0
121;"Wojewódzki Ośrodek Terapii Uzależnień i Współuzależnienia-Ośrodek Terapii Odwykowej Uzależnień, ul. Tramwajowa 2/4, 87-100 Toruń";46301;"m. Toruń";"Toruń";"kujawsko-pomorskie";1;1;1;0;0;0;1;0;0;0;0;0;0;0;0;0;0;0;0;0;0;0;0;0;0;0;0;3;0;0;0;0;0;0;0;0;0;0;0;0;0;0;0;0;0;0;0;0;0;0;0;1;0;8;0;0;0;4;0;0;0;0;0;0;0;0;0;0;0;0;0;0;0;0;0;0;0;0;0;1;0;0;1;0;1;0;0;0;0;0;0;0;0;0;0;0;0;0;0;0;0;0;0;0;0;2;0;1;2;1;0;0;0;0;1;0;0;1;0;0;0;0;1;0;0;0;0;0;0;0;0;3;1;0;0;0;0;0;0;0;0;0;0;0;0;0;0;0;0;0;0;0;0;0;0;0;0;0;0;0;0;0;0;0;0;0;0;0;0;0;0;0;0;0;0;0;0;0;0;0;0;0;0
122;"Dom Studencki nr 2 UMK, ul. Adama Mickiewicza 6/8, 87-100 Toruń";46301;"m. Toruń";"Toruń";"kujawsko-pomorskie";1;1;1;0;0;0;1;0;0;0;0;0;0;0;0;0;0;1;0;1;0;0;0;0;0;0;0;7;2;3;1;1;0;3;1;0;1;0;0;1;0;0;0;0;0;0;1;0;0;1;0;0;0;7;1;0;1;3;0;2;0;0;1;0;1;0;0;0;0;0;0;0;1;0;1;0;0;0;1;1;0;0;0;1;0;0;0;0;0;0;0;0;0;0;0;1;0;0;0;0;0;0;0;0;0;2;0;1;3;0;0;0;0;0;0;0;0;0;0;0;0;0;0;0;0;1;0;0;0;0;0;6;2;0;0;1;0;1;0;1;0;0;0;0;0;1;0;0;0;0;0;0;0;0;1;0;2;1;0;0;0;0;0;0;0;0;0;0;0;0;0;0;0;0;0;0;0;0;0;0;0;0;0
123;"Dom Studencki nr 9 UMK, ul. Jurija Gagarina 21, 87-100 Toruń";46301;"m. Toruń";"Toruń";"kujawsko-pomorskie";1;1;1;0;1;0;1;0;0;0;0;0;0;0;0;0;0;0;0;0;0;0;0;0;0;0;0;6;6;1;2;0;0;0;0;0;1;0;0;1;1;0;0;1;0;1;0;0;0;0;1;0;0;18;1;0;3;3;1;0;1;1;0;0;0;0;1;0;2;0;0;0;0;0;0;1;0;0;2;5;1;2;1;0;0;0;1;0;0;0;0;1;0;0;0;0;0;0;0;0;0;0;0;0;0;4;1;0;2;1;0;0;0;0;0;0;0;1;0;0;0;0;0;0;0;0;0;0;0;0;2;6;2;0;1;2;1;1;0;0;0;0;0;1;0;0;0;0;1;1;0;0;0;0;0;0;0;1;0;0;0;0;0;0;0;0;0;0;0;0;0;0;0;0;0;0;0;2;0;0;0;0;0
1;"I Liceum Ogólnokształcące, ul. Adama Mickiewicza 6, 87-800 Włocławek";46401;"m. Włocławek";"Włocławek";"kujawsko-pomorskie";1;1;2;0;7;0;0;1;2;0;0;0;0;0;1;0;0;0;0;0;0;0;0;0;1;0;2;18;3;2;6;15;1;3;2;0;1;0;1;1;0;1;0;0;0;0;0;0;0;0;0;0;2;49;36;2;4;13;1;1;0;0;0;1;1;2;1;0;0;1;0;0;0;0;0;1;0;0;0;35;114;2;61;7;0;1;7;0;2;6;1;1;1;0;1;0;0;0;0;0;0;2;0;0;0;15;11;3;1;1;0;1;2;0;0;0;0;0;0;0;1;2;3;0;0;0;0;1;1;0;1;64;17;2;124;2;8;4;13;2;1;0;0;0;0;0;0;2;1;4;1;1;0;0;0;0;1;10;1;1;0;0;1;1;0;0;0;0;0;2;0;0;0;0;0;0;0;8;0;0;0;0;0
2;"Szkoła Podstawowa Nr 3, ul. Cyganka 6/10, 87-800 Włocławek";46401;"m. Włocławek";"Włocławek";"kujawsko-pomorskie";1;1;0;0;1;0;0;1;0;1;0;0;0;0;0;0;0;0;0;0;0;0;1;0;0;0;0;9;1;1;2;13;0;0;1;0;1;1;1;0;0;1;0;0;2;0;0;0;0;0;0;0;2;14;15;0;1;7;1;0;0;0;0;0;1;0;0;0;0;1;1;1;0;0;0;1;1;0;1;22;74;4;57;10;0;2;2;2;0;5;0;0;1;1;0;0;0;0;0;0;0;1;0;0;3;2;5;5;0;2;1;1;1;0;0;0;0;1;1;0;0;0;0;0;1;0;0;0;0;1;1;16;7;1;61;0;0;3;8;0;1;1;0;2;1;0;0;0;0;0;3;0;0;0;1;0;0;5;0;0;0;0;0;0;0;0;0;0;0;0;0;0;0;0;0;0;0;5;0;0;0;0;0
3;"Szkoła Podstawowa Nr 3, ul. Cyganka 6/10, 87-800 Włocławek";46401;"m. Włocławek";"Włocławek";"kujawsko-pomorskie";1;1;7;0;6;1;0;0;0;0;0;1;0;0;1;0;1;0;0;0;0;1;0;0;0;0;0;19;3;2;8;11;1;1;3;1;2;0;1;1;0;1;0;0;0;0;0;0;0;0;0;0;2;21;36;0;2;3;2;0;0;0;0;0;1;1;0;0;0;2;0;0;0;0;0;0;2;1;0;21;83;11;50;0;1;6;7;3;1;5;1;2;1;3;1;1;3;0;0;3;0;0;0;0;0;12;9;3;0;1;1;1;1;0;0;0;0;0;0;1;1;1;0;0;1;0;0;0;0;0;1;38;17;2;107;1;1;1;9;1;0;2;0;0;0;1;0;0;0;1;0;0;0;0;0;0;1;1;0;0;0;0;1;0;0;0;0;0;0;1;0;0;0;0;0;0;0;1;0;1;0;0;0
4;"Włocławskie Centrum Organizacji Pozarządowych i Wolontariatu, ul. Żabia 12a, 87-800 Włocławek";46401;"m. Włocławek";"Włocławek";"kujawsko-pomorskie";1;1;1;0;4;1;1;1;1;1;0;0;2;0;1;0;0;0;0;0;0;0;2;0;0;0;2;11;4;1;2;10;4;1;1;0;0;1;1;2;0;0;0;0;1;0;0;0;0;0;1;1;4;23;24;0;2;10;1;0;1;1;1;1;3;0;2;0;1;1;0;0;0;0;0;0;0;1;2;26;81;3;43;1;1;2;5;1;0;4;1;3;0;0;2;0;6;0;0;0;0;1;0;0;0;15;6;8;2;3;0;0;0;0;0;0;2;1;0;0;1;0;0;1;0;0;0;0;0;2;0;31;8;1;83;1;0;2;9;2;3;0;0;0;0;0;0;2;0;0;0;0;0;0;0;0;1;0;0;0;0;1;1;2;0;0;0;0;0;1;0;0;0;0;0;0;0;0;0;0;0;1;0
5;"Galeria Sztuki Współczesnej, ul. Miedziana 2/4, 87-800 Włocławek";46401;"m. Włocławek";"Włocławek";"kujawsko-pomorskie";1;1;2;0;6;0;0;1;0;0;1;0;2;0;0;0;0;0;0;0;1;0;0;0;0;0;0;16;2;4;1;6;0;0;1;0;0;0;1;0;0;1;1;0;0;0;0;1;0;1;1;2;0;26;39;0;1;9;1;1;0;0;0;0;0;1;2;0;0;2;0;0;1;0;0;1;0;0;1;24;74;6;34;4;0;2;5;2;1;6;2;1;0;4;0;2;1;0;0;1;0;0;0;0;3;10;5;2;2;2;0;0;0;2;1;0;0;0;0;3;1;0;0;0;0;0;0;0;1;0;1;49;18;1;90;1;3;0;13;2;3;0;1;2;1;2;0;2;1;1;1;1;0;0;0;0;0;1;2;0;0;0;2;1;0;1;0;0;0;0;1;0;0;0;0;1;0;4;0;0;0;0;0
6;"Galeria Sztuki Współczesnej, ul. Miedziana 2/4, 87-800 Włocławek";46401;"m. Włocławek";"Włocławek";"kujawsko-pomorskie";1;1;2;0;4;0;0;0;0;0;0;0;0;0;0;0;0;0;0;0;0;0;0;0;0;0;1;12;1;2;8;15;3;1;0;0;4;1;1;0;0;0;0;0;3;0;1;0;0;0;0;1;0;37;29;0;0;6;1;0;2;0;0;0;3;0;0;1;0;0;0;1;0;0;0;2;0;1;2;23;61;4;41;1;0;0;5;1;0;5;0;0;0;1;0;0;0;0;0;0;0;0;0;1;0;13;6;6;2;1;2;0;0;2;1;1;0;1;0;1;0;0;0;0;0;0;0;0;0;0;1;43;14;1;72;2;2;1;13;1;2;1;2;1;0;1;0;0;0;0;0;0;0;0;0;0;1;1;0;0;0;1;1;0;1;0;0;0;0;0;1;0;0;0;0;0;0;1;0;0;0;0;0
7;"Miejska Biblioteka Publiczna, ul. Warszawska 11/13, 87-800 Włocławek";46401;"m. Włocławek";"Włocławek";"kujawsko-pomorskie";1;1;3;0;7;0;0;0;1;0;0;0;0;0;0;1;0;0;0;0;1;0;0;0;1;0;2;19;2;4;6;23;3;2;2;0;4;2;0;2;0;0;0;0;2;0;0;2;0;1;1;2;5;68;50;0;1;18;1;0;0;0;1;1;1;0;0;0;0;0;2;0;0;0;1;0;0;1;2;16;104;8;60;1;0;2;2;0;0;2;1;1;0;0;0;2;0;0;0;2;0;1;0;0;0;10;14;1;5;3;1;0;2;2;2;0;0;0;0;3;1;1;0;0;0;0;0;0;1;1;1;88;25;2;132;2;3;1;12;0;1;6;3;0;0;1;0;0;0;0;1;0;0;0;0;0;3;5;1;1;2;0;0;0;0;0;0;0;0;0;0;0;0;0;0;0;0;2;0;0;0;0;0
8;"Centrum Kultury „Browar B. "", ul. Łęgska 28, 87-800 Włocławek";46401;"m. Włocławek";"Włocławek";"kujawsko-pomorskie";1;1;2;0;10;0;1;1;0;1;0;0;0;0;0;0;0;0;0;0;1;0;0;0;0;0;0;22;4;3;11;20;4;1;3;0;2;0;4;1;0;1;0;0;3;0;0;0;1;2;2;4;6;62;49;0;0;15;0;0;2;0;3;0;2;0;0;0;2;1;1;1;0;0;2;0;1;0;0;15;123;8;67;9;0;5;8;0;1;7;0;0;2;0;1;0;3;0;1;0;0;2;0;0;0;16;11;2;2;5;2;5;1;0;0;0;0;1;0;1;0;1;0;0;0;0;0;1;0;0;3;56;20;5;144;6;4;1;25;2;1;2;0;0;0;1;1;4;2;0;1;1;0;1;0;0;2;1;0;0;0;1;0;1;0;0;0;0;0;0;1;0;0;0;0;0;0;6;1;0;0;0;0
9;"Zakład Aktywności Zawodowej, ul. Łęgska 20, 87-800 Włocławek";46401;"m. Włocławek";"Włocławek";"kujawsko-pomorskie";1;1;0;0;8;1;0;0;0;0;0;0;3;1;0;0;0;0;1;0;1;1;0;1;0;0;0;31;5;6;9;15;2;2;1;0;2;0;4;0;0;0;0;0;0;0;0;0;0;0;0;0;3;79;50;1;2;17;1;0;3;0;0;1;1;1;1;0;1;0;1;0;0;0;0;0;0;2;1;28;117;7;61;10;0;3;5;0;0;6;1;1;1;0;0;0;1;0;0;1;0;1;1;1;1;16;11;1;2;4;0;1;4;1;1;0;0;1;0;3;1;0;0;0;0;0;0;1;0;1;3;55;32;5;175;1;2;1;15;1;2;2;1;0;1;2;0;2;1;2;0;0;0;0;0;0;0;1;1;1;0;0;0;0;0;0;0;0;0;0;2;1;1;0;0;0;0;8;0;0;1;0;0
10;"Zespół Szkół Ekonomicznych, ul. Bukowa 38/40, 87-800 Włocławek";46401;"m. Włocławek";"Włocławek";"kujawsko-pomorskie";1;1;3;0;5;3;0;0;1;0;0;0;0;0;0;2;0;1;0;0;0;0;0;0;0;0;1;37;4;6;14;33;4;3;2;0;4;1;0;3;1;2;2;2;1;1;0;1;0;1;2;0;2;90;71;1;1;27;1;0;1;0;1;2;2;0;2;0;0;4;3;0;2;0;0;1;1;0;3;31;156;9;77;9;0;4;7;3;0;2;0;2;0;0;3;2;2;0;0;0;0;1;0;0;3;13;15;7;2;0;2;2;2;2;2;0;0;1;0;2;0;0;1;0;0;0;0;0;0;1;2;74;36;3;179;3;4;9;16;2;2;4;0;1;1;3;1;0;1;0;0;1;0;0;0;0;0;1;1;0;0;0;3;0;0;0;0;0;0;3;2;0;1;0;1;0;0;4;0;0;0;0;0
11;"Zespół Szkół Ekonomicznych, ul. Bukowa 38/40, 87-800 Włocławek";46401;"m. Włocławek";"Włocławek";"kujawsko-pomorskie";1;1;1;0;2;0;0;0;0;0;0;0;1;0;0;0;0;0;0;0;1;0;1;1;0;0;1;26;3;1;18;21;2;1;3;1;1;0;1;1;1;1;1;0;1;1;1;0;0;0;1;1;1;65;55;0;0;19;0;0;1;0;2;3;3;0;0;0;2;0;5;6;0;0;0;0;1;1;2;31;140;9;71;8;1;5;3;1;1;4;0;0;0;1;3;0;2;0;1;1;1;0;0;0;0;13;18;2;2;0;0;1;2;2;0;0;1;2;1;1;0;0;1;0;0;0;0;0;0;1;1;102;23;2;214;9;2;2;14;1;2;1;0;1;0;0;0;1;1;2;0;0;0;1;0;0;0;1;0;0;0;0;3;0;0;0;0;0;0;0;0;0;1;0;0;1;0;6;0;0;0;0;0
12;"Szkoła Podstawowa Nr 14, ul. Bukowa 9, 87-800 Włocławek";46401;"m. Włocławek";"Włocławek";"kujawsko-pomorskie";1;1;3;0;11;0;2;0;0;0;0;0;0;1;0;0;0;1;0;1;1;1;0;0;0;0;0;25;12;4;8;23;2;1;2;0;1;0;4;1;0;0;0;0;4;0;0;0;0;1;1;0;2;68;49;1;1;28;2;0;2;0;0;2;0;0;0;0;0;0;2;0;0;1;0;0;1;1;0;19;124;5;62;4;2;0;9;1;0;6;0;2;0;1;0;0;2;0;0;0;0;0;0;0;2;14;10;5;0;2;0;1;1;0;0;1;1;2;0;2;0;1;0;0;0;0;0;0;0;0;0;85;24;2;161;8;2;4;7;4;2;1;1;0;2;0;0;2;2;0;0;0;0;2;0;0;0;1;0;0;0;2;1;0;2;0;0;0;0;1;0;0;0;0;0;0;0;4;0;0;0;0;0
13;"Szkoła Podstawowa Nr 14, ul. Bukowa 9, 87-800 Włocławek";46401;"m. Włocławek";"Włocławek";"kujawsko-pomorskie";1;1;3;1;2;0;1;1;0;0;2;0;1;1;0;1;0;0;0;0;0;0;0;0;0;0;0;17;3;0;17;19;2;1;1;0;1;0;0;0;0;1;0;1;0;0;0;0;0;1;1;0;2;52;40;1;6;26;0;0;0;1;0;1;0;0;2;1;1;0;0;0;0;1;0;0;0;1;3;14;89;14;46;17;2;1;7;1;1;4;0;0;0;1;0;0;2;0;0;0;0;1;0;0;1;10;7;1;2;0;0;0;0;0;0;1;0;0;0;3;0;0;0;0;0;0;0;0;0;0;0;57;20;1;144;1;0;2;8;2;0;0;0;1;0;1;0;1;1;0;1;0;0;1;1;0;2;1;0;0;0;0;2;1;0;0;1;0;0;0;0;0;0;0;0;0;0;1;0;1;0;0;0
14;"Zespół Szkół Nr 11, ul. Papieżka 89, 87-800 Włocławek";46401;"m. Włocławek";"Włocławek";"kujawsko-pomorskie";1;1;3;0;5;0;0;0;0;0;1;0;1;0;0;0;0;0;1;0;0;1;0;0;0;0;0;30;5;6;11;37;5;5;1;3;4;1;4;1;1;1;1;0;5;0;0;1;1;3;2;1;6;68;59;0;0;32;1;1;1;0;0;2;3;1;0;0;1;3;2;0;0;0;1;0;1;0;1;23;143;8;107;6;3;2;18;1;2;7;1;3;1;1;0;0;3;0;0;0;0;0;0;0;4;26;16;1;2;2;0;0;3;2;1;0;1;0;0;0;0;1;1;0;0;0;0;0;0;1;5;85;16;6;175;4;2;3;30;1;4;1;1;1;0;2;0;1;2;1;4;0;0;0;0;0;1;6;0;0;0;1;0;0;1;0;0;0;0;0;6;1;0;0;0;0;0;10;0;0;0;0;0
15;"Zespół Szkół Nr 11, ul. Papieżka 89, 87-800 Włocławek";46401;"m. Włocławek";"Włocławek";"kujawsko-pomorskie";1;1;3;1;11;0;1;1;0;0;0;0;0;1;1;0;0;0;0;0;1;0;0;0;2;0;2;16;10;1;14;19;2;5;0;0;8;1;0;0;0;1;0;0;3;0;0;0;0;0;1;0;4;46;52;0;0;21;1;0;1;0;0;1;3;0;0;0;0;0;1;0;0;0;2;1;3;0;0;15;115;6;83;4;1;2;12;0;1;9;0;0;0;0;0;0;3;0;0;0;0;0;0;0;0;14;9;4;3;5;0;0;0;0;2;0;0;0;0;2;0;0;1;0;0;0;0;1;0;1;2;62;15;2;166;1;5;4;21;4;1;2;1;0;0;0;0;1;1;0;0;0;0;1;0;0;1;1;0;0;0;0;1;0;0;1;0;0;0;0;0;0;0;0;0;0;0;7;0;0;0;0;1
16;"Stadion Miejski OSiR, ul. Leśna 53a, 87-800 Włocławek";46401;"m. Włocławek";"Włocławek";"kujawsko-pomorskie";1;1;2;0;5;0;0;3;0;0;0;1;0;0;1;1;0;0;0;1;0;0;0;0;0;0;3;35;5;4;5;17;7;1;2;0;4;0;0;0;0;1;2;0;0;2;0;0;1;2;0;2;5;55;37;1;2;50;1;0;2;0;1;3;1;1;0;0;0;0;1;1;0;1;3;0;3;1;0;15;119;6;77;5;0;5;7;3;1;5;0;1;0;0;0;0;2;0;0;0;0;0;0;2;1;18;8;1;1;6;3;0;1;0;0;0;0;0;0;1;2;1;1;0;0;0;0;0;1;3;2;70;12;7;165;6;9;2;12;2;2;2;3;0;0;1;1;2;3;0;2;0;0;1;0;0;5;4;0;0;0;1;0;0;0;1;0;0;0;2;2;0;0;0;0;0;0;5;1;0;1;0;0
17;"Szkoła Podstawowa Nr 2, ul. Żytnia 47, 87-800 Włocławek";46401;"m. Włocławek";"Włocławek";"kujawsko-pomorskie";1;1;4;7;14;0;1;1;1;1;2;0;2;1;1;0;0;0;1;0;0;1;2;0;0;0;2;54;9;6;21;36;8;3;1;1;2;0;4;4;0;0;3;1;1;2;0;2;0;2;0;1;5;141;133;0;0;48;2;0;2;0;1;0;0;0;0;0;1;1;0;4;0;1;0;0;3;2;1;26;216;11;123;10;2;3;13;1;0;8;1;2;1;2;1;0;6;0;0;1;0;0;0;0;3;38;29;8;2;3;0;2;4;1;0;1;0;0;0;1;0;2;0;0;0;0;0;0;0;3;3;117;28;6;348;3;6;4;37;1;0;3;0;2;0;2;0;1;0;0;4;0;3;0;3;0;1;2;0;0;1;0;1;0;0;1;0;0;0;1;6;0;0;0;0;0;0;6;0;0;0;0;1
18;"Szkoła Podstawowa Nr 2, ul. Żytnia 47, 87-800 Włocławek";46401;"m. Włocławek";"Włocławek";"kujawsko-pomorskie";1;1;6;0;4;0;1;1;0;0;0;1;0;0;1;1;0;0;0;1;0;0;0;0;0;0;0;27;3;7;15;24;4;1;1;0;3;0;3;3;3;2;1;0;0;0;0;0;0;0;1;1;4;91;54;1;0;41;3;0;1;0;1;1;2;1;1;1;2;0;1;0;0;0;2;0;0;1;2;14;153;5;89;13;0;1;5;1;0;3;1;0;0;0;0;1;3;0;1;0;0;0;0;0;1;14;14;4;0;4;3;0;3;1;0;0;1;0;2;0;0;0;0;1;0;1;0;1;0;0;0;99;21;6;197;5;5;3;12;1;1;1;4;0;0;3;0;2;1;0;1;1;0;0;0;0;1;3;3;0;0;0;2;0;0;0;0;0;0;1;0;0;0;0;0;0;0;4;0;0;0;0;0
19;"Szkoła Podstawowa Nr 2, ul. Żytnia 47, 87-800 Włocławek";46401;"m. Włocławek";"Włocławek";"kujawsko-pomorskie";1;1;1;0;10;0;1;0;1;0;0;0;0;0;0;0;0;1;0;0;1;1;0;0;0;0;0;15;5;3;5;17;6;2;2;1;4;0;3;0;1;3;1;0;2;0;0;0;0;0;0;0;10;68;56;2;1;37;0;2;1;0;1;0;2;0;0;0;4;0;2;1;0;0;1;0;3;3;1;19;110;5;56;3;1;0;4;1;0;5;0;0;0;0;1;0;3;0;0;1;0;0;0;1;0;24;12;3;2;3;0;3;1;1;0;0;0;0;2;4;0;0;0;0;0;0;0;0;0;1;0;60;29;1;161;6;4;1;20;0;4;2;1;0;1;1;0;1;1;0;0;0;0;0;0;0;2;1;0;0;1;0;2;1;0;0;0;0;0;0;2;1;0;0;1;0;0;1;0;0;0;0;1
20;"Przychodnia Nr 5 Miejskiego Zespołu Opieki Zdrowotnej, ul. Żytnia 55, 87-800 Włocławek";46401;"m. Włocławek";"Włocławek";"kujawsko-pomorskie";1;1;1;1;1;0;0;0;0;0;1;0;0;0;0;2;0;0;0;0;1;0;0;0;1;0;0;16;6;3;11;25;5;2;0;0;4;0;1;0;0;1;1;0;1;0;0;0;0;1;2;1;1;57;53;0;4;29;4;1;0;0;0;1;1;1;0;0;2;0;1;0;0;0;1;0;1;4;1;35;160;2;74;2;3;1;2;3;0;8;0;1;0;0;0;0;2;0;0;0;1;0;0;2;0;17;7;1;0;2;1;0;1;3;1;0;0;1;0;2;0;0;0;0;0;0;0;0;0;0;2;50;14;0;160;3;2;4;22;4;1;4;0;0;0;1;0;1;0;0;1;1;0;0;0;0;2;2;1;0;2;0;2;1;0;0;0;1;0;1;1;0;0;0;0;0;0;1;0;0;0;0;1
21;"Zespół Szkół Samochodowych, ul. Leśna 1A, 87-800 Włocławek";46401;"m. Włocławek";"Włocławek";"kujawsko-pomorskie";1;1;4;0;6;0;1;0;0;0;0;1;0;0;0;0;0;0;0;0;0;0;1;0;0;0;1;20;3;1;11;8;2;2;0;0;5;0;1;0;0;0;1;0;0;0;0;0;0;0;0;0;1;59;36;0;0;21;1;0;0;0;2;0;1;0;2;0;0;0;1;0;0;0;0;0;2;1;0;12;110;7;72;4;3;0;4;2;1;1;0;1;0;1;0;0;0;0;0;0;0;0;0;0;0;7;9;4;0;0;0;0;2;1;0;0;0;0;0;0;0;0;0;0;0;0;0;0;0;0;1;83;11;2;121;3;6;3;37;2;1;3;3;0;0;0;0;1;0;0;2;0;0;0;0;0;0;2;0;0;0;1;0;1;0;0;1;0;0;2;1;0;0;0;0;0;0;3;0;0;0;0;0
22;"Zespół Szkół Samochodowych, ul. Leśna 1A, 87-800 Włocławek";46401;"m. Włocławek";"Włocławek";"kujawsko-pomorskie";1;1;1;1;5;0;0;0;1;1;0;0;0;0;0;0;0;0;0;0;0;0;0;0;0;0;0;22;2;6;13;20;1;2;0;0;1;0;2;2;1;0;0;0;1;1;0;0;1;1;0;0;1;59;52;0;0;29;0;0;1;0;2;1;1;0;1;0;1;0;1;3;0;0;2;2;1;0;0;9;135;4;61;1;0;1;11;4;0;4;0;0;0;0;0;1;0;0;0;0;0;2;0;0;0;16;14;3;0;5;0;1;1;1;0;0;1;0;0;0;1;1;0;0;0;1;0;0;0;0;0;93;14;2;143;4;1;2;20;3;3;0;0;0;0;0;0;1;1;1;1;0;0;0;2;0;0;3;0;0;0;0;2;0;0;0;0;0;0;0;0;0;0;0;0;0;0;1;0;0;0;0;0
23;"Zespół Szkół Samochodowych, ul. Leśna 1A, 87-800 Włocławek";46401;"m. Włocławek";"Włocławek";"kujawsko-pomorskie";1;1;0;0;1;1;0;0;0;0;0;0;0;0;0;0;0;1;0;1;1;0;0;1;0;0;0;12;3;5;6;16;7;2;1;0;4;0;1;0;0;1;0;0;1;2;0;0;0;1;0;1;1;50;53;0;4;23;3;0;1;0;1;0;3;0;1;0;0;1;3;0;0;0;0;1;2;3;0;13;103;5;59;0;1;2;1;2;0;3;1;2;0;0;0;0;0;0;0;0;0;1;0;0;0;0;11;1;1;0;0;1;1;0;0;0;1;1;0;1;1;0;0;0;0;0;0;1;0;0;1;74;21;4;157;0;1;0;19;1;1;1;1;0;1;0;1;0;0;0;5;0;0;0;0;0;0;2;0;0;0;0;0;0;0;0;0;1;0;0;2;0;0;0;0;0;0;3;0;0;0;0;0
24;"Zespół Szkół Nr 8, ul. Willowa 8, 87-800 Włocławek";46401;"m. Włocławek";"Włocławek";"kujawsko-pomorskie";1;1;2;1;5;0;0;0;0;0;0;0;0;0;1;0;0;0;0;0;1;0;0;0;0;0;0;47;7;5;6;39;6;4;0;0;7;0;1;2;1;2;0;1;3;0;0;0;0;0;0;0;2;65;46;0;0;25;0;0;0;0;0;0;0;0;0;0;0;0;0;0;0;0;0;0;2;0;0;17;104;23;108;13;1;1;16;0;0;4;0;1;0;0;0;0;0;0;0;0;0;0;0;0;1;19;9;1;2;0;0;1;0;0;0;0;0;3;0;0;0;1;0;1;0;0;0;1;0;1;6;125;34;5;171;1;6;6;35;1;5;1;2;1;2;1;0;1;1;0;5;1;0;0;0;0;0;4;0;0;0;0;1;1;0;0;0;0;0;2;5;0;0;1;0;3;0;7;0;0;0;0;0
25;"Zespół Szkół Nr 8, ul. Willowa 8, 87-800 Włocławek";46401;"m. Włocławek";"Włocławek";"kujawsko-pomorskie";1;1;3;1;8;1;0;0;0;0;1;0;1;0;0;0;0;1;0;0;0;0;0;0;0;0;2;47;9;12;16;12;4;1;2;1;1;2;1;0;0;3;1;2;4;0;1;1;0;1;1;0;2;62;54;2;0;14;2;1;1;1;0;1;1;0;1;0;2;1;1;1;0;0;1;0;1;1;0;20;82;9;79;10;0;6;7;0;1;5;0;2;0;0;0;0;1;0;0;0;1;0;0;0;1;16;10;5;2;5;1;2;1;2;0;0;0;1;0;0;0;0;0;0;1;0;0;0;0;3;2;88;37;4;178;4;3;2;36;2;0;0;2;0;3;0;1;2;0;2;4;0;0;0;0;0;3;8;2;2;0;1;4;1;0;0;0;0;0;2;7;0;0;0;0;0;0;1;1;0;0;0;0
26;"Szkoła Podstawowa Nr 10, ul. Starodębska 21, 87-800 Włocławek";46401;"m. Włocławek";"Włocławek";"kujawsko-pomorskie";1;1;0;0;7;0;0;0;0;0;0;2;2;2;0;0;0;1;0;0;0;0;0;0;0;0;1;16;0;4;2;13;1;3;1;0;1;0;1;1;0;0;0;0;0;0;0;0;0;0;0;0;3;39;35;0;0;4;1;2;0;0;0;0;2;0;0;0;1;1;0;1;0;0;0;0;1;1;2;8;90;7;44;3;1;5;2;0;0;3;0;1;1;0;0;0;4;0;1;1;1;0;0;0;0;10;14;2;0;0;0;0;2;1;0;0;0;0;2;3;1;1;0;0;0;0;0;0;0;3;2;52;10;2;85;1;2;1;14;0;0;2;0;0;0;0;0;1;1;1;0;0;0;0;0;0;0;1;1;0;0;1;0;0;0;0;0;0;0;0;1;0;0;0;0;0;0;4;0;0;0;0;0
27;"Zespół Szkół Nr 3, ul. Nowomiejska 21, 87-800 Włocławek";46401;"m. Włocławek";"Włocławek";"kujawsko-pomorskie";1;1;0;0;2;0;0;0;0;0;1;0;0;0;0;0;0;0;0;0;0;0;1;0;1;0;0;10;1;1;1;7;1;1;1;0;0;0;4;0;0;0;0;2;1;0;0;0;0;0;0;0;1;20;22;0;0;10;1;0;0;0;0;0;0;0;0;0;0;0;0;0;1;0;0;0;1;0;1;6;39;3;20;3;1;2;1;0;0;0;0;0;0;0;0;0;1;0;0;0;0;0;0;0;0;4;4;0;1;0;1;1;1;0;0;0;0;0;0;2;0;0;2;0;0;0;0;0;0;0;1;35;8;1;64;1;0;1;7;0;2;1;1;1;0;0;0;0;0;0;1;1;0;0;0;0;0;1;0;0;0;0;0;0;0;0;0;0;0;0;0;0;0;0;0;0;0;3;0;0;0;0;0
28;"Zespół Szkół Muzycznych, ul. Wiejska 29, 87-800 Włocławek";46401;"m. Włocławek";"Włocławek";"kujawsko-pomorskie";1;1;2;0;5;0;0;0;0;0;1;0;1;1;0;0;0;0;0;0;0;0;1;0;0;0;0;17;10;1;8;15;2;1;2;1;6;1;0;0;1;2;1;0;0;0;1;0;0;0;1;0;10;80;96;0;0;31;1;0;2;2;5;2;4;0;2;0;0;0;1;1;0;0;0;0;1;0;1;13;162;3;60;7;0;4;2;2;0;3;0;0;0;0;1;0;2;1;0;1;0;1;0;0;3;23;8;3;3;2;0;0;2;2;0;1;0;1;0;3;1;1;2;0;0;0;0;0;0;0;5;90;23;1;205;3;3;3;34;2;2;1;0;1;0;1;0;2;0;2;1;0;0;0;0;1;1;1;0;0;0;0;3;0;0;0;0;0;0;0;1;0;0;0;0;0;0;6;0;0;0;0;0
29;"Zespół Szkół Muzycznych, ul. Wiejska 29, 87-800 Włocławek";46401;"m. Włocławek";"Włocławek";"kujawsko-pomorskie";1;1;5;1;3;1;0;0;1;0;2;0;1;1;3;1;0;0;0;0;1;0;0;0;0;0;3;22;5;1;10;26;2;1;1;1;6;0;1;2;0;2;1;0;2;0;0;0;1;2;1;3;1;57;77;1;2;24;0;0;0;0;1;1;0;0;2;1;3;0;0;1;0;0;0;0;3;0;0;28;174;9;70;9;0;1;9;0;0;3;1;0;0;1;0;1;1;0;0;0;0;0;0;0;1;20;8;3;2;1;1;0;2;0;0;0;0;0;0;1;0;0;0;0;1;0;0;0;0;0;1;67;21;1;201;3;2;5;28;4;1;4;0;0;0;1;0;2;0;0;2;1;0;0;0;0;1;4;0;0;0;0;2;1;0;0;0;0;0;1;2;0;0;0;0;0;0;3;0;0;0;0;0
30;"Szkoła Podstawowa Nr 7, ul. Włodzimierza Gniazdowskiego 7, 87-800 Włocławek";46401;"m. Włocławek";"Włocławek";"kujawsko-pomorskie";1;1;3;1;10;0;0;0;0;1;1;0;0;0;0;0;0;1;0;0;1;0;0;0;0;0;2;37;2;3;6;14;0;2;0;2;10;0;3;2;0;0;0;1;2;0;0;0;0;0;2;0;2;70;66;1;1;22;1;0;0;1;0;0;2;0;1;0;2;0;1;1;0;1;0;0;2;2;2;19;182;4;77;5;1;1;17;4;0;5;1;2;1;0;3;0;0;0;1;0;0;0;0;3;0;17;10;3;1;5;0;2;1;0;0;0;0;1;1;0;0;1;0;0;0;0;0;0;0;3;1;78;18;5;184;5;1;2;27;0;1;4;1;1;0;3;1;0;0;0;2;0;0;0;0;1;1;1;0;0;0;3;4;0;0;0;0;0;0;0;0;0;0;0;0;0;0;2;3;0;0;2;0
31;"Szkoła Podstawowa Nr 7, ul. Włodzimierza Gniazdowskiego 7, 87-800 Włocławek";46401;"m. Włocławek";"Włocławek";"kujawsko-pomorskie";1;1;4;2;11;1;1;0;0;1;1;1;0;0;0;1;0;0;0;1;0;0;0;0;0;0;0;38;5;10;17;49;5;2;2;2;2;1;1;0;1;1;1;0;0;4;1;0;0;2;0;1;4;75;93;1;0;27;3;0;0;1;1;2;1;5;0;0;0;1;1;0;0;2;0;0;1;3;2;28;185;8;69;5;1;2;6;3;0;7;1;2;0;1;1;0;1;0;0;0;0;2;0;1;0;19;19;5;4;1;0;0;4;3;1;0;0;2;0;1;1;0;0;2;0;0;0;0;0;1;2;85;25;0;244;3;6;3;45;1;1;3;1;1;1;0;0;1;1;0;2;0;1;0;0;0;1;4;0;2;0;1;0;0;0;0;0;0;0;0;2;0;0;0;0;0;0;8;1;0;0;0;0
32;"Zespół Szkół Muzycznych, ul. Wiejska 29, 87-800 Włocławek";46401;"m. Włocławek";"Włocławek";"kujawsko-pomorskie";1;1;3;0;2;0;2;0;0;2;0;0;1;0;0;0;0;0;0;0;1;0;0;0;0;1;1;17;1;9;5;17;3;1;2;0;1;0;1;2;0;0;0;0;1;0;0;0;0;1;0;2;0;53;58;1;2;26;0;0;0;0;0;0;1;0;2;0;0;0;2;1;0;0;1;1;1;0;0;11;133;4;43;8;2;2;4;2;0;6;0;3;1;0;0;0;0;0;0;0;0;2;0;1;1;12;7;1;0;2;3;0;2;1;0;0;0;0;0;2;1;0;1;0;2;0;0;0;0;0;2;59;19;5;143;3;1;5;14;1;3;4;0;0;0;0;0;0;0;0;2;0;0;2;0;1;0;1;1;1;0;0;2;0;0;0;0;0;0;0;0;0;0;0;0;0;0;4;0;0;1;0;0
33;"Szkoła Podstawowa Nr 12, ul. Wiejska 29, 87-800 Włocławek";46401;"m. Włocławek";"Włocławek";"kujawsko-pomorskie";1;1;1;4;0;0;1;1;0;0;1;0;0;0;0;0;0;1;0;0;0;0;0;0;0;0;0;20;5;6;7;19;3;0;2;0;3;1;4;2;0;1;0;0;2;0;0;1;0;1;2;1;3;64;70;1;1;20;2;0;1;0;0;2;1;2;0;0;0;0;1;4;1;1;0;0;8;0;3;23;130;11;48;2;2;4;2;0;1;4;0;1;0;0;0;1;2;0;0;0;0;1;0;2;0;21;4;0;0;3;0;3;0;3;2;0;1;2;0;3;0;0;1;0;0;0;0;0;0;0;5;61;22;3;150;4;3;3;12;2;3;2;1;0;0;1;0;1;1;1;2;0;2;2;3;0;2;2;1;0;0;1;3;0;1;0;0;0;0;0;1;0;0;0;0;0;0;2;0;0;0;0;0
34;"Szkoła Podstawowa Nr 12, ul. Wiejska 29, 87-800 Włocławek";46401;"m. Włocławek";"Włocławek";"kujawsko-pomorskie";1;1;2;0;8;0;2;1;0;0;0;0;0;0;1;1;2;0;0;0;0;0;2;0;2;1;0;19;5;0;7;16;2;2;2;0;5;1;2;0;0;0;0;0;2;0;0;0;0;0;3;0;0;52;41;1;2;17;1;0;0;0;0;1;0;1;1;0;1;1;0;3;0;0;1;0;1;1;1;15;124;8;36;0;0;1;6;0;1;4;0;0;0;0;1;0;2;0;0;0;0;0;0;0;2;7;11;3;2;2;2;0;1;1;0;0;1;0;1;1;1;0;0;0;0;0;1;0;0;3;9;64;14;0;140;7;9;1;12;1;0;2;2;0;0;1;1;1;0;0;0;0;0;0;0;0;0;3;0;0;0;0;0;1;0;0;1;0;0;0;1;0;0;0;0;0;0;0;1;0;0;0;0
35;"Miejska Biblioteka Publiczna Filia Nr 2, ul. Dziewińska 17, 87-800 Włocławek";46401;"m. Włocławek";"Włocławek";"kujawsko-pomorskie";1;1;4;0;5;0;1;0;0;0;0;0;0;0;0;0;1;1;0;0;1;0;0;0;0;1;1;18;4;9;11;16;9;6;5;2;7;0;1;2;2;4;1;0;0;0;1;0;2;2;0;1;2;76;63;1;1;15;0;0;1;3;1;0;3;0;2;0;5;0;0;0;0;0;0;1;2;0;1;23;191;6;66;6;1;4;12;0;1;8;1;0;1;2;0;0;0;0;1;1;0;1;0;0;0;18;15;5;1;2;0;0;0;2;2;0;2;1;1;2;1;1;3;0;0;0;0;0;0;0;1;67;12;5;169;9;5;5;24;2;6;3;0;1;0;0;0;3;0;0;2;0;0;1;3;0;2;1;1;2;2;1;0;0;2;0;0;0;0;1;0;0;0;0;0;0;0;7;1;0;0;0;0
36;"Przedszkole Publiczne Nr 30, ul. Kaliska 85, 87-800 Włocławek";46401;"m. Włocławek";"Włocławek";"kujawsko-pomorskie";1;1;0;3;9;1;0;0;0;0;1;0;0;0;0;0;0;0;0;0;0;1;0;0;0;0;1;14;5;5;7;15;5;1;1;0;2;0;2;0;0;2;0;0;4;0;0;0;0;1;1;1;3;67;47;1;1;16;0;0;1;0;0;0;1;0;0;1;1;2;2;0;0;0;2;1;0;0;1;15;144;10;44;8;0;4;4;0;0;4;1;0;0;1;1;0;0;0;0;0;0;0;0;0;0;11;7;1;3;0;0;0;2;1;1;0;0;0;1;2;0;1;0;0;0;0;0;0;0;0;0;59;14;1;149;4;0;1;18;2;0;2;0;0;0;0;0;0;0;0;1;0;0;0;0;1;2;5;0;0;1;0;3;1;0;0;0;0;0;1;0;0;1;0;0;0;0;2;0;0;0;0;0
37;"Przedszkole Publiczne Nr 32, ul. Kaliska 108, 87-800 Włocławek";46401;"m. Włocławek";"Włocławek";"kujawsko-pomorskie";1;1;4;1;8;1;1;0;0;0;2;0;0;0;0;0;0;0;0;0;0;0;0;0;0;0;0;7;4;4;7;26;1;0;4;0;2;0;0;0;0;0;0;0;0;0;0;0;0;0;0;0;1;59;39;1;0;11;0;1;1;0;0;0;1;1;0;3;2;0;0;0;0;0;0;0;1;0;1;15;114;3;47;3;1;0;3;0;1;6;0;2;1;0;0;0;2;0;0;0;0;0;0;0;0;9;6;4;0;2;0;1;1;1;0;0;1;0;0;0;0;0;0;0;0;0;0;0;0;1;2;45;12;1;124;3;1;1;16;0;0;0;0;0;0;1;0;0;0;1;1;0;1;0;2;0;2;1;0;0;0;0;0;1;0;0;0;0;0;1;0;0;0;0;0;0;0;1;0;0;0;0;0
38;"Zespół Szkolno-Przedszkolny Nr 1, ul. Konstantego Ildefonsa Gałczyńskiego 9, 87-800 Włocławek";46401;"m. Włocławek";"Włocławek";"kujawsko-pomorskie";1;1;3;2;2;1;1;1;1;1;0;0;0;0;0;0;0;0;0;0;0;0;0;0;0;0;0;18;5;5;6;23;3;0;2;2;4;0;0;1;0;0;1;0;2;0;1;1;2;0;1;1;3;73;52;0;2;22;2;0;0;1;1;2;1;1;0;0;1;2;1;0;0;0;0;0;4;1;0;10;115;10;59;3;2;4;10;1;0;3;0;0;0;1;0;0;1;0;0;1;0;0;1;2;0;19;11;3;0;2;0;1;2;1;0;1;1;0;0;1;0;0;2;0;0;0;0;0;0;0;5;63;21;4;183;1;3;6;16;2;2;3;1;1;0;0;1;0;0;0;0;0;1;0;0;0;0;2;0;0;0;2;1;0;0;0;0;0;0;1;2;0;0;0;0;0;0;3;0;0;0;0;0
39;"Zespół Szkolno-Przedszkolny Nr 1, ul. Konstantego Ildefonsa Gałczyńskiego 9, 87-800 Włocławek";46401;"m. Włocławek";"Włocławek";"kujawsko-pomorskie";1;1;1;1;1;1;0;0;0;1;0;0;1;1;1;1;0;1;0;0;0;0;0;1;0;0;0;29;5;6;10;33;0;1;4;0;6;0;1;0;0;1;1;1;5;0;0;0;0;0;2;0;2;89;66;2;4;27;0;1;1;0;1;0;1;1;0;0;0;1;0;0;0;0;1;2;0;3;0;22;186;5;66;11;2;2;4;2;1;1;0;0;0;0;0;0;1;0;1;1;1;2;0;1;0;17;4;1;1;1;0;1;0;0;0;0;0;0;0;3;1;0;1;0;0;0;0;0;0;1;4;69;23;1;248;4;3;3;14;3;0;1;0;1;0;1;1;0;0;0;0;0;0;4;0;0;1;4;1;0;0;0;4;0;0;0;0;0;0;0;1;1;0;0;1;0;0;3;0;0;0;0;0
40;"Zespół Szkolno-Przedszkolny Nr 1, ul. Konstantego Ildefonsa Gałczyńskiego 9, 87-800 Włocławek";46401;"m. Włocławek";"Włocławek";"kujawsko-pomorskie";1;1;3;0;5;0;0;0;0;0;0;1;0;1;0;0;0;0;0;0;0;0;0;1;1;0;0;22;3;4;9;17;1;1;1;0;4;0;7;1;0;0;1;0;2;1;0;2;0;0;0;1;6;72;78;0;0;18;1;0;0;3;0;2;3;1;1;3;1;0;1;0;0;0;1;1;1;3;0;17;170;6;59;6;1;4;6;1;0;4;0;0;0;1;0;0;2;0;1;0;0;0;0;1;1;10;10;3;0;0;0;2;2;0;0;0;0;0;0;3;0;0;0;0;1;0;0;0;0;2;2;70;37;5;253;5;6;3;13;0;2;2;0;2;0;4;0;0;0;1;0;0;0;0;0;0;0;2;0;0;0;0;2;0;0;1;0;0;0;0;0;0;0;0;1;0;0;1;0;0;0;0;0
41;"Szkoła Podstawowa Nr 23, ul. Stanisława Wyspiańskiego 3, 87-800 Włocławek";46401;"m. Włocławek";"Włocławek";"kujawsko-pomorskie";1;1;5;1;7;0;0;0;0;0;1;0;0;0;0;0;0;0;0;0;0;0;0;0;0;0;3;26;5;5;12;20;0;4;0;0;4;0;2;0;0;1;0;0;2;0;0;1;1;0;1;0;3;51;37;1;2;61;0;1;1;0;0;0;1;0;0;1;2;0;0;0;0;0;1;0;0;0;0;13;151;9;62;5;0;0;7;1;1;2;0;0;0;1;0;0;0;0;0;1;0;1;0;0;1;7;14;0;1;0;0;0;1;0;1;0;0;0;0;2;0;0;0;0;0;0;0;0;0;0;3;79;24;2;176;3;3;3;23;0;1;2;0;0;0;1;1;0;1;2;1;0;0;0;1;0;2;0;0;0;0;0;1;0;0;0;0;0;1;3;1;0;0;0;0;0;0;1;0;0;0;1;0
42;"Szkoła Podstawowa Nr 23, ul. Stanisława Wyspiańskiego 3, 87-800 Włocławek";46401;"m. Włocławek";"Włocławek";"kujawsko-pomorskie";1;1;3;0;3;0;2;1;0;1;0;0;1;2;1;1;0;0;1;0;1;0;0;0;0;0;0;31;10;7;14;24;3;5;2;0;2;0;1;1;1;2;0;1;0;1;0;0;0;0;1;0;4;62;70;1;1;44;0;0;0;0;0;0;2;1;2;0;3;0;0;0;0;0;1;0;1;0;2;13;136;11;53;5;1;1;8;3;0;0;2;0;0;1;1;0;0;0;1;0;0;0;0;0;0;20;3;1;1;4;1;0;1;0;2;0;0;1;0;1;0;0;0;0;0;0;0;0;0;1;2;78;15;1;225;1;2;2;19;0;1;1;2;1;0;1;0;2;0;0;4;1;0;0;1;0;0;7;0;0;0;1;0;0;0;0;0;0;0;2;1;0;2;0;0;0;0;3;0;0;0;0;0
43;"Przedszkole Publiczne Nr 36, ul. Stanisława Wyspiańskiego 3, 87-800 Włocławek";46401;"m. Włocławek";"Włocławek";"kujawsko-pomorskie";1;1;1;2;8;1;0;0;1;0;0;2;0;1;0;2;0;1;0;0;2;0;0;0;0;0;0;31;3;11;10;22;4;1;0;0;6;0;3;0;0;0;0;1;3;0;0;0;0;0;2;3;4;63;55;1;1;36;1;0;0;0;1;0;1;1;0;1;0;0;2;0;0;0;0;0;2;0;2;15;136;7;46;8;0;1;6;1;0;1;0;0;2;0;0;0;1;0;0;1;0;1;0;1;0;18;2;2;4;2;1;0;1;0;0;0;1;0;0;0;0;0;0;0;0;1;0;0;0;3;3;80;33;3;192;2;2;4;31;2;0;1;0;1;0;2;0;1;0;0;0;0;1;2;0;0;0;5;1;0;0;1;1;0;0;0;0;0;0;1;0;0;0;0;0;0;0;3;1;0;0;0;0
44;"Zespół Szkół Nr 4, ul. Kaliska 108, 87-800 Włocławek";46401;"m. Włocławek";"Włocławek";"kujawsko-pomorskie";1;1;3;0;1;0;0;0;0;0;0;0;1;0;0;0;0;0;0;0;0;0;1;0;0;0;0;14;3;2;5;12;1;3;2;0;4;1;5;1;0;0;1;0;6;1;1;1;0;0;1;2;4;48;34;1;0;8;1;0;0;1;0;2;1;2;2;0;1;0;0;1;1;0;0;0;0;0;1;12;136;7;42;8;1;2;1;0;0;3;0;1;0;1;0;1;0;0;0;1;0;0;0;0;1;15;11;5;2;0;1;0;0;0;0;1;2;0;0;1;0;0;0;0;0;1;0;0;0;2;2;41;15;2;171;4;0;1;4;0;0;0;1;0;0;1;0;0;0;0;3;0;0;0;0;0;0;3;0;0;1;0;5;0;0;0;0;0;0;0;6;0;0;0;0;0;0;3;0;0;0;0;0
45;"Zespół Szkół Nr 4, ul. Kaliska 108, 87-800 Włocławek";46401;"m. Włocławek";"Włocławek";"kujawsko-pomorskie";1;1;2;1;3;1;0;0;0;1;0;0;0;0;0;0;0;0;0;0;0;1;0;1;0;0;0;19;3;3;14;22;4;1;2;2;2;1;0;0;0;3;0;1;2;0;0;1;0;1;4;1;0;61;64;1;1;23;0;0;0;0;2;1;1;1;0;1;0;3;0;1;0;0;0;0;0;2;0;25;167;6;75;12;0;2;8;1;0;3;0;0;0;1;0;0;0;0;0;1;0;0;1;1;1;15;2;2;2;4;2;1;1;0;0;0;1;0;0;1;0;0;0;0;1;0;0;0;0;1;0;68;32;0;188;6;4;3;22;2;0;0;0;0;1;0;0;0;2;1;0;2;0;1;0;1;0;0;0;1;0;0;2;0;0;0;0;0;0;1;1;0;0;0;0;0;0;0;0;0;0;0;0
46;"Zespół Szkół Nr 4, ul. Kaliska 108, 87-800 Włocławek";46401;"m. Włocławek";"Włocławek";"kujawsko-pomorskie";1;1;1;1;6;0;0;0;0;0;0;0;0;0;1;0;0;0;0;0;0;0;0;0;0;0;2;23;4;3;3;15;6;2;1;1;3;1;1;0;0;1;0;0;3;1;0;0;0;2;0;0;4;63;54;1;1;10;0;0;1;0;0;2;0;2;0;1;0;0;1;0;0;0;0;0;0;2;2;16;128;9;58;6;0;0;10;2;0;3;0;1;1;1;0;0;0;0;0;0;0;0;0;0;1;17;1;4;2;2;2;0;4;0;0;0;1;0;0;1;0;1;0;0;1;0;0;0;0;1;0;70;22;1;199;3;3;2;20;0;0;3;0;0;0;0;0;1;0;1;0;0;0;0;0;0;0;0;0;0;0;1;3;0;0;0;0;0;0;0;1;0;0;0;0;0;0;2;0;0;0;0;0
47;"Zespół Szkolno-Przedszkolny Nr 2, ul. Szkolna 13, 87-800 Włocławek";46401;"m. Włocławek";"Włocławek";"kujawsko-pomorskie";1;1;1;0;8;0;0;0;0;1;0;0;1;0;1;0;0;0;0;0;0;1;0;0;1;1;2;30;9;6;8;37;2;4;3;1;9;0;4;2;1;2;0;0;3;1;0;1;0;0;1;3;5;60;80;2;1;23;0;0;0;0;0;0;1;1;1;0;1;3;0;0;0;0;1;0;2;1;1;17;166;6;62;6;0;6;12;2;0;2;0;0;1;0;0;1;0;0;0;0;0;0;0;0;2;25;14;5;1;6;1;1;1;0;1;0;0;0;2;0;1;1;0;0;0;0;0;0;0;0;3;80;26;3;239;1;10;2;14;3;4;4;0;1;0;1;1;1;0;1;1;0;0;0;0;1;0;2;1;0;1;0;2;0;0;1;1;0;1;0;1;0;0;0;0;0;0;5;0;0;0;0;0
48;"Zespół Szkolno-Przedszkolny Nr 2, ul. Szkolna 13, 87-800 Włocławek";46401;"m. Włocławek";"Włocławek";"kujawsko-pomorskie";1;1;6;0;7;0;0;1;0;0;1;0;0;0;0;0;0;0;0;0;0;0;0;0;0;0;3;33;9;10;20;36;9;4;3;1;4;0;1;0;0;2;1;0;3;0;0;0;0;4;1;3;13;94;68;2;3;28;1;1;0;2;1;1;2;0;0;2;1;0;0;2;0;0;0;0;3;2;0;26;166;13;57;9;0;3;10;0;0;4;0;0;0;0;0;0;1;0;1;0;0;0;0;1;0;37;24;2;1;2;1;0;0;1;0;0;0;4;0;4;0;1;0;0;1;0;0;0;0;0;1;99;33;3;314;2;5;4;17;1;1;3;2;0;0;1;0;1;0;1;3;1;1;0;0;1;1;4;0;0;0;0;0;0;0;0;0;0;0;1;0;0;0;0;0;0;0;6;0;0;0;0;0
49;"Zespół Szkolno-Przedszkolny Nr 2, ul. Szkolna 13, 87-800 Włocławek";46401;"m. Włocławek";"Włocławek";"kujawsko-pomorskie";1;1;1;2;6;0;2;3;0;0;1;0;0;0;1;0;0;2;0;0;1;0;0;0;0;0;0;29;9;6;14;41;4;1;1;2;7;2;4;0;0;3;0;0;2;0;0;2;0;1;0;1;5;69;61;0;4;23;0;0;1;0;0;0;1;1;0;1;0;1;1;1;0;0;0;0;1;5;2;36;136;11;62;12;1;3;9;1;0;4;0;0;1;2;0;0;1;0;0;0;0;1;0;1;1;20;8;5;4;1;0;1;2;0;0;1;0;0;0;0;0;0;0;0;0;0;0;0;0;0;0;124;26;8;279;9;5;2;40;2;1;1;0;1;2;1;2;0;0;2;1;1;1;1;1;0;1;3;1;2;1;0;0;0;0;0;0;1;0;1;1;0;0;0;0;0;0;0;0;0;0;0;0
50;"Zespół Szkolno-Przedszkolny Nr 2, ul. Szkolna 13, 87-800 Włocławek";46401;"m. Włocławek";"Włocławek";"kujawsko-pomorskie";1;1;5;0;5;1;0;2;0;0;0;1;0;0;0;2;0;1;0;1;0;0;0;0;0;0;7;42;6;9;8;45;5;0;0;1;9;1;1;0;0;1;0;1;0;0;0;0;1;1;0;0;6;89;51;1;1;28;2;0;1;0;0;1;2;0;2;0;1;0;1;0;0;0;0;0;1;6;0;16;144;10;48;13;4;2;13;3;0;4;0;0;0;0;0;0;2;0;1;0;0;0;0;0;1;9;10;8;3;3;1;1;1;0;0;0;0;1;1;1;0;0;0;0;0;1;0;0;0;0;4;109;28;8;252;4;4;1;20;5;0;1;1;1;2;0;0;0;0;0;3;1;0;0;1;0;0;4;0;0;0;2;2;0;0;0;0;0;1;3;3;0;0;0;0;0;0;0;0;0;1;0;1
51;"Collegium Maius Kujawskiej Szkoły Wyższej, ul. Stefana Okrzei 94, 87-800 Włocławek";46401;"m. Włocławek";"Włocławek";"kujawsko-pomorskie";1;1;0;0;2;0;0;0;1;0;0;1;0;1;0;0;0;0;0;0;0;0;0;0;0;1;0;15;2;1;8;12;2;2;1;0;1;1;1;1;0;0;0;0;0;0;0;0;0;1;0;0;2;64;38;0;1;7;0;0;0;0;0;0;0;1;0;0;0;1;0;0;0;0;2;0;0;2;1;18;79;2;41;1;0;1;6;0;0;4;0;0;0;0;1;0;1;0;0;0;0;0;0;0;2;23;9;3;0;2;0;2;1;2;0;0;0;0;0;0;0;0;0;0;0;0;0;0;0;0;0;57;6;1;105;2;3;2;12;0;3;0;2;0;0;1;0;0;1;1;1;0;0;2;0;0;1;3;1;0;1;0;0;0;1;0;0;0;0;0;0;0;0;0;0;0;0;1;0;0;0;0;1
52;"Szkoła Podstawowa Nr 5 z Oddziałami Integracyjnymi, ul. Wieniecka 46, 87-800 Włocławek";46401;"m. Włocławek";"Włocławek";"kujawsko-pomorskie";1;1;2;0;11;1;0;1;0;0;0;0;0;0;0;0;0;0;1;0;0;0;0;0;0;0;3;19;4;6;14;13;3;4;1;2;6;1;3;2;0;2;0;1;1;0;0;1;1;2;0;2;1;82;51;0;0;12;1;1;1;0;1;1;1;0;0;0;1;0;0;0;0;0;0;1;1;1;2;21;123;5;54;3;0;1;6;0;0;5;0;0;0;0;0;1;1;0;0;2;1;1;0;0;2;14;6;2;1;2;1;0;1;1;2;1;0;2;1;0;1;1;1;0;0;0;0;1;0;0;0;81;12;3;158;2;6;0;10;1;1;4;0;0;0;0;0;1;1;1;4;1;1;0;0;0;2;1;0;0;0;2;0;0;0;2;0;0;1;2;0;0;0;1;0;0;0;9;0;0;0;0;0
53;"Szkoła Podstawowa Nr 5 z Oddziałami Integracyjnymi, ul. Wieniecka 46, 87-800 Włocławek";46401;"m. Włocławek";"Włocławek";"kujawsko-pomorskie";1;1;2;1;8;0;1;3;0;0;1;1;1;0;0;0;0;0;0;0;0;0;0;0;0;0;1;20;9;4;6;21;1;1;1;1;5;0;2;2;0;3;1;1;2;0;1;0;2;1;0;0;2;79;54;4;3;13;1;0;1;0;0;1;1;3;0;0;1;2;3;1;1;0;0;0;1;1;1;15;160;8;58;9;1;1;9;1;0;3;0;0;0;2;0;3;1;0;1;0;0;0;0;0;2;16;12;3;0;7;2;0;0;0;1;0;0;1;1;1;1;0;0;0;0;0;0;0;0;0;1;83;31;4;179;2;4;2;13;2;0;3;0;1;3;1;1;0;2;3;1;0;0;0;0;0;0;1;0;0;1;0;0;0;0;0;0;0;0;0;0;0;0;0;0;0;0;4;0;0;0;0;0
54;"Szkoła Podstawowa Nr 5 z Oddziałami Integracyjnymi, ul. Wieniecka 46, 87-800 Włocławek";46401;"m. Włocławek";"Włocławek";"kujawsko-pomorskie";1;1;1;1;10;0;0;1;0;1;0;0;0;0;0;0;0;0;0;0;0;0;0;0;0;0;0;21;2;6;5;13;2;0;1;0;6;1;1;0;1;2;1;0;1;0;0;0;1;0;1;0;5;76;60;0;0;10;2;0;0;0;0;0;3;0;1;0;0;1;2;0;0;0;0;1;0;0;0;35;110;8;42;7;1;0;7;3;1;4;0;0;1;1;0;1;3;0;0;0;0;0;0;1;0;16;12;4;0;2;2;0;3;2;0;1;0;2;1;1;0;2;0;0;1;0;0;0;0;0;4;92;25;2;193;2;6;4;14;1;2;0;0;0;1;2;1;2;1;1;5;0;1;1;1;0;1;2;1;1;0;0;0;0;0;0;0;0;0;0;0;0;0;0;0;0;1;7;0;0;0;0;0
55;"Przedszkole Publiczne Nr 25, ul. Rajska 1, 87-800 Włocławek";46401;"m. Włocławek";"Włocławek";"kujawsko-pomorskie";1;1;2;2;12;0;0;0;0;0;1;0;0;0;0;0;0;0;0;0;1;0;1;0;0;1;0;34;3;8;12;26;3;1;1;1;3;0;3;0;0;4;0;2;6;3;0;1;0;0;0;1;1;96;77;1;0;36;0;0;0;0;0;2;1;3;1;0;2;0;1;1;0;0;0;0;0;0;0;26;184;8;85;4;0;0;14;2;1;8;0;0;0;0;1;0;1;0;0;0;0;0;2;0;2;22;9;2;2;3;2;2;0;0;0;0;2;0;0;0;1;1;1;0;0;0;0;0;0;0;0;130;40;6;202;5;2;1;26;0;2;1;1;1;0;0;0;0;2;0;4;0;0;2;0;0;0;1;0;0;0;1;1;1;0;0;0;0;0;2;1;0;0;0;0;0;0;2;1;0;0;0;0
56;"Szkoła Podstawowa Nr 22, ul. Promienna 15, 87-800 Włocławek";46401;"m. Włocławek";"Włocławek";"kujawsko-pomorskie";1;1;2;1;4;0;1;1;0;0;1;1;0;0;0;0;0;0;0;0;0;0;1;0;0;0;0;16;5;7;7;21;1;0;1;0;3;0;0;2;0;3;0;0;2;0;0;0;0;3;0;0;1;69;50;5;0;9;1;0;0;0;0;3;0;0;1;1;1;0;0;0;0;0;1;0;0;0;1;26;135;6;49;9;0;3;9;0;0;10;0;1;0;1;0;3;1;0;0;0;0;1;0;0;0;11;12;1;0;1;0;1;2;1;0;1;0;1;0;0;0;0;1;0;1;0;0;0;0;1;1;75;11;2;138;3;3;2;17;2;4;0;1;1;0;2;1;0;0;0;0;0;0;0;0;0;1;3;0;0;1;0;2;2;0;0;0;0;0;0;1;0;0;0;0;0;0;2;0;0;0;0;0
57;"Szkoła Podstawowa Nr 22, ul. Promienna 15, 87-800 Włocławek";46401;"m. Włocławek";"Włocławek";"kujawsko-pomorskie";1;1;2;1;5;0;0;1;0;1;0;0;0;0;1;0;1;0;1;0;0;0;1;0;1;0;0;19;5;4;11;18;2;2;0;1;10;1;2;1;0;1;1;1;2;0;0;1;0;0;1;2;3;66;71;6;1;16;0;0;0;1;0;0;2;1;1;0;0;1;0;1;0;0;0;0;1;3;0;22;137;2;57;5;1;0;7;0;0;7;0;2;0;0;0;0;1;0;0;0;0;1;0;1;2;19;3;2;2;1;0;0;1;0;0;0;0;0;0;0;0;1;0;0;0;0;0;0;0;0;1;74;37;4;147;6;4;2;17;1;2;2;0;2;0;1;0;1;1;0;0;0;0;0;0;1;1;2;0;0;0;0;1;0;0;0;0;0;0;0;1;0;0;0;0;0;0;5;0;1;0;0;0
58;"Szkoła Podstawowa Nr 22, ul. Promienna 15, 87-800 Włocławek";46401;"m. Włocławek";"Włocławek";"kujawsko-pomorskie";1;1;0;0;7;1;0;1;0;1;0;0;0;1;0;1;0;0;0;0;0;0;1;0;0;0;0;19;3;7;22;25;6;3;1;1;9;0;5;0;3;1;0;0;2;2;0;0;0;1;1;0;0;60;64;0;0;11;3;0;1;0;2;1;2;1;1;0;0;2;1;0;0;0;0;1;7;0;1;12;131;3;55;8;1;0;6;1;0;6;0;0;0;0;1;0;4;0;0;1;0;0;0;1;0;21;7;1;1;2;1;0;0;2;0;0;0;1;0;1;0;0;0;0;0;0;0;0;0;2;2;90;30;3;145;3;4;2;24;6;0;1;0;0;0;2;3;0;0;2;1;0;0;0;1;0;0;2;0;0;1;2;4;0;0;0;0;0;0;0;2;0;0;0;0;0;0;5;0;0;0;0;0
59;"Szkoła Podstawowa Nr 18, ul. Hutnicza 5/7, 87-800 Włocławek";46401;"m. Włocławek";"Włocławek";"kujawsko-pomorskie";1;1;7;0;1;0;0;0;1;0;0;0;1;0;0;0;0;4;0;0;0;0;0;0;0;0;1;24;6;7;15;17;2;2;0;0;2;1;0;0;1;2;0;4;0;0;1;2;0;2;0;1;3;65;78;1;1;20;0;0;1;0;0;0;4;0;1;0;1;0;0;0;2;0;2;0;2;1;0;18;160;7;78;8;1;2;6;2;0;3;0;1;0;0;0;1;1;0;0;0;0;0;0;0;1;15;9;2;1;4;0;1;1;0;0;0;0;4;0;2;0;3;1;0;0;0;0;0;0;0;2;99;29;5;178;2;10;4;21;5;3;5;0;1;0;1;0;0;1;2;2;1;1;0;1;0;0;1;0;0;5;2;0;0;0;0;0;0;0;0;0;0;0;0;0;1;0;5;1;0;0;0;0
60;"Szkoła Podstawowa Nr 18, ul. Hutnicza 5/7, 87-800 Włocławek";46401;"m. Włocławek";"Włocławek";"kujawsko-pomorskie";1;1;2;1;5;0;1;0;1;1;0;0;1;0;0;0;0;0;0;0;0;0;1;2;1;0;0;24;8;9;13;10;3;0;4;0;3;1;0;0;0;1;0;0;4;2;0;0;1;1;0;1;0;69;55;2;1;10;0;0;1;0;0;0;1;0;0;0;2;1;5;2;1;0;0;0;0;1;1;9;107;8;48;4;0;2;4;1;1;7;0;1;0;2;1;0;2;0;0;0;0;1;0;1;0;18;11;3;2;4;0;0;1;0;1;2;0;0;0;1;1;0;0;0;0;0;0;0;0;1;2;85;17;0;118;2;1;2;18;1;0;2;0;0;0;2;1;4;0;0;2;1;0;0;0;0;0;1;0;1;0;1;1;1;0;0;0;1;0;0;0;0;0;0;0;0;0;3;0;0;0;0;0
61;"Centrum Kultury „Browar B. "" Klub „Zazamcze”, ul. Toruńska 87, 87-800 Włocławek";46401;"m. Włocławek";"Włocławek";"kujawsko-pomorskie";1;1;2;0;10;0;0;2;0;1;1;0;0;0;0;1;0;0;0;1;1;0;0;1;0;0;1;28;5;4;16;18;5;1;1;1;4;1;3;0;1;3;0;0;2;0;0;0;1;2;5;0;2;58;40;0;1;13;1;0;0;0;0;2;1;0;0;0;0;0;0;0;0;1;0;0;2;0;0;25;109;12;56;11;2;1;9;0;0;6;0;3;0;2;1;0;2;0;0;1;0;0;0;0;1;9;8;3;2;1;0;1;0;0;0;0;0;4;0;1;2;0;1;0;0;1;0;0;0;1;1;85;36;5;111;3;6;5;17;1;0;5;1;0;0;2;0;1;0;0;3;0;1;0;0;0;2;6;1;0;1;0;0;0;0;0;0;0;0;1;0;0;0;0;0;0;0;3;0;0;0;0;1
62;"Zespół Placówek Nr 1 (Bursa Szkolna Nr 2), ul. Mechaników 1, 87-800 Włocławek";46401;"m. Włocławek";"Włocławek";"kujawsko-pomorskie";1;1;0;5;10;0;1;1;1;0;1;0;1;1;2;0;0;2;1;0;0;0;0;0;0;0;0;14;7;6;11;17;3;1;0;0;4;1;1;0;0;1;0;0;1;0;0;0;0;1;2;1;3;49;49;2;1;10;0;1;0;0;0;1;2;1;1;0;0;0;1;0;0;0;1;0;2;1;2;15;172;5;75;5;0;2;6;1;0;7;0;0;2;0;0;1;2;0;0;0;1;0;0;0;0;10;19;5;0;2;0;0;0;1;0;0;1;0;0;0;1;2;1;0;0;0;0;0;0;0;0;83;27;6;123;0;5;6;16;0;1;1;0;0;1;2;0;2;0;1;1;0;1;0;1;0;0;3;1;0;1;0;3;0;0;0;0;0;0;0;0;0;0;0;0;0;0;3;0;1;0;0;0
63;"Włocławski Inkubator Innowacji i Przedsiębiorczości, ul. Toruńska 148, 87-800 Włocławek";46401;"m. Włocławek";"Włocławek";"kujawsko-pomorskie";1;1;2;0;2;0;0;0;0;0;1;0;0;0;0;0;0;0;0;0;0;0;0;0;0;0;0;10;0;4;9;7;3;3;0;0;1;0;0;1;2;0;0;0;0;0;0;0;0;0;0;0;0;14;16;1;0;4;0;1;1;0;2;1;0;2;1;0;0;0;0;1;0;0;0;0;0;0;0;17;59;1;34;4;1;3;9;0;1;8;1;1;0;1;1;1;2;0;0;0;0;0;0;0;0;11;2;1;2;1;1;1;1;0;0;0;0;1;0;1;0;0;0;0;1;0;0;0;0;0;0;25;11;0;39;0;2;1;2;2;3;0;0;1;1;1;0;0;0;0;0;0;0;0;0;0;0;1;0;0;0;0;0;0;0;1;0;0;1;0;0;1;0;0;0;2;0;3;0;0;0;0;0
64;"Dom Pomocy Społecznej, ul. Dobrzyńska 102, 87-800 Włocławek";46401;"m. Włocławek";"Włocławek";"kujawsko-pomorskie";1;1;0;0;0;0;0;0;0;1;0;0;0;0;0;0;0;0;0;0;0;0;0;0;1;0;0;1;0;0;0;0;0;0;0;0;0;0;0;0;0;0;0;0;0;0;0;0;0;0;0;0;0;0;0;0;0;0;0;0;0;0;0;0;0;0;0;1;0;0;1;0;0;0;0;0;1;0;0;4;3;0;2;0;0;0;0;1;0;0;0;0;0;1;0;0;1;0;0;0;0;1;0;0;1;0;0;0;0;0;0;0;0;0;0;0;0;0;0;0;0;0;0;0;0;0;0;0;0;0;0;1;0;1;2;0;0;0;0;1;0;0;0;0;0;1;0;0;0;0;0;0;0;0;1;0;0;0;0;0;0;0;0;0;0;0;0;0;0;0;0;0;0;0;0;0;0;0;0;0;0;0;0
65;"Dom Pomocy Społecznej, ul. Nowomiejska 19, 87-800 Włocławek";46401;"m. Włocławek";"Włocławek";"kujawsko-pomorskie";1;1;1;0;1;0;0;0;0;0;0;0;0;0;0;0;0;0;0;0;0;0;0;0;0;0;0;1;0;0;0;0;0;0;0;0;0;0;0;0;0;0;0;0;0;0;0;0;0;0;0;0;0;2;4;0;0;0;0;0;0;0;0;0;0;0;0;0;0;0;0;0;0;0;0;0;0;0;0;3;10;2;1;1;0;1;1;1;0;2;0;0;0;0;0;0;0;0;0;0;0;0;0;0;1;0;0;0;0;0;0;0;0;0;0;0;0;0;0;0;0;0;0;0;0;0;0;0;0;0;0;1;0;0;0;0;0;0;0;0;0;0;0;0;0;0;0;0;0;0;0;0;0;0;0;0;0;0;0;0;0;0;0;0;0;0;0;1;0;0;0;0;0;0;0;0;0;0;0;0;0;0;0
66;"Miejski Zespół Opieki Zdrowotnej Sp. z o. o. – Dom Pomocy Społecznej, ul. Stefana Żeromskiego 28A, 87-800 Włocławek";46401;"m. Włocławek";"Włocławek";"kujawsko-pomorskie";1;1;1;0;1;0;0;0;0;0;0;0;0;0;0;0;0;0;0;0;0;0;0;0;0;0;0;1;0;0;1;0;0;0;0;0;0;0;0;2;1;0;0;0;0;0;1;0;0;0;0;0;0;0;2;0;0;0;0;0;0;0;0;0;0;0;0;0;0;0;0;0;0;0;0;0;1;0;0;0;0;1;0;0;0;0;0;0;0;0;0;0;0;0;1;0;0;0;0;0;0;0;0;0;0;1;0;0;0;0;0;0;0;0;0;0;0;0;0;0;0;0;0;0;0;0;0;0;0;0;0;2;0;0;0;0;0;0;0;0;0;0;0;0;0;0;0;0;0;0;0;0;0;0;0;0;0;0;0;0;0;0;0;0;0;0;0;0;0;0;1;0;0;0;0;0;0;0;0;0;0;0;0
67;"Wojewódzki Szpital Specjalistyczny, ul. Wieniecka 49, 87-800 Włocławek";46401;"m. Włocławek";"Włocławek";"kujawsko-pomorskie";1;1;0;0;0;0;0;1;0;0;0;0;0;0;0;0;0;0;0;1;0;0;0;0;0;0;0;2;0;0;0;0;0;1;0;0;0;0;0;0;0;0;0;0;1;0;0;0;0;0;0;0;0;3;5;0;0;1;0;0;0;0;0;0;0;0;0;0;0;0;0;0;0;0;0;0;0;0;0;8;9;3;11;0;0;2;1;1;0;1;1;0;0;1;0;1;0;0;0;0;0;1;0;0;0;1;0;0;0;0;0;0;0;0;0;0;0;0;0;0;0;0;0;0;0;0;0;0;0;0;0;10;0;0;5;0;0;2;4;0;0;1;0;1;1;0;0;1;0;0;0;0;1;0;0;0;0;2;0;1;0;0;0;0;0;1;0;0;0;0;0;0;0;0;0;0;0;0;0;0;0;0;0
68;"Zakład Karny, ul. Bartnicka 10, 87-800 Włocławek";46401;"m. Włocławek";"Włocławek";"kujawsko-pomorskie";1;1;4;4;3;2;1;0;1;0;2;0;0;0;1;1;0;0;0;1;0;0;0;0;0;0;0;69;6;10;8;7;2;2;9;3;2;1;5;2;0;3;2;0;4;1;1;0;0;4;0;0;3;34;9;6;2;3;4;0;0;3;1;0;1;1;2;0;2;0;1;1;0;0;1;1;1;0;0;26;9;3;5;1;2;4;2;4;0;4;0;1;0;0;1;0;5;0;1;0;0;0;0;2;1;18;4;3;1;6;3;1;1;3;0;0;0;0;0;2;5;0;2;1;1;1;1;0;0;3;2;181;41;22;29;18;17;29;12;14;15;14;7;7;1;11;3;16;8;7;0;2;2;9;1;1;6;4;1;0;0;1;0;0;1;0;0;0;0;0;1;0;0;1;0;0;0;0;0;0;0;0;0
