"Nr komisji";"Siedziba komisji";"TERYT Gminy";"Gmina";"Powiat";"Województwo";"Liczba komisji";"Liczba uwzględnionych komisji";"KUBICZ Bartłomiej Piotr - KW BEZPARTYJNI SAMORZĄDOWCY";"FIBICH Marcin Roman - KW BEZPARTYJNI SAMORZĄDOWCY";"MARKISZ Klaudia Katarzyna - KW BEZPARTYJNI SAMORZĄDOWCY";"MERCHUT Tomasz - KW BEZPARTYJNI SAMORZĄDOWCY";"ROGUZ Bartosz - KW BEZPARTYJNI SAMORZĄDOWCY";"KONCEWICZ Łukasz Janusz - KW BEZPARTYJNI SAMORZĄDOWCY";"NAUMOWICZ Anna - KW BEZPARTYJNI SAMORZĄDOWCY";"OZIMEK Ewa - KW BEZPARTYJNI SAMORZĄDOWCY";"DŁUBAŁA Marek Lech - KW BEZPARTYJNI SAMORZĄDOWCY";"BOROWSKA Kamila Natalia - KW BEZPARTYJNI SAMORZĄDOWCY";"RODZIEWICZ Michał Wacław - KW BEZPARTYJNI SAMORZĄDOWCY";"KUSIBAB Dawid - KW BEZPARTYJNI SAMORZĄDOWCY";"DZIEWA-DAŇA Elżbieta Julia - KW BEZPARTYJNI SAMORZĄDOWCY";"KIEC-GAWRONIAK Hanna Karolina - KW BEZPARTYJNI SAMORZĄDOWCY";"WILCZEWSKA Joanna - KW BEZPARTYJNI SAMORZĄDOWCY";"GOLAK Julian Kazimierz - KW BEZPARTYJNI SAMORZĄDOWCY";"LEO Aleksandra Maria - KKW TRZECIA DROGA PSL-PL2050 SZYMONA HOŁOWNI";"TUR Zbigniew Józef - KKW TRZECIA DROGA PSL-PL2050 SZYMONA HOŁOWNI";"ZIUBRAK Magdalena Anna - KKW TRZECIA DROGA PSL-PL2050 SZYMONA HOŁOWNI";"KUBALA Marek Zdzisław - KKW TRZECIA DROGA PSL-PL2050 SZYMONA HOŁOWNI";"KUDAS Kornelia Helena - KKW TRZECIA DROGA PSL-PL2050 SZYMONA HOŁOWNI";"ZAŁĘSKA Małgorzata Anna - KKW TRZECIA DROGA PSL-PL2050 SZYMONA HOŁOWNI";"JURCEWICZ Stanisław - KKW TRZECIA DROGA PSL-PL2050 SZYMONA HOŁOWNI";"ZAJĄC Paulina - KKW TRZECIA DROGA PSL-PL2050 SZYMONA HOŁOWNI";"DOMAGAŁA Adam Paweł - KKW TRZECIA DROGA PSL-PL2050 SZYMONA HOŁOWNI";"BALANT Zygmunt Franciszek - KKW TRZECIA DROGA PSL-PL2050 SZYMONA HOŁOWNI";"SZEBLA Jerzy - KKW TRZECIA DROGA PSL-PL2050 SZYMONA HOŁOWNI";"PIWOWAR Alicja Aleksandra - KKW TRZECIA DROGA PSL-PL2050 SZYMONA HOŁOWNI";"STARZYCKI Tomasz - KKW TRZECIA DROGA PSL-PL2050 SZYMONA HOŁOWNI";"DYBAŁA Barbara - KKW TRZECIA DROGA PSL-PL2050 SZYMONA HOŁOWNI";"ZAJĄC Grzegorz - KKW TRZECIA DROGA PSL-PL2050 SZYMONA HOŁOWNI";"MAZUR Paweł Mariusz - KKW TRZECIA DROGA PSL-PL2050 SZYMONA HOŁOWNI";"DYDUCH Marek - KW NOWA LEWICA";"PŁANETA-SIEWIERSKA Edyta Katarzyna - KW NOWA LEWICA";"SZLINDER Maciej Karol - KW NOWA LEWICA";"ŁĄCKI Adam Edward - KW NOWA LEWICA";"MICHALSKA Daria Aleksandra - KW NOWA LEWICA";"STRUG Dorota Agata - KW NOWA LEWICA";"LECH Kornelia Joanna - KW NOWA LEWICA";"STABROWSKA Anna Ewa - KW NOWA LEWICA";"CISOŃ Łukasz Stanisław - KW NOWA LEWICA";"CZAJKOWSKI Robert Aleksy - KW NOWA LEWICA";"MUSIAŁEK Małgorzata Aleksandra - KW NOWA LEWICA";"GAZDA Artur Mariusz - KW NOWA LEWICA";"GOŁOSZ Krzysztof Tadeusz - KW NOWA LEWICA";"KRUPA Paweł - KW NOWA LEWICA";"SOBIERALSKI Piotr Jakub - KW NOWA LEWICA";"CHOJNOWSKI Szymon Piotr - KW NOWA LEWICA";"GWÓŹDŹ Marcin Piotr - KW PRAWO I SPRAWIEDLIWOŚĆ";"BIELAWSKA Zuzanna - KW PRAWO I SPRAWIEDLIWOŚĆ";"DWORCZYK Michał Paweł - KW PRAWO I SPRAWIEDLIWOŚĆ";"ZYSKA Ireneusz - KW PRAWO I SPRAWIEDLIWOŚĆ";"DEC Jerzy Grzegorz - KW PRAWO I SPRAWIEDLIWOŚĆ";"WĘGŁOWSKI Jarosław - KW PRAWO I SPRAWIEDLIWOŚĆ";"GÓRNIAK Maria - KW PRAWO I SPRAWIEDLIWOŚĆ";"SAKOWSKI Karol Tadeusz - KW PRAWO I SPRAWIEDLIWOŚĆ";"KOŁDON Dariusz Julian - KW PRAWO I SPRAWIEDLIWOŚĆ";"MUCHA Beata Maria - KW PRAWO I SPRAWIEDLIWOŚĆ";"LEWANDOWSKI Krzysztof Marek - KW PRAWO I SPRAWIEDLIWOŚĆ";"ŚWIĄTEK-KARDELA Wioletta Ewa - KW PRAWO I SPRAWIEDLIWOŚĆ";"NOWACZYŃSKA Luiza - KW PRAWO I SPRAWIEDLIWOŚĆ";"WIELOWSKA Patrycja Joanna - KW PRAWO I SPRAWIEDLIWOŚĆ";"MACKO Grzegorz - KW PRAWO I SPRAWIEDLIWOŚĆ";"BADORA Maciej Adam - KW PRAWO I SPRAWIEDLIWOŚĆ";"GOMÓŁKA Damian Rafał - KW KONFEDERACJA WOLNOŚĆ I NIEPODLEGŁOŚĆ";"MICHALIK Karol - KW KONFEDERACJA WOLNOŚĆ I NIEPODLEGŁOŚĆ";"CHMIELEWSKI Paweł - KW KONFEDERACJA WOLNOŚĆ I NIEPODLEGŁOŚĆ";"OKARMUS Ewa Jadwiga - KW KONFEDERACJA WOLNOŚĆ I NIEPODLEGŁOŚĆ";"SZAMOCKI Damian Mateusz - KW KONFEDERACJA WOLNOŚĆ I NIEPODLEGŁOŚĆ";"ACEDAŃSKI Aleksander Bronisław - KW KONFEDERACJA WOLNOŚĆ I NIEPODLEGŁOŚĆ";"SALA Damian Andrzej - KW KONFEDERACJA WOLNOŚĆ I NIEPODLEGŁOŚĆ";"SUSŁOWSKA Krystyna Maria - KW KONFEDERACJA WOLNOŚĆ I NIEPODLEGŁOŚĆ";"TUDUJ Alicja Magdalena - KW KONFEDERACJA WOLNOŚĆ I NIEPODLEGŁOŚĆ";"KWIATKOWSKI Bartosz Robert - KW KONFEDERACJA WOLNOŚĆ I NIEPODLEGŁOŚĆ";"LUDKOWSKA Maria - KW KONFEDERACJA WOLNOŚĆ I NIEPODLEGŁOŚĆ";"LEHEŃKA-DAS Danuta - KW KONFEDERACJA WOLNOŚĆ I NIEPODLEGŁOŚĆ";"DANIELAK Damian Marcin - KW KONFEDERACJA WOLNOŚĆ I NIEPODLEGŁOŚĆ";"ŁAMBUCKA Maria Anna - KW KONFEDERACJA WOLNOŚĆ I NIEPODLEGŁOŚĆ";"NOWAK Katarzyna - KW KONFEDERACJA WOLNOŚĆ I NIEPODLEGŁOŚĆ";"PAWŁOWSKI Michał Andrzej - KW KONFEDERACJA WOLNOŚĆ I NIEPODLEGŁOŚĆ";"WIELICHOWSKA Monika - KKW KOALICJA OBYWATELSKA PO .N IPL ZIELONI";"MRZYGŁOCKA Izabela Katarzyna - KKW KOALICJA OBYWATELSKA PO .N IPL ZIELONI";"CHMIELEWSKI Marek Jan - KKW KOALICJA OBYWATELSKA PO .N IPL ZIELONI";"JAGŁA Robert Aleksander - KKW KOALICJA OBYWATELSKA PO .N IPL ZIELONI";"BIELAWSKA Sylwia Alina - KKW KOALICJA OBYWATELSKA PO .N IPL ZIELONI";"SUCHORA Michał Paweł - KKW KOALICJA OBYWATELSKA PO .N IPL ZIELONI";"KACZYŃSKA Diana Teresa - KKW KOALICJA OBYWATELSKA PO .N IPL ZIELONI";"GĄSIOR Justyna - KKW KOALICJA OBYWATELSKA PO .N IPL ZIELONI";"PAJKIERT Joanna Maria - KKW KOALICJA OBYWATELSKA PO .N IPL ZIELONI";"IWANCZ Jacek Julian - KKW KOALICJA OBYWATELSKA PO .N IPL ZIELONI";"KRZECZKOWSKA Ewa - KKW KOALICJA OBYWATELSKA PO .N IPL ZIELONI";"GRZEBIELUCH Jacek - KKW KOALICJA OBYWATELSKA PO .N IPL ZIELONI";"WITKOWSKA Anetta Maria - KKW KOALICJA OBYWATELSKA PO .N IPL ZIELONI";"JAŚNIKOWSKI Adam Marian - KKW KOALICJA OBYWATELSKA PO .N IPL ZIELONI";"ŚWIŁO Teresa - KKW KOALICJA OBYWATELSKA PO .N IPL ZIELONI";"KRACZKOWSKI Piotr - KKW KOALICJA OBYWATELSKA PO .N IPL ZIELONI";"WOJNOWSKA Agnieszka - KW POLSKA JEST JEDNA";"WAGNEROWSKI Artur Olgierd - KW POLSKA JEST JEDNA";"PLEŚNIAK Daniel Piotr - KW POLSKA JEST JEDNA";"GAWLIŃSKA Renata - KW POLSKA JEST JEDNA";"JULIAN Magdalena Katarzyna - KW POLSKA JEST JEDNA";"KRAJEWSKI Krzysztof Jan - KW POLSKA JEST JEDNA";"GIL-SOBCZYK Lidia Anna - KW POLSKA JEST JEDNA";"KRANC Anna Patrycja - KW POLSKA JEST JEDNA";"PINDOR-MASTERNAK Paulina Magdalena - KW POLSKA JEST JEDNA";"HELTA Piotr - KW POLSKA JEST JEDNA";"MICHALAK Adam - KW POLSKA JEST JEDNA"
1;"Bielawski Inkubator Przedsiębiorczości Sala Konferencyjna, ul. Wolności 24, 58-260 Bielawa";20201;"m. Bielawa";"dzierżoniowski";"dolnośląskie";1;1;6;1;0;0;1;2;1;1;0;1;0;0;0;0;1;0;25;2;13;1;5;1;7;5;28;0;2;2;1;0;1;3;19;12;3;0;20;0;1;0;0;1;0;0;0;0;0;0;48;30;99;20;1;0;6;1;0;0;2;0;3;1;11;1;43;0;10;3;0;0;1;0;2;0;0;1;2;0;4;0;78;6;52;6;13;3;8;4;0;1;2;37;0;2;0;0;4;2;3;0;0;0;0;0;0;1;1
2;"Ekologiczna Szkoła Podstawowa nr 7 im. Juliana Tuwima, ul. Brzeżna 48, 58-260 Bielawa";20201;"m. Bielawa";"dzierżoniowski";"dolnośląskie";1;1;3;0;2;0;2;0;1;0;0;2;0;0;0;0;2;0;26;2;21;4;1;1;11;3;54;2;0;1;2;3;0;1;13;6;5;0;30;1;0;0;1;5;1;1;0;2;0;0;79;53;87;9;1;1;4;0;1;7;1;1;2;1;11;3;44;5;7;0;1;0;1;0;2;2;1;1;0;2;2;3;83;15;46;4;18;3;3;6;0;2;4;62;1;2;1;3;4;1;3;0;0;0;0;0;0;0;1
3;"Zespół Szkół i Placówek Kształcenia Zawodowego, ul. Stefana Żeromskiego 41, 58-260 Bielawa";20201;"m. Bielawa";"dzierżoniowski";"dolnośląskie";1;1;2;0;1;1;1;0;0;4;0;2;0;0;0;0;0;0;25;3;5;0;3;1;8;6;33;0;4;3;2;0;1;3;17;8;1;0;22;1;2;2;0;9;6;0;0;0;0;2;78;34;95;13;1;0;3;0;0;6;1;1;0;0;11;1;32;2;1;0;1;0;1;1;1;1;0;0;0;3;3;1;86;12;51;2;19;3;6;3;1;5;1;41;3;1;0;1;12;1;8;0;1;0;1;0;0;0;1
4;"Klub ""Włókniarz"" Spółdzielni Mieszkaniowej, os. Osiedle Włókniarzy 1, 58-260 Bielawa";20201;"m. Bielawa";"dzierżoniowski";"dolnośląskie";1;1;4;0;1;0;0;1;1;5;0;0;1;0;1;0;0;0;34;1;10;0;2;2;7;3;32;0;1;3;4;0;1;1;15;10;2;1;18;1;0;3;1;9;1;0;1;0;0;1;68;39;130;13;1;3;5;2;1;7;4;0;1;2;17;3;32;5;2;1;1;0;0;0;2;0;0;0;0;1;2;2;97;12;57;3;19;0;14;4;0;0;4;64;2;1;2;1;2;0;5;0;0;1;0;0;0;0;1
5;"Ekologiczna Szkoła Podstawowa nr 7 im. Juliana Tuwima, os. Osiedle Włókniarzy 10, 58-260 Bielawa";20201;"m. Bielawa";"dzierżoniowski";"dolnośląskie";1;1;1;1;1;1;1;0;0;2;0;0;0;0;0;0;1;0;19;1;11;1;0;2;6;0;23;0;0;1;2;3;1;1;11;6;6;0;12;1;2;1;1;8;0;2;0;0;1;2;65;23;88;8;4;0;2;2;0;2;3;0;1;1;11;1;19;2;3;2;0;0;1;0;1;0;0;0;0;0;1;2;64;7;45;1;9;1;7;0;0;1;0;66;1;0;0;0;2;2;6;0;1;0;0;0;0;0;1
6;"Szkoła Podstawowa nr 10 z Oddziałami Sportowymi im. Polskich Olimpijczyków, ul. Parkowa 12, 58-260 Bielawa";20201;"m. Bielawa";"dzierżoniowski";"dolnośląskie";1;1;4;0;1;0;0;0;4;1;0;1;1;0;0;0;0;0;28;1;7;1;2;7;3;3;38;0;0;0;3;0;0;3;20;8;3;0;28;2;4;1;0;17;2;1;0;1;1;1;67;35;60;12;2;3;5;1;0;1;2;0;0;0;12;0;32;3;10;1;1;3;0;1;1;3;0;0;1;0;0;0;89;16;39;3;8;3;4;5;0;1;0;55;0;0;1;1;2;3;5;0;0;0;0;0;0;0;0
7;"Szkoła Podstawowa nr 10 z Oddziałami Sportowymi im. Polskich Olimpijczyków, ul. Parkowa 12, 58-260 Bielawa";20201;"m. Bielawa";"dzierżoniowski";"dolnośląskie";1;1;6;0;0;0;0;0;0;0;0;0;1;0;0;0;2;3;23;4;11;1;0;4;7;4;30;0;1;1;1;1;1;3;20;9;3;0;16;2;3;0;0;14;0;0;2;0;0;0;106;25;99;18;1;1;2;1;1;1;4;0;1;1;9;0;19;2;4;0;0;0;0;1;1;1;0;0;0;1;2;4;93;11;57;1;10;3;10;2;0;1;0;78;2;0;1;1;3;0;12;1;0;0;1;0;0;0;0
8;"Żłobek Publiczny, ul. gen. Grota Roweckiego 7, 58-260 Bielawa";20201;"m. Bielawa";"dzierżoniowski";"dolnośląskie";1;1;5;0;1;0;0;0;0;3;0;2;1;0;0;0;1;0;31;1;9;1;2;6;11;4;41;0;0;1;0;0;2;2;27;10;5;0;20;2;2;2;0;11;5;0;1;1;0;1;84;27;108;6;4;1;0;0;0;0;5;1;1;1;22;2;31;5;3;1;1;0;0;0;1;1;1;0;0;0;1;0;86;14;47;4;16;3;14;1;2;0;0;51;1;1;0;0;2;3;8;0;1;0;0;0;0;0;0
9;"Szkoła Podstawowa nr 10 z Oddziałami Sportowymi im. Polskich Olimpijczyków, ul. Parkowa 12, 58-260 Bielawa";20201;"m. Bielawa";"dzierżoniowski";"dolnośląskie";1;1;2;0;1;0;1;1;0;2;1;1;0;0;0;0;1;1;24;1;8;0;2;3;5;4;19;1;1;0;2;1;1;2;27;13;2;1;17;1;0;1;0;9;2;0;0;0;0;3;73;44;94;9;3;0;2;0;2;1;3;2;0;0;15;3;36;4;6;2;0;1;0;0;0;0;1;0;0;0;1;2;85;18;59;1;11;1;6;3;1;0;0;62;0;0;2;0;1;1;8;0;0;0;0;0;0;0;0
10;"Klub ""Sowa"" Spółdzielni Mieszkaniowej, ul. Jana III Sobieskiego 17, 58-260 Bielawa";20201;"m. Bielawa";"dzierżoniowski";"dolnośląskie";1;1;6;1;2;0;0;0;2;1;0;0;0;0;1;0;4;1;30;6;11;5;3;3;9;3;55;0;0;3;3;0;0;1;25;9;3;1;15;0;2;5;0;8;2;0;0;0;0;1;52;34;106;20;1;1;0;0;0;1;2;1;0;0;24;3;38;3;13;2;1;0;1;0;2;2;0;0;0;0;3;1;110;7;102;1;14;0;7;0;0;0;1;76;0;2;2;3;3;0;12;1;1;0;0;0;0;0;2
11;"Szkoła Podstawowa nr 10 z Oddziałami Sportowymi im. Polskich Olimpijczyków, ul. gen. Grota Roweckiego 6, 58-260 Bielawa";20201;"m. Bielawa";"dzierżoniowski";"dolnośląskie";1;1;1;1;1;1;0;0;1;1;0;2;0;0;0;0;0;0;18;2;7;0;2;1;6;2;27;0;0;2;1;0;0;1;17;15;0;0;12;0;2;3;0;9;2;0;0;0;0;4;68;30;97;13;2;1;2;1;1;0;1;1;2;0;15;2;21;2;6;0;1;0;0;1;2;0;1;0;0;0;2;0;74;9;74;3;12;0;7;2;0;2;1;43;1;1;1;3;1;0;2;0;0;0;0;0;0;0;0
12;"Szkoła Podstawowa nr 10 z Oddziałami Sportowymi im. Polskich Olimpijczyków, ul. gen. Grota Roweckiego 6, 58-260 Bielawa";20201;"m. Bielawa";"dzierżoniowski";"dolnośląskie";1;1;2;1;1;0;0;0;0;1;0;0;0;0;0;0;0;0;19;2;7;1;0;1;2;0;21;0;0;1;2;1;1;2;29;9;1;5;17;1;0;1;0;10;1;0;0;1;0;2;62;34;102;13;3;0;0;0;0;2;2;0;0;0;32;2;23;0;3;3;0;0;0;0;0;0;1;0;0;0;1;0;74;8;26;0;10;1;3;0;1;0;0;50;0;1;1;1;2;2;4;0;0;0;0;0;0;0;0
13;"Przedszkole Publiczne nr 3, ul. 3 Maja 22, 58-260 Bielawa";20201;"m. Bielawa";"dzierżoniowski";"dolnośląskie";1;1;5;0;0;0;1;0;0;1;0;1;0;0;0;0;0;1;24;1;10;1;1;3;3;3;23;3;0;0;3;2;1;0;20;11;1;0;20;0;2;0;0;8;1;2;0;0;0;0;66;37;73;17;2;0;2;1;0;2;3;1;0;0;9;1;19;1;8;1;0;0;0;0;1;2;2;0;1;0;0;1;51;8;23;1;17;4;4;0;0;0;0;57;2;0;1;1;3;0;8;0;0;0;0;0;0;0;1
14;"Liceum Ogólnokształcące z Oddziałami Dwujęzycznymi im. Bolesława Chrobrego, ul. Szkolna 5, 58-260 Bielawa";20201;"m. Bielawa";"dzierżoniowski";"dolnośląskie";1;1;6;0;0;0;0;0;0;1;0;0;0;0;2;0;1;0;26;4;9;1;0;4;5;3;37;0;2;0;2;2;0;2;28;9;8;0;20;2;5;1;1;8;1;0;1;1;0;1;60;26;80;15;1;0;3;1;1;1;0;1;1;2;10;0;24;4;7;3;4;0;0;0;0;0;0;0;0;0;1;0;109;16;70;2;15;3;8;1;0;0;0;133;1;0;0;0;3;2;3;0;0;0;0;0;0;0;2
15;"Miejski Zarząd Budynków Mieszkalnych Sp. z o. o., ul. 3 Maja 48, 58-260 Bielawa";20201;"m. Bielawa";"dzierżoniowski";"dolnośląskie";1;1;2;0;0;0;0;1;0;0;0;1;1;0;0;0;2;1;34;4;12;1;2;2;8;0;33;0;0;2;0;0;0;0;16;16;5;1;23;1;0;0;1;8;0;0;0;0;0;0;64;54;85;16;3;1;0;1;1;3;2;0;0;0;7;0;28;5;6;0;2;1;1;1;1;0;0;0;1;0;3;1;86;15;34;3;18;2;6;1;0;0;0;44;1;2;2;1;5;4;5;2;0;0;0;0;0;0;0
16;"Zespół Ośrodków Wsparcia, ul. Lotnicza 5, 58-260 Bielawa";20201;"m. Bielawa";"dzierżoniowski";"dolnośląskie";1;1;4;1;0;2;1;0;2;2;1;1;0;1;0;0;3;0;15;1;2;2;0;2;6;2;34;1;0;6;1;1;0;1;18;4;3;0;10;0;4;1;0;4;0;0;0;1;0;0;34;27;88;8;3;2;1;2;0;1;3;2;3;0;18;4;23;4;4;0;1;0;0;0;2;0;2;0;2;0;1;0;61;7;26;4;13;2;9;4;0;1;0;70;1;0;1;2;1;2;1;0;0;3;0;0;0;0;0
17;"Szkoła Podstawowa nr 4 z Oddziałami Integracyjnymi, ul. Ludowa 11, 58-260 Bielawa";20201;"m. Bielawa";"dzierżoniowski";"dolnośląskie";1;1;3;0;2;0;0;0;1;2;2;1;1;2;0;0;1;1;22;3;8;1;2;2;4;4;26;0;0;1;2;1;2;1;9;7;1;0;15;0;5;1;0;6;0;1;0;0;0;1;43;20;69;14;0;0;2;0;0;3;2;1;2;2;19;1;30;1;7;3;0;0;0;0;0;4;0;1;0;0;1;1;65;6;28;4;9;3;2;2;0;0;0;45;0;0;0;0;5;3;0;0;0;0;1;0;0;0;1
18;"Szkoła Podstawowa nr 4 z Oddziałami Integracyjnymi, ul. Ludowa 11, 58-260 Bielawa";20201;"m. Bielawa";"dzierżoniowski";"dolnośląskie";1;1;4;0;2;1;0;0;0;1;0;0;1;0;0;0;1;0;22;2;11;1;1;5;4;6;20;0;1;2;2;2;1;2;13;7;1;2;16;2;4;0;0;7;0;0;0;0;0;3;49;26;97;10;2;1;4;0;0;2;3;1;0;2;21;2;36;4;4;0;0;2;0;1;1;3;0;1;2;1;0;3;88;15;40;1;18;2;8;4;0;0;0;46;0;1;0;0;2;1;4;0;0;0;0;0;0;0;1
19;"Zespół Szkół Cechu Rzemiosł Różnych, ul. Polna 2, 58-260 Bielawa";20201;"m. Bielawa";"dzierżoniowski";"dolnośląskie";1;1;2;0;0;0;2;0;2;2;0;1;1;0;0;0;0;0;23;2;13;2;0;4;9;5;27;0;0;0;0;0;1;1;24;5;2;0;13;1;2;2;1;8;1;1;0;2;1;1;55;36;100;4;1;0;1;0;1;2;1;1;1;1;8;2;25;0;4;1;2;1;0;1;0;3;0;0;0;0;1;0;87;7;41;2;13;2;4;0;1;0;1;66;1;1;1;3;4;1;5;1;0;0;0;0;0;0;0
20;"Szkoła Podstawowa nr 4 z Oddziałami Integracyjnymi, ul. Ludwika Waryńskiego 50, 58-260 Bielawa";20201;"m. Bielawa";"dzierżoniowski";"dolnośląskie";1;1;11;0;3;1;0;1;0;3;0;0;1;1;0;0;2;2;34;5;9;1;0;3;6;7;20;0;1;2;0;2;1;1;24;7;0;0;18;2;0;0;0;9;2;0;0;0;0;0;53;55;105;8;1;1;2;1;0;3;0;1;0;0;7;2;39;6;6;1;1;0;3;0;0;2;0;0;0;1;1;2;122;9;67;0;12;3;10;0;2;0;5;68;0;2;1;5;10;0;3;0;0;0;0;0;0;0;1
21;"Szkoła Podstawowa nr 4 z Oddziałami Integracyjnymi, ul. Ludwika Waryńskiego 50, 58-260 Bielawa";20201;"m. Bielawa";"dzierżoniowski";"dolnośląskie";1;1;7;0;1;1;0;0;0;1;0;0;0;1;0;0;0;0;25;1;5;1;0;5;3;4;12;1;0;0;1;0;2;2;11;9;1;0;13;1;0;2;0;1;3;0;0;1;2;2;45;38;67;4;1;0;3;1;0;2;2;1;0;0;17;1;17;2;2;2;1;0;2;0;2;0;2;0;0;0;2;1;72;3;24;1;12;1;4;2;0;0;0;37;1;5;1;1;2;2;3;0;0;0;0;0;1;0;0
22;"Dom Pomocy Społecznej, ul. Stefana Żeromskiego 2, 58-260 Bielawa";20201;"m. Bielawa";"dzierżoniowski";"dolnośląskie";1;1;0;0;0;0;0;0;0;0;0;0;0;0;0;0;0;0;0;0;1;0;0;0;0;0;0;0;0;0;0;0;0;0;1;0;0;0;0;0;0;0;0;0;0;0;0;0;0;0;2;1;3;0;0;0;0;0;0;1;1;0;0;0;0;0;0;0;0;0;0;0;0;0;0;0;0;0;0;0;0;0;0;0;0;0;0;0;0;0;0;0;0;0;0;0;0;0;0;0;0;0;0;0;0;0;0;0;0
1;"Pracownicze Ogródki Działkowe ""Jar"", ul. Złota 10, 58-200 Dzierżoniów";20202;"m. Dzierżoniów";"dzierżoniowski";"dolnośląskie";1;1;1;0;1;0;2;1;0;0;0;1;0;0;0;0;3;0;59;2;19;4;2;1;7;1;11;0;0;0;9;1;0;3;18;16;3;2;7;2;1;1;0;0;1;0;0;0;0;1;29;22;102;17;1;1;3;1;0;2;1;3;4;1;21;2;26;5;18;0;0;0;0;1;2;2;0;0;0;0;1;2;117;11;254;6;15;2;29;6;0;0;0;19;0;1;0;3;2;9;0;0;0;0;0;0;0;0;0
2;"Przedszkole Publiczne nr 7, os. Osiedle Tęczowe 3, 58-200 Dzierżoniów";20202;"m. Dzierżoniów";"dzierżoniowski";"dolnośląskie";1;1;4;1;1;0;1;1;2;3;0;0;0;0;1;0;2;1;67;9;28;4;1;7;22;6;19;0;0;1;16;2;2;4;32;12;4;1;18;5;2;1;0;2;1;0;0;1;0;2;49;36;163;10;2;3;3;2;0;2;2;2;2;1;50;2;54;4;8;1;1;1;0;1;1;0;0;0;0;2;3;1;132;15;232;1;5;1;40;2;2;1;1;11;4;2;0;2;12;4;2;1;0;1;1;0;0;0;0
3;"Przedszkole Publiczne nr 2 z Oddziałami Integracyjnymi i Oddziałem Specjalnym, ul. Złota 8, 58-200 Dzierżoniów";20202;"m. Dzierżoniów";"dzierżoniowski";"dolnośląskie";1;1;4;0;2;0;0;0;1;0;0;0;0;1;1;0;3;1;17;5;27;1;3;3;4;1;5;0;1;1;1;1;0;3;10;15;0;0;11;0;1;2;0;2;3;0;1;1;0;3;49;20;136;11;4;3;3;1;0;4;2;1;0;2;36;2;25;1;5;0;1;1;0;2;0;0;0;0;1;2;2;3;61;4;105;0;3;2;18;4;0;1;1;4;1;0;0;3;4;2;4;0;0;0;0;0;0;0;0
4;"Szkoła Podstawowa Nr 5 z Oddziałami Integracyjnymi im. Bohaterów Westerplatte, os. Osiedle Błękitne 25, 58-200 Dzierżoniów";20202;"m. Dzierżoniów";"dzierżoniowski";"dolnośląskie";1;1;3;0;0;0;0;0;0;0;0;1;0;0;0;0;0;0;17;2;13;0;1;3;3;2;11;0;0;0;3;0;0;4;14;16;0;0;10;1;3;1;0;1;3;1;3;0;1;5;42;19;154;13;1;1;2;0;0;0;2;2;0;2;17;2;18;1;4;0;4;0;0;0;2;0;0;0;1;0;0;1;84;3;108;3;6;0;11;2;0;0;0;6;2;0;1;0;6;5;0;0;0;1;0;0;0;0;0
5;"Przedszkole Publiczne nr 3, os. Osiedle Błękitne 26, 58-200 Dzierżoniów";20202;"m. Dzierżoniów";"dzierżoniowski";"dolnośląskie";1;1;4;0;0;1;0;0;0;2;0;1;0;0;0;0;1;3;26;6;9;3;1;5;12;3;9;0;0;0;3;1;2;4;26;8;0;2;10;0;3;4;0;2;1;1;0;1;1;1;31;21;139;9;6;1;5;0;2;2;2;2;2;0;22;0;32;3;2;1;1;1;0;0;0;1;0;0;0;1;0;2;85;12;135;3;6;2;5;5;0;0;1;9;0;0;0;0;7;6;2;0;0;1;1;1;1;0;1
6;"Szkoła Podstawowa Nr 5 z Oddziałami Integracyjnymi im. Bohaterów Westerplatte, os. Osiedle Błękitne 25, 58-200 Dzierżoniów";20202;"m. Dzierżoniów";"dzierżoniowski";"dolnośląskie";1;1;3;0;2;0;2;0;0;0;1;0;0;0;1;0;2;0;30;8;32;1;1;6;16;3;7;1;1;1;3;2;0;1;11;22;5;0;10;0;4;1;2;4;2;0;0;0;0;3;43;24;148;7;7;1;2;3;1;4;3;1;1;1;39;0;32;3;5;2;0;1;0;0;0;3;1;0;0;0;0;1;110;12;168;3;2;2;15;1;0;0;3;9;3;1;2;2;3;2;1;0;0;1;0;1;0;0;2
7;"Szkoła Podstawowa nr 1 im. Noblistów Polskich, ul. gen. Władysława Sikorskiego 2, 58-200 Dzierżoniów";20202;"m. Dzierżoniów";"dzierżoniowski";"dolnośląskie";1;1;0;0;1;0;0;0;0;1;0;1;0;0;0;0;4;0;28;0;14;2;4;2;25;3;9;0;2;2;1;1;0;2;19;15;0;2;14;0;1;1;0;0;1;1;0;0;1;1;46;20;155;7;5;1;3;0;2;2;1;0;0;0;26;1;27;3;5;1;3;0;0;0;1;0;0;1;0;1;5;1;74;9;148;4;13;0;13;5;0;1;1;4;1;2;0;0;4;5;2;1;0;0;0;0;0;0;0
8;"Filia Miejsko-Powiatowej Biblioteki Publicznej im. Krzysztofa Kamila Baczyńskiego w Dzierżoniowie, ul. gen. Władysława Sikorskiego 2, 58-200 Dzierżoniów";20202;"m. Dzierżoniów";"dzierżoniowski";"dolnośląskie";1;1;0;0;0;0;0;0;0;2;1;0;0;0;0;0;3;1;22;2;17;2;2;7;11;2;12;1;1;1;0;1;0;0;12;22;3;1;13;2;3;0;0;0;0;0;0;1;0;1;51;16;148;2;4;1;3;0;1;2;3;2;3;0;20;3;24;4;5;0;0;0;1;2;1;2;0;0;0;0;1;1;90;4;149;1;7;0;8;0;1;1;0;7;1;0;0;2;7;5;6;2;0;0;0;0;0;0;1
9;"Przedszkole Niepubliczne nr 4, os. Osiedle Jasne 21, 58-200 Dzierżoniów";20202;"m. Dzierżoniów";"dzierżoniowski";"dolnośląskie";1;1;2;1;0;0;1;0;0;1;0;0;0;0;0;0;2;2;30;6;10;2;1;4;14;5;10;2;0;1;7;0;3;2;12;17;0;7;8;4;2;0;0;0;4;0;0;1;1;0;34;18;149;10;2;0;2;0;0;0;0;1;1;1;21;1;17;1;3;0;0;0;1;1;0;0;1;0;0;0;0;1;85;9;148;1;10;2;12;0;1;0;2;11;1;0;0;1;5;2;1;0;0;1;2;0;1;1;0
10;"Niepubliczny Żłobek ""Sówka"", os. Osiedle Jasne 22, 58-200 Dzierżoniów";20202;"m. Dzierżoniów";"dzierżoniowski";"dolnośląskie";1;1;3;0;1;0;0;0;1;0;0;0;0;0;0;0;3;0;13;3;9;0;1;2;5;2;5;0;0;1;5;0;1;0;12;7;2;0;7;0;1;0;0;1;0;1;0;1;0;0;32;6;122;4;0;0;2;0;1;0;0;0;1;0;16;2;25;1;5;4;0;0;0;0;0;0;1;0;0;1;1;0;73;7;101;5;5;3;11;0;2;1;0;4;0;0;1;5;4;1;4;0;1;1;0;0;0;1;1
11;"Niepubliczna Szkoła Podstawowa „Edukacja i Rodzina”, ul. Wrocławska 51, 58-200 Dzierżoniów";20202;"m. Dzierżoniów";"dzierżoniowski";"dolnośląskie";1;1;3;0;0;1;0;0;0;3;0;0;0;0;0;0;1;1;36;6;16;2;0;4;11;6;15;0;0;2;11;0;0;2;18;18;9;1;11;0;2;2;0;2;3;0;0;1;0;5;50;26;149;14;3;3;5;0;0;0;1;0;3;1;16;2;48;4;8;2;0;0;1;1;0;0;0;0;0;0;2;0;120;10;219;0;10;5;18;1;0;3;1;16;0;0;0;4;4;2;5;0;1;1;0;0;0;0;1
12;"była siedziba Dziennego Domu Senior+, ul. Ignacego Krasickiego 25, 58-200 Dzierżoniów";20202;"m. Dzierżoniów";"dzierżoniowski";"dolnośląskie";1;1;7;0;3;0;0;1;3;2;0;2;1;0;1;0;2;0;29;3;15;0;2;8;9;2;7;0;2;1;3;1;1;2;8;17;4;4;6;3;4;1;0;2;2;0;0;2;1;2;54;19;121;9;2;2;1;0;2;2;3;1;3;1;26;0;43;8;5;0;0;0;0;0;0;0;3;0;1;0;2;2;77;5;89;4;9;3;16;5;0;2;1;1;2;0;0;5;9;2;2;0;0;0;0;1;1;0;0
13;"I Liceum Ogólnokształcące im. Jędrzeja Śniadeckiego, ul. marsz. Józefa Piłsudskiego 10, 58-200 Dzierżoniów";20202;"m. Dzierżoniów";"dzierżoniowski";"dolnośląskie";1;1;0;0;2;0;0;0;0;2;0;0;0;0;0;0;2;0;22;5;14;1;3;6;2;2;6;1;0;1;1;0;0;0;14;11;1;2;5;1;4;2;2;2;1;2;0;0;0;1;36;36;123;10;5;0;0;1;0;0;1;6;0;2;24;1;33;1;6;1;1;0;0;2;0;1;0;0;0;0;1;2;64;5;81;3;10;2;9;7;1;1;0;5;4;0;0;0;4;2;2;0;0;1;0;1;0;0;1
14;"Zespół Szkół Nr 3 im. Kombatantów Rzeczypospolitej Polskiej, ul. Słowiańska 6, 58-200 Dzierżoniów";20202;"m. Dzierżoniów";"dzierżoniowski";"dolnośląskie";1;1;5;0;1;0;1;0;2;0;1;0;0;0;0;0;0;0;35;3;7;0;0;2;9;4;13;1;1;3;0;0;3;0;21;17;1;1;13;1;1;1;0;0;1;0;0;0;0;1;42;37;144;4;2;4;2;1;0;2;1;1;2;0;19;1;43;2;3;1;1;0;1;0;0;0;0;0;0;1;2;0;90;9;154;2;4;4;11;2;0;0;1;8;1;1;0;1;5;5;1;0;0;2;0;1;0;0;0
15;"dawny Biurowiec ""Silesiany"", ul. Batalionów Chłopskich 19, 58-200 Dzierżoniów";20202;"m. Dzierżoniów";"dzierżoniowski";"dolnośląskie";1;1;5;1;2;0;0;0;0;1;1;1;0;0;1;0;0;1;38;0;19;5;1;1;15;3;8;0;1;2;5;0;1;1;13;15;1;0;13;3;3;2;1;2;0;1;0;1;0;1;52;41;168;8;1;6;2;0;0;8;3;0;0;1;41;4;38;5;7;4;4;1;0;0;0;0;0;0;1;1;1;2;122;8;186;4;13;2;21;9;0;0;0;11;0;1;1;1;7;2;1;0;1;0;0;0;0;0;1
16;"Przedszkole Publiczne nr 1 im. Jana Brzechwy, ul. Batalionów Chłopskich 20, 58-200 Dzierżoniów";20202;"m. Dzierżoniów";"dzierżoniowski";"dolnośląskie";1;1;2;0;3;3;0;0;1;1;1;0;0;1;1;0;2;0;50;6;11;1;1;1;10;4;7;0;0;3;4;2;2;4;18;15;5;0;8;2;2;2;0;0;1;2;0;0;0;0;43;29;105;9;0;1;1;6;1;3;2;1;1;0;18;0;24;7;11;0;1;0;0;0;0;0;0;0;1;0;1;1;123;12;191;1;6;3;46;1;2;0;1;11;2;0;1;3;6;3;2;0;0;2;2;0;0;0;0
17;"Szkoła Podstawowa nr 9 im. Mikołaja Kopernika, ul. Mikołaja Kopernika 7, 58-200 Dzierżoniów";20202;"m. Dzierżoniów";"dzierżoniowski";"dolnośląskie";1;1;6;1;0;0;0;0;1;2;0;0;0;0;0;0;4;1;34;1;7;3;0;0;7;9;7;0;0;1;2;1;2;0;22;16;0;1;13;2;2;1;0;0;2;2;0;0;0;2;42;15;95;8;1;2;6;1;1;2;2;2;4;2;19;2;33;2;3;3;2;1;0;0;0;1;0;1;0;0;2;1;53;11;86;2;4;2;21;3;0;1;2;7;1;1;0;2;1;2;0;1;0;0;1;0;1;0;1
18;"Dzierżoniowski Ośrodek Kultury, ul. Świdnicka 23, 58-200 Dzierżoniów";20202;"m. Dzierżoniów";"dzierżoniowski";"dolnośląskie";1;1;3;0;0;1;0;0;1;1;0;1;1;0;1;1;1;0;18;6;17;0;0;3;12;4;11;0;2;0;5;0;0;0;24;12;2;0;9;0;3;1;0;5;5;1;0;2;1;4;60;29;123;6;5;1;7;1;1;1;0;1;1;0;29;2;44;7;11;1;0;1;2;3;1;0;0;0;2;2;2;0;99;5;180;5;9;4;18;2;1;2;3;16;4;1;0;1;4;2;1;0;0;1;0;0;0;0;0
19;"Dzienny Dom Senior+, ul. Świdnicka 35, 58-200 Dzierżoniów";20202;"m. Dzierżoniów";"dzierżoniowski";"dolnośląskie";1;1;1;3;1;0;0;0;0;0;0;0;0;1;0;0;2;0;31;2;9;1;2;0;9;4;8;1;0;2;3;0;0;0;24;12;1;0;9;0;0;1;0;0;2;0;0;1;0;3;51;14;147;9;0;1;3;1;1;1;1;0;1;0;35;0;30;7;5;0;0;0;1;2;0;0;0;1;0;1;3;3;79;14;139;5;4;2;20;1;1;0;0;8;0;1;0;1;3;3;2;0;0;1;0;0;0;0;0
20;"Ośrodek Pomocy Społecznej, ul. Szkolna 24, 58-200 Dzierżoniów";20202;"m. Dzierżoniów";"dzierżoniowski";"dolnośląskie";1;1;2;0;0;0;0;0;0;0;1;0;0;0;0;0;4;0;30;4;19;3;3;3;14;0;14;0;0;0;3;2;3;1;23;19;3;3;20;4;1;4;2;2;1;0;0;0;1;4;45;35;147;7;3;0;4;2;2;2;4;3;0;0;26;3;39;2;2;0;2;0;3;1;1;1;1;0;0;0;0;1;108;8;144;1;10;7;20;2;0;3;0;12;0;1;1;1;10;1;2;0;0;0;1;0;0;0;2
21;"Szkoła Podstawowa nr 3 im. Komisji Edukacji Narodowej, ul. Nowowiejska 64, 58-200 Dzierżoniów";20202;"m. Dzierżoniów";"dzierżoniowski";"dolnośląskie";1;1;5;1;4;0;0;1;0;0;0;2;0;0;0;0;7;0;20;7;20;4;3;4;14;3;14;0;1;2;4;1;1;2;15;7;0;2;12;0;4;2;1;1;5;1;0;0;2;2;44;21;156;15;1;2;3;1;3;7;1;1;3;3;15;3;44;5;9;0;4;0;4;1;0;1;0;0;0;0;0;2;74;8;117;2;5;1;13;2;0;1;3;7;0;1;2;2;11;4;1;3;2;1;0;0;0;0;1
22;"Areszt Śledczy, ul. Ząbkowicka 53, 58-200 Dzierżoniów";20202;"m. Dzierżoniów";"dzierżoniowski";"dolnośląskie";1;1;1;0;0;0;0;0;0;0;0;0;0;0;0;0;0;0;4;3;1;1;0;3;0;1;3;0;0;1;1;0;1;0;6;0;0;0;0;0;1;0;0;0;0;0;0;0;0;0;3;2;3;1;1;1;2;0;1;2;1;2;0;1;1;0;7;0;2;0;1;0;1;0;0;0;0;0;0;0;0;0;30;10;6;2;11;0;2;1;0;0;2;4;0;0;2;4;2;1;0;0;0;0;0;0;0;0;0
23;"Niepubliczny Zakład Opieki Zdrowotnej Szpital Powiatowy Sp. z o. o., ul. Cicha 1, 58-200 Dzierżoniów";20202;"m. Dzierżoniów";"dzierżoniowski";"dolnośląskie";1;1;0;0;0;0;0;0;0;0;0;0;0;0;0;0;0;0;1;0;0;0;1;0;0;0;0;0;0;0;0;0;0;0;0;0;0;0;0;0;0;0;0;0;0;0;0;0;0;0;3;0;2;0;0;0;0;0;0;0;0;0;0;0;0;0;0;0;0;0;0;0;0;0;0;0;0;0;0;0;0;1;3;2;2;0;0;0;0;0;0;0;0;1;0;0;0;0;0;0;0;1;0;0;0;0;0;0;0
1;"Niepubliczna Szkoła Podstawowa-Stowarzyszenie Nauczyciele Dzieciom, ul. Świdnicka 53, 58-250 Pieszyce";20203;"gm. Pieszyce";"dzierżoniowski";"dolnośląskie";1;1;0;0;2;0;0;0;1;1;0;2;0;0;0;0;3;0;26;2;9;0;2;6;12;9;11;0;0;1;2;0;2;1;9;3;0;0;7;0;0;0;2;2;1;0;0;0;0;2;70;15;126;3;0;2;6;1;0;4;0;0;0;0;6;2;18;1;3;2;3;0;1;0;1;0;0;0;0;0;0;0;42;2;86;1;8;3;2;1;0;0;1;4;0;0;1;1;2;1;0;0;0;0;0;0;0;0;0
2;"Szkoła Podstawowa nr 1 im. Pieszyckiej Harcerskiej Organizacji Podziemnej w Pieszycach-budynek D (hala sportowa), ul. Adama Mickiewicza 8, 58-250 Pieszyce";20203;"gm. Pieszyce";"dzierżoniowski";"dolnośląskie";1;1;4;1;2;1;0;0;0;4;0;2;0;1;0;0;4;1;29;6;9;2;4;6;7;4;17;0;0;0;2;0;2;2;24;15;1;0;12;2;2;2;1;1;5;1;0;2;0;3;53;32;183;12;3;1;3;1;1;3;3;4;4;3;21;2;38;5;7;0;0;0;2;1;2;4;1;0;1;1;0;4;92;8;177;5;9;3;10;4;1;1;1;17;5;2;2;4;11;10;2;2;0;0;0;0;0;0;0
3;"Szkoła Podstawowa nr 1 im. Pieszyckiej Harcerskiej Organizacji Podziemnej w Pieszycach, ul. Ogrodowa 23, 58-250 Pieszyce";20203;"gm. Pieszyce";"dzierżoniowski";"dolnośląskie";1;1;9;2;0;1;0;1;1;2;0;3;0;0;0;0;6;0;37;3;6;3;5;7;10;6;22;0;1;1;4;0;1;1;15;15;3;2;11;0;1;2;0;3;1;0;0;0;0;5;66;42;176;11;1;0;4;1;2;0;1;0;0;1;14;1;32;7;5;1;2;0;0;1;4;3;2;1;1;0;0;2;108;6;164;5;21;1;6;6;0;0;0;14;4;1;1;5;2;35;5;0;1;1;0;1;0;0;1
4;"Centrum Usług Społecznych w Pieszycach, ul. Mikołaja Kopernika 124, 58-250 Pieszyce";20203;"gm. Pieszyce";"dzierżoniowski";"dolnośląskie";1;1;7;0;0;0;1;1;0;6;0;4;1;1;0;1;4;0;29;2;8;3;4;6;12;7;15;0;2;1;4;3;0;0;17;11;0;0;8;2;1;2;0;0;2;0;0;2;1;3;57;18;165;12;4;0;3;0;0;0;1;1;0;0;7;4;51;3;4;0;0;0;0;0;1;0;1;1;1;1;1;2;70;16;112;3;5;5;6;2;2;1;2;8;0;0;0;2;5;8;1;1;1;0;0;0;0;0;1
5;"Sala Sołecka, Kamionki 60, 58-250 Pieszyce";20203;"gm. Pieszyce";"dzierżoniowski";"dolnośląskie";1;1;4;0;0;1;1;0;0;0;0;0;0;0;0;0;0;0;9;0;2;3;0;2;0;1;1;1;0;0;5;0;0;0;5;1;2;0;2;0;0;0;0;1;0;0;0;1;0;0;16;25;64;0;2;0;1;1;0;1;0;0;0;0;2;1;16;3;3;0;0;0;0;1;1;1;0;0;1;0;0;0;20;2;33;3;9;0;1;1;0;0;0;5;0;0;0;0;1;2;0;0;0;1;0;0;0;0;0
6;"Sala Sołecka, Piskorzów 48d, 58-250 Pieszyce";20203;"gm. Pieszyce";"dzierżoniowski";"dolnośląskie";1;1;1;0;0;0;1;1;2;0;0;0;0;0;0;0;0;0;7;0;4;0;2;0;7;2;3;0;0;0;0;0;1;1;7;4;3;0;2;0;1;1;0;0;0;0;0;0;0;0;22;31;55;9;0;0;1;1;0;1;0;1;0;0;2;1;14;4;6;3;1;0;0;1;0;1;0;0;0;0;1;0;40;1;74;2;4;0;0;2;1;0;0;1;0;0;0;1;8;12;1;0;1;1;0;0;0;0;0
7;"Filia Miejskiej Biblioteki Publicznej-Centrum Kultury w Pieszycach, Rościszów 51a, 58-250 Pieszyce";20203;"gm. Pieszyce";"dzierżoniowski";"dolnośląskie";1;1;2;0;0;0;0;0;1;1;0;1;0;0;0;0;0;0;18;1;2;0;0;2;2;1;8;0;0;0;2;1;3;1;3;13;2;0;5;0;0;0;0;0;0;0;0;0;0;3;27;6;63;5;1;0;3;0;1;6;2;0;1;0;7;1;17;4;2;1;2;2;0;0;0;1;0;0;0;0;0;0;33;4;63;3;5;5;5;1;1;0;2;3;1;0;0;0;2;12;2;1;0;0;0;1;0;0;1
8;"Sala wiejska w Bratoszowie, Bratoszów 52, 58-250 Pieszyce";20203;"gm. Pieszyce";"dzierżoniowski";"dolnośląskie";1;1;2;0;0;0;0;0;0;0;0;0;0;0;0;0;0;0;5;1;4;1;1;0;1;0;1;0;0;0;0;1;0;1;6;1;1;0;0;0;0;0;0;0;0;0;0;0;0;0;17;2;8;1;0;0;0;0;0;0;0;0;0;0;7;0;10;2;0;0;0;0;1;0;0;1;0;0;0;0;1;1;12;2;22;0;1;0;1;0;0;0;0;1;0;0;0;0;0;3;1;0;0;0;0;0;0;0;1
9;"Specjalistyczny Szpital Chorób Płuc w Rościszowie, Rościszów 11, 58-250 Pieszyce";20203;"gm. Pieszyce";"dzierżoniowski";"dolnośląskie";1;1;0;0;0;0;0;0;0;0;0;0;0;0;0;0;0;0;0;1;0;0;0;0;0;0;0;0;0;0;0;0;0;0;0;0;0;0;0;0;0;0;0;0;0;0;0;0;0;0;4;0;3;2;1;2;0;0;0;0;1;1;0;0;1;0;0;0;0;0;0;0;0;0;0;0;0;0;0;0;0;0;4;0;1;0;0;0;0;0;0;0;0;1;0;0;0;0;0;0;0;0;0;0;0;0;0;0;0
10;"Dom Pomocy Społecznej ""Zielone Wzgórza"" (budynek 2), Rościszów 84, 58-250 Pieszyce";20203;"gm. Pieszyce";"dzierżoniowski";"dolnośląskie";1;1;1;0;0;0;0;0;0;0;0;0;0;0;0;0;0;1;1;0;0;0;0;0;0;0;0;0;0;0;0;0;0;0;0;0;0;0;0;0;0;0;0;0;0;0;0;0;0;0;7;2;1;0;1;1;0;1;0;1;0;0;1;0;1;1;1;0;0;0;0;0;0;0;0;0;0;0;0;0;0;0;0;0;0;0;0;0;1;1;0;0;0;0;0;0;0;0;2;0;0;0;0;0;0;0;0;0;1
1;"Szkoła Podstawowa im. Krzysztofa Kamila Baczyńskiego, ul. Tadeusza Kościuszki 1, 58-240 Piława Górna";20204;"m. Piława Górna";"dzierżoniowski";"dolnośląskie";1;1;5;3;3;0;1;1;1;2;1;1;0;0;0;0;5;0;42;8;12;3;4;2;46;6;11;1;0;3;4;2;2;2;29;13;2;0;15;0;2;1;0;2;1;1;0;0;0;2;29;197;66;8;1;0;2;0;0;1;1;0;0;2;26;4;42;13;13;4;1;0;2;0;1;0;2;0;1;0;0;0;128;7;92;2;9;3;11;1;1;1;4;8;2;1;2;1;9;3;2;1;0;3;0;0;0;0;1
2;"Szkoła Podstawowa im. Krzysztofa Kamila Baczyńskiego, ul. Tadeusza Kościuszki 1, 58-240 Piława Górna";20204;"m. Piława Górna";"dzierżoniowski";"dolnośląskie";1;1;1;0;2;0;0;0;0;2;2;4;2;0;0;0;4;0;24;7;10;3;1;5;53;8;9;1;2;3;6;1;6;1;35;9;5;3;10;0;8;2;0;1;0;0;1;1;1;0;30;254;94;3;3;2;1;0;0;4;1;0;2;1;24;0;40;2;10;5;1;0;1;2;1;5;1;0;0;0;1;1;123;14;79;2;8;6;13;6;0;1;1;4;1;2;0;3;7;1;1;0;0;0;2;1;0;0;1
3;"Świetlica Ochotniczej Straży Pożarnej, ul. Bolesława Limanowskiego 3, 58-240 Piława Górna";20204;"m. Piława Górna";"dzierżoniowski";"dolnośląskie";1;1;7;0;5;1;0;0;0;1;0;1;0;0;0;0;0;0;16;1;14;1;1;4;51;4;11;1;0;2;2;0;0;3;17;13;0;2;11;3;0;1;1;2;5;1;1;1;1;3;17;258;55;8;3;2;1;0;2;0;1;0;0;0;22;1;39;2;7;0;0;2;1;1;2;2;1;0;2;1;3;3;102;10;99;3;7;0;18;3;1;0;2;4;1;2;0;1;6;3;6;0;0;0;0;0;0;0;0
1;"Centrum Biblioteczno-Kulturalne, ul. Kolejowa 12B, 58-116 Mościsko";20205;"gm. Dzierżoniów";"dzierżoniowski";"dolnośląskie";1;1;1;0;0;2;0;0;1;1;0;1;0;0;0;0;0;0;5;5;1;1;1;4;0;1;1;0;0;3;0;1;0;0;0;3;1;1;0;0;0;2;0;0;0;0;0;0;0;0;5;2;30;4;0;0;2;0;0;4;0;0;0;0;7;0;6;0;2;0;2;0;1;0;1;0;0;0;1;0;2;0;6;1;58;0;3;0;0;0;0;0;0;0;0;0;0;0;0;0;0;1;0;0;0;0;1;0;3
2;"Centrum Biblioteczno-Kulturalne, ul. Kolejowa 12B, 58-116 Mościsko";20205;"gm. Dzierżoniów";"dzierżoniowski";"dolnośląskie";1;1;2;0;1;0;0;0;0;0;0;0;0;0;0;0;2;0;17;1;2;1;0;1;0;1;1;1;0;2;0;0;0;4;5;3;0;0;3;0;0;0;0;0;0;0;0;1;0;2;28;13;42;3;3;1;0;0;0;2;4;0;0;1;12;2;9;5;5;0;2;2;0;1;0;0;2;0;1;0;1;1;13;1;142;2;4;3;3;0;0;2;0;0;0;0;0;1;5;3;1;1;0;0;0;0;0;0;1
3;"Sala Integracji Społecznej, Włóki 78, 58-207 Tuszyn";20205;"gm. Dzierżoniów";"dzierżoniowski";"dolnośląskie";1;1;0;0;0;0;0;0;0;1;0;0;0;0;0;0;0;0;16;0;1;0;2;0;2;3;3;0;0;0;3;0;0;0;12;1;0;0;0;0;1;0;0;1;0;0;0;1;1;2;11;14;35;1;1;0;1;1;0;2;1;0;0;0;21;0;20;0;4;1;0;1;0;0;1;0;0;0;0;0;0;0;19;1;119;0;0;0;2;1;0;1;0;1;0;0;1;0;3;1;2;0;0;0;1;1;0;0;0
4;"Szkoła Podstawowa im. Jana Pawła II, Tuszyn 47, 58-207 Tuszyn";20205;"gm. Dzierżoniów";"dzierżoniowski";"dolnośląskie";1;1;0;0;0;1;0;0;0;2;0;0;0;0;0;1;1;0;15;1;2;1;0;0;2;1;3;1;0;1;0;0;0;0;3;4;2;0;4;0;0;0;0;0;0;0;0;0;0;0;17;10;36;5;2;0;0;0;0;0;2;1;0;0;12;0;9;0;7;0;0;0;0;0;0;2;0;0;0;0;0;1;14;1;62;2;0;0;2;0;0;0;1;0;0;0;0;0;1;0;0;0;0;0;0;0;0;0;0
5;"Budynek integracji społecznej w Książnicy, Książnica 5B, 58-207 Tuszyn";20205;"gm. Dzierżoniów";"dzierżoniowski";"dolnośląskie";1;1;0;0;3;0;0;0;0;0;1;0;0;0;0;0;0;0;5;2;2;4;2;0;4;1;2;3;1;0;0;0;5;2;3;2;0;0;0;0;0;0;6;0;3;0;0;0;0;0;15;3;53;8;1;0;1;0;0;2;2;0;0;2;12;2;24;2;4;0;1;0;0;0;0;0;1;0;0;0;2;0;14;1;44;4;0;1;1;0;0;1;0;1;0;0;4;0;3;1;0;0;0;0;0;0;1;0;0
6;"Filia Nr 2 Biblioteki Publicznej, ul. Piastowska 1, 58-211 Uciechów";20205;"gm. Dzierżoniów";"dzierżoniowski";"dolnośląskie";1;1;4;0;0;0;0;0;1;2;0;1;0;0;1;0;1;1;19;5;6;1;1;3;11;2;9;0;0;1;2;2;1;1;12;7;1;2;4;1;2;2;0;0;1;0;0;1;0;2;59;14;124;6;0;1;2;0;0;5;6;2;0;2;25;1;27;0;6;3;0;2;0;0;1;1;0;0;0;0;0;3;22;2;135;0;3;1;3;1;0;0;0;1;0;0;0;0;6;7;1;0;0;1;2;0;0;0;4
7;"Centrum Kulturalno-Sportowo-Oświatowe, Dobrocin ul. Kościuszki 14A, 58-200 Dzierżoniów";20205;"gm. Dzierżoniów";"dzierżoniowski";"dolnośląskie";1;1;0;0;1;0;0;0;0;0;0;0;0;0;0;0;1;0;9;6;0;1;0;2;5;1;3;2;0;1;0;1;2;1;7;7;1;0;7;0;0;0;0;0;0;0;0;0;0;0;33;10;61;4;2;3;0;0;1;2;0;0;0;0;11;0;22;3;2;1;0;0;0;0;0;0;1;0;0;0;0;0;10;2;72;4;0;0;1;0;0;1;2;0;0;0;0;0;3;0;0;1;1;0;0;0;0;0;0
8;"Budynek wielofunkcyjny, Roztocznik 41A, 58-217 Gilów";20205;"gm. Dzierżoniów";"dzierżoniowski";"dolnośląskie";1;1;1;0;1;0;0;0;0;0;0;1;1;0;0;0;7;0;3;2;4;1;0;1;6;0;0;0;0;1;0;0;0;1;3;3;0;0;4;0;0;0;0;1;0;0;0;0;0;1;25;8;72;6;1;3;2;0;0;0;4;0;0;0;6;0;13;2;2;0;1;0;0;0;2;0;0;0;0;0;0;0;9;0;32;0;1;0;1;0;0;0;0;1;0;0;0;2;2;1;0;0;0;0;0;0;0;0;0
9;"Zespół Szkolno-Przedszkolny, ul. Główna 50, 58-241 Piława Dolna";20205;"gm. Dzierżoniów";"dzierżoniowski";"dolnośląskie";1;1;4;2;1;1;1;0;0;0;0;1;1;0;0;0;2;0;17;4;7;1;2;4;9;2;4;3;0;1;0;1;0;2;4;7;2;0;11;1;0;1;1;4;3;0;0;2;1;2;63;60;143;9;3;5;3;1;1;0;3;0;2;1;25;2;54;3;11;0;1;1;0;0;0;1;1;0;0;0;2;3;16;2;239;0;3;0;2;2;0;0;1;1;0;1;2;0;11;10;0;0;0;1;0;0;0;1;0
10;"Świetlica wiejska, Owiesno 88, 58-262 Ostroszowice";20205;"gm. Dzierżoniów";"dzierżoniowski";"dolnośląskie";1;1;2;0;0;0;0;0;0;0;0;1;0;0;0;0;1;0;11;1;1;3;0;1;6;3;11;0;0;0;1;0;0;0;3;3;0;2;2;3;0;0;0;0;0;0;0;0;0;1;26;12;61;1;0;0;1;0;0;1;3;0;0;1;7;1;18;1;7;3;0;1;0;3;1;0;0;0;0;0;4;1;16;3;68;2;2;2;3;1;0;1;0;6;1;0;0;1;1;0;0;0;0;0;1;0;0;0;2
11;"Zespół Szkolno-Przedszkolny, ul. Bielawska 58, 58-262 Ostroszowice";20205;"gm. Dzierżoniów";"dzierżoniowski";"dolnośląskie";1;1;0;0;0;2;1;1;0;0;0;0;0;0;0;0;0;0;14;4;6;2;0;3;8;4;18;1;0;2;4;0;2;2;6;10;6;1;9;1;1;1;0;3;2;0;0;1;0;2;73;22;116;4;4;3;3;0;1;1;3;0;0;0;13;0;16;0;18;0;0;0;3;0;0;0;0;0;0;0;0;0;50;3;158;1;6;3;1;0;0;0;0;22;1;1;1;0;4;0;0;0;0;0;0;0;0;0;0
12;"Domek Myśliwski, Jodłownik 40, 58-262 Ostroszowice";20205;"gm. Dzierżoniów";"dzierżoniowski";"dolnośląskie";1;1;1;0;0;0;1;0;0;0;0;0;0;0;0;0;0;0;6;2;1;0;1;0;1;2;4;0;0;0;0;0;0;0;6;1;1;0;3;1;0;1;0;0;0;0;0;0;0;1;22;15;63;6;0;1;1;0;0;0;1;0;0;1;6;1;5;1;2;1;2;0;0;0;0;0;0;0;0;0;0;0;5;0;47;0;0;0;2;0;0;0;0;9;0;0;0;1;2;0;0;0;0;0;0;0;0;0;0
13;"Sala Wiejska w Nowiźnie, ul. Długa 12, 58-116 Nowizna";20205;"gm. Dzierżoniów";"dzierżoniowski";"dolnośląskie";1;1;3;0;1;0;0;0;0;0;1;0;0;0;0;0;3;0;9;0;1;0;0;1;2;6;4;0;1;0;1;0;4;0;1;1;1;0;0;0;0;0;0;0;0;0;0;0;0;0;22;4;51;3;2;1;1;1;0;0;4;0;0;0;9;0;12;4;3;0;0;0;0;1;0;0;0;0;0;0;2;2;11;0;41;0;0;0;1;0;0;0;0;0;0;0;0;0;0;0;3;1;0;1;0;0;0;1;0
14;"Pałac w Kiełczynie, Kiełczyn 13, 58-207 Kiełczyn";20205;"gm. Dzierżoniów";"dzierżoniowski";"dolnośląskie";1;1;0;0;0;0;0;0;0;1;0;0;1;0;0;0;0;0;4;0;6;1;0;0;4;2;0;0;0;0;0;0;0;0;0;0;1;0;0;1;0;0;0;0;0;0;0;0;0;0;11;7;32;1;0;0;1;0;0;0;0;0;0;1;13;1;5;0;1;0;0;0;0;0;0;0;0;0;1;0;0;0;1;1;25;0;0;0;0;1;0;0;0;1;0;2;1;0;0;2;0;1;0;0;0;0;0;0;0
15;"Biuro Wychowawcy, ul. Błotnista 12, 58-241 Piława Dolna";20205;"gm. Dzierżoniów";"dzierżoniowski";"dolnośląskie";1;1;1;0;0;0;1;0;0;0;1;0;0;0;0;0;0;0;11;1;2;1;0;1;0;4;0;0;1;0;0;1;2;1;0;0;0;0;0;0;0;0;1;0;0;0;0;0;0;0;2;1;0;0;0;0;0;1;0;0;1;0;0;0;0;0;3;1;1;0;0;0;0;0;0;0;0;0;0;0;0;0;18;2;3;4;0;0;0;1;0;0;0;0;0;0;0;2;0;0;0;0;0;0;0;0;0;0;0
1;"Oddział przedszkolny Szkoły Podstawowej im. Jana Pawła II w Łagiewnikach, Jaźwina 79, 58-212 Jaźwina";20206;"gm. Łagiewniki";"dzierżoniowski";"dolnośląskie";1;1;5;0;0;1;1;0;4;1;0;2;0;0;1;0;2;0;15;2;5;1;1;1;8;4;8;0;0;2;0;2;0;3;15;2;0;0;7;0;0;1;0;0;2;1;0;0;0;3;57;28;114;5;2;2;2;2;0;11;2;0;1;3;10;2;18;2;2;1;0;2;0;0;1;0;0;0;1;0;3;16;44;3;59;2;4;1;6;2;0;3;1;6;0;10;2;0;7;1;0;0;0;1;1;0;0;0;0
2;"Sala Wiejska, Ratajno 55, 58-210 Łagiewniki";20206;"gm. Łagiewniki";"dzierżoniowski";"dolnośląskie";1;1;1;0;0;1;0;0;0;0;0;0;0;0;0;0;2;0;14;1;7;0;1;2;2;2;2;3;2;1;0;1;0;0;12;3;0;0;3;1;1;0;0;0;1;0;0;0;0;0;48;14;105;0;1;2;1;1;0;1;3;0;1;0;7;1;20;1;3;1;0;0;0;0;0;0;0;0;0;0;0;2;49;8;31;0;4;0;1;0;0;0;0;1;1;3;0;0;2;1;0;0;0;1;0;0;0;0;1
3;"Sala Wiejska, ul. Wesoła 9, 58-214 Oleszna";20206;"gm. Łagiewniki";"dzierżoniowski";"dolnośląskie";1;1;6;0;0;1;0;0;3;0;0;0;0;1;0;0;0;0;20;2;7;0;1;1;7;4;10;0;0;1;1;0;0;1;11;4;1;3;1;0;0;0;0;0;0;0;0;0;1;0;29;26;151;9;1;3;4;0;0;4;0;0;0;0;11;1;26;5;6;2;1;0;1;3;0;3;0;0;0;1;1;3;32;3;23;1;1;0;0;0;0;3;0;4;2;28;0;0;1;2;0;0;0;0;1;1;0;0;0
4;"Sala Wiejska, Radzików 56, 58-210 Łagiewniki";20206;"gm. Łagiewniki";"dzierżoniowski";"dolnośląskie";1;1;0;0;1;0;0;0;0;0;0;0;0;0;0;0;0;1;13;2;1;1;0;2;2;1;3;0;1;0;1;2;0;0;6;9;1;1;3;3;0;0;0;0;0;0;0;0;1;0;17;7;50;0;0;1;0;0;0;1;0;1;1;0;17;0;11;2;0;0;0;0;0;1;1;0;1;0;0;0;0;2;44;2;6;0;5;1;0;0;1;0;0;1;1;1;0;0;1;0;0;0;0;0;0;0;0;0;0
5;"Szkoła Podstawowa im. Jana Pawła II w Łagiewnikach, ul. Jedności Narodowej 38, 58-210 Łagiewniki";20206;"gm. Łagiewniki";"dzierżoniowski";"dolnośląskie";1;1;5;0;1;0;0;1;1;1;0;3;1;1;0;0;4;1;50;7;14;4;2;5;16;14;12;0;4;1;3;3;4;1;26;9;3;1;8;3;4;1;1;0;0;1;0;2;2;0;40;15;270;4;3;10;1;1;0;1;1;2;3;0;18;1;36;7;10;3;1;1;3;2;2;3;1;1;1;0;5;2;140;10;33;2;9;4;0;3;3;0;2;5;2;22;1;2;5;3;0;1;0;2;0;1;0;1;0
6;"Szkoła Podstawowa im. Jana Pawła II w Łagiewnikach, ul. Jedności Narodowej 38, 58-210 Łagiewniki";20206;"gm. Łagiewniki";"dzierżoniowski";"dolnośląskie";1;1;3;0;1;0;0;0;2;2;1;0;0;1;0;1;3;0;43;4;13;1;4;8;15;2;5;2;3;1;4;2;1;2;17;8;1;0;5;3;1;2;1;0;1;0;1;0;1;1;16;15;172;7;1;11;1;1;0;0;1;0;2;0;16;1;24;10;5;0;0;1;1;2;1;2;0;0;1;0;1;1;82;9;30;1;3;1;5;0;1;1;1;2;2;20;0;2;1;0;0;0;0;1;0;0;0;0;1
7;"Sala Wiejska, Ligota Wielka 57, 58-210 Łagiewniki";20206;"gm. Łagiewniki";"dzierżoniowski";"dolnośląskie";1;1;1;0;0;0;2;0;0;0;0;0;0;0;0;0;1;1;4;2;1;0;0;1;1;0;3;1;1;0;0;0;1;4;4;2;0;0;1;0;0;0;0;0;0;0;0;0;1;0;24;27;75;3;1;1;1;0;0;0;0;0;0;0;7;0;6;11;2;0;1;0;0;0;0;0;0;0;0;0;1;1;16;1;28;0;1;1;0;1;1;0;1;0;0;5;0;0;0;0;0;0;0;0;0;0;0;0;0
8;"Sala Wiejska, Słupice 89, 58-212 Jaźwina";20206;"gm. Łagiewniki";"dzierżoniowski";"dolnośląskie";1;1;1;0;1;0;0;0;1;1;0;2;0;0;0;0;1;0;12;0;3;1;2;1;3;2;0;0;0;1;1;0;3;0;9;0;1;1;3;1;3;0;1;0;2;0;0;1;0;0;51;25;60;1;0;3;2;1;2;3;4;1;0;0;9;2;10;1;0;2;1;0;0;0;1;0;0;0;0;0;0;2;14;1;20;0;5;2;0;3;0;0;0;1;1;4;0;0;4;1;1;0;0;0;0;1;0;0;0
9;"Sala Wiejska, Sienice 47, 58-210 Łagiewniki";20206;"gm. Łagiewniki";"dzierżoniowski";"dolnośląskie";1;1;0;0;0;0;0;0;0;0;0;1;0;0;0;0;0;0;5;3;1;0;1;2;9;1;0;0;0;1;0;0;0;1;5;3;1;0;3;0;2;0;0;0;1;2;0;0;1;0;24;9;56;0;0;10;0;0;0;1;0;2;0;0;2;0;10;0;2;0;1;0;2;0;1;0;0;0;0;0;0;0;10;0;4;1;0;0;1;0;1;0;0;0;3;0;0;0;0;0;1;0;0;0;0;0;0;0;0
10;"Świetlica Wiejska, Sokolniki 28, 58-210 Łagiewniki";20206;"gm. Łagiewniki";"dzierżoniowski";"dolnośląskie";1;1;0;0;0;0;0;0;0;0;1;0;0;0;0;0;1;0;3;1;1;0;1;2;5;1;2;0;0;0;1;1;0;0;2;0;1;0;0;0;0;0;0;0;0;1;0;0;0;0;8;5;56;0;0;2;3;0;1;1;2;1;3;0;10;0;1;0;4;0;0;0;0;0;0;1;0;0;0;0;0;2;12;0;6;0;4;1;0;1;0;0;0;0;0;1;0;0;2;0;0;0;0;0;0;0;0;0;0
1;"„Klub Senior+"", ul. Ogrodowa 1, 58-230 Niemcza";20207;"gm. Niemcza";"dzierżoniowski";"dolnośląskie";1;1;6;0;1;0;0;0;0;0;0;0;0;0;0;0;0;0;30;4;4;2;1;1;8;0;6;0;1;1;3;2;1;2;16;8;7;2;6;1;1;0;0;2;3;0;0;0;0;1;27;8;96;2;1;55;3;0;0;1;0;0;0;0;14;0;6;3;5;0;0;0;2;0;0;0;1;0;0;0;1;2;83;3;48;3;6;0;2;2;0;0;3;2;0;1;0;4;2;2;0;0;0;0;1;0;1;0;0
2;"Niemczański Ośrodek Kultury, rynek Rynek 32, 58-230 Niemcza";20207;"gm. Niemcza";"dzierżoniowski";"dolnośląskie";1;1;2;0;0;1;0;1;0;1;0;1;0;0;0;0;2;0;11;0;3;0;2;2;3;5;0;0;1;0;0;0;0;0;11;3;0;2;5;2;1;0;0;0;1;0;0;0;0;0;8;12;60;0;1;32;0;0;0;1;0;0;2;1;18;1;14;3;5;1;1;0;1;0;1;0;0;0;0;0;0;1;60;4;23;0;5;2;0;5;0;0;0;0;1;3;0;1;0;3;1;0;0;0;0;0;0;0;0
3;"Dom Pomocy Społecznej-filia w Niemczy, ul. Kolejowa 14 - 16, 58-230 Niemcza";20207;"gm. Niemcza";"dzierżoniowski";"dolnośląskie";1;1;4;1;0;0;0;0;1;0;0;5;0;0;0;0;4;0;25;2;2;1;0;0;9;2;2;1;0;1;2;0;2;4;12;11;2;0;6;0;1;3;0;0;0;0;1;0;0;0;37;24;84;3;0;40;1;1;0;1;1;0;3;1;17;1;15;2;5;0;2;1;0;2;1;0;0;0;1;0;3;0;80;1;25;3;6;2;4;3;0;1;0;3;0;0;0;1;1;0;0;0;0;1;1;2;0;1;1
4;"Niepubliczna Szkoła Podstawowa, Przerzeczyn-Zdrój ul. Zdrojowa 14, 58-231 Niemcza";20207;"gm. Niemcza";"dzierżoniowski";"dolnośląskie";1;1;5;1;0;0;0;0;0;0;0;0;0;1;1;0;1;0;10;2;2;0;0;1;2;2;0;0;0;2;1;0;2;0;13;5;0;1;6;1;0;0;1;0;0;0;0;0;3;2;70;17;51;2;0;8;0;0;0;0;0;0;0;0;5;0;17;0;2;0;1;0;2;0;1;0;0;0;2;0;2;3;66;5;25;5;6;1;0;0;0;0;0;3;0;0;0;0;0;0;0;0;0;0;0;0;0;0;0
5;"Budynek gminny, Wilków Wielki 26, 58-230 Niemcza";20207;"gm. Niemcza";"dzierżoniowski";"dolnośląskie";1;1;2;1;0;4;0;0;0;0;0;0;0;0;0;0;7;0;16;1;3;0;2;3;10;3;1;0;0;2;0;1;1;1;8;3;2;0;0;0;2;1;0;1;0;0;0;2;0;1;35;9;42;2;1;30;0;0;0;0;0;0;0;0;10;1;14;1;6;0;2;0;1;0;1;6;0;0;0;0;1;1;39;7;21;0;2;1;0;1;1;1;0;0;0;1;0;2;4;0;0;0;0;0;0;0;1;0;0
6;"Niepubliczna Szkoła Podstawowa, Gilów 49, 58-217 Niemcza";20207;"gm. Niemcza";"dzierżoniowski";"dolnośląskie";1;1;3;0;0;1;0;0;0;0;0;0;0;0;0;0;2;0;14;3;3;1;0;1;14;5;4;1;1;4;2;1;1;2;13;3;0;1;0;1;1;1;0;1;2;0;0;1;0;0;61;15;54;1;0;19;0;0;0;0;0;2;0;0;13;1;28;2;2;0;0;0;1;0;0;0;0;0;1;1;1;3;42;4;47;1;2;2;4;0;0;0;0;3;0;0;0;0;4;1;0;0;0;0;0;0;0;0;1
7;"Świetlica wiejska, Nowa Wieś Niemczańska 24/1, 58-231 Niemcza";20207;"gm. Niemcza";"dzierżoniowski";"dolnośląskie";1;1;1;0;1;0;0;0;0;0;0;1;0;0;0;0;0;0;10;1;1;0;0;1;7;4;1;0;0;1;1;1;1;0;6;1;0;0;1;0;0;1;0;0;0;0;0;0;0;0;26;3;25;3;0;10;0;0;0;0;0;0;0;0;6;0;6;1;0;1;2;0;2;0;0;1;0;0;0;0;0;0;19;4;13;0;1;0;0;0;0;0;0;1;0;0;0;0;1;0;0;0;0;0;0;0;0;0;0
1;"Ośrodek Pomocy Społecznej, ul. Juliusza Słowackiego 16, 57-340 Duszniki-Zdrój";20801;"m. Duszniki-Zdrój";"kłodzki";"dolnośląskie";1;1;2;0;0;1;1;1;0;0;1;0;1;0;0;1;1;0;13;7;2;0;1;3;0;8;1;1;2;3;0;1;0;1;10;2;1;14;3;0;3;0;1;0;1;2;0;0;0;0;19;3;70;4;4;0;2;0;1;3;0;1;0;0;5;1;10;4;1;2;0;0;0;0;1;0;2;2;0;0;2;2;94;4;0;2;2;1;2;2;0;0;0;0;5;7;2;0;3;1;2;0;0;0;1;0;0;0;3
2;"Miejski Zespół Szkół, ul. Józefa Wybickiego 2a, 57-340 Duszniki-Zdrój";20801;"m. Duszniki-Zdrój";"kłodzki";"dolnośląskie";1;1;5;3;1;3;2;0;0;1;0;0;0;0;0;1;0;0;34;13;3;1;1;2;2;4;1;1;6;2;1;1;0;1;9;9;3;11;3;5;1;0;1;2;1;1;0;0;0;3;28;9;141;5;10;2;2;1;3;1;1;0;0;0;9;3;15;2;7;1;1;0;2;1;2;1;0;0;0;1;5;0;213;5;7;0;8;0;0;3;2;0;0;1;15;20;1;0;10;0;0;1;1;0;0;0;0;0;0
3;"Miejski Zespół Szkół, ul. Sportowa 6, 57-340 Duszniki-Zdrój";20801;"m. Duszniki-Zdrój";"kłodzki";"dolnośląskie";1;1;2;0;0;1;3;0;3;2;0;0;0;0;2;0;2;0;24;15;6;0;3;1;4;1;5;1;8;1;0;2;0;1;15;16;1;10;5;5;2;1;0;1;1;2;0;0;1;0;35;5;159;8;5;0;3;1;0;3;2;0;0;1;11;3;19;5;2;1;1;0;2;0;0;2;0;2;0;2;1;1;217;6;3;0;1;3;0;3;0;1;0;0;9;13;1;4;11;0;0;0;1;0;0;0;0;1;0
4;"Dworek Chopina, ul. Zielona 7, 57-340 Duszniki-Zdrój";20801;"m. Duszniki-Zdrój";"kłodzki";"dolnośląskie";1;1;6;0;1;1;3;0;1;1;1;1;0;0;0;0;2;2;57;9;5;1;3;8;2;4;6;0;0;1;0;1;2;3;24;22;2;10;12;5;5;1;0;1;2;3;0;2;3;0;71;15;212;10;10;1;6;2;0;7;4;1;4;0;15;4;27;3;6;4;0;1;0;0;1;0;0;0;0;1;0;4;378;23;21;1;9;1;1;7;0;1;0;0;12;30;1;1;3;1;1;1;1;1;1;0;0;0;0
1;"Szkoła Podstawowa nr 2 im. Jana Pawła II, ul. Zamiejska 24, 57-300 Kłodzko";20802;"m. Kłodzko";"kłodzki";"dolnośląskie";1;1;3;3;1;1;1;0;1;3;1;0;1;0;0;0;0;1;31;39;7;0;0;3;2;1;3;0;0;5;4;1;0;2;9;5;2;22;0;6;2;0;1;1;1;0;0;0;0;0;50;4;94;11;9;0;0;2;0;0;2;1;0;0;13;2;10;2;4;1;1;1;0;1;3;3;1;2;0;0;3;6;212;4;4;3;5;2;0;0;0;0;0;0;1;8;1;4;0;1;1;1;0;0;0;0;0;0;2
2;"Przedszkole nr 3 w Kłodzku, ul. Warty 6, 57-300 Kłodzko";20802;"m. Kłodzko";"kłodzki";"dolnośląskie";1;1;2;3;1;0;0;0;1;0;0;0;1;0;0;0;2;1;33;52;3;2;0;3;3;0;1;0;1;1;1;0;3;2;4;6;2;17;0;5;0;0;0;1;1;1;0;0;0;0;43;8;87;11;2;0;1;0;0;1;2;1;1;1;8;5;10;4;4;1;0;1;0;1;0;0;0;1;0;0;1;1;308;6;5;0;3;2;0;1;0;0;0;2;0;9;0;1;14;0;2;0;0;1;0;0;0;0;0
3;"Szkoła Podstawowa nr 7 w Kłodzku im. T. Kościuszki, ul. H. Sienkiewicza 61, 57-300 Kłodzko";20802;"m. Kłodzko";"kłodzki";"dolnośląskie";1;1;1;1;1;1;1;0;1;2;0;1;0;0;0;0;2;0;33;42;1;1;1;1;4;1;0;0;7;8;0;1;0;1;7;12;4;10;1;9;1;1;0;0;3;1;1;0;1;4;50;13;91;5;9;0;5;2;0;1;2;2;0;1;18;1;17;3;2;5;0;0;1;0;2;1;0;2;0;1;1;0;321;15;2;2;4;2;2;3;0;0;0;0;1;13;2;3;4;0;1;1;0;0;0;0;0;0;0
4;"ZAMG GM Kłodzko Sp. z o. o., ul. Grunwaldzka 29, 57-300 Kłodzko";20802;"m. Kłodzko";"kłodzki";"dolnośląskie";1;1;2;1;0;2;1;1;1;0;1;1;1;0;2;0;1;1;19;28;0;1;1;2;2;2;2;1;0;2;0;0;1;1;3;3;0;13;3;7;0;2;0;0;0;0;0;0;0;1;43;4;72;11;14;0;3;1;0;7;1;2;0;1;16;5;16;2;5;0;0;0;1;2;4;2;4;2;0;2;0;0;177;2;3;4;2;4;0;1;0;0;0;0;2;10;0;1;6;2;0;2;2;1;0;0;0;0;0
5;"Przedszkole nr 1 w Kłodzku, ul. Grunwaldzka 4, 57-300 Kłodzko";20802;"m. Kłodzko";"kłodzki";"dolnośląskie";1;1;3;5;1;0;1;0;1;0;1;1;0;1;0;0;2;1;26;42;3;1;2;2;0;3;1;0;1;2;2;0;0;0;12;4;2;54;2;1;1;1;0;0;5;3;1;0;0;0;55;18;80;8;11;0;7;0;0;8;2;0;0;1;16;8;17;5;2;2;3;1;0;0;0;1;0;0;0;0;4;2;242;3;4;2;2;3;0;3;0;0;0;0;2;10;0;3;0;2;1;0;0;1;0;0;0;0;0
6;"Ośrodek Pomocy Społecznej w Kłodzku, ul. Stanisława Wyspiańskiego 2d, 57-300 Kłodzko";20802;"m. Kłodzko";"kłodzki";"dolnośląskie";1;1;2;5;0;0;0;0;0;0;0;1;0;0;0;0;1;1;34;33;2;1;0;3;5;0;0;0;5;1;1;2;2;3;13;10;1;20;3;1;0;0;0;0;2;3;0;1;0;0;49;5;82;8;10;1;4;2;0;3;5;1;0;1;16;3;20;4;6;1;1;0;0;0;2;0;0;1;0;1;3;0;249;5;6;1;1;7;2;0;0;0;1;0;0;13;0;2;1;0;1;0;0;1;0;2;0;1;0
7;"Urząd Miasta, pl. Bolesława Chrobrego 1, 57-300 Kłodzko";20802;"m. Kłodzko";"kłodzki";"dolnośląskie";1;1;3;1;0;0;0;0;1;1;0;1;1;0;0;1;2;2;31;48;2;1;0;4;2;2;1;0;3;0;0;0;0;1;12;10;2;24;3;3;0;2;0;0;0;1;0;0;0;2;79;14;118;11;8;4;2;2;1;4;6;1;2;0;8;4;28;1;6;2;1;0;0;0;0;0;0;1;0;1;1;1;155;3;5;0;0;3;0;3;0;1;0;0;0;7;0;0;10;0;0;0;3;0;1;1;0;1;0
8;"Szkoła Podstawowa nr 1 im. Adama Mickiewicza w Kłodzku, ul. Zawiszy Czarnego 5, 57-300 Kłodzko";20802;"m. Kłodzko";"kłodzki";"dolnośląskie";1;1;5;1;0;1;1;0;0;1;0;0;0;1;0;0;0;0;21;31;2;2;1;0;1;1;2;0;2;2;0;0;1;0;16;5;3;20;3;4;1;3;1;0;0;1;0;0;0;0;43;7;72;3;9;3;5;3;0;3;2;2;0;0;13;2;28;5;5;1;1;1;2;2;2;5;0;0;0;1;2;2;169;2;9;0;2;5;1;2;1;0;0;0;0;16;0;0;1;0;1;0;0;1;0;0;0;0;0
9;"Muzeum Ziemi Kłodzkiej w Kłodzku, ul. Ignacego Łukasiewicza 4, 57-300 Kłodzko";20802;"m. Kłodzko";"kłodzki";"dolnośląskie";1;1;1;2;1;1;0;0;2;2;0;0;0;0;2;1;0;0;20;29;2;2;1;1;6;5;1;0;4;2;0;1;1;2;12;10;0;13;4;9;1;1;1;0;2;2;0;0;0;0;85;7;98;11;17;1;5;5;1;3;8;2;2;1;10;9;29;1;2;0;0;0;1;0;2;2;1;2;1;1;1;5;225;4;3;2;5;2;2;1;2;0;0;0;2;9;1;0;8;0;0;1;0;1;0;0;0;0;1
10;"Szkoła Podstawowa nr 3 im. kpt. Stanisława Betleja w Kłodzku, ul. Jana Pawła II 4, 57-300 Kłodzko";20802;"m. Kłodzko";"kłodzki";"dolnośląskie";1;1;4;3;0;0;0;1;1;0;0;0;0;1;1;0;2;1;25;41;3;0;0;1;8;3;3;0;7;1;1;1;1;0;7;5;1;32;1;5;0;0;2;0;2;7;0;1;1;1;73;15;99;17;4;0;2;3;0;7;7;1;0;3;22;2;19;2;6;3;0;2;2;0;0;1;2;4;1;0;2;0;327;4;2;1;3;5;0;4;0;0;0;0;0;19;0;1;4;0;0;0;1;0;1;0;0;0;2
11;"Kłodzki Ośrodek Kultury, pomieszczenie galerii, pl. Władysława Jagiełły 1, 57-300 Kłodzko";20802;"m. Kłodzko";"kłodzki";"dolnośląskie";1;1;0;2;2;0;1;0;1;4;0;1;0;0;0;0;1;2;32;28;1;0;1;4;1;4;2;0;2;0;0;0;0;2;15;11;1;28;2;9;1;2;0;0;3;1;1;1;1;1;66;12;87;8;15;3;2;0;0;10;5;0;0;0;18;6;17;5;5;2;3;0;2;0;2;0;0;1;0;0;1;0;247;7;5;0;1;0;0;1;0;0;0;1;0;24;1;0;8;0;2;1;0;0;0;0;0;2;0
12;"Przedszkole nr 4 z Oddziałami Integracyjnymi i Oddziałami Specjalnymi im. Jana Brzechwy w Kłodzku, ul. Bohaterów Getta 9, 57-300 Kłodzko";20802;"m. Kłodzko";"kłodzki";"dolnośląskie";1;1;4;1;0;0;2;0;0;2;1;1;1;0;0;2;0;0;21;33;2;1;2;2;2;2;0;0;4;3;0;1;1;1;6;10;3;11;2;13;0;1;0;0;2;0;0;0;0;1;64;4;98;14;10;2;8;3;1;3;6;2;1;2;14;4;24;2;6;1;0;0;1;1;1;2;0;0;2;1;3;4;237;7;10;1;4;0;1;2;1;1;0;2;1;12;2;0;5;1;0;2;0;0;2;0;1;0;2
13;"Szkoła Podstawowa nr 6 im. Unii Europejskiej w Kłodzku, ul. Bohaterów Getta 22, 57-300 Kłodzko";20802;"m. Kłodzko";"kłodzki";"dolnośląskie";1;1;2;0;0;1;1;0;0;2;0;0;0;0;0;0;0;1;24;51;1;0;3;0;7;2;2;1;3;2;1;1;1;0;12;7;2;28;1;2;2;1;0;0;3;0;0;0;1;2;80;11;114;6;6;0;6;1;0;4;0;1;1;2;7;7;7;4;3;1;2;1;1;0;0;1;0;1;0;0;0;1;248;5;10;1;2;2;1;2;0;1;0;0;2;28;0;4;4;0;0;0;0;0;0;0;0;1;0
14;"Hala sportowa w Kłodzku, ul. Janusza Kusocińskiego 2, 57-300 Kłodzko";20802;"m. Kłodzko";"kłodzki";"dolnośląskie";1;1;3;0;0;0;4;1;0;0;0;1;0;0;0;0;0;0;25;44;4;4;2;0;2;1;1;0;7;2;0;1;0;1;8;8;3;18;0;6;2;1;0;0;4;0;0;1;1;0;71;14;120;7;9;1;10;1;2;3;4;0;3;8;0;0;14;2;9;1;0;0;0;0;0;2;0;2;0;0;0;3;244;5;4;1;1;2;0;0;0;0;0;0;1;7;2;0;2;0;1;0;0;0;0;0;1;0;0
15;"Dom Działkowca ROD w Kłodzku ""Perła"", ul. Łąkowa 7, 57-300 Kłodzko";20802;"m. Kłodzko";"kłodzki";"dolnośląskie";1;1;2;1;3;0;3;0;2;2;0;0;0;0;0;0;2;1;44;54;4;0;0;4;0;0;2;1;9;1;0;0;1;5;13;20;3;36;3;23;2;2;2;0;1;1;0;1;1;0;102;7;175;16;8;3;2;0;1;5;5;3;0;3;23;4;23;1;8;2;2;0;1;0;0;2;2;3;0;1;5;1;361;9;3;2;2;0;0;1;4;0;3;1;2;29;0;3;6;1;2;0;0;0;1;0;0;0;1
16;"Kryta Pływalnia, ul. Jana Pawła II 4, 57-300 Kłodzko";20802;"m. Kłodzko";"kłodzki";"dolnośląskie";1;1;6;0;2;1;2;0;2;2;1;0;0;0;0;0;2;2;44;68;3;0;0;2;6;5;0;0;6;3;1;1;0;2;8;20;0;35;3;6;2;1;1;0;2;1;0;0;0;0;118;15;149;10;8;1;5;3;4;4;3;0;1;2;20;5;33;1;8;0;3;1;2;2;1;0;0;5;0;1;1;4;346;10;4;0;3;0;1;1;0;0;0;0;0;28;1;2;8;0;2;0;0;0;2;0;0;1;3
17;"Szkoła Podstawowa nr 3 im. kpt. Stanisława Betleja w Kłodzku, Sala Gimnastyczna, ul. Jana Pawła II 4, 57-300 Kłodzko";20802;"m. Kłodzko";"kłodzki";"dolnośląskie";1;1;5;5;2;1;1;0;0;1;1;1;0;1;0;1;0;1;58;46;7;0;2;4;8;4;3;0;7;2;0;0;2;2;25;13;3;26;4;17;0;3;0;0;2;1;1;0;1;2;98;13;175;10;13;0;2;3;0;0;4;1;1;2;22;3;28;3;2;1;1;0;1;2;2;2;0;0;2;0;1;1;440;2;3;0;4;1;0;3;0;2;0;1;5;32;0;2;4;1;0;0;0;2;0;0;0;0;0
18;"Samodzielny Publiczny Zespół Opieki Zdrowotnej w Kłodzku, ul. Szpitalna 1, 57-300 Kłodzko";20802;"m. Kłodzko";"kłodzki";"dolnośląskie";1;1;1;1;0;0;0;0;1;0;0;0;0;0;0;0;0;1;2;1;0;0;0;0;0;0;0;0;0;0;0;0;0;0;2;0;1;1;1;0;0;0;0;0;0;1;0;1;0;0;5;2;5;2;4;0;1;1;0;1;2;1;1;0;2;1;0;0;0;0;0;0;0;0;2;0;0;0;0;0;0;0;16;0;1;0;0;2;0;0;0;0;0;0;0;0;0;0;1;0;0;0;0;0;0;1;0;0;0
19;"Zakład Karny w Kłodzku, ul. Bohaterów Getta 16, 57-300 Kłodzko";20802;"m. Kłodzko";"kłodzki";"dolnośląskie";1;1;3;0;1;2;1;2;0;8;0;2;2;0;1;0;5;1;24;9;3;2;3;1;1;5;2;0;0;1;2;1;1;3;8;2;1;2;3;0;0;0;0;1;2;1;0;1;0;0;7;3;3;1;1;0;0;2;0;5;2;3;1;1;2;3;12;1;2;0;3;0;0;0;0;2;0;1;0;0;1;1;154;17;13;9;13;4;4;11;3;3;3;0;4;2;1;2;2;0;0;1;0;0;0;0;1;0;0
1;"Kudowskie Centrum Kultury i Sportu, ul. Główna 43, 57-350 Kudowa-Zdrój";20803;"m. Kudowa-Zdrój";"kłodzki";"dolnośląskie";1;1;6;3;1;0;0;0;1;2;0;0;1;1;1;0;2;1;42;15;4;3;1;5;3;11;6;1;6;5;0;0;0;6;26;9;3;18;6;3;5;2;1;2;3;2;0;3;0;1;129;16;157;11;5;0;6;4;1;4;3;2;1;2;17;8;31;8;6;1;3;1;0;0;1;5;0;2;0;3;7;4;279;9;14;4;18;0;3;7;0;2;3;1;5;16;1;6;12;0;1;1;0;1;0;0;0;0;0
2;"Zespół Szkół Publicznych im. Jana Pawła II, ul. Szkolna 8, 57-350 Kudowa-Zdrój";20803;"m. Kudowa-Zdrój";"kłodzki";"dolnośląskie";1;1;4;1;1;0;0;0;1;3;0;2;0;0;0;0;1;1;31;11;4;5;1;7;5;6;4;0;1;5;2;3;3;1;16;9;4;8;4;5;1;0;0;0;2;1;1;1;1;1;80;10;117;2;1;1;1;2;0;2;1;4;0;2;14;0;17;2;2;1;0;0;1;0;0;1;0;0;1;0;5;0;239;15;9;3;10;4;2;3;1;2;1;1;5;25;0;2;11;2;0;0;0;3;0;0;0;0;0
3;"Punkt Informacyjno-Konsultacyjny GKRPA, ul. Poznańska 2, 57-350 Kudowa-Zdrój";20803;"m. Kudowa-Zdrój";"kłodzki";"dolnośląskie";1;1;3;1;0;0;1;0;0;2;0;1;2;0;0;0;2;0;71;14;10;6;6;3;2;8;7;1;4;6;2;3;4;2;37;15;1;19;3;2;2;1;1;2;2;3;0;1;1;2;118;10;158;17;4;0;5;2;1;6;5;2;1;2;20;7;19;2;4;3;1;1;1;1;2;5;0;1;2;3;2;2;368;14;17;2;22;19;1;5;1;2;2;1;6;16;3;4;10;2;1;0;0;2;1;0;1;0;2
4;"Szkoła Podstawowa Nr 3 im. ""100-lecia Odzyskania Niepodległości"", ul. Tadeusza Kościuszki 58, 57-350 Kudowa-Zdrój";20803;"m. Kudowa-Zdrój";"kłodzki";"dolnośląskie";1;1;2;0;2;1;0;3;2;2;1;2;0;0;0;0;2;3;28;15;4;5;1;4;5;12;7;1;0;4;3;1;0;3;19;12;6;12;2;3;1;5;0;0;4;1;0;0;0;1;90;11;109;18;4;3;2;3;0;5;4;4;2;2;8;8;31;1;4;3;2;1;0;3;3;1;1;0;1;1;4;1;290;4;6;0;9;10;2;4;0;0;0;0;2;17;3;1;4;3;0;0;1;2;0;1;1;2;2
5;"Społeczny Zespół Szkolno-Przedszkolny, ul. Słone 72, 57-350 Kudowa-Zdrój";20803;"m. Kudowa-Zdrój";"kłodzki";"dolnośląskie";1;1;2;1;2;2;0;0;0;0;0;2;0;0;0;0;2;2;26;4;2;2;1;4;1;9;3;0;2;2;1;0;1;1;9;10;1;6;2;4;0;3;0;2;0;0;0;0;0;0;40;8;116;3;6;2;6;0;0;1;4;0;0;3;12;4;13;3;0;1;5;2;0;0;1;1;3;2;0;2;1;0;131;4;3;2;8;1;1;2;0;1;0;0;6;14;1;0;7;3;1;1;0;0;0;0;0;0;2
6;"Kudowski Zakład Wodociągów i Kanalizacji, ul. Aleksandra Fredry 8, 57-350 Kudowa-Zdrój";20803;"m. Kudowa-Zdrój";"kłodzki";"dolnośląskie";1;1;7;2;0;0;0;2;2;0;0;1;1;0;0;0;0;0;21;8;5;1;0;4;4;3;2;0;2;2;0;0;0;0;6;7;0;6;1;1;1;0;0;1;0;0;0;0;0;0;39;8;97;4;1;1;2;1;1;4;2;1;2;0;7;1;13;3;3;1;0;0;0;1;0;1;0;0;1;0;2;0;107;4;3;0;8;1;0;1;0;0;0;0;1;7;1;0;3;0;0;0;1;0;2;0;0;0;0
7;"Zespół Szkół Publicznych im. Jana Pawła II, ul. Szkolna 8, 57-350 Kudowa-Zdrój";20803;"m. Kudowa-Zdrój";"kłodzki";"dolnośląskie";1;1;6;1;0;0;0;1;0;2;0;3;0;0;0;1;2;1;36;9;14;1;5;6;3;5;2;0;2;6;1;1;0;2;19;13;4;25;5;4;4;0;0;2;4;2;0;0;3;1;101;9;149;9;5;2;8;0;1;5;6;3;1;1;17;1;24;3;4;3;2;3;0;1;2;2;0;0;1;4;1;2;341;8;10;4;13;3;2;1;1;2;0;1;4;20;1;0;4;0;2;2;0;0;1;0;0;0;1
8;"Szpital Uzdrowiskowo-Rehabilitacyjny w Kudowie-Zdroju, ul. Zdrojowa 36c, 57-350 Kudowa-Zdrój";20803;"m. Kudowa-Zdrój";"kłodzki";"dolnośląskie";1;1;1;0;1;0;0;0;0;0;0;0;0;1;0;0;0;0;6;2;0;1;0;0;1;1;0;0;0;0;0;0;0;1;3;2;0;0;2;0;0;0;0;0;0;1;0;0;0;1;21;4;41;2;0;0;1;0;0;1;1;0;1;0;6;1;2;0;0;0;0;0;0;0;0;0;0;0;0;0;0;0;37;2;5;0;7;2;0;0;0;0;1;0;1;0;0;1;0;0;0;0;0;1;0;0;0;0;0
9;"Samodzielny Publiczny Zakład Opieki Zdrowotnej Sanatorium Uzdrowiskowe ""Bristol"" Ministerstwa Spraw Wewnętrznych i Administracji w Kudowie-Zdroju, ul. Stefana Okrzei 1, 57-350 Kudowa-Zdrój";20803;"m. Kudowa-Zdrój";"kłodzki";"dolnośląskie";1;1;0;0;0;0;0;0;0;1;0;0;0;0;0;0;0;1;14;0;0;0;0;1;2;1;0;0;0;1;0;0;0;0;5;2;0;4;0;0;0;0;0;0;0;0;0;0;0;0;27;10;31;7;3;2;5;1;1;1;0;1;1;0;3;1;1;0;1;2;1;0;0;0;0;1;0;0;0;0;0;0;29;4;5;1;3;1;0;1;0;0;0;0;0;0;0;1;1;0;0;0;0;0;0;0;0;0;0
1;"Miejska Biblioteka Publiczna w Nowej Rudzie, ul. Bohaterów Getta 10, 57-400 Nowa Ruda";20804;"m. Nowa Ruda";"kłodzki";"dolnośląskie";1;1;3;0;2;0;0;0;0;0;1;1;0;1;0;0;1;6;34;2;1;1;1;1;1;8;4;0;2;2;0;1;0;3;11;8;1;4;3;0;0;1;1;1;3;1;0;3;0;2;41;7;76;24;32;0;9;1;0;4;7;0;2;5;7;4;28;1;5;1;2;0;2;0;2;1;0;0;3;0;1;2;270;12;5;0;1;2;1;0;0;0;0;1;0;2;0;0;7;3;0;0;0;0;1;0;0;0;1
2;"Miejski Ośrodek Kultury w Nowej Rudzie, ul. Strzelecka 2a, 57-400 Nowa Ruda";20804;"m. Nowa Ruda";"kłodzki";"dolnośląskie";1;1;12;1;1;0;1;0;3;6;0;2;0;0;0;0;0;18;60;18;8;1;4;4;1;12;3;0;4;3;4;1;2;4;17;29;8;7;3;4;2;2;0;0;0;0;1;17;2;1;50;16;97;25;34;4;2;0;0;9;2;3;1;3;18;8;39;10;7;2;0;0;0;3;1;1;0;0;0;0;1;2;463;4;13;2;7;0;0;4;0;0;0;0;0;4;0;4;2;0;8;0;1;0;0;0;0;0;1
3;"Liceum Ogólnokształcące im. Henryka Sienkiewicza, os. Osiedle Piastowskie 17, 57-400 Nowa Ruda";20804;"m. Nowa Ruda";"kłodzki";"dolnośląskie";1;1;3;1;1;1;0;0;2;2;1;1;0;1;0;0;1;5;48;9;8;0;5;3;6;0;2;0;0;1;1;2;8;1;41;15;4;5;5;3;0;1;0;0;2;2;0;6;1;6;60;13;156;16;51;5;2;0;1;3;6;1;3;8;46;3;21;4;4;3;0;0;1;0;1;1;0;0;1;1;1;0;415;3;5;4;10;3;2;2;0;0;0;0;1;8;1;0;8;0;2;1;0;0;1;0;0;0;0
4;"Liceum Ogólnokształcące im. Henryka Sienkiewicza, os. Osiedle Piastowskie 17, 57-400 Nowa Ruda";20804;"m. Nowa Ruda";"kłodzki";"dolnośląskie";1;1;0;0;0;0;0;0;1;3;0;1;0;0;1;0;1;4;12;3;0;3;0;0;0;2;0;0;3;1;0;0;2;0;13;15;2;3;3;2;1;0;0;0;2;0;0;2;1;0;27;3;67;13;21;0;3;3;0;2;0;3;1;3;9;4;10;2;3;2;0;0;0;0;0;1;1;0;0;0;1;1;184;4;8;0;4;4;0;0;1;2;0;0;2;0;1;0;6;0;2;1;0;0;2;0;0;0;2
5;"Noworudzka Szkoła Techniczna w Nowej Rudzie, ul. Obozowa 9, 57-401 Nowa Ruda";20804;"m. Nowa Ruda";"kłodzki";"dolnośląskie";1;1;4;0;0;0;0;0;0;0;0;0;0;0;0;0;0;1;15;3;3;3;0;1;2;1;3;0;0;1;1;0;2;0;6;8;1;2;1;0;2;0;0;0;1;0;0;1;0;0;34;7;54;10;20;1;3;0;1;1;1;3;1;2;9;0;16;5;3;0;2;0;0;1;1;1;0;0;0;0;2;3;183;2;2;1;3;6;0;0;0;0;0;0;0;0;0;0;4;0;2;0;0;0;0;0;0;0;0
6;"Zespół Szkolno-Przedszkolny nr 1 w Nowej Rudzie, ul. Stara Droga 39, 57-401 Nowa Ruda";20804;"m. Nowa Ruda";"kłodzki";"dolnośląskie";1;1;2;1;0;0;0;0;0;1;0;1;0;0;0;0;1;6;21;14;3;0;1;1;1;2;1;1;0;0;0;0;2;1;5;9;0;1;5;4;0;2;0;0;3;0;0;2;0;0;29;3;58;8;7;0;4;0;0;2;4;0;1;1;3;5;20;3;3;0;0;0;0;0;0;0;0;0;0;0;0;2;160;0;2;0;3;0;1;1;0;0;0;0;2;0;0;0;6;2;2;2;1;1;0;0;0;0;1
7;"Zespół Szkolno-Przedszkolny nr 1 w Nowej Rudzie, ul. Stara Droga 39, 57-401 Nowa Ruda";20804;"m. Nowa Ruda";"kłodzki";"dolnośląskie";1;1;1;0;4;0;0;0;1;1;0;0;0;0;0;0;0;5;31;7;1;2;1;0;2;3;1;1;0;1;3;1;4;3;6;16;0;0;0;3;0;1;0;0;0;1;0;3;0;1;30;16;70;20;17;1;6;1;0;3;2;2;0;3;9;14;20;4;5;0;0;0;1;0;0;4;3;0;1;1;5;1;247;7;2;0;13;4;0;1;0;0;1;0;1;0;2;1;2;0;0;0;0;2;1;0;0;0;0
8;"Filia Szkoły Podstawowej nr 2 im. Janusza Korczaka w Nowej Rudzie, ul. Srebrna 11, 57-400 Nowa Ruda";20804;"m. Nowa Ruda";"kłodzki";"dolnośląskie";1;1;1;0;0;0;0;0;0;0;0;0;0;0;0;0;0;11;13;3;3;1;1;3;0;2;0;0;1;0;0;0;2;1;13;9;0;2;0;2;1;1;0;0;0;0;0;0;1;1;36;4;49;15;23;0;5;2;0;1;0;0;1;5;2;0;15;1;2;0;2;0;1;1;1;0;1;0;0;0;1;1;172;4;2;0;0;0;2;1;0;0;0;1;1;1;0;1;4;0;1;1;0;0;0;0;0;0;0
9;"Szkoła Podstawowa nr 7 im. Tadeusza Kościuszki w Nowej Rudzie, ul. Szkolna 3, 57-402 Nowa Ruda";20804;"m. Nowa Ruda";"kłodzki";"dolnośląskie";1;1;6;1;1;1;0;0;0;2;0;0;1;0;0;0;0;3;34;10;2;0;1;2;3;4;3;0;0;2;1;1;1;0;24;30;1;4;1;3;2;3;0;0;0;2;0;9;0;0;46;9;102;21;51;1;4;2;0;3;5;1;1;3;15;5;29;2;7;2;1;0;1;0;2;0;0;0;0;0;0;3;441;7;5;1;8;1;0;0;0;0;0;0;4;2;0;1;16;0;2;1;0;0;1;0;0;0;1
10;"Filia Miejskiej Biblioteki Publicznej w Nowej Rudzie, ul. Słupiecka 2, 57-402 Nowa Ruda";20804;"m. Nowa Ruda";"kłodzki";"dolnośląskie";1;1;7;1;3;0;1;0;2;0;0;1;0;0;0;0;1;2;60;17;2;2;0;0;2;3;0;0;2;4;1;0;1;0;27;19;0;6;1;6;1;1;0;0;1;0;0;4;0;4;50;12;157;26;64;2;4;0;0;2;7;2;0;1;10;3;22;2;4;1;2;0;1;1;3;2;0;2;0;0;0;0;500;8;6;1;4;3;0;4;0;1;0;0;0;3;0;1;12;0;3;1;0;2;0;1;0;0;0
11;"Szkoła Podstawowa nr 7 im. Tadeusza Kościuszki w Nowej Rudzie, ul. Akacjowa 8, 57-402 Nowa Ruda";20804;"m. Nowa Ruda";"kłodzki";"dolnośląskie";1;1;4;0;2;0;0;0;0;3;0;1;2;0;1;0;0;8;80;13;2;0;3;0;9;6;6;0;0;3;4;1;5;4;20;18;2;6;3;6;3;0;0;0;1;2;0;2;0;2;60;9;144;22;73;2;3;0;4;0;4;5;0;4;12;3;31;4;10;0;1;1;2;3;1;1;0;0;0;2;2;1;384;5;1;0;4;6;0;3;0;0;2;0;3;1;1;0;12;1;1;0;0;0;0;0;0;0;1
12;"Filia Miejskiej Biblioteki Publicznej w Nowej Rudzie, ul. Słupiecka 2, 57-402 Nowa Ruda";20804;"m. Nowa Ruda";"kłodzki";"dolnośląskie";1;1;7;2;0;0;1;2;1;1;0;0;0;1;1;0;0;10;66;21;4;4;4;2;8;6;2;0;5;6;0;2;2;1;39;33;4;8;8;7;3;1;1;0;2;2;0;4;0;0;65;18;219;25;91;2;7;0;1;7;7;1;0;3;27;5;36;7;3;1;3;0;3;1;3;4;0;0;0;0;1;4;726;10;8;2;7;1;2;1;0;1;1;0;1;6;1;3;34;5;6;0;0;5;1;3;0;0;0
13;"Dom Pomocy Społecznej w Nowej Rudzie, ul. Parkowa 20, 57-402 Nowa Ruda";20804;"m. Nowa Ruda";"kłodzki";"dolnośląskie";1;1;0;0;1;0;2;0;0;0;0;0;0;0;0;0;0;0;0;0;0;0;0;0;0;0;0;0;0;0;0;0;1;0;1;0;0;0;0;0;0;0;0;0;0;0;0;0;0;0;2;1;3;1;0;0;0;1;0;0;1;0;0;1;0;0;0;0;0;0;0;0;0;0;1;0;0;0;0;0;0;0;1;0;0;0;0;0;1;0;0;0;0;0;0;0;0;0;0;0;0;0;1;0;0;0;0;0;0
14;"SPZOZ ""Zespół Opieki Zdrowotnej"" w Kłodzku, Szpital w Nowej Rudzie, ul. Szpitalna 8, 57-400 Nowa Ruda";20804;"m. Nowa Ruda";"kłodzki";"dolnośląskie";1;1;0;0;0;0;1;0;0;0;0;0;0;0;0;0;0;0;0;0;0;0;0;0;0;0;0;0;0;0;0;0;0;0;1;0;0;0;0;0;0;0;0;0;0;0;0;0;0;0;1;0;2;1;0;0;0;0;0;0;1;2;0;0;0;2;0;0;0;1;0;0;0;0;0;0;0;0;0;0;0;0;0;0;0;0;0;0;0;0;0;0;0;0;0;0;0;0;0;0;0;0;0;0;0;0;0;0;0
1;"Szkoła Podstawowa Stowarzyszenia ""Edukator"", ul. Tadeusza Kościuszki 13, 57-320 Polanica-Zdrój";20805;"m. Polanica-Zdrój";"kłodzki";"dolnośląskie";1;1;4;34;2;0;0;0;0;0;1;0;0;2;0;0;1;1;69;48;6;0;2;0;3;5;7;0;7;6;1;3;1;3;21;14;1;25;8;17;2;0;1;0;0;9;0;0;0;2;77;20;188;19;24;0;7;0;1;7;2;2;1;3;18;5;25;3;6;1;3;0;2;4;0;2;0;2;0;0;4;2;389;15;11;2;16;5;2;1;0;2;3;1;1;28;5;0;9;2;1;0;2;1;0;0;0;0;1
2;"Zespół Szkolno-Przedszkolny Szkoła Podstawowa nr 2 im. Żołnierzy z Monte Cassino w Polanicy-Zdroju, al. Wojska Polskiego 23, 57-320 Polanica-Zdrój";20805;"m. Polanica-Zdrój";"kłodzki";"dolnośląskie";1;1;4;16;3;0;7;0;1;1;0;2;0;1;0;0;2;1;48;24;6;3;0;3;6;5;6;0;4;2;0;2;1;3;15;11;2;18;4;12;0;2;1;0;2;12;0;0;1;2;82;20;157;16;39;2;9;2;2;10;3;1;1;3;24;5;26;5;7;2;3;0;1;1;1;2;0;1;0;0;0;2;416;13;14;1;9;10;1;2;1;2;1;1;2;9;4;3;12;1;1;0;1;0;0;0;0;0;0
3;"Urząd Miejski, ul. Jarosława Dąbrowskiego 3, 57-320 Polanica-Zdrój";20805;"m. Polanica-Zdrój";"kłodzki";"dolnośląskie";1;1;7;15;1;2;3;1;0;0;1;0;0;0;0;0;0;2;122;64;16;5;0;5;5;16;2;0;5;6;0;1;1;3;33;42;6;18;10;18;2;2;0;1;5;17;0;1;0;1;106;26;197;18;37;6;11;0;0;8;6;8;2;5;54;6;30;4;4;0;3;1;3;3;3;1;2;5;3;0;3;1;535;22;9;2;13;5;5;2;1;1;2;0;7;20;2;7;20;3;2;2;0;1;1;1;1;0;0
4;"Specjalistyczne Centrum Medyczne im. św. Jana Pawła II, budynek D, ul. Jana Pawła II 2, 57-320 Polanica-Zdrój";20805;"m. Polanica-Zdrój";"kłodzki";"dolnośląskie";1;1;0;0;1;0;0;0;0;1;0;0;0;0;0;0;0;0;0;2;0;0;0;0;0;0;0;0;0;0;0;0;0;0;0;3;0;0;0;0;0;0;0;0;0;0;0;0;0;0;2;2;6;1;2;0;0;1;1;1;1;0;1;0;0;0;1;0;0;0;0;0;0;0;0;0;0;0;0;0;0;1;1;0;0;0;0;0;0;0;0;0;0;0;0;1;0;0;0;0;0;0;0;0;0;0;0;0;0
1;"Biblioteka Publiczna Miasta i Gminy, pl. Plac Wolności 16, 57-500 Bystrzyca Kłodzka";20806;"gm. Bystrzyca Kłodzka";"kłodzki";"dolnośląskie";1;1;5;0;0;0;0;0;5;3;1;0;1;0;1;0;1;0;11;4;1;0;1;2;0;4;2;0;3;3;1;0;2;1;0;4;1;4;2;0;2;0;0;0;1;0;0;0;0;0;14;16;94;12;4;3;7;2;0;3;6;1;1;0;4;1;18;5;3;0;1;0;0;0;0;2;0;0;0;1;0;1;64;1;2;1;1;1;0;0;0;0;0;0;0;99;0;0;8;2;3;2;0;1;0;0;2;1;1
2;"Ratusz, pl. Plac Wolności 1, 57-500 Bystrzyca Kłodzka";20806;"gm. Bystrzyca Kłodzka";"kłodzki";"dolnośląskie";1;1;4;0;0;0;0;0;6;0;0;0;0;0;0;0;3;1;42;12;4;0;0;2;3;3;4;0;3;7;0;0;2;4;10;10;2;18;5;2;5;0;0;0;2;1;1;2;0;2;57;15;156;9;17;3;10;1;1;14;8;1;3;3;12;1;31;6;7;0;0;0;1;3;0;1;1;0;0;0;2;1;122;3;1;5;4;9;2;2;0;2;0;2;1;243;0;4;6;0;1;2;0;1;1;0;0;1;0
3;"Miejsko-Gminny Ośrodek Kultury, ul. Wojska Polskiego 20, 57-500 Bystrzyca Kłodzka";20806;"gm. Bystrzyca Kłodzka";"kłodzki";"dolnośląskie";1;1;3;2;0;1;0;0;1;0;1;0;0;0;0;0;0;0;12;8;7;1;2;4;2;0;0;0;2;2;1;0;1;3;2;5;3;8;6;1;1;1;1;0;0;0;1;1;0;1;25;13;119;8;5;3;4;4;0;3;1;1;2;0;8;5;19;1;5;2;1;0;0;1;0;1;0;2;1;0;3;2;70;1;2;0;2;8;1;0;0;0;0;0;1;148;1;0;15;0;0;0;0;0;0;0;0;0;1
4;"Szkoła Podstawowa nr 2 im. Obrońców Warszawy, ul. Wojska Polskiego 68, 57-500 Bystrzyca Kłodzka";20806;"gm. Bystrzyca Kłodzka";"kłodzki";"dolnośląskie";1;1;7;0;1;1;0;0;2;2;1;0;0;0;0;0;0;1;27;28;3;3;1;3;8;4;3;0;2;8;0;0;2;3;17;15;1;16;5;5;1;1;0;0;4;1;1;0;0;2;77;26;264;47;13;4;6;3;1;5;4;1;2;2;27;2;21;3;6;2;0;1;0;0;0;1;2;1;0;0;0;1;216;1;3;2;3;4;1;5;0;0;1;0;2;391;0;1;10;4;1;1;0;0;0;0;0;0;1
5;"Miejsko-Gminny Ośrodek Kultury, ul. Wojska Polskiego 20, 57-500 Bystrzyca Kłodzka";20806;"gm. Bystrzyca Kłodzka";"kłodzki";"dolnośląskie";1;1;7;1;0;0;1;0;5;1;0;1;0;0;0;0;1;1;39;23;7;0;0;4;2;6;4;0;1;3;1;1;1;1;15;6;2;8;10;2;1;0;0;0;7;1;0;2;0;0;48;15;224;27;11;3;16;1;3;6;2;1;4;1;9;1;22;2;14;1;2;0;0;1;2;0;0;1;3;3;2;1;203;3;1;1;3;9;0;1;0;1;0;0;1;315;0;1;6;1;0;3;0;0;1;0;0;0;0
6;"Wiejski Dom Kultury, Stary Waliszów 91, 57-500 Bystrzyca Kłodzka";20806;"gm. Bystrzyca Kłodzka";"kłodzki";"dolnośląskie";1;1;2;0;0;1;0;0;1;1;0;0;0;0;0;0;1;0;16;15;2;1;0;2;5;5;2;0;1;1;0;0;0;0;4;6;1;5;1;2;0;0;0;0;0;0;0;0;0;0;37;20;94;13;1;0;3;1;1;2;6;0;0;2;7;2;10;0;4;1;1;0;1;0;1;0;0;1;0;0;0;3;56;8;1;1;0;4;0;1;0;0;0;1;1;114;0;0;7;3;0;1;1;0;0;0;0;0;0
7;"Publiczna Szkoła Podstawowa Stowarzyszenia ""Stara Łomnica Dzieciom"", Stara Łomnica 64, 57-521 Gorzanów";20806;"gm. Bystrzyca Kłodzka";"kłodzki";"dolnośląskie";1;1;4;2;2;0;1;0;0;0;0;0;0;0;0;0;0;0;19;8;1;1;0;0;3;2;2;0;4;0;0;0;2;0;8;6;3;16;4;3;0;0;0;0;0;0;0;0;0;1;67;15;172;15;5;0;7;0;0;3;4;0;2;0;23;0;21;4;5;1;1;0;3;0;1;2;2;0;0;1;2;0;92;2;3;3;2;6;0;0;0;0;0;0;0;80;0;0;9;1;0;0;0;0;0;0;0;0;0
8;"Szkoła Podstawowa z Oddziałami Integracyjnymi im. Marii Konopnickiej, Pławnica 2, 57-500 Bystrzyca Kłodzka";20806;"gm. Bystrzyca Kłodzka";"kłodzki";"dolnośląskie";1;1;0;1;0;0;0;0;20;0;1;1;0;2;0;1;1;3;18;13;1;2;0;2;2;6;2;0;0;4;3;1;0;0;5;2;2;6;2;0;1;1;0;0;1;1;0;1;0;0;29;26;142;13;10;4;3;4;1;4;1;0;1;1;27;1;23;3;6;0;1;1;1;0;0;0;0;0;1;1;7;1;56;0;2;3;5;2;1;0;0;0;1;0;1;96;2;0;9;0;0;0;0;0;1;0;0;0;1
9;"Szkoła Podstawowa, ul. Kłodzka 8, 57-521 Gorzanów";20806;"gm. Bystrzyca Kłodzka";"kłodzki";"dolnośląskie";1;1;1;1;1;0;0;0;4;1;1;1;0;0;0;0;0;2;18;22;1;0;0;1;4;5;1;0;2;2;0;0;1;0;8;3;0;4;0;1;0;0;0;0;3;0;0;1;0;0;42;9;103;18;21;1;0;1;0;2;0;1;1;6;9;3;16;3;3;1;0;0;0;0;0;0;0;2;0;0;2;1;75;8;0;0;4;2;1;0;0;0;0;0;0;68;0;0;1;0;0;0;0;0;0;0;0;1;0
10;"Wiejski Dom Kultury, Nowy Waliszów 81, 57-500 Bystrzyca Kłodzka";20806;"gm. Bystrzyca Kłodzka";"kłodzki";"dolnośląskie";1;1;0;0;0;0;0;0;2;1;0;0;0;0;0;0;0;0;1;4;1;0;0;2;0;0;0;0;0;2;0;0;0;1;0;3;1;0;0;1;0;0;1;0;1;0;0;0;0;0;36;5;58;6;3;0;0;1;0;0;1;0;0;2;7;0;5;1;2;0;0;0;0;0;0;2;0;0;1;0;1;1;13;0;1;0;0;0;0;1;0;0;0;0;0;69;0;0;1;0;0;0;0;0;0;0;0;0;0
11;"Wiejski Dom Kultury, Stara Bystrzyca ul. Bystrzycka 41, 57-500 Bystrzyca Kłodzka";20806;"gm. Bystrzyca Kłodzka";"kłodzki";"dolnośląskie";1;1;5;1;0;1;0;0;2;4;0;0;0;0;0;1;2;0;21;4;4;5;2;2;3;4;4;0;0;3;0;1;1;0;5;5;8;8;4;1;2;2;1;0;2;0;0;0;1;1;52;13;89;8;4;3;3;0;0;5;1;1;1;2;7;0;19;1;3;1;2;0;0;0;1;3;0;1;0;1;1;0;116;6;4;1;3;17;0;0;0;1;1;0;0;123;4;0;8;0;1;0;1;0;0;0;0;0;0
12;"Sanatorium ""Ondraszek"", ul. Zdrojowa 10A, 57-520 Długopole-Zdrój";20806;"gm. Bystrzyca Kłodzka";"kłodzki";"dolnośląskie";1;1;1;0;0;0;0;0;2;0;0;0;0;0;0;0;0;0;16;6;5;1;1;0;0;2;4;0;0;9;0;0;1;0;8;7;0;4;1;1;3;1;0;0;1;0;0;0;0;0;20;19;60;4;2;2;1;1;2;3;0;0;0;1;2;0;8;2;1;0;0;1;0;0;0;0;0;0;0;0;1;1;57;5;1;2;3;6;0;3;2;0;1;0;0;92;1;0;4;0;0;1;0;0;0;0;1;0;1
13;"Budynek byłej Szkoły Podstawowej, Międzygórze ul. Pocztowa 1, 57-500 Bystrzyca Kłodzka";20806;"gm. Bystrzyca Kłodzka";"kłodzki";"dolnośląskie";1;1;1;2;0;0;0;0;1;1;0;0;0;0;1;0;0;0;16;7;2;1;2;3;2;1;5;0;1;1;1;1;2;0;10;7;4;5;4;2;0;0;0;0;1;0;0;0;0;0;14;7;38;3;2;1;4;1;0;2;0;3;0;1;12;1;6;0;0;1;0;0;0;0;2;0;0;1;0;0;2;0;52;1;2;2;0;3;0;1;0;1;0;0;1;42;1;1;1;4;0;0;0;0;0;0;0;0;0
14;"Wiejski Dom Kultury, Wilkanów 137, 57-500 Bystrzyca Kłodzka";20806;"gm. Bystrzyca Kłodzka";"kłodzki";"dolnośląskie";1;1;1;1;0;0;0;0;1;1;1;0;1;1;0;0;1;1;25;16;6;2;1;0;3;4;5;1;0;2;0;1;0;2;6;7;0;8;1;3;2;0;2;1;1;0;0;0;1;0;32;13;113;11;3;2;0;3;1;3;2;1;1;2;16;4;10;5;2;0;0;0;0;0;0;1;0;0;0;0;3;0;56;3;4;0;0;3;0;0;0;0;0;0;0;112;0;1;5;1;1;0;0;1;0;0;0;0;0
15;"Świetlica Wiejska, Ponikwa 41A, 57-500 Bystrzyca Kłodzka";20806;"gm. Bystrzyca Kłodzka";"kłodzki";"dolnośląskie";1;1;1;0;0;0;0;0;1;2;0;2;0;0;0;0;0;0;13;1;0;2;1;1;1;1;3;0;0;2;0;0;0;1;4;0;0;1;1;0;1;0;0;2;0;1;0;1;0;0;16;3;29;3;5;1;1;0;0;2;4;1;1;0;1;0;6;0;1;0;1;0;0;0;1;0;0;0;0;0;0;0;35;1;0;0;3;12;0;1;0;0;0;0;1;35;0;0;6;0;0;0;0;0;0;0;0;0;0
16;"Szkoła Podstawowa w Długopolu Dolnym, Długopole Dolne 35, 57-520 Długopole-Zdrój";20806;"gm. Bystrzyca Kłodzka";"kłodzki";"dolnośląskie";1;1;0;0;0;0;0;0;0;0;0;0;0;0;0;0;0;0;10;1;2;2;0;0;0;0;0;0;0;0;0;0;0;0;0;0;0;5;0;1;0;0;0;0;1;1;0;0;0;1;9;3;45;4;1;2;0;0;1;0;2;0;0;1;3;0;2;1;1;0;0;0;1;0;0;0;0;0;0;0;0;0;22;1;0;0;2;2;0;0;0;0;0;0;0;56;0;1;2;0;0;0;0;0;0;0;0;0;0
17;"Świetlica Wiejska w Porębie, Poręba 54, 57-520 Długopole-Zdrój";20806;"gm. Bystrzyca Kłodzka";"kłodzki";"dolnośląskie";1;1;2;0;1;0;0;0;0;0;0;0;0;0;0;0;0;0;5;4;1;1;0;0;0;1;0;1;0;0;0;0;0;0;2;1;0;0;0;0;1;0;0;0;0;0;2;0;0;0;3;5;33;3;1;0;0;0;0;1;0;0;0;2;1;0;4;1;0;0;0;0;1;0;0;2;0;0;0;0;1;0;16;1;0;0;0;1;1;0;0;0;1;0;0;34;0;1;1;0;0;1;0;0;0;0;0;0;0
18;"Dom Pomocy Społecznej, pl. Plac Szpitalny 5, 57-500 Bystrzyca Kłodzka";20806;"gm. Bystrzyca Kłodzka";"kłodzki";"dolnośląskie";1;1;1;0;0;0;0;0;0;0;0;0;0;0;0;0;0;0;0;0;0;0;0;0;0;0;0;0;0;0;1;0;0;0;0;0;0;0;0;0;0;0;0;0;0;0;0;0;0;0;2;0;1;0;0;1;1;1;0;0;0;0;0;0;0;0;1;0;0;0;0;0;0;0;0;0;0;0;0;0;1;0;1;0;0;0;0;0;1;0;0;0;0;0;1;1;0;0;0;0;0;0;1;0;0;0;0;0;0
19;"Dom Pomocy Społecznej, ul. Górna 23, 57-500 Bystrzyca Kłodzka";20806;"gm. Bystrzyca Kłodzka";"kłodzki";"dolnośląskie";1;1;1;0;0;0;0;0;1;0;0;0;0;0;0;0;0;0;0;0;0;0;0;0;0;0;0;0;0;0;0;0;0;0;0;0;0;0;0;0;0;0;0;1;0;0;0;0;0;0;1;1;1;0;0;0;0;0;0;0;0;0;0;1;0;0;0;0;0;0;0;0;0;0;0;0;0;0;0;0;0;0;0;0;0;0;0;0;0;0;0;0;0;0;0;0;0;0;0;0;1;0;0;0;0;0;0;0;0
20;"Bystrzyckie Centrum Zdrowia, ul. Stefana Okrzei 49, 57-500 Bystrzyca Kłodzka";20806;"gm. Bystrzyca Kłodzka";"kłodzki";"dolnośląskie";1;1;1;0;0;0;0;0;0;0;0;0;0;0;0;0;0;0;0;1;1;0;0;0;0;0;0;0;0;0;0;0;0;0;0;0;0;1;0;0;0;0;0;0;0;0;0;0;0;0;5;0;14;1;1;1;1;1;1;0;0;1;0;0;0;0;0;0;1;0;0;0;0;0;0;0;0;0;0;0;0;0;2;0;0;0;0;0;0;1;0;0;0;0;0;4;0;0;0;0;0;0;0;0;0;0;1;0;0
1;"Świetlica wiejska, Boguszyn 91a, 57-300 Boguszyn";20807;"gm. Kłodzko";"kłodzki";"dolnośląskie";1;1;1;0;0;0;0;0;0;1;0;0;0;0;0;0;0;0;6;39;0;0;1;1;3;1;0;0;0;0;0;0;1;0;2;1;0;4;0;2;1;2;0;0;1;1;0;0;0;0;28;1;36;7;5;0;3;0;0;0;0;0;2;0;9;0;5;1;0;0;2;0;0;0;0;1;1;1;0;0;0;0;67;3;1;0;0;0;0;0;0;1;0;0;0;2;0;2;4;0;0;0;0;0;0;0;0;0;0
2;"Dom Ludowy, Wojciechowice 106, 57-300 Wojciechowice";20807;"gm. Kłodzko";"kłodzki";"dolnośląskie";1;1;3;0;0;0;0;0;1;0;0;1;0;0;0;0;0;0;5;73;1;0;0;0;0;0;0;0;5;0;0;1;0;0;7;0;0;1;0;1;0;0;0;0;0;0;0;1;0;0;31;1;30;7;3;1;2;0;0;0;1;0;0;0;2;2;8;1;0;2;0;0;0;0;0;1;1;0;0;0;0;0;75;0;3;0;0;1;0;0;0;0;0;0;2;4;0;1;3;1;2;1;0;1;0;1;0;0;0
3;"Szkoła Podstawowa, Jaszkowa Dolna 63 e, 57-312 Jaszkowa Dolna";20807;"gm. Kłodzko";"kłodzki";"dolnośląskie";1;1;0;1;1;1;0;0;1;0;0;0;0;1;0;0;0;1;27;131;2;0;0;0;2;0;1;0;1;3;0;1;1;0;11;2;2;17;6;1;2;1;1;0;1;2;0;0;0;1;75;3;125;17;8;1;1;3;0;3;6;3;1;3;13;4;22;5;2;1;1;0;0;0;2;1;0;2;0;0;3;2;187;7;5;0;1;7;3;0;0;0;2;0;1;5;0;2;2;0;0;0;0;2;0;0;0;1;0
4;"Filia Biblioteki Publicznej Gminy Kłodzko, Jaszkowa Górna 71, 57-312 Jaszkowa Górna";20807;"gm. Kłodzko";"kłodzki";"dolnośląskie";1;1;0;0;1;0;0;0;0;0;1;1;0;0;1;0;0;0;7;106;2;0;0;1;2;1;0;0;1;4;2;0;0;1;4;5;2;7;1;2;0;0;0;0;2;0;0;0;0;0;70;2;85;4;0;2;4;2;1;1;2;0;0;4;5;1;9;5;1;0;2;0;2;0;0;0;1;0;0;0;0;0;114;3;0;0;0;1;0;2;0;1;0;1;0;3;0;0;6;2;1;0;1;1;0;0;0;0;0
5;"Ośrodek Kultury, Sportu i Rekreacji Gminy Kłodzko, ul. Kłodzka 20, 57-360 Ołdrzychowice Kłodzkie";20807;"gm. Kłodzko";"kłodzki";"dolnośląskie";1;1;3;0;2;0;0;1;2;1;1;1;0;0;1;1;2;1;24;136;3;0;4;1;1;2;2;0;4;5;0;0;0;0;16;6;5;11;8;2;1;2;0;1;1;0;0;1;0;0;85;22;161;30;8;5;31;1;1;6;4;6;3;7;37;2;14;7;4;0;1;0;1;2;1;1;0;0;0;0;4;2;216;4;4;1;2;3;1;1;1;0;1;0;1;23;2;1;9;1;1;0;0;0;1;0;1;0;0
6;"Centrum Biblioteczno-Kulturalne w Żelaźnie, Żelazno 102A, 57-361 Żelazno";20807;"gm. Kłodzko";"kłodzki";"dolnośląskie";1;1;2;0;1;0;0;0;3;1;0;0;0;0;0;1;0;1;15;72;2;0;0;0;1;3;0;0;0;1;3;0;1;0;8;3;1;6;5;3;0;1;0;0;2;1;0;1;0;0;37;2;96;5;13;3;5;2;1;1;5;0;1;2;12;3;30;4;3;2;0;0;1;0;1;0;1;2;0;1;4;2;110;1;5;1;2;4;0;2;0;0;0;1;0;12;0;3;8;0;0;0;1;0;1;0;0;0;1
7;"Sala „Podhalanka” w Krosnowicach, Krosnowice 186, 57-362 Krosnowice";20807;"gm. Kłodzko";"kłodzki";"dolnośląskie";1;1;7;2;2;0;2;0;7;3;2;3;1;0;1;0;1;0;37;145;3;0;1;5;2;4;1;1;4;7;0;1;1;2;14;6;1;22;6;7;1;1;3;3;0;0;0;2;0;0;112;11;277;15;17;5;8;1;0;12;19;0;4;8;22;1;33;5;7;2;1;0;2;1;1;9;2;0;1;1;3;3;287;6;8;3;7;2;0;1;3;0;0;0;1;53;1;2;7;2;2;2;0;0;0;0;0;1;4
8;"Centrum Inicjatyw Społeczno-Kulturalnych, Stary Wielisław 61 a, 57-313 Stary Wielisław";20807;"gm. Kłodzko";"kłodzki";"dolnośląskie";1;1;2;9;3;0;0;0;0;2;0;0;0;0;0;0;0;0;15;77;1;0;1;1;0;1;2;0;10;1;0;0;0;0;5;1;0;4;1;2;0;2;0;0;1;2;0;0;0;6;54;17;112;9;7;5;4;1;0;3;1;3;0;3;10;4;11;4;6;2;3;0;2;0;0;2;0;0;0;1;1;1;153;11;4;0;2;2;0;1;0;0;0;0;0;11;1;1;5;0;1;0;0;0;0;0;0;0;2
9;"Dom Ludowy w Szalejowie Dolnym, Szalejów Dolny 1, 57-314 Szalejów Dolny";20807;"gm. Kłodzko";"kłodzki";"dolnośląskie";1;1;0;4;2;0;2;0;1;1;0;0;0;0;0;0;2;1;13;86;1;0;0;1;1;0;2;0;2;1;0;0;0;2;0;2;0;6;0;2;0;0;0;0;2;1;0;1;0;1;39;6;64;11;1;2;4;1;1;4;3;0;0;2;12;1;11;2;2;0;0;0;0;0;0;2;0;1;0;1;0;0;101;1;2;2;1;0;0;1;0;0;0;1;0;4;0;1;2;0;1;0;0;0;0;0;0;0;0
10;"Dom Ludowy w Szalejowie Górnym, Szalejów Górny 1, 57-314 Szalejów Górny";20807;"gm. Kłodzko";"kłodzki";"dolnośląskie";1;1;1;1;1;0;4;0;1;1;0;1;0;1;0;0;0;0;8;53;0;0;1;0;0;0;0;0;0;0;1;0;3;1;2;0;0;5;0;4;0;3;1;0;1;0;0;1;0;0;49;6;66;12;4;1;0;0;0;0;2;0;1;1;15;1;15;1;2;1;1;0;1;0;1;1;0;1;1;0;0;0;98;5;1;0;6;1;0;0;0;1;1;0;1;2;0;0;7;0;1;0;0;0;0;0;0;0;1
11;"Świetlica wiejska, Piszkowice 59 h, 57-315 Piszkowice";20807;"gm. Kłodzko";"kłodzki";"dolnośląskie";1;1;0;0;0;0;0;1;0;0;0;0;0;0;0;0;0;0;7;56;3;0;0;2;1;0;0;0;0;1;0;0;0;0;7;4;0;5;0;2;0;0;0;0;0;1;0;0;0;1;32;8;83;8;7;0;3;0;0;2;2;1;0;0;9;3;8;1;5;0;0;0;3;1;0;1;0;1;0;0;0;1;69;1;2;0;1;0;0;1;0;0;0;0;0;4;0;0;4;1;0;0;0;1;1;0;0;0;0
12;"Świetlica wiejska, Święcko 18, 57-441 Święcko";20807;"gm. Kłodzko";"kłodzki";"dolnośląskie";1;1;0;0;1;0;1;0;0;2;0;0;0;0;0;0;1;3;9;18;0;0;1;0;0;0;0;0;0;1;0;0;1;2;2;3;2;2;1;0;1;1;0;0;2;3;0;0;1;0;19;5;41;8;10;1;0;1;0;0;1;0;0;0;7;0;9;1;1;0;0;0;0;0;0;0;0;1;0;0;0;0;57;1;0;0;0;2;0;0;0;0;0;0;1;0;0;0;3;0;0;0;0;0;0;0;0;0;0
13;"Centrum Biblioteczno-Kulturalne w Bierkowicach, Bierkowice 1A, 57-315 Bierkowice";20807;"gm. Kłodzko";"kłodzki";"dolnośląskie";1;1;0;0;0;1;0;0;0;0;0;0;0;0;0;0;1;0;4;48;0;0;1;0;1;0;0;1;1;0;1;0;0;0;2;1;0;4;0;1;0;0;0;0;0;0;0;0;0;0;25;3;65;11;6;0;0;0;1;1;2;0;0;4;10;1;8;0;2;0;1;0;1;1;2;2;0;1;0;0;0;0;45;1;0;0;0;1;0;0;0;0;0;0;0;0;0;0;1;0;0;0;0;0;0;2;0;0;1
14;"Centrum Biblioteczno-Kulturalne w Wojborzu, Wojbórz 138, 57-442 Wojbórz";20807;"gm. Kłodzko";"kłodzki";"dolnośląskie";1;1;3;1;2;0;1;0;0;0;0;1;0;0;1;0;1;0;14;142;0;1;0;0;0;1;0;0;1;1;0;0;0;1;9;5;0;2;1;2;2;2;0;0;0;0;0;2;0;5;62;5;77;9;8;2;2;1;0;5;1;0;0;3;12;3;18;3;0;1;2;0;3;0;0;0;0;1;0;0;2;1;94;0;0;0;0;0;0;2;0;0;1;1;0;0;0;1;1;0;0;0;0;1;0;0;0;0;1
15;"Świetlica wiejska, Ławica 8, 57-300 Ławica";20807;"gm. Kłodzko";"kłodzki";"dolnośląskie";1;1;3;1;1;0;0;0;0;2;0;1;0;0;0;0;1;0;7;56;1;0;2;0;0;0;0;1;2;0;0;0;0;1;8;1;0;1;2;2;1;0;0;0;0;0;1;1;0;0;26;4;63;2;5;1;2;0;1;2;2;1;0;0;10;2;6;2;2;1;0;0;0;0;1;0;0;0;1;2;0;1;44;2;2;0;0;0;1;0;0;0;0;0;0;4;0;1;3;0;4;0;0;0;0;0;0;0;0
16;"Świetlica wiejska, Podzamek 18, 57-312 Podzamek";20807;"gm. Kłodzko";"kłodzki";"dolnośląskie";1;1;1;1;0;0;0;0;1;1;0;0;0;0;0;0;0;1;5;46;0;0;0;0;0;0;0;0;0;1;0;0;0;0;1;2;0;1;0;0;1;0;0;0;0;2;0;1;0;0;16;1;23;8;0;1;2;0;0;1;1;0;0;1;2;2;2;0;1;0;0;0;0;0;0;0;0;0;1;0;0;0;31;0;2;0;0;0;0;0;0;0;0;0;0;1;0;0;1;0;1;0;0;0;0;0;0;0;0
17;"Świetlica wiejska, Gołogłowy 27c, 57-315 Gołogłowy";20807;"gm. Kłodzko";"kłodzki";"dolnośląskie";1;1;0;0;0;0;1;1;0;0;0;0;0;0;0;1;0;0;4;13;0;0;0;0;0;0;0;0;0;0;1;0;0;0;3;1;0;0;0;0;0;0;0;0;1;0;0;0;0;0;9;1;23;1;6;0;1;0;0;0;0;0;0;2;8;1;3;0;2;0;0;0;0;0;0;0;0;0;1;0;2;1;24;1;0;0;0;0;0;0;0;0;0;0;0;0;0;0;0;0;0;0;0;0;0;0;0;0;0
18;"Świetlica wiejska, Łączna 18c, 57-442 Łączna";20807;"gm. Kłodzko";"kłodzki";"dolnośląskie";1;1;0;0;2;0;0;0;1;1;0;0;0;0;0;0;0;0;8;14;0;1;1;1;0;0;0;0;0;0;0;0;0;0;0;1;0;0;0;0;2;0;0;0;2;0;0;0;0;0;28;0;22;6;2;1;4;0;0;3;0;0;0;0;2;2;3;0;0;0;0;0;1;0;0;0;0;0;0;0;1;0;12;1;0;0;0;1;0;1;1;0;0;0;0;1;0;1;0;0;0;0;0;0;0;0;0;0;0
19;"Świetlica wiejska, Ścinawica 51, 57-300 Ścinawica";20807;"gm. Kłodzko";"kłodzki";"dolnośląskie";1;1;0;0;0;0;0;0;0;0;0;0;0;0;0;0;0;0;8;25;2;2;1;1;0;1;0;0;1;0;0;0;1;0;1;1;0;7;1;2;0;0;0;0;0;0;0;1;0;0;15;1;26;5;2;0;2;0;0;0;0;0;0;1;3;0;4;0;2;0;0;0;0;0;0;0;0;0;1;0;0;0;42;0;2;0;1;0;1;0;0;0;1;0;0;0;0;0;2;1;0;0;0;0;0;0;0;0;0
1;"Zespół Szkół Publicznych w Lądku-Zdroju, Szkoła Podstawowa nr 1 im. Janusza Korczaka, ul. Kościelna 31, 57-540 Lądek-Zdrój";20808;"gm. Lądek-Zdrój";"kłodzki";"dolnośląskie";1;1;4;0;0;0;1;0;0;0;0;2;1;2;0;0;0;0;21;3;4;3;0;3;1;2;1;0;0;49;0;0;0;1;15;3;1;2;1;3;1;0;0;0;1;1;0;0;0;0;53;3;73;13;4;3;26;1;0;3;4;2;3;0;4;1;12;5;3;0;0;0;1;1;2;2;0;0;1;3;0;0;145;4;3;0;3;2;2;2;1;0;0;2;2;10;0;0;3;1;1;0;0;0;0;0;0;0;0
2;"Ośrodek Pomocy Społecznej, ul. Ludwika Zamenhofa 2, 57-540 Lądek-Zdrój";20808;"gm. Lądek-Zdrój";"kłodzki";"dolnośląskie";1;1;3;0;0;0;2;0;0;1;0;0;0;1;0;0;0;0;22;4;3;0;0;2;1;2;1;0;0;40;0;0;0;3;16;11;1;14;3;2;0;0;0;0;1;0;0;2;3;0;51;10;84;15;5;2;24;1;0;3;2;1;1;0;5;3;15;3;3;2;1;1;3;0;3;0;0;1;2;2;1;0;211;7;4;1;12;4;1;2;1;1;1;3;30;1;0;0;6;5;1;1;0;3;0;0;0;0;1
3;"Ośrodek Pomocy Społecznej, ul. Ludwika Zamenhofa 2, 57-540 Lądek-Zdrój";20808;"gm. Lądek-Zdrój";"kłodzki";"dolnośląskie";1;1;2;0;0;0;1;0;1;1;0;1;0;1;0;0;2;0;19;3;2;0;1;1;0;2;2;0;1;59;3;1;0;0;12;6;2;4;2;2;2;0;0;0;3;0;0;2;0;0;62;13;82;18;2;3;22;0;0;4;5;1;2;3;3;0;12;6;6;2;2;0;2;0;1;1;0;0;1;3;2;2;157;5;3;2;2;5;0;3;0;0;0;2;1;18;0;1;0;2;0;0;0;0;0;0;0;0;0
4;"Przedszkole z Oddziałami Integracyjnymi, ul. Powstańców Wielkopolskich 26A, 57-540 Lądek-Zdrój";20808;"gm. Lądek-Zdrój";"kłodzki";"dolnośląskie";1;1;3;0;1;0;0;3;1;4;0;1;0;0;0;0;0;1;23;5;4;1;3;1;8;2;2;2;0;57;0;1;1;3;23;18;4;3;7;4;1;2;0;0;4;1;0;1;1;3;63;10;66;16;4;1;48;1;2;2;3;2;2;0;8;2;16;2;4;0;2;1;1;3;5;1;0;0;0;0;1;1;158;9;6;1;5;2;2;3;2;1;1;0;4;21;1;2;9;2;2;2;0;0;0;0;0;0;1
5;"Przedszkole z Oddziałami Integracyjnymi, ul. Powstańców Wielkopolskich 26A, 57-540 Lądek-Zdrój";20808;"gm. Lądek-Zdrój";"kłodzki";"dolnośląskie";1;1;7;1;0;0;0;0;0;2;1;4;0;0;0;1;1;1;23;5;2;2;0;5;5;3;3;0;2;62;1;0;1;3;23;5;0;5;7;9;1;1;2;0;1;0;0;1;0;0;62;16;98;16;2;2;42;2;1;4;9;0;0;2;6;6;22;0;8;1;1;0;1;2;0;1;0;0;1;2;2;1;188;4;3;1;7;6;1;4;1;1;4;0;1;25;1;3;1;2;1;0;0;1;0;0;0;0;1
6;"Budynek byłej Szkoły Podstawowej, Radochów 104, 57-540 Lądek-Zdrój";20808;"gm. Lądek-Zdrój";"kłodzki";"dolnośląskie";1;1;4;2;1;0;0;0;1;0;0;0;0;0;0;0;0;0;15;15;2;0;1;0;1;1;1;0;1;67;1;0;0;4;10;3;3;14;3;3;0;2;1;0;1;0;1;0;1;0;33;6;59;13;0;2;9;0;1;0;2;1;0;0;9;2;12;1;5;1;0;1;0;0;0;1;0;0;0;1;2;0;105;4;2;0;3;0;0;0;1;1;0;2;2;16;2;2;3;0;0;0;0;0;0;0;0;0;1
7;"Świetlica Wiejska, Trzebieszowice 107A, 57-540 Lądek-Zdrój";20808;"gm. Lądek-Zdrój";"kłodzki";"dolnośląskie";1;1;2;0;0;1;0;0;1;1;0;0;0;0;0;0;0;0;16;18;1;1;0;4;1;2;1;0;0;56;1;2;1;4;6;1;2;7;1;5;0;1;2;0;0;0;0;0;0;3;50;5;72;17;3;3;21;2;0;2;4;0;5;0;3;1;14;2;6;0;5;0;2;0;2;1;0;1;0;2;0;0;102;3;2;1;5;0;0;4;0;1;0;1;0;14;0;0;3;1;1;2;1;0;0;0;0;1;0
8;"Remiza Ochotniczej Straży Pożarnej w Konradowie, Konradów 70, 57-540 Lądek-Zdrój";20808;"gm. Lądek-Zdrój";"kłodzki";"dolnośląskie";1;1;1;0;0;0;0;0;0;0;0;1;0;1;0;0;0;0;0;11;0;0;0;0;0;1;1;0;0;38;1;0;0;0;1;1;0;0;0;0;0;0;0;0;0;0;0;0;0;0;13;1;7;1;0;0;6;0;0;1;0;0;0;0;0;0;1;0;0;0;0;1;0;0;0;0;0;0;0;0;0;0;19;1;0;0;0;0;0;0;0;0;0;0;0;0;0;0;0;0;0;0;0;0;0;0;0;0;0
9;"Świetlica Wiejska, Skrzynka 22a, 57-540 Lądek-Zdrój";20808;"gm. Lądek-Zdrój";"kłodzki";"dolnośląskie";1;1;1;0;1;1;0;0;0;0;0;0;0;0;0;0;0;0;5;14;1;0;0;0;1;1;0;0;0;22;1;0;0;1;0;1;0;2;0;1;1;1;0;0;0;0;0;0;1;0;28;4;39;1;0;1;6;0;0;0;0;0;0;0;4;0;8;1;2;0;0;0;1;2;2;0;2;0;1;1;3;0;19;0;0;0;0;0;0;1;0;1;0;0;0;2;0;1;0;0;0;0;0;0;0;0;0;0;0
10;"Szpital Rehabilitacyjny ""Stanisław"", ul. Wolności 2a, 57-540 Lądek-Zdrój";20808;"gm. Lądek-Zdrój";"kłodzki";"dolnośląskie";1;1;0;0;0;0;0;0;0;0;0;0;0;0;0;0;0;0;3;0;0;0;0;0;0;0;0;0;0;0;0;0;0;0;3;2;0;0;1;0;0;0;0;0;0;0;0;0;0;0;7;2;7;2;1;0;3;1;0;0;2;0;0;0;1;1;1;0;0;0;0;0;0;0;0;0;0;0;0;0;0;0;7;0;1;0;2;0;0;1;0;0;0;0;1;0;0;0;1;0;0;0;0;0;0;0;0;0;1
1;"Zespół Szkolno-Przedszkolny, ul. Kościelna 1, 57-343 Lewin Kłodzki";20809;"gm. Lewin Kłodzki";"kłodzki";"dolnośląskie";1;1;7;0;0;0;0;0;0;1;1;1;0;0;0;0;0;1;35;13;5;1;1;2;5;11;3;1;3;3;2;1;0;5;4;13;3;21;3;2;3;1;0;0;1;1;0;3;0;0;40;9;113;7;5;0;5;2;1;5;0;1;1;2;16;3;13;6;2;0;1;2;2;1;1;2;0;0;0;4;1;3;160;10;4;0;4;3;0;4;0;0;0;0;2;8;0;1;10;1;1;1;0;1;0;0;1;1;0
2;"Gminna Spółdzielnia ""SCh"" w Jeleniowie, Jeleniów pl. Spółdzielczy 49, 57-343 Lewin Kłodzki";20809;"gm. Lewin Kłodzki";"kłodzki";"dolnośląskie";1;1;5;1;1;1;0;0;1;1;0;2;0;0;0;0;1;0;14;9;3;1;0;1;0;13;3;0;1;3;0;1;0;1;6;7;0;14;2;4;1;1;0;0;1;1;0;2;0;1;49;6;79;1;4;1;0;1;0;1;3;2;1;1;6;1;17;1;5;1;0;0;0;1;2;1;1;0;0;0;0;2;111;3;3;0;8;0;1;0;0;0;0;1;1;4;0;1;1;0;0;0;0;0;0;0;0;0;1
1;"Miejsko-Gminny Ośrodek Kultury, pl. Wolności 15, 57-530 Międzylesie";20810;"gm. Międzylesie";"kłodzki";"dolnośląskie";1;1;4;1;1;0;2;0;1;2;0;2;0;0;1;0;1;0;26;19;6;3;1;5;2;11;2;0;1;0;0;1;1;4;13;12;2;9;6;2;2;1;2;0;6;0;0;1;0;1;31;42;113;13;2;0;8;1;0;0;0;3;1;3;22;2;24;1;8;1;1;0;1;0;0;0;0;0;3;0;0;3;158;5;4;2;4;1;0;5;1;0;1;0;0;49;0;1;3;3;0;0;0;1;0;0;2;0;1
2;"Biblioteka Publiczna Miasta i Gminy, ul. Wojska Polskiego 11, 57-530 Międzylesie";20810;"gm. Międzylesie";"kłodzki";"dolnośląskie";1;1;1;1;3;0;0;1;1;1;1;0;1;1;0;0;0;0;25;23;3;2;4;1;2;1;2;0;0;2;0;2;0;1;17;5;3;4;0;3;1;4;3;0;1;2;0;0;0;1;33;51;81;12;0;0;3;4;2;5;3;0;0;1;34;0;12;4;3;3;1;1;1;2;0;1;0;1;1;1;2;1;144;4;1;0;3;3;0;4;0;1;0;0;2;81;0;0;5;0;0;0;0;1;0;0;0;0;0
3;"Świetlica wiejska, Boboszów 55A, 57-530 Międzylesie";20810;"gm. Międzylesie";"kłodzki";"dolnośląskie";1;1;1;0;1;0;0;1;1;1;0;0;0;0;0;0;0;0;21;6;6;0;0;1;0;0;0;0;2;0;0;0;0;2;5;5;2;0;1;1;0;0;1;0;0;0;0;2;1;1;10;4;45;14;1;1;3;0;0;2;0;3;0;0;9;1;7;1;0;0;0;0;0;1;0;1;0;0;0;0;0;1;47;1;3;0;1;1;1;0;1;0;0;0;2;20;0;0;3;0;1;0;0;0;0;0;0;0;0
4;"Różańskie Centrum Informacji Wiejskiej, Różanka 53, 57-530 Międzylesie";20810;"gm. Międzylesie";"kłodzki";"dolnośląskie";1;1;2;0;0;0;0;0;2;0;0;2;0;1;0;0;0;0;8;5;2;0;0;1;3;2;0;3;0;0;0;0;1;0;2;4;0;1;0;1;1;1;0;1;0;0;0;0;0;3;19;14;35;3;1;1;4;0;0;3;0;0;0;0;10;0;2;3;4;0;0;0;0;0;1;1;0;2;0;0;2;0;48;1;1;1;0;3;0;3;2;3;0;0;2;36;0;0;5;1;1;1;0;1;0;0;0;0;0
5;"Świetlica wiejska, Roztoki 34, 57-530 Międzylesie";20810;"gm. Międzylesie";"kłodzki";"dolnośląskie";1;1;1;0;0;0;1;0;0;0;0;1;0;1;0;1;0;0;10;8;3;1;1;1;1;1;2;0;0;1;2;0;0;1;0;5;1;3;2;2;2;0;1;0;3;2;0;0;0;0;15;28;47;4;1;1;5;0;0;2;1;0;0;1;10;2;9;2;3;1;0;0;1;2;2;0;0;0;0;0;0;0;58;2;3;1;3;3;1;0;0;0;1;0;1;30;0;0;6;0;0;3;1;2;1;0;0;0;0
6;"Filia Biblioteki Publicznej Miasta i Gminy, Długopole Górne 79, 57-520 Długopole-Zdrój";20810;"gm. Międzylesie";"kłodzki";"dolnośląskie";1;1;0;0;1;0;0;0;2;2;0;0;1;0;0;0;2;1;8;9;1;0;2;2;0;2;0;1;1;1;0;0;0;0;4;0;0;2;0;1;0;1;0;0;1;1;0;1;0;1;18;9;60;1;4;1;2;1;0;3;0;1;0;2;12;2;5;2;2;0;1;0;1;2;3;0;0;1;1;1;0;0;63;1;2;1;0;4;0;0;0;0;0;0;1;44;0;0;7;0;1;0;1;0;1;0;0;0;0
7;"Filia Miejsko-Gminnego Ośrodka Kultury-Dom Kultury, ul. Kolejowa 3, 57-522 Domaszków";20810;"gm. Międzylesie";"kłodzki";"dolnośląskie";1;1;0;1;1;0;0;0;4;3;0;0;0;0;0;0;2;3;34;17;0;1;0;2;5;6;4;0;1;1;1;1;2;1;14;9;4;2;1;1;1;0;0;0;2;0;1;1;0;2;38;41;97;14;1;2;2;0;0;3;7;2;1;0;7;0;8;0;3;1;0;0;0;1;7;3;0;1;1;0;0;1;78;7;1;0;3;1;2;1;0;0;0;1;1;85;0;0;1;0;1;0;1;0;0;0;0;0;1
8;"Świetlica wiejska, Goworów 14, 57-530 Międzylesie";20810;"gm. Międzylesie";"kłodzki";"dolnośląskie";1;1;2;0;3;1;0;0;2;1;0;0;0;0;0;0;0;0;12;10;3;1;3;0;4;2;1;1;4;1;0;0;0;1;6;4;1;3;1;2;0;1;0;0;1;1;1;1;1;0;15;9;41;9;0;0;3;1;1;1;0;0;0;0;15;0;5;3;4;0;1;0;0;0;0;1;0;0;3;0;2;1;96;1;3;0;0;3;0;0;2;0;1;0;0;38;0;0;2;0;0;0;0;0;1;0;0;0;0
9;"Świetlica wiejska, Pisary 36, 57-530 Międzylesie";20810;"gm. Międzylesie";"kłodzki";"dolnośląskie";1;1;1;0;0;0;1;0;1;0;1;0;0;0;0;0;1;0;5;7;3;0;1;3;0;0;1;0;1;1;0;0;0;2;10;2;0;1;1;2;0;0;1;1;0;0;0;0;0;1;16;24;17;4;1;0;0;2;0;1;1;0;0;3;13;4;8;4;1;1;1;0;0;0;0;0;0;0;2;0;0;0;43;2;0;1;1;5;1;0;0;0;0;3;1;24;1;0;10;0;0;0;0;0;0;0;0;0;1
1;"Zespół Szkół Nr 1, ul. Główna 85, 57-430 Jugów";20811;"gm. Nowa Ruda";"kłodzki";"dolnośląskie";1;1;0;1;0;0;0;0;3;1;0;0;1;0;0;0;2;0;10;2;2;0;0;0;4;0;3;0;6;0;0;1;0;1;8;5;0;0;4;0;0;0;0;1;7;0;0;2;0;1;22;14;37;3;5;0;1;0;0;0;0;0;0;1;6;0;11;0;1;0;0;0;1;0;2;1;0;0;0;3;1;0;138;0;1;0;1;1;0;0;0;0;1;0;0;1;0;0;5;0;0;0;0;0;0;0;0;0;0
2;"Zespół Szkół Nr 1, ul. Główna 85, 57-430 Jugów";20811;"gm. Nowa Ruda";"kłodzki";"dolnośląskie";1;1;1;0;1;0;0;0;1;0;0;0;0;1;0;0;0;1;15;5;2;1;1;1;4;0;2;0;0;0;0;0;0;0;8;8;1;0;3;1;0;1;0;0;3;0;0;0;0;0;34;9;26;6;6;0;0;0;1;1;0;0;0;2;4;1;8;2;0;0;1;0;0;1;0;1;0;0;1;1;0;1;132;1;4;0;1;4;0;0;0;0;0;0;0;2;0;0;1;1;2;0;0;1;0;0;0;0;0
3;"Zespół Szkół Nr 1, ul. Główna 105, 57-430 Jugów";20811;"gm. Nowa Ruda";"kłodzki";"dolnośląskie";1;1;0;1;0;0;1;0;0;1;0;3;0;1;0;0;1;2;7;4;5;1;1;0;3;2;1;0;0;1;0;0;2;0;5;8;2;5;0;0;0;0;0;0;0;0;0;0;0;2;25;2;20;5;4;1;1;0;0;0;0;0;0;0;4;1;10;2;0;1;1;0;1;1;3;0;0;0;1;0;0;0;111;5;3;1;2;0;2;0;0;0;0;0;0;0;0;0;0;1;0;0;0;0;0;0;0;0;0
4;"Świetlica wiejska ""Jugowianka"", ul. Główna 155, 57-430 Jugów";20811;"gm. Nowa Ruda";"kłodzki";"dolnośląskie";1;1;0;0;1;0;0;0;1;0;1;0;0;0;0;0;0;2;21;8;2;0;2;2;1;1;0;0;0;0;2;0;2;2;11;5;0;1;1;0;1;0;0;0;0;0;0;0;0;1;29;4;25;12;7;0;0;1;0;0;1;0;1;0;8;0;7;2;3;1;2;0;0;0;0;2;0;0;0;0;2;1;122;2;0;3;0;1;1;1;0;0;0;0;0;0;1;0;2;3;1;0;0;0;0;0;0;1;0
5;"Centrum Kultury Gminy Nowa Ruda, ul. Fabryczna 2, 57-450 Ludwikowice Kłodzkie";20811;"gm. Nowa Ruda";"kłodzki";"dolnośląskie";1;1;3;1;0;0;0;0;0;0;0;0;0;0;0;0;1;1;17;4;4;2;0;2;3;3;1;0;0;0;0;2;1;0;5;10;0;4;1;2;1;0;0;0;0;0;1;0;2;1;31;9;59;7;2;0;3;0;0;1;0;0;1;0;5;1;14;4;4;0;1;0;0;0;0;0;0;0;0;0;1;0;138;3;3;0;10;1;1;1;0;1;0;0;0;0;0;0;0;0;0;1;1;2;0;0;0;0;0
6;"Galeria Ludwikowice, ul. Główna 65, 57-450 Ludwikowice Kłodzkie";20811;"gm. Nowa Ruda";"kłodzki";"dolnośląskie";1;1;2;0;1;1;1;1;0;0;0;0;0;0;0;0;1;2;7;4;0;0;0;3;1;0;3;0;0;1;0;0;0;1;5;5;1;1;2;0;0;0;0;1;1;0;2;0;0;1;44;5;51;13;8;0;3;3;0;1;2;0;0;0;10;0;5;7;2;1;0;0;1;1;0;0;1;2;2;0;1;2;115;4;0;0;9;0;0;0;0;0;0;0;0;0;0;1;4;6;0;0;0;0;0;0;0;0;1
7;"Świetlica wiejska, Sokolec 3, 57-450 Ludwikowice Kłodzkie";20811;"gm. Nowa Ruda";"kłodzki";"dolnośląskie";1;1;1;0;1;0;0;1;0;1;0;0;0;0;0;0;0;1;12;4;4;0;0;0;1;4;2;0;1;1;1;0;0;0;13;3;2;0;2;0;1;0;1;0;0;1;0;0;0;0;50;5;15;5;5;3;0;1;0;0;0;0;0;0;2;0;7;2;2;0;1;0;0;1;0;0;0;0;0;0;0;1;94;9;3;1;11;0;0;0;0;0;0;0;0;0;0;0;0;1;0;1;0;0;0;0;0;0;0
8;"Zespół Szkół Nr 3 z Oddziałami Integracyjnymi, Bożków 89e, 57-441 Bożków";20811;"gm. Nowa Ruda";"kłodzki";"dolnośląskie";1;1;0;0;1;0;0;0;0;0;0;0;0;0;0;0;1;1;21;15;2;0;1;2;2;3;3;0;0;0;1;1;0;1;14;9;0;1;0;4;0;0;0;0;0;0;0;0;1;0;17;2;54;7;25;0;2;0;0;0;2;1;0;1;26;0;15;2;5;0;1;0;0;0;1;2;0;0;0;0;1;0;110;1;0;0;3;2;0;0;0;0;0;0;0;1;0;0;6;0;1;0;0;1;0;0;0;1;0
9;"Zespół Szkół Nr 3 z Oddziałami Integracyjnymi, Bożków 89e, 57-441 Bożków";20811;"gm. Nowa Ruda";"kłodzki";"dolnośląskie";1;1;4;0;2;0;0;0;0;1;0;0;1;0;0;0;0;1;32;21;1;0;1;1;3;6;0;0;0;0;0;0;1;0;13;8;1;8;5;2;0;3;0;1;0;1;0;0;0;2;28;4;41;6;51;1;2;0;0;1;0;1;0;0;18;2;13;1;5;0;0;0;2;1;1;2;0;0;2;1;0;0;140;1;3;1;1;0;0;2;0;0;0;0;0;2;0;0;1;0;0;1;0;0;0;0;0;0;0
10;"Biblioteka Publiczna Gminy Nowa Ruda Filia nr 7 w Przygórzu, Przygórze 218, 57-431 Przygórze";20811;"gm. Nowa Ruda";"kłodzki";"dolnośląskie";1;1;3;0;0;0;0;0;2;1;0;0;0;0;0;0;1;3;11;3;1;0;1;1;0;3;0;2;0;0;0;0;1;2;9;5;1;2;1;0;0;0;0;0;1;1;0;0;0;0;25;4;29;9;9;0;1;1;0;2;2;0;0;0;8;1;19;0;0;0;0;1;0;0;0;2;0;2;0;0;0;0;131;5;0;0;3;0;0;0;1;1;0;0;0;0;0;0;4;1;0;1;0;0;0;0;0;0;1
11;"Remiza strażacka, Wolibórz 116, 57-431 Wolibórz";20811;"gm. Nowa Ruda";"kłodzki";"dolnośląskie";1;1;2;1;0;1;0;0;2;3;0;0;0;0;0;0;0;2;38;12;1;1;0;2;0;1;1;0;1;4;0;1;1;1;14;9;3;1;0;3;2;2;1;2;2;1;0;2;1;2;74;6;83;11;27;1;1;1;0;4;1;0;0;1;19;0;11;1;1;2;2;0;0;0;1;1;1;0;0;0;0;3;119;4;2;2;2;1;0;0;1;0;1;0;0;0;0;0;2;1;0;1;0;0;0;0;0;0;0
12;"Hala sportowa, Dzikowiec 94 A, 57-432 Dzikowiec";20811;"gm. Nowa Ruda";"kłodzki";"dolnośląskie";1;1;2;0;2;1;0;0;1;1;0;0;0;0;0;0;0;1;23;7;6;1;0;0;5;4;3;0;1;2;0;0;1;0;9;5;2;4;0;5;1;1;0;0;12;0;0;1;0;1;20;2;93;9;22;1;3;1;0;3;1;0;0;1;14;0;17;3;1;0;0;0;4;0;0;0;0;0;0;0;0;0;132;2;0;0;2;0;0;1;0;0;1;0;0;0;0;1;7;3;0;0;0;0;0;0;0;0;0
13;"Świetlica wiejska, Świerki 61, 57-451 Świerki";20811;"gm. Nowa Ruda";"kłodzki";"dolnośląskie";1;1;0;1;0;1;0;0;1;0;0;0;1;0;0;0;1;3;32;16;4;3;0;1;2;0;2;0;1;0;0;0;2;1;5;6;5;3;2;2;1;1;0;1;1;0;0;0;1;4;31;4;45;5;6;2;0;1;2;1;4;0;1;0;18;1;9;4;0;2;0;0;0;0;0;1;0;0;0;1;2;0;122;1;3;0;14;0;0;2;0;0;0;0;0;1;0;3;10;1;2;2;0;0;1;6;0;0;2
14;"Świetlica wiejska, Włodowice 36, 57-400 Nowa Ruda";20811;"gm. Nowa Ruda";"kłodzki";"dolnośląskie";1;1;6;0;0;0;0;0;0;4;0;0;0;0;0;0;0;3;18;7;3;1;4;2;0;3;2;0;0;0;1;1;2;1;9;9;3;2;2;2;2;0;1;1;0;0;0;1;0;0;36;2;57;9;17;0;2;0;0;1;0;0;0;3;3;3;8;4;1;1;1;0;2;0;1;0;0;0;0;0;0;0;142;4;0;3;5;1;0;0;0;0;0;0;0;0;0;0;0;0;1;0;0;0;0;0;0;0;0
15;"Świetlica wiejska, Czerwieńczyce 16, 57-441 Bożków";20811;"gm. Nowa Ruda";"kłodzki";"dolnośląskie";1;1;2;0;0;0;0;0;0;0;0;0;0;0;0;0;0;0;11;10;0;0;1;0;2;4;0;0;1;1;0;0;1;1;7;3;1;8;0;1;0;0;0;0;2;1;0;0;1;1;39;2;41;4;19;2;2;0;0;2;1;0;0;1;12;0;8;0;1;1;0;0;0;0;0;0;0;1;0;0;2;0;80;1;2;1;3;0;0;0;0;0;1;0;1;0;0;0;2;1;1;0;0;0;0;0;0;1;0
16;"Dom Pomocy Społecznej, ul. Główna 118, 57-430 Jugów";20811;"gm. Nowa Ruda";"kłodzki";"dolnośląskie";1;1;0;0;0;0;0;1;0;0;0;0;0;0;0;0;0;0;0;1;1;0;1;0;0;0;0;0;0;0;0;0;0;0;1;0;0;0;0;0;0;1;0;0;2;0;0;0;0;0;4;1;1;1;2;0;0;1;0;1;2;0;1;0;2;0;0;0;0;0;0;0;0;0;0;0;0;0;0;0;0;0;5;0;0;0;0;0;0;0;0;0;0;0;0;0;0;1;0;0;0;0;0;0;0;0;0;0;0
1;"Urząd Miasta i Gminy, rynek Rynek 1, 57-420 Radków";20812;"gm. Radków";"kłodzki";"dolnośląskie";1;1;2;1;3;0;1;0;0;1;0;1;0;0;0;1;0;0;61;31;7;1;7;1;7;8;6;0;4;4;3;2;2;7;23;9;5;7;1;3;3;7;1;0;1;2;1;1;0;3;52;12;218;9;59;1;9;2;1;2;4;1;2;3;8;4;33;11;7;4;2;2;1;2;4;1;2;2;1;2;7;2;395;4;5;2;9;3;0;0;0;4;1;0;2;5;2;0;7;2;13;1;1;1;2;1;0;0;2
2;"Centrum Kulturalno Sportowo Rekreacyjne, Ratno Górne 4a, 57-420 Radków";20812;"gm. Radków";"kłodzki";"dolnośląskie";1;1;1;0;1;0;0;0;0;2;0;0;0;1;0;0;0;2;6;5;1;0;1;0;0;0;0;0;0;0;0;0;0;1;2;1;0;0;0;1;0;0;0;0;0;0;0;1;0;0;3;3;29;0;9;0;1;0;0;1;1;0;0;0;1;0;8;2;0;2;1;0;0;0;0;1;0;0;0;1;1;0;37;0;1;0;1;0;0;0;0;0;0;0;0;0;0;0;1;0;0;0;0;0;0;0;0;0;0
3;"Świetlica OSP, Wambierzyce ul. Objazdowa 8a, 57-420 Radków";20812;"gm. Radków";"kłodzki";"dolnośląskie";1;1;2;1;2;0;1;0;1;0;0;1;0;0;0;0;0;0;17;25;1;4;2;0;3;2;5;1;0;2;0;1;2;0;5;3;3;3;2;1;0;1;1;3;3;0;0;1;1;0;25;11;120;5;17;0;6;1;0;2;1;0;0;1;23;2;23;2;3;0;0;0;1;0;1;0;1;0;0;2;0;2;143;4;1;1;0;1;0;0;0;0;0;1;1;5;0;0;10;1;1;3;0;0;1;0;1;0;0
4;"Sala Widowiskowa, Ścinawka Średnia ul. Mickiewicza 12c, 57-420 Radków";20812;"gm. Radków";"kłodzki";"dolnośląskie";1;1;8;0;0;1;3;1;1;2;1;2;0;0;0;0;2;4;36;29;2;2;2;3;1;9;2;0;0;7;0;0;1;3;19;9;2;3;2;10;0;0;0;0;0;0;0;3;0;5;49;9;167;19;61;1;1;0;0;3;5;0;1;4;10;7;36;6;7;1;4;0;1;2;2;0;0;0;0;1;0;1;325;4;5;0;1;0;0;0;0;0;0;1;0;6;0;1;12;6;7;0;0;1;1;1;2;0;1
5;"Centrum Inicjatyw Wiejskich, Ścinawka Górna 18a, 57-420 Radków";20812;"gm. Radków";"kłodzki";"dolnośląskie";1;1;0;1;0;0;0;1;0;0;0;1;0;0;0;0;0;0;11;13;0;0;0;2;1;1;1;0;0;0;0;1;1;3;1;2;1;0;0;1;0;0;0;0;0;1;0;1;0;0;23;3;50;6;17;1;2;0;0;0;1;0;0;0;4;1;12;2;4;1;0;0;0;0;1;3;0;1;0;0;1;0;92;3;0;0;0;0;0;0;0;0;0;0;2;2;0;0;12;0;1;0;0;0;0;0;0;2;0
6;"Zespół Szkolno-Przedszkolny, Ścinawka Dolna 21a, 57-420 Radków";20812;"gm. Radków";"kłodzki";"dolnośląskie";1;1;2;0;0;0;4;0;4;1;0;1;1;1;0;0;2;0;24;21;4;2;3;1;1;1;2;0;2;0;2;1;1;1;7;4;2;2;2;3;1;0;2;0;2;0;0;1;0;0;16;5;65;9;86;4;5;0;0;0;2;1;1;0;14;1;22;6;4;2;0;0;1;0;1;5;1;0;0;0;1;2;119;4;8;0;2;0;0;2;0;0;1;0;0;1;0;1;7;0;1;1;0;0;1;0;0;0;0
7;"Sala Domu Ludowego, Tłumaczów 72, 57-420 Radków";20812;"gm. Radków";"kłodzki";"dolnośląskie";1;1;3;0;0;0;0;0;0;1;0;1;0;0;0;0;1;1;11;2;3;0;2;2;0;3;0;0;0;1;2;0;0;1;2;1;0;0;2;3;0;1;1;0;0;0;1;0;1;0;9;4;62;4;20;0;1;0;0;0;1;0;0;2;7;2;2;1;0;0;0;1;0;2;1;0;0;0;0;0;1;0;72;3;1;0;1;1;0;0;0;0;0;0;0;1;0;1;3;1;0;0;0;0;1;0;0;0;0
8;"Świetlica Wiejska w Ratnie Dolnym, Ratno Dolne 57, 57-420 Radków";20812;"gm. Radków";"kłodzki";"dolnośląskie";1;1;0;2;2;0;0;0;0;0;0;0;0;0;0;0;0;0;4;10;0;0;0;1;0;0;0;0;0;0;0;0;0;0;2;4;1;1;0;2;0;0;0;0;0;0;0;0;0;0;13;1;47;1;22;1;2;1;0;3;0;0;0;1;5;1;11;2;1;0;2;1;3;1;0;0;0;0;0;1;1;0;38;1;0;0;0;1;0;1;0;0;0;0;0;3;0;0;1;0;0;0;0;0;0;0;0;0;0
9;"Suszyńskie Centrum Kultury i Tradycji, Suszyna 36A, 57-420 Radków";20812;"gm. Radków";"kłodzki";"dolnośląskie";1;1;0;0;0;0;1;0;0;0;0;1;0;1;0;0;0;0;6;12;0;0;0;1;0;0;3;1;1;0;1;0;0;0;4;3;0;0;0;0;0;0;0;0;0;0;0;0;0;0;9;2;30;0;15;0;0;0;0;1;0;0;1;0;2;0;4;3;4;0;0;0;0;0;0;1;0;0;0;0;0;0;17;0;0;0;0;0;0;0;0;0;0;0;0;0;0;0;4;0;0;0;0;0;0;0;0;0;0
10;"Dom Pomocy Społecznej w Nowej Rudzie Oddział w Ścinawce Dolnej, Ścinawka Dolna 17, 57-420 Radków";20812;"gm. Radków";"kłodzki";"dolnośląskie";1;1;0;0;0;0;0;0;0;0;0;0;0;0;0;0;0;0;1;0;0;0;0;0;0;0;1;0;0;0;0;0;0;0;1;0;0;0;0;0;0;0;0;0;0;0;0;0;0;0;6;0;2;0;0;1;0;0;1;2;2;0;0;0;0;0;0;0;0;0;0;0;0;0;0;0;0;0;0;0;0;0;1;0;0;0;0;0;3;0;0;0;0;0;0;0;0;0;0;0;0;0;0;0;0;0;0;0;0
1;"Szkoła Podstawowa w Stroniu Śląskim, ul. Kościuszki 57, 57-550 Stronie Śląskie";20813;"gm. Stronie Śląskie";"kłodzki";"dolnośląskie";1;1;2;0;1;0;0;0;0;0;2;0;0;0;1;0;3;1;20;8;1;0;2;4;10;3;3;2;1;14;0;1;1;3;27;11;0;12;0;2;1;1;0;1;2;0;0;0;0;0;36;4;79;10;5;0;73;1;1;1;0;0;1;0;5;4;10;1;2;0;1;0;2;2;1;1;0;0;0;7;0;1;164;7;6;0;4;1;0;1;0;0;1;0;3;10;0;0;0;0;1;0;0;2;0;0;0;0;0
2;"Przedszkole Miejskie w Stroniu Śląskim, ul. Nadbrzeżna 30, 57-550 Stronie Śląskie";20813;"gm. Stronie Śląskie";"kłodzki";"dolnośląskie";1;1;3;0;2;0;1;0;0;1;0;4;0;0;0;0;1;1;16;9;3;0;2;5;11;7;6;1;1;38;0;3;0;4;22;11;0;23;3;8;2;1;0;0;0;0;1;2;0;1;30;5;64;12;8;4;126;2;0;2;0;2;0;1;3;1;16;2;1;3;2;1;2;2;0;1;0;0;0;13;5;2;215;11;8;1;5;3;3;6;0;1;1;2;0;19;2;3;4;1;0;1;2;1;1;0;0;0;0
3;"Zespół Szkół Samorządowych w Stroniu Śląskim, Strachocin 2, 57-550 Stronie Śląskie";20813;"gm. Stronie Śląskie";"kłodzki";"dolnośląskie";1;1;1;1;0;1;2;1;2;1;1;3;0;0;1;0;0;1;28;9;5;3;4;3;3;8;3;0;0;29;4;4;1;3;23;12;2;15;6;5;4;2;2;0;1;0;0;1;0;4;23;1;63;8;6;0;61;2;0;3;2;2;1;0;11;0;20;5;3;1;0;1;1;2;3;0;2;0;2;10;2;1;197;11;5;4;6;3;4;5;3;0;1;0;2;17;1;3;8;2;0;1;1;2;1;0;1;0;0
4;"Szkoła Podstawowa w Stroniu Śląskim, ul. Kościuszki 57, 57-550 Stronie Śląskie";20813;"gm. Stronie Śląskie";"kłodzki";"dolnośląskie";1;1;6;2;1;0;0;1;2;0;0;3;0;1;0;0;0;1;19;7;2;2;0;4;14;3;5;0;4;15;1;1;3;0;20;10;5;8;5;5;4;4;0;0;5;0;0;0;3;0;32;4;66;22;4;0;50;4;0;4;2;2;1;2;1;2;21;3;5;1;1;0;0;1;0;1;0;0;0;4;2;2;233;3;8;1;4;4;0;2;2;1;4;1;0;16;0;2;1;2;0;1;1;2;1;1;0;0;2
5;"Świetlica wiejska ""Trzy Siostry"", Stary Gierałtów 7a, 57-550 Stronie Śląskie";20813;"gm. Stronie Śląskie";"kłodzki";"dolnośląskie";1;1;1;2;1;0;0;0;1;0;0;0;2;0;0;0;1;1;30;7;1;4;4;5;7;6;1;0;1;13;1;0;2;5;12;6;1;6;2;2;0;2;0;0;0;0;1;0;0;0;19;7;34;7;3;1;39;1;0;2;1;1;2;0;8;3;12;1;1;2;0;1;1;1;1;0;0;0;0;7;1;0;109;7;6;2;10;1;4;0;0;0;2;1;1;17;1;0;0;0;1;0;0;1;0;0;0;0;0
6;"Niepubliczne Przedszkole ""BAJLANDIA"", Bolesławów 41, 57-550 Stronie Śląskie";20813;"gm. Stronie Śląskie";"kłodzki";"dolnośląskie";1;1;2;0;0;0;1;1;0;0;0;2;0;0;0;0;1;0;24;4;5;3;2;4;10;2;3;0;0;6;1;2;1;0;16;4;2;2;3;0;1;1;0;1;0;0;3;0;0;3;11;1;27;9;5;2;20;0;0;0;0;2;1;1;1;0;7;0;1;0;0;0;0;0;2;2;0;1;0;2;1;2;82;3;1;1;1;4;3;1;0;0;0;0;0;7;1;2;2;0;0;0;0;0;0;0;0;0;1
7;"Wojewódzkie Centrum Psychiatrii Długoterminowej Samodzielny Publiczny ZOZ w Stroniu Śląskim Budynek ZOL A, ul. Sudecka 3A, 57-550 Stronie Śląskie";20813;"gm. Stronie Śląskie";"kłodzki";"dolnośląskie";1;1;1;0;0;0;0;0;0;0;0;0;0;0;0;0;1;0;0;0;0;1;0;0;0;0;0;0;0;0;0;0;0;0;0;0;1;0;0;0;1;0;0;0;0;0;0;1;0;0;14;0;3;2;2;1;0;0;0;3;1;0;1;1;0;0;1;0;0;0;0;0;0;0;0;0;0;0;0;0;0;0;4;0;0;0;0;0;1;0;0;0;0;1;0;0;0;0;0;0;0;0;0;0;0;0;0;0;0
1;"Oddział Przedszkola Publicznego w Szczytnej, ul. Wolności 80, 57-330 Szczytna";20814;"gm. Szczytna";"kłodzki";"dolnośląskie";1;1;2;3;0;0;4;0;0;1;0;0;0;0;0;0;2;1;21;19;2;1;3;3;3;5;2;2;0;0;0;1;0;3;4;1;0;6;1;7;1;2;0;2;0;2;0;0;0;1;31;3;48;21;3;1;2;4;1;1;2;1;3;1;16;2;12;4;5;1;1;0;0;0;1;2;1;2;0;1;0;0;140;4;4;1;4;4;0;1;0;0;1;1;1;4;0;1;4;1;1;0;0;0;0;0;0;0;0
2;"Szkoła Podstawowa im. Orła Białego, ul. Kościelna 6, 57-330 Szczytna";20814;"gm. Szczytna";"kłodzki";"dolnośląskie";1;1;6;7;2;0;17;0;1;1;0;2;0;0;0;0;0;3;58;42;4;2;1;1;3;3;5;1;3;5;0;0;3;4;11;2;1;12;5;9;0;1;0;0;1;5;1;1;0;1;69;13;150;17;6;4;9;3;1;3;2;1;0;0;32;0;18;5;3;3;4;2;1;2;1;0;1;3;1;0;3;1;343;10;4;2;5;1;0;1;0;0;2;1;3;18;1;0;5;1;0;2;1;0;0;0;0;0;1
3;"Miejski Ośrodek Kultury, ul. Henryka Sienkiewicza 16, 57-330 Szczytna";20814;"gm. Szczytna";"kłodzki";"dolnośląskie";1;1;6;8;2;1;26;0;0;1;1;0;0;1;1;0;1;2;79;45;9;5;5;6;5;3;3;2;3;3;2;5;3;4;18;17;5;5;6;10;3;3;0;0;2;9;0;1;1;0;92;10;173;14;12;3;6;4;0;7;9;2;5;3;30;7;28;4;6;2;2;1;4;3;1;2;1;0;0;0;1;3;342;18;13;3;11;3;3;4;0;2;2;0;6;9;0;0;9;2;4;3;0;2;0;0;1;0;1
4;"Świetlica Wiejska, Niwa 24, 57-320 Polanica-Zdrój";20814;"gm. Szczytna";"kłodzki";"dolnośląskie";1;1;0;0;0;0;2;0;0;1;0;0;0;0;0;0;0;0;8;5;1;0;0;0;0;1;0;0;0;0;1;1;2;0;2;1;0;2;0;1;0;1;0;0;2;0;0;0;0;1;26;2;34;3;1;0;2;0;0;2;0;1;1;0;19;0;9;1;1;0;0;0;2;0;0;1;1;1;0;1;1;0;24;1;0;0;0;0;0;1;1;0;0;1;0;3;0;0;1;0;1;0;0;1;1;0;0;0;0
5;"Wiejskie Centrum Aktywności Społecznej, Łężyce 49a, 57-340 Duszniki-Zdrój";20814;"gm. Szczytna";"kłodzki";"dolnośląskie";1;1;0;0;0;0;3;0;0;0;0;0;0;0;0;0;0;0;18;1;2;2;2;1;3;1;1;0;2;2;0;3;1;2;8;3;0;3;2;3;0;0;0;0;1;5;0;0;0;0;37;7;67;5;0;0;3;0;3;2;0;2;1;2;11;3;8;1;2;2;0;4;1;0;0;1;2;2;1;0;2;1;87;4;3;0;2;2;1;1;0;0;0;1;5;10;1;0;2;0;0;0;0;0;1;1;0;0;2
6;"Dom Ludowy, Wolany 4/3, 57-300 Kłodzko";20814;"gm. Szczytna";"kłodzki";"dolnośląskie";1;1;0;1;0;1;7;0;0;0;0;0;0;0;1;0;0;0;15;21;0;0;3;1;0;3;0;0;0;1;0;0;2;1;2;1;0;5;0;0;1;0;0;0;0;7;1;2;0;0;18;0;57;4;3;1;1;0;1;0;2;0;0;0;6;0;6;6;0;1;1;0;2;0;0;0;0;0;1;0;1;1;64;4;2;0;1;0;0;1;0;0;0;0;1;1;0;0;0;0;0;0;2;1;0;1;0;0;0
7;"Zespół Szkół Społecznych, Chocieszów 32, 57-320 Polanica-Zdrój";20814;"gm. Szczytna";"kłodzki";"dolnośląskie";1;1;2;0;0;0;7;0;0;0;0;0;0;0;0;0;0;0;9;8;0;1;0;1;1;2;1;1;0;0;0;0;0;1;4;5;0;1;2;1;0;2;0;0;2;1;0;0;0;0;12;0;22;3;2;0;2;1;2;0;0;0;0;0;4;0;5;4;1;1;0;0;0;0;1;1;0;1;0;0;0;0;53;1;5;1;0;0;0;0;0;1;0;0;0;4;0;0;1;0;0;0;0;0;0;0;0;0;0
1;"Budynek dawnego Gimnazjum nr 1, ul. Mieczysława Kozara Słobódzkiego 21, 58-105 Świdnica";21901;"m. Świdnica";"świdnicki";"dolnośląskie";1;1;8;1;3;0;0;0;1;0;0;2;0;0;1;0;4;1;71;14;12;2;4;12;10;10;5;9;0;3;0;0;4;4;38;19;4;0;11;1;30;2;3;2;3;0;0;1;2;38;44;16;115;88;7;2;7;4;1;5;20;6;17;2;18;5;24;14;12;6;7;0;1;0;2;0;1;1;0;0;7;3;179;75;12;68;30;6;3;11;0;69;14;3;1;1;58;5;9;5;1;0;0;0;0;0;0;0;0
2;"Szkoła Podstawowa nr 1 z Oddziałami Integracyjnymi im. Tadeusza Kościuszki w Świdnicy, ul. Galla Anonima 1, 58-100 Świdnica";21901;"m. Świdnica";"świdnicki";"dolnośląskie";1;1;6;1;2;2;0;1;0;4;0;2;0;0;0;0;4;2;83;7;8;1;5;4;5;12;2;7;1;0;1;2;5;6;36;23;2;1;6;2;12;1;2;0;4;0;1;0;1;63;79;41;159;67;9;5;6;2;2;6;22;3;22;1;34;3;26;16;4;2;4;1;2;0;0;2;1;1;3;1;2;1;187;58;10;73;23;8;3;11;0;74;7;2;3;0;48;4;6;1;1;1;0;1;0;0;0;0;3
3;"Szkoła Podstawowa nr 1 z Oddziałami Integracyjnymi im. Tadeusza Kościuszki w Świdnicy, ul. Galla Anonima 1, 58-100 Świdnica";21901;"m. Świdnica";"świdnicki";"dolnośląskie";1;1;9;0;1;1;1;0;1;4;0;2;0;1;0;0;1;1;130;6;7;6;3;4;9;15;4;12;1;5;1;1;9;2;33;40;2;2;12;3;11;2;4;0;2;0;0;0;0;84;58;32;161;74;9;4;6;2;1;6;23;10;21;2;34;1;29;31;13;3;9;0;2;1;2;3;3;0;1;0;2;1;220;90;28;121;40;11;6;27;1;155;11;1;2;3;42;14;14;6;1;0;0;0;1;0;0;1;1
4;"Szkoła Podstawowa nr 105 im. Polskich Podróżników i Odkrywców w Świdnicy, ul. Saperów 27a, 58-100 Świdnica";21901;"m. Świdnica";"świdnicki";"dolnośląskie";1;1;3;0;3;2;0;1;1;3;0;0;0;0;0;1;1;0;91;11;7;1;3;1;4;3;4;5;0;1;0;2;9;4;16;18;4;0;5;1;16;2;0;2;1;0;0;0;0;70;41;15;111;70;6;5;6;4;1;8;25;4;9;2;26;5;22;12;8;7;7;2;1;4;0;3;3;0;1;1;6;1;121;70;11;63;33;5;2;24;0;63;18;1;3;2;18;7;12;0;1;0;1;0;0;3;0;0;2
5;"Szkoła Podstawowa nr 105 im. Polskich Podróżników i Odkrywców w Świdnicy, ul. Saperów 27a, 58-100 Świdnica";21901;"m. Świdnica";"świdnicki";"dolnośląskie";1;1;7;0;0;0;3;1;1;3;0;1;0;0;0;0;1;1;119;7;12;7;5;4;4;15;5;9;1;1;1;2;8;2;26;23;9;2;10;1;27;1;0;2;2;0;0;0;2;58;47;19;84;59;7;1;1;0;1;5;16;1;22;3;24;3;24;16;8;6;4;0;0;2;2;5;3;0;4;0;7;4;161;88;11;65;28;13;2;15;1;67;3;0;3;4;29;13;9;2;1;0;1;0;0;0;0;0;1
6;"Miejska Biblioteka Publiczna im. Cypriana Kamila Norwida w Świdnicy, ul. Franciszkańska 18, 58-100 Świdnica";21901;"m. Świdnica";"świdnicki";"dolnośląskie";1;1;6;0;0;1;1;0;1;2;1;1;0;2;0;0;2;1;50;4;7;2;2;4;1;9;6;2;3;1;0;1;3;6;14;20;4;0;5;2;22;3;1;0;2;0;0;2;0;61;42;20;97;77;7;6;4;3;2;4;12;5;18;1;33;9;29;10;5;1;6;1;0;1;1;2;0;0;1;0;1;4;161;71;9;56;31;11;3;23;1;53;6;0;2;2;31;4;11;3;1;1;0;0;0;1;0;0;1
7;"Przedszkole Miejskie nr 6, ul. Komunardów 2, 58-100 Świdnica";21901;"m. Świdnica";"świdnicki";"dolnośląskie";1;1;7;0;1;0;1;0;1;1;1;0;0;1;0;0;1;0;87;2;5;3;6;3;2;13;6;3;0;3;0;0;5;4;21;18;6;1;6;1;23;1;2;0;4;0;0;1;4;53;33;14;77;79;3;2;4;1;3;6;16;4;24;0;14;3;41;11;8;2;5;0;0;0;0;2;4;1;1;1;5;2;136;59;10;63;22;8;2;12;2;58;5;0;3;4;22;3;5;1;0;0;1;0;0;0;1;0;3
8;"Szkoła Podstawowa nr 2 im. Polskich Olimpijczyków w Świdnicy, ul. Ofiar Oświęcimskich 30, 58-105 Świdnica";21901;"m. Świdnica";"świdnicki";"dolnośląskie";1;1;9;0;1;0;0;1;0;4;0;1;1;0;1;0;3;0;59;2;5;3;5;3;2;11;1;15;0;0;1;0;6;3;18;15;4;1;7;2;24;1;1;1;0;0;0;2;0;33;68;21;109;65;7;1;8;1;0;8;12;2;29;2;29;3;22;8;4;2;12;0;1;2;3;0;0;0;1;0;2;1;173;71;12;42;26;14;4;17;0;69;6;1;4;3;30;5;7;3;3;1;0;0;0;1;0;0;1
9;"Przedszkole Miejskie nr 14, ul. Mieczysława Kozara Słobódzkiego 10, 58-105 Świdnica";21901;"m. Świdnica";"świdnicki";"dolnośląskie";1;1;4;0;2;0;0;2;1;2;0;0;1;0;0;0;0;1;68;11;7;2;3;8;2;17;3;7;2;1;1;0;3;5;35;24;2;1;7;0;18;2;1;1;5;0;0;1;0;44;50;30;124;80;7;8;9;8;2;7;22;4;31;0;39;7;16;15;9;8;9;1;1;2;2;1;5;0;3;0;2;3;175;57;11;60;24;17;2;14;2;36;7;0;1;1;32;3;9;0;6;0;1;0;0;0;0;0;1
10;"Miejskie Przedszkole Integracyjne nr 16 „Słoneczko”, ul. Karola Marcinkowskiego 10, 58-105 Świdnica";21901;"m. Świdnica";"świdnicki";"dolnośląskie";1;1;4;0;0;0;0;1;1;1;0;1;0;0;1;0;0;1;63;14;19;2;3;3;2;11;4;0;0;3;3;1;4;4;25;17;6;1;8;1;9;2;0;2;2;0;1;1;1;37;44;18;139;103;12;3;3;4;0;6;28;1;20;4;15;12;24;17;1;0;12;2;1;1;1;2;3;0;0;1;2;2;164;83;15;76;19;12;1;16;1;61;15;1;3;2;48;15;6;1;0;0;0;1;4;2;0;0;0
11;"Szkoła Podstawowa nr 4 im. Henryka Sienkiewicza w Świdnicy, ul. Karola Marcinkowskiego 4 - 6, 58-105 Świdnica";21901;"m. Świdnica";"świdnicki";"dolnośląskie";1;1;8;2;1;1;0;0;2;1;1;2;2;1;0;0;0;2;84;3;8;3;3;0;5;12;5;13;1;2;0;2;3;4;45;34;5;0;10;2;15;3;2;0;5;1;0;0;1;47;48;22;147;124;9;4;3;1;0;3;29;5;22;1;24;8;22;16;7;3;5;0;2;0;0;2;1;0;1;1;0;2;194;75;10;74;17;12;3;12;2;65;20;0;2;3;32;7;18;1;1;1;0;0;0;1;0;0;3
12;"Szkoła Podstawowa nr 4 im. Henryka Sienkiewicza w Świdnicy, ul. Karola Marcinkowskiego 4 - 6, 58-105 Świdnica";21901;"m. Świdnica";"świdnicki";"dolnośląskie";1;1;8;0;0;1;1;0;1;3;0;0;0;0;0;0;1;0;75;5;5;5;4;4;4;18;6;3;1;1;0;0;8;7;34;19;0;2;7;0;28;2;2;1;2;1;0;1;1;42;45;17;178;123;10;2;3;4;0;4;31;10;17;3;18;4;17;11;10;3;6;2;1;1;0;3;0;1;0;2;0;1;271;101;11;90;34;12;2;16;1;50;14;0;2;1;41;3;15;1;2;1;1;0;0;0;0;0;3
13;"Urząd Stanu Cywilnego, ul. Armii Krajowej 47, 58-100 Świdnica";21901;"m. Świdnica";"świdnicki";"dolnośląskie";1;1;11;0;1;0;0;0;0;0;0;1;1;0;1;1;0;0;95;4;4;2;1;4;6;14;1;8;0;4;4;5;10;7;25;16;4;4;6;3;20;1;2;0;3;0;0;4;1;55;46;16;119;74;2;2;4;0;1;3;22;2;27;1;21;5;40;15;3;9;21;1;2;1;3;3;1;0;5;1;2;0;175;84;16;79;27;28;1;18;1;67;13;5;0;1;42;7;6;2;3;0;0;0;1;1;0;0;3
14;"Szkoła Podstawowa nr 8 im. Kawalerów Orderu Uśmiechu w Świdnicy (sala gimnastyczna), ul. Wałbrzyska 39, 58-100 Świdnica";21901;"m. Świdnica";"świdnicki";"dolnośląskie";1;1;7;0;0;2;1;0;0;1;0;2;0;0;0;0;1;4;119;3;15;5;3;5;4;9;5;7;0;1;2;1;9;4;28;23;5;2;6;5;31;2;3;0;2;3;0;4;0;40;64;15;159;67;10;0;6;1;1;4;26;3;17;2;30;9;49;22;3;8;5;0;1;1;0;5;2;0;3;0;4;2;264;81;19;122;30;20;4;27;2;86;10;1;4;0;44;16;15;2;2;0;0;0;1;0;2;1;1
15;"Szkoła Podstawowa nr 8 im. Kawalerów Orderu Uśmiechu w Świdnicy (budynek główny), ul. Wałbrzyska 39, 58-100 Świdnica";21901;"m. Świdnica";"świdnicki";"dolnośląskie";1;1;7;1;0;2;1;0;1;1;0;1;0;0;1;0;0;0;75;5;5;6;3;4;3;14;2;8;0;2;0;0;18;6;20;24;5;1;8;0;37;1;0;1;2;0;1;1;1;45;56;16;110;55;11;1;7;0;0;2;28;4;21;2;17;7;43;17;10;6;10;2;0;0;4;4;1;0;0;2;3;1;177;84;21;81;34;13;7;13;3;77;13;4;4;0;36;10;9;4;0;1;0;1;0;0;0;0;2
16;"Szkoła Podstawowa nr 315 im. Jana Pawła II w Świdnicy, pl. Wojska Polskiego 3, 58-100 Świdnica";21901;"m. Świdnica";"świdnicki";"dolnośląskie";1;1;4;0;2;1;3;0;2;2;0;0;1;2;0;0;0;2;71;3;9;5;3;2;3;10;3;7;0;3;3;1;1;4;18;13;2;0;8;7;34;2;0;1;2;0;0;2;0;55;35;27;93;78;5;3;5;3;0;7;17;0;11;3;19;8;35;16;7;3;8;0;0;1;2;4;2;1;1;1;3;1;184;90;18;61;33;9;3;18;1;48;9;2;2;1;25;7;7;1;2;1;0;0;0;0;0;3;1
17;"Świdnicki Ośrodek Kultury Galeria Fotografii, ul. Rynek 44, 58-100 Świdnica";21901;"m. Świdnica";"świdnicki";"dolnośląskie";1;1;7;1;5;0;0;0;1;1;1;2;0;1;0;0;2;0;77;6;8;1;3;3;3;16;7;8;0;1;2;1;4;9;30;20;7;1;7;2;24;2;3;1;2;1;0;0;3;71;36;28;123;59;13;2;3;2;1;8;11;4;25;2;9;4;29;10;11;3;7;3;2;0;0;2;3;0;4;2;5;1;158;59;15;66;34;6;2;23;3;50;9;2;3;2;33;6;4;2;0;0;3;1;0;0;0;0;2
18;"Centrum Wspierania Organizacji Pozarządowych, ul. Długa 33, 58-100 Świdnica";21901;"m. Świdnica";"świdnicki";"dolnośląskie";1;1;8;0;0;1;0;1;3;0;0;0;1;1;1;0;0;0;46;8;8;5;5;4;3;10;10;6;0;5;2;1;2;9;24;18;3;2;7;3;17;5;3;0;3;0;0;0;0;34;37;22;122;91;3;3;3;4;0;9;15;2;18;1;11;8;32;14;5;10;7;0;1;2;3;5;4;1;0;2;6;2;120;97;9;47;24;8;0;14;2;36;12;1;1;2;24;6;15;6;0;1;0;1;1;0;0;0;5
19;"Szkoła Podstawowa nr 6 im. Tysiąclecia Państwa Polskiego w Świdnicy, ul. Wodna 5 - 7, 58-100 Świdnica";21901;"m. Świdnica";"świdnicki";"dolnośląskie";1;1;2;2;2;0;1;1;3;1;0;3;0;0;0;0;3;1;68;6;7;1;4;3;4;17;3;8;1;2;1;0;6;6;24;24;2;0;6;2;32;2;1;0;1;0;0;0;0;26;43;20;77;69;3;2;3;7;3;15;12;3;20;1;30;3;20;11;6;1;5;0;1;0;2;5;1;0;0;0;2;2;130;54;12;47;30;15;1;15;1;75;10;1;1;2;22;6;12;0;0;0;1;0;0;0;1;0;0
20;"Szkoła Podstawowa nr 6 im. Tysiąclecia Państwa Polskiego w Świdnicy, ul. Jodłowa 21, 58-100 Świdnica";21901;"m. Świdnica";"świdnicki";"dolnośląskie";1;1;8;0;0;2;0;2;3;3;0;1;1;0;0;0;1;1;68;2;16;7;5;9;0;11;6;12;1;2;2;1;2;4;30;29;1;0;12;1;19;0;0;2;4;0;2;0;0;54;63;26;129;82;4;3;10;6;0;9;14;1;13;0;34;2;14;9;6;2;6;1;1;3;3;1;1;1;2;2;4;1;158;85;10;74;25;6;0;7;3;43;9;1;2;1;34;5;17;2;0;0;0;1;0;0;0;0;3
21;"Szkoła Podstawowa nr 6 im. Tysiąclecia Państwa Polskiego w Świdnicy, ul. Jodłowa 21, 58-100 Świdnica";21901;"m. Świdnica";"świdnicki";"dolnośląskie";1;1;5;0;0;0;0;0;1;2;1;2;1;0;0;0;3;0;44;5;7;3;4;2;1;12;7;5;0;4;1;1;5;4;21;18;1;0;5;2;18;2;4;0;2;0;0;0;3;33;56;25;97;71;1;7;5;4;1;10;8;2;9;0;27;4;22;12;2;4;3;1;2;0;4;2;0;0;0;1;2;3;167;72;12;54;26;7;6;19;1;42;10;2;7;1;35;2;7;0;0;3;0;0;0;0;1;0;5
22;"Przedszkole Miejskie nr 3 w Świdnicy, ul. Okrężna 30, 58-100 Świdnica";21901;"m. Świdnica";"świdnicki";"dolnośląskie";1;1;5;1;1;2;0;0;0;0;2;1;0;1;1;0;0;0;59;3;7;2;7;7;2;12;8;10;0;1;0;2;4;1;30;14;4;0;9;8;23;5;3;2;3;0;0;0;1;45;60;20;101;77;11;4;5;3;0;7;18;5;12;2;35;0;28;15;4;1;10;3;3;3;3;5;2;0;0;2;0;2;168;59;4;74;19;11;1;10;1;41;19;3;3;3;31;7;9;0;2;0;0;0;2;0;1;0;4
23;"Miejski Ośrodek Pomocy Społecznej w Świdnicy Klub Seniora, ul. Malinowa 2, 58-100 Świdnica";21901;"m. Świdnica";"świdnicki";"dolnośląskie";1;1;7;0;0;1;1;1;0;2;0;0;0;2;2;0;2;1;102;6;9;8;3;6;6;10;3;7;1;7;3;1;14;4;24;28;7;1;8;1;27;6;1;1;1;0;0;3;1;43;50;22;107;84;5;3;3;6;1;1;65;2;12;2;25;2;41;28;6;7;8;2;0;1;2;3;0;1;2;1;3;4;245;89;22;99;41;18;4;29;2;90;15;4;1;0;53;10;20;6;4;2;0;0;0;1;1;0;1
24;"Regionalny Szpital Specjalistyczny ""Latawiec"" w Świdnicy, ul. Leśna 27 - 29, 58-100 Świdnica";21901;"m. Świdnica";"świdnicki";"dolnośląskie";1;1;0;0;0;0;0;0;0;0;0;0;0;1;0;0;0;0;2;0;0;1;0;0;0;2;0;1;0;0;0;0;1;0;1;0;0;0;0;0;2;0;1;0;0;0;0;0;0;0;8;5;12;5;1;0;0;0;0;0;2;1;1;0;0;1;5;0;1;0;1;0;0;0;0;1;0;0;0;0;0;0;7;3;3;2;3;1;0;0;0;3;0;0;0;1;0;0;2;2;0;0;0;0;0;0;0;0;0
25;"Areszt Śledczy w Świdnicy, ul. Trybunalska 16, 58-100 Świdnica";21901;"m. Świdnica";"świdnicki";"dolnośląskie";1;1;1;0;1;1;1;0;0;2;0;0;0;0;0;0;0;0;13;0;3;1;0;2;0;0;3;0;2;0;1;1;2;1;5;2;1;0;0;1;0;2;0;0;0;0;0;0;0;1;2;1;3;2;1;0;3;0;0;4;0;0;1;0;1;0;9;3;1;1;0;0;1;0;0;1;1;0;0;0;0;1;41;15;6;8;8;3;1;3;0;0;1;1;3;0;3;1;0;0;0;0;0;0;0;0;1;0;0
1;"Przedszkole nr 2 z Oddziałami Integracyjnymi im. Jana Pawła II, ul. Bolesława Krzywoustego 46, 58-160 Świebodzice";21902;"m. Świebodzice";"świdnicki";"dolnośląskie";1;1;3;0;0;5;0;1;1;1;1;1;0;0;0;1;1;1;82;0;8;7;2;4;1;0;6;0;0;2;0;0;2;2;22;18;5;1;3;2;1;1;3;0;0;0;0;0;1;3;9;9;54;84;1;1;1;0;0;3;0;0;1;1;24;2;23;9;10;2;0;1;0;2;1;2;2;1;1;1;0;3;125;60;6;20;61;3;3;77;0;3;0;1;3;0;0;7;5;1;0;0;0;1;0;0;0;1;1
2;"Przedszkole nr 2 z Oddziałami Integracyjnymi im. Jana Pawła II, ul. Bolesława Krzywoustego 46, 58-160 Świebodzice";21902;"m. Świebodzice";"świdnicki";"dolnośląskie";1;1;2;0;1;8;0;0;1;2;0;0;0;0;0;0;0;1;76;3;4;2;1;4;0;2;1;1;0;2;1;3;4;1;30;27;8;1;1;1;4;2;23;0;1;0;0;0;0;1;15;13;49;118;3;1;1;4;1;1;2;1;3;0;32;10;23;7;3;4;2;0;1;0;0;4;0;0;1;0;3;0;121;73;11;31;38;1;0;98;2;4;5;1;3;0;2;4;5;0;2;0;0;0;0;0;0;0;0
3;"Przedszkole nr 2 z Oddziałami Integracyjnymi im. Jana Pawła II, ul. Księcia Bolka 17, 58-160 Świebodzice";21902;"m. Świebodzice";"świdnicki";"dolnośląskie";1;1;1;1;0;5;0;0;0;0;0;0;0;0;0;0;2;0;77;5;7;6;0;2;0;4;1;0;2;4;1;9;10;2;17;14;11;2;4;0;4;0;22;0;3;0;0;1;1;2;14;12;47;131;1;1;3;3;0;5;4;2;4;1;14;7;24;12;2;0;4;2;3;1;2;1;3;0;1;2;0;1;103;42;6;21;41;4;1;72;0;4;2;0;2;0;5;5;6;0;1;0;1;2;0;0;0;0;0
4;"Szkoła Podstawowa nr 2 z Oddziałami Integracyjnymi im. Nauczycieli Tajnego Nauczania, ul. Mieszka Starego 4, 58-160 Świebodzice";21902;"m. Świebodzice";"świdnicki";"dolnośląskie";1;1;1;2;2;4;0;1;1;3;0;0;1;0;0;0;0;0;42;2;3;1;3;3;0;7;2;0;1;2;0;2;0;2;8;5;1;0;2;2;4;1;10;1;0;0;1;0;0;3;11;2;51;110;0;3;1;1;0;1;2;0;1;0;7;4;6;7;7;0;1;0;2;0;0;2;1;0;4;0;0;0;57;37;5;11;28;0;0;61;3;6;3;0;3;0;3;8;4;0;1;0;0;0;0;0;0;0;0
5;"Szkoła Podstawowa nr 2 z Oddziałami Integracyjnymi im. Nauczycieli Tajnego Nauczania, ul. Mieszka Starego 4, 58-160 Świebodzice";21902;"m. Świebodzice";"świdnicki";"dolnośląskie";1;1;1;0;0;10;1;0;1;0;0;0;0;1;0;0;1;0;49;1;4;4;0;4;0;4;2;0;0;3;3;4;8;2;16;14;3;3;2;3;6;1;8;1;1;1;0;1;2;3;5;12;33;61;3;1;2;1;0;0;1;0;1;1;22;4;17;5;7;1;0;2;0;1;0;0;1;0;0;0;3;0;87;53;5;6;56;4;0;69;0;3;2;3;1;0;2;13;7;0;2;2;0;0;0;0;0;0;0
6;"Szkoła Podstawowa nr 1 im. Sybiraków (Sala lekcyjna), ul. Marszałka Józefa Piłsudskiego 28, 58-160 Świebodzice";21902;"m. Świebodzice";"świdnicki";"dolnośląskie";1;1;5;0;0;8;0;0;0;2;0;2;1;1;0;0;0;0;71;5;4;4;2;3;1;2;3;1;0;1;0;4;4;2;19;13;1;2;4;0;5;3;19;0;3;1;1;0;0;4;15;15;59;143;3;4;6;3;0;4;1;0;2;2;14;1;24;8;3;1;6;1;2;0;1;1;3;0;3;0;4;0;92;45;5;24;61;4;0;75;1;7;2;0;4;1;1;3;6;0;1;1;0;0;0;1;0;0;0
7;"Szkoła Podstawowa nr 4 im. Janusza Korczaka (Sala gimnastyczna), ul. Ofiar Oświęcimskich 58, 58-160 Świebodzice";21902;"m. Świebodzice";"świdnicki";"dolnośląskie";1;1;4;0;1;3;1;1;0;2;1;0;0;0;0;1;1;0;29;3;1;3;1;2;0;4;1;0;0;1;0;2;1;0;12;9;0;0;2;1;0;2;14;1;0;0;0;0;0;2;7;5;32;76;0;1;1;1;0;0;3;2;1;0;6;4;17;10;1;3;3;1;0;3;0;1;0;0;1;2;1;0;63;58;3;4;27;4;1;38;0;0;0;2;1;0;6;6;3;1;0;1;0;0;1;0;0;0;0
8;"Budynek biurowy ""TERMET"" S. A., ul. Długa 13, 58-160 Świebodzice";21902;"m. Świebodzice";"świdnicki";"dolnośląskie";1;1;3;0;1;1;1;1;1;1;0;0;1;0;0;0;1;1;26;5;1;2;0;2;0;6;0;0;1;4;1;2;4;5;11;15;5;1;4;2;2;1;13;0;0;0;0;1;1;1;18;15;24;119;2;2;5;0;2;0;0;2;2;1;6;3;16;13;5;0;0;1;2;1;2;1;0;1;0;0;1;3;54;33;5;18;26;1;3;34;0;3;1;0;3;2;0;1;3;0;1;0;0;0;1;0;0;0;0
9;"Szkoła Podstawowa nr 4 im. Janusza Korczaka (Sala lekcyjna), ul. Ofiar Oświęcimskich 58, 58-160 Świebodzice";21902;"m. Świebodzice";"świdnicki";"dolnośląskie";1;1;3;1;0;5;0;1;0;0;0;1;0;0;0;0;0;0;57;9;2;6;1;1;0;4;3;4;0;1;3;0;3;4;14;11;5;0;2;0;1;1;4;3;2;0;0;0;0;3;14;9;38;57;1;2;1;0;1;1;2;1;1;1;11;5;18;6;7;1;1;0;2;1;0;0;1;0;2;1;0;0;77;45;4;13;29;3;0;51;0;0;1;0;3;0;1;6;4;1;0;1;0;0;1;0;0;0;1
10;"Szkoła Podstawowa nr 1 im. Sybiraków (Sala gimnastyczna), ul. Marszałka Józefa Piłsudskiego 28, 58-160 Świebodzice";21902;"m. Świebodzice";"świdnicki";"dolnośląskie";1;1;3;1;3;10;1;0;0;2;1;1;1;0;0;0;3;0;34;1;1;5;3;0;4;6;0;1;0;1;0;2;4;2;22;7;3;1;2;2;3;1;16;2;0;1;1;0;1;3;15;13;57;167;1;2;4;3;0;9;0;2;1;1;13;3;20;3;2;1;1;1;1;1;1;0;4;0;1;0;4;2;63;38;9;16;43;0;3;60;1;1;2;1;0;0;6;5;4;0;0;1;0;0;0;0;2;0;0
11;"Urząd Miejski w Świebodzicach, ul. Stefana Żeromskiego 27, 58-160 Świebodzice";21902;"m. Świebodzice";"świdnicki";"dolnośląskie";1;1;2;0;1;4;2;0;0;2;0;1;0;0;0;0;0;0;32;3;1;1;2;1;0;6;0;1;1;1;0;2;2;1;10;6;2;1;8;2;1;1;12;0;2;0;0;1;0;0;24;9;46;133;1;3;0;0;0;2;4;0;2;1;18;3;25;3;4;3;2;1;2;0;1;2;0;0;1;0;1;0;47;28;5;6;16;5;0;67;2;6;1;2;1;0;0;4;3;0;0;0;0;0;1;1;0;0;0
12;"Szkoła Podstawowa nr 3 im. Władysława Broniewskiego (Sala lekcyjna), ul. Świdnicka 13, 58-160 Świebodzice";21902;"m. Świebodzice";"świdnicki";"dolnośląskie";1;1;0;0;0;7;1;0;1;1;0;0;0;0;1;2;1;0;57;0;3;1;2;2;6;0;5;3;6;0;1;2;2;4;28;24;4;0;6;1;1;0;31;0;3;0;1;0;1;4;18;12;57;130;1;1;0;2;1;0;1;1;2;0;26;5;28;8;6;2;1;0;0;0;1;1;1;0;2;0;4;1;97;55;10;19;51;2;1;76;0;10;1;0;0;0;1;8;2;0;0;2;3;2;1;0;1;0;0
13;"Szkoła Podstawowa nr 3 im. Władysława Broniewskiego (Sala gimnastyczna), ul. Wolności 23, 58-160 Świebodzice";21902;"m. Świebodzice";"świdnicki";"dolnośląskie";1;1;3;0;1;5;0;1;1;2;0;5;1;2;0;0;1;0;52;4;3;1;1;3;0;2;3;1;1;3;0;2;3;1;14;11;8;0;4;0;0;0;16;3;1;1;1;0;0;7;12;15;57;136;0;1;2;1;0;1;2;2;2;0;16;4;16;4;6;9;0;1;1;0;0;2;3;0;2;0;4;1;82;11;37;21;40;4;1;74;0;6;1;0;2;0;0;3;3;1;0;0;0;0;0;0;0;0;0
14;"Przedszkole nr 3 Niezapominajka, ul. Spokojna 3, 58-160 Świebodzice";21902;"m. Świebodzice";"świdnicki";"dolnośląskie";1;1;5;1;3;10;1;2;1;0;0;3;1;0;0;0;0;1;74;4;4;3;1;3;4;5;3;1;2;4;0;4;3;4;35;20;3;1;8;1;3;2;30;0;1;2;0;1;0;6;22;26;108;204;5;6;1;1;1;3;2;4;4;1;18;3;24;8;9;2;2;0;0;0;2;1;2;1;3;0;4;2;170;66;9;49;40;6;1;98;1;8;0;0;1;0;5;12;5;0;0;1;2;1;0;0;0;0;1
15;"Szkoła Podstawowa Integracyjna im. Henryka Sienkiewicza (Sala gimnastyczna), ul. Ciernie 30, 58-160 Świebodzice";21902;"m. Świebodzice";"świdnicki";"dolnośląskie";1;1;2;0;1;9;0;2;0;1;1;0;0;0;0;0;2;0;62;4;3;2;2;5;2;3;3;2;1;3;2;2;4;4;12;24;8;2;7;0;1;2;19;1;3;0;0;1;0;7;17;13;52;233;1;2;2;0;9;1;2;2;2;1;17;5;32;7;10;1;3;0;1;0;0;3;5;0;0;0;0;2;92;54;6;10;37;3;0;173;0;7;0;1;1;3;2;10;4;0;0;0;0;0;0;2;0;0;0
16;"Mikulicz Sp. z o. o., ul. Marii Skłodowskiej-Curie 3 - 7, 58-160 Świebodzice";21902;"m. Świebodzice";"świdnicki";"dolnośląskie";1;1;1;0;0;0;0;0;0;0;0;0;0;0;0;0;0;0;0;0;0;0;0;0;0;0;0;0;0;0;0;0;0;0;2;0;0;0;0;0;0;0;0;0;0;0;0;0;0;1;4;0;0;3;0;1;1;0;0;0;1;0;0;0;1;0;0;0;0;0;0;0;0;0;1;0;0;0;0;0;0;0;2;2;0;0;1;0;0;0;0;0;0;0;0;0;0;0;0;0;0;0;0;0;0;0;0;0;0
1;"Świetlica wiejska, Szymanów 15D, 58-170 Dobromierz";21903;"gm. Dobromierz";"świdnicki";"dolnośląskie";1;1;2;1;0;0;0;0;0;0;0;1;0;0;0;0;0;0;15;3;3;5;0;0;0;3;0;0;0;0;0;3;0;2;4;0;0;0;1;1;0;1;7;1;3;0;0;0;0;1;11;11;29;26;4;0;0;0;1;1;0;1;0;0;11;1;10;5;0;0;1;0;0;0;0;2;1;0;0;0;1;2;14;8;2;8;19;0;0;27;0;0;0;0;1;0;0;3;1;0;0;0;0;0;0;0;0;0;0
2;"Gminny Ośrodek Kultury, Sportu i Rekreacji w Dobromierzu, pl. Plac Wolności 19, 58-170 Dobromierz";21903;"gm. Dobromierz";"świdnicki";"dolnośląskie";1;1;1;0;1;1;1;0;1;0;0;1;0;0;0;0;0;0;16;8;0;2;1;0;0;3;1;0;0;0;0;7;2;1;5;7;3;1;1;2;0;2;12;0;1;0;0;0;1;1;21;8;94;64;1;3;6;3;0;3;2;1;0;1;27;3;13;4;2;2;3;1;0;0;1;0;0;0;0;0;2;0;41;15;2;5;22;1;1;33;0;1;1;0;0;0;0;2;4;0;0;0;0;0;0;0;0;0;0
3;"Świetlica wiejska, Kłaczyna 94A, 58-173 Roztoka";21903;"gm. Dobromierz";"świdnicki";"dolnośląskie";1;1;0;0;2;0;0;0;0;1;0;0;0;0;0;0;2;0;13;1;1;1;0;2;1;1;1;0;2;0;1;33;2;1;6;1;1;1;3;1;0;1;2;2;1;0;0;0;0;0;15;7;50;29;6;1;5;1;0;7;2;4;1;0;4;0;10;1;1;0;4;0;0;2;0;2;1;0;0;0;1;0;36;6;3;3;0;0;0;28;0;3;0;0;1;0;0;6;3;1;0;0;0;0;0;0;0;0;0
4;"Szkoła Podstawowa im. Henryka Sienkiewicza w Roztoce, ul. Jana Pawła II 7/9, 58-173 Roztoka";21903;"gm. Dobromierz";"świdnicki";"dolnośląskie";1;1;1;1;1;0;1;1;0;1;0;1;0;1;0;0;0;1;24;3;1;3;1;1;0;7;2;0;0;0;0;8;2;2;12;4;2;0;2;0;1;0;1;0;1;1;0;1;0;0;29;11;70;48;9;1;1;1;0;12;3;2;1;3;3;1;17;0;4;0;2;0;2;1;1;1;2;0;0;0;2;1;61;7;1;2;1;1;1;63;0;1;1;0;0;1;0;3;1;0;0;2;0;0;0;0;0;0;0
5;"Szkoła Podstawowa im. Janusza Korczaka w Gniewkowie, Gniewków 3, 58-173 Roztoka";21903;"gm. Dobromierz";"świdnicki";"dolnośląskie";1;1;1;0;0;0;0;0;1;2;0;0;0;1;0;0;0;0;9;0;2;0;0;2;0;0;1;0;0;0;0;2;0;0;7;1;0;0;0;0;0;0;0;0;0;0;0;1;0;1;16;4;28;4;3;1;3;3;1;1;0;0;0;0;3;0;5;1;2;0;0;0;0;0;0;1;1;0;0;1;0;0;23;1;1;0;5;1;0;9;0;0;0;0;0;0;0;1;3;0;0;0;0;0;0;0;0;0;0
6;"Świetlica wiejska, Jaskulin 11B, 58-170 Dobromierz";21903;"gm. Dobromierz";"świdnicki";"dolnośląskie";1;1;0;0;0;0;0;0;1;2;0;1;0;0;0;0;0;0;14;0;0;0;1;1;0;1;0;0;0;0;0;1;0;0;5;1;0;0;1;1;0;0;1;0;0;0;0;0;0;0;8;3;40;10;0;2;0;5;1;1;0;0;1;0;4;2;1;2;0;0;0;0;0;0;0;0;0;1;0;0;0;0;15;5;2;2;3;0;0;6;1;0;0;0;0;0;0;2;3;0;0;1;0;1;0;0;0;0;1
7;"Świetlica wiejska, Jugowa 84, 58-173 Roztoka";21903;"gm. Dobromierz";"świdnicki";"dolnośląskie";1;1;0;0;0;0;0;0;0;0;0;0;0;0;0;0;1;0;8;4;3;0;0;0;0;2;0;0;0;0;1;2;0;1;2;0;0;0;1;0;0;0;0;1;0;2;0;2;0;0;6;3;48;28;5;0;0;0;0;3;1;2;0;1;5;0;4;0;3;0;0;0;0;0;0;0;0;0;1;0;1;1;13;3;0;1;5;0;0;56;0;1;0;0;0;0;0;0;0;0;0;0;0;0;0;0;0;0;0
8;"Świetlica wiejska, Borów 44A, 58-173 Roztoka";21903;"gm. Dobromierz";"świdnicki";"dolnośląskie";1;1;1;0;0;0;0;0;0;1;0;0;0;0;0;0;0;0;3;0;3;0;1;1;0;1;2;0;1;0;1;1;0;0;5;0;0;0;3;1;1;0;0;0;1;0;0;0;0;0;22;6;19;17;1;6;4;8;2;1;0;1;0;0;3;2;4;0;0;0;0;0;0;0;1;0;1;0;1;0;3;0;32;1;2;0;3;0;0;11;0;1;0;0;1;0;0;0;0;0;0;0;0;0;0;0;1;0;0
9;"Świetlica wiejska, Dzierzków 35A, 58-173 Roztoka";21903;"gm. Dobromierz";"świdnicki";"dolnośląskie";1;1;0;2;0;1;0;0;0;2;0;0;0;1;0;0;0;0;15;1;0;0;2;0;0;0;0;0;0;0;0;0;0;0;5;1;3;1;2;0;1;1;2;0;0;0;0;0;0;1;20;4;28;9;0;0;2;0;0;0;1;1;1;0;1;0;6;0;4;1;1;0;0;0;0;0;0;0;0;0;0;1;19;1;2;0;4;0;0;8;2;0;0;0;1;0;0;0;0;0;0;1;0;1;0;0;0;0;1
10;"Świetlica wiejska, Czernica 8, 58-173 Roztoka";21903;"gm. Dobromierz";"świdnicki";"dolnośląskie";1;1;3;0;0;0;0;0;0;0;0;2;0;0;0;0;0;0;2;2;0;1;0;1;0;0;1;0;0;1;0;4;0;0;2;0;1;0;0;0;0;0;1;2;0;0;0;1;0;1;8;8;28;3;6;1;0;0;1;1;0;1;0;1;0;0;3;0;1;0;0;0;1;0;0;0;0;0;0;0;0;0;20;2;0;0;2;1;0;8;0;0;0;0;1;0;2;1;1;0;0;0;0;0;0;0;0;0;0
1;"Sala sportowa i edukacyjna, ul. Świdnicka 15a, 58-140 Jaworzyna Śląska";21904;"gm. Jaworzyna Śląska";"świdnicki";"dolnośląskie";1;1;3;0;0;0;0;0;1;3;0;0;0;1;0;0;0;0;61;3;10;5;6;4;4;8;8;2;1;3;1;0;4;7;12;6;2;0;8;4;4;3;2;3;2;3;0;0;0;9;27;19;139;38;4;2;2;0;1;5;11;0;1;1;61;1;21;8;5;5;2;1;1;0;1;22;1;1;1;0;0;1;67;29;11;68;21;4;4;13;4;12;6;1;3;3;3;8;9;1;2;2;0;0;1;2;0;0;0
2;"Sala sportowa i edukacyjna, ul. Świdnicka 15a, 58-140 Jaworzyna Śląska";21904;"gm. Jaworzyna Śląska";"świdnicki";"dolnośląskie";1;1;3;0;0;0;0;0;0;1;0;0;0;0;1;0;1;0;30;1;4;5;2;1;2;2;5;2;0;1;0;2;1;1;17;9;2;0;7;2;4;2;1;0;0;0;0;0;0;5;27;12;79;17;1;1;3;2;0;6;23;1;2;1;49;4;17;4;3;1;5;0;0;0;0;14;2;0;1;0;2;0;51;20;3;55;18;0;0;4;0;8;2;0;4;0;6;3;8;0;1;1;0;0;1;0;0;0;0
3;"Szkoła Podstawowa im. Marii Konopnickiej (sala sportowa), ul. Adama Mickiewicza 10, 58-140 Jaworzyna Śląska";21904;"gm. Jaworzyna Śląska";"świdnicki";"dolnośląskie";1;1;6;0;0;4;0;0;0;1;0;2;0;0;0;0;2;0;53;3;6;3;2;4;6;8;4;0;0;2;3;0;1;2;26;14;5;1;8;1;7;2;5;0;2;1;0;0;1;1;23;4;104;43;2;3;3;1;2;3;10;4;4;0;35;1;9;3;2;3;3;0;1;1;1;17;0;0;0;0;3;1;69;30;4;42;19;2;8;5;1;2;4;0;0;0;0;3;5;2;0;0;0;0;0;1;0;0;0
4;"Szkoła Podstawowa im. Marii Konopnickiej (sala sportowa), ul. Adama Mickiewicza 10, 58-140 Jaworzyna Śląska";21904;"gm. Jaworzyna Śląska";"świdnicki";"dolnośląskie";1;1;5;1;0;1;1;0;2;1;1;1;0;0;1;0;1;1;30;5;4;1;1;1;1;7;5;2;1;3;1;1;4;4;12;6;0;2;12;0;7;1;1;1;2;1;0;1;0;4;21;7;99;36;1;3;4;1;2;4;5;3;7;0;58;3;16;6;3;2;0;0;2;1;2;17;1;0;1;0;2;2;46;22;4;29;10;2;0;3;1;3;2;0;4;1;3;4;5;2;1;2;0;0;0;1;0;0;1
5;"Świetlica wiejska, Pastuchów ul. Wyzwolenia 22, 58-140 Jaworzyna Śląska";21904;"gm. Jaworzyna Śląska";"świdnicki";"dolnośląskie";1;1;5;0;0;0;0;0;0;1;0;0;0;0;0;0;0;0;24;1;2;1;3;1;0;2;3;2;0;1;1;2;2;3;11;5;0;1;4;1;2;0;1;0;2;1;0;1;0;1;24;12;76;8;4;2;4;1;0;4;3;1;0;1;39;5;13;6;2;1;4;0;0;0;2;3;0;0;0;0;3;3;31;9;6;63;5;1;1;2;1;8;2;1;0;0;1;1;3;1;1;0;0;0;1;0;0;0;0
6;"Szkoła Podstawowa z Oddziałami Integracyjnymi w Starym Jaworowie, Stary Jaworów 38, 58-140 Jaworzyna Śląska";21904;"gm. Jaworzyna Śląska";"świdnicki";"dolnośląskie";1;1;8;0;0;0;0;0;0;0;0;0;0;0;0;0;0;2;32;4;1;3;1;0;0;5;2;2;0;1;2;2;1;4;14;7;0;1;5;0;2;0;2;0;1;0;0;0;0;2;18;4;79;38;2;2;5;1;0;1;4;1;1;2;49;3;23;4;4;2;5;0;1;2;1;9;0;0;0;0;3;3;44;18;4;51;5;3;0;5;1;8;5;0;4;0;3;3;5;1;0;0;0;0;0;0;0;0;0
7;"Świetlica wiejska w Bolesławicach, Bolesławice 51B, 58-140 Jaworzyna Śląska";21904;"gm. Jaworzyna Śląska";"świdnicki";"dolnośląskie";1;1;1;0;0;2;0;0;0;0;0;0;0;0;0;0;0;0;24;1;0;0;3;2;0;2;1;7;1;1;0;2;0;1;11;2;1;1;0;0;2;0;0;0;0;0;0;0;0;4;11;8;44;12;7;0;1;0;0;2;1;0;0;0;16;0;9;4;0;2;4;0;0;0;0;2;0;0;0;0;1;0;21;18;3;62;4;0;0;8;1;8;2;0;0;1;2;3;2;0;0;0;2;0;0;0;0;0;3
8;"Świetlica wiejska w Czechach, Czechy 15, 58-140 Jaworzyna Śląska";21904;"gm. Jaworzyna Śląska";"świdnicki";"dolnośląskie";1;1;2;1;1;1;0;0;0;0;0;0;0;0;0;0;0;0;8;1;6;0;2;1;0;0;0;2;0;0;0;0;0;1;1;4;0;0;0;0;1;0;3;0;0;0;0;0;0;0;12;7;41;12;3;4;2;1;0;3;3;0;1;1;12;0;6;0;0;4;6;0;1;0;0;4;1;0;0;0;0;0;20;1;1;10;2;0;1;1;0;0;0;0;1;0;1;0;2;2;0;0;0;0;0;0;0;0;0
9;"Świetlica wiejska w Piotrowicach Świdnickich, Piotrowice Świdnickie 45A, 58-140 Jaworzyna Śląska";21904;"gm. Jaworzyna Śląska";"świdnicki";"dolnośląskie";1;1;1;0;0;0;0;0;0;0;0;0;1;1;0;0;0;0;25;1;0;0;2;3;1;1;0;6;0;1;0;1;2;0;12;0;0;0;3;2;4;1;3;1;1;0;0;0;0;3;17;4;36;9;5;0;2;3;1;2;2;4;0;0;26;1;9;1;1;0;5;0;2;1;0;3;0;0;0;2;3;3;19;17;4;41;1;2;0;3;1;1;0;0;1;0;3;2;6;0;0;0;0;1;0;0;0;0;2
10;"Świetlica wiejska, Milikowice ul. Tadeusza Kościuszki 28, 58-140 Jaworzyna Śląska";21904;"gm. Jaworzyna Śląska";"świdnicki";"dolnośląskie";1;1;3;0;0;0;0;1;0;1;0;1;0;0;0;2;1;0;18;1;3;2;1;2;2;1;2;0;0;2;0;0;1;10;12;5;4;0;0;0;2;0;1;1;1;0;0;0;0;5;13;9;46;44;6;3;5;2;0;2;0;2;0;2;17;1;8;5;2;1;2;0;1;1;2;3;1;0;0;0;0;0;31;10;1;25;13;6;2;5;1;11;6;0;3;1;3;5;1;0;0;1;0;0;0;0;0;0;1
11;"Świetlica wiejska w Tomkowej, Tomkowa 8, 58-140 Jaworzyna Śląska";21904;"gm. Jaworzyna Śląska";"świdnicki";"dolnośląskie";1;1;1;0;0;0;0;0;0;2;0;1;0;0;0;0;1;0;14;2;1;0;2;2;1;0;0;2;1;0;0;0;1;3;7;1;1;0;1;0;2;0;0;1;0;0;0;0;0;6;5;7;14;9;1;1;1;1;1;0;2;0;2;0;8;0;3;1;0;0;0;0;0;0;0;0;1;0;0;0;1;0;38;7;1;26;5;0;0;0;0;3;0;0;0;0;3;0;4;0;0;0;0;1;1;0;1;0;0
1;"Sala gimnastyczna, Wiry 10a, 58-124 Marcinowice";21905;"gm. Marcinowice";"świdnicki";"dolnośląskie";1;1;2;0;0;0;0;0;1;0;0;2;0;1;0;0;0;1;19;3;1;1;0;2;1;2;1;34;0;0;0;0;0;0;5;4;2;1;3;0;7;1;1;0;0;0;0;0;0;5;9;2;104;3;2;1;1;0;0;1;1;0;0;1;31;1;6;2;8;0;7;1;0;0;1;0;4;0;0;0;1;0;50;9;4;20;8;1;2;4;0;2;2;0;0;0;4;3;1;0;1;0;0;0;0;0;0;0;20
2;"Świetlica wiejska, Mysłaków 22, 58-124 Marcinowice";21905;"gm. Marcinowice";"świdnicki";"dolnośląskie";1;1;3;0;1;1;0;0;0;3;0;0;0;0;0;0;0;0;24;1;4;0;0;1;0;7;1;1;1;0;0;0;0;2;7;8;0;0;5;2;4;0;0;0;0;0;1;2;0;7;11;6;149;47;0;2;1;0;0;0;4;0;3;0;17;1;12;5;0;0;11;1;0;2;0;0;1;1;0;0;4;1;36;3;1;8;1;0;0;2;0;9;0;1;1;0;1;0;9;1;1;0;1;0;0;0;0;0;10
3;"Świetlica wiejska, Biała 46, 58-124 Marcinowice";21905;"gm. Marcinowice";"świdnicki";"dolnośląskie";1;1;4;0;0;0;0;0;0;0;0;0;0;0;0;0;0;0;2;4;0;1;0;0;0;2;0;0;0;0;2;0;9;0;8;0;0;0;1;1;1;0;0;0;0;0;0;0;0;0;9;8;59;4;0;1;2;0;0;2;0;0;0;0;14;0;9;1;0;2;3;0;0;2;1;2;0;0;0;0;0;3;25;6;2;20;3;3;1;2;0;4;2;0;1;0;4;7;0;1;0;0;1;1;1;0;0;0;0
4;"Świetlica wiejska, Chwałków 4a, 58-124 Marcinowice";21905;"gm. Marcinowice";"świdnicki";"dolnośląskie";1;1;1;0;0;0;0;0;0;0;0;0;0;1;0;0;1;0;11;1;1;1;0;3;0;1;0;2;0;3;0;0;4;1;5;6;0;0;0;0;1;2;0;0;2;1;0;2;0;2;18;8;51;5;0;0;0;1;2;0;0;1;2;0;6;0;6;2;1;0;0;0;1;0;2;0;0;0;0;0;0;1;33;3;7;2;6;0;1;3;1;1;1;0;1;1;1;1;1;0;0;0;0;0;0;0;0;0;0
5;"Świetlica wiejska, Gola Świdnicka 43, 58-124 Marcinowice";21905;"gm. Marcinowice";"świdnicki";"dolnośląskie";1;1;1;0;0;0;0;0;0;0;0;0;1;0;0;0;1;0;19;5;4;1;0;3;1;1;3;5;0;2;0;0;3;0;4;4;0;0;1;1;1;2;0;0;0;0;0;0;1;8;9;5;59;6;3;0;1;0;0;0;0;0;2;0;15;3;3;2;0;0;16;0;0;1;0;1;0;0;0;0;1;0;25;12;1;12;3;0;1;3;0;4;6;0;0;0;1;1;3;0;0;1;0;0;0;0;0;0;1
6;"Biblioteka Publiczna, Szczepanów 9a, 58-124 Marcinowice";21905;"gm. Marcinowice";"świdnicki";"dolnośląskie";1;1;8;0;0;0;0;0;0;0;0;0;0;0;0;0;1;1;23;4;7;1;3;2;0;3;0;9;1;1;0;1;4;3;7;6;3;0;1;0;0;0;0;0;1;1;0;1;0;7;11;6;82;6;1;1;1;2;0;1;3;2;1;0;19;1;6;2;1;0;3;0;2;1;0;1;2;0;0;0;1;0;18;8;3;19;3;1;1;1;0;2;8;0;0;0;3;0;4;1;1;0;0;1;0;0;0;0;2
7;"Urząd Gminy, ul. Juliana Tuwima 2, 58-124 Marcinowice";21905;"gm. Marcinowice";"świdnicki";"dolnośląskie";1;1;1;0;0;2;0;0;0;1;0;1;0;0;0;0;0;0;34;3;3;3;2;4;0;5;1;6;0;0;6;1;6;1;13;10;1;1;0;2;7;0;0;0;3;0;0;2;0;16;21;2;99;5;1;0;3;2;0;1;3;1;2;1;26;1;15;4;2;1;11;1;2;1;1;3;3;0;0;0;0;1;63;22;4;40;12;3;2;10;0;13;8;1;1;0;4;5;11;2;0;0;0;2;1;0;0;0;1
8;"Świetlica wiejska, Śmiałowice 34, 58-124 Marcinowice";21905;"gm. Marcinowice";"świdnicki";"dolnośląskie";1;1;1;0;1;0;0;0;0;0;0;0;0;0;0;0;0;1;14;0;0;1;1;0;2;3;0;7;0;0;0;0;3;3;3;2;0;0;0;1;3;0;0;0;0;0;0;0;1;12;11;6;46;9;2;1;0;0;0;2;0;2;1;0;13;0;1;0;1;0;8;0;0;0;0;0;2;0;1;0;1;1;30;9;2;27;6;4;0;3;0;5;4;0;0;0;4;2;1;0;0;0;0;0;0;0;0;1;2
9;"Świetlica wiejska w Kątkach, Kątki 8A, 58-124 Marcinowice";21905;"gm. Marcinowice";"świdnicki";"dolnośląskie";1;1;1;0;0;0;1;0;1;0;0;0;0;0;0;0;0;0;7;0;1;1;1;0;0;0;1;2;0;1;1;0;0;0;5;3;0;0;1;2;1;0;0;0;0;0;0;0;0;6;9;1;25;4;0;1;0;0;0;0;0;0;0;0;12;0;3;1;1;0;1;1;0;0;0;0;0;0;0;0;2;0;10;5;0;5;0;0;0;0;0;0;1;0;0;1;0;0;0;0;0;0;0;0;0;0;0;0;5
10;"Świetlica wiejska w Tąpadłach, Tąpadła 35, 58-124 Marcinowice";21905;"gm. Marcinowice";"świdnicki";"dolnośląskie";1;1;0;0;0;0;0;0;0;0;0;0;0;0;0;0;0;0;6;4;1;0;0;1;0;2;0;15;0;0;0;0;1;1;3;1;1;0;3;0;0;1;0;0;0;0;0;0;0;0;2;3;45;15;0;2;0;0;0;0;0;1;0;0;2;1;5;1;0;1;5;0;1;0;0;0;15;0;0;0;0;0;23;4;1;7;4;0;1;0;0;10;0;0;0;0;1;1;3;0;0;0;0;0;0;0;0;0;3
11;"Świetlica wiejska w Zebrzydowie, Zebrzydów 43, 58-124 Marcinowice";21905;"gm. Marcinowice";"świdnicki";"dolnośląskie";1;1;1;0;0;0;0;0;0;0;0;0;0;0;0;0;0;0;17;3;4;2;1;0;0;2;1;5;0;1;0;0;3;6;2;1;1;1;1;2;1;0;0;0;2;0;0;0;0;1;15;4;86;6;1;1;1;0;1;0;1;1;3;0;14;0;10;4;1;2;7;0;0;0;0;2;0;0;1;1;2;0;23;3;5;13;3;0;1;0;0;5;0;0;0;1;3;2;3;1;2;0;0;0;0;0;0;0;1
12;"Świetlica wiejska w Strzelcach, Strzelce 34A, 58-124 Marcinowice";21905;"gm. Marcinowice";"świdnicki";"dolnośląskie";1;1;0;0;1;0;0;0;0;0;0;0;0;0;0;0;1;0;28;7;3;0;0;0;0;7;3;4;2;1;1;0;5;4;3;10;0;2;3;1;2;0;0;0;2;0;1;0;0;2;14;2;93;1;1;1;0;1;0;1;1;0;0;0;22;0;12;4;4;1;10;0;4;1;1;2;1;0;0;0;1;4;47;13;3;9;9;2;2;4;0;1;8;0;0;0;2;1;0;0;0;0;0;1;0;0;0;1;0
1;"Publiczna Szkoła Podstawowa Nr 2, ul. Adama Mickiewicza 1, 58-150 Strzegom";21906;"gm. Strzegom";"świdnicki";"dolnośląskie";1;1;4;0;0;0;0;0;1;0;0;0;0;0;2;0;2;0;31;6;6;2;1;1;5;4;4;0;0;1;4;1;1;1;25;12;1;1;2;0;1;0;0;0;2;0;0;0;3;6;7;11;74;63;1;2;1;1;0;1;3;13;2;0;22;0;23;6;5;1;2;0;2;1;1;1;0;0;3;0;1;3;138;19;7;31;19;4;2;3;0;5;1;1;2;2;3;2;2;0;0;1;0;0;0;0;0;1;0
2;"Publiczna Szkoła Podstawowa nr 2, ul. Adama Mickiewicza 1, 58-150 Strzegom";21906;"gm. Strzegom";"świdnicki";"dolnośląskie";1;1;3;0;0;0;0;0;0;0;0;1;0;0;0;0;0;0;35;2;8;2;0;5;5;6;1;0;0;1;1;1;1;2;16;15;3;1;8;1;3;1;2;2;1;2;1;0;0;4;8;8;89;50;1;0;4;2;0;3;3;18;2;0;15;2;26;7;5;4;2;4;1;1;0;3;1;1;1;0;3;1;110;29;4;26;14;2;2;6;0;2;2;1;7;0;1;4;8;0;0;0;0;0;0;0;1;0;1
3;"Publiczna Szkoła Podstawowa nr 2, ul. Adama Mickiewicza 1, 58-150 Strzegom";21906;"gm. Strzegom";"świdnicki";"dolnośląskie";1;1;0;1;1;1;0;0;0;0;0;2;1;1;0;1;0;2;29;2;3;3;6;6;10;6;1;0;0;1;1;1;0;0;31;16;1;2;6;2;5;0;1;0;2;2;0;0;0;3;16;8;99;90;1;0;2;2;0;4;1;19;1;2;20;4;21;5;2;4;3;0;0;1;0;1;3;0;2;0;3;2;136;42;5;33;4;4;0;5;1;3;1;0;4;4;1;1;6;1;0;0;0;0;0;0;0;0;0
4;"Publiczna Szkoła Podstawowa nr 4, ul. Aleja Wojska Polskiego 3 - 5, 58-150 Strzegom";21906;"gm. Strzegom";"świdnicki";"dolnośląskie";1;1;2;1;1;0;0;1;0;2;1;0;0;0;0;0;0;0;28;2;7;3;4;4;3;5;8;0;0;2;0;1;1;0;23;14;3;1;8;0;3;1;0;0;1;0;0;2;0;3;9;6;60;67;5;2;5;0;3;6;2;21;0;0;11;0;17;4;3;5;1;0;1;2;1;1;1;0;1;0;1;1;90;22;3;29;7;7;2;2;0;1;1;1;3;2;2;4;1;0;2;0;2;0;0;0;0;0;0
5;"Strzegomskie Centrum Kultury, ul. Ignacego Jana Paderewskiego 36, 58-150 Strzegom";21906;"gm. Strzegom";"świdnicki";"dolnośląskie";1;1;1;1;1;0;0;1;1;0;0;0;0;1;0;0;0;0;12;0;1;4;1;5;4;5;3;0;0;0;0;1;0;2;8;3;1;1;0;2;0;1;0;0;1;0;1;0;1;2;6;1;56;41;1;1;3;2;0;2;0;6;0;0;19;1;10;0;3;0;0;0;1;0;1;0;3;0;0;1;1;0;52;9;3;6;6;2;2;0;0;2;0;0;2;1;0;1;1;0;0;1;0;0;0;0;0;1;0
6;"Publiczna Szkoła Podstawowa Nr 4, ul. Aleja Wojska Polskiego 3 - 5, 58-150 Strzegom";21906;"gm. Strzegom";"świdnicki";"dolnośląskie";1;1;1;1;1;1;1;0;0;2;0;1;0;0;0;1;1;4;66;10;8;4;1;8;2;10;3;0;0;1;1;5;2;2;30;18;4;0;9;4;3;1;0;1;3;1;0;1;0;10;17;16;91;83;1;2;3;1;1;3;4;13;0;2;34;6;29;9;4;2;2;2;1;1;0;1;0;0;0;1;2;3;178;30;8;36;14;6;1;14;1;7;5;1;4;2;6;5;18;1;2;0;2;1;0;0;0;0;2
7;"Zespół Szkół Ogólnokształcących, ul. Tadeusza Kościuszki 31, 58-150 Strzegom";21906;"gm. Strzegom";"świdnicki";"dolnośląskie";1;1;4;0;0;1;0;0;1;1;0;0;0;1;0;0;2;2;53;5;5;5;2;2;6;11;1;0;2;4;2;2;0;3;19;18;3;0;6;4;2;2;1;0;1;0;0;0;1;5;26;12;101;116;7;5;5;1;0;4;3;26;0;1;42;2;34;5;1;1;1;1;0;0;2;1;1;0;0;0;4;3;187;47;7;41;18;2;4;6;2;5;2;1;7;0;1;0;5;0;0;0;0;2;0;0;1;0;0
8;"Zespół Szkół Ogólnokształcących, ul. Tadeusza Kościuszki 31, 58-150 Strzegom";21906;"gm. Strzegom";"świdnicki";"dolnośląskie";1;1;4;1;1;0;1;0;1;1;0;1;0;2;0;0;0;1;48;2;9;1;0;3;7;8;4;0;0;1;0;5;2;2;19;13;2;0;5;0;4;0;3;0;5;0;0;0;0;2;21;8;76;85;1;2;3;2;1;2;2;12;0;0;22;5;22;8;5;4;3;1;1;1;1;1;0;1;2;0;1;0;157;24;9;55;20;4;2;10;1;7;2;0;5;1;1;4;2;0;0;0;0;1;1;2;1;1;0
9;"Zespół Szkół, ul. Krótka 6, 58-150 Strzegom";21906;"gm. Strzegom";"świdnicki";"dolnośląskie";1;1;4;0;1;0;0;0;0;0;0;0;0;1;0;0;0;0;41;9;8;1;1;1;7;10;2;0;0;5;0;0;1;3;25;9;2;1;6;4;2;1;1;1;1;0;0;1;1;5;10;10;80;59;0;0;3;1;3;1;1;14;2;3;20;1;14;7;1;1;1;0;2;2;1;3;2;0;0;0;3;1;118;25;9;34;16;2;0;6;0;3;3;2;0;0;5;1;5;0;2;0;1;0;0;0;0;0;0
10;"Zespół Szkół, ul. Krótka 6, 58-150 Strzegom";21906;"gm. Strzegom";"świdnicki";"dolnośląskie";1;1;4;0;0;0;0;0;0;1;0;0;0;1;0;0;1;0;22;3;3;0;1;0;3;3;1;0;0;2;0;1;1;3;21;11;1;2;2;4;2;1;0;1;2;1;0;1;0;5;13;2;64;52;0;3;4;0;0;1;1;11;0;0;20;5;15;2;2;1;1;0;1;2;0;0;0;0;1;1;0;4;85;12;6;37;9;2;0;1;0;0;1;0;1;2;2;1;3;0;0;0;0;1;1;1;0;0;0
11;"Publiczna Szkoła Podstawowa nr 3, ul. Brzegowa 1, 58-150 Strzegom";21906;"gm. Strzegom";"świdnicki";"dolnośląskie";1;1;4;2;0;0;0;2;3;3;0;0;0;0;1;0;0;3;25;7;2;3;2;2;2;5;1;0;0;3;0;0;1;2;12;17;2;0;7;3;7;3;1;0;2;1;0;3;0;3;14;4;84;68;1;1;1;7;0;0;2;13;0;1;29;0;29;5;6;2;2;2;1;1;2;1;1;0;0;2;2;0;112;24;1;50;11;3;0;4;1;0;2;2;4;2;3;0;10;0;0;0;0;1;0;0;0;0;0
12;"Publiczna Szkoła Podstawowa nr 3, ul. Brzegowa 1, 58-150 Strzegom";21906;"gm. Strzegom";"świdnicki";"dolnośląskie";1;1;6;0;0;0;0;1;0;3;1;0;0;0;1;1;0;0;31;3;1;3;1;4;2;6;2;2;0;3;0;2;1;5;24;7;1;0;5;3;4;2;3;0;0;1;1;0;0;8;8;7;69;100;4;1;1;3;0;0;0;13;2;2;16;0;12;5;2;3;2;0;1;2;3;0;1;0;1;0;1;2;130;22;4;26;16;3;3;4;1;6;0;0;6;0;1;3;6;0;0;0;0;0;0;0;1;0;0
13;"Publiczne Przedszkole nr 4, ul. Jeleniogórska 19, 58-150 Strzegom";21906;"gm. Strzegom";"świdnicki";"dolnośląskie";1;1;0;0;1;0;0;0;1;0;0;0;1;0;0;0;0;1;25;2;3;5;1;1;1;3;3;1;0;0;0;3;0;0;14;15;2;0;2;4;2;0;0;1;0;0;0;0;2;4;15;11;77;56;3;1;2;0;0;0;2;8;1;1;32;3;12;2;4;3;2;0;1;0;1;0;2;0;1;1;0;1;63;7;0;16;15;2;2;3;0;6;3;1;3;1;0;0;3;0;1;0;0;1;0;0;0;1;1
14;"Świetlica Wiejska w Goczałkowie, ul. Rogoźnicka 15B, 58-152 Goczałków";21906;"gm. Strzegom";"świdnicki";"dolnośląskie";1;1;5;0;1;0;0;0;2;0;1;3;0;0;0;1;0;2;24;5;7;2;1;5;3;8;4;0;0;2;0;1;4;2;8;9;0;1;5;3;4;4;1;0;1;2;0;2;0;0;14;7;114;56;2;1;2;1;8;2;3;48;5;1;27;2;28;9;5;1;2;0;0;3;4;3;5;0;1;0;1;4;99;17;4;14;11;0;0;7;3;2;2;1;4;1;3;0;5;0;1;1;0;0;2;1;1;0;1
15;"Zespół Szkolno-Przedszkolny, Jaroszów 98, 58-120 Jaroszów";21906;"gm. Strzegom";"świdnicki";"dolnośląskie";1;1;2;0;1;1;1;0;0;2;0;0;0;0;0;0;1;0;21;3;2;0;0;5;1;4;2;2;0;1;0;0;0;0;17;5;0;2;5;2;1;2;0;1;1;0;0;0;2;2;19;3;66;36;4;1;2;4;1;3;2;23;1;1;11;4;15;7;4;1;1;0;1;0;3;1;1;0;0;0;3;2;36;13;3;12;2;1;1;2;0;0;0;1;0;0;0;1;3;0;0;0;0;3;0;0;0;0;0
16;"Świetlica Wiejska w Rusku, Rusko 8E, 58-120 Jaroszów";21906;"gm. Strzegom";"świdnicki";"dolnośląskie";1;1;0;0;1;0;0;0;0;0;0;1;0;0;0;0;0;0;2;0;4;1;0;1;0;2;1;0;0;0;0;1;0;1;3;1;0;0;1;0;0;0;0;0;2;0;0;0;0;1;10;5;15;24;2;0;1;1;0;4;4;19;0;1;2;1;6;0;0;0;1;0;1;0;1;1;1;0;1;0;0;1;14;6;0;10;1;2;1;1;1;0;1;0;2;0;0;0;1;0;0;1;0;0;0;0;0;0;0
17;"Zespół Szkolno-Przedszkolny w Jaroszowie, Jaroszów 98, 58-120 Jaroszów";21906;"gm. Strzegom";"świdnicki";"dolnośląskie";1;1;4;1;0;0;0;0;0;0;0;1;0;0;0;0;0;0;21;1;3;1;1;1;4;4;0;1;1;2;0;1;4;0;20;13;1;0;1;2;11;2;0;1;0;2;1;0;0;4;16;6;95;58;1;6;5;1;0;3;0;9;1;0;21;1;29;4;1;5;2;1;0;1;1;3;3;0;1;2;2;0;66;10;7;27;3;0;0;2;0;1;2;0;0;0;1;0;4;0;1;0;0;0;0;0;0;0;0
18;"Świetlica Wiejska w Wieśnicy, Wieśnica 3B, 58-150 Strzegom";21906;"gm. Strzegom";"świdnicki";"dolnośląskie";1;1;1;0;2;0;1;0;1;1;0;0;0;0;0;0;0;0;5;0;2;3;0;0;1;1;0;0;0;0;0;0;0;0;3;1;0;0;0;0;0;0;0;0;0;0;0;1;0;0;5;4;24;26;0;0;1;0;0;2;0;1;0;0;6;0;3;3;1;1;0;0;0;1;0;0;0;0;0;1;0;1;30;13;2;3;1;2;0;2;0;1;0;0;1;0;0;0;0;0;0;0;0;0;0;0;0;0;0
19;"Świetlica Wiejska w Żółkiewce, Żółkiewka 54A, 58-150 Strzegom";21906;"gm. Strzegom";"świdnicki";"dolnośląskie";1;1;2;0;1;0;1;0;0;4;0;1;0;1;0;0;0;0;21;1;0;0;0;0;0;5;1;0;0;0;1;1;1;0;7;7;0;0;0;0;1;2;0;1;1;0;0;1;0;1;15;3;42;66;0;3;1;0;0;0;1;0;0;0;12;0;5;4;1;0;1;1;0;1;0;0;1;2;0;0;3;0;58;5;2;8;2;0;1;2;0;3;0;1;0;0;2;1;2;1;0;1;0;0;3;0;1;0;1
20;"Publiczna Szkoła Podstawowa w Kostrzy, Kostrza ul. Stefana Żeromskiego 22, 58-150 Strzegom";21906;"gm. Strzegom";"świdnicki";"dolnośląskie";1;1;2;0;1;1;0;0;1;1;0;0;0;1;0;0;0;0;11;3;1;1;1;4;2;1;3;0;0;2;0;0;3;0;7;5;2;0;4;3;3;0;3;0;0;0;0;1;0;0;9;1;60;37;5;1;2;0;3;0;0;7;1;0;2;0;11;1;2;1;4;2;1;0;0;1;0;0;0;0;0;0;50;9;6;5;8;3;0;0;0;3;0;1;0;0;0;1;3;0;0;0;0;1;0;0;0;0;0
21;"Szkoła Podstawowa w Rogoźnicy, Rogoźnica ul. Parkowa 1, 58-152 Goczałków";21906;"gm. Strzegom";"świdnicki";"dolnośląskie";1;1;2;0;2;2;0;1;0;2;0;0;0;0;0;0;0;0;21;5;2;3;1;6;1;6;1;0;1;0;0;0;1;2;17;2;1;0;2;0;1;0;0;1;0;0;0;3;0;0;21;6;44;22;0;3;3;0;2;1;1;8;0;0;10;1;8;5;4;2;2;0;1;1;1;1;0;0;1;2;1;1;69;11;3;7;6;4;0;2;0;0;0;1;5;0;0;0;2;0;1;0;0;0;0;0;0;1;0
22;"Świetlica Wiejska w Granicy, Granica 5A, 58-150 Strzegom";21906;"gm. Strzegom";"świdnicki";"dolnośląskie";1;1;1;0;0;0;0;0;0;2;0;0;0;0;0;0;0;0;9;1;3;1;1;1;0;0;2;1;0;0;0;2;1;0;7;3;0;0;0;0;0;0;1;0;0;0;0;0;0;0;2;1;16;33;0;0;2;5;0;0;0;5;0;0;9;2;6;0;2;0;0;0;1;0;0;2;1;0;0;0;0;0;21;3;0;5;1;1;1;1;0;0;0;1;0;0;0;1;4;0;1;0;0;0;0;0;0;0;0
23;"Świetlica Wiejska w Międzyrzeczu, Międzyrzecze 2, 58-150 Strzegom";21906;"gm. Strzegom";"świdnicki";"dolnośląskie";1;1;3;0;0;0;0;0;0;0;0;0;0;0;0;0;0;0;16;2;2;0;1;3;0;7;0;0;0;1;0;0;1;0;10;5;4;0;1;0;3;0;0;0;0;0;0;0;1;0;12;2;30;49;3;0;3;1;1;0;1;4;0;0;10;1;6;3;1;2;1;0;4;1;1;0;0;0;0;1;0;1;56;5;2;8;3;1;1;1;0;5;0;0;3;0;2;2;7;0;0;0;0;0;0;0;0;0;0
24;"Zespół Szkolno-Przedszkolny, ul. Świebodzka 9, 58-141 Stanowice";21906;"gm. Strzegom";"świdnicki";"dolnośląskie";1;1;4;0;1;0;0;0;0;2;0;0;1;0;1;1;1;2;19;1;2;1;0;1;0;0;1;0;1;0;0;0;8;2;12;5;2;0;0;1;2;2;0;0;1;0;0;3;0;3;16;10;86;101;1;1;1;1;1;7;3;5;1;1;7;0;19;2;2;3;3;0;0;1;2;2;1;0;0;0;0;0;71;26;2;18;6;3;0;7;2;1;0;0;0;1;1;0;0;0;0;0;0;1;1;0;0;0;0
25;"Publiczna Szkoła Podstawowa w Olszanach, Olszany 33a, 58-141 Stanowice";21906;"gm. Strzegom";"świdnicki";"dolnośląskie";1;1;1;0;1;0;0;0;0;5;1;0;0;1;0;0;1;0;35;2;0;3;0;4;3;1;2;1;1;1;0;3;4;4;19;11;0;0;1;0;8;0;4;0;1;0;0;0;0;0;18;3;88;92;1;0;1;3;1;5;1;3;0;1;17;1;12;1;6;2;1;0;3;1;1;3;1;0;2;0;3;1;48;13;5;19;7;3;1;14;1;3;2;0;3;0;0;2;3;0;0;0;0;1;0;1;0;0;1
26;"Świetlica Wiejska w Bartoszówku, Bartoszówek 31, 58-150 Strzegom";21906;"gm. Strzegom";"świdnicki";"dolnośląskie";1;1;1;0;1;0;0;0;0;0;0;1;0;0;0;0;0;0;2;0;0;0;1;2;0;1;0;0;0;0;0;0;0;0;3;0;1;0;0;0;0;1;0;0;0;0;0;0;0;0;2;1;24;12;0;0;2;0;0;0;0;10;0;1;6;0;8;3;2;0;1;0;0;0;0;1;0;0;0;0;1;1;7;13;1;3;1;0;0;1;0;0;0;0;0;0;0;0;1;0;0;0;0;1;0;0;0;0;0
27;"Świetlica Wiejska w Goczałkowie Górnym, Goczałków Górny 24A, 58-150 Strzegom";21906;"gm. Strzegom";"świdnicki";"dolnośląskie";1;1;1;0;0;0;0;0;0;0;0;0;0;0;0;0;0;1;1;0;2;1;0;0;0;0;2;0;0;0;0;1;0;2;4;1;0;0;1;1;0;0;0;0;1;0;0;0;1;0;0;0;9;4;0;0;0;0;0;0;0;4;3;0;11;2;3;1;2;1;2;1;0;0;0;0;2;0;0;0;1;1;6;2;1;2;2;1;0;0;1;1;1;0;1;0;0;0;1;0;0;0;0;0;0;1;0;0;0
28;"Świetlica Wiejska w Tomkowicach, Tomkowice 42A, 58-150 Strzegom";21906;"gm. Strzegom";"świdnicki";"dolnośląskie";1;1;0;0;0;0;0;0;1;0;0;0;0;0;0;0;0;0;14;1;1;1;1;1;1;1;0;1;0;0;0;0;2;0;5;0;1;0;0;0;1;0;0;0;0;0;0;0;0;4;3;1;32;22;1;0;2;1;0;1;0;1;0;0;1;0;7;1;5;0;2;0;0;0;0;1;0;0;0;0;2;0;21;2;1;3;2;0;0;3;0;0;0;0;1;0;1;1;9;3;0;0;0;2;1;0;0;0;0
29;"Świetlica Wiejska w Modlęcinie, Modlęcin 12A, 58-150 Strzegom";21906;"gm. Strzegom";"świdnicki";"dolnośląskie";1;1;1;0;0;0;0;0;0;0;0;0;0;0;0;0;0;0;10;0;2;1;0;1;0;1;1;0;0;0;0;0;0;0;9;1;0;0;1;0;2;1;0;0;0;0;0;1;0;0;5;3;19;24;1;1;0;2;2;0;1;0;0;0;10;0;7;2;0;0;0;0;0;0;0;0;1;2;0;0;0;0;19;2;0;3;2;1;0;4;0;0;0;0;1;0;1;2;1;0;0;0;0;0;0;0;0;0;0
1;"Świetlica Wiejska w Bystrzycy Górnej, Bystrzyca Górna 23, 58-114 Lubachów";21907;"gm. Świdnica";"świdnicki";"dolnośląskie";1;1;7;0;0;0;0;1;1;1;1;2;0;0;1;0;0;0;40;2;2;1;5;0;2;9;0;18;1;1;1;1;3;5;23;10;3;3;2;0;6;1;1;1;0;0;0;0;0;17;45;22;57;31;4;2;5;0;1;5;6;3;2;1;25;3;12;10;5;4;4;1;1;1;0;2;3;0;0;0;2;1;88;35;5;38;22;6;0;3;1;36;4;4;5;0;21;1;5;1;0;0;0;1;0;0;0;0;2
2;"Świetlica Wiejska, Gogołów 37, 58-111 Wiry";21907;"gm. Świdnica";"świdnicki";"dolnośląskie";1;1;0;0;0;0;0;0;0;0;1;1;0;0;0;0;0;0;29;1;2;0;1;2;0;1;2;75;0;0;0;0;0;1;1;7;0;1;1;0;8;0;2;0;0;0;0;2;1;6;22;4;53;40;1;0;1;0;1;1;2;3;1;1;31;4;9;3;2;4;3;0;1;2;2;5;0;1;1;0;2;1;35;25;1;31;6;3;0;1;0;10;4;0;1;0;3;3;7;0;1;0;0;0;0;0;0;0;0
3;"Szkoła Podstawowa im. Jana Pawła II w Grodziszczu, Grodziszcze 63A, 58-112 Grodziszcze";21907;"gm. Świdnica";"świdnicki";"dolnośląskie";1;1;2;0;0;0;1;1;1;2;0;0;0;1;0;0;0;1;42;1;2;1;2;2;1;12;6;23;1;1;2;1;0;4;10;6;0;1;3;1;4;0;0;0;0;1;0;1;0;14;41;6;84;88;4;1;4;1;0;7;4;3;4;1;22;2;19;2;2;4;4;0;0;1;0;2;1;0;0;1;2;3;53;27;18;43;15;7;1;6;0;16;10;3;2;0;8;3;3;0;0;1;2;0;1;0;0;0;1
4;"Szkoła Podstawowa w Lutomii Dolnej, Lutomia Dolna 12, 58-113 Lutomia Dolna";21907;"gm. Świdnica";"świdnicki";"dolnośląskie";1;1;0;0;1;0;1;0;1;0;2;2;0;1;2;0;3;0;20;2;3;3;1;3;5;4;8;19;0;2;0;1;1;2;13;4;1;0;4;0;4;0;0;1;2;0;0;1;0;5;47;20;107;25;6;0;3;4;0;7;4;1;4;0;22;4;15;5;4;0;3;3;1;2;0;2;1;0;2;0;2;1;55;16;18;15;11;2;2;2;0;12;1;1;1;0;2;1;5;7;1;0;1;0;0;0;0;0;0
5;"Świetlica Wiejska w Mokrzeszowie, Mokrzeszów 107, 58-160 Świebodzice";21907;"gm. Świdnica";"świdnicki";"dolnośląskie";1;1;2;0;0;2;1;1;1;0;0;0;0;0;0;0;1;0;37;4;1;1;3;3;0;5;0;5;0;0;0;0;1;5;6;8;2;1;1;0;1;1;27;0;3;0;0;0;1;8;24;19;53;69;1;10;0;6;1;2;6;1;2;2;8;2;13;3;2;1;1;1;1;0;1;1;2;0;0;0;3;1;51;22;12;15;21;3;1;19;1;8;2;0;1;2;4;10;6;1;1;0;0;0;0;0;1;0;0
6;"Świetlica Wiejska w Makowicach, Makowice 100, 58-100 Świdnica";21907;"gm. Świdnica";"świdnicki";"dolnośląskie";1;1;3;0;1;1;0;0;1;1;0;1;0;0;1;2;1;0;47;4;1;1;2;1;0;8;3;12;0;3;1;0;5;2;8;10;1;1;3;0;9;0;2;1;0;0;0;1;0;7;24;11;50;32;0;5;0;6;1;6;13;4;4;0;36;0;13;6;2;2;1;1;0;0;0;5;3;0;0;0;0;3;53;21;13;25;22;2;1;6;0;21;2;0;1;0;16;2;9;2;0;0;1;1;0;0;0;0;1
7;"Świetlica Wiejska w Pszennie, ul. Wrocławska 1, 58-125 Pszenno";21907;"gm. Świdnica";"świdnicki";"dolnośląskie";1;1;2;0;1;2;0;2;0;3;1;1;1;0;1;1;1;1;87;7;13;1;2;1;1;6;4;23;0;2;2;1;3;9;19;22;3;2;3;3;8;4;0;2;3;0;0;2;0;24;51;17;116;41;9;1;4;3;1;9;10;2;9;1;36;0;28;23;6;8;3;0;1;1;1;3;3;0;0;1;3;3;151;59;7;50;29;3;1;12;2;70;9;3;1;2;10;2;4;3;2;0;0;2;0;0;0;1;2
8;"Świetlica Wiejska w Słotwinie, Słotwina 36, 58-100 Świdnica";21907;"gm. Świdnica";"świdnicki";"dolnośląskie";1;1;2;0;1;0;0;0;0;0;0;1;0;0;0;0;3;1;48;4;2;3;0;0;2;3;3;10;0;0;1;1;7;6;22;5;3;0;1;2;5;0;0;0;4;0;0;1;1;22;25;11;54;35;2;5;1;4;0;1;10;2;7;4;8;8;14;2;0;6;3;0;0;3;1;0;1;0;0;0;4;0;89;34;11;39;17;3;3;6;0;42;1;2;0;1;18;2;5;2;1;1;1;0;0;0;0;0;5
9;"Świetlica Wiejska w Wilkowie, Wilków 32, 58-125 Pszenno";21907;"gm. Świdnica";"świdnicki";"dolnośląskie";1;1;1;1;0;0;0;0;0;1;0;1;0;0;0;0;1;1;24;0;2;0;0;0;0;0;0;22;0;0;0;0;1;0;5;1;2;1;3;2;3;0;0;0;0;0;0;0;0;6;14;4;20;12;3;1;0;0;0;0;1;0;0;0;15;1;6;4;1;0;2;0;0;1;0;0;1;0;0;1;0;0;37;10;3;14;4;0;0;0;0;7;1;0;0;0;4;0;3;0;0;0;0;1;0;0;0;0;0
10;"Szkoła Podstawowa im. Ludwiki Wawrzyńskiej w Witoszowie Dolnym, Witoszów Dolny 59-60, 58-100 Świdnica";21907;"gm. Świdnica";"świdnicki";"dolnośląskie";1;1;8;0;1;0;2;0;2;1;0;2;0;0;0;0;0;1;64;3;9;3;5;3;0;8;2;14;1;0;0;2;9;0;19;14;4;0;13;0;22;1;2;3;0;0;0;1;0;21;41;9;86;51;2;3;5;4;1;3;5;3;4;1;15;2;35;17;1;11;8;1;3;1;1;2;0;0;0;1;1;0;98;48;11;32;21;4;2;11;1;47;8;0;6;1;18;7;12;1;4;0;0;0;1;1;0;2;0
11;"Świetlica Wiejska w Burkatowie, Burkatów 56C, 58-114 Lubachów";21907;"gm. Świdnica";"świdnicki";"dolnośląskie";1;1;4;0;1;0;2;0;1;2;0;2;0;0;0;2;2;1;59;2;5;1;4;1;4;11;3;35;3;3;1;2;0;15;15;6;4;0;4;1;9;2;1;1;1;1;1;0;0;19;58;11;114;59;2;4;2;2;2;3;8;1;11;2;22;5;16;14;3;1;5;1;2;1;2;3;0;0;0;0;4;0;90;62;8;53;15;5;0;4;0;45;10;3;2;0;12;3;6;2;0;0;1;0;0;0;0;0;2
12;"Integracyjne Przedszkole „Brylancik”, Boleścin 5, 58-112 Grodziszcze";21907;"gm. Świdnica";"świdnicki";"dolnośląskie";1;1;7;1;0;0;0;1;1;1;1;1;2;0;0;0;3;1;41;4;3;3;6;1;1;4;3;15;0;2;2;0;0;4;6;5;3;1;8;3;6;4;2;0;2;1;1;0;0;6;22;8;52;39;1;1;2;4;0;2;2;3;7;1;17;1;17;6;2;20;1;0;0;1;1;0;0;0;1;0;1;1;65;51;15;32;8;4;1;12;2;15;2;1;2;0;20;3;4;1;0;0;0;0;0;0;0;0;1
13;"Świetlica Wiejska w Lutomi Górnej, Lutomia Górna 73, 58-113 Lutomia Dolna";21907;"gm. Świdnica";"świdnicki";"dolnośląskie";1;1;3;3;1;0;0;1;1;4;0;1;0;0;0;1;1;0;20;1;5;2;0;3;2;4;2;27;0;1;0;1;1;13;9;4;1;0;6;3;0;2;3;1;1;0;1;4;0;4;20;15;85;18;4;0;4;1;1;5;13;2;4;2;22;3;14;8;5;3;2;0;1;3;3;0;1;0;1;0;1;2;38;15;23;19;8;3;0;8;2;15;4;2;0;0;6;3;7;1;0;1;0;0;0;0;0;0;1
14;"Świetlica Wiejska w Pankowie, Panków 51, 58-125 Pszenno";21907;"gm. Świdnica";"świdnicki";"dolnośląskie";1;1;0;2;2;0;1;0;0;0;0;0;0;0;0;1;1;0;37;1;1;2;2;0;0;3;1;14;0;1;2;0;5;6;18;4;1;1;1;1;3;1;1;0;2;0;1;0;0;9;30;5;11;15;4;4;2;3;3;2;2;0;2;0;12;2;4;1;2;3;2;1;3;0;0;1;0;0;0;0;2;0;26;10;2;40;7;2;0;2;0;8;4;0;2;0;4;2;2;1;0;1;0;0;1;0;0;0;0
15;"Świetlica Wiejska w Komorowie, Komorów 1, 58-100 Świdnica";21907;"gm. Świdnica";"świdnicki";"dolnośląskie";1;1;3;0;0;0;0;0;1;2;0;2;0;0;0;0;0;0;30;2;4;1;0;0;0;7;3;3;0;1;0;2;5;4;9;7;2;3;4;0;9;1;2;0;2;0;0;0;0;8;23;15;45;21;3;1;3;17;0;3;5;1;1;1;15;4;14;4;5;4;4;0;0;4;0;0;0;0;0;0;0;1;54;19;7;17;12;4;1;7;1;14;3;1;0;0;3;2;3;0;1;0;0;0;0;0;0;0;0
16;"Świetlica Wiejska w Witoszowie Górnym, Witoszów Górny 37, 58-100 Świdnica";21907;"gm. Świdnica";"świdnicki";"dolnośląskie";1;1;5;0;1;0;0;0;0;0;0;0;0;1;0;0;0;0;13;2;0;2;2;2;0;2;0;14;1;1;0;0;0;0;2;5;0;0;1;0;19;0;1;0;0;0;0;0;0;9;12;6;33;16;0;0;0;1;0;1;1;1;1;2;8;3;12;16;3;1;4;1;1;0;2;1;0;0;0;0;0;1;27;22;0;8;11;0;1;3;0;9;1;0;1;0;5;2;3;0;0;0;0;0;0;0;0;0;0
1;"Szkoła Podstawowa, ul. Piastowska 10, 58-130 Żarów";21908;"gm. Żarów";"świdnicki";"dolnośląskie";1;1;3;1;0;1;0;0;0;0;0;0;0;1;1;0;0;0;47;2;3;2;0;2;1;3;4;1;0;1;1;2;2;2;22;7;6;0;4;0;1;0;0;0;1;0;0;0;0;1;25;4;46;10;2;1;3;3;1;3;1;0;3;1;26;0;11;3;3;1;4;0;0;0;2;1;0;0;0;0;3;1;39;26;0;110;5;1;0;0;0;9;1;0;0;0;0;4;5;0;1;0;0;0;0;0;0;0;1
2;"Przedszkole Miejskie, ul. Władysława Łokietka 14, 58-130 Żarów";21908;"gm. Żarów";"świdnicki";"dolnośląskie";1;1;1;0;0;0;0;0;0;2;0;0;0;0;0;0;0;0;26;2;2;0;2;1;1;3;0;0;0;1;0;0;3;1;20;16;5;0;4;0;2;0;0;0;1;0;0;0;0;2;25;6;53;6;7;0;5;0;0;1;1;0;2;0;20;0;8;3;0;1;2;0;0;1;1;1;0;0;0;0;1;1;36;19;0;97;5;0;1;1;0;3;1;0;0;0;1;0;5;2;1;0;0;0;0;1;0;0;0
3;"Szkoła Podstawowa, ul. Piastowska 10, 58-130 Żarów";21908;"gm. Żarów";"świdnicki";"dolnośląskie";1;1;1;0;1;0;0;0;0;0;0;1;0;0;0;0;1;0;24;3;6;0;0;3;1;2;3;0;0;0;0;0;0;0;15;10;1;0;3;0;3;1;0;0;0;0;0;0;0;7;28;4;38;20;4;1;4;1;1;1;4;4;1;0;26;0;7;0;0;1;0;0;1;0;2;2;1;0;0;0;2;0;32;15;2;70;3;3;1;7;0;6;5;0;0;0;0;1;0;0;0;0;0;0;1;0;0;0;3
4;"Biblioteka Publiczna, ul. Piastowska 10, 58-130 Żarów";21908;"gm. Żarów";"świdnicki";"dolnośląskie";1;1;2;1;0;0;0;0;0;1;0;3;1;0;1;0;0;0;45;2;7;2;2;0;0;1;5;0;1;3;1;0;1;1;31;11;4;0;3;1;3;2;0;0;1;0;0;0;1;8;34;8;74;14;2;0;3;1;1;1;5;1;1;1;22;1;17;7;2;3;0;0;0;0;2;8;1;0;0;1;0;3;50;30;3;131;6;4;0;6;1;11;3;1;0;0;6;1;4;1;3;0;1;1;0;0;0;1;1
5;"Szkoła Podstawowa, ul. Ogrodowa 1, 58-130 Żarów";21908;"gm. Żarów";"świdnicki";"dolnośląskie";1;1;4;0;1;0;0;1;0;2;0;1;0;1;0;0;2;0;39;2;8;1;1;4;1;0;2;1;0;1;1;1;7;0;25;15;0;1;3;3;3;2;1;0;2;0;0;0;1;7;63;11;62;33;6;3;2;4;1;4;5;3;5;1;46;1;25;7;7;1;4;0;4;0;2;1;4;0;1;0;0;1;47;27;5;126;4;1;1;0;0;8;1;0;0;1;2;4;10;2;0;1;0;0;1;0;0;0;3
6;"Hala Widowiskowo-Sportowa, ul. Armii Krajowej 60A, 58-130 Żarów";21908;"gm. Żarów";"świdnicki";"dolnośląskie";1;1;7;1;1;0;0;1;0;0;0;0;0;0;0;0;2;1;41;4;8;4;1;4;2;4;2;3;0;3;3;2;5;2;38;18;1;0;7;0;3;0;1;0;1;0;0;1;2;9;74;18;91;22;4;2;5;3;1;3;5;3;10;5;53;5;23;7;2;1;7;0;1;0;1;7;1;0;0;0;1;3;54;40;7;138;5;1;0;1;1;12;2;0;1;0;3;2;11;4;0;0;0;0;0;0;0;0;3
7;"Świetlica Wiejska w Przyłęgowie, Przyłęgów 9, 58-115 Przyłęgów";21908;"gm. Żarów";"świdnicki";"dolnośląskie";1;1;2;0;0;1;1;0;0;3;0;1;0;0;2;0;0;0;23;0;1;0;1;3;2;2;0;0;0;0;0;1;0;0;5;9;1;0;3;0;1;0;0;0;0;1;0;0;0;0;21;3;36;26;2;0;0;0;0;5;3;1;2;0;33;0;9;2;3;1;0;0;0;0;0;1;1;1;0;0;1;3;21;10;0;40;7;0;0;1;1;8;0;0;1;0;1;0;0;0;0;0;0;0;0;0;0;0;0
8;"Świetlica Wiejska, Mrowiny ul. Wojska Polskiego 57, 58-130 Żarów";21908;"gm. Żarów";"świdnicki";"dolnośląskie";1;1;0;0;1;2;0;0;0;0;0;1;0;0;1;0;0;0;22;3;2;0;1;8;0;0;2;2;0;2;1;1;1;2;19;8;3;1;2;1;7;0;1;0;1;0;0;2;0;4;44;2;29;11;1;2;1;1;0;3;5;1;1;1;38;1;18;1;4;3;5;0;2;0;2;1;1;0;0;1;9;0;26;30;1;103;5;1;1;2;0;6;0;1;1;0;1;1;15;0;1;0;0;0;1;0;0;0;0
9;"Świetlica Wiejska, Wierzbna ul. Świdnicka 21A, 58-130 Żarów";21908;"gm. Żarów";"świdnicki";"dolnośląskie";1;1;4;0;0;0;0;0;0;0;0;2;0;1;1;0;2;0;45;0;1;1;4;2;1;5;3;1;0;0;2;1;3;5;64;15;0;1;1;0;5;0;2;0;2;0;0;0;1;10;70;10;64;19;3;0;1;0;2;2;3;3;2;1;36;1;11;10;2;0;6;1;1;1;1;2;0;1;0;0;7;3;39;15;4;129;4;1;0;10;0;13;2;1;0;0;2;0;12;1;0;0;2;0;0;0;1;0;1
10;"Szkoła Podstawowa, Imbramowice ul. Żarowska 45, 58-130 Żarów";21908;"gm. Żarów";"świdnicki";"dolnośląskie";1;1;3;0;1;0;1;0;0;0;0;0;0;0;1;0;0;1;25;3;1;1;0;1;0;4;1;3;0;3;1;0;3;0;18;6;0;1;4;3;0;1;2;1;1;0;1;0;0;1;71;7;71;13;3;1;2;2;0;2;2;1;0;1;37;1;12;5;0;0;0;1;0;1;2;0;0;0;0;0;3;0;36;9;4;48;4;3;1;1;0;4;1;0;2;0;5;0;4;0;0;2;0;0;0;0;2;0;0
11;"Świetlica Wiejska w Łażanach, Łażany ul. Strzegomska 4, 58-130 Żarów";21908;"gm. Żarów";"świdnicki";"dolnośląskie";1;1;6;0;1;0;0;0;0;0;0;1;0;0;0;0;1;0;36;3;4;3;0;1;0;0;2;0;0;1;2;0;1;2;21;4;2;0;1;0;1;0;0;0;1;0;0;0;0;0;42;6;63;18;3;2;4;0;0;2;3;5;0;0;17;0;16;7;3;3;1;0;0;0;0;0;3;0;0;1;5;0;26;13;3;45;6;0;1;2;0;7;2;0;2;0;1;0;4;0;0;4;0;0;0;0;0;0;0
12;"Świetlica Wiejska w Kalnie, Kalno ul. Diamentowa 43, 58-130 Żarów";21908;"gm. Żarów";"świdnicki";"dolnośląskie";1;1;2;0;1;0;1;0;0;0;0;1;0;2;0;0;0;0;15;1;1;2;1;1;0;1;1;1;0;1;0;0;1;2;11;3;1;0;0;0;4;0;0;0;1;0;0;0;0;2;22;1;27;9;1;2;1;1;0;0;1;0;0;0;11;4;16;3;5;3;2;0;1;0;1;0;0;0;0;2;0;0;14;4;1;74;9;1;0;1;0;7;0;0;0;0;0;2;3;0;0;0;0;1;0;0;0;0;0
13;"Świetlica Wiejska w Bukowie, Buków ul. Lipowa 25, 58-130 Żarów";21908;"gm. Żarów";"świdnicki";"dolnośląskie";1;1;3;0;0;0;0;0;1;2;0;0;0;0;0;0;1;0;15;0;0;2;2;1;0;2;1;0;0;1;0;0;0;2;2;2;0;0;1;1;0;0;0;1;0;0;0;0;0;0;39;7;18;6;0;0;4;1;0;2;2;1;0;0;5;1;11;4;1;1;3;0;0;2;1;0;1;2;0;0;1;0;15;3;1;25;4;1;1;3;0;4;0;1;0;0;3;0;0;0;0;0;0;0;0;0;0;0;0
14;"Remiza OSP, Pożarzysko 31A, 58-130 Żarów";21908;"gm. Żarów";"świdnicki";"dolnośląskie";1;1;0;0;0;0;0;0;0;0;0;0;0;0;0;0;0;0;5;0;1;0;1;0;0;4;2;1;1;0;0;0;0;0;1;0;1;0;1;1;0;0;0;0;1;0;0;0;0;0;25;3;24;4;1;0;0;0;0;0;1;0;6;0;5;1;8;4;0;2;2;0;0;2;0;0;1;0;0;1;0;0;8;0;2;16;0;0;0;0;0;0;0;0;2;0;1;0;2;0;0;0;0;0;0;1;0;0;0
15;"Szpital Reumatologiczno-Rehabilitacyjny w Żarowie, ul. Wojska Polskiego 7, 58-130 Żarów";21908;"gm. Żarów";"świdnicki";"dolnośląskie";1;1;0;0;0;0;0;0;0;0;0;0;0;0;0;0;0;0;0;0;0;0;0;0;0;0;0;0;0;0;0;0;0;1;0;1;0;0;0;0;1;0;0;0;1;0;0;0;0;0;2;0;1;0;0;0;0;0;0;0;1;0;0;0;2;0;0;0;0;0;0;0;0;0;0;0;0;0;0;0;0;0;3;0;0;0;0;0;0;0;0;0;0;0;0;0;0;0;0;0;0;0;0;0;0;0;0;0;0
16;"Dom Pomocy Społecznej Żar-Med w Żarowie, ul. Juliusza Słowackiego 6, 58-130 Żarów";21908;"gm. Żarów";"świdnicki";"dolnośląskie";1;1;1;0;0;0;0;0;0;0;0;1;0;1;0;0;0;0;1;0;0;0;1;0;0;1;0;0;0;0;0;0;0;0;0;0;0;0;0;1;0;0;0;0;0;0;1;0;0;0;3;0;3;6;0;2;0;3;0;0;2;1;0;0;0;1;0;0;0;1;0;0;0;0;0;0;0;0;0;0;0;0;2;0;0;0;0;0;1;0;0;0;0;0;0;0;0;0;2;0;0;0;0;0;1;0;0;1;0
1;"Publiczna Szkoła Podstawowa Nr 5 w Boguszowie-Gorcach, ul. Stanisława Staszica 5, 58-371 Boguszów-Gorce";22101;"m. Boguszów-Gorce";"wałbrzyski";"dolnośląskie";1;1;6;1;1;0;2;3;0;4;1;2;0;1;1;0;0;0;56;1;7;8;2;7;1;6;5;0;0;1;0;1;4;10;28;28;3;0;11;1;6;1;1;1;2;3;0;1;1;2;28;9;67;27;4;1;4;0;0;2;3;3;1;0;63;2;33;5;3;1;3;1;1;2;2;1;4;0;5;0;2;1;115;132;10;6;136;4;1;3;0;2;0;0;5;0;1;33;9;0;1;1;0;2;2;0;0;1;1
2;"Publiczna Szkoła Podstawowa Nr 5 w Boguszowie-Gorcach, ul. Stanisława Staszica 5, 58-371 Boguszów-Gorce";22101;"m. Boguszów-Gorce";"wałbrzyski";"dolnośląskie";1;1;3;1;2;0;0;1;1;2;1;5;1;0;0;0;1;2;65;8;4;11;0;3;1;9;3;2;1;0;1;2;3;3;49;43;7;1;4;4;0;6;5;0;3;0;1;3;1;0;32;14;99;15;9;1;1;2;5;5;2;2;3;2;58;13;18;3;6;3;1;0;1;0;0;0;3;1;3;0;4;0;122;112;17;0;135;3;1;6;3;1;1;0;2;1;2;46;6;0;0;1;4;0;0;1;0;2;0
3;"Miejska Biblioteka Publiczna-Centrum Kultury w Boguszowie-Gorcach, pl. Pl. Odrodzenia 4, 58-370 Boguszów-Gorce";22101;"m. Boguszów-Gorce";"wałbrzyski";"dolnośląskie";1;1;1;0;0;0;0;1;0;1;0;0;0;0;0;0;0;0;28;2;5;2;0;2;1;3;5;0;0;0;1;0;0;4;18;14;1;1;3;2;1;1;0;0;0;1;1;0;1;1;18;14;44;15;2;1;2;1;0;1;1;4;0;0;41;2;18;2;2;0;1;0;1;0;0;0;5;0;0;0;2;1;47;33;9;3;49;4;1;3;0;0;1;1;0;1;1;8;2;0;0;3;3;5;3;0;0;3;0
4;"Zespół Szkolno-Przedszkolny w Boguszowie-Gorcach-Publiczna Szkoła Podstawowa Nr 1, ul. Szkolna 3, 58-370 Boguszów-Gorce";22101;"m. Boguszów-Gorce";"wałbrzyski";"dolnośląskie";1;1;3;0;1;1;0;0;0;0;0;0;0;0;0;0;1;2;51;4;11;4;2;7;1;6;5;2;1;2;3;1;4;8;26;27;2;3;7;2;4;1;1;2;3;2;0;1;0;2;38;15;63;30;6;0;6;0;2;9;2;2;2;4;62;6;23;4;8;2;2;0;3;5;1;2;3;0;3;0;5;0;98;89;3;4;128;10;1;7;1;1;3;2;2;1;1;27;8;1;0;0;6;1;2;2;0;2;1
5;"Centrum Obsługi Jednostek w Boguszowie-Gorcach, ul. Ludwika Waryńskiego 10, 58-370 Boguszów-Gorce";22101;"m. Boguszów-Gorce";"wałbrzyski";"dolnośląskie";1;1;6;0;1;2;0;0;1;1;0;0;1;1;1;0;0;1;51;14;5;5;2;4;0;6;1;1;1;2;2;1;0;8;21;24;5;1;0;3;2;3;1;0;1;3;0;2;2;7;23;7;64;37;7;1;4;2;0;8;0;2;1;2;96;5;31;4;5;2;5;1;0;2;4;0;1;0;0;1;1;0;85;129;6;13;150;9;3;8;1;1;1;0;0;2;0;22;1;2;0;1;7;3;8;5;0;7;0
6;"Miejska Biblioteka Publiczna-Centrum Kultury w Boguszowie-Gorcach, pl. Pl. Odrodzenia 4, 58-370 Boguszów-Gorce";22101;"m. Boguszów-Gorce";"wałbrzyski";"dolnośląskie";1;1;7;0;0;2;0;0;0;1;0;0;1;0;1;0;1;0;42;2;8;4;5;5;0;4;4;1;0;1;1;2;4;4;24;16;2;2;6;2;4;4;2;2;2;0;2;0;0;2;27;15;82;22;3;1;7;1;2;9;1;2;1;1;92;4;17;2;5;1;3;1;0;3;2;1;0;0;2;2;0;2;65;79;12;2;120;4;4;4;0;4;4;3;2;2;4;22;7;0;0;1;4;4;0;3;1;11;1
7;"Świetlica Środowiskowa Nr 4 w Boguszowie-Gorcach, ul. Stefana Żeromskiego 17, 58-372 Boguszów-Gorce";22101;"m. Boguszów-Gorce";"wałbrzyski";"dolnośląskie";1;1;6;0;0;1;0;1;1;3;1;0;0;0;0;0;0;1;36;6;11;3;1;3;2;6;2;0;0;2;1;1;5;1;14;24;0;2;4;1;4;3;3;0;1;0;0;5;0;2;36;14;86;23;3;2;6;3;0;8;5;2;1;2;49;2;21;5;7;2;3;0;2;2;0;1;0;0;0;0;1;1;42;44;6;9;88;3;6;2;2;0;1;2;5;3;2;21;9;1;0;0;4;3;2;0;0;0;0
8;"Publiczna Szkoła Podstawowa Nr 6 w Boguszowie-Gorcach, ul. Mikołaja Kopernika 7, 58-372 Boguszów-Gorce";22101;"m. Boguszów-Gorce";"wałbrzyski";"dolnośląskie";1;1;2;0;1;1;2;0;0;0;0;0;1;0;0;0;1;0;39;3;2;2;3;4;2;3;1;0;0;0;3;1;3;4;13;10;2;0;2;0;7;3;1;0;0;0;1;3;0;3;21;10;45;11;1;0;2;0;1;2;3;1;1;0;35;2;14;3;1;1;2;0;0;0;0;2;1;0;1;1;3;1;23;33;2;2;82;3;1;3;0;1;3;1;2;0;2;12;5;1;0;0;1;1;3;0;1;0;0
9;"Miejska Biblioteka Publiczna-Centrum Kultury w Boguszowie-Gorcach Filia Nr 5, ul. Kosynierów 81, 58-370 Boguszów-Gorce";22101;"m. Boguszów-Gorce";"wałbrzyski";"dolnośląskie";1;1;0;0;0;0;0;1;0;1;0;0;0;0;0;0;0;0;13;0;0;3;1;2;0;2;4;0;0;1;0;2;0;4;15;5;1;1;2;1;2;0;1;1;2;0;0;0;1;2;17;5;29;13;6;1;2;1;0;0;2;1;2;0;37;3;12;1;0;1;1;0;0;1;2;1;1;0;1;1;0;2;40;25;3;6;44;3;1;0;0;0;0;2;0;1;0;5;5;0;0;3;15;0;0;0;0;0;1
1;"Centrum Kultury, ul. Piastowska 13, 58-330 Jedlina-Zdrój";22102;"m. Jedlina-Zdrój";"wałbrzyski";"dolnośląskie";1;1;2;0;0;0;0;0;2;2;0;2;0;0;0;0;0;1;30;0;2;5;0;1;0;16;1;0;1;2;4;2;0;8;12;11;3;0;4;1;5;3;0;0;0;0;0;0;0;3;20;9;38;6;2;0;2;1;1;5;2;0;1;1;40;19;13;2;1;0;0;1;0;3;0;0;0;0;3;0;0;0;33;63;4;4;75;4;0;0;0;0;1;0;0;0;0;12;2;0;0;2;0;0;0;0;0;1;0
2;"Centrum Kultury, ul. Piastowska 13, 58-330 Jedlina-Zdrój";22102;"m. Jedlina-Zdrój";"wałbrzyski";"dolnośląskie";1;1;1;0;0;2;0;0;2;0;0;0;0;0;0;1;0;0;39;1;2;2;0;0;0;31;0;1;0;1;0;0;0;1;16;5;3;1;2;1;0;2;3;0;0;0;0;4;0;4;20;5;35;7;0;0;2;0;0;1;0;0;2;0;32;9;12;4;1;1;0;1;0;0;1;2;0;0;0;0;2;0;47;51;3;1;66;3;1;5;1;1;0;0;0;1;1;12;5;0;0;0;0;1;0;0;0;0;0
3;"Zespół Szkolno-Przedszkolny im. Janusza Korczaka w Jedlinie-Zdroju, ul. Słowackiego 5, 58-330 Jedlina-Zdrój";22102;"m. Jedlina-Zdrój";"wałbrzyski";"dolnośląskie";1;1;5;0;1;1;0;0;1;1;0;0;0;0;0;0;0;0;28;1;1;0;1;1;0;15;1;0;2;3;1;0;1;1;21;14;3;0;4;2;1;0;0;0;0;0;2;3;0;3;17;11;38;13;1;1;1;0;0;6;0;1;0;2;25;4;14;4;2;0;0;1;0;0;3;0;1;0;0;1;1;1;65;91;11;4;59;7;0;3;1;0;0;0;0;1;0;9;3;0;1;0;0;3;0;0;0;0;0
4;"Hotel ""Jedlinka"", ul. Zamkowa 2, 58-330 Jedlina-Zdrój";22102;"m. Jedlina-Zdrój";"wałbrzyski";"dolnośląskie";1;1;0;0;0;1;0;0;0;1;0;0;0;0;0;0;0;1;26;0;1;2;0;1;0;27;0;1;0;0;0;1;0;3;9;13;0;0;2;1;2;0;3;1;1;0;0;0;0;4;14;4;28;5;1;1;3;0;2;1;1;0;1;0;33;4;9;2;4;1;3;0;0;0;0;0;0;0;2;0;2;0;54;37;4;2;55;5;0;1;0;1;0;0;0;0;0;12;2;0;0;0;0;0;1;0;0;0;0
5;"Centrum Bankietowo-Pobytowe Moniuszko, ul. Moniuszki 6, 58-330 Jedlina-Zdrój";22102;"m. Jedlina-Zdrój";"wałbrzyski";"dolnośląskie";1;1;1;0;0;0;0;0;0;0;0;1;1;0;0;0;1;2;36;0;0;4;2;1;1;10;0;0;0;0;0;0;1;0;16;14;2;3;6;1;1;0;0;2;3;1;0;0;0;0;24;11;29;5;6;0;6;0;0;0;0;0;1;1;55;4;15;0;4;3;0;1;1;0;0;1;2;0;0;0;0;1;58;67;5;3;67;2;1;3;1;0;2;0;1;1;0;6;6;0;0;0;0;0;0;0;0;0;1
1;"Teatr Zdrojowy im. H. Wieniawskiego, ul. Tadeusza Kościuszki 19, 58-310 Szczawno-Zdrój";22103;"m. Szczawno-Zdrój";"wałbrzyski";"dolnośląskie";1;1;1;0;1;0;0;0;0;1;0;1;0;0;0;0;1;2;75;5;3;7;2;2;1;2;3;0;1;3;0;1;0;3;36;34;3;0;4;3;4;5;0;0;0;1;1;1;1;1;44;11;68;15;2;0;2;0;1;3;0;0;0;0;81;11;9;2;4;3;1;3;0;1;0;1;0;0;1;1;2;0;90;121;5;7;152;11;0;8;1;2;1;2;1;2;0;20;2;2;1;0;0;1;1;0;0;1;0
2;"Zespół Szkół im. Marii Skłodowskiej-Curie, ul. Boczna 1, 58-310 Szczawno-Zdrój";22103;"m. Szczawno-Zdrój";"wałbrzyski";"dolnośląskie";1;1;1;0;1;0;0;1;0;2;0;0;0;0;0;0;0;0;55;1;5;1;0;3;1;2;1;0;1;1;0;1;0;5;11;10;4;1;2;2;1;4;0;1;3;1;0;0;0;7;15;4;42;7;1;1;0;0;0;6;0;0;0;0;69;3;11;1;4;0;0;7;0;0;1;1;0;0;1;0;2;1;56;77;7;5;173;6;0;1;1;2;13;0;0;0;0;0;5;3;0;1;0;1;0;0;0;0;0
3;"Zespół Szkół im. Marii Skłodowskiej-Curie, ul. Kolejowa 2, 58-310 Szczawno-Zdrój";22103;"m. Szczawno-Zdrój";"wałbrzyski";"dolnośląskie";1;1;0;0;2;0;0;0;0;0;0;1;0;0;0;0;0;0;43;2;1;2;1;2;0;7;1;1;0;2;0;2;0;1;12;20;4;0;3;1;2;2;0;0;1;0;0;0;0;0;16;5;37;19;1;0;1;0;0;4;1;0;1;0;41;3;11;4;4;3;2;7;2;1;0;0;1;0;0;2;1;0;37;66;5;3;121;2;0;0;2;0;1;1;1;3;1;24;2;2;0;1;0;0;0;1;0;0;1
4;"Miejska Biblioteka Publiczna im. Tadeusza Boya-Żeleńskiego, ul. Wojska Polskiego 4a, 58-310 Szczawno-Zdrój";22103;"m. Szczawno-Zdrój";"wałbrzyski";"dolnośląskie";1;1;4;0;2;0;0;1;0;0;0;0;0;0;0;0;0;2;60;3;6;2;1;1;0;3;1;0;0;0;0;0;3;2;19;16;5;0;4;2;1;1;1;0;0;0;0;2;0;2;28;10;89;30;3;0;0;0;0;4;1;2;0;0;75;17;15;4;2;1;2;3;0;2;0;2;0;0;2;2;1;1;117;105;9;9;236;10;2;2;0;3;0;0;0;1;0;10;8;0;0;1;0;0;0;0;0;0;0
5;"Sala Gimnastyczna, ul. Henryka Sienkiewicza 28, 58-310 Szczawno-Zdrój";22103;"m. Szczawno-Zdrój";"wałbrzyski";"dolnośląskie";1;1;2;1;2;0;0;0;0;0;0;0;3;0;0;0;1;0;27;0;5;3;0;0;1;3;0;0;0;1;1;0;0;1;9;9;4;1;1;0;1;3;1;0;1;1;0;2;0;1;8;3;43;17;1;1;3;1;0;6;0;0;0;0;68;6;14;1;3;1;1;1;0;2;1;1;1;0;0;0;0;1;56;85;3;8;107;3;1;4;1;0;4;0;4;1;0;12;4;0;0;0;0;0;0;0;0;0;1
1;"Biblioteka + Centrum Kultury w Czarnym Borze, ul. Sportowa 43, 58-379 Czarny Bór";22104;"gm. Czarny Bór";"wałbrzyski";"dolnośląskie";1;1;1;0;1;0;0;1;1;1;0;0;0;0;0;0;2;0;22;1;1;1;3;2;1;5;3;1;1;2;0;0;2;3;5;7;4;0;3;1;0;6;0;0;0;0;0;1;0;0;23;10;87;4;2;1;5;2;0;7;1;3;3;0;38;1;17;6;4;1;1;0;0;0;0;2;0;0;1;0;1;2;42;40;11;5;24;3;1;0;0;1;0;0;2;1;1;7;3;0;0;0;0;1;0;1;0;0;0
2;"Szkoła Podstawowa im. Józefa Pawlika w Czarnym Borze filia w Witkowie, Witków 89, 58-379 Czarny Bór";22104;"gm. Czarny Bór";"wałbrzyski";"dolnośląskie";1;1;5;1;0;2;1;1;1;3;0;1;0;1;0;0;0;0;23;6;7;2;0;1;3;4;5;1;0;2;1;0;1;2;13;10;4;1;5;1;2;1;1;2;2;1;0;1;0;1;31;6;77;6;0;1;1;3;0;4;1;1;1;2;33;3;20;3;1;1;0;3;0;3;4;1;2;0;0;1;2;1;33;56;7;0;27;6;3;0;1;1;2;0;3;0;1;22;8;2;2;0;8;0;1;0;1;0;0
3;"Świetlica Wiejska, Grzędy 50A, 58-379 Czarny Bór";22104;"gm. Czarny Bór";"wałbrzyski";"dolnośląskie";1;1;3;0;0;1;0;0;0;0;0;1;1;2;0;0;0;0;30;3;2;2;0;2;1;1;3;0;0;0;2;0;2;2;7;2;0;0;1;1;0;2;1;0;1;0;0;0;1;2;14;4;62;3;1;1;2;0;0;1;1;1;1;0;52;5;12;0;0;1;1;0;0;0;0;1;1;0;0;0;1;0;23;27;6;0;24;2;2;1;0;0;0;1;0;0;0;2;5;1;0;0;1;2;0;0;0;0;1
4;"Świetlica Wiejska, Jaczków 15A, 58-379 Czarny Bór";22104;"gm. Czarny Bór";"wałbrzyski";"dolnośląskie";1;1;5;0;1;0;0;1;1;2;0;1;0;1;0;1;0;0;19;0;0;1;0;3;0;4;2;0;0;0;1;0;1;3;1;0;3;1;1;1;1;3;0;0;1;0;0;2;0;0;15;2;39;0;0;0;1;1;2;2;0;0;1;0;24;1;4;3;4;5;3;1;0;1;0;1;0;1;1;0;0;1;27;21;4;0;12;0;2;1;0;0;0;1;1;1;0;5;3;0;0;0;1;0;0;0;0;1;0
5;"Biblioteka + Centrum Kultury w Czarnym Borze, ul. Sportowa 43, 58-379 Czarny Bór";22104;"gm. Czarny Bór";"wałbrzyski";"dolnośląskie";1;1;6;0;2;0;1;0;1;1;0;0;0;0;0;0;0;0;41;6;6;11;1;5;2;7;3;0;2;1;2;2;0;1;23;23;2;3;3;4;6;1;3;0;4;2;1;2;1;1;24;4;125;17;3;1;2;3;0;3;0;2;1;3;95;4;18;5;6;0;1;0;0;1;1;2;3;0;0;1;1;3;64;87;7;2;61;0;0;9;0;0;4;0;1;0;0;13;10;1;0;0;0;0;0;0;0;0;1
6;"Świetlica Wiejska w Borównie, Borówno 78, 58-379 Czarny Bór";22104;"gm. Czarny Bór";"wałbrzyski";"dolnośląskie";1;1;4;1;0;0;0;0;1;1;0;0;0;0;0;0;1;0;23;2;1;2;2;2;3;2;2;0;2;0;0;2;0;1;20;3;0;0;3;1;0;0;1;0;0;0;0;1;0;1;12;3;54;1;1;1;1;0;4;2;1;0;0;0;15;0;11;4;2;2;0;1;1;0;0;2;1;0;0;0;0;0;26;27;3;2;17;0;4;0;0;0;0;0;0;0;0;10;3;1;0;0;0;0;0;0;0;1;1
1;"Szkoła Podstawowa Nr 2 w Głuszycy, ul. Sienkiewicza 53, 58-340 Głuszyca";22105;"gm. Głuszyca";"wałbrzyski";"dolnośląskie";1;1;5;0;1;2;1;0;3;1;1;3;1;0;0;0;2;2;88;6;9;9;1;5;0;10;1;0;1;3;1;2;2;9;33;23;6;1;8;2;1;1;3;0;4;0;0;1;0;0;44;29;94;15;5;0;2;0;10;8;0;1;0;1;81;12;30;4;3;4;3;1;7;1;6;1;0;0;1;0;0;1;75;124;12;4;176;5;2;9;0;1;0;0;4;3;0;17;10;0;0;3;0;1;0;0;0;1;1
2;"Szkoła Podstawowa Nr 3 w Głuszycy, ul. Kolejowa 8, 58-340 Głuszyca";22105;"gm. Głuszyca";"wałbrzyski";"dolnośląskie";1;1;6;0;0;0;0;0;2;0;3;0;0;0;0;0;2;1;74;4;5;6;3;9;4;6;0;0;0;0;0;4;1;9;35;16;2;4;7;3;3;1;1;3;0;0;0;1;1;5;59;29;124;25;3;2;6;2;2;8;4;2;1;0;106;10;32;5;11;5;3;2;1;3;2;3;0;0;3;0;2;4;131;171;20;1;210;4;1;7;1;3;0;0;1;3;1;20;9;1;3;0;1;3;2;0;0;1;0
3;"Centrum Kultury-Miejska Biblioteka Publiczna w Głuszycy, ul. Grunwaldzka 26, 58-340 Głuszyca";22105;"gm. Głuszyca";"wałbrzyski";"dolnośląskie";1;1;4;0;1;0;0;1;2;0;0;2;1;0;1;0;0;0;65;2;8;4;0;5;1;0;2;0;0;4;2;0;7;11;23;11;8;1;7;2;2;3;1;0;1;0;1;2;0;4;66;15;60;16;11;2;4;0;8;2;1;2;1;1;77;4;19;9;2;1;1;0;2;1;2;1;0;0;5;0;1;3;88;82;6;1;127;1;0;9;1;0;3;3;1;0;2;9;4;1;4;2;0;1;4;1;0;0;2
4;"Świetlica Wiejska, Głuszyca Górna ul. Kłodzka 61, 58-340 Głuszyca";22105;"gm. Głuszyca";"wałbrzyski";"dolnośląskie";1;1;1;0;0;0;1;0;4;1;0;1;1;0;1;0;0;0;28;2;1;1;1;6;1;4;1;0;0;1;1;0;0;9;4;12;4;2;1;0;0;0;2;1;0;0;1;1;0;3;30;13;29;11;4;0;4;1;3;4;0;3;0;0;28;0;18;4;3;0;1;1;2;1;1;4;5;0;0;0;0;0;52;49;4;1;62;2;0;1;0;0;1;0;1;0;1;7;5;0;0;4;0;3;1;0;0;1;0
5;"Świetlica Wiejska, Kolce ul. Pamięci Narodowej 39, 58-340 Głuszyca";22105;"gm. Głuszyca";"wałbrzyski";"dolnośląskie";1;1;1;0;0;0;1;0;0;0;0;1;0;0;0;0;1;0;21;2;1;2;0;1;0;2;1;0;0;1;1;0;0;3;1;10;0;0;1;1;0;0;0;1;1;1;0;0;0;4;7;4;10;8;0;0;0;0;0;1;1;0;0;0;25;1;4;2;0;0;1;0;1;0;0;1;0;1;0;0;0;0;28;25;3;0;23;2;0;4;1;0;0;0;0;1;0;7;4;0;0;0;0;0;0;0;0;0;0
6;"Świetlica Wiejska, Grzmiąca ul. Wiejska 1, 58-340 Głuszyca";22105;"gm. Głuszyca";"wałbrzyski";"dolnośląskie";1;1;1;0;0;1;0;0;0;1;1;1;1;0;0;0;0;0;22;2;1;1;0;2;0;3;1;0;0;2;0;1;2;8;9;6;0;0;1;2;0;4;0;0;0;0;0;1;0;0;11;2;14;10;0;1;0;0;17;2;1;0;0;0;6;1;8;3;0;1;1;1;0;1;1;3;0;0;0;1;0;0;17;22;4;0;55;0;0;0;0;1;0;0;0;0;0;3;1;0;0;0;0;0;0;0;0;0;0
1;"Mieroszowskie Centrum Kultury w Mieroszowie, ul. Stefana Żeromskiego 28, 58-350 Mieroszów";22106;"gm. Mieroszów";"wałbrzyski";"dolnośląskie";1;1;0;0;0;1;0;0;0;0;0;1;0;1;0;0;0;0;9;0;1;0;0;1;0;1;1;1;0;0;0;0;0;1;10;7;1;0;0;1;0;0;0;0;0;1;0;0;0;0;15;4;62;2;2;1;0;0;0;3;1;3;0;1;12;1;15;1;2;0;0;2;1;1;0;2;0;0;1;0;0;1;19;60;6;1;25;1;0;1;0;0;2;2;1;1;2;4;2;1;0;0;2;2;1;1;0;1;0
2;"Mieroszowskie Centrum Kultury w Mieroszowie, ul. Stefana Żeromskiego 28, 58-350 Mieroszów";22106;"gm. Mieroszów";"wałbrzyski";"dolnośląskie";1;1;2;2;2;1;0;0;0;1;0;0;0;0;0;0;0;1;26;2;2;3;1;5;0;6;0;0;0;1;0;0;0;1;12;4;3;1;2;1;1;2;0;0;1;1;0;0;0;0;12;8;68;4;0;0;1;2;1;5;1;0;1;0;20;4;13;2;0;1;1;0;0;2;0;0;0;0;1;0;0;0;23;52;0;2;39;8;1;1;0;0;2;0;0;3;0;1;6;0;0;0;0;0;0;0;0;0;1
3;"Przedszkole Miejskie w Mieroszowie, ul. Wolności 27, 58-350 Mieroszów";22106;"gm. Mieroszów";"wałbrzyski";"dolnośląskie";1;1;2;0;0;0;1;1;0;2;0;0;0;0;0;0;0;0;20;2;3;1;0;1;1;6;1;0;1;0;2;0;0;0;5;9;1;0;2;0;0;0;1;1;2;1;0;1;0;2;9;7;80;0;1;0;1;1;0;0;0;0;0;1;24;5;5;1;2;2;1;1;0;2;0;0;3;0;1;0;5;0;21;51;2;3;32;8;0;4;0;1;0;1;1;1;0;4;2;0;1;1;2;0;0;0;0;1;0
4;"Publiczna Szkoła Podstawowa w Mieroszowie, ul. Wolności 19, 58-350 Mieroszów";22106;"gm. Mieroszów";"wałbrzyski";"dolnośląskie";1;1;1;0;1;0;1;0;1;0;0;0;1;0;1;0;0;0;37;3;0;2;1;2;0;6;2;1;0;0;4;0;0;1;14;4;1;0;0;2;3;0;0;0;3;0;0;2;0;1;19;3;95;3;3;1;2;1;0;5;1;0;0;0;26;5;12;0;2;2;1;0;0;0;1;0;1;0;0;1;0;0;18;57;1;2;56;6;0;2;0;0;0;0;2;1;0;6;3;2;0;0;0;0;1;0;0;0;0
5;"Sala Sportowa, ul. Hoża 4, 58-350 Mieroszów";22106;"gm. Mieroszów";"wałbrzyski";"dolnośląskie";1;1;5;0;1;1;2;0;1;2;1;2;0;0;0;0;0;1;22;2;2;6;2;6;0;5;4;1;1;0;0;0;0;2;19;7;1;1;1;2;2;2;1;0;2;0;0;0;0;1;20;7;101;7;7;2;4;0;1;1;0;0;0;0;23;2;14;1;5;0;0;0;0;0;4;3;1;1;1;0;1;0;38;53;3;1;34;12;0;3;1;0;1;0;0;1;0;5;7;0;0;0;1;1;1;0;0;0;0
6;"Publiczna Szkoła Podstawowa w Kowalowej, Kowalowa ul. Wałbrzyska 38, 58-350 Mieroszów";22106;"gm. Mieroszów";"wałbrzyski";"dolnośląskie";1;1;0;1;0;0;1;1;0;0;0;0;0;1;0;0;0;0;13;1;0;1;0;6;1;0;3;0;2;0;0;0;1;2;13;6;1;1;1;0;0;0;1;0;2;1;0;0;0;1;14;2;68;3;1;1;0;0;0;3;0;0;0;1;7;3;14;4;1;0;0;0;0;1;0;1;0;0;0;0;1;1;27;68;1;1;42;9;1;3;0;1;1;0;0;0;0;0;5;2;0;0;1;0;0;0;0;1;1
7;"KLUB ""SENIOR+"" w Unisławiu Śląskim, Unisław Śląski 4b, 58-350 Mieroszów";22106;"gm. Mieroszów";"wałbrzyski";"dolnośląskie";1;1;0;1;0;0;0;0;0;0;0;0;0;0;0;0;0;1;35;3;0;1;0;1;0;4;2;0;0;0;0;1;1;4;8;9;1;0;3;0;0;0;1;0;1;1;0;1;0;4;15;6;53;5;6;1;1;0;1;2;2;1;0;0;25;5;11;2;1;0;0;0;0;0;0;0;0;0;0;0;1;1;52;64;5;5;56;8;1;2;0;0;1;0;0;0;0;4;1;1;0;0;1;1;0;0;0;0;0
8;"Zespół Szkolno-Przedszkolny im. Janusza Korczaka w Sokołowsku, Sokołowsko ul. Unisławska 4, 58-350 Mieroszów";22106;"gm. Mieroszów";"wałbrzyski";"dolnośląskie";1;1;4;0;0;1;0;0;0;0;0;0;0;0;0;0;0;0;27;2;3;2;0;1;0;2;1;0;0;0;1;0;0;1;20;28;12;1;3;1;1;1;1;0;0;0;1;1;0;3;10;3;23;2;1;0;0;1;0;0;0;0;0;0;18;2;12;2;0;0;0;0;0;0;1;1;0;0;0;0;1;0;32;46;1;0;23;125;1;1;0;0;0;0;0;1;0;1;0;0;0;0;0;0;0;0;0;0;0
9;"Dolnośląski Ośrodek Opieki Międzypokoleniowej ""Biały Orzeł"", ul. Parkowa 5, 58-351 Sokołowsko";22106;"gm. Mieroszów";"wałbrzyski";"dolnośląskie";1;1;0;0;0;0;0;0;0;1;0;0;0;0;0;0;0;0;0;0;0;0;0;0;0;0;0;0;0;0;0;0;0;0;1;0;0;0;0;0;0;0;0;0;0;0;0;0;0;0;2;4;3;2;0;0;1;1;0;0;0;1;0;0;0;1;0;0;0;0;0;0;0;0;0;0;0;0;0;0;0;0;2;2;0;0;0;0;0;1;0;0;0;0;0;0;0;0;1;0;0;0;0;0;0;0;0;0;0
1;"Szkoła Podstawowa im. Św. Jana Pawła II, ul. Główna 172a, 58-312 Stare Bogaczowice";22107;"gm. Stare Bogaczowice";"wałbrzyski";"dolnośląskie";1;1;5;1;0;0;0;0;0;1;0;1;1;1;1;0;1;1;65;7;6;8;1;4;3;7;1;0;0;0;1;1;7;4;24;12;4;3;2;0;3;2;0;0;0;1;0;0;0;3;62;15;75;31;0;1;2;1;0;4;1;1;0;0;37;6;19;3;1;0;1;1;1;0;1;1;1;0;0;0;0;2;54;111;9;2;91;0;0;7;0;0;0;0;1;3;0;12;3;1;0;0;1;0;0;0;0;1;1
2;"Lokalny Ośrodek Integracji Społecznej, Chwaliszów ul. Słonecznikowa 5, 58-312 Stare Bogaczowice";22107;"gm. Stare Bogaczowice";"wałbrzyski";"dolnośląskie";1;1;0;0;0;0;1;0;1;0;0;0;1;0;0;0;0;0;34;2;1;7;0;0;0;2;0;0;0;0;0;3;0;0;2;7;1;0;1;0;1;2;1;0;1;0;0;0;0;0;18;3;47;10;1;0;2;0;0;4;2;0;0;0;11;0;5;1;1;1;2;0;1;0;1;1;0;0;0;0;0;0;23;21;1;0;27;1;0;4;0;0;0;0;0;1;0;1;0;0;0;1;0;0;0;0;0;0;0
3;"Lokalny Ośrodek Integracji Społecznej, ul. Szkolna 2a, 58-311 Struga";22107;"gm. Stare Bogaczowice";"wałbrzyski";"dolnośląskie";1;1;3;1;2;0;0;1;1;1;0;0;1;0;0;0;2;0;48;2;2;8;0;2;0;7;1;0;0;1;1;1;1;1;7;11;5;2;5;3;2;1;1;0;2;0;0;0;0;1;19;7;51;12;1;0;1;0;2;3;1;0;1;1;30;5;9;1;1;1;2;1;0;0;1;1;0;1;0;0;0;0;40;66;3;4;70;8;0;1;3;0;2;0;0;0;0;18;5;0;0;2;1;0;0;0;0;1;0
4;"Świetlica Wiejska, Jabłów ul. Główna 37, 58-371 Boguszów-Gorce";22107;"gm. Stare Bogaczowice";"wałbrzyski";"dolnośląskie";1;1;2;0;0;0;0;0;0;0;0;1;0;0;0;0;1;0;9;3;0;0;0;2;0;4;1;1;0;0;0;0;0;0;3;1;0;0;0;0;0;0;0;0;1;0;0;1;0;0;14;4;39;10;3;0;0;0;0;3;0;0;1;0;12;4;12;2;2;0;0;2;0;1;0;2;0;0;1;0;0;0;9;21;1;0;16;0;0;2;0;0;0;0;0;0;0;3;1;0;1;0;0;0;0;0;0;0;0
5;"Świetlica Wiejska, Gostków ul. Główna 42a, 58-312 Stare Bogaczowice";22107;"gm. Stare Bogaczowice";"wałbrzyski";"dolnośląskie";1;1;0;1;0;2;1;0;0;0;0;1;0;0;0;0;0;1;15;1;1;8;0;1;0;2;2;0;1;1;1;1;0;2;3;3;2;0;0;0;0;1;2;0;0;0;0;1;0;0;20;2;32;5;0;1;1;0;1;2;0;0;0;1;26;6;5;0;2;1;2;0;0;0;0;0;0;0;0;0;1;0;20;26;3;0;19;2;0;3;0;0;0;0;1;0;0;1;1;0;0;1;0;0;0;0;0;1;0
6;"Świetlica Wiejska, Lubomin ul. Główna 5, 58-311 Struga";22107;"gm. Stare Bogaczowice";"wałbrzyski";"dolnośląskie";1;1;0;0;0;0;0;0;0;1;0;0;0;0;0;0;1;0;24;2;1;0;0;1;0;0;1;0;0;0;0;0;0;0;9;2;1;0;0;1;0;1;0;1;1;0;0;0;0;0;8;1;10;3;1;0;0;0;0;0;0;1;0;0;16;1;7;0;0;0;0;1;0;1;0;0;0;0;0;0;0;0;29;19;2;0;22;2;0;0;0;0;1;0;1;0;0;6;0;0;0;0;0;0;0;0;0;0;0
7;"Świetlica Wiejska, Cieszów ul. Główna 21c, 58-160 Świebodzice";22107;"gm. Stare Bogaczowice";"wałbrzyski";"dolnośląskie";1;1;1;0;0;0;0;1;0;0;0;1;0;0;0;0;0;0;17;0;1;2;0;0;0;2;1;0;0;0;0;0;0;2;2;1;0;0;2;2;0;1;4;0;0;0;0;0;0;0;6;8;20;31;5;1;2;4;3;1;2;0;0;0;3;0;3;2;1;0;0;0;0;0;1;0;0;0;2;0;0;1;12;8;0;2;8;0;1;3;1;0;0;0;0;0;0;3;3;0;0;0;0;2;0;0;0;1;0
1;"Centrum Kultury i Turystyki w Walimiu, ul. Tadeusza Kościuszki 2, 58-320 Walim";22108;"gm. Walim";"wałbrzyski";"dolnośląskie";1;1;1;0;3;0;1;0;3;2;0;0;0;0;0;0;1;0;30;0;1;1;1;3;1;4;2;0;1;4;3;2;1;28;10;4;1;2;4;2;1;1;0;0;1;0;0;0;0;2;30;16;66;13;1;4;3;2;0;1;1;2;0;0;36;3;16;4;3;2;1;1;0;1;2;1;1;0;2;0;2;2;37;40;4;6;54;1;0;1;1;2;2;0;1;0;0;4;2;0;0;0;2;0;0;0;0;0;0
2;"Centrum Sportu i Rekreacji w Walimiu, ul. Boczna 8A, 58-320 Walim";22108;"gm. Walim";"wałbrzyski";"dolnośląskie";1;1;2;0;0;0;0;0;3;1;0;0;0;1;0;0;0;1;27;2;3;1;0;2;0;8;3;0;0;1;2;0;1;36;10;8;0;0;1;1;0;1;0;0;3;1;0;3;0;3;33;10;57;6;4;1;5;0;0;3;1;0;0;2;41;9;14;2;4;1;2;0;1;2;0;1;1;0;1;1;0;1;45;62;3;4;81;3;0;3;0;0;0;0;0;4;0;3;1;0;0;1;0;0;0;1;0;0;0
3;"Świetlica-Klub Strażaka, Zagórze Śląskie ul. Główna 10, 58-321 Jugowice";22108;"gm. Walim";"wałbrzyski";"dolnośląskie";1;1;2;0;0;0;0;0;1;1;1;0;1;1;0;0;1;0;21;0;3;0;2;0;0;3;0;0;0;0;0;0;0;81;11;9;0;1;0;1;2;0;0;0;0;0;0;2;0;1;49;10;39;12;0;2;4;1;1;7;1;0;0;3;23;4;17;3;6;1;2;2;2;0;1;1;1;0;1;1;1;1;70;53;5;7;54;0;2;2;0;0;1;1;0;0;2;2;1;1;0;0;1;1;2;0;0;0;0
4;"Publiczna Szkoła Podstawowa, ul. Główna 34, 58-321 Jugowice";22108;"gm. Walim";"wałbrzyski";"dolnośląskie";1;1;3;0;1;2;0;0;2;0;0;0;0;0;0;0;0;0;38;3;2;0;0;3;0;10;0;1;0;1;1;0;1;27;8;11;2;0;3;1;1;1;0;3;0;0;0;2;0;0;45;10;43;10;0;0;3;0;3;5;1;1;1;1;28;8;11;1;0;1;0;1;2;0;0;0;0;0;5;1;1;0;43;62;3;8;57;2;1;4;2;3;1;0;0;1;1;8;1;1;1;0;4;0;0;0;0;0;0
5;"Wiejski Dom Kultury, Dziećmorowice ul. Henryka Sienkiewicza 75, 58-308 Wałbrzych";22108;"gm. Walim";"wałbrzyski";"dolnośląskie";1;1;4;1;0;0;0;1;0;0;0;0;1;0;0;0;0;0;49;3;1;9;1;1;1;5;6;1;0;1;0;0;0;4;14;14;3;0;5;0;1;0;2;0;3;1;1;2;0;1;32;10;54;30;5;2;4;1;2;7;2;0;1;0;83;14;24;6;2;0;0;0;0;2;0;2;0;0;6;0;6;5;45;99;5;4;103;1;2;3;0;3;0;1;1;0;0;23;6;0;2;0;0;0;0;0;2;2;1
1;"Centrum Kultury i Biblioteka, ul. Kolejowa 12, 57-256 Bardo";22401;"gm. Bardo";"ząbkowicki";"dolnośląskie";1;1;4;1;1;0;0;0;0;4;0;0;0;0;1;0;0;0;34;21;2;0;3;4;9;3;3;0;1;2;2;0;1;1;18;9;3;1;2;3;2;0;2;0;6;0;0;1;0;1;57;9;89;3;3;3;2;2;0;0;0;0;0;15;1;0;14;1;4;1;0;1;1;0;1;2;0;1;0;0;4;1;154;7;4;1;0;3;0;0;5;1;0;0;1;5;1;1;7;5;0;0;0;1;0;2;0;0;0
2;"Urząd Miasta i Gminy, ul. Rynek 2, 57-256 Bardo";22401;"gm. Bardo";"ząbkowicki";"dolnośląskie";1;1;10;1;1;0;1;0;1;2;0;3;0;2;2;0;1;0;41;18;10;0;2;5;10;8;4;0;0;4;0;0;2;3;20;5;9;2;1;5;2;1;2;0;1;1;0;0;3;1;57;8;112;5;0;1;6;1;2;1;1;2;1;15;6;1;18;3;4;3;2;0;0;0;4;1;1;1;2;2;1;0;199;10;4;1;5;2;2;1;9;0;0;0;0;6;2;1;1;2;0;0;0;0;0;0;0;0;1
3;"Zespół Szkolno-Przedszkolny im. KEN w Bardzie z filią w Przyłęku, Przyłęk ul. Fabryczna 7, 57-255 Bardo";22401;"gm. Bardo";"ząbkowicki";"dolnośląskie";1;1;0;0;0;0;0;1;1;0;0;1;1;0;0;0;1;1;7;9;1;2;4;7;9;0;3;0;0;1;0;0;0;0;8;9;1;1;5;0;0;1;0;0;1;0;0;0;2;2;74;6;67;3;4;1;1;2;0;2;0;1;0;17;2;0;9;1;0;0;0;0;1;0;0;0;0;0;1;0;0;0;86;2;2;1;1;0;1;2;2;2;0;0;0;3;0;0;1;0;0;0;0;0;0;0;0;0;0
4;"Wiejski Dom Kultury, Brzeźnica 46, 57-257 Bardo";22401;"gm. Bardo";"ząbkowicki";"dolnośląskie";1;1;0;1;1;1;0;0;0;0;0;0;0;0;0;0;1;1;8;15;2;1;1;2;2;3;1;0;0;0;0;0;0;7;6;0;1;1;3;1;2;1;0;0;0;0;0;0;1;0;35;0;34;2;0;0;1;1;0;0;0;0;0;34;0;0;9;2;1;2;0;1;0;0;0;0;0;1;0;0;0;0;73;3;2;1;2;0;0;0;12;0;1;1;0;8;0;0;0;0;1;0;0;0;0;0;0;0;0
5;"Świetlica wiejska w Grochowej, Grochowa 43, 57-256 Bardo";22401;"gm. Bardo";"ząbkowicki";"dolnośląskie";1;1;3;0;0;0;0;0;0;0;0;0;0;0;0;0;0;0;4;11;0;0;1;0;11;0;1;0;0;1;0;0;1;1;3;0;0;0;0;0;0;0;0;0;0;0;0;0;0;0;29;1;13;1;0;0;0;0;0;0;0;0;0;5;0;0;3;0;0;1;0;0;0;0;0;2;0;0;0;0;0;1;25;0;1;0;3;0;0;0;0;0;0;0;0;4;0;1;0;0;0;1;0;0;0;0;0;0;0
6;"Świetlica wiejska w Potworowie, Potworów 18, 57-256 Bardo";22401;"gm. Bardo";"ząbkowicki";"dolnośląskie";1;1;1;1;0;0;0;0;0;0;0;0;0;1;0;0;0;0;3;6;0;1;3;0;8;0;0;0;1;0;0;0;0;1;1;0;0;0;1;0;1;0;1;0;0;0;0;0;2;0;13;0;14;1;2;0;0;0;0;1;0;0;1;21;1;0;5;2;0;0;0;0;1;1;0;0;0;0;1;1;0;0;29;0;0;1;0;0;0;0;0;0;0;0;0;2;0;0;3;0;1;0;0;0;0;0;0;0;1
7;"Świetlica wiejska w Dzbanowie, Dzbanów 4, 57-256 Bardo";22401;"gm. Bardo";"ząbkowicki";"dolnośląskie";1;1;0;0;0;0;1;0;0;0;0;0;0;0;1;0;0;1;5;4;2;0;0;2;2;2;0;0;0;0;0;1;1;0;9;3;0;0;3;1;0;0;0;0;0;0;0;1;1;0;23;1;31;6;0;0;0;0;0;0;1;0;0;10;10;1;6;3;1;0;0;0;2;2;0;1;0;0;0;1;0;0;43;1;0;1;0;0;2;0;0;0;0;0;0;0;0;0;0;0;0;1;0;0;0;0;0;0;0
8;"Punkt Obsługi Ruchu Turystycznego, Opolnica 32 A, 57-256 Bardo";22401;"gm. Bardo";"ząbkowicki";"dolnośląskie";1;1;0;2;0;0;0;0;0;2;0;0;0;0;0;0;0;0;11;1;0;1;0;0;1;2;3;0;0;0;0;0;0;2;2;3;0;0;0;0;0;0;0;0;1;0;0;0;1;0;19;3;19;0;0;0;0;1;1;0;0;0;1;5;1;1;4;0;1;0;0;0;0;0;1;0;0;0;0;0;0;1;34;3;3;1;0;1;0;0;1;0;0;0;1;0;0;0;4;0;0;0;0;0;0;0;0;0;0
1;"Zespół Szkolno-Przedszkolny, ul. Szkolna 2, 57-211 Ciepłowody";22402;"gm. Ciepłowody";"ząbkowicki";"dolnośląskie";1;1;0;0;0;0;0;0;0;1;0;0;0;0;0;0;1;0;8;13;1;2;1;5;6;2;1;0;2;0;4;0;0;2;6;0;0;0;2;1;2;0;0;2;2;0;0;0;0;0;52;4;13;1;2;3;2;0;1;0;0;0;0;3;2;0;3;2;1;0;2;0;0;1;0;0;0;0;0;0;1;1;50;5;5;1;4;1;4;3;0;0;0;0;0;1;1;1;1;1;0;0;0;0;1;0;0;0;0
2;"Sala Widowiskowa GOKiP, pl. Plac A. Mickiewicza 2, 57-211 Ciepłowody";22402;"gm. Ciepłowody";"ząbkowicki";"dolnośląskie";1;1;4;2;1;0;0;0;0;0;1;1;0;0;1;0;1;0;32;8;0;3;7;2;14;6;11;0;0;1;3;0;1;2;11;8;1;2;4;1;2;4;0;0;2;0;0;1;1;0;125;16;75;1;6;5;2;1;1;3;3;1;0;4;15;1;18;4;4;0;0;1;0;3;0;3;0;0;1;0;2;2;87;9;8;0;10;0;8;1;2;1;3;1;0;0;2;0;10;0;0;0;0;0;1;1;1;0;0
3;"Świetlica Wiejska, Stary Henryków 46, 57-210 Henryków";22402;"gm. Ciepłowody";"ząbkowicki";"dolnośląskie";1;1;5;0;1;0;1;1;0;3;0;0;0;0;0;0;0;0;11;4;7;1;1;2;6;2;1;0;0;1;3;1;0;6;4;5;5;0;0;0;1;0;0;0;0;0;0;1;0;1;94;21;77;3;2;0;3;0;0;1;0;1;0;4;10;1;11;2;4;0;1;1;1;4;1;1;1;1;1;0;1;0;57;9;6;0;5;4;0;5;0;1;0;1;1;0;0;0;6;1;3;1;1;1;0;0;0;0;0
4;"Świetlica Wiejska, Dobrzenice 39, 57-211 Ciepłowody";22402;"gm. Ciepłowody";"ząbkowicki";"dolnośląskie";1;1;1;0;0;0;0;0;0;0;0;0;0;0;0;0;0;0;7;2;4;1;1;2;0;0;1;0;1;0;1;4;0;1;2;1;0;0;3;0;1;0;0;0;0;1;0;0;2;0;59;2;26;0;0;0;0;0;0;2;0;0;1;1;1;0;7;0;3;0;0;1;0;2;1;0;0;0;0;1;2;1;27;3;3;0;2;3;0;6;1;1;0;0;0;0;0;0;3;1;0;1;0;0;0;0;0;0;0
5;"Pałac Tomice Spółka z o. o., Tomice 2, 57-200 Ząbkowice Śląskie";22402;"gm. Ciepłowody";"ząbkowicki";"dolnośląskie";1;1;2;0;0;0;1;0;0;0;0;0;0;0;0;1;0;0;1;1;0;0;0;0;0;0;0;0;0;0;0;0;0;0;0;1;0;0;0;0;0;0;0;0;0;0;0;0;0;0;3;2;1;0;0;0;1;0;0;0;0;0;0;0;0;0;0;0;1;0;0;0;0;0;0;0;0;0;0;0;0;0;2;0;0;0;0;0;0;0;0;0;0;0;0;0;0;0;0;0;0;1;0;0;0;0;0;0;0
1;"Zespół Szkolno-Przedszkolny nr 2, ul. Szkolna 10, 57-230 Kamieniec Ząbkowicki";22403;"gm. Kamieniec Ząbkowicki";"ząbkowicki";"dolnośląskie";1;1;10;1;0;1;0;1;1;0;0;0;0;1;1;0;1;1;25;10;4;0;1;30;6;3;7;1;0;1;1;1;0;4;20;8;1;1;2;0;3;2;1;0;0;1;0;1;2;1;93;7;72;5;3;1;0;3;1;5;2;1;0;1;7;2;31;1;5;1;2;0;0;2;1;2;0;1;1;0;1;2;114;3;6;0;3;1;0;2;109;0;0;0;0;4;0;2;7;1;3;0;0;0;0;1;0;0;0
2;"Gminne Centrum Kultury, ul. Złotostocka 27, 57-230 Kamieniec Ząbkowicki";22403;"gm. Kamieniec Ząbkowicki";"ząbkowicki";"dolnośląskie";1;1;3;0;1;0;1;1;1;2;1;2;0;2;0;1;0;0;17;13;4;2;5;53;5;4;4;0;1;2;2;1;1;2;24;2;0;1;6;0;2;2;1;2;1;0;0;2;2;0;175;4;79;1;1;3;5;2;1;2;4;2;0;3;15;2;13;4;3;0;0;0;1;3;1;0;0;0;3;1;0;3;106;8;6;1;7;0;3;3;41;0;0;1;1;4;2;0;4;0;0;0;0;0;0;4;0;0;0
3;"Budynek Ochotniczej Straży Pożarnej, Ożary 37B, 57-230 Kamieniec Ząbkowicki";22403;"gm. Kamieniec Ząbkowicki";"ząbkowicki";"dolnośląskie";1;1;0;0;0;1;0;0;0;1;0;0;0;1;1;0;0;0;14;4;0;1;1;29;1;0;1;0;0;3;0;0;1;0;5;0;1;0;1;0;0;0;0;0;0;0;0;0;1;0;60;0;33;0;1;0;2;0;0;0;0;0;1;1;6;0;11;2;0;0;0;0;0;3;1;0;0;0;0;0;0;2;52;4;1;1;1;0;0;0;5;0;0;0;0;4;0;0;1;0;0;0;0;0;0;0;0;0;0
4;"Świetlica Wiejska, Topola 64, 57-230 Kamieniec Ząbkowicki";22403;"gm. Kamieniec Ząbkowicki";"ząbkowicki";"dolnośląskie";1;1;0;0;0;1;0;0;0;0;0;0;0;0;2;0;0;0;7;1;2;0;2;23;2;0;2;0;0;0;0;0;1;0;4;4;0;1;3;0;1;0;1;0;0;0;0;0;0;1;68;1;15;3;0;0;1;0;0;2;0;0;0;1;3;1;11;2;0;0;0;0;0;3;0;0;0;0;1;1;1;0;29;5;1;0;4;0;0;0;6;0;0;0;0;4;0;0;4;0;0;0;0;0;0;0;0;0;0
5;"Świetlica Wiejska, Mrokocin 33, 57-220 Ziębice";22403;"gm. Kamieniec Ząbkowicki";"ząbkowicki";"dolnośląskie";1;1;2;0;0;0;0;0;0;0;1;0;0;1;0;0;0;0;5;3;2;1;0;8;3;3;0;0;0;0;3;0;1;0;5;0;0;1;2;1;1;0;0;0;1;0;0;0;0;0;33;3;58;1;3;0;5;1;0;2;0;0;0;1;0;0;4;1;0;0;0;0;0;3;0;0;0;0;0;0;0;0;25;2;6;4;2;3;2;3;3;0;0;1;1;0;0;1;5;0;0;1;0;0;0;0;0;0;0
6;"Filia Biblioteczna i Świetlica Wiejska, Doboszowice 67, 57-230 Kamieniec Ząbkowicki";22403;"gm. Kamieniec Ząbkowicki";"ząbkowicki";"dolnośląskie";1;1;2;0;2;0;0;1;0;1;0;0;0;0;0;0;0;0;7;2;3;0;1;7;3;0;1;0;0;1;0;0;0;3;8;0;1;0;2;2;1;0;0;0;1;0;0;0;0;1;98;7;30;3;2;1;0;2;0;0;0;1;0;1;2;0;7;2;4;2;3;0;0;0;0;2;1;1;1;0;0;0;38;3;2;0;5;0;0;1;5;0;0;0;1;1;1;0;1;0;0;1;0;0;0;0;0;0;0
7;"Świetlica Wiejska, Starczów 47, 57-230 Kamieniec Ząbkowicki";22403;"gm. Kamieniec Ząbkowicki";"ząbkowicki";"dolnośląskie";1;1;7;0;1;0;1;1;0;1;1;1;1;0;0;0;0;0;10;0;1;0;3;10;2;3;1;0;0;0;1;0;2;0;7;2;0;0;2;0;0;1;0;0;1;0;0;0;1;0;60;5;33;4;8;0;0;0;0;0;0;0;1;0;3;0;10;2;4;1;1;0;0;0;0;1;0;0;0;0;0;1;25;2;0;4;0;0;0;1;32;0;0;0;2;1;0;0;2;0;0;0;0;0;0;0;0;0;0
8;"Zespół Szkolno-Przedszkolny nr 1, ul. Zamkowa 4, 57-230 Kamieniec Ząbkowicki";22403;"gm. Kamieniec Ząbkowicki";"ząbkowicki";"dolnośląskie";1;1;2;1;3;0;0;0;0;0;0;0;0;0;0;3;0;0;18;7;1;1;2;39;9;1;2;0;0;0;2;0;0;2;18;6;1;1;1;0;2;2;1;0;0;0;0;0;2;0;67;1;64;1;1;0;3;0;0;1;0;1;1;1;10;1;13;3;1;0;0;1;0;1;1;1;0;0;0;0;0;0;86;9;11;5;3;0;1;2;18;0;1;1;0;6;0;1;3;0;0;0;0;0;0;1;0;0;0
9;"Zespół Szkolno-Przedszkolny nr 1, ul. Zamkowa 4, 57-230 Kamieniec Ząbkowicki";22403;"gm. Kamieniec Ząbkowicki";"ząbkowicki";"dolnośląskie";1;1;2;0;1;0;2;0;3;0;0;1;2;0;0;0;2;0;33;15;3;1;3;47;7;1;6;0;0;3;2;0;1;0;21;4;0;1;3;2;1;1;3;0;2;0;0;0;1;0;101;5;109;2;1;1;1;2;0;1;0;0;2;1;2;3;22;4;3;0;0;1;1;1;0;1;2;0;0;1;2;1;132;6;2;8;1;2;3;2;55;0;1;1;1;6;0;2;4;1;0;1;0;0;1;0;0;0;0
10;"Świetlica Wiejska, Byczeń 18, 57-230 Kamieniec Ząbkowicki";22403;"gm. Kamieniec Ząbkowicki";"ząbkowicki";"dolnośląskie";1;1;0;0;0;0;0;0;0;0;1;0;0;0;0;0;0;0;9;4;0;0;0;7;4;0;2;1;1;2;0;0;0;0;3;3;0;0;1;0;1;0;0;0;0;0;0;0;0;0;40;0;26;2;1;0;0;0;0;2;2;0;0;0;2;0;9;1;0;0;0;1;1;0;0;0;0;0;0;0;1;0;21;3;3;0;1;0;0;1;12;0;1;1;0;0;0;0;0;1;0;0;0;1;0;0;0;0;0
1;"Szkoła Podstawowa w Budzowie z filią w Grodziszczu, Budzów 108, 57-214 Budzów";22404;"gm. Stoszowice";"ząbkowicki";"dolnośląskie";1;1;5;0;2;2;0;0;0;0;0;1;0;0;0;0;0;0;19;34;1;1;2;3;1;6;1;0;0;2;1;0;3;3;5;5;0;0;4;0;0;2;0;0;1;0;0;1;3;0;147;11;39;5;0;1;4;1;1;2;0;0;0;9;16;1;11;2;1;1;1;0;0;2;2;1;0;0;0;0;1;4;93;2;8;2;3;1;3;1;4;0;0;0;2;0;0;3;5;0;2;0;1;0;0;0;0;0;0
2;"Szkoła Podstawowa w Budzowie z filią w Grodziszczu, Grodziszcze 4, 58-262 Ostroszowice";22404;"gm. Stoszowice";"ząbkowicki";"dolnośląskie";1;1;6;0;0;1;0;0;0;0;0;0;0;0;0;0;1;0;27;16;3;4;1;3;7;10;17;2;0;0;0;0;7;1;2;6;0;1;2;0;0;0;0;3;1;0;0;0;0;0;76;20;59;12;0;0;3;0;0;2;1;0;2;6;7;0;18;4;3;1;1;0;1;0;0;0;0;0;0;0;1;2;64;2;26;0;3;0;0;2;0;0;0;15;0;6;0;1;1;0;0;0;0;0;3;0;0;0;0
3;"Świetlica Wiejska, Przedborowa 30, 57-208 Przedborowa";22404;"gm. Stoszowice";"ząbkowicki";"dolnośląskie";1;1;13;0;0;0;0;2;0;1;0;0;0;0;0;0;0;0;18;25;6;2;5;5;5;2;8;1;2;2;0;1;2;4;5;4;0;1;0;3;0;0;0;0;1;1;0;0;3;1;124;10;47;3;1;1;1;1;0;1;0;0;0;8;9;0;16;0;0;2;0;0;0;0;0;0;0;0;1;0;2;3;44;2;9;0;7;0;1;3;0;1;0;1;3;0;0;5;5;0;0;0;0;0;0;2;0;0;1
4;"Srebrnogórska Przestrzeń Artystyczna, pl. Plac Wypoczynkowy 4, 57-215 Srebrna Góra";22404;"gm. Stoszowice";"ząbkowicki";"dolnośląskie";1;1;3;0;0;1;0;0;1;2;0;0;0;0;1;0;1;0;21;21;7;1;0;2;0;4;4;0;1;2;0;1;1;3;16;12;2;0;2;1;3;1;0;0;3;0;1;0;2;1;113;8;47;3;2;1;0;1;0;2;2;0;0;2;5;0;18;0;3;0;0;0;0;3;2;1;1;0;1;0;0;1;157;13;14;0;4;8;2;0;2;1;0;3;0;0;0;2;11;0;0;0;0;0;0;0;0;0;0
5;"Świetlica Wiejska, Stoszowice 43, 57-213 Stoszowice";22404;"gm. Stoszowice";"ząbkowicki";"dolnośląskie";1;1;8;2;0;0;0;0;1;0;0;2;0;0;0;0;0;0;18;50;8;1;4;3;7;3;1;0;1;0;0;0;0;5;12;4;0;0;5;1;1;1;0;1;1;0;0;0;2;0;127;3;39;0;0;0;2;1;2;2;2;1;0;2;16;1;11;2;2;2;0;0;1;1;0;1;0;0;0;0;2;2;59;7;8;1;3;1;0;1;2;0;0;1;2;4;0;0;6;0;1;0;0;0;0;0;0;0;1
6;"Świetlica Wiejska w Lutomierzu, Lutomierz 41, 57-213 Stoszowice";22404;"gm. Stoszowice";"ząbkowicki";"dolnośląskie";1;1;3;0;2;0;0;0;0;0;0;0;0;0;0;0;0;1;12;12;1;1;0;4;4;3;1;1;0;2;1;0;0;4;1;3;0;0;0;0;0;0;0;0;3;1;0;0;0;0;28;3;23;1;0;1;0;0;0;1;0;0;1;1;8;0;7;1;0;0;0;0;0;0;0;0;1;0;1;0;0;0;12;6;1;0;1;0;0;0;3;0;0;0;0;0;0;0;0;0;0;1;0;0;0;0;0;0;1
1;"Centrum Organizacji Pozarządowych, pl. Plac Marii Skłodowskiej-Curie 1, 57-200 Ząbkowice Śląskie";22405;"gm. Ząbkowice Śląskie";"ząbkowicki";"dolnośląskie";1;1;1;0;0;0;0;0;0;2;0;1;0;1;1;0;1;0;14;9;4;0;3;2;6;3;2;0;0;2;0;1;1;5;13;7;0;1;7;5;3;3;0;1;1;0;0;0;0;0;129;4;23;4;4;0;0;0;0;1;1;0;0;1;3;3;11;2;2;1;1;1;0;2;0;1;0;0;1;1;0;1;72;6;4;1;7;0;4;1;5;0;0;3;1;2;0;2;2;0;1;0;0;1;0;0;0;1;0
2;"Specjalny Ośrodek Szkolno-Wychowawczy, ul. Proletariatczyków 9, 57-200 Ząbkowice Śląskie";22405;"gm. Ząbkowice Śląskie";"ząbkowicki";"dolnośląskie";1;1;3;0;1;1;0;1;0;1;0;2;0;0;1;0;1;1;17;14;2;0;3;4;4;0;1;0;0;0;0;0;1;6;13;6;4;0;0;7;1;1;0;0;1;0;0;1;1;1;96;4;23;5;0;0;2;1;0;2;0;0;2;3;3;0;11;3;2;0;1;0;0;1;1;2;0;0;1;0;0;1;99;8;8;3;1;0;1;1;11;0;1;5;1;11;0;1;1;2;1;0;0;0;0;0;0;0;0
3;"Ząbkowickie Centrum Kultury i Turystyki, rynek Rynek 24, 57-200 Ząbkowice Śląskie";22405;"gm. Ząbkowice Śląskie";"ząbkowicki";"dolnośląskie";1;1;1;0;0;0;1;0;0;4;0;0;0;0;0;0;1;0;18;13;3;0;2;5;5;1;6;1;0;0;0;0;0;0;12;6;4;0;2;0;0;4;0;0;0;0;0;0;5;2;136;12;30;4;0;1;5;1;0;1;3;1;1;2;1;1;9;0;4;1;1;0;0;1;1;2;0;0;0;0;0;2;85;13;6;0;3;1;0;1;14;0;1;0;0;3;1;0;1;1;0;1;0;0;0;0;0;0;0
4;"Szkoła Podstawowa nr 1, ul. Krzywa 9, 57-200 Ząbkowice Śląskie";22405;"gm. Ząbkowice Śląskie";"ząbkowicki";"dolnośląskie";1;1;5;0;0;0;0;1;3;1;0;0;0;0;3;0;2;0;17;6;2;0;5;7;5;3;0;0;0;0;0;0;0;1;8;12;1;0;7;4;2;2;0;1;0;0;0;0;2;1;113;7;26;2;0;3;3;1;0;3;1;0;0;4;10;0;12;4;3;2;2;0;1;1;1;3;0;0;0;0;1;1;95;6;1;2;3;0;0;0;8;0;0;3;0;6;1;1;2;1;0;0;0;0;0;0;0;0;0
5;"Świetlica Wiejska, ul. Kamieniecka 35, 57-200 Ząbkowice Śląskie";22405;"gm. Ząbkowice Śląskie";"ząbkowicki";"dolnośląskie";1;1;3;0;1;0;0;0;2;1;0;0;0;0;2;0;3;1;16;19;0;0;1;9;8;2;2;0;1;2;1;0;1;0;10;11;0;0;0;2;3;3;0;0;2;0;0;0;6;1;111;3;10;0;0;2;0;0;0;0;0;0;0;4;2;0;12;5;1;1;0;0;1;3;0;2;0;0;0;0;2;2;117;4;10;4;4;2;0;0;11;0;0;0;0;6;0;2;5;2;0;0;0;0;0;1;1;0;2
6;"Centrum Terapeutyczne, ul. 1 Maja 15c, 57-200 Ząbkowice Śląskie";22405;"gm. Ząbkowice Śląskie";"ząbkowicki";"dolnośląskie";1;1;0;1;0;0;0;0;0;2;0;0;0;0;0;1;0;0;25;16;7;1;1;6;6;0;0;2;1;0;0;0;1;1;20;16;4;5;2;2;2;4;0;1;0;0;0;0;5;1;133;4;35;4;0;2;4;0;0;1;0;0;0;3;3;3;13;6;3;0;0;1;0;0;0;3;0;0;1;0;0;0;169;17;15;2;8;3;1;1;13;2;0;1;3;5;0;1;8;0;4;0;0;0;1;0;0;0;2
7;"Szkoła Podstawowa Nr 2, ul. Piastowska 1, 57-200 Ząbkowice Śląskie";22405;"gm. Ząbkowice Śląskie";"ząbkowicki";"dolnośląskie";1;1;4;1;0;3;0;1;0;1;0;0;2;0;1;1;0;1;25;7;1;2;11;3;15;1;1;0;1;2;0;2;0;0;10;8;5;1;3;0;1;1;0;0;1;0;1;0;7;0;149;4;30;1;0;0;1;0;0;0;1;0;1;4;2;1;28;4;1;0;1;0;1;6;0;0;0;0;2;0;1;1;129;18;10;2;2;2;0;0;13;0;1;2;0;15;0;1;3;2;0;1;0;0;0;0;0;0;1
8;"Szkoła Podstawowa nr 2, ul. Piastowska 1, 57-200 Ząbkowice Śląskie";22405;"gm. Ząbkowice Śląskie";"ząbkowicki";"dolnośląskie";1;1;5;1;2;0;0;1;1;1;1;1;0;0;0;0;1;0;28;6;4;0;3;2;8;6;3;1;0;3;0;1;3;1;7;8;4;0;1;2;0;1;0;0;1;1;0;1;4;1;142;8;49;3;1;0;4;0;0;0;0;2;0;1;3;0;14;1;4;0;1;0;0;1;0;0;0;1;1;0;0;0;164;7;10;2;3;2;1;2;13;0;2;2;2;10;0;3;6;0;3;1;0;0;0;0;1;0;0
9;"Zespół Szkół Zawodowych, ul. Wrocławska 17, 57-200 Ząbkowice Śląskie";22405;"gm. Ząbkowice Śląskie";"ząbkowicki";"dolnośląskie";1;1;1;1;0;0;0;1;0;0;0;0;0;0;0;0;1;0;14;5;3;1;4;2;7;1;2;0;0;0;0;0;0;5;23;10;3;1;4;1;0;0;0;0;0;0;0;0;2;0;114;3;21;0;1;0;2;1;0;0;0;0;0;2;4;2;9;2;1;0;0;0;0;1;0;1;0;0;0;0;1;0;162;9;16;0;2;2;0;0;4;0;0;3;1;4;0;0;2;1;0;2;0;0;0;1;0;0;0
10;"Szkoła Podstawowa nr 3, ul. Władysława Orkana 32, 57-200 Ząbkowice Śląskie";22405;"gm. Ząbkowice Śląskie";"ząbkowicki";"dolnośląskie";1;1;7;0;1;0;0;0;0;0;0;2;0;1;1;0;0;0;21;2;5;1;7;7;7;2;3;0;2;1;3;0;0;0;26;15;1;4;8;1;3;3;0;0;4;0;0;1;8;1;168;3;51;3;3;2;2;0;0;1;1;2;0;2;0;1;17;1;2;0;3;1;0;1;1;1;1;0;1;1;1;2;214;18;8;3;8;0;2;2;13;0;1;1;0;10;1;2;4;0;0;0;0;0;0;0;0;0;0
11;"Szkoła Podstawowa nr 3, ul. Władysława Orkana 32, 57-200 Ząbkowice Śląskie";22405;"gm. Ząbkowice Śląskie";"ząbkowicki";"dolnośląskie";1;1;3;0;1;1;1;0;0;0;1;1;0;0;0;0;2;0;28;12;6;1;10;2;6;1;3;1;2;1;0;0;0;1;26;9;2;4;5;2;2;2;0;1;2;0;0;2;3;0;144;2;44;1;2;1;0;0;0;3;0;1;0;7;4;1;16;3;5;1;0;2;0;4;0;0;0;0;0;0;0;2;194;19;9;0;5;4;1;2;7;3;1;1;1;6;0;3;3;3;0;1;0;0;0;0;0;0;0
12;"Szkoła Podstawowa Nr 3 (budynek byłego Publicznego Gimnazjum nr 1), ul. Powstańców Warszawy 8B, C, 57-200 Ząbkowice Śląskie";22405;"gm. Ząbkowice Śląskie";"ząbkowicki";"dolnośląskie";1;1;7;2;4;0;2;0;0;2;0;3;0;0;0;0;1;0;15;15;2;2;2;5;15;2;4;0;1;2;0;2;1;3;42;19;2;3;7;0;1;0;0;0;1;0;0;0;5;4;269;5;31;1;1;0;5;0;0;3;1;0;0;3;3;2;19;0;0;2;1;0;2;5;1;2;0;0;2;0;1;1;193;17;14;6;1;0;1;2;8;1;1;1;1;5;0;0;1;2;0;1;0;0;2;0;0;0;0
13;"Szkoła Podstawowa Nr 3 (budynek byłego Publicznego Gimnazjum nr 1), ul. Powstańców Warszawy 8B, C, 57-200 Ząbkowice Śląskie";22405;"gm. Ząbkowice Śląskie";"ząbkowicki";"dolnośląskie";1;1;7;2;1;1;0;0;0;0;0;0;0;1;0;0;2;1;44;20;11;0;8;5;12;2;7;0;2;1;0;0;2;5;28;29;1;1;8;3;2;3;0;0;1;0;0;1;16;1;213;5;21;4;0;0;1;1;1;0;5;0;0;0;3;0;19;5;4;0;0;2;1;8;0;4;0;0;2;0;0;3;327;13;14;8;4;3;4;4;25;1;0;2;0;9;1;3;8;0;0;0;1;1;0;0;0;0;0
14;"Świetlica Wiejska, Stolec 93, 57-200 Ząbkowice Śląskie";22405;"gm. Ząbkowice Śląskie";"ząbkowicki";"dolnośląskie";1;1;4;0;0;0;0;0;2;1;1;0;0;0;0;0;2;0;15;12;5;1;4;6;11;0;1;0;0;1;1;0;0;5;6;5;1;0;2;0;0;0;0;0;1;0;0;0;1;1;192;1;21;4;1;0;1;1;0;1;0;0;0;3;1;0;15;4;4;2;2;0;1;0;3;1;1;0;0;0;1;1;99;6;5;2;2;0;2;0;9;1;0;0;0;42;0;2;7;0;0;0;0;0;1;0;0;0;0
15;"Świetlica Wiejska, Zwrócona 20, 57-200 Ząbkowice Śląskie";22405;"gm. Ząbkowice Śląskie";"ząbkowicki";"dolnośląskie";1;1;1;2;0;0;0;0;0;2;0;1;0;0;1;0;0;0;18;16;7;2;6;5;8;1;5;0;0;1;0;0;1;1;15;1;2;1;0;2;1;0;0;0;0;0;0;0;4;1;146;5;16;3;0;1;1;0;0;1;1;0;1;1;5;0;24;8;1;0;1;2;1;6;1;2;1;0;0;0;3;0;103;17;6;1;5;1;2;1;8;2;1;1;1;0;0;1;4;0;0;0;0;0;0;0;1;0;0
16;"Budynek Wielofunkcyjny, Braszowice 61A, 57-200 Ząbkowice Śląskie";22405;"gm. Ząbkowice Śląskie";"ząbkowicki";"dolnośląskie";1;1;1;1;1;0;2;0;0;1;0;3;0;1;0;1;1;1;26;11;2;1;2;7;25;2;2;0;0;0;2;0;2;3;8;8;1;2;2;1;2;1;1;1;0;1;1;0;7;1;261;2;34;3;1;0;1;1;1;1;2;0;1;7;3;0;23;2;4;1;0;1;0;1;2;1;1;0;0;2;1;0;152;5;4;2;0;1;1;1;12;0;0;0;2;4;0;0;4;0;0;0;0;0;0;0;1;1;0
17;"Remiza Strażacka, Tarnów 29A, 57-200 Ząbkowice Śląskie";22405;"gm. Ząbkowice Śląskie";"ząbkowicki";"dolnośląskie";1;1;4;0;2;0;0;2;0;1;0;1;0;1;0;2;3;1;26;18;3;0;24;3;7;1;2;0;0;0;1;0;0;3;14;7;4;2;2;0;1;1;0;1;1;0;0;1;2;0;200;3;27;5;0;1;2;0;0;0;1;0;0;0;4;0;20;4;4;0;0;0;0;5;0;0;0;0;0;1;5;2;144;10;1;2;3;0;0;1;4;0;0;0;0;12;0;2;6;0;0;2;0;0;0;0;0;0;0
18;"Świetlica Wiejska, Brodziszów 28, 57-200 Ząbkowice Śląskie";22405;"gm. Ząbkowice Śląskie";"ząbkowicki";"dolnośląskie";1;1;2;0;0;0;0;0;1;0;0;0;0;0;0;0;1;0;20;6;2;0;7;3;3;0;5;0;1;3;1;0;1;2;2;1;2;0;0;3;0;0;1;0;0;0;0;0;2;0;75;4;15;5;0;0;1;0;1;1;1;0;0;2;3;0;11;1;1;1;2;3;2;2;0;0;0;0;2;0;1;1;55;2;18;2;1;1;0;1;8;0;0;1;0;0;0;1;3;0;0;0;0;0;0;0;0;1;0
19;"Świetlica Wiejska, Sulisławice 12, 57-200 Ząbkowice Śląskie";22405;"gm. Ząbkowice Śląskie";"ząbkowicki";"dolnośląskie";1;1;0;1;1;0;0;0;0;0;0;0;0;0;0;0;0;0;8;7;3;1;5;1;5;1;2;0;0;4;0;1;1;3;5;4;2;0;2;1;3;0;1;0;1;0;0;0;0;0;146;7;28;1;4;0;0;0;1;0;0;0;0;3;1;0;8;1;2;0;0;0;2;0;0;3;0;0;0;0;0;0;62;0;3;0;3;0;0;0;6;0;2;1;0;2;0;0;2;2;0;0;0;0;0;0;0;0;0
20;"Świetlica Wiejska, Bobolice 23, 57-200 Ząbkowice Śląskie";22405;"gm. Ząbkowice Śląskie";"ząbkowicki";"dolnośląskie";1;1;1;0;0;0;0;0;1;1;0;2;0;0;0;0;4;1;12;5;0;1;1;3;15;1;0;0;1;0;0;0;0;3;6;6;0;0;5;0;0;1;0;0;1;0;0;0;2;0;155;5;23;9;1;0;2;1;0;0;0;0;2;1;1;0;10;2;2;0;2;0;1;1;0;0;0;0;0;0;0;2;71;3;7;1;1;0;0;1;3;0;0;0;0;2;0;0;2;0;0;1;0;0;0;0;0;0;0
21;"Dom Pomocy Społecznej, ul. Szpitalna 3, 57-200 Ząbkowice Śląskie";22405;"gm. Ząbkowice Śląskie";"ząbkowicki";"dolnośląskie";1;1;2;1;1;0;1;0;0;0;0;0;0;1;1;0;0;0;1;1;0;0;0;0;1;0;0;0;0;0;0;0;0;0;0;0;0;0;0;0;0;0;1;0;0;0;0;0;0;0;6;1;3;0;1;0;2;0;0;1;3;1;0;2;0;0;1;0;0;0;0;0;0;0;0;0;0;0;0;0;0;0;4;0;1;0;0;1;2;1;3;0;0;0;0;1;1;1;2;0;1;0;1;2;0;0;0;0;0
22;"Szpital św. Antoniego w Ząbkowicach Śląskich, ul. Bolesława Chrobrego 5, 57-200 Ząbkowice Śląskie";22405;"gm. Ząbkowice Śląskie";"ząbkowicki";"dolnośląskie";1;1;0;0;0;0;0;0;0;0;0;0;0;0;0;0;0;0;0;0;0;0;1;0;0;0;0;0;0;0;0;0;0;0;0;0;0;0;0;0;0;0;0;0;0;0;0;0;0;0;0;0;1;0;0;0;0;0;0;0;0;0;0;0;0;0;0;0;0;0;0;0;0;0;0;0;0;0;0;0;0;0;0;0;0;0;0;0;0;0;0;0;0;0;0;0;0;0;0;0;0;0;0;0;0;0;0;0;0
23;"Dom Pomocy Społecznej dla osób przewlekle psychicznie chorych w Ząbkowicach Śląskich, ul. Szpitalna 3, 57-200 Ząbkowice Śląskie";22405;"gm. Ząbkowice Śląskie";"ząbkowicki";"dolnośląskie";1;1;0;0;0;0;0;0;0;0;0;0;0;0;0;0;0;0;0;0;0;0;0;0;0;0;0;0;0;0;0;0;0;0;0;0;0;0;0;0;0;0;0;0;0;0;0;0;0;0;1;1;0;0;0;0;0;0;0;0;0;0;0;0;0;0;0;0;1;0;0;0;0;0;0;0;0;0;0;0;0;0;0;0;0;1;0;0;0;0;1;0;0;0;0;0;0;0;0;0;0;0;0;0;0;0;0;0;0
1;"Przedszkole Na Orlej Polanie, ul. Adama Mickiewicza 18, 57-220 Ziębice";22406;"gm. Ziębice";"ząbkowicki";"dolnośląskie";1;1;6;0;3;0;1;0;1;1;0;0;0;0;1;0;2;0;18;3;0;0;2;3;10;1;3;0;0;3;1;0;2;3;7;9;4;1;3;2;7;1;0;0;0;0;0;0;0;1;96;10;74;5;0;4;3;1;0;4;1;1;2;4;22;1;18;3;1;3;3;0;2;2;0;2;2;1;0;1;1;2;130;24;7;1;3;2;0;4;7;0;0;0;1;1;1;8;1;0;0;0;0;0;0;0;0;0;0
2;"Stadion Miejski w Ziębicach, ul. Sportowa 4, 57-220 Ziębice";22406;"gm. Ziębice";"ząbkowicki";"dolnośląskie";1;1;3;0;0;0;1;1;2;1;0;0;2;2;0;1;1;1;22;10;0;2;1;4;6;7;0;1;0;1;1;2;2;2;16;6;3;3;8;1;2;3;0;3;0;2;0;0;2;3;100;6;78;2;4;1;4;0;0;2;5;4;1;3;17;3;13;3;6;3;5;0;2;2;2;1;0;0;0;1;0;0;134;9;4;0;13;0;2;5;8;1;1;0;0;0;1;12;2;0;0;3;0;0;0;0;0;0;0
3;"Urząd Miejski w Ziębicach, ul. Przemysłowa 10, 57-220 Ziębice";22406;"gm. Ziębice";"ząbkowicki";"dolnośląskie";1;1;2;2;0;0;1;0;2;1;0;1;0;0;0;0;2;1;18;7;5;1;2;3;10;8;6;0;1;0;2;0;3;2;13;7;5;0;4;2;1;0;1;0;0;0;0;0;2;1;111;10;54;3;1;1;2;0;0;0;3;2;1;0;29;1;13;1;0;1;1;0;2;0;2;3;1;1;0;2;0;0;103;22;3;1;2;2;1;2;2;1;1;0;2;4;0;13;4;0;0;0;0;0;0;0;0;0;0
4;"Ziębickie Centrum Kultury, ul. Wojska Polskiego 10, 57-220 Ziębice";22406;"gm. Ziębice";"ząbkowicki";"dolnośląskie";1;1;3;4;0;0;0;0;2;1;0;0;0;0;0;1;1;1;15;6;4;2;2;2;11;3;3;0;0;0;0;2;2;3;18;6;1;2;5;0;1;1;0;1;0;1;0;2;0;2;93;17;54;4;1;2;1;0;0;1;1;0;0;0;25;1;6;5;0;0;1;1;2;1;0;4;0;0;1;0;2;0;100;20;1;3;1;1;2;3;4;0;1;0;1;2;1;10;3;0;0;1;0;0;0;1;0;0;1
5;"Miejsko-Gminny Ośrodek Pomocy Społecznej, ul. Wałowa 65, 57-220 Ziębice";22406;"gm. Ziębice";"ząbkowicki";"dolnośląskie";1;1;5;1;0;0;1;0;1;1;0;0;0;0;1;0;2;1;19;1;1;1;1;2;3;3;1;1;0;2;1;1;0;1;14;4;0;1;2;1;1;1;0;0;1;0;0;0;0;0;100;9;44;1;1;2;1;0;1;1;1;2;1;0;22;0;7;7;3;0;2;0;3;0;3;3;3;0;1;0;2;2;107;18;1;0;4;3;4;3;7;0;0;0;0;2;0;10;3;0;1;1;0;0;0;1;0;0;0
6;"Centrum Informacji Turystycznej i Kulturalnej, ul. Grunwaldzka 1, 57-220 Ziębice";22406;"gm. Ziębice";"ząbkowicki";"dolnośląskie";1;1;9;1;2;0;0;1;1;6;1;3;0;0;0;1;2;0;26;13;9;3;2;11;15;4;5;0;1;4;1;2;1;1;20;12;4;1;5;3;1;1;1;0;4;0;1;1;5;2;149;9;91;3;3;3;4;1;0;4;3;0;1;2;21;2;28;6;5;2;4;0;0;0;1;2;0;0;1;0;4;2;155;37;5;2;7;0;1;3;9;0;1;1;1;9;0;15;3;0;2;0;0;0;0;0;0;0;1
7;"Przedszkole Miejskie Nr 1 w Ziębicach, ul. Klasztorna 6, 57-220 Ziębice";22406;"gm. Ziębice";"ząbkowicki";"dolnośląskie";1;1;3;1;0;0;1;1;0;3;0;0;0;0;0;0;0;0;16;3;3;0;2;2;4;3;2;0;0;0;0;0;5;4;4;4;0;0;4;2;1;2;0;2;0;0;0;0;1;3;64;9;41;0;1;1;3;0;1;3;2;0;0;3;10;0;10;1;1;0;1;0;3;1;1;0;0;0;0;0;0;0;69;14;7;0;1;1;0;1;1;0;1;0;0;2;1;11;4;1;1;1;0;0;0;0;0;0;0
8;"Świetlica Wiejska w Rososznicy, Rososznica 49a, 57-224 Ziębice";22406;"gm. Ziębice";"ząbkowicki";"dolnośląskie";1;1;1;0;0;0;0;0;0;1;0;2;0;0;0;0;0;2;3;8;0;0;1;3;6;1;0;0;0;0;0;0;0;1;2;0;0;0;0;0;1;0;0;0;0;0;0;0;2;1;47;2;12;2;0;0;0;0;0;1;1;0;1;0;4;0;2;0;1;1;1;0;0;0;0;0;1;0;0;0;1;1;30;0;1;1;1;0;0;0;1;0;0;0;0;0;0;0;1;0;0;0;0;0;0;0;0;0;1
9;"Świetlica Wiejska w Biernacicach, Biernacice 29, 57-220 Ziębice";22406;"gm. Ziębice";"ząbkowicki";"dolnośląskie";1;1;0;0;0;0;0;0;0;1;0;0;0;0;0;0;1;0;11;7;4;2;2;0;6;5;3;0;0;0;1;0;2;2;4;7;1;0;4;2;0;1;0;0;1;0;0;0;1;1;56;2;22;1;1;0;1;0;1;0;0;0;0;1;7;1;6;1;1;1;1;1;1;1;1;2;0;0;1;0;2;0;40;12;1;1;1;0;0;1;0;0;1;0;0;1;0;1;0;0;1;1;0;0;0;0;2;0;0
10;"Świetlica Wiejska w Nowym Dworze, Nowy Dwór 40, 57-210 Ziębice";22406;"gm. Ziębice";"ząbkowicki";"dolnośląskie";1;1;0;0;0;0;0;0;0;0;0;0;0;0;0;0;1;0;2;0;2;0;0;0;0;0;3;0;0;0;0;0;1;2;0;1;0;0;1;2;1;0;0;0;0;0;0;0;0;0;43;11;25;0;0;1;0;0;1;1;1;0;0;4;6;0;4;1;1;2;0;0;0;0;4;0;0;0;0;0;0;0;12;4;1;0;0;0;0;0;1;0;0;0;1;0;1;0;2;0;0;0;1;1;0;0;0;0;0
11;"Przedszkole Publiczne w Henrykowie Oddział w Wadochowicach, Wadochowice 27, 57-210 Ziębice";22406;"gm. Ziębice";"ząbkowicki";"dolnośląskie";1;1;1;1;0;0;0;0;0;0;0;2;0;0;0;0;1;1;20;7;2;0;4;11;8;3;5;0;1;1;0;0;1;0;5;3;1;0;5;1;0;0;2;0;1;0;0;0;0;0;68;3;50;5;1;1;3;0;0;3;2;2;1;0;11;0;9;1;3;2;0;0;0;0;0;1;1;0;0;0;1;0;31;2;2;3;2;3;1;0;1;0;1;3;1;1;0;1;3;1;0;0;0;0;0;0;0;0;0
12;"Niepubliczna Szkoła Podstawowa w Lubnowie, Lubnów 42, 57-223 Ziębice";22406;"gm. Ziębice";"ząbkowicki";"dolnośląskie";1;1;3;1;0;1;0;1;0;0;0;0;0;0;0;0;0;0;8;10;2;1;2;1;4;3;1;1;2;0;0;0;0;0;5;1;0;1;0;0;1;2;0;1;0;1;0;0;0;0;39;11;53;2;1;2;3;1;2;0;0;0;0;0;8;0;6;2;0;0;1;0;3;0;1;1;0;0;0;0;2;0;61;6;2;0;0;1;0;1;3;1;0;0;0;0;0;1;0;3;0;0;0;0;0;0;0;0;0
13;"Świetlica Wiejska w Niedźwiedziu, Niedźwiedź 93c, 57-222 Ziębice";22406;"gm. Ziębice";"ząbkowicki";"dolnośląskie";1;1;1;0;0;0;0;0;0;0;0;1;0;0;0;1;1;0;9;11;1;1;1;3;2;2;4;0;1;1;0;0;2;2;4;7;1;0;2;0;2;0;1;1;2;1;0;0;0;2;76;6;46;1;2;3;4;1;0;1;0;1;0;0;3;1;8;3;1;0;1;0;1;1;0;0;0;0;0;0;1;1;36;4;0;0;1;0;0;0;0;0;3;0;2;0;0;3;3;0;0;0;0;0;0;0;0;0;0
14;"Świetlica Wiejska w Starczówku, Starczówek 39, 57-222 Ziębice";22406;"gm. Ziębice";"ząbkowicki";"dolnośląskie";1;1;6;0;0;0;0;0;1;3;0;0;0;0;0;0;1;0;7;6;2;0;0;2;1;2;1;0;0;1;1;0;1;0;5;5;0;1;3;0;1;2;0;0;1;0;0;1;0;1;73;3;35;9;1;1;0;0;0;0;0;0;0;3;6;0;8;0;2;0;1;0;0;1;0;1;0;1;1;0;0;0;31;4;1;1;3;0;0;0;0;2;0;0;0;0;0;6;2;0;0;0;0;0;0;0;0;0;0
15;"Świetlica Wiejska w Pomianowie Dolnym, Pomianów Dolny 81A, 57-223 Ziębice";22406;"gm. Ziębice";"ząbkowicki";"dolnośląskie";1;1;4;0;1;1;0;0;0;0;0;0;1;1;0;0;0;0;13;4;1;1;0;4;2;4;2;0;0;0;5;1;2;2;6;2;0;1;2;2;0;0;0;0;0;0;0;0;1;0;60;8;56;2;2;1;3;0;0;6;0;0;0;0;13;1;6;0;0;0;1;0;2;0;0;0;0;0;0;0;1;1;29;2;5;1;2;0;1;1;6;1;1;0;0;0;1;1;0;1;0;0;0;0;0;0;0;0;0
16;"Świetlica Wiejska w Czerńczycach, Czerńczyce 28c, 57-221 Ziębice";22406;"gm. Ziębice";"ząbkowicki";"dolnośląskie";1;1;0;0;0;0;0;0;0;0;0;0;0;0;0;0;2;0;5;6;2;0;0;1;8;0;1;0;0;0;0;0;2;2;1;0;0;0;2;1;0;0;0;0;0;0;0;1;0;0;48;2;14;0;0;0;5;0;0;2;0;0;0;0;4;0;3;2;0;0;0;0;0;1;1;0;0;0;0;0;0;0;27;1;4;1;0;0;0;1;0;0;0;3;0;0;0;0;0;0;0;0;0;1;0;0;0;0;2
17;"Ochotnicza Straż Pożarna w Henrykowie, ul. Słoneczna 7, 57-210 Henryków";22406;"gm. Ziębice";"ząbkowicki";"dolnośląskie";1;1;8;0;1;0;1;1;3;0;0;3;0;0;1;1;3;0;41;10;7;5;1;5;3;8;1;1;0;3;1;3;2;3;18;6;0;1;2;2;3;1;0;0;3;1;0;2;2;0;91;12;75;3;1;0;0;0;1;4;1;1;0;2;53;1;13;2;3;3;1;0;0;4;5;0;0;1;1;0;1;1;120;19;5;0;6;4;1;0;2;1;1;2;0;0;0;3;8;2;1;1;0;2;0;1;0;0;0
18;"Świetlica Wiejska w Wigańcicach, Wigańcice 62a, 57-220 Ziębice";22406;"gm. Ziębice";"ząbkowicki";"dolnośląskie";1;1;2;1;2;0;0;1;0;0;1;1;0;0;0;0;0;0;6;3;0;1;3;5;4;5;3;5;1;2;1;0;2;0;4;4;0;0;1;1;1;2;1;1;4;1;0;0;0;0;78;3;45;2;4;1;5;0;1;2;1;1;0;1;18;1;13;0;1;1;0;0;1;2;2;2;0;0;0;0;0;2;50;4;5;1;2;1;0;3;3;0;0;1;2;0;0;6;0;0;1;0;1;0;0;0;0;0;0
19;"Świetlica Wiejska w Dębowcu, Dębowiec 26B, 57-220 Ziębice";22406;"gm. Ziębice";"ząbkowicki";"dolnośląskie";1;1;0;0;3;1;0;0;1;0;0;0;0;0;1;0;0;0;9;1;2;1;0;7;2;0;3;1;0;0;0;2;2;0;5;7;0;0;1;0;0;0;0;0;0;0;0;0;1;0;46;7;22;1;2;0;2;0;0;3;2;1;0;0;18;4;4;3;1;0;1;0;0;3;1;0;0;0;0;0;0;0;44;8;3;0;7;1;0;1;1;0;1;0;1;0;0;2;2;1;1;0;0;0;0;0;0;0;0
20;"Świetlica Wiejska w Niedźwiedniku, Niedźwiednik 66, 57-224 Ziębice";22406;"gm. Ziębice";"ząbkowicki";"dolnośląskie";1;1;0;0;0;0;0;0;0;1;0;0;0;0;0;0;0;0;6;4;1;1;2;2;3;1;3;0;0;0;0;1;0;0;2;1;0;2;2;0;1;0;0;0;0;1;0;1;1;2;60;2;13;5;0;0;0;2;0;2;1;0;0;1;2;0;4;1;1;0;1;0;1;0;0;0;0;0;0;1;1;1;41;4;1;1;0;1;0;0;15;0;1;0;0;5;0;4;0;0;0;0;0;0;0;1;0;0;0
21;"Świetlica Wiejska w Krzelkowie, Krzelków 16, 57-210 Ziębice";22406;"gm. Ziębice";"ząbkowicki";"dolnośląskie";1;1;0;1;0;1;0;1;0;1;0;0;0;0;1;0;0;0;3;7;0;0;1;0;0;2;4;0;0;1;0;1;2;5;9;1;0;1;1;0;2;0;0;0;0;0;0;0;0;3;65;6;46;1;1;0;0;1;0;2;3;0;0;0;18;2;6;2;0;0;3;0;0;1;0;3;0;0;0;0;2;1;33;4;0;0;0;0;1;0;6;0;1;1;1;0;0;1;1;0;0;0;0;0;0;0;0;0;0
22;"Świetlica Wiejska w Bożnowicach, Bożnowice 41a, 57-210 Ziębice";22406;"gm. Ziębice";"ząbkowicki";"dolnośląskie";1;1;0;0;0;0;0;1;0;0;0;0;0;0;0;0;0;0;8;3;4;0;2;3;5;4;1;0;0;3;0;1;1;1;0;4;0;0;0;0;0;0;0;0;0;0;0;1;0;0;70;1;22;0;0;0;2;0;1;1;1;0;0;0;4;0;5;1;1;0;0;1;1;0;0;0;0;0;0;0;0;0;11;3;2;0;3;7;0;0;1;0;1;0;0;0;0;2;2;0;1;0;0;1;0;0;0;0;0
23;"Dom Pomocy Społecznej w Ziębicach, ul. Kościelna 10-12, 57-220 Ziębice";22406;"gm. Ziębice";"ząbkowicki";"dolnośląskie";1;1;1;0;0;0;0;0;0;0;0;0;1;0;0;0;0;0;0;0;0;0;1;0;0;0;0;0;0;0;0;0;0;0;0;0;1;0;0;0;0;0;0;0;0;0;0;0;0;0;8;3;2;1;2;2;2;0;2;4;0;0;0;2;0;2;0;0;0;0;0;0;0;0;0;0;0;0;0;0;0;0;3;0;0;0;0;0;0;0;0;0;0;0;0;0;0;0;0;1;0;1;0;0;0;1;0;0;0
24;"Dom Opieki Św. Jadwigi Śląskiej Caritas Archidiecezji Wrocławskiej w Henrykowie, pl. Plac Cystersów 4D, 57-210 Henryków";22406;"gm. Ziębice";"ząbkowicki";"dolnośląskie";1;1;0;0;0;0;0;0;0;0;0;0;0;0;0;0;0;0;1;0;0;0;0;0;0;0;0;0;0;0;0;0;0;0;0;0;0;0;0;0;0;0;0;0;1;0;0;0;0;0;3;0;1;0;0;0;1;1;1;3;0;0;0;0;1;0;0;0;0;0;0;0;0;0;0;0;0;1;0;0;0;0;0;0;0;0;1;0;2;0;0;0;0;0;0;0;0;0;1;0;1;0;1;0;0;0;0;0;0
25;"PHM Sp. z o. o. Oddział Terenowy Ziębice, ul. Kolejowa 29, 57-220 Ziębice";22406;"gm. Ziębice";"ząbkowicki";"dolnośląskie";1;1;0;0;0;0;0;0;1;0;0;0;0;0;0;0;0;0;0;0;1;0;3;0;0;0;0;0;1;0;0;0;0;0;1;0;0;0;0;0;0;0;0;0;0;0;0;0;0;0;10;2;4;1;1;0;2;0;0;0;0;1;0;0;1;0;0;0;0;0;0;0;0;0;0;0;0;0;0;1;0;0;7;0;1;0;0;0;0;0;0;0;0;0;0;0;0;0;0;0;0;0;0;0;0;0;0;0;0
26;"Dom Pomocy Społecznej „Złota Jesień”, ul. Wałowa 44B, 57-220 Ziębice";22406;"gm. Ziębice";"ząbkowicki";"dolnośląskie";1;1;0;0;0;0;0;0;0;0;0;0;0;0;0;0;0;0;2;0;0;0;0;0;0;0;0;0;0;0;0;0;0;0;0;0;0;0;0;0;0;0;0;0;0;0;0;0;0;0;2;0;7;0;1;0;0;1;0;0;0;1;0;0;1;0;0;0;0;0;0;0;0;0;0;0;0;0;0;0;0;0;3;1;1;0;0;0;0;0;0;0;0;0;0;0;0;0;0;0;0;0;0;0;0;0;0;0;0
1;"Szkoła Podstawowa, ul. Chemików 8, 57-250 Złoty Stok";22407;"gm. Złoty Stok";"ząbkowicki";"dolnośląskie";1;1;3;0;1;0;0;0;0;0;1;0;0;1;3;1;0;0;19;13;7;3;1;5;11;2;1;0;1;0;2;0;2;0;13;5;1;1;2;2;0;2;0;0;0;2;0;2;1;0;57;2;63;2;3;2;2;0;0;2;0;0;0;6;12;0;6;5;1;1;0;1;0;2;1;0;0;0;0;0;1;0;103;6;6;0;2;0;0;1;5;0;0;1;1;6;0;0;5;1;0;0;0;0;0;0;0;0;1
2;"Szkoła Podstawowa, ul. Chemików 8, 57-250 Złoty Stok";22407;"gm. Złoty Stok";"ząbkowicki";"dolnośląskie";1;1;3;0;0;0;0;0;1;0;0;0;0;0;6;0;2;0;12;11;1;1;2;12;10;4;2;0;0;1;1;3;3;0;8;5;2;2;1;0;1;1;0;0;0;0;0;0;0;0;66;4;58;7;3;2;0;0;0;3;1;1;0;2;14;3;12;2;4;1;2;0;1;0;0;0;0;0;0;0;1;1;99;2;6;1;4;0;0;2;3;0;1;0;3;4;0;1;5;0;1;0;0;0;0;0;0;0;1
3;"Szkoła Podstawowa, ul. Chemików 8, 57-250 Złoty Stok";22407;"gm. Złoty Stok";"ząbkowicki";"dolnośląskie";1;1;2;0;0;0;0;0;0;2;0;0;0;0;7;0;0;0;15;11;2;2;4;6;10;2;1;0;0;0;0;2;0;2;30;12;2;1;2;1;2;1;1;0;1;0;0;1;5;1;72;0;62;5;3;1;1;2;0;1;0;1;0;6;12;0;13;1;6;1;0;0;1;0;2;0;0;0;0;0;1;1;147;3;3;0;1;0;1;2;3;1;2;0;3;2;0;2;7;0;0;0;2;0;0;0;0;0;0
4;"Świetlica Wiejska, Płonica 28, 57-250 Złoty Stok";22407;"gm. Złoty Stok";"ząbkowicki";"dolnośląskie";1;1;2;0;0;0;0;0;0;0;0;0;0;0;0;0;0;0;3;3;0;1;1;2;2;0;0;0;0;0;0;0;0;1;4;1;0;0;2;0;1;0;1;0;0;0;0;0;0;0;35;3;36;1;1;0;1;0;0;0;0;1;0;1;1;0;3;0;3;1;0;1;0;0;0;0;0;0;0;1;0;0;33;0;0;1;2;0;0;0;2;0;0;0;2;2;2;2;1;1;0;0;0;0;0;0;0;0;0
5;"Świetlica Wiejska, Mąkolno 48a, 57-250 Złoty Stok";22407;"gm. Złoty Stok";"ząbkowicki";"dolnośląskie";1;1;0;0;0;0;0;0;0;1;0;0;0;0;0;0;1;0;7;8;2;1;0;0;3;1;3;0;0;0;0;0;0;0;8;3;4;0;2;0;1;0;0;0;1;0;1;0;3;0;42;1;46;1;1;2;2;2;0;0;1;0;0;1;6;0;4;1;1;1;1;0;0;1;1;1;2;0;0;2;0;0;53;1;1;0;3;0;0;0;8;0;2;0;1;0;0;1;1;0;0;1;0;0;0;0;0;0;0
6;"Świetlica Wiejska, Chwalisław 50, 57-250 Złoty Stok";22407;"gm. Złoty Stok";"ząbkowicki";"dolnośląskie";1;1;0;0;0;0;0;0;0;0;0;0;0;0;0;0;0;1;10;1;1;0;0;1;0;1;0;0;1;0;0;0;1;0;5;2;0;5;1;0;1;0;0;0;1;0;0;0;0;1;19;1;21;0;0;0;0;1;0;0;0;1;1;0;2;0;0;0;1;0;0;0;0;0;1;0;0;0;0;0;0;0;20;1;2;0;0;0;0;1;1;0;0;0;0;1;0;1;4;0;0;0;1;0;0;0;0;0;0
7;"Świetlica Wiejska, Laski 126, 57-251 Złoty Stok";22407;"gm. Złoty Stok";"ząbkowicki";"dolnośląskie";1;1;1;1;1;0;0;0;0;0;0;1;0;1;0;0;0;1;15;9;2;0;0;2;4;1;2;0;0;0;0;1;0;3;3;2;0;0;1;0;0;1;0;0;0;0;0;0;0;1;69;3;41;4;3;0;0;0;0;2;1;0;0;0;4;1;8;2;3;2;1;0;0;4;1;0;1;0;0;0;0;1;50;3;5;2;2;0;0;3;4;0;0;0;1;3;0;0;0;0;1;1;0;0;1;0;0;0;0
1;"Rada Wspólnoty Samorządowej ""Lubiechów"", ul. Wilcza 12/1, 58-306 Wałbrzych";26501;"m. Wałbrzych";"Wałbrzych";"dolnośląskie";1;1;0;0;1;0;0;0;0;0;0;0;1;0;0;0;0;0;22;0;0;3;0;0;0;2;0;0;0;1;0;1;0;1;9;3;2;0;1;2;0;1;1;0;0;1;1;1;0;0;16;11;31;22;2;1;3;3;1;5;1;1;0;0;21;5;11;2;1;0;0;0;1;1;0;0;3;0;0;0;0;0;32;16;1;6;49;0;1;2;1;4;1;0;0;1;0;14;2;0;0;2;3;0;0;0;0;0;0
2;"Przedszkole Niepubliczne ""Bajkolandia"", ul. Uczniowska 1, 58-306 Wałbrzych";26501;"m. Wałbrzych";"Wałbrzych";"dolnośląskie";1;1;6;2;1;0;0;2;2;0;0;0;0;0;0;0;1;0;127;7;3;17;1;4;0;2;3;0;1;1;3;3;4;3;33;20;14;0;6;4;2;4;4;0;0;0;1;0;0;2;29;16;75;35;2;0;2;2;1;4;1;2;0;1;44;29;31;6;3;0;2;7;1;1;1;0;0;0;1;1;3;2;109;114;6;4;320;3;3;6;1;1;1;0;2;4;1;41;4;0;1;0;0;2;1;0;3;1;2
3;"Przedszkole Niepubliczne ""Bajkolandia"", ul. Uczniowska 1, 58-306 Wałbrzych";26501;"m. Wałbrzych";"Wałbrzych";"dolnośląskie";1;1;0;0;1;1;0;0;3;0;0;0;0;0;0;0;3;0;32;2;4;18;0;1;0;4;2;0;1;0;1;0;1;6;17;16;6;1;1;1;5;2;1;0;2;0;0;1;1;0;21;9;68;22;3;3;2;2;3;4;1;1;0;3;28;13;22;2;5;0;2;2;0;1;1;1;1;0;0;0;0;1;54;56;2;2;129;3;1;5;0;0;2;0;0;0;0;18;1;0;0;2;0;1;0;0;0;1;0
4;"Przedszkole Samorządowe Nr 17 z Oddziałami Integracyjnymi i Specjalnymi, ul. Sosnowa 25a, 58-307 Wałbrzych";26501;"m. Wałbrzych";"Wałbrzych";"dolnośląskie";1;1;8;3;1;0;0;0;3;0;1;0;0;1;0;0;1;1;87;3;4;8;0;3;0;7;2;0;0;1;1;0;1;3;23;21;6;2;3;2;2;3;0;0;2;0;0;1;1;1;42;27;78;53;4;2;5;2;2;7;4;0;3;1;48;22;36;1;8;2;3;3;0;2;1;1;1;0;2;1;0;1;87;102;5;10;225;0;0;4;0;0;0;0;4;5;0;32;5;0;0;3;0;0;0;0;2;0;2
5;"IV Liceum Ogólnokształcące z Oddziałami Integracyjnymi i Sportowymi, ul. Alfreda Sokołowskiego 75, 58-309 Wałbrzych";26501;"m. Wałbrzych";"Wałbrzych";"dolnośląskie";1;1;4;0;1;1;0;2;0;2;0;1;0;0;1;0;1;1;58;4;3;13;1;4;1;5;1;0;0;2;2;1;0;2;32;27;5;0;5;4;2;1;0;0;2;0;0;0;0;2;28;13;62;45;1;0;1;0;0;6;2;1;2;2;54;15;25;1;7;1;1;2;0;1;1;2;1;0;0;0;0;2;69;136;6;6;172;5;1;6;1;0;0;8;1;0;0;44;4;0;0;1;0;1;2;0;1;0;2
6;"Publiczna Szkoła Podstawowa Nr 15, ul. Ludwika Hirszfelda 1, 58-309 Wałbrzych";26501;"m. Wałbrzych";"Wałbrzych";"dolnośląskie";1;1;1;0;2;0;2;1;0;1;0;0;1;0;1;1;2;0;101;7;8;11;0;5;2;7;3;0;1;2;1;2;3;0;48;43;7;1;6;4;3;4;2;1;3;1;1;0;0;3;47;23;156;98;4;2;4;1;8;9;1;3;3;3;97;27;19;8;8;1;4;0;0;1;2;0;2;0;2;0;2;1;131;209;14;14;295;8;5;8;1;1;5;2;0;8;3;49;6;1;2;1;0;0;0;3;0;0;2
7;"Publiczna Szkoła Podstawowa Nr 15, ul. Ludwika Hirszfelda 1, 58-309 Wałbrzych";26501;"m. Wałbrzych";"Wałbrzych";"dolnośląskie";1;1;8;0;0;2;0;2;0;0;0;4;1;0;0;0;0;2;92;3;13;15;2;2;1;11;3;1;0;3;1;1;0;4;45;38;14;1;9;3;4;8;5;2;1;0;1;3;0;1;43;21;133;53;2;4;5;2;2;12;2;7;1;3;94;21;25;3;5;0;0;2;0;1;0;2;4;0;3;0;1;1;123;190;5;8;242;13;2;1;0;0;0;1;0;2;0;80;14;0;0;2;0;2;0;1;0;0;4
8;"Zespół Szkolno-Przedszkolny nr 7, ul. Główna 2, 58-309 Wałbrzych";26501;"m. Wałbrzych";"Wałbrzych";"dolnośląskie";1;1;5;0;0;2;0;1;0;2;1;0;1;2;0;0;1;0;42;11;2;5;0;3;0;5;1;1;1;1;0;1;2;1;35;34;3;0;9;2;0;0;0;0;3;1;1;0;1;3;28;17;93;39;4;1;0;0;0;7;1;2;1;0;60;11;23;0;5;3;3;1;0;0;1;2;2;0;2;0;0;1;61;122;7;1;143;14;1;5;1;1;1;1;0;4;3;39;4;0;0;0;0;0;0;0;1;0;0
9;"Środowiskowy Dom Samopomocy, ul. Czesława Miłosza 15a, 58-309 Wałbrzych";26501;"m. Wałbrzych";"Wałbrzych";"dolnośląskie";1;1;9;1;1;0;0;1;0;0;0;0;1;0;1;1;1;0;75;1;6;7;0;4;2;5;7;0;0;1;0;0;0;3;23;19;3;0;8;2;1;3;1;0;5;1;1;0;3;3;48;36;103;49;4;1;5;3;0;13;3;4;3;0;75;20;16;5;2;1;0;1;0;1;1;5;0;0;5;0;4;1;74;109;4;4;182;6;1;7;0;0;1;1;1;7;0;46;3;1;0;0;0;0;0;1;0;0;0
10;"Środowiskowy Dom Samopomocy, ul. Czesława Miłosza 15a, 58-309 Wałbrzych";26501;"m. Wałbrzych";"Wałbrzych";"dolnośląskie";1;1;5;0;0;0;0;1;1;1;0;0;1;0;0;0;4;1;73;2;1;7;1;2;5;3;2;0;0;4;0;2;3;3;15;20;11;1;9;2;4;2;3;1;0;0;0;2;1;3;42;20;124;54;8;3;4;1;1;8;4;0;3;5;49;8;26;1;4;4;0;1;3;0;2;1;1;0;3;0;2;1;83;128;8;4;166;4;1;10;0;3;0;1;0;3;0;29;3;2;0;0;0;1;1;0;0;1;1
11;"Zespół Szkół Muzycznych, ul. Piętnastolecia 24, 58-309 Wałbrzych";26501;"m. Wałbrzych";"Wałbrzych";"dolnośląskie";1;1;6;1;0;1;0;0;1;1;0;0;2;0;0;0;0;2;38;1;3;6;2;3;0;2;0;0;1;1;0;1;3;4;14;20;4;0;2;0;2;2;0;0;1;0;0;0;2;1;15;11;38;19;3;0;0;1;0;1;1;0;2;0;20;16;16;1;6;0;0;2;0;0;1;0;0;0;1;0;2;0;47;73;3;7;111;8;0;6;0;5;1;0;0;1;0;33;6;0;0;2;0;3;2;0;1;0;0
12;"Zespół Szkolno-Przedszkolny nr 7, ul. Główna 2, 58-309 Wałbrzych";26501;"m. Wałbrzych";"Wałbrzych";"dolnośląskie";1;1;4;0;1;0;1;1;4;0;0;0;0;1;0;0;1;2;76;4;4;4;3;4;0;2;1;1;0;3;2;0;0;2;27;22;7;0;4;0;0;1;1;1;8;0;2;1;0;2;27;14;67;26;6;1;3;0;2;4;1;3;0;0;33;3;18;5;2;0;0;1;1;0;0;0;1;0;2;0;0;2;90;109;5;4;193;10;0;6;2;3;0;0;0;1;0;28;6;1;0;7;0;0;1;0;0;0;0
13;"Zespół Szkół Muzycznych, ul. Piętnastolecia 24, 58-309 Wałbrzych";26501;"m. Wałbrzych";"Wałbrzych";"dolnośląskie";1;1;10;0;1;0;1;0;0;1;1;0;1;2;0;0;1;1;72;5;4;11;3;4;2;3;2;1;0;2;1;1;2;4;8;33;8;3;5;2;3;3;5;0;2;0;2;0;1;3;40;20;80;40;3;1;4;2;1;6;3;2;3;1;42;10;28;5;7;1;3;1;0;0;0;2;1;0;4;1;4;0;82;97;7;5;187;7;2;4;2;0;5;2;0;1;1;35;5;5;0;3;1;1;1;1;1;1;0
14;"Zespół Szkolno-Przedszkolny Nr 6, ul. Grodzka 71, 58-316 Wałbrzych";26501;"m. Wałbrzych";"Wałbrzych";"dolnośląskie";1;1;3;0;1;0;2;1;0;2;1;1;0;0;0;0;0;0;78;4;2;12;1;3;2;2;3;0;0;0;0;2;0;4;23;33;5;1;5;5;2;3;2;2;1;0;0;1;0;3;47;23;96;55;1;1;4;2;1;3;3;3;1;1;47;9;16;1;2;0;2;1;1;1;0;0;2;0;1;0;1;1;107;156;4;6;242;3;0;8;0;2;3;0;2;2;0;57;12;0;3;3;1;2;0;0;0;2;0
15;"Zespół Szkolno-Przedszkolny Nr 6, ul. Grodzka 71, 58-316 Wałbrzych";26501;"m. Wałbrzych";"Wałbrzych";"dolnośląskie";1;1;3;0;0;3;2;0;1;1;0;2;2;1;0;0;3;2;79;6;6;5;2;5;3;6;2;0;0;1;0;1;0;5;28;39;22;0;8;3;2;2;0;0;7;2;0;0;0;4;44;24;126;70;0;1;4;0;5;15;1;3;0;0;87;17;20;2;0;3;1;0;1;1;1;0;1;1;5;1;3;3;99;163;4;15;316;9;0;11;2;3;1;0;2;6;2;74;5;1;0;1;0;0;1;0;1;1;3
16;"Zespół Szkolno-Przedszkolny Nr 6, ul. Grodzka 71, 58-316 Wałbrzych";26501;"m. Wałbrzych";"Wałbrzych";"dolnośląskie";1;1;4;1;1;2;0;0;2;3;1;1;1;0;0;0;4;2;64;8;7;7;2;7;1;8;1;0;1;2;0;0;2;6;33;49;24;3;9;1;3;3;0;1;3;1;1;0;1;3;41;24;88;54;3;1;10;1;1;5;3;1;1;1;86;19;24;9;7;2;4;1;1;0;0;0;2;0;3;0;1;0;80;172;4;6;295;4;0;5;9;0;1;2;2;7;1;55;7;2;1;2;0;0;2;0;0;0;1
17;"Zespół Przedszkoli Samorządowych nr 1, ul. Grodzka 13, 58-316 Wałbrzych";26501;"m. Wałbrzych";"Wałbrzych";"dolnośląskie";1;1;2;3;2;1;1;1;0;1;0;2;0;0;0;0;1;0;76;10;9;13;1;3;1;5;5;0;1;0;0;2;0;3;16;28;14;2;5;0;0;1;2;0;3;0;2;3;0;2;32;26;95;49;3;1;2;1;1;11;4;2;3;3;97;20;10;4;7;2;2;4;1;3;0;0;1;1;4;0;3;1;106;150;4;10;254;4;1;5;1;0;2;1;1;4;1;44;11;2;0;2;1;4;0;0;1;0;1
18;"Zespół Żłobków Samorządowych Nr 2, ul. Kasztelańska 7, 58-316 Wałbrzych";26501;"m. Wałbrzych";"Wałbrzych";"dolnośląskie";1;1;3;0;1;0;0;0;2;1;2;0;0;0;0;0;0;1;60;3;6;9;0;2;3;3;2;0;0;1;0;0;1;4;21;15;7;2;4;1;1;5;4;2;2;1;0;3;1;5;35;11;99;39;3;1;2;1;2;6;4;0;0;0;53;11;11;1;3;2;1;0;0;1;0;0;0;1;4;1;2;0;67;97;6;4;203;5;0;4;1;1;0;0;3;2;2;54;9;1;2;1;0;1;2;0;0;0;1
19;"Zespół Żłobków Samorządowych Nr 2, ul. Kasztelańska 7, 58-316 Wałbrzych";26501;"m. Wałbrzych";"Wałbrzych";"dolnośląskie";1;1;11;1;1;2;3;0;1;1;1;3;1;0;0;0;4;0;84;8;4;14;1;10;0;10;4;0;0;4;1;3;1;6;30;31;7;0;1;4;5;2;3;0;4;0;0;4;0;7;44;17;115;55;4;2;3;0;0;7;0;1;2;4;74;14;25;7;6;3;1;0;0;1;1;1;0;0;2;0;2;3;105;156;8;3;279;12;0;8;0;1;1;1;2;3;1;67;10;2;0;4;0;4;2;1;0;0;0
20;"Publiczna Szkoła Podstawowa z Oddziałami Integracyjnymi Nr 26, ul. Palisadowa 48, 58-316 Wałbrzych";26501;"m. Wałbrzych";"Wałbrzych";"dolnośląskie";1;1;6;0;0;0;0;0;3;2;0;1;1;0;0;0;2;0;73;4;7;18;0;2;1;6;5;2;0;6;1;3;0;2;29;28;10;0;4;0;4;4;0;0;1;2;4;0;1;3;44;26;103;56;3;0;3;0;1;7;2;0;0;2;70;14;29;7;5;1;5;1;0;0;2;1;0;0;2;0;5;0;89;158;3;5;228;7;1;3;0;0;4;2;2;4;0;63;2;0;2;1;0;3;1;0;1;0;1
21;"Publiczna Szkoła Podstawowa z Oddziałami Integracyjnymi Nr 26, ul. Palisadowa 48, 58-316 Wałbrzych";26501;"m. Wałbrzych";"Wałbrzych";"dolnośląskie";1;1;9;0;1;0;0;1;1;1;0;0;0;0;0;0;1;0;110;5;8;6;2;5;1;3;3;3;1;2;4;1;0;7;39;28;8;1;7;4;4;3;2;2;2;0;1;0;0;2;54;27;123;53;3;1;7;1;3;9;3;2;0;2;103;15;25;5;5;0;3;2;1;1;0;2;1;1;3;0;1;0;78;131;5;11;338;7;3;13;0;0;1;0;0;3;0;110;5;1;0;1;1;0;0;0;0;0;1
22;"Publiczna Szkoła Podstawowa z Oddziałami Integracyjnymi Nr 26, ul. Palisadowa 48, 58-316 Wałbrzych";26501;"m. Wałbrzych";"Wałbrzych";"dolnośląskie";1;1;2;2;1;0;1;3;0;3;0;0;1;1;0;1;0;1;66;3;3;1;1;2;0;5;1;0;1;1;0;1;0;1;35;13;3;1;7;3;0;2;0;3;1;0;2;2;2;4;30;19;76;68;2;0;2;3;0;6;2;1;2;3;47;12;18;3;3;2;0;0;0;0;4;0;2;0;3;0;0;1;77;135;4;6;232;7;0;3;0;0;0;0;1;3;2;34;12;2;0;1;1;1;1;0;1;0;0
23;"Publiczna Szkoła Podstawowa z Oddziałami Integracyjnymi Nr 26, ul. Palisadowa 48, 58-316 Wałbrzych";26501;"m. Wałbrzych";"Wałbrzych";"dolnośląskie";1;1;2;0;0;0;1;0;2;1;0;2;1;0;0;0;1;0;67;5;4;7;2;4;0;4;2;0;1;1;1;2;0;0;25;26;3;0;2;1;2;0;4;0;0;1;1;1;0;2;28;27;78;43;2;1;3;2;2;6;0;1;1;0;36;13;13;4;5;0;0;0;0;0;3;2;1;0;2;0;1;2;78;129;4;8;226;5;0;3;1;0;0;0;1;0;1;51;7;0;1;1;0;2;0;0;0;0;1
24;"Politechnika Wrocławska Zamiejscowy Ośrodek Dydaktyczny w Wałbrzychu, ul. Armii Krajowej 78, 58-302 Wałbrzych";26501;"m. Wałbrzych";"Wałbrzych";"dolnośląskie";1;1;4;1;0;0;0;0;0;0;0;0;1;1;2;1;1;0;45;2;4;5;1;5;0;5;1;0;0;0;3;0;1;4;4;10;4;0;1;0;2;0;0;0;2;0;1;1;0;1;23;24;41;38;6;1;1;0;0;3;1;1;0;1;20;6;10;3;2;0;1;1;0;0;0;0;2;0;2;0;0;3;41;35;2;0;98;1;0;11;1;1;2;0;1;0;0;24;5;0;1;1;2;0;0;2;0;0;0
25;"Rada Wspólnoty Samorządowej ""Stary Zdrój"", ul. Armii Krajowej 37, 58-302 Wałbrzych";26501;"m. Wałbrzych";"Wałbrzych";"dolnośląskie";1;1;7;1;1;3;1;0;0;1;1;1;1;1;1;0;2;0;73;6;7;7;1;5;0;11;3;1;5;3;6;0;0;1;24;29;19;1;4;2;5;2;2;2;2;0;3;0;0;5;55;28;92;56;4;2;7;1;1;8;1;2;2;2;52;11;29;0;12;1;5;6;0;0;1;0;1;0;10;1;0;0;87;106;5;7;215;10;2;4;1;0;1;0;2;1;0;48;6;0;0;1;0;0;0;0;0;0;0
26;"Zespół Szkolno-Przedszkolny Nr 3, ul. Tytusa Chałubińskiego 13, 58-302 Wałbrzych";26501;"m. Wałbrzych";"Wałbrzych";"dolnośląskie";1;1;2;1;1;1;0;3;1;0;0;2;0;0;0;0;3;0;58;6;3;5;1;4;0;5;3;1;0;2;1;0;3;2;23;18;11;1;4;1;7;3;1;0;0;2;1;2;0;2;24;18;59;16;1;0;1;1;2;4;1;2;3;2;23;17;24;5;7;1;0;2;0;1;3;1;2;0;4;0;1;1;65;127;3;6;190;4;4;8;0;0;2;0;2;0;0;42;13;0;0;0;1;0;0;0;0;0;0
27;"Zespół Szkolno-Przedszkolny Nr 4, ul. 11 Listopada 75, 58-302 Wałbrzych";26501;"m. Wałbrzych";"Wałbrzych";"dolnośląskie";1;1;7;2;4;2;1;0;0;2;0;0;1;1;2;0;3;0;86;8;5;14;2;6;0;8;3;0;1;2;1;1;2;2;23;25;11;0;1;2;3;1;1;1;0;0;5;2;0;5;59;37;102;48;6;3;4;3;3;8;6;5;0;4;49;8;23;7;2;0;1;1;2;2;1;2;2;0;1;1;2;0;120;122;5;10;218;3;0;3;1;0;1;0;2;1;1;26;6;1;0;2;0;0;0;0;0;0;5
28;"I Liceum Ogólnokształcące z Oddziałami Dwujęzycznymi, ul. Ignacego Paderewskiego 17, 58-301 Wałbrzych";26501;"m. Wałbrzych";"Wałbrzych";"dolnośląskie";1;1;2;0;1;1;0;1;1;0;0;2;0;0;1;0;1;0;55;3;7;7;2;2;0;7;2;0;1;1;1;4;1;3;19;27;5;1;4;2;1;6;1;0;3;0;2;1;0;5;35;33;65;28;2;1;2;0;3;10;4;1;2;0;29;11;14;4;2;2;2;1;0;1;1;2;1;0;6;0;1;1;66;101;7;5;194;9;3;4;0;0;1;0;3;0;0;38;7;0;0;2;0;1;1;0;1;0;0
29;"I Liceum Ogólnokształcące z Oddziałami Dwujęzycznymi, ul. Ignacego Paderewskiego 17, 58-301 Wałbrzych";26501;"m. Wałbrzych";"Wałbrzych";"dolnośląskie";1;1;10;0;0;0;0;0;1;3;1;0;0;0;0;0;0;1;51;3;9;3;0;4;2;3;5;0;1;1;4;2;0;4;16;9;4;0;1;2;1;2;0;0;3;0;4;0;1;1;35;28;56;56;6;0;8;2;2;11;6;2;0;1;37;22;22;6;4;0;4;0;0;1;1;2;1;0;1;0;1;0;61;70;4;3;169;1;0;6;0;2;1;0;0;1;1;21;4;1;0;3;0;0;0;0;0;0;1
30;"Publiczna Szkoła Podstawowa Nr 23, ul. Andrzeja Struga 3, 58-301 Wałbrzych";26501;"m. Wałbrzych";"Wałbrzych";"dolnośląskie";1;1;2;1;0;0;1;0;0;0;0;1;1;0;0;1;0;0;45;2;7;3;1;5;0;0;1;1;0;1;1;0;4;2;26;10;11;1;2;2;2;1;2;2;1;1;3;1;0;1;47;28;83;39;2;3;5;0;2;11;0;2;0;4;29;15;15;3;5;1;2;0;1;0;0;0;6;0;2;0;2;1;63;81;4;2;149;6;0;6;1;1;1;0;0;0;0;12;5;0;0;1;1;0;0;0;0;1;0
31;"Zespół Żłobków Samorządowych Nr 1, ul. Truskawiecka 21, 58-301 Wałbrzych";26501;"m. Wałbrzych";"Wałbrzych";"dolnośląskie";1;1;3;1;0;1;0;0;1;1;1;0;1;0;0;0;1;0;47;1;0;7;1;4;2;5;8;1;1;2;0;0;1;2;14;12;3;1;2;1;0;3;0;0;1;1;1;1;0;3;42;18;72;34;1;0;5;0;1;8;5;3;1;0;20;11;14;1;0;2;2;2;1;1;0;2;1;0;1;0;0;0;61;63;3;3;138;3;2;2;0;0;2;0;2;1;0;14;4;0;1;0;0;2;1;0;0;0;1
32;"Publiczna Szkoła Podstawowa Nr 23, ul. Andrzeja Struga 3, 58-301 Wałbrzych";26501;"m. Wałbrzych";"Wałbrzych";"dolnośląskie";1;1;2;0;0;0;0;0;1;1;0;0;2;0;0;0;0;0;55;5;4;5;3;7;1;6;7;0;0;1;0;0;0;1;24;15;3;0;1;1;3;1;1;3;1;0;2;6;1;2;30;25;35;31;0;0;7;1;2;10;3;3;1;1;35;6;12;4;1;2;2;0;1;1;0;0;0;0;6;1;5;0;51;57;2;3;90;2;1;1;0;0;2;0;1;0;1;18;8;2;1;0;0;2;0;0;0;0;1
33;"Zespół Szkół Nr 7, ul. Kłodzka 29, 58-308 Wałbrzych";26501;"m. Wałbrzych";"Wałbrzych";"dolnośląskie";1;1;3;0;1;0;0;1;0;0;0;2;0;0;0;0;0;1;58;1;4;6;2;2;0;3;1;0;0;0;0;0;0;1;15;17;4;0;2;1;2;0;0;3;2;0;3;2;0;2;21;16;65;22;1;3;3;1;0;11;1;0;3;0;26;15;20;0;4;0;0;1;0;0;2;1;0;0;4;0;1;0;81;94;5;11;129;2;3;1;0;0;0;0;0;1;0;23;8;1;0;0;0;1;0;0;0;1;0
34;"Rada Wspólnoty Samorządowej „Rusinowa, Kozice”, ul. Osiedle Górnicze 48, 58-308 Wałbrzych";26501;"m. Wałbrzych";"Wałbrzych";"dolnośląskie";1;1;4;0;0;0;0;0;1;1;2;0;0;0;0;0;1;0;48;3;1;1;1;2;3;2;2;0;0;1;0;0;2;3;16;15;4;0;2;1;1;2;0;0;0;0;0;1;0;1;33;20;43;24;4;0;6;2;1;8;1;1;2;0;30;30;21;2;1;1;1;0;0;1;0;0;1;0;1;0;2;5;41;61;2;10;121;4;1;5;0;0;1;0;1;0;1;20;10;0;0;0;0;0;0;0;0;0;0
35;"Zespół Szkolno-Przedszkolny Nr 8, ul. Poznańska 8, 58-303 Wałbrzych";26501;"m. Wałbrzych";"Wałbrzych";"dolnośląskie";1;1;5;0;1;0;0;1;0;1;0;3;0;0;1;0;3;1;44;7;6;8;0;6;1;0;3;2;1;0;2;0;8;4;23;16;8;1;2;2;1;1;2;1;1;1;26;3;1;4;38;13;75;22;6;1;5;1;0;30;4;3;1;0;37;15;29;7;3;0;3;1;1;2;6;1;3;0;7;0;4;3;52;46;8;1;193;4;3;4;2;1;0;0;1;1;0;27;5;0;1;1;0;0;1;0;0;0;0
36;"Rada Wspólnoty Samorządowej „Podgórze, Nowy i Stary Glinik” Filia, ul. Glinicka 1, 58-303 Wałbrzych";26501;"m. Wałbrzych";"Wałbrzych";"dolnośląskie";1;1;1;0;0;0;0;0;0;0;0;1;0;0;0;0;1;0;10;1;1;0;0;0;1;1;0;0;0;0;0;0;0;4;1;3;0;0;2;0;0;0;0;0;0;0;4;0;0;0;13;3;17;16;2;1;5;0;0;1;0;0;3;0;9;5;3;1;1;0;0;0;0;1;0;1;0;0;1;0;1;1;12;12;2;1;54;3;1;0;0;0;1;0;1;0;1;11;0;0;0;4;0;0;0;0;0;0;0
37;"Zespół Szkolno-Przedszkolny Nr 8, ul. Poznańska 8, 58-303 Wałbrzych";26501;"m. Wałbrzych";"Wałbrzych";"dolnośląskie";1;1;5;0;2;0;1;2;0;3;0;0;0;0;2;0;3;1;67;7;2;3;1;5;0;4;4;0;2;1;2;2;3;4;24;20;9;0;6;0;2;4;1;0;0;3;23;2;0;4;33;23;127;44;2;4;4;0;1;34;1;1;1;3;36;9;32;1;5;1;3;1;0;0;1;3;3;1;2;3;2;3;53;64;8;3;239;4;0;7;3;0;2;3;0;0;1;23;7;0;0;1;1;5;0;1;3;0;0
38;"Zespół Szkolno-Przedszkolny Nr 2, ul. Królewiecka 7, 58-300 Wałbrzych";26501;"m. Wałbrzych";"Wałbrzych";"dolnośląskie";1;1;2;0;0;0;0;0;1;3;1;1;0;0;2;0;0;1;23;2;4;6;2;4;0;3;3;1;0;0;0;1;0;1;16;8;1;0;1;0;2;2;1;1;1;0;2;1;0;0;28;7;42;22;2;3;1;0;0;7;0;1;0;1;24;5;17;2;2;0;3;0;0;0;1;1;1;0;1;0;1;0;29;49;4;3;102;1;2;0;1;2;1;0;1;0;1;20;1;0;1;0;0;1;0;0;0;0;0
39;"Zespół Szkolno-Przedszkolny Nr 8, ul. Poznańska 8, 58-303 Wałbrzych";26501;"m. Wałbrzych";"Wałbrzych";"dolnośląskie";1;1;2;0;0;0;2;0;1;0;0;2;1;0;0;1;1;1;21;3;1;2;2;3;0;2;2;0;0;0;1;2;1;2;7;12;1;1;3;2;1;4;2;1;2;0;13;2;0;5;20;14;52;17;0;2;2;1;1;7;2;0;0;0;16;7;7;1;1;1;0;1;0;1;0;1;0;0;0;0;2;0;27;33;3;4;111;2;1;2;0;0;0;1;0;0;0;12;0;0;0;0;1;1;0;0;0;0;0
40;"Rada Wspólnoty Samorządowej ""Podgórze, Nowy i Stary Glinnik"", ul. Niepodległości 24, 58-303 Wałbrzych";26501;"m. Wałbrzych";"Wałbrzych";"dolnośląskie";1;1;11;2;3;0;0;0;3;4;0;1;0;0;0;0;3;1;115;3;3;12;4;12;1;9;4;0;2;4;3;1;7;6;52;28;20;5;8;2;3;8;0;2;2;0;19;0;0;4;96;63;169;70;4;3;9;5;2;35;6;8;2;3;57;34;33;5;8;2;1;2;0;3;1;4;0;0;1;2;7;1;160;158;1;10;438;8;2;9;0;2;4;0;1;1;1;82;12;1;1;1;0;3;2;1;0;0;1
41;"Zespół Szkół Politechnicznych „Energetyk”, al. Wyzwolenia 5, 58-300 Wałbrzych";26501;"m. Wałbrzych";"Wałbrzych";"dolnośląskie";1;1;2;0;1;1;0;1;0;1;0;0;0;0;0;0;1;1;49;1;2;4;0;3;0;2;3;0;0;2;0;2;1;0;19;20;5;0;2;2;2;3;0;0;2;0;3;0;0;2;36;17;59;30;6;2;5;2;1;7;6;3;1;2;29;13;18;5;2;1;2;2;0;1;2;1;2;0;6;0;1;3;82;71;5;7;161;2;2;4;1;0;5;0;1;0;2;35;4;2;1;0;0;0;3;0;0;0;0
42;"Zespół Szkół Politechnicznych „Energetyk”, al. Wyzwolenia 5, 58-300 Wałbrzych";26501;"m. Wałbrzych";"Wałbrzych";"dolnośląskie";1;1;5;0;2;0;0;0;0;0;1;1;0;0;0;0;3;3;79;4;4;5;4;8;0;7;1;0;1;1;0;2;2;5;27;18;9;2;4;1;2;3;2;0;2;0;4;0;0;6;48;25;100;46;2;1;3;2;1;9;4;0;1;0;37;22;31;4;10;0;1;3;0;0;2;4;0;0;5;0;1;0;73;79;3;5;214;10;0;1;2;2;0;0;0;0;1;51;5;0;2;1;1;0;0;0;0;0;0
43;"Publiczna Szkoła Podstawowa Nr 28, al. Wyzwolenia 43, 58-300 Wałbrzych";26501;"m. Wałbrzych";"Wałbrzych";"dolnośląskie";1;1;6;0;2;0;1;1;0;0;0;0;0;0;0;0;0;2;63;4;5;7;1;1;1;0;7;0;0;0;0;1;3;6;14;11;10;1;5;1;2;4;2;0;3;0;1;0;1;5;28;28;62;37;4;1;5;1;2;9;2;1;1;2;28;26;30;2;6;1;1;3;0;2;3;1;0;1;4;1;3;3;89;84;5;6;172;7;1;7;0;3;1;0;0;0;2;29;4;0;1;0;1;0;1;0;0;1;1
44;"Zespół Szkolno-Przedszkolny Nr 5, ul. Bolesława Limanowskiego 12, 58-300 Wałbrzych";26501;"m. Wałbrzych";"Wałbrzych";"dolnośląskie";1;1;3;0;0;0;0;0;0;0;0;0;0;0;0;0;1;0;23;3;1;6;1;1;1;2;3;0;0;2;0;0;2;1;7;4;2;2;7;1;3;0;1;0;4;0;0;1;2;0;22;17;39;32;1;0;0;3;4;9;0;0;0;2;18;9;14;1;3;1;1;0;0;1;0;0;1;1;0;0;2;1;47;46;3;4;104;3;1;0;1;0;0;1;0;0;0;11;4;2;0;0;0;1;1;1;0;0;1
45;"Zespół Szkół Zawodowych Specjalnych, ul. Adama Mickiewicza 24, 58-300 Wałbrzych";26501;"m. Wałbrzych";"Wałbrzych";"dolnośląskie";1;1;6;0;0;0;0;0;1;0;0;3;0;0;1;0;0;0;37;1;1;2;2;2;0;0;5;0;0;0;0;0;0;2;17;12;4;0;6;2;3;1;1;0;1;1;2;1;1;3;32;17;56;17;2;1;6;1;0;4;4;1;2;2;13;10;19;3;3;0;0;2;2;1;2;2;2;0;0;1;0;2;42;53;8;7;92;1;1;1;0;0;0;0;0;1;0;21;4;0;0;0;0;3;0;0;0;0;2
46;"Zespół Szkół Zawodowych Specjalnych, ul. Adama Mickiewicza 24, 58-300 Wałbrzych";26501;"m. Wałbrzych";"Wałbrzych";"dolnośląskie";1;1;3;0;1;1;0;1;0;6;0;0;0;0;2;0;2;1;19;0;1;1;0;1;1;2;0;1;0;0;1;0;1;1;13;5;7;1;2;2;1;0;0;0;1;0;2;0;2;0;30;18;50;27;4;1;3;0;0;10;2;1;1;0;22;8;15;3;3;0;1;0;0;1;0;2;1;0;4;0;2;0;39;51;5;5;107;1;3;1;1;1;3;1;1;0;1;34;6;0;2;0;0;1;3;1;0;3;0
47;"Zespół Szkolno-Przedszkolny Nr 1, ul. 1 Maja 105, 58-305 Wałbrzych";26501;"m. Wałbrzych";"Wałbrzych";"dolnośląskie";1;1;4;0;3;0;0;0;0;0;0;0;0;0;0;0;1;0;35;1;0;3;2;7;1;0;2;0;0;1;0;0;3;1;11;7;2;2;5;0;3;2;0;0;1;0;0;0;0;1;34;17;74;26;3;4;2;1;4;3;3;0;0;4;22;4;14;3;4;0;0;0;1;2;1;0;0;1;4;0;0;0;73;40;5;9;87;1;1;2;0;1;2;0;3;1;2;21;6;0;2;2;2;0;0;1;2;0;0
48;"III Liceum Ogólnokształcące, ul. Henryka Jordana 4, 58-305 Wałbrzych";26501;"m. Wałbrzych";"Wałbrzych";"dolnośląskie";1;1;4;0;0;1;0;0;1;2;0;0;1;0;0;0;1;0;32;2;1;5;3;5;2;2;2;0;0;2;0;5;2;0;18;8;6;2;3;0;0;1;0;2;0;3;1;0;0;2;32;20;64;27;2;3;5;1;2;4;0;0;1;1;35;8;12;2;2;1;0;0;1;1;0;0;3;0;2;0;0;0;36;50;1;1;114;2;1;3;1;1;4;0;2;0;0;17;1;0;1;11;3;1;0;0;0;0;1
49;"III Liceum Ogólnokształcące, ul. Henryka Jordana 4, 58-305 Wałbrzych";26501;"m. Wałbrzych";"Wałbrzych";"dolnośląskie";1;1;5;1;4;1;0;0;0;0;0;0;0;0;0;0;0;2;81;6;12;10;2;6;0;6;2;0;0;0;1;1;3;4;37;18;3;1;7;1;1;8;0;0;0;1;0;1;1;1;44;18;137;41;3;1;1;1;1;10;2;1;1;2;38;15;27;1;5;1;3;0;1;2;1;0;1;0;3;0;2;1;51;104;6;6;223;4;0;0;2;1;1;0;3;0;3;46;6;0;0;7;0;2;1;0;0;0;0
50;"Publiczna Szkoła Podstawowa Nr 6, ul. gen. Władysława Andersa 50, 58-304 Wałbrzych";26501;"m. Wałbrzych";"Wałbrzych";"dolnośląskie";1;1;8;0;1;0;0;0;0;1;1;1;2;2;0;0;2;0;65;2;3;5;2;3;0;1;3;1;0;1;0;2;2;4;23;13;8;1;1;3;2;4;0;0;2;1;1;2;2;4;26;23;78;34;0;1;4;1;1;8;2;3;0;1;44;9;19;4;4;4;0;1;2;0;1;2;5;0;2;0;1;0;83;102;1;5;194;1;3;0;1;0;0;1;1;0;0;24;9;0;0;1;0;0;0;0;0;0;0
51;"Publiczna Szkoła Podstawowa Nr 6, ul. gen. Władysława Andersa 50, 58-304 Wałbrzych";26501;"m. Wałbrzych";"Wałbrzych";"dolnośląskie";1;1;1;1;1;1;0;0;2;0;0;2;2;1;2;0;1;1;40;3;3;5;1;1;1;1;2;1;0;1;2;1;2;3;33;20;8;1;5;1;0;5;1;1;2;1;1;0;1;0;42;22;79;33;2;1;2;1;0;10;4;2;0;3;30;8;23;2;4;3;1;2;1;1;3;0;2;0;0;2;2;0;54;79;4;3;144;2;2;6;1;2;0;1;1;7;0;25;7;0;1;1;0;0;0;1;1;0;2
52;"Powiatowa i Miejska Biblioteka Publiczna „Biblioteka Pod Atlantami” Filia Nr 6, ul. gen. Władysława Andersa 137, 58-304 Wałbrzych";26501;"m. Wałbrzych";"Wałbrzych";"dolnośląskie";1;1;3;0;1;0;1;0;0;1;0;2;2;1;1;0;0;1;60;2;7;6;4;7;1;3;2;0;0;2;1;1;4;2;19;20;3;0;4;1;4;1;2;3;1;0;1;0;0;3;31;12;86;18;8;1;5;1;4;6;5;3;2;1;63;5;17;7;3;0;2;0;0;1;0;1;0;0;4;0;5;1;64;108;3;8;126;4;3;3;2;0;3;0;1;1;0;34;3;0;0;0;0;0;0;0;0;0;1
53;"Publiczna Szkoła Podstawowa Nr 2, ul. Melchiora Wańkowicza 13, 58-304 Wałbrzych";26501;"m. Wałbrzych";"Wałbrzych";"dolnośląskie";1;1;0;0;1;0;0;0;0;2;1;0;0;0;0;0;0;0;60;4;4;1;1;4;0;2;4;0;1;0;0;1;0;2;19;16;3;1;4;1;1;3;1;0;3;0;0;2;2;0;23;7;61;16;4;2;1;2;0;3;0;1;0;0;37;9;14;3;3;1;0;2;2;0;1;3;0;1;1;1;0;0;58;77;3;8;152;0;1;1;0;0;0;0;0;1;0;38;12;0;0;3;1;0;0;0;1;0;0
54;"Publiczna Szkoła Podstawowa Nr 2, ul. Melchiora Wańkowicza 13, 58-304 Wałbrzych";26501;"m. Wałbrzych";"Wałbrzych";"dolnośląskie";1;1;5;0;0;0;1;0;1;1;0;0;3;0;0;0;2;0;69;6;7;3;0;2;2;5;4;2;2;1;1;1;0;4;45;38;5;0;2;2;1;2;2;1;1;0;3;1;1;5;44;28;90;41;2;2;3;4;0;21;2;1;1;1;44;9;31;8;2;3;2;1;1;1;2;4;0;0;1;1;3;4;80;128;5;1;202;5;4;3;0;2;0;0;3;0;0;46;8;0;0;2;0;0;1;0;1;0;0
55;"Publiczna Szkoła Podstawowa Nr 2, ul. Melchiora Wańkowicza 13, 58-304 Wałbrzych";26501;"m. Wałbrzych";"Wałbrzych";"dolnośląskie";1;1;4;0;1;1;0;0;1;0;1;3;0;0;2;0;0;0;48;1;4;7;4;2;1;3;0;0;0;1;1;0;3;2;20;16;4;1;5;4;3;4;2;1;2;0;1;1;0;1;28;18;70;28;5;2;2;1;0;6;5;0;0;0;52;4;15;2;6;1;0;1;1;2;1;1;0;0;6;1;3;1;52;73;3;1;153;5;0;4;0;2;0;0;0;3;2;20;5;2;0;0;0;3;0;0;0;0;1
56;"Muzeum Gross-Rosen, ul. Szarych Szeregów 9, 58-304 Wałbrzych";26501;"m. Wałbrzych";"Wałbrzych";"dolnośląskie";1;1;2;0;0;0;0;0;0;2;0;0;0;0;0;0;0;0;33;1;0;1;2;2;1;4;0;0;0;0;0;0;1;1;10;12;4;3;6;2;2;0;1;1;0;0;0;2;0;1;32;8;30;22;3;1;3;1;1;5;1;0;2;1;36;4;22;0;3;1;1;1;0;1;0;0;0;0;0;0;2;1;43;39;4;0;134;4;0;0;0;0;0;2;1;0;0;21;8;0;0;1;0;0;1;0;0;0;0
57;"Publiczna Szkoła Podstawowa Nr 2, ul. Melchiora Wańkowicza 13, 58-304 Wałbrzych";26501;"m. Wałbrzych";"Wałbrzych";"dolnośląskie";1;1;5;0;0;2;1;0;3;3;0;1;2;1;1;0;4;1;54;0;2;8;1;4;2;7;0;0;0;4;1;0;2;1;26;29;4;1;5;5;3;6;0;0;3;0;0;0;0;8;31;16;88;27;2;2;3;0;1;14;4;2;1;0;59;7;29;6;5;0;1;3;2;2;2;0;1;0;2;0;1;4;62;117;5;4;143;3;1;2;0;1;3;1;1;0;1;32;7;0;0;1;0;0;0;0;2;1;1
58;"Specjalistyczny Szpital Ginekologiczno-Położniczy, ul. Ignacego Paderewskiego 10, 58-301 Wałbrzych";26501;"m. Wałbrzych";"Wałbrzych";"dolnośląskie";1;1;0;0;0;0;0;0;0;0;0;0;0;0;0;0;0;0;0;0;0;0;0;1;0;0;0;0;0;0;0;0;0;0;0;3;0;0;0;0;0;0;0;0;0;0;0;0;0;0;5;1;3;1;0;0;1;0;0;0;1;2;1;1;1;0;0;0;1;0;0;0;0;0;0;0;0;0;0;0;0;0;1;0;0;0;1;0;0;0;0;0;1;0;0;0;0;0;1;0;0;0;0;0;1;0;0;0;0
59;"Specjalistyczny Szpital im. Alfreda Sokołowskiego Oddziały przy ul. Batorego 4, ul. Stefana Batorego 4, 58-300 Wałbrzych";26501;"m. Wałbrzych";"Wałbrzych";"dolnośląskie";1;1;0;0;0;0;0;0;0;1;0;0;0;0;0;0;0;0;1;0;1;1;0;0;0;1;0;0;0;0;0;0;0;0;2;0;0;0;1;0;0;0;0;0;1;0;0;0;1;0;5;0;13;2;1;0;0;0;0;0;1;1;0;0;1;1;2;2;0;0;0;0;0;0;0;0;0;0;0;0;0;0;12;5;1;0;5;0;0;0;0;0;0;0;0;0;0;0;0;0;0;0;0;0;0;0;0;0;0
60;"Specjalistyczny Szpital im. Alfreda Sokołowskiego Oddziały przy ul. A. Sokołowskiego 4, ul. Alfreda Sokołowskiego 4, 58-309 Wałbrzych";26501;"m. Wałbrzych";"Wałbrzych";"dolnośląskie";1;1;0;0;0;1;0;0;0;0;0;1;0;0;0;0;0;0;2;0;0;1;0;0;1;1;0;0;0;1;0;0;0;0;4;2;1;0;0;0;0;0;0;0;0;0;0;0;0;1;5;0;5;2;0;1;1;0;0;0;1;0;1;0;2;0;1;0;0;0;0;0;0;0;0;0;0;0;1;0;0;0;9;9;1;1;9;0;0;2;0;1;0;0;1;0;0;2;0;0;0;1;0;0;0;0;0;0;0
61;"Dom Seniora-Rusinowa, ul. Osiedle Górnicze 19A, 58-308 Wałbrzych";26501;"m. Wałbrzych";"Wałbrzych";"dolnośląskie";1;1;0;0;0;0;0;0;0;0;0;0;0;0;0;0;1;0;1;1;0;0;0;0;0;0;0;0;0;0;0;0;0;1;1;0;1;0;0;0;0;0;0;0;0;0;0;0;0;0;2;0;1;0;1;0;0;0;1;1;0;0;0;0;1;0;1;0;0;0;0;1;0;0;0;0;0;0;0;0;0;0;1;0;0;0;0;0;1;0;0;0;0;0;0;0;0;1;0;0;0;0;1;1;0;0;0;0;1
62;"Dom Seniora-Biały Kamień, ul. gen. Władysława Andersa 162a, 58-304 Wałbrzych";26501;"m. Wałbrzych";"Wałbrzych";"dolnośląskie";1;1;0;0;0;0;0;0;0;0;0;0;0;0;0;0;0;0;0;0;0;0;0;0;0;0;0;0;0;0;0;0;0;0;0;0;0;0;0;0;0;0;0;0;0;0;0;0;0;0;4;4;0;0;0;0;0;0;0;0;0;0;0;0;0;0;0;0;0;0;0;0;0;0;0;0;0;0;0;0;0;0;1;0;0;0;11;0;0;0;0;0;0;0;0;0;0;0;0;0;0;0;0;0;0;0;0;0;0
