"Nr komisji";"Siedziba komisji";"TERYT Gminy";"Gmina";"Powiat";"Województwo";"Liczba komisji";"Liczba uwzględnionych komisji";"KOZŁOWSKI Roman - KW BEZPARTYJNI SAMORZĄDOWCY";"LESIAKOWSKI Jarosław Edward - KW BEZPARTYJNI SAMORZĄDOWCY";"OŁTUSZEWSKA Marzena Maria - KW BEZPARTYJNI SAMORZĄDOWCY";"KRUŻYCKA Marta Julia - KW BEZPARTYJNI SAMORZĄDOWCY";"NISIEWICZ Aleksandra Magdalena - KW BEZPARTYJNI SAMORZĄDOWCY";"GAWRON Maciej Tomasz - KW BEZPARTYJNI SAMORZĄDOWCY";"KIDA Edyta Maria - KW BEZPARTYJNI SAMORZĄDOWCY";"GÓRAK Mateusz Adam - KW BEZPARTYJNI SAMORZĄDOWCY";"KOSTYLUK Agnieszka - KW BEZPARTYJNI SAMORZĄDOWCY";"KWAŚNIEWSKI Bartłomiej - KW BEZPARTYJNI SAMORZĄDOWCY";"GRYGORCEWICZ Ewa Anna - KW BEZPARTYJNI SAMORZĄDOWCY";"ZAORSKI Mariusz Wojciech - KW BEZPARTYJNI SAMORZĄDOWCY";"KOWIESZKO Bogdan - KW BEZPARTYJNI SAMORZĄDOWCY";"WOJTKIEWICZ Wit - KW BEZPARTYJNI SAMORZĄDOWCY";"IMIELSKA-DUDZIAK Beata Krystyna - KW BEZPARTYJNI SAMORZĄDOWCY";"SOCHACKI Jacek - KW BEZPARTYJNI SAMORZĄDOWCY";"RYSZCZUK Rafał - KKW TRZECIA DROGA PSL-PL2050 SZYMONA HOŁOWNI";"ZIEJEWSKI Zbigniew - KKW TRZECIA DROGA PSL-PL2050 SZYMONA HOŁOWNI";"WERKOWSKA-WIKTORSKA Małgorzata - KKW TRZECIA DROGA PSL-PL2050 SZYMONA HOŁOWNI";"ŻUCHOWSKI Piotr - KKW TRZECIA DROGA PSL-PL2050 SZYMONA HOŁOWNI";"WASZEŚCIK Piotr - KKW TRZECIA DROGA PSL-PL2050 SZYMONA HOŁOWNI";"ZIOBER Wojciech - KKW TRZECIA DROGA PSL-PL2050 SZYMONA HOŁOWNI";"JASKÓLSKA Wioletta - KKW TRZECIA DROGA PSL-PL2050 SZYMONA HOŁOWNI";"SZCZEPAŃSKI Robert Cezary - KKW TRZECIA DROGA PSL-PL2050 SZYMONA HOŁOWNI";"LEWANDOWSKA Małgorzata Katarzyna - KKW TRZECIA DROGA PSL-PL2050 SZYMONA HOŁOWNI";"MICHALAK Dorota - KKW TRZECIA DROGA PSL-PL2050 SZYMONA HOŁOWNI";"MADEJA Magdalena - KKW TRZECIA DROGA PSL-PL2050 SZYMONA HOŁOWNI";"MARCHALEWSKA Monika Barbara - KKW TRZECIA DROGA PSL-PL2050 SZYMONA HOŁOWNI";"CZAJKA Waldemar - KKW TRZECIA DROGA PSL-PL2050 SZYMONA HOŁOWNI";"MATŁACH Artur Marek - KKW TRZECIA DROGA PSL-PL2050 SZYMONA HOŁOWNI";"CHLEBIŃSKA Barbara Jadwiga - KKW TRZECIA DROGA PSL-PL2050 SZYMONA HOŁOWNI";"BOBEK Jan - KKW TRZECIA DROGA PSL-PL2050 SZYMONA HOŁOWNI";"FALEJ Monika Walentyna - KW NOWA LEWICA";"SADOWSKI Dawid - KW NOWA LEWICA";"ŻMIJEWSKA Aleksandra - KW NOWA LEWICA";"RODZIEWICZ Paweł - KW NOWA LEWICA";"DWOJAKOWSKA Monika - KW NOWA LEWICA";"SARZYŃSKI Ryszard - KW NOWA LEWICA";"MACIAK Justyna - KW NOWA LEWICA";"HERMANOWICZ Jakub - KW NOWA LEWICA";"PIEKART Sylwia - KW NOWA LEWICA";"SAGAN Ewelina - KW NOWA LEWICA";"ZUBRYCKA Danuta Jadwiga - KW NOWA LEWICA";"PRZYBOROWSKI Wincenty Marian - KW NOWA LEWICA";"NOWAK Gabriela Walentyna - KW NOWA LEWICA";"MARKOWSKI Bartosz - KW NOWA LEWICA";"FALKOWSKA-HOJAN Milena - KW NOWA LEWICA";"KASPROWICZ Dominika - KW NOWA LEWICA";"KRASULSKI Leonard Seweryn - KW PRAWO I SPRAWIEDLIWOŚĆ";"WILK Teresa - KW PRAWO I SPRAWIEDLIWOŚĆ";"ŚLIWKA Andrzej - KW PRAWO I SPRAWIEDLIWOŚĆ";"GONTARZ Robert - KW PRAWO I SPRAWIEDLIWOŚĆ";"OŁDAKOWSKI Adam - KW PRAWO I SPRAWIEDLIWOŚĆ";"GODZIŃSKI Damian Jan - KW PRAWO I SPRAWIEDLIWOŚĆ";"WYSZOMIRSKA Ewa - KW PRAWO I SPRAWIEDLIWOŚĆ";"PRUSINOWSKI Kamil - KW PRAWO I SPRAWIEDLIWOŚĆ";"WĘGLEWSKA Elżbieta Marianna - KW PRAWO I SPRAWIEDLIWOŚĆ";"RYKACZEWSKI Andrzej Jarosław - KW PRAWO I SPRAWIEDLIWOŚĆ";"PIĄTEK Anna - KW PRAWO I SPRAWIEDLIWOŚĆ";"WĘGŁOWSKA Anna - KW PRAWO I SPRAWIEDLIWOŚĆ";"STRUK Dariusz Andrzej - KW PRAWO I SPRAWIEDLIWOŚĆ";"ANDRUSZKIEWICZ Jolanta Wiesława - KW PRAWO I SPRAWIEDLIWOŚĆ";"AURAST Krzysztof Stanisław - KW PRAWO I SPRAWIEDLIWOŚĆ";"PAWLIK Jacek Roman - KW PRAWO I SPRAWIEDLIWOŚĆ";"SAJKOWSKI Konrad - KW KONFEDERACJA WOLNOŚĆ I NIEPODLEGŁOŚĆ";"TULWIŃSKI Łukasz - KW KONFEDERACJA WOLNOŚĆ I NIEPODLEGŁOŚĆ";"KRYSIAK Jan - KW KONFEDERACJA WOLNOŚĆ I NIEPODLEGŁOŚĆ";"ZELMA Jan - KW KONFEDERACJA WOLNOŚĆ I NIEPODLEGŁOŚĆ";"SOBOTKA Paweł - KW KONFEDERACJA WOLNOŚĆ I NIEPODLEGŁOŚĆ";"RUKSZTEŁŁO Teresa Genowefa - KW KONFEDERACJA WOLNOŚĆ I NIEPODLEGŁOŚĆ";"KRAWYCIŃSKI Sebastian Lechosław - KW KONFEDERACJA WOLNOŚĆ I NIEPODLEGŁOŚĆ";"SIKORSKA Gabriela Joanna - KW KONFEDERACJA WOLNOŚĆ I NIEPODLEGŁOŚĆ";"DUNAJEWSKI Michał - KW KONFEDERACJA WOLNOŚĆ I NIEPODLEGŁOŚĆ";"BACZEWSKA Marta Anna - KW KONFEDERACJA WOLNOŚĆ I NIEPODLEGŁOŚĆ";"JANKOWSKA Genowefa Teresa - KW KONFEDERACJA WOLNOŚĆ I NIEPODLEGŁOŚĆ";"ZIÓŁKOWSKI Szymon Adam - KW KONFEDERACJA WOLNOŚĆ I NIEPODLEGŁOŚĆ";"TUCHOLSKA Justyna - KW KONFEDERACJA WOLNOŚĆ I NIEPODLEGŁOŚĆ";"SZTACHAŃSKA Marta - KW KONFEDERACJA WOLNOŚĆ I NIEPODLEGŁOŚĆ";"CHORĄŻY Dawid - KW KONFEDERACJA WOLNOŚĆ I NIEPODLEGŁOŚĆ";"ZAWACKI Tomasz - KW KONFEDERACJA WOLNOŚĆ I NIEPODLEGŁOŚĆ";"PROTAS Jacek - KKW KOALICJA OBYWATELSKA PO .N IPL ZIELONI";"GELERT Elżbieta Kazimiera - KKW KOALICJA OBYWATELSKA PO .N IPL ZIELONI";"GORCZYCA Stanisław Andrzej - KKW KOALICJA OBYWATELSKA PO .N IPL ZIELONI";"KRÓLAK Katarzyna - KKW KOALICJA OBYWATELSKA PO .N IPL ZIELONI";"SZAUER Mateusz - KKW KOALICJA OBYWATELSKA PO .N IPL ZIELONI";"SYCZ Natalia Aleksandra - KKW KOALICJA OBYWATELSKA PO .N IPL ZIELONI";"GRABOWSKA-KUŚMIRCZUK Monika Marzena - KKW KOALICJA OBYWATELSKA PO .N IPL ZIELONI";"MROZIŃSKA Iwona - KKW KOALICJA OBYWATELSKA PO .N IPL ZIELONI";"RUDA Elżbieta Monika - KKW KOALICJA OBYWATELSKA PO .N IPL ZIELONI";"ŚNIECIKOWSKI Wiesław Grzegorz - KKW KOALICJA OBYWATELSKA PO .N IPL ZIELONI";"TURLEJ Robert - KKW KOALICJA OBYWATELSKA PO .N IPL ZIELONI";"GRODOWSKA Alicja - KKW KOALICJA OBYWATELSKA PO .N IPL ZIELONI";"BIDZIŃSKI Karol - KKW KOALICJA OBYWATELSKA PO .N IPL ZIELONI";"BAGIŃSKI Andrzej - KKW KOALICJA OBYWATELSKA PO .N IPL ZIELONI";"PIECHOTKA Jarosław - KKW KOALICJA OBYWATELSKA PO .N IPL ZIELONI";"ZABŁOCKA Elżbieta - KKW KOALICJA OBYWATELSKA PO .N IPL ZIELONI";"GULIŃSKI Marcin Dominik - KW POLSKA JEST JEDNA";"HERMANOWICZ Lech - KW POLSKA JEST JEDNA";"BANNACH Jolanta - KW POLSKA JEST JEDNA";"PTASZYŃSKI Marek - KW POLSKA JEST JEDNA";"KAŹMIERSKA Sylwia - KW POLSKA JEST JEDNA";"ZIENIEWICZ Dariusz Józef - KW POLSKA JEST JEDNA";"GULIŃSKA Joanna Agnieszka - KW POLSKA JEST JEDNA";"OSUCH Jarosław - KW POLSKA JEST JEDNA";"KAŹMIERSKI Kamil Tomasz - KW POLSKA JEST JEDNA";"GOŁĘBIOWSKA Anna - KW POLSKA JEST JEDNA";"PROC Filip Mikołaj - KW NORMALNY KRAJ";"EJSMONT Klaudia Helena - KW NORMALNY KRAJ";"ZALEWSKI Tomasz Marcin - KW NORMALNY KRAJ";"KASPEROWICZ Ewelina Halina - KW NORMALNY KRAJ";"KUDRYK Jakub Maciej - KW NORMALNY KRAJ";"PIETRZAK Anna - KW NORMALNY KRAJ";"GROMADZKA Lesia - KW NORMALNY KRAJ";"ROMANOWSKI Adam Patryk - KW NORMALNY KRAJ";"PRZYBECKA Marta - KW NORMALNY KRAJ";"DEREBECKI Bartosz Jakub - KW NORMALNY KRAJ"
1;"Bartoszycki Dom Kultury, ul. Boh. Warszawy 11, 11-200 Bartoszyce";280101;"m. Bartoszyce";"bartoszycki";"warmińsko-mazurskie";1;1;3;0;0;2;0;0;0;0;0;2;0;0;0;0;0;2;15;11;13;1;0;1;21;2;11;6;2;1;0;1;1;4;26;3;6;1;2;13;2;2;3;0;17;0;2;2;1;2;15;8;33;22;160;2;1;4;0;1;3;1;1;17;0;1;25;2;12;0;3;0;0;3;5;8;2;1;0;1;3;0;125;16;5;5;3;60;0;1;2;0;0;2;4;3;0;159;2;0;0;1;0;1;0;1;0;1;1;0;0;0;0;0;0;0;0;0
2;"Zespół Szkolno-Przedszkolny Nr 1, ul. Nowowiejskiego 31, 11-200 Bartoszyce";280101;"m. Bartoszyce";"bartoszycki";"warmińsko-mazurskie";1;1;4;0;0;0;1;0;0;0;1;0;0;0;2;0;0;1;46;16;17;2;6;2;23;1;11;11;5;1;3;1;0;7;38;3;10;5;2;20;2;3;2;0;11;2;3;0;3;4;51;17;52;47;168;1;4;3;1;0;11;1;0;47;0;10;27;5;3;0;4;1;1;1;7;1;0;0;1;0;1;2;173;16;0;7;0;57;0;3;1;0;0;1;0;1;4;223;3;0;1;0;0;1;0;1;0;3;1;0;0;0;0;0;0;0;0;0
3;"Sala gimnastyczna Szkoła Podstawowa Nr 1, ul. Mierosławskiego 1, 11-200 Bartoszyce";280101;"m. Bartoszyce";"bartoszycki";"warmińsko-mazurskie";1;1;1;0;0;2;1;0;0;1;1;1;1;0;0;1;0;0;38;17;10;4;2;0;24;3;12;8;2;1;3;0;0;12;39;6;1;2;5;9;2;0;3;1;25;0;2;1;4;3;22;26;42;25;194;4;3;4;2;0;7;3;5;46;0;1;17;2;5;2;2;0;1;2;11;1;0;0;0;0;5;1;168;24;2;5;1;59;1;2;2;1;1;0;0;0;0;219;3;3;2;2;0;2;0;0;0;1;1;0;0;0;0;1;1;1;0;0
4;"Miejska Biblioteka Publiczna, ul. Generała Bema 23, 11-200 Bartoszyce";280101;"m. Bartoszyce";"bartoszycki";"warmińsko-mazurskie";1;1;2;1;1;1;0;2;2;0;3;0;1;1;0;0;0;0;18;11;12;3;2;1;11;0;5;6;6;1;0;1;1;14;22;2;6;3;0;9;2;2;1;0;10;1;0;0;1;1;18;16;46;41;243;1;4;6;3;0;0;3;1;38;0;10;14;2;5;0;2;0;0;2;8;3;0;1;0;0;0;3;161;8;2;2;3;53;0;3;2;0;1;0;0;1;1;180;3;1;1;0;1;0;0;0;0;3;0;0;0;0;1;0;0;0;0;0
5;"Szkoła Podstawowa Nr 1, ul. Traugutta 23, 11-200 Bartoszyce";280101;"m. Bartoszyce";"bartoszycki";"warmińsko-mazurskie";1;1;3;0;1;1;0;1;1;0;1;0;0;0;0;0;1;2;16;10;6;3;0;1;13;1;5;9;3;4;2;1;0;5;36;1;6;3;1;9;1;3;2;1;9;0;1;1;4;1;27;13;27;23;154;1;3;2;2;0;2;1;0;31;0;8;19;1;6;2;8;0;1;1;9;4;0;2;1;2;0;3;114;10;1;2;1;30;2;2;1;0;0;2;0;0;1;175;0;0;3;0;1;0;0;0;1;1;0;0;0;0;1;0;0;0;1;0
6;"Zespół Szkół Ponadpodstawowych Nr 2, ul. Słowackiego 1, 11-200 Bartoszyce";280101;"m. Bartoszyce";"bartoszycki";"warmińsko-mazurskie";1;1;2;0;1;2;0;0;1;0;0;1;0;0;0;1;0;1;36;19;14;7;4;1;23;4;10;9;6;1;7;1;1;12;42;2;4;2;1;18;6;1;3;2;28;1;2;0;0;2;26;21;34;35;187;1;0;1;1;3;1;1;4;42;0;4;24;3;6;3;5;1;0;1;16;2;3;0;4;0;9;3;165;15;7;7;3;62;5;1;2;0;1;6;0;1;2;241;5;1;2;0;1;0;0;0;0;0;2;0;1;0;0;0;0;0;1;0
7;"Szkoła Podstawowa Nr 3, ul. Andrzeja Witolda Wajdy 18, 11-200 Bartoszyce";280101;"m. Bartoszyce";"bartoszycki";"warmińsko-mazurskie";1;1;1;0;0;1;1;2;2;0;0;0;0;0;1;0;1;2;43;12;12;6;1;5;21;4;12;6;1;2;2;0;0;7;36;3;5;2;5;12;4;1;0;1;9;1;0;1;2;2;31;17;32;35;188;0;1;3;3;0;9;2;0;20;0;8;18;3;9;0;1;0;0;2;5;1;1;1;0;1;0;0;208;21;8;6;3;64;3;3;2;1;2;0;0;1;1;186;2;0;0;0;0;0;1;0;0;1;2;0;0;0;0;0;0;0;0;0
8;"Przedszkole Integracyjne Nr 4, ul. Generała Bema 49, 11-200 Bartoszyce";280101;"m. Bartoszyce";"bartoszycki";"warmińsko-mazurskie";1;1;4;1;0;0;1;1;3;0;2;2;1;0;0;0;0;0;28;22;15;9;0;1;17;3;4;14;3;2;0;2;1;10;30;3;9;4;3;10;2;5;2;2;11;0;1;2;0;4;31;21;58;17;245;2;7;2;1;1;3;1;0;102;2;6;23;1;8;0;5;0;1;1;5;2;1;0;0;1;3;2;145;14;2;2;2;86;0;1;2;0;2;1;1;0;0;278;6;0;2;0;0;1;1;1;0;3;2;0;2;0;0;0;0;0;2;0
9;"Sala gimnastyczna Szkoła Podstawowa Nr 7, ul. Generała Bema 35, 11-200 Bartoszyce";280101;"m. Bartoszyce";"bartoszycki";"warmińsko-mazurskie";1;1;1;0;0;0;0;0;0;0;0;0;0;0;0;0;1;0;14;2;1;3;0;0;4;0;2;4;0;0;1;0;0;3;9;2;1;0;0;0;0;0;0;1;2;0;0;0;0;1;12;5;14;7;49;0;0;1;0;0;3;0;0;18;0;2;5;0;2;0;0;0;0;0;1;0;0;0;0;0;0;1;49;4;1;0;1;10;2;0;1;0;0;0;0;0;0;45;1;0;1;0;0;0;0;1;0;0;0;0;1;0;0;0;0;0;0;1
10;"Mała sala gimnastyczna Szkoła Podstawowa Nr 7 w Bartoszycach, ul. Generała Bema 35, 11-200 Bartoszyce";280101;"m. Bartoszyce";"bartoszycki";"warmińsko-mazurskie";1;1;2;0;2;2;1;1;0;0;1;1;0;1;2;0;0;0;36;17;13;3;0;0;19;2;13;16;5;2;3;1;0;8;33;1;6;2;1;19;2;2;1;2;11;0;0;2;0;3;28;12;50;36;138;4;2;0;0;4;6;2;1;72;0;6;25;4;5;1;7;0;1;3;20;4;2;2;2;0;1;3;170;9;2;3;0;69;0;1;2;0;0;3;2;0;0;212;4;0;0;0;0;0;1;0;0;0;0;0;0;0;0;0;0;0;0;1
11;"Szkoła Podstawowa Nr 8 z UJN, ul. Leśna 1, 11-200 Bartoszyce";280101;"m. Bartoszyce";"bartoszycki";"warmińsko-mazurskie";1;1;7;0;0;0;0;0;1;0;0;0;1;0;1;0;2;0;20;6;10;3;1;3;11;1;4;11;3;1;1;0;1;4;18;7;5;1;1;9;1;0;0;2;3;0;1;0;3;2;17;12;28;12;78;1;1;2;1;0;1;2;0;12;0;1;18;1;2;1;4;0;0;1;21;1;0;1;0;0;0;2;98;15;3;2;2;26;1;1;1;0;2;0;0;0;0;90;2;1;0;0;0;0;0;0;0;0;0;0;0;0;0;0;0;0;0;0
12;"Szpital Powiatowy w Bartoszycach, ul. Kardynała Wyszyńskiego 11, 11-200 Bartoszyce";280101;"m. Bartoszyce";"bartoszycki";"warmińsko-mazurskie";1;1;0;0;0;0;0;0;0;0;0;0;0;0;0;0;0;0;1;1;1;0;0;1;3;0;1;1;0;1;0;0;0;0;1;0;0;0;0;1;0;0;0;0;1;0;0;0;0;0;5;1;2;2;5;0;1;1;0;0;2;0;0;1;0;2;2;0;0;0;0;0;0;0;0;0;0;0;0;1;0;0;8;2;0;0;0;2;0;0;0;0;0;0;0;0;0;5;0;0;0;0;0;0;0;0;0;0;0;0;0;0;0;0;0;0;0;0
13;"Dom Pomocy Społecznej, ul. Boh. Monte Cassino 4, 11-200 Bartoszyce";280101;"m. Bartoszyce";"bartoszycki";"warmińsko-mazurskie";1;1;0;0;1;0;0;0;0;0;1;0;0;0;0;0;0;0;0;0;0;0;0;0;0;0;0;1;0;0;0;0;0;0;1;0;0;0;0;1;0;0;0;0;0;0;0;0;0;0;2;6;1;0;6;0;0;0;1;0;3;0;0;1;0;0;0;0;0;0;0;0;0;0;0;0;0;0;0;0;0;0;0;0;0;0;0;2;0;0;0;0;0;0;0;0;0;0;0;0;1;0;0;0;0;0;0;1;1;0;0;0;0;0;0;0;1;0
1;"Szkoła Podstawowa, ul. Szkolna 4, 11-220 Górowo Iławeckie";280102;"m. Górowo Iławeckie";"bartoszycki";"warmińsko-mazurskie";1;1;1;0;0;0;1;0;0;0;0;0;0;0;1;0;0;0;31;5;10;3;1;1;8;1;6;8;1;0;1;0;0;2;34;7;4;3;0;0;2;1;1;0;4;0;0;1;0;1;29;14;85;12;74;0;7;1;1;2;9;0;0;12;0;14;26;0;2;2;1;1;1;1;1;2;2;0;1;3;1;1;189;9;2;1;1;182;1;1;1;0;0;0;0;0;0;8;0;18;0;1;0;0;3;0;0;0;0;0;0;0;0;1;0;0;0;0
2;"Sala gimnastyczna Szkoły Podstawowej, ul. Generała Sikorskiego 22, 11-220 Górowo Iławeckie";280102;"m. Górowo Iławeckie";"bartoszycki";"warmińsko-mazurskie";1;1;3;1;0;2;1;0;2;0;0;0;0;1;0;0;0;1;22;9;4;0;0;1;17;1;8;10;0;1;0;0;1;2;28;1;7;4;1;2;1;1;1;1;7;0;1;1;0;1;36;19;69;21;115;1;10;0;2;0;7;0;4;17;2;11;24;2;2;0;5;0;1;3;0;4;3;1;0;0;0;4;213;5;4;6;1;165;1;1;0;1;1;0;0;0;2;10;0;9;0;0;0;0;5;0;0;2;1;0;0;0;0;0;0;0;0;0
1;"Młodzieżowy Dom Kultury w Bartoszycach, ul. Boh. Warszawy 6, 11-200 Bartoszyce";280103;"gm. Bartoszyce";"bartoszycki";"warmińsko-mazurskie";1;1;2;0;1;1;2;0;3;1;0;0;0;0;1;0;0;0;38;33;14;7;2;1;26;0;10;20;3;4;1;1;1;5;17;2;4;6;3;6;3;1;3;0;7;0;0;3;3;4;35;7;49;12;201;1;2;1;0;0;7;1;1;50;0;15;27;3;3;3;6;2;0;3;11;8;1;1;1;1;2;3;171;8;3;2;3;51;0;0;2;2;1;0;0;1;1;146;8;1;1;0;0;2;1;0;2;6;0;0;1;0;0;0;0;1;1;0
2;"Dom Kultury w Bezledach, Bezledy 47, 11-200 Bezledy";280103;"gm. Bartoszyce";"bartoszycki";"warmińsko-mazurskie";1;1;4;0;1;1;0;1;0;0;2;0;0;0;0;0;1;1;14;13;6;5;1;1;11;4;6;8;2;1;0;1;1;4;11;6;7;1;0;0;2;1;1;1;7;0;0;0;0;1;39;10;19;9;146;0;2;1;2;3;6;0;0;42;0;9;21;0;4;1;1;1;0;1;5;6;0;1;2;0;0;0;82;8;3;2;0;28;0;2;0;0;1;0;0;0;3;23;2;0;0;0;0;0;0;0;0;1;0;0;0;2;0;0;0;0;0;0
3;"Świetlica Wiejska, Galiny 36, 11-214 Galiny";280103;"gm. Bartoszyce";"bartoszycki";"warmińsko-mazurskie";1;1;7;1;0;1;0;3;1;1;1;0;0;1;0;1;1;0;19;11;6;14;0;0;0;0;3;11;3;0;2;0;1;11;12;2;0;2;0;4;2;0;0;1;2;0;0;0;0;0;23;8;10;18;64;0;4;1;2;1;1;0;0;36;1;21;9;4;3;1;4;0;1;3;3;1;0;1;2;2;5;1;83;4;1;2;0;21;0;1;3;0;0;1;1;0;0;51;4;0;0;0;0;1;0;0;0;3;0;0;0;0;0;1;0;0;0;1
4;"Świetlica Wiejska w Kinkajmach, Kinkajmy 16C, 11-200 Kinkajmy";280103;"gm. Bartoszyce";"bartoszycki";"warmińsko-mazurskie";1;1;1;0;0;0;0;0;0;0;1;0;0;0;0;0;1;0;9;8;2;1;0;0;7;1;1;6;0;0;0;0;0;2;9;3;1;0;1;3;0;0;1;0;1;0;0;0;0;0;7;8;6;3;119;1;0;2;0;0;0;1;0;4;0;1;12;0;5;0;1;0;0;1;4;2;1;1;1;0;4;1;46;1;0;0;0;22;1;0;0;0;0;0;0;0;1;35;8;0;1;0;0;0;0;0;0;0;0;0;0;1;0;0;0;0;0;0
5;"Dom Kultury w Łabędniku, Łabędnik 11, 11-200 Łabędnik";280103;"gm. Bartoszyce";"bartoszycki";"warmińsko-mazurskie";1;1;0;1;1;0;0;3;0;0;0;2;0;0;0;0;0;0;14;17;5;4;0;0;8;0;6;12;0;1;0;0;0;13;6;1;6;5;0;0;2;0;2;1;1;0;1;0;0;1;14;8;11;5;114;2;2;3;0;1;8;2;0;42;1;8;13;0;1;1;3;0;0;1;3;2;0;1;1;0;3;0;41;3;1;0;0;37;0;0;2;0;0;0;0;3;0;29;4;0;0;0;0;1;0;0;0;1;3;0;0;0;0;0;0;1;0;1
6;"Dom Kultury w Rodnowie, Rodnowo 10, 11-200 Rodnowo";280103;"gm. Bartoszyce";"bartoszycki";"warmińsko-mazurskie";1;1;1;0;1;0;3;0;0;0;0;0;0;0;0;0;0;1;9;16;4;2;0;1;8;1;1;6;1;1;0;0;0;1;7;1;4;2;1;1;0;0;0;0;2;0;2;0;0;0;9;2;8;7;56;1;0;1;1;0;1;0;0;15;0;6;8;6;0;1;0;0;0;0;4;2;1;0;3;1;1;2;32;2;1;1;0;23;1;0;2;0;0;0;1;0;0;12;0;0;0;0;0;0;0;0;0;1;0;0;0;0;0;0;0;0;0;0
7;"Świetlica Wiejska w Tolko, Tolko 15A, 11-200 Tolko";280103;"gm. Bartoszyce";"bartoszycki";"warmińsko-mazurskie";1;1;3;0;0;1;1;0;0;0;1;0;0;0;0;1;0;0;9;9;3;0;0;0;1;0;2;4;1;1;0;0;1;2;6;2;6;0;1;1;0;0;1;1;4;0;0;0;0;0;13;7;6;6;92;5;0;1;3;3;3;0;1;32;1;0;11;0;0;0;1;0;1;1;1;1;0;0;1;1;0;0;46;3;0;0;0;18;0;2;0;0;1;0;0;0;0;30;2;0;0;0;0;0;0;0;1;0;1;0;0;1;0;0;0;0;0;0
8;"Dom Kultury w Wojciechach, Wojciechy 68, 11-200 Wojciechy";280103;"gm. Bartoszyce";"bartoszycki";"warmińsko-mazurskie";1;1;0;0;0;0;0;0;1;0;0;0;0;1;0;0;0;0;3;16;1;1;0;0;14;0;2;3;2;0;0;0;0;2;9;0;0;4;1;0;0;0;1;0;1;0;0;0;2;1;17;5;15;10;95;0;2;0;0;0;4;1;0;11;0;4;10;1;1;0;0;0;1;2;7;1;1;2;1;0;4;0;23;1;0;2;0;18;0;4;0;0;0;1;0;0;0;22;2;0;1;0;0;0;0;0;0;0;0;0;0;0;0;0;0;1;0;0
9;"Szkoła Podstawowa w Żydowie, Żydowo 2, 11-200 Żydowo";280103;"gm. Bartoszyce";"bartoszycki";"warmińsko-mazurskie";1;1;0;1;0;0;0;0;0;0;0;0;0;1;2;0;0;0;7;9;2;4;0;0;5;0;2;4;0;0;3;0;0;3;7;0;1;0;1;2;1;0;0;1;1;0;0;0;0;1;10;8;11;25;71;0;2;3;0;1;3;0;1;13;0;6;2;3;0;1;1;0;0;0;4;2;0;1;0;0;0;1;29;1;0;0;0;16;0;1;0;0;0;1;0;1;0;16;0;0;0;0;0;0;0;1;1;1;0;0;0;0;0;2;0;1;0;0
10;"Świetlica Wiejska w Mintach, Minty 19, 11-214 Minty";280103;"gm. Bartoszyce";"bartoszycki";"warmińsko-mazurskie";1;1;3;0;0;0;0;0;0;0;0;0;0;0;0;0;0;0;11;9;3;1;1;1;25;2;1;4;0;0;1;0;1;4;8;3;3;1;0;3;0;0;0;0;2;0;0;0;0;0;13;3;16;5;56;1;0;2;2;0;1;0;0;21;0;6;5;2;1;0;2;0;0;0;1;0;0;2;0;0;4;1;28;8;1;2;1;9;0;0;0;0;1;0;1;0;0;15;3;1;0;0;0;0;0;0;0;0;0;0;0;0;0;0;0;0;0;0
1;"Brama Lidzbarska w Bisztynku, ul. Marii Konopnickiej 9, 11-230 Bisztynek";280104;"gm. Bisztynek";"bartoszycki";"warmińsko-mazurskie";1;1;1;0;0;0;0;0;1;2;0;0;0;0;0;0;0;0;9;15;5;4;0;1;40;0;3;4;0;2;0;1;0;2;14;3;3;1;0;1;2;0;1;2;3;0;0;1;3;1;31;7;26;15;40;0;4;1;1;1;0;0;0;10;0;16;10;4;4;0;5;1;0;3;1;4;1;3;1;0;2;2;57;8;2;8;2;17;1;2;3;0;0;1;0;4;0;13;2;0;0;0;0;0;0;1;0;0;1;0;0;0;0;0;0;0;0;1
2;"Miejski Ośrodek Pomocy Społecznej w Bisztynku, pl. Wolności 5, 11-230 Bisztynek";280104;"gm. Bisztynek";"bartoszycki";"warmińsko-mazurskie";1;1;0;0;1;0;1;0;2;2;0;0;0;0;1;0;0;0;12;11;6;9;0;1;45;2;1;5;1;1;1;1;1;6;15;3;3;0;5;0;2;0;0;1;5;0;0;0;0;0;24;9;58;14;61;1;3;3;4;3;4;2;0;15;2;14;23;3;7;1;1;0;0;0;4;2;0;0;1;0;3;0;123;10;1;5;1;12;0;3;5;0;1;0;0;0;1;27;0;0;0;0;0;0;2;0;0;0;0;0;0;0;0;0;0;1;0;0
3;"Zespół Szkolno-Przedszkolny w Bisztynku, ul. Kolejowa 5, 11-230 Bisztynek";280104;"gm. Bisztynek";"bartoszycki";"warmińsko-mazurskie";1;1;0;0;0;0;0;0;0;0;0;0;0;0;0;0;0;0;3;1;2;3;0;0;11;0;0;1;0;0;0;0;1;2;2;2;3;1;0;0;3;0;0;1;0;1;1;0;0;0;4;7;7;2;9;2;0;0;0;0;2;0;0;0;0;3;3;1;0;0;3;0;0;0;0;1;0;0;0;0;0;0;20;0;1;0;1;5;0;1;2;0;0;1;0;0;0;6;0;0;1;0;0;0;0;0;0;1;0;0;0;0;0;0;0;0;0;0
4;"Świetlica w Grzędzie, Grzęda 17/3, 11-230 Bisztynek";280104;"gm. Bisztynek";"bartoszycki";"warmińsko-mazurskie";1;1;1;0;0;0;0;0;0;0;0;1;0;0;0;0;0;0;3;2;0;1;0;0;7;0;1;0;2;0;1;0;0;1;2;1;0;0;1;1;0;0;1;0;0;1;0;0;0;0;16;5;15;3;20;0;1;2;2;0;4;1;0;0;0;7;2;0;2;0;1;0;0;2;0;0;1;1;0;0;1;0;3;0;0;0;0;0;0;0;0;1;0;1;0;0;0;0;0;0;0;0;0;0;0;0;0;1;0;0;0;0;0;0;1;1;0;0
5;"Szkoła Podstawowa w Sątopach, Sątopy 1, 11-230 Bisztynek";280104;"gm. Bisztynek";"bartoszycki";"warmińsko-mazurskie";1;1;2;1;0;2;0;0;0;1;1;0;0;0;0;0;1;0;7;5;2;0;2;0;14;0;4;2;0;0;4;0;0;0;5;1;0;0;0;0;0;0;0;1;1;0;1;3;0;1;4;7;57;6;24;2;3;1;3;0;1;0;1;7;0;4;5;0;3;0;3;1;0;0;1;0;0;3;1;0;2;2;30;4;1;2;0;6;0;2;2;0;1;1;0;2;1;4;1;0;0;1;0;0;0;0;0;1;0;0;0;0;0;0;0;0;0;0
6;"Świetlica w Sątopach-Samulewie, Sątopy-Samulewo 20B/2, 11-230 Bisztynek";280104;"gm. Bisztynek";"bartoszycki";"warmińsko-mazurskie";1;1;3;1;0;2;1;0;1;0;0;0;0;0;1;0;0;3;10;3;3;2;0;2;25;1;3;4;1;2;0;0;0;1;11;0;4;1;0;1;0;2;1;1;1;2;0;1;0;1;9;9;64;6;23;2;2;1;0;0;2;0;0;10;0;3;4;0;1;0;3;0;0;0;0;1;0;0;1;0;2;2;54;8;3;2;1;5;1;0;0;0;1;1;1;0;0;7;2;0;2;0;0;0;0;0;1;2;0;0;1;0;0;0;1;0;0;1
7;"Świetlica w Paluzach, Paluzy 5/6, 11-230 Bisztynek";280104;"gm. Bisztynek";"bartoszycki";"warmińsko-mazurskie";1;1;0;0;0;0;0;0;0;0;0;0;0;0;0;0;1;0;1;6;2;1;0;7;0;0;0;1;1;0;0;0;0;2;1;1;2;2;1;0;0;0;0;1;0;0;1;0;0;0;9;4;11;10;30;0;2;1;1;1;1;0;0;6;0;5;1;0;0;3;0;0;0;0;1;0;0;0;0;1;0;0;18;2;0;0;0;9;0;1;0;0;0;0;1;0;0;0;0;0;0;0;0;0;0;0;0;2;0;0;0;0;0;0;0;0;0;0
8;"Świetlica w Troszkowie, Troszkowo 59, 11-230 Bisztynek";280104;"gm. Bisztynek";"bartoszycki";"warmińsko-mazurskie";1;1;0;0;0;0;0;0;1;0;1;0;1;0;1;0;0;0;4;0;4;3;0;2;11;3;1;2;1;0;1;0;0;1;2;3;0;0;0;0;2;0;0;0;0;1;0;0;0;0;4;1;8;4;11;1;0;0;0;0;0;0;0;2;0;3;3;0;0;0;2;1;0;0;0;0;0;2;0;1;1;1;31;2;1;1;0;3;0;0;1;0;0;0;0;0;0;8;0;0;0;0;0;0;0;0;0;0;0;0;0;0;0;0;0;0;0;0
9;"Świetlica w Prositach, Prosity 35/1, 11-230 Bisztynek";280104;"gm. Bisztynek";"bartoszycki";"warmińsko-mazurskie";1;1;1;0;0;0;0;0;0;0;0;0;0;0;0;0;0;0;3;2;1;2;0;0;9;2;0;2;1;0;0;1;0;1;6;0;2;0;0;1;0;1;1;0;0;0;0;0;0;0;19;5;10;15;25;0;1;3;1;2;2;2;0;6;1;10;7;0;0;1;1;0;0;0;1;2;0;0;0;2;1;1;19;1;0;0;0;0;0;0;1;0;0;0;0;0;0;0;1;0;0;0;0;0;0;0;0;0;0;0;0;0;0;0;0;0;0;0
10;"Świetlica w Wozławkach, Wozławki 21/6, 11-230 Bisztynek";280104;"gm. Bisztynek";"bartoszycki";"warmińsko-mazurskie";1;1;2;0;0;0;0;0;0;0;0;2;0;0;0;0;0;1;6;4;0;1;0;0;13;0;1;0;1;0;1;0;1;1;5;0;0;0;1;0;0;2;0;0;0;0;0;0;0;1;7;6;23;7;24;0;1;0;0;0;0;0;0;10;0;11;5;0;3;1;3;1;0;1;2;3;1;0;2;0;0;3;21;2;1;2;0;3;0;0;0;0;0;1;0;0;0;5;3;0;0;0;0;0;0;0;0;1;0;0;1;0;1;0;0;0;0;0
1;"Zespół Szkół z Ukraińskim Językiem Nauczania w Górowie Iławeckim, ul. Szkolna 6, 11-220 Górowo Iławeckie";280105;"gm. Górowo Iławeckie";"bartoszycki";"warmińsko-mazurskie";1;1;3;0;0;0;1;0;0;0;1;0;1;0;0;0;0;0;19;9;2;2;0;0;4;1;1;4;0;1;0;0;0;3;5;1;3;0;2;0;3;1;1;0;5;0;1;1;1;2;21;8;20;5;44;0;4;0;0;0;5;6;1;10;0;13;10;0;0;1;2;1;1;3;3;3;0;2;0;0;2;4;52;5;0;2;0;75;0;0;0;1;0;0;0;0;0;2;1;7;1;0;1;0;0;0;0;0;0;0;0;0;0;0;0;0;0;0
2;"Dom Pomocy Społecznej ""Senior"", Kamińsk ul. Topolowa 8A, 11-220 Górowo Iławeckie";280105;"gm. Górowo Iławeckie";"bartoszycki";"warmińsko-mazurskie";1;1;5;1;0;0;0;0;0;0;0;0;0;0;0;0;0;2;17;5;1;4;1;2;5;0;5;4;1;0;1;2;0;8;16;1;3;2;2;2;0;4;2;0;1;0;0;0;1;4;25;17;28;14;45;1;5;2;0;0;6;1;1;7;0;6;9;2;2;0;3;0;1;0;0;3;0;1;0;0;0;3;74;4;2;1;0;108;0;0;1;0;0;1;1;0;0;4;3;14;0;0;0;0;1;0;1;0;2;0;0;0;0;0;0;0;0;0
3;"Szkoła Podstawowa w Kandytach, Kandyty 77, 11-220 Górowo Iławeckie";280105;"gm. Górowo Iławeckie";"bartoszycki";"warmińsko-mazurskie";1;1;0;1;1;1;0;0;0;2;0;1;0;0;0;0;0;0;12;12;3;0;0;1;1;1;1;5;0;3;0;0;0;4;12;1;6;0;0;0;1;5;1;1;1;0;0;0;0;0;36;17;31;10;54;2;6;3;2;1;5;0;0;2;0;5;10;4;0;0;2;1;0;3;0;3;1;2;1;0;3;0;77;0;2;1;0;90;0;1;0;0;0;0;1;2;0;1;0;38;1;1;0;0;1;0;0;0;0;1;0;0;0;0;0;0;0;0
4;"Szkoła Filialna w Pieszkowie, Pieszkowo 38, 11-220 Górowo Iławeckie";280105;"gm. Górowo Iławeckie";"bartoszycki";"warmińsko-mazurskie";1;1;0;0;0;0;0;3;0;0;0;0;0;0;0;0;0;0;6;1;2;2;0;2;3;1;3;5;3;0;0;0;0;8;4;0;3;2;1;1;3;0;4;1;0;0;0;0;0;2;36;13;36;7;51;2;2;6;2;1;3;1;1;10;1;18;8;2;0;0;5;0;0;2;0;1;0;1;0;1;1;1;80;2;0;3;1;34;1;1;0;0;0;0;0;0;1;3;2;8;2;1;1;0;0;0;0;0;0;0;0;1;0;0;0;0;0;0
5;"Szkoła Filialna, Toprzyny 27, 11-220 Górowo Iławeckie";280105;"gm. Górowo Iławeckie";"bartoszycki";"warmińsko-mazurskie";1;1;3;0;1;1;1;1;0;0;0;0;0;0;0;0;0;0;18;6;1;1;1;1;8;0;1;5;1;1;0;0;1;2;5;1;3;0;0;0;0;2;0;0;2;0;2;0;0;0;17;10;17;5;31;1;4;0;1;0;9;0;0;2;1;8;3;0;2;2;4;0;0;3;0;1;0;0;1;0;1;0;58;0;0;2;0;36;1;0;0;0;0;0;0;1;0;2;2;3;0;0;0;0;1;0;0;0;0;0;0;0;0;0;0;0;2;0
6;"Świetlica, Bukowiec 41, 11-220 Górowo Iławeckie";280105;"gm. Górowo Iławeckie";"bartoszycki";"warmińsko-mazurskie";1;1;2;0;0;1;0;0;0;0;1;0;1;0;0;0;0;1;4;9;2;0;0;0;2;1;0;1;0;0;0;0;0;0;5;0;0;0;0;0;0;2;0;0;2;0;0;0;0;1;19;8;8;3;30;1;2;1;0;0;3;0;2;1;0;2;6;0;0;1;2;0;0;0;0;1;0;1;0;1;0;1;15;1;0;0;0;12;0;0;0;0;1;0;0;0;0;1;0;5;0;0;0;0;0;0;0;0;0;0;0;0;0;0;0;0;0;0
7;"Świetlica, Piasty Wielkie 23, 11-220 Górowo Iławeckie";280105;"gm. Górowo Iławeckie";"bartoszycki";"warmińsko-mazurskie";1;1;1;0;0;0;1;0;1;0;0;0;0;0;0;0;0;0;1;2;1;0;2;0;1;0;2;0;0;0;0;0;0;0;2;0;2;0;0;0;1;0;0;0;0;0;0;0;0;0;9;8;13;4;53;0;0;0;1;1;2;0;0;22;0;2;6;0;0;0;2;0;0;1;0;4;0;1;0;1;0;0;17;2;0;0;0;38;0;0;0;0;0;0;0;0;0;4;0;5;0;0;2;0;2;0;0;0;0;0;0;1;0;0;0;0;1;0
8;"Zakład Karny w Kamińsku, ul. Obrońców Westerplatte 1, 11-220 Kamińsk";280105;"gm. Górowo Iławeckie";"bartoszycki";"warmińsko-mazurskie";1;1;9;1;0;1;1;1;5;0;0;1;0;1;0;0;1;0;45;4;16;8;5;0;11;4;17;5;8;1;5;0;2;4;21;5;8;2;5;0;4;0;3;1;0;1;0;2;3;2;11;9;4;2;3;1;6;1;0;1;8;3;1;2;0;1;6;5;5;0;3;1;1;1;1;3;1;0;2;1;2;0;204;23;21;61;9;45;18;17;23;0;23;16;3;7;6;21;0;1;0;0;1;1;0;0;0;0;2;1;0;0;0;1;0;0;0;0
9;"Dom Pomocy Społecznej w Kamińsku, ul. Obrońców Westerplatte 10, 11-220 Kamińsk";280105;"gm. Górowo Iławeckie";"bartoszycki";"warmińsko-mazurskie";1;1;0;0;0;0;0;0;1;0;0;0;0;0;0;0;0;0;0;0;0;0;0;0;0;0;0;0;0;0;0;0;0;0;0;0;0;0;0;0;0;0;0;0;0;0;0;0;0;0;4;1;1;0;0;0;0;0;0;0;0;0;0;0;0;0;0;0;0;0;0;0;0;0;0;0;0;0;0;0;0;0;0;0;0;0;0;2;0;0;0;0;0;0;0;0;0;0;0;0;0;0;0;0;0;0;0;0;1;0;0;0;0;0;0;0;0;0
1;"Zespół Szkolno-Przedszkolny w Sępopolu, al. Wojska Polskiego 8, 11-210 Sępopol";280106;"gm. Sępopol";"bartoszycki";"warmińsko-mazurskie";1;1;8;0;2;1;2;0;0;0;0;1;0;0;1;0;0;3;27;13;9;4;1;5;20;2;6;1;4;0;2;0;3;7;18;3;3;4;0;7;0;1;1;0;3;0;1;1;0;5;41;8;86;23;174;0;1;1;1;1;5;8;2;34;0;4;19;2;4;2;6;0;2;3;3;7;1;0;1;0;1;1;102;7;1;2;1;68;0;1;3;0;1;0;0;0;0;70;1;0;1;0;0;1;0;0;1;0;0;0;0;1;0;0;1;0;0;0
2;"Miejsko Gminny Ośrodek Kultury w Sępopolu, ul. Mostowa 3, 11-210 Sępopol";280106;"gm. Sępopol";"bartoszycki";"warmińsko-mazurskie";1;1;0;0;0;0;0;0;0;0;0;1;0;0;0;0;0;1;6;1;4;1;1;0;2;1;1;0;1;2;0;0;0;2;5;0;0;0;0;0;0;0;0;0;2;0;0;1;0;1;14;6;29;11;43;0;1;0;1;0;0;0;2;6;0;1;3;0;1;0;2;0;0;0;1;1;0;0;1;0;0;1;19;3;1;1;1;29;0;0;0;0;0;0;0;1;1;7;0;0;0;0;0;0;0;0;0;0;0;0;0;0;0;0;0;0;0;0
3;"Świetlica Wiejska w Wodukajmach, Wodukajmy 20, 11-210 Sępopol";280106;"gm. Sępopol";"bartoszycki";"warmińsko-mazurskie";1;1;1;0;0;0;0;0;1;0;0;0;0;0;0;1;0;0;5;3;3;1;0;0;2;0;1;1;1;0;0;0;1;0;1;1;0;0;1;2;0;0;1;0;1;0;0;0;0;1;6;0;25;18;39;1;0;0;1;0;2;0;0;3;0;0;3;0;2;0;0;0;0;0;0;0;0;0;0;0;1;0;14;1;0;3;0;17;0;0;0;0;1;0;0;0;0;11;0;0;0;0;0;0;0;0;0;0;0;0;0;0;0;1;0;0;0;0
4;"Szkoła Podstawowa w Dzietrzychowie, Dzietrzychowo 10, 11-210 Sępopol";280106;"gm. Sępopol";"bartoszycki";"warmińsko-mazurskie";1;1;1;1;0;1;0;0;0;0;0;0;2;0;0;0;0;0;5;6;3;0;0;1;9;0;4;1;0;1;0;0;0;1;8;1;2;1;0;0;0;1;1;0;0;0;0;0;0;0;6;3;13;15;81;2;1;1;0;0;2;5;1;6;0;2;7;2;1;2;3;0;1;1;1;1;1;0;1;0;0;0;10;1;0;2;0;28;0;0;3;0;0;0;0;1;0;12;0;0;2;0;0;0;1;0;0;0;0;0;0;0;0;0;0;0;0;0
5;"Szkoła Podstawowa w Wiatrowcu, Wiatrowiec 2, 11-210 Sępopol";280106;"gm. Sępopol";"bartoszycki";"warmińsko-mazurskie";1;1;3;1;0;0;0;0;1;1;0;0;0;0;0;1;0;2;5;9;4;2;0;0;7;0;4;3;4;0;1;0;0;5;11;2;0;0;0;1;1;0;0;0;0;0;0;1;0;1;9;5;24;8;71;0;2;1;0;1;1;2;1;4;0;2;5;1;0;0;6;0;0;0;3;1;0;0;0;0;1;0;18;2;0;0;0;13;0;1;0;0;0;0;0;1;0;16;1;0;0;1;0;0;0;0;0;2;1;1;0;0;0;0;0;0;0;0
6;"Świetlica Wiejska w Smolance, Smolanka 20, 11-210 Sępopol";280106;"gm. Sępopol";"bartoszycki";"warmińsko-mazurskie";1;1;0;0;0;1;0;0;0;1;0;1;0;0;0;0;0;0;3;4;1;0;1;1;5;0;1;2;2;0;0;1;1;5;4;4;2;1;0;3;1;0;1;0;1;0;2;0;0;2;8;2;39;5;22;1;1;0;2;1;1;0;1;9;0;3;5;0;0;0;0;0;0;1;0;0;0;0;0;0;0;0;17;1;0;0;2;14;0;0;0;0;0;1;0;0;0;14;0;0;0;0;0;0;0;0;0;0;0;0;0;0;0;0;0;0;0;0
7;"Świetlica Wiejska w Romankowie, Romankowo 18A, 11-210 Sępopol";280106;"gm. Sępopol";"bartoszycki";"warmińsko-mazurskie";1;1;0;0;0;0;1;0;0;0;0;0;0;0;0;0;0;0;5;2;1;0;0;0;1;2;2;3;1;0;0;0;0;2;2;0;1;0;0;0;0;0;0;0;0;0;0;1;0;2;5;6;8;5;19;0;0;0;0;0;2;0;2;4;0;4;0;1;0;0;0;0;0;0;4;0;0;0;0;1;0;0;7;2;0;0;0;8;1;0;0;0;0;0;0;0;0;2;0;0;0;0;0;0;0;0;0;0;1;1;0;0;0;0;0;0;0;0
8;"Świetlica Wiejska w Liskach, Liski 3/13, 11-210 Sępopol";280106;"gm. Sępopol";"bartoszycki";"warmińsko-mazurskie";1;1;1;0;1;0;0;0;0;0;0;0;0;0;0;0;0;0;4;6;1;1;0;0;0;0;0;1;2;0;0;0;0;0;2;1;1;0;1;1;1;0;0;0;0;0;0;0;0;0;5;1;15;4;19;3;1;0;1;0;1;1;0;14;0;0;1;0;0;0;0;0;0;1;0;0;1;0;0;0;1;0;10;1;2;0;0;14;0;0;1;0;0;0;0;0;0;7;0;0;0;1;0;0;0;1;0;0;0;0;0;0;0;0;0;0;1;0
9;"Budynek OSP w Judytach, Judyty 7, 11-210 Sępopol";280106;"gm. Sępopol";"bartoszycki";"warmińsko-mazurskie";1;1;2;0;0;0;0;0;0;0;1;1;0;0;0;0;1;0;4;4;5;0;0;0;2;0;1;1;1;0;2;0;0;1;1;0;0;0;1;1;1;0;0;0;0;0;0;1;0;0;8;2;12;6;22;2;3;3;2;0;3;0;0;0;0;2;4;0;0;0;0;0;0;0;0;2;0;0;0;0;1;1;5;1;0;0;0;11;0;1;0;0;0;0;2;0;0;0;0;0;0;0;1;0;0;0;0;1;1;0;0;0;0;0;0;0;0;0
10;"Dom Pomocy Społecznej w Szczurkowie, Szczurkowo 25, 11-210 Sępopol";280106;"gm. Sępopol";"bartoszycki";"warmińsko-mazurskie";1;1;0;0;0;1;0;0;0;0;0;0;0;0;0;0;0;0;0;0;0;0;0;0;0;0;0;0;0;0;0;0;0;0;1;0;0;0;0;0;0;0;0;0;0;0;0;0;1;0;1;0;2;0;1;0;0;0;0;0;0;0;0;0;0;0;0;0;0;0;0;0;0;0;0;0;0;0;0;0;0;0;0;0;0;0;0;0;0;0;0;0;0;0;0;0;0;0;0;0;0;0;0;0;0;0;0;0;0;0;0;0;0;0;0;0;0;0
1;"Miejski Ośrodek Pomocy Społecznej, ul. Rzemieślnicza 1, 14-500 Braniewo";280201;"m. Braniewo";"braniewski";"warmińsko-mazurskie";1;1;2;1;0;1;4;1;1;0;1;1;0;0;0;0;0;1;36;16;12;1;3;0;8;1;7;0;2;2;1;0;1;64;56;5;9;1;4;0;1;1;3;1;0;6;0;2;1;1;33;15;128;47;1;1;7;7;2;1;3;0;1;2;0;4;26;1;4;2;0;9;1;2;2;2;0;0;1;0;5;2;98;124;6;12;1;38;0;15;33;0;4;0;1;3;0;1;3;1;0;0;0;8;0;0;0;0;0;0;0;0;0;0;0;0;0;0
2;"Szkoła Podstawowa nr 6, ul. Konarskiego 13, 14-500 Braniewo";280201;"m. Braniewo";"braniewski";"warmińsko-mazurskie";1;1;0;0;3;2;0;1;0;0;0;0;1;0;0;0;0;0;40;18;5;1;0;1;7;1;6;1;8;0;1;2;1;40;35;0;11;1;2;1;3;1;1;4;0;7;3;1;1;5;75;14;103;55;2;1;18;3;0;0;3;0;0;7;1;2;19;1;3;3;6;7;1;1;1;0;3;3;3;0;3;0;108;84;5;10;1;31;0;5;44;2;6;2;0;1;1;2;4;0;0;0;0;8;0;0;0;0;3;0;0;2;0;0;0;0;0;0
3;"Zespół Szkół Budowlanych, ul. Wiejska 2, 14-500 Braniewo";280201;"m. Braniewo";"braniewski";"warmińsko-mazurskie";1;1;1;1;1;1;0;2;0;1;0;1;0;0;0;0;0;3;26;12;4;3;0;2;13;2;6;2;1;1;2;1;4;43;26;2;5;2;3;1;1;1;1;0;1;4;0;0;1;5;49;17;142;64;0;2;17;4;0;0;2;3;0;4;1;2;30;2;3;1;4;8;1;1;0;1;0;0;3;1;0;0;94;93;10;3;4;27;2;6;40;1;1;2;0;2;0;1;4;0;0;0;0;8;0;0;0;2;0;0;0;0;0;0;0;0;0;0
4;"Braniewskie Centrum Kultury, ul. Katedralna 9, 14-500 Braniewo";280201;"m. Braniewo";"braniewski";"warmińsko-mazurskie";1;1;7;1;0;1;1;3;1;0;0;1;0;0;0;0;1;0;18;13;4;4;0;2;12;1;2;3;0;2;0;0;2;49;44;4;8;2;2;2;4;0;0;2;0;9;1;0;1;1;54;16;128;62;2;1;7;3;0;0;0;1;1;0;0;4;11;3;6;1;1;4;1;2;1;0;1;1;0;1;4;1;130;109;2;13;1;21;2;11;50;1;1;2;1;6;2;0;4;1;0;0;0;5;0;0;0;0;0;0;0;0;0;0;0;0;1;0
5;"Szkoła Podstawowa Nr 5, ul. Moniuszki 22a, 14-500 Braniewo";280201;"m. Braniewo";"braniewski";"warmińsko-mazurskie";1;1;3;0;0;1;1;3;0;0;0;0;1;0;0;1;0;3;47;25;11;6;3;1;12;4;6;5;9;0;1;1;0;55;58;9;10;4;4;1;7;1;1;4;1;10;1;0;2;1;61;18;174;47;2;1;16;10;1;0;3;0;0;1;0;3;19;8;7;2;1;2;1;0;5;0;1;0;0;0;6;0;150;71;3;10;2;41;0;12;65;1;1;1;1;3;0;2;8;0;0;1;0;8;0;0;0;2;0;0;0;0;0;0;0;0;0;0
6;"Przedszkole Miejskie Nr 4, ul. Sucharskiego 19, 14-500 Braniewo";280201;"m. Braniewo";"braniewski";"warmińsko-mazurskie";1;1;3;1;1;0;1;1;1;0;1;0;0;2;0;0;0;1;41;36;14;3;0;2;9;1;10;4;2;3;0;1;0;51;71;2;12;5;1;1;1;1;1;2;0;4;1;0;0;5;70;17;83;60;10;1;13;11;4;0;5;1;1;3;0;3;52;4;9;1;2;12;0;2;0;1;0;2;1;1;2;3;163;103;5;22;3;35;4;4;68;3;7;1;0;4;0;8;4;2;1;1;0;6;0;1;2;0;2;0;2;0;1;1;0;2;0;1
7;"Szkoła Podstawowa Nr 3, ul. PCK 4, 14-500 Braniewo";280201;"m. Braniewo";"braniewski";"warmińsko-mazurskie";1;1;1;1;0;2;5;3;0;0;0;0;0;0;1;0;0;0;31;31;8;5;1;1;7;2;6;2;8;0;1;2;2;55;35;1;4;2;5;0;3;0;0;0;15;0;0;1;0;0;54;15;126;70;3;0;34;6;0;0;3;0;0;2;0;1;33;1;3;1;2;7;0;3;0;0;0;4;1;1;0;0;119;107;5;15;0;23;3;8;44;1;6;0;0;3;0;3;2;0;0;1;0;1;1;1;0;1;1;0;0;0;0;1;0;0;0;3
8;"Przedszkole Miejskie Nr 2, ul. Różana 14, 14-500 Braniewo";280201;"m. Braniewo";"braniewski";"warmińsko-mazurskie";1;1;1;0;0;0;4;2;3;1;0;0;0;1;1;0;0;0;35;34;4;2;0;3;15;2;5;6;5;0;5;0;1;74;50;9;18;1;1;0;1;0;2;1;0;13;5;2;0;5;59;22;182;36;3;0;13;6;1;0;3;0;1;1;0;5;41;5;3;2;2;11;0;4;0;3;1;1;5;0;1;1;167;97;6;21;3;51;3;11;75;3;1;2;1;3;2;5;9;0;2;0;2;17;0;0;2;1;0;0;0;0;0;1;0;0;0;0
9;"Powiatowe Centrum Medyczne Spółka z o. o. w Braniewie, ul. Moniuszki 13, 14-500 Braniewo";280201;"m. Braniewo";"braniewski";"warmińsko-mazurskie";1;1;0;0;0;0;0;0;0;0;0;0;0;0;0;0;0;0;1;0;0;0;0;0;1;0;0;0;0;0;0;0;0;2;0;0;0;0;0;1;0;0;0;0;0;0;0;0;0;0;4;2;1;3;0;1;0;2;1;1;0;2;0;0;0;0;0;0;0;0;0;0;0;0;0;0;0;0;0;0;0;0;4;2;0;0;0;1;0;0;0;0;0;0;0;0;0;0;0;0;0;0;0;0;0;0;0;0;0;0;0;0;0;0;0;0;0;0
10;"Oddział Zewnętrzny w Braniewie Aresztu Śledczego w Elblągu, pl. Grunwaldu 2A, 14-500 Braniewo";280201;"m. Braniewo";"braniewski";"warmińsko-mazurskie";1;1;1;0;0;0;0;0;0;1;0;0;0;0;0;0;0;0;5;1;1;2;2;1;0;0;1;1;0;0;0;0;1;1;1;1;1;1;1;0;1;0;0;0;0;0;0;0;0;0;2;6;0;0;0;0;0;0;0;0;1;0;1;0;0;0;7;0;0;0;1;0;0;0;0;0;0;0;1;0;0;2;17;4;1;10;2;3;0;0;2;0;2;2;0;0;0;0;1;1;0;0;0;0;0;0;0;0;0;0;0;0;0;0;0;0;0;0
1;"Urząd Gminy w Braniewie, ul. Moniuszki 5, 14-500 Braniewo";280202;"gm. Braniewo";"braniewski";"warmińsko-mazurskie";1;1;6;1;0;0;1;0;1;0;0;0;1;0;0;0;1;1;17;38;9;1;1;1;8;3;3;1;1;3;0;0;0;41;12;2;3;0;2;0;1;1;0;2;0;7;0;0;0;0;64;18;94;23;1;0;11;5;1;0;2;0;0;0;1;0;18;2;3;1;1;14;0;1;2;2;1;2;0;0;2;0;68;35;5;6;0;15;1;5;25;0;5;0;1;2;0;2;3;0;1;2;1;2;0;0;0;0;0;1;0;0;0;1;0;0;0;1
2;"Szkoła Filialna Szkoły Podstawowej im. Wincentego Witosa w Lipowinie, Szyleny 13, 14-500 Braniewo";280202;"gm. Braniewo";"braniewski";"warmińsko-mazurskie";1;1;1;0;0;0;0;1;0;0;0;0;0;0;0;0;0;0;4;18;5;1;0;0;2;0;0;1;1;0;1;0;0;38;8;0;1;1;0;1;0;0;0;2;0;1;0;0;0;0;21;6;47;15;3;1;6;3;0;0;0;2;0;1;1;1;8;1;0;0;0;3;0;1;1;0;0;0;1;0;1;0;11;12;2;2;0;2;0;2;4;3;0;0;0;0;0;1;1;0;0;0;0;0;0;0;0;0;0;0;0;0;0;0;0;0;0;0
3;"Świetlica Wiejska w Lipowinie, Lipowina 31A, 14-500 Braniewo";280202;"gm. Braniewo";"braniewski";"warmińsko-mazurskie";1;1;3;0;2;0;0;1;0;0;1;2;0;0;1;0;0;2;19;9;1;1;1;0;8;1;3;0;1;2;1;0;0;44;10;8;5;1;1;0;1;1;1;0;0;9;0;0;0;0;44;18;86;89;7;2;16;2;0;1;7;0;0;3;0;1;11;3;0;0;0;6;0;3;1;0;1;1;1;0;2;0;45;27;1;7;1;6;5;5;13;1;2;0;0;0;0;1;3;0;0;0;0;6;0;0;0;0;1;0;0;1;1;2;0;0;0;0
4;"Świetlica Wiejska w Żelaznej Górze, Żelazna Góra 24, 14-500 Braniewo";280202;"gm. Braniewo";"braniewski";"warmińsko-mazurskie";1;1;1;0;1;0;1;0;0;0;1;0;0;1;0;0;0;0;7;24;5;0;1;0;4;1;0;0;2;2;0;2;0;22;8;2;1;1;0;0;1;0;0;0;0;8;0;0;0;1;21;5;23;40;1;2;9;0;1;0;1;10;1;1;1;6;6;0;0;1;0;3;0;0;0;0;0;0;1;0;1;0;22;14;3;2;0;24;1;8;7;0;1;0;1;0;0;1;0;0;0;0;0;2;3;0;0;0;0;0;0;0;0;0;0;0;0;1
5;"Świetlica Wiejska w Gronowie, Gronowo 15, 14-500 Braniewo";280202;"gm. Braniewo";"braniewski";"warmińsko-mazurskie";1;1;2;0;0;1;1;0;0;0;0;2;0;0;0;0;0;0;12;16;2;1;1;0;3;3;4;2;2;1;0;0;2;33;3;0;0;0;0;0;1;1;0;1;0;7;1;1;3;1;25;4;17;23;2;0;25;1;0;1;2;0;1;0;0;0;10;1;0;2;1;2;0;1;0;1;1;0;2;0;1;0;21;17;1;3;1;16;1;3;17;0;0;0;2;0;0;1;0;1;0;0;0;0;0;0;0;1;1;0;0;0;0;0;0;0;0;0
6;"Świetlica Wiejska w Rogitach, Rogity 52, 14-500 Braniewo";280202;"gm. Braniewo";"braniewski";"warmińsko-mazurskie";1;1;1;0;0;0;0;2;0;0;0;0;0;0;0;1;0;0;7;5;4;1;0;1;5;0;2;1;2;0;1;1;0;31;10;0;2;1;0;0;1;0;0;0;2;2;0;0;1;2;18;2;31;15;1;0;10;1;1;0;1;0;0;8;0;0;12;2;2;0;0;1;0;1;3;0;0;0;0;0;3;0;17;13;0;0;1;4;1;0;8;0;0;0;1;2;0;2;2;0;0;0;0;4;0;0;0;1;0;0;0;0;0;1;0;0;0;0
7;"Świetlica Wiejska w Bemowiźnie, Bemowizna 18A, 14-500 Braniewo";280202;"gm. Braniewo";"braniewski";"warmińsko-mazurskie";1;1;1;0;1;0;1;0;0;0;0;0;0;0;0;0;0;0;5;1;1;0;0;1;2;0;0;1;0;0;0;0;0;7;16;0;0;0;0;0;1;0;0;1;0;9;1;1;0;0;16;7;20;20;0;0;7;1;1;0;0;0;0;2;0;2;6;0;0;0;0;9;0;1;0;0;2;0;2;0;2;2;7;9;2;0;1;3;0;1;0;0;0;0;0;0;0;1;0;0;0;1;0;2;0;0;0;0;0;0;0;0;0;2;0;1;0;0
1;"Urząd Miasta i Gminy we Fromborku, ul. Młynarska 5a, 14-530 Frombork";280203;"gm. Frombork";"braniewski";"warmińsko-mazurskie";1;1;3;0;0;0;0;0;0;1;0;2;0;0;2;0;0;2;17;9;4;0;0;0;2;0;2;0;1;0;1;1;2;33;20;1;3;2;1;1;2;0;0;0;1;2;0;1;0;0;46;14;52;29;1;3;6;2;6;1;3;0;0;1;0;4;18;1;1;2;2;1;0;6;0;0;0;2;0;0;4;9;42;28;4;3;0;16;2;2;6;0;4;0;0;1;0;1;1;0;0;1;0;2;0;0;0;0;0;0;1;0;0;1;0;0;0;1
2;"Zespół Szkół we Fromborku, ul. Katedralna 9, 14-530 Frombork";280203;"gm. Frombork";"braniewski";"warmińsko-mazurskie";1;1;2;0;1;0;2;1;0;0;0;1;0;0;0;0;0;0;22;17;6;2;0;1;6;2;1;4;4;0;2;0;2;24;38;0;3;1;3;1;1;2;1;2;0;0;0;0;0;0;34;38;52;22;4;1;1;3;1;1;1;0;0;0;1;3;19;3;4;0;3;4;2;3;1;2;0;0;1;1;0;3;74;153;1;9;1;9;1;3;6;1;1;0;2;0;0;4;1;1;1;1;0;0;2;0;0;1;1;0;1;1;1;1;0;0;0;0
3;"Miejsko-Gminny Ośrodek Kultury we Fromborku, ul. Osiedle Słoneczne 16, 14-530 Frombork";280203;"gm. Frombork";"braniewski";"warmińsko-mazurskie";1;1;0;1;0;0;0;1;0;0;0;1;1;0;1;1;0;0;17;30;4;1;0;1;3;2;4;0;2;0;0;0;0;17;31;0;3;0;1;0;0;0;1;0;2;2;0;1;1;0;18;13;54;33;3;0;1;3;4;0;1;2;2;3;0;3;8;0;0;0;0;1;0;0;0;1;0;0;0;0;2;2;52;95;2;6;0;11;0;1;6;1;2;0;0;1;0;3;3;0;1;0;2;2;0;0;1;0;0;0;0;0;0;0;0;0;0;0
4;"Samodzielny Publiczny Specjalistyczny Psychiatryczny Zakład Opieki Zdrowotnej, ul. Sanatoryjna 1, 14-530 Frombork";280203;"gm. Frombork";"braniewski";"warmińsko-mazurskie";1;1;0;1;0;1;0;0;0;0;0;0;0;0;0;0;0;0;5;1;0;0;0;0;0;1;0;0;1;2;1;0;0;1;4;1;1;0;0;0;0;0;0;0;0;0;0;0;0;0;22;10;13;8;0;2;0;2;2;0;1;1;0;1;0;0;0;1;0;1;1;0;0;1;0;1;0;1;0;0;0;0;6;4;0;0;0;0;0;0;4;0;0;0;0;0;0;0;0;1;1;0;0;0;0;0;0;0;1;0;0;0;0;0;0;0;0;0
1;"Gminne Centrum Kultury, Lelkowo 17, 14-521 Lelkowo";280204;"gm. Lelkowo";"braniewski";"warmińsko-mazurskie";1;1;4;0;0;1;0;0;0;0;0;0;0;0;0;0;1;1;9;20;3;0;4;1;1;0;0;3;1;0;0;0;0;43;12;2;2;0;0;1;0;0;0;2;0;2;0;1;0;2;52;17;62;52;6;3;5;2;1;1;6;16;0;9;0;4;19;2;5;1;2;2;3;1;0;3;0;1;1;0;2;0;34;9;0;5;1;80;2;0;2;2;0;2;0;0;1;1;0;1;2;0;0;2;0;0;0;0;0;0;0;0;1;0;0;0;0;0
2;"Szkoła Podstawowa, Zagaje 6, 14-521 Lelkowo";280204;"gm. Lelkowo";"braniewski";"warmińsko-mazurskie";1;1;0;0;0;0;0;0;0;0;0;0;0;0;0;0;0;0;4;5;0;0;1;0;0;0;1;2;2;0;0;1;0;14;9;2;4;0;1;1;1;0;2;0;0;3;1;0;1;0;21;15;19;33;11;0;4;3;1;4;0;0;0;0;0;0;6;1;1;1;0;0;1;1;0;1;0;0;1;0;2;0;16;9;1;1;2;31;1;1;2;1;0;0;1;0;0;0;1;0;0;1;0;1;0;0;0;0;2;0;0;0;0;0;0;0;0;0
3;"Świetlica, Głębock 63, 14-521 Lelkowo";280204;"gm. Lelkowo";"braniewski";"warmińsko-mazurskie";1;1;0;1;0;0;0;0;0;0;1;0;1;1;0;0;0;0;0;1;0;0;0;0;0;0;0;1;1;0;0;0;0;6;0;0;0;0;0;0;0;0;1;2;1;0;0;0;0;0;19;6;13;13;4;0;0;0;1;1;1;0;1;3;0;1;7;1;0;0;0;1;0;1;0;0;0;0;0;0;0;1;5;0;0;0;0;36;0;0;1;0;2;0;0;0;0;0;0;0;0;0;0;1;0;0;0;0;0;0;0;0;0;0;0;0;0;0
4;"Świetlica, Wyszkowo 20, 14-521 Lelkowo";280204;"gm. Lelkowo";"braniewski";"warmińsko-mazurskie";1;1;0;0;1;0;0;0;0;0;0;0;0;0;0;0;0;0;2;7;2;1;0;0;1;0;0;0;0;0;0;0;0;8;4;0;2;0;0;0;1;0;1;0;0;3;0;1;0;1;23;3;12;26;4;1;3;0;1;0;3;1;0;1;0;0;5;1;0;1;1;0;0;0;1;1;0;0;1;0;2;2;7;2;0;0;0;17;0;0;4;0;0;0;0;1;0;2;0;1;0;0;0;0;0;0;0;1;0;0;0;0;0;0;0;0;0;0
1;"Środowiskowy Dom Samopomocy-""Bajka"", ul. Sienkiewicza 2, 14-520 Pieniężno";280205;"gm. Pieniężno";"braniewski";"warmińsko-mazurskie";1;1;1;0;2;0;3;0;0;0;0;0;0;0;1;0;0;1;22;8;3;0;0;3;3;1;3;10;2;3;0;0;1;18;45;6;4;0;1;0;3;3;0;2;1;5;0;1;1;2;64;15;105;82;16;1;6;4;7;0;5;3;0;7;0;9;15;2;8;2;5;2;0;4;0;2;0;1;0;1;1;2;121;19;1;2;2;69;1;4;2;7;9;1;1;3;1;2;0;0;1;0;0;2;0;2;0;0;0;0;1;0;0;0;0;0;0;0
2;"Zespół Szkolno-Przedszkolny, ul. Ornecka 8, 14-520 Pieniężno";280205;"gm. Pieniężno";"braniewski";"warmińsko-mazurskie";1;1;3;1;1;0;1;1;0;0;0;0;0;0;0;0;0;0;23;6;1;2;0;0;3;3;5;12;1;1;0;0;3;20;20;2;7;0;0;0;1;0;0;1;0;1;1;0;0;1;39;18;52;46;6;4;2;1;0;0;2;2;1;4;0;4;10;8;6;0;3;0;0;0;0;0;1;0;1;0;2;1;104;14;1;3;0;50;1;0;0;4;5;2;0;1;0;2;1;0;1;1;0;1;0;1;0;0;1;0;0;0;0;0;0;1;0;0
3;"Miejski Dom Kultury, ul. Sienkiewicza 4, 14-520 Pieniężno";280205;"gm. Pieniężno";"braniewski";"warmińsko-mazurskie";1;1;1;0;0;0;1;0;0;0;0;0;0;0;2;0;0;0;18;8;4;0;1;1;0;2;3;2;4;1;0;0;0;11;13;1;1;0;0;1;1;0;2;0;0;4;0;0;1;0;67;14;68;45;4;7;6;3;1;0;5;7;0;6;0;4;20;2;4;0;2;1;0;2;0;0;0;1;0;0;1;2;56;5;1;1;0;30;0;2;2;0;0;2;0;0;0;1;2;2;0;1;0;3;0;0;0;0;0;0;0;0;0;2;0;0;0;1
4;"Szkoła Podstawowa, Lechowo 72, 14-520 Pieniężno";280205;"gm. Pieniężno";"braniewski";"warmińsko-mazurskie";1;1;1;0;1;0;0;0;0;0;0;0;0;0;0;0;0;0;8;3;0;2;0;0;0;0;1;5;0;1;0;0;0;4;3;0;0;0;0;0;0;0;0;0;0;0;0;0;0;0;14;6;64;27;3;5;2;1;2;0;6;0;0;3;0;4;9;2;2;1;2;0;1;1;0;1;0;1;0;1;2;1;18;2;0;3;0;4;0;0;0;0;1;0;0;0;0;1;0;0;0;1;0;1;0;0;0;0;0;0;0;0;0;0;0;0;0;0
5;"Świetlica Sołecka, Pluty 13, 14-520 Pieniężno";280205;"gm. Pieniężno";"braniewski";"warmińsko-mazurskie";1;1;0;0;1;0;0;0;0;0;0;0;0;0;0;0;1;0;9;5;0;2;1;0;2;1;1;2;0;0;0;0;0;10;2;0;0;0;0;0;0;0;0;0;0;0;0;0;0;0;14;6;17;21;3;1;2;1;0;1;2;1;1;0;0;3;4;1;1;0;0;0;0;1;0;0;0;2;0;0;1;0;19;3;0;1;0;17;0;0;0;0;1;0;0;0;0;1;0;3;0;0;1;0;0;0;0;0;0;0;0;0;1;0;0;0;0;0
6;"Budynek po Szkole Podstawowej, Pakosze 22, 14-520 Pieniężno";280205;"gm. Pieniężno";"braniewski";"warmińsko-mazurskie";1;1;2;0;0;2;0;0;0;0;0;0;1;0;1;0;0;2;8;2;0;0;0;2;0;0;0;0;3;0;0;0;2;9;3;2;0;0;1;0;0;1;0;0;0;0;2;0;0;1;10;8;49;15;4;0;3;0;0;0;2;0;0;0;0;1;5;0;0;0;0;1;0;0;0;0;0;0;0;0;2;0;18;3;0;3;0;15;0;0;0;0;1;0;0;0;0;0;2;0;0;0;0;0;0;0;0;0;1;0;0;0;0;1;0;0;0;0
7;"Świetlica Sołecka, Piotrowiec 13, 14-520 Pieniężno";280205;"gm. Pieniężno";"braniewski";"warmińsko-mazurskie";1;1;2;0;0;0;0;0;1;0;0;0;0;0;0;0;0;0;5;2;1;1;0;1;0;0;0;0;0;0;0;0;0;4;5;2;1;1;0;0;0;0;0;0;0;2;0;0;1;0;25;6;38;40;4;0;15;2;2;0;1;0;1;0;0;2;10;1;2;0;1;1;0;1;0;0;0;1;2;1;0;0;19;1;0;4;0;17;3;2;5;0;1;0;0;1;0;0;3;0;1;0;1;2;0;0;1;0;0;0;0;0;0;0;0;0;0;0
1;"Szkoła Podstawowa w Płoskini, Płoskinia 43, 14-526 Płoskinia";280206;"gm. Płoskinia";"braniewski";"warmińsko-mazurskie";1;1;2;0;0;0;1;3;0;0;0;0;0;0;0;0;0;0;10;5;5;1;1;1;2;1;2;1;1;0;0;3;0;35;11;1;1;1;0;0;1;2;1;2;0;0;2;0;0;1;37;38;57;33;4;0;13;2;1;1;6;1;0;1;1;3;15;1;0;0;1;6;0;1;3;0;0;0;1;0;2;1;54;21;4;2;2;16;1;4;19;0;2;0;0;1;0;0;3;1;0;0;0;2;0;0;0;0;0;0;0;2;0;0;0;0;0;0
2;"Szkoła Podstawowa w Chruścielu, Chruściel 27, 14-526 Płoskinia";280206;"gm. Płoskinia";"braniewski";"warmińsko-mazurskie";1;1;1;0;0;0;0;1;0;0;0;0;0;0;1;0;0;0;2;4;1;1;0;0;3;1;1;1;0;0;0;0;0;49;15;1;5;0;1;0;0;1;0;0;0;1;1;0;0;0;18;10;47;7;2;0;3;1;0;0;0;0;0;0;0;0;9;0;0;0;2;0;0;0;0;1;0;0;0;0;0;1;29;11;1;0;0;5;0;1;15;0;0;0;0;0;0;1;0;1;1;2;0;10;2;0;0;0;0;0;1;0;0;0;0;0;0;0
3;"Świetlica Wiejska w Długoborze, Długobór 11, 14-526 Płoskinia";280206;"gm. Płoskinia";"braniewski";"warmińsko-mazurskie";1;1;0;0;1;0;0;1;0;0;0;0;0;0;1;1;0;1;10;3;1;1;0;1;2;2;1;1;0;0;0;1;0;14;6;1;2;0;1;0;0;0;1;0;0;0;0;0;1;2;19;11;50;20;1;0;2;0;1;0;0;0;0;0;0;0;9;0;1;0;0;0;0;2;0;0;1;0;0;0;0;1;23;6;1;2;0;10;0;2;2;0;0;1;0;0;0;1;1;0;2;0;0;1;0;0;0;1;0;0;0;1;1;0;0;0;0;0
4;"Świetlica Wiejska w Dąbrowie, Dąbrowa 41, 14-526 Płoskinia";280206;"gm. Płoskinia";"braniewski";"warmińsko-mazurskie";1;1;0;0;0;0;0;0;0;0;0;0;0;0;0;0;0;0;2;0;0;0;0;0;1;0;0;0;1;0;0;0;0;3;3;1;2;0;0;0;0;0;1;0;0;0;0;0;0;0;13;4;22;9;2;0;1;1;0;0;0;1;1;2;1;0;9;0;0;2;1;0;0;0;0;0;0;0;1;0;0;0;6;5;1;0;0;1;0;0;1;0;0;0;0;1;0;0;1;0;0;0;0;0;0;0;0;0;0;0;0;0;0;0;0;0;0;0
1;"Szkoła Podstawowa, Wilczęta 43A, 14-405 Wilczęta";280207;"gm. Wilczęta";"braniewski";"warmińsko-mazurskie";1;1;3;1;0;0;1;0;0;0;0;0;0;0;0;0;0;0;13;24;5;1;0;1;2;0;1;4;0;0;0;0;1;16;14;1;0;3;0;1;1;1;0;0;0;4;1;0;0;2;29;18;59;5;3;3;2;2;1;0;0;1;0;0;0;2;17;1;3;1;2;0;0;3;1;0;0;3;2;0;2;3;31;20;2;2;0;42;0;0;2;4;0;0;0;0;2;1;0;0;0;0;0;0;0;0;0;1;0;0;0;0;1;0;0;0;0;0
2;"Budynek po Szkole Podstawowej, Nowica 17, 14-405 Wilczęta";280207;"gm. Wilczęta";"braniewski";"warmińsko-mazurskie";1;1;0;0;1;1;1;1;0;0;0;0;0;0;0;0;0;0;8;13;2;2;0;1;1;4;0;3;0;0;1;0;2;21;13;1;1;0;0;0;0;1;1;2;0;0;0;0;0;0;19;11;33;14;2;4;1;0;0;0;1;1;1;0;0;1;12;1;0;0;1;0;0;1;0;1;0;1;2;1;4;0;16;3;2;6;3;21;0;1;3;0;0;0;0;0;0;1;2;0;1;0;2;0;1;0;0;1;0;0;1;0;0;0;0;0;0;1
3;"Szkoła Podstawowa, Słobity 3, 14-405 Wilczęta";280207;"gm. Wilczęta";"braniewski";"warmińsko-mazurskie";1;1;1;0;1;0;0;0;0;0;1;0;0;0;0;0;0;0;9;10;2;1;0;0;1;1;0;1;1;0;1;0;1;5;4;1;3;2;0;0;1;0;0;0;0;0;0;0;0;1;23;21;53;12;5;1;4;1;2;1;4;1;2;0;1;2;8;2;0;0;1;0;1;0;1;0;0;0;2;0;1;0;29;14;3;6;1;27;2;2;1;4;1;0;0;0;1;4;0;0;0;0;0;0;0;0;0;0;0;0;0;0;0;0;0;0;0;0
4;"Centrum Kultury, Gładysze 13, 14-405 Wilczęta";280207;"gm. Wilczęta";"braniewski";"warmińsko-mazurskie";1;1;1;0;0;0;1;1;0;0;0;0;1;0;0;0;0;0;5;4;1;0;1;0;0;0;2;1;2;0;1;0;0;0;4;2;3;0;1;0;0;0;1;0;0;3;0;0;0;0;18;9;53;16;4;7;1;0;0;0;0;1;1;0;0;2;10;2;0;1;0;0;0;1;0;0;0;0;1;0;0;0;20;6;0;2;0;21;0;1;0;0;1;0;0;0;2;0;1;0;0;0;0;0;0;0;0;1;0;0;0;0;0;0;0;0;0;0
1;"Zespół Placówek Oświatowych nr 4 w Działdowie, ul. Polna 11, 13-200 Działdowo";280301;"m. Działdowo";"działdowski";"warmińsko-mazurskie";1;1;7;0;1;0;0;4;3;0;3;2;0;0;0;1;0;1;67;44;23;23;3;1;18;1;8;6;5;0;7;3;0;4;33;6;44;1;0;0;3;0;1;0;1;0;14;1;0;2;18;14;44;372;5;5;9;0;2;4;7;2;1;0;27;3;34;1;8;4;7;1;0;5;2;1;1;8;3;2;3;9;247;13;19;11;1;7;247;9;6;1;1;2;1;1;1;2;7;1;6;1;3;0;1;0;0;2;0;0;0;0;0;2;0;0;0;1
2;"Zespół Placówek Oświatowych nr 4 w Działdowie, Przedszkole Nr 4, ul. Mrongowiusza 7, 13-200 Działdowo";280301;"m. Działdowo";"działdowski";"warmińsko-mazurskie";1;1;4;0;2;1;0;1;2;0;0;0;0;2;0;0;1;2;24;13;7;12;1;1;3;1;5;1;3;0;0;1;0;3;16;3;25;3;4;0;1;1;1;0;0;0;17;0;3;1;6;0;19;197;3;0;0;1;3;2;4;0;1;0;10;1;14;1;6;1;1;0;1;1;0;0;0;3;0;0;3;1;125;4;16;11;2;3;96;5;1;0;0;2;0;0;0;1;1;0;0;1;4;1;0;0;0;1;0;0;0;0;0;0;0;0;0;0
3;"Zespół Szkół Nr 1 (Sala Sportowa) w Działdowie, ul. Grunwaldzka 4, 13-200 Działdowo";280301;"m. Działdowo";"działdowski";"warmińsko-mazurskie";1;1;4;0;0;0;0;1;1;0;0;0;1;1;0;1;0;1;38;19;13;15;5;0;8;2;15;3;2;0;1;0;0;8;17;3;30;0;2;0;0;0;1;0;0;1;10;0;0;2;12;6;18;182;4;2;1;0;5;0;4;5;0;0;14;2;26;5;6;1;3;2;3;1;1;0;1;10;3;1;0;2;110;3;20;7;2;4;116;5;6;2;0;1;1;2;0;1;3;0;1;0;0;0;2;0;0;0;3;1;0;0;0;1;1;0;0;0
4;"Zespół Placówek Oświatowych nr 1 w Działdowie Szkoła Podstawowa Nr 1 (Sala Sportowa), ul. Władysława Jagiełły 33, 13-200 Działdowo";280301;"m. Działdowo";"działdowski";"warmińsko-mazurskie";1;1;1;0;1;0;0;0;0;0;0;0;1;0;0;0;0;0;9;14;4;9;1;3;5;1;5;1;1;0;0;1;0;0;19;1;17;0;0;0;2;0;0;3;0;0;9;0;1;1;9;2;10;128;2;0;0;3;3;1;1;0;3;0;9;0;13;1;4;0;1;0;0;0;0;0;0;1;0;2;0;1;61;11;12;8;4;0;48;5;1;0;2;0;1;0;2;1;1;0;0;0;1;1;0;0;0;0;0;0;0;0;0;3;0;0;0;0
5;"Zespół Szkół Zawodowych Nr 1 (Sala Sportowa) w Działdowie, ul. Pocztowa 6, 13-200 Działdowo";280301;"m. Działdowo";"działdowski";"warmińsko-mazurskie";1;1;6;0;1;0;1;3;3;1;0;0;2;0;0;0;0;0;37;12;12;9;3;0;5;2;2;6;2;3;0;0;2;7;42;7;22;1;1;1;1;0;2;1;1;1;9;0;0;6;30;6;14;260;5;2;6;2;3;15;3;0;1;0;30;8;14;0;4;4;2;1;0;2;3;1;0;9;0;2;1;6;134;14;19;10;2;2;124;4;2;0;0;0;0;0;1;0;7;0;2;0;2;0;1;0;1;2;1;0;0;0;0;0;0;1;0;0
6;"Miejska Biblioteka Publiczna w Działdowie, ul. Wolności 64 a, 13-200 Działdowo";280301;"m. Działdowo";"działdowski";"warmińsko-mazurskie";1;1;7;1;0;0;1;0;2;0;0;2;1;0;0;0;1;1;45;16;7;15;3;2;13;2;5;3;2;4;0;0;0;1;17;5;24;1;1;1;3;0;2;1;0;0;9;1;0;1;14;10;17;188;0;9;2;0;2;2;4;2;0;0;28;0;11;0;1;0;3;0;0;1;2;1;0;10;1;0;0;1;146;6;24;2;2;1;97;6;1;0;1;0;0;0;0;1;3;0;0;0;0;0;0;0;2;0;2;1;0;0;0;0;1;1;0;1
7;"Zespół Placówek Oświatowych nr 3, Szkoła Podstawowa Nr 3 w Działdowie, ul. Lenartowicza 1, 13-200 Działdowo";280301;"m. Działdowo";"działdowski";"warmińsko-mazurskie";1;1;10;1;3;0;1;2;0;0;1;1;0;0;0;0;0;0;39;33;14;17;4;3;15;1;10;8;5;3;4;1;0;10;34;6;38;1;2;0;2;1;1;5;0;1;12;0;2;3;26;20;22;382;6;2;9;2;8;1;8;3;0;4;62;2;34;8;5;1;3;1;0;5;1;3;0;12;0;2;3;4;228;21;24;8;4;7;169;7;1;0;2;1;2;0;1;3;7;0;1;0;3;1;0;0;0;2;0;1;2;0;0;0;1;0;0;0
8;"Spółdzielnia Mieszkaniowa Lokatorsko-Własnościowa w Działdowie, ul. Nidzicka 17, 13-200 Działdowo";280301;"m. Działdowo";"działdowski";"warmińsko-mazurskie";1;1;7;0;0;1;1;0;1;1;2;0;0;0;0;0;1;1;36;14;9;8;2;3;9;1;11;1;4;3;2;1;0;1;31;7;19;4;1;0;1;0;0;1;0;0;2;0;0;3;21;7;19;227;3;3;2;2;4;7;1;4;1;0;37;1;16;2;4;3;5;1;0;0;0;3;1;5;0;1;3;4;118;15;9;3;2;4;81;1;2;0;1;1;0;0;0;2;0;0;0;0;0;0;0;0;1;1;2;0;0;0;0;0;0;0;0;0
9;"Przedsiębiorstwo Ciepłownicze Spółka z o. o. w Działdowie, ul. Marii Zientary-Malewskiej 1b, 13-200 Działdowo";280301;"m. Działdowo";"działdowski";"warmińsko-mazurskie";1;1;1;0;1;1;0;1;1;0;0;0;0;0;0;0;0;1;31;17;8;11;2;2;10;1;6;3;0;0;2;0;0;4;23;1;21;0;0;1;0;2;0;1;0;1;4;0;0;3;7;7;13;176;1;1;0;1;0;0;4;1;0;1;14;2;11;0;7;0;1;0;1;1;1;1;0;6;0;0;0;2;119;3;14;4;0;0;76;5;3;1;0;2;0;0;0;5;5;0;2;0;0;1;2;0;1;0;0;0;0;1;0;0;0;0;0;0
10;"Miejski Ośrodek Sportu i Rekreacji w Działdowie, ul. Robotnicza 10, 13-200 Działdowo";280301;"m. Działdowo";"działdowski";"warmińsko-mazurskie";1;1;4;0;1;1;1;0;1;0;0;1;0;0;0;0;1;3;34;16;11;14;3;0;13;3;2;2;2;0;1;0;0;6;18;5;22;3;2;1;2;1;0;1;1;0;2;1;3;1;17;6;27;226;5;1;2;3;0;2;4;0;0;0;46;6;9;4;4;7;1;0;1;6;0;2;1;11;6;0;1;9;94;13;14;3;5;1;84;5;1;0;0;1;0;0;0;1;3;0;1;1;3;0;1;0;4;0;0;1;0;1;0;0;1;0;0;0
11;"Zespół Placówek Oświatowych Nr 2, Szkoła Podstawowa Nr 2 w Działdowie, ul. Sportowa 1, 13-200 Działdowo";280301;"m. Działdowo";"działdowski";"warmińsko-mazurskie";1;1;3;0;2;0;0;0;0;0;1;0;0;2;0;0;0;0;28;15;11;10;2;1;21;4;5;2;4;3;0;1;2;5;21;3;36;2;2;1;1;1;2;0;0;0;4;0;0;1;10;3;35;163;0;0;2;0;0;0;2;1;1;0;18;1;14;1;1;1;8;0;0;0;5;1;0;4;2;1;1;4;132;10;15;10;2;1;114;6;4;0;0;2;0;4;0;4;0;0;0;0;0;0;0;0;0;1;0;0;1;0;0;0;0;0;0;0
12;"Zespół Placówek Oświatowych Nr 2, Hala Sportowa przy Szkole Podstawowej Nr 2 w Działdowie, ul. Sportowa 1, 13-200 Działdowo";280301;"m. Działdowo";"działdowski";"warmińsko-mazurskie";1;1;1;0;2;0;0;1;1;1;1;0;0;0;1;0;0;1;25;15;13;17;1;1;16;3;8;5;5;1;0;0;0;3;30;3;40;4;4;0;5;2;2;0;0;1;2;1;3;2;9;7;42;183;1;0;2;0;2;2;3;1;1;3;30;5;12;1;4;2;3;0;0;3;1;4;1;7;1;3;1;0;121;5;19;4;0;3;85;10;1;0;1;1;0;3;0;1;3;1;0;0;0;0;0;0;1;0;0;0;0;0;0;0;0;0;0;0
13;"Samodzielny Publiczny Zakład Opieki Zdrowotnej w Działdowie, ul. Leśna 1, 13-200 Działdowo";280301;"m. Działdowo";"działdowski";"warmińsko-mazurskie";1;1;0;0;0;0;0;0;0;0;0;0;0;0;0;0;0;0;2;4;1;0;0;0;0;0;0;0;0;0;0;0;0;0;2;1;2;0;0;0;0;0;1;0;0;0;0;0;0;0;11;5;4;10;2;0;0;0;5;0;0;0;0;0;0;1;0;0;0;0;0;0;0;0;0;0;0;0;0;1;0;0;9;3;2;0;0;0;1;0;0;0;0;0;0;0;0;1;0;0;0;0;0;0;0;0;0;0;0;0;0;0;0;0;0;0;0;0
14;"Zakład Karny w Iławie Oddział Zewnętrzny w Działdowie, ul. Władysława Jagiełły 31A, 13-200 Działdowo";280301;"m. Działdowo";"działdowski";"warmińsko-mazurskie";1;1;0;0;0;0;0;0;0;0;0;0;0;0;0;0;0;0;3;1;2;0;0;0;1;0;3;0;0;0;1;0;0;1;0;1;2;0;0;0;0;0;0;0;0;0;0;0;1;0;3;1;1;1;0;0;1;1;1;1;0;0;1;0;1;0;3;0;0;0;0;0;0;0;0;0;0;0;0;0;3;1;3;1;0;1;1;1;2;1;2;0;0;0;0;0;0;0;0;0;0;0;0;0;0;0;0;0;0;0;0;0;0;0;0;0;0;0
1;"Budynek po Szkole Podstawowej w Klęczkowie, Klęczkowo 13, 13-200 Działdowo";280302;"gm. Działdowo";"działdowski";"warmińsko-mazurskie";1;1;0;2;0;0;0;2;0;0;0;0;0;0;0;0;0;0;9;10;3;7;0;0;3;0;1;0;2;0;0;0;0;1;3;1;13;0;0;0;0;0;1;1;0;0;1;0;1;0;0;2;4;50;0;0;0;0;3;2;2;2;0;1;1;0;1;0;3;2;3;0;0;2;0;1;0;3;0;1;0;0;24;1;5;1;1;1;18;2;0;0;0;1;0;0;0;0;0;0;0;0;1;0;0;0;0;0;0;0;0;0;0;0;0;0;0;0
2;"Świetlica Wiejska w Kurkach, Kurki 59, 13-200 Działdowo";280302;"gm. Działdowo";"działdowski";"warmińsko-mazurskie";1;1;3;0;0;0;0;1;0;0;0;0;0;0;0;0;0;0;5;7;0;1;0;0;2;0;5;1;0;0;0;0;0;1;6;0;13;0;2;0;1;0;1;1;0;0;1;0;1;2;2;1;3;62;2;3;1;0;1;0;0;2;0;0;4;2;8;3;1;2;4;1;0;0;2;0;0;2;1;1;0;1;15;2;4;2;0;0;5;0;0;0;0;0;1;1;0;0;0;0;0;1;3;0;0;0;0;1;0;0;0;0;0;1;0;0;0;0
3;"Szkoła Podstawowa w Petrykozach, Petrykozy 59, 13-200 Działdowo";280302;"gm. Działdowo";"działdowski";"warmińsko-mazurskie";1;1;1;0;0;1;0;0;0;1;0;0;0;0;0;0;0;0;4;3;1;5;0;0;0;1;2;1;1;0;0;1;0;0;1;1;5;0;0;0;0;0;0;0;0;0;3;0;0;0;8;2;12;76;1;2;0;0;3;1;1;2;0;0;0;0;4;0;0;0;4;0;0;1;1;0;0;2;0;0;1;2;5;2;1;2;0;1;2;0;0;0;1;0;1;0;1;0;1;0;0;0;0;2;0;0;0;0;0;0;0;0;0;0;0;0;0;0
4;"Świetlica Wiejska w Księżym Dworze, Księży Dwór 55, 13-200 Działdowo";280302;"gm. Działdowo";"działdowski";"warmińsko-mazurskie";1;1;0;0;1;1;0;0;3;0;0;1;0;0;0;0;0;2;15;16;2;3;1;0;2;2;5;1;0;1;2;0;0;2;11;1;21;0;0;2;0;0;0;0;0;1;3;0;0;1;12;4;13;129;4;3;2;1;5;2;1;4;1;1;0;1;6;0;1;2;0;0;0;0;0;2;1;8;1;1;0;4;28;4;3;1;0;0;44;1;0;1;0;0;0;0;0;2;0;0;0;0;1;0;0;1;0;0;1;0;1;0;0;1;0;0;0;0
5;"Szkoła Podstawowa w Uzdowie, Uzdowo 75, 13-200 Działdowo";280302;"gm. Działdowo";"działdowski";"warmińsko-mazurskie";1;1;2;1;1;0;0;0;1;0;0;0;0;0;0;0;2;0;11;15;3;4;1;1;6;0;2;1;1;1;0;0;0;5;11;4;11;0;2;1;0;1;0;0;0;0;0;0;0;2;6;0;14;111;0;4;2;0;0;0;1;0;3;0;4;1;6;0;0;1;0;1;0;0;0;0;0;1;1;1;0;0;28;4;8;4;0;0;36;2;0;0;0;0;0;0;0;0;2;0;1;0;0;0;0;0;0;0;0;0;0;0;0;0;0;0;0;0
6;"Szkoła Podstawowa w Ruszkowie, Ruszkowo 64, 13-200 Działdowo";280302;"gm. Działdowo";"działdowski";"warmińsko-mazurskie";1;1;2;1;0;1;0;0;0;0;0;0;0;0;1;0;0;0;6;10;1;2;0;0;1;1;2;1;2;0;0;0;0;1;8;1;4;3;0;0;0;0;0;0;1;0;1;1;0;1;4;0;15;125;1;3;1;1;5;0;5;3;0;0;3;1;6;1;4;1;0;0;0;1;1;2;0;0;0;0;0;1;24;1;1;0;0;1;7;0;0;0;0;0;0;0;0;1;2;0;0;0;0;0;0;0;0;0;0;0;0;0;0;0;0;0;0;0
7;"Świetlica Wiejska w Wysokiej, Wysoka 28, 13-200 Działdowo";280302;"gm. Działdowo";"działdowski";"warmińsko-mazurskie";1;1;3;0;0;0;1;0;0;0;0;1;1;0;0;0;0;0;7;12;5;2;0;2;0;1;1;0;2;0;0;1;2;0;3;3;8;1;0;0;2;0;1;0;0;0;5;0;0;0;6;3;5;62;1;0;0;0;2;2;0;0;0;0;5;4;5;0;2;0;3;0;0;1;0;2;1;5;2;0;1;1;30;2;2;1;0;0;26;1;4;1;0;0;0;2;0;0;1;1;0;0;0;0;0;0;0;1;1;1;0;0;0;1;0;0;0;0
8;"Szkoła Podstawowa w Burkacie, Burkat 46, 13-200 Działdowo";280302;"gm. Działdowo";"działdowski";"warmińsko-mazurskie";1;1;4;0;0;0;1;1;1;0;0;0;0;0;0;0;0;1;16;12;2;3;1;2;0;0;5;1;0;0;2;1;0;1;8;3;11;0;0;1;0;1;0;0;0;0;1;0;0;0;11;3;11;69;1;2;1;0;0;5;0;0;0;0;7;1;10;3;0;0;0;0;2;0;0;2;1;4;0;0;0;0;25;0;12;3;3;2;43;2;0;0;0;1;0;0;0;3;1;0;0;0;0;0;0;0;0;0;0;1;0;0;0;0;0;0;0;0
9;"Szkoła Podstawowa w Turzy Wielkiej, Turza Wielka 57A, 13-200 Działdowo";280302;"gm. Działdowo";"działdowski";"warmińsko-mazurskie";1;1;4;0;0;0;0;1;0;0;0;0;0;0;0;0;0;0;13;14;2;4;2;0;1;0;4;3;1;1;0;0;0;0;9;3;13;0;1;0;0;0;1;1;2;0;0;0;1;2;11;1;15;72;3;1;2;0;2;1;3;1;0;0;2;0;7;1;3;0;4;2;0;0;0;0;1;3;0;0;2;2;18;2;10;1;4;0;9;1;0;0;2;1;1;0;0;0;2;0;0;0;1;0;0;0;0;1;0;0;0;0;0;0;0;0;0;0
10;"Świetlica Wiejska w Kisinach, Kisiny 38, 13-200 Działdowo";280302;"gm. Działdowo";"działdowski";"warmińsko-mazurskie";1;1;2;0;0;0;2;0;0;0;0;1;1;0;0;0;0;1;13;10;4;1;0;1;5;2;2;1;1;2;4;1;0;2;14;1;8;1;0;0;1;1;0;0;0;0;0;1;1;0;9;6;7;98;0;0;1;3;2;6;1;3;0;0;13;1;7;0;0;1;1;0;0;0;1;0;1;2;2;0;0;5;46;2;7;3;1;0;20;2;3;0;1;2;0;2;0;1;4;0;0;4;0;0;0;0;0;0;1;0;0;0;0;0;2;0;1;1
11;"Świetlica Wiejska w Grzybinach, Grzybiny 31, 13-200 Działdowo";280302;"gm. Działdowo";"działdowski";"warmińsko-mazurskie";1;1;1;0;0;0;0;0;2;1;0;0;0;0;0;0;0;0;0;3;1;0;0;0;2;0;1;0;0;0;0;0;0;1;4;3;3;0;0;0;0;0;0;1;0;0;0;0;0;1;9;3;17;74;1;2;1;0;1;1;0;1;2;0;0;0;2;0;0;1;2;0;0;0;0;0;0;1;0;1;0;2;4;2;4;4;1;0;10;0;2;0;1;1;0;0;0;2;1;0;0;0;0;0;0;0;0;0;1;0;0;0;0;0;0;0;0;0
12;"Świetlica Wiejska w Krasnołące, Krasnołąka 18, 13-200 Działdowo";280302;"gm. Działdowo";"działdowski";"warmińsko-mazurskie";1;1;0;0;0;0;0;0;0;0;0;1;0;0;0;0;0;0;3;3;1;1;1;2;5;0;1;0;4;0;1;0;0;0;4;0;9;1;1;0;0;0;0;0;0;0;0;0;0;0;3;1;10;23;2;3;0;2;2;2;1;1;0;0;1;1;4;0;0;2;0;0;0;0;0;0;0;1;0;0;0;0;5;0;0;0;0;0;6;0;0;0;0;2;0;0;0;1;3;0;0;0;0;0;0;0;0;0;0;0;1;0;0;0;0;0;0;0
13;"Świetlica Wiejska w Pożarach, Pożary 16, 13-200 Działdowo";280302;"gm. Działdowo";"działdowski";"warmińsko-mazurskie";1;1;1;0;0;1;0;0;0;0;0;0;0;0;0;0;0;0;3;2;1;0;1;0;2;0;0;0;1;0;0;0;1;0;3;1;1;1;2;0;0;1;0;0;0;0;0;0;0;1;2;0;2;29;1;1;0;1;1;0;1;2;0;0;0;1;2;0;0;0;0;0;0;0;1;0;0;1;1;0;2;0;9;2;1;1;0;0;4;4;1;0;0;0;0;0;0;0;0;0;0;0;0;0;1;0;0;1;0;0;0;0;0;0;0;0;0;0
14;"Świetlica Wiejska w Gnojnie, Gnojno 73, 13-200 Działdowo";280302;"gm. Działdowo";"działdowski";"warmińsko-mazurskie";1;1;1;0;0;0;0;0;0;0;0;0;0;0;0;0;0;0;7;5;0;2;1;0;1;1;0;1;0;1;1;0;0;1;0;0;1;0;0;0;0;0;0;0;0;0;0;0;0;0;3;3;10;63;0;0;0;0;1;2;1;4;0;1;0;0;4;0;1;3;1;1;0;1;0;2;0;0;0;0;1;0;8;2;3;0;0;0;4;0;1;0;0;0;0;0;1;1;0;0;0;0;0;0;0;0;0;0;0;0;0;0;0;0;0;0;0;0
15;"Świetlica Wiejska w Zakrzewie, Zakrzewo 14, 13-200 Działdowo";280302;"gm. Działdowo";"działdowski";"warmińsko-mazurskie";1;1;2;0;0;0;0;0;0;1;0;0;0;0;0;0;0;0;1;0;2;4;0;0;2;0;0;0;0;1;1;0;0;0;0;0;4;0;1;0;0;0;0;0;0;0;0;0;0;1;5;2;5;61;0;0;1;1;0;1;3;4;0;3;1;1;8;0;1;1;2;0;0;1;1;0;0;1;1;0;0;1;3;2;1;0;0;0;5;1;0;0;0;0;0;0;0;0;0;0;0;0;0;0;0;0;0;0;0;0;0;0;0;0;0;0;0;0
16;"Świetlica Wiejska w Kramarzewie, Kramarzewo 16, 13-200 Działdowo";280302;"gm. Działdowo";"działdowski";"warmińsko-mazurskie";1;1;0;0;1;0;0;0;0;0;0;0;0;0;0;0;0;0;4;12;3;1;2;0;0;0;1;0;0;0;0;0;0;0;1;1;9;0;0;2;0;0;0;1;0;0;0;0;0;0;9;4;15;56;1;1;1;1;1;1;3;0;2;0;4;1;5;0;2;2;1;0;0;1;0;0;0;1;0;1;0;1;3;0;0;1;2;0;6;0;0;0;0;0;0;0;0;0;2;1;0;0;0;0;0;0;0;0;0;0;0;0;0;0;0;0;0;0
17;"Świetlica Wiejska w Jankowicach, Jankowice 1, 14-120 Dąbrówno";280302;"gm. Działdowo";"działdowski";"warmińsko-mazurskie";1;1;1;0;0;1;0;0;0;0;0;0;0;0;0;0;0;0;3;2;0;1;1;0;1;0;0;0;0;0;0;0;0;0;0;3;0;1;0;1;1;1;0;0;0;0;0;1;0;1;9;3;13;88;1;3;5;0;0;0;2;2;1;1;3;0;3;0;1;2;2;0;1;0;0;0;1;1;1;0;1;0;8;0;1;1;1;0;2;0;0;0;0;0;0;2;0;1;0;0;0;0;0;0;0;0;0;0;0;0;0;0;0;0;0;0;0;0
18;"Świetlica wiejska w Sławkowie, Sławkowo 18A, 13-200 Działdowo";280302;"gm. Działdowo";"działdowski";"warmińsko-mazurskie";1;1;3;0;0;0;0;0;0;1;0;0;0;0;0;0;0;0;2;7;1;1;1;0;1;0;3;1;0;0;0;0;0;0;3;1;0;0;0;0;0;0;0;1;0;0;0;0;1;0;1;1;5;91;2;0;1;0;0;0;2;1;1;0;1;1;2;1;0;0;2;0;0;0;0;0;0;4;0;2;0;0;6;0;0;1;0;0;5;1;1;1;0;0;0;0;0;0;0;0;0;0;0;0;2;1;0;0;1;0;0;0;0;0;0;0;0;0
19;"Świetlica Wiejska w Pierławkach, Pierławki 33, 13-200 Działdowo";280302;"gm. Działdowo";"działdowski";"warmińsko-mazurskie";1;1;1;0;0;0;1;0;0;0;0;0;0;0;0;0;0;0;5;12;1;0;1;0;1;0;1;1;1;0;0;0;0;0;3;3;6;0;0;0;0;0;0;0;0;0;1;0;0;0;1;0;2;15;0;0;0;0;1;1;1;0;0;0;3;1;5;1;2;4;3;1;0;1;0;1;1;5;1;0;1;0;10;2;3;1;0;0;7;1;0;0;0;2;1;0;0;1;0;0;0;0;0;0;1;0;0;0;0;0;0;0;0;0;0;0;0;0
20;"Świetlica Wiejska w Filicach, Filice 26, 13-200 Działdowo";280302;"gm. Działdowo";"działdowski";"warmińsko-mazurskie";1;1;1;0;2;2;0;2;0;1;0;0;0;0;0;0;0;0;9;7;5;3;1;0;3;0;3;1;0;0;4;0;0;1;4;2;14;0;0;0;2;1;1;0;0;0;0;0;1;0;1;1;7;56;0;0;0;0;0;0;0;1;0;1;9;0;11;0;0;1;2;0;0;0;0;0;0;1;1;0;0;1;21;1;5;8;0;2;14;0;0;0;0;0;0;1;0;0;1;1;1;1;0;0;0;0;0;0;0;0;0;1;0;0;0;0;0;0
21;"Dom Pomocy Społecznej w Uzdowie, Uzdowo 18/19, 13-200 Działdowo";280302;"gm. Działdowo";"działdowski";"warmińsko-mazurskie";1;1;1;0;0;0;0;1;0;0;0;0;0;0;0;0;0;0;0;0;0;0;0;0;0;0;0;0;1;0;0;0;0;0;0;0;0;0;0;0;0;0;0;0;0;1;0;0;0;0;5;1;2;5;1;1;1;0;0;0;0;0;0;0;0;0;0;0;0;1;0;0;0;0;0;0;0;0;0;0;0;0;0;0;0;0;1;0;0;0;0;0;0;0;0;0;0;0;0;0;0;1;0;0;0;0;0;1;0;0;0;0;0;0;0;0;0;0
1;"Gminny Ośrodek Kultury i Sportu w Iłowie-Osadzie, ul. Staszica 1, 13-240 Iłowo-Osada";280303;"gm. Iłowo-Osada";"działdowski";"warmińsko-mazurskie";1;1;2;0;1;2;1;1;1;1;2;1;0;0;0;0;0;2;42;12;10;9;0;0;7;0;3;5;2;2;0;0;2;4;25;5;22;0;0;0;2;3;0;1;1;0;1;1;0;3;25;10;27;115;2;3;3;1;5;11;4;1;2;0;3;3;16;4;1;2;5;1;0;2;2;0;0;1;1;0;0;0;68;8;8;10;1;3;14;2;2;0;1;0;1;1;0;4;2;1;0;1;0;0;1;0;2;2;0;0;0;0;0;0;0;0;0;0
2;"Zespół Szkół Technicznych i Ogólnokształcących w Iłowie-Osadzie, ul. Leśna 10A, 13-240 Iłowo-Osada";280303;"gm. Iłowo-Osada";"działdowski";"warmińsko-mazurskie";1;1;10;2;1;4;0;1;1;0;0;0;0;0;0;0;1;0;48;21;13;11;3;4;10;3;6;9;4;3;4;1;0;11;36;8;13;0;3;1;3;3;4;5;0;0;5;0;2;2;60;33;31;188;7;4;8;5;7;12;14;5;2;1;6;3;36;6;10;1;13;1;0;4;3;3;1;0;4;2;4;4;152;12;24;9;10;6;45;1;4;0;2;4;0;3;0;3;4;0;0;0;0;0;0;0;0;1;0;0;4;0;0;0;0;0;0;0
3;"Remiza Ochotniczej Straży Pożarnej w Iłowie-Wsi, Iłowo-Wieś ul. Wiejska 4A, 13-240 Iłowo-Osada";280303;"gm. Iłowo-Osada";"działdowski";"warmińsko-mazurskie";1;1;1;0;0;1;0;1;2;0;1;0;0;0;0;0;0;0;18;16;7;5;1;1;3;2;3;0;2;3;0;0;0;1;11;2;6;0;3;0;1;0;1;0;1;0;0;2;0;0;15;9;20;71;2;5;2;0;2;8;4;1;1;0;8;2;14;0;0;1;8;1;0;2;1;1;0;0;1;0;1;4;47;11;5;2;4;2;3;1;0;0;1;1;0;1;0;2;1;1;0;0;0;0;0;0;0;0;0;0;0;1;0;0;0;0;0;0
4;"Gminny Ośrodek Kultury i Sportu w Iłowie-Osadzie Filia w Białutach, Białuty 1, 13-240 Iłowo-Osada";280303;"gm. Iłowo-Osada";"działdowski";"warmińsko-mazurskie";1;1;0;0;0;0;0;0;0;0;0;0;0;1;0;0;1;1;9;9;1;4;0;1;0;2;2;0;3;0;0;0;1;0;4;0;3;0;1;1;3;3;1;0;1;0;2;1;0;0;25;9;9;94;3;0;10;1;3;8;10;2;4;2;0;1;7;1;0;0;6;1;0;0;1;0;0;0;3;2;0;1;10;2;2;0;0;0;5;0;0;1;0;1;0;0;0;1;3;0;0;0;1;0;0;0;0;0;0;0;0;0;0;0;0;2;0;0
5;"Zespół Szkół Nr 2 w Narzymiu, Narzym ul. Kościelna 14, 13-240 Iłowo-Osada";280303;"gm. Iłowo-Osada";"działdowski";"warmińsko-mazurskie";1;1;2;1;0;2;1;1;3;0;0;0;0;0;2;2;0;2;23;20;13;11;3;4;10;3;4;3;0;0;6;0;0;2;22;3;22;1;0;2;0;0;0;3;1;4;8;0;3;0;36;16;41;216;6;4;3;4;9;23;9;6;2;1;8;5;23;5;2;1;13;2;2;6;1;1;3;3;0;2;2;2;78;5;6;5;1;3;29;13;3;0;1;3;0;0;0;1;3;0;0;0;0;0;0;0;2;1;1;0;1;0;0;0;0;0;0;0
6;"Świetlica Środowiskowa w Pruskach, Pruski 1, 13-240 Iłowo-Osada";280303;"gm. Iłowo-Osada";"działdowski";"warmińsko-mazurskie";1;1;1;0;0;2;0;0;0;1;0;0;0;0;0;0;0;0;2;2;0;1;0;0;1;0;1;0;0;0;1;0;0;0;6;0;1;0;1;1;2;0;1;0;0;0;0;0;0;0;4;8;2;36;0;1;1;0;0;4;3;0;1;0;2;0;7;0;1;0;3;0;0;1;1;0;0;0;0;0;0;0;8;1;4;4;0;1;1;1;2;0;0;0;0;0;1;0;0;0;0;0;0;0;0;0;0;0;0;0;0;0;0;0;0;0;0;0
7;"Świetlica Wiejska w Brodowie, Brodowo 49A, 13-240 Iłowo-Osada";280303;"gm. Iłowo-Osada";"działdowski";"warmińsko-mazurskie";1;1;3;0;0;0;1;1;0;0;0;0;0;0;0;0;0;0;3;2;2;2;0;1;0;0;1;0;2;0;1;0;0;1;6;0;0;0;0;0;0;0;0;0;0;1;0;0;1;0;5;4;10;26;0;2;0;1;3;5;1;1;0;0;0;1;0;1;1;0;0;0;0;0;0;0;1;2;0;0;1;0;3;1;0;0;0;0;2;0;0;0;0;0;1;0;0;0;0;0;0;0;0;0;0;3;0;0;0;0;0;0;0;0;0;0;0;0
8;"Świetlica Wiejska w Wierzbowie, Wierzbowo 26, 13-240 Iłowo-Osada";280303;"gm. Iłowo-Osada";"działdowski";"warmińsko-mazurskie";1;1;0;0;0;0;0;0;0;0;0;0;0;0;0;0;0;0;5;1;1;0;0;0;1;0;1;0;0;0;3;0;0;0;4;0;1;0;2;0;0;0;0;1;0;0;0;0;1;0;7;6;1;48;0;0;2;1;1;2;3;0;0;0;0;0;2;1;1;0;1;0;0;0;0;0;0;0;1;0;0;1;5;0;0;0;0;0;8;0;0;0;0;0;1;0;0;0;0;0;0;0;0;0;1;0;0;0;0;0;1;0;0;0;0;0;0;0
1;"Szkoła Podstawowa nr 2 z Oddziałami Dwujęzycznymi i Sportowymi im. Szarych Szeregów, ul. Nowa 10, 13-230 Lidzbark";280304;"gm. Lidzbark";"działdowski";"warmińsko-mazurskie";1;1;4;0;1;1;0;0;1;0;1;0;1;0;0;1;0;0;43;46;9;6;3;0;5;2;7;3;2;0;0;0;0;3;32;4;10;3;2;1;5;1;2;1;3;2;0;0;1;3;25;7;15;190;2;1;6;2;105;2;7;21;1;2;3;5;17;1;5;1;5;0;1;1;0;0;0;1;0;0;1;7;133;8;19;26;3;5;19;9;0;0;3;0;1;0;0;3;1;0;1;0;0;0;0;0;1;2;0;0;0;0;0;0;0;0;0;0
2;"Żłobek Miejski, ul. Zieluńska 7, 13-230 Lidzbark";280304;"gm. Lidzbark";"działdowski";"warmińsko-mazurskie";1;1;5;0;1;1;0;2;1;1;2;0;0;3;0;2;1;3;35;77;10;6;2;3;9;1;9;7;2;1;3;4;2;6;38;10;10;3;1;1;0;0;2;2;1;1;0;1;0;2;23;15;13;183;2;2;5;2;128;1;8;21;0;1;0;5;21;2;3;2;9;1;1;5;2;2;1;3;1;0;1;19;138;12;19;16;14;5;13;4;0;0;4;0;5;2;3;1;2;1;0;0;0;0;0;0;1;3;0;0;1;0;0;2;0;0;0;0
3;"Szkoła Podstawowa nr 1 z Oddziałami Dwujęzycznymi i Sportowymi im. Tadeusza Kościuszki, ul. Działdowska 13, 13-230 Lidzbark";280304;"gm. Lidzbark";"działdowski";"warmińsko-mazurskie";1;1;5;0;0;2;0;1;0;0;0;0;0;0;0;3;1;0;16;52;4;8;0;0;4;4;6;4;3;1;1;1;0;2;27;6;8;0;2;0;1;2;0;1;0;0;5;2;0;2;18;5;15;178;3;6;9;1;114;9;5;14;1;0;1;2;17;0;3;0;5;0;0;3;1;1;0;1;1;2;0;6;99;6;27;6;14;7;9;2;3;0;2;0;0;1;2;3;2;0;4;0;0;1;1;0;2;3;1;0;1;0;0;2;0;0;0;0
4;"Przedszkole Miejskie, ul. Akacjowa 19, 13-230 Lidzbark";280304;"gm. Lidzbark";"działdowski";"warmińsko-mazurskie";1;1;3;3;0;0;1;0;1;0;0;1;0;0;0;0;0;0;11;31;2;4;2;1;7;1;3;4;1;1;0;1;0;0;21;5;6;2;0;0;1;1;0;1;0;0;2;1;0;2;15;4;6;99;3;3;2;1;55;3;2;9;1;0;1;3;10;1;1;0;0;0;0;0;1;0;0;1;2;0;0;6;67;4;14;3;1;5;7;7;2;0;1;0;0;1;1;2;2;2;1;0;0;1;0;0;0;2;0;0;0;0;1;0;0;0;0;0
5;"Dzienny Dom ""Senior+"", ul. Działdowska 10A, 13-230 Lidzbark";280304;"gm. Lidzbark";"działdowski";"warmińsko-mazurskie";1;1;2;1;0;2;0;2;1;2;1;0;1;0;0;0;0;1;23;65;9;9;0;5;12;1;3;2;3;1;2;1;0;3;31;7;15;3;2;0;2;1;1;2;0;0;3;0;0;1;37;5;25;160;4;0;4;3;80;2;6;18;1;2;2;6;19;1;2;1;2;2;1;8;1;0;0;9;1;2;0;6;88;18;15;6;9;3;7;8;4;0;3;7;1;0;1;3;6;1;1;1;0;0;0;1;0;2;0;1;0;0;0;0;0;1;0;0
6;"Szkoła Podstawowa, Słup 41, 13-230 Lidzbark";280304;"gm. Lidzbark";"działdowski";"warmińsko-mazurskie";1;1;1;0;0;1;0;0;1;0;0;0;0;0;0;1;1;1;12;24;6;6;0;0;0;2;1;2;3;1;0;1;2;3;7;2;6;0;2;0;0;0;2;1;0;0;0;0;0;1;13;3;10;50;1;3;1;2;52;4;5;12;0;1;1;0;3;2;1;0;1;1;0;1;0;0;0;3;0;0;0;7;8;0;1;0;3;1;2;0;0;0;0;1;0;1;0;3;1;0;0;0;1;0;2;1;1;0;0;0;0;1;0;0;0;0;0;0
7;"Świetlica Wiejska, Wąpiersk 10, 13-230 Lidzbark";280304;"gm. Lidzbark";"działdowski";"warmińsko-mazurskie";1;1;0;0;0;0;0;1;1;0;1;0;0;0;0;0;0;0;8;26;0;2;0;0;1;1;1;2;1;0;0;0;0;2;5;1;3;0;0;0;1;0;1;1;1;0;0;0;0;3;4;0;8;80;1;0;0;4;5;0;1;0;1;0;0;1;9;2;1;0;2;0;1;0;0;0;0;0;2;1;0;4;23;0;1;1;5;2;0;1;0;0;3;0;1;0;0;0;4;0;1;1;0;0;0;0;0;0;0;0;0;0;0;0;0;0;1;0
8;"Szkoła Podstawowa, Bryńsk 71, 13-230 Lidzbark";280304;"gm. Lidzbark";"działdowski";"warmińsko-mazurskie";1;1;2;0;2;0;0;0;0;0;0;0;0;0;0;0;0;0;5;26;4;2;0;1;3;1;1;7;1;1;0;0;0;0;3;1;9;0;1;0;0;1;1;0;0;0;1;1;1;1;18;5;14;48;4;0;2;1;18;3;5;4;0;1;1;1;3;1;2;1;2;0;1;1;0;0;1;2;0;0;1;3;14;3;2;1;0;4;3;0;1;0;1;1;1;1;0;4;0;0;2;1;1;0;0;0;1;2;0;0;0;0;0;0;0;0;0;0
9;"Świetlica Wiejska, Nowy Dwór 16, 13-230 Lidzbark";280304;"gm. Lidzbark";"działdowski";"warmińsko-mazurskie";1;1;0;0;0;0;0;0;2;0;0;1;1;0;1;0;0;0;3;26;0;4;0;0;1;0;1;1;0;0;2;0;0;1;4;3;8;0;0;0;0;0;2;0;0;0;0;0;1;0;5;4;12;58;0;0;1;0;42;1;5;7;0;0;5;1;10;2;1;2;3;0;0;2;0;0;0;1;0;0;0;3;14;3;3;1;2;3;0;2;0;0;0;0;1;0;0;0;4;0;0;2;0;0;0;0;1;0;0;0;1;0;0;0;0;0;0;0
10;"Szkoła Podstawowa im. Henryka Sienkiewicza, ul. Długa 61, 13-203 Stare Dłutowo";280304;"gm. Lidzbark";"działdowski";"warmińsko-mazurskie";1;1;1;0;0;0;0;0;0;0;0;0;0;0;0;0;1;2;13;96;8;8;1;4;2;0;5;3;3;0;0;0;1;0;9;2;9;2;0;0;0;1;0;1;1;0;0;0;0;2;23;9;25;121;2;2;2;5;35;2;11;11;0;3;2;9;14;2;3;2;0;0;0;1;1;1;1;0;2;1;4;4;40;5;7;7;2;0;6;1;1;0;0;1;0;1;0;3;0;0;0;1;1;0;1;0;0;0;0;0;0;0;0;0;0;0;0;0
11;"Świetlica Wiejska, Klonowo 35, 13-230 Lidzbark";280304;"gm. Lidzbark";"działdowski";"warmińsko-mazurskie";1;1;0;0;0;0;0;0;0;0;0;0;0;0;0;0;0;0;6;12;1;0;1;0;1;0;4;1;1;0;0;1;0;2;6;1;1;0;0;0;0;0;0;0;0;0;0;1;0;1;6;1;11;24;2;0;0;0;12;0;4;1;1;0;1;2;1;0;1;0;1;0;0;1;1;1;0;0;0;0;0;1;17;2;0;1;8;1;2;1;0;0;0;1;0;1;0;0;0;0;1;0;0;0;0;0;0;0;0;0;0;0;0;0;0;0;0;0
12;"Świetlica Wiejska, Jeleń 65, 13-230 Lidzbark";280304;"gm. Lidzbark";"działdowski";"warmińsko-mazurskie";1;1;1;0;0;0;0;0;0;0;1;0;0;0;0;0;0;1;6;30;3;4;0;3;0;1;3;2;0;1;0;0;0;3;9;4;6;0;0;0;1;0;1;0;0;0;2;1;0;0;6;1;11;66;1;3;0;1;16;0;1;8;1;0;1;0;8;1;1;2;1;0;2;0;0;0;0;0;0;0;0;6;8;4;0;1;0;0;3;0;1;0;0;0;2;0;1;0;1;1;0;0;0;0;0;0;0;0;0;0;0;0;0;0;1;0;0;0
13;"Świetlica Wiejska, Cibórz 11, 13-230 Lidzbark";280304;"gm. Lidzbark";"działdowski";"warmińsko-mazurskie";1;1;1;1;0;0;1;2;0;1;2;1;0;0;0;1;0;0;7;18;4;1;0;0;0;0;2;0;2;1;0;1;1;2;5;0;2;0;0;1;2;2;1;0;0;0;1;0;0;0;6;5;5;45;0;1;1;1;24;3;2;4;0;0;0;0;6;2;1;2;1;1;0;1;1;1;0;2;4;0;0;5;13;1;5;1;0;1;10;0;2;0;0;1;0;1;0;0;1;0;0;0;0;0;0;0;1;1;2;0;0;0;0;0;0;0;0;0
14;"Szkoła Podstawowa im. Orła Białego, Kiełpiny 1, 13-230 Lidzbark";280304;"gm. Lidzbark";"działdowski";"warmińsko-mazurskie";1;1;0;0;0;0;0;2;0;0;0;0;0;0;0;0;1;0;14;24;0;1;0;0;0;0;1;3;1;0;1;1;0;1;4;3;1;2;0;0;0;0;0;0;0;0;2;0;0;1;12;4;9;79;2;3;2;0;20;5;5;5;1;1;1;0;8;0;2;7;4;0;1;0;0;2;0;0;0;0;1;9;12;3;1;3;4;0;0;2;3;0;0;0;0;3;0;0;0;0;0;1;0;0;0;0;0;0;0;0;0;0;0;0;0;0;0;0
15;"Świetlica Wiejska, Wlewsk 10C, 13-230 Lidzbark";280304;"gm. Lidzbark";"działdowski";"warmińsko-mazurskie";1;1;1;0;0;0;0;0;0;0;0;1;0;0;0;0;0;0;5;17;2;0;0;0;0;0;0;0;1;0;0;0;0;1;5;0;1;0;0;0;0;0;0;0;0;0;0;0;0;0;3;0;6;50;1;0;1;0;17;0;1;2;2;0;0;0;2;0;1;0;1;0;0;0;2;0;0;1;0;0;0;3;12;2;1;0;0;0;1;0;1;0;0;0;0;2;2;0;0;2;0;1;0;0;0;0;0;0;0;0;0;0;0;0;0;0;0;0
1;"Szkoła Podstawowa, ul. Lipowa 5, 13-206 Płośnica";280305;"gm. Płośnica";"działdowski";"warmińsko-mazurskie";1;1;3;2;1;1;0;0;2;1;1;0;1;2;1;0;0;1;12;50;3;20;1;1;4;2;4;3;1;0;0;0;1;2;18;3;18;0;0;0;0;2;0;0;1;0;5;0;1;2;12;1;13;237;2;2;4;2;12;2;4;2;0;1;0;2;20;0;3;4;8;0;2;1;0;2;1;6;2;0;0;3;46;7;9;6;1;3;28;5;0;0;3;2;1;0;0;0;5;0;0;0;0;0;0;0;0;3;0;0;1;0;0;0;0;0;0;0
2;"Remiza OSP, Gródki 59, 13-206 Płośnica";280305;"gm. Płośnica";"działdowski";"warmińsko-mazurskie";1;1;3;1;1;1;0;0;0;0;1;0;1;0;0;1;0;0;9;21;3;12;1;1;4;1;2;0;1;0;0;0;0;1;9;1;11;1;1;0;0;0;1;1;0;0;2;0;1;1;5;3;9;101;3;1;4;1;3;1;2;4;0;0;1;1;11;2;1;5;3;0;1;4;1;0;0;2;0;0;1;5;47;5;2;1;2;5;13;3;0;0;0;0;1;0;0;0;0;0;0;0;0;0;0;0;0;1;0;1;0;0;0;0;0;0;0;1
3;"Świetlica Wiejska, Skurpie 12, 13-206 Płośnica";280305;"gm. Płośnica";"działdowski";"warmińsko-mazurskie";1;1;0;0;0;1;0;0;0;0;0;0;0;0;0;0;0;2;5;6;4;7;0;0;2;0;2;0;0;0;0;0;0;0;4;0;24;0;0;0;0;0;0;1;0;0;0;0;0;0;11;3;1;45;0;1;0;0;3;0;0;0;0;0;4;2;5;0;0;0;3;0;0;2;0;0;0;0;1;0;0;2;7;0;1;1;0;0;3;1;0;0;0;0;0;0;0;0;0;0;0;0;0;1;0;0;0;0;0;0;0;0;0;0;0;0;0;0
4;"Szkoła Podstawowa, Niechłonin 92, 13-206 Płośnica";280305;"gm. Płośnica";"działdowski";"warmińsko-mazurskie";1;1;1;0;2;2;0;0;0;0;0;0;0;0;0;0;0;1;4;22;2;18;1;3;1;3;1;2;2;3;0;0;0;0;4;0;5;0;0;0;0;0;0;0;0;0;0;1;1;0;3;1;16;128;1;4;1;0;4;2;2;1;2;0;4;5;12;2;2;0;4;0;0;0;0;0;0;1;0;0;1;1;22;3;2;0;0;0;3;4;0;0;0;0;0;0;0;0;2;0;0;0;0;0;0;0;0;1;0;0;0;0;0;2;0;0;0;0
5;"Remiza OSP, Wielki Łęck 39, 13-230 Lidzbark";280305;"gm. Płośnica";"działdowski";"warmińsko-mazurskie";1;1;1;0;2;1;0;1;0;0;0;0;0;0;0;0;0;0;3;12;0;7;1;0;2;0;0;0;1;0;0;0;0;2;7;3;3;0;2;0;0;0;0;0;0;0;1;2;0;1;5;1;15;63;1;1;2;0;7;1;5;0;0;1;3;1;7;2;1;4;0;0;1;0;0;0;0;0;0;0;0;1;9;0;5;2;4;1;9;0;1;0;0;0;1;2;0;0;0;0;1;0;0;0;0;0;0;0;0;0;0;0;0;0;0;0;0;0
6;"Świetlica Wiejska, Turza Mała 10A, 13-206 Płośnica";280305;"gm. Płośnica";"działdowski";"warmińsko-mazurskie";1;1;0;0;0;0;0;1;0;0;0;0;0;0;0;0;0;0;3;6;2;3;0;0;2;0;0;0;0;0;0;0;0;0;4;0;4;0;0;0;0;0;1;0;0;0;0;0;0;0;4;3;2;57;2;1;3;1;0;2;0;0;0;0;0;1;3;0;0;1;0;0;0;0;0;0;0;0;0;0;0;0;4;1;2;0;0;2;4;2;0;0;0;0;0;0;0;1;2;0;0;1;0;1;0;0;0;0;0;0;0;0;0;0;0;0;0;0
7;"Świetlica Wiejska, Przełęk 30, 13-206 Płośnica";280305;"gm. Płośnica";"działdowski";"warmińsko-mazurskie";1;1;0;0;0;0;0;0;0;0;0;0;1;0;0;0;0;0;2;20;0;4;0;0;1;3;0;0;0;0;0;1;0;0;5;0;1;0;1;0;0;0;0;0;0;0;0;0;0;0;7;2;3;53;3;1;0;1;2;0;2;1;0;0;0;0;1;1;0;1;1;0;0;2;0;0;1;1;0;0;0;0;18;1;3;0;3;1;1;1;0;0;0;0;1;1;0;2;1;0;0;0;0;0;0;0;0;0;0;0;0;0;1;0;0;0;0;0
8;"Świetlica Wiejska, Rutkowice 33, 13-206 Płośnica";280305;"gm. Płośnica";"działdowski";"warmińsko-mazurskie";1;1;0;0;0;0;1;0;0;0;0;0;0;0;0;0;0;0;1;2;0;3;0;0;0;0;1;1;0;0;0;0;0;0;2;0;6;0;0;0;0;0;0;0;0;0;1;0;0;1;1;3;8;50;2;1;1;0;1;3;5;3;0;1;0;0;2;0;0;0;2;0;0;1;0;1;0;0;0;1;0;0;4;0;2;1;0;1;3;1;1;0;0;0;0;0;0;0;0;0;0;0;0;0;0;0;0;0;0;0;0;0;0;1;0;0;0;0
9;"Świetlica Wiejska, Jabłonowo 63, 13-230 Lidzbark";280305;"gm. Płośnica";"działdowski";"warmińsko-mazurskie";1;1;0;0;0;0;0;0;1;0;0;0;0;0;0;0;0;0;2;12;1;1;0;2;1;1;3;2;0;1;1;0;0;2;1;0;4;1;0;0;0;0;0;0;0;0;0;0;0;0;5;4;9;110;0;1;0;0;11;4;3;0;0;1;0;1;5;2;1;0;1;0;0;2;1;0;0;1;0;0;0;1;7;1;4;0;0;0;1;0;1;0;0;0;0;0;0;0;0;0;1;0;0;0;0;0;0;0;0;0;0;0;0;1;0;1;0;0
10;"Remiza OSP, Zalesie 98, 13-206 Płośnica";280305;"gm. Płośnica";"działdowski";"warmińsko-mazurskie";1;1;0;0;0;1;0;0;0;0;0;0;0;0;0;0;0;0;8;32;1;7;0;1;2;0;2;0;0;0;0;0;0;0;6;5;0;0;0;0;0;0;0;0;0;0;0;0;0;0;9;3;9;66;0;2;0;1;0;1;2;1;1;0;0;0;3;0;1;0;1;0;0;0;0;0;0;1;0;0;1;0;12;7;3;0;0;0;2;1;0;0;0;0;0;0;0;0;0;0;0;0;0;0;0;0;0;0;1;0;0;0;0;0;0;0;0;0
11;"Świetlica Wiejska, Mały Łęck 38, 13-206 Płośnica";280305;"gm. Płośnica";"działdowski";"warmińsko-mazurskie";1;1;0;0;0;0;0;1;0;0;1;0;0;0;0;0;0;1;2;11;0;3;0;2;1;0;1;1;0;0;0;0;1;0;5;2;5;0;0;0;0;1;1;0;1;0;0;0;0;0;6;2;5;36;1;1;3;0;1;0;2;0;1;0;1;0;2;0;2;0;2;0;0;1;0;0;0;0;1;1;0;3;9;1;2;1;2;1;2;0;2;0;0;0;1;1;0;0;0;0;0;0;0;0;0;0;0;0;0;0;0;0;0;0;0;0;0;0
1;"Świetlica Wiejska (Sala OSP) w Rumianie, Rumian 38, 13-220 Rybno";280306;"gm. Rybno";"działdowski";"warmińsko-mazurskie";1;1;0;0;0;0;0;1;0;1;0;0;0;0;0;0;1;0;11;18;4;2;1;2;0;0;0;1;0;1;0;0;1;2;5;1;2;0;1;0;0;0;0;0;0;0;0;0;0;0;11;2;14;109;1;0;1;0;2;0;5;0;0;0;1;2;7;0;0;9;0;0;0;0;0;0;0;0;1;0;0;5;13;3;4;1;3;1;5;0;0;0;0;0;0;0;0;2;3;1;0;0;0;0;0;1;0;0;0;1;0;1;0;0;0;0;0;0
2;"Lokalne Centrum Aktywności Społecznej w Hartowcu, Hartowiec 109A, 13-220 Rybno";280306;"gm. Rybno";"działdowski";"warmińsko-mazurskie";1;1;2;0;0;0;0;0;1;0;0;1;0;1;0;0;1;0;11;15;2;5;0;1;3;2;3;1;3;1;0;0;0;1;16;1;0;0;0;0;0;0;1;1;0;0;2;1;1;0;12;5;19;124;3;1;0;0;0;18;4;0;0;1;0;1;6;2;1;8;1;0;0;2;0;0;0;0;0;0;0;10;12;3;2;2;12;0;9;3;0;0;0;1;0;0;1;0;0;0;1;0;0;0;0;0;0;0;0;0;1;1;0;0;0;0;0;0
3;"Lokalne Centrum Aktywności Społecznej w Żabinach, Żabiny 91, 13-220 Rybno";280306;"gm. Rybno";"działdowski";"warmińsko-mazurskie";1;1;3;0;0;1;0;0;0;0;0;1;0;0;0;0;0;1;5;12;1;12;0;0;5;2;4;1;1;1;0;0;0;1;9;0;20;0;1;0;0;0;0;0;0;0;0;2;0;0;6;4;15;160;0;1;2;2;7;5;0;3;0;1;2;0;8;0;2;0;3;0;0;2;0;1;0;3;1;1;3;8;27;3;6;0;5;0;21;1;0;1;0;1;2;0;0;3;3;1;1;0;0;1;0;0;1;0;0;0;0;0;0;0;0;0;0;0
4;"Świetlica Wiejska w Koszelewach, Koszelewy 85, 13-206 Płośnica";280306;"gm. Rybno";"działdowski";"warmińsko-mazurskie";1;1;1;1;0;0;0;0;0;1;0;0;0;0;0;0;0;0;6;5;0;1;1;0;1;0;1;0;0;0;0;1;0;1;18;1;5;0;0;0;1;0;0;1;0;0;0;0;0;1;1;6;7;98;0;0;2;1;5;0;0;2;0;0;1;1;5;0;0;1;7;0;0;0;1;0;1;0;1;0;1;2;16;1;3;1;5;2;5;0;0;0;0;0;0;0;0;3;0;0;1;0;0;0;0;0;0;1;0;0;1;0;0;0;0;0;0;0
5;"Świetlica Wiejska (Dzienny Dom Seniora) w Rybnie, ul. Lubawska 12, 13-220 Rybno";280306;"gm. Rybno";"działdowski";"warmińsko-mazurskie";1;1;4;0;3;1;0;0;1;1;0;2;0;0;0;1;1;3;23;49;9;16;0;2;4;0;5;3;3;0;1;0;0;3;18;0;9;1;0;0;2;2;0;2;2;0;3;0;0;2;6;2;17;310;2;0;5;0;4;5;5;0;0;0;2;3;10;2;4;13;4;0;0;2;1;0;0;2;0;0;0;9;45;10;11;4;46;0;50;2;0;0;1;0;0;1;0;3;2;0;0;0;0;1;0;0;0;1;1;1;0;0;0;0;1;0;1;0
6;"Świetlica Wiejska w Tuczkach, Tuczki 28, 13-220 Rybno";280306;"gm. Rybno";"działdowski";"warmińsko-mazurskie";1;1;1;0;0;0;0;0;1;0;0;1;0;0;0;1;0;0;4;13;1;6;0;0;1;0;1;1;0;0;0;1;0;0;6;3;3;1;2;0;0;0;0;0;0;0;0;0;0;3;2;4;9;146;2;0;0;0;1;3;0;1;0;0;0;0;2;3;1;3;1;0;0;0;0;0;2;1;0;0;0;2;9;2;7;5;0;0;28;1;0;0;1;0;0;0;0;0;2;0;0;0;0;0;0;0;0;0;0;0;0;0;0;0;0;0;0;1
7;"Świetlica Wiejska (Klub Seniora) w Dębieniu, Dębień 9, 13-220 Rybno";280306;"gm. Rybno";"działdowski";"warmińsko-mazurskie";1;1;0;0;0;0;0;0;2;0;0;0;0;0;0;0;1;0;5;11;1;4;0;0;2;1;1;1;5;0;0;0;0;2;6;1;2;0;1;0;0;0;0;0;0;0;0;0;0;3;1;3;12;141;1;3;2;2;0;0;5;2;0;0;0;1;2;1;1;12;1;0;0;1;0;0;1;0;0;2;2;7;13;0;0;2;14;0;7;2;0;0;0;0;0;0;0;0;0;0;0;0;0;0;2;0;0;0;0;0;0;0;0;0;0;0;0;0
8;"Sala narad Rady Gminy Rybno (dawna sala OSP) w Rybnie, ul. Lubawska 15, 13-220 Rybno";280306;"gm. Rybno";"działdowski";"warmińsko-mazurskie";1;1;7;2;0;0;2;4;0;1;2;1;3;1;0;0;1;3;44;45;10;18;1;1;7;0;11;3;4;3;1;1;0;2;14;2;12;2;1;0;1;1;1;3;0;0;0;2;2;5;15;1;17;239;2;2;2;0;4;3;2;2;2;0;4;4;14;3;0;12;6;0;0;4;0;4;1;3;2;0;3;22;59;11;18;4;41;0;50;3;2;0;1;2;1;3;4;2;1;1;0;0;0;0;1;0;1;0;0;1;0;1;0;0;0;0;1;0
9;"Świetlica Wiejska (Dzienny Dom Seniora) w Jeglii, Jeglia 11, 13-220 Rybno";280306;"gm. Rybno";"działdowski";"warmińsko-mazurskie";1;1;0;0;1;0;0;0;0;0;0;0;0;0;0;0;0;0;6;9;4;0;0;0;0;0;1;0;3;0;0;0;0;2;2;1;2;2;0;0;0;0;0;0;0;0;0;0;0;0;4;2;7;78;0;0;3;0;2;1;0;1;0;0;0;0;7;0;0;6;0;0;1;1;0;0;0;0;0;1;1;6;9;2;4;3;1;2;4;0;0;0;0;0;1;0;0;0;0;0;0;0;0;0;0;0;0;0;0;0;0;1;0;0;0;0;0;0
1;"Publiczna Szkoła Podstawowa im. Państwowej Straży Pożarnej w Nowakowie, Nowakowo 47, 82-300 Elbląg";280401;"gm. Elbląg";"elbląski";"warmińsko-mazurskie";1;1;1;0;1;2;0;1;1;1;0;1;0;0;1;0;1;0;13;17;13;5;0;1;8;1;5;4;3;2;0;4;4;11;35;4;2;2;2;0;2;1;1;2;0;1;0;1;1;1;40;66;125;7;4;1;2;2;1;0;5;1;0;0;0;2;19;9;4;0;1;0;2;2;0;2;0;0;3;0;2;0;42;59;2;6;2;5;5;0;0;0;31;1;4;1;2;4;9;0;0;0;0;0;0;0;0;2;1;0;1;0;0;1;0;0;0;1
2;"Świetlica Wiejska w Kazimierzowie, Kazimierzowo 25, 82-300 Elbląg";280401;"gm. Elbląg";"elbląski";"warmińsko-mazurskie";1;1;5;0;3;1;1;0;2;1;0;0;0;0;0;0;0;1;24;6;15;0;0;2;9;0;2;2;6;0;1;2;3;4;34;0;19;2;5;0;3;2;0;0;0;0;0;1;0;8;30;28;58;6;1;3;0;0;3;0;0;0;1;1;0;2;11;0;2;1;3;0;3;2;1;2;0;1;0;2;4;2;66;53;7;9;2;3;1;0;5;1;18;1;5;0;0;5;1;0;1;0;0;0;0;0;0;0;2;1;0;0;0;0;1;0;0;0
3;"Publiczna Szkoła Podstawowa w Gronowie Górnym, Gronowo Górne ul. Szmaragdowa 5, 82-300 Elbląg";280401;"gm. Elbląg";"elbląski";"warmińsko-mazurskie";1;1;3;1;2;1;1;1;2;1;0;0;2;0;0;0;0;2;62;36;22;3;1;3;18;3;8;4;11;3;0;1;2;11;55;3;10;9;9;0;0;0;2;2;4;0;0;0;0;2;71;69;132;8;1;3;1;2;1;1;5;0;1;1;1;1;32;3;6;3;6;2;5;5;0;2;2;2;1;0;3;6;127;148;9;15;4;10;0;1;3;6;66;2;5;0;0;5;13;0;1;0;0;1;2;0;0;2;0;0;0;2;0;2;0;0;0;1
4;"Gminna Biblioteka Publiczna w Komorowie Żuławskim, Komorowo Żuławskie 6, 82-300 Elbląg";280401;"gm. Elbląg";"elbląski";"warmińsko-mazurskie";1;1;8;0;1;0;1;0;0;0;0;1;0;0;0;0;0;1;15;20;5;5;0;2;1;1;3;5;2;2;3;4;1;4;27;1;2;0;6;0;0;0;1;0;1;0;0;0;1;1;38;54;75;11;0;2;3;0;1;1;3;3;1;0;0;1;26;3;4;0;2;0;0;2;0;0;0;0;1;1;1;1;83;113;9;3;1;8;3;1;0;5;17;2;3;1;0;0;5;0;1;3;0;0;0;0;0;1;1;0;1;0;1;0;0;0;0;1
5;"Publiczna Szkoła Podstawowa w Węzinie, Węzina 16, 82-300 Elbląg";280401;"gm. Elbląg";"elbląski";"warmińsko-mazurskie";1;1;0;0;1;0;1;0;0;0;0;0;0;0;0;0;0;0;7;14;1;0;1;0;2;0;2;2;2;1;1;1;0;0;7;2;1;0;5;0;0;1;0;0;0;0;1;0;1;0;31;16;51;8;1;0;2;1;1;1;1;0;1;2;0;2;7;0;3;1;0;0;1;2;1;1;0;0;4;1;0;0;23;21;0;9;0;17;0;0;4;3;8;1;0;0;0;1;5;0;1;0;0;0;0;1;0;0;0;0;0;0;0;0;0;0;0;0
6;"Świetlica Wiejska, Przezmark 15B, 82-300 Elbląg";280401;"gm. Elbląg";"elbląski";"warmińsko-mazurskie";1;1;1;0;0;1;1;0;0;0;0;1;0;0;0;0;0;0;16;13;2;2;3;1;2;3;4;1;8;1;2;0;1;1;14;1;2;3;4;0;0;0;3;1;1;0;0;0;0;1;21;22;44;0;1;0;5;2;0;0;2;1;0;0;0;0;6;0;3;0;2;0;0;2;0;0;0;0;0;0;0;0;40;39;1;5;3;3;0;4;1;3;20;2;2;0;0;5;0;0;1;0;0;0;0;1;0;0;0;0;1;0;0;0;0;0;0;0
7;"Świetlica Wiejska, Raczki Elbląskie 23, 82-300 Elbląg";280401;"gm. Elbląg";"elbląski";"warmińsko-mazurskie";1;1;0;0;0;0;0;0;1;0;0;0;0;0;0;0;0;0;3;6;1;1;0;0;1;1;2;0;3;0;0;1;0;0;3;0;1;1;2;0;0;0;0;0;0;0;0;0;0;0;7;13;43;1;0;3;0;0;0;0;0;0;0;0;0;0;7;3;0;0;2;0;0;0;0;0;0;0;0;0;0;0;19;29;1;3;1;0;1;0;1;1;9;0;0;0;2;0;0;0;0;0;0;0;0;0;0;0;1;0;0;0;0;0;0;0;0;0
8;"Dom Pomocy Społecznej we Władysławowie, Władysławowo 4, 82-300 Elbląg";280401;"gm. Elbląg";"elbląski";"warmińsko-mazurskie";1;1;2;0;1;0;0;0;0;1;0;1;0;0;0;0;0;3;14;0;3;0;1;1;4;0;1;0;2;0;0;0;0;1;13;0;2;0;0;0;1;1;0;0;1;0;0;0;0;0;17;12;30;2;1;0;0;1;0;0;0;0;0;1;0;0;4;0;2;0;0;0;1;0;0;0;0;0;0;0;0;0;23;32;2;4;0;3;0;1;0;0;12;3;0;1;2;1;0;0;0;0;0;0;0;0;0;0;0;1;0;0;0;0;0;0;0;0
1;"Świetlica Wiejska w Bielicy, Bielica 5, 14-407 Godkowo";280402;"gm. Godkowo";"elbląski";"warmińsko-mazurskie";1;1;0;1;1;1;0;0;1;0;0;0;0;0;0;0;0;0;17;6;3;2;2;2;7;1;1;0;2;1;0;0;1;5;9;5;1;0;1;0;1;0;0;1;0;0;0;0;0;0;35;23;110;4;4;2;4;0;1;0;3;0;0;3;0;2;11;1;1;0;2;0;0;0;0;1;3;0;0;0;0;0;35;11;0;1;1;11;1;0;0;8;2;2;0;0;0;2;1;0;0;0;0;0;0;1;0;1;0;0;0;1;0;0;0;0;1;1
2;"Urząd Gminy, Godkowo 14, 14-407 Godkowo";280402;"gm. Godkowo";"elbląski";"warmińsko-mazurskie";1;1;3;0;0;1;0;1;0;0;1;0;0;0;0;0;0;1;16;23;3;3;2;0;4;2;1;2;2;5;4;0;0;2;8;9;3;1;3;0;1;0;0;3;0;0;0;1;1;1;25;13;189;17;3;1;3;1;3;0;6;1;0;3;1;1;14;0;1;0;5;0;0;2;0;0;0;0;1;0;0;1;48;29;1;10;0;20;0;6;3;2;2;2;0;1;0;0;6;0;0;0;0;0;0;0;0;0;0;0;1;0;0;0;0;0;0;0
3;"Świetlica Wiejska w Dobrym, Dobry 16, 14-407 Godkowo";280402;"gm. Godkowo";"elbląski";"warmińsko-mazurskie";1;1;2;0;1;0;0;0;0;0;0;0;0;0;0;0;0;0;7;17;0;0;3;0;2;2;1;1;0;0;1;0;0;3;4;0;1;0;0;0;0;0;0;0;0;0;0;0;0;0;20;8;62;8;0;1;0;0;1;1;0;1;1;0;0;1;11;0;0;1;3;0;1;0;0;0;0;0;0;1;0;2;14;12;0;1;0;3;0;1;1;2;2;0;0;0;0;0;0;0;0;0;0;0;0;0;0;0;0;0;0;0;0;0;0;0;0;0
4;"Świetlica Wiejska w Podągach, Podągi 30, 14-407 Godkowo";280402;"gm. Godkowo";"elbląski";"warmińsko-mazurskie";1;1;2;0;0;0;0;0;1;0;0;0;0;0;0;0;0;0;1;1;0;0;0;1;1;0;1;2;0;0;0;0;0;0;3;0;1;0;1;0;0;2;0;0;0;0;0;0;0;0;10;4;58;3;3;1;2;0;0;0;1;0;1;3;0;1;3;0;0;0;1;0;1;0;0;0;0;0;0;0;0;1;7;2;1;1;0;3;0;0;1;0;1;1;0;0;0;0;1;0;1;0;0;0;1;0;0;0;0;0;0;0;0;0;0;0;0;0
1;"Zespół Szkół, ul. Osiedlowa 6A, 82-335 Gronowo Elbląskie";280403;"gm. Gronowo Elbląskie";"elbląski";"warmińsko-mazurskie";1;1;6;2;0;1;0;0;3;2;0;1;0;2;1;0;2;3;42;22;13;0;2;1;11;4;4;10;34;1;2;2;4;6;40;5;5;0;3;0;6;2;2;1;0;1;2;2;2;5;42;33;199;2;2;3;2;1;1;0;6;0;1;4;0;0;18;3;3;0;8;0;1;0;5;4;0;3;3;0;2;1;95;164;3;10;4;6;0;2;2;0;43;2;1;2;2;5;6;0;1;0;0;3;1;0;0;2;0;0;0;1;0;0;2;0;0;1
2;"Zespół Szkół, Jegłownik ul. Malborska 43, 82-335 Gronowo Elbląskie";280403;"gm. Gronowo Elbląskie";"elbląski";"warmińsko-mazurskie";1;1;6;1;0;2;0;1;2;0;1;1;0;0;0;0;1;1;23;17;6;3;1;2;7;3;1;5;121;1;2;2;0;5;20;5;6;4;5;1;3;3;0;1;0;0;3;0;0;1;47;58;135;13;3;2;4;3;0;1;6;1;2;1;0;1;16;7;5;3;5;0;2;6;0;0;1;0;1;0;0;2;83;105;12;9;6;10;1;5;10;2;32;3;5;3;2;5;6;0;3;1;2;0;0;1;0;1;1;0;0;1;1;1;0;0;0;1
3;"Świetlica Wiejska, Fiszewo 12A, 82-335 Gronowo Elbląskie";280403;"gm. Gronowo Elbląskie";"elbląski";"warmińsko-mazurskie";1;1;0;0;0;0;1;0;0;0;0;0;1;0;0;0;0;0;5;1;0;1;0;0;1;1;0;0;7;0;1;0;1;2;2;1;1;3;0;0;0;0;0;0;0;0;1;0;0;0;17;4;41;2;0;0;1;0;1;0;0;0;0;0;0;1;3;0;2;0;0;1;2;1;0;0;1;0;1;0;0;1;7;13;0;1;2;1;1;0;1;0;2;0;0;0;0;1;0;0;0;0;2;1;4;0;0;0;0;0;0;0;0;0;0;0;1;0
4;"Świetlica Wiejska, Jasionno 1, 82-335 Gronowo Elbląskie";280403;"gm. Gronowo Elbląskie";"elbląski";"warmińsko-mazurskie";1;1;0;0;0;0;0;1;0;0;0;0;1;0;0;0;0;0;1;1;1;0;0;0;4;0;1;0;1;0;0;0;0;0;3;0;0;1;1;0;0;0;0;1;0;0;0;0;0;0;2;3;12;2;0;0;0;0;0;0;0;0;0;0;0;1;1;0;0;0;0;0;0;2;1;0;0;0;0;0;0;0;6;7;1;0;0;2;0;1;0;0;2;0;0;0;0;0;0;0;0;0;1;0;0;0;0;0;0;1;0;0;0;0;0;0;1;0
5;"Świetlica Wiejska, Karczowiska Górne 43A, 82-335 Gronowo Elbląskie";280403;"gm. Gronowo Elbląskie";"elbląski";"warmińsko-mazurskie";1;1;1;1;0;0;0;0;0;0;0;0;0;0;0;0;0;0;11;4;2;1;1;0;1;0;0;1;5;1;1;0;0;3;10;2;2;0;2;0;0;0;1;0;0;0;0;0;0;0;10;7;38;1;0;2;0;0;1;0;2;2;0;0;0;1;5;0;0;0;2;0;0;3;0;0;0;0;0;0;0;0;13;32;0;0;0;1;0;0;0;2;10;0;0;0;1;2;0;0;0;0;0;0;0;0;0;0;0;0;0;0;0;0;0;0;0;1
1;"Świetlica Wiejska w Markusach, Markusy 81, 82-325 Markusy";280404;"gm. Markusy";"elbląski";"warmińsko-mazurskie";1;1;3;0;1;1;1;0;0;0;0;0;0;0;0;0;0;1;15;8;5;4;1;1;5;0;1;2;6;0;0;1;0;3;16;4;6;0;4;0;0;2;0;3;0;1;2;0;0;1;20;13;122;6;2;2;1;1;0;0;1;0;1;1;0;3;14;2;1;0;3;0;2;0;1;1;0;0;0;0;1;0;21;30;1;1;0;6;1;0;2;2;11;1;0;0;1;2;2;0;0;0;1;0;0;1;0;0;0;0;0;0;1;0;0;0;0;0
2;"Szkoła Podstawowa, Żurawiec ul. Elbląska 15, 82-325 Markusy";280404;"gm. Markusy";"elbląski";"warmińsko-mazurskie";1;1;2;0;0;0;0;0;0;0;0;0;0;0;0;0;0;0;7;6;2;3;0;0;2;0;1;1;0;0;0;0;1;5;7;0;0;0;1;0;0;0;2;0;0;0;0;0;0;0;12;16;45;6;0;1;0;0;0;0;0;0;0;0;0;0;7;1;1;0;2;0;0;2;0;0;0;0;0;0;1;0;28;28;4;3;1;4;0;1;2;2;11;1;1;0;0;1;2;1;0;0;1;0;0;0;0;1;0;0;0;0;0;0;0;0;1;0
3;"Szkoła Podstawowa, Zwierzno 28, 82-325 Markusy";280404;"gm. Markusy";"elbląski";"warmińsko-mazurskie";1;1;3;0;0;0;0;2;1;0;0;0;1;0;0;0;0;0;14;15;3;6;2;1;4;1;1;0;5;0;2;1;1;8;17;0;3;2;0;0;2;3;2;0;0;0;0;1;0;0;12;14;112;5;0;2;1;0;0;0;2;1;1;1;0;0;14;2;4;0;7;0;0;2;1;0;0;0;1;0;2;0;30;41;2;4;1;2;0;0;1;6;9;0;1;1;0;2;0;0;0;0;0;0;0;1;0;1;0;0;0;0;1;0;0;0;1;0
4;"Świetlica Wiejska, Rachowo 9, 82-325 Markusy";280404;"gm. Markusy";"elbląski";"warmińsko-mazurskie";1;1;0;0;0;0;0;0;0;0;0;0;0;0;0;0;0;0;0;4;0;0;0;0;0;0;0;0;5;0;0;0;0;1;5;3;1;0;2;0;0;0;0;0;1;0;0;0;1;0;18;6;63;13;1;1;1;0;1;2;1;1;0;0;0;0;8;0;0;2;2;0;0;0;0;1;0;1;0;1;0;1;22;26;3;1;1;2;0;1;1;0;5;0;4;0;0;1;0;3;2;0;0;0;0;0;0;0;0;0;0;1;0;0;0;0;1;0
5;"Świetlica Wiejska, Krzewsk 27, 82-325 Markusy";280404;"gm. Markusy";"elbląski";"warmińsko-mazurskie";1;1;3;0;0;1;0;0;0;1;0;0;0;0;1;0;0;0;15;12;0;3;0;1;0;0;2;1;2;0;0;2;0;1;13;1;6;1;2;0;1;0;2;1;0;1;0;0;0;2;16;17;62;1;2;0;1;0;0;0;0;0;0;0;0;0;11;1;4;0;3;0;0;1;0;0;0;0;0;0;2;0;21;29;1;1;2;10;2;0;0;0;3;0;1;1;0;0;2;0;0;0;0;0;0;0;0;0;0;0;0;1;0;0;0;0;0;0
6;"Świetlica Wiejska, Kępniewo 42, 28-325 Markusy";280404;"gm. Markusy";"elbląski";"warmińsko-mazurskie";1;1;3;0;0;0;0;1;0;0;0;0;0;1;0;0;0;0;11;7;0;4;0;2;1;0;0;1;2;1;2;1;0;3;5;1;1;0;2;1;1;1;1;0;1;0;0;1;0;0;33;22;59;10;0;0;0;0;3;0;0;0;2;0;0;0;10;1;4;1;4;0;1;0;1;0;3;1;0;2;1;0;20;26;3;3;0;8;0;1;1;1;5;1;2;0;0;2;2;0;1;1;1;0;0;0;0;0;0;0;1;0;1;0;0;0;0;0
1;"Zespół Szkolno-Przedszkolny, ul. Szkolna 4, 82-316 Milejewo";280405;"gm. Milejewo";"elbląski";"warmińsko-mazurskie";1;1;5;0;0;1;1;1;2;2;1;2;0;0;0;1;0;2;57;24;18;7;1;2;13;1;10;5;8;2;3;1;2;30;46;3;10;1;6;0;4;3;0;2;1;2;0;0;1;1;69;62;206;17;0;5;0;0;0;1;8;1;1;2;0;2;40;12;1;1;4;1;9;6;0;0;2;2;3;3;2;3;112;127;7;8;2;4;2;1;4;3;33;0;5;2;2;6;4;0;1;1;0;2;0;1;1;0;0;0;0;0;1;0;0;2;0;0
2;"Świetlica Wiejska, Pomorska Wieś 40, 82-316 Milejewo";280405;"gm. Milejewo";"elbląski";"warmińsko-mazurskie";1;1;4;1;1;0;4;1;2;0;0;0;0;1;0;0;0;0;29;11;5;4;0;0;8;3;4;4;6;0;1;2;2;11;17;3;3;3;1;3;1;0;2;5;1;1;0;1;0;1;39;48;96;8;1;1;6;3;0;0;7;1;0;1;0;1;23;1;0;2;3;0;0;2;2;1;2;2;0;0;1;3;60;70;2;6;1;4;2;2;3;6;19;2;3;1;0;2;2;0;0;1;1;0;0;0;0;0;0;0;0;0;0;0;0;1;0;0
1;"Ośrodek Kultury, ul. Dworcowa 10, 14-420 Młynary";280406;"gm. Młynary";"elbląski";"warmińsko-mazurskie";1;1;3;1;0;0;4;0;1;0;1;0;0;1;1;0;0;0;55;22;13;2;0;0;6;1;4;5;7;2;8;4;0;27;41;8;10;2;0;0;3;2;5;2;1;1;0;0;1;1;54;31;136;20;0;1;4;1;0;1;5;0;1;4;0;1;31;7;6;1;4;1;1;3;0;2;2;2;4;0;2;1;89;122;4;9;5;27;4;6;2;5;9;0;0;1;0;1;2;0;0;0;1;3;0;0;1;1;0;1;0;0;0;0;1;0;1;0
2;"Szkoła Podstawowa, ul. Warszawska 1, 14-420 Młynary";280406;"gm. Młynary";"elbląski";"warmińsko-mazurskie";1;1;4;1;1;0;2;2;1;0;1;2;2;0;0;0;1;0;25;17;11;4;1;1;16;1;2;0;4;0;4;0;1;23;30;2;2;1;5;1;1;1;0;0;0;0;0;0;0;0;51;20;121;35;0;2;3;2;1;0;0;0;0;0;0;1;24;6;7;3;8;0;1;5;2;1;1;3;4;1;2;1;73;66;5;7;0;30;2;5;0;6;8;1;1;0;2;2;5;1;1;0;2;0;0;0;0;0;1;0;0;0;0;2;0;0;0;3
3;"Świetlica Wiejska w Błudowie, Błudowo 44A, 14-420 Młynary";280406;"gm. Młynary";"elbląski";"warmińsko-mazurskie";1;1;1;0;0;0;1;0;0;0;0;0;0;0;0;0;0;0;15;17;7;1;2;2;4;0;1;1;1;0;1;1;0;18;17;1;3;0;1;1;2;0;1;0;0;0;1;2;1;1;35;35;43;30;3;1;6;1;0;2;2;0;1;3;0;6;13;1;1;1;1;2;0;2;0;2;0;3;3;1;1;0;27;28;1;6;2;10;1;1;4;0;7;0;0;1;0;3;2;0;0;0;0;0;0;0;0;0;0;0;0;0;0;0;0;0;0;0
4;"Świetlica Wiejska w Kurowie Braniewskim, Kurowo Braniewskie 33A, 14-420 Młynary";280406;"gm. Młynary";"elbląski";"warmińsko-mazurskie";1;1;1;0;0;0;0;0;0;0;0;0;0;0;0;0;0;0;10;8;3;1;0;0;0;0;0;0;2;1;0;0;0;13;2;0;1;0;1;0;0;1;0;0;0;0;0;0;1;0;10;5;47;6;0;0;0;0;0;0;0;0;0;0;0;0;5;0;0;0;0;0;0;0;0;0;1;1;0;1;0;0;4;9;0;1;0;4;0;1;0;1;0;0;0;0;0;0;3;0;0;0;0;0;0;0;0;0;1;0;0;0;0;0;0;0;1;0
1;"Ośrodek Szkolenia i Wychowania OHP w Pasłęku, ul. Bohaterów Westerplatte 20, 14-400 Pasłęk";280407;"gm. Pasłęk";"elbląski";"warmińsko-mazurskie";1;1;6;0;2;1;2;0;1;2;0;0;1;0;0;0;0;1;36;24;8;5;2;0;3;0;4;2;1;1;0;1;0;4;30;5;5;1;0;0;0;0;0;1;0;0;1;0;0;2;17;9;167;5;0;1;0;0;0;0;2;1;1;1;0;1;25;4;3;1;4;0;0;0;1;1;1;4;0;0;0;2;162;72;6;9;3;14;1;4;2;67;9;1;0;0;3;1;7;1;1;1;1;0;0;0;0;0;0;0;1;0;1;0;0;1;0;3
2;"Szkoła Podstawowa nr 3 w Pasłęku, ul. 3 Maja 21, 14-400 Pasłęk";280407;"gm. Pasłęk";"elbląski";"warmińsko-mazurskie";1;1;2;0;0;0;0;0;0;0;1;1;0;0;0;0;0;2;34;16;13;1;0;2;11;0;5;0;2;1;1;2;2;3;17;6;9;1;3;1;2;2;3;0;0;0;2;0;1;3;18;20;173;5;0;1;0;0;0;1;3;0;0;1;0;2;22;6;2;1;3;0;1;3;0;3;0;4;0;1;2;2;118;68;9;11;0;11;2;2;0;66;5;0;0;0;0;1;2;0;0;0;0;0;0;1;0;0;0;0;0;0;0;0;0;0;0;0
3;"Przedszkole Samorządowe nr 2 w Pasłęku, ul. Gdańska 17, 14-400 Pasłęk";280407;"gm. Pasłęk";"elbląski";"warmińsko-mazurskie";1;1;6;0;0;1;0;0;1;1;1;1;0;0;0;0;0;0;38;22;9;5;1;0;5;0;5;3;5;2;0;1;1;7;30;8;2;5;1;1;1;1;0;1;0;0;1;2;0;1;19;13;160;7;0;0;3;0;1;0;0;0;0;2;1;1;9;5;2;2;2;0;0;1;0;1;0;0;1;1;0;1;123;52;3;6;1;9;1;5;0;42;13;0;4;0;0;3;4;0;1;0;1;1;0;0;0;0;0;1;1;0;0;1;0;0;0;0
4;"Zespół Szkół w Pasłęku, ul. Zwycięstwa 28, 14-400 Pasłęk";280407;"gm. Pasłęk";"elbląski";"warmińsko-mazurskie";1;1;2;1;0;0;0;0;0;0;2;1;0;0;0;0;0;2;33;18;9;7;0;1;7;2;4;7;3;1;1;0;1;3;33;6;1;2;8;0;1;6;3;1;2;1;1;0;1;0;6;10;173;2;1;0;0;0;0;0;0;0;0;2;0;1;19;4;5;0;2;0;1;6;1;1;0;0;0;1;1;0;140;63;5;16;2;10;0;2;1;70;13;3;2;0;5;1;8;0;1;0;0;2;0;0;1;3;0;0;0;0;0;0;0;1;1;0
5;"Przedszkole Samorządowe nr 1 w Pasłęku, ul. 11 Listopada 8, 14-400 Pasłęk";280407;"gm. Pasłęk";"elbląski";"warmińsko-mazurskie";1;1;2;0;0;2;1;0;0;0;0;0;0;0;1;0;1;1;18;24;6;4;0;3;6;0;4;4;2;7;1;0;0;6;19;1;0;2;1;0;1;0;0;2;0;0;0;0;1;1;16;8;138;7;0;0;1;1;1;0;2;0;0;1;0;2;8;0;1;1;1;0;1;0;0;1;0;1;0;0;1;0;107;64;4;8;2;11;1;1;1;61;7;1;1;0;1;1;3;0;0;0;1;0;0;0;0;0;0;0;1;0;0;0;1;0;0;0
6;"Filia Szkoły Podstawowej nr 3 w Pasłęku, ul. Spółdzielcza 7, 14-400 Pasłęk";280407;"gm. Pasłęk";"elbląski";"warmińsko-mazurskie";1;1;3;0;0;0;2;0;0;0;0;0;0;0;0;0;0;0;28;12;4;6;1;2;9;2;4;1;0;1;0;0;0;3;29;9;5;0;4;0;0;2;1;1;0;0;1;0;1;1;10;18;168;3;0;0;4;0;0;0;1;0;1;2;1;1;18;2;5;0;0;0;0;3;0;1;0;1;1;0;2;1;111;65;8;4;1;14;1;1;0;63;6;1;0;3;2;2;1;2;1;2;0;0;2;1;0;1;0;0;0;0;0;0;1;0;0;0
7;"Pasłęcki Ośrodek Kultury w Pasłęku, pl. św. Wojciecha 5, 14-400 Pasłęk";280407;"gm. Pasłęk";"elbląski";"warmińsko-mazurskie";1;1;3;0;1;1;1;0;1;0;1;0;0;0;1;0;0;1;27;20;6;1;2;0;3;2;6;1;6;1;2;2;1;4;10;8;4;1;3;3;0;1;1;0;1;0;2;1;0;1;10;16;124;7;0;3;2;1;1;2;2;0;0;0;0;0;10;3;1;0;1;0;0;3;0;1;0;0;0;0;1;0;80;39;5;8;0;14;1;0;3;43;13;1;0;0;0;3;5;0;0;0;1;0;0;0;1;1;0;0;0;0;0;0;0;0;0;1
8;"Zespół Szkół Ekonomicznych i Technicznych w Pasłęku, ul. Wojska Polskiego 36, 14-400 Pasłęk";280407;"gm. Pasłęk";"elbląski";"warmińsko-mazurskie";1;1;3;1;1;1;1;0;0;0;0;1;0;0;0;0;0;1;28;22;9;6;1;1;9;1;5;7;6;5;1;1;1;9;26;5;4;1;2;0;1;3;0;1;0;0;1;0;1;3;22;24;159;6;0;0;2;0;1;0;2;0;0;2;0;1;21;7;1;1;2;0;1;2;1;2;1;0;2;0;1;1;122;64;10;9;0;1;0;2;1;45;10;0;0;0;2;3;1;1;1;2;0;1;1;1;0;0;0;0;1;0;0;0;0;0;1;0
9;"Szkoła Podstawowa nr 2 w Pasłęku, ul. Sprzymierzonych 9, 14-400 Pasłęk";280407;"gm. Pasłęk";"elbląski";"warmińsko-mazurskie";1;1;3;1;0;1;1;0;1;1;0;0;1;0;0;0;0;1;16;23;11;2;1;2;8;4;5;3;8;0;0;0;3;12;25;2;6;1;3;1;1;1;0;2;0;0;1;1;1;2;22;7;222;2;0;2;1;1;1;1;2;1;0;1;0;2;27;4;4;1;3;3;4;2;0;5;0;0;4;0;3;2;138;47;9;11;1;17;1;1;1;47;17;1;0;0;1;5;3;0;2;0;1;2;1;2;0;0;1;0;0;0;0;1;0;0;0;0
10;"Miejski Ośrodek Sportu i Rekreacji, ul. Kraszewskiego 2a, 14-400 Pasłęk";280407;"gm. Pasłęk";"elbląski";"warmińsko-mazurskie";1;1;2;0;0;0;0;0;0;0;0;0;1;0;0;0;0;0;10;15;1;1;1;0;2;0;1;0;1;0;0;0;1;9;10;1;0;0;0;0;0;0;1;0;0;0;0;0;1;3;8;7;67;2;1;0;1;0;0;0;0;0;0;1;0;2;6;1;4;0;2;0;1;0;1;0;0;1;0;0;0;3;26;11;0;1;0;10;0;0;0;17;1;0;0;0;1;0;0;0;0;0;0;2;0;0;0;0;0;0;0;0;0;0;0;0;0;0
11;"Środowiskowy Dom Samopomocy w Rzecznej, Rzeczna 19, 14-400 Pasłęk";280407;"gm. Pasłęk";"elbląski";"warmińsko-mazurskie";1;1;3;1;0;3;1;0;0;1;0;1;3;0;0;0;0;1;16;32;2;2;0;0;4;2;6;3;1;0;0;4;1;4;21;5;10;1;0;2;0;3;0;1;2;1;0;1;2;1;17;31;109;4;1;1;0;0;1;1;1;0;1;2;0;0;12;1;3;0;2;1;1;2;1;0;0;1;2;0;3;7;75;40;9;5;1;9;2;0;2;24;8;1;1;0;0;0;1;1;0;1;3;0;1;0;0;0;0;0;0;0;1;0;0;0;0;2
12;"Szkoła Podstawowa nr 1 w Pasłęku, ul. Władysława Jagiełły 30, 14-400 Pasłęk";280407;"gm. Pasłęk";"elbląski";"warmińsko-mazurskie";1;1;7;0;1;0;1;0;0;0;1;0;0;0;0;0;0;1;18;25;3;7;1;4;9;3;9;1;3;2;1;2;0;1;19;5;8;2;1;2;1;2;0;2;0;1;0;0;0;2;30;17;191;11;0;1;0;0;0;0;3;0;0;2;0;2;21;10;1;0;4;3;3;4;0;1;2;1;1;0;2;3;80;33;2;9;1;13;3;1;2;34;6;1;0;1;8;4;5;0;3;1;0;0;1;0;0;0;0;0;1;0;0;0;0;0;0;0
13;"Szkoła Podstawowa z Oddziałami Integracyjnymi w Zielonce Pasłęckiej, Zielonka Pasłęcka 17, 14-400 Pasłęk";280407;"gm. Pasłęk";"elbląski";"warmińsko-mazurskie";1;1;2;0;0;0;0;0;0;0;0;0;0;0;1;0;0;0;8;29;4;6;1;0;6;0;7;2;0;3;0;0;1;0;16;1;4;4;1;1;1;0;0;1;0;0;0;0;5;1;27;25;146;23;7;1;4;3;0;0;0;2;0;2;0;1;7;0;4;2;0;0;0;2;0;2;0;0;0;0;0;1;54;28;0;6;0;7;2;2;2;23;3;0;2;0;1;1;3;0;0;0;0;0;0;0;0;2;0;0;0;1;0;0;0;0;1;0
14;"Szkoła Podstawowa w Rogajnach, Rogajny 27, 14-400 Pasłęk";280407;"gm. Pasłęk";"elbląski";"warmińsko-mazurskie";1;1;4;1;0;0;0;1;0;0;1;0;0;0;0;0;0;1;8;27;3;2;2;0;3;2;9;3;1;5;1;1;0;3;13;4;4;1;1;0;2;0;0;1;0;1;0;0;0;0;32;21;93;13;0;2;3;1;3;0;1;0;0;3;1;2;24;2;1;1;1;0;0;1;2;0;0;0;0;1;1;3;51;13;8;11;0;6;2;0;1;33;2;0;0;1;0;0;3;0;1;0;0;0;0;0;0;1;0;0;0;0;0;1;0;0;0;0
15;"Świetlica Wiejska w Mariance, Marianka 5B, 14-400 Pasłęk";280407;"gm. Pasłęk";"elbląski";"warmińsko-mazurskie";1;1;1;0;0;0;0;0;0;0;0;0;0;0;0;0;0;0;6;7;2;0;0;0;1;0;0;0;1;1;0;1;0;0;5;0;0;0;1;0;0;1;0;0;0;0;0;0;1;0;5;2;43;0;0;0;0;0;0;0;0;0;0;1;0;0;4;1;0;0;0;0;0;0;0;0;0;0;1;0;0;0;17;4;0;0;0;0;0;0;0;21;0;0;0;0;0;0;0;0;0;0;0;0;0;0;0;0;0;0;0;0;1;0;0;0;0;0
16;"Świetlica Wiejska w Stegnach, Stegny 59B, 14-400 Pasłęk";280407;"gm. Pasłęk";"elbląski";"warmińsko-mazurskie";1;1;0;0;0;1;0;0;0;0;0;0;0;0;0;0;0;0;4;7;1;1;1;0;0;0;0;2;1;0;0;0;0;5;3;1;1;2;0;0;1;2;0;0;0;0;0;0;0;0;2;4;28;6;0;0;0;0;1;0;2;0;1;0;0;0;6;2;2;0;0;1;0;0;1;0;0;0;1;0;1;0;17;12;2;4;0;5;0;1;0;27;6;0;0;0;0;0;0;0;0;0;0;0;0;0;0;0;0;0;0;0;0;0;0;0;0;0
17;"Świetlica Środowiskowa „Fantazja” w Drulitach, Drulity 22, 14-400 Pasłęk";280407;"gm. Pasłęk";"elbląski";"warmińsko-mazurskie";1;1;0;0;0;0;0;0;0;0;0;0;0;0;0;0;0;0;5;5;3;2;0;0;2;0;1;3;1;1;0;0;0;2;3;0;5;0;0;0;0;0;0;2;0;0;1;0;0;0;6;4;35;2;0;0;0;0;0;0;3;1;0;0;0;0;6;1;2;1;0;0;0;0;0;0;0;0;0;0;1;2;12;7;2;0;0;1;0;0;0;8;1;0;0;0;1;1;0;0;0;0;1;0;0;0;0;0;0;0;0;0;0;0;0;0;0;0
18;"Szpital Powiatowy Spółka z o. o. w Pasłęku, ul. Kopernika 24A, 14-400 Pasłęk";280407;"gm. Pasłęk";"elbląski";"warmińsko-mazurskie";1;1;0;0;0;0;0;0;0;0;0;0;0;0;0;0;0;0;0;0;0;0;0;0;0;0;0;0;0;0;0;0;0;1;3;0;0;1;0;0;0;0;0;0;0;0;0;0;0;0;3;3;6;0;0;3;0;0;0;0;0;0;0;1;0;0;1;0;0;0;0;0;0;0;0;0;0;0;0;0;0;0;1;1;0;0;0;0;0;0;1;0;1;0;0;0;0;0;0;0;0;0;0;0;0;0;0;0;0;0;0;0;0;0;0;0;0;0
1;"Świetlica Wiejska w Jelonkach, Jelonki 108, 14-411 Rychliki";280408;"gm. Rychliki";"elbląski";"warmińsko-mazurskie";1;1;1;0;0;0;0;1;0;0;0;1;0;0;0;1;0;0;19;18;7;3;0;0;8;0;4;2;1;2;0;0;1;2;9;1;2;0;0;0;1;3;0;0;0;0;0;0;0;0;31;13;139;2;0;0;3;0;0;1;5;1;0;3;3;3;13;1;6;1;1;0;1;3;0;1;0;1;2;0;0;0;30;50;14;6;0;18;2;0;1;1;7;0;0;0;2;2;2;0;0;0;0;0;0;0;0;0;0;0;1;0;0;1;3;0;1;1
2;"Świetlica Wiejska w Kwietniewie, Kwietniewo 7, 14-411 Rychliki";280408;"gm. Rychliki";"elbląski";"warmińsko-mazurskie";1;1;0;1;0;2;0;0;2;0;0;0;0;0;0;0;0;0;12;36;3;1;0;3;1;2;3;1;3;1;1;1;1;1;10;2;3;1;0;0;0;2;0;2;0;0;0;0;1;2;22;6;144;15;0;0;0;0;2;0;3;0;0;2;0;0;10;0;0;1;1;0;1;2;0;1;1;1;0;1;0;0;36;49;3;4;9;9;1;2;1;2;6;1;1;1;1;3;4;0;2;0;0;0;0;0;0;1;0;0;0;0;0;0;0;0;0;0
3;"Szkoła Podstawowa im. Janusza Korczaka w Rychlikach z oddziałami przedszkolnymi, Rychliki 34, 14-411 Rychliki";280408;"gm. Rychliki";"elbląski";"warmińsko-mazurskie";1;1;4;0;1;4;2;0;1;0;0;1;0;0;0;0;1;0;17;39;8;5;3;1;16;0;1;2;4;2;2;1;3;3;15;7;9;4;3;0;0;0;0;2;2;2;1;1;2;3;30;38;172;18;0;0;4;2;1;2;4;1;1;0;0;1;21;3;3;0;4;0;2;1;0;3;1;4;4;1;0;4;53;69;5;4;0;11;1;3;3;7;11;1;1;0;1;1;1;0;0;0;0;0;0;0;0;1;1;0;0;0;0;1;0;0;0;0
1;"Szkoła Podstawowa, Łęcze 29, 82-340 Tolkmicko";280409;"gm. Tolkmicko";"elbląski";"warmińsko-mazurskie";1;1;4;0;0;0;0;2;1;1;0;0;0;0;0;0;0;0;16;6;6;0;0;0;1;0;1;0;3;0;0;0;0;10;19;1;1;3;2;0;1;0;0;0;0;0;1;0;2;1;13;16;28;12;1;0;1;0;0;0;2;0;0;1;0;1;18;0;0;0;2;1;0;0;0;0;1;2;0;0;2;0;23;55;3;3;1;1;2;1;0;4;7;0;1;0;0;1;0;0;0;0;0;1;0;2;1;0;1;1;0;0;0;0;1;0;0;0
2;"Świetlica Wiejska, Suchacz ul. Królowej Marii 18, 82-340 Tolkmicko";280409;"gm. Tolkmicko";"elbląski";"warmińsko-mazurskie";1;1;1;0;0;0;1;0;0;1;0;0;0;0;0;0;0;0;15;5;5;3;3;0;8;0;2;0;4;0;5;3;3;9;24;2;4;2;7;0;1;1;2;1;0;0;1;0;0;1;27;26;79;12;3;3;1;1;0;0;6;0;0;0;0;1;5;2;2;2;5;1;0;4;1;1;1;2;0;0;2;2;36;60;6;4;0;1;2;1;2;2;9;0;1;0;0;4;2;0;2;0;1;0;0;0;0;2;0;0;0;0;0;0;0;0;0;0
3;"Świetlica Wiejska, Pogrodzie 41C, 82-340 Tolkmicko";280409;"gm. Tolkmicko";"elbląski";"warmińsko-mazurskie";1;1;1;0;0;0;2;0;0;0;0;0;0;0;0;0;0;0;28;2;5;1;0;0;4;1;1;3;3;0;0;2;0;9;5;0;4;1;3;0;0;0;0;0;0;0;0;1;0;5;43;26;70;3;0;0;3;0;0;0;0;0;0;0;0;1;20;6;0;0;1;1;0;0;1;2;3;0;3;0;0;0;26;33;8;2;3;6;2;1;2;1;6;0;3;0;1;2;0;1;0;0;2;0;1;0;1;0;0;0;1;0;0;0;0;0;0;0
4;"Miejsko-Gminny Ośrodek Kultury, ul. Świętojańska 1, 82-340 Tolkmicko";280409;"gm. Tolkmicko";"elbląski";"warmińsko-mazurskie";1;1;5;0;1;2;2;1;2;0;1;1;0;0;0;0;1;4;52;15;15;8;3;3;6;2;10;12;10;0;2;2;1;32;71;6;18;6;7;0;2;3;2;5;1;3;1;0;2;6;69;59;233;24;2;4;6;3;5;0;4;2;2;3;0;6;16;6;3;3;7;4;0;2;0;0;0;0;0;1;0;0;113;110;11;11;5;10;3;1;6;5;9;6;0;6;3;8;5;0;1;2;0;0;0;0;0;0;0;0;1;0;0;0;2;0;0;0
5;"Dom Pomocy Społecznej, ul. Szpitalna 2, 82-340 Tolkmicko";280409;"gm. Tolkmicko";"elbląski";"warmińsko-mazurskie";1;1;0;0;0;0;1;0;0;1;0;0;1;0;0;0;0;0;0;0;0;0;1;0;1;0;0;1;0;0;0;0;0;0;0;0;0;0;0;0;0;0;0;0;0;0;0;0;0;0;1;2;6;2;0;0;0;1;0;0;0;0;0;0;0;0;0;0;0;0;1;0;0;1;0;0;0;0;0;0;0;0;0;1;0;0;0;0;0;0;0;0;0;0;0;0;0;0;1;0;0;0;0;0;1;0;0;0;0;0;0;0;0;0;0;0;0;0
6;"Świetlica Wiejska, Kadyny 13C, 82-340 Tolkmicko";280409;"gm. Tolkmicko";"elbląski";"warmińsko-mazurskie";1;1;0;0;0;0;1;0;0;0;0;0;0;0;0;0;0;0;10;1;5;1;0;0;3;0;0;2;3;0;1;0;1;28;19;0;1;2;2;0;0;0;0;0;0;0;1;1;1;1;22;10;47;5;0;1;1;0;0;0;1;0;0;1;0;2;10;1;2;0;6;1;0;1;1;0;1;3;2;0;3;3;29;50;3;4;2;7;0;1;1;3;7;3;1;0;0;1;3;0;0;0;0;0;0;0;0;0;0;0;0;0;0;0;0;0;0;0
7;"Świetlica Wiejska w Kamionku Wielkim, Kamionek Wielki 5B, 82-340 Tolkmicko";280409;"gm. Tolkmicko";"elbląski";"warmińsko-mazurskie";1;1;1;0;0;0;1;0;1;0;0;0;0;0;0;0;0;0;21;5;1;1;1;2;1;0;1;0;8;0;0;0;0;1;12;3;3;2;2;0;1;0;0;0;1;0;0;0;0;0;11;27;24;6;0;0;1;0;0;0;0;0;0;0;1;1;5;3;2;0;0;0;0;0;0;0;1;0;0;0;0;0;33;26;2;3;2;2;0;1;1;1;6;0;0;1;0;1;0;0;1;0;0;0;0;0;0;1;0;0;0;0;0;1;0;0;0;0
8;"Świetlica Wiejska, Chojnowo 10, 82-340 Tolkmicko";280409;"gm. Tolkmicko";"elbląski";"warmińsko-mazurskie";1;1;2;0;0;0;0;0;0;0;0;0;0;0;0;0;0;2;3;1;0;0;0;0;0;0;0;0;0;1;0;0;2;1;7;0;0;0;0;0;0;1;0;0;0;0;0;0;0;0;7;15;16;1;0;1;3;0;0;0;0;0;0;0;0;0;9;1;0;0;1;1;0;2;0;0;0;0;0;0;0;0;3;9;0;1;0;0;0;0;0;0;3;0;0;0;0;0;2;0;0;0;0;0;0;0;0;0;0;0;0;0;0;0;0;0;0;0
9;"Świetlica Wiejska, Pagórki 20, 82-340 Tolkmicko";280409;"gm. Tolkmicko";"elbląski";"warmińsko-mazurskie";1;1;1;0;1;0;0;0;0;0;1;0;0;0;0;0;0;0;5;1;2;0;0;0;1;0;0;0;1;0;0;0;0;6;1;2;0;0;1;0;0;0;0;0;0;0;0;0;0;0;4;6;9;2;0;0;0;0;0;0;0;0;0;0;0;0;1;0;0;0;0;0;0;0;0;0;1;0;0;0;0;0;7;19;0;1;0;1;0;0;0;0;0;0;0;0;0;2;0;0;0;0;0;1;0;0;0;0;1;0;0;0;0;0;0;0;0;0
1;"Przedszkole Miejskie Nr 3, ul. Tadeusza Kościuszki 22A, 14-200 Iława";280701;"m. Iława";"iławski";"warmińsko-mazurskie";1;1;9;0;1;1;0;1;1;1;3;1;1;1;1;0;3;5;140;68;16;52;3;2;10;3;22;1;7;2;5;0;3;7;37;6;13;4;4;1;1;3;3;32;0;0;5;1;0;11;53;11;93;88;4;5;6;1;4;58;18;11;1;2;1;5;35;26;3;12;3;0;2;1;2;1;1;1;2;0;1;28;134;41;87;26;162;4;8;8;6;0;0;5;0;0;11;7;7;3;0;1;1;2;1;0;1;0;0;0;0;0;0;0;1;0;0;0
2;"Przedszkole Miejskie Nr 3, ul. Tadeusza Kościuszki 22A, 14-200 Iława";280701;"m. Iława";"iławski";"warmińsko-mazurskie";1;1;2;0;1;0;2;0;0;0;1;0;0;1;1;1;0;2;66;32;10;30;1;1;6;1;15;1;3;3;3;1;1;5;31;8;12;4;6;0;2;2;0;20;0;0;1;1;0;3;40;19;74;58;3;4;5;0;9;84;7;8;3;5;2;3;14;19;1;3;9;1;1;1;0;2;10;1;1;0;2;7;72;25;50;14;91;7;3;3;5;0;4;4;1;4;3;4;3;1;0;1;0;2;0;0;0;0;0;0;0;0;0;2;0;0;0;0
3;"Szkoła Podstawowa nr 1 im. Mikołaja Kopernika, ul. Tadeusza Kościuszki 2A, 14-200 Iława";280701;"m. Iława";"iławski";"warmińsko-mazurskie";1;1;6;0;0;1;2;3;1;0;0;0;1;0;0;0;1;3;44;37;5;31;0;0;4;0;11;1;1;1;3;1;2;2;35;11;7;3;3;0;1;1;0;14;0;0;0;0;0;18;48;17;79;81;8;6;6;5;6;63;6;11;1;2;0;2;11;13;0;2;2;2;1;1;1;1;1;1;4;0;1;19;121;28;69;20;97;7;2;5;3;1;1;3;0;1;7;4;7;0;1;2;3;1;0;1;0;2;0;0;0;0;1;0;1;1;1;0
4;"Szkoła Podstawowa nr 3 z Oddziałami Integracyjnymi im. Polskich Olimpijczyków, ul. Niepodległości 11A, 14-200 Iława";280701;"m. Iława";"iławski";"warmińsko-mazurskie";1;1;2;1;1;0;0;0;1;1;0;0;0;0;0;0;1;1;36;15;2;43;2;0;7;2;8;1;3;1;0;1;1;1;46;2;15;0;2;0;1;2;0;7;0;2;1;1;1;21;30;10;90;59;3;2;2;2;8;92;3;4;1;0;1;5;9;12;1;5;2;0;0;5;0;2;0;0;1;1;0;8;106;29;41;12;113;3;0;10;5;0;4;1;0;3;4;6;5;0;0;0;0;0;1;0;0;0;0;1;1;2;0;0;0;0;0;0
5;"Iławskie Przedsiębiorstwo Budowlane, ul. Lubawska 3, 14-200 Iława";280701;"m. Iława";"iławski";"warmińsko-mazurskie";1;1;7;0;1;2;1;0;4;1;1;3;2;4;1;1;1;4;131;72;10;79;1;4;11;2;10;3;2;2;3;1;1;3;48;6;18;5;3;2;2;1;2;24;0;0;1;1;6;18;55;27;150;181;5;5;7;2;11;75;16;18;2;2;1;4;31;20;3;7;4;1;0;2;0;3;0;0;1;2;1;23;168;41;67;32;173;12;7;14;4;1;3;8;1;3;10;4;8;0;3;1;2;0;0;1;1;2;1;0;0;1;1;1;0;0;0;0
6;"Szkoła Podstawowa Nr 3 z Oddziałami Intergracyjnymi im. Polskich Olimpijczyków, ul. Niepodległości 11A, 14-200 Iława";280701;"m. Iława";"iławski";"warmińsko-mazurskie";1;1;3;0;0;1;0;0;1;0;1;0;3;0;0;0;0;1;20;24;3;18;0;0;0;1;3;2;0;1;0;0;0;16;21;3;6;0;1;0;0;1;0;8;0;0;0;0;1;8;24;11;33;33;0;1;1;0;2;66;5;2;1;0;0;1;6;4;0;2;0;0;1;0;2;0;0;1;1;1;0;3;75;12;28;9;57;1;1;3;2;0;1;2;0;0;1;2;1;1;1;0;1;0;0;0;0;0;0;0;0;1;0;0;0;1;0;0
7;"Ośrodek Psychoedukacji, Profilaktyki Uzależnień i Pomocy Rodzinie, ul. Chełmińska 1, 14-200 Iława";280701;"m. Iława";"iławski";"warmińsko-mazurskie";1;1;6;0;1;1;1;2;2;0;0;3;0;0;0;1;0;2;64;45;5;37;1;0;5;1;17;1;1;2;2;0;0;1;37;8;7;1;2;1;3;0;0;7;0;1;0;1;0;11;46;18;69;126;3;3;5;1;6;60;7;11;1;1;0;6;19;16;1;4;2;0;0;0;2;0;1;0;1;1;1;19;97;28;56;16;129;10;5;10;5;1;0;3;1;2;5;5;2;0;0;0;2;0;3;1;0;1;0;0;0;0;0;0;0;0;0;1
8;"Przedszkole Miejskie Nr 4 im. Kubusia Puchatka, ul. Jarosława Dąbrowskiego 17B, 14-200 Iława";280701;"m. Iława";"iławski";"warmińsko-mazurskie";1;1;5;0;0;1;0;1;1;0;1;1;1;1;0;0;1;1;97;51;7;46;1;1;5;0;21;7;3;3;3;1;0;4;59;7;19;1;4;1;2;2;0;8;1;0;1;0;2;13;45;6;84;92;2;3;1;3;2;88;8;7;0;1;0;2;18;24;1;7;2;1;1;2;0;2;2;0;0;3;0;20;133;27;68;37;224;8;8;5;4;1;0;4;0;3;3;6;5;2;0;0;2;0;0;0;1;0;0;0;0;0;0;0;0;0;0;0
9;"Przedszkole Miejskie Nr 6, ul. Wiejska 3, 14-200 Iława";280701;"m. Iława";"iławski";"warmińsko-mazurskie";1;1;10;1;0;3;0;1;0;1;1;1;2;1;0;0;0;2;80;32;6;47;2;2;6;6;7;0;2;0;4;0;1;4;34;17;9;5;7;0;5;1;2;14;1;1;0;0;3;8;68;24;104;83;6;12;2;5;3;72;9;9;3;5;0;2;11;21;3;3;2;0;1;1;0;4;1;4;2;4;1;11;112;24;45;31;76;9;2;5;5;0;0;1;0;1;8;4;3;0;1;1;0;0;0;0;2;1;0;1;1;0;0;0;1;0;0;0
10;"Przedszkole Miejskie Nr 4 im. Kubusia Puchatka, ul. Jarosława Dąbrowskiego 17B, 14-200 Iława";280701;"m. Iława";"iławski";"warmińsko-mazurskie";1;1;1;1;1;0;2;1;1;0;0;0;1;0;0;0;0;2;55;33;3;29;1;1;7;1;4;1;1;0;3;0;5;0;13;15;6;2;1;1;2;1;0;6;0;1;1;0;3;11;33;10;72;36;7;2;5;0;4;96;3;6;1;1;0;3;8;11;3;1;4;1;0;1;0;0;0;0;2;0;1;13;83;13;20;11;81;5;2;1;0;0;1;2;0;0;2;4;4;0;0;1;0;0;0;0;0;0;0;0;1;0;0;1;0;0;0;0
11;"Miejski Ośrodek Pomocy Społecznej, ul. Grunwaldzka 6A, 14-200 Iława";280701;"m. Iława";"iławski";"warmińsko-mazurskie";1;1;3;0;0;1;0;2;1;0;0;0;1;1;0;0;1;0;46;22;3;33;3;0;4;0;15;3;5;0;3;1;1;1;31;6;6;0;0;3;0;0;1;12;0;0;0;0;0;12;27;10;87;66;7;4;0;1;9;47;17;4;1;0;0;2;15;16;2;0;5;0;2;3;2;1;1;3;1;1;0;18;75;26;38;11;78;5;3;3;1;0;2;2;2;2;4;4;3;0;2;1;0;0;2;0;1;2;1;1;0;0;0;0;0;0;0;0
12;"Szkoła Podstawowa Nr 4 im. Polskich Podróżników, ul. Marii Skłodowskiej-Curie 31, 14-200 Iława";280701;"m. Iława";"iławski";"warmińsko-mazurskie";1;1;5;0;1;1;0;2;2;0;1;1;0;0;0;0;0;1;73;33;3;36;1;0;6;1;21;3;3;2;3;2;2;1;36;10;5;2;1;1;3;0;1;11;1;0;0;1;2;13;47;30;102;92;6;5;5;2;6;91;9;4;1;0;0;4;11;21;2;4;5;0;1;5;0;4;1;0;0;0;0;14;99;35;58;24;101;8;4;1;10;1;1;1;1;0;2;9;5;0;0;0;0;0;2;0;0;2;0;1;1;0;0;0;0;0;0;1
13;"Szkoła Podstawowa Nr 2 z Oddziałami Integracyjnymi im. Marii Konopnickiej, ul. gen. Władysława Andersa 7, 14-200 Iława";280701;"m. Iława";"iławski";"warmińsko-mazurskie";1;1;3;1;1;0;1;1;0;2;2;1;0;0;0;0;2;1;74;39;5;35;2;0;7;1;10;1;1;1;3;0;2;2;57;7;18;1;3;0;5;0;2;8;1;0;1;2;0;18;41;18;92;78;4;4;4;5;5;83;9;20;1;3;1;6;19;19;5;4;6;0;1;4;2;0;1;2;1;2;0;12;157;44;49;20;137;6;2;3;1;2;2;4;0;5;8;8;6;1;2;1;2;0;0;1;2;0;0;1;1;0;2;0;0;0;0;0
14;"Szkoła Podstawowa Nr 4 im. Polskich Podróżników, ul. Marii Skłodowskiej-Curie 31, 14-200 Iława";280701;"m. Iława";"iławski";"warmińsko-mazurskie";1;1;2;0;2;1;0;2;2;1;0;1;0;0;0;0;0;1;85;34;15;39;2;0;6;1;26;4;2;6;2;0;1;4;47;21;10;2;2;0;3;1;1;21;0;1;0;0;3;12;51;18;129;133;4;1;7;2;6;71;10;14;2;8;0;4;23;20;0;4;7;1;0;2;2;2;1;0;3;0;6;10;135;37;34;24;127;11;4;6;2;1;6;1;3;1;11;7;5;2;0;2;0;0;1;0;0;1;0;0;0;3;0;0;1;1;0;0
15;"Przedszkole Miejskie Nr 5, ul. gen. Władysława Andersa 8A, 14-200 Iława";280701;"m. Iława";"iławski";"warmińsko-mazurskie";1;1;4;0;1;0;0;2;1;1;0;0;1;2;1;1;0;2;64;50;8;42;2;0;7;1;14;3;4;2;1;0;4;5;30;15;7;2;1;0;5;0;2;10;1;1;1;2;3;20;45;8;83;98;6;4;2;4;4;49;9;9;1;1;0;4;16;11;1;2;1;1;0;0;6;3;0;0;0;0;1;12;130;32;42;21;120;6;5;10;0;1;3;0;2;0;4;4;4;1;2;0;0;0;0;1;0;1;0;0;0;0;0;0;0;0;0;0
16;"Osiedlowy Dom Kultury, ul. Marii Skłodowskiej-Curie 26A, 14-200 Iława";280701;"m. Iława";"iławski";"warmińsko-mazurskie";1;1;5;1;1;1;0;1;1;0;0;0;1;1;0;1;1;1;40;19;6;30;0;1;4;0;3;0;1;3;1;1;0;1;26;3;3;3;2;0;0;0;2;6;0;1;1;0;0;7;22;17;64;59;2;1;2;4;3;52;8;9;0;6;0;3;13;2;2;0;2;0;0;1;0;1;1;0;1;0;1;7;74;18;40;16;77;0;2;3;3;1;1;1;1;0;0;7;4;1;2;1;0;0;1;0;0;0;0;1;0;1;0;2;0;0;0;1
17;"Dom Pomocy Społecznej, ul. Jarosława Dąbrowskiego 15B, 14-200 Iława";280701;"m. Iława";"iławski";"warmińsko-mazurskie";1;1;0;0;0;0;0;0;0;0;0;0;0;0;0;0;0;0;1;1;0;0;0;0;1;0;0;0;0;0;0;0;0;0;0;0;0;1;0;0;0;0;0;0;0;0;0;0;0;0;2;1;0;0;0;0;1;2;0;4;0;0;0;0;0;0;0;0;0;0;0;0;0;0;0;0;0;0;0;0;0;0;1;0;0;0;0;0;0;0;0;0;0;0;0;0;0;0;0;0;0;0;0;0;0;0;0;0;0;0;0;0;0;0;0;1;0;0
18;"Powiatowy Szpital im. Władysława Biegańskiego, ul. gen. Władysława Andersa 3, 14-200 Iława";280701;"m. Iława";"iławski";"warmińsko-mazurskie";1;1;0;0;0;0;0;0;0;0;0;0;0;0;0;0;0;0;3;5;3;3;0;0;0;0;2;0;0;0;0;0;0;0;1;1;0;0;0;0;0;0;0;0;0;0;0;0;0;0;8;6;7;9;2;0;0;0;0;1;1;0;0;1;0;1;0;1;0;0;0;0;0;0;0;0;0;2;0;0;0;1;13;1;2;0;7;0;0;0;0;0;0;0;0;0;0;1;1;0;0;0;0;0;0;0;0;0;0;0;0;0;0;0;0;0;0;0
19;"Zakład Karny, ul. 1 Maja 14, 14-200 Iława";280701;"m. Iława";"iławski";"warmińsko-mazurskie";1;1;1;1;1;0;2;4;2;0;0;2;1;0;1;1;0;1;39;7;11;6;3;5;11;6;15;5;8;2;4;1;3;4;16;7;11;1;3;2;1;0;1;2;0;3;0;0;1;4;36;21;10;3;3;2;5;3;1;4;16;1;2;3;1;3;25;3;8;2;3;2;2;4;4;1;4;2;3;1;1;3;200;26;15;24;13;26;13;8;19;5;14;9;3;7;15;11;3;0;1;0;0;0;0;0;0;1;0;1;2;1;0;0;0;0;0;1
1;"Szkoła Podstawowa w Lubawie ul. Rzepnikowskiego 7, ul. Rzepnikowskiego 7, 14-260 Lubawa";280702;"m. Lubawa";"iławski";"warmińsko-mazurskie";1;1;8;1;2;3;2;4;4;1;1;2;2;0;0;0;0;1;44;72;14;55;1;0;8;8;12;7;5;5;2;0;2;3;40;8;7;1;1;2;2;1;0;7;0;0;1;2;3;8;35;22;120;256;4;6;8;5;3;12;15;4;2;7;0;4;23;12;4;35;3;0;0;0;2;3;0;0;1;3;1;36;47;4;16;2;515;1;2;10;0;0;2;1;1;0;2;1;6;3;3;1;2;1;3;0;0;6;1;0;1;0;0;2;0;0;0;0
2;"Kino „ Pokój” w Lubawie ul. Kupnera 27, ul. Kupnera 27, 14-260 Lubawa";280702;"m. Lubawa";"iławski";"warmińsko-mazurskie";1;1;5;0;4;0;1;2;2;3;0;0;0;0;0;1;0;1;45;85;13;41;1;3;9;4;18;7;3;3;5;0;0;10;31;8;10;2;1;1;2;2;0;2;1;0;2;3;1;2;50;12;75;288;2;8;3;1;1;12;19;5;2;6;0;5;25;10;3;55;6;0;0;3;1;2;0;0;0;1;0;40;34;2;20;3;435;2;1;6;0;1;1;3;0;1;0;1;12;2;4;1;5;0;2;0;0;2;0;0;1;0;1;2;1;1;0;2
3;"Miejski Ośrodek Kultury w Lubawie ul. Rzepnikowskiego 44, ul. Rzepnikowskiego 44, 14-260 Lubawa";280702;"m. Lubawa";"iławski";"warmińsko-mazurskie";1;1;5;0;1;1;0;0;0;1;0;1;0;0;1;1;0;0;24;33;9;14;1;0;4;2;4;2;4;2;1;0;0;3;18;6;5;0;3;0;0;0;0;2;0;0;1;1;1;3;35;17;75;246;4;7;8;2;5;9;11;3;2;1;1;5;8;3;2;34;3;0;0;3;1;0;0;0;0;0;3;12;26;5;17;1;309;4;2;4;1;0;0;0;0;0;0;0;10;3;0;2;1;0;1;1;0;1;0;0;0;0;0;0;0;0;0;1
4;"Szkoła Podstawowa w Lubawie ul. Św. Barbary 45, ul. Świętej Barbary 45, 14-260 Lubawa";280702;"m. Lubawa";"iławski";"warmińsko-mazurskie";1;1;4;1;0;2;0;1;0;1;1;0;2;0;2;1;1;2;18;56;5;30;4;3;9;2;7;2;3;2;2;3;0;0;33;10;11;2;1;0;3;2;0;8;0;0;2;1;2;6;41;16;100;256;4;4;3;2;5;14;14;6;2;3;0;6;17;6;0;36;1;0;0;3;0;4;0;1;0;0;1;19;25;0;17;3;334;4;1;1;5;0;0;0;1;1;0;2;3;3;1;1;0;0;0;2;0;1;1;0;1;0;1;1;0;0;0;1
1;"Gminny Ośrodek Kultury w Lasecznie, Laseczno 39A, 14-202 Iława";280703;"gm. Iława";"iławski";"warmińsko-mazurskie";1;1;2;0;1;1;0;0;0;0;0;0;0;0;0;0;0;0;16;51;1;17;1;0;1;0;3;0;0;1;0;0;0;1;3;1;2;1;0;1;2;0;0;0;0;0;0;0;0;0;22;11;32;49;5;3;2;4;4;6;6;29;1;2;0;2;12;2;2;1;3;0;0;1;0;1;0;0;0;1;0;5;17;3;16;3;2;1;0;0;2;0;1;0;0;0;4;3;0;2;0;0;0;0;0;0;1;0;0;0;1;1;0;0;0;0;0;0
2;"Świetlica Wiejska w Wikielcu, Wikielec 17B, 14-200 Iława";280703;"gm. Iława";"iławski";"warmińsko-mazurskie";1;1;10;0;1;1;4;0;2;1;2;2;0;0;0;0;0;1;75;99;6;31;0;2;5;0;23;2;7;2;1;1;2;2;18;2;14;2;2;0;2;1;0;21;0;0;0;1;0;16;37;19;64;103;3;9;1;3;8;38;12;36;0;0;2;3;13;21;1;3;6;0;0;2;2;0;0;7;3;1;2;10;72;13;43;18;87;7;4;5;0;0;3;0;0;0;5;1;3;1;0;0;0;0;0;0;0;1;0;0;0;0;0;1;0;0;1;0
3;"Szkoła Podstawowa w Ząbrowie, Ząbrowo ul. Szkolna 19, 14-202 Iława";280703;"gm. Iława";"iławski";"warmińsko-mazurskie";1;1;7;1;1;0;1;1;1;1;0;0;0;0;0;0;1;1;55;35;6;62;0;3;5;1;10;0;1;1;1;0;3;1;17;5;1;1;2;0;0;1;3;6;0;0;0;3;1;5;48;16;86;45;7;5;2;6;7;30;20;13;0;3;0;5;19;13;2;0;7;1;1;1;0;1;0;0;2;0;0;7;53;9;26;4;14;3;3;3;2;0;0;1;0;0;1;3;0;0;0;0;1;0;0;0;3;1;1;0;2;1;0;0;0;0;3;0
4;"Szkoła Podstawowa w Gałdowie, Gałdowo 24, 14-202 Iława";280703;"gm. Iława";"iławski";"warmińsko-mazurskie";1;1;1;0;0;1;0;0;0;1;0;1;1;0;0;0;0;0;16;42;2;5;0;0;1;0;0;0;0;0;1;0;0;0;4;5;5;2;0;0;1;2;1;1;0;0;1;0;1;0;34;13;28;38;3;5;3;4;12;16;4;14;2;2;0;2;12;10;3;1;2;0;0;1;0;0;0;0;0;0;4;5;3;2;9;3;10;0;0;0;0;0;0;0;0;0;0;0;0;0;0;0;0;0;0;0;0;0;0;0;0;0;0;0;0;0;0;0
5;"Świetlica Wiejska w Siemianach, Siemiany 29D, 14-230 Zalewo";280703;"gm. Iława";"iławski";"warmińsko-mazurskie";1;1;0;0;0;0;1;0;0;0;0;0;0;0;0;0;0;2;19;22;1;15;0;1;6;1;5;3;2;4;2;0;1;3;5;2;2;1;3;0;0;1;0;2;0;0;0;0;0;1;11;8;35;18;2;5;5;1;0;6;6;8;2;0;1;3;12;4;2;0;3;0;0;1;1;1;0;1;1;1;0;0;30;4;14;2;25;3;1;1;1;1;0;2;0;0;7;0;1;0;0;0;0;0;0;0;0;0;0;0;0;0;0;1;0;0;0;0
6;"Szkoła Podstawowa w Rudzienicach, Rudzienice ul. Szkolna 2, 14-200 Iława";280703;"gm. Iława";"iławski";"warmińsko-mazurskie";1;1;2;0;0;1;0;0;0;0;0;1;1;0;0;0;0;0;22;23;3;23;0;0;3;0;3;2;1;3;0;0;0;0;10;0;8;0;1;1;0;1;0;2;0;0;1;1;0;2;27;13;46;26;0;2;4;1;10;12;2;10;0;1;0;3;25;10;3;0;6;0;0;2;0;0;0;2;2;0;1;8;44;5;9;2;24;1;2;3;3;2;1;0;0;0;1;2;0;1;0;0;0;0;0;0;0;0;1;0;0;0;0;0;0;0;0;0
7;"Świetlica Wiejska we Frednowach, Frednowy 45, 14-200 Iława";280703;"gm. Iława";"iławski";"warmińsko-mazurskie";1;1;4;1;0;1;1;0;0;0;3;0;1;0;0;0;0;0;14;7;6;20;0;0;3;0;5;1;4;0;2;0;0;0;12;8;0;0;6;0;1;0;0;11;0;1;0;0;0;3;21;9;55;37;4;1;1;0;7;8;3;10;0;0;0;1;5;6;0;4;4;0;1;1;0;1;0;1;0;0;3;6;33;8;14;6;19;3;3;0;2;0;0;2;1;0;1;2;0;0;0;0;0;0;0;0;2;0;0;0;0;0;0;0;0;0;0;0
8;"Szkoła Podstawowa we Franciszkowie, Franciszkowo 18, 14-200 Iława";280703;"gm. Iława";"iławski";"warmińsko-mazurskie";1;1;4;0;2;1;0;1;0;0;1;1;1;0;0;0;0;1;11;25;1;16;0;0;3;1;2;0;1;2;2;0;1;1;8;4;4;0;0;0;0;1;0;4;0;0;0;0;0;2;17;10;21;38;0;0;1;0;7;2;3;5;1;5;1;3;4;4;1;4;1;0;0;0;0;1;1;2;0;1;2;2;36;1;15;3;9;2;1;2;1;0;1;0;0;0;0;1;0;0;0;1;0;0;0;0;0;3;0;0;0;0;0;0;0;0;0;0
9;"Świetlica Wiejska w Woli Kamieńskiej, Wola Kamieńska 27, 14-200 Iława";280703;"gm. Iława";"iławski";"warmińsko-mazurskie";1;1;3;0;0;1;1;0;0;0;0;2;2;0;0;0;1;3;27;31;7;56;0;3;4;1;5;3;0;2;2;1;2;2;22;4;7;0;2;0;3;1;0;5;1;0;0;0;0;8;28;15;60;24;5;1;3;2;3;23;1;10;1;4;1;6;11;8;5;2;2;0;0;3;0;1;0;0;3;0;0;5;89;20;22;16;64;7;3;0;0;0;1;1;0;0;3;2;3;0;0;0;0;0;0;0;1;1;0;0;0;0;0;0;0;0;0;0
10;"Świetlica Wiejska w Nowej Wsi, Nowa Wieś ul. Olsztyńska 13, 14-200 Iława";280703;"gm. Iława";"iławski";"warmińsko-mazurskie";1;1;6;1;2;0;1;1;0;0;0;1;0;0;0;0;0;3;38;26;8;22;0;0;4;1;9;3;4;1;0;0;0;1;18;3;11;1;1;0;3;1;1;17;0;0;0;0;1;16;22;3;35;37;3;2;0;1;6;17;7;24;0;3;0;4;16;9;1;7;2;0;1;3;1;0;0;1;1;0;1;12;74;7;24;16;88;5;4;4;0;1;1;1;0;0;0;0;4;1;0;1;0;0;0;0;0;0;0;1;0;1;0;0;0;0;0;0
11;"Świetlica Wiejska w Ławicach, Ławice 11A, 14-200 Iława";280703;"gm. Iława";"iławski";"warmińsko-mazurskie";1;1;3;0;0;0;0;0;4;0;0;0;0;1;0;0;1;1;11;30;6;30;1;0;2;0;4;2;2;1;0;0;0;2;25;2;4;1;1;0;1;0;0;16;0;1;1;0;0;9;22;3;23;64;1;3;4;1;13;12;2;118;0;1;0;0;12;10;2;6;2;1;0;2;0;1;0;2;1;0;0;22;51;8;29;9;35;4;2;5;0;0;2;0;0;0;4;1;4;2;1;1;1;0;0;0;1;1;0;0;0;0;0;0;0;0;1;0
12;"Szkoła Podstawowa w Gromotach, Gromoty 20, 14-200 Iława";280703;"gm. Iława";"iławski";"warmińsko-mazurskie";1;1;2;0;0;1;0;0;0;1;0;0;0;0;0;0;0;0;2;15;0;10;1;0;1;0;1;1;0;0;0;0;0;0;2;0;1;1;0;0;0;0;0;0;0;0;0;0;0;0;6;2;5;31;1;1;2;2;2;9;0;33;0;0;0;0;9;1;1;0;2;0;0;2;0;0;0;1;0;0;0;4;6;1;4;0;3;1;0;2;0;0;0;0;2;0;0;0;0;0;0;0;0;0;1;0;0;0;0;0;0;0;0;1;0;0;0;0
13;"Świetlica Wiejska w Mątykach, Mątyki 61A, 14-200 Iława";280703;"gm. Iława";"iławski";"warmińsko-mazurskie";1;1;1;0;0;0;0;1;1;0;1;0;0;0;0;0;0;0;4;6;0;8;0;0;1;0;0;0;0;0;0;0;0;0;4;0;4;1;4;0;0;0;0;0;0;0;0;0;0;1;3;5;13;23;0;0;0;1;4;5;1;29;1;0;0;2;8;1;1;1;0;0;1;0;0;0;0;1;1;0;0;3;15;0;8;2;3;0;0;1;0;1;0;1;0;0;0;0;1;0;0;0;0;0;0;0;0;0;0;0;0;0;0;0;0;0;0;0
1;"Zespół Szkół w Kisielicach, ul. Aleja Wojska Polskiego 2, 14-220 Kisielice";280704;"gm. Kisielice";"iławski";"warmińsko-mazurskie";1;1;1;1;0;0;1;0;1;1;0;0;0;0;0;1;0;0;205;37;1;2;0;0;2;0;4;1;0;0;1;0;1;3;8;1;5;0;2;0;0;0;1;2;0;0;0;1;0;2;29;14;56;39;2;2;1;3;3;16;6;6;2;4;0;2;10;9;0;2;1;0;0;0;0;0;0;3;0;0;1;3;42;6;14;1;25;4;0;0;0;1;1;0;0;0;4;0;0;0;0;0;0;0;0;0;0;0;0;0;0;0;0;0;0;0;0;0
2;"Zespół Szkół w Kisielicach, ul. Aleja Wojska Polskiego 2, 14-220 Kisielice";280704;"gm. Kisielice";"iławski";"warmińsko-mazurskie";1;1;3;0;0;0;0;1;0;0;0;0;0;0;0;0;0;0;133;20;1;6;0;0;0;0;3;0;0;0;1;0;0;0;6;3;3;0;0;0;0;0;1;0;0;0;1;0;1;2;31;11;46;58;3;1;5;1;2;16;2;2;0;0;0;2;11;5;1;4;1;0;0;1;0;0;0;1;0;1;0;3;17;2;5;2;18;2;0;0;3;0;1;0;0;0;8;0;2;0;0;0;0;0;0;2;0;0;1;0;0;0;0;1;0;0;0;0
3;"Świetlica Wiejska w Łodygowie, Łodygowo 3B, 14-220 Kisielice";280704;"gm. Kisielice";"iławski";"warmińsko-mazurskie";1;1;0;0;0;0;0;0;0;0;0;0;0;0;0;0;0;0;52;8;0;0;0;0;0;0;1;0;0;0;0;0;0;0;2;0;0;0;0;0;1;0;0;0;0;0;1;0;0;0;31;14;2;35;2;2;4;0;1;4;2;2;1;0;0;0;7;0;0;1;0;0;0;1;1;0;2;1;1;0;0;0;8;2;0;1;0;2;0;0;0;0;0;1;0;0;0;0;0;2;1;0;0;0;0;0;0;0;0;0;0;0;0;0;0;0;0;1
4;"Świetlica Wiejska w Jędrychowie, Jędrychowo 52A, 14-220 Kisielice";280704;"gm. Kisielice";"iławski";"warmińsko-mazurskie";1;1;0;0;0;0;0;0;0;0;0;0;0;0;0;0;0;1;33;10;3;4;0;0;1;0;2;0;0;0;0;0;0;0;3;2;1;0;0;0;1;0;0;2;0;0;0;1;0;0;14;7;21;29;1;0;4;1;1;3;2;6;0;0;0;0;1;1;0;2;0;0;0;0;0;1;0;0;2;0;0;3;4;3;5;1;7;0;0;2;0;0;0;0;0;0;3;0;0;1;0;0;0;0;0;0;0;0;1;0;0;0;0;0;0;0;0;0
5;"Szkoła Podstawowa w Goryniu, Goryń 88, 14-220 Kisielice";280704;"gm. Kisielice";"iławski";"warmińsko-mazurskie";1;1;1;0;0;0;1;0;0;0;0;0;0;0;0;0;0;0;106;21;2;4;0;1;2;0;1;1;0;0;0;0;0;0;4;0;1;0;0;0;1;0;0;0;0;0;0;0;0;1;26;13;20;30;5;5;8;2;10;14;8;6;1;2;0;1;5;0;0;0;1;0;1;0;0;0;0;0;0;1;1;1;19;2;3;1;4;0;0;0;0;1;1;0;0;0;1;1;1;0;1;0;0;0;0;0;0;0;0;0;0;0;0;1;0;0;0;0
6;"Świetlica Wiejska w Klimach, Klimy 42, 14-220 Kisielice";280704;"gm. Kisielice";"iławski";"warmińsko-mazurskie";1;1;1;0;0;0;0;1;1;0;0;0;0;0;0;0;0;0;35;16;0;0;0;0;0;0;1;0;0;0;0;0;0;0;0;1;0;0;0;0;0;0;0;1;0;0;0;0;0;0;8;10;7;9;5;0;0;2;2;5;2;0;0;0;0;3;9;3;0;0;0;0;0;0;0;0;0;0;0;0;1;0;6;1;3;1;3;0;0;1;1;0;0;0;0;0;0;0;0;0;0;0;0;0;1;0;0;1;0;1;0;0;0;0;0;0;0;0
7;"Szkoła Podstawowa w Łęgowie, Łęgowo 75, 14-220 Kisielice";280704;"gm. Kisielice";"iławski";"warmińsko-mazurskie";1;1;0;0;0;0;0;0;0;1;0;0;0;0;0;0;0;0;96;13;0;2;0;0;0;0;0;0;0;0;0;0;0;0;3;1;0;0;0;0;1;0;0;0;0;0;0;1;0;0;18;10;8;46;1;3;3;1;2;11;2;1;1;3;1;5;4;5;0;0;3;0;0;0;0;2;0;0;0;0;1;3;5;3;6;2;5;0;2;0;1;0;0;0;1;0;2;0;0;0;0;0;0;0;0;0;0;0;0;0;1;0;0;0;0;0;0;1
8;"Świetlica Wiejska w Ogrodzieńcu, Ogrodzieniec 7D, 14-220 Kisielice";280704;"gm. Kisielice";"iławski";"warmińsko-mazurskie";1;1;0;0;0;0;0;0;0;0;0;0;0;0;0;0;0;0;56;10;0;2;0;0;0;0;1;1;0;0;0;0;0;0;1;0;1;0;0;0;0;0;0;1;0;0;0;0;0;3;13;0;6;9;0;0;2;1;2;6;2;4;0;1;0;1;2;0;1;0;0;0;0;0;0;0;1;1;1;0;0;1;5;5;0;0;1;1;0;0;0;0;0;0;0;0;0;1;0;0;0;0;0;0;0;0;0;0;0;0;0;0;0;0;0;0;0;0
9;"Świetlica Wiejska w Butowie, Butowo 28, 14-220 Kisielice";280704;"gm. Kisielice";"iławski";"warmińsko-mazurskie";1;1;1;0;0;0;0;0;0;0;0;0;0;0;0;0;0;0;43;20;0;0;0;0;0;1;0;0;0;0;0;0;0;1;0;0;0;0;0;0;0;0;0;0;0;0;0;1;1;0;16;6;11;24;8;1;1;1;2;4;3;0;0;0;0;3;1;1;0;0;0;0;0;0;1;0;0;0;0;0;0;0;3;0;0;0;2;3;1;0;0;0;0;0;0;0;0;0;0;0;0;0;0;0;1;0;0;0;0;0;0;0;0;0;0;0;0;0
10;"Świetlica Wiejska w Truplu, Trupel 18, 14-220 Kisielice";280704;"gm. Kisielice";"iławski";"warmińsko-mazurskie";1;1;1;0;0;0;0;1;0;0;0;0;0;0;0;0;0;0;14;17;1;0;0;0;0;0;0;0;0;0;0;0;0;0;1;0;0;0;0;0;0;0;0;0;0;0;0;0;0;0;11;5;8;10;1;0;0;1;1;2;1;5;0;0;0;0;1;1;2;0;0;0;0;0;0;0;0;0;0;0;0;0;9;10;0;2;7;0;0;3;0;0;0;0;0;0;1;1;0;0;0;0;0;0;0;0;0;0;0;0;0;0;0;0;0;0;0;0
1;"Urząd Gminy Lubawa w Fijewie, Fijewo 73, 14-260 Lubawa";280705;"gm. Lubawa";"iławski";"warmińsko-mazurskie";1;1;1;0;1;1;0;0;0;0;0;1;0;0;0;0;0;1;10;43;4;19;0;0;5;0;1;0;0;2;0;0;1;3;13;2;4;0;0;0;1;2;0;0;0;0;0;0;1;1;15;5;52;81;2;5;2;0;2;37;7;3;0;0;1;3;10;5;3;18;2;0;0;1;0;0;0;0;1;1;0;12;12;2;3;2;111;1;0;0;0;0;0;1;0;0;0;2;2;0;0;0;2;0;0;0;2;2;0;0;0;0;0;0;0;0;0;0
2;"Szkoła Podstawowa w Prątnicy, Prątnica 9, 14-260 Lubawa";280705;"gm. Lubawa";"iławski";"warmińsko-mazurskie";1;1;3;0;0;0;0;0;1;1;0;0;0;0;0;0;0;0;13;82;3;8;1;1;2;0;6;1;1;0;0;0;0;1;19;3;3;0;6;1;1;4;4;2;0;0;1;1;1;2;45;9;120;218;5;17;7;1;3;22;11;6;2;2;0;6;5;4;3;125;1;0;0;3;0;0;1;1;0;0;0;18;15;0;7;5;60;4;3;0;0;0;2;0;0;2;1;0;3;2;0;0;0;1;1;2;0;1;2;0;1;0;0;2;0;0;0;0
3;"Szkoła Podstawowa w Rumienicy, Rumienica 29, 14-260 Lubawa";280705;"gm. Lubawa";"iławski";"warmińsko-mazurskie";1;1;0;0;0;1;0;0;0;0;0;2;0;0;0;0;0;1;4;18;3;2;0;0;0;1;1;0;1;0;1;0;0;0;4;2;0;0;0;0;1;0;0;0;0;0;1;1;0;3;29;6;22;85;2;9;3;1;2;5;6;0;0;1;0;0;3;3;1;26;3;0;0;0;0;0;0;0;0;1;0;7;2;1;4;0;9;2;0;0;0;0;0;0;0;0;0;0;0;0;1;0;0;0;0;0;0;1;0;0;0;0;0;0;0;0;0;0
4;"Szkoła Podstawowa w Złotowie, Złotowo 66, 14-260 Lubawa";280705;"gm. Lubawa";"iławski";"warmińsko-mazurskie";1;1;4;1;1;0;0;0;1;0;1;0;0;0;1;0;0;0;6;45;2;13;0;0;2;2;3;2;0;1;1;0;0;0;7;4;6;0;1;0;0;0;0;1;0;0;0;0;0;0;19;9;42;110;2;4;2;0;2;2;8;2;1;5;0;3;7;3;0;19;3;0;0;1;1;0;1;1;0;0;0;26;4;1;4;1;46;1;0;0;0;1;0;0;0;0;0;0;0;2;0;0;1;0;0;0;9;3;0;0;0;0;0;0;0;0;0;0
5;"Szkoła Podstawowa w Grabowie-Wałdykach, Grabowo 117, 14-229 Rożental";280705;"gm. Lubawa";"iławski";"warmińsko-mazurskie";1;1;2;0;0;1;0;0;0;0;0;2;0;0;0;0;0;1;7;40;2;8;0;0;3;1;3;3;0;0;0;0;0;3;8;5;1;2;2;0;0;3;2;0;0;0;2;1;0;3;31;7;32;96;2;6;8;1;0;11;5;4;1;3;0;2;6;0;0;25;2;1;0;1;0;0;1;0;0;0;1;15;14;1;3;1;40;1;0;0;1;0;0;0;0;0;0;0;2;1;0;1;1;0;0;0;0;0;2;0;0;1;0;1;0;0;0;0
6;"Szkoła Podstawowa w Rożentalu, Rożental 140A, 14-229 Rożental";280705;"gm. Lubawa";"iławski";"warmińsko-mazurskie";1;1;4;0;0;0;1;0;0;0;1;1;0;0;1;0;1;0;22;52;3;25;0;0;1;3;4;4;3;1;1;0;0;7;10;5;4;2;1;0;2;0;0;3;0;0;0;1;0;5;38;12;129;158;2;9;3;4;13;5;11;9;0;2;0;4;12;3;1;33;0;1;0;1;0;2;0;0;0;0;1;14;12;1;1;0;77;2;1;1;1;0;0;1;0;0;0;0;5;2;0;1;6;0;2;0;0;1;1;0;0;0;0;0;0;0;0;0
7;"Szkoła Podstawowa w Kazanicach, Kazanice 83A, 14-229 Rożental";280705;"gm. Lubawa";"iławski";"warmińsko-mazurskie";1;1;4;3;0;0;0;0;1;0;0;0;0;0;0;0;1;0;11;38;4;8;1;0;1;1;2;1;1;0;0;1;0;4;5;0;2;0;2;0;0;0;2;0;0;0;0;0;0;0;14;6;71;52;0;5;1;0;4;17;4;1;0;3;0;1;2;1;0;14;2;0;0;0;1;0;0;0;0;0;0;6;4;1;5;1;44;1;0;0;0;0;0;0;0;0;0;0;1;1;0;1;0;0;0;0;2;0;1;0;0;0;0;0;0;0;0;0
8;"Szkoła Podstawowa w Sampławie, Sampława 4, 14-260 Lubawa";280705;"gm. Lubawa";"iławski";"warmińsko-mazurskie";1;1;1;0;1;1;0;1;1;2;1;0;0;0;0;1;0;1;22;135;4;11;0;1;3;1;8;3;3;1;3;0;0;1;17;6;5;2;0;0;2;2;1;2;0;0;0;0;1;3;56;17;99;178;8;10;4;2;6;8;19;3;1;2;2;8;12;3;0;39;1;0;4;0;0;0;0;2;0;0;3;34;15;4;4;2;120;2;0;2;1;1;0;1;0;0;1;0;8;3;0;0;0;1;2;0;0;1;0;0;0;0;0;1;0;0;0;0
9;"Szkoła Podstawowa w Tuszewie, Tuszewo 24, 14-260 Lubawa";280705;"gm. Lubawa";"iławski";"warmińsko-mazurskie";1;1;1;0;0;1;0;0;0;0;0;0;0;0;0;2;0;1;3;62;1;3;1;0;1;1;2;0;1;6;0;0;0;3;2;2;0;0;0;0;1;0;0;0;0;0;0;1;0;1;18;7;23;66;1;2;2;0;1;2;1;0;0;2;0;0;4;1;0;25;1;1;0;0;0;1;0;0;0;0;0;11;9;1;1;1;58;1;1;0;0;1;0;0;0;0;0;0;0;0;1;0;0;0;0;0;0;1;0;0;0;1;0;0;0;0;0;0
10;"Szkoła Podstawowa w Byszwałdzie, Byszwałd 7, 14-260 Lubawa";280705;"gm. Lubawa";"iławski";"warmińsko-mazurskie";1;1;0;0;0;2;0;0;0;1;0;0;0;0;0;0;1;0;7;24;1;10;1;1;0;1;4;1;0;0;0;0;0;1;6;2;0;0;1;1;0;0;0;0;0;0;0;0;0;1;16;4;40;49;4;5;1;3;4;7;2;2;2;1;0;3;10;3;1;40;1;0;0;1;0;0;0;3;0;0;0;16;6;3;3;0;47;1;0;0;0;0;0;0;0;0;0;0;1;1;1;2;0;0;0;0;0;0;1;0;0;0;0;0;0;0;0;0
1;"Środowiskowy Dom Samopomocy, ul. Kościelna 1, 14-240 Susz";280706;"gm. Susz";"iławski";"warmińsko-mazurskie";1;1;2;0;1;0;0;0;1;1;0;0;0;0;0;1;0;0;42;4;4;5;0;2;1;0;4;1;0;1;0;1;1;1;22;6;4;1;0;1;3;1;0;0;1;0;0;2;0;0;32;10;68;42;3;1;2;2;3;11;8;1;2;0;0;8;8;9;2;3;5;1;0;1;3;0;0;1;0;0;0;9;47;17;30;18;4;9;1;3;0;0;4;2;0;0;50;3;1;0;0;0;0;0;1;0;0;0;1;0;1;0;0;0;0;0;0;0
2;"Zespół Szkół, ul. Wiejska 1, 14-240 Susz";280706;"gm. Susz";"iławski";"warmińsko-mazurskie";1;1;6;1;1;2;0;2;2;0;1;2;1;0;0;0;0;0;82;10;7;8;1;2;3;0;6;6;5;1;0;0;0;1;36;18;10;3;2;1;0;0;0;4;0;0;0;2;1;3;45;20;68;85;1;2;7;1;2;19;8;4;2;1;0;5;34;12;3;3;5;0;0;5;2;2;0;1;3;0;5;13;61;8;54;16;18;11;3;6;3;0;0;0;1;1;86;2;9;1;1;1;3;0;0;0;0;0;1;0;0;1;0;0;0;0;0;0
3;"Suski Ośrodek Kultury, ul. Józefa Wybickiego 10, 14-240 Susz";280706;"gm. Susz";"iławski";"warmińsko-mazurskie";1;1;3;0;1;1;0;1;1;0;0;0;1;0;0;0;0;1;104;24;10;25;0;0;8;0;5;1;2;3;1;1;3;1;22;15;4;4;0;0;3;1;2;5;0;0;1;1;0;4;36;9;133;109;1;5;6;1;0;22;6;4;2;4;0;4;15;7;5;0;8;0;0;2;2;0;0;2;0;2;1;12;85;16;34;14;7;8;3;7;0;0;0;0;1;0;89;0;5;0;1;1;0;1;2;1;3;1;0;0;0;2;0;0;0;0;0;0
4;"Świetlica, ul. Koszarowa 15A, 14-240 Susz";280706;"gm. Susz";"iławski";"warmińsko-mazurskie";1;1;4;0;1;2;1;0;0;0;0;0;0;0;0;0;0;0;63;13;6;4;0;0;1;0;3;0;4;1;2;0;0;1;15;9;1;0;0;0;1;0;0;2;0;0;0;0;0;3;40;12;69;72;0;1;8;2;3;16;5;1;0;1;1;4;13;6;1;0;0;0;0;6;0;3;0;0;1;0;1;7;16;3;19;5;7;4;1;3;0;0;0;1;1;0;40;1;4;2;1;0;2;0;0;1;0;1;0;0;1;0;0;1;0;0;0;0
5;"Świetlica w Lubnowych Wielkie, Lubnowy Wielkie 11, 14-240 Susz";280706;"gm. Susz";"iławski";"warmińsko-mazurskie";1;1;2;0;1;0;0;0;0;0;0;2;1;0;1;0;0;1;20;3;3;0;2;1;3;1;1;1;2;1;0;0;2;1;7;6;3;1;2;0;0;0;1;1;1;0;1;0;0;3;23;4;26;13;0;3;4;0;0;10;5;0;0;0;0;1;4;1;0;1;2;0;1;2;0;0;0;1;1;0;0;0;11;4;1;1;4;0;1;0;0;1;0;0;2;0;22;1;2;0;0;0;2;0;0;1;0;2;1;0;0;0;0;0;0;0;0;0
6;"Świetlica w Bałoszycach, Jawty Wielkie 63, 14-240 Susz";280706;"gm. Susz";"iławski";"warmińsko-mazurskie";1;1;0;0;0;1;0;2;0;0;0;1;1;0;0;1;0;0;48;11;3;4;0;0;0;0;0;0;1;0;0;0;0;0;4;13;1;0;0;0;0;0;0;1;0;0;0;0;1;0;32;8;47;27;5;2;6;2;1;15;12;4;0;2;1;4;9;4;1;2;5;0;0;0;0;0;1;0;1;2;0;11;14;5;6;2;4;3;0;3;2;0;0;0;0;2;12;1;0;0;0;0;0;0;0;0;0;0;0;0;0;0;0;0;0;0;0;0
7;"Świetlica w Michałowie, Michałowo 11A, 14-240 Susz";280706;"gm. Susz";"iławski";"warmińsko-mazurskie";1;1;0;0;1;2;0;2;0;0;0;0;0;0;0;0;0;0;27;4;1;3;0;0;3;0;0;0;1;0;0;1;0;3;2;1;6;0;1;1;0;0;0;2;0;0;0;0;0;1;23;9;35;17;1;1;2;5;0;13;3;1;0;0;0;5;5;3;1;0;3;0;1;2;1;5;0;1;1;1;1;4;7;7;3;0;1;3;0;1;1;0;0;0;0;1;39;0;1;1;1;0;0;0;1;1;0;0;1;1;0;0;0;0;1;0;1;1
8;"Świetlica w Kamieńcu, Kamieniec 20A, 14-240 Susz";280706;"gm. Susz";"iławski";"warmińsko-mazurskie";1;1;4;0;3;0;2;0;0;1;0;2;1;0;0;0;0;0;41;4;2;5;0;0;1;1;4;1;3;0;0;0;0;0;10;3;1;0;0;0;0;0;0;0;0;0;0;0;1;0;38;20;58;28;3;5;3;4;3;17;8;0;2;3;2;5;11;3;0;2;4;0;0;1;0;1;1;0;0;0;0;5;12;1;7;2;7;0;0;1;1;0;3;0;0;0;23;2;0;0;0;0;0;0;0;0;0;1;0;0;1;0;0;1;0;0;1;0
9;"Świetlica w Piotrkowie, Piotrkowo 23A, 14-240 Susz";280706;"gm. Susz";"iławski";"warmińsko-mazurskie";1;1;1;1;1;1;0;1;0;1;0;0;0;0;0;0;0;0;28;13;4;8;0;1;1;0;6;1;0;0;0;0;1;1;7;0;0;1;2;0;1;0;0;3;0;0;0;0;0;1;24;5;32;20;1;5;6;0;0;40;11;0;0;3;1;6;7;2;1;0;2;0;0;0;0;2;0;0;0;0;0;0;9;3;4;2;0;0;1;0;1;0;0;1;0;0;5;0;0;0;0;0;1;0;0;0;0;0;0;0;0;0;0;0;0;0;0;1
10;"Szkoła Podstawowa, Babięty Wielkie 31, 14-240 Susz";280706;"gm. Susz";"iławski";"warmińsko-mazurskie";1;1;6;2;0;0;1;0;0;0;1;1;0;0;0;0;0;0;35;25;2;9;0;1;0;1;2;0;1;1;0;1;0;1;12;5;6;1;1;0;1;1;1;0;1;0;0;0;0;0;34;13;47;43;3;3;5;1;5;19;3;4;0;0;1;4;17;11;1;3;3;0;0;1;0;1;0;1;4;0;0;5;15;3;8;1;11;3;0;0;1;1;0;0;0;0;29;1;1;0;0;0;0;0;0;0;0;0;0;0;0;0;0;0;0;0;0;0
11;"Świetlica, Ulnowo 1, 14-240 Susz";280706;"gm. Susz";"iławski";"warmińsko-mazurskie";1;1;2;0;0;0;0;2;1;1;1;2;0;0;0;0;0;0;45;12;1;5;0;0;0;0;2;0;1;2;0;1;2;1;6;0;1;1;1;1;1;1;0;0;0;0;0;1;0;5;32;14;54;49;3;3;6;2;5;16;8;3;2;3;0;3;17;6;2;0;2;1;0;2;2;1;0;1;0;1;1;3;17;4;11;3;5;3;0;3;1;0;1;2;0;0;54;0;0;0;0;0;0;0;1;0;1;0;0;0;0;0;0;0;0;0;0;0
1;"Urząd Miejski w Zalewie, ul. Częstochowska 8, 14-230 Zalewo";280707;"gm. Zalewo";"iławski";"warmińsko-mazurskie";1;1;4;0;1;0;1;0;0;1;0;0;0;0;0;0;0;0;49;33;13;10;2;1;11;6;0;1;2;1;3;2;0;2;46;6;11;2;0;0;0;0;0;2;0;0;1;1;16;1;55;16;117;142;0;3;2;1;1;9;11;0;2;4;0;4;21;7;4;2;4;0;1;1;0;1;0;2;6;0;1;3;73;14;88;53;19;4;2;3;2;1;2;0;1;0;84;3;1;2;1;0;3;0;2;1;4;0;2;0;1;0;1;0;0;0;0;0
2;"Urząd Miejski w Zalewie, ul. Częstochowska 8, 14-230 Zalewo";280707;"gm. Zalewo";"iławski";"warmińsko-mazurskie";1;1;3;0;0;0;1;1;1;2;1;0;0;0;0;0;0;0;14;34;10;14;0;0;5;2;7;0;4;6;0;0;0;1;19;6;9;2;3;0;1;1;0;2;0;1;0;2;10;5;45;24;101;78;8;4;7;1;3;4;16;0;1;4;0;7;16;6;1;3;4;2;0;2;0;0;1;0;0;0;2;1;49;10;34;14;3;2;0;0;1;2;1;0;0;1;77;0;2;1;1;1;0;4;0;0;0;1;1;0;1;0;0;0;0;0;0;0
3;"Szkoła Podstawowa w Borecznie, Boreczno 22, 14-230 Zalewo";280707;"gm. Zalewo";"iławski";"warmińsko-mazurskie";1;1;3;0;0;2;1;2;2;1;1;1;1;0;0;0;1;2;19;21;2;12;1;0;4;1;6;5;3;1;0;0;0;6;21;11;4;0;2;1;2;0;1;1;1;1;0;0;4;2;45;30;90;61;5;6;7;0;5;14;12;2;1;10;3;2;17;8;2;4;6;0;1;1;3;5;0;1;1;0;1;1;46;13;31;19;21;5;2;0;2;1;0;1;0;1;29;0;4;1;0;0;0;0;0;0;0;0;1;0;3;0;0;0;0;0;0;0
4;"Szkoła Podstawowa w Dobrzykach, Dobrzyki 25, 14-230 Zalewo";280707;"gm. Zalewo";"iławski";"warmińsko-mazurskie";1;1;3;0;1;0;0;0;0;0;0;0;0;0;0;0;0;1;19;18;6;13;1;0;1;0;3;3;1;1;1;0;1;0;7;1;3;0;1;0;2;0;2;0;0;1;0;1;4;2;37;14;61;25;4;2;2;1;0;9;4;2;0;0;0;7;10;1;2;0;2;0;0;4;0;1;0;2;2;0;0;0;20;8;23;11;13;3;0;0;0;1;0;1;0;1;30;1;2;0;1;0;1;1;0;0;0;1;1;0;0;0;0;0;0;0;1;0
1;"Zespół Szkolno-Przedszkolny, ul. Polna 36, 11-100 Lidzbark Warmiński";280901;"m. Lidzbark Warmiński";"lidzbarski";"warmińsko-mazurskie";1;1;1;0;4;0;0;1;1;0;0;2;2;0;0;1;0;0;26;14;0;3;3;1;66;2;2;42;4;0;0;2;1;6;42;2;5;1;4;1;2;0;1;2;3;0;0;1;0;3;29;10;69;50;26;0;4;4;2;4;8;2;1;3;0;79;32;4;5;0;2;2;0;0;2;1;0;1;2;0;3;2;379;6;3;2;1;15;1;3;0;0;2;3;0;0;0;1;5;2;0;0;0;1;0;0;0;6;0;0;0;0;1;1;0;0;0;0
2;"Zespół Szkolno-Przedszkolny, ul. Polna 36, 11-100 Lidzbark Warmiński";280901;"m. Lidzbark Warmiński";"lidzbarski";"warmińsko-mazurskie";1;1;0;1;0;2;0;1;1;0;0;2;0;0;0;0;0;0;12;7;4;3;0;0;27;0;0;19;0;1;0;1;0;2;23;4;0;1;2;0;1;2;1;0;0;1;0;0;1;1;24;7;38;16;10;2;1;1;0;1;3;1;0;4;1;49;15;2;0;1;1;0;1;0;0;0;0;0;1;0;3;4;209;10;3;3;1;11;0;1;0;0;0;1;0;0;0;3;2;0;0;0;0;0;0;0;0;0;0;0;0;0;0;0;0;0;0;0
3;"Przedszkole Niepubliczne ""Kubuś"", ul. Ogrodowa 1, 11-100 Lidzbark Warmiński";280901;"m. Lidzbark Warmiński";"lidzbarski";"warmińsko-mazurskie";1;1;1;0;1;0;0;0;1;0;0;0;0;1;1;1;0;0;18;10;2;1;0;1;22;0;3;23;1;0;0;2;0;0;23;5;3;1;1;1;0;3;0;2;0;0;1;0;0;1;33;7;29;19;13;3;3;1;0;1;3;0;0;2;0;46;19;2;4;0;2;0;0;1;0;1;1;0;0;1;5;2;191;3;3;2;1;8;2;0;2;0;2;0;1;0;1;4;0;1;1;1;1;1;2;0;0;1;0;0;0;0;0;2;0;0;0;0
4;"Spółdzielnia Mieszkaniowa ""Warmia"", ul. Księcia Józefa Poniatowskiego 18, 11-100 Lidzbark Warmiński";280901;"m. Lidzbark Warmiński";"lidzbarski";"warmińsko-mazurskie";1;1;1;1;2;3;1;0;0;0;0;1;1;0;0;0;0;0;25;18;3;1;1;1;35;1;5;31;2;0;0;1;0;7;26;2;8;2;1;1;1;3;0;0;2;1;1;1;0;3;40;2;78;33;21;0;4;0;2;1;5;1;2;7;0;62;26;2;7;0;5;1;0;3;2;1;0;0;3;1;0;0;381;12;1;2;1;8;0;0;1;0;0;3;0;0;1;0;5;1;1;0;0;0;0;0;0;4;1;1;1;1;0;0;0;0;1;0
5;"Lokal po byłej Filii Miejskiej Biblioteki Publicznej, ul. Ornecka 6A, 11-100 Lidzbark Warmiński";280901;"m. Lidzbark Warmiński";"lidzbarski";"warmińsko-mazurskie";1;1;1;0;1;0;1;1;1;0;0;0;1;0;0;0;0;0;11;4;3;1;1;2;20;5;0;17;2;0;0;0;0;0;17;3;2;1;2;2;1;3;3;2;0;0;0;0;0;2;15;8;26;22;6;0;2;0;0;0;2;0;0;5;0;39;19;6;2;0;3;1;0;2;1;0;0;0;0;1;2;1;153;3;1;1;0;6;0;0;1;0;0;1;0;0;0;4;3;2;0;0;1;0;0;0;1;1;0;0;0;0;0;0;0;0;0;0
6;"Młodzieżowy Dom Kultury, ul. Księcia Józefa Poniatowskiego 3, 11-100 Lidzbark Warmiński";280901;"m. Lidzbark Warmiński";"lidzbarski";"warmińsko-mazurskie";1;1;4;0;3;0;0;0;0;1;0;0;0;1;0;0;1;1;5;6;1;1;1;1;19;0;1;15;0;0;0;0;0;2;21;3;5;0;1;0;0;0;1;0;0;0;0;1;0;1;22;8;33;21;22;0;4;4;2;1;1;1;0;2;2;21;20;0;2;0;2;0;0;0;0;1;1;0;0;0;0;0;186;11;1;2;0;4;0;0;1;0;1;0;1;0;0;2;2;1;0;2;0;0;0;0;0;2;0;1;0;0;0;2;0;0;0;0
7;"Budynek po byłym Zespole Szkół i Placówek Oświatowych, ul. Józefa Wierzbickiego 3A, 11-100 Lidzbark Warmiński";280901;"m. Lidzbark Warmiński";"lidzbarski";"warmińsko-mazurskie";1;1;2;0;3;0;0;0;0;0;0;0;1;2;0;2;0;0;34;15;0;2;0;0;30;0;5;47;0;0;0;3;1;2;44;3;3;1;2;1;3;4;4;1;1;1;0;0;1;3;52;14;86;40;16;0;2;1;0;0;5;0;1;9;0;74;30;3;4;2;2;0;0;0;0;1;1;1;1;3;1;1;466;16;4;2;1;11;1;3;1;0;2;2;0;0;0;3;5;1;0;0;1;1;0;0;1;4;0;0;0;0;0;0;1;0;0;0
8;"Szkoła Podstawowa Nr 1, ul. Szkolna 2, 11-100 Lidzbark Warmiński";280901;"m. Lidzbark Warmiński";"lidzbarski";"warmińsko-mazurskie";1;1;2;0;1;0;0;0;0;0;1;0;0;1;1;0;0;1;13;7;2;0;0;0;42;1;1;13;1;1;0;0;1;0;33;3;8;0;2;1;3;1;0;0;1;0;0;0;0;0;28;5;52;5;6;1;3;0;0;0;4;0;0;1;0;27;8;1;4;0;1;1;1;2;1;1;0;0;0;1;0;3;251;16;0;0;0;5;0;0;0;0;0;1;0;1;0;0;1;2;1;0;0;0;0;0;0;2;0;0;0;0;0;0;0;0;0;1
9;"Lidzbarski Dom Kultury, ul. Juliusza Słowackiego 4, 11-100 Lidzbark Warmiński";280901;"m. Lidzbark Warmiński";"lidzbarski";"warmińsko-mazurskie";1;1;1;0;2;2;1;0;1;1;0;0;0;0;2;0;1;1;19;11;5;3;0;2;46;2;3;33;2;1;0;1;1;4;46;6;6;2;1;0;2;3;0;1;0;1;0;2;2;3;41;13;70;31;16;1;9;0;0;0;6;1;1;4;1;74;42;7;3;2;1;1;0;3;2;2;0;1;1;0;4;5;395;14;1;4;1;17;1;1;2;0;2;1;0;0;0;3;2;0;1;0;0;0;1;0;0;1;0;0;0;0;0;0;0;0;0;0
10;"Szkoła Podstawowa Nr 3, ul. Lipowa 17A, 11-100 Lidzbark Warmiński";280901;"m. Lidzbark Warmiński";"lidzbarski";"warmińsko-mazurskie";1;1;6;0;0;0;1;1;1;1;0;1;0;0;0;0;1;0;18;4;3;1;0;1;69;2;3;17;1;0;0;0;0;3;26;2;4;0;3;0;1;0;1;1;0;0;2;1;1;1;40;14;70;39;17;2;4;2;0;1;8;1;0;8;1;47;42;0;2;2;2;0;0;2;0;1;0;1;2;1;4;1;344;14;3;1;0;14;0;0;0;0;3;3;0;1;0;2;3;1;1;0;0;0;0;0;0;3;0;1;0;0;0;0;0;0;0;0
11;"Szpital Powiatowy, ul. Bartoszycka 3, 11-100 Lidzbark Warmiński";280901;"m. Lidzbark Warmiński";"lidzbarski";"warmińsko-mazurskie";1;1;0;0;0;0;0;0;0;0;0;0;0;0;0;0;0;0;1;0;0;0;0;0;0;0;0;0;0;0;0;0;0;0;0;0;0;0;0;0;0;0;0;0;0;0;0;0;0;0;1;0;0;1;0;0;0;0;0;0;0;0;0;0;0;2;0;1;0;0;0;0;0;0;0;0;0;0;0;0;0;0;3;0;0;0;0;0;0;0;0;0;0;0;0;0;0;0;0;0;0;0;0;0;0;0;0;0;0;0;0;0;0;0;0;0;0;0
1;"Świetlica Wiejska w Kiwitach, Kiwity 2, 11-106 Kiwity";280902;"gm. Kiwity";"lidzbarski";"warmińsko-mazurskie";1;1;2;0;0;1;0;0;0;0;0;0;2;0;0;0;0;0;11;9;3;1;0;0;17;1;1;12;2;0;1;0;1;6;12;4;4;0;1;1;2;0;1;1;0;0;0;1;1;1;6;5;11;6;5;0;0;0;0;0;0;0;0;3;0;159;17;2;1;0;1;0;0;0;1;0;0;0;0;1;1;2;92;2;0;1;1;3;0;0;0;0;0;2;0;0;0;0;1;0;0;0;0;0;1;0;0;5;0;0;0;0;0;0;0;0;0;0
2;"Niepubliczna Szkoła Podstawowa w Żegotach, Żegoty 91, 11-106 Kiwity";280902;"gm. Kiwity";"lidzbarski";"warmińsko-mazurskie";1;1;2;0;2;0;0;0;1;0;1;2;0;0;0;0;0;0;9;2;1;0;1;1;13;1;2;12;1;0;0;0;0;0;8;0;1;0;0;0;1;1;0;0;0;0;0;0;0;1;10;4;18;10;0;0;1;0;0;1;0;4;0;1;0;113;9;1;1;0;2;0;0;0;1;1;1;0;1;1;2;1;55;0;1;3;1;9;1;1;1;0;0;0;0;0;0;0;1;0;0;0;3;0;0;0;0;1;0;0;0;0;0;0;0;0;1;0
3;"Niepubliczna Szkoła Podstawowa w Krekolach, Krekole 36, 11-106 Kiwity";280902;"gm. Kiwity";"lidzbarski";"warmińsko-mazurskie";1;1;1;0;0;0;0;0;0;1;1;0;0;0;0;1;0;0;8;8;0;1;0;0;3;0;3;8;0;0;0;0;0;1;6;1;0;0;0;0;0;0;0;0;0;0;0;0;0;0;5;1;7;3;7;2;0;0;0;1;0;1;2;1;0;47;6;3;0;0;1;0;1;0;2;1;0;0;1;0;1;1;28;0;0;0;0;0;1;1;0;0;0;0;0;0;0;0;0;0;0;0;0;1;0;0;0;0;0;0;0;0;0;0;0;0;0;1
4;"Świetlica Wiejska w Stoczku, Stoczek 31, 11-106 Kiwity";280902;"gm. Kiwity";"lidzbarski";"warmińsko-mazurskie";1;1;0;0;1;2;0;0;0;0;0;0;0;0;0;0;0;1;8;10;1;3;0;2;8;0;1;6;0;2;0;0;0;1;5;2;0;0;0;1;1;0;0;1;0;0;1;0;0;4;4;0;7;2;2;0;0;0;0;0;0;0;0;0;0;71;5;1;1;0;2;0;0;1;0;3;0;0;0;1;0;0;34;0;2;0;0;0;0;0;0;0;0;0;0;0;0;2;2;1;0;0;0;0;0;0;0;0;0;1;0;0;1;0;0;0;0;0
5;"Świetlica Wiejska w Klutajnach, Klutajny 21, 11-106 Kiwity";280902;"gm. Kiwity";"lidzbarski";"warmińsko-mazurskie";1;1;0;0;0;0;0;0;0;0;0;0;0;0;0;0;0;0;0;0;0;0;0;0;0;0;0;1;0;0;0;0;0;0;2;0;0;0;0;0;0;0;0;0;1;0;0;0;0;0;4;0;4;1;2;1;0;0;0;0;1;0;0;0;0;34;5;0;1;0;1;0;0;0;0;0;0;0;0;0;1;1;22;0;0;2;0;0;0;0;0;0;0;0;0;0;0;1;1;0;0;0;0;0;0;0;0;2;0;0;0;0;0;0;0;0;0;0
6;"Świetlica Wiejska w Samolubiu, Samolubie 14/1, 11-106 Kiwity";280902;"gm. Kiwity";"lidzbarski";"warmińsko-mazurskie";1;1;0;0;0;0;0;0;1;0;0;0;0;0;0;0;0;0;3;3;1;0;0;0;6;2;2;2;0;0;0;1;0;1;2;2;0;0;1;0;0;0;0;0;0;0;0;0;0;0;6;2;12;4;9;0;0;0;0;0;0;0;0;6;0;26;14;0;0;1;1;1;0;2;2;0;0;0;0;1;2;1;24;0;0;0;0;0;0;0;0;0;0;0;0;1;0;0;1;0;0;0;0;0;0;0;0;0;0;0;1;0;0;0;0;1;0;0
7;"Świetlica Wiejska w Kierwinach, Kierwiny 4A, 11-106 Kiwity";280902;"gm. Kiwity";"lidzbarski";"warmińsko-mazurskie";1;1;1;0;0;0;0;0;0;0;0;0;0;0;0;0;0;1;1;0;2;2;0;0;1;0;2;6;0;0;0;0;0;0;3;1;0;1;0;0;0;0;0;0;0;0;0;0;1;0;2;0;5;0;2;0;0;0;0;0;0;0;0;0;0;39;8;0;1;0;1;0;1;0;2;2;0;1;0;1;0;2;32;0;0;0;1;4;0;0;0;0;0;0;0;0;0;1;0;0;1;0;0;0;0;0;0;0;0;0;0;0;0;0;0;0;0;0
1;"Urząd Gminy Lidzbark Warmiński, ul. Ignacego Krasickiego 1, 11-100 Lidzbark Warmiński";280903;"gm. Lidzbark Warmiński";"lidzbarski";"warmińsko-mazurskie";1;1;2;0;1;1;0;1;0;0;0;1;0;1;0;0;0;0;18;6;1;2;1;0;20;2;5;27;2;0;1;0;0;4;21;7;5;3;2;1;1;1;2;3;1;0;1;0;2;2;30;5;98;14;9;2;6;6;2;0;2;4;0;3;1;46;25;1;1;0;5;0;0;2;1;1;0;0;1;0;1;2;173;2;2;0;0;12;1;0;0;1;0;1;0;1;0;2;3;0;0;0;0;0;0;0;0;3;0;0;0;0;1;0;0;0;0;0
2;"Szkoła Podstawowa, Kraszewo 2, 11-100 Lidzbark Warmiński";280903;"gm. Lidzbark Warmiński";"lidzbarski";"warmińsko-mazurskie";1;1;2;0;0;0;0;0;1;1;0;1;0;0;1;0;0;1;7;4;3;4;3;1;21;3;0;22;3;0;0;0;0;4;12;3;0;0;0;0;0;2;1;0;1;1;0;1;1;0;19;5;96;6;4;1;3;0;0;1;1;0;1;3;1;21;29;0;0;0;2;0;1;1;1;1;0;1;0;0;2;0;87;3;0;1;4;12;0;0;0;0;1;0;0;0;0;1;1;0;0;0;0;0;0;0;0;0;0;0;0;1;0;0;0;0;0;1
3;"Budynek byłej szkoły podstawowej, Kłębowo 7, 11-100 Lidzbark Warmiński";280903;"gm. Lidzbark Warmiński";"lidzbarski";"warmińsko-mazurskie";1;1;1;0;0;1;1;0;0;0;1;0;0;1;0;0;0;0;8;12;1;0;2;1;14;1;3;29;0;0;0;0;0;0;12;2;6;1;2;0;1;5;2;1;0;1;0;0;0;1;17;4;79;8;1;2;3;0;1;0;1;2;0;3;0;28;21;2;0;0;0;0;0;0;0;0;0;0;0;0;0;0;127;3;1;0;1;4;0;0;1;0;0;1;0;0;0;1;0;0;0;0;0;2;0;0;0;0;1;0;0;0;1;0;0;1;0;0
4;"Świetlica wiejska, Rogóż 19A, 11-100 Lidzbark Warmiński";280903;"gm. Lidzbark Warmiński";"lidzbarski";"warmińsko-mazurskie";1;1;3;0;0;0;0;1;0;1;0;0;1;0;0;0;0;0;8;13;2;3;0;1;5;0;0;13;0;0;0;1;0;0;14;4;1;1;0;0;2;0;0;2;0;1;1;0;1;0;11;6;55;8;3;0;2;0;3;0;1;0;0;3;0;58;17;2;3;1;3;0;0;3;0;2;1;0;2;1;0;4;128;0;0;1;0;2;0;0;2;0;2;0;0;0;0;1;5;0;0;0;0;0;0;0;0;1;0;1;0;1;0;0;0;0;0;0
5;"Świetlica wiejska, Runowo 41A, 11-100 Lidzbark Warmiński";280903;"gm. Lidzbark Warmiński";"lidzbarski";"warmińsko-mazurskie";1;1;1;0;1;2;1;0;0;0;0;0;0;0;0;0;0;2;5;8;3;3;1;1;16;0;1;3;1;0;0;0;0;1;8;1;4;3;0;0;1;1;0;0;0;0;0;0;0;0;9;3;53;1;5;0;0;0;0;0;0;0;0;2;0;11;5;5;2;0;0;1;1;1;0;0;2;0;1;1;1;4;56;1;0;0;0;3;0;0;0;1;0;1;1;0;0;0;0;0;0;0;0;0;0;0;0;0;0;0;0;0;0;0;0;0;1;0
6;"Świetlica wiejska, Babiak 13, 11-100 Lidzbark Warmiński";280903;"gm. Lidzbark Warmiński";"lidzbarski";"warmińsko-mazurskie";1;1;0;0;0;0;0;0;0;0;0;0;0;0;0;1;0;0;6;4;1;0;0;1;3;0;0;3;1;0;0;0;0;1;3;1;0;0;2;0;0;2;0;0;0;0;0;0;0;0;9;3;45;2;0;0;1;0;1;0;0;0;0;3;0;5;8;1;0;0;2;0;0;0;0;0;0;1;0;0;2;0;26;0;0;0;0;4;0;0;0;0;0;0;0;0;0;0;1;0;0;0;0;0;0;0;0;0;0;0;0;0;0;0;0;0;0;0
7;"Świetlica wiejska, Kochanówka 17, 11-100 Lidzbark Warmiński";280903;"gm. Lidzbark Warmiński";"lidzbarski";"warmińsko-mazurskie";1;1;0;0;0;0;0;0;0;0;0;0;0;0;0;0;0;0;2;4;0;0;0;0;2;2;0;13;1;0;0;0;0;0;6;2;0;0;1;0;1;0;0;0;0;0;0;0;0;1;14;3;36;7;2;0;1;0;2;0;0;1;0;0;0;4;23;1;1;0;0;0;0;1;0;0;0;0;0;0;0;0;28;4;0;3;3;1;1;0;0;0;0;0;0;1;0;0;0;1;0;0;0;0;0;0;0;0;0;0;0;0;0;0;0;0;0;0
8;"Świetlica wiejska, Łaniewo 79, 11-100 Lidzbark Warmiński";280903;"gm. Lidzbark Warmiński";"lidzbarski";"warmińsko-mazurskie";1;1;0;0;0;1;1;0;0;0;0;0;0;0;0;0;0;0;7;0;0;0;2;0;6;0;0;4;0;0;1;0;0;3;7;2;2;1;2;1;0;1;0;0;0;0;0;0;0;0;17;6;45;12;0;1;3;0;2;0;2;3;0;4;0;11;7;1;1;0;0;0;0;1;0;0;0;0;0;0;1;0;47;1;2;0;0;2;0;1;0;1;0;1;0;0;0;1;0;0;0;1;0;0;0;0;0;0;0;0;0;0;0;1;0;0;0;0
9;"Gminne Centrum Kultury, Pilnik 2, 11-100 Lidzbark Warmiński";280903;"gm. Lidzbark Warmiński";"lidzbarski";"warmińsko-mazurskie";1;1;0;0;0;0;0;0;1;0;0;0;0;0;0;1;0;0;3;2;1;0;0;0;3;0;1;1;0;0;0;0;0;0;5;2;1;0;0;0;2;1;1;1;0;0;0;0;0;0;2;2;4;0;0;1;3;0;0;0;0;0;0;0;0;9;5;2;1;0;1;1;1;0;1;1;0;1;0;0;1;0;46;3;0;0;0;1;0;0;0;0;0;0;0;0;0;1;0;0;0;0;0;0;0;0;0;0;0;0;0;0;0;0;0;0;0;0
10;"Świetlica wiejska, Ignalin 8, 11-100 Lidzbark Warmiński";280903;"gm. Lidzbark Warmiński";"lidzbarski";"warmińsko-mazurskie";1;1;0;0;0;1;0;0;0;0;0;0;0;0;0;0;0;0;1;3;1;1;0;1;2;0;1;2;0;0;0;0;0;0;2;1;2;0;1;0;0;0;0;0;0;0;1;0;0;0;8;4;12;4;2;0;2;0;1;0;2;0;0;2;0;9;5;1;0;0;2;0;0;2;1;0;0;0;0;0;0;4;23;0;0;1;0;0;0;1;1;0;0;0;0;0;0;0;0;0;0;0;0;0;0;0;0;2;0;0;0;0;0;0;1;0;0;0
1;"Zespół Szkół w Lubominie, ul. Kopernika 4, 11-135 Lubomino";280904;"gm. Lubomino";"lidzbarski";"warmińsko-mazurskie";1;1;6;0;3;0;1;0;1;0;0;0;0;0;0;0;0;0;27;14;16;1;4;4;8;0;6;5;5;2;3;2;0;4;18;0;7;0;5;0;0;1;5;0;0;0;2;0;0;3;41;21;82;39;21;1;12;2;0;0;3;1;0;4;0;16;11;3;1;1;1;0;0;3;2;2;2;0;3;2;2;2;171;4;5;2;5;17;1;2;1;0;1;8;1;0;0;4;4;0;0;0;0;0;1;0;0;0;4;0;0;0;0;2;1;0;0;0
2;"Środowiskowy Dom Samopomocy w Wolnicy, Wolnica 50, 11-135 Lubomino";280904;"gm. Lubomino";"lidzbarski";"warmińsko-mazurskie";1;1;0;0;0;0;0;1;0;0;0;0;0;0;0;0;1;1;7;5;1;2;0;0;1;2;2;1;0;0;0;0;1;2;10;1;1;1;0;1;1;2;6;1;0;0;1;0;0;0;6;5;20;0;2;1;1;0;1;1;3;0;0;3;0;13;8;1;0;1;1;0;0;3;0;1;0;0;0;0;0;2;29;0;1;2;0;2;0;2;0;0;0;0;0;0;0;1;1;0;0;0;0;0;0;0;1;0;1;0;0;0;0;1;0;0;0;0
3;"Szkoła Podstawowa w Wilczkowie, Wilczkowo 73, 11-135 Lubomino";280904;"gm. Lubomino";"lidzbarski";"warmińsko-mazurskie";1;1;0;0;0;0;0;0;0;0;0;0;0;0;0;0;0;0;10;4;6;5;0;0;5;1;2;4;0;0;0;0;0;0;5;0;2;0;1;0;1;1;0;0;0;1;0;0;0;4;26;10;52;21;16;5;1;3;0;0;1;2;0;3;0;8;18;0;2;0;3;2;0;2;2;0;0;1;1;1;2;0;39;1;1;2;0;5;1;2;0;1;0;0;2;1;0;1;0;1;1;1;0;0;1;0;0;1;1;1;0;0;0;1;0;0;0;0
4;"Przedszkole Samorządowe, Rogiedle 28, 11-135 Lubomino";280904;"gm. Lubomino";"lidzbarski";"warmińsko-mazurskie";1;1;3;0;1;1;0;0;0;0;0;1;1;0;0;1;0;1;10;7;7;0;1;0;5;1;3;5;1;0;1;0;0;1;11;2;4;2;0;0;0;0;6;0;0;0;0;0;0;1;32;7;41;12;4;7;9;0;1;1;3;1;0;3;1;4;14;0;1;2;3;0;0;2;1;0;0;1;0;0;1;2;52;4;2;3;1;1;0;2;1;0;0;1;1;0;0;1;0;0;1;0;1;0;0;0;0;2;0;0;0;0;0;0;0;0;0;0
1;"Ośrodek Sportu i Rekreacji w Ornecie ul Sportowa 7, ul. Sportowa 7, 11-130 Orneta";280905;"gm. Orneta";"lidzbarski";"warmińsko-mazurskie";1;1;1;0;16;1;2;0;0;1;0;0;0;0;8;0;0;5;27;30;9;5;3;2;4;5;10;5;2;3;1;1;1;15;33;3;6;0;2;0;2;8;36;3;0;0;1;0;0;1;74;16;166;51;19;2;5;5;4;1;10;2;0;2;0;24;14;2;1;0;4;0;0;0;0;1;2;1;0;1;18;0;250;20;1;8;1;26;0;0;3;2;2;30;1;0;1;8;3;1;0;0;0;0;2;0;2;1;0;0;0;1;0;1;0;0;0;0
2;"Miejski Dom Kultury w Ornecie ul. 1 Maja 45, ul. 1 Maja 45, 11-130 Orneta";280905;"gm. Orneta";"lidzbarski";"warmińsko-mazurskie";1;1;1;1;25;1;1;2;0;0;0;0;0;0;4;0;0;5;42;23;14;7;3;1;9;2;9;10;1;3;3;2;2;8;46;3;8;1;1;1;3;8;19;0;0;0;0;3;1;2;82;29;143;68;13;3;7;3;4;1;13;1;1;9;0;17;23;4;1;0;1;1;2;1;1;3;0;0;0;0;14;5;260;22;4;12;3;25;2;4;3;3;7;21;0;2;2;9;5;0;1;3;0;0;1;0;2;4;0;0;0;2;0;0;0;0;0;0
3;"Szkoła Podstawowa Nr 1 w Ornecie ul. Zamkowa 26, ul. Zamkowa 26, 11-130 Orneta";280905;"gm. Orneta";"lidzbarski";"warmińsko-mazurskie";1;1;1;0;6;0;0;0;1;0;0;1;0;0;9;0;1;3;16;4;3;2;1;0;2;2;2;4;1;2;0;0;1;3;12;3;2;1;3;0;2;1;8;0;0;0;0;0;0;2;36;19;53;34;8;2;5;3;4;0;8;2;0;4;0;8;14;0;1;0;1;1;1;0;1;1;0;0;2;0;11;1;109;5;4;1;1;8;0;3;0;1;0;11;1;1;0;1;4;0;1;0;0;0;0;0;0;0;0;0;0;0;1;1;0;0;0;0
4;"Szkoła Podstawowa nr 1 w Ornecie ul. Warmińska 11, ul. Warmińska 11, 11-130 Orneta";280905;"gm. Orneta";"lidzbarski";"warmińsko-mazurskie";1;1;3;0;10;1;0;1;0;1;0;0;0;0;3;0;0;2;26;22;13;1;1;1;4;1;6;14;1;0;0;0;1;3;25;2;7;1;0;0;2;1;18;2;0;0;0;0;0;1;56;20;96;34;10;2;2;1;2;3;9;3;2;4;0;15;25;2;1;0;2;2;1;2;1;1;0;0;1;0;3;1;186;13;2;5;3;21;1;1;1;1;1;20;0;2;0;2;1;0;1;2;1;0;2;0;1;0;1;0;0;0;0;0;0;0;1;0
5;"Szkoła Podstawowa Nr 4 w Ornecie ul. Kopernika 13, ul. Kopernika 13, 11-130 Orneta";280905;"gm. Orneta";"lidzbarski";"warmińsko-mazurskie";1;1;4;0;12;0;0;0;0;0;0;0;0;0;7;0;0;4;32;20;10;3;3;0;3;2;3;4;2;2;0;1;0;3;24;1;0;0;2;0;0;0;14;0;2;0;0;1;1;2;54;15;92;21;11;2;7;4;1;1;10;0;0;1;0;4;21;2;1;0;2;1;0;1;1;4;0;1;4;1;15;1;142;13;2;10;2;36;1;2;0;0;0;20;0;2;0;2;3;3;1;3;0;0;0;0;1;2;2;1;0;0;0;0;0;0;0;0
6;"Szkoła Podstawowa w Bażynach, Bażyny 17, 11-130 Orneta";280905;"gm. Orneta";"lidzbarski";"warmińsko-mazurskie";1;1;0;0;7;0;0;0;1;0;0;0;0;0;3;0;0;4;6;5;3;1;1;0;0;0;0;4;1;0;0;0;0;1;6;2;2;0;0;0;3;0;4;1;0;0;1;0;0;0;19;13;108;6;9;0;3;0;0;0;0;0;1;0;0;2;8;3;2;0;0;0;0;5;0;1;0;0;0;0;4;2;72;5;0;3;1;7;0;0;0;0;1;1;0;0;2;1;5;0;0;0;0;1;0;0;0;0;0;0;1;0;0;0;0;0;0;1
7;"Świetlica Wiejska w Henrykowie, Henrykowo 47, 11-130 Orneta";280905;"gm. Orneta";"lidzbarski";"warmińsko-mazurskie";1;1;1;0;1;0;0;0;0;0;0;0;0;0;1;0;0;0;11;9;1;0;0;0;3;1;0;1;0;1;0;1;0;6;5;1;1;0;0;0;0;0;4;0;1;0;0;0;0;0;20;11;66;12;6;0;3;1;0;2;3;0;0;0;0;7;8;0;0;1;1;0;0;1;0;1;2;1;0;0;13;1;37;4;3;2;0;4;0;0;0;1;0;10;0;0;0;0;4;0;0;0;0;0;0;0;0;0;0;0;0;1;0;0;0;0;0;1
8;"Świetlica Wiejska w Mingajnach, Mingajny 65, 11-130 Orneta";280905;"gm. Orneta";"lidzbarski";"warmińsko-mazurskie";1;1;1;0;6;0;0;1;0;0;0;0;0;0;4;0;0;0;9;7;1;1;2;1;2;0;0;5;0;0;0;4;0;6;6;1;0;0;0;0;1;3;3;0;0;1;0;1;1;0;18;8;42;19;9;0;2;0;4;0;4;0;0;0;0;13;2;0;0;0;0;0;0;2;0;1;0;0;1;2;7;5;42;4;0;4;0;10;0;0;0;0;1;8;0;0;0;0;4;0;0;0;0;0;0;0;0;0;0;0;1;0;0;0;0;0;0;0
9;"Świetlica Wiejska w Opinie, Opin 9, 11-130 Orneta";280905;"gm. Orneta";"lidzbarski";"warmińsko-mazurskie";1;1;0;0;1;1;0;1;1;0;0;0;0;0;2;0;0;0;1;3;1;0;0;0;1;1;0;1;0;0;0;0;0;2;1;0;0;0;0;0;0;0;0;0;0;0;0;0;0;0;9;2;33;1;0;0;2;1;0;0;4;1;0;0;0;1;2;2;0;0;2;0;0;0;0;2;0;0;0;0;0;0;11;0;0;1;0;1;0;0;0;0;0;3;0;0;0;0;1;0;0;2;0;0;0;0;0;1;1;0;0;0;0;0;0;0;0;0
1;"Szkoła Podstawowa Nr 3 im. Filomatów Nowomiejskich, ul. Działyńskich 14, 13-300 Nowe Miasto Lubawskie";281201;"m. Nowe Miasto Lubawskie";"nowomiejski";"warmińsko-mazurskie";1;1;2;0;1;0;1;1;0;0;0;0;0;0;0;1;0;0;6;86;2;2;0;1;0;1;3;2;0;1;0;0;0;1;19;4;3;2;0;0;1;0;1;1;0;0;0;1;1;1;26;8;27;70;1;27;7;9;4;6;13;2;0;2;0;0;6;1;0;1;0;0;1;0;0;0;0;0;0;0;2;20;45;1;8;1;4;3;2;117;1;0;0;0;2;2;2;2;2;3;3;0;1;1;0;1;0;1;0;0;0;0;0;1;0;0;0;0
2;"Miejski Ośrodek Pomocy Społecznej, ul. Janusza Korczaka 4, 13-300 Nowe Miasto Lubawskie";281201;"m. Nowe Miasto Lubawskie";"nowomiejski";"warmińsko-mazurskie";1;1;1;0;0;4;0;1;0;0;1;0;0;0;0;0;1;1;19;154;5;2;1;2;0;1;3;1;0;1;1;1;0;3;22;9;12;2;1;1;3;2;2;2;0;1;1;1;0;7;32;8;72;128;7;34;2;8;3;5;16;1;1;0;0;1;15;1;0;1;6;0;1;0;1;2;0;2;0;0;3;47;89;3;10;6;7;2;1;162;2;1;0;0;0;0;0;4;1;0;0;0;2;2;1;1;0;2;0;0;0;0;0;0;0;0;0;0
3;"Szkoła Podstawowa Nr 1 im. Jana Pawła II, ul. Jagiellońska 3, 13-300 Nowe Miasto Lubawskie";281201;"m. Nowe Miasto Lubawskie";"nowomiejski";"warmińsko-mazurskie";1;1;5;1;0;1;1;0;2;1;0;1;0;0;1;0;0;1;16;175;8;8;0;1;1;0;1;2;2;1;2;0;1;1;40;7;12;3;3;1;2;0;3;2;2;0;1;1;0;0;32;8;99;147;7;48;9;8;2;9;34;2;0;6;1;6;6;6;1;3;4;0;0;1;1;1;1;2;4;3;1;77;102;8;7;3;10;1;2;216;1;0;2;4;1;0;0;3;10;1;2;0;3;1;0;0;0;5;0;0;2;0;0;0;0;1;1;1
4;"Cech Rzemiosł Różnych i Przedsiębiorczości, ul. Grunwaldzka 7, 13-300 Nowe Miasto Lubawskie";281201;"m. Nowe Miasto Lubawskie";"nowomiejski";"warmińsko-mazurskie";1;1;3;0;0;2;0;2;1;1;1;1;2;0;0;0;0;1;15;164;4;8;0;3;6;5;4;5;4;2;0;0;0;2;29;2;7;4;2;0;2;5;0;0;0;0;0;0;0;4;32;6;59;107;6;54;3;7;6;3;30;1;0;0;0;4;7;1;7;2;4;1;1;2;0;0;0;1;0;0;1;50;94;5;14;3;7;1;1;172;1;0;2;1;0;0;0;5;6;2;2;1;2;0;0;1;1;1;0;0;1;1;0;0;0;0;0;1
5;"Szkoła Podstawowa Nr 2 im. Janusza Korczaka, ul. Tysiąclecia 33, 13-300 Nowe Miasto Lubawskie";281201;"m. Nowe Miasto Lubawskie";"nowomiejski";"warmińsko-mazurskie";1;1;5;0;0;0;1;1;1;0;0;1;1;0;0;0;0;0;13;115;5;4;1;1;2;1;0;2;0;0;1;0;0;2;21;5;7;0;2;0;2;1;1;1;1;0;0;0;1;2;21;5;37;70;3;39;5;5;1;3;15;1;1;1;0;2;7;1;1;3;0;1;0;1;0;1;0;0;2;3;0;22;56;2;10;4;4;0;1;131;0;0;2;1;0;1;0;4;1;1;0;0;1;0;0;0;0;2;0;0;0;0;0;0;0;0;0;0
6;"Zespół Szkół im. Cypriana Kamila Norwida, ul. 3 Maja 24, 13-300 Nowe Miasto Lubawskie";281201;"m. Nowe Miasto Lubawskie";"nowomiejski";"warmińsko-mazurskie";1;1;7;0;0;0;0;0;0;0;0;0;0;0;0;0;0;0;18;145;2;3;1;1;3;1;2;2;1;1;2;1;0;4;23;2;11;1;1;1;1;3;0;2;0;0;1;0;1;7;31;6;49;73;3;47;0;5;3;3;22;0;1;0;0;3;8;3;0;3;1;1;0;1;2;1;0;2;0;0;0;48;69;1;10;1;7;2;0;153;0;0;1;0;0;0;4;1;10;1;1;0;1;0;1;1;0;0;1;0;1;1;0;1;0;0;0;0
7;"Szpital Powiatowy w Nowym Mieście Lubawskim sp. z o. o., ul. Mickiewicza 10, 13-300 Nowe Miasto Lubawskie";281201;"m. Nowe Miasto Lubawskie";"nowomiejski";"warmińsko-mazurskie";1;1;0;0;0;0;0;0;0;0;0;0;0;0;0;0;0;0;0;2;0;0;0;0;0;0;0;0;0;0;0;0;0;0;0;0;0;0;0;0;0;0;0;0;0;0;0;0;0;0;1;0;0;0;0;0;0;0;0;0;0;0;0;0;0;0;1;0;0;0;0;0;0;0;0;0;0;0;0;0;0;0;0;0;0;0;0;0;0;1;0;0;0;0;0;0;0;0;0;0;0;0;0;0;0;0;0;0;0;0;0;0;0;0;0;0;0;0
1;"Biblioteka – Ośrodek Kultury w Biskupcu, ul. Rynek 4, 13-340 Biskupiec";281202;"gm. Biskupiec";"nowomiejski";"warmińsko-mazurskie";1;1;1;0;1;1;0;0;0;1;0;1;0;0;0;0;1;0;20;252;2;4;0;0;1;0;2;0;2;0;39;0;0;1;15;6;9;2;3;0;0;1;1;2;0;0;0;0;1;1;39;12;62;151;7;19;3;1;3;8;16;4;0;3;0;9;18;5;1;2;8;0;1;2;2;1;0;1;0;0;1;11;40;8;10;1;6;5;0;24;3;1;1;1;1;0;0;1;5;0;3;0;0;0;1;0;0;1;0;0;0;0;0;0;0;0;0;0
2;"Publiczne Przedszkole w Krotoszynach, Krotoszyny 4A, 13-330 Krotoszyny";281202;"gm. Biskupiec";"nowomiejski";"warmińsko-mazurskie";1;1;0;0;0;0;1;0;0;0;0;0;1;0;0;0;0;0;3;145;0;1;0;0;0;0;3;1;0;0;6;0;0;1;18;0;2;1;2;0;1;1;0;0;1;0;1;1;0;0;22;9;44;80;1;4;2;1;4;4;12;0;0;1;1;1;11;0;0;2;1;1;1;1;1;1;0;0;1;0;0;4;25;0;3;1;2;12;1;12;2;0;0;0;0;1;0;2;1;1;2;0;0;0;0;0;0;0;0;0;1;0;0;0;0;0;0;1
3;"Zespół Szkolno Przedszkolny w Lipinkach, Lipinki 7, 13-334 Łąkorz";281202;"gm. Biskupiec";"nowomiejski";"warmińsko-mazurskie";1;1;2;2;0;0;0;1;0;0;0;0;0;0;0;4;1;0;5;105;2;1;0;0;0;0;3;0;0;0;3;0;0;0;8;1;2;0;0;1;0;1;0;3;0;0;0;0;0;0;28;14;32;148;1;19;5;3;0;7;8;5;0;3;0;9;6;7;2;0;0;0;0;2;1;0;0;0;0;2;1;3;26;1;6;1;4;5;1;10;1;0;2;0;1;0;0;0;5;0;0;0;0;0;0;0;0;0;0;0;0;0;0;0;0;0;0;0
4;"Szkoła Podstawowa im. Jana Pawła II w Łąkorzu, Łąkorz 99, 13-334 Łąkorz";281202;"gm. Biskupiec";"nowomiejski";"warmińsko-mazurskie";1;1;1;0;0;0;0;0;0;0;0;1;1;0;0;0;0;0;12;133;5;4;0;0;0;0;0;1;0;0;4;0;1;1;13;2;3;0;0;0;1;0;1;1;0;0;0;1;0;2;30;14;35;66;1;13;3;5;2;1;3;2;0;1;1;4;4;4;0;0;0;0;1;0;0;0;0;0;1;0;0;12;19;3;5;1;1;1;2;31;1;0;0;0;0;0;0;0;1;1;3;0;1;0;0;0;0;0;0;0;0;0;0;0;0;0;0;0
5;"Szkoła Podstawowa w Ostrowitem, Ostrowite 34, 13-334 Łąkorz";281202;"gm. Biskupiec";"nowomiejski";"warmińsko-mazurskie";1;1;1;1;1;0;1;0;0;3;0;1;2;1;0;0;0;1;4;47;0;0;0;0;0;0;0;1;0;0;4;0;0;1;14;1;6;0;3;0;1;0;0;1;0;0;0;0;0;0;33;6;30;90;4;12;0;2;1;1;7;0;1;0;0;2;4;3;0;1;2;0;0;1;1;1;0;0;2;0;1;2;12;2;0;0;1;2;2;6;1;0;0;0;1;0;0;0;0;1;0;0;0;0;0;0;0;0;0;0;0;0;0;0;0;0;0;0
6;"Świetlica Wiejska w Podlasku, Podlasek 10A, 13-340 Biskupiec";281202;"gm. Biskupiec";"nowomiejski";"warmińsko-mazurskie";1;1;0;0;0;0;0;0;0;0;0;0;0;0;0;0;0;0;3;49;1;2;0;0;0;0;0;0;0;0;2;0;0;1;2;0;0;0;0;0;0;0;0;0;0;0;0;1;0;1;14;4;5;18;4;1;0;1;0;0;3;0;0;0;0;1;2;2;0;0;0;0;0;0;0;0;0;0;1;0;1;0;5;1;0;0;0;2;1;4;1;0;0;1;1;1;1;0;0;0;0;0;0;0;0;0;0;0;0;0;0;0;0;0;0;0;0;0
7;"Zespół Szkolno Przedszkolny w Szwarcenowie, Szwarcenowo 36, 13-340 Biskupiec";281202;"gm. Biskupiec";"nowomiejski";"warmińsko-mazurskie";1;1;0;0;0;0;0;0;1;0;0;0;0;0;0;0;0;1;0;160;0;0;0;0;0;1;0;0;0;0;0;0;0;0;0;1;0;0;0;0;0;0;0;0;0;0;0;0;0;3;21;4;27;35;2;4;0;0;1;4;6;1;1;3;0;5;5;1;3;2;4;0;0;0;1;1;0;0;1;0;0;7;5;0;4;1;2;1;0;3;0;2;1;0;0;0;0;0;0;2;0;0;0;0;0;0;0;0;0;0;0;0;0;0;0;0;0;0
8;"Świetlica Wiejska w Piotrowicach, Piotrowice 22, 13-340 Biskupiec";281202;"gm. Biskupiec";"nowomiejski";"warmińsko-mazurskie";1;1;1;0;1;1;0;0;0;0;0;0;0;1;0;0;0;0;11;61;1;0;0;0;0;0;1;0;0;0;3;0;0;0;3;2;3;0;0;2;0;0;0;2;0;0;0;0;0;2;20;10;23;55;1;6;2;1;0;1;3;1;0;3;0;15;4;0;2;0;2;0;0;2;0;0;0;1;2;0;0;2;7;4;6;2;1;1;0;1;0;1;0;0;0;0;0;0;5;0;0;0;0;0;0;0;0;0;2;0;1;0;0;0;0;0;0;0
9;"Zespół Szkół w Bielicach, Bielice 120, 13-330 Krotoszyny";281202;"gm. Biskupiec";"nowomiejski";"warmińsko-mazurskie";1;1;3;0;0;0;0;0;0;0;0;0;0;0;0;0;0;0;3;93;0;1;0;0;0;0;0;0;0;1;16;0;0;2;3;1;4;0;0;0;0;1;0;0;1;0;0;0;0;0;13;5;30;61;8;6;1;0;1;1;8;3;2;0;1;1;3;1;0;0;1;0;0;2;0;2;0;0;0;0;1;5;24;4;8;1;4;1;0;13;3;1;0;2;0;1;0;1;0;0;0;0;0;0;0;0;0;0;0;0;0;0;0;0;0;0;0;0
10;"Świetlica Wiejska w Słupnicy, Słupnica 38A, 13-340 Biskupiec";281202;"gm. Biskupiec";"nowomiejski";"warmińsko-mazurskie";1;1;1;0;0;0;0;0;0;0;0;0;0;0;0;0;0;0;4;24;0;0;0;0;0;0;0;0;0;0;1;0;0;1;1;0;1;0;0;0;0;0;0;0;0;0;0;0;1;1;7;10;13;44;0;3;1;0;0;0;2;1;0;0;0;1;4;0;1;1;1;0;0;1;0;0;0;0;1;0;0;2;4;0;0;0;5;0;0;2;0;0;0;0;1;0;0;0;0;0;0;0;0;0;0;0;0;1;0;0;1;0;0;0;1;0;0;0
11;"Świetlica Wiejska w Wielkiej Tymawie, Wielka Tymawa 11A, 13-340 Biskupiec";281202;"gm. Biskupiec";"nowomiejski";"warmińsko-mazurskie";1;1;1;0;0;0;0;0;0;0;0;0;0;0;0;0;0;0;2;18;0;0;0;0;0;0;0;0;0;0;2;0;0;1;2;1;1;0;0;0;0;0;0;0;0;0;0;0;0;0;15;10;19;11;2;4;1;0;0;0;1;1;0;0;0;3;3;1;0;0;0;0;0;3;0;0;0;0;0;0;0;0;7;1;1;0;3;0;0;1;3;0;0;0;1;0;0;0;0;0;0;0;0;0;0;0;0;0;0;0;0;0;0;0;0;0;0;0
12;"Świetlica Wiejska w Osetnie, Osetno 5A, 13-334 Łąkorz";281202;"gm. Biskupiec";"nowomiejski";"warmińsko-mazurskie";1;1;2;0;0;0;0;0;1;0;0;0;0;0;0;0;0;0;4;26;0;2;0;0;1;0;1;0;0;0;0;0;0;0;4;0;1;0;0;0;0;0;0;0;0;0;0;0;0;2;3;1;6;22;2;0;0;0;0;2;1;1;1;0;0;1;3;0;0;1;0;0;0;0;2;3;0;0;0;0;0;1;4;0;1;2;0;1;0;7;0;0;0;0;0;0;0;4;2;0;1;0;0;0;0;0;0;0;0;0;0;0;0;0;0;0;0;0
13;"Świetlica Wiejska w Wonnie, Wonna 56, 13-332 Jamielnik";281202;"gm. Biskupiec";"nowomiejski";"warmińsko-mazurskie";1;1;0;0;0;0;0;0;0;0;0;0;0;0;0;0;0;0;5;69;0;2;0;0;0;0;0;0;0;0;0;0;0;0;6;1;0;0;0;0;0;0;0;2;0;0;0;0;0;0;0;1;16;26;0;2;1;0;1;1;2;0;0;0;0;0;1;0;0;0;0;1;1;2;0;0;0;0;0;0;0;1;1;0;1;0;1;0;0;4;0;0;0;0;1;0;0;0;0;0;0;0;0;0;0;0;0;0;0;0;0;0;0;0;0;0;0;0
1;"Szkoła Podstawowa w Nowym Grodzicznie, Nowe Grodziczno 83, 13-324 Grodziczno";281203;"gm. Grodziczno";"nowomiejski";"warmińsko-mazurskie";1;1;4;0;2;0;0;1;0;0;0;0;0;2;0;0;0;2;11;90;3;7;0;0;2;1;6;2;4;1;1;0;0;1;16;2;3;0;2;0;0;0;0;0;0;0;0;0;0;1;28;9;58;186;4;14;2;3;3;6;22;0;1;2;0;6;7;5;2;6;0;0;1;1;0;0;0;0;1;1;1;21;15;1;12;1;18;1;2;13;0;0;1;0;0;1;0;0;0;0;2;1;1;0;0;0;1;2;0;0;0;0;0;0;0;0;0;0
2;"Szkoła Podstawowa w Zajączkowie, Zajączkowo 21A, 13-324 Grodziczno";281203;"gm. Grodziczno";"nowomiejski";"warmińsko-mazurskie";1;1;2;0;0;0;0;0;0;1;0;1;0;0;0;0;0;0;3;25;0;0;0;1;1;0;1;1;0;0;0;0;0;0;2;0;1;0;0;0;1;0;2;0;0;0;0;0;0;0;8;1;12;33;0;1;1;2;1;1;4;1;0;1;0;0;2;0;0;3;3;0;0;1;0;0;0;0;0;0;0;4;8;0;4;0;8;0;1;3;0;0;0;0;0;0;0;0;0;0;2;0;0;0;0;0;0;0;0;0;0;0;1;0;0;0;0;0
3;"Szkoła Podstawowa w Zwiniarzu, Zwiniarz 4A, 13-324 Grodziczno";281203;"gm. Grodziczno";"nowomiejski";"warmińsko-mazurskie";1;1;2;0;1;0;0;0;0;0;0;1;0;0;0;0;0;0;1;12;1;2;0;1;0;1;2;0;0;0;0;0;0;0;2;0;1;0;0;0;0;0;2;1;0;0;0;0;0;0;12;3;10;53;0;0;0;2;0;1;6;1;0;0;0;0;0;2;0;4;0;0;0;0;0;0;0;0;0;0;0;1;4;0;1;1;3;1;2;1;0;0;0;0;0;0;0;1;0;0;0;0;0;0;0;0;0;3;0;0;0;0;0;0;0;0;0;0
4;"Budynek po byłej Szkole Podstawowej w Ostaszewie, Ostaszewo 16A, 13-324 Grodziczno";281203;"gm. Grodziczno";"nowomiejski";"warmińsko-mazurskie";1;1;1;0;1;0;0;0;0;0;0;3;0;0;0;0;0;1;6;58;2;3;0;0;2;0;1;1;0;1;2;0;0;0;8;1;3;0;0;0;0;0;1;0;2;0;0;2;1;1;19;7;28;124;6;9;3;3;0;3;16;1;0;2;0;6;11;1;1;9;2;1;1;0;1;0;1;1;0;0;1;13;11;2;5;1;14;2;1;9;0;0;0;1;0;0;2;0;4;1;0;0;1;0;0;0;0;0;0;0;0;0;1;1;0;0;0;0
5;"Szkoła Podstawowa w Boleszynie, Boleszyn 12B, 13-324 Grodziczno";281203;"gm. Grodziczno";"nowomiejski";"warmińsko-mazurskie";1;1;2;0;0;0;0;0;1;0;0;0;0;0;0;0;0;1;8;31;1;3;0;0;0;1;2;1;0;0;0;0;0;1;4;0;1;0;1;0;1;0;0;1;0;0;0;0;0;0;17;5;22;72;6;5;1;1;10;1;8;4;1;0;0;0;1;1;0;8;0;0;0;0;0;0;0;1;0;0;0;7;4;3;1;0;4;0;0;2;0;0;0;0;1;1;0;0;0;0;0;0;1;0;0;0;0;0;0;1;1;0;0;0;0;0;0;1
6;"Szkoła Podstawowa w Mrocznie, Mroczno 22A, 13-324 Grodziczno";281203;"gm. Grodziczno";"nowomiejski";"warmińsko-mazurskie";1;1;3;1;2;2;1;2;0;0;0;0;2;0;0;0;0;0;11;65;7;6;0;1;1;2;3;2;1;0;1;0;0;2;5;1;5;1;1;0;1;0;1;4;0;0;0;0;0;4;21;4;48;155;3;7;3;1;4;0;29;0;2;3;1;2;5;0;3;13;8;0;1;1;0;2;2;1;2;0;1;27;21;2;5;1;4;0;0;26;1;1;1;0;3;0;0;1;4;1;2;0;0;0;0;0;0;0;0;0;0;0;1;1;0;0;0;0
7;"Świetlica wiejska, Linowiec 40, 13-324 Grodziczno";281203;"gm. Grodziczno";"nowomiejski";"warmińsko-mazurskie";1;1;0;0;0;0;0;0;0;0;1;0;0;0;0;0;0;0;2;30;0;0;0;0;0;0;0;0;0;0;0;0;0;0;5;0;0;0;0;0;0;0;0;1;0;0;0;0;0;0;12;5;17;57;0;3;1;3;4;7;8;1;1;3;0;0;2;0;0;2;1;1;1;0;0;0;0;0;0;0;0;4;6;1;1;2;8;0;1;4;0;0;0;0;0;1;0;0;2;0;1;0;0;0;0;0;0;0;0;0;1;0;0;0;0;0;0;0
8;"Świetlica wiejska, Montowo 33A, 13-324 Grodziczno";281203;"gm. Grodziczno";"nowomiejski";"warmińsko-mazurskie";1;1;1;0;0;0;0;0;0;1;0;0;0;0;0;0;0;1;2;21;3;4;0;1;0;2;0;1;0;1;0;0;1;0;2;1;3;0;0;0;0;1;0;1;0;0;0;0;0;0;18;2;33;57;1;4;4;2;2;3;0;1;2;0;0;0;2;2;0;5;0;0;0;0;0;0;0;1;0;0;0;9;4;0;1;0;9;0;0;1;0;0;0;0;0;0;1;0;0;0;1;0;0;0;0;0;0;0;0;0;0;0;0;0;1;0;0;0
9;"Świetlica wiejska, Kuligi 34A, 13-324 Grodziczno";281203;"gm. Grodziczno";"nowomiejski";"warmińsko-mazurskie";1;1;0;0;0;0;0;0;1;0;1;2;0;0;0;0;1;0;3;26;0;1;0;0;0;0;2;1;2;0;0;0;0;0;4;1;0;0;0;0;0;0;1;0;0;1;0;0;0;2;15;0;17;16;1;11;2;1;0;3;8;0;0;0;1;2;3;0;0;1;0;0;0;1;0;1;0;0;1;0;0;2;8;0;1;3;8;0;0;5;0;0;0;0;0;0;0;0;0;0;0;0;0;0;0;0;0;1;0;0;1;0;0;0;0;0;0;0
10;"Świetlica wiejska, Świniarc 8A, 13-324 Grodziczno";281203;"gm. Grodziczno";"nowomiejski";"warmińsko-mazurskie";1;1;3;0;0;0;0;0;1;0;1;1;1;0;0;0;0;1;1;22;0;3;0;0;1;0;0;1;0;0;0;0;0;0;2;0;0;0;0;0;2;0;0;0;0;0;0;0;0;1;10;3;11;23;0;10;1;0;1;1;0;0;0;0;0;0;0;0;0;12;2;0;0;0;0;0;1;0;0;0;0;1;2;1;1;0;6;0;0;3;0;0;0;0;0;0;0;0;0;0;0;0;0;1;0;0;0;1;0;0;0;0;0;0;0;0;1;0
11;"Świetlica wiejska, Trzcin 17A, 13-324 Grodziczno";281203;"gm. Grodziczno";"nowomiejski";"warmińsko-mazurskie";1;1;3;0;0;0;0;1;0;0;0;0;0;0;0;0;0;0;5;12;0;2;0;0;2;1;1;0;0;0;0;0;0;0;1;0;1;0;0;1;0;0;0;0;0;2;1;0;0;0;4;1;4;42;0;6;2;0;0;0;3;0;1;0;0;0;0;0;1;0;0;0;0;1;0;0;0;0;0;0;0;4;6;0;0;0;1;0;1;1;0;1;0;0;0;0;0;0;0;0;0;0;0;0;1;0;0;0;0;0;0;0;0;0;0;0;0;0
12;"Świetlica wiejska, Mroczenko 17, 13-324 Grodziczno";281203;"gm. Grodziczno";"nowomiejski";"warmińsko-mazurskie";1;1;0;1;1;0;0;1;0;0;0;0;0;0;0;0;0;0;4;9;2;0;0;2;2;0;1;0;0;0;0;0;0;1;0;0;0;0;1;1;0;1;1;0;0;0;0;1;0;2;4;0;3;74;0;1;1;0;0;0;3;0;0;0;0;1;3;0;0;2;0;0;0;0;0;0;0;0;0;0;0;8;2;0;0;2;2;0;1;1;0;0;0;0;0;0;0;2;0;0;0;0;0;0;0;0;0;0;0;0;0;0;0;0;0;0;0;0
1;"Szkoła Podstawowa im. Orła Białego w Brzoziu Lubawskim, Brzozie Lubawskie 43a, 13-306 Kurzętnik";281204;"gm. Kurzętnik";"nowomiejski";"warmińsko-mazurskie";1;1;1;0;0;1;0;0;1;0;1;0;0;0;0;1;0;1;10;75;3;4;1;0;2;0;1;2;0;1;2;0;0;4;7;1;1;0;1;0;0;1;0;4;0;2;0;0;0;2;23;8;34;61;1;14;0;1;1;2;60;3;0;2;0;6;6;2;1;5;4;0;1;1;1;19;0;0;1;0;0;0;24;1;1;1;1;3;0;7;1;0;0;1;0;0;0;3;3;0;0;0;0;0;0;2;0;3;1;0;0;0;1;0;1;0;0;0
2;"Urząd Gminy w Kurzętniku, ul. Grunwaldzka 39, 13-306 Kurzętnik";281204;"gm. Kurzętnik";"nowomiejski";"warmińsko-mazurskie";1;1;1;2;1;1;0;1;0;0;1;2;0;0;0;0;0;1;8;122;5;2;0;0;2;1;3;2;2;0;1;3;1;1;21;3;3;2;1;0;3;1;1;0;0;0;1;2;0;3;25;8;47;154;4;30;4;3;4;3;88;2;2;2;1;5;11;0;2;2;1;3;0;1;1;0;0;0;3;1;0;45;51;5;8;2;14;0;3;70;0;2;0;1;0;0;1;0;7;2;0;0;1;1;2;0;1;0;1;0;0;0;0;0;0;0;0;0
3;"Szkoła Podstawowa im. Przyjaciół Ziemi w Marzęcicach, Marzęcice ul. Szkolna 21, 13-306 Kurzętnik";281204;"gm. Kurzętnik";"nowomiejski";"warmińsko-mazurskie";1;1;4;1;0;0;0;0;0;0;0;0;0;0;0;0;1;0;14;110;3;3;1;1;1;0;1;1;1;1;3;0;2;1;9;1;2;3;0;0;1;0;1;0;0;0;0;0;0;1;37;4;33;86;2;22;2;11;3;6;46;0;0;0;1;1;7;3;4;3;2;5;0;1;0;0;0;0;0;0;0;53;31;2;5;3;0;3;0;19;0;0;0;0;0;3;0;0;7;0;0;0;0;1;0;0;1;1;0;0;0;1;0;0;0;0;0;0
4;"Szkoła Podstawowa im. Kawalerów Orderu Uśmiechu w Tereszewie, Tereszewo 9a, 13-306 Kurzętnik";281204;"gm. Kurzętnik";"nowomiejski";"warmińsko-mazurskie";1;1;2;0;0;0;0;0;1;0;0;0;0;0;0;0;0;0;10;70;1;2;1;1;0;0;1;2;2;0;0;0;0;1;7;2;3;0;2;0;0;0;1;0;0;0;0;0;1;1;15;10;24;38;2;25;0;3;0;2;56;2;1;1;2;4;4;0;2;2;1;0;0;0;0;0;1;0;0;0;1;18;24;1;8;1;0;1;0;10;0;0;0;1;0;0;0;2;1;1;0;0;0;0;0;0;0;0;0;0;0;0;0;0;0;0;0;0
5;"Zespół Szkół im. Władysława Jagiełły w Kurzętniku, ul. Grunwaldzka 37, 13-306 Kurzętnik";281204;"gm. Kurzętnik";"nowomiejski";"warmińsko-mazurskie";1;1;2;0;2;1;0;1;0;0;3;0;0;0;0;0;0;3;19;142;2;13;0;0;0;2;3;3;2;2;1;1;0;3;21;7;11;2;3;1;1;0;1;1;1;2;0;0;1;7;13;20;48;143;2;25;2;1;2;4;74;0;3;0;0;3;11;4;2;4;1;3;1;1;0;3;0;1;1;0;1;38;59;7;12;6;5;5;2;75;0;2;2;3;0;0;1;1;3;0;0;1;2;0;0;0;0;1;1;1;1;1;0;1;1;0;0;0
6;"Świetlica wiejska w Krzemieniewie, Krzemieniewo 26, 13-306 Kurzętnik";281204;"gm. Kurzętnik";"nowomiejski";"warmińsko-mazurskie";1;1;0;0;0;0;0;0;0;0;0;0;0;0;0;0;0;0;0;33;0;2;0;0;0;0;0;0;0;0;0;0;0;1;1;1;1;0;0;0;0;0;0;0;0;0;0;0;0;1;9;3;12;18;0;0;0;2;0;1;25;3;0;0;0;2;0;0;0;1;1;0;0;0;0;3;0;0;0;0;0;6;2;2;2;0;1;0;0;3;0;0;0;0;0;0;1;1;1;0;1;0;1;0;0;0;0;0;0;0;1;0;0;0;0;0;0;0
7;"Świetlica Wiejska w Sugajenku, Sugajenko 60, 13-306 Kurzętnik";281204;"gm. Kurzętnik";"nowomiejski";"warmińsko-mazurskie";1;1;1;0;0;0;0;1;1;0;0;0;0;0;0;0;0;0;1;21;1;0;0;0;1;0;0;0;0;0;0;0;1;0;0;0;0;0;0;0;0;0;1;1;0;0;0;0;0;0;11;2;18;37;1;4;0;1;0;0;19;0;0;1;0;1;1;0;0;9;1;0;0;0;0;0;0;1;0;0;0;4;4;1;0;0;0;0;0;0;0;0;0;1;0;0;0;0;1;1;0;0;0;0;0;0;0;0;0;0;0;0;0;0;0;0;0;0
8;"Świetlica wiejska w Nielbarku, Nielbark 60, 13-306 Kurzętnik";281204;"gm. Kurzętnik";"nowomiejski";"warmińsko-mazurskie";1;1;1;0;0;1;1;0;0;0;0;1;0;0;0;0;2;0;4;18;1;0;0;0;2;0;0;0;0;0;0;0;0;2;8;3;5;0;0;0;1;0;0;1;0;0;0;0;0;0;7;1;15;28;0;5;1;0;1;4;56;1;0;0;0;0;3;1;0;6;0;0;0;2;0;0;0;0;0;0;0;11;6;0;6;1;1;0;0;4;0;0;0;0;0;0;0;0;0;0;0;0;2;0;0;0;0;0;0;0;0;0;0;0;0;1;0;0
9;"Świetlica wiejska w Szafarni, Szafarnia 9B, 13-306 Kurzętnik";281204;"gm. Kurzętnik";"nowomiejski";"warmińsko-mazurskie";1;1;1;0;0;0;0;0;0;0;0;0;0;0;0;0;0;1;6;21;2;3;0;2;1;1;0;1;0;0;0;0;0;1;4;0;2;0;0;0;0;0;0;0;0;0;0;0;0;0;6;0;9;19;0;13;2;0;0;1;20;0;0;0;0;0;2;0;0;0;0;0;0;0;0;0;0;0;0;0;0;5;12;5;2;2;1;0;0;7;0;0;0;0;0;0;1;1;1;0;0;0;0;0;0;0;0;0;1;0;0;0;0;0;0;0;0;0
10;"Świetlica wiejska w Wawrowicach, Wawrowice 7, 13-306 Kurzętnik";281204;"gm. Kurzętnik";"nowomiejski";"warmińsko-mazurskie";1;1;1;2;0;0;0;0;0;1;0;1;0;0;0;0;0;0;7;30;0;1;0;0;0;1;0;0;0;0;0;0;0;0;1;0;3;0;0;0;0;0;0;0;0;0;0;0;1;1;15;0;32;15;2;27;0;0;0;0;14;2;0;0;0;0;1;0;0;5;0;0;0;0;0;1;0;0;0;1;1;5;5;0;0;0;0;1;0;7;1;0;0;0;0;0;0;1;0;0;0;0;0;0;0;0;0;0;0;0;0;1;0;0;0;0;0;0
11;"Świetlica wiejska w Mikołajkach, Mikołajki 36A, 13-306 Kurzętnik";281204;"gm. Kurzętnik";"nowomiejski";"warmińsko-mazurskie";1;1;0;0;0;0;0;0;0;0;0;0;0;0;0;0;0;0;3;53;1;1;0;0;0;0;0;0;0;0;0;0;0;1;6;1;0;0;0;1;0;0;0;0;0;0;0;0;0;0;3;4;20;22;1;27;0;0;0;3;16;0;1;0;0;6;2;0;1;1;1;0;1;1;0;0;0;0;0;0;0;17;4;3;0;2;3;0;0;3;0;3;0;0;0;0;0;0;0;0;0;1;0;0;0;0;0;0;0;0;0;0;0;0;0;0;1;0
12;"Centrum Aktywności Lokalnej w Wielkich Bałówkach, Wielkie Bałówki 14, 13-306 Kurzętnik";281204;"gm. Kurzętnik";"nowomiejski";"warmińsko-mazurskie";1;1;3;0;0;0;0;0;0;0;0;0;0;0;0;0;0;0;7;35;1;0;0;0;0;0;0;0;2;0;1;0;0;0;1;3;1;1;0;0;1;0;0;0;0;0;0;0;0;1;10;7;17;37;2;31;3;1;0;4;28;3;0;1;0;2;4;0;0;2;1;0;0;0;0;0;0;0;0;0;0;18;7;0;0;0;1;0;0;3;0;0;0;0;0;0;0;0;1;0;0;1;0;0;2;0;0;0;1;0;0;0;0;1;0;0;0;0
13;"Świetlica wiejska w Lipowcu, Lipowiec ul. Okrężna 1, 13-306 Kurzętnik";281204;"gm. Kurzętnik";"nowomiejski";"warmińsko-mazurskie";1;1;2;0;0;0;0;1;0;0;0;0;0;0;0;0;0;0;0;37;0;2;1;1;0;1;0;1;0;0;1;1;1;0;4;3;2;0;0;0;0;0;0;1;0;0;0;0;0;3;10;2;2;21;1;8;1;0;0;1;22;0;0;0;1;0;2;0;2;0;1;0;0;0;0;0;0;0;0;0;1;20;7;1;1;0;1;0;3;9;0;1;1;0;0;0;2;0;0;0;0;0;0;0;0;0;0;0;0;0;0;1;0;0;0;0;0;0
1;"ŚWIETLICA WIEJSKA, Pacółtowo ul. Gen. Waraksiewicza 44, 13-300 Nowe Miasto Lubawskie";281205;"gm. Nowe Miasto Lubawskie";"nowomiejski";"warmińsko-mazurskie";1;1;1;0;0;1;0;0;1;0;0;0;0;0;0;0;0;2;1;74;1;2;1;1;1;0;1;0;0;0;0;0;0;3;12;1;4;0;0;0;0;0;0;1;0;0;0;0;0;1;11;5;10;33;5;34;4;1;1;5;18;4;0;0;1;4;3;1;0;0;0;0;0;1;0;1;0;0;0;0;2;24;27;0;4;0;1;1;2;26;0;0;0;1;0;0;0;1;0;0;0;0;1;0;0;0;0;0;0;0;0;0;0;0;0;0;0;0
2;"ZESPÓŁ SZKÓŁ im. RODU DZIAŁYŃSKICH, Bratian ul. Szkolna 2, 13-300 Nowe Miasto Lubawskie";281205;"gm. Nowe Miasto Lubawskie";"nowomiejski";"warmińsko-mazurskie";1;1;2;0;1;1;0;6;0;0;1;1;1;0;0;0;0;1;13;127;7;6;1;2;1;5;3;1;2;1;0;0;0;4;10;1;3;1;3;2;2;1;2;0;0;0;0;2;3;3;52;9;61;180;5;17;2;3;4;1;12;1;2;2;0;3;14;5;4;3;2;0;2;0;2;1;0;1;0;0;3;43;28;7;17;8;14;5;1;58;0;1;1;0;3;2;0;1;3;3;0;1;0;0;0;0;0;1;0;1;0;1;0;0;0;0;1;1
3;"SZKOŁA PODSTAWOWA, ul. Szkolna 10, 13-332 Jamielnik";281205;"gm. Nowe Miasto Lubawskie";"nowomiejski";"warmińsko-mazurskie";1;1;4;1;0;0;2;0;0;0;2;0;0;0;0;0;1;1;36;117;4;9;1;0;3;3;3;1;0;0;3;0;1;2;18;0;7;1;1;0;1;1;0;2;1;0;1;0;4;1;37;6;35;111;2;7;5;2;1;3;32;0;1;1;0;0;9;9;1;5;1;0;0;0;4;2;1;0;0;1;1;15;34;8;17;2;6;1;1;20;2;0;0;6;0;1;1;3;1;0;0;0;0;1;0;0;0;0;0;0;0;0;0;0;1;0;0;0
4;"SZKOŁA PODSTAWOWA W SKARLINIE, Skarlin 72, 13-300 Nowe Miasto Lubawskie";281205;"gm. Nowe Miasto Lubawskie";"nowomiejski";"warmińsko-mazurskie";1;1;4;0;0;2;0;0;0;0;0;0;0;0;0;0;0;1;7;74;2;1;0;1;1;0;1;0;0;1;0;0;0;0;6;0;0;0;0;0;0;0;0;0;0;0;0;0;0;0;10;4;31;28;0;16;1;6;0;3;7;2;2;1;0;0;2;0;0;0;0;1;0;0;0;0;0;1;2;17;0;1;23;4;4;0;2;2;0;11;0;0;1;0;0;0;2;1;0;0;0;0;0;0;0;0;0;0;0;0;0;0;0;0;0;0;0;0
5;"SZKOŁA PODSTAWOWA W RADOMNIE, Radomno 17, 13-304 Radomno";281205;"gm. Nowe Miasto Lubawskie";"nowomiejski";"warmińsko-mazurskie";1;1;3;0;0;1;0;0;0;1;0;0;1;0;0;0;0;0;2;55;1;5;0;0;0;0;1;0;0;0;2;0;0;0;8;0;6;0;3;0;3;0;0;1;0;1;0;1;0;4;15;5;50;42;3;16;5;1;7;2;4;3;0;2;0;1;5;4;1;1;1;0;0;0;1;0;0;0;1;0;0;8;19;2;3;1;6;1;0;5;1;0;0;1;0;0;0;1;2;0;0;0;0;0;0;0;2;1;0;0;0;0;0;0;0;0;0;0
6;"ŚWIETLICA WIEJSKA, Mszanowo ul. Podleśna 1A, 13-300 Nowe Miasto Lubawskie";281205;"gm. Nowe Miasto Lubawskie";"nowomiejski";"warmińsko-mazurskie";1;1;1;0;0;0;0;0;0;0;0;0;0;0;0;0;0;0;5;85;3;2;0;0;0;1;3;0;1;0;0;0;1;0;16;2;3;0;0;0;0;0;0;2;0;0;1;0;2;1;11;1;19;60;1;14;1;1;1;2;4;1;0;0;1;1;1;2;2;0;1;0;0;0;1;0;0;0;0;0;0;33;22;3;6;2;3;4;2;35;0;0;0;0;0;0;0;2;4;0;0;2;0;0;0;0;0;0;0;0;1;0;0;0;0;0;0;0
7;"SZKOŁA PODSTAWOWA IM. KS. KAZIMIERZA WRÓBLEWSKIEGO, Gwiździny 58, 13-300 Nowe Miasto Lubawskie";281205;"gm. Nowe Miasto Lubawskie";"nowomiejski";"warmińsko-mazurskie";1;1;3;1;0;2;1;0;0;0;0;0;2;0;0;0;0;0;4;34;2;1;0;0;1;0;2;1;0;0;0;0;0;0;12;2;4;0;0;0;3;2;0;0;0;0;0;0;0;1;16;5;28;68;0;38;0;0;0;0;12;0;0;1;1;4;10;0;1;2;3;0;0;0;1;1;0;1;2;0;1;14;19;0;2;0;1;0;0;16;1;1;1;0;0;0;0;2;2;0;0;1;1;0;0;0;0;0;0;0;0;2;0;0;0;0;1;0
8;"ŚWIETLICA WIEJSKA, Tylice 49c, 13-300 Nowe Miasto Lubawskie";281205;"gm. Nowe Miasto Lubawskie";"nowomiejski";"warmińsko-mazurskie";1;1;1;0;0;0;0;1;0;0;2;1;1;0;0;0;0;1;4;30;2;1;1;0;1;1;2;0;0;0;0;0;0;3;3;1;1;0;1;0;0;0;0;0;0;0;0;0;1;1;15;1;19;49;3;21;0;3;1;4;7;1;0;0;0;0;5;1;2;3;2;0;0;0;0;0;1;1;1;0;0;14;12;1;5;1;3;1;0;22;0;0;0;1;0;0;0;0;3;2;0;2;0;0;0;0;1;1;0;0;0;0;0;1;0;0;0;0
9;"ŚWIETLICA WIEJSKA W CHROŚLU, Chrośle 35, 13-304 Chrośle";281205;"gm. Nowe Miasto Lubawskie";"nowomiejski";"warmińsko-mazurskie";1;1;1;0;0;0;0;0;0;0;0;0;0;1;0;0;0;0;1;51;0;0;0;0;0;0;3;0;0;0;0;0;0;1;1;1;0;0;0;0;0;0;0;1;0;0;0;0;0;0;4;3;8;31;2;4;1;0;0;5;1;0;0;0;0;1;4;0;0;0;0;0;0;1;0;1;0;0;0;0;0;7;8;0;1;1;1;0;0;4;0;0;0;0;0;0;0;1;0;0;0;0;0;0;0;0;0;0;1;0;0;0;0;0;0;0;0;0
10;"ŚWIETLICA WIEJSKA W NAWRZE, ul. Jeziorna 30, 13-300 Nawra";281205;"gm. Nowe Miasto Lubawskie";"nowomiejski";"warmińsko-mazurskie";1;1;3;0;0;0;0;0;0;0;0;0;0;0;0;0;0;0;5;48;2;2;0;0;0;1;1;1;0;0;0;0;0;1;1;1;0;0;0;0;0;0;0;0;0;1;0;0;0;0;4;2;11;30;3;11;4;7;1;0;3;0;0;0;0;2;0;0;0;2;0;0;0;0;0;1;0;1;0;0;0;7;17;0;1;0;2;0;0;15;0;0;0;0;0;0;0;1;4;0;0;0;0;0;0;0;0;0;1;0;0;1;0;0;0;0;0;0
11;"ŚWIETLICA WIEJSKA W GRYŹLINACH, Gryźliny 21, 13-332 Gryźliny";281205;"gm. Nowe Miasto Lubawskie";"nowomiejski";"warmińsko-mazurskie";1;1;0;0;0;0;0;0;0;0;0;0;1;0;0;0;0;0;0;20;1;0;1;0;0;0;0;0;0;0;0;0;0;0;4;1;0;0;0;0;0;0;0;0;0;0;0;0;0;0;8;2;7;13;1;8;0;0;1;0;3;0;0;0;0;3;0;2;0;1;0;0;0;0;1;0;0;0;0;0;0;1;9;2;1;0;1;0;0;6;0;0;0;0;0;0;0;1;1;0;0;0;0;0;1;0;0;0;0;0;1;0;0;0;0;0;0;0
12;"ŚWIETLICA WIEJSKA W LEKARTACH, Lekarty 17A, 13-300 Lekarty";281205;"gm. Nowe Miasto Lubawskie";"nowomiejski";"warmińsko-mazurskie";1;1;0;0;0;0;0;0;0;0;0;0;0;0;0;0;0;1;0;20;2;0;0;0;0;0;1;1;1;0;0;0;0;1;4;0;0;0;0;0;1;0;0;0;0;0;1;0;0;0;9;4;5;30;0;5;3;0;0;1;3;0;0;0;0;1;1;1;1;0;0;0;0;0;0;0;0;0;0;0;0;14;1;2;0;0;0;0;0;10;0;0;0;0;0;0;0;0;0;0;0;1;0;0;0;0;0;0;0;0;0;0;0;0;0;0;0;0
13;"ŚWIETLICA WIEJSKA W NOWYM DWORZE BRATIAŃSKIM, Nowy Dwór Bratiański 17, 13-304 Nowy Dwór Bratiański";281205;"gm. Nowe Miasto Lubawskie";"nowomiejski";"warmińsko-mazurskie";1;1;1;0;0;0;0;0;0;0;0;0;0;0;0;1;0;0;1;25;1;1;0;0;0;0;0;0;0;1;1;0;0;0;1;0;0;1;0;0;0;0;0;0;0;0;1;0;0;0;10;2;4;33;0;4;0;0;1;3;9;0;1;0;0;0;3;0;0;0;0;0;0;0;1;0;0;0;0;1;0;4;0;0;0;0;0;1;0;3;0;0;0;0;0;0;0;0;0;0;0;0;0;0;0;0;0;0;0;0;0;0;0;0;0;0;0;0
1;"Budynek Oratorium, ul. Parkowa 30, 14-100 Ostróda";281501;"m. Ostróda";"ostródzki";"warmińsko-mazurskie";1;1;4;0;1;0;0;0;2;0;0;0;0;0;0;0;0;1;54;20;8;5;15;4;4;2;3;8;0;3;0;0;1;5;29;16;5;0;2;1;15;1;1;1;0;0;0;1;1;2;22;8;89;41;2;1;10;10;1;1;5;0;17;0;1;0;22;3;8;4;16;0;1;1;1;0;0;0;3;0;2;3;130;12;162;13;6;1;0;1;4;0;1;1;0;1;1;1;6;3;0;0;2;1;1;0;0;0;0;0;0;0;0;1;0;0;0;0
2;"Budynek Stadionu, ul. 3-go Maja 19A, 14-100 Ostróda";281501;"m. Ostróda";"ostródzki";"warmińsko-mazurskie";1;1;3;0;1;0;1;1;0;0;0;1;0;0;0;1;0;0;26;22;8;4;12;7;9;2;2;4;1;1;1;1;1;5;57;7;6;2;1;1;10;4;0;2;2;1;0;1;1;1;23;14;95;43;2;2;3;13;0;5;6;0;14;1;0;2;27;3;12;2;14;1;0;2;1;2;0;0;0;1;3;2;165;23;146;38;3;5;1;3;2;0;1;3;0;2;0;1;4;0;1;0;1;0;0;0;0;1;0;0;0;0;0;0;0;0;0;0
3;"Zespół Szkolno-Przedszkolny, ul. Plebiscytowa 50, 14-100 Ostróda";281501;"m. Ostróda";"ostródzki";"warmińsko-mazurskie";1;1;6;2;2;1;0;0;0;0;2;1;0;1;0;0;0;1;56;45;22;5;27;3;6;5;8;4;4;9;0;0;2;7;62;21;13;4;3;0;20;3;2;1;0;0;0;1;0;3;37;13;98;65;3;2;4;27;1;8;6;3;32;5;0;1;34;4;8;3;17;0;0;1;0;6;0;0;0;1;2;6;150;21;195;39;4;11;8;0;0;1;2;1;2;1;2;4;5;0;1;2;1;0;3;0;4;0;3;0;0;0;0;0;0;0;1;0
4;"Szkoła Podstawowa Nr 2, ul. Olsztyńska 7, 14-100 Ostróda";281501;"m. Ostróda";"ostródzki";"warmińsko-mazurskie";1;1;3;0;0;1;0;2;3;0;2;1;0;1;0;0;0;0;13;13;7;3;1;4;6;1;2;8;2;1;1;1;1;2;21;7;6;1;0;0;0;2;1;1;1;0;0;0;1;2;17;4;65;11;3;1;4;12;1;7;3;4;9;0;0;2;24;1;7;1;11;0;0;2;2;0;0;3;0;1;3;2;75;10;56;13;2;2;2;1;2;0;1;0;0;0;1;3;4;0;0;0;2;0;0;0;1;1;1;0;1;1;1;0;0;1;0;0
5;"Szkoła Podstawowa Nr 2, ul. Olsztyńska 7, 14-100 Ostróda";281501;"m. Ostróda";"ostródzki";"warmińsko-mazurskie";1;1;7;1;1;0;0;1;1;1;0;3;1;0;0;1;0;2;36;17;18;3;10;6;10;1;3;7;0;5;3;2;0;4;30;24;11;1;1;0;13;3;0;4;0;0;0;0;0;3;32;6;86;49;4;1;6;22;0;4;8;0;15;3;2;4;15;2;4;4;10;0;0;3;2;5;1;3;1;1;3;2;132;18;157;23;2;4;1;5;4;0;5;2;0;5;1;1;5;0;2;0;1;0;1;0;1;4;0;0;0;0;0;0;0;0;0;0
6;"Szkoła Podstawowa Nr 3 - sala sportowa, ul. Marszałka Piłsudskiego 4, 14-100 Ostróda";281501;"m. Ostróda";"ostródzki";"warmińsko-mazurskie";1;1;4;1;1;1;1;0;2;1;0;0;0;0;0;0;1;1;32;17;11;3;11;5;4;2;11;4;4;0;0;1;0;8;31;13;5;0;1;1;11;4;1;1;0;0;0;2;1;4;32;28;94;58;5;3;7;19;1;8;11;1;19;5;0;4;22;1;7;2;12;0;0;0;1;2;0;2;0;0;4;1;139;14;164;17;8;2;5;2;2;1;0;4;0;1;1;5;4;0;1;2;1;1;0;0;0;2;1;0;1;1;0;1;0;0;0;2
7;"Szkoła Podstawowa Nr 3, ul. Marszałka Piłsudskiego 4, 14-100 Ostróda";281501;"m. Ostróda";"ostródzki";"warmińsko-mazurskie";1;1;6;0;0;1;1;2;1;1;0;1;0;0;0;0;1;0;39;22;17;6;20;4;9;0;10;4;2;4;2;1;1;3;50;18;9;1;0;2;11;0;1;3;1;0;1;0;1;8;29;14;83;75;3;1;1;17;1;7;3;0;18;4;1;5;18;1;14;2;3;0;0;0;1;1;1;3;3;2;0;3;181;29;155;23;10;3;5;4;4;2;2;0;1;1;1;3;2;0;0;0;1;0;0;0;0;1;1;0;0;0;0;1;1;1;0;0
8;"Przedszkole Niepubliczne ""Radość"", ul. Armii Krajowej 5, 14-100 Ostróda";281501;"m. Ostróda";"ostródzki";"warmińsko-mazurskie";1;1;7;1;1;1;2;0;1;0;1;0;1;0;1;0;1;0;51;37;32;8;21;9;8;5;6;6;2;3;1;1;0;5;44;31;6;1;4;2;10;2;3;3;0;0;1;2;1;4;63;20;105;71;1;1;10;29;0;8;8;1;12;3;4;4;24;4;16;3;8;0;2;6;1;0;0;0;1;1;3;6;230;25;213;33;7;5;1;2;1;1;2;2;1;1;3;5;5;0;1;0;2;1;0;1;1;0;1;0;1;0;0;1;0;0;0;0
9;"Zespół Szkolno-Przedszkolny Nr 4, ul. Tadeusza Kościuszki 14, 14-100 Ostróda";281501;"m. Ostróda";"ostródzki";"warmińsko-mazurskie";1;1;3;1;1;3;2;2;0;0;0;1;1;0;2;0;1;0;44;23;19;5;24;8;6;3;7;4;0;2;2;0;0;3;62;21;4;2;2;1;16;6;0;2;0;0;1;0;6;3;43;6;118;41;3;3;4;32;4;6;5;4;27;4;0;3;31;4;11;2;8;1;1;1;1;1;0;2;0;0;2;4;166;21;184;18;8;5;0;3;2;0;1;0;1;2;3;3;4;0;0;1;3;0;1;0;0;2;1;0;0;0;0;0;0;0;0;0
10;"Zespół Szkolno-Przedszkolny Nr 4, ul. Tadeusza Kościuszki 22, 14-100 Ostróda";281501;"m. Ostróda";"ostródzki";"warmińsko-mazurskie";1;1;4;0;0;1;1;1;1;0;2;0;1;0;1;0;0;1;46;45;20;13;15;1;5;2;3;4;2;3;0;1;3;11;44;32;5;1;1;2;26;1;1;0;0;0;2;0;2;5;23;4;66;48;2;1;4;53;1;5;4;1;21;0;0;1;14;5;26;0;7;0;0;0;2;4;1;0;1;0;1;1;166;21;187;36;8;8;3;1;1;1;0;2;1;1;5;4;0;1;0;2;2;0;0;0;0;0;1;0;0;0;0;0;0;0;0;0
11;"Szkoła Podstawowa Nr 6, ul. Osiedle Młodych 8, 14-100 Ostróda";281501;"m. Ostróda";"ostródzki";"warmińsko-mazurskie";1;1;0;0;1;1;0;0;0;0;0;0;0;0;0;0;1;1;26;13;23;4;15;3;5;1;2;2;0;1;1;0;1;1;21;12;7;2;6;1;2;0;0;1;1;0;2;0;1;3;34;13;66;32;0;0;9;18;2;3;4;1;13;0;0;4;18;4;3;1;6;0;0;0;1;1;1;0;2;0;4;2;86;8;105;17;7;4;2;4;1;0;2;1;0;0;0;2;0;0;1;0;0;0;0;0;0;0;0;0;0;0;0;0;0;0;0;0
12;"Szkoła Podstawowa Nr 6, ul. Osiedle Młodych 8, 14-100 Ostróda";281501;"m. Ostróda";"ostródzki";"warmińsko-mazurskie";1;1;2;0;0;0;2;1;1;0;0;0;0;0;0;0;0;0;34;17;15;1;5;2;4;0;5;6;7;0;0;0;1;4;32;13;7;2;1;0;8;0;0;2;1;2;1;2;0;1;26;15;127;38;2;4;9;18;0;0;5;1;18;5;0;4;9;1;5;2;10;0;1;0;0;2;1;3;3;0;3;2;112;16;142;15;2;5;0;0;1;0;0;1;1;1;0;2;1;2;0;2;0;0;2;0;0;1;2;0;1;0;1;0;0;0;0;0
13;"Szkoła Podstawowa Nr 1, ul. Seweryna Pieniężnego 30 A, 14-100 Ostróda";281501;"m. Ostróda";"ostródzki";"warmińsko-mazurskie";1;1;1;0;0;1;1;2;0;0;0;1;0;1;0;1;0;0;39;30;13;3;17;2;5;1;2;6;1;3;0;1;0;4;43;19;9;1;0;1;7;1;1;2;0;0;0;0;3;4;29;14;85;41;1;3;6;27;0;5;2;2;12;1;0;2;11;4;7;1;2;0;1;1;1;1;0;1;0;0;1;2;135;14;148;30;8;5;1;2;0;0;2;1;0;4;0;2;4;1;2;2;3;1;1;0;2;0;0;0;0;1;0;1;0;0;0;1
14;"Szkoła Podstawowa Nr 1, ul. Seweryna Pieniężnego 30A, 14-100 Ostróda";281501;"m. Ostróda";"ostródzki";"warmińsko-mazurskie";1;1;2;0;2;1;0;1;1;0;0;1;1;0;0;1;0;1;14;18;9;2;34;2;5;0;3;2;4;1;1;0;1;4;33;17;1;1;0;1;6;1;0;1;0;1;0;0;1;2;19;10;93;43;2;2;4;34;1;1;4;2;8;2;1;1;9;3;2;0;3;0;0;2;1;0;0;0;1;0;1;2;117;14;121;13;0;6;2;3;0;0;0;1;0;2;2;2;0;0;0;2;0;0;0;0;0;0;0;1;0;0;0;0;0;0;1;1
15;"Przedszkole Niepubliczne ""Promyczek"", ul. Przedszkolna 1, 14-100 Ostróda";281501;"m. Ostróda";"ostródzki";"warmińsko-mazurskie";1;1;2;1;0;1;0;0;0;0;2;0;1;0;0;0;0;0;35;25;18;13;31;12;7;0;3;2;4;3;2;0;2;4;47;14;21;3;2;1;17;1;2;1;1;0;0;2;1;6;39;14;89;59;5;1;3;49;0;8;4;1;17;5;0;5;17;5;5;1;10;1;0;1;1;0;0;1;4;0;4;4;156;21;183;26;5;4;3;2;4;1;2;1;1;3;1;5;3;0;0;1;1;1;0;0;0;1;2;0;0;0;0;1;0;0;0;1
16;"Przedszkole Nr 1, ul. Bolesława Chrobrego 3, 14-100 Ostróda";281501;"m. Ostróda";"ostródzki";"warmińsko-mazurskie";1;1;3;0;2;1;0;0;2;0;0;0;0;0;1;0;0;3;37;13;16;4;13;5;5;0;3;1;2;2;1;1;1;1;40;42;7;1;2;2;9;1;2;1;1;1;0;1;1;3;26;18;62;60;3;0;2;10;1;5;8;4;10;1;0;5;15;2;7;1;3;0;0;2;1;0;0;0;1;1;1;1;128;22;121;7;8;6;0;3;4;3;1;0;0;1;2;5;0;1;0;0;1;1;0;0;1;1;0;0;0;1;0;1;0;0;0;1
17;"Szkoła Podstawowa Nr 3, ul. Rycerska 5, 14-100 Ostróda";281501;"m. Ostróda";"ostródzki";"warmińsko-mazurskie";1;1;3;1;2;3;0;0;0;1;0;0;0;0;0;0;0;0;47;39;24;3;28;7;7;1;4;5;5;4;2;1;2;4;52;31;11;2;1;1;13;2;1;0;1;0;1;1;1;0;43;9;89;80;5;0;6;17;1;4;8;2;26;0;0;6;23;4;4;4;6;0;0;1;0;0;2;5;1;3;1;4;149;28;194;10;10;3;0;2;4;0;5;2;0;4;1;2;4;0;0;0;1;0;1;0;1;0;0;0;2;0;0;0;1;0;0;0
18;"Szkoła Podstawowa Nr 3, ul. Rycerska 5, 14-100 Ostróda";281501;"m. Ostróda";"ostródzki";"warmińsko-mazurskie";1;1;3;2;2;1;0;2;1;1;0;1;0;0;0;0;0;5;54;40;23;4;15;5;13;4;3;8;5;5;2;2;0;3;52;16;7;1;3;1;5;4;2;3;1;1;1;0;0;1;37;11;60;67;3;2;12;14;3;2;7;3;14;2;0;4;12;5;8;0;12;1;1;2;1;0;0;0;0;0;0;0;207;25;167;20;6;9;1;3;4;0;5;2;0;1;1;4;4;0;0;0;0;0;0;0;2;1;0;1;0;0;0;2;0;0;0;0
19;"Szpital w Ostródzie Spółka Akcyjna, ul. Władysława Jagiełły 1, 14-100 Ostróda";281501;"m. Ostróda";"ostródzki";"warmińsko-mazurskie";1;1;0;0;0;0;0;0;0;0;0;0;0;0;0;0;0;0;0;1;0;0;0;1;0;0;0;1;0;0;0;0;0;0;1;0;1;0;0;0;0;0;0;0;0;0;0;0;0;0;1;2;1;2;1;0;0;0;0;0;0;0;1;0;0;0;0;0;0;0;0;0;0;0;0;0;0;0;0;0;0;0;3;4;2;1;0;1;0;0;0;0;2;0;0;0;0;0;0;0;0;0;0;0;0;0;0;0;0;0;0;0;0;0;0;0;0;0
1;"Gminne Centrum Kulturalno-Biblioteczne, Dąbrówno ul. Kościuszki 11C, 14-120 DĄBRÓWNO";281502;"gm. Dąbrówno";"ostródzki";"warmińsko-mazurskie";1;1;5;0;0;2;1;0;0;0;0;0;1;0;0;0;0;0;29;12;10;7;5;3;16;1;2;2;1;2;0;6;0;3;22;22;10;4;0;0;1;3;0;2;0;0;0;0;0;4;40;15;65;221;2;0;1;4;1;11;8;3;1;2;0;2;22;10;2;6;10;2;1;2;2;1;1;2;0;1;2;5;80;9;54;15;8;8;12;1;4;1;2;0;0;1;0;0;2;7;2;0;1;1;0;0;6;0;0;0;1;1;0;0;0;0;0;0
2;"Świetlica Wiejska w Osiekowie, Osiekowo 12A, 14-120 DĄBRÓWNO";281502;"gm. Dąbrówno";"ostródzki";"warmińsko-mazurskie";1;1;0;0;0;0;0;1;0;0;0;0;0;0;0;0;0;0;2;3;0;0;1;1;3;0;1;0;1;0;0;0;0;0;8;0;2;0;0;0;1;0;0;0;0;1;0;1;1;0;11;2;4;34;4;2;2;0;0;0;5;0;0;1;0;2;3;0;0;1;0;0;0;2;0;0;0;0;0;0;2;0;14;1;2;2;1;1;0;1;0;0;2;1;0;0;0;0;1;0;0;0;0;0;0;0;0;0;0;0;1;0;0;0;0;0;0;0
3;"Publiczna Szkoła Podstawowa w Marwałdzie, Marwałd 32, 14-120 DĄBRÓWNO";281502;"gm. Dąbrówno";"ostródzki";"warmińsko-mazurskie";1;1;2;0;1;0;0;0;1;2;0;0;0;0;0;0;0;1;13;11;6;7;3;2;5;0;1;1;1;0;2;0;0;2;10;18;6;1;2;0;2;0;0;1;3;0;0;2;0;2;23;20;38;83;3;4;6;2;0;4;9;0;1;1;0;2;5;4;3;12;3;0;1;0;2;1;0;1;0;0;1;2;20;8;16;4;9;2;0;0;1;0;1;1;0;0;0;1;0;2;0;0;0;0;1;0;0;0;2;0;1;0;1;1;0;0;0;0
4;"Świetlica Wiejska w Saminie, Samin 13, 14-120 DĄBRÓWNO";281502;"gm. Dąbrówno";"ostródzki";"warmińsko-mazurskie";1;1;1;0;0;1;0;0;3;0;1;0;0;0;0;0;0;0;8;11;1;1;1;2;5;0;3;4;1;4;0;0;0;5;4;8;5;1;0;0;1;0;1;1;1;0;1;0;1;0;15;5;25;116;1;1;2;0;0;2;5;0;2;1;0;0;7;2;2;0;3;0;0;0;0;0;0;1;1;0;0;1;0;4;13;15;0;1;2;0;1;0;0;0;0;0;14;1;0;1;0;0;0;0;0;0;0;0;0;0;0;0;0;0;0;0;1;1
5;"Publiczna Szkoła Podstawowa im. Ignacego Krasickiego w Elgnowie, Elgnowo 6, 14-120 Dąbrówno";281502;"gm. Dąbrówno";"ostródzki";"warmińsko-mazurskie";1;1;2;0;0;0;0;0;0;0;0;0;0;0;0;1;1;0;3;11;0;6;1;0;1;0;1;0;1;0;0;0;0;0;9;4;2;2;1;0;0;0;0;0;0;0;1;0;0;2;7;2;3;25;0;1;0;1;0;0;1;1;0;0;0;1;3;0;0;9;1;0;0;1;0;0;1;1;1;0;1;1;1;0;2;0;2;0;1;0;1;0;0;0;0;0;1;0;0;0;0;1;0;0;0;0;0;0;0;0;0;0;0;1;0;0;0;0
1;"Gminny Ośrodek Kultury w Gierzwałdzie, Gierzwałd 7, 14-107 Gierzwałd";281503;"gm. Grunwald";"ostródzki";"warmińsko-mazurskie";1;1;6;1;1;0;0;0;0;1;0;0;0;1;0;0;1;0;25;25;6;11;1;6;9;6;4;14;1;0;0;1;0;2;48;9;2;3;1;1;9;2;0;1;0;1;0;0;1;3;34;13;69;135;0;1;5;3;1;14;10;0;7;2;1;1;24;1;7;3;5;1;0;3;2;1;2;2;1;1;5;4;77;8;68;21;2;1;3;1;1;0;0;1;0;1;1;0;5;1;0;0;0;0;3;1;0;0;0;0;0;0;0;1;0;0;0;0
2;"Szkoła Podstawowa w Stębarku, Stębark 57, 14-107 Gierzwałd";281503;"gm. Grunwald";"ostródzki";"warmińsko-mazurskie";1;1;5;0;0;4;2;0;1;0;0;0;0;0;1;0;1;0;22;31;4;5;0;3;11;1;5;6;2;0;1;0;2;2;19;9;3;1;0;0;1;0;0;0;0;0;0;1;0;1;36;11;44;102;4;2;5;3;3;0;7;0;5;3;0;5;23;0;2;2;5;0;1;0;0;2;0;2;0;2;1;1;57;6;17;10;0;1;4;1;1;0;2;0;0;0;0;0;1;1;1;2;1;0;2;0;0;0;0;1;0;0;0;3;0;0;0;0
3;"Szkoła Podstawowa w Szczepankowie, Szczepankowo 31, 14-107 Gierzwałd";281503;"gm. Grunwald";"ostródzki";"warmińsko-mazurskie";1;1;3;0;0;0;0;1;1;0;2;1;2;1;0;0;1;1;14;25;2;5;0;2;2;2;4;6;1;3;0;0;0;1;23;10;1;1;3;0;1;0;0;2;0;0;0;0;1;0;26;9;61;88;0;1;6;1;1;9;7;6;2;1;1;2;7;4;1;7;1;0;0;0;0;0;0;0;1;3;0;0;27;2;23;7;2;3;0;0;1;0;0;1;0;0;0;0;0;0;1;0;0;0;0;0;0;0;2;0;1;1;0;0;0;0;0;1
4;"Szkoła Podstawowa we Frygnowie, Frygnowo 17, 14-107 Gierzwałd";281503;"gm. Grunwald";"ostródzki";"warmińsko-mazurskie";1;1;1;0;0;2;0;1;0;1;0;0;0;0;0;0;0;0;7;14;6;3;2;2;2;0;0;0;1;1;1;0;1;3;7;1;1;0;0;0;0;1;0;0;0;0;0;0;1;0;10;1;14;53;1;0;0;0;0;1;2;0;1;0;0;0;9;0;0;3;5;0;0;0;1;0;1;1;1;0;1;1;11;1;9;11;2;0;0;0;2;0;0;0;0;0;0;0;0;0;0;0;0;0;0;0;0;0;0;0;1;0;0;1;1;0;0;0
5;"Zespół Szkolno-Przedszkolny w Mielnie, Mielno 21, 14-107 Mielno";281503;"gm. Grunwald";"ostródzki";"warmińsko-mazurskie";1;1;0;0;0;0;1;0;0;2;0;0;0;0;0;1;0;1;8;5;3;5;3;0;3;4;4;0;2;0;1;0;4;4;9;2;6;0;0;0;0;0;1;0;0;0;2;0;0;0;11;7;9;27;1;2;1;2;2;1;2;2;3;2;0;4;6;3;0;1;0;0;0;1;0;2;0;0;0;0;0;0;36;4;8;5;1;0;2;3;0;0;0;0;0;0;1;1;0;0;0;0;0;0;0;0;0;1;0;0;0;0;0;0;0;0;0;1
6;"Świetlica Sołecka w Grunwaldzie, Grunwald 23B, 14-107 Grunwald";281503;"gm. Grunwald";"ostródzki";"warmińsko-mazurskie";1;1;2;0;0;0;0;0;0;0;0;1;0;0;0;0;0;0;3;0;2;1;0;0;3;1;1;1;2;0;1;0;0;0;7;3;2;3;0;1;0;0;0;0;0;0;0;0;0;0;9;2;36;31;0;2;2;1;1;0;9;0;0;0;0;1;6;0;0;0;2;0;0;0;0;0;0;1;1;0;0;1;8;0;7;1;0;2;0;0;1;0;0;0;0;0;0;0;0;0;0;0;0;0;0;0;0;0;0;0;0;0;0;0;0;0;0;0
1;"Gminny Ośrodek Kultury w Łukcie, ul. Kościelna 2B, 14-105 Łukta";281504;"gm. Łukta";"ostródzki";"warmińsko-mazurskie";1;1;5;2;0;0;1;1;1;0;1;0;0;1;1;0;3;2;77;32;32;13;4;16;21;4;9;13;5;9;1;1;0;6;57;7;15;3;1;0;8;4;0;4;1;0;4;1;1;4;64;16;91;72;5;4;16;4;5;4;3;3;36;0;1;7;39;4;5;0;7;1;1;2;1;0;0;2;5;2;4;1;222;20;65;29;6;6;2;0;0;0;4;0;1;2;2;10;6;0;0;1;0;1;1;0;0;0;0;0;1;0;1;0;0;0;1;0
2;"Punkt Filialny Szkoły Podstawowej w Łukcie z siedzibą w Mostkowie, Mostkowo 25, 14-105 Łukta";281504;"gm. Łukta";"ostródzki";"warmińsko-mazurskie";1;1;1;0;0;0;1;1;0;0;2;2;0;0;0;0;0;0;13;8;8;4;0;9;6;2;3;1;1;2;1;1;0;2;8;7;1;0;0;1;0;0;0;0;0;0;0;0;0;2;18;9;27;4;6;2;6;2;1;1;5;0;4;3;1;0;4;1;2;0;2;0;0;2;1;3;0;1;0;0;0;1;32;4;5;5;1;3;1;0;0;0;0;0;0;1;1;2;0;1;0;0;0;0;0;0;0;1;0;0;0;1;1;1;0;0;0;0
3;"Remiza OSP, Florczaki 36B, 14-105 Łukta";281504;"gm. Łukta";"ostródzki";"warmińsko-mazurskie";1;1;0;0;0;0;0;0;0;1;0;0;0;0;0;1;0;2;7;19;8;2;3;3;4;1;0;1;1;9;0;0;0;1;10;1;5;1;0;1;1;0;0;0;0;0;0;1;0;0;8;7;14;17;1;2;5;0;2;2;2;1;3;0;0;0;18;1;2;0;3;1;0;1;0;0;0;0;1;0;0;2;36;3;12;31;0;2;0;0;0;0;0;0;0;1;0;1;0;0;0;0;0;0;0;0;0;0;0;0;0;0;0;0;0;0;0;0
4;"Świetlica Wiejska, Pelnik 14, 14-105 Łukta";281504;"gm. Łukta";"ostródzki";"warmińsko-mazurskie";1;1;0;0;0;0;0;0;0;0;0;1;0;1;0;0;0;0;10;7;0;3;0;4;3;1;2;1;0;0;0;0;0;0;8;1;2;0;1;0;1;0;0;1;0;0;0;0;0;0;6;1;5;11;3;1;5;0;1;1;0;0;8;1;0;0;2;1;0;0;0;1;1;0;1;1;0;0;0;2;0;0;41;1;5;4;2;2;2;1;0;0;0;0;0;0;0;0;0;0;1;0;0;0;0;0;0;0;0;1;0;0;1;0;0;0;0;0
5;"Świetlica Wiejska, Ramoty 10, 14-105 Łukta";281504;"gm. Łukta";"ostródzki";"warmińsko-mazurskie";1;1;0;0;0;0;0;0;0;1;0;0;0;0;0;0;0;0;2;5;4;0;0;1;2;6;2;0;1;3;0;0;0;1;1;0;0;0;0;0;0;1;0;1;0;0;0;0;0;0;12;1;9;1;1;0;1;0;0;0;1;0;1;0;0;0;8;0;0;0;1;1;3;1;0;1;0;2;1;0;0;0;15;3;12;2;1;1;0;3;1;0;2;0;0;0;0;2;1;1;0;0;0;0;0;0;0;0;1;0;1;0;0;0;0;0;0;0
6;"Świetlica Wiejska, Ględy 21, 14-105 Łukta";281504;"gm. Łukta";"ostródzki";"warmińsko-mazurskie";1;1;3;0;0;1;0;0;0;0;0;0;0;0;0;0;0;0;7;3;1;1;0;0;3;0;0;0;1;2;0;1;0;0;4;2;4;0;0;0;1;0;1;0;0;1;0;0;0;0;14;9;15;4;0;2;7;3;1;3;7;0;1;3;0;0;7;0;0;2;1;0;0;0;0;1;0;2;0;1;2;2;12;0;2;8;0;2;0;0;1;0;0;1;0;0;1;1;2;0;1;0;1;0;0;0;0;2;0;0;0;0;0;0;0;0;0;0
1;"Przedszkole Samorządowe w Dobrocinie, Dobrocin 49 A, 14-330 Małdyty";281505;"gm. Małdyty";"ostródzki";"warmińsko-mazurskie";1;1;1;0;1;0;0;3;1;0;0;0;0;1;0;0;0;1;11;18;2;0;0;0;4;52;1;0;1;1;0;1;0;3;9;3;1;1;1;1;4;1;0;1;0;0;0;0;11;1;16;7;55;38;1;0;6;3;1;0;6;1;1;3;0;2;7;1;0;0;1;0;0;1;0;1;0;0;3;0;0;4;61;5;28;44;3;2;0;0;0;0;0;1;1;1;2;0;3;0;0;1;0;0;1;0;0;1;0;1;0;1;0;0;0;0;0;0
2;"Szkoła Podstawowa w Małdytach, ul. Kopernika 13 c, 14-330 Małdyty";281505;"gm. Małdyty";"ostródzki";"warmińsko-mazurskie";1;1;3;0;2;2;1;1;1;1;1;2;0;0;0;0;0;0;40;49;12;4;3;3;9;23;14;5;3;16;0;0;0;4;36;1;5;2;2;0;1;2;0;1;1;1;1;0;67;4;44;18;120;155;1;3;11;2;1;2;6;1;2;3;0;28;27;4;2;0;5;1;1;1;5;2;1;3;7;1;2;2;122;13;86;95;2;6;2;3;0;8;3;4;0;4;8;1;5;0;0;1;0;0;0;0;0;0;1;0;0;1;0;0;0;0;0;0
3;"Szkoła Podstawowa w Szymonowie, Szymonowo 15, 14-330 Małdyty";281505;"gm. Małdyty";"ostródzki";"warmińsko-mazurskie";1;1;2;1;0;0;1;0;2;1;1;2;0;0;0;0;0;0;17;11;2;7;1;1;1;9;2;4;1;7;1;0;0;1;7;0;3;1;0;0;1;1;0;0;0;0;0;0;17;0;18;14;81;46;3;2;3;0;4;0;4;1;1;4;0;6;11;2;5;3;4;1;0;0;1;0;0;2;1;0;1;3;34;6;22;20;4;0;4;0;0;2;1;2;1;0;2;0;3;0;2;1;1;0;0;0;0;0;0;2;0;0;0;0;0;0;0;0
4;"Niepubliczna Szkoła Podstawowa w Wielkim Dworze, Wielki Dwór 9/1, 14-330 Małdyty";281505;"gm. Małdyty";"ostródzki";"warmińsko-mazurskie";1;1;3;1;0;0;0;0;0;0;0;4;1;0;0;0;0;0;8;29;4;4;1;1;3;5;0;2;2;2;0;0;1;3;13;0;3;3;0;0;1;0;2;0;0;0;0;1;52;2;16;13;94;62;1;0;1;0;1;2;7;0;1;3;0;4;6;2;3;4;2;1;3;1;0;1;0;1;0;0;3;1;24;10;21;20;2;3;0;0;2;0;0;3;0;1;12;1;1;4;0;0;0;0;0;0;0;0;0;0;0;0;0;0;1;0;0;0
1;"Miłakowski Dom Kultury w Miłakowie, ul. o. Władysława Włodyki 20, 14-310 Miłakowo";281506;"gm. Miłakowo";"ostródzki";"warmińsko-mazurskie";1;1;2;0;1;0;2;2;0;0;0;0;0;1;1;0;0;0;51;25;18;7;3;6;9;2;13;5;4;17;0;2;1;5;52;2;8;1;3;1;1;28;2;2;0;0;5;1;4;1;45;17;229;84;9;0;10;6;7;2;6;3;10;8;0;11;24;5;3;4;6;0;0;3;1;1;0;0;3;0;4;4;105;36;43;167;2;7;1;2;2;2;1;3;0;1;5;3;4;5;4;0;0;3;0;0;0;3;0;0;0;0;0;0;0;0;0;1
2;"Zespół Szkolno-Przedszkolny w Miłakowie im. Jana Pawła II, ul. Olsztyńska 9A, 14-310 Miłakowo";281506;"gm. Miłakowo";"ostródzki";"warmińsko-mazurskie";1;1;0;1;0;1;0;1;2;0;0;0;0;0;0;0;0;0;20;27;2;2;0;3;3;0;5;2;5;4;0;1;0;0;7;7;0;1;0;1;0;6;3;0;0;0;0;1;1;0;39;15;114;29;4;0;11;5;1;4;6;3;4;3;1;10;15;1;3;1;5;0;0;1;2;1;1;2;1;0;0;1;45;8;12;56;1;8;0;0;1;0;1;2;0;0;1;0;0;0;0;0;0;0;0;0;0;0;0;0;0;0;0;0;0;0;0;0
3;"Filia Zespołu Szkolno-Przedszkolnego im. Jana Pawła II w Miłakowie, Szkoła Podstawowa w Boguchwałach, Boguchwały 47A, 14-310 Miłakowo";281506;"gm. Miłakowo";"ostródzki";"warmińsko-mazurskie";1;1;2;0;2;0;0;0;0;0;1;0;0;1;0;0;0;0;10;8;2;1;0;0;3;4;0;4;1;7;1;0;0;0;9;1;0;1;0;0;0;1;0;0;0;0;0;0;1;2;18;8;27;17;8;2;9;3;3;0;1;0;3;1;0;4;13;2;2;0;1;0;0;0;0;4;0;0;1;1;2;1;24;2;13;26;0;1;0;0;0;0;0;0;1;0;0;0;1;0;1;0;0;0;0;0;0;0;1;0;0;0;0;0;0;0;0;0
4;"Dwór w Bieniaszach, Bieniasze 8, 14-310 Miłakowo";281506;"gm. Miłakowo";"ostródzki";"warmińsko-mazurskie";1;1;0;0;0;0;0;0;0;1;0;0;0;0;0;0;0;0;2;5;2;1;0;0;1;1;4;0;1;2;0;0;1;2;1;0;5;0;0;0;0;1;0;0;0;0;0;0;0;0;6;6;24;14;2;0;3;1;1;0;1;0;1;3;0;4;6;0;0;0;0;0;0;0;1;0;0;1;0;1;1;1;13;1;2;11;0;0;1;0;0;0;0;0;0;0;0;2;3;0;0;0;0;0;0;0;0;1;0;0;0;0;0;0;0;0;0;0
5;"Świetlica wiejska, Książnik 42, 14-310 Miłakowo";281506;"gm. Miłakowo";"ostródzki";"warmińsko-mazurskie";1;1;0;0;0;0;0;0;0;0;0;0;0;0;0;0;0;1;8;2;3;0;0;0;2;0;1;0;0;3;0;0;1;0;2;0;0;0;0;0;0;0;0;0;0;0;0;0;0;0;12;4;13;10;3;0;4;1;1;1;0;0;0;2;1;1;4;0;2;2;0;0;0;1;0;2;0;0;0;0;0;0;3;1;3;3;0;2;0;0;0;0;0;1;0;1;1;0;1;1;0;0;0;0;0;0;0;0;0;0;0;0;0;0;0;0;0;0
1;"Szkoła Podstawowa w Miłomłynie, ul. Pasłęcka 15, 14-140 Miłomłyn";281507;"gm. Miłomłyn";"ostródzki";"warmińsko-mazurskie";1;1;11;0;2;0;2;0;1;1;0;1;2;0;1;1;1;1;56;35;19;9;8;5;15;1;3;7;7;10;0;1;0;2;55;15;15;3;0;0;5;0;1;5;1;0;1;2;0;6;61;19;168;52;4;1;3;13;1;0;3;1;8;17;0;3;32;6;10;1;9;1;1;0;1;1;0;0;1;2;2;5;90;21;136;299;9;2;0;2;0;0;1;4;2;3;1;4;2;1;2;1;0;0;1;0;0;0;1;0;0;0;1;0;0;0;0;1
2;"Szkoła Podstawowa w Liwie, Liwa ul. Długa 30, 14-140 Miłomłyn";281507;"gm. Miłomłyn";"ostródzki";"warmińsko-mazurskie";1;1;2;1;3;0;0;0;1;0;0;0;0;0;0;1;0;1;16;18;9;4;2;2;5;2;4;2;1;5;1;0;0;1;16;8;1;0;0;0;2;0;0;1;0;0;0;1;0;1;23;13;94;16;2;1;9;9;1;0;11;1;4;2;0;2;14;2;6;2;6;1;0;0;2;1;0;1;1;1;1;1;40;1;42;42;2;1;0;1;0;0;0;0;0;1;0;0;1;0;0;0;0;2;0;0;0;0;0;0;0;0;0;1;0;0;0;2
3;"Świetlica Wiejska w Liksajnach, Liksajny 15A, 14-140 Miłomłyn";281507;"gm. Miłomłyn";"ostródzki";"warmińsko-mazurskie";1;1;0;0;0;0;1;0;0;0;0;0;0;0;0;0;0;1;3;4;2;5;0;2;2;1;1;1;0;1;0;1;0;1;11;0;2;1;0;0;1;0;0;1;0;0;0;0;0;1;8;2;35;3;1;3;2;0;2;0;3;2;1;2;0;4;5;1;0;0;0;0;1;0;1;0;0;1;0;0;0;0;5;3;20;22;0;1;0;1;0;0;0;0;0;0;0;0;2;0;0;0;0;0;0;0;0;0;0;0;0;0;0;0;0;0;0;0
4;"Budynek po byłej Szkole Podstawowej w Bynowie, Bynowo 7, 14-140 Miłomłyn";281507;"gm. Miłomłyn";"ostródzki";"warmińsko-mazurskie";1;1;0;0;1;1;0;0;0;0;2;0;0;0;0;0;0;0;5;12;4;4;1;1;0;1;0;1;0;7;1;4;0;0;0;0;2;0;0;0;1;0;1;1;0;0;0;1;1;2;17;8;33;15;0;2;3;1;0;2;4;1;0;3;1;0;3;1;0;0;5;1;0;1;0;1;0;0;0;0;0;2;20;2;26;38;6;0;1;2;1;0;1;1;0;1;0;0;0;0;0;0;0;0;0;0;0;0;0;0;0;0;0;0;0;0;0;0
5;"Świetlica Wiejska w Majdanach Wielkich, Majdany Wielkie 28B, 14-140 Miłomłyn";281507;"gm. Miłomłyn";"ostródzki";"warmińsko-mazurskie";1;1;0;0;0;0;0;0;0;0;0;0;0;0;0;1;0;0;4;6;4;2;0;0;0;0;0;1;0;1;0;0;0;1;1;1;2;0;0;0;3;0;0;0;0;0;1;0;0;0;10;2;21;6;1;1;1;3;2;0;4;0;2;6;0;1;6;2;3;0;1;0;1;0;2;0;0;0;0;0;0;0;9;2;28;16;0;2;0;0;0;0;0;0;0;0;0;0;1;1;0;0;0;0;0;0;0;0;0;0;0;1;0;0;0;0;0;0
1;"Szkoła Podstawowa Nr 2 w Morągu, ul. Żeromskiego 26, 14-300 Morąg";281508;"gm. Morąg";"ostródzki";"warmińsko-mazurskie";1;1;4;0;0;0;1;1;1;2;0;0;1;1;0;0;0;1;22;21;11;6;1;0;5;6;3;3;0;17;0;0;0;2;18;3;7;5;1;0;1;1;0;1;0;0;0;0;17;4;31;13;88;28;4;0;11;4;0;1;7;3;4;3;0;3;22;7;10;2;3;3;0;2;1;1;0;1;2;1;3;3;76;17;12;124;0;9;1;0;2;2;1;1;0;1;2;1;5;1;0;0;0;2;1;0;1;2;2;0;0;0;0;1;0;0;0;0
2;"Miejskie Przedsiębiorstwo Zarządzania Nieruchomościami Sp. z o. o. w Morągu, ul. Wenecka 1, 14-300 Morąg";281508;"gm. Morąg";"ostródzki";"warmińsko-mazurskie";1;1;3;0;0;0;0;0;0;0;0;2;1;0;1;0;0;0;15;23;3;0;1;6;0;0;1;1;1;25;0;0;1;1;16;1;4;0;1;0;0;1;1;1;0;0;1;0;5;1;13;5;49;22;3;1;9;1;2;0;4;0;0;1;0;1;14;1;2;1;2;0;0;2;0;0;1;0;1;1;0;1;68;20;10;93;0;1;1;1;3;3;3;2;1;0;0;2;0;1;1;3;0;0;2;0;0;0;0;0;0;0;0;1;0;0;0;0
3;"Szkoła Podstawowa Nr 4 w Morągu, ul. Kajki 2, 14-300 Morąg";281508;"gm. Morąg";"ostródzki";"warmińsko-mazurskie";1;1;3;0;1;1;0;2;0;0;0;0;0;0;0;0;1;0;21;16;6;2;1;0;4;3;1;5;1;12;0;1;0;3;10;1;4;1;0;0;0;2;2;2;0;0;0;2;1;1;28;7;50;24;3;2;12;0;0;0;2;2;1;3;1;0;11;1;3;0;2;0;1;0;1;3;0;1;0;0;0;2;84;30;13;93;0;0;0;0;0;1;1;2;0;0;1;5;0;0;2;1;0;1;0;1;0;2;0;0;0;0;0;0;0;1;0;0
4;"Szkoła Podstawowa Nr 4 w Morągu, ul. Kajki 2, 14-300 Morąg";281508;"gm. Morąg";"ostródzki";"warmińsko-mazurskie";1;1;2;0;1;0;0;0;0;0;1;0;0;0;0;0;0;0;16;19;2;3;0;0;3;2;3;2;3;29;0;0;0;5;28;3;1;3;2;1;2;3;0;0;0;0;1;2;2;1;21;16;83;44;2;3;10;3;3;3;1;4;2;3;0;1;13;3;0;1;3;2;1;2;0;2;1;1;1;1;2;1;65;28;29;103;2;3;0;1;0;0;3;1;0;1;0;2;2;0;0;0;0;1;0;0;0;0;0;0;0;0;0;0;0;0;0;0
5;"Szkoła Podstawowa Nr 1 w Morągu, ul. Mickiewicza 25, 14-300 Morąg";281508;"gm. Morąg";"ostródzki";"warmińsko-mazurskie";1;1;3;0;0;1;0;1;0;0;0;0;0;0;0;0;0;1;11;15;1;0;0;0;0;3;2;2;1;7;1;0;0;1;18;5;1;1;1;0;0;1;1;0;0;0;0;3;0;0;23;5;37;15;5;1;10;2;3;1;4;0;5;2;1;4;7;0;3;0;0;0;0;0;0;1;0;0;0;0;1;1;50;17;15;74;0;2;2;0;0;0;1;0;1;0;0;0;2;0;0;0;0;1;0;0;0;0;0;1;1;0;0;0;0;0;0;0
6;"Zespół Szkół Licealnych w Morągu, ul. 11 Listopada 7A, 14-300 Morąg";281508;"gm. Morąg";"ostródzki";"warmińsko-mazurskie";1;1;2;0;1;0;0;0;2;0;0;1;0;0;0;0;0;0;14;12;5;0;0;0;2;0;0;1;1;19;0;1;0;5;8;3;5;1;0;1;0;0;0;0;1;0;1;3;2;0;23;8;57;24;3;0;14;1;4;0;4;4;2;6;1;1;9;1;0;0;0;0;1;0;0;1;2;0;0;0;0;1;56;16;24;89;2;3;0;0;0;2;0;0;0;1;0;1;1;1;1;0;0;0;0;0;0;0;0;0;0;0;0;0;1;0;0;0
7;"Ratusz w Morągu, pl. Pl. Jana Pawła II 1, 14-300 Morąg";281508;"gm. Morąg";"ostródzki";"warmińsko-mazurskie";1;1;3;0;2;1;0;0;0;1;0;1;0;0;0;0;0;0;18;9;7;2;2;0;3;3;1;2;0;5;0;0;0;0;14;2;4;3;0;0;0;2;0;1;0;0;0;0;4;1;23;10;73;18;2;2;10;3;2;0;1;0;4;5;0;7;8;1;3;0;0;0;0;2;0;0;0;3;1;0;0;1;56;12;18;63;4;4;1;2;1;0;1;0;0;0;0;2;2;0;1;1;0;1;0;0;1;2;0;0;0;0;0;0;0;0;0;0
8;"Szkoła Podstawowa Nr 4 w Morągu, ul. Krzywa 2, 14-300 Morąg";281508;"gm. Morąg";"ostródzki";"warmińsko-mazurskie";1;1;0;1;1;0;0;1;1;0;1;0;0;0;0;0;0;0;16;34;6;3;0;0;2;3;5;0;2;19;0;0;1;2;20;2;2;1;0;1;1;2;2;3;0;0;0;5;3;0;33;15;68;30;1;0;9;1;1;1;9;3;4;4;0;1;9;2;4;1;2;0;0;1;1;1;0;0;1;1;3;2;89;37;25;77;1;7;0;2;1;0;1;0;0;2;0;7;2;0;0;1;0;1;0;0;0;0;0;0;0;0;0;0;0;0;1;0
9;"Przedszkole Nr 2 w Morągu, ul. Armii Krajowej 15, 14-300 Morąg";281508;"gm. Morąg";"ostródzki";"warmińsko-mazurskie";1;1;2;1;0;0;0;1;0;1;0;0;0;0;0;0;0;0;11;18;7;0;0;0;2;1;1;1;1;10;1;0;0;3;17;2;0;1;0;0;0;1;0;0;0;0;0;7;3;0;23;10;56;22;3;1;8;4;0;2;6;0;1;1;0;1;7;2;0;1;3;0;0;0;0;1;0;0;0;0;2;3;58;20;13;75;1;5;0;0;1;0;5;0;0;0;1;1;1;0;3;0;0;0;0;0;0;1;2;0;0;0;0;0;0;0;0;0
10;"Świetlica Spółdzielni Mieszkaniowej ""Narie"" w Morągu, ul. Leśna 22, 14-300 Morąg";281508;"gm. Morąg";"ostródzki";"warmińsko-mazurskie";1;1;5;0;0;0;1;0;0;0;1;0;1;0;0;0;0;1;14;22;2;0;0;1;5;1;0;2;2;9;0;0;0;6;13;6;4;0;0;0;0;0;0;1;0;0;0;6;1;2;42;13;67;29;3;0;10;0;1;0;1;1;2;0;0;4;16;4;0;0;4;2;0;1;0;0;0;1;1;0;3;0;73;19;15;105;3;6;3;0;1;2;2;1;2;1;1;3;3;0;0;0;0;2;0;0;0;4;0;0;0;0;0;0;0;0;1;1
11;"Przedszkole Nr 6 w Morągu, ul. Pomorska 23, 14-300 Morąg";281508;"gm. Morąg";"ostródzki";"warmińsko-mazurskie";1;1;5;1;2;1;1;0;2;0;0;0;0;0;0;0;1;1;15;32;12;3;1;0;7;2;4;1;0;24;0;0;2;0;22;6;6;5;0;1;1;3;0;5;0;1;2;0;7;1;37;11;79;42;8;2;24;0;3;1;3;2;1;2;0;5;14;3;3;0;2;1;0;1;0;2;0;0;0;0;1;1;99;31;18;128;0;3;0;0;1;2;2;0;1;0;0;0;4;0;2;2;0;0;0;0;0;0;0;0;0;1;0;0;0;0;0;0
12;"Szkoła Podstawowa Nr 3 w Morągu, ul. Zygmunta Wróblewskiego 17, 14-300 Morąg";281508;"gm. Morąg";"ostródzki";"warmińsko-mazurskie";1;1;5;0;1;0;0;0;4;0;0;0;2;0;1;1;0;1;34;53;14;5;1;1;7;6;1;2;2;46;0;1;3;2;28;4;11;3;1;0;6;3;0;3;0;0;0;2;6;2;39;23;129;36;6;1;22;2;3;1;8;5;2;6;0;6;36;4;8;3;7;0;1;1;0;5;3;0;1;1;5;3;181;36;25;279;3;9;0;3;6;0;4;0;1;0;2;1;8;1;0;3;2;0;0;0;1;1;0;0;0;0;0;0;0;0;0;0
13;"Szkoła Podstawowa w Żabim Rogu, Żabi Róg 115A, 14-300 Morąg";281508;"gm. Morąg";"ostródzki";"warmińsko-mazurskie";1;1;2;0;0;0;0;1;1;0;0;0;0;0;0;0;0;1;11;14;5;4;0;0;1;3;4;1;0;19;2;0;1;1;15;4;7;0;1;0;3;0;0;1;0;0;1;0;1;1;31;26;53;37;0;2;13;2;5;2;3;0;5;0;0;4;16;3;2;1;5;0;0;0;0;2;1;0;1;1;1;0;54;10;4;77;0;0;4;1;2;0;1;1;0;2;0;1;3;0;0;0;0;0;0;0;2;0;0;0;1;0;0;0;1;0;0;1
14;"Świetlica w Zawrotach, Zawroty 17A, 14-300 Morąg";281508;"gm. Morąg";"ostródzki";"warmińsko-mazurskie";1;1;3;0;2;0;1;0;1;1;1;0;1;0;0;0;0;0;9;16;1;1;0;2;1;2;3;2;0;16;0;0;0;0;4;0;2;0;1;0;0;2;1;0;1;0;0;0;0;0;17;9;47;18;2;2;14;2;1;2;5;1;3;2;1;2;14;4;4;1;3;0;0;0;0;1;0;1;0;0;0;0;39;7;6;45;1;0;0;0;0;0;0;0;0;0;0;1;1;0;0;1;0;0;0;0;0;1;0;0;0;0;0;0;0;0;0;0
15;"Świetlica w Bramce, Bramka 66, 14-300 Morąg";281508;"gm. Morąg";"ostródzki";"warmińsko-mazurskie";1;1;0;0;0;0;0;0;0;0;0;0;0;0;0;0;0;0;7;70;1;0;0;1;2;0;0;1;0;4;0;0;0;1;6;2;5;1;0;0;0;0;0;1;0;0;0;0;1;3;24;10;51;12;1;2;9;1;2;2;5;0;15;2;2;3;5;2;3;1;2;0;0;0;1;0;0;0;1;0;3;1;38;2;4;35;0;5;0;0;1;0;0;0;0;0;2;1;1;0;1;0;0;0;0;0;2;0;0;0;0;0;0;0;0;0;0;0
16;"Świetlica w Słoneczniku, Słonecznik 30, 14-300 Morąg";281508;"gm. Morąg";"ostródzki";"warmińsko-mazurskie";1;1;2;0;0;1;0;0;0;0;0;1;0;0;0;0;0;0;15;26;4;3;1;2;2;1;4;1;2;6;0;0;0;1;15;1;6;3;0;0;0;0;0;0;0;0;0;1;1;3;22;7;76;13;3;1;14;2;0;0;4;0;6;2;0;12;17;2;0;2;9;0;0;2;0;2;0;1;0;0;2;0;28;3;10;110;0;1;1;1;1;0;0;1;0;0;2;0;0;1;2;1;0;0;0;0;0;0;0;0;0;1;0;1;1;0;1;0
17;"Miejska Biblioteka Publiczna w Morągu, ul. Ogrodowa 16, 14-300 Morąg";281508;"gm. Morąg";"ostródzki";"warmińsko-mazurskie";1;1;1;0;0;0;0;0;0;0;1;1;0;0;0;0;0;0;8;20;7;1;0;0;2;3;1;3;0;11;1;0;0;0;2;1;1;0;0;0;2;0;0;0;0;0;0;1;0;0;17;8;21;12;1;0;3;0;0;2;2;0;0;1;0;5;9;1;2;1;2;0;1;0;0;0;0;1;1;0;0;0;26;4;8;43;1;4;1;0;1;0;1;1;0;0;0;0;1;0;0;3;0;0;0;0;0;0;0;0;0;0;0;0;0;0;0;0
18;"Świetlica w Królewie, Królewo 42, 14-300 Morąg";281508;"gm. Morąg";"ostródzki";"warmińsko-mazurskie";1;1;0;0;0;1;0;1;1;0;0;0;0;0;0;0;0;0;7;14;1;1;0;0;3;1;2;0;0;2;0;0;0;0;5;0;0;0;1;0;0;2;0;0;0;0;0;0;0;0;4;2;28;9;1;0;6;3;0;1;4;0;1;0;0;0;3;0;1;0;0;0;0;1;0;0;0;0;0;0;0;0;14;1;1;12;0;0;1;0;0;0;0;0;0;1;0;0;0;0;0;0;0;0;0;0;0;0;0;0;0;0;0;0;0;0;0;0
19;"Szkoła Podstawowa w Łącznie, Łączno 48B, 14-300 Morąg";281508;"gm. Morąg";"ostródzki";"warmińsko-mazurskie";1;1;1;0;0;0;0;0;0;0;2;0;0;0;0;0;0;1;13;15;1;1;1;1;0;1;1;1;1;6;0;0;0;0;5;3;1;1;0;0;0;1;1;0;0;1;0;1;0;0;7;20;53;7;1;0;5;3;0;0;5;0;2;0;1;2;2;4;0;0;0;0;1;2;2;0;0;0;1;1;0;0;19;2;2;41;1;1;0;1;0;0;0;0;1;0;1;0;0;0;0;0;0;0;0;0;0;0;1;0;1;0;0;0;0;0;0;0
20;"Świetlica w Jurkach, Jurki 55A, 14-300 Morąg";281508;"gm. Morąg";"ostródzki";"warmińsko-mazurskie";1;1;1;0;1;0;0;1;0;0;1;1;0;0;1;0;0;0;10;25;4;2;1;1;3;5;2;0;1;9;1;0;1;1;12;1;5;4;0;0;0;1;1;0;0;0;0;0;0;0;35;4;57;32;6;2;10;2;1;2;4;3;1;3;0;12;16;2;2;1;0;1;0;3;0;2;0;0;0;0;0;1;16;3;6;38;0;5;0;0;0;1;0;0;0;0;1;1;1;0;1;2;2;0;0;0;0;0;0;1;0;0;0;0;0;1;0;0
21;"Świetlica w Bogaczewie, Bogaczewo 39A, 14-300 Morąg";281508;"gm. Morąg";"ostródzki";"warmińsko-mazurskie";1;1;1;1;0;0;0;0;0;1;1;0;0;0;0;0;0;0;5;43;3;0;1;0;0;3;1;0;1;16;0;0;0;2;9;6;4;2;3;0;0;0;1;0;0;0;0;1;3;1;12;2;29;25;1;0;4;0;1;0;1;0;1;2;0;4;9;1;4;0;1;1;1;0;1;0;0;1;0;0;0;1;39;2;5;40;1;2;1;1;0;0;0;1;0;0;1;0;1;0;0;0;0;0;0;0;0;2;0;0;0;0;0;0;0;0;0;0
22;"Świetlica Wiejska w Wilnowie, Wilnowo 22A, 14-300 Morąg";281508;"gm. Morąg";"ostródzki";"warmińsko-mazurskie";1;1;1;1;0;0;0;0;0;0;0;1;0;0;0;0;0;0;5;11;5;6;0;0;2;1;1;0;0;2;0;0;0;0;5;3;1;0;0;0;0;0;0;0;0;0;1;1;1;0;7;5;13;7;0;0;3;2;0;0;2;0;2;0;0;3;1;3;0;1;2;0;0;3;0;0;0;1;0;0;0;0;25;1;2;12;0;0;1;1;0;0;0;2;0;0;0;2;1;0;0;0;0;0;1;0;0;0;0;0;0;0;0;0;0;0;0;0
23;"Świetlica Wiejska w Bożęcinie, Bożęcin 13, 14-300 Morąg";281508;"gm. Morąg";"ostródzki";"warmińsko-mazurskie";1;1;1;0;0;0;0;0;0;0;0;0;0;0;0;0;0;0;3;17;0;0;0;0;0;1;0;0;0;3;0;0;0;0;0;0;1;0;0;0;0;0;0;1;0;0;0;0;0;0;4;1;22;9;6;0;1;0;2;1;5;0;0;1;0;0;0;0;0;0;1;0;0;2;1;0;0;1;0;0;0;0;4;0;0;5;0;1;1;1;0;0;0;0;1;0;0;0;0;0;0;0;0;0;0;0;2;0;0;0;0;0;0;0;0;0;0;0
24;"Świetlica Wiejska w Nowym Dworze, Nowy Dwór 5A, 14-300 Morąg";281508;"gm. Morąg";"ostródzki";"warmińsko-mazurskie";1;1;2;0;0;0;0;1;1;0;0;1;0;1;0;1;0;0;19;10;3;1;0;0;1;2;1;1;1;9;0;0;2;1;9;0;1;0;0;0;0;3;0;0;1;0;0;0;3;1;23;9;50;19;2;0;11;1;2;1;3;1;1;5;1;0;10;2;0;1;0;0;0;2;1;3;0;2;0;0;1;2;28;3;5;63;2;2;0;0;0;0;0;0;0;0;0;0;1;0;0;0;0;0;0;0;0;0;0;0;0;0;0;0;0;0;0;0
25;"Świetlica Wiejska w Chojniku, Chojnik 74A, 14-300 Morąg";281508;"gm. Morąg";"ostródzki";"warmińsko-mazurskie";1;1;1;0;1;0;0;0;0;0;0;0;0;0;0;0;0;1;2;18;0;2;0;0;0;0;1;2;0;5;0;0;0;0;1;0;0;0;1;0;0;0;1;0;0;0;0;0;0;1;9;1;42;7;1;0;3;1;2;0;3;0;1;2;0;1;4;1;1;0;2;0;0;0;0;0;0;0;0;0;0;2;17;1;2;19;2;2;0;0;0;0;0;0;0;1;0;1;1;2;0;0;0;0;0;0;0;0;1;0;0;0;0;0;0;0;0;0
26;"Świetlica Wiejska w Kalniku, Kalnik 16A, 14-300 Morąg";281508;"gm. Morąg";"ostródzki";"warmińsko-mazurskie";1;1;0;0;1;0;0;0;0;0;0;0;0;0;0;0;0;0;6;19;0;1;0;0;1;0;0;0;0;3;2;1;0;0;2;0;1;0;0;0;2;0;1;1;0;0;0;0;0;0;16;9;79;4;2;0;2;1;1;0;3;3;0;1;0;1;5;0;1;2;1;0;1;0;0;0;0;1;0;0;0;1;7;1;2;25;0;0;1;0;0;0;0;0;1;0;0;0;0;0;0;0;0;0;0;0;0;0;0;0;0;0;0;0;0;0;0;0
27;"Świetlica Wiejska w Markowie, Markowo 7, 14-300 Morąg";281508;"gm. Morąg";"ostródzki";"warmińsko-mazurskie";1;1;0;0;0;0;1;0;0;0;0;0;0;0;0;0;0;1;5;9;3;3;2;1;1;0;0;0;0;6;0;0;0;1;8;1;0;0;0;2;3;0;1;0;0;1;0;0;1;2;27;11;53;9;3;2;10;3;2;1;2;0;2;1;0;4;4;2;2;2;3;0;0;0;0;1;1;2;0;0;0;1;10;2;4;59;0;1;0;0;0;0;0;0;0;0;1;0;1;0;2;0;0;1;0;0;0;0;0;0;0;0;0;0;0;0;1;0
28;"Świetlica Wiejska w Maliniaku, Maliniak 1A, 14-300 Morąg";281508;"gm. Morąg";"ostródzki";"warmińsko-mazurskie";1;1;0;0;0;0;0;0;0;0;0;0;0;0;0;0;0;0;3;9;0;0;0;0;3;3;0;0;0;3;0;0;0;1;4;0;0;0;0;0;0;1;1;0;0;0;0;0;0;0;7;2;8;20;3;0;4;0;1;0;2;2;0;1;0;4;4;2;1;0;0;0;0;1;0;0;0;0;2;0;0;0;18;0;3;20;0;1;0;0;0;2;0;0;0;0;0;0;2;0;1;0;1;0;0;0;0;0;1;0;0;0;0;0;0;0;0;0
29;"Szpital Miejski w Morągu Sp. z o. o., ul. Generała Jana Henryka Dąbrowskiego 16, 14-300 Morąg";281508;"gm. Morąg";"ostródzki";"warmińsko-mazurskie";1;1;1;0;0;0;0;0;0;0;0;0;0;0;0;0;0;0;0;1;0;1;0;0;0;0;0;0;0;0;0;0;0;1;0;0;0;0;0;0;0;0;0;0;0;0;0;0;0;0;6;4;7;5;1;0;0;1;0;0;1;1;0;0;0;0;0;0;0;1;0;0;0;0;0;0;1;0;0;0;0;0;4;1;2;1;0;1;0;0;0;0;0;0;1;0;0;0;0;0;0;0;0;0;0;0;0;0;0;0;0;0;0;0;0;0;0;0
1;"Szkoła Podstawowa w Brzydowie, Brzydowo 27, 14-100 Ostróda";281509;"gm. Ostróda";"ostródzki";"warmińsko-mazurskie";1;1;1;0;0;0;1;0;2;0;0;0;0;0;0;0;0;0;6;11;4;0;0;0;3;1;1;1;0;0;0;0;0;0;0;78;0;0;0;0;0;0;0;0;0;0;0;0;0;1;15;9;72;22;3;2;0;1;0;3;3;1;1;3;0;2;11;0;2;2;7;1;1;1;0;1;1;4;0;0;0;2;15;1;27;5;2;1;0;1;3;0;0;0;0;0;0;0;4;0;2;4;0;0;0;0;0;0;0;0;0;0;0;0;0;0;0;0
2;"Szkoła Podstawowa w Durągu, Durąg 14, 14-106 Szyldak";281509;"gm. Ostróda";"ostródzki";"warmińsko-mazurskie";1;1;1;0;1;0;0;0;1;1;0;1;0;0;0;0;0;0;11;29;12;2;3;3;3;2;1;0;0;1;1;2;3;0;16;37;1;2;1;0;1;0;0;1;0;1;0;1;2;1;21;2;78;33;0;2;0;7;0;0;5;2;5;1;1;2;19;3;6;1;5;0;0;3;0;0;0;1;0;0;2;5;30;3;44;3;0;2;2;1;0;1;1;3;0;2;0;0;1;0;1;0;0;0;0;0;0;1;0;0;0;0;0;0;0;0;0;0
3;"Zespół Przedszkolno-Szkolny w Tyrowie, Tyrowo 41, 14-100 Ostróda";281509;"gm. Ostróda";"ostródzki";"warmińsko-mazurskie";1;1;0;0;0;2;1;0;2;0;1;1;0;0;0;0;0;1;15;8;15;2;5;5;3;1;7;2;3;0;0;0;0;5;15;13;3;1;4;4;2;1;0;0;0;0;1;0;0;4;19;17;53;20;2;2;5;6;0;4;5;1;5;1;0;2;9;3;3;6;9;0;0;1;1;0;0;2;0;0;1;1;53;2;77;5;1;4;2;1;0;1;0;0;1;1;0;2;3;2;3;2;2;1;0;0;0;5;1;0;1;0;0;0;0;0;0;1
4;"Zespół Szkół Rolniczych w Ostródzie, ul. Stefana Czarnieckiego 69, 14-100 Ostróda";281509;"gm. Ostróda";"ostródzki";"warmińsko-mazurskie";1;1;7;0;2;2;0;0;1;1;0;0;1;0;0;2;0;0;60;36;27;12;20;2;12;3;11;3;6;0;2;1;3;5;41;40;9;2;3;0;10;1;0;4;0;0;0;3;0;2;37;5;73;67;0;0;3;26;3;4;4;3;13;0;1;4;51;5;10;3;20;1;1;1;0;1;0;2;2;3;2;9;151;14;223;39;8;1;3;2;1;1;0;4;0;0;2;1;5;3;2;0;1;0;0;0;0;0;0;0;1;0;0;0;0;0;0;0
5;"Szkoła Podstawowa w Idzbarku, Idzbark ul. Niepodległości 1, 14-100 Ostróda";281509;"gm. Ostróda";"ostródzki";"warmińsko-mazurskie";1;1;1;0;0;1;0;1;0;0;1;0;0;0;0;1;0;1;17;10;2;4;6;3;1;1;4;3;1;0;1;1;1;1;17;8;4;0;3;1;6;0;0;0;0;1;2;1;1;1;12;6;55;12;3;2;1;6;2;3;7;2;11;2;0;4;14;2;6;4;6;0;0;0;0;2;0;0;0;0;0;0;34;9;72;6;1;3;0;0;0;0;0;3;0;0;0;1;1;0;0;0;1;0;0;0;0;1;0;0;0;0;0;1;0;0;0;0
6;"Szkoła Podstawowa w Zwierzewie, Zwierzewo 36, 14-100 Ostróda";281509;"gm. Ostróda";"ostródzki";"warmińsko-mazurskie";1;1;0;0;0;0;0;0;0;0;0;0;0;0;0;1;1;0;19;13;11;3;2;3;2;2;2;3;1;0;0;0;0;2;19;11;0;2;0;0;3;0;1;0;0;0;0;0;1;2;16;1;56;4;1;2;1;2;1;4;1;2;5;1;0;4;29;2;12;2;5;1;0;1;0;4;0;1;0;0;1;0;46;7;82;3;3;0;1;0;0;0;0;2;0;3;2;0;3;0;0;0;0;0;0;0;0;0;0;0;0;0;0;0;0;0;0;0
7;"Świetlica Wiejska w Starych Jabłonkach, ul. Olsztyńska 20, 14-133 Stare Jabłonki";281509;"gm. Ostróda";"ostródzki";"warmińsko-mazurskie";1;1;5;0;0;0;0;1;0;0;1;0;0;0;0;0;0;0;22;14;13;4;2;2;9;1;1;3;0;1;1;0;1;6;27;14;1;1;3;0;3;0;1;0;0;0;0;0;2;3;24;10;66;7;3;1;5;5;0;3;4;1;4;1;0;0;14;2;4;3;6;0;0;1;0;3;0;1;1;1;1;5;63;23;65;10;6;6;6;1;2;0;1;2;0;0;0;1;2;0;1;0;2;0;0;0;0;0;0;0;0;0;0;0;0;0;0;0
8;"Szkoła Podstawowa w Szyldaku, ul. Szkolna 12, 14-106 Szyldak";281509;"gm. Ostróda";"ostródzki";"warmińsko-mazurskie";1;1;2;0;2;1;0;0;0;0;0;0;0;1;0;0;0;0;18;9;4;4;2;0;1;0;0;11;1;2;0;0;0;0;11;7;1;1;1;1;1;2;0;2;0;0;1;1;0;2;20;7;64;25;2;2;3;4;1;0;9;0;3;1;0;0;5;1;1;1;7;0;1;6;1;0;0;2;0;0;0;2;33;0;36;11;1;0;0;1;0;0;0;2;0;0;1;0;1;1;0;0;2;0;0;0;0;0;0;0;0;0;0;0;0;0;0;0
9;"Gminne Centrum Kulturalno-Biblioteczne w Samborowie, Samborowo ul. Ostródzka 17, 14-100 Ostróda";281509;"gm. Ostróda";"ostródzki";"warmińsko-mazurskie";1;1;4;1;1;0;0;0;0;0;0;1;1;0;0;0;0;1;24;22;63;4;4;3;1;3;5;3;2;0;2;0;0;1;18;37;7;0;2;0;3;1;0;1;0;0;1;1;0;3;37;9;140;36;4;4;4;3;3;5;9;1;9;6;0;5;15;5;1;3;3;0;0;1;2;2;0;0;0;2;1;3;85;12;64;4;7;3;1;0;1;0;1;0;1;0;1;1;5;0;0;2;1;0;1;0;0;2;0;0;0;0;0;1;0;1;1;0
10;"Świetlica Wiejska w Turznicy, Turznica 23, 14-100 Ostróda";281509;"gm. Ostróda";"ostródzki";"warmińsko-mazurskie";1;1;1;0;1;0;0;0;2;1;0;0;0;0;0;0;0;0;12;15;8;0;0;0;2;1;0;0;1;1;1;0;0;0;6;25;4;1;0;0;0;0;0;0;0;0;0;0;0;0;13;2;54;23;0;0;2;2;0;2;5;0;2;3;0;1;20;5;1;1;4;0;0;1;0;0;0;0;2;0;1;3;23;1;18;3;8;1;1;0;0;1;0;0;0;0;0;0;2;1;0;0;0;1;0;0;0;0;1;0;0;0;0;0;1;0;0;0
11;"Świetlica Wiejska w Reszkach, Reszki 36, 14-100 Ostróda";281509;"gm. Ostróda";"ostródzki";"warmińsko-mazurskie";1;1;0;0;1;0;0;0;0;0;0;0;0;0;0;0;0;0;4;3;3;6;0;1;0;0;1;0;0;0;1;0;0;1;2;20;1;0;0;0;0;0;0;0;0;0;0;0;0;1;7;1;15;11;0;1;1;0;0;1;2;2;1;6;0;1;5;1;1;5;2;0;0;1;0;0;0;0;0;0;0;0;17;0;10;6;5;0;0;0;0;0;0;0;0;0;0;1;0;0;0;0;0;0;0;0;0;0;0;0;0;0;0;0;0;0;0;0
12;"Szkoła Podstawowa w Lipowie, Lipowo 16, 14-100 Ostróda";281509;"gm. Ostróda";"ostródzki";"warmińsko-mazurskie";1;1;0;0;1;1;0;1;0;0;0;0;0;0;0;1;0;0;7;13;1;3;2;2;3;0;0;1;0;1;0;0;0;0;2;13;1;0;1;3;3;0;0;0;0;0;0;0;0;1;21;5;41;20;1;2;5;1;1;1;2;0;2;5;0;0;9;2;5;2;1;0;0;0;0;0;0;0;0;0;1;3;20;7;7;5;3;0;2;0;1;0;0;0;0;0;0;0;0;0;0;0;0;0;1;0;0;0;0;0;0;0;0;1;0;0;0;0
13;"Świetlica Wiejska w Pietrzwałdzie, Pietrzwałd 20b, 14-100 Ostróda";281509;"gm. Ostróda";"ostródzki";"warmińsko-mazurskie";1;1;2;0;0;0;1;0;0;1;1;1;1;0;0;0;0;0;16;17;6;7;1;2;6;2;0;3;3;5;0;1;1;0;7;16;2;0;0;1;1;2;2;0;0;0;0;0;0;1;17;3;104;23;3;3;0;1;0;6;4;3;2;4;0;2;8;0;0;3;2;1;0;1;1;2;0;0;0;0;0;4;31;2;16;6;3;0;1;0;0;1;0;0;1;1;1;1;2;0;0;0;0;0;0;0;1;0;0;0;0;0;0;0;0;0;0;0
14;"Środowiskowy Dom Samopomocy w Wygodzie, Wygoda 10, 14-120 Dąbrówno";281509;"gm. Ostróda";"ostródzki";"warmińsko-mazurskie";1;1;4;0;2;0;0;0;0;0;0;0;0;0;0;0;0;0;8;43;5;5;5;0;2;0;4;1;1;0;0;0;0;4;6;8;3;0;1;0;0;0;1;0;0;0;0;0;1;0;19;6;52;39;3;1;3;3;0;3;8;0;1;0;0;0;8;0;3;8;2;0;0;2;0;0;0;0;0;0;0;5;21;6;5;1;4;3;0;1;0;0;3;1;0;1;0;0;0;0;0;1;0;0;0;0;0;1;0;0;0;0;0;0;0;0;0;0
15;"Gminny Ośrodek Pomocy Społecznej w Ostródzie, ul. 11 Listopada 39, 14-100 Ostróda";281509;"gm. Ostróda";"ostródzki";"warmińsko-mazurskie";1;1;0;0;2;0;0;0;1;0;0;0;0;0;0;0;0;1;26;8;6;3;2;0;4;0;1;3;1;3;0;0;0;1;12;10;6;2;0;0;1;0;1;3;0;0;0;0;1;0;9;2;44;18;0;1;4;2;0;2;2;0;6;0;0;0;7;2;3;3;5;0;0;0;1;1;0;1;1;0;1;2;56;6;62;15;3;4;2;0;1;0;0;2;0;1;0;2;0;0;0;0;1;0;0;0;0;0;0;0;0;1;0;0;0;0;0;4
16;"Świetlica Wiejska w Ornowie, Ornowo 9AC, 14-100 Ostróda";281509;"gm. Ostróda";"ostródzki";"warmińsko-mazurskie";1;1;3;0;0;1;1;0;0;0;0;0;0;0;0;0;0;1;4;7;1;0;1;0;0;0;0;6;3;0;0;0;0;0;3;17;0;0;0;0;1;0;0;0;0;0;0;0;0;0;11;5;12;10;8;0;1;1;1;1;7;0;2;1;1;1;3;0;0;1;1;0;0;0;0;1;0;0;0;0;1;2;11;0;9;0;3;0;0;0;0;0;0;0;0;0;0;0;0;0;0;0;0;0;0;0;0;0;0;0;0;0;0;0;0;0;0;0
17;"Świetlica Wiejska w Grabinku, Grabinek 22B, 14-100 Ostróda";281509;"gm. Ostróda";"ostródzki";"warmińsko-mazurskie";1;1;1;0;0;0;0;0;0;0;0;0;0;0;0;1;1;0;14;22;8;3;2;4;0;0;2;2;3;0;0;0;0;2;6;10;1;1;1;0;0;1;0;0;1;0;0;0;1;0;8;1;26;5;3;0;0;4;0;1;1;0;1;1;0;3;5;1;1;0;6;0;0;0;0;1;0;0;0;0;1;0;16;2;21;6;1;1;0;0;0;0;0;0;0;1;0;0;1;0;0;0;0;0;0;0;0;0;0;0;0;0;0;0;0;0;0;0
18;"Świetlica Wiejska w Lubajnach, Lubajny 44, 14-100 Ostróda";281509;"gm. Ostróda";"ostródzki";"warmińsko-mazurskie";1;1;0;0;0;0;0;0;0;0;0;0;0;0;0;0;0;1;11;4;5;2;5;2;2;0;5;2;1;1;0;0;1;1;5;9;8;0;0;1;3;0;0;0;0;0;0;0;0;1;9;1;25;25;2;4;1;2;0;1;2;0;1;1;0;3;11;0;2;1;5;0;0;1;2;0;0;0;0;0;4;2;46;9;54;6;0;2;0;1;1;0;0;0;0;1;1;1;3;0;0;0;0;1;0;0;0;0;1;0;0;1;0;0;0;0;0;0
19;"Świetlica Wiejska w Ostrowinie, Ostrowin 20, 14-100 Ostróda";281509;"gm. Ostróda";"ostródzki";"warmińsko-mazurskie";1;1;0;0;0;1;0;0;0;0;0;0;0;0;0;0;0;0;9;4;0;1;1;0;2;1;2;0;0;0;1;0;0;0;3;2;0;0;3;0;1;1;0;1;0;0;1;0;1;0;4;2;32;7;1;0;1;1;1;1;3;2;1;0;0;2;5;0;0;0;0;0;0;0;0;0;1;0;1;0;0;1;9;0;6;3;2;0;0;1;0;0;0;0;0;0;0;0;1;1;0;0;6;0;0;0;3;0;1;0;0;0;0;1;0;0;0;0
20;"Świetlica Wiejska w Smykówku, Smykówko 22A, 14-100 Ostróda";281509;"gm. Ostróda";"ostródzki";"warmińsko-mazurskie";1;1;1;0;0;0;0;0;0;0;0;0;0;1;0;1;0;2;10;4;5;2;0;1;0;0;0;1;0;1;0;0;0;3;2;9;1;0;0;0;0;0;0;0;0;0;0;1;1;0;9;6;57;8;2;1;1;4;0;2;3;0;0;2;0;1;16;3;1;0;1;1;0;0;0;0;0;1;0;1;1;1;6;1;5;1;1;0;1;0;0;0;0;2;0;0;0;0;1;0;0;0;0;0;0;0;0;0;0;0;0;1;0;0;0;0;0;0
21;"Świetlica Wiejska w Międzylesiu, Międzylesie ul. Lipowa 7A, 14-100 Ostróda";281509;"gm. Ostróda";"ostródzki";"warmińsko-mazurskie";1;1;0;0;1;0;0;0;0;0;0;0;0;0;0;1;0;3;17;11;2;0;0;2;1;0;1;0;0;1;3;1;0;1;12;6;2;0;0;0;1;0;0;0;0;0;0;0;0;0;6;2;18;9;2;0;1;1;0;0;1;0;2;1;1;1;10;3;1;0;1;0;0;0;0;0;1;0;0;0;0;1;37;4;50;12;4;0;0;0;0;0;0;0;0;0;0;1;2;0;1;1;2;0;0;0;0;0;0;0;0;0;0;0;0;0;0;0
1;"Ośrodek Rehabilitacyjno-Edukacyjno-Wychowawczy Koło PSONI w Elblągu, ul. Szarych Szeregów 32, 82-300 Elbląg";286101;"m. Elbląg";"Elbląg";"warmińsko-mazurskie";1;1;3;0;2;2;0;1;0;0;3;2;0;0;0;0;1;0;38;14;15;3;2;1;9;2;6;4;21;7;0;10;0;12;91;6;10;11;11;0;0;1;1;1;0;0;1;2;2;2;64;107;174;30;1;1;0;3;0;1;6;0;1;0;0;3;24;9;6;2;5;0;1;6;0;0;3;1;2;0;1;3;143;150;18;16;1;6;3;2;3;0;144;3;7;1;1;4;10;0;1;0;1;0;0;0;0;3;2;0;0;1;0;0;0;1;0;0
2;"Szkoła Podstawowa Nr 9, ul. Józefa Wybickiego 20, 82-300 Elbląg";286101;"m. Elbląg";"Elbląg";"warmińsko-mazurskie";1;1;7;1;0;0;0;0;0;0;0;0;0;0;0;0;0;1;36;10;11;5;1;2;10;2;5;2;10;0;3;5;4;13;66;3;8;13;6;0;1;1;2;0;0;0;0;0;0;0;71;92;273;24;4;2;3;3;0;2;6;1;1;1;1;2;23;1;7;0;2;0;4;4;0;1;0;0;0;0;1;2;119;149;9;10;4;4;1;1;2;1;143;1;5;0;0;3;5;1;1;0;0;1;2;1;0;3;0;2;0;0;0;0;0;0;1;1
3;"Szkoła Podstawowa Nr 18, ul. Węgrowska 1, 82-300 Elbląg";286101;"m. Elbląg";"Elbląg";"warmińsko-mazurskie";1;1;1;1;0;1;0;1;0;1;1;0;1;0;0;0;0;0;22;11;5;4;0;0;10;1;2;1;7;6;1;1;2;4;48;2;5;5;4;0;3;0;0;0;0;0;1;0;1;0;62;60;149;17;3;1;1;1;1;0;6;2;2;1;0;5;13;1;4;1;1;3;1;0;1;1;3;1;1;0;4;2;84;102;5;8;2;1;1;5;1;0;113;3;7;1;0;2;3;4;1;0;1;0;0;2;0;1;2;0;1;0;0;0;0;0;0;0
4;"Przedszkole Nr 21, ul. Wiejska 6, 82-300 Elbląg";286101;"m. Elbląg";"Elbląg";"warmińsko-mazurskie";1;1;2;0;0;3;0;0;1;0;1;0;2;1;0;0;0;0;45;19;19;4;0;1;9;1;4;5;11;4;2;2;2;13;53;0;10;4;15;0;1;1;3;1;0;0;1;2;3;0;61;102;197;23;0;1;4;1;2;1;9;2;0;2;0;4;24;2;3;0;1;1;6;4;2;0;1;2;4;1;0;3;84;157;5;6;5;1;0;2;4;1;195;0;3;1;1;4;2;0;0;1;1;1;1;3;0;0;1;1;0;0;1;0;0;1;0;0
5;"Spółdzielnia Mieszkaniowa ""Zakrzewo"", ul. Robotnicza 246, 82-300 Elbląg";286101;"m. Elbląg";"Elbląg";"warmińsko-mazurskie";1;1;6;1;1;0;1;1;1;1;0;0;1;0;1;0;0;2;33;27;14;4;1;0;13;1;5;4;9;1;1;7;1;10;73;5;7;13;11;1;1;4;1;1;0;0;1;2;0;4;57;82;175;13;2;2;5;2;2;1;7;2;0;0;0;1;14;4;2;0;6;0;2;1;4;0;0;1;0;1;1;0;103;150;9;17;3;4;1;1;7;1;165;3;2;3;0;3;5;1;1;0;1;0;1;1;2;2;1;0;0;0;0;0;0;0;0;2
6;"Szkoła Podstawowa Nr 18, ul. Węgrowska 1, 82-300 Elbląg";286101;"m. Elbląg";"Elbląg";"warmińsko-mazurskie";1;1;2;0;0;1;2;0;0;0;0;0;0;0;0;0;0;3;70;18;22;5;0;1;13;1;4;7;12;2;1;8;4;13;55;4;12;11;13;0;1;0;0;0;0;0;1;2;0;5;50;52;138;5;3;0;2;1;1;0;2;1;1;5;0;1;36;4;5;0;2;0;1;4;5;0;3;1;2;3;2;2;125;154;10;10;1;5;4;2;2;7;115;1;8;1;1;5;13;0;0;1;1;0;3;0;1;1;0;1;1;0;0;1;0;0;0;1
7;"Zespół Szkół Inżynierii Środowiska i Usług, ul. Obrońców Pokoju 44, 82-300 Elbląg";286101;"m. Elbląg";"Elbląg";"warmińsko-mazurskie";1;1;1;0;1;0;0;0;1;0;0;0;0;0;0;0;0;0;12;5;2;1;0;2;2;0;1;1;9;0;2;0;1;3;35;3;3;2;2;0;2;0;2;0;0;0;1;1;1;0;24;50;61;7;0;2;0;0;1;0;7;2;1;0;0;1;20;0;2;0;1;0;2;2;0;1;0;1;0;0;0;0;53;52;3;12;1;9;1;2;3;1;28;0;3;1;1;2;1;2;0;0;0;0;0;0;0;1;0;0;0;0;0;0;0;0;1;0
8;"Szkoła Podstawowa Nr 18, ul. Węgrowska 1, 82-300 Elbląg";286101;"m. Elbląg";"Elbląg";"warmińsko-mazurskie";1;1;4;1;0;0;2;0;1;1;1;0;0;0;0;0;1;3;35;21;6;2;1;4;8;0;6;1;8;3;0;5;1;4;89;3;5;12;9;0;2;0;1;2;1;0;2;0;1;1;44;70;151;8;0;2;4;0;0;0;4;2;1;2;1;1;13;5;3;0;8;0;1;2;0;2;1;0;1;0;1;3;99;134;4;5;3;7;3;1;1;2;138;2;4;4;1;5;2;0;1;0;0;2;1;1;0;0;2;1;2;0;0;0;0;1;0;0
9;"Świetlica w Próchniku, ul. Strumykowa 35, 82-300 Elbląg";286101;"m. Elbląg";"Elbląg";"warmińsko-mazurskie";1;1;2;1;0;0;1;0;1;0;0;1;0;0;0;0;0;1;43;18;2;3;2;1;6;0;3;1;2;0;0;3;2;11;31;5;4;3;3;0;0;2;0;1;0;0;0;0;0;0;22;24;54;5;1;2;0;0;1;0;1;0;0;0;0;1;17;1;2;0;3;0;0;2;0;1;0;1;0;0;2;1;56;90;1;5;1;0;0;0;1;0;36;2;0;0;1;5;4;0;0;0;1;0;0;0;1;1;0;0;0;0;1;0;0;0;0;0
10;"Szkoła Podstawowa Nr 11, ul. Janusza Korczaka 34, 82-300 Elbląg";286101;"m. Elbląg";"Elbląg";"warmińsko-mazurskie";1;1;2;1;1;0;3;0;1;0;1;0;0;0;0;0;1;0;41;17;16;0;3;1;9;1;9;5;8;0;0;3;2;8;48;2;10;1;7;0;2;2;0;0;1;1;2;1;1;6;39;73;147;16;1;0;4;1;0;1;2;1;0;2;0;2;17;2;2;0;1;0;0;1;0;1;3;0;1;1;0;0;98;148;8;7;0;5;0;5;2;0;84;0;4;5;0;3;8;0;1;0;2;1;0;0;1;0;0;2;0;0;1;0;0;1;0;0
11;"Szkoła Podstawowa Nr 11, ul. Janusza Korczaka 34, 82-300 Elbląg";286101;"m. Elbląg";"Elbląg";"warmińsko-mazurskie";1;1;8;0;4;1;1;1;1;1;1;0;0;0;0;0;0;1;61;20;11;4;1;2;12;1;7;4;9;1;3;8;1;11;70;5;9;10;8;0;1;1;0;1;0;0;0;0;0;0;70;102;185;15;3;1;3;1;0;0;2;0;1;1;0;6;28;3;5;3;1;2;2;5;2;3;0;1;0;1;3;2;128;170;3;4;3;8;1;1;5;1;91;0;8;1;1;3;6;0;2;1;1;1;1;0;0;0;0;0;0;0;0;1;0;1;0;0
12;"Przedszkole Nr 24, ul. Jana Brzechwy 5, 82-300 Elbląg";286101;"m. Elbląg";"Elbląg";"warmińsko-mazurskie";1;1;3;0;4;2;0;2;1;0;0;0;0;0;0;0;0;1;54;40;25;6;1;2;12;1;6;3;13;1;3;17;2;12;92;2;11;14;15;2;1;1;1;1;1;0;0;1;1;1;90;94;266;39;4;1;3;1;0;0;3;0;0;4;1;5;43;4;1;0;4;0;3;1;2;2;1;0;3;0;2;1;141;233;3;12;7;13;2;3;2;4;169;0;9;4;2;8;1;1;6;2;1;0;0;0;1;0;0;3;0;0;0;1;1;0;0;0
13;"Przedszkole Nr 24, ul. Jana Brzechwy 5, 82-300 Elbląg";286101;"m. Elbląg";"Elbląg";"warmińsko-mazurskie";1;1;4;0;0;3;0;1;2;0;0;0;0;0;0;0;0;0;95;42;26;7;1;2;30;1;2;9;8;3;0;6;2;11;102;8;10;23;17;1;1;0;1;1;0;0;0;0;3;2;61;95;197;27;2;2;4;0;1;1;3;0;0;0;0;7;53;16;6;0;5;0;4;0;0;2;4;6;1;0;2;0;215;255;12;23;3;15;5;8;8;2;164;0;12;1;1;3;6;1;7;0;1;0;0;0;0;2;0;1;0;0;0;0;0;1;0;0
14;"Szkoła Podstawowa Nr 15, ul. Modlińska 39, 82-300 Elbląg";286101;"m. Elbląg";"Elbląg";"warmińsko-mazurskie";1;1;4;1;0;1;1;0;1;0;1;1;1;0;0;0;0;3;84;29;19;5;1;5;6;3;8;11;12;2;1;9;5;9;105;8;9;7;12;0;4;3;2;0;1;2;1;1;1;5;58;107;225;21;4;1;5;0;0;1;5;0;0;2;1;5;38;9;8;2;2;3;9;4;2;1;1;2;4;1;0;2;167;242;5;15;3;19;2;3;6;6;134;2;7;0;1;3;4;0;1;1;0;0;0;0;1;1;1;0;1;0;0;1;2;0;0;1
15;"Szkoła Podstawowa Nr 15, ul. Modlińska 39, 82-300 Elbląg";286101;"m. Elbląg";"Elbląg";"warmińsko-mazurskie";1;1;9;1;1;0;0;2;0;0;0;0;0;0;0;1;0;0;58;29;25;3;0;2;9;4;2;9;14;4;1;6;2;6;76;1;3;8;11;0;2;1;2;1;0;0;0;2;4;7;57;76;166;11;0;3;6;2;1;1;5;2;0;1;0;4;39;3;1;1;2;0;3;3;2;2;1;0;4;1;2;1;164;207;7;14;2;10;1;4;7;2;91;4;6;3;0;10;4;1;3;0;0;2;3;0;0;1;2;2;0;0;0;0;1;0;1;1
16;"Przedszkole Niepubliczne ""Wiki"", ul. Częstochowska 5, 82-300 Elbląg";286101;"m. Elbląg";"Elbląg";"warmińsko-mazurskie";1;1;7;1;0;2;2;0;3;0;0;0;1;0;0;0;1;1;45;26;14;11;0;0;9;2;8;4;13;1;0;11;1;5;62;8;10;17;8;0;3;0;0;2;1;0;0;0;0;3;61;88;218;16;2;0;3;2;1;0;2;1;1;3;0;2;36;7;4;2;3;1;3;3;1;2;1;2;1;0;2;1;170;213;3;20;9;11;2;4;2;7;92;3;12;4;0;4;5;1;0;0;0;0;1;0;0;0;0;1;0;0;0;1;1;1;0;1
17;"NZOZ Młodzieżowy Ośrodek Terapeutyczny KARAN ""Dom Zacheusza"", ul. Królewiecka 197, 82-300 Elbląg";286101;"m. Elbląg";"Elbląg";"warmińsko-mazurskie";1;1;7;0;1;1;1;0;0;0;1;0;2;0;0;0;0;1;72;25;12;2;1;0;14;2;5;7;7;0;0;11;4;8;57;10;7;9;5;0;2;1;0;0;0;2;0;0;0;1;43;48;134;29;1;0;4;2;0;0;2;0;0;2;1;1;29;2;4;3;1;0;5;2;0;3;0;1;1;0;1;2;130;203;4;11;6;5;1;8;1;4;66;4;6;0;0;3;9;0;6;0;0;0;1;0;0;0;0;1;0;0;0;0;0;0;0;1
18;"Przedszkole Niepubliczne ""Bajka"", ul. Lubraniecka 19, 82-300 Elbląg";286101;"m. Elbląg";"Elbląg";"warmińsko-mazurskie";1;1;6;0;3;1;1;0;1;0;1;0;0;0;0;1;0;2;43;22;15;1;1;4;8;3;6;5;8;2;2;2;0;6;69;9;9;6;7;1;3;2;0;1;0;1;1;4;0;3;65;94;198;10;2;1;4;4;3;2;1;0;0;1;0;6;30;6;1;1;2;1;4;5;2;2;3;1;0;1;2;0;112;157;3;10;2;7;2;4;5;2;80;1;5;2;1;1;4;0;1;0;0;1;0;0;1;2;0;1;0;0;0;1;0;0;0;0
19;"Zespół Szkół Zawodowych Nr 1, ul. Robotnicza 173, 82-300 Elbląg";286101;"m. Elbląg";"Elbląg";"warmińsko-mazurskie";1;1;3;0;0;0;0;1;2;0;0;2;1;1;0;0;2;0;48;21;10;4;1;0;11;2;4;4;7;2;3;3;1;10;91;4;6;17;8;0;1;1;0;1;0;0;2;0;3;2;61;58;132;14;1;0;4;0;1;1;3;2;0;1;0;0;40;3;2;0;4;2;1;3;0;1;2;3;0;2;1;1;147;183;7;12;4;2;0;2;0;1;104;1;7;3;0;6;5;0;1;0;2;0;1;0;0;1;0;0;0;1;0;0;1;1;0;0
20;"Zespół Szkół Zawodowych Nr 1, ul. Robotnicza 173, 82-300 Elbląg";286101;"m. Elbląg";"Elbląg";"warmińsko-mazurskie";1;1;7;1;4;2;2;1;1;1;1;3;0;0;1;0;2;0;61;26;15;5;4;3;8;2;2;1;5;1;3;7;2;4;61;7;7;11;12;2;1;0;2;1;1;0;0;0;1;2;52;103;164;15;1;1;3;0;0;0;4;0;1;1;0;3;34;5;4;0;1;1;1;5;1;2;0;1;2;1;4;1;139;171;7;12;3;11;1;1;4;6;84;3;7;1;0;7;2;2;3;0;2;0;1;0;0;0;2;1;0;0;0;1;0;0;0;0
21;"Szkoła Podstawowa Nr 1, ul. Ignacego Daszyńskiego 1, 82-300 Elbląg";286101;"m. Elbląg";"Elbląg";"warmińsko-mazurskie";1;1;9;0;1;0;0;0;3;1;1;0;0;0;2;1;0;0;55;16;12;5;1;3;13;2;10;5;14;2;3;3;3;9;81;7;7;7;12;0;1;1;5;1;0;2;0;1;2;5;48;68;185;11;0;0;4;0;0;1;8;3;1;0;0;3;40;5;9;0;3;0;4;3;0;2;0;1;3;1;4;5;135;163;9;6;4;12;1;5;5;3;85;2;7;1;0;2;5;2;2;1;0;1;0;0;0;2;0;3;0;0;1;0;0;0;0;0
22;"Szkoła Podstawowa Nr 1, ul. Ignacego Daszyńskiego 1, 82-300 Elbląg";286101;"m. Elbląg";"Elbląg";"warmińsko-mazurskie";1;1;7;2;0;1;1;1;1;0;1;0;0;0;1;1;0;0;48;24;17;10;0;0;17;0;6;2;10;3;1;4;2;7;71;6;5;12;12;1;2;1;3;1;0;0;1;1;2;1;67;83;194;16;4;3;2;1;1;1;7;3;0;6;0;5;31;3;2;1;5;0;4;2;0;4;2;0;0;0;3;5;149;214;2;12;4;9;3;5;2;6;74;1;23;3;0;11;6;0;2;0;1;0;1;1;0;1;0;2;0;0;0;1;0;0;0;1
23;"Przedszkole Nr 23, ul. Pułkownika Stanisława Dąbka 49, 82-300 Elbląg";286101;"m. Elbląg";"Elbląg";"warmińsko-mazurskie";1;1;4;1;1;1;0;1;0;1;1;0;1;0;0;0;0;1;40;27;9;3;2;1;5;0;8;1;5;2;1;4;5;3;41;7;7;16;6;2;2;1;0;3;0;0;2;2;1;1;43;79;149;22;3;1;2;2;0;1;2;0;0;1;0;1;13;5;1;0;3;0;2;3;0;3;1;0;0;2;0;0;115;155;3;5;1;8;1;2;5;1;66;3;7;0;0;3;5;0;1;0;3;1;0;2;0;0;2;0;0;1;0;0;0;0;1;1
24;"Świetlica ESM ""Sielanka"", ul. Gwiezdna 26/27, 82-300 Elbląg";286101;"m. Elbląg";"Elbląg";"warmińsko-mazurskie";1;1;5;1;1;0;1;0;0;0;0;0;0;0;0;1;0;1;42;26;14;2;3;3;7;0;4;0;8;2;1;3;1;11;70;3;3;18;10;2;2;2;4;2;0;0;0;5;0;5;58;82;200;23;2;0;3;3;3;0;5;5;0;0;1;2;36;4;5;0;3;0;2;6;0;2;0;2;2;1;3;2;124;147;10;13;1;16;4;6;4;0;72;1;12;0;0;2;4;0;0;2;0;0;0;0;0;0;1;0;0;0;0;0;0;0;0;1
25;"III Liceum Ogólnokształcące, ul. Browarna 1, 82-300 Elbląg";286101;"m. Elbląg";"Elbląg";"warmińsko-mazurskie";1;1;8;2;1;1;2;1;0;1;0;0;0;1;0;0;0;0;35;22;7;4;0;1;5;2;7;3;10;5;3;5;1;10;50;8;7;4;11;0;2;1;3;0;0;0;2;1;1;1;65;79;178;11;2;3;2;2;1;2;4;1;2;3;0;2;31;4;8;3;4;0;4;4;2;0;3;2;4;2;3;0;114;114;7;13;6;10;3;3;3;5;54;4;6;3;0;3;2;0;0;0;1;0;0;1;0;0;1;0;1;0;1;0;0;0;0;0
26;"Szkoła Podstawowa Nr 6, al. Aleja Józefa Piłsudskiego 4, 82-300 Elbląg";286101;"m. Elbląg";"Elbląg";"warmińsko-mazurskie";1;1;4;4;1;0;0;0;0;0;0;1;0;0;0;0;0;1;47;17;19;9;1;0;12;2;6;5;3;1;1;7;9;4;85;7;7;17;17;0;4;0;2;2;0;0;1;1;1;1;40;75;136;14;1;0;2;1;0;0;7;1;0;1;0;3;31;5;5;0;1;0;4;2;0;0;1;2;1;1;1;0;134;184;17;24;0;3;2;1;2;4;58;4;6;3;0;8;5;0;1;0;1;0;0;2;0;1;1;0;0;0;0;2;0;0;0;1
27;"Zespół Szkół Gospodarczych, ul. Królewiecka 128, 82-300 Elbląg";286101;"m. Elbląg";"Elbląg";"warmińsko-mazurskie";1;1;2;0;1;1;0;1;0;0;0;0;1;0;0;0;0;4;43;17;16;3;1;1;7;1;1;1;10;1;0;10;1;10;76;2;18;21;5;1;2;0;1;3;1;1;0;4;2;3;37;73;102;8;2;1;6;0;2;0;2;2;0;2;0;3;32;7;5;0;0;0;0;6;0;1;2;1;1;1;0;2;160;188;6;19;6;6;6;2;4;7;75;4;4;1;1;5;10;0;6;0;0;0;1;0;0;1;0;0;0;1;0;0;0;0;4;0
28;"Szkoła Podstawowa Nr 19 z Oddziałami Dwujęzycznymi, ul. Urocza 4, 82-300 Elbląg";286101;"m. Elbląg";"Elbląg";"warmińsko-mazurskie";1;1;3;1;0;1;1;1;0;0;1;1;0;0;0;0;0;1;49;15;9;8;2;1;9;5;6;2;6;2;1;2;1;1;53;3;12;6;13;1;1;0;3;2;0;1;0;2;2;1;29;74;145;14;0;4;3;1;0;1;1;0;1;0;0;1;18;5;7;1;3;0;0;0;1;0;2;1;0;0;1;2;118;161;1;13;3;12;1;2;1;8;48;0;11;3;0;5;0;0;1;0;0;0;0;0;0;1;1;0;0;0;1;0;0;0;0;1
29;"Specjalny Ośrodek Szkolno-Wychowawczy Nr 1, ul. Mikołaja Kopernika 27, 82-300 Elbląg";286101;"m. Elbląg";"Elbląg";"warmińsko-mazurskie";1;1;0;0;0;1;0;1;0;0;0;0;0;0;0;0;0;1;38;20;7;4;0;2;9;0;3;1;3;0;1;0;5;8;49;1;6;11;10;1;4;0;0;2;0;0;0;0;2;4;47;63;135;19;4;5;3;1;2;0;2;0;1;5;0;3;25;4;2;0;5;3;5;2;0;0;2;0;2;1;4;1;129;116;3;7;2;6;2;1;5;4;36;2;7;4;0;4;2;2;2;0;0;0;0;1;0;0;0;0;0;0;0;1;0;0;0;1
30;"Dom Pomocy Społecznej ""Niezapominajka"", ul. Toruńska 17, 82-300 Elbląg";286101;"m. Elbląg";"Elbląg";"warmińsko-mazurskie";1;1;1;0;0;0;0;0;0;0;0;1;0;0;0;0;0;0;3;0;0;0;0;0;1;0;0;0;1;0;0;0;0;0;5;0;1;0;0;0;0;1;0;1;0;0;0;0;0;1;6;10;3;1;1;0;1;2;1;1;1;0;0;0;0;2;3;0;0;0;0;0;1;0;0;0;0;0;0;0;0;0;3;1;0;0;0;1;0;0;0;0;0;0;0;0;0;1;0;0;0;0;0;0;1;0;0;1;0;0;0;0;0;0;0;0;0;2
31;"Szkoła Podstawowa nr 12, ul. Wojciecha Zajchowskiego 12, 82-300 Elbląg";286101;"m. Elbląg";"Elbląg";"warmińsko-mazurskie";1;1;3;1;2;0;0;0;1;0;0;0;0;0;0;1;0;0;34;14;6;4;2;1;12;3;3;1;9;2;0;3;5;6;42;5;4;13;6;1;0;1;1;1;0;0;1;1;0;1;46;63;104;17;2;2;5;2;1;0;4;0;1;3;1;4;18;7;1;1;0;2;1;2;1;1;0;0;1;0;0;0;123;121;6;10;0;4;3;3;3;1;54;4;6;0;1;1;6;0;3;0;0;0;1;0;0;0;1;1;1;0;0;1;0;0;0;0
32;"Zespół Szkół i Placówek Sportowych IV Liceum Ogólnokształcące, ul. Henryka Sienkiewicza 4, 82-300 Elbląg";286101;"m. Elbląg";"Elbląg";"warmińsko-mazurskie";1;1;3;0;1;0;1;1;0;0;1;1;0;0;0;0;0;0;45;23;16;2;0;1;7;0;5;0;11;1;0;7;1;12;46;3;10;8;5;0;2;3;0;1;0;0;1;2;4;0;59;76;116;14;0;4;2;1;2;0;2;1;0;1;0;2;33;8;6;0;2;0;5;7;2;1;0;1;1;0;2;2;116;137;4;16;0;11;3;4;4;8;85;1;13;5;2;1;5;1;1;0;2;1;0;2;0;1;1;0;0;0;0;0;0;0;0;0
33;"Zespół Szkół i Placówek Sportowych IV Liceum Ogólnokształcące, ul. Henryka Sienkiewicza 4, 82-300 Elbląg";286101;"m. Elbląg";"Elbląg";"warmińsko-mazurskie";1;1;0;0;2;0;0;3;0;0;0;1;2;0;0;0;0;1;37;18;11;3;1;3;7;0;6;2;13;0;2;3;2;8;49;6;10;18;14;0;1;3;0;3;1;1;0;0;6;3;62;82;130;9;1;2;2;0;1;0;4;3;0;1;0;0;19;4;9;0;2;1;1;1;1;4;2;1;3;0;1;5;141;160;9;23;3;9;4;4;4;5;65;0;5;3;4;11;5;0;2;0;0;1;2;1;0;0;2;0;0;0;1;0;0;0;0;1
34;"Młodzieżowy Dom Kultury, ul. Generała Józefa Bema 37, 82-300 Elbląg";286101;"m. Elbląg";"Elbląg";"warmińsko-mazurskie";1;1;4;1;0;0;0;1;2;1;0;1;0;0;0;0;0;2;61;19;17;9;0;2;5;3;6;4;14;1;2;6;5;8;68;2;11;11;21;1;2;5;1;3;0;0;2;2;2;7;57;130;141;6;2;2;3;0;3;0;5;1;0;2;1;3;37;7;7;2;2;1;2;5;1;4;3;0;4;1;3;2;127;160;14;21;6;5;3;2;8;4;50;2;18;3;2;6;13;2;4;1;2;0;1;1;0;3;0;0;1;0;0;0;0;0;0;0
35;"Szkoła Podstawowa Nr 25, ul. Wyżynna 3, 82-300 Elbląg";286101;"m. Elbląg";"Elbląg";"warmińsko-mazurskie";1;1;8;3;2;0;1;1;5;1;2;2;1;0;0;1;0;0;88;37;27;13;3;2;14;4;10;1;15;1;3;11;7;16;92;13;19;13;24;3;3;3;1;4;1;0;1;2;4;5;83;113;222;6;2;2;6;0;1;0;4;1;0;1;0;8;59;9;4;2;2;0;5;6;1;2;4;0;6;1;4;3;234;297;15;27;4;12;0;11;8;9;119;5;21;3;1;3;9;1;3;0;0;1;3;1;1;1;2;0;1;0;0;2;0;0;0;1
36;"Przedszkole Nr 17, ul. Karowa 30, 82-300 Elbląg";286101;"m. Elbląg";"Elbląg";"warmińsko-mazurskie";1;1;3;0;2;1;1;0;0;0;1;0;0;1;1;1;0;0;27;19;7;2;1;1;6;0;5;4;11;0;0;2;2;9;52;0;6;9;5;1;4;0;1;2;0;0;3;0;2;2;44;63;120;14;2;3;2;0;1;0;5;2;1;2;0;1;19;4;1;2;3;0;4;2;2;0;0;2;1;0;1;1;92;113;4;1;1;2;1;3;1;1;41;0;3;0;0;5;3;1;1;0;1;0;0;0;0;0;0;0;2;0;0;0;0;0;1;0
37;"II Liceum Ogólnokształcące z Oddziałami Dwujęzycznymi, ul. Królewiecka 42, 82-300 Elbląg";286101;"m. Elbląg";"Elbląg";"warmińsko-mazurskie";1;1;3;1;0;1;0;0;2;1;1;0;0;0;0;0;1;0;45;12;16;5;0;1;8;2;10;1;12;2;0;4;3;9;65;4;11;15;17;1;2;2;3;2;0;0;0;2;0;4;62;88;147;16;2;2;1;1;1;1;4;1;2;1;0;5;17;7;4;2;2;1;3;1;0;2;1;1;0;0;2;0;118;165;5;13;9;6;1;0;2;3;80;3;3;3;2;2;3;0;3;0;0;1;0;2;0;4;1;1;0;0;1;0;0;0;0;0
38;"Szkoła Podstawowa Nr 12, ul. Wojciecha Zajchowskiego 12, 82-300 Elbląg";286101;"m. Elbląg";"Elbląg";"warmińsko-mazurskie";1;1;3;0;0;0;1;0;2;1;2;0;0;0;0;0;1;0;45;17;13;4;1;2;14;2;7;8;9;1;1;2;1;7;66;4;19;33;10;0;0;2;0;4;1;1;1;0;2;2;68;74;152;25;2;1;5;1;3;1;2;1;1;6;0;0;21;4;2;0;1;1;2;5;0;1;2;0;1;1;4;2;135;167;11;8;3;10;4;3;7;2;65;0;5;1;0;2;5;0;1;0;0;1;0;1;1;2;2;2;1;0;1;1;0;0;0;0
39;"Szkoła Podstawowa Nr 23, ul. Słoneczna 14, 82-300 Elbląg";286101;"m. Elbląg";"Elbląg";"warmińsko-mazurskie";1;1;8;1;1;0;0;1;1;2;1;0;0;0;0;0;1;0;57;13;25;3;0;1;10;3;3;7;10;1;3;10;1;8;91;9;6;11;15;2;1;1;1;2;0;0;0;0;4;1;57;106;153;20;4;2;1;0;2;0;6;0;1;2;0;4;25;3;3;0;2;1;2;3;1;2;0;4;1;1;1;2;173;170;5;13;0;13;4;1;4;8;68;5;8;1;0;5;5;0;9;0;1;1;2;0;0;2;0;0;2;0;0;0;0;0;1;0
40;"Zespół Państwowych Szkół Muzycznych, ul. Romualda Traugutta 91, 82-300 Elbląg";286101;"m. Elbląg";"Elbląg";"warmińsko-mazurskie";1;1;2;0;1;2;1;1;1;0;0;1;1;0;0;1;0;2;25;15;16;2;0;1;5;1;2;4;3;0;3;3;0;8;46;4;11;5;5;0;3;0;0;1;1;1;1;0;0;7;55;66;132;14;0;0;2;0;1;0;3;0;1;5;0;3;28;1;6;0;3;0;0;1;0;1;0;0;0;2;3;1;117;127;8;10;5;3;4;4;3;6;58;0;22;1;1;5;1;0;4;0;1;3;0;1;2;0;0;0;0;0;0;3;0;0;0;3
41;"I Liceum Ogólnokształcące, ul. Pocztowa 2, 82-300 Elbląg";286101;"m. Elbląg";"Elbląg";"warmińsko-mazurskie";1;1;6;3;0;0;0;1;0;0;1;0;1;1;0;3;0;0;116;29;52;3;1;1;13;0;7;2;4;2;0;8;0;10;185;7;68;19;32;2;3;2;0;2;0;0;5;5;2;5;42;47;103;10;0;1;1;1;0;1;3;0;1;3;0;5;29;8;11;1;6;0;2;7;1;1;3;0;3;1;1;2;317;257;18;62;8;12;12;7;10;6;81;8;13;7;3;10;5;0;3;0;0;2;0;0;0;0;0;0;0;0;0;0;0;1;0;0
42;"Szkoła Podstawowa Nr 21, ul. Zbyszka Godlewskiego 1, 82-300 Elbląg";286101;"m. Elbląg";"Elbląg";"warmińsko-mazurskie";1;1;5;2;0;0;0;0;1;1;0;2;0;0;0;0;1;1;67;29;20;2;0;1;6;0;1;3;7;0;2;4;1;18;81;1;16;11;46;0;0;1;1;2;0;0;1;0;6;2;69;82;143;15;2;2;2;1;1;2;3;1;1;0;0;4;30;4;6;1;2;1;1;5;1;4;0;0;3;0;4;4;196;232;12;14;4;13;5;3;3;6;82;2;10;7;2;14;9;0;2;0;0;1;0;1;0;2;1;0;0;0;0;2;0;0;1;0
43;"Szkoła Podstawowa Nr 8, ul. Szańcowa 2, 82-300 Elbląg";286101;"m. Elbląg";"Elbląg";"warmińsko-mazurskie";1;1;4;1;1;0;3;0;2;1;0;0;0;1;0;0;0;0;51;20;23;8;1;1;9;3;11;6;9;2;3;6;5;13;81;4;29;12;16;1;2;1;0;0;1;1;1;2;3;1;80;79;129;12;0;2;8;3;0;0;7;2;1;3;1;2;37;3;7;1;3;0;5;5;2;1;0;2;3;1;2;6;164;128;7;29;6;7;2;10;4;2;55;1;2;4;2;9;6;0;1;1;2;0;1;0;0;0;1;1;1;1;0;1;0;0;1;1
44;"Zespół Szkół Techniczno-Informatycznych, ul. Rycerska 2, 82-300 Elbląg";286101;"m. Elbląg";"Elbląg";"warmińsko-mazurskie";1;1;4;0;0;0;0;2;0;1;0;0;0;0;0;0;1;2;25;8;21;6;1;0;9;1;5;2;9;2;0;5;2;0;47;4;7;7;14;3;2;1;1;1;1;0;0;2;0;0;41;50;98;7;1;0;1;1;1;0;2;0;0;0;0;0;17;4;10;2;1;2;3;0;0;2;4;0;0;0;2;0;106;130;12;22;4;7;2;5;5;2;52;3;3;2;1;3;4;0;6;0;0;0;0;0;0;0;1;0;0;0;0;1;0;1;0;0
45;"Przedszkole Nr 14, ul. Michała Bałuckiego 17, 82-300 Elbląg";286101;"m. Elbląg";"Elbląg";"warmińsko-mazurskie";1;1;4;0;0;1;1;2;0;0;0;1;0;1;0;0;0;2;50;23;11;3;2;2;13;0;6;4;14;1;0;3;4;10;66;6;7;17;15;1;3;3;3;2;1;1;0;0;0;3;49;78;118;19;2;0;2;3;1;0;4;0;1;1;0;1;29;1;7;1;3;1;5;4;1;0;3;2;2;0;3;1;129;182;7;20;3;12;3;7;3;2;79;2;10;1;1;3;4;0;3;0;2;0;0;1;0;1;0;0;0;0;0;0;0;0;1;1
46;"Akademia Nauk Stosowanych w Elblągu, ul. Czerniakowska 22, 82-300 Elbląg";286101;"m. Elbląg";"Elbląg";"warmińsko-mazurskie";1;1;8;1;0;1;1;0;1;1;1;1;0;1;1;1;0;0;41;13;8;3;0;2;12;0;4;3;9;4;1;5;2;3;58;3;7;8;10;0;3;1;1;2;1;0;1;3;1;5;51;101;99;17;5;3;5;1;0;1;6;4;1;1;2;2;31;6;3;0;6;0;4;5;2;2;0;2;1;0;0;1;101;119;6;17;4;11;4;8;3;3;53;3;7;3;3;4;5;0;1;0;1;0;1;0;0;0;1;0;1;3;0;2;0;0;1;0
47;"Przedszkole Nr 18, ul. Romualda Mielczarskiego 47, 82-300 Elbląg";286101;"m. Elbląg";"Elbląg";"warmińsko-mazurskie";1;1;1;1;0;0;0;0;1;0;0;0;0;1;0;0;0;1;17;14;12;3;0;1;5;0;6;1;12;0;0;2;3;4;24;4;5;6;12;1;0;3;3;0;0;1;0;0;1;0;25;46;101;7;1;0;0;2;0;2;2;0;0;0;0;1;14;2;4;0;2;0;1;1;0;0;1;1;0;0;1;0;76;82;1;4;0;8;1;2;0;2;33;2;1;0;0;4;3;0;0;0;1;0;1;0;0;1;0;0;0;0;0;0;0;0;0;1
48;"Szkoła Podstawowa Nr 14, ul. Romualda Mielczarskiego 45, 82-300 Elbląg";286101;"m. Elbląg";"Elbląg";"warmińsko-mazurskie";1;1;7;0;3;3;1;0;2;0;0;0;0;1;0;1;1;0;43;21;12;9;2;4;1;3;6;7;10;1;0;8;1;15;65;4;7;5;9;0;3;1;0;0;0;3;2;1;2;1;81;73;220;17;5;4;4;2;0;0;6;2;0;2;0;2;18;10;5;0;2;1;1;2;0;2;1;2;3;3;2;2;144;147;6;4;4;3;2;3;9;2;62;4;5;2;0;5;8;0;1;0;1;1;0;1;0;1;1;1;1;2;0;1;0;0;0;3
49;"Wojewódzki Ośrodek Ruchu Drogowego w Elblągu, ul. Skrzydlata 1, 82-300 Elbląg";286101;"m. Elbląg";"Elbląg";"warmińsko-mazurskie";1;1;6;0;1;0;0;3;3;1;0;0;0;1;0;0;0;0;51;39;25;8;2;0;8;1;10;2;9;2;2;11;1;9;80;2;12;15;9;1;5;2;2;2;1;1;0;0;2;5;56;68;126;8;2;1;1;3;1;0;8;2;1;3;0;4;27;5;4;1;4;1;0;6;1;1;1;0;2;0;3;1;146;187;3;9;3;4;2;1;3;6;64;1;4;2;0;4;6;4;1;0;0;0;0;2;0;1;1;1;0;0;0;1;0;0;0;0
50;"Specjalny Ośrodek Szkolno-Wychowawczy Nr 2, ul. Polna 8A, 82-300 Elbląg";286101;"m. Elbląg";"Elbląg";"warmińsko-mazurskie";1;1;11;0;0;0;0;0;1;1;1;0;0;0;0;0;0;0;31;14;10;4;2;2;4;1;4;3;4;1;1;3;3;14;50;8;12;6;13;2;0;2;1;1;0;0;2;2;0;3;43;67;121;6;0;2;2;1;4;0;3;2;0;0;0;2;19;4;2;0;0;0;0;10;1;1;1;0;1;0;5;1;77;83;3;8;2;5;1;1;2;3;41;2;3;1;2;4;2;0;0;0;0;2;0;0;1;1;2;0;1;0;0;0;0;1;0;2
51;"Szkoła Podstawowa Nr 4, ul. Adama Mickiewicza 41, 82-300 Elbląg";286101;"m. Elbląg";"Elbląg";"warmińsko-mazurskie";1;1;5;0;1;0;0;0;2;0;2;0;0;0;0;1;0;2;50;20;13;0;2;5;9;1;7;2;7;0;2;3;3;6;77;4;9;13;13;0;4;2;2;3;0;0;0;0;2;3;73;107;128;17;1;3;5;0;4;0;3;1;1;2;0;3;31;6;7;0;2;1;0;2;0;2;2;1;4;2;0;4;139;170;5;13;6;3;1;6;6;2;50;5;5;3;3;5;7;0;4;1;1;0;0;1;0;1;0;0;0;0;0;0;0;0;1;1
52;"Zespół Szkół Mechanicznych, ul. Jana Amosa Komeńskiego 39, 82-300 Elbląg";286101;"m. Elbląg";"Elbląg";"warmińsko-mazurskie";1;1;2;0;0;0;0;0;0;1;1;0;0;0;2;0;0;0;47;21;10;6;0;0;2;1;3;1;7;6;0;3;2;11;45;10;16;13;12;0;2;1;0;0;0;0;0;5;2;2;61;69;131;13;3;0;3;2;0;0;3;2;1;3;1;2;31;2;1;0;1;2;1;3;1;0;2;1;2;0;0;0;104;140;2;11;2;6;2;3;2;2;54;2;5;2;2;1;8;1;3;0;0;2;1;0;0;0;2;0;0;0;0;2;0;0;0;0
53;"Szkoła Podstawowa Nr 16, ul. Sadowa 2, 82-300 Elbląg";286101;"m. Elbląg";"Elbląg";"warmińsko-mazurskie";1;1;8;1;0;1;1;3;2;0;0;1;0;0;0;1;1;0;58;18;26;6;0;0;17;1;8;2;11;2;3;7;3;13;58;6;25;11;7;0;0;1;0;0;1;0;0;0;0;3;56;75;173;19;1;4;1;1;1;1;5;1;1;1;0;2;38;5;0;2;1;0;6;8;0;1;0;1;2;1;3;3;163;167;5;17;6;7;2;1;4;5;63;1;4;0;2;5;5;0;2;0;0;0;1;0;0;2;1;1;0;2;0;1;0;0;1;1
54;"Akademia Nauk Stosowanych w Elblągu, al. Aleja Grunwaldzka 137, 82-300 Elbląg";286101;"m. Elbląg";"Elbląg";"warmińsko-mazurskie";1;1;5;1;1;0;3;1;0;2;0;0;2;1;1;0;1;0;64;33;13;8;1;1;10;5;5;5;14;1;2;17;4;6;72;5;15;9;13;1;6;6;1;1;1;0;0;0;2;3;87;98;243;12;0;2;7;2;0;0;8;3;0;1;1;2;32;11;2;1;1;3;2;7;1;0;0;3;3;3;2;0;191;210;9;8;6;10;2;0;5;4;129;3;18;2;0;4;5;1;2;0;1;1;0;0;1;2;1;1;0;0;0;1;0;0;0;1
55;"Zespół Szkół Technicznych, ul. Artura Grottgera 71, 82-300 Elbląg";286101;"m. Elbląg";"Elbląg";"warmińsko-mazurskie";1;1;4;1;0;2;1;0;0;0;0;0;1;0;0;0;0;0;55;30;21;4;1;0;13;1;7;3;5;2;1;4;3;1;64;4;10;14;6;0;0;3;0;0;1;0;1;0;0;4;60;67;165;10;0;0;3;0;1;0;0;0;0;0;1;1;24;3;4;1;6;0;4;4;0;1;1;1;3;2;4;3;123;148;4;6;4;8;3;6;5;2;45;2;5;0;3;4;9;0;1;0;1;0;0;2;0;1;2;0;0;1;0;1;0;0;0;3
56;"Centrum Kształcenia Zawodowego i Ustawicznego, ul. Rawska 3, 82-300 Elbląg";286101;"m. Elbląg";"Elbląg";"warmińsko-mazurskie";1;1;5;0;1;2;2;3;0;0;0;0;0;0;0;1;0;2;70;23;13;6;0;0;13;0;4;3;15;3;1;8;1;12;68;11;11;4;7;0;4;0;2;0;1;0;1;0;2;1;58;89;169;11;1;0;5;1;0;2;5;0;1;1;2;2;44;8;6;4;4;1;6;7;0;0;3;3;4;0;2;0;137;186;4;17;2;10;4;5;2;3;98;4;12;2;1;3;8;0;0;0;0;1;2;4;0;0;1;0;0;0;0;0;0;0;0;0
57;"Biblioteka Elbląska Filia Nr 3, al. Aleja Józefa Piłsudskiego 17, 82-300 Elbląg";286101;"m. Elbląg";"Elbląg";"warmińsko-mazurskie";1;1;2;0;0;2;0;0;1;1;0;0;0;0;0;0;0;1;55;18;11;9;1;1;12;0;2;1;2;0;1;7;1;9;44;1;7;6;7;0;0;1;2;1;0;1;0;0;0;1;46;65;158;18;4;0;1;0;1;0;6;0;1;0;0;2;26;1;0;1;2;3;1;3;1;4;0;2;0;0;1;5;122;146;10;7;9;6;0;2;2;1;64;3;2;1;2;5;5;0;1;0;0;1;2;1;0;1;1;1;0;0;0;0;0;0;0;1
58;"Wojewódzki Szpital Zespolony, ul. Królewiecka 146, 82-300 Elbląg";286101;"m. Elbląg";"Elbląg";"warmińsko-mazurskie";1;1;1;0;0;0;0;0;0;0;0;1;1;0;0;0;0;0;9;1;1;1;0;0;5;0;0;1;0;1;0;1;0;3;9;4;3;0;3;0;0;0;0;0;0;0;0;0;1;1;13;11;15;1;2;0;0;1;1;1;1;0;1;0;0;0;2;1;0;0;0;0;0;0;0;0;0;0;0;0;0;0;23;31;3;4;0;5;2;2;0;3;7;0;1;0;0;0;0;0;0;0;0;0;0;0;0;0;0;0;0;0;0;0;0;0;0;0
59;"Szpital Miejski św. Jana Pawła II ul. Jana Amosa Komeńskiego 35 budynek przy ul. Stefana Żeromskiego 22, ul. Stefana Żeromskiego 22, 82-300 Elbląg";286101;"m. Elbląg";"Elbląg";"warmińsko-mazurskie";1;1;0;0;0;0;0;0;0;0;0;0;0;0;0;0;0;0;0;1;2;0;0;0;0;0;0;1;0;0;0;0;0;0;1;1;0;1;1;0;0;0;0;0;0;0;0;1;0;0;3;7;7;2;0;0;2;1;0;0;0;0;0;0;0;0;0;0;0;0;0;0;0;0;0;0;0;0;0;0;0;0;3;4;0;0;0;2;0;0;1;0;3;0;1;0;0;0;2;0;1;0;0;0;0;0;0;0;0;0;0;0;0;0;0;0;0;0
60;"Szpital Miejski św. Jana Pawła II, ul. Jana Amosa Komeńskiego 35, 82-300 Elbląg";286101;"m. Elbląg";"Elbląg";"warmińsko-mazurskie";1;1;0;0;0;0;0;0;0;0;0;0;0;0;0;0;0;0;0;1;0;0;0;0;1;0;0;0;0;0;0;0;0;0;3;1;0;0;0;1;0;1;0;0;0;0;0;0;0;0;6;4;3;1;2;1;0;0;0;0;0;0;0;0;0;0;0;0;1;0;0;0;0;0;0;0;0;0;0;0;0;0;5;1;1;0;0;0;0;0;1;0;0;0;0;0;0;0;0;0;0;0;0;0;0;0;0;0;0;0;0;0;0;0;0;0;0;0
61;"Szpital Miejski św. Jana Pawła II ul. Jana Amosa Komeńskiego 35 budynek przy ul. Związku Jaszczurczego 22, ul. Związku Jaszczurczego 22, 82-300 Elbląg";286101;"m. Elbląg";"Elbląg";"warmińsko-mazurskie";1;1;0;0;0;0;0;0;0;0;0;0;0;0;0;0;0;0;0;0;0;0;0;0;0;0;0;0;0;0;0;0;0;0;0;0;0;1;0;0;0;0;0;0;0;0;0;0;0;0;0;0;0;0;0;0;0;0;0;0;0;0;0;0;0;0;0;0;0;0;0;0;0;0;0;0;0;0;0;0;0;0;0;0;0;0;0;0;0;0;0;0;0;0;0;0;0;0;0;0;0;0;0;0;0;0;0;0;0;0;0;0;0;0;0;0;0;0
62;"Areszt Śledczy, ul. 12 Lutego 4A, 82-300 Elbląg";286101;"m. Elbląg";"Elbląg";"warmińsko-mazurskie";1;1;2;0;0;0;0;1;0;0;0;0;0;0;0;0;0;1;6;2;3;0;1;2;1;0;1;0;1;0;0;0;0;1;3;0;2;0;0;0;0;0;1;0;0;0;0;0;1;0;8;5;1;0;0;0;0;0;0;1;1;0;1;0;0;2;5;2;1;0;2;0;0;2;0;0;0;0;1;0;0;0;56;13;4;15;5;10;1;4;4;1;4;3;1;1;2;2;0;0;0;0;0;0;0;0;0;0;1;0;0;1;0;0;0;1;1;0
