"Nr komisji";"Siedziba komisji";"TERYT Gminy";"Gmina";"Powiat";"Województwo";"Liczba komisji";"Liczba uwzględnionych komisji";"ZAJĄC Krzysztof Kazimierz - KW BEZPARTYJNI SAMORZĄDOWCY";"KOZŁOWSKI Andrzej Piotr - KW BEZPARTYJNI SAMORZĄDOWCY";"REUTER-SOBCZAK Renata Agata - KW BEZPARTYJNI SAMORZĄDOWCY";"BARTOŃ Marek Józef - KW BEZPARTYJNI SAMORZĄDOWCY";"MARANDA Maja Ewa - KW BEZPARTYJNI SAMORZĄDOWCY";"PAWLAK Michał - KW BEZPARTYJNI SAMORZĄDOWCY";"BOJAKOWSKA Agnieszka Marta - KW BEZPARTYJNI SAMORZĄDOWCY";"PASIERBSKI Mateusz Jan - KW BEZPARTYJNI SAMORZĄDOWCY";"FENDRYCH Aleksandra Agata - KW BEZPARTYJNI SAMORZĄDOWCY";"ROGOZIŃSKI Dariusz - KW BEZPARTYJNI SAMORZĄDOWCY";"DOBRODZIEJ Joanna Barbara - KW BEZPARTYJNI SAMORZĄDOWCY";"PIETRAS Jan Władysław - KW BEZPARTYJNI SAMORZĄDOWCY";"DEPTUCH Wioletta - KW BEZPARTYJNI SAMORZĄDOWCY";"MOKRZYCKI Tomasz Henryk - KW BEZPARTYJNI SAMORZĄDOWCY";"GRABIŃSKA Beata - KW BEZPARTYJNI SAMORZĄDOWCY";"RYCZKO Marian Henryk - KW BEZPARTYJNI SAMORZĄDOWCY";"MILCZYŃSKA Patrycja Agata - KW BEZPARTYJNI SAMORZĄDOWCY";"BAGIŃSKI Krzysztof Janusz - KW BEZPARTYJNI SAMORZĄDOWCY";"BURZYŃSKA Marta - KW BEZPARTYJNI SAMORZĄDOWCY";"KRZEPISZ-WĘGLARZ Katarzyna - KW BEZPARTYJNI SAMORZĄDOWCY";"GRAMATYKA Michał Sebastian - KKW TRZECIA DROGA PSL-PL2050 SZYMONA HOŁOWNI";"WARSKI Wojciech Edward - KKW TRZECIA DROGA PSL-PL2050 SZYMONA HOŁOWNI";"POLOCZEK Aleksandra Monika - KKW TRZECIA DROGA PSL-PL2050 SZYMONA HOŁOWNI";"LATOS Marcin Mieczysław - KKW TRZECIA DROGA PSL-PL2050 SZYMONA HOŁOWNI";"SKAPCZYK Anita Maria - KKW TRZECIA DROGA PSL-PL2050 SZYMONA HOŁOWNI";"BOCHENEK Dariusz Roman - KKW TRZECIA DROGA PSL-PL2050 SZYMONA HOŁOWNI";"DURAŁ Dawid Marek - KKW TRZECIA DROGA PSL-PL2050 SZYMONA HOŁOWNI";"KOCOT Jacek Eugeniusz - KKW TRZECIA DROGA PSL-PL2050 SZYMONA HOŁOWNI";"MACIANTOWICZ Grzegorz Waldemar - KKW TRZECIA DROGA PSL-PL2050 SZYMONA HOŁOWNI";"GACKI Henryk Alojzy - KKW TRZECIA DROGA PSL-PL2050 SZYMONA HOŁOWNI";"JANAS Paweł Eugeniusz - KKW TRZECIA DROGA PSL-PL2050 SZYMONA HOŁOWNI";"TUCHARZ-SABLIK Jolanta Wiktoria - KKW TRZECIA DROGA PSL-PL2050 SZYMONA HOŁOWNI";"ZDUNIAK Zbigniew - KKW TRZECIA DROGA PSL-PL2050 SZYMONA HOŁOWNI";"NOWAKOWSKA Gabriela Jadwiga - KKW TRZECIA DROGA PSL-PL2050 SZYMONA HOŁOWNI";"FOLTA Mieczysław Wawrzyniec - KKW TRZECIA DROGA PSL-PL2050 SZYMONA HOŁOWNI";"PASZYŃSKA Ewa Maria - KKW TRZECIA DROGA PSL-PL2050 SZYMONA HOŁOWNI";"BUNIOWSKA Beata Felicja - KKW TRZECIA DROGA PSL-PL2050 SZYMONA HOŁOWNI";"KELER Jolanta Grażyna - KKW TRZECIA DROGA PSL-PL2050 SZYMONA HOŁOWNI";"ŁATAŚ Rafał Adrian - KKW TRZECIA DROGA PSL-PL2050 SZYMONA HOŁOWNI";"PAPIS Marek Jarosław - KKW TRZECIA DROGA PSL-PL2050 SZYMONA HOŁOWNI";"PAWŁOWSKA-BIELAWSKA Patrycja Agnieszka - KKW TRZECIA DROGA PSL-PL2050 SZYMONA HOŁOWNI";"SEKUŁA Mirosław - KKW TRZECIA DROGA PSL-PL2050 SZYMONA HOŁOWNI";"KONIECZNY Maciej - KW NOWA LEWICA";"WOŹNIAK Jerzy Michał - KW NOWA LEWICA";"NOWAK-TROJNAR Natalia Regina - KW NOWA LEWICA";"NOWAK Jakub Leszek - KW NOWA LEWICA";"TOMALA-BOGACKA Gabriela Barbara - KW NOWA LEWICA";"GĘSIARZ Michał Ryszard - KW NOWA LEWICA";"CZAKON Tomasz - KW NOWA LEWICA";"BUBAŁA Bogdan Sylwester - KW NOWA LEWICA";"DĄBROWSKA-SEWERYN Elżbieta Ewa - KW NOWA LEWICA";"RABUS Miłosz Antoni - KW NOWA LEWICA";"MAJ Franciszek Antoni - KW NOWA LEWICA";"BURKAT Justyna Katarzyna - KW NOWA LEWICA";"MAKIEŁA Krzysztof Jacek - KW NOWA LEWICA";"ŻOŁNOWSKI Mateusz Bartosz - KW NOWA LEWICA";"GRONIEWSKA Małgorzata Krystyna - KW NOWA LEWICA";"POLITAJ Dawid Stanisław - KW NOWA LEWICA";"MIERZEJEWSKA Magdalena - KW NOWA LEWICA";"GRABSKI Bartosz - KW NOWA LEWICA";"CHMIEL Iwona Michalina - KW NOWA LEWICA";"SIWCZAK Wiesław - KW NOWA LEWICA";"WIECZOREK Beata Krystyna - KW NOWA LEWICA";"HOŁDA Kacper Filip - KW NOWA LEWICA";"SOBCZYK Iwona Dorota - KW NOWA LEWICA";"POŁUDNIAK Adam Edward - KW NOWA LEWICA";"MORAWIECKI Mateusz Jakub - KW PRAWO I SPRAWIEDLIWOŚĆ";"WÓJCIK Michał Marek - KW PRAWO I SPRAWIEDLIWOŚĆ";"WESOŁY Marek Jacek - KW PRAWO I SPRAWIEDLIWOŚĆ";"TOBISZOWSKA Dorota Jolanta - KW PRAWO I SPRAWIEDLIWOŚĆ";"POLACZEK Jerzy Jan - KW PRAWO I SPRAWIEDLIWOŚĆ";"SOŚNIERZ Andrzej Stanisław - KW PRAWO I SPRAWIEDLIWOŚĆ";"TRZĄSKI Piotr Jerzy - KW PRAWO I SPRAWIEDLIWOŚĆ";"BISKUP Bernadeta Cecylia - KW PRAWO I SPRAWIEDLIWOŚĆ";"GOŁOSZ Marek Leszek - KW PRAWO I SPRAWIEDLIWOŚĆ";"TARGOŚ Mateusz Robert - KW PRAWO I SPRAWIEDLIWOŚĆ";"SKIBA Mariusz Piotr - KW PRAWO I SPRAWIEDLIWOŚĆ";"LANGFORT Piotr Hubert - KW PRAWO I SPRAWIEDLIWOŚĆ";"PIETRASZ Piotr Aleksander - KW PRAWO I SPRAWIEDLIWOŚĆ";"KOZŁOWSKA Anna - KW PRAWO I SPRAWIEDLIWOŚĆ";"CUBER Krystyna - KW PRAWO I SPRAWIEDLIWOŚĆ";"NOWAK Jacek Paweł - KW PRAWO I SPRAWIEDLIWOŚĆ";"BRUSZEWSKA-DUBIEL Irena Maria - KW PRAWO I SPRAWIEDLIWOŚĆ";"PAPAJ Tomasz Wiesław - KW PRAWO I SPRAWIEDLIWOŚĆ";"PANEK Krystyna Zofia - KW PRAWO I SPRAWIEDLIWOŚĆ";"PATYK-PŁUCIENNIK Barbara - KW PRAWO I SPRAWIEDLIWOŚĆ";"ZIĘBA Janina Maria - KW PRAWO I SPRAWIEDLIWOŚĆ";"WIELKOPOLAN Mariusz Piotr - KW PRAWO I SPRAWIEDLIWOŚĆ";"BARON Andrzej Stanisław - KW PRAWO I SPRAWIEDLIWOŚĆ";"WYSOCKA-SIEMBIGA Aleksandra Maria - KW PRAWO I SPRAWIEDLIWOŚĆ";"PŁACZEK Grzegorz Adam - KW KONFEDERACJA WOLNOŚĆ I NIEPODLEGŁOŚĆ";"BRZEZINA Tomasz Bogdan - KW KONFEDERACJA WOLNOŚĆ I NIEPODLEGŁOŚĆ";"MANDRELA Anna Magdalena - KW KONFEDERACJA WOLNOŚĆ I NIEPODLEGŁOŚĆ";"DOROSZ Tomasz Edward - KW KONFEDERACJA WOLNOŚĆ I NIEPODLEGŁOŚĆ";"SZKLARCZYK Przemysław Mateusz - KW KONFEDERACJA WOLNOŚĆ I NIEPODLEGŁOŚĆ";"KAZEK Wojciech Jacek - KW KONFEDERACJA WOLNOŚĆ I NIEPODLEGŁOŚĆ";"KOLADA Łukasz Marek - KW KONFEDERACJA WOLNOŚĆ I NIEPODLEGŁOŚĆ";"NIEWIADOMSKA Edyta Renata - KW KONFEDERACJA WOLNOŚĆ I NIEPODLEGŁOŚĆ";"MAREK Katarzyna Lucyna - KW KONFEDERACJA WOLNOŚĆ I NIEPODLEGŁOŚĆ";"SZÓSTAK Dawid Stanisław - KW KONFEDERACJA WOLNOŚĆ I NIEPODLEGŁOŚĆ";"NIEMIEC Mariusz - KW KONFEDERACJA WOLNOŚĆ I NIEPODLEGŁOŚĆ";"BULA Anna Helena - KW KONFEDERACJA WOLNOŚĆ I NIEPODLEGŁOŚĆ";"KUĆMIERCZYK Monika Katarzyna - KW KONFEDERACJA WOLNOŚĆ I NIEPODLEGŁOŚĆ";"TRACKI Krzysztof Piotr - KW KONFEDERACJA WOLNOŚĆ I NIEPODLEGŁOŚĆ";"BERK Edyta Beata - KW KONFEDERACJA WOLNOŚĆ I NIEPODLEGŁOŚĆ";"OLSZEWSKI Andrzej Marek - KW KONFEDERACJA WOLNOŚĆ I NIEPODLEGŁOŚĆ";"NANKIEWICZ Tomasz Józef - KW KONFEDERACJA WOLNOŚĆ I NIEPODLEGŁOŚĆ";"RYSZKA Katarzyna - KW KONFEDERACJA WOLNOŚĆ I NIEPODLEGŁOŚĆ";"BANDURA Karina Katarzyna - KW KONFEDERACJA WOLNOŚĆ I NIEPODLEGŁOŚĆ";"BELICZYŃSKI Michał August - KW KONFEDERACJA WOLNOŚĆ I NIEPODLEGŁOŚĆ";"ŚMIGLEWSKI Mateusz Marek - KW KONFEDERACJA WOLNOŚĆ I NIEPODLEGŁOŚĆ";"KLIMCZEWSKI Paweł - KW KONFEDERACJA WOLNOŚĆ I NIEPODLEGŁOŚĆ";"SZYDŁOWSKA Zofia - KW KONFEDERACJA WOLNOŚĆ I NIEPODLEGŁOŚĆ";"MALCHEREK Dawid Dariusz - KW KONFEDERACJA WOLNOŚĆ I NIEPODLEGŁOŚĆ";"BUDKA Borys Piotr - KKW KOALICJA OBYWATELSKA PO .N IPL ZIELONI";"ROSA Monika Anna - KKW KOALICJA OBYWATELSKA PO .N IPL ZIELONI";"KRÓL Wojciech Piotr - KKW KOALICJA OBYWATELSKA PO .N IPL ZIELONI";"KOSZUTSKA Urszula Magdalena - KKW KOALICJA OBYWATELSKA PO .N IPL ZIELONI";"MAKOWSKI Jarosław - KKW KOALICJA OBYWATELSKA PO .N IPL ZIELONI";"KOŁODZIEJ Ewa Edyta - KKW KOALICJA OBYWATELSKA PO .N IPL ZIELONI";"ŚCIEBIOROWSKI Łukasz Andrzej - KKW KOALICJA OBYWATELSKA PO .N IPL ZIELONI";"WIECZOREK Artur Paweł - KKW KOALICJA OBYWATELSKA PO .N IPL ZIELONI";"ZABOROWSKI Zbyszek - KKW KOALICJA OBYWATELSKA PO .N IPL ZIELONI";"ZASADA-CHORAB Anna - KKW KOALICJA OBYWATELSKA PO .N IPL ZIELONI";"CZARNOTA Wojciech Marcin - KKW KOALICJA OBYWATELSKA PO .N IPL ZIELONI";"BEDNARZ Alina Irena - KKW KOALICJA OBYWATELSKA PO .N IPL ZIELONI";"ZIMNIK Aleksandra - KKW KOALICJA OBYWATELSKA PO .N IPL ZIELONI";"RESPONDEK Łukasz Jerzy - KKW KOALICJA OBYWATELSKA PO .N IPL ZIELONI";"SIWIEC-MAGIELNICKA Karina Bernardyna - KKW KOALICJA OBYWATELSKA PO .N IPL ZIELONI";"WICHURA Dorota Małgorzata - KKW KOALICJA OBYWATELSKA PO .N IPL ZIELONI";"KOCZOROWSKI Bogdan Krzysztof - KKW KOALICJA OBYWATELSKA PO .N IPL ZIELONI";"GOŚCINIAK Małgorzata Ewa - KKW KOALICJA OBYWATELSKA PO .N IPL ZIELONI";"GMERCZYŃSKA Dorota Bożena - KKW KOALICJA OBYWATELSKA PO .N IPL ZIELONI";"WNĘK-GABOR Barbara Katarzyna - KKW KOALICJA OBYWATELSKA PO .N IPL ZIELONI";"KIOŁBASA Alicja Elżbieta - KKW KOALICJA OBYWATELSKA PO .N IPL ZIELONI";"PUCHALSKI Dawid Konrad - KKW KOALICJA OBYWATELSKA PO .N IPL ZIELONI";"LEWANDOWSKA Aleksandra Mariola - KKW KOALICJA OBYWATELSKA PO .N IPL ZIELONI";"SŁUPIK Tomasz Robert - KKW KOALICJA OBYWATELSKA PO .N IPL ZIELONI";"WIĘCEK Monika Izabela - KW POLSKA JEST JEDNA";"BINKOWSKI Krzysztof - KW POLSKA JEST JEDNA";"ZAWADZKI Józef Antoni - KW POLSKA JEST JEDNA";"DRZYMAŁA-KUBINIOK Beata Jolanta - KW POLSKA JEST JEDNA";"KRĄŻEK Aleksandra Anna - KW POLSKA JEST JEDNA";"SIEGMUND Mateusz Leszek - KW POLSKA JEST JEDNA";"BINKOWSKA Katarzyna - KW POLSKA JEST JEDNA";"RESZKE Rafał Jakub - KW POLSKA JEST JEDNA";"SKÓRA Agata Aldona - KW POLSKA JEST JEDNA";"STYRNOL Błażej - KW POLSKA JEST JEDNA";"DUDEK Aleksandra Helena - KW POLSKA JEST JEDNA";"RODEK Violetta Ewa - KW POLSKA JEST JEDNA"
1;"Liceum Ogólnokształcące im. Powstańców Śląskich w Bieruniu, ul. Licealna 17, 43-150 Bieruń";241401;"m. Bieruń";"bieruńsko-lędziński";"śląskie";1;1;9;0;0;0;3;3;0;0;0;2;1;1;1;0;1;0;2;1;1;2;89;1;11;2;6;1;0;2;0;0;2;0;1;1;0;1;1;1;0;1;7;3;14;4;10;1;3;0;0;0;3;0;1;1;0;0;2;0;1;1;0;0;2;0;0;1;282;28;2;2;4;4;0;2;0;0;0;0;0;1;3;0;0;1;1;0;2;0;50;2;49;13;7;1;0;1;0;0;1;2;0;2;3;0;0;0;0;2;0;0;1;0;1;1;158;72;4;2;0;4;2;2;1;0;1;1;0;1;0;1;1;0;0;1;0;0;1;0;13;2;0;6;0;2;0;5;0;0;0;1
2;"Liceum Ogólnokształcące im. Powstańców Śląskich w Bieruniu, ul. Licealna 17, 43-150 Bieruń";241401;"m. Bieruń";"bieruńsko-lędziński";"śląskie";1;1;2;4;0;0;2;0;3;1;0;0;1;1;0;0;0;0;0;0;2;0;76;4;12;1;4;5;3;0;1;0;5;0;1;0;0;1;1;1;0;3;3;0;10;0;4;2;6;2;1;0;3;0;2;2;0;1;1;2;0;0;0;0;2;0;2;0;263;28;0;2;4;5;2;0;3;0;0;0;0;3;3;1;0;0;1;0;0;1;61;4;35;6;2;0;2;2;1;3;0;2;0;4;3;1;2;2;0;2;3;1;0;0;0;0;108;61;1;2;1;5;0;1;0;1;4;2;1;0;0;0;0;0;0;3;0;0;0;1;10;6;3;1;1;0;0;3;1;4;1;1
3;"Szkoła Podstawowa Nr 1 w Bieruniu, ul. Licealna 17a, 43-150 Bieruń";241401;"m. Bieruń";"bieruńsko-lędziński";"śląskie";1;1;2;0;1;0;1;0;2;0;1;1;1;0;0;0;0;0;1;0;1;1;44;5;4;1;2;0;1;0;2;0;1;0;0;1;0;4;0;0;0;0;2;2;10;0;3;2;4;0;2;0;2;4;0;2;1;1;1;0;2;0;1;0;2;0;0;0;201;14;3;1;7;3;0;3;1;0;0;0;0;5;3;1;1;1;0;0;0;1;9;2;29;3;7;2;6;2;1;2;1;1;0;2;3;1;2;0;0;1;0;0;3;0;0;5;45;22;4;2;0;2;0;0;0;1;1;3;0;0;0;0;0;0;0;0;0;0;1;0;5;1;0;1;0;1;0;0;0;0;1;0
4;"Dom Kultury ""Gama"" w Bieruniu, ul. Chemików 39a, 43-150 Bieruń";241401;"m. Bieruń";"bieruńsko-lędziński";"śląskie";1;1;6;1;0;1;1;0;0;0;1;1;0;0;1;1;0;0;1;0;1;2;23;2;3;4;2;2;0;1;0;0;1;1;1;1;0;1;0;0;0;0;0;1;17;1;5;2;4;0;4;0;3;1;0;2;1;0;2;0;2;0;0;0;2;1;0;0;192;11;2;0;2;3;0;0;0;0;1;0;0;1;3;0;1;0;1;0;1;0;22;0;25;3;1;2;1;0;0;1;0;0;2;0;0;0;1;0;0;0;1;1;1;0;0;1;70;29;5;1;1;1;0;1;0;0;2;0;0;1;0;0;0;0;0;0;0;0;2;2;6;3;0;0;1;2;1;2;2;0;1;1
5;"Szkoła Podstawowa Nr 1 w Bieruniu, ul. Krakowska 30, 43-150 Bieruń";241401;"m. Bieruń";"bieruńsko-lędziński";"śląskie";1;1;3;2;0;0;0;1;2;0;0;1;1;1;1;1;1;1;0;1;1;1;82;2;8;0;5;0;1;1;1;0;5;1;1;3;0;2;1;2;0;0;1;0;21;5;2;0;2;0;0;1;0;0;0;1;2;0;2;0;0;1;1;0;1;1;0;1;240;38;1;4;8;3;0;0;2;0;1;0;0;1;1;0;0;0;3;0;1;2;65;0;40;8;6;1;1;0;3;2;1;1;1;0;1;0;0;0;0;2;1;0;0;0;1;0;127;51;8;1;0;4;0;1;0;0;5;4;2;1;0;0;0;0;0;0;0;0;2;2;3;3;1;1;0;0;0;0;0;1;1;1
6;"Szkoła Podstawowa Nr 1 w Bieruniu, ul. Krakowska 30, 43-150 Bieruń";241401;"m. Bieruń";"bieruńsko-lędziński";"śląskie";1;1;11;0;0;0;2;1;0;0;0;0;0;0;0;0;1;0;1;0;1;0;65;4;13;5;10;7;2;1;0;0;2;0;0;3;0;2;0;1;1;1;2;1;24;1;11;1;3;0;0;1;3;0;0;6;0;0;1;0;0;0;0;0;1;2;0;0;314;44;3;2;11;8;3;2;1;0;2;0;0;2;5;0;0;0;1;0;0;0;53;1;39;5;6;2;2;2;0;2;0;1;1;2;1;1;2;2;1;1;1;0;0;0;0;2;110;49;12;0;0;5;0;0;0;0;6;1;0;1;0;0;0;1;0;0;0;0;0;3;12;5;1;0;1;0;2;2;2;0;3;0
7;"Przedszkole Nr 1 w Bieruniu, ul. Kamienna 17, 43-155 Bieruń";241401;"m. Bieruń";"bieruńsko-lędziński";"śląskie";1;1;11;1;0;0;2;1;1;0;0;0;0;0;0;0;1;0;0;1;1;2;73;2;28;3;7;2;0;0;1;0;5;1;1;0;1;0;1;0;0;1;2;0;16;3;7;3;3;0;0;1;1;1;0;1;1;1;1;0;0;1;1;0;1;0;4;1;287;35;5;2;6;14;0;1;1;0;1;0;1;3;1;1;1;0;3;0;0;1;19;3;47;11;8;1;3;0;2;1;3;2;1;0;0;0;0;1;0;2;0;1;0;0;1;2;111;43;6;4;2;14;0;2;0;0;1;2;3;1;1;0;1;0;0;0;1;1;2;3;12;3;0;3;0;0;3;7;0;0;0;1
8;"Powiatowy Zespół Szkół w Bieruniu, ul. Granitowa 130, 43-155 Bieruń";241401;"m. Bieruń";"bieruńsko-lędziński";"śląskie";1;1;4;2;0;0;1;2;0;0;3;0;0;0;0;0;3;0;0;0;0;0;38;3;10;1;4;5;2;0;2;1;1;0;0;2;2;1;0;0;0;0;0;1;13;7;3;0;5;0;0;1;1;0;1;0;0;0;1;0;1;1;1;0;2;1;4;0;196;29;4;3;9;6;1;0;0;0;0;0;1;1;1;0;0;0;0;0;1;0;3;0;24;1;2;0;0;2;3;1;0;0;2;0;0;0;2;1;0;0;1;0;0;0;0;2;121;29;3;1;1;2;0;0;0;2;1;0;3;0;1;0;0;0;0;0;0;0;1;2;5;4;1;0;2;0;0;0;0;0;0;0
9;"Powiatowy Zespół Szkół w Bieruniu, ul. Granitowa 130, 43-155 Bieruń";241401;"m. Bieruń";"bieruńsko-lędziński";"śląskie";1;1;3;1;0;0;1;1;1;0;0;0;1;0;0;0;2;0;1;1;1;0;36;2;14;1;6;3;2;0;0;1;1;1;2;1;3;3;2;1;0;0;0;1;21;3;5;0;3;2;1;0;2;0;1;3;0;0;0;0;1;1;1;1;0;0;0;0;212;22;3;5;6;2;0;1;2;0;0;0;0;1;0;4;0;0;0;0;1;0;3;2;27;5;0;1;1;1;3;1;0;0;1;3;0;1;1;1;1;0;2;2;2;1;0;3;138;39;5;1;0;0;0;1;0;0;2;2;0;1;1;1;0;1;0;0;0;0;1;1;3;1;0;1;2;0;1;1;1;0;1;0
10;"Szkoła Podstawowa Nr 3 im. Orła Białego w Bieruniu, ul. Węglowa 11, 43-155 Bieruń";241401;"m. Bieruń";"bieruńsko-lędziński";"śląskie";1;1;4;0;1;0;1;0;1;0;1;1;1;1;0;0;0;0;0;0;4;1;49;2;7;4;7;1;1;1;0;1;5;0;1;4;2;2;0;2;0;0;3;0;16;1;10;0;6;2;2;0;0;0;1;2;0;0;1;0;0;2;1;0;0;1;2;0;241;21;4;1;5;3;0;1;0;0;1;0;0;3;1;0;1;0;0;0;0;0;4;3;21;2;4;1;0;0;2;0;0;0;5;0;0;0;0;2;0;1;1;0;0;0;0;1;135;35;5;1;0;2;1;1;1;0;9;2;5;0;1;0;2;0;0;0;0;0;2;0;9;0;1;0;0;1;2;4;0;0;0;1
11;"Szkoła Podstawowa Nr 3 im. Orła Białego w Bieruniu, ul. Węglowa 11, 43-155 Bieruń";241401;"m. Bieruń";"bieruńsko-lędziński";"śląskie";1;1;5;2;2;0;0;2;0;1;0;1;0;1;0;0;4;0;1;0;0;1;54;6;6;1;3;5;0;1;0;1;3;0;0;1;0;2;0;1;0;0;1;1;15;3;4;0;2;0;1;0;4;0;1;2;0;0;3;0;1;0;2;0;1;0;3;0;195;24;4;1;1;7;1;2;0;1;0;0;0;3;5;1;0;0;0;0;0;1;3;1;20;2;1;1;1;2;0;0;0;1;0;2;1;0;0;2;0;1;1;0;1;0;0;0;85;18;6;0;1;3;0;2;0;1;0;0;0;2;0;0;2;0;0;0;0;1;0;0;4;3;0;0;0;0;0;3;3;0;0;0
12;"Szkoła Podstawowa Nr 3 im. Orła Białego w Bieruniu, ul. Warszawska 294, 43-155 Bieruń";241401;"m. Bieruń";"bieruńsko-lędziński";"śląskie";1;1;5;2;2;0;1;0;1;0;0;0;0;0;1;0;0;1;0;0;0;0;56;1;12;1;2;6;0;0;1;0;1;0;1;2;0;2;1;0;0;0;1;0;11;2;4;0;1;0;1;0;2;0;2;1;0;0;0;0;1;0;0;0;1;0;1;0;188;5;1;2;7;4;0;1;0;0;3;0;1;1;0;0;0;0;2;0;0;0;3;0;25;6;5;0;1;0;1;0;1;1;2;1;2;0;1;1;0;0;0;0;1;0;1;2;133;43;8;1;0;4;0;1;2;1;1;1;0;0;2;0;0;0;0;0;2;0;0;1;6;2;0;0;0;0;1;4;0;0;0;2
13;"Szkoła Podstawowa Nr 3 im. Orła Białego w Bieruniu, ul. Warszawska 294, 43-155 Bieruń";241401;"m. Bieruń";"bieruńsko-lędziński";"śląskie";1;1;1;1;0;0;0;0;2;0;1;0;0;0;0;0;0;0;0;0;0;1;35;1;15;2;3;1;0;1;0;1;4;1;0;1;1;2;0;0;1;0;2;3;16;1;5;0;3;0;0;1;1;1;1;0;0;0;1;0;1;0;1;0;2;0;0;1;274;19;5;3;11;6;1;0;0;0;1;0;1;3;2;0;0;1;1;0;2;0;8;1;28;3;3;2;0;1;0;1;1;1;2;0;2;2;1;0;0;1;2;0;0;0;0;1;98;47;4;0;2;6;0;1;2;0;1;1;0;0;1;1;0;0;0;0;1;0;1;2;7;6;4;1;1;0;0;0;0;0;1;2
14;"Szkoła Podstawowa Nr 3 im. Orła Białego w Bieruniu, ul. Warszawska 294, 43-155 Bieruń";241401;"m. Bieruń";"bieruńsko-lędziński";"śląskie";1;1;5;1;2;0;0;1;1;0;0;0;1;0;0;0;0;0;0;0;0;0;36;1;10;2;7;2;2;2;0;0;3;0;2;1;1;1;0;0;0;0;0;3;13;0;4;0;3;0;0;0;0;0;0;0;0;0;0;0;0;0;2;0;0;1;0;2;229;21;6;3;6;7;1;1;1;0;0;0;2;2;0;1;1;2;1;1;0;0;6;1;21;5;4;0;1;0;0;0;1;0;0;1;1;1;0;0;0;4;2;0;0;0;0;2;105;22;4;3;1;4;0;1;0;0;0;1;3;0;0;0;0;2;1;0;2;0;1;3;9;1;1;1;0;0;0;2;0;0;1;2
15;"Szkoła Podstawowa Nr 3 im. Orła Białego w Bieruniu, ul. Warszawska 294, 43-155 Bieruń";241401;"m. Bieruń";"bieruńsko-lędziński";"śląskie";1;1;7;0;1;0;0;0;0;0;0;1;1;0;0;0;0;4;0;0;0;1;38;4;13;2;5;0;3;0;0;1;0;0;0;0;2;0;0;0;0;0;1;1;8;1;5;1;3;0;1;0;1;0;0;1;0;0;1;2;2;0;2;0;1;1;0;2;219;24;0;6;6;4;1;1;0;0;3;0;1;1;3;2;0;1;0;0;1;0;8;2;31;6;8;1;2;0;1;1;1;0;2;0;0;1;0;1;0;2;2;0;0;0;1;2;96;31;4;1;1;6;2;0;0;3;0;1;2;0;0;1;0;0;0;0;2;0;1;0;10;3;1;1;2;1;0;3;0;0;0;0
1;"Biblioteka Miejska, ul. Imielińska 92/sala nr 1, 41-407 Imielin";241402;"m. Imielin";"bieruńsko-lędziński";"śląskie";1;1;5;1;1;1;2;2;0;0;0;0;0;0;0;0;1;0;0;1;1;2;131;9;29;5;4;7;2;1;0;0;13;1;4;4;1;0;4;2;0;3;1;9;32;6;22;2;6;4;0;1;4;1;2;1;0;0;0;0;4;4;0;0;4;0;5;1;403;56;3;4;6;4;0;1;0;4;2;0;0;4;8;3;1;2;0;0;3;2;2;2;58;10;16;1;1;1;2;1;1;0;2;1;1;0;1;2;0;3;1;1;2;0;3;0;213;95;45;6;5;9;1;3;1;4;4;2;1;4;1;1;0;2;0;1;3;0;4;3;29;2;1;0;0;2;3;1;1;0;2;0
2;"Biblioteka Miejska, ul. Imielińska 92/sala nr 5, 41-407 Imielin";241402;"m. Imielin";"bieruńsko-lędziński";"śląskie";1;1;12;4;1;1;1;1;1;0;0;0;1;1;1;0;1;1;1;0;1;3;104;6;29;2;8;15;7;1;2;0;15;2;0;3;2;2;0;8;0;0;4;6;43;8;14;2;5;0;1;0;3;0;3;3;1;2;3;1;9;0;3;0;3;0;1;2;386;60;8;4;4;8;0;1;2;6;1;0;1;3;6;0;0;0;0;0;1;6;1;3;72;4;20;4;1;4;3;5;1;2;1;0;0;1;1;3;0;3;3;1;0;0;0;0;247;144;44;3;4;11;1;1;3;0;6;2;2;5;0;1;0;1;0;2;2;0;2;7;16;4;1;2;0;0;1;0;1;0;0;0
3;"Urząd Miasta Imielin, ul. Imielińska 81/sala nr 11, 41-407 Imielin";241402;"m. Imielin";"bieruńsko-lędziński";"śląskie";1;1;7;2;2;3;0;3;0;0;0;0;3;0;2;0;1;0;1;1;3;1;100;5;26;3;3;11;6;2;0;0;1;1;2;1;5;5;3;5;0;0;1;8;32;9;17;1;3;1;2;1;0;0;1;2;0;0;3;0;2;3;2;0;0;0;0;0;367;31;4;4;4;8;0;3;1;6;2;2;0;1;1;0;0;2;0;0;1;0;0;2;57;11;13;2;4;1;0;4;1;3;1;1;1;1;0;1;0;2;2;2;0;0;0;1;188;115;34;3;5;9;0;2;2;0;3;2;2;2;1;0;0;1;1;0;1;0;0;1;20;7;3;2;1;0;1;2;1;1;1;2
4;"Urząd Miasta Imielin, ul. Imielińska 81/sala nr 21, 41-407 Imielin";241402;"m. Imielin";"bieruńsko-lędziński";"śląskie";1;1;1;0;1;3;2;0;1;0;1;0;0;0;0;1;0;1;0;0;1;0;85;4;28;3;8;10;3;3;2;0;3;2;1;4;3;2;1;4;0;1;4;4;32;4;22;5;0;1;1;0;1;1;1;3;1;1;0;0;1;1;1;0;1;0;1;0;450;78;1;8;5;8;1;0;1;6;1;0;1;2;2;0;0;1;0;0;0;5;0;2;83;9;16;0;0;5;3;1;0;3;0;2;1;1;1;0;0;0;4;0;0;0;0;2;170;95;51;4;4;7;0;5;0;2;6;3;2;1;0;0;0;2;0;3;1;0;1;0;12;2;2;2;0;1;0;1;0;0;0;1
1;"Szkoła Podstawowa z Oddziałami Integracyjnymi nr 2, ul. Hołdunowska 72, Lędziny, ul. Hołdunowska 72, 43-143 Lędziny";241403;"m. Lędziny";"bieruńsko-lędziński";"śląskie";1;1;7;1;2;0;2;1;3;0;1;0;1;0;0;0;0;0;0;1;4;1;65;4;13;1;1;1;0;0;0;0;3;0;2;0;0;1;1;2;1;0;2;2;29;1;10;2;6;1;2;3;1;2;2;4;0;0;1;0;1;1;0;0;1;3;0;1;322;54;3;5;6;9;0;0;1;2;0;3;0;1;37;0;0;1;0;0;1;2;4;2;40;10;6;4;2;3;2;3;1;1;1;2;0;0;2;0;0;1;1;0;1;1;2;5;139;47;20;2;3;8;1;0;0;0;2;1;1;2;0;0;3;1;2;0;0;0;1;3;13;5;0;1;0;0;1;4;1;0;1;1
2;"Szkoła Podstawowa z Oddziałami Integracyjnymi nr 2, ul. Hołdunowska 72, Lędziny, ul. Hołdunowska 72, 43-143 Lędziny";241403;"m. Lędziny";"bieruńsko-lędziński";"śląskie";1;1;2;0;0;0;0;0;1;0;0;0;1;0;0;0;0;0;1;0;1;0;34;3;9;1;6;1;0;1;0;0;1;0;0;0;1;1;0;0;1;1;0;1;21;0;2;1;1;3;0;1;4;0;0;3;0;0;0;0;4;1;0;0;1;0;0;1;197;23;3;2;1;7;0;0;1;0;0;1;0;0;18;1;0;1;0;0;1;2;1;1;16;9;1;0;0;1;1;1;1;0;0;3;0;1;0;0;0;0;0;0;0;0;0;1;108;36;5;1;1;1;0;0;0;0;0;0;1;0;0;0;0;1;0;0;0;0;1;2;5;3;0;0;2;0;1;0;0;0;0;0
3;"Szkoła Podstawowa nr 3, ul. Hołdunowska 13, Lędziny, ul. Hołdunowska 13, 43-143 Lędziny";241403;"m. Lędziny";"bieruńsko-lędziński";"śląskie";1;1;15;1;3;0;0;1;3;0;0;0;1;1;0;0;0;0;1;0;1;3;74;7;14;3;8;4;0;4;1;0;4;0;0;0;2;3;1;4;0;0;2;5;16;6;8;1;1;0;1;3;4;0;0;5;0;0;2;0;0;0;1;0;0;1;0;0;378;57;6;3;6;5;0;0;1;2;0;0;0;4;24;0;3;1;0;0;0;6;1;1;52;6;5;4;3;1;2;3;1;3;3;1;2;2;1;0;0;1;2;0;1;1;0;3;121;43;7;0;1;8;0;2;2;2;0;0;2;3;0;0;0;0;1;0;0;0;5;4;28;3;1;3;0;0;2;1;0;0;2;1
4;"Szkoła Podstawowa nr 3, ul. Hołdunowska 13, Lędziny, ul. Hołdunowska 13, 43-143 Lędziny";241403;"m. Lędziny";"bieruńsko-lędziński";"śląskie";1;1;4;2;1;1;0;1;0;1;0;0;0;0;0;0;0;0;0;0;1;0;63;2;5;0;3;4;1;0;0;0;1;1;2;2;1;1;1;1;1;0;2;2;16;1;7;1;4;1;2;0;1;2;0;1;0;1;1;0;2;2;0;0;5;0;5;0;286;31;6;3;3;4;0;1;0;1;0;2;0;2;43;0;0;0;0;0;3;1;1;4;33;7;6;1;4;2;1;1;1;1;1;2;0;0;0;0;1;0;1;0;0;2;0;6;100;34;16;3;0;3;0;1;1;0;3;0;0;3;1;1;0;1;0;0;1;1;1;1;9;5;1;0;0;0;1;0;1;0;0;0
5;"Szkoła Podstawowa nr 3, ul. Hołdunowska 13, Lędziny, ul. Hołdunowska 13, 43-143 Lędziny";241403;"m. Lędziny";"bieruńsko-lędziński";"śląskie";1;1;6;1;0;2;2;1;0;0;0;0;0;0;1;1;0;0;0;0;0;1;46;7;12;0;0;3;2;4;1;1;0;0;1;3;0;0;0;1;0;1;1;1;29;5;7;3;3;0;2;0;0;0;0;3;1;0;2;0;2;0;1;1;0;1;2;0;268;31;3;2;4;0;0;0;0;1;2;0;1;1;37;0;1;0;0;0;0;0;0;1;32;6;4;2;2;2;4;0;0;1;1;0;0;0;0;2;1;4;1;0;0;0;1;0;92;36;8;3;0;2;0;1;1;0;1;1;1;0;1;1;2;0;0;0;1;0;4;0;1;3;1;1;0;1;0;1;0;0;0;1
6;"Plac Farski, ul. Lędzińska 88, Lędziny, ul. Lędzińska 88, 43-140 Lędziny";241403;"m. Lędziny";"bieruńsko-lędziński";"śląskie";1;1;11;1;1;1;2;1;1;0;1;0;2;0;0;1;0;1;0;2;1;2;108;3;11;0;8;3;2;0;1;1;8;0;1;1;1;0;1;1;0;3;3;3;18;2;6;0;5;0;1;0;1;2;0;2;0;1;1;0;1;0;0;0;0;0;1;2;385;63;11;4;5;11;1;0;2;1;2;0;0;3;19;0;0;3;1;0;0;0;14;3;41;10;12;1;5;2;2;0;0;0;4;2;0;0;4;0;0;0;0;0;2;0;2;4;136;52;13;2;1;5;0;0;1;0;4;2;0;2;0;1;0;1;2;0;0;0;0;0;12;1;3;1;1;0;0;2;1;0;1;1
7;"Plac Farski, ul. Lędzińska 88, Lędziny, ul. Lędzińska 88, 43-140 Lędziny";241403;"m. Lędziny";"bieruńsko-lędziński";"śląskie";1;1;3;0;2;1;2;1;0;0;0;1;1;0;0;2;0;0;0;0;2;0;66;4;9;1;3;0;2;5;0;1;4;0;0;1;0;0;2;0;2;0;1;4;16;1;5;0;3;0;1;0;1;0;2;1;0;0;0;1;1;3;0;0;0;2;1;0;306;60;13;0;4;4;0;0;2;3;0;0;0;3;15;0;0;1;0;0;0;1;10;3;41;10;8;2;1;1;1;2;1;1;2;2;0;1;3;0;0;2;3;0;0;0;0;2;104;27;8;4;2;6;0;3;0;0;0;1;1;2;0;1;0;1;0;0;0;0;1;3;11;3;0;0;0;0;0;3;2;0;0;0
8;"Szkoła Podstawowa z Oddziałami Integracyjnymi Nr 1, ul. Paderewskiego 5, Lędziny, ul. Paderewskiego 5, 43-140 Lędziny";241403;"m. Lędziny";"bieruńsko-lędziński";"śląskie";1;1;6;2;2;1;0;0;0;0;0;0;0;0;0;2;0;0;3;0;0;1;66;3;11;2;2;5;4;4;0;0;8;4;0;1;4;0;0;0;1;0;2;5;17;3;14;0;3;2;3;0;0;1;1;0;0;1;1;0;0;1;0;0;3;1;1;0;257;50;8;1;1;5;0;2;3;1;0;0;0;2;19;0;0;3;0;0;0;1;4;0;36;11;14;2;1;1;1;1;0;2;2;0;0;1;2;1;0;3;0;0;2;0;2;2;109;50;5;0;1;4;0;4;2;0;3;1;0;0;0;1;0;0;0;0;0;0;0;3;15;1;1;0;2;0;0;1;0;0;0;0
9;"Powiatowy Zespół Szkół, ul. Pokoju 4, Lędziny, ul. Pokoju 4, 43-143 Lędziny";241403;"m. Lędziny";"bieruńsko-lędziński";"śląskie";1;1;13;0;0;1;1;3;1;0;2;0;0;0;0;0;1;0;0;0;3;2;60;1;13;4;13;4;2;0;0;0;7;0;0;1;2;3;0;4;0;0;3;3;32;2;10;2;3;2;0;1;2;0;1;1;1;0;1;0;3;0;1;0;3;0;2;1;367;44;2;7;1;1;0;3;0;2;0;0;0;1;39;0;1;0;0;0;1;4;3;7;42;10;10;1;1;3;2;1;2;2;1;1;0;2;1;0;2;2;1;0;2;0;3;4;95;39;19;1;2;2;1;2;3;0;1;3;1;0;1;1;1;1;2;0;1;1;1;0;7;9;2;0;1;0;0;6;1;0;0;0
10;"Lędziny, ul. Lipowa 61, Lędziny, ul. Lipowa 61, 43-144 Lędziny";241403;"m. Lędziny";"bieruńsko-lędziński";"śląskie";1;1;2;1;0;0;0;0;0;0;0;0;1;0;0;0;0;0;1;0;0;0;20;0;5;1;0;2;2;0;2;0;2;0;0;0;0;0;0;0;0;0;0;0;7;0;3;0;1;0;1;0;0;0;0;1;0;0;0;2;0;0;0;0;0;0;0;1;114;39;1;1;4;2;0;0;1;0;0;0;0;1;1;0;0;1;0;0;0;0;2;0;21;2;4;0;0;1;0;0;1;0;2;1;0;0;0;0;0;1;1;0;0;0;0;2;25;7;4;1;0;3;0;2;0;0;0;0;0;0;0;0;0;0;1;0;0;0;0;2;5;0;2;0;0;0;1;1;0;0;0;0
11;"Szkoła Podstawowa Nr 4, ul. Goławiecka 36, Lędziny, ul. Goławiecka 36, 43-144 Lędziny";241403;"m. Lędziny";"bieruńsko-lędziński";"śląskie";1;1;1;1;1;0;0;1;0;0;0;1;0;0;0;1;0;1;1;0;0;2;41;0;11;0;5;3;3;0;0;1;2;0;0;0;0;1;0;2;0;0;0;1;15;1;7;1;2;0;1;1;3;1;1;2;0;0;0;0;0;0;3;0;0;0;1;0;242;49;1;1;3;2;0;0;0;1;0;0;0;3;16;0;0;0;0;0;0;1;6;3;36;4;7;1;0;1;0;1;1;0;1;0;1;1;1;0;0;1;1;0;1;0;0;1;55;25;4;0;2;13;0;1;0;0;0;0;0;0;0;0;0;0;0;0;1;0;0;5;9;3;0;0;0;0;1;3;0;1;0;1
1;"Szkoła Podstawowa im. Wilhelma Gawlikowicza, ul. Świętego Jana 33, 43-220 Bojszowy";241404;"gm. Bojszowy";"bieruńsko-lędziński";"śląskie";1;1;11;2;0;0;1;0;0;0;0;1;0;0;4;0;0;1;1;3;2;3;53;2;14;1;7;0;2;0;2;0;3;0;0;0;1;0;1;0;0;2;3;0;22;0;8;2;2;0;0;0;1;0;0;0;0;0;0;0;6;0;0;0;2;1;0;0;241;45;5;1;6;2;1;0;3;1;1;0;0;1;1;0;0;0;1;0;1;0;4;1;34;2;3;0;3;3;0;1;1;1;1;0;2;0;0;0;0;1;1;0;0;0;0;2;90;49;9;0;1;6;0;1;0;0;1;0;1;0;0;0;0;0;0;0;0;0;2;3;16;5;3;0;2;1;1;5;0;0;1;0
2;"Szkoła Podstawowa im. Wilhelma Gawlikowicza, ul. Świętego Jana 33, 43-220 Bojszowy";241404;"gm. Bojszowy";"bieruńsko-lędziński";"śląskie";1;1;3;0;0;0;1;0;0;1;0;0;0;0;1;0;0;0;0;1;2;1;43;1;9;0;5;2;0;0;0;1;2;0;0;0;0;0;0;0;0;0;0;0;20;0;3;0;0;0;0;0;1;0;0;1;0;0;0;0;2;0;1;0;1;0;1;0;226;56;5;0;9;1;0;1;0;0;0;0;1;1;1;0;0;0;0;0;0;0;13;2;31;2;7;0;0;0;0;1;1;3;0;0;2;0;1;0;0;2;1;1;0;0;0;0;50;40;2;0;0;10;0;1;0;0;0;0;1;0;1;1;0;0;0;0;0;1;0;5;17;4;0;0;1;0;0;8;0;0;1;1
3;"Szkoła Podstawowa im. Wilhelma Gawlikowicza, ul. Świętego Jana 33a, 43-220 Bojszowy";241404;"gm. Bojszowy";"bieruńsko-lędziński";"śląskie";1;1;3;1;1;1;0;0;0;2;0;0;0;1;0;0;0;0;1;0;1;0;58;1;10;1;4;1;3;1;0;1;2;0;0;2;0;1;0;0;0;0;1;0;14;1;9;0;1;1;0;1;0;1;1;2;1;0;1;0;3;0;1;0;0;0;1;0;207;42;1;1;3;6;0;0;0;1;0;1;0;5;2;0;0;0;0;0;0;0;4;5;23;10;3;0;0;2;1;0;0;1;0;1;0;0;0;0;0;3;0;0;1;0;0;1;78;79;11;1;5;4;0;0;1;0;2;0;1;0;0;0;0;1;0;1;0;1;1;1;11;1;0;0;0;0;3;10;0;0;0;0
4;"Szkoła Podstawowa im. Wilhelma Gawlikowicza, ul. Świętego Jana 33a, 43-220 Bojszowy";241404;"gm. Bojszowy";"bieruńsko-lędziński";"śląskie";1;1;5;1;0;0;2;0;1;0;0;1;1;0;0;0;0;0;0;0;1;0;11;0;6;0;2;1;0;0;0;1;0;0;0;0;0;0;0;0;1;0;0;2;3;1;0;0;3;0;0;0;1;0;1;0;0;0;0;0;0;0;2;0;1;0;0;0;104;14;3;0;2;3;0;2;0;1;0;0;0;0;1;0;0;0;1;0;0;0;7;0;7;5;2;1;0;0;1;1;0;0;2;2;0;1;1;0;0;0;0;2;0;0;1;1;24;12;0;0;0;1;0;1;0;0;5;0;0;0;0;0;0;0;0;0;0;1;0;1;3;0;0;0;0;0;1;2;0;0;0;0
5;"Szkoła Podstawowa im. Józefa Kassolika, ul. Żubrów 13, 43-220 Międzyrzecze";241404;"gm. Bojszowy";"bieruńsko-lędziński";"śląskie";1;1;5;2;0;0;0;0;1;0;3;0;1;0;0;0;1;0;0;0;0;0;36;1;10;1;1;2;0;0;0;1;2;1;0;2;0;1;0;0;1;0;0;0;14;0;5;0;2;0;0;0;0;2;0;0;0;1;0;0;2;0;0;0;3;1;0;0;180;61;2;2;4;10;0;0;1;0;1;0;1;1;2;0;0;0;0;0;0;0;4;4;35;8;1;1;1;1;0;0;1;1;4;1;4;1;0;0;0;4;0;0;0;0;0;0;88;34;5;2;0;3;0;0;0;1;3;1;2;1;0;0;1;0;0;0;0;0;0;0;11;7;3;5;0;1;1;0;0;1;0;0
6;"Gminna Szkoła Podstawowa z Oddziałami Integracyjnymi im. ks Jerzego Popiełuszki, ul. Sierpowa 38, 43-220 Świerczyniec";241404;"gm. Bojszowy";"bieruńsko-lędziński";"śląskie";1;1;4;0;2;1;0;0;0;0;1;0;0;0;0;0;0;0;1;0;0;0;32;0;4;0;5;0;0;0;0;0;0;1;0;0;0;0;0;0;1;0;0;0;9;1;3;1;5;0;1;0;1;1;0;1;0;0;0;0;0;0;0;0;0;0;0;0;99;21;3;1;1;1;0;0;2;0;0;0;0;2;0;1;0;0;1;0;0;0;6;1;18;3;1;0;2;1;0;0;0;1;1;2;1;0;0;0;0;0;0;0;0;0;0;0;22;22;2;0;0;0;0;0;0;0;1;3;0;0;0;0;0;0;1;0;0;0;0;1;16;2;2;0;1;0;0;6;0;0;0;0
7;"Gminna Szkoła Podstawowa z Oddziałami Integracyjnymi im. ks Jerzego Popiełuszki, ul. Sierpowa 38, 43-220 Świerczyniec";241404;"gm. Bojszowy";"bieruńsko-lędziński";"śląskie";1;1;11;0;1;1;0;1;0;0;0;2;1;1;0;0;0;0;1;1;0;1;17;3;9;5;4;0;2;1;1;0;3;0;0;0;1;0;0;3;0;0;0;0;10;2;1;1;0;0;0;0;0;0;0;0;0;0;0;0;1;1;0;0;0;1;0;0;217;44;1;0;4;1;0;1;1;1;0;0;0;0;1;0;0;0;0;0;0;0;2;1;30;5;0;1;1;0;1;1;0;0;3;3;0;0;0;0;0;1;0;0;1;0;0;0;39;28;2;0;0;0;0;2;0;1;2;0;0;1;0;0;2;2;0;1;0;0;0;2;13;2;0;0;1;0;0;3;1;0;1;0
8;"Gminna Szkoła Podstawowa z Oddziałami Integracyjnymi im. ks Jerzego Popiełuszki, ul. Sierpowa 38, 43-220 Świerczyniec";241404;"gm. Bojszowy";"bieruńsko-lędziński";"śląskie";1;1;12;2;3;1;0;1;0;0;1;1;0;0;0;0;1;1;2;1;0;0;94;0;20;2;11;5;1;1;0;0;3;2;4;0;0;0;0;2;1;0;1;1;11;1;16;1;6;0;0;0;3;0;1;2;1;1;1;0;0;0;1;0;1;0;2;2;220;100;5;4;6;7;0;0;2;0;0;0;0;0;1;0;3;1;2;0;2;1;11;0;48;12;0;1;2;0;0;0;1;1;1;1;3;0;2;0;0;0;0;1;2;1;2;2;170;81;9;1;0;1;0;3;1;0;1;0;1;1;0;0;1;1;0;1;0;0;0;2;8;9;0;0;1;2;1;18;0;1;1;0
9;"Gminne Przedszkole w Bojszowach, Oddział zamiejscowy w Jedlinie, ul. Świętojańska 1, 43-220 Jedlina";241404;"gm. Bojszowy";"bieruńsko-lędziński";"śląskie";1;1;0;0;3;0;0;0;0;1;1;0;0;0;2;0;0;0;0;0;0;0;16;2;3;0;1;3;1;0;1;0;0;0;0;2;2;1;0;0;0;0;0;0;8;0;1;0;0;0;0;0;0;0;0;1;0;0;0;0;0;0;0;0;1;0;0;0;117;5;2;2;1;0;2;0;0;1;0;0;0;0;1;0;0;0;1;0;1;2;5;1;15;3;2;1;1;0;0;2;1;0;0;1;0;0;0;0;0;1;3;0;0;0;0;1;27;8;2;1;0;1;0;0;0;0;1;1;0;0;0;0;0;0;1;0;0;0;1;0;6;1;1;0;1;0;0;2;0;0;0;0
1;"Szkoła Podstawowa Nr 2, ul. Śląska 12, 41-403 Chełm Śląski";241405;"gm. Chełm Śląski";"bieruńsko-lędziński";"śląskie";1;1;16;3;1;0;0;0;0;0;3;0;1;0;0;0;1;0;0;0;2;1;84;1;25;4;11;4;1;2;0;0;1;2;0;3;16;0;1;1;2;0;2;1;21;0;15;0;4;0;0;2;0;0;0;1;1;1;0;0;1;0;2;0;1;2;1;0;321;55;3;3;6;12;0;0;1;2;3;0;0;1;15;0;0;4;1;1;1;3;2;6;44;6;5;0;2;0;5;0;1;1;0;2;0;0;1;1;0;0;2;0;1;0;1;2;145;65;55;3;1;5;1;1;0;0;1;2;2;2;0;2;0;0;0;1;0;0;2;2;20;3;3;3;1;0;1;6;0;0;0;0
2;"Szkoła Podstawowa Nr 2, ul. Oskara Kolberga 1, 41-403 Chełm Śląski";241405;"gm. Chełm Śląski";"bieruńsko-lędziński";"śląskie";1;1;13;3;5;0;5;0;2;1;2;0;2;1;0;0;0;2;2;1;3;1;106;6;43;3;5;12;6;9;0;1;6;2;1;1;11;2;1;3;1;0;5;6;38;2;15;4;3;4;0;1;4;3;1;3;0;2;0;0;2;0;6;0;4;0;4;2;597;68;6;4;12;10;0;1;1;1;3;0;0;4;22;1;2;1;2;1;2;3;2;5;101;16;8;2;7;1;1;3;2;1;3;2;1;0;0;0;0;3;1;1;0;1;1;4;212;120;32;3;4;11;3;4;0;2;2;6;2;4;1;1;0;1;0;3;0;0;3;5;18;4;2;0;0;0;4;8;1;0;0;1
3;"Szkoła Podstawowa Nr 1, ul. Mieczysława Karłowicza 21, 41-403 Chełm Śląski";241405;"gm. Chełm Śląski";"bieruńsko-lędziński";"śląskie";1;1;7;3;2;0;1;0;0;1;1;0;1;0;0;0;0;1;0;1;1;1;44;2;8;1;0;5;0;0;0;0;1;0;2;0;29;0;0;0;1;0;1;1;22;4;9;1;3;0;1;1;3;0;1;3;0;1;0;0;2;0;3;1;0;1;2;0;305;44;5;1;8;5;3;0;0;0;0;0;0;4;5;0;0;0;1;0;1;1;1;2;41;4;4;0;0;4;1;3;0;2;2;0;2;0;0;0;0;0;1;0;0;0;2;0;79;49;36;1;1;4;1;0;2;1;2;1;2;3;0;1;1;0;1;0;2;0;0;2;6;2;0;1;0;0;0;1;1;0;0;1
1;"Zespół Szkolno-Przedszkolny Nr 1, ul. Główna 21, 41-503 Chorzów";246301;"m. Chorzów";"Chorzów";"śląskie";1;1;5;0;4;2;1;2;0;1;0;0;0;2;0;0;0;0;0;0;2;0;43;5;49;3;3;18;1;0;1;2;2;0;0;5;0;3;2;12;3;1;6;9;43;4;9;4;3;7;2;0;4;3;3;0;1;0;1;0;1;0;3;1;0;1;1;2;248;4;5;9;15;5;0;2;3;0;0;1;0;2;0;23;0;1;3;0;1;1;0;1;43;12;11;1;1;3;3;1;3;2;1;0;0;1;0;1;0;1;2;0;0;0;1;2;218;114;4;7;6;15;5;3;3;3;1;2;24;1;0;6;1;0;4;0;0;1;2;6;25;4;0;2;2;1;1;1;2;0;0;1
2;"Szkoła Podstawowa Nr 24, ul. 17 Sierpnia 1, 41-503 Chorzów";246301;"m. Chorzów";"Chorzów";"śląskie";1;1;6;1;3;0;3;3;2;0;0;1;0;0;0;1;0;2;0;1;0;1;52;0;23;4;1;8;1;1;1;1;0;2;1;1;1;0;1;13;2;2;1;4;31;0;13;1;2;3;1;0;5;3;1;1;1;0;3;0;1;0;0;0;1;0;0;0;118;6;2;1;3;7;0;1;1;0;2;1;0;1;1;41;0;1;2;1;1;0;1;1;26;7;3;0;2;1;2;3;1;2;1;0;0;0;0;0;0;0;2;0;0;0;1;0;132;99;10;5;3;10;2;1;1;6;1;0;17;5;0;2;1;1;0;1;0;1;1;8;2;2;0;0;4;0;0;1;0;0;0;1
3;"Zespół Szkół Mistrzostwa Sportowego, ul. Harcerska 2, 41-503 Chorzów";246301;"m. Chorzów";"Chorzów";"śląskie";1;1;11;1;1;0;1;4;2;1;3;2;1;0;0;0;2;0;0;0;0;1;115;9;42;2;6;10;9;2;2;2;2;1;0;3;1;2;2;10;0;2;8;3;43;11;20;4;7;3;4;1;3;1;3;2;6;2;1;0;2;0;1;0;1;3;4;0;258;12;0;7;4;10;1;4;0;1;2;2;0;3;2;76;0;1;0;1;0;0;0;3;52;17;7;2;4;0;1;3;2;1;1;2;1;1;1;0;0;1;3;0;0;1;2;1;345;216;12;11;5;29;3;5;2;6;0;0;29;6;1;0;0;3;4;3;3;0;2;6;18;6;1;0;0;1;1;3;0;0;3;0
4;"Szkoła Podstawowa Nr 29, ul. Lwowska 36, 41-500 Chorzów";246301;"m. Chorzów";"Chorzów";"śląskie";1;1;5;0;3;0;1;0;1;2;2;0;1;0;0;0;1;2;0;0;0;2;57;3;33;8;4;3;2;3;1;2;1;0;1;1;1;1;0;10;0;0;1;3;55;2;24;2;7;1;3;2;1;1;1;5;2;0;1;2;3;1;0;0;4;0;3;1;195;14;1;3;7;7;1;3;1;0;2;0;0;0;0;30;0;0;0;0;0;0;0;3;35;9;9;0;2;0;4;1;1;2;2;4;0;0;1;0;0;2;0;0;0;0;1;3;301;116;7;13;2;14;2;3;3;2;0;5;40;4;1;2;0;4;3;0;0;0;1;8;10;1;4;0;1;0;1;5;0;0;1;1
5;"Szkoła Podstawowa Nr 39, ul. 11 Listopada 21, 41-500 Chorzów";246301;"m. Chorzów";"Chorzów";"śląskie";1;1;5;2;3;0;3;0;0;0;2;0;0;1;0;0;1;0;1;1;1;1;33;1;21;0;1;1;0;3;0;0;1;0;0;1;1;0;1;0;0;1;1;1;25;2;14;0;1;3;0;1;4;1;0;1;0;0;0;0;1;1;2;0;1;1;2;1;191;12;3;9;1;9;1;0;1;2;0;0;1;2;0;9;0;1;0;0;0;0;0;1;31;3;2;0;1;0;0;2;0;1;2;1;1;0;0;0;0;1;0;0;1;0;0;3;174;66;8;4;3;5;3;2;1;0;1;1;14;2;0;2;0;1;5;0;0;0;0;3;9;2;1;0;0;0;0;1;0;1;1;0
6;"Szkoła Podstawowa Nr 39, ul. 11 Listopada 21, 41-500 Chorzów";246301;"m. Chorzów";"Chorzów";"śląskie";1;1;9;1;1;2;4;0;0;0;0;1;0;1;0;0;2;1;1;2;2;3;68;2;32;2;2;11;0;2;1;2;1;1;1;4;0;0;1;3;0;0;2;3;36;8;16;2;1;1;0;0;4;1;1;1;2;1;3;1;4;1;3;0;2;1;2;0;240;7;5;7;6;9;0;3;1;0;1;1;0;2;1;8;0;0;0;0;1;0;0;1;36;11;5;1;4;1;1;0;2;1;0;0;0;0;0;1;0;2;0;2;0;1;0;2;291;134;6;12;4;10;5;2;0;3;0;2;26;2;2;3;0;3;6;1;2;0;1;8;5;3;2;0;0;0;0;0;1;1;2;1
7;"Szkoła Podstawowa Nr 39, ul. 11 Listopada 21, 41-500 Chorzów";246301;"m. Chorzów";"Chorzów";"śląskie";1;1;11;1;1;0;1;0;1;1;0;0;0;2;0;0;1;0;0;0;0;0;61;6;26;2;2;3;0;1;1;1;1;3;0;2;0;0;1;5;2;0;0;2;25;11;13;2;6;1;1;0;0;1;1;1;0;0;1;0;1;0;2;0;1;2;3;2;204;11;5;4;9;8;1;4;2;1;0;1;0;2;2;5;1;1;0;0;0;0;0;2;33;12;6;0;1;1;2;1;0;2;0;0;1;1;0;0;0;1;1;0;0;0;0;0;243;93;3;5;2;13;3;1;0;2;0;1;20;2;0;0;0;1;3;0;0;0;1;6;5;0;1;0;0;1;0;1;2;0;2;0
8;"Szkoła Podstawowa Nr 17, ul. Łagiewnicka 18, 41-500 Chorzów";246301;"m. Chorzów";"Chorzów";"śląskie";1;1;5;0;1;1;0;0;0;1;0;0;1;1;0;2;1;0;1;0;0;0;22;0;9;1;5;5;0;3;0;0;0;1;1;3;0;1;0;7;0;1;2;2;33;3;13;1;3;3;4;2;4;1;1;1;2;0;0;1;2;1;1;1;1;1;6;0;189;4;3;0;5;4;1;1;0;0;0;0;0;2;1;6;0;0;1;0;2;0;0;0;23;8;2;1;0;3;2;3;0;0;1;3;0;0;0;0;1;1;2;1;1;0;0;1;136;38;5;3;2;3;1;3;1;1;1;0;14;6;0;1;0;0;5;0;1;0;2;2;6;2;1;2;0;0;0;2;0;0;0;0
9;"Szkoła Podstawowa Nr 17, ul. Łagiewnicka 18, 41-500 Chorzów";246301;"m. Chorzów";"Chorzów";"śląskie";1;1;8;1;2;0;2;0;0;0;0;0;2;0;0;0;1;1;0;0;2;1;69;2;27;3;3;4;0;3;0;0;3;1;0;1;0;2;2;9;0;0;1;4;23;3;8;1;1;0;3;0;3;0;1;1;2;1;3;0;2;1;1;0;1;2;1;1;236;10;3;4;9;12;0;4;1;1;0;0;0;0;1;8;0;1;2;0;1;0;3;1;29;6;3;1;0;1;1;4;1;1;2;1;1;0;0;0;0;3;0;0;0;0;1;1;277;106;10;6;4;14;2;2;0;1;1;1;28;1;2;1;0;2;3;0;0;0;5;3;11;5;0;1;1;0;0;0;3;0;1;2
10;"Szkoła Podstawowa Nr 17, ul. Łagiewnicka 18, 41-500 Chorzów";246301;"m. Chorzów";"Chorzów";"śląskie";1;1;2;0;1;1;0;1;0;3;0;0;0;0;0;1;0;0;0;0;0;0;75;1;18;4;1;6;2;9;1;3;0;2;0;3;0;0;0;3;0;0;1;3;39;7;14;5;6;1;2;1;2;3;0;2;1;1;0;1;2;0;3;0;3;1;2;1;225;4;4;5;1;11;3;3;0;1;1;1;0;2;1;5;1;1;1;0;0;0;0;5;37;13;6;0;5;1;4;0;0;0;3;2;1;0;0;0;0;5;0;0;1;0;0;1;208;102;6;7;2;8;2;3;3;1;1;1;27;1;1;1;0;1;3;2;0;0;0;6;11;4;1;0;2;1;2;0;1;0;2;0
11;"Zespół Szkół Technicznych i Ogólnokształcących Nr 4, ul. św. Piotra 1, 41-500 Chorzów";246301;"m. Chorzów";"Chorzów";"śląskie";1;1;7;1;2;0;0;0;0;0;0;0;1;0;1;0;0;0;0;0;1;0;40;4;17;3;3;4;0;3;1;0;0;0;0;2;0;2;1;8;3;1;5;2;18;3;15;0;3;4;1;1;2;1;1;1;0;0;5;0;0;0;2;0;2;2;3;0;225;9;7;3;11;12;0;3;0;0;1;0;1;5;2;8;2;1;1;1;2;0;0;0;29;6;4;2;3;0;1;2;1;3;1;1;1;0;2;0;0;0;1;1;0;0;1;2;207;60;4;6;5;12;1;1;1;2;0;2;20;1;0;1;2;0;11;0;2;2;1;1;11;9;2;0;1;1;1;1;0;0;0;4
12;"Zespół Szkół Specjalnych Nr 3, ul. 3 Maja 16, 41-500 Chorzów";246301;"m. Chorzów";"Chorzów";"śląskie";1;1;3;0;4;1;1;2;0;0;0;0;0;0;0;0;1;0;0;0;2;1;46;3;16;1;5;4;0;2;2;2;2;4;1;2;0;1;2;6;0;0;4;2;20;6;18;2;2;2;0;3;4;1;0;1;0;0;7;4;0;0;1;0;0;0;1;0;182;6;4;3;7;11;2;0;1;0;2;1;0;1;0;5;0;2;0;0;0;0;0;0;43;9;5;0;0;0;4;4;1;2;1;1;0;1;0;3;0;1;2;0;0;3;0;4;139;64;1;3;0;10;3;0;3;2;0;4;10;2;1;0;1;1;5;0;0;0;1;1;6;3;1;0;2;0;1;0;0;1;0;0
13;"Zespół Szkół Specjalnych Nr 3, ul. 3 Maja 16, 41-500 Chorzów";246301;"m. Chorzów";"Chorzów";"śląskie";1;1;7;1;3;2;0;1;0;0;1;0;0;0;0;0;0;0;0;1;0;1;63;6;25;1;4;7;1;1;3;3;1;2;2;1;0;2;0;12;0;0;1;3;44;3;18;6;4;2;3;0;3;1;0;3;5;0;1;0;1;1;4;2;3;1;5;0;283;4;4;15;8;16;2;1;0;0;0;0;1;2;0;3;0;1;0;0;0;0;0;6;25;11;3;0;4;0;2;1;1;0;2;0;0;0;1;1;0;0;0;0;0;0;1;2;224;102;10;4;0;11;1;0;0;2;1;1;27;2;0;0;1;1;0;1;0;1;1;6;14;0;1;0;4;0;0;2;1;1;0;2
14;"Szkoła Podstawowa Nr 15, ul. 3 Maja 78, 41-500 Chorzów";246301;"m. Chorzów";"Chorzów";"śląskie";1;1;12;1;2;4;1;0;0;0;1;1;0;0;0;1;0;0;0;1;1;2;69;9;31;4;8;6;3;6;1;1;2;0;0;3;0;0;1;11;0;2;5;2;34;7;17;2;4;3;3;0;2;5;1;0;3;0;2;1;5;0;0;0;1;0;3;3;268;15;3;13;8;9;0;1;0;0;1;0;1;3;1;6;0;0;0;1;4;1;1;3;45;8;6;0;0;2;1;3;0;2;0;4;1;1;0;1;0;2;3;2;0;1;4;6;284;140;6;13;4;16;1;4;1;3;0;6;32;8;1;3;0;1;5;2;3;0;3;5;15;2;3;1;2;1;0;0;0;0;0;2
15;"Szkoła Podstawowa Nr 38, ul. Śląska 3, 41-500 Chorzów";246301;"m. Chorzów";"Chorzów";"śląskie";1;1;6;2;1;0;1;2;1;0;0;0;0;0;1;1;3;0;0;0;1;1;76;1;40;2;2;7;3;2;0;0;2;4;0;4;1;1;0;5;1;1;0;2;29;4;22;1;6;0;3;2;4;0;1;6;2;0;2;2;9;0;4;0;1;0;3;0;283;5;3;19;8;9;0;1;0;1;2;0;0;1;0;15;0;0;0;0;0;1;0;1;43;23;3;1;3;1;1;0;0;2;3;1;0;0;1;0;1;0;0;1;0;1;2;0;331;115;7;8;4;11;0;3;2;7;0;0;26;6;0;1;1;1;5;0;2;1;9;8;12;3;3;4;1;0;0;0;2;0;0;2
16;"Szkoła Podstawowa Nr 38, ul. Śląska 3, 41-500 Chorzów";246301;"m. Chorzów";"Chorzów";"śląskie";1;1;10;0;2;2;2;1;3;0;1;0;0;0;0;1;2;0;0;1;3;3;78;3;40;3;5;7;2;0;4;2;2;1;1;1;0;0;0;11;2;0;3;3;31;8;14;0;9;1;1;0;3;1;1;2;3;1;1;1;2;0;3;0;1;2;1;0;314;15;3;11;13;21;1;8;0;1;0;0;0;5;0;7;0;0;0;0;1;0;1;3;46;16;4;1;0;0;0;2;1;0;0;0;0;0;0;0;0;1;0;0;0;0;1;6;274;133;13;7;8;9;4;1;0;1;1;3;33;6;0;0;0;2;1;0;2;1;0;13;4;3;2;1;0;2;1;0;0;0;2;1
17;"Szkoła Podstawowa Nr 38, ul. Śląska 3, 41-500 Chorzów";246301;"m. Chorzów";"Chorzów";"śląskie";1;1;14;0;1;0;1;2;3;0;0;2;0;1;0;0;1;0;1;1;1;2;55;2;34;4;8;8;2;1;1;3;1;2;1;4;4;1;4;8;1;1;2;4;44;9;18;5;11;3;1;1;4;1;0;1;1;0;0;0;3;0;0;0;1;1;1;0;296;10;6;10;8;16;0;3;1;0;0;0;0;6;6;8;2;0;1;1;0;0;1;2;36;14;14;0;0;0;4;3;0;0;0;2;1;2;1;0;0;0;2;1;0;1;2;4;312;132;7;12;5;5;0;4;2;3;0;2;44;5;1;0;0;1;1;1;1;0;0;6;7;4;0;4;2;0;2;0;0;0;0;0
18;"Szkoła Podstawowa Nr 13, ul. dr Wincentego Styczyńskiego 32, 41-500 Chorzów";246301;"m. Chorzów";"Chorzów";"śląskie";1;1;5;0;1;0;0;1;1;0;1;0;1;1;1;0;0;0;0;1;1;3;33;4;39;5;4;6;6;6;1;0;2;0;0;3;0;4;1;3;1;0;1;7;30;7;20;3;8;5;1;0;2;2;1;1;2;0;2;1;5;1;1;0;1;1;1;2;283;11;8;7;7;4;0;0;0;0;0;2;0;4;0;7;0;1;0;0;1;0;0;3;44;6;8;3;0;0;0;3;1;1;2;1;0;0;3;1;0;1;3;0;0;0;0;2;193;91;6;5;2;7;0;5;2;1;0;2;18;7;0;2;0;2;2;0;1;1;1;3;5;4;1;1;0;2;2;2;2;1;4;0
19;"Szkoła Podstawowa Nr 13, ul. dr Wincentego Styczyńskiego 32, 41-500 Chorzów";246301;"m. Chorzów";"Chorzów";"śląskie";1;1;10;2;1;0;2;2;1;0;1;0;0;1;0;2;0;1;1;1;3;2;49;0;26;3;1;10;6;6;0;0;1;1;2;2;0;4;0;7;1;0;1;4;44;7;17;2;6;2;0;0;1;1;2;3;7;0;0;3;2;0;3;0;2;2;2;2;279;10;6;8;10;9;0;3;1;0;0;0;0;0;0;4;0;0;2;0;0;0;0;3;43;16;15;0;1;1;2;2;0;1;2;0;0;0;1;0;0;0;1;0;0;0;1;1;234;117;6;4;2;7;2;1;1;4;0;2;17;3;0;2;0;1;0;1;3;1;2;2;15;5;2;2;1;1;0;0;1;1;2;1
20;"Zespół Szkół Budowlanych, ul. gen. Henryka Dąbrowskiego 53, 41-500 Chorzów";246301;"m. Chorzów";"Chorzów";"śląskie";1;1;6;2;1;1;1;0;2;0;0;1;0;2;0;1;0;0;1;2;1;0;41;4;20;0;2;4;0;1;1;1;0;0;0;0;0;0;0;10;0;0;2;3;28;1;10;1;4;2;3;0;4;1;0;4;1;0;0;0;0;0;3;0;3;1;2;0;226;3;4;3;10;10;0;1;0;1;0;1;0;1;0;10;0;1;1;0;0;1;1;1;23;3;5;1;1;0;2;1;0;0;2;1;0;1;1;3;0;0;0;0;0;0;0;7;199;75;10;12;2;9;2;2;1;0;0;2;18;4;3;2;0;2;5;0;0;0;2;12;10;2;1;0;2;1;1;1;0;0;0;0
21;"Szkoła Podstawowa Nr 1, ul. gen. Henryka Dąbrowskiego 41, 41-500 Chorzów";246301;"m. Chorzów";"Chorzów";"śląskie";1;1;3;0;2;0;3;0;0;0;0;2;0;0;0;0;0;0;0;0;0;1;35;1;15;2;1;1;0;0;0;0;2;0;0;0;0;0;1;0;2;0;0;0;7;1;10;1;2;1;1;1;1;2;0;0;0;0;0;1;1;0;1;0;1;2;0;0;104;1;1;0;3;1;0;2;0;0;1;0;0;1;0;1;0;2;0;0;0;0;0;1;21;5;3;0;0;3;0;2;1;2;0;1;0;0;0;0;0;0;1;0;0;1;0;3;113;41;4;3;0;5;0;1;1;0;0;0;15;1;0;0;1;0;1;0;2;0;0;6;7;1;1;0;0;1;0;1;0;0;0;1
22;"Szkoła Podstawowa Nr 1, ul. gen. Henryka Dąbrowskiego 41, 41-500 Chorzów";246301;"m. Chorzów";"Chorzów";"śląskie";1;1;8;0;2;1;1;0;2;0;1;1;1;1;0;0;0;0;0;0;2;2;62;1;35;1;4;4;2;1;1;0;1;1;1;4;1;0;0;6;1;0;2;2;40;11;19;5;1;2;1;2;3;1;0;0;1;0;2;0;5;0;0;0;1;1;2;1;221;8;6;4;2;5;1;2;0;0;1;0;0;3;1;5;1;1;1;0;0;0;0;2;23;5;4;0;1;0;0;1;0;0;0;2;0;1;0;0;0;1;0;0;0;0;1;2;239;98;2;10;10;13;4;3;2;0;0;0;26;8;0;0;2;0;6;1;1;0;2;4;10;1;2;0;1;0;0;1;1;0;0;3
23;"Zespół Szkół Technicznych Nr 2, ul. Powstańców 6a, 41-500 Chorzów";246301;"m. Chorzów";"Chorzów";"śląskie";1;1;6;0;0;0;0;0;4;0;0;0;1;1;0;0;2;0;0;0;1;0;38;2;17;2;5;6;1;2;0;0;0;2;0;3;1;1;1;2;0;0;3;2;24;4;16;1;6;0;1;0;5;1;0;3;2;3;0;1;5;0;0;0;2;0;5;0;143;5;3;4;7;0;2;0;0;0;1;0;1;2;0;2;0;0;0;0;0;0;0;2;22;8;1;0;0;0;3;1;0;2;0;0;4;0;0;0;0;0;2;0;0;1;1;1;128;47;9;6;1;15;4;1;1;1;0;1;17;6;2;2;0;0;5;0;0;2;0;1;9;3;0;0;1;0;0;1;1;1;1;0
24;"Zespół Szkół Technicznych Nr 2, ul. Powstańców 6a, 41-500 Chorzów";246301;"m. Chorzów";"Chorzów";"śląskie";1;1;9;1;0;0;4;0;1;0;1;0;0;0;0;1;0;0;1;0;1;0;30;1;23;0;0;2;0;3;0;2;0;1;1;0;0;3;1;3;0;0;1;0;30;4;14;4;1;3;2;1;3;2;0;2;0;1;0;0;1;0;3;0;1;0;1;0;119;4;1;1;2;2;0;3;0;0;1;1;0;1;0;5;0;0;1;0;1;0;1;2;20;5;2;0;0;2;3;1;0;1;5;1;0;0;1;0;0;2;0;0;0;0;0;2;146;60;2;6;0;2;4;1;4;1;1;3;14;3;0;1;0;0;7;0;0;0;2;4;3;2;2;2;0;0;1;1;0;0;0;1
25;"Zespół Szkół Technicznych Nr 2, ul. Powstańców 6a, 41-500 Chorzów";246301;"m. Chorzów";"Chorzów";"śląskie";1;1;5;1;0;0;0;0;0;0;0;0;0;0;0;0;0;0;0;0;0;0;29;4;20;1;5;0;2;1;1;0;2;1;0;2;0;0;0;9;1;0;2;1;37;6;13;1;6;2;2;0;3;0;0;1;3;0;3;1;5;0;1;0;3;1;8;1;112;4;5;3;8;5;0;1;0;0;0;1;0;1;2;4;2;0;0;0;0;0;0;0;27;8;8;0;0;1;1;1;1;0;0;0;0;0;0;2;0;0;1;0;1;1;1;1;138;56;7;1;3;11;2;1;0;1;0;2;20;5;0;0;0;0;5;0;2;1;2;4;5;1;3;0;0;0;0;0;0;0;0;0
26;"Centrum Kształcenia Zawodowego i Ustawicznego, ul. Ludwika Urbanowicza 2, 41-500 Chorzów";246301;"m. Chorzów";"Chorzów";"śląskie";1;1;4;0;0;0;1;0;1;0;2;0;0;1;1;0;0;0;0;1;0;1;35;1;42;3;3;9;0;2;0;2;4;2;2;2;0;1;0;6;1;1;2;3;34;3;23;2;3;1;3;1;3;1;2;1;3;0;2;0;1;1;0;0;5;1;1;0;195;6;3;5;3;2;1;2;0;1;0;0;1;4;0;6;0;0;2;0;3;0;1;3;32;5;2;1;4;1;1;1;0;0;2;0;0;0;1;0;0;2;0;0;0;1;1;0;250;108;6;5;5;8;1;3;1;3;1;1;51;0;1;0;0;1;9;1;0;0;0;4;10;4;0;0;1;0;0;1;0;0;0;1
27;"Centrum Kształcenia Zawodowego i Ustawicznego, ul. Ludwika Urbanowicza 2, 41-500 Chorzów";246301;"m. Chorzów";"Chorzów";"śląskie";1;1;1;0;0;0;2;2;0;0;0;0;1;1;0;0;0;2;0;0;1;0;51;5;36;4;5;7;1;1;3;0;2;2;1;4;0;1;0;10;0;0;4;5;33;8;19;3;6;3;2;0;5;4;0;4;5;1;1;0;4;0;2;0;1;0;3;2;236;9;5;9;8;11;1;4;0;1;4;1;0;1;0;9;0;0;2;0;0;0;1;8;42;14;5;0;2;0;2;2;1;4;0;1;0;0;0;1;0;1;0;1;0;0;1;3;295;120;15;8;5;10;2;2;2;2;0;0;65;2;0;1;0;0;14;1;3;0;2;12;12;2;2;1;3;0;2;2;0;0;0;0
28;"Centrum Integracji Międzypokoleniowej, ul. gen. Henryka Dąbrowskiego 7, 41-500 Chorzów";246301;"m. Chorzów";"Chorzów";"śląskie";1;1;7;1;2;0;0;3;2;0;0;0;0;0;0;1;1;1;0;0;1;1;63;11;38;2;4;8;4;5;3;0;0;0;0;3;2;0;0;8;0;1;0;6;45;6;27;0;8;3;3;0;3;3;0;4;2;0;4;1;7;0;1;0;2;0;1;1;228;6;4;4;14;4;0;4;0;0;1;1;1;3;1;10;1;0;1;0;0;0;1;0;41;11;17;2;1;1;0;0;0;0;0;1;2;0;0;3;0;0;3;1;1;0;0;1;254;113;6;10;2;10;4;2;3;3;1;3;25;3;1;1;0;2;4;0;1;0;1;10;10;2;2;2;1;0;0;1;2;0;2;2
29;"Szkoła Podstawowa Nr 29, ul. Lwowska 36, 41-500 Chorzów";246301;"m. Chorzów";"Chorzów";"śląskie";1;1;8;0;3;0;2;0;1;0;0;1;0;0;1;0;0;0;1;1;1;3;64;6;14;2;2;7;4;2;2;1;1;3;2;5;0;1;1;12;3;1;1;2;42;5;21;2;2;0;3;0;9;4;4;1;0;0;1;0;4;0;5;0;0;3;3;3;205;10;1;5;8;9;2;3;0;1;0;0;0;2;0;15;0;0;1;0;2;0;0;1;37;9;5;2;0;1;3;5;1;3;1;1;1;2;0;1;0;3;0;0;1;0;1;3;259;103;3;7;4;7;2;3;1;3;2;0;45;5;1;1;0;1;10;1;1;0;2;20;11;2;0;1;0;0;0;6;0;1;2;1
30;"Szkoła Podstawowa Nr 5, ul. Józefa Ryszki 55, 41-500 Chorzów";246301;"m. Chorzów";"Chorzów";"śląskie";1;1;7;1;0;0;1;0;1;1;1;0;0;0;1;0;1;0;0;1;0;0;88;2;30;3;9;8;2;5;0;0;0;1;0;1;0;0;0;11;1;0;1;6;52;5;13;0;2;2;2;0;1;0;0;3;2;0;2;0;5;1;0;0;1;1;2;0;214;16;2;3;10;6;0;7;1;0;1;0;0;5;0;7;0;0;0;0;2;0;0;7;42;11;7;1;4;0;1;0;0;0;2;0;0;1;0;0;0;0;0;1;0;0;1;2;267;99;9;9;8;8;2;8;6;1;0;2;63;7;0;1;0;0;1;1;1;0;1;7;2;4;0;1;0;0;0;2;0;0;0;1
31;"Szkoła Podstawowa Nr 5, ul. Józefa Ryszki 55, 41-500 Chorzów";246301;"m. Chorzów";"Chorzów";"śląskie";1;1;9;0;2;0;2;0;5;0;1;0;0;2;0;0;0;0;0;0;0;1;65;5;23;2;4;10;0;1;0;0;3;0;0;4;0;1;0;5;1;1;4;7;39;8;22;3;6;2;1;3;4;1;2;4;2;0;0;1;1;0;1;0;3;0;1;0;242;13;3;4;5;6;0;3;0;1;1;0;1;2;1;5;1;3;0;0;0;0;0;1;34;11;7;1;2;1;3;2;0;1;0;0;0;1;0;0;0;3;3;0;1;0;1;4;248;104;10;10;8;6;1;2;1;1;2;2;104;1;1;0;0;0;0;0;0;0;0;12;9;2;0;0;2;1;1;0;0;0;0;0
32;"Przedszkole Nr 18, ul. ks. Jana Gałeczki 17, 41-500 Chorzów";246301;"m. Chorzów";"Chorzów";"śląskie";1;1;5;0;0;1;1;0;0;0;0;0;0;0;0;0;0;0;0;1;0;0;54;4;27;1;6;7;1;0;0;2;0;0;2;1;0;1;0;6;0;3;6;8;45;4;20;3;3;0;2;1;1;2;0;4;4;0;0;0;1;1;1;0;2;1;1;3;203;10;4;11;2;12;0;4;0;0;0;0;0;2;1;7;0;0;1;0;0;0;0;1;38;13;10;0;3;0;0;2;0;0;0;0;0;0;0;0;0;0;1;0;0;2;0;2;222;122;5;5;3;11;1;1;1;0;0;1;115;1;1;0;2;0;5;0;1;0;1;4;15;4;1;2;0;0;1;2;1;0;0;0
33;"Przedszkole Nr 18, ul. ks. Jana Gałeczki 17, 41-500 Chorzów";246301;"m. Chorzów";"Chorzów";"śląskie";1;1;3;0;1;0;0;0;0;0;1;0;1;0;0;0;0;0;0;0;0;4;42;6;23;0;5;5;2;2;0;0;2;0;0;5;0;3;0;1;0;0;3;1;33;5;17;1;4;0;2;0;1;5;2;1;3;1;0;1;3;0;2;0;0;2;0;1;192;11;3;5;7;11;0;7;0;0;0;1;0;1;1;8;0;0;0;0;1;0;1;1;25;9;13;0;2;1;3;0;1;0;1;0;0;0;0;1;0;0;1;0;0;0;0;0;193;99;6;11;0;4;9;0;1;0;0;1;76;3;2;1;0;0;1;0;0;0;0;5;9;1;0;1;0;1;2;0;0;0;2;1
34;"Zespół Szkół Technicznych Nr 1, ul. Sportowa 23, 41-500 Chorzów";246301;"m. Chorzów";"Chorzów";"śląskie";1;1;2;1;1;1;2;1;4;1;0;0;0;0;1;0;0;0;0;0;1;0;73;6;31;2;4;6;1;2;0;1;0;0;0;3;0;0;1;8;0;2;4;4;16;3;25;2;5;2;1;0;4;0;2;0;3;0;1;0;2;0;2;0;5;1;3;0;246;8;0;6;6;11;0;6;0;0;0;0;1;4;0;7;1;1;0;0;0;0;1;0;25;15;6;0;2;1;0;0;0;0;0;0;2;2;0;1;0;3;0;0;0;1;1;0;246;116;5;11;4;4;5;2;6;2;1;0;73;0;1;0;0;0;4;0;0;0;4;0;23;1;1;0;1;0;2;0;0;0;0;1
35;"Szkoła Podstawowa Nr 21, ul. Wolności 133, 41-500 Chorzów";246301;"m. Chorzów";"Chorzów";"śląskie";1;1;11;3;4;0;1;0;2;0;2;0;0;3;1;0;2;0;0;2;0;1;41;2;18;0;4;7;6;4;0;0;1;0;1;2;0;2;0;9;3;0;3;2;27;10;17;2;9;3;3;0;3;1;1;3;0;0;4;3;3;2;1;0;2;0;2;1;238;10;2;7;3;7;0;3;0;2;0;0;0;2;6;4;0;0;2;1;2;0;0;3;65;15;8;2;3;2;1;1;0;0;1;0;2;4;1;1;0;0;3;1;3;0;0;2;254;82;10;11;9;13;1;3;0;4;0;1;15;1;0;2;0;0;4;1;2;0;0;4;4;2;0;1;1;1;0;0;1;0;1;3
36;"Szkoła Podstawowa Nr 21, ul. Wolności 133, 41-500 Chorzów";246301;"m. Chorzów";"Chorzów";"śląskie";1;1;8;2;0;1;1;2;1;1;0;0;0;0;0;0;0;0;0;1;0;2;57;2;33;2;1;6;1;1;0;0;2;0;0;0;0;1;2;3;2;0;5;5;44;6;21;2;9;1;3;2;1;3;1;3;1;0;0;0;4;3;0;0;1;4;2;0;215;11;4;6;7;9;1;9;2;0;0;2;0;0;1;2;0;0;0;0;1;0;2;1;43;13;7;0;0;2;2;0;4;1;1;2;0;0;0;1;0;2;0;0;2;1;0;2;236;80;10;4;4;4;4;5;1;2;0;0;23;8;0;1;1;0;2;3;3;0;3;10;5;3;1;3;0;0;1;1;0;0;0;1
37;"Centrum Aktywizacji Społecznej, ul. Powstańców 70/3, 41-500 Chorzów";246301;"m. Chorzów";"Chorzów";"śląskie";1;1;12;1;1;0;1;2;2;1;0;0;0;1;1;1;2;0;0;1;0;0;47;6;27;1;5;2;2;1;1;1;0;0;0;0;0;1;3;7;5;3;2;2;43;4;18;3;12;3;1;1;2;1;1;2;2;0;0;0;3;0;0;0;1;1;0;0;198;11;1;2;9;13;2;3;0;0;3;1;0;1;1;1;0;0;1;0;2;0;0;0;34;2;4;1;2;1;5;2;0;1;0;0;0;2;2;2;0;2;1;0;0;0;1;6;189;89;3;12;3;11;0;1;0;2;1;2;37;4;0;2;0;1;5;2;0;0;2;4;10;4;0;1;2;2;3;2;0;1;0;2
38;"Centrum Aktywizacji Społecznej, ul. Powstańców 70/3, 41-500 Chorzów";246301;"m. Chorzów";"Chorzów";"śląskie";1;1;4;0;0;0;0;0;1;0;0;0;1;0;1;0;0;0;0;0;1;0;24;1;17;1;0;5;0;0;0;0;1;0;1;5;0;1;0;4;1;0;1;6;23;3;6;0;7;0;1;0;2;0;0;1;1;0;3;1;3;0;4;0;0;1;1;1;171;3;3;2;1;7;0;0;0;0;0;0;0;2;0;3;0;0;1;0;1;0;0;2;18;4;8;1;1;1;0;1;0;2;2;2;0;1;0;0;0;4;1;0;0;0;4;2;126;45;2;3;2;6;8;4;0;0;0;1;14;4;0;2;0;0;7;0;0;1;2;0;3;3;1;2;1;0;0;0;0;0;1;4
39;"Szkoła Podstawowa Nr 37, ul. Ratuszowa 20, 41-506 Chorzów";246301;"m. Chorzów";"Chorzów";"śląskie";1;1;11;1;1;0;1;2;1;0;0;0;1;1;0;1;1;1;1;2;0;0;42;3;29;1;2;6;3;3;0;0;4;1;1;4;0;1;0;4;0;1;2;2;31;7;8;2;5;3;4;1;3;1;1;2;1;0;0;0;2;0;1;0;1;0;4;0;194;6;6;3;4;6;0;1;0;0;0;1;1;5;5;3;1;1;1;0;2;1;1;1;28;3;3;1;1;1;3;1;0;5;1;2;1;0;1;1;0;0;0;0;1;0;0;0;163;66;0;3;0;12;0;2;4;4;0;1;11;3;0;0;1;1;1;1;0;0;0;9;9;3;0;0;1;1;3;0;2;1;1;1
40;"Szkoła Podstawowa Nr 37, ul. Ratuszowa 20, 41-506 Chorzów";246301;"m. Chorzów";"Chorzów";"śląskie";1;1;7;0;0;1;1;1;1;0;0;1;0;0;0;0;1;1;1;0;1;1;31;5;21;3;1;9;1;0;2;0;2;1;2;7;1;0;0;2;1;3;2;2;25;5;7;3;2;2;1;1;0;5;0;0;2;0;0;0;3;0;2;0;0;1;1;0;165;8;1;7;4;4;1;5;0;0;0;1;0;0;0;5;0;1;0;0;0;0;0;3;27;5;3;1;0;1;2;0;0;1;0;0;0;0;1;1;0;0;1;0;0;0;1;1;138;58;3;8;2;10;3;2;1;3;0;0;9;1;2;2;1;0;3;1;3;0;1;2;3;1;0;0;1;0;0;0;0;0;0;2
41;"Szkoła Podstawowa Nr 37, ul. Ratuszowa 20, 41-506 Chorzów";246301;"m. Chorzów";"Chorzów";"śląskie";1;1;12;2;2;3;0;0;0;0;1;0;3;0;0;1;2;0;0;0;0;1;55;4;29;4;4;12;0;5;0;0;2;1;0;5;0;2;0;8;1;0;0;4;30;8;14;1;11;4;3;1;2;0;0;3;6;0;0;0;1;0;1;0;1;1;2;0;229;7;5;5;7;6;0;7;0;2;1;1;2;3;4;9;1;0;2;0;0;0;0;1;28;9;4;1;1;0;3;0;2;2;0;0;0;1;2;0;0;2;1;0;0;0;1;1;270;92;8;9;1;20;5;5;3;3;0;0;41;5;3;0;0;2;5;3;2;1;6;11;14;3;1;0;0;0;0;2;1;0;1;1
42;"Szkoła Podstawowa Specjalna Nr 33, ul. Dyrekcyjna 3, 41-506 Chorzów";246301;"m. Chorzów";"Chorzów";"śląskie";1;1;12;0;2;2;1;0;2;1;1;0;2;0;1;0;1;0;0;0;4;3;40;1;34;1;5;7;0;3;4;2;1;2;1;3;0;1;1;7;0;0;3;2;34;6;12;0;6;2;1;2;0;3;0;5;1;0;1;1;3;1;2;1;0;0;2;3;162;8;2;6;2;8;2;16;0;0;0;0;0;0;3;3;0;0;2;0;1;1;0;1;22;9;7;1;1;2;0;2;1;1;0;0;0;1;1;0;1;2;2;0;0;0;1;3;209;69;7;11;3;8;1;5;2;2;0;6;13;7;2;1;1;3;10;0;0;0;2;9;8;5;2;2;2;0;2;2;0;2;0;3
43;"Szkoła Podstawowa Nr 34, ul. Kaliny 55, 41-506 Chorzów";246301;"m. Chorzów";"Chorzów";"śląskie";1;1;5;2;2;1;2;0;0;1;0;2;0;0;0;1;0;0;0;0;0;2;29;5;13;2;4;3;1;1;0;1;1;0;0;4;1;1;0;2;4;0;1;5;21;6;8;2;1;4;0;0;3;0;0;4;2;1;0;0;0;0;0;1;4;1;3;0;149;11;4;3;1;2;0;8;0;0;0;1;0;2;1;4;0;1;1;0;0;0;0;2;20;12;5;1;2;1;1;3;1;1;1;0;1;0;0;2;0;0;0;0;0;0;0;6;142;41;5;4;0;8;1;1;1;4;1;1;11;0;0;0;1;1;0;2;1;1;0;2;3;2;2;2;0;0;1;0;0;0;0;2
44;"Szkoła Podstawowa Nr 34, ul. Kaliny 55, 41-506 Chorzów";246301;"m. Chorzów";"Chorzów";"śląskie";1;1;3;1;1;1;0;0;2;0;0;0;0;0;1;0;0;0;1;0;1;0;41;0;23;3;4;6;5;1;0;0;0;1;0;3;0;2;0;5;0;1;0;3;24;4;12;2;5;3;1;5;2;0;1;1;4;0;1;0;1;0;1;0;3;0;2;2;200;14;3;7;6;5;0;9;0;1;0;1;0;1;6;10;0;1;1;0;0;0;0;1;26;3;10;1;0;0;3;2;1;1;1;2;0;0;0;0;1;2;0;1;0;0;0;3;203;63;6;4;5;15;6;0;2;0;1;0;19;2;1;1;1;0;3;0;1;0;1;6;7;2;0;0;0;1;1;0;1;0;3;0
45;"Szkoła Podstawowa Nr 32, ul. Kaliny 61, 41-506 Chorzów";246301;"m. Chorzów";"Chorzów";"śląskie";1;1;10;0;3;1;0;0;2;0;1;0;1;0;0;0;0;0;0;0;1;1;57;6;29;2;5;5;2;2;2;0;1;0;1;3;0;0;0;6;1;1;2;6;47;5;21;3;11;0;1;0;5;0;0;1;0;0;3;1;3;0;1;0;3;0;2;0;213;6;5;2;6;10;2;6;1;0;1;0;0;3;4;4;1;2;1;0;0;0;1;1;33;4;4;2;0;0;0;0;0;3;0;0;1;2;2;0;0;0;2;1;1;0;1;8;269;75;8;8;2;15;1;1;3;0;0;2;15;3;0;0;0;1;11;0;0;0;5;8;6;2;2;3;1;0;1;1;1;0;1;0
46;"III Liceum Ogólnokształcące, ul. Farna 5 - 7, 41-506 Chorzów";246301;"m. Chorzów";"Chorzów";"śląskie";1;1;6;1;0;0;1;0;0;1;0;0;0;0;0;0;1;0;0;0;0;0;48;2;25;2;2;1;3;2;1;0;2;0;0;1;1;2;1;6;0;0;1;3;21;4;14;0;1;1;0;1;2;0;0;3;1;0;0;0;3;0;0;1;0;0;3;1;182;11;3;3;3;9;2;18;1;0;0;0;0;3;0;3;0;0;1;0;0;0;0;4;20;4;7;0;1;0;2;1;0;0;0;1;0;1;1;0;0;1;1;0;0;0;0;4;226;89;3;10;6;9;1;2;0;3;0;2;23;4;0;0;1;0;2;2;1;0;4;3;6;3;0;3;1;0;0;2;0;0;1;1
47;"III Liceum Ogólnokształcące, ul. Farna 5 - 7, 41-506 Chorzów";246301;"m. Chorzów";"Chorzów";"śląskie";1;1;6;0;2;1;1;0;0;0;2;0;1;0;1;0;0;1;0;0;1;0;39;3;21;1;2;5;2;0;1;0;1;2;0;2;0;2;0;8;1;0;1;5;29;3;8;0;6;1;0;1;2;0;1;3;2;0;3;1;1;0;1;1;2;2;1;1;172;4;3;3;2;3;0;25;0;0;0;0;0;0;1;3;0;0;1;0;0;0;1;0;14;6;3;2;0;2;0;0;1;2;2;0;1;0;2;0;0;0;1;0;0;0;1;3;181;58;1;5;0;12;2;3;0;1;3;1;11;4;1;0;1;3;3;1;1;0;1;5;13;3;0;0;0;0;0;0;0;1;0;0
48;"Szkoła Podstawowa Nr 18, ul. ks. Józefa Czempiela 52, 41-506 Chorzów";246301;"m. Chorzów";"Chorzów";"śląskie";1;1;8;2;1;0;1;4;2;0;0;1;1;0;0;0;0;0;1;1;0;0;47;4;30;5;4;6;5;2;1;2;2;3;1;6;0;1;1;7;2;0;2;3;41;9;17;1;8;1;2;0;1;1;0;1;1;0;2;1;0;0;1;1;3;1;2;2;250;9;7;9;4;3;0;11;0;0;0;2;0;1;1;9;0;0;0;0;0;0;0;4;37;10;5;2;0;0;2;3;0;1;3;0;1;4;2;0;0;0;1;2;0;0;1;6;268;74;5;13;1;10;1;2;3;2;1;0;19;4;1;0;0;1;0;0;1;0;3;4;5;1;0;3;2;0;1;0;2;0;0;0
49;"Szkoła Podstawowa Nr 18, ul. ks. Józefa Czempiela 52, 41-506 Chorzów";246301;"m. Chorzów";"Chorzów";"śląskie";1;1;7;1;1;0;1;0;0;0;1;0;0;0;0;0;1;0;0;0;1;4;45;2;22;2;5;8;3;2;0;3;0;1;0;2;0;0;0;4;2;0;0;6;34;6;17;2;3;1;2;0;4;3;2;3;1;1;0;0;0;0;1;1;2;1;1;0;159;7;2;4;4;7;0;16;1;0;2;0;1;3;0;5;1;0;0;0;1;0;1;2;33;8;7;2;1;1;2;1;3;0;0;0;0;2;0;1;0;0;0;0;0;0;1;1;199;89;13;12;2;16;0;3;0;5;2;0;19;7;0;0;0;1;1;0;1;2;1;9;9;5;1;1;2;0;1;2;2;1;0;1
50;"Przedszkole Nr 16 Integracyjne, ul. Brzozowa 9, 41-506 Chorzów";246301;"m. Chorzów";"Chorzów";"śląskie";1;1;9;2;1;0;2;1;2;0;0;0;0;0;0;0;0;1;0;0;1;0;75;2;39;8;4;5;1;6;0;0;2;3;1;5;1;0;1;4;4;0;4;2;54;4;29;2;5;1;1;0;2;3;1;0;2;1;0;2;2;0;1;0;4;0;2;3;291;17;10;9;5;13;1;9;0;0;1;1;0;2;3;6;1;1;2;0;5;1;0;4;36;8;5;1;0;0;2;3;0;3;1;2;0;0;1;1;0;0;2;0;0;0;2;2;305;103;19;11;4;28;5;3;3;1;1;1;37;6;0;1;1;0;4;1;0;1;4;11;12;1;2;2;1;1;1;2;1;0;2;3
51;"Szkoła Podstawowa Nr 12 z Oddziałami Integracyjnymi, ul. Skrajna 2, 41-506 Chorzów";246301;"m. Chorzów";"Chorzów";"śląskie";1;1;9;2;1;0;0;0;0;0;1;0;0;0;0;0;2;0;1;2;1;0;68;1;35;0;4;9;2;3;0;0;0;0;1;1;0;3;0;5;1;1;1;4;40;10;22;3;2;3;0;0;3;4;3;3;1;0;1;0;7;1;2;1;5;1;7;0;248;13;1;5;7;6;2;7;1;1;3;1;0;3;1;5;0;2;0;0;1;0;1;1;46;5;7;3;4;4;3;3;0;0;2;3;1;0;0;1;0;1;1;1;2;0;0;2;307;96;9;7;4;23;1;3;3;1;1;0;43;4;2;0;0;2;6;0;1;0;5;6;20;4;1;3;1;1;0;1;0;0;1;1
52;"Szkoła Podstawowa Nr 12 z Oddziałami Integracyjnymi, ul. Skrajna 2, 41-506 Chorzów";246301;"m. Chorzów";"Chorzów";"śląskie";1;1;11;2;1;0;2;1;1;0;0;1;0;0;1;0;2;0;0;0;0;1;54;4;40;2;5;8;2;6;3;1;2;1;0;4;1;3;1;3;2;0;3;3;35;10;18;1;10;1;1;1;2;3;1;1;5;0;3;0;1;0;2;3;5;1;6;0;208;7;2;6;5;13;1;4;1;0;1;0;0;1;1;5;2;3;1;0;0;0;0;0;42;7;11;3;2;0;1;3;0;3;1;1;1;1;0;2;0;3;1;0;1;1;1;4;253;78;5;7;3;20;1;3;1;4;1;4;25;4;1;1;0;3;5;0;2;0;0;9;9;0;0;0;0;2;1;0;1;0;0;1
53;"Szkoła Podstawowa Nr 12 z Oddziałami Integracyjnymi, ul. Skrajna 2, 41-506 Chorzów";246301;"m. Chorzów";"Chorzów";"śląskie";1;1;5;1;0;0;0;0;0;0;0;0;0;1;0;0;1;0;0;1;0;0;67;4;27;0;5;3;2;0;1;2;1;1;1;3;0;1;1;7;1;1;4;5;40;6;27;2;6;0;0;1;3;1;3;1;1;0;1;2;3;0;5;0;2;0;4;2;227;4;5;4;6;8;1;12;0;0;0;0;0;3;0;10;1;0;0;0;0;0;0;2;35;12;6;5;2;1;4;2;0;0;3;1;0;0;0;1;1;2;0;0;0;0;1;5;257;95;3;8;2;11;2;2;1;3;1;4;19;3;3;1;2;0;4;0;1;0;3;3;8;1;2;1;4;1;1;0;1;0;0;0
54;"Polski Związek Niewidomych Dom Pomocy Społecznej im. Kazimierza Jaworka, ul. Siemianowicka 101, 41-500 Chorzów";246301;"m. Chorzów";"Chorzów";"śląskie";1;1;2;0;0;0;1;0;0;0;0;0;1;0;0;0;0;0;0;0;0;0;1;0;2;0;0;0;0;1;0;0;0;0;0;0;0;0;0;0;0;0;0;0;1;1;0;0;0;0;0;0;0;0;0;0;0;0;0;0;0;0;0;0;0;0;0;1;33;3;1;1;0;1;1;1;0;0;0;0;0;0;0;2;0;0;0;1;0;1;0;0;2;0;1;0;0;0;0;0;0;0;0;0;0;0;0;0;0;0;0;0;0;0;0;0;11;1;0;0;0;0;1;0;0;0;0;0;0;1;0;0;0;0;0;0;0;0;0;0;2;0;0;0;0;0;0;0;0;0;0;0
55;"Dom Pomocy Społecznej św. Wincentego, ul. Powstańców 45, 41-500 Chorzów";246301;"m. Chorzów";"Chorzów";"śląskie";1;1;0;0;0;0;0;0;0;0;0;0;0;0;0;0;0;0;0;0;0;0;1;0;0;1;0;0;0;0;0;0;0;0;0;0;0;0;0;0;0;0;0;1;0;0;0;0;0;0;0;0;0;0;0;0;0;0;0;0;0;0;0;0;1;0;0;0;18;1;0;0;0;0;0;0;0;0;0;0;0;0;0;0;0;0;0;0;0;0;1;0;1;0;0;0;0;0;1;0;0;0;0;0;0;0;0;0;0;0;0;0;0;0;0;0;0;0;0;0;0;0;0;0;0;0;0;0;0;0;0;0;0;0;0;0;0;0;0;0;0;0;0;0;0;0;0;1;0;0;0;0
56;"Dom Pomocy Społecznej „Nadzieja”, ul. Wandy 64, 41-500 Chorzów";246301;"m. Chorzów";"Chorzów";"śląskie";1;1;0;0;0;0;0;0;0;0;0;0;0;0;0;0;0;0;0;0;0;0;1;0;0;0;0;0;0;0;0;0;0;0;0;0;0;0;0;0;1;0;0;0;0;0;0;0;0;0;0;0;0;0;0;0;0;0;0;0;0;0;0;0;0;0;0;0;5;0;1;0;1;0;0;0;0;0;0;0;0;1;0;0;0;0;0;0;0;0;0;0;1;0;0;0;0;0;0;0;0;0;0;0;0;0;0;0;0;0;0;0;0;0;0;0;3;9;1;0;1;2;1;1;1;1;1;0;1;0;1;1;0;0;0;0;0;0;0;0;0;0;0;0;0;1;0;0;0;0;0;0
57;"BETAMED Medical Active Care, ul. Racławicka 20A, 41-500 Chorzów";246301;"m. Chorzów";"Chorzów";"śląskie";1;1;0;1;0;0;0;0;1;0;0;0;0;0;0;0;0;0;0;0;0;0;1;0;0;0;0;1;0;0;0;0;0;0;0;0;0;0;0;0;0;0;0;0;0;0;0;0;0;0;0;0;0;0;0;0;0;0;0;0;0;0;0;0;0;0;0;0;3;0;0;1;0;0;0;0;0;0;0;0;0;0;0;0;0;0;0;1;0;0;0;0;0;0;0;0;0;1;0;0;0;0;0;0;0;0;0;0;0;0;0;0;0;0;0;0;3;1;0;0;0;2;0;0;0;0;0;0;0;0;0;0;0;0;0;0;0;0;0;0;1;1;0;0;0;0;0;0;0;0;0;0
58;"Samodzielny Publiczny Zakład Opieki Zdrowotnej Zespół Szpitali Miejskich, ul. Strzelców Bytomskich 11, 41-500 Chorzów";246301;"m. Chorzów";"Chorzów";"śląskie";1;1;0;0;1;0;0;0;0;0;0;0;0;0;0;0;0;1;0;0;0;0;2;0;2;0;0;2;1;0;0;0;0;0;0;0;0;0;0;0;1;0;0;1;3;0;1;0;1;0;0;0;1;0;1;0;0;0;0;0;0;0;0;0;1;0;0;0;35;4;1;1;3;0;1;0;0;0;0;0;0;1;1;0;0;0;0;0;0;0;0;0;5;0;0;0;0;0;0;0;0;0;0;0;0;0;1;0;0;0;0;0;1;0;0;0;30;5;0;0;0;2;1;1;1;0;0;0;2;0;0;0;0;0;1;0;0;0;0;0;1;0;0;0;0;0;0;0;0;0;2;0
59;"Szpital Specjalistyczny, ul. Zjednoczenia 10, 41-500 Chorzów";246301;"m. Chorzów";"Chorzów";"śląskie";1;1;0;0;0;0;0;0;0;0;0;1;0;0;0;0;1;0;0;0;0;0;2;1;1;0;0;0;0;0;0;0;0;0;0;0;0;0;0;0;0;0;0;1;1;0;1;0;1;0;0;0;0;0;0;0;0;0;0;0;0;0;0;0;0;0;0;0;15;0;1;2;0;1;0;0;1;0;0;0;2;0;0;0;0;0;0;0;0;0;0;1;0;0;0;0;0;1;0;0;0;0;0;0;0;0;0;0;0;0;0;0;0;0;0;0;7;3;1;0;0;0;0;0;0;1;0;0;0;0;0;0;0;0;0;0;0;0;0;0;0;1;0;0;0;0;0;0;0;0;0;0
60;"„AMICUS” sp. z o. o. Zakład Pielęgnacyjno-Opiekuńczy NZOZ, ul. Szpitalna 25, 41-506 Chorzów";246301;"m. Chorzów";"Chorzów";"śląskie";1;1;0;0;0;0;0;1;0;0;0;0;0;0;0;0;0;0;0;0;0;0;0;0;1;0;0;0;0;0;0;0;0;0;0;0;0;0;0;0;0;0;0;0;1;0;1;0;1;0;0;0;0;0;0;0;0;0;0;0;0;0;0;0;0;0;1;0;12;1;1;0;0;1;0;0;0;0;1;0;1;0;0;0;0;0;0;0;0;1;0;0;0;0;0;0;0;0;0;0;0;0;0;0;0;0;0;0;0;0;0;0;0;0;0;0;1;0;0;0;0;0;0;1;0;0;1;0;0;1;0;0;0;0;0;0;0;0;0;0;2;1;0;0;0;0;0;0;0;0;0;0
61;"Ośrodek św. Florian Caritas Archidiecezji Katowickiej, ul. Harcerska 3, 41-500 Chorzów";246301;"m. Chorzów";"Chorzów";"śląskie";1;1;1;0;1;1;0;0;0;0;0;0;0;1;0;0;0;0;0;0;0;1;0;0;0;0;0;0;0;0;0;0;0;0;0;0;0;0;0;1;0;0;0;0;1;3;1;1;0;1;0;0;0;1;0;1;0;0;0;0;0;1;1;0;0;1;0;0;11;2;0;0;0;0;0;0;0;0;0;0;0;0;0;2;0;0;0;0;0;0;0;0;0;0;0;0;0;0;0;0;0;0;0;0;0;0;0;0;0;0;0;0;0;0;0;0;0;2;0;2;0;0;0;0;2;0;0;0;0;0;0;0;0;0;0;0;0;0;0;0;1;0;0;0;1;0;0;0;1;0;0;0
62;"Pogodny Dom Seniora, ul. Strzelców Bytomskich 11, 41-500 Chorzów";246301;"m. Chorzów";"Chorzów";"śląskie";1;1;0;0;0;0;0;0;0;1;0;0;0;0;0;0;0;0;0;0;0;0;0;0;0;0;0;0;0;0;0;0;0;0;0;0;0;0;0;0;0;0;0;0;1;0;0;0;0;0;0;0;0;0;0;0;0;0;0;0;0;0;0;0;0;0;0;0;0;0;0;0;0;0;0;0;0;0;0;0;0;0;0;0;0;0;0;0;0;0;0;0;0;0;0;0;0;0;0;0;0;0;0;0;0;0;0;0;0;0;0;0;0;0;0;0;2;0;0;0;0;0;0;0;0;0;0;1;1;0;0;0;0;0;0;0;0;0;0;0;0;0;0;0;0;0;0;0;0;0;0;0
63;"Dom Opieki HONORATA. Zakład Opiekuńczo-Leczniczy, ul. Główna 31, 41-500 Chorzów";246301;"m. Chorzów";"Chorzów";"śląskie";1;1;2;0;0;0;0;0;0;0;0;0;0;0;0;0;0;0;0;0;0;0;1;0;0;1;0;0;0;0;0;0;0;0;0;0;0;0;0;0;0;0;0;0;1;0;2;0;0;0;0;0;0;0;0;0;0;0;0;0;0;0;0;0;0;0;0;0;12;0;0;0;0;0;0;0;0;0;0;0;0;0;0;0;0;1;0;0;0;0;0;0;0;1;0;0;0;0;0;0;0;0;0;0;1;0;0;1;0;0;0;0;0;0;0;0;10;2;0;0;0;1;0;0;0;0;0;0;1;0;0;0;0;0;0;0;0;0;0;0;0;1;0;0;0;0;0;0;0;1;0;0
1;"Szkoła Podstawowa Nr 9, ul. Panewnicka 172, 40-772 Katowice";246901;"m. Katowice";"Katowice";"śląskie";1;1;12;0;4;0;0;1;2;0;1;0;0;2;1;0;0;0;2;0;0;2;110;7;50;2;7;4;11;12;3;3;2;1;0;4;0;0;2;1;0;2;8;6;56;9;34;3;3;3;11;1;2;2;0;2;0;0;1;0;0;2;2;0;2;5;4;0;279;12;5;5;16;19;0;3;0;0;3;0;0;3;1;0;1;0;1;0;0;1;2;4;54;14;8;1;1;1;1;2;2;1;2;0;0;1;1;0;0;0;0;0;0;0;0;1;396;312;2;11;29;41;2;0;6;3;2;2;3;4;1;0;0;1;0;4;1;1;3;11;12;1;1;3;2;0;0;0;1;0;0;0
2;"Szkoła Podstawowa nr 9, ul. Panewnicka 172, 40-772 Katowice";246901;"m. Katowice";"Katowice";"śląskie";1;1;5;0;2;0;1;0;1;0;0;0;0;1;0;0;0;0;0;0;1;1;132;8;40;3;5;9;7;3;1;5;1;0;0;2;0;0;0;0;0;0;5;2;58;10;35;1;6;1;2;2;4;1;1;5;0;0;1;0;6;0;1;0;0;2;0;1;227;14;2;1;14;18;1;0;0;0;1;0;3;1;0;0;0;0;0;0;0;0;1;1;44;10;6;3;1;1;0;1;0;2;0;0;0;1;0;0;0;0;0;0;0;0;1;0;369;306;6;27;24;41;0;8;0;2;1;3;8;3;0;0;0;0;2;2;0;2;2;8;9;4;5;0;1;0;0;1;0;0;0;0
3;"Zespół Szkolno-Przedszkolny nr 20, ul. Zielona 5, 40-756 Katowice";246901;"m. Katowice";"Katowice";"śląskie";1;1;4;0;2;0;2;2;0;0;3;0;0;2;2;0;1;0;0;0;1;0;85;7;30;7;1;12;9;5;3;2;1;0;1;4;0;2;0;0;3;0;1;4;47;7;29;0;2;1;3;2;9;0;1;2;0;0;0;2;4;0;1;0;0;0;2;0;299;28;11;4;15;16;2;1;0;1;2;0;2;1;0;2;0;0;0;1;1;0;0;5;47;17;13;0;3;1;2;3;1;0;1;0;1;0;0;0;2;1;1;0;0;1;0;1;304;191;10;11;13;38;3;1;2;1;0;1;0;0;1;1;1;0;1;0;1;0;0;11;13;1;3;2;0;0;0;0;0;0;0;0
4;"Zespół Szkolno-Przedszkolny nr 20, ul. Zielona 5, 40-756 Katowice";246901;"m. Katowice";"Katowice";"śląskie";1;1;11;2;6;0;2;0;1;0;0;1;1;1;2;1;0;1;3;1;3;2;135;6;53;6;10;11;5;12;2;0;2;1;1;3;1;1;0;3;4;0;2;5;71;13;33;5;7;0;0;1;3;1;1;6;2;1;3;0;4;0;2;0;3;2;3;3;322;22;8;3;12;22;1;4;0;1;6;0;0;1;0;1;0;1;2;0;0;0;1;3;51;14;19;3;2;2;3;1;0;1;0;2;0;1;0;1;1;0;2;1;0;0;2;1;332;183;18;13;14;22;0;1;0;2;0;0;3;2;1;2;1;1;0;3;1;0;0;7;5;3;1;1;1;0;1;1;1;0;3;0
5;"Zespół Szkolno-Przedszkolny nr 20, ul. Zielona 5, 40-756 Katowice";246901;"m. Katowice";"Katowice";"śląskie";1;1;9;0;1;0;0;1;0;0;0;0;1;0;0;0;0;0;0;0;1;2;63;6;21;4;5;4;6;5;0;0;3;4;0;2;0;1;4;0;1;0;2;4;32;5;27;0;3;2;1;1;4;1;0;0;0;0;1;0;2;0;1;0;2;2;1;3;161;17;6;0;9;8;0;0;1;0;2;0;0;1;0;0;0;1;0;0;0;1;2;1;31;10;5;1;3;0;2;1;1;2;0;0;0;1;0;0;0;0;1;2;0;0;0;0;247;155;8;16;12;36;1;1;2;2;0;0;2;1;0;1;0;0;0;0;0;0;3;5;11;0;2;0;0;1;0;2;0;1;0;1
6;"Zespół Szkolno-Przedszkolny nr 18, ul. Medyków 27, 40-751 Katowice";246901;"m. Katowice";"Katowice";"śląskie";1;1;10;1;4;2;0;1;0;0;0;0;2;1;0;0;1;0;0;0;1;0;110;3;45;3;4;16;7;4;0;4;1;2;0;2;0;3;1;2;1;5;3;8;69;10;27;0;4;3;2;0;5;1;0;5;0;1;2;0;1;2;0;0;3;2;1;1;276;19;10;6;13;26;4;3;0;0;3;0;2;2;0;0;0;0;1;1;0;0;1;5;51;7;15;2;3;0;0;2;0;1;2;0;0;1;0;1;0;0;0;1;0;0;0;0;281;201;7;16;24;48;1;4;2;1;0;1;3;0;1;0;1;0;2;1;1;1;2;7;14;2;2;3;2;1;0;2;1;0;0;0
7;"VII Liceum Ogólnokształcące, ul. Panewnicka 13, 40-709 Katowice";246901;"m. Katowice";"Katowice";"śląskie";1;1;10;1;8;0;5;1;1;1;0;0;1;0;0;2;0;0;2;0;0;1;104;6;38;8;5;12;15;10;3;3;1;2;0;3;1;4;2;1;1;1;8;2;51;3;39;1;12;0;4;1;3;6;1;1;2;0;5;0;2;0;4;0;1;0;1;0;266;20;8;9;11;16;3;1;2;1;3;0;0;2;0;0;1;1;1;2;0;0;1;0;70;25;21;5;6;3;3;3;0;5;0;1;0;2;0;0;0;3;0;3;0;1;1;3;302;232;10;13;21;62;2;3;2;1;1;3;2;2;0;2;0;1;2;6;1;0;1;21;16;2;5;2;0;2;0;0;1;1;0;3
8;"VII Liceum Ogólnokształcące, ul. Panewnicka 13, 40-709 Katowice";246901;"m. Katowice";"Katowice";"śląskie";1;1;7;0;3;0;0;0;0;0;0;0;0;0;2;0;1;0;1;0;2;0;61;4;37;1;8;11;4;2;1;0;2;0;0;1;1;3;0;3;1;0;0;2;44;9;23;1;10;1;5;1;5;1;1;0;1;0;0;1;0;2;2;0;4;3;2;0;369;33;6;3;19;18;1;1;1;1;5;0;0;2;0;0;1;0;0;0;1;0;0;0;46;7;6;3;2;0;6;1;0;1;0;1;2;1;1;0;0;2;2;0;0;0;0;1;240;159;3;5;14;32;0;1;2;3;6;1;1;4;2;1;0;3;1;0;0;0;1;24;16;6;2;1;2;0;0;1;1;1;1;1
9;"Zespół Szkolno-Przedszkolny nr 15, ul. Zielonogórska 3, 40-710 Katowice";246901;"m. Katowice";"Katowice";"śląskie";1;1;8;3;1;1;1;0;0;1;1;1;0;0;0;1;0;1;0;0;1;0;52;3;34;4;4;13;3;3;1;2;0;1;0;3;0;1;1;10;0;1;5;4;51;8;28;2;3;4;3;0;2;2;0;5;0;1;5;1;2;0;2;1;5;4;4;2;265;20;3;4;10;22;1;0;1;0;1;1;2;6;1;1;1;0;2;0;0;0;1;1;44;15;6;1;2;1;1;2;1;6;0;0;0;1;2;0;0;0;1;0;0;0;1;0;301;164;3;8;24;50;1;2;2;0;0;1;3;2;1;0;0;0;0;0;1;0;1;11;12;6;0;1;1;0;0;0;0;1;1;1
10;"Zespół Szkolno-Przedszkolny nr 14, ul. Zielonogórska 23, 40-710 Katowice";246901;"m. Katowice";"Katowice";"śląskie";1;1;7;0;4;0;1;0;1;0;1;0;0;1;1;0;0;2;1;0;1;0;57;5;21;0;0;4;2;3;0;4;1;1;0;1;0;4;0;4;2;0;4;1;37;10;19;3;6;7;0;1;5;0;0;6;1;1;1;0;5;1;0;0;2;1;2;2;208;14;2;3;11;20;0;0;0;1;4;0;1;4;0;0;0;0;4;0;1;0;0;1;35;13;7;0;0;0;5;4;1;5;0;1;0;0;0;0;0;1;2;0;0;0;0;1;244;131;3;7;12;46;0;4;3;0;2;2;1;4;0;0;3;0;1;0;0;0;2;7;9;5;0;0;0;0;1;2;1;0;1;1
11;"Szkoła Podstawowa nr 61 Specjalna, ul. Kołobrzeska 8, 40-718 Katowice";246901;"m. Katowice";"Katowice";"śląskie";1;1;4;0;3;0;0;1;0;0;0;0;0;0;0;0;0;0;1;0;2;1;30;5;15;1;1;6;3;2;0;0;0;1;0;2;3;1;0;0;1;0;2;0;31;6;18;1;2;2;3;0;1;0;0;1;0;0;1;0;0;0;1;1;0;1;2;2;136;8;3;1;4;12;2;0;1;1;2;0;0;2;0;0;0;0;0;0;0;0;0;3;12;3;1;0;0;0;3;0;0;0;1;0;0;0;0;0;0;0;1;0;0;0;0;0;156;109;1;3;17;21;0;2;0;0;1;0;2;1;1;0;0;0;0;1;0;0;1;6;7;2;0;2;0;0;0;0;0;0;0;0
12;"Zespół Szkolno-Przedszkolny nr 14, ul. Kołobrzeska 20a, 40-718 Katowice";246901;"m. Katowice";"Katowice";"śląskie";1;1;7;1;1;0;1;0;2;0;0;0;0;0;0;1;0;0;0;1;3;2;56;8;34;2;2;14;2;5;0;2;0;0;2;1;0;2;0;0;0;1;3;3;26;7;16;2;3;1;3;2;3;1;0;0;0;2;0;2;6;0;0;0;3;1;1;0;201;15;4;3;13;14;2;2;0;0;4;0;0;0;0;1;0;0;1;0;0;0;0;1;22;7;8;3;2;1;0;3;2;2;3;0;0;0;0;3;0;1;0;0;0;0;0;2;205;155;8;4;16;40;0;1;1;2;1;0;1;0;0;0;0;1;0;0;1;1;1;4;7;2;1;0;1;1;0;1;0;1;2;1
13;"Zespół Szkolno-Przedszkolny nr 14, ul. Zadole 26a, 40-719 Katowice";246901;"m. Katowice";"Katowice";"śląskie";1;1;2;0;1;0;2;0;1;0;2;0;0;0;1;0;1;0;1;1;0;0;53;7;22;3;2;8;3;8;0;0;0;0;1;1;6;2;1;1;1;1;4;1;35;3;14;0;3;1;0;0;3;0;0;4;1;0;0;0;3;1;2;0;1;1;5;0;211;12;6;2;4;7;2;1;0;2;2;0;1;1;0;1;0;1;0;0;0;1;0;1;29;5;7;3;1;0;0;0;0;0;3;0;0;0;0;0;0;1;0;0;0;0;0;1;200;141;9;5;18;27;0;5;1;3;0;0;2;1;3;1;0;1;1;2;0;0;0;11;6;0;0;1;0;1;0;2;1;0;0;2
14;"Szkoła Podstawowa nr 11, ul. Nasypowa 16, 40-551 Katowice";246901;"m. Katowice";"Katowice";"śląskie";1;1;6;1;0;0;3;1;0;1;0;0;0;0;0;0;0;0;0;1;2;1;90;3;27;3;3;4;3;7;1;1;2;0;0;1;0;1;0;1;0;0;0;2;63;6;23;0;7;3;1;2;2;3;1;3;0;0;2;0;2;0;3;0;1;2;1;0;122;13;4;1;5;10;4;0;0;1;2;0;2;2;1;1;2;0;0;0;1;0;1;0;36;12;6;0;3;2;5;1;0;2;1;0;1;0;0;0;0;0;0;1;0;0;0;1;216;130;9;10;24;18;1;1;2;3;0;1;1;1;0;0;2;1;1;1;1;0;1;3;7;3;1;0;0;0;2;0;0;0;0;0
15;"Ośrodek Rekreacyjno-Wypoczynkowy ""Zadole"", ul. Wczasowa 8, 40-694 Katowice";246901;"m. Katowice";"Katowice";"śląskie";1;1;6;1;1;0;1;0;1;0;0;0;1;0;1;0;0;0;0;0;1;0;74;3;32;5;2;7;6;2;0;0;1;0;0;2;1;3;1;3;0;1;4;2;36;8;18;1;3;1;1;0;1;2;0;3;2;0;1;0;3;1;3;0;1;2;0;1;220;9;3;4;5;18;1;0;1;1;25;0;0;2;0;0;0;0;1;0;0;0;0;1;29;7;9;1;0;1;1;1;1;6;1;1;2;0;0;0;0;0;2;0;1;0;0;0;247;217;6;6;21;45;1;1;0;1;0;0;0;1;0;0;0;2;2;5;1;0;2;4;12;4;8;0;1;1;0;0;0;0;1;0
16;"Zespół Szkolno-Przedszkolny nr 2, ul. Mariana Sobańskiego 86, 40-685 Katowice";246901;"m. Katowice";"Katowice";"śląskie";1;1;2;1;3;1;1;0;0;0;0;0;0;0;2;0;1;0;0;0;1;0;65;7;26;3;3;6;4;1;0;0;1;0;1;2;0;2;1;0;1;2;1;5;26;3;13;0;4;1;2;1;3;0;0;2;0;0;1;0;2;0;0;0;0;2;2;1;209;16;6;1;7;17;1;4;0;1;6;0;1;1;0;0;0;1;0;0;0;0;2;2;17;8;6;4;1;0;0;4;0;2;1;0;0;1;0;0;0;1;0;0;0;0;0;1;208;80;4;3;8;22;0;0;4;3;0;4;0;0;0;2;1;0;0;6;1;0;1;2;5;8;3;0;0;0;0;2;0;1;0;1
17;"Zespół Szkolno-Przedszkolny nr 2, ul. Mariana Sobańskiego 86, 40-685 Katowice";246901;"m. Katowice";"Katowice";"śląskie";1;1;12;0;5;0;3;0;0;0;0;1;3;1;0;0;0;0;0;1;0;1;156;10;60;7;6;16;12;3;2;0;3;3;2;4;1;1;0;3;1;1;11;6;54;8;30;2;7;1;1;1;11;4;1;4;0;0;1;0;9;3;1;1;2;2;4;1;224;14;7;3;3;11;1;0;0;1;27;0;0;2;0;0;0;0;1;1;0;0;1;2;57;11;8;4;2;0;0;2;0;3;1;1;1;2;0;2;0;2;2;1;0;0;0;1;498;298;7;16;33;98;3;3;3;15;0;3;3;4;0;3;2;0;0;4;0;3;3;19;9;5;2;2;0;0;0;0;0;0;0;1
18;"Zespół Szkół Poligraficzno-Mechanicznych, ul. Armii Krajowej 84, 40-671 Katowice";246901;"m. Katowice";"Katowice";"śląskie";1;1;4;0;0;0;1;0;1;0;2;0;2;0;0;1;0;0;0;0;2;2;60;1;20;8;2;11;2;2;1;0;0;1;1;1;6;3;0;0;0;1;4;0;19;2;14;0;1;1;1;1;1;3;1;0;0;0;0;0;0;0;2;0;1;0;1;0;184;15;1;4;3;10;1;0;0;0;9;0;0;2;0;0;1;2;1;0;2;0;1;0;29;9;9;2;0;0;1;2;0;1;1;2;0;0;0;0;0;2;0;0;0;0;1;1;177;71;1;2;5;24;0;1;0;0;0;1;0;3;1;0;0;0;1;2;1;0;1;5;7;3;2;0;0;0;1;1;0;0;1;1
19;"Zespół Szkolno-Przedszkolny nr 21, ul. gen. Zygmunta Waltera Jankego 160, 40-613 Katowice";246901;"m. Katowice";"Katowice";"śląskie";1;1;6;1;4;2;0;1;1;0;0;0;0;1;0;0;0;0;2;1;2;1;151;16;55;13;6;11;11;7;1;2;0;1;3;2;2;4;0;4;1;1;12;4;87;16;44;2;4;4;2;1;4;0;1;5;0;2;4;0;6;0;2;2;1;1;3;4;262;23;6;6;5;27;2;0;1;1;10;0;1;1;0;0;0;0;1;0;0;2;0;5;66;21;9;1;6;1;2;0;1;4;5;0;2;1;1;0;0;0;2;1;1;0;1;1;511;258;16;14;37;79;2;3;2;6;1;1;0;3;0;1;0;0;1;3;4;2;0;14;15;2;4;1;1;2;1;0;0;2;0;1
20;"Zespół Szkolno-Przedszkolny nr 21, ul. gen. Zygmunta Waltera Jankego 160, 40-613 Katowice";246901;"m. Katowice";"Katowice";"śląskie";1;1;4;1;2;3;2;1;0;0;0;1;0;0;0;0;0;1;0;1;2;2;69;7;30;6;6;5;7;4;2;2;4;2;1;1;1;3;1;0;1;2;3;1;55;6;18;2;10;2;1;0;0;3;0;0;1;0;1;0;2;0;4;1;3;1;4;2;287;13;2;12;14;20;2;2;0;0;5;0;1;2;1;0;0;0;2;0;0;0;2;1;36;9;4;0;2;0;3;1;1;2;0;1;1;0;0;0;3;0;0;0;0;0;0;0;311;155;2;3;12;34;1;4;1;3;1;2;0;0;0;0;0;0;0;2;0;0;1;3;13;7;2;0;1;1;3;0;0;0;1;1
21;"Zespół Szkół Ogólnokształcących nr 2, ul. gen. Zygmunta Waltera Jankego 65, 40-615 Katowice";246901;"m. Katowice";"Katowice";"śląskie";1;1;8;0;0;0;0;2;0;0;0;0;2;0;0;0;0;0;0;1;2;0;110;5;33;11;6;7;12;3;3;1;0;0;0;1;1;1;0;1;0;1;4;5;55;3;23;0;5;1;1;0;2;0;0;4;0;0;1;1;1;1;1;1;2;7;2;2;285;18;5;5;5;22;1;0;0;0;5;0;0;1;2;0;0;1;1;0;2;0;0;1;49;12;11;2;4;4;6;0;3;1;0;0;1;0;3;0;0;0;0;0;1;0;0;1;384;174;7;10;30;57;4;5;1;1;0;0;0;1;4;0;1;0;0;2;1;0;0;6;12;3;5;3;2;1;2;0;0;1;0;2
22;"Zespół Szkół Ogólnokształcących nr 2, ul. Spółdzielczości 21, 40-642 Katowice";246901;"m. Katowice";"Katowice";"śląskie";1;1;9;2;6;1;2;0;0;0;0;2;0;1;3;0;1;0;1;3;1;1;91;8;40;4;5;7;8;2;0;2;0;1;2;4;0;4;0;3;0;0;3;2;58;13;14;8;5;2;1;1;5;1;0;2;0;3;2;0;2;1;2;0;4;3;3;0;339;15;5;7;8;27;0;2;1;1;10;0;0;4;0;0;1;0;0;1;0;1;0;3;60;21;8;0;1;1;5;1;2;2;0;0;1;1;1;5;0;3;0;0;0;0;0;3;314;173;7;3;24;69;0;0;1;2;1;0;2;4;1;0;2;1;0;2;1;0;1;5;10;1;1;0;0;0;2;2;1;0;0;1
23;"Zespół Szkolno-Przedszkolny nr 22, ul. Stanisława Łętowskiego 18, 40-648 Katowice";246901;"m. Katowice";"Katowice";"śląskie";1;1;8;0;0;1;2;2;3;0;0;0;2;1;0;0;1;0;0;1;1;0;128;9;36;2;5;7;15;1;0;0;1;0;2;3;2;4;3;4;1;1;6;0;55;16;25;2;6;3;1;0;6;1;3;3;0;0;1;0;2;0;2;1;2;2;3;0;351;13;4;2;12;23;0;0;0;1;4;1;0;4;0;1;1;1;1;1;0;0;0;3;59;11;6;3;1;2;2;0;1;0;1;1;0;0;0;1;0;3;3;0;0;1;0;2;314;204;6;5;16;58;1;3;3;7;1;3;0;2;0;1;0;1;0;3;2;1;1;5;11;3;3;1;0;0;0;0;0;0;2;0
24;"Zespół Szkolno-Przedszkolny nr 22, ul. Stanisława Łętowskiego 18, 40-648 Katowice";246901;"m. Katowice";"Katowice";"śląskie";1;1;8;1;2;4;2;1;0;2;0;1;0;1;0;0;0;0;1;0;1;2;96;13;40;3;11;10;5;4;0;0;1;3;1;5;0;3;3;3;1;2;3;2;52;17;26;0;4;0;1;1;6;2;0;0;2;2;2;0;5;0;2;0;1;4;3;2;377;18;0;8;11;29;4;1;0;2;5;0;1;1;1;1;2;0;1;1;0;0;0;2;35;11;5;3;2;0;1;1;1;0;1;0;0;1;1;3;0;1;1;0;1;2;1;0;332;158;5;5;12;47;1;3;5;6;1;1;1;2;0;0;0;1;0;3;0;0;2;3;6;2;2;0;0;0;3;0;0;0;1;1
25;"Zespół Szkolno-Przedszkolny nr 22, ul. Stanisława Łętowskiego 24, 40-648 Katowice";246901;"m. Katowice";"Katowice";"śląskie";1;1;8;1;2;0;4;0;1;0;2;1;0;0;1;2;0;0;0;0;2;1;67;1;52;3;5;8;4;3;3;4;2;1;1;4;3;1;0;0;0;3;1;5;44;8;23;1;6;0;2;1;5;1;0;3;1;0;0;0;5;0;1;0;4;2;3;0;324;26;7;4;9;30;4;2;0;5;3;1;1;2;1;1;0;1;0;0;1;1;0;5;44;4;13;2;3;3;2;0;0;0;1;1;0;1;1;2;0;0;1;0;1;0;1;2;255;152;10;5;11;39;0;1;0;5;1;4;0;3;1;1;1;0;0;3;0;0;0;5;11;4;2;1;0;2;2;0;0;0;0;0
26;"Miejski Dom Kultury ""Południe"" Filia nr 3 w Zarzeczu, ul. Pawła Stellera 4, 40-748 Katowice";246901;"m. Katowice";"Katowice";"śląskie";1;1;4;1;1;0;0;0;3;0;0;0;2;1;0;0;2;0;0;0;2;1;133;11;52;2;8;13;6;11;0;3;3;3;1;4;2;3;0;2;0;1;5;5;57;12;20;1;6;4;1;2;3;1;1;0;0;0;3;0;3;0;0;0;1;12;2;0;291;26;2;3;10;22;8;2;0;0;8;1;0;0;0;1;0;1;2;0;3;0;0;3;79;26;18;1;3;1;3;0;4;2;0;2;0;1;1;1;0;0;2;0;1;0;2;0;515;265;17;19;44;133;0;3;0;6;1;3;1;3;2;0;1;1;4;4;3;1;0;21;17;4;3;1;2;2;0;0;0;1;0;2
27;"Dom Katechetyczny, Katowice ul. Tadeusza Boya Żeleńskiego 34, 40-750 Katowice (wejście od ul. Migdałowców)";246901;"m. Katowice";"Katowice";"śląskie";1;1;7;1;1;1;1;0;0;0;0;0;0;0;0;0;1;0;0;0;0;1;124;6;45;7;5;7;9;5;0;0;1;0;0;0;0;1;1;0;0;0;11;2;39;11;27;2;2;0;1;0;5;2;0;2;2;2;2;0;6;1;2;0;2;1;2;3;203;19;5;2;3;10;0;1;0;1;4;0;0;4;0;0;0;0;2;0;1;2;0;3;51;11;5;3;4;1;1;1;0;1;0;2;1;0;0;1;0;0;2;0;0;0;1;0;333;200;14;4;18;68;0;0;0;1;0;5;2;2;0;1;0;1;1;5;0;0;1;18;13;3;2;0;0;0;0;1;0;1;0;0
28;"Dom Katechetyczny, Katowice ul. Tadeusza Boya Żeleńskiego 34, 40-750 Katowice (wejście od ul. Migdałowców)";246901;"m. Katowice";"Katowice";"śląskie";1;1;10;1;3;0;1;0;1;0;0;1;3;0;1;0;1;1;0;0;0;1;146;10;55;7;8;6;10;7;2;1;1;0;2;4;0;2;0;1;2;1;21;5;52;6;17;8;5;0;0;0;1;0;2;1;0;0;1;3;3;2;2;0;3;3;1;1;240;21;6;5;5;21;0;0;0;0;4;0;0;7;0;1;0;1;3;0;1;1;0;6;44;13;13;0;3;0;1;2;2;0;0;0;1;2;2;1;0;0;0;0;0;0;2;1;292;189;7;10;29;87;2;3;2;3;1;1;3;1;2;0;2;0;0;0;0;1;1;15;10;3;3;0;1;1;1;2;0;0;1;0
29;"Dom Katechetyczny, Katowice ul. Tadeusza Boya Żeleńskiego 34, 40-750 Katowice (wejście od ul. Migdałowców)";246901;"m. Katowice";"Katowice";"śląskie";1;1;7;2;0;0;2;0;1;0;0;0;0;0;2;0;1;0;0;2;2;2;118;5;36;3;8;7;7;5;0;1;6;1;0;2;0;3;0;1;0;1;22;3;49;10;19;1;7;6;1;3;5;3;1;3;0;0;3;0;0;0;0;0;5;1;0;0;273;24;1;0;6;15;0;0;1;0;3;2;0;0;0;0;0;0;0;0;1;0;0;2;54;8;7;1;1;3;0;1;0;1;3;1;0;2;0;1;0;0;3;0;1;0;1;1;366;204;17;11;35;70;0;3;0;3;0;4;2;6;0;0;1;0;1;3;0;0;0;13;11;1;1;1;0;0;0;0;0;0;0;0
30;"Zespół Szkolno-Przedszkolny nr 10, ul. Kazimierza Lepszego 2, 40-750 Katowice";246901;"m. Katowice";"Katowice";"śląskie";1;1;4;0;0;0;2;0;0;1;0;0;0;0;0;0;0;0;0;0;1;1;45;1;11;2;3;5;4;0;1;1;0;0;0;0;0;1;0;1;0;0;20;0;13;3;5;0;0;1;0;1;1;3;1;3;0;0;2;0;0;0;2;0;0;3;0;0;206;7;1;3;12;7;1;0;1;0;3;1;0;3;0;0;0;0;0;0;0;0;0;2;22;7;6;1;2;0;2;1;1;2;1;1;2;0;0;0;0;1;0;0;0;0;1;4;84;36;2;5;3;22;1;1;0;0;0;0;1;1;0;0;0;0;0;0;0;1;0;3;1;1;1;0;0;0;0;0;0;0;0;0
31;"Zespół Szkolno-Przedszkolny nr 10, ul. Kazimierza Lepszego 2, 40-750 Katowice";246901;"m. Katowice";"Katowice";"śląskie";1;1;7;0;1;0;1;1;1;0;0;1;2;0;0;0;0;0;1;0;0;3;43;4;12;1;2;3;5;1;0;2;2;1;0;2;0;0;0;0;0;0;26;4;26;6;10;2;3;1;0;0;1;0;0;0;1;0;1;0;1;1;1;0;2;2;2;1;252;12;1;2;12;10;2;0;0;3;4;0;1;4;1;3;2;1;2;0;0;1;2;2;30;7;9;2;5;0;0;1;2;2;0;4;1;0;0;0;0;0;1;0;0;0;1;1;160;47;2;6;13;34;1;0;0;2;1;2;0;0;0;0;0;1;0;0;1;1;1;1;8;0;4;0;0;0;0;1;0;0;1;2
32;"Szkoła Podstawowa nr 21, ul. Jacka Malczewskiego 2, 40-748 Katowice";246901;"m. Katowice";"Katowice";"śląskie";1;1;12;0;7;2;2;4;3;0;1;1;1;0;1;0;0;0;0;0;0;1;146;7;42;7;5;12;10;5;1;4;2;0;0;2;2;4;0;0;1;0;10;5;56;12;38;2;0;3;3;0;3;5;0;1;0;0;1;0;1;0;0;0;5;4;2;2;407;32;9;6;16;36;3;0;1;0;9;2;3;2;0;3;0;0;0;0;2;1;0;3;93;15;9;1;4;3;4;0;0;2;0;3;1;1;1;1;2;1;2;0;0;0;0;1;389;258;9;12;19;222;1;2;0;0;2;0;0;3;0;0;0;1;2;1;1;0;0;7;25;4;6;1;1;1;1;0;1;1;1;0
33;"Szkoła Podstawowa nr 21, ul. Jacka Malczewskiego 2, 40-748 Katowice";246901;"m. Katowice";"Katowice";"śląskie";1;1;8;1;0;0;1;0;1;0;0;0;0;0;0;0;0;0;0;1;1;0;57;0;15;4;4;5;1;4;0;0;0;1;0;0;1;2;0;0;0;0;2;0;17;6;14;0;4;0;3;0;1;2;1;0;2;0;3;1;3;1;0;0;1;1;0;1;131;11;4;1;2;8;0;2;1;0;4;0;0;2;0;2;2;1;0;0;0;0;2;1;27;5;3;1;2;1;0;1;0;2;2;0;1;2;0;0;0;0;0;1;0;0;0;0;151;104;2;7;6;106;4;1;0;0;1;0;1;1;0;0;0;0;0;0;1;1;1;7;9;7;2;0;2;0;0;0;0;0;0;1
34;"Szkoła Podstawowa nr 21, ul. Jacka Malczewskiego 2, 40-748 Katowice";246901;"m. Katowice";"Katowice";"śląskie";1;1;6;0;3;0;2;3;1;0;0;2;2;0;1;2;0;0;0;0;0;0;101;7;35;9;5;7;5;3;0;3;3;0;0;0;0;1;0;0;0;1;6;2;36;5;18;5;7;1;1;0;3;8;2;4;1;0;0;0;4;0;2;0;2;3;2;1;297;23;4;5;9;27;3;4;0;3;4;0;1;0;0;0;0;1;0;0;3;0;0;2;43;4;11;2;2;3;2;1;0;1;2;1;1;0;0;0;0;2;0;1;0;0;1;0;264;179;6;7;28;157;1;5;2;1;0;6;0;2;0;0;0;0;1;2;1;0;2;12;24;3;2;2;0;0;3;1;0;0;0;0
35;"Zespół Szkół nr 2 im. Jarosława Iwaszkiewicza-Centrum Kształcenia Zawodowego i Ustawicznego w Katowicach, ul. Walerego Goetla 2, 40-749 Katowice";246901;"m. Katowice";"Katowice";"śląskie";1;1;13;0;1;1;1;0;0;0;0;0;0;0;0;0;0;1;0;0;1;1;63;5;31;5;6;9;14;1;2;1;2;0;0;2;0;2;1;1;1;0;3;4;43;7;10;3;3;2;1;1;0;9;0;1;1;1;3;0;3;0;1;0;2;0;2;1;353;17;6;5;9;10;5;1;1;0;4;0;1;3;4;0;0;1;0;0;2;2;0;2;37;8;3;1;3;0;2;0;0;2;0;0;1;1;0;0;0;0;0;0;1;0;0;1;221;70;15;2;31;30;1;2;1;2;2;2;1;0;0;1;0;0;0;2;1;1;3;3;7;1;6;1;2;0;0;1;0;0;0;0
36;"Zespół Szkół nr 2 im. Jarosława Iwaszkiewicza-Centrum Kształcenia Zawodowego i Ustawicznego w Katowicach, ul. Walerego Goetla 2, 40-749 Katowice";246901;"m. Katowice";"Katowice";"śląskie";1;1;4;2;5;0;0;1;0;0;0;0;0;1;0;0;0;2;0;0;1;0;65;2;24;3;3;6;4;1;0;0;2;0;0;1;0;3;0;0;1;0;1;0;34;3;12;1;4;0;0;1;2;1;1;0;0;1;0;1;1;2;2;0;1;1;1;0;270;13;4;5;7;16;1;2;1;0;6;0;2;2;0;0;1;1;0;1;0;2;1;3;39;5;4;0;1;3;5;0;1;1;2;0;0;0;0;0;0;1;1;0;0;0;0;0;161;56;5;2;9;33;0;1;0;0;0;2;0;0;0;1;1;1;1;2;0;0;1;0;7;5;3;0;1;0;0;0;0;0;2;0
37;"Miejski Dom Kultury ""Południe"" Filia nr 2 w Murckach, ul. Pawła Kołodzieja 42, 40-749 Katowice";246901;"m. Katowice";"Katowice";"śląskie";1;1;6;0;2;1;1;0;0;1;0;0;1;1;0;0;0;1;0;1;2;1;47;2;18;3;4;5;4;2;1;1;2;1;1;1;0;3;0;2;1;0;1;2;24;7;3;1;3;1;1;0;2;1;0;2;1;1;1;0;2;0;0;0;0;2;1;1;305;13;5;1;8;12;0;1;0;1;0;0;0;3;0;3;0;1;1;0;1;0;0;3;42;6;5;3;1;0;1;2;2;0;0;0;0;3;0;1;0;0;0;0;1;0;2;2;126;27;4;4;25;34;2;0;1;0;1;1;1;0;0;0;0;0;0;2;2;0;2;6;11;1;1;0;0;0;0;0;0;1;0;1
38;"Katowickie Centrum Edukacji Zawodowej im. Powstańców Śląskich-Centrum Kształcenia Zawodowego i Ustawicznego w Katowicach, ul. Techników 11, 40-326 Katowice";246901;"m. Katowice";"Katowice";"śląskie";1;1;9;0;11;0;1;2;1;0;2;0;0;0;0;2;0;1;0;0;1;1;70;3;33;4;4;14;8;3;0;2;1;2;3;3;0;0;1;2;2;2;9;2;34;10;23;6;4;1;1;1;7;2;2;0;1;0;1;0;5;2;0;0;10;1;5;2;347;10;8;4;18;20;1;2;0;1;3;2;0;4;0;0;2;0;0;0;1;0;3;2;55;10;4;1;3;0;2;5;1;2;1;3;0;3;0;2;0;1;5;0;0;0;3;5;321;116;12;8;14;35;1;4;4;3;0;0;2;2;0;0;1;2;0;3;1;1;0;22;15;5;0;0;1;0;1;2;1;0;2;0
39;"Zespół Szkolno-Przedszkolny nr 3, ul. Józefa Grzegorzka 4, 40-309 Katowice";246901;"m. Katowice";"Katowice";"śląskie";1;1;6;1;4;0;0;1;0;0;0;0;1;0;0;0;0;1;0;0;1;0;17;2;8;0;3;4;11;2;1;0;0;0;0;1;0;2;0;1;0;1;0;2;13;8;10;2;5;2;1;1;2;0;0;0;0;1;1;0;0;0;2;0;1;0;2;1;150;11;1;1;1;2;0;2;0;2;0;2;1;1;0;0;0;1;1;0;1;1;0;0;19;4;2;1;0;1;1;1;0;0;0;1;0;0;0;0;0;1;0;0;0;0;0;0;141;44;2;5;5;7;3;2;0;2;0;0;2;0;1;0;0;1;0;0;1;1;1;25;6;1;0;1;0;1;0;0;0;0;0;0
40;"Zespół Szkolno-Przedszkolny nr 3, ul. Józefa Grzegorzka 4, 40-309 Katowice";246901;"m. Katowice";"Katowice";"śląskie";1;1;3;1;7;0;0;0;0;0;1;0;1;0;0;0;0;0;0;1;0;0;36;2;15;0;2;4;10;1;1;1;0;1;0;2;0;1;0;0;0;2;1;2;23;3;0;9;2;0;0;0;1;0;1;3;0;0;2;0;4;1;1;0;3;0;2;0;187;10;1;1;4;1;3;0;0;0;1;0;0;1;1;1;0;1;0;0;0;0;0;1;18;3;2;0;0;1;1;0;1;1;1;0;0;0;0;1;0;0;0;0;0;0;0;0;117;44;2;2;5;14;0;1;1;4;0;1;0;2;0;1;0;0;0;1;3;1;0;25;7;1;0;0;2;1;0;1;1;0;1;0
41;"Zespół Szkół Handlowych, ul. gen. Józefa Hallera 60, 40-320 Katowice";246901;"m. Katowice";"Katowice";"śląskie";1;1;4;1;7;1;1;0;1;0;0;1;2;0;0;0;1;0;2;0;0;0;34;2;13;1;2;5;5;0;0;1;0;1;2;0;0;2;0;1;2;2;3;0;30;9;20;2;8;2;0;0;1;0;0;2;1;0;1;0;1;0;2;0;2;3;2;2;232;22;0;7;2;9;3;1;0;0;3;1;1;2;1;0;0;0;0;1;1;0;0;0;23;10;7;0;2;1;2;3;2;2;0;1;0;0;0;1;0;0;0;1;0;0;0;1;172;53;4;7;9;12;1;3;0;3;1;1;2;1;1;0;0;3;0;1;2;1;0;6;3;2;2;0;0;1;0;2;0;0;0;0
42;"Szkoła Podstawowa dla Chłopców KUŹNICA, ul. Deszczowa 14, 40-318 Katowice";246901;"m. Katowice";"Katowice";"śląskie";1;1;9;2;1;0;0;1;0;2;0;1;0;2;0;0;0;0;0;0;1;0;45;3;21;1;3;5;12;7;0;0;0;1;1;3;0;0;0;0;0;3;2;1;28;13;21;1;3;0;2;0;1;2;1;0;0;0;2;0;1;0;1;0;4;6;0;2;214;17;2;2;3;8;5;2;0;1;0;0;0;1;2;0;0;1;0;2;0;0;2;4;28;8;2;0;0;0;0;5;0;0;0;0;0;1;0;0;0;0;1;0;0;1;0;0;201;73;1;7;15;23;0;6;0;0;1;0;4;2;0;1;1;1;0;3;0;0;0;19;11;1;0;4;0;1;0;1;0;0;1;0
43;"Szkoła Podstawowa nr 45, ul. dr Janusza Korczaka 11, 40-321 Katowice";246901;"m. Katowice";"Katowice";"śląskie";1;1;6;0;4;0;1;0;0;0;1;0;0;0;2;0;0;0;0;0;1;0;48;3;19;3;1;3;21;0;0;0;0;0;0;0;0;7;0;0;1;1;5;3;23;2;10;0;5;0;1;0;1;1;0;0;3;0;1;0;1;0;0;0;3;0;1;0;171;7;3;3;6;5;0;1;0;1;1;0;2;2;0;0;0;0;0;1;1;0;2;1;19;4;8;0;1;1;0;2;2;1;0;2;0;0;0;3;0;0;2;0;1;0;0;1;135;45;1;5;11;22;0;0;0;1;0;1;0;0;0;0;0;1;0;3;0;0;2;11;5;0;3;0;0;2;0;0;1;0;0;0
44;"Zespół Szkolno-Przedszkolny nr 25, ul. Morawa 86, 40-353 Katowice";246901;"m. Katowice";"Katowice";"śląskie";1;1;4;1;1;1;2;0;2;0;0;0;0;0;0;2;1;0;2;1;0;0;53;4;18;2;3;6;3;2;3;0;3;0;1;0;0;3;1;2;0;1;3;1;40;13;11;0;6;3;1;0;5;2;1;1;1;2;2;0;0;1;0;0;5;3;1;0;305;6;4;5;8;14;2;1;2;1;1;1;1;2;2;0;0;1;1;2;1;0;0;1;38;6;7;1;4;2;2;1;0;1;0;2;0;0;0;1;0;1;1;3;0;0;1;0;181;68;8;6;13;9;0;1;1;3;0;2;1;0;0;1;0;0;0;0;0;0;2;2;7;2;0;0;2;0;1;0;0;0;1;2
45;"Zespół Szkolno-Przedszkolny nr 12, ul. Wiosny Ludów 22, 40-374 Katowice";246901;"m. Katowice";"Katowice";"śląskie";1;1;8;1;5;1;1;1;2;0;2;0;0;0;0;0;1;1;0;0;0;3;43;5;29;3;3;7;5;0;1;2;0;0;0;1;0;1;2;3;1;0;2;4;54;8;11;5;6;1;1;1;2;0;2;7;3;1;3;0;3;0;5;0;4;2;1;1;336;11;4;7;8;9;4;2;1;4;0;0;0;3;0;2;0;2;0;0;1;0;0;0;34;9;6;1;1;3;0;2;1;1;1;0;2;0;0;1;0;0;0;0;0;0;0;2;241;59;5;3;14;22;0;2;1;0;0;1;1;2;1;1;0;1;0;3;0;1;3;6;10;5;3;1;3;0;1;0;0;0;0;1
46;"Zespół Szkolno-Przedszkolny nr 12, ul. Wiosny Ludów 22, 40-374 Katowice";246901;"m. Katowice";"Katowice";"śląskie";1;1;5;0;0;0;0;0;0;1;0;0;0;1;1;0;1;0;1;0;3;0;32;0;10;2;5;3;4;3;0;0;0;1;2;1;0;1;0;1;0;1;1;0;32;3;6;0;3;0;0;1;1;0;0;3;2;0;1;0;2;0;0;0;6;0;2;0;180;11;3;1;3;2;0;0;1;1;0;0;1;1;1;1;0;0;2;0;0;0;0;1;31;2;1;0;5;0;1;1;0;1;2;0;0;2;0;0;0;1;1;0;0;0;3;0;123;31;3;2;1;14;1;2;0;1;0;0;0;2;0;1;1;3;0;0;0;0;1;3;12;1;0;0;0;0;1;0;1;0;0;1
47;"Zespół Szkół Przemysłu Spożywczego, ul. ks. bpa Herberta Bednorza 15, 40-384 Katowice";246901;"m. Katowice";"Katowice";"śląskie";1;1;4;0;4;0;1;1;1;0;0;0;0;0;0;0;0;0;0;0;1;0;25;3;15;1;0;5;2;1;1;0;0;0;0;2;0;3;0;2;0;0;4;0;39;8;7;4;7;1;5;0;3;1;1;1;0;0;1;1;0;1;1;0;2;1;4;0;165;12;2;3;2;5;1;0;0;3;1;0;0;2;1;0;0;2;0;0;1;2;0;1;25;7;6;1;1;2;0;0;0;1;2;0;3;1;0;0;0;1;0;0;0;0;0;0;125;43;1;6;7;10;0;1;0;1;1;0;0;0;0;0;0;1;0;0;0;0;0;5;3;2;1;0;1;0;0;0;0;0;0;0
48;"Zespół Szkół Przemysłu Spożywczego, ul. ks. bpa Herberta Bednorza 15, 40-384 Katowice";246901;"m. Katowice";"Katowice";"śląskie";1;1;7;3;0;0;1;1;0;2;0;1;1;3;0;0;1;0;0;0;0;0;25;6;15;0;3;7;6;2;0;3;2;1;0;2;0;1;0;1;0;0;2;2;37;8;10;1;3;0;0;1;4;1;1;5;0;1;1;1;3;3;2;0;12;4;2;0;262;8;8;2;7;8;0;1;0;4;1;0;0;3;0;0;0;1;0;0;0;1;0;0;39;7;4;1;1;1;1;1;0;3;3;0;0;3;0;0;0;0;1;0;2;0;1;0;148;65;3;3;12;20;2;0;1;0;1;1;3;2;0;0;1;1;0;0;2;0;0;5;12;3;1;0;0;0;0;0;1;0;0;0
49;"Liceum Ogólnokształcące In Altum (dawna Szkoła Podstawowa nr 53), ul. Oswobodzenia 47, 40-404 Katowice";246901;"m. Katowice";"Katowice";"śląskie";1;1;7;0;3;2;2;1;0;0;0;0;0;2;1;0;0;0;1;0;0;0;58;5;21;3;5;6;0;4;0;0;1;1;3;4;2;1;0;4;0;2;3;3;53;8;22;0;2;0;3;1;1;4;0;2;0;2;0;0;0;2;4;3;6;5;5;0;316;19;2;5;6;9;1;2;1;3;0;2;1;3;2;0;1;3;3;0;3;2;0;3;48;12;8;2;1;2;1;1;0;2;0;1;1;0;3;2;1;1;3;0;0;0;1;0;205;81;10;2;18;14;0;2;1;2;1;1;3;5;1;0;0;2;3;5;0;0;0;5;7;2;1;1;0;0;2;1;2;0;0;1
50;"Miejskie Przedszkole nr 63, ul. Zamkowa 10, 40-413 Katowice";246901;"m. Katowice";"Katowice";"śląskie";1;1;5;1;2;0;1;1;0;0;0;0;1;0;0;0;0;0;1;0;1;0;45;4;18;1;4;6;2;2;0;2;3;0;0;1;1;2;2;2;1;1;1;1;40;2;13;3;12;2;6;0;3;0;1;6;0;3;1;1;1;0;1;0;4;0;0;1;262;7;1;3;5;7;1;0;0;0;0;1;0;4;1;0;0;0;2;1;1;1;0;0;48;4;4;2;2;0;1;2;0;0;0;1;0;0;0;1;0;0;1;0;0;0;1;0;216;85;5;7;18;10;0;3;1;2;1;1;0;1;0;0;0;0;0;0;0;0;0;2;7;0;1;0;0;0;0;0;1;0;0;0
51;"Szkoła Podstawowa nr 53, ul. Szopienicka 58a, 40-431 Katowice";246901;"m. Katowice";"Katowice";"śląskie";1;1;4;2;2;1;0;0;0;1;1;1;0;1;1;1;1;0;0;1;1;0;39;5;16;2;5;4;4;3;1;0;1;0;0;4;2;1;2;4;0;0;0;3;49;6;12;1;4;0;1;0;6;0;1;2;1;2;0;0;2;1;2;1;1;6;2;2;241;13;1;1;20;7;0;1;2;2;4;0;1;2;0;0;0;0;2;0;0;6;0;2;25;10;2;2;5;1;0;2;0;0;0;0;1;1;0;1;0;2;0;0;0;1;1;3;188;93;5;4;25;17;1;2;0;2;0;2;0;4;0;1;0;1;0;1;0;0;2;6;6;1;0;1;0;0;0;1;0;0;0;1
52;"Szkoła Podstawowa nr 53, ul. Szopienicka 58a, 40-431 Katowice";246901;"m. Katowice";"Katowice";"śląskie";1;1;2;1;3;0;2;1;2;0;0;2;0;0;0;0;1;0;1;0;1;0;29;6;15;1;4;3;8;2;0;2;1;3;1;2;0;0;0;1;0;0;3;1;33;8;13;3;5;2;1;1;4;2;0;3;0;0;1;2;4;3;3;0;11;4;1;3;203;8;1;6;1;6;2;1;0;1;3;0;1;2;0;0;1;1;1;1;1;2;1;5;36;4;2;3;1;1;1;0;0;1;0;1;0;0;1;2;0;2;1;0;0;0;1;0;113;99;7;0;38;5;2;2;0;1;0;0;2;1;0;1;0;0;0;0;2;0;1;6;6;3;0;0;0;0;0;2;0;0;0;1
53;"Szkoła Podstawowa nr 53, ul. Szopienicka 58a, 40-431 Katowice";246901;"m. Katowice";"Katowice";"śląskie";1;1;18;2;6;1;3;1;2;0;0;0;1;1;1;1;0;1;1;0;3;2;89;6;46;6;8;11;4;2;0;1;3;3;1;4;1;1;2;2;1;2;4;0;61;19;23;3;7;1;8;0;4;1;1;7;0;2;4;0;3;0;5;0;5;2;5;1;371;14;7;7;17;11;0;1;2;1;1;2;1;6;2;0;1;1;1;1;1;9;0;2;46;13;6;2;2;2;3;5;1;2;3;2;1;0;1;0;0;1;0;0;0;1;1;2;312;160;14;4;25;21;2;2;0;2;2;0;4;2;0;3;0;0;0;3;1;0;1;5;16;5;2;0;1;0;1;1;1;0;1;1
54;"Szkoła Podstawowa dla Dziewcząt PŁOMIEŃ, ul. Karliczka 15, 40-488 Katowice";246901;"m. Katowice";"Katowice";"śląskie";1;1;8;4;3;1;1;0;0;1;1;0;0;2;3;1;0;0;0;0;1;1;80;3;27;3;2;4;5;2;1;0;2;2;0;3;0;2;0;2;1;0;5;1;42;6;19;1;4;0;1;0;0;3;1;0;1;1;1;1;4;1;2;0;0;1;1;0;360;22;5;4;24;11;1;0;1;2;1;2;0;2;0;1;0;1;1;0;0;0;0;6;37;8;3;0;7;1;1;1;2;3;1;1;1;0;1;0;0;0;0;1;0;0;0;0;229;82;2;3;14;23;1;3;1;3;1;1;1;0;0;1;1;0;0;2;0;0;1;0;9;3;2;3;0;1;0;1;1;0;0;1
55;"Szkoła Podstawowa dla Dziewcząt PŁOMIEŃ, ul. Karliczka 15, 40-488 Katowice";246901;"m. Katowice";"Katowice";"śląskie";1;1;2;2;1;1;0;2;3;0;0;0;0;0;0;1;0;0;4;0;0;0;40;3;25;4;5;6;5;2;0;0;2;0;1;1;0;0;0;0;0;0;1;5;80;11;17;1;8;2;3;0;1;2;2;1;1;0;0;0;3;0;2;0;3;3;1;0;338;14;5;1;22;4;0;1;2;1;1;0;0;6;0;0;1;1;6;1;0;1;0;4;37;9;8;1;0;1;3;0;2;2;0;0;0;0;0;0;0;0;0;0;1;0;2;3;234;94;4;2;17;12;2;4;0;0;1;1;1;3;0;0;1;0;1;0;0;0;0;2;14;4;0;1;0;0;1;1;1;0;0;0
56;"Zespół Szkolno-Przedszkolny nr 13, ul. Przyjazna 7a, 40-466 Katowice";246901;"m. Katowice";"Katowice";"śląskie";1;1;10;0;1;0;0;0;4;0;0;0;1;0;0;0;0;0;0;0;2;0;53;2;22;5;4;13;7;1;1;1;1;1;1;0;4;1;0;0;0;1;2;2;40;6;17;2;4;0;0;0;0;1;0;1;1;0;0;0;4;1;4;0;4;2;2;2;363;21;5;2;13;8;2;1;1;5;3;1;0;4;1;1;2;1;2;0;1;2;0;3;30;7;3;0;3;0;0;1;2;1;0;1;1;0;0;1;1;1;0;0;1;0;0;0;296;80;12;2;16;26;0;0;0;2;1;2;1;2;0;0;0;1;0;2;2;0;4;1;10;0;0;1;1;1;0;0;0;0;0;0
57;"Zespół Szkolno-Przedszkolny nr 13, ul. Przyjazna 7a, 40-466 Katowice";246901;"m. Katowice";"Katowice";"śląskie";1;1;15;1;3;2;1;2;1;0;0;0;0;2;0;4;2;0;0;0;0;1;83;1;44;0;7;3;9;8;0;0;4;0;1;2;0;1;0;1;1;0;3;7;54;21;31;3;8;1;7;0;5;0;0;7;0;2;2;0;1;0;3;1;1;1;2;1;301;19;8;3;7;17;1;2;1;1;5;0;3;1;1;0;0;1;0;0;0;2;1;4;41;8;6;2;0;4;1;3;1;3;1;0;0;1;0;2;0;1;0;3;1;1;2;4;304;96;6;6;54;16;2;1;1;3;0;1;1;2;0;0;0;0;0;0;0;0;2;1;14;5;2;4;1;0;0;0;0;0;2;1
58;"Zespół Szkolno-Przedszkolny nr 13, ul. Adama 33, 40-467 Katowice";246901;"m. Katowice";"Katowice";"śląskie";1;1;6;0;0;2;1;2;1;0;0;0;1;0;0;0;0;0;0;1;1;0;70;5;34;6;2;6;2;1;0;1;0;0;0;3;0;0;0;6;0;0;4;4;50;5;16;0;5;2;2;0;4;2;0;2;1;1;3;0;3;0;2;1;4;3;0;1;363;17;4;3;16;7;2;0;0;1;3;0;4;5;0;0;0;0;1;2;1;3;1;3;39;5;6;1;3;0;0;2;0;1;0;1;0;0;0;3;0;0;1;0;0;0;1;0;276;71;4;5;14;16;0;1;3;2;0;0;0;4;0;0;0;1;0;1;2;0;4;6;18;7;4;2;1;1;1;1;0;0;0;2
59;"Zespół Szkolno-Przedszkolny nr 16, ul. Wojciecha 9, 40-474 Katowice";246901;"m. Katowice";"Katowice";"śląskie";1;1;12;0;2;0;1;0;1;0;0;0;0;0;1;1;0;0;0;1;1;0;86;5;30;2;3;8;1;1;0;0;1;0;0;0;0;2;0;0;0;0;2;2;40;5;21;2;4;3;1;0;1;0;0;1;0;0;3;1;2;0;1;0;0;5;2;0;208;28;3;1;6;13;0;0;0;0;0;0;1;1;1;0;0;0;0;0;0;0;1;0;27;14;4;3;7;2;1;3;0;1;1;0;0;0;1;0;0;1;2;0;0;0;0;1;213;92;4;1;11;14;0;2;0;0;2;2;3;1;0;1;0;0;0;0;0;0;2;4;4;2;3;0;0;1;1;0;0;1;0;0
60;"Zespół Szkolno-Przedszkolny nr 16, ul. Wojciecha 9, 40-474 Katowice";246901;"m. Katowice";"Katowice";"śląskie";1;1;7;1;2;0;0;0;0;0;0;1;1;1;1;2;2;0;0;0;0;0;40;5;11;2;2;6;6;4;0;0;0;3;0;2;0;3;0;1;0;1;1;0;30;2;8;0;3;2;1;2;2;1;1;1;2;0;2;0;0;1;2;0;4;1;1;0;300;19;4;2;12;5;0;1;1;0;2;1;0;0;0;0;0;1;1;0;0;1;1;2;30;4;7;0;3;0;1;0;0;0;1;1;0;0;0;1;0;1;2;0;1;2;0;0;208;71;3;2;22;9;2;0;4;1;2;1;1;0;0;0;1;0;1;4;2;0;0;5;8;2;2;0;0;1;0;0;0;0;2;1
61;"Zespół Szkolno-Przedszkolny nr 16, ul. Wojciecha 9, 40-474 Katowice";246901;"m. Katowice";"Katowice";"śląskie";1;1;5;1;1;3;1;1;0;0;0;0;1;0;0;0;1;1;1;2;2;1;53;5;23;6;5;9;2;2;1;2;1;1;0;2;0;3;1;0;0;1;6;2;48;1;9;1;6;2;0;1;2;1;1;1;0;1;1;0;1;0;0;0;2;2;3;0;356;17;3;7;14;6;1;0;0;2;0;0;0;2;1;0;0;0;3;0;1;0;0;4;43;8;3;0;2;1;4;0;1;1;1;3;1;1;0;0;0;0;0;0;0;1;0;2;270;94;5;1;19;12;1;1;1;1;0;1;0;1;0;1;0;1;0;0;0;0;2;3;13;1;0;0;0;0;0;0;0;0;0;0
62;"Park Naukowo-Technologiczny Silesia, ul. Gawronów 4, 40-527 Katowice";246901;"m. Katowice";"Katowice";"śląskie";1;1;16;0;3;0;1;0;1;0;0;0;0;0;1;0;0;0;0;0;0;0;152;11;49;4;5;14;12;8;0;3;1;2;0;2;1;2;1;0;1;1;4;5;112;17;50;4;6;0;2;1;3;2;2;0;1;0;1;0;9;0;1;0;0;0;3;2;170;13;0;12;7;15;3;1;0;0;4;2;0;2;0;0;0;0;0;0;0;0;1;2;56;24;8;1;1;0;4;2;1;1;3;0;1;0;0;0;0;0;0;2;0;0;0;0;576;320;14;20;53;35;1;7;2;6;0;0;1;2;0;0;3;0;1;1;2;0;0;20;0;0;0;0;0;0;0;0;0;0;0;0
63;"Zespół Szkół Technicznych i Ogólnokształcących nr 2, ul. Mikołowska 131, 40-592 Katowice";246901;"m. Katowice";"Katowice";"śląskie";1;1;1;0;1;0;0;1;1;0;0;0;0;0;0;0;0;0;0;0;0;0;16;0;2;0;0;3;3;1;0;0;0;0;0;1;0;0;0;0;0;0;2;0;13;3;8;1;1;1;2;0;0;2;0;1;0;0;0;2;1;0;0;0;1;0;0;1;64;11;0;0;4;1;0;0;0;1;0;0;0;2;0;0;0;0;0;0;0;0;0;1;7;0;2;0;0;0;0;1;0;0;1;2;0;0;0;0;0;0;0;0;0;0;0;0;85;51;1;4;9;6;0;1;0;0;0;0;0;0;0;0;0;0;0;2;0;0;1;1;1;0;4;0;0;0;0;0;0;0;0;0
64;"Szkoła Podstawowa nr 65, ul. Kukułek 2a, 40-533 Katowice";246901;"m. Katowice";"Katowice";"śląskie";1;1;1;1;0;1;0;0;1;0;0;0;0;0;0;0;1;0;0;0;0;0;78;3;14;1;1;5;16;5;0;1;0;2;0;0;1;0;0;0;0;0;8;2;36;21;20;2;1;1;3;0;1;0;1;0;0;1;0;0;2;0;0;0;2;3;0;2;183;12;1;2;8;14;6;0;0;0;0;0;0;2;1;0;0;0;0;0;0;0;0;1;23;8;11;2;0;1;1;1;0;1;0;0;0;1;0;0;0;0;0;0;0;1;0;0;313;191;5;12;29;38;1;4;5;1;0;3;4;2;0;0;1;0;1;1;0;0;5;16;14;2;0;0;2;0;0;0;0;0;0;1
65;"Miejskie Przedszkole Nr 1, ul. Brynowska 82 (wejście od ul. Kościuszki), 40-584 Katowice";246901;"m. Katowice";"Katowice";"śląskie";1;1;3;0;0;1;0;0;0;0;0;1;0;0;1;0;0;0;0;0;0;0;67;7;25;6;2;6;12;4;1;2;1;0;0;3;0;1;0;2;0;2;2;3;56;10;35;3;5;1;0;1;3;2;2;1;1;0;1;0;1;0;1;0;0;2;0;0;206;15;1;2;7;13;2;0;0;2;2;1;0;0;1;0;1;0;1;0;0;0;0;2;24;9;8;2;2;0;1;0;0;0;0;2;0;1;0;0;0;0;0;1;0;0;0;0;309;154;6;10;25;25;0;2;2;0;1;1;3;0;1;2;2;4;1;2;1;0;1;11;7;0;1;1;0;0;0;0;0;0;0;0
66;"III Liceum Ogólnokształcące, ul. Adama Mickiewicza 11, 40-092 Katowice";246901;"m. Katowice";"Katowice";"śląskie";1;1;5;0;2;2;1;1;1;0;0;0;0;0;0;1;1;0;0;0;1;0;57;5;15;6;3;4;4;1;0;2;1;0;0;3;0;1;0;2;0;0;4;2;58;7;33;2;5;1;1;2;4;2;1;3;1;0;2;0;7;1;1;0;1;2;2;2;102;3;2;2;5;8;0;1;0;0;1;0;5;1;0;0;0;0;0;0;0;0;0;3;36;10;9;1;3;3;2;1;0;3;0;0;0;0;0;0;0;0;1;0;0;0;0;0;231;130;7;3;9;15;0;3;4;0;0;2;1;0;0;0;0;2;1;2;1;0;1;10;8;3;2;0;0;0;1;0;0;0;1;1
67;"Zespół Szkolno-Przedszkolny Nr 24, ul. Sokolska 23, 40-086 Katowice";246901;"m. Katowice";"Katowice";"śląskie";1;1;3;1;2;0;0;0;3;0;1;0;0;0;0;0;1;0;0;0;0;0;39;1;17;2;2;5;7;0;0;3;0;1;0;2;0;2;1;2;0;1;1;1;48;8;26;0;8;3;4;0;1;0;0;2;0;1;2;0;3;2;1;0;4;0;0;0;163;3;1;1;6;4;0;1;0;0;0;0;0;1;0;0;0;1;1;0;1;0;1;2;23;7;8;1;2;0;0;1;0;1;0;1;0;1;0;1;0;0;1;2;0;0;0;1;196;104;6;5;6;14;1;1;3;1;0;2;2;2;0;0;1;0;1;1;0;0;0;6;6;1;1;1;0;0;0;0;0;0;0;1
68;"III Liceum Ogólnokształcące, ul. Adama Mickiewicza 11, 40-092 Katowice";246901;"m. Katowice";"Katowice";"śląskie";1;1;7;0;0;0;0;0;0;1;1;0;0;0;0;0;0;1;1;0;1;0;27;4;10;1;2;3;2;1;1;0;0;0;0;1;0;0;1;0;0;1;3;1;42;4;19;0;2;4;1;1;4;0;0;2;0;0;0;0;9;0;1;0;0;2;2;1;55;8;0;0;0;1;1;0;0;1;0;0;0;1;0;0;0;0;0;0;0;0;0;0;13;3;7;3;0;0;1;1;0;0;1;0;0;0;1;0;0;0;0;2;0;0;0;1;99;67;6;4;3;12;0;2;0;1;0;3;2;0;0;1;0;0;1;0;1;0;1;1;5;1;0;0;0;0;1;1;1;0;0;0
69;"Szkoła Podstawowa nr 7 Specjalna, ul. Szkolna 5, 40-009 Katowice";246901;"m. Katowice";"Katowice";"śląskie";1;1;2;0;0;0;0;0;0;0;1;0;0;1;1;0;0;0;2;0;0;0;23;1;11;1;1;3;3;0;0;0;0;1;0;0;0;0;0;3;0;0;2;2;40;4;14;1;1;0;0;0;1;1;0;0;0;1;2;0;1;0;1;0;1;4;1;1;56;6;2;1;0;4;0;1;0;3;0;0;0;0;0;0;0;0;0;0;0;0;0;0;20;3;1;0;1;1;0;0;0;0;0;0;0;0;0;0;0;1;1;0;0;0;1;0;135;61;4;4;6;7;1;4;0;3;0;1;3;0;0;0;0;0;0;1;0;2;0;5;3;0;0;0;0;0;1;0;0;0;0;0
70;"VIII Liceum Ogólnokształcące, ul. 3 Maja 42, 40-097 Katowice";246901;"m. Katowice";"Katowice";"śląskie";1;1;5;0;3;0;1;1;1;0;0;0;2;0;0;0;2;0;0;1;0;0;45;5;22;3;2;3;2;2;1;3;0;2;1;1;1;3;2;0;2;0;2;1;56;13;24;2;4;2;3;1;3;3;2;3;0;0;1;0;6;5;0;0;3;2;5;1;116;8;3;0;4;4;0;0;0;0;1;0;1;0;0;0;0;1;0;0;1;0;0;0;24;6;4;1;1;0;5;1;1;0;0;0;1;1;0;0;0;0;0;3;0;1;1;0;185;76;3;5;8;18;1;4;2;1;0;1;0;1;0;0;0;1;1;0;0;0;1;1;6;0;1;1;1;0;0;5;0;1;0;1
71;"II Liceum Ogólnokształcące, ul. Bartosza Głowackiego 6, 40-052 Katowice";246901;"m. Katowice";"Katowice";"śląskie";1;1;5;1;1;1;2;1;0;0;0;0;0;2;0;0;0;0;0;1;0;0;39;3;21;2;5;2;3;1;2;2;0;0;0;1;1;0;0;0;0;0;2;0;52;5;21;2;6;1;1;1;5;4;3;3;0;0;0;0;3;0;0;0;1;4;3;2;148;6;2;3;2;4;0;1;0;2;4;0;1;0;1;0;2;0;1;0;0;0;0;1;25;10;3;2;1;1;4;2;0;1;2;0;1;0;0;0;3;0;0;0;0;0;0;0;175;74;2;0;14;20;0;1;3;1;0;0;0;0;0;0;0;2;1;0;0;0;0;2;9;4;0;2;0;0;0;0;1;0;0;1
72;"II Liceum Ogólnokształcące, ul. Bartosza Głowackiego 6, 40-052 Katowice";246901;"m. Katowice";"Katowice";"śląskie";1;1;2;2;4;0;0;1;2;0;1;0;0;0;0;0;0;0;2;1;0;0;60;4;24;0;2;7;5;9;1;1;0;2;0;1;1;0;0;0;0;1;3;2;64;8;39;0;6;1;4;1;6;4;0;2;3;0;0;3;6;0;1;0;0;2;1;2;175;15;4;1;11;5;0;0;0;0;0;1;4;1;0;0;2;1;4;0;0;1;0;3;42;12;9;1;1;0;1;1;0;0;1;0;1;0;2;0;0;1;0;2;0;1;0;1;234;129;13;6;21;15;0;8;1;1;0;1;1;1;0;1;0;1;0;6;2;0;0;9;11;1;1;1;0;0;1;0;1;1;0;0
73;"Pałac Młodzieży w Katowicach, ul. Mikołowska 26, 40-057 Katowice";246901;"m. Katowice";"Katowice";"śląskie";1;1;7;1;1;0;1;4;1;1;0;0;0;1;0;0;0;0;0;1;1;3;58;6;25;1;7;7;6;3;0;1;0;0;0;1;1;2;0;1;0;0;1;1;55;7;28;2;7;3;1;2;2;2;1;4;2;0;2;0;5;0;2;0;2;2;1;1;143;6;1;6;5;6;0;0;0;2;1;0;0;0;0;1;0;0;0;0;0;0;0;1;33;5;6;0;0;2;1;1;0;1;0;0;0;0;0;0;0;0;0;1;0;0;1;2;235;113;8;5;23;24;0;2;5;0;0;1;2;3;0;0;0;0;0;4;0;0;2;10;12;3;2;0;2;0;0;3;0;0;1;1
74;"Zarząd Transportu Metropolitalnego, ul. Barbary 21a, 40-053 Katowice";246901;"m. Katowice";"Katowice";"śląskie";1;1;6;0;3;0;0;1;1;0;0;2;0;0;0;0;1;0;0;0;2;0;77;1;23;1;8;4;4;4;0;1;0;0;1;0;0;2;0;9;0;0;2;3;50;4;28;1;8;2;0;0;2;3;4;3;1;0;1;1;6;1;0;1;4;5;4;1;204;14;3;3;16;11;0;3;1;0;0;0;1;7;1;1;0;1;0;1;0;0;0;1;37;10;5;2;2;1;2;1;0;0;1;0;1;1;1;0;0;1;0;2;0;0;2;1;245;148;13;7;28;15;6;6;0;1;1;3;3;2;0;2;0;0;0;3;1;1;5;1;3;0;4;1;1;0;0;0;0;0;0;0
75;"Szkoła Podstawowa Nr 15, ul. Ks. bpa Stanisława Adamskiego 24, 40-069 Katowice";246901;"m. Katowice";"Katowice";"śląskie";1;1;13;1;3;1;1;0;0;0;1;0;0;1;0;1;0;0;0;1;0;0;94;4;38;8;3;7;6;1;1;4;1;0;0;0;0;1;2;5;1;1;6;1;77;12;39;3;9;3;3;0;7;4;2;2;1;0;0;1;6;1;1;3;4;0;2;1;243;15;2;2;6;12;1;0;0;0;1;0;2;2;1;0;2;0;0;0;0;0;0;0;30;8;8;0;0;1;3;1;2;0;0;0;0;1;1;0;0;2;0;1;0;0;0;0;330;147;10;9;19;28;2;5;2;4;3;4;1;1;1;1;0;0;0;0;1;1;2;11;7;4;1;2;0;0;1;1;0;0;0;1
76;"Zespół Szkół Ekonomicznych, ul. Raciborska 3, 40-074 Katowice";246901;"m. Katowice";"Katowice";"śląskie";1;1;2;0;1;1;0;1;0;0;1;0;1;0;1;0;0;1;0;1;0;0;52;3;27;2;3;7;3;0;1;2;2;0;0;2;0;0;0;2;0;0;3;3;35;7;16;4;2;2;1;0;3;9;1;6;0;0;3;0;2;0;5;0;2;2;0;1;182;5;4;3;7;7;0;0;0;2;1;1;2;0;1;0;0;0;0;0;1;0;0;0;25;10;2;3;0;1;0;4;1;2;0;1;0;1;0;1;0;1;0;3;0;0;0;0;211;80;4;9;13;32;0;3;1;1;0;1;3;2;1;0;1;0;0;1;1;0;0;6;5;2;6;2;0;0;0;0;0;0;1;0
77;"Biurowiec, ul. Wita Stwosza 31, 40-042 Katowice";246901;"m. Katowice";"Katowice";"śląskie";1;1;2;2;1;0;0;2;0;1;1;0;0;0;0;0;0;0;0;0;0;1;68;7;22;0;1;4;1;4;0;1;1;1;0;2;0;2;3;2;1;1;5;3;48;15;17;0;1;4;1;0;2;0;0;1;0;0;1;1;2;0;3;0;5;0;1;3;136;15;2;4;7;7;0;1;0;1;1;0;0;0;0;0;0;2;1;0;1;0;0;0;24;5;5;1;2;0;1;1;1;1;1;0;0;1;0;0;0;0;1;0;0;2;0;0;188;129;5;6;33;17;0;3;0;0;0;0;2;1;0;0;0;0;0;0;1;0;1;3;5;3;0;0;0;1;1;0;0;0;0;5
78;"Zespół Szkół Ogólnokształcących nr 1, ul. Henryka Sienkiewicza 74, 40-039 Katowice";246901;"m. Katowice";"Katowice";"śląskie";1;1;5;0;0;2;0;1;0;0;0;0;0;0;1;0;0;0;2;0;1;0;107;9;17;1;2;6;9;6;0;1;1;0;0;2;1;1;1;3;0;1;0;2;73;20;23;0;6;3;3;1;4;4;5;4;0;0;0;0;2;0;0;0;4;0;0;0;209;14;1;0;6;14;1;0;0;1;1;1;2;0;0;0;0;1;0;2;0;2;0;2;25;9;6;1;2;0;3;1;0;2;1;1;1;0;2;1;0;0;0;1;0;0;0;0;317;140;10;8;29;1;1;4;2;2;0;0;2;0;0;0;0;1;0;2;0;0;0;12;9;1;3;0;0;1;0;0;0;0;1;0
79;"Szkoła Podstawowa nr 1, ul. Jagiellońska 18, 40-035 Katowice";246901;"m. Katowice";"Katowice";"śląskie";1;1;8;3;4;0;1;0;1;0;1;0;1;1;1;1;1;0;0;0;1;0;72;5;27;3;3;6;5;0;0;2;0;1;0;2;0;2;0;4;0;2;4;2;78;11;38;4;4;1;2;1;7;2;0;1;0;0;4;0;9;1;1;0;3;0;6;3;174;18;2;6;10;11;2;1;2;1;0;0;0;0;0;0;0;2;0;1;2;0;0;2;39;14;8;1;3;4;1;1;1;1;1;0;1;0;0;0;0;1;1;0;0;0;0;0;243;110;7;7;23;24;0;4;3;6;3;2;3;3;0;1;0;1;0;1;0;1;2;18;12;1;4;1;1;0;0;1;1;0;1;0
80;"Szkoła Podstawowa nr 1, ul. Jagiellońska 18, 40-035 Katowice";246901;"m. Katowice";"Katowice";"śląskie";1;1;5;0;3;1;2;0;0;0;0;0;0;1;0;0;0;0;2;0;1;0;53;2;21;7;0;2;2;2;2;0;1;2;0;1;0;0;0;0;0;0;4;2;75;4;36;1;5;1;6;2;4;3;0;1;0;0;2;0;7;0;3;0;2;5;2;0;134;6;0;1;7;4;1;0;0;2;0;0;1;1;0;0;1;0;0;0;0;1;0;2;26;9;3;1;0;1;0;2;2;1;0;1;2;1;1;0;1;1;0;0;0;0;0;3;189;81;6;3;14;26;0;2;2;1;0;1;1;2;0;0;0;1;1;1;2;1;2;6;8;0;0;0;1;1;2;0;0;0;0;0
81;"Szkoła Podstawowa Nr 1, ul. Jagiellońska 18, 40-035 Katowice";246901;"m. Katowice";"Katowice";"śląskie";1;1;5;1;0;1;1;1;2;0;1;0;0;1;0;0;0;0;0;0;1;0;61;3;20;7;2;5;8;1;0;0;1;2;1;2;1;0;0;1;0;2;1;6;78;6;33;0;7;5;1;0;8;0;0;2;0;0;1;0;6;0;2;0;5;2;2;2;157;9;0;1;2;8;0;0;0;0;0;0;1;0;0;1;0;0;0;0;1;0;0;1;37;6;4;0;2;1;2;0;5;1;2;2;0;1;0;0;0;0;0;0;1;0;0;0;245;139;15;10;10;22;0;2;1;2;0;0;4;2;1;2;0;8;1;1;0;1;0;16;11;0;3;1;1;0;0;3;0;0;1;0
82;"Oddział Żłobka Miejskiego, ul. Uniwersytecka 15, 40-007 Katowice";246901;"m. Katowice";"Katowice";"śląskie";1;1;4;0;0;1;0;0;2;0;0;0;0;0;0;0;1;0;0;2;2;0;63;4;20;4;4;5;4;2;0;3;1;0;0;5;0;0;0;2;0;1;10;2;64;4;36;0;5;6;7;0;7;2;1;3;0;2;2;0;6;0;5;0;2;0;3;0;180;10;2;4;4;9;1;0;2;0;1;0;0;1;0;0;0;0;0;0;3;0;0;0;33;7;7;0;3;0;2;2;1;0;0;0;2;0;0;0;0;0;0;0;0;0;1;0;245;118;7;8;8;23;0;2;2;2;0;1;3;0;0;2;1;1;1;2;1;1;2;12;8;3;1;2;0;0;2;0;0;1;0;0
83;"Terenowy Punkt Pomocy Społecznej nr 2 MOPS, ul. Warszawska 42, 40-009 Katowice";246901;"m. Katowice";"Katowice";"śląskie";1;1;3;0;0;0;0;0;1;1;0;0;0;0;0;0;0;0;0;0;0;1;28;1;12;0;1;5;0;0;0;1;0;0;0;3;0;0;0;1;0;0;0;0;38;1;13;0;2;1;1;0;1;3;0;1;1;0;1;0;4;0;0;0;2;0;0;0;127;8;1;0;3;8;0;0;0;2;4;0;0;2;0;0;0;2;0;0;0;0;1;5;18;5;1;0;0;0;0;3;0;0;0;0;0;0;0;1;0;0;0;1;0;0;0;0;115;51;6;0;3;9;0;1;4;3;0;2;1;1;0;0;0;0;2;0;0;0;0;2;2;2;0;0;2;0;2;1;0;0;0;0
84;"Zespół Szkół i Placówek nr 1, ul. Ignacego Paderewskiego 46, 40-282 Katowice";246901;"m. Katowice";"Katowice";"śląskie";1;1;8;1;1;1;2;1;0;0;1;1;1;0;1;0;0;0;1;0;1;0;84;6;35;8;5;5;8;6;1;0;1;0;2;1;0;7;0;2;1;0;4;2;93;9;34;1;10;2;5;2;1;6;3;0;1;1;2;0;7;0;3;0;1;3;4;7;262;17;2;0;3;10;0;1;0;0;5;2;1;1;1;1;0;0;0;1;0;1;0;1;58;10;11;2;2;1;4;0;1;0;0;2;3;1;2;0;0;0;0;2;1;1;0;1;348;153;6;6;26;18;2;1;3;4;0;6;2;1;1;0;1;3;3;3;3;1;1;13;16;2;2;1;1;0;0;1;1;0;0;0
85;"Zespół Szkół i Placówek nr 1, ul. Ignacego Paderewskiego 46, 40-282 Katowice";246901;"m. Katowice";"Katowice";"śląskie";1;1;7;1;1;0;0;2;1;0;0;0;0;1;2;0;0;0;0;0;0;1;75;4;34;6;3;8;4;1;1;3;0;0;1;0;0;1;2;4;0;0;1;2;55;6;29;0;2;5;0;0;2;1;1;1;1;1;1;0;3;0;4;0;2;3;1;6;251;19;1;5;9;9;1;0;0;0;0;0;1;1;0;0;0;1;0;0;0;0;0;3;23;9;2;2;3;0;0;3;0;0;0;0;0;1;0;0;0;0;0;1;0;0;0;0;342;144;8;6;20;20;1;3;1;1;0;0;0;0;2;1;0;2;0;4;2;0;3;8;12;2;0;0;0;0;0;0;0;0;0;0
86;"Zespół Szkół i Placówek nr 1, ul. Ignacego Paderewskiego 46, 40-282 Katowice";246901;"m. Katowice";"Katowice";"śląskie";1;1;13;4;8;0;3;1;2;0;0;2;2;2;0;1;0;0;0;0;2;1;204;14;72;4;11;6;11;8;1;0;3;0;3;0;1;0;1;6;0;0;6;13;130;18;46;0;11;2;2;2;2;6;1;1;2;0;2;0;9;2;2;0;2;2;0;5;247;26;1;7;8;10;2;1;0;1;0;0;4;1;1;1;0;1;0;1;1;0;1;4;61;25;15;0;8;4;2;5;5;3;0;3;2;1;1;1;0;0;1;4;0;3;1;1;529;258;10;6;25;42;2;6;7;6;1;4;3;2;0;2;1;4;0;8;1;0;1;14;8;6;1;1;2;0;0;0;0;0;0;0
87;"Zespół Szkolno-Przedszkolny nr 9, ul. Graniczna 46, 40-018 Katowice";246901;"m. Katowice";"Katowice";"śląskie";1;1;6;2;2;2;0;0;3;1;0;0;0;0;1;0;2;1;2;0;1;1;93;12;31;4;0;6;10;3;4;4;0;2;0;2;0;1;2;2;3;1;2;3;62;13;34;1;10;2;1;3;3;2;1;3;0;0;4;0;11;2;3;0;2;0;4;2;261;17;5;7;8;12;0;0;0;0;1;0;1;6;1;1;0;0;1;0;0;0;0;2;31;7;13;0;3;1;0;1;0;0;0;0;0;3;0;1;0;0;2;0;0;1;0;0;357;131;6;6;21;21;5;1;5;5;1;2;4;1;0;0;0;1;2;2;0;1;1;11;8;1;0;0;0;2;1;0;0;0;0;0
88;"Zespół Szkolno-Przedszkolny nr 9, ul. Graniczna 46, 40-018 Katowice";246901;"m. Katowice";"Katowice";"śląskie";1;1;6;2;3;0;2;1;1;0;0;0;0;0;1;0;2;0;1;0;0;3;150;10;49;10;1;9;9;7;2;3;3;8;2;5;0;2;2;0;1;0;13;6;99;11;44;0;19;6;3;0;4;0;3;2;0;0;0;4;5;0;0;0;0;0;0;6;298;20;3;6;6;8;0;0;5;2;0;0;0;2;2;0;0;0;2;0;0;0;0;4;55;22;14;0;6;2;5;4;0;0;2;0;0;0;1;0;0;0;2;1;0;1;2;0;476;234;16;5;39;29;1;5;3;9;1;1;4;2;0;2;0;0;0;4;0;1;2;9;11;4;1;0;0;4;0;0;1;0;1;0
89;"Miejskie Przedszkole nr 57, ul. Piastów 13, 40-866 Katowice";246901;"m. Katowice";"Katowice";"śląskie";1;1;9;1;3;1;0;1;0;0;1;0;0;0;0;1;1;0;0;1;0;0;50;7;23;1;4;11;4;1;1;0;1;1;0;4;0;1;1;1;0;1;3;3;50;16;31;0;7;0;1;1;2;1;0;6;0;0;3;0;3;0;2;0;3;1;3;0;214;12;5;5;6;7;0;0;0;1;2;0;0;4;0;0;0;0;0;0;0;0;1;3;25;8;6;0;2;0;1;0;1;0;1;1;0;2;0;0;0;2;0;0;0;0;0;2;281;134;6;7;8;21;0;3;4;1;1;5;4;1;0;0;0;0;1;6;0;0;0;4;8;1;3;0;0;0;1;1;0;0;2;0
90;"Szkoła Podstawowa nr 66, al. Aleja Bolesława Krzywoustego 7, 40-870 Katowice";246901;"m. Katowice";"Katowice";"śląskie";1;1;2;2;2;0;2;0;2;0;0;1;0;2;2;0;0;0;3;1;0;1;83;5;42;2;3;8;8;1;0;0;1;1;0;2;1;0;0;3;1;0;3;2;57;11;25;1;9;1;4;3;0;2;0;1;0;1;3;0;9;0;0;1;2;1;1;3;241;11;1;6;6;7;3;1;0;0;2;0;1;5;0;1;0;1;0;0;0;0;1;3;39;11;5;1;2;0;1;1;0;1;0;0;0;0;2;0;0;0;0;2;0;1;1;0;317;167;11;8;20;11;1;0;2;1;0;2;5;1;1;0;1;2;1;6;3;0;1;10;8;0;1;0;2;0;1;1;0;0;0;1
91;"Zespół Szkół i Placówek nr 2, ul. Tysiąclecia 5, 40-873 Katowice";246901;"m. Katowice";"Katowice";"śląskie";1;1;9;0;1;0;2;1;1;0;1;1;0;1;0;0;0;0;0;0;1;1;87;7;29;2;7;4;1;2;0;1;3;4;2;0;1;4;0;1;2;0;1;0;66;9;26;0;9;2;5;1;3;4;1;3;0;0;1;2;1;0;1;0;2;0;7;0;205;10;3;3;2;10;1;2;0;2;0;1;0;3;0;0;2;1;0;0;0;0;1;2;41;10;5;2;5;2;3;3;0;1;1;0;0;2;0;1;1;0;1;0;0;1;1;0;295;148;6;6;12;13;0;2;1;2;0;0;2;0;0;0;0;1;0;5;0;0;0;8;6;1;1;0;0;0;3;0;0;1;0;0
92;"Zespół Szkół i Placówek nr 2, ul. Tysiąclecia 5, 40-873 Katowice";246901;"m. Katowice";"Katowice";"śląskie";1;1;2;0;1;0;1;1;0;0;0;0;1;1;1;0;2;0;0;1;0;2;62;6;31;0;3;4;2;5;0;2;0;1;1;5;0;2;0;2;0;1;3;1;45;6;16;2;3;0;2;1;3;1;0;1;0;0;1;0;2;2;1;0;1;2;3;1;226;6;1;5;3;10;0;1;0;2;2;0;0;1;0;1;0;1;2;1;0;0;0;0;31;10;5;1;3;1;2;1;1;2;0;0;1;0;0;0;0;0;0;0;0;0;0;1;258;80;5;1;18;4;0;2;1;1;2;1;4;0;0;0;0;3;1;7;1;0;1;4;7;1;1;0;0;1;0;0;0;0;0;4
93;"Szkoła Podstawowa nr 58, al. Aleja Bolesława Krzywoustego 11, 40-870 Katowice";246901;"m. Katowice";"Katowice";"śląskie";1;1;7;2;1;1;4;0;1;1;1;0;0;1;1;0;0;0;0;1;2;0;79;4;10;4;3;3;3;0;1;1;0;2;0;1;0;3;0;0;0;0;4;2;53;6;18;0;4;1;11;0;4;3;0;2;1;0;0;1;4;0;3;1;1;4;2;1;190;16;4;3;6;13;3;1;1;1;2;1;0;1;0;0;0;0;1;0;0;0;0;0;31;8;7;0;2;1;3;1;0;0;1;1;0;0;0;0;0;0;0;0;0;0;0;0;228;126;2;9;10;14;0;1;2;3;0;1;3;2;0;0;0;1;0;3;1;0;1;8;13;2;1;0;1;1;0;0;0;0;0;0
94;"Zespół Szkół nr 3, ul. Bolesława Chrobrego 4, 40-881 Katowice";246901;"m. Katowice";"Katowice";"śląskie";1;1;8;1;4;1;1;0;1;0;2;0;0;0;1;2;0;0;0;2;0;2;105;4;41;4;6;7;2;3;0;0;0;1;1;3;0;0;1;0;1;0;3;4;68;14;27;4;3;2;1;0;3;1;0;5;0;0;4;0;5;2;2;2;4;2;4;0;237;17;1;5;7;10;1;3;1;2;3;0;0;0;0;1;0;3;1;0;0;0;0;3;70;13;7;2;6;0;0;2;1;0;1;2;0;0;0;0;0;0;0;0;0;0;0;1;339;189;10;6;32;24;1;2;1;1;0;1;1;1;2;1;0;2;0;12;3;0;2;6;17;6;1;0;0;0;4;0;0;0;0;0
95;"Zespół Szkół nr 3, ul. Bolesława Chrobrego 4, 40-881 Katowice";246901;"m. Katowice";"Katowice";"śląskie";1;1;6;0;3;0;1;0;1;0;0;0;1;2;0;0;0;0;0;1;0;0;76;6;23;6;8;2;2;5;0;2;4;1;2;3;0;0;2;2;0;1;2;1;42;4;25;1;5;3;0;0;5;3;0;4;1;1;2;1;1;0;1;0;5;0;2;0;206;17;1;2;4;17;0;0;0;0;2;1;1;3;0;0;0;0;2;0;0;1;1;0;29;16;1;0;0;1;3;2;0;0;0;0;1;2;0;0;0;1;2;0;1;0;0;0;339;179;7;10;24;16;1;1;4;4;0;2;7;2;1;1;0;0;0;7;1;0;4;5;9;3;1;0;0;0;0;0;0;0;0;0
96;"Zespół Szkół nr 3, ul. Bolesława Chrobrego 4, 40-881 Katowice";246901;"m. Katowice";"Katowice";"śląskie";1;1;8;1;2;0;1;0;0;0;0;1;2;0;2;0;0;1;0;1;2;4;105;8;40;6;1;4;5;8;3;1;2;1;1;2;0;1;1;0;0;0;4;8;77;19;44;2;4;0;4;0;2;1;0;3;0;0;1;1;2;0;4;1;2;1;1;1;280;23;1;3;9;6;0;0;0;3;6;0;1;3;1;0;0;0;0;1;0;0;0;6;23;14;9;2;3;1;1;1;1;2;3;0;2;1;0;0;0;1;1;0;0;0;0;0;354;150;13;8;30;20;0;1;3;3;1;0;4;2;1;0;0;1;1;4;1;0;2;5;17;2;2;3;0;0;2;1;0;0;0;0
97;"Miejskie Przedszkole nr 34, ul. Tysiąclecia 84a, 40-871 Katowice";246901;"m. Katowice";"Katowice";"śląskie";1;1;11;1;5;0;3;0;0;0;1;0;0;0;0;0;1;1;0;0;0;0;66;7;27;4;4;3;3;3;1;0;1;0;0;2;2;0;0;1;0;0;2;2;46;12;18;0;4;3;0;1;1;0;1;2;0;0;1;0;3;0;0;1;2;2;0;2;219;16;4;2;4;10;0;0;0;0;1;0;1;1;0;0;0;1;1;0;0;0;1;2;30;4;6;1;0;0;0;0;0;2;0;1;0;2;0;0;0;0;0;0;0;0;1;0;301;146;6;6;18;19;1;6;2;0;0;2;4;0;3;1;0;0;0;3;0;0;1;7;10;1;1;1;0;2;0;0;0;0;0;2
98;"Szkoła Podstawowa nr 59, ul. Bolesława Chrobrego 5, 40-881 Katowice";246901;"m. Katowice";"Katowice";"śląskie";1;1;6;1;2;0;1;0;1;0;0;2;1;0;2;0;1;0;0;0;1;1;60;4;25;4;6;4;2;3;0;2;1;0;0;1;0;3;2;0;0;2;3;1;30;14;24;2;6;4;3;2;5;0;2;1;1;0;2;0;3;0;0;0;3;2;2;0;287;15;3;3;6;13;4;0;0;1;0;1;0;4;0;0;0;1;0;0;2;0;0;1;33;13;4;0;1;2;0;1;0;0;1;2;1;2;0;2;0;2;0;1;0;1;0;1;273;167;9;10;12;9;1;1;2;0;0;1;5;1;0;0;0;1;0;4;2;0;3;6;3;1;2;2;0;1;1;0;0;1;0;1
99;"Szkoła Podstawowa nr 59, ul. Bolesława Chrobrego 5, 40-881 Katowice";246901;"m. Katowice";"Katowice";"śląskie";1;1;2;2;1;0;1;0;1;0;0;0;0;0;0;0;0;0;0;0;0;1;76;2;29;3;4;5;3;1;1;2;0;2;1;0;0;1;1;7;2;0;2;4;69;9;30;0;11;2;4;1;3;0;1;0;1;0;1;0;4;0;1;0;2;0;1;4;285;15;2;3;2;15;1;1;0;1;0;1;2;1;0;2;0;1;2;0;0;0;0;5;36;12;2;0;1;0;4;1;1;0;0;0;0;0;0;0;0;0;1;1;0;0;0;0;327;141;4;8;28;19;4;5;0;1;1;3;2;4;1;2;0;2;0;8;1;0;0;11;9;4;7;3;2;1;2;0;1;0;0;0
100;"Szkoła Podstawowa nr 22, ul. Michała Wolskiego 3, 40-859 Katowice";246901;"m. Katowice";"Katowice";"śląskie";1;1;7;1;2;0;1;2;3;0;0;0;0;1;1;1;0;0;1;0;2;0;37;8;21;2;4;4;6;3;2;0;1;1;1;2;0;1;0;0;0;1;1;4;43;0;21;0;1;1;2;2;2;3;1;3;3;0;1;0;8;3;4;0;4;2;1;0;248;5;7;4;8;7;2;1;0;0;3;0;0;1;1;0;0;0;5;0;0;0;0;0;33;6;10;1;2;1;5;0;0;0;1;0;2;0;1;1;0;1;1;0;0;0;0;1;162;62;4;4;6;15;2;0;1;4;0;1;0;1;0;0;0;1;1;4;0;1;0;3;5;2;3;4;3;0;1;0;0;0;1;2
101;"Ośrodek Sportowy Gliwicka, ul. Gliwicka 214, 40-860 Katowice";246901;"m. Katowice";"Katowice";"śląskie";1;1;5;1;2;1;0;0;0;0;0;0;1;2;0;0;0;0;0;0;4;0;49;4;20;2;6;4;4;0;0;3;0;0;0;8;1;0;0;0;0;0;2;4;37;9;22;1;7;1;5;0;3;1;1;0;0;0;3;1;4;0;2;0;2;0;4;0;331;7;1;0;16;11;0;1;0;1;3;1;0;3;0;1;0;0;2;0;1;0;0;1;40;0;11;4;5;2;1;1;0;1;0;0;0;0;0;0;1;1;0;1;1;2;0;1;242;138;7;3;9;21;0;1;1;1;0;4;3;1;0;1;0;2;1;0;1;0;1;5;9;2;2;0;1;0;0;1;0;0;0;2
102;"Zespół Szkół i Placówek nr 2, ul. Juliusza Zarębskiego 2, 40-854 Katowice";246901;"m. Katowice";"Katowice";"śląskie";1;1;5;4;4;1;2;1;1;1;1;0;0;0;0;0;1;0;0;0;0;2;38;8;29;1;4;9;3;3;0;0;1;1;2;1;0;2;1;2;0;1;3;1;22;2;16;1;6;0;0;0;5;2;0;3;2;0;1;2;2;0;0;0;4;1;2;0;239;9;0;4;18;12;0;1;0;0;1;0;3;4;2;1;0;0;2;0;1;1;1;2;43;6;10;0;3;1;3;1;0;0;2;5;1;1;0;0;0;0;0;0;1;1;1;1;202;66;4;1;4;15;0;3;0;0;0;1;1;0;0;0;0;1;0;1;0;0;4;4;14;2;4;0;3;0;0;0;0;0;0;1
103;"Zespół Szkół i Placówek nr 2, ul. Juliusza Zarębskiego 2, 40-854 Katowice";246901;"m. Katowice";"Katowice";"śląskie";1;1;8;0;3;1;1;0;1;0;0;0;0;0;1;0;0;0;2;0;2;0;50;7;19;3;3;6;1;4;0;0;1;1;1;1;0;0;0;0;0;0;5;1;30;3;18;3;4;2;2;1;1;2;0;1;0;0;1;0;2;0;1;0;5;0;1;2;218;7;4;3;7;3;1;1;0;3;1;2;1;0;2;0;0;1;1;0;0;0;0;3;49;7;6;2;2;1;1;4;0;0;1;1;0;1;0;0;0;1;2;0;3;0;1;0;136;51;6;1;3;9;1;4;0;2;1;1;0;1;0;1;0;3;0;0;0;0;0;6;8;2;0;0;1;0;2;0;2;1;0;0
104;"Zespół Szkół i Placówek nr 2, ul. Juliusza Zarębskiego 2, 40-854 Katowice";246901;"m. Katowice";"Katowice";"śląskie";1;1;6;0;1;1;0;2;1;0;0;0;0;0;0;0;0;0;2;0;1;0;45;1;18;5;3;6;2;0;1;1;3;0;1;1;0;0;1;1;1;1;1;3;38;8;19;1;4;0;1;0;5;1;1;3;0;0;1;0;5;1;0;0;6;1;0;0;236;4;4;4;8;3;1;1;1;0;2;0;5;2;0;0;1;0;1;0;0;0;0;0;30;5;6;0;3;0;1;0;1;4;1;0;1;0;0;0;0;0;0;0;0;1;0;0;162;50;3;4;12;17;0;0;1;3;0;3;0;2;0;0;0;0;0;0;1;0;0;12;4;1;1;1;0;0;0;0;0;0;1;1
105;"Społeczna Szkoła Podstawowa ""Nasza Dobra Szkoła"", ul. Agnieszki 2, 40-110 Katowice";246901;"m. Katowice";"Katowice";"śląskie";1;1;2;1;2;0;1;3;1;0;1;1;0;1;0;1;1;0;0;1;0;3;44;4;33;8;3;12;1;3;2;2;0;1;0;4;0;1;0;3;1;0;3;1;43;7;17;1;9;0;0;0;0;1;0;3;0;1;0;0;2;2;2;0;5;1;1;1;296;15;2;4;6;16;3;1;1;1;2;0;4;3;0;1;1;0;1;0;1;2;0;4;36;10;8;0;3;1;1;0;0;1;3;1;0;1;0;0;0;0;0;0;0;0;0;3;236;92;6;4;6;12;0;3;2;3;0;0;1;1;0;0;0;1;0;9;0;0;2;4;10;0;3;0;1;0;0;0;0;0;1;1
106;"Miejskie Przedszkole nr 27, ul. ks. Ściegiennego 27, 40-114 Katowice";246901;"m. Katowice";"Katowice";"śląskie";1;1;11;1;6;2;0;0;1;0;0;0;0;1;1;0;1;0;0;0;3;1;127;7;33;4;6;5;3;6;0;2;2;1;1;0;0;2;0;3;0;1;4;2;70;9;43;2;8;4;1;1;3;4;3;2;0;0;4;0;2;0;2;0;0;4;5;1;233;6;2;10;16;8;0;0;0;0;1;0;0;7;0;0;2;1;0;1;0;2;0;0;50;7;12;1;4;0;2;0;1;1;0;1;1;0;0;0;0;0;1;0;0;0;1;1;338;207;11;9;12;14;3;6;1;3;0;5;4;2;0;0;0;1;0;2;2;0;3;10;10;5;0;0;0;0;1;0;1;0;1;2
107;"Zespół Szkolno-Przedszkolny nr 1, ul. Sportowa 29, 40-106 Katowice";246901;"m. Katowice";"Katowice";"śląskie";1;1;1;1;1;0;0;1;0;0;0;0;0;0;0;0;0;0;0;0;0;1;34;2;23;2;4;8;1;0;0;1;0;2;1;3;0;0;0;1;0;0;2;0;29;4;10;0;2;1;2;0;1;0;0;3;0;1;2;1;0;0;0;0;1;2;0;1;175;9;0;3;3;7;1;0;0;1;2;0;0;1;1;0;1;2;0;0;1;0;0;7;17;0;5;0;1;1;0;0;0;1;0;1;0;0;0;2;0;0;0;0;0;0;0;2;160;69;2;3;10;6;0;0;1;1;0;0;0;3;0;0;0;0;1;2;0;1;2;1;5;0;4;3;1;0;0;0;0;1;0;1
108;"Zespół Szkolno-Przedszkolny nr 1, ul. Sportowa 29, 40-106 Katowice";246901;"m. Katowice";"Katowice";"śląskie";1;1;11;3;2;0;2;0;0;0;0;0;0;1;0;0;0;0;0;2;4;0;56;3;10;4;7;8;1;3;1;0;0;0;1;2;0;3;1;2;0;1;1;3;46;8;9;0;4;3;1;0;0;1;0;1;0;0;1;0;2;0;1;0;1;0;3;0;227;13;2;1;5;5;0;2;0;1;2;0;2;3;2;0;0;1;2;0;0;1;2;1;33;14;5;1;0;0;3;0;0;0;1;0;0;3;0;1;0;1;1;0;0;0;1;0;234;66;10;3;14;5;2;1;3;2;0;0;1;0;1;0;0;0;0;8;2;0;1;6;9;1;5;7;0;1;0;0;0;0;0;0
109;"Śląski Oddział Wojewódzki Narodowego Funduszu Zdrowia w Katowicach, ul. Stanisława Kossutha 13, 40-833 Katowice";246901;"m. Katowice";"Katowice";"śląskie";1;1;10;4;2;3;1;4;2;0;0;1;1;1;1;0;3;1;0;3;3;0;114;8;31;2;7;12;9;2;1;5;1;1;3;6;0;5;0;1;0;1;7;9;49;10;45;4;7;6;2;0;7;0;4;3;0;0;1;1;4;0;0;0;2;4;3;0;300;9;1;7;21;14;2;1;1;1;4;1;0;3;1;1;0;0;0;0;1;0;0;5;49;19;12;0;7;2;8;3;1;0;0;2;1;2;2;2;0;0;1;3;1;1;0;1;309;164;8;12;23;24;0;2;0;1;4;0;2;2;1;0;1;2;0;0;1;0;0;10;17;4;13;0;1;2;1;1;0;0;2;1
110;"XV Liceum Ogólnokształcące, ul. Obroki 87, 40-833 Katowice";246901;"m. Katowice";"Katowice";"śląskie";1;1;2;0;1;2;1;0;1;0;1;0;0;3;1;0;0;0;0;0;2;0;60;3;33;0;4;4;3;2;0;0;0;1;0;2;1;3;2;1;0;1;1;0;34;3;25;2;4;1;1;0;1;1;0;1;1;0;0;0;1;0;2;0;1;0;3;0;245;9;2;2;16;4;0;0;0;1;0;0;0;5;0;0;0;0;0;0;0;1;0;1;34;13;4;0;1;1;9;2;0;0;0;0;1;0;1;1;0;1;2;1;1;1;0;0;190;92;5;4;11;15;1;0;1;1;1;0;1;1;1;0;0;0;0;2;0;0;0;6;10;2;7;0;2;0;0;0;0;1;0;1
111;"Miejskie Przedszkole nr 13, ul. Wincentego Witosa 16a, 40-832 Katowice";246901;"m. Katowice";"Katowice";"śląskie";1;1;5;0;4;0;1;1;1;0;0;0;0;0;0;0;0;0;0;1;1;2;57;4;24;4;7;6;10;2;0;0;2;0;2;5;0;3;0;0;0;1;5;5;40;16;29;0;4;5;1;0;3;3;1;1;0;1;0;0;4;1;0;4;3;2;1;1;271;6;4;6;23;11;0;0;0;0;0;0;1;1;2;0;0;0;0;0;0;0;0;1;41;10;3;2;3;2;8;0;1;0;1;3;1;0;1;2;1;0;1;2;0;0;1;1;269;123;5;3;15;17;0;1;0;1;1;1;0;4;0;0;2;1;0;5;0;0;1;5;12;0;1;0;0;0;1;0;0;0;1;2
112;"Szkoła Podstawowa nr 33, ul. Wincentego Witosa 23, 40-832 Katowice";246901;"m. Katowice";"Katowice";"śląskie";1;1;7;1;4;2;4;1;1;0;0;1;2;4;1;0;2;0;0;0;0;0;110;2;35;2;4;8;10;6;1;0;0;1;0;6;0;2;0;4;1;0;6;1;50;8;21;1;4;1;0;0;3;2;1;4;0;1;0;0;2;1;0;0;1;0;4;0;348;20;6;6;22;13;2;1;0;0;2;0;2;2;0;1;0;0;0;0;0;1;0;0;34;15;9;4;8;2;7;1;0;1;1;1;1;1;0;0;0;1;0;1;0;2;0;0;313;135;8;5;12;18;0;2;2;0;2;1;1;2;1;3;0;1;0;1;0;0;3;8;6;0;4;0;2;0;2;1;0;0;0;0
113;"Szkoła Podstawowa nr 33, ul. Wincentego Witosa 23, 40-832 Katowice";246901;"m. Katowice";"Katowice";"śląskie";1;1;2;0;1;2;1;0;1;0;1;0;1;0;1;1;0;0;0;1;3;5;67;5;36;3;3;10;16;5;0;0;0;1;1;0;0;1;1;0;0;1;0;8;53;5;32;3;5;3;1;1;2;1;3;1;1;0;1;0;2;0;1;0;3;0;2;1;305;5;3;3;23;15;2;1;0;1;2;0;1;4;1;0;1;0;3;0;0;0;0;4;33;12;9;2;2;2;2;0;0;0;0;0;0;0;0;0;0;1;0;0;1;0;0;0;320;156;4;8;8;28;0;3;0;2;2;0;1;1;1;0;0;0;0;3;2;0;4;6;11;0;4;0;1;0;1;0;0;0;2;0
114;"Szkoła Podstawowa nr 33, ul. Wincentego Witosa 23, 40-832 Katowice";246901;"m. Katowice";"Katowice";"śląskie";1;1;10;2;0;0;0;0;1;0;0;0;1;0;0;0;1;0;0;1;2;0;87;3;26;5;9;6;9;5;1;0;0;1;1;0;0;1;1;3;0;0;3;3;37;7;26;1;9;4;1;1;1;0;0;3;1;0;1;0;4;0;2;1;2;1;3;2;301;13;4;6;17;12;4;2;0;0;0;0;1;4;0;0;0;1;1;1;0;0;2;2;34;8;8;1;3;1;3;0;1;1;2;0;0;0;4;1;0;0;1;0;0;0;1;0;242;120;9;4;13;18;1;2;5;2;0;1;0;1;0;0;0;1;0;3;1;0;3;7;13;2;2;0;2;1;3;2;0;0;0;1
115;"Zespół Szkolno-Przedszkolny nr 8, ul. Hetmańska 8, 40-560 Katowice";246901;"m. Katowice";"Katowice";"śląskie";1;1;3;1;3;0;0;0;3;0;2;2;3;0;1;0;2;0;1;0;2;2;64;5;31;3;7;12;4;2;0;1;1;1;0;1;0;2;0;1;0;0;3;0;69;15;28;1;4;0;1;2;4;0;0;1;1;0;1;0;3;0;2;0;1;0;5;1;263;11;5;3;11;19;0;4;0;1;6;1;5;1;0;0;0;0;0;1;0;0;0;0;45;9;8;0;3;1;1;0;0;2;0;1;0;1;1;2;0;1;2;0;0;0;1;1;302;166;12;9;14;25;1;2;2;0;0;2;0;0;1;3;0;0;0;4;0;0;0;10;9;0;3;2;0;1;0;1;0;0;0;0
116;"Miejska Biblioteka Publiczna Filia nr 32, ul. Grzyśki 19a, 40-560 Katowice";246901;"m. Katowice";"Katowice";"śląskie";1;1;4;0;3;0;0;1;0;1;0;0;0;0;0;0;2;0;0;1;1;1;40;3;20;2;3;5;3;3;0;1;0;1;0;1;2;0;1;2;0;0;2;4;27;7;23;2;7;1;0;0;1;0;0;2;0;0;1;0;1;3;4;0;1;0;1;1;181;6;1;6;9;11;0;1;0;1;0;0;0;1;1;0;0;0;1;0;1;0;0;2;27;9;2;1;0;0;1;0;0;0;0;0;0;0;0;0;0;0;0;0;0;0;1;0;182;106;3;2;9;8;0;4;0;0;2;1;1;2;0;1;0;0;0;0;1;0;1;1;12;2;3;0;1;0;1;1;0;0;0;1
117;"Zespół Szkół Zawodowych Specjalnych nr 6, ul. Rolna 22, 40-555 Katowice";246901;"m. Katowice";"Katowice";"śląskie";1;1;12;2;1;1;3;4;1;0;0;0;0;0;2;1;1;0;1;1;0;0;107;7;29;6;2;9;9;4;0;3;2;2;0;4;1;0;2;2;0;4;2;9;72;8;36;1;6;4;1;3;2;3;1;1;0;2;0;1;8;0;1;0;0;1;5;0;276;17;4;3;9;20;1;1;0;0;2;0;3;1;2;2;0;0;0;1;0;0;1;2;40;13;9;4;1;5;2;2;1;1;1;0;2;2;0;1;0;2;0;1;0;0;1;0;453;223;16;18;28;34;2;5;2;1;0;2;1;1;1;0;2;0;0;3;1;0;2;8;16;3;3;1;0;1;1;2;1;0;0;0
118;"Szkoła Podstawowa nr 11, ul. Nasypowa 16, 40-551 Katowice";246901;"m. Katowice";"Katowice";"śląskie";1;1;8;4;0;0;1;1;0;1;0;0;0;1;0;0;0;0;0;1;0;0;123;11;39;6;9;9;12;6;0;2;3;4;2;2;1;0;1;0;1;1;1;4;64;18;40;0;6;2;1;1;2;4;0;1;1;0;1;0;3;0;1;0;4;1;3;0;206;22;1;1;1;21;1;0;1;1;3;1;0;3;1;2;0;1;2;0;0;0;0;0;50;14;6;4;4;0;1;1;1;1;3;1;1;0;0;1;0;0;0;0;0;1;1;1;405;237;7;22;25;43;0;4;6;2;2;3;2;0;0;0;2;0;0;3;0;0;2;6;12;3;2;3;1;0;1;0;0;0;0;1
119;"Zespół Szkolno-Przedszkolny nr 7, ul. J. Gallusa 5, 40-594 Katowice";246901;"m. Katowice";"Katowice";"śląskie";1;1;6;1;2;1;1;2;1;0;1;0;0;0;0;0;0;0;0;0;0;1;67;7;53;6;1;6;4;0;0;0;1;2;0;5;1;1;0;3;0;0;0;5;53;7;37;3;6;0;1;0;9;1;1;1;2;0;4;1;3;1;3;0;0;1;4;0;343;32;6;5;12;10;1;0;0;2;3;0;1;0;0;0;1;2;0;1;2;0;1;8;37;11;7;1;2;0;4;0;0;1;1;3;1;2;0;1;1;2;0;1;1;0;1;2;267;134;3;6;10;14;3;1;4;1;0;1;0;0;0;0;0;0;0;0;0;0;0;7;10;1;11;2;0;1;3;0;0;0;0;2
120;"Zespół Szkolno-Przedszkolny nr 7, ul. J. Gallusa 5, 40-594 Katowice";246901;"m. Katowice";"Katowice";"śląskie";1;1;2;1;4;2;0;1;0;1;0;1;0;2;0;0;0;0;0;0;2;1;63;3;23;0;3;10;4;3;0;1;0;3;3;0;0;1;1;1;0;0;3;2;42;4;21;1;3;1;4;1;3;2;1;0;0;0;0;1;5;0;3;0;1;0;0;0;229;24;2;1;7;12;0;1;0;1;2;0;0;5;0;1;0;1;3;1;0;0;0;5;46;13;4;3;0;1;4;0;1;2;2;0;0;0;0;0;0;0;0;1;1;1;1;0;202;116;4;6;6;24;0;2;4;1;1;0;1;1;1;2;1;0;0;3;1;0;2;3;7;2;10;0;1;0;0;0;0;0;1;1
121;"Zespół Szkół Technicznych i Ogólnokształcących nr 2, ul. Mikołowska 131, 40-592 Katowice";246901;"m. Katowice";"Katowice";"śląskie";1;1;5;0;5;2;2;0;1;0;0;1;1;0;1;1;0;0;0;0;0;1;66;2;24;6;2;11;2;2;2;1;1;0;1;1;0;0;0;4;1;3;2;1;53;6;22;2;4;5;5;0;3;2;1;3;0;0;2;0;8;0;0;0;2;2;1;1;283;20;6;4;4;3;1;0;1;0;0;0;1;4;0;2;1;0;2;0;0;0;0;3;53;10;4;0;2;1;2;1;0;0;0;0;1;1;0;0;0;0;0;4;0;0;3;1;219;100;7;6;6;15;0;4;2;1;3;0;0;2;0;1;0;2;1;0;0;0;1;3;6;2;15;0;0;0;0;0;0;0;1;0
122;"Szkoła Podstawowa nr 17, ul. Jana Dekerta 1, 40-143 Katowice";246901;"m. Katowice";"Katowice";"śląskie";1;1;9;0;4;2;3;2;2;0;0;1;2;1;1;1;1;0;1;1;2;1;135;14;40;9;9;9;5;0;1;3;1;3;2;7;0;1;3;5;1;20;8;4;74;12;42;7;14;1;5;1;5;4;2;5;1;1;1;0;13;2;2;1;5;2;1;4;316;16;2;3;6;12;1;1;0;1;1;1;1;1;0;1;2;0;0;0;1;1;0;1;63;16;7;5;4;0;6;3;0;0;1;1;0;0;1;2;0;1;0;1;1;0;0;4;422;234;7;11;13;37;0;5;1;5;2;2;3;3;1;0;1;3;2;12;1;1;2;5;29;3;2;0;3;0;0;2;0;1;0;1
123;"Szkoła Podstawowa nr 17, ul. Jana Dekerta 1, 40-143 Katowice";246901;"m. Katowice";"Katowice";"śląskie";1;1;4;1;1;0;0;1;3;0;0;0;2;0;0;0;0;0;1;0;0;0;76;5;29;3;3;12;3;5;0;1;0;0;3;1;0;2;0;1;1;3;3;1;67;9;22;2;0;2;1;0;4;0;0;1;0;0;0;0;2;3;1;0;3;0;6;1;268;19;3;2;11;16;2;0;0;3;1;2;0;3;0;0;0;0;1;1;0;0;0;4;38;6;7;1;2;1;1;1;0;1;1;0;1;1;0;0;1;0;1;1;0;0;0;0;263;150;8;4;17;22;1;0;2;7;2;0;3;2;0;0;1;0;0;10;2;0;2;5;9;5;2;3;1;0;1;1;1;1;0;0
124;"Miejski Dom Kultury ""Koszutka"" Filia ""Dąb"", ul. Krzyżowa 1, 40-111 Katowice";246901;"m. Katowice";"Katowice";"śląskie";1;1;3;1;0;0;0;1;1;0;0;0;0;0;1;0;0;0;1;0;1;1;55;7;20;2;5;4;2;4;2;1;2;2;0;2;0;1;3;1;0;0;7;2;52;14;22;0;4;2;3;2;4;0;0;1;0;1;0;1;1;0;0;0;2;1;0;0;266;27;4;3;11;13;1;1;3;2;2;0;1;2;1;0;0;1;2;0;2;0;0;0;37;15;3;4;3;0;3;2;0;1;0;0;0;0;0;2;0;1;0;1;0;1;0;0;276;105;6;2;18;10;0;2;2;4;0;1;0;1;0;1;1;0;2;2;0;0;0;5;17;4;4;3;3;0;1;0;0;0;0;0
125;"Miejski Dom Kultury ""Koszutka"" Filia ""Dąb"", ul. Krzyżowa 1, 40-111 Katowice";246901;"m. Katowice";"Katowice";"śląskie";1;1;9;2;1;0;2;1;0;0;0;0;0;0;0;1;0;0;0;0;2;0;61;4;21;0;8;5;2;1;0;1;0;1;4;3;0;1;0;1;1;0;2;2;38;8;21;4;5;2;3;0;2;1;1;1;2;1;1;1;2;0;4;0;1;1;0;0;244;26;1;2;8;14;1;2;2;1;5;0;0;1;0;1;0;0;3;0;1;0;0;5;20;4;10;1;3;0;1;2;0;3;0;0;0;0;0;0;0;1;2;0;0;1;2;0;215;125;4;2;5;22;1;3;1;2;1;0;1;1;0;0;0;0;0;10;0;3;2;6;22;2;4;1;2;0;1;1;2;0;0;1
126;"XIV Liceum Ogólnokształcące, ul. Józefowska 32, 40-144 Katowice";246901;"m. Katowice";"Katowice";"śląskie";1;1;8;1;4;2;1;0;1;0;1;0;0;0;0;0;0;0;0;0;2;0;84;6;22;0;5;3;1;2;0;3;1;3;0;1;1;1;0;0;0;1;3;5;45;5;26;1;13;1;2;2;2;4;1;8;1;0;3;0;5;1;3;0;4;1;1;2;238;5;1;10;8;5;0;1;0;0;1;1;0;3;0;1;0;2;1;0;1;0;1;2;31;9;4;1;6;0;2;2;1;1;0;2;2;0;1;0;0;0;1;0;0;0;0;3;259;131;12;4;15;17;0;2;2;2;0;1;0;0;0;0;0;3;0;1;0;1;8;5;14;0;1;0;1;0;0;0;2;0;2;1
127;"Miejski Dom Kultury ""Koszutka"" Filia ""Dąb"", ul. Krzyżowa 1, 40-111 Katowice";246901;"m. Katowice";"Katowice";"śląskie";1;1;3;0;4;0;1;0;1;0;0;1;0;0;0;0;0;0;1;0;0;0;45;6;35;3;4;12;5;1;0;0;1;0;1;3;0;2;0;1;0;0;4;2;38;4;15;0;3;2;1;0;2;3;0;3;2;0;1;0;3;2;0;0;4;1;4;0;255;19;1;5;4;4;0;1;1;0;0;1;1;3;2;0;0;2;3;1;1;0;0;0;31;11;5;1;2;3;4;0;0;1;0;0;1;0;0;0;0;0;0;1;0;2;0;1;210;103;2;6;5;13;0;3;2;5;1;0;1;0;0;0;0;1;0;3;0;0;0;9;7;2;2;0;0;0;2;0;0;0;1;0
128;"Miejskie Przedszkole nr 47, ul. Słoneczna 60, 40-136 Katowice";246901;"m. Katowice";"Katowice";"śląskie";1;1;8;1;4;1;0;1;0;0;2;1;1;0;0;0;0;0;2;0;0;2;74;4;33;1;2;8;4;1;1;1;0;2;0;2;0;1;1;2;0;1;2;2;61;8;27;0;5;3;1;0;4;0;2;1;0;0;0;0;3;2;2;0;0;2;3;4;235;12;1;5;5;12;2;0;1;5;0;2;0;1;1;2;0;1;2;1;1;0;0;3;40;14;9;1;0;0;2;3;0;1;0;2;0;0;0;2;0;0;1;0;0;0;2;1;327;152;9;5;16;14;0;3;1;4;1;2;2;1;0;1;1;0;0;5;1;0;1;6;9;0;1;0;1;1;0;0;0;0;1;2
129;"Zespół Szkolno-Przedszkolny nr 23, ul. Kazimiery Iłłakowiczówny 13, 40-134 Katowice";246901;"m. Katowice";"Katowice";"śląskie";1;1;4;1;1;2;1;0;0;0;0;0;0;0;2;0;1;0;1;0;2;1;84;3;24;2;1;5;7;4;2;0;0;1;1;0;0;1;1;1;0;1;5;2;52;10;21;0;7;3;2;0;4;2;0;1;0;1;2;0;3;0;1;0;0;2;6;1;218;9;2;1;7;7;2;0;0;0;1;0;0;1;0;0;1;0;0;0;0;0;0;0;28;16;11;0;0;2;1;0;0;0;2;0;0;0;0;0;1;0;1;0;1;0;0;1;282;143;8;4;23;27;3;0;0;1;1;0;1;2;1;1;0;0;0;6;0;0;2;11;7;4;1;0;1;0;1;0;0;1;2;2
130;"Zespół Szkolno-Przedszkolny nr 23, ul. Kazimiery Iłłakowiczówny 13, 40-134 Katowice";246901;"m. Katowice";"Katowice";"śląskie";1;1;4;1;0;1;0;1;0;0;1;0;0;0;0;0;1;0;0;1;1;0;50;3;18;1;7;5;4;1;0;0;1;1;0;0;0;1;0;1;0;0;2;1;53;10;17;0;2;6;1;0;2;3;0;0;0;1;0;0;5;1;0;0;1;0;2;0;159;11;2;0;5;8;1;1;0;1;1;0;0;0;0;0;0;0;1;0;1;0;0;1;21;5;6;1;1;1;1;1;0;0;0;0;1;0;1;0;0;1;1;1;0;0;0;1;163;119;2;5;6;9;1;2;0;1;0;0;0;0;0;1;0;4;0;1;0;0;1;3;4;2;1;0;0;0;0;0;1;0;1;0
131;"Komunalny Zakład Gospodarki Mieszkaniowej Świetlica, ul. Michała Grażyńskiego 5, 40-126 Katowice";246901;"m. Katowice";"Katowice";"śląskie";1;1;7;0;1;0;3;0;1;0;0;0;0;0;0;0;0;0;0;0;0;0;49;5;18;2;1;5;8;4;0;1;0;1;0;1;0;2;0;0;0;3;3;0;53;4;31;2;4;0;1;0;0;3;0;2;0;0;2;0;2;0;0;0;0;1;1;0;129;3;0;1;4;8;1;1;0;0;3;0;0;0;2;2;0;0;0;0;0;0;0;0;32;6;9;2;1;1;2;3;0;2;0;0;0;1;0;0;0;1;0;2;1;0;0;0;216;154;10;7;14;10;0;2;2;1;0;1;3;2;0;0;0;0;0;6;1;0;1;8;2;2;2;0;0;0;0;1;1;0;0;2
132;"Miejska Biblioteka Publiczna, Filia nr 11, ul. Michała Grażyńskiego 47, 40-126 Katowice";246901;"m. Katowice";"Katowice";"śląskie";1;1;8;1;4;0;1;0;3;0;0;0;0;1;4;0;0;0;2;1;1;0;86;2;26;8;5;6;7;2;0;2;3;0;0;2;2;2;0;2;2;1;2;0;98;12;27;3;3;0;5;0;0;6;2;3;0;1;1;1;4;2;2;0;1;2;2;4;236;11;3;5;4;14;0;1;0;1;0;0;1;1;1;0;1;0;1;1;2;0;0;4;43;12;15;1;4;1;3;2;0;0;1;0;0;1;0;0;0;1;0;2;0;0;0;0;295;211;7;16;15;13;0;7;3;1;1;0;4;2;0;1;0;0;0;3;0;0;0;15;10;2;1;1;0;0;2;0;0;0;1;0
133;"Zespół Szkolno-Przedszkolny nr 17, ul. Ordona 3d, 40-164 Katowice";246901;"m. Katowice";"Katowice";"śląskie";1;1;5;1;2;0;1;0;0;0;1;0;0;0;1;0;0;0;0;1;0;2;56;5;15;3;5;7;5;4;0;0;1;1;0;2;1;0;0;7;0;3;2;1;65;11;35;2;9;3;6;0;0;1;0;6;3;0;3;2;8;0;3;0;0;0;1;1;244;25;1;2;9;9;2;0;0;0;2;2;0;4;0;1;0;0;1;0;0;0;0;3;24;4;10;1;1;1;4;1;2;1;1;0;1;1;2;0;0;1;0;3;0;1;1;0;283;175;6;8;22;13;1;2;0;3;0;2;0;0;0;0;0;1;0;1;2;0;2;4;5;2;2;0;2;0;0;0;0;0;0;0
134;"IV Liceum Ogólnokształcące, ul. Katowicka 54, 40-165 Katowice";246901;"m. Katowice";"Katowice";"śląskie";1;1;3;1;1;1;0;0;1;0;0;0;3;0;0;1;2;0;0;0;1;0;75;5;21;5;4;8;3;0;0;4;1;1;0;0;0;0;0;0;0;2;4;1;50;2;30;0;7;4;2;0;1;2;0;2;2;0;1;0;7;1;4;0;0;0;2;1;149;7;1;0;13;7;2;1;0;0;1;0;0;1;1;0;0;0;4;0;0;0;0;1;36;5;14;1;0;0;1;1;0;0;0;2;0;9;0;0;0;1;2;1;1;0;0;0;302;157;10;9;11;13;1;3;2;0;1;2;2;1;0;0;0;1;0;2;1;0;1;14;6;1;0;0;1;0;0;0;0;0;0;0
135;"IV Liceum Ogólnokształcące, ul. Katowicka 54, 40-165 Katowice";246901;"m. Katowice";"Katowice";"śląskie";1;1;8;1;0;1;1;1;2;0;0;1;0;0;0;1;0;0;1;0;1;1;49;3;16;5;4;5;1;4;2;0;0;1;2;1;0;0;1;1;0;0;4;6;37;8;22;0;0;1;1;0;2;1;1;1;1;0;1;0;4;0;0;0;1;0;2;1;145;11;4;0;5;4;2;1;1;0;3;0;1;1;0;0;0;0;0;0;1;0;0;3;30;15;2;2;2;0;0;1;1;1;0;0;1;0;0;0;0;0;4;0;0;0;1;0;192;85;8;4;3;12;2;2;2;0;0;3;0;1;0;1;2;1;0;6;2;0;1;6;10;4;1;0;2;1;0;1;0;1;0;0
136;"IV Liceum Ogólnokształcące, ul. Katowicka 54, 40-165 Katowice";246901;"m. Katowice";"Katowice";"śląskie";1;1;7;0;0;0;3;0;1;0;1;0;0;0;0;0;1;1;0;1;1;0;64;3;21;2;3;4;1;3;0;0;0;0;0;1;0;0;0;1;1;0;4;2;47;11;30;0;5;0;3;0;2;2;1;0;0;1;0;0;6;0;1;0;0;0;0;1;177;14;1;0;6;6;1;3;0;0;0;0;0;1;0;0;1;1;1;0;0;0;1;0;32;4;3;0;1;0;0;1;1;3;0;2;0;1;0;0;0;1;0;1;0;0;1;0;216;121;7;9;14;26;0;1;0;2;0;0;0;1;0;0;0;1;0;2;0;0;0;5;5;3;0;1;0;0;0;0;0;0;0;0
137;"Miejska Biblioteka Publiczna Filia nr 16, ul. Wincentego Wajdy 21, 40-175 Katowice";246901;"m. Katowice";"Katowice";"śląskie";1;1;14;1;2;2;4;2;3;1;2;0;1;1;2;0;0;1;4;1;4;1;93;4;36;7;6;16;11;2;0;0;2;1;1;3;0;0;2;2;1;2;7;3;60;14;37;2;9;1;1;2;2;2;0;2;1;0;3;0;3;0;2;0;3;1;2;2;321;24;4;3;12;11;2;0;0;0;4;0;1;5;0;2;0;1;1;0;2;0;0;2;44;10;5;2;0;1;1;1;1;0;2;1;0;2;0;3;0;1;0;0;1;0;2;0;389;157;7;6;22;33;2;2;1;8;3;2;2;0;1;1;1;0;0;11;1;0;2;13;10;8;0;1;2;0;1;0;1;0;0;2
138;"Szkoła Podstawowa nr 39 Specjalna, ul. ks. Franciszka Ścigały 17, 40-208 Katowice";246901;"m. Katowice";"Katowice";"śląskie";1;1;6;1;2;1;5;1;2;0;0;0;1;1;2;0;0;0;0;1;0;3;66;3;37;4;4;10;1;6;0;1;1;0;3;4;1;2;0;1;0;0;4;9;48;8;22;7;6;1;1;1;7;2;0;1;0;0;2;0;5;0;0;0;3;0;3;1;312;16;2;4;7;14;6;0;0;3;3;3;1;3;0;0;0;0;1;0;1;0;0;4;43;8;5;3;3;0;1;2;0;1;3;1;0;0;0;3;0;0;0;0;0;0;2;2;284;121;7;7;21;14;1;1;3;1;1;0;2;0;0;0;0;1;4;3;1;0;1;14;8;4;0;3;0;0;0;2;1;0;0;1
139;"Miejski Dom Kultury ""Bogucice-Zawodzie"", ul. Leopolda Markiefki 44a, 40-213 Katowice";246901;"m. Katowice";"Katowice";"śląskie";1;1;3;1;1;2;2;2;3;1;1;1;0;0;0;0;1;0;0;0;2;0;48;3;13;4;2;2;1;3;0;2;3;0;1;0;0;1;1;0;0;1;2;1;26;3;16;1;5;0;0;1;1;3;1;4;1;0;0;0;6;0;1;0;4;0;3;0;228;16;4;6;6;6;0;0;0;1;0;0;0;3;0;1;0;0;0;0;0;0;0;1;34;4;3;0;1;3;1;3;0;1;1;1;0;0;1;1;0;0;1;1;0;0;0;0;164;56;7;6;12;19;0;1;3;1;2;1;2;2;0;2;1;0;1;1;1;0;0;6;6;0;2;1;0;0;0;2;1;0;0;0
140;"Zespół Szkolno-Przedszkolny nr 4, ul. W. Wróblewskiego 42 - 44, 40-216 Katowice";246901;"m. Katowice";"Katowice";"śląskie";1;1;4;1;5;0;2;0;2;1;0;0;3;0;0;0;1;0;0;0;3;3;56;5;35;4;2;7;5;12;1;5;1;2;0;1;0;1;0;4;0;2;4;2;54;16;25;3;5;4;2;0;2;1;0;1;0;1;1;1;2;0;1;0;5;2;1;0;301;18;2;2;13;22;3;6;0;1;4;0;1;4;0;0;0;1;2;1;1;0;0;1;54;11;7;1;4;2;1;1;0;2;2;2;3;1;0;0;0;0;2;4;1;1;0;1;302;139;4;5;15;19;1;3;1;0;0;0;7;1;0;0;0;0;0;3;1;0;2;12;15;1;6;0;0;1;2;2;0;0;0;4
141;"Zespół Szkolno-Przedszkolny nr 19, ul. Słowiańska 1, 40-216 Katowice";246901;"m. Katowice";"Katowice";"śląskie";1;1;10;2;6;1;2;0;1;0;0;0;1;0;0;0;2;0;1;1;1;1;89;3;34;9;4;7;8;3;0;3;1;1;0;2;1;0;1;0;0;1;6;0;73;11;21;3;7;2;2;0;2;0;0;4;1;0;2;0;2;0;1;0;0;4;2;0;323;34;0;3;16;22;0;3;0;0;1;0;1;7;0;0;1;4;4;0;0;0;0;3;39;13;6;1;8;6;2;1;3;1;1;0;0;1;2;1;0;0;0;1;0;0;0;0;317;132;6;6;21;23;1;1;5;1;1;4;0;2;0;0;0;0;0;4;1;0;2;10;14;5;3;0;0;0;0;1;0;0;0;0
142;"Zespół Szkolno-Przedszkolny nr 5, al. Aleja Walentego Roździeńskiego 82, 40-203 Katowice";246901;"m. Katowice";"Katowice";"śląskie";1;1;7;0;2;0;0;2;1;0;1;0;0;0;0;0;0;1;0;0;0;1;69;3;11;6;3;5;6;3;1;7;0;1;1;4;0;0;0;3;0;1;3;0;39;6;23;1;2;1;1;0;1;1;1;2;0;0;0;0;2;2;0;0;1;1;1;2;181;19;1;1;6;10;2;0;0;1;1;1;0;0;0;1;1;0;1;0;0;0;0;1;14;11;4;1;5;0;2;0;1;1;1;0;0;0;0;1;0;0;1;0;0;0;0;0;275;79;14;3;8;13;0;2;0;3;0;2;2;1;0;1;0;1;1;4;1;0;2;13;4;2;3;0;0;0;1;1;0;0;0;0
143;"Zespół Szkolno-Przedszkolny nr 5, al. Aleja Walentego Roździeńskiego 82, 40-203 Katowice";246901;"m. Katowice";"Katowice";"śląskie";1;1;6;1;3;1;0;0;0;0;0;0;1;3;0;0;0;0;1;0;1;0;44;3;11;3;4;7;2;2;1;1;0;1;0;2;0;4;0;0;0;0;5;1;41;4;10;0;1;2;0;0;0;1;0;2;0;0;0;0;0;1;1;0;1;1;0;0;184;7;2;5;8;3;0;2;3;5;0;0;0;1;0;0;1;0;1;0;1;0;0;1;20;1;5;1;2;0;1;0;0;0;0;0;0;0;0;0;0;0;0;0;1;0;1;0;202;53;8;0;7;12;1;2;0;1;0;0;0;1;1;1;0;1;0;1;0;0;3;4;4;4;2;2;0;0;0;1;0;0;0;2
144;"X Liceum Ogólnokształcące, ul. Karola Miarki 6, 40-224 Katowice";246901;"m. Katowice";"Katowice";"śląskie";1;1;3;0;6;2;0;1;0;1;0;0;1;0;1;0;1;0;1;0;2;0;31;3;11;1;1;2;2;4;0;0;2;0;0;0;0;1;1;3;0;0;1;1;34;6;26;5;7;1;1;3;6;2;1;1;0;0;2;1;2;0;1;0;2;2;2;0;186;10;4;0;5;7;2;0;0;1;3;0;0;2;1;1;0;1;0;0;0;3;0;1;26;3;7;1;1;1;3;1;0;0;0;3;1;1;1;0;0;0;2;1;0;0;1;2;166;60;2;2;8;10;0;2;4;0;0;1;0;1;1;0;0;0;0;7;1;0;1;4;6;0;0;0;0;0;1;0;1;0;0;2
145;"Zespół Szkół nr 1, ul. Stanisława Staszica 2, 40-230 Katowice";246901;"m. Katowice";"Katowice";"śląskie";1;1;6;1;3;0;1;1;1;0;0;0;0;1;0;0;1;0;1;0;0;0;110;3;39;7;7;6;9;4;0;1;1;1;4;4;0;2;1;2;2;1;6;4;72;8;28;8;6;2;0;0;4;3;2;6;2;0;3;0;1;3;6;0;3;2;4;0;334;38;7;4;10;14;2;0;0;3;2;1;0;2;2;0;0;0;0;0;1;1;0;3;54;22;9;2;6;3;1;3;1;1;1;0;0;2;0;1;0;0;1;1;2;0;0;0;415;140;9;5;10;29;1;5;3;2;0;3;1;3;0;0;1;1;0;12;2;0;1;13;14;2;4;0;1;0;0;0;0;0;5;1
146;"Zespół Szkół nr 1, ul. Stanisława Staszica 2, 40-230 Katowice";246901;"m. Katowice";"Katowice";"śląskie";1;1;8;2;4;1;2;0;0;0;0;0;0;0;0;0;0;1;1;2;0;2;25;2;16;4;1;7;4;1;0;0;0;2;2;4;1;1;1;2;0;1;0;0;37;3;14;2;6;2;5;1;3;1;1;2;1;1;1;0;3;0;0;0;4;0;2;1;184;8;5;2;6;5;0;1;0;3;1;0;0;0;0;0;0;2;0;0;0;0;0;0;23;5;0;1;4;0;3;1;0;1;1;3;2;1;1;1;0;1;0;1;0;0;0;0;172;55;3;0;5;8;0;4;0;5;2;0;0;1;0;0;0;0;0;3;1;1;1;8;5;1;0;2;0;0;0;1;1;0;3;0
147;"Miejski Dom Kultury ""Bogucice-Zawodzie"", ul. Karola Marcinkowskiego 13, 40-233 Katowice";246901;"m. Katowice";"Katowice";"śląskie";1;1;5;0;0;1;0;0;0;0;0;0;1;0;0;0;1;0;0;1;0;1;42;4;21;4;3;4;6;0;1;1;2;0;0;0;2;3;0;3;0;0;2;3;41;5;15;3;2;1;3;1;1;1;0;2;0;0;1;0;5;1;0;0;1;2;2;1;193;15;1;2;4;13;0;1;0;2;1;1;0;0;0;1;2;1;1;0;1;0;0;1;28;3;5;1;4;3;0;3;0;0;1;0;0;1;1;1;0;1;0;1;0;1;2;0;168;61;8;2;9;9;0;1;0;1;1;1;0;1;0;1;0;1;0;8;0;0;1;3;5;2;3;1;2;0;0;0;1;0;0;2
148;"Miejski Dom Kultury ""Bogucice-Zawodzie"", ul. Karola Marcinkowskiego 13, 40-233 Katowice";246901;"m. Katowice";"Katowice";"śląskie";1;1;6;2;3;1;2;0;1;1;0;0;1;0;2;1;0;0;0;0;3;0;69;2;29;2;2;6;6;4;5;1;1;4;0;4;0;2;0;3;0;0;5;10;38;7;32;2;5;1;0;1;4;1;2;1;2;1;3;0;6;1;0;0;5;1;3;0;194;8;4;2;10;8;1;0;0;0;2;0;1;2;1;0;0;0;2;0;0;0;0;1;34;13;11;2;4;1;2;1;0;3;0;3;0;0;2;0;0;0;0;2;0;0;0;0;259;89;4;8;16;21;0;2;2;0;0;2;4;4;1;0;0;1;0;17;1;0;3;5;9;2;6;0;1;0;2;0;0;0;0;3
149;"Dom Pomocy Społecznej ""Przystań"", ul. Ks. bpa Stanisława Adamskiego 22, 40-069 Katowice";246901;"m. Katowice";"Katowice";"śląskie";1;1;2;1;0;1;0;0;0;1;0;0;0;0;0;1;0;0;0;0;0;0;0;0;0;0;0;0;0;0;0;0;0;0;0;0;0;0;0;0;0;0;0;0;1;0;0;0;0;0;0;0;0;0;0;0;0;0;0;0;0;0;1;0;0;0;0;0;22;4;0;0;0;1;1;0;0;0;0;0;0;0;1;1;0;1;0;0;0;0;0;0;0;0;0;0;0;1;0;1;0;1;0;0;0;0;0;0;0;0;0;0;0;0;0;0;0;1;0;0;0;0;0;0;1;0;0;1;0;0;0;0;0;0;0;0;0;0;0;0;5;0;0;1;0;0;0;0;1;0;0;0
150;"Dom Pomocy Społecznej ""Zacisze"", ul. Traktorzystów 42, 40-695 Katowice";246901;"m. Katowice";"Katowice";"śląskie";1;1;4;0;0;0;0;0;0;0;0;0;0;0;0;0;0;0;0;0;0;0;1;0;0;0;0;0;0;1;0;0;0;0;0;0;0;0;0;0;0;0;0;0;1;0;0;0;0;0;0;0;0;0;0;0;0;0;1;0;0;1;0;0;0;0;1;0;13;0;0;0;3;1;1;1;0;1;0;0;0;0;1;0;0;0;0;0;0;0;0;0;0;0;0;0;0;0;0;0;0;1;0;0;0;0;0;0;0;0;0;0;0;0;0;0;4;3;0;0;0;0;0;1;0;0;0;0;0;0;0;0;0;0;0;0;0;0;0;2;1;1;2;0;0;0;0;0;0;0;0;0
151;"""Senior Residence"" Dom Pomocy Społecznej, ul. Pijarska 4, 40-750 Katowice";246901;"m. Katowice";"Katowice";"śląskie";1;1;0;1;0;0;0;0;0;0;0;0;0;0;0;0;0;0;0;0;0;0;1;1;0;0;0;0;0;0;0;0;1;1;0;0;0;0;0;0;0;0;0;0;2;1;0;0;0;0;0;0;0;0;0;0;0;0;0;0;0;0;0;0;0;0;0;0;22;0;1;0;0;0;0;0;0;0;0;0;0;0;0;0;0;0;0;0;0;0;0;0;0;0;1;0;0;0;0;0;0;0;0;0;0;0;0;0;0;0;0;0;0;0;0;0;23;10;1;1;1;3;0;0;0;0;0;1;0;1;0;0;0;0;0;0;0;0;0;1;1;0;0;0;0;0;0;0;0;0;1;0
152;"Areszt Śledczy Katowice, ul. Mikołowska 10a, 40-067 Katowice";246901;"m. Katowice";"Katowice";"śląskie";1;1;1;2;0;0;0;0;0;0;0;1;1;0;0;0;1;0;0;1;0;0;16;0;7;0;0;1;1;0;2;0;0;1;0;0;0;0;1;0;3;0;0;3;3;1;2;0;0;0;2;0;0;0;0;0;0;0;0;1;0;0;0;0;2;0;1;1;20;2;0;1;1;0;0;1;1;0;0;0;0;0;0;1;2;0;0;1;1;0;0;0;4;1;1;1;0;0;0;0;0;0;0;0;0;0;0;0;0;0;0;1;1;0;1;0;131;13;3;2;6;7;10;5;2;0;2;1;3;3;2;0;2;0;0;3;2;0;0;0;0;1;0;2;0;0;1;1;0;2;0;0
153;"Zakład Opieki Zdrowotnej, ul. Wita Stwosza 39-41, 40-042 Katowice";246901;"m. Katowice";"Katowice";"śląskie";1;1;0;1;0;0;0;0;0;0;0;0;0;0;0;0;0;0;0;0;0;0;0;0;0;0;0;0;0;1;0;0;0;0;0;0;0;0;0;0;0;0;0;0;2;0;0;0;1;0;0;0;0;0;0;0;0;0;0;0;0;0;0;0;0;0;0;0;8;0;0;1;0;0;0;0;0;0;0;0;0;0;0;0;0;0;0;0;0;0;0;0;0;0;0;1;0;0;0;0;0;0;0;0;0;0;0;0;0;0;0;0;0;0;0;0;9;3;0;0;1;0;0;0;0;0;0;0;0;1;0;0;0;0;0;0;0;0;0;0;0;0;0;0;0;0;0;0;0;0;0;0
154;"Szpital, Katowice ul. Władysława Stanisława Reymonta 8, 40-029 Katowice (wejście od ulicy Dąbrowskiego)";246901;"m. Katowice";"Katowice";"śląskie";1;1;0;0;0;0;0;0;0;0;0;0;0;0;0;0;2;0;0;0;1;0;3;1;4;0;0;1;0;0;0;1;0;0;0;1;0;1;0;0;0;0;1;0;5;0;0;0;1;0;1;0;3;0;0;0;0;0;0;0;1;0;0;0;0;1;0;1;34;3;2;0;0;2;0;0;0;0;0;0;0;0;0;0;0;0;0;0;0;0;0;1;2;1;1;2;0;2;0;0;0;0;0;1;0;0;0;0;0;0;1;0;0;0;0;0;32;8;0;0;0;0;0;1;1;1;0;0;0;0;0;0;0;0;0;0;0;0;0;0;0;1;0;0;0;1;1;0;0;0;0;0
155;"Szpital, ul. Alfreda Sokołowskiego 2, 40-749 Katowice";246901;"m. Katowice";"Katowice";"śląskie";1;1;0;0;0;0;0;0;1;0;0;0;0;0;0;0;0;0;0;0;0;0;6;0;2;0;1;1;0;1;0;0;0;0;0;0;0;0;0;0;0;0;0;0;1;0;0;0;1;0;0;1;0;0;0;0;0;0;1;0;1;0;0;0;0;0;0;0;17;3;1;0;1;2;1;0;0;0;0;0;0;1;0;1;0;0;0;0;0;0;0;0;0;2;0;0;0;0;0;0;0;0;0;0;0;0;0;0;0;0;0;0;0;0;0;0;15;3;0;0;0;0;1;0;0;0;0;0;0;0;0;0;1;0;0;0;0;0;0;0;0;0;0;0;0;0;0;0;0;0;0;0
156;"Szpital, ul. Ziołowa 45, 40-635 Katowice";246901;"m. Katowice";"Katowice";"śląskie";1;1;2;0;0;0;0;0;0;1;0;0;0;0;0;0;0;0;0;0;0;0;4;0;5;0;1;3;0;0;0;0;0;0;0;1;1;0;0;1;0;0;0;1;6;3;3;0;1;0;1;2;0;0;0;0;0;0;0;0;1;0;0;0;0;0;0;0;40;5;3;0;1;3;1;1;1;0;0;0;0;0;0;0;0;0;0;1;0;0;0;0;2;1;3;0;0;0;0;0;0;0;0;0;0;0;0;0;0;0;0;0;0;0;0;0;26;5;0;0;0;2;1;0;0;0;0;0;0;0;0;0;0;0;1;0;0;0;1;0;2;0;0;0;0;0;0;0;0;0;0;0
157;"Szpital, ul. Medyków 14, 40-752 Katowice";246901;"m. Katowice";"Katowice";"śląskie";1;1;1;0;0;0;1;2;0;0;0;0;0;0;0;0;1;0;0;0;0;1;6;0;1;0;0;0;0;0;0;0;0;1;1;0;0;0;0;0;0;2;0;2;7;0;1;1;0;0;1;1;0;0;0;1;0;0;0;1;2;0;0;0;0;0;0;0;43;1;1;2;1;1;1;0;0;0;0;0;0;0;1;0;0;0;1;0;0;1;0;1;5;0;0;0;1;0;0;0;0;0;0;0;0;0;0;0;0;0;0;0;0;0;0;0;41;10;0;1;1;2;0;1;0;0;1;0;0;1;0;0;0;1;0;0;0;0;1;0;1;0;0;0;0;0;0;0;0;0;0;0
158;"Szpital, ul. Leopolda Markiefki 87, 40-211 Katowice";246901;"m. Katowice";"Katowice";"śląskie";1;1;0;0;0;0;0;0;1;0;0;0;0;0;0;0;0;0;0;0;0;0;3;0;1;0;0;0;0;0;0;0;0;0;0;0;0;0;0;0;0;0;0;1;5;0;0;0;0;0;0;0;0;0;0;0;0;0;0;0;1;0;0;0;0;0;0;0;13;0;0;0;1;1;0;0;1;0;0;0;0;0;0;0;0;0;0;0;0;0;0;0;2;0;0;0;0;0;0;0;0;0;0;0;0;1;0;0;0;0;0;0;0;0;0;0;3;3;1;0;2;0;0;1;0;0;0;0;0;0;1;1;0;0;0;0;0;0;0;0;1;0;0;0;0;0;0;0;0;0;0;0
159;"Szpital, ul. dr Janusza Korczaka 27, 40-340 Katowice";246901;"m. Katowice";"Katowice";"śląskie";1;1;0;0;0;0;0;1;0;0;0;0;0;0;0;0;0;0;0;0;0;0;6;0;2;1;0;0;1;0;0;0;0;0;0;0;0;0;0;0;1;0;0;1;12;2;2;1;0;0;0;0;0;0;1;1;0;0;0;0;0;0;1;0;1;2;0;2;35;2;0;1;1;0;0;1;0;0;0;0;0;1;1;0;0;0;0;1;0;0;0;0;3;0;0;0;0;0;0;0;0;1;0;0;0;0;0;0;0;0;0;0;0;0;0;0;12;5;3;0;0;0;1;0;0;0;1;0;0;1;0;0;0;0;0;1;0;0;0;0;1;0;1;0;0;0;0;0;0;0;1;0
160;"Szpital, ul. Raciborska 27, 40-074 Katowice";246901;"m. Katowice";"Katowice";"śląskie";1;1;0;0;0;0;0;0;0;0;0;0;0;0;0;0;0;0;0;0;0;0;2;0;1;0;0;0;1;1;0;0;0;0;0;0;0;0;0;0;0;0;0;0;0;2;0;1;0;0;0;0;0;0;0;0;0;0;0;0;0;0;0;0;0;0;0;0;25;4;3;0;1;3;0;0;0;0;0;0;0;0;0;0;0;0;0;0;0;0;0;0;0;0;0;0;0;0;0;0;0;0;0;0;0;0;0;0;0;0;0;0;0;0;0;0;16;8;0;0;0;0;0;0;0;0;0;0;0;0;0;0;0;0;0;0;0;1;0;0;1;1;1;0;0;0;0;0;0;0;0;0
161;"Szpital, ul. Strzelecka 9, 40-073 Katowice";246901;"m. Katowice";"Katowice";"śląskie";1;1;0;0;0;0;0;0;0;0;0;0;1;0;0;0;0;0;0;0;0;0;1;0;0;0;0;1;0;0;0;0;0;0;0;0;0;0;0;0;0;0;0;0;2;0;2;0;0;0;0;0;1;0;0;0;0;0;0;0;0;0;0;0;0;0;0;0;15;2;1;1;0;0;0;0;0;0;0;0;0;0;0;1;0;0;0;0;0;0;0;0;1;0;1;0;0;0;0;0;0;0;0;0;0;0;0;0;0;0;0;0;0;0;0;0;16;2;0;0;0;0;1;0;0;0;0;0;0;0;0;1;0;0;0;0;0;0;0;0;0;0;0;0;0;0;0;0;0;0;0;0
162;"Szpital, ul. Józefowska 119, 40-145 Katowice";246901;"m. Katowice";"Katowice";"śląskie";1;1;0;0;0;0;0;1;0;0;0;0;0;0;0;0;0;0;0;0;0;0;2;0;0;0;0;0;0;0;0;0;0;0;0;0;0;0;0;0;0;0;0;0;1;0;1;0;0;0;0;0;0;0;0;1;0;0;0;0;0;0;0;0;0;0;0;0;6;0;0;0;1;0;0;0;0;0;0;0;0;0;0;0;0;0;0;0;0;0;0;0;0;0;0;0;0;0;0;0;0;0;0;0;0;0;0;0;0;0;0;0;0;0;0;0;1;2;1;0;1;0;0;0;0;0;0;0;0;0;0;0;0;0;0;0;0;0;0;0;0;0;0;0;0;0;0;0;0;0;1;0
163;"Szpital, ul. Warszawska 52, 40-008 Katowice";246901;"m. Katowice";"Katowice";"śląskie";1;1;0;0;0;0;0;0;0;0;0;0;0;0;0;0;0;0;0;0;0;0;1;0;0;0;0;0;0;0;0;0;0;0;0;0;0;0;0;0;0;0;0;0;1;0;0;0;0;0;0;0;1;0;0;0;0;0;0;0;0;0;0;0;0;0;0;0;5;0;0;0;0;0;0;0;0;0;0;0;0;0;0;0;0;0;0;0;0;0;0;0;0;0;0;0;0;0;0;0;0;0;0;0;0;0;0;0;0;0;0;0;0;0;0;0;6;0;0;0;0;0;0;0;0;0;0;0;0;0;0;0;0;0;0;0;0;0;0;1;0;0;0;0;0;0;0;0;0;0;0;0
164;"Szpital, ul. Panewnicka 65, 40-760 Katowice";246901;"m. Katowice";"Katowice";"śląskie";1;1;1;0;0;0;0;0;0;0;0;0;0;0;0;0;0;0;0;0;0;0;1;0;0;0;0;0;0;0;0;0;0;0;0;0;0;0;0;0;0;0;0;0;1;0;0;0;0;0;0;0;0;0;0;0;0;0;0;0;0;0;0;0;0;0;0;0;6;0;0;0;0;1;0;0;0;0;0;0;0;0;0;0;0;0;0;0;0;0;0;0;0;0;0;0;0;0;0;0;0;0;0;0;0;0;0;0;0;0;0;0;0;0;0;0;4;2;0;0;0;1;0;0;0;0;0;0;0;0;0;0;0;0;0;0;0;0;0;0;0;0;0;0;0;0;0;0;0;0;0;0
165;"Szpital, ul. Ceglana 35, 40-514 Katowice";246901;"m. Katowice";"Katowice";"śląskie";1;1;0;0;0;0;0;0;0;0;0;0;0;0;0;0;0;0;0;0;0;0;0;0;1;0;1;0;0;0;0;0;0;0;0;0;0;0;0;0;0;0;0;1;2;0;1;0;0;0;0;0;0;0;0;0;0;0;0;0;0;0;0;0;0;0;0;0;24;1;0;2;1;1;0;0;0;1;0;0;0;0;0;0;0;1;0;0;1;0;0;0;2;0;1;0;0;0;0;0;0;0;0;0;0;0;0;0;0;0;0;0;0;0;0;1;15;3;0;0;0;1;0;0;0;0;0;0;1;1;0;0;0;0;0;0;0;0;0;0;0;0;0;0;0;0;1;0;0;0;0;0
166;"Szpital, ul. Morawa 31, 40-353 Katowice";246901;"m. Katowice";"Katowice";"śląskie";1;1;0;0;0;0;0;0;0;0;0;0;0;0;0;0;0;0;0;0;0;0;1;0;0;0;0;0;0;0;0;0;0;0;0;0;0;0;0;0;0;0;0;0;3;0;0;0;1;0;0;0;0;0;0;0;0;0;0;0;0;0;0;0;0;0;0;0;16;1;0;0;0;0;0;0;0;0;0;0;0;0;0;0;0;0;0;0;0;0;0;0;0;0;0;0;0;0;0;0;0;0;0;0;0;0;0;0;0;0;0;0;0;0;0;0;2;4;0;0;0;0;0;0;2;0;0;0;0;0;0;0;0;0;0;0;0;0;0;0;0;0;0;0;0;0;0;0;0;0;0;0
167;"Szpital, ul. Ziołowa 47, 40-635 Katowice";246901;"m. Katowice";"Katowice";"śląskie";1;1;1;0;0;0;0;0;0;0;0;0;0;0;0;0;0;0;0;0;0;1;1;0;0;2;1;0;0;0;0;0;0;0;0;0;0;0;0;0;0;0;0;0;3;0;0;1;1;0;0;0;0;0;0;0;0;0;0;0;1;0;0;0;1;0;0;0;24;3;0;2;2;1;0;0;0;0;0;0;0;1;1;0;0;0;0;0;0;0;0;0;1;2;0;0;0;0;0;1;0;0;0;0;0;0;0;0;0;0;0;0;0;0;0;0;27;3;3;0;0;0;0;0;0;0;0;0;1;0;0;1;0;0;0;0;0;0;0;0;0;0;0;0;0;0;0;0;0;0;0;0
168;"Szpital, ul. Wita Stwosza 41, 40-042 Katowice";246901;"m. Katowice";"Katowice";"śląskie";1;1;0;0;0;0;0;0;1;0;0;0;0;0;0;0;0;0;0;0;0;0;0;0;2;0;0;0;0;0;0;0;0;0;0;0;0;0;0;0;0;0;0;0;1;0;0;0;0;0;0;0;0;0;0;0;0;0;0;0;0;0;0;0;0;0;0;0;1;0;0;0;0;0;0;0;0;0;0;0;0;0;0;0;0;0;0;0;0;0;0;0;0;0;0;0;0;0;0;0;0;0;0;0;0;0;0;0;0;0;0;0;0;0;0;0;2;1;0;0;1;0;0;0;0;0;0;0;0;0;1;0;0;0;0;0;0;0;0;0;1;0;0;0;0;0;0;0;0;0;0;0
1;"Szkoła Podstawowa Sportowa, ul. Gwarków 1, 41-400 Mysłowice";247001;"m. Mysłowice";"Mysłowice";"śląskie";1;1;1;0;1;0;2;2;4;0;2;0;2;0;0;0;0;0;0;0;1;0;22;2;20;0;1;3;1;1;0;0;1;3;8;2;0;0;0;1;2;0;4;6;11;6;18;2;5;1;0;1;3;1;1;2;0;5;1;0;2;0;1;0;2;1;8;0;215;14;0;0;3;3;0;1;1;33;0;0;0;8;0;0;0;6;0;0;1;12;0;3;43;8;2;2;0;0;1;1;2;2;0;0;1;0;1;0;0;0;1;0;0;0;1;0;96;18;57;1;1;16;1;0;0;0;0;1;0;1;0;0;1;1;0;0;0;0;1;2;3;2;0;0;1;0;0;0;1;0;0;4
2;"Przedszkole Nr 8, ul. Gwarków 22, 41-400 Mysłowice";247001;"m. Mysłowice";"Mysłowice";"śląskie";1;1;8;2;0;1;1;2;3;1;1;1;0;1;0;1;0;0;0;0;1;0;11;2;12;2;3;4;1;1;0;1;1;3;4;1;0;1;1;0;0;1;2;5;24;2;17;1;3;1;3;2;4;1;1;2;0;5;1;0;1;0;5;0;1;0;8;0;228;5;0;1;0;4;1;0;0;28;0;1;0;3;0;0;0;8;1;0;1;9;1;0;34;8;7;0;3;3;0;4;1;0;0;0;1;0;0;1;0;1;2;0;1;1;3;0;98;25;56;1;3;7;1;2;2;1;0;0;1;0;1;2;0;0;1;0;0;0;2;0;4;0;1;2;0;0;0;1;1;1;1;2
3;"Szkoła Podstawowa Nr 2, ul. Piastowska 7, 41-400 Mysłowice";247001;"m. Mysłowice";"Mysłowice";"śląskie";1;1;2;4;0;0;1;0;0;0;0;0;1;0;0;0;0;1;1;1;3;0;21;4;12;2;6;2;0;3;0;0;0;5;8;1;1;0;2;1;0;0;1;1;15;5;18;1;2;0;1;0;0;0;0;0;0;11;0;0;5;0;5;0;5;1;7;0;224;8;2;3;2;6;1;0;0;29;1;0;0;2;0;0;0;8;0;0;0;15;0;1;40;3;3;0;3;1;1;1;0;1;0;0;3;1;1;0;0;4;1;1;2;0;0;1;106;24;45;1;0;10;0;1;0;1;1;0;0;5;0;0;2;1;0;0;0;0;0;0;10;6;3;0;0;0;1;2;0;0;1;1
4;"Mysłowicki Ośrodek Kultury, ul. Grunwaldzka 7, 41-400 Mysłowice";247001;"m. Mysłowice";"Mysłowice";"śląskie";1;1;8;0;0;0;1;2;0;0;0;0;0;0;0;0;1;0;0;0;0;4;18;0;15;3;7;6;2;2;2;1;2;7;6;4;2;1;1;0;0;1;1;0;18;4;13;1;3;0;0;1;0;0;1;1;0;14;0;0;6;0;0;0;1;2;4;1;177;11;5;1;3;6;0;0;0;20;0;0;0;0;1;0;0;1;0;1;2;4;0;2;20;5;5;1;1;0;5;1;1;3;0;1;1;1;0;0;0;2;0;0;0;0;0;1;99;36;65;0;2;22;1;0;0;0;2;0;0;0;1;0;0;0;0;0;1;1;0;4;7;0;2;0;1;0;1;1;0;0;0;0
5;"Szkoła Podstawowa Nr 9, ul. Armii Krajowej 30, 41-400 Mysłowice";247001;"m. Mysłowice";"Mysłowice";"śląskie";1;1;3;1;0;1;2;0;1;0;2;0;1;1;0;0;0;0;1;0;0;1;41;2;12;0;1;8;2;2;0;2;0;6;4;0;0;1;0;1;0;2;2;3;25;9;13;3;5;1;0;0;0;2;1;2;1;36;2;0;1;0;4;0;2;2;12;0;214;14;0;7;3;2;3;0;0;29;0;0;0;3;0;0;0;9;0;0;0;5;0;1;35;5;3;0;4;3;2;3;1;2;1;0;1;1;0;0;0;1;1;0;0;0;1;2;119;32;76;1;7;16;1;1;3;1;1;3;0;0;0;3;0;1;0;0;0;0;3;3;9;1;1;0;0;0;2;0;1;0;0;2
6;"II Liceum Ogólnokształcące, ul. Mikołowska 3, 41-400 Mysłowice";247001;"m. Mysłowice";"Mysłowice";"śląskie";1;1;6;1;1;4;2;0;0;1;0;0;1;0;0;1;0;0;0;0;2;0;47;5;20;5;3;7;0;4;0;0;0;8;6;2;2;2;2;2;0;1;5;2;24;11;23;0;5;3;0;0;4;3;3;0;0;24;4;0;2;0;2;0;3;0;8;0;298;16;5;4;8;2;1;0;0;21;1;2;0;8;0;2;0;12;2;0;1;10;0;1;32;9;8;1;1;3;5;2;2;1;0;1;0;4;0;2;0;2;1;0;0;3;1;5;147;52;109;0;2;24;0;1;3;1;0;2;0;0;1;0;2;0;1;1;1;0;0;5;1;1;1;1;1;0;1;0;0;0;0;1
7;"I Liceum Ogólnokształcące (dawniej Zespół Szkół Ogólnokształcących), ul. Adama Mickiewicza 6 - 8, 41-400 Mysłowice";247001;"m. Mysłowice";"Mysłowice";"śląskie";1;1;3;2;2;0;0;0;0;0;0;1;0;0;0;0;0;0;0;0;1;0;48;2;17;3;5;0;2;2;0;0;0;5;11;1;1;3;0;1;1;0;1;0;31;11;10;4;8;1;3;0;3;1;1;1;1;12;0;1;5;0;7;0;7;1;8;1;323;16;2;2;3;4;0;0;1;29;1;0;0;6;0;0;0;10;0;0;0;6;0;2;28;10;7;2;0;2;3;2;0;0;2;1;1;1;1;1;1;0;3;0;1;0;0;4;167;47;102;5;4;15;0;2;3;1;0;0;3;0;0;0;0;1;0;1;0;0;2;4;4;4;1;1;0;0;1;1;0;0;0;0
8;"Szkoła Podstawowa Nr 7 z Oddziałami Dwujęzycznymi, ul. Górnicza 4, 41-400 Mysłowice";247001;"m. Mysłowice";"Mysłowice";"śląskie";1;1;4;6;1;1;1;2;1;0;1;1;1;0;0;0;0;0;0;0;1;1;23;3;13;3;4;10;2;1;1;0;1;8;6;2;1;1;0;2;2;0;2;3;22;0;5;3;8;2;1;0;0;1;1;3;2;13;2;0;1;0;3;0;1;0;6;1;229;15;2;0;5;1;2;0;0;26;0;2;1;2;0;0;0;9;0;0;0;7;1;0;23;6;2;0;1;2;2;2;1;0;1;0;0;0;0;0;1;2;1;0;0;0;2;0;99;28;56;0;0;6;1;1;1;1;2;0;2;0;0;0;1;0;0;0;0;0;1;2;7;0;1;0;1;1;0;2;0;0;0;1
9;"Szkoła Podstawowa Nr 7 z Oddziałami Dwujęzycznymi, ul. Górnicza 4, 41-400 Mysłowice";247001;"m. Mysłowice";"Mysłowice";"śląskie";1;1;2;3;1;1;0;0;0;0;0;2;0;0;1;0;1;0;0;0;1;0;20;2;14;2;3;2;0;1;0;0;1;0;7;0;1;1;0;1;1;0;2;0;14;5;6;0;7;1;1;0;1;2;0;0;0;10;0;0;1;0;2;0;1;0;4;0;130;10;0;4;3;2;0;0;0;17;1;0;0;1;0;1;1;2;0;0;0;8;1;0;22;7;6;1;1;4;2;2;1;2;0;1;2;1;0;0;0;0;0;2;0;1;0;2;67;35;44;1;0;7;0;0;0;1;0;1;1;1;0;0;1;0;1;0;0;2;1;1;6;1;1;0;0;1;1;0;0;0;1;2
10;"Przedszkole Nr 9, ul. Janowska 2, 41-400 Mysłowice";247001;"m. Mysłowice";"Mysłowice";"śląskie";1;1;3;3;2;2;1;1;0;0;0;1;1;0;3;0;0;0;0;0;1;2;55;5;18;0;5;3;1;5;1;0;3;6;13;1;1;5;0;3;1;1;2;4;43;9;26;0;4;3;1;0;4;2;1;3;1;11;1;1;0;0;9;0;2;1;14;0;287;15;1;1;12;4;2;1;0;42;2;0;1;4;2;1;1;4;0;0;2;10;0;2;44;3;4;0;2;0;5;3;0;1;1;0;0;1;0;1;0;0;2;0;1;0;3;0;149;58;96;2;5;9;1;2;1;1;1;0;5;0;0;0;1;0;0;0;2;0;0;4;5;2;1;1;1;0;1;1;2;0;0;1
11;"Centrum Kształcenia Zawodowego i Ustawicznego, ul. Mikołowska 44, 41-406 Mysłowice";247001;"m. Mysłowice";"Mysłowice";"śląskie";1;1;3;1;1;1;1;2;0;0;1;0;1;0;1;1;1;0;0;1;2;0;48;1;16;3;3;5;0;1;0;1;0;2;9;0;0;0;0;4;0;1;4;3;42;4;21;1;7;3;3;0;1;3;0;1;3;8;2;1;1;0;1;1;2;0;4;1;245;13;1;6;0;4;1;0;0;30;2;0;1;4;0;0;0;12;0;0;0;6;0;1;30;8;10;0;3;2;0;0;1;2;2;0;0;0;1;1;0;1;0;0;1;1;1;3;178;61;97;1;3;14;0;1;0;2;0;0;1;1;0;0;2;0;0;0;0;0;0;9;7;2;0;1;0;0;3;0;0;0;0;3
12;"Centrum Kształcenia Zawodowego i Ustawicznego, ul. Mikołowska 44, 41-406 Mysłowice";247001;"m. Mysłowice";"Mysłowice";"śląskie";1;1;8;3;3;2;2;2;1;0;0;0;0;1;2;0;0;0;0;2;2;1;79;2;42;3;4;4;1;7;0;0;2;9;18;1;0;3;1;2;1;0;5;8;58;2;23;3;10;1;1;2;1;2;0;3;0;6;1;0;5;1;5;0;0;3;17;1;275;28;0;0;2;5;1;0;2;38;1;0;0;2;0;0;0;29;0;0;1;12;0;0;41;12;9;1;1;4;2;2;0;1;0;1;0;0;0;0;2;2;0;0;1;0;1;0;248;102;186;5;5;15;0;5;0;2;1;0;3;0;0;0;3;2;1;2;0;0;2;5;12;1;0;1;1;0;0;2;0;0;0;0
13;"Szkoła Podstawowa Nr 3, ul. 1000-lecia Państwa Polskiego 6, 41-406 Mysłowice";247001;"m. Mysłowice";"Mysłowice";"śląskie";1;1;7;1;3;3;3;0;1;1;0;0;1;0;0;0;1;0;0;0;3;1;102;4;39;7;9;10;0;11;4;0;4;27;17;2;0;5;2;3;3;0;6;3;54;8;43;2;14;1;1;1;0;3;1;4;0;7;3;1;12;0;7;0;5;0;10;1;300;30;6;2;4;9;1;2;0;42;1;0;0;7;0;2;0;20;2;0;3;4;0;3;74;13;15;0;6;4;0;2;1;2;2;1;1;1;1;2;0;0;0;1;0;0;1;4;269;112;176;5;8;30;1;6;2;1;0;1;0;1;0;1;3;0;0;0;1;0;1;5;9;5;2;0;2;0;3;1;1;0;1;3
14;"Szkoła Podstawowa Nr 4 z Oddziałami Dwujęzycznymi, ul. Wielka Skotnica 84a, 41-400 Mysłowice";247001;"m. Mysłowice";"Mysłowice";"śląskie";1;1;4;4;1;4;3;2;0;0;0;0;0;3;1;0;0;0;0;1;1;1;81;5;33;4;8;10;0;3;0;1;0;13;38;3;1;0;1;5;4;0;8;2;54;10;25;2;10;1;2;0;4;4;3;4;1;6;1;0;4;0;3;0;3;1;8;3;411;25;1;5;9;1;0;0;1;30;1;1;0;6;0;2;0;7;0;0;1;30;0;2;55;19;7;2;5;1;3;2;4;3;3;2;0;3;1;2;0;0;2;1;0;0;1;1;235;90;117;2;3;20;0;3;1;0;0;2;2;1;2;2;1;0;1;2;0;0;2;3;8;6;1;0;0;0;1;1;0;1;1;2
15;"Szkoła Podstawowa Nr 4 z Oddziałami Dwujęzycznymi, ul. Wielka Skotnica 84a, 41-400 Mysłowice";247001;"m. Mysłowice";"Mysłowice";"śląskie";1;1;6;2;2;0;1;2;1;0;0;0;0;0;1;0;0;1;0;0;0;0;73;3;16;3;6;10;3;8;0;1;2;22;28;3;0;3;1;3;0;0;2;0;51;7;20;1;5;0;1;0;0;3;1;3;0;3;0;0;7;1;3;0;3;0;15;0;271;11;0;4;2;6;0;1;1;36;1;0;3;9;0;0;0;16;0;0;0;19;0;3;50;12;7;1;3;1;1;1;2;2;2;0;1;1;1;1;0;1;2;1;0;1;4;1;187;64;112;5;4;12;0;6;1;0;0;1;4;5;0;1;0;0;0;0;1;0;4;9;5;3;0;0;0;1;4;0;0;0;0;0
16;"Przedszkole Nr 20, ul. Gabrieli Zapolskiej 1, 41-400 Mysłowice";247001;"m. Mysłowice";"Mysłowice";"śląskie";1;1;0;0;1;4;0;0;0;0;0;0;0;0;0;0;0;0;0;0;0;0;47;2;18;2;1;3;0;4;0;0;0;3;8;1;0;1;0;2;0;1;2;0;28;3;16;1;9;0;1;1;2;0;0;3;0;0;0;0;0;0;2;0;3;0;1;0;142;16;1;0;2;6;0;0;0;11;0;0;0;0;0;1;0;5;0;1;0;1;0;0;19;4;3;1;1;1;1;0;1;1;0;0;1;0;0;1;0;0;1;0;0;1;0;0;159;71;52;5;4;9;0;3;1;0;0;1;2;3;0;0;2;0;0;2;0;0;2;7;2;3;1;2;1;0;0;1;0;0;1;0
17;"Szkoła Podstawowa Nr 1, ul. Wielka Skotnica 2, 41-406 Mysłowice";247001;"m. Mysłowice";"Mysłowice";"śląskie";1;1;4;2;0;1;1;0;2;0;0;1;0;1;0;0;0;0;0;0;0;1;36;0;26;2;1;5;2;3;1;1;1;9;11;3;0;0;0;1;0;1;0;4;19;4;7;1;6;0;2;1;3;1;0;1;0;7;1;0;2;1;3;0;5;3;10;1;248;19;3;5;4;8;0;0;0;12;0;1;0;5;0;0;0;10;0;0;0;12;0;2;40;3;4;1;0;1;2;0;3;0;1;1;0;0;1;0;1;0;0;0;0;0;1;1;153;40;82;2;2;6;0;3;1;0;0;2;0;2;0;0;0;0;2;2;0;0;0;7;15;2;0;2;0;0;1;0;0;0;0;2
18;"Szkoła Podstawowa Nr 1, ul. Wielka Skotnica 2, 41-406 Mysłowice";247001;"m. Mysłowice";"Mysłowice";"śląskie";1;1;2;1;1;1;0;0;1;0;0;1;1;0;1;0;0;0;0;0;3;1;37;1;18;0;4;7;3;7;0;0;0;6;11;2;0;1;0;3;0;1;4;0;36;8;12;4;7;1;0;1;3;3;0;2;0;9;0;0;1;0;6;2;1;0;18;1;290;6;1;3;5;3;0;0;0;31;0;0;0;3;0;0;0;17;2;0;1;8;1;1;44;2;12;3;1;0;5;3;1;1;0;0;0;2;1;0;0;1;0;0;0;0;1;1;142;64;126;0;1;9;0;0;0;2;2;0;1;2;0;0;0;0;0;0;1;0;1;5;3;1;0;0;1;0;1;1;0;0;0;1
19;"Przedszkole Nr 13, ul. Armii Krajowej 19, 41-406 Mysłowice";247001;"m. Mysłowice";"Mysłowice";"śląskie";1;1;10;1;0;3;1;2;4;1;0;0;2;1;1;0;0;0;0;0;1;0;61;5;29;5;3;8;4;2;1;0;2;14;20;2;0;0;0;3;1;4;2;3;25;6;27;2;6;6;3;1;6;2;0;2;0;15;2;1;8;0;2;0;1;3;14;0;328;19;2;3;3;4;0;3;0;29;0;0;0;4;1;1;1;14;3;0;0;12;0;0;55;12;5;1;6;3;7;2;0;1;0;1;2;0;1;3;0;0;2;1;2;0;2;2;174;62;137;1;3;14;1;6;0;1;0;0;1;1;0;2;1;0;1;0;0;0;1;6;8;1;0;2;0;0;2;0;0;1;2;1
20;"Zespół Szkolno-Przedszkolny Nr 1, ul. Generała Jerzego Ziętka 116, 41-400 Mysłowice";247001;"m. Mysłowice";"Mysłowice";"śląskie";1;1;10;0;0;1;1;0;0;0;0;0;0;0;0;0;1;1;0;0;0;1;93;4;13;3;3;5;1;2;0;0;0;5;7;1;0;1;1;3;0;0;0;2;25;4;8;1;3;0;0;0;1;2;1;3;0;5;0;0;1;2;4;0;0;0;5;0;184;10;1;1;6;10;1;0;0;28;0;0;1;0;0;0;0;14;1;0;0;6;0;0;22;10;4;0;0;1;0;2;0;1;0;0;2;3;0;0;0;0;0;1;0;0;0;0;114;61;131;3;3;6;0;2;1;0;0;1;1;0;0;0;1;0;0;1;1;0;0;0;3;0;2;0;0;1;0;2;0;0;0;1
21;"Szkoła Podstawowa Nr 13 z Oddziałami Integracyjnymi i Dwujęzycznymi, ul. ks. Kardynała Augusta Hlonda 14, 41-412 Mysłowice";247001;"m. Mysłowice";"Mysłowice";"śląskie";1;1;6;6;3;2;2;1;1;0;1;0;0;0;2;0;1;1;0;2;1;3;86;6;27;3;6;3;2;6;2;1;3;9;16;4;0;3;1;2;1;3;3;2;57;5;14;2;10;3;2;0;1;2;1;3;2;5;4;0;3;10;3;0;4;2;10;1;336;27;1;1;4;10;0;0;0;55;0;0;1;7;2;0;0;17;0;0;1;15;0;3;50;14;10;1;1;4;0;2;2;2;2;0;0;1;1;0;0;1;1;1;2;0;0;1;185;82;133;5;6;19;1;1;1;1;1;2;2;1;1;0;0;0;0;1;0;0;3;2;15;5;1;1;0;0;2;1;1;0;2;1
22;"Szkoła Podstawowa Nr 13 z Oddziałami Integracyjnymi i Dwujęzycznymi, ul. ks. Kardynała Augusta Hlonda 14, 41-412 Mysłowice";247001;"m. Mysłowice";"Mysłowice";"śląskie";1;1;7;6;1;2;0;0;1;0;0;0;2;0;0;0;0;1;0;0;2;0;67;3;21;5;1;11;2;6;0;0;1;2;6;6;1;2;0;1;0;0;3;2;32;5;23;0;5;2;3;0;2;3;0;0;0;3;1;1;2;0;2;0;3;0;4;1;259;28;0;1;5;8;0;0;0;59;1;0;1;1;0;0;0;9;0;0;0;11;1;3;41;10;4;1;0;1;2;1;0;2;3;1;4;0;2;1;0;3;1;0;1;0;0;4;147;51;111;4;1;14;0;3;1;1;0;1;0;3;0;0;2;2;0;1;0;1;3;2;9;0;0;0;0;2;0;1;0;0;0;0
23;"Zespół Szkół Specjalnych, ul. Bernarda Wały 4, 41-412 Mysłowice";247001;"m. Mysłowice";"Mysłowice";"śląskie";1;1;2;2;1;2;2;1;0;0;0;3;0;1;0;0;0;0;1;1;1;1;51;2;12;6;5;8;0;2;0;0;1;6;10;1;0;2;0;2;0;2;1;2;25;5;11;1;2;2;0;1;4;2;1;1;0;3;1;0;1;0;0;0;4;2;2;2;250;18;3;4;2;7;0;0;0;25;0;0;0;3;0;0;0;5;0;0;0;6;0;2;29;7;3;1;1;2;1;1;0;1;0;1;0;0;0;0;1;0;1;0;0;2;1;0;127;52;94;2;2;9;0;0;0;1;0;2;0;1;0;1;3;0;0;0;0;0;0;1;6;3;0;0;0;2;1;0;1;0;0;1
24;"Przedszkole Nr 16 z Oddziałami Integracyjnymi, ul. Franciszka Kawy 4, 41-412 Mysłowice";247001;"m. Mysłowice";"Mysłowice";"śląskie";1;1;7;3;3;1;0;0;1;1;0;2;0;1;2;0;2;0;0;0;3;2;61;3;29;3;6;4;4;3;1;2;2;6;6;5;0;2;0;0;0;0;2;4;28;2;9;0;4;0;1;0;2;2;1;0;1;5;1;0;0;1;3;0;5;2;12;1;320;22;1;3;6;4;2;1;0;34;2;0;0;1;0;0;0;6;0;0;1;14;0;2;32;14;4;2;5;4;3;2;1;2;0;0;1;0;1;0;0;0;0;0;0;0;0;1;157;58;138;3;2;15;1;5;1;3;0;1;0;0;0;0;1;1;1;2;0;0;0;5;4;2;0;0;0;0;4;1;0;0;1;4
25;"Szkoła Podstawowa Nr 10 z Oddziałami Dwujęzycznymi, ul. Mikołaja Reja 28, 41-404 Mysłowice";247001;"m. Mysłowice";"Mysłowice";"śląskie";1;1;12;0;2;1;2;2;5;2;1;2;1;0;0;1;0;0;0;1;2;2;74;6;22;5;4;9;3;1;1;1;3;5;7;2;0;1;1;4;2;0;2;4;35;3;15;1;3;1;1;2;1;1;0;0;1;13;0;0;4;0;3;0;5;2;6;1;433;31;3;9;10;11;0;3;0;51;1;0;1;3;2;0;1;13;1;0;0;11;1;1;51;15;7;0;2;0;1;2;1;6;0;3;1;1;1;2;0;2;1;0;1;0;3;5;159;77;157;4;9;12;1;2;0;0;2;0;1;1;1;0;4;0;0;2;0;0;5;8;15;4;0;2;2;0;0;0;0;1;0;1
26;"Mysłowicki Ośrodek Kultury, ul. Laryska 5, 41-404 Mysłowice";247001;"m. Mysłowice";"Mysłowice";"śląskie";1;1;9;2;1;2;1;1;0;0;0;0;2;2;0;0;1;1;0;0;0;3;67;3;21;4;5;7;0;4;0;0;1;5;7;1;0;1;1;4;0;0;1;0;31;3;14;3;5;0;1;0;1;1;0;2;0;2;0;1;1;0;2;0;2;0;5;0;279;22;2;0;2;5;1;2;0;57;0;0;1;5;1;0;0;8;0;0;1;15;0;1;49;13;4;1;1;5;1;1;4;0;2;5;3;0;0;1;0;1;1;0;0;1;1;3;124;46;97;3;4;9;0;1;2;0;0;2;0;0;0;0;0;1;2;0;0;0;2;5;11;2;4;0;1;0;3;0;0;1;0;1
27;"Zespół Szkolno-Przedszkolny Nr 2, ul. Józefa Wybickiego 79, 41-404 Mysłowice";247001;"m. Mysłowice";"Mysłowice";"śląskie";1;1;7;5;3;3;0;0;2;0;3;0;1;1;0;0;0;1;0;0;2;4;116;7;29;5;7;6;6;1;0;0;4;7;11;4;0;3;2;2;0;0;4;6;37;5;14;0;5;1;1;0;3;2;1;2;1;6;5;0;2;0;3;0;2;3;5;0;346;31;2;3;4;12;1;0;0;58;0;1;0;3;0;0;1;56;0;1;0;24;0;3;69;16;13;1;5;1;4;3;2;2;0;4;3;0;1;1;0;2;0;0;0;0;0;2;233;80;159;4;6;18;0;2;2;1;2;0;0;3;1;0;1;2;0;0;1;0;0;4;18;4;2;0;0;0;1;0;0;0;1;0
28;"Zespół Szkolno-Przedszkolny Nr 4, ul. Polskiego Czerwonego Krzyża 209 b, 41-409 Mysłowice";247001;"m. Mysłowice";"Mysłowice";"śląskie";1;1;15;5;0;4;3;3;2;0;1;2;1;1;0;3;0;0;1;1;4;4;134;6;21;9;10;5;4;7;1;3;2;7;5;6;5;4;2;2;0;0;6;4;31;15;22;1;2;1;5;0;3;3;1;4;0;2;3;0;4;1;8;0;4;0;6;0;410;67;4;4;9;15;2;1;2;49;0;0;1;5;2;2;0;21;0;0;2;64;0;3;78;23;14;5;1;4;6;3;0;1;2;10;0;0;1;2;0;2;0;0;1;0;2;1;208;152;228;5;6;16;0;4;3;1;2;2;0;0;0;0;1;2;0;0;0;0;4;28;18;15;2;0;1;2;0;5;1;1;4;3
29;"Szkoła Podstawowa Nr 16 z Oddziałami Dwujęzycznymi, ul. Kosztowska 46, 41-409 Mysłowice";247001;"m. Mysłowice";"Mysłowice";"śląskie";1;1;5;5;1;0;0;1;1;0;0;0;0;1;0;0;3;1;0;1;3;0;94;2;29;3;4;10;1;7;0;0;3;17;18;3;1;0;0;0;1;2;6;6;43;5;15;1;2;1;4;0;3;0;0;2;1;1;0;0;3;1;2;0;2;1;1;1;270;47;1;3;5;10;1;0;0;45;1;0;0;1;0;1;0;10;0;0;2;21;0;0;50;21;8;0;0;0;0;1;0;1;0;4;0;2;0;0;0;1;0;0;0;2;2;1;131;98;195;2;6;11;0;2;0;1;1;0;1;0;0;1;0;0;0;1;1;0;0;2;24;3;1;0;0;1;1;2;0;0;2;0
30;"Szkoła Podstawowa Nr 16 z Oddziałami Dwujęzycznymi budynek przy ul. Jerzego Chromika 3, ul. Jerzego Chromika 3, 41-409 Mysłowice";247001;"m. Mysłowice";"Mysłowice";"śląskie";1;1;4;1;0;0;0;0;0;0;0;0;0;2;1;0;1;0;0;0;2;0;67;3;21;3;4;2;3;1;3;1;0;6;6;4;0;1;0;1;0;1;1;1;34;5;15;2;7;0;1;1;1;1;0;1;1;0;0;0;3;0;1;0;0;0;4;0;283;40;0;4;3;5;0;1;0;37;1;0;1;3;0;0;0;18;0;1;0;17;1;3;44;10;7;1;1;3;1;1;1;1;1;3;0;0;1;1;1;3;1;1;0;2;0;2;152;94;146;4;5;6;1;1;1;1;1;0;1;2;0;0;2;1;0;0;1;0;1;3;16;3;2;2;1;0;2;1;0;0;0;1
31;"Szkoła Podstawowa Nr 5, ul. Długa 92, 41-409 Mysłowice";247001;"m. Mysłowice";"Mysłowice";"śląskie";1;1;5;2;0;2;1;0;0;1;0;0;1;0;0;0;0;0;0;0;2;1;46;2;17;3;1;4;2;0;0;0;2;3;0;0;0;2;0;0;0;0;0;3;19;1;10;1;3;0;2;1;2;1;1;2;0;5;0;1;1;1;1;0;2;4;0;1;260;38;2;2;1;5;2;1;0;16;2;0;0;1;0;0;0;5;0;0;0;7;0;1;30;9;4;1;2;0;1;0;0;3;3;2;0;0;1;0;0;2;0;0;0;0;1;0;70;37;78;4;1;3;0;1;0;0;1;0;0;0;0;0;0;0;1;0;0;0;0;3;6;3;1;0;1;0;0;1;2;0;0;0
32;"Miejska Biblioteka Publiczna Filia Nr 3, ul. Laryska 102, 41-404 Mysłowice";247001;"m. Mysłowice";"Mysłowice";"śląskie";1;1;8;4;1;2;0;0;1;0;0;1;0;0;0;0;0;0;1;0;0;1;74;2;26;4;8;5;1;3;1;0;0;6;3;1;1;3;0;1;0;0;3;5;40;9;19;2;4;0;0;0;2;0;2;1;1;0;2;0;0;0;4;0;2;0;3;2;231;18;2;4;3;7;0;0;0;60;0;0;1;3;0;1;0;14;1;0;1;17;0;0;41;11;9;0;2;0;4;0;2;1;1;2;2;0;1;1;0;0;0;1;0;0;0;1;166;72;139;2;7;9;0;3;2;1;0;0;0;1;0;0;1;1;0;0;0;0;4;7;15;0;0;0;0;0;0;0;0;0;1;0
33;"Szkoła Podstawowa Nr 15 z Oddziałami Dwujęzycznymi budynek przy ul. Jana Dzierżonia 26, ul. Jana Dzierżonia 26, 41-408 Mysłowice";247001;"m. Mysłowice";"Mysłowice";"śląskie";1;1;7;1;4;4;3;0;0;2;0;0;2;1;1;1;2;0;1;0;1;0;67;10;20;5;3;7;3;9;1;1;6;16;6;4;0;2;1;1;3;0;5;7;40;5;18;0;8;3;1;0;6;1;0;6;0;23;0;1;4;1;2;0;4;1;14;3;379;34;3;4;4;9;0;0;1;72;0;1;0;1;0;1;1;6;0;0;0;44;0;1;61;8;13;0;0;3;3;4;0;2;6;1;1;0;1;0;1;2;5;0;1;0;1;3;143;59;133;1;5;9;1;2;1;0;0;2;0;0;0;1;1;0;0;0;0;0;0;4;5;0;3;0;0;0;1;0;0;0;0;0
34;"Dom Katechetyczny, ul. Murckowska 147, 41-408 Mysłowice";247001;"m. Mysłowice";"Mysłowice";"śląskie";1;1;5;0;0;1;1;1;0;0;0;0;0;0;0;0;0;1;1;0;0;1;32;4;21;3;1;1;0;1;0;0;3;3;4;0;0;0;0;0;1;0;5;3;12;2;6;1;2;0;0;1;4;0;0;0;0;3;1;0;0;0;0;0;0;0;0;0;197;28;1;1;1;3;1;0;0;47;2;0;0;4;2;0;0;1;0;0;0;25;0;0;46;1;3;0;0;1;0;0;0;0;1;0;0;0;1;0;0;1;0;0;0;0;1;0;45;45;77;2;2;6;2;1;0;0;0;2;1;0;0;0;0;0;2;1;0;0;0;0;7;0;0;2;0;0;0;0;0;0;0;1
35;"Centrum Kształcenia Zawodowego i Ustawicznego budynek przy ul. Pocztowej 20, ul. Pocztowa 20, 41-408 Mysłowice";247001;"m. Mysłowice";"Mysłowice";"śląskie";1;1;4;3;2;1;0;0;0;1;0;0;1;0;0;0;1;0;0;1;1;1;30;1;24;2;3;5;0;0;0;0;1;1;5;1;0;2;0;0;0;0;1;1;28;3;3;1;3;0;0;0;0;0;0;1;0;5;2;0;0;1;0;0;2;1;4;1;157;6;3;0;3;1;0;1;0;18;0;0;0;4;0;0;0;1;0;0;0;19;0;1;22;9;5;1;1;0;2;1;2;0;3;0;0;0;0;0;0;1;0;0;0;0;0;1;70;21;38;0;1;4;0;1;0;0;0;1;1;0;1;0;0;0;0;0;0;0;0;4;2;0;1;0;0;0;0;1;0;0;0;0
36;"Przedszkole nr 18, ul. Pocztowa 20, 41-408 Mysłowice";247001;"m. Mysłowice";"Mysłowice";"śląskie";1;1;4;1;0;1;1;2;0;0;0;0;0;1;0;0;1;0;0;1;1;0;25;1;6;1;1;1;1;1;0;0;2;6;1;0;0;0;0;0;1;1;0;0;15;4;8;0;4;0;0;0;2;0;0;1;0;8;3;0;0;0;0;1;1;0;1;1;168;10;4;0;5;4;1;1;0;37;0;0;0;2;0;0;0;3;0;0;1;15;0;1;36;6;4;2;0;3;0;0;0;0;0;2;1;0;0;0;0;2;1;0;1;0;0;0;65;12;51;1;1;4;0;1;1;0;0;1;2;0;0;0;0;0;0;0;0;0;1;1;6;2;2;0;0;0;0;0;0;0;0;2
37;"Szkoła Podstawowa Nr 14, ul. 3-go Maja 19, 41-408 Mysłowice";247001;"m. Mysłowice";"Mysłowice";"śląskie";1;1;5;1;2;2;0;0;0;0;0;0;0;0;1;2;1;0;1;0;0;0;117;9;33;9;6;6;5;6;1;2;0;9;5;1;1;2;2;1;0;1;4;2;50;6;17;1;4;6;0;0;5;1;1;1;0;1;2;0;3;1;3;0;0;1;6;0;234;28;6;1;5;5;3;1;1;31;1;1;0;2;1;0;0;25;0;0;1;7;0;1;43;9;7;4;2;0;2;1;0;1;1;1;0;0;1;0;0;4;0;0;0;0;1;0;225;147;129;6;4;20;0;1;1;2;2;2;1;0;1;1;2;1;2;2;0;0;0;10;19;5;1;1;1;2;2;1;0;0;0;0
38;"Mysłowickie Centrum Zdrowia Sp. z o. o., ul. Mikołowska 1, 41-400 Mysłowice";247001;"m. Mysłowice";"Mysłowice";"śląskie";1;1;0;0;0;0;0;0;0;0;0;0;0;0;0;0;0;0;0;0;0;0;0;0;0;0;0;0;0;0;0;0;0;0;0;0;0;0;0;0;0;0;0;0;0;0;0;0;0;0;0;0;0;0;0;0;0;0;0;0;0;0;0;0;0;0;0;0;3;0;0;0;0;0;0;0;0;0;0;0;0;0;0;0;0;0;0;0;0;0;0;0;0;1;0;0;0;0;0;1;0;0;0;0;0;0;0;0;0;0;0;0;0;0;0;0;0;0;0;0;0;0;0;0;0;0;0;0;0;0;0;0;0;0;0;0;0;0;0;0;0;1;0;0;0;0;0;0;0;0;0;0
39;"SP ZOZ Szpital nr 2 im. dr. T. Boczonia, ul. Bytomska 41, 41-400 Mysłowice";247001;"m. Mysłowice";"Mysłowice";"śląskie";1;1;0;0;0;0;0;0;0;0;0;0;0;0;0;0;0;0;0;0;0;0;0;0;1;0;0;1;0;1;0;0;0;0;0;0;0;0;0;0;1;0;1;0;1;0;0;0;0;0;0;1;0;0;0;0;0;1;0;0;0;0;0;0;0;0;0;0;6;1;0;0;1;0;1;0;0;0;0;0;0;0;1;0;0;0;0;0;0;0;0;0;0;0;0;0;0;0;0;0;0;0;0;0;0;0;0;0;0;0;0;0;0;0;0;0;4;2;0;0;0;0;0;0;0;0;0;0;0;1;0;0;0;0;0;0;0;0;0;0;0;0;0;0;0;0;1;0;0;0;0;1
40;"Areszt Śledczy, ul. Karola Szymanowskiego 6, 41-400 Mysłowice";247001;"m. Mysłowice";"Mysłowice";"śląskie";1;1;1;0;0;0;0;0;1;0;0;0;1;0;0;1;0;1;0;1;2;0;9;1;4;0;1;3;0;0;2;2;3;0;4;0;0;1;2;0;0;0;1;1;3;0;0;0;0;1;0;0;1;1;0;0;0;0;0;0;0;0;0;0;0;2;0;1;19;2;1;1;0;1;1;0;0;0;0;0;0;1;0;0;0;0;0;0;0;1;0;1;9;2;3;2;1;1;0;0;0;1;0;1;0;0;0;1;0;0;0;1;1;0;0;0;127;10;2;0;2;9;2;4;1;1;1;1;0;0;1;0;0;1;0;0;2;1;0;2;1;1;1;0;0;0;0;0;0;0;0;0
1;"Filia Miejskiego Domu Kultury, ul. Tarnogórska 49, 41-945 Piekary Śląskie";247101;"m. Piekary Śląskie";"Piekary Śląskie";"śląskie";1;1;3;0;0;1;1;0;1;0;0;1;0;0;0;0;0;1;0;0;0;0;38;2;20;1;2;2;4;3;0;1;1;0;1;3;0;1;2;3;0;0;1;0;12;3;11;1;5;4;1;1;2;9;1;0;0;0;0;0;2;2;1;0;2;0;2;1;180;18;3;25;129;4;0;0;0;5;0;0;0;1;0;1;0;1;0;0;0;0;0;3;32;5;1;2;0;1;1;5;0;2;0;2;0;0;2;1;0;2;1;0;2;0;1;0;84;45;3;3;2;6;194;4;0;1;1;0;1;2;0;0;1;1;1;1;1;0;0;1;16;1;0;2;0;1;0;1;0;0;0;0
2;"Zespół Szkolno-Przedszkolny Nr 1, ul. Tarnogórska 40, 41-945 Piekary Śląskie";247101;"m. Piekary Śląskie";"Piekary Śląskie";"śląskie";1;1;9;0;1;1;0;0;1;1;0;0;0;0;0;0;0;0;0;0;0;2;44;3;28;2;4;3;2;2;3;2;1;0;0;0;0;0;0;3;1;0;2;1;22;2;5;0;4;1;0;1;2;2;1;1;0;0;0;0;2;0;0;0;1;0;2;0;137;10;2;19;111;1;0;0;0;10;1;0;0;1;0;0;0;0;1;0;1;0;0;1;33;5;6;0;1;0;0;4;1;0;1;0;0;1;0;0;0;0;2;0;0;1;0;0;78;33;3;8;2;3;194;1;2;0;1;0;0;1;1;1;2;0;2;0;0;0;2;1;8;3;1;0;0;1;2;0;0;0;0;1
3;"Miejski Ośrodek Sportu i Rekreacji, ul. Olimpijska 3, 41-943 Piekary Śląskie";247101;"m. Piekary Śląskie";"Piekary Śląskie";"śląskie";1;1;6;0;3;2;0;1;2;1;0;1;0;1;0;0;1;0;0;0;1;1;38;1;24;2;10;3;0;3;0;2;0;2;0;1;1;1;2;4;0;0;0;1;31;1;11;3;2;2;1;0;4;6;1;2;0;1;1;0;0;1;1;0;2;0;5;0;206;7;2;41;69;2;0;2;0;17;5;0;0;1;1;1;0;0;0;0;0;0;0;2;42;6;2;1;2;0;0;1;0;3;1;0;1;1;0;0;1;0;0;0;0;1;1;1;94;23;2;3;3;3;266;0;0;4;0;1;0;2;1;1;0;0;0;0;1;0;0;1;7;3;0;1;2;0;1;0;1;0;0;0
4;"Miejska Szkoła Podstawowa Nr 9 z Oddziałami Integracyjnymi im. Gustawa Morcinka, ul. księdza Gerarda Waculika 10, 41-943 Piekary Śląskie";247101;"m. Piekary Śląskie";"Piekary Śląskie";"śląskie";1;1;5;1;1;2;2;1;0;0;0;1;3;1;1;0;0;0;0;0;1;0;79;7;28;4;6;9;0;5;0;1;0;1;1;3;1;4;0;2;0;1;4;3;35;2;12;4;15;0;2;1;1;4;2;2;0;0;0;0;4;0;1;1;2;0;3;1;307;18;1;80;148;8;1;0;1;11;1;0;0;2;2;0;1;0;1;0;0;0;2;3;62;12;13;1;1;2;1;0;1;2;0;1;0;0;1;2;0;0;2;0;0;0;2;1;181;55;1;3;3;1;344;6;2;3;0;3;2;2;2;0;0;0;1;0;0;0;0;2;9;2;1;0;1;0;0;2;0;0;1;2
5;"Miejska Szkoła Podstawowa Nr 9 z Oddziałami Integracyjnymi im. Gustawa Morcinka, ul. księdza Gerarda Waculika 10, 41-943 Piekary Śląskie";247101;"m. Piekary Śląskie";"Piekary Śląskie";"śląskie";1;1;7;0;0;1;3;0;1;0;1;2;0;1;0;0;0;0;1;0;2;1;54;2;31;1;4;3;2;4;1;0;1;1;2;1;0;1;0;1;0;1;1;2;27;4;12;4;1;3;0;0;3;6;1;2;1;0;1;0;3;1;0;0;2;1;3;0;201;20;4;61;82;2;0;0;0;11;2;0;0;2;2;2;0;0;1;0;1;0;0;4;50;8;10;0;4;0;0;0;1;3;1;0;1;1;2;2;2;1;0;1;0;0;1;1;115;53;4;1;1;3;311;5;1;2;3;0;4;2;1;0;0;1;0;0;1;0;2;2;8;6;1;3;0;0;1;1;0;0;1;1
6;"Miejska Szkoła Podstawowa Nr 11, ul. Śląska 8, 41-943 Piekary Śląskie";247101;"m. Piekary Śląskie";"Piekary Śląskie";"śląskie";1;1;3;1;0;0;0;0;2;0;1;1;3;0;1;0;0;0;0;2;1;0;22;0;13;1;2;0;3;3;0;2;0;2;1;2;0;0;0;1;0;1;4;0;25;4;7;0;5;0;0;0;1;2;1;3;0;0;1;0;4;0;0;0;2;0;1;1;151;12;3;48;59;2;0;1;0;4;2;0;0;0;0;0;0;1;1;0;0;0;1;0;27;7;3;0;0;1;0;1;1;1;0;0;0;1;0;0;0;0;0;1;0;1;0;0;85;24;1;6;0;2;157;1;3;0;3;0;1;1;0;0;0;2;2;0;1;0;1;0;4;6;0;2;2;0;0;1;0;0;0;1
7;"Miejska Szkoła Podstawowa Nr 11, ul. Śląska 8, 41-943 Piekary Śląskie";247101;"m. Piekary Śląskie";"Piekary Śląskie";"śląskie";1;1;4;0;1;0;0;0;2;0;0;2;0;0;0;0;1;0;0;0;2;4;32;2;8;3;1;1;0;1;0;0;0;0;0;1;0;1;1;1;1;1;2;0;14;1;7;0;4;0;1;0;2;0;1;1;0;0;0;0;0;0;1;0;1;1;1;0;178;9;3;33;77;2;0;0;0;8;2;0;0;1;1;0;0;0;1;0;0;0;0;0;23;5;0;0;1;1;0;1;1;1;1;0;0;0;0;1;0;1;3;0;1;0;1;2;82;19;2;2;3;1;201;1;1;1;0;0;0;0;0;0;0;0;0;0;0;0;1;0;5;3;0;0;1;0;0;0;0;0;1;0
8;"Miejska Szkoła Podstawowa Nr 11, ul. Śląska 8, 41-943 Piekary Śląskie";247101;"m. Piekary Śląskie";"Piekary Śląskie";"śląskie";1;1;6;0;0;0;1;1;0;1;1;1;0;1;0;0;2;0;0;1;0;0;37;5;11;1;1;5;1;4;0;1;0;1;0;0;1;1;1;1;0;1;0;3;18;0;2;0;3;2;2;1;0;9;0;2;1;0;1;2;3;1;1;1;0;0;2;0;201;8;1;39;77;7;0;1;0;10;1;0;1;1;4;1;0;0;1;0;0;0;0;2;31;4;10;0;0;1;0;2;1;2;1;0;0;0;0;0;1;0;0;0;0;0;0;0;93;43;5;10;2;2;194;0;0;1;0;0;0;1;0;0;0;0;1;0;0;0;3;1;20;4;0;0;0;0;1;1;1;0;0;1
9;"Zespół Szkół Specjalnych, ul. Armii Krajowej 2, 41-943 Piekary Śląskie";247101;"m. Piekary Śląskie";"Piekary Śląskie";"śląskie";1;1;4;0;0;0;2;0;0;0;0;1;1;1;0;0;1;0;1;0;1;2;30;4;10;1;3;3;2;3;0;0;3;0;0;2;1;3;0;0;0;1;1;2;15;3;7;2;0;0;0;1;0;2;2;3;0;0;0;0;3;2;1;0;0;0;0;1;229;29;6;30;67;2;0;1;2;12;2;0;1;0;1;0;0;1;0;0;0;0;0;0;16;6;0;2;1;0;2;0;0;2;2;1;0;0;0;0;0;0;2;1;0;0;0;0;99;20;0;6;3;3;171;0;1;1;0;0;0;0;1;0;0;0;0;1;0;0;0;0;5;0;0;0;0;0;0;0;0;0;0;0
10;"Zespół Szkół Specjalnych, ul. Armii Krajowej 2, 41-943 Piekary Śląskie";247101;"m. Piekary Śląskie";"Piekary Śląskie";"śląskie";1;1;5;1;2;1;1;0;1;0;0;0;2;0;0;0;1;0;1;0;0;2;38;2;11;1;3;1;2;1;1;0;0;1;3;0;0;3;0;1;0;0;1;3;15;3;4;1;4;2;1;1;4;9;1;3;0;1;1;0;1;0;0;0;1;0;0;1;207;15;3;38;87;5;1;1;1;6;1;0;0;0;0;2;0;0;1;0;0;0;1;0;30;3;7;0;1;3;0;0;0;2;1;0;0;0;1;0;1;0;1;1;0;0;1;2;79;26;3;1;0;3;155;1;2;1;0;1;2;1;1;0;0;1;0;0;1;0;0;3;7;1;0;2;0;0;0;0;0;0;1;1
11;"Miejska Szkoła Podstawowa Nr 2, ul. Ks. Jerzego Popiełuszki 8, 41-940 Piekary Śląskie";247101;"m. Piekary Śląskie";"Piekary Śląskie";"śląskie";1;1;4;2;3;0;3;1;0;0;0;0;0;0;1;1;0;0;2;0;1;1;68;5;12;2;8;4;0;0;0;0;2;0;2;3;0;1;0;4;0;0;3;2;20;4;8;1;4;0;0;0;0;5;1;1;1;1;2;0;1;0;1;0;2;0;1;2;256;16;3;48;130;4;1;0;0;10;1;0;0;4;0;0;2;1;0;0;0;2;0;1;29;4;5;1;1;0;0;0;0;1;2;0;0;0;1;1;0;1;0;1;0;0;1;1;155;28;2;2;0;3;252;4;3;1;2;2;2;2;0;0;0;0;0;0;0;0;1;1;5;2;0;1;1;2;1;1;1;0;0;2
12;"Miejska Szkoła Podstawowa Nr 2, ul. Ks. Jerzego Popiełuszki 8, 41-940 Piekary Śląskie";247101;"m. Piekary Śląskie";"Piekary Śląskie";"śląskie";1;1;7;2;1;0;3;0;0;0;0;0;0;0;0;1;0;0;0;1;0;1;57;4;24;0;6;10;2;0;4;0;0;1;1;0;1;1;0;1;0;2;3;1;26;5;12;2;4;1;2;0;2;3;1;1;2;0;0;0;5;0;1;0;1;1;0;2;246;28;5;38;98;3;1;2;0;5;1;1;0;2;0;0;0;0;0;0;0;0;1;1;41;4;5;0;0;1;1;1;1;1;1;1;0;0;0;1;0;0;1;0;1;0;0;0;134;45;1;0;2;4;277;2;3;1;0;0;0;2;0;0;0;1;2;0;2;0;0;2;12;3;1;0;2;0;0;0;0;0;1;1
13;"Katolicka Szkoła Podstawowa im. św. Joanny Beretty Molli, ul. Bytomska 207, 41-940 Piekary Śląskie";247101;"m. Piekary Śląskie";"Piekary Śląskie";"śląskie";1;1;6;0;3;0;1;1;0;2;0;0;2;1;0;0;1;0;0;0;3;2;100;7;35;2;5;5;7;2;0;1;4;1;1;3;1;1;0;7;0;0;5;2;31;4;14;7;6;1;0;0;1;4;0;0;0;0;2;0;5;0;5;0;4;0;2;0;207;24;3;33;142;3;0;0;0;6;0;7;0;3;1;0;0;1;2;1;1;2;1;1;54;15;6;3;1;1;2;1;0;1;1;1;2;0;1;1;0;0;1;1;0;0;0;1;191;68;11;2;2;3;390;3;1;0;1;0;6;4;2;0;0;0;1;0;0;0;4;4;14;2;0;1;1;0;1;2;0;2;1;0
14;"Miejska Szkoła Podstawowa Nr 5 im. Wawrzyńca Hajdy, ul. Fryderyka Chopina 11, 41-940 Piekary Śląskie";247101;"m. Piekary Śląskie";"Piekary Śląskie";"śląskie";1;1;8;0;1;1;1;1;0;0;0;0;1;0;2;0;2;0;0;0;1;2;76;5;30;5;6;4;7;2;1;1;2;0;0;5;0;0;1;0;0;0;4;1;28;1;20;1;3;3;2;1;1;4;0;0;1;0;2;0;1;0;3;0;0;1;2;1;216;17;2;64;171;5;0;1;0;5;3;0;0;1;1;2;0;0;0;1;1;0;0;1;39;9;3;0;2;1;1;1;1;1;1;1;1;1;0;0;1;2;2;0;0;0;2;1;184;82;10;8;2;10;344;4;3;0;0;1;2;0;0;0;0;0;1;1;0;1;2;4;13;5;1;1;0;1;0;0;0;0;0;1
15;"Zespół Szkół Techniczno-Zawodowych, ul. Bytomska 81a, 41-940 Piekary Śląskie";247101;"m. Piekary Śląskie";"Piekary Śląskie";"śląskie";1;1;5;1;3;3;1;0;0;0;0;0;1;1;0;1;1;0;1;3;2;3;67;9;12;1;7;4;0;1;0;0;0;1;1;3;1;4;0;4;0;1;1;4;25;5;14;0;4;3;3;2;2;5;0;1;1;0;1;0;4;2;0;0;3;1;0;0;217;15;1;25;99;3;0;1;0;7;2;0;1;1;1;0;0;0;2;0;0;0;0;2;42;3;7;6;0;1;2;0;0;0;0;0;0;0;1;1;1;1;2;0;0;2;2;3;152;56;6;11;0;0;255;3;0;2;2;2;3;2;0;1;0;1;0;0;1;0;1;1;13;1;2;0;0;2;1;1;2;2;0;2
16;"Akademicki Zespół Szkół, ul. Gimnazjalna 24, 41-940 Piekary Śląskie";247101;"m. Piekary Śląskie";"Piekary Śląskie";"śląskie";1;1;3;0;0;0;0;2;1;0;3;1;0;0;0;0;0;0;1;1;0;1;51;2;11;2;5;5;4;2;1;3;1;1;2;0;0;1;0;1;2;0;1;1;19;4;10;1;1;1;1;0;1;5;2;3;0;0;1;0;2;0;1;0;2;2;0;2;158;11;0;29;118;1;0;0;0;4;0;0;0;1;0;1;0;0;0;0;0;0;0;1;30;7;7;0;2;0;0;1;2;2;0;3;2;0;0;2;0;0;0;1;0;0;0;1;93;31;3;10;1;7;246;0;1;8;0;0;0;1;0;0;0;2;0;0;2;0;0;0;4;0;0;2;1;0;0;0;1;0;1;0
17;"Miejska Szkoła Podstawowa Nr 1, ul. Szpitalna 9, 41-940 Piekary Śląskie";247101;"m. Piekary Śląskie";"Piekary Śląskie";"śląskie";1;1;3;0;0;0;0;0;0;0;0;0;1;0;1;0;0;0;1;0;0;0;21;2;10;2;3;6;1;0;0;0;0;0;1;0;0;0;0;0;1;0;1;4;9;1;4;0;3;1;1;0;2;5;0;1;1;0;0;0;0;0;0;0;0;3;2;0;105;16;1;10;49;0;1;0;1;9;0;0;0;0;1;0;0;0;0;0;0;0;0;0;27;4;2;0;0;2;0;0;0;2;0;0;0;0;1;1;0;0;1;0;0;0;0;0;63;10;1;1;0;2;95;2;0;1;1;1;2;1;0;0;1;0;0;1;0;0;1;0;4;1;0;0;1;0;0;1;0;0;1;0
18;"Miejska Szkoła Podstawowa Nr 1, ul. Szpitalna 9, 41-940 Piekary Śląskie";247101;"m. Piekary Śląskie";"Piekary Śląskie";"śląskie";1;1;4;2;0;2;1;0;0;0;0;0;0;0;0;0;0;0;0;2;2;4;26;4;16;3;3;0;2;0;0;0;2;1;0;1;0;0;1;0;0;1;0;3;19;0;9;1;4;0;0;0;0;7;1;0;0;0;0;1;1;0;1;0;0;2;0;0;155;13;0;22;54;2;1;0;0;3;1;0;0;1;0;1;0;0;1;1;2;0;1;3;28;7;6;0;3;2;0;2;2;2;0;1;0;0;0;0;0;0;1;0;1;0;0;3;72;28;2;4;3;1;215;1;2;0;0;1;1;3;0;1;1;0;1;0;0;0;0;1;7;3;1;1;0;0;1;1;0;0;0;0
19;"Miejska Szkoła Podstawowa Nr 12 im. Jana Demarczyka, ul. Związkowa 14, 41-949 Piekary Śląskie";247101;"m. Piekary Śląskie";"Piekary Śląskie";"śląskie";1;1;6;0;1;0;1;1;0;0;0;1;1;0;0;0;0;0;1;0;0;0;60;1;6;0;1;3;1;4;2;5;0;2;2;1;0;0;0;7;0;0;1;3;18;2;8;2;3;1;0;1;1;2;0;0;0;0;0;0;0;1;1;0;0;1;2;1;168;17;3;30;94;2;0;0;0;27;1;0;0;1;0;0;2;1;1;0;0;1;0;0;33;9;9;1;1;0;1;0;0;1;2;0;0;0;0;0;0;0;2;0;0;1;0;1;107;30;2;4;1;2;255;0;0;1;0;0;0;0;0;0;1;1;0;1;1;0;0;5;5;10;2;0;1;0;0;2;1;0;0;2
20;"Ośrodek Kultury ""Andaluzja"", ul. Oświęcimska 45, 41-949 Piekary Śląskie";247101;"m. Piekary Śląskie";"Piekary Śląskie";"śląskie";1;1;3;0;1;3;1;0;0;2;0;0;0;0;0;0;0;0;0;0;0;0;26;0;7;1;5;3;0;1;0;1;1;0;0;1;0;0;1;0;0;0;0;4;22;2;7;0;4;2;0;1;1;3;1;3;0;0;1;0;3;0;4;0;0;0;1;0;202;6;1;26;134;1;3;0;0;20;0;1;0;1;0;0;0;0;2;0;1;0;2;1;32;6;6;1;1;1;0;2;0;3;0;0;1;0;2;0;0;3;0;0;0;0;0;2;77;25;0;1;0;2;211;0;0;1;0;0;0;0;0;1;0;0;0;0;0;0;4;2;6;1;1;1;4;1;3;0;0;1;0;1
21;"Zespół Szkół Nr 1, ul. Marii Curie-Skłodowskiej 49, 41-949 Piekary Śląskie";247101;"m. Piekary Śląskie";"Piekary Śląskie";"śląskie";1;1;3;0;1;0;0;0;0;0;1;0;0;0;1;0;0;0;0;0;2;3;35;1;13;3;3;2;2;0;1;1;1;0;0;1;0;2;0;0;0;0;1;3;11;2;2;0;1;0;1;0;1;4;0;1;0;0;0;0;0;0;1;0;2;1;0;3;183;13;0;35;88;0;0;1;1;20;3;0;0;1;1;0;0;0;0;0;0;0;1;0;26;3;2;2;1;0;1;3;0;0;0;0;0;0;0;1;0;0;0;0;0;0;1;0;56;21;0;3;0;1;233;1;1;1;0;0;0;0;0;0;1;0;0;0;0;0;0;4;12;4;0;0;0;2;2;0;0;1;0;0
22;"Zespół Szkół Nr 1, ul. Marii Curie-Skłodowskiej 49, 41-949 Piekary Śląskie";247101;"m. Piekary Śląskie";"Piekary Śląskie";"śląskie";1;1;6;0;0;1;0;1;1;0;0;0;0;1;0;0;0;0;2;0;0;2;26;1;8;2;3;1;1;0;1;1;0;2;0;3;0;0;0;1;0;0;1;2;19;1;12;2;2;1;0;1;0;5;0;3;0;0;0;0;3;0;0;0;2;0;0;0;166;9;2;30;68;0;2;0;0;23;1;0;0;0;1;0;0;1;0;0;0;0;1;1;16;8;0;0;4;1;0;1;1;0;2;0;1;0;0;0;0;0;1;0;0;0;1;1;59;14;1;3;3;1;233;0;2;0;1;0;1;0;1;0;0;0;0;0;1;0;0;3;11;2;1;0;0;0;1;1;0;0;0;1
23;"Miejska Szkoła Podstawowa Nr 13 im. Powstańców Śląskich, ul. Marii Curie-Skłodowskiej 108, 41-949 Piekary Śląskie";247101;"m. Piekary Śląskie";"Piekary Śląskie";"śląskie";1;1;5;1;1;0;0;1;0;0;0;0;0;0;0;0;0;0;0;1;0;0;33;3;8;0;6;5;1;1;0;2;1;2;0;2;0;1;0;3;0;0;1;1;28;2;12;0;4;1;5;0;0;8;0;0;1;0;1;0;0;0;1;0;0;0;3;0;217;15;2;23;109;0;0;2;1;25;1;1;0;0;0;0;0;1;0;0;0;0;0;1;29;9;7;2;1;3;1;0;0;0;0;1;1;0;0;0;1;0;0;0;0;0;0;0;66;27;3;4;1;3;281;2;0;1;0;1;3;0;1;0;0;0;0;0;0;0;0;1;3;3;1;1;1;0;2;2;0;1;0;0
24;"Miejska Szkoła Podstawowa Nr 13 im. Powstańców Śląskich, ul. Marii Curie-Skłodowskiej 108, 41-949 Piekary Śląskie";247101;"m. Piekary Śląskie";"Piekary Śląskie";"śląskie";1;1;7;0;1;0;1;0;2;0;0;0;1;0;1;0;0;0;0;0;0;1;36;2;19;1;1;6;2;3;0;2;0;3;0;3;0;4;0;4;0;0;4;4;17;2;9;0;2;0;1;1;2;5;1;0;1;0;2;0;3;0;0;0;1;3;1;1;206;17;0;36;81;1;0;1;1;28;0;1;0;1;2;0;0;0;0;0;2;0;0;1;19;5;6;2;1;0;2;2;0;1;2;0;1;1;0;0;0;0;0;0;1;0;0;0;113;16;1;2;3;2;329;0;0;7;0;0;0;2;0;1;0;0;0;0;0;0;0;1;8;4;2;0;0;0;1;0;0;0;2;0
25;"Zespół Szkolno-Przedszkolny Nr 3 w Piekarach Śląskich, ul. Biskupa Herberta Bednorza 29/31, 41-946 Piekary Śląskie";247101;"m. Piekary Śląskie";"Piekary Śląskie";"śląskie";1;1;5;1;0;2;0;2;1;0;0;0;0;1;1;0;0;0;2;0;0;0;26;2;18;1;0;5;2;3;0;0;0;2;2;2;0;0;0;2;0;1;2;6;19;1;7;6;1;2;0;0;2;3;1;1;0;0;0;0;1;0;0;0;1;1;1;0;220;30;3;22;129;3;2;0;0;15;1;1;0;0;0;0;0;0;1;0;0;0;0;0;31;4;6;0;2;0;3;1;2;2;0;0;1;1;0;1;2;0;0;0;1;0;1;1;84;32;5;4;0;2;187;2;2;0;0;0;1;1;1;1;1;0;2;1;0;0;2;0;13;3;1;5;2;1;1;0;0;0;2;0
26;"Miejska Szkoła Podstawowa Nr 15 im. Powstańców Śląskich, ul. Franciszka Kotuchy 40, 41-946 Piekary Śląskie";247101;"m. Piekary Śląskie";"Piekary Śląskie";"śląskie";1;1;8;0;0;1;1;0;1;0;1;1;1;1;0;0;0;0;2;2;1;1;22;4;12;2;1;2;3;3;1;2;0;2;1;6;0;1;0;2;0;0;3;4;14;0;9;2;4;0;1;0;1;11;0;1;0;2;4;0;3;0;1;0;2;0;1;0;222;9;4;35;53;2;1;1;0;14;3;0;0;1;0;1;0;2;1;0;0;0;0;1;38;10;1;3;3;0;2;2;0;0;2;0;1;1;0;0;1;1;0;0;0;0;1;0;83;15;2;1;1;5;218;1;0;1;0;1;0;0;1;0;2;1;0;1;0;0;0;1;6;2;2;1;2;1;0;1;2;1;0;0
27;"Zespół Szkolno-Przedszkolny Nr 2, ul. Rycerska 15a, 41-948 Piekary Śląskie";247101;"m. Piekary Śląskie";"Piekary Śląskie";"śląskie";1;1;3;1;0;0;0;2;1;0;2;0;1;1;1;0;0;0;0;0;0;2;48;3;16;4;2;7;0;0;0;2;0;0;0;2;0;0;0;1;0;0;0;2;24;2;5;2;2;0;0;1;1;2;2;0;1;0;0;0;1;0;0;0;1;0;1;0;188;101;4;18;84;4;1;0;1;7;1;0;0;1;0;0;0;1;0;1;0;0;1;4;58;6;6;4;2;0;2;0;2;1;1;0;0;0;0;1;0;1;0;0;2;0;0;0;127;35;1;1;2;1;151;2;0;4;1;0;0;0;0;0;0;0;0;0;0;0;2;1;20;4;2;3;1;0;3;1;0;0;0;1
28;"Zespół Szkolno-Przedszkolny Nr 2, ul. Rycerska 15a, 41-948 Piekary Śląskie";247101;"m. Piekary Śląskie";"Piekary Śląskie";"śląskie";1;1;6;1;3;0;1;2;0;2;0;0;0;1;0;0;0;1;0;0;1;0;44;6;23;5;6;14;2;2;0;4;4;1;2;5;2;1;1;4;5;0;2;2;26;3;12;3;0;11;1;1;1;3;1;1;2;0;1;1;1;0;3;0;0;0;2;0;246;115;5;16;87;7;3;0;0;13;0;0;1;0;0;0;0;0;1;0;0;0;0;1;61;10;4;4;3;0;2;0;0;0;3;4;1;0;0;0;0;0;1;0;2;0;0;2;157;58;4;1;2;4;209;0;0;4;0;0;0;0;1;0;0;0;1;0;0;0;1;2;32;5;0;1;0;0;2;0;0;0;0;3
29;"Zakład Opiekuńczo-Leczniczy, ul. ks. Jana Ficka 1, 41-940 Piekary Śląskie";247101;"m. Piekary Śląskie";"Piekary Śląskie";"śląskie";1;1;0;0;0;0;0;0;0;0;0;0;0;0;0;0;0;0;0;0;0;0;0;0;0;0;0;0;0;0;0;0;0;0;0;0;0;0;0;0;0;0;0;0;0;0;0;0;0;0;0;0;0;0;0;0;0;0;0;0;0;0;0;0;0;0;0;0;11;1;1;0;5;0;0;0;0;1;0;1;0;0;0;0;0;0;1;0;0;0;0;0;0;0;0;0;0;0;0;0;0;0;0;0;0;0;0;0;0;0;0;0;0;0;0;0;1;0;0;0;0;0;0;0;0;0;0;0;0;0;0;0;0;0;0;0;0;0;0;0;0;0;0;0;0;0;0;0;0;0;0;0
30;"Dom Pomocy Społecznej, ul. Teodora Trautmana 4, 41-946 Piekary Śląskie";247101;"m. Piekary Śląskie";"Piekary Śląskie";"śląskie";1;1;1;0;0;1;0;0;0;0;0;0;0;0;0;0;0;0;0;0;0;0;1;0;0;0;0;2;2;0;0;0;0;0;0;0;0;0;0;0;0;0;0;0;0;1;0;0;0;0;0;0;1;0;0;0;0;0;0;0;0;0;0;0;1;0;0;0;15;2;0;0;2;1;0;0;0;0;0;0;0;0;0;0;0;0;0;0;0;0;0;0;1;0;0;0;0;0;0;0;0;0;0;0;0;0;0;0;0;0;0;0;0;0;0;0;0;0;0;0;0;1;0;0;0;0;0;0;0;1;0;1;0;0;0;0;0;0;1;0;0;0;0;0;0;0;0;0;0;0;0;0
31;"Samodzielny Publiczny Wojewódzki Szpital Chirurgii Urazowej im. Dra J. Daaba, ul. Bytomska 62, 41-940 Piekary Śląskie";247101;"m. Piekary Śląskie";"Piekary Śląskie";"śląskie";1;1;3;1;0;0;0;0;1;0;0;0;0;0;0;0;0;0;0;0;0;0;4;0;3;2;0;0;0;0;0;1;0;0;0;1;0;0;0;0;0;0;0;0;3;0;0;0;0;0;0;0;0;1;0;0;0;1;0;0;0;0;0;0;0;0;0;0;19;1;0;2;3;1;0;0;0;0;0;0;0;0;0;0;0;0;0;0;0;0;0;0;1;0;0;0;0;0;0;0;0;0;0;0;0;0;0;0;0;0;0;0;0;0;0;0;19;3;0;0;0;0;1;0;0;0;0;1;0;0;0;0;0;0;0;0;0;0;1;0;2;0;0;0;0;0;0;0;0;0;0;0
32;"Szpital Miejski pw. Św. Łukasza, ul. Szpitalna 11, 41-940 Piekary Śląskie";247101;"m. Piekary Śląskie";"Piekary Śląskie";"śląskie";1;1;0;0;0;0;0;0;0;0;0;0;0;0;0;0;0;0;0;0;0;0;2;0;1;0;1;0;0;0;0;0;0;0;0;0;0;0;0;0;0;0;0;0;0;0;0;0;1;0;0;0;0;0;0;0;0;0;0;0;0;0;0;0;0;0;0;0;15;0;1;4;5;0;0;0;0;0;0;1;0;0;0;0;0;0;0;0;0;0;1;0;2;1;0;0;0;0;0;0;0;0;0;0;0;0;0;0;0;0;0;0;0;0;0;0;6;0;0;1;0;0;6;1;0;0;0;0;0;0;0;0;0;0;0;0;0;0;0;0;0;0;0;0;0;0;0;0;0;0;0;0
1;"Szkoła Podstawowa nr 28, ul. Ryszarda Sprusa 4, 41-700 Ruda Śląska";247201;"m. Ruda Śląska";"Ruda Śląska";"śląskie";1;1;6;4;1;0;1;2;0;0;0;1;0;0;4;0;0;0;0;0;2;2;20;2;45;1;3;2;0;4;5;0;1;0;0;0;0;0;0;1;2;0;2;0;15;0;1;2;5;1;2;9;2;1;1;0;2;0;0;0;2;0;1;0;0;2;3;0;90;4;136;42;6;2;0;1;0;0;0;0;0;0;0;0;0;0;0;0;1;0;0;0;30;6;3;1;2;0;1;1;2;0;0;3;0;2;3;0;0;1;1;0;0;1;1;4;105;24;2;35;2;22;5;1;1;0;1;0;0;3;0;0;0;0;0;0;0;0;3;1;10;1;1;4;1;0;1;1;0;0;1;0
2;"Szkoła Podstawowa nr 28, ul. Ryszarda Sprusa 4, 41-700 Ruda Śląska";247201;"m. Ruda Śląska";"Ruda Śląska";"śląskie";1;1;3;0;0;0;0;0;0;0;0;1;0;1;0;0;0;0;0;0;1;1;13;2;45;0;0;2;0;2;3;0;0;0;1;1;0;2;0;1;0;1;0;0;12;3;3;0;1;1;0;2;1;1;0;1;1;0;0;0;3;0;0;0;3;0;2;2;80;0;88;26;2;0;0;0;0;1;0;0;0;0;0;0;0;0;0;0;0;0;0;0;26;3;4;4;0;1;2;1;0;0;1;1;0;1;0;1;0;1;0;1;0;1;0;1;51;26;2;18;0;6;0;1;0;1;0;1;1;0;0;1;0;0;1;0;0;0;1;0;6;0;0;1;0;0;0;1;0;0;1;0
3;"Szkoła Podstawowa Nr 41, ul. Jana Gierałtowskiego 15, 41-700 Ruda Śląska";247201;"m. Ruda Śląska";"Ruda Śląska";"śląskie";1;1;3;0;0;2;2;1;4;0;0;0;0;0;1;1;1;0;1;1;0;0;37;1;116;3;5;5;1;4;6;0;4;0;0;1;1;2;0;0;0;0;1;3;29;2;8;2;3;2;1;9;1;1;1;2;1;1;0;1;2;0;0;1;1;1;3;0;114;6;159;43;1;3;0;2;1;0;0;0;0;0;0;1;0;1;0;1;3;2;0;0;40;7;8;2;0;0;0;1;3;3;1;3;0;1;1;0;1;1;2;1;0;2;0;6;165;54;2;71;2;17;0;1;2;0;4;3;2;3;2;0;0;0;0;2;2;0;5;2;7;0;1;1;0;1;0;0;0;0;4;0
4;"Szkoła Podstawowa Nr 41, ul. Jana Gierałtowskiego 15, 41-700 Ruda Śląska";247201;"m. Ruda Śląska";"Ruda Śląska";"śląskie";1;1;3;1;0;3;1;1;1;0;0;0;1;1;0;2;2;0;0;2;0;1;26;2;69;1;1;3;1;6;3;0;0;0;0;2;0;1;0;4;0;0;1;2;21;3;9;1;2;1;1;1;4;1;1;0;1;0;0;0;1;0;1;1;0;0;0;0;74;9;87;40;0;6;0;0;0;0;0;0;0;0;0;2;1;0;0;0;0;0;0;2;30;8;6;1;2;2;3;1;0;0;2;2;0;2;1;0;0;0;1;0;0;1;0;0;99;35;1;49;1;11;0;1;0;3;0;2;2;0;0;0;0;0;0;0;0;0;1;2;3;3;0;0;0;0;3;1;0;0;2;0
5;"I Liceum Ogólnokształcące im. Adama Mickiewicza, ul. Adama Mickiewicza 15, 41-700 Ruda Śląska";247201;"m. Ruda Śląska";"Ruda Śląska";"śląskie";1;1;3;2;0;1;1;1;1;1;0;0;0;0;0;0;1;0;0;0;1;2;28;5;48;1;0;1;0;1;5;0;1;0;0;1;0;3;0;0;1;0;1;1;28;4;8;0;3;0;0;3;2;2;1;1;1;0;1;1;0;0;0;0;1;1;0;1;114;1;62;37;1;1;0;0;0;0;1;0;1;1;0;0;0;0;0;0;0;0;0;0;24;12;0;0;0;0;0;2;0;0;1;1;0;0;0;0;0;0;0;0;1;1;2;0;109;34;1;28;0;4;0;3;5;0;0;0;1;4;0;1;0;0;0;0;0;0;3;5;2;2;1;1;0;0;1;0;1;0;2;1
6;"I Liceum Ogólnokształcące im. Adama Mickiewicza, ul. Adama Mickiewicza 15, 41-700 Ruda Śląska";247201;"m. Ruda Śląska";"Ruda Śląska";"śląskie";1;1;3;0;1;0;0;0;0;0;0;2;0;0;0;0;1;0;0;0;1;1;7;2;58;3;3;5;0;0;1;0;1;0;1;0;0;0;1;0;0;0;1;1;9;1;4;0;1;0;0;2;2;0;2;0;0;0;2;0;0;0;1;0;2;0;0;0;103;6;79;32;3;7;0;1;0;0;0;0;0;0;0;0;0;0;1;0;0;0;0;0;24;2;1;1;0;3;2;0;0;0;0;0;0;0;1;0;0;0;1;0;0;0;0;1;102;26;1;26;1;3;0;1;0;0;0;0;2;6;1;0;0;0;1;0;0;0;0;0;9;2;0;0;0;0;0;0;0;0;0;0
7;"Młodzieżowy Dom Kultury, ul. Wincentego Janasa 28, 41-700 Ruda Śląska";247201;"m. Ruda Śląska";"Ruda Śląska";"śląskie";1;1;9;3;3;2;0;1;1;0;1;0;0;2;1;2;2;0;0;1;5;0;24;0;81;1;4;2;2;5;3;0;3;0;0;1;0;1;1;0;0;0;2;1;32;4;9;1;3;0;2;4;1;0;0;3;1;1;1;1;4;0;1;0;1;5;2;0;95;2;104;57;2;7;0;0;0;0;0;0;0;1;1;1;0;0;0;1;1;0;1;0;34;4;4;0;2;3;1;1;1;2;1;1;0;3;0;2;0;0;0;0;0;0;2;3;110;52;5;48;0;7;2;0;0;1;1;1;2;2;1;0;0;0;0;0;1;0;3;3;5;1;1;1;1;0;1;0;2;0;0;0
8;"Szkoła Podstawowa Nr 3, ul. Cypriana Norwida 10, 41-700 Ruda Śląska";247201;"m. Ruda Śląska";"Ruda Śląska";"śląskie";1;1;6;0;0;1;0;0;0;0;0;0;0;0;0;0;0;2;0;0;0;0;13;0;27;0;2;2;0;0;0;0;0;1;0;0;0;0;0;2;0;0;2;0;16;2;1;0;1;1;1;2;1;0;0;1;0;0;0;0;0;0;0;0;0;0;0;0;77;2;46;20;0;0;0;0;0;0;0;0;0;2;0;0;1;0;0;0;0;0;0;0;14;3;2;0;1;0;1;0;0;0;0;0;0;0;0;0;0;0;1;0;0;0;0;0;93;18;4;22;2;6;0;0;1;0;0;0;1;2;0;0;0;0;0;0;0;0;2;1;5;4;0;0;0;0;2;2;1;0;0;0
9;"Szkoła Podstawowa Nr 3, ul. Cypriana Norwida 10, 41-700 Ruda Śląska";247201;"m. Ruda Śląska";"Ruda Śląska";"śląskie";1;1;11;2;4;0;0;3;1;0;0;0;1;0;0;0;0;0;0;0;0;0;30;3;91;1;1;4;0;1;6;0;3;0;0;3;0;2;0;0;0;1;1;1;31;7;18;2;5;4;1;6;1;1;3;2;1;0;1;0;3;0;5;0;1;2;3;1;150;4;111;44;1;3;0;0;0;0;0;0;0;1;1;0;0;1;1;0;1;0;0;3;36;8;3;3;0;0;2;2;0;0;1;1;0;0;0;1;1;0;1;0;0;0;0;6;213;80;5;52;3;9;0;2;1;1;0;1;2;3;0;2;0;1;0;2;0;1;2;7;4;3;1;5;0;1;0;0;0;0;0;0
10;"Dyrekcja Rudzkiej Spółdzielni Mieszkaniowej, ul. Magazynowa 12, 41-700 Ruda Śląska";247201;"m. Ruda Śląska";"Ruda Śląska";"śląskie";1;1;3;2;0;0;0;0;0;0;0;0;0;0;0;0;0;0;0;0;0;0;10;4;29;0;0;0;0;0;1;0;0;0;0;1;0;0;0;2;0;0;0;0;14;1;2;1;1;0;1;2;1;0;1;0;1;1;0;0;1;1;0;0;0;0;2;0;81;6;57;20;0;5;0;0;0;0;1;0;1;1;1;0;0;1;0;0;0;0;0;0;12;3;1;1;1;0;0;0;0;0;0;1;1;0;0;1;0;0;0;0;0;0;0;1;95;45;2;25;0;4;0;0;0;1;0;0;1;3;0;0;0;0;0;0;0;0;0;1;3;0;2;3;1;0;0;0;0;2;0;1
11;"Niepubliczny Zakład Opieki Zdrowotnej Przychodnie Lekarskie s. c., ul. Wawelska 7, 41-700 Ruda Śląska";247201;"m. Ruda Śląska";"Ruda Śląska";"śląskie";1;1;1;0;0;0;2;0;0;0;0;1;0;0;1;1;1;0;0;1;1;1;32;4;87;2;1;2;1;5;1;0;0;0;0;2;0;0;0;3;2;0;6;4;37;6;13;1;3;0;0;8;2;2;0;2;0;0;1;0;4;1;0;0;2;0;5;0;222;10;162;57;4;4;0;0;0;0;1;0;1;3;0;1;0;0;0;0;0;0;0;1;43;8;2;3;2;1;1;2;0;2;0;1;3;1;0;0;0;1;2;0;0;0;1;2;206;74;2;46;0;14;2;6;1;0;0;2;0;3;0;0;0;0;0;0;0;0;6;2;5;1;0;3;2;1;2;1;0;0;0;1
12;"Zespół Miejskich Przedszkoli nr 1, ul. Astrów 5, 41-700 Ruda Śląska";247201;"m. Ruda Śląska";"Ruda Śląska";"śląskie";1;1;4;1;1;3;2;1;1;0;1;1;0;0;0;0;2;0;0;0;3;1;41;5;107;2;2;5;3;2;11;0;0;0;0;2;0;1;1;0;0;0;5;2;42;1;23;1;1;4;1;13;3;0;0;2;1;0;2;1;1;0;2;0;2;1;5;0;195;10;142;40;4;6;0;1;1;2;1;0;0;3;1;0;0;2;0;0;1;0;2;1;53;11;7;1;6;1;1;2;1;6;2;1;4;1;1;0;1;2;0;0;0;1;0;0;232;94;7;57;3;13;0;4;5;2;2;0;0;4;2;0;0;1;0;0;0;1;4;5;12;4;1;4;3;0;6;0;1;0;0;1
13;"Szkoła Podstawowa Nr 30, ul. Chryzantem 10, 41-700 Ruda Śląska";247201;"m. Ruda Śląska";"Ruda Śląska";"śląskie";1;1;4;0;0;0;0;2;0;0;0;0;0;0;0;0;0;0;0;0;1;3;31;1;45;1;2;1;1;3;5;0;1;0;0;2;0;0;1;0;0;1;2;4;31;0;6;0;2;4;3;4;0;0;1;1;0;0;0;0;2;0;1;0;4;0;3;0;116;5;84;28;2;4;2;1;0;0;0;0;0;2;1;0;0;1;1;0;0;0;0;1;35;2;3;0;1;2;3;1;1;2;1;1;0;4;0;0;0;0;0;0;0;1;0;1;129;63;4;41;0;6;0;1;1;1;1;3;1;1;0;0;1;4;2;0;0;1;2;2;8;0;0;2;1;0;1;2;0;0;1;0
14;"Szkoła Podstawowa Nr 30, ul. Chryzantem 10, 41-700 Ruda Śląska";247201;"m. Ruda Śląska";"Ruda Śląska";"śląskie";1;1;5;3;1;1;2;2;0;0;0;1;0;1;3;0;2;0;0;0;0;1;20;4;67;2;2;1;4;5;1;0;1;1;0;6;1;0;0;0;0;1;1;3;23;2;8;1;3;0;1;5;2;0;0;0;2;0;1;0;0;1;3;1;0;0;0;0;138;5;94;31;2;1;0;0;1;0;1;0;0;3;0;0;0;1;0;1;0;0;0;2;26;5;3;1;3;1;0;0;0;0;1;1;0;2;0;0;1;1;0;0;0;0;0;1;141;41;2;30;4;4;0;4;0;0;2;5;0;2;1;0;0;0;1;2;0;1;2;1;9;2;0;5;0;0;1;0;1;0;0;0
15;"Miejska Biblioteka Publiczna – „Centrum Inicjatyw Społecznych-Stary Orzegów”, ul. Kardynała Augusta Hlonda 29, 41-712 Ruda Śląska";247201;"m. Ruda Śląska";"Ruda Śląska";"śląskie";1;1;5;1;1;0;1;0;1;0;1;0;1;1;0;0;1;0;0;0;1;0;21;2;78;3;0;4;1;7;9;1;2;0;0;0;0;2;0;1;0;0;2;5;33;2;9;0;4;1;1;4;4;0;0;4;0;1;3;0;1;0;1;0;2;2;1;0;157;7;108;32;1;4;0;2;0;0;1;0;0;1;2;0;0;0;0;0;1;0;0;2;38;5;2;2;1;0;1;1;1;1;1;0;0;0;1;0;0;1;3;1;1;1;3;5;125;56;4;59;1;13;2;1;2;1;1;1;0;5;0;1;0;0;0;0;0;0;2;1;5;1;1;2;0;0;2;1;2;0;1;1
16;"Szkoła Podstawowa Nr 6, ul. Bytomska 8, 41-712 Ruda Śląska";247201;"m. Ruda Śląska";"Ruda Śląska";"śląskie";1;1;8;2;1;0;0;0;1;0;2;0;0;0;0;0;1;0;2;0;2;1;29;2;97;1;0;1;0;4;17;0;2;0;2;0;1;2;1;2;2;1;2;1;20;5;14;2;5;2;0;3;1;1;1;0;0;1;0;0;4;0;1;0;2;1;1;1;142;3;91;33;1;5;0;0;0;0;0;0;1;1;0;1;0;0;0;0;0;0;0;2;37;6;6;3;2;0;0;3;1;2;0;0;0;3;0;0;0;2;1;0;0;0;0;2;125;54;3;39;0;7;0;1;1;1;0;1;2;1;0;1;1;1;1;0;0;0;1;7;7;0;0;5;1;0;0;1;0;0;0;1
17;"Szkoła Podstawowa Nr 6, ul. Bytomska 8, 41-712 Ruda Śląska";247201;"m. Ruda Śląska";"Ruda Śląska";"śląskie";1;1;0;0;0;0;0;0;4;0;0;1;0;0;0;0;0;1;1;0;2;0;39;4;103;3;0;3;1;1;10;1;2;0;0;1;0;3;2;0;2;0;1;4;33;4;11;0;5;1;2;8;3;0;0;4;1;0;0;1;6;0;1;1;1;0;0;1;156;6;125;43;1;6;1;2;0;0;0;0;0;1;0;0;0;0;0;0;0;0;2;0;41;6;5;4;1;0;1;4;1;0;0;3;0;1;1;0;0;0;1;0;1;1;0;1;182;106;3;49;0;10;2;2;2;2;0;1;2;4;2;2;0;0;1;0;2;0;2;2;3;1;0;7;2;1;0;1;0;0;0;1
18;"Szkoła Podstawowa nr 40 (Budynek B), ul. Bytomska 1, 41-712 Ruda Śląska";247201;"m. Ruda Śląska";"Ruda Śląska";"śląskie";1;1;7;2;1;0;0;0;1;0;1;1;0;1;1;0;0;0;0;0;0;1;30;2;45;2;1;3;2;2;47;0;2;0;0;1;0;0;0;2;0;0;1;7;30;2;10;2;2;0;1;2;1;0;0;3;0;0;0;0;3;0;0;0;0;0;1;0;143;4;83;41;1;6;0;0;1;0;0;0;1;0;0;1;0;0;0;0;0;0;1;0;34;7;7;3;2;0;3;2;0;1;1;0;0;0;1;0;0;0;1;0;0;0;1;0;200;82;1;49;1;7;0;1;0;1;1;0;4;3;0;1;0;1;1;0;1;0;4;2;7;1;1;2;1;1;0;0;0;0;1;0
19;"Szkoła Podstawowa nr 40 (Budynek B), ul. Bytomska 1, 41-712 Ruda Śląska";247201;"m. Ruda Śląska";"Ruda Śląska";"śląskie";1;1;5;0;1;2;0;0;1;0;0;0;0;0;0;0;0;0;0;0;2;0;20;1;41;1;1;4;1;2;4;2;0;0;0;2;0;0;0;1;0;0;1;2;14;6;1;1;0;1;0;15;0;0;0;1;0;0;0;0;0;0;0;0;1;0;3;0;114;3;70;26;6;9;0;1;1;0;11;0;0;0;1;0;0;0;0;0;0;0;0;1;23;4;3;2;0;1;2;1;0;0;0;0;0;0;0;2;0;0;0;0;0;0;1;2;106;56;3;56;1;7;0;4;1;2;0;1;0;1;1;0;0;2;0;0;0;0;0;0;0;2;0;1;0;1;0;0;0;0;0;0
20;"Przychodnia Rejonowa Samodzielny Publiczny Zakład Opieki Zdrowotnej, ul. Wincentego Lipa 3, 41-712 Ruda Śląska";247201;"m. Ruda Śląska";"Ruda Śląska";"śląskie";1;1;6;1;3;1;2;2;0;0;1;2;0;0;0;0;1;0;0;0;3;1;17;0;78;2;0;1;1;3;21;0;0;1;0;2;0;1;0;1;0;0;1;2;31;4;11;2;4;2;3;9;3;0;2;0;0;0;0;2;2;0;1;2;0;0;0;1;151;4;111;40;1;9;0;1;0;0;0;1;0;2;0;1;0;0;1;0;0;0;0;0;39;6;9;2;0;5;1;2;1;2;0;1;2;0;0;1;1;2;2;0;0;0;1;1;167;55;10;52;0;9;0;3;1;1;0;3;1;1;0;2;0;0;1;0;0;0;3;3;8;0;0;0;0;0;0;0;0;1;0;1
21;"Osiedlowy Dom Kultury RSM ""Jowisz"", ul. Joanny 12, 41-712 Ruda Śląska";247201;"m. Ruda Śląska";"Ruda Śląska";"śląskie";1;1;6;0;0;1;2;1;1;0;0;0;1;0;1;1;3;0;0;0;1;2;28;2;106;0;4;4;2;0;19;1;0;0;2;1;0;0;0;1;0;0;1;0;24;4;15;2;6;0;2;6;2;2;1;2;0;0;0;0;2;0;2;0;1;2;4;1;176;5;113;47;2;10;0;0;0;0;0;1;0;1;0;0;0;0;1;0;0;0;1;1;33;3;4;2;1;0;4;2;0;1;1;0;0;0;0;2;1;0;1;0;0;0;1;0;170;63;31;36;3;13;0;3;2;2;2;0;2;2;0;2;0;1;0;1;0;0;1;2;10;1;0;2;0;1;0;0;0;0;0;0
22;"Szkoła Podstawowa Nr 40 (Budynek A), ul. Joanny 13, 41-712 Ruda Śląska";247201;"m. Ruda Śląska";"Ruda Śląska";"śląskie";1;1;4;0;0;0;1;3;1;0;1;0;1;1;0;0;0;0;0;0;1;2;15;5;100;4;5;1;1;3;10;0;0;0;0;0;0;0;0;1;0;1;3;1;31;4;8;1;2;1;0;9;2;2;0;0;0;0;2;1;1;0;3;1;4;0;0;2;269;6;110;43;2;7;0;0;0;0;0;0;0;1;0;0;0;0;1;0;0;0;1;1;47;9;4;1;2;0;0;0;1;1;2;3;2;1;0;1;0;0;0;0;0;0;0;4;158;72;5;79;4;9;0;0;0;2;2;2;2;4;0;0;0;0;3;0;0;0;1;1;3;3;1;4;3;0;0;0;1;0;0;3
23;"Szkoła Podstawowa Nr 40 (Budynek A), ul. Joanny 13, 41-712 Ruda Śląska";247201;"m. Ruda Śląska";"Ruda Śląska";"śląskie";1;1;8;2;2;0;1;0;1;0;1;1;0;0;1;0;0;0;0;2;0;0;31;3;63;1;6;2;2;0;17;0;0;1;2;2;0;0;0;1;0;0;1;4;24;4;12;1;3;0;1;2;1;2;1;0;0;0;2;0;6;1;2;0;2;0;3;1;156;7;113;32;2;6;1;0;0;0;0;0;0;0;0;0;1;0;1;0;1;0;0;0;45;5;2;1;1;2;6;1;1;2;0;3;0;0;0;0;0;1;1;0;1;0;2;3;168;60;5;39;2;6;0;0;0;0;0;0;1;2;0;1;0;0;3;0;1;1;1;2;11;1;0;1;1;0;1;0;1;0;0;0
24;"Szkoła Podstawowa Nr 40 (Budynek A), ul. Joanny 13, 41-712 Ruda Śląska";247201;"m. Ruda Śląska";"Ruda Śląska";"śląskie";1;1;8;0;1;0;1;0;1;0;0;1;0;2;0;0;0;0;0;2;2;1;27;0;67;1;2;3;0;4;7;1;0;0;0;0;0;0;1;1;0;0;2;2;29;2;8;1;2;0;1;10;1;1;0;0;0;0;0;0;1;2;0;0;1;1;4;0;113;7;102;33;2;2;0;0;0;0;0;0;0;1;0;1;1;1;0;0;2;0;0;2;28;6;6;0;1;1;1;3;1;0;0;1;1;3;2;0;0;2;2;0;0;0;0;1;131;52;3;57;1;7;2;0;0;2;1;0;0;1;0;2;1;1;0;1;0;0;4;2;5;0;1;3;0;1;0;0;0;0;0;1
25;"Zespół Szkolno-Przedszkolny nr 1, ul. Węglowa 8, 41-709 Ruda Śląska";247201;"m. Ruda Śląska";"Ruda Śląska";"śląskie";1;1;0;0;3;1;0;3;1;0;0;0;1;0;0;0;0;0;0;3;1;0;11;0;43;1;2;0;1;0;2;1;0;0;1;1;0;0;3;1;0;0;2;1;14;1;5;0;4;0;0;2;0;0;0;0;1;0;0;0;2;1;2;0;0;0;1;0;103;3;42;18;0;0;0;0;1;0;1;0;0;1;0;0;0;0;0;0;0;0;0;3;9;4;0;1;1;0;0;1;0;0;0;1;0;2;1;1;0;0;1;0;0;2;0;2;35;14;2;15;0;1;1;1;0;2;0;0;0;0;0;0;0;0;0;1;0;1;0;0;2;0;0;0;1;0;0;0;0;0;1;1
26;"Zespół Szkół Nr 1, ul. gen. Hallera 6, 41-709 Ruda Śląska";247201;"m. Ruda Śląska";"Ruda Śląska";"śląskie";1;1;6;0;2;2;0;1;1;0;0;1;1;0;0;1;1;0;0;0;0;0;25;0;104;1;3;2;1;0;2;0;0;0;1;1;0;1;1;0;0;0;0;1;21;5;7;0;0;1;1;3;0;0;0;0;1;1;1;0;2;1;0;0;1;1;3;1;136;3;140;40;5;3;0;1;1;0;0;0;0;0;0;0;0;0;0;0;2;0;0;2;27;5;3;1;1;0;0;1;2;1;0;1;1;0;0;0;0;1;1;0;0;0;1;1;119;29;2;50;0;9;1;0;2;1;0;3;2;1;0;0;0;1;1;0;1;0;3;2;3;3;1;2;0;0;2;0;1;0;0;0
27;"Urząd Miasta (budynek B), ul. Piotra Niedurnego 46, 41-709 Ruda Śląska";247201;"m. Ruda Śląska";"Ruda Śląska";"śląskie";1;1;5;0;1;0;0;0;0;1;0;0;0;2;0;1;1;0;0;0;1;0;18;0;80;0;0;1;0;3;2;1;1;0;0;0;1;0;0;1;0;0;2;2;23;4;7;1;2;0;0;5;1;1;0;2;1;0;1;0;2;0;0;0;3;1;3;1;126;2;106;36;3;1;0;0;0;0;0;0;0;1;0;1;0;0;0;0;0;0;0;0;21;8;8;4;1;0;3;0;2;0;0;0;1;0;0;0;0;1;0;0;0;0;0;3;89;47;6;27;0;8;1;1;1;3;0;0;0;0;1;1;0;1;2;0;4;0;0;0;2;1;1;3;0;0;0;0;0;0;1;1
28;"Zespół Szkół Muzycznych I i II Stopnia, ul. Piotra Niedurnego 36, 41-709 Ruda Śląska";247201;"m. Ruda Śląska";"Ruda Śląska";"śląskie";1;1;3;0;1;2;1;3;0;1;1;1;0;2;0;1;0;0;2;0;0;1;33;2;93;2;0;3;1;3;4;0;0;1;0;1;0;2;0;0;0;1;1;6;33;3;13;0;4;1;1;2;2;3;0;0;1;0;3;0;2;2;0;0;1;1;3;2;160;6;163;55;3;4;0;3;1;1;6;0;0;1;0;3;0;0;0;0;1;0;0;4;28;10;7;2;1;0;5;1;0;2;1;0;0;0;2;1;0;1;0;0;0;0;1;2;161;51;4;77;3;10;0;2;0;1;3;1;1;2;0;0;2;2;1;0;2;1;0;9;6;2;0;6;1;1;2;0;0;0;0;0
29;"Przychodnia Rejonowa Samodzielny Publiczny Zakład Opieki Zdrowotnej, ul. Pokoju 4, 41-709 Ruda Śląska";247201;"m. Ruda Śląska";"Ruda Śląska";"śląskie";1;1;7;3;1;1;0;3;0;0;1;0;1;2;1;2;0;0;0;0;3;0;16;4;109;1;2;1;1;2;6;1;0;2;1;0;0;4;1;5;0;1;2;3;22;2;3;2;1;2;0;2;1;4;1;0;0;1;0;0;3;0;0;0;2;1;0;0;167;0;161;41;8;2;2;0;1;0;0;0;1;0;1;1;1;0;1;0;0;0;0;0;43;11;2;2;4;2;4;2;0;0;2;1;1;3;0;1;0;0;0;0;1;0;1;3;143;29;1;65;2;5;1;4;0;1;0;0;1;2;1;2;1;0;0;2;0;0;4;5;5;3;0;5;1;0;2;1;0;0;0;1
30;"Szkoła Podstawowa nr 22, ul. Ratowników 15, 41-709 Ruda Śląska";247201;"m. Ruda Śląska";"Ruda Śląska";"śląskie";1;1;1;0;0;1;0;1;0;0;0;0;0;0;1;1;1;0;0;0;0;0;17;1;52;1;0;3;1;1;3;1;0;0;0;0;0;0;1;0;0;0;0;0;9;1;5;1;2;0;2;0;0;0;1;0;1;1;1;0;0;0;2;0;1;0;3;0;122;3;81;36;0;1;0;1;0;0;0;0;0;2;0;0;0;0;0;0;0;0;0;1;19;2;1;0;2;0;2;0;1;0;1;1;0;0;1;1;0;0;0;0;2;0;1;1;89;37;1;39;0;1;1;3;0;1;0;0;0;2;0;0;0;0;0;0;1;0;2;7;3;1;2;5;1;0;0;0;0;0;0;0
31;"Szkoła Podstawowa nr 22, ul. Ratowników 15, 41-709 Ruda Śląska";247201;"m. Ruda Śląska";"Ruda Śląska";"śląskie";1;1;8;1;0;0;2;0;2;1;1;0;1;1;0;1;0;0;0;1;1;0;13;2;56;3;1;1;1;3;4;0;0;0;0;1;0;0;0;0;0;0;0;1;15;2;5;1;2;0;0;1;0;1;0;0;1;0;0;0;0;0;2;1;3;0;0;0;151;2;95;34;4;2;0;0;0;0;0;0;0;4;0;0;0;0;1;1;0;0;0;0;23;3;5;2;2;0;1;1;1;0;1;0;2;0;1;1;0;0;0;0;0;0;0;0;104;31;3;35;2;7;0;1;0;1;0;0;1;1;0;0;1;0;0;0;2;0;1;6;3;2;4;0;0;1;0;0;0;0;0;0
32;"Szkoła Podstawowa nr 4, ul. Lwa Tołstoja 1, 41-709 Ruda Śląska";247201;"m. Ruda Śląska";"Ruda Śląska";"śląskie";1;1;12;1;3;0;0;0;2;0;0;0;0;2;0;0;0;0;1;2;0;1;27;2;122;3;1;6;0;1;0;2;1;1;0;2;0;2;2;0;0;2;5;2;21;3;14;4;3;1;3;5;0;1;2;1;0;1;1;1;2;0;0;0;1;0;1;2;213;8;172;51;3;9;1;0;0;0;0;0;1;2;0;0;1;0;0;0;0;0;0;1;34;11;10;1;1;1;2;3;0;0;2;0;0;0;0;0;1;0;1;1;0;0;0;2;170;62;2;72;1;9;0;0;2;1;1;0;1;3;1;0;1;0;0;0;0;0;0;2;8;2;1;1;1;0;1;1;0;0;0;2
33;"Szkoła Podstawowa Nr 8, ul. Główna 1, 41-710 Ruda Śląska";247201;"m. Ruda Śląska";"Ruda Śląska";"śląskie";1;1;5;0;0;0;0;1;1;0;1;1;0;1;0;0;0;1;0;1;0;1;18;0;69;0;0;2;1;3;0;0;2;0;1;0;0;0;0;1;0;0;1;1;17;1;12;0;4;1;0;2;1;2;0;2;1;0;0;0;3;0;0;0;3;0;0;0;157;2;93;24;1;4;0;0;1;0;0;0;0;0;0;0;0;1;0;0;1;0;2;0;20;4;2;1;2;1;0;1;0;0;2;0;0;0;0;1;0;0;0;0;0;0;0;1;126;40;4;43;2;5;0;1;1;0;0;0;0;0;0;0;0;0;0;1;1;0;0;3;5;0;0;4;0;0;0;0;0;0;0;0
34;"Szkoła Podstawowa Nr 8, ul. Główna 1, 41-710 Ruda Śląska";247201;"m. Ruda Śląska";"Ruda Śląska";"śląskie";1;1;3;1;1;1;0;1;0;0;1;1;0;0;0;0;0;0;0;1;1;1;28;0;74;2;2;0;1;0;2;0;0;0;0;2;0;0;0;0;1;1;1;4;24;3;4;2;5;1;3;5;2;0;0;2;0;1;0;0;0;1;1;0;0;0;0;1;138;3;94;37;1;4;0;1;0;0;0;0;0;0;0;0;0;2;2;0;3;0;0;1;23;8;6;1;1;0;2;1;0;0;1;0;0;0;2;0;0;1;1;1;0;0;0;2;108;44;3;58;1;1;1;0;0;0;0;2;0;2;0;1;0;0;0;0;0;0;4;2;4;0;2;7;1;0;0;1;1;0;1;1
35;"Miejskie Przedszkole nr 37, ul. Obrońców Westerplatte 7A, 41-710 Ruda Śląska";247201;"m. Ruda Śląska";"Ruda Śląska";"śląskie";1;1;0;0;0;0;1;0;0;0;0;0;0;0;0;0;1;0;0;0;0;1;10;0;50;0;0;0;0;0;2;0;1;0;0;2;0;0;0;0;0;0;0;2;13;0;5;0;0;0;2;1;1;0;0;1;1;0;0;0;0;0;1;0;1;1;0;0;67;1;33;10;0;1;0;1;0;0;0;0;0;1;0;0;0;0;0;0;0;0;0;0;14;2;1;0;1;0;1;0;0;0;0;0;0;0;1;0;1;0;0;0;0;1;1;0;54;19;0;25;0;2;0;1;1;0;0;0;1;0;1;0;0;0;0;0;0;1;0;1;3;1;1;0;0;0;0;0;0;0;0;1
36;"Miejskie Przedszkole nr 37, ul. Obrońców Westerplatte 7A, 41-710 Ruda Śląska";247201;"m. Ruda Śląska";"Ruda Śląska";"śląskie";1;1;7;0;1;1;0;1;1;0;1;0;2;1;0;0;1;1;0;1;1;0;18;1;92;1;3;4;2;8;3;2;1;0;1;1;0;1;1;2;1;0;3;2;16;3;11;1;2;0;0;1;2;0;3;0;0;0;1;0;2;0;2;0;5;0;3;0;168;5;95;31;4;4;0;2;0;1;1;0;0;0;0;1;1;0;1;0;0;0;1;1;33;6;3;2;2;2;0;0;0;0;4;0;0;0;0;2;0;0;0;0;0;1;1;0;158;67;2;51;0;6;1;2;1;0;0;2;0;3;0;0;0;0;2;0;0;0;1;2;11;3;4;5;0;0;0;1;2;0;2;0
37;"II Liceum Ogólnokształcące z Oddziałami Dwujęzycznymi im. G. Morcinka, ul. Alojzego Jankowskiego 22, 41-710 Ruda Śląska";247201;"m. Ruda Śląska";"Ruda Śląska";"śląskie";1;1;8;0;0;0;2;0;0;0;1;1;0;0;0;1;0;0;0;0;1;0;30;2;73;3;5;3;0;1;3;1;1;1;1;1;0;0;0;1;2;0;0;1;29;5;6;1;1;3;1;8;2;1;0;0;0;0;0;0;4;0;0;0;1;1;2;2;152;9;94;39;8;5;0;1;0;0;0;0;0;0;0;0;0;0;0;0;0;0;0;3;32;11;5;0;2;1;0;0;1;2;2;1;0;1;1;1;0;0;1;0;1;0;1;1;124;60;0;89;2;13;3;2;2;1;0;0;0;2;2;1;0;0;0;1;1;1;1;4;6;0;1;6;0;0;2;0;0;0;1;0
38;"II Liceum Ogólnokształcące z Oddziałami Dwujęzycznymi im. G. Morcinka, ul. Alojzego Jankowskiego 22, 41-710 Ruda Śląska";247201;"m. Ruda Śląska";"Ruda Śląska";"śląskie";1;1;3;0;1;0;2;1;0;0;0;0;1;0;1;0;1;0;0;1;2;3;13;0;69;5;1;2;0;5;2;0;0;0;1;4;0;0;0;0;0;0;2;3;22;2;6;2;4;0;1;5;1;0;1;0;1;0;1;0;4;0;0;0;1;0;1;0;153;10;103;22;0;3;0;0;0;0;2;2;0;2;0;0;0;0;1;1;0;0;0;1;25;7;7;3;2;0;3;5;0;1;2;1;0;0;1;0;0;0;1;0;1;0;1;1;125;54;2;59;0;24;0;2;2;0;1;0;1;2;1;0;0;1;1;0;0;0;2;4;8;0;0;1;0;0;3;0;1;1;3;0
39;"II Liceum Ogólnokształcące z Oddziałami Dwujęzycznymi im. G. Morcinka, ul. Alojzego Jankowskiego 22, 41-710 Ruda Śląska";247201;"m. Ruda Śląska";"Ruda Śląska";"śląskie";1;1;2;1;1;0;1;3;1;1;0;0;2;0;0;0;0;0;0;0;1;0;27;1;103;0;3;3;1;2;7;1;0;1;0;4;0;0;1;0;1;0;1;7;41;4;15;0;3;2;4;6;4;0;1;1;1;0;1;0;2;0;3;0;4;0;3;0;176;3;126;24;5;7;1;0;2;0;1;1;0;0;0;1;0;0;0;0;0;0;1;0;46;10;5;1;3;0;2;1;0;0;2;2;1;0;2;0;0;2;0;0;1;0;1;1;170;52;3;110;2;22;2;2;0;2;1;2;2;1;0;0;0;0;0;0;1;0;4;8;7;2;0;2;0;0;0;0;0;0;1;0
40;"Szkoła Podstawowa nr 16 (Budynek B), ul. Obrońców Westerplatte 2A, 41-710 Ruda Śląska";247201;"m. Ruda Śląska";"Ruda Śląska";"śląskie";1;1;9;1;0;1;0;1;4;0;0;1;2;0;1;0;0;0;0;0;1;0;11;0;51;1;3;2;1;2;4;0;0;0;0;0;0;0;0;0;1;0;0;1;19;4;7;0;3;0;0;2;0;0;1;0;1;1;0;0;0;0;2;0;0;1;2;2;123;6;65;30;1;6;0;1;0;0;1;1;0;0;0;1;0;1;0;0;0;0;0;2;25;5;0;0;1;0;1;2;0;0;0;0;1;0;0;0;0;2;0;0;0;0;0;3;69;32;2;33;1;5;0;2;0;1;0;0;0;0;0;0;0;0;0;0;0;0;1;1;7;3;1;2;0;1;0;0;0;0;1;2
41;"Szkoła Podstawowa nr 16 (Budynek B), ul. Obrońców Westerplatte 2A, 41-710 Ruda Śląska";247201;"m. Ruda Śląska";"Ruda Śląska";"śląskie";1;1;5;0;2;0;3;0;0;1;0;0;1;1;0;1;0;0;0;1;2;1;22;2;55;2;2;1;0;1;0;0;0;0;0;1;0;1;0;1;1;0;4;3;18;4;8;1;6;1;0;3;1;2;0;2;0;0;2;0;0;0;1;1;1;0;1;0;152;5;119;25;3;6;0;2;0;0;0;0;1;2;2;1;0;0;1;0;0;0;0;1;22;3;6;1;0;2;0;2;3;0;1;1;0;1;0;1;0;0;0;0;1;0;0;1;131;50;4;38;1;5;3;3;4;0;0;0;1;3;0;0;1;0;0;0;0;0;1;1;9;0;0;3;0;0;0;1;0;1;2;0
42;"Zespół Szkół Nr 6 im. M. Kopernika, ul. Wawrzyna Kałusa 3, 41-710 Ruda Śląska";247201;"m. Ruda Śląska";"Ruda Śląska";"śląskie";1;1;0;0;1;0;1;1;0;0;0;0;1;1;2;0;3;0;0;0;2;0;2;2;28;1;0;1;0;0;0;0;0;1;0;0;0;0;0;1;0;0;0;0;5;0;6;0;0;0;0;3;1;1;0;1;3;0;2;0;1;0;0;0;2;0;0;0;83;2;51;13;2;6;0;1;0;1;0;0;1;2;0;0;0;0;0;0;0;0;0;1;22;4;2;0;0;2;1;1;1;0;0;0;1;0;0;0;0;0;0;0;0;0;1;1;44;16;1;17;1;8;0;0;0;0;1;1;0;0;0;1;0;0;0;0;2;0;0;0;3;2;0;6;0;0;0;0;0;0;0;0
43;"Szkoła Podstawowa Nr 7, ul. 1 Maja 173, 41-710 Ruda Śląska";247201;"m. Ruda Śląska";"Ruda Śląska";"śląskie";1;1;7;0;0;0;1;0;0;0;0;0;1;1;1;0;0;0;0;0;0;1;31;4;95;1;1;1;0;1;6;0;2;0;1;2;1;0;0;0;0;0;0;0;15;4;11;2;1;0;0;1;3;0;0;0;0;0;0;0;0;0;0;0;0;0;3;0;93;8;83;16;5;1;0;0;0;0;0;0;0;1;0;0;0;1;0;0;1;0;0;0;27;5;4;0;3;4;2;1;0;1;1;0;0;2;2;0;0;1;1;0;1;1;0;1;186;70;5;81;3;6;3;0;0;0;0;0;3;3;0;0;0;0;0;0;0;0;0;4;3;1;0;5;0;0;0;1;0;0;0;1
44;"Zespół Szkolno-Przedszkolny nr 3, ul. Główna 40, 41-711 Ruda Śląska";247201;"m. Ruda Śląska";"Ruda Śląska";"śląskie";1;1;9;0;3;1;0;1;0;0;0;0;0;0;0;0;0;1;1;0;1;0;24;2;124;7;2;1;1;3;8;0;0;1;0;0;0;2;0;1;0;0;1;2;24;5;8;0;2;2;1;2;2;0;1;1;0;1;1;0;3;0;2;0;3;0;3;0;165;7;123;37;4;2;0;1;0;1;0;0;2;1;0;0;0;2;1;1;1;0;2;0;46;10;8;3;2;2;4;2;1;0;3;0;2;0;3;0;0;1;1;6;0;0;1;1;110;46;3;63;2;11;0;1;1;1;1;2;1;1;1;1;0;0;2;1;0;0;1;3;6;5;0;3;1;1;4;2;1;0;1;1
45;"Dom Kultury w Rudzie Śląskiej, ul. Edmunda Kokota 170, 41-711 Ruda Śląska";247201;"m. Ruda Śląska";"Ruda Śląska";"śląskie";1;1;7;1;1;0;3;4;1;0;2;0;2;1;1;2;1;0;0;0;2;4;48;2;117;2;1;7;0;6;8;0;0;1;0;1;0;0;0;2;0;0;6;4;43;6;16;0;3;0;3;2;3;0;1;4;1;0;0;0;3;0;2;0;2;0;2;0;209;8;156;42;7;12;3;2;0;0;0;0;1;1;0;1;0;1;0;0;1;1;0;1;43;5;12;1;0;0;3;0;5;2;0;1;1;1;1;2;0;3;1;0;1;1;1;5;219;82;5;170;4;12;1;2;0;0;0;1;2;1;0;1;0;0;1;0;0;0;1;1;14;5;0;4;3;0;0;0;1;1;0;1
46;"Dom Kultury w Rudzie Śląskiej, ul. Edmunda Kokota 170, 41-711 Ruda Śląska";247201;"m. Ruda Śląska";"Ruda Śląska";"śląskie";1;1;6;0;1;1;2;1;0;1;0;0;0;0;1;0;0;0;1;0;0;0;17;0;69;2;1;6;1;1;4;1;0;0;0;0;0;0;0;0;0;0;0;0;26;3;11;1;4;3;0;4;0;2;1;0;0;0;1;1;1;1;0;0;4;0;5;3;188;9;153;25;4;4;0;1;0;1;0;0;0;1;1;0;0;5;0;1;0;0;1;0;33;7;4;3;0;1;4;1;0;0;4;0;0;0;1;0;1;0;1;0;0;0;1;4;145;66;4;85;0;6;0;0;0;0;0;0;2;0;1;1;0;0;0;2;0;0;3;2;9;0;0;0;2;0;1;1;0;0;1;0
47;"Szkoła Podstawowa Nr 13, ul. ks. Józefa Niedzieli 61, 41-711 Ruda Śląska";247201;"m. Ruda Śląska";"Ruda Śląska";"śląskie";1;1;9;0;0;0;0;0;0;0;0;2;1;0;0;1;1;0;0;2;2;1;16;2;69;4;0;1;0;4;4;0;1;0;2;1;0;1;0;0;1;0;2;2;40;3;13;2;6;0;0;4;4;1;3;4;0;0;0;1;5;0;3;0;2;0;2;2;186;1;145;28;3;5;1;2;0;2;0;0;0;2;0;1;0;1;0;0;0;0;0;2;29;4;8;1;2;1;1;5;0;1;1;2;0;2;0;1;0;0;2;0;0;0;0;1;164;55;3;84;0;4;2;3;2;0;0;1;1;5;0;1;1;0;0;3;4;1;1;4;9;2;0;1;0;0;1;2;0;0;0;0
48;"Szkoła Podstawowa nr 17, ul. Szkolna 22, 41-711 Ruda Śląska";247201;"m. Ruda Śląska";"Ruda Śląska";"śląskie";1;1;11;2;0;2;0;2;0;0;0;1;0;0;0;0;1;0;1;1;2;0;50;4;95;3;5;2;5;3;5;0;1;1;1;3;0;0;1;3;0;0;4;6;33;3;13;0;5;2;2;3;3;3;4;2;2;0;0;2;2;2;0;0;6;1;3;0;163;6;96;19;5;13;1;0;1;0;0;1;0;4;1;0;0;0;0;1;3;0;1;0;54;7;13;4;0;1;2;5;1;0;4;3;2;0;1;0;0;2;0;1;0;2;0;3;224;80;4;139;1;4;1;8;2;2;0;0;2;4;0;2;0;1;0;1;2;1;2;3;13;1;2;3;2;0;0;0;1;0;1;1
49;"Miejskie Przedszkole Nr 43, ul. Drozdów 6, 41-717 Ruda Śląska";247201;"m. Ruda Śląska";"Ruda Śląska";"śląskie";1;1;6;0;0;0;1;1;0;0;2;0;3;1;0;0;0;0;1;0;0;1;22;4;75;1;4;1;0;2;0;0;0;0;0;1;0;1;1;0;1;1;2;3;25;4;5;2;6;0;1;7;3;1;0;0;0;0;3;1;1;0;1;0;0;0;1;0;178;4;127;47;0;5;0;1;1;0;0;0;0;2;0;0;0;0;0;0;2;0;0;0;46;3;7;1;2;1;4;2;0;0;1;0;0;0;2;0;0;0;1;1;0;0;0;1;142;69;3;95;3;3;1;1;2;1;0;3;0;5;0;1;0;0;0;0;0;0;0;1;4;0;0;5;0;2;1;1;1;0;1;0
50;"Miejskie Przedszkole Nr 43, ul. Drozdów 6, 41-717 Ruda Śląska";247201;"m. Ruda Śląska";"Ruda Śląska";"śląskie";1;1;6;0;0;0;2;1;1;0;0;1;0;0;0;0;1;0;0;0;2;0;16;1;69;6;1;4;0;1;6;0;0;0;1;0;0;0;1;1;1;0;1;3;18;3;6;1;3;0;0;2;4;1;1;0;1;0;0;2;1;0;0;0;3;0;1;1;151;4;145;28;2;4;0;0;0;0;1;0;0;1;2;0;2;1;0;0;0;0;0;0;32;4;4;1;1;0;3;1;0;0;0;0;0;2;0;0;1;1;0;0;0;0;1;0;145;47;6;68;3;6;2;3;0;0;0;1;1;2;0;1;1;0;0;0;3;0;2;3;4;1;2;5;0;1;2;0;1;0;2;1
51;"Szkoła Podstawowa Nr 23, ul. 11 Listopada 15, 41-717 Ruda Śląska";247201;"m. Ruda Śląska";"Ruda Śląska";"śląskie";1;1;10;1;2;1;3;3;1;1;1;2;1;0;3;0;1;1;1;0;0;0;26;2;102;5;0;4;2;3;4;0;3;0;0;2;1;0;0;2;0;1;2;2;35;4;12;0;3;4;2;2;2;0;0;2;2;1;2;0;6;0;0;0;1;1;2;1;253;15;163;32;7;6;0;3;0;0;2;0;2;3;0;0;0;0;0;2;2;0;0;3;65;14;13;4;4;2;6;2;1;0;1;1;0;1;1;0;1;1;0;0;0;1;1;4;208;53;5;63;3;10;2;6;2;0;3;4;2;3;0;0;1;1;0;2;1;0;6;3;23;3;1;5;1;1;2;3;0;0;1;0
52;"Miejskie Przedszkole Nr 45, ul. Bolesława Chrobrego 6, 41-717 Ruda Śląska";247201;"m. Ruda Śląska";"Ruda Śląska";"śląskie";1;1;5;1;2;0;1;0;2;0;0;0;1;0;0;0;1;0;1;0;1;1;23;4;73;0;4;2;1;0;2;0;0;0;1;3;0;0;1;0;1;0;3;2;24;5;13;1;3;0;0;3;0;1;1;1;0;0;2;2;1;0;3;0;0;0;3;0;209;8;102;7;5;4;0;1;0;0;1;0;0;1;0;1;0;0;0;0;0;0;0;1;43;7;11;1;0;2;2;2;0;2;2;2;1;1;0;0;0;1;2;1;0;0;0;8;113;56;1;34;2;7;0;3;0;0;0;2;3;7;1;2;0;0;0;0;2;0;1;2;14;0;1;0;1;0;0;0;1;0;0;2
53;"Miejskie Przedszkole Nr 45, ul. Bolesława Chrobrego 6, 41-717 Ruda Śląska";247201;"m. Ruda Śląska";"Ruda Śląska";"śląskie";1;1;7;0;0;2;1;1;0;0;0;0;0;1;1;1;0;0;2;0;0;3;18;1;68;0;4;2;0;1;2;0;0;2;0;1;0;0;0;1;0;0;1;3;15;3;4;0;2;1;1;2;2;0;0;2;2;1;1;1;1;0;0;0;2;0;3;0;134;3;85;18;1;6;0;2;0;0;0;0;0;4;1;0;0;0;0;0;0;0;2;0;18;3;5;2;2;1;3;1;0;1;0;0;0;0;0;0;0;0;0;0;0;0;0;1;109;30;7;29;1;5;1;2;2;0;1;0;2;2;0;0;0;1;1;0;0;0;0;2;4;2;0;3;0;0;0;0;2;0;2;0
54;"Szkoła Podstawowa Nr 2, ul. Gwarecka 2, 41-717 Ruda Śląska";247201;"m. Ruda Śląska";"Ruda Śląska";"śląskie";1;1;6;1;2;0;4;0;1;0;1;1;0;1;0;0;0;0;0;1;5;0;30;1;76;0;2;2;1;2;0;0;1;1;1;2;1;1;0;1;0;0;0;4;27;1;10;1;4;2;1;8;1;3;0;1;0;0;0;1;1;0;0;0;2;0;3;1;230;9;136;32;2;2;0;0;0;0;1;0;1;2;0;0;0;0;0;0;0;2;1;2;28;4;7;0;3;3;2;0;1;1;1;1;1;1;0;0;0;3;0;0;2;1;2;2;156;71;4;75;0;7;0;1;1;0;0;1;1;9;0;0;0;0;1;0;0;0;2;8;9;0;0;3;0;0;0;0;2;0;1;0
55;"Miejska Biblioteka Publiczna Filia Nr 21, ul. Józefa Grzegorzka 8, 41-717 Ruda Śląska";247201;"m. Ruda Śląska";"Ruda Śląska";"śląskie";1;1;8;0;2;0;2;1;0;0;0;0;1;1;0;0;0;0;0;1;1;5;30;1;72;0;4;2;0;3;2;1;0;1;0;3;2;2;3;1;1;1;3;3;27;1;8;1;5;1;1;4;1;0;0;2;1;0;0;0;0;1;1;0;0;1;2;0;190;8;116;37;2;1;1;3;0;0;0;0;0;1;1;0;0;0;1;0;1;0;1;1;33;6;10;0;3;0;2;4;1;0;3;0;0;0;1;0;0;0;0;1;0;0;2;0;138;59;2;57;0;12;2;2;1;3;0;0;0;2;0;0;1;2;0;1;0;1;0;0;9;3;0;3;0;1;0;1;2;0;0;2
56;"Szkoła Podstawowa nr 2, ul. Gwarecka 2, 41-717 Ruda Śląska";247201;"m. Ruda Śląska";"Ruda Śląska";"śląskie";1;1;7;0;1;0;0;4;0;0;2;2;0;0;2;0;1;0;1;0;0;1;24;1;77;1;4;1;2;2;4;1;2;3;0;2;1;0;0;1;0;0;2;0;28;3;6;0;2;0;2;2;2;0;3;0;0;0;0;0;4;1;1;0;1;1;0;1;212;11;127;41;2;3;1;1;0;1;0;1;0;1;0;0;1;0;0;0;0;0;0;0;28;2;4;0;0;3;2;0;0;1;1;2;0;0;1;1;0;2;0;1;1;0;0;4;167;73;4;62;0;8;1;1;1;0;0;2;1;4;0;1;0;0;0;1;1;0;0;1;17;1;2;12;1;0;1;0;2;0;0;1
57;"Szkoła Podstawowa nr 2, ul. Gwarecka 2, 41-717 Ruda Śląska";247201;"m. Ruda Śląska";"Ruda Śląska";"śląskie";1;1;4;1;1;0;4;1;1;0;0;1;0;3;0;0;0;0;0;0;1;1;33;2;77;2;1;2;0;2;1;1;2;1;0;2;0;2;2;0;0;1;5;2;27;5;16;0;7;2;0;1;1;0;0;2;0;0;0;0;3;0;2;0;4;0;2;0;204;6;113;25;9;4;0;1;0;1;0;0;0;2;0;0;1;1;1;0;0;0;0;1;31;8;7;0;2;1;3;0;0;0;0;0;0;2;0;1;0;1;0;1;0;0;0;1;142;63;2;59;2;16;0;1;2;1;1;4;3;4;1;1;0;0;1;0;1;0;2;4;10;2;0;3;3;1;1;2;0;0;0;1
58;"Szkoła Podstawowa Nr 21, ul. ks. Ludwika Tunkla 125, 41-707 Ruda Śląska";247201;"m. Ruda Śląska";"Ruda Śląska";"śląskie";1;1;5;0;2;1;1;1;1;0;1;0;1;0;0;0;2;1;0;0;2;1;49;2;134;2;3;6;1;0;5;2;1;1;0;7;0;1;0;1;3;0;10;2;34;0;22;2;6;1;1;5;3;1;2;4;0;0;2;0;7;0;3;0;3;0;0;1;250;15;140;44;4;2;0;2;0;1;3;0;0;2;0;0;1;3;1;0;3;0;0;4;44;8;10;3;0;3;6;4;0;2;1;0;1;1;0;1;0;0;1;1;0;2;1;3;190;88;4;49;3;17;1;3;2;2;1;0;1;4;1;1;1;0;1;0;1;0;3;6;11;2;4;8;0;0;0;0;0;0;1;0
59;"Szpakmed Kochłowice Sp. z o. o, ul. Radoszowska 163, 41-707 Ruda Śląska";247201;"m. Ruda Śląska";"Ruda Śląska";"śląskie";1;1;8;3;1;0;1;1;2;1;0;0;0;2;1;0;0;0;0;1;1;1;76;5;153;4;7;6;3;1;5;0;1;1;1;3;1;0;0;1;0;0;1;4;46;6;30;3;4;1;5;3;6;4;0;3;0;0;2;2;4;0;2;0;2;1;2;0;205;10;97;28;4;3;0;5;0;0;3;1;1;1;0;1;1;0;0;0;1;2;3;2;40;12;12;1;3;0;9;3;0;0;3;0;0;1;1;0;0;0;1;1;0;0;2;2;295;142;10;106;5;17;3;1;0;2;1;0;7;4;5;2;0;0;0;6;0;0;3;7;17;4;2;6;2;1;0;0;0;0;0;2
60;"Szkoła Podstawowa Nr 20, ul. Wyzwolenia 11, 41-707 Ruda Śląska";247201;"m. Ruda Śląska";"Ruda Śląska";"śląskie";1;1;8;1;3;0;1;1;3;1;4;0;1;0;0;0;1;0;0;1;1;0;41;2;155;2;3;8;2;3;3;0;3;0;0;0;0;0;2;0;0;1;2;2;37;7;14;0;4;2;1;0;2;3;1;2;0;2;2;0;1;1;0;0;4;1;3;2;218;13;112;28;3;10;0;0;0;0;0;1;0;0;0;0;0;1;0;0;0;0;0;5;62;18;14;3;4;1;4;0;0;0;0;0;3;0;0;0;0;1;1;1;0;0;1;3;232;127;8;69;2;11;0;2;6;2;0;2;4;2;0;0;0;0;0;0;0;0;0;15;23;5;0;14;3;2;0;2;0;0;0;0
61;"Szkoła Podstawowa Nr 18, ul. Ignacego Łukasiewicza 7, 41-707 Ruda Śląska";247201;"m. Ruda Śląska";"Ruda Śląska";"śląskie";1;1;7;0;0;1;1;0;0;0;0;1;0;0;0;1;0;0;0;0;2;0;32;6;76;0;6;5;0;2;4;0;0;1;0;6;0;0;0;3;0;0;6;1;30;1;6;4;7;0;1;2;1;0;0;0;0;1;1;0;1;1;0;0;1;0;4;0;219;6;87;24;10;6;0;0;0;0;0;0;0;0;0;0;0;2;0;0;0;0;0;1;22;4;2;2;2;0;1;1;1;1;1;1;1;2;2;0;0;0;0;0;0;0;0;1;135;69;4;57;2;8;0;0;1;3;0;0;2;1;0;0;1;2;1;0;1;1;1;4;9;1;0;2;2;0;0;2;0;0;1;0
62;"Szkoła Podstawowa Nr 18, ul. Ignacego Łukasiewicza 7, 41-707 Ruda Śląska";247201;"m. Ruda Śląska";"Ruda Śląska";"śląskie";1;1;11;0;0;0;0;1;1;0;1;0;1;0;3;0;0;0;0;1;3;0;24;0;77;3;4;2;1;1;0;0;0;0;0;0;0;0;0;0;2;1;4;2;24;2;11;0;5;0;1;4;6;4;0;1;0;0;1;0;3;3;1;0;1;1;1;1;169;7;86;29;6;7;1;2;0;0;0;0;0;0;2;0;0;0;0;0;0;0;1;0;29;7;5;0;4;1;4;0;0;1;0;1;0;0;0;3;0;0;0;0;1;1;0;0;143;71;8;50;0;10;3;3;0;1;0;1;3;4;0;1;0;0;1;0;0;0;2;4;18;0;2;8;0;1;0;0;0;1;1;3
63;"III Liceum Ogólnokształcące im. Jana Pawła II, ul. Oświęcimska 90, 41-707 Ruda Śląska";247201;"m. Ruda Śląska";"Ruda Śląska";"śląskie";1;1;17;1;2;0;1;2;4;0;0;1;2;0;1;1;0;0;0;0;1;0;51;1;105;3;2;11;2;2;2;0;0;0;0;1;1;3;0;1;0;0;1;3;29;6;16;0;5;1;1;3;0;3;3;3;1;0;3;1;0;3;3;0;3;4;1;1;321;13;105;19;11;5;0;2;1;3;2;0;0;2;0;1;0;0;0;0;0;0;0;2;33;6;17;2;2;2;4;2;1;0;2;0;0;0;0;0;0;0;1;1;1;0;0;1;188;92;6;42;5;10;1;2;2;2;3;3;5;3;0;0;1;4;1;1;0;0;3;3;15;5;1;8;0;0;1;0;0;0;0;2
64;"Szkoła Podstawowa Nr 24 (Budynek A), ul. ks. Pawła Lexa 3, 41-706 Ruda Śląska";247201;"m. Ruda Śląska";"Ruda Śląska";"śląskie";1;1;10;2;3;2;1;3;2;0;0;0;1;2;1;0;1;0;1;0;1;3;56;2;202;8;8;5;3;2;3;0;1;0;4;1;0;2;0;3;2;2;2;5;38;8;11;2;2;3;1;1;1;4;0;2;2;0;3;1;3;0;1;0;5;1;1;0;283;8;144;31;7;12;2;1;4;1;3;0;0;3;2;2;0;2;1;1;1;0;3;3;72;8;11;2;6;1;3;4;0;1;1;2;0;1;0;1;0;0;2;2;0;0;0;4;280;130;11;114;2;16;3;2;2;3;1;0;1;5;0;1;0;1;1;4;1;2;3;7;19;2;1;5;1;1;0;1;0;0;2;1
65;"Szkoła Podstawowa nr 24 (Budynek B), ul. ks. Pawła Lexa 14, 41-706 Ruda Śląska";247201;"m. Ruda Śląska";"Ruda Śląska";"śląskie";1;1;9;1;1;1;1;1;0;0;0;1;1;1;0;1;2;1;0;0;2;3;80;2;213;2;5;5;2;2;5;0;2;0;0;2;1;5;0;1;2;0;1;4;55;8;23;1;8;6;1;3;1;3;1;3;0;1;1;0;3;0;3;1;2;2;7;1;281;15;172;30;2;7;1;1;0;0;1;0;0;3;0;0;0;1;0;0;0;0;1;2;85;9;16;2;10;8;5;4;1;1;5;1;0;2;3;1;1;2;2;0;0;0;1;2;298;196;9;136;4;19;0;7;1;3;0;1;6;4;0;3;0;4;5;0;1;3;3;3;14;3;1;5;1;0;0;0;1;0;0;0
66;"Hala Widowiskowo-Sportowa MOSiR, ul. Kłodnicka 95, 41-706 Ruda Śląska";247201;"m. Ruda Śląska";"Ruda Śląska";"śląskie";1;1;10;0;1;1;1;1;2;0;0;0;0;0;0;0;2;0;0;0;0;0;31;1;90;3;1;5;0;3;0;0;0;0;0;4;0;4;1;0;0;0;1;4;26;4;11;0;4;2;2;4;2;0;0;2;0;0;2;0;3;0;4;0;4;0;2;2;233;8;110;27;0;7;0;1;0;0;0;0;0;0;1;0;1;1;0;0;0;0;3;1;37;10;3;1;7;0;9;0;0;0;1;1;0;0;0;0;0;1;0;1;0;0;0;1;117;57;3;65;3;12;1;1;1;0;0;2;4;1;0;0;0;0;0;1;1;0;1;6;8;3;1;1;0;0;0;0;0;0;0;0
67;"Hala Widowiskowo-Sportowa MOSiR, ul. Kłodnicka 95, 41-706 Ruda Śląska";247201;"m. Ruda Śląska";"Ruda Śląska";"śląskie";1;1;11;0;1;0;0;2;4;0;1;2;0;0;0;0;0;1;0;0;0;4;32;0;112;3;2;4;1;1;4;0;0;0;2;4;0;0;2;0;1;1;0;5;30;1;10;1;2;0;1;8;3;1;0;1;2;0;0;2;4;0;2;1;4;1;4;0;303;16;168;32;4;5;1;0;2;0;0;0;1;1;0;1;0;2;1;0;1;0;3;1;43;8;7;1;1;3;3;5;1;3;2;2;0;0;0;1;0;1;0;0;0;2;2;1;152;76;4;74;2;10;2;3;2;1;2;1;2;5;0;1;0;3;0;0;0;0;0;2;11;2;0;1;1;0;1;1;0;0;0;1
68;"Zespół Szkolno-Przedszkolny nr 2, ul. Ignacego Kaczmarka 9, 41-706 Ruda Śląska";247201;"m. Ruda Śląska";"Ruda Śląska";"śląskie";1;1;15;1;3;1;3;1;3;1;1;1;2;1;2;0;1;0;0;2;0;3;71;4;168;4;3;7;2;2;4;3;0;1;0;5;0;2;1;2;0;1;1;1;36;7;17;2;8;2;1;3;2;1;1;1;0;0;4;0;3;0;1;0;2;1;1;0;276;15;207;49;7;10;0;1;0;0;0;1;0;1;1;0;1;1;1;0;2;0;0;5;55;8;13;2;4;0;5;1;1;1;5;0;1;0;2;0;0;3;1;3;1;1;0;3;252;173;9;128;2;13;1;5;5;1;2;4;3;1;1;1;1;2;0;0;0;0;2;16;21;2;0;2;2;1;1;1;1;0;2;3
69;"Szkoła Podstawowa Sportowa z Klasami Integracyjnymi nr 15, ul. Energetyków 15, 41-706 Ruda Śląska";247201;"m. Ruda Śląska";"Ruda Śląska";"śląskie";1;1;11;1;2;1;0;0;0;1;0;0;1;1;0;2;0;0;0;1;2;1;37;2;124;1;1;3;1;2;2;0;0;0;0;5;1;1;0;1;1;0;1;2;29;3;14;0;7;1;0;7;4;1;2;1;1;0;1;0;3;0;2;0;1;0;1;3;254;15;122;48;3;4;0;1;1;0;0;1;0;2;0;1;0;0;2;0;1;1;0;3;24;12;3;2;4;1;4;1;2;0;2;1;0;1;2;0;0;1;3;0;1;0;0;1;175;62;4;66;3;7;0;3;1;1;0;1;2;2;1;1;0;1;0;0;0;0;3;1;13;3;3;7;0;1;1;3;0;0;0;1
70;"Szkoła Podstawowa Sportowa z Klasami Integracyjnymi nr 15, ul. Energetyków 15, 41-706 Ruda Śląska";247201;"m. Ruda Śląska";"Ruda Śląska";"śląskie";1;1;8;1;2;0;2;1;1;0;0;0;0;0;0;0;1;0;0;1;0;2;33;2;122;3;4;2;3;5;7;1;0;0;0;1;0;1;1;0;2;0;3;3;51;7;14;2;6;4;0;7;4;2;0;4;0;0;0;3;6;1;2;0;3;1;1;1;236;4;133;32;3;5;1;0;0;0;0;2;1;0;0;0;1;2;0;0;0;1;0;2;46;3;7;2;2;0;0;1;1;1;2;1;0;1;1;0;0;1;0;0;0;2;0;3;185;81;9;53;1;11;0;5;0;0;1;1;1;3;0;1;0;1;0;2;1;0;3;6;4;0;1;5;0;1;0;0;0;0;0;0
71;"Miejskie Przedszkole nr 35, ul. Ludwika Zamenhofa 3, 41-706 Ruda Śląska";247201;"m. Ruda Śląska";"Ruda Śląska";"śląskie";1;1;4;2;1;0;1;0;0;0;0;0;1;0;0;0;2;0;0;0;1;0;22;3;105;2;0;4;0;1;0;0;0;2;1;1;0;1;1;0;0;0;1;3;26;8;17;1;8;0;1;1;3;0;0;0;0;1;1;1;2;0;0;0;2;1;4;0;240;10;119;35;5;1;1;3;0;1;0;0;0;0;0;1;0;0;0;0;0;0;0;3;47;5;5;1;1;1;1;0;2;1;0;1;0;0;3;0;0;0;1;0;0;0;1;0;123;65;3;53;0;4;0;5;3;2;0;0;1;2;0;2;0;1;0;0;1;0;1;6;4;3;0;4;0;0;0;0;0;0;0;2
72;"Szkoła Podstawowa nr 27, ul. Ludwika Zamenhofa 12, 41-706 Ruda Śląska";247201;"m. Ruda Śląska";"Ruda Śląska";"śląskie";1;1;6;2;2;1;0;2;3;0;1;0;0;0;1;0;1;1;0;4;1;0;29;2;147;0;3;3;0;3;6;0;1;1;0;1;0;1;0;0;1;0;0;4;49;4;6;0;2;3;2;2;5;0;0;3;4;0;0;1;0;0;0;0;3;1;1;1;249;10;135;27;1;6;0;0;0;0;0;0;0;2;0;1;0;1;0;0;0;0;0;1;44;4;3;0;1;1;2;0;2;1;0;1;0;0;0;0;0;0;2;1;0;1;0;0;163;71;9;52;3;6;0;2;3;0;0;0;0;2;0;1;0;2;0;0;1;0;1;5;7;2;0;2;0;0;2;2;1;0;0;0
73;"Szkoła Podstawowa nr 27, ul. Ludwika Zamenhofa 12, 41-706 Ruda Śląska";247201;"m. Ruda Śląska";"Ruda Śląska";"śląskie";1;1;3;0;1;0;0;1;1;0;0;0;0;0;1;0;0;0;1;1;1;0;20;6;101;1;5;2;2;1;3;0;0;1;1;1;0;1;0;3;0;0;0;2;32;5;5;0;4;1;0;3;2;0;0;0;0;0;1;0;2;0;1;0;1;0;0;0;176;8;107;26;0;4;0;1;0;0;0;0;0;2;1;2;0;0;0;0;0;0;1;0;39;1;3;3;3;1;2;0;1;0;1;0;0;0;1;0;1;3;0;0;0;0;0;0;158;69;3;68;0;4;0;2;2;0;0;0;3;0;0;2;0;2;1;1;0;0;4;2;4;3;1;7;0;1;1;0;1;0;0;0
74;"Szkoła Podstawowa nr 27, ul. Ludwika Zamenhofa 12, 41-706 Ruda Śląska";247201;"m. Ruda Śląska";"Ruda Śląska";"śląskie";1;1;5;0;0;1;1;1;1;0;0;0;0;1;0;1;0;0;0;1;0;5;24;3;129;0;0;4;2;1;1;0;0;0;1;0;0;0;0;1;0;0;2;1;28;3;9;0;4;3;1;6;3;1;1;2;1;1;2;0;3;0;0;0;0;1;3;1;193;13;134;42;3;7;0;0;0;0;0;0;0;0;0;0;1;0;0;0;0;0;0;0;27;6;5;0;1;0;1;2;1;2;0;1;0;0;0;2;0;3;1;1;0;2;0;0;146;91;1;51;2;4;2;1;5;1;0;0;0;4;0;1;0;0;0;0;2;0;3;3;9;2;1;3;0;0;0;0;0;0;0;2
75;"Ośrodek św. Elżbieta, ul. Wolności 30, 41-700 Ruda Śląska";247201;"m. Ruda Śląska";"Ruda Śląska";"śląskie";1;1;0;0;0;0;0;0;0;0;0;0;0;0;0;0;0;0;0;0;0;0;0;0;0;0;0;0;0;0;0;0;0;0;0;0;0;0;0;0;0;0;0;0;0;0;0;0;0;1;0;0;0;0;0;0;0;0;0;0;0;0;0;0;0;0;0;0;5;0;5;3;0;0;0;0;0;0;0;1;0;0;0;0;0;0;0;0;0;0;0;0;0;0;0;0;0;0;0;0;0;1;0;0;0;0;0;0;0;0;0;0;0;0;0;0;3;1;0;2;1;1;0;0;0;0;0;0;0;0;0;0;0;0;0;0;0;0;0;0;0;0;0;0;0;0;0;0;0;0;0;0
76;"Szpital Miejski w Rudzie Śląskiej Sp. z o. o., ul. Wincentego Lipa 2, 41-712 Ruda Śląska";247201;"m. Ruda Śląska";"Ruda Śląska";"śląskie";1;1;0;0;1;0;1;1;0;0;0;0;0;0;0;0;0;0;0;0;0;0;2;0;7;0;0;1;0;1;1;0;0;0;0;0;0;0;0;0;0;0;1;0;3;0;0;0;0;0;0;0;1;0;1;0;0;0;0;0;0;0;0;0;1;0;1;0;17;2;8;7;3;1;0;0;0;0;0;0;0;1;0;0;0;0;0;0;0;0;0;1;3;2;0;0;0;0;0;0;0;0;0;0;0;0;1;0;0;0;0;0;0;0;0;0;17;7;1;6;0;3;0;0;0;0;0;0;1;0;0;0;0;0;0;0;0;1;0;0;0;0;0;0;0;0;0;0;0;0;0;0
77;"Szpital Miejski w Rudzie Śląskiej Sp. z o. o., ul. Główna 11, 41-711 Ruda Śląska";247201;"m. Ruda Śląska";"Ruda Śląska";"śląskie";1;1;0;0;1;0;0;0;0;0;0;0;0;0;0;0;0;0;0;0;0;0;0;0;1;0;0;0;0;0;0;0;0;0;0;0;0;0;0;0;0;0;0;0;1;0;0;0;0;0;0;0;0;0;0;0;0;0;0;0;0;0;0;0;0;0;0;0;8;1;4;2;1;0;0;0;0;0;0;0;0;0;0;1;0;0;0;0;0;0;0;0;1;0;0;0;0;0;0;0;0;0;0;0;0;0;0;0;0;0;0;0;0;0;0;0;5;0;0;3;0;0;0;0;0;0;0;0;0;0;0;0;0;0;0;0;0;0;0;0;0;0;0;0;0;0;0;0;0;0;0;0
78;"Śląski Dom Seniora, ul. Juliusza Słowackiego 22, 41-710 Ruda Śląska";247201;"m. Ruda Śląska";"Ruda Śląska";"śląskie";1;1;2;0;0;0;0;0;0;0;0;0;0;0;0;0;0;0;0;0;0;0;0;0;1;0;0;0;0;0;0;0;0;0;0;0;0;0;0;0;0;0;0;0;0;0;0;0;0;0;0;0;0;0;0;0;0;0;0;0;0;0;0;0;0;0;0;0;4;0;0;0;0;1;0;0;1;0;0;0;0;0;0;0;0;0;0;0;0;0;0;0;0;0;0;0;0;0;0;0;0;0;0;0;0;0;0;0;0;0;0;0;0;0;0;0;9;8;1;1;0;0;0;1;0;0;0;0;1;0;0;0;0;0;0;0;0;0;0;0;0;0;0;0;0;0;0;0;0;0;0;0
79;"Dom Pomocy Społecznej „Senior”, ul. Aleksandra Puszkina 7, 41-704 Ruda Śląska";247201;"m. Ruda Śląska";"Ruda Śląska";"śląskie";1;1;2;0;1;0;3;0;0;0;0;1;1;0;0;0;0;0;0;0;0;0;1;0;0;0;0;0;0;0;0;1;0;0;0;0;0;0;0;0;0;0;0;0;0;0;1;2;0;0;0;1;0;0;0;0;0;0;0;0;0;0;1;0;0;0;0;0;21;1;1;5;0;2;0;0;0;0;0;0;2;1;0;0;0;0;0;0;0;0;0;0;1;0;1;1;0;0;0;0;1;0;0;0;0;0;0;0;0;0;0;0;0;0;0;0;2;1;0;0;0;0;0;0;0;0;0;0;0;2;0;0;0;0;0;0;0;0;0;0;1;0;0;0;0;0;0;0;1;0;0;0
1;"Zespół Szkół ""Cogito"", ul. Jana Matejki 5, 41-100 Siemianowice Śląskie";247401;"m. Siemianowice Śląskie";"Siemianowice Śląskie";"śląskie";1;1;2;0;3;1;0;0;0;0;1;1;0;0;0;1;0;0;0;0;0;0;12;0;6;0;1;3;0;0;0;1;0;2;0;1;1;0;0;4;2;0;0;1;12;5;1;4;1;0;0;0;0;0;1;0;1;0;0;0;1;0;2;0;1;1;2;1;115;2;1;3;8;2;1;0;0;0;0;2;0;1;0;0;0;0;0;0;1;1;0;1;10;2;3;0;0;1;2;2;1;0;1;2;0;1;0;0;1;1;0;0;0;0;1;3;45;22;0;1;0;5;2;0;0;15;1;0;0;1;5;1;1;0;1;0;1;0;1;3;6;3;1;1;11;5;1;2;1;0;0;0
2;"Szkoła Podstawowa Nr 11, ul. Juliusza Słowackiego 5, 41-100 Siemianowice Śląskie";247401;"m. Siemianowice Śląskie";"Siemianowice Śląskie";"śląskie";1;1;2;0;1;0;0;1;0;0;0;0;0;0;0;0;1;0;1;0;1;0;30;3;6;3;7;10;1;4;0;0;1;0;1;3;2;1;1;2;0;0;3;1;13;1;5;2;1;1;1;0;1;1;1;0;0;0;0;1;1;0;1;0;0;2;3;1;162;7;3;2;2;3;2;0;1;0;0;5;0;3;0;1;0;2;2;9;2;0;1;1;12;4;3;0;2;0;0;0;0;1;1;4;0;0;0;0;0;0;2;2;1;1;3;0;93;42;3;0;0;10;1;0;0;30;0;1;1;2;5;1;0;1;0;0;0;0;1;1;27;8;1;2;11;1;2;1;2;0;3;2
3;"Świetlica Rosomak Spółka Akcyjna, ul. Powstańców 5, 41-100 Siemianowice Śląskie";247401;"m. Siemianowice Śląskie";"Siemianowice Śląskie";"śląskie";1;1;1;0;3;0;2;1;0;0;0;0;0;1;1;0;0;1;0;0;0;0;39;4;9;0;2;12;1;3;0;0;0;1;2;4;0;1;0;1;1;0;1;1;25;3;16;9;6;1;5;0;1;2;1;1;2;0;0;4;1;0;2;0;1;2;6;2;181;5;0;4;2;2;0;0;0;2;0;8;0;0;1;1;0;0;0;2;0;0;0;3;17;3;6;0;1;1;3;0;0;0;1;1;1;2;0;0;0;0;1;0;0;1;1;1;129;40;2;1;3;9;0;1;1;30;0;1;0;3;1;1;0;0;0;0;1;0;1;5;23;3;0;2;17;1;1;0;3;0;1;5
4;"Zespół Szkół Specjalnych, ul. Myśliwiecka 6, 41-100 Siemianowice Śląskie";247401;"m. Siemianowice Śląskie";"Siemianowice Śląskie";"śląskie";1;1;2;1;0;0;1;1;0;0;0;0;0;0;1;0;0;0;0;0;1;1;28;2;12;0;4;15;2;2;0;1;0;1;0;1;0;0;1;3;0;0;1;1;9;2;9;6;0;2;0;1;4;0;1;1;3;0;1;0;3;1;2;0;0;2;1;0;222;7;3;2;4;2;1;1;2;1;1;3;0;2;1;0;0;1;1;4;0;1;1;2;23;2;1;0;1;1;0;2;0;3;1;0;2;0;3;1;0;0;0;0;1;0;0;1;154;52;4;3;2;5;2;3;3;36;0;0;1;1;6;1;0;2;0;1;0;0;1;1;22;4;2;1;16;1;4;1;1;1;2;2
5;"SCK Willa Fitznera, ul. Fitznerów 3, 41-100 Siemianowice Śląskie";247401;"m. Siemianowice Śląskie";"Siemianowice Śląskie";"śląskie";1;1;5;0;0;1;0;0;0;2;1;1;1;0;0;0;0;0;0;0;1;0;16;2;7;3;2;3;1;0;0;0;2;1;0;1;1;1;0;4;0;0;1;0;25;1;5;3;4;2;2;0;2;2;0;0;1;0;0;3;1;0;1;0;0;1;1;1;164;8;4;1;3;4;0;0;1;2;1;8;0;0;0;0;0;0;0;1;0;0;0;0;25;8;6;1;2;2;1;0;1;1;2;0;0;1;1;0;0;0;2;0;0;0;2;0;127;51;6;3;1;6;2;4;2;60;0;0;2;3;2;1;2;2;1;0;1;0;2;3;28;3;1;1;9;0;4;2;1;0;1;2
6;"I Liceum Ogólnokształcące im. Jana Śniadeckiego, ul. Stanisława Wyspiańskiego 5, 41-100 Siemianowice Śląskie";247401;"m. Siemianowice Śląskie";"Siemianowice Śląskie";"śląskie";1;1;3;1;0;0;0;0;0;0;0;0;1;0;0;0;0;0;1;0;0;1;29;0;12;2;2;10;1;1;0;0;1;0;0;2;0;1;0;1;0;1;4;2;15;5;7;5;3;2;0;1;2;0;0;0;0;0;2;1;3;0;0;1;0;1;0;0;143;8;1;5;8;5;2;0;1;2;0;4;0;2;2;1;0;0;0;3;0;0;1;1;26;6;2;0;1;1;0;0;1;0;0;2;0;0;0;3;0;0;0;0;1;0;0;0;116;57;3;0;0;5;0;0;2;30;2;0;0;2;3;0;0;3;1;0;1;0;2;4;29;4;0;0;14;0;2;3;1;1;0;2
7;"Młodzieżowy Dom Kultury, ul. Fryderyka Chopina 2, 41-100 Siemianowice Śląskie";247401;"m. Siemianowice Śląskie";"Siemianowice Śląskie";"śląskie";1;1;2;1;1;0;0;2;0;0;0;0;0;0;0;0;0;1;0;0;1;0;80;7;23;2;3;10;3;3;3;0;1;2;0;1;0;0;0;2;0;3;1;2;42;2;13;9;7;3;1;0;0;1;1;0;0;0;6;0;1;0;0;1;0;0;4;0;169;18;3;6;6;9;0;1;0;0;0;7;0;0;0;0;0;0;0;0;0;0;0;0;16;5;1;1;0;0;0;0;0;0;1;1;1;1;0;0;0;0;0;0;0;0;1;0;270;122;4;1;6;6;3;0;0;57;0;0;1;1;2;1;0;7;0;4;0;0;0;7;19;1;0;1;8;0;0;1;1;0;0;1
8;"Szkoła Podstawowa Nr 6, ul. Fryderyka Chopina 4A, 41-100 Siemianowice Śląskie";247401;"m. Siemianowice Śląskie";"Siemianowice Śląskie";"śląskie";1;1;9;2;1;2;2;0;3;0;0;0;2;1;0;0;0;1;0;0;0;0;38;2;15;6;1;11;0;1;1;2;1;1;0;0;0;5;0;3;1;0;4;2;20;0;11;7;3;3;1;0;2;5;3;2;0;0;2;0;3;0;1;0;1;1;2;0;137;15;4;6;5;5;2;2;0;0;0;5;1;0;0;0;0;1;0;0;2;0;1;0;24;7;5;2;2;2;0;0;2;1;0;5;0;0;0;0;0;0;1;0;0;0;1;2;130;68;4;3;6;6;7;1;0;34;0;0;0;0;4;0;0;2;1;1;1;0;0;1;17;5;2;3;12;1;3;0;0;0;2;2
9;"I Liceum Ogólnokształcące im. Jana Śniadeckiego, ul. Stanisława Wyspiańskiego 5, 41-100 Siemianowice Śląskie";247401;"m. Siemianowice Śląskie";"Siemianowice Śląskie";"śląskie";1;1;3;1;1;1;1;1;0;0;0;1;1;0;0;0;0;1;0;0;0;0;42;0;16;2;2;13;1;3;1;2;1;0;0;2;0;1;1;2;1;0;2;1;15;0;2;6;1;1;2;0;2;1;2;2;1;0;3;0;0;0;1;0;2;3;4;1;263;8;4;1;7;4;1;1;0;2;0;11;1;2;0;0;0;0;0;1;0;0;0;0;40;2;2;0;1;1;0;1;0;2;0;0;1;0;0;0;0;0;1;0;0;0;1;3;149;75;6;2;4;5;3;0;2;28;0;2;1;3;4;2;0;5;0;1;0;0;1;4;27;12;1;0;19;0;2;0;2;0;2;0
10;"Szkoła Podstawowa Nr 5, ul. Michałkowicka 15, 41-100 Siemianowice Śląskie";247401;"m. Siemianowice Śląskie";"Siemianowice Śląskie";"śląskie";1;1;2;0;0;1;1;0;0;1;0;0;0;0;1;2;0;0;0;0;0;1;57;3;12;1;0;10;0;1;0;1;1;1;2;1;0;1;1;3;0;0;0;6;25;0;6;2;4;1;1;0;3;1;9;2;1;0;1;1;2;0;0;0;0;0;3;0;226;10;10;1;7;0;2;0;0;1;0;7;0;2;0;1;0;0;2;3;1;0;1;2;28;9;5;4;0;1;2;0;1;1;1;2;2;0;0;1;0;2;0;0;1;0;1;1;147;70;3;5;3;5;2;3;0;33;2;0;1;1;6;0;0;2;0;0;0;0;2;8;29;3;1;0;32;0;1;1;0;0;0;0
11;"Samodzielny Publiczny Zespół Lecznictwa Psychiatrycznego, ul. Szkolna 2, 41-100 Siemianowice Śląskie";247401;"m. Siemianowice Śląskie";"Siemianowice Śląskie";"śląskie";1;1;3;1;3;1;0;2;0;0;0;1;0;0;0;0;1;0;0;1;0;2;66;5;26;7;7;26;0;2;0;0;2;1;1;2;1;2;0;0;3;2;3;3;31;4;19;7;4;5;2;0;2;3;1;1;2;1;3;0;1;0;3;0;4;2;6;1;251;5;7;3;8;1;0;0;0;2;1;3;1;1;0;0;0;1;0;10;1;0;0;1;33;4;8;4;0;1;1;0;0;2;2;1;0;0;0;1;0;0;0;2;0;2;1;0;182;70;6;0;1;9;1;4;3;33;1;0;1;2;2;1;0;2;0;0;0;0;1;3;38;8;1;1;8;3;6;1;3;0;4;2
12;"Szkoła Podstawowa Nr 3, ul. Szkolna 15, 41-100 Siemianowice Śląskie";247401;"m. Siemianowice Śląskie";"Siemianowice Śląskie";"śląskie";1;1;6;2;0;0;0;1;3;1;3;1;2;0;0;1;0;0;1;0;0;0;46;4;14;3;4;15;1;3;0;0;2;0;0;0;1;2;2;0;0;0;3;6;44;6;20;11;6;4;0;1;2;1;0;2;4;0;6;1;3;0;0;1;2;0;8;2;234;14;6;7;12;5;0;1;0;2;0;4;0;3;2;0;0;2;0;1;0;0;0;2;40;5;10;0;0;4;3;0;0;1;4;5;2;1;1;0;1;0;0;1;1;0;1;2;199;56;2;4;0;4;3;2;0;44;0;1;0;1;4;0;0;3;0;0;5;0;0;1;26;11;2;1;7;0;1;3;5;0;0;1
13;"Szkoła Podstawowa Nr 20 z Oddziałami Integracyjnymi, ul. Lipowa 3, 41-100 Siemianowice Śląskie";247401;"m. Siemianowice Śląskie";"Siemianowice Śląskie";"śląskie";1;1;3;1;2;0;0;0;2;0;0;0;0;3;2;1;2;0;0;0;1;2;48;3;16;2;1;22;5;2;1;1;1;0;0;1;1;0;1;1;0;0;0;2;35;7;26;8;7;7;4;2;3;3;0;1;0;0;2;1;2;1;1;0;4;1;6;0;195;10;3;6;8;6;1;1;0;2;0;3;0;2;0;1;1;1;0;4;0;0;0;3;35;7;3;0;3;1;2;2;1;2;2;11;1;1;0;0;0;1;4;0;0;0;1;1;171;75;5;1;8;8;0;3;2;34;0;1;2;2;5;0;0;8;0;0;0;2;1;5;24;10;2;1;14;2;1;3;1;1;2;2
14;"Przedszkole Nr 9, ul. Okrężna 17, 41-100 Siemianowice Śląskie";247401;"m. Siemianowice Śląskie";"Siemianowice Śląskie";"śląskie";1;1;3;2;2;0;1;1;0;0;1;0;0;0;1;0;3;0;0;1;0;0;32;1;17;1;3;8;0;1;0;1;0;0;2;2;0;0;0;4;1;1;2;1;30;1;11;4;1;1;0;1;3;1;0;3;0;0;2;1;2;0;0;0;1;2;3;1;188;5;1;10;5;3;1;0;0;3;0;16;0;2;1;0;0;0;0;9;1;0;1;2;19;3;2;0;0;0;0;1;0;0;0;0;0;0;0;1;0;1;0;2;0;0;2;1;171;77;7;3;2;4;7;0;1;47;0;0;0;1;2;2;0;4;0;0;0;0;2;7;12;0;1;0;10;0;1;2;0;0;0;1
15;"II Liceum Ogólnokształcące im. Jana Matejki (dawny Zespół Szkół Nr 3), ul. Leśna 1, 41-100 Siemianowice Śląskie";247401;"m. Siemianowice Śląskie";"Siemianowice Śląskie";"śląskie";1;1;4;0;2;0;1;1;0;1;0;0;0;0;0;0;2;0;1;0;1;1;54;5;17;2;7;5;1;1;1;0;1;2;2;3;0;1;1;2;3;0;1;5;29;5;8;2;4;4;0;1;1;1;1;1;0;0;3;0;1;0;3;0;4;1;8;0;151;15;5;5;2;4;0;1;0;0;1;15;0;0;0;0;0;0;3;3;1;0;0;1;31;6;7;0;1;2;1;0;0;0;0;2;1;0;0;0;0;0;0;0;0;0;0;1;178;80;7;3;2;7;1;2;0;29;1;1;0;2;2;2;0;3;0;0;0;0;1;6;29;2;2;0;5;1;4;0;3;1;1;1
16;"Przedszkole Nr 20 ""Zielona Kraina"", ul. Hermana Wróbla 11, 41-100 Siemianowice Śląskie";247401;"m. Siemianowice Śląskie";"Siemianowice Śląskie";"śląskie";1;1;4;1;1;0;3;2;0;1;1;1;1;1;0;0;1;0;0;0;0;1;49;2;29;2;6;17;0;4;2;0;1;1;0;1;0;3;1;2;3;0;1;3;35;5;18;11;4;1;4;0;2;0;2;1;1;0;0;0;1;0;0;0;2;1;9;0;239;8;3;14;3;3;0;0;1;0;0;7;0;0;2;0;2;0;0;1;0;0;1;0;28;2;3;0;1;1;1;0;0;1;1;0;0;1;0;0;0;0;0;0;0;0;0;3;240;87;2;1;6;4;0;0;0;41;0;1;3;2;5;1;0;5;0;0;0;1;1;1;29;5;1;0;5;1;0;1;0;2;0;1
17;"Przedszkole Nr 20 ""Zielona Kraina"", ul. Hermana Wróbla 11, 41-100 Siemianowice Śląskie";247401;"m. Siemianowice Śląskie";"Siemianowice Śląskie";"śląskie";1;1;4;0;2;0;0;0;0;0;0;0;0;0;0;0;1;0;0;1;3;0;41;2;16;0;2;15;2;0;0;2;0;3;1;0;0;1;1;1;1;0;3;2;24;2;9;13;4;0;1;1;2;2;3;3;0;0;0;0;1;1;1;0;1;1;6;1;205;9;1;7;6;4;0;2;0;1;1;5;0;0;0;1;0;1;0;2;0;0;0;0;29;6;5;2;1;1;2;1;0;1;0;0;0;0;0;0;0;1;0;2;0;0;0;2;186;76;3;1;1;3;6;2;1;29;2;0;1;4;0;0;0;7;0;0;0;0;1;3;30;4;1;1;4;0;2;0;1;0;2;1
18;"Szkoła Podstawowa Nr 1, ul. Niepodległości 47, 41-106 Siemianowice Śląskie";247401;"m. Siemianowice Śląskie";"Siemianowice Śląskie";"śląskie";1;1;6;0;3;0;0;0;0;0;0;1;0;0;0;0;0;0;1;0;1;0;45;6;19;5;5;10;1;5;1;1;1;1;1;2;1;2;0;1;1;0;2;3;30;6;15;7;7;1;4;2;1;1;1;3;1;0;2;1;2;0;1;0;1;0;5;2;196;10;2;2;9;11;0;0;0;0;1;0;0;0;4;5;0;0;0;1;0;0;1;2;16;7;4;1;0;1;1;1;0;0;0;1;2;1;0;0;1;0;0;0;0;0;0;1;225;70;6;1;4;5;5;5;1;73;1;0;2;2;5;0;0;8;0;1;3;0;0;2;24;2;0;3;2;0;2;0;2;0;0;5
19;"Dom Kultury ""Chemik"", ul. Niepodległości 51, 41-100 Siemianowice Śląskie";247401;"m. Siemianowice Śląskie";"Siemianowice Śląskie";"śląskie";1;1;6;2;1;1;1;3;0;0;0;0;0;0;0;0;0;0;0;1;0;2;77;1;33;3;6;14;6;4;0;1;0;1;0;4;0;0;0;3;0;1;7;1;52;3;30;12;6;6;2;1;2;0;0;3;0;1;5;1;5;0;1;0;3;3;5;0;324;24;2;9;6;4;0;2;0;1;0;8;1;3;0;1;1;0;1;2;2;0;0;1;47;6;6;0;2;0;3;2;1;0;0;0;2;0;0;0;0;1;1;0;0;0;1;1;337;136;3;3;5;13;5;3;1;95;0;0;3;3;4;3;1;25;0;0;2;0;3;11;44;3;0;3;8;0;3;2;1;0;1;1
20;"Zespół Przedszkolny Nr 1, ul. Grunwaldzka 10, 41-106 Siemianowice Śląskie";247401;"m. Siemianowice Śląskie";"Siemianowice Śląskie";"śląskie";1;1;5;0;4;0;1;1;0;0;1;1;0;0;0;0;0;0;0;1;0;2;109;4;39;1;6;10;1;0;1;2;0;1;4;3;0;0;0;1;0;0;3;3;46;6;18;12;4;3;2;0;7;2;0;2;0;1;3;0;1;0;0;0;0;0;3;0;243;12;0;8;12;11;2;0;0;5;0;3;0;5;0;0;0;1;0;2;0;1;0;3;51;5;8;2;1;0;5;0;0;2;0;3;0;0;0;0;0;1;0;0;0;0;1;1;358;180;3;2;3;10;2;0;0;59;1;3;4;0;6;1;0;5;0;3;1;0;1;1;37;3;2;1;3;1;3;1;0;1;2;1
21;"Siemianowickie Centrum Kultury, ul. Niepodległości 45, 41-106 Siemianowice Śląskie";247401;"m. Siemianowice Śląskie";"Siemianowice Śląskie";"śląskie";1;1;3;3;0;0;1;0;1;0;0;1;0;0;0;0;0;0;0;1;0;0;56;3;36;6;6;12;1;1;0;2;2;0;0;1;1;5;0;1;0;0;1;0;26;5;16;11;2;3;4;1;1;2;2;0;2;0;4;0;3;1;1;0;0;0;3;0;194;24;3;2;7;8;0;0;0;4;1;10;0;0;0;3;0;0;1;1;8;0;0;1;23;6;4;1;0;0;0;0;0;0;0;3;0;0;0;1;0;1;1;0;0;0;0;0;210;111;7;2;1;9;3;1;0;32;1;1;3;1;2;1;0;4;0;1;0;0;1;5;49;2;1;2;2;0;0;3;1;0;1;2
22;"Zespół Przedszkolny Nr 1, ul. Grunwaldzka 10, 41-106 Siemianowice Śląskie";247401;"m. Siemianowice Śląskie";"Siemianowice Śląskie";"śląskie";1;1;9;0;2;0;0;0;1;0;0;0;0;0;0;0;0;0;1;2;0;1;75;4;41;6;0;15;1;3;1;2;1;2;0;2;2;2;0;3;1;0;4;3;37;2;13;31;4;4;0;0;2;4;0;1;1;0;2;0;5;0;1;0;2;2;6;2;252;13;5;6;7;11;0;0;1;2;1;3;0;1;0;1;0;0;3;2;1;0;1;0;35;3;4;4;2;0;1;0;1;1;0;7;0;0;1;1;0;0;0;1;0;1;0;0;285;131;7;6;5;6;0;1;4;44;1;0;0;0;8;1;0;4;0;1;0;0;1;5;37;3;0;4;6;0;2;1;0;0;1;0
23;"Przedszkole Nr 2 ""Tęczowa Dwójeczka"", ul. Związku Harcerstwa Polskiego 8, 41-106 Siemianowice Śląskie";247401;"m. Siemianowice Śląskie";"Siemianowice Śląskie";"śląskie";1;1;4;1;3;0;0;2;1;0;0;1;0;0;0;1;0;0;0;0;0;1;51;6;17;2;5;10;0;1;0;0;0;3;0;2;1;1;0;5;0;0;2;3;23;3;10;6;3;2;1;3;2;1;2;4;0;0;2;0;0;0;0;0;0;1;7;1;218;11;0;5;6;9;0;0;1;1;1;8;1;1;1;1;0;0;0;2;0;0;1;1;12;2;5;1;3;2;0;3;0;2;4;2;2;1;1;0;0;2;0;0;0;1;0;2;183;88;6;4;4;6;1;0;4;49;0;1;0;1;4;0;1;9;0;2;0;0;1;4;30;7;4;4;5;1;1;2;0;1;3;4
24;"Zespół Szkół Sportowych, ul. Mikołaja 3, 41-106 Siemianowice Śląskie";247401;"m. Siemianowice Śląskie";"Siemianowice Śląskie";"śląskie";1;1;5;1;1;1;2;0;1;0;0;0;0;0;0;0;0;0;1;1;1;0;56;0;30;2;4;12;0;1;2;0;2;1;0;1;1;1;3;4;0;0;3;2;31;8;18;13;5;5;0;0;0;0;5;2;0;0;2;0;4;0;2;0;0;2;5;1;198;10;7;12;4;2;0;0;2;1;1;2;0;0;0;0;0;1;0;3;0;2;0;2;40;7;3;1;4;0;0;3;0;2;0;4;1;0;2;0;1;0;3;0;0;0;0;2;250;105;4;1;3;12;2;2;0;57;1;2;1;1;6;1;0;7;0;0;2;0;1;5;27;0;2;0;10;1;2;0;1;0;0;1
25;"Szkoła Podstawowa Nr 8, pl. Plac Skrzeka i Wójcika 4, 41-106 Siemianowice Śląskie";247401;"m. Siemianowice Śląskie";"Siemianowice Śląskie";"śląskie";1;1;3;1;3;0;0;0;2;0;0;0;0;0;0;0;0;0;0;0;1;2;63;3;26;1;3;19;1;2;0;2;0;0;0;1;1;1;1;1;0;0;4;1;21;0;13;7;2;2;1;0;2;1;1;0;1;0;4;1;2;0;0;0;0;0;3;0;110;10;2;1;3;2;0;0;0;0;0;1;1;0;0;0;1;0;0;2;0;0;0;0;29;7;4;0;2;1;1;1;0;1;0;3;1;0;0;2;0;0;1;0;0;0;1;0;200;92;6;0;4;9;1;1;0;46;1;0;2;0;1;0;0;9;2;1;0;0;2;4;16;5;0;1;7;1;0;1;0;0;0;1
26;"Dom Harcerza, ul. Walerego Wróblewskiego 10, 41-106 Siemianowice Śląskie";247401;"m. Siemianowice Śląskie";"Siemianowice Śląskie";"śląskie";1;1;1;0;1;0;0;2;0;0;0;0;1;0;0;0;0;0;0;0;1;1;61;4;33;4;4;20;1;2;6;0;1;2;0;1;3;1;0;3;0;0;4;3;34;3;16;10;3;3;0;2;2;1;0;1;2;0;1;0;0;2;1;1;2;2;4;2;189;13;4;6;11;6;0;0;0;0;2;6;0;7;0;1;0;3;0;2;1;0;0;2;38;6;1;0;0;0;0;3;1;1;1;5;0;1;0;0;0;0;1;0;0;1;1;0;189;142;2;2;5;9;3;0;0;51;1;1;1;0;1;0;0;5;0;2;0;1;3;4;34;4;1;0;7;3;0;1;0;0;1;1
27;"Szkoła Podstawowa Nr 4, ul. Marii Dąbrowskiej 10, 41-103 Siemianowice Śląskie";247401;"m. Siemianowice Śląskie";"Siemianowice Śląskie";"śląskie";1;1;1;0;2;1;0;0;0;0;0;0;0;0;1;0;0;2;0;1;1;1;29;0;11;2;0;18;2;0;2;0;0;0;1;0;0;1;0;2;2;1;2;1;22;1;8;7;1;1;1;0;1;0;1;0;0;0;0;0;1;0;1;0;2;0;3;0;110;11;0;5;8;4;0;1;1;0;0;1;0;0;1;0;0;1;1;3;0;0;0;1;12;1;6;1;0;1;0;0;0;0;0;0;0;1;0;2;0;0;0;0;2;0;0;1;120;51;2;0;0;5;3;2;0;38;0;2;2;2;6;2;0;0;0;0;0;0;0;0;22;4;4;1;9;0;2;0;0;1;1;0
28;"Prywatna Szkoła ARKONA, ul. Stefana Okrzei 2, 41-103 Siemianowice Śląskie";247401;"m. Siemianowice Śląskie";"Siemianowice Śląskie";"śląskie";1;1;7;0;0;0;0;0;0;0;0;0;0;1;0;0;0;0;0;0;0;0;10;0;9;1;0;10;0;3;0;0;0;0;0;0;0;0;0;1;0;0;1;2;1;0;1;1;0;0;0;1;0;0;0;1;1;0;1;1;0;0;0;0;0;1;0;0;78;6;2;0;2;1;0;0;0;2;0;0;0;0;0;1;0;0;1;0;0;0;0;0;10;2;1;0;0;0;0;1;0;0;0;0;0;0;0;0;0;0;0;0;0;0;0;0;52;20;0;0;0;2;0;0;0;11;0;0;0;1;0;0;0;0;0;0;0;0;1;0;15;2;0;0;1;1;0;0;1;0;0;0
29;"Szkoła Podstawowa Nr 16, ul. Karola Szymanowskiego 11, 41-103 Siemianowice Śląskie";247401;"m. Siemianowice Śląskie";"Siemianowice Śląskie";"śląskie";1;1;2;2;0;0;0;1;0;0;0;0;2;0;1;0;1;1;0;1;2;0;56;3;19;3;3;14;3;2;2;2;3;0;3;5;0;2;1;2;2;0;3;1;24;3;18;4;3;2;1;4;0;1;3;2;0;0;3;0;1;0;1;0;2;1;2;1;166;17;2;4;10;6;0;3;1;0;0;8;0;3;2;0;2;1;0;1;2;0;1;0;47;6;4;0;2;0;2;1;0;0;0;3;1;0;0;0;0;0;2;1;0;0;0;1;195;79;2;2;1;13;5;1;2;33;1;2;2;3;4;1;0;3;0;1;2;0;2;2;22;7;4;0;4;0;4;0;1;0;0;4
30;"Szkoła Podstawowa Nr 16, ul. Karola Szymanowskiego 11, 41-103 Siemianowice Śląskie";247401;"m. Siemianowice Śląskie";"Siemianowice Śląskie";"śląskie";1;1;1;2;0;0;0;0;1;1;0;1;0;0;0;0;1;0;0;0;2;1;26;2;12;1;2;11;1;2;0;0;2;3;2;2;0;0;1;1;1;0;2;2;20;3;10;5;4;4;0;3;1;3;1;0;0;0;0;0;0;0;0;0;1;0;2;0;148;8;1;2;12;2;0;0;0;2;1;3;0;1;0;1;0;0;0;3;2;0;0;0;24;6;1;0;0;0;0;0;0;0;0;2;0;1;1;1;0;0;2;0;0;1;0;0;143;53;0;4;2;2;1;3;1;28;0;0;0;1;2;0;0;3;0;1;0;0;1;2;21;2;2;0;2;4;0;0;3;2;1;4
31;"Ośrodek Rehabilitacyjny, ul. Wiejska 2, 41-103 Siemianowice Śląskie";247401;"m. Siemianowice Śląskie";"Siemianowice Śląskie";"śląskie";1;1;8;1;2;0;0;0;0;0;0;1;1;0;1;0;0;0;0;0;1;1;113;10;25;3;5;21;4;3;1;0;0;3;1;1;1;2;0;1;5;0;3;3;44;10;13;6;5;4;0;1;1;1;2;0;0;1;2;2;1;0;0;0;3;1;1;0;142;9;5;3;8;8;1;0;0;0;2;33;0;1;0;1;0;0;1;2;1;0;0;0;41;14;5;1;1;2;0;1;0;1;2;1;1;0;0;0;0;1;1;0;0;0;2;1;290;146;9;4;2;6;8;3;2;67;0;0;1;2;18;0;0;5;0;2;0;0;1;6;40;11;1;2;9;0;1;0;0;0;1;2
32;"Szkoła Podstawowa Nr 4, ul. Marii Dąbrowskiej 10, 41-103 Siemianowice Śląskie";247401;"m. Siemianowice Śląskie";"Siemianowice Śląskie";"śląskie";1;1;2;1;0;0;0;0;1;0;0;0;1;0;0;0;0;0;0;0;0;0;32;2;11;2;1;6;0;0;0;0;0;0;0;2;0;0;0;3;2;0;1;0;18;1;11;1;2;0;0;1;3;1;1;0;0;0;1;0;0;0;1;0;0;1;3;0;74;3;2;0;15;6;1;0;0;0;0;2;0;1;0;0;0;2;2;2;0;0;0;0;11;5;3;0;0;0;1;0;0;0;0;0;0;0;0;1;0;0;0;0;0;0;0;0;113;37;2;0;0;2;6;1;1;8;0;1;0;0;3;0;0;0;1;0;1;0;0;1;14;2;0;0;1;0;0;0;1;0;0;2
33;"Przedszkole Nr 12, ul. Oświęcimska 3, 41-103 Siemianowice Śląskie";247401;"m. Siemianowice Śląskie";"Siemianowice Śląskie";"śląskie";1;1;9;1;0;1;1;1;2;0;2;1;1;0;0;0;0;0;0;0;1;0;38;2;22;1;3;26;3;6;2;2;0;1;1;2;1;6;0;3;4;0;3;3;38;5;17;9;3;2;0;1;0;3;1;3;0;1;1;1;3;0;4;0;3;1;4;2;295;14;4;7;23;4;2;0;2;1;0;7;2;2;1;1;0;0;0;1;1;0;0;2;41;8;3;0;5;1;0;1;1;2;2;1;0;1;0;0;0;0;2;1;0;1;1;2;238;76;6;1;3;9;5;1;0;20;0;0;5;3;5;0;0;3;0;0;1;0;0;1;25;5;1;1;12;1;1;0;0;0;0;3
34;"Szkoła Podstawowa Nr 13, ul. Norberta Barlickiego 2, 41-103 Siemianowice Śląskie";247401;"m. Siemianowice Śląskie";"Siemianowice Śląskie";"śląskie";1;1;7;2;1;1;2;0;3;0;1;0;0;1;2;0;3;0;0;2;3;1;95;8;37;5;1;34;0;1;0;3;2;3;0;5;1;1;1;3;1;0;5;4;50;3;11;14;4;5;6;0;4;3;4;0;0;0;3;3;2;0;0;1;2;1;8;1;349;27;15;5;27;6;0;1;1;2;1;8;0;2;2;0;0;0;1;4;3;0;0;3;50;8;7;3;1;1;2;0;2;1;1;5;2;0;0;0;1;1;2;0;1;2;2;2;261;107;1;2;3;12;4;5;2;93;0;0;4;2;17;0;0;2;1;1;2;1;1;8;34;6;5;4;16;2;1;1;0;0;3;1
35;"Przedszkole Nr 16, ul. Stawowa 22, 41-103 Siemianowice Śląskie";247401;"m. Siemianowice Śląskie";"Siemianowice Śląskie";"śląskie";1;1;4;1;0;0;2;0;0;0;2;0;1;1;0;0;0;1;0;1;0;0;54;6;36;7;6;21;5;1;1;0;0;0;0;1;1;1;0;1;0;4;4;3;42;6;23;8;8;13;0;1;5;0;3;1;0;0;1;0;2;1;3;0;3;0;2;1;296;19;5;9;34;8;1;0;0;4;0;13;0;1;1;1;1;4;0;5;1;0;3;3;40;11;12;2;3;0;4;0;2;1;2;7;0;0;0;0;0;0;0;2;0;0;1;0;277;102;6;4;4;12;5;0;5;71;1;2;0;1;24;2;0;6;0;0;0;1;1;1;46;1;1;3;7;8;3;1;1;0;2;1
36;"Przedszkole Nr 6, ul. Kościelna 39, 41-103 Siemianowice Śląskie";247401;"m. Siemianowice Śląskie";"Siemianowice Śląskie";"śląskie";1;1;5;1;1;0;1;0;2;0;0;0;0;0;0;0;1;0;0;0;0;1;55;4;30;4;0;13;1;2;0;0;1;1;1;1;0;0;2;4;0;2;1;1;26;4;10;9;3;2;3;2;2;1;1;1;0;0;1;0;3;0;1;0;1;2;5;0;176;7;13;3;15;1;0;0;1;0;0;6;0;0;1;0;0;1;0;3;0;1;2;1;27;8;4;3;5;2;2;2;0;0;0;3;1;0;0;0;0;1;0;0;0;0;2;0;179;63;6;3;1;7;8;1;1;39;0;2;1;1;9;0;0;7;0;0;5;0;1;1;17;0;1;3;6;2;2;0;1;1;0;2
37;"Zespół Szkół Ogólnokształcących i Zawodowych, ul. Witolda Budryka 2, 41-103 Siemianowice Śląskie";247401;"m. Siemianowice Śląskie";"Siemianowice Śląskie";"śląskie";1;1;1;0;0;2;0;0;0;0;0;0;0;0;0;0;0;0;0;0;0;0;14;2;6;3;3;8;0;1;0;0;0;0;1;1;1;0;0;1;0;0;0;0;15;1;6;4;5;2;0;0;0;0;1;1;0;0;0;2;0;0;0;0;0;0;0;1;109;6;3;2;8;1;0;0;0;0;2;0;0;0;0;0;0;0;0;1;0;0;0;0;26;3;3;1;2;1;1;0;1;2;3;1;0;0;1;0;0;0;0;0;0;0;0;5;66;35;1;2;3;5;3;0;0;11;0;2;0;1;0;0;0;4;0;0;0;0;3;0;9;2;0;0;4;0;2;1;2;0;0;0
38;"Siedziba Firmy ""Euro Pol"", ul. Stefana Żeromskiego 21, 41-103 Siemianowice Śląskie";247401;"m. Siemianowice Śląskie";"Siemianowice Śląskie";"śląskie";1;1;8;0;3;1;0;0;0;2;0;1;0;2;0;0;0;0;0;1;3;0;68;2;31;2;1;21;0;2;1;1;1;0;1;6;0;1;0;3;1;0;7;4;23;5;18;12;3;3;0;0;2;2;2;2;0;0;0;0;4;1;3;0;1;1;4;0;215;11;2;3;21;7;0;0;0;1;0;7;0;4;0;1;0;1;1;6;1;0;1;3;53;16;8;2;5;1;1;1;1;3;0;5;1;0;1;0;0;3;2;0;2;1;0;5;163;101;4;10;3;5;5;3;1;45;3;0;4;1;14;2;1;4;0;0;0;2;3;1;19;4;1;0;9;0;2;1;0;0;0;0
39;"Szkoła Podstawowa Nr 13, ul. Norberta Barlickiego 2, 41-103 Siemianowice Śląskie";247401;"m. Siemianowice Śląskie";"Siemianowice Śląskie";"śląskie";1;1;2;1;1;2;0;1;0;0;0;0;2;0;0;0;1;0;0;0;2;0;60;1;20;3;1;11;1;1;0;0;0;1;0;3;1;1;0;4;1;0;5;3;26;1;11;8;1;9;1;0;4;1;1;2;0;3;1;0;1;0;2;0;4;0;4;0;211;10;5;1;17;7;1;1;0;3;1;7;0;0;1;0;0;1;0;3;1;0;0;0;27;2;5;1;1;3;0;1;0;3;1;1;1;0;0;1;0;1;1;0;0;0;0;1;185;87;3;4;5;10;1;1;2;46;1;2;0;3;10;0;0;5;1;0;1;0;1;6;24;7;1;0;2;1;2;0;1;0;0;0
40;"Szpital Miejski, ul. 1 Maja 9, 41-100 Siemianowice Śląskie";247401;"m. Siemianowice Śląskie";"Siemianowice Śląskie";"śląskie";1;1;1;0;0;0;0;0;0;0;0;0;0;0;0;0;0;0;0;0;0;0;2;1;0;0;0;0;0;1;1;0;0;0;0;0;0;0;0;0;0;0;0;0;2;0;1;0;0;0;0;0;2;0;0;0;0;0;0;0;0;0;0;0;0;0;0;0;17;1;0;0;1;0;0;0;0;0;0;1;0;0;0;0;0;0;0;0;0;0;0;0;2;0;0;0;0;0;0;0;0;0;0;0;0;0;0;0;0;0;0;0;0;0;0;0;15;2;0;0;0;0;0;0;0;1;0;0;0;0;0;0;0;0;0;0;0;0;0;0;0;0;0;0;1;0;0;0;0;0;0;0
41;"Szpital Nefrolux, ul. Szpitalna 6, 41-100 Siemianowice Śląskie";247401;"m. Siemianowice Śląskie";"Siemianowice Śląskie";"śląskie";1;1;0;0;0;0;0;0;0;0;0;0;0;0;0;0;0;0;0;0;0;0;0;0;3;0;0;0;0;1;0;0;0;0;0;0;0;0;0;0;0;0;0;0;0;0;0;0;0;0;0;0;0;0;0;0;0;0;0;0;0;0;0;0;0;0;0;0;6;0;0;0;0;0;0;0;0;0;0;0;0;0;0;0;0;0;0;1;0;0;0;0;0;0;0;0;0;0;0;0;0;0;0;0;0;0;0;0;0;0;0;0;0;0;0;0;7;0;0;0;0;0;0;0;0;0;0;0;0;0;0;0;0;0;0;0;0;0;0;0;0;0;0;0;0;0;0;0;0;0;0;0
1;"Przedszkole Miejskie Nr 9, ul. Sportowa 6, 41-608 Świętochłowice";247601;"m. Świętochłowice";"Świętochłowice";"śląskie";1;1;11;0;3;0;3;1;1;0;0;0;0;1;1;0;2;0;1;0;3;3;52;3;37;4;3;2;1;1;0;1;1;0;1;1;1;1;0;2;4;0;3;5;27;6;13;2;5;1;2;0;7;1;2;4;1;0;0;7;1;1;2;0;4;1;1;1;305;28;9;20;32;6;1;3;0;1;0;2;0;1;1;4;1;0;1;0;3;0;1;3;46;8;7;0;0;0;1;3;0;1;2;1;0;0;1;0;0;1;1;0;2;2;0;5;248;71;6;7;3;13;1;3;1;3;0;2;5;25;1;11;1;1;1;1;1;0;3;5;21;1;0;3;2;2;2;2;0;0;0;1
2;"Szkoła Podstawowa z Oddziałami Integracyjnymi Nr 17 im. Gustawa Morcinka, ul. Armii Krajowej 14, 41-608 Świętochłowice";247601;"m. Świętochłowice";"Świętochłowice";"śląskie";1;1;6;1;0;1;1;0;1;0;0;2;0;0;1;0;2;0;1;0;1;0;17;1;21;1;2;5;1;1;1;0;3;0;0;2;0;1;1;1;9;0;1;2;14;0;9;0;2;0;2;1;0;1;0;0;0;0;1;1;3;0;2;0;1;0;4;0;244;6;1;9;11;6;0;2;0;2;2;1;1;8;0;1;0;3;1;0;3;3;0;3;37;4;4;1;1;1;0;0;1;2;1;1;0;0;1;1;0;2;0;0;0;0;1;5;137;35;1;2;1;8;1;1;2;0;2;2;3;17;0;8;0;1;0;0;1;0;3;4;8;4;0;1;2;0;0;0;0;0;0;1
3;"Miejskie Przedsiębiorstwo Usług Komunalnych w Świętochłowicach Sp. z o. o., ul. Łagiewnicka 76, 41-608 Świętochłowice";247601;"m. Świętochłowice";"Świętochłowice";"śląskie";1;1;7;0;2;0;0;0;0;0;2;0;0;0;0;0;1;0;1;1;2;0;44;1;32;2;1;5;3;4;3;1;1;1;0;2;1;0;0;2;22;0;4;6;40;3;12;2;5;1;1;1;1;1;1;0;1;0;0;3;0;1;3;0;4;1;4;0;287;10;7;26;14;5;2;0;1;2;2;0;0;2;3;0;0;2;1;0;3;0;0;2;40;0;7;0;3;0;0;2;1;0;0;1;2;1;0;0;0;0;1;0;2;0;1;12;239;84;5;13;4;17;0;3;1;4;0;0;3;35;0;11;0;0;0;1;0;0;2;9;8;6;1;1;2;1;0;1;0;0;0;1
4;"Szkoła Podstawowa Specjalna Nr 10, ul. Łagiewnicka 65, 41-608 Świętochłowice";247601;"m. Świętochłowice";"Świętochłowice";"śląskie";1;1;11;2;1;0;2;1;3;0;0;1;1;0;0;0;1;0;0;1;2;1;56;3;41;3;6;4;1;2;1;0;0;2;1;1;1;1;0;3;11;0;1;2;29;6;8;0;4;0;2;0;1;1;0;3;0;0;1;2;2;0;1;0;2;1;2;0;290;20;5;44;23;6;2;1;0;1;1;0;1;4;1;1;0;0;1;0;4;0;2;1;27;8;8;4;2;0;1;4;1;0;0;0;0;0;1;2;0;0;0;1;0;0;2;7;263;108;3;8;3;10;2;3;0;1;0;0;2;25;0;15;1;0;0;0;2;0;3;2;8;1;2;1;1;1;2;0;0;1;1;0
5;"Zespół Szkół Ogólnokształcących w Świętochłowicach, ul. Sudecka 5, 41-608 Świętochłowice";247601;"m. Świętochłowice";"Świętochłowice";"śląskie";1;1;7;0;4;0;0;0;1;0;0;0;0;0;0;0;1;0;1;1;3;2;41;4;31;2;2;3;6;0;0;1;1;1;0;2;0;0;1;2;14;1;0;3;31;4;11;3;1;2;2;0;2;1;2;1;1;0;3;1;1;1;0;0;1;2;2;0;251;16;1;19;20;5;0;2;0;0;0;1;0;0;1;3;0;0;0;0;5;0;0;4;23;7;6;0;1;0;1;1;0;0;0;0;0;0;1;0;0;1;0;0;0;0;0;5;190;71;1;6;4;8;2;0;2;2;0;0;3;20;0;7;0;0;0;1;0;0;2;3;9;2;0;0;1;0;2;0;0;1;0;2
6;"Zespół Szkół Ogólnokształcących, ul. Sudecka 5, 41-608 Świętochłowice";247601;"m. Świętochłowice";"Świętochłowice";"śląskie";1;1;10;1;1;0;1;0;2;0;0;0;0;0;0;0;1;1;0;0;1;1;60;4;43;2;5;5;0;0;3;1;2;1;2;2;1;0;1;1;9;0;8;3;32;3;17;1;8;2;3;1;3;3;0;2;0;0;0;6;1;0;0;0;1;1;2;0;170;11;7;25;12;7;1;2;0;1;1;0;0;2;1;0;0;0;1;0;2;1;0;4;24;7;8;0;4;0;3;3;1;0;0;2;0;1;1;0;0;1;1;0;0;0;2;11;235;113;3;10;3;18;2;0;1;1;0;1;2;34;1;10;0;0;9;0;0;0;1;2;4;3;1;0;1;0;0;0;0;0;0;0
7;"Szkoła Podstawowa nr 19 im. Bolesława Chrobrego, ul. Bolesława Chrobrego 4, 41-605 Świętochłowice";247601;"m. Świętochłowice";"Świętochłowice";"śląskie";1;1;3;0;2;1;2;0;1;1;1;1;0;0;1;0;0;0;0;0;1;0;26;4;24;2;3;5;0;0;2;0;1;0;0;0;0;1;0;1;6;0;2;3;14;2;5;1;5;2;1;1;1;0;0;1;0;0;1;0;1;0;1;0;2;0;6;0;159;4;11;7;3;3;0;0;1;1;1;1;0;2;1;0;0;0;0;0;2;0;1;0;26;4;3;2;0;0;2;0;0;0;0;0;0;0;0;0;0;0;1;0;0;1;1;6;120;31;1;4;2;17;1;4;1;0;1;0;2;5;0;5;0;1;1;0;1;0;1;1;3;0;0;2;0;0;1;0;1;0;1;0
8;"Szkoła Podstawowa nr 19 im. Bolesława Chrobrego, ul. Bolesława Chrobrego 4, 41-605 Świętochłowice";247601;"m. Świętochłowice";"Świętochłowice";"śląskie";1;1;3;4;0;0;3;3;1;1;0;0;0;0;0;0;1;0;0;0;1;2;31;2;14;5;3;4;2;0;2;2;0;0;0;4;0;0;0;3;8;0;2;5;7;4;10;0;3;1;1;0;1;0;0;1;0;0;0;0;3;1;0;1;3;0;0;1;164;3;14;14;8;7;0;0;0;2;0;0;3;0;2;1;0;1;0;0;5;0;1;0;31;5;5;2;0;0;2;0;0;1;1;1;0;1;0;1;0;0;0;0;0;0;0;7;121;62;1;8;2;32;0;0;1;3;1;0;2;12;0;13;0;0;0;0;0;0;3;5;5;0;0;0;1;0;0;0;0;0;0;1
9;"Poradnia Psychologiczno-Pedagogiczna, ul. Sądowa 1, 41-605 Świętochłowice";247601;"m. Świętochłowice";"Świętochłowice";"śląskie";1;1;4;2;2;1;0;0;2;0;1;0;0;1;0;3;1;0;0;0;0;2;29;2;27;1;1;4;2;1;2;2;2;0;0;0;0;5;0;1;10;0;6;3;25;6;10;3;5;1;0;1;1;2;1;1;2;0;3;3;3;0;4;0;2;1;7;0;220;7;7;14;10;8;2;2;0;1;1;0;0;2;0;4;0;4;1;1;6;0;0;1;44;7;4;3;0;0;1;3;1;1;0;0;0;1;0;0;0;0;0;1;0;1;0;10;167;55;10;10;2;17;0;3;2;2;1;2;4;15;1;9;2;1;0;1;1;0;1;2;8;3;0;1;0;0;1;1;1;1;0;1
10;"Miejska Biblioteka Publiczna, ul. Chorzowska 37, 41-605 Świętochłowice";247601;"m. Świętochłowice";"Świętochłowice";"śląskie";1;1;13;1;0;1;1;0;2;0;0;0;0;0;0;1;3;0;1;1;2;0;74;2;43;5;0;10;1;7;5;2;1;1;0;4;0;2;1;3;14;0;5;4;38;6;20;2;9;1;1;0;3;2;0;4;0;0;1;1;3;3;0;0;1;1;2;1;296;14;8;26;41;2;0;1;0;1;2;0;0;1;1;0;0;1;12;0;11;0;1;4;47;8;5;1;0;1;1;3;0;0;1;1;0;0;1;0;0;0;1;0;2;0;0;10;240;121;7;7;3;16;3;5;0;1;1;1;9;39;0;30;0;0;1;4;1;0;1;7;14;3;1;1;0;1;2;0;0;0;1;2
11;"Świetlica Spółdzielni Mieszkaniowej, ul. Wojciecha Korfantego 1, 41-605 Świętochłowice";247601;"m. Świętochłowice";"Świętochłowice";"śląskie";1;1;7;3;1;0;0;2;0;0;1;2;0;0;1;0;1;0;1;0;1;0;36;5;46;4;4;8;2;0;0;0;1;0;0;2;0;1;1;6;14;1;3;2;27;6;12;7;6;2;0;0;1;0;0;0;2;0;0;2;2;0;1;1;1;1;5;2;278;12;10;19;40;5;0;2;1;0;0;0;0;6;2;0;1;1;1;0;10;0;1;0;26;7;3;0;0;0;2;1;0;0;1;0;0;0;2;2;0;0;0;0;0;0;1;5;247;84;8;12;0;12;1;1;0;2;0;2;6;46;0;12;0;0;0;1;3;0;0;5;11;4;3;2;0;0;0;0;0;0;0;1
12;"Szkoła Podstawowa Nr 1 im. Miłośników Ziemi Śląskiej, ul. Juliana Zubrzyckiego 38, 41-605 Świętochłowice";247601;"m. Świętochłowice";"Świętochłowice";"śląskie";1;1;11;0;1;1;1;1;2;0;1;0;1;1;1;0;1;0;1;1;2;1;61;5;40;2;6;9;2;2;6;2;1;0;1;1;1;1;1;3;9;1;1;5;52;6;24;0;6;3;0;0;4;0;3;4;1;0;5;2;1;0;2;0;6;1;2;0;328;11;14;43;22;13;1;0;0;0;0;0;0;3;5;1;0;1;0;0;4;0;0;0;56;7;7;2;2;1;0;0;1;3;0;0;0;0;1;1;0;2;1;0;0;2;1;11;295;120;8;8;3;17;1;0;2;0;3;1;1;42;0;16;0;0;4;3;0;0;1;2;11;3;0;1;0;2;1;3;0;0;1;1
13;"Szkoła Podstawowa Nr 4 im. Tadeusza Kościuszki, ul. Szkolna 17, 41-600 Świętochłowice";247601;"m. Świętochłowice";"Świętochłowice";"śląskie";1;1;7;1;1;1;1;0;0;0;0;0;1;0;0;1;0;0;0;0;3;1;27;2;20;1;4;3;2;2;1;2;0;0;1;3;0;0;2;0;13;0;5;2;21;9;15;2;0;0;1;0;4;2;1;3;0;0;2;1;1;0;2;0;1;0;3;0;171;4;9;5;5;1;0;3;0;1;2;3;1;0;0;2;0;1;2;0;2;1;1;0;23;6;7;0;0;2;3;6;0;3;2;0;1;0;0;1;0;1;0;1;1;0;0;14;122;34;7;11;0;22;1;1;1;1;0;0;0;26;2;1;0;0;0;0;1;0;1;2;8;3;4;1;2;0;0;0;0;0;0;2
14;"Szkoła Podstawowa Nr 4 im. Tadeusza Kościuszki, ul. Szkolna 17, 41-600 Świętochłowice";247601;"m. Świętochłowice";"Świętochłowice";"śląskie";1;1;12;0;2;0;1;0;1;0;0;1;2;1;0;2;3;0;0;0;3;3;57;1;42;8;2;4;2;1;3;1;1;0;0;4;0;1;1;1;23;0;1;2;33;2;22;0;3;0;3;0;4;0;1;3;1;0;1;3;5;0;2;1;1;1;4;1;323;12;4;30;23;12;0;0;4;0;1;1;1;2;3;1;1;0;1;0;9;0;0;2;23;7;7;0;1;3;1;2;2;0;0;0;1;1;0;0;0;0;0;0;0;0;1;13;264;120;6;10;4;8;2;0;0;2;2;0;5;59;0;6;0;0;1;0;0;1;0;8;10;9;1;1;3;1;3;0;0;0;1;2
15;"Szkoła Podstawowa Nr 2, ul. Wyzwolenia 50, 41-600 Świętochłowice";247601;"m. Świętochłowice";"Świętochłowice";"śląskie";1;1;10;2;2;0;3;3;2;0;0;1;0;1;0;0;3;0;1;1;0;2;36;3;34;6;6;3;0;1;2;1;1;0;1;0;0;1;0;0;10;0;3;3;27;1;22;1;3;2;2;3;2;2;0;0;0;0;2;6;3;0;1;0;0;1;3;0;241;8;13;13;25;10;3;2;0;0;0;0;0;1;0;0;0;0;0;0;7;0;0;3;26;11;2;0;1;0;1;0;0;0;1;1;1;0;0;0;0;0;0;3;0;0;4;8;166;79;5;23;3;22;2;0;2;3;0;1;5;32;0;7;0;0;1;1;1;0;1;12;8;2;1;1;3;0;1;0;0;0;2;2
16;"I liceum Ogólnokształcące z Oddziałami Dwujęzycznymi im. Jana Kochanowskiego w Świętochłowicach, ul. Licealna 1, 41-600 Świętochłowice";247601;"m. Świętochłowice";"Świętochłowice";"śląskie";1;1;8;0;3;1;1;0;1;0;0;0;0;0;0;0;1;0;0;0;0;1;41;0;27;3;2;3;5;4;1;1;0;0;1;1;0;1;2;3;12;1;2;1;33;5;10;1;8;1;1;0;1;1;0;3;0;0;5;2;3;0;2;0;2;0;3;0;234;4;8;11;12;7;2;1;0;0;1;1;1;2;2;1;1;1;1;7;0;0;0;2;28;11;0;2;0;1;2;3;1;4;0;1;0;1;0;2;0;0;0;0;2;0;1;14;200;51;6;14;3;12;0;2;1;1;1;2;3;28;0;2;0;1;0;0;1;1;1;5;5;4;0;0;0;0;0;0;1;0;1;0
17;"Szkoła Podstawowa nr 2, ul. Wyzwolenia 50, 41-600 Świętochłowice";247601;"m. Świętochłowice";"Świętochłowice";"śląskie";1;1;6;2;5;0;3;0;0;0;0;1;1;2;1;2;0;0;0;1;2;1;46;1;28;1;3;3;2;2;2;0;0;0;0;1;0;2;2;2;11;1;1;4;32;4;17;5;3;1;4;0;2;1;0;5;4;0;0;3;6;2;1;1;2;1;7;0;233;13;9;17;36;8;0;2;0;0;0;2;0;3;2;0;2;0;0;0;6;0;0;0;43;18;6;1;0;1;0;3;0;1;0;2;2;0;1;0;0;1;1;1;0;0;2;12;209;62;5;15;3;25;1;4;0;2;0;4;4;28;1;5;0;1;1;0;2;1;2;7;10;6;1;3;0;0;2;3;0;0;1;0
18;"Muzeum Powstań Śląskich w Świętochłowicach, ul. Wiktora Polaka 1, 41-600 Świętochłowice";247601;"m. Świętochłowice";"Świętochłowice";"śląskie";1;1;6;0;1;1;2;4;0;0;0;1;1;0;1;0;0;1;1;1;1;0;40;3;35;0;1;4;0;5;2;1;1;1;0;4;0;1;0;2;9;0;6;1;45;7;13;1;7;2;5;1;5;3;2;2;0;1;3;1;1;2;2;0;2;3;2;0;216;7;5;18;10;7;0;1;0;0;0;0;0;2;5;1;0;1;0;0;13;0;1;3;31;4;4;0;4;1;1;1;1;2;0;0;2;0;0;0;0;0;0;1;2;0;0;14;189;66;7;8;6;20;2;2;0;3;1;5;6;23;0;4;1;0;0;2;3;1;2;8;9;1;0;0;0;1;1;1;0;1;1;0
19;"Zespół Szkół Technicznych i Zawodowych im. Augustyna Świdra, ul. Władysława Sikorskiego 9, 41-600 Świętochłowice";247601;"m. Świętochłowice";"Świętochłowice";"śląskie";1;1;3;0;0;0;1;0;0;0;0;1;2;2;1;1;2;0;0;0;1;4;33;0;32;2;4;2;3;1;0;0;0;0;0;2;1;5;0;4;7;0;0;1;28;5;12;2;1;1;1;0;1;0;0;4;0;0;1;6;1;0;1;0;3;4;0;0;227;13;12;4;2;7;0;1;1;1;0;0;0;1;3;1;0;1;0;0;8;0;1;3;33;8;2;4;2;1;2;2;1;1;0;0;0;0;0;0;0;1;2;0;0;1;0;31;150;44;9;10;0;15;1;0;3;0;0;0;2;29;2;1;1;0;0;0;3;1;1;3;7;4;1;0;0;0;1;0;0;0;0;4
20;"Zespół Szkolno-Przedszkolny, ul. Fryderyka Chopina 1, 41-600 Świętochłowice";247601;"m. Świętochłowice";"Świętochłowice";"śląskie";1;1;5;1;3;0;3;0;0;0;1;2;1;0;0;1;1;0;0;0;0;0;33;2;34;0;3;4;0;3;3;0;0;0;1;3;0;0;1;2;9;2;2;5;22;2;12;1;4;1;1;2;1;2;0;2;0;0;1;6;5;0;1;0;0;1;2;1;206;19;4;16;7;4;1;1;0;0;2;0;0;1;1;3;0;0;0;0;6;0;0;5;34;5;6;0;2;0;1;0;0;0;0;1;1;2;0;0;0;1;1;0;1;2;0;13;168;72;4;21;0;20;1;1;2;1;0;0;3;39;1;9;0;0;1;2;2;0;2;4;11;5;1;3;0;0;0;1;1;0;0;1
21;"Centrum Kultury Śląskiej-Zgoda, ul. Juliusza Krauzego 1, 41-600 Świętochłowice";247601;"m. Świętochłowice";"Świętochłowice";"śląskie";1;1;3;0;3;0;0;0;0;0;1;0;1;1;4;0;0;1;0;0;0;0;44;2;71;3;7;3;3;0;0;0;3;2;3;1;0;0;2;0;8;1;1;1;32;4;19;2;3;0;1;1;3;3;0;2;0;0;2;3;2;1;1;0;3;0;3;0;276;11;9;17;8;4;2;1;1;1;0;0;1;6;1;0;0;2;2;0;8;0;0;9;32;14;4;1;1;1;0;0;0;1;0;1;0;0;1;1;0;2;0;0;0;1;1;37;211;75;6;17;0;21;0;1;0;3;0;0;3;31;0;4;0;0;1;0;1;0;1;7;8;4;0;2;2;0;1;0;1;0;0;3
22;"Szkoła Podstawowa Nr 8 im. Jana III Sobieskiego, ul. Wiśniowa 9, 41-600 Świętochłowice";247601;"m. Świętochłowice";"Świętochłowice";"śląskie";1;1;9;1;3;4;2;3;1;0;0;2;1;0;1;1;0;0;0;0;2;0;99;5;56;7;6;9;2;3;0;2;0;2;0;2;0;5;0;5;11;0;1;2;47;8;27;1;9;1;3;1;1;10;1;5;1;0;1;6;8;1;1;0;2;0;1;0;307;12;16;22;15;13;0;2;0;0;0;1;0;5;2;1;1;0;2;1;21;0;2;2;67;6;9;0;3;0;0;3;0;1;2;2;2;0;0;1;0;1;0;0;0;0;0;28;335;144;6;21;7;27;1;2;2;4;0;1;20;58;0;9;0;1;3;1;9;2;1;9;18;1;2;1;0;1;0;1;0;0;0;2
23;"Powiatowy Urząd Pracy w Świętochłowicach, ul. Plebiscytowa 3, 41-600 Świętochłowice";247601;"m. Świętochłowice";"Świętochłowice";"śląskie";1;1;3;0;0;0;2;0;0;0;0;1;0;0;1;0;0;0;0;0;0;0;29;0;25;1;4;3;4;0;0;1;0;0;0;2;0;0;0;3;7;0;1;1;24;2;8;3;6;0;1;0;2;1;0;4;0;0;0;1;2;0;1;1;1;1;1;0;153;4;3;7;5;8;0;1;1;0;0;0;0;1;4;2;0;0;2;0;4;0;1;1;13;5;3;0;1;0;1;0;0;2;0;0;1;0;1;0;0;1;1;0;0;1;0;14;97;32;6;10;3;9;0;1;2;0;0;1;1;28;0;0;0;3;2;0;4;0;0;4;3;1;0;1;0;0;0;0;0;0;0;0
24;"Miejski Dom Pomocy Społecznej ""Złota Jesień"", ul. Emanuela Imieli 12, 41-605 Świętochłowice";247601;"m. Świętochłowice";"Świętochłowice";"śląskie";1;1;3;0;0;0;0;1;1;0;0;0;0;0;0;0;0;0;0;0;0;0;1;0;0;0;0;0;0;0;0;0;0;0;1;0;0;0;0;0;1;0;0;1;0;0;0;0;0;0;0;1;1;0;0;0;0;0;0;0;0;0;0;0;0;0;0;0;8;0;0;0;2;1;0;0;0;1;0;0;0;0;2;0;0;0;0;0;0;0;0;0;1;0;0;0;0;0;0;0;0;0;0;0;1;0;0;0;0;0;0;0;0;0;0;0;0;0;0;0;0;0;0;0;0;0;0;0;0;0;0;0;0;0;0;0;0;0;0;0;1;1;0;0;0;0;0;0;0;0;0;2
25;"Szpital Powiatowy Zespołu Opieki Zdrowotnej w Świętochłowicach Sp. z o. o., ul. Chorzowska 36, 41-605 Świętochłowice";247601;"m. Świętochłowice";"Świętochłowice";"śląskie";1;1;0;0;0;0;0;0;0;0;0;0;0;0;0;0;0;0;0;0;0;0;1;0;4;0;2;1;0;0;1;0;0;0;0;0;0;0;0;1;0;0;1;0;0;0;0;0;1;0;0;0;0;0;0;0;0;0;0;1;1;0;0;0;1;0;0;0;34;1;0;0;1;0;0;0;0;0;0;0;0;1;0;0;0;1;0;0;0;0;0;0;0;1;0;0;0;0;0;0;0;0;0;0;0;0;0;0;0;0;0;0;0;0;0;0;18;0;0;1;0;1;0;0;0;0;0;0;0;0;0;0;0;0;0;0;0;0;0;0;0;0;0;0;0;0;0;0;0;0;0;0
26;"Zakład Opiekuńczo-Leczniczy, ul. Szpitalna 2, 41-600 Świętochłowice";247601;"m. Świętochłowice";"Świętochłowice";"śląskie";1;1;0;1;0;0;0;1;0;0;0;0;0;0;0;0;0;0;0;0;0;0;0;0;0;0;0;0;0;0;0;0;0;0;0;0;0;0;0;0;0;0;0;0;0;0;0;0;0;1;0;0;0;0;0;0;0;0;0;0;0;0;0;0;0;0;0;0;7;0;0;0;0;1;0;0;0;0;0;0;0;0;0;0;0;0;0;0;0;0;0;1;1;0;0;0;0;0;0;0;0;0;0;0;0;0;0;0;0;0;0;0;0;0;0;0;0;1;0;0;0;0;0;0;0;0;0;0;0;0;0;0;0;0;0;0;0;0;0;0;0;0;0;0;0;0;0;0;0;0;0;0
27;"Dom Pomocy Społecznej św. Antoni, ul. Biskupa Teodora Kubiny 11, 41-600 Świętochłowice";247601;"m. Świętochłowice";"Świętochłowice";"śląskie";1;1;2;0;0;0;0;0;1;0;0;0;0;0;0;0;0;0;0;0;0;0;1;0;0;0;0;0;0;0;0;0;0;0;0;0;0;1;0;0;0;0;0;0;0;0;0;0;0;0;0;0;0;0;0;0;0;0;0;0;0;0;0;0;0;0;1;0;3;0;0;0;0;0;0;0;0;0;0;0;0;0;0;0;0;0;0;0;0;0;0;0;0;1;0;0;0;0;0;0;0;0;0;0;0;0;0;0;0;0;0;0;0;0;0;0;0;0;0;0;0;0;0;0;0;0;0;0;0;0;0;0;0;0;0;0;0;0;0;0;0;0;0;0;0;0;0;0;0;0;0;0
1;"II Liceum Ogólnokształcące z Oddziałami Integracyjnymi im. Cypriana Kamila Norwida w Tychach, ul. Cypriana Norwida 40, 43-100 Tychy";247701;"m. Tychy";"Tychy";"śląskie";1;1;6;1;1;1;0;0;2;1;0;0;0;0;1;1;1;1;0;1;1;1;226;7;24;1;13;7;2;1;0;2;26;1;0;4;0;2;2;1;0;0;2;5;30;2;16;2;3;1;1;0;0;2;0;5;1;0;0;0;3;2;2;0;1;0;1;1;260;24;8;6;0;20;2;2;5;0;0;0;2;0;2;0;0;0;2;0;0;0;0;21;47;12;18;1;1;0;1;1;0;0;3;1;0;1;4;0;0;1;1;1;2;0;1;2;409;200;18;6;19;20;0;2;0;1;16;9;0;1;0;0;0;1;1;4;2;0;2;10;16;4;2;0;1;3;4;7;1;0;1;0
2;"Szkoła Podstawowa Nr 1 im. Rudolfa Zaręby w Tychach, pl. Plac Wolności 4, 43-100 Tychy";247701;"m. Tychy";"Tychy";"śląskie";1;1;10;2;3;1;1;1;0;0;1;0;1;1;0;0;1;1;0;0;1;2;167;3;15;4;16;2;1;2;1;0;9;1;0;3;0;1;0;2;0;0;5;3;34;1;18;0;6;1;0;0;4;0;2;1;0;0;0;0;5;1;0;0;0;0;1;0;284;27;4;5;6;5;1;1;5;0;2;0;0;3;2;1;0;0;1;0;0;0;0;7;47;8;3;0;3;2;2;0;1;0;1;3;0;0;3;1;0;0;4;0;2;0;0;2;317;136;17;6;13;20;1;2;3;3;15;10;3;1;0;0;0;1;0;0;0;0;4;4;14;5;1;0;0;1;0;11;0;0;1;0
3;"Szkoła Podstawowa Nr 1 im. Rudolfa Zaręby w Tychach, pl. Plac Wolności 4, 43-100 Tychy";247701;"m. Tychy";"Tychy";"śląskie";1;1;8;0;2;0;0;1;0;0;0;0;1;1;1;0;0;1;1;1;1;0;137;3;8;1;11;4;4;0;2;0;17;0;0;3;0;0;1;0;0;1;1;1;42;3;14;0;3;2;2;1;0;4;0;3;0;0;0;1;5;0;2;0;1;2;1;0;327;30;5;3;5;10;0;0;10;0;2;0;0;3;2;0;0;0;0;0;0;2;3;9;47;10;4;0;2;0;1;0;0;0;4;0;0;0;2;1;0;0;3;0;4;1;3;1;247;75;13;1;6;9;0;2;3;0;9;2;1;1;0;0;0;0;1;0;2;1;2;5;5;1;1;1;0;1;0;11;2;0;0;1
4;"Szkoła Podstawowa Nr 6 im. ks. Karola Palicy w Tychach, ul. Katowicka 102, 43-100 Tychy";247701;"m. Tychy";"Tychy";"śląskie";1;1;13;1;3;1;4;1;1;1;0;0;1;1;2;0;1;0;0;4;3;1;220;7;26;2;27;5;1;2;1;1;16;2;0;1;0;2;0;2;0;0;1;2;48;6;28;2;3;3;0;1;1;2;0;4;0;0;1;0;1;2;0;0;5;0;2;2;397;27;9;3;7;12;1;2;6;0;1;0;0;1;0;0;1;1;0;0;2;0;0;12;50;11;7;2;5;0;0;1;0;1;3;2;0;1;0;1;0;1;0;0;5;2;0;2;369;128;14;7;5;31;0;4;1;0;12;6;1;1;2;0;0;1;0;1;1;1;3;3;20;6;2;1;1;0;2;9;0;0;0;3
5;"Szkoła Podstawowa Nr 6 im. ks. Karola Palicy w Tychach, ul. Katowicka 102, 43-100 Tychy";247701;"m. Tychy";"Tychy";"śląskie";1;1;11;2;3;1;1;1;1;1;1;1;1;1;1;2;1;1;0;1;3;1;186;7;19;0;23;0;4;0;0;0;35;2;2;0;2;0;1;1;1;0;4;7;45;5;17;0;6;2;1;0;7;2;0;2;1;0;1;0;5;1;6;1;1;1;3;2;397;33;4;4;7;9;1;1;11;1;0;1;0;6;1;3;0;3;0;0;2;0;0;23;71;9;6;2;3;1;1;2;2;0;1;0;1;2;2;0;0;1;1;1;1;0;2;6;255;140;20;2;2;19;0;6;0;1;10;6;2;1;0;1;0;4;0;2;3;0;3;2;25;4;2;0;0;1;1;4;0;0;1;0
6;"Szkoła Podstawowa Nr 3 im. Jana Kochanowskiego w Tychach, ul. Wojska Polskiego 10, 43-100 Tychy";247701;"m. Tychy";"Tychy";"śląskie";1;1;4;1;0;0;2;1;1;0;1;0;1;3;0;1;2;0;1;4;2;0;135;6;14;2;10;2;0;0;0;0;20;1;0;3;1;0;0;0;0;0;0;1;44;1;17;3;5;3;0;1;1;2;2;7;0;1;2;0;4;0;1;0;3;1;0;1;236;15;10;6;6;10;0;1;15;0;0;0;1;2;1;1;1;1;1;1;1;0;0;2;48;12;6;2;3;1;0;3;2;0;0;1;0;1;1;0;0;1;0;0;1;0;3;6;192;54;11;4;3;10;2;3;4;1;8;5;1;0;1;1;0;1;0;0;3;0;3;1;12;1;1;0;1;0;0;3;0;0;0;1
7;"Szkoła Podstawowa Nr 3 im. Jana Kochanowskiego w Tychach, ul. Wojska Polskiego 10, 43-100 Tychy";247701;"m. Tychy";"Tychy";"śląskie";1;1;10;2;1;0;1;1;1;1;1;1;2;2;0;0;2;1;0;1;1;0;66;0;7;1;11;0;0;1;1;0;15;0;1;2;2;0;0;1;1;0;1;2;37;3;14;3;3;0;1;0;1;2;0;1;0;0;0;1;0;3;2;1;3;0;3;0;179;11;1;2;6;6;1;1;8;6;0;0;0;3;1;1;0;1;1;1;1;0;0;3;32;7;4;3;1;1;0;3;3;0;3;1;0;0;1;1;1;3;1;0;2;0;1;4;118;42;8;1;3;5;0;4;3;1;2;7;1;0;0;0;0;1;0;1;3;0;0;1;6;2;0;1;0;0;0;3;0;0;0;3
8;"Szkoła Podstawowa Nr 14 z Oddziałami Dwujęzycznymi im. Armii Krajowej w Tychach, ul. Brzozowa 24, 43-100 Tychy";247701;"m. Tychy";"Tychy";"śląskie";1;1;3;2;0;0;1;1;0;0;0;0;0;0;0;1;0;0;1;0;2;1;93;4;6;0;11;2;0;0;0;0;13;1;0;4;0;0;1;0;0;3;3;2;26;3;10;1;5;1;0;0;4;1;1;3;1;1;1;0;1;5;0;0;1;3;0;1;173;17;2;3;3;1;1;1;4;1;0;0;0;5;1;0;0;0;0;0;1;1;2;4;32;3;3;1;3;1;1;1;0;0;1;0;0;0;2;3;2;2;1;0;0;1;0;2;193;63;10;2;3;9;0;4;1;2;12;7;2;1;0;0;0;1;0;0;2;0;3;1;5;2;2;0;0;0;0;3;0;0;2;0
9;"Miejskie Centrum Kultury w Tychach, ul. Bohaterów Warszawy 26, 43-100 Tychy";247701;"m. Tychy";"Tychy";"śląskie";1;1;3;2;1;0;0;1;2;0;0;0;0;2;0;0;3;1;2;4;0;3;82;4;8;2;11;4;1;2;1;1;8;2;1;2;0;2;0;1;0;0;1;5;52;7;14;4;3;2;0;1;2;4;0;5;0;1;1;0;4;3;3;0;5;5;2;1;250;11;5;5;3;7;0;4;13;0;1;0;0;1;2;3;0;1;3;0;0;1;3;5;43;16;7;4;1;1;2;2;0;0;1;4;1;0;3;0;0;2;5;0;6;0;2;4;236;75;7;3;5;16;2;2;1;3;8;12;0;0;0;1;0;0;0;0;2;0;1;3;14;2;1;1;2;1;2;2;0;0;0;0
10;"Przedszkole Nr 11 im. Jana Brzechwy w Tychach, ul. Bukowa 29, 43-100 Tychy";247701;"m. Tychy";"Tychy";"śląskie";1;1;6;0;2;1;2;2;2;2;1;0;0;0;0;0;2;0;0;0;1;1;108;6;14;1;26;3;1;1;0;1;14;0;1;2;1;2;0;2;0;0;2;5;51;8;11;0;1;1;2;0;3;0;0;6;0;1;5;0;9;4;4;0;4;2;4;0;286;25;3;5;7;10;0;2;18;0;0;0;0;5;1;0;1;1;2;1;0;1;2;7;60;8;7;3;4;1;4;2;0;1;2;1;1;1;2;1;0;0;1;1;3;0;1;3;244;110;8;3;6;17;0;5;1;2;8;3;4;4;0;1;0;1;0;0;3;0;7;2;6;1;1;0;3;1;1;3;0;0;0;0
11;"Szkoła Podstawowa Nr 17 w Tychach, ul. Begonii 5, 43-100 Tychy";247701;"m. Tychy";"Tychy";"śląskie";1;1;5;0;1;1;0;1;0;0;0;0;0;0;1;0;1;0;0;1;2;0;73;4;5;2;15;4;1;1;0;1;11;0;0;0;0;1;0;0;1;1;2;0;40;2;21;0;5;1;1;0;1;0;0;0;0;0;0;0;2;0;0;0;0;1;3;0;189;15;3;5;4;7;0;0;15;1;1;0;1;0;1;0;0;0;0;0;2;0;0;1;36;5;7;2;1;1;1;0;0;0;0;1;0;0;0;0;0;0;0;0;1;0;0;0;164;65;7;0;4;11;1;1;0;1;7;7;0;2;0;1;0;1;0;0;0;0;1;1;10;2;0;0;0;0;0;7;1;0;0;0
12;"Szkoła Podstawowa Nr 17 w Tychach, ul. Begonii 5, 43-100 Tychy";247701;"m. Tychy";"Tychy";"śląskie";1;1;4;0;1;1;0;2;1;0;1;0;0;0;0;0;2;0;0;0;2;1;174;4;17;7;14;2;2;3;2;3;24;0;1;1;0;1;1;0;1;1;6;1;50;9;12;1;6;1;3;0;7;1;0;2;2;0;1;1;1;6;2;0;0;1;1;0;191;15;0;2;3;5;1;1;14;1;0;0;0;3;2;1;1;0;2;1;1;1;0;2;57;10;9;2;3;1;3;3;2;2;1;1;2;0;0;0;0;2;1;1;3;3;1;2;264;147;9;1;10;8;2;1;1;1;12;10;3;2;1;0;0;1;0;0;0;1;1;3;10;0;2;1;0;0;0;9;1;1;0;0
13;"Zespół Szkolno-Przedszkolny nr 3 w Tychach, ul. Cmentarna 54, 43-100 Tychy";247701;"m. Tychy";"Tychy";"śląskie";1;1;10;2;0;1;0;0;2;1;0;0;0;0;0;0;1;1;0;1;1;1;111;6;12;3;57;2;0;1;3;0;8;0;0;3;1;1;2;0;0;0;0;1;23;1;8;1;2;2;4;2;5;1;1;2;1;0;0;0;1;0;0;0;2;2;1;0;204;19;3;3;2;9;0;2;13;0;1;1;0;2;1;0;0;0;1;0;2;0;1;10;38;11;11;3;2;1;1;3;1;1;1;1;1;0;1;0;0;1;0;2;0;1;0;1;195;95;9;0;4;1;1;2;0;0;3;3;0;1;0;1;0;1;0;2;0;0;0;0;10;3;0;1;0;0;1;7;0;0;1;3
14;"Zespół Szkolno-Przedszkolny Nr 4 w Tychach, ul. Pogodna 37, 43-100 Tychy";247701;"m. Tychy";"Tychy";"śląskie";1;1;8;0;3;1;1;2;3;0;0;0;0;0;0;0;0;1;1;1;0;2;175;6;13;0;27;6;1;0;1;1;11;1;0;1;1;1;1;1;0;0;1;2;48;5;19;0;4;0;3;0;5;0;1;3;1;0;0;0;6;1;2;0;1;0;0;0;428;42;5;5;14;9;1;3;32;1;1;1;0;0;0;2;0;0;0;0;1;0;1;40;74;12;8;0;2;4;3;0;0;2;6;3;2;1;1;5;0;4;2;0;3;2;1;4;274;128;13;2;5;10;0;2;1;1;3;1;4;2;0;2;1;0;0;0;3;3;1;4;9;7;1;0;1;0;1;7;2;0;0;1
15;"Zespół Szkolno-Przedszkolny Nr 4 w Tychach, ul. Pogodna 37, 43-100 Tychy";247701;"m. Tychy";"Tychy";"śląskie";1;1;7;1;0;0;0;1;1;0;0;0;0;0;0;0;2;0;0;0;2;2;98;2;12;0;18;2;0;0;0;0;11;0;2;0;0;0;0;0;1;1;3;2;33;3;14;4;4;2;1;1;3;1;0;2;0;0;1;0;0;0;0;0;1;0;0;1;309;33;5;1;4;7;0;0;38;2;0;0;1;1;1;0;0;1;0;0;0;0;0;7;60;5;7;1;4;1;3;0;0;0;2;2;0;0;2;1;1;1;0;0;5;1;1;0;160;61;5;3;6;3;1;2;0;2;3;5;1;1;0;0;0;1;0;0;0;1;2;11;7;2;0;0;1;0;1;5;1;0;1;0
16;"Zespół Szkół Nr 5 w Tychach, ul. Edukacji 11, 43-100 Tychy";247701;"m. Tychy";"Tychy";"śląskie";1;1;5;1;0;2;2;1;0;0;0;1;1;1;0;0;2;0;0;4;3;1;113;0;5;2;11;4;1;1;0;0;6;0;3;1;1;0;3;1;0;0;2;0;47;1;15;3;2;0;1;0;1;0;0;1;0;3;3;1;5;0;3;0;3;2;5;1;235;17;3;1;4;6;0;0;8;0;0;3;0;4;1;0;0;1;0;0;1;0;0;3;56;5;5;0;0;2;1;0;1;1;2;0;3;1;0;0;0;2;1;0;6;0;0;0;208;74;5;0;4;8;0;3;1;0;7;4;0;2;0;2;0;0;1;0;1;0;0;1;4;3;0;2;0;0;1;4;0;0;0;0
17;"I Liceum Ogólnokształcące im. Leona Kruczkowskiego w Tychach, ul. Janusza Korczaka 6, 43-100 Tychy";247701;"m. Tychy";"Tychy";"śląskie";1;1;10;0;4;0;0;0;1;1;0;0;0;0;1;2;1;0;1;0;3;2;122;1;11;2;21;2;1;1;0;1;17;1;1;3;0;3;0;0;2;0;2;3;58;5;15;0;2;3;2;2;4;1;3;5;1;0;1;0;3;0;1;0;1;1;1;2;255;14;5;0;2;5;0;0;11;2;2;1;0;5;0;1;1;0;1;0;1;0;0;4;51;6;6;4;0;1;0;5;0;1;0;0;2;0;1;0;1;0;1;2;1;0;0;0;302;112;5;1;12;7;0;3;3;2;7;3;2;0;0;0;1;2;0;1;3;1;1;4;7;2;1;0;0;0;0;4;0;0;0;0
18;"Zespół Szkół Nr 1 im. Gustawa Morcinka w Tychach, ul. Hanny i Kazimierza Wejchertów 20, 43-100 Tychy";247701;"m. Tychy";"Tychy";"śląskie";1;1;2;0;0;0;2;0;1;1;0;1;2;0;0;1;0;0;0;3;0;1;189;8;13;2;12;8;3;1;3;1;10;0;0;1;1;0;1;0;1;1;3;0;40;10;15;3;3;2;1;0;5;2;5;0;1;1;2;0;5;0;0;0;4;0;7;0;326;30;4;3;7;10;0;0;17;0;1;1;0;3;1;0;0;1;0;0;1;0;0;2;45;12;6;3;1;1;3;1;2;1;3;2;1;0;5;0;0;1;2;0;1;0;1;2;332;136;9;2;8;7;1;1;1;0;12;10;0;0;0;1;0;1;0;0;0;1;0;4;10;4;2;1;2;0;1;7;0;1;0;0
19;"Technikum Nr 2 w Tychach, ul. Elfów 9, 43-100 Tychy";247701;"m. Tychy";"Tychy";"śląskie";1;1;6;1;2;1;1;1;1;0;0;0;1;0;3;1;1;0;0;2;1;2;96;2;8;1;13;2;1;1;0;1;12;0;0;4;0;2;3;1;2;0;0;0;47;3;9;2;0;1;5;3;5;1;2;4;0;0;2;0;1;2;0;0;1;0;3;0;278;20;5;6;4;11;3;2;7;0;1;0;2;3;1;0;0;1;0;0;0;1;0;6;47;7;4;4;0;0;3;2;1;1;0;2;0;1;0;1;1;1;1;0;3;2;0;7;213;74;3;6;9;8;0;1;1;1;5;6;1;1;1;2;0;2;0;0;1;0;1;4;11;2;0;1;1;0;0;5;0;1;0;0
20;"Szkoła Podstawowa Nr 13 z Oddziałami Dwujęzycznymi im. Jana III Sobieskiego w Tychach, al. Niepodległości 108, 43-100 Tychy";247701;"m. Tychy";"Tychy";"śląskie";1;1;4;1;0;0;2;0;2;1;0;0;0;1;0;0;1;3;0;2;1;0;68;1;9;1;13;6;0;0;1;2;11;2;0;1;1;0;1;0;0;0;2;1;32;4;9;1;5;0;2;0;4;0;1;4;0;0;1;0;2;0;1;0;4;1;2;0;286;17;4;3;5;7;0;0;14;1;1;0;0;3;1;1;0;2;0;0;1;1;1;0;37;8;4;3;0;1;0;0;0;3;0;0;1;0;1;0;1;2;2;1;1;0;1;5;183;63;8;8;4;5;0;3;4;0;13;9;1;1;2;2;0;0;0;0;1;0;0;1;7;2;3;0;0;0;0;4;1;1;0;0
21;"Szkoła Podstawowa Nr 13 z Oddziałami Dwujęzycznymi im. Jana III Sobieskiego w Tychach, al. Niepodległości 108, 43-100 Tychy";247701;"m. Tychy";"Tychy";"śląskie";1;1;0;4;1;0;0;1;1;0;1;0;2;1;0;0;0;0;0;0;0;0;66;0;5;1;7;7;2;1;0;1;14;0;0;1;1;1;1;3;0;0;0;1;32;1;12;1;1;2;0;0;3;1;0;1;0;0;3;0;2;1;0;0;3;0;0;1;189;15;0;2;0;2;0;2;7;0;1;0;0;1;1;0;0;0;0;0;0;0;0;3;31;4;4;0;1;1;0;2;0;0;2;0;0;0;1;0;2;3;1;0;0;0;0;2;122;43;2;2;1;6;0;2;1;0;7;3;3;0;0;1;0;1;1;1;0;2;0;2;4;3;0;0;0;0;0;0;0;0;0;0
22;"Przedszkole Nr 22 w Tychach, ul. Henryka Dąbrowskiego 85, 43-100 Tychy";247701;"m. Tychy";"Tychy";"śląskie";1;1;7;2;1;2;0;1;1;1;0;1;0;0;1;0;1;1;0;1;2;1;138;4;4;0;8;4;0;1;0;0;9;1;0;2;0;1;1;4;1;1;3;1;49;3;11;3;8;3;0;0;1;1;3;1;0;0;0;0;7;1;3;0;0;1;1;1;311;17;6;3;9;7;1;0;18;1;0;0;0;1;2;0;0;1;0;0;0;1;0;10;56;5;8;2;0;1;1;0;1;1;2;2;0;1;0;0;0;1;1;0;1;1;2;1;236;87;2;5;12;9;0;4;2;1;16;8;0;0;0;1;0;6;0;0;0;0;2;0;9;2;0;2;0;0;2;10;1;0;1;0
23;"Przedszkole Nr 19 w Tychach, al. Niepodległości 154, 43-100 Tychy";247701;"m. Tychy";"Tychy";"śląskie";1;1;5;2;0;1;0;1;0;0;0;0;2;0;0;0;0;1;2;0;0;1;101;2;12;2;9;2;1;0;0;0;5;1;0;0;0;2;1;1;0;0;0;5;38;1;16;0;5;3;3;2;1;3;1;4;0;0;4;0;4;8;0;0;0;0;2;0;255;16;8;4;3;9;1;0;9;1;1;0;0;5;1;2;0;0;0;0;0;0;1;6;44;5;3;4;2;1;1;4;1;1;1;1;0;0;2;0;0;0;0;1;1;1;1;3;182;69;7;4;1;9;0;0;5;1;10;2;0;2;0;1;0;0;0;0;2;0;2;3;9;0;1;0;0;0;2;2;0;0;1;1
24;"Zespół Szkół Specjalnych Nr 8 w Tychach, ul. Edukacji 21, 43-100 Tychy";247701;"m. Tychy";"Tychy";"śląskie";1;1;5;0;0;0;0;0;1;0;0;0;1;0;1;1;1;0;1;2;4;0;92;1;8;0;12;2;4;0;0;1;2;0;1;1;0;0;1;1;0;1;2;1;24;4;14;0;0;0;1;1;1;2;0;4;0;0;0;0;3;0;0;0;3;0;2;2;202;16;2;2;3;7;1;1;8;0;1;0;1;0;1;0;0;0;1;0;1;1;3;2;31;4;2;2;2;0;2;3;0;0;2;1;0;1;1;3;1;2;0;1;0;1;1;1;166;61;3;2;4;4;2;0;3;1;4;5;4;2;0;0;0;2;0;0;0;0;1;5;7;1;0;0;0;0;1;2;1;0;0;2
25;"Sportowa Szkoła Podstawowa Nr 19 im. Mikołaja Kopernika w Tychach, al. Niepodległości 190, 43-100 Tychy";247701;"m. Tychy";"Tychy";"śląskie";1;1;3;0;0;1;2;2;1;0;0;0;1;0;0;0;1;0;0;1;1;0;91;1;9;0;10;0;1;0;1;0;11;1;0;0;0;0;2;0;0;0;1;1;43;2;6;0;8;0;3;0;2;0;1;0;0;0;1;0;2;3;0;0;0;0;0;0;229;11;3;2;2;4;0;0;8;2;1;0;0;1;2;2;0;0;1;0;0;1;0;1;18;4;6;4;0;0;0;0;0;1;0;0;0;0;1;1;0;1;1;0;0;0;0;0;137;38;9;1;2;6;0;1;1;0;1;1;1;4;0;1;0;0;0;0;1;0;1;3;4;1;0;1;1;0;0;5;0;0;0;0
26;"Szkoła Podstawowa Nr 36 im. Narodów Zjednoczonej Europy w Tychach, ul. Generała Ch. de Gaulle'a 18, 43-100 Tychy";247701;"m. Tychy";"Tychy";"śląskie";1;1;6;1;0;1;1;1;1;0;1;0;0;0;0;0;1;0;0;0;1;0;54;0;4;0;5;1;0;0;0;1;6;0;0;1;1;0;2;1;1;0;1;0;14;0;8;0;3;2;0;0;3;1;0;1;0;1;1;0;0;1;3;1;1;0;1;1;179;8;1;5;1;4;0;2;5;0;0;0;0;1;0;0;0;1;1;0;0;0;1;1;26;1;1;0;0;0;1;1;0;0;1;0;1;1;0;0;0;0;0;0;0;0;0;1;119;34;7;1;1;0;0;2;0;1;7;0;0;0;0;0;0;0;0;0;1;0;1;1;3;3;2;1;0;0;2;2;1;0;0;0
27;"Przedszkole Nr 5 w Tychach, ul. Elizy Orzeszkowej 56, 43-100 Tychy";247701;"m. Tychy";"Tychy";"śląskie";1;1;6;1;1;0;2;0;0;0;0;0;1;0;0;1;0;0;0;2;0;0;98;2;13;1;13;2;1;0;0;0;8;0;1;0;0;0;0;0;0;0;2;0;45;5;11;1;2;1;0;1;2;0;1;6;0;0;0;0;1;5;0;0;1;0;4;0;220;17;3;5;5;13;1;0;5;1;2;0;0;3;1;0;0;1;0;0;1;0;1;4;28;2;1;2;1;1;1;3;2;0;3;1;0;1;0;1;0;1;2;0;3;0;0;2;162;95;3;1;4;3;1;1;7;0;8;3;0;1;0;1;0;2;0;0;0;0;2;1;12;1;1;0;0;1;2;3;1;0;0;0
28;"Przedszkole Nr 3 w Tychach, ul. Paprocańska 156, 43-100 Tychy";247701;"m. Tychy";"Tychy";"śląskie";1;1;5;0;0;1;4;3;1;0;0;0;1;0;1;0;1;0;1;0;1;0;104;4;13;0;10;0;2;2;1;2;10;0;0;1;0;0;0;1;0;2;0;2;30;4;8;3;5;2;2;0;4;0;2;3;0;0;0;0;3;2;0;0;4;0;2;1;242;18;1;7;2;8;0;0;7;1;0;0;0;2;0;0;0;1;0;1;0;0;0;2;25;4;6;0;0;0;3;2;0;0;1;1;2;1;1;0;0;0;3;0;0;0;1;1;221;78;10;2;7;7;2;1;1;1;6;8;2;0;1;0;0;1;0;0;0;0;0;1;12;4;1;0;0;2;1;4;0;0;1;1
29;"Przedszkole Nr 3 w Tychach, ul. Paprocańska 156, 43-100 Tychy";247701;"m. Tychy";"Tychy";"śląskie";1;1;5;1;4;0;0;1;1;0;2;0;2;0;1;0;1;0;0;2;0;1;163;3;13;1;18;5;4;2;0;0;8;0;0;3;0;0;0;1;0;1;1;2;43;3;17;1;4;4;0;0;3;0;1;8;0;1;2;0;2;2;0;0;3;1;4;1;387;23;4;4;9;10;1;2;12;0;0;1;1;1;0;0;0;1;0;0;1;0;1;1;48;5;7;2;5;0;0;0;1;2;0;0;0;1;7;0;0;1;0;0;3;0;0;0;255;108;6;5;7;11;0;4;1;0;6;7;2;1;0;0;0;0;0;0;0;0;4;3;16;4;0;0;0;0;1;0;1;0;1;0
30;"Przedszkole Nr 3 w Tychach, ul. Paprocańska 156, 43-100 Tychy";247701;"m. Tychy";"Tychy";"śląskie";1;1;7;1;1;0;1;0;0;0;1;1;1;0;0;0;1;1;0;2;2;0;139;5;8;0;15;1;2;0;0;2;11;1;0;3;0;1;3;2;0;0;3;2;37;5;12;0;5;1;0;0;3;0;2;4;0;0;1;0;1;1;2;0;1;3;0;2;248;19;6;2;7;14;1;0;12;0;0;2;0;0;2;0;0;0;1;1;2;0;2;1;52;11;4;0;1;2;3;1;1;0;1;1;0;2;2;0;0;1;0;0;1;0;1;4;254;127;11;1;12;5;0;4;4;2;18;14;1;1;0;1;0;0;1;1;2;2;1;1;11;1;0;0;1;0;1;6;0;0;0;0
31;"Szkoła Podstawowa Nr 7 im. Powstańców Śląskich w Tychach, ul. Lwa Tołstoja 1, 43-100 Tychy";247701;"m. Tychy";"Tychy";"śląskie";1;1;13;0;1;1;0;2;1;0;0;1;0;2;0;0;2;0;1;2;1;1;154;4;14;2;17;5;3;0;0;1;16;0;0;3;2;1;0;3;0;3;3;3;46;5;23;0;10;1;1;0;3;0;0;3;0;1;2;0;2;1;7;0;1;2;1;0;239;26;7;1;2;6;1;0;10;1;1;0;0;4;2;1;0;0;0;0;1;0;1;3;61;13;9;1;1;5;0;3;0;0;0;4;0;0;3;0;0;1;1;0;1;2;1;0;283;144;12;1;9;8;0;1;3;0;19;3;1;0;0;0;0;0;0;1;0;0;0;4;9;2;0;0;0;0;0;5;0;0;0;1
32;"Szkoła Podstawowa Nr 7 im. Powstańców Śląskich w Tychach, ul. Lwa Tołstoja 1, 43-100 Tychy";247701;"m. Tychy";"Tychy";"śląskie";1;1;8;0;0;1;0;1;0;0;1;0;0;0;0;2;0;1;0;0;2;2;78;3;19;2;14;1;1;0;0;1;8;0;0;3;0;0;1;0;1;0;3;1;35;0;9;0;6;0;0;1;3;1;1;1;1;0;1;0;4;0;0;0;2;0;1;0;270;17;2;6;15;3;1;0;6;1;2;1;0;5;0;2;0;2;1;0;1;0;1;1;40;11;9;1;2;0;0;5;3;1;0;3;0;0;1;0;0;2;0;0;3;1;0;2;229;69;2;2;2;7;0;2;0;1;6;4;1;3;0;1;0;1;0;0;4;1;0;1;10;2;0;0;0;0;0;3;1;0;1;1
33;"Szkoła Podstawowa Nr 7 im. Powstańców Śląskich w Tychach, ul. Lwa Tołstoja 1, 43-100 Tychy";247701;"m. Tychy";"Tychy";"śląskie";1;1;8;1;2;0;1;0;0;0;1;1;2;0;0;1;2;0;3;0;0;1;115;5;9;1;7;1;1;1;2;2;6;0;1;0;1;4;3;0;0;0;3;0;35;2;9;0;0;0;0;2;1;2;0;1;0;2;1;0;4;2;3;1;1;2;0;2;320;20;6;4;5;9;0;3;9;1;1;0;0;3;1;0;0;1;3;0;2;0;2;3;33;2;4;0;2;0;1;1;2;0;1;0;0;2;1;0;0;0;0;0;1;0;0;0;249;65;6;2;2;6;2;3;1;2;10;10;0;0;0;1;0;1;0;0;0;0;2;3;11;4;0;1;0;0;0;12;0;0;0;1
34;"Przedszkole Nr 17 w Tychach, ul. Lwa Tołstoja 5, 43-100 Tychy";247701;"m. Tychy";"Tychy";"śląskie";1;1;6;0;2;5;0;1;0;0;1;0;1;1;1;0;0;0;0;0;0;0;123;1;16;1;10;1;1;1;0;0;9;1;0;4;0;1;0;1;0;0;2;0;33;3;13;2;4;1;2;0;2;1;1;4;0;1;2;0;2;0;2;0;1;2;2;0;256;23;6;3;3;11;0;0;7;0;2;0;0;4;1;0;0;0;1;0;0;0;1;1;24;8;4;1;2;0;1;2;0;1;1;0;1;0;1;0;1;2;0;0;2;1;1;0;198;84;8;0;2;6;0;0;0;0;15;2;0;4;0;1;1;1;0;0;1;0;2;1;6;2;0;1;1;0;0;7;0;0;0;0
35;"Przedszkole Nr 17 w Tychach, ul. Lwa Tołstoja 5, 43-100 Tychy";247701;"m. Tychy";"Tychy";"śląskie";1;1;8;1;0;0;1;2;0;1;1;0;0;1;1;0;0;0;0;2;0;2;147;4;14;1;15;6;1;1;0;0;12;0;0;0;1;0;0;2;0;0;3;2;37;6;14;1;3;2;0;0;2;0;0;0;0;0;1;0;5;0;2;0;2;0;2;0;213;18;5;3;1;13;1;0;7;0;0;1;1;2;0;3;0;0;2;1;0;0;1;6;43;2;6;2;0;2;0;1;0;1;0;3;0;0;0;0;0;0;0;0;0;0;0;0;221;108;10;2;3;6;0;2;2;0;5;3;0;1;2;2;1;1;0;1;1;1;2;3;9;0;2;0;0;0;2;5;1;0;0;0
36;"Szkoła Podstawowa Nr 40 z Oddziałami Integracyjnymi im. gen. Jerzego Ziętka w Tychach, ul. Alfonsa Zgrzebnioka 45, 43-100 Tychy";247701;"m. Tychy";"Tychy";"śląskie";1;1;8;0;2;0;1;1;0;0;0;0;0;0;1;1;1;0;0;1;3;1;132;2;16;0;9;6;1;1;0;2;16;2;0;0;0;1;0;1;0;0;5;4;45;4;24;1;6;3;1;1;2;0;0;3;0;0;2;0;1;3;1;0;3;1;0;1;301;24;7;2;8;19;0;2;0;0;3;0;0;4;0;0;0;0;1;0;2;1;0;4;52;3;5;1;1;0;0;3;1;1;2;7;0;0;3;0;0;1;0;1;1;0;0;1;242;89;7;2;7;11;3;2;1;0;13;13;1;0;0;0;0;0;0;1;1;2;2;3;10;2;2;2;0;0;1;4;2;1;0;0
37;"Szkoła Podstawowa Nr 40 z Oddziałami Integracyjnymi im. gen. Jerzego Ziętka w Tychach, ul. Alfonsa Zgrzebnioka 45, 43-100 Tychy";247701;"m. Tychy";"Tychy";"śląskie";1;1;3;2;0;0;0;1;3;0;0;0;0;0;0;0;0;0;1;2;0;0;87;5;10;2;5;0;2;0;0;0;6;0;0;0;0;1;0;0;0;0;0;0;20;1;12;0;2;1;1;1;2;0;2;5;0;0;1;0;0;1;0;0;0;1;2;0;225;15;2;1;5;13;0;2;10;0;0;0;0;0;0;0;0;0;1;0;0;0;0;5;33;1;5;2;4;0;1;0;0;0;0;1;0;0;2;0;0;1;1;0;0;0;0;0;152;53;6;1;3;5;0;1;0;0;12;8;1;0;1;0;0;1;1;0;0;0;0;1;6;3;0;2;1;0;0;5;0;0;0;0
38;"Szkoła Podstawowa Nr 40 z Oddziałami Integracyjnymi im. gen. Jerzego Ziętka w Tychach, ul. Alfonsa Zgrzebnioka 45, 43-100 Tychy";247701;"m. Tychy";"Tychy";"śląskie";1;1;8;2;1;0;4;0;0;2;1;0;0;0;0;0;0;1;0;0;0;0;135;4;13;1;13;5;0;0;0;0;10;1;0;1;0;0;0;0;0;0;1;0;24;3;16;1;2;3;3;0;1;0;1;6;2;0;3;0;0;0;2;0;0;2;2;0;232;23;6;0;2;10;2;0;6;0;0;0;0;2;1;0;0;1;0;0;0;0;1;4;50;8;2;2;1;0;0;1;1;0;0;0;0;0;1;0;0;1;2;0;2;0;0;1;214;130;11;0;3;13;0;3;1;0;7;6;2;0;1;1;0;0;1;0;0;1;0;3;4;1;1;1;4;1;0;9;0;1;0;0
39;"Zespół Szkolno-Przedszkolny Nr 2 w Tychach, ul. Jedności 51, 43-100 Tychy";247701;"m. Tychy";"Tychy";"śląskie";1;1;5;1;0;0;2;1;2;1;0;0;2;0;0;0;1;0;0;0;0;1;107;5;14;2;32;1;1;0;0;3;9;0;0;4;0;1;0;0;1;0;3;3;33;2;11;0;4;0;0;0;1;1;0;1;1;0;0;0;1;0;3;0;0;0;0;0;281;27;6;0;14;16;1;3;8;0;3;0;0;2;1;1;0;1;0;1;3;0;0;5;55;14;2;0;0;2;5;2;1;0;1;1;1;0;1;0;0;1;2;0;2;0;0;3;120;71;8;0;1;5;0;1;2;1;14;8;2;1;1;0;0;0;0;0;1;0;1;4;7;3;0;3;0;0;1;6;0;0;0;2
40;"Szkoła Podstawowa Nr 5 z Oddziałami Integracyjnymi w Tychach, ul. Stefana Czarnieckiego 22, 43-100 Tychy";247701;"m. Tychy";"Tychy";"śląskie";1;1;3;2;1;0;1;2;2;0;1;1;0;0;1;0;0;0;0;2;0;4;120;3;14;2;11;0;0;1;0;1;20;0;1;3;0;0;2;0;0;0;3;3;45;5;17;2;9;2;0;0;2;2;1;2;1;1;1;1;6;0;3;0;2;0;3;0;260;23;3;3;4;3;1;3;18;1;2;0;1;1;2;1;0;0;0;0;2;2;0;2;55;3;2;1;0;2;1;5;0;0;3;0;1;2;0;1;0;3;1;0;1;0;0;2;243;104;11;8;1;12;0;2;2;2;8;5;0;0;0;0;1;1;0;0;0;1;2;1;8;3;1;1;0;0;0;1;0;0;0;0
41;"Szkoła Podstawowa Nr 11 im. Marii Curie Skłodowskiej w Tychach, ul. M. Curie-Skłodowskiej 4, 43-100 Tychy";247701;"m. Tychy";"Tychy";"śląskie";1;1;8;2;1;1;1;0;1;3;0;0;0;0;0;0;0;0;0;2;0;0;94;1;10;2;7;3;0;0;0;0;13;0;0;2;0;0;0;1;1;0;2;0;34;3;14;1;3;0;2;0;1;2;1;2;0;1;1;1;2;1;0;0;3;0;1;1;213;28;4;0;4;6;1;1;11;1;3;0;0;3;1;1;0;0;2;0;1;1;3;0;54;4;4;3;0;0;2;3;1;3;1;2;1;0;0;0;0;0;1;0;1;0;2;0;204;88;5;5;9;7;1;2;2;0;18;2;0;0;0;1;3;0;0;0;0;0;2;2;6;4;3;0;0;0;1;4;1;0;2;2
42;"Szkoła Podstawowa Nr 11 im. Marii Curie Skłodowskiej w Tychach, ul. M. Curie-Skłodowskiej 4, 43-100 Tychy";247701;"m. Tychy";"Tychy";"śląskie";1;1;9;4;2;0;1;1;2;0;0;1;0;1;0;0;1;0;1;1;2;0;110;4;11;3;8;2;1;0;0;0;18;0;0;0;1;1;1;1;1;1;2;1;35;2;20;1;4;0;1;0;8;0;0;6;0;0;2;0;3;1;3;0;1;2;6;1;235;16;2;7;9;9;1;2;10;0;1;0;0;2;1;0;0;1;4;1;1;1;0;10;59;8;3;1;4;1;1;2;2;3;3;3;1;3;4;0;0;0;2;0;2;1;1;1;204;78;4;0;1;6;2;4;0;4;6;3;0;0;0;1;0;0;0;0;0;0;0;1;12;1;0;0;2;2;1;3;0;0;0;0
43;"Szkoła Podstawowa nr 21, ul. Młodzieżowa 7, 43-100 Tychy";247701;"m. Tychy";"Tychy";"śląskie";1;1;9;1;1;1;0;0;0;0;0;0;0;0;1;1;0;0;1;1;2;3;133;5;7;2;8;7;2;2;1;0;10;0;1;2;2;1;1;2;0;0;3;1;46;3;15;3;3;0;5;1;6;2;0;7;0;1;2;0;4;1;0;0;2;0;4;2;377;22;5;8;10;7;2;0;4;2;2;0;0;4;2;1;1;0;0;0;4;0;1;5;47;2;3;4;1;0;0;3;0;2;4;0;0;1;1;0;1;4;0;0;0;1;0;1;256;71;7;3;0;6;0;3;0;2;6;7;1;0;5;2;0;0;1;0;2;2;4;4;5;3;0;0;0;0;0;5;0;0;3;2
44;"Szkoła Podstawowa nr 21, ul. Młodzieżowa 7, 43-100 Tychy";247701;"m. Tychy";"Tychy";"śląskie";1;1;1;2;1;1;1;0;2;1;0;2;1;0;1;0;2;4;0;0;2;3;108;5;13;1;7;1;2;2;2;2;11;0;3;4;0;1;3;4;1;0;1;1;39;3;13;2;3;2;0;3;0;0;0;5;1;2;2;0;4;3;0;0;4;0;3;1;334;32;2;7;4;7;0;0;5;2;1;0;0;1;0;1;0;0;0;0;0;0;1;4;49;5;4;0;2;3;1;2;1;1;2;0;0;3;3;1;0;2;3;0;1;0;0;3;220;94;7;2;7;9;0;1;2;1;6;10;2;0;1;0;1;0;0;0;0;0;1;1;5;1;1;0;0;0;0;5;0;0;0;1
45;"Szkoła Podstawowa Nr 35 z Oddziałami Integracyjnymi im. Matki Teresy z Kalkuty w Tychach, al. Marszałka Piłsudskiego 21, 43-100 Tychy";247701;"m. Tychy";"Tychy";"śląskie";1;1;7;1;2;0;2;3;1;0;0;0;0;1;0;1;0;0;1;2;0;2;114;7;11;4;11;3;0;1;0;0;8;0;0;5;0;0;1;3;0;0;3;1;51;3;16;3;2;2;0;0;5;0;0;1;0;0;1;0;2;4;1;0;2;0;1;0;276;19;5;3;7;6;0;0;16;0;3;0;1;3;0;0;0;0;0;0;0;0;0;1;39;2;4;1;1;0;1;0;1;1;1;0;0;1;2;1;0;0;0;1;2;2;0;1;227;111;10;4;4;10;1;5;2;0;4;3;0;1;0;1;2;0;0;0;0;0;3;4;9;5;1;1;0;0;0;4;0;0;1;0
46;"Szkoła Podstawowa Nr 35 z Oddziałami Integracyjnymi im. Matki Teresy z Kalkuty w Tychach, al. Marszałka Piłsudskiego 21, 43-100 Tychy";247701;"m. Tychy";"Tychy";"śląskie";1;1;7;2;1;2;0;1;3;0;1;0;0;0;0;1;2;0;0;0;2;0;146;3;8;0;14;0;0;1;0;1;15;1;1;5;0;0;1;0;0;1;1;1;43;8;11;3;3;2;1;2;4;0;0;5;1;0;3;0;1;2;1;0;1;2;4;2;276;18;6;3;3;11;0;0;16;1;0;0;1;2;1;0;0;0;0;0;2;0;0;4;45;2;7;1;0;2;1;0;0;1;1;0;1;0;1;0;0;0;1;0;3;1;1;3;318;84;16;3;8;6;0;2;3;0;7;3;1;1;0;1;0;0;0;0;3;0;2;3;8;1;2;0;1;0;0;5;1;0;0;0
47;"Przedszkole Niepubliczne Jedynka, ul. Zofii Nałkowskiej 6, 43-100 Tychy";247701;"m. Tychy";"Tychy";"śląskie";1;1;7;0;4;0;6;1;2;0;0;0;0;1;1;0;1;0;1;3;1;1;113;3;12;2;5;1;3;0;0;0;9;2;1;1;0;0;0;2;2;1;3;0;28;1;12;0;1;1;3;1;1;0;0;3;1;0;4;0;2;1;0;2;1;1;0;1;297;16;3;10;8;5;0;0;17;1;0;1;0;1;0;1;0;0;1;1;0;1;1;3;39;6;2;3;1;0;1;1;1;0;0;1;0;1;2;0;4;2;1;0;0;0;0;1;220;70;12;2;8;11;1;0;0;2;8;5;0;1;0;1;0;0;1;0;1;0;0;1;4;0;1;1;1;0;2;4;0;1;0;0
48;"Zespół Szkół Nr 6 w Tychach, al. Marszałka Piłsudskiego 10, 43-100 Tychy";247701;"m. Tychy";"Tychy";"śląskie";1;1;7;0;1;1;2;1;2;0;1;0;0;1;0;1;0;2;0;0;0;0;111;4;14;0;9;1;1;1;0;1;11;0;0;3;0;1;0;2;0;0;1;1;31;8;6;0;6;0;1;1;6;0;1;3;1;1;1;1;5;2;1;0;1;0;1;0;347;25;5;4;13;9;3;2;3;0;1;0;1;4;2;1;0;0;1;0;0;0;0;3;32;3;6;4;1;0;3;4;0;0;0;0;0;0;3;1;0;0;0;1;0;1;0;1;227;89;13;3;5;5;0;2;3;0;10;3;1;2;0;3;0;0;0;0;1;0;4;0;7;2;1;0;1;0;0;13;0;0;0;1
49;"Zespół Szkół Nr 6 w Tychach, al. Marszałka Piłsudskiego 10, 43-100 Tychy";247701;"m. Tychy";"Tychy";"śląskie";1;1;5;1;0;1;1;1;0;0;0;0;1;0;0;0;1;0;0;0;1;1;108;1;7;1;12;4;0;1;0;0;14;0;0;1;2;1;1;0;0;0;5;1;19;5;13;6;0;0;1;1;1;0;1;0;0;0;0;0;1;0;2;0;3;1;3;0;323;27;8;4;5;3;0;1;2;1;0;0;0;1;1;0;0;1;0;0;0;0;0;8;29;2;3;0;0;1;0;0;0;0;0;1;0;0;0;1;0;0;1;1;0;0;1;0;210;48;7;3;2;5;0;1;3;1;1;4;5;1;0;1;0;0;0;0;0;0;4;1;6;3;1;0;0;0;0;8;0;0;1;2
50;"Szkoła Podstawowa Nr 37 z Oddziałami Dwujęzycznymi im. Kornela Makuszyńskiego w Tychach, ul. Feliksa Konecznego 1, 43-100 Tychy";247701;"m. Tychy";"Tychy";"śląskie";1;1;2;2;1;0;2;0;0;0;0;0;1;1;2;0;0;0;0;2;0;1;101;2;12;2;7;2;1;0;0;1;18;2;0;2;0;0;3;0;1;0;3;4;37;1;20;1;3;4;1;0;3;1;0;2;0;1;1;0;3;0;1;0;3;0;3;2;263;15;2;1;5;7;1;1;18;0;0;0;0;3;0;0;0;0;3;0;1;0;0;3;35;4;3;2;1;0;0;1;0;1;1;1;0;1;0;1;0;2;1;0;6;0;0;2;198;116;6;3;3;12;2;3;3;1;7;8;0;1;0;0;0;0;0;0;0;0;1;1;15;1;0;0;0;0;1;3;0;0;2;1
51;"Szkoła Podstawowa Nr 37 z Oddziałami Dwujęzycznymi im. Kornela Makuszyńskiego w Tychach, ul. Feliksa Konecznego 1, 43-100 Tychy";247701;"m. Tychy";"Tychy";"śląskie";1;1;8;6;3;0;0;1;0;0;0;0;0;1;1;0;2;1;0;0;2;2;92;4;13;1;4;1;1;0;1;1;8;0;1;4;1;2;1;0;0;0;2;2;33;6;11;0;1;2;1;0;1;1;0;3;0;0;1;0;1;2;2;0;2;0;1;1;204;20;3;9;3;5;0;1;12;1;1;0;2;0;0;0;0;1;0;0;1;0;1;3;27;9;4;0;1;1;1;0;1;0;1;0;0;0;0;0;0;0;2;0;0;0;0;1;214;70;6;1;6;4;0;5;0;2;5;3;0;1;0;0;1;0;1;0;0;0;1;0;5;0;0;0;1;0;0;3;1;0;2;0
52;"Przedszkole Nr 1 w Tychach, ul. Myśliwska 102, 43-100 Tychy";247701;"m. Tychy";"Tychy";"śląskie";1;1;7;1;4;2;0;1;2;0;0;0;0;0;1;0;0;0;0;3;1;2;135;1;13;2;11;4;0;0;1;0;10;0;0;1;0;0;3;0;0;0;1;5;41;6;14;0;5;0;2;0;0;1;0;4;1;0;1;0;2;3;0;1;0;0;2;0;310;18;7;0;7;12;0;2;17;1;1;1;1;2;1;0;0;0;2;0;0;1;0;3;34;6;7;0;2;1;0;1;0;1;2;4;2;1;0;0;0;1;0;0;0;1;2;0;268;108;13;6;6;9;1;3;2;0;15;4;1;0;0;1;0;0;0;0;0;1;1;0;7;1;0;0;0;1;0;2;0;0;1;0
53;"Szkoła Podstawowa Nr 10 im. Gustawa Morcinka w Tychach, ul. Borowa 123, 43-100 Tychy";247701;"m. Tychy";"Tychy";"śląskie";1;1;11;0;0;0;3;0;1;1;2;2;1;0;0;0;4;0;0;1;1;0;278;12;23;4;34;8;0;0;0;0;37;2;3;6;1;1;2;1;0;0;7;10;65;8;33;0;8;4;3;0;3;0;0;5;0;0;2;0;3;5;2;0;5;3;0;0;343;34;8;7;12;7;1;3;75;2;2;0;0;4;3;1;0;1;2;0;2;1;1;7;111;11;10;3;2;2;4;3;0;1;0;0;2;2;1;1;0;2;1;0;1;1;2;4;392;205;17;5;5;13;1;3;0;0;13;12;0;4;0;1;1;0;2;1;2;0;20;5;13;3;0;0;0;1;2;7;1;0;0;0
54;"Szkoła Podstawowa Nr 10 im. Gustawa Morcinka w Tychach, ul. Borowa 123, 43-100 Tychy";247701;"m. Tychy";"Tychy";"śląskie";1;1;5;0;3;1;0;1;1;0;0;0;0;0;0;0;3;0;0;1;0;0;137;1;24;1;19;1;1;0;1;1;11;0;2;1;0;1;0;2;0;0;4;0;36;7;16;2;1;1;1;1;2;0;0;3;1;0;0;0;4;3;1;0;2;1;0;0;249;24;3;3;5;4;0;1;40;1;0;0;0;1;0;0;0;3;0;1;1;0;0;3;47;6;3;2;1;1;3;2;1;3;0;1;3;1;2;0;0;0;1;1;0;0;3;0;216;108;6;1;5;13;1;0;0;0;6;4;1;2;0;1;0;1;0;0;2;1;2;8;6;1;2;2;1;0;2;4;0;0;0;0
55;"Szkoła Podstawowa Nr 10 im. Gustawa Morcinka w Tychach, ul. Borowa 123, 43-100 Tychy";247701;"m. Tychy";"Tychy";"śląskie";1;1;5;1;2;0;1;0;2;0;0;0;0;0;1;0;0;0;0;1;4;0;136;4;5;0;15;2;0;1;1;0;33;0;0;0;0;1;2;3;0;1;0;0;37;1;14;0;7;1;1;1;1;5;0;2;0;1;1;0;4;2;2;0;5;1;4;2;284;22;7;1;3;9;1;2;25;1;0;0;0;2;2;0;1;0;0;0;0;0;0;1;35;7;4;2;1;0;1;1;1;1;1;4;0;0;2;0;0;1;1;0;3;0;0;0;229;103;10;2;3;9;3;2;2;2;11;1;4;2;0;0;0;1;0;1;1;1;1;2;11;2;2;0;0;0;0;4;0;0;0;2
56;"Szkoła Podstawowa Nr 10 im. Gustawa Morcinka w Tychach, ul. Borowa 123, 43-100 Tychy";247701;"m. Tychy";"Tychy";"śląskie";1;1;12;4;6;0;1;0;0;0;2;0;1;1;1;0;1;0;1;1;1;2;184;10;15;3;17;1;1;1;0;1;15;0;2;0;1;0;1;2;0;0;3;2;53;2;17;0;9;2;5;0;4;2;0;7;0;0;1;0;5;4;4;0;1;0;2;2;314;48;5;4;5;16;1;0;26;4;1;1;0;1;1;0;0;1;3;0;2;1;0;7;67;5;9;4;2;2;1;4;0;1;1;0;1;1;4;1;1;1;1;0;1;0;0;1;330;177;11;2;6;6;0;2;3;2;11;9;0;4;0;4;1;0;2;1;0;0;7;5;15;5;1;0;1;0;1;7;1;1;1;0
57;"Szkoła Podstawowa Nr 22 z Oddziałami Integracyjnymi im. Rafała Pomorskiego w Tychach, ul. Harcerska 25, 43-100 Tychy";247701;"m. Tychy";"Tychy";"śląskie";1;1;9;3;2;1;0;2;0;1;0;1;0;0;0;0;1;0;1;1;0;0;142;6;16;2;4;1;1;3;1;0;14;0;0;4;1;2;0;1;0;0;2;3;36;6;14;2;3;0;2;0;2;1;1;3;0;0;1;1;3;2;2;0;0;0;2;0;355;28;3;6;11;6;1;5;16;0;0;1;2;2;0;0;0;0;1;0;3;2;2;5;37;15;6;1;1;4;0;1;1;0;2;2;0;0;4;0;0;0;2;0;4;0;0;1;226;90;11;6;3;7;0;2;0;2;14;8;1;2;0;0;2;1;0;0;2;1;3;2;6;2;2;1;2;1;1;3;0;0;0;1
58;"Szkoła Podstawowa Nr 22 z Oddziałami Integracyjnymi im. Rafała Pomorskiego w Tychach, ul. Harcerska 25, 43-100 Tychy";247701;"m. Tychy";"Tychy";"śląskie";1;1;6;4;2;1;0;1;1;0;1;0;0;0;2;0;2;0;0;0;0;0;115;5;11;0;10;4;1;0;1;1;17;0;1;1;0;2;2;0;0;0;1;0;33;5;8;3;1;0;1;0;5;0;0;6;1;0;1;0;3;5;2;0;1;2;4;0;337;33;2;4;9;7;1;1;9;0;0;0;0;4;3;1;0;0;1;1;0;5;1;6;35;5;4;5;2;2;3;0;1;1;0;0;1;0;1;1;1;2;1;1;1;0;0;0;267;102;9;3;2;6;0;2;1;0;2;6;0;0;0;0;0;1;1;0;0;0;0;1;8;2;1;1;1;0;0;8;0;0;0;0
59;"Szkoła Podstawowa Nr 22 z Oddziałami Integracyjnymi im. Rafała Pomorskiego w Tychach, ul. Harcerska 25, 43-100 Tychy";247701;"m. Tychy";"Tychy";"śląskie";1;1;9;2;2;2;0;2;1;1;0;0;2;1;1;0;0;0;1;2;1;2;172;2;10;0;10;5;3;0;0;0;15;0;0;0;0;0;0;0;0;2;3;6;41;4;12;0;5;0;2;2;4;2;0;7;0;0;2;0;4;1;2;1;4;2;3;1;323;32;9;5;3;16;0;2;5;2;0;1;0;5;3;1;0;1;0;2;3;0;3;17;51;4;7;4;1;2;3;0;1;4;3;0;1;0;2;1;1;0;1;0;4;0;0;2;278;141;10;3;11;11;3;4;2;2;11;0;1;2;1;0;0;0;0;0;0;0;2;9;12;9;0;0;0;1;2;7;2;1;1;0
60;"Szkoła Podstawowa Nr 22 z Oddziałami Integracyjnymi im. Rafała Pomorskiego w Tychach, ul. Harcerska 25, 43-100 Tychy";247701;"m. Tychy";"Tychy";"śląskie";1;1;5;1;1;0;0;1;0;0;1;2;0;1;1;2;0;0;2;2;0;0;145;3;12;1;9;1;0;2;0;1;14;0;1;1;0;0;1;0;0;0;3;2;38;3;18;1;5;1;1;0;2;3;1;5;3;0;1;1;4;2;3;0;3;1;1;0;323;26;8;6;12;9;0;1;13;0;2;0;0;3;3;0;0;0;2;0;1;3;0;3;44;8;9;1;0;0;1;1;0;1;0;0;0;0;0;1;0;1;0;0;0;0;1;1;212;83;8;3;11;7;1;1;0;0;5;5;1;4;1;0;0;1;0;0;0;1;1;0;9;2;0;2;0;0;0;6;0;0;0;1
61;"Zespół Szkół Nr 4 im. Janusza Groszkowskiego w Tychach, al. Aleja Bielska 100, 43-100 Tychy";247701;"m. Tychy";"Tychy";"śląskie";1;1;9;4;1;1;3;0;1;0;0;0;2;0;0;0;2;1;0;1;2;2;128;5;15;2;11;0;1;2;0;0;18;1;0;1;0;1;2;0;1;0;2;0;45;7;23;4;7;2;1;0;2;0;0;8;0;0;3;0;1;4;1;0;3;0;2;2;283;23;5;6;8;12;0;0;19;0;1;0;0;5;0;1;0;1;0;1;2;0;0;3;54;3;8;6;0;0;1;2;3;0;1;1;1;1;4;0;0;1;0;0;1;0;0;2;220;114;6;0;10;13;0;0;1;0;20;3;0;2;0;1;2;2;0;0;0;2;0;5;10;6;0;0;0;1;1;6;0;0;0;2
62;"Zespół Szkół Nr 4 im. Janusza Groszkowskiego w Tychach, al. Aleja Bielska 100, 43-100 Tychy";247701;"m. Tychy";"Tychy";"śląskie";1;1;2;0;0;0;1;0;1;0;0;0;1;1;0;0;2;0;0;2;1;0;121;0;9;4;5;3;2;1;1;0;11;0;0;1;0;1;0;0;0;0;2;3;27;4;9;0;4;2;2;0;2;2;0;1;2;0;2;0;6;1;1;0;4;0;0;1;296;19;9;8;4;6;0;0;10;0;2;1;0;4;1;1;0;1;1;0;0;1;0;3;44;3;2;1;2;0;1;0;0;1;0;3;1;1;1;0;0;1;0;0;0;0;0;0;179;85;6;1;6;6;0;1;1;0;7;5;1;2;0;3;0;0;0;0;0;1;2;3;8;1;0;2;0;1;1;6;0;1;0;1
63;"Zespół Szkolno-Przedszkolny Nr 1 w Tychach, ul. Leśna 66, 43-100 Tychy";247701;"m. Tychy";"Tychy";"śląskie";1;1;9;2;3;1;0;0;0;0;0;0;0;1;1;0;0;0;1;2;2;1;136;6;20;1;31;6;0;1;1;0;14;4;1;3;0;3;1;1;0;0;0;3;49;4;23;0;7;0;2;0;0;1;0;2;0;1;0;0;1;2;2;0;1;0;0;0;226;15;1;3;3;8;0;3;26;0;1;0;0;2;0;0;0;1;2;1;0;0;1;26;69;7;4;2;1;0;2;2;0;1;4;2;3;0;3;1;0;4;0;0;4;1;2;1;253;117;7;8;2;15;0;2;2;0;14;8;1;0;2;2;0;1;0;0;0;0;2;2;10;0;0;0;1;0;2;6;1;0;1;1
64;"Szpital Miejski Sp. z o. o. w Tychach, ul. Cicha 27, 43-100 Tychy";247701;"m. Tychy";"Tychy";"śląskie";1;1;0;0;0;0;0;1;0;0;0;0;0;0;0;0;0;0;0;0;0;0;1;0;1;0;0;0;0;0;0;0;0;0;0;0;0;0;0;0;0;0;0;0;0;0;0;0;0;0;0;0;0;0;0;0;0;0;0;0;0;0;0;0;0;0;0;0;8;0;0;0;0;0;0;0;0;0;0;0;0;0;0;0;0;0;0;0;0;0;0;0;0;0;0;0;0;0;0;0;0;0;0;0;0;0;0;0;0;0;0;0;0;0;0;0;2;1;0;0;0;1;0;0;0;0;0;0;0;0;0;0;0;0;0;0;0;0;0;0;0;0;0;0;0;0;0;0;0;0;0;1
65;"Wojewódzki Szpital Specjalistyczny w Tychach Megrez Sp. z o. o., ul. Edukacji 102, 43-100 Tychy";247701;"m. Tychy";"Tychy";"śląskie";1;1;0;0;0;0;0;0;0;0;0;0;0;0;0;0;0;0;0;0;0;0;9;0;3;1;0;0;1;1;0;0;1;0;0;1;0;0;0;0;0;0;0;0;5;0;1;0;0;0;0;0;0;0;0;1;0;0;0;0;0;0;0;0;0;0;0;0;42;1;3;0;1;0;0;0;0;0;1;0;0;1;1;0;0;0;0;0;0;0;0;0;3;0;0;0;0;0;0;0;0;0;0;1;0;0;0;0;0;0;0;0;0;0;0;1;20;5;0;0;0;0;0;0;0;0;0;0;0;1;0;0;1;0;0;0;0;0;0;0;0;0;0;0;0;0;0;1;0;0;0;0
66;"Dom Pomocy Społecznej Św. Anna w Tychach, ul. Mikołaja Kopernika 6, 43-100 Tychy";247701;"m. Tychy";"Tychy";"śląskie";1;1;0;0;0;0;0;0;0;0;0;0;0;0;0;0;0;0;0;0;0;0;1;1;0;0;0;0;0;0;0;0;0;0;0;0;0;0;0;0;0;0;0;0;0;0;0;1;0;0;0;0;0;0;0;0;0;0;0;0;0;0;0;0;0;0;0;0;15;0;0;0;0;0;0;0;0;0;0;0;0;0;0;0;0;0;1;0;0;0;0;0;0;0;0;0;0;0;0;0;0;0;0;0;0;0;0;0;0;0;0;0;0;0;0;0;5;1;0;0;0;1;0;0;0;0;0;0;0;0;0;0;0;0;0;0;0;0;0;0;0;0;0;0;0;0;0;0;0;0;0;0
67;"Polsko-Amerykańskie Kliniki Serca X Oddział Kardiologii Inwazyjnej, Elektrofizjologii i Elektrostymulacji, ul. Edukacji 102, 43-100 Tychy";247701;"m. Tychy";"Tychy";"śląskie";1;1;0;0;0;0;0;0;0;0;0;0;0;0;0;0;0;0;0;0;0;0;0;0;0;0;0;0;0;0;0;0;0;0;0;0;0;0;0;0;0;0;0;0;0;0;0;0;0;0;0;0;0;0;0;0;0;0;0;0;0;0;0;0;0;0;0;0;2;0;0;0;0;0;0;0;0;0;0;0;0;0;0;0;0;0;0;0;0;0;0;0;0;0;0;0;0;0;0;0;0;0;0;0;0;0;0;0;0;0;0;0;0;0;0;0;2;0;0;1;0;0;0;0;0;0;0;0;0;0;0;0;0;0;0;0;0;0;0;0;0;0;0;0;0;0;0;0;0;0;0;0
