"Nr komisji";"Siedziba komisji";"TERYT Gminy";"Gmina";"Powiat";"Województwo";"Liczba komisji";"Liczba uwzględnionych komisji";"STAWIKOWSKI Damian Oskar - KW BEZPARTYJNI SAMORZĄDOWCY";"MICHALAK Daria - KW BEZPARTYJNI SAMORZĄDOWCY";"SAWKA Władysław - KW BEZPARTYJNI SAMORZĄDOWCY";"TARCZYŃSKA-BURY Agnieszka Agata - KW BEZPARTYJNI SAMORZĄDOWCY";"ROSIEK Łukasz Adam - KW BEZPARTYJNI SAMORZĄDOWCY";"KŁODZIŃSKI Wojciech Andrzej - KW BEZPARTYJNI SAMORZĄDOWCY";"RÓŻAŃSKA Małgorzata Anna - KW BEZPARTYJNI SAMORZĄDOWCY";"STYPA Tomasz Mariusz - KW BEZPARTYJNI SAMORZĄDOWCY";"KUJAWA Romuald Jarosław - KW BEZPARTYJNI SAMORZĄDOWCY";"KIWAK Andżelika Paula - KW BEZPARTYJNI SAMORZĄDOWCY";"CIEPŁOWSKI Jarosław - KW BEZPARTYJNI SAMORZĄDOWCY";"HAJSEK Katarzyna - KW BEZPARTYJNI SAMORZĄDOWCY";"DROZDOWSKI Wojciech Michał - KW BEZPARTYJNI SAMORZĄDOWCY";"CURYŁO Dagmara Weronika - KW BEZPARTYJNI SAMORZĄDOWCY";"BOBREK Dariusz Marek - KW BEZPARTYJNI SAMORZĄDOWCY";"JANCZURA Joanna Ewa - KW BEZPARTYJNI SAMORZĄDOWCY";"PAWŁOWICZ Igor - KW BEZPARTYJNI SAMORZĄDOWCY";"CIEPŁOWSKA Dominika Kazimiera - KW BEZPARTYJNI SAMORZĄDOWCY";"WOJSA Monika Marlena - KW BEZPARTYJNI SAMORZĄDOWCY";"OGONOWSKI Łukasz - KW BEZPARTYJNI SAMORZĄDOWCY";"SROKA Katarzyna Janina - KW BEZPARTYJNI SAMORZĄDOWCY";"KARALIS Odyseusz - KW BEZPARTYJNI SAMORZĄDOWCY";"KRUPA Paweł - KW BEZPARTYJNI SAMORZĄDOWCY";"GROSICKI Rafał Łukasz - KW BEZPARTYJNI SAMORZĄDOWCY";"RZEPA Jarosław Michał - KKW TRZECIA DROGA PSL-PL2050 SZYMONA HOŁOWNI";"RUDAWSKI Adam Stanisław - KKW TRZECIA DROGA PSL-PL2050 SZYMONA HOŁOWNI";"PAKULSKI Cezary Piotr - KKW TRZECIA DROGA PSL-PL2050 SZYMONA HOŁOWNI";"PODGÓRSKA Edyta - KKW TRZECIA DROGA PSL-PL2050 SZYMONA HOŁOWNI";"MALINOWSKA-WASILUK Agnieszka - KKW TRZECIA DROGA PSL-PL2050 SZYMONA HOŁOWNI";"MAJSAKOWSKI Wojciech - KKW TRZECIA DROGA PSL-PL2050 SZYMONA HOŁOWNI";"SKAWIŃSKI Mieczysław Jan - KKW TRZECIA DROGA PSL-PL2050 SZYMONA HOŁOWNI";"DEMKOWSKA Magdalena Joanna - KKW TRZECIA DROGA PSL-PL2050 SZYMONA HOŁOWNI";"SZEWCZYK Anna Barbara - KKW TRZECIA DROGA PSL-PL2050 SZYMONA HOŁOWNI";"CZUBARA Tomasz - KKW TRZECIA DROGA PSL-PL2050 SZYMONA HOŁOWNI";"GRAN-KRAJEWSKA Katarzyna Michalina - KKW TRZECIA DROGA PSL-PL2050 SZYMONA HOŁOWNI";"WAWRZYNIAK Waldemar Marek - KKW TRZECIA DROGA PSL-PL2050 SZYMONA HOŁOWNI";"KASIAK Michał - KKW TRZECIA DROGA PSL-PL2050 SZYMONA HOŁOWNI";"MAREK Paweł - KKW TRZECIA DROGA PSL-PL2050 SZYMONA HOŁOWNI";"MIRKOWICZ Jarosław - KKW TRZECIA DROGA PSL-PL2050 SZYMONA HOŁOWNI";"JAKUBOWICZ-DZIDUCH Justyna - KKW TRZECIA DROGA PSL-PL2050 SZYMONA HOŁOWNI";"WIERZCHOWSKA Anna Magdalena - KKW TRZECIA DROGA PSL-PL2050 SZYMONA HOŁOWNI";"JANOWICZ Arkadiusz Zygmunt - KKW TRZECIA DROGA PSL-PL2050 SZYMONA HOŁOWNI";"MILLER Marta - KKW TRZECIA DROGA PSL-PL2050 SZYMONA HOŁOWNI";"GLIŃSKA Anna Katarzyna - KKW TRZECIA DROGA PSL-PL2050 SZYMONA HOŁOWNI";"SIWY Jakub - KKW TRZECIA DROGA PSL-PL2050 SZYMONA HOŁOWNI";"FALIGOWSKI Michał Zbigniew - KKW TRZECIA DROGA PSL-PL2050 SZYMONA HOŁOWNI";"GRZELAK Marek Wiesław - KKW TRZECIA DROGA PSL-PL2050 SZYMONA HOŁOWNI";"KULINICZ Tomasz Teodor - KKW TRZECIA DROGA PSL-PL2050 SZYMONA HOŁOWNI";"WIECZOREK Dariusz Krzysztof - KW NOWA LEWICA";"TRYSZKIEWICZ Jolanta Zofia - KW NOWA LEWICA";"KOŚCIELAK Adam Stanisław - KW NOWA LEWICA";"KRYSTEK Dawid Wojciech - KW NOWA LEWICA";"AGATOWSKA Joanna Monika - KW NOWA LEWICA";"RYGIEL Piotr Aleksander - KW NOWA LEWICA";"DŁUGOBORSKI Wojciech - KW NOWA LEWICA";"RESZKO-SZYDŁOWSKA Bogusława Małgorzata - KW NOWA LEWICA";"PIOTROWSKA Małgorzata - KW NOWA LEWICA";"KORCZYŃSKI Jakub Maciej - KW NOWA LEWICA";"WYSOSZYŃSKA Aneta Katarzyna - KW NOWA LEWICA";"JĘDRZEJEWSKA-MOTYKA Dorota Anna - KW NOWA LEWICA";"OLBRATOWSKA Izabela Katarzyna - KW NOWA LEWICA";"MICHALISZYN Bartłomiej Tomasz - KW NOWA LEWICA";"CIECHANOWICZ Zbigniew - KW NOWA LEWICA";"JAROSZEWICZ Bogdan - KW NOWA LEWICA";"NAWROCKA Urszula Maria - KW NOWA LEWICA";"ULDYNOWICZ Łukasz - KW NOWA LEWICA";"SERAFINOWICZ Maria Magdalena - KW NOWA LEWICA";"BEDNARSKI Sebastian Waldemar - KW NOWA LEWICA";"JAKUBIAK Anna Dorota - KW NOWA LEWICA";"ŚMIGIELSKA-MATULANIEC Małgorzata Katarzyna - KW NOWA LEWICA";"SZYMAŃSKA Teresa Elżbieta - KW NOWA LEWICA";"SOBOLEWSKI Piotr - KW NOWA LEWICA";"GRÓBARCZYK Marek Józef - KW PRAWO I SPRAWIEDLIWOŚĆ";"DOBRZYŃSKI Leszek - KW PRAWO I SPRAWIEDLIWOŚĆ";"SZAŁABAWKA Artur Lesław - KW PRAWO I SPRAWIEDLIWOŚĆ";"JACH Michał - KW PRAWO I SPRAWIEDLIWOŚĆ";"BOGUCKI Zbigniew - KW PRAWO I SPRAWIEDLIWOŚĆ";"MATECKI Dariusz Piotr - KW PRAWO I SPRAWIEDLIWOŚĆ";"PAWLAK Anna - KW PRAWO I SPRAWIEDLIWOŚĆ";"MUCHA Rafał Marek - KW PRAWO I SPRAWIEDLIWOŚĆ";"STÓJ-RYBAK Agnieszka Janina - KW PRAWO I SPRAWIEDLIWOŚĆ";"KOSMAL Edward - KW PRAWO I SPRAWIEDLIWOŚĆ";"MIROWSKI Paweł - KW PRAWO I SPRAWIEDLIWOŚĆ";"SZELĄŻEK Andrzej - KW PRAWO I SPRAWIEDLIWOŚĆ";"DYCZYŃSKA Katarzyna Karolina - KW PRAWO I SPRAWIEDLIWOŚĆ";"ZARĘBSKA-KULESZA Magdalena - KW PRAWO I SPRAWIEDLIWOŚĆ";"CHRUSZCZ Sylwester Arkadiusz - KW PRAWO I SPRAWIEDLIWOŚĆ";"KARMASZ Bożena Franciszka - KW PRAWO I SPRAWIEDLIWOŚĆ";"PISARSKA Jolanta Barbara - KW PRAWO I SPRAWIEDLIWOŚĆ";"CHODYKO Dorota - KW PRAWO I SPRAWIEDLIWOŚĆ";"BRZOZOWSKA Maria Romualda - KW PRAWO I SPRAWIEDLIWOŚĆ";"KOPEĆ Maciej Stanisław - KW PRAWO I SPRAWIEDLIWOŚĆ";"BUCZEK Kamila - KW PRAWO I SPRAWIEDLIWOŚĆ";"ZINOWIK Michał - KW PRAWO I SPRAWIEDLIWOŚĆ";"ŁOZA Monika Agnieszka - KW PRAWO I SPRAWIEDLIWOŚĆ";"ZAREMBA Krzysztof Piotr - KW PRAWO I SPRAWIEDLIWOŚĆ";"BEDKA Marcin Grzegorz - KW KONFEDERACJA WOLNOŚĆ I NIEPODLEGŁOŚĆ";"SOSNOWSKA Magdalena - KW KONFEDERACJA WOLNOŚĆ I NIEPODLEGŁOŚĆ";"SOWIŃSKI Marcin Bartosz - KW KONFEDERACJA WOLNOŚĆ I NIEPODLEGŁOŚĆ";"OLECH Dariusz - KW KONFEDERACJA WOLNOŚĆ I NIEPODLEGŁOŚĆ";"PIĄTKOWSKI Grzegorz Jacek - KW KONFEDERACJA WOLNOŚĆ I NIEPODLEGŁOŚĆ";"ROSZKOWIAK Danuta - KW KONFEDERACJA WOLNOŚĆ I NIEPODLEGŁOŚĆ";"ROSZAK Sylwester - KW KONFEDERACJA WOLNOŚĆ I NIEPODLEGŁOŚĆ";"KLIMASZEWSKI Tomasz Piotr - KW KONFEDERACJA WOLNOŚĆ I NIEPODLEGŁOŚĆ";"PODOLSKI Łukasz - KW KONFEDERACJA WOLNOŚĆ I NIEPODLEGŁOŚĆ";"POLAŃSKI Tomasz - KW KONFEDERACJA WOLNOŚĆ I NIEPODLEGŁOŚĆ";"ZAJKOWSKA Grażyna Dorota - KW KONFEDERACJA WOLNOŚĆ I NIEPODLEGŁOŚĆ";"ARLT Monika Izabela - KW KONFEDERACJA WOLNOŚĆ I NIEPODLEGŁOŚĆ";"GERLECKA Joanna Katarzyna - KW KONFEDERACJA WOLNOŚĆ I NIEPODLEGŁOŚĆ";"KŁOSOWSKI Mirosław - KW KONFEDERACJA WOLNOŚĆ I NIEPODLEGŁOŚĆ";"HARASIMOWICZ Anna Celina - KW KONFEDERACJA WOLNOŚĆ I NIEPODLEGŁOŚĆ";"GAWROŃSKA Anna Kazimiera - KW KONFEDERACJA WOLNOŚĆ I NIEPODLEGŁOŚĆ";"GIEREK Grzegorz - KW KONFEDERACJA WOLNOŚĆ I NIEPODLEGŁOŚĆ";"WASILEWSKA Małgorzata - KW KONFEDERACJA WOLNOŚĆ I NIEPODLEGŁOŚĆ";"JAKUBOWSKI Michał Andrzej - KW KONFEDERACJA WOLNOŚĆ I NIEPODLEGŁOŚĆ";"RUDZKA Małgorzata - KW KONFEDERACJA WOLNOŚĆ I NIEPODLEGŁOŚĆ";"ANDRZEJEWSKI Jakub Łukasz - KW KONFEDERACJA WOLNOŚĆ I NIEPODLEGŁOŚĆ";"PODGÓRSKA-BORYSEWICZ Agnieszka - KW KONFEDERACJA WOLNOŚĆ I NIEPODLEGŁOŚĆ";"POTYRAŁA Łukasz - KW KONFEDERACJA WOLNOŚĆ I NIEPODLEGŁOŚĆ";"SZCZODRY Artur Maria - KW KONFEDERACJA WOLNOŚĆ I NIEPODLEGŁOŚĆ";"NITRAS Sławomir Witold - KKW KOALICJA OBYWATELSKA PO .N IPL ZIELONI";"FILIKS Magdalena - KKW KOALICJA OBYWATELSKA PO .N IPL ZIELONI";"MARCHEWKA Arkadiusz - KKW KOALICJA OBYWATELSKA PO .N IPL ZIELONI";"KALINA Teresa - KKW KOALICJA OBYWATELSKA PO .N IPL ZIELONI";"ŁĄCKI Artur Jarosław - KKW KOALICJA OBYWATELSKA PO .N IPL ZIELONI";"JABŁOŃSKA Elżbieta - KKW KOALICJA OBYWATELSKA PO .N IPL ZIELONI";"NAPIERALSKI Grzegorz Bernard - KKW KOALICJA OBYWATELSKA PO .N IPL ZIELONI";"NOWAK Anna - KKW KOALICJA OBYWATELSKA PO .N IPL ZIELONI";"PAŃKA Urszula - KKW KOALICJA OBYWATELSKA PO .N IPL ZIELONI";"PIECZYŃSKA Magdalena Iwona - KKW KOALICJA OBYWATELSKA PO .N IPL ZIELONI";"JUREWICZ Anita Katarzyna - KKW KOALICJA OBYWATELSKA PO .N IPL ZIELONI";"SIARKIEWICZ Zygmunt - KKW KOALICJA OBYWATELSKA PO .N IPL ZIELONI";"FEDEŃCZAK Adam - KKW KOALICJA OBYWATELSKA PO .N IPL ZIELONI";"BODEK Michał - KKW KOALICJA OBYWATELSKA PO .N IPL ZIELONI";"SCHNEIDER Maria Renata - KKW KOALICJA OBYWATELSKA PO .N IPL ZIELONI";"WANCERZ Agnieszka Helena - KKW KOALICJA OBYWATELSKA PO .N IPL ZIELONI";"KUPCZYK Katarzyna - KKW KOALICJA OBYWATELSKA PO .N IPL ZIELONI";"DROZDOWSKI Józef - KKW KOALICJA OBYWATELSKA PO .N IPL ZIELONI";"SOSNOWSKA Magdalena Alicja - KKW KOALICJA OBYWATELSKA PO .N IPL ZIELONI";"JASKULSKI Patryk Bartłomiej - KKW KOALICJA OBYWATELSKA PO .N IPL ZIELONI";"PANNA Robert - KKW KOALICJA OBYWATELSKA PO .N IPL ZIELONI";"KIRYLUK Beata - KKW KOALICJA OBYWATELSKA PO .N IPL ZIELONI";"FATE Shivan - KKW KOALICJA OBYWATELSKA PO .N IPL ZIELONI";"ŻYTO Natalia Małgorzata - KKW KOALICJA OBYWATELSKA PO .N IPL ZIELONI";"BAGDZIŃSKA Urszula - KW POLSKA JEST JEDNA";"BUCHOWIECKI Bartłomiej - KW POLSKA JEST JEDNA";"NOWAKOWSKI Cezary Witold - KW POLSKA JEST JEDNA";"FLIS Beata Agnieszka - KW POLSKA JEST JEDNA";"ZYCH Ilona - KW POLSKA JEST JEDNA";"ŁAWNICZAK Wojciech Robert - KW POLSKA JEST JEDNA";"LEWIŃSKI Łukasz - KW POLSKA JEST JEDNA";"CHAMERA Alina Katarzyna - KW POLSKA JEST JEDNA";"JOZEL Janusz Benedykt - KW POLSKA JEST JEDNA";"DOBROWOLSKA Jolanta Maria - KW POLSKA JEST JEDNA";"TOMCZAK Anna Maria - KW POLSKA JEST JEDNA";"SZUBERT-ŚWIĄTEK Joanna - KW POLSKA JEST JEDNA";"RZEUSKA Ewa - KWW RDIP";"TOMCZAK Sebastian - KWW RDIP";"HOLIŃSKA Magdalena - KWW RDIP";"PANASIUK Tomasz Maciej - KWW RDIP";"PĘCIAK Anna Janina - KWW RDIP";"ŚWIGOŃ Łukasz Piotr - KWW RDIP";"LISOWSKA Anna - KWW RDIP";"KOWALSKI Łukasz - KWW RDIP";"ŚWIGOŃ Edyta Hanna - KWW RDIP";"PASTERNAK Dariusz Janusz - KWW RDIP";"SWOBODA Karol Mirosław - KWW RDIP";"TASARZ Marek Krzysztof - KWW RDIP"
1;"Miejska i Powiatowa Biblioteka Publiczna w Goleniowie, ul. Konstytucji 3 Maja 26, 72-100 Goleniów";320402;"gm. Goleniów";"goleniowski";"zachodniopomorskie";1;1;3;3;0;0;0;0;1;1;0;0;0;1;0;0;0;0;0;0;0;1;0;0;0;2;42;11;9;8;11;0;1;0;2;0;0;0;0;0;0;0;2;0;3;1;3;0;1;32;16;16;3;5;6;0;1;1;3;0;1;0;4;0;0;0;3;1;0;0;2;0;9;1;77;9;30;8;91;41;6;3;3;4;1;0;1;5;0;0;1;37;2;1;6;1;4;4;30;11;8;7;1;0;2;1;4;0;0;1;0;0;1;0;0;0;0;0;0;3;0;0;184;32;34;0;3;6;9;6;0;4;62;1;6;1;0;0;0;1;1;1;0;1;2;3;0;0;0;0;0;1;0;0;0;0;0;0;5;0;1;0;0;0;1;0;1;1;0;1
2;"Szkoła Podstawowa z Oddziałami Sportowymi nr 5 w Goleniowie, ul. Cypriana Kamila Norwida 1, 72-100 Goleniów";320402;"gm. Goleniów";"goleniowski";"zachodniopomorskie";1;1;6;1;0;0;0;0;0;0;0;0;0;1;0;0;2;0;0;0;0;0;0;1;1;1;55;11;11;9;5;1;0;4;8;0;1;0;4;0;1;1;1;0;2;1;0;0;1;38;36;16;3;6;9;1;1;1;2;2;2;0;0;4;1;0;0;0;4;0;2;2;6;0;89;20;17;13;93;44;8;2;2;2;1;3;1;3;1;2;1;40;0;3;2;1;1;6;38;7;15;7;1;3;0;2;6;2;1;0;1;1;2;0;0;1;1;0;0;2;0;1;239;91;38;3;4;5;15;10;1;12;118;1;10;2;1;1;0;0;1;0;0;2;3;1;2;0;0;2;0;1;0;0;1;0;0;2;8;0;0;0;0;0;1;1;0;0;0;2
3;"Szkoła Podstawowa Nr 4, ul. Szczecińska 36, 72-100 Goleniów";320402;"gm. Goleniów";"goleniowski";"zachodniopomorskie";1;1;2;0;0;0;0;2;2;0;0;1;1;1;0;0;0;0;3;0;0;0;0;0;0;2;36;10;10;9;11;1;3;1;2;1;1;1;0;1;1;1;1;2;3;2;2;0;3;33;35;13;3;0;4;1;0;2;2;0;1;1;2;2;0;0;1;1;1;1;1;0;3;1;78;12;21;4;106;39;5;4;1;1;0;1;1;4;1;0;2;23;2;1;1;0;2;3;23;6;13;3;1;0;0;1;0;0;0;1;0;0;0;0;0;0;0;0;1;4;0;0;187;58;33;2;2;0;26;3;0;0;92;0;8;2;0;0;2;0;0;4;0;2;1;1;10;2;1;0;1;0;0;0;1;0;1;2;0;0;0;0;0;0;1;0;0;0;0;1
4;"Przedszkole Publiczne nr 2, ul. Akacjowa 19, 72-100 Goleniów";320402;"gm. Goleniów";"goleniowski";"zachodniopomorskie";1;1;1;2;1;0;0;0;0;0;1;0;0;0;1;0;1;0;0;0;0;0;0;2;0;2;49;9;16;9;7;0;2;3;3;0;2;0;0;3;0;5;2;0;2;1;2;0;0;34;64;10;1;8;7;4;1;2;4;0;1;0;1;0;0;2;3;0;1;1;1;0;3;1;95;31;13;21;69;50;7;3;1;2;2;0;1;0;1;0;1;25;0;4;2;0;1;5;19;8;13;10;0;0;1;1;3;0;0;1;1;0;0;1;1;0;0;1;0;2;0;1;212;43;42;1;7;8;21;3;1;1;107;0;8;0;0;1;0;1;0;5;0;2;1;3;3;1;0;0;1;1;0;1;0;0;0;0;0;0;0;0;0;0;1;0;0;0;0;2
5;"Klub Centrum Animacji Młodzieży, ul. Jana Matejki 3C, 72-100 Goleniów";320402;"gm. Goleniów";"goleniowski";"zachodniopomorskie";1;1;7;1;0;0;0;0;0;0;1;2;1;1;0;0;0;0;0;0;0;2;1;0;0;2;31;6;6;10;2;0;2;2;1;2;0;0;0;0;1;1;0;1;2;1;0;0;0;28;22;11;4;0;4;3;2;0;1;0;0;1;2;0;0;0;0;0;1;1;2;2;1;1;70;18;17;4;39;22;2;2;0;1;1;1;1;4;2;1;2;27;0;1;0;1;1;4;33;6;10;7;1;1;0;3;0;0;0;2;0;0;0;1;1;1;0;0;0;0;0;0;179;68;31;4;3;3;16;5;1;4;99;0;1;2;0;0;1;0;0;1;0;1;0;2;4;2;1;1;0;0;0;0;0;1;0;0;0;0;1;0;0;0;0;0;0;0;0;0
6;"Szkoła Podstawowa nr 1, ul. Jana Kilińskiego 11, 72-100 Goleniów";320402;"gm. Goleniów";"goleniowski";"zachodniopomorskie";1;1;2;0;0;1;0;2;0;0;0;0;0;0;0;0;1;0;1;0;0;0;0;0;0;1;18;4;5;11;0;0;0;2;2;3;0;0;1;3;1;1;0;0;3;0;1;0;0;17;16;5;0;1;5;0;1;0;1;0;3;1;1;0;0;0;1;0;0;4;1;2;0;6;60;12;13;11;65;9;5;5;0;0;1;0;2;1;0;1;3;21;1;2;1;0;0;5;17;1;5;4;0;0;0;0;0;0;0;0;0;1;1;2;1;1;1;0;0;0;0;0;100;28;23;0;3;1;9;3;0;2;56;0;6;1;0;0;0;0;0;2;0;3;2;4;4;0;1;0;0;0;0;0;0;0;0;0;0;0;0;0;0;0;0;0;0;0;0;1
7;"Zespół Szkół nr 1, ul. Niepodległości 1, 72-100 Goleniów";320402;"gm. Goleniów";"goleniowski";"zachodniopomorskie";1;1;6;3;1;0;1;2;2;1;0;0;0;0;0;0;0;0;0;0;0;1;0;0;1;0;54;17;20;23;13;0;3;4;4;0;0;2;0;2;0;3;1;0;6;1;1;0;2;43;29;14;8;5;4;2;2;0;3;0;1;2;2;1;0;1;4;0;2;0;1;2;6;4;75;9;7;8;80;43;6;3;2;3;1;2;1;2;0;0;1;23;4;3;2;1;1;5;39;6;15;9;4;1;0;1;3;1;3;1;0;0;1;1;3;0;1;1;0;3;2;0;273;69;47;3;7;4;10;8;2;5;121;2;8;1;0;0;1;0;2;8;1;7;1;4;8;1;1;2;3;0;0;1;0;2;0;0;0;0;0;0;0;0;0;0;0;2;0;1
8;"Przedszkole Publiczne Nr 4, ul. Króla Władysława Jagiełły 12, 72-100 Goleniów";320402;"gm. Goleniów";"goleniowski";"zachodniopomorskie";1;1;3;1;0;0;0;1;1;0;2;0;0;0;0;1;0;0;0;0;0;1;0;0;1;1;50;9;9;10;11;1;1;0;4;3;1;2;3;1;0;1;4;0;3;2;3;0;2;32;29;22;4;3;4;2;0;1;5;1;2;2;2;0;0;0;1;0;3;1;2;0;9;2;104;20;19;14;111;43;5;4;1;0;0;2;6;4;0;1;2;28;2;2;2;0;3;4;48;5;17;3;2;2;0;0;3;2;1;0;1;1;0;1;1;2;1;1;1;3;0;0;252;66;35;3;7;5;24;4;0;1;111;0;9;3;0;0;2;0;0;10;0;0;2;4;3;1;0;0;0;1;1;1;0;0;1;1;2;0;1;0;0;0;0;0;0;0;0;0
9;"Goleniowskie Towarzystwo Budownictwa Społecznego, ul. Wincentego Witosa 7, 72-100 Goleniów";320402;"gm. Goleniów";"goleniowski";"zachodniopomorskie";1;1;6;1;0;0;0;0;0;1;0;0;0;1;0;0;0;0;1;0;0;0;1;0;0;3;40;5;5;18;7;3;1;2;1;2;0;0;0;1;1;0;2;6;3;1;3;0;2;64;35;14;1;1;8;2;1;1;1;0;6;4;4;0;0;2;4;0;1;2;1;1;5;2;85;16;11;13;94;41;6;5;3;3;0;3;1;0;0;0;3;53;1;2;1;0;1;10;30;5;18;6;1;2;0;0;1;1;2;0;0;0;1;0;2;1;1;1;1;1;1;2;235;81;33;2;8;6;17;6;2;2;102;0;12;1;0;0;2;0;1;3;0;3;0;6;2;0;0;0;1;0;0;0;1;0;0;1;0;0;0;1;0;1;0;1;0;0;0;0
10;"Szkoła Podstawowa nr 2, ul. Szarych Szeregów 14, 72-100 Goleniów";320402;"gm. Goleniów";"goleniowski";"zachodniopomorskie";1;1;5;0;0;0;0;2;1;1;0;0;0;1;1;0;0;1;0;0;0;2;0;0;0;1;39;14;9;6;3;0;2;2;3;0;0;0;0;3;1;0;2;0;2;3;1;1;3;44;37;9;1;8;4;0;1;0;5;0;0;2;0;0;0;1;0;0;5;3;2;0;6;5;43;13;7;9;78;20;4;1;1;4;3;1;2;0;1;0;0;24;0;1;0;0;0;5;27;7;17;4;1;0;2;1;0;3;1;1;0;0;1;0;0;0;1;1;0;1;0;1;170;59;34;2;5;4;20;2;0;4;96;1;10;2;0;2;3;1;1;0;0;1;0;2;4;0;2;0;0;0;0;0;0;2;0;0;1;0;0;0;1;0;0;1;0;0;0;3
11;"Szkoła Podstawowa nr 3, ul. Jodłowa 33, 72-100 Goleniów";320402;"gm. Goleniów";"goleniowski";"zachodniopomorskie";1;1;3;4;0;1;1;1;1;2;0;1;0;0;0;0;1;0;0;0;0;0;0;0;1;7;26;10;12;8;9;4;0;3;5;0;1;3;1;0;1;0;2;0;4;0;3;0;1;38;28;11;2;3;13;0;1;0;1;1;0;1;4;2;1;0;2;0;1;0;1;2;7;2;103;14;19;8;52;19;5;3;2;2;1;2;3;0;3;0;1;30;0;0;0;0;1;10;25;6;14;4;2;0;2;1;6;0;0;0;1;1;2;0;2;0;0;0;0;0;0;0;190;37;44;1;2;6;6;5;1;4;88;1;5;2;0;1;1;0;1;3;0;1;2;5;3;1;1;1;1;0;0;1;0;0;0;2;0;0;0;0;0;0;0;0;0;0;0;0
12;"Szkoła Podstawowa, ul. Szkolna 2, 72-113 Krępsko";320402;"gm. Goleniów";"goleniowski";"zachodniopomorskie";1;1;2;2;0;0;0;1;0;0;0;0;0;1;0;0;1;0;0;0;1;1;0;0;0;2;37;0;7;18;2;3;4;0;5;1;2;1;0;5;0;0;0;0;4;1;1;0;1;17;24;13;2;3;2;0;0;1;1;0;3;0;0;0;1;0;1;2;3;0;0;0;9;1;25;9;8;9;41;12;9;0;0;1;2;0;2;2;0;0;0;27;0;1;4;0;4;1;33;4;12;5;1;0;1;1;1;2;0;0;0;0;0;2;1;0;0;2;1;0;0;1;144;46;33;4;3;4;6;2;3;1;82;3;9;0;0;0;0;0;0;5;0;1;0;1;6;0;0;0;0;0;0;0;0;1;0;0;0;0;1;0;0;0;0;0;0;0;0;0
13;"Zespół Szkół Publicznych, Białuń ul. Sielankowa 4, 72-100 Goleniów";320402;"gm. Goleniów";"goleniowski";"zachodniopomorskie";1;1;3;1;0;0;2;1;3;0;0;0;0;1;0;0;0;0;0;1;0;0;0;0;0;1;27;0;26;12;6;1;0;1;2;0;2;0;1;0;1;2;0;0;6;2;1;0;1;21;30;8;2;2;12;0;0;0;4;0;1;0;2;0;0;0;2;1;0;0;0;1;2;2;39;7;7;5;19;9;4;1;0;0;1;1;0;0;1;1;0;58;0;0;0;1;3;6;27;2;12;2;3;0;1;0;0;1;0;0;0;0;0;1;3;0;0;0;0;7;0;1;103;26;25;2;1;5;9;2;1;1;47;0;5;0;0;0;0;0;0;0;0;0;1;4;5;1;0;0;0;0;1;0;0;1;0;0;0;3;0;0;0;0;0;0;1;0;0;0
14;"Zespół Szkół Publicznych, Mosty 4, 72-132 Mosty";320402;"gm. Goleniów";"goleniowski";"zachodniopomorskie";1;1;4;2;0;0;0;2;2;0;0;2;0;0;0;0;1;0;0;0;0;0;0;0;0;3;33;9;5;7;6;2;1;8;5;4;0;0;0;0;1;1;3;0;1;1;0;0;0;30;15;8;0;6;6;1;0;1;1;1;0;0;0;0;0;2;5;0;0;1;0;2;3;1;59;25;19;13;81;28;4;11;4;8;0;3;1;2;1;1;1;16;1;0;1;0;2;5;20;6;9;11;0;3;1;2;4;0;3;0;0;1;1;0;0;0;0;0;1;1;0;0;109;30;19;2;2;3;11;6;0;1;53;0;2;1;0;0;0;0;0;1;1;0;1;2;2;2;1;0;0;0;0;0;0;0;1;0;0;1;0;0;0;0;0;0;0;0;0;0
15;"Klub Stara Hydrofornia, ul. Bolesława Krzywoustego 16, 72-100 Goleniów";320402;"gm. Goleniów";"goleniowski";"zachodniopomorskie";1;1;3;0;0;0;0;0;0;0;0;0;0;0;1;0;2;1;0;0;0;0;0;0;0;1;20;8;6;5;6;0;2;1;0;1;0;1;4;0;1;0;1;1;1;0;0;0;2;11;5;2;1;2;5;0;0;0;1;0;0;0;0;0;0;0;0;0;0;0;0;0;1;0;9;4;8;0;21;11;1;0;0;12;0;0;0;1;0;0;0;7;0;0;0;0;0;1;11;2;2;4;0;0;1;0;0;0;0;0;0;0;0;0;0;0;0;0;0;1;0;0;77;28;27;0;1;0;4;2;0;1;44;0;0;0;0;0;0;0;1;2;0;0;1;1;0;0;0;0;0;0;0;0;0;0;1;0;1;0;0;0;0;0;0;0;0;0;0;0
16;"Szkoła Podstawowa, ul. Piastowska 11, 72-123 Kliniska Wielkie";320402;"gm. Goleniów";"goleniowski";"zachodniopomorskie";1;1;1;4;0;0;0;0;0;2;2;1;0;2;1;1;2;1;0;1;0;1;1;0;1;1;42;12;13;24;20;1;1;1;2;0;0;1;1;0;0;2;4;1;2;0;3;1;1;6;18;17;1;6;4;0;1;0;2;0;0;0;1;1;0;0;1;1;0;1;2;2;2;4;45;5;11;4;37;28;5;0;3;2;1;19;0;2;2;1;1;3;1;1;0;1;1;3;22;5;20;13;0;1;0;3;1;0;0;0;0;2;0;0;2;1;0;0;0;0;0;0;182;122;46;5;6;3;13;4;7;1;2;0;2;1;1;0;0;0;1;16;0;0;2;3;9;3;0;1;1;0;1;0;3;2;0;0;2;0;0;0;0;0;0;0;0;0;0;0
17;"Szkoła Podstawowa, ul. Lipowa 14, 72-105 Lubczyna";320402;"gm. Goleniów";"goleniowski";"zachodniopomorskie";1;1;3;0;1;3;1;0;0;2;0;1;0;1;0;0;0;0;0;0;0;1;1;0;0;0;40;5;5;9;2;0;1;1;7;0;0;0;1;1;0;3;1;0;2;0;0;0;2;27;19;18;0;0;2;0;3;1;0;2;2;1;1;0;0;0;4;1;2;1;0;2;1;0;38;7;16;5;31;24;4;4;3;0;0;0;0;1;0;0;2;23;2;5;3;2;0;4;14;5;15;9;1;3;0;1;2;0;0;0;0;0;0;1;0;0;0;0;1;0;0;0;110;70;38;7;9;3;5;1;2;0;20;1;8;0;1;0;3;1;1;5;0;0;0;2;4;2;3;0;3;0;0;0;0;0;1;0;2;1;0;0;0;0;0;0;0;1;0;0
18;"Szkoła Podstawowa, ul. Piastowska 11, 72-123 Kliniska Wielkie";320402;"gm. Goleniów";"goleniowski";"zachodniopomorskie";1;1;5;0;1;0;0;0;1;0;0;0;0;1;2;1;1;0;1;2;0;2;0;1;0;2;36;29;20;26;11;5;1;5;5;0;3;1;1;1;0;5;3;0;4;3;2;0;1;6;32;18;5;6;10;0;0;0;1;3;0;1;0;0;0;0;1;0;1;2;1;0;3;2;98;19;27;5;48;35;11;0;1;0;5;7;4;4;1;0;3;2;0;5;4;0;2;10;39;9;31;13;0;0;0;0;1;3;4;0;0;0;0;0;3;0;0;1;2;1;2;2;221;155;82;14;4;7;21;5;6;5;12;0;1;0;1;1;1;0;0;13;2;1;10;1;4;0;0;0;2;1;0;0;0;1;0;2;0;0;0;0;0;0;0;0;0;0;0;0
19;"Świetlica Środowiskowa, Święta 29, 72-113 Święta";320402;"gm. Goleniów";"goleniowski";"zachodniopomorskie";1;1;0;0;0;0;0;0;1;0;0;0;0;0;0;0;0;0;1;0;0;0;0;0;0;0;2;0;0;3;0;1;0;0;1;0;0;0;0;0;0;0;1;0;1;0;0;0;0;0;2;1;0;0;0;0;0;0;1;0;0;0;0;0;0;0;1;0;0;0;1;0;0;0;2;0;0;3;10;1;0;0;0;0;0;0;0;0;1;0;0;0;0;1;0;0;0;0;2;0;0;2;1;0;0;0;0;0;0;0;0;0;0;0;0;0;0;0;0;0;0;0;23;3;2;0;0;1;1;0;2;0;9;1;2;0;0;0;0;0;0;0;0;0;0;0;0;0;0;0;0;0;0;0;0;0;0;0;0;0;0;0;0;0;0;0;0;0;0;0
20;"Świetlica Wiejska, Żdżary 7CA, 72-113 Żdżary";320402;"gm. Goleniów";"goleniowski";"zachodniopomorskie";1;1;0;0;2;0;0;0;0;0;0;0;0;0;0;0;1;0;0;0;0;0;0;0;0;1;7;1;1;7;3;0;0;1;1;0;0;0;0;0;0;0;0;0;0;1;0;0;1;8;5;4;1;0;2;0;2;0;0;0;0;2;0;1;0;0;0;0;0;0;0;0;3;0;13;3;1;1;2;8;6;1;0;0;0;1;0;0;0;0;0;7;0;0;0;0;0;1;10;0;1;1;0;0;0;0;0;0;0;0;0;0;0;0;0;0;0;0;0;0;0;0;19;13;8;1;0;3;1;3;2;0;26;0;0;0;0;0;0;0;0;2;0;0;0;3;1;1;0;0;0;0;0;0;0;0;0;0;0;0;0;0;0;0;0;0;0;0;0;0
21;"Świetlica Środowiskowa, Marszewo 23, 72-100 Goleniów";320402;"gm. Goleniów";"goleniowski";"zachodniopomorskie";1;1;0;2;0;0;0;0;0;1;0;0;0;0;0;0;0;0;0;0;0;0;0;0;0;1;9;4;3;3;7;0;0;1;2;1;0;0;0;0;0;0;0;0;0;0;1;0;0;6;3;0;2;2;3;0;0;1;2;0;0;0;0;0;0;0;0;0;1;0;0;0;0;0;19;5;1;1;19;7;1;0;0;0;0;0;0;0;0;0;0;6;0;0;0;0;0;0;6;0;3;4;0;0;0;0;0;0;0;0;0;0;1;0;1;0;0;0;0;0;0;0;55;9;5;2;1;0;6;4;0;1;23;0;1;0;0;0;0;1;0;1;0;2;0;0;5;1;0;0;0;0;1;0;0;0;1;0;0;1;0;0;0;0;0;0;0;0;1;0
22;"Świetlica wiejska, Wierzchosław 39, 72-100 Goleniów";320402;"gm. Goleniów";"goleniowski";"zachodniopomorskie";1;1;2;0;0;0;0;0;0;0;0;0;0;0;0;0;0;0;0;0;0;0;0;0;1;0;7;1;0;1;0;0;0;0;0;0;0;0;0;0;0;0;1;0;0;0;0;0;0;3;0;0;0;0;0;0;0;0;0;0;0;0;0;0;0;1;0;0;0;0;0;0;0;0;2;0;0;2;18;0;0;1;0;0;0;0;0;0;0;0;1;4;0;1;0;0;0;1;2;3;1;0;1;0;0;0;1;0;0;0;0;0;0;1;0;1;0;0;0;0;0;0;4;2;3;0;0;0;1;2;0;1;12;0;0;0;0;0;0;0;0;1;0;0;0;0;7;3;0;0;0;0;1;0;0;0;0;0;0;1;0;0;0;0;0;0;0;0;0;1
23;"Świetlica Środowiskowa, Żółwia Błoć 26, 72-100 Goleniów";320402;"gm. Goleniów";"goleniowski";"zachodniopomorskie";1;1;1;0;0;0;0;0;0;1;0;0;0;0;1;0;0;0;0;0;0;0;1;0;0;0;14;0;1;4;0;0;0;1;0;0;1;1;2;0;0;0;1;0;0;0;1;0;0;13;6;3;0;2;1;0;0;0;0;0;0;0;0;0;0;0;0;1;0;0;0;0;1;0;9;4;2;1;5;0;0;1;0;0;1;0;1;0;0;0;0;43;0;0;0;0;0;2;9;4;2;0;1;0;0;0;0;0;0;0;0;0;1;0;0;0;0;0;0;0;0;0;58;17;8;0;1;1;1;1;0;2;24;0;3;2;1;0;0;0;0;0;0;0;1;0;8;1;1;0;0;0;0;0;1;0;0;1;0;0;0;0;0;0;0;0;0;0;0;0
24;"Świetlica Wiejska, Bolechowo 15, 72-131 Bolechowo";320402;"gm. Goleniów";"goleniowski";"zachodniopomorskie";1;1;1;0;0;0;0;0;4;0;0;0;0;0;0;0;0;1;0;0;1;0;0;0;0;0;10;3;10;5;5;1;0;3;4;1;2;0;0;4;0;1;0;0;3;2;1;0;0;17;6;4;2;3;0;0;0;1;0;0;0;0;2;0;0;0;0;0;0;0;1;0;0;1;28;2;10;2;21;15;2;2;1;1;0;9;0;2;0;0;0;10;0;3;1;0;1;3;10;0;6;0;0;2;0;0;1;0;0;0;0;0;0;0;0;0;0;1;1;0;0;0;56;11;9;1;1;0;0;1;0;3;47;0;1;0;0;0;1;0;1;1;0;0;1;1;3;0;0;1;0;0;0;0;0;0;0;0;1;0;0;0;0;0;0;0;0;0;0;0
25;"Świetlica Wiejska, Budno 28, 72-100 Goleniów";320402;"gm. Goleniów";"goleniowski";"zachodniopomorskie";1;1;1;1;0;0;0;0;0;0;0;0;0;0;0;0;0;0;0;0;0;0;0;0;0;0;11;0;0;3;0;1;0;1;2;1;2;0;0;0;0;0;0;0;0;0;1;1;0;9;7;4;1;1;1;0;0;1;0;0;0;0;1;0;0;0;0;2;0;1;1;3;0;0;16;6;2;1;18;2;1;2;1;1;0;0;0;0;0;0;0;3;0;0;1;0;1;0;12;0;4;1;1;0;0;0;0;1;0;0;0;0;2;0;0;0;0;0;0;0;0;1;19;4;1;0;0;0;0;0;0;0;9;1;1;1;0;0;0;1;0;0;0;0;0;0;1;0;0;0;1;0;0;0;0;0;0;0;0;0;0;0;0;0;0;0;0;0;0;0
26;"Świetlica Środowiskowa, Danowo 19, 72-132 Danowo";320402;"gm. Goleniów";"goleniowski";"zachodniopomorskie";1;1;0;1;0;0;0;0;0;2;0;0;0;0;1;0;0;0;0;0;0;0;0;0;0;0;3;0;1;2;1;0;0;2;0;0;1;0;0;0;0;0;0;0;0;0;1;0;0;2;4;3;0;1;2;0;0;0;1;0;0;0;0;0;1;0;0;1;1;0;0;0;0;0;4;2;5;1;6;5;2;1;0;1;0;1;0;0;0;0;0;0;0;0;0;0;0;0;3;0;0;1;0;1;0;0;1;1;1;0;0;0;0;0;0;2;0;0;0;1;0;0;24;3;5;2;1;1;1;0;1;0;4;0;1;0;0;0;0;0;0;0;0;0;0;0;1;2;1;0;0;0;0;0;0;0;0;0;0;0;0;0;0;0;0;0;0;0;0;0
27;"Świetlica Wiejska, ul. Goleniowska 76, 72-123 Rurzyca";320402;"gm. Goleniów";"goleniowski";"zachodniopomorskie";1;1;2;0;0;0;0;0;0;1;0;0;0;0;0;0;0;0;0;0;0;0;0;0;0;1;23;12;1;5;8;3;1;3;2;0;5;0;1;0;0;1;0;0;4;1;1;0;1;17;12;10;0;1;1;0;0;2;0;0;2;0;0;0;1;0;1;0;1;1;2;0;0;2;49;4;9;2;40;71;5;2;0;1;2;1;0;0;0;0;1;3;0;0;1;0;1;8;16;3;7;2;0;0;0;0;1;0;0;0;0;0;0;1;0;0;0;0;2;0;1;0;103;72;31;1;4;5;4;8;1;1;21;0;7;0;0;0;1;0;0;5;0;1;1;1;3;0;2;1;0;0;0;0;0;1;0;0;3;0;0;0;0;0;0;0;0;0;0;0
28;"Szkoła Podstawowa im. Joanny Kulmowej w Komarowie, Komarowo 8, 72-105 Komarowo";320402;"gm. Goleniów";"goleniowski";"zachodniopomorskie";1;1;1;0;0;0;0;0;1;0;1;0;0;0;0;0;0;0;0;0;0;0;0;0;1;0;14;6;3;3;1;0;0;0;1;1;1;2;0;1;0;0;1;1;0;1;0;0;0;7;9;3;4;2;1;1;0;0;0;0;0;0;0;0;0;0;0;0;1;0;0;0;0;1;24;7;4;3;18;1;3;5;1;2;1;0;0;3;0;1;0;4;0;0;1;0;0;4;9;0;4;2;0;0;2;0;0;0;0;0;0;0;0;1;0;0;0;0;1;0;0;0;53;9;0;0;2;2;3;0;1;2;22;0;0;0;0;0;0;0;0;0;0;0;0;1;0;0;0;0;1;0;0;1;0;0;0;0;0;1;0;0;0;0;0;0;0;0;2;0
29;"Szpitalne Centrum Medyczne w Goleniowie Sp. z o. o., ul. Nowogardzka 2, 72-100 Goleniów";320402;"gm. Goleniów";"goleniowski";"zachodniopomorskie";1;1;0;0;0;0;0;0;0;0;0;0;0;0;0;0;0;0;0;0;0;0;0;0;0;0;0;0;0;0;0;0;0;0;0;0;0;0;0;0;0;0;0;0;0;0;0;0;0;0;0;0;0;0;1;0;0;0;0;0;0;0;0;0;0;0;0;0;0;0;0;0;0;0;1;0;0;0;2;0;0;0;0;1;0;0;0;0;0;0;0;1;0;0;0;0;0;0;0;0;0;0;0;0;0;0;0;0;0;0;0;0;0;0;0;0;0;0;0;0;0;0;2;0;0;0;0;0;0;0;0;0;0;0;0;0;0;0;0;0;0;0;0;0;0;0;0;0;0;0;0;0;0;0;0;0;0;0;0;0;0;0;0;0;0;0;0;0;0;0
30;"Zakład Karny w Goleniowie, ul. Grenadierów 66, 72-100 Goleniów";320402;"gm. Goleniów";"goleniowski";"zachodniopomorskie";1;1;7;0;0;0;0;4;0;0;0;1;0;0;0;2;0;3;1;1;0;0;2;0;4;1;25;3;6;6;6;1;2;5;1;0;1;1;1;3;3;1;3;2;1;1;3;0;0;1;21;5;2;3;8;2;2;0;6;2;0;0;2;0;1;0;1;0;1;0;6;1;4;1;19;8;2;1;7;5;5;1;1;3;1;0;4;4;1;4;0;1;0;3;2;0;0;7;12;2;1;0;2;2;1;0;1;2;0;0;0;1;1;0;2;1;1;0;0;0;0;1;197;25;10;10;8;10;11;18;5;3;6;1;4;6;1;0;4;1;4;4;5;1;0;8;3;1;0;1;1;0;0;0;0;1;0;0;1;0;0;0;1;0;0;0;0;0;0;0
31;"Dom opieki i wsparcia SENIOR PARK, Pucie 2, 72-123 Kliniska Wielkie";320402;"gm. Goleniów";"goleniowski";"zachodniopomorskie";1;1;0;0;0;0;0;0;0;0;0;0;0;0;0;0;0;0;0;0;0;0;0;0;0;0;1;0;0;0;0;0;0;0;0;0;0;0;0;0;0;0;0;0;0;0;0;0;0;0;0;0;0;1;0;0;0;0;0;0;0;0;0;0;0;0;0;0;0;0;0;0;0;0;7;1;0;0;0;0;0;1;0;0;0;0;0;0;0;0;0;0;0;0;0;0;0;0;0;0;0;0;0;0;1;0;0;0;0;0;0;0;0;0;0;0;0;0;0;0;0;0;2;0;1;0;0;0;0;1;0;0;0;0;0;0;0;0;0;0;0;0;0;0;0;0;0;0;0;0;0;0;0;0;0;0;0;0;0;0;0;0;0;0;0;0;0;0;0;0
1;"Szkoła Podstawowa w Dębicach, Dębice 29, 72-130 Maszewo";320403;"gm. Maszewo";"goleniowski";"zachodniopomorskie";1;1;3;2;0;1;0;1;0;0;0;0;0;0;0;1;0;0;0;0;0;0;0;0;0;1;24;1;3;1;2;0;1;0;0;0;0;0;1;0;0;0;0;0;1;1;2;1;0;15;6;3;1;1;1;0;0;2;6;2;15;0;0;0;0;0;1;0;0;0;1;0;0;2;52;13;11;24;58;16;13;0;0;24;0;4;2;3;0;0;0;3;0;7;2;2;0;5;12;7;5;5;1;0;0;1;3;4;0;0;0;0;0;0;1;1;1;1;1;0;0;0;47;17;27;1;2;12;5;2;1;0;8;0;8;1;1;0;2;0;0;0;0;0;0;8;3;1;1;0;2;0;0;0;0;1;1;0;3;0;0;0;0;0;0;0;0;0;0;0
2;"Ośrodek Kultury i Sportu, ul. Szkolna 1a, 72-130 Maszewo";320403;"gm. Maszewo";"goleniowski";"zachodniopomorskie";1;1;2;1;0;0;0;0;0;0;0;2;0;0;0;0;1;1;1;0;0;0;0;0;0;1;33;7;13;13;8;0;6;1;6;3;0;4;1;4;0;1;4;0;1;3;1;0;2;22;21;11;1;1;1;0;5;0;4;1;9;1;2;0;0;0;1;1;2;6;3;1;1;1;56;14;25;55;50;30;9;3;1;7;1;2;4;2;0;1;1;7;1;3;0;1;2;2;29;4;6;13;1;0;0;2;2;2;3;1;0;1;0;0;5;3;1;0;0;0;0;3;171;26;65;1;4;2;9;7;5;1;7;0;13;2;0;0;0;0;0;6;0;0;0;3;1;0;0;0;0;1;0;0;0;0;1;0;1;0;0;0;0;0;0;0;0;0;0;0
3;"Szkoła Podstawowa im. Adama Mickiewicza, ul. Szkolna 14, 72-130 Maszewo";320403;"gm. Maszewo";"goleniowski";"zachodniopomorskie";1;1;3;3;0;1;0;0;0;1;0;0;0;1;1;0;0;0;0;0;1;1;0;0;0;0;26;9;16;10;4;0;4;2;5;3;0;2;1;2;0;1;0;0;3;0;1;0;1;12;19;11;2;5;7;0;3;0;7;1;4;0;2;4;0;1;2;0;2;2;0;1;4;2;58;9;22;71;42;20;10;3;1;3;0;0;0;1;1;2;0;5;1;2;4;2;0;4;25;4;7;9;1;3;2;0;2;3;0;0;0;0;0;0;1;0;1;2;0;1;0;0;139;18;38;1;0;3;6;7;1;1;4;0;10;8;1;1;0;1;0;5;0;0;0;1;4;0;0;0;2;0;0;0;0;1;1;0;2;0;0;0;1;1;0;1;0;0;0;4
4;"Branżowa Szkoła I stopnia w Maszewie, ul. Jedności Narodowej 6, 72-130 Maszewo";320403;"gm. Maszewo";"goleniowski";"zachodniopomorskie";1;1;1;1;0;0;0;1;1;0;0;1;0;0;0;0;0;0;0;0;0;0;0;1;1;3;16;4;7;6;1;1;1;0;8;0;0;3;1;0;0;0;1;0;3;1;1;0;0;3;10;3;0;5;1;1;0;0;1;0;0;1;0;0;0;0;0;0;0;0;0;0;0;0;21;2;11;13;19;10;3;1;1;15;1;2;1;0;0;0;1;6;0;3;0;1;1;3;15;1;2;9;1;0;1;0;0;0;0;0;0;0;1;0;1;2;0;0;0;2;1;1;40;20;31;1;1;0;1;1;0;1;1;0;6;0;0;0;0;2;0;1;0;0;0;2;2;0;0;0;0;1;0;0;0;0;0;0;1;0;0;0;0;0;0;0;0;0;0;0
5;"Szkoła Podstawowa w Rożnowie Nowogardzkim, Rożnowo Nowogardzkie 60, 72-130 Maszewo";320403;"gm. Maszewo";"goleniowski";"zachodniopomorskie";1;1;3;0;0;0;0;0;1;0;0;0;0;0;0;0;1;0;0;0;0;1;1;0;1;1;8;7;2;3;4;0;0;1;0;0;0;0;0;1;0;0;0;0;0;0;1;0;0;9;9;2;1;0;1;2;0;0;2;1;0;1;0;3;0;0;0;0;1;3;1;0;0;0;15;6;12;16;20;17;1;3;0;18;0;2;0;1;1;0;1;0;0;3;0;0;4;3;10;0;1;2;0;0;1;0;0;0;1;1;0;0;0;0;1;0;0;0;0;0;0;0;31;8;8;2;0;1;3;0;0;0;4;0;0;0;1;0;0;0;0;1;0;0;1;2;0;0;0;0;0;0;0;0;0;0;0;0;0;2;0;0;0;0;0;0;0;0;0;0
6;"Świetlica Wiejska w Przemoczu, Przemocze 60A, 72-130 Maszewo";320403;"gm. Maszewo";"goleniowski";"zachodniopomorskie";1;1;0;1;0;0;0;0;1;0;0;0;0;2;0;0;0;0;0;0;0;0;0;0;0;0;11;0;6;1;1;0;0;0;2;0;0;0;0;0;1;0;1;0;0;1;0;0;1;4;6;6;1;1;0;1;0;1;3;0;1;0;0;1;0;0;0;0;1;0;0;0;3;0;14;4;14;23;14;39;4;0;0;0;0;0;0;0;0;0;3;0;0;0;0;0;1;0;8;1;2;0;0;0;0;0;0;0;0;0;0;0;0;0;0;0;0;0;0;0;0;0;39;10;4;2;2;0;1;4;0;1;12;0;2;0;0;0;0;0;1;0;1;1;2;2;2;0;0;0;0;0;0;0;0;0;0;0;0;1;0;0;0;0;0;0;0;0;0;0
7;"Świetlica Wiejska w Bagnach, Bagna 11A, 72-130 Maszewo";320403;"gm. Maszewo";"goleniowski";"zachodniopomorskie";1;1;2;0;0;0;0;0;0;0;0;0;0;0;0;0;0;0;0;0;0;0;0;1;1;1;9;4;2;1;0;0;0;0;2;1;0;0;0;0;0;0;0;0;0;1;0;0;0;5;5;6;0;1;0;0;0;0;0;0;6;0;0;0;0;0;0;0;0;0;0;0;0;0;23;6;9;21;16;4;5;1;2;4;1;1;1;1;0;0;2;0;1;3;3;0;1;2;3;1;0;0;1;0;1;1;0;0;0;2;1;0;0;0;0;0;0;0;0;1;1;0;33;6;6;0;0;2;1;3;0;0;4;0;2;0;0;0;0;1;0;0;0;0;0;0;1;1;0;0;0;0;0;0;0;1;0;0;0;0;0;0;0;0;0;0;0;0;0;0
8;"Świetlica Wiejska w Darżu, Darż 9c, 72-130 Maszewo";320403;"gm. Maszewo";"goleniowski";"zachodniopomorskie";1;1;2;0;0;1;0;1;0;0;0;0;0;0;0;0;1;0;0;0;0;0;0;0;0;0;5;4;1;1;2;0;0;0;0;0;0;0;1;0;0;0;0;0;0;0;0;0;0;3;3;1;2;0;2;0;0;0;0;0;0;1;0;0;0;0;2;0;0;0;0;0;1;0;4;5;5;18;20;3;3;3;0;7;0;1;2;0;1;0;0;1;1;0;0;0;0;0;4;3;1;0;3;0;0;0;0;1;0;0;0;0;0;0;0;0;0;0;0;0;0;0;29;3;7;0;0;2;0;1;1;0;0;0;2;0;0;0;0;0;0;0;0;0;0;0;2;0;1;0;1;0;0;0;0;0;0;0;0;0;0;0;0;0;0;0;0;0;0;0
9;"Świetlica Wiejska w Jenikowie, Jenikowo 10a, 72-130 Maszewo";320403;"gm. Maszewo";"goleniowski";"zachodniopomorskie";1;1;0;0;0;0;0;0;1;0;0;1;0;0;1;0;0;0;0;0;0;0;1;0;0;0;9;2;0;4;0;1;0;0;1;0;1;0;1;0;0;0;0;0;1;0;1;0;1;7;2;0;1;3;1;0;0;0;0;0;6;0;0;0;0;0;2;0;0;0;0;0;0;0;14;6;3;8;4;9;5;1;0;7;0;0;1;2;0;0;1;1;0;2;0;1;0;2;4;2;1;0;0;1;1;0;3;0;1;0;0;0;0;0;1;0;0;0;0;0;0;2;20;5;8;0;1;1;0;3;0;1;0;0;8;1;0;0;0;0;0;0;0;0;0;0;1;1;0;0;0;0;0;0;0;0;1;0;0;0;0;0;0;0;1;0;0;0;0;0
10;"Świetlica Wiejska w Radzanku, Radzanek 6a, 72-130 Maszewo";320403;"gm. Maszewo";"goleniowski";"zachodniopomorskie";1;1;0;2;0;0;0;0;0;0;0;0;0;0;0;0;0;0;0;0;0;0;0;0;3;1;14;0;2;1;1;0;0;2;1;0;0;0;1;0;3;0;0;0;0;0;0;1;0;4;7;0;0;1;0;0;0;0;1;0;0;0;0;0;0;0;0;0;0;0;0;2;0;0;7;9;1;8;15;3;2;1;0;11;0;0;0;0;0;0;0;0;0;0;0;0;0;8;2;5;1;3;0;0;0;0;1;0;0;1;1;0;0;0;0;0;0;0;1;0;0;0;25;10;20;0;1;0;4;2;0;0;0;0;0;0;1;1;0;0;0;0;0;0;1;0;0;0;1;0;0;0;1;0;0;0;0;0;0;0;0;0;0;0;0;0;0;0;0;2
11;"Świetlica Wiejska w Sokolnikach, Sokolniki 39A, 72-130 Maszewo";320403;"gm. Maszewo";"goleniowski";"zachodniopomorskie";1;1;1;0;0;0;0;0;0;0;0;0;0;0;0;1;0;0;2;0;0;2;0;1;0;1;5;1;5;4;0;0;0;0;4;0;0;1;0;1;0;0;1;0;1;0;0;0;2;7;1;10;0;0;1;1;0;1;0;1;4;0;0;0;0;0;0;0;0;0;1;1;0;0;33;6;11;11;29;3;7;2;2;24;0;0;1;1;0;0;3;1;0;2;1;0;1;2;6;2;0;0;1;0;1;0;0;4;0;0;0;0;0;0;1;0;0;0;0;0;0;0;19;4;9;0;1;0;4;3;0;1;0;0;1;1;0;0;0;1;0;0;0;0;0;6;0;0;0;0;0;0;0;0;0;0;0;0;0;0;0;0;0;0;0;0;0;0;0;0
1;"Szkoła Podstawowa Nr 3, ul. Bohaterów Warszawy 78, 72-200 Nowogard";320404;"gm. Nowogard";"goleniowski";"zachodniopomorskie";1;1;7;2;2;0;0;0;1;1;2;1;0;1;1;0;0;1;0;0;0;0;1;0;0;3;28;5;5;16;9;0;0;1;1;0;0;0;0;2;0;0;3;0;2;1;3;1;1;105;57;9;7;6;1;1;0;1;0;2;30;1;3;1;1;9;0;0;3;0;1;0;4;2;119;13;44;32;36;49;15;2;5;4;1;4;1;23;0;0;1;1;1;3;3;0;0;14;22;8;14;2;1;0;3;2;1;1;0;0;1;0;0;0;1;0;0;0;3;1;0;0;228;43;22;3;8;5;7;7;1;4;2;1;106;1;0;0;1;0;1;0;0;0;1;9;5;1;1;0;0;1;0;0;1;0;0;0;2;0;0;0;0;0;0;0;0;0;0;0
2;"Szkoła Podstawowa Nr 2, ul. Stefana Żeromskiego 5, 72-200 Nowogard";320404;"gm. Nowogard";"goleniowski";"zachodniopomorskie";1;1;5;1;0;0;2;0;0;2;0;0;0;0;0;0;3;0;0;0;0;0;1;1;0;2;31;6;9;7;1;2;0;2;1;1;0;1;0;3;0;3;0;1;0;2;2;1;0;100;23;10;2;2;2;0;1;0;2;1;34;2;0;0;0;2;0;0;0;0;0;3;1;2;110;35;39;21;27;20;21;4;0;7;1;0;0;16;0;2;3;4;0;2;7;0;3;15;26;11;6;7;3;1;2;6;2;0;1;0;0;0;0;3;0;0;1;1;1;0;0;1;173;36;17;3;2;1;9;5;0;2;1;0;110;0;0;0;1;0;2;0;0;0;1;1;4;0;0;1;1;1;1;0;0;1;0;0;1;0;0;0;0;0;1;0;0;0;0;0
3;"Przedszkole Miejskie Nr 3, ul. Księcia Józefa Poniatowskiego 2a, 72-200 Nowogard";320404;"gm. Nowogard";"goleniowski";"zachodniopomorskie";1;1;3;2;0;0;1;0;1;0;0;1;1;0;1;1;0;2;0;1;1;0;1;0;0;0;30;5;5;9;3;2;0;0;3;1;0;2;0;3;1;0;0;0;1;1;0;0;0;74;25;8;1;0;7;0;1;1;2;0;30;3;2;0;0;2;4;0;1;0;0;3;2;4;82;15;31;19;17;29;15;5;1;5;1;0;1;16;0;1;1;1;2;1;3;0;0;5;29;3;4;1;4;0;0;0;0;1;0;0;0;0;1;0;0;1;0;0;0;0;0;2;182;28;16;10;8;3;13;4;0;0;1;0;94;1;0;0;1;0;1;1;0;0;1;4;1;0;0;0;2;0;0;0;0;0;0;0;3;0;0;0;0;0;1;0;0;1;0;0
4;"Ośrodek Pomocy Społecznej w Nowogardzie, ul. 3 Maja 6, 72-200 Nowogard";320404;"gm. Nowogard";"goleniowski";"zachodniopomorskie";1;1;7;1;0;0;0;0;1;1;0;0;0;0;0;0;0;2;1;0;0;0;0;0;0;0;28;5;9;6;4;0;1;2;2;1;1;1;0;0;0;2;0;0;1;0;3;0;1;79;21;10;4;4;4;1;2;0;2;1;32;0;1;0;1;0;0;0;3;2;1;1;0;3;80;15;24;20;23;25;12;1;2;10;1;0;6;16;2;3;0;3;2;0;3;0;0;5;23;5;2;5;0;2;0;0;2;0;0;1;0;0;1;0;1;2;0;0;3;1;0;2;124;25;21;3;0;3;6;3;2;0;4;0;80;3;1;0;1;0;0;2;0;0;0;2;4;0;0;0;0;0;4;0;2;1;0;0;0;0;0;0;0;0;0;0;0;0;0;0
5;"Nowogardzki Dom Kultury, ul. Plac Wolności 7, 72-200 Nowogard";320404;"gm. Nowogard";"goleniowski";"zachodniopomorskie";1;1;1;1;1;3;1;0;0;0;0;0;0;0;0;2;0;1;0;0;1;0;0;0;3;0;22;10;10;6;4;0;1;3;2;0;0;0;0;2;0;0;0;0;2;0;1;0;0;74;40;12;1;5;5;0;0;0;3;2;64;1;2;0;0;0;0;0;0;4;0;2;1;0;113;18;49;17;29;33;18;6;1;3;1;3;3;20;0;1;1;4;1;3;0;0;4;9;14;8;3;1;2;0;2;0;0;0;2;0;0;0;1;1;1;2;1;0;2;0;2;1;166;32;24;3;8;7;14;4;0;2;1;0;91;1;0;1;0;0;1;1;0;3;0;3;4;1;0;1;0;2;1;1;0;1;0;0;0;0;0;0;0;0;0;0;0;0;0;0
6;"Przedszkole Miejskie Nr 4, ul. Tadeusza Kościuszki 3, 72-200 Nowogard";320404;"gm. Nowogard";"goleniowski";"zachodniopomorskie";1;1;2;0;0;0;0;0;1;0;2;0;0;0;0;0;0;0;0;0;0;0;0;0;0;2;41;7;10;7;4;0;1;2;5;1;2;1;1;0;2;0;2;1;1;3;2;0;1;124;46;11;6;3;3;0;2;1;2;2;54;1;1;0;0;4;3;0;0;2;0;0;0;3;112;12;35;9;23;36;8;4;1;3;0;1;2;20;2;0;0;2;1;0;2;0;0;9;26;3;5;2;0;0;0;0;2;1;0;0;2;2;0;1;0;0;0;0;0;1;0;0;251;59;24;2;6;9;19;8;2;1;1;0;125;0;1;0;0;0;0;1;0;1;3;2;5;0;0;1;2;0;1;0;0;0;0;0;0;0;0;0;0;0;0;0;0;0;0;0
7;"Szkoła Podstawowa Nr 1, ul. Wojska Polskiego 6/36a, 72-200 Nowogard";320404;"gm. Nowogard";"goleniowski";"zachodniopomorskie";1;1;6;4;0;0;1;0;0;0;1;0;0;1;0;0;0;1;0;0;0;0;0;1;0;2;29;7;10;9;1;0;1;0;2;1;1;1;0;1;0;1;0;0;1;0;1;0;1;94;35;9;6;1;5;2;0;1;3;1;44;1;0;2;0;6;1;0;1;0;0;0;1;1;84;10;24;15;29;32;18;1;3;1;0;0;1;22;1;2;2;1;2;2;2;0;1;7;20;4;3;1;0;1;1;1;2;5;0;0;2;1;0;0;0;0;1;1;1;1;0;0;191;30;17;1;6;4;12;4;0;0;4;0;106;1;1;0;0;0;1;1;0;0;0;9;1;0;0;2;1;0;0;0;0;1;0;0;0;0;1;0;0;0;0;0;0;0;0;0
8;"Szkoła Podstawowa Nr 4, ul. Gen. Józefa Bema 41, 72-200 Nowogard";320404;"gm. Nowogard";"goleniowski";"zachodniopomorskie";1;1;3;0;1;0;0;1;2;0;1;0;0;0;0;1;1;1;0;0;0;0;0;0;1;0;23;3;5;3;1;1;0;1;2;1;2;4;1;1;0;0;3;0;0;0;1;0;0;121;32;6;2;5;1;0;2;1;4;5;25;2;0;1;0;1;1;0;0;0;0;1;1;3;89;20;17;14;20;19;11;2;1;6;2;5;3;47;2;1;0;1;1;0;1;1;1;7;23;4;2;3;1;0;0;2;2;0;0;1;3;0;0;1;0;0;1;0;2;1;1;1;128;26;19;3;2;2;13;6;2;2;0;0;85;2;0;0;1;0;0;0;0;1;0;5;1;1;0;0;0;0;1;0;0;1;0;1;1;0;0;0;0;1;0;0;0;0;0;2
9;"Szkoła Podstawowa w Długołęce, Długołęka 16a, 72-200 Nowogard";320404;"gm. Nowogard";"goleniowski";"zachodniopomorskie";1;1;1;1;0;0;1;0;1;0;0;0;0;0;0;0;0;0;0;0;1;0;0;0;0;0;26;6;2;3;0;0;1;1;1;0;0;0;1;0;0;1;0;1;0;2;1;0;0;64;15;2;2;0;2;0;2;1;1;0;19;0;2;0;0;0;0;1;1;0;0;0;0;1;49;10;51;5;20;9;15;3;0;9;3;0;1;7;0;0;1;1;0;1;0;0;1;3;22;3;5;3;0;0;3;3;0;0;0;0;0;1;0;0;0;0;1;0;2;0;0;1;61;11;2;0;2;1;4;1;1;0;4;1;44;0;1;0;0;0;0;3;0;0;1;0;0;0;0;0;0;0;0;0;0;0;0;0;1;0;0;0;0;0;0;0;0;0;0;0
10;"Szkoła Podstawowa w Wierzbięcinie, Wierzbięcin 50, 72-200 Nowogard";320404;"gm. Nowogard";"goleniowski";"zachodniopomorskie";1;1;5;2;1;1;0;0;2;1;0;0;1;0;0;1;0;0;0;1;0;0;1;0;0;0;20;1;7;3;1;1;0;0;3;2;0;1;0;5;2;0;0;0;0;0;0;1;1;49;16;3;0;1;4;1;2;0;1;0;28;1;1;1;0;3;0;0;0;0;2;0;5;1;65;35;36;24;30;13;17;6;4;10;1;3;3;23;1;1;0;0;4;0;2;1;3;11;12;5;5;3;2;1;0;0;1;2;0;0;1;1;0;1;0;0;0;0;1;1;0;0;82;10;8;0;4;3;5;0;1;0;0;0;68;0;0;0;1;0;0;0;0;0;0;0;2;0;0;0;0;0;0;0;0;0;1;0;0;0;2;0;0;0;0;0;0;0;0;0
11;"Szkoła Podstawowa w Żabowie, Żabowo 17, 72-200 Nowogard";320404;"gm. Nowogard";"goleniowski";"zachodniopomorskie";1;1;1;2;1;0;0;0;1;0;1;1;0;0;1;0;0;0;0;0;0;0;1;0;1;0;24;1;4;5;2;0;1;1;0;1;0;0;0;2;0;0;0;1;1;2;3;0;2;55;14;1;0;0;4;0;0;0;0;1;19;0;0;0;0;3;0;0;0;0;0;0;0;0;66;13;14;15;26;13;10;6;0;19;6;2;2;19;1;1;1;1;1;0;5;0;1;7;20;9;4;1;1;0;0;1;0;0;0;0;0;0;0;1;0;0;0;0;0;0;0;1;52;9;7;3;3;1;4;3;0;2;1;0;66;1;0;0;0;0;0;0;0;0;2;0;3;0;0;0;1;0;0;0;0;0;1;1;0;0;0;0;0;0;0;0;1;0;0;0
12;"Szkoła Podstawowa w Orzechowie, Orzechowo 24, 72-200 Nowogard";320404;"gm. Nowogard";"goleniowski";"zachodniopomorskie";1;1;2;2;0;0;0;0;0;0;0;1;0;0;0;1;0;0;0;0;0;0;0;0;1;0;6;3;1;2;1;0;1;0;1;0;1;0;0;0;0;1;0;0;0;0;0;0;0;62;18;1;1;0;1;1;0;0;0;0;3;0;1;0;1;0;0;0;0;0;0;0;0;0;37;7;8;6;9;8;8;1;1;11;0;0;0;7;1;0;0;2;1;0;1;1;0;4;11;5;5;2;1;0;2;0;0;1;0;1;1;0;0;0;1;0;0;0;0;1;0;0;21;3;1;0;1;0;2;0;0;2;0;0;17;0;0;0;0;0;1;2;0;0;0;0;2;0;1;0;1;0;0;0;0;0;0;0;0;0;0;0;0;0;2;0;0;0;0;0
13;"Szkoła Podstawowa w Strzelewie, Strzelewo 55a, 72-200 Nowogard";320404;"gm. Nowogard";"goleniowski";"zachodniopomorskie";1;1;1;1;0;1;0;0;0;0;0;0;0;1;0;0;0;1;0;0;0;0;0;0;1;1;17;0;0;5;2;0;0;0;0;1;0;0;0;0;0;0;0;0;0;0;0;0;0;46;8;5;0;1;2;1;0;0;0;0;7;1;0;1;1;7;0;0;0;0;0;0;1;1;27;3;5;2;5;2;11;0;0;3;1;3;0;41;0;1;0;0;2;0;0;0;0;1;11;1;1;3;1;0;0;0;2;1;0;0;0;0;1;1;1;0;0;0;1;0;0;1;21;5;6;0;3;1;2;1;0;0;0;0;19;0;0;0;0;0;0;1;0;0;0;0;0;0;0;0;1;0;2;0;0;1;0;1;0;1;0;0;0;0;0;0;0;0;0;0
14;"Szkoła Podstawowa w Błotnie, Błotno 27, 72-200 Nowogard";320404;"gm. Nowogard";"goleniowski";"zachodniopomorskie";1;1;6;0;0;0;1;0;3;0;0;0;0;0;0;0;0;0;0;0;1;0;1;0;0;0;13;2;4;3;2;0;2;1;1;1;2;0;0;1;1;1;1;0;5;0;1;0;0;63;9;8;2;0;3;2;1;0;1;0;9;1;0;1;0;1;0;0;1;0;0;0;1;0;65;34;22;21;34;12;22;3;1;1;1;21;1;8;0;1;0;1;3;2;4;0;1;3;12;8;2;1;1;1;1;0;0;2;0;0;1;0;0;0;0;0;0;0;0;0;0;0;52;11;7;4;7;4;8;2;0;1;4;0;42;0;0;1;1;0;2;1;0;0;0;6;1;0;0;0;0;0;0;0;0;1;0;1;0;0;0;0;1;0;2;0;1;0;0;0
15;"Świetlica Wiejska, Karsk 24, 72-200 Nowogard";320404;"gm. Nowogard";"goleniowski";"zachodniopomorskie";1;1;0;0;0;2;0;0;0;1;0;0;0;0;0;0;0;0;0;0;0;0;0;0;0;0;8;4;1;2;1;0;1;1;0;0;0;1;0;0;0;0;0;0;0;0;0;0;0;30;3;2;1;0;0;1;0;0;0;0;4;0;0;0;0;2;0;3;0;0;0;0;1;0;17;3;4;6;12;6;7;0;0;0;0;0;1;2;0;0;0;0;0;0;0;0;0;4;9;1;1;0;0;0;0;0;0;0;0;0;0;0;0;0;0;0;0;0;0;0;0;0;20;2;2;0;0;0;1;0;0;0;3;0;15;0;1;0;0;0;0;0;0;0;0;3;3;0;0;0;0;0;0;0;0;0;0;0;0;0;0;0;0;0;0;0;0;0;0;0
16;"Świetlica Wiejska, Wołowiec 27, 72-200 Nowogard";320404;"gm. Nowogard";"goleniowski";"zachodniopomorskie";1;1;0;1;0;0;0;0;0;0;0;0;0;0;0;0;0;0;0;0;0;0;0;0;0;0;0;0;1;0;0;1;0;1;1;0;0;0;0;0;0;0;0;0;1;0;0;0;0;13;6;1;0;0;1;0;0;0;0;0;1;0;0;0;0;0;0;0;0;0;0;0;0;0;16;2;6;1;2;4;8;1;0;4;2;1;0;0;0;0;0;0;0;2;0;0;0;1;1;0;0;0;0;0;0;0;0;0;0;0;0;0;0;0;0;0;0;0;0;0;0;0;15;2;0;1;0;0;0;0;0;2;0;0;4;2;0;0;0;0;0;0;0;0;0;0;0;0;0;0;0;0;0;0;1;0;0;0;0;0;1;0;0;0;0;0;0;0;0;0
17;"Samodzielny Publiczny Szpital Rejonowy w Nowogardzie, ul. Wojska Polskiego 7, 72-200 Nowogard";320404;"gm. Nowogard";"goleniowski";"zachodniopomorskie";1;1;0;0;0;0;0;0;0;0;0;0;0;0;0;0;0;0;0;0;0;0;0;0;0;0;3;0;0;0;0;0;1;0;0;0;0;0;0;0;0;0;0;0;0;0;0;0;0;0;1;0;0;0;0;0;0;0;0;0;1;0;0;0;0;0;0;0;0;0;0;0;0;0;2;0;1;1;1;0;1;0;0;0;0;0;0;0;0;0;0;0;0;0;0;0;0;0;0;0;0;0;0;0;0;0;0;0;0;0;0;0;0;0;0;0;0;0;0;0;0;0;2;0;0;0;0;0;0;0;0;0;0;0;0;0;0;0;0;0;0;0;0;0;0;0;0;0;0;0;0;0;0;0;0;0;0;0;0;0;0;0;0;0;0;0;0;0;0;0
18;"Dom Pomocy Społecznej w Nowogardzie, ul. Smużyny 2, 72-200 Nowogard";320404;"gm. Nowogard";"goleniowski";"zachodniopomorskie";1;1;1;0;0;0;0;0;0;0;0;0;0;0;0;0;0;0;0;0;0;0;0;0;0;0;1;0;0;1;0;0;0;0;0;0;0;0;1;0;0;0;0;0;0;0;0;0;1;0;2;0;0;0;0;0;0;0;0;0;0;0;0;0;0;1;0;0;0;0;0;0;0;0;6;2;3;2;0;0;0;0;0;1;0;0;0;0;0;0;0;0;0;1;0;0;0;0;0;0;0;0;0;0;0;0;0;0;0;0;0;0;0;0;0;0;0;0;0;0;0;0;0;0;1;1;1;0;0;0;0;0;0;0;1;0;0;0;0;0;0;0;0;0;0;0;0;0;0;0;0;0;0;0;0;0;0;1;0;0;0;0;0;0;0;0;0;0;0;0
19;"Dom Pomocy Społecznej w Nowogardzie FILIA, ul. Marsz. Józefa Piłsudskiego 9, 72-200 Nowogard";320404;"gm. Nowogard";"goleniowski";"zachodniopomorskie";1;1;0;0;0;0;0;0;0;0;0;0;0;0;0;0;0;0;0;0;0;0;0;0;0;0;0;1;1;0;1;1;0;1;0;0;0;0;0;0;0;0;0;1;1;1;0;0;0;1;0;0;0;0;0;0;0;0;0;0;1;0;0;0;0;0;0;0;0;0;0;0;0;0;1;0;0;0;0;0;1;0;0;0;0;0;0;0;1;0;0;0;0;1;0;0;0;0;1;0;0;0;0;0;0;0;0;0;0;0;0;0;0;0;0;0;0;0;0;0;0;0;0;1;1;0;0;0;0;0;0;0;0;0;0;0;0;0;0;0;0;0;0;0;0;0;0;0;0;0;0;0;0;0;0;0;0;0;0;0;0;0;0;0;0;0;0;0;0;0
20;"Zakład Karny w Nowogardzie, ul. Zamkowa 7, 72-200 Nowogard";320404;"gm. Nowogard";"goleniowski";"zachodniopomorskie";1;1;3;3;2;1;0;0;0;0;0;0;1;0;0;1;1;2;0;0;1;0;0;0;2;0;34;3;4;9;4;3;3;1;3;1;0;1;0;1;1;1;1;1;7;2;2;0;1;1;12;4;6;5;4;0;0;0;4;4;2;0;1;0;0;1;1;0;1;0;3;0;0;0;22;1;3;0;6;1;3;0;1;2;0;0;1;1;0;0;1;0;0;2;0;0;2;1;8;0;0;0;0;0;0;0;4;1;0;0;1;0;0;0;0;0;0;0;0;0;0;0;199;27;10;14;9;8;10;13;5;5;2;0;3;5;1;0;3;1;3;1;2;0;1;9;3;0;0;3;2;0;0;1;0;0;0;0;0;0;0;0;1;0;2;0;1;0;0;0
1;"Szkoła Podstawowa im. B. Malinowskiego, Osina 54, 72-221 Osina";320405;"gm. Osina";"goleniowski";"zachodniopomorskie";1;1;4;3;0;0;0;1;1;0;0;0;1;2;0;1;1;0;1;0;0;0;0;0;0;1;30;2;8;4;6;0;2;1;4;2;0;1;2;1;0;0;0;0;2;0;1;0;1;34;17;5;1;4;4;1;0;0;4;3;6;0;2;0;0;3;1;0;0;1;0;0;2;1;84;30;14;17;44;10;16;1;3;6;1;8;0;2;0;0;2;2;2;0;0;0;1;8;15;2;9;3;0;0;2;1;3;1;0;0;0;0;0;0;1;1;3;0;4;0;0;0;103;32;21;0;3;7;14;3;1;4;11;0;41;0;2;0;2;0;0;3;0;1;2;2;0;1;1;1;0;0;0;0;0;0;0;0;0;0;0;0;0;0;1;0;1;0;0;0
2;"Świetlica wiejska, Węgorza 52, 72-221 Osina";320405;"gm. Osina";"goleniowski";"zachodniopomorskie";1;1;1;2;0;0;0;0;0;0;1;0;0;0;0;0;1;0;0;0;0;0;0;0;0;1;15;1;4;2;1;0;0;1;1;0;0;0;0;0;0;0;0;0;0;1;1;0;0;26;7;4;0;0;5;0;0;0;3;1;0;0;0;1;1;1;3;0;0;1;0;0;1;0;43;7;6;4;26;8;7;4;1;3;0;5;4;3;1;0;2;1;1;1;1;0;0;10;6;3;4;2;1;0;1;0;4;2;0;0;0;0;0;0;0;0;1;0;0;0;0;0;34;15;9;1;1;1;3;2;2;0;1;0;12;1;0;0;0;0;0;3;0;0;0;0;3;0;0;0;0;0;0;0;0;0;1;0;0;1;0;0;0;0;0;0;0;0;0;1
3;"Świetlica wiejska, Redło 30A, 72-221 Osina";320405;"gm. Osina";"goleniowski";"zachodniopomorskie";1;1;3;2;0;0;0;0;0;0;0;0;0;0;0;0;0;0;0;0;0;0;0;0;0;0;16;0;1;1;0;0;0;1;2;0;0;2;0;0;0;1;0;0;0;0;0;0;0;2;6;1;1;0;1;0;0;0;0;1;1;1;0;0;0;0;0;0;1;0;1;0;0;0;25;6;3;3;29;1;5;0;0;2;0;0;0;2;0;0;0;0;0;0;1;0;0;2;0;0;0;3;0;0;0;0;0;2;0;0;0;0;0;1;0;0;0;1;0;0;1;0;15;0;3;2;1;1;0;0;1;0;0;0;9;0;0;0;0;1;0;0;0;0;0;0;0;0;0;0;0;0;0;0;0;0;0;0;0;0;0;0;0;0;0;0;0;0;0;0
4;"Świetlica wiejska, Kościuszki 37, 72-221 Osina";320405;"gm. Osina";"goleniowski";"zachodniopomorskie";1;1;1;0;1;0;1;0;0;0;0;0;0;0;0;0;0;0;0;0;0;0;0;0;1;0;7;1;1;3;0;0;1;0;0;1;0;0;0;0;0;0;1;0;1;0;0;0;0;17;4;1;0;1;2;0;0;0;0;0;1;0;1;0;0;0;0;0;1;0;0;0;0;3;29;12;8;8;6;3;6;4;0;4;0;1;0;4;0;0;1;2;0;0;1;0;1;2;10;0;1;2;0;0;0;0;0;0;1;0;0;0;0;0;1;0;0;0;1;0;0;0;31;7;3;0;0;0;0;0;0;0;1;0;14;0;0;0;0;0;0;0;0;0;0;1;0;2;0;0;0;0;0;0;0;0;0;0;0;0;0;0;0;0;0;0;0;0;0;0
1;"Szkoła Podstawowa, ul. Mieszka I 1, 72-110 Przybiernów";320406;"gm. Przybiernów";"goleniowski";"zachodniopomorskie";1;1;6;4;0;2;0;0;3;1;4;0;1;0;0;0;1;1;0;0;0;0;0;0;0;0;71;8;7;17;7;1;1;7;3;1;0;0;4;4;0;1;2;1;4;5;0;1;3;25;23;8;2;4;8;0;0;0;3;0;0;6;1;0;1;0;0;0;2;3;1;4;1;1;104;56;14;28;49;34;8;4;2;3;0;28;5;2;0;0;0;4;6;2;1;0;137;3;33;3;11;2;1;0;1;0;4;3;2;1;1;1;3;1;2;0;3;0;1;1;0;2;220;47;75;7;23;7;16;4;5;2;13;4;23;1;3;0;2;0;1;2;1;1;5;2;3;2;1;1;0;1;0;0;0;0;1;0;3;0;0;0;0;0;0;0;0;0;0;4
2;"Ośrodek Kultury, ul. Fabryczna 28, 72-121 Czarnogłowy";320406;"gm. Przybiernów";"goleniowski";"zachodniopomorskie";1;1;1;2;0;0;0;0;0;0;1;1;1;2;0;0;0;0;0;1;0;0;1;2;1;1;37;0;2;5;1;1;0;0;2;0;4;0;0;0;1;0;1;2;1;2;2;0;0;12;14;5;3;1;1;2;1;0;4;0;1;2;1;0;1;1;1;0;2;2;0;0;2;1;83;17;3;16;45;13;15;10;0;14;1;11;4;3;0;0;3;0;12;1;6;0;28;9;14;11;5;5;0;1;0;2;4;2;2;0;1;1;1;1;1;1;0;0;2;1;1;0;81;20;19;1;3;0;10;4;1;1;2;1;10;0;0;2;0;0;2;2;0;1;2;2;5;1;0;0;0;2;1;0;0;0;0;0;2;0;1;0;0;0;1;0;0;0;0;0
3;"Wiejski Dom Spotkań i Animacji Społecznej, Budzieszewice 8, 72-122 Łoźnica";320406;"gm. Przybiernów";"goleniowski";"zachodniopomorskie";1;1;1;0;0;1;0;0;0;1;0;0;1;1;0;0;0;0;0;0;0;0;0;0;0;0;22;0;4;4;1;0;1;1;1;1;0;1;1;0;0;1;1;0;0;1;0;0;0;17;11;2;1;1;5;0;0;2;0;0;1;1;1;1;0;0;0;0;1;0;0;0;2;0;24;4;5;12;31;11;2;3;0;0;1;0;1;2;1;1;1;2;2;0;0;0;6;3;13;2;7;0;0;0;1;1;1;0;0;0;1;0;0;0;1;0;0;0;0;0;0;0;77;16;23;1;1;5;1;3;3;0;3;0;1;0;0;0;0;0;0;6;2;0;0;4;3;0;3;0;0;0;0;0;0;0;1;0;0;0;0;0;0;0;0;0;0;0;0;0
1;"Zespół Szkolno-Przedszkolny w Stepnicy, ul. Bolesława Krzywoustego 4, 72-112 Stepnica";320407;"gm. Stepnica";"goleniowski";"zachodniopomorskie";1;1;6;4;1;0;2;1;0;0;2;0;1;1;1;0;0;0;1;1;0;0;0;0;3;2;49;10;8;17;15;4;0;4;6;4;1;0;3;2;0;1;2;0;4;4;0;2;2;17;45;19;6;7;12;0;2;2;5;4;1;2;0;6;2;0;5;2;0;3;5;0;3;2;132;27;13;15;54;72;19;4;4;2;4;1;1;2;0;0;2;15;8;5;3;0;2;8;47;9;12;6;2;1;3;2;5;2;2;0;1;1;0;0;2;2;2;0;0;0;2;5;293;46;66;7;4;6;28;23;4;3;31;1;10;4;2;0;1;0;1;10;2;0;3;12;9;2;3;1;2;0;0;0;0;0;0;2;3;2;0;0;0;0;1;0;0;0;0;1
2;"Dom Kultury w Racimierzu, Racimierz ul. Niepodległości 6A, 72-111 Żarnowo";320407;"gm. Stepnica";"goleniowski";"zachodniopomorskie";1;1;0;0;0;0;0;0;0;0;1;0;0;0;1;0;1;2;0;0;0;0;1;0;0;0;14;1;5;5;3;0;0;2;2;0;0;0;0;0;1;2;0;1;1;4;1;0;1;4;7;1;0;0;2;2;0;0;3;0;0;0;0;0;0;0;0;0;0;0;0;0;0;0;53;9;10;6;11;14;6;2;4;1;1;6;1;1;1;0;0;5;2;0;3;1;1;6;17;3;2;4;0;0;0;0;4;1;1;0;0;0;0;0;0;1;1;1;0;0;1;0;46;8;8;1;2;2;5;1;0;0;4;0;0;0;0;0;2;0;0;22;0;1;0;0;3;0;0;0;0;1;0;0;0;0;0;0;0;0;0;0;0;0;0;0;0;0;0;0
3;"Świetlica Wiejska w Kopicach, Kopice 6B, 72-112 Stepnica";320407;"gm. Stepnica";"goleniowski";"zachodniopomorskie";1;1;0;0;0;0;0;1;1;1;1;0;0;0;0;0;0;0;0;2;0;0;0;0;1;0;9;1;1;2;3;0;0;0;2;0;0;0;0;0;0;0;0;0;0;0;1;0;1;2;3;7;1;1;2;0;0;0;1;0;0;2;0;0;0;0;1;0;0;2;1;0;4;0;25;12;5;5;18;10;6;0;0;5;1;0;2;1;0;0;0;5;0;2;1;0;0;3;2;2;1;4;2;0;0;0;1;0;0;0;0;0;0;0;0;0;0;0;0;0;0;0;27;4;16;3;1;1;2;1;0;0;0;0;3;1;0;0;0;0;0;1;0;0;0;1;1;0;0;1;0;0;0;0;0;0;0;0;0;0;0;0;0;0;0;0;0;0;0;0
4;"Świetlica w Łące, Łąka 40, 72-111 Żarnowo";320407;"gm. Stepnica";"goleniowski";"zachodniopomorskie";1;1;0;0;0;1;0;1;0;0;0;0;0;0;0;0;0;0;0;0;0;0;0;0;0;0;5;3;0;2;2;0;0;1;2;0;0;0;1;1;1;0;1;1;1;0;1;0;0;5;3;1;0;1;3;1;0;0;1;0;0;0;0;0;0;0;0;1;0;0;0;2;0;1;21;1;2;1;1;5;2;0;0;2;0;0;1;0;0;0;0;1;0;1;0;0;0;1;5;3;4;0;1;0;0;0;0;0;0;0;0;0;1;0;1;0;0;0;0;0;0;0;21;9;3;0;0;1;6;1;1;0;0;0;1;0;0;0;0;0;0;5;0;0;0;1;0;2;1;0;0;0;0;0;0;0;0;0;0;0;0;0;0;0;0;0;0;0;0;2
1;"Sala Wiejska w Brojcach, ul. Długa 43, 72-304 Brojce";320501;"gm. Brojce";"gryficki";"zachodniopomorskie";1;1;2;0;1;0;0;0;1;0;0;0;0;0;0;0;0;1;0;0;1;0;1;0;0;0;58;4;2;6;6;0;0;4;2;0;1;6;0;0;1;1;1;0;1;2;0;0;4;1;15;7;2;1;1;0;1;0;5;2;0;0;0;1;0;2;1;15;0;1;0;0;1;0;43;6;3;8;13;8;4;1;1;0;1;0;1;2;0;2;0;1;0;1;0;287;0;4;9;7;0;3;2;2;1;0;0;3;1;0;1;0;2;0;0;2;0;0;1;0;0;0;105;29;4;1;48;2;4;5;1;0;0;0;0;0;0;0;1;2;0;1;1;1;0;2;4;0;0;0;0;0;0;0;0;0;1;0;6;0;0;0;0;0;0;0;0;0;0;0
2;"Szkoła Podstawowa w Dargosławiu, Dargosław 32, 72-304 Brojce";320501;"gm. Brojce";"gryficki";"zachodniopomorskie";1;1;0;1;0;2;0;0;1;0;0;0;0;0;0;1;0;0;0;0;0;0;0;0;0;0;17;2;0;3;1;1;1;0;0;1;0;1;1;0;0;0;0;0;0;0;0;0;0;0;7;4;1;1;5;1;1;0;0;0;1;0;0;0;0;0;0;2;0;0;1;0;1;1;12;4;3;7;0;1;2;0;0;0;0;1;0;1;0;0;0;1;4;0;3;84;0;1;7;1;2;1;1;0;0;0;2;0;0;0;0;0;0;0;1;0;0;0;0;0;0;0;29;4;1;1;18;1;2;3;0;3;0;1;1;0;0;0;0;0;1;1;1;0;0;0;0;0;0;0;0;0;0;0;0;0;0;0;1;0;0;0;0;1;0;0;0;0;0;0
3;"Sala Wiejska w Przybiernowie, Przybiernowo ul. Wiejska 6A, 72-304 Brojce";320501;"gm. Brojce";"gryficki";"zachodniopomorskie";1;1;1;0;0;0;0;0;0;0;1;0;0;0;0;0;0;0;0;0;0;0;0;0;0;0;19;1;0;2;1;0;0;1;1;0;0;17;1;0;0;0;0;0;1;0;0;0;0;1;9;0;0;0;0;0;0;0;0;0;0;0;0;0;0;0;0;1;0;0;0;0;0;0;20;1;0;4;3;2;0;0;0;0;0;0;1;2;0;0;0;0;0;0;0;48;0;0;7;1;0;0;0;0;0;1;1;0;1;0;0;1;0;0;0;0;0;0;0;0;0;1;19;0;0;0;21;1;0;0;0;0;0;0;1;0;0;0;0;0;0;0;0;0;0;0;1;0;0;0;0;0;0;0;0;0;0;0;0;0;1;0;0;0;0;0;0;0;0;0
4;"Dom Strażaka w Kiełpinie, Kiełpino 15, 72-304 Brojce";320501;"gm. Brojce";"gryficki";"zachodniopomorskie";1;1;1;1;0;0;0;0;0;0;0;0;0;0;0;0;0;0;0;1;0;1;0;0;0;1;15;0;2;3;1;0;0;0;0;0;0;1;0;0;0;0;0;0;1;0;0;0;1;0;4;3;0;0;1;0;0;0;1;1;1;0;0;0;0;0;0;1;0;0;1;1;0;1;7;0;1;1;10;1;1;0;1;1;1;0;0;0;0;0;0;0;0;1;0;57;0;2;4;0;0;0;0;0;0;0;0;0;0;0;0;0;0;1;0;0;0;0;0;0;1;0;9;6;1;0;15;1;0;0;0;0;0;0;1;0;0;0;0;0;0;0;0;0;1;1;0;0;0;0;0;0;0;0;0;0;0;2;2;0;0;0;0;0;2;0;0;0;1;0
5;"Świetlica w Bielikowie, Bielikowo 5A, 72-304 Brojce";320501;"gm. Brojce";"gryficki";"zachodniopomorskie";1;1;0;0;0;0;0;0;1;0;0;0;0;0;0;0;0;0;0;0;0;0;1;0;0;0;15;0;0;4;1;0;0;0;0;0;0;0;1;0;0;0;0;0;0;0;0;0;1;0;2;3;0;0;1;1;0;0;1;0;1;0;0;0;0;0;0;0;0;1;0;0;0;0;6;1;0;0;0;1;1;1;1;0;0;0;0;1;0;0;1;0;0;0;0;46;0;1;2;0;0;0;0;0;0;1;0;0;0;1;0;0;0;0;0;0;0;0;0;0;0;0;14;0;0;0;7;1;0;0;0;0;0;0;0;0;0;0;0;0;0;0;0;0;0;1;0;0;0;0;0;0;0;0;0;0;0;0;0;0;0;0;0;0;0;0;0;0;0;0
1;"Spółdzielnia Mieszkaniowa Nad Regą, ul. Jana Dąbskiego 48, 72-300 Gryfice";320502;"gm. Gryfice";"gryficki";"zachodniopomorskie";1;1;4;0;0;0;0;0;1;0;0;0;1;0;0;0;0;0;0;0;0;0;1;0;0;0;44;3;6;9;0;0;0;1;0;1;2;16;0;0;1;1;0;0;3;2;0;0;4;1;33;12;2;0;2;0;1;2;2;1;1;0;0;0;1;0;0;34;0;1;0;0;1;1;83;8;10;14;24;11;6;2;0;2;1;0;23;1;0;2;2;2;4;1;2;14;1;2;11;0;2;1;2;0;0;2;3;0;0;0;0;0;4;1;0;0;0;0;0;1;0;0;136;17;12;1;85;3;13;2;1;1;1;0;0;0;0;0;1;0;1;4;0;0;0;1;0;0;0;0;1;0;1;0;0;0;0;0;2;0;0;0;0;0;0;0;0;1;0;0
2;"Szkoła Podstawowa, Budynek B, Trzygłów 46, 72-300 Trzygłów";320502;"gm. Gryfice";"gryficki";"zachodniopomorskie";1;1;0;1;0;0;1;2;0;0;1;0;1;0;0;1;0;0;0;0;0;0;0;0;0;0;12;2;1;1;2;2;0;3;2;2;0;11;0;2;0;0;0;0;1;0;0;0;0;0;14;0;0;0;2;0;0;0;2;0;3;1;0;1;0;0;4;15;0;0;1;0;1;0;38;12;4;5;9;8;11;1;0;1;1;2;5;0;0;0;0;0;0;1;0;3;1;2;8;1;1;3;0;0;1;0;0;1;1;0;0;0;5;0;1;0;0;0;2;0;0;0;55;5;13;1;27;1;5;1;0;1;0;0;0;0;0;0;0;0;0;1;1;1;0;2;2;0;0;0;0;0;0;0;0;0;0;0;0;0;0;0;0;0;0;0;0;0;1;0
3;"Świetlica Wiejska, Świeszewo 27A, 72-300 Świeszewo";320502;"gm. Gryfice";"gryficki";"zachodniopomorskie";1;1;2;0;0;0;1;1;0;0;0;1;1;0;0;0;0;0;0;0;0;0;0;0;0;0;41;1;3;1;2;0;0;1;0;0;1;31;0;0;1;0;1;0;0;0;0;0;1;0;10;0;2;1;0;0;2;0;1;0;3;0;1;0;0;0;2;10;0;0;0;0;2;1;83;4;2;4;8;3;7;0;0;7;0;5;5;0;0;1;1;0;0;5;1;12;2;0;4;1;2;1;0;0;0;1;0;1;0;0;0;0;2;0;0;0;0;2;0;0;0;0;49;8;1;0;25;2;5;1;0;0;0;0;0;0;0;0;1;0;0;0;0;0;0;1;1;0;0;0;0;0;0;1;0;0;0;0;3;0;1;0;0;0;0;0;0;0;0;0
4;"Szkoła Podstawowa, Górzyca 19A, 72-313 Górzyca";320502;"gm. Gryfice";"gryficki";"zachodniopomorskie";1;1;1;0;0;1;0;0;0;0;0;2;0;0;0;0;0;0;0;0;0;0;0;0;0;0;46;2;2;3;2;0;0;0;1;0;2;49;1;0;0;1;0;0;1;0;0;0;0;0;3;6;0;1;1;2;0;0;1;0;0;0;0;0;0;0;0;4;0;0;0;0;0;0;57;8;1;10;20;6;5;2;0;2;0;0;11;0;0;0;3;2;0;1;0;9;1;1;18;2;1;0;0;0;1;0;3;0;1;0;0;0;1;0;0;0;1;0;0;0;0;1;37;5;1;0;45;3;2;0;1;0;0;0;0;0;1;0;0;0;0;0;0;0;1;0;0;0;0;1;0;0;0;0;0;0;0;0;0;0;0;0;0;0;0;0;0;0;0;0
5;"Szkoła Podstawowa, Prusinowo 10, 72-300 Prusinowo";320502;"gm. Gryfice";"gryficki";"zachodniopomorskie";1;1;2;1;0;0;0;0;0;0;0;0;0;0;0;0;0;0;0;0;0;1;0;0;0;0;26;0;1;1;1;0;1;3;0;3;0;38;0;2;0;2;0;0;1;0;0;0;0;0;10;4;0;0;1;1;0;0;0;0;0;2;0;0;0;0;0;7;0;0;0;0;0;0;34;10;5;4;11;5;6;0;0;0;0;1;1;0;0;0;0;0;1;0;4;4;0;1;12;1;1;0;1;0;0;0;0;0;0;0;0;0;0;0;0;0;0;1;0;0;0;0;40;9;5;2;29;4;3;1;0;0;0;0;0;0;0;0;0;0;0;0;0;0;0;0;0;0;0;0;0;0;0;0;0;0;1;0;0;0;0;0;0;0;0;0;1;0;0;0
6;"Świetlica Wiejska, Rybokarty 19, 72-307 Rybokarty";320502;"gm. Gryfice";"gryficki";"zachodniopomorskie";1;1;2;0;0;0;0;2;0;0;0;0;1;0;0;0;0;0;0;0;1;0;1;0;0;0;23;0;1;2;0;0;0;6;3;0;0;23;0;0;0;0;0;2;1;0;0;0;1;1;6;4;1;0;2;0;0;1;1;1;3;1;0;0;0;0;1;6;0;0;1;0;0;0;33;5;10;9;5;5;8;0;0;8;1;3;10;3;0;0;0;1;0;2;0;0;1;1;10;2;0;3;2;0;0;0;1;1;1;0;0;0;1;0;1;1;0;1;1;0;0;0;46;3;0;1;29;5;4;2;0;0;0;2;1;0;0;0;0;1;0;0;0;0;0;1;0;0;0;0;0;0;0;0;0;0;0;0;0;0;1;0;0;0;0;0;0;0;0;0
7;"Szkoła Podstawowa Nr 3, Budynek A (mała sala), ul. Rodziewiczówny 6, 72-300 Gryfice";320502;"gm. Gryfice";"gryficki";"zachodniopomorskie";1;1;2;1;0;4;1;0;0;0;0;0;0;0;1;0;0;1;0;1;1;0;0;0;0;5;76;5;8;9;5;1;0;3;2;3;2;49;1;1;1;0;1;2;0;0;0;2;0;1;43;11;1;7;8;1;0;2;0;1;4;1;1;1;0;0;2;56;0;0;0;0;2;1;95;12;15;17;37;36;9;3;1;5;3;3;42;2;0;1;2;0;6;3;2;27;1;14;24;2;9;5;4;0;1;0;1;0;1;1;0;0;6;1;1;0;0;1;1;2;0;0;182;33;7;2;121;10;9;4;3;2;1;0;2;1;0;0;1;1;0;3;0;0;0;2;2;0;0;0;4;1;0;0;0;0;1;0;0;0;0;0;0;0;0;0;0;0;0;0
8;"Szkoła Podstawowa Nr 3, Budynek A (dawny OSIR), ul. Rodziewiczówny 2, 72-300 Gryfice";320502;"gm. Gryfice";"gryficki";"zachodniopomorskie";1;1;0;5;2;1;0;0;2;0;0;0;0;1;0;0;0;0;0;0;1;0;0;0;0;2;76;11;3;7;2;2;1;5;6;1;1;77;0;3;0;0;1;0;0;1;0;0;0;0;24;9;2;1;9;1;0;0;0;1;4;0;0;0;0;0;3;46;0;3;1;0;1;4;126;11;13;22;47;16;11;5;2;3;3;4;38;0;3;0;0;2;4;3;2;38;0;2;25;5;7;8;2;2;1;0;1;1;2;1;1;0;10;0;1;1;0;0;0;1;0;4;208;18;27;6;159;6;12;7;5;4;2;1;0;1;1;0;2;0;1;3;1;0;1;2;4;1;1;0;0;0;0;0;0;0;0;0;1;0;0;0;0;0;0;0;0;0;0;1
9;"Szkoła Podstawowa Nr 4, Budynek A (mała sala), ul. Sienkiewicza 10A, 72-300 Gryfice";320502;"gm. Gryfice";"gryficki";"zachodniopomorskie";1;1;3;3;0;1;0;0;0;0;0;0;1;0;1;0;0;0;0;0;0;0;1;0;0;0;51;4;4;9;3;0;1;4;0;2;1;28;0;1;1;1;0;1;1;0;2;0;0;2;12;9;1;3;3;2;0;1;1;2;2;2;2;0;2;0;0;38;0;1;1;0;0;0;83;3;5;20;19;8;5;1;0;0;1;0;31;0;1;1;3;1;5;3;0;14;0;7;23;2;1;4;4;0;0;0;2;2;0;0;0;0;2;0;1;0;0;2;0;1;0;0;118;21;14;2;82;4;6;0;0;2;1;2;2;0;0;0;0;0;0;1;0;0;0;1;1;0;0;1;0;0;0;0;0;0;0;0;5;0;0;0;0;0;0;0;0;0;0;2
10;"Szkoła Podstawowa Nr 4, Budynek A (hol wejścia głównego), ul. Sienkiewicza 10A, 72-300 Gryfice";320502;"gm. Gryfice";"gryficki";"zachodniopomorskie";1;1;0;0;0;0;0;0;1;1;0;0;0;1;0;0;0;0;0;0;0;0;1;0;0;0;80;6;7;18;5;0;0;1;4;1;1;34;1;3;0;0;1;0;0;1;1;0;1;0;33;6;6;2;1;2;0;1;0;0;4;1;3;0;0;0;0;71;0;1;2;0;0;0;100;5;8;8;23;22;7;3;0;3;2;1;32;1;0;0;0;0;2;0;1;33;1;7;20;2;8;2;2;1;0;1;1;0;0;0;0;0;3;0;0;0;0;1;1;1;0;2;174;46;23;5;129;6;13;6;2;2;0;2;3;0;0;0;1;0;1;2;0;1;3;1;3;0;0;1;2;4;0;0;0;2;0;0;7;0;1;0;0;0;0;0;0;0;0;0
11;"Przedszkole Nr 2, ul. 3 Maja 1, 72-300 Gryfice";320502;"gm. Gryfice";"gryficki";"zachodniopomorskie";1;1;2;1;0;1;0;0;0;0;0;0;1;0;0;0;0;0;0;0;0;0;1;0;0;0;37;2;3;9;7;0;0;0;0;0;2;15;1;0;0;0;0;1;0;1;0;0;0;0;12;1;0;1;2;0;0;1;1;0;0;1;1;0;0;0;1;30;0;0;1;0;1;0;45;11;7;10;17;11;10;1;2;4;3;1;29;2;1;1;1;3;1;2;1;5;2;2;11;2;1;1;0;0;1;0;1;0;1;0;0;0;5;0;0;0;0;0;0;2;1;0;78;19;5;6;62;5;6;5;0;0;1;0;1;0;0;0;1;0;1;1;1;0;0;1;0;1;1;4;2;1;0;0;0;0;2;0;2;0;0;0;0;0;0;0;0;0;0;0
12;"Gryficki Dom Kultury, ul. Niepodległości 53, 72-300 Gryfice";320502;"gm. Gryfice";"gryficki";"zachodniopomorskie";1;1;3;0;0;2;0;0;0;1;0;0;0;0;1;0;0;0;0;0;0;0;0;0;0;0;34;5;4;10;5;1;3;1;2;1;3;34;1;1;0;1;2;1;2;0;0;0;3;0;32;9;2;3;8;0;0;2;1;0;2;1;0;0;1;0;0;42;0;0;1;2;3;0;111;14;19;16;53;18;13;3;2;2;2;4;37;3;0;2;3;1;4;1;0;32;0;4;13;3;7;4;3;0;1;0;0;0;2;0;1;0;4;0;1;0;1;0;2;0;1;0;172;25;13;4;124;6;9;8;4;1;0;0;4;1;2;1;1;0;0;5;0;0;1;4;2;1;0;0;1;1;0;0;0;0;0;0;0;0;1;0;0;0;0;0;0;0;0;2
13;"Szkoła Podstawowa nr 3, Budynek B, ul. Marszałka Józefa Piłsudskiego 1, 72-300 Gryfice";320502;"gm. Gryfice";"gryficki";"zachodniopomorskie";1;1;2;0;0;0;1;1;1;0;0;1;0;0;0;0;0;0;0;0;0;0;0;0;0;0;41;3;2;8;4;0;1;3;2;1;4;30;0;0;0;1;0;0;3;0;1;0;2;0;14;3;0;2;3;0;2;0;1;0;2;0;0;0;0;1;0;39;0;0;1;0;3;0;65;8;11;12;19;23;4;1;0;0;2;1;19;2;0;1;1;0;1;2;3;15;0;2;14;1;5;0;1;1;0;0;0;0;0;0;0;0;1;0;1;0;0;0;1;0;0;0;119;14;11;3;62;3;6;3;2;1;0;0;3;0;2;0;1;0;0;3;0;0;1;0;3;0;1;2;4;2;0;0;0;1;0;0;1;0;0;0;0;0;0;0;0;0;1;0
14;"Szkoła Podstawowa Nr 4, Budynek B, ul. 3 Maja 8, 72-300 Gryfice";320502;"gm. Gryfice";"gryficki";"zachodniopomorskie";1;1;3;1;0;2;0;1;1;0;1;0;2;0;0;0;1;0;0;0;0;0;2;1;0;1;48;2;7;14;4;0;1;0;2;1;1;45;1;0;3;2;1;0;4;1;0;0;0;3;22;4;2;2;4;0;1;3;3;0;1;1;0;0;0;0;1;33;0;0;0;0;5;1;57;12;4;23;17;15;5;2;0;0;0;10;15;0;0;0;2;0;1;0;1;20;1;3;19;2;2;3;1;0;0;0;1;1;1;0;0;0;6;1;0;0;1;0;0;1;0;1;148;22;17;4;102;2;8;2;0;2;1;2;0;0;0;0;3;1;0;5;0;0;1;0;5;0;0;1;3;0;1;0;2;0;0;0;1;0;0;0;0;0;0;0;0;0;0;0
15;"Świetlica Wiejska, Stawno 17, 72-300 Stawno";320502;"gm. Gryfice";"gryficki";"zachodniopomorskie";1;1;0;1;0;0;1;0;0;0;0;0;0;1;0;0;0;0;0;0;1;0;0;0;0;0;33;1;1;2;1;0;0;2;3;0;0;35;0;1;0;0;1;0;1;0;0;0;0;0;10;2;1;0;3;0;0;1;2;1;5;0;0;0;0;0;0;10;0;0;1;0;1;0;39;13;3;12;16;9;5;1;1;4;3;2;12;2;2;0;0;0;0;7;2;12;2;2;14;2;1;2;2;1;0;0;1;0;0;0;0;1;3;0;1;0;1;0;1;0;0;0;58;7;3;0;41;3;2;0;0;1;1;1;2;0;0;0;1;0;0;0;0;0;0;0;0;0;1;0;1;0;0;0;0;1;0;1;0;0;0;0;0;0;0;0;0;0;1;0
16;"Świetlica Wiejska, Baszewice 10, 72-300 Baszewice";320502;"gm. Gryfice";"gryficki";"zachodniopomorskie";1;1;0;1;0;1;0;0;0;0;0;0;0;0;0;0;0;0;0;0;1;0;1;0;0;0;15;0;0;2;2;0;0;1;0;0;0;17;0;0;0;0;0;0;0;0;0;0;0;0;9;1;1;0;3;0;0;0;1;0;1;1;0;0;0;0;0;15;0;1;0;0;0;0;42;9;18;5;11;11;8;0;1;6;0;0;8;1;3;2;2;1;2;2;0;5;1;3;11;1;0;0;0;0;0;0;0;0;0;0;0;0;0;0;0;0;0;0;0;0;1;0;28;5;5;0;13;1;0;0;0;0;0;0;0;0;0;0;0;0;0;0;0;0;0;0;0;1;0;0;0;0;0;0;0;0;0;1;1;0;0;0;0;0;0;0;0;0;0;2
17;"Świetlica Wiejska, Przybiernówko 28A, 72-341 Przybiernówko";320502;"gm. Gryfice";"gryficki";"zachodniopomorskie";1;1;1;0;0;0;0;0;0;1;0;0;0;0;0;0;0;0;0;0;0;0;0;0;0;0;19;3;1;1;1;0;1;0;2;0;2;26;0;0;0;0;0;0;1;1;0;0;0;0;2;0;2;0;0;0;0;1;0;0;0;1;0;0;0;0;0;8;0;0;0;0;3;0;35;2;7;4;5;6;2;1;0;3;0;2;4;1;0;0;0;0;1;1;0;5;3;3;4;0;1;0;8;0;0;0;0;0;0;0;0;0;0;0;0;0;0;0;0;0;0;0;29;7;2;0;8;1;0;0;0;0;1;1;1;0;0;0;2;0;0;0;0;0;0;0;0;0;2;0;0;0;0;0;0;0;0;0;0;0;0;0;0;0;0;0;0;0;0;0
18;"Świetlica Wiejska, Borzyszewo 5f, 72-300 Borzyszewo";320502;"gm. Gryfice";"gryficki";"zachodniopomorskie";1;1;1;2;0;0;0;0;0;0;2;0;1;0;1;0;0;0;0;0;0;0;0;0;0;0;38;3;0;2;0;0;0;2;0;0;1;25;0;0;0;0;0;0;1;2;1;0;2;0;8;2;1;1;5;0;0;0;0;1;0;0;0;0;0;0;2;21;0;0;0;0;1;0;27;4;1;4;4;4;5;0;1;0;0;0;10;0;0;0;0;0;0;0;1;5;0;2;6;7;3;0;2;1;0;2;0;1;0;1;0;1;2;0;0;0;0;0;0;1;0;0;64;16;8;1;42;4;4;4;0;0;0;0;1;1;1;0;0;0;2;1;0;1;2;1;2;0;0;0;0;0;0;0;0;0;0;0;0;0;0;0;0;0;0;0;0;0;0;0
19;"Świetlica Wiejska, Rzęskowo 24A, 72-300 Rzęskowo";320502;"gm. Gryfice";"gryficki";"zachodniopomorskie";1;1;0;1;0;0;0;0;1;0;0;0;0;0;1;2;0;0;0;0;0;0;0;0;0;1;29;0;2;3;3;0;0;1;0;0;3;14;0;0;0;0;0;0;0;1;0;0;0;0;3;1;3;2;2;1;0;0;0;0;1;0;0;0;0;0;0;17;0;0;0;0;1;0;20;2;3;5;4;3;1;1;0;2;1;0;12;0;0;0;0;0;0;2;0;5;0;2;7;2;7;1;2;0;0;0;1;0;0;0;0;0;1;0;0;1;0;0;0;1;0;1;66;8;8;0;38;1;5;1;0;0;0;0;1;0;0;0;0;0;0;0;1;0;0;0;0;0;0;1;0;0;0;0;0;0;0;0;1;1;0;0;0;0;0;0;0;0;1;2
20;"SPZZOZ-Zachodniopomorski Szpital Specjalistyczny, ul. Niechorska 27, 72-300 Gryfice";320502;"gm. Gryfice";"gryficki";"zachodniopomorskie";1;1;0;0;0;1;0;0;0;0;0;0;0;0;0;0;0;0;0;0;0;0;0;1;0;0;0;1;1;0;1;0;0;0;0;0;0;0;1;0;0;0;0;0;0;0;0;0;0;0;1;0;0;0;0;0;0;0;0;0;0;1;0;0;0;0;0;1;0;0;0;0;0;0;6;1;0;1;0;1;2;2;0;1;0;0;0;0;0;0;0;1;2;0;0;0;0;0;0;0;0;0;0;0;0;1;0;0;0;0;0;0;0;0;0;1;0;0;0;0;0;0;12;1;1;0;3;1;2;0;0;0;0;0;1;0;0;0;0;0;0;0;0;0;0;0;0;0;0;0;0;0;0;0;0;0;0;0;0;0;1;0;0;0;0;0;0;0;0;0
21;"Dom Pomocy Społecznej, ul. Kościuszki 71, 72-300 Gryfice";320502;"gm. Gryfice";"gryficki";"zachodniopomorskie";1;1;0;0;0;1;0;0;0;0;0;0;0;0;0;0;0;0;0;0;0;0;0;0;0;0;1;0;0;1;0;1;0;0;0;0;0;1;0;0;0;0;1;0;0;0;0;0;0;0;1;0;0;0;0;0;0;0;0;0;1;0;0;0;0;0;0;0;0;0;0;0;0;0;3;0;0;2;2;2;2;0;0;1;1;0;1;0;0;0;0;1;1;0;0;0;0;0;0;0;0;0;0;0;0;0;0;0;0;0;0;0;0;0;0;0;0;0;0;0;0;0;0;0;0;0;1;0;0;0;0;0;0;0;0;0;0;0;0;0;0;0;0;0;0;0;0;0;0;0;0;0;0;0;0;0;0;0;0;0;0;0;0;0;0;1;0;0;0;0
22;"Dom Pomocy Społecznej, ul. Kościuszki 35, 72-300 Gryfice";320502;"gm. Gryfice";"gryficki";"zachodniopomorskie";1;1;0;1;0;0;0;1;0;0;0;0;1;0;0;0;0;0;0;0;0;0;0;0;0;0;1;0;0;0;0;0;0;0;0;0;0;0;0;0;0;0;0;0;0;0;0;0;0;0;0;0;0;1;0;0;0;0;0;0;1;0;0;0;0;0;0;0;0;0;0;0;0;0;4;0;0;0;2;0;0;0;0;1;0;0;0;0;0;0;0;0;0;1;0;0;0;0;0;0;0;0;0;0;1;0;0;0;0;0;0;0;0;0;0;0;0;0;0;0;0;0;2;1;0;0;1;0;0;0;0;0;0;0;0;0;0;0;0;0;0;0;0;0;0;0;0;0;0;0;0;0;0;0;0;0;0;0;0;0;0;0;0;0;0;0;0;0;0;0
1;"Gminny Klub Kultury w Karnicach, ul. Osiedlowa 18, 72-343 Karnice";320503;"gm. Karnice";"gryficki";"zachodniopomorskie";1;1;1;0;0;2;0;0;1;0;0;0;0;0;0;0;0;0;0;0;0;0;0;0;0;0;16;4;1;6;0;0;2;3;2;0;7;5;0;1;0;0;0;0;0;1;0;0;27;0;9;4;2;2;1;0;0;1;0;0;2;2;0;0;1;0;1;3;1;0;1;0;0;3;55;10;45;23;6;28;4;4;1;1;0;5;3;0;0;5;1;0;1;0;1;1;1;3;9;1;2;1;2;0;0;1;1;1;0;1;1;0;2;0;1;0;0;0;0;0;0;0;55;3;5;1;66;1;6;8;0;0;0;1;2;0;0;0;0;0;0;0;0;1;0;0;4;0;0;0;0;0;1;0;0;0;0;0;2;0;0;0;0;0;0;0;0;0;1;0
2;"Szkoła Podstawowa w Cerkwicy, ul. Szkolna 7, 72-342 Cerkwica";320503;"gm. Karnice";"gryficki";"zachodniopomorskie";1;1;3;1;2;0;2;0;0;0;1;1;1;0;0;0;0;0;1;0;0;0;0;1;1;0;36;6;3;4;0;3;0;0;1;1;15;4;0;0;0;0;0;0;3;0;0;0;78;0;21;5;2;6;4;0;0;0;4;0;1;1;1;1;2;0;2;10;4;0;2;0;0;3;63;22;37;103;35;26;13;4;4;2;2;6;13;4;0;0;3;4;1;4;2;6;1;2;28;1;13;3;5;0;1;0;1;2;1;0;0;1;3;0;0;0;0;0;2;0;0;1;90;11;9;0;74;2;6;1;3;0;1;0;0;0;0;0;0;0;1;1;0;0;1;1;1;0;0;0;1;0;0;0;0;1;1;0;0;1;0;0;0;0;0;0;0;0;0;0
3;"Świetlica Wiejska w Skrobotowie, Skrobotowo 14A, 72-343 Karnice";320503;"gm. Karnice";"gryficki";"zachodniopomorskie";1;1;1;1;0;0;0;0;0;0;0;0;0;0;1;1;0;0;0;0;0;0;0;1;0;0;15;1;1;3;1;0;1;0;1;0;5;3;1;0;0;0;0;1;0;0;0;0;5;0;6;3;0;0;0;1;0;2;0;0;0;1;1;1;0;0;0;2;1;0;0;2;1;0;60;4;15;30;17;29;5;4;0;1;0;0;9;0;0;0;3;0;1;2;0;3;0;2;12;6;1;1;3;2;0;0;0;1;0;0;0;0;0;0;0;0;0;1;0;1;0;2;30;7;5;0;50;2;3;6;0;0;0;0;0;0;0;0;0;0;0;2;0;0;0;2;2;0;0;0;8;1;0;0;0;0;0;0;0;0;0;0;0;0;0;0;0;0;0;5
4;"Świetlica Wiejska w Paprotnie, Paprotno 38A, 72-342 Cerkwica";320503;"gm. Karnice";"gryficki";"zachodniopomorskie";1;1;0;0;0;0;0;0;0;1;0;0;0;0;0;0;0;0;0;0;0;1;0;0;0;0;8;0;0;2;0;0;1;0;0;1;4;0;0;0;0;0;0;0;1;0;0;0;1;1;4;0;0;0;3;0;0;0;0;0;1;0;0;0;0;0;1;8;2;0;0;1;1;0;25;4;5;12;1;6;2;0;1;3;1;2;1;1;0;0;1;0;0;2;0;3;2;0;8;0;0;0;0;0;0;0;0;0;0;0;0;0;0;0;0;0;0;0;0;0;0;1;28;3;3;1;15;0;1;1;0;0;0;0;0;0;0;0;1;0;0;0;1;0;0;1;0;0;0;0;0;0;0;0;0;0;0;0;0;0;0;0;0;0;0;0;0;0;0;0
1;"Dom Strażaka, ul. Tadeusza Kościuszki 8, 72-310 Płoty";320504;"gm. Płoty";"gryficki";"zachodniopomorskie";1;1;2;3;0;3;0;1;0;1;0;0;1;0;1;1;0;0;1;1;0;0;1;0;4;1;53;3;6;56;2;2;2;1;2;0;0;12;1;12;0;1;0;0;0;0;1;1;2;1;25;6;3;1;5;2;1;0;2;0;4;1;1;0;2;1;1;25;0;3;0;1;4;1;109;24;43;27;51;30;18;2;2;3;0;0;8;4;0;2;1;0;2;1;1;17;2;10;8;5;5;1;2;0;0;5;1;0;0;1;0;0;2;0;0;0;2;1;18;2;0;0;201;40;14;1;108;5;8;2;3;1;4;1;9;0;1;0;2;3;2;2;2;1;0;5;4;0;0;0;2;0;2;1;0;2;0;0;3;0;0;0;0;0;1;0;0;0;1;0
2;"Dom Kultury, ul. Tadeusza Kościuszki 7, 72-310 Płoty";320504;"gm. Płoty";"gryficki";"zachodniopomorskie";1;1;5;0;0;0;0;0;1;0;1;0;0;0;0;1;0;0;0;0;0;0;0;1;0;2;38;6;3;50;4;0;0;2;1;1;0;9;0;6;1;0;0;0;4;1;2;0;0;2;28;12;4;3;5;0;0;0;0;0;6;0;2;0;2;0;1;16;0;0;2;0;2;2;105;15;44;19;45;23;10;2;2;4;1;3;19;1;1;0;5;0;0;4;3;9;3;1;8;2;1;1;1;2;1;0;0;0;0;0;0;0;0;0;0;3;0;0;9;0;0;1;131;8;17;4;67;13;2;3;0;3;0;0;4;0;1;0;0;1;0;0;0;0;2;6;4;1;0;0;0;0;0;0;0;1;0;0;7;1;1;0;0;1;0;1;0;0;0;0
3;"Hala Widowiskowo Sportowa ""Rega Arena"", ul. Koszalińska 2A, 72-310 Płoty";320504;"gm. Płoty";"gryficki";"zachodniopomorskie";1;1;2;0;0;0;0;1;1;0;0;0;0;0;0;0;0;0;0;0;0;0;1;0;0;1;22;1;2;22;1;0;0;4;0;0;0;8;0;2;0;0;0;0;0;0;0;0;0;2;10;2;0;3;2;0;0;0;1;1;1;0;0;0;0;0;1;6;0;0;1;1;1;0;46;5;20;9;12;4;9;1;2;8;1;0;6;1;1;0;2;0;1;0;3;3;2;4;5;3;0;1;1;0;0;3;1;0;2;0;0;0;3;1;0;1;3;0;11;1;0;0;50;6;4;1;25;3;0;1;0;0;0;0;4;0;0;0;1;1;0;0;0;0;0;0;2;0;0;0;0;0;0;0;0;0;0;0;0;0;0;1;0;0;0;0;0;0;0;0
4;"Świetlica Wiejska, Lisowo 5A, 72-310 Płoty";320504;"gm. Płoty";"gryficki";"zachodniopomorskie";1;1;1;1;0;0;0;1;0;0;0;0;0;0;0;0;0;1;0;0;0;0;0;0;0;0;6;0;1;9;0;0;0;0;0;0;0;0;0;0;1;0;0;0;0;0;0;0;0;1;5;1;1;1;0;0;0;0;0;0;0;0;0;0;0;0;0;1;0;0;0;0;0;0;19;1;11;2;5;2;6;2;0;6;0;0;2;0;0;0;1;0;1;0;0;1;0;5;5;0;1;0;0;1;0;1;0;0;1;0;0;0;0;0;0;0;0;0;0;0;0;0;19;3;1;0;11;2;1;2;0;0;0;0;2;0;0;0;0;0;1;3;0;0;0;0;0;0;1;0;0;0;0;0;0;0;0;0;1;0;0;0;0;0;0;0;0;0;0;0
5;"Świetlica Wiejska, Sowno 11A, 72-310 Płoty";320504;"gm. Płoty";"gryficki";"zachodniopomorskie";1;1;2;0;0;0;0;0;0;0;0;0;0;0;0;0;0;0;0;1;0;0;0;0;0;0;11;1;1;9;1;0;0;0;0;0;0;4;0;1;0;0;1;0;0;0;0;0;0;0;2;4;1;0;0;0;0;0;0;0;3;0;0;0;0;1;0;4;0;0;0;0;0;1;15;11;16;7;12;9;3;1;2;14;1;1;11;2;0;0;0;0;0;0;0;0;0;1;2;3;3;2;0;0;0;1;1;3;0;0;0;0;1;0;0;0;1;0;5;0;0;1;23;2;3;1;17;3;2;0;0;0;0;0;3;0;0;0;0;0;0;0;0;0;0;1;0;0;0;0;1;0;0;0;0;0;0;0;3;0;0;0;0;1;0;1;0;0;0;0
6;"Świetlica Wiejska w Mechowie, Mechowo 22A, 72-310 Płoty";320504;"gm. Płoty";"gryficki";"zachodniopomorskie";1;1;0;1;0;1;0;0;0;0;0;0;0;0;0;0;0;0;0;0;0;0;0;0;0;0;28;2;0;7;0;0;0;1;1;0;1;5;0;3;0;1;0;0;1;0;0;0;0;0;4;3;1;1;0;0;1;0;0;1;1;1;0;0;0;0;0;6;1;0;0;0;0;0;12;7;15;16;12;3;5;3;2;11;1;4;14;1;0;0;3;0;2;1;1;6;0;2;9;1;0;2;0;1;1;0;3;1;0;1;0;0;2;0;1;0;3;0;1;0;0;2;23;2;6;0;9;2;1;0;0;0;0;0;1;0;1;0;0;0;0;0;0;0;0;1;0;0;0;0;0;0;1;0;2;0;0;0;1;0;0;0;0;0;1;0;0;0;0;0
7;"Świetlica Wiejska, Wyszobór 38A, 72-310 Płoty";320504;"gm. Płoty";"gryficki";"zachodniopomorskie";1;1;3;1;0;0;0;0;1;0;1;0;0;0;0;0;0;0;0;0;0;0;0;0;0;0;24;0;1;5;1;1;0;0;0;0;0;4;0;0;0;2;0;0;0;1;0;0;0;0;17;4;1;0;1;0;1;0;2;1;1;0;1;0;0;0;0;2;0;0;0;0;1;0;13;25;2;13;8;6;5;2;1;4;2;1;7;2;0;0;1;1;0;6;1;8;0;0;7;1;0;2;0;0;0;0;1;0;0;1;0;0;0;0;2;0;1;0;0;0;0;0;22;4;1;0;15;1;1;1;0;0;0;1;1;0;0;0;0;0;0;0;0;0;0;0;1;1;1;1;0;0;0;0;0;0;0;0;3;1;0;0;0;0;0;0;0;0;0;0
8;"Świetlica Wiejska, Modlimowo 18A, 72-310 Płoty";320504;"gm. Płoty";"gryficki";"zachodniopomorskie";1;1;0;0;0;0;0;0;0;0;0;0;0;1;0;0;0;0;0;0;0;0;0;0;0;2;16;2;2;5;0;0;0;1;0;0;0;3;2;0;0;0;0;0;1;0;0;0;0;1;5;2;0;1;2;0;0;0;0;0;1;0;0;0;0;0;0;4;1;0;0;0;1;0;21;1;5;2;1;9;0;0;0;2;0;0;0;0;0;0;0;0;0;1;1;1;0;1;2;0;1;0;0;0;0;0;0;1;1;0;0;0;2;0;0;0;1;0;3;0;0;0;19;0;1;4;6;1;3;0;0;0;0;0;3;0;0;0;0;0;0;0;0;0;0;0;1;0;1;0;1;0;0;0;0;0;0;0;1;0;0;0;0;0;0;0;0;0;0;0
9;"Świetlica Wiejska, Pniewo 33A, 72-310 Płoty";320504;"gm. Płoty";"gryficki";"zachodniopomorskie";1;1;1;1;1;0;0;0;0;0;0;0;0;0;0;0;0;0;0;0;1;0;0;0;0;0;11;0;2;5;0;0;0;0;1;0;0;4;0;1;0;0;0;0;1;0;2;0;2;3;5;2;0;0;2;0;0;0;0;0;0;0;0;0;0;0;0;2;0;0;0;0;0;0;14;7;3;3;3;7;1;6;0;1;0;0;0;0;0;0;0;0;0;0;0;2;0;1;4;1;0;0;0;0;0;0;0;0;0;0;0;0;0;0;0;0;0;0;0;0;0;0;11;4;0;0;4;1;0;1;0;0;0;0;0;0;0;0;0;0;1;0;0;0;0;0;1;0;0;0;0;0;0;0;0;0;1;0;0;0;0;0;0;0;0;0;0;0;0;0
10;"Świetlica wiejska w Wicimicach, Wicimice 30A, 72-310 Płoty";320504;"gm. Płoty";"gryficki";"zachodniopomorskie";1;1;0;0;0;0;0;0;0;0;0;0;0;0;0;0;0;0;0;0;0;0;0;0;0;0;9;0;0;3;1;0;0;2;0;0;1;0;1;3;1;0;0;0;1;0;0;0;0;1;2;1;0;0;0;0;0;0;1;0;0;0;0;0;0;0;0;2;0;0;0;0;1;0;11;10;7;1;4;3;6;1;2;0;1;0;2;0;0;0;0;0;0;0;0;1;0;1;2;0;1;0;0;1;0;0;0;1;0;0;0;0;1;0;2;1;1;0;0;1;0;0;17;4;1;2;6;1;0;2;0;0;0;0;2;0;0;0;0;0;0;0;0;0;0;0;0;0;0;0;0;0;0;0;0;0;0;0;0;0;0;0;0;0;0;0;0;0;0;0
11;"Świetlica wiejska w Natolewicach, Natolewice 27, 72-310 Płoty";320504;"gm. Płoty";"gryficki";"zachodniopomorskie";1;1;0;0;0;0;0;0;0;0;0;0;0;1;0;0;0;0;0;0;1;0;0;0;0;1;5;0;0;6;0;0;0;0;0;1;1;3;0;1;0;1;0;0;0;0;0;0;0;0;5;0;1;0;1;1;0;0;0;0;1;0;0;0;0;0;0;2;0;0;0;0;0;0;9;5;0;7;2;2;2;0;0;1;1;1;6;1;0;0;0;0;1;1;1;6;0;3;0;1;0;0;1;0;0;0;1;0;0;0;0;0;3;0;0;0;0;0;0;0;0;0;12;1;1;0;4;1;1;0;0;0;1;0;0;0;0;0;0;0;0;0;0;0;0;1;0;0;0;0;0;0;1;0;0;0;0;0;1;0;0;0;0;0;0;0;0;0;0;0
12;"Zakład Karny Oddział w Płotach, ul. Koszalińska 2, 72-310 Płoty";320504;"gm. Płoty";"gryficki";"zachodniopomorskie";1;1;0;0;0;0;0;0;0;0;0;0;0;0;0;0;0;0;0;0;0;0;0;0;0;0;8;1;0;1;3;0;0;0;0;0;0;2;0;0;0;0;0;0;1;0;0;0;0;0;8;1;0;2;3;2;0;0;0;0;1;0;0;0;0;0;0;0;0;0;1;0;0;0;4;1;1;2;0;1;0;1;0;0;0;0;0;1;0;0;1;0;0;0;0;0;0;0;6;2;3;0;1;0;1;1;0;1;0;0;0;0;0;0;0;0;0;0;0;0;0;1;23;1;0;2;0;1;2;2;0;2;0;0;2;1;0;0;0;0;0;0;0;0;0;0;0;0;1;0;0;0;0;0;0;0;0;1;1;1;0;0;0;0;1;0;0;0;0;0
1;"Kompleks Rekreacyjno-Sportowy, ul. Moniuszki 8, 72-346 Pobierowo";320507;"gm. Rewal";"gryficki";"zachodniopomorskie";1;1;4;0;0;3;0;0;2;0;0;0;1;0;2;0;0;0;0;0;0;0;0;0;2;0;58;7;13;25;7;0;0;12;3;0;4;6;6;2;1;1;0;1;2;1;2;0;1;0;19;15;3;5;6;0;0;0;1;1;3;3;2;2;0;0;0;0;0;1;0;1;1;0;98;10;7;10;27;60;16;6;2;3;0;0;9;3;1;2;1;3;1;3;3;1;3;6;31;6;3;3;0;1;1;0;3;0;0;0;0;1;2;0;1;0;1;2;3;0;0;2;143;37;19;5;240;2;9;7;1;2;0;1;1;0;0;1;0;1;1;4;0;2;1;0;5;0;0;0;0;1;2;0;0;3;0;0;2;0;0;0;0;1;1;0;0;0;0;0
2;"Sala Wystawiennicza w Rewalu, ul. Słowackiego 1, 72-344 Rewal";320507;"gm. Rewal";"gryficki";"zachodniopomorskie";1;1;3;1;0;1;0;0;0;0;0;0;1;0;0;0;0;0;2;0;2;0;0;0;0;0;42;11;10;3;6;1;1;3;1;3;1;2;1;0;0;0;1;0;2;2;0;0;2;2;15;8;4;1;3;3;0;1;0;1;2;1;2;0;1;1;2;0;0;0;1;3;1;0;90;17;8;11;18;33;9;0;1;1;2;0;9;1;0;0;0;0;1;2;0;5;0;3;22;3;2;1;1;0;1;0;0;1;0;1;0;0;2;0;2;1;1;0;0;0;0;1;83;21;12;1;251;4;6;3;0;1;0;0;0;1;0;0;0;0;1;1;1;0;1;1;0;0;0;0;0;0;0;0;0;2;0;0;1;0;0;0;0;2;0;0;0;0;0;0
3;"Kompleks sportowo-rekreacyjny, ul. Leśna 3, 72-350 Niechorze";320507;"gm. Rewal";"gryficki";"zachodniopomorskie";1;1;3;2;0;0;0;1;0;1;0;0;0;0;0;0;0;0;0;0;0;0;0;0;1;1;48;15;9;8;5;0;0;9;5;2;0;9;0;2;0;0;0;0;0;2;0;0;0;0;15;13;1;2;6;1;2;1;2;1;1;0;1;0;0;0;1;2;0;1;1;0;2;3;94;7;6;14;12;30;14;3;2;3;1;4;3;1;1;0;0;0;0;4;4;4;1;6;14;7;4;2;8;1;0;0;0;1;1;0;0;0;3;0;1;2;0;2;0;0;0;1;114;32;14;3;183;5;5;7;2;1;4;0;0;3;0;1;1;1;0;4;0;0;1;0;6;0;1;0;0;1;1;0;1;0;0;0;2;0;0;0;0;0;0;0;0;0;1;0
4;"Świetlica Wiejska w Śliwinie, Śliwin ul. Aleja Lipowa 16, 72-344 Rewal";320507;"gm. Rewal";"gryficki";"zachodniopomorskie";1;1;0;0;0;0;0;0;0;1;0;0;0;0;0;0;0;1;0;0;0;0;0;0;0;0;8;1;2;3;0;0;0;3;0;0;1;1;0;0;0;0;0;0;0;0;0;0;2;0;7;3;1;0;1;0;0;0;0;1;0;0;0;0;0;0;0;1;0;1;1;1;2;0;21;2;3;8;1;6;3;0;0;0;0;0;0;0;0;0;0;0;0;1;0;1;0;0;4;1;0;1;1;0;0;0;1;2;1;0;0;1;0;0;0;0;0;0;0;0;0;0;5;3;0;0;35;0;1;3;1;2;0;0;0;0;0;0;0;0;0;0;0;0;0;2;0;0;0;0;0;0;0;0;0;0;0;0;0;0;0;0;0;0;0;0;0;0;0;1
1;"Szkoła Podstawowa Nr 1, ul. Kamieniecka 16, 72-320 Trzebiatów";320508;"gm. Trzebiatów";"gryficki";"zachodniopomorskie";1;1;1;1;1;2;1;2;1;0;1;1;0;0;0;0;0;0;0;0;0;0;0;0;0;0;48;4;1;10;7;0;0;1;2;0;2;3;0;1;0;0;2;0;1;0;0;0;1;0;14;8;2;3;6;0;0;0;2;2;4;1;2;0;0;1;0;3;0;0;0;1;2;1;29;3;3;49;8;6;6;0;0;3;1;0;4;2;0;1;1;0;2;2;0;1;1;1;13;1;1;2;2;1;1;1;1;1;1;0;0;1;2;0;1;1;0;0;4;0;0;0;145;10;5;0;67;3;3;0;1;1;0;0;0;0;0;1;1;0;1;0;0;0;0;0;3;0;1;1;0;0;0;0;0;1;0;1;1;0;0;0;0;0;2;0;0;0;1;0
2;"Zespół Szkół, pl. Lipowy 15, 72-320 Trzebiatów";320508;"gm. Trzebiatów";"gryficki";"zachodniopomorskie";1;1;5;1;0;1;3;0;0;2;0;2;1;0;1;0;1;0;2;0;0;0;1;0;0;0;100;16;11;8;1;1;0;3;5;3;5;5;0;0;0;0;1;1;5;0;1;0;3;1;29;15;2;3;8;1;1;0;1;2;7;1;1;0;0;1;1;4;1;0;0;0;0;1;92;9;7;97;21;20;13;6;0;1;1;0;8;4;0;6;2;5;1;7;3;13;0;5;30;3;5;6;3;0;0;1;0;1;0;3;0;2;2;0;1;2;0;1;1;0;0;2;234;29;20;1;107;3;10;6;5;4;0;0;1;1;0;0;7;2;4;2;1;2;2;2;2;2;0;0;5;0;1;1;0;1;0;0;1;0;1;0;1;0;2;0;0;0;0;0
3;"Szkoła Podstawowa Nr 1, ul. Wodna 2, 72-320 Trzebiatów";320508;"gm. Trzebiatów";"gryficki";"zachodniopomorskie";1;1;2;3;0;1;0;1;2;0;2;0;1;0;0;0;0;0;0;0;0;1;0;0;1;0;69;6;5;12;4;2;1;1;2;0;1;3;1;0;0;2;1;1;0;3;0;0;2;1;33;9;1;2;6;0;1;1;2;2;5;4;1;1;0;1;3;5;1;2;1;4;5;4;74;25;8;152;29;19;21;3;1;2;1;1;10;3;1;5;1;2;2;5;1;24;1;6;25;3;3;1;2;1;1;2;0;3;2;1;2;0;1;1;1;1;2;0;1;1;0;0;215;16;9;6;144;5;14;5;1;0;1;1;0;1;2;0;3;3;1;2;1;1;0;3;4;0;0;0;3;0;0;1;0;1;1;1;3;0;0;0;0;0;0;0;0;0;0;0
4;"Trzebiatowski Ośrodek Kultury, ul. Wojska Polskiego 67, 72-320 Trzebiatów";320508;"gm. Trzebiatów";"gryficki";"zachodniopomorskie";1;1;1;3;0;0;0;0;0;0;1;2;0;0;0;1;0;0;0;1;1;0;1;0;0;1;65;4;3;11;6;0;0;1;0;1;2;8;1;2;0;0;0;0;2;2;1;0;1;0;24;9;2;1;1;0;1;0;4;0;3;2;1;0;0;0;2;3;1;1;1;0;3;3;67;10;3;78;41;12;9;2;0;2;1;1;10;2;0;3;1;2;0;3;1;8;0;4;23;4;3;4;2;1;0;0;0;1;0;2;0;0;2;0;0;0;0;0;0;0;0;2;143;26;6;2;63;2;4;1;3;1;1;0;0;1;1;0;0;0;1;1;2;3;0;0;1;1;0;0;3;0;0;0;0;0;0;0;5;0;0;0;0;1;2;1;0;0;0;0
5;"Szkoła Podstawowa Nr 2, ul. Długa 11, 72-320 Trzebiatów";320508;"gm. Trzebiatów";"gryficki";"zachodniopomorskie";1;1;5;0;0;0;0;0;0;0;1;0;0;1;2;0;1;0;0;0;0;0;0;0;1;0;72;22;8;8;3;1;1;3;5;0;5;14;1;1;1;2;1;1;3;1;0;0;4;3;25;16;7;3;4;0;0;0;0;0;5;1;1;0;0;1;4;8;0;0;2;3;1;0;75;8;6;90;28;18;15;1;0;1;0;2;11;2;0;3;1;0;0;5;4;9;0;3;20;2;1;1;0;0;1;0;0;0;1;0;1;0;0;0;0;1;0;0;1;0;0;1;207;26;13;2;90;7;5;1;0;0;0;1;2;0;0;0;1;3;0;1;0;0;0;2;0;0;0;1;3;0;0;0;1;1;1;0;1;1;0;0;0;0;0;0;0;0;0;0
6;"Świetlica Wiejska, Rogozina 25, 72-350 Niechorze";320508;"gm. Trzebiatów";"gryficki";"zachodniopomorskie";1;1;3;1;0;0;0;0;0;0;0;0;0;0;0;2;1;0;0;0;0;0;0;0;0;0;43;0;0;1;2;0;1;0;2;0;0;2;2;2;0;1;2;0;2;0;0;0;3;0;7;3;1;0;1;0;0;2;2;1;1;0;0;0;0;0;0;2;0;0;0;0;0;0;49;11;6;55;7;16;11;1;1;5;1;3;2;0;0;0;0;0;1;2;1;11;0;1;5;1;0;1;1;0;0;1;0;0;0;0;0;1;0;0;0;0;1;0;0;0;0;1;30;5;4;1;34;0;1;1;0;0;0;0;1;0;0;0;2;0;0;0;0;0;1;0;0;0;1;0;2;0;0;0;0;0;0;0;1;0;0;0;0;0;0;0;0;0;0;0
7;"Świetlica Wiejska, Mirosławice 26, 72-320 Trzebiatów";320508;"gm. Trzebiatów";"gryficki";"zachodniopomorskie";1;1;2;0;0;0;0;0;1;1;0;0;0;0;0;1;0;0;0;0;0;0;1;0;0;0;39;2;2;3;1;0;0;0;1;0;1;0;0;1;0;0;0;0;1;1;0;0;0;0;7;3;0;1;0;1;0;0;0;0;1;0;0;0;0;0;1;5;0;0;0;0;1;0;34;8;1;44;9;11;5;1;0;3;2;0;5;0;0;1;0;0;0;2;2;19;0;2;8;4;3;2;1;0;0;2;1;2;1;0;0;1;5;0;1;0;0;0;0;0;0;0;41;11;1;1;24;0;1;0;0;0;0;1;1;1;0;0;2;0;0;0;0;1;0;2;0;0;0;0;1;0;0;0;1;0;0;0;0;0;0;0;0;0;0;0;0;0;0;0
8;"Świetlica Wiejska, Gołańcz Pomorska 54, 72-320 Trzebiatów";320508;"gm. Trzebiatów";"gryficki";"zachodniopomorskie";1;1;1;0;0;0;0;0;1;0;1;0;0;0;0;0;0;0;0;0;0;0;0;0;1;0;15;0;3;5;1;3;0;1;0;2;0;5;1;4;1;2;1;0;1;4;1;0;2;0;8;4;2;3;1;0;1;0;0;2;0;0;1;1;0;0;0;0;1;0;0;0;0;0;31;14;1;47;10;6;3;0;0;0;1;0;0;1;1;0;1;0;0;3;3;3;1;1;7;1;0;0;0;1;0;0;1;0;0;0;0;0;0;0;0;0;1;0;0;0;0;0;37;10;4;0;6;0;2;0;0;1;0;2;0;1;1;1;0;0;0;1;1;0;0;1;2;0;0;0;0;0;0;0;0;0;0;0;3;2;0;1;0;0;0;0;0;0;0;0
9;"Świetlica Wiejska, Trzebusz 24A, 72-320 Trzebiatów";320508;"gm. Trzebiatów";"gryficki";"zachodniopomorskie";1;1;3;3;0;0;0;0;0;0;0;0;0;0;0;1;0;0;1;0;0;0;2;0;0;3;69;6;0;1;5;0;0;4;2;0;1;2;1;1;0;0;1;0;1;3;3;1;1;1;6;7;0;2;7;0;1;0;3;0;2;2;1;0;0;0;2;2;1;0;1;1;1;1;31;5;2;52;6;9;7;2;0;5;0;1;5;1;0;3;2;0;2;2;1;3;2;2;12;1;2;1;1;1;0;0;2;0;0;0;0;0;0;0;1;0;1;0;0;0;0;0;95;4;3;2;44;0;4;1;1;2;1;0;1;0;0;0;3;0;0;0;0;0;0;0;4;0;0;0;0;0;0;0;0;0;0;0;0;0;0;0;0;0;0;0;0;1;0;0
10;"Hala Widowiskowo-Sportowa, ul. Aleja Tysiąclecia 32A, 72-330 Mrzeżyno";320508;"gm. Trzebiatów";"gryficki";"zachodniopomorskie";1;1;2;1;0;0;1;1;1;0;0;0;1;0;0;1;0;0;1;0;0;0;2;1;0;1;91;11;10;11;9;0;2;3;4;1;3;4;1;2;1;0;1;0;1;1;2;0;2;4;40;11;3;6;9;0;0;2;2;4;5;1;2;1;1;0;0;2;0;0;1;1;2;4;161;23;10;57;25;16;19;5;5;3;3;2;8;0;0;0;4;3;1;5;2;3;2;0;22;5;4;0;3;0;0;3;2;1;0;3;1;0;1;0;1;0;0;0;0;0;0;2;293;49;32;10;76;6;12;3;3;4;2;0;0;0;0;0;1;0;2;4;0;1;0;3;6;0;1;0;6;0;0;0;0;0;1;1;12;2;1;0;0;1;0;0;0;0;2;1
11;"Świetlica Wiejska, Chomętowo 18, 72-320 Trzebiatów";320508;"gm. Trzebiatów";"gryficki";"zachodniopomorskie";1;1;2;0;0;0;0;0;1;0;0;0;0;0;0;0;0;0;0;0;0;0;0;0;1;0;9;0;0;0;1;0;0;0;0;0;0;0;0;0;0;0;0;0;1;0;0;0;0;0;4;0;0;0;2;0;0;0;0;0;1;0;0;0;0;0;0;2;0;0;0;0;0;2;13;1;0;17;3;4;3;0;0;1;1;0;2;0;0;0;0;0;0;1;0;4;1;1;2;2;0;0;0;0;0;1;0;0;0;0;0;0;0;0;0;0;0;0;0;0;0;0;12;3;0;0;14;0;0;0;0;0;1;0;0;0;0;0;0;0;0;0;0;0;0;0;2;1;0;1;1;0;0;0;0;0;0;0;0;0;0;0;0;0;0;0;0;0;0;0
12;"Dom Pomocy Społecznej, ul. Jaromin 50, 72-320 Trzebiatów";320508;"gm. Trzebiatów";"gryficki";"zachodniopomorskie";1;1;1;0;0;2;2;0;0;0;0;0;1;0;0;0;0;0;0;0;0;0;0;0;0;0;1;0;0;0;0;1;0;1;1;0;0;0;0;0;0;0;0;0;0;0;0;0;0;0;0;0;0;1;0;0;0;0;0;1;1;0;0;0;0;0;0;1;1;0;1;0;0;0;11;2;2;3;3;0;3;0;0;0;2;1;1;0;0;0;1;0;1;0;0;0;0;1;0;0;0;0;0;0;0;0;0;1;0;0;0;0;0;0;0;0;0;0;0;0;0;0;4;1;0;0;0;0;0;0;2;0;0;0;0;0;0;0;0;0;0;0;0;0;0;0;1;0;0;0;0;0;0;0;0;0;1;0;0;1;0;0;0;0;0;0;0;0;0;0
1;"Przedszkole w Baniach, ul. Pocztowa 3, 74-110 Banie";320601;"gm. Banie";"gryfiński";"zachodniopomorskie";1;1;2;2;0;2;0;1;1;0;0;0;0;2;0;0;0;1;0;0;0;1;1;0;0;1;36;5;3;11;8;2;3;1;8;4;1;0;4;1;0;2;0;0;1;5;3;1;1;0;21;15;2;3;5;4;15;0;4;2;0;2;1;1;0;0;2;0;0;1;0;0;0;0;89;18;29;36;26;39;13;72;0;5;1;12;2;1;2;1;0;0;1;1;1;0;3;5;20;10;9;3;2;1;1;1;1;0;2;2;1;2;0;0;0;1;1;0;2;1;2;0;140;37;16;4;2;0;14;1;1;22;0;2;1;0;2;1;1;0;0;3;49;0;0;6;11;4;0;2;0;0;0;0;0;1;0;1;1;1;0;1;1;0;1;0;0;0;0;0
2;"Dom Kultury w Baniach, ul. Skośna 7, 74-110 Banie";320601;"gm. Banie";"gryfiński";"zachodniopomorskie";1;1;1;0;0;0;0;1;1;1;0;0;0;1;0;0;0;0;0;0;0;0;0;0;0;1;17;0;3;2;3;0;1;4;0;0;0;1;0;0;0;0;0;0;0;0;3;0;0;0;5;4;2;0;2;0;1;0;1;0;0;1;2;1;0;1;1;0;0;2;0;2;1;0;34;4;12;15;11;27;8;22;2;4;0;3;1;2;0;0;1;0;1;0;2;0;0;0;11;4;0;1;3;0;1;0;1;0;0;1;0;0;0;0;0;0;1;1;0;0;0;0;32;11;3;0;1;1;5;2;0;7;1;0;2;0;0;0;0;0;0;2;15;0;0;1;1;0;0;0;0;0;0;0;1;0;0;0;1;0;0;0;0;0;1;0;0;0;0;1
3;"Szkoła Podstawowa, Lubanowo 53, 74-111 Lubanowo";320601;"gm. Banie";"gryfiński";"zachodniopomorskie";1;1;1;1;0;1;0;0;0;1;0;1;0;0;0;0;0;0;1;0;1;0;1;0;1;0;25;10;5;3;10;2;0;2;4;0;0;0;1;1;0;1;0;0;2;1;0;0;0;3;10;3;2;3;3;0;5;0;3;2;0;0;0;0;0;0;1;0;0;0;1;1;2;2;50;19;31;15;12;9;7;88;0;2;2;4;1;0;1;1;2;2;3;0;1;0;1;5;27;9;4;2;2;3;0;2;0;1;0;1;0;0;0;0;0;0;1;0;0;0;1;2;66;13;8;1;4;2;14;1;2;20;0;1;0;1;0;0;0;0;1;1;19;0;1;0;4;0;0;0;1;0;0;0;1;0;0;0;0;0;0;0;0;0;1;0;0;0;0;0
4;"Szkoła Podstawowa, Swobnica 12, 74-110 Banie";320601;"gm. Banie";"gryfiński";"zachodniopomorskie";1;1;2;0;0;0;0;2;2;0;0;1;0;0;0;0;1;0;0;0;0;0;0;0;0;0;11;2;2;1;1;0;0;0;3;0;0;0;1;0;0;0;1;0;0;0;1;0;0;0;0;9;0;0;2;0;1;0;2;0;0;0;0;0;1;0;0;0;1;0;1;1;0;0;13;6;3;2;6;4;2;6;0;2;0;25;0;0;1;0;0;0;2;0;0;0;0;2;5;1;1;2;1;0;0;0;0;0;1;0;0;0;0;0;0;0;0;0;0;0;0;0;23;9;2;0;0;0;8;2;3;8;0;1;0;2;0;0;0;0;1;0;22;0;1;0;2;1;0;0;0;0;0;1;0;0;0;0;0;0;0;0;0;0;1;0;0;0;0;0
5;"Świetlica wiejska w Piasecznie, Piaseczno 114, 74-110 Banie";320601;"gm. Banie";"gryfiński";"zachodniopomorskie";1;1;0;1;0;0;0;0;1;0;0;0;0;0;0;0;0;0;0;0;0;0;1;0;0;0;12;0;4;1;0;1;0;0;0;1;1;1;0;1;0;0;0;4;1;2;0;0;0;0;8;3;0;1;1;1;1;0;0;2;0;0;0;0;0;0;0;0;0;1;1;0;0;1;9;10;11;10;3;5;0;8;0;3;3;10;1;0;0;0;0;0;1;1;1;0;0;0;3;0;0;0;0;1;0;0;0;1;1;0;0;0;0;0;1;0;0;0;0;0;0;0;29;7;0;2;1;1;1;4;0;3;0;0;0;0;0;1;0;0;0;1;5;0;0;0;2;1;0;0;0;0;0;0;0;0;1;1;0;0;0;0;0;0;0;0;0;0;0;0
6;"Świetlica wiejska w Baniewicach, Baniewice 51, 74-110 Banie";320601;"gm. Banie";"gryfiński";"zachodniopomorskie";1;1;0;2;0;0;0;0;0;0;0;0;1;0;1;0;0;0;0;0;0;0;0;0;0;0;8;0;1;1;2;0;1;2;3;0;1;0;1;1;0;0;0;0;1;0;1;0;0;0;6;0;1;0;1;1;2;0;0;0;0;0;0;0;0;0;5;1;0;0;0;0;1;0;22;11;9;0;2;11;3;21;1;0;0;18;2;0;0;0;0;0;2;1;2;0;0;0;2;1;2;0;0;0;0;0;1;0;0;0;0;0;0;0;0;0;0;0;1;0;0;0;20;3;3;0;3;0;4;1;0;4;0;0;0;0;0;0;0;0;0;2;33;0;0;0;2;0;0;1;2;0;0;0;2;0;0;0;0;0;0;0;0;0;0;0;0;0;0;0
7;"Świetlica wiejska w Dłusku Gryfińskim, Dłusko Gryfińskie 21A, 74-110 Banie";320601;"gm. Banie";"gryfiński";"zachodniopomorskie";1;1;0;0;0;0;0;0;0;0;0;0;0;0;0;0;0;0;0;0;0;0;0;0;0;0;11;2;0;6;0;0;0;1;0;1;0;0;0;0;1;0;0;0;2;1;0;0;0;0;6;0;0;0;0;2;0;0;0;0;0;0;0;0;1;0;0;0;0;0;0;0;0;0;24;15;4;4;1;2;4;8;0;1;1;12;0;0;0;0;0;0;0;0;1;1;0;0;1;1;1;0;0;0;0;0;1;0;0;0;0;0;0;0;0;0;0;0;0;0;0;0;13;1;0;0;0;2;2;0;1;3;0;0;0;0;0;0;0;0;0;0;12;1;0;0;0;0;0;0;0;0;0;0;1;0;0;0;0;0;1;0;0;0;0;0;0;0;0;0
1;"Zespół Szkolno-Przedszkolny w Cedyni, ul. Mieszka I 21, 74-520 Cedynia";320602;"gm. Cedynia";"gryfiński";"zachodniopomorskie";1;1;2;2;0;2;1;0;1;1;3;0;1;0;1;0;3;0;0;0;0;0;0;0;0;1;26;8;12;8;8;0;1;2;4;0;0;1;5;4;0;0;0;0;3;9;2;0;2;2;12;11;2;1;3;0;7;0;1;2;0;2;0;2;1;0;2;0;1;1;1;1;1;4;79;16;8;5;21;24;10;9;0;5;1;25;0;1;0;1;1;3;2;0;0;0;0;2;11;4;2;8;0;3;1;0;4;1;1;2;1;0;0;0;1;0;1;0;0;2;0;1;185;45;12;5;1;5;18;9;1;6;0;0;1;7;1;0;7;0;1;1;21;0;0;5;10;1;2;0;0;0;0;0;1;0;0;0;1;0;0;0;1;0;0;0;0;0;1;0
2;"Zespół Szkolno-Przedszkolny, ul. Mieszka I 21, 74-520 Cedynia";320602;"gm. Cedynia";"gryfiński";"zachodniopomorskie";1;1;4;0;3;2;1;1;0;1;1;0;0;1;0;0;1;0;0;1;0;1;0;0;2;2;35;4;4;11;6;0;0;2;7;3;1;2;2;2;0;1;2;0;2;11;0;0;2;0;15;5;3;1;3;1;5;0;0;2;0;1;1;0;1;0;0;0;1;1;0;0;0;3;91;7;4;11;47;33;9;16;0;3;1;59;1;0;0;1;1;5;3;2;2;0;1;0;21;7;3;8;0;1;0;0;1;0;1;1;0;0;0;0;0;0;1;1;0;1;1;0;142;50;21;5;3;4;11;9;1;7;0;0;2;1;1;0;7;3;1;4;14;0;1;4;1;2;0;0;0;0;0;0;1;1;0;1;2;0;0;0;1;0;0;0;0;0;0;1
3;"Szkoła Podstawowa, Piasek 63B, 74-520 Cedynia";320602;"gm. Cedynia";"gryfiński";"zachodniopomorskie";1;1;0;0;0;0;0;1;0;0;0;1;0;1;0;0;0;0;0;0;0;0;0;0;0;0;7;3;3;6;1;0;0;0;0;0;0;2;0;2;1;1;0;0;1;1;0;0;0;0;10;3;0;1;1;0;2;0;0;2;0;0;0;0;0;0;0;0;0;2;3;0;1;2;29;3;4;1;18;22;4;5;1;1;1;12;0;0;0;0;1;0;0;0;1;0;0;0;6;4;0;3;1;0;0;0;0;0;0;0;0;1;0;0;2;1;0;0;0;0;0;0;71;13;12;2;0;4;3;0;0;3;2;0;0;2;1;0;2;0;0;0;6;0;1;0;2;0;0;0;0;0;0;0;0;0;0;0;0;0;0;0;0;0;0;0;0;0;0;0
1;"Internat Zespołu Szkół Ponadpodstawowych, ul. Żółkiewskiego 5, 74-500 Chojna";320603;"gm. Chojna";"gryfiński";"zachodniopomorskie";1;1;2;1;2;1;0;0;2;0;0;0;0;0;0;0;0;0;0;0;1;0;2;0;2;3;37;10;17;7;11;2;2;1;9;1;3;1;4;2;2;2;2;0;4;7;1;0;0;1;23;16;9;1;4;3;17;1;2;1;3;0;0;1;0;0;2;0;1;0;0;2;1;4;87;16;6;3;35;15;2;12;0;2;1;105;0;0;0;0;3;0;1;2;1;0;1;1;31;8;6;3;0;0;1;1;3;0;0;0;1;0;2;1;2;1;1;0;0;0;1;0;184;52;15;7;0;4;25;9;2;13;1;0;1;0;0;1;16;1;2;2;26;0;2;1;10;0;0;3;4;0;0;6;0;1;0;2;0;1;0;0;0;0;0;0;0;1;0;1
2;"Centrum Kultury (Biblioteka), pl. Konstytucji 3 Maja 1, 74-500 Chojna";320603;"gm. Chojna";"gryfiński";"zachodniopomorskie";1;1;0;2;0;0;0;2;1;0;0;0;0;0;0;0;1;0;0;0;1;0;1;0;0;0;32;6;16;7;8;1;2;5;0;0;1;0;0;5;0;0;1;2;5;6;1;0;0;0;21;8;3;1;5;1;35;3;1;0;4;2;2;0;0;0;4;0;1;0;1;1;3;2;118;17;7;8;27;13;3;26;0;0;2;108;3;2;2;0;0;1;1;0;2;0;0;1;14;2;3;7;2;1;0;0;0;3;2;1;0;1;0;0;1;0;0;0;1;1;0;5;163;28;10;2;1;3;33;13;2;10;0;0;0;0;1;0;12;1;0;1;24;0;1;3;7;1;0;0;0;1;0;5;1;3;0;0;2;0;0;0;1;0;0;0;0;0;0;0
3;"Szkoła Podstawowa Nr 1, ul. Szkolna 15, 74-500 Chojna";320603;"gm. Chojna";"gryfiński";"zachodniopomorskie";1;1;2;2;2;0;0;0;0;1;0;0;1;1;0;0;0;0;1;0;1;0;0;0;0;0;26;9;12;5;3;0;2;1;4;5;4;1;1;1;0;2;0;0;4;5;1;0;2;0;35;8;3;3;6;4;20;1;1;0;1;0;3;0;0;1;0;0;0;0;2;2;5;1;68;10;8;4;24;15;4;23;2;2;0;103;1;0;1;2;1;1;1;2;1;0;1;3;15;15;4;0;1;1;2;0;2;0;1;2;0;1;2;1;2;1;0;1;2;0;0;1;196;32;22;3;1;9;11;6;2;17;0;2;0;3;1;0;23;0;4;2;42;0;3;0;6;2;0;1;0;1;0;2;0;0;0;1;5;1;0;0;0;0;0;0;0;0;0;0
4;"Szkoła Podstawowa Nr 2, ul. Żwirki i Wigury 10, 74-500 Chojna";320603;"gm. Chojna";"gryfiński";"zachodniopomorskie";1;1;4;1;0;0;0;1;1;0;0;0;1;2;1;0;0;0;0;0;1;2;0;1;1;1;63;7;13;14;9;2;5;1;9;2;1;5;0;3;0;1;4;1;8;4;5;0;0;1;26;11;2;3;8;2;21;1;5;0;4;1;3;0;0;0;2;0;2;0;4;0;3;2;55;9;11;12;16;16;6;6;1;0;1;97;0;0;1;0;2;0;0;0;1;1;0;1;34;6;8;2;2;1;2;1;2;2;0;1;0;1;0;1;6;0;0;1;0;0;0;2;157;49;38;2;1;5;46;5;3;19;0;2;0;0;0;0;24;1;1;4;38;1;1;1;5;1;1;0;1;1;1;2;0;0;0;0;0;0;0;0;0;0;0;0;0;1;1;0
5;"Świetlica Wiejska w Mętnie, Mętno 59, 74-500 Chojna";320603;"gm. Chojna";"gryfiński";"zachodniopomorskie";1;1;1;2;1;0;0;0;1;0;0;0;0;0;1;0;0;0;0;0;0;0;0;0;0;0;7;1;4;1;1;2;0;0;0;0;1;1;0;0;0;0;0;0;1;0;0;0;0;0;2;0;0;2;1;1;5;0;0;0;0;0;0;0;0;0;0;0;0;0;0;0;1;0;12;0;1;1;8;4;1;2;0;0;0;34;0;0;0;0;0;0;1;0;0;0;0;2;6;2;1;0;1;0;0;0;0;1;0;0;0;0;0;0;1;0;0;0;0;0;0;0;35;4;4;0;1;0;10;1;0;3;0;0;0;0;0;0;10;0;0;0;4;0;0;2;0;0;0;0;0;0;0;0;0;0;0;0;1;0;0;0;0;0;0;0;0;0;0;0
6;"Szkoła Podstawowa, Krzymów 29, 74-500 Chojna";320603;"gm. Chojna";"gryfiński";"zachodniopomorskie";1;1;0;0;1;0;0;0;3;0;0;1;0;0;0;0;0;0;1;0;0;0;1;1;0;1;20;6;8;7;4;2;1;0;1;0;1;2;0;4;0;0;0;0;2;4;2;0;0;0;16;7;0;1;3;0;13;0;0;1;0;1;1;0;0;0;0;0;0;0;0;1;3;0;47;6;7;5;14;14;3;3;0;0;3;130;1;1;2;2;0;1;0;0;0;1;0;1;13;3;5;2;2;2;1;0;3;1;0;0;0;0;0;0;1;2;0;0;0;1;1;0;68;14;11;2;0;0;14;2;0;8;0;0;0;0;2;2;9;0;1;0;24;0;0;0;2;1;1;0;1;2;0;0;0;0;0;0;1;0;0;0;0;0;1;0;0;0;0;0
7;"Szkoła Podstawowa, Grzybno 23, 74-500 Chojna";320603;"gm. Chojna";"gryfiński";"zachodniopomorskie";1;1;1;2;1;0;0;1;0;0;0;0;0;0;0;0;0;1;0;0;0;0;0;0;0;0;31;5;4;11;6;1;1;6;7;1;1;0;1;1;0;1;0;0;1;4;3;0;0;1;5;2;3;0;6;2;16;0;2;0;1;3;0;0;0;0;0;1;1;0;1;0;2;0;93;15;1;19;13;22;6;6;0;3;1;75;4;3;2;1;0;0;3;0;1;0;3;2;11;4;5;0;0;0;0;0;0;1;0;0;0;0;0;0;1;0;0;0;1;0;0;1;57;16;8;3;0;5;13;0;2;8;0;0;0;0;0;0;7;0;0;2;11;0;0;0;1;1;0;0;1;0;1;0;0;0;0;1;0;0;0;0;0;0;0;0;0;0;0;0
8;"Szkoła Podstawowa, Nawodna 93, 74-500 Chojna";320603;"gm. Chojna";"gryfiński";"zachodniopomorskie";1;1;4;4;1;0;1;1;0;2;0;0;0;0;1;0;1;0;0;0;0;0;0;0;1;0;20;3;5;10;2;1;4;0;4;1;2;4;2;4;0;0;1;3;5;1;0;0;0;1;7;4;0;1;7;1;13;1;1;0;2;0;0;2;0;1;4;0;2;0;0;0;1;3;83;7;13;7;21;22;7;26;0;2;2;133;1;5;3;1;1;0;0;3;1;1;0;3;20;3;0;11;1;0;1;0;3;0;0;0;0;0;1;0;0;0;0;0;1;0;0;1;59;13;5;0;2;4;16;7;2;11;0;0;2;0;2;0;4;0;0;1;17;0;1;0;1;2;0;0;0;0;0;0;1;0;0;1;0;0;0;0;0;0;0;1;0;0;0;0
9;"Budynek byłej Szkoły Podstawowej, Godków 33, 74-500 Chojna";320603;"gm. Chojna";"gryfiński";"zachodniopomorskie";1;1;0;0;0;0;0;0;0;0;0;0;0;0;0;0;0;0;0;0;0;1;0;0;0;0;13;7;5;2;3;2;0;1;1;2;0;0;2;1;1;2;0;0;2;1;0;0;0;0;15;7;2;0;2;0;11;1;0;0;1;0;1;0;0;0;3;0;0;0;0;0;0;0;16;1;5;2;1;7;1;4;0;0;1;88;0;0;1;0;0;0;0;0;0;0;0;2;11;1;3;5;1;0;1;2;1;1;0;0;1;0;0;0;0;1;0;0;0;0;0;0;67;13;7;1;1;2;11;4;0;4;1;2;0;1;0;0;5;1;0;2;10;3;1;1;4;0;0;1;0;1;0;0;0;0;0;0;0;0;0;0;0;0;0;0;0;0;0;1
10;"Świetlica Wiejska, Czartoryja 18B, 74-500 Chojna";320603;"gm. Chojna";"gryfiński";"zachodniopomorskie";1;1;1;0;0;0;1;0;0;0;1;0;0;0;0;0;0;0;0;0;0;0;0;0;0;1;5;0;1;4;2;2;0;0;1;0;0;0;1;0;0;0;0;0;1;2;0;0;0;0;4;0;0;0;0;0;0;1;0;0;0;0;0;0;0;0;2;1;0;0;1;0;0;0;12;2;1;0;4;4;0;3;0;1;0;155;0;0;0;0;0;0;0;0;0;0;0;0;8;2;2;4;0;1;1;0;0;0;0;0;0;0;0;0;0;0;0;0;0;0;0;0;37;6;1;1;0;2;7;5;1;4;0;0;1;0;0;0;3;0;0;3;3;0;0;1;2;0;0;0;0;1;0;0;0;0;0;0;0;0;0;0;0;0;0;1;0;0;0;0
1;"Gryfiński Dom Kultury w Gryfinie, ul. Szczecińska 17, 74-100 Gryfino";320604;"gm. Gryfino";"gryfiński";"zachodniopomorskie";1;1;3;2;0;0;0;0;1;0;0;1;0;0;0;0;0;0;0;0;0;0;0;0;0;0;27;15;8;9;10;2;0;1;3;0;0;0;0;4;0;1;1;0;5;5;2;0;0;0;7;20;2;2;6;1;24;0;2;0;1;1;4;1;0;0;2;0;0;1;0;1;0;2;53;7;40;2;12;32;2;94;0;0;0;2;1;0;7;0;2;1;0;0;4;2;0;4;19;9;4;13;0;1;2;1;3;0;1;0;1;0;0;0;1;2;0;1;2;0;1;1;101;25;19;2;4;1;22;5;0;119;1;0;0;1;2;1;0;0;1;3;9;0;0;0;3;0;1;1;0;0;0;0;0;0;0;0;0;0;0;0;1;0;0;0;1;0;0;0
2;"Przedszkole nr 2 im. Misia Uszatka w Gryfinie, ul. Bolesława Krzywoustego 5, 74-100 Gryfino";320604;"gm. Gryfino";"gryfiński";"zachodniopomorskie";1;1;4;0;1;1;0;1;3;0;1;1;0;0;0;0;0;0;1;0;0;0;0;0;1;2;25;10;6;6;6;3;0;0;8;1;0;3;2;1;2;3;3;0;3;4;1;0;0;0;13;11;2;3;1;0;22;0;4;2;1;1;1;1;1;0;5;0;0;0;0;0;3;0;40;11;49;9;16;22;6;102;1;2;0;5;2;2;6;0;2;1;1;1;1;1;0;2;22;0;7;1;5;0;1;0;1;1;0;0;2;1;1;2;1;1;1;1;1;0;2;1;150;37;27;2;1;4;25;5;2;130;0;1;0;2;0;1;0;0;1;2;3;1;1;1;4;1;1;0;0;1;0;0;0;0;0;0;1;0;1;1;6;0;1;0;0;0;0;1
3;"Przedszkole nr 4 im. Pszczółki Mai w Gryfinie, ul. Tadeusza Kościuszki 17, 74-100 Gryfino";320604;"gm. Gryfino";"gryfiński";"zachodniopomorskie";1;1;5;1;0;0;0;0;0;0;0;0;0;0;0;0;1;1;0;0;1;0;1;0;0;3;15;3;12;1;1;1;2;2;3;1;0;1;2;0;1;2;0;0;1;2;0;0;0;0;26;17;1;0;8;0;27;1;0;1;3;0;1;1;0;0;1;0;2;0;2;0;2;3;54;14;65;8;20;36;7;106;0;0;1;3;1;0;3;0;1;0;0;1;2;0;0;4;17;4;7;2;1;1;1;0;0;0;1;1;1;0;1;0;0;0;1;1;0;0;0;0;167;43;20;3;1;0;15;6;1;133;1;3;0;0;1;0;1;0;0;4;10;0;0;1;10;0;0;0;1;0;2;0;0;0;1;1;1;1;1;0;6;0;0;0;0;0;1;0
4;"I Liceum Ogólnokształcące im. Aleksandra Omieczyńskiego w Gryfinie, ul. Niepodległości 16, 74-100 Gryfino";320604;"gm. Gryfino";"gryfiński";"zachodniopomorskie";1;1;4;1;0;5;0;0;0;0;0;0;0;0;0;1;1;0;0;0;0;2;0;0;0;1;25;6;3;6;4;1;3;0;6;3;3;1;1;1;1;0;1;0;3;7;2;0;0;1;18;12;3;3;5;0;33;2;1;0;2;1;0;0;0;0;7;0;1;2;0;4;2;4;66;2;57;10;14;22;5;102;0;1;1;3;0;0;5;0;2;0;0;0;1;0;2;5;18;5;0;5;2;0;0;0;3;1;6;0;0;0;0;0;1;0;0;0;1;0;1;0;151;50;11;2;1;3;20;4;1;87;1;1;0;0;1;1;2;0;0;6;9;1;2;0;1;1;0;0;0;0;0;0;0;0;1;1;1;0;0;0;3;2;0;0;0;0;0;0
5;"Szkoła Podstawowa Nr 1 z Oddziałami Integracyjnymi im. Marii Dąbrowskiej w Gryfinie, ul. Łużycka 22, 74-100 Gryfino";320604;"gm. Gryfino";"gryfiński";"zachodniopomorskie";1;1;6;1;2;1;1;1;6;0;0;0;0;0;0;0;1;1;0;0;0;0;0;0;0;0;40;13;11;14;6;1;0;2;5;3;0;2;2;1;0;1;5;0;3;7;1;0;0;0;25;18;4;6;1;0;20;2;2;3;0;0;3;0;0;0;2;0;2;3;0;2;3;1;53;2;32;4;17;31;5;102;1;1;0;5;0;0;8;1;0;0;1;0;2;1;0;3;22;9;2;5;1;0;1;1;2;2;0;0;0;0;0;0;0;0;3;0;0;2;1;4;122;62;20;3;0;3;25;2;1;135;0;0;0;1;1;1;0;0;0;6;9;0;1;0;4;2;1;1;0;0;0;0;0;1;0;0;0;0;0;0;1;0;1;0;0;1;0;0
6;"Zespół Szkół Ponadpodstawowych w Gryfinie, ul. Łużycka 91, 74-100 Gryfino";320604;"gm. Gryfino";"gryfiński";"zachodniopomorskie";1;1;5;0;3;3;0;0;2;0;0;0;0;1;0;0;1;0;0;0;0;1;1;0;2;0;27;5;8;10;6;0;1;1;3;4;0;2;0;2;0;0;0;1;6;3;3;0;0;2;17;11;4;1;2;1;13;1;2;3;1;0;0;0;0;0;0;0;1;5;1;1;3;3;38;3;35;7;18;21;0;84;0;0;0;3;2;1;5;0;0;4;1;0;1;0;0;1;32;8;7;4;1;0;1;0;0;0;1;1;0;1;0;0;1;1;0;0;0;0;1;2;108;30;19;1;1;1;19;5;1;107;1;0;0;0;0;1;0;0;0;2;8;0;0;2;6;0;0;0;0;0;0;1;0;1;0;2;0;0;0;0;1;0;0;0;0;0;1;0
7;"Przedszkole nr 5 im. Calineczki w Gryfinie, ul. Stefana Żeromskiego 12, 74-101 Gryfino";320604;"gm. Gryfino";"gryfiński";"zachodniopomorskie";1;1;2;2;2;1;0;0;0;0;1;1;0;0;0;0;0;0;1;0;0;0;1;0;0;1;50;14;13;16;11;1;1;2;3;3;2;1;3;3;0;0;1;1;4;5;1;0;0;4;14;18;4;2;4;0;22;2;4;1;0;0;2;0;0;0;0;1;1;0;2;1;2;3;63;9;45;3;23;25;1;111;2;1;0;2;0;0;9;0;0;0;3;1;2;0;0;3;19;8;12;7;0;2;4;0;0;0;5;0;1;0;2;0;2;0;0;0;0;1;2;1;188;53;34;4;3;1;18;5;3;189;0;0;1;1;1;3;1;0;2;0;3;2;3;3;4;1;3;1;1;1;2;0;1;0;0;2;1;0;0;0;4;0;0;0;0;0;0;0
8;"Przedszkole nr 3 im. Kubusia Puchatka w Gryfinie, ul. Zygmunta Krasińskiego 29, 74-101 Gryfino";320604;"gm. Gryfino";"gryfiński";"zachodniopomorskie";1;1;2;1;0;0;0;0;1;1;0;0;0;0;1;1;0;0;0;0;0;0;0;0;1;1;20;3;8;8;1;0;1;0;2;3;0;0;3;2;0;0;1;0;2;0;0;0;1;0;11;10;1;2;7;0;17;0;2;0;0;0;0;0;0;0;1;0;1;2;2;0;1;3;48;9;32;7;19;27;9;93;0;1;1;6;1;2;6;0;1;0;1;0;1;0;2;4;18;8;6;3;0;0;0;1;0;2;0;0;0;0;0;0;0;2;0;0;1;0;0;0;92;19;10;1;3;1;16;1;3;128;0;0;1;0;0;2;0;0;2;1;6;0;2;4;0;0;2;0;0;1;0;1;0;0;1;0;1;0;0;0;4;0;0;0;0;0;0;0
9;"Szkoła Podstawowa nr 3 w Gryfinie im. Noblistów Polskich, ul. Jarosława Iwaszkiewicza 70, 74-101 Gryfino";320604;"gm. Gryfino";"gryfiński";"zachodniopomorskie";1;1;7;1;2;1;1;0;1;0;1;0;1;1;0;0;0;0;1;0;1;0;0;1;0;2;41;17;11;13;8;0;1;1;6;3;0;2;0;2;0;1;2;1;2;3;1;2;0;3;22;17;0;3;7;0;23;1;2;3;1;1;1;1;1;0;0;0;3;0;0;1;4;2;65;12;60;6;27;33;9;108;1;0;0;8;1;1;2;0;0;0;0;0;3;0;2;5;47;11;4;7;2;0;5;0;2;0;1;0;1;2;1;0;0;0;1;0;1;1;0;2;144;61;29;3;1;5;24;1;5;175;1;0;1;0;1;0;1;0;1;3;13;1;0;3;5;0;0;0;1;0;0;0;0;1;1;0;0;1;0;0;0;0;0;0;0;0;0;0
10;"Biblioteka Publiczna Filia Górny Taras, ul. Zygmunta Krasińskiego 87a, 74-101 Gryfino";320604;"gm. Gryfino";"gryfiński";"zachodniopomorskie";1;1;5;0;1;2;0;1;0;1;0;2;0;0;0;0;0;2;0;0;0;0;0;0;3;0;26;5;3;13;8;0;1;1;1;2;4;3;3;2;1;3;0;0;2;4;1;1;0;1;15;22;1;2;5;0;17;1;1;2;1;1;3;0;2;0;0;0;0;0;0;0;0;6;70;9;39;8;17;27;3;104;0;0;2;0;0;1;0;0;0;0;1;0;1;0;5;4;18;6;8;3;0;0;2;1;1;1;6;1;0;1;0;0;1;5;0;0;0;0;2;1;115;41;25;2;3;2;18;3;2;102;1;0;0;0;0;2;0;0;3;3;4;0;1;0;4;0;3;0;1;0;0;1;0;0;0;0;0;0;0;0;0;0;0;0;0;0;0;1
11;"Szkoła Podstawowa nr 2 im. kpt. ż. w. Mamerta Stankiewicza w Gryfinie, ul. 9 Maja 4, 74-101 Gryfino";320604;"gm. Gryfino";"gryfiński";"zachodniopomorskie";1;1;3;2;0;0;0;0;2;1;0;0;0;0;1;1;0;0;0;0;1;0;0;1;3;0;40;22;5;11;8;1;1;1;5;3;1;0;0;1;0;0;1;0;0;4;1;0;0;0;38;23;1;1;5;0;45;0;2;0;2;2;2;2;0;1;6;0;3;0;1;3;1;3;76;23;47;17;30;55;10;142;1;0;1;1;1;0;4;0;1;1;2;2;0;0;1;2;26;8;7;3;2;0;1;0;2;0;3;0;0;1;0;1;1;3;0;0;1;2;1;2;186;38;22;2;5;2;38;2;2;160;0;1;2;0;0;0;3;1;0;6;11;0;3;1;5;0;0;0;1;1;1;0;1;0;0;1;4;0;0;0;1;1;0;0;0;0;0;0
12;"Przedszkole nr 1 im. Krasnala Hałabały w Gryfinie, ul. Wojska Polskiego 11, 74-101 Gryfino";320604;"gm. Gryfino";"gryfiński";"zachodniopomorskie";1;1;2;1;0;0;0;1;0;0;1;2;0;0;0;0;0;0;1;0;0;0;2;0;0;2;28;13;6;9;8;1;1;1;3;1;0;2;4;2;0;0;2;0;3;0;2;0;3;0;15;17;9;2;6;0;12;1;1;0;2;0;3;0;0;0;0;0;1;0;2;0;0;0;54;7;29;5;14;28;2;76;1;0;1;1;0;0;7;1;2;2;0;0;0;0;1;1;22;6;7;5;0;3;1;0;0;2;2;0;0;0;0;0;2;0;0;0;0;0;0;0;102;32;19;1;0;1;20;3;1;115;0;0;0;0;0;0;1;1;1;2;6;0;6;2;1;0;2;2;0;0;0;0;1;0;0;0;2;0;0;0;14;1;0;0;0;0;0;0
13;"Świetlica Wiejska w Czepinie, Czepino ul. Gryfińska 46, 74-100 Gryfino";320604;"gm. Gryfino";"gryfiński";"zachodniopomorskie";1;1;0;1;0;0;0;0;0;0;0;0;0;0;1;0;0;0;0;0;0;0;0;0;0;0;17;1;0;5;3;0;0;0;0;0;1;0;0;0;0;0;0;0;0;2;1;0;0;0;5;2;0;0;2;0;8;0;1;2;1;0;0;0;0;0;0;0;0;0;0;3;0;0;13;0;24;0;6;8;1;45;0;1;0;0;0;0;0;0;1;0;0;0;2;0;0;4;5;1;3;4;0;0;2;0;2;1;2;0;0;1;0;0;1;0;0;1;1;0;0;0;40;8;10;0;0;1;11;1;1;16;0;0;1;1;0;3;1;0;0;2;2;0;1;2;1;0;0;0;0;0;0;0;2;0;0;0;1;0;0;0;1;0;0;0;0;0;0;0
14;"Szkoła Podstawowa im. Małych Zesłańców Sybiru w Radziszewie, Radziszewo ul. Szczecińska 54, 74-100 Gryfino";320604;"gm. Gryfino";"gryfiński";"zachodniopomorskie";1;1;3;1;1;1;0;0;2;0;2;0;0;0;0;0;0;0;0;0;0;0;1;0;0;1;21;3;2;9;6;0;0;0;4;1;1;0;0;1;0;2;0;1;2;8;1;0;0;1;16;13;0;0;4;1;15;0;2;0;0;1;1;1;0;0;0;0;1;1;2;0;1;2;41;11;55;6;16;11;12;57;2;0;2;2;1;0;5;0;0;0;0;2;2;0;0;3;25;11;10;2;1;1;0;0;1;2;13;0;0;0;1;1;0;0;1;0;0;0;0;1;103;22;35;4;2;2;12;0;8;50;0;0;1;0;0;1;0;0;1;7;6;0;2;1;4;0;0;0;3;0;0;0;0;0;0;0;1;1;0;0;0;0;0;1;0;0;0;0
15;"Szkoła Podstawowa im. Bohaterów Westerplatte w Gardnie, Gardno ul. Niepodległości 1, 74-100 Gryfino";320604;"gm. Gryfino";"gryfiński";"zachodniopomorskie";1;1;1;1;0;1;0;1;2;1;0;1;0;2;0;0;0;0;0;0;0;0;0;0;0;0;10;5;1;6;5;0;0;1;3;1;0;0;1;2;0;0;0;1;1;1;0;0;2;1;16;2;2;1;1;0;2;2;2;1;0;0;1;0;0;0;0;1;0;0;0;0;0;4;24;9;111;6;9;10;4;41;0;1;0;0;0;0;1;0;1;0;0;3;1;0;0;0;7;3;2;3;1;1;0;0;1;0;0;1;0;0;0;1;0;0;1;1;0;0;0;0;52;19;7;1;3;5;5;1;2;35;1;0;0;0;0;1;0;0;0;6;2;0;2;1;0;0;0;1;0;0;0;0;0;1;0;0;0;0;0;0;0;0;0;0;0;0;0;0
16;"Świelica Wiejska w Dołgich, Dołgie 12a, 74-100 Gryfino";320604;"gm. Gryfino";"gryfiński";"zachodniopomorskie";1;1;0;0;0;0;0;0;0;0;0;0;0;1;0;0;0;0;0;0;0;0;0;0;0;0;0;0;0;0;0;0;0;0;0;0;0;0;0;0;0;0;0;0;0;0;0;0;0;0;1;2;0;0;0;1;5;0;1;0;0;0;0;0;0;0;0;0;0;0;0;1;0;1;2;1;12;0;2;6;1;47;0;0;0;1;0;1;0;0;0;0;0;0;0;0;0;0;5;0;1;1;0;0;0;0;0;1;0;0;0;0;0;0;0;0;0;0;0;0;0;0;12;3;0;0;0;0;3;1;0;4;0;0;0;0;0;0;0;0;0;0;0;0;0;0;1;0;0;0;0;0;0;0;0;0;0;0;1;1;0;0;0;0;0;0;0;0;0;0
17;"Szkoła Podstawowa im. Jana Pawła II w Chwarstnicy, Chwarstnica ul. Gryfińska 19, 74-100 Gryfino";320604;"gm. Gryfino";"gryfiński";"zachodniopomorskie";1;1;1;0;0;0;0;0;1;0;0;0;0;0;0;0;0;0;0;0;0;0;0;0;0;0;13;2;5;7;3;1;1;2;3;1;0;1;4;1;0;0;0;0;0;1;1;1;0;0;2;5;0;0;3;0;8;0;1;0;0;1;0;1;0;0;0;0;0;0;0;0;1;0;10;0;13;1;8;17;4;48;1;0;0;0;0;0;1;0;0;0;0;0;1;0;1;1;9;2;1;0;0;1;0;1;1;1;3;0;0;0;1;0;1;0;0;0;0;0;0;0;42;20;4;1;1;0;11;3;0;28;0;0;0;0;0;0;0;1;0;1;0;2;0;0;1;0;0;0;0;0;0;0;0;1;0;0;0;0;0;0;0;1;0;0;0;0;0;0
18;"Świetlica Wiejska w Wełtyniu, Wełtyń ul. Niepodległości 18, 74-100 Gryfino";320604;"gm. Gryfino";"gryfiński";"zachodniopomorskie";1;1;2;1;0;0;0;0;0;1;0;0;0;0;0;1;0;0;0;1;0;0;0;0;1;0;17;6;5;1;3;0;1;0;1;0;0;0;0;0;0;0;0;0;3;2;0;0;2;0;9;6;3;0;0;1;2;0;2;0;0;0;1;0;0;0;1;0;0;1;0;1;2;0;22;2;25;7;13;14;1;63;0;0;0;1;0;0;0;0;0;0;0;0;0;0;0;2;8;5;0;3;0;0;0;2;0;0;0;0;1;0;0;0;1;0;1;0;0;0;0;0;39;31;6;5;0;0;5;0;0;74;1;0;1;0;0;3;1;0;2;1;3;1;0;2;2;2;0;0;0;0;0;0;1;1;0;0;0;0;0;1;0;0;0;0;0;0;0;0
19;"Świetlica Wiejska w Nowym Czarnowie, Nowe Czarnowo 10A, 74-105 Nowe Czarnowo";320604;"gm. Gryfino";"gryfiński";"zachodniopomorskie";1;1;3;1;2;1;0;0;1;0;0;0;0;0;0;0;0;0;0;0;0;0;0;0;1;0;18;2;3;3;5;1;0;2;2;0;1;0;1;3;0;1;0;0;2;0;0;0;0;1;7;5;1;4;1;0;18;0;2;1;0;0;0;0;0;0;0;0;1;1;1;2;3;2;31;0;20;0;13;13;4;61;0;0;0;7;1;3;14;2;0;0;0;0;1;0;0;1;16;7;3;4;0;1;0;0;6;0;1;0;1;0;0;1;1;0;0;0;0;0;0;0;77;12;16;2;1;3;9;1;0;41;6;0;0;0;0;0;0;0;1;2;4;0;0;2;0;0;0;0;0;0;0;0;0;0;0;1;1;0;0;0;0;0;0;0;0;0;0;0
20;"Biblioteka Publiczna w Gryfinie Filia w Pniewie, Pniewo ul. Gryfińska 16, 74-105 Nowe Czarnowo";320604;"gm. Gryfino";"gryfiński";"zachodniopomorskie";1;1;3;1;1;0;1;0;1;0;0;0;0;0;0;0;0;2;0;0;0;1;0;0;1;3;59;17;8;20;8;0;4;2;8;2;0;3;0;2;1;1;0;0;2;7;0;0;0;0;21;12;6;4;4;1;27;1;6;2;0;3;0;1;1;0;2;0;1;0;2;2;0;0;55;5;45;5;28;32;6;110;0;0;0;3;2;1;8;1;0;0;0;2;1;1;0;3;33;11;7;11;2;0;0;1;1;1;1;0;0;1;0;0;1;0;0;0;2;0;0;2;187;47;27;2;2;2;19;4;1;171;0;3;1;0;0;7;0;0;1;5;13;0;1;2;14;3;1;0;3;0;0;0;0;0;0;0;1;0;0;1;9;2;0;0;0;0;0;0
21;"Świetlica Wiejska w Starych Brynkach, Stare Brynki 4A, 74-100 Gryfino";320604;"gm. Gryfino";"gryfiński";"zachodniopomorskie";1;1;4;1;0;0;0;0;2;0;0;0;0;0;0;1;0;0;0;0;0;0;0;1;0;1;8;1;3;2;2;0;0;0;0;2;0;0;0;0;0;0;0;0;0;0;0;0;0;1;7;2;0;0;3;0;1;0;3;1;1;1;0;0;0;0;0;0;0;0;0;0;1;0;16;1;13;1;2;7;0;35;0;0;0;0;0;0;1;0;0;0;0;0;1;0;0;2;6;2;2;4;0;0;1;1;0;1;0;0;0;0;0;0;0;0;0;0;0;0;0;0;29;5;6;0;0;2;1;0;0;18;0;0;0;0;0;0;1;0;0;1;6;0;0;0;1;0;0;0;0;0;0;0;0;1;0;0;0;0;0;0;0;0;0;0;0;0;0;0
22;"Szkoła Podstawowa im. Księcia Barnima I w Żabnicy, Żabnica ul. Długa 20, 74-100 Gryfino";320604;"gm. Gryfino";"gryfiński";"zachodniopomorskie";1;1;1;1;0;0;0;1;0;0;0;0;0;0;0;0;0;0;0;0;0;0;0;0;0;1;23;2;3;4;2;1;1;1;0;0;0;0;1;0;0;1;0;0;1;0;1;0;1;0;10;5;1;1;0;0;8;0;0;0;1;3;0;0;0;0;1;0;0;0;1;0;1;0;10;3;24;1;4;4;1;53;1;0;1;0;1;1;6;1;1;0;0;0;2;0;2;0;3;5;5;1;2;0;0;0;0;1;0;0;0;0;0;0;0;0;0;1;0;0;1;0;43;9;6;1;1;0;3;2;0;32;0;0;1;0;0;0;0;0;0;1;2;0;1;0;2;0;0;0;0;0;0;0;0;0;0;0;0;0;0;0;0;0;0;0;0;0;1;0
23;"Świetlica Wiejska w Drzeninie, Drzenin ul. 1 Maja 3, 74-100 Gryfino";320604;"gm. Gryfino";"gryfiński";"zachodniopomorskie";1;1;0;1;0;0;0;0;0;0;0;0;0;0;0;0;0;0;0;0;0;0;0;0;0;0;3;1;1;0;1;0;1;0;0;0;0;0;0;0;0;0;0;0;0;0;0;0;0;0;4;2;0;0;1;0;2;0;0;3;0;2;0;0;0;3;0;0;0;0;0;0;0;2;10;3;13;4;1;1;0;21;0;0;0;0;0;0;0;0;0;0;0;0;0;0;0;0;4;0;0;1;0;0;1;0;0;0;0;0;0;0;0;0;0;0;0;0;0;0;0;0;11;5;1;0;0;1;0;0;0;19;0;0;0;1;0;0;0;0;0;0;0;0;0;0;0;0;0;0;0;0;0;0;0;1;0;0;0;0;0;0;0;0;0;0;0;0;0;0
24;"Świetlica Wiejska w Borzymiu, Borzym 17, 74-100 Gryfino";320604;"gm. Gryfino";"gryfiński";"zachodniopomorskie";1;1;0;0;0;0;0;0;1;0;0;0;0;0;0;0;0;0;0;0;0;0;0;0;0;0;2;0;5;0;2;3;0;0;0;1;0;0;0;0;0;0;0;0;0;1;0;0;0;1;0;0;0;0;2;1;1;0;1;0;0;0;1;0;0;0;1;0;1;0;1;0;0;0;13;0;3;7;1;3;0;39;0;0;0;0;1;0;0;0;0;0;0;0;2;0;0;0;1;0;0;0;0;0;0;0;0;1;0;0;0;0;0;0;0;0;0;0;0;0;0;0;16;1;7;0;0;0;1;0;0;5;1;0;0;0;0;1;1;0;0;1;3;0;0;0;1;0;0;3;0;0;0;0;0;0;0;0;2;0;0;0;0;0;0;0;0;0;0;0
25;"Świetlica Wiejska w Sobiemyślu, Sobiemyśl 9b, 74-100 Gryfino";320604;"gm. Gryfino";"gryfiński";"zachodniopomorskie";1;1;0;1;0;0;0;1;0;0;0;0;0;0;0;0;0;0;0;0;0;0;0;0;0;0;2;0;1;2;0;0;0;0;1;0;0;0;0;0;0;0;0;0;0;1;0;0;0;0;3;1;0;0;0;0;1;0;1;0;0;1;0;0;0;0;0;0;0;0;0;0;1;0;7;1;14;2;3;3;3;22;0;0;0;1;1;0;0;0;0;0;0;0;0;0;0;1;2;4;3;2;0;0;0;0;1;0;0;0;0;0;0;0;0;0;0;0;2;0;0;1;22;3;8;0;0;2;1;0;1;18;0;1;0;0;0;0;0;0;0;1;0;0;0;0;0;0;0;0;0;0;0;0;0;0;0;1;1;0;0;0;0;0;0;0;0;0;0;0
26;"Remiza OSP w Sobieradzu, Sobieradz 50a, 74-100 Gryfino";320604;"gm. Gryfino";"gryfiński";"zachodniopomorskie";1;1;0;1;0;0;1;0;1;0;0;0;0;1;0;0;0;0;1;0;0;0;0;0;0;0;2;4;1;2;1;0;0;0;0;0;0;0;0;1;0;0;0;0;0;0;1;0;0;0;5;2;1;0;1;1;2;0;0;0;0;0;1;0;0;0;1;0;0;0;0;0;1;1;6;4;16;0;6;5;0;29;0;0;0;0;0;0;1;0;0;0;0;0;2;0;0;0;5;0;0;1;1;0;0;0;0;0;0;0;0;0;0;0;1;0;0;0;0;0;0;1;10;6;0;0;0;0;3;0;0;6;0;0;0;0;0;0;1;0;1;0;0;2;0;0;1;0;0;0;1;1;0;0;0;0;0;0;2;0;0;0;1;0;0;0;0;0;0;1
27;"Świetlica Wiejska w Wirowie, Wirów 11B, 74-100 Gryfino";320604;"gm. Gryfino";"gryfiński";"zachodniopomorskie";1;1;0;0;0;0;0;0;0;1;0;0;0;0;0;1;0;0;0;0;0;0;0;0;0;0;8;0;3;4;0;2;0;0;1;0;0;0;0;0;0;0;0;0;0;1;0;0;0;0;1;0;1;0;0;0;1;0;0;3;0;0;0;1;1;0;0;0;0;0;0;1;0;0;9;1;5;2;1;3;3;15;0;0;0;0;0;0;2;0;0;0;0;0;0;0;0;0;2;1;1;0;0;0;0;0;0;0;2;0;0;0;0;0;1;0;0;0;0;0;0;0;11;10;10;0;0;0;4;1;0;24;0;0;0;0;0;0;0;0;0;0;4;0;0;0;0;0;0;0;0;0;0;0;0;0;0;0;0;0;0;0;0;0;0;0;0;0;0;0
28;"Dom Pomocy Społecznej w Dębcach, Dębce 11, 74-100 Gryfino";320604;"gm. Gryfino";"gryfiński";"zachodniopomorskie";1;1;1;0;0;0;0;0;0;0;0;0;0;0;0;0;0;1;0;0;0;0;0;0;0;0;1;0;0;0;0;0;0;0;0;0;1;0;0;0;0;0;0;0;0;0;0;0;0;0;0;0;0;0;0;0;0;0;0;0;0;0;0;0;0;0;0;0;0;0;0;0;0;0;4;0;1;0;1;1;1;2;0;1;0;1;1;0;1;0;1;0;0;0;0;0;0;1;0;0;0;0;0;0;0;0;0;0;0;0;0;0;0;0;1;0;0;0;0;0;0;0;1;0;0;0;0;1;1;0;0;0;0;0;0;0;0;0;0;0;0;0;0;0;0;0;1;0;0;0;0;0;0;0;1;0;0;0;1;0;0;0;5;0;1;0;0;0;0;0
29;"Szpital Powiatowy w Gryfinie Sp. z. o. o., ul. Parkowa 5, 74-100 Gryfino";320604;"gm. Gryfino";"gryfiński";"zachodniopomorskie";1;1;0;0;0;0;0;0;0;0;0;0;0;0;0;0;0;0;0;0;0;0;0;0;0;0;0;0;1;0;0;0;0;0;0;0;0;0;0;0;0;0;0;0;0;0;0;0;0;0;0;0;0;0;0;0;2;0;0;0;0;0;0;0;0;0;0;0;0;0;0;0;0;0;3;0;0;0;0;1;0;1;0;0;0;1;0;0;0;0;0;0;0;1;0;0;0;0;0;0;0;0;0;0;0;0;0;0;0;0;0;0;0;0;0;0;0;0;0;0;0;0;2;0;1;0;0;0;0;0;0;2;0;0;0;0;0;0;0;0;0;0;0;0;0;0;0;0;0;0;0;0;0;0;0;0;0;0;0;0;0;0;0;0;0;0;0;0;0;0
30;"Szpital Powiatowy w Gryfinie Sp. z. o. o. Zakład Opiekuńczo-Leczniczy w Gryfinie, ul. Armii Krajowej 8, 74-100 Gryfino";320604;"gm. Gryfino";"gryfiński";"zachodniopomorskie";1;1;0;0;0;0;0;0;0;0;0;0;0;0;0;0;0;0;0;0;0;1;0;0;0;0;0;0;1;0;0;0;0;0;0;0;0;0;1;0;0;0;0;0;0;0;0;0;0;0;0;0;0;0;0;0;0;0;0;0;0;0;0;0;0;0;0;0;0;0;0;0;0;0;0;0;0;1;0;0;0;0;0;0;1;0;0;0;0;0;0;0;0;0;0;0;0;0;0;0;0;0;0;0;0;0;0;0;0;0;0;0;0;0;0;0;0;0;0;0;0;0;0;0;0;0;0;0;0;0;0;0;0;0;0;0;0;0;0;0;0;0;0;0;0;0;0;0;0;0;0;0;0;0;0;0;0;1;0;0;0;0;1;0;0;0;0;0;0;0
31;"Szpital Powiatowy w Gryfinie Sp. z o. o. Zakład Pielęgnacyjno-Opiekuńczy Psychiatryczny w Nowym Czarnowie, Nowe Czarnowo 70, 74-105 Nowe Czarnowo";320604;"gm. Gryfino";"gryfiński";"zachodniopomorskie";1;1;1;0;0;0;0;0;0;0;0;0;0;0;0;0;0;0;0;0;0;0;0;0;0;0;0;0;0;0;0;0;0;0;0;0;0;0;0;0;0;0;0;0;0;0;0;0;0;0;0;0;0;0;1;0;0;0;0;1;0;0;0;0;0;0;0;0;0;0;0;0;0;0;0;0;1;0;0;0;0;0;1;0;0;0;1;0;0;0;0;0;0;0;0;0;0;0;0;0;0;0;0;0;0;0;0;0;0;0;0;0;0;0;0;0;0;0;0;0;0;0;0;0;0;0;0;1;0;0;0;0;0;0;0;0;0;0;0;0;0;0;0;0;0;0;0;0;0;0;0;0;0;1;0;0;0;0;0;0;0;0;0;0;0;0;0;0;0;0
32;"Dom Pomocy Społecznej w Nowym Czarnowie, Nowe Czarnowo 66, 74-105 Nowe Czarnowo";320604;"gm. Gryfino";"gryfiński";"zachodniopomorskie";1;1;0;0;0;0;0;0;0;0;0;0;0;0;0;0;0;0;0;0;0;0;0;0;0;0;1;0;0;0;0;0;0;0;0;0;0;0;0;0;0;0;0;0;0;0;0;0;0;0;0;0;0;0;0;0;0;0;0;0;0;0;0;0;0;0;0;0;0;0;0;0;0;0;1;0;0;0;0;0;0;1;0;0;0;0;0;0;1;0;0;0;0;0;0;0;0;1;0;0;0;0;0;0;0;0;0;0;0;0;0;0;0;0;0;0;0;0;0;0;0;0;0;1;0;0;0;0;0;0;0;0;0;0;0;0;0;0;0;0;0;0;0;0;0;0;0;0;0;0;0;0;0;0;0;0;0;1;2;0;0;0;0;0;0;0;0;0;0;0
1;"Szkoła Podstawowa, ul. Henryka Sienkiewicza 56, 74-505 Mieszkowice";320605;"gm. Mieszkowice";"gryfiński";"zachodniopomorskie";1;1;2;0;2;1;0;4;2;0;1;1;0;0;0;0;0;1;0;0;1;0;1;0;0;0;22;6;7;5;3;0;0;2;2;0;0;0;0;1;1;1;0;1;0;42;1;0;0;1;15;8;3;0;3;3;0;0;3;0;0;2;0;0;0;0;1;0;2;2;3;0;1;1;72;16;8;12;29;33;9;16;4;2;1;52;5;3;23;1;1;0;2;5;2;3;3;5;12;5;3;3;0;5;0;0;0;0;0;0;0;0;1;0;2;0;0;2;0;0;0;0;134;31;7;7;3;2;20;3;5;10;1;1;2;0;2;1;36;0;3;2;14;0;0;2;5;0;0;0;1;0;0;1;0;0;0;0;0;0;1;0;0;0;0;0;0;0;2;0
2;"Budynek Ochotniczej Straży Pożarnej, ul. Tadeusza Kościuszki 44, 74-505 Mieszkowice";320605;"gm. Mieszkowice";"gryfiński";"zachodniopomorskie";1;1;7;0;0;0;0;1;2;0;0;0;0;2;0;1;0;1;0;0;0;4;1;0;0;0;42;3;3;9;3;1;1;1;6;2;0;1;4;1;0;1;0;0;1;65;0;1;0;3;16;11;1;2;1;3;0;2;1;0;2;2;0;2;1;1;2;0;0;0;1;0;6;0;61;7;7;7;26;26;5;14;0;3;2;50;3;2;13;0;2;0;0;0;0;0;2;0;24;7;6;1;4;0;2;0;6;1;2;0;0;0;0;0;2;4;0;0;0;1;3;3;191;46;14;3;3;4;12;5;1;13;3;9;1;0;2;2;32;2;0;5;16;1;2;3;11;1;0;0;0;0;1;1;0;0;0;0;1;0;0;1;1;0;0;0;0;0;0;0
3;"Szkoła Podstawowa, Troszyn 3, 74-505 Mieszkowice";320605;"gm. Mieszkowice";"gryfiński";"zachodniopomorskie";1;1;1;1;0;0;0;1;0;0;0;0;1;0;0;0;0;0;1;0;1;0;0;0;0;0;15;1;3;7;5;0;1;2;5;5;0;1;0;0;0;2;1;1;0;28;1;0;2;0;4;2;2;0;2;1;0;0;3;1;0;0;0;0;1;1;1;0;0;0;2;0;0;0;56;22;13;5;13;11;9;9;1;10;1;10;2;2;4;0;2;0;3;2;1;0;0;3;12;4;7;0;1;1;5;1;1;1;0;1;0;1;0;0;3;0;0;0;0;0;2;2;72;12;4;4;0;7;5;4;1;0;0;1;0;0;4;0;14;0;0;0;0;0;0;3;2;2;1;0;0;0;0;1;2;0;0;0;1;0;0;0;0;0;1;0;0;0;1;0
4;"Szkoła Podstawowa, Zielin ul. Wincentego Witosa 48, 74-505 Mieszkowice";320605;"gm. Mieszkowice";"gryfiński";"zachodniopomorskie";1;1;4;2;1;1;0;1;2;0;1;0;0;0;0;0;1;0;0;0;1;0;0;0;0;0;12;0;6;7;0;0;2;1;1;1;0;1;0;0;0;0;1;0;0;9;0;0;0;0;9;5;0;0;0;1;0;0;0;1;1;1;0;0;0;1;1;0;0;0;0;1;3;1;32;20;1;0;12;9;9;1;0;2;0;76;0;0;0;1;4;0;0;0;0;0;1;0;8;3;9;2;2;0;0;0;3;2;0;0;0;1;0;2;1;1;0;0;0;1;0;0;62;22;9;1;0;3;11;1;0;1;0;0;0;1;0;0;5;0;0;0;0;0;0;2;2;0;0;0;0;0;1;0;0;0;0;0;0;0;0;0;1;0;0;0;0;0;1;0
5;"Szkoła Podstawowa, ul. Techników 4, 74-505 Mieszkowice";320605;"gm. Mieszkowice";"gryfiński";"zachodniopomorskie";1;1;0;1;0;0;0;0;0;0;0;0;0;0;0;0;0;0;0;0;0;0;0;0;0;0;6;1;0;4;0;1;1;0;0;0;0;0;1;0;0;0;0;0;0;26;0;0;0;1;0;3;0;3;2;0;1;0;0;0;1;0;1;0;0;0;0;0;0;0;0;0;0;1;30;6;2;4;7;7;4;8;0;0;1;29;0;2;2;0;0;0;1;1;1;0;0;1;2;2;0;2;1;0;1;0;0;1;0;0;0;0;0;1;1;0;1;2;0;0;0;0;25;8;4;3;1;0;5;1;0;2;0;0;0;3;0;0;18;0;0;1;4;0;0;1;0;0;0;0;0;0;0;0;0;0;0;0;0;0;0;0;0;0;0;0;0;0;0;0
6;"Szkoła Podstawowa w Czelinie, Czelin 70, 74-505 Mieszkowice";320605;"gm. Mieszkowice";"gryfiński";"zachodniopomorskie";1;1;0;0;0;1;0;0;0;1;0;0;0;1;0;0;0;0;0;0;0;0;1;0;0;0;13;3;1;4;1;2;0;2;2;1;0;1;1;0;0;0;1;0;1;8;0;0;0;0;2;1;2;2;6;0;0;0;2;0;0;1;0;0;0;0;0;0;0;0;0;0;0;0;15;6;4;6;9;5;5;6;2;2;0;18;1;1;1;0;1;0;0;0;1;0;0;0;4;2;0;6;2;0;1;0;0;0;0;0;0;0;1;0;0;0;0;0;0;0;0;0;43;12;1;1;0;2;4;2;0;3;0;0;0;0;0;0;5;0;0;0;3;0;0;0;1;0;0;0;0;0;0;0;0;0;0;0;1;0;0;0;0;0;0;0;0;0;0;0
7;"Świetlica Wiejska w Starych Łysogórkach, Stare Łysogórki 17, 74-505 Mieszkowice";320605;"gm. Mieszkowice";"gryfiński";"zachodniopomorskie";1;1;1;0;0;0;0;0;0;0;0;0;0;0;0;0;0;0;0;0;0;0;0;0;0;0;5;0;0;0;1;0;0;0;0;0;0;1;0;0;0;0;1;0;0;5;0;0;0;0;5;4;2;1;0;2;0;0;1;0;0;1;0;0;0;0;3;0;0;0;0;0;1;0;5;1;1;1;7;7;3;3;1;0;0;9;0;1;0;0;0;0;1;1;0;0;0;0;4;1;1;3;1;0;0;0;0;0;0;0;0;0;0;0;0;0;0;0;0;0;0;0;13;5;3;0;1;1;5;1;0;2;0;0;0;0;0;0;10;0;0;0;1;0;0;0;2;1;0;0;0;0;0;0;0;1;0;0;0;0;0;2;0;0;1;0;0;0;0;0
1;"Regionalne Biuro Geoparku, ul. Plac Wolności 2, 74-503 Moryń";320606;"gm. Moryń";"gryfiński";"zachodniopomorskie";1;1;5;3;2;3;0;2;3;0;0;0;0;0;1;0;1;0;1;0;0;3;2;0;0;1;63;15;9;8;4;0;8;6;4;0;1;1;1;3;0;1;2;0;2;2;0;0;1;1;11;12;0;3;4;4;7;1;4;2;3;2;2;0;0;0;1;0;0;0;1;2;2;4;104;27;20;8;33;55;9;21;2;1;0;78;2;2;1;1;0;1;6;0;0;1;1;4;28;9;3;5;2;0;2;1;4;2;0;1;1;0;0;0;1;0;1;0;0;1;0;0;181;30;23;5;0;3;22;3;2;12;1;0;0;0;1;0;102;1;1;1;26;0;1;4;5;3;0;0;1;1;1;0;0;2;2;0;0;0;0;0;0;1;0;0;0;0;1;0
2;"Szkoła Filialna w Witnicy, Witnica ul. Moryńska 15, 74-503 Moryń";320606;"gm. Moryń";"gryfiński";"zachodniopomorskie";1;1;1;0;0;1;0;1;3;0;0;0;0;0;0;0;0;0;0;0;0;0;0;0;0;1;15;2;2;2;1;0;0;1;3;1;1;0;0;0;0;0;0;0;1;2;1;0;0;2;9;4;1;1;4;2;4;0;0;0;0;0;0;0;0;0;0;2;0;0;0;1;1;2;12;5;4;1;8;9;5;7;0;2;0;71;2;2;0;0;2;0;2;2;2;0;2;2;4;1;5;1;2;0;1;0;1;0;0;0;0;0;0;0;0;0;0;1;0;0;0;1;43;21;7;0;0;3;9;1;1;7;0;0;0;1;0;0;29;0;0;0;7;0;0;2;2;0;0;1;0;0;0;4;0;0;0;0;0;0;0;0;0;0;0;0;0;0;0;0
3;"Wiejskie Centrum Administracji, Kultury, Sportu i Rekreacji, Klępicz 7A, 74-503 Moryń";320606;"gm. Moryń";"gryfiński";"zachodniopomorskie";1;1;1;0;0;0;1;1;0;0;0;1;1;0;0;0;0;0;0;0;0;0;0;0;0;0;12;3;0;6;1;1;0;1;2;1;0;1;1;2;0;0;0;0;2;4;0;0;0;0;7;0;0;1;2;0;0;2;1;0;0;1;0;0;0;0;0;0;0;2;0;0;0;1;39;7;6;2;10;8;1;4;1;2;1;41;3;0;0;0;1;1;1;0;1;0;0;1;2;1;6;0;0;0;1;0;0;0;0;1;0;0;0;0;0;1;0;0;0;0;0;0;34;7;1;3;0;5;2;1;0;1;0;0;0;0;0;0;12;0;0;0;4;0;0;2;1;1;0;1;0;0;1;0;0;1;0;0;0;0;0;0;0;0;0;0;0;0;0;0
4;"Świetlica Wiejska w Bielinie, Bielin 27 A, 74-503 Moryń";320606;"gm. Moryń";"gryfiński";"zachodniopomorskie";1;1;0;0;2;0;0;1;2;0;0;0;1;0;1;0;0;0;0;0;0;0;0;0;0;0;12;3;5;3;0;0;1;2;3;1;0;0;2;1;0;1;2;0;0;6;0;1;1;1;4;1;0;1;0;0;0;0;0;0;0;0;0;0;1;0;0;0;0;0;1;0;1;1;26;6;5;3;1;11;4;5;2;1;1;24;1;1;0;0;0;0;0;0;0;0;1;1;9;2;0;1;0;0;1;0;2;0;0;0;0;1;0;0;0;0;0;0;0;0;0;1;25;3;1;1;0;0;3;2;1;0;0;0;1;0;0;0;16;0;0;0;4;0;0;0;4;1;0;0;0;0;0;0;0;0;0;0;0;0;1;0;0;0;0;0;0;0;0;0
5;"Dom Pomocy Społecznej, ul. Rynkowa 27, 74-503 Moryń";320606;"gm. Moryń";"gryfiński";"zachodniopomorskie";1;1;0;0;0;0;0;0;0;0;0;0;0;0;0;0;0;0;0;0;0;0;0;0;0;0;0;0;0;0;0;0;0;0;0;0;0;0;1;0;0;0;0;0;0;0;0;0;0;0;0;0;0;0;0;0;0;0;0;1;0;0;0;0;0;0;0;0;0;0;0;0;0;0;4;1;0;2;10;0;0;15;0;0;0;1;0;0;0;0;0;0;0;0;0;0;0;0;0;0;0;0;0;0;0;0;0;0;0;0;0;0;0;0;0;0;0;0;0;0;0;0;0;0;0;0;0;0;0;0;0;0;0;0;0;0;0;0;0;0;0;0;0;0;0;0;1;0;0;0;0;0;0;0;0;0;0;0;0;0;0;0;0;0;0;0;0;0;0;0
1;"Świetlica Wiejska w Żelisławcu, ul. Niepodległości 20, 74-106 Żelisławiec";320607;"gm. Stare Czarnowo";"gryfiński";"zachodniopomorskie";1;1;0;2;0;0;0;0;0;0;0;0;0;0;0;0;0;0;0;0;0;0;0;0;0;0;8;1;0;7;2;0;0;2;2;0;0;0;0;1;0;0;1;0;1;1;0;0;0;0;4;0;1;1;2;1;0;0;0;0;0;0;1;0;0;0;1;0;0;0;1;0;0;1;25;1;19;12;22;7;3;21;0;4;1;0;0;0;1;0;0;1;0;0;1;1;0;3;6;1;0;2;0;1;1;0;1;1;0;0;1;0;0;0;0;1;0;0;0;0;0;1;32;5;7;2;0;1;3;1;0;9;0;0;0;0;0;0;0;0;1;0;0;0;1;0;5;1;0;0;1;0;0;0;0;0;0;0;0;0;0;0;0;1;0;0;0;0;0;0
2;"Świetlica Wiejska w Starym Czarnowie, ul. Polna 1, 74-106 Stare Czarnowo";320607;"gm. Stare Czarnowo";"gryfiński";"zachodniopomorskie";1;1;3;3;0;1;0;0;0;0;0;0;0;1;1;0;1;0;0;0;0;1;1;1;0;0;24;3;6;4;4;2;0;2;0;0;0;0;3;3;0;1;0;0;1;8;2;0;3;1;8;12;3;1;4;0;0;0;1;0;0;0;0;0;0;0;2;0;0;0;1;0;0;0;34;12;15;35;52;15;10;5;1;3;3;1;0;0;0;0;0;0;0;2;0;0;0;3;13;3;4;3;0;0;0;1;1;0;0;1;1;0;0;0;0;0;0;0;0;0;2;3;46;8;12;0;2;0;6;1;0;6;1;0;0;0;0;1;0;2;4;3;0;0;0;2;2;0;0;3;0;0;1;0;0;2;0;0;0;0;0;0;0;0;0;0;0;0;0;0
3;"Sala gimnastyczna, Kołbacz ul. Anny Jagiellonki 1, 74-106 Stare Czarnowo";320607;"gm. Stare Czarnowo";"gryfiński";"zachodniopomorskie";1;1;2;2;0;0;1;0;0;0;0;1;0;0;1;1;0;2;0;0;0;0;0;1;0;2;14;11;5;9;8;1;3;1;2;1;0;0;1;2;0;1;0;0;2;2;4;0;2;1;22;16;2;3;1;0;1;0;1;0;0;0;2;1;0;0;0;0;1;0;1;0;2;2;73;36;21;57;28;15;11;4;3;15;1;0;4;3;2;0;0;0;0;4;4;0;3;9;11;7;3;6;0;2;0;1;3;1;0;0;0;1;0;0;1;2;2;0;0;0;1;0;109;24;56;8;1;2;8;5;2;5;0;0;0;2;0;0;0;0;0;4;8;0;0;6;3;0;0;0;0;0;0;0;0;0;0;0;0;0;0;0;0;0;0;0;0;0;0;0
4;"Świetlica Wiejska w Binowie, Binowo 42a, 74-106 Binowo";320607;"gm. Stare Czarnowo";"gryfiński";"zachodniopomorskie";1;1;4;2;0;1;0;0;1;0;0;0;0;0;0;0;0;0;0;0;0;0;0;0;0;0;11;6;7;5;0;0;0;0;3;0;0;0;1;0;0;0;0;0;0;0;1;0;3;0;17;2;1;1;1;0;0;0;1;0;0;0;1;1;0;0;0;0;0;0;0;0;0;0;38;4;2;2;14;7;3;2;0;3;1;6;0;1;0;0;0;1;0;0;0;0;0;2;7;0;5;1;1;0;0;0;0;0;0;0;0;0;0;1;0;0;0;0;0;0;1;0;30;18;13;1;0;1;0;0;0;8;1;0;0;0;0;0;0;0;0;2;0;0;0;0;0;0;0;0;0;0;0;0;0;0;0;0;0;0;0;0;0;0;0;0;0;0;0;0
5;"Świetlica Wiejska w Glinnej, Glinna 14a, 74-106 Glinna";320607;"gm. Stare Czarnowo";"gryfiński";"zachodniopomorskie";1;1;3;0;0;0;0;0;0;0;0;0;0;0;0;0;0;0;0;0;0;1;0;0;0;1;8;0;2;2;2;0;0;0;0;0;1;0;0;0;0;0;0;0;1;0;0;0;0;0;0;0;0;0;2;0;3;0;0;0;0;0;0;0;0;0;0;0;0;0;1;0;0;0;10;2;6;6;24;2;5;4;0;0;0;7;0;2;0;0;2;0;0;1;0;0;1;2;3;5;1;0;0;0;1;0;0;0;0;0;0;1;0;0;0;0;0;0;0;0;0;0;33;7;6;2;1;0;2;0;1;2;0;0;0;1;0;0;0;0;0;2;0;0;0;0;0;0;1;0;0;0;1;0;0;0;0;0;0;0;0;0;0;0;0;0;0;0;0;0
6;"Świetlica Wiejska w Dębinie, Dębina 14, 74-106 Dębina";320607;"gm. Stare Czarnowo";"gryfiński";"zachodniopomorskie";1;1;0;0;0;1;0;0;0;0;0;0;0;0;0;0;0;0;0;0;0;0;0;0;1;0;6;4;0;4;1;0;0;0;1;1;0;1;1;1;0;0;2;0;1;0;1;0;0;1;2;0;0;0;2;0;0;0;1;0;1;1;0;0;0;0;1;0;1;0;0;1;1;0;19;12;4;10;3;12;5;3;0;3;0;0;1;0;0;1;0;0;0;0;0;0;0;4;5;1;1;0;0;0;0;0;1;0;0;0;0;0;0;0;0;0;0;0;0;0;0;0;25;9;5;2;1;1;1;0;0;0;0;0;0;0;0;0;0;0;1;1;0;0;0;1;0;0;0;0;0;0;0;0;0;0;0;0;1;0;0;0;0;1;0;0;0;0;0;0
1;"Urząd Miejski, ul. Rynek 15, 74-510 Trzcińsko-Zdrój";320608;"gm. Trzcińsko-Zdrój";"gryfiński";"zachodniopomorskie";1;1;1;2;0;1;1;1;0;0;0;0;0;2;0;0;0;0;0;1;0;0;1;1;0;2;75;13;22;14;6;1;0;1;4;2;3;3;3;2;1;0;2;1;4;7;0;1;6;1;26;5;5;2;7;16;8;0;1;1;1;0;1;0;0;0;6;1;2;1;1;1;1;0;52;24;4;13;34;12;5;11;1;1;3;166;3;2;2;0;3;1;0;0;5;0;1;4;18;5;2;7;2;0;0;0;1;1;2;0;0;0;0;0;1;0;0;0;1;0;1;0;209;38;25;2;3;5;19;2;3;23;0;2;0;0;1;0;2;0;4;7;43;0;2;0;8;4;1;0;2;2;1;2;0;1;0;0;3;0;0;0;2;0;0;0;0;0;0;0
2;"Świetlica Wiejska w Piasecznie, Piaseczno 43A, 74-510 Trzcińsko-Zdrój";320608;"gm. Trzcińsko-Zdrój";"gryfiński";"zachodniopomorskie";1;1;0;0;0;0;1;1;0;0;0;0;0;0;0;0;0;0;0;0;0;0;0;0;0;0;24;0;4;3;0;3;0;0;0;0;0;0;1;1;0;0;0;1;2;1;0;0;0;0;3;1;0;1;0;1;0;0;0;1;1;0;0;0;0;0;1;0;0;0;0;0;0;0;20;15;3;0;3;3;2;1;0;2;1;9;1;1;0;0;1;1;0;0;0;0;0;0;6;0;1;0;1;0;1;0;1;0;0;0;0;0;1;0;2;1;1;0;0;0;0;0;33;1;3;0;0;1;5;2;0;0;0;0;0;0;0;0;1;0;0;4;0;0;0;0;0;0;0;0;0;0;0;0;0;0;0;0;0;0;0;0;0;0;0;0;0;0;0;0
3;"Hala Widowiskowo-Sportowa, ul. Cmentarna 12, 74-510 Trzcińsko-Zdrój";320608;"gm. Trzcińsko-Zdrój";"gryfiński";"zachodniopomorskie";1;1;1;3;0;1;0;0;0;0;0;0;1;0;0;0;0;1;0;0;0;0;0;1;0;0;29;0;3;3;0;0;3;0;1;0;0;1;1;1;0;0;0;0;2;0;3;1;1;1;9;1;0;0;1;4;2;0;0;0;0;0;0;0;0;0;4;0;0;0;1;0;1;0;16;8;2;0;3;0;2;3;1;2;0;118;1;1;1;0;0;0;0;0;0;0;0;0;10;4;2;7;0;0;0;0;1;0;0;0;0;1;0;0;0;0;0;1;0;0;0;0;46;17;1;0;0;0;4;1;1;7;0;0;0;1;0;0;0;0;2;0;14;0;0;0;4;0;2;0;0;0;1;0;0;0;0;0;1;0;0;0;1;1;0;0;0;0;0;0
4;"Świetlica Wiejska w Góralicach, Góralice 28/2, 74-510 Trzcińsko-Zdrój";320608;"gm. Trzcińsko-Zdrój";"gryfiński";"zachodniopomorskie";1;1;2;1;0;0;0;0;1;0;0;0;0;0;0;0;0;0;0;0;0;0;0;0;0;0;27;1;2;6;1;1;0;1;2;1;0;0;1;3;0;0;0;1;2;2;0;0;0;0;7;3;1;1;0;0;0;0;1;0;0;0;0;0;1;0;20;0;0;1;0;0;0;1;24;5;8;5;22;8;3;3;0;3;0;53;1;0;0;0;0;0;0;0;0;0;0;2;9;0;1;3;1;1;1;0;0;1;0;0;0;0;0;0;0;0;0;0;0;0;0;0;12;2;3;0;0;2;2;3;0;4;0;2;0;2;0;0;0;0;0;0;11;0;0;1;2;0;1;0;1;2;2;1;0;0;0;0;1;0;0;0;2;0;0;0;0;0;0;0
5;"Szkoła Filialna w Stołecznej, Stołeczna 9, 74-510 Trzcińsko-Zdrój";320608;"gm. Trzcińsko-Zdrój";"gryfiński";"zachodniopomorskie";1;1;3;1;0;0;0;1;4;0;1;0;0;0;0;0;0;0;0;0;0;0;0;0;0;0;14;1;4;0;2;0;0;2;0;0;0;2;0;1;0;1;0;1;0;3;3;0;0;1;11;1;1;2;1;3;1;0;1;0;0;1;0;0;2;0;1;0;0;0;0;0;1;0;28;34;5;10;4;9;3;2;0;0;0;34;0;1;0;0;3;2;0;0;1;0;0;3;13;1;1;0;0;0;1;0;0;1;0;1;0;1;0;0;0;0;0;0;1;0;0;0;42;4;3;1;0;0;7;3;0;3;0;0;0;1;1;0;0;0;1;0;1;0;0;4;1;1;0;0;0;1;0;0;0;0;0;0;0;1;0;0;0;0;0;0;0;0;0;0
6;"Świetlica Wiejska w Gogolicach, Gogolice 35, 74-510 Trzcińsko-Zdrój";320608;"gm. Trzcińsko-Zdrój";"gryfiński";"zachodniopomorskie";1;1;2;0;0;0;0;0;0;0;0;0;0;0;0;0;0;0;0;0;0;0;0;0;0;0;10;2;1;1;1;0;0;1;3;0;0;0;0;0;1;2;0;0;1;2;0;0;0;0;4;1;0;0;4;1;1;0;0;0;0;0;1;0;0;0;1;0;0;0;0;0;2;0;12;14;3;1;5;0;1;2;0;0;1;57;5;0;0;0;0;0;0;0;0;0;0;0;12;2;3;2;0;0;1;0;0;1;0;0;0;0;0;0;3;0;0;0;0;0;1;1;25;9;7;1;1;3;3;1;1;2;0;0;0;0;0;0;0;0;0;3;4;0;0;0;0;0;0;0;0;0;0;0;0;0;0;0;0;0;1;1;0;0;0;0;0;0;0;0
7;"Stowarzyszenie Dom z Sercem Dom Pomocy Społecznej, ul. Aleja Róż 1, 74-510 Trzcińsko-Zdrój";320608;"gm. Trzcińsko-Zdrój";"gryfiński";"zachodniopomorskie";1;1;1;0;0;0;0;1;0;0;0;0;0;0;0;0;0;0;0;0;0;0;0;0;0;0;0;0;0;1;0;0;0;0;0;0;0;0;1;0;0;0;0;0;0;0;0;0;0;0;0;0;0;1;0;0;0;0;0;0;0;0;0;0;0;0;0;0;0;0;0;0;1;0;3;3;1;1;1;0;0;3;0;0;0;0;0;0;0;0;0;0;0;0;0;0;0;0;0;0;0;0;0;0;0;0;0;0;0;0;0;0;0;0;0;0;0;0;0;0;0;0;1;0;0;0;0;0;0;0;0;0;0;0;0;0;0;0;0;0;0;0;0;0;0;0;0;1;0;0;0;0;0;0;0;0;0;0;0;0;0;0;0;0;0;0;0;0;0;0
1;"Szkoła Podstawowa, ul. Barnima III 1, 74-120 Widuchowa";320609;"gm. Widuchowa";"gryfiński";"zachodniopomorskie";1;1;1;1;2;0;1;0;0;1;0;1;0;0;0;0;0;0;0;0;0;1;0;0;0;2;35;5;5;14;10;0;4;0;1;0;3;1;1;0;0;0;7;0;3;1;1;0;0;1;23;10;3;6;7;1;13;1;6;5;1;0;1;0;1;0;1;0;1;1;3;1;1;1;71;16;70;8;87;24;5;80;0;1;3;4;4;1;15;1;1;2;0;1;1;0;0;4;25;15;0;4;1;2;0;1;4;1;0;1;0;2;1;0;3;0;1;0;0;1;1;0;135;51;17;3;0;5;66;1;1;32;0;0;0;0;0;0;2;0;0;5;148;0;1;0;7;0;2;1;1;0;2;0;0;0;1;0;2;1;0;0;0;1;1;0;0;0;1;0
2;"Szkoła Podstawowa, ul. Królewiecka 42, 74-121 Krzywin";320609;"gm. Widuchowa";"gryfiński";"zachodniopomorskie";1;1;0;3;0;1;0;0;1;0;0;0;0;0;0;0;1;0;0;0;0;0;0;0;0;0;6;1;2;0;0;0;0;0;0;2;0;0;0;0;1;0;1;0;0;5;0;0;0;1;4;5;1;1;1;0;2;0;0;1;0;0;0;0;0;1;1;0;1;1;1;0;1;1;23;5;9;4;64;24;8;19;0;7;2;15;0;1;3;0;0;0;1;4;1;0;0;2;8;5;1;6;0;0;0;0;2;0;0;1;1;0;1;0;0;0;0;0;0;1;0;0;35;1;11;2;0;0;21;2;1;16;0;0;0;0;0;0;0;0;0;3;32;0;0;0;8;1;3;0;0;1;0;0;0;0;0;0;0;0;0;0;0;0;0;0;0;0;0;0
3;"Świetlica Wiejska, Żelechowo 24, 74-121 Krzywin";320609;"gm. Widuchowa";"gryfiński";"zachodniopomorskie";1;1;0;0;0;0;0;0;0;0;0;0;0;0;0;0;0;1;0;0;0;0;0;0;1;0;19;0;3;4;0;0;1;1;1;0;0;0;0;1;0;0;1;0;0;1;1;1;0;0;2;3;0;0;2;0;0;0;1;0;0;0;0;0;0;0;1;0;0;0;0;0;0;1;22;7;4;2;42;24;2;19;0;2;0;11;1;0;0;0;0;0;1;2;1;0;0;1;4;2;0;1;0;2;0;0;1;0;0;0;0;0;0;0;0;0;0;0;0;0;3;0;18;5;7;0;0;0;3;0;0;9;0;0;0;2;0;0;0;0;0;1;36;0;0;2;4;0;0;0;0;1;0;0;0;1;0;0;0;0;0;0;0;0;0;0;0;0;0;0
4;"Świetlica Wiejska, Lubicz 56, 74-120 Widuchowa";320609;"gm. Widuchowa";"gryfiński";"zachodniopomorskie";1;1;1;0;0;1;0;1;0;0;1;0;0;0;0;0;0;0;0;0;0;0;0;0;0;0;15;2;1;5;2;0;5;1;3;2;0;1;0;0;0;0;2;1;3;1;0;0;1;1;2;6;0;1;0;0;0;0;1;0;0;0;0;0;0;0;0;0;0;0;0;0;0;2;13;4;12;1;12;17;4;32;1;1;0;1;1;1;1;0;1;1;0;0;1;1;0;1;10;4;0;4;1;0;1;0;1;0;1;0;0;0;0;0;1;0;0;0;1;0;0;2;12;5;4;1;0;1;8;0;0;10;0;0;0;2;0;0;0;0;0;0;24;0;0;0;2;3;1;0;1;0;1;0;0;0;0;0;0;0;0;0;3;0;0;0;0;0;0;0
5;"Świetlica Wiejska, Ognica 50, 74-121 Krzywin";320609;"gm. Widuchowa";"gryfiński";"zachodniopomorskie";1;1;0;0;0;1;0;0;0;0;0;0;0;0;0;0;0;0;0;0;0;0;0;0;0;0;10;0;0;2;0;0;0;0;2;0;0;0;0;0;0;2;1;0;1;0;0;0;1;1;4;5;0;0;0;0;2;0;2;1;0;1;0;0;0;0;0;0;0;0;0;0;2;1;11;3;12;2;7;26;3;9;0;1;0;5;0;0;0;0;0;0;0;2;0;0;1;2;4;3;1;0;0;0;0;0;0;0;0;0;0;0;0;0;0;0;0;0;0;0;0;0;10;5;3;1;0;0;10;2;0;5;0;0;0;0;0;0;0;0;0;0;22;0;0;0;0;0;0;0;0;0;2;0;1;0;0;0;0;0;0;0;0;0;0;1;0;0;0;0
6;"Świetlica Wiejska, Żarczyn 44A, 74-121 Krzywin";320609;"gm. Widuchowa";"gryfiński";"zachodniopomorskie";1;1;0;1;0;0;0;0;0;0;0;0;0;0;0;0;0;0;0;0;0;0;0;0;0;1;11;1;0;0;0;0;0;1;0;1;0;0;0;0;0;0;0;0;0;1;0;0;0;0;3;3;1;0;1;0;2;0;1;0;0;0;1;0;0;0;0;0;0;0;0;0;0;0;10;1;5;1;19;2;1;5;1;0;1;0;0;0;0;0;0;0;1;0;0;0;0;4;3;3;2;0;0;0;0;0;0;0;0;0;0;0;0;0;0;1;0;1;0;1;0;1;15;1;0;0;0;0;1;0;0;4;0;0;0;0;0;0;0;0;1;1;10;0;0;0;1;0;1;0;0;0;0;0;0;0;0;0;0;0;0;0;0;0;0;0;0;0;0;0
1;"Świetlica środowiskowa, Dziwnówek ul. Nad Zalewem 1, 72-420 Dziwnów";320701;"gm. Dziwnów";"kamieński";"zachodniopomorskie";1;1;4;1;1;0;0;0;0;0;0;1;0;0;0;0;0;0;0;0;0;0;0;0;0;0;21;4;6;6;1;0;1;1;0;3;1;0;2;1;0;0;0;0;1;1;0;0;0;1;21;4;1;0;4;0;0;1;2;1;0;4;1;2;0;1;2;0;2;0;0;0;1;3;66;3;8;3;11;14;3;2;1;1;0;0;0;2;2;1;0;0;1;0;1;0;0;3;11;4;2;0;2;0;0;0;0;0;1;0;0;0;0;0;0;0;0;1;1;1;0;0;129;25;10;3;48;7;2;0;0;0;0;0;0;2;0;0;0;0;0;0;0;2;0;2;3;0;0;1;2;0;0;0;0;0;0;0;1;0;0;0;0;0;0;0;0;0;0;0
2;"Świetlica środowiskowa, ul. Niezłomnych 1A, 72-420 Dziwnów";320701;"gm. Dziwnów";"kamieński";"zachodniopomorskie";1;1;0;1;2;0;0;1;0;0;0;0;0;0;0;0;0;1;0;0;0;0;0;0;1;0;12;5;0;2;1;0;1;2;0;1;3;0;1;0;1;0;0;1;0;0;1;0;0;0;13;0;0;0;0;1;0;0;0;1;0;4;1;1;0;0;0;0;1;3;0;0;0;0;41;6;2;3;12;20;5;0;1;1;0;0;1;0;0;1;0;0;2;0;1;1;1;3;6;0;0;1;0;0;1;0;1;0;0;0;0;0;0;0;0;0;1;0;1;0;0;1;110;20;11;1;45;2;7;5;0;0;0;0;1;0;1;0;0;0;0;2;0;1;1;0;0;1;0;0;0;0;0;2;0;0;0;0;0;0;0;0;0;0;0;0;0;0;0;0
3;"Hala Widowiskowo-Sportowa, ul. Władysława Reymonta 10, 72-420 Dziwnów";320701;"gm. Dziwnów";"kamieński";"zachodniopomorskie";1;1;1;0;0;1;0;0;2;0;0;0;0;0;0;2;0;1;0;0;0;0;0;0;0;0;37;0;4;11;3;2;0;3;1;1;2;0;0;0;0;0;0;2;0;1;0;0;2;1;27;8;1;2;11;1;0;0;3;0;0;5;0;0;0;0;0;0;3;0;0;0;0;0;67;10;1;4;18;28;6;1;0;1;1;0;0;1;0;0;1;0;1;1;0;0;2;7;13;5;7;1;0;0;0;0;0;1;0;1;0;0;1;0;0;0;0;0;0;0;1;0;182;29;12;1;69;0;4;8;2;1;0;0;2;0;1;0;0;2;1;3;1;3;1;1;2;0;0;0;2;0;0;0;1;0;0;1;1;0;0;0;0;0;0;0;0;0;0;0
4;"Dom Kultury w Dziwnowie, ul. Marynarki Wojennej 4D, 72-420 Dziwnów";320701;"gm. Dziwnów";"kamieński";"zachodniopomorskie";1;1;0;1;0;0;1;2;0;0;0;0;0;0;0;0;0;0;1;0;0;0;1;0;1;0;15;6;5;3;2;0;0;1;3;0;0;0;0;0;0;0;2;2;2;0;1;0;1;0;21;8;3;2;5;1;0;0;2;0;2;8;0;0;0;0;0;1;2;0;1;0;0;0;16;8;1;5;11;7;3;2;1;1;0;0;1;1;1;0;1;2;0;0;0;0;0;2;9;4;4;0;1;0;1;0;2;1;0;0;0;1;0;1;0;0;0;0;0;0;0;1;116;11;7;5;72;2;12;1;0;7;0;0;1;1;1;0;1;1;3;2;0;2;0;4;3;0;0;1;1;0;0;1;0;0;0;1;2;0;0;0;0;0;0;0;0;0;0;0
5;"Świetlica środowiskowa, ul. Zatoczna 34, 72-415 Międzywodzie";320701;"gm. Dziwnów";"kamieński";"zachodniopomorskie";1;1;3;1;1;0;0;1;0;1;0;0;0;0;0;0;0;1;0;0;0;0;1;0;1;1;43;6;9;10;6;0;1;4;2;0;0;0;0;0;2;1;2;1;2;1;1;0;1;0;30;10;2;1;7;0;3;0;5;0;1;1;1;3;1;0;0;0;1;1;0;0;0;1;109;25;10;9;34;33;12;4;1;2;0;6;1;2;4;2;3;1;3;1;2;0;0;9;11;6;2;2;0;0;3;0;3;0;1;0;0;0;0;0;0;3;0;0;0;1;0;1;175;35;31;4;54;9;7;5;1;3;0;7;4;0;0;0;0;0;0;1;1;2;6;3;11;0;0;0;3;0;0;0;0;0;0;0;3;0;0;0;1;0;0;0;0;0;0;1
1;"Szkoła Podstawowa im. Bolesława Chrobrego, ul. Szkolna 2, 72-410 Golczewo";320702;"gm. Golczewo";"kamieński";"zachodniopomorskie";1;1;8;2;0;0;1;2;3;2;1;0;0;1;0;0;0;1;0;0;0;0;0;0;0;0;174;6;13;8;8;2;1;10;1;2;0;0;0;1;0;0;2;5;1;0;0;0;0;13;42;13;5;6;10;1;1;0;1;2;7;13;0;0;1;0;5;2;4;2;3;1;4;1;137;31;16;12;113;35;17;4;6;3;1;25;6;1;0;1;3;2;0;3;5;2;2;4;37;11;3;7;3;0;5;1;1;3;0;0;1;0;1;0;4;4;3;0;1;1;0;0;224;43;16;6;52;9;12;7;4;1;10;0;22;2;1;0;2;1;0;0;0;2;0;2;4;1;0;3;2;0;0;0;1;0;0;0;1;0;0;0;0;0;0;0;0;0;0;1
2;"Dom Strażaka, ul. Niepodległości 34, 72-410 Golczewo";320702;"gm. Golczewo";"kamieński";"zachodniopomorskie";1;1;1;0;0;2;0;0;0;0;0;0;0;0;0;0;0;1;0;0;0;0;0;0;0;0;42;2;2;1;0;0;0;9;0;0;0;1;0;0;0;0;1;0;0;0;0;1;0;3;2;3;0;0;0;0;0;1;1;1;1;1;1;0;0;0;0;0;1;0;0;0;1;0;29;12;10;2;31;9;3;1;0;0;3;8;1;2;1;0;1;0;1;1;1;0;0;2;15;4;1;0;2;0;0;0;1;1;0;0;0;0;1;0;0;0;2;0;0;0;0;0;32;3;6;0;12;3;0;2;0;0;1;0;1;1;0;0;0;1;0;0;0;1;0;0;4;0;0;0;0;0;0;0;1;0;0;0;0;0;0;0;0;1;0;0;0;0;0;0
3;"Świetlica Wiejska, Wysoka Kamieńska ul. Spółdzielcza 2, 72-410 Golczewo";320702;"gm. Golczewo";"kamieński";"zachodniopomorskie";1;1;1;2;1;1;0;0;0;0;0;0;0;0;0;0;1;0;0;0;0;1;0;0;0;2;121;7;5;9;4;0;3;8;5;1;0;3;1;0;2;1;0;0;3;3;1;0;1;3;18;8;2;4;5;0;1;1;0;1;0;7;0;0;0;1;1;0;2;0;1;0;3;1;96;12;16;7;38;37;10;2;6;7;1;1;4;3;2;1;3;0;2;1;6;1;4;8;22;1;4;2;2;1;1;0;3;3;0;0;1;1;1;0;1;1;0;0;1;1;1;0;123;17;12;3;25;2;3;1;1;2;1;0;3;1;1;0;0;0;0;1;0;0;1;3;3;1;0;2;2;1;1;0;2;1;0;0;0;0;0;0;0;0;0;0;0;0;0;0
4;"Świetlica Wiejska w Kłębach, Kłęby 26, 72-410 Golczewo";320702;"gm. Golczewo";"kamieński";"zachodniopomorskie";1;1;2;0;0;1;0;0;0;0;1;0;0;0;0;0;0;0;0;0;0;0;0;1;1;0;38;1;0;0;4;1;1;0;0;0;0;0;1;0;0;0;0;1;1;1;0;0;0;1;3;2;0;1;1;0;1;1;1;0;1;0;0;0;1;0;0;0;0;0;0;0;0;0;44;8;12;5;34;5;4;1;4;6;2;14;1;0;0;4;4;1;2;0;0;0;1;5;10;6;5;1;0;2;0;0;1;0;1;0;1;0;0;1;0;0;0;1;0;0;0;1;45;4;4;1;22;1;3;0;0;0;0;0;4;0;3;0;0;0;0;1;0;1;2;0;1;1;0;0;1;0;1;0;0;0;0;0;1;1;0;0;0;0;0;0;0;0;0;0
1;"Muzeum Historii Ziemi Kamieńskiej, ul. Adama Mickiewicza 34, 72-400 Kamień Pomorski";320703;"gm. Kamień Pomorski";"kamieński";"zachodniopomorskie";1;1;2;1;0;0;0;1;0;1;0;0;0;0;0;0;0;0;0;1;0;0;0;0;1;2;56;14;7;13;8;0;0;10;2;0;0;1;1;3;0;0;1;2;3;1;0;1;1;1;23;8;5;1;8;1;0;0;5;1;0;43;1;0;1;1;2;0;0;0;1;0;1;3;154;19;10;8;57;26;14;4;9;3;1;1;4;1;0;0;1;3;0;1;2;1;2;4;14;4;0;1;0;1;1;0;1;0;1;0;0;3;0;0;2;0;0;0;3;0;0;1;288;37;13;6;44;5;16;4;0;0;4;1;2;0;1;0;0;1;1;2;1;6;1;1;3;1;1;0;3;1;1;1;0;0;0;0;2;0;0;0;0;0;0;0;0;0;0;0
2;"Budynek TBS-przychodnia, ul. Mikołaja Kopernika 26, 72-400 Kamień Pomorski";320703;"gm. Kamień Pomorski";"kamieński";"zachodniopomorskie";1;1;2;0;1;0;2;0;1;0;0;0;0;1;1;1;0;0;0;0;1;0;1;0;1;1;41;3;2;13;3;4;2;9;0;2;1;5;2;1;2;3;1;0;3;1;1;0;0;1;24;7;1;3;8;1;1;0;2;0;0;41;1;0;0;0;1;0;0;0;0;1;2;2;80;17;19;6;33;39;14;2;4;2;2;5;2;2;0;0;1;1;1;1;0;0;1;9;12;1;4;6;3;1;3;1;0;0;0;0;0;0;0;0;0;1;0;0;1;0;0;1;223;40;9;1;50;2;9;5;4;0;0;0;3;1;2;0;1;1;0;0;0;4;0;0;3;0;0;0;1;0;0;0;0;0;0;0;1;0;0;0;0;0;0;0;0;0;0;1
3;"Przedszkole Publiczne nr 1, ul. Józefa Wysockiego 3a, 72-400 Kamień Pomorski";320703;"gm. Kamień Pomorski";"kamieński";"zachodniopomorskie";1;1;1;2;0;2;0;0;0;0;0;1;0;0;0;0;2;0;0;0;0;0;0;0;1;2;50;6;7;5;6;1;0;11;4;2;0;3;0;1;0;2;0;1;0;0;2;1;2;1;14;13;2;2;4;0;2;2;0;0;2;44;0;1;2;0;3;1;0;1;1;0;0;1;98;12;11;2;48;46;18;2;3;6;2;0;0;3;0;0;0;1;1;2;2;0;8;3;21;2;1;5;0;0;2;1;0;1;0;0;0;1;1;1;2;0;1;0;0;1;0;0;238;53;12;1;46;5;14;7;4;0;1;1;0;0;1;1;1;0;1;0;0;3;1;2;5;0;1;0;3;0;0;2;0;2;0;0;2;0;0;1;0;0;0;0;0;0;0;0
4;"Powiatowa i Miejska Biblioteka Publiczna, ul. Wolińska 9, 72-400 Kamień Pomorski";320703;"gm. Kamień Pomorski";"kamieński";"zachodniopomorskie";1;1;2;0;0;0;1;1;0;0;0;0;0;0;2;0;0;0;0;0;0;0;1;0;0;0;44;8;11;11;6;1;0;12;2;1;1;3;1;2;2;1;0;0;1;2;0;0;0;3;34;11;8;4;4;0;0;0;2;2;2;69;0;0;1;0;1;0;0;1;2;0;2;1;98;11;9;5;61;38;10;4;5;6;10;3;4;0;1;1;1;1;1;1;6;1;1;3;34;9;1;2;2;0;0;1;0;2;0;0;0;0;0;0;0;0;1;0;0;0;0;2;309;33;26;3;48;11;17;3;6;0;3;0;2;0;0;0;1;1;0;2;0;4;1;3;1;0;3;0;4;1;1;0;0;1;0;1;5;0;0;0;0;0;0;0;0;0;0;0
5;"Liceum Ogólnokształcące, ul. Marii Konopnickiej 19, 72-400 Kamień Pomorski";320703;"gm. Kamień Pomorski";"kamieński";"zachodniopomorskie";1;1;2;3;3;1;0;1;2;0;0;1;0;0;0;0;0;0;0;0;0;1;1;0;0;3;61;10;9;10;6;0;1;11;2;3;2;1;0;1;0;0;0;0;3;2;2;1;3;0;22;11;2;4;8;0;1;1;2;0;0;45;0;0;2;1;1;0;3;0;1;0;1;0;114;15;8;10;51;33;10;1;2;3;3;1;3;1;2;1;2;0;0;2;5;0;1;13;33;4;10;5;1;0;2;2;2;1;2;0;3;1;1;1;0;1;0;0;1;0;2;2;326;52;10;2;68;9;16;3;2;1;2;1;1;1;1;1;0;0;0;3;1;8;5;3;4;1;0;0;1;0;1;0;0;1;0;0;2;1;0;0;0;0;0;0;0;0;0;1
6;"Szkoła Podstawowa, Wrzosowo 37, 72-400 Kamień Pomorski";320703;"gm. Kamień Pomorski";"kamieński";"zachodniopomorskie";1;1;0;2;0;0;0;0;0;0;0;0;0;0;0;0;0;0;0;0;0;0;0;0;0;0;44;4;1;0;3;0;0;0;3;1;0;1;0;0;0;0;1;0;1;0;0;0;0;0;9;4;0;0;1;0;0;0;0;0;1;14;0;0;0;0;2;0;0;0;0;0;0;0;63;9;10;7;8;24;10;0;2;1;4;0;0;5;2;0;1;0;1;1;0;3;1;4;10;1;6;3;1;1;0;1;0;1;1;0;0;0;0;1;1;0;0;0;1;1;1;0;97;15;6;1;26;3;0;1;1;2;0;0;0;0;1;0;0;0;0;0;1;4;1;1;0;0;0;0;0;0;0;0;0;0;0;0;2;1;1;0;0;0;0;0;0;0;0;1
7;"Świetlica OSP, Trzebieszewo 13, 72-400 Kamień Pomorski";320703;"gm. Kamień Pomorski";"kamieński";"zachodniopomorskie";1;1;0;0;0;0;0;1;0;0;2;1;0;1;1;0;0;0;0;0;0;0;0;0;1;0;28;2;2;8;3;0;1;13;1;1;0;3;1;5;0;0;3;0;2;1;0;0;3;0;13;10;0;1;3;0;0;0;1;2;0;19;0;0;0;0;0;1;0;1;0;0;1;0;41;6;3;5;13;14;7;2;2;0;0;4;1;1;0;0;2;2;1;0;0;0;2;2;5;2;0;0;3;1;0;1;0;0;0;0;0;0;1;0;1;0;0;0;1;0;1;0;72;6;5;1;33;2;3;1;0;1;0;0;0;0;0;0;0;0;1;2;0;2;0;0;0;1;0;0;0;0;0;0;0;1;0;1;0;0;0;0;0;0;0;0;1;0;0;0
8;"Szkoła Podstawowa, Jarszewo 32, 72-400 Kamień Pomorski";320703;"gm. Kamień Pomorski";"kamieński";"zachodniopomorskie";1;1;4;0;0;1;1;0;0;0;0;0;0;0;0;1;0;0;0;0;0;1;0;0;0;1;28;6;3;4;4;2;1;7;3;0;0;1;0;0;0;0;1;0;0;3;1;0;0;2;11;4;8;1;5;2;1;0;1;0;0;15;0;0;1;0;2;0;0;0;0;0;0;0;57;27;13;8;29;14;12;4;2;1;1;1;2;2;0;1;3;2;0;0;3;1;3;3;11;0;2;2;0;0;1;0;0;0;0;2;0;0;3;1;2;0;0;0;0;0;0;0;102;19;9;1;27;7;5;7;3;0;1;1;0;0;0;0;0;1;0;1;0;2;0;1;4;3;0;0;2;0;0;0;0;0;0;1;2;1;0;0;1;0;1;0;0;0;0;0
9;"Świetlica Wiejska Benice, Benice 34, 72-400 Kamień Pomorski";320703;"gm. Kamień Pomorski";"kamieński";"zachodniopomorskie";1;1;1;0;1;2;0;0;1;0;0;0;0;0;2;0;0;0;1;0;0;0;0;0;0;3;18;1;1;5;3;2;0;5;1;1;0;1;1;1;0;1;0;0;3;0;0;0;0;0;7;4;0;0;5;0;0;0;0;1;1;8;0;0;0;0;0;0;0;0;1;1;0;2;35;7;6;2;25;12;1;5;2;2;0;0;0;0;0;0;0;0;1;1;1;0;1;0;8;6;4;3;2;0;1;1;1;2;0;1;0;2;0;1;1;0;0;0;0;1;0;1;76;7;6;3;11;1;2;2;1;0;0;0;0;0;1;0;0;0;0;1;0;1;0;0;4;0;0;0;0;0;0;0;0;1;0;1;0;0;0;0;0;0;0;0;0;0;0;0
10;"Świetlica wiejska, Rzewnowo 9a, 72-400 Kamień Pomorski";320703;"gm. Kamień Pomorski";"kamieński";"zachodniopomorskie";1;1;1;0;0;0;0;1;1;0;0;0;0;0;0;0;0;0;0;0;0;0;0;1;0;0;18;1;0;1;0;0;0;2;0;1;0;0;0;0;0;0;0;0;0;1;1;0;0;0;11;3;0;1;1;0;0;0;0;1;0;14;0;2;0;1;0;0;0;0;0;0;1;0;25;2;0;1;17;4;3;1;3;0;0;0;0;3;0;0;1;0;0;1;1;0;1;1;9;0;2;3;1;1;0;0;0;0;0;0;0;1;0;0;0;0;1;0;0;0;0;0;53;0;7;0;9;2;2;0;1;0;1;0;0;0;1;0;0;0;0;0;0;1;0;0;3;1;0;0;0;1;0;0;0;0;0;0;0;0;0;0;0;0;0;0;0;1;0;0
11;"Świetlica Wiejska w Rekowie, Rekowo 3C, 72-400 Kamień Pomorski";320703;"gm. Kamień Pomorski";"kamieński";"zachodniopomorskie";1;1;1;3;0;0;0;0;1;0;1;0;0;0;0;0;1;0;0;0;0;0;0;0;0;0;9;3;1;1;1;1;0;4;2;0;0;0;2;1;0;0;0;0;0;1;1;0;2;0;4;4;0;0;1;0;0;0;1;0;0;5;0;0;0;1;0;0;1;0;1;0;1;0;34;9;3;0;2;11;1;1;0;1;0;1;0;0;0;0;0;0;0;1;1;0;0;3;2;0;2;0;0;0;2;0;0;0;1;0;0;1;0;0;1;0;0;0;0;1;0;0;61;5;0;1;13;2;2;1;0;0;0;0;0;1;1;0;0;0;1;0;0;0;0;0;1;1;0;0;0;0;1;0;1;0;0;0;0;0;0;0;0;0;0;0;0;0;0;0
12;"Dom Pomocy Społecznej w Śniatowie, Śniatowo 17, 72-400 Kamień Pomorski";320703;"gm. Kamień Pomorski";"kamieński";"zachodniopomorskie";1;1;1;0;0;0;0;0;0;0;0;0;0;0;0;0;0;0;0;0;0;0;0;0;0;0;1;0;0;0;0;0;0;0;0;0;0;0;0;0;0;0;0;0;0;0;0;0;0;0;0;0;0;0;0;0;0;0;0;0;0;0;0;0;0;0;0;0;0;0;0;0;0;0;5;1;0;0;1;0;1;0;1;0;0;0;1;0;0;0;1;0;0;1;0;0;0;0;1;0;0;0;0;0;0;0;0;0;1;0;0;0;0;0;0;0;0;0;0;0;0;0;4;0;0;0;0;0;0;0;0;0;0;0;0;0;0;0;0;0;0;0;0;0;0;0;0;0;0;0;0;0;0;0;0;0;0;0;0;0;0;0;0;0;0;0;0;0;0;0
13;"Szpital w Kamieniu Pomorskim Sp. z o. o., ul. Szpitalna 10, 72-400 Kamień Pomorski";320703;"gm. Kamień Pomorski";"kamieński";"zachodniopomorskie";1;1;0;0;0;0;0;0;0;0;0;0;0;0;0;0;0;0;0;0;0;1;0;0;0;0;0;0;0;0;0;0;0;0;0;0;0;0;1;0;0;0;0;0;0;0;0;0;0;0;0;0;0;0;0;0;0;0;0;0;0;0;0;0;0;0;0;0;0;0;0;0;0;0;1;2;0;0;0;1;1;0;1;0;0;0;0;0;0;0;0;0;0;0;0;0;0;0;0;0;0;0;0;0;0;0;0;0;0;0;0;0;0;0;0;0;0;0;0;0;0;0;0;0;0;0;1;0;0;1;0;0;0;0;0;0;0;0;0;0;0;0;0;0;0;0;0;0;0;0;0;0;0;0;0;0;0;0;0;0;0;0;0;0;0;0;0;0;0;0
1;"Świetlica Środowiskowa ""Iskierka"" (w budynku dawnego Gimnazjum nr 1), ul. Kolejowa 33, 72-500 Międzyzdroje";320704;"gm. Międzyzdroje";"kamieński";"zachodniopomorskie";1;1;2;2;0;1;0;1;0;0;0;0;0;0;0;1;3;0;0;0;0;0;0;0;0;1;27;6;6;9;1;0;1;1;2;1;1;1;1;0;0;2;1;0;0;0;0;1;1;1;3;3;0;9;18;0;0;0;1;0;0;0;0;4;1;0;0;0;1;0;0;2;4;2;62;20;5;5;30;3;11;3;11;0;2;1;0;2;0;0;1;1;0;4;4;1;2;4;12;4;6;0;0;0;2;0;3;1;0;0;0;1;0;0;2;0;2;0;0;0;0;4;170;15;8;4;10;12;0;2;0;5;1;0;0;3;0;1;0;1;0;0;0;77;0;3;4;1;0;0;4;0;0;0;0;0;1;0;0;0;0;0;0;0;0;0;0;0;0;0
2;"Szkoła Podstawowa nr 1 im. Bolesława Chrobrego, ul. Leśna 17, 72-500 Międzyzdroje";320704;"gm. Międzyzdroje";"kamieński";"zachodniopomorskie";1;1;1;0;1;0;0;0;0;1;0;0;0;0;0;0;0;0;0;0;0;0;0;0;1;1;14;6;3;6;5;1;0;0;3;4;0;1;0;2;1;2;0;0;0;1;0;1;0;1;5;4;1;15;10;0;0;0;1;0;0;1;0;1;2;0;0;0;0;0;1;0;0;0;86;5;5;4;47;12;7;2;10;1;1;0;0;4;2;0;2;0;2;2;3;0;0;8;15;5;2;2;0;0;2;0;0;0;0;0;0;0;0;1;0;0;0;0;0;0;0;1;133;22;10;0;8;16;3;6;0;0;0;1;0;0;0;0;1;0;3;2;0;78;1;4;3;1;0;0;0;0;1;0;0;0;0;0;4;0;0;0;0;0;0;0;0;0;0;0
3;"Międzynarodowy Dom Kultury, ul. Bohaterów Warszawy 20, 72-500 Międzyzdroje";320704;"gm. Międzyzdroje";"kamieński";"zachodniopomorskie";1;1;2;0;2;1;0;0;1;0;1;0;0;0;0;0;1;0;0;0;0;0;0;1;3;0;29;5;5;14;2;1;2;0;4;2;1;0;1;0;0;1;0;0;2;0;1;1;1;1;12;9;2;2;19;2;0;0;0;0;1;1;0;6;0;0;0;0;1;0;0;1;1;0;99;9;8;7;41;20;17;3;3;2;1;1;2;7;6;0;2;1;3;2;3;0;0;7;26;8;3;0;0;1;0;0;0;0;1;0;0;0;1;0;0;0;1;0;1;0;0;2;208;50;9;3;10;9;8;8;1;0;0;2;0;0;0;0;1;0;0;0;1;89;1;1;6;1;0;0;1;2;0;0;1;0;0;0;3;1;0;0;0;2;1;1;0;1;0;0
4;"Miejska Biblioteka Publiczna im. Jana Kochanowskiego, pl. Plac Ratuszowy 1, 72-500 Międzyzdroje";320704;"gm. Międzyzdroje";"kamieński";"zachodniopomorskie";1;1;2;0;7;0;0;0;1;0;0;0;0;2;1;0;0;0;0;0;0;0;1;0;1;1;41;6;6;20;6;0;0;2;5;0;1;3;0;4;1;1;2;0;3;1;1;0;4;2;21;4;5;11;20;1;0;4;0;0;0;1;2;2;1;0;4;0;1;0;1;2;1;1;109;18;11;7;26;16;17;2;11;1;4;1;4;3;3;1;3;0;1;2;3;0;0;8;20;9;3;5;1;1;0;0;2;0;1;0;0;0;0;0;0;0;1;0;0;0;0;3;257;34;16;2;15;10;5;5;1;1;2;3;0;0;0;0;2;0;2;4;5;107;2;1;4;1;0;2;1;0;1;0;0;1;0;0;2;2;0;0;0;0;0;0;0;0;3;1
5;"Świetlica Wiejska ""WIKLINA"", Wapnica ul. Turkusowa 26, 72-500 Międzyzdroje";320704;"gm. Międzyzdroje";"kamieński";"zachodniopomorskie";1;1;6;0;0;0;0;0;1;0;0;0;0;1;0;1;0;0;0;0;0;0;0;0;2;0;17;4;3;5;2;1;0;2;1;0;1;0;0;1;1;0;0;0;0;0;0;4;0;0;7;3;1;1;13;0;0;1;1;0;0;0;0;1;0;0;0;0;1;0;0;0;1;0;32;7;3;2;8;8;3;1;4;0;0;3;2;0;0;0;0;0;1;0;2;1;1;2;6;1;0;2;0;2;0;0;0;2;0;0;2;0;0;0;0;0;0;0;0;0;0;1;106;15;6;2;10;4;2;2;0;0;0;0;1;0;0;0;1;0;0;0;0;41;1;0;0;0;0;1;0;0;0;0;0;1;0;0;1;0;0;0;0;0;0;0;0;0;0;0
6;"Budynek Ochotniczej Straży Pożarnej, Lubin ul. Główna 27c, 72-500 Międzyzdroje";320704;"gm. Międzyzdroje";"kamieński";"zachodniopomorskie";1;1;1;1;0;0;0;0;0;0;1;0;0;0;1;0;0;0;0;0;0;0;1;0;0;0;6;1;0;3;3;0;1;1;0;0;0;0;0;0;0;1;0;0;0;0;0;0;1;1;9;0;0;2;7;0;0;0;0;0;0;1;0;0;0;0;1;0;0;2;0;0;0;0;36;1;2;1;6;0;2;0;0;0;0;1;0;0;0;0;1;0;0;0;1;0;0;1;6;0;0;0;3;0;1;0;0;0;0;0;1;0;0;0;0;0;0;0;0;1;0;1;58;4;0;0;6;1;1;0;0;0;0;0;0;0;0;0;0;0;0;0;0;40;0;0;1;0;0;0;0;0;0;0;0;0;0;0;1;0;0;0;0;0;1;0;0;0;0;0
1;"Szkoła Podstawowa im. Juliana Grunera, ul. Szkolna 4, 72-405 Świerzno";320705;"gm. Świerzno";"kamieński";"zachodniopomorskie";1;1;1;1;0;0;0;0;0;0;0;0;0;0;0;0;0;0;0;0;0;0;0;0;0;0;23;2;2;2;3;0;0;55;1;0;1;0;3;1;0;1;1;0;0;1;1;0;1;1;20;4;3;1;1;4;0;0;1;0;0;7;0;0;0;0;1;0;0;0;2;0;1;0;44;10;9;3;33;7;12;2;2;4;1;2;2;2;0;1;0;1;3;1;1;2;0;1;16;1;5;1;0;0;1;0;2;0;0;0;0;0;0;0;0;2;0;0;0;0;1;0;93;12;6;1;44;1;17;2;0;0;0;0;0;0;1;0;0;1;0;1;1;2;1;3;1;1;1;0;0;0;0;0;0;0;0;2;1;0;0;0;0;0;0;0;0;0;0;0
2;"Szkoła Podstawowa, Gostyń 5, 72-405 Świerzno";320705;"gm. Świerzno";"kamieński";"zachodniopomorskie";1;1;0;1;0;0;0;0;0;1;0;2;0;0;0;0;0;0;0;0;0;0;0;0;0;1;13;3;6;3;2;0;1;12;2;0;0;0;0;0;0;0;1;0;3;2;1;0;0;1;16;1;1;2;3;2;0;0;2;0;1;1;1;0;0;0;0;0;0;0;0;0;0;2;51;6;1;16;22;25;14;0;0;0;1;4;2;1;2;2;2;1;0;0;4;0;1;5;9;5;0;2;2;1;3;0;0;0;0;0;0;1;0;0;0;1;0;0;0;0;0;0;54;4;4;0;55;1;10;4;0;0;0;0;0;0;0;0;0;0;0;0;0;0;1;0;2;0;0;0;1;0;0;0;0;0;0;0;1;0;0;0;0;0;0;0;0;0;0;0
3;"Świetlica wiejska, Chomino 41, 72-405 Świerzno";320705;"gm. Świerzno";"kamieński";"zachodniopomorskie";1;1;0;0;0;1;0;0;0;1;2;0;0;0;0;0;0;0;0;0;0;1;0;0;0;0;17;0;3;4;0;0;0;16;0;1;0;0;0;2;0;0;0;0;0;1;0;0;0;0;10;6;0;1;1;0;0;0;3;0;0;6;0;0;0;0;0;1;0;0;0;0;0;1;36;10;3;2;14;6;6;1;2;0;0;3;0;2;0;0;3;1;1;1;1;0;1;3;2;3;3;0;0;0;0;0;0;0;0;0;0;0;0;1;0;0;0;0;0;0;0;0;63;12;3;1;5;0;4;1;0;1;2;0;1;0;0;0;1;1;2;0;0;1;0;1;0;0;0;0;1;0;0;0;0;0;0;0;0;0;0;0;0;0;1;0;0;0;0;0
4;"Świetlica wiejska, Stuchowo 2, 72-405 Świerzno";320705;"gm. Świerzno";"kamieński";"zachodniopomorskie";1;1;0;2;0;0;0;0;0;0;0;0;0;0;0;0;0;0;0;0;0;0;0;0;0;0;17;1;5;0;0;0;1;121;0;0;0;0;0;0;1;0;1;0;0;0;0;0;0;0;5;2;1;1;6;0;0;0;0;0;0;2;0;0;0;0;0;0;0;0;0;0;2;0;31;12;5;2;20;9;7;3;0;1;1;4;0;1;2;0;0;0;2;0;2;0;1;1;5;3;0;3;0;0;0;0;0;0;0;1;0;0;0;0;1;0;0;0;0;0;0;2;63;11;2;1;23;1;7;0;0;0;0;0;0;1;0;0;0;1;0;1;0;0;1;0;1;0;0;0;0;0;0;0;0;0;0;0;1;0;0;0;0;0;0;0;0;0;0;0
5;"Świetlica wiejska, Gostyniec 40A, 72-405 Świerzno";320705;"gm. Świerzno";"kamieński";"zachodniopomorskie";1;1;0;1;0;0;2;0;0;0;0;0;0;0;0;0;0;0;0;0;0;0;0;0;0;0;5;0;1;0;0;0;0;4;0;0;1;0;0;0;0;0;0;0;0;0;0;0;0;0;4;0;1;1;0;0;0;0;0;0;0;2;0;0;0;0;0;0;0;0;0;0;0;0;17;1;2;1;6;2;6;1;1;0;0;0;3;0;0;0;0;1;0;0;0;0;0;3;4;2;0;1;0;0;0;0;2;0;0;0;0;0;0;0;0;0;0;1;0;0;0;0;20;3;3;0;10;0;0;0;0;1;1;0;0;0;0;0;0;0;0;0;0;0;0;0;0;0;0;0;0;0;0;0;0;0;0;0;0;0;0;0;0;0;0;0;0;0;0;0
6;"Świetlica wiejska, Ciesław 6A, 72-405 Świerzno";320705;"gm. Świerzno";"kamieński";"zachodniopomorskie";1;1;0;0;0;0;0;0;1;0;0;0;0;0;0;0;0;0;0;0;0;0;0;0;0;0;2;2;0;0;1;0;0;12;0;0;0;1;1;0;1;0;0;0;0;1;0;0;1;0;1;2;0;4;0;0;0;0;0;1;0;1;0;0;0;0;0;0;0;0;0;0;0;1;7;2;0;0;13;1;8;1;0;1;0;0;0;0;0;0;1;0;0;1;0;0;1;1;3;1;1;0;0;0;0;0;0;0;0;0;0;0;0;0;0;1;0;0;0;0;0;1;15;2;1;1;8;0;0;2;0;0;0;0;0;0;0;0;0;0;2;0;0;1;0;0;0;1;0;0;0;0;0;0;0;0;0;0;0;0;0;0;0;0;0;0;0;0;0;0
1;"Publiczna Szkoła Podstawowa, ul. Spokojna 1, 72-510 Wolin";320706;"gm. Wolin";"kamieński";"zachodniopomorskie";1;1;1;0;0;0;0;0;0;0;0;0;0;1;0;0;0;0;0;1;0;0;0;0;1;1;46;3;1;4;2;1;1;3;2;2;0;0;0;4;0;4;2;1;1;0;0;0;0;0;10;3;0;0;18;0;0;0;0;0;1;0;0;0;0;0;2;0;1;0;1;0;0;2;83;5;6;2;16;9;3;5;8;0;1;0;0;0;0;0;0;0;1;1;1;1;0;2;14;6;6;3;1;0;1;0;5;0;0;0;0;0;0;0;0;1;1;0;0;0;1;3;122;14;11;4;13;3;9;2;2;1;1;0;0;1;1;0;0;0;0;0;0;6;0;1;0;1;0;0;0;0;0;0;0;0;0;1;3;0;0;0;0;0;0;0;0;0;0;0
2;"Publiczna Szkoła Podstawowa, ul. Spokojna 1, 72-510 Wolin";320706;"gm. Wolin";"kamieński";"zachodniopomorskie";1;1;3;1;3;0;0;1;0;0;2;0;0;0;0;1;0;0;0;0;1;0;0;0;1;1;41;5;3;9;3;0;1;2;1;1;1;0;1;2;0;1;2;1;2;1;1;3;1;1;15;9;2;0;14;0;0;0;0;4;1;1;0;1;0;0;2;1;0;1;1;1;1;0;142;7;21;1;4;16;3;3;9;0;0;2;2;1;1;0;1;0;1;0;0;2;0;5;7;10;4;2;1;0;1;0;13;1;1;0;0;0;0;0;1;0;2;1;0;0;1;0;159;24;11;0;28;10;20;5;1;2;0;0;1;1;1;0;0;0;0;2;0;14;0;3;0;0;1;0;0;0;0;0;0;0;1;0;6;1;0;0;0;0;0;1;0;0;0;0
3;"Zespół Szkół Ponadpodstawowych, ul. Słowiańska 2, 72-510 Wolin";320706;"gm. Wolin";"kamieński";"zachodniopomorskie";1;1;2;4;0;0;0;0;0;0;0;1;0;1;1;1;1;0;0;0;0;1;1;0;0;0;34;6;5;14;6;0;2;6;0;0;0;0;0;0;0;0;0;0;2;2;1;1;0;1;17;5;5;2;27;0;0;1;3;0;1;0;3;0;0;0;0;0;1;0;1;1;2;2;165;7;10;4;11;19;8;1;12;3;2;1;0;2;0;0;1;0;1;2;0;0;0;4;12;7;4;2;2;0;0;1;4;0;1;0;1;1;3;0;0;0;0;1;0;0;0;4;157;28;17;2;15;8;9;4;3;2;1;0;0;0;0;0;0;0;0;0;0;2;0;2;3;0;0;0;0;0;0;0;0;0;0;0;4;0;0;0;0;0;0;0;0;0;0;1
4;"Biblioteka Publiczna, ul. Rynek 2, 72-510 Wolin";320706;"gm. Wolin";"kamieński";"zachodniopomorskie";1;1;0;1;0;0;0;0;0;0;0;0;0;0;1;0;0;0;0;0;0;0;0;0;0;0;25;1;0;4;2;0;0;6;3;1;0;0;1;1;0;0;0;0;0;0;0;0;0;0;14;4;1;0;9;0;0;0;0;0;0;1;0;0;0;0;1;0;0;1;0;0;2;0;84;13;8;1;13;8;6;0;6;2;0;1;1;1;0;1;1;3;1;0;1;0;0;1;15;1;2;1;1;1;0;0;5;0;0;0;0;0;0;0;1;1;0;0;0;1;1;2;105;20;1;1;10;13;10;4;2;0;2;2;0;1;0;0;0;0;2;2;0;3;0;0;5;0;1;0;0;0;0;0;0;0;0;0;0;0;0;0;0;0;0;0;0;0;0;0
5;"Świetlica Wiejska, Dargobądz 19, 72-510 Wolin";320706;"gm. Wolin";"kamieński";"zachodniopomorskie";1;1;1;0;0;0;0;0;1;0;0;0;0;0;0;0;0;0;0;0;0;0;1;0;0;0;14;0;3;1;0;0;0;0;2;1;0;0;0;1;0;0;1;0;0;0;0;2;0;0;7;1;1;0;5;0;0;1;1;0;0;0;0;0;1;0;0;0;0;1;0;1;0;0;63;5;2;5;11;8;3;2;2;0;2;1;3;0;1;0;0;1;1;1;1;1;0;1;14;7;0;1;1;0;1;1;2;0;1;1;0;0;0;0;1;0;0;0;0;0;1;0;72;14;17;0;14;11;4;5;0;0;0;0;0;0;2;0;0;0;1;1;0;3;2;0;3;0;0;0;0;0;0;0;0;0;0;0;0;0;0;0;0;0;1;0;0;0;0;0
6;"Budynek Niepublicznej Szkoły Podstawowej, Ładzin 56, 72-518 Ładzin";320706;"gm. Wolin";"kamieński";"zachodniopomorskie";1;1;2;2;1;0;0;0;2;0;0;0;0;0;0;0;0;0;0;0;0;0;0;0;0;0;13;0;3;4;2;0;0;0;1;0;0;0;0;1;0;1;1;0;1;0;0;0;0;0;3;3;5;1;12;1;0;0;1;0;1;0;0;0;0;0;0;0;0;1;0;0;0;1;67;11;3;1;8;21;3;2;4;1;1;2;0;2;0;0;1;0;0;0;1;0;0;1;5;7;0;2;2;0;1;0;1;0;2;0;0;1;0;1;0;1;1;0;0;0;0;0;74;8;9;3;19;8;2;4;1;0;0;0;0;2;0;0;0;0;1;1;0;9;0;0;1;0;0;0;1;0;0;0;0;0;0;0;0;0;1;0;0;0;0;0;0;1;0;1
7;"Wiejski Ośrodek Kultury, ul. Nadmorska 1, 72-513 Wisełka";320706;"gm. Wolin";"kamieński";"zachodniopomorskie";1;1;0;2;0;0;0;0;0;0;1;0;0;0;0;1;0;0;0;0;0;0;0;0;0;0;12;2;1;6;1;3;0;1;0;1;0;0;0;1;0;0;0;0;0;0;0;0;1;0;6;1;0;1;5;0;0;0;1;0;0;0;0;0;0;0;0;0;0;0;0;0;0;0;49;13;10;1;12;6;3;1;4;1;1;3;1;1;0;0;0;0;0;1;1;0;1;6;8;3;3;0;0;0;0;0;0;1;0;0;0;0;0;0;3;0;0;0;0;0;0;1;36;10;3;0;30;3;3;1;0;0;0;0;0;0;0;0;0;0;0;0;0;2;0;0;1;0;1;0;0;0;0;0;1;0;0;0;2;0;0;0;0;0;1;0;0;0;0;1
8;"Świetlica Wiejska, ul. Zwycięstwa 20A, 72-514 Kołczewo";320706;"gm. Wolin";"kamieński";"zachodniopomorskie";1;1;2;2;1;0;0;0;0;0;0;0;0;0;0;0;0;0;1;0;0;0;0;1;0;1;20;4;1;4;1;0;0;2;0;0;1;0;1;2;0;0;1;0;1;1;2;0;0;0;8;5;0;2;6;0;0;3;1;0;1;1;2;0;0;0;0;0;1;2;0;2;0;1;69;3;5;4;4;12;9;1;7;1;0;3;0;2;1;4;0;1;0;2;1;0;1;5;15;3;0;2;1;1;1;1;1;0;0;0;0;0;0;0;0;0;0;0;0;2;0;0;113;23;7;1;41;3;4;1;0;2;1;0;0;0;0;1;2;0;0;0;1;1;0;1;4;2;0;0;1;0;0;0;0;0;0;0;0;0;0;0;0;0;6;0;0;0;0;0
9;"Świetlica Wiejska, Sierosław 20, 72-514 Kołczewo";320706;"gm. Wolin";"kamieński";"zachodniopomorskie";1;1;2;0;0;1;1;0;0;0;0;0;0;1;0;0;0;0;0;0;1;0;0;0;0;0;27;5;3;3;3;0;3;1;1;0;0;2;1;1;0;0;0;1;1;1;2;0;0;1;7;1;0;2;6;1;0;0;1;0;0;0;0;0;0;0;0;0;1;1;0;0;0;0;52;5;10;5;8;9;5;0;0;0;0;1;1;1;0;0;4;0;0;1;2;0;1;4;6;1;1;0;0;0;1;1;1;2;0;0;0;0;0;0;1;1;0;0;0;0;0;0;66;12;5;0;28;3;7;0;2;0;0;0;0;0;0;0;0;0;0;2;0;5;0;5;4;2;0;1;0;1;0;0;0;0;0;0;1;0;0;0;0;0;0;0;0;0;0;0
10;"Publiczna Szkoła Podstawowa w Troszynie, Troszyn 15, 72-511 Troszyn";320706;"gm. Wolin";"kamieński";"zachodniopomorskie";1;1;1;0;0;0;0;0;1;0;0;0;0;0;0;0;0;0;0;0;0;0;0;0;0;0;20;1;2;3;1;0;0;3;1;0;1;0;3;2;0;0;0;0;2;0;0;0;0;2;9;1;0;2;6;0;0;1;2;0;0;0;1;1;0;0;0;0;1;1;0;0;1;0;55;8;6;11;5;14;4;5;2;1;0;6;2;2;0;0;3;0;0;3;0;0;7;4;7;0;1;0;1;0;3;0;1;0;0;0;0;1;0;0;0;2;1;0;0;2;0;0;67;9;9;3;6;1;2;1;1;1;1;0;1;0;0;0;1;0;0;0;0;4;2;1;2;0;0;0;0;0;0;0;0;0;0;0;2;0;1;0;0;0;0;0;0;0;0;0
11;"Świetlica Wiejska, Ostromice 38D, 72-510 Wolin";320706;"gm. Wolin";"kamieński";"zachodniopomorskie";1;1;2;0;0;0;0;0;0;0;0;1;0;0;0;0;0;0;0;0;0;0;0;0;0;1;9;3;0;2;3;0;1;3;1;1;0;0;2;1;0;0;0;0;0;0;0;0;0;0;1;1;1;0;5;0;0;0;1;0;0;0;0;1;0;1;2;0;0;1;0;0;0;1;23;7;0;3;2;20;1;2;0;0;2;4;0;2;1;1;0;2;1;0;0;0;3;1;5;0;1;1;0;0;0;1;1;0;0;0;0;0;0;0;0;0;0;0;0;0;0;1;25;9;5;0;18;2;8;0;0;5;0;0;1;0;0;0;0;0;0;1;1;3;0;0;2;0;0;0;0;0;0;0;0;0;0;0;1;0;0;0;0;0;0;0;0;0;0;0
12;"Publiczna Szkoła Podstawowa, Koniewo 9, 72-510 Wolin";320706;"gm. Wolin";"kamieński";"zachodniopomorskie";1;1;1;4;0;0;0;0;0;0;0;1;0;0;0;1;0;0;0;0;0;0;0;0;0;0;26;2;2;2;0;0;0;0;2;1;2;0;1;0;0;0;0;0;0;0;0;1;3;0;3;1;0;1;4;0;0;0;0;0;0;0;0;0;0;0;0;0;0;0;0;0;1;1;57;12;12;1;8;1;2;2;2;2;0;2;0;0;0;0;2;2;0;1;0;0;1;4;5;1;2;2;1;0;4;0;1;2;1;0;0;3;0;0;0;0;0;0;0;0;0;0;24;3;2;0;15;0;1;1;0;0;1;0;0;1;0;0;0;0;0;0;0;0;0;0;3;1;0;0;0;0;1;0;1;0;0;0;0;0;0;0;0;0;1;0;0;0;0;2
13;"Świetlica Wiejska, Recław 21, 72-510 Wolin";320706;"gm. Wolin";"kamieński";"zachodniopomorskie";1;1;1;0;1;0;0;0;1;0;0;0;0;0;0;0;0;2;0;0;0;0;0;0;1;0;15;2;1;0;2;0;0;0;0;0;0;0;1;0;0;4;0;0;0;0;0;5;2;0;5;4;0;2;3;0;0;0;1;0;1;3;0;0;0;0;0;0;1;2;0;0;0;0;69;5;4;2;4;10;1;1;1;1;1;4;1;1;0;0;1;0;0;1;0;0;1;3;9;4;2;0;0;1;1;0;3;0;1;1;0;0;0;0;0;0;1;0;0;0;0;0;64;4;2;1;12;6;1;0;1;2;1;0;0;0;0;0;0;0;0;0;0;1;0;6;2;0;0;0;1;0;0;0;0;0;0;0;1;2;1;0;0;0;1;1;0;0;0;1
14;"Świetlica Wiejska, Unin 22, 72-510 Wolin";320706;"gm. Wolin";"kamieński";"zachodniopomorskie";1;1;2;0;1;0;0;0;0;0;0;0;1;0;1;0;0;0;0;0;0;0;0;1;0;0;18;2;0;3;2;0;0;0;1;0;1;0;0;1;0;0;0;1;1;1;0;0;0;0;8;1;0;1;9;0;0;0;0;1;1;0;3;0;0;1;0;1;0;0;0;1;0;0;42;5;5;0;5;9;3;0;3;1;1;0;0;1;0;0;1;1;0;0;0;0;2;3;5;4;1;0;0;0;1;0;4;3;1;0;0;0;0;0;1;0;2;0;0;0;0;1;53;7;5;0;6;2;3;1;0;0;1;0;1;0;1;0;0;0;0;0;0;4;0;1;2;0;0;0;0;0;0;0;0;0;0;2;1;1;0;0;0;0;0;0;0;0;0;0
15;"Świetlica Wiejska w Warnowie, Warnowo 36A, 72-518 Warnowo";320706;"gm. Wolin";"kamieński";"zachodniopomorskie";1;1;0;1;0;0;0;0;0;0;0;0;0;1;0;0;0;0;0;0;0;0;0;0;0;0;6;3;0;0;0;0;0;0;1;0;1;0;0;0;0;0;0;0;0;0;0;1;0;0;2;0;0;4;0;0;0;0;0;0;0;0;0;0;1;0;0;0;0;0;0;0;0;0;33;13;3;1;1;1;2;1;2;0;0;0;1;3;0;0;0;0;0;0;0;0;0;1;2;7;0;0;0;0;0;0;2;0;0;0;0;0;0;0;0;0;0;0;1;0;0;0;25;5;5;0;2;1;1;0;3;0;0;0;0;0;0;0;0;0;3;1;0;4;0;0;0;0;0;0;0;0;0;0;0;0;0;0;1;0;0;0;0;0;0;0;0;0;0;0
16;"Świetlica Wiejska w Wiejkowie, Wiejkowo 2A, 72-510 Wolin";320706;"gm. Wolin";"kamieński";"zachodniopomorskie";1;1;1;0;0;0;0;0;0;0;0;0;0;0;0;0;0;0;0;0;0;0;0;0;0;0;3;0;0;2;0;0;0;0;0;2;0;0;1;0;0;1;0;0;0;0;1;0;0;0;6;1;0;1;3;0;1;1;0;0;0;0;0;0;0;0;0;0;0;0;0;0;0;0;34;4;2;0;0;1;3;0;1;1;0;0;0;2;1;1;0;1;0;0;1;0;0;1;4;0;0;0;0;0;1;0;0;0;0;0;0;0;0;0;0;0;0;0;0;0;0;0;23;1;2;0;3;0;3;0;0;0;0;0;0;0;0;0;0;0;1;1;1;3;0;1;0;0;0;0;0;0;0;0;0;0;0;0;2;0;0;0;0;0;0;0;0;0;0;0
1;"Barlinecki Ośrodek Kultury, ul. Podwale 9, 74-320 Barlinek";321001;"gm. Barlinek";"myśliborski";"zachodniopomorskie";1;1;2;2;0;1;0;0;0;0;0;1;0;0;0;0;0;1;0;1;0;0;0;0;0;1;16;2;4;4;3;1;0;1;3;1;1;1;1;1;1;0;0;0;2;0;1;0;0;0;11;15;2;1;4;2;0;1;1;3;1;0;0;0;0;0;0;0;1;2;1;0;2;4;75;23;29;6;5;26;13;3;1;1;0;1;4;3;0;1;5;1;4;5;5;0;1;5;12;4;2;1;1;0;0;0;1;3;0;0;5;1;0;0;0;0;1;0;0;0;0;0;45;57;7;1;1;0;1;0;1;0;0;118;0;1;0;0;0;0;0;0;1;0;0;0;5;0;2;1;0;0;1;0;0;0;1;0;1;0;0;0;0;0;1;0;0;0;0;0
2;"Przedszkole Miejskie Nr 2, ul. Podwale 11, 74-320 Barlinek";321001;"gm. Barlinek";"myśliborski";"zachodniopomorskie";1;1;0;1;1;0;0;0;0;0;0;0;0;0;0;0;0;0;0;0;0;0;1;0;1;0;12;3;7;5;4;1;0;1;5;1;3;3;0;2;0;0;1;0;4;1;0;0;0;0;8;4;1;2;4;4;0;1;0;1;1;0;0;0;3;0;2;0;0;0;1;0;0;1;102;18;36;5;9;29;7;4;1;3;1;2;1;2;0;1;3;0;3;1;2;0;1;2;14;2;5;0;1;0;0;0;1;0;1;0;4;0;0;0;1;1;0;0;0;0;0;0;73;62;0;0;0;0;2;1;0;2;1;96;0;0;0;1;0;0;1;3;0;0;1;0;3;1;1;0;1;1;1;0;0;0;0;0;0;0;0;0;0;1;0;0;0;0;0;0
3;"Szkoła Podstawowa Nr 1, ul. Jeziorna 12, 74-320 Barlinek";321001;"gm. Barlinek";"myśliborski";"zachodniopomorskie";1;1;2;0;0;0;0;0;2;0;0;0;0;0;0;0;1;1;0;0;0;0;0;0;0;0;15;5;4;3;4;0;3;0;3;1;1;2;0;0;1;0;3;0;1;2;2;0;2;1;15;10;6;2;3;6;0;0;1;0;0;0;0;0;0;0;2;0;1;2;2;0;2;1;70;22;36;6;13;32;8;4;0;6;1;1;2;4;0;0;0;0;0;3;2;0;2;4;14;6;2;0;2;1;0;1;1;0;1;0;4;0;1;0;0;0;0;0;0;0;0;0;72;79;1;1;1;1;0;1;0;0;0;117;1;1;0;1;0;1;0;0;0;0;0;0;5;1;0;1;0;0;0;0;0;0;0;0;1;0;0;0;0;2;0;0;0;0;1;0
4;"Urząd Stanu Cywilnego w Barlinku, ul. Jeziorna 8, 74-320 Barlinek";321001;"gm. Barlinek";"myśliborski";"zachodniopomorskie";1;1;2;2;0;1;1;0;0;1;0;0;0;0;0;0;0;0;0;0;0;0;0;0;0;0;18;4;5;5;6;3;1;2;1;0;0;0;1;1;0;3;0;2;2;1;1;0;1;0;13;7;0;1;5;3;3;2;5;1;3;1;1;0;0;1;3;0;0;4;1;0;0;1;74;32;28;12;10;37;8;2;1;2;0;5;1;2;0;1;2;0;0;0;3;0;2;1;14;3;6;1;0;0;1;1;2;1;0;0;4;0;0;0;0;1;0;1;0;0;1;1;50;66;3;1;2;0;3;2;0;1;0;139;0;0;0;0;0;0;0;0;0;0;0;3;5;1;0;0;0;0;0;0;0;0;1;0;10;0;1;0;1;0;0;0;1;0;0;1
5;"Europejskie Centrum Spotkań, ul. Leśna 1, 74-320 Barlinek";321001;"gm. Barlinek";"myśliborski";"zachodniopomorskie";1;1;1;5;0;0;1;0;0;0;0;0;0;0;0;0;0;0;0;1;0;0;0;0;0;1;15;4;5;5;2;0;0;2;0;0;1;1;2;0;1;1;0;1;1;0;2;0;0;1;11;4;3;1;5;4;1;0;1;0;1;0;0;0;0;1;3;0;3;0;1;0;0;0;45;24;13;4;4;26;5;2;2;1;2;3;1;0;1;0;2;0;1;1;1;1;0;3;10;2;5;1;0;1;1;0;1;0;0;0;0;0;0;0;0;0;0;0;1;0;0;2;46;65;3;0;0;1;4;3;0;0;0;104;0;0;0;0;1;0;0;0;0;0;0;0;6;2;0;0;0;2;0;0;0;0;0;0;7;0;0;0;0;0;0;0;0;0;0;0
6;"Szkoła Podstawowa Nr 1, ul. Leśna 10, 74-320 Barlinek";321001;"gm. Barlinek";"myśliborski";"zachodniopomorskie";1;1;1;0;0;1;0;0;0;0;0;0;0;0;0;0;0;1;0;0;0;0;0;0;0;0;18;3;2;3;3;1;0;0;2;0;0;0;1;1;0;0;1;0;1;1;0;0;2;1;5;7;2;0;0;2;0;0;2;2;0;0;0;3;0;1;0;0;0;0;0;0;3;2;40;11;25;2;6;24;6;4;0;1;0;3;0;0;0;0;2;1;1;0;2;0;1;2;9;2;3;2;0;0;1;1;1;0;0;0;2;0;0;0;0;0;0;0;0;0;0;0;45;40;1;1;0;1;0;0;0;1;1;116;0;0;0;0;0;0;0;0;0;0;1;0;7;1;0;4;0;0;0;0;0;3;0;2;2;1;0;0;0;0;0;0;0;0;0;1
7;"Nadleśnictwo Barlinek, ul. Tunelowa 56a, 74-320 Barlinek";321001;"gm. Barlinek";"myśliborski";"zachodniopomorskie";1;1;6;1;0;0;0;1;0;0;0;1;0;0;0;0;0;0;0;0;0;0;1;0;1;0;21;8;9;2;8;1;1;0;0;0;0;3;1;0;0;0;0;0;1;2;0;1;0;1;15;5;0;1;1;5;0;0;0;0;1;1;2;0;0;0;0;2;1;0;0;0;0;1;79;16;24;7;11;29;8;4;2;0;2;9;3;4;0;0;0;1;1;2;3;0;1;10;20;8;3;1;2;0;3;0;2;1;0;1;1;0;1;0;0;0;0;0;1;1;1;0;55;69;2;3;1;1;4;2;2;0;0;145;0;1;0;0;1;0;0;1;0;2;0;0;8;1;0;2;0;0;0;0;0;0;0;0;4;2;0;0;1;1;1;2;0;0;0;1
8;"Szkoła Podstawowa Nr 4, ul. Kombatantów 3, 74-320 Barlinek";321001;"gm. Barlinek";"myśliborski";"zachodniopomorskie";1;1;3;1;0;1;0;1;0;1;1;1;0;5;0;0;2;0;2;0;0;0;0;0;0;1;33;6;7;7;5;1;3;1;3;1;0;1;1;2;0;1;1;0;2;2;0;0;1;1;22;11;8;0;3;10;0;0;1;1;2;3;0;0;2;0;4;0;0;3;3;0;1;1;30;15;26;1;3;36;5;2;0;1;0;3;3;4;0;0;1;2;0;0;2;0;1;1;16;11;6;4;1;0;1;2;1;0;1;1;2;0;0;0;0;0;0;2;1;0;0;0;43;62;2;0;1;1;3;1;1;0;0;131;0;0;0;0;0;0;2;1;1;0;1;0;4;1;0;0;0;0;0;0;0;1;0;1;1;0;0;0;1;0;1;0;0;0;0;0
9;"Szkoła Podstawowa Nr 4, ul. Kombatantów 3, 74-320 Barlinek";321001;"gm. Barlinek";"myśliborski";"zachodniopomorskie";1;1;4;3;0;0;1;0;0;0;0;1;0;1;0;0;0;0;2;0;0;0;0;0;0;1;25;6;9;4;6;1;3;0;1;4;1;4;1;1;0;1;0;0;0;3;1;0;3;1;14;7;2;1;3;6;0;1;4;1;2;0;0;0;0;0;1;0;0;0;2;0;5;1;61;21;24;8;16;19;7;8;3;2;0;4;5;1;0;0;1;0;1;2;2;0;2;2;11;3;4;2;3;1;1;2;1;3;0;0;4;0;1;0;1;0;0;0;0;0;0;0;56;81;2;1;0;2;1;2;2;0;1;139;0;0;0;0;0;0;0;0;0;0;0;0;2;0;1;0;0;2;0;0;0;0;0;0;0;0;0;0;0;0;0;0;0;0;0;0
10;"Zespół Szkół i Placówek Oświatowych, ul. Szosowa 2, 74-320 Barlinek";321001;"gm. Barlinek";"myśliborski";"zachodniopomorskie";1;1;0;2;2;0;0;1;0;1;1;1;0;0;0;1;0;0;1;1;2;0;0;0;2;1;20;7;6;6;5;0;0;2;3;2;1;1;1;1;0;0;0;0;4;0;0;0;0;1;14;5;2;0;2;1;0;2;0;0;2;1;2;1;0;0;3;1;3;2;2;0;0;1;57;37;26;2;12;25;7;6;0;0;0;3;0;3;0;0;1;2;1;2;1;0;1;1;13;2;2;1;2;1;2;0;0;1;0;0;3;1;0;0;1;0;1;1;1;0;0;1;53;91;3;0;0;2;3;1;0;0;0;128;0;0;0;0;0;0;0;0;0;0;0;2;2;1;0;0;1;0;0;0;0;0;0;1;0;0;0;0;0;0;0;0;0;0;1;0
11;"Zespół Szkół i Placówek Oświatowych, ul. Szosowa 2, 74-320 Barlinek";321001;"gm. Barlinek";"myśliborski";"zachodniopomorskie";1;1;3;0;0;0;0;0;0;1;0;0;0;0;0;1;1;0;0;0;0;0;0;0;0;0;13;3;2;5;3;0;0;1;6;0;0;2;1;0;0;1;1;0;4;3;0;0;0;1;21;1;2;1;4;3;0;0;1;0;0;0;0;0;1;0;1;0;0;1;0;0;1;0;74;20;27;9;6;26;10;4;3;1;0;2;2;4;0;2;1;1;0;1;2;0;0;1;7;8;4;3;1;0;1;1;0;0;0;0;0;0;2;0;3;0;0;0;0;0;0;3;51;62;4;0;3;2;2;4;0;0;0;98;0;1;0;0;0;0;1;0;0;0;0;0;4;1;0;0;0;0;1;1;0;0;0;0;2;0;0;0;0;0;0;0;0;0;0;1
12;"Świetlica wiejska, Osina 26a, 74-320 Barlinek";321001;"gm. Barlinek";"myśliborski";"zachodniopomorskie";1;1;0;0;0;0;0;0;0;0;0;0;0;0;0;0;0;0;0;0;0;0;0;0;0;0;6;2;4;1;0;0;1;0;2;0;0;0;1;2;0;1;0;1;1;2;1;0;0;0;11;2;3;0;0;0;1;0;0;0;2;0;0;0;0;0;2;0;0;0;0;0;1;0;25;2;9;5;3;4;5;3;0;0;1;0;0;3;0;0;0;1;0;1;3;0;1;2;7;4;4;0;2;0;0;0;0;0;0;0;1;0;0;0;0;0;0;0;0;0;0;0;19;28;5;0;0;0;0;3;1;0;0;50;0;0;1;0;0;0;0;0;0;0;0;0;0;0;0;0;0;0;0;0;0;0;0;0;0;0;0;0;0;0;0;0;0;0;0;0
13;"Świetlica wiejska, Płonno 29D, 74-320 Barlinek";321001;"gm. Barlinek";"myśliborski";"zachodniopomorskie";1;1;2;0;0;0;0;0;0;0;0;0;0;0;0;0;0;0;0;1;0;0;0;0;0;1;10;1;2;4;1;0;0;0;1;0;0;4;2;1;0;0;3;0;1;0;0;0;0;1;2;5;1;3;5;0;0;0;0;0;0;1;0;0;0;0;1;0;2;0;0;0;0;0;21;7;4;0;1;5;8;3;3;0;2;0;1;2;0;1;1;0;0;1;3;0;0;6;4;1;2;3;0;0;1;0;0;1;0;0;1;0;0;2;0;0;0;0;0;0;0;0;11;16;2;0;0;0;0;0;0;0;0;23;0;0;0;0;0;0;0;0;0;0;0;1;2;0;1;0;0;0;0;0;0;0;0;0;2;1;0;0;0;0;0;0;0;0;0;0
14;"Szkoła Podstawowa, Mostkowo 37d, 74-322 Mostkowo";321001;"gm. Barlinek";"myśliborski";"zachodniopomorskie";1;1;1;0;0;0;1;0;0;0;1;0;0;0;0;1;0;0;0;0;1;0;0;0;0;0;26;3;2;0;2;0;4;1;4;1;1;1;2;0;0;4;0;0;1;0;0;0;0;0;12;3;1;1;3;11;1;1;3;0;0;0;0;0;0;1;0;0;0;1;0;0;1;2;44;21;49;44;17;16;12;6;3;1;2;3;2;5;0;0;0;1;2;1;1;0;0;5;8;2;3;4;4;0;0;0;3;0;0;1;4;0;0;1;1;1;0;0;0;0;0;0;33;31;0;0;2;1;3;0;0;1;2;90;0;1;0;2;1;0;0;0;1;0;0;1;1;1;0;1;1;1;0;1;0;0;0;0;0;0;0;0;0;0;2;0;1;0;0;0
15;"Świetlica wiejska, Rychnów 45, 74-320 Barlinek";321001;"gm. Barlinek";"myśliborski";"zachodniopomorskie";1;1;2;0;0;0;0;0;2;0;0;0;0;0;0;0;1;0;0;0;0;0;0;0;0;0;4;0;3;4;1;0;2;1;0;2;0;2;2;0;1;0;1;1;0;2;0;0;1;0;1;1;0;0;1;3;0;0;3;1;1;1;0;0;1;1;1;0;1;0;1;0;0;1;29;15;79;7;13;3;11;2;1;9;0;4;2;1;0;0;1;2;0;1;0;0;1;3;13;3;2;1;0;0;2;0;2;0;0;0;0;0;0;0;0;2;1;1;0;1;0;0;32;19;4;2;0;1;2;0;2;0;0;69;0;0;0;0;0;0;0;0;0;0;0;1;1;0;0;1;1;0;0;0;0;0;0;0;0;0;0;0;0;0;0;0;0;0;0;0
16;"Świetlica wiejska, Moczkowo ul. Gorzowska 15, 74-320 Barlinek";321001;"gm. Barlinek";"myśliborski";"zachodniopomorskie";1;1;1;1;0;1;0;0;0;1;1;1;0;0;0;0;0;0;0;0;0;0;0;0;0;0;34;5;12;6;4;1;4;0;0;2;4;4;3;3;1;1;0;0;7;4;0;0;1;0;12;13;6;1;8;7;0;1;2;0;2;2;0;0;1;0;3;0;1;2;0;1;2;1;76;14;39;9;6;23;15;2;1;2;0;7;1;4;1;1;4;0;4;1;2;1;0;2;13;3;12;3;2;0;1;0;2;1;0;0;4;1;0;0;1;0;1;0;1;1;0;3;83;136;5;3;0;3;4;1;1;1;1;201;1;1;1;0;0;0;0;0;0;0;1;1;5;0;0;2;2;1;0;0;0;2;1;1;2;0;0;0;0;0;3;0;0;0;0;1
17;"Świetlica wiejska, Lutówko 17a, 74-320 Lutówko";321001;"gm. Barlinek";"myśliborski";"zachodniopomorskie";1;1;2;0;0;0;0;0;0;1;0;1;0;0;0;0;1;0;0;1;1;0;0;0;0;0;2;1;2;1;1;0;0;1;0;0;0;1;0;0;0;0;0;0;1;0;0;0;0;1;6;0;3;3;1;1;0;0;0;0;1;0;0;0;0;0;0;0;1;0;3;0;0;0;10;7;14;3;9;9;2;1;0;0;1;0;0;0;0;0;2;0;0;0;0;0;1;0;6;0;5;0;0;0;0;1;0;0;0;0;0;0;0;0;0;0;0;0;1;0;1;0;17;7;1;0;0;0;0;1;0;0;0;34;0;0;0;0;0;0;0;0;0;0;0;0;0;0;0;0;0;0;0;0;0;0;0;0;0;0;0;0;0;0;0;0;0;0;0;0
18;"Świetlica wiejska, Krzynka 24a, 74-320 Barlinek";321001;"gm. Barlinek";"myśliborski";"zachodniopomorskie";1;1;1;0;0;0;0;0;0;0;0;0;0;0;0;0;0;0;0;0;0;0;0;0;0;0;4;0;1;5;2;0;0;0;0;0;0;2;0;0;0;0;0;0;1;2;1;0;0;0;1;2;1;0;0;0;0;0;0;0;0;0;1;0;0;0;0;0;0;0;0;0;0;1;13;14;3;1;0;5;4;1;1;0;2;0;0;0;0;0;0;0;1;0;0;0;0;1;8;1;8;0;0;0;0;0;1;0;0;0;3;0;0;0;0;1;0;0;0;0;0;1;16;24;1;0;1;0;0;1;0;1;0;36;0;0;0;0;0;0;0;0;0;0;0;0;0;0;0;0;0;0;0;0;0;0;0;0;0;0;0;0;0;0;0;0;0;0;0;0
19;"Szpital Barlinek Sp. z o. o., ul. Szpitalna 10, 74-320 Barlinek";321001;"gm. Barlinek";"myśliborski";"zachodniopomorskie";1;1;0;0;0;0;0;0;1;0;0;0;0;0;1;0;0;0;0;1;0;0;0;0;0;0;1;0;0;0;0;0;0;0;0;0;0;0;0;0;0;1;0;0;0;0;0;0;0;0;0;1;0;0;0;0;0;0;0;0;0;0;0;0;0;0;0;0;0;0;0;0;0;0;7;1;0;0;1;0;0;0;0;0;0;0;0;0;0;0;0;0;0;0;0;0;0;0;0;1;0;0;0;0;0;0;0;0;0;0;0;1;0;0;0;0;0;1;0;0;0;0;4;1;1;0;0;0;0;0;0;0;0;0;0;0;0;0;0;0;0;0;0;1;0;0;0;0;0;0;0;0;0;0;0;0;0;0;0;0;0;0;0;0;0;0;0;0;0;0
1;"Gminny Ośrodek Kultury, ul. Poznańska 19A, 74-407 Boleszkowice";321002;"gm. Boleszkowice";"myśliborski";"zachodniopomorskie";1;1;0;0;0;2;0;2;1;0;2;0;1;0;0;0;1;0;0;2;0;0;0;0;1;2;35;8;3;10;3;1;1;2;2;6;0;3;1;1;0;3;0;1;2;4;0;0;1;0;22;8;3;2;2;13;1;2;2;1;1;1;3;3;5;0;1;0;0;1;1;0;0;1;53;35;17;5;25;10;9;3;0;3;0;7;1;0;0;1;1;2;1;0;1;0;1;0;10;9;5;4;1;0;1;0;1;1;0;0;1;0;0;0;0;1;1;1;0;0;0;0;157;24;8;6;3;0;16;7;2;7;4;8;0;0;0;0;6;0;0;0;0;0;1;2;5;0;3;0;0;0;0;0;0;0;0;1;2;0;1;0;0;0;3;0;0;0;9;0
2;"Świetlica Wiejska, Namyślin 70, 74-406 Namyślin";321002;"gm. Boleszkowice";"myśliborski";"zachodniopomorskie";1;1;3;1;0;0;0;0;0;0;0;0;1;0;0;0;0;0;0;0;0;0;0;0;0;0;16;1;0;6;1;0;1;0;2;1;1;1;0;1;0;0;0;2;2;3;0;0;2;1;9;2;0;0;3;2;0;0;0;0;1;3;2;0;1;0;0;0;0;1;0;0;1;0;26;18;2;5;6;3;4;2;1;0;1;1;3;1;0;0;0;0;0;1;4;0;0;1;11;2;5;1;0;0;0;0;1;2;0;0;0;1;3;0;1;0;0;0;0;1;0;0;83;10;4;1;2;2;9;3;0;0;0;1;0;0;0;0;0;0;0;1;0;1;0;1;6;1;2;1;1;0;0;0;0;0;0;0;0;0;0;0;0;0;0;0;0;0;0;0
3;"Świetlica Wiejska, Gudzisz 23B, 74-407 Boleszkowice";321002;"gm. Boleszkowice";"myśliborski";"zachodniopomorskie";1;1;0;0;0;0;1;0;0;0;0;0;0;0;0;0;0;0;0;0;0;0;0;0;0;1;9;3;1;1;1;1;0;2;1;0;0;2;0;1;0;0;0;1;0;1;0;0;0;0;6;2;1;1;0;2;2;0;0;2;1;0;1;0;0;1;1;0;0;1;1;0;1;0;30;42;2;3;6;3;3;1;0;0;1;0;1;0;1;0;0;0;3;0;0;0;0;1;7;2;0;3;1;0;2;0;1;2;0;1;0;0;0;0;1;0;0;0;0;0;0;0;39;14;3;3;0;2;5;1;0;1;0;1;0;0;0;0;1;0;0;3;0;0;0;0;0;1;0;0;1;0;1;0;0;0;0;0;1;0;2;0;0;0;1;0;0;0;0;1
4;"Świetlica Wiejska, Wysoka 4 A, 74-407 Boleszkowice";321002;"gm. Boleszkowice";"myśliborski";"zachodniopomorskie";1;1;0;1;0;0;1;0;0;1;1;0;0;0;0;0;0;0;0;0;0;0;0;0;0;0;8;4;1;3;0;0;2;1;0;0;0;0;0;0;0;0;0;2;0;5;0;0;0;0;1;2;0;0;2;1;0;0;1;0;0;0;0;0;1;0;0;1;0;0;0;0;1;0;18;16;3;2;4;2;2;0;3;3;0;3;0;0;2;0;2;0;0;0;0;0;0;2;3;3;4;1;0;0;0;0;0;2;0;0;0;2;0;0;0;0;0;0;1;0;0;0;12;9;0;0;1;1;8;0;0;2;0;0;0;0;0;0;0;0;1;0;0;0;0;0;4;1;0;0;1;0;0;1;0;0;0;0;0;0;0;1;0;0;0;0;0;0;0;0
1;"Szkoła Podstawowa Nr 1, ul. Marszałka Józefa Piłsudskiego 10, 74-400 Dębno";321003;"gm. Dębno";"myśliborski";"zachodniopomorskie";1;1;5;4;1;1;0;1;4;1;1;1;0;1;0;3;0;0;0;2;0;2;2;0;0;0;41;7;8;20;6;2;3;4;3;0;1;1;5;2;0;3;2;16;2;4;1;0;1;2;31;9;5;1;13;26;1;3;6;0;2;0;3;1;3;0;4;1;0;0;0;1;5;4;91;79;39;13;50;25;21;7;1;3;1;17;4;1;1;3;3;4;10;2;4;0;4;9;23;8;16;3;5;2;2;0;2;1;1;0;1;0;1;1;1;0;1;1;1;0;0;2;303;104;15;6;3;9;97;3;2;12;0;7;1;1;1;1;1;1;3;8;0;0;0;3;9;2;1;1;1;1;0;0;1;1;0;3;5;0;0;0;0;0;2;0;0;0;1;2
2;"Szkoła Podstawowa Nr 2, ul. Jana Pawła II 1, 74-400 Dębno";321003;"gm. Dębno";"myśliborski";"zachodniopomorskie";1;1;0;2;0;0;0;0;0;1;0;0;1;0;0;0;0;3;0;0;0;0;1;0;0;0;18;2;3;6;1;0;1;0;1;0;1;0;0;0;0;0;1;12;1;2;1;0;1;1;12;6;0;1;2;6;1;1;1;0;0;0;2;0;0;0;2;0;0;0;0;2;4;2;60;43;21;4;27;9;7;1;0;1;2;6;1;3;0;0;2;0;4;0;2;0;2;6;20;2;4;1;0;1;0;2;0;0;0;0;0;1;0;0;0;0;0;0;0;0;0;1;139;46;10;3;0;7;24;4;0;7;1;10;0;1;0;0;0;0;1;2;1;0;0;3;5;0;0;0;0;0;0;0;0;0;0;1;1;0;0;0;0;0;1;0;0;0;0;0
3;"Dębnowski Ośrodek Kultury, ul. Ignacego Daszyńskiego 20, 74-400 Dębno";321003;"gm. Dębno";"myśliborski";"zachodniopomorskie";1;1;7;6;1;0;0;1;0;1;0;0;1;2;0;0;2;2;0;0;1;0;0;0;0;1;45;12;12;22;12;3;0;3;7;3;2;0;0;4;0;2;3;30;5;6;3;1;5;3;25;17;11;5;7;27;2;1;7;2;0;0;2;0;2;0;5;0;2;2;1;2;1;2;111;63;25;4;93;35;8;4;0;6;0;18;2;1;0;0;5;4;12;3;2;0;1;6;41;11;16;3;6;0;2;2;4;1;2;0;0;1;0;3;2;1;1;0;4;2;0;0;384;154;19;12;1;7;87;5;0;22;3;8;1;2;3;0;3;1;1;15;2;1;1;3;12;3;1;3;0;0;0;0;1;4;0;1;3;0;0;0;0;0;0;1;0;0;0;0
4;"Zespół Szkół im. Juliusza Słowackiego, ul. Zachodnia 4, 74-400 Dębno";321003;"gm. Dębno";"myśliborski";"zachodniopomorskie";1;1;7;2;0;0;0;0;4;0;2;2;1;0;0;0;0;4;0;0;0;0;0;0;2;1;41;10;8;11;7;1;2;1;7;0;0;2;0;2;0;1;2;23;7;6;1;0;1;2;33;7;4;1;5;19;0;0;2;4;0;1;7;0;0;0;1;1;0;0;1;0;1;4;96;90;34;12;57;20;8;4;0;5;1;16;5;1;1;1;0;0;14;4;1;1;1;2;31;6;10;7;3;1;1;0;7;4;0;0;0;1;0;1;0;3;0;0;0;2;0;1;345;113;15;12;0;7;64;8;1;8;1;8;3;1;2;0;7;0;1;5;0;0;1;9;4;2;0;0;2;0;1;0;2;1;1;0;3;0;0;0;0;1;3;0;0;0;0;0
5;"Szkoła Podstawowa Nr 3, ul. Juliusza Słowackiego 21, 74-400 Dębno";321003;"gm. Dębno";"myśliborski";"zachodniopomorskie";1;1;2;3;0;0;0;0;1;0;2;0;0;1;0;0;0;2;1;0;1;0;0;0;0;0;21;7;4;12;10;2;0;4;2;2;0;0;2;1;0;6;0;11;0;0;2;0;1;1;14;6;1;1;5;22;1;0;6;0;4;1;3;2;0;0;3;3;0;0;1;2;2;2;71;57;13;8;33;10;15;2;3;7;3;3;2;1;2;3;0;3;3;0;5;0;1;7;40;4;9;4;1;0;1;0;6;0;0;0;0;1;1;0;2;1;0;0;0;0;0;0;189;74;11;1;0;7;62;4;2;10;1;4;0;0;0;0;3;0;2;1;1;0;2;2;12;1;0;3;1;0;0;0;0;2;0;3;0;0;0;0;0;0;0;0;0;0;1;0
6;"Filia Szkoły Podstawowej Nr 3, ul. Jana Pawła II 63, 74-400 Dębno";321003;"gm. Dębno";"myśliborski";"zachodniopomorskie";1;1;1;2;0;1;0;1;0;0;1;0;0;0;0;0;0;0;0;1;0;1;0;0;1;0;29;6;3;8;9;1;2;4;2;1;0;0;0;0;0;1;1;12;2;3;1;0;0;0;15;5;0;2;6;13;0;1;4;1;1;0;0;2;1;0;2;0;2;0;0;1;2;4;57;68;14;14;30;11;7;4;2;3;1;4;2;3;5;2;5;0;8;2;2;1;1;3;21;4;1;1;0;0;1;1;3;0;0;1;0;0;0;0;1;0;0;0;0;0;0;1;171;53;12;4;1;2;31;6;2;9;0;5;0;1;1;2;4;1;0;1;0;0;0;0;6;0;0;0;0;0;1;0;0;2;0;2;0;0;0;0;0;0;0;0;0;0;0;0
7;"Świetlica Wiejska, Różańsko 22, 74-311 Różańsko";321003;"gm. Dębno";"myśliborski";"zachodniopomorskie";1;1;3;4;2;0;0;0;1;0;0;0;0;0;0;0;0;0;0;0;0;0;0;0;0;0;13;3;1;3;1;1;0;1;3;1;0;1;2;0;0;0;0;5;1;2;1;0;1;0;4;0;0;0;3;11;1;0;1;1;1;2;0;0;2;0;0;0;0;0;1;0;3;0;27;50;8;4;11;9;1;2;1;3;5;13;1;0;0;0;1;1;14;0;0;0;1;6;19;3;2;1;1;2;1;1;0;0;0;1;0;0;0;0;1;2;0;0;0;2;1;0;93;40;11;1;2;1;15;6;0;1;0;1;0;0;0;0;0;0;1;0;0;0;0;3;4;2;0;0;0;1;0;0;0;0;0;0;0;0;0;0;0;0;0;0;0;1;0;0
8;"Szkoła Podstawowa, ul. Jana Pawła II 85, 74-404 Cychry";321003;"gm. Dębno";"myśliborski";"zachodniopomorskie";1;1;2;1;1;0;0;2;1;0;0;1;0;1;0;0;1;1;0;0;1;0;0;3;0;0;19;6;4;5;3;1;1;2;3;1;1;1;0;0;0;2;0;0;0;5;0;0;2;0;7;3;5;1;2;15;0;0;1;1;1;0;0;0;0;0;2;0;0;0;1;1;0;2;34;65;11;4;6;4;6;2;0;3;0;0;0;0;0;1;2;0;2;0;0;0;1;1;13;2;8;2;3;1;0;0;0;0;0;0;0;1;0;0;0;0;0;0;0;0;0;0;77;14;6;8;1;5;9;2;0;3;0;0;0;0;0;2;1;1;0;6;1;0;0;1;4;2;1;1;0;0;1;0;0;0;0;0;1;0;0;0;0;0;0;0;0;0;0;1
9;"Szkoła Podstawowa, Sarbinowo 80, 74-404 Cychry";321003;"gm. Dębno";"myśliborski";"zachodniopomorskie";1;1;0;1;0;0;0;0;0;1;0;0;0;0;0;0;0;1;0;0;0;0;0;0;1;0;15;1;2;4;6;1;0;0;3;0;1;2;0;1;0;0;2;0;2;4;0;0;1;0;10;4;1;1;5;2;0;2;3;1;1;0;0;0;1;0;0;0;1;3;1;0;2;2;27;32;11;1;3;2;2;5;0;0;0;2;3;1;3;1;1;3;2;0;1;0;0;3;10;5;3;1;0;1;3;1;1;1;0;0;1;0;0;0;2;0;0;0;0;0;1;1;59;12;1;0;1;2;11;2;0;7;1;3;0;2;1;1;0;0;0;3;0;1;1;1;2;0;0;0;1;0;1;0;0;0;0;0;10;0;0;0;1;0;2;0;0;0;3;0
10;"Szkoła Podstawowa, Smolnica 20, 74-400 Dębno";321003;"gm. Dębno";"myśliborski";"zachodniopomorskie";1;1;6;3;0;0;0;0;1;0;1;0;0;0;0;0;0;1;0;0;0;0;0;0;1;1;28;1;3;11;5;1;3;0;6;3;0;1;2;1;1;5;0;3;0;3;0;0;0;1;10;3;7;2;3;4;1;0;0;3;0;2;0;0;0;0;0;0;1;0;0;0;3;0;37;31;5;7;17;7;10;3;0;5;4;14;2;0;0;2;1;0;2;1;3;1;1;7;21;2;6;1;3;0;1;1;0;3;0;0;1;3;1;0;0;0;0;1;0;1;0;1;70;26;0;1;3;4;15;6;0;5;0;2;0;0;0;0;0;1;0;3;0;0;3;2;3;0;3;0;0;0;1;0;0;0;0;1;1;0;0;0;1;0;1;0;0;0;1;0
11;"Zespół Placówek Oświatowych, Barnówko 38, 74-311 Różańsko";321003;"gm. Dębno";"myśliborski";"zachodniopomorskie";1;1;0;0;1;0;0;0;0;0;0;0;0;0;0;0;0;1;0;0;0;0;0;0;1;1;12;3;1;6;2;0;1;1;2;1;0;0;2;1;0;0;0;1;1;0;0;0;2;0;4;1;2;0;3;10;0;0;1;0;2;0;0;0;1;0;1;0;0;0;0;0;0;0;24;37;2;3;6;5;2;0;1;1;0;8;0;0;1;0;3;1;2;0;0;1;3;1;7;1;5;1;1;1;1;0;1;2;0;0;1;0;0;0;0;0;0;0;0;0;0;0;48;17;4;4;3;2;16;3;0;0;0;2;0;1;0;0;0;0;3;1;0;1;1;0;1;0;0;0;0;0;1;0;0;0;0;0;0;0;0;0;0;0;0;0;0;0;0;0
12;"Świetlica Wiejska, Oborzany 42, 74-400 Dębno";321003;"gm. Dębno";"myśliborski";"zachodniopomorskie";1;1;0;1;1;0;1;1;0;0;0;0;0;0;1;0;1;0;0;0;0;1;0;0;2;0;6;4;1;2;2;0;0;1;2;1;0;0;0;0;0;1;0;0;0;1;1;0;1;0;2;1;1;0;2;1;0;0;0;1;1;0;0;0;0;0;0;0;0;0;0;0;0;1;34;13;5;4;14;9;3;1;0;0;0;0;1;1;0;1;0;0;2;0;0;0;1;3;8;0;3;3;0;0;0;0;0;0;1;0;0;2;0;0;0;0;0;0;0;0;0;0;40;15;0;0;1;6;10;0;1;3;0;0;0;0;0;0;1;1;0;0;0;0;0;1;2;0;0;0;0;0;0;0;0;0;0;0;1;1;0;0;0;0;0;0;0;0;0;0
13;"Remiza Ochotniczej Straży Pożarnej, Dargomyśl 101A, 74-404 Cychry";321003;"gm. Dębno";"myśliborski";"zachodniopomorskie";1;1;2;0;0;0;0;1;1;0;0;0;0;0;0;0;0;0;0;0;0;0;0;0;0;1;19;2;2;6;1;2;0;0;0;0;0;1;1;0;0;0;0;3;0;2;1;0;0;0;5;2;0;0;2;1;0;0;0;1;0;1;0;0;1;1;0;0;0;0;0;0;1;0;21;52;1;2;7;1;2;0;0;0;0;0;1;0;0;1;0;0;2;2;0;1;0;0;9;1;6;1;0;0;1;0;1;4;0;0;0;1;1;0;0;0;1;0;0;0;1;0;47;13;0;1;0;2;9;5;2;2;0;0;0;1;0;0;0;0;0;0;0;0;1;2;8;1;1;1;0;0;0;0;0;0;0;0;0;0;0;0;0;0;1;0;0;0;0;0
14;"Świetlica Wiejska, Bogusław 38, 74-404 Cychry";321003;"gm. Dębno";"myśliborski";"zachodniopomorskie";1;1;1;0;0;0;0;0;0;0;0;0;0;0;1;0;0;0;0;0;0;1;0;0;0;0;11;0;4;2;0;0;2;0;0;0;0;0;2;0;0;0;0;5;1;8;1;0;0;1;1;2;0;1;0;1;0;0;1;1;0;0;0;0;0;0;0;0;0;0;3;0;0;1;6;6;11;0;4;3;2;1;0;1;1;1;1;0;0;0;0;0;1;0;0;0;0;0;6;4;0;1;0;1;0;0;2;0;0;0;0;0;0;0;0;0;0;0;0;0;0;0;25;10;1;0;0;2;7;2;1;2;0;0;0;0;0;0;0;0;0;0;0;0;0;3;1;0;0;0;0;0;0;0;0;0;0;1;0;0;0;0;0;0;0;0;1;0;0;0
15;"Świetlica Wiejska, Krześnica 58B, 74-404 Cychry";321003;"gm. Dębno";"myśliborski";"zachodniopomorskie";1;1;0;0;0;0;0;0;0;0;0;0;0;1;0;0;0;0;0;0;0;0;0;0;0;0;23;1;1;3;6;1;1;1;0;0;0;0;1;0;0;1;2;0;0;1;0;0;0;1;5;2;2;0;2;1;0;0;2;2;1;0;1;0;0;0;1;0;0;0;0;0;2;0;18;9;4;3;2;9;2;1;1;4;0;0;0;0;1;2;0;1;2;0;3;0;0;1;9;0;1;3;1;0;2;1;0;0;0;0;0;0;0;0;0;0;0;0;0;0;1;0;25;3;7;1;0;4;2;1;1;0;0;0;0;0;0;0;0;0;0;0;1;0;0;0;0;1;0;0;0;0;0;0;0;0;0;0;0;0;0;0;0;0;0;0;0;0;0;0
16;"Świetlica Wiejska, Warnice 14A, 74-311 Różańsko";321003;"gm. Dębno";"myśliborski";"zachodniopomorskie";1;1;2;0;0;0;0;0;1;0;0;0;0;1;0;0;0;0;1;0;0;0;0;0;1;0;14;0;0;1;3;0;0;1;0;0;0;0;0;0;0;1;1;3;1;0;0;0;0;0;8;2;0;0;0;1;0;0;0;0;0;0;0;0;0;0;1;0;0;0;1;0;0;1;7;9;0;2;2;3;7;1;0;1;0;11;0;0;0;0;0;0;1;0;0;1;0;1;5;1;3;2;0;0;0;0;0;0;1;0;0;0;0;1;0;0;0;0;0;0;0;0;15;9;4;0;0;0;26;0;0;1;0;0;0;0;0;0;0;0;0;0;0;0;0;0;0;0;0;1;0;0;0;0;0;0;0;0;0;0;0;0;0;0;0;0;0;0;0;0
17;"Szpital w Dębnie im. Świętej Matki Teresy z Kalkuty Sp. z o. o., ul. Tadeusza Kościuszki 58, 74-400 Dębno";321003;"gm. Dębno";"myśliborski";"zachodniopomorskie";1;1;1;0;0;0;0;0;0;0;0;0;0;0;0;0;0;0;0;0;0;0;0;0;0;0;0;0;0;0;1;0;0;0;0;0;0;0;0;0;0;0;0;0;1;0;0;0;0;0;0;0;0;0;0;0;0;0;0;0;0;0;0;0;0;0;0;0;0;0;0;0;0;0;2;1;0;0;0;0;0;0;0;1;0;0;0;0;0;0;0;0;1;0;0;1;0;0;1;0;0;0;0;0;0;0;0;0;0;0;0;0;0;0;0;0;0;0;0;0;0;0;4;0;1;0;0;0;0;0;0;0;0;0;0;0;0;0;0;0;0;0;0;0;0;0;0;0;0;0;0;0;0;0;0;0;0;0;0;0;0;0;0;0;0;0;0;0;0;0
1;"Szkoła Podstawowa nr 3 im. Leonida Teligi, ul. Lipowa 18a, 74-300 Myślibórz";321004;"gm. Myślibórz";"myśliborski";"zachodniopomorskie";1;1;4;0;0;1;0;0;0;0;0;0;0;0;0;0;1;0;1;0;0;0;0;0;0;0;28;6;9;6;6;0;1;1;4;2;2;3;1;0;0;1;6;10;1;2;1;0;0;0;11;2;1;0;1;126;1;1;2;0;0;3;1;1;0;0;1;0;1;1;4;1;0;3;65;25;19;8;20;21;3;3;0;2;0;12;0;0;0;0;1;0;8;0;2;0;1;1;13;4;6;5;0;0;2;0;1;0;0;1;0;1;0;0;0;0;1;0;0;0;0;3;126;59;7;3;0;0;14;1;2;0;0;12;1;1;1;1;1;0;2;0;0;0;0;1;6;1;0;0;0;0;0;0;1;0;0;1;0;0;0;0;0;0;0;0;0;0;0;0
2;"Szkoła Podstawowa nr 3 im. Leonida Teligi, ul. Lipowa 18a, 74-300 Myślibórz";321004;"gm. Myślibórz";"myśliborski";"zachodniopomorskie";1;1;4;1;0;0;0;0;1;0;0;0;0;0;0;1;0;1;0;0;1;0;0;0;1;0;25;3;1;6;3;0;1;1;4;0;0;0;3;0;1;1;0;20;1;0;1;0;0;0;16;4;1;2;2;132;0;0;1;0;2;0;1;0;0;0;0;0;0;0;0;1;0;11;106;60;21;17;18;27;10;4;3;3;0;13;1;1;1;0;1;0;9;3;0;0;1;2;12;4;0;2;4;0;1;0;1;0;0;0;1;0;2;0;1;0;0;2;0;4;0;0;145;73;5;2;0;0;12;8;0;0;0;17;1;1;1;0;0;0;3;3;0;1;1;1;0;0;0;1;0;0;1;0;0;1;0;0;4;0;0;1;0;2;1;1;0;0;0;0
3;"Miejska i Powiatowa Biblioteka Publiczna, ul. Armii Polskiej 16, 74-300 Myślibórz";321004;"gm. Myślibórz";"myśliborski";"zachodniopomorskie";1;1;5;1;0;0;1;0;0;1;0;0;0;0;0;1;0;0;0;0;0;0;0;0;0;2;12;7;8;8;1;1;3;0;0;0;1;0;2;1;0;2;0;17;0;1;0;0;0;0;9;0;0;0;3;79;0;0;0;1;1;0;1;0;0;0;0;0;0;0;0;1;0;6;84;16;8;9;18;17;4;0;0;1;0;23;2;0;0;0;1;1;15;1;0;0;0;2;13;3;0;1;1;1;0;0;3;0;0;0;0;1;0;0;0;0;0;0;0;0;0;0;119;66;5;0;0;1;14;1;0;1;1;18;0;0;0;0;0;0;1;2;0;1;3;1;4;1;0;0;1;0;2;1;0;0;0;0;5;0;0;0;0;0;1;0;0;0;0;1
4;"Środowiskowy Dom Samopomocy, ul. Kamienna 20, 74-300 Myślibórz";321004;"gm. Myślibórz";"myśliborski";"zachodniopomorskie";1;1;3;3;0;1;1;0;0;0;0;0;0;0;0;0;0;0;0;0;1;0;1;0;0;1;28;7;3;4;4;3;3;1;1;0;0;1;0;3;0;0;0;19;1;1;0;0;0;0;9;9;0;0;0;110;0;0;0;1;0;1;0;2;0;0;0;0;0;0;0;1;1;7;60;19;10;3;14;29;7;1;3;6;1;31;1;0;0;3;1;0;18;1;2;0;0;8;8;10;8;2;2;2;1;0;2;0;2;0;0;0;0;0;0;2;0;0;0;0;1;0;163;80;7;2;1;2;8;1;0;0;0;19;1;0;1;3;0;0;1;1;0;0;3;1;3;1;0;1;0;0;0;0;0;0;1;0;0;0;0;0;0;0;2;0;0;0;0;0
5;"Zespół Szkół im. Noblistów Polskich, ul. Za Bramką 8, 74-300 Myślibórz";321004;"gm. Myślibórz";"myśliborski";"zachodniopomorskie";1;1;2;1;0;0;0;0;1;0;0;0;0;0;0;0;0;0;0;0;0;0;0;0;0;1;16;3;0;3;1;1;2;1;1;1;1;0;2;0;0;0;1;12;0;1;0;0;1;0;4;2;0;0;2;87;0;0;0;0;1;0;0;0;0;0;0;0;0;0;0;0;1;4;53;24;10;3;12;27;3;2;1;1;0;16;2;0;0;1;0;0;7;2;1;0;0;4;14;5;3;0;0;0;0;0;2;0;0;0;0;0;0;0;0;1;0;0;2;0;0;1;73;42;4;3;0;2;13;2;1;3;0;4;0;1;0;1;0;0;0;0;0;0;0;1;1;0;0;0;1;0;1;0;0;0;0;1;3;0;1;0;0;0;0;0;0;0;1;0
6;"Specjalny Ośrodek Szkolno-Wychowawczy TPD, ul. Witolda Pileckiego 27, 74-300 Myślibórz";321004;"gm. Myślibórz";"myśliborski";"zachodniopomorskie";1;1;1;0;1;2;0;0;3;0;0;0;0;0;3;0;0;0;1;0;0;0;0;0;0;0;15;4;1;5;4;1;0;0;4;2;0;0;0;1;0;1;0;12;1;0;0;0;0;0;6;4;3;1;1;98;0;1;0;0;0;0;0;0;0;0;0;0;0;0;0;0;1;11;92;25;18;7;11;27;6;1;2;2;0;15;3;2;2;0;1;1;11;0;2;0;3;5;5;5;4;6;1;0;0;0;0;0;0;0;0;0;0;0;0;0;2;0;0;0;0;0;112;33;7;0;1;4;11;3;0;1;1;20;1;0;0;0;0;0;0;1;0;0;0;0;3;0;0;0;0;0;0;0;0;0;0;0;1;0;0;0;0;0;2;0;0;0;0;0
7;"Budynek przy ul. Pionierów 13 (byłe gimnazjum), ul. Pionierów 13, 74-300 Myślibórz";321004;"gm. Myślibórz";"myśliborski";"zachodniopomorskie";1;1;2;0;1;0;0;0;1;2;1;0;0;0;0;0;0;0;0;0;0;0;1;0;0;1;19;1;2;1;2;0;0;0;1;0;1;1;0;0;0;3;1;14;0;0;0;0;2;0;4;5;0;1;1;104;0;0;0;1;0;1;1;0;0;0;0;0;1;1;0;0;1;5;53;13;19;4;18;14;2;1;1;1;2;19;0;2;0;0;0;2;11;2;1;0;0;1;9;9;5;1;1;0;0;0;2;0;1;0;0;0;0;0;1;0;0;0;0;1;2;1;91;50;5;1;1;2;9;0;1;1;1;16;0;0;0;1;0;1;0;1;0;0;1;1;3;0;0;0;0;1;0;0;0;1;0;0;6;2;0;0;0;0;3;0;0;0;1;0
8;"Przedszkole Publiczne nr 2 im. Misia Uszatka, ul. Spokojna 12, 74-300 Myślibórz";321004;"gm. Myślibórz";"myśliborski";"zachodniopomorskie";1;1;3;1;1;0;0;0;1;1;0;0;0;0;0;1;0;0;0;0;0;0;0;0;0;1;15;5;2;4;1;0;0;0;2;0;1;0;0;0;0;2;0;11;1;2;0;0;2;0;6;4;2;0;1;103;0;1;1;1;1;0;0;0;0;0;1;0;1;0;1;0;1;1;70;20;11;6;19;10;5;1;0;1;0;13;1;0;0;0;1;0;17;0;0;0;1;2;7;3;3;2;0;0;2;0;0;0;0;0;0;0;0;0;1;0;1;0;0;0;0;0;127;69;1;1;0;1;12;1;0;0;0;22;0;0;0;1;0;1;1;2;0;0;0;2;1;0;0;0;0;0;0;0;0;0;0;1;6;0;1;0;0;0;7;0;1;0;0;0
9;"Szkoła Podstawowa im. Jana Brzechwy, Nawrocko 11, 74-300 Myślibórz";321004;"gm. Myślibórz";"myśliborski";"zachodniopomorskie";1;1;2;1;0;0;0;0;0;0;0;0;0;2;0;0;0;0;0;0;0;0;1;0;1;0;15;1;2;2;2;1;2;0;0;0;0;0;0;0;0;0;0;6;0;2;3;0;1;0;0;0;1;1;1;44;0;0;1;0;0;0;0;0;0;0;1;0;0;0;1;0;0;1;36;21;9;1;10;10;5;0;1;0;0;4;0;0;2;0;1;0;5;0;0;0;0;3;8;1;0;2;0;0;2;0;3;1;1;0;0;0;0;0;0;0;0;1;0;0;1;0;38;8;3;1;0;1;7;3;0;0;0;3;0;0;0;0;0;0;0;0;0;1;0;0;0;0;1;0;0;0;0;0;0;0;0;1;0;0;0;0;0;0;1;0;0;0;0;0
10;"Miejska i Powiatowa Biblioteka Publiczna Filia w Golenicach, Golenice 45, 74-300 Myślibórz";321004;"gm. Myślibórz";"myśliborski";"zachodniopomorskie";1;1;3;1;0;0;0;0;1;0;0;0;0;1;0;0;0;0;0;0;0;0;0;0;0;2;22;1;4;5;1;0;0;0;2;1;0;0;1;1;1;0;0;10;1;0;0;1;0;0;10;1;0;0;4;67;0;0;0;0;0;1;0;0;2;0;0;1;1;1;1;1;0;5;51;29;29;9;16;14;16;1;0;5;3;29;0;1;1;1;5;1;11;0;2;0;0;2;12;4;7;0;1;0;1;1;0;0;0;0;0;0;0;0;3;0;0;0;0;0;0;0;58;25;5;4;4;0;7;2;0;0;1;4;0;0;0;0;3;0;1;0;1;0;1;1;2;0;0;0;1;0;0;0;0;0;0;0;2;1;0;0;0;0;3;1;0;0;0;0
11;"Świetlica Ochotniczej Straży Pożarnej, Sulimierz 76A, 74-300 Myślibórz";321004;"gm. Myślibórz";"myśliborski";"zachodniopomorskie";1;1;1;1;0;0;1;0;0;0;0;0;0;0;0;0;0;0;0;0;0;0;0;0;0;0;11;2;0;3;4;0;0;0;0;0;0;0;0;2;2;0;0;9;0;2;1;0;0;0;4;4;0;0;1;25;0;0;1;0;0;0;0;0;0;0;1;0;0;0;0;0;1;11;48;15;11;11;15;7;4;1;0;3;0;1;1;0;0;0;0;0;0;0;0;0;0;0;4;3;1;1;0;0;0;0;1;0;2;0;0;0;0;0;0;0;0;0;0;0;0;1;32;13;6;0;0;0;2;2;0;1;0;7;0;2;0;0;0;0;0;0;0;0;0;0;1;0;0;0;0;0;0;0;0;0;0;0;0;0;0;0;0;0;2;1;0;0;0;0
12;"Szkoła Podstawowa im. Janusza Korczaka, Kierzków 69, 74-300 Myślibórz";321004;"gm. Myślibórz";"myśliborski";"zachodniopomorskie";1;1;5;2;0;0;0;0;0;0;1;0;1;0;0;0;1;1;0;0;0;0;0;1;0;1;12;1;1;4;2;2;0;0;3;1;1;0;0;1;0;3;0;6;0;0;0;0;1;0;1;2;0;0;1;62;0;0;0;0;0;0;1;0;1;0;5;0;0;0;0;0;0;6;55;15;27;5;10;9;10;1;3;2;1;15;3;2;1;0;0;0;9;2;1;0;3;3;10;4;1;1;2;0;0;2;1;1;0;0;0;0;0;0;1;0;0;0;0;1;0;0;45;18;0;0;1;1;4;2;0;0;0;3;0;1;0;0;0;0;1;0;0;0;0;0;4;0;0;0;1;0;0;0;0;0;0;0;0;0;0;0;0;0;0;0;0;0;0;0
13;"Świetlica Wiejska, Sitno ul. Sportowa 19A, 74-300 Myślibórz";321004;"gm. Myślibórz";"myśliborski";"zachodniopomorskie";1;1;0;0;0;0;0;0;1;0;0;0;0;0;0;0;0;0;1;0;0;0;0;0;0;1;16;3;5;1;4;1;0;3;0;1;1;1;2;0;0;2;1;15;0;2;1;0;0;0;5;1;0;0;1;47;0;0;3;0;0;0;0;0;0;0;0;0;0;1;0;1;3;4;40;19;10;4;8;4;6;1;0;2;0;4;3;1;1;0;1;2;7;0;0;0;5;3;2;1;3;1;0;0;0;1;1;1;0;0;0;0;0;0;0;0;0;0;0;0;0;0;76;20;1;0;0;4;6;3;0;0;2;1;1;0;1;0;0;0;0;0;0;0;3;1;2;0;0;0;1;0;1;0;1;0;1;0;2;0;0;0;0;0;0;0;0;0;0;0
14;"Szkoła Podstawowa nr 2 im. Janusza Kusocińskiego, ul. Józefa Piłsudskiego 18, 74-300 Myślibórz";321004;"gm. Myślibórz";"myśliborski";"zachodniopomorskie";1;1;1;0;0;0;0;1;0;0;0;0;0;0;0;1;0;0;0;0;0;0;0;0;0;0;9;1;2;2;1;1;1;1;0;0;0;0;0;0;0;0;0;12;1;0;0;0;0;0;3;0;0;0;0;25;0;0;0;0;0;0;0;0;0;0;0;0;0;0;0;0;1;1;19;6;5;1;4;3;1;1;0;0;1;1;1;0;0;0;0;0;5;0;0;0;0;1;6;0;3;1;0;0;0;0;0;0;1;0;0;0;0;0;1;1;0;1;0;0;0;0;14;13;2;0;0;5;2;0;0;2;0;7;0;0;0;0;0;0;2;0;0;0;0;0;0;0;0;0;0;0;0;0;0;0;0;1;0;0;0;0;0;0;0;0;1;0;0;0
15;"Świetlica Wiejska w Myśliborzycach, Myśliborzyce 48, 74-300 Myślibórz";321004;"gm. Myślibórz";"myśliborski";"zachodniopomorskie";1;1;6;1;0;0;0;0;0;0;0;0;0;0;0;0;0;1;0;0;0;0;0;0;0;0;7;2;2;1;0;0;2;0;0;0;0;1;0;0;0;1;0;8;0;0;0;0;0;0;4;0;0;0;0;31;0;0;0;0;0;0;0;0;0;0;0;0;0;0;0;0;0;3;13;4;1;1;10;0;2;1;1;0;4;7;0;2;0;0;0;0;0;0;0;0;0;3;2;1;3;0;0;0;1;0;0;0;0;0;0;0;0;0;0;0;0;0;0;0;0;0;31;15;1;1;0;0;5;0;0;0;0;4;0;0;1;0;0;0;0;0;0;0;0;0;0;0;0;0;0;0;0;0;0;0;0;0;0;0;0;0;0;0;1;0;0;0;0;0
16;"Świetlica Wiejska w Chłopowie, Chłopowo 13, 74-300 Myślibórz";321004;"gm. Myślibórz";"myśliborski";"zachodniopomorskie";1;1;2;0;0;0;0;0;0;0;0;0;0;0;0;0;0;1;0;0;0;0;0;0;0;0;1;0;0;0;0;0;1;0;0;1;0;0;0;0;0;0;0;0;0;0;0;0;0;0;0;0;1;0;0;8;0;1;0;0;0;0;0;0;0;0;0;0;0;0;0;0;0;0;13;3;2;0;5;1;1;0;0;0;0;4;2;0;0;0;0;0;5;0;0;0;0;0;2;1;1;0;2;0;0;0;0;0;0;0;0;0;0;0;0;0;0;0;0;0;1;0;8;2;0;0;0;1;2;0;1;0;0;0;0;0;0;0;0;0;1;0;0;0;0;0;0;0;0;0;0;1;0;0;0;0;0;0;0;0;0;0;0;0;0;0;0;0;0;0
17;"Świetlica Wiejska w Czernikowie, Czerników 14, 74-300 Myślibórz";321004;"gm. Myślibórz";"myśliborski";"zachodniopomorskie";1;1;0;2;0;0;0;0;0;0;0;0;0;0;0;0;0;0;0;0;0;0;0;0;0;0;6;7;0;2;2;0;2;0;0;0;0;1;0;0;0;0;0;2;1;1;0;0;0;0;1;0;2;0;0;11;0;0;0;0;0;0;0;0;0;0;0;0;0;0;0;0;0;1;10;6;2;0;7;6;0;0;0;3;0;0;0;0;0;0;0;1;16;0;0;0;0;1;3;0;0;0;0;0;0;0;0;0;0;0;0;0;0;0;1;0;0;0;0;0;0;0;4;6;1;1;0;0;4;2;0;0;0;4;0;0;0;0;0;0;0;0;0;0;0;0;0;0;0;0;0;0;0;0;0;0;1;0;1;0;0;0;0;0;1;0;0;0;0;0
18;"Świetlica Wiejska w Renicach, Renice 2, 74-300 Myślibórz";321004;"gm. Myślibórz";"myśliborski";"zachodniopomorskie";1;1;1;1;0;0;0;0;0;0;0;0;0;0;0;0;0;0;0;0;0;0;0;0;0;0;11;0;1;4;0;0;0;0;0;0;1;0;0;0;0;1;0;4;0;0;0;0;0;0;0;1;0;0;0;23;1;0;0;0;0;0;0;0;0;0;0;0;0;0;1;0;1;1;12;16;9;2;7;2;2;0;0;0;0;4;1;3;0;0;0;0;2;0;0;0;3;1;3;2;0;1;1;0;0;0;1;0;0;0;0;0;0;0;0;0;0;0;0;0;0;0;19;15;0;1;0;0;2;2;0;0;0;2;0;1;0;1;0;0;0;0;0;0;0;0;1;1;0;0;0;0;0;0;0;0;0;0;1;0;0;0;0;0;0;0;0;0;0;0
19;"Świetlica Wiejska w Głazowie, Głazów 47, 74-300 Myślibórz";321004;"gm. Myślibórz";"myśliborski";"zachodniopomorskie";1;1;0;0;0;0;0;0;0;0;0;0;0;0;0;0;0;0;0;0;0;0;0;0;0;0;9;0;1;1;1;0;0;1;1;0;0;0;0;0;0;0;1;4;0;1;0;0;0;0;2;1;0;0;0;21;0;0;0;0;0;0;0;0;0;0;0;0;0;0;0;0;0;2;28;8;3;3;0;1;3;0;1;4;0;2;0;0;2;0;1;0;2;0;1;0;1;1;1;0;2;1;0;0;1;1;0;0;0;0;0;0;0;0;1;0;0;0;0;0;1;0;16;6;0;0;0;0;0;0;0;0;2;5;0;0;0;0;0;0;0;0;0;0;0;0;0;0;0;0;0;0;0;0;0;0;0;0;0;0;0;0;0;0;1;0;0;0;0;0
20;"Świetlica Wiejska w Derczewie, Derczewo ul. Lipiańska 4A, 74-300 Myślibórz";321004;"gm. Myślibórz";"myśliborski";"zachodniopomorskie";1;1;0;0;0;1;0;0;0;0;0;0;1;0;0;0;0;0;0;0;0;0;0;0;0;0;3;0;0;0;2;0;1;0;1;0;0;0;0;0;0;3;0;4;0;0;0;0;0;0;2;2;0;0;1;10;0;0;0;0;0;0;0;0;0;0;0;0;0;0;0;0;0;2;13;8;3;2;10;2;0;2;2;4;2;1;1;1;4;0;0;0;0;0;0;0;1;0;2;2;1;3;0;0;0;0;0;0;0;0;0;0;0;1;0;0;0;0;0;0;0;0;11;7;0;0;0;0;1;0;0;0;0;2;0;0;0;0;0;0;0;1;0;0;1;0;0;0;0;0;0;0;0;0;0;1;0;0;0;0;0;0;0;0;3;0;0;0;0;0
21;"Świetlica Wiejska w Rościnie, Rościn 50, 74-300 Myślibórz";321004;"gm. Myślibórz";"myśliborski";"zachodniopomorskie";1;1;0;0;0;0;0;0;1;0;0;1;0;0;0;0;0;0;0;0;0;0;0;1;0;0;2;0;0;0;0;0;2;0;0;0;0;1;0;0;1;0;0;2;0;0;0;0;0;0;2;0;0;0;0;11;0;0;0;0;0;0;0;0;0;0;0;0;0;1;0;0;0;2;15;12;8;0;5;6;4;0;0;0;0;1;0;0;0;1;0;0;4;0;0;0;1;0;2;0;0;0;0;0;0;0;0;0;1;0;0;0;0;0;0;0;0;0;0;0;0;1;12;7;0;0;0;1;2;1;0;0;0;3;0;0;0;0;0;0;0;0;0;0;0;0;1;1;2;0;0;0;0;0;0;0;0;0;0;0;0;0;0;0;0;0;0;0;0;0
22;"Świetlica Wiejska w Wierzbnicy, Wierzbnica 19A, 74-300 Myślibórz";321004;"gm. Myślibórz";"myśliborski";"zachodniopomorskie";1;1;0;0;0;0;0;0;0;0;0;0;0;0;0;0;0;0;0;1;0;0;0;0;0;2;4;2;0;0;5;0;0;1;1;0;0;0;1;1;0;0;0;3;0;0;1;0;0;1;2;1;1;1;0;46;0;0;1;0;0;1;0;0;0;1;0;0;1;0;0;0;0;5;34;8;10;5;19;7;2;0;0;6;1;6;2;0;0;0;1;0;3;0;0;1;0;0;7;2;2;3;0;0;0;0;0;0;0;1;0;0;0;0;0;0;1;1;1;0;0;0;45;11;2;0;1;1;1;1;0;0;0;15;0;0;0;0;0;0;0;0;0;0;0;0;0;0;0;0;0;0;0;0;0;0;0;0;0;0;0;0;0;0;0;0;0;0;0;0
23;"Świetlica Wiejska w Ławach, Ławy 13A, 74-300 Myślibórz";321004;"gm. Myślibórz";"myśliborski";"zachodniopomorskie";1;1;2;1;1;0;0;0;1;0;0;0;0;0;0;0;0;0;0;0;0;0;0;0;1;0;7;2;1;1;1;0;1;0;1;0;1;1;1;4;1;1;2;0;0;1;0;0;0;0;2;2;0;0;0;13;0;0;0;1;0;1;0;0;0;0;0;0;0;1;0;0;0;3;26;7;10;1;7;4;2;2;1;3;1;8;0;1;0;0;0;0;0;0;0;0;0;1;3;3;0;0;0;0;2;2;0;1;0;0;0;0;0;0;0;0;0;0;0;0;0;0;17;14;2;1;0;2;3;0;1;0;0;8;0;1;0;0;0;0;1;0;0;0;0;0;3;0;0;0;0;1;1;0;1;0;0;0;2;0;0;0;0;0;0;0;0;0;0;0
24;"Świetlica Wiejska w Klicku, Klicko 4B, 74-300 Myślibórz";321004;"gm. Myślibórz";"myśliborski";"zachodniopomorskie";1;1;2;0;0;0;0;0;0;0;0;0;0;0;0;0;0;0;0;0;0;0;0;0;0;0;2;0;1;1;0;0;0;0;0;0;0;1;0;0;0;0;0;6;0;0;0;0;1;0;0;1;0;0;0;28;0;0;0;0;0;0;1;0;0;0;0;0;0;0;0;0;0;2;9;6;6;4;4;6;1;3;0;1;0;0;0;0;0;0;0;0;3;0;0;0;0;1;6;1;3;0;1;0;0;0;0;1;0;0;0;0;0;0;0;0;1;0;0;0;0;0;21;10;7;0;0;1;3;1;0;0;0;1;0;0;0;0;0;0;0;0;0;0;0;0;0;0;0;0;0;0;0;1;0;1;0;0;0;0;0;0;0;0;0;0;0;0;0;0
25;"Dom Pomocy Społecznej dla Osób Przewlekle Somatycznie Chorych, ul. Celna 23, 74-300 Myślibórz";321004;"gm. Myślibórz";"myśliborski";"zachodniopomorskie";1;1;1;2;0;0;0;0;0;0;0;0;0;0;0;0;0;0;0;0;0;0;0;0;0;0;0;0;0;1;0;0;0;0;0;0;0;0;0;0;0;0;0;0;0;0;0;0;0;0;1;0;0;0;0;0;0;0;0;0;0;0;0;0;0;0;0;0;0;1;0;0;0;0;11;1;1;1;0;0;1;1;0;0;0;1;0;0;0;0;1;0;0;1;1;1;0;1;1;0;0;0;0;1;0;0;0;0;0;0;0;0;0;0;0;0;0;0;0;0;0;0;2;0;1;1;0;0;0;0;0;0;0;0;0;0;0;0;0;0;0;0;0;0;0;0;2;1;0;0;0;0;0;0;0;0;0;0;1;0;0;0;0;0;0;0;0;0;0;0
1;"Sala Wiejska, ul. Plac Św. Floriana 8, 74-304 Nowogródek Pomorski";321005;"gm. Nowogródek Pomorski";"myśliborski";"zachodniopomorskie";1;1;1;2;0;1;0;0;0;1;0;0;0;1;1;0;1;0;0;1;0;0;0;0;1;1;26;2;2;2;2;0;0;1;3;0;0;2;0;1;0;2;0;0;0;0;0;0;1;0;12;4;1;1;1;23;1;0;0;0;0;1;1;0;0;1;0;0;0;0;2;0;1;3;23;5;54;0;1;4;2;1;0;3;0;8;1;2;0;0;0;0;2;0;1;0;0;1;9;2;1;2;0;0;0;1;2;0;0;0;0;0;0;0;0;0;0;1;0;0;0;0;31;5;3;0;1;2;3;1;0;2;0;9;0;0;1;0;2;0;0;0;0;0;0;0;2;0;0;0;0;0;0;0;0;0;0;0;0;0;0;0;0;0;1;0;0;0;0;0
2;"Budynek Szkoły Podstawowej, ul. Gorzowska 9, 74-305 Karsko";321005;"gm. Nowogródek Pomorski";"myśliborski";"zachodniopomorskie";1;1;4;2;0;0;0;0;1;1;0;1;0;0;0;0;1;0;0;0;0;0;1;0;0;0;47;6;3;7;2;2;2;1;4;1;0;2;3;1;2;3;1;1;1;0;3;0;1;0;11;6;0;6;2;14;0;0;1;2;1;2;4;1;0;1;1;0;0;6;0;0;0;6;27;26;36;6;8;17;9;4;1;0;2;2;1;2;1;0;2;2;0;1;5;1;1;3;15;7;2;1;2;0;1;1;1;4;0;0;1;0;0;0;0;0;1;0;1;1;0;0;74;25;6;2;2;7;5;8;1;2;1;39;1;4;0;0;2;1;1;2;1;0;1;1;4;0;0;2;0;0;0;0;1;1;0;0;3;0;0;0;0;0;0;0;0;0;0;0
3;"Sala Wiejska, Trzcinna 26, 74-304 Nowogródek Pomorski";321005;"gm. Nowogródek Pomorski";"myśliborski";"zachodniopomorskie";1;1;0;4;0;0;1;0;1;0;1;0;0;1;0;0;0;0;0;0;0;0;0;0;0;2;21;3;1;3;4;0;0;1;0;0;1;1;0;1;0;0;0;4;1;5;0;0;4;0;4;3;0;0;3;16;0;0;0;0;0;0;1;0;0;0;0;0;1;0;0;0;0;2;14;6;20;3;4;6;4;1;1;5;4;5;1;3;0;1;1;0;13;0;3;0;0;4;6;0;1;2;0;0;0;0;2;0;1;0;1;0;0;0;0;1;0;0;0;0;0;0;38;22;4;3;0;4;2;2;0;4;0;3;0;0;0;1;0;0;0;0;1;0;0;3;0;0;1;0;0;0;0;0;0;0;0;0;3;0;0;0;0;0;1;0;0;0;0;0
4;"Sala Wiejska w Kinicach, Kinice 6, 74-304 Nowogródek Pomorski";321005;"gm. Nowogródek Pomorski";"myśliborski";"zachodniopomorskie";1;1;1;0;1;0;0;0;1;0;1;0;0;0;0;0;0;0;0;0;0;0;0;0;0;0;7;1;1;4;2;0;0;0;1;0;1;0;0;1;1;1;0;0;0;1;0;0;0;1;3;0;0;0;0;1;0;0;0;0;0;0;0;0;0;0;0;0;0;0;0;0;0;4;21;4;14;4;1;5;1;1;0;3;0;16;1;0;1;0;0;0;1;1;0;0;0;0;1;0;0;0;0;1;1;0;0;0;0;0;0;0;0;0;0;0;0;0;0;0;0;0;30;7;0;1;0;0;1;1;1;0;1;7;0;0;1;0;0;0;0;1;2;0;0;0;0;0;0;1;0;0;0;0;0;0;0;0;1;1;0;0;0;0;1;0;0;0;0;0
5;"Sala Wiejska w Giżynie, Giżyn 65A, 74-304 Nowogródek Pomorski";321005;"gm. Nowogródek Pomorski";"myśliborski";"zachodniopomorskie";1;1;0;0;1;0;0;0;0;0;0;0;0;0;0;0;0;1;0;0;0;0;0;0;1;0;26;0;1;1;1;0;0;0;2;0;0;0;0;0;0;0;0;3;2;1;0;0;0;0;2;1;0;1;0;7;0;0;0;0;1;0;0;0;0;0;1;0;0;2;0;0;1;1;27;4;14;3;11;9;3;1;1;4;0;0;0;1;2;0;0;1;1;0;1;0;1;0;5;5;2;1;0;0;0;1;0;2;0;0;0;0;1;0;0;0;0;0;0;0;0;0;20;11;1;3;1;0;2;0;0;0;0;14;0;0;0;0;0;0;0;0;0;0;0;2;0;0;0;0;1;0;0;0;0;0;0;0;0;0;0;0;0;0;0;0;0;0;0;0
1;"Klub w Dobrej, ul. Graniczna 31, 72-003 Dobra";321101;"gm. Dobra (Szczecińska)";"policki";"zachodniopomorskie";1;1;7;3;1;0;1;1;1;0;0;1;0;2;0;1;0;2;0;0;0;1;1;2;0;4;109;73;79;39;27;7;6;3;8;32;1;3;3;4;0;3;4;0;5;6;4;0;5;4;93;58;10;10;19;1;5;4;8;5;2;1;3;1;0;0;6;0;0;10;2;4;3;5;140;42;47;10;125;62;17;8;2;0;0;1;4;3;5;1;2;0;1;6;2;1;2;15;64;26;22;7;1;3;1;1;4;4;1;2;0;1;0;1;4;4;1;0;4;0;2;3;439;464;283;26;8;8;31;10;17;9;3;4;0;1;4;1;0;0;5;77;5;0;35;7;16;2;1;1;1;0;0;0;1;1;0;0;3;0;0;0;0;0;0;2;0;0;1;2
2;"Publiczna Szkoła Podstawowa w Dołujach, ul. Daniela 18, 72-002 Dołuje";321101;"gm. Dobra (Szczecińska)";"policki";"zachodniopomorskie";1;1;11;5;3;2;0;3;2;1;1;1;0;1;1;1;2;0;0;0;0;0;0;0;0;1;50;85;34;23;14;4;1;0;7;18;1;2;1;4;0;2;6;2;11;2;1;2;1;3;71;44;13;5;8;1;3;0;3;1;1;5;1;3;6;1;6;1;4;6;1;5;4;2;129;23;26;7;56;27;16;3;1;3;1;3;1;4;1;1;3;1;1;3;1;0;3;11;54;13;14;8;0;3;1;2;3;1;0;2;0;0;2;0;1;0;1;2;1;0;0;4;324;229;136;24;3;2;22;5;9;3;2;2;1;1;1;1;1;0;1;46;3;0;37;5;16;0;1;4;1;1;0;0;1;0;0;1;4;2;1;0;0;0;4;0;0;0;0;0
3;"Publiczna Szkoła Podstawowa, ul. Kolorowa 27, 72-006 Mierzyn";321101;"gm. Dobra (Szczecińska)";"policki";"zachodniopomorskie";1;1;8;6;1;5;0;0;2;1;0;0;0;1;0;0;0;1;1;1;0;1;0;0;0;1;92;81;75;38;16;1;3;5;9;8;0;0;7;4;0;5;8;1;10;2;3;0;2;4;68;65;11;10;16;1;4;3;4;2;1;8;3;0;2;1;5;3;6;4;0;2;16;4;101;16;28;1;68;38;15;2;0;1;1;4;0;1;1;3;5;2;0;3;1;0;0;5;56;23;14;10;3;1;1;2;3;1;1;0;2;1;3;0;0;2;2;0;0;0;0;3;477;430;272;23;17;8;29;4;21;9;0;5;1;0;6;2;2;0;2;82;5;0;39;8;16;2;0;1;2;2;1;0;9;0;0;7;1;0;0;0;0;0;0;0;0;0;0;0
4;"Klub w Wołczkowie, Wołczkowo ul. Lipowa 11A, 72-003 Dobra";321101;"gm. Dobra (Szczecińska)";"policki";"zachodniopomorskie";1;1;4;3;0;1;0;2;2;1;0;0;0;1;0;0;0;0;0;0;0;0;0;0;1;1;77;50;61;16;12;1;2;2;5;25;1;0;0;2;2;0;3;0;2;4;1;0;0;6;51;40;10;7;13;0;0;0;1;1;0;1;0;4;0;1;3;0;6;3;2;0;3;0;97;23;20;6;50;30;8;2;1;1;2;2;1;3;10;0;1;1;0;5;1;0;1;2;44;15;14;9;1;0;0;1;5;0;1;0;1;0;0;0;0;0;0;0;4;1;2;2;231;214;153;12;5;3;25;3;10;4;3;3;2;0;0;0;3;0;1;34;1;1;16;2;9;1;0;0;0;0;0;0;0;0;0;1;1;0;1;0;0;0;0;0;0;0;0;0
5;"Publiczna Szkoła Podstawowa, ul. Kolorowa 27, 72-006 Mierzyn";321101;"gm. Dobra (Szczecińska)";"policki";"zachodniopomorskie";1;1;7;2;2;1;0;1;0;1;0;0;0;1;1;0;1;0;0;0;0;0;1;2;2;3;51;83;46;22;17;5;6;3;4;13;0;2;5;3;1;1;1;0;1;2;2;0;1;3;44;42;10;2;12;0;0;1;2;0;2;2;6;0;0;0;4;1;1;3;1;0;20;0;108;19;35;5;66;52;14;0;0;0;1;0;3;2;1;0;3;1;1;3;1;0;0;9;37;17;17;11;1;1;0;2;4;2;0;1;0;0;1;1;2;0;3;1;2;0;2;0;320;315;169;24;6;6;28;1;13;10;0;2;1;2;4;1;2;0;0;50;0;2;33;0;8;2;1;4;1;1;2;0;1;0;1;1;2;0;1;0;0;0;0;0;0;0;0;0
6;"Publiczna Szkoła Podstawowa, ul. Górna 3, 71-218 Bezrzecze";321101;"gm. Dobra (Szczecińska)";"policki";"zachodniopomorskie";1;1;3;1;0;0;0;1;2;2;3;0;0;0;0;0;0;0;2;0;1;0;0;0;0;4;66;61;65;24;9;2;1;1;8;30;0;2;2;2;1;5;1;1;3;2;2;0;3;1;62;39;13;15;11;0;3;2;4;3;0;1;7;1;0;1;2;0;2;1;2;4;4;4;102;23;23;6;78;44;17;2;2;0;0;3;2;4;2;1;0;1;1;3;0;0;1;7;41;7;19;11;3;0;2;0;1;0;0;1;0;0;1;0;0;0;0;1;2;1;0;3;329;302;237;20;12;5;15;5;7;2;2;6;2;0;4;0;0;0;2;53;1;0;27;2;5;3;1;4;0;1;0;1;0;0;1;1;1;0;0;1;0;1;0;0;0;0;0;0
7;"Świetlica w Buku, Buk 42, 72-003 Dobra";321101;"gm. Dobra (Szczecińska)";"policki";"zachodniopomorskie";1;1;1;0;0;0;0;1;1;0;0;0;0;0;0;0;0;0;0;0;0;0;0;0;0;0;10;3;3;3;1;0;1;1;1;1;1;0;0;0;0;0;1;0;0;0;0;0;0;0;12;1;2;0;1;0;0;1;0;0;0;2;0;0;0;0;0;0;0;1;0;0;0;0;8;4;6;1;2;3;19;0;0;0;0;0;0;0;0;0;1;0;0;0;0;0;0;2;10;0;1;0;0;1;1;0;0;1;0;0;0;0;0;0;0;0;0;0;0;0;1;0;20;19;10;0;1;0;2;0;1;1;1;0;0;0;0;0;0;0;0;5;1;0;6;1;1;1;0;0;0;0;0;0;0;0;0;0;0;0;0;0;0;0;0;0;0;0;0;0
8;"Publiczna Szkoła Podstawowa, ul. Górna 3, 71-218 Bezrzecze";321101;"gm. Dobra (Szczecińska)";"policki";"zachodniopomorskie";1;1;1;7;1;1;0;0;0;1;1;0;0;0;0;0;0;0;0;0;0;0;1;2;0;1;49;46;50;16;18;0;2;0;3;67;1;0;1;2;0;5;1;1;6;3;0;0;0;3;38;26;7;12;10;0;2;0;1;1;0;1;1;2;2;0;1;0;2;0;2;2;1;6;47;3;19;4;36;30;6;3;0;1;0;2;1;2;1;0;2;0;0;4;3;0;1;4;37;7;14;3;0;0;2;1;3;1;0;1;0;0;0;2;0;0;0;0;1;0;0;2;226;221;269;9;3;2;22;4;9;7;3;0;0;4;4;2;1;0;0;48;0;0;28;7;7;0;1;0;0;0;0;0;1;0;0;0;1;0;0;0;0;0;0;0;0;0;0;0
9;"Publiczna Szkoła Podstawowa, ul. Kolorowa 27, 72-006 Mierzyn";321101;"gm. Dobra (Szczecińska)";"policki";"zachodniopomorskie";1;1;3;4;2;0;1;1;3;1;0;0;0;1;2;1;0;0;0;1;0;0;1;0;0;0;38;62;30;19;20;0;1;4;5;12;0;0;2;2;0;3;2;0;8;2;1;1;2;1;38;33;12;1;4;0;0;1;3;1;1;0;2;1;0;0;3;0;2;2;0;1;10;1;109;31;12;2;69;45;3;4;1;4;1;5;1;1;0;0;3;0;1;2;1;0;0;3;32;8;8;12;2;2;0;0;0;0;0;0;2;2;0;0;0;3;0;1;3;0;1;4;232;209;123;8;6;4;14;2;11;4;0;3;2;1;1;0;0;0;2;33;0;1;21;2;5;0;0;8;1;0;1;0;1;0;0;0;0;0;0;0;0;0;0;0;0;0;0;0
10;"Klub w Wąwelnicy, Wąwelnica 5a, 72-002 Dołuje";321101;"gm. Dobra (Szczecińska)";"policki";"zachodniopomorskie";1;1;1;0;1;0;0;0;0;0;0;0;0;0;0;0;0;0;0;0;0;0;0;0;1;0;10;8;4;2;1;0;0;0;0;5;0;1;0;1;0;0;0;2;0;0;0;0;0;0;11;6;0;1;0;0;0;1;0;0;1;1;1;0;0;0;0;0;0;0;0;0;3;0;17;4;1;0;5;4;4;0;0;1;1;0;0;0;0;0;0;1;0;2;0;0;0;0;1;2;0;4;1;0;0;0;1;0;0;0;1;0;0;0;0;0;0;0;0;0;0;0;34;16;20;1;2;2;3;1;2;0;0;0;0;0;0;0;1;0;0;5;0;0;0;0;0;0;0;0;0;0;0;0;0;0;1;0;0;0;0;0;0;0;0;0;0;0;0;0
11;"Klub w Stolcu, Stolec 9, 72-003 Dobra";321101;"gm. Dobra (Szczecińska)";"policki";"zachodniopomorskie";1;1;0;0;0;0;0;0;1;0;0;0;0;0;0;0;0;0;0;0;0;0;0;1;0;0;4;2;0;3;2;1;0;0;0;0;0;1;0;0;0;0;0;0;0;0;0;0;0;0;3;2;0;0;0;0;1;0;0;1;0;0;0;0;0;0;0;0;0;0;1;0;0;0;7;1;2;2;5;4;10;1;0;2;1;0;1;0;0;0;0;0;0;0;1;0;0;0;4;1;1;0;0;0;0;0;0;0;0;0;0;1;0;0;0;0;0;0;0;0;0;0;23;4;7;2;0;0;1;0;0;0;0;0;0;0;0;0;0;0;0;1;0;0;0;0;1;0;0;0;0;0;0;0;0;0;0;0;0;0;0;0;0;0;0;0;0;0;0;0
12;"Publiczna Szkoła Podstawowa w Rzędzinach, Rzędziny 6, 72-003 Dobra";321101;"gm. Dobra (Szczecińska)";"policki";"zachodniopomorskie";1;1;1;2;0;0;0;0;0;0;0;0;0;1;2;0;0;0;0;0;0;0;0;0;0;0;5;1;4;0;0;0;0;0;0;3;0;0;1;0;0;4;0;0;0;0;0;0;0;0;5;0;0;1;0;0;0;0;0;0;0;0;0;0;0;0;0;0;1;1;0;0;1;2;9;1;2;1;6;10;8;0;1;1;0;0;2;0;0;0;0;0;0;0;1;0;0;0;1;0;0;1;0;1;0;0;0;1;0;0;0;0;0;0;0;0;0;0;0;0;0;0;11;6;3;1;0;0;0;0;0;0;0;0;0;0;0;0;0;0;0;8;0;0;1;0;0;1;0;0;0;1;0;0;0;0;0;0;0;0;0;0;0;0;0;0;0;0;0;0
13;"Świetlica w Łęgach, Łęgi ul. Na Świdwie 5b, 72-003 Dobra";321101;"gm. Dobra (Szczecińska)";"policki";"zachodniopomorskie";1;1;1;0;0;0;1;0;0;0;0;1;0;0;0;0;0;0;0;0;0;0;0;0;0;0;3;8;3;3;0;1;0;1;1;8;1;0;0;0;0;0;0;0;2;0;0;0;0;0;7;0;2;0;2;0;0;1;0;1;1;0;2;0;0;0;2;0;0;0;0;0;0;0;21;3;0;0;9;3;8;1;1;2;0;0;0;1;0;0;2;0;0;0;0;0;0;2;2;1;2;1;0;0;0;0;0;0;0;0;1;1;0;0;1;0;0;0;0;0;0;0;23;40;11;1;0;1;1;1;0;1;0;0;1;0;0;0;0;0;0;4;0;0;1;0;0;0;0;0;0;0;0;0;0;0;0;0;3;0;0;0;0;0;0;0;0;0;1;0
14;"Świetlica w Grzepnicy, Grzepnica 8c, 72-003 Dobra";321101;"gm. Dobra (Szczecińska)";"policki";"zachodniopomorskie";1;1;0;0;0;0;0;0;0;0;0;0;0;1;0;0;1;0;0;0;0;0;0;0;0;0;24;10;25;4;3;0;0;0;3;9;1;0;0;0;0;1;1;0;2;0;1;0;1;4;3;12;3;1;1;0;0;0;3;0;2;0;2;0;0;0;0;1;3;0;0;0;0;0;14;3;4;2;9;17;6;0;0;0;1;0;4;0;1;0;0;0;0;1;0;1;0;2;11;4;5;5;2;0;0;0;1;0;1;0;0;1;0;0;0;0;1;2;0;0;1;2;84;58;45;4;3;1;2;0;0;0;0;0;0;1;0;0;1;1;1;9;0;0;2;0;1;0;0;1;0;0;0;0;0;0;0;0;0;0;0;0;0;0;0;0;0;0;0;0
1;"Zespół Placówek Oświatowych, Kołbaskowo 57, 72-001 Kołbaskowo";321102;"gm. Kołbaskowo";"policki";"zachodniopomorskie";1;1;6;4;0;0;0;0;3;2;0;0;0;0;0;0;0;1;1;0;0;0;0;0;0;1;66;31;17;15;23;1;2;2;4;0;0;1;3;2;1;1;4;0;8;4;2;2;0;4;41;30;13;5;5;0;1;1;3;0;0;0;5;1;0;2;2;3;0;2;1;0;2;0;113;19;44;5;45;52;7;4;1;0;8;3;4;4;0;1;2;1;1;5;2;2;0;9;39;11;6;12;3;0;0;1;0;1;0;0;2;1;0;1;4;1;1;0;2;1;2;1;216;97;87;5;2;11;14;3;14;5;0;3;3;4;1;0;0;1;2;15;2;3;109;0;11;2;2;1;1;0;1;0;0;0;0;0;0;0;0;0;2;0;2;0;0;0;1;1
2;"Szkoła Podstawowa, Będargowo 1, 72-005 Przecław";321102;"gm. Kołbaskowo";"policki";"zachodniopomorskie";1;1;7;1;3;0;1;1;2;1;0;1;0;0;2;0;1;1;1;0;1;2;0;0;0;1;67;43;27;14;15;0;1;3;9;4;2;3;0;1;0;1;1;0;3;2;4;0;2;3;37;37;5;5;16;0;0;2;1;1;3;1;2;0;0;6;1;1;1;2;2;2;4;3;110;29;73;8;65;39;14;4;1;4;8;3;3;1;2;1;4;2;1;2;5;0;0;3;58;5;7;6;0;1;1;1;3;0;0;0;1;0;0;1;4;2;0;0;0;2;0;2;228;141;123;11;4;11;14;7;12;2;2;1;1;3;3;0;1;0;0;32;1;2;59;2;6;2;0;0;3;0;0;0;3;1;0;0;3;2;0;0;0;0;0;0;0;1;0;1
3;"Szkoła Podstawowa, Przecław 27A, 72-005 Przecław";321102;"gm. Kołbaskowo";"policki";"zachodniopomorskie";1;1;3;1;3;1;0;0;1;1;1;2;0;0;0;0;0;0;0;0;1;0;0;0;1;0;13;11;8;10;4;1;3;2;1;3;1;0;0;3;1;2;2;0;6;1;0;0;0;1;19;12;5;5;3;1;0;1;1;0;1;1;0;1;0;0;3;1;3;1;3;3;0;2;65;5;26;4;31;24;3;4;0;5;6;1;4;3;0;2;1;0;1;1;0;0;0;4;16;7;4;7;0;0;1;1;3;0;1;2;1;2;0;0;1;2;0;0;2;0;1;1;102;28;56;4;1;3;11;5;10;0;1;0;1;0;1;0;0;0;0;12;1;0;89;2;2;1;0;0;0;0;0;0;1;0;0;0;3;0;0;2;0;1;0;0;0;0;0;0
4;"Szkoła Podstawowa, Przecław 27A, 72-005 Przecław";321102;"gm. Kołbaskowo";"policki";"zachodniopomorskie";1;1;8;4;3;1;0;0;2;1;0;1;2;0;1;0;0;0;0;0;1;0;0;0;2;3;56;47;27;20;11;2;3;0;7;3;3;1;2;4;1;3;1;0;3;1;3;0;1;0;30;33;7;5;11;0;0;3;4;0;3;0;2;1;0;0;3;1;4;1;0;1;0;5;64;20;19;10;35;27;3;7;3;0;5;1;1;0;3;0;1;0;1;2;1;0;0;7;33;12;15;8;1;0;4;1;3;1;2;0;1;0;2;0;1;0;3;1;4;2;1;5;265;134;156;14;3;2;10;4;12;3;0;0;2;2;2;0;1;1;1;22;6;0;197;4;8;2;0;1;0;1;1;0;0;0;0;0;2;0;0;0;0;2;0;0;0;1;0;0
5;"Szkoła Podstawowa, Przecław 27C, 72-005 Przecław";321102;"gm. Kołbaskowo";"policki";"zachodniopomorskie";1;1;7;5;0;0;0;1;2;2;1;0;0;1;1;0;1;0;0;0;0;0;0;2;0;0;59;45;44;17;12;1;0;0;9;7;0;2;1;1;1;3;2;0;5;1;2;0;1;1;43;34;8;1;9;1;0;0;0;2;1;5;3;1;1;0;3;1;0;4;0;0;1;4;61;14;37;0;27;18;10;3;0;1;4;0;1;0;0;1;1;0;0;1;0;0;0;6;39;6;5;5;2;0;2;2;4;1;1;0;3;2;0;1;2;0;0;0;2;1;2;3;259;159;182;6;4;3;18;5;4;7;0;0;2;1;1;0;2;0;3;27;0;0;72;0;6;0;1;0;1;0;0;1;0;0;0;0;2;0;0;0;0;0;0;0;1;1;0;1
6;"Szkoła Podstawowa, Przecław 27C, 72-005 Przecław";321102;"gm. Kołbaskowo";"policki";"zachodniopomorskie";1;1;3;0;0;1;0;0;4;0;0;0;1;0;0;0;1;0;1;0;0;0;0;0;1;3;46;27;24;10;12;1;4;0;7;1;1;1;2;1;1;4;0;0;1;0;2;0;1;2;35;37;7;8;4;2;4;3;5;1;1;1;2;1;0;0;1;1;2;2;0;3;2;0;40;5;16;3;23;14;7;2;0;1;3;2;1;5;0;0;2;0;0;0;1;0;0;2;19;10;11;9;0;2;3;0;2;1;1;1;0;1;0;0;0;2;2;1;0;0;0;1;229;142;160;6;8;1;22;5;9;6;1;0;5;1;1;0;1;0;1;23;1;0;79;1;3;2;0;0;0;0;1;0;0;1;2;1;1;1;0;0;0;0;0;0;0;0;0;0
7;"Świetlica wiejska, Kurów 39, 72-001 Kołbaskowo";321102;"gm. Kołbaskowo";"policki";"zachodniopomorskie";1;1;3;2;1;0;0;0;0;0;1;0;0;1;0;0;0;1;0;0;0;0;1;1;0;1;18;11;9;6;10;1;0;1;3;0;0;0;0;0;1;1;1;0;1;1;2;0;0;0;18;8;4;2;2;2;0;1;2;1;0;1;1;0;1;0;0;0;0;1;0;2;2;0;40;11;20;3;9;13;7;0;1;0;0;0;0;0;0;0;1;0;0;1;0;0;0;3;20;1;5;1;0;0;0;0;0;0;1;0;1;0;0;0;0;0;0;0;0;0;0;0;96;64;40;2;3;1;6;4;1;3;2;0;0;0;1;0;1;0;1;13;0;1;31;5;1;2;0;1;1;0;0;0;0;1;0;0;1;0;1;0;0;0;0;0;0;0;0;0
1;"Urząd Gminy, pl. Zwycięstwa 1, 72-022 Nowe Warpno";321103;"gm. Nowe Warpno";"policki";"zachodniopomorskie";1;1;3;3;0;1;0;0;1;0;0;0;0;1;0;0;2;2;0;0;0;0;0;0;0;0;21;17;5;7;4;0;0;0;1;1;2;1;3;0;0;0;0;0;2;3;1;0;2;0;33;4;2;3;5;0;0;1;2;1;0;0;1;0;0;0;2;1;0;3;1;2;0;0;69;5;7;12;31;10;3;0;0;0;1;0;2;0;0;1;0;1;0;0;1;0;0;3;14;1;3;2;3;0;0;0;0;0;1;2;0;0;0;0;1;0;0;1;1;0;0;0;135;58;35;2;0;2;7;3;0;1;0;1;0;1;1;0;0;0;0;2;0;0;11;2;1;0;0;0;0;0;0;0;0;0;0;0;3;0;0;0;0;0;0;0;0;0;0;0
2;"Świetlica, Brzózki 26a, 72-022 Nowe Warpno";321103;"gm. Nowe Warpno";"policki";"zachodniopomorskie";1;1;1;0;1;0;0;0;0;0;0;0;0;0;1;0;0;0;0;0;1;0;0;0;0;0;16;5;5;1;3;1;0;1;0;0;0;1;1;0;0;0;0;0;3;0;0;0;0;1;8;4;1;3;0;1;0;0;0;0;0;0;1;0;0;0;0;0;0;0;0;0;1;0;19;6;5;1;20;7;0;0;0;0;1;2;1;0;0;0;0;1;0;0;1;0;0;2;6;2;1;0;0;2;0;0;0;0;0;1;0;0;0;1;0;1;0;0;0;0;0;1;37;28;13;7;0;1;5;2;2;0;0;0;0;0;0;0;1;0;1;2;0;1;2;1;1;0;0;0;0;1;0;0;0;0;0;0;2;0;5;0;0;0;0;0;0;0;0;0
1;"Szkoła Filialna w Pilchowie, ul. Szczecińska 1a, 72-004 Tanowo";321104;"gm. Police";"policki";"zachodniopomorskie";1;1;5;1;2;0;0;1;1;1;0;0;0;0;0;1;0;0;1;0;0;0;0;1;0;0;28;27;28;19;15;3;0;3;5;1;1;2;0;5;1;2;0;0;7;1;1;0;1;3;28;17;5;10;8;0;0;1;0;3;1;4;3;0;0;0;0;0;2;0;1;0;2;2;70;9;17;2;52;16;3;2;1;1;4;5;1;5;0;0;4;0;0;1;2;0;0;5;32;9;9;6;1;0;0;0;0;0;0;0;2;1;1;0;1;0;0;0;2;0;1;0;166;154;98;7;2;4;11;2;3;1;1;0;2;2;2;0;1;0;3;19;1;0;44;2;7;1;0;0;0;0;0;1;0;0;1;0;1;0;0;0;0;0;0;1;0;0;0;0
2;"Świetlica Sołecka, Trzeszczyn ul. Kościuszki 34a, 72-004 Tanowo";321104;"gm. Police";"policki";"zachodniopomorskie";1;1;1;1;0;0;0;0;0;0;0;0;0;0;0;0;0;0;0;1;0;0;0;0;0;0;3;2;1;0;1;0;0;0;0;1;0;0;0;1;1;0;0;0;2;0;0;0;0;0;6;3;0;0;0;1;0;0;1;0;0;0;2;0;1;0;0;0;0;0;0;1;0;0;11;4;5;1;11;4;0;0;1;0;1;1;1;1;0;0;1;1;0;0;1;0;0;2;9;2;3;1;1;0;0;0;0;1;0;0;0;0;0;0;0;0;0;0;0;0;0;0;35;8;2;1;0;0;2;0;0;0;0;0;0;0;0;0;0;0;0;1;0;0;4;0;1;0;0;0;0;0;0;0;0;0;0;0;0;0;1;0;0;0;0;0;0;0;0;0
3;"Szkoła Podstawowa im. Jerzego Noskiewicza, ul. Szczecińska 31, 72-004 Tanowo";321104;"gm. Police";"policki";"zachodniopomorskie";1;1;1;2;0;1;2;0;0;0;0;1;2;0;1;0;0;0;0;2;0;0;0;2;1;0;58;32;20;10;9;1;2;2;4;0;1;1;4;3;0;5;1;0;9;1;2;1;3;0;31;18;3;8;9;3;2;0;6;0;2;0;2;0;1;0;1;1;3;2;4;5;4;1;74;14;21;2;46;18;5;2;2;0;9;6;4;6;2;0;9;2;1;2;1;0;0;8;32;9;13;5;0;1;2;0;2;3;4;0;0;1;0;0;1;1;1;3;0;1;0;4;200;174;79;6;3;4;11;2;5;16;0;0;3;0;2;1;1;0;8;12;1;1;19;2;12;0;1;1;1;0;1;2;0;0;1;0;3;1;4;0;0;0;1;0;0;0;0;0
4;"Szkoła Podstawowa z Oddziałami Przedszkolnymi, ul. Wkrzańska 19a, 72-020 Trzebież";321104;"gm. Police";"policki";"zachodniopomorskie";1;1;3;4;0;1;0;2;3;1;0;0;1;0;1;0;0;1;0;0;1;0;1;0;1;0;32;21;11;19;10;0;1;0;2;0;2;1;4;1;0;1;1;1;11;1;1;0;0;1;43;17;4;7;11;2;0;2;6;3;2;0;2;1;0;0;1;0;2;1;1;1;2;1;94;30;37;12;61;44;11;2;1;2;5;5;3;1;4;0;5;1;2;7;1;1;0;5;19;9;10;3;1;0;2;2;3;0;2;1;1;0;1;0;2;2;0;1;0;0;0;0;251;87;74;8;6;2;11;11;4;6;0;0;2;2;0;1;0;0;1;4;0;1;31;0;7;2;2;1;0;0;0;0;2;0;1;1;1;3;0;1;0;0;0;0;0;0;1;2
5;"Budynek po szkole filialnej, Niekłończyca 34, 72-015 Police 3";321104;"gm. Police";"policki";"zachodniopomorskie";1;1;2;0;0;0;0;0;3;0;0;0;0;0;0;0;0;0;0;0;0;0;0;0;0;1;12;3;6;2;2;1;0;1;1;1;0;0;2;0;1;1;0;0;10;0;0;0;0;0;11;1;1;2;3;0;0;0;0;0;0;0;0;0;0;0;0;0;0;0;1;0;0;3;35;4;9;2;17;17;9;0;0;1;8;1;0;1;0;0;1;0;0;3;0;0;0;1;16;2;4;3;0;0;1;0;2;1;1;0;0;0;0;0;2;1;0;0;0;0;0;0;63;9;18;0;0;3;4;0;3;0;1;0;0;1;0;0;0;2;3;2;1;0;7;0;2;0;0;0;0;1;0;0;0;0;0;0;0;0;0;0;0;0;0;1;0;0;1;0
6;"Świetlica sołecka, Tatynia 38, 72-015 Police 3";321104;"gm. Police";"policki";"zachodniopomorskie";1;1;0;0;0;0;0;0;0;0;0;0;0;0;0;0;0;0;0;0;0;0;0;0;0;0;5;6;3;3;4;1;0;0;0;1;0;0;0;0;0;0;0;0;0;0;0;0;0;2;3;2;0;0;1;1;0;1;0;0;0;0;0;0;0;0;0;0;0;0;0;0;3;1;24;2;4;1;7;9;1;3;0;0;0;0;1;0;0;0;4;0;0;0;2;0;0;3;5;5;0;0;0;0;0;0;0;1;0;1;0;0;0;0;0;0;0;2;0;0;0;1;31;13;7;0;0;0;4;2;0;2;1;0;0;0;0;0;0;0;0;0;1;0;0;0;2;2;0;0;1;1;1;0;0;0;0;0;2;0;0;0;0;0;0;0;0;0;0;0
7;"Świetlica sołecka, Drogoradz 51, 72-015 Police 3";321104;"gm. Police";"policki";"zachodniopomorskie";1;1;0;0;0;0;0;0;0;0;0;0;0;0;0;0;0;0;0;0;0;0;0;0;0;0;4;1;2;3;3;0;0;0;0;0;0;0;1;1;0;0;0;0;1;0;1;0;0;0;7;4;0;0;0;0;0;0;0;0;0;0;0;0;0;0;1;0;0;0;2;0;0;0;8;10;4;3;4;10;4;0;1;2;0;0;1;1;1;0;3;0;2;0;0;0;0;3;4;0;1;1;0;0;0;1;0;1;0;0;0;0;0;0;0;0;0;0;0;0;0;0;21;9;11;0;0;0;2;1;1;0;0;0;0;0;0;0;0;0;0;1;0;0;0;1;1;0;0;0;0;0;0;0;0;0;0;0;0;0;0;0;0;0;0;0;0;0;0;0
8;"Szkoła Podstawowa nr 6 z Oddziałami Przedszkolnymi, Police ul. Owocowa 5, 72-015 Police 3";321104;"gm. Police";"policki";"zachodniopomorskie";1;1;2;2;1;1;0;0;1;0;0;0;0;0;0;0;0;0;0;0;0;0;0;0;1;0;20;8;5;7;4;2;1;2;4;2;0;2;1;1;2;0;1;0;7;1;1;0;1;1;19;8;1;7;3;1;0;0;2;5;1;1;0;0;2;0;0;0;3;1;0;0;1;1;69;11;24;6;27;19;9;1;0;2;2;5;1;4;1;0;3;3;2;1;2;0;0;4;20;6;4;3;3;0;0;0;5;1;1;1;1;0;1;0;2;0;0;1;2;0;3;0;103;23;34;1;2;3;19;1;1;1;0;0;2;1;0;0;0;0;6;8;0;4;12;0;3;2;0;0;1;0;1;0;0;0;0;1;1;0;1;0;0;0;0;0;0;0;0;0
9;"Szkoła Podstawowa nr 1 im. Tadeusza Kościuszki z Oddziałami Sportowymi, ul. Gen. Władysława Sikorskiego 8, 72-010 Police";321104;"gm. Police";"policki";"zachodniopomorskie";1;1;1;3;1;2;0;1;2;1;1;0;0;0;1;0;0;1;0;1;0;0;1;0;0;1;24;9;8;10;6;0;1;2;7;2;2;0;1;0;2;0;0;1;31;0;0;0;3;0;37;11;9;1;8;0;1;0;5;1;0;1;1;0;0;0;1;0;0;0;4;1;1;5;85;15;30;6;53;41;15;1;4;2;13;2;4;5;1;1;10;1;2;1;3;0;0;14;30;5;4;5;2;1;0;1;1;0;1;1;0;2;1;0;3;0;0;0;2;0;1;2;147;69;69;4;1;0;7;6;2;4;0;0;1;0;2;0;1;0;0;6;0;0;20;2;10;3;0;0;1;0;0;0;0;0;2;0;0;0;2;0;0;0;1;0;0;0;0;0
10;"Świetlica Rady Osiedla Nr 2 Stare Miasto, ul. Marii Konopnickiej 2, 72-010 Police";321104;"gm. Police";"policki";"zachodniopomorskie";1;1;4;2;0;0;0;0;2;2;0;0;0;0;0;0;0;1;0;0;0;2;1;0;1;2;25;14;8;10;9;0;3;2;3;1;3;0;0;4;1;1;0;1;18;2;2;0;0;0;23;17;0;2;1;1;2;1;1;0;1;1;1;1;1;0;1;2;2;2;2;2;1;1;86;14;27;7;42;29;11;3;1;4;10;0;5;3;0;0;6;0;2;3;3;0;3;6;30;11;3;5;1;1;1;0;5;1;1;0;0;0;2;0;1;1;0;0;0;0;0;0;132;40;47;5;0;1;11;1;3;1;2;2;0;1;0;0;1;1;2;6;1;0;15;0;5;2;0;0;1;0;0;1;0;0;3;1;1;0;0;0;0;0;4;1;0;0;1;1
11;"Szkoła Podstawowa nr 5 im. Orła Białego (dawna Szkoła Podstawowa nr 2), ul. Cisowa 2, 72-010 Police";321104;"gm. Police";"policki";"zachodniopomorskie";1;1;4;2;0;0;1;0;0;0;1;0;0;0;1;0;0;0;0;0;0;0;0;1;0;0;20;8;14;12;10;3;0;2;1;0;2;2;0;0;1;1;1;0;11;0;0;0;0;0;28;10;2;3;2;0;1;1;5;0;1;1;0;0;0;0;1;0;0;0;0;2;5;2;60;7;22;2;38;26;5;1;2;0;6;1;0;2;1;0;4;0;1;2;1;0;3;6;20;4;7;5;1;0;0;0;1;1;2;1;1;1;1;0;4;0;1;0;2;0;1;2;128;35;52;2;3;1;12;5;0;0;1;1;1;1;1;0;1;0;6;9;1;0;15;3;6;0;2;1;0;1;2;0;0;0;0;0;0;0;0;0;0;0;0;0;0;0;0;0
12;"Świetlica sołecka, Przęsocin ul. Centralna 20A, 72-010 Police";321104;"gm. Police";"policki";"zachodniopomorskie";1;1;4;1;2;2;0;0;1;0;0;0;0;0;0;0;0;1;0;0;0;0;0;0;0;1;17;10;6;6;6;1;0;0;3;0;0;1;2;0;0;1;2;1;4;1;2;0;1;0;24;6;5;3;3;1;0;0;0;1;0;0;1;0;1;0;1;0;0;1;1;0;4;1;33;10;19;4;40;12;3;2;1;1;1;0;2;0;0;0;2;1;0;0;1;0;0;1;15;3;9;6;0;0;1;1;1;1;0;0;0;0;0;1;0;0;0;0;0;0;0;0;63;26;45;2;0;1;6;0;0;1;0;0;0;0;0;0;0;0;2;10;0;0;6;1;2;0;0;0;0;0;0;0;0;0;0;0;0;0;0;0;0;0;0;0;0;0;0;0
13;"Biblioteka im. Marii Skłodowskiej-Curie (Filia Nova), ul. Bankowa 5b/u9, 72-010 Police";321104;"gm. Police";"policki";"zachodniopomorskie";1;1;4;4;0;0;0;0;7;3;0;1;0;4;1;1;0;0;1;1;0;0;0;0;0;2;38;27;9;11;14;0;4;0;8;3;1;2;2;2;0;3;1;0;12;1;0;0;1;1;45;35;5;2;12;1;1;2;5;0;1;3;3;0;1;0;4;1;5;0;3;3;4;3;74;30;27;5;51;42;13;2;2;0;13;0;2;3;0;0;14;0;0;2;2;0;3;14;21;13;8;6;2;0;0;2;4;0;1;0;2;0;2;1;2;1;0;1;1;0;0;1;174;117;96;6;1;3;18;6;2;2;0;0;0;0;0;0;0;0;11;11;0;0;42;3;4;2;0;1;0;0;0;1;3;0;2;0;0;0;0;0;0;0;1;0;0;0;0;0
14;"Szkoła Podstawowa nr 3 im. Marii Skłodowskiej-Curie z Oddziałami Dwujęzycznymi, ul. Siedlecka 4, 72-010 Police";321104;"gm. Police";"policki";"zachodniopomorskie";1;1;4;3;2;1;2;0;2;0;0;0;0;0;0;0;0;0;0;0;1;0;0;0;0;0;16;15;4;7;9;0;1;3;1;4;0;1;2;1;2;0;1;0;6;1;3;0;0;0;19;7;1;10;4;1;1;0;3;1;0;1;2;0;0;0;2;0;2;1;0;0;2;2;77;25;16;9;35;24;6;3;1;0;7;0;3;3;1;0;5;0;0;1;2;0;0;10;16;5;3;5;1;1;0;1;1;2;0;1;2;0;4;3;1;0;0;2;0;0;1;1;135;47;40;4;2;1;7;5;0;2;1;0;1;0;0;0;0;0;3;7;1;0;6;3;3;0;1;0;0;0;0;0;0;1;3;0;1;0;1;0;0;0;0;0;0;0;0;0
15;"Przedszkole Publiczne Nr 9 ""Tęczowa Kraina"", ul. Piaskowa 13, 72-010 Police";321104;"gm. Police";"policki";"zachodniopomorskie";1;1;4;4;1;0;0;0;2;0;0;1;1;1;0;0;1;1;1;1;0;0;1;0;2;1;37;28;18;15;12;0;2;3;6;2;1;0;4;2;0;3;0;0;24;1;0;0;2;2;42;26;5;4;2;0;4;3;3;1;2;3;4;1;0;3;1;0;0;1;1;3;2;4;124;29;32;4;71;40;11;5;1;2;22;2;6;5;1;3;10;0;2;3;5;0;2;5;31;10;8;2;1;0;2;0;2;0;1;1;0;1;0;0;1;2;0;0;0;0;1;1;224;81;105;6;2;8;9;5;3;4;1;0;1;0;2;2;0;0;10;9;0;1;32;3;5;0;1;0;0;0;0;0;0;0;1;0;0;0;2;0;0;0;2;0;0;0;0;0
16;"Świetlica Rady Osiedla Nr 4 Dąbrówka, ul. Piaskowa 49, 72-010 Police";321104;"gm. Police";"policki";"zachodniopomorskie";1;1;5;0;0;0;0;0;2;1;0;0;0;2;0;1;0;1;0;1;0;0;1;1;0;1;34;21;18;12;4;0;2;2;4;3;3;0;1;0;0;2;3;0;11;1;2;0;0;0;50;11;2;7;10;0;1;2;4;0;1;0;3;0;1;0;2;0;0;0;0;3;4;2;104;16;20;1;36;29;3;0;1;0;13;2;2;3;1;0;7;1;0;1;3;0;1;1;23;8;7;5;3;0;1;2;2;2;0;0;2;0;1;2;1;1;1;1;0;0;0;2;200;72;89;8;2;5;14;3;1;1;1;0;1;2;1;0;1;2;7;8;0;0;22;5;4;0;0;0;0;0;0;0;0;0;0;0;3;0;0;0;1;0;0;0;0;0;0;0
17;"Miejski Żłobek, ul. Robotnicza 15/17, 72-010 Police";321104;"gm. Police";"policki";"zachodniopomorskie";1;1;3;1;0;1;0;0;1;1;0;0;0;1;0;0;1;1;0;0;0;0;0;0;0;3;30;12;10;9;8;1;0;1;7;1;2;1;2;2;1;1;1;1;14;1;0;0;1;3;28;15;7;0;7;1;0;0;0;0;0;2;0;2;2;1;2;0;0;1;1;1;0;0;70;19;19;4;36;43;6;5;5;0;14;3;1;2;1;2;5;2;1;4;0;1;0;8;31;12;7;5;2;1;3;2;0;2;1;0;1;0;3;0;2;1;1;0;1;0;1;3;138;52;66;4;2;1;10;3;2;2;1;1;1;1;0;0;0;0;2;6;0;0;22;1;5;0;2;0;0;0;0;0;1;0;0;0;0;0;1;0;1;1;1;0;0;0;0;0
18;"Przedszkole Publiczne Nr 5 im. Wandy Chotomskiej, ul. Robotnicza 13, 72-010 Police";321104;"gm. Police";"policki";"zachodniopomorskie";1;1;4;2;0;3;2;0;3;1;0;1;1;2;0;1;1;2;0;1;0;1;1;0;0;3;39;31;15;19;8;0;3;1;7;6;3;2;0;3;0;0;4;0;17;6;4;0;1;1;47;18;5;6;5;3;0;5;2;0;2;2;1;1;2;0;6;0;2;2;2;1;3;2;102;43;29;5;63;44;9;0;3;11;7;0;5;2;0;0;12;3;4;4;0;2;3;13;29;13;8;13;2;0;2;1;2;4;0;0;1;0;0;2;3;0;0;3;0;0;0;0;175;86;101;6;2;5;16;10;2;6;2;1;0;0;1;1;1;0;3;14;4;0;9;3;10;0;3;1;0;0;1;0;0;1;1;0;0;0;2;1;0;0;0;0;0;0;0;0
19;"""Bajkowe"" Przedszkole Publiczne Nr 8, ul. Kardynała Stefana Wyszyńskiego 31, 72-010 Police";321104;"gm. Police";"policki";"zachodniopomorskie";1;1;2;2;0;0;0;1;2;5;0;0;0;1;1;0;0;1;0;0;1;0;1;1;2;4;27;7;8;18;6;1;5;1;6;1;1;1;1;2;0;2;2;0;5;4;1;0;0;1;44;17;3;4;9;0;4;2;7;2;1;0;2;1;1;0;1;0;0;0;3;1;3;1;85;25;27;4;70;32;14;0;0;2;16;1;0;2;3;1;12;0;1;3;3;1;1;7;23;5;7;1;0;0;1;0;1;0;0;0;1;1;1;1;0;1;0;0;0;0;0;4;173;54;87;3;5;2;11;4;0;2;1;0;2;0;2;1;0;0;8;11;1;0;18;2;7;2;0;0;0;0;0;0;0;0;1;0;0;0;2;0;0;3;0;0;0;0;2;1
20;"Przedszkole Publiczne Nr 10, ul. Piaskowa 112, 72-010 Police";321104;"gm. Police";"policki";"zachodniopomorskie";1;1;9;4;0;0;0;0;2;1;0;1;0;0;1;1;0;0;0;0;0;0;3;0;0;1;30;17;15;14;4;2;0;2;0;5;0;2;2;2;1;2;1;1;23;1;1;0;1;1;42;16;0;5;5;1;1;2;2;2;1;1;0;0;0;0;8;0;1;1;0;3;3;1;130;47;27;7;104;38;9;4;3;2;19;0;1;2;2;0;22;0;0;3;1;0;0;8;36;16;7;10;2;1;1;2;0;4;2;0;1;0;0;0;0;0;1;2;1;0;0;1;206;78;98;8;6;4;13;6;2;4;0;1;1;0;6;0;1;1;7;20;0;0;29;4;2;0;1;1;0;0;1;0;0;0;1;1;2;0;1;0;0;0;1;1;0;1;0;0
21;"Świetlica Rady Osiedla Nr 7 Anny Jagiellonki, ul. Stefana Roweckiego 40, 72-010 Police";321104;"gm. Police";"policki";"zachodniopomorskie";1;1;5;1;1;1;1;0;3;0;1;0;0;1;0;1;1;0;0;0;0;0;1;0;0;1;37;16;12;11;8;0;0;4;0;0;1;0;1;4;1;3;0;0;6;3;1;0;2;0;37;17;3;8;6;0;0;0;2;0;1;1;2;0;0;0;3;1;1;0;1;0;1;2;93;25;31;3;59;25;6;1;1;2;26;2;1;4;1;1;7;0;0;3;4;1;3;10;25;20;3;8;0;1;1;1;1;0;0;0;0;1;0;0;0;0;0;0;0;2;0;1;163;72;70;1;2;2;2;6;3;2;1;0;0;0;0;1;2;0;3;5;1;1;22;0;6;2;0;1;1;1;0;0;0;0;1;0;1;0;0;0;0;0;1;0;0;0;0;0
22;"Przedszkole Publiczne Nr 11, ul. Przyjaźni 1, 72-010 Police";321104;"gm. Police";"policki";"zachodniopomorskie";1;1;2;2;0;2;0;0;1;3;0;1;4;0;0;1;0;1;1;0;0;0;0;1;0;1;22;22;9;9;5;0;3;0;6;3;0;0;0;0;3;0;0;0;6;0;0;0;0;2;22;13;0;2;8;0;0;1;2;1;0;1;1;0;1;0;1;2;2;0;0;0;4;3;94;16;23;5;52;24;10;3;1;4;11;1;3;3;0;0;7;0;2;2;1;1;0;4;18;6;5;3;1;1;0;0;3;0;0;1;1;0;1;2;0;0;0;0;1;0;0;2;118;50;44;3;3;0;10;3;1;5;0;0;0;1;0;0;0;0;2;3;4;0;14;0;3;1;0;0;0;0;0;1;0;0;0;1;1;0;1;0;1;0;1;0;0;0;1;0
23;"Przedszkole Publiczne Nr 11, ul. Przyjaźni 33, 72-010 Police";321104;"gm. Police";"policki";"zachodniopomorskie";1;1;3;2;0;1;0;0;1;0;0;0;0;1;1;0;0;0;0;1;0;0;1;3;2;2;29;12;12;9;0;0;1;0;3;3;0;0;2;0;1;2;2;0;13;0;0;0;0;0;26;15;0;2;7;0;1;1;1;0;0;0;1;0;2;1;0;0;0;1;2;0;5;1;89;15;29;0;50;24;10;2;0;1;22;0;1;1;1;0;7;0;4;5;5;1;1;7;21;8;11;2;1;0;0;2;0;1;1;0;1;1;0;0;0;2;0;0;1;0;0;0;119;53;80;4;2;2;4;5;2;4;1;2;1;0;0;0;0;0;4;14;1;0;22;0;4;0;2;0;1;0;1;0;0;1;1;0;0;0;1;0;0;1;0;0;0;0;0;0
24;"Przedszkole Publiczne Nr 11, ul. Przyjaźni 1, 72-010 Police";321104;"gm. Police";"policki";"zachodniopomorskie";1;1;3;1;0;0;1;0;0;0;0;0;0;0;0;1;0;0;0;1;0;0;0;1;1;0;13;19;9;4;7;0;3;0;2;0;1;0;2;1;0;0;0;1;12;2;2;0;0;2;20;15;0;3;2;2;0;1;1;0;0;1;1;1;0;0;1;0;4;0;0;1;0;2;108;9;17;3;61;37;14;2;2;0;9;3;1;2;1;0;8;1;2;4;0;0;1;8;17;3;6;2;2;1;0;2;2;0;0;2;0;0;0;1;0;0;0;0;1;1;0;1;116;36;60;4;0;1;8;2;1;1;0;0;0;0;0;1;0;0;5;9;0;0;21;1;10;3;0;4;0;0;0;0;0;2;3;0;0;0;1;0;0;0;0;0;0;0;0;0
25;"Przedszkole Publiczne Nr 11, ul. Przyjaźni 33, 72-010 Police";321104;"gm. Police";"policki";"zachodniopomorskie";1;1;3;3;1;2;0;1;1;0;0;0;0;0;0;0;1;0;0;1;0;0;0;0;0;2;24;25;10;13;7;1;2;1;4;1;0;1;2;1;0;2;0;0;8;2;2;0;0;0;31;18;0;6;6;2;2;0;2;0;2;2;1;0;0;1;1;0;2;2;1;1;0;3;106;28;33;8;64;41;12;6;2;0;7;0;2;4;0;1;15;0;3;6;1;0;0;2;19;9;5;6;1;1;5;0;1;1;0;0;0;0;0;0;0;1;1;0;0;0;0;1;163;76;76;4;3;2;13;2;3;1;1;2;0;1;1;0;1;0;1;3;1;0;30;1;7;2;0;1;1;0;0;0;0;0;1;0;0;0;12;0;0;0;1;1;0;0;0;0
26;"Świetlica Sołecka, Dębostrów 30, 72-015 Police 3";321104;"gm. Police";"policki";"zachodniopomorskie";1;1;0;0;0;0;0;0;0;0;0;0;0;0;0;0;0;0;0;0;0;0;0;0;0;0;9;5;0;4;4;1;0;1;1;0;0;0;0;1;0;0;0;0;0;0;0;0;0;0;7;2;0;1;0;0;0;0;0;0;0;0;0;0;0;0;0;0;0;2;0;1;0;0;25;3;11;1;10;13;6;2;0;1;1;1;2;1;1;1;3;1;0;3;2;0;0;0;9;0;1;1;1;0;1;0;0;0;0;0;0;0;0;1;1;0;0;0;0;0;0;0;26;11;9;0;0;4;1;0;0;0;0;0;0;0;0;0;1;0;1;2;0;2;4;0;0;0;0;0;0;0;0;0;0;0;0;1;0;0;0;0;0;0;0;0;0;0;0;0
27;"Świetlica Sołecka, Uniemyśl 3, 72-015 Police 3";321104;"gm. Police";"policki";"zachodniopomorskie";1;1;1;0;0;0;1;0;0;0;0;0;0;0;0;0;0;0;0;0;0;0;0;0;0;0;5;1;0;1;1;1;0;0;0;0;0;0;0;0;0;1;0;0;4;3;1;0;1;0;6;1;1;2;1;0;0;0;0;0;0;0;0;0;0;0;1;0;0;0;0;1;1;2;21;8;2;0;17;13;4;0;0;1;4;0;0;1;0;0;0;0;0;0;1;0;1;3;3;1;5;2;0;0;0;0;2;0;0;0;0;0;0;0;0;0;0;0;1;0;0;0;46;17;24;0;0;1;1;1;1;0;0;1;0;0;0;0;1;0;0;1;0;0;3;1;0;0;0;0;0;0;0;0;0;0;1;0;0;0;0;0;0;0;0;0;0;0;0;0
28;"Samodzielny Publiczny Szpital Kliniczny Nr 1 im. prof. Tadeusza Sokołowskiego Pomorskiego Uniwersytetu Medycznego, ul. Siedlecka 2, 72-010 Police";321104;"gm. Police";"policki";"zachodniopomorskie";1;1;0;0;0;0;0;0;0;0;0;0;0;0;0;0;0;0;1;0;0;0;0;0;0;0;1;1;2;1;2;0;0;0;1;0;0;0;0;0;0;0;0;0;0;0;0;0;0;0;0;0;0;0;0;0;0;0;0;0;0;0;0;0;0;0;0;0;0;0;0;0;0;0;4;0;0;1;0;0;1;0;0;0;0;0;0;0;0;0;0;0;0;0;1;0;0;0;1;0;0;0;0;0;0;0;0;0;0;0;0;0;0;0;0;0;0;0;0;0;1;0;6;0;1;1;0;0;0;0;0;2;0;0;1;0;0;0;0;0;1;0;0;0;0;0;0;0;0;0;0;0;0;0;0;0;0;0;0;0;0;0;0;0;0;0;0;0;0;0
1;"Sala konferencyjna Urzędu Gminy, ul. Niepokalanej 34, 74-202 Bielice";321201;"gm. Bielice";"pyrzycki";"zachodniopomorskie";1;1;9;1;2;0;0;1;0;0;0;0;0;0;0;0;0;0;0;1;0;0;0;0;0;1;49;2;7;16;3;1;3;0;2;2;0;1;1;0;0;3;0;0;3;3;2;0;2;0;25;9;1;2;1;0;0;3;8;0;1;1;0;1;1;1;2;0;0;0;0;1;2;1;44;34;16;33;81;97;27;28;1;22;3;3;1;2;1;0;1;1;1;1;2;0;5;1;20;5;11;11;1;0;2;2;3;1;2;0;0;2;0;2;0;0;0;0;0;1;0;1;80;33;52;3;1;4;7;7;0;1;0;1;0;0;0;2;0;0;0;6;1;1;1;2;5;7;1;0;0;0;0;0;0;0;0;0;0;0;0;0;0;0;0;0;0;0;0;0
2;"Świetlica wiejska, Babin 43a, 74-202 Bielice";321201;"gm. Bielice";"pyrzycki";"zachodniopomorskie";1;1;1;0;2;2;1;1;4;1;0;0;1;1;0;0;0;0;0;1;1;1;1;1;1;1;29;11;7;6;5;1;3;0;8;0;1;0;0;0;0;4;1;0;1;2;0;2;0;1;16;14;0;2;1;0;2;0;3;0;0;0;1;0;0;0;0;0;1;0;0;0;2;1;36;22;12;27;68;31;41;12;0;4;2;3;0;2;1;1;3;1;0;3;1;1;3;4;18;9;7;4;3;0;2;0;0;0;0;1;0;0;1;0;4;1;0;1;0;1;0;0;61;25;29;0;1;2;4;6;0;1;1;0;0;1;0;2;0;0;1;2;2;0;0;1;2;0;0;0;0;0;0;0;0;0;0;0;0;0;1;0;0;0;1;1;0;0;0;0
1;"Szkoła Podstawowa, Kozielice 73, 74-204 Kozielice";321202;"gm. Kozielice";"pyrzycki";"zachodniopomorskie";1;1;3;0;3;1;0;0;0;0;0;1;0;1;1;0;0;0;0;0;1;7;1;0;0;0;42;2;5;5;5;3;3;1;6;3;0;0;1;0;0;1;1;0;0;2;3;1;0;1;17;5;1;2;3;2;0;0;4;0;1;1;0;0;0;0;0;2;0;0;0;1;3;0;56;30;25;24;26;43;13;6;4;10;0;1;1;5;0;1;3;0;1;4;0;0;1;5;16;1;2;4;0;1;0;0;0;3;0;0;0;0;0;1;0;0;0;0;1;1;0;0;36;24;4;0;1;1;5;5;0;1;0;1;2;1;1;1;0;0;0;1;0;0;0;0;4;3;0;0;0;0;0;0;0;0;0;0;2;0;0;0;0;0;1;0;0;0;0;0
2;"Świetlica Wiejska, Tetyń 64, 74-205 Tetyń";321202;"gm. Kozielice";"pyrzycki";"zachodniopomorskie";1;1;1;2;0;1;0;0;1;0;0;0;0;0;0;0;0;0;0;0;0;4;0;0;0;1;36;1;1;2;2;2;1;1;0;1;0;2;0;1;1;1;0;1;1;1;0;0;1;0;5;0;1;2;0;1;1;0;1;0;0;0;1;0;0;0;0;0;1;0;2;0;1;0;32;16;64;15;30;14;8;0;2;3;3;0;0;1;0;0;2;1;3;2;1;0;2;1;11;8;0;4;0;1;0;0;2;0;0;0;0;0;0;0;0;0;0;0;0;0;0;0;39;14;7;5;1;0;4;1;0;0;0;0;0;0;0;1;0;0;1;2;1;0;0;0;6;4;0;0;2;0;0;0;0;2;1;0;1;0;0;0;0;0;1;0;0;0;0;0
3;"Świetlica Wiejska, Mielno Pyrzyckie 64, 74-204 Kozielice";321202;"gm. Kozielice";"pyrzycki";"zachodniopomorskie";1;1;1;1;0;0;0;0;0;0;0;0;0;0;1;0;0;1;0;0;0;3;0;0;1;0;19;3;0;0;2;0;1;0;0;0;0;0;0;0;0;0;0;0;1;2;0;0;0;0;7;6;1;1;2;0;0;0;2;0;0;0;0;0;0;0;0;0;0;0;0;0;0;0;10;3;13;11;9;20;2;0;0;2;0;0;2;1;0;0;1;0;0;0;0;0;4;2;5;2;3;2;0;0;1;0;0;0;0;0;0;1;0;0;0;0;1;0;1;0;0;1;20;11;2;0;0;1;3;1;1;0;0;0;0;0;2;1;0;0;0;0;0;0;0;0;2;1;1;0;0;0;0;0;0;0;0;0;0;0;0;0;0;0;0;0;0;0;0;0
1;"Miejsko-Gminny Ośrodek Kultury, pl. Huberta Dzikowskiego 1, 74-240 Lipiany";321203;"gm. Lipiany";"pyrzycki";"zachodniopomorskie";1;1;4;1;1;3;1;0;0;0;1;0;0;1;0;0;1;1;1;0;0;0;1;0;0;1;113;2;5;6;3;1;0;0;5;0;0;1;1;1;0;79;1;0;1;0;0;0;1;0;17;9;1;2;3;1;2;0;3;0;2;2;0;0;0;0;2;0;1;0;1;0;1;0;114;13;36;20;50;31;14;8;2;17;1;6;2;3;3;0;0;2;1;3;0;0;2;6;17;6;2;5;0;1;1;1;1;0;0;0;0;0;2;0;0;0;0;0;0;2;0;0;130;52;27;4;2;2;9;8;2;1;0;13;0;1;1;4;0;0;1;1;0;0;0;7;3;2;2;2;1;0;1;1;1;0;2;0;0;0;0;0;0;0;2;0;0;0;0;0
2;"Miejsko-Gminna Biblioteka Publiczna, ul. Szkolna 17, 74-240 Lipiany";321203;"gm. Lipiany";"pyrzycki";"zachodniopomorskie";1;1;3;1;0;0;1;0;3;0;0;0;0;0;1;0;0;0;0;0;0;0;0;0;0;0;105;0;2;3;2;1;1;1;1;0;0;0;0;0;0;80;1;0;0;1;0;0;0;0;7;16;3;3;3;3;1;0;4;1;3;0;0;0;2;0;2;0;0;0;0;0;0;0;113;22;15;12;39;31;13;6;5;8;3;7;1;0;0;0;7;6;2;2;0;0;1;4;17;7;5;5;0;0;2;1;1;1;0;1;0;0;0;1;1;1;0;0;0;1;2;0;82;34;6;0;2;9;4;5;1;1;1;4;0;0;0;3;0;1;1;2;0;0;0;1;4;0;0;0;0;0;2;0;0;0;0;1;3;0;1;0;0;0;0;0;0;0;0;0
3;"Świetlica, Batowo 23, 74-230 Mielęcin";321203;"gm. Lipiany";"pyrzycki";"zachodniopomorskie";1;1;2;0;1;0;0;0;2;0;0;0;0;0;1;0;1;0;0;0;0;0;0;0;0;0;24;0;1;3;2;0;0;0;2;0;1;0;2;0;0;22;0;1;1;0;0;0;2;1;8;3;0;1;0;0;1;0;0;0;0;0;0;1;0;0;0;0;0;0;2;0;1;0;41;12;11;12;47;21;8;3;0;14;1;1;1;2;0;0;0;1;3;0;2;0;1;5;5;1;3;0;0;0;0;0;0;0;0;0;0;0;0;1;1;0;1;0;0;1;0;0;24;21;5;0;0;0;2;2;0;1;0;3;0;1;1;0;0;1;0;2;0;1;0;0;1;1;0;0;0;0;0;0;0;1;0;0;0;0;0;0;0;0;0;0;0;0;0;0
4;"Budynek Hali Rekreacyjno-Sportowej, ul. Mikołaja Kopernika 9, 74-240 Lipiany";321203;"gm. Lipiany";"pyrzycki";"zachodniopomorskie";1;1;1;0;0;1;0;0;0;1;0;0;0;1;0;0;1;0;1;0;0;0;0;0;0;1;85;2;1;3;0;2;0;0;0;0;0;0;1;0;0;46;0;0;1;0;0;0;0;1;4;12;0;3;6;0;0;0;3;1;0;1;2;1;1;0;1;0;2;2;0;1;0;0;71;9;11;7;19;16;12;0;1;4;1;2;1;0;1;0;0;1;4;1;4;1;2;2;4;4;2;2;2;1;2;1;0;1;0;0;1;1;0;0;0;0;0;1;1;0;1;0;66;24;5;3;1;3;2;4;1;1;3;5;1;1;1;3;0;0;1;0;0;0;0;2;0;1;1;0;0;0;1;1;0;0;0;0;0;2;0;0;0;0;1;0;0;0;0;0
1;"Publiczna Szkoła Podstawowa, Jesionowo 59, 74-210 Przelewice";321204;"gm. Przelewice";"pyrzycki";"zachodniopomorskie";1;1;1;0;0;0;0;0;0;0;1;0;0;1;0;0;0;0;0;0;0;0;0;0;0;1;21;3;3;1;0;0;1;0;0;1;0;3;2;0;0;0;0;0;2;1;0;0;0;0;15;4;2;2;1;0;0;0;2;1;1;0;0;0;0;0;1;1;0;0;2;0;0;1;17;13;11;10;50;16;6;4;1;11;2;2;0;0;0;1;3;0;0;0;1;0;0;1;7;0;0;3;0;0;1;0;1;2;1;0;0;1;0;0;0;0;0;0;0;0;0;0;26;16;7;4;1;1;5;1;0;0;0;28;0;1;1;0;0;0;0;2;0;0;0;2;0;0;0;0;0;0;0;0;0;0;0;0;2;0;0;0;0;0;0;0;0;3;0;0
2;"Szkoła Podstawowa, Kłodzino 37, 74-210 Przelewice";321204;"gm. Przelewice";"pyrzycki";"zachodniopomorskie";1;1;1;2;1;0;0;1;1;1;0;0;0;0;0;0;0;0;0;0;0;0;0;0;1;0;11;0;2;3;0;0;0;0;0;0;0;1;0;0;0;2;1;0;0;0;0;0;0;0;11;2;0;1;3;0;0;0;1;1;0;0;1;0;0;0;0;1;2;0;0;1;1;0;25;8;11;11;15;13;2;0;1;7;3;0;0;0;1;0;1;0;1;3;0;1;0;3;8;2;1;1;0;1;0;0;0;1;1;0;0;0;0;0;0;5;0;0;0;0;0;0;35;41;4;0;0;0;2;2;0;0;0;20;0;0;0;0;0;0;1;0;0;0;0;2;1;0;1;0;0;0;2;0;0;0;0;0;0;0;0;0;1;0;2;0;1;0;0;0
3;"Hala Kompleksu sportowego im. Wojciecha Matusiaka, Przelewice 95A, 74-210 Przelewice";321204;"gm. Przelewice";"pyrzycki";"zachodniopomorskie";1;1;6;1;2;0;0;1;0;0;1;0;0;0;0;0;0;3;0;0;0;1;0;0;2;0;39;1;4;6;3;0;1;1;0;0;1;1;2;1;0;6;0;1;1;0;0;0;1;0;21;10;1;5;1;0;1;1;4;0;1;3;0;0;0;0;2;0;0;0;1;0;1;0;35;17;15;20;37;40;3;4;3;6;3;2;1;2;0;1;0;1;1;5;2;0;1;1;19;5;0;7;4;1;2;0;1;1;0;0;0;1;0;0;0;1;1;0;0;0;0;0;45;52;10;5;1;1;3;3;0;0;0;54;0;0;0;1;0;0;0;0;0;0;1;1;5;0;0;0;0;0;0;0;1;0;1;0;0;0;0;0;0;0;0;0;0;0;0;0
4;"Publiczna Szkoła Podstawowa, Żuków 38, 73-115 Dolice";321204;"gm. Przelewice";"pyrzycki";"zachodniopomorskie";1;1;1;0;0;0;0;0;1;0;0;1;1;1;0;0;0;0;0;0;0;0;0;0;0;2;16;2;5;0;1;1;1;0;4;0;1;0;2;0;0;3;1;1;0;1;1;0;0;0;4;2;1;0;1;0;0;1;0;0;0;0;1;0;0;0;1;0;0;2;0;3;0;0;35;8;5;37;13;14;22;1;4;4;0;1;3;1;0;0;0;2;0;0;0;0;1;1;8;4;1;2;0;0;0;0;1;0;0;0;0;0;0;0;0;0;0;0;0;1;0;0;20;13;5;5;0;2;3;3;0;0;0;3;0;0;0;0;0;0;0;1;1;0;0;0;1;0;0;0;0;0;0;0;0;0;0;0;0;0;0;0;0;0;0;0;0;0;0;0
5;"Świetlica wiejska, Płońsko 6a, 74-210 Przelewice";321204;"gm. Przelewice";"pyrzycki";"zachodniopomorskie";1;1;2;0;1;0;0;0;0;0;0;0;0;0;0;0;0;0;0;0;0;0;0;0;0;0;16;2;0;3;0;0;1;0;3;1;0;1;0;0;0;0;0;0;1;0;0;0;0;0;7;0;0;3;1;1;0;0;0;0;0;0;1;0;0;0;0;0;0;1;1;0;0;0;13;3;3;22;5;18;2;4;0;9;1;2;0;0;0;0;0;1;1;4;1;1;1;2;4;1;2;0;0;0;0;0;0;1;0;0;0;0;0;0;0;0;0;0;0;0;0;0;21;15;3;1;0;0;1;1;0;0;0;18;0;0;0;1;0;1;0;0;0;0;0;1;0;0;0;0;1;0;0;0;0;0;0;0;0;0;0;0;1;0;0;0;0;0;0;0
6;"Świetlica wiejska, Kosin 18, 74-210 Przelewice";321204;"gm. Przelewice";"pyrzycki";"zachodniopomorskie";1;1;0;1;0;0;1;0;2;2;0;0;0;0;0;0;1;0;0;0;0;0;0;0;0;0;9;0;0;2;0;0;0;0;1;0;0;0;1;1;0;0;0;0;0;0;0;0;0;0;4;3;1;0;1;0;0;1;1;0;1;0;0;0;0;0;0;0;0;0;0;1;0;1;29;10;4;11;11;23;1;6;2;5;0;0;0;0;0;0;1;1;0;1;0;0;0;1;5;0;1;0;0;0;0;0;0;0;0;0;0;0;0;0;1;0;0;0;0;0;0;0;11;15;2;1;3;3;0;1;0;0;0;6;0;0;0;2;0;0;0;0;0;0;0;0;0;0;0;0;0;0;0;0;0;0;0;0;4;0;1;0;0;0;0;0;0;0;0;0
7;"Świetlica wiejska, Lubiatowo 12, 74-211 Brzesko";321204;"gm. Przelewice";"pyrzycki";"zachodniopomorskie";1;1;2;0;0;0;0;0;1;0;0;0;0;0;0;0;0;0;0;0;0;0;0;0;0;1;10;2;0;1;3;0;2;1;0;1;0;0;0;0;0;1;0;0;0;0;0;0;0;1;0;0;3;0;2;0;0;0;2;1;0;0;0;0;0;0;0;0;0;0;1;0;1;1;24;11;4;9;11;10;10;0;0;3;0;0;0;1;1;0;1;1;0;0;0;0;0;0;5;6;1;0;1;0;0;0;0;0;0;0;0;0;0;1;1;1;0;0;0;1;0;0;13;4;6;0;0;1;2;5;0;0;0;0;0;0;0;0;0;0;0;0;0;0;0;0;3;0;0;0;0;0;0;0;0;0;0;0;0;0;0;0;0;0;0;0;0;0;0;0
8;"Świetlica wiejska, Przywodzie 21, 73-115 Dolice";321204;"gm. Przelewice";"pyrzycki";"zachodniopomorskie";1;1;3;3;0;0;0;0;0;0;0;0;0;0;0;0;0;0;0;0;0;0;0;0;0;0;9;0;2;0;0;0;0;0;1;0;1;0;0;0;1;0;0;0;0;0;0;0;0;0;8;2;0;1;4;0;0;0;0;0;0;0;0;0;0;0;3;1;0;0;0;1;1;0;12;4;0;9;3;4;6;1;0;26;1;0;1;1;0;0;0;0;1;0;0;0;1;1;2;1;2;1;0;0;0;0;1;0;0;0;0;0;0;0;1;0;0;0;0;0;0;0;20;7;0;0;1;0;2;2;0;0;0;7;0;0;1;0;0;0;1;0;0;0;0;0;0;1;0;0;1;0;0;0;0;0;0;0;0;0;0;0;0;0;0;0;0;0;0;0
1;"Przedszkole Publiczne Nr 4, ul. Zabytkowa 50, 74-200 Pyrzyce";321205;"gm. Pyrzyce";"pyrzycki";"zachodniopomorskie";1;1;4;1;2;1;0;1;0;1;0;0;1;1;0;0;0;0;0;0;1;0;0;0;2;2;35;6;7;10;3;1;1;1;3;1;0;0;2;0;0;2;2;0;0;0;1;0;0;0;33;15;1;1;1;1;1;0;15;0;1;2;0;1;0;0;1;1;1;0;0;2;4;1;75;24;15;49;54;70;13;5;3;4;18;0;3;4;0;0;2;2;0;3;3;0;2;5;17;8;0;3;0;1;0;0;1;0;0;0;0;0;1;0;3;3;0;0;0;2;0;2;129;85;11;2;1;5;26;3;0;1;0;1;0;0;0;20;1;0;2;2;0;0;1;4;10;1;1;0;1;1;0;0;0;2;0;0;1;0;0;0;0;0;14;0;0;0;0;0
2;"Zespół Szkół Nr 1, ul. Lipiańska 2, 74-200 Pyrzyce";321205;"gm. Pyrzyce";"pyrzycki";"zachodniopomorskie";1;1;2;2;0;0;0;1;1;0;0;0;0;0;0;0;0;0;1;0;0;0;0;0;1;1;36;8;10;17;2;0;2;3;4;2;0;1;0;0;0;0;4;0;0;3;4;1;0;0;19;13;0;0;2;0;1;0;7;1;1;3;0;0;0;0;2;0;0;0;0;0;0;0;49;8;13;33;32;35;6;7;1;9;6;1;0;0;0;0;0;0;1;1;1;4;0;0;23;9;1;6;1;0;0;0;1;1;0;0;0;0;0;1;0;0;0;0;0;0;1;0;118;84;39;2;6;3;26;5;5;1;1;2;0;1;0;12;1;0;2;0;1;2;1;1;3;1;2;0;0;2;0;0;0;1;1;0;0;0;0;0;0;0;4;0;0;0;2;0
3;"Szkoła Podstawowa w Pyrzycach, ul. Tadeusza Rejtana 6, 74-200 Pyrzyce";321205;"gm. Pyrzyce";"pyrzycki";"zachodniopomorskie";1;1;12;2;1;1;0;1;2;1;1;0;0;3;1;1;0;2;1;0;0;0;1;2;1;1;51;12;12;13;13;4;4;2;8;0;1;0;2;1;2;4;3;0;3;3;1;0;3;3;35;14;6;2;4;0;2;1;20;1;0;1;2;1;1;0;3;1;2;1;2;0;1;0;113;40;20;110;72;100;19;11;1;16;17;3;3;2;0;1;5;3;2;2;2;0;6;5;43;11;6;10;1;0;1;2;1;1;0;1;0;0;0;0;2;1;1;1;0;1;0;1;220;116;43;5;3;6;21;10;3;1;2;2;2;1;1;41;2;0;0;0;0;0;2;5;9;7;1;2;3;0;0;0;0;0;0;1;0;0;0;0;0;0;12;0;0;0;0;0
4;"Przedszkole Publiczne Nr 3 z Oddziałem Integracyjnym, ul. Gabriela Narutowicza 5, 74-200 Pyrzyce";321205;"gm. Pyrzyce";"pyrzycki";"zachodniopomorskie";1;1;13;0;0;1;0;0;0;0;0;0;0;0;0;0;0;1;0;1;0;0;0;0;1;0;23;7;6;10;1;1;2;1;4;3;0;1;0;2;1;2;0;0;0;1;1;0;2;0;11;10;0;3;1;2;0;0;3;0;3;2;0;0;0;0;0;0;0;0;0;0;0;0;49;6;7;22;31;37;5;1;2;1;7;2;0;1;0;0;2;1;1;0;0;1;2;4;7;3;3;4;1;0;1;0;3;1;0;0;2;1;0;2;1;1;0;0;0;0;0;1;69;49;13;1;0;2;4;1;1;3;1;3;2;0;0;16;0;0;0;4;0;0;1;1;0;0;0;1;0;0;0;0;0;0;0;0;0;0;0;0;0;0;2;0;0;0;0;0
5;"Świetlica Spółdzielni Mieszkaniowej, ul. Jana Henryka Dąbrowskiego 15, 74-200 Pyrzyce";321205;"gm. Pyrzyce";"pyrzycki";"zachodniopomorskie";1;1;4;0;1;0;0;2;0;1;1;0;0;1;0;0;0;0;1;0;0;1;0;0;0;2;48;10;13;9;3;0;2;2;4;0;0;1;0;3;0;0;0;0;1;1;1;0;0;2;29;17;4;3;2;1;2;1;17;0;0;1;1;0;1;1;1;0;2;0;1;2;3;0;108;43;29;38;52;67;14;6;2;5;9;2;2;2;0;2;0;1;1;2;0;0;4;6;19;9;1;5;1;0;1;1;3;0;0;1;0;0;0;0;1;2;0;0;0;2;0;0;136;86;14;2;6;1;24;4;2;1;0;0;0;0;1;20;0;0;2;0;0;0;0;1;11;5;0;2;0;2;0;0;1;0;0;2;1;0;1;0;0;0;11;0;0;0;0;0
6;"Szkoła Podstawowa z Oddziałami integracyjnymi, ul. Poznańska 2, 74-200 Pyrzyce";321205;"gm. Pyrzyce";"pyrzycki";"zachodniopomorskie";1;1;4;1;1;0;0;0;0;0;0;0;2;0;0;0;0;0;0;0;0;0;2;0;3;3;50;14;21;8;3;1;7;2;5;0;1;0;3;2;0;3;0;0;2;5;2;1;0;0;26;20;3;2;5;1;0;1;23;0;1;1;0;0;0;2;0;0;0;0;1;0;1;2;86;18;10;49;70;50;14;7;6;4;8;3;2;4;0;1;2;2;0;6;0;0;9;7;17;9;7;8;0;2;0;0;1;1;2;0;0;0;1;0;0;0;2;1;0;0;0;2;119;117;17;3;1;5;14;5;0;3;0;1;2;0;1;28;0;0;2;3;2;1;1;0;8;7;1;1;0;0;0;0;0;0;1;0;2;0;0;0;0;0;10;0;0;0;0;1
7;"Świetlica Osiedla, ul. Słoneczna 11, 74-200 Pyrzyce";321205;"gm. Pyrzyce";"pyrzycki";"zachodniopomorskie";1;1;8;3;3;0;0;0;1;0;0;0;0;1;0;1;0;0;1;0;0;2;0;0;2;2;20;5;11;12;3;3;2;0;4;0;0;1;0;5;0;8;1;0;2;3;2;1;2;0;15;22;2;1;1;0;0;0;10;1;0;1;0;1;0;0;1;0;2;0;0;0;0;0;62;18;17;29;42;27;11;7;7;8;5;1;2;0;2;1;1;1;1;1;1;0;2;6;21;3;4;5;2;1;0;0;2;0;1;1;0;0;0;0;0;0;0;3;0;1;1;0;114;94;35;2;4;3;3;1;7;0;0;3;0;2;0;23;0;0;2;0;3;0;0;3;5;6;0;1;1;0;0;1;0;0;0;0;1;1;0;0;0;0;1;0;0;1;0;0
8;"Szkoła Podstawowa, Żabów 8, 74-200 Pyrzyce";321205;"gm. Pyrzyce";"pyrzycki";"zachodniopomorskie";1;1;7;1;2;0;1;1;1;0;2;0;0;0;0;0;0;2;0;0;0;0;1;0;0;3;50;4;14;13;12;2;4;3;2;3;1;1;1;3;0;1;0;0;8;2;1;0;1;1;18;7;3;3;4;1;0;1;91;1;0;0;2;1;0;0;1;0;1;1;0;0;1;1;115;32;29;56;58;62;29;12;3;25;6;4;5;10;1;2;5;6;2;6;1;1;3;9;33;8;6;8;2;1;0;0;7;2;1;1;1;0;1;1;2;0;2;0;1;0;3;1;119;51;43;1;7;3;9;5;4;7;1;3;0;3;0;19;0;0;1;3;0;1;2;7;11;6;0;2;0;0;0;0;0;1;0;0;0;0;0;1;0;0;7;0;0;0;0;0
9;"Szkoła Podstawowa, Okunica 23, 74-200 Pyrzyce";321205;"gm. Pyrzyce";"pyrzycki";"zachodniopomorskie";1;1;1;3;0;0;0;0;2;0;0;0;1;0;0;0;2;0;0;0;0;0;0;0;0;1;42;7;3;3;1;0;2;0;4;0;0;0;0;1;0;0;0;1;2;2;0;0;0;0;12;6;1;1;1;0;1;2;8;2;1;0;0;1;0;0;1;0;0;0;0;1;1;0;47;17;4;45;49;35;12;4;2;31;4;0;0;3;0;0;2;0;1;0;1;0;1;3;14;5;3;0;0;0;1;0;0;3;1;0;0;0;0;0;0;0;1;1;0;1;1;0;51;34;8;3;1;5;4;1;1;2;3;0;0;1;0;0;0;0;0;0;0;0;0;1;2;0;0;0;3;0;0;0;0;0;0;0;1;0;0;0;0;0;1;0;0;0;0;0
10;"Świetlica Wiejska, Brzesko 119, 74-211 Brzesko";321205;"gm. Pyrzyce";"pyrzycki";"zachodniopomorskie";1;1;2;1;1;0;1;0;0;0;0;0;0;2;0;1;0;0;0;0;0;0;1;0;1;1;48;1;3;11;5;1;6;0;1;1;1;0;0;1;0;1;2;0;1;1;0;0;0;0;22;4;1;3;1;1;1;2;20;0;0;1;0;0;1;0;1;0;1;1;0;0;1;1;65;31;21;48;102;45;12;1;2;26;5;1;2;5;5;1;1;0;1;1;1;0;3;7;21;4;4;4;1;1;3;1;4;2;5;0;1;1;1;0;4;0;0;0;3;0;0;4;38;30;15;2;5;1;12;2;0;2;0;5;0;1;0;5;0;0;1;2;0;0;0;3;18;4;1;1;0;1;2;0;0;0;1;0;0;0;0;0;0;0;2;0;0;0;0;0
11;"Świetlica Wiejska, ul. Główna 42A, 74-230 Mielęcin";321205;"gm. Pyrzyce";"pyrzycki";"zachodniopomorskie";1;1;1;0;0;0;1;1;0;0;0;1;0;0;0;0;0;1;0;0;0;0;0;1;0;0;13;1;0;4;3;1;1;0;2;0;0;1;0;1;0;8;1;0;0;0;0;0;1;0;7;4;0;0;2;0;0;0;3;0;0;0;1;0;0;0;0;1;1;0;0;0;1;1;33;3;8;14;24;6;9;1;3;28;2;0;0;0;0;2;0;0;1;1;0;0;0;0;5;3;2;0;0;0;0;0;0;0;0;0;0;0;0;0;0;0;1;0;0;0;0;0;23;15;6;0;0;1;6;0;0;0;0;2;0;0;1;3;0;0;1;0;0;0;0;0;1;1;2;0;0;0;0;0;1;0;0;0;1;0;0;0;0;0;1;0;0;0;0;0
12;"Świetlica Wiejska, Krzemlin 28, 74-230 Mielęcin";321205;"gm. Pyrzyce";"pyrzycki";"zachodniopomorskie";1;1;0;1;0;0;0;0;0;0;0;0;0;0;0;0;0;0;0;0;0;0;0;0;1;0;13;1;3;3;3;1;2;1;1;0;0;0;0;2;0;1;1;1;0;0;1;0;0;1;7;4;0;0;0;0;1;0;5;1;0;0;1;0;0;0;1;0;0;4;1;1;1;0;25;9;21;12;14;24;11;0;2;8;0;2;0;5;0;0;1;1;0;1;2;1;0;0;8;1;1;3;3;1;1;1;0;0;0;0;0;0;0;0;0;0;0;1;0;0;0;0;45;37;9;2;1;0;5;4;1;0;0;0;0;0;0;0;0;1;0;0;1;0;0;2;1;0;0;1;2;0;0;0;0;1;0;0;0;0;1;0;0;0;3;0;0;0;0;0
13;"Świetlica Wiejska, Nowielin 35B, 74-200 Pyrzyce";321205;"gm. Pyrzyce";"pyrzycki";"zachodniopomorskie";1;1;3;1;1;0;1;0;1;0;0;1;0;0;0;0;0;1;0;0;1;0;0;1;0;0;3;3;1;4;1;0;0;0;0;0;0;2;0;1;0;0;1;0;0;0;0;0;0;0;10;1;0;0;1;0;0;1;6;0;0;0;0;0;0;0;0;0;0;1;0;0;0;0;16;1;6;3;39;13;10;1;0;2;1;1;3;2;0;0;0;0;0;1;1;0;0;1;4;4;2;4;0;1;0;0;0;0;0;0;0;0;0;0;0;0;0;0;0;0;0;0;8;8;4;3;0;3;5;1;0;0;0;2;0;0;0;0;0;0;0;0;0;0;0;0;0;0;0;0;0;0;0;0;0;0;0;0;0;0;0;0;0;0;1;0;0;0;0;0
14;"Szpital Powiatowy w Pyrzycach-sala konferencyjna (wejście C, parter), ul. Jana Pawła II 2, 74-200 Pyrzyce";321205;"gm. Pyrzyce";"pyrzycki";"zachodniopomorskie";1;1;0;0;0;0;0;0;0;0;0;1;0;0;0;0;0;0;0;0;0;0;0;0;0;0;2;1;0;0;0;0;0;0;0;0;0;0;0;0;0;0;0;0;0;0;0;0;0;0;2;0;0;0;0;0;0;0;2;0;0;0;0;0;0;0;0;0;0;0;0;0;1;1;2;0;2;2;0;2;1;0;0;1;0;0;0;0;0;0;0;0;0;1;0;0;0;0;0;0;0;0;0;0;0;0;0;0;0;0;0;0;0;0;0;0;0;0;0;0;0;0;0;1;0;0;0;0;0;0;0;0;0;0;0;0;0;0;0;0;0;0;0;0;0;0;0;0;0;0;0;0;0;0;0;0;0;0;0;0;0;0;0;0;0;0;0;0;0;0
1;"Dom Strażaka, Warnice 36A, 74-201 Warnice";321206;"gm. Warnice";"pyrzycki";"zachodniopomorskie";1;1;3;2;0;1;0;0;3;1;0;0;0;0;0;1;0;0;0;0;0;0;1;0;0;0;28;2;8;12;3;1;0;0;2;0;1;0;1;4;0;2;0;0;1;2;2;1;0;0;13;4;1;2;2;1;0;0;0;0;0;0;0;6;0;0;1;1;1;0;0;0;1;1;42;11;6;50;47;53;17;5;2;27;4;0;3;3;0;0;2;2;0;2;3;0;0;0;18;6;4;0;4;0;1;2;3;0;1;0;1;1;0;1;1;0;2;0;0;0;0;2;47;18;16;2;2;4;1;6;2;2;2;0;1;4;0;0;1;0;0;0;0;0;1;4;3;3;0;1;0;1;0;0;0;0;1;0;1;0;0;0;0;0;0;0;0;0;0;0
2;"Szkoła Podstawowa, Stary Przylep 60, 74-211 Brzesko";321206;"gm. Warnice";"pyrzycki";"zachodniopomorskie";1;1;1;3;1;0;1;0;0;0;0;0;0;0;0;0;1;0;0;0;0;0;1;0;0;1;15;5;0;2;1;0;1;1;1;0;1;0;1;0;1;0;0;0;0;0;1;0;0;0;9;3;0;1;1;0;0;0;2;0;1;0;1;1;0;0;1;0;1;1;1;0;0;1;31;12;9;42;35;30;2;6;1;58;0;1;0;1;3;1;2;0;1;0;3;0;1;1;9;0;3;3;0;0;0;1;0;0;0;0;0;0;1;0;1;1;0;1;0;0;1;0;27;5;12;3;0;0;0;1;1;0;0;0;1;2;0;0;0;0;0;0;0;1;0;1;3;1;1;0;2;0;0;0;0;0;0;0;0;0;0;0;0;0;0;0;0;0;0;0
3;"Świetlica Wiejska, Barnim 37B, 74-201 Warnice";321206;"gm. Warnice";"pyrzycki";"zachodniopomorskie";1;1;2;0;1;0;0;1;1;0;0;0;0;2;1;0;0;0;1;0;0;0;0;0;0;0;11;2;3;7;2;1;2;0;2;0;0;0;1;0;1;0;0;0;5;1;1;0;1;0;16;3;0;1;0;1;0;1;2;0;0;2;1;1;2;1;0;0;0;2;0;0;2;1;28;6;3;27;27;23;16;4;1;16;0;0;2;0;0;1;0;2;0;0;1;1;1;1;12;5;2;2;0;0;0;3;0;0;1;0;0;0;3;1;0;0;0;0;0;0;0;3;40;11;10;0;1;3;4;2;0;0;2;0;1;5;0;2;0;0;1;0;0;0;1;3;1;0;0;1;0;0;0;0;0;1;1;0;0;0;0;0;0;1;0;0;0;0;0;0
4;"Świetlica Wiejska, Obryta 38, 74-201 Warnice";321206;"gm. Warnice";"pyrzycki";"zachodniopomorskie";1;1;1;1;0;3;0;0;1;0;0;0;1;0;0;0;0;0;0;0;0;0;0;0;0;1;26;2;0;3;3;0;0;0;3;0;2;0;0;2;1;1;1;1;1;1;1;0;1;0;6;4;0;2;5;2;0;0;0;0;1;0;0;0;0;0;0;0;0;0;1;0;0;0;25;5;5;10;20;14;4;0;0;24;0;0;2;0;0;0;1;0;0;3;0;1;0;1;10;1;1;2;0;1;0;0;0;0;1;0;0;0;0;0;0;0;0;0;0;0;1;0;31;8;6;1;3;0;1;3;4;0;0;0;1;1;0;0;0;0;0;0;0;0;0;3;2;0;0;0;0;0;0;1;0;1;0;0;0;0;0;0;0;0;0;0;0;0;0;0
1;"Przedszkole Miejskie Nr 5, ul. Lechicka 11, 73-110 Stargard";321401;"m. Stargard";"stargardzki";"zachodniopomorskie";1;1;14;4;1;2;1;2;4;0;1;1;2;0;0;1;0;1;1;0;0;0;1;2;1;0;34;30;17;21;8;2;19;1;4;2;0;2;2;1;1;3;5;0;7;1;4;0;1;1;66;27;4;1;9;11;1;1;4;5;1;2;5;15;0;0;1;2;1;0;2;0;5;4;52;10;11;216;60;14;18;5;0;17;0;4;2;1;3;0;2;0;1;3;1;1;0;3;18;10;14;3;1;0;3;1;2;9;0;0;1;2;0;1;3;3;0;0;0;1;1;0;221;116;84;5;2;8;23;88;5;4;0;0;0;28;1;0;0;0;1;5;0;1;5;29;8;1;0;4;1;0;1;0;0;9;0;0;1;1;0;0;0;0;0;0;0;0;0;0
2;"Szkoła Podstawowa Nr 7, pl. Plac Majdanek 13, 73-110 Stargard";321401;"m. Stargard";"stargardzki";"zachodniopomorskie";1;1;7;4;1;1;1;1;3;3;0;2;1;0;2;0;2;1;0;0;0;0;0;0;0;1;48;17;18;18;5;1;9;1;3;3;0;3;5;2;1;0;5;0;2;2;6;0;0;0;41;10;4;4;6;3;0;2;1;0;1;1;1;16;1;1;2;0;1;1;2;1;1;1;44;13;9;156;49;14;17;1;1;7;1;0;2;3;0;1;1;1;0;1;0;2;2;3;18;13;12;6;2;1;0;3;5;7;1;1;2;0;0;0;1;2;1;1;1;0;1;1;208;97;53;4;2;2;20;72;4;1;1;0;4;26;1;0;1;0;2;4;2;0;7;33;9;1;2;2;3;1;1;0;1;6;1;1;2;2;0;1;0;0;0;0;0;0;0;0
3;"Szkoła Podstawowa Nr 2, os. Osiedle Zachód A5, 73-110 Stargard";321401;"m. Stargard";"stargardzki";"zachodniopomorskie";1;1;4;0;4;0;0;2;4;0;0;2;0;0;3;0;0;0;1;1;0;0;1;0;2;1;41;12;15;29;12;4;12;6;2;2;3;1;3;3;0;1;2;0;4;2;2;0;1;0;49;18;1;5;12;4;0;2;5;3;0;0;0;24;1;1;4;1;1;1;2;2;0;1;43;11;2;144;32;16;6;2;0;7;0;2;2;7;3;1;3;0;0;1;4;2;3;0;15;6;7;3;0;0;0;1;0;6;1;1;0;6;1;0;0;1;0;0;1;0;3;0;192;87;48;3;3;4;14;60;4;2;0;3;1;15;0;0;0;0;0;1;0;0;2;12;5;0;1;0;0;0;0;1;0;0;1;1;3;1;1;0;0;0;0;1;0;0;0;0
4;"Szkoła Podstawowa Nr 10, ul. Szkolna 2, 73-110 Stargard";321401;"m. Stargard";"stargardzki";"zachodniopomorskie";1;1;12;3;2;0;0;1;5;1;0;0;0;1;0;1;0;1;0;0;0;0;1;0;0;1;44;20;40;23;14;8;13;6;0;2;0;2;2;5;0;1;1;1;3;1;4;0;1;2;47;22;2;5;9;2;0;1;2;0;2;1;3;13;2;0;5;2;0;0;0;1;0;4;46;10;8;152;54;34;16;0;1;18;0;0;3;1;1;0;0;2;0;7;0;0;1;4;41;15;11;12;1;0;0;4;1;7;0;0;1;1;1;0;0;0;0;2;1;0;1;1;232;97;77;7;2;9;6;86;2;1;0;2;1;31;1;0;1;1;2;7;3;0;4;48;9;3;1;1;1;0;1;0;0;3;0;1;3;2;0;0;0;0;0;0;0;0;0;1
5;"Szkoła Podstawowa Nr 11, os. Osiedle Zachód B15, 73-110 Stargard";321401;"m. Stargard";"stargardzki";"zachodniopomorskie";1;1;7;2;0;1;0;0;3;1;0;1;0;0;0;1;0;0;0;1;1;2;0;0;0;0;25;8;15;14;6;2;19;2;4;1;1;0;2;0;1;1;0;0;1;1;3;0;0;2;36;14;4;4;4;8;0;1;0;0;0;1;0;12;0;0;2;0;3;1;1;3;2;2;46;13;5;143;27;11;9;2;1;11;1;0;2;3;0;2;0;0;1;5;3;0;0;1;18;6;8;1;0;0;0;0;2;0;1;1;1;1;1;0;0;0;0;0;0;0;2;0;130;69;40;6;1;3;20;41;2;0;1;0;1;25;0;1;0;0;0;2;0;0;1;15;5;1;1;0;0;1;1;2;0;1;1;0;0;0;0;0;0;0;0;0;0;0;0;0
6;"Szkoła Podstawowa Nr 2, os. Osiedle Zachód A5, 73-110 Stargard";321401;"m. Stargard";"stargardzki";"zachodniopomorskie";1;1;6;2;2;1;0;0;2;0;0;0;0;0;1;0;0;0;1;0;0;1;1;2;1;2;29;12;15;9;3;1;15;2;5;1;0;4;1;0;0;1;0;1;1;0;2;0;2;2;23;15;0;1;1;4;0;0;2;1;1;0;0;22;0;0;1;0;3;1;0;0;2;0;31;8;2;129;23;12;5;0;1;6;0;1;1;0;0;0;0;0;1;0;1;0;3;1;17;7;3;1;0;0;1;1;2;6;0;0;0;0;0;1;0;2;0;0;0;0;0;0;167;71;47;1;2;1;8;48;1;1;0;0;0;17;0;0;1;0;0;0;0;0;0;23;4;0;0;0;0;1;0;0;1;1;0;0;0;0;0;0;0;0;0;0;0;0;0;0
7;"Przedszkole Miejskie Nr 4, os. Osiedle Zachód B2, 73-110 Stargard";321401;"m. Stargard";"stargardzki";"zachodniopomorskie";1;1;8;2;0;1;0;0;1;0;0;1;0;3;0;0;0;0;1;0;1;2;1;0;3;3;36;10;10;13;3;0;14;1;4;0;0;2;2;0;1;0;2;3;2;0;5;0;0;2;32;11;2;1;3;1;0;0;4;3;2;3;2;21;1;0;3;1;1;0;2;2;1;1;38;4;11;175;31;16;15;1;4;9;0;0;1;3;0;1;3;2;1;4;5;0;0;4;16;2;8;7;3;0;0;0;1;7;0;1;1;0;1;0;0;0;1;0;0;2;4;0;173;64;61;3;3;4;21;38;0;6;1;0;4;9;0;1;0;0;0;2;0;0;0;29;5;0;0;1;0;0;2;0;1;2;0;0;4;0;0;0;0;0;1;0;0;0;0;0
8;"Przedszkole Miejskie Nr 3, os. Osiedle Zachód A18, 73-110 Stargard";321401;"m. Stargard";"stargardzki";"zachodniopomorskie";1;1;2;5;3;1;0;0;2;0;0;0;0;0;0;0;0;0;1;0;0;0;1;0;0;0;28;13;15;10;6;3;6;0;5;1;1;0;2;2;1;1;4;0;4;1;1;0;1;0;20;18;5;3;6;4;2;1;1;2;0;0;4;18;0;2;3;0;2;0;1;0;0;1;33;10;14;186;42;21;9;1;0;11;0;1;1;1;1;0;2;0;0;1;1;0;1;0;15;7;0;6;1;0;0;0;0;5;0;0;0;0;3;0;1;1;1;0;0;0;0;0;140;55;48;0;1;3;19;48;0;2;0;0;3;17;0;0;0;3;1;0;2;0;1;8;5;0;0;2;1;3;0;1;0;2;2;0;0;1;0;0;0;0;0;0;0;0;0;0
9;"Zespół Szkół Nr 2, os. Osiedle Zachód B15/a, 73-110 Stargard";321401;"m. Stargard";"stargardzki";"zachodniopomorskie";1;1;5;0;1;1;3;2;0;0;1;0;1;0;0;0;1;0;1;0;2;1;1;0;0;1;25;5;10;15;6;2;16;1;3;1;0;0;5;2;1;0;0;0;1;0;4;1;0;2;19;13;4;2;7;3;1;1;5;0;1;1;3;10;0;1;1;0;1;0;1;1;0;1;48;10;2;153;42;13;15;1;0;11;0;0;2;2;0;0;0;1;0;3;3;0;0;0;14;6;12;3;1;0;0;0;0;3;1;0;0;0;1;0;1;1;0;1;0;0;1;1;159;72;54;1;4;7;19;54;3;2;1;0;3;11;2;3;0;0;0;4;0;0;3;13;5;0;0;0;1;0;0;0;0;2;0;0;0;1;0;0;0;0;0;0;0;0;0;0
10;"Przedszkole Miejskie Nr 6, ul. Stanisława Niewiadomskiego 14, 73-110 Stargard";321401;"m. Stargard";"stargardzki";"zachodniopomorskie";1;1;7;0;1;1;1;1;1;1;0;1;1;0;1;3;0;0;0;0;0;0;0;0;1;4;47;13;20;14;8;4;16;3;4;1;0;0;0;1;0;2;3;0;1;2;4;0;2;0;38;14;6;0;3;3;0;1;2;0;2;3;2;23;1;0;0;0;0;3;1;2;3;0;34;10;4;207;59;14;5;1;1;7;1;2;2;2;0;0;3;2;0;0;2;0;0;4;30;4;3;3;3;0;1;0;0;4;3;0;1;1;0;0;0;0;0;0;1;1;0;1;192;85;68;5;4;1;10;51;2;1;0;3;1;12;1;0;1;0;0;3;0;3;0;25;3;0;2;2;1;0;0;1;0;3;1;1;4;0;0;0;1;0;0;0;0;0;0;1
11;"Szkoła Podstawowa Nr 4, ul. Wielkopolska 30, 73-110 Stargard";321401;"m. Stargard";"stargardzki";"zachodniopomorskie";1;1;10;4;2;0;0;0;0;0;0;0;1;0;0;0;1;1;2;0;0;1;1;0;0;1;48;25;18;7;11;0;15;3;3;2;1;1;5;0;0;4;2;0;2;0;3;0;1;1;32;10;1;1;5;1;0;2;3;2;0;2;0;8;0;2;1;1;0;1;2;0;1;1;30;3;10;155;44;9;16;2;1;16;0;0;1;3;0;0;4;1;0;6;0;0;1;3;16;2;8;5;2;0;2;0;2;3;0;1;2;0;1;0;1;2;0;1;0;2;1;0;174;83;84;7;1;2;23;63;1;4;3;0;2;22;0;0;0;0;0;4;0;0;3;21;11;2;0;1;0;0;0;1;1;1;0;0;1;0;0;0;0;0;0;1;0;0;0;0
12;"OHP-Ośrodek Szkolenia i Wychowania, ul. Jugosłowiańska 22a, 73-110 Stargard";321401;"m. Stargard";"stargardzki";"zachodniopomorskie";1;1;7;3;1;2;0;1;1;1;0;1;0;0;1;0;0;0;1;0;0;0;0;0;0;6;17;9;5;14;7;3;8;2;4;0;1;2;2;0;0;0;2;1;3;1;7;0;1;1;21;10;1;1;5;0;0;1;2;0;1;1;1;14;0;0;1;0;4;2;0;1;0;1;44;10;6;159;29;19;18;1;0;7;0;2;1;3;1;0;4;3;1;5;2;0;0;0;17;6;3;1;2;2;1;0;1;9;0;0;1;0;0;0;0;2;0;0;0;0;0;2;137;67;42;5;1;6;10;66;1;3;0;0;1;12;0;0;1;0;1;3;1;2;0;8;7;2;1;1;0;2;0;0;0;2;0;1;1;0;0;1;0;0;1;0;0;0;0;0
13;"Zespół Szkół Budowlano-Technicznych, ul. Ceglana 11, 73-110 Stargard";321401;"m. Stargard";"stargardzki";"zachodniopomorskie";1;1;6;3;0;0;2;0;1;0;0;0;0;0;0;0;0;0;1;1;2;1;0;0;2;0;33;18;14;11;3;2;15;3;3;4;0;1;2;2;2;1;0;1;2;4;1;0;0;0;39;10;3;2;3;2;0;0;3;1;1;1;1;12;0;0;2;0;1;0;1;2;0;0;37;8;10;192;30;22;13;0;1;8;1;4;0;1;4;0;0;0;0;1;0;0;4;1;16;9;5;3;0;0;0;0;0;2;1;0;1;1;0;0;0;0;0;2;0;0;0;0;182;77;49;2;2;4;20;51;1;1;0;0;2;20;0;0;0;0;0;4;0;0;1;18;6;1;0;0;0;0;0;1;0;1;0;0;3;0;0;0;0;0;0;0;0;0;0;0
14;"Stargardzkie Centrum Kultury, ul. Marszałka Józefa Piłsudskiego 105, 73-110 Stargard";321401;"m. Stargard";"stargardzki";"zachodniopomorskie";1;1;4;3;2;0;0;0;1;0;0;1;0;1;0;1;3;3;1;1;0;1;1;0;0;1;27;8;9;7;9;2;13;2;5;1;0;1;0;2;0;0;0;1;0;1;5;0;1;2;23;16;3;4;7;1;1;1;4;0;1;1;1;11;0;0;4;0;1;0;2;3;1;0;24;11;4;143;38;9;15;1;3;13;1;0;0;1;0;0;1;1;1;2;3;0;0;4;17;6;9;2;5;0;1;1;2;10;0;2;0;0;1;0;0;0;1;1;0;0;1;0;122;74;52;1;1;3;7;58;1;1;4;0;1;11;0;0;1;1;1;2;0;0;0;29;1;3;0;3;0;0;0;0;1;0;2;0;3;0;0;1;0;0;0;0;0;0;0;0
15;"Stargardzkie Centrum Kultury, ul. Marszałka Józefa Piłsudskiego 105, 73-110 Stargard";321401;"m. Stargard";"stargardzki";"zachodniopomorskie";1;1;6;2;0;0;0;0;1;0;0;0;0;1;1;0;0;0;0;0;0;0;0;0;1;0;18;15;10;16;11;4;12;2;2;3;1;1;3;1;0;2;2;0;1;1;4;0;3;3;20;9;2;2;9;1;1;1;1;1;0;4;1;28;0;0;1;0;0;1;0;3;1;4;22;10;4;137;46;23;20;0;1;10;1;0;1;0;0;0;1;0;0;5;2;0;0;2;28;13;6;2;3;0;1;1;3;4;1;0;1;0;1;0;0;1;1;0;0;0;1;2;158;54;38;3;2;6;7;69;3;3;0;1;4;14;0;0;0;0;0;4;1;0;0;21;8;2;0;1;0;0;2;0;5;2;0;1;2;0;1;0;0;0;2;0;1;0;0;0
16;"Szkoła Podstawowa Nr 1, ul. Henryka Sienkiewicza 8, 73-110 Stargard";321401;"m. Stargard";"stargardzki";"zachodniopomorskie";1;1;7;1;2;1;1;1;0;0;1;0;0;0;0;0;0;0;1;0;0;0;1;1;0;3;30;14;10;10;4;1;13;3;7;2;1;0;2;0;1;2;2;0;7;0;10;0;0;3;18;6;4;5;8;3;0;1;4;1;1;1;3;11;1;2;0;0;1;0;2;3;3;3;52;8;6;217;73;17;14;3;0;10;0;2;2;2;0;0;0;0;1;3;2;2;1;3;19;7;8;4;3;0;1;3;0;4;0;1;0;0;2;0;1;1;3;1;1;0;2;0;176;55;34;3;5;4;15;75;0;3;0;0;1;7;1;0;2;0;3;2;0;0;2;27;4;1;2;0;1;0;1;0;2;2;0;1;0;0;0;0;0;0;0;0;0;0;0;2
17;"Szkoła Podstawowa Nr 1, ul. Henryka Sienkiewicza 8, 73-110 Stargard";321401;"m. Stargard";"stargardzki";"zachodniopomorskie";1;1;5;3;1;2;1;0;0;1;0;2;0;0;1;3;1;0;2;0;1;0;1;0;1;0;44;24;35;15;10;3;6;1;7;4;0;2;1;2;1;0;4;5;3;2;4;0;2;1;50;10;7;6;13;4;1;4;4;1;0;3;0;17;0;0;1;0;1;2;2;0;4;2;39;13;6;159;58;26;13;2;3;12;1;0;0;3;2;0;0;0;1;3;4;0;1;3;32;8;13;3;2;1;1;2;1;7;1;0;0;0;1;0;3;1;0;1;3;1;1;1;207;91;62;2;1;2;19;89;1;0;1;0;0;15;1;0;0;0;0;1;1;0;2;26;7;1;0;0;0;1;3;0;0;3;1;4;0;2;0;0;0;1;1;0;0;0;0;0
18;"Szkoła Podstawowa Nr 3, ul. Bolesława Limanowskiego 7, 9, 73-110 Stargard";321401;"m. Stargard";"stargardzki";"zachodniopomorskie";1;1;6;2;3;3;0;0;1;1;0;1;1;0;1;0;1;1;0;0;0;0;0;0;1;3;49;13;27;22;7;3;21;1;4;2;1;0;1;3;0;1;4;0;2;3;6;0;0;2;42;16;4;1;4;2;2;2;1;1;0;0;1;27;0;0;2;1;2;1;0;1;2;2;47;8;11;193;59;30;17;3;3;17;1;1;1;3;1;0;0;1;0;2;0;0;5;3;32;11;3;4;0;0;2;1;0;7;0;1;0;0;1;2;2;1;1;1;0;0;1;0;263;87;61;2;2;0;10;111;4;1;0;0;1;20;1;0;2;0;1;1;0;1;2;37;1;0;0;0;1;0;4;1;0;2;1;0;3;0;0;1;0;0;0;0;0;0;0;0
19;"Szkoła Podstawowa Nr 3, ul. Bolesława Limanowskiego 7, 9, 73-110 Stargard";321401;"m. Stargard";"stargardzki";"zachodniopomorskie";1;1;9;2;3;0;0;0;3;1;0;1;0;0;1;1;0;1;2;0;2;0;0;0;0;2;38;6;10;13;12;0;14;0;4;3;1;0;2;3;2;3;4;0;1;3;15;0;0;3;25;16;3;2;10;0;1;0;2;0;0;0;2;21;0;0;0;1;0;1;0;0;4;1;51;8;1;161;30;19;19;2;1;13;1;0;0;0;0;0;0;1;1;3;5;1;0;5;31;5;9;4;1;1;0;2;0;5;5;0;1;0;1;0;0;0;2;3;0;0;1;0;181;61;31;3;2;3;9;77;2;3;2;0;1;16;1;0;1;0;1;0;0;1;7;24;3;1;0;0;0;0;2;0;0;1;0;2;1;1;0;0;0;2;0;0;0;0;0;0
20;"Stargardzkie Centrum Kultury, ul. Marszałka Józefa Piłsudskiego 105, 73-110 Stargard";321401;"m. Stargard";"stargardzki";"zachodniopomorskie";1;1;3;3;0;0;0;0;0;0;0;0;0;1;1;0;0;1;1;1;0;0;0;1;0;1;21;14;9;14;5;0;6;0;6;2;0;0;3;0;0;0;1;0;1;1;10;0;0;0;11;14;2;2;4;0;2;1;3;1;1;0;2;16;0;0;2;0;1;3;3;0;0;2;35;2;7;92;18;14;8;0;0;7;1;0;3;0;0;1;0;1;0;3;0;0;1;4;28;7;8;3;1;2;0;1;2;10;0;0;0;0;0;1;2;0;0;0;2;1;0;3;108;65;28;2;3;4;13;61;1;3;0;1;1;13;0;0;2;1;1;1;0;0;3;18;3;2;0;1;1;0;0;0;0;0;1;0;0;1;0;0;0;0;0;0;0;0;0;0
21;"Młodzieżowy Dom Kultury, ul. Portowa 3, 73-110 Stargard";321401;"m. Stargard";"stargardzki";"zachodniopomorskie";1;1;7;4;1;1;0;0;1;2;0;0;0;1;0;0;0;0;0;0;3;0;2;0;2;1;25;16;16;12;6;0;13;4;2;0;1;1;0;1;0;2;1;0;4;3;8;0;0;2;40;14;6;2;9;4;4;1;5;2;0;1;0;19;0;0;1;0;3;0;0;1;1;1;34;8;5;97;34;13;11;0;2;8;0;4;0;2;0;1;1;1;0;1;1;0;3;4;14;5;7;2;4;0;1;1;0;6;0;0;0;0;1;0;0;0;1;1;1;0;0;2;167;62;44;0;1;1;14;71;0;2;0;0;0;17;1;0;1;0;1;4;0;1;1;20;5;0;0;1;0;0;0;0;0;1;2;1;1;0;0;0;0;0;0;0;0;0;0;2
22;"Państwowa Szkoła Muzyczna I i II stopnia, ul. Kazimierza Wielkiego 13, 73-110 Stargard";321401;"m. Stargard";"stargardzki";"zachodniopomorskie";1;1;2;2;0;1;1;0;0;1;0;0;0;1;2;0;0;0;0;0;3;0;1;0;1;1;20;9;6;18;3;3;8;0;1;0;3;2;4;1;0;1;2;1;2;0;5;1;0;1;14;7;3;2;6;2;0;0;0;0;0;0;1;16;0;0;1;0;2;0;0;1;0;1;33;11;2;118;30;8;7;2;1;10;1;1;0;2;0;0;0;1;0;3;2;0;1;2;15;5;5;2;1;0;2;1;2;4;1;0;0;0;0;0;1;2;0;0;0;0;1;1;158;58;30;0;2;2;9;63;3;0;2;0;0;3;0;0;0;0;0;2;0;0;1;21;6;0;0;0;0;0;0;0;0;0;0;0;0;0;0;0;0;0;0;0;0;0;0;0
23;"Szkoła Podstawowa Nr 5, ul. Kuśnierzy 7, 73-110 Stargard";321401;"m. Stargard";"stargardzki";"zachodniopomorskie";1;1;9;1;1;0;0;1;1;1;0;1;1;0;0;1;0;1;1;0;1;0;1;0;1;0;32;3;9;10;4;2;15;2;2;3;1;1;2;0;1;3;1;0;1;2;3;0;0;0;27;15;3;2;3;1;0;0;2;1;0;0;0;12;0;2;2;1;1;0;2;0;3;1;31;7;12;146;36;16;11;0;0;9;0;0;3;2;0;1;1;0;0;2;2;1;0;0;6;3;5;5;1;0;0;0;2;1;0;1;0;0;1;0;0;0;0;0;1;0;2;0;187;69;31;5;4;5;15;36;0;2;0;1;3;6;0;0;1;1;1;5;1;1;2;15;2;0;0;1;0;1;1;0;0;0;1;1;1;0;1;1;0;0;0;0;4;0;0;0
24;"II Liceum Ogólnokształcące, ul. Mieszka I 4, 73-110 Stargard";321401;"m. Stargard";"stargardzki";"zachodniopomorskie";1;1;5;0;2;0;0;0;2;1;0;2;0;1;1;0;0;0;0;0;1;1;0;0;0;1;22;7;7;9;3;0;4;3;4;0;2;0;0;1;0;0;2;0;3;2;2;0;0;1;18;5;3;6;6;1;2;2;2;0;0;2;1;14;1;0;1;0;0;0;1;1;0;3;29;12;1;128;34;6;7;1;2;12;1;0;0;0;1;1;0;0;2;1;3;2;2;1;16;4;5;2;1;0;1;1;1;4;3;0;0;0;1;0;0;0;1;0;0;1;0;1;100;52;27;3;1;2;11;68;0;0;3;1;0;11;2;0;2;0;0;1;1;0;0;15;3;1;0;0;0;2;0;0;0;0;1;0;3;1;0;0;0;0;0;0;0;0;0;2
25;"Przedszkole Miejskie Nr 2, ul. Mieszka I 2, 73-110 Stargard";321401;"m. Stargard";"stargardzki";"zachodniopomorskie";1;1;6;1;0;3;0;0;0;0;0;1;1;0;0;0;0;1;0;1;0;0;0;0;0;0;24;8;3;7;5;1;10;1;1;2;0;1;0;1;0;1;0;0;1;0;5;0;1;1;28;5;1;2;6;2;0;0;3;0;2;2;1;11;0;0;0;1;0;1;0;2;1;2;42;7;6;121;25;10;19;1;0;8;0;1;0;0;1;1;1;1;0;2;0;0;0;1;14;3;4;0;1;0;0;0;1;1;0;0;0;0;0;0;0;1;0;0;0;0;0;2;104;40;31;2;2;3;10;41;2;1;0;2;0;8;0;0;0;0;0;0;0;0;1;10;2;0;1;1;1;1;1;1;0;1;0;1;1;0;1;0;0;0;0;0;0;0;0;0
26;"Przedszkole Miejskie Nr 1, ul. Spichrzowa 6, 73-110 Stargard";321401;"m. Stargard";"stargardzki";"zachodniopomorskie";1;1;9;2;0;0;0;0;0;0;0;0;0;0;1;0;0;2;0;0;0;0;0;0;0;0;44;9;7;11;9;2;13;3;2;2;0;1;2;3;2;1;4;0;2;1;3;0;1;1;20;18;5;0;2;0;0;0;0;1;1;4;0;18;0;1;2;1;0;0;1;1;0;0;27;7;6;121;33;16;18;0;1;17;0;0;0;0;0;0;1;1;0;4;4;0;1;3;21;6;8;1;1;0;1;1;3;12;0;0;2;1;0;2;1;1;0;0;1;0;1;0;137;56;40;1;2;3;5;53;3;2;1;2;1;25;2;0;2;0;0;2;0;1;4;22;3;2;0;2;1;0;0;0;2;0;1;3;4;1;0;0;0;0;0;1;0;0;0;1
27;"Muzeum Archeologiczno-Historyczne w Stargardzie, ul. Rynek Staromiejski 2-4, 73-110 Stargard";321401;"m. Stargard";"stargardzki";"zachodniopomorskie";1;1;6;2;1;0;1;0;1;0;0;2;0;1;0;0;0;0;0;0;0;0;1;1;0;1;22;6;15;17;4;3;11;3;1;0;0;1;1;2;1;2;1;1;1;0;6;0;0;2;33;7;2;0;8;3;1;1;2;0;2;0;2;11;2;0;1;0;0;1;3;1;2;0;27;12;3;124;43;15;14;0;1;15;1;0;2;1;0;0;0;1;2;2;1;0;1;1;21;6;14;2;1;0;1;1;1;9;0;0;1;0;0;1;1;0;1;0;2;0;0;1;106;59;40;4;0;1;7;33;0;1;0;0;0;9;0;0;1;0;0;0;0;0;2;7;1;0;2;0;1;2;0;1;0;0;0;0;4;0;1;0;0;0;0;0;0;0;1;0
28;"I Liceum Ogólnokształcące, ul. Stanisława Staszica 2, 73-110 Stargard";321401;"m. Stargard";"stargardzki";"zachodniopomorskie";1;1;6;1;4;1;0;0;1;0;0;0;0;1;1;0;0;0;0;1;0;0;0;0;0;1;22;16;15;10;6;1;6;3;0;1;0;1;3;1;0;0;1;0;0;1;5;0;1;1;29;11;0;2;2;4;1;2;0;0;0;1;0;15;0;1;3;0;1;1;1;1;0;2;26;7;4;100;57;20;23;1;1;13;0;0;0;0;0;0;0;0;2;2;0;1;0;1;19;4;7;2;1;0;2;1;5;2;0;0;0;0;1;0;1;1;0;1;1;0;0;0;121;63;34;3;4;2;8;74;1;2;1;0;2;8;0;0;0;1;1;0;0;0;4;1;7;1;0;0;1;0;0;0;0;1;0;0;2;0;0;0;0;0;0;0;0;0;0;0
29;"Zespół Szkół w Stargardzie, ul. Popiela 2, 73-110 Stargard";321401;"m. Stargard";"stargardzki";"zachodniopomorskie";1;1;12;2;0;1;0;0;1;1;1;2;0;1;1;0;1;0;0;1;1;1;1;0;2;1;32;12;17;18;6;2;12;5;5;1;1;0;2;3;2;1;0;0;0;2;7;0;1;2;35;17;2;2;8;4;0;1;1;3;0;1;0;14;0;0;0;0;4;0;1;0;2;2;36;11;9;114;50;18;24;0;1;10;1;2;1;2;0;0;0;3;1;3;2;0;2;1;26;9;12;6;1;0;0;1;3;12;1;0;1;0;0;0;3;0;0;2;2;3;0;1;149;69;53;5;5;1;7;76;0;1;0;0;3;25;2;0;0;0;0;1;0;0;4;19;7;3;0;0;0;1;0;0;0;1;0;0;1;0;2;0;0;0;2;0;0;0;0;0
30;"Zespół Szkolno-Przedszkolny Nr 1, ul. Armii Krajowej 1, 73-110 Stargard";321401;"m. Stargard";"stargardzki";"zachodniopomorskie";1;1;7;2;2;0;1;0;4;1;0;1;0;0;0;0;0;2;0;0;0;1;0;0;3;2;46;16;23;17;11;2;13;1;8;1;0;3;6;1;0;1;1;3;2;0;11;0;4;3;23;11;5;4;5;1;2;0;4;0;2;0;1;20;0;1;9;0;0;2;2;2;1;1;32;11;4;168;57;19;17;1;0;7;0;1;3;3;1;0;3;1;2;4;1;0;1;4;31;10;10;2;3;0;0;2;3;6;0;1;0;0;1;0;2;3;1;0;1;1;2;1;186;79;60;5;0;3;12;89;4;2;0;1;4;17;2;0;0;0;0;4;1;2;2;24;9;3;0;0;1;0;0;1;0;0;1;0;2;0;0;0;0;0;1;0;0;0;0;0
31;"Zespół Szkolno-Przedszkolny Nr 1, ul. Armii Krajowej 1, 73-110 Stargard";321401;"m. Stargard";"stargardzki";"zachodniopomorskie";1;1;7;4;2;0;0;3;2;4;1;1;0;0;0;0;0;2;0;1;0;2;2;1;1;2;42;17;22;21;7;4;7;2;10;2;2;0;2;1;1;3;3;0;1;0;9;0;2;1;33;13;4;1;8;0;3;3;5;3;3;4;3;10;0;0;1;0;2;6;0;1;2;3;28;5;8;140;38;30;27;0;1;3;1;2;2;1;0;0;1;1;0;3;2;0;2;1;33;19;6;9;1;1;1;0;2;5;2;2;1;0;1;0;1;2;4;1;2;2;0;0;234;73;88;5;9;3;22;85;5;3;0;0;3;22;0;1;1;0;2;2;0;0;2;35;6;0;0;1;1;1;0;0;0;1;0;1;0;0;0;0;0;0;3;0;0;0;0;0
32;"Zespół Szkolno-Przedszkolny Nr 1, ul. Armii Krajowej 1, 73-110 Stargard";321401;"m. Stargard";"stargardzki";"zachodniopomorskie";1;1;17;4;3;0;0;0;3;2;0;0;0;1;0;1;0;0;0;1;0;0;1;0;0;2;68;20;31;21;14;4;23;6;7;1;0;3;3;5;0;1;0;0;3;3;5;0;1;5;42;12;3;6;6;3;2;1;1;1;0;1;1;12;1;0;0;2;2;2;3;1;0;1;32;3;5;102;51;15;19;2;1;9;0;0;2;0;0;0;2;0;0;2;3;0;1;3;38;11;10;4;0;0;0;3;1;5;0;0;0;0;1;1;1;0;2;1;2;0;1;0;292;114;105;4;2;7;29;126;2;3;1;3;4;22;1;0;0;0;0;9;1;1;4;22;6;0;2;1;0;0;0;0;1;0;2;0;2;0;0;0;0;0;0;0;0;0;0;0
33;"Szkoła Podstawowa Nr 8, ul. Romualda Traugutta 16, 73-110 Stargard";321401;"m. Stargard";"stargardzki";"zachodniopomorskie";1;1;6;1;1;0;1;1;4;0;0;0;0;2;1;0;0;1;0;0;1;0;0;0;1;2;22;4;11;9;6;0;11;1;5;1;0;0;4;1;1;1;0;0;1;3;7;0;2;1;18;7;1;2;3;3;0;0;5;1;2;0;2;6;0;0;0;0;0;0;0;1;3;0;40;17;3;125;18;13;11;4;1;13;5;2;2;5;0;0;1;1;0;6;3;0;0;2;30;5;3;4;2;3;2;1;4;4;2;0;1;0;0;1;1;1;1;4;1;1;0;0;130;24;29;2;5;3;7;37;2;3;2;0;2;16;0;0;0;1;1;3;0;0;1;8;2;0;0;2;0;2;0;1;0;0;0;1;3;0;0;0;1;0;0;0;0;0;0;1
34;"Zespół Szkół Nr 5, ul. Jana Śniadeckiego 4 - 6, 73-110 Stargard";321401;"m. Stargard";"stargardzki";"zachodniopomorskie";1;1;5;6;2;2;0;1;0;1;0;0;1;0;1;0;1;0;1;0;0;0;0;0;2;3;40;9;10;18;8;2;16;0;4;0;5;4;3;2;0;1;0;1;5;2;7;0;3;1;33;16;7;1;9;2;1;1;6;0;1;1;8;12;0;0;3;2;4;0;1;3;4;1;34;11;9;121;61;21;18;4;1;4;1;1;0;3;3;0;2;2;1;3;3;1;2;3;35;13;6;6;2;2;1;2;4;12;0;0;0;2;3;2;1;2;0;2;1;0;0;1;192;63;45;0;6;4;10;70;4;3;1;0;2;38;1;0;0;0;1;3;0;0;1;19;2;1;1;1;3;1;1;1;0;0;0;2;1;0;0;0;0;0;0;0;0;0;0;0
35;"Samodzielny Publiczny Wielospecjalistyczny Zakład Opieki Zdrowotnej w Stargardzie, ul. Wojska Polskiego 27, 73-110 Stargard";321401;"m. Stargard";"stargardzki";"zachodniopomorskie";1;1;1;0;0;0;0;0;0;0;0;0;0;0;0;0;0;0;0;0;0;0;0;0;0;0;1;0;1;0;0;0;0;0;0;0;0;0;0;0;0;1;1;0;0;0;0;0;0;0;1;0;0;1;0;0;0;0;0;0;0;0;0;0;0;0;0;0;0;0;0;0;1;0;3;1;1;2;0;1;0;0;0;1;0;0;0;0;0;0;0;0;0;0;0;0;0;1;0;0;0;0;0;0;0;0;0;0;0;0;0;0;0;0;0;0;0;0;0;0;0;0;4;3;0;0;0;0;0;3;0;0;0;0;0;0;0;0;0;0;0;0;0;0;0;0;0;0;0;0;0;0;0;0;0;0;0;0;0;0;0;0;0;0;0;0;0;0;0;0
36;"Samodzielny Publiczny Wielospecjalistyczny Zakład Opieki Zdrowotnej-Szpital Rehabilitacyjny w Stargardzie, ul. Stanisława Staszica 16, 73-110 Stargard";321401;"m. Stargard";"stargardzki";"zachodniopomorskie";1;1;0;1;0;0;0;0;0;0;0;0;0;0;0;0;0;0;0;0;0;0;0;0;0;0;2;0;1;1;0;0;0;0;0;0;0;0;1;0;0;0;0;0;0;1;0;0;0;0;1;0;0;0;0;0;0;0;0;0;0;0;0;0;0;0;0;0;0;0;0;0;0;0;3;0;1;5;2;1;0;0;0;0;0;0;0;0;0;0;1;0;0;0;0;1;0;1;1;0;0;0;0;0;0;0;0;0;0;0;0;0;0;0;0;0;0;0;0;0;0;0;8;4;3;0;0;0;1;1;0;0;0;0;0;0;0;0;0;0;0;0;0;0;0;0;0;0;0;0;0;0;0;0;0;0;0;0;0;0;0;0;0;0;0;0;0;0;0;0
37;"Oddział Zewnętrzny w Stargardzie Aresztu Śledczego w Szczecinie, ul. Aleja Żołnierza 42, 73-110 Stargard";321401;"m. Stargard";"stargardzki";"zachodniopomorskie";1;1;2;4;0;0;0;1;0;1;1;0;0;0;0;0;0;0;0;0;0;0;0;0;0;0;15;4;2;8;2;1;5;1;4;1;0;1;2;0;0;0;0;0;0;0;1;1;1;0;14;0;0;1;2;1;0;0;1;0;1;0;0;0;2;0;3;0;0;0;0;0;0;0;16;4;1;5;5;2;2;0;2;3;1;0;0;0;0;0;0;0;1;1;1;2;3;2;1;3;0;3;0;0;0;0;1;0;0;0;0;0;1;0;1;0;0;0;0;0;0;0;106;19;6;14;3;5;6;11;0;0;3;0;6;9;1;2;2;0;7;1;0;0;0;3;0;0;0;0;0;0;0;0;1;0;0;0;0;0;0;0;0;0;0;0;0;0;0;0
1;"Hol hali wodowiskowo-sportowej, ul. Henryka Dąbrowskiego 15, 73-120 Chociwel";321402;"gm. Chociwel";"stargardzki";"zachodniopomorskie";1;1;1;3;0;0;0;3;1;1;0;0;0;0;0;0;0;0;0;0;0;0;0;0;0;2;17;6;9;3;1;26;3;2;2;0;0;0;0;2;0;0;0;1;0;0;0;0;0;0;10;4;1;1;2;1;0;1;0;0;3;1;0;8;0;0;1;0;0;3;0;1;3;1;22;1;1;19;22;12;4;0;0;12;0;0;0;1;0;0;0;0;0;2;45;0;0;0;5;2;2;2;2;1;1;1;1;0;0;2;0;0;0;0;0;1;0;0;0;1;0;1;55;10;8;0;2;0;10;9;1;0;0;1;0;9;0;0;0;0;1;0;1;0;0;3;0;0;0;0;0;0;1;0;0;2;0;0;0;2;0;0;0;0;0;0;0;0;0;0
2;"Sala gimnastyczna hali widowiskowo-sportowej, ul. Henryka Dąbrowskiego 15, 73-120 Chociwel";321402;"gm. Chociwel";"stargardzki";"zachodniopomorskie";1;1;6;2;0;0;0;0;2;1;0;0;1;0;0;0;0;0;0;0;1;0;0;1;0;2;42;11;7;9;3;70;5;2;2;1;2;0;1;0;0;1;1;0;5;10;1;0;0;0;30;6;4;10;9;2;3;0;0;0;1;0;0;18;3;1;0;0;1;0;1;2;1;3;49;11;6;32;67;33;26;1;0;11;0;1;1;1;2;1;3;0;2;1;88;0;0;0;14;3;9;7;3;0;2;16;1;0;1;0;0;1;0;0;1;0;0;2;0;0;0;1;156;31;17;2;2;1;24;9;3;1;0;0;3;20;0;1;0;1;2;3;0;0;1;11;3;0;0;1;1;1;0;0;0;0;0;2;0;5;0;0;0;0;0;0;0;0;0;0
3;"Hol Zespołu Placówek Oświatowych, ul. Henryka Dąbrowskiego 15, 73-120 Chociwel";321402;"gm. Chociwel";"stargardzki";"zachodniopomorskie";1;1;1;2;0;1;0;0;0;1;0;0;1;0;0;0;0;0;0;0;0;0;0;0;0;1;30;4;11;9;5;38;1;2;2;2;0;0;0;2;0;1;0;0;2;0;1;0;0;0;17;5;0;4;0;0;0;2;2;1;0;1;1;11;0;0;0;0;0;0;0;0;1;1;17;11;13;22;41;11;9;0;0;1;2;3;1;1;0;0;0;0;0;0;49;1;0;0;8;1;4;2;2;0;1;12;0;0;0;0;0;0;1;0;0;0;1;0;0;0;0;0;115;58;12;1;2;2;16;12;0;0;0;1;4;5;0;0;1;0;1;4;0;0;1;1;7;2;1;1;0;0;0;0;0;1;0;0;1;6;1;0;0;0;0;0;0;0;0;0
4;"Świetlica Wiejska w Kani, Kania 17, 73-120 Chociwel";321402;"gm. Chociwel";"stargardzki";"zachodniopomorskie";1;1;0;1;0;0;0;1;1;0;0;0;0;0;0;1;0;0;0;0;0;0;0;0;0;3;12;1;2;1;2;9;0;1;1;2;0;0;1;1;0;1;0;0;0;0;0;0;0;1;2;0;0;0;0;0;0;0;1;1;0;0;0;5;0;0;0;0;0;0;0;0;0;0;6;4;2;36;0;0;1;0;0;4;1;0;1;0;0;0;1;0;1;2;6;0;2;1;3;3;0;3;1;0;1;2;0;3;1;0;0;0;0;0;1;0;0;0;0;0;0;1;17;14;9;1;0;0;3;0;0;1;0;0;0;2;0;0;0;0;0;0;0;0;0;0;0;0;0;0;1;0;0;0;0;0;1;0;0;0;0;0;0;0;0;0;0;0;0;0
5;"Świetlica Wiejska w Karkowie, Karkowo 1A, 73-120 Chociwel";321402;"gm. Chociwel";"stargardzki";"zachodniopomorskie";1;1;0;0;0;0;2;0;0;0;0;0;0;0;0;0;0;0;0;0;0;0;0;0;0;0;10;0;2;0;4;6;1;1;1;0;0;0;0;0;0;3;0;0;1;0;0;0;0;0;7;0;0;0;1;0;0;0;0;0;0;0;0;2;0;0;0;0;0;0;0;1;2;0;11;5;9;13;13;13;8;0;1;3;0;1;0;0;0;0;0;0;0;0;16;0;0;0;5;0;0;0;0;0;0;0;0;0;0;0;0;0;0;0;0;0;0;0;0;0;0;0;23;7;6;0;0;0;2;0;0;0;0;0;1;0;0;0;0;0;0;0;0;0;0;0;0;0;0;0;1;0;0;0;0;0;0;0;1;2;0;0;0;0;0;0;0;0;0;0
6;"Świetlica Wiejska w Lisowie, Lisowo 19C, 73-120 Chociwel";321402;"gm. Chociwel";"stargardzki";"zachodniopomorskie";1;1;1;2;0;0;0;0;0;0;0;0;0;0;0;0;0;0;0;0;0;0;0;0;0;0;9;0;0;2;0;7;0;0;0;0;0;0;0;0;0;0;0;0;0;0;0;0;0;0;2;0;0;0;2;0;0;0;0;0;0;0;0;0;0;0;0;0;0;0;0;0;0;0;7;0;0;29;10;7;18;0;1;9;1;0;0;0;0;0;2;0;0;1;24;0;0;0;5;1;2;1;0;0;0;3;1;0;0;0;0;0;0;0;0;0;0;0;0;0;0;0;10;4;3;0;0;0;1;3;0;0;0;0;0;1;0;0;0;0;0;0;0;0;0;0;1;0;0;0;0;0;0;0;0;0;0;0;0;1;0;0;0;0;0;0;0;0;0;0
7;"Świetlica Wiejska w Bobrownikach, Bobrowniki 10A, 73-120 Chociwel";321402;"gm. Chociwel";"stargardzki";"zachodniopomorskie";1;1;0;1;0;0;0;1;0;0;0;0;0;0;0;0;0;0;0;0;0;0;0;0;0;0;6;2;0;0;0;6;0;0;1;0;0;0;1;0;0;0;0;0;0;1;0;0;0;0;0;1;0;0;0;0;0;0;0;1;1;0;0;0;0;0;0;0;0;0;0;0;1;0;9;2;0;5;18;4;0;1;0;13;1;1;0;0;0;0;0;0;0;0;12;0;0;0;4;2;0;0;0;0;0;0;0;3;0;0;0;0;0;0;0;0;0;0;0;0;0;0;10;5;0;0;0;0;2;1;0;0;0;0;0;3;0;0;0;0;0;2;0;0;0;0;0;0;0;1;0;0;0;0;0;0;0;0;0;0;0;0;0;0;0;0;0;0;0;0
8;"Świetlica Wiejska w Starzycach, Starzyce 14, 73-120 Chociwel";321402;"gm. Chociwel";"stargardzki";"zachodniopomorskie";1;1;0;0;0;0;0;0;0;0;0;0;0;0;0;0;0;0;0;0;0;0;0;0;0;0;1;0;0;0;0;15;0;0;0;1;0;0;0;0;0;0;0;0;0;0;0;0;0;0;0;0;0;1;1;0;0;0;0;1;0;0;0;0;0;0;0;0;0;1;0;0;3;0;7;4;0;5;7;10;7;0;1;8;0;0;1;0;1;0;0;0;0;1;8;0;0;1;2;0;2;0;0;0;0;1;1;0;0;0;0;0;0;0;0;0;0;0;0;0;0;1;13;5;0;0;0;0;1;0;0;1;0;0;1;3;0;0;0;0;0;0;0;0;0;4;2;0;0;0;0;0;0;0;0;0;0;0;0;0;0;0;0;0;0;0;0;0;0;0
9;"Świetlica Wiejska w Długiem, Długie 31, 73-120 Chociwel";321402;"gm. Chociwel";"stargardzki";"zachodniopomorskie";1;1;0;0;0;0;0;0;1;0;0;0;0;0;0;0;0;0;0;0;0;0;1;0;0;0;3;2;1;0;0;31;0;0;1;0;0;0;0;0;0;0;0;0;0;0;0;0;0;0;5;0;0;0;0;0;1;0;0;0;0;1;0;0;0;0;0;0;3;0;0;0;1;0;3;2;5;8;5;9;0;0;0;3;0;0;0;0;0;0;0;0;0;0;18;0;0;0;1;2;0;0;0;0;0;0;0;1;0;0;0;0;0;0;1;0;0;0;0;0;0;0;11;4;0;0;0;1;3;2;0;0;2;0;0;0;0;0;0;0;0;0;0;0;0;1;0;0;0;0;0;0;0;0;0;0;0;0;0;0;0;0;0;0;0;0;0;0;0;0
1;"Urząd Miejski, ul. Stanisława Staszica 1, 73-130 Dobrzany";321403;"gm. Dobrzany";"stargardzki";"zachodniopomorskie";1;1;6;1;0;0;1;0;3;1;0;1;2;0;0;0;1;1;0;0;0;0;0;0;0;0;68;14;7;14;6;7;5;5;1;3;1;1;3;0;0;1;0;0;0;2;2;0;1;3;30;12;5;5;4;2;2;0;3;1;6;1;0;3;0;0;3;0;1;0;1;0;3;2;76;24;16;93;103;64;11;0;1;20;2;6;1;1;2;0;0;2;2;3;6;2;2;4;26;6;4;3;2;0;2;1;1;5;0;0;0;0;1;0;1;1;2;0;1;1;0;1;183;56;21;4;3;6;13;20;2;4;1;0;2;15;0;0;0;0;3;1;1;1;0;6;4;1;0;4;1;0;0;0;1;0;0;2;2;3;0;0;1;0;1;0;0;0;0;0
2;"Zespół Szkół Publicznych, Przedszkole, ul. Adama Mickiewicza 43, 73-130 Dobrzany";321403;"gm. Dobrzany";"stargardzki";"zachodniopomorskie";1;1;6;2;1;4;2;1;0;0;2;1;0;1;1;1;0;1;2;0;0;1;0;0;1;0;25;5;2;3;4;14;1;1;2;0;0;2;0;2;1;1;1;0;0;0;0;0;0;0;6;0;3;1;2;0;0;0;2;0;0;1;0;0;0;1;0;0;0;0;0;2;1;0;36;16;10;38;55;14;10;2;0;44;2;5;0;0;1;0;2;0;0;0;6;3;1;0;8;3;1;1;1;0;2;4;0;0;0;0;0;0;2;0;2;0;1;0;0;0;0;1;41;12;2;1;1;1;2;8;0;2;0;0;3;9;0;0;0;0;0;0;0;0;0;2;2;0;1;1;0;0;0;0;0;0;1;1;2;0;0;1;0;0;0;0;0;0;0;0
3;"Świetlica Wiejska w Kozach, Kozy 16A, 73-130 Dobrzany";321403;"gm. Dobrzany";"stargardzki";"zachodniopomorskie";1;1;1;1;0;0;0;0;1;0;0;0;0;0;0;0;0;0;0;0;0;0;0;0;0;0;15;5;4;3;0;15;1;0;3;2;0;1;0;0;0;0;0;2;0;0;0;0;0;0;2;2;1;2;1;1;1;0;1;1;0;0;0;1;0;0;0;0;0;0;0;1;1;0;10;9;8;20;19;10;8;0;0;2;0;0;1;1;0;0;1;1;0;2;2;0;2;1;4;2;3;3;0;0;0;0;0;0;0;0;0;0;0;0;0;0;0;0;0;0;0;1;26;10;2;1;1;0;6;7;0;1;0;0;3;3;0;0;0;1;0;0;0;0;0;3;1;1;0;0;0;1;0;0;0;0;1;0;0;0;1;1;0;0;0;0;0;0;0;0
4;"Świetlica Wiejska w Szadzku, Szadzko 18C, 73-130 Dobrzany";321403;"gm. Dobrzany";"stargardzki";"zachodniopomorskie";1;1;0;0;0;0;0;0;0;0;0;0;0;1;0;0;0;0;1;0;0;0;0;0;0;1;13;1;0;5;1;6;0;0;0;0;0;0;1;1;0;0;0;0;0;0;0;0;0;0;5;2;0;0;1;1;0;0;0;0;1;0;0;0;0;1;1;0;0;0;0;0;0;0;10;12;6;4;18;10;6;0;0;8;0;0;1;0;0;0;1;0;0;0;1;0;1;0;2;1;0;0;0;0;1;0;1;0;0;0;0;0;0;0;1;0;0;0;0;0;0;0;16;3;2;0;1;0;2;2;0;0;0;0;0;1;0;0;0;0;0;0;0;0;0;2;0;0;0;1;0;0;0;0;0;0;0;0;1;0;0;0;0;0;0;0;0;0;0;0
5;"Świetlica Wiejska w Ognicy, Ognica 47, 73-130 Dobrzany";321403;"gm. Dobrzany";"stargardzki";"zachodniopomorskie";1;1;0;0;0;0;0;1;0;0;2;0;0;1;0;0;0;0;0;0;0;0;0;0;0;0;8;0;0;0;0;0;0;0;1;0;0;0;0;0;0;0;0;0;0;0;0;0;0;0;4;0;1;0;0;0;0;0;0;0;1;1;0;0;0;0;0;1;0;0;0;0;0;1;10;6;3;23;10;2;4;0;0;7;0;0;2;0;0;0;0;0;0;1;0;0;0;3;2;1;0;0;0;0;0;0;1;0;0;0;0;0;0;0;1;0;0;0;0;0;0;0;15;6;0;1;0;0;2;0;1;1;0;0;0;1;0;0;1;0;0;0;0;0;0;1;6;0;0;0;2;0;0;0;0;0;0;0;0;0;0;0;0;0;0;0;0;0;0;0
1;"Gminne Centrum Kultury w Dolicach, ul. Wiejska 4, 73-115 Dolice";321404;"gm. Dolice";"stargardzki";"zachodniopomorskie";1;1;4;3;2;0;0;0;1;2;0;0;0;1;0;1;0;0;0;0;0;0;2;2;0;0;38;3;17;13;8;6;3;1;3;1;2;0;3;2;0;0;1;1;0;1;3;0;1;1;30;5;0;4;6;0;3;1;6;1;0;0;2;6;0;0;4;0;0;0;0;0;1;3;34;7;2;32;39;6;186;0;0;7;1;0;1;1;0;1;2;0;0;2;1;0;1;0;34;4;7;8;0;1;1;0;2;1;0;0;0;0;0;0;1;0;0;1;0;0;1;1;79;180;6;3;1;3;4;21;2;2;1;4;0;6;0;0;0;0;1;3;0;0;0;4;4;2;1;1;0;0;0;0;0;0;0;1;0;1;0;0;0;0;2;0;0;0;0;0
2;"Szkoła Podstawowa, Dobropole Pyrzyckie 7, 73-115 Dolice";321404;"gm. Dolice";"stargardzki";"zachodniopomorskie";1;1;0;0;0;0;0;0;0;0;0;0;0;0;0;0;0;0;0;0;0;0;0;0;0;0;14;3;3;5;1;1;1;0;2;0;1;0;0;0;0;0;0;0;1;0;1;0;1;0;3;0;0;0;1;0;0;0;2;0;0;1;1;1;0;1;0;0;0;1;0;0;0;0;15;4;1;5;6;2;92;1;0;18;1;0;0;0;0;0;0;0;0;0;0;1;0;0;11;0;2;0;0;0;2;0;1;2;0;0;0;2;0;0;1;1;0;0;0;0;0;0;21;26;2;0;0;0;3;6;0;1;1;0;0;0;0;0;0;0;0;0;0;0;0;1;0;0;0;1;2;0;1;0;1;0;1;0;0;0;0;0;0;0;0;0;0;0;0;0
3;"budynek po byłej Szkole Podstawowej w Sądowie, Sądów 30, 73-115 Dolice";321404;"gm. Dolice";"stargardzki";"zachodniopomorskie";1;1;4;2;0;0;0;1;0;0;0;0;0;0;0;0;2;0;0;0;0;0;0;0;0;0;10;6;1;6;4;0;0;0;0;0;1;1;1;1;0;0;2;0;0;0;0;0;0;1;6;4;1;0;3;1;1;2;1;0;1;1;0;0;0;0;0;0;0;0;0;1;0;0;20;2;0;8;22;3;47;2;0;9;1;0;2;1;0;1;1;0;0;1;2;0;2;0;13;3;1;1;3;0;2;1;1;0;0;0;1;0;0;0;0;0;0;1;1;0;0;0;36;20;9;0;0;0;3;1;0;1;0;0;0;0;0;0;1;0;0;0;1;0;0;2;0;2;0;0;0;0;1;0;0;0;0;0;0;0;0;0;0;0;0;0;1;0;0;1
4;"Budynek Remizy Ochotniczej Straży Pożarnej w Kolinie, Kolin 59, 73-115 Dolice";321404;"gm. Dolice";"stargardzki";"zachodniopomorskie";1;1;7;1;1;0;0;1;0;1;1;0;0;0;0;0;1;0;1;0;0;0;0;0;0;0;20;2;1;2;3;0;2;2;4;0;0;1;1;0;0;3;0;0;0;3;0;0;0;0;3;5;1;1;3;1;0;2;0;0;0;0;1;0;0;0;0;0;0;0;0;1;1;0;17;5;3;23;15;2;36;2;0;16;0;3;0;0;0;1;1;1;0;0;0;0;0;0;8;3;1;1;0;0;2;1;1;0;0;0;0;0;0;0;1;1;0;0;0;0;2;1;29;20;4;2;1;0;5;19;2;1;0;0;2;5;0;0;1;0;1;3;1;0;0;3;0;0;0;0;1;1;1;0;0;1;0;1;1;1;0;2;1;2;0;0;1;0;0;0
5;"Szkoła Podstawowa, Rzeplino 62, 73-115 Dolice";321404;"gm. Dolice";"stargardzki";"zachodniopomorskie";1;1;1;1;1;1;0;1;2;0;0;0;0;1;0;0;2;1;0;0;0;0;1;1;0;1;12;4;2;7;2;1;0;0;1;0;0;0;0;1;0;2;1;0;1;1;0;1;1;0;11;3;0;1;0;0;0;0;0;0;1;0;0;3;0;0;2;0;0;0;0;0;1;0;15;5;4;20;22;3;14;0;0;20;0;2;1;0;0;0;0;0;2;2;0;0;0;0;7;3;0;2;0;0;1;1;0;2;1;0;0;0;0;0;0;0;1;0;0;0;0;0;46;17;6;1;0;0;1;11;0;1;2;1;0;2;0;0;2;1;0;1;0;0;0;3;1;0;1;1;1;0;0;0;0;0;0;0;0;0;0;0;0;0;0;0;0;0;0;0
6;"budynek po byłej Szkole Podstawowej w Żalęcinie, Żalęcino 11, 73-115 Dolice";321404;"gm. Dolice";"stargardzki";"zachodniopomorskie";1;1;1;3;2;1;0;0;2;0;0;0;0;0;1;0;0;0;0;0;0;0;0;0;0;0;8;0;3;3;0;0;7;0;1;1;1;1;0;0;0;2;1;0;1;0;2;0;0;0;13;6;0;2;5;0;0;2;2;0;1;0;0;0;0;0;2;0;0;3;0;1;1;0;14;5;8;19;21;8;30;2;1;10;0;2;2;2;2;0;1;0;0;1;0;0;0;0;4;3;0;0;1;0;0;0;0;0;0;0;0;0;0;0;0;0;0;0;1;0;0;0;41;7;6;2;2;1;3;6;0;0;0;0;0;0;0;0;0;0;0;2;0;0;0;0;0;0;0;0;0;0;2;0;0;0;1;0;0;0;0;0;0;0;0;0;0;0;0;1
7;"Świetlica Wiejska w Brzezinie, Brzezina 17 C, 73-115 Dolice";321404;"gm. Dolice";"stargardzki";"zachodniopomorskie";1;1;1;0;0;0;1;0;0;0;0;0;1;0;1;0;0;0;0;1;0;0;0;1;1;1;4;1;0;1;0;0;0;0;0;0;0;0;0;0;0;0;0;0;0;1;0;0;0;0;4;1;0;1;3;0;0;0;2;0;1;0;0;1;0;0;0;0;1;0;2;1;0;0;8;5;1;9;5;3;26;0;1;4;0;0;0;0;0;0;0;0;0;1;0;0;0;0;4;3;1;2;0;0;0;0;1;0;1;0;0;1;0;0;0;0;1;0;1;0;0;0;17;12;2;0;1;0;1;3;0;0;0;0;0;0;0;0;0;0;0;2;0;0;0;0;0;0;0;1;0;0;0;0;0;0;0;1;1;0;0;0;0;0;0;0;0;0;0;0
8;"Świetlica Wiejska w Warszynie, Warszyn 24 A, 73-115 Dolice";321404;"gm. Dolice";"stargardzki";"zachodniopomorskie";1;1;3;0;1;0;0;0;1;0;0;0;1;0;0;0;0;0;0;0;0;0;0;0;0;0;0;2;0;0;0;0;1;0;0;0;0;0;0;0;1;0;0;1;0;0;1;0;0;0;2;0;0;0;0;0;0;0;0;0;0;0;0;0;0;0;0;0;1;0;0;0;0;0;4;1;1;1;3;2;29;0;0;2;0;0;0;1;0;0;0;0;0;0;0;0;0;0;5;1;1;1;0;0;0;0;0;0;0;0;0;0;0;0;0;0;0;0;0;0;0;0;4;13;0;0;0;1;0;0;0;0;0;0;0;0;0;0;0;0;0;0;0;0;0;0;0;0;0;0;0;0;0;0;0;0;0;0;0;0;1;0;0;0;0;0;0;0;0;0
9;"Świetlica Wiejska w Przewłokach, Przewłoki 41, 73-115 Dolice";321404;"gm. Dolice";"stargardzki";"zachodniopomorskie";1;1;2;3;1;2;0;0;0;0;0;1;0;0;0;0;0;0;0;0;0;0;0;0;0;0;5;6;1;4;3;0;1;0;0;3;0;0;0;0;1;0;0;0;0;0;1;0;0;1;3;0;0;0;0;0;0;0;1;0;0;0;0;5;1;0;0;0;1;0;0;0;0;0;17;5;7;23;45;5;13;0;0;19;2;0;1;0;0;0;0;0;1;0;4;0;0;0;9;1;3;1;1;0;0;0;0;4;0;0;0;0;0;0;0;0;0;0;1;0;0;2;18;9;13;2;2;1;3;5;0;0;1;0;1;7;0;0;0;1;0;0;1;0;0;5;1;0;0;1;1;0;1;0;0;2;0;0;0;0;0;0;0;0;0;0;0;0;0;0
10;"Świetlica Wiejska w Krępcewie, Krępcewo 46, 73-115 Dolice";321404;"gm. Dolice";"stargardzki";"zachodniopomorskie";1;1;1;0;0;0;0;0;0;0;0;0;0;0;0;0;0;0;0;0;0;0;0;0;0;1;11;3;0;3;1;2;2;1;1;0;1;0;0;0;0;0;0;0;1;1;2;0;1;0;1;2;0;0;0;0;0;0;1;0;0;0;1;0;0;0;0;1;0;0;1;0;0;0;3;0;2;7;9;2;15;1;0;13;0;0;0;0;1;1;0;0;0;0;1;0;0;2;6;1;0;1;0;1;0;0;0;0;1;0;0;0;0;0;0;0;0;0;0;0;0;1;13;6;3;4;0;0;0;6;1;0;1;0;0;0;0;1;2;0;1;0;0;0;2;1;0;0;0;0;0;0;0;0;0;0;0;0;0;0;0;0;0;0;0;0;0;0;0;0
11;"Świetlica Wiejska w Bralęcinie, Bralęcin 18, 73-115 Dolice";321404;"gm. Dolice";"stargardzki";"zachodniopomorskie";1;1;5;0;0;1;0;0;0;0;0;0;0;0;0;1;0;0;0;1;1;0;0;0;1;0;6;0;5;4;0;1;0;0;0;0;0;0;0;0;0;0;1;0;0;2;1;0;1;1;0;1;1;0;0;0;0;0;0;0;0;0;0;0;0;0;0;0;0;0;0;0;0;0;7;2;1;6;14;1;17;0;1;4;0;0;0;0;1;1;0;0;0;1;0;0;0;1;3;0;2;0;0;0;1;0;0;0;0;0;0;0;0;0;0;1;0;0;0;0;0;0;12;12;5;0;1;0;0;6;1;0;1;0;0;1;0;0;0;1;1;1;0;0;0;0;1;0;0;0;0;0;0;0;0;0;0;0;0;0;0;0;0;0;0;0;0;0;0;0
12;"Dom Pomocy Społecznej w Dolicach, ul. Wiśniowa 12, 73-115 Dolice";321404;"gm. Dolice";"stargardzki";"zachodniopomorskie";1;1;0;0;0;0;0;0;0;0;0;0;0;0;0;0;0;0;0;0;0;0;0;0;0;0;1;0;0;0;0;0;0;0;0;0;0;0;0;0;0;0;0;0;0;0;0;0;0;0;0;0;0;0;0;0;0;0;0;0;0;0;0;0;0;0;0;0;0;0;0;0;0;0;3;0;0;1;1;0;3;0;0;0;0;0;0;0;1;0;1;0;0;0;0;0;0;1;0;0;0;0;0;0;0;0;0;0;0;0;0;0;0;0;0;0;0;0;0;0;0;0;2;0;0;1;0;1;0;0;0;0;0;0;0;0;0;0;0;0;0;0;0;0;0;0;0;0;0;0;0;0;0;0;0;0;0;0;0;0;0;0;0;0;0;0;0;0;0;0
1;"Zespół Szkół w Ińsku, ul. Poprzeczna 1, 73-140 Ińsko";321405;"gm. Ińsko";"stargardzki";"zachodniopomorskie";1;1;2;3;1;0;0;0;1;0;0;0;0;0;0;0;0;0;0;0;0;0;0;0;0;1;84;8;10;11;1;54;31;2;0;1;0;0;0;1;0;1;0;0;3;1;5;0;1;0;26;12;2;2;4;2;1;3;0;1;1;2;0;0;0;0;3;0;2;2;0;0;0;3;64;7;31;50;85;35;36;6;2;8;2;0;3;1;0;0;2;2;0;8;7;0;0;3;12;9;3;0;1;0;1;0;3;3;2;0;0;0;2;1;3;0;0;1;0;1;0;1;111;64;19;3;3;3;13;6;4;0;0;6;6;3;1;0;1;0;2;0;0;0;1;5;3;0;0;0;0;0;1;0;0;0;0;0;2;0;0;0;0;0;0;0;0;0;0;0
2;"Kino Morena, ul. Przybrzeżna 1, 73-140 Ińsko";321405;"gm. Ińsko";"stargardzki";"zachodniopomorskie";1;1;1;1;0;0;0;0;0;0;0;0;0;0;0;0;1;1;1;0;0;0;0;0;0;0;27;5;3;0;4;10;2;0;3;1;0;1;0;1;1;0;0;0;1;0;0;0;0;1;3;4;0;2;2;0;1;0;2;1;2;2;0;1;0;1;2;0;1;0;0;1;1;1;35;11;16;19;25;10;11;1;3;7;2;0;0;0;0;0;2;1;0;0;4;0;1;1;5;1;3;5;1;4;2;1;0;0;1;0;1;0;0;1;0;0;0;0;0;0;0;0;54;20;10;4;0;4;6;8;0;0;1;2;2;11;0;0;1;1;1;0;0;0;0;6;0;0;0;0;4;0;0;0;0;0;0;0;0;0;0;0;0;0;0;1;0;0;0;0
3;"Świetlica Wiejska w Storkowie, Storkowo 10, 73-140 Ińsko";321405;"gm. Ińsko";"stargardzki";"zachodniopomorskie";1;1;0;1;1;0;0;0;0;1;0;0;0;0;0;0;0;0;0;0;0;1;0;0;0;0;10;4;0;6;3;4;1;1;1;0;0;1;0;1;0;0;0;0;0;0;1;0;0;0;4;2;0;0;1;0;0;0;0;0;0;0;0;1;0;0;0;0;0;0;0;0;0;0;28;7;12;9;22;9;7;3;2;2;1;0;4;1;0;1;1;0;1;3;1;0;0;0;9;1;2;0;1;1;0;0;0;2;1;0;0;0;0;0;0;1;0;0;1;0;0;1;16;7;5;3;0;1;3;0;0;0;0;0;0;4;0;0;0;0;1;0;0;0;0;2;0;0;0;0;0;0;0;0;0;0;0;0;0;0;0;0;0;0;0;0;0;0;0;0
1;"Centrum Kultury i Rekreacji w Kobylance, ul. Jeziorna 6, 73-108 Kobylanka";321406;"gm. Kobylanka";"stargardzki";"zachodniopomorskie";1;1;4;2;0;1;0;1;0;2;1;0;1;0;0;0;0;1;0;0;0;0;0;1;1;1;59;25;26;20;7;6;3;2;4;1;1;0;7;2;0;5;3;0;1;5;2;0;1;6;34;23;1;4;8;1;1;3;1;0;0;1;2;7;0;4;1;0;0;0;0;1;0;3;55;15;5;43;53;33;25;3;0;9;1;10;1;2;1;0;0;0;0;1;5;0;1;5;31;4;9;3;5;2;1;1;1;4;2;1;2;0;0;0;0;0;0;1;0;0;0;0;218;138;69;8;4;3;7;26;5;12;2;0;3;8;1;0;1;1;0;8;2;0;5;79;7;0;0;1;0;0;0;0;0;1;1;1;0;0;0;0;0;0;0;0;0;0;0;0
2;"Szkoła Podstawowa w Reptowie, Reptowo 96a, 73-108 Kobylanka";321406;"gm. Kobylanka";"stargardzki";"zachodniopomorskie";1;1;5;4;1;1;1;1;2;1;0;1;0;1;0;0;2;0;2;1;0;0;0;0;1;2;41;22;13;17;7;2;0;1;3;2;1;1;7;1;0;0;7;0;3;3;2;0;0;0;19;11;1;3;3;1;0;1;1;1;2;1;1;9;1;1;0;0;2;0;2;0;1;1;56;24;19;52;46;22;16;0;1;9;0;14;0;1;0;0;3;0;0;3;0;1;3;12;31;5;6;5;2;1;1;1;2;3;0;0;1;0;1;0;0;1;0;1;0;0;0;0;134;61;38;3;3;3;14;11;5;2;1;1;2;8;0;0;0;0;1;2;1;0;1;45;3;0;0;1;0;0;0;0;0;1;0;0;0;0;1;0;1;0;0;1;0;0;0;0
3;"Świetlica wiejska, Morzyczyn ul. Oświaty 1, 73-108 Kobylanka";321406;"gm. Kobylanka";"stargardzki";"zachodniopomorskie";1;1;9;2;0;0;0;3;0;0;0;0;0;0;1;1;0;0;1;0;0;0;2;0;0;2;31;19;22;22;8;3;8;0;3;1;0;1;20;1;0;3;0;0;0;2;2;0;3;2;29;17;3;4;9;0;1;0;1;1;1;0;0;12;2;1;1;0;0;0;0;0;0;2;71;10;16;88;36;18;22;5;0;4;0;1;1;2;0;0;3;0;1;4;0;0;1;7;21;9;11;5;0;1;0;0;1;0;1;0;2;0;0;1;1;0;1;1;2;1;3;0;221;115;77;5;3;1;18;35;2;1;0;0;0;8;0;1;1;0;2;0;4;0;6;107;6;2;1;0;1;0;0;0;0;0;0;2;1;0;0;0;0;0;0;0;0;0;0;0
4;"Szkoła Podstawowa im. Jana Brzechwy w Kunowie, Kunowo 45a, 73-110 Stargard";321406;"gm. Kobylanka";"stargardzki";"zachodniopomorskie";1;1;2;1;0;0;1;0;0;0;0;0;0;1;1;0;0;0;0;0;0;0;0;0;0;0;6;4;6;3;1;0;0;1;3;0;0;0;1;0;0;0;2;0;0;1;0;1;0;0;3;1;0;3;0;0;0;0;0;0;0;2;0;3;0;0;0;1;0;0;0;1;1;0;10;10;2;18;28;6;4;0;0;10;1;4;1;0;0;1;2;0;0;0;0;0;0;1;5;1;0;4;0;0;0;1;0;1;1;0;0;0;0;0;2;0;0;0;0;0;0;1;21;10;6;0;0;0;2;0;2;1;0;0;0;1;0;0;0;0;1;3;0;0;0;7;1;0;0;0;0;0;0;0;0;4;1;1;0;0;0;0;0;1;1;0;1;0;0;0
5;"Świetlica wiejska, Bielkowo 36, 73-108 Bielkowo";321406;"gm. Kobylanka";"stargardzki";"zachodniopomorskie";1;1;1;0;0;0;0;0;0;1;0;0;0;0;0;0;0;0;0;0;0;0;0;0;0;0;18;10;0;3;3;1;0;0;3;0;0;0;3;0;0;1;2;0;0;0;2;0;1;0;7;2;3;0;0;0;0;0;1;0;0;0;2;3;0;0;0;0;0;0;0;1;0;3;8;6;6;19;11;12;4;7;0;3;0;2;0;0;1;0;0;1;1;0;1;0;1;0;22;6;1;3;0;0;0;0;2;1;0;0;0;0;0;0;0;0;0;0;0;0;0;1;24;20;13;1;0;2;1;0;0;3;0;0;0;6;0;0;0;0;0;4;0;0;1;16;4;8;0;0;1;0;0;0;0;0;0;0;1;0;0;0;0;0;0;0;1;0;0;0
1;"Świetlicka Wiejska w Dzwonowie, Dzwonowo 24, 73-121 Marianowo";321408;"gm. Marianowo";"stargardzki";"zachodniopomorskie";1;1;2;2;0;1;1;0;1;0;1;0;0;0;0;0;0;0;0;0;0;0;0;0;0;0;11;0;2;0;1;2;0;0;0;1;0;0;0;0;0;1;0;0;0;0;1;0;0;0;6;6;1;0;3;0;0;2;2;1;0;1;0;3;0;0;0;1;0;0;1;0;0;0;13;5;5;45;12;5;5;0;1;11;0;2;1;0;0;0;0;0;0;1;4;0;0;2;2;2;0;0;0;0;0;0;0;0;0;0;0;0;0;0;0;0;0;1;0;0;1;0;9;1;4;0;0;0;2;2;0;0;0;1;0;39;0;0;0;0;0;3;0;0;0;1;0;0;0;0;0;0;0;0;0;0;0;0;0;0;0;0;0;0;0;1;0;0;0;0
2;"Niepubliczna Szkoła Podstawowa w Gogolewie, Gogolewo 18, 73-121 Marianowo";321408;"gm. Marianowo";"stargardzki";"zachodniopomorskie";1;1;2;3;0;0;0;0;1;0;0;2;0;0;0;0;0;0;0;0;0;0;0;0;1;0;14;5;2;4;1;1;5;0;1;0;0;1;1;1;0;0;0;0;1;0;1;0;1;0;4;5;1;0;1;0;0;0;1;0;1;0;1;1;0;0;1;0;1;0;0;0;0;0;18;5;2;51;27;4;2;1;0;19;1;0;1;0;0;0;0;0;1;2;1;0;0;1;3;1;2;2;0;0;0;0;2;2;1;0;1;0;0;0;0;0;0;0;0;0;1;0;9;2;4;0;0;1;0;8;0;0;0;0;0;90;0;0;0;0;0;0;0;0;0;2;0;0;0;0;0;0;0;0;0;0;1;0;2;0;0;0;0;0;0;0;0;0;0;0
3;"""Dom Strażaka"" w Marianowie, ul. Stargardzka 55, 73-121 Marianowo";321408;"gm. Marianowo";"stargardzki";"zachodniopomorskie";1;1;5;0;3;0;1;0;0;0;0;0;0;0;0;0;2;0;0;0;0;0;0;0;0;0;44;5;3;2;1;0;2;0;2;2;2;1;1;1;1;0;2;1;1;4;1;0;2;0;18;1;0;4;4;0;1;0;4;0;0;1;0;7;0;0;0;0;0;0;0;1;1;0;29;17;13;87;49;36;7;3;2;12;2;2;1;1;0;0;1;0;0;1;2;0;1;1;19;1;2;1;0;0;2;2;1;6;2;0;0;0;2;0;0;1;0;0;0;0;0;2;70;11;7;5;0;0;4;13;1;0;1;0;0;83;0;0;0;0;0;1;0;2;1;4;1;1;0;1;0;0;0;0;0;0;0;2;0;1;0;0;0;0;1;0;0;0;0;0
4;"Świetlica Wiejska w Sulinie, Sulino 20, 73-121 Marianowo";321408;"gm. Marianowo";"stargardzki";"zachodniopomorskie";1;1;5;0;1;0;0;0;0;1;0;0;0;0;0;0;0;0;0;0;1;0;0;0;0;0;19;2;0;1;0;3;2;2;0;0;0;2;1;0;0;2;0;0;1;0;0;0;0;1;6;1;1;0;0;1;0;0;0;0;0;0;0;0;0;0;1;0;0;0;0;0;1;0;17;4;10;38;34;4;5;2;0;8;1;1;1;1;0;0;0;1;2;5;8;0;0;1;11;3;3;0;3;1;0;0;0;2;1;0;0;0;0;0;1;0;0;0;0;0;0;0;6;2;3;0;0;0;0;5;0;1;0;0;0;17;0;0;0;0;0;0;0;0;0;3;1;0;0;1;0;0;0;1;0;0;0;0;1;0;0;0;0;0;0;0;0;1;0;1
1;"Centrum Kultury i Rekreacji, Stara Dąbrowa 30BA, 73-112 Stara Dąbrowa";321409;"gm. Stara Dąbrowa";"stargardzki";"zachodniopomorskie";1;1;3;2;1;0;0;0;2;0;1;1;1;0;0;0;1;1;1;0;2;0;0;1;1;2;33;7;9;8;4;4;6;2;4;1;1;1;2;1;0;1;1;0;1;2;1;0;3;1;17;5;2;4;3;0;1;1;3;0;2;2;0;1;0;0;3;0;1;0;1;3;3;1;39;17;9;94;49;15;9;5;3;27;2;3;1;1;0;1;1;1;0;4;4;2;1;3;24;6;5;6;1;1;1;2;0;8;0;1;2;0;0;0;1;1;0;0;0;1;0;0;72;10;13;2;0;1;6;11;2;1;1;0;0;33;0;0;1;0;0;1;0;0;0;11;11;0;1;3;1;0;1;1;0;2;0;1;0;2;0;0;0;0;0;1;0;0;0;0
2;"Świetlica Wiejska w Parlinie, Parlino 30a, 73-112 Stara Dąbrowa";321409;"gm. Stara Dąbrowa";"stargardzki";"zachodniopomorskie";1;1;1;0;1;0;0;0;0;0;1;0;0;0;0;0;0;0;0;0;0;1;0;0;1;0;14;1;4;8;3;1;3;1;1;1;0;0;1;1;0;1;1;0;1;1;3;0;1;1;11;0;1;1;2;0;0;0;1;0;1;0;0;1;0;0;2;0;0;0;0;0;0;0;21;5;11;41;45;6;9;0;0;19;2;0;0;2;0;0;0;0;0;2;3;0;1;1;13;2;1;1;0;0;1;0;1;5;0;0;0;0;0;0;0;0;0;0;0;0;0;0;28;13;11;0;0;1;1;2;2;0;1;0;2;43;0;0;0;0;0;0;0;0;0;7;3;0;0;0;0;0;0;0;1;0;0;0;2;0;0;0;0;0;0;0;0;0;0;0
3;"Publiczna Szkoła Podstawowa, Chlebówko 9, 73-112 Stara Dąbrowa";321409;"gm. Stara Dąbrowa";"stargardzki";"zachodniopomorskie";1;1;1;2;0;1;0;0;0;0;1;0;0;0;1;0;0;0;0;0;0;1;0;1;0;2;8;4;4;3;1;0;1;0;3;1;0;0;1;1;0;0;0;0;1;0;0;0;0;1;14;3;0;1;0;0;1;0;0;0;1;1;2;1;0;0;0;0;0;0;0;3;2;0;20;17;4;45;27;2;4;6;1;7;2;2;0;0;0;0;0;0;0;4;5;2;0;0;6;1;0;1;0;0;1;0;1;1;0;1;1;0;0;0;0;0;0;0;0;0;0;0;12;5;11;1;0;1;1;5;0;0;0;0;1;6;0;0;1;0;0;3;0;0;0;10;0;0;0;0;0;0;0;0;0;0;0;0;0;0;0;0;0;0;0;0;0;0;0;1
4;"Świetlica Wiejska w Storkówku, Storkówko 3, 73-112 Stara Dąbrowa";321409;"gm. Stara Dąbrowa";"stargardzki";"zachodniopomorskie";1;1;1;1;0;0;0;0;0;0;1;1;0;0;0;0;0;0;0;0;0;0;0;0;0;0;5;2;1;3;1;0;1;0;1;0;1;0;1;0;0;0;0;1;0;0;1;0;0;0;1;0;0;1;0;1;0;0;0;1;0;0;0;0;0;0;0;0;0;0;0;0;0;1;14;1;0;24;19;1;3;0;0;2;1;0;0;0;1;0;0;0;0;2;1;0;0;0;3;0;0;2;0;0;1;1;0;2;1;0;0;0;0;0;1;0;0;0;0;0;0;0;21;4;1;0;0;0;1;2;1;1;0;0;0;3;0;0;0;0;1;0;0;0;1;0;1;0;0;0;0;0;0;0;0;0;0;0;0;1;0;0;0;0;0;0;0;0;0;0
5;"Świetlica Wiejska w Chlebowie, Chlebowo 5/1, 73-112 Stara Dąbrowa";321409;"gm. Stara Dąbrowa";"stargardzki";"zachodniopomorskie";1;1;1;0;1;1;0;0;0;0;0;0;1;0;1;0;0;0;0;0;0;1;0;0;0;0;8;0;1;2;0;1;0;0;1;0;0;0;0;0;0;0;0;0;0;0;0;0;0;0;1;3;2;0;0;0;0;0;0;0;0;0;0;0;0;0;2;0;0;0;0;0;0;0;6;6;4;15;7;2;3;0;0;3;0;1;0;0;0;0;0;0;1;0;0;0;1;0;2;2;2;1;0;1;0;0;2;0;0;0;0;0;1;0;1;0;0;1;1;0;0;0;13;1;5;0;0;1;4;0;0;0;0;1;1;15;0;0;0;0;0;1;0;0;1;1;1;1;0;0;1;0;0;0;0;0;0;0;0;0;1;0;0;0;0;0;0;0;0;0
1;"Zespół Szkolno-Przedszkolny w Sownie, ul. Szkolna 4, 73-109 Sowno";321410;"gm. Stargard";"stargardzki";"zachodniopomorskie";1;1;1;0;1;0;1;0;0;0;0;1;0;0;0;2;0;0;0;0;0;0;0;0;1;1;17;3;8;6;7;0;3;3;2;1;0;1;3;1;0;1;2;0;4;2;0;0;2;0;9;8;2;3;2;0;0;0;3;0;0;0;0;1;0;0;0;0;0;0;0;0;1;2;16;5;10;39;33;14;4;2;0;13;0;1;0;0;0;0;0;0;2;0;0;0;0;3;22;1;2;2;1;1;0;1;1;4;0;0;0;0;1;0;0;1;0;1;2;0;0;0;82;26;18;4;1;2;9;12;0;2;2;0;0;12;0;1;0;1;1;7;1;0;0;7;2;2;1;0;1;0;0;0;0;0;0;3;1;0;0;0;0;0;0;0;0;0;0;0
2;"Szkoła Podstawowa im. Mikołaja Kopernika w Pęzinie, Pęzino 66, 73-131 Pęzino";321410;"gm. Stargard";"stargardzki";"zachodniopomorskie";1;1;4;1;0;0;0;1;0;1;0;0;0;0;1;0;0;0;0;0;0;0;0;0;0;0;13;4;3;2;3;2;2;0;5;1;0;1;0;1;0;0;1;0;0;0;1;0;1;0;9;2;2;0;2;1;0;0;0;1;0;0;0;2;0;0;0;0;2;0;1;0;2;3;11;10;4;48;27;4;7;1;2;38;2;2;2;2;0;0;2;3;0;1;0;0;0;5;14;3;2;3;0;0;2;0;3;4;0;0;2;0;1;0;1;0;1;1;0;1;1;0;37;9;7;2;2;2;4;12;0;0;0;0;1;38;0;0;1;1;0;0;0;0;0;2;1;2;0;2;1;0;0;0;0;1;1;0;0;0;0;0;0;0;0;0;0;0;0;0
3;"Świetlica Wiejska w Krąpielu, Krąpiel 12b, 73-131 Krąpiel";321410;"gm. Stargard";"stargardzki";"zachodniopomorskie";1;1;2;2;0;1;0;0;1;1;0;0;0;0;0;1;0;0;0;0;1;0;1;0;1;0;12;2;4;8;1;1;1;1;0;0;0;1;2;1;0;0;1;0;0;1;0;0;0;0;6;0;1;2;2;0;0;0;0;0;0;1;0;1;0;0;0;0;0;0;1;0;0;0;13;3;0;12;10;2;8;0;1;110;0;0;1;0;0;0;0;0;0;2;1;0;0;0;8;2;0;2;0;0;2;1;1;1;0;0;0;1;0;0;0;0;0;1;1;0;0;0;24;6;4;1;1;0;3;7;2;0;0;1;3;4;1;0;1;0;0;1;0;0;0;4;0;0;1;0;0;0;0;0;0;0;0;0;1;0;0;0;0;0;0;0;0;0;0;0
4;"Szkoła Podstawowa w Strachocinie, Strachocin 26, 73-110 Strachocin";321410;"gm. Stargard";"stargardzki";"zachodniopomorskie";1;1;1;1;1;0;1;1;0;0;1;0;0;1;0;0;0;0;0;0;1;0;0;0;0;0;14;5;8;5;3;0;6;1;3;1;0;1;0;0;1;0;0;0;1;1;3;0;0;0;10;4;3;4;2;0;0;1;1;1;0;0;0;1;0;0;0;0;0;1;0;0;0;2;10;2;2;27;14;9;1;0;1;46;0;1;0;0;1;0;1;0;0;0;1;0;0;2;7;4;1;3;0;0;1;1;0;1;2;0;0;0;1;0;0;0;0;1;2;0;0;0;45;22;26;1;0;2;8;24;0;0;0;1;1;19;0;1;1;0;0;0;1;0;2;6;2;0;0;0;0;0;0;0;0;1;0;1;0;0;0;0;0;0;0;0;0;0;0;0
5;"Budynek Kurii w Witkowie Drugim, ul. Starowiejska 37, 73-102 Witkowo Drugie";321410;"gm. Stargard";"stargardzki";"zachodniopomorskie";1;1;6;1;1;1;1;1;2;1;0;0;0;0;0;0;0;0;0;0;0;0;0;0;0;2;21;8;12;13;3;0;7;1;1;1;1;0;3;0;0;2;2;0;3;1;2;0;1;1;17;5;1;1;3;2;0;0;3;1;2;0;0;3;0;0;1;0;1;1;4;0;0;2;16;8;3;42;28;12;14;2;0;10;2;2;1;0;0;0;1;0;1;1;0;0;0;0;8;3;7;1;2;0;1;2;1;3;1;0;0;0;0;0;0;1;0;0;2;0;2;1;103;32;24;1;0;3;6;18;1;3;0;0;0;3;0;0;0;1;1;4;0;0;1;7;5;0;0;0;1;0;0;0;0;0;0;0;2;0;0;0;0;0;0;0;0;0;0;0
6;"Budynek po byłej Szkole Podstawowej w Koszewie, Koszewo 2, 73-102 Koszewo";321410;"gm. Stargard";"stargardzki";"zachodniopomorskie";1;1;3;0;0;1;0;0;0;0;0;0;0;0;0;0;1;1;0;0;0;0;1;0;0;0;5;3;4;4;2;1;2;0;0;0;0;0;0;0;0;0;0;1;0;0;0;0;0;0;4;5;0;2;2;1;0;0;0;0;0;0;0;0;0;0;0;0;0;0;0;1;0;1;22;2;6;23;12;1;0;1;0;13;0;0;1;0;0;0;0;1;1;4;1;0;0;0;4;2;1;1;0;0;0;1;2;6;1;0;0;0;0;1;1;1;0;1;2;1;0;0;25;8;4;0;0;0;3;1;0;0;0;0;1;1;0;0;0;0;0;0;0;0;0;4;1;2;0;0;0;0;0;0;0;1;0;0;0;0;0;0;0;0;2;0;0;0;0;0
7;"Szkoła Podstawowa im. Jana Pawła II w Grzędzicach, ul. Gryfa 6, 73-110 Grzędzice";321410;"gm. Stargard";"stargardzki";"zachodniopomorskie";1;1;8;7;2;3;0;1;5;0;0;1;3;2;0;0;0;0;1;1;0;0;2;1;0;3;73;20;33;23;13;8;26;2;4;5;1;1;2;1;0;3;1;0;8;3;8;1;2;3;35;13;3;5;7;0;1;5;7;1;1;3;1;15;0;0;4;1;7;3;0;5;4;2;45;16;16;66;33;9;11;1;2;12;2;3;4;1;0;0;1;0;1;3;1;0;0;0;41;12;18;8;1;1;0;3;4;10;1;0;2;0;1;1;1;3;1;2;0;1;0;1;240;118;101;7;2;4;21;100;3;5;0;0;3;26;1;0;2;1;0;10;1;0;5;47;7;1;1;3;3;2;2;1;1;0;0;0;0;2;0;0;1;0;0;0;0;0;0;0
8;"Szkoła Podstawowa im. Janusza Korczaka w Małkocinie, Małkocin 54, 73-110 Małkocin";321410;"gm. Stargard";"stargardzki";"zachodniopomorskie";1;1;3;0;0;1;1;0;1;1;0;0;0;0;0;0;0;1;0;0;0;0;0;1;0;0;17;3;1;7;3;2;5;0;2;0;2;0;0;3;0;0;0;0;1;0;1;0;0;0;8;10;0;3;0;1;2;2;0;1;0;0;1;0;0;0;1;0;2;0;2;2;0;2;10;5;3;42;33;5;6;0;1;23;1;0;0;0;1;1;0;0;0;1;2;0;0;1;6;5;0;1;1;1;0;0;1;5;0;0;0;0;0;0;1;0;0;0;0;0;0;0;46;10;3;0;2;1;2;15;2;1;1;1;0;11;0;0;0;0;1;0;0;1;0;7;1;2;0;0;0;0;0;0;0;0;0;0;0;0;0;0;0;0;0;0;0;0;0;0
9;"Centrum Kultury i Sportu w Barzkowicach, Barzkowice 33/1, 73-134 Barzkowice";321410;"gm. Stargard";"stargardzki";"zachodniopomorskie";1;1;0;1;0;0;0;0;0;0;0;0;0;2;0;0;0;0;1;0;0;0;0;0;0;0;25;1;1;1;1;0;1;2;0;0;0;1;1;0;0;2;0;0;0;0;0;0;1;0;8;2;1;0;1;2;0;0;1;1;0;0;1;0;1;0;1;0;0;0;0;0;0;0;7;2;4;19;12;3;5;2;0;18;1;0;0;0;0;1;1;0;0;3;0;1;0;2;6;1;1;1;0;2;0;0;0;2;0;1;0;0;1;0;1;0;0;0;0;0;0;0;24;4;6;0;0;1;3;7;0;1;0;0;1;36;0;0;1;0;0;0;0;0;0;3;4;0;1;1;0;0;1;0;0;1;0;0;1;0;0;0;0;0;0;1;0;0;0;0
10;"Świetlica Wiejska w Żarowie, ul. Długa 47, 73-110 Żarowo";321410;"gm. Stargard";"stargardzki";"zachodniopomorskie";1;1;3;2;5;0;0;2;0;0;2;0;0;1;0;2;0;0;1;0;0;0;0;0;0;0;35;6;14;9;13;1;10;0;3;2;0;1;2;5;0;0;3;0;1;0;4;0;2;2;15;11;0;1;6;0;0;0;1;0;0;0;1;16;0;0;3;0;1;2;0;3;1;3;24;5;2;100;33;6;6;1;2;43;0;0;1;0;1;0;1;1;0;0;0;0;1;9;21;4;8;3;0;0;1;2;2;10;0;0;0;1;1;0;2;1;0;0;0;0;0;0;139;45;29;1;1;2;6;73;1;0;0;0;0;8;2;0;1;1;0;3;1;0;3;15;3;2;2;1;1;0;0;1;0;0;1;2;0;0;0;0;0;0;0;0;0;0;0;1
11;"Świetlica Wiejska w Trzebiatowie, Trzebiatów 12, 73-131 Trzebiatów";321410;"gm. Stargard";"stargardzki";"zachodniopomorskie";1;1;0;0;0;0;0;0;0;1;0;0;0;0;0;0;0;0;0;0;0;0;0;0;0;0;4;1;2;1;1;0;0;1;1;0;0;0;1;0;0;0;0;1;0;0;1;0;0;0;2;2;0;0;0;0;0;0;2;0;0;0;0;0;0;0;0;0;0;0;0;0;1;0;4;0;0;9;7;7;3;0;0;30;0;0;0;0;0;0;0;0;0;0;0;0;0;0;5;2;0;1;0;1;0;3;2;5;0;0;0;0;0;0;0;0;0;0;0;0;0;0;8;0;3;1;0;0;0;0;0;0;0;0;0;11;1;0;0;0;0;1;0;0;0;1;0;0;0;0;0;0;0;0;0;0;0;0;0;0;0;0;0;0;0;0;0;0;0;0
12;"Świetlica Wiejska w Ulikowie, Ulikowo 36, 73-131 Ulikowo";321410;"gm. Stargard";"stargardzki";"zachodniopomorskie";1;1;1;3;0;1;0;0;0;1;0;0;0;2;0;0;0;0;0;0;0;0;1;0;0;0;2;2;6;0;0;4;2;1;0;2;0;0;0;0;1;0;0;0;4;0;0;0;0;0;4;1;0;0;0;0;1;0;0;0;0;0;0;2;1;0;0;0;0;0;0;0;0;0;9;4;1;29;15;2;3;0;1;29;0;0;0;2;0;1;0;0;0;0;0;0;0;1;5;4;5;1;0;0;2;0;1;0;0;0;0;0;0;0;1;0;0;1;0;0;0;2;19;4;5;1;0;2;0;6;0;0;0;0;0;6;0;0;0;0;0;0;0;0;0;5;0;0;0;0;0;0;0;0;0;0;0;0;0;0;0;0;0;0;1;0;0;0;0;0
13;"Świetlica Wiejska w Tychowie, Tychowo 19A, 73-110 Tychowo";321410;"gm. Stargard";"stargardzki";"zachodniopomorskie";1;1;4;1;0;0;0;0;0;0;0;1;0;0;0;0;0;0;0;0;0;0;2;0;0;1;8;6;7;1;3;0;4;1;1;0;1;0;0;1;0;0;0;0;0;0;1;0;0;0;4;4;0;2;0;0;0;0;2;0;0;2;0;5;0;2;0;0;0;0;2;0;0;1;6;1;0;11;4;6;4;1;0;69;0;0;0;1;0;0;0;1;1;0;0;0;0;0;4;3;5;2;0;0;0;3;1;4;1;0;2;0;0;0;0;0;0;0;1;0;0;0;20;11;13;0;0;1;2;13;1;0;0;0;0;4;0;0;0;0;0;1;0;0;2;3;3;0;0;3;0;1;0;0;0;0;1;0;3;0;0;0;0;0;0;0;0;0;0;0
14;"Siedziba Spółdzielczej Agrofirmy Witkowo, ul. Papieża Jana Pawła II 4, 73-102 Witkowo Pierwsze";321410;"gm. Stargard";"stargardzki";"zachodniopomorskie";1;1;1;2;0;0;0;1;0;0;0;0;0;0;0;0;0;0;0;0;0;0;0;0;0;0;4;4;0;2;4;1;1;0;2;0;0;0;0;0;0;1;1;0;0;1;0;0;0;0;7;1;1;0;1;0;0;0;1;0;0;0;0;0;0;0;0;0;1;0;0;0;0;0;16;5;9;18;14;5;7;1;0;11;0;0;1;0;2;0;1;0;0;0;0;0;0;1;4;1;0;4;0;0;1;0;0;0;0;0;0;0;0;0;0;0;1;0;0;0;0;0;23;13;7;0;1;0;1;8;0;0;0;0;0;4;0;0;0;0;1;1;0;0;0;4;0;0;1;0;0;0;0;2;0;0;0;1;0;0;0;0;0;0;0;0;0;0;1;0
15;"Świetlica Wiejska w Strzyżnie, Strzyżno 7, 73-102 Strzyżno";321410;"gm. Stargard";"stargardzki";"zachodniopomorskie";1;1;0;0;0;0;0;0;0;0;0;0;0;0;0;0;0;0;0;0;0;0;0;0;0;0;8;3;3;1;1;0;4;0;1;1;1;0;0;0;1;1;0;1;0;1;0;0;0;0;7;3;0;0;0;0;0;0;2;0;0;0;0;1;1;0;3;0;1;0;0;0;0;0;17;4;0;19;15;5;0;2;1;14;0;0;0;0;0;0;2;1;0;2;0;0;1;2;3;0;2;0;1;0;1;1;1;2;0;0;0;0;0;0;0;0;2;1;0;0;1;2;17;4;6;0;1;0;1;1;0;0;0;0;0;3;0;0;0;0;0;0;0;0;1;2;1;0;0;0;0;0;0;0;0;1;1;0;0;0;0;0;0;0;0;0;0;0;0;0
16;"Filia Biblioteki Publicznej Gminy Stargard w Skalinie, Skalin 26, 73-102 Skalin";321410;"gm. Stargard";"stargardzki";"zachodniopomorskie";1;1;9;0;0;0;0;0;1;0;0;0;1;0;0;0;0;0;0;1;0;0;0;0;0;0;14;0;1;5;6;4;3;1;0;1;0;0;1;0;0;0;0;0;1;0;0;1;0;0;8;3;1;1;1;0;0;1;0;0;0;1;0;2;0;1;0;0;2;0;0;1;2;0;15;5;3;22;20;3;6;2;0;11;2;0;2;0;1;0;1;0;0;0;1;0;0;0;13;5;3;4;0;0;2;0;2;0;0;1;0;1;0;0;0;0;1;1;0;0;0;0;51;8;16;1;0;3;12;1;0;1;0;0;1;21;0;0;0;0;0;1;0;0;0;6;1;0;0;2;1;0;0;0;0;2;0;0;0;0;1;0;1;1;0;0;0;0;0;0
17;"Świetlica Wiejska w Lipniku, ul. Lipowa 12A, 73-110 Lipnik";321410;"gm. Stargard";"stargardzki";"zachodniopomorskie";1;1;2;0;1;0;0;0;1;0;0;0;0;0;0;0;0;0;0;0;0;1;0;0;2;0;13;5;5;4;0;0;4;0;1;2;1;0;1;3;0;0;0;0;2;0;1;0;0;1;7;7;1;1;1;3;0;0;2;0;0;2;1;2;2;0;0;1;0;0;0;0;0;0;7;3;0;31;14;6;5;3;2;2;1;2;0;1;0;0;0;0;0;0;0;0;0;3;11;1;2;0;0;0;0;1;1;6;0;0;1;0;0;0;0;1;0;0;0;0;0;0;58;8;11;2;1;2;3;22;0;0;0;0;0;12;0;0;0;1;0;1;0;2;2;8;0;0;0;0;0;0;0;0;0;0;0;0;0;0;0;0;0;0;0;0;0;0;0;0
18;"Świetlica Wiejska w Klępinie, Klępino 32a, 73-110 Klępino";321410;"gm. Stargard";"stargardzki";"zachodniopomorskie";1;1;2;0;0;0;0;0;2;0;0;0;0;1;0;0;1;1;0;0;0;0;0;0;0;0;9;2;4;11;0;3;6;0;1;0;1;1;0;0;0;0;1;0;0;1;0;0;0;0;12;6;0;2;3;1;0;0;2;1;0;0;0;6;0;1;1;0;1;0;2;0;1;0;12;3;2;48;11;2;6;1;0;18;0;0;0;0;0;2;0;0;0;4;2;0;0;0;13;2;5;0;1;0;1;1;2;0;0;0;2;0;0;1;1;0;1;0;0;1;0;1;32;9;13;2;0;1;1;19;0;0;0;0;0;10;0;0;0;0;0;0;0;2;0;7;1;0;0;0;0;2;0;0;0;0;0;0;0;0;0;0;0;0;0;2;0;0;0;0
19;"Świetlica Wiejska w Grabowie, Grabowo 43a, 73-110 Grabowo";321410;"gm. Stargard";"stargardzki";"zachodniopomorskie";1;1;1;0;0;0;0;0;1;0;0;0;1;0;0;0;0;0;0;0;0;0;0;0;0;0;10;2;3;4;2;0;4;0;0;1;0;0;2;0;1;1;0;0;0;0;0;0;0;1;7;2;1;0;1;0;0;0;3;0;0;2;1;5;0;0;0;0;0;0;1;0;0;1;16;3;1;37;21;1;4;0;1;19;2;0;0;0;0;0;0;1;1;0;1;0;1;0;14;7;1;0;0;0;1;0;1;5;0;0;1;0;0;0;0;0;1;0;0;0;0;0;47;12;7;1;2;4;2;6;0;0;0;0;0;10;0;2;0;0;0;0;0;0;0;9;1;1;0;0;0;1;1;0;0;0;1;0;0;0;0;0;0;0;0;0;0;0;0;0
20;"Świetlica Wiejska w Kiczarowie, Kiczarowo 18a, 73-110 Kiczarowo";321410;"gm. Stargard";"stargardzki";"zachodniopomorskie";1;1;0;3;0;0;0;0;0;0;0;0;0;0;0;0;1;0;0;0;0;0;1;0;0;1;6;2;7;4;0;1;5;0;2;0;0;0;0;0;0;0;1;0;0;0;0;0;0;0;3;3;1;0;0;0;0;0;0;0;0;1;0;2;0;0;0;0;0;0;0;1;0;0;4;1;3;9;9;2;2;0;0;28;0;1;0;0;0;0;0;0;0;0;1;0;0;1;2;1;1;1;1;0;2;0;0;2;0;0;0;1;0;1;0;0;0;0;0;0;0;0;19;9;4;0;0;0;0;4;0;0;0;0;0;6;0;0;0;0;0;0;0;0;0;1;2;0;0;0;0;1;0;0;0;0;0;0;0;0;0;0;0;0;0;0;0;0;0;0
1;"Gminny Dom Kultury, ul. Kardynała Augusta Hlonda 1, 73-132 Suchań";321411;"gm. Suchań";"stargardzki";"zachodniopomorskie";1;1;1;2;1;1;1;0;2;0;0;0;0;0;1;1;0;1;0;0;0;0;0;0;0;3;66;13;5;17;4;4;3;0;2;0;1;0;4;0;0;3;0;0;4;0;0;0;1;0;19;9;5;3;1;0;0;0;2;0;0;0;0;4;1;0;3;2;1;1;2;0;2;1;39;13;5;63;46;16;12;4;0;26;1;2;0;1;1;0;3;1;1;2;1;2;1;0;13;2;4;3;2;0;0;0;1;1;2;0;0;0;0;0;2;1;2;0;0;1;0;0;91;32;23;2;2;0;22;14;1;2;0;0;4;16;0;0;1;0;1;1;0;0;0;6;1;1;1;0;1;1;0;0;0;0;0;1;2;0;0;1;0;0;0;0;0;0;0;0
2;"Świetlica Wiejska, Wapnica 17A, 73-132 Suchań";321411;"gm. Suchań";"stargardzki";"zachodniopomorskie";1;1;3;2;1;0;0;0;1;1;0;0;0;0;0;0;1;1;0;0;0;0;0;0;1;0;18;4;4;2;2;5;3;3;1;1;1;1;0;1;0;0;0;1;1;0;0;0;1;0;16;2;2;0;6;0;2;0;3;1;1;1;0;1;0;0;0;0;1;1;0;1;0;0;35;9;9;30;53;7;3;3;2;21;1;0;0;1;0;0;2;0;0;1;0;0;1;2;12;3;2;1;1;0;1;0;0;4;0;0;1;0;0;0;0;0;0;0;0;0;0;0;49;15;6;2;1;0;0;4;0;0;0;0;2;3;0;0;0;0;0;0;1;0;1;3;2;1;0;0;1;1;0;0;0;0;0;1;1;0;0;0;0;0;1;0;0;0;0;0
3;"Świetlica Wiejska, Brudzewice 70B, 73-131 Pęzino";321411;"gm. Suchań";"stargardzki";"zachodniopomorskie";1;1;0;1;0;0;0;1;0;0;0;0;0;0;0;0;1;0;0;0;0;0;0;0;0;3;21;3;1;1;0;2;1;0;0;0;0;2;1;0;1;0;0;0;1;0;0;0;0;0;12;4;3;1;2;0;0;0;1;0;0;0;0;0;0;0;1;1;0;0;0;0;1;1;21;5;0;34;20;5;8;3;1;57;1;1;0;0;0;0;0;0;0;1;1;0;0;1;7;3;4;2;0;0;1;0;1;1;0;0;0;2;0;0;2;0;0;0;0;0;2;0;27;9;10;2;0;2;3;0;1;0;0;0;0;15;0;0;0;1;0;0;0;0;0;3;9;4;0;1;0;0;0;0;1;1;0;1;0;2;0;0;0;1;0;0;0;0;0;0
4;"Gminny Dom Kultury, ul. Kardynała Augusta Hlonda 1, 73-132 Suchań";321411;"gm. Suchań";"stargardzki";"zachodniopomorskie";1;1;0;0;1;0;0;0;0;0;1;0;0;0;0;0;0;0;0;0;0;0;1;0;0;0;46;2;3;2;2;5;1;0;0;2;0;0;2;1;0;0;0;0;1;1;4;1;1;0;3;1;0;1;0;1;0;0;3;0;2;0;0;0;0;0;1;0;0;0;0;0;2;1;32;17;2;36;40;10;14;2;0;42;1;0;0;0;0;0;1;1;1;1;1;1;2;2;11;3;0;1;0;2;2;1;1;1;0;0;0;1;1;1;3;0;1;0;0;0;0;1;29;13;8;1;2;1;3;7;0;1;0;0;0;6;0;0;0;0;0;1;0;0;0;2;3;0;0;1;1;0;0;1;3;1;0;1;5;1;0;0;0;0;1;0;0;0;0;0
1;"Szkoła Podstawowa, ul. Mieszczańska 2, 72-210 Dobra";321801;"gm. Dobra";"łobeski";"zachodniopomorskie";1;1;2;0;0;0;0;1;2;2;1;0;1;0;0;0;0;0;0;0;0;0;0;0;0;0;67;3;1;21;10;2;3;3;1;3;1;1;1;5;0;1;1;1;2;2;1;0;2;7;23;8;4;3;3;0;0;2;0;3;11;1;1;1;1;1;0;1;0;0;3;1;2;1;57;16;233;10;14;15;7;1;1;1;2;1;1;2;1;0;5;0;0;4;5;0;1;6;21;5;10;6;1;0;3;1;1;1;2;0;2;0;0;0;2;0;2;2;1;2;0;3;128;42;17;3;6;2;15;3;0;0;3;1;21;2;1;0;2;10;1;4;1;0;0;7;2;0;1;1;2;1;1;0;0;0;0;1;2;2;0;1;0;0;0;0;0;0;0;0
2;"Urząd Miejski, ul. Rynek 1, 72-210 Dobra";321801;"gm. Dobra";"łobeski";"zachodniopomorskie";1;1;2;0;1;0;0;0;0;1;0;0;0;1;0;0;0;0;0;0;0;0;1;0;0;0;22;7;0;8;4;1;2;1;0;0;0;0;0;2;1;0;1;0;0;0;0;1;0;1;7;5;2;2;1;0;0;0;4;0;6;0;1;0;0;1;1;0;0;0;0;1;1;0;29;12;111;3;9;13;4;1;0;2;1;1;1;1;0;0;0;2;0;1;2;2;3;4;7;1;2;3;2;0;1;1;1;1;0;0;0;0;0;1;1;0;0;0;0;0;0;0;21;6;7;1;0;1;3;0;0;1;1;1;4;0;0;0;0;0;2;0;0;0;0;2;1;0;0;0;0;0;0;0;0;1;0;0;0;0;0;0;0;0;0;0;0;0;0;0
3;"Szkoła Podstawowa, Wojtaszyce 39, 72-210 Dobra";321801;"gm. Dobra";"łobeski";"zachodniopomorskie";1;1;1;1;0;0;0;0;0;0;0;0;0;1;0;0;0;0;0;0;0;0;0;0;0;0;14;0;5;2;2;0;0;2;1;1;0;0;1;1;0;0;1;0;0;0;1;0;1;4;4;2;0;2;0;0;0;0;1;0;1;0;1;0;1;1;0;0;0;0;1;1;2;1;21;4;50;3;4;6;2;1;1;5;1;0;2;2;1;0;1;0;0;1;1;0;0;1;11;2;1;3;0;0;0;0;0;0;0;0;1;0;0;0;1;0;1;0;0;0;0;0;46;2;7;0;2;1;3;1;0;1;0;0;6;1;0;0;0;1;0;0;0;0;0;1;1;0;0;1;1;0;0;0;0;0;1;0;0;1;0;0;0;0;0;1;1;0;0;0
4;"Świetlica Wiejska w Tuczach, Tucze 53A, 72-210 Dobra";321801;"gm. Dobra";"łobeski";"zachodniopomorskie";1;1;0;0;0;0;0;0;2;0;1;0;0;0;0;0;0;0;0;0;0;0;0;0;0;0;9;0;0;0;0;1;0;0;1;0;0;0;0;1;0;0;0;0;0;0;0;0;0;5;2;2;0;0;0;0;0;0;0;0;0;0;0;0;0;0;0;0;0;0;0;0;2;0;11;4;28;1;2;2;1;0;0;4;1;0;2;1;1;0;0;0;0;0;0;0;0;1;9;1;0;1;1;0;0;0;1;0;0;0;0;0;1;0;0;0;0;0;0;1;0;0;6;1;1;0;0;0;0;0;0;1;0;0;0;0;0;0;0;0;0;0;0;0;0;0;0;0;0;0;0;0;0;0;0;0;0;0;0;0;0;1;0;0;0;0;0;0;0;0
1;"Przedszkole Miejskie Nr 1, ul. Mickiewicza 11, 73-150 Łobez";321802;"gm. Łobez";"łobeski";"zachodniopomorskie";1;1;1;5;2;2;0;1;0;0;0;1;0;0;0;0;0;0;0;0;0;0;1;2;1;0;31;11;6;28;1;2;2;2;1;1;0;0;0;102;0;0;1;1;0;1;1;0;1;2;28;13;3;5;7;2;2;1;2;1;1;3;0;2;0;0;2;3;0;0;1;2;3;2;58;14;64;10;49;8;3;3;0;2;0;1;3;0;0;32;1;0;2;0;4;1;0;4;21;2;4;3;0;0;3;2;0;0;0;1;0;0;0;0;1;1;0;2;0;0;1;0;248;43;18;1;4;7;11;7;9;2;0;2;2;3;1;0;2;7;1;0;0;0;1;2;4;0;2;0;0;0;0;0;1;0;1;0;3;10;0;0;0;0;2;3;0;0;0;0
2;"Szkoła Podstawowa Nr 1, ul. Bema 6, 73-150 Łobez";321802;"gm. Łobez";"łobeski";"zachodniopomorskie";1;1;2;2;1;0;0;0;0;0;0;0;1;2;0;0;1;0;0;0;0;0;1;0;1;0;30;8;5;25;3;2;2;2;7;5;2;1;1;95;0;0;2;0;1;1;0;0;3;2;21;7;1;4;5;2;4;4;5;5;0;1;2;3;0;0;0;0;0;0;1;1;5;2;42;15;105;9;27;16;8;1;0;8;1;3;2;0;0;12;2;2;5;4;11;1;0;2;19;9;1;1;0;0;2;2;1;3;1;0;0;0;0;0;0;0;0;0;0;0;0;1;171;37;17;3;9;3;10;5;5;2;2;0;1;1;1;0;0;5;2;0;0;0;0;2;5;2;1;0;0;0;0;1;1;0;0;0;0;4;0;0;0;0;1;0;0;0;0;0
3;"Szkoła Podstawowa Nr 3, ul. Kościuszki 17, 73-150 Łobez";321802;"gm. Łobez";"łobeski";"zachodniopomorskie";1;1;4;0;1;1;0;0;0;0;0;0;1;0;0;0;0;2;0;0;0;0;0;0;1;0;28;3;1;26;2;0;1;0;4;0;2;0;0;76;1;1;0;0;0;2;0;0;1;0;27;8;1;4;1;1;1;2;4;1;0;1;3;2;0;0;2;0;0;1;2;0;3;0;44;12;108;7;42;7;8;2;0;1;0;0;2;1;1;12;1;0;2;1;1;1;2;0;22;2;2;0;0;0;4;0;2;0;0;0;0;1;0;1;0;1;0;2;2;1;1;0;209;35;19;2;3;1;9;5;7;3;0;4;0;0;1;5;0;7;1;0;0;2;1;1;1;2;0;0;1;0;0;0;1;0;1;1;5;8;0;0;0;1;1;4;0;0;0;1
4;"Łobeski Dom Kultury, ul. Niepodległości 52, 73-150 Łobez";321802;"gm. Łobez";"łobeski";"zachodniopomorskie";1;1;0;0;0;0;0;0;1;0;0;0;0;0;0;0;0;0;0;0;0;0;0;0;0;1;14;2;4;7;0;0;2;0;1;1;0;0;0;24;0;0;1;0;0;0;0;0;0;0;11;6;0;0;0;0;0;1;0;0;0;1;1;1;0;2;0;0;0;0;1;4;1;1;17;5;43;2;20;1;3;1;0;0;0;1;0;0;0;7;0;0;1;2;5;1;1;2;7;0;1;1;1;0;1;1;1;1;0;0;0;0;0;1;0;1;0;2;0;0;0;1;88;14;11;0;6;2;3;4;1;0;0;0;4;0;2;2;1;3;0;0;0;0;1;1;1;0;0;0;0;0;0;0;0;0;0;0;1;5;0;0;0;0;0;3;0;0;0;0
5;"Hala Widowiskowo-Sportowa, ul. Orzeszkowej 7, 73-150 Łobez";321802;"gm. Łobez";"łobeski";"zachodniopomorskie";1;1;1;1;1;0;0;0;1;0;0;0;0;0;0;0;0;0;0;0;0;0;1;0;4;2;23;4;11;30;2;0;2;0;2;0;0;0;0;105;0;1;0;0;0;2;0;0;1;0;28;21;1;7;4;1;5;2;2;0;3;1;4;2;2;0;2;2;4;1;1;0;1;1;50;13;108;8;30;12;5;1;0;3;1;1;3;1;2;23;2;2;1;2;2;0;1;5;25;4;8;1;1;0;0;2;1;0;0;0;2;0;0;0;1;0;1;1;0;1;0;1;242;38;21;3;7;5;12;2;7;2;0;5;0;2;3;0;1;12;3;0;0;0;1;2;0;1;0;0;0;0;0;0;0;0;0;1;3;43;0;0;0;0;0;2;0;0;0;0
6;"Centrum Usług Społecznych w Łobzie, pl. Spółdzielców 2, 73-150 Łobez";321802;"gm. Łobez";"łobeski";"zachodniopomorskie";1;1;2;3;0;0;0;3;0;0;0;0;0;1;0;0;0;0;0;1;0;0;0;1;0;0;11;5;2;4;1;0;0;0;1;1;0;0;0;24;0;0;1;0;0;0;0;0;0;0;11;3;2;0;0;0;0;1;1;2;0;0;5;1;0;0;0;0;0;2;1;0;2;0;35;9;41;7;21;0;6;0;0;2;2;0;0;1;1;7;0;0;0;2;1;1;0;3;10;3;2;1;0;0;1;0;1;1;0;0;1;0;0;0;0;0;0;2;0;0;0;0;111;11;4;4;3;2;3;4;6;2;0;1;1;1;0;0;1;6;1;0;0;0;0;1;2;0;0;0;0;0;1;0;0;0;0;1;5;3;1;0;0;1;1;0;0;0;0;0
7;"Środowiskowy Dom Samopomocy, ul. Łoźnicka 31, 73-150 Łobez";321802;"gm. Łobez";"łobeski";"zachodniopomorskie";1;1;0;3;1;1;0;0;0;0;0;1;0;0;1;0;0;0;0;0;0;0;0;0;0;1;7;2;1;4;4;4;0;0;1;0;0;0;1;45;1;0;1;0;0;0;0;0;1;0;25;3;2;2;4;0;0;1;0;0;0;0;1;0;0;0;0;0;0;1;0;0;5;1;34;4;49;7;22;16;6;1;0;2;1;1;0;0;0;2;0;2;2;6;2;1;0;3;7;3;0;1;0;0;2;3;3;1;0;0;1;1;0;0;0;3;0;0;0;0;1;0;83;8;4;1;0;2;1;3;5;1;1;0;1;1;0;1;0;4;1;2;0;1;0;2;0;0;0;0;0;0;0;1;0;0;0;0;0;5;0;0;0;0;0;0;0;0;0;0
8;"Świetlica Wiejska w Dalnie, Dalno 18A, 73-150 Łobez";321802;"gm. Łobez";"łobeski";"zachodniopomorskie";1;1;0;0;0;3;1;0;0;0;0;0;0;0;1;0;0;1;0;0;0;0;1;0;1;1;14;3;2;14;0;1;0;2;2;0;1;0;0;51;0;0;1;1;0;0;0;0;1;0;10;7;1;1;2;2;1;0;1;0;2;1;0;0;0;0;0;0;0;0;0;0;0;1;40;12;33;8;22;7;5;1;1;7;3;2;1;2;0;4;0;3;0;1;1;0;0;3;5;3;1;0;0;0;1;0;0;0;0;0;0;0;0;1;0;0;0;3;1;0;2;0;68;7;5;3;1;3;2;2;0;2;0;1;0;2;0;1;0;2;0;1;0;0;0;0;1;1;0;0;1;0;0;1;0;0;0;1;1;1;0;0;0;1;0;0;0;0;0;0
9;"Publiczna Szkoła Podstawowa w Bełcznie, Bełczna 28A, 73-150 Łobez";321802;"gm. Łobez";"łobeski";"zachodniopomorskie";1;1;0;1;0;1;1;0;0;0;0;0;0;1;1;0;0;0;0;0;0;0;0;0;0;0;8;1;0;6;0;0;0;1;1;2;0;0;0;61;0;0;0;0;2;1;0;0;1;0;7;1;0;0;1;0;0;0;1;1;0;1;2;0;0;0;0;0;2;1;0;1;1;0;24;11;28;2;24;3;3;2;1;2;1;1;2;2;0;1;0;0;0;0;1;0;0;0;9;4;3;2;2;0;2;3;0;1;1;0;0;0;1;1;0;1;0;1;0;0;0;0;53;8;7;0;0;1;1;2;1;2;0;1;0;1;0;0;0;1;0;0;0;0;0;0;2;0;0;0;0;0;0;0;1;0;1;0;0;1;0;0;0;0;0;0;0;0;0;0
10;"Świetlica Wiejska w Zajezierzu, Zajezierze 34, 73-150 Łobez";321802;"gm. Łobez";"łobeski";"zachodniopomorskie";1;1;1;0;0;0;0;0;2;0;0;0;0;0;0;0;0;0;0;0;0;0;0;0;0;0;8;3;0;5;0;0;1;1;0;1;0;0;0;29;1;0;0;0;1;2;2;0;0;0;6;3;2;3;2;0;0;0;0;4;0;0;0;1;0;0;2;0;1;0;0;2;1;0;16;4;40;0;13;5;2;1;1;5;1;0;1;1;0;3;1;1;1;0;1;0;0;4;7;2;3;0;0;0;0;0;0;0;0;0;0;1;0;0;0;0;0;0;0;1;0;0;46;6;2;4;4;4;1;0;0;0;0;0;0;0;0;0;0;1;3;0;0;0;0;0;2;0;0;1;0;0;0;1;2;0;0;0;0;0;0;0;0;0;0;19;0;0;0;0
11;"Świetlica wiejska w Suliszewicach, Suliszewice 21A, 73-150 Łobez";321802;"gm. Łobez";"łobeski";"zachodniopomorskie";1;1;3;2;1;0;0;0;2;0;0;0;0;1;0;0;0;1;0;0;0;0;0;0;1;1;24;3;0;5;0;1;3;1;0;2;1;0;1;24;0;0;1;0;0;0;1;0;0;1;14;4;1;1;5;1;0;1;2;0;2;0;2;0;0;0;0;0;0;0;0;2;3;0;31;2;23;2;20;4;9;2;1;2;2;0;1;1;1;4;0;2;1;2;0;1;0;1;11;1;1;1;1;1;0;0;2;1;1;0;0;0;0;0;1;2;0;0;0;0;1;0;51;4;2;0;4;2;3;2;8;2;0;3;0;0;1;0;2;1;0;0;0;0;1;2;1;1;0;1;0;0;0;0;0;0;0;0;0;1;0;0;0;0;0;1;0;0;0;0
1;"Gminne Centrum Kultury i Biblioteka Publiczna, Radowo Małe 5, 72-314 Radowo Małe";321803;"gm. Radowo Małe";"łobeski";"zachodniopomorskie";1;1;0;1;0;0;0;0;0;1;0;0;0;0;0;1;1;0;0;0;0;0;0;0;0;0;21;2;1;105;1;0;1;0;1;0;0;0;0;13;0;0;0;0;0;0;0;0;0;0;16;12;1;1;4;0;2;0;1;2;3;3;0;0;0;0;0;0;1;0;0;0;1;2;20;10;82;2;9;3;4;0;1;16;1;1;3;0;1;2;1;1;1;3;1;0;0;1;12;0;2;2;1;0;2;1;3;1;0;0;0;1;0;0;0;0;0;2;0;3;2;5;111;6;9;1;4;3;10;2;0;2;4;1;6;0;0;0;3;9;0;0;0;0;3;4;3;1;0;0;0;0;0;0;0;0;0;0;0;3;0;0;0;0;0;1;0;0;0;0
2;"Świetlica Wiejska, Rogowo 22, 72-314 Radowo Małe";321803;"gm. Radowo Małe";"łobeski";"zachodniopomorskie";1;1;1;1;0;0;0;1;0;0;2;0;0;0;0;0;0;0;0;0;0;0;0;0;0;0;12;1;1;55;0;0;0;0;0;1;0;0;0;0;0;0;0;0;0;0;0;0;0;2;4;1;0;1;1;1;1;0;1;0;1;0;0;1;0;0;0;0;0;0;0;0;0;0;16;9;36;1;3;5;2;0;1;16;1;0;0;0;1;0;0;1;0;0;0;0;0;2;2;0;2;1;0;0;0;1;1;1;0;0;0;0;0;0;0;0;0;0;0;2;0;1;31;3;5;1;0;1;2;1;0;0;0;0;7;0;0;0;0;0;0;0;0;0;0;1;0;0;0;0;0;0;0;0;0;0;0;0;0;0;0;0;0;0;0;0;0;0;0;0
3;"Świetlica Wiejska, Gostomin 8, 72-314 Radowo Małe";321803;"gm. Radowo Małe";"łobeski";"zachodniopomorskie";1;1;1;0;1;0;0;0;0;0;1;0;0;0;0;0;0;0;0;0;0;0;0;0;1;1;12;0;0;70;0;0;0;0;0;0;0;0;0;0;0;1;0;0;0;0;0;0;0;1;4;0;1;3;4;0;1;0;0;0;2;1;1;0;1;1;1;0;0;0;0;0;0;0;12;1;31;2;5;6;0;2;0;10;1;1;0;2;0;0;0;0;0;1;1;0;0;1;8;4;1;1;0;0;0;0;1;0;0;0;0;2;1;0;0;0;0;0;0;1;0;0;47;3;10;0;1;0;3;1;0;0;0;0;7;0;0;0;0;1;0;0;0;0;0;0;1;0;0;0;0;0;0;0;0;0;0;0;0;3;0;0;0;0;0;0;0;0;0;0
4;"Niepubliczna Szkoła Przysposabiająca do Pracy w Siedlicach, Siedlice 16A, 73-155 Węgorzyno";321803;"gm. Radowo Małe";"łobeski";"zachodniopomorskie";1;1;0;0;0;1;0;0;1;0;0;0;0;0;1;0;0;0;0;0;0;0;0;0;0;0;15;0;1;48;0;0;0;1;2;0;0;0;0;6;0;0;1;0;0;0;1;0;0;0;5;3;2;0;2;2;0;0;0;0;2;0;0;0;0;0;0;0;0;0;0;0;0;0;31;8;93;10;17;3;6;5;0;11;1;0;2;2;0;5;3;0;1;0;3;1;1;1;4;4;3;10;0;0;0;0;1;2;0;0;0;0;0;0;1;2;1;0;1;0;0;3;33;5;7;0;2;1;3;0;1;1;0;0;2;0;0;0;0;1;0;1;0;0;0;0;2;0;0;1;1;0;1;0;0;0;1;0;1;4;0;0;0;0;0;0;0;0;1;0
1;"Zespół Szkół, ul. Bolesława Prusa 2, 72-315 Resko";321804;"gm. Resko";"łobeski";"zachodniopomorskie";1;1;5;2;1;0;1;0;0;1;6;0;1;0;0;0;0;0;0;0;0;1;0;0;0;1;43;7;4;25;3;0;1;1;6;1;2;3;0;8;0;0;1;0;0;3;1;0;0;0;23;7;6;3;1;2;1;1;0;0;3;0;1;0;1;0;2;3;1;0;0;0;1;0;75;19;62;9;42;17;35;9;1;5;1;6;2;5;3;0;1;1;1;1;9;1;3;6;12;6;1;1;2;0;2;2;2;1;1;0;0;0;3;0;0;0;0;1;3;2;1;0;152;41;18;5;36;4;13;4;6;4;0;2;12;0;1;0;0;1;2;2;1;0;0;1;3;2;2;1;1;0;0;0;0;0;1;0;1;0;0;0;0;0;0;0;0;0;0;0
2;"Centrum Kultury, ul. Wojska Polskiego 16, 72-315 Resko";321804;"gm. Resko";"łobeski";"zachodniopomorskie";1;1;3;1;1;2;1;2;0;1;1;1;0;2;2;1;0;0;0;0;0;0;0;0;2;3;51;5;7;24;8;2;0;3;5;3;2;0;1;22;0;2;0;0;2;2;3;0;1;1;33;22;1;5;2;1;2;0;3;0;5;1;1;3;0;0;1;5;1;0;2;1;3;1;68;39;66;17;65;39;23;6;2;5;2;9;6;4;2;2;1;0;6;0;2;3;0;1;14;1;3;2;2;0;2;2;1;0;0;1;1;1;3;1;1;0;2;0;2;0;0;0;309;41;22;10;51;4;17;7;2;1;1;0;12;1;0;0;1;4;0;3;1;0;0;1;5;0;0;2;1;0;0;0;0;0;0;3;3;2;0;1;0;0;0;1;0;0;0;1
3;"Zespół Szkół Szkoła Podstawowa Resko, Filia, Łosośnica 23, 72-315 Resko";321804;"gm. Resko";"łobeski";"zachodniopomorskie";1;1;0;1;1;0;1;0;0;0;0;0;0;0;0;0;0;0;0;0;0;0;0;0;0;0;10;4;0;9;0;0;0;1;1;0;0;0;0;1;0;0;0;0;0;0;0;1;1;8;8;0;0;0;0;0;0;1;1;0;3;0;0;0;0;0;0;0;0;0;1;0;1;0;25;11;11;0;11;2;6;0;1;7;0;0;3;1;0;0;0;1;0;0;4;0;1;3;9;1;1;2;0;0;0;1;2;0;1;0;0;0;1;0;1;0;0;0;0;0;0;0;30;5;1;3;3;0;3;0;1;0;1;0;5;1;0;0;0;0;0;0;0;0;0;0;0;0;0;0;0;0;0;0;0;0;0;0;0;0;0;0;0;0;0;0;0;0;0;0
4;"Budynek nr 32 (po byłej szkole podstawowej), Łabuń Wielki 32, 72-315 Resko";321804;"gm. Resko";"łobeski";"zachodniopomorskie";1;1;0;0;0;1;0;1;0;0;0;0;0;0;0;0;0;0;0;0;0;0;0;0;1;0;11;2;3;3;0;1;1;0;0;0;1;1;0;8;1;0;1;0;0;0;1;1;1;1;8;2;2;1;2;0;0;0;0;0;0;1;0;0;0;0;1;4;0;1;0;0;0;0;22;4;7;2;27;6;3;2;1;5;2;0;1;6;0;1;0;0;0;0;4;2;1;1;3;3;0;3;2;1;0;1;0;0;0;0;0;0;1;1;0;0;0;0;2;0;0;0;46;6;1;0;3;2;2;2;1;1;0;0;2;0;0;1;0;0;1;0;0;0;0;1;1;1;1;0;0;0;1;0;0;0;0;0;0;0;0;0;0;0;0;0;0;0;0;0
5;"Szkoła Podstawowa, Starogard 12, 72-315 Resko";321804;"gm. Resko";"łobeski";"zachodniopomorskie";1;1;3;1;0;0;0;0;1;0;0;0;0;0;0;0;1;0;0;0;0;0;0;0;0;0;22;1;2;6;2;0;0;3;1;1;0;0;0;27;0;1;1;0;1;1;1;0;1;1;10;6;1;1;3;0;0;0;2;0;2;0;4;1;0;0;1;5;0;0;0;1;3;0;43;35;28;8;24;13;9;6;6;8;4;2;3;1;0;0;1;1;1;1;8;3;2;4;6;6;3;2;2;0;1;2;2;1;0;0;0;0;0;0;1;0;0;0;0;1;1;0;79;12;5;1;8;4;3;4;0;2;2;0;4;4;0;0;0;0;0;0;0;1;0;1;1;0;0;0;1;0;0;0;0;0;1;0;3;5;0;0;0;0;2;0;0;0;0;0
6;"Świetlica Wiejska w Ługowinie, Ługowina 13a, 72-315 Resko";321804;"gm. Resko";"łobeski";"zachodniopomorskie";1;1;0;1;0;1;0;0;1;0;0;0;0;0;0;0;0;1;0;0;0;0;0;0;0;1;13;3;0;13;2;1;1;0;1;1;0;2;0;4;0;0;0;1;0;3;3;0;0;0;2;2;1;1;1;1;1;0;0;0;1;0;2;0;1;0;0;0;1;0;0;1;1;0;14;5;16;7;13;4;7;1;0;2;1;1;1;0;1;0;2;0;1;1;7;0;0;2;6;1;0;1;1;0;1;0;1;1;0;1;0;0;1;0;0;0;0;0;1;0;0;0;37;8;1;2;6;1;1;1;1;0;0;0;4;0;0;0;0;1;1;0;2;0;0;1;1;0;0;0;0;0;0;0;0;0;0;0;0;1;0;0;0;0;0;1;0;0;0;0
7;"Dom Pomocy Społecznej w Resku, ul. Wojska Polskiego 40, 72-315 Resko";321804;"gm. Resko";"łobeski";"zachodniopomorskie";1;1;2;0;0;0;0;0;0;0;0;0;0;1;0;0;0;0;0;0;0;0;0;0;0;0;0;1;0;0;0;0;0;0;0;0;0;0;0;1;0;0;0;0;0;0;0;0;0;0;1;0;0;0;0;0;0;0;0;0;1;0;0;0;0;0;0;0;0;0;0;0;0;0;2;1;0;0;1;1;0;0;0;0;0;0;1;0;1;0;0;0;0;0;0;0;0;0;1;0;0;0;0;0;0;0;0;1;0;0;1;0;0;0;0;0;0;0;0;0;0;0;1;0;0;0;0;0;0;0;0;0;0;0;0;0;0;0;0;0;0;0;0;0;0;0;0;0;0;0;0;0;0;0;0;0;0;0;0;0;0;0;1;0;0;0;0;0;0;0
8;"Zakład Opiekuńczo-Leczniczy w Resku, ul. Szpitalna 8, 72-315 Resko";321804;"gm. Resko";"łobeski";"zachodniopomorskie";1;1;0;0;0;0;0;0;0;0;0;0;0;0;0;0;0;0;0;0;0;0;0;0;0;0;0;0;0;0;0;0;0;0;0;0;0;0;0;0;0;0;0;0;0;0;0;0;0;0;0;0;0;0;0;0;0;0;0;0;0;0;0;0;0;0;0;0;0;0;0;0;0;0;1;0;2;0;1;0;0;0;0;0;0;0;1;0;0;0;0;0;0;0;0;0;0;0;0;0;0;0;0;0;0;0;0;0;0;0;0;0;0;0;0;0;0;0;0;0;0;0;0;0;0;0;0;0;0;0;0;0;0;0;0;0;0;0;0;0;0;0;0;0;0;0;0;0;0;0;0;0;0;0;0;0;0;0;0;0;0;0;0;0;0;0;0;0;0;0
1;"Budynek po Gimnazjum, ul. Tadeusza Kościuszki 29, 73-155 Węgorzyno";321805;"gm. Węgorzyno";"łobeski";"zachodniopomorskie";1;1;6;2;1;1;1;2;0;0;0;0;0;0;4;0;1;1;0;0;1;0;0;0;1;1;76;15;3;34;7;7;2;4;5;0;0;1;3;28;0;1;1;0;1;2;0;0;0;0;35;25;5;6;6;1;0;1;2;3;3;1;2;6;0;1;0;0;1;1;1;2;4;1;73;27;229;9;33;11;14;0;3;6;0;1;0;1;0;0;1;0;0;6;12;0;0;4;27;2;3;5;1;1;2;2;3;2;0;0;0;1;0;0;1;6;1;3;0;3;0;2;250;34;10;7;10;1;13;9;3;3;0;0;0;3;3;0;0;93;1;2;0;0;4;3;1;0;0;1;1;0;0;1;0;0;0;1;0;5;0;0;0;0;0;1;0;0;0;0
2;"Szkoła Podstawowa, ul. Grunwaldzka 2, 73-155 Węgorzyno";321805;"gm. Węgorzyno";"łobeski";"zachodniopomorskie";1;1;3;0;0;0;0;0;1;0;0;0;0;0;2;0;0;0;0;0;0;0;0;0;1;0;23;2;0;5;0;0;0;0;0;0;0;0;0;9;0;0;1;0;1;0;0;0;0;0;7;2;1;1;0;0;0;0;0;0;0;0;0;0;1;0;0;0;0;1;1;2;3;0;15;6;121;5;6;4;4;1;1;5;1;1;2;0;0;0;0;0;0;0;0;0;0;2;9;1;1;0;0;0;0;0;0;2;0;0;0;0;0;0;1;0;0;1;0;0;0;0;32;9;2;1;0;1;2;0;0;1;0;0;0;0;1;0;0;9;0;1;0;0;0;1;1;0;0;0;0;0;0;0;1;0;0;0;2;0;1;0;0;0;0;0;0;0;0;0
3;"Przedszkole, Sielsko 20, 73-155 Węgorzyno";321805;"gm. Węgorzyno";"łobeski";"zachodniopomorskie";1;1;0;2;0;0;0;0;0;0;0;1;0;1;0;0;0;0;0;0;0;0;0;0;0;1;7;1;3;15;0;0;0;0;0;0;0;0;0;1;0;0;0;0;0;1;0;0;0;0;5;2;0;1;1;0;0;0;0;0;2;0;0;0;0;0;0;0;0;0;0;0;0;0;12;3;44;2;4;1;5;0;0;10;1;0;0;0;0;1;0;1;2;0;2;0;0;0;9;0;1;1;0;0;0;0;0;1;0;1;0;1;0;0;1;0;0;0;0;0;0;0;12;1;1;0;0;0;0;0;0;0;0;0;1;0;0;0;0;14;0;0;0;0;0;0;1;0;0;0;0;0;0;0;0;0;0;0;0;2;0;1;0;0;0;0;0;0;0;0
4;"Szkoła Podstawowa, Runowo Pomorskie ul. Węgorzyńska 29, 73-155 Węgorzyno";321805;"gm. Węgorzyno";"łobeski";"zachodniopomorskie";1;1;4;0;0;0;0;0;1;0;0;0;0;1;2;0;0;1;1;0;0;0;0;1;0;0;35;2;2;9;2;0;3;0;2;0;1;1;1;9;1;0;1;0;2;0;0;0;1;0;12;3;2;1;3;1;1;0;2;0;0;0;2;2;0;0;0;0;0;2;1;0;3;0;35;14;79;7;8;7;7;1;2;5;1;1;0;0;0;0;1;1;0;1;2;0;1;2;8;2;9;1;0;0;4;3;2;0;0;0;0;0;0;0;1;1;0;1;0;0;0;0;65;8;2;1;1;0;2;2;0;0;1;0;0;2;1;0;0;17;0;0;0;0;0;1;0;1;1;0;0;1;0;0;0;0;0;0;1;1;0;0;0;0;0;1;1;0;0;0
5;"Sala Wiejska, Mieszewo 27, 73-155 Węgorzyno";321805;"gm. Węgorzyno";"łobeski";"zachodniopomorskie";1;1;0;1;0;0;1;0;0;0;0;0;0;0;2;0;0;0;1;0;0;0;0;0;0;1;9;3;1;15;1;0;2;0;0;0;0;0;1;5;0;0;1;0;0;1;1;0;0;1;4;0;1;1;0;0;0;0;1;0;0;1;0;0;0;0;0;0;0;1;0;0;0;0;14;8;46;5;5;7;7;1;0;6;2;0;1;2;0;2;0;1;0;1;2;0;1;0;3;1;1;1;0;0;2;0;0;1;0;0;0;0;0;0;0;0;0;0;0;0;0;1;18;2;5;0;0;1;1;1;0;0;0;0;1;0;0;0;0;24;0;0;0;0;0;0;1;0;0;0;0;0;0;0;0;0;0;0;0;1;0;0;0;0;0;1;0;0;0;1
6;"Świetlica Runowo, Runowo 34, 73-155 Węgorzyno";321805;"gm. Węgorzyno";"łobeski";"zachodniopomorskie";1;1;0;2;0;0;0;0;0;0;1;0;0;1;3;0;0;0;0;0;0;0;1;0;0;0;33;5;5;5;1;1;1;3;2;1;1;0;1;15;0;0;1;0;0;0;1;0;0;0;14;0;3;2;1;1;2;0;0;2;4;0;1;4;0;0;0;0;0;2;0;1;1;0;33;17;96;7;18;5;7;2;0;7;3;1;1;0;0;4;0;0;0;2;3;1;1;1;15;3;8;5;1;1;1;0;4;1;2;0;0;0;0;1;0;9;0;0;0;1;0;0;49;13;4;1;2;3;3;5;1;1;0;2;0;1;0;0;0;37;1;0;0;0;0;1;2;0;0;0;0;0;0;0;0;1;0;0;0;1;0;1;0;0;0;3;0;0;0;1
1;"Rada Osiedla Płonia, Śmierdnica, Jezierzyce, ul. Pyrzycka 28, 70-892 Szczecin";326201;"m. Szczecin";"Szczecin";"zachodniopomorskie";1;1;8;2;0;0;0;0;1;0;2;1;0;0;0;0;0;0;1;0;0;0;0;1;1;1;31;16;16;12;11;2;1;0;3;2;0;1;5;1;2;5;0;0;4;3;0;0;0;0;39;17;2;7;4;1;0;4;1;0;0;1;0;0;0;1;0;0;0;0;0;0;1;0;65;34;34;6;47;24;10;0;1;3;0;7;3;1;0;1;0;0;1;6;1;2;0;9;16;5;7;1;0;0;0;2;2;3;0;1;0;0;0;0;0;0;0;1;0;0;8;1;140;78;88;9;3;2;8;2;3;2;0;0;2;0;0;0;0;0;1;8;0;0;10;2;5;1;2;3;1;0;1;0;1;2;0;2;1;0;0;0;0;0;0;0;0;0;0;0
2;"Warsztaty Terapii Zajęciowej, ul. Przyszłości 21, 70-893 Szczecin";326201;"m. Szczecin";"Szczecin";"zachodniopomorskie";1;1;5;4;1;1;1;1;0;1;0;0;0;0;1;0;0;0;1;0;0;0;0;0;3;2;78;35;22;15;16;2;3;4;14;1;1;0;1;4;0;3;2;0;2;0;2;0;1;0;63;34;7;15;7;0;1;2;5;0;0;1;2;2;1;1;3;0;3;5;2;3;0;5;169;88;56;11;136;43;11;7;3;2;0;2;6;4;0;0;0;2;1;1;1;2;1;13;44;10;10;8;1;0;1;0;2;0;0;1;0;0;1;0;1;0;0;1;1;0;21;0;278;111;143;10;6;4;24;6;7;4;1;0;0;2;1;2;2;1;2;24;0;0;5;11;6;8;1;3;1;0;0;0;1;1;1;1;0;0;0;0;0;0;0;1;0;2;0;0
3;"Szkoła Podstawowa Nr 13, ul. Bałtycka 1a, 70-880 Szczecin";326201;"m. Szczecin";"Szczecin";"zachodniopomorskie";1;1;3;0;0;0;0;0;3;2;0;1;1;2;1;1;0;0;0;0;0;0;0;0;1;1;43;39;15;4;14;1;0;2;6;4;1;1;0;1;0;2;2;0;2;2;2;2;1;0;27;11;7;1;2;1;0;11;1;0;0;0;2;0;0;0;1;0;2;2;1;3;1;6;99;31;33;7;52;21;8;2;0;0;0;1;1;4;1;1;1;0;0;5;3;0;1;11;34;7;6;7;1;0;1;1;1;1;1;0;0;3;0;0;0;0;2;0;2;2;1;3;166;63;48;13;2;4;17;2;10;5;0;0;2;0;3;1;1;1;0;13;2;1;5;3;2;2;1;4;1;0;0;0;0;0;0;0;0;0;0;0;0;0;0;0;1;0;0;0
4;"Szkoła Podstawowa Nr 13, ul. Bałtycka 1a, 70-880 Szczecin";326201;"m. Szczecin";"Szczecin";"zachodniopomorskie";1;1;7;3;2;1;0;2;4;0;0;2;0;1;1;2;0;1;0;0;1;0;1;1;0;3;44;29;44;12;30;7;1;6;3;1;1;3;2;3;0;3;3;0;4;0;2;0;4;2;53;12;10;4;6;0;1;4;1;1;0;2;2;0;0;0;0;2;2;1;1;0;0;4;137;27;43;4;73;51;8;7;4;2;2;4;1;4;1;1;1;0;1;8;1;0;2;12;40;9;11;4;4;1;3;1;1;0;0;0;0;0;1;0;0;2;0;0;0;1;0;3;255;116;87;20;4;3;20;3;8;1;1;1;1;2;0;0;0;0;1;22;0;0;8;0;19;3;1;3;0;0;0;0;1;0;0;0;3;0;0;0;0;1;1;0;0;0;0;0
5;"Obiekt Sportowy ""Orla"", ul. Pawia 1, 70-792 Szczecin";326201;"m. Szczecin";"Szczecin";"zachodniopomorskie";1;1;2;1;0;0;0;0;2;1;2;0;0;2;0;0;0;0;0;0;0;0;0;0;0;0;19;38;20;11;13;0;0;2;1;2;1;0;1;0;0;0;2;0;1;0;0;0;2;1;19;18;3;7;4;0;1;2;1;0;1;0;2;0;0;0;1;0;2;1;0;1;0;2;84;22;44;5;74;22;5;0;2;0;1;2;4;1;2;0;1;0;2;2;2;0;0;4;21;7;12;4;1;1;1;0;0;1;1;0;0;0;0;0;1;0;0;0;1;1;3;3;161;81;68;30;4;1;10;4;4;1;0;1;0;1;3;0;1;0;0;10;1;0;1;3;5;6;0;0;0;0;0;2;0;0;0;0;2;0;0;0;0;0;0;0;0;0;0;0
6;"Obiekt Sportowy ""Orla"", ul. Pawia 1, 70-792 Szczecin";326201;"m. Szczecin";"Szczecin";"zachodniopomorskie";1;1;9;1;0;0;0;2;1;1;0;2;1;0;0;0;0;1;0;1;0;0;0;0;0;1;33;39;12;13;10;1;3;1;2;0;0;0;2;1;0;0;3;0;2;4;1;0;0;1;29;31;5;9;7;0;5;0;2;1;0;1;0;0;0;0;1;0;2;1;0;4;0;3;73;17;43;5;49;35;11;8;0;0;1;2;2;3;4;1;0;0;0;2;3;0;2;4;27;12;11;13;2;0;0;1;1;0;2;0;0;0;0;0;2;0;1;1;0;0;0;1;210;115;122;43;7;2;18;5;3;0;0;0;0;2;5;0;1;0;4;23;1;0;1;9;12;2;0;0;0;0;0;0;0;0;0;0;3;0;1;1;0;0;0;0;0;0;0;0
7;"Przedszkole Publiczne Nr 11, ul. Osiedle Kasztanowe 54, 70-895 Szczecin";326201;"m. Szczecin";"Szczecin";"zachodniopomorskie";1;1;3;2;1;0;0;2;0;0;0;1;0;1;0;2;0;0;0;0;0;0;0;0;0;2;23;4;5;12;5;1;0;1;5;3;2;0;1;0;1;1;1;1;4;0;2;0;0;1;29;13;3;6;2;0;0;0;0;0;0;0;3;1;0;0;1;0;3;1;1;3;1;0;72;20;20;3;49;37;11;0;1;0;0;17;2;2;1;0;1;2;0;1;1;0;3;8;20;7;11;8;3;2;0;0;1;0;1;0;0;0;0;0;1;0;0;0;1;0;0;0;125;48;63;7;5;3;4;4;1;2;1;0;0;0;0;0;1;0;0;17;1;0;1;2;5;0;2;1;0;0;0;1;0;1;1;0;0;0;0;0;1;0;0;0;1;0;0;0
8;"Przedszkole Publiczne Nr 11, ul. Osiedle Kasztanowe 54, 70-895 Szczecin";326201;"m. Szczecin";"Szczecin";"zachodniopomorskie";1;1;5;2;0;0;0;0;1;1;0;1;0;0;0;0;1;1;0;0;1;0;0;0;0;4;31;14;12;19;5;0;3;2;3;2;0;1;3;1;0;0;1;0;3;1;1;0;1;3;31;16;4;3;6;3;1;2;4;2;1;0;2;2;4;1;6;2;4;0;2;0;3;7;78;32;16;9;42;32;7;2;5;1;4;20;1;3;0;0;2;0;1;5;3;1;1;2;41;7;12;16;1;2;2;1;2;0;0;1;2;0;0;0;1;1;0;1;0;1;1;2;134;52;71;4;5;2;11;3;2;1;1;0;4;1;3;0;0;0;0;13;0;0;2;1;10;2;1;0;0;1;0;0;0;0;2;0;2;0;0;0;0;0;0;0;0;0;0;0
9;"Szkoła Podstawowa Nr 71, ul. Bośniacka 7, 70-842 Szczecin";326201;"m. Szczecin";"Szczecin";"zachodniopomorskie";1;1;7;5;1;1;0;2;1;0;1;1;0;0;0;2;1;0;0;0;0;0;0;0;2;3;49;27;10;5;11;0;1;3;2;1;1;0;1;1;3;1;2;0;7;2;0;0;3;0;28;17;3;7;8;0;1;2;2;1;0;2;1;3;0;0;1;0;2;2;0;1;1;2;115;28;35;3;69;28;3;7;3;2;3;3;3;1;1;0;0;2;1;3;1;0;1;10;25;13;7;10;0;0;0;1;0;0;0;0;0;0;0;1;4;0;0;2;1;0;0;2;189;118;82;6;4;4;10;2;6;1;2;1;3;0;5;1;0;0;0;31;2;1;1;2;7;2;1;1;1;0;0;0;0;0;1;0;1;1;0;1;0;0;0;0;0;0;0;0
10;"Szkoła Podstawowa Nr 71, ul. Bośniacka 7, 70-842 Szczecin";326201;"m. Szczecin";"Szczecin";"zachodniopomorskie";1;1;6;4;2;0;0;1;1;0;0;2;0;0;0;0;0;1;0;0;0;0;0;0;1;0;42;14;15;11;10;1;1;3;3;2;0;1;0;0;1;3;2;0;1;5;1;0;3;0;23;23;3;2;10;0;2;1;5;1;2;0;3;0;0;1;1;0;2;0;1;0;2;0;99;27;28;9;49;28;4;2;0;1;2;1;1;1;2;1;1;0;1;0;2;1;2;9;23;8;6;4;3;0;0;0;0;2;1;1;0;0;0;1;1;1;0;1;0;0;2;0;174;123;54;6;1;5;13;3;3;2;1;0;2;1;0;2;0;0;2;11;0;0;6;1;4;4;1;0;0;1;2;0;0;2;0;0;1;0;0;2;0;0;0;0;0;0;0;0
11;"Zespół Szkół Nr 2, ul. Portowa 21, 70-833 Szczecin";326201;"m. Szczecin";"Szczecin";"zachodniopomorskie";1;1;9;5;1;0;0;3;1;1;1;1;0;0;0;0;1;0;1;0;3;1;1;2;0;3;55;22;17;10;32;2;2;2;5;2;2;0;4;0;1;2;1;0;7;5;2;1;0;3;46;29;3;5;5;1;0;1;11;0;0;1;2;0;1;1;4;0;6;2;2;0;0;3;151;43;77;7;71;35;9;3;2;1;2;4;1;2;1;0;1;2;0;6;2;1;2;15;42;10;6;11;4;1;2;1;1;2;0;0;2;0;1;0;2;1;3;1;0;0;1;1;256;199;105;12;5;3;18;3;8;7;1;1;1;1;2;0;0;0;1;34;0;0;9;3;7;2;0;0;1;0;0;0;0;1;0;0;2;0;0;1;1;2;0;0;0;0;0;0
12;"III Liceum Ogólnokształcące, ul. Pomorska 150, 70-812 Szczecin";326201;"m. Szczecin";"Szczecin";"zachodniopomorskie";1;1;4;2;1;1;0;1;1;0;0;0;1;0;3;0;0;0;0;2;0;0;0;0;0;0;27;14;19;13;11;0;1;1;3;1;1;1;2;2;1;3;0;1;3;1;0;0;1;1;37;13;8;4;8;1;1;0;2;0;2;1;4;0;0;0;2;1;1;0;0;2;0;2;73;32;35;3;40;36;10;6;1;0;0;3;1;4;0;0;1;0;1;4;0;0;1;5;27;11;7;9;0;2;2;1;1;0;2;0;2;1;1;1;0;0;0;1;1;0;2;1;157;63;68;3;2;1;13;0;9;3;0;0;1;0;0;0;0;0;1;18;0;0;4;5;7;1;0;2;0;0;2;0;0;0;0;0;0;0;0;0;0;0;0;0;0;0;0;0
13;"III Liceum Ogólnokształcące, ul. Pomorska 150, 70-812 Szczecin";326201;"m. Szczecin";"Szczecin";"zachodniopomorskie";1;1;9;6;0;1;1;0;1;1;1;1;0;0;2;2;1;0;0;1;0;1;1;1;2;1;51;17;28;23;22;5;5;2;7;2;2;2;0;4;1;3;4;0;4;4;2;0;0;1;47;19;0;7;4;1;2;1;3;2;1;0;2;0;0;1;3;0;2;1;0;1;2;5;117;31;55;5;97;55;17;4;2;2;0;0;4;5;0;1;3;1;4;3;2;0;3;11;33;12;12;10;0;3;1;1;3;1;4;0;2;2;0;1;0;2;1;2;1;1;1;2;219;104;102;9;6;3;18;7;10;0;5;1;0;0;3;1;0;0;0;48;1;0;4;3;8;3;2;2;1;0;0;0;0;0;1;0;3;1;1;2;0;0;0;0;0;0;0;1
14;"Szkoła Podstawowa Nr 23, ul. Miernicza 10, 70-823 Szczecin";326201;"m. Szczecin";"Szczecin";"zachodniopomorskie";1;1;5;2;1;2;1;0;3;1;0;0;1;0;0;0;0;0;0;0;1;1;0;0;4;9;58;20;24;13;8;2;0;2;7;1;1;3;5;3;3;2;4;0;4;3;0;0;1;3;44;26;6;7;18;4;1;3;3;5;1;0;6;0;2;0;5;0;1;4;1;1;3;4;160;31;67;8;98;45;0;3;2;3;0;3;1;2;1;0;2;4;2;3;9;2;1;11;45;14;8;7;1;3;1;1;4;2;1;0;0;0;1;0;3;2;1;3;1;1;7;0;216;135;113;13;3;8;21;5;10;3;1;0;0;1;1;0;3;1;4;36;1;1;0;2;7;1;3;0;1;0;1;0;0;0;1;3;2;0;0;0;0;0;1;0;0;2;0;0
15;"Przedszkole Publiczne Nr 62, ul. Jasna 74, 70-784 Szczecin";326201;"m. Szczecin";"Szczecin";"zachodniopomorskie";1;1;3;1;0;1;0;2;2;0;1;0;0;1;1;1;0;0;1;0;0;0;1;0;0;1;51;21;32;16;8;3;0;3;5;1;2;2;2;1;2;2;1;0;1;1;1;0;1;2;74;32;5;8;6;3;1;1;2;1;0;3;2;1;0;2;0;1;2;1;0;3;2;7;141;29;57;5;72;37;5;1;1;1;0;1;2;1;0;1;0;4;0;3;1;0;3;13;20;9;8;15;1;1;1;0;5;1;0;0;0;1;1;0;0;1;1;0;1;1;1;1;245;121;129;19;5;0;19;5;7;0;0;0;2;1;2;1;0;3;0;21;1;2;2;2;7;2;0;0;0;0;1;0;0;0;0;0;0;0;0;0;0;0;0;0;1;0;0;0
16;"Niepubliczne Przedszkole „Zielona Wyspa”, ul. Jasna 113, 70-777 Szczecin";326201;"m. Szczecin";"Szczecin";"zachodniopomorskie";1;1;3;5;1;0;1;0;1;0;0;0;0;1;1;0;0;0;0;1;0;0;0;0;3;1;25;9;25;12;10;1;2;1;8;3;0;0;4;1;0;1;0;2;1;2;1;0;0;0;35;16;1;6;6;0;3;2;2;2;1;1;1;0;0;0;1;1;2;1;2;1;1;1;103;37;40;6;100;42;7;5;1;2;2;1;3;0;2;0;1;1;0;1;1;0;1;9;25;13;4;2;2;3;0;1;0;0;1;0;0;0;1;0;0;0;1;2;0;1;0;5;130;80;102;13;2;2;9;2;3;1;1;0;0;0;0;2;1;3;0;17;1;1;2;4;4;1;2;1;2;0;0;0;0;1;0;0;1;0;1;0;0;1;0;0;1;0;0;0
17;"Szkoła Podstawowa ""Słoneczna"", ul. Lucjana Rydla 5, 70-783 Szczecin";326201;"m. Szczecin";"Szczecin";"zachodniopomorskie";1;1;2;1;2;3;1;0;0;1;1;1;0;1;0;0;0;0;1;0;0;0;0;0;0;2;25;12;21;12;8;1;0;3;7;3;2;0;3;1;0;4;2;0;1;2;0;1;1;1;32;12;3;4;6;1;3;2;1;1;2;0;1;1;0;1;2;0;2;2;2;1;0;1;72;46;43;7;66;44;12;2;0;2;0;1;0;1;1;1;1;1;3;1;1;0;0;5;16;5;6;5;0;0;0;0;2;3;1;0;0;0;0;0;1;1;0;0;0;0;0;0;152;84;121;14;0;5;15;5;5;2;2;0;1;0;2;0;0;0;1;11;1;0;1;4;6;2;0;1;0;0;1;0;0;0;0;0;2;1;1;0;0;0;0;1;0;0;0;0
18;"Centrum Kształcenia Sportowego, ul. Lucjana Rydla 49, 70-783 Szczecin";326201;"m. Szczecin";"Szczecin";"zachodniopomorskie";1;1;4;3;1;0;0;1;2;0;0;0;0;0;0;1;0;0;0;0;2;2;1;1;0;0;55;25;20;14;10;1;2;1;4;1;1;0;6;3;1;2;3;2;7;3;1;1;2;0;29;22;4;4;8;0;1;6;2;1;1;0;1;0;0;1;1;0;1;1;4;0;1;3;92;46;48;1;85;31;5;2;0;0;0;0;3;0;1;0;2;0;1;1;2;0;1;7;27;9;5;8;0;0;0;1;0;2;0;0;0;1;0;0;0;3;0;1;1;0;1;2;180;94;154;16;1;5;18;1;5;2;1;0;1;0;1;1;1;0;2;30;0;1;2;2;10;5;1;0;0;0;2;0;0;0;2;1;1;0;0;0;0;0;0;0;0;0;0;0
19;"Centrum Kształcenia Sportowego, ul. Lucjana Rydla 49, 70-783 Szczecin";326201;"m. Szczecin";"Szczecin";"zachodniopomorskie";1;1;4;1;1;2;0;0;2;1;1;0;0;0;0;1;0;1;0;0;0;0;1;0;1;0;16;16;21;7;3;2;2;1;1;6;0;0;2;0;1;1;1;0;1;3;0;0;0;2;39;20;4;7;1;0;0;1;3;0;2;2;1;1;3;0;2;0;0;0;1;0;0;2;58;24;31;5;47;34;6;0;0;2;1;0;1;1;1;0;0;2;0;1;2;0;0;5;20;5;6;5;0;1;0;0;0;1;1;2;0;1;0;0;0;0;0;0;1;2;0;1;137;70;110;10;0;1;5;1;3;4;0;0;0;0;4;0;0;0;0;13;0;1;3;2;9;3;1;0;0;0;0;1;0;0;0;0;3;0;0;1;0;0;0;0;0;0;0;0
20;"Przedszkole Publiczne Nr 9, ul. Aleksandra Kostki Napierskiego 13, 70-783 Szczecin";326201;"m. Szczecin";"Szczecin";"zachodniopomorskie";1;1;3;2;4;0;0;0;5;1;0;0;0;1;1;0;1;1;0;0;0;1;0;0;0;2;30;13;14;12;17;1;0;2;5;4;1;1;0;0;0;1;0;0;4;2;1;0;0;4;37;11;2;7;4;0;1;3;2;1;0;1;1;0;0;0;2;0;2;0;1;0;0;1;84;39;82;6;95;24;9;2;1;1;0;0;4;0;1;0;2;0;1;2;2;0;2;9;16;4;6;4;0;0;1;1;2;0;0;0;0;1;1;0;0;0;1;0;0;0;2;1;164;61;122;17;3;3;15;4;0;1;2;0;1;0;1;0;0;0;0;17;0;0;1;1;1;3;0;0;0;0;0;0;0;0;0;0;2;1;0;0;0;0;0;0;0;0;0;0
21;"NS ZOZ ""Prawobrzeże – Medyk”, ul. Aleksandra Kostki Napierskiego 6c, 70-783 Szczecin";326201;"m. Szczecin";"Szczecin";"zachodniopomorskie";1;1;2;1;0;1;0;1;1;0;0;0;0;2;0;0;0;2;0;1;0;0;1;0;1;3;25;11;25;19;7;3;0;2;9;1;2;0;0;3;0;0;0;0;7;1;3;0;0;0;32;17;8;0;4;0;0;8;1;0;0;1;1;0;0;0;1;0;0;2;1;0;0;2;82;32;48;5;52;36;12;4;2;1;3;0;0;1;2;0;0;2;1;4;2;2;0;3;16;9;2;8;3;0;1;0;3;0;1;0;1;1;1;1;1;1;0;0;1;0;0;0;162;57;117;26;1;2;15;2;1;1;2;0;0;0;0;0;0;0;1;20;0;2;1;4;12;3;1;1;3;0;0;0;0;0;2;0;1;0;0;0;0;0;0;0;0;0;0;0
22;"Szkoła Podstawowa Nr 37, ul. Zofii Nałkowskiej 33, 70-785 Szczecin";326201;"m. Szczecin";"Szczecin";"zachodniopomorskie";1;1;3;2;0;2;0;0;0;0;1;0;0;0;0;0;1;0;1;0;0;0;0;1;0;2;18;16;23;6;9;1;0;2;1;1;1;0;7;0;0;0;2;1;1;3;0;0;1;1;14;14;2;2;8;0;1;2;3;2;2;0;1;0;0;0;0;0;2;0;1;0;2;0;83;20;33;4;91;22;11;0;0;1;0;0;5;1;0;2;0;0;1;1;1;1;0;8;15;4;1;6;0;0;1;1;2;1;0;0;0;0;0;0;0;0;0;0;1;2;0;0;107;48;99;6;1;2;13;4;1;6;0;0;1;0;0;1;1;0;0;22;0;0;4;1;2;0;0;2;0;1;1;1;1;1;1;0;0;0;1;0;0;0;0;0;0;0;0;0
23;"Szkoła Podstawowa Nr 37, ul. Zofii Nałkowskiej 33, 70-785 Szczecin";326201;"m. Szczecin";"Szczecin";"zachodniopomorskie";1;1;1;3;0;1;0;1;1;0;1;0;0;0;2;0;1;0;0;0;0;1;0;0;1;0;24;18;23;11;13;1;0;1;2;1;1;0;2;0;2;7;0;0;1;1;1;0;1;0;55;27;2;10;1;0;0;2;1;1;1;1;1;1;0;0;0;0;2;0;1;0;0;5;87;23;59;2;86;40;5;3;1;0;0;0;4;4;1;0;0;0;1;2;0;0;0;5;22;12;6;6;0;0;1;0;0;0;0;0;0;0;0;0;1;0;0;1;0;0;1;0;163;81;155;18;3;3;10;1;5;2;0;0;1;1;2;0;1;0;0;32;0;1;1;3;9;2;0;1;2;0;4;1;0;0;0;1;0;0;0;1;0;0;0;0;0;0;0;0
24;"Szkoła Podstawowa Nr 37, ul. Zofii Nałkowskiej 33, 70-785 Szczecin";326201;"m. Szczecin";"Szczecin";"zachodniopomorskie";1;1;4;5;1;2;1;0;0;0;0;1;0;0;0;1;0;2;1;0;0;0;0;1;0;2;33;14;25;15;12;0;1;5;4;0;0;4;5;1;1;3;1;0;1;1;0;0;0;2;29;14;3;5;2;0;1;1;1;0;0;2;3;0;0;0;0;1;3;5;1;1;0;3;92;19;51;3;74;34;7;2;1;4;1;3;5;5;1;0;1;4;0;4;1;0;1;5;15;8;8;7;0;1;0;0;0;0;2;1;0;0;0;0;0;0;1;0;0;0;0;0;166;96;154;20;1;0;17;2;5;4;1;1;1;0;0;0;1;0;0;15;3;0;3;1;8;4;0;0;1;0;0;0;0;0;0;0;2;0;0;0;0;0;0;0;0;0;0;0
25;"Przedszkole Publiczne Nr 61, ul. Maciejowicka 26, 70-786 Szczecin";326201;"m. Szczecin";"Szczecin";"zachodniopomorskie";1;1;4;2;0;2;0;0;0;0;0;0;0;0;0;0;2;0;0;0;1;0;0;0;1;1;46;34;20;19;14;0;0;2;3;0;0;1;2;1;0;2;3;0;4;2;1;1;1;0;33;21;9;3;9;0;1;0;3;0;2;1;2;0;0;1;2;1;3;1;1;0;1;2;96;27;45;2;103;28;3;4;1;0;0;0;2;4;0;0;5;1;3;1;2;0;0;8;30;11;12;15;1;1;2;1;0;1;1;0;0;0;1;0;1;0;0;1;1;0;2;0;183;100;188;20;3;2;11;2;5;3;0;0;1;0;3;0;0;0;1;26;2;0;3;4;4;2;1;2;0;1;1;0;0;0;0;0;3;0;0;0;0;0;0;0;0;0;0;0
26;"Szkoła Podstawowa Nr 37, ul. Lucjana Rydla 6, 70-783 Szczecin";326201;"m. Szczecin";"Szczecin";"zachodniopomorskie";1;1;0;1;0;1;0;0;1;1;0;1;0;0;0;0;0;0;0;0;0;0;0;0;0;0;10;10;7;6;3;1;0;1;2;2;0;0;0;1;0;3;0;0;1;0;1;0;0;1;6;7;6;4;1;0;0;1;4;0;0;2;1;0;0;0;0;0;0;0;1;1;0;0;48;10;17;2;20;14;0;1;0;0;0;0;1;1;0;0;0;0;1;0;1;0;2;2;9;3;0;6;0;1;1;0;1;0;0;0;0;0;0;0;0;0;0;0;0;0;3;1;65;51;51;6;1;1;5;4;1;3;0;1;0;1;19;0;0;0;0;4;0;0;0;2;1;1;0;0;0;2;0;1;1;0;0;0;0;0;0;0;0;0;0;0;0;0;0;0
27;"Klub Osiedlowy"" Szpak"", ul. Seledynowa 75a, 70-781 Szczecin";326201;"m. Szczecin";"Szczecin";"zachodniopomorskie";1;1;6;3;2;0;1;3;1;0;1;0;1;0;0;0;0;1;0;1;0;0;0;0;0;0;36;29;35;9;8;1;0;1;4;4;2;0;4;1;1;0;2;0;4;1;1;0;0;1;64;28;9;6;10;0;2;2;2;0;0;2;1;5;1;3;3;0;7;5;3;1;2;0;100;32;36;9;76;33;8;5;3;0;2;1;3;1;1;1;0;2;1;0;3;1;2;6;26;11;12;10;0;1;0;0;2;3;1;1;0;1;1;1;0;0;0;0;1;0;0;3;229;151;191;34;3;4;16;1;2;4;1;3;0;1;1;0;2;0;2;23;0;1;1;2;4;1;1;1;0;0;0;0;0;1;2;0;3;0;1;0;0;1;0;0;0;0;0;0
28;"Szkoła Podstawowa Nr 59, ul. Dąbska 105, 70-789 Szczecin";326201;"m. Szczecin";"Szczecin";"zachodniopomorskie";1;1;4;0;1;0;1;1;2;1;1;2;1;0;0;0;0;1;0;0;0;0;1;0;0;3;44;28;24;11;12;1;1;3;4;1;1;0;3;1;0;3;0;2;4;3;1;0;1;2;28;36;3;5;10;0;0;4;1;3;0;0;2;0;0;1;4;0;0;4;2;3;1;5;61;8;47;6;79;30;3;4;4;0;2;3;2;1;1;0;1;0;3;2;1;0;1;7;24;10;18;10;1;1;0;3;2;1;0;1;0;1;1;1;0;1;1;1;0;2;2;1;148;84;139;28;5;3;26;5;5;4;1;0;1;2;2;0;2;1;0;30;2;0;5;3;8;0;0;0;0;1;0;1;0;0;0;0;0;0;0;0;0;0;0;0;0;0;0;0
29;"Szkoła Podstawowa Nr 74, ul. Seledynowa 50, 70-781 Szczecin";326201;"m. Szczecin";"Szczecin";"zachodniopomorskie";1;1;4;4;1;2;0;3;2;0;0;0;0;2;0;0;0;0;0;0;0;0;0;1;0;1;42;35;42;20;8;0;2;3;5;1;2;0;0;1;1;1;0;0;1;2;1;1;1;1;40;23;6;7;8;2;0;5;0;0;1;3;2;0;0;0;0;0;1;2;1;3;0;2;124;41;58;4;90;52;8;1;1;0;0;1;3;0;4;2;0;0;2;1;1;1;0;9;20;7;6;20;1;1;1;0;2;0;0;0;1;0;1;0;0;1;0;1;0;0;1;2;190;153;133;30;0;2;19;1;9;0;0;2;1;0;2;0;1;0;3;29;0;2;7;2;6;1;1;2;0;1;2;0;0;0;0;0;0;0;0;0;0;0;0;0;0;0;0;0
30;"Przedszkole Publiczne Nr 8, ul. Różowa 24, 70-781 Szczecin";326201;"m. Szczecin";"Szczecin";"zachodniopomorskie";1;1;3;2;1;0;0;1;1;0;1;1;0;0;0;1;0;1;0;0;0;0;0;0;0;1;37;15;34;14;6;0;2;1;2;2;0;2;2;1;2;0;0;2;5;1;0;0;0;1;53;26;4;5;6;0;1;5;3;1;1;0;1;1;1;0;1;1;0;0;0;0;0;0;103;26;53;4;85;84;4;1;3;0;1;3;0;1;1;0;2;1;0;5;1;0;2;8;28;11;8;12;0;3;1;2;2;0;1;0;0;0;0;1;0;0;2;1;0;0;1;1;192;101;144;33;2;4;15;1;4;3;0;0;2;2;1;0;0;1;0;19;0;0;1;4;11;1;1;1;0;1;2;1;0;0;1;2;3;0;0;0;0;0;0;0;0;0;0;0
31;"Szkoła Podstawowa Nr 74, ul. Seledynowa 50, 70-781 Szczecin";326201;"m. Szczecin";"Szczecin";"zachodniopomorskie";1;1;4;2;1;1;2;1;2;0;0;0;2;0;0;1;0;0;0;1;0;0;1;1;0;1;56;44;43;9;18;0;1;4;6;2;0;0;2;3;0;1;2;2;9;6;1;0;2;3;51;28;7;5;15;0;0;6;1;1;3;4;2;1;0;0;3;1;3;7;0;3;1;0;73;27;23;2;75;48;3;2;1;2;0;0;0;0;2;0;0;0;1;3;3;0;0;3;37;13;9;11;1;0;3;0;0;1;0;0;0;0;2;0;4;1;0;0;1;3;1;4;230;193;219;34;3;6;17;2;2;4;2;0;5;1;3;2;0;0;3;25;1;0;2;4;16;0;1;0;0;2;0;0;1;0;0;0;1;0;0;0;0;0;0;0;0;0;0;0
32;"Szkoła Podstawowa Nr 74, ul. Seledynowa 50, 70-781 Szczecin";326201;"m. Szczecin";"Szczecin";"zachodniopomorskie";1;1;8;1;0;1;0;1;1;0;0;0;0;1;0;0;0;0;0;2;0;0;0;1;0;2;37;20;40;17;13;0;4;4;6;2;0;0;4;0;0;4;2;1;1;1;2;0;1;3;42;29;8;4;3;0;0;2;2;2;0;0;3;2;1;0;2;1;1;2;1;3;0;0;106;51;60;4;91;44;7;5;0;2;1;0;3;1;0;2;2;3;3;4;1;0;1;14;24;10;14;8;3;0;1;0;1;0;0;2;0;0;0;0;0;0;0;0;0;0;1;2;225;112;161;42;2;4;18;2;1;1;2;2;0;0;1;1;0;0;1;29;0;1;6;2;12;4;1;1;2;0;0;0;0;1;0;0;0;0;1;0;0;0;0;0;0;0;0;0
33;"Poradnia Psychologiczno – Pedagogiczna Nr 2, ul. Jaśminowa 4, 70-773 Szczecin";326201;"m. Szczecin";"Szczecin";"zachodniopomorskie";1;1;6;4;0;0;0;2;1;0;0;0;0;1;1;0;2;0;0;0;1;0;0;0;0;3;26;22;25;16;13;1;2;0;4;1;1;0;2;2;1;2;0;0;4;4;2;1;0;1;56;33;4;11;10;0;5;1;2;0;0;1;2;0;1;0;3;0;1;3;1;0;1;1;112;44;48;8;63;42;8;2;1;2;2;0;2;1;0;0;1;1;2;1;2;1;0;16;24;7;7;8;0;1;1;2;2;0;0;0;1;0;1;0;3;0;0;0;2;0;2;1;248;105;88;8;2;1;12;5;1;9;1;0;0;0;0;2;1;0;2;15;0;0;2;2;8;1;1;1;1;0;1;0;2;0;0;0;2;0;0;0;0;0;0;0;0;0;0;1
34;"Szkoła Podstawowa Nr 65, ul. Młodzieży Polskiej 9, 70-774 Szczecin";326201;"m. Szczecin";"Szczecin";"zachodniopomorskie";1;1;3;4;0;1;1;3;1;1;0;1;0;0;0;0;0;1;0;0;1;0;0;0;0;2;34;20;19;24;8;0;2;3;4;1;4;0;2;4;0;3;2;0;2;2;3;0;0;1;44;17;4;8;6;0;1;0;1;0;2;0;0;2;0;1;0;1;1;1;2;0;2;1;86;26;30;3;61;29;7;0;2;1;1;2;1;1;1;0;0;3;1;1;4;1;0;6;21;10;11;6;2;0;2;0;0;1;0;0;0;2;0;0;1;0;0;1;0;1;3;1;200;93;128;12;0;6;17;5;5;3;1;0;0;0;2;0;0;0;2;11;0;1;1;3;11;5;0;2;0;0;1;0;0;2;0;1;2;0;0;0;0;0;0;0;0;0;0;0
35;"Szkoła Podstawowa Nr 65, ul. Młodzieży Polskiej 9, 70-774 Szczecin";326201;"m. Szczecin";"Szczecin";"zachodniopomorskie";1;1;3;0;1;2;0;0;1;0;0;1;0;0;1;0;0;2;2;0;0;0;0;0;0;0;24;9;12;14;6;1;1;1;2;2;0;0;0;1;0;2;2;0;2;1;2;0;0;0;31;19;4;6;5;0;2;0;2;0;1;0;0;2;0;1;0;0;1;1;1;0;0;5;73;13;30;5;49;26;8;2;4;0;0;2;1;2;2;1;1;0;0;1;0;0;0;5;12;5;7;3;1;0;0;0;0;0;0;0;0;3;0;0;0;1;0;4;0;1;3;0;130;76;72;6;1;1;10;1;4;3;0;1;3;3;0;0;1;0;0;11;1;1;4;3;3;1;0;1;1;0;0;0;0;1;0;0;4;0;0;1;0;0;0;0;0;0;0;0
36;"Zespół Szkół Centrum Kształcenia Rolniczego w Szczecinie, ul. Batalionów Chłopskich 115, 70-764 Szczecin";326201;"m. Szczecin";"Szczecin";"zachodniopomorskie";1;1;6;0;0;0;0;0;0;0;0;1;0;2;1;0;0;0;0;0;0;0;0;0;1;1;53;12;22;23;16;4;1;4;6;5;0;0;2;1;1;4;3;0;4;1;0;0;1;2;54;22;8;10;6;1;3;3;4;2;0;3;6;2;0;0;5;0;4;1;2;0;0;4;109;37;49;11;53;49;13;3;2;3;1;2;1;1;5;0;1;0;1;1;3;1;2;8;36;18;6;7;2;2;0;0;1;0;2;0;2;0;0;2;3;1;1;2;0;1;5;2;232;126;137;14;3;12;19;0;12;5;1;0;1;3;0;1;1;0;1;23;3;0;7;7;11;3;1;2;1;0;0;0;1;2;0;4;0;0;0;3;0;0;0;0;0;0;0;0
37;"Przedszkole Publiczne Nr 49, ul. Marmurowa 7, 70-747 Szczecin";326201;"m. Szczecin";"Szczecin";"zachodniopomorskie";1;1;6;1;1;0;0;2;1;1;0;0;0;0;2;0;1;1;1;0;1;0;0;0;0;2;31;18;14;23;16;2;0;3;2;2;0;3;0;1;2;1;1;0;2;0;1;0;0;0;20;22;4;1;2;0;1;1;2;1;0;1;2;0;0;1;0;0;2;1;0;0;2;2;129;22;55;3;42;43;13;1;0;0;0;2;1;3;1;2;1;0;2;2;3;0;1;7;28;10;5;5;0;2;2;0;1;0;1;0;0;0;0;0;0;0;0;0;2;0;4;1;149;98;65;10;3;5;11;6;11;0;0;3;2;0;0;0;1;0;1;11;0;0;1;2;8;1;2;2;0;0;2;0;1;0;0;0;0;0;1;1;0;0;0;0;0;0;0;1
38;"Szkoła Podstawowa Nr 12, ul. Floriana Szarego 12, 70-743 Szczecin";326201;"m. Szczecin";"Szczecin";"zachodniopomorskie";1;1;3;1;0;1;0;2;2;1;0;0;0;2;0;0;0;0;1;2;0;0;0;0;0;0;34;6;16;15;6;0;2;2;3;4;3;2;2;2;4;0;2;1;5;2;4;0;1;1;45;15;4;13;6;1;3;2;2;0;3;3;4;2;1;1;1;0;2;2;1;2;1;3;107;23;43;8;52;41;10;4;0;1;0;1;1;2;1;0;2;1;0;4;6;1;2;8;26;6;12;15;0;1;1;2;3;3;0;0;0;1;2;0;0;0;1;0;0;0;0;2;255;83;117;15;4;3;11;1;21;2;1;0;0;0;0;0;1;1;2;10;3;0;8;5;8;2;1;2;0;0;1;0;1;0;0;1;5;0;0;2;0;0;0;0;0;0;0;0
39;"Szkoła Podstawowa Nr 12, ul. Floriana Szarego 12, 70-743 Szczecin";326201;"m. Szczecin";"Szczecin";"zachodniopomorskie";1;1;2;2;2;2;0;0;0;2;0;1;0;0;2;0;1;0;0;0;0;0;2;0;2;1;26;24;12;21;7;1;3;3;5;4;0;3;2;2;8;1;2;2;6;1;2;1;1;0;34;24;5;14;11;1;3;1;2;0;3;2;3;2;3;0;3;1;3;4;1;4;4;1;96;24;38;7;60;55;5;5;3;0;0;0;0;0;0;1;1;2;0;7;5;0;1;6;37;5;7;9;1;2;1;1;4;3;2;0;0;1;0;0;0;0;0;0;0;1;0;0;240;76;91;10;7;3;17;7;27;8;1;0;0;1;1;0;0;1;0;22;2;1;4;3;1;3;2;1;1;0;0;0;2;0;1;0;1;0;0;0;1;0;1;1;0;0;0;0
40;"Szkoła Podstawowa Nr 12, ul. Floriana Szarego 12, 70-743 Szczecin";326201;"m. Szczecin";"Szczecin";"zachodniopomorskie";1;1;2;0;0;1;0;3;0;1;1;0;0;0;0;1;1;0;0;0;2;0;0;0;0;2;35;37;31;15;5;0;2;1;6;3;1;0;4;0;2;2;0;0;8;4;4;0;2;0;48;29;8;6;7;0;3;2;3;0;2;1;2;2;0;0;2;0;1;1;0;2;0;1;111;15;25;2;55;30;9;7;2;0;1;3;1;0;0;1;1;1;0;1;3;0;0;5;35;9;13;12;0;4;0;0;3;2;3;0;0;0;1;2;0;2;0;1;0;0;2;1;248;99;112;10;7;2;21;6;52;3;1;0;1;0;6;0;1;0;1;17;0;0;7;6;14;1;0;1;1;1;1;0;0;0;1;2;4;1;0;0;0;0;0;0;0;0;0;0
41;"Rada Osiedla Żydowce Klucz, ul. Rymarska 46/1a, 70-702 Szczecin";326201;"m. Szczecin";"Szczecin";"zachodniopomorskie";1;1;6;2;1;0;0;1;2;0;0;0;2;1;1;1;0;0;1;0;0;1;1;0;1;1;35;19;18;14;10;0;1;0;3;3;2;0;2;1;2;11;1;0;2;0;1;0;4;1;43;26;9;6;7;0;4;1;4;4;0;5;3;1;0;0;1;0;1;0;0;3;1;4;112;30;39;7;83;80;14;3;1;1;4;4;3;4;1;1;3;1;1;0;4;0;0;9;33;10;11;13;2;1;1;2;2;2;3;1;0;0;0;0;0;0;1;1;1;0;0;2;157;66;83;4;2;3;13;2;14;1;1;0;2;0;4;0;0;0;0;10;3;4;6;2;8;4;0;1;1;0;1;0;0;2;1;0;3;3;0;0;0;0;0;0;0;0;0;1
42;"Przychodnia Portowa Sp. z o. o., ul. Energetyków 2, 70-656 Szczecin";326201;"m. Szczecin";"Szczecin";"zachodniopomorskie";1;1;2;1;0;0;0;1;1;1;0;0;0;0;0;0;0;1;0;0;0;0;0;0;0;3;12;5;6;8;5;0;2;2;4;1;0;1;4;1;0;2;0;0;0;0;0;0;0;1;13;13;1;4;2;0;1;0;2;0;0;0;0;0;0;0;0;0;4;0;0;2;0;2;54;9;32;2;38;11;3;0;1;0;0;1;2;3;0;0;0;1;0;2;1;1;1;6;15;11;4;3;0;0;0;4;0;0;1;1;0;0;0;0;1;0;0;0;1;0;0;1;63;20;27;4;1;3;3;1;1;1;0;0;0;0;2;0;0;0;1;3;0;0;0;1;1;2;0;0;0;0;0;0;0;0;0;0;4;0;0;0;0;0;0;0;0;0;1;0
43;"Przedszkole Publiczne Nr 38, ul. Włościańska 5, 70-021 Szczecin";326201;"m. Szczecin";"Szczecin";"zachodniopomorskie";1;1;1;1;0;1;0;1;0;0;1;0;1;0;0;0;0;0;0;0;0;0;0;0;1;0;26;15;14;9;4;1;0;1;4;0;0;0;3;2;0;2;1;0;2;0;0;0;0;0;15;15;2;4;1;0;2;0;1;2;0;1;3;1;2;1;4;0;1;4;0;1;1;1;72;29;43;4;51;17;7;1;1;2;0;0;1;0;0;0;1;0;0;1;3;0;1;4;16;8;7;3;1;2;1;1;0;0;0;1;0;0;0;0;0;1;1;0;0;0;0;1;112;62;48;5;1;0;3;4;3;1;0;1;0;1;2;0;0;0;0;11;1;0;2;1;1;0;0;1;0;0;0;1;0;0;0;0;1;0;0;0;0;0;0;0;0;0;0;1
44;"Katolicka Szkoła Podstawowa im. Świętej Rodziny, ul. Budziszyńska 2, 70-023 Szczecin";326201;"m. Szczecin";"Szczecin";"zachodniopomorskie";1;1;4;2;0;2;0;0;1;0;0;0;0;0;0;2;0;0;1;1;1;0;0;2;1;1;88;31;33;19;11;1;0;3;7;2;1;1;1;1;1;0;1;0;2;2;2;0;0;1;38;36;13;4;10;0;1;0;4;1;3;0;2;0;1;1;1;0;4;1;4;4;1;2;101;57;82;4;65;39;7;2;1;0;0;1;1;3;0;0;3;2;1;2;8;0;3;15;33;10;20;5;0;1;2;0;4;0;2;0;1;0;0;0;1;0;0;4;0;0;1;2;210;128;112;11;7;6;17;3;9;5;0;0;0;1;4;0;2;3;0;26;2;0;6;2;4;3;1;0;1;0;0;0;0;1;0;2;1;0;1;0;0;1;0;0;0;0;1;0
45;"Szkoła Podstawowa Nr 20, ul. Dobrzyńska 2, 70-025 Szczecin";326201;"m. Szczecin";"Szczecin";"zachodniopomorskie";1;1;5;5;1;1;1;0;1;1;2;0;1;0;0;0;1;2;4;0;0;0;1;0;0;4;58;35;26;12;18;1;4;3;4;2;0;1;1;0;0;4;1;0;3;1;1;0;0;2;62;34;5;9;9;1;1;3;2;1;0;1;2;0;1;0;4;0;1;3;2;1;6;5;109;38;103;4;69;35;6;6;1;1;1;0;1;0;1;0;0;1;1;3;6;0;4;13;30;8;20;4;0;0;3;1;2;0;2;1;0;1;0;0;0;0;4;1;2;0;0;1;236;140;113;8;10;9;16;3;8;5;4;2;1;0;1;0;0;0;1;25;0;0;8;2;9;3;0;0;0;0;4;2;1;1;1;1;0;0;1;0;0;0;0;0;0;1;0;1
46;"Zespół Szkół Rzemieślniczych, ul. Zygmunta Chmielewskiego 19, 70-028 Szczecin";326201;"m. Szczecin";"Szczecin";"zachodniopomorskie";1;1;1;3;0;1;0;0;1;1;0;0;0;1;0;0;0;0;0;0;0;1;0;0;0;0;24;25;20;13;9;0;1;2;4;1;0;0;0;5;0;0;1;1;3;1;1;0;1;1;37;20;3;10;4;1;1;1;4;2;1;0;2;1;1;0;4;0;6;3;1;4;0;2;71;16;52;2;49;14;7;4;3;1;1;1;1;2;1;0;2;0;0;1;3;0;2;1;23;3;0;8;0;0;1;1;1;3;0;0;2;0;0;0;0;0;1;0;1;0;0;0;169;77;65;10;3;5;13;6;4;4;0;0;0;2;0;0;0;1;0;19;0;1;4;0;2;0;2;1;0;0;1;4;0;0;1;0;3;0;0;0;0;1;0;0;0;0;0;0
47;"Szkoła Podstawowa Nr 55, ul. Orawska 1, 70-131 Szczecin";326201;"m. Szczecin";"Szczecin";"zachodniopomorskie";1;1;9;6;0;1;1;0;0;4;2;0;0;0;1;0;0;1;0;1;0;0;0;0;1;3;59;48;61;19;17;1;1;0;4;2;0;3;3;1;1;5;3;0;3;1;1;0;2;2;67;31;22;10;12;2;3;2;5;0;1;3;9;2;6;2;5;0;5;4;0;3;2;9;141;43;88;5;111;30;11;4;3;3;3;1;3;2;3;0;2;3;1;2;6;1;6;9;42;20;15;14;4;1;2;1;1;1;1;1;0;1;1;0;3;1;0;0;4;0;0;7;181;254;180;10;5;10;25;23;13;7;4;2;2;2;1;0;2;0;3;32;0;1;8;6;18;0;0;0;2;0;0;0;2;0;0;0;0;0;0;1;0;0;0;0;0;0;0;0
48;"XVI Liceum Ogólnokształcące, ul. Xawerego Dunikowskiego 1, 70-123 Szczecin";326201;"m. Szczecin";"Szczecin";"zachodniopomorskie";1;1;13;2;1;0;0;1;3;2;0;1;0;0;0;0;0;0;0;1;0;1;0;0;1;1;46;26;61;12;8;0;2;4;4;0;2;2;0;1;4;0;0;0;5;5;2;0;0;2;68;39;28;10;7;2;1;3;7;5;1;0;4;2;0;0;8;0;1;2;2;5;0;2;126;28;54;4;79;33;7;1;2;3;4;0;3;4;0;1;0;1;1;2;5;0;4;12;44;13;6;13;1;2;1;3;2;0;1;0;0;0;0;0;0;0;0;0;0;0;0;4;257;139;99;7;3;9;19;12;7;4;0;1;2;0;2;1;0;2;3;25;1;1;10;2;7;1;0;2;0;1;0;0;0;1;0;0;5;0;0;1;0;0;0;0;0;0;0;0
49;"XVI Liceum Ogólnokształcące, ul. Xawerego Dunikowskiego 1, 70-123 Szczecin";326201;"m. Szczecin";"Szczecin";"zachodniopomorskie";1;1;8;1;0;1;0;4;2;1;0;2;1;1;1;0;2;0;0;0;1;0;0;0;0;1;65;30;46;15;10;1;5;2;5;1;0;0;1;0;0;1;3;1;4;2;1;0;3;2;53;39;7;6;6;2;3;1;6;0;0;4;1;4;0;0;1;1;4;6;4;2;1;3;77;30;65;6;91;21;4;2;1;1;1;0;1;0;0;0;3;0;1;1;0;0;1;10;23;6;15;11;0;0;0;2;0;0;0;0;0;0;0;0;0;0;1;0;1;1;1;3;235;140;98;8;1;9;25;11;16;4;1;0;0;0;1;0;5;1;3;35;1;2;6;1;5;3;0;0;0;0;0;1;0;1;0;0;4;0;0;0;0;0;0;0;0;0;0;0
50;"Przychodnia Zdrowia, ul. Aleja Powstańców Wielkopolskich 66/68, 70-111 Szczecin";326201;"m. Szczecin";"Szczecin";"zachodniopomorskie";1;1;3;1;0;1;0;1;0;0;0;0;0;0;0;0;0;1;0;0;0;0;0;0;2;4;33;16;21;6;2;0;1;2;2;1;0;1;0;0;0;0;1;0;1;2;1;0;0;2;26;15;5;6;8;1;0;0;2;0;1;1;2;0;0;0;0;0;3;0;0;1;1;1;41;14;49;1;33;10;10;0;0;0;0;0;0;0;0;0;1;1;0;1;1;2;0;4;20;4;3;6;1;0;0;0;4;0;2;1;0;0;0;0;0;0;0;0;0;0;0;0;133;63;41;8;5;2;11;2;3;1;0;1;1;0;2;0;0;0;0;14;0;1;0;5;6;0;0;1;1;0;0;0;0;0;0;0;3;0;0;0;0;0;0;0;0;0;0;0
51;"Przedszkole Publiczne Nr 48, ul. 9 Maja 13, 70-136 Szczecin";326201;"m. Szczecin";"Szczecin";"zachodniopomorskie";1;1;4;2;1;1;0;0;0;0;1;0;0;1;0;0;0;0;0;0;0;0;0;0;1;0;33;33;17;7;5;0;1;1;1;1;1;1;0;2;0;1;1;0;3;0;1;0;1;1;36;21;10;1;10;2;0;3;1;2;2;1;1;0;0;0;3;0;1;1;2;3;0;0;97;32;90;1;66;26;8;4;1;2;0;1;2;1;1;0;4;2;0;0;5;0;0;8;25;7;7;8;0;0;0;0;0;0;1;0;0;1;1;0;1;0;2;0;2;0;3;3;176;85;70;15;6;4;17;2;3;5;1;0;0;1;1;1;1;0;1;9;0;0;5;3;4;2;2;0;1;0;1;1;0;0;0;1;0;0;0;1;0;0;0;0;0;0;0;0
52;"Przedszkole Publiczne Nr 44, ul. Ruska 16, 70-132 Szczecin";326201;"m. Szczecin";"Szczecin";"zachodniopomorskie";1;1;3;2;2;1;0;2;2;0;0;0;0;1;0;1;1;0;0;0;1;0;0;0;0;4;30;25;15;10;9;0;1;3;3;4;1;1;0;0;0;1;4;0;0;0;2;0;0;0;37;30;5;2;6;1;3;2;4;0;0;3;1;0;0;0;1;0;0;0;2;3;4;3;74;28;93;7;60;19;5;1;0;0;2;0;1;2;0;0;0;0;0;0;2;0;1;3;22;4;9;3;1;0;0;2;1;1;0;1;0;1;0;0;2;0;5;0;2;0;0;0;156;73;52;10;3;1;22;5;4;1;1;0;2;1;0;0;3;0;2;17;0;2;4;2;13;1;0;1;1;1;0;0;0;0;0;0;1;0;0;0;0;0;0;0;0;0;0;0
53;"Uniwersytet Szczeciński Wydział Ekonomii, Finansów i Zarządzania, ul. Cukrowa 8, 71-004 Szczecin";326201;"m. Szczecin";"Szczecin";"zachodniopomorskie";1;1;6;4;0;0;1;0;2;1;0;0;0;1;1;1;0;1;1;0;0;0;1;1;1;0;51;63;50;19;19;0;1;1;5;7;1;2;2;2;0;4;3;0;8;1;3;0;0;2;34;31;11;7;12;3;5;2;4;0;2;1;1;1;2;1;2;1;6;5;2;2;0;5;76;23;29;3;42;29;10;4;0;1;0;1;1;1;1;0;4;1;0;1;4;0;3;8;61;14;10;28;3;0;2;1;4;2;2;0;0;0;1;0;0;1;0;1;1;0;1;3;274;153;144;6;6;1;19;3;14;13;1;0;1;0;4;1;0;2;2;48;0;0;11;2;5;1;2;2;0;2;0;4;0;0;0;1;1;2;0;0;0;0;0;2;0;0;0;0
54;"Szkoła Podstawowa Nr 16, ul. Chobolańska 20, 71-023 Szczecin";326201;"m. Szczecin";"Szczecin";"zachodniopomorskie";1;1;9;1;1;0;1;1;1;1;0;0;0;0;0;0;1;0;0;0;0;0;0;1;1;0;30;32;23;10;8;3;1;3;2;3;1;1;1;2;0;0;0;1;3;0;1;0;1;0;38;20;4;7;2;0;1;2;3;0;0;0;0;0;1;0;2;1;2;1;0;0;1;5;104;19;34;6;77;48;5;2;0;3;0;0;0;2;3;0;4;1;2;3;3;0;0;15;32;12;16;4;1;0;2;0;0;2;0;0;0;1;1;0;2;1;0;1;1;0;0;1;221;207;141;8;4;2;10;1;4;1;2;0;0;0;2;0;2;2;2;21;0;0;8;1;1;1;2;4;0;0;2;1;4;1;1;0;4;0;0;0;0;0;0;0;0;0;0;0
55;"Szkoła Podstawowa Nr 16, ul. Chobolańska 20, 71-023 Szczecin";326201;"m. Szczecin";"Szczecin";"zachodniopomorskie";1;1;4;2;2;1;0;1;0;1;0;0;0;0;1;0;0;0;0;0;0;0;1;0;0;1;40;26;13;15;14;2;0;1;7;2;2;1;1;0;0;2;1;0;1;0;0;0;0;1;39;27;6;2;3;0;0;1;1;0;2;1;4;0;2;0;2;0;1;1;5;0;0;1;101;31;31;3;57;28;7;3;3;0;1;0;1;3;0;1;1;1;0;2;1;0;1;8;30;9;10;5;4;1;2;0;0;0;2;0;2;0;0;0;1;0;0;3;1;0;0;0;200;160;110;4;3;1;15;4;12;5;0;1;0;0;0;0;2;0;0;21;0;1;5;2;2;0;0;1;3;0;0;5;1;0;0;0;3;0;0;0;0;0;0;0;0;0;0;1
56;"Szkoła Podstawowa Nr 16, ul. Chobolańska 20, 71-023 Szczecin";326201;"m. Szczecin";"Szczecin";"zachodniopomorskie";1;1;10;0;2;0;0;3;2;0;0;0;0;1;0;0;0;0;0;0;0;0;0;0;0;0;56;35;35;13;12;2;0;2;2;2;0;1;0;2;3;2;0;0;6;3;1;0;0;5;39;34;12;6;11;1;2;1;2;1;1;3;2;0;1;3;0;0;2;2;2;0;4;1;90;17;22;3;58;26;5;1;0;0;0;1;3;0;0;0;0;2;0;0;0;0;0;8;33;8;10;7;1;1;4;0;0;1;0;1;0;0;0;0;1;0;1;1;2;0;1;3;238;258;182;6;9;6;22;11;19;3;2;0;3;5;2;0;5;0;2;18;2;2;12;3;9;2;0;0;0;0;0;5;2;0;0;1;1;0;0;0;0;0;0;0;0;0;0;0
57;"IV Liceum Ogólnokształcące, ul. Kingi 2, 71-032 Szczecin";326201;"m. Szczecin";"Szczecin";"zachodniopomorskie";1;1;2;2;0;0;1;0;1;0;0;1;0;0;0;0;0;1;0;0;1;0;0;0;0;1;32;24;30;9;4;1;0;1;1;1;1;2;0;2;0;3;1;1;1;1;2;0;0;1;27;17;5;6;1;0;1;1;0;0;0;1;1;0;1;0;2;0;1;8;0;2;2;1;84;8;17;3;62;25;4;1;2;1;1;1;1;1;1;0;1;0;1;0;0;0;0;5;23;1;6;2;2;0;0;1;1;0;0;0;0;0;0;0;3;0;0;0;0;2;0;1;173;170;67;23;2;4;13;3;14;2;1;0;1;0;1;0;0;0;0;18;0;1;11;0;3;4;0;2;0;0;1;0;0;0;0;0;0;0;0;0;0;3;0;0;0;0;0;1
58;"IV Liceum Ogólnokształcące, ul. Kingi 2, 71-032 Szczecin";326201;"m. Szczecin";"Szczecin";"zachodniopomorskie";1;1;2;0;0;0;1;1;0;0;0;0;0;3;2;0;0;2;1;1;1;0;0;0;0;0;32;40;17;15;8;2;0;1;2;3;0;0;1;0;1;0;1;0;2;0;0;0;0;0;25;26;5;6;3;1;0;0;3;1;0;0;3;0;0;0;2;1;3;2;1;0;3;0;109;32;28;7;68;17;6;1;0;0;0;2;0;1;3;0;2;0;0;4;0;0;1;16;23;8;13;4;1;0;0;2;2;0;0;0;0;0;0;0;0;1;1;2;0;1;0;4;127;166;69;17;1;1;15;3;13;0;1;0;0;1;3;0;0;0;0;30;0;0;3;2;9;3;0;0;0;0;0;1;0;1;0;0;2;0;0;0;0;0;0;0;0;0;0;0
59;"Uniwersytet Szczeciński Wydział Humanistyczny, ul. Krakowska 71 - 79, 71-017 Szczecin";326201;"m. Szczecin";"Szczecin";"zachodniopomorskie";1;1;12;2;0;1;0;0;1;1;1;0;0;0;0;0;0;0;0;0;0;0;0;0;0;1;47;40;39;12;13;1;2;0;6;1;0;2;3;3;0;2;4;1;3;1;2;0;1;1;36;23;11;3;11;2;3;0;2;0;1;2;1;0;0;1;3;2;1;4;0;3;0;5;85;27;38;9;57;26;6;1;1;2;0;1;2;0;1;0;0;0;0;5;1;2;1;8;37;7;11;4;2;1;0;0;1;3;0;0;0;2;0;1;0;0;0;0;1;0;0;0;213;111;114;9;6;5;13;6;24;5;0;3;2;0;1;0;1;0;2;38;2;3;15;2;6;0;1;0;0;0;0;11;1;0;0;0;0;0;0;0;1;0;0;0;0;0;0;1
60;"Uniwersytet Szczeciński Wydział Humanistyczny, ul. Krakowska 71 - 79, 71-017 Szczecin";326201;"m. Szczecin";"Szczecin";"zachodniopomorskie";1;1;4;0;3;1;1;0;0;2;0;0;0;0;0;0;1;0;0;0;0;1;0;0;0;0;25;22;8;11;8;1;1;0;2;0;1;1;1;1;1;1;2;0;2;1;1;0;0;2;32;22;6;6;6;1;3;2;3;2;4;0;2;3;0;1;2;0;0;5;2;1;1;1;81;18;27;3;32;18;2;1;1;0;1;1;0;1;0;2;0;0;2;0;2;1;1;5;22;5;7;6;2;1;0;0;2;0;0;0;0;0;1;0;0;1;0;0;0;1;0;1;134;96;66;4;0;1;19;0;10;3;0;0;0;0;2;1;0;0;0;20;0;1;11;6;0;0;0;0;0;0;0;6;0;0;0;1;1;0;0;0;0;0;0;0;0;0;0;0
61;"Szkoła Podstawowa Nr 8, ul. Brodnicka 10, 71-044 Szczecin";326201;"m. Szczecin";"Szczecin";"zachodniopomorskie";1;1;9;2;1;0;3;1;0;1;0;0;0;0;0;0;0;1;0;0;0;1;0;0;0;2;37;37;27;7;12;3;3;3;1;3;2;1;2;0;1;2;1;0;2;0;1;0;0;1;38;36;8;2;8;0;2;4;1;1;0;3;2;1;1;2;2;0;2;1;0;9;0;1;100;29;20;6;53;36;4;2;0;1;1;3;3;2;0;2;2;0;0;3;2;0;0;11;44;3;13;7;0;0;0;0;2;1;0;0;1;0;0;0;2;0;0;2;1;0;1;3;219;139;143;11;4;5;16;3;23;8;1;0;1;0;6;0;0;0;0;30;0;0;8;1;10;2;0;0;0;0;0;0;0;0;0;1;3;0;2;0;0;0;1;0;0;0;1;0
62;"Szkoła Podstawowa Nr 8, ul. Brodnicka 10, 71-044 Szczecin";326201;"m. Szczecin";"Szczecin";"zachodniopomorskie";1;1;3;1;0;1;0;2;1;0;0;0;0;1;0;0;0;0;0;0;0;0;0;2;0;4;42;44;34;18;5;2;0;3;4;2;1;0;2;1;0;2;0;0;8;2;0;0;1;4;44;34;9;4;6;0;2;1;1;2;0;1;3;0;0;0;2;0;6;3;0;1;3;3;89;25;27;9;48;35;3;3;1;0;1;0;3;3;3;0;0;0;2;7;1;0;2;5;26;12;12;11;3;2;0;1;0;0;1;0;0;0;0;0;0;1;1;0;1;0;0;1;221;194;134;14;6;4;12;3;18;3;1;0;0;0;1;0;0;0;0;38;0;1;10;2;7;4;0;1;0;0;0;1;0;0;0;1;3;0;0;0;0;0;0;0;0;0;0;1
63;"Szkoła Podstawowa Nr 8, ul. Brodnicka 10, 71-044 Szczecin";326201;"m. Szczecin";"Szczecin";"zachodniopomorskie";1;1;15;5;0;0;1;0;2;0;0;0;1;0;0;0;0;0;0;0;0;0;1;0;1;2;69;73;59;25;20;1;3;2;4;8;2;1;1;4;0;0;2;0;6;2;4;1;2;5;59;53;12;4;9;0;0;1;3;0;1;3;2;1;0;0;3;0;4;3;4;2;3;2;74;16;18;8;66;29;7;3;0;0;1;3;1;0;0;1;0;1;0;3;1;1;4;4;53;15;12;5;2;0;1;1;1;1;0;0;1;0;2;0;2;2;0;1;1;1;1;5;294;219;279;11;7;5;12;2;8;8;0;0;3;0;2;0;2;2;0;69;0;3;22;6;14;6;1;7;2;0;0;1;0;1;1;0;4;1;0;0;0;0;0;1;0;0;0;0
64;"Szkoła Podstawowa Nr 8, ul. Brodnicka 10, 71-044 Szczecin";326201;"m. Szczecin";"Szczecin";"zachodniopomorskie";1;1;4;1;1;2;2;0;0;1;0;0;0;0;0;0;1;0;0;0;0;0;0;0;1;1;46;32;38;17;12;1;0;2;9;0;2;0;1;2;0;0;2;2;3;2;0;0;0;2;34;26;10;11;10;1;2;3;3;0;1;3;0;1;2;0;2;1;3;4;0;2;0;0;99;46;34;3;57;36;10;5;0;0;1;1;1;2;5;0;4;0;0;1;1;0;1;8;40;8;7;7;1;0;1;1;3;1;0;1;0;2;1;0;3;1;0;1;0;0;3;4;275;160;185;15;6;3;12;3;25;1;2;0;1;0;2;0;1;4;0;35;1;0;8;4;2;1;0;2;1;0;0;0;0;1;0;0;3;0;0;0;0;2;0;1;0;1;0;0
65;"Zachodniopomorski Uniwersytet Technologiczny Wydział Technologii Chemii, ul. Aleja Piastów 42, 70-065 Szczecin";326201;"m. Szczecin";"Szczecin";"zachodniopomorskie";1;1;9;4;3;2;0;0;2;2;0;1;0;2;0;0;0;0;0;0;1;0;3;0;0;1;62;47;52;20;16;2;1;2;3;4;0;3;3;1;0;1;2;0;1;1;1;0;0;3;59;58;21;8;20;0;2;2;5;5;1;5;0;0;0;0;3;0;5;6;1;3;2;5;110;36;43;4;78;43;7;1;0;0;0;1;2;1;1;0;1;0;0;4;0;0;1;8;45;13;10;15;1;0;0;2;1;1;0;3;0;0;1;1;0;4;0;1;1;1;0;4;299;179;126;12;6;18;15;6;15;10;5;0;1;1;5;1;3;2;1;29;1;1;13;2;8;0;1;0;0;0;0;0;1;0;2;0;1;1;0;0;0;0;0;0;0;0;0;0
66;"Zachodniopomorski Uniwersytet Technologiczny Wydział Technologii i Inżynierii Chemicznej, ul. Kazimierza Pułaskiego 10, 70-322 Szczecin";326201;"m. Szczecin";"Szczecin";"zachodniopomorskie";1;1;7;1;0;1;2;1;1;0;0;0;2;0;0;1;0;0;0;0;0;0;2;0;0;0;31;18;12;7;13;2;0;1;3;2;1;1;1;1;1;3;0;0;0;1;3;0;0;0;46;36;14;6;6;2;3;2;4;2;1;2;2;0;0;0;2;0;4;3;2;3;2;2;63;20;26;7;42;16;6;1;3;0;0;0;2;1;1;0;3;0;0;1;2;0;1;7;22;9;1;7;2;1;1;0;0;1;1;0;0;0;0;0;1;0;0;1;0;0;0;0;144;91;62;3;3;3;11;2;7;4;2;5;1;0;3;1;0;0;2;22;0;0;8;0;6;1;2;0;0;0;0;0;0;0;1;0;0;2;0;0;0;0;1;0;0;0;0;0
67;"Rektorat Zachodniopomorskiego Uniwersytetu Technologicznego, ul. Aleja Piastów 17, 70-310 Szczecin";326201;"m. Szczecin";"Szczecin";"zachodniopomorskie";1;1;3;2;0;0;0;0;0;0;0;0;0;0;1;0;0;0;0;0;0;0;0;0;0;0;12;6;16;7;1;1;0;0;2;3;0;0;2;1;4;1;1;0;0;0;0;2;0;0;17;7;1;8;4;1;0;0;1;0;0;3;1;1;0;0;0;0;1;2;3;0;0;0;38;20;13;0;26;11;3;2;1;1;0;0;1;1;1;0;0;1;0;0;3;0;1;5;12;1;3;5;0;0;0;0;2;0;0;0;0;0;0;0;0;0;0;1;1;0;0;0;74;65;25;3;4;1;9;2;4;4;1;0;0;1;2;1;0;0;0;18;0;1;4;0;1;0;0;0;0;0;0;1;0;0;0;0;1;0;0;0;0;0;0;0;0;0;0;0
68;"I Liceum Ogólnokształcące, ul. Aleja Piastów 12, 70-331 Szczecin";326201;"m. Szczecin";"Szczecin";"zachodniopomorskie";1;1;6;1;0;0;0;0;1;0;0;0;0;1;0;1;0;0;1;0;1;1;1;0;0;2;25;20;11;5;7;3;0;0;1;1;0;2;2;0;1;2;1;0;5;2;0;0;1;1;37;24;4;8;5;1;0;2;0;0;0;0;0;2;0;0;2;0;7;0;1;1;2;0;67;22;34;5;31;40;9;6;1;1;2;0;2;4;1;1;2;1;1;1;1;0;0;10;23;10;3;3;3;1;0;0;2;0;0;0;1;0;1;0;1;1;2;1;4;0;0;1;160;74;73;5;3;5;16;2;4;1;1;1;0;1;0;0;1;0;2;15;0;0;4;1;2;0;0;0;1;0;0;0;0;0;0;0;2;0;0;0;0;1;0;0;0;0;0;0
69;"Szkoła Podstawowa Specjalna Nr 52, ul. Adama Mickiewicza 23, 70-383 Szczecin";326201;"m. Szczecin";"Szczecin";"zachodniopomorskie";1;1;4;4;0;1;0;0;0;2;1;0;0;0;0;0;1;0;0;0;0;0;1;1;0;2;23;22;11;14;6;0;0;0;2;2;0;0;1;0;0;0;2;0;1;0;0;0;0;3;28;21;8;9;11;2;1;0;3;1;3;1;2;1;1;1;4;0;9;4;2;2;2;2;88;18;26;8;32;21;11;1;3;1;2;1;1;1;1;0;1;1;0;1;2;0;1;5;21;8;3;4;4;1;1;0;2;2;0;0;0;1;0;0;2;0;0;0;0;0;1;0;152;106;62;9;6;4;20;6;5;4;0;0;0;1;2;1;1;2;3;30;2;0;3;4;2;1;0;0;0;0;0;0;0;0;1;0;0;0;0;0;0;0;1;0;0;0;0;0
70;"Centrum Psychologiczno-Pedagogiczne w Szczecinie, ul. Adama Mickiewicza 23, 70-383 Szczecin";326201;"m. Szczecin";"Szczecin";"zachodniopomorskie";1;1;4;2;0;0;0;1;2;0;0;0;1;0;2;1;0;0;0;1;0;0;0;1;0;1;19;10;13;6;9;0;2;2;0;0;1;1;1;1;0;0;1;0;2;1;1;0;1;0;16;14;7;9;7;1;3;5;1;2;1;0;1;0;0;0;2;0;0;4;0;1;0;1;62;10;18;0;34;17;5;2;0;1;0;1;0;0;0;0;0;1;0;3;0;0;1;6;21;8;10;2;0;0;0;0;2;0;1;0;0;0;0;0;0;0;1;0;0;0;0;2;125;85;51;1;3;1;10;3;8;4;0;1;1;0;0;1;1;0;0;15;0;1;3;1;4;0;0;0;0;1;0;0;0;0;0;0;1;0;0;0;0;0;0;0;0;0;0;0
71;"Zespół Szkół Nr 6, ul. Józefa Sowińskiego 3, 70-236 Szczecin";326201;"m. Szczecin";"Szczecin";"zachodniopomorskie";1;1;5;2;0;1;0;3;1;2;0;0;0;0;0;0;0;0;0;0;0;0;0;0;1;2;43;46;40;15;12;3;0;1;5;2;0;0;0;5;2;1;2;0;5;3;2;0;0;2;43;42;20;12;8;1;1;2;6;2;2;5;0;0;0;1;3;0;5;1;4;4;6;5;87;16;26;5;82;38;8;2;1;1;2;1;1;2;0;1;2;0;2;0;0;1;1;0;40;11;15;11;0;0;0;1;0;3;1;0;0;0;0;0;0;1;0;0;0;0;1;3;191;120;146;6;10;4;24;6;16;4;1;1;1;3;3;1;0;0;2;44;0;3;6;1;5;1;0;2;0;0;0;0;0;0;0;1;5;0;0;1;0;0;0;0;0;0;0;0
72;"Technikum Ekonomiczne, ul. Józefa Sowińskiego 1, 70-236 Szczecin";326201;"m. Szczecin";"Szczecin";"zachodniopomorskie";1;1;13;2;3;3;0;0;3;0;1;3;0;0;2;2;0;0;1;0;0;0;1;0;0;4;109;77;70;25;31;0;1;6;8;6;2;4;2;4;1;3;4;2;5;4;5;0;1;2;82;66;31;20;20;1;4;5;6;2;4;4;7;4;2;0;3;0;4;5;5;4;2;6;113;48;53;8;108;33;13;4;4;1;0;2;2;1;0;0;1;2;1;5;2;0;1;9;101;28;14;21;1;0;2;2;3;3;0;0;0;2;0;0;1;2;1;0;1;1;1;7;415;169;206;17;9;8;23;13;20;7;1;3;3;1;4;0;2;2;3;48;4;3;16;5;10;8;0;1;1;0;0;0;0;0;0;1;2;0;0;0;0;3;0;0;0;0;0;0
73;"VI Liceum Ogólnokształcące, ul. Jagiellońska 41, 70-382 Szczecin";326201;"m. Szczecin";"Szczecin";"zachodniopomorskie";1;1;7;2;2;2;0;0;0;2;0;1;0;0;0;0;1;0;0;1;0;0;0;0;0;1;33;37;12;12;6;0;3;3;3;2;3;1;1;0;0;3;0;1;0;0;0;0;0;3;37;29;14;9;7;2;1;1;4;1;1;1;3;0;3;0;1;0;1;8;2;3;2;5;76;22;26;5;75;30;10;0;1;0;0;2;1;2;0;0;1;0;1;2;4;0;1;3;35;10;6;6;3;0;0;1;2;1;0;0;0;0;0;0;2;2;0;0;0;1;2;4;196;124;96;12;6;4;25;6;7;3;2;0;3;3;1;0;0;1;0;21;0;0;5;0;5;1;0;1;0;0;0;0;0;0;0;2;0;0;0;0;0;0;1;0;0;1;0;0
74;"VI Liceum Ogólnokształcące, ul. Jagiellońska 41, 70-382 Szczecin";326201;"m. Szczecin";"Szczecin";"zachodniopomorskie";1;1;5;1;0;1;0;0;0;1;2;1;0;0;0;0;1;0;0;0;1;0;0;0;0;1;32;33;21;12;6;1;0;2;2;4;3;2;1;1;1;1;4;0;1;3;4;0;1;0;44;29;9;7;11;0;0;3;2;2;2;4;3;1;2;1;5;1;10;3;0;3;1;7;102;24;27;4;76;28;11;0;0;1;1;0;3;1;0;0;0;2;1;3;2;0;0;4;35;6;3;4;1;1;0;2;2;2;0;1;0;0;0;0;0;1;0;1;1;0;0;2;211;140;89;11;2;1;17;6;9;11;0;3;2;0;2;0;1;1;1;35;2;0;8;4;6;1;1;1;0;0;1;1;3;0;0;0;3;2;0;0;0;0;0;0;0;0;0;1
75;"Szkoła Podstawowa Nr 1, ul. Aleja Piastów 6, 70-327 Szczecin";326201;"m. Szczecin";"Szczecin";"zachodniopomorskie";1;1;5;3;0;1;0;2;1;1;0;0;0;0;1;0;0;1;0;0;0;0;0;0;0;1;22;23;21;10;10;0;1;1;5;2;2;0;1;2;0;0;0;1;2;0;0;0;1;1;17;26;22;8;6;2;0;5;3;2;1;2;3;0;0;1;0;0;5;6;0;13;0;6;57;6;22;2;34;28;14;1;2;2;0;0;0;0;0;0;2;1;1;2;2;0;3;7;25;10;6;5;2;0;5;0;1;2;0;1;0;0;2;0;0;0;0;2;1;0;0;1;139;122;52;2;4;4;25;2;1;1;1;1;4;3;2;0;0;0;1;15;2;2;2;2;4;0;0;3;1;0;0;0;0;0;0;1;0;0;0;0;0;0;0;0;0;0;0;0
76;"Ogólnokształcąca Szkoła Muzyczna I Stopnia, ul. Bolesława Śmiałego 42/43, 70-351 Szczecin";326201;"m. Szczecin";"Szczecin";"zachodniopomorskie";1;1;5;1;0;1;0;1;0;0;0;0;0;1;0;1;0;0;0;0;0;0;0;1;0;5;42;26;24;19;9;0;2;3;3;1;0;0;2;1;1;1;1;0;4;1;0;0;0;0;38;40;7;9;5;1;2;2;2;2;1;0;2;1;0;2;2;0;3;1;3;5;4;3;83;16;35;2;54;38;16;4;1;1;2;1;2;2;1;0;2;0;2;1;4;0;1;8;35;14;9;15;1;0;1;0;1;2;1;1;0;0;0;1;1;0;0;0;1;1;0;4;162;102;83;7;2;4;7;0;7;3;3;0;2;1;0;0;2;0;0;26;0;0;7;0;2;2;0;2;1;0;1;0;0;0;0;0;3;0;0;0;0;0;3;0;0;0;0;0
77;"Rada Osiedla Turzyn, ul. Pocztowa 17, 70-361 Szczecin";326201;"m. Szczecin";"Szczecin";"zachodniopomorskie";1;1;5;1;2;0;1;0;0;1;0;0;0;1;1;0;0;0;0;0;0;0;0;0;1;1;34;32;22;11;12;3;1;3;1;4;1;0;3;1;0;0;1;1;4;3;3;0;0;0;33;29;7;6;7;0;0;1;2;0;0;2;4;1;0;0;1;0;3;3;1;1;1;1;95;24;38;3;76;35;11;0;0;1;2;1;0;3;1;0;2;0;1;0;3;1;2;11;30;9;9;5;0;0;0;0;3;1;0;0;0;0;1;0;2;1;1;0;0;0;1;0;171;117;84;3;3;2;20;1;3;3;2;0;0;2;2;0;1;1;1;25;0;0;1;1;12;1;0;0;1;1;2;0;3;0;0;0;0;0;0;0;0;0;0;0;1;0;0;1
78;"Zachodniopomorskie Stowarzyszenie Rozwoju Gospodarczego S. C. P., ul. Krzysztofa Kolumba 88/89 (sala 102), 70-035 Szczecin";326201;"m. Szczecin";"Szczecin";"zachodniopomorskie";1;1;1;1;0;0;0;0;2;0;0;0;0;0;0;0;1;0;1;0;0;0;1;0;0;2;10;3;6;6;4;0;0;0;1;0;0;0;1;1;0;1;0;0;0;1;2;1;0;0;3;4;3;2;0;0;0;1;2;0;0;2;1;0;0;0;0;1;0;2;3;3;2;1;24;3;12;1;18;13;1;0;2;0;0;1;1;0;1;1;0;1;0;0;1;0;0;3;6;2;3;2;1;0;0;1;0;0;1;0;1;0;0;0;0;0;0;0;0;0;0;0;43;17;17;0;0;2;2;0;0;0;0;0;0;0;0;0;0;0;1;11;0;1;0;0;1;0;0;0;0;0;0;0;0;0;0;0;2;0;0;0;0;0;0;0;0;0;0;0
79;"Szkoła Podstawowa Nr 61, ul. 3 Maja 4, 70-214 Szczecin";326201;"m. Szczecin";"Szczecin";"zachodniopomorskie";1;1;2;1;1;0;0;0;2;0;1;0;0;0;0;0;0;0;0;0;0;0;1;0;0;1;30;10;12;8;3;2;1;5;3;0;2;0;0;3;0;2;4;1;2;2;3;1;0;0;29;26;7;2;7;0;0;1;1;0;0;4;2;1;2;0;1;0;0;1;0;3;1;3;83;26;31;8;46;19;8;4;1;0;1;0;2;1;1;0;3;1;0;1;1;0;0;4;30;6;9;8;2;0;1;1;0;1;0;0;2;0;1;0;0;0;0;0;0;0;0;1;136;67;67;7;9;1;16;5;3;2;3;0;1;2;1;0;0;1;0;23;0;2;1;0;3;0;0;0;0;1;0;0;0;1;1;0;2;0;0;0;0;0;0;0;0;0;0;0
80;"Szkoła Podstawowa Nr 61, ul. 3 Maja 4, 70-214 Szczecin";326201;"m. Szczecin";"Szczecin";"zachodniopomorskie";1;1;2;3;0;0;0;1;1;0;0;0;0;0;0;0;0;0;0;0;0;1;1;0;1;1;26;13;12;9;4;2;0;1;4;0;0;1;0;0;1;2;0;2;5;4;2;0;0;2;20;16;7;7;7;0;1;0;4;0;0;1;1;1;0;0;1;0;0;1;3;0;1;2;44;15;20;1;36;24;1;3;1;0;0;0;1;0;1;2;0;0;0;2;2;0;0;5;26;5;3;7;1;0;1;0;0;0;1;0;0;0;1;1;0;2;2;0;0;0;0;0;106;71;63;0;5;5;11;2;6;3;3;0;1;1;0;0;1;1;1;20;0;0;2;0;9;2;0;0;1;0;0;0;0;0;0;1;0;1;0;0;0;1;0;0;0;0;0;0
81;"Zachodniopomorski Uniwersytet Technologiczny Budynek Jednostek Międzywydziałowych, ul. Aleja Piastów 48, 70-311 Szczecin";326201;"m. Szczecin";"Szczecin";"zachodniopomorskie";1;1;7;2;2;0;0;2;0;0;0;1;0;1;0;0;0;0;0;0;0;0;1;0;2;3;17;21;8;14;8;0;1;1;3;0;1;1;1;0;0;1;2;0;2;3;0;1;2;0;23;17;6;9;3;2;1;0;2;2;1;1;1;1;1;0;0;0;4;4;4;0;1;1;89;27;46;3;39;25;8;1;1;2;1;1;2;2;1;1;2;1;3;4;1;0;2;6;30;15;13;12;3;2;0;1;4;1;3;1;0;0;1;0;0;1;1;0;1;0;2;1;167;82;51;5;4;2;9;3;2;2;2;1;1;1;1;0;1;0;0;16;1;0;4;6;4;0;0;0;2;0;1;0;0;0;0;2;4;0;0;0;0;0;0;0;0;0;0;0
82;"Szkoła Podstawowa Nr 5, ul. bł. Królowej Jadwigi 29, 70-262 Szczecin";326201;"m. Szczecin";"Szczecin";"zachodniopomorskie";1;1;7;2;3;2;0;1;1;0;0;0;0;1;0;0;2;0;0;0;0;0;0;0;0;0;28;22;14;12;2;0;2;1;2;3;3;1;1;5;0;7;0;0;6;0;1;0;0;1;46;23;6;6;7;1;1;2;5;2;2;1;0;1;0;1;3;1;1;4;3;1;1;6;86;18;31;4;68;40;9;3;3;1;1;2;1;6;2;1;3;7;1;0;4;0;0;6;20;14;8;5;2;0;1;0;4;0;0;0;2;0;0;0;0;1;2;0;1;0;2;0;187;113;65;5;4;1;20;9;6;4;0;0;1;4;3;0;3;0;0;22;1;0;8;3;6;1;0;1;1;0;1;0;1;0;0;0;0;0;0;0;1;0;1;0;0;0;0;0
83;"Szkoła Podstawowa Nr 5, ul. bł. Królowej Jadwigi 29, 70-262 Szczecin";326201;"m. Szczecin";"Szczecin";"zachodniopomorskie";1;1;1;3;0;2;0;1;2;0;0;0;1;0;0;0;0;0;0;0;1;0;0;2;0;2;22;19;12;11;6;0;2;4;4;4;1;0;0;1;2;0;0;0;8;1;1;0;0;1;24;20;10;5;5;0;1;6;2;2;0;1;2;0;2;0;1;2;3;3;6;1;0;1;95;20;32;3;54;47;7;3;2;0;3;2;6;1;3;1;2;1;0;4;0;2;2;11;27;13;13;5;0;1;2;1;2;2;1;1;0;0;3;0;0;2;1;1;0;1;3;1;149;72;59;2;1;2;16;1;3;4;3;0;0;0;0;0;0;0;0;19;0;1;8;2;5;1;0;0;0;2;0;0;0;0;0;0;0;0;0;0;0;0;0;1;1;0;0;0
84;"XIV Liceum Ogólnokształcące z Oddziałami Dwujęzycznymi, ul. Mikołaja Kopernika 16a, 70-241 Szczecin";326201;"m. Szczecin";"Szczecin";"zachodniopomorskie";1;1;2;3;0;1;0;0;0;0;0;0;0;0;0;0;0;0;0;0;0;0;0;0;0;1;20;12;6;5;9;0;1;2;0;7;0;1;1;0;7;1;1;1;2;1;3;0;1;1;24;17;8;2;8;1;3;0;1;3;1;2;2;1;0;1;3;1;1;0;4;6;1;6;81;13;38;4;33;20;8;1;2;1;0;0;2;3;0;0;3;2;2;2;1;1;2;7;15;8;8;10;1;1;1;1;0;0;1;1;1;0;0;0;2;1;0;0;1;0;0;1;122;59;53;4;1;6;15;6;5;6;1;0;4;1;0;0;0;0;0;9;0;0;4;0;8;2;3;3;0;1;0;0;1;3;0;0;3;0;0;0;0;0;0;0;0;0;0;0
85;"Zespół Szkół Ogólnokształcących Nr 9, ul. Andrzeja Małkowskiego 12, 70-306 Szczecin";326201;"m. Szczecin";"Szczecin";"zachodniopomorskie";1;1;7;2;0;0;0;0;1;1;1;0;1;0;4;0;0;0;0;0;0;0;0;0;1;1;28;15;13;9;2;2;1;3;0;2;2;0;0;2;0;1;2;0;0;2;1;0;0;0;25;21;10;3;11;0;1;1;3;0;0;1;3;0;0;0;1;0;1;2;2;0;0;2;98;19;33;1;48;33;9;2;1;1;0;0;1;1;2;0;1;3;1;1;4;0;2;13;31;2;8;5;1;0;0;1;4;1;0;0;1;0;0;0;1;1;1;0;0;0;3;2;137;79;53;2;1;4;10;6;2;4;0;1;0;2;0;0;1;0;0;25;1;0;3;1;6;0;0;1;2;1;0;0;0;0;0;0;1;0;0;0;0;0;0;0;0;0;0;0
86;"Zespół Szkół Ogólnokształcących Nr 9, ul. Andrzeja Małkowskiego 12, 70-306 Szczecin";326201;"m. Szczecin";"Szczecin";"zachodniopomorskie";1;1;0;1;1;1;0;0;0;2;0;0;0;0;1;1;1;1;1;0;0;0;0;0;0;0;22;21;8;7;10;1;1;2;3;0;1;0;3;0;0;1;1;0;0;2;2;1;1;0;27;29;12;4;3;1;0;0;6;4;1;4;4;0;0;1;1;0;1;1;3;5;0;2;104;21;41;1;38;22;4;2;0;0;0;1;1;1;0;2;0;0;0;7;2;0;2;10;34;8;8;5;0;1;1;2;2;3;1;0;0;0;1;1;3;0;1;1;0;0;1;1;179;88;67;8;4;2;10;0;9;4;1;1;0;3;0;0;0;0;0;14;1;0;3;2;2;2;1;0;2;0;0;1;1;0;0;0;3;1;0;0;0;0;0;0;0;1;0;0
87;"Przedszkole Publiczne Nr 33, ul. ks. Piotra Ściegiennego 65, 70-352 Szczecin";326201;"m. Szczecin";"Szczecin";"zachodniopomorskie";1;1;3;0;0;0;0;1;0;1;0;0;0;1;1;0;0;0;0;0;0;0;0;0;0;0;25;25;19;7;4;0;0;0;3;0;0;0;2;0;0;3;1;0;6;0;0;1;1;2;34;33;4;4;10;1;2;2;2;0;1;1;2;2;0;0;0;0;2;4;2;1;3;2;102;27;28;4;52;32;2;3;3;0;0;0;2;4;2;1;3;1;2;0;0;0;3;4;30;13;6;6;2;1;0;0;1;2;2;2;0;0;0;1;3;2;0;0;0;0;0;0;155;82;57;5;2;2;13;3;11;1;2;0;0;1;2;0;1;1;1;22;0;1;3;1;10;3;3;1;2;0;0;0;0;1;0;0;5;0;0;0;1;0;1;0;0;0;0;0
88;"Pomorski Uniwersytet Medyczny, ul. Rybacka 1, 70-204 Szczecin";326201;"m. Szczecin";"Szczecin";"zachodniopomorskie";1;1;1;0;0;0;0;0;0;1;0;0;0;0;0;0;0;0;1;0;0;0;0;0;1;0;24;21;12;8;2;1;2;1;2;0;1;1;0;0;0;2;0;2;2;2;0;0;1;2;20;25;9;4;0;1;1;0;1;1;1;1;0;2;0;0;0;1;2;5;0;0;0;1;37;6;21;0;33;18;4;0;1;1;0;0;0;0;0;0;3;0;1;0;0;0;2;3;10;4;7;5;1;0;0;0;0;1;0;0;0;0;0;0;0;0;1;0;0;0;0;1;92;63;58;5;1;4;7;1;2;3;0;0;0;0;1;2;1;0;0;13;0;0;3;1;7;0;1;1;0;0;0;1;0;0;1;0;2;0;0;0;0;0;0;0;0;0;0;0
89;"Szkoła Podstawowa Nr 63 z Oddziałami Integracyjnymi, ul. Grodzka 23, 70-543 Szczecin";326201;"m. Szczecin";"Szczecin";"zachodniopomorskie";1;1;2;4;0;0;1;0;0;0;1;1;0;1;0;0;1;1;0;1;1;0;0;0;0;1;36;19;19;11;8;1;1;1;6;0;1;0;0;0;0;1;0;0;5;2;1;0;0;2;39;18;5;3;5;1;0;1;5;0;0;1;2;2;0;0;2;2;0;2;1;1;0;0;69;9;8;6;46;17;7;2;1;0;1;0;0;0;2;0;0;0;0;1;1;0;0;3;15;5;1;3;0;0;0;0;1;0;5;0;0;1;0;1;1;0;0;1;0;1;0;0;154;76;88;5;3;6;11;5;3;2;0;0;0;1;2;0;1;2;2;20;0;0;9;4;1;1;0;0;0;1;1;0;0;0;0;0;0;0;0;0;0;0;0;0;0;0;0;0
90;"IX Liceum Ogólnokształcące z Oddziałami Dwujęzycznymi, pl. Plac Mariacki 1, 70-546 Szczecin";326201;"m. Szczecin";"Szczecin";"zachodniopomorskie";1;1;2;6;0;1;0;0;3;2;0;0;0;1;0;0;0;0;0;0;0;0;0;0;0;2;28;34;30;14;9;2;1;0;2;0;1;0;2;0;2;3;0;0;3;1;1;0;0;2;42;30;10;10;11;0;1;2;1;1;0;1;0;2;0;0;1;0;3;2;1;4;1;2;117;22;26;4;79;29;6;1;0;0;0;0;3;2;0;0;0;4;0;4;2;0;0;16;42;10;7;4;3;0;1;0;0;0;1;0;0;0;1;0;2;0;2;0;1;1;0;1;224;135;89;6;5;3;13;10;5;3;1;2;1;1;0;0;0;0;3;33;0;2;7;2;12;5;0;2;1;0;1;0;0;0;0;0;1;1;0;0;1;0;1;0;0;0;0;0
91;"Zespół Szkół Ogólnokształcących Nr 9, ul. Andrzeja Małkowskiego 12, 70-306 Szczecin";326201;"m. Szczecin";"Szczecin";"zachodniopomorskie";1;1;2;1;1;0;0;1;1;1;0;1;0;0;0;0;0;0;3;0;0;0;0;0;0;0;25;34;35;13;16;2;1;1;0;0;1;1;3;5;0;2;3;0;0;4;1;0;0;2;34;30;13;10;8;0;1;2;2;1;2;2;3;1;5;0;4;1;5;2;6;3;3;3;120;30;29;7;56;39;6;1;1;0;1;1;2;5;2;0;0;1;0;2;4;0;2;7;38;11;7;13;3;1;1;0;2;0;2;0;0;1;0;0;1;0;0;0;2;0;1;0;200;118;105;13;5;1;19;4;7;8;0;2;2;2;3;0;0;0;4;42;1;0;7;6;10;2;3;1;1;1;0;0;1;1;1;0;7;0;0;0;0;0;0;0;0;0;0;0
92;"Centrum Mistrzostwa Sportowego, ul. Mazurska 40, 70-424 Szczecin";326201;"m. Szczecin";"Szczecin";"zachodniopomorskie";1;1;11;3;0;0;0;0;0;0;1;0;0;0;1;0;0;1;0;0;1;0;0;0;0;1;25;13;10;13;8;1;0;3;2;2;0;0;1;1;1;2;1;0;2;4;3;0;0;1;31;30;9;4;7;0;0;3;1;0;1;0;6;0;1;0;1;0;1;1;2;0;2;2;81;31;19;4;43;32;10;3;1;1;1;0;0;3;0;1;2;0;0;6;4;0;2;13;18;12;8;5;0;0;1;1;0;0;0;0;1;0;0;0;1;0;1;0;0;0;0;1;152;94;87;8;2;3;14;5;2;5;0;0;0;0;1;0;5;0;1;21;1;0;5;3;5;0;1;1;0;0;0;0;0;0;0;1;0;0;0;0;0;0;0;0;0;0;0;1
93;"Centrum Mistrzostwa Sportowego, ul. Mazurska 40, 70-424 Szczecin";326201;"m. Szczecin";"Szczecin";"zachodniopomorskie";1;1;2;1;0;0;0;0;0;0;0;0;0;0;1;0;0;0;0;0;2;0;0;0;0;1;30;14;21;10;9;2;0;3;3;0;0;0;0;2;0;0;4;0;2;2;2;0;0;2;33;21;8;4;9;0;1;3;2;0;1;1;1;0;1;0;2;1;2;1;1;1;3;0;58;28;21;3;48;18;4;1;1;0;1;0;0;1;4;1;1;0;0;1;2;0;0;8;33;8;9;13;1;0;0;1;0;2;0;0;0;0;0;0;1;0;0;1;2;0;0;0;166;86;89;8;0;1;15;2;5;2;1;0;2;0;1;2;1;0;0;23;0;0;5;2;4;1;0;2;0;0;0;0;0;1;0;0;0;0;0;0;0;0;0;0;0;0;0;0
94;"Szkoła Podstawowa Nr 54, ul. Generała Ludomiła Rayskiego 9, 70-426 Szczecin";326201;"m. Szczecin";"Szczecin";"zachodniopomorskie";1;1;5;3;0;1;0;0;1;1;0;2;0;0;0;0;0;0;1;0;0;0;1;0;0;0;14;12;8;6;4;1;2;0;4;0;0;0;1;1;0;1;0;0;1;3;0;0;1;1;17;11;4;8;4;1;2;1;1;2;1;0;1;0;0;0;0;0;6;3;2;1;1;0;59;22;24;2;36;23;3;4;1;2;0;1;6;1;0;0;1;1;0;1;3;1;2;5;21;9;9;2;1;1;0;1;0;2;1;1;0;1;1;0;2;0;0;1;0;0;1;1;133;53;53;2;4;5;6;2;6;0;0;1;1;0;1;0;2;0;1;8;0;0;2;3;3;1;1;1;0;0;1;0;0;0;0;0;1;0;0;0;0;0;0;0;0;0;0;0
95;"Szkoła Podstawowa Nr 54, ul. Generała Ludomiła Rayskiego 9, 70-426 Szczecin";326201;"m. Szczecin";"Szczecin";"zachodniopomorskie";1;1;3;1;1;0;0;1;1;0;0;0;0;0;0;0;0;0;0;0;1;0;0;0;0;3;29;31;21;8;4;1;0;1;3;2;1;1;4;0;2;1;6;1;4;3;2;0;1;2;30;28;13;5;3;1;1;2;1;2;0;1;2;0;0;0;3;1;4;4;1;1;1;4;70;25;41;2;45;35;9;0;2;0;1;6;2;5;0;0;1;1;0;3;2;0;1;9;20;10;15;2;0;1;0;0;1;1;2;0;1;0;0;0;2;1;1;3;1;2;1;3;190;105;91;10;6;3;14;6;8;4;1;1;2;2;0;0;2;1;3;31;0;0;9;3;7;1;0;0;0;0;0;0;0;1;0;2;0;0;0;0;0;0;0;0;1;0;0;0
96;"Szkoła Podstawowa Nr 46, ul. Wacława Felczaka 13, 71-417 Szczecin";326201;"m. Szczecin";"Szczecin";"zachodniopomorskie";1;1;3;1;1;0;0;1;0;0;0;0;0;0;0;0;0;0;0;0;0;0;0;0;0;0;15;13;13;4;1;1;1;0;1;1;0;0;1;1;1;2;0;0;2;1;2;0;1;2;14;13;8;7;3;0;0;0;1;0;1;2;0;0;0;0;1;0;1;1;1;1;3;1;52;15;16;3;39;15;6;6;2;0;0;0;2;0;0;1;1;1;0;4;1;0;0;2;14;6;8;1;1;0;1;0;1;0;1;0;1;0;0;0;0;0;0;1;0;0;0;1;96;40;48;1;3;3;10;2;2;2;1;0;1;2;1;0;0;0;1;10;1;1;3;1;4;0;1;0;0;0;1;0;0;0;1;0;1;0;0;0;0;0;1;0;0;0;0;0
97;"Szkoła Podstawowa Nr 46, ul. Wacława Felczaka 13, 71-417 Szczecin";326201;"m. Szczecin";"Szczecin";"zachodniopomorskie";1;1;1;0;0;0;1;0;0;2;0;0;0;1;0;2;0;0;1;0;0;1;1;0;0;1;20;17;11;10;8;0;1;4;0;1;0;0;1;1;1;1;0;0;3;2;0;0;1;1;27;17;7;7;4;0;1;2;4;1;0;2;1;0;0;0;3;0;2;1;0;2;0;3;56;29;36;3;48;19;3;3;0;0;0;1;4;1;0;0;2;1;0;3;3;0;2;9;22;7;8;4;2;1;1;1;2;0;0;0;0;0;0;0;0;1;0;1;0;1;1;1;152;74;64;7;2;3;15;2;3;3;2;0;0;1;2;1;2;0;2;13;1;0;7;3;3;2;4;0;0;0;0;1;0;1;1;0;2;0;0;0;0;0;0;0;0;0;0;0
98;"Polskie Towarzystwo Walki z Kalectwem, ul. Wielkopolska 32, 70-450 Szczecin";326201;"m. Szczecin";"Szczecin";"zachodniopomorskie";1;1;5;1;1;0;0;1;0;1;0;0;1;1;0;0;0;0;0;0;0;0;0;0;0;2;23;14;8;8;8;0;0;1;5;4;1;0;2;0;0;0;3;0;7;1;3;0;3;2;23;18;5;6;3;0;2;1;2;1;2;5;1;2;0;0;1;0;1;1;2;6;0;1;91;16;21;2;59;30;10;2;0;0;0;1;2;4;2;1;2;2;0;4;1;0;3;2;15;8;8;6;1;0;2;2;2;0;0;0;0;1;0;0;0;0;0;0;2;0;0;4;173;71;84;1;5;0;9;2;1;2;1;0;1;2;2;0;1;1;3;21;0;1;4;0;3;1;0;0;0;1;0;0;0;0;0;0;1;0;0;0;0;0;0;0;0;1;0;0
99;"Publiczna Szkoła Podstawowa Specjalna Nr 67, ul. Wielkopolska 14, 70-450 Szczecin";326201;"m. Szczecin";"Szczecin";"zachodniopomorskie";1;1;2;1;1;1;0;1;1;0;0;0;2;0;0;0;1;0;0;0;0;0;0;0;0;1;28;24;16;6;3;1;1;0;1;1;2;1;1;0;0;0;1;0;1;2;0;0;1;2;28;24;4;7;7;0;1;0;0;1;1;0;1;0;0;0;2;0;2;2;0;1;0;1;65;19;38;2;27;26;2;2;1;0;0;1;2;4;0;0;2;0;0;11;0;0;1;1;26;4;4;1;2;0;1;0;1;0;0;0;0;1;0;0;0;0;0;1;0;0;0;1;134;98;82;5;0;3;11;3;1;1;1;0;0;1;1;2;2;0;0;16;0;1;0;4;3;0;0;1;0;0;0;0;0;0;0;0;0;0;0;0;0;0;1;0;0;0;1;0
100;"Uniwersytet Szczeciński Wydział Nauk Ścisłych i Przyrodniczych, ul. Wacława Felczaka 3c, 71-417 Szczecin";326201;"m. Szczecin";"Szczecin";"zachodniopomorskie";1;1;6;6;0;0;0;2;0;0;0;0;1;1;0;0;0;0;0;0;0;0;0;1;0;2;34;23;13;6;11;1;0;3;4;2;1;2;1;0;0;2;3;0;3;0;1;0;1;1;35;20;11;5;7;1;2;0;2;4;0;1;2;2;0;0;1;0;3;7;1;0;0;0;83;18;23;2;50;22;9;3;0;0;0;1;0;1;2;1;1;1;0;1;1;0;1;7;17;10;5;6;1;0;1;1;1;1;0;1;0;0;1;0;0;1;0;0;0;0;0;0;175;121;101;8;2;2;13;4;6;3;0;0;1;2;1;0;0;1;0;10;1;0;4;6;8;0;1;1;0;1;0;1;0;1;0;0;1;0;0;0;0;0;0;0;0;0;0;1
101;"Zespół Szkół Budowlanych, ul. Unisławy 32/33, 71-402 Szczecin";326201;"m. Szczecin";"Szczecin";"zachodniopomorskie";1;1;0;2;0;0;0;0;0;0;0;0;0;1;0;0;0;0;0;0;0;0;0;0;0;1;16;14;14;2;5;2;0;2;1;0;0;0;0;0;2;0;2;0;3;0;0;1;0;0;16;23;2;2;4;0;1;1;1;1;1;1;2;0;0;4;0;0;3;0;0;0;1;1;37;10;22;1;30;21;3;0;1;0;1;1;0;0;0;0;0;1;0;2;1;0;1;1;11;2;4;2;0;0;0;0;0;0;1;0;0;0;1;0;1;0;0;0;0;0;0;0;82;51;34;5;1;1;8;2;0;2;0;1;0;0;0;0;2;0;1;12;0;1;2;1;3;0;1;1;0;0;0;0;0;0;0;0;1;0;0;0;0;1;0;0;0;0;0;0
102;"Centrum Mistrzostwa Sportowego, ul. Mazurska 40, 70-424 Szczecin";326201;"m. Szczecin";"Szczecin";"zachodniopomorskie";1;1;1;1;0;0;1;0;3;1;1;0;0;0;1;0;0;0;0;1;0;0;0;0;0;1;32;33;19;9;9;4;0;3;7;0;0;4;4;0;0;1;1;0;1;1;2;0;1;4;27;33;6;9;10;0;0;1;4;1;1;2;5;1;2;0;1;0;6;4;3;3;0;1;70;33;48;6;52;33;5;2;0;0;1;1;1;2;1;0;1;0;0;0;1;0;1;10;19;12;3;6;1;0;0;0;4;2;0;2;0;0;2;0;1;1;0;0;0;2;0;0;180;90;96;6;5;5;16;2;1;3;2;1;1;0;0;0;1;0;0;20;2;2;13;1;4;2;0;1;2;0;0;0;0;1;0;1;0;0;0;0;0;0;0;0;0;0;0;0
103;"Izba Skarbowa, ul. Franklina Delano Roosevelta 1, 71-616 Szczecin";326201;"m. Szczecin";"Szczecin";"zachodniopomorskie";1;1;1;1;0;0;0;1;1;0;0;0;0;0;0;0;0;0;0;0;0;0;0;2;0;0;14;7;3;4;4;0;1;2;4;1;0;0;0;1;0;2;0;0;0;0;0;0;0;2;14;15;1;2;0;0;1;0;2;1;1;0;0;0;0;0;1;0;0;1;0;0;0;0;58;22;17;3;24;15;2;1;1;1;1;1;0;1;1;0;1;0;2;1;0;0;0;4;5;2;4;0;0;1;1;0;1;0;0;0;0;0;0;0;0;1;0;1;0;0;0;1;99;45;45;1;2;2;9;0;0;1;1;0;0;0;0;0;0;0;1;9;3;0;2;0;3;0;0;1;0;0;0;0;0;0;0;0;0;1;0;1;0;0;0;0;0;0;0;0
104;"V Liceum Ogólnokształcące z Oddziałami Dwujęzycznymi, ul. Ofiar Oświęcimia 14, 71-537 Szczecin";326201;"m. Szczecin";"Szczecin";"zachodniopomorskie";1;1;9;2;0;3;1;4;1;3;1;1;0;0;2;0;0;1;1;0;1;0;0;0;1;1;52;48;57;14;17;1;2;6;3;1;1;0;2;1;0;3;0;1;7;3;3;0;0;5;58;50;12;13;9;1;2;3;5;3;0;1;0;2;0;0;1;0;7;2;0;2;0;2;145;32;30;7;88;41;9;1;1;1;1;1;3;4;4;0;1;0;0;5;3;0;3;8;31;14;14;14;1;0;2;0;0;5;0;1;1;0;1;0;1;2;2;1;1;0;0;2;286;155;190;13;2;4;25;4;5;7;2;3;0;1;2;1;2;0;2;37;0;0;7;4;6;0;1;0;0;0;2;1;0;0;0;2;0;1;0;0;0;0;0;0;0;0;0;0
105;"Szkoła Podstawowa Nr 56, ul. Jacka Malczewskiego 22, 71-612 Szczecin";326201;"m. Szczecin";"Szczecin";"zachodniopomorskie";1;1;3;1;0;2;0;1;0;0;0;0;0;0;0;0;1;0;0;1;0;0;0;0;0;2;19;21;23;13;11;0;3;2;4;2;1;0;1;1;0;2;3;0;2;0;0;1;0;0;23;42;8;9;8;0;2;1;0;0;4;2;3;2;0;0;2;0;2;5;0;1;2;1;72;21;26;1;43;23;2;2;3;1;0;0;2;2;0;0;0;0;2;6;0;0;3;12;25;6;8;6;3;1;0;0;0;1;1;0;0;0;2;0;1;2;0;0;1;0;1;0;144;105;75;3;3;4;8;3;3;0;0;0;0;1;4;0;0;0;1;28;1;0;4;2;8;0;0;0;1;0;0;2;0;0;0;2;2;1;0;0;0;0;0;0;0;0;0;0
106;"II Liceum Ogólnokształcące, ul. Henryka Pobożnego 2, 70-507 Szczecin";326201;"m. Szczecin";"Szczecin";"zachodniopomorskie";1;1;4;1;0;0;0;0;0;0;0;0;0;0;0;0;0;0;0;0;0;0;1;0;0;0;13;22;20;3;9;0;0;1;2;1;0;1;0;1;1;3;1;0;2;0;3;0;1;0;26;17;9;3;4;0;1;1;1;0;0;1;1;1;1;0;2;1;3;3;2;3;0;2;55;13;8;5;51;25;13;4;0;0;0;1;1;1;0;1;0;0;1;3;0;2;0;5;21;2;6;6;2;0;2;1;0;1;1;0;1;0;2;0;1;0;0;2;0;1;0;1;127;68;84;4;4;2;12;1;6;4;0;1;2;0;0;0;0;0;0;12;0;0;8;7;3;0;0;0;0;0;0;0;0;0;0;1;4;1;0;0;0;0;1;0;0;0;0;0
107;"Przedszkole Publiczne Nr 65, ul. Jana Chryzostoma Paska 34, 71-622 Szczecin";326201;"m. Szczecin";"Szczecin";"zachodniopomorskie";1;1;8;4;3;0;0;1;2;0;0;0;0;2;1;1;1;1;0;0;0;1;1;0;0;1;45;30;24;15;17;1;0;1;2;1;0;2;0;2;0;2;0;0;1;2;3;0;0;1;62;30;9;7;8;0;3;2;5;0;1;0;2;0;2;4;7;4;0;5;4;2;0;4;118;39;36;4;95;70;5;3;1;3;0;1;3;0;1;2;4;1;0;4;3;0;0;12;27;10;10;9;2;1;0;0;0;3;0;1;0;0;0;0;3;0;0;2;0;0;0;1;199;123;137;17;4;4;16;7;8;2;0;1;0;0;3;0;0;0;2;33;1;2;12;2;8;0;0;0;0;0;1;1;0;1;1;1;1;1;0;0;0;0;0;0;0;0;0;1
108;"Technikum Technologii Cyfrowych, ul. Niemierzyńska 17, 71-441 Szczecin";326201;"m. Szczecin";"Szczecin";"zachodniopomorskie";1;1;4;0;0;1;0;3;0;3;1;1;0;1;0;2;0;1;0;0;0;0;0;1;0;1;25;25;18;10;7;0;4;1;3;2;0;2;1;1;0;2;0;0;0;1;1;0;0;3;17;14;9;2;5;0;1;1;1;1;1;0;2;0;0;0;1;2;3;2;1;3;1;0;81;26;19;3;38;42;7;7;3;0;0;2;5;1;1;0;0;0;0;3;4;0;4;11;30;5;9;5;0;0;0;0;3;0;0;0;0;0;0;0;0;0;1;0;0;0;0;1;153;87;77;10;2;5;8;7;1;8;0;2;0;1;1;0;1;0;0;14;0;0;4;4;5;1;1;1;0;0;0;0;0;1;0;1;1;0;0;0;0;0;0;0;0;0;0;0
109;"Zespół Szkół Ogólnokształcących Nr 7, ul. Unisławy 26, 71-413 Szczecin";326201;"m. Szczecin";"Szczecin";"zachodniopomorskie";1;1;4;2;3;1;0;0;0;0;0;1;0;1;1;0;0;0;0;1;0;0;0;0;0;0;24;24;19;10;14;0;0;0;3;2;2;0;1;0;0;1;2;0;3;0;0;0;0;3;45;37;6;9;9;0;1;1;1;0;0;1;0;0;0;0;1;1;1;3;1;2;0;4;67;18;44;2;57;24;7;2;0;2;0;2;2;2;0;0;0;0;0;4;0;0;1;2;15;5;6;9;0;0;4;1;0;0;0;1;0;0;0;0;0;0;0;0;0;0;1;1;144;102;99;12;0;4;11;3;4;3;1;0;1;2;0;0;2;0;0;18;0;0;4;1;6;1;0;0;0;1;0;0;1;0;0;0;0;0;0;0;0;0;1;0;0;0;0;0
110;"Szkoła Podstawowa Nr 69, ul. Jana Zamoyskiego 2, 71-444 Szczecin";326201;"m. Szczecin";"Szczecin";"zachodniopomorskie";1;1;7;4;0;0;0;0;0;2;0;0;1;0;2;0;0;0;1;0;0;0;1;0;0;2;32;34;21;20;14;1;2;3;10;1;0;0;2;5;0;2;0;0;1;6;2;0;0;3;39;39;8;14;5;1;1;0;1;0;0;1;2;1;0;1;2;0;2;4;1;1;2;1;123;37;47;2;78;31;10;1;0;1;1;0;1;1;1;0;0;3;1;4;1;1;2;17;29;12;14;10;0;1;1;1;1;2;4;1;1;0;1;1;1;0;1;0;0;0;2;5;218;92;106;15;3;5;9;4;1;2;3;1;3;1;0;0;2;0;3;32;0;0;5;4;6;2;0;1;1;1;0;0;0;0;0;0;0;0;0;0;0;0;0;0;0;2;1;0
111;"Szkoła Podstawowa Nr 69, ul. Jana Zamoyskiego 2, 71-444 Szczecin";326201;"m. Szczecin";"Szczecin";"zachodniopomorskie";1;1;4;4;0;1;0;2;1;0;0;0;1;0;1;0;0;0;0;0;0;0;1;0;0;1;25;21;17;11;3;3;0;4;2;0;1;1;0;2;2;0;0;0;4;3;0;0;0;1;34;17;14;3;5;2;1;4;2;0;4;0;1;0;0;0;2;0;2;2;1;5;1;4;72;15;43;1;58;33;4;3;1;0;0;3;0;2;0;0;0;4;1;3;2;0;1;7;27;11;7;14;1;2;2;0;0;0;1;1;0;0;0;1;1;0;0;0;1;1;1;0;168;60;85;4;3;3;11;7;2;4;1;1;1;1;0;0;1;1;0;21;0;1;2;1;10;1;1;0;1;0;0;0;0;0;0;2;0;0;0;0;0;0;0;0;0;0;0;0
112;"Zespół Szkół Ogólnokształcących Nr 7, ul. Unisławy 26, 71-413 Szczecin";326201;"m. Szczecin";"Szczecin";"zachodniopomorskie";1;1;1;1;0;0;0;1;0;0;0;0;0;1;1;0;0;0;0;1;1;0;0;0;0;1;30;25;11;9;11;0;1;0;4;1;0;0;0;2;1;1;1;1;2;1;1;0;0;1;29;29;4;5;5;1;0;2;0;0;1;0;2;0;0;0;0;1;3;4;0;4;1;0;52;12;27;0;30;16;0;0;0;1;0;0;0;3;0;0;0;0;0;1;0;0;0;8;18;5;11;4;3;1;1;1;1;1;0;0;1;0;0;0;2;0;1;0;0;0;0;0;131;126;65;5;3;2;6;3;5;9;1;3;1;1;0;1;0;0;1;18;0;0;6;2;8;0;0;2;0;0;0;0;0;0;0;1;1;0;0;0;0;0;0;0;0;0;0;0
113;"Szkoła Podstawowa Nr 10, ul. Kazimierza Królewicza 63, 71-551 Szczecin";326201;"m. Szczecin";"Szczecin";"zachodniopomorskie";1;1;4;1;0;0;0;0;0;2;0;0;0;0;0;0;0;0;0;0;1;0;1;1;0;0;24;31;32;12;12;5;0;0;2;1;0;0;3;1;1;2;0;1;1;3;1;0;0;0;24;27;3;2;8;1;0;0;3;1;1;4;1;2;0;1;2;0;3;3;1;2;2;0;64;31;25;1;65;21;6;2;1;0;0;0;4;0;0;1;1;1;0;4;0;1;2;3;17;6;5;6;0;0;0;0;0;0;0;0;1;0;0;0;0;0;1;0;1;0;0;0;157;90;104;8;4;0;20;4;3;5;1;2;0;0;0;0;0;1;5;13;1;0;2;3;12;5;1;3;0;0;0;1;0;0;0;0;0;0;1;0;0;0;0;0;0;0;0;0
114;"Szkoła Podstawowa Nr 10, ul. Kazimierza Królewicza 63, 71-551 Szczecin";326201;"m. Szczecin";"Szczecin";"zachodniopomorskie";1;1;0;3;0;0;1;0;0;0;0;0;0;0;0;1;0;1;0;1;1;0;0;0;1;0;33;24;26;10;8;1;2;1;4;0;0;2;0;3;0;4;1;1;2;1;2;0;0;0;42;26;7;5;4;0;2;0;2;1;1;1;3;0;0;0;3;0;1;2;1;2;2;1;112;29;43;3;65;27;13;0;1;1;1;0;2;2;5;1;1;0;2;1;1;0;0;10;28;10;18;9;2;0;0;2;0;1;1;0;0;0;0;0;0;0;0;2;0;0;0;0;171;81;76;10;4;6;17;3;2;4;1;0;0;1;2;0;0;0;3;21;0;0;0;2;3;2;0;1;0;2;1;0;0;0;0;0;1;0;0;0;0;0;0;0;0;0;0;0
115;"Szkoła Podstawowa Nr 41 z Oddziałami Integracyjnymi, ul. Św. Św. Cyryla i Metodego 43, 71-540 Szczecin";326201;"m. Szczecin";"Szczecin";"zachodniopomorskie";1;1;4;2;1;1;1;0;3;1;0;0;0;0;0;0;1;0;0;0;0;0;0;0;1;0;47;42;25;14;9;0;1;3;6;0;0;0;3;5;0;3;2;0;9;3;1;0;1;1;33;36;8;7;9;2;3;3;5;3;1;0;5;0;0;0;2;2;1;2;5;1;3;3;101;25;28;5;48;54;10;2;0;1;2;0;2;2;0;0;0;1;0;4;1;0;0;5;37;10;15;9;1;0;0;0;2;0;1;0;1;1;0;0;0;3;0;1;1;0;1;2;187;108;169;9;4;3;19;3;5;3;0;0;2;0;1;0;1;2;2;29;1;1;4;6;5;2;3;0;1;0;1;1;2;0;0;1;7;0;0;0;0;0;0;0;0;0;0;0
116;"Szkoła Podstawowa Nr 41 z Oddziałami Integracyjnymi, ul. Św. Św. Cyryla i Metodego 44, 71-540 Szczecin";326201;"m. Szczecin";"Szczecin";"zachodniopomorskie";1;1;3;3;0;0;0;1;2;2;0;1;0;1;0;1;0;2;0;0;1;0;0;1;0;0;14;10;12;3;4;0;0;2;3;0;0;0;1;0;0;0;0;0;1;0;2;0;0;2;24;12;6;4;3;0;1;1;4;1;2;0;1;0;0;0;1;0;1;1;0;3;2;2;81;26;24;2;34;17;4;0;0;0;0;0;1;2;0;0;3;1;1;5;3;0;2;8;16;3;6;3;0;1;0;3;1;0;1;0;0;0;0;0;0;0;0;0;0;1;0;1;125;64;76;7;2;2;8;2;2;0;0;0;1;1;0;0;0;1;0;14;0;0;8;4;3;0;0;0;1;0;0;0;0;0;0;2;1;0;0;1;0;0;0;0;0;0;0;0
117;"Szkoła Podstawowa Nr 41 z Oddziałami Integracyjnymi, ul. Św. Św. Cyryla i Metodego 44, 71-540 Szczecin";326201;"m. Szczecin";"Szczecin";"zachodniopomorskie";1;1;1;0;1;0;0;1;1;3;1;0;0;0;1;0;0;2;0;0;0;0;0;0;0;1;24;24;22;6;11;0;1;1;5;1;0;0;0;1;2;2;2;1;1;2;0;0;0;0;31;32;9;3;6;1;1;6;2;2;2;0;2;3;0;0;1;2;3;3;0;1;1;4;108;21;50;2;59;41;4;2;0;0;1;4;1;2;0;0;0;0;1;2;3;0;5;12;26;11;5;7;2;2;0;0;0;0;0;1;0;0;2;0;2;0;0;0;0;0;0;1;200;97;147;7;0;7;16;4;3;2;3;0;0;0;0;1;0;0;2;27;0;0;0;4;3;1;0;0;0;0;0;0;0;2;0;0;1;0;0;0;0;0;0;0;0;0;0;0
118;"Szkoła Podstawowa Nr 41 z Oddziałami Integracyjnymi, ul. Św. Św. Cyryla i Metodego 43, 71-540 Szczecin";326201;"m. Szczecin";"Szczecin";"zachodniopomorskie";1;1;7;2;0;0;1;1;1;1;0;1;0;0;0;0;0;0;0;0;0;1;0;0;0;1;33;37;26;17;13;2;1;1;3;0;0;1;1;5;2;3;2;0;3;4;3;0;1;2;49;42;9;7;8;1;1;3;2;2;0;1;4;0;0;1;5;0;1;4;0;4;1;4;109;31;62;1;74;56;8;1;2;2;0;1;1;1;2;0;3;0;2;3;1;1;0;14;32;14;7;10;2;1;1;1;0;0;0;0;0;0;0;0;3;1;0;1;0;0;2;2;215;128;109;11;3;1;7;5;7;4;0;1;0;1;2;1;0;1;3;25;0;1;1;0;5;1;0;1;0;1;0;0;0;0;0;0;2;0;0;0;0;0;0;0;0;0;0;0
119;"Rada Osiedla Niebuszewo – Bolinko, ul. Juliana Ursyna Niemcewicza 39, 71-553 Szczecin";326201;"m. Szczecin";"Szczecin";"zachodniopomorskie";1;1;8;2;3;4;0;0;0;0;0;1;0;0;1;1;1;0;0;1;0;0;0;0;0;0;48;29;22;15;11;2;3;0;3;0;0;0;4;4;1;2;1;0;3;2;0;0;0;1;42;30;17;6;18;1;4;0;2;0;1;1;5;1;3;1;0;1;3;2;2;4;1;4;129;49;33;6;75;42;12;5;3;1;0;1;0;1;0;0;2;1;0;3;1;0;0;10;41;16;15;8;1;1;2;0;3;0;2;0;0;1;0;1;4;0;2;0;1;1;1;0;273;127;134;1;16;2;20;2;8;3;1;0;2;1;1;1;1;0;1;23;0;0;6;0;6;0;5;1;0;0;2;0;0;0;0;0;1;0;0;0;0;0;0;0;0;0;0;1
120;"Technikum Łączności i Multimediów Cyfrowych, ul. Ku Słońcu 27/30, 71-080 Szczecin";326201;"m. Szczecin";"Szczecin";"zachodniopomorskie";1;1;1;2;0;1;0;0;0;0;0;1;0;0;0;0;0;0;0;0;0;1;0;2;1;1;15;29;16;7;9;0;0;0;1;0;0;0;1;0;0;0;0;0;1;1;1;0;0;1;25;12;0;4;7;0;1;1;4;0;1;2;0;0;0;0;1;0;1;1;3;0;0;1;56;18;6;2;42;9;3;1;1;1;0;1;2;1;1;0;0;1;0;1;1;0;1;5;13;5;6;7;1;0;1;2;1;0;0;0;0;0;0;1;1;0;0;0;0;2;1;0;92;54;39;6;3;2;8;0;6;3;0;1;1;1;0;0;0;0;0;25;1;4;7;0;6;1;0;1;0;0;0;0;0;0;0;0;1;0;0;0;0;0;0;0;0;0;0;0
121;"Szkoła Podstawowa Nr 51, ul. Stanisława Mikołajczyka 20, 71-075 Szczecin";326201;"m. Szczecin";"Szczecin";"zachodniopomorskie";1;1;3;2;2;1;0;2;2;1;0;3;0;2;0;0;0;0;0;0;0;0;0;1;0;3;59;44;28;16;13;1;2;2;4;0;1;1;1;3;0;3;2;0;4;0;2;0;0;2;35;26;17;8;11;0;1;1;3;1;0;3;3;2;1;1;2;1;3;0;0;1;0;2;105;20;31;5;58;39;7;2;0;2;0;0;1;2;1;0;3;0;1;0;1;0;0;3;38;14;11;5;3;0;2;2;1;1;0;0;0;0;4;0;0;1;0;0;3;0;0;0;209;137;154;15;4;4;12;3;8;9;4;2;2;0;0;1;1;0;0;73;3;1;5;3;4;0;1;4;1;1;0;1;0;2;0;0;3;0;0;0;0;0;0;2;0;0;0;0
122;"Szkoła Podstawowa Nr 51, ul. Stanisława Mikołajczyka 20, 71-075 Szczecin";326201;"m. Szczecin";"Szczecin";"zachodniopomorskie";1;1;2;2;2;0;1;1;0;0;0;1;0;0;0;0;0;0;0;0;0;0;0;0;2;2;17;8;20;5;6;0;1;1;5;0;0;0;2;1;3;0;2;2;4;3;0;0;3;1;22;19;1;5;7;0;0;1;6;4;0;3;0;1;0;1;5;0;0;1;2;1;0;2;92;27;25;6;54;21;4;3;1;2;1;1;1;6;2;0;2;1;1;3;3;2;0;6;27;8;4;0;0;0;1;0;1;0;1;0;1;2;2;0;1;0;0;0;0;2;0;1;151;77;64;6;2;1;18;0;5;3;1;0;0;0;1;0;1;0;1;35;1;0;8;1;2;2;5;4;0;1;0;0;0;0;0;2;1;0;0;0;0;0;0;0;0;0;0;0
123;"Publiczne Przedszkole Nr 74, ul. 26 Kwietnia 3, 71-126 Szczecin";326201;"m. Szczecin";"Szczecin";"zachodniopomorskie";1;1;2;1;2;1;1;1;0;1;1;0;0;0;0;0;0;0;0;0;0;1;0;0;0;2;28;13;22;6;8;2;0;1;2;0;0;0;2;1;2;1;1;0;0;1;1;0;2;2;36;18;6;4;6;0;4;0;5;0;1;2;0;1;1;0;0;1;0;0;3;1;0;3;102;39;23;3;51;28;2;3;2;1;1;0;0;1;3;3;1;0;1;3;5;0;2;6;22;1;8;5;0;0;0;0;0;1;0;0;1;0;0;1;0;0;1;0;0;0;0;0;204;106;68;8;2;4;17;3;2;2;1;1;0;1;1;0;1;1;3;41;0;1;4;2;5;1;1;0;0;0;0;0;0;0;1;2;0;0;0;0;0;0;3;0;0;0;0;0
124;"Publiczne Przedszkole Nr 74, ul. 26 Kwietnia 3, 71-126 Szczecin";326201;"m. Szczecin";"Szczecin";"zachodniopomorskie";1;1;5;2;0;1;0;1;2;2;0;1;0;0;2;0;2;0;0;0;0;0;0;0;0;0;29;16;24;5;7;1;1;0;5;1;0;1;1;1;0;0;1;0;3;3;2;0;0;1;43;33;5;9;5;1;3;0;3;0;0;0;1;1;1;0;3;0;2;3;2;0;0;2;134;50;29;5;93;24;9;5;2;4;0;1;0;3;1;0;1;0;0;3;1;0;2;8;24;6;11;5;0;0;0;0;0;1;2;1;0;0;1;0;1;1;0;0;2;0;0;2;246;98;83;11;2;6;22;2;2;1;0;0;0;0;1;0;1;0;1;39;0;1;8;0;6;2;0;1;1;0;2;0;2;0;0;1;0;0;0;1;1;0;0;0;0;0;0;0
125;"Przedszkole Publiczne Nr 10, ul. Wołogoska 5, 71-131 Szczecin";326201;"m. Szczecin";"Szczecin";"zachodniopomorskie";1;1;3;1;2;1;0;0;0;0;1;1;0;1;3;0;1;0;0;0;0;1;0;3;0;0;41;58;40;19;9;2;1;2;2;0;0;0;1;1;2;1;1;0;3;0;0;0;2;0;35;40;14;16;7;0;4;1;0;0;2;3;4;2;0;2;5;0;10;0;2;1;1;2;119;45;20;4;69;39;5;2;0;0;0;0;0;0;2;0;2;1;0;5;1;0;1;7;33;2;8;4;0;0;0;0;0;0;0;1;0;0;0;0;1;0;0;1;2;2;1;0;214;283;135;7;4;1;16;0;3;2;0;0;1;0;1;0;2;0;1;60;0;3;10;2;15;0;0;0;0;1;3;0;1;1;0;0;1;0;0;0;0;0;0;0;0;0;0;0
126;"Szkoła Podstawowa Nr 21 z Oddziałami Integracyjnymi, ul. Stanisława Ignacego Witkiewicza 40, 71-122 Szczecin";326201;"m. Szczecin";"Szczecin";"zachodniopomorskie";1;1;3;1;1;0;0;1;0;0;0;1;0;0;0;0;0;0;1;0;1;0;0;0;0;1;31;45;20;12;9;1;0;1;8;2;1;0;1;1;0;1;0;0;3;0;0;0;1;0;52;38;7;7;12;1;2;1;4;0;0;5;2;1;0;0;1;1;5;3;0;1;2;5;128;45;27;1;72;12;8;3;0;1;1;1;0;3;1;0;1;3;1;4;1;0;0;6;33;9;10;8;3;0;2;2;2;1;0;0;0;0;0;0;1;1;1;1;0;0;0;1;220;129;93;11;3;7;12;1;6;5;0;2;1;2;1;0;2;1;4;34;0;1;9;1;6;3;2;1;0;0;0;4;1;0;1;1;0;0;0;0;0;1;1;0;0;0;0;0
127;"Szkoła Podstawowa Nr 21 z Oddziałami Integracyjnymi, ul. Stanisława Ignacego Witkiewicza 40, 71-122 Szczecin";326201;"m. Szczecin";"Szczecin";"zachodniopomorskie";1;1;3;4;0;1;1;1;1;0;0;1;0;0;1;1;1;0;1;1;2;1;0;2;0;2;47;32;42;21;18;1;3;0;0;4;0;0;0;2;0;1;2;0;4;4;1;0;2;0;52;51;15;11;8;1;1;2;4;0;2;0;3;4;0;1;1;3;2;4;4;2;2;1;143;46;23;4;68;36;6;2;1;0;2;0;3;0;0;0;5;1;0;3;3;3;0;9;32;12;12;7;2;0;0;0;0;1;1;0;0;1;0;2;2;1;1;1;1;3;1;0;244;176;139;13;3;3;18;0;5;7;2;0;0;0;1;1;1;1;6;66;0;4;0;6;8;2;0;1;1;2;1;1;1;0;0;1;2;0;0;0;0;1;1;0;0;0;0;0
128;"Szkoła Podstawowa Nr 51, ul. Jodłowa 21, 71-114 Szczecin";326201;"m. Szczecin";"Szczecin";"zachodniopomorskie";1;1;0;2;1;0;0;0;1;0;0;0;0;0;1;0;1;0;0;0;0;0;0;0;0;1;26;24;9;10;7;1;0;0;2;1;0;1;2;1;0;0;4;0;2;0;1;0;0;1;21;6;2;2;6;0;0;1;2;1;0;1;2;0;0;1;3;1;0;2;0;2;3;0;55;36;30;4;44;20;2;1;0;0;0;1;2;1;0;0;1;2;1;2;1;0;2;5;13;8;4;3;2;0;0;0;2;1;0;0;0;0;0;0;0;0;0;0;0;0;0;1;121;51;52;8;1;1;15;2;3;1;0;0;0;1;0;0;0;1;0;40;0;0;4;1;8;0;2;1;0;0;0;1;1;0;0;0;0;0;0;0;0;0;0;0;0;0;0;0
129;"Szkoła Podstawowa Nr 51, ul. Jodłowa 21, 71-114 Szczecin";326201;"m. Szczecin";"Szczecin";"zachodniopomorskie";1;1;5;1;0;1;0;0;0;0;0;0;0;0;0;0;1;0;0;0;0;0;0;0;0;1;24;18;7;11;7;0;2;0;2;1;1;0;0;2;0;2;1;0;0;1;2;1;0;2;28;15;8;4;4;0;0;0;2;1;0;1;1;1;1;1;2;0;1;1;0;8;0;1;73;21;11;1;50;18;3;0;0;0;0;0;0;0;0;0;1;0;0;2;1;0;0;2;18;5;4;2;0;0;1;0;1;0;1;0;0;1;0;0;0;0;0;1;3;0;0;0;138;83;77;15;6;2;10;4;1;1;1;1;5;1;0;0;1;0;0;57;1;0;2;4;5;1;2;5;1;0;0;0;0;0;0;0;2;0;0;0;0;0;0;0;0;0;0;0
130;"VII Liceum Ogólnokształcące, ul. Jana Styki 13, 71-138 Szczecin";326201;"m. Szczecin";"Szczecin";"zachodniopomorskie";1;1;1;1;0;0;1;0;1;1;0;0;0;0;0;0;1;0;0;0;0;0;0;2;0;0;36;29;22;14;6;1;0;1;8;2;0;3;2;1;0;0;0;1;4;0;1;0;5;2;42;16;8;6;9;0;2;1;2;1;0;2;1;0;0;0;8;0;4;2;0;1;2;3;109;38;22;4;86;25;3;2;2;1;2;1;1;4;0;1;0;0;1;4;2;0;0;8;23;7;11;7;4;1;1;0;0;1;1;1;1;1;0;0;0;3;0;0;0;0;0;0;269;124;104;5;0;3;13;3;9;1;1;0;0;1;2;1;2;2;3;59;0;0;6;3;7;0;0;2;1;1;1;0;1;0;0;0;1;0;0;0;0;0;0;0;0;0;0;0
131;"Szkoła Podstawowa Nr 48, ul. Czorsztyńska 35, 71-201 Szczecin";326201;"m. Szczecin";"Szczecin";"zachodniopomorskie";1;1;5;6;1;1;0;0;1;1;0;1;0;2;2;1;1;0;0;0;0;1;0;0;0;0;34;49;23;19;6;0;1;1;3;2;0;1;1;0;1;3;3;1;3;1;0;0;2;5;45;39;5;13;7;0;2;2;2;1;1;2;2;1;0;0;2;1;5;3;2;5;1;0;127;30;33;8;70;22;7;2;3;0;0;1;3;0;5;0;0;0;2;3;0;0;3;12;38;13;13;6;0;0;0;0;1;3;0;0;0;1;0;0;0;0;0;0;0;1;0;3;213;186;129;10;0;1;25;2;2;6;2;1;0;0;0;0;0;0;0;73;1;0;4;1;3;3;0;1;0;0;0;0;0;0;0;0;0;0;0;1;0;0;0;0;0;0;0;0
132;"Szkoła Podstawowa Nr 48, ul. Czorsztyńska 35, 71-201 Szczecin";326201;"m. Szczecin";"Szczecin";"zachodniopomorskie";1;1;11;3;2;0;0;1;0;1;1;0;2;2;0;0;0;0;0;0;0;0;0;0;1;3;57;41;42;17;17;3;1;1;1;2;1;1;1;4;0;2;0;0;3;1;3;0;0;2;58;43;9;11;12;0;2;4;6;4;2;0;5;1;1;0;0;0;0;2;2;3;2;0;110;20;28;7;47;22;7;4;0;0;1;0;1;1;0;1;0;0;1;0;0;0;0;5;36;16;13;3;1;1;2;0;1;3;0;1;0;0;0;0;0;0;1;1;2;0;0;3;259;167;159;9;4;2;11;5;11;4;0;0;2;0;0;0;3;0;1;114;0;1;9;3;7;4;1;2;2;0;0;2;0;1;3;0;0;0;1;0;0;0;0;0;1;0;0;0
133;"Szkoła Podstawowa Nr 48, ul. Czorsztyńska 35, 71-201 Szczecin";326201;"m. Szczecin";"Szczecin";"zachodniopomorskie";1;1;3;6;1;1;0;0;3;4;1;0;1;0;0;0;0;0;0;0;0;0;0;0;0;1;42;64;28;12;17;0;0;0;5;4;0;1;0;1;1;2;4;0;3;3;1;0;0;0;55;30;5;7;10;2;1;3;11;4;3;3;2;0;0;0;3;0;8;1;0;4;2;1;60;37;25;4;60;32;5;1;4;3;1;1;2;1;0;0;2;1;0;1;0;0;0;10;49;11;13;6;0;2;1;0;1;0;0;2;0;0;0;0;2;0;0;0;1;0;0;3;240;112;154;8;6;6;22;8;8;3;3;2;0;0;1;1;2;0;1;85;0;1;10;0;5;4;3;0;0;0;2;3;0;0;1;1;3;0;0;0;0;0;0;0;0;0;0;0
134;"Szkoła Podstawowa Nr 48, ul. Czorsztyńska 35, 71-201 Szczecin";326201;"m. Szczecin";"Szczecin";"zachodniopomorskie";1;1;6;2;6;1;1;0;2;2;0;0;0;1;0;0;0;1;1;2;0;0;1;0;1;1;63;86;57;23;22;2;2;3;7;3;1;1;3;3;1;7;3;2;3;3;5;0;0;0;52;34;12;6;9;0;5;0;6;0;1;5;5;3;1;0;10;0;3;4;0;1;5;1;72;29;21;7;88;22;9;1;1;0;1;0;0;3;0;0;0;1;2;4;0;0;2;4;67;15;19;13;3;2;2;1;3;1;0;2;0;0;3;0;2;0;3;1;1;0;1;3;262;223;209;20;7;6;26;3;8;7;9;2;0;1;6;0;1;0;1;128;0;1;5;1;10;0;0;4;0;0;1;1;0;1;0;3;2;1;0;1;0;0;0;0;0;1;0;0
135;"Szkoła Podstawowa Nr 48, ul. Czorsztyńska 35, 71-201 Szczecin";326201;"m. Szczecin";"Szczecin";"zachodniopomorskie";1;1;3;3;1;0;0;1;0;1;0;0;0;0;0;0;0;2;0;0;0;0;0;0;1;1;42;29;25;12;4;1;3;2;4;4;3;0;0;0;1;1;0;1;4;3;0;0;1;1;40;34;8;7;10;2;1;1;1;1;0;3;3;0;0;0;2;0;5;2;0;3;0;4;119;27;13;2;59;29;4;1;0;0;3;2;2;3;3;0;1;2;0;6;2;0;1;11;35;8;15;3;2;0;0;1;0;0;1;0;2;0;0;0;0;0;0;1;1;1;0;1;234;206;130;9;4;5;11;4;7;3;1;0;1;0;0;0;0;0;2;39;0;5;4;1;7;1;1;3;0;1;0;0;0;1;0;2;1;0;0;0;0;0;0;0;0;0;0;0
136;"Zespół Szkół Ogólnokształcących Nr 4, ul. Eugeniusza Romera 2, 71-246 Szczecin";326201;"m. Szczecin";"Szczecin";"zachodniopomorskie";1;1;6;2;0;1;1;2;1;3;0;0;1;0;0;0;0;1;1;1;0;0;2;0;0;1;40;51;50;21;9;0;1;2;5;7;0;1;7;0;1;0;0;0;5;1;0;0;1;1;62;43;12;4;13;1;2;1;1;1;1;2;4;6;0;0;1;0;5;4;2;0;1;1;88;24;25;5;91;44;11;1;2;1;0;4;2;1;3;1;1;1;0;3;3;1;4;11;44;10;14;10;0;1;2;0;3;4;0;1;0;0;1;1;0;0;0;1;1;0;2;1;246;221;187;32;8;2;17;5;9;2;2;2;2;1;3;0;1;1;4;133;0;4;16;1;16;4;0;2;0;0;1;0;2;0;0;0;0;0;0;0;0;0;0;0;0;0;0;0
137;"Zespół Szkół Samochodowych, ul. Sebastiana Klonowica 14, 71-244 Szczecin";326201;"m. Szczecin";"Szczecin";"zachodniopomorskie";1;1;5;1;1;0;0;0;0;0;0;0;0;0;1;0;0;0;2;0;0;0;2;0;0;0;26;18;11;8;7;0;0;0;2;1;1;1;3;1;0;0;1;0;2;0;0;0;0;0;33;23;3;5;6;0;0;1;1;0;0;1;0;0;0;0;6;0;1;0;0;0;0;1;29;9;10;1;38;14;7;0;0;0;0;1;0;0;1;0;0;0;0;1;1;0;1;1;16;5;3;3;0;0;0;0;0;0;0;0;0;2;0;0;0;0;0;0;0;0;0;0;111;64;55;14;1;0;6;1;2;1;0;0;0;1;0;0;0;0;0;47;0;1;3;2;6;0;0;2;0;0;0;0;0;0;0;1;2;0;0;0;0;0;0;0;0;0;0;0
138;"Przedszkole Publiczne Nr 58, ul. prof. Krzysztofa Marlicza 26, 71-246 Szczecin";326201;"m. Szczecin";"Szczecin";"zachodniopomorskie";1;1;2;1;0;0;0;0;1;0;0;0;0;2;0;1;0;0;0;0;0;0;0;0;0;0;19;13;25;16;6;1;2;1;0;2;0;0;2;1;0;2;2;0;0;1;2;0;0;1;49;21;9;7;4;1;1;2;5;1;0;1;4;0;0;1;4;0;1;2;2;3;1;0;116;34;23;9;90;28;11;1;1;1;1;0;2;1;3;1;2;1;0;4;3;0;0;10;22;4;12;4;1;0;1;0;1;1;0;1;1;0;1;0;0;0;0;2;0;0;0;0;190;103;70;9;4;4;11;2;3;2;0;0;2;1;1;0;1;0;1;117;0;1;1;0;3;1;0;2;1;0;0;1;0;0;0;0;1;0;0;0;0;0;0;0;0;0;0;0
139;"Szkoła Podstawowa Nr 45 z Oddziałami Integracyjnymi, ul. Tadeusza Zawadzkiego 75, 71-246 Szczecin";326201;"m. Szczecin";"Szczecin";"zachodniopomorskie";1;1;3;3;2;0;0;2;2;0;0;0;0;0;1;2;0;0;0;0;1;0;0;0;2;1;36;25;11;9;8;1;2;1;5;4;0;0;0;1;1;1;0;0;2;6;1;0;1;1;47;30;11;13;8;1;1;0;4;1;3;1;3;0;0;1;1;1;1;3;5;2;2;3;130;22;33;3;99;35;9;2;3;1;5;1;1;4;1;0;1;1;0;2;1;0;1;7;42;14;8;9;1;0;2;1;3;0;0;3;2;0;1;0;1;2;1;0;1;1;0;0;195;101;97;6;0;1;10;6;9;5;0;0;2;1;3;0;4;0;3;145;0;1;5;1;4;3;0;1;1;1;0;0;0;0;0;0;6;0;0;0;0;0;0;0;2;0;0;0
140;"Szkoła Podstawowa Nr 45 z Oddziałami Integracyjnymi, ul. Tadeusza Zawadzkiego 75, 71-246 Szczecin";326201;"m. Szczecin";"Szczecin";"zachodniopomorskie";1;1;1;0;1;0;0;0;1;0;0;1;1;0;0;0;1;0;1;1;0;0;1;0;0;5;37;35;13;7;5;1;0;3;3;3;1;0;0;0;1;1;1;0;2;3;2;0;0;1;73;23;4;15;1;1;4;0;3;4;2;0;2;0;0;0;6;0;5;1;1;2;2;2;107;35;32;6;87;25;7;2;2;0;0;5;2;0;5;1;1;0;0;1;1;0;3;5;26;8;8;8;3;1;0;2;1;3;1;0;0;0;2;0;0;2;1;0;0;1;2;3;235;105;114;14;2;4;18;2;3;6;0;0;2;0;0;1;0;0;2;102;0;0;6;2;2;0;1;1;0;0;1;0;0;0;0;0;4;0;1;0;0;0;0;0;0;0;0;1
141;"Tramwaje Szczecińskie Sp. z o. o. (Budynek Zarządu), ul. Sebastiana Klonowica 5, 71-241 Szczecin";326201;"m. Szczecin";"Szczecin";"zachodniopomorskie";1;1;1;4;2;1;1;1;0;1;0;0;0;2;2;0;0;0;0;1;1;0;0;0;0;2;28;33;28;11;10;0;0;4;2;2;1;1;1;0;0;2;0;2;1;1;1;0;2;1;55;30;7;9;6;2;3;2;2;1;0;2;4;1;0;0;1;0;0;4;3;4;4;3;118;33;27;4;96;26;3;2;2;1;0;1;1;2;3;0;1;1;0;0;3;0;0;8;21;2;12;3;4;0;1;1;2;1;0;1;1;1;0;0;0;0;0;0;2;0;0;1;281;176;110;10;2;4;19;3;9;2;1;0;1;0;0;0;0;0;0;151;1;0;3;6;4;0;1;2;0;1;0;1;0;0;0;1;0;0;0;0;0;0;0;0;0;0;0;0
142;"Szkoła Podstawowa Nr 53, ul. Budzysza Wosia 8 - 9, 71-273 Szczecin";326201;"m. Szczecin";"Szczecin";"zachodniopomorskie";1;1;3;1;0;0;0;0;1;0;0;0;0;0;0;0;0;0;0;0;0;0;0;0;0;1;13;11;16;8;6;1;0;1;2;0;0;0;2;0;1;1;0;0;3;0;1;0;0;0;22;11;6;8;5;1;0;0;2;1;1;0;4;0;0;0;2;0;1;1;1;0;2;2;78;9;24;1;23;13;7;0;1;1;0;0;0;1;2;0;0;0;0;1;0;0;0;2;14;5;12;1;0;0;0;0;0;0;0;0;0;0;0;0;0;2;0;1;0;1;1;2;97;60;40;0;0;0;5;1;3;1;0;1;0;0;0;1;0;0;0;47;0;0;2;1;1;0;0;0;0;0;1;0;1;0;1;1;0;0;0;0;0;0;0;0;0;0;0;0
143;"Zachodniopomorski Uniwersytet Technologiczny Wydział Ekonomiczny, ul. Klemensa Janickiego 31, 71-270 Szczecin";326201;"m. Szczecin";"Szczecin";"zachodniopomorskie";1;1;6;2;0;2;0;0;0;2;0;1;0;0;0;2;0;0;1;0;0;0;0;0;0;3;34;17;19;18;8;2;1;5;3;2;4;0;2;1;0;1;0;0;3;2;4;0;0;0;22;30;7;19;7;0;1;1;1;5;0;2;3;0;0;1;3;0;3;2;1;3;3;2;127;17;25;3;40;25;4;3;1;0;0;4;1;3;2;1;0;1;0;1;1;0;1;7;18;13;5;8;4;0;1;4;2;2;2;0;0;1;0;0;2;2;1;1;1;1;0;4;185;83;79;5;0;6;17;5;1;2;1;0;3;0;1;0;1;0;1;58;0;2;8;0;9;4;1;1;1;0;0;0;1;1;0;0;2;0;0;0;0;0;0;0;0;0;0;0
144;"Zespół Szkół Samochodowych, ul. Sebastiana Klonowica 14, 71-244 Szczecin";326201;"m. Szczecin";"Szczecin";"zachodniopomorskie";1;1;4;2;0;0;0;1;1;0;0;0;0;1;0;0;0;0;0;0;0;0;2;1;0;0;29;23;51;11;6;0;0;1;3;2;1;0;0;0;0;0;1;1;1;2;0;0;0;1;30;30;2;3;10;0;3;2;0;2;0;2;3;0;1;0;3;0;2;5;0;1;1;2;75;18;25;1;57;20;10;3;1;0;2;0;2;2;2;0;2;0;0;2;1;0;0;5;14;5;4;3;0;0;1;0;0;1;1;1;0;0;0;0;3;0;0;0;0;0;0;1;143;87;83;9;1;2;5;7;4;1;1;0;0;0;2;0;1;0;1;81;1;0;7;2;3;2;0;0;2;0;2;0;0;0;2;2;0;0;0;0;0;0;1;0;0;0;0;0
145;"Szkoła Podstawowa Nr 3, ul. Władysława Stanisława Reymonta 23, 71-276 Szczecin";326201;"m. Szczecin";"Szczecin";"zachodniopomorskie";1;1;2;2;1;0;0;0;0;0;0;0;0;0;0;0;0;0;0;0;0;0;0;0;1;0;23;34;27;17;7;1;1;2;4;0;1;0;0;2;0;0;0;0;3;1;1;0;0;0;46;23;6;8;5;0;4;0;4;0;0;2;0;0;0;1;0;0;0;1;2;0;0;1;88;16;17;1;64;18;4;2;1;1;0;0;0;0;0;0;0;0;1;0;2;0;2;6;18;7;7;5;0;0;0;0;2;1;1;0;0;0;0;0;1;0;0;0;0;1;0;2;201;175;113;4;2;0;12;3;2;0;1;0;1;0;0;0;0;0;0;42;1;0;9;1;3;0;2;0;0;1;0;1;0;1;0;1;2;0;1;0;0;0;0;0;0;0;0;0
146;"Uniwersytet Szczeciński Wydział Ekonomii, Finansów i Zarządzania, ul. Adama Mickiewicza 64, 71-101 Szczecin";326201;"m. Szczecin";"Szczecin";"zachodniopomorskie";1;1;0;4;0;1;0;1;1;0;0;0;0;0;0;0;0;1;0;0;0;0;0;0;0;0;36;28;29;15;8;0;0;2;4;0;1;0;1;1;2;1;0;0;3;1;1;1;0;0;29;22;11;8;5;1;3;0;0;2;0;0;2;0;1;1;2;0;7;2;2;0;1;0;71;23;11;2;49;23;5;1;0;0;1;1;4;1;2;0;3;2;1;3;0;0;3;5;17;5;4;4;2;0;0;0;1;1;0;0;0;0;1;0;1;0;2;0;2;0;0;5;184;133;70;6;4;1;10;7;5;0;0;3;3;0;0;0;1;0;0;49;2;0;6;3;5;2;1;1;0;0;1;1;1;0;1;1;2;1;0;0;0;0;0;0;0;0;0;0
147;"Szkoła Podstawowa Nr 3, ul. Władysława Stanisława Reymonta 23, 71-276 Szczecin";326201;"m. Szczecin";"Szczecin";"zachodniopomorskie";1;1;2;3;0;0;0;0;2;0;1;0;0;0;0;0;0;0;0;0;0;0;0;0;0;1;33;21;24;7;5;0;0;1;1;0;0;1;1;2;0;2;1;0;1;1;1;0;0;0;38;30;7;8;2;0;3;2;1;2;0;1;2;2;0;2;0;0;4;3;0;2;0;1;96;28;12;8;33;15;3;1;0;2;0;1;0;1;1;0;0;0;0;2;0;0;1;6;23;8;7;2;1;0;0;0;0;0;0;0;0;0;0;1;0;0;0;0;0;0;0;1;201;193;98;13;4;1;14;0;3;5;1;1;0;0;1;0;0;1;0;42;2;0;7;2;3;0;0;1;0;0;0;0;0;0;0;0;2;0;0;0;0;0;0;0;0;0;0;0
148;"Liceum Ogólnokształcące z Oddziałami Integracyjnymi, ul. Aleja Wojska Polskiego 119, 70-490 Szczecin";326201;"m. Szczecin";"Szczecin";"zachodniopomorskie";1;1;6;2;2;0;0;0;2;0;0;0;0;0;0;0;0;0;0;0;0;0;0;0;0;0;27;28;36;6;10;1;1;1;2;0;1;1;0;2;0;1;0;1;6;0;1;0;1;4;31;29;10;10;7;1;1;2;3;0;0;0;8;1;6;1;2;0;4;0;1;1;1;2;75;17;15;4;59;18;7;1;1;0;3;0;1;0;2;1;4;0;0;7;3;0;0;6;33;7;18;5;0;1;2;1;2;1;0;0;0;1;0;0;0;0;1;0;0;0;0;0;172;193;84;20;5;5;12;2;7;3;0;4;1;1;1;1;0;1;2;26;0;2;9;3;7;2;1;0;0;2;0;1;0;0;0;0;0;0;0;0;0;0;1;1;0;0;0;0
149;"Liceum Ogólnokształcące z Oddziałami Integracyjnymi, ul. Aleja Wojska Polskiego 119, 70-490 Szczecin";326201;"m. Szczecin";"Szczecin";"zachodniopomorskie";1;1;4;2;1;2;0;1;0;1;0;0;0;0;1;0;0;0;0;0;0;0;3;0;0;0;20;22;19;8;10;0;2;2;2;1;1;2;0;2;1;2;1;0;4;1;0;0;0;0;24;26;10;6;7;0;1;0;3;2;1;1;1;0;0;0;1;0;2;0;1;1;1;0;62;5;19;5;31;32;5;1;0;0;2;0;0;0;0;0;1;0;0;3;1;0;0;12;19;11;5;5;0;0;0;0;0;1;0;0;0;1;1;1;1;1;0;0;0;0;0;1;131;102;77;10;2;2;4;0;5;3;1;0;0;1;1;2;0;0;0;16;0;0;9;2;4;0;0;1;2;0;0;1;0;0;0;0;1;0;0;0;0;0;0;0;0;0;0;1
150;"Rada Osiedla Pogodno, ul. Ks. bpa Ignacego Krasickiego 6, 71-333 Szczecin";326201;"m. Szczecin";"Szczecin";"zachodniopomorskie";1;1;6;2;0;0;0;3;1;1;1;0;0;1;2;0;0;0;0;0;0;0;0;0;1;1;40;40;47;22;9;1;1;1;4;0;0;2;2;1;2;3;2;0;3;1;0;1;0;1;35;36;13;12;16;0;1;0;0;1;0;4;2;1;0;0;1;0;2;6;1;1;0;3;94;16;16;8;67;27;2;2;0;2;0;5;2;0;4;0;0;0;0;4;0;0;0;5;41;12;5;6;1;0;0;2;0;0;0;0;0;0;0;1;2;3;0;0;0;0;0;1;247;207;131;20;4;2;7;3;7;3;1;0;0;1;1;0;0;0;2;58;0;1;6;4;3;0;0;0;0;0;0;0;3;0;0;0;1;0;0;0;0;0;1;0;0;0;0;0
151;"Publiczna Szkoła Podstawowa „Na Głębokiem”, ul. Jaworowa 41, 71-382 Szczecin";326201;"m. Szczecin";"Szczecin";"zachodniopomorskie";1;1;1;1;0;0;0;2;0;1;1;0;0;0;0;1;0;0;1;0;0;0;2;1;0;0;8;47;7;2;2;0;0;1;1;2;1;0;0;0;1;0;1;1;0;3;1;0;0;0;18;15;5;4;3;0;2;0;1;1;0;1;11;1;0;0;0;0;0;1;1;1;1;0;53;13;5;0;35;16;1;0;0;2;0;1;1;0;39;0;1;0;0;0;0;0;0;2;7;6;2;3;0;0;0;0;0;0;0;0;0;0;0;0;0;0;0;1;0;0;0;2;107;125;58;18;2;1;6;0;3;1;1;0;1;0;0;0;0;0;2;29;0;0;6;1;4;0;0;0;0;2;0;0;0;0;0;0;1;0;0;0;0;0;0;0;0;0;0;0
152;"Szkoła Podstawowa Nr 68, ul. Zakole 1a, 70-454 Szczecin";326201;"m. Szczecin";"Szczecin";"zachodniopomorskie";1;1;3;7;1;3;1;1;3;2;0;0;0;0;1;0;0;1;1;0;0;0;0;0;0;0;45;54;27;12;24;2;1;4;3;1;1;1;1;1;0;4;2;1;2;3;0;0;0;2;39;28;8;8;8;0;1;0;6;2;1;2;4;2;1;0;3;0;2;0;2;4;2;1;144;57;53;7;110;44;16;1;0;0;1;4;2;0;0;0;1;2;1;1;2;0;0;19;37;14;16;9;1;0;2;0;2;0;0;1;1;0;1;0;1;0;0;0;1;2;0;5;252;147;134;18;5;2;10;3;4;4;0;0;1;0;3;0;2;0;1;51;0;1;5;5;12;3;1;2;1;1;1;0;2;2;1;0;0;0;0;0;0;3;0;0;0;0;0;0
153;"Szkoła Podstawowa Nr 68, ul. Zakole 1a, 70-454 Szczecin";326201;"m. Szczecin";"Szczecin";"zachodniopomorskie";1;1;5;3;1;0;0;1;2;1;0;0;0;1;0;0;0;0;0;0;0;0;2;0;0;1;65;84;61;30;18;3;1;1;4;1;1;3;4;2;1;4;2;0;6;1;3;0;0;4;53;50;14;11;7;0;1;2;4;6;4;2;2;0;0;1;3;1;3;2;3;1;1;2;91;57;35;5;122;35;9;1;1;0;0;0;0;1;1;1;4;1;1;5;3;0;1;5;50;12;18;15;1;3;4;1;4;1;0;0;1;0;0;1;1;1;2;0;3;0;0;2;268;205;251;32;6;7;29;7;11;6;0;0;2;2;2;1;3;0;3;62;0;3;17;1;5;0;0;1;0;0;0;1;0;0;1;0;2;1;0;0;0;0;0;0;0;0;0;0
154;"Przedszkole Publiczne Nr 50, ul. Franciszka Gila 13, 71-457 Szczecin";326201;"m. Szczecin";"Szczecin";"zachodniopomorskie";1;1;7;4;2;3;1;1;0;0;1;0;0;0;0;0;1;0;0;0;1;0;1;0;0;2;28;47;41;14;15;0;3;2;2;2;0;0;2;2;0;5;2;0;4;2;2;1;2;2;47;35;9;6;10;1;1;2;1;4;4;0;3;0;0;0;3;0;5;2;0;5;0;1;96;29;39;4;79;35;4;2;0;2;3;4;2;3;1;0;1;0;0;4;1;1;2;6;39;13;15;9;2;1;1;2;1;7;0;1;1;0;2;0;3;2;0;4;1;1;1;0;238;138;149;14;5;2;13;4;3;2;0;1;2;0;4;1;1;0;3;30;1;0;4;3;3;1;1;2;2;1;1;0;0;0;0;1;1;0;0;0;0;0;0;0;0;0;0;0
155;"Szkoła Podstawowa Nr 7, ul. Stanisława Wojciechowskiego 50, 71-476 Szczecin";326201;"m. Szczecin";"Szczecin";"zachodniopomorskie";1;1;0;2;1;1;1;1;1;2;1;0;0;0;1;0;0;0;0;0;1;0;1;1;1;1;26;29;39;13;14;2;2;1;5;0;0;2;0;1;0;0;2;0;2;2;0;1;2;2;38;36;9;8;8;1;0;2;2;1;1;3;2;2;0;0;2;0;0;3;0;5;0;4;91;41;39;2;68;27;4;1;0;1;3;7;2;1;2;1;0;1;1;1;2;0;0;15;43;10;12;10;2;0;2;1;0;0;0;0;0;0;1;2;3;1;0;0;0;1;0;1;211;141;134;11;0;1;10;6;3;3;0;1;0;0;3;0;0;2;0;28;0;0;3;4;10;2;0;1;1;0;0;1;1;0;0;0;0;0;0;0;0;0;0;0;0;0;0;0
156;"Szkoła Podstawowa Nr 7, ul. Stanisława Wojciechowskiego 50, 71-476 Szczecin";326201;"m. Szczecin";"Szczecin";"zachodniopomorskie";1;1;3;3;0;1;0;2;1;0;2;0;0;0;0;0;0;0;0;0;0;0;0;0;0;1;39;23;23;6;10;2;1;2;0;3;1;0;1;1;0;4;1;0;5;0;1;0;0;3;29;10;10;6;4;0;7;1;3;1;0;1;2;1;0;0;0;0;2;4;2;2;0;2;87;30;33;6;48;28;6;1;3;1;2;1;1;1;1;1;1;1;0;3;1;0;2;5;17;7;5;6;2;0;0;2;0;0;0;0;0;0;0;0;0;1;1;0;1;1;1;1;182;128;106;10;3;1;13;3;6;2;1;0;0;0;1;0;1;0;1;24;0;0;2;1;11;1;0;0;0;1;0;2;0;0;0;0;0;0;0;0;0;0;0;0;0;0;0;0
157;"Zespół Szkół Elektryczno-Elektronicznych, ul. Księcia Racibora 60, 71-631 Szczecin";326201;"m. Szczecin";"Szczecin";"zachodniopomorskie";1;1;3;1;1;0;0;0;1;1;1;0;0;1;0;0;0;0;0;1;0;0;0;0;1;1;12;18;11;11;3;0;0;1;1;1;2;0;0;2;1;0;1;0;1;3;2;0;1;3;18;11;12;3;2;0;1;1;1;0;1;1;2;0;0;0;0;0;2;1;2;4;1;6;58;10;18;3;39;27;4;0;0;0;0;2;0;3;0;0;1;1;0;0;3;0;0;4;10;2;3;6;1;0;0;0;2;1;0;0;0;0;1;0;0;0;0;0;0;1;2;1;86;41;40;6;1;1;4;8;3;1;1;0;1;0;1;0;0;0;1;11;0;0;1;1;0;1;1;0;0;0;0;0;0;0;0;0;2;0;0;0;0;0;0;0;0;0;0;0
158;"Szkoła Podstawowa Nr 11, ul. Stanisława Dubois 38, 71-610 Szczecin";326201;"m. Szczecin";"Szczecin";"zachodniopomorskie";1;1;7;3;0;0;0;0;3;0;0;0;0;1;1;2;1;0;0;0;0;0;1;0;0;1;32;21;15;8;11;1;0;1;7;0;1;0;1;4;0;1;2;0;2;0;1;0;0;0;35;26;7;5;6;1;2;1;2;0;1;2;3;2;0;0;6;1;2;3;2;1;1;2;94;35;31;2;77;40;12;7;2;2;2;2;1;0;1;0;1;2;0;2;1;0;1;14;33;4;10;17;1;1;1;1;1;2;4;1;0;0;2;0;1;0;0;0;1;0;0;1;153;96;89;9;1;1;13;6;3;3;1;0;0;0;3;0;1;0;4;14;0;1;3;0;5;1;1;1;1;0;1;1;1;0;0;0;0;0;0;0;0;0;1;0;0;0;0;0
159;"Szkoła Podstawowa Nr 11, ul. Emilii Plater 20, 71-632 Szczecin";326201;"m. Szczecin";"Szczecin";"zachodniopomorskie";1;1;6;3;1;2;1;6;0;4;0;0;0;1;1;0;0;0;0;1;0;0;0;0;0;2;43;35;31;11;17;0;4;3;2;2;0;1;2;1;2;1;2;1;1;5;2;0;3;1;42;29;7;6;6;1;1;2;6;2;1;4;1;3;0;0;2;0;4;2;3;0;1;1;98;34;43;6;82;38;12;3;0;1;1;0;3;2;0;2;0;0;0;7;3;0;0;9;42;16;10;11;5;1;1;1;3;1;0;0;1;0;0;0;1;0;0;1;0;2;0;1;221;116;113;5;5;4;12;3;5;5;0;3;0;0;2;0;0;0;1;26;1;0;0;2;3;2;0;2;0;0;1;0;1;0;0;0;2;0;0;0;0;0;0;0;0;0;0;0
160;"Przedszkole Publiczne Nr 73, ul. Ceglana 4, 71-636 Szczecin";326201;"m. Szczecin";"Szczecin";"zachodniopomorskie";1;1;3;1;1;1;0;0;0;4;0;0;0;1;0;0;0;1;0;1;0;1;0;1;0;4;36;24;25;13;4;0;2;2;5;0;1;0;0;1;1;2;1;0;3;1;0;0;2;0;19;23;9;13;11;0;2;1;2;0;0;3;1;2;1;0;3;0;3;3;4;3;2;1;118;37;45;6;93;39;9;4;3;0;1;0;2;1;0;1;2;0;0;7;0;0;0;9;18;6;5;13;0;0;1;0;0;0;0;0;0;0;0;0;0;2;2;1;1;0;0;1;197;95;115;17;3;2;16;1;5;4;1;1;0;1;0;0;0;0;1;16;0;0;4;1;1;0;0;0;0;0;2;0;0;1;1;0;1;0;0;0;0;0;0;0;0;0;1;1
161;"Szkoła Podstawowa Nr 11, ul. Stanisława Dubois 38, 71-610 Szczecin";326201;"m. Szczecin";"Szczecin";"zachodniopomorskie";1;1;4;1;2;0;0;0;3;1;2;0;1;0;0;2;0;0;0;0;0;0;0;0;1;5;29;47;23;15;10;0;3;4;5;5;1;0;1;1;0;1;0;0;4;1;6;2;2;0;27;39;8;5;6;0;2;3;4;1;2;2;5;0;1;0;0;0;6;4;1;1;5;1;101;39;51;3;102;64;12;6;0;0;1;0;2;5;2;1;3;0;0;3;3;2;0;9;24;11;12;11;0;2;2;2;3;4;0;2;0;0;1;0;1;0;0;0;0;0;2;1;243;136;105;11;3;3;7;8;7;0;2;2;2;2;1;0;2;0;0;41;0;1;6;1;4;0;0;0;0;0;1;0;1;0;0;0;0;0;0;0;0;0;0;0;0;0;0;0
162;"Filia Przedszkola Publicznego Nr 50, ul. Junacka 13, 70-494 Szczecin";326201;"m. Szczecin";"Szczecin";"zachodniopomorskie";1;1;7;1;1;0;0;1;0;0;0;1;0;0;1;1;0;2;0;0;1;0;0;0;1;1;75;86;84;21;15;2;0;3;9;1;0;0;2;1;2;0;4;1;4;0;2;1;0;2;85;50;19;12;13;2;2;3;7;0;1;1;3;14;1;0;2;1;7;5;0;1;1;1;160;45;40;2;138;43;7;2;1;0;0;3;4;0;8;0;1;1;1;6;3;0;3;6;66;25;27;9;4;2;0;0;2;1;0;1;0;0;1;0;0;0;0;0;1;1;3;4;361;381;329;38;16;5;29;6;9;3;3;3;2;0;5;4;3;0;0;41;1;1;20;3;18;1;0;0;1;1;2;0;0;1;0;0;3;1;2;0;0;0;1;0;0;0;0;0
163;"Przychodnia Zdrowia, ul. Łucznicza 64, 71-504 Szczecin";326201;"m. Szczecin";"Szczecin";"zachodniopomorskie";1;1;2;4;2;2;0;1;1;0;0;0;0;0;1;0;0;0;1;0;1;0;0;0;0;3;30;30;31;4;12;1;1;1;0;3;0;1;0;2;0;2;0;0;2;1;3;1;1;2;30;33;4;4;4;0;0;2;1;0;0;0;1;0;1;0;1;2;4;0;1;3;1;2;79;16;29;2;86;19;2;2;2;0;1;0;0;1;1;1;0;1;0;0;1;1;3;8;22;11;2;6;1;1;1;0;0;0;0;0;1;0;0;1;2;1;0;0;0;1;0;1;115;74;129;7;1;3;6;1;6;0;0;1;1;2;1;0;2;0;3;16;0;0;6;2;5;1;3;0;0;0;1;0;0;1;0;0;1;1;0;0;0;0;1;1;1;0;0;0
164;"Przychodnia Zdrowia, ul. Łucznicza 64, 71-504 Szczecin";326201;"m. Szczecin";"Szczecin";"zachodniopomorskie";1;1;0;5;0;0;0;0;1;3;0;0;0;0;0;0;0;0;0;0;0;0;0;0;0;0;34;26;25;16;9;0;1;2;4;2;1;2;0;1;0;3;2;0;4;2;0;0;0;1;30;21;5;7;7;0;7;0;3;0;0;3;0;0;2;0;2;0;2;3;3;3;0;1;73;19;51;8;80;29;9;2;1;0;1;3;2;4;2;0;2;2;1;4;2;0;2;9;32;13;8;10;0;1;0;0;4;0;0;0;0;0;1;0;0;0;0;1;0;1;4;1;176;105;170;8;0;1;14;4;4;3;0;1;0;0;1;0;0;0;1;19;0;0;4;1;8;2;4;0;0;0;2;0;0;0;0;0;3;0;1;0;0;0;0;0;0;0;0;0
165;"Stowarzyszenie Nasze Warszewo, ul. Szczecińska 12, 71-786 Szczecin";326201;"m. Szczecin";"Szczecin";"zachodniopomorskie";1;1;5;2;2;1;1;0;0;0;0;1;0;0;0;0;1;1;0;0;0;1;0;0;0;3;74;71;79;21;30;1;1;3;5;1;2;0;6;1;1;5;2;1;6;5;4;4;2;3;70;47;15;15;8;0;5;2;4;0;2;0;2;1;1;0;2;0;3;5;4;4;1;2;112;27;54;12;105;46;8;2;0;1;1;0;0;2;1;0;2;2;0;3;0;0;1;9;51;25;10;21;2;1;0;3;3;1;0;0;1;0;4;2;4;2;2;1;0;0;2;4;358;309;342;46;11;5;29;6;7;4;1;1;0;1;1;0;1;0;1;51;0;1;20;3;11;1;1;1;0;1;0;0;0;0;2;0;3;0;0;0;0;0;0;0;0;0;0;1
166;"Sala Gimnastyczna, ul. Szczecińska 12, 71-786 Szczecin";326201;"m. Szczecin";"Szczecin";"zachodniopomorskie";1;1;12;1;0;2;0;1;1;1;0;1;0;0;0;0;0;0;0;0;1;0;1;2;0;4;72;98;147;25;24;2;4;4;4;2;1;0;2;3;0;7;7;2;8;1;2;0;0;1;62;44;16;6;21;1;2;1;5;2;1;4;1;2;0;0;2;1;3;6;2;1;5;2;75;20;40;8;110;34;6;2;0;0;0;0;0;2;0;0;0;2;0;4;1;1;1;9;60;20;17;18;2;0;1;1;0;2;0;0;1;0;1;1;1;0;1;0;0;2;1;4;339;261;505;59;8;4;24;5;11;2;1;1;2;1;0;0;1;0;2;68;0;1;18;3;15;4;1;1;1;0;0;0;1;0;1;2;5;0;0;0;0;0;0;0;0;0;0;0
167;"Szkoła Podstawowa Nr 7 (WEJŚCIE A), ul. Złotowska 86, 71-795 Szczecin";326201;"m. Szczecin";"Szczecin";"zachodniopomorskie";1;1;4;1;2;1;0;0;2;0;0;0;0;2;1;0;0;0;0;0;0;0;0;0;1;1;41;31;33;19;14;2;2;2;3;2;0;1;0;1;1;4;0;0;2;0;4;0;1;4;35;32;12;4;4;3;0;3;0;0;0;0;0;0;1;1;0;0;1;2;0;1;0;2;49;15;28;3;68;21;8;3;0;0;0;2;0;0;2;0;3;0;0;1;1;0;2;3;36;7;13;7;1;0;0;0;1;0;1;0;0;0;1;0;1;0;0;0;2;1;0;8;175;154;181;47;4;2;10;5;6;4;1;0;3;1;0;0;1;0;0;32;2;2;6;2;8;0;2;0;0;0;2;0;0;0;0;0;0;1;0;0;0;0;0;0;0;0;0;0
168;"Szkoła Podstawowa Nr 7 (WEJŚCIE A1), ul. Złotowska 86, 71-795 Szczecin";326201;"m. Szczecin";"Szczecin";"zachodniopomorskie";1;1;4;3;0;0;0;0;0;0;0;0;0;0;1;0;0;1;1;0;1;0;0;0;0;3;39;53;57;11;9;0;0;1;6;1;2;2;0;5;0;1;1;0;2;5;1;0;0;1;41;21;6;3;8;0;0;0;2;1;1;2;2;1;0;0;3;0;3;2;0;1;0;0;67;41;31;3;101;23;8;0;1;1;0;0;1;3;2;0;0;0;0;3;0;0;1;5;27;7;14;12;0;2;1;0;3;0;0;0;1;0;0;0;1;2;0;2;0;0;3;0;179;185;161;36;0;2;11;2;5;3;1;0;1;2;0;0;0;0;1;14;0;0;4;3;11;1;2;0;0;2;1;0;1;0;1;0;0;0;0;0;0;0;0;0;0;0;0;0
169;"Szkoła Podstawowa Nr 7 (WEJŚCIE B), ul. Złotowska 86, 71-795 Szczecin";326201;"m. Szczecin";"Szczecin";"zachodniopomorskie";1;1;2;4;0;2;0;2;1;0;0;0;0;2;2;0;0;1;0;0;0;0;0;0;0;0;48;46;43;17;10;1;3;3;4;3;0;0;1;0;1;2;2;0;2;2;4;0;0;0;47;38;6;6;4;1;0;0;4;1;3;2;2;0;2;2;3;0;1;4;0;1;2;6;64;15;22;1;68;16;3;0;1;0;3;0;3;0;1;0;0;0;0;4;2;0;1;1;32;17;19;4;4;0;2;1;2;0;2;0;0;0;0;0;0;0;1;0;0;0;2;2;187;133;269;0;6;3;17;3;5;3;1;0;2;1;2;0;1;0;1;36;0;0;5;0;7;1;0;2;0;0;0;1;0;0;0;1;1;0;0;0;0;1;0;1;0;0;0;0
170;"Szkoła Podstawowa Nr 35, ul. Świętoborzyców 40 Blok A1 (Aula), 71-665 Szczecin";326201;"m. Szczecin";"Szczecin";"zachodniopomorskie";1;1;2;2;0;0;0;0;0;1;0;0;1;0;0;0;0;0;0;0;0;0;0;0;0;0;53;29;58;11;10;0;1;1;4;4;0;1;2;4;0;4;0;0;6;4;2;1;1;3;46;44;5;10;15;1;1;0;4;0;1;3;2;4;1;0;2;2;2;2;2;4;1;2;111;28;56;5;167;28;4;3;1;0;1;1;1;4;0;0;1;1;1;0;2;1;1;5;43;12;14;6;0;1;1;0;0;3;0;0;0;0;2;0;1;0;0;0;0;0;1;0;226;148;314;20;9;7;11;6;2;4;1;3;0;1;2;0;2;0;1;27;1;1;5;1;6;1;0;0;0;1;0;0;1;0;0;0;2;0;0;0;0;0;1;1;0;0;0;0
171;"Szkoła Podstawowa Nr 35, ul. Świętoborzyców 40 (Hala Sportowa), 71-665 Szczecin";326201;"m. Szczecin";"Szczecin";"zachodniopomorskie";1;1;5;4;1;3;0;0;3;3;0;0;0;0;0;1;0;0;0;0;0;0;2;1;1;4;57;29;50;17;12;0;0;5;1;2;0;0;1;3;2;0;2;1;3;5;2;0;1;1;34;31;11;2;4;0;2;0;1;2;2;1;5;1;0;0;2;0;0;1;3;2;2;3;136;44;40;2;145;39;11;1;3;1;0;1;0;3;1;2;2;0;0;3;2;0;0;8;31;6;6;11;1;1;1;3;1;0;1;0;0;0;1;0;0;0;1;0;1;2;3;3;218;119;309;11;5;7;10;2;4;4;3;1;1;0;0;0;1;0;1;21;0;2;2;2;6;2;2;1;2;0;1;1;0;1;0;0;1;0;0;0;0;0;0;0;0;0;0;0
172;"Przedszkole Publiczne Nr 59, ul. Księżnej Zofii 3, 71-665 Szczecin";326201;"m. Szczecin";"Szczecin";"zachodniopomorskie";1;1;3;1;0;1;0;1;0;0;0;0;0;0;0;0;0;0;1;2;0;0;0;0;0;3;52;31;36;17;17;4;0;3;4;1;0;4;0;0;1;3;2;0;8;1;0;0;0;1;46;30;10;6;4;1;0;2;3;0;3;1;2;1;1;0;3;0;2;5;2;1;3;1;115;22;56;2;150;26;8;1;1;1;0;1;0;2;0;0;0;0;1;5;3;1;0;4;38;11;10;13;1;0;2;0;0;0;0;0;0;0;0;2;0;1;0;1;0;0;1;0;165;85;331;8;2;1;10;5;5;0;1;1;2;0;0;1;1;0;1;38;0;0;10;0;0;0;0;0;0;0;0;0;0;0;0;0;0;0;0;0;0;0;0;0;0;0;0;0
173;"Przedszkole Publiczne Nr 59, ul. Księżnej Zofii 3, 71-665 Szczecin";326201;"m. Szczecin";"Szczecin";"zachodniopomorskie";1;1;5;1;0;0;0;2;1;1;0;1;0;0;1;1;0;0;0;0;0;1;1;0;1;1;29;20;13;12;4;0;0;0;2;1;2;1;0;1;0;2;0;0;1;0;1;0;1;0;30;28;1;6;6;1;0;0;5;0;0;0;0;1;0;0;2;0;4;1;0;0;1;2;78;20;21;2;98;24;9;1;0;0;0;0;2;5;0;0;0;0;0;0;0;0;1;4;12;2;7;12;0;0;0;0;1;0;0;0;0;0;0;0;2;0;0;0;0;0;0;0;141;65;191;5;5;2;3;0;0;0;0;0;1;1;0;0;0;0;1;11;0;0;3;2;3;5;1;0;0;0;0;0;1;0;1;0;3;0;0;0;0;0;0;0;0;0;0;0
174;"Przedszkole Publiczne Nr 14, ul. Ks. bpa Władysława Bandurskiego 56, 71-685 Szczecin";326201;"m. Szczecin";"Szczecin";"zachodniopomorskie";1;1;12;6;2;0;0;4;2;0;0;1;0;1;1;1;1;1;0;0;1;0;0;1;0;3;51;48;44;19;17;0;0;2;4;1;1;0;0;0;0;0;0;0;2;1;0;0;1;1;42;24;9;12;12;2;2;0;2;0;3;3;7;0;0;2;2;1;5;1;1;2;4;2;180;31;59;8;121;22;8;2;2;0;1;2;3;3;1;1;4;1;1;7;2;1;2;10;27;11;9;12;0;1;1;2;2;0;1;0;0;1;1;0;0;2;1;0;1;0;1;0;273;142;263;13;11;1;14;4;5;6;2;2;0;1;2;1;0;0;1;43;0;1;3;0;7;1;0;1;0;0;1;0;9;1;0;3;2;0;1;0;0;0;0;0;0;0;0;0
175;"Szkoła Podstawowa Nr 18, ul. Komuny Paryskiej 20, 71-681 Szczecin";326201;"m. Szczecin";"Szczecin";"zachodniopomorskie";1;1;5;1;2;2;1;1;0;1;1;2;0;1;0;0;0;0;0;0;0;1;0;0;1;1;28;19;17;6;7;5;0;1;4;1;0;0;0;2;0;0;1;0;3;2;0;0;0;1;31;25;4;3;9;0;2;0;5;1;3;1;2;0;3;0;2;0;3;2;0;1;1;3;101;35;35;8;94;46;9;2;1;0;2;2;4;5;0;0;0;0;1;1;1;1;1;11;28;12;9;7;1;1;0;1;0;0;0;0;0;1;0;0;1;1;1;0;1;0;0;1;188;84;110;8;2;4;8;3;7;1;0;0;0;3;3;0;0;0;1;19;0;0;1;6;11;1;0;1;1;0;0;0;0;0;0;1;2;0;0;0;2;0;1;0;0;0;0;0
176;"Szkoła Podstawowa Nr 18, ul. Komuny Paryskiej 20, 71-681 Szczecin";326201;"m. Szczecin";"Szczecin";"zachodniopomorskie";1;1;3;1;3;1;0;4;1;0;0;1;0;0;0;0;0;0;0;0;2;0;0;0;0;0;29;22;17;13;7;2;2;3;1;1;0;1;2;1;0;0;1;0;2;1;0;0;2;0;22;19;3;0;4;0;3;1;2;2;0;0;0;0;0;1;1;0;3;5;1;3;4;0;111;8;29;5;72;28;4;0;2;1;2;0;0;2;1;0;1;2;1;3;4;0;1;13;19;6;3;6;0;0;0;0;1;1;0;1;1;0;1;0;1;0;0;1;0;0;0;2;148;94;92;5;1;2;12;1;6;2;2;0;1;0;0;0;3;0;0;13;0;0;2;1;11;1;0;0;0;1;0;0;0;0;0;0;1;0;0;0;1;0;1;0;0;0;0;0
177;"Szkoła Podstawowa Nr 18, ul. Komuny Paryskiej 20, 71-681 Szczecin";326201;"m. Szczecin";"Szczecin";"zachodniopomorskie";1;1;4;2;1;0;3;1;1;1;0;0;0;2;0;0;0;0;0;0;0;0;2;0;1;3;36;18;26;9;10;3;0;1;4;1;2;1;1;1;0;1;1;0;3;1;1;0;1;4;23;29;4;6;7;1;2;1;0;1;1;1;5;0;3;1;1;0;1;3;2;2;1;1;120;32;46;2;81;29;10;2;3;2;1;1;1;3;0;1;1;3;1;0;1;0;3;8;27;9;12;6;4;2;0;1;0;0;1;1;1;1;0;0;0;1;1;0;0;0;0;0;165;90;134;7;2;0;12;2;5;2;0;0;0;0;0;0;0;0;0;19;0;0;5;5;9;0;0;2;3;0;0;1;0;1;0;0;2;0;0;0;0;0;0;0;0;0;0;1
178;"Szkoła Podstawowa Nr 18, ul. Komuny Paryskiej 20, 71-681 Szczecin";326201;"m. Szczecin";"Szczecin";"zachodniopomorskie";1;1;6;0;2;1;0;1;2;0;0;0;0;1;1;0;0;1;0;0;0;0;0;0;0;2;31;18;33;16;8;1;2;0;6;5;0;0;1;3;0;2;0;1;2;1;1;0;0;1;34;22;8;6;5;2;2;2;4;1;1;1;1;2;2;0;0;1;2;2;0;1;5;4;132;25;51;4;104;46;9;4;3;1;0;0;1;5;1;2;2;1;2;0;2;0;2;6;26;5;5;12;0;0;0;0;0;1;0;0;0;0;1;0;0;2;0;0;2;0;0;1;208;78;144;5;2;4;15;3;2;5;1;1;1;1;0;0;2;0;0;18;0;0;3;0;4;3;1;3;1;0;1;1;1;1;0;1;4;0;0;0;0;0;0;0;0;0;1;1
179;"Żłobek Nr 9 ""Tęczowa Sowa"", ul. Łączna 22, 71-781 Szczecin";326201;"m. Szczecin";"Szczecin";"zachodniopomorskie";1;1;7;4;0;0;0;2;2;0;0;0;0;0;0;2;2;0;0;0;0;0;1;0;0;1;65;28;49;18;11;1;2;4;6;3;3;1;5;1;0;1;2;1;7;1;0;0;1;2;39;44;14;11;12;0;2;2;1;1;1;5;3;1;0;0;0;0;2;3;2;4;0;5;57;16;34;1;69;33;4;0;1;1;1;0;0;0;0;0;0;0;0;2;0;0;0;6;40;14;9;19;1;1;0;1;1;2;1;1;1;0;1;1;0;1;1;0;1;0;0;4;201;123;191;25;3;3;13;4;3;3;1;1;2;2;2;0;1;0;0;43;2;0;15;0;2;4;0;2;0;0;4;0;0;0;0;0;1;0;0;0;0;0;0;0;1;0;0;2
180;"Szkoła Podstawowa Nr 42, ul. Hoża 25, 71-699 Szczecin";326201;"m. Szczecin";"Szczecin";"zachodniopomorskie";1;1;4;6;1;0;0;3;2;1;0;0;0;0;0;1;0;0;1;1;0;0;0;0;0;1;42;29;27;16;11;1;2;1;5;2;0;0;5;3;0;2;1;0;5;0;2;0;1;2;50;31;14;7;7;1;0;1;0;1;0;1;2;4;1;0;3;0;2;2;0;2;1;3;138;34;29;2;109;48;8;5;3;3;1;2;2;0;5;2;3;1;0;5;2;0;2;18;32;8;24;13;2;0;1;2;2;0;0;1;0;0;0;0;1;0;1;1;0;0;1;1;263;162;164;12;2;4;21;2;6;3;0;1;1;1;1;0;1;1;1;52;1;1;13;3;5;5;2;5;2;0;1;0;1;0;1;1;5;0;0;0;0;0;2;0;1;0;0;0
181;"Dom Pomocy Społecznej – Dom Kombatanta, ul. Krucza 17, 71-747 Szczecin";326201;"m. Szczecin";"Szczecin";"zachodniopomorskie";1;1;6;2;0;0;1;0;1;2;0;0;0;2;0;2;0;1;0;0;0;1;0;0;1;3;43;45;46;24;13;3;1;0;4;3;1;1;1;0;1;1;1;0;6;1;1;0;1;0;38;35;5;10;5;3;2;1;1;2;0;1;3;1;0;0;3;0;3;4;1;1;1;6;131;30;37;8;110;41;8;1;0;0;0;1;1;4;1;0;4;0;2;6;0;0;1;12;22;12;7;11;3;0;1;0;2;0;1;0;0;0;2;0;1;0;0;0;0;0;0;2;206;133;226;13;2;2;7;2;9;9;3;0;0;1;1;0;1;0;1;20;0;0;7;2;3;2;0;0;0;1;0;0;1;0;0;0;0;0;0;0;0;0;0;0;0;2;0;0
182;"Ośrodek Szkolno-Wychowawczy dla Dzieci Słabosłyszących, ul. Grzymińska 6, 71-711 Szczecin";326201;"m. Szczecin";"Szczecin";"zachodniopomorskie";1;1;7;1;2;2;0;1;2;5;0;0;0;0;2;1;0;0;0;0;0;0;1;0;1;1;47;29;29;14;15;2;4;2;5;3;0;2;3;3;0;5;1;1;4;3;1;0;0;1;29;41;6;7;11;0;1;4;4;2;0;0;6;1;0;1;1;0;1;2;2;2;2;3;83;16;22;1;68;42;16;1;0;0;1;3;3;2;0;0;1;2;0;1;3;0;0;5;29;13;5;11;2;1;1;2;2;0;1;0;0;0;1;0;1;1;0;1;0;1;3;3;176;106;199;22;6;3;15;1;8;5;2;0;2;0;2;0;1;0;3;33;3;0;5;8;8;0;1;3;0;0;0;2;1;0;0;1;3;0;0;0;0;1;0;0;0;0;0;0
183;"XVIII Liceum Ogólnokształcące, ul. Hoża 3, 71-699 Szczecin";326201;"m. Szczecin";"Szczecin";"zachodniopomorskie";1;1;2;4;2;0;0;2;1;0;0;0;0;0;0;0;1;0;0;2;1;0;0;0;0;1;19;16;13;9;4;1;0;5;3;4;0;0;2;0;0;2;0;0;2;0;0;0;1;2;21;24;12;5;7;2;2;0;2;1;0;1;0;0;0;1;2;1;1;3;0;4;1;6;91;22;24;5;56;25;5;0;1;1;0;0;3;2;2;0;2;2;1;2;0;0;0;12;18;7;4;4;1;0;0;0;0;0;0;0;1;0;1;0;0;1;0;3;3;1;0;1;146;57;73;13;5;0;8;0;2;5;0;0;1;3;1;0;1;0;1;28;0;1;5;1;11;1;0;0;1;0;1;1;0;1;0;0;2;0;0;0;0;0;0;0;0;0;0;0
184;"Tramwaje Szczecińskie Sp. z o. o., ul. Wiszesława 18, 71-751 Szczecin";326201;"m. Szczecin";"Szczecin";"zachodniopomorskie";1;1;1;2;1;1;0;0;3;0;1;0;0;0;0;1;1;0;0;0;0;0;1;0;1;1;17;8;3;6;3;0;0;2;6;3;0;0;0;2;1;0;1;0;0;0;0;0;0;0;12;10;5;4;4;0;0;0;1;1;3;0;1;0;0;0;1;0;0;1;1;0;0;1;54;10;10;7;21;8;4;0;1;0;1;2;0;0;0;0;0;2;0;1;3;2;0;2;15;3;0;7;1;1;0;1;0;1;2;0;0;0;0;0;2;0;0;0;0;0;1;1;79;34;31;2;4;7;6;1;2;2;0;0;1;1;0;0;1;0;0;12;1;0;2;0;0;0;0;0;0;0;0;0;0;0;0;0;0;0;0;0;0;0;0;0;0;0;0;0
185;"Szkoła Podstawowa Nr 14, ul. Strzałowska 27A, 71-730 Szczecin";326201;"m. Szczecin";"Szczecin";"zachodniopomorskie";1;1;4;0;0;1;0;0;0;0;0;0;0;0;1;1;0;0;0;0;0;0;0;0;1;0;25;10;10;7;3;0;0;1;0;0;0;3;0;1;0;1;0;0;1;0;0;0;0;0;21;6;0;2;3;0;1;2;0;1;0;0;3;0;0;0;2;0;0;1;0;0;1;0;62;21;19;0;32;13;3;1;0;0;0;0;0;0;1;0;1;1;0;0;0;0;1;3;3;0;0;4;2;0;0;0;0;1;0;0;0;0;0;0;0;0;0;0;0;0;0;2;63;32;36;4;2;0;5;0;1;1;0;0;0;0;0;0;0;0;0;6;0;0;1;0;3;1;0;0;0;0;0;0;0;0;1;0;0;0;0;0;0;0;1;0;0;0;0;0
186;"Internat XIII Liceum Ogólnokształcącego, ul. Pokoju 48, 71-739 Szczecin";326201;"m. Szczecin";"Szczecin";"zachodniopomorskie";1;1;9;3;2;1;1;2;2;2;2;0;0;0;0;0;1;0;1;1;1;0;0;0;1;1;68;43;37;19;18;2;0;2;8;0;1;0;0;2;0;1;2;0;8;3;2;0;0;1;54;26;12;10;11;1;5;2;2;0;0;3;1;3;0;0;3;1;2;3;1;1;1;4;133;22;35;2;112;41;6;1;1;0;0;1;3;0;1;0;6;0;0;1;1;0;0;11;53;10;11;8;1;0;0;1;1;2;1;0;0;0;0;0;1;0;0;0;1;1;1;2;254;177;194;19;10;4;17;4;9;4;2;1;1;0;3;2;0;2;0;43;0;0;17;3;18;2;0;3;0;1;2;0;0;0;2;3;1;0;0;0;0;0;0;0;0;0;0;0
187;"Zespół Szkół Specjalnych Nr 1, ul. Policka 3, 71-857 Szczecin";326201;"m. Szczecin";"Szczecin";"zachodniopomorskie";1;1;4;2;2;1;0;0;0;1;1;0;0;0;0;1;0;0;4;0;0;0;0;1;3;4;55;60;38;17;12;0;3;2;3;0;0;2;3;0;1;1;3;0;5;3;0;0;3;0;51;39;9;15;0;2;1;4;1;2;0;1;2;1;3;0;3;0;4;2;2;2;0;1;103;25;31;6;95;23;9;3;3;1;3;0;1;4;1;1;2;3;0;5;5;1;1;9;32;13;20;10;1;0;1;1;2;1;1;1;1;0;2;1;2;1;0;3;0;1;1;1;260;199;216;23;7;3;9;7;5;10;5;0;0;0;3;0;0;0;1;39;1;0;11;2;10;4;2;0;0;2;3;0;0;0;0;0;1;0;0;0;0;0;1;1;0;0;0;1
188;"Środowiskowa Placówka Edukacyjno-Wychowawcza Nr 1, ul. Koszalińska 13, 71-734 Szczecin";326201;"m. Szczecin";"Szczecin";"zachodniopomorskie";1;1;2;1;1;1;0;3;0;1;2;0;0;0;0;0;0;0;1;0;0;0;0;0;1;0;16;13;10;8;8;2;2;3;4;0;0;0;0;0;0;0;0;0;0;0;0;0;0;0;14;5;2;2;1;1;0;1;2;0;1;0;2;1;0;1;3;0;0;2;1;6;1;1;70;15;26;2;38;9;3;1;0;1;0;0;3;0;0;2;0;1;0;0;1;0;1;1;8;5;3;2;1;0;1;0;1;1;0;0;0;0;0;1;1;1;0;2;0;1;0;0;72;30;38;1;2;0;0;1;1;0;0;0;0;0;0;0;0;0;2;8;0;0;0;1;4;0;0;1;0;0;0;2;0;0;0;1;1;0;0;0;0;2;0;0;0;0;2;0
189;"Szkoła Podstawowa Nr 9, ul. Księżnej Dąbrówki 10, 71-826 Szczecin";326201;"m. Szczecin";"Szczecin";"zachodniopomorskie";1;1;6;4;0;2;0;4;4;6;0;3;1;2;1;0;1;0;0;1;0;0;2;0;0;1;47;48;39;20;20;1;0;7;6;2;0;3;2;2;3;1;2;0;5;4;1;0;0;5;64;61;10;7;9;1;2;7;3;2;4;3;1;4;1;1;5;0;6;2;3;5;0;4;107;27;74;7;131;69;13;2;1;2;2;5;1;3;0;0;2;1;1;6;1;2;2;18;61;20;18;28;2;2;1;2;8;2;1;1;1;1;1;2;1;1;5;1;0;1;1;4;267;141;209;22;12;1;16;8;9;7;1;1;3;4;1;1;0;1;0;47;2;2;4;7;10;4;0;1;0;2;2;0;0;1;0;0;5;1;0;0;0;0;0;0;0;1;0;0
190;"Miejska Biblioteka Publiczna – Filia Nr 46, ul. Nad Odrą 26, 71-828 Szczecin";326201;"m. Szczecin";"Szczecin";"zachodniopomorskie";1;1;4;2;0;2;0;1;1;2;0;0;0;1;0;0;0;0;0;1;0;0;1;0;1;1;14;4;6;4;3;0;1;3;0;1;1;0;1;1;0;1;1;1;6;1;1;0;0;0;14;9;1;6;0;0;0;1;2;2;3;1;0;1;0;0;2;0;0;2;2;1;4;1;56;9;15;4;35;36;2;2;1;0;1;0;0;1;1;0;2;0;1;1;2;0;1;5;18;4;3;4;0;0;0;2;2;3;0;0;0;0;0;1;0;2;0;1;0;1;0;0;70;40;34;4;1;2;5;2;1;2;0;0;0;0;0;0;0;0;0;11;0;0;2;0;6;0;0;1;1;0;2;0;0;2;0;2;2;0;0;0;0;0;0;0;0;0;0;0
191;"Dom Kultury „Klub Skolwin”, ul. Stołczyńska 163, 71-870 Szczecin";326201;"m. Szczecin";"Szczecin";"zachodniopomorskie";1;1;3;3;0;0;0;1;0;0;1;1;0;0;0;0;1;0;0;0;1;1;2;0;1;2;14;8;14;10;7;1;1;2;3;2;0;1;0;1;0;0;2;0;3;2;1;0;0;0;20;16;2;5;7;4;1;0;3;1;0;0;2;0;0;2;2;0;1;0;2;0;3;1;61;26;26;6;54;50;9;0;1;1;1;0;1;2;0;1;5;2;1;0;2;0;2;4;19;6;3;12;2;0;1;1;1;0;1;0;0;0;2;0;0;0;0;1;1;0;0;1;86;26;46;3;5;3;4;2;7;0;0;0;1;1;1;2;0;0;3;11;0;1;5;1;2;2;0;1;0;0;1;0;0;1;1;0;2;1;0;0;0;0;0;0;0;0;0;0
192;"Młodzieżowy Ośrodek Wychowawczy, ul. Kamienna 22, 71-833 Szczecin";326201;"m. Szczecin";"Szczecin";"zachodniopomorskie";1;1;1;3;0;0;0;1;1;0;1;0;0;0;0;1;0;0;1;0;0;1;0;0;0;0;19;17;10;6;3;1;2;1;4;1;1;0;0;5;0;1;0;0;5;3;1;0;1;0;36;18;1;0;3;0;1;1;1;1;0;1;0;0;2;1;2;0;0;1;1;0;2;0;88;14;19;2;52;42;4;0;0;4;0;2;1;1;0;0;2;0;0;7;1;0;1;6;26;8;5;3;1;0;0;1;0;2;0;0;0;0;0;0;3;0;0;0;2;0;4;2;113;54;98;4;2;2;8;2;1;3;0;0;0;0;1;0;1;0;2;6;0;0;10;1;2;0;0;0;0;0;0;0;0;0;0;0;0;0;0;0;0;0;0;0;0;0;0;0
193;"Szkoła Podstawowa Nr 59, ul. Dąbska 105, 70-789 Szczecin";326201;"m. Szczecin";"Szczecin";"zachodniopomorskie";1;1;0;2;0;0;0;1;0;0;0;0;0;0;0;0;0;0;0;0;0;0;0;0;0;0;17;15;14;12;5;0;0;2;1;0;0;0;4;4;0;0;1;0;1;0;0;0;0;0;14;10;4;2;3;0;1;4;1;2;0;0;2;1;0;0;1;0;0;2;2;1;0;1;32;8;18;1;31;25;6;0;1;0;0;0;1;0;2;0;0;0;0;0;1;0;0;1;13;2;4;2;0;1;1;0;0;0;0;0;0;0;0;0;0;0;2;0;1;0;1;2;85;35;81;14;1;3;4;0;4;2;0;0;0;0;2;0;0;0;1;10;0;0;0;2;3;0;0;2;0;1;0;0;0;1;1;0;1;0;0;0;0;0;0;0;0;1;0;0
194;"Dom Pomocy Społecznej, ul. Władysława Broniewskiego 4/6, 71-460 Szczecin";326201;"m. Szczecin";"Szczecin";"zachodniopomorskie";1;1;0;0;0;0;0;0;0;0;0;0;0;0;0;0;0;0;0;0;1;0;0;0;0;0;1;1;0;0;0;1;0;0;0;0;0;0;0;0;0;0;0;0;0;0;0;0;0;0;1;0;0;1;0;0;0;0;0;0;0;0;0;0;0;0;0;0;0;0;0;0;0;0;2;2;1;1;3;0;1;0;0;0;0;0;1;0;0;0;0;0;0;1;0;0;0;1;0;0;0;0;0;0;0;0;0;0;0;0;0;0;0;0;0;0;0;0;0;0;0;1;1;0;0;0;0;0;0;0;0;0;0;0;0;0;0;0;1;0;0;0;0;0;0;0;1;1;0;0;0;0;0;0;0;0;0;0;0;0;0;0;0;0;0;0;0;0;0;0
195;"S. P. Wojewódzki Szpital Zespolony, ul. Alfreda Sokołowskiego 11, 70-899 Szczecin";326201;"m. Szczecin";"Szczecin";"zachodniopomorskie";1;1;0;1;0;0;0;0;0;0;0;0;0;0;0;0;0;0;0;0;0;0;0;0;0;0;3;2;1;2;0;0;1;1;2;0;0;0;0;0;0;0;0;0;0;0;0;0;1;0;5;0;0;0;1;0;0;0;0;0;0;1;0;0;0;0;0;0;0;1;0;0;0;0;19;4;4;1;9;2;1;0;1;1;0;1;3;0;0;0;0;0;0;0;0;0;0;1;1;0;0;0;0;0;0;0;0;0;0;0;0;0;0;0;0;0;0;0;0;0;0;0;14;4;6;1;0;1;1;0;0;0;0;0;0;1;1;0;0;0;0;1;0;0;0;0;0;0;0;0;1;0;0;0;0;0;0;0;0;0;0;0;0;0;0;0;0;0;0;0
196;"S. P. Specjalistyczny Zakład Opieki Zdrowotnej ""Zdroje"", ul. Mączna 4, 70-780 Szczecin";326201;"m. Szczecin";"Szczecin";"zachodniopomorskie";1;1;0;1;0;0;0;0;0;0;1;0;0;0;0;0;0;0;0;0;0;0;0;0;0;0;3;0;4;1;1;0;1;0;0;1;0;0;0;1;0;0;0;1;0;0;0;0;1;0;6;1;2;2;0;0;0;1;0;0;0;0;0;0;1;0;2;0;0;0;0;0;1;1;10;3;2;2;4;4;1;2;0;1;0;1;0;0;0;0;1;0;0;0;0;0;0;0;2;4;0;1;1;0;0;0;1;0;0;0;0;0;1;0;0;0;0;0;0;0;0;0;20;4;5;0;1;1;5;2;0;1;1;2;0;0;1;0;0;0;0;0;0;0;0;0;0;0;0;0;0;0;0;0;0;0;0;0;0;0;0;0;0;0;0;0;0;0;0;0
197;"S. P. Szpital Kliniczny Nr 2, ul. Aleja Powstańców Wielkopolskich 72, 70-111 Szczecin";326201;"m. Szczecin";"Szczecin";"zachodniopomorskie";1;1;0;0;0;0;0;0;0;0;0;0;0;0;0;0;0;0;0;0;0;0;0;0;0;0;5;2;2;1;0;0;0;0;0;0;0;0;0;0;0;0;1;0;0;0;0;0;0;0;4;0;0;0;3;0;0;0;0;0;0;0;0;0;0;0;0;0;0;0;0;0;1;1;9;6;6;1;2;1;1;1;0;0;1;1;0;1;0;0;0;0;0;1;2;0;0;2;0;1;0;0;0;0;0;0;0;0;0;0;0;0;0;1;0;0;0;0;0;0;0;0;28;12;6;1;2;1;2;0;0;0;0;0;1;0;0;0;0;0;0;0;0;1;0;0;1;0;0;0;0;0;0;0;0;0;1;0;0;0;0;0;0;0;0;0;0;0;0;0
198;"S. P. Zakład Opieki Zdrowotnej MSWiA, ul. Jagiellońska 44, 70-382 Szczecin";326201;"m. Szczecin";"Szczecin";"zachodniopomorskie";1;1;0;0;0;0;1;0;0;0;0;0;0;0;0;0;0;0;0;0;0;0;0;0;0;0;0;1;0;0;0;0;0;0;0;0;0;0;0;1;0;0;0;0;0;0;0;0;0;0;1;0;0;1;0;1;0;0;1;0;0;0;0;0;0;0;0;0;0;0;0;0;0;0;2;1;0;2;0;0;0;0;0;0;0;0;0;1;0;0;0;0;0;1;0;0;1;1;1;0;0;0;0;0;0;0;0;0;0;0;0;0;0;0;0;0;0;0;0;0;0;0;8;1;6;0;0;0;0;0;0;0;0;1;0;0;0;0;0;0;1;0;0;0;1;0;0;0;0;0;0;0;0;0;0;0;0;0;0;0;0;0;0;0;0;0;0;0;0;0
199;"S. P. Szpital Kliniczny Nr 1, ul. Unii Lubelskiej 1, 71-252 Szczecin";326201;"m. Szczecin";"Szczecin";"zachodniopomorskie";1;1;0;0;0;0;0;0;0;0;0;0;0;0;0;0;0;0;0;0;0;0;0;0;0;0;4;2;3;0;2;0;0;0;0;1;0;1;0;1;0;0;0;0;0;0;0;0;0;0;5;5;0;0;1;0;0;0;0;0;0;0;1;0;0;0;0;0;0;0;0;0;0;0;15;6;4;1;2;0;2;0;0;1;0;0;0;0;0;0;0;0;0;1;0;2;0;0;5;0;0;0;0;0;0;0;0;0;0;0;0;0;0;0;0;0;0;0;0;0;1;0;28;4;6;1;1;0;0;0;0;0;0;0;0;0;0;0;0;0;0;1;0;0;0;2;2;0;0;0;0;0;0;0;0;0;0;0;0;0;0;0;0;0;0;0;0;0;0;0
200;"S. P. Szpital Kliniczny Nr 1 Klinika Psychiatrii PUM, ul. Władysława Broniewskiego 26, 71-460 Szczecin";326201;"m. Szczecin";"Szczecin";"zachodniopomorskie";1;1;0;0;0;0;0;0;0;0;0;0;0;0;0;0;0;0;0;0;0;0;0;0;0;0;1;0;0;0;0;0;0;0;0;0;0;0;0;0;0;0;0;0;0;0;0;0;0;1;2;1;0;0;1;0;0;0;0;0;0;0;0;0;0;0;0;0;0;0;0;0;0;0;2;1;0;0;0;1;0;0;0;0;0;0;0;0;0;0;0;0;0;0;0;0;0;0;0;0;0;0;0;0;0;0;0;0;0;0;0;0;0;0;0;0;0;0;0;0;0;0;1;2;1;0;0;1;0;0;0;0;0;0;1;0;0;0;0;0;0;0;0;0;0;0;1;0;0;0;0;0;0;0;0;0;0;0;0;0;0;0;0;0;0;0;0;0;0;0
201;"Dom Pomocy Społecznej ""Dom Kombatanta i Pioniera Ziemi Szczecińskiej"", ul. Eugeniusza Romera 21-29, 71-246 Szczecin";326201;"m. Szczecin";"Szczecin";"zachodniopomorskie";1;1;1;0;0;0;1;0;1;0;0;1;0;0;0;0;0;0;0;0;0;0;0;0;1;0;1;0;0;1;1;0;0;0;0;2;0;0;0;0;0;1;0;0;0;0;1;0;0;0;3;1;0;1;0;0;0;0;0;0;0;0;0;0;0;0;2;0;0;0;0;0;0;0;17;1;2;1;3;3;3;2;0;1;1;1;2;2;0;0;0;0;1;0;1;0;1;2;0;0;0;0;0;0;0;0;1;0;0;0;0;0;0;0;0;0;0;0;0;0;0;0;2;1;0;0;0;0;0;0;0;0;0;0;0;0;0;0;0;0;0;0;0;0;0;0;0;0;0;0;0;0;0;0;0;0;0;0;0;0;0;0;0;0;0;0;0;0;0;0
202;"Zachodniopomorskie Centrum Onkologii, ul. Strzałowska 22, 71-740 Szczecin";326201;"m. Szczecin";"Szczecin";"zachodniopomorskie";1;1;0;0;0;1;0;0;0;0;0;0;0;0;0;0;0;0;0;0;0;0;0;0;0;0;2;0;1;1;1;0;0;1;0;0;1;0;0;0;0;0;0;0;0;1;0;0;0;0;2;1;0;1;1;0;0;0;0;0;0;0;0;0;0;0;0;0;0;0;0;0;0;0;13;0;4;2;4;2;1;0;3;2;0;0;0;0;0;0;1;1;0;0;0;1;0;2;2;1;0;0;0;0;0;0;0;0;0;0;0;0;0;0;0;0;0;0;0;0;0;1;18;6;2;2;0;0;0;1;0;1;0;1;0;0;0;0;0;0;0;1;0;0;0;0;1;0;0;0;1;0;0;0;0;0;0;0;0;0;0;0;0;0;0;0;0;0;0;0
203;"Dom Pomocy Społecznej ""Dom Kombatanta"", ul. Krucza 17, 71-747 Szczecin";326201;"m. Szczecin";"Szczecin";"zachodniopomorskie";1;1;1;0;1;0;0;0;0;0;0;0;0;0;0;0;0;0;0;0;0;0;0;0;0;0;4;0;1;0;2;0;0;0;1;0;0;0;0;0;0;0;0;0;0;0;0;0;0;0;5;0;0;0;0;0;0;0;0;0;0;0;0;0;0;0;0;0;0;0;0;0;0;0;8;5;2;3;4;0;2;0;2;1;1;2;0;1;1;0;0;0;1;0;0;0;0;1;1;1;0;0;0;0;0;0;0;0;0;0;0;0;0;0;0;0;0;0;0;0;0;0;7;3;3;0;0;1;1;0;0;1;0;0;0;0;1;0;0;0;0;0;0;0;0;0;0;0;0;0;0;0;0;0;0;0;0;0;1;0;0;0;0;0;0;0;0;0;0;0
204;"Areszt Śledczy, ul. Kaszubska 28, 70-226 Szczecin";326201;"m. Szczecin";"Szczecin";"zachodniopomorskie";1;1;2;1;3;2;0;0;1;3;0;0;0;0;0;1;0;0;0;0;0;0;0;0;0;0;31;5;1;6;1;0;2;3;0;1;0;0;0;1;0;0;0;1;2;0;1;0;1;0;13;0;1;8;1;1;0;0;0;0;0;0;1;1;0;0;0;0;0;0;0;0;0;1;9;5;8;1;5;4;2;2;0;1;0;1;0;2;0;1;1;0;2;0;2;0;1;5;8;1;7;0;0;2;0;1;2;2;0;0;0;0;0;0;1;0;2;0;1;1;0;1;167;24;11;5;1;2;11;8;0;3;1;3;3;0;1;0;4;2;1;0;2;1;0;7;0;0;0;1;0;0;0;0;0;0;0;0;0;0;0;0;0;0;0;0;0;0;0;0
205;"109 Szpital Wojskowy z Przychodnią S. P. Zakład Opieki Zdrowotnej, ul. ks. Piotra Skargi 9-11, 71-422 Szczecin";326201;"m. Szczecin";"Szczecin";"zachodniopomorskie";1;1;0;0;0;1;0;0;0;0;0;0;0;0;0;0;0;0;0;0;0;0;0;0;0;0;1;0;0;0;0;0;0;0;0;0;0;0;0;0;0;0;0;0;0;0;0;0;0;1;1;1;1;0;0;0;0;0;0;0;0;0;0;0;0;0;0;0;0;0;1;0;0;0;6;2;4;0;3;4;0;0;0;0;1;0;0;0;0;0;0;0;0;0;0;0;0;1;2;0;0;1;0;0;0;0;0;0;0;0;0;0;0;0;0;0;0;0;0;0;0;0;9;4;2;1;0;0;0;0;0;0;0;0;0;0;0;0;0;0;0;0;0;0;0;0;1;0;0;0;0;0;0;0;0;0;0;0;0;0;0;0;0;0;0;0;0;0;0;0
206;"Instytut Medyczny im. Jana Pawła II, ul. al. Wyzwolenia 52, 71-506 Szczecin";326201;"m. Szczecin";"Szczecin";"zachodniopomorskie";1;1;0;0;0;0;0;0;0;0;0;0;0;0;0;0;0;0;0;0;0;0;0;0;0;0;1;0;1;4;1;0;0;0;0;0;0;1;0;0;0;0;0;0;0;0;0;0;0;0;1;1;0;1;0;0;2;0;0;0;0;0;0;0;0;0;0;0;0;0;0;0;0;0;11;3;1;1;3;1;2;0;1;0;1;2;2;1;0;0;0;1;0;0;0;0;0;3;0;0;0;0;0;0;0;0;0;0;0;0;0;0;0;0;0;0;0;1;0;0;0;0;9;1;1;0;0;0;0;0;0;0;0;0;0;0;0;0;0;0;0;0;0;0;0;0;0;0;0;0;0;0;0;0;0;0;0;0;0;0;0;0;1;0;0;0;0;0;0;0
207;"Dom Pomocy Społecznej im. doktora Edmunda Wojtyły, ul. Stanisława Herakliusza Lubomirskiego 7, 71-505 Szczecin";326201;"m. Szczecin";"Szczecin";"zachodniopomorskie";1;1;0;0;0;0;0;0;0;0;0;0;0;0;0;0;0;0;0;0;0;0;0;0;0;0;0;0;0;0;0;0;0;0;0;0;0;0;0;0;0;0;0;0;0;0;0;0;0;0;0;0;0;0;0;0;0;0;0;0;1;0;0;0;0;0;0;0;0;0;0;0;0;0;2;0;0;0;1;0;0;0;0;0;0;0;0;0;1;0;0;0;0;0;0;0;0;0;0;1;0;0;0;0;0;0;0;0;0;0;0;0;0;0;0;0;0;0;0;0;0;0;1;0;1;1;0;0;0;0;0;0;0;0;0;0;0;0;0;0;0;0;0;0;1;0;0;0;0;0;0;0;0;0;0;0;0;0;0;0;0;0;0;0;0;0;0;0;0;0
208;"S. P. Wojewódzki Szpital Zespolony, ul. Arkońska 4, 71-455 Szczecin";326201;"m. Szczecin";"Szczecin";"zachodniopomorskie";1;1;1;0;0;0;0;0;0;0;0;0;0;0;0;0;0;0;0;0;0;0;0;0;0;0;9;1;4;0;0;0;0;0;0;0;0;0;1;0;0;0;0;1;1;0;0;0;0;0;2;4;0;2;1;0;1;0;0;0;0;0;0;0;0;0;2;0;0;0;0;0;0;0;13;4;7;6;6;3;1;1;1;2;1;0;1;0;2;0;0;0;0;0;0;1;0;0;0;0;0;0;0;0;0;0;0;0;0;0;0;0;0;0;0;0;0;1;0;0;0;0;24;9;6;0;0;2;3;1;0;1;1;0;1;0;1;0;0;1;0;0;0;0;0;0;0;0;0;0;0;0;0;0;0;0;0;0;0;0;0;0;0;0;0;0;0;0;0;0
1;"""HOSSA"" Centrum Edukacji i Wspierania Przedsiębiorczości Szczecińskiej Fundacji ""Talent-Promocja-Postęp"", ul. Jana Kasprowicza 4, 72-600 Świnoujście";326301;"m. Świnoujście";"Świnoujście";"zachodniopomorskie";1;1;6;1;0;1;0;0;3;0;0;0;0;0;1;1;0;0;0;0;0;0;0;0;0;0;58;20;9;16;16;2;3;1;8;1;0;0;6;2;0;4;0;0;4;5;2;1;0;1;24;16;6;3;54;1;0;1;0;1;2;2;3;0;0;0;3;0;3;0;0;2;3;3;302;29;19;25;25;39;26;7;19;2;7;3;7;6;2;0;9;1;4;8;4;2;3;14;14;10;5;3;1;6;1;2;2;0;1;0;1;0;0;2;0;0;0;1;0;0;3;6;384;90;8;3;16;50;10;10;1;4;3;0;0;1;0;0;1;0;1;1;1;3;0;3;9;0;0;1;0;1;1;0;0;0;0;1;6;0;0;0;0;0;0;0;0;1;0;0
2;"Miejski Dom Kultury Galeria ""ART"", ul. Wojska Polskiego 1/1, 72-600 Świnoujście";326301;"m. Świnoujście";"Świnoujście";"zachodniopomorskie";1;1;3;2;1;0;0;0;3;2;0;0;0;0;0;0;0;0;1;2;1;0;1;0;0;1;56;20;13;14;6;2;0;2;3;0;4;0;2;0;0;1;0;0;3;5;0;7;0;1;12;7;8;0;165;0;0;0;2;1;0;0;0;0;0;0;1;0;0;0;1;0;1;3;168;10;10;7;20;35;14;1;51;3;1;0;0;3;2;3;8;2;1;2;1;0;1;3;25;13;7;7;2;0;0;1;3;1;2;0;0;0;0;0;1;0;0;0;1;3;0;21;390;66;33;8;8;145;12;4;2;4;0;2;1;0;0;0;3;0;4;5;0;1;3;4;7;1;0;0;0;1;1;0;0;0;0;0;0;0;0;0;0;0;1;0;0;0;0;1
3;"Szkoła Podstawowa Nr 1, ul. Gabriela Narutowicza 10, 72-600 Świnoujście";326301;"m. Świnoujście";"Świnoujście";"zachodniopomorskie";1;1;4;3;0;1;0;0;1;0;0;0;0;0;0;0;0;0;0;0;0;0;0;0;0;1;27;13;7;7;7;0;2;1;4;1;1;0;2;3;0;1;2;1;0;0;0;2;0;0;14;5;3;0;68;1;0;0;1;2;0;2;0;0;0;0;0;0;1;0;0;0;0;0;127;15;8;7;13;18;7;0;26;1;2;1;5;0;0;1;1;0;0;2;1;0;2;4;12;3;2;1;2;0;3;0;3;1;2;0;0;0;0;0;3;0;0;0;1;0;2;9;206;40;13;2;7;87;9;5;0;5;0;0;0;0;2;1;0;0;1;1;0;1;2;1;5;2;0;0;0;0;1;0;0;0;0;0;0;1;1;0;0;0;0;0;0;0;0;0
4;"Katolickie Liceum Ogólnokształcące, ul. Stanisława Wyspiańskiego 12, 72-600 Świnoujście";326301;"m. Świnoujście";"Świnoujście";"zachodniopomorskie";1;1;0;1;0;0;0;0;2;0;2;0;0;1;0;0;0;0;0;0;0;0;1;0;0;1;23;8;5;11;7;4;1;1;2;1;0;2;1;1;0;2;0;1;1;2;0;1;1;1;17;2;2;1;71;1;2;1;2;0;0;0;1;0;1;0;0;0;0;0;1;0;1;0;82;9;10;6;13;7;7;2;26;1;2;1;2;1;1;0;0;0;3;3;2;0;0;6;18;2;8;1;0;2;1;2;0;1;0;0;0;0;1;0;1;0;0;0;0;0;1;6;192;21;11;0;5;78;8;1;1;2;0;0;2;0;1;0;1;0;0;2;0;0;1;0;10;0;2;0;1;1;0;0;0;2;1;0;1;0;0;0;0;0;0;0;0;0;0;0
5;"Specjalny Ośrodek Szkolno-Wychowawczy, ul. Piastowska 55, 72-600 Świnoujście";326301;"m. Świnoujście";"Świnoujście";"zachodniopomorskie";1;1;4;1;2;0;0;1;2;0;0;1;0;0;0;0;0;0;0;0;0;0;0;0;0;0;30;20;5;12;3;0;1;1;3;0;1;2;0;0;0;0;1;2;1;3;2;7;3;2;24;5;0;2;113;0;0;0;1;0;1;0;0;1;0;0;2;0;1;0;2;1;1;2;85;9;12;5;11;21;10;1;31;3;3;2;0;0;0;1;1;0;0;2;0;1;2;3;17;4;3;1;0;0;0;0;0;0;1;0;0;0;0;0;2;1;2;0;0;0;1;8;178;51;19;0;4;102;11;4;0;0;0;0;0;2;3;1;0;1;2;2;0;2;1;5;5;4;0;1;2;0;0;0;0;0;0;1;3;0;0;0;1;0;0;0;0;2;0;0
6;"Szkoła Podstawowa Nr 4, ul. Szkolna 1, 72-600 Świnoujście";326301;"m. Świnoujście";"Świnoujście";"zachodniopomorskie";1;1;3;1;1;0;1;1;1;0;0;0;0;0;0;0;0;0;0;1;0;1;0;0;0;1;30;8;8;16;1;3;1;1;2;1;1;1;1;1;0;0;1;3;2;1;3;1;0;0;12;7;0;2;145;2;0;0;0;0;0;1;1;0;0;0;0;0;1;2;3;0;4;1;101;2;10;3;14;11;3;3;60;0;4;0;1;1;0;1;0;0;4;4;1;0;1;8;14;3;3;3;1;0;0;0;1;1;0;0;0;0;0;1;1;1;0;0;4;0;0;13;238;45;18;0;8;125;18;3;1;0;0;1;0;0;1;0;0;0;0;0;0;3;0;3;5;1;1;0;0;1;0;0;0;0;0;0;0;0;0;0;0;0;0;0;0;0;0;0
7;"Szkoła Podstawowa Nr 4, ul. Szkolna 1, 72-600 Świnoujście";326301;"m. Świnoujście";"Świnoujście";"zachodniopomorskie";1;1;5;2;1;0;0;0;1;2;0;1;0;0;0;0;0;1;0;0;0;0;0;0;0;0;28;15;11;16;6;2;1;1;2;2;1;0;1;2;0;2;0;2;0;0;2;5;0;3;7;5;0;0;132;0;1;0;2;0;1;1;1;1;2;0;0;0;0;1;0;2;4;0;113;10;10;6;19;18;4;0;47;2;3;1;0;1;1;1;2;0;1;3;0;0;0;5;25;4;3;0;0;1;0;1;8;1;0;0;2;0;0;0;0;0;0;0;1;0;0;7;254;44;13;2;8;172;11;3;1;1;0;0;0;2;0;0;0;0;0;4;2;2;1;8;5;2;0;1;0;0;0;1;0;2;0;1;1;0;0;0;0;0;0;0;0;0;0;1
8;"Centrum Edukacji Zawodowej i Turystyki, ul. Gdyńska 26, 72-600 Świnoujście";326301;"m. Świnoujście";"Świnoujście";"zachodniopomorskie";1;1;2;1;0;1;0;0;1;0;1;1;2;0;0;0;1;0;0;1;0;0;0;0;2;2;48;14;13;19;4;0;2;5;1;1;2;2;4;2;0;2;0;1;6;3;1;19;1;2;19;9;2;3;161;2;0;1;2;1;1;0;0;1;0;0;1;0;0;1;1;0;0;0;133;7;18;7;19;21;7;5;64;1;3;3;0;1;0;0;2;2;3;8;1;1;1;2;19;4;12;2;0;2;1;1;2;0;0;1;0;0;0;0;0;0;0;0;1;0;1;8;319;54;20;4;5;170;15;12;4;1;4;1;4;0;1;1;0;0;0;4;1;1;3;6;6;0;0;3;1;0;0;1;0;2;0;0;7;0;0;0;0;1;0;0;0;0;0;1
9;"budynek użytkowy Zakładu Gospodarki Mieszkaniowej, ul. Piastowska 62, 72-600 Świnoujście";326301;"m. Świnoujście";"Świnoujście";"zachodniopomorskie";1;1;3;1;0;0;2;0;1;0;0;0;0;0;0;1;0;0;0;1;0;0;0;0;0;1;28;5;6;11;6;3;1;0;0;2;0;1;1;2;1;1;1;1;2;1;0;3;1;2;11;6;0;2;71;1;0;0;0;0;0;1;0;0;0;0;1;1;0;1;1;0;1;0;53;6;13;4;4;13;5;1;28;1;3;2;0;0;0;1;1;0;1;0;1;0;1;0;16;6;1;5;1;1;0;0;0;0;0;0;0;0;0;0;1;0;1;0;0;0;0;5;127;29;5;5;1;73;4;1;0;0;2;0;0;0;0;0;1;0;0;1;0;0;0;1;5;0;0;1;1;0;1;0;0;0;1;0;3;0;0;0;0;0;0;0;0;0;0;1
10;"Liceum Ogólnokształcące z Oddziałami Integracyjnymi im. Mieszka I, ul. Mieczysława Niedziałkowskiego 2, 72-600 Świnoujście";326301;"m. Świnoujście";"Świnoujście";"zachodniopomorskie";1;1;4;2;0;0;1;0;1;0;0;0;1;0;1;0;0;0;0;0;0;0;1;1;1;0;32;3;5;5;0;1;0;3;1;0;0;0;1;1;0;0;0;1;2;4;1;5;1;0;5;2;4;0;95;0;0;0;1;0;1;1;1;0;0;0;2;0;0;0;1;1;0;0;93;7;9;6;8;14;6;1;37;2;2;0;2;1;0;2;0;0;0;2;3;0;1;2;9;5;3;2;1;1;2;1;1;0;0;0;1;0;0;2;0;0;0;0;0;0;0;10;143;34;14;1;4;77;11;4;2;1;2;0;2;3;0;0;0;0;1;0;0;0;0;1;1;0;0;0;0;0;0;0;0;1;0;2;3;0;0;0;0;0;0;0;0;0;0;0
11;"Szkoła Podstawowa Nr 1, ul. Wincentego Witosa 12, 72-600 Świnoujście";326301;"m. Świnoujście";"Świnoujście";"zachodniopomorskie";1;1;4;2;0;0;1;0;2;0;1;1;0;1;0;0;0;0;1;0;1;0;1;1;0;0;32;6;7;8;2;1;0;1;2;3;0;0;0;3;0;0;1;1;2;1;1;4;1;0;15;1;4;0;130;0;1;0;2;0;1;1;1;1;0;0;1;0;1;0;1;0;0;1;103;8;15;5;13;13;10;3;44;4;4;0;4;3;0;1;4;0;1;3;2;1;1;10;10;1;1;2;0;1;0;1;5;1;1;0;0;0;2;0;4;2;0;0;0;0;0;15;186;28;9;0;4;96;10;3;1;0;1;0;2;0;0;0;1;0;1;0;0;0;0;3;8;1;0;0;0;0;1;0;0;0;0;0;2;0;0;1;0;0;1;0;0;0;0;0
12;"Szkoła Podstawowa Nr 6, ul. Tadeusza Kościuszki 11, 72-600 Świnoujście";326301;"m. Świnoujście";"Świnoujście";"zachodniopomorskie";1;1;3;2;0;1;0;0;1;0;2;1;0;1;0;0;0;0;0;0;0;0;0;0;0;0;59;10;16;11;8;1;2;0;3;0;0;0;2;1;0;1;2;2;3;0;1;15;0;1;17;5;2;2;148;1;0;0;1;1;3;4;2;1;1;1;1;0;2;1;0;0;3;4;135;14;6;10;16;27;16;8;41;1;2;1;1;2;0;0;2;2;1;4;1;1;0;8;19;7;5;4;2;0;1;0;2;4;1;1;0;0;0;0;0;0;1;1;1;0;0;18;252;36;18;2;2;131;14;1;2;3;1;1;1;1;1;0;0;0;0;2;1;4;1;4;7;2;1;1;2;1;4;0;0;0;0;1;2;0;1;0;0;0;1;1;0;0;0;0
13;"Szkoła Podstawowa Nr 6, ul. Tadeusza Kościuszki 11, 72-600 Świnoujście";326301;"m. Świnoujście";"Świnoujście";"zachodniopomorskie";1;1;4;0;0;0;0;0;0;1;0;0;0;1;0;0;1;0;0;0;0;1;0;0;1;2;33;8;2;9;9;0;0;4;3;2;2;0;0;1;0;1;1;0;4;0;1;5;0;1;16;9;4;0;96;0;0;1;4;0;1;0;1;2;0;0;2;0;0;1;1;0;0;0;106;8;16;5;14;13;10;1;42;2;1;1;1;1;1;1;3;3;2;3;1;0;1;0;12;6;2;3;0;0;0;0;1;1;1;0;0;0;1;0;1;1;2;0;0;0;0;13;231;36;13;6;3;79;5;6;0;2;0;0;0;1;0;1;0;0;2;3;0;3;2;0;4;2;0;0;2;0;0;1;0;0;0;1;0;0;0;0;0;1;0;0;0;0;0;0
14;"Szkoła Podstawowa Nr 6, ul. Stanisława Staszica 17, 72-600 Świnoujście";326301;"m. Świnoujście";"Świnoujście";"zachodniopomorskie";1;1;3;4;0;1;0;0;2;1;0;1;0;0;1;1;0;0;0;0;0;0;0;1;0;0;20;6;2;2;3;0;2;1;3;1;0;0;0;2;0;0;3;0;0;0;0;3;1;3;21;6;3;4;122;0;0;0;1;0;0;0;0;0;0;0;1;0;0;1;2;1;1;1;90;8;8;6;27;8;6;0;28;0;1;2;3;2;1;0;3;2;3;6;0;0;0;7;9;4;9;6;1;0;0;1;0;0;1;0;2;1;0;1;0;0;0;0;1;0;0;9;183;29;11;0;2;60;11;1;1;2;1;0;3;1;1;1;3;0;1;0;1;1;0;0;9;0;0;2;0;0;2;0;0;0;0;0;0;0;1;0;0;0;2;0;0;0;0;0
15;"I Liceum Społeczne Fundacji ""Logos"", ul. Grunwaldzka 47, 72-600 Świnoujście";326301;"m. Świnoujście";"Świnoujście";"zachodniopomorskie";1;1;2;1;1;0;0;0;1;1;0;0;0;0;0;1;1;0;0;0;0;1;1;2;0;0;20;11;2;11;4;1;2;0;3;3;1;0;1;0;0;1;2;0;1;3;0;4;0;0;8;3;3;2;89;0;0;0;0;1;0;1;1;1;0;0;0;0;1;1;3;0;3;1;55;10;7;5;6;22;5;3;19;0;0;2;0;2;0;0;3;0;0;5;0;2;1;2;16;4;8;4;2;0;0;5;0;1;0;0;1;0;2;0;2;2;1;0;2;1;0;9;162;23;15;1;2;81;7;2;0;1;0;2;0;1;1;0;1;1;1;5;0;4;2;3;2;0;0;0;0;0;0;0;0;1;0;0;0;1;0;0;0;0;0;0;0;0;0;0
16;"Dom Kultury S. M. L.-W. ""Słowianin"", ul. Jana Matejki 43, 72-600 Świnoujście";326301;"m. Świnoujście";"Świnoujście";"zachodniopomorskie";1;1;2;1;0;0;0;2;0;0;0;0;0;1;0;0;0;2;0;0;0;0;1;0;0;0;30;5;8;8;7;0;1;0;4;0;0;1;0;3;1;3;1;0;0;0;0;13;0;0;30;6;2;2;160;1;0;0;1;0;1;0;1;0;0;0;0;0;2;0;0;0;1;0;147;9;21;9;13;10;5;1;43;3;5;2;0;0;1;1;1;0;1;4;0;0;4;8;18;10;2;0;0;0;1;1;1;0;1;0;0;0;1;0;1;0;1;0;1;1;0;11;221;41;17;5;3;126;27;4;3;6;3;1;3;1;0;1;6;0;0;2;1;3;1;0;3;1;2;0;1;1;0;0;0;0;0;1;1;0;0;0;0;0;2;0;1;0;0;0
17;"Szkoła Podstawowa Nr 6, ul. Stanisława Staszica 17, 72-600 Świnoujście";326301;"m. Świnoujście";"Świnoujście";"zachodniopomorskie";1;1;2;0;0;0;1;0;0;0;0;2;0;1;0;0;1;0;1;0;0;0;0;0;1;2;33;8;7;11;8;3;4;0;2;0;2;0;1;1;0;0;1;1;2;0;2;2;2;2;12;5;3;1;107;0;0;0;1;1;0;0;0;0;0;1;0;0;1;0;0;1;2;0;116;16;15;13;22;20;9;4;53;2;5;1;2;4;1;0;2;0;2;2;1;2;0;6;20;2;4;2;0;0;1;0;2;1;2;1;0;1;0;0;3;0;1;0;1;0;0;12;233;38;7;1;13;119;11;3;1;4;0;0;0;0;0;1;0;1;0;0;0;3;0;1;9;3;0;0;0;1;1;0;2;0;2;0;1;0;1;0;0;0;0;0;0;0;0;1
18;"I Liceum Społeczne Fundacji ""Logos"", ul. Grunwaldzka 47, 72-600 Świnoujście";326301;"m. Świnoujście";"Świnoujście";"zachodniopomorskie";1;1;3;1;0;1;0;0;1;0;0;0;0;0;0;1;0;0;0;0;0;0;0;0;2;0;34;7;3;9;5;0;2;0;3;3;0;0;0;4;0;2;1;0;0;0;2;9;1;1;13;2;3;1;83;2;0;2;2;0;0;0;0;1;0;0;1;0;2;2;0;0;2;2;87;10;11;4;10;12;8;3;41;0;3;1;1;0;0;0;1;0;0;6;3;0;3;6;17;8;1;0;0;1;0;1;2;1;0;0;0;0;0;0;1;0;1;0;0;0;2;9;167;24;8;2;6;83;6;3;1;2;1;1;0;2;0;0;1;1;0;4;0;0;0;2;9;0;1;0;0;0;0;0;0;1;0;0;1;0;0;0;0;0;0;0;0;0;0;0
19;"Informacja Turystyczna, pl. Słowiański 6/1, 72-600 Świnoujście";326301;"m. Świnoujście";"Świnoujście";"zachodniopomorskie";1;1;3;0;0;0;0;0;2;0;0;0;0;0;0;0;0;0;1;1;0;0;1;0;0;0;46;7;6;13;4;2;4;2;4;0;0;1;1;3;0;0;0;0;2;0;1;0;1;1;12;2;0;2;84;1;1;0;0;0;0;0;0;0;0;0;0;0;1;3;3;1;0;1;104;7;5;5;17;16;5;3;42;2;3;2;2;0;1;0;1;0;3;4;2;1;1;3;18;3;4;3;1;1;1;2;0;0;2;0;0;0;0;0;2;1;0;2;2;0;2;8;168;33;17;7;1;67;11;1;0;4;0;1;0;1;1;1;0;0;1;3;0;0;2;4;9;0;0;1;0;0;0;0;0;1;0;1;0;0;0;0;0;0;0;0;0;0;0;0
20;"Muzeum Rybołówstwa Morskiego, pl. Rybaka 1, 72-600 Świnoujście";326301;"m. Świnoujście";"Świnoujście";"zachodniopomorskie";1;1;3;3;0;0;0;1;0;0;0;0;0;0;1;0;1;0;0;1;0;0;1;0;0;2;44;3;12;10;6;1;1;4;3;3;0;1;2;2;0;1;0;0;7;1;0;5;0;0;17;6;0;1;111;0;0;1;3;1;0;0;0;0;1;0;1;0;1;1;1;3;0;0;84;8;17;4;14;12;0;1;33;1;6;0;0;0;3;0;2;1;1;6;2;1;1;10;17;6;7;2;2;0;3;3;1;3;0;0;1;0;1;1;0;0;0;0;0;0;0;15;219;38;14;1;5;96;23;5;0;6;3;0;0;1;1;0;2;0;0;2;1;0;0;2;10;1;0;1;0;1;2;0;0;1;2;0;0;0;0;1;0;0;0;0;0;1;0;0
21;"Kapitanat Portu, wyb. Wybrzeże Władysława IV 7, 72-600 Świnoujście";326301;"m. Świnoujście";"Świnoujście";"zachodniopomorskie";1;1;1;2;0;0;0;0;1;0;0;1;0;0;0;0;0;0;1;0;0;0;0;1;1;2;28;5;2;5;7;1;1;0;3;0;0;0;0;0;0;2;0;0;2;2;3;4;0;1;15;1;2;0;61;1;0;0;1;0;0;0;0;0;0;0;0;0;1;0;0;0;1;1;56;4;7;3;20;11;7;3;18;0;1;0;1;2;0;0;2;0;0;5;1;0;1;3;13;2;7;2;1;0;0;0;1;1;0;0;0;0;0;0;1;3;0;0;0;0;0;9;163;22;5;3;8;59;9;2;1;1;0;0;0;0;1;0;1;0;0;1;0;1;0;1;1;2;0;1;0;0;0;0;1;0;0;2;1;0;0;0;0;0;0;0;0;0;0;0
22;"Szkoła Podstawowa Nr 2, ul. Białoruska 2, 72-602 Świnoujście";326301;"m. Świnoujście";"Świnoujście";"zachodniopomorskie";1;1;10;4;1;1;0;0;1;1;0;0;0;0;1;0;2;0;0;1;0;0;1;0;1;1;58;9;7;8;14;0;0;2;2;0;3;1;2;3;0;0;2;1;1;1;1;8;1;2;18;5;2;4;148;0;0;0;7;1;0;1;0;0;0;0;0;0;0;1;1;1;0;2;135;9;8;5;17;22;11;5;50;1;3;0;2;1;1;0;1;0;0;2;0;0;1;7;25;7;6;3;2;1;0;0;4;2;2;1;0;0;2;0;2;1;1;0;0;0;1;12;193;28;19;5;6;57;4;7;4;4;0;1;0;3;1;0;3;0;0;7;0;6;0;2;5;1;0;0;4;0;1;0;0;0;0;0;3;0;0;1;0;0;0;0;0;0;0;1
23;"Miejski Dom Kultury Filia Nr 2, ul. Sosnowa 18, 72-602 Świnoujście";326301;"m. Świnoujście";"Świnoujście";"zachodniopomorskie";1;1;0;2;0;0;1;0;0;0;0;0;0;0;0;0;0;0;1;0;0;0;0;0;0;1;23;5;1;3;2;1;1;0;1;0;0;0;0;0;0;0;0;0;2;0;0;3;0;0;8;0;0;0;129;0;0;0;0;0;0;0;0;2;0;0;1;0;1;1;1;0;0;0;49;4;6;5;6;8;1;2;46;0;0;0;2;4;0;1;0;0;0;1;1;0;0;4;11;1;3;2;0;0;1;0;2;1;0;1;0;0;0;0;0;0;0;0;0;0;0;9;106;9;8;0;2;44;7;3;2;0;0;0;0;0;0;0;1;0;0;0;0;1;0;0;3;0;0;0;2;0;2;0;0;0;0;0;3;0;1;0;0;0;0;0;0;0;0;0
24;"Miejski Dom Kultury Filia Nr 3, ul. 1 Maja 40, 72-603 Świnoujście";326301;"m. Świnoujście";"Świnoujście";"zachodniopomorskie";1;1;3;1;0;0;0;0;0;0;1;0;0;0;0;0;0;0;0;0;0;0;0;0;1;0;15;6;3;2;2;0;2;1;0;1;0;0;0;0;0;1;0;0;1;1;1;2;0;0;4;1;0;0;44;0;0;0;0;0;0;0;0;0;1;0;0;0;0;1;0;0;1;3;52;3;1;5;4;11;2;1;28;2;0;0;0;0;0;0;0;0;1;1;0;0;0;2;9;1;1;0;0;0;0;0;0;1;0;0;0;0;0;0;0;2;0;0;0;0;0;2;62;2;6;1;0;39;8;1;1;0;0;0;0;0;1;0;0;0;0;0;0;0;0;3;0;0;0;0;0;0;0;0;0;0;0;0;0;0;0;0;0;0;0;0;0;0;0;1
25;"Miejski Dom Kultury Filia Nr 1, ul. Zalewowa 40, 72-605 Świnoujście";326301;"m. Świnoujście";"Świnoujście";"zachodniopomorskie";1;1;5;3;0;0;0;0;1;1;0;0;0;0;0;0;0;0;1;0;0;0;0;0;0;0;25;4;7;4;2;1;1;1;1;0;0;0;0;0;0;1;4;0;1;2;0;10;1;1;10;4;2;1;87;0;0;0;0;0;0;0;0;0;0;0;1;0;2;0;1;0;1;2;128;6;6;5;9;8;6;1;70;1;1;0;1;0;1;0;0;1;0;5;0;1;0;4;13;5;10;1;0;0;0;1;2;2;0;2;0;0;0;0;1;0;1;1;0;0;0;9;153;20;19;2;3;66;9;2;0;1;0;1;0;0;1;1;0;0;3;1;1;5;1;2;10;0;1;1;0;0;0;0;1;0;0;5;1;0;1;0;2;0;0;0;0;0;0;0
26;"Szpital Miejski im. Jana Garduły w Świnoujściu Sp. z o. o., ul. Mieszka I 7, 72-600 Świnoujście";326301;"m. Świnoujście";"Świnoujście";"zachodniopomorskie";1;1;0;0;0;0;0;0;0;0;0;0;0;0;0;0;0;0;0;0;0;0;0;0;0;0;0;0;0;0;0;0;0;0;0;0;0;0;0;0;0;0;0;0;0;0;0;0;0;0;0;0;0;0;3;0;0;0;0;0;0;0;0;0;0;0;0;1;0;0;0;0;0;0;4;2;0;0;1;0;0;0;0;0;0;0;0;0;0;2;0;0;0;1;0;0;0;0;0;0;0;0;0;0;0;0;0;0;0;0;0;0;1;0;0;0;0;0;0;0;0;0;7;0;1;0;0;4;1;1;0;0;0;0;0;0;0;0;0;0;0;0;0;1;0;0;0;0;0;0;0;0;0;0;0;0;0;0;0;0;0;0;0;0;0;0;0;0;0;0
27;"ZOD Fregata Spółka z o. o., ul. Bydgoska 14, 72-600 Świnoujście";326301;"m. Świnoujście";"Świnoujście";"zachodniopomorskie";1;1;1;0;0;0;0;0;0;0;0;0;0;0;0;0;0;0;0;0;0;0;0;0;0;0;0;0;0;1;0;0;0;0;1;0;0;0;0;0;0;0;0;0;0;0;0;0;0;0;0;0;0;0;0;0;0;0;0;0;0;0;0;0;0;0;1;0;0;0;0;0;0;0;2;1;1;0;0;0;2;0;1;1;0;0;0;0;1;0;1;0;0;0;0;0;0;1;0;0;0;0;0;0;0;0;1;0;0;0;0;0;0;0;0;0;0;0;0;0;0;0;4;1;2;0;0;0;2;0;0;0;0;0;0;0;0;0;0;0;0;0;0;0;0;0;0;0;0;0;0;0;0;0;0;0;0;0;0;0;0;0;0;0;0;0;0;0;0;1
