"Nr komisji";"Siedziba komisji";"TERYT Gminy";"Gmina";"Powiat";"Województwo";"Liczba komisji";"Liczba uwzględnionych komisji";"KORBUT Dawid Kacper - KW BEZPARTYJNI SAMORZĄDOWCY";"FABISZEWSKA Sylwia Stanisława - KW BEZPARTYJNI SAMORZĄDOWCY";"KOMAR Radosław Kamil - KW BEZPARTYJNI SAMORZĄDOWCY";"ROJEK Małgorzata Urszula - KW BEZPARTYJNI SAMORZĄDOWCY";"NABRDALIK Norbert Marek - KW BEZPARTYJNI SAMORZĄDOWCY";"WIERUSZ Piotr Janusz - KW BEZPARTYJNI SAMORZĄDOWCY";"DYKAS Marta - KW BEZPARTYJNI SAMORZĄDOWCY";"RYBICKA Alena - KW BEZPARTYJNI SAMORZĄDOWCY";"NICEWICZ Norbert Hieronim - KW BEZPARTYJNI SAMORZĄDOWCY";"POTOCKA Julia - KW BEZPARTYJNI SAMORZĄDOWCY";"SIWAK Artur - KW BEZPARTYJNI SAMORZĄDOWCY";"FECYK Milena Urszula - KW BEZPARTYJNI SAMORZĄDOWCY";"KLESZCZYŃSKI Mariusz Andrzej - KW BEZPARTYJNI SAMORZĄDOWCY";"SZWIEC Bogumiła Małgorzata - KW BEZPARTYJNI SAMORZĄDOWCY";"KWIATKOWSKI Norbert - KW BEZPARTYJNI SAMORZĄDOWCY";"KLACZKO Joanna - KW BEZPARTYJNI SAMORZĄDOWCY";"MOCZARSKI Grzegorz - KW BEZPARTYJNI SAMORZĄDOWCY";"STRACH Piotr Paweł - KKW TRZECIA DROGA PSL-PL2050 SZYMONA HOŁOWNI";"BIENIEK Marek Janusz - KKW TRZECIA DROGA PSL-PL2050 SZYMONA HOŁOWNI";"KOWALCZYK Elżbieta - KKW TRZECIA DROGA PSL-PL2050 SZYMONA HOŁOWNI";"WILK Zygmunt - KKW TRZECIA DROGA PSL-PL2050 SZYMONA HOŁOWNI";"CYBUL Rafał - KKW TRZECIA DROGA PSL-PL2050 SZYMONA HOŁOWNI";"KIEŁBASA Krystian Antoni - KKW TRZECIA DROGA PSL-PL2050 SZYMONA HOŁOWNI";"BORÓWKA Wojciech Jakub - KKW TRZECIA DROGA PSL-PL2050 SZYMONA HOŁOWNI";"KOWALSKA Bernadeta Łucja - KKW TRZECIA DROGA PSL-PL2050 SZYMONA HOŁOWNI";"WITKOWSKA Dominika Barbara - KKW TRZECIA DROGA PSL-PL2050 SZYMONA HOŁOWNI";"JANY Aniela Maria - KKW TRZECIA DROGA PSL-PL2050 SZYMONA HOŁOWNI";"KONARSKA Grażyna Agnieszka - KKW TRZECIA DROGA PSL-PL2050 SZYMONA HOŁOWNI";"DĄBROWSKA Jolanta Alicja - KKW TRZECIA DROGA PSL-PL2050 SZYMONA HOŁOWNI";"GLIŃSKA Danuta Róża - KKW TRZECIA DROGA PSL-PL2050 SZYMONA HOŁOWNI";"KROCZEK Wacław Jan - KKW TRZECIA DROGA PSL-PL2050 SZYMONA HOŁOWNI";"KARLIK Marcin Adam - KKW TRZECIA DROGA PSL-PL2050 SZYMONA HOŁOWNI";"DUDA Arkadiusz Damian - KKW TRZECIA DROGA PSL-PL2050 SZYMONA HOŁOWNI";"VON DRAMSKY Andrzej Jan - KKW TRZECIA DROGA PSL-PL2050 SZYMONA HOŁOWNI";"LIS Zenon Jan - KKW TRZECIA DROGA PSL-PL2050 SZYMONA HOŁOWNI";"NOWICKA Wanda Hanna - KW NOWA LEWICA";"MUSIAŁ Alicja Ewa - KW NOWA LEWICA";"GRZYBOWSKI Marcin Tomasz - KW NOWA LEWICA";"GWIAZDA Aleksander Stanisław - KW NOWA LEWICA";"SUROWIEC Ewa Janina - KW NOWA LEWICA";"MAJOR Michał Andrzej - KW NOWA LEWICA";"NAWRATIL-LUDWICZAK Joanna Stanisława - KW NOWA LEWICA";"PIECHATZEK Kasper - KW NOWA LEWICA";"NIEZGODZKA Anna Zofia - KW NOWA LEWICA";"WŁODARCZYK Marcin Andrzej - KW NOWA LEWICA";"BEDNORZ Aleksandra Kamila - KW NOWA LEWICA";"WIECZOREK Witold Paweł - KW NOWA LEWICA";"RISHMAWI Michalina Jagoda - KW NOWA LEWICA";"STAWOWIAK Michał Piotr - KW NOWA LEWICA";"STĘPIEŃ Mariusz Jerzy - KW NOWA LEWICA";"WITTCHEN Małgorzata - KW NOWA LEWICA";"BUTKIEWICZ Paulina Zofia - KW NOWA LEWICA";"SŁANIA Barbara Joanna - KW NOWA LEWICA";"BORYS-SZOPA Bożena Teresa - KW PRAWO I SPRAWIEDLIWOŚĆ";"WIECZOREK Jarosław Wiesław - KW PRAWO I SPRAWIEDLIWOŚĆ";"SZARAMA Wojciech Piotr - KW PRAWO I SPRAWIEDLIWOŚĆ";"DOMOGAŁA Izabela Małgorzata - KW PRAWO I SPRAWIEDLIWOŚĆ";"PYZIK Piotr Mieczysław - KW PRAWO I SPRAWIEDLIWOŚĆ";"DZIUK Barbara Anna - KW PRAWO I SPRAWIEDLIWOŚĆ";"GONCIARZ Jarosław Włodzimierz - KW PRAWO I SPRAWIEDLIWOŚĆ";"BORÓWKA Anna Joanna - KW PRAWO I SPRAWIEDLIWOŚĆ";"OLSZEWSKI Tomasz Jan - KW PRAWO I SPRAWIEDLIWOŚĆ";"KUBICA Józef Jan - KW PRAWO I SPRAWIEDLIWOŚĆ";"MICHCZYŃSKI Adam Marek - KW PRAWO I SPRAWIEDLIWOŚĆ";"WALICZEK Ewa Renata - KW PRAWO I SPRAWIEDLIWOŚĆ";"PATOŃ Piotr Jerzy - KW PRAWO I SPRAWIEDLIWOŚĆ";"SOBCZAK Dominika - KW PRAWO I SPRAWIEDLIWOŚĆ";"FRANCIKOWSKA Martyna Ewa - KW PRAWO I SPRAWIEDLIWOŚĆ";"KOSTEK Danuta Maria - KW PRAWO I SPRAWIEDLIWOŚĆ";"TUREK Grzegorz - KW PRAWO I SPRAWIEDLIWOŚĆ";"KOGOWSKA-PIASECKA Elżbieta Izabela - KW PRAWO I SPRAWIEDLIWOŚĆ";"KALUS Jakub Tomasz - KW KONFEDERACJA WOLNOŚĆ I NIEPODLEGŁOŚĆ";"MODZELEWSKA Bożena Krystyna - KW KONFEDERACJA WOLNOŚĆ I NIEPODLEGŁOŚĆ";"SIELAŃCZYK Andrzej Wiesław - KW KONFEDERACJA WOLNOŚĆ I NIEPODLEGŁOŚĆ";"MILCZYŃSKI Cezary Kazimierz - KW KONFEDERACJA WOLNOŚĆ I NIEPODLEGŁOŚĆ";"GÓRNIK Paweł Adam - KW KONFEDERACJA WOLNOŚĆ I NIEPODLEGŁOŚĆ";"LAITL Sandra - KW KONFEDERACJA WOLNOŚĆ I NIEPODLEGŁOŚĆ";"MOSIOŁEK Rafał Bartłomiej - KW KONFEDERACJA WOLNOŚĆ I NIEPODLEGŁOŚĆ";"BUJNOWSKI Artur - KW KONFEDERACJA WOLNOŚĆ I NIEPODLEGŁOŚĆ";"WRONKOWSKI Krzysztof - KW KONFEDERACJA WOLNOŚĆ I NIEPODLEGŁOŚĆ";"SARRÉ Sebastian Jakub - KW KONFEDERACJA WOLNOŚĆ I NIEPODLEGŁOŚĆ";"RAŚ Łukasz Tomasz - KW KONFEDERACJA WOLNOŚĆ I NIEPODLEGŁOŚĆ";"KALARUS Dorota Elżbieta - KW KONFEDERACJA WOLNOŚĆ I NIEPODLEGŁOŚĆ";"GLOWIENKA Barbara Elżbieta - KW KONFEDERACJA WOLNOŚĆ I NIEPODLEGŁOŚĆ";"KACZOROWSKI Bartosz Andrzej - KW KONFEDERACJA WOLNOŚĆ I NIEPODLEGŁOŚĆ";"BŁASIŃSKA Magdalena Klaudia - KW KONFEDERACJA WOLNOŚĆ I NIEPODLEGŁOŚĆ";"WITCZAK Edyta Agnieszka - KW KONFEDERACJA WOLNOŚĆ I NIEPODLEGŁOŚĆ";"KAŃSKA Klaudia Joanna - KW KONFEDERACJA WOLNOŚĆ I NIEPODLEGŁOŚĆ";"KUPIJAJ Tomasz Mariusz - KW KONFEDERACJA WOLNOŚĆ I NIEPODLEGŁOŚĆ";"SZUMILAS Krystyna Maria - KKW KOALICJA OBYWATELSKA PO .N IPL ZIELONI";"GZIK Marek Krzysztof - KKW KOALICJA OBYWATELSKA PO .N IPL ZIELONI";"GOLBIK Marta Joanna - KKW KOALICJA OBYWATELSKA PO .N IPL ZIELONI";"GŁOGOWSKI Tomasz Marian - KKW KOALICJA OBYWATELSKA PO .N IPL ZIELONI";"FILIPKOWSKA Agnieszka Urszula - KKW KOALICJA OBYWATELSKA PO .N IPL ZIELONI";"OLICHWER Tomasz Andrzej - KKW KOALICJA OBYWATELSKA PO .N IPL ZIELONI";"STANISZEWSKI Michał Paweł - KKW KOALICJA OBYWATELSKA PO .N IPL ZIELONI";"BRYŚ-SZCZYGIEŁ Teresa Łucja - KKW KOALICJA OBYWATELSKA PO .N IPL ZIELONI";"PILOT Andrzej Antoni - KKW KOALICJA OBYWATELSKA PO .N IPL ZIELONI";"GRABIEC Michał Andrzej - KKW KOALICJA OBYWATELSKA PO .N IPL ZIELONI";"POLAK Teresa Agnieszka - KKW KOALICJA OBYWATELSKA PO .N IPL ZIELONI";"PIASECKA Aleksandra Irena - KKW KOALICJA OBYWATELSKA PO .N IPL ZIELONI";"MARCINIAK Jarosław Krzysztof - KKW KOALICJA OBYWATELSKA PO .N IPL ZIELONI";"KOSTRZEWA Hanna Elżbieta - KKW KOALICJA OBYWATELSKA PO .N IPL ZIELONI";"NIEZGODA Wojciech Ryszard - KKW KOALICJA OBYWATELSKA PO .N IPL ZIELONI";"BARTOSIEWICZ Wiktoria Izabela - KKW KOALICJA OBYWATELSKA PO .N IPL ZIELONI";"SCHENK Sandra Kamila - KKW KOALICJA OBYWATELSKA PO .N IPL ZIELONI";"KOBYLIŃSKI Paweł Bronisław - KKW KOALICJA OBYWATELSKA PO .N IPL ZIELONI";"MATUSZEWSKI Tomasz Mariusz - KW POLSKA JEST JEDNA";"BAMBYNEK Agnieszka Katarzyna - KW POLSKA JEST JEDNA";"URBANIAK Lidia Janina - KW POLSKA JEST JEDNA";"KASCHUBA Mariusz Janusz - KW POLSKA JEST JEDNA";"KACZMARCZYK Małgorzata Ewa - KW POLSKA JEST JEDNA";"DZIECHCIARZ Grażyna Bożena - KW POLSKA JEST JEDNA";"MAZURKIEWICZ Krystyna Maria - KW POLSKA JEST JEDNA";"BRYL Maria - KW POLSKA JEST JEDNA";"CHMIELECKI Janusz Stanisław - KW POLSKA JEST JEDNA";"JARZĄBEK Stefan Konrad - KW POLSKA JEST JEDNA";"MOSKWA Justyna Grażyna - KW POLSKA JEST JEDNA";"KOWAL Maria Emilia - KW POLSKA JEST JEDNA";"GRODECKI Aleksander - KW POLSKA JEST JEDNA";"PUCZKA Justyn Maria - KW POLSKA JEST JEDNA";"TWORZYDŁO Leszek Stanisław - KW POLSKA JEST JEDNA"
1;"Miejskie Przedszkole z Oddziałami Integracyjnymi Nr 13, ul. Piłsudczyków 4, 44-196 Knurów";240501;"m. Knurów";"gliwicki";"śląskie";1;1;5;1;1;3;1;0;4;0;0;0;0;1;0;0;0;0;1;40;19;29;4;6;4;7;2;9;4;5;5;6;2;2;3;1;0;45;29;1;5;1;3;0;0;0;0;3;2;0;0;0;2;1;3;97;123;10;20;58;16;20;4;3;14;2;1;0;5;3;3;1;9;24;8;3;0;6;1;0;13;1;4;3;1;0;0;1;1;1;2;269;64;24;4;8;3;4;0;3;2;5;0;2;3;1;2;1;31;15;4;3;0;3;0;1;0;1;1;0;1;1;0;0
2;"Miejskie Przedszkole Nr 2 im. Jana Brzechwy, ul. Lotników 3, 44-196 Knurów";240501;"m. Knurów";"gliwicki";"śląskie";1;1;5;0;1;1;0;0;0;1;1;2;1;2;0;0;0;1;3;22;4;7;3;5;5;4;3;2;0;2;0;0;2;2;0;0;0;26;8;1;0;0;0;3;0;4;0;3;2;3;0;0;0;0;0;71;62;9;7;24;10;21;3;2;8;4;4;0;1;2;2;3;4;24;7;0;4;5;1;0;6;1;1;2;0;0;0;0;0;0;0;149;24;19;2;7;2;1;2;3;1;0;0;2;4;0;1;0;14;2;0;4;1;0;0;1;1;0;0;1;0;0;0;0
3;"Miejska Biblioteka Publiczna, ul. Aleja Lipowa 12, 44-196 Knurów";240501;"m. Knurów";"gliwicki";"śląskie";1;1;15;5;2;1;1;2;3;1;1;2;2;0;1;0;2;0;3;76;23;53;11;21;5;13;5;9;4;0;9;3;2;2;4;1;1;68;38;4;0;2;2;1;2;2;3;4;2;2;3;0;1;2;1;133;134;15;23;70;15;42;7;4;15;0;5;1;0;3;4;4;4;40;17;4;2;20;0;2;17;0;5;2;1;0;2;3;2;0;3;375;89;68;6;9;7;2;2;4;3;5;3;4;3;2;3;0;41;12;1;4;0;2;1;0;1;1;2;0;0;1;0;2
4;"Zespół Placówek Oświatowych Nr 1 w Knurowie, ul. Aleja Lipowa 12, 44-196 Knurów";240501;"m. Knurów";"gliwicki";"śląskie";1;1;7;1;1;1;1;0;0;2;0;0;0;0;2;0;0;0;0;27;8;14;3;1;2;2;5;3;1;1;1;2;3;3;0;1;2;23;20;2;3;1;0;1;0;1;0;1;1;1;0;0;1;1;1;60;71;9;18;21;8;33;3;2;5;1;2;2;5;0;3;0;4;23;5;1;1;4;0;3;4;2;3;0;0;0;1;0;0;0;0;159;16;16;2;5;3;1;1;2;0;0;4;0;1;1;3;2;11;6;0;2;2;1;0;1;1;0;0;1;0;1;0;1
5;"Miejskie Przedszkole Nr 12 im. Janusza Korczaka, ul. Armii Krajowej 5, 44-194 Knurów";240501;"m. Knurów";"gliwicki";"śląskie";1;1;1;4;0;1;0;1;0;1;0;0;0;1;0;0;1;1;2;26;8;21;3;9;5;10;4;7;0;3;0;3;3;3;1;1;1;14;8;3;1;1;0;2;1;1;2;1;3;0;0;1;2;0;1;56;70;5;15;30;14;40;4;2;3;2;1;2;4;2;4;1;4;16;0;3;3;9;0;1;8;0;1;3;0;1;1;2;1;1;1;138;15;10;1;5;1;0;3;3;1;3;2;2;1;0;1;1;25;4;0;4;0;1;0;0;0;1;0;0;0;0;0;0
6;"Miejska Szkoła Podstawowa Nr 7, ul. Jedności Narodowej 5/1, 44-194 Knurów";240501;"m. Knurów";"gliwicki";"śląskie";1;1;1;2;2;0;1;1;0;0;0;1;0;0;0;0;1;0;0;28;6;12;2;4;1;1;3;4;1;0;0;0;1;1;2;0;1;27;15;3;2;0;1;0;2;3;0;0;1;0;0;0;0;0;1;46;47;10;13;35;19;36;5;1;4;4;3;0;3;1;1;0;1;22;5;3;0;4;0;1;6;0;0;2;0;0;1;1;3;0;0;146;17;18;1;5;5;0;3;1;1;3;3;0;1;1;3;1;14;8;2;0;0;1;0;0;0;0;0;0;0;0;1;1
7;"Miejska Szkoła Podstawowa Nr 7, ul. Jedności Narodowej 5/2, 44-194 Knurów";240501;"m. Knurów";"gliwicki";"śląskie";1;1;1;2;3;1;0;1;1;1;0;0;0;0;0;0;0;1;1;25;6;7;4;12;0;6;3;6;3;1;1;6;0;1;0;0;1;16;17;0;3;0;1;0;0;1;3;1;1;0;1;1;3;1;0;56;79;13;26;34;9;28;5;6;10;6;3;4;4;0;2;3;4;11;3;4;0;2;2;1;8;1;0;0;0;1;0;1;1;0;0;168;29;25;1;5;3;2;2;0;1;1;0;0;0;0;1;0;31;7;3;1;0;0;0;0;0;0;0;0;0;0;0;1
8;"Zespół Szkolno-Przedszkolny nr 3, ul. Stefana Batorego 7/1, 44-194 Knurów";240501;"m. Knurów";"gliwicki";"śląskie";1;1;7;2;1;0;0;1;2;0;0;5;1;0;0;1;0;0;2;23;13;16;3;3;2;2;2;3;1;1;1;2;2;0;1;1;0;47;26;0;1;5;1;2;2;3;1;3;0;0;0;1;2;3;3;69;75;12;22;43;13;41;10;2;8;2;2;3;2;5;1;7;3;23;1;3;0;8;3;1;11;1;0;3;2;0;1;0;1;0;1;197;22;19;1;2;1;2;2;2;2;5;0;2;4;1;2;1;11;9;2;0;1;1;0;0;0;1;0;1;0;1;0;0
9;"Zespół Szkolno-Przedszkolny nr 3, ul. Stefana Batorego 7/2, 44-194 Knurów";240501;"m. Knurów";"gliwicki";"śląskie";1;1;8;2;2;3;0;1;0;1;1;3;2;0;1;1;2;0;0;49;18;16;0;3;3;7;1;3;1;1;4;6;5;3;3;0;3;40;37;3;4;5;1;1;1;5;0;4;3;0;1;0;2;0;1;92;80;17;15;59;14;40;7;5;10;0;3;0;8;0;2;0;6;36;2;6;0;8;0;0;13;0;3;3;0;1;2;0;0;0;3;149;34;19;0;9;1;1;0;0;2;2;3;3;3;1;1;0;11;13;2;2;2;0;0;0;2;0;2;0;0;1;0;1
10;"Zespół Szkolno-Przedszkolny nr 3, ul. Stefana Batorego 7/3, 44-194 Knurów";240501;"m. Knurów";"gliwicki";"śląskie";1;1;2;0;1;1;0;0;0;2;0;1;1;0;0;0;0;0;3;40;19;17;6;7;3;3;3;2;4;3;4;4;4;4;1;4;3;38;27;1;3;2;3;0;1;2;0;5;0;0;1;0;0;0;1;84;62;14;18;51;20;32;2;2;4;2;1;2;7;4;2;3;7;28;6;2;0;13;0;1;3;5;1;0;2;0;0;0;1;0;0;207;35;30;1;6;4;0;1;2;2;1;0;1;4;2;5;2;16;10;0;2;1;1;0;1;1;1;1;0;1;0;0;1
11;"Zespół Szkół im. I. J. Paderewskiego LO, ul. 1 Maja 21/1, 44-190 Knurów";240501;"m. Knurów";"gliwicki";"śląskie";1;1;8;1;5;5;0;0;2;3;0;6;1;0;0;1;4;1;1;64;20;26;6;9;9;16;7;9;2;3;7;7;5;3;1;2;4;69;36;5;7;1;3;0;1;5;2;4;2;2;0;1;4;1;2;135;146;7;29;65;18;46;9;7;10;3;11;3;5;2;3;4;6;51;10;5;2;12;1;4;19;6;5;3;3;0;3;1;1;1;0;363;63;46;8;11;1;6;2;4;3;4;4;1;2;2;3;3;28;12;8;5;1;1;1;1;0;4;1;1;3;0;0;1
12;"Miejska Szkoła Podstawowa z Oddziałami Integracyjnymi Nr 2 im. Karola Miarki, ul. Wilsona 22/1, 44-190 Knurów";240501;"m. Knurów";"gliwicki";"śląskie";1;1;9;2;1;2;0;0;5;3;0;3;0;0;0;0;0;1;0;45;19;16;3;9;3;8;4;4;4;5;0;3;2;1;2;1;3;58;21;1;2;3;1;4;1;2;2;0;0;1;1;0;4;2;1;103;78;19;30;81;20;51;8;3;12;5;3;3;7;1;0;6;6;52;8;5;4;14;0;3;12;2;5;1;1;2;0;1;2;1;3;296;43;37;4;3;4;3;2;2;2;2;3;2;0;2;5;1;17;10;1;3;2;0;1;0;0;2;1;0;0;0;0;1
13;"Zespół Szkół im. I. J. Paderewskiego LO, ul. 1 Maja 21/2, 44-190 Knurów";240501;"m. Knurów";"gliwicki";"śląskie";1;1;5;2;3;3;0;0;0;0;0;6;0;0;0;0;0;1;3;31;13;10;4;7;3;2;3;2;4;3;1;2;2;1;1;2;1;47;21;3;2;0;3;1;1;0;0;1;0;0;3;1;5;2;0;56;59;5;12;46;11;28;3;1;7;2;1;1;2;0;1;6;1;31;4;2;0;11;1;1;2;0;1;0;0;0;0;1;0;0;0;216;31;32;2;6;1;0;2;1;0;1;3;1;2;0;2;0;25;7;1;0;1;1;0;1;0;0;0;0;1;0;0;2
14;"Miejska Szkoła Podstawowa Nr 1 im. Powstańców Śląskich, ul. ks. Alojzego Koziełka 7/1, 44-190 Knurów";240501;"m. Knurów";"gliwicki";"śląskie";1;1;8;3;1;2;0;1;0;0;2;3;2;1;0;1;0;0;3;55;20;26;5;9;5;7;5;7;0;2;6;1;0;0;1;1;2;52;23;2;5;2;1;1;0;2;0;4;0;1;3;1;2;1;0;65;75;10;13;67;12;39;5;7;10;1;1;5;6;1;2;5;4;34;9;1;1;21;2;0;7;0;2;3;0;1;1;1;0;0;1;224;45;45;2;6;3;1;2;3;3;2;0;1;5;1;10;0;9;12;1;2;0;0;0;0;1;0;0;0;0;0;0;0
15;"Miejska Szkoła Podstawowa Nr 1 im. Powstańców Śląskich, ul. Antoniego Słoniny 1/2, 44-190 Knurów";240501;"m. Knurów";"gliwicki";"śląskie";1;1;10;0;2;0;0;1;2;0;0;2;0;1;0;0;2;1;0;47;8;15;3;11;5;6;5;5;5;3;4;2;1;0;1;0;0;40;22;1;4;3;0;0;1;2;1;2;0;0;0;1;3;2;5;95;107;4;30;60;15;46;7;6;15;2;3;1;4;2;5;5;6;38;6;3;4;16;2;2;10;3;2;1;1;0;0;1;2;2;3;192;21;20;0;4;2;1;3;3;0;2;2;0;0;1;3;2;16;6;3;2;0;1;0;2;1;0;0;0;1;0;1;1
16;"Miejski Ośrodek Pomocy Społecznej w Knurowie-Centrum Wsparcia Inicjatyw Społecznych, ul. Dworcowa 33, 44-190 Knurów";240501;"m. Knurów";"gliwicki";"śląskie";1;1;7;0;1;2;0;3;0;0;0;5;0;0;0;0;2;0;1;24;4;18;0;4;4;4;3;1;4;4;1;2;4;2;2;0;0;28;25;4;0;2;2;1;2;1;1;2;3;2;0;0;3;2;0;56;62;7;6;39;7;30;5;14;3;0;2;0;6;2;0;1;4;20;4;3;3;8;0;0;4;0;0;4;1;0;0;1;1;0;1;95;19;19;2;5;3;0;0;2;2;0;3;0;0;0;1;1;13;13;3;3;0;1;0;0;0;0;0;0;0;1;0;1
17;"Miejska Szkoła Podstawowa z Oddziałami Integracyjnymi Nr 2 im. Karola Miarki, ul. Wilsona 22/2, 44-190 Knurów";240501;"m. Knurów";"gliwicki";"śląskie";1;1;7;4;2;3;0;2;0;1;0;0;0;0;0;1;0;0;3;47;16;26;2;7;7;9;1;6;2;3;1;3;4;2;1;0;1;48;18;0;2;5;0;0;1;2;0;5;1;0;0;0;1;2;3;59;68;5;10;58;13;36;4;0;12;0;1;2;3;3;2;5;4;17;5;4;1;20;2;0;8;0;0;3;1;0;2;3;0;2;1;256;36;15;2;4;4;0;0;0;2;1;0;2;3;0;2;1;15;11;2;5;0;0;1;0;2;3;0;0;0;0;0;1
18;"Zespół Szkolno-Przedszkolny nr 1 im. Feliksa Michalskiego, ul. Feliksa Michalskiego 27, 44-193 Knurów";240501;"m. Knurów";"gliwicki";"śląskie";1;1;5;5;2;3;2;1;1;0;0;4;0;2;0;1;2;0;1;52;17;15;4;4;5;9;1;11;2;2;2;2;0;1;1;0;3;43;20;1;5;3;1;0;1;2;2;1;1;1;1;0;1;1;1;110;90;6;17;53;17;39;5;1;18;2;2;0;2;2;0;0;2;29;3;1;5;13;1;1;3;0;0;2;0;0;1;0;3;0;1;223;35;27;4;7;3;2;1;0;1;0;2;1;4;0;2;0;27;11;0;4;0;2;0;0;0;0;0;0;1;0;1;0
19;"Zespół Szkolno-Przedszkolny nr 2, ul. Jana Kilińskiego 6/1, 44-193 Knurów";240501;"m. Knurów";"gliwicki";"śląskie";1;1;13;0;2;2;0;0;1;3;1;7;0;1;0;1;2;0;1;33;12;15;4;11;5;2;2;6;1;2;2;3;1;1;2;1;3;42;28;2;5;2;3;1;1;4;1;4;1;0;0;1;2;0;1;96;81;24;16;107;32;68;8;5;11;2;4;2;3;4;1;1;6;35;3;2;0;10;0;0;9;0;2;3;0;0;2;1;1;0;2;185;26;15;0;8;6;4;1;5;2;3;0;2;3;1;1;1;10;11;1;2;1;1;0;2;0;0;0;0;0;0;0;2
20;"Zespół Szkolno-Przedszkolny nr 2, ul. Jana Kilińskiego 6/2, 44-193 Knurów";240501;"m. Knurów";"gliwicki";"śląskie";1;1;4;1;0;1;0;0;2;1;0;4;1;0;0;0;0;1;0;7;8;12;4;0;4;4;0;2;0;2;0;0;0;1;0;0;0;16;14;1;2;1;0;2;0;1;1;2;1;0;0;0;1;1;0;69;49;6;22;46;27;56;3;6;5;3;3;2;5;2;0;2;3;13;5;2;0;6;1;1;6;1;0;2;0;0;0;0;0;1;2;104;12;14;1;6;2;2;4;0;1;0;0;1;0;0;4;0;9;11;0;2;1;0;1;0;0;0;0;0;0;2;0;2
21;"Dom Kultury, ul. Górnicza 1, 44-193 Knurów";240501;"m. Knurów";"gliwicki";"śląskie";1;1;3;1;0;1;0;1;0;0;0;2;0;0;1;0;0;1;1;24;6;6;3;5;1;4;2;1;1;3;0;0;0;0;0;0;3;14;12;0;2;1;0;0;1;3;0;2;0;0;1;2;1;2;0;81;59;6;8;52;16;48;6;6;6;4;4;1;1;1;0;1;2;29;6;0;0;15;0;2;2;0;1;0;1;2;0;0;0;0;0;119;20;9;0;2;0;2;3;1;1;3;0;1;2;1;4;0;15;9;0;1;0;3;1;1;1;0;1;0;0;0;0;0
22;"Szpital w Knurowie Sp. z o. o. w budynku głównym Szpitala w Knurowie, ul. Niepodległości 8, 44-190 Knurów";240501;"m. Knurów";"gliwicki";"śląskie";1;1;0;0;0;0;0;0;0;0;0;0;0;0;0;0;0;0;0;1;0;0;1;0;0;0;0;0;0;0;0;0;0;0;0;0;0;1;2;0;1;0;0;0;0;0;0;0;0;0;0;0;0;0;0;5;2;1;3;2;1;3;2;0;0;0;0;1;0;0;0;0;0;2;0;0;0;0;0;0;0;0;0;0;0;0;0;0;0;0;0;6;0;0;0;1;0;0;0;0;1;0;1;0;0;0;0;0;0;1;1;0;0;0;0;0;0;0;0;0;0;0;0;0
1;"Przedszkole Miejskie Nr 1, ul. Oświęcimska 28, 44-120 Pyskowice";240502;"m. Pyskowice";"gliwicki";"śląskie";1;1;6;0;1;1;1;0;1;1;0;4;3;2;1;1;0;0;2;50;10;16;2;24;7;2;2;39;3;14;13;4;2;1;3;2;5;57;25;0;6;1;2;0;1;2;0;3;0;1;1;3;2;2;4;94;101;10;19;7;23;35;7;9;11;3;5;3;5;3;4;5;2;47;12;6;3;13;4;5;2;0;6;3;2;1;1;0;0;0;2;185;77;72;11;16;2;6;2;7;3;4;2;2;2;1;6;2;30;27;1;5;0;0;1;0;0;0;0;1;0;0;0;0
2;"Miejska Biblioteka Publiczna-Filia Nr 1, ul. Traugutta 53, 44-120 Pyskowice";240502;"m. Pyskowice";"gliwicki";"śląskie";1;1;3;0;0;0;0;0;0;0;0;1;1;0;0;1;0;0;1;26;17;6;1;13;7;1;0;14;3;7;1;0;4;0;1;0;0;22;13;1;1;1;0;0;0;1;0;5;2;2;0;0;1;0;1;49;44;6;12;7;15;19;1;6;9;0;5;1;5;3;0;0;1;20;8;2;1;1;2;2;0;1;5;1;0;1;0;0;2;0;0;95;32;56;4;4;2;2;0;4;1;2;1;1;1;0;4;0;14;12;2;1;2;0;0;0;0;0;0;1;0;0;0;0
3;"Ratusz, ul. Rynek 1, 44-120 Pyskowice";240502;"m. Pyskowice";"gliwicki";"śląskie";1;1;11;4;2;2;0;0;3;1;0;2;2;0;1;0;0;1;1;56;16;21;6;20;25;4;5;41;5;20;1;0;1;0;0;2;0;48;25;4;2;0;0;2;1;3;2;2;1;2;0;0;3;0;3;106;88;16;25;14;28;29;3;2;6;1;3;1;4;2;5;5;4;71;8;5;1;5;1;2;3;2;2;2;1;3;0;1;1;0;0;199;63;75;9;18;7;2;1;2;5;4;4;3;0;0;6;2;21;45;3;0;2;0;0;0;0;0;0;1;0;3;0;0
4;"Szkoła Podstawowa Nr 4, ul. Wojska Polskiego 23, 44-120 Pyskowice";240502;"m. Pyskowice";"gliwicki";"śląskie";1;1;2;2;3;2;0;0;1;1;0;1;2;0;0;0;2;1;0;34;10;15;1;17;5;4;6;33;1;7;3;0;4;1;1;2;2;52;13;3;0;1;3;1;1;1;2;4;0;0;0;0;3;4;2;100;85;5;26;7;27;36;2;7;11;0;2;3;0;0;5;1;4;34;6;3;0;14;0;1;0;3;2;1;0;1;1;1;0;2;0;153;65;72;9;4;3;0;2;3;3;2;3;1;1;1;0;2;22;18;1;1;1;0;0;0;1;1;0;1;0;0;0;0
5;"Miejska Biblioteka Publiczna, pl. Plac Józefa Piłsudskiego 1, 44-120 Pyskowice";240502;"m. Pyskowice";"gliwicki";"śląskie";1;1;1;3;2;1;1;0;2;0;1;1;1;0;0;1;0;0;1;41;15;16;8;25;5;3;4;21;1;4;3;1;4;2;0;1;3;55;38;1;3;1;1;1;0;1;1;3;0;1;0;1;3;0;1;94;71;4;22;6;32;33;3;9;10;2;1;1;0;0;3;6;3;44;13;5;0;9;0;4;0;0;2;2;1;0;0;1;4;2;0;164;50;58;8;16;5;6;3;3;4;5;2;1;2;1;4;7;23;31;4;5;1;2;0;1;0;0;0;0;0;1;0;1
6;"Hala Widowiskowo-Sportowa im. H. Wagnera, ul. Strzelców Bytomskich 1A, 44-120 Pyskowice";240502;"m. Pyskowice";"gliwicki";"śląskie";1;1;4;1;1;2;1;0;3;2;0;1;1;0;0;0;0;0;0;44;18;9;3;13;14;4;2;24;3;10;2;2;2;0;2;0;0;59;15;1;2;0;1;2;1;3;0;1;0;1;1;0;3;1;0;84;61;8;21;3;26;29;2;6;9;6;3;1;1;2;3;2;3;27;10;2;2;14;0;1;2;2;4;2;1;2;0;0;2;1;0;125;47;50;4;12;4;1;2;3;4;1;1;0;2;2;4;7;18;50;0;3;1;0;1;2;1;0;2;0;0;2;0;0
7;"Świetlica Osiedlowa, ul. Wojska Polskiego 3, 44-120 Pyskowice";240502;"m. Pyskowice";"gliwicki";"śląskie";1;1;6;1;0;3;2;0;1;0;0;2;0;0;0;0;0;0;2;33;21;14;3;14;11;5;0;0;2;2;2;0;0;1;0;1;2;62;16;0;2;5;2;2;1;4;2;3;0;2;0;0;3;0;2;95;71;2;32;6;24;27;11;8;12;3;2;1;6;2;4;4;7;34;4;2;2;12;0;2;1;2;3;4;0;2;1;0;2;0;2;130;55;49;5;11;3;2;3;3;6;4;4;2;2;0;7;0;17;25;1;2;2;0;0;0;1;1;1;0;0;0;0;1
8;"Przedszkole Miejskie Nr 5, ul. Szopena 9A, 44-120 Pyskowice";240502;"m. Pyskowice";"gliwicki";"śląskie";1;1;6;1;0;0;0;1;0;0;1;2;1;0;2;0;0;0;0;71;20;24;6;17;11;9;4;41;2;23;4;4;3;2;5;2;1;77;44;3;1;0;1;1;2;1;0;2;1;0;0;1;0;1;1;96;95;13;31;6;20;35;5;15;7;2;10;2;8;3;1;2;6;37;7;4;3;10;5;3;2;3;4;4;0;3;0;0;0;0;1;222;101;120;8;22;6;4;2;3;2;8;4;1;3;1;6;1;18;28;2;8;1;0;0;0;2;0;0;1;1;0;2;2
9;"Szpital w Pyskowicach Spółka z o. o., ul. Szpitalna 2, 44-120 Pyskowice";240502;"m. Pyskowice";"gliwicki";"śląskie";1;1;0;0;0;0;0;1;0;0;0;0;0;0;0;0;0;0;0;1;1;0;0;2;0;0;0;0;0;0;0;0;1;0;0;0;0;3;0;0;0;0;0;0;0;0;0;0;0;0;0;0;0;0;0;6;2;0;0;0;1;0;0;2;0;0;0;0;0;0;0;0;0;2;0;0;0;0;1;0;0;1;0;0;0;0;0;0;1;0;0;6;1;1;0;0;0;0;1;0;0;0;0;0;0;0;0;0;0;1;0;0;0;0;0;0;0;0;0;0;0;0;0;0
1;"Zespół Szkolno-Przedszkolny, ul. Powstańców Śląskich 41, 44-186 Gierałtowice";240503;"gm. Gierałtowice";"gliwicki";"śląskie";1;1;14;0;4;5;1;0;4;1;3;4;0;1;1;0;2;0;5;46;17;19;6;1;9;12;5;7;7;6;3;2;9;5;7;3;3;49;23;3;5;1;1;0;1;1;1;0;4;1;2;0;1;1;4;128;115;18;23;49;32;46;15;7;13;5;4;2;4;1;0;6;3;55;15;3;5;13;1;2;2;1;0;5;2;0;0;0;2;0;3;247;65;40;5;7;10;2;3;1;0;3;2;2;4;4;0;5;22;25;3;5;0;2;1;1;1;3;2;0;0;0;0;4
2;"Zespół Szkolno-Przedszkolny, ul. Powstańców Śląskich 41, 44-186 Gierałtowice";240503;"gm. Gierałtowice";"gliwicki";"śląskie";1;1;11;0;1;2;0;1;0;0;2;1;0;1;1;0;0;0;1;51;18;17;2;7;15;12;6;1;0;4;1;2;2;0;0;1;1;38;31;4;2;2;3;0;1;2;3;2;2;1;3;0;2;0;0;58;73;12;26;25;17;12;7;6;7;1;5;1;5;0;1;0;3;44;9;2;0;2;3;0;0;1;1;1;0;0;2;0;0;1;1;195;53;26;4;3;6;0;0;0;6;3;0;0;4;5;1;3;18;16;1;4;1;4;0;0;1;1;0;0;0;2;0;1
3;"Zespół Szkolno-Przedszkolny, ul. Szkolna 4, 44-178 Przyszowice";240503;"gm. Gierałtowice";"gliwicki";"śląskie";1;1;5;1;1;3;1;0;6;1;1;5;0;1;1;0;0;0;2;40;25;21;4;9;11;9;6;10;1;2;5;2;1;2;0;1;2;39;17;2;2;2;2;0;2;0;2;2;0;2;1;0;2;1;3;114;95;14;13;36;47;23;6;2;15;1;4;0;2;1;0;0;1;38;4;2;0;10;4;2;0;0;2;4;0;2;0;3;1;2;0;150;64;55;5;10;11;2;2;0;2;2;2;1;0;2;6;3;7;6;0;2;0;0;0;0;2;3;0;0;1;2;0;3
4;"Zespół Szkolno-Przedszkolny, ul. Szkolna 4, 44-178 Przyszowice";240503;"gm. Gierałtowice";"gliwicki";"śląskie";1;1;4;1;3;2;1;0;0;1;0;4;0;0;0;0;2;1;8;46;14;16;1;5;10;8;7;4;6;0;1;1;4;6;1;0;0;33;21;4;2;2;2;1;1;3;0;2;0;0;1;2;0;2;3;73;110;11;24;21;22;29;5;3;22;0;3;0;5;1;3;1;2;34;3;4;0;14;0;3;2;0;1;0;0;1;0;1;0;1;1;174;51;57;1;0;8;1;0;0;1;2;0;0;6;2;0;0;11;10;2;1;1;2;0;1;2;0;0;0;2;0;0;2
5;"Zespół Szkolno-Przedszkolny, ul. Zwycięstwa 44, 44-177 Paniówki";240503;"gm. Gierałtowice";"gliwicki";"śląskie";1;1;17;8;5;6;2;0;2;2;9;5;3;0;0;1;1;1;6;88;30;47;17;9;8;18;8;9;6;3;6;5;1;8;14;3;4;43;39;1;3;0;2;0;0;2;2;3;0;1;1;0;3;0;4;192;205;27;37;45;107;23;14;6;26;3;9;1;9;1;2;4;5;96;13;3;5;13;7;6;2;2;5;7;1;1;1;4;3;1;2;227;109;90;4;10;15;4;2;0;6;4;4;6;3;1;3;3;7;22;10;3;0;0;1;1;1;2;1;1;0;0;1;3
6;"Zespół Szkolno-Przedszkolny, Chudów ul. Szkolna 52, 44-177 Paniówki";240503;"gm. Gierałtowice";"gliwicki";"śląskie";1;1;15;2;2;6;1;2;2;2;0;4;0;0;0;1;1;1;3;53;18;22;9;6;7;4;3;12;0;1;4;0;0;6;1;1;1;39;20;2;6;2;1;3;0;3;2;1;0;1;0;0;0;1;1;85;112;13;21;28;39;30;13;6;12;0;6;2;7;1;1;0;2;54;8;1;1;4;5;3;1;1;1;1;2;1;2;0;1;0;0;154;64;38;11;6;2;1;3;2;2;9;2;3;1;1;3;2;7;11;0;2;0;1;1;1;1;2;0;1;0;1;0;16
1;"Świetlica Wiejska w Nieborowicach, Nieborowice ul. Główna 50, 44-144 Żernica";240504;"gm. Pilchowice";"gliwicki";"śląskie";1;1;2;0;2;2;0;0;1;0;1;2;0;0;1;0;0;0;1;42;21;28;3;9;17;6;1;5;4;2;4;0;0;0;0;0;0;25;24;2;0;0;0;2;1;2;0;1;0;1;0;0;0;1;0;49;57;5;7;11;6;66;4;1;3;1;0;0;0;0;0;1;2;19;7;3;1;8;1;0;0;0;2;0;0;0;1;1;3;0;0;176;45;35;4;8;2;2;1;2;10;5;1;1;2;1;4;1;8;11;1;0;0;0;0;0;1;0;0;1;0;0;0;0
2;"""Młynówka"" w Leboszowicach, Leboszowice ul. Smolnicka 6A, 44-145 Pilchowice";240504;"gm. Pilchowice";"gliwicki";"śląskie";1;1;0;0;0;0;0;0;0;0;0;0;0;0;0;0;1;0;0;10;5;4;1;0;6;0;0;1;2;1;0;0;0;1;0;0;1;8;12;1;1;1;0;0;0;0;0;0;0;0;0;0;1;0;1;9;16;2;3;3;1;21;0;1;1;0;0;2;0;0;0;1;0;6;2;1;0;1;0;0;0;0;0;0;0;0;0;0;0;0;0;45;19;19;2;2;0;0;0;0;1;0;1;0;0;0;3;2;0;4;0;1;2;0;0;0;1;0;0;0;0;0;0;0
3;"Sala w budynku przy ul. Damrota 5 w Pilchowicach, ul. Damrota 5, 44-145 Pilchowice";240504;"gm. Pilchowice";"gliwicki";"śląskie";1;1;9;2;4;4;0;0;1;0;1;1;1;0;1;1;2;1;7;89;39;47;5;11;19;10;10;7;6;5;2;7;1;1;3;1;3;66;34;4;4;2;2;2;4;2;2;1;2;3;1;0;3;1;3;90;90;11;11;41;13;138;8;10;14;4;7;0;5;0;2;0;5;64;10;9;1;17;1;2;4;0;7;7;1;0;1;0;2;2;1;422;123;87;6;8;9;2;3;2;5;4;7;2;5;6;14;7;12;41;2;25;0;0;2;2;0;1;1;0;0;1;0;2
4;"Zespół Szkolno-Przedszkolny w Stanicy, Stanica ul. Gliwicka 18, 44-145 Pilchowice";240504;"gm. Pilchowice";"gliwicki";"śląskie";1;1;8;1;0;5;0;1;2;0;1;2;0;0;1;1;1;1;0;27;12;9;9;7;13;4;2;7;0;0;0;2;1;4;0;1;2;28;14;1;2;1;0;1;1;1;1;1;2;1;1;0;1;0;0;53;65;8;14;23;7;100;7;1;15;0;4;0;0;0;1;4;4;20;6;4;1;8;1;2;3;3;3;1;2;2;1;1;0;1;1;114;39;42;4;1;4;2;2;3;1;1;3;0;2;0;4;0;5;17;10;5;2;2;0;0;1;0;0;0;0;1;1;0
5;"Dom Kultury w Wilczy, ul. Karola Miarki 123, 44-189 Wilcza";240504;"gm. Pilchowice";"gliwicki";"śląskie";1;1;8;2;4;2;2;0;0;0;0;3;0;0;0;0;0;0;0;26;31;23;8;6;15;2;3;13;0;1;3;2;0;2;2;1;2;26;21;4;0;1;1;0;3;2;2;1;3;0;0;3;1;0;0;90;174;8;15;49;6;113;6;8;9;2;11;1;2;0;0;2;8;45;4;1;1;14;0;0;11;1;2;2;1;1;2;0;0;0;0;224;50;30;2;7;3;6;2;4;6;4;3;2;2;0;2;1;8;23;6;7;1;1;0;3;1;0;0;2;0;1;0;0
6;"Dom Kultury w Żernicy, ul. Szafranka 9, 44-144 Żernica";240504;"gm. Pilchowice";"gliwicki";"śląskie";1;1;6;3;1;2;0;0;0;0;1;5;0;2;1;1;1;1;0;61;23;36;8;12;20;6;8;5;3;5;4;3;2;2;5;1;3;58;60;7;2;3;2;1;0;1;2;3;1;0;0;1;2;0;5;107;177;11;12;41;18;94;12;4;15;5;8;1;5;1;2;2;5;56;5;5;2;7;2;3;0;2;1;5;1;1;1;2;2;2;2;425;116;96;5;25;6;4;2;1;4;3;2;1;5;2;7;4;20;33;3;14;1;0;0;0;1;2;2;1;0;5;1;3
7;"budynek Sołtysówki, Kuźnia Nieborowska ul. Kasztanowa 6, 44-144 Żernica";240504;"gm. Pilchowice";"gliwicki";"śląskie";1;1;2;0;1;1;0;0;0;0;0;2;0;0;1;0;0;0;1;14;5;7;2;2;3;1;1;2;1;2;1;0;1;1;1;0;0;7;3;0;0;0;0;0;1;0;0;0;0;0;0;0;0;0;1;17;27;0;4;15;1;9;0;1;2;1;0;0;2;0;0;0;3;9;0;1;0;6;0;0;2;0;0;0;0;0;0;0;0;0;0;56;14;11;1;1;1;1;0;0;0;0;0;1;0;0;1;0;3;1;1;0;0;0;0;0;0;0;0;0;0;1;0;0
8;"Szpital Chorób Płuc im. św. Józefa w Pilchowicach, ul. Dworcowa 31, 44-145 Pilchowice";240504;"gm. Pilchowice";"gliwicki";"śląskie";1;1;0;0;0;0;0;0;0;0;0;0;0;0;0;0;0;0;0;1;0;1;0;0;0;0;0;0;0;0;0;0;0;0;0;0;0;2;0;0;0;0;0;0;0;0;0;0;0;0;0;0;0;0;0;5;2;1;3;0;1;2;0;0;0;0;1;1;0;0;0;0;0;0;0;0;0;0;0;0;0;0;0;0;0;0;0;0;0;0;0;9;2;1;0;2;0;0;0;1;0;0;0;0;0;0;0;0;0;0;1;0;0;0;0;1;0;0;0;0;0;0;0;0
1;"Zespół Szkolno-Przedszkolny Rudziniec, ul. Gliwicka 5, 44-160 Rudziniec";240505;"gm. Rudziniec";"gliwicki";"śląskie";1;1;1;2;0;0;0;0;0;0;0;1;0;0;0;0;0;1;1;32;7;6;1;3;47;2;7;17;1;0;0;1;0;0;1;4;0;30;8;2;3;1;4;4;1;0;0;3;0;2;0;0;0;0;0;66;70;7;22;12;7;10;2;8;48;3;4;0;1;0;1;3;3;24;3;4;2;6;1;1;0;3;2;2;0;2;0;0;1;3;0;100;35;22;7;10;2;0;0;4;4;2;2;1;0;0;1;2;6;7;1;29;1;7;0;0;0;0;1;1;0;0;0;2
2;"Szkoła Podstawowa Bojszów, Bojszów ul. Szkolna 23, 44-160 Rudziniec";240505;"gm. Rudziniec";"gliwicki";"śląskie";1;1;3;1;0;2;0;0;0;0;1;2;0;1;0;1;1;1;0;17;11;10;0;4;37;2;0;21;0;0;2;1;3;4;2;1;1;26;9;1;3;1;0;0;1;0;0;0;1;0;0;0;1;1;0;44;27;7;15;6;5;7;4;4;9;0;7;2;1;1;1;1;0;20;4;2;1;2;1;0;0;2;3;0;1;1;0;1;1;2;1;100;28;22;6;12;0;2;1;0;0;0;2;2;0;0;1;0;7;10;4;3;0;11;0;0;0;0;0;1;0;1;2;0
3;"Zespół Szkolno-Przedszkolny Rudno, Rudno ul. Szkolna 9, 44-160 Rudziniec";240505;"gm. Rudziniec";"gliwicki";"śląskie";1;1;5;0;1;0;0;0;0;0;0;1;1;1;0;1;0;0;0;22;6;11;3;3;27;1;5;22;0;0;4;0;0;1;4;1;1;10;7;1;2;0;1;0;0;1;0;2;1;0;2;1;0;0;0;43;76;2;9;8;24;5;2;5;11;1;3;0;2;1;1;0;1;16;6;8;1;4;0;1;1;1;5;0;0;0;1;0;0;1;0;76;25;12;5;4;3;1;2;1;1;2;0;2;2;1;3;0;4;9;1;12;0;12;0;0;1;1;0;0;0;0;0;0
4;"Szkoła Podstawowa Kleszczów, Kleszczów ul. Szkolna 23, 44-164 Gliwice 21";240505;"gm. Rudziniec";"gliwicki";"śląskie";1;1;3;0;0;0;0;0;0;0;0;0;1;0;0;1;0;2;2;23;8;14;1;13;11;2;3;9;0;2;2;0;0;1;0;3;0;15;11;0;0;1;0;0;2;0;1;2;0;0;0;0;1;1;0;50;44;1;5;11;9;2;3;1;3;0;4;0;1;1;0;1;3;24;4;4;1;4;0;0;1;2;3;1;3;0;0;0;0;0;1;116;56;42;2;27;6;1;1;1;2;2;2;1;3;1;2;2;7;3;0;0;0;2;0;0;0;0;0;0;0;0;1;0
5;"Budynek świetlicy wiejskiej Rzeczyce, Rzeczyce ul. Kolejowa 10, 44-164 Gliwice 21";240505;"gm. Rudziniec";"gliwicki";"śląskie";1;1;1;1;0;1;0;0;1;1;0;1;0;0;0;0;0;0;1;16;7;12;1;2;9;2;2;7;0;1;1;0;0;0;1;0;1;13;9;0;2;0;0;0;1;0;1;0;0;0;0;0;1;1;1;29;19;1;4;7;6;2;2;8;3;0;1;0;0;0;0;1;0;16;1;2;1;0;0;0;0;2;1;0;1;0;0;0;0;1;0;48;35;12;0;0;3;1;0;0;5;1;0;1;0;0;0;0;1;2;0;1;0;0;0;0;0;0;0;0;0;0;0;0
6;"Szkoła Podstawowa Bycina, Bycina ul. Szkolna 13, 44-120 Pyskowice";240505;"gm. Rudziniec";"gliwicki";"śląskie";1;1;2;0;1;0;0;0;1;0;0;0;0;0;0;0;0;1;1;6;3;5;0;2;20;1;0;21;0;0;5;0;0;0;0;5;1;10;3;1;0;1;0;0;0;0;0;0;1;0;1;1;0;1;0;21;41;0;7;37;7;7;2;2;7;0;0;1;3;0;0;2;2;12;1;0;1;4;0;1;0;1;1;0;0;0;1;0;0;0;0;51;15;14;1;1;3;0;3;2;1;3;1;0;0;1;1;1;4;26;0;2;1;1;0;0;0;0;1;1;2;0;0;0
7;"budynek byłej szkoły podstawowej Taciszów, Taciszów ul. Szkolna 2, 44-171 Rudziniec";240505;"gm. Rudziniec";"gliwicki";"śląskie";1;1;4;1;0;1;0;0;0;0;0;1;0;0;0;0;0;0;1;7;2;4;0;2;10;5;0;5;1;0;0;1;0;1;1;0;1;7;5;2;0;0;1;0;0;0;0;1;0;1;0;1;0;0;0;24;23;2;6;7;6;7;0;0;4;0;1;0;0;0;1;1;1;9;1;0;1;2;0;0;0;2;0;3;1;0;0;0;0;0;0;47;23;14;1;4;0;0;2;1;1;3;0;0;1;0;2;1;3;12;1;2;0;0;0;0;0;0;0;0;0;0;1;0
8;"Zespół Szkolno-Przedszkolny, Pławniowice ul. Gliwicka 107, 44-171 Rudziniec";240505;"gm. Rudziniec";"gliwicki";"śląskie";1;1;4;0;0;0;0;0;0;0;0;0;0;0;0;0;1;0;0;18;3;2;1;1;22;2;0;9;1;0;2;2;0;0;0;6;3;10;7;1;2;1;0;1;0;0;0;1;1;0;0;0;0;2;1;26;30;0;6;4;6;3;0;1;5;0;1;0;0;1;0;1;2;26;6;1;0;4;0;6;2;0;2;2;0;0;0;1;1;1;3;43;16;39;2;4;2;2;0;0;2;3;0;0;0;0;3;0;7;14;2;5;2;0;0;0;0;0;0;0;0;0;0;0
9;"Gminny Ośrodek Kultury, Poniszowice ul. Parkowa 11, 44-172 Rudziniec";240505;"gm. Rudziniec";"gliwicki";"śląskie";1;1;3;0;0;0;0;0;1;0;0;2;0;0;0;0;0;0;1;6;3;1;0;0;18;0;1;48;0;0;0;0;0;0;0;0;0;3;3;0;0;0;0;0;0;1;0;0;2;0;0;0;0;0;0;29;29;3;5;10;8;7;2;0;12;1;3;0;0;0;0;1;0;24;4;1;1;1;0;1;0;3;1;1;0;0;0;0;0;0;2;33;6;16;3;1;1;0;0;4;0;0;1;0;0;0;0;0;3;17;0;2;0;0;0;0;0;0;0;0;0;0;0;0
10;"Szkoła Podstawowa Chechło, Chechło ul. Szkolna 1, 44-172 Rudziniec";240505;"gm. Rudziniec";"gliwicki";"śląskie";1;1;1;1;0;0;0;0;2;0;0;0;0;0;0;0;0;0;0;4;2;0;1;0;35;0;0;6;0;1;0;0;0;0;0;0;1;1;1;0;0;1;0;0;0;0;0;0;0;0;0;1;0;0;0;12;14;5;4;4;6;1;1;1;4;1;2;0;0;0;0;1;0;19;2;0;0;1;1;1;2;0;0;0;0;0;1;1;0;0;0;23;4;2;1;3;0;0;1;0;1;2;1;0;0;0;0;0;3;4;0;7;0;2;0;0;0;0;0;0;0;0;0;1
11;"Ochotnicza Straż Pożarna w Łączy, Łącza ul. Szkolna 34, 44-160 Rudziniec";240505;"gm. Rudziniec";"gliwicki";"śląskie";1;1;3;0;0;1;0;0;0;0;0;0;0;0;0;0;0;0;0;4;4;5;0;0;14;1;0;5;0;0;1;0;0;1;0;0;0;1;0;0;0;2;0;0;1;0;0;0;1;0;0;1;1;1;0;23;26;0;7;5;3;1;0;1;12;1;0;0;0;1;0;2;0;10;0;0;0;2;1;0;0;0;0;1;0;1;1;0;2;0;0;18;6;5;0;1;0;0;1;2;1;0;0;0;1;1;2;0;2;4;0;3;0;1;0;0;0;0;0;0;0;0;0;1
12;"Świetlica wiejska, Ligota Łabędzka ul. Szkolna 1, 44-109 Gliwice";240505;"gm. Rudziniec";"gliwicki";"śląskie";1;1;0;0;0;1;0;0;0;0;0;1;0;0;0;0;0;0;0;13;5;3;3;0;2;0;0;0;4;0;0;0;0;0;0;1;1;5;1;0;1;0;0;0;0;1;0;0;0;0;0;0;0;0;0;12;15;1;2;0;2;4;1;2;1;1;0;0;1;1;0;1;0;5;0;0;1;1;0;0;1;0;0;2;0;0;0;1;0;0;0;22;4;13;1;2;1;0;0;1;0;0;0;0;0;0;0;0;1;1;0;0;0;0;0;0;0;0;0;0;0;0;0;0
13;"Ochotnicza Straż Pożarna Widów, Widów ul. Stawowa 2, 44-172 Poniszowice";240505;"gm. Rudziniec";"gliwicki";"śląskie";1;1;0;1;0;1;0;1;0;0;0;0;0;0;0;0;0;0;1;0;0;1;0;0;14;0;0;14;0;0;0;0;0;0;0;0;0;7;3;1;0;3;0;0;0;0;1;0;0;0;0;1;0;0;0;10;19;2;0;19;9;5;4;0;6;0;1;3;0;2;0;2;0;3;0;0;0;0;0;0;0;0;0;0;0;0;2;0;0;0;0;10;5;1;0;0;0;0;0;0;0;0;0;0;1;0;0;0;0;9;0;1;0;0;0;1;1;0;0;0;0;1;0;0
14;"Świetlica wiejska, Słupsko ul. Lipowa 1, 44-172 Poniszowice";240505;"gm. Rudziniec";"gliwicki";"śląskie";1;1;1;0;0;0;0;0;0;1;0;0;0;0;0;0;0;0;0;6;3;2;0;2;1;1;1;21;0;0;0;0;0;0;0;1;0;1;3;0;0;0;0;0;0;1;1;0;1;0;0;0;0;0;1;19;37;3;4;10;3;3;2;2;8;1;1;0;0;0;1;1;2;10;1;1;0;2;0;2;0;0;2;0;0;0;0;1;0;0;0;24;1;2;1;1;0;0;0;0;0;0;0;0;0;0;0;0;0;16;0;0;0;0;0;0;0;0;0;0;0;0;0;0
15;"Budynek wielofunkcyjny w sołectwie Niewiesze, Niewiesze ul. Plażowa 19, 44-172 Poniszowice";240505;"gm. Rudziniec";"gliwicki";"śląskie";1;1;0;1;0;1;1;0;1;0;0;0;0;1;1;0;0;0;0;3;1;3;0;0;7;2;1;30;0;0;2;0;0;0;0;0;0;1;2;0;0;0;0;0;0;0;0;0;0;0;0;0;0;0;1;12;28;2;4;7;5;2;0;1;4;0;1;1;2;2;0;0;2;7;1;0;0;0;0;0;0;0;0;0;2;0;0;0;0;0;0;17;2;1;0;0;1;1;1;0;2;1;1;0;0;0;2;0;5;6;0;1;0;0;0;0;0;0;0;0;1;0;0;0
16;"Świetlica wiejska, Łany ul. Pyskowicka 40, 44-160 Rudziniec";240505;"gm. Rudziniec";"gliwicki";"śląskie";1;1;1;0;0;0;0;0;0;0;0;0;0;0;0;0;1;0;0;9;1;1;1;0;32;1;3;7;0;0;0;0;0;0;0;0;1;4;0;0;1;0;0;0;0;1;0;1;0;0;0;0;0;0;0;11;12;0;3;10;10;1;0;0;0;2;3;0;0;0;0;2;0;7;1;0;0;2;0;0;1;0;0;0;0;0;0;0;1;0;0;26;6;8;0;0;0;0;0;0;0;3;0;0;0;0;0;0;0;8;1;0;1;2;0;0;0;0;1;0;0;0;0;0
1;"Szkoła Podstawowa w Sośnicowicach, ul. Gimnazjalna 6, 44-153 Sośnicowice";240506;"gm. Sośnicowice";"gliwicki";"śląskie";1;1;3;1;2;2;1;3;3;0;1;0;0;0;0;0;0;4;0;19;12;7;0;9;7;2;2;9;0;0;3;2;1;1;0;3;1;17;7;0;2;0;1;0;0;0;0;0;1;1;0;0;0;1;0;20;23;1;6;7;1;12;1;0;9;1;39;0;0;1;2;0;1;12;7;5;1;2;1;0;1;0;3;0;0;0;0;0;0;0;0;107;16;31;2;15;2;2;1;0;0;1;1;0;1;1;1;0;8;9;2;3;0;0;0;3;0;0;0;0;0;0;0;0
2;"Świetlica Rady Sołeckiej w Trachach, Trachy ul. Raciborska 31, 44-153 Sośnicowice";240506;"gm. Sośnicowice";"gliwicki";"śląskie";1;1;0;0;0;0;0;0;0;0;0;0;0;0;0;0;0;1;1;7;8;6;0;1;5;2;0;2;0;2;0;0;1;3;1;0;1;12;6;1;0;0;0;1;0;0;0;1;1;1;0;0;0;0;1;15;24;5;9;3;2;5;1;0;2;0;42;0;1;1;0;0;2;6;3;0;0;2;0;1;1;0;11;2;0;0;0;0;0;0;0;96;9;16;2;5;3;3;0;0;2;1;0;1;2;0;2;0;4;1;3;1;0;0;0;1;0;0;1;1;0;0;0;0
3;"Zespół Szkolno-Przedszkolny w Sierakowicach, Sierakowice ul. Wiejska 1, 44-156 Sośnicowice";240506;"gm. Sośnicowice";"gliwicki";"śląskie";1;1;3;2;0;0;0;0;0;2;0;0;0;0;2;0;0;1;3;28;7;7;4;1;17;4;1;6;1;2;1;5;0;1;2;0;0;16;15;2;2;1;0;1;1;1;1;3;0;0;0;1;2;0;3;31;42;5;8;5;4;15;2;3;11;2;38;2;2;2;3;1;2;31;5;0;2;3;1;1;2;2;9;1;1;0;0;1;0;1;0;118;18;27;3;8;5;2;0;0;1;5;1;2;2;0;2;1;14;6;4;4;0;3;0;2;1;0;0;0;0;2;0;0
4;"Zespół Szkolno-Przedszkolny w Kozłowie, Kozłów ul. Marcina 33, 44-153 Sośnicowice";240506;"gm. Sośnicowice";"gliwicki";"śląskie";1;1;0;0;1;1;0;0;2;1;0;0;1;0;0;0;0;0;3;27;12;8;1;6;5;3;1;6;2;0;3;1;0;0;0;0;1;12;4;0;3;1;2;1;0;1;0;1;2;0;0;0;0;0;2;22;40;2;1;10;7;22;2;0;5;2;93;0;1;0;0;0;0;21;2;3;3;7;0;2;2;1;7;0;0;1;0;0;1;3;0;63;37;28;0;21;0;3;0;0;1;0;1;0;0;0;1;0;9;9;1;2;0;0;0;0;1;0;0;0;0;0;0;0
5;"Miejskie Przedszkole w Sośnicowicach, Oddział Zamiejscowy w Łanach Wielkich, Łany Wielkie ul. Wiejska 9, 44-153 Sośnicowice";240506;"gm. Sośnicowice";"gliwicki";"śląskie";1;1;4;0;1;1;0;0;1;0;1;3;0;2;0;1;0;0;0;9;7;7;2;5;13;2;2;4;1;0;0;3;0;0;0;0;0;11;6;0;1;0;0;0;0;0;0;1;0;0;1;0;1;0;0;16;29;4;3;6;3;9;2;3;1;0;44;1;0;0;1;0;0;11;3;1;0;1;2;1;0;1;6;1;0;0;0;0;2;1;0;59;8;26;0;1;0;0;0;0;0;0;0;0;0;1;0;0;3;7;0;0;2;0;0;0;0;0;0;0;0;0;0;2
6;"Gminne Przedszkole w Smolnicy, Smolnica ul. Szkolna 1D, 44-153 Sośnicowice";240506;"gm. Sośnicowice";"gliwicki";"śląskie";1;1;4;0;0;2;1;0;0;1;2;1;0;0;0;0;1;0;0;33;15;15;3;9;7;7;4;2;0;1;2;0;1;1;1;1;0;23;16;1;1;0;0;1;1;0;0;1;1;0;0;0;0;0;0;55;54;8;18;13;2;16;3;5;1;1;11;1;1;0;3;0;1;29;4;4;1;2;0;0;0;0;4;1;2;2;0;0;0;1;0;199;88;96;5;18;6;2;1;2;2;2;2;0;1;2;2;2;9;6;0;4;0;0;0;0;0;2;0;0;0;0;0;0
7;"Świetlica Rady Sołeckiej w Rachowicach, Rachowice ul. Wiejska 111, 44-156 Sośnicowice";240506;"gm. Sośnicowice";"gliwicki";"śląskie";1;1;0;4;1;0;2;1;0;0;1;0;0;0;0;0;1;0;0;16;12;5;1;4;10;0;2;7;1;0;0;3;0;0;0;0;1;14;3;1;0;0;0;0;0;1;0;0;1;0;0;0;0;0;0;20;13;2;1;6;2;46;2;0;2;2;22;0;0;0;0;0;0;20;3;0;2;2;2;1;0;0;2;0;1;0;0;0;2;0;0;79;13;9;1;17;0;0;0;0;2;0;0;3;0;0;0;0;6;14;0;0;0;0;0;1;0;1;0;0;1;0;1;0
8;"Szkoła Podstawowa w Bargłówce, Bargłówka ul. Raciborska 67, 44-153 Sośnicowice";240506;"gm. Sośnicowice";"gliwicki";"śląskie";1;1;5;1;1;0;0;0;0;1;0;0;0;0;0;0;0;0;0;16;6;4;0;7;5;5;1;4;2;1;0;1;0;0;0;1;0;19;13;0;5;3;0;0;0;0;1;1;0;0;1;0;0;0;1;17;21;3;5;2;1;15;1;0;2;1;19;0;1;0;1;1;2;8;2;2;2;2;1;0;0;0;2;2;0;0;0;0;0;0;0;102;13;16;4;4;1;0;0;1;4;1;0;0;1;0;1;0;1;4;0;1;0;0;0;0;2;0;0;0;1;0;0;1
9;"Szkoła Podstawowa w Sośnicowicach, ul. Gimnazjalna 6, 44-153 Sośnicowice";240506;"gm. Sośnicowice";"gliwicki";"śląskie";1;1;1;2;0;0;0;0;0;1;0;1;1;0;0;0;2;1;1;18;5;9;1;10;5;1;4;2;2;2;1;4;2;0;0;2;3;24;11;3;0;0;1;0;1;0;2;4;3;1;0;0;0;0;0;25;33;5;7;5;3;9;2;3;3;1;26;0;2;0;0;0;2;18;2;3;1;5;0;1;0;0;8;0;0;1;0;0;0;0;0;155;30;60;4;8;4;0;1;1;2;2;0;1;2;2;3;0;12;10;0;2;1;0;0;0;0;1;1;0;0;1;0;0
1;"Szkoła Podstawowa nr 2 im. Gustawa Morcinka w Toszku, ul. Wilkowicka 2, 44-180 Toszek";240507;"gm. Toszek";"gliwicki";"śląskie";1;1;3;3;3;1;0;1;0;0;0;0;1;0;0;0;0;0;2;34;4;5;2;2;59;4;0;91;2;4;1;0;5;2;0;2;0;32;11;0;1;2;1;0;2;0;0;0;4;0;0;1;1;0;0;115;42;8;20;15;19;53;7;16;33;0;11;1;4;0;2;2;0;32;4;4;0;6;1;2;1;1;0;1;1;0;0;0;0;1;4;155;38;27;6;5;1;4;1;2;4;4;2;0;2;2;2;2;12;49;6;7;2;0;0;2;0;0;0;2;1;2;0;0
2;"Szkoła Podstawowa nr 1 im. Ireny Sendler w Toszku, ul. Dworcowa 27, 44-180 Toszek";240507;"gm. Toszek";"gliwicki";"śląskie";1;1;3;0;0;0;0;0;0;0;2;1;0;1;1;0;0;1;0;17;7;4;2;5;60;1;0;86;0;0;0;0;2;3;0;0;0;22;10;3;1;0;0;0;0;0;1;2;0;1;0;1;0;0;0;110;29;6;11;10;10;40;1;4;18;0;4;0;2;0;3;2;1;25;4;0;0;2;1;2;1;0;1;0;0;0;2;0;1;0;0;114;17;27;3;7;0;0;1;2;2;2;0;0;0;1;4;1;8;44;2;0;7;1;0;0;1;1;1;1;0;0;1;1
3;"Szkoła Podstawowa nr 1 im. Ireny Sendler w Toszku, ul. Dworcowa 27, 44-180 Toszek";240507;"gm. Toszek";"gliwicki";"śląskie";1;1;4;1;1;1;1;1;1;1;0;0;0;0;0;1;0;0;0;12;2;0;3;2;59;0;0;49;0;0;1;2;3;0;1;1;0;11;6;0;1;0;1;0;0;1;1;0;0;1;0;0;0;0;0;81;39;7;6;3;10;24;4;6;12;0;1;2;2;0;1;3;2;19;3;1;1;3;2;3;0;1;0;2;0;0;1;0;0;0;0;52;9;15;3;1;2;2;1;1;2;1;0;0;2;0;0;0;4;30;4;3;9;0;0;2;0;0;0;0;0;1;1;0
4;"Szkoła Podstawowa nr 2 im. Gustawa Morcinka w Toszku, ul. Wilkowicka 2, 44-180 Toszek";240507;"gm. Toszek";"gliwicki";"śląskie";1;1;2;0;0;0;0;0;0;1;1;0;1;1;0;0;1;0;2;13;1;5;2;1;27;0;0;34;0;0;2;0;2;0;1;0;0;18;10;0;0;0;0;1;0;0;0;0;1;1;0;0;0;0;1;69;64;1;16;17;25;26;1;6;19;1;0;1;2;1;1;1;3;27;2;1;1;6;3;4;2;0;1;1;0;0;0;1;1;0;0;32;14;18;2;2;0;2;0;3;0;2;1;5;1;0;1;2;11;35;0;1;2;1;1;0;0;0;0;0;0;0;0;0
5;"Budynek Ochotniczej Straży Pożarnej w Kotulinie, ul. Kolejowa 5B, 44-180 Kotulin";240507;"gm. Toszek";"gliwicki";"śląskie";1;1;2;1;0;0;0;0;0;0;0;0;0;0;0;1;0;0;2;6;0;2;3;0;186;0;0;16;0;0;0;2;0;0;0;2;2;6;5;0;0;0;0;1;0;0;2;0;1;0;0;1;1;0;0;72;49;4;10;7;8;18;7;8;13;0;6;0;2;1;2;2;3;23;1;1;2;6;0;5;1;0;0;2;0;0;1;0;1;0;3;56;9;7;4;2;2;0;0;3;0;2;0;1;2;0;0;0;4;18;2;5;0;1;0;0;1;0;0;0;0;0;0;0
6;"Szkoła Podstawowa w Paczynie, ul. Wiejska 80, 44-120 Paczyna";240507;"gm. Toszek";"gliwicki";"śląskie";1;1;4;2;0;1;0;0;1;0;0;2;0;0;0;0;1;0;0;11;7;5;0;5;26;0;0;25;2;0;2;0;0;0;0;1;0;16;6;0;1;0;1;0;0;1;0;1;0;0;0;0;1;1;1;52;33;7;10;17;14;26;2;2;15;0;6;0;0;2;1;1;4;16;1;0;0;3;0;0;2;0;3;0;1;1;1;0;0;0;1;46;12;24;4;3;2;2;0;1;4;0;1;2;2;0;3;0;21;37;1;3;1;1;0;1;0;0;0;1;0;3;0;0
7;"Szkoła Podstawowa im. Królowej Jadwigi w Pniowie, ul. Szkolna 4/1, 44-120 Pniów";240507;"gm. Toszek";"gliwicki";"śląskie";1;1;2;0;0;0;0;0;1;0;0;1;0;0;0;0;0;0;1;16;14;2;2;3;39;3;1;16;0;0;0;0;0;1;0;0;0;9;10;0;1;1;1;0;0;0;0;1;0;0;0;0;1;0;0;34;21;2;6;5;10;14;2;3;5;2;0;0;1;1;0;0;3;16;1;1;0;4;1;0;0;0;1;0;0;0;0;0;0;0;0;52;19;25;1;2;4;0;0;2;0;0;0;0;1;0;1;0;6;27;3;0;3;0;0;0;0;0;0;0;0;0;0;0
8;"SP ZOZ Szpital Psychiatryczny w Toszku, ul. Gliwicka 5, 44-180 Toszek";240507;"gm. Toszek";"gliwicki";"śląskie";1;1;1;0;1;0;0;0;0;0;0;0;0;0;0;0;0;0;0;2;5;1;1;0;0;0;0;0;1;0;1;0;0;1;4;0;1;5;2;0;0;0;0;0;2;0;1;0;0;0;0;0;0;0;0;19;8;3;6;1;1;1;2;1;2;1;1;0;0;0;1;1;1;4;0;0;0;2;0;0;0;0;0;0;0;0;2;0;0;0;0;9;3;4;2;2;2;0;0;1;2;0;0;0;0;0;0;0;1;1;0;2;0;1;0;0;1;0;0;0;0;0;0;0
1;"Hala Sportowa w Szkole Podstawowej im Jana Pawła II (dawne gimnazjum), ul. Zamkowa 24, 44-187 Wielowieś";240508;"gm. Wielowieś";"gliwicki";"śląskie";1;1;5;3;2;2;1;0;2;0;0;0;0;0;0;0;0;1;1;43;14;12;3;5;76;0;0;17;4;2;1;2;1;0;1;9;1;19;13;1;0;0;4;0;0;1;0;2;2;1;0;0;1;1;1;60;76;12;28;12;34;48;2;12;52;1;5;6;4;1;1;6;10;49;7;2;2;12;1;0;0;1;7;1;0;1;0;1;3;2;0;113;32;27;6;7;40;3;2;3;0;2;2;1;1;1;2;2;36;41;5;2;4;0;0;2;3;2;1;0;0;0;0;1
2;"Świetlica wiejska, Dąbrówka ul. Główna 32, 44-187 Wielowieś";240508;"gm. Wielowieś";"gliwicki";"śląskie";1;1;2;0;0;1;0;0;0;1;0;1;1;0;1;0;0;0;0;4;1;0;0;0;40;0;0;3;0;0;0;0;0;0;0;0;0;1;0;0;0;0;0;0;0;0;0;0;0;0;0;0;0;0;0;19;9;1;4;3;4;39;0;1;5;0;0;1;0;0;1;1;2;14;1;2;1;5;1;1;0;0;1;0;1;0;2;0;1;0;0;16;4;8;2;1;1;0;0;1;0;0;0;1;2;0;0;1;4;10;1;1;2;0;0;0;0;0;0;0;0;0;0;0
3;"Świetlica wiejska, Sieroty ul. Kościelna 17, 44-187 Wielowieś";240508;"gm. Wielowieś";"gliwicki";"śląskie";1;1;1;0;1;0;0;0;1;1;0;1;0;0;0;0;0;0;0;11;9;2;1;7;14;1;0;5;0;0;0;0;0;1;1;0;1;7;1;0;0;0;0;0;0;0;0;0;0;1;0;0;0;0;0;13;24;2;5;4;11;9;1;0;4;0;0;0;0;0;0;0;0;8;1;0;0;7;0;2;1;1;0;0;0;0;1;0;0;0;0;18;5;6;3;3;7;1;0;0;2;1;0;0;1;0;3;0;9;10;0;1;2;0;1;0;1;0;2;0;0;0;0;0
4;"Świetlica Wiejska, Błażejowice ul. Wiejska 28B, 44-187 Wielowieś";240508;"gm. Wielowieś";"gliwicki";"śląskie";1;1;2;0;0;0;0;0;0;0;0;0;0;0;0;0;0;0;0;1;5;0;1;4;8;0;0;4;0;0;0;0;0;0;0;0;0;2;1;0;0;0;0;0;0;0;0;0;0;0;0;0;0;0;0;12;24;3;3;3;1;7;1;3;4;1;1;0;0;0;1;1;0;10;1;4;0;0;0;3;0;1;1;0;0;0;0;0;0;1;0;3;3;4;0;1;0;0;0;0;0;0;0;0;0;0;0;0;4;4;0;1;1;0;0;0;1;0;0;0;0;0;0;0
5;"Szkoła Podstawowa im. Literatów Dziecięcych w Świbiu, Świbie ul. Szkolna 2, 44-187 Wielowieś";240508;"gm. Wielowieś";"gliwicki";"śląskie";1;1;6;1;0;0;1;0;0;0;0;1;0;0;0;0;0;0;2;8;7;5;2;4;0;57;0;15;1;0;0;3;1;0;1;0;0;14;4;1;1;0;3;0;0;0;0;1;0;0;0;0;0;0;0;82;62;6;22;8;9;21;1;13;23;0;4;3;2;0;0;2;3;31;7;7;0;3;0;0;0;1;1;4;0;1;0;1;3;1;0;56;11;11;14;5;10;1;0;4;1;3;5;2;1;0;1;0;2;51;5;3;8;1;2;0;0;1;0;0;0;0;1;0
6;"Świetlica Wiejska, Radonia ul. Szkolna 14, 44-187 Wielowieś";240508;"gm. Wielowieś";"gliwicki";"śląskie";1;1;0;3;2;0;0;1;0;0;0;2;0;0;1;0;1;0;0;3;0;0;0;0;15;0;2;15;0;0;0;0;0;1;0;0;0;3;0;0;0;0;0;0;0;0;0;0;1;0;0;0;0;0;0;16;33;5;3;4;3;0;0;3;5;0;1;0;0;0;0;1;2;9;0;0;0;0;0;3;1;0;0;1;0;0;0;1;1;0;0;16;2;1;2;0;2;0;0;0;0;0;0;0;0;0;1;0;8;14;0;5;0;0;0;2;1;0;0;0;0;0;0;0
7;"Świetlica Wiejska, Zacharzowice ul. Wiejska 55, 44-187 Wielowieś";240508;"gm. Wielowieś";"gliwicki";"śląskie";1;1;0;1;1;0;0;0;0;1;0;0;0;0;0;0;0;0;0;2;4;1;1;2;12;2;0;6;2;0;0;0;0;0;0;0;0;2;0;0;0;0;0;0;0;0;0;0;0;0;0;0;0;0;0;14;15;1;4;1;4;13;0;0;5;0;1;1;0;0;0;0;1;2;1;2;0;0;1;0;1;1;0;1;0;0;0;0;0;0;0;18;5;2;0;7;3;1;0;1;0;0;0;0;0;0;0;2;0;4;1;0;0;0;0;0;0;0;0;0;0;0;0;0
8;"Świetlica wiejska, Czarków ul. Wiejska 3, 44-187 Wielowieś";240508;"gm. Wielowieś";"gliwicki";"śląskie";1;1;2;0;0;0;0;0;0;0;0;1;1;0;0;0;0;0;0;6;2;6;1;1;13;0;2;0;0;0;0;0;0;1;0;0;0;6;2;0;1;0;0;0;0;0;0;0;0;0;0;0;1;0;0;10;6;1;0;0;9;3;0;1;4;0;0;0;1;0;0;0;0;6;0;0;0;0;0;0;0;0;1;0;0;0;0;0;0;0;0;16;8;7;3;2;3;0;0;1;0;0;0;0;0;1;0;0;2;2;2;2;0;0;0;0;0;0;0;0;0;0;0;0
9;"Dom Pomocy Społecznej, Wiśnicze ul. Wiejska 42A, 44-187 Wielowieś";240508;"gm. Wielowieś";"gliwicki";"śląskie";1;1;1;0;1;0;0;0;0;0;0;0;0;0;1;0;0;0;0;0;0;1;0;0;0;0;0;0;0;0;0;0;0;0;0;0;0;0;0;0;0;0;0;0;1;0;0;0;1;0;0;0;0;0;0;3;2;0;0;2;3;0;0;1;0;0;0;1;0;0;0;0;1;0;0;0;0;0;0;0;0;0;0;0;0;0;0;0;0;0;0;2;1;0;0;0;0;0;0;0;0;1;0;0;0;0;0;0;0;1;0;0;0;0;1;0;0;0;0;0;0;0;0;0
1;"Publiczna Szkoła Podstawowa Nr 1 w Kaletach, ul. 1 Maja 6, 42-660 Kalety";241301;"m. Kalety";"tarnogórski";"śląskie";1;1;8;1;2;2;1;1;0;0;0;5;2;0;0;0;3;1;2;79;9;4;5;0;1;1;21;2;4;0;3;0;10;1;4;0;1;23;8;4;3;2;1;0;0;0;0;2;0;0;0;1;2;0;2;63;58;13;55;2;113;3;2;12;66;1;1;4;0;0;0;1;2;40;5;7;1;2;1;2;0;1;7;2;1;1;1;3;0;1;2;62;13;15;166;3;0;2;0;26;5;3;2;3;9;2;3;1;9;6;4;1;2;1;0;0;1;0;0;0;0;0;0;0
2;"Miejski Dom Kultury w Kaletach, ul. Lubliniecka 2, 42-660 Kalety";241301;"m. Kalety";"tarnogórski";"śląskie";1;1;1;0;1;1;1;0;1;0;0;2;0;0;0;0;1;0;0;23;0;3;1;0;3;1;10;2;3;0;0;0;2;1;1;0;2;5;2;1;0;0;1;0;0;0;0;1;0;0;0;0;0;0;1;18;11;3;11;1;42;1;1;3;14;1;0;0;2;1;1;0;0;24;1;0;2;4;0;1;1;1;5;0;0;1;0;0;1;1;0;29;2;4;80;1;2;1;0;11;0;0;0;1;3;0;0;0;3;4;1;1;1;0;0;0;0;0;1;1;0;0;1;0
3;"były Zespół Szkół w Kaletach, ul. Księdza Rogowskiego 43, 42-660 Kalety";241301;"m. Kalety";"tarnogórski";"śląskie";1;1;9;0;3;2;1;1;0;1;0;2;2;0;0;1;1;2;4;99;7;16;7;3;9;7;22;4;4;1;5;0;3;3;0;1;1;31;13;15;1;5;2;1;0;1;0;1;2;0;1;0;3;0;0;93;40;17;101;3;148;4;2;22;141;0;1;3;0;5;2;3;7;54;11;3;6;9;0;1;2;1;12;1;0;0;0;3;0;0;3;81;23;17;244;2;3;2;2;17;1;4;0;1;2;2;3;1;2;19;2;3;5;2;0;2;2;1;2;1;0;1;0;5
4;"były Klub w Kaletach-Drutarni, ul. Koszęcińska 33, 42-660 Kalety";241301;"m. Kalety";"tarnogórski";"śląskie";1;1;0;1;0;0;0;0;0;0;0;1;1;0;0;0;1;0;0;23;3;5;4;0;2;1;5;2;3;0;3;0;1;0;4;1;2;23;4;1;4;0;0;1;0;0;0;0;1;0;0;0;0;1;0;30;11;6;18;0;59;0;2;2;14;0;0;3;0;1;0;0;0;12;1;2;0;1;0;0;0;0;1;0;0;0;0;3;0;1;0;29;1;1;49;1;3;0;1;13;1;4;0;0;3;2;0;2;6;3;0;0;0;1;0;0;0;0;0;0;0;0;0;0
5;"Zespół Placówek Oświatowych w Kaletach-Miotku, ul. Orzeszkowej 10, 42-660 Kalety";241301;"m. Kalety";"tarnogórski";"śląskie";1;1;3;0;0;6;0;1;0;0;1;1;0;0;0;0;1;0;2;63;11;13;2;3;3;10;18;5;4;5;3;2;4;6;1;2;8;32;13;10;1;4;1;1;1;1;0;2;1;0;2;1;1;2;2;120;49;20;52;2;115;5;8;11;42;1;1;3;2;1;1;4;6;62;4;4;5;9;1;1;2;2;5;2;1;0;0;1;5;1;1;69;26;3;184;3;8;4;1;21;1;5;4;1;5;0;1;3;2;16;17;3;6;1;0;0;0;1;1;1;0;0;2;1
1;"Świetlica Szkoły Podstawowej Nr 1, ul. Dworcowa 8, 42-610 Miasteczko Śląskie";241302;"m. Miasteczko Śląskie";"tarnogórski";"śląskie";1;1;5;0;0;0;0;1;2;1;2;3;2;0;0;1;2;3;4;47;3;7;1;5;3;1;83;4;5;2;0;3;5;2;0;0;1;31;13;3;0;4;0;0;1;0;0;0;0;1;0;0;0;0;1;79;52;16;31;4;102;0;7;27;58;0;0;2;2;0;1;1;2;50;5;1;2;2;1;0;3;0;9;1;0;0;0;0;1;1;2;70;11;16;120;4;0;3;2;13;4;1;6;0;20;0;3;1;10;19;5;3;1;4;1;1;0;0;0;1;0;0;2;0
2;"Szkoła Podstawowa Nr 1, ul. Dworcowa 8, 42-610 Miasteczko Śląskie";241302;"m. Miasteczko Śląskie";"tarnogórski";"śląskie";1;1;1;0;1;0;1;1;1;0;0;0;0;0;0;0;1;1;2;34;2;5;1;0;0;5;39;1;3;0;0;1;5;0;0;3;1;36;18;3;0;5;0;1;0;3;4;0;2;1;0;0;2;2;2;58;37;13;35;7;73;5;4;25;41;0;0;3;6;4;2;1;3;30;2;1;1;8;2;2;2;1;2;2;2;0;0;0;0;1;0;46;13;9;88;3;1;1;1;9;5;1;5;1;31;1;1;1;4;9;6;3;1;1;1;2;0;0;1;2;0;1;0;2
3;"Miejski Ośrodek Kultury, ul. Srebrna 24, 42-610 Miasteczko Śląskie";241302;"m. Miasteczko Śląskie";"tarnogórski";"śląskie";1;1;0;0;0;1;0;0;0;0;0;1;2;0;0;0;0;0;1;22;3;4;3;1;0;1;26;3;2;0;2;0;3;0;3;0;2;23;17;2;1;1;0;0;1;1;1;3;6;0;1;1;1;0;2;63;44;10;34;6;88;3;3;10;40;0;4;1;3;1;2;0;6;24;8;1;0;1;2;3;1;1;1;1;2;0;1;0;0;0;2;22;4;8;55;2;1;4;0;14;2;2;7;0;23;0;1;0;9;7;2;2;0;0;0;1;1;0;0;0;0;0;1;0
4;"Szkoła Podstawowa Nr 2, ul. Harcerska 5, 42-610 Miasteczko Śląskie";241302;"m. Miasteczko Śląskie";"tarnogórski";"śląskie";1;1;4;1;0;1;0;0;2;0;0;1;0;0;0;1;4;0;1;44;6;5;2;5;1;3;77;4;7;0;5;1;4;0;0;1;5;18;14;2;0;0;0;0;0;1;1;2;4;1;0;1;1;2;2;90;40;25;75;2;119;3;7;9;40;0;1;1;4;0;2;2;3;30;7;3;1;3;4;0;2;0;6;1;0;0;0;0;1;0;0;70;12;12;76;0;2;5;0;30;4;5;3;1;20;1;1;1;12;21;6;2;1;0;0;2;0;1;1;0;0;0;1;2
5;"Strażnica OSP Brynica, ul. Władysława Łokietka 5, 42-610 Miasteczko Śląskie";241302;"m. Miasteczko Śląskie";"tarnogórski";"śląskie";1;1;1;0;1;1;0;0;0;0;0;1;1;1;1;0;0;0;0;7;2;2;1;1;0;1;16;0;1;0;1;0;0;0;0;1;1;1;2;0;0;1;0;0;0;0;0;0;0;0;0;0;0;0;1;31;13;5;36;1;50;2;1;2;22;0;0;0;0;0;2;2;0;9;6;0;1;0;1;0;0;0;0;1;0;0;0;0;1;0;0;13;2;1;18;0;0;4;0;2;0;1;1;0;5;0;1;2;0;6;4;0;0;0;0;0;0;0;0;0;0;1;1;0
1;"Technikum Nr 13, ul. Zofii Nałkowskiej 2, 41-922 Radzionków";241303;"m. Radzionków";"tarnogórski";"śląskie";1;1;5;2;2;0;1;0;1;0;0;4;0;0;1;0;1;0;0;48;10;9;11;3;1;4;8;3;12;2;6;1;1;2;1;0;3;23;13;4;0;7;1;2;1;3;0;0;3;1;0;0;0;2;2;95;59;90;36;3;67;3;8;13;10;1;1;9;0;0;6;4;2;28;7;0;2;0;0;0;0;1;1;0;1;0;0;1;2;0;4;63;10;11;69;2;3;13;20;0;3;2;2;0;4;0;2;2;1;10;3;1;0;2;1;0;1;0;1;0;0;0;0;0
2;"Szkoła Podstawowa Nr 4 im. Józefa Lompy, ul. gen. Władysława Sikorskiego 8a, 41-922 Radzionków";241303;"m. Radzionków";"tarnogórski";"śląskie";1;1;4;2;2;0;1;0;1;2;0;2;0;1;1;0;3;0;1;92;10;25;10;6;6;7;8;5;6;2;3;2;3;7;0;1;2;59;31;2;2;3;0;0;4;3;1;0;11;0;0;3;2;1;6;82;37;149;38;5;47;2;5;5;12;0;1;4;2;1;1;2;4;49;9;10;5;3;4;1;2;1;4;1;0;0;1;0;0;0;3;160;28;33;161;8;4;43;23;8;7;0;6;1;0;3;4;4;10;13;3;2;0;0;1;3;0;0;2;0;0;0;1;1
3;"Przedszkole Nr 4, ul. Jana Kużaja 15, 41-922 Radzionków";241303;"m. Radzionków";"tarnogórski";"śląskie";1;1;2;2;1;0;0;0;1;0;0;1;1;1;0;1;1;0;0;20;2;6;2;2;1;1;0;0;3;0;2;0;0;0;0;0;5;13;8;1;0;2;0;0;0;0;1;0;2;0;0;0;0;0;0;55;27;37;45;0;27;2;2;2;4;0;1;2;3;0;4;2;2;35;4;0;0;1;0;0;0;0;3;0;0;0;2;0;0;0;3;37;5;6;50;2;1;8;24;1;1;2;2;1;3;1;0;3;4;6;0;0;0;1;0;0;0;1;0;0;0;0;0;0
4;"Szkoła Podstawowa Nr 2 im. Jana Pawła II, ul. Szymały 36, 41-922 Radzionków";241303;"m. Radzionków";"tarnogórski";"śląskie";1;1;2;0;0;2;2;0;1;0;1;2;0;0;0;3;0;1;1;85;11;22;6;6;3;6;3;8;11;1;8;4;3;4;1;3;5;30;25;4;3;4;0;0;0;0;0;1;2;0;1;0;3;1;1;106;45;108;54;3;107;4;2;18;10;1;4;5;4;1;4;1;3;64;9;6;2;6;3;1;4;0;0;4;0;0;0;0;0;1;1;103;15;10;152;2;2;29;16;4;2;5;4;0;3;1;1;5;7;7;1;0;1;1;1;4;0;0;1;0;0;0;1;0
5;"Szkoła Podstawowa Nr 1 im. Adama Mickiewicza, ul. Krzywa 18, 41-922 Radzionków";241303;"m. Radzionków";"tarnogórski";"śląskie";1;1;8;1;1;0;1;1;0;0;0;2;1;1;0;1;0;0;0;52;13;13;7;3;1;5;4;5;15;1;4;0;8;5;4;2;10;47;22;3;2;7;0;0;3;1;2;3;4;0;1;0;2;1;4;66;50;117;38;5;94;1;12;11;7;1;0;10;7;0;6;4;3;50;3;2;6;4;3;1;1;1;4;4;2;1;1;1;1;3;4;126;22;16;143;4;7;22;16;10;3;3;3;1;5;2;3;2;5;10;8;2;1;1;2;2;0;1;0;0;0;0;0;1
6;"Centrum Kultury ""Karolinka"", pl. Jana Pawła II 2, 41-922 Radzionków";241303;"m. Radzionków";"tarnogórski";"śląskie";1;1;9;1;3;1;1;1;0;1;0;6;0;0;0;0;0;0;3;72;11;21;12;7;2;6;8;6;7;0;3;0;9;2;2;2;9;38;30;5;3;5;0;0;4;2;2;2;4;1;0;1;0;1;0;94;49;136;56;3;124;5;6;21;15;0;1;13;9;2;8;1;4;49;7;3;5;6;0;3;2;1;8;1;1;1;1;3;0;1;0;114;19;41;120;4;4;20;18;8;1;5;3;6;9;3;3;2;9;11;1;0;1;1;2;3;1;0;3;0;1;0;0;0
7;"Miejski Ośrodek Sportu i Rekreacji, Hala sportowa, ul. ks. dr. Józefa Knosały 16, 41-922 Radzionków";241303;"m. Radzionków";"tarnogórski";"śląskie";1;1;3;0;1;0;0;2;1;2;0;2;0;0;2;0;1;1;2;84;12;32;6;3;4;4;14;5;18;4;4;5;5;5;1;2;3;50;21;4;2;5;2;0;2;2;2;5;7;4;3;0;0;3;5;142;60;160;60;7;181;5;4;17;12;1;2;4;7;0;2;3;2;64;7;5;2;3;1;2;2;3;7;1;0;2;0;3;0;2;3;100;22;29;132;6;2;32;18;7;2;3;5;1;3;1;4;4;10;26;8;5;2;1;2;0;0;2;0;0;0;1;1;2
8;"Liceum Ogólnokształcące im. Powstańców Śląskich, pl. Jana Pawła II 8, 41-922 Radzionków";241303;"m. Radzionków";"tarnogórski";"śląskie";1;1;4;0;2;1;1;0;1;1;0;2;1;0;0;1;0;0;1;43;5;14;3;4;2;10;4;4;4;1;3;0;1;3;1;2;6;40;18;4;1;6;1;0;1;0;0;3;4;0;0;1;2;0;0;98;47;117;40;5;78;9;4;18;12;0;1;10;4;1;0;4;4;40;5;3;0;9;2;1;0;1;5;0;1;1;1;0;0;0;2;96;14;22;121;11;3;20;17;7;2;1;1;1;6;1;3;0;5;10;0;1;0;2;2;5;0;0;2;0;0;0;0;0
1;"Zespół Szkolno-Przedszkolny Nr 2, ul. Jagodowa 72, 42-609 Tarnowskie Góry";241304;"m. Tarnowskie Góry";"tarnogórski";"śląskie";1;1;7;2;1;1;0;1;1;1;0;1;0;0;1;0;0;1;1;33;6;7;0;3;3;5;10;5;11;1;0;1;8;0;2;0;12;20;10;5;1;2;0;0;1;3;1;0;0;1;0;0;1;2;0;71;13;6;13;2;78;1;4;19;86;1;0;0;0;1;0;0;2;34;7;3;1;2;0;0;0;1;1;0;0;1;0;0;2;0;1;37;19;13;52;1;1;4;0;13;1;1;0;0;35;0;0;2;7;14;4;1;5;0;0;5;1;0;2;1;0;0;0;0
2;"Szkoła Podstawowa Nr 13, ul. Armii Krajowej 1, 42-609 Tarnowskie Góry";241304;"m. Tarnowskie Góry";"tarnogórski";"śląskie";1;1;7;0;0;4;0;0;3;2;2;0;0;0;0;0;1;1;1;45;17;17;4;7;8;2;2;1;16;2;2;0;18;3;2;3;38;31;13;5;1;4;1;4;0;0;0;3;0;0;2;0;4;0;3;84;34;7;27;3;67;5;2;21;135;0;1;2;3;0;1;2;3;48;9;2;0;5;1;0;1;3;2;0;3;1;2;1;1;0;1;95;21;37;183;6;1;1;4;38;4;1;0;0;10;1;3;2;12;22;7;6;3;0;0;4;1;0;5;0;0;3;0;0
3;"Szkoła Podstawowa Nr 13, ul. Armii Krajowej 1, 42-609 Tarnowskie Góry";241304;"m. Tarnowskie Góry";"tarnogórski";"śląskie";1;1;6;0;0;0;0;0;1;0;0;3;1;1;1;0;1;0;0;35;10;6;3;4;2;1;10;4;9;4;2;0;14;1;0;1;13;33;18;1;2;2;1;1;0;3;0;1;2;0;0;0;0;0;1;51;20;20;31;4;80;6;3;11;69;0;3;5;5;1;0;1;3;32;3;3;2;3;1;2;1;1;7;0;1;0;0;0;2;0;0;61;7;18;119;4;0;0;2;17;0;1;2;1;14;0;0;0;4;8;4;3;3;1;0;0;1;0;3;1;1;0;0;0
4;"Szkoła Podstawowa Nr 13, ul. Armii Krajowej 1, 42-609 Tarnowskie Góry";241304;"m. Tarnowskie Góry";"tarnogórski";"śląskie";1;1;2;1;4;0;0;0;0;1;0;1;1;0;1;0;0;0;2;26;5;6;5;1;1;2;2;1;6;0;2;1;13;5;0;0;6;23;19;4;3;4;1;0;1;0;0;3;3;0;0;2;0;1;0;40;23;9;27;0;77;4;1;16;70;1;0;3;2;0;0;1;1;20;2;6;3;4;2;1;1;3;2;0;0;0;0;0;0;0;1;71;18;34;108;4;4;2;2;18;0;2;2;3;16;2;4;3;14;13;7;2;8;2;0;5;1;1;2;0;0;0;0;0
5;"Zespół Szkolno-Przedszkolny Nr 1, ul. Juliusza Słowackiego 34, 42-600 Tarnowskie Góry";241304;"m. Tarnowskie Góry";"tarnogórski";"śląskie";1;1;6;1;0;1;2;1;1;0;1;1;0;0;0;0;1;0;1;24;6;3;3;1;2;4;8;6;7;0;0;0;18;0;0;2;7;29;23;4;2;3;0;1;2;1;0;2;5;2;0;4;1;1;3;80;32;14;21;1;129;4;1;28;30;1;0;2;2;0;1;4;0;29;5;2;1;3;0;2;1;3;2;3;0;0;3;1;2;1;1;46;22;17;120;3;1;4;1;23;3;2;0;1;13;3;4;1;13;12;3;0;1;0;0;7;0;1;1;0;0;0;1;0
6;"Szkoła Podstawowa Nr 5, ul. Leśna 23, 42-600 Tarnowskie Góry";241304;"m. Tarnowskie Góry";"tarnogórski";"śląskie";1;1;5;2;2;3;0;0;2;0;0;3;0;0;1;2;0;0;1;61;20;18;4;4;3;4;13;3;19;5;9;2;25;6;0;6;15;57;26;3;2;1;3;1;1;2;1;1;3;0;0;1;1;0;2;84;29;21;26;3;100;0;4;30;33;2;1;2;3;3;0;7;2;46;6;3;6;3;2;1;0;1;8;0;2;0;1;0;0;1;2;93;49;44;158;3;4;2;0;34;2;2;2;4;16;3;3;1;16;23;11;4;1;2;0;5;1;1;1;0;0;0;0;0
7;"Szkoła Podstawowa Nr 5, ul. Leśna 23, 42-600 Tarnowskie Góry";241304;"m. Tarnowskie Góry";"tarnogórski";"śląskie";1;1;10;2;1;1;3;2;0;2;2;3;2;0;0;1;1;2;4;57;16;12;7;7;3;7;15;3;18;2;5;1;28;5;2;2;12;74;56;9;4;9;1;1;1;2;1;3;4;0;1;3;1;1;1;112;55;19;45;1;144;5;3;40;25;1;3;1;4;1;1;4;4;39;9;4;2;5;1;2;1;1;10;2;1;3;6;1;1;1;1;133;32;52;205;7;3;4;3;41;6;5;6;2;29;1;1;6;19;11;5;2;2;1;0;3;0;0;0;0;3;0;1;1
8;"Szkoła Podstawowa Nr 10, ul. Zaciszna 17, 42-606 Tarnowskie Góry";241304;"m. Tarnowskie Góry";"tarnogórski";"śląskie";1;1;5;3;0;0;0;0;1;0;0;2;0;1;1;0;1;0;1;51;9;17;4;3;4;2;7;4;20;3;1;0;23;6;1;1;13;61;31;6;5;1;1;0;1;4;3;2;8;0;0;2;1;0;0;71;43;16;18;0;136;7;1;73;19;0;0;4;1;0;1;2;4;39;6;4;6;1;0;1;1;2;10;1;0;0;0;2;1;2;1;109;29;36;224;7;0;4;0;31;4;2;2;6;14;0;0;2;19;13;2;2;1;1;0;6;0;0;1;0;0;0;3;0
9;"Szkoła Podstawowa Nr 10, ul. Zaciszna 17, 42-606 Tarnowskie Góry";241304;"m. Tarnowskie Góry";"tarnogórski";"śląskie";1;1;4;0;0;1;1;1;1;0;2;2;0;0;0;1;1;1;1;58;17;10;4;6;3;6;10;3;12;3;4;2;27;0;4;4;8;57;34;8;4;3;1;0;1;4;1;3;4;2;1;2;1;0;3;72;23;28;25;8;117;3;3;100;16;0;2;4;2;3;1;2;3;16;6;4;6;4;1;1;0;3;2;2;0;0;1;0;1;1;1;111;38;41;190;4;1;8;2;24;3;5;2;2;16;2;1;2;21;9;12;0;0;2;1;3;1;1;0;1;1;0;0;2
10;"Szkoła Podstawowa Nr 11, ul. Józefa Korola 38a, 42-605 Tarnowskie Góry";241304;"m. Tarnowskie Góry";"tarnogórski";"śląskie";1;1;8;1;1;1;0;0;1;0;0;3;0;1;1;0;0;0;3;64;9;13;4;8;2;11;3;5;10;0;1;0;16;3;4;1;13;41;27;2;2;4;0;0;5;1;3;0;4;1;0;2;1;1;6;101;47;28;44;3;87;1;4;40;33;0;0;6;2;0;4;2;2;45;9;2;3;7;0;0;2;0;6;1;0;0;1;0;0;1;1;107;28;24;151;3;2;11;9;24;3;5;3;1;14;1;2;4;16;16;5;1;2;4;0;2;0;2;1;0;0;0;0;0
11;"Szkoła Podstawowa Nr 11, ul. Józefa Korola 38a, 42-605 Tarnowskie Góry";241304;"m. Tarnowskie Góry";"tarnogórski";"śląskie";1;1;8;0;1;4;0;0;3;1;0;2;1;0;0;1;0;0;0;82;16;10;6;5;5;5;5;1;11;1;2;4;9;1;0;4;15;37;26;3;3;4;1;0;2;0;3;1;4;0;1;1;0;2;1;132;42;28;17;5;107;6;3;35;22;1;5;4;5;2;0;1;3;77;8;2;2;6;0;4;2;0;8;0;2;1;0;1;0;1;1;118;31;43;160;5;5;11;5;15;4;3;7;2;22;5;2;1;20;40;12;2;3;3;1;6;0;1;2;0;0;1;0;0
12;"Świetlica Miejska Nr 1, ul. Wincentego Witosa 61, 42-603 Tarnowskie Góry";241304;"m. Tarnowskie Góry";"tarnogórski";"śląskie";1;1;11;7;0;3;1;0;0;0;0;2;1;0;1;0;2;0;3;89;28;26;9;13;0;15;13;9;17;6;7;1;30;6;5;7;12;58;65;6;6;3;0;1;3;2;3;4;1;3;0;0;2;0;4;108;39;26;35;5;119;4;7;41;46;0;1;2;4;1;1;5;5;58;12;4;2;6;1;3;2;1;6;3;2;0;1;0;0;2;0;140;64;82;291;7;12;17;6;42;2;8;7;2;25;1;4;2;25;24;7;2;1;3;2;4;2;1;3;0;2;0;0;1
13;"Zespół Szkolno-Przedszkolny Nr 4, ul. Powstańców Warszawskich 42, 42-680 Tarnowskie Góry";241304;"m. Tarnowskie Góry";"tarnogórski";"śląskie";1;1;8;0;5;1;1;1;2;0;0;5;0;0;0;0;2;1;2;101;20;39;12;8;11;9;17;8;12;3;4;2;27;0;3;2;20;78;35;5;1;4;2;1;1;1;1;2;4;1;0;0;1;1;0;90;29;17;28;1;104;3;4;30;156;1;2;4;4;0;3;1;8;70;5;6;4;10;2;1;0;2;6;0;0;2;6;1;0;1;3;130;44;93;266;9;10;4;1;36;4;5;5;1;39;1;4;5;24;24;17;5;4;1;1;1;1;0;5;0;0;1;0;3
14;"Świetlica Miejska Nr 3, ul. Jana Pastuszki 9, 42-600 Tarnowskie Góry";241304;"m. Tarnowskie Góry";"tarnogórski";"śląskie";1;1;5;2;1;0;0;1;0;0;0;6;0;0;0;0;2;0;0;67;14;15;10;10;0;13;5;4;20;2;7;3;21;0;2;2;7;40;21;2;4;2;2;0;0;4;0;3;2;0;0;3;0;0;1;65;32;17;15;4;71;3;4;25;38;0;1;2;1;2;2;5;4;38;3;6;4;3;0;2;2;0;5;1;0;0;0;0;0;1;4;114;27;59;137;5;1;11;2;32;1;4;3;1;24;0;4;3;10;16;8;1;3;1;4;0;1;0;1;0;1;0;0;1
15;"Szkoła Podstawowa Nr 8, ul. Wincentego Janasa 11, 42-612 Tarnowskie Góry";241304;"m. Tarnowskie Góry";"tarnogórski";"śląskie";1;1;9;2;2;1;2;0;1;3;0;2;0;0;0;0;0;1;1;112;18;26;7;9;6;12;11;12;19;6;4;2;38;6;3;2;16;85;53;9;1;3;3;0;1;0;0;3;8;2;0;0;1;0;1;105;52;28;52;4;101;3;5;108;32;0;0;3;2;0;3;1;5;59;13;2;4;5;0;1;0;0;9;2;1;0;1;2;2;2;4;196;81;96;252;6;3;14;0;55;3;2;5;4;44;2;2;6;31;24;11;0;4;0;3;0;1;0;1;0;0;4;0;0
16;"Szkoła Podstawowa Nr 8, ul. Wincentego Janasa 11, 42-612 Tarnowskie Góry";241304;"m. Tarnowskie Góry";"tarnogórski";"śląskie";1;1;7;1;4;3;1;0;2;0;0;2;0;2;0;0;2;1;6;98;20;36;6;13;11;6;22;4;9;1;7;2;21;2;0;4;19;97;42;6;5;5;5;1;3;4;3;6;4;2;0;2;1;2;2;120;57;27;32;1;95;3;7;49;27;1;2;4;6;2;1;3;8;65;13;4;2;14;0;0;1;0;5;0;2;1;2;2;0;0;0;179;68;88;225;9;4;12;3;54;5;6;5;3;23;2;0;6;17;15;5;4;9;3;1;2;0;0;4;1;1;0;0;2
17;"Szkoła Podstawowa Nr 8, ul. Wincentego Janasa 11, 42-612 Tarnowskie Góry";241304;"m. Tarnowskie Góry";"tarnogórski";"śląskie";1;1;3;2;1;0;2;0;0;2;0;0;1;0;0;0;0;1;1;71;15;18;3;7;8;3;5;2;7;3;2;0;18;0;5;3;10;58;25;5;5;2;1;1;0;1;4;3;2;1;0;2;2;1;2;89;29;19;18;2;99;3;5;40;27;0;2;0;2;4;0;0;3;38;9;2;2;8;0;3;0;3;4;0;0;0;1;0;0;1;2;109;21;32;162;4;1;2;4;27;6;2;8;0;24;0;2;0;19;19;7;3;2;2;0;2;0;0;0;0;0;0;0;0
18;"Szkoła Podstawowa Nr 15, ul. Litewska 6, 42-612 Tarnowskie Góry";241304;"m. Tarnowskie Góry";"tarnogórski";"śląskie";1;1;2;2;2;3;0;0;0;0;1;1;0;1;0;0;0;0;0;45;11;16;6;5;1;5;13;8;23;4;2;0;14;3;1;3;12;57;33;3;0;2;0;0;0;0;2;3;1;1;0;0;1;0;2;95;28;20;24;2;103;4;2;43;29;1;1;4;5;2;4;0;2;33;5;3;1;15;1;0;0;0;2;1;1;1;1;1;3;0;2;103;21;54;173;4;4;4;5;35;8;0;4;0;22;0;1;1;15;13;7;0;3;1;0;2;0;1;1;0;1;0;0;0
19;"Szkoła Podstawowa Nr 15, ul. Litewska 6, 42-612 Tarnowskie Góry";241304;"m. Tarnowskie Góry";"tarnogórski";"śląskie";1;1;3;2;1;2;1;0;1;0;1;2;0;0;0;1;0;1;3;52;11;16;11;5;6;6;4;4;26;0;2;0;29;2;1;4;22;45;32;2;2;2;2;1;2;2;0;2;1;2;1;1;0;0;1;95;38;18;45;4;134;2;2;59;20;0;1;3;1;2;4;3;4;27;7;1;7;9;1;0;2;0;2;1;0;0;0;2;1;0;2;113;31;56;199;5;2;4;1;42;6;4;4;2;26;3;3;2;17;18;4;3;0;0;0;2;1;0;0;0;0;0;0;0
20;"I Liceum Ogólnokształcące im. Stefanii Sempołowskiej, ul. Opolska 28, 42-600 Tarnowskie Góry";241304;"m. Tarnowskie Góry";"tarnogórski";"śląskie";1;1;3;6;3;1;0;0;1;0;0;4;0;0;1;0;0;0;0;66;8;18;5;7;7;4;6;7;13;3;5;0;27;1;1;1;9;72;53;3;1;8;3;0;0;4;3;6;6;1;1;2;0;0;2;127;31;25;19;1;106;1;5;32;26;0;0;1;5;0;1;3;3;28;2;6;1;2;0;0;1;0;8;0;0;1;0;1;0;3;0;112;16;40;184;4;4;4;2;30;5;3;2;3;19;0;0;2;11;19;7;0;1;3;2;3;0;1;2;1;0;0;1;1
21;"Szkoła Podstawowa Nr 3, ul. Stanisława Wyspiańskiego 1, 42-600 Tarnowskie Góry";241304;"m. Tarnowskie Góry";"tarnogórski";"śląskie";1;1;6;0;1;1;1;0;3;2;1;3;0;0;1;0;0;1;4;46;14;15;12;5;4;8;16;3;12;2;6;1;26;4;4;3;29;71;25;5;2;8;1;2;1;2;0;1;0;0;2;0;1;1;3;89;26;20;13;5;102;2;5;29;18;4;1;3;3;0;1;3;7;43;6;7;2;3;1;3;0;1;13;0;0;1;1;1;1;1;0;153;63;76;255;7;5;6;6;44;1;1;2;0;45;1;1;4;16;14;9;2;5;2;0;3;1;2;0;0;0;2;1;0
22;"Powiatowy Młodzieżowy Dom Kultury im. H. Jordana, ul. Gliwicka 36, 42-600 Tarnowskie Góry";241304;"m. Tarnowskie Góry";"tarnogórski";"śląskie";1;1;3;4;1;2;3;0;2;1;1;2;1;0;0;0;1;0;1;85;25;25;15;6;4;5;15;6;27;4;2;1;36;3;1;0;19;79;61;1;2;9;1;0;4;2;0;4;7;2;2;1;1;0;2;115;36;32;16;4;149;4;5;56;21;2;3;1;3;1;5;7;7;74;10;6;2;14;2;4;1;3;9;1;1;3;0;3;1;1;0;162;69;85;318;11;10;23;10;43;6;4;6;3;43;1;2;7;30;18;3;1;3;0;2;1;1;1;0;1;0;0;0;0
23;"Tarnogórskie Centrum Kultury, ul. Jana III Sobieskiego 7, 42-600 Tarnowskie Góry";241304;"m. Tarnowskie Góry";"tarnogórski";"śląskie";1;1;3;2;0;1;2;1;1;0;1;2;0;0;0;1;0;1;3;53;5;16;3;16;3;1;9;2;14;4;10;0;38;0;3;2;18;59;32;0;3;6;1;0;0;0;0;1;4;3;1;3;2;2;3;74;19;15;16;3;137;4;1;30;25;1;1;0;5;1;0;2;0;38;2;0;3;8;2;4;1;0;6;0;1;0;0;0;4;0;1;83;19;48;172;6;3;9;0;28;5;1;5;1;27;3;1;3;20;10;6;1;0;2;1;5;1;1;0;2;0;1;2;0
24;"Tarnogórskie Centrum Kultury, ul. Jana III Sobieskiego 7, 42-600 Tarnowskie Góry";241304;"m. Tarnowskie Góry";"tarnogórski";"śląskie";1;1;5;3;0;1;1;0;1;2;1;0;0;0;0;0;1;0;0;30;12;13;10;7;5;8;2;5;5;1;0;1;23;0;2;1;16;30;34;2;5;3;2;0;0;2;1;2;3;3;0;1;0;1;1;60;18;25;19;3;97;0;4;17;16;0;0;0;1;1;1;1;2;38;7;2;3;5;3;0;0;1;5;0;0;0;0;1;1;0;2;82;16;16;141;7;0;3;1;29;0;3;3;1;29;0;3;0;19;11;6;5;3;4;0;2;0;0;1;0;1;0;0;1
25;"Szkoła Podstawowa Nr 9, ul. Janusza Korczaka 2, 42-600 Tarnowskie Góry";241304;"m. Tarnowskie Góry";"tarnogórski";"śląskie";1;1;9;0;2;1;2;0;2;0;0;0;1;0;0;0;1;0;1;53;10;21;2;5;1;3;3;4;8;0;2;3;67;3;0;1;13;67;37;3;3;6;1;0;1;3;4;1;0;2;0;1;3;2;3;106;42;24;39;4;145;8;7;37;42;0;2;3;2;0;4;3;7;53;5;11;2;6;2;1;2;2;4;5;2;0;1;0;2;2;2;133;38;33;212;7;2;3;5;43;5;4;3;0;42;1;2;2;18;20;2;4;2;1;0;2;0;2;1;0;0;1;0;0
26;"Zespół Szkół Techniczno-Usługowych im. Jana Pawła II, ul. Pokoju 14, 42-600 Tarnowskie Góry";241304;"m. Tarnowskie Góry";"tarnogórski";"śląskie";1;1;5;3;2;2;2;0;0;0;1;2;0;0;1;1;0;1;1;34;8;21;3;3;3;2;10;2;13;1;2;1;31;2;1;4;18;58;36;3;3;6;2;0;0;1;0;3;0;1;0;0;1;0;2;94;21;7;16;3;153;1;6;33;34;2;2;1;2;1;4;5;7;49;3;4;5;8;1;2;0;3;3;3;0;1;1;3;0;1;2;82;18;37;201;8;4;4;4;22;1;0;4;1;19;3;2;0;20;10;9;0;1;0;0;2;0;0;2;0;0;0;1;1
27;"Dom Pomocy Społecznej dla Osób Przewlekle Psychicznie Chorych prowadzony przez ZG. SS. Boromeuszek, ul. Gliwicka 22, 42-600 Tarnowskie Góry";241304;"m. Tarnowskie Góry";"tarnogórski";"śląskie";1;1;0;0;0;0;0;0;0;0;0;0;0;0;0;0;0;0;0;1;0;0;0;1;0;0;0;0;0;0;0;0;0;0;0;0;0;0;0;0;0;0;0;0;0;0;0;0;0;0;0;0;1;0;0;4;2;0;0;0;1;0;0;0;0;0;1;0;0;0;0;0;0;0;0;0;0;0;0;0;0;0;0;0;0;0;0;0;0;0;0;2;1;0;0;0;0;0;0;0;0;0;0;0;1;0;0;0;0;1;0;0;0;0;0;0;0;0;0;0;0;0;0;0
28;"Szpital Św. Kamila Zakonu Ojców Kamilianów, ul. Bytomska 22, 42-606 Tarnowskie Góry";241304;"m. Tarnowskie Góry";"tarnogórski";"śląskie";1;1;0;0;0;0;0;0;0;0;0;0;0;0;0;0;0;0;0;0;0;0;0;0;0;0;1;0;0;0;0;0;0;0;0;0;0;2;0;0;0;0;0;0;0;0;0;0;0;0;0;0;0;0;0;4;2;1;0;3;0;1;0;1;1;0;0;0;0;0;0;0;0;1;0;0;0;0;0;0;0;0;0;0;0;0;0;0;0;0;0;0;0;0;0;0;0;1;1;0;0;0;0;0;0;0;0;0;0;0;0;0;0;0;0;0;1;0;0;0;0;0;0;0
29;"Areszt Śledczy Tarnowskie Góry, ul. Opolska 17a, 42-600 Tarnowskie Góry";241304;"m. Tarnowskie Góry";"tarnogórski";"śląskie";1;1;2;0;1;1;0;1;1;1;1;0;1;0;0;0;1;0;0;7;5;3;4;4;0;2;2;1;2;1;1;0;0;0;1;0;0;5;2;3;1;2;2;0;0;0;0;0;0;0;0;1;0;1;1;14;7;4;4;0;6;2;2;3;2;1;1;0;3;2;1;0;1;14;3;0;0;3;0;0;1;0;0;1;0;0;1;0;1;0;0;77;11;3;5;4;5;1;3;4;6;2;0;3;2;1;4;3;2;2;0;0;0;0;0;1;1;0;0;0;0;0;0;0
30;"Dom Pomocy Społecznej ""Przyjażń"", ul. Włoska 24, 42-612 Tarnowskie Góry";241304;"m. Tarnowskie Góry";"tarnogórski";"śląskie";1;1;1;1;0;0;0;0;0;0;0;0;0;0;0;0;0;0;0;2;0;0;0;0;0;0;0;0;1;0;0;0;0;0;0;0;0;1;0;1;0;0;0;0;0;0;0;0;0;0;0;0;0;0;0;4;5;7;3;2;4;1;0;2;0;0;0;1;0;2;0;0;1;0;0;0;0;0;0;0;0;0;0;0;0;0;0;0;0;0;0;1;0;0;0;0;1;1;0;0;0;0;1;0;0;0;0;0;0;1;0;0;0;0;0;0;0;0;0;0;0;0;0;0
31;"Wielospecjalistyczny Szpital Powiatowy S. A. im. dr B. Hagera w Tarnowskich Górach, ul. Pyskowicka 47-51, 42-612 Tarnowskie Góry";241304;"m. Tarnowskie Góry";"tarnogórski";"śląskie";1;1;0;0;0;0;0;0;0;0;0;0;0;0;0;0;0;0;0;3;0;2;0;0;0;0;2;1;1;1;0;1;0;0;0;0;0;1;2;1;0;0;1;0;0;0;0;0;0;0;0;0;0;0;0;13;1;0;5;0;4;1;1;3;4;1;0;0;1;0;0;0;0;2;0;0;0;0;1;0;0;1;0;0;0;0;0;0;0;0;0;6;2;2;1;0;0;1;0;1;0;0;0;0;0;0;2;0;0;0;0;0;0;0;0;0;0;0;1;0;0;0;0;0
32;"Samodzielny Publiczny Zakład Opieki Zdrowotnej ""REPTY"" Górnośląskie Centrum Rehabilitacji im. gen. J. Ziętka, ul. Jana Śniadeckiego 1, 42-612 Tarnowskie Góry";241304;"m. Tarnowskie Góry";"tarnogórski";"śląskie";1;1;4;0;0;0;0;1;2;1;0;1;0;0;0;0;1;0;1;12;2;5;3;2;2;2;4;1;0;0;1;1;0;0;0;0;0;12;1;1;0;1;0;0;0;0;1;1;1;1;0;0;0;0;2;54;34;17;15;3;23;5;4;5;9;0;1;3;2;0;1;2;2;6;2;0;0;0;0;0;0;0;0;0;0;0;1;0;0;0;0;50;6;4;14;5;4;4;0;2;3;0;1;0;1;0;0;1;2;2;0;0;1;0;0;0;0;0;1;0;1;0;0;1
1;"Sala posiedzeń Rady Gminy, ul. Główna 5, 42-693 Krupski Młyn";241305;"gm. Krupski Młyn";"tarnogórski";"śląskie";1;1;7;2;1;1;1;0;1;1;0;0;0;1;0;0;0;0;1;21;3;11;3;1;1;2;2;4;1;3;0;0;5;1;1;1;3;21;7;0;2;2;0;1;0;0;0;1;0;0;0;2;1;1;0;33;18;6;6;6;66;3;6;6;21;1;0;0;2;0;2;1;3;21;3;0;2;3;0;1;0;2;2;0;0;1;0;1;0;0;1;31;6;6;56;1;3;0;1;1;2;3;4;0;0;0;0;1;2;20;6;2;1;0;0;1;0;0;0;1;0;0;1;1
2;"Gminny Ośrodek Kultury, Sportu i Rekreacji, ul. Zawadzkiego 3, 42-693 Krupski Młyn";241305;"gm. Krupski Młyn";"tarnogórski";"śląskie";1;1;2;0;2;2;0;1;0;0;2;0;0;1;0;0;1;0;1;20;6;6;2;0;1;5;3;2;1;0;1;0;4;0;0;1;2;17;10;1;1;0;1;1;0;1;1;1;0;0;0;0;1;0;0;18;12;5;6;2;41;9;2;6;10;0;1;0;0;1;0;0;0;9;3;0;1;1;1;0;0;1;0;0;0;0;0;1;0;0;0;29;3;5;64;2;2;0;1;6;3;1;0;0;0;0;2;0;1;7;6;0;2;1;1;0;0;0;0;0;0;0;0;1
3;"Świetlica Osiedlowa, Ziętek 2, 42-693 Krupski Młyn";241305;"gm. Krupski Młyn";"tarnogórski";"śląskie";1;1;1;1;2;2;0;0;1;0;0;1;1;0;0;0;0;0;1;5;2;2;0;2;0;1;1;1;2;0;2;1;3;0;2;2;2;3;3;1;0;1;0;0;0;0;0;0;1;0;0;0;1;0;0;17;15;1;20;1;48;2;3;2;25;0;0;0;1;0;1;0;1;14;5;1;1;1;2;4;0;1;0;0;1;0;0;1;0;2;0;5;2;5;29;1;2;0;2;4;0;6;0;1;2;0;0;1;0;1;0;0;0;1;0;0;0;0;0;0;0;0;0;0
4;"Szkoła Podstawowa, Potępa ul. Tarnogórska 12, 42-693 Krupski Młyn";241305;"gm. Krupski Młyn";"tarnogórski";"śląskie";1;1;2;1;0;4;1;0;0;0;0;0;0;0;0;0;0;0;0;22;6;13;2;3;2;6;0;3;2;0;0;2;7;0;1;2;1;13;11;1;0;2;2;0;2;1;0;1;0;1;0;2;0;1;0;31;14;9;21;1;53;2;3;5;46;0;0;0;1;0;0;1;2;23;2;3;4;2;0;0;1;1;3;0;0;0;0;0;0;1;0;49;15;29;87;0;2;4;0;20;5;0;0;0;4;0;0;2;5;6;5;0;1;0;0;4;0;0;0;0;0;0;0;1
1;"Niepubliczna Szkoła Podstawowa w Pyrzowicach, Pyrzowice ul. Wolności 46, 42-625 Ożarowice";241306;"gm. Ożarowice";"tarnogórski";"śląskie";1;1;1;2;0;2;2;0;0;0;0;0;0;0;1;0;0;1;0;50;10;11;8;1;4;4;12;6;3;3;40;3;1;0;0;0;5;47;25;1;2;2;1;2;1;3;2;3;1;0;0;0;1;0;3;35;24;4;21;2;36;3;8;4;7;1;1;0;2;0;2;1;2;18;7;2;0;1;1;0;2;0;1;1;0;0;0;0;1;1;1;113;11;18;53;7;4;6;0;20;3;7;1;1;2;2;2;2;5;6;1;0;0;1;0;0;0;0;0;0;0;1;0;0
2;"Szkoła Podstawowa w Zendku, Zendek ul. Główna 126, 42-625 Ożarowice";241306;"gm. Ożarowice";"tarnogórski";"śląskie";1;1;2;2;1;2;1;0;0;1;1;2;0;0;1;0;0;0;0;19;8;9;2;2;2;1;24;2;4;2;21;2;1;3;1;3;1;23;10;1;1;1;0;0;0;0;2;1;4;0;0;1;0;0;3;56;34;19;27;3;129;2;4;11;34;0;0;0;2;3;1;2;5;22;3;1;0;3;1;4;0;3;3;2;2;1;1;0;1;0;2;38;7;8;48;2;2;2;0;8;0;2;3;4;3;1;2;1;1;10;1;0;2;0;0;2;0;0;0;0;0;0;3;0
3;"Szkoła Podstawowa w Ożarowicach, ul. Szkolna 10, 42-625 Ożarowice";241306;"gm. Ożarowice";"tarnogórski";"śląskie";1;1;10;1;3;3;0;1;1;0;1;2;0;1;0;0;1;0;3;35;12;21;5;3;2;4;20;5;4;2;57;1;3;2;0;1;2;38;14;3;0;3;4;0;0;1;0;2;1;1;0;0;2;2;5;67;46;6;125;2;100;2;3;14;15;3;2;8;2;0;2;2;1;45;5;3;4;5;2;4;1;0;5;2;3;0;1;1;1;3;4;89;20;15;64;12;0;7;3;47;6;2;2;2;7;0;2;7;1;16;7;1;3;3;1;1;0;0;1;0;0;1;0;0
4;"Szkoła Podstawowa w Tąpkowicach, ul. Kopernika 2, 42-624 Tąpkowice";241306;"gm. Ożarowice";"tarnogórski";"śląskie";1;1;6;1;1;1;1;1;0;0;0;3;1;0;0;0;1;0;1;27;9;14;4;5;1;5;7;5;3;1;165;1;4;0;3;0;5;37;27;0;3;5;1;1;0;0;0;4;3;0;0;0;3;0;6;87;46;8;66;3;88;7;3;30;39;1;2;1;5;1;2;1;4;43;16;4;0;5;1;2;2;3;6;2;0;0;0;0;2;1;4;119;26;27;116;3;5;11;2;76;3;2;4;3;10;2;3;9;15;11;3;0;3;1;0;2;1;0;2;0;0;2;4;0
1;"Zespół Szkół Centrum Kształcenia Rolniczego, ul. Morcinka 9, 42-620 Nakło Śląskie";241307;"gm. Świerklaniec";"tarnogórski";"śląskie";1;1;5;0;2;1;2;2;1;1;0;2;0;0;0;2;0;1;1;55;10;13;5;3;1;1;6;1;10;3;3;0;11;3;3;1;10;41;21;5;2;2;2;0;1;2;1;0;1;2;0;0;0;1;1;42;14;6;81;0;64;2;1;6;15;0;0;1;1;0;3;3;3;36;4;3;3;0;0;2;1;0;5;0;0;1;0;0;1;1;4;78;31;28;111;2;3;5;4;20;2;4;2;1;7;1;1;1;14;13;5;0;4;2;0;0;0;0;0;0;0;0;0;1
2;"Gminny Ośrodek Kultury, ul. Główna 52, 42-620 Nakło Śląskie";241307;"gm. Świerklaniec";"tarnogórski";"śląskie";1;1;11;4;1;4;0;0;0;0;1;5;0;1;0;0;0;0;1;107;7;18;7;10;3;7;14;8;9;2;1;1;11;2;2;3;12;42;24;3;6;2;0;0;0;0;1;2;2;0;1;1;1;2;2;76;40;18;155;4;74;3;7;14;39;0;0;7;4;1;2;3;4;51;3;10;0;7;3;3;1;2;3;4;0;1;0;0;1;1;1;117;47;27;183;2;4;22;0;48;10;6;5;1;12;1;4;0;4;11;8;0;2;0;0;0;1;0;1;0;0;0;3;1
3;"Szkola Podstawowa im. Królowej Jadwigi, Nowe Chechło ul. Lasowicka 103, 42-622 Świerklaniec";241307;"gm. Świerklaniec";"tarnogórski";"śląskie";1;1;6;1;2;5;0;0;0;1;0;2;1;0;1;0;1;0;2;69;7;15;2;1;2;3;18;2;11;2;7;1;8;0;2;0;3;52;17;3;4;1;0;0;0;4;0;0;2;1;0;0;3;0;2;56;19;10;183;2;35;4;0;15;7;0;1;0;1;0;2;1;3;35;1;4;3;5;0;0;0;0;1;2;0;1;1;0;2;0;1;160;32;31;145;7;4;18;8;38;4;10;4;0;9;2;6;1;10;7;5;1;0;0;1;0;1;0;0;0;0;0;3;1
4;"Zespół Szkolno-Przedszkolny w Orzechu, Orzech ul. Brzechwy 8, 42-622 Świerklaniec";241307;"gm. Świerklaniec";"tarnogórski";"śląskie";1;1;12;2;2;1;1;1;1;0;1;2;2;2;3;0;1;0;1;66;8;15;4;3;4;10;11;5;6;2;9;1;11;7;3;7;1;31;22;1;1;1;3;1;1;2;1;2;0;0;2;1;0;0;5;60;34;18;221;3;54;1;2;16;39;1;2;12;2;0;0;0;2;58;9;6;1;4;3;3;0;0;3;5;0;0;1;2;3;0;4;100;40;25;152;5;2;14;2;27;4;4;3;1;10;1;6;5;9;13;4;4;0;1;0;2;1;1;2;0;0;0;1;2
5;"Szkoła Podstawowa im. A. Mickiewicza w Świerklańcu, ul. Młyńska 7, 42-622 Świerklaniec";241307;"gm. Świerklaniec";"tarnogórski";"śląskie";1;1;8;3;1;0;0;0;1;0;0;3;0;0;0;0;1;0;0;97;19;24;10;4;2;9;15;7;5;0;4;1;19;1;2;0;13;55;23;3;2;4;1;1;3;3;0;0;2;3;0;2;1;2;2;52;25;12;364;1;43;1;4;12;29;3;2;3;0;1;0;1;3;74;5;6;3;5;2;2;1;1;7;0;2;1;0;2;3;1;2;217;44;31;164;11;1;22;2;55;2;6;6;8;6;1;2;1;10;11;11;2;5;1;0;2;2;0;1;0;0;0;6;3
6;"Ochotnicza Straż Pożarna w Świerklańcu, ul. Oświęcimska 25, 42-622 Świerklaniec";241307;"gm. Świerklaniec";"tarnogórski";"śląskie";1;1;2;4;0;1;0;0;1;0;0;0;0;0;2;0;0;0;0;48;14;26;4;4;4;5;9;3;10;3;7;0;9;5;7;3;2;32;6;0;3;1;1;0;0;0;0;3;0;1;0;0;1;1;1;38;23;11;196;2;33;1;4;6;22;0;0;1;3;2;1;1;1;30;3;3;0;5;0;2;0;1;5;0;0;0;0;0;2;0;0;93;31;31;112;7;3;6;4;19;6;2;1;1;2;3;0;1;4;4;1;1;1;1;0;1;0;0;0;2;0;0;6;0
1;"Gminny Ośrodek Kultury, ul. Zamkowa 1, 42-690 Tworóg";241308;"gm. Tworóg";"tarnogórski";"śląskie";1;1;7;3;0;1;0;0;0;0;0;3;0;0;0;1;0;0;0;27;10;9;2;5;5;1;8;7;8;1;0;0;5;5;2;1;3;21;6;0;1;2;0;0;1;2;1;4;2;0;0;1;1;1;1;32;8;7;13;4;40;33;2;9;51;0;1;4;5;1;0;2;0;27;3;4;1;3;0;0;0;0;1;2;0;0;2;0;0;0;5;56;18;13;77;0;3;4;1;17;3;0;0;0;4;0;3;4;3;6;6;2;1;1;0;0;0;1;3;0;0;0;1;0
2;"Szkoła Podstawowa im. Powstańców Śląskich, ul. Szkolna 15, 42-690 Tworóg";241308;"gm. Tworóg";"tarnogórski";"śląskie";1;1;4;1;1;1;0;0;0;0;0;0;0;0;0;0;1;0;1;50;6;10;3;3;6;1;3;6;3;4;1;0;4;0;1;3;2;19;15;2;0;1;1;1;0;1;1;1;2;0;1;0;1;0;2;57;13;9;25;1;35;10;0;3;54;0;1;3;3;1;2;2;1;33;3;1;0;3;1;1;0;0;2;0;1;0;2;0;1;0;1;57;10;15;75;3;4;0;0;13;1;2;1;1;2;0;4;1;10;8;3;0;7;1;0;3;0;0;2;0;0;0;0;0
3;"Strażnica Ochotniczej Straży Pożarnej w Kotach, Koty ul. Topolowa 2, 42-690 Tworóg";241308;"gm. Tworóg";"tarnogórski";"śląskie";1;1;2;1;1;1;0;0;2;0;0;0;1;0;0;1;0;0;0;23;5;6;1;5;0;4;3;3;0;2;1;1;4;2;3;0;1;10;9;1;1;3;0;2;0;1;1;3;0;0;0;1;1;1;0;41;16;7;33;6;37;7;2;3;23;2;1;0;4;0;1;0;1;15;5;0;0;1;1;0;1;0;3;2;0;0;0;1;1;0;1;31;3;6;47;0;0;1;0;16;2;1;0;3;1;0;0;2;3;12;1;0;3;0;0;0;1;0;0;0;1;0;0;0
4;"Budynek Wielofunkcyjny, Nowa Wieś Tworoska ul. Jaśminowa 42, 42-690 Tworóg";241308;"gm. Tworóg";"tarnogórski";"śląskie";1;1;5;3;0;0;1;1;1;1;0;7;0;1;0;1;0;0;1;29;3;3;4;0;3;2;9;1;3;0;1;2;1;0;1;0;4;12;11;0;0;0;0;0;0;0;0;0;1;0;0;1;0;0;0;36;13;6;13;6;36;6;4;9;37;0;2;0;2;0;1;0;1;34;6;1;2;1;0;0;0;0;3;1;0;0;0;0;0;0;0;60;9;14;51;1;0;4;2;6;0;3;0;0;0;1;0;0;3;12;7;0;3;0;1;0;0;1;4;0;0;0;0;0
5;"Szkoła Podstawowa w Boruszowicach, Boruszowice ul. Szkolna 2, 42-690 Tworóg";241308;"gm. Tworóg";"tarnogórski";"śląskie";1;1;1;6;1;3;0;0;2;0;0;3;1;1;0;0;0;0;1;49;7;10;12;4;2;1;10;4;6;0;2;2;13;1;0;0;2;21;25;3;5;1;1;2;3;1;0;0;0;0;1;1;1;0;2;62;14;9;14;2;40;39;0;6;139;2;1;0;2;0;0;0;1;41;2;2;0;1;1;0;0;0;6;0;1;1;0;0;0;0;2;67;10;19;131;1;5;10;1;8;3;4;2;2;2;0;0;0;10;6;3;0;3;2;0;0;0;1;31;0;0;0;0;0
6;"Zespół Szkół Leśnych i Ekologicznych im. Stanisława Morawskiego, Brynek ul. Park 5, 42-690 Tworóg";241308;"gm. Tworóg";"tarnogórski";"śląskie";1;1;1;0;0;0;0;0;0;0;0;3;0;0;0;0;0;0;0;21;4;1;0;1;0;0;0;2;0;2;0;0;0;0;0;0;4;10;5;0;0;1;0;0;0;2;3;2;0;1;0;0;0;0;0;12;10;4;6;0;25;6;0;3;31;0;0;0;1;0;0;1;3;13;6;3;2;2;1;0;0;1;2;0;0;0;0;0;0;0;0;37;4;5;45;1;2;0;3;3;2;2;1;0;0;1;0;0;5;4;0;0;0;0;0;0;1;0;0;0;0;0;0;0
7;"Budynek Wielofunkcyjny, Połomia ul. Bytomska 42, 42-690 Tworóg";241308;"gm. Tworóg";"tarnogórski";"śląskie";1;1;1;1;0;0;0;0;0;2;0;1;1;0;0;0;1;0;2;18;3;1;0;4;4;1;0;9;3;1;0;1;3;1;1;2;0;10;1;0;1;0;0;0;0;0;0;0;1;0;0;0;2;0;1;34;8;7;6;1;13;0;2;4;26;0;0;0;1;0;0;0;1;13;0;0;1;2;0;4;0;0;7;5;0;1;0;0;1;0;0;16;5;44;15;0;0;1;0;7;0;1;0;0;0;0;1;0;4;2;9;1;9;0;0;0;0;0;0;0;0;0;0;0
8;"Szkoła Podstawowa w Wojsce, Wojska ul. Szkolna 12, 42-690 Tworóg";241308;"gm. Tworóg";"tarnogórski";"śląskie";1;1;1;0;0;0;0;2;1;0;0;0;0;0;1;0;0;0;0;22;3;3;1;1;8;0;1;5;1;1;0;0;3;0;0;1;0;3;2;0;0;0;0;0;0;0;0;0;0;0;0;0;0;0;0;25;18;2;10;6;55;12;2;15;27;0;0;1;0;0;1;0;0;16;3;0;1;1;0;0;0;0;0;0;0;0;1;0;0;0;0;15;1;15;10;1;0;1;0;10;5;3;1;0;4;0;0;1;2;10;1;2;41;3;0;0;0;0;0;0;0;0;0;0
9;"Dom Wielofunkcyjny, Świniowice ul. Wiejska 77, 42-690 Tworóg";241308;"gm. Tworóg";"tarnogórski";"śląskie";1;1;1;1;1;0;0;0;0;0;0;2;0;0;0;0;1;0;1;9;2;1;1;1;5;0;0;4;3;1;0;0;2;0;0;0;0;3;3;0;0;0;1;0;1;0;0;0;0;0;1;0;0;0;1;6;6;0;7;2;15;5;0;1;62;0;0;0;0;0;0;0;0;16;0;0;2;0;1;0;0;0;1;0;0;0;0;0;0;0;0;5;0;2;12;0;0;0;0;6;0;0;0;0;0;0;0;0;0;1;1;1;4;0;1;0;0;0;0;0;0;0;0;0
1;"Gminna Biblioteka Publiczna/Centrum Usług Publicznych w Zbrosławicach, ul. Oświęcimska 2A, 42-674 Zbrosławice";241309;"gm. Zbrosławice";"tarnogórski";"śląskie";1;1;5;3;3;1;0;1;3;2;0;6;0;0;0;0;0;4;4;90;24;21;10;6;6;11;8;15;4;2;2;4;7;3;1;28;10;68;26;2;4;3;2;0;1;0;1;5;3;0;1;1;2;2;1;112;53;24;26;4;74;4;6;34;20;3;6;1;4;3;3;2;3;46;8;1;5;8;1;1;2;2;36;1;1;2;2;0;2;1;2;209;85;89;131;8;28;18;6;30;2;7;7;2;17;4;1;5;16;15;5;5;10;1;2;0;0;0;0;0;0;1;0;0
2;"Gminna Biblioteka Publiczna/Centrum Usług Publicznych w Zbrosławicach, ul. Oświęcimska 2A, 42-674 Zbrosławice";241309;"gm. Zbrosławice";"tarnogórski";"śląskie";1;1;2;0;0;0;0;0;1;1;0;0;0;0;0;1;0;0;0;20;5;5;0;1;2;1;3;2;0;2;0;0;0;1;1;3;2;12;6;0;1;2;1;0;0;0;0;0;1;0;0;0;0;0;0;27;12;3;3;2;27;2;2;11;3;0;0;1;0;0;1;0;3;9;3;0;0;3;1;0;1;0;3;0;2;0;0;0;0;0;1;32;11;16;34;0;1;2;0;5;0;0;0;0;5;0;1;0;1;1;0;1;1;0;1;0;0;0;0;0;0;0;0;0
3;"Zespół Szkolno Przedszkolny w Miedarach, ul. Główna 26, 42-676 Miedary";241309;"gm. Zbrosławice";"tarnogórski";"śląskie";1;1;3;0;0;0;1;0;1;0;0;0;0;1;0;0;0;2;1;20;7;12;2;1;0;1;5;2;2;0;0;0;2;0;2;9;0;14;7;1;1;1;1;0;0;2;0;1;1;0;0;1;1;2;2;43;9;6;7;2;46;5;1;18;57;0;2;2;2;1;0;2;2;31;5;0;1;3;1;2;1;1;6;0;0;0;1;0;0;0;0;17;11;36;53;3;1;2;2;3;0;3;0;0;2;2;0;1;5;8;6;1;11;1;0;0;2;0;1;0;0;0;0;1
4;"Zespół Szkolno-Przedszkolny w Boniowicach, ul. Gliwicka 6, 42-674 Boniowice";241309;"gm. Zbrosławice";"tarnogórski";"śląskie";1;1;4;2;3;0;1;0;1;0;0;1;2;0;1;0;1;1;0;8;14;3;3;4;2;1;1;6;0;0;4;0;0;1;0;4;2;24;10;2;1;1;0;1;1;0;0;2;1;1;0;0;0;1;0;23;16;3;19;0;26;6;4;17;13;3;2;0;2;1;0;0;0;21;5;1;0;2;0;0;1;0;13;0;0;0;0;0;2;1;1;41;30;17;42;4;4;2;0;4;0;6;0;0;1;0;3;1;10;4;0;2;2;0;0;0;0;0;2;0;2;0;0;0
5;"Zespół Szkolno-Przedszkolny w Kopienicy, ul. 1 Maja 3, 42-674 Kopienica";241309;"gm. Zbrosławice";"tarnogórski";"śląskie";1;1;1;0;1;2;0;0;0;0;0;2;0;0;0;0;1;0;0;19;3;2;1;10;5;1;1;2;3;1;0;0;0;2;1;2;1;10;8;0;0;1;1;0;0;1;0;4;1;0;0;0;0;0;1;29;29;2;19;3;22;6;6;3;16;1;2;1;4;0;2;0;7;28;3;0;1;1;1;1;0;0;3;1;0;0;0;0;0;2;1;38;11;14;19;3;4;1;0;1;1;2;2;0;1;0;4;0;3;18;1;1;4;1;0;1;0;0;0;0;0;1;0;0
6;"Świetlica Stacji Uzdatniania Wody ""Zawada"" w Karchowicach, ul. Bytomska 6, 42-674 Karchowice";241309;"gm. Zbrosławice";"tarnogórski";"śląskie";1;1;4;2;2;0;0;0;0;0;0;0;1;0;5;0;1;1;2;20;10;7;3;5;3;2;5;14;0;0;1;0;4;1;0;4;1;20;7;1;0;0;0;0;0;2;0;0;1;0;0;0;1;0;1;27;13;6;7;1;18;2;3;12;1;2;0;0;1;0;0;1;4;22;7;4;1;2;2;0;0;0;2;0;0;0;1;0;0;1;0;38;18;15;31;2;5;0;0;6;1;2;3;0;3;0;3;1;5;6;0;0;0;1;0;0;0;0;0;0;1;0;0;0
7;"Gminna Biblioteka Publiczna-Filia w Ziemięcicach, ul. Mikulczycka 14, 42-675 Ziemięcice";241309;"gm. Zbrosławice";"tarnogórski";"śląskie";1;1;2;1;2;3;0;0;0;0;0;2;0;0;0;0;0;0;3;21;6;12;2;6;4;7;9;7;0;2;0;4;2;0;1;10;2;17;7;0;1;0;2;0;0;0;1;0;0;1;1;0;0;0;1;24;27;7;10;3;10;4;1;22;5;0;9;1;0;2;1;2;2;18;6;2;0;2;1;0;0;2;6;2;0;0;1;1;0;0;0;47;39;40;22;5;3;0;0;4;0;1;1;2;3;1;1;0;7;5;1;2;1;0;0;1;0;0;1;0;0;1;0;1
8;"Szkoła Podstawowa w Czekanowie, ul. Szkolna 26, 42-677 Czekanów";241309;"gm. Zbrosławice";"tarnogórski";"śląskie";1;1;1;2;1;0;0;0;0;1;0;1;0;0;0;0;2;0;0;22;9;8;1;1;4;4;1;1;3;0;1;0;1;0;0;4;2;14;5;4;0;0;0;0;0;1;1;2;1;1;0;0;2;1;1;34;37;11;19;4;21;3;2;11;15;0;2;1;1;0;0;1;2;21;2;0;0;1;1;0;0;0;1;3;0;0;0;1;2;0;2;50;22;18;12;5;4;4;0;5;2;2;0;1;1;0;0;2;5;2;0;1;1;2;0;0;0;0;0;1;1;0;0;0
9;"Świetlica Gminna w Wieszowie, ul. Bytomska 154, 42-672 Wieszowa";241309;"gm. Zbrosławice";"tarnogórski";"śląskie";1;1;8;2;0;0;0;1;1;1;0;0;0;0;1;0;4;4;4;54;6;18;2;4;5;5;2;2;1;2;4;0;1;1;1;186;2;35;21;2;2;3;0;0;0;2;1;3;1;0;1;1;4;0;1;101;56;15;25;6;79;3;5;22;27;8;3;7;3;1;4;4;1;39;11;3;1;7;5;1;1;2;7;4;3;1;1;2;3;0;2;125;32;33;74;4;40;9;7;13;4;4;2;1;6;3;2;4;5;11;3;4;0;4;0;2;0;0;0;0;0;0;0;0
10;"OSP Świętoszowice, ul. Mikulczycka 93A, 42-675 Świętoszowice";241309;"gm. Zbrosławice";"tarnogórski";"śląskie";1;1;1;0;0;1;0;0;0;0;0;0;0;1;0;0;0;0;0;12;5;7;0;1;2;5;1;2;1;0;2;0;0;0;2;4;3;7;5;1;0;0;0;0;0;0;1;1;1;0;0;0;0;0;1;25;13;2;13;0;7;4;0;14;4;1;1;1;0;1;5;1;0;13;3;1;1;4;0;0;0;1;4;0;0;1;1;0;0;0;1;40;9;23;12;2;3;2;0;3;1;1;1;1;0;1;1;0;1;2;1;0;0;0;0;0;0;1;0;0;0;0;0;0
11;"Świetlica Gminna, ul. Boczna 2, 42-674 Laryszów";241309;"gm. Zbrosławice";"tarnogórski";"śląskie";1;1;1;0;1;0;0;0;0;0;0;1;0;0;0;0;0;0;1;8;3;6;0;0;2;1;2;3;1;0;1;0;0;0;0;0;1;7;0;0;1;0;0;0;0;0;0;0;0;0;0;0;0;0;1;7;3;4;1;0;23;0;0;5;10;1;0;0;0;0;0;1;0;4;1;1;0;0;1;0;0;0;4;0;0;0;0;0;1;0;2;24;6;21;26;2;2;1;1;3;1;2;2;0;4;0;2;0;2;3;0;0;0;1;0;1;0;0;0;0;0;0;0;0
12;"Świetlica Gminna, ul. Główna 2, 42-674 Wilkowice";241309;"gm. Zbrosławice";"tarnogórski";"śląskie";1;1;0;0;0;0;1;0;0;0;0;0;0;0;0;0;0;0;0;16;7;4;4;6;1;3;1;4;2;1;0;0;2;0;3;7;2;7;3;1;1;0;0;0;0;2;0;0;0;0;0;0;0;0;0;13;6;2;3;1;8;1;1;3;9;1;0;0;0;0;0;1;0;5;1;3;0;1;0;0;0;0;5;0;0;0;0;0;1;0;0;21;9;2;25;0;0;0;0;11;0;2;1;1;0;0;0;0;0;2;0;0;0;0;0;0;1;1;0;0;0;0;1;0
13;"OSP Księży Las, ul. Wiejska 16, 42-674 Księży Las";241309;"gm. Zbrosławice";"tarnogórski";"śląskie";1;1;0;2;1;1;0;0;0;2;0;1;0;0;0;0;0;2;0;6;6;4;2;4;4;1;2;3;1;0;0;1;2;0;2;5;0;0;1;0;0;0;0;0;0;0;0;0;0;0;1;1;0;0;0;12;5;2;4;0;9;0;2;5;10;0;1;0;1;0;0;1;1;10;1;0;0;0;0;0;0;2;0;0;0;1;1;0;0;0;0;14;14;1;17;1;1;1;0;11;0;0;0;0;2;0;1;0;2;5;3;0;2;1;0;0;0;0;0;0;0;0;0;1
14;"Świetlica o charakterze integracyjnym, ul. Pyskowicka 7, 42-674 Jasiona";241309;"gm. Zbrosławice";"tarnogórski";"śląskie";1;1;1;3;0;0;0;0;0;0;0;0;0;0;0;0;0;0;0;1;0;0;0;1;4;0;0;1;0;0;0;0;1;0;0;0;0;2;2;0;0;0;0;0;0;0;0;0;0;0;0;0;0;0;0;13;6;2;5;0;7;1;0;2;3;1;1;0;1;0;0;0;0;4;1;0;0;0;0;1;0;0;0;0;0;0;0;1;0;0;0;17;2;1;8;1;0;0;0;5;0;0;0;0;0;0;0;0;1;3;1;0;1;1;0;0;1;0;0;0;0;0;0;0
15;"Świetlica Gminna, ul. 1 Maja 35, 42-674 Łubie";241309;"gm. Zbrosławice";"tarnogórski";"śląskie";1;1;2;0;0;1;2;0;0;0;0;1;0;0;0;0;0;1;1;5;8;3;2;13;8;0;0;4;1;1;1;0;0;0;1;3;2;6;4;1;0;1;0;0;1;0;0;2;0;0;0;1;1;0;0;36;21;4;8;1;12;4;5;5;5;0;0;0;1;0;0;0;0;10;3;1;0;2;1;0;0;1;1;0;0;1;1;0;0;0;0;22;3;9;6;4;1;0;0;4;3;2;0;1;1;2;1;1;7;9;1;0;0;0;1;0;0;1;0;0;3;0;0;1
16;"Świetlica Gminna, ul. Dworcowa 57, 42-675 Przezchlebie";241309;"gm. Zbrosławice";"tarnogórski";"śląskie";1;1;3;0;0;2;0;0;0;1;0;2;0;1;0;0;0;1;0;26;8;6;3;8;6;3;1;10;3;1;0;1;0;1;0;6;1;19;11;0;1;0;0;2;1;0;0;0;0;1;0;0;0;0;0;25;27;3;7;0;25;6;0;12;4;1;0;0;1;0;0;1;1;16;1;2;2;6;0;0;1;0;6;1;0;0;0;0;1;1;0;64;25;28;13;4;3;0;2;3;0;5;0;0;1;0;2;2;8;12;0;1;2;0;0;0;0;0;0;0;0;0;0;0
17;"OSP Szałsza, ul. Wiejska 13, 42-677 Szałsza";241309;"gm. Zbrosławice";"tarnogórski";"śląskie";1;1;1;0;1;2;0;0;1;0;0;0;0;0;0;0;0;0;0;36;13;14;2;6;4;6;0;1;1;0;1;1;1;2;2;0;1;17;13;1;0;0;0;0;0;0;1;0;0;1;0;1;0;0;0;26;32;4;1;3;13;4;3;5;6;2;2;0;0;0;3;0;2;11;2;1;0;1;1;0;1;1;3;0;0;0;0;0;4;1;0;97;11;46;5;44;4;2;1;3;0;4;1;0;0;1;3;2;9;9;6;5;0;0;0;0;0;0;0;2;0;1;1;0
18;"Dom Pomocy Społecznej prowadzony przez Ojców Kamilianów, ul. Wolności 34, 42-674 Zbrosławice";241309;"gm. Zbrosławice";"tarnogórski";"śląskie";1;1;0;1;0;0;0;0;0;0;0;0;0;0;0;0;0;0;0;0;0;0;0;0;0;0;1;0;0;0;0;0;0;0;0;0;0;1;0;1;0;0;0;0;0;0;0;0;0;0;0;0;0;0;0;2;1;0;2;0;0;1;0;0;1;0;0;0;0;1;0;0;0;1;0;0;0;0;0;0;0;0;0;0;0;0;0;0;0;0;0;0;0;0;1;0;0;0;0;0;0;0;0;0;0;0;0;0;0;2;0;0;0;0;0;0;0;0;0;0;0;0;0;0
19;"Dom Pomocy Społecznej w Miedarach, Miedary 7, 42-676 Miedary";241309;"gm. Zbrosławice";"tarnogórski";"śląskie";1;1;0;1;0;0;0;0;0;0;0;0;0;0;0;0;0;0;0;0;0;0;0;0;0;0;0;0;0;0;0;0;0;0;0;0;0;0;0;0;0;0;0;0;0;0;0;0;0;0;0;0;0;0;0;0;0;0;0;0;0;0;0;0;0;0;0;0;0;0;0;0;0;0;0;0;0;1;0;0;0;0;0;0;0;0;0;0;0;0;0;8;1;0;3;0;0;0;0;0;0;0;1;0;0;0;0;0;0;1;0;0;0;0;0;0;0;0;0;0;0;0;0;1
20;"Dom Pomocy Społecznej w Łubiu, ul. Pyskowicka 34, 42-674 Łubie";241309;"gm. Zbrosławice";"tarnogórski";"śląskie";1;1;0;0;0;0;0;0;0;0;0;0;0;0;0;0;0;0;0;0;0;1;0;0;0;0;0;0;0;0;0;0;0;0;0;1;0;0;0;0;0;0;0;0;0;0;0;0;0;0;0;0;0;0;0;8;2;0;0;0;0;0;1;0;0;0;0;0;0;0;0;1;0;0;0;0;0;0;0;0;0;0;0;0;0;0;0;0;0;0;0;1;2;1;0;0;0;0;0;0;0;0;0;0;0;0;0;0;0;0;0;0;0;0;0;0;0;0;0;0;0;0;0;0
1;"Szkoła Podstawowa Nr 33, ul. Matki Ewy 9, 41-923 Bytom";246201;"m. Bytom";"Bytom";"śląskie";1;1;5;2;3;3;1;3;2;1;1;3;0;0;0;0;1;2;3;60;10;15;18;11;5;6;7;7;2;3;1;3;2;0;2;1;3;63;20;5;3;7;1;1;5;3;1;9;1;1;0;3;3;2;5;108;26;110;22;11;21;11;5;14;8;1;2;5;8;0;6;9;5;38;2;1;4;8;1;2;1;0;4;1;0;1;1;1;0;1;7;159;38;30;16;14;9;140;5;6;4;9;9;3;2;4;6;7;8;15;10;1;2;2;0;2;1;0;1;0;0;1;0;0
2;"Szkoła Podstawowa Nr 33, ul. Matki Ewy 9, 41-923 Bytom";246201;"m. Bytom";"Bytom";"śląskie";1;1;11;2;0;3;0;2;0;1;0;4;0;0;0;0;1;2;1;65;10;25;22;3;2;5;4;2;1;3;5;3;1;2;3;0;6;83;21;1;1;14;7;1;1;1;2;3;2;0;1;4;2;1;2;152;28;103;36;12;25;16;11;18;6;3;2;11;8;9;10;9;1;49;4;1;4;11;2;2;0;1;6;1;1;1;1;0;2;0;7;113;24;26;7;14;13;89;1;4;11;8;5;3;5;3;3;6;26;4;0;2;1;2;1;3;1;0;1;0;0;0;0;1
3;"Szkoła Podstawowa Nr 33, ul. Matki Ewy 9, 41-923 Bytom";246201;"m. Bytom";"Bytom";"śląskie";1;1;9;2;3;2;0;0;1;1;0;1;1;1;0;0;0;0;1;55;10;14;15;4;5;6;4;3;0;0;4;0;2;4;0;4;3;28;16;3;5;2;3;0;2;0;1;4;0;2;0;0;0;0;10;64;26;82;14;4;19;9;7;5;9;0;0;5;11;1;1;0;6;27;4;2;4;6;1;1;2;1;5;1;2;0;1;3;3;0;6;119;19;21;4;3;6;93;6;6;5;8;7;3;4;1;2;10;10;6;4;2;0;2;0;0;2;0;0;0;2;0;1;0
4;"Szkoła Podstawowa Nr 54, ul. Reptowska 86, 41-923 Bytom";246201;"m. Bytom";"Bytom";"śląskie";1;1;8;2;3;5;0;3;1;1;0;2;0;1;0;0;1;1;1;109;13;25;20;1;3;3;6;9;2;4;5;3;3;1;1;2;4;59;29;3;5;6;1;1;2;4;1;7;2;0;1;6;0;0;1;105;24;160;14;8;18;4;4;7;10;2;1;5;6;2;4;2;6;34;8;1;2;12;2;0;0;0;3;1;3;0;1;1;1;1;9;216;64;28;14;10;11;154;2;5;7;7;22;3;2;0;2;5;17;9;6;3;2;2;2;1;1;0;0;1;0;0;0;0
5;"Szkoła Podstawowa Nr 54, ul. Reptowska 86, 41-923 Bytom";246201;"m. Bytom";"Bytom";"śląskie";1;1;10;5;0;3;0;0;0;0;0;5;0;1;1;0;1;2;2;75;10;20;18;1;5;3;4;5;4;3;3;2;1;2;6;5;2;61;28;0;0;11;2;0;1;7;1;6;0;0;0;1;4;1;3;129;20;185;14;10;29;10;5;6;11;1;3;3;9;1;2;2;13;47;7;4;3;10;2;2;1;1;3;2;2;0;0;1;1;0;15;204;47;23;9;7;8;167;2;7;2;9;14;1;1;2;1;8;20;7;5;2;1;2;0;1;1;0;2;1;0;0;0;1
6;"Szkoła Podstawowa nr 26, ul. Józefa Nickla 19, 41-923 Bytom";246201;"m. Bytom";"Bytom";"śląskie";1;1;3;2;1;2;0;1;1;1;2;0;0;0;0;0;0;5;0;63;9;19;20;4;5;6;3;9;0;1;7;4;6;2;3;1;5;63;26;5;0;13;3;0;1;6;1;1;1;0;0;2;0;1;6;107;24;155;23;5;19;12;6;5;4;2;2;1;19;1;1;0;0;37;9;6;7;7;2;1;1;8;1;2;4;0;0;1;1;1;4;180;47;22;11;3;19;167;3;0;5;4;15;3;5;5;5;4;13;5;2;2;1;0;1;1;0;0;3;0;0;0;0;2
7;"Szkoła Podstawowa nr 26, ul. Józefa Nickla 19, 41-923 Bytom";246201;"m. Bytom";"Bytom";"śląskie";1;1;5;5;1;3;1;0;0;1;1;3;0;0;1;0;2;0;2;73;5;14;17;5;2;4;3;12;3;1;6;4;1;0;0;0;2;54;18;3;0;10;2;2;0;3;4;3;3;1;1;1;3;2;6;144;31;138;17;2;21;8;2;6;12;1;3;8;19;2;7;3;5;35;8;8;3;5;1;1;0;2;1;3;0;0;1;0;1;1;5;159;28;26;12;4;9;132;1;7;9;4;9;5;2;1;5;11;16;16;4;3;1;2;0;1;1;0;0;0;0;1;0;0
8;"Szkoła Podstawowa nr 26, ul. Józefa Nickla 19, 41-923 Bytom";246201;"m. Bytom";"Bytom";"śląskie";1;1;5;0;1;0;0;0;0;2;0;1;0;0;2;0;0;2;3;81;11;28;28;0;3;2;7;9;1;0;2;1;2;2;0;1;2;63;27;1;3;6;4;0;2;1;1;6;1;0;0;2;2;1;5;108;57;169;30;7;18;12;7;7;7;0;0;4;6;2;12;0;7;31;8;7;2;6;2;1;3;0;4;0;0;0;1;3;1;2;3;196;38;24;14;7;6;194;7;4;8;4;7;0;2;0;4;6;10;8;10;1;1;0;1;0;1;1;1;1;0;1;1;0
9;"Szkoła Podstawowa nr 26, ul. Józefa Nickla 19, 41-923 Bytom";246201;"m. Bytom";"Bytom";"śląskie";1;1;4;2;1;1;1;0;0;0;2;3;1;0;0;1;0;1;0;60;10;18;21;5;1;6;3;6;1;4;2;2;1;1;2;2;4;55;14;3;1;4;2;0;0;1;1;3;1;3;1;1;1;1;3;97;18;139;22;4;20;4;4;6;12;2;2;5;6;1;7;7;4;35;5;1;2;8;1;1;0;0;2;1;0;2;0;0;0;1;2;177;18;24;11;6;11;145;6;4;6;4;4;0;4;3;3;2;12;7;8;3;0;0;0;0;0;1;1;0;1;0;0;1
10;"Szkoła Podstawowa Nr 21, ul. Worpie 14-16, 41-906 Bytom";246201;"m. Bytom";"Bytom";"śląskie";1;1;6;1;0;1;0;0;1;0;0;1;0;1;1;0;1;0;0;16;1;7;3;2;3;0;1;2;0;1;0;0;0;1;2;1;2;16;6;1;0;1;1;0;1;3;0;2;1;0;0;1;0;0;3;67;11;47;7;3;8;4;6;2;6;2;2;6;6;0;4;1;2;19;4;0;3;3;1;1;1;0;1;0;1;0;0;0;1;0;8;42;8;10;4;3;2;13;0;2;3;3;2;1;2;1;1;3;8;2;3;0;1;0;0;0;1;0;0;0;0;1;0;0
11;"Szkoła Podstawowa Nr 21, ul. Worpie 16, 41-906 Bytom";246201;"m. Bytom";"Bytom";"śląskie";1;1;8;1;4;1;1;1;3;0;0;1;1;0;3;1;0;0;0;47;10;17;8;4;1;2;5;3;5;1;2;1;1;1;5;0;1;47;16;3;0;7;7;1;0;2;0;2;5;1;0;2;2;1;2;140;35;145;21;18;34;12;7;10;9;1;2;17;5;1;15;1;4;42;8;5;5;7;1;2;3;1;3;2;1;1;0;1;1;2;13;112;12;22;4;4;3;46;1;0;4;9;9;3;1;1;6;10;9;8;1;0;0;2;0;0;1;1;2;0;1;0;0;1
12;"Młodzieżowy Dom Kultury Nr 2, ul. Księdza Jerzego Popiełuszki 9, 41-906 Bytom";246201;"m. Bytom";"Bytom";"śląskie";1;1;3;2;1;3;2;2;3;0;1;3;0;0;0;0;0;1;1;37;7;11;11;2;3;5;5;3;1;2;5;2;0;1;0;0;0;31;16;3;4;4;1;1;0;4;2;1;1;0;1;1;2;1;2;124;50;111;26;8;23;10;1;2;17;0;3;10;4;0;25;1;1;30;11;1;1;8;1;2;1;1;4;1;1;1;1;2;1;1;7;106;13;22;1;6;6;41;5;4;3;19;2;1;3;3;0;7;7;13;3;0;1;1;1;2;0;0;0;0;3;0;0;2
13;"Szkoła Podstawowa Nr 16, ul. Macieja Rataja 3, 41-905 Bytom";246201;"m. Bytom";"Bytom";"śląskie";1;1;6;1;1;2;0;1;1;1;1;1;1;1;1;1;2;1;1;27;4;12;13;3;1;4;3;2;3;1;3;2;1;0;1;1;2;11;8;2;2;7;0;0;0;0;0;2;2;0;0;1;0;0;1;61;18;50;12;9;17;4;3;3;3;1;3;7;5;0;4;3;3;25;8;0;2;2;1;0;1;1;0;0;0;0;1;0;2;0;0;73;13;7;5;8;4;34;4;2;2;3;3;1;2;6;3;17;4;9;2;0;2;0;2;0;1;0;2;0;0;0;0;0
14;"Zespół Szkół Specjalnych Nr 3, ul. Konstytucji 20, 41-905 Bytom";246201;"m. Bytom";"Bytom";"śląskie";1;1;1;0;1;1;0;1;1;1;1;2;0;0;0;1;0;0;1;12;2;9;3;1;1;1;2;4;1;1;0;0;0;0;2;1;0;15;2;1;0;2;0;0;2;0;0;0;0;0;0;1;1;1;1;82;36;36;11;4;20;4;4;6;9;0;2;5;4;2;3;1;3;17;3;0;1;3;1;1;0;0;0;1;2;0;2;0;0;1;7;38;6;8;0;0;2;11;1;2;1;3;5;2;0;0;1;7;5;2;5;1;2;0;2;0;1;0;0;0;0;1;0;1
15;"Szkoła Podstawowa Nr 44, ul. Generała Grota-Roweckiego 6, 41-907 Bytom";246201;"m. Bytom";"Bytom";"śląskie";1;1;3;3;4;2;0;0;0;0;0;3;0;0;0;0;0;0;3;45;8;16;14;1;1;2;4;4;2;2;4;1;1;2;3;4;1;56;24;5;2;6;2;1;0;2;0;4;4;1;1;4;1;0;5;97;43;57;25;7;28;11;5;5;4;7;2;16;5;7;7;6;2;37;9;4;3;2;0;0;1;0;0;1;1;1;1;3;0;1;7;161;13;22;8;12;4;62;3;5;12;10;4;1;5;3;2;3;16;9;3;0;0;0;0;0;0;2;0;0;0;0;0;1
16;"Szkoła Podstawowa Nr 44, ul. Generała Grota-Roweckiego 6, 41-907 Bytom";246201;"m. Bytom";"Bytom";"śląskie";1;1;7;3;1;3;0;0;0;1;1;4;1;0;0;0;0;2;1;61;18;21;21;5;2;4;2;7;2;2;3;2;1;5;3;2;0;95;19;3;3;5;8;2;0;1;0;8;5;4;0;5;1;0;1;101;37;112;28;4;27;6;7;4;5;2;1;28;3;1;12;2;4;48;6;4;2;3;1;2;2;1;0;3;0;1;0;2;1;1;11;198;21;45;11;16;9;82;3;8;9;16;10;7;2;2;3;4;19;7;3;0;0;1;0;0;3;0;1;0;0;0;0;0
17;"Szkoła Podstawowa Nr 44, ul. Generała Grota-Roweckiego 6, 41-907 Bytom";246201;"m. Bytom";"Bytom";"śląskie";1;1;10;2;2;1;0;0;2;1;1;1;0;0;0;0;0;3;4;84;8;22;14;5;9;10;7;2;2;2;3;0;2;1;3;0;8;62;25;4;2;5;3;1;0;3;3;2;3;1;1;3;4;0;3;109;34;99;34;4;26;4;3;7;11;1;4;15;8;3;8;3;3;44;16;4;1;5;3;1;0;0;2;4;3;1;0;0;1;1;8;192;32;37;5;6;7;99;2;4;3;11;4;1;4;6;4;7;13;9;5;2;0;2;1;0;1;0;0;0;0;2;0;3
18;"Zespół Szkół Technicznych, ul. Andrzeja Frycza Modrzewskiego 5, 41-907 Bytom";246201;"m. Bytom";"Bytom";"śląskie";1;1;6;1;0;1;3;0;1;0;0;5;0;1;0;1;1;2;0;31;8;10;6;3;1;3;5;6;0;3;0;0;1;2;3;0;3;40;21;1;4;5;3;0;0;2;3;2;4;1;0;4;2;0;2;83;28;88;21;6;26;14;7;5;4;1;1;28;10;3;8;0;4;41;9;3;6;4;3;1;0;0;2;0;0;0;0;1;2;1;9;135;25;23;10;9;7;85;3;1;4;9;3;2;4;0;2;12;7;7;3;2;1;0;2;0;1;0;0;0;0;0;0;0
19;"Szkoła Podstawowa Nr 45, ul. Zakątek 20, 41-907 Bytom";246201;"m. Bytom";"Bytom";"śląskie";1;1;7;0;0;1;0;1;0;2;0;2;0;0;0;0;0;3;1;76;17;19;12;7;2;4;6;7;2;1;4;1;1;0;4;1;4;76;28;3;1;13;5;0;3;3;1;3;4;0;0;2;1;2;4;109;25;146;21;3;24;6;4;3;4;0;3;84;3;0;9;3;5;31;8;10;5;3;0;1;1;0;0;0;0;0;2;4;3;0;12;210;26;37;17;3;2;85;3;6;4;15;7;2;2;4;8;5;14;9;12;0;1;1;0;0;0;0;0;0;0;2;0;0
20;"Szkoła Podstawowa Nr 45, ul. Zakątek 20, 41-907 Bytom";246201;"m. Bytom";"Bytom";"śląskie";1;1;8;1;0;1;0;0;0;0;1;1;2;0;0;2;0;1;4;51;9;18;11;6;5;5;8;1;1;4;5;2;1;2;3;3;3;41;25;1;1;7;4;0;0;2;1;2;0;1;1;5;3;2;2;95;28;95;18;6;27;7;8;2;19;4;0;26;0;3;2;1;7;39;3;2;2;2;0;0;1;0;0;0;0;0;2;2;3;2;5;146;24;47;7;6;16;80;2;6;7;7;5;2;1;3;4;4;29;9;4;0;1;3;0;0;2;1;0;0;0;0;0;0
21;"Szkoła Podstawowa Nr 45, ul. Karpacka 27, 41-907 Bytom";246201;"m. Bytom";"Bytom";"śląskie";1;1;10;2;1;3;0;3;0;0;0;1;1;0;0;0;1;0;1;50;9;21;20;4;2;8;4;8;0;2;3;1;2;1;0;2;4;64;22;4;3;5;3;0;1;3;0;0;2;2;3;6;1;2;6;104;23;90;32;5;15;10;2;3;5;1;3;28;7;4;18;0;4;40;2;5;3;5;3;1;0;1;0;3;1;0;2;1;2;1;3;195;19;29;7;7;7;97;2;4;5;10;9;2;3;5;3;2;28;10;11;0;0;0;0;1;1;3;0;0;0;0;0;1
22;"Szkoła Podstawowa Nr 45, ul. Karpacka 27, 41-907 Bytom";246201;"m. Bytom";"Bytom";"śląskie";1;1;5;2;1;2;1;0;1;2;0;3;0;2;1;0;0;3;0;63;14;17;12;3;4;9;9;6;3;3;7;3;3;2;1;0;3;55;19;3;9;9;3;1;1;6;4;1;3;2;1;1;3;0;4;134;34;134;21;8;28;5;3;5;6;1;0;74;5;2;11;3;4;34;11;4;8;9;2;1;0;0;2;3;1;2;4;2;0;0;17;243;32;27;14;6;6;99;3;7;4;2;6;1;4;3;6;7;8;17;11;1;0;2;2;1;2;0;0;0;0;0;2;0
23;"Społeczna Szkoła Podstawowa Społecznego Towarzystwa Oświatowego, ul. Skrajna 14a, 41-907 Bytom";246201;"m. Bytom";"Bytom";"śląskie";1;1;6;2;3;0;2;0;1;0;0;5;1;0;0;0;0;1;3;76;4;22;20;4;2;5;5;4;2;1;5;1;1;1;1;2;3;85;20;3;5;9;10;0;0;2;1;1;6;0;0;0;1;1;13;110;34;153;27;6;21;9;4;2;1;2;3;45;3;0;20;2;6;39;12;3;3;10;2;2;0;0;3;1;1;1;1;1;2;0;4;251;37;43;14;9;14;140;4;6;7;10;6;2;7;2;4;4;19;11;6;1;0;0;1;0;0;0;0;1;0;0;0;1
24;"Szkoła Podstawowa Nr 27, ul. Świętochłowicka 12, 41-909 Bytom";246201;"m. Bytom";"Bytom";"śląskie";1;1;4;2;0;1;2;0;0;0;3;0;1;0;0;1;0;1;0;60;10;10;23;5;3;5;4;3;2;4;2;1;2;3;4;1;1;80;26;7;4;7;2;1;4;3;0;4;0;2;0;3;1;1;2;106;26;114;22;7;24;18;4;10;8;1;4;5;7;0;31;4;5;44;6;2;10;1;3;1;0;2;4;5;0;0;0;0;0;1;11;147;15;26;11;13;9;84;6;6;2;13;10;2;6;4;8;8;10;19;5;1;0;1;1;2;1;2;1;1;0;1;0;0
25;"Szkoła Podstawowa Nr 28, ul. Armii Krajowej 40, 41-909 Bytom";246201;"m. Bytom";"Bytom";"śląskie";1;1;6;1;0;0;0;1;2;2;1;5;4;0;1;0;0;0;2;55;6;20;10;4;2;7;3;0;1;5;5;2;1;2;0;1;0;53;19;2;1;4;5;0;2;3;1;2;2;0;0;0;0;3;1;101;30;118;23;5;26;6;11;9;6;1;1;3;2;1;31;5;5;46;6;2;1;4;2;1;2;1;0;1;0;1;0;1;0;2;6;173;15;27;10;5;15;59;4;7;3;9;7;5;4;6;7;2;2;14;11;1;2;2;1;0;3;1;0;0;0;1;1;0
26;"Szkoła Podstawowa Nr 28, ul. Armii Krajowej 40, 41-909 Bytom";246201;"m. Bytom";"Bytom";"śląskie";1;1;11;0;0;2;1;0;3;0;0;5;1;0;0;0;1;1;0;65;13;27;28;4;1;6;7;3;5;3;4;2;3;1;1;5;9;62;28;3;2;9;9;2;0;6;0;4;0;2;1;0;1;1;2;126;37;123;28;5;26;7;8;3;20;2;7;6;17;2;23;2;5;50;8;6;3;4;2;1;1;0;0;2;3;0;0;3;2;2;1;223;25;39;18;7;10;104;5;6;8;12;8;2;8;2;3;4;9;4;21;1;1;0;2;0;2;1;1;0;0;0;1;2
27;"Ochotnicza Straż Pożarna w Górnikach, ul. Żołnierska 41, 41-936 Bytom";246201;"m. Bytom";"Bytom";"śląskie";1;1;1;0;1;1;0;0;0;2;0;1;0;1;0;0;0;0;1;32;5;13;7;3;1;2;3;1;2;0;1;1;1;2;0;12;1;12;10;0;3;3;0;0;0;1;1;1;1;0;0;0;1;0;1;29;17;50;5;4;13;0;5;2;0;1;1;2;0;0;1;1;2;41;1;1;2;8;1;1;0;0;3;0;0;0;0;1;0;1;3;46;15;29;20;1;14;45;2;2;5;5;1;0;0;0;2;4;11;5;2;0;0;0;0;2;0;0;0;0;0;1;0;0
28;"Szkoła Podstawowa Nr 43, ul. Suchogórska 98, 41-936 Bytom";246201;"m. Bytom";"Bytom";"śląskie";1;1;3;0;0;2;1;1;0;0;0;4;0;0;0;0;1;0;0;45;9;16;13;2;2;2;5;2;3;2;1;0;2;3;2;9;4;40;22;0;1;2;0;3;1;5;0;0;1;0;0;0;1;0;2;79;22;47;15;12;22;5;3;6;14;0;2;3;1;1;1;3;3;27;7;4;0;7;1;0;2;0;6;0;1;0;2;2;2;0;3;125;31;25;31;8;22;45;3;7;4;4;6;2;4;0;1;4;12;16;3;1;0;2;0;1;0;0;0;0;0;0;0;1
29;"Szkoła Podstawowa Nr 47, ul. Tadeusza Kościuszki 4, 41-936 Bytom";246201;"m. Bytom";"Bytom";"śląskie";1;1;5;0;1;3;0;1;0;0;0;0;0;0;0;0;0;0;0;68;19;24;25;0;3;7;3;9;3;6;2;1;4;9;4;12;4;55;24;2;0;3;2;1;1;0;0;1;2;0;0;1;1;1;3;67;40;56;13;3;34;14;3;2;10;1;3;3;2;2;3;1;1;34;4;9;5;10;2;0;0;3;4;2;2;1;2;2;2;0;6;161;28;47;45;11;22;96;7;3;2;3;7;2;3;6;1;3;15;5;3;0;3;1;0;0;0;0;2;1;0;0;0;2
30;"Szkoła Podstawowa Nr 38, ul. Janusza Korczaka 1, 41-935 Bytom";246201;"m. Bytom";"Bytom";"śląskie";1;1;10;0;3;3;0;0;2;1;0;3;2;2;1;1;1;0;0;58;13;10;14;3;2;8;2;3;5;1;1;0;1;1;1;1;4;27;11;3;1;4;0;0;1;0;0;0;4;0;1;2;3;0;1;50;6;244;7;0;18;2;8;2;3;1;1;3;2;0;1;1;2;38;4;1;6;4;1;2;2;0;1;2;0;1;5;1;0;0;2;94;13;19;30;4;3;88;2;12;0;6;2;0;5;4;5;2;12;11;5;2;0;1;7;0;0;2;0;1;0;0;0;4
31;"Szkoła Podstawowa Nr 38, ul. Janusza Korczaka 1, 41-935 Bytom";246201;"m. Bytom";"Bytom";"śląskie";1;1;6;2;4;1;1;0;0;0;0;2;0;0;1;1;1;4;3;58;6;8;29;5;1;5;2;0;0;0;3;0;1;0;3;1;5;33;22;2;0;8;0;0;1;0;0;0;4;0;0;0;2;1;3;66;18;166;9;3;21;3;3;10;4;0;1;0;3;1;0;1;5;32;7;3;4;2;2;1;1;1;1;0;0;1;0;1;1;0;6;122;17;20;35;3;2;65;10;7;0;3;5;0;1;3;2;2;10;8;1;4;0;0;3;2;0;0;1;0;0;1;0;0
32;"Szkoła Podstawowa Nr 37, ul. Tysiąclecia 7, 41-933 Bytom";246201;"m. Bytom";"Bytom";"śląskie";1;1;8;1;2;0;0;0;4;1;0;5;1;0;0;0;1;0;3;63;12;32;15;6;8;1;5;2;7;2;2;5;5;5;0;1;5;45;25;2;5;12;7;1;1;1;2;4;0;0;0;2;3;1;2;99;18;195;41;6;13;4;6;9;12;0;0;6;6;0;4;2;1;37;5;0;7;8;2;3;0;2;1;0;0;0;0;2;3;0;6;175;24;27;46;5;3;90;2;13;3;8;8;3;7;5;3;4;12;6;8;1;2;0;2;1;2;1;0;0;0;0;0;1
33;"Szkoła Podstawowa Nr 37, ul. Tysiąclecia 7, 41-933 Bytom";246201;"m. Bytom";"Bytom";"śląskie";1;1;6;4;0;2;0;0;1;1;0;2;0;0;0;0;0;0;1;38;12;13;17;1;1;3;3;3;1;3;2;0;2;1;2;0;2;41;12;2;6;11;1;0;1;1;0;4;3;0;0;3;4;2;2;84;26;168;19;4;42;4;5;5;2;1;3;9;4;1;2;1;1;29;2;2;5;9;3;3;2;2;0;1;0;2;1;0;3;1;9;136;14;21;44;11;3;56;7;4;8;7;9;1;6;3;5;2;15;7;7;1;0;0;2;3;0;0;1;0;1;0;0;0
34;"Szkoła Podstawowa Nr 37, ul. Tysiąclecia 7, 41-933 Bytom";246201;"m. Bytom";"Bytom";"śląskie";1;1;9;0;3;3;0;1;1;0;1;5;0;0;2;2;0;3;3;78;5;4;17;4;0;3;2;3;3;0;3;1;6;0;1;0;2;36;15;4;1;5;3;2;2;3;2;4;1;0;2;1;3;0;2;100;26;145;21;2;49;14;4;8;11;4;4;8;2;2;6;3;2;49;3;4;3;8;1;0;3;1;1;1;2;0;0;3;4;1;3;133;22;27;41;6;3;42;0;7;6;9;11;0;1;3;8;4;8;8;6;1;1;0;4;0;2;0;0;1;1;0;1;1
35;"Szkoła Podstawowa Nr 23, ul. Stanisława Wojciechowskiego 6, 41-933 Bytom";246201;"m. Bytom";"Bytom";"śląskie";1;1;6;1;5;5;0;0;3;0;0;3;2;0;0;0;0;1;0;60;3;10;9;3;2;3;0;2;4;4;7;1;2;4;3;0;2;44;10;4;2;7;2;0;0;4;2;4;3;2;2;0;0;1;0;105;19;168;12;3;28;7;7;6;4;0;3;7;5;1;7;2;3;44;2;7;4;8;0;0;1;0;2;1;1;0;2;0;0;0;12;148;19;27;23;7;1;79;6;6;0;6;2;2;0;2;3;3;9;4;5;2;1;5;2;0;0;1;0;0;1;0;0;1
36;"Szkoła Podstawowa Nr 23, ul. Stanisława Wojciechowskiego 6, 41-933 Bytom";246201;"m. Bytom";"Bytom";"śląskie";1;1;10;3;3;3;1;0;4;0;1;2;1;0;0;0;0;1;1;80;12;21;12;1;5;2;8;1;4;2;4;3;6;1;1;2;2;67;22;2;9;4;2;1;2;5;0;2;3;0;0;2;3;0;2;111;24;157;19;4;26;1;2;6;7;3;1;4;2;0;5;2;4;50;7;2;10;9;2;1;2;3;2;0;2;0;0;2;1;1;5;142;22;28;46;4;3;73;9;8;6;11;4;3;8;2;5;7;10;5;5;3;0;0;2;0;1;0;1;0;0;1;2;0
37;"Szkoła Podstawowa Nr 32, ul. Szymały 124, 41-933 Bytom";246201;"m. Bytom";"Bytom";"śląskie";1;1;3;0;4;6;0;1;0;2;4;2;0;0;1;0;1;0;0;109;11;26;15;2;5;8;3;4;7;3;5;0;3;1;1;0;2;58;21;1;4;7;1;0;1;3;2;6;2;0;3;7;1;1;5;111;39;180;20;3;34;0;3;2;4;1;3;6;4;0;6;3;2;49;12;3;7;10;2;2;2;1;1;1;1;2;1;0;1;1;3;188;46;20;37;9;8;68;7;3;8;15;6;3;2;1;3;13;17;15;3;4;0;2;3;0;1;0;1;2;0;1;0;3
38;"Szkoła Podstawowa Nr 32, ul. Szymały 124, 41-933 Bytom";246201;"m. Bytom";"Bytom";"śląskie";1;1;7;2;1;3;2;0;2;0;1;7;0;0;0;0;0;0;3;98;9;16;14;7;2;4;4;7;7;3;3;2;2;1;1;1;1;51;19;5;2;20;6;0;1;5;2;1;4;0;0;2;0;0;2;122;21;123;16;6;22;2;8;13;8;0;1;21;4;0;6;2;2;33;10;1;4;3;1;0;1;0;1;1;0;1;1;3;1;0;4;170;36;23;40;8;4;95;6;8;1;6;8;1;3;1;4;3;11;12;4;3;0;1;0;2;1;0;0;0;1;0;0;2
39;"Szkoła Podstawowa Nr 32, ul. Szymały 124, 41-933 Bytom";246201;"m. Bytom";"Bytom";"śląskie";1;1;9;1;3;3;0;0;1;0;1;1;0;0;0;1;0;0;0;78;8;13;5;1;3;5;3;2;2;1;1;2;1;3;1;3;2;63;24;7;1;8;3;5;2;6;0;2;4;1;1;0;1;0;1;118;17;98;20;1;34;5;4;12;10;2;0;2;4;2;7;4;1;39;6;2;3;5;3;1;1;3;5;1;2;0;0;2;0;0;4;141;24;24;43;4;2;60;2;1;5;10;7;3;9;1;4;3;11;8;3;2;0;0;2;1;0;0;0;0;2;0;1;0
40;"Szkoła Podstawowa Nr 32, ul. Szymały 124, 41-933 Bytom";246201;"m. Bytom";"Bytom";"śląskie";1;1;3;1;1;1;0;2;0;0;0;1;0;0;0;0;0;0;0;66;5;10;7;2;2;2;3;1;3;0;1;1;2;0;1;3;4;42;29;2;0;5;1;0;1;4;0;2;3;0;0;2;2;0;1;84;18;101;19;4;24;9;2;8;5;0;0;8;6;0;3;0;1;39;6;1;1;3;0;1;0;1;0;3;0;2;0;0;1;2;3;105;8;17;44;2;2;41;5;15;3;4;11;1;9;0;3;7;6;6;0;0;0;0;1;0;1;0;0;0;0;0;0;0
41;"Państwowe Szkoły Budownictwa-Zespół Szkół, ul. Powstańców Śląskich 10, 41-902 Bytom";246201;"m. Bytom";"Bytom";"śląskie";1;1;6;2;1;0;0;1;1;0;4;1;0;0;0;1;2;1;3;56;8;17;19;6;4;6;4;5;2;6;5;3;0;2;4;3;5;65;45;1;2;24;3;0;0;9;4;1;4;2;2;3;4;2;6;69;19;93;30;5;24;9;3;4;4;3;2;2;5;0;16;3;4;41;14;4;4;5;2;1;1;3;3;0;1;0;0;4;1;0;16;175;44;37;7;6;2;98;7;6;3;8;40;5;4;3;3;9;39;15;7;7;2;1;1;0;0;0;1;1;1;1;0;1
42;"V Liceum Ogólnokształcące Mistrzostwa Sportowego, ul. Powstańców Śląskich 2, 41-902 Bytom";246201;"m. Bytom";"Bytom";"śląskie";1;1;9;3;0;1;1;0;3;0;0;3;0;0;0;1;0;2;1;67;6;14;16;8;7;9;8;5;2;6;4;2;0;2;1;2;3;69;32;2;1;22;4;0;4;7;1;3;1;1;1;2;1;1;4;81;35;64;22;6;18;10;5;9;10;2;3;5;2;1;33;2;4;51;10;3;9;2;0;1;2;1;2;2;2;1;2;5;4;0;7;227;38;22;19;6;10;112;1;2;4;6;14;5;3;2;1;11;35;4;5;4;2;2;0;0;3;1;0;2;1;0;0;2
43;"Szkoła Podstawowa Specjalna Nr 40, ul. Orląt Lwowskich 12b, 41-902 Bytom";246201;"m. Bytom";"Bytom";"śląskie";1;1;7;1;1;3;0;1;0;0;1;2;0;2;1;0;0;0;1;55;7;13;15;5;3;6;6;5;4;1;4;0;1;1;3;1;0;71;33;3;1;9;7;1;3;2;2;3;1;0;0;4;1;1;4;59;18;84;27;5;18;7;5;9;7;0;1;4;4;1;30;2;3;33;4;5;2;5;1;2;1;1;2;0;0;0;1;1;1;2;4;188;26;35;20;8;9;96;4;6;7;6;22;2;6;4;3;6;27;5;10;1;0;1;0;1;0;0;0;0;0;0;0;3
44;"Szkoła Podstawowa Nr 46, ul. Bolesława Prusa 10, 41-902 Bytom";246201;"m. Bytom";"Bytom";"śląskie";1;1;11;1;1;2;0;0;0;0;1;2;0;0;0;0;0;1;1;43;13;12;9;4;1;3;1;7;1;0;7;1;1;2;1;0;6;55;24;2;4;12;2;0;1;6;0;1;0;1;0;6;0;0;1;67;15;90;27;1;22;7;3;4;4;2;1;3;0;0;27;3;3;20;5;6;2;2;0;2;1;1;2;1;0;1;0;0;3;1;8;149;13;27;15;10;5;62;5;8;7;7;10;0;10;2;3;10;30;15;3;1;0;0;0;0;2;0;1;1;0;0;0;2
45;"Szkoła Podstawowa Nr 46, ul. Bolesława Prusa 10, 41-902 Bytom";246201;"m. Bytom";"Bytom";"śląskie";1;1;3;3;0;2;0;1;1;0;2;5;0;0;0;0;0;0;0;48;3;7;14;5;1;6;4;4;3;2;8;2;2;0;3;0;1;70;23;3;2;4;3;1;0;3;2;2;2;0;0;3;2;0;3;51;22;89;14;2;21;8;4;3;6;2;1;6;4;0;39;1;2;34;3;5;3;4;0;0;1;0;1;2;0;1;0;3;4;0;7;148;29;26;12;9;5;85;3;3;6;5;11;0;5;4;0;4;25;5;3;0;0;1;0;3;3;0;0;4;0;0;0;1
46;"Zespół Szkół Gastronomiczno-Hotelarskich, ul. Stefana Żeromskiego 26, 41-902 Bytom";246201;"m. Bytom";"Bytom";"śląskie";1;1;2;2;0;0;0;1;0;0;0;3;0;0;0;0;0;0;1;38;14;10;12;2;0;3;3;2;0;1;0;0;3;0;4;0;4;38;21;6;1;9;2;0;0;0;2;1;0;3;0;2;1;0;2;39;11;37;11;2;13;6;5;2;3;0;1;2;1;0;8;1;1;26;6;3;3;3;1;0;1;1;3;0;0;1;1;1;1;0;8;115;33;15;7;2;4;77;2;0;4;4;12;4;0;2;7;7;17;7;2;2;0;1;1;0;0;0;0;0;0;1;0;0
47;"Szkoła Podstawowa Nr 9, ul. Jana Matejki 15, 41-902 Bytom";246201;"m. Bytom";"Bytom";"śląskie";1;1;3;1;1;0;1;1;2;1;0;4;0;0;0;1;0;0;1;47;10;18;9;9;3;1;2;2;2;2;3;1;3;3;1;2;0;55;25;2;3;17;3;0;1;11;1;2;5;1;3;1;1;2;4;69;16;124;24;2;18;6;8;4;7;2;0;5;5;1;27;1;0;29;7;5;5;3;0;2;0;0;0;2;0;0;0;1;0;0;10;149;15;22;6;9;3;68;3;4;7;3;7;2;0;3;3;5;32;12;9;1;2;0;1;1;0;1;2;0;0;0;1;1
48;"Szkoła Podstawowa Nr 9, ul. Jana Matejki 15, 41-902 Bytom";246201;"m. Bytom";"Bytom";"śląskie";1;1;4;0;2;1;2;0;1;0;1;3;0;0;0;0;0;0;3;37;3;19;7;5;1;2;4;4;0;1;5;1;5;0;2;0;1;34;22;1;1;13;4;0;0;5;0;0;1;1;1;3;2;1;1;66;25;88;32;6;21;15;5;12;8;1;1;1;6;2;39;1;2;29;6;2;4;2;3;1;0;2;1;2;1;0;1;1;3;0;12;113;13;23;7;4;4;46;2;7;1;6;15;0;1;1;5;2;16;9;5;3;1;2;0;0;1;1;0;1;0;0;2;0
49;"Szkoła Podstawowa Nr 6, ul. Królowej Jadwigi 2, 41-902 Bytom";246201;"m. Bytom";"Bytom";"śląskie";1;1;4;2;1;5;0;0;2;0;0;3;1;0;0;0;0;0;1;20;6;19;11;8;4;3;4;2;1;3;2;1;2;0;2;0;1;49;19;2;2;6;2;0;1;1;0;4;0;1;0;2;1;2;2;65;20;75;19;2;21;9;3;7;7;2;3;2;2;1;30;7;2;27;2;4;3;4;2;0;2;0;6;0;1;2;1;2;0;0;9;113;22;33;5;4;1;21;0;4;1;8;5;0;3;3;5;6;13;7;8;2;1;1;0;0;3;0;0;0;0;0;0;0
50;"Szkoła Podstawowa Nr 6, ul. Królowej Jadwigi 2, 41-902 Bytom";246201;"m. Bytom";"Bytom";"śląskie";1;1;5;2;1;3;0;0;2;0;0;1;0;1;0;0;0;1;0;42;4;8;8;7;4;2;4;6;1;4;1;3;0;1;0;1;1;39;13;4;0;7;2;1;0;0;2;4;2;1;0;2;1;0;2;60;19;74;15;4;11;4;1;7;8;1;1;6;3;1;15;1;1;25;1;3;0;3;5;0;3;1;0;4;0;1;0;0;1;0;5;105;21;22;12;5;5;45;2;9;5;6;5;4;2;1;1;8;9;6;5;1;1;1;0;0;3;1;0;0;0;0;0;0
51;"Technikum Nr 4, ul. Katowicka 35, 41-902 Bytom";246201;"m. Bytom";"Bytom";"śląskie";1;1;8;1;0;2;1;2;1;0;1;2;0;0;0;1;0;1;0;21;7;11;7;4;1;3;3;6;0;1;3;4;1;0;3;1;1;41;18;2;2;9;4;0;0;3;3;1;1;1;1;5;0;0;1;41;17;68;14;0;12;7;9;2;6;1;0;4;1;0;13;4;3;28;3;3;3;2;2;1;0;0;1;1;1;0;2;0;2;0;7;82;18;19;11;6;5;44;5;1;2;3;7;0;4;1;1;5;11;6;2;1;2;1;0;0;1;0;2;0;0;0;0;1
52;"Technikum Nr 4, ul. Katowicka 35, 41-902 Bytom";246201;"m. Bytom";"Bytom";"śląskie";1;1;3;1;0;4;2;1;0;1;0;1;3;0;0;1;0;1;3;30;4;5;5;7;1;3;0;3;0;1;1;1;3;2;0;1;0;50;10;1;2;9;2;2;0;2;1;1;0;0;0;3;0;0;5;59;9;73;25;2;9;4;6;4;5;1;1;1;4;0;4;5;3;27;7;3;2;6;3;0;1;3;0;2;1;0;0;2;2;0;5;82;13;21;7;7;3;64;3;0;6;4;5;1;2;4;2;8;5;8;4;0;0;0;0;0;0;0;1;1;0;0;0;1
53;"Przedszkole Miejskie Nr 14, ul. Wilhelma Prokopa 3, 41-902 Bytom";246201;"m. Bytom";"Bytom";"śląskie";1;1;7;1;3;1;2;0;3;0;1;4;3;0;0;1;0;3;2;51;5;14;27;2;1;5;1;4;3;3;2;2;2;2;3;0;0;59;15;6;1;8;1;0;0;2;0;0;1;1;1;3;1;1;4;79;26;114;16;1;19;2;4;6;3;0;2;5;4;0;22;3;2;32;6;2;3;9;1;0;0;0;2;1;0;0;0;0;1;0;10;170;21;34;17;5;4;89;3;3;5;10;5;2;2;0;5;14;8;7;12;0;1;1;1;1;0;1;1;0;0;1;0;0
54;"Szkoła Podstawowa Nr 42, ul. Chorzowska 28h, 41-902 Bytom";246201;"m. Bytom";"Bytom";"śląskie";1;1;10;3;1;3;3;1;2;1;0;0;0;0;1;1;1;0;1;82;1;9;12;3;1;3;4;2;2;3;1;0;3;2;2;1;1;61;18;4;3;9;2;1;0;3;7;4;3;1;0;1;1;0;3;72;24;131;18;7;16;7;4;2;2;1;1;12;3;1;13;6;3;26;2;3;1;7;0;0;0;1;3;1;0;0;0;0;0;1;13;176;20;34;14;14;6;57;5;3;4;6;8;0;1;2;1;6;18;10;6;1;1;1;1;0;2;2;0;0;2;0;0;1
55;"Szkoła Podstawowa Specjalna Nr 2, ul. Arki Bożka 21, 41-910 Bytom";246201;"m. Bytom";"Bytom";"śląskie";1;1;6;0;0;1;0;0;0;0;0;3;0;0;0;0;0;0;1;50;12;12;8;1;2;5;2;6;0;3;4;3;0;1;0;1;1;48;20;2;2;4;3;2;0;1;1;3;0;1;2;0;0;2;1;72;20;123;28;4;32;14;7;4;12;1;1;5;0;0;17;2;1;28;4;2;3;10;1;2;0;0;0;0;2;1;3;0;2;0;9;183;32;40;18;10;5;78;3;6;5;6;5;1;1;2;4;8;11;3;5;1;0;0;0;0;2;1;0;0;0;0;0;0
56;"Szkoła Podstawowa Nr 51 z Oddziałami Integracyjnymi, ul. Łużycka 12a, 41-902 Bytom";246201;"m. Bytom";"Bytom";"śląskie";1;1;7;1;1;4;0;0;0;2;0;3;0;1;0;0;1;3;0;65;8;16;19;0;4;7;4;7;3;2;3;1;0;2;4;1;5;71;26;3;6;13;3;2;2;5;0;4;0;1;1;1;1;2;5;108;37;132;37;10;10;14;5;2;12;4;2;9;6;4;16;4;4;42;5;2;3;9;1;1;1;0;2;3;2;0;1;0;1;0;4;204;68;34;18;7;7;99;3;9;4;8;11;0;7;3;2;8;8;11;6;2;1;1;0;0;1;0;0;0;0;0;0;0
57;"Szkoła Podstawowa Nr 51 z Oddziałami Integracyjnymi, ul. Łużycka 12a, 41-902 Bytom";246201;"m. Bytom";"Bytom";"śląskie";1;1;3;3;0;1;0;1;0;1;0;1;0;1;1;0;0;1;0;62;10;19;17;3;5;3;6;1;4;3;5;2;3;2;3;0;3;101;36;2;3;20;2;0;0;2;0;3;0;2;0;4;2;1;9;153;23;153;35;19;19;10;6;5;8;0;2;18;9;2;4;5;3;48;9;8;2;7;0;1;2;0;4;2;0;0;1;1;0;0;14;196;45;38;10;10;3;107;8;2;9;4;9;1;1;5;1;9;18;3;4;2;0;0;0;2;0;0;1;0;0;1;2;0
58;"Centrum Kształcenia Zawodowego i Ustawicznego, ul. Wrocławska 120, 41-902 Bytom";246201;"m. Bytom";"Bytom";"śląskie";1;1;13;3;1;1;0;0;3;0;0;1;1;0;2;0;0;0;0;58;10;22;15;3;5;12;7;2;4;3;1;2;1;1;2;0;3;49;17;2;4;14;1;0;0;3;0;2;2;1;3;4;3;0;4;123;32;145;24;6;22;4;14;4;12;0;0;27;10;4;7;3;3;37;7;0;5;8;3;1;0;0;3;2;0;0;1;3;1;0;8;191;28;29;15;2;4;88;4;5;8;9;6;0;9;2;3;11;18;7;2;3;0;0;2;1;0;1;1;0;0;0;1;1
59;"Szkoła Podstawowa Nr 36, ul. Henryka Siemiradzkiego 9, 41-902 Bytom";246201;"m. Bytom";"Bytom";"śląskie";1;1;1;1;2;1;0;0;2;0;1;1;0;0;0;1;1;0;2;61;15;20;14;3;4;5;0;8;2;0;1;0;0;0;3;0;1;60;26;3;4;12;3;2;0;5;1;3;2;1;0;1;0;0;7;101;27;97;18;4;19;5;5;6;9;2;5;12;6;0;10;1;7;45;6;2;5;5;2;0;1;1;2;0;1;1;1;1;1;1;7;176;29;26;11;3;5;67;5;1;2;8;9;0;4;2;9;5;24;5;4;1;0;0;0;1;1;0;1;0;0;1;0;0
60;"Szkoła Podstawowa Nr 36, ul. Henryka Siemiradzkiego 9, 41-902 Bytom";246201;"m. Bytom";"Bytom";"śląskie";1;1;7;1;0;1;2;0;1;1;0;6;0;0;0;0;1;0;0;54;8;12;12;4;3;3;2;5;7;2;4;1;1;1;0;0;4;66;22;3;3;13;1;0;1;2;3;5;1;0;0;4;2;0;3;81;17;97;17;2;19;9;5;7;10;0;2;6;5;1;7;3;2;24;7;2;4;3;0;2;0;1;2;1;4;2;0;4;0;1;7;118;17;17;14;5;6;75;2;1;1;6;8;1;2;1;5;6;27;12;2;3;0;0;1;0;0;1;1;2;0;0;0;0
61;"Szkoła Podstawowa Nr 36, ul. Henryka Siemiradzkiego 9, 41-902 Bytom";246201;"m. Bytom";"Bytom";"śląskie";1;1;5;0;1;3;0;0;0;1;0;3;0;0;0;0;0;3;0;73;18;20;10;3;5;5;4;3;2;1;2;1;3;5;4;0;2;75;31;1;3;14;3;1;2;2;1;1;2;1;1;9;1;2;3;77;17;94;19;3;15;17;5;3;6;1;0;3;4;2;8;1;2;44;6;8;5;3;0;2;1;1;1;2;2;0;1;0;1;0;14;180;29;46;13;11;8;122;0;8;3;4;15;1;0;3;1;7;39;7;4;1;1;1;0;1;0;0;0;0;0;1;0;0
62;"Szkoła Podstawowa Nr 5, ul. Aleja Legionów 6, 41-902 Bytom";246201;"m. Bytom";"Bytom";"śląskie";1;1;4;2;1;2;0;0;1;3;0;1;0;0;0;1;2;0;0;42;12;14;6;4;3;2;3;7;2;2;3;0;1;2;2;1;3;60;23;5;2;10;2;0;3;4;1;0;3;1;2;1;4;0;5;73;15;91;22;3;21;6;6;7;0;3;1;5;2;0;13;1;2;30;9;0;1;1;1;0;0;1;2;1;1;1;1;2;2;0;13;114;32;32;17;2;7;62;2;7;3;11;9;1;7;1;1;4;21;12;5;1;2;1;1;2;1;0;0;0;1;0;0;0
63;"Szkoła Podstawowa Nr 5, ul. Aleja Legionów 6, 41-902 Bytom";246201;"m. Bytom";"Bytom";"śląskie";1;1;7;3;1;1;1;1;0;0;0;1;0;0;0;0;1;0;0;46;6;23;10;11;3;7;2;3;1;1;1;0;2;4;3;1;0;34;40;1;4;8;3;1;0;1;0;3;1;2;0;5;1;0;2;54;17;70;24;1;19;3;12;3;4;1;1;5;2;0;13;2;5;36;11;5;2;1;1;2;0;0;1;0;0;0;0;1;0;0;12;128;22;25;5;8;5;66;1;2;4;10;16;2;3;2;3;4;9;8;5;0;1;0;0;0;0;0;0;0;0;0;0;2
64;"Szkoła Podstawowa Mistrzostwa Sportowego, ul. Tarnogórska 2, 41-902 Bytom";246201;"m. Bytom";"Bytom";"śląskie";1;1;6;1;1;4;2;0;0;0;0;3;1;1;0;0;0;1;1;50;5;14;16;8;0;0;5;1;3;1;2;3;1;6;0;0;0;47;16;1;1;14;3;0;0;3;1;1;1;0;1;2;3;0;4;48;18;86;14;4;22;6;4;0;4;0;1;7;3;0;9;3;4;38;6;6;6;4;1;2;1;4;2;0;0;1;0;2;1;0;13;136;18;30;12;7;7;59;1;4;8;11;6;2;2;2;1;5;8;10;3;2;0;2;1;1;0;2;0;0;0;0;0;0
65;"I Liceum Ogólnokształcące, ul. Strzelców Bytomskich 11, 41-902 Bytom";246201;"m. Bytom";"Bytom";"śląskie";1;1;7;0;1;4;1;0;0;0;0;0;1;0;0;0;0;1;1;41;6;14;14;4;3;4;2;2;6;3;6;1;1;3;0;2;0;45;14;2;1;4;2;0;0;2;0;1;0;2;0;3;1;2;1;51;8;64;24;5;17;7;1;0;5;1;1;8;2;0;11;3;6;25;5;7;3;8;1;4;0;0;2;2;1;1;1;1;1;0;15;152;24;29;8;7;2;70;4;4;2;6;15;2;6;3;1;4;14;7;3;1;1;0;1;0;0;0;0;0;1;0;1;0
66;"ZBM-Towarzystwo Budownictwa Społecznego Sp. z o. o., ul. Kolejowa 2a, 41-902 Bytom";246201;"m. Bytom";"Bytom";"śląskie";1;1;3;3;1;2;2;1;1;0;1;2;0;2;1;0;0;1;0;50;7;26;17;9;2;7;1;5;3;3;5;3;1;1;2;1;1;66;10;5;1;12;3;1;2;7;0;8;0;1;0;7;3;1;4;60;29;115;17;3;12;9;2;1;4;0;2;6;5;0;10;1;3;28;9;12;3;2;4;1;0;0;2;3;0;0;3;1;1;0;11;160;21;44;17;8;6;90;1;6;2;7;4;4;4;1;2;5;25;10;1;0;3;3;0;0;1;1;1;0;0;0;0;0
67;"IV Liceum Ogólnokształcące, pl. Generała Władysława Sikorskiego 1, 41-902 Bytom";246201;"m. Bytom";"Bytom";"śląskie";1;1;7;1;2;2;2;0;0;0;0;0;0;0;0;1;2;1;0;36;6;12;11;9;4;4;2;4;2;2;2;3;5;1;0;0;3;60;27;1;2;9;3;2;2;4;1;8;1;0;1;0;1;2;2;76;19;96;20;3;13;14;8;9;7;0;4;10;4;2;12;4;3;40;6;4;1;3;2;1;0;1;1;0;0;0;1;1;0;4;22;139;19;34;11;8;2;67;2;4;4;14;6;1;3;3;8;6;10;12;5;3;1;0;0;0;3;0;0;0;1;0;0;1
68;"IV Liceum Ogólnokształcące, pl. Generała Władysława Sikorskiego 1, 41-902 Bytom";246201;"m. Bytom";"Bytom";"śląskie";1;1;3;1;0;0;0;0;0;0;1;2;0;0;0;0;0;0;0;33;4;10;3;2;2;0;3;0;0;0;3;0;1;0;2;0;2;38;19;2;1;10;1;2;2;0;0;2;0;0;0;1;0;0;0;29;13;56;6;0;8;6;4;4;5;1;2;4;2;0;6;0;0;16;5;5;1;2;0;0;0;1;0;0;0;0;0;1;0;0;4;81;18;13;2;3;1;53;3;2;2;4;8;1;1;6;2;5;5;4;2;1;0;0;0;0;1;0;0;0;1;0;0;0
69;"Szkoła Podstawowa Nr 3, ul. Strażacka 2, 41-902 Bytom";246201;"m. Bytom";"Bytom";"śląskie";1;1;2;1;1;1;1;0;0;0;0;2;0;0;0;0;0;0;1;40;3;9;7;11;1;8;3;6;4;1;2;3;1;0;3;1;2;49;28;1;2;10;1;1;0;5;0;3;1;1;1;0;0;0;4;52;21;74;17;1;13;8;2;5;8;3;3;5;1;0;7;2;6;40;10;4;1;7;3;2;0;0;1;2;0;0;1;0;1;1;4;105;15;30;5;4;2;40;5;5;1;3;4;1;0;3;3;4;9;2;2;2;0;0;0;0;0;0;0;1;0;1;1;1
70;"Ewangelicki Domu Opieki Ostoja Pokoju Fundacji Diakonii im. Matki Ewy, ul. Matki Ewy 1, 41-923 Bytom";246201;"m. Bytom";"Bytom";"śląskie";1;1;0;0;0;1;0;0;0;0;0;0;0;0;0;0;0;0;0;2;0;0;0;0;0;0;0;0;0;0;0;0;0;0;0;0;1;2;0;0;0;0;0;0;0;0;0;0;0;0;0;0;0;0;0;4;0;2;2;0;6;1;0;3;2;2;0;0;0;0;0;1;0;1;0;0;0;0;0;0;0;0;0;0;0;0;0;0;0;0;0;1;0;1;0;0;0;1;0;0;0;0;0;0;0;0;0;0;1;2;0;1;0;1;0;1;0;1;0;0;0;0;0;0
71;"Dom Pomocy Społecznej Stowarzyszenia na rzecz Osób Starszych i Niepełnosprawnych Fizycznie, Intelektualnie, Osób Chorych Psychicznie oraz Osób Uzależnionych od Alkoholu ""Pomocna Dłoń"", ul. Strzelców Bytomskich 450, 41-935 Bytom";246201;"m. Bytom";"Bytom";"śląskie";1;1;0;0;0;0;0;0;0;0;0;0;0;0;0;0;0;0;0;0;0;0;0;0;0;0;0;0;0;0;0;0;0;0;0;0;0;1;0;1;0;0;0;0;0;0;0;0;1;0;0;0;0;0;0;6;0;1;0;0;1;0;0;0;0;0;0;0;0;0;0;0;0;0;0;0;0;0;0;0;0;0;0;0;0;0;0;0;0;1;0;0;0;0;0;0;0;0;0;0;0;0;0;0;0;0;0;0;0;1;0;0;0;0;0;0;0;0;0;0;0;0;0;0
72;"Centrum Pomocy pw. Ducha Świętego, ul. Krakowska 30, 41-902 Bytom";246201;"m. Bytom";"Bytom";"śląskie";1;1;0;0;0;0;0;0;0;0;0;0;0;0;0;0;0;0;0;0;0;0;0;0;0;0;0;0;0;0;0;0;0;0;0;0;0;0;0;0;0;0;0;0;0;0;0;0;0;0;0;0;0;0;0;0;0;1;0;1;2;2;0;0;0;1;0;0;1;1;4;0;1;1;0;0;0;0;0;0;0;0;0;0;0;0;0;0;0;1;0;1;0;0;1;0;0;1;0;0;0;0;0;0;0;0;0;0;0;0;1;1;0;0;1;0;0;0;0;1;0;0;0;0
73;"Szpital Specjalistyczny Nr 1, ul. Stefana Żeromskiego 7, 41-902 Bytom";246201;"m. Bytom";"Bytom";"śląskie";1;1;0;0;0;0;0;0;0;0;0;0;0;0;0;0;0;1;0;0;0;2;0;0;0;0;0;0;0;0;1;0;0;0;0;0;1;2;0;0;1;0;0;0;0;0;0;0;0;0;0;0;0;0;0;8;2;1;1;1;1;0;1;0;0;2;0;0;0;0;0;0;0;1;0;0;0;0;0;0;0;0;0;0;0;0;0;2;0;0;0;4;0;1;1;0;0;3;0;0;0;3;0;0;0;0;2;0;0;0;0;0;0;0;0;0;0;0;0;0;0;0;0;0
74;"Szpital Specjalistyczny Nr 1, ul. Aleja Legionów 49, 41-902 Bytom";246201;"m. Bytom";"Bytom";"śląskie";1;1;0;0;0;0;0;1;0;0;0;0;0;0;0;0;0;0;0;0;1;0;1;1;0;1;1;0;0;0;0;0;0;0;0;0;0;2;0;0;0;0;0;0;0;0;0;0;1;0;0;0;0;0;0;7;1;2;1;0;1;0;0;0;0;0;0;0;0;0;0;0;0;1;1;1;0;0;0;0;0;0;0;0;0;0;0;0;0;0;0;3;1;0;1;0;0;0;0;0;0;0;0;0;0;0;1;0;0;0;0;0;0;0;0;0;0;0;0;0;0;0;0;0
75;"Szpital Specjalistyczny Nr 2, ul. Stefana Batorego 15, 41-902 Bytom";246201;"m. Bytom";"Bytom";"śląskie";1;1;1;0;0;2;0;0;0;0;0;1;1;0;0;0;0;1;0;1;1;1;1;0;0;1;0;0;0;0;0;1;0;0;0;0;0;4;2;1;0;0;0;0;0;0;0;0;0;0;0;0;0;0;0;8;6;6;1;0;2;2;0;2;0;1;2;1;1;0;1;0;1;2;0;0;0;0;0;0;1;0;0;0;0;1;0;0;0;0;0;17;2;2;2;3;2;2;0;1;2;0;1;0;0;0;0;0;0;1;0;0;0;0;0;0;0;0;0;0;0;0;0;0
76;"Wojewódzki Szpital Specjalistyczny Nr 4, ul. Aleja Legionów 10, 41-902 Bytom";246201;"m. Bytom";"Bytom";"śląskie";1;1;0;1;0;0;0;0;0;0;0;0;0;0;0;0;0;0;0;1;1;5;0;0;0;1;0;0;0;0;0;0;0;1;0;1;0;4;0;0;0;2;1;1;0;1;0;0;0;0;0;0;0;0;0;8;4;6;6;1;6;1;3;0;0;0;0;1;1;1;3;1;0;5;0;0;0;0;0;0;0;0;0;0;0;1;0;1;0;0;0;13;1;3;2;2;0;4;0;0;0;0;0;0;0;0;1;0;1;1;0;1;0;1;0;0;0;0;0;0;0;0;0;0
77;"Areszt Śledczy, ul. Wrocławska 4, 41-902 Bytom";246201;"m. Bytom";"Bytom";"śląskie";1;1;2;0;0;0;1;0;0;0;1;1;0;0;0;0;0;0;0;15;2;3;3;2;0;0;0;0;1;1;2;0;0;1;2;1;0;9;6;2;0;3;1;0;0;2;0;1;0;0;2;1;1;2;1;11;2;3;1;0;2;0;0;1;0;1;0;1;2;0;1;1;0;2;2;0;0;1;1;1;0;0;0;1;0;0;1;0;0;0;3;67;10;13;8;7;0;2;6;2;3;6;4;3;3;0;2;3;2;4;0;0;0;0;0;0;0;0;0;1;0;0;0;0
78;"Dom Pomocy Społecznej dla Dorosłych, ul. Dworcowa 7, 41-902 Bytom";246201;"m. Bytom";"Bytom";"śląskie";1;1;3;1;0;0;0;0;0;0;0;0;0;0;0;0;0;1;0;1;0;0;0;0;0;1;0;1;0;0;0;1;1;0;2;0;0;0;0;0;0;0;0;1;0;0;0;0;0;0;0;0;0;0;0;5;2;7;3;1;1;2;0;0;0;0;0;1;0;0;9;1;0;0;1;0;0;0;0;0;0;0;0;0;0;0;0;0;0;0;0;0;0;0;0;0;0;0;0;0;0;0;0;0;0;0;0;0;1;1;0;0;0;0;0;0;0;0;0;0;0;1;0;0
79;"Zakład Opiekuńczo-Leczniczy dla Przewlekle Chorych Zgromadzenia Służebnic N. S. J., ul. Piekarska 59, 41-902 Bytom";246201;"m. Bytom";"Bytom";"śląskie";1;1;0;0;0;0;0;1;0;0;1;0;0;0;0;0;0;0;0;2;0;0;0;0;0;0;0;0;0;0;0;0;0;1;0;0;0;0;0;0;0;0;0;0;0;0;0;0;0;0;0;0;0;0;0;0;0;4;2;0;0;0;0;0;0;0;1;0;0;0;0;0;0;0;0;0;0;0;0;0;0;0;1;0;0;0;0;0;0;0;0;0;2;0;2;0;1;1;0;1;0;1;0;0;0;0;0;0;0;2;2;0;0;0;1;1;0;0;0;0;0;0;0;0
80;"Bytomskie Centrum Wsparcia, pl. Szpitalny 1, 41-923 Bytom";246201;"m. Bytom";"Bytom";"śląskie";1;1;0;0;0;1;1;0;1;0;0;1;1;0;0;0;0;0;0;0;0;0;0;0;0;0;1;0;0;0;0;0;0;1;1;0;0;0;1;1;0;0;1;0;0;0;0;0;0;0;0;0;0;0;0;5;4;5;1;0;2;0;0;0;3;0;1;1;0;0;0;1;0;1;0;1;0;0;0;0;0;0;0;0;0;0;0;0;0;0;1;1;0;0;0;1;0;0;0;0;0;0;0;0;0;0;0;0;0;0;0;0;0;0;0;0;0;0;0;0;0;0;0;0
81;"Dom Pomocy Społecznej ""Kombatant"", ul. Stolarzowicka 33, 41-923 Bytom";246201;"m. Bytom";"Bytom";"śląskie";1;1;0;1;1;1;0;0;1;0;1;0;0;0;0;0;0;0;0;1;0;1;0;0;0;1;0;0;0;1;0;0;0;0;0;0;0;1;0;0;0;0;0;0;0;0;0;0;1;0;0;0;0;1;1;10;4;14;1;1;1;1;0;3;1;1;0;0;0;1;0;0;0;0;0;0;0;0;0;0;0;0;0;0;0;0;0;0;0;0;0;4;0;0;0;0;0;2;1;0;0;0;0;1;0;0;0;0;0;0;0;0;0;0;2;0;0;0;0;1;0;0;0;0
1;"Stowarzyszenie Rozwoju Czechowic, ul. Nad Łąkami 1, 44-109 Gliwice";246601;"m. Gliwice";"Gliwice";"śląskie";1;1;1;0;0;0;0;0;0;1;0;0;0;0;0;0;1;0;2;31;9;15;3;8;3;6;2;2;2;1;2;2;0;0;1;3;1;19;8;1;1;1;1;0;1;0;0;0;0;2;0;0;2;0;0;30;66;5;6;6;5;12;3;0;3;0;1;0;1;0;0;3;1;12;2;0;1;2;0;2;0;0;2;0;1;2;0;0;0;0;0;96;22;59;1;17;3;1;1;2;0;4;1;1;0;0;0;2;13;7;0;1;0;0;0;1;0;0;0;0;0;14;0;0
2;"Szkoła Podstawowa Nr 29, ul. Staromiejska 24, 44-109 Gliwice";246601;"m. Gliwice";"Gliwice";"śląskie";1;1;8;1;1;4;0;0;3;1;2;2;1;0;0;0;0;0;1;44;14;18;2;13;7;5;3;6;1;0;3;4;4;1;2;0;0;43;18;2;3;1;1;0;0;0;2;1;2;0;0;2;0;0;0;72;74;5;7;5;4;8;4;2;8;0;3;2;3;3;1;1;8;52;1;1;3;3;0;2;0;1;1;0;1;3;0;0;2;3;0;139;66;64;1;17;0;4;1;2;3;7;1;0;0;1;2;2;17;3;0;1;0;0;0;2;2;1;0;0;1;9;0;1
3;"Szkoła Podstawowa Nr 32 w Zespole Szkolno-Przedszkolnym Nr 9, ul. Wrzosowa 14, 44-109 Gliwice";246601;"m. Gliwice";"Gliwice";"śląskie";1;1;5;6;1;3;2;0;1;1;2;4;1;0;0;0;0;0;2;41;12;8;2;6;3;10;0;8;5;1;6;7;1;1;1;3;1;44;30;4;5;0;2;1;2;2;0;1;0;0;1;1;0;1;0;70;131;8;17;7;4;18;3;8;5;1;2;0;2;2;0;10;7;37;10;4;6;8;1;0;1;2;4;6;0;4;1;3;1;1;0;124;57;74;4;18;3;5;1;2;2;4;1;1;3;0;1;1;13;11;2;3;0;0;0;0;0;0;0;0;0;3;0;0
4;"Szkoła Podstawowa Nr 32 w Zespole Szkolno-Przedszkolnym Nr 9, ul. Wrzosowa 14, 44-109 Gliwice";246601;"m. Gliwice";"Gliwice";"śląskie";1;1;5;4;2;4;1;0;0;0;0;2;0;0;1;0;1;2;1;40;11;19;9;10;7;7;4;4;5;2;0;1;2;4;3;2;1;60;29;3;2;1;2;0;2;3;2;5;2;1;1;0;1;1;0;87;122;12;17;13;10;20;5;4;10;2;5;0;2;1;2;7;12;29;10;4;0;5;3;2;3;2;5;3;1;6;0;0;1;1;0;127;54;93;3;31;3;3;2;5;2;2;1;1;2;0;5;1;8;11;2;3;0;0;0;0;1;2;0;0;0;2;0;1
5;"Zespół Szkół Ogólnokształcących Nr 2, ul. Partyzantów 25, 44-113 Gliwice";246601;"m. Gliwice";"Gliwice";"śląskie";1;1;3;3;3;1;0;0;3;0;0;0;1;0;0;0;2;1;1;35;17;16;3;11;6;3;2;5;2;0;2;0;1;2;1;2;1;55;14;4;0;4;3;0;0;1;0;2;4;0;0;1;1;0;0;101;115;15;13;12;8;20;1;14;10;1;5;1;5;1;1;6;5;34;3;3;4;4;1;1;2;0;4;3;0;3;2;0;1;1;1;122;46;85;5;15;4;3;4;1;9;7;1;0;3;2;4;6;6;9;2;1;0;3;2;0;0;0;0;0;0;0;2;3
6;"Zespół Szkół Ogólnokształcących Nr 2, ul. Partyzantów 25, 44-113 Gliwice";246601;"m. Gliwice";"Gliwice";"śląskie";1;1;4;1;4;1;1;0;1;2;1;0;0;0;0;0;0;0;0;40;22;14;5;10;3;3;6;9;2;1;0;3;2;1;1;1;2;42;23;1;4;2;0;0;1;2;3;3;4;0;1;1;1;0;0;85;113;4;23;9;14;27;6;3;4;6;8;4;3;5;1;6;10;47;2;1;0;12;0;2;2;2;4;8;1;4;0;0;2;2;1;151;59;82;6;14;3;4;2;3;4;2;1;3;4;3;5;3;7;9;0;0;3;1;0;0;1;0;0;0;0;1;0;0
7;"Zespół Szkół Ogólnokształcących Nr 2, ul. Partyzantów 25, 44-113 Gliwice";246601;"m. Gliwice";"Gliwice";"śląskie";1;1;3;0;1;2;0;0;1;0;1;1;0;0;0;1;1;1;2;50;16;27;6;12;7;4;0;3;0;4;1;3;1;1;2;0;1;68;29;2;4;2;2;1;0;2;1;0;1;0;0;1;0;0;1;89;119;17;10;6;10;25;3;4;10;9;6;1;1;2;1;6;7;29;11;2;9;3;1;1;1;0;3;2;1;0;1;1;2;1;0;178;82;123;6;22;4;5;0;1;0;2;2;1;1;2;7;1;12;18;0;5;0;1;0;1;1;0;0;1;0;0;0;0
8;"Przedszkole Miejskie Nr 38 w Zespole Szkół Ogólnokształcących Nr 2, ul. Literatów 41, 44-113 Gliwice";246601;"m. Gliwice";"Gliwice";"śląskie";1;1;4;2;1;2;0;0;2;1;0;4;0;1;0;0;1;0;1;59;24;32;10;16;1;10;4;7;2;9;2;3;2;0;4;1;1;62;28;4;7;1;1;2;1;1;0;1;1;1;0;1;1;1;1;98;79;3;10;7;8;20;4;0;10;6;5;2;6;2;4;2;7;45;6;4;6;12;1;0;1;0;2;2;1;0;0;0;2;0;2;199;78;99;6;21;6;1;2;2;5;3;1;2;0;1;6;3;12;8;1;2;1;1;0;0;3;0;0;0;0;0;0;0
9;"Przedszkole Miejskie Nr 38 w Zespole Szkół Ogólnokształcących Nr 2, ul. Literatów 41, 44-113 Gliwice";246601;"m. Gliwice";"Gliwice";"śląskie";1;1;7;1;1;1;0;1;0;0;0;2;0;0;1;1;0;0;1;67;21;42;9;14;7;6;6;5;2;7;6;2;0;0;0;0;2;58;34;4;3;0;0;1;0;3;0;2;1;0;1;2;3;0;2;87;107;10;18;13;7;7;8;5;7;6;4;1;4;2;0;2;8;45;8;4;4;10;1;1;1;0;3;1;0;0;0;1;0;0;1;192;78;118;6;24;3;4;2;3;7;4;6;2;4;0;9;4;17;8;0;1;3;0;1;0;1;1;0;0;1;0;0;2
10;"Zespół Szkół Ogólnokształcących Nr 8, ul. Syriusza 30, 44-117 Gliwice";246601;"m. Gliwice";"Gliwice";"śląskie";1;1;5;1;2;1;0;1;1;1;0;1;0;0;0;0;0;2;1;43;28;11;8;9;3;4;2;7;1;1;5;2;1;2;1;1;0;68;30;3;3;2;1;0;0;1;2;0;0;2;1;1;1;2;1;98;137;9;8;12;5;19;5;2;4;7;2;0;2;2;0;3;7;16;2;4;3;10;0;1;0;2;1;0;1;1;0;0;0;0;1;127;79;77;5;156;1;1;2;1;2;1;1;0;1;0;2;0;8;7;0;5;0;0;0;0;1;2;0;0;0;0;0;0
11;"Zespół Szkół Ogólnokształcących Nr 8, ul. Syriusza 30, 44-117 Gliwice";246601;"m. Gliwice";"Gliwice";"śląskie";1;1;9;2;4;2;2;0;1;0;0;2;0;0;0;1;0;0;1;48;8;25;4;21;3;12;3;4;2;3;4;0;7;3;1;0;0;51;44;3;5;1;0;1;0;1;1;0;0;0;0;1;0;1;0;71;152;10;14;8;10;15;2;3;5;14;3;1;1;0;2;1;11;32;7;3;5;4;1;0;1;2;3;0;1;0;0;0;0;1;0;180;95;80;3;88;3;3;0;1;1;5;1;0;3;0;3;0;16;15;2;6;0;0;1;0;4;0;0;0;0;0;0;1
12;"Zespół Szkół Ogólnokształcących Nr 8, ul. Syriusza 30, 44-117 Gliwice";246601;"m. Gliwice";"Gliwice";"śląskie";1;1;4;0;0;5;1;0;2;1;1;3;0;0;1;0;0;0;0;45;12;26;6;10;5;5;4;6;4;3;3;4;0;2;5;2;1;51;20;4;1;0;0;5;1;1;0;2;4;0;0;1;5;0;2;82;112;15;16;6;2;19;2;6;6;8;1;1;2;2;2;1;1;33;4;4;3;4;0;2;0;3;2;2;0;0;1;0;0;0;2;159;107;78;2;67;3;11;1;1;3;3;2;3;2;2;11;3;10;16;0;3;0;2;0;1;0;1;1;0;0;0;0;1
13;"Szkoła Podstawowa Nr 12 w Zespole Szkolno-Przedszkolnym Nr 2, ul. Mikołaja Kopernika 63, 44-117 Gliwice";246601;"m. Gliwice";"Gliwice";"śląskie";1;1;5;0;4;6;2;0;0;0;0;1;0;1;1;0;1;0;1;31;22;15;4;6;1;7;0;2;2;4;1;3;1;3;8;0;2;42;23;0;1;1;1;2;0;2;2;0;1;0;0;2;0;0;1;67;108;8;8;3;3;16;5;2;8;8;0;1;2;0;1;2;4;25;6;3;2;3;1;0;1;1;6;1;0;2;0;1;0;2;0;116;68;85;1;65;2;3;1;0;4;1;4;0;4;1;4;4;6;0;5;4;0;2;0;2;2;0;0;0;0;5;1;0
14;"Szkoła Podstawowa Nr 12 w Zespole Szkolno-Przedszkolnym Nr 2, ul. Mikołaja Kopernika 63, 44-117 Gliwice";246601;"m. Gliwice";"Gliwice";"śląskie";1;1;0;1;0;3;1;1;0;0;1;2;0;0;0;0;0;1;3;39;18;12;5;4;3;2;0;3;2;1;3;1;0;2;2;1;1;35;27;1;2;0;1;0;1;3;0;0;1;0;0;0;1;0;0;94;96;7;17;3;11;31;3;1;4;13;1;0;1;1;1;3;3;27;7;1;0;8;1;2;1;1;2;9;1;2;0;0;1;0;1;117;65;77;1;46;1;3;0;2;2;5;0;3;0;1;9;1;15;13;2;3;0;2;0;0;1;0;1;0;1;0;0;0
15;"Szkoła Podstawowa Nr 12 w Zespole Szkolno-Przedszkolnym Nr 2, ul. Mikołaja Kopernika 63, 44-117 Gliwice";246601;"m. Gliwice";"Gliwice";"śląskie";1;1;2;1;0;0;1;0;2;0;0;2;1;0;0;0;0;0;0;47;22;26;2;11;3;1;0;3;1;2;5;1;2;1;1;0;1;28;28;0;2;1;2;1;1;1;2;2;2;1;0;0;1;0;0;80;127;13;24;3;2;19;5;4;1;4;4;0;4;3;1;1;6;31;2;4;1;2;0;2;2;1;1;4;0;0;0;0;0;0;1;149;77;98;3;20;4;3;1;2;5;5;1;1;3;0;5;0;12;4;2;1;0;0;0;1;0;1;1;1;0;0;0;0
16;"Szkoła Podstawowa z Oddziałami Dwujęzycznymi Nr 6 w Zespole Szkół i Placówek Oświatowych nr 1, ul. Jasnogórska 15 - 17, 44-100 Gliwice";246601;"m. Gliwice";"Gliwice";"śląskie";1;1;3;3;0;0;0;0;0;0;0;2;0;0;0;0;0;0;0;21;8;18;3;5;4;3;0;2;0;0;1;0;1;0;1;0;1;20;39;2;3;0;0;3;0;0;2;0;1;0;1;0;0;1;2;50;43;5;8;7;1;8;1;1;2;1;0;0;0;0;1;1;6;22;5;1;0;4;1;0;1;0;6;0;0;1;0;1;1;0;0;87;73;92;5;9;1;0;0;1;3;4;0;0;1;2;6;2;5;7;0;1;0;0;0;0;0;0;0;1;0;0;0;1
17;"Centrum Kształcenia Zawodowego i Ustawicznego Nr 1, ul. Kozielska 1, 44-100 Gliwice";246601;"m. Gliwice";"Gliwice";"śląskie";1;1;2;0;0;0;2;2;0;0;1;1;0;0;1;0;0;0;2;33;11;17;1;11;2;5;0;4;0;0;2;2;0;1;3;0;1;52;47;1;1;4;0;0;0;0;1;0;1;1;0;1;5;0;0;57;82;10;12;18;4;10;7;4;1;4;2;0;1;0;0;3;3;28;4;4;1;4;0;1;1;0;3;2;1;0;2;1;1;1;3;184;107;113;4;30;1;0;3;1;2;4;2;1;3;0;7;4;17;12;2;0;0;0;1;0;0;0;0;0;0;0;1;1
18;"IV Liceum Ogólnokształcące, ul. Kozielska 1A, 44-100 Gliwice";246601;"m. Gliwice";"Gliwice";"śląskie";1;1;3;2;1;1;1;0;1;0;1;1;0;0;1;0;1;1;2;55;21;28;3;13;4;6;4;1;1;4;1;1;3;3;3;0;0;66;45;2;2;1;0;4;0;2;0;0;0;1;0;1;0;0;0;68;124;9;11;8;10;12;3;6;8;6;0;0;1;1;0;2;4;31;8;3;3;1;1;1;1;0;5;2;0;0;1;0;0;0;1;171;99;114;3;25;0;1;3;1;1;4;1;2;0;1;7;1;30;9;0;6;1;0;0;0;1;0;0;1;1;0;0;1
19;"Szkoła Podstawowa z Oddziałami Integracyjnymi Nr 1 w Zespole Szkolno-Przedszkolnym Nr 5, ul. Kozielska 39, 44-121 Gliwice";246601;"m. Gliwice";"Gliwice";"śląskie";1;1;5;2;2;0;0;0;0;1;1;2;1;0;0;0;1;0;1;54;17;28;4;13;3;10;1;6;1;1;3;2;2;5;0;1;1;61;59;2;2;2;0;4;0;2;1;4;2;1;3;0;6;0;0;78;111;5;8;8;4;20;2;4;3;9;3;1;2;1;1;4;3;41;8;4;5;6;2;0;2;3;8;4;1;0;0;1;2;2;0;202;134;137;9;34;1;4;1;1;7;5;2;3;5;2;13;2;20;8;2;7;0;0;0;1;1;0;0;1;0;0;0;0
20;"Szkoła Podstawowa z Oddziałami Integracyjnymi Nr 1 w Zespole Szkolno-Przedszkolnym Nr 5, ul. Kozielska 39, 44-121 Gliwice";246601;"m. Gliwice";"Gliwice";"śląskie";1;1;2;0;0;0;0;0;1;1;1;3;0;0;0;0;0;0;2;51;12;20;5;14;1;6;0;4;0;0;3;2;0;0;3;1;2;29;36;2;4;2;1;1;0;0;0;0;0;0;0;0;6;1;1;80;127;12;9;18;5;10;1;1;10;3;5;0;2;1;0;3;5;34;5;4;2;3;1;4;0;0;6;3;1;1;1;1;1;0;1;140;103;90;3;21;1;5;0;2;3;2;0;1;3;2;9;4;14;6;1;7;1;0;0;2;0;0;0;0;0;1;0;0
21;"Szkoła Podstawowa z Oddziałami Integracyjnymi Nr 1 w Zespole Szkolno-Przedszkolnym Nr 5, ul. Kozielska 39, 44-121 Gliwice";246601;"m. Gliwice";"Gliwice";"śląskie";1;1;4;1;2;0;0;1;2;0;0;1;0;1;1;0;1;0;0;56;16;26;3;20;3;13;2;9;3;0;4;2;2;0;4;1;2;86;35;2;7;8;3;3;1;4;1;1;2;2;0;0;3;0;3;53;77;5;15;15;2;10;1;9;1;4;1;0;1;0;3;6;4;44;11;3;4;3;3;2;0;4;8;0;0;2;0;1;2;0;0;235;147;107;3;41;1;3;1;1;3;4;4;0;3;0;4;3;17;7;0;3;0;0;0;1;0;1;0;0;0;2;1;0
22;"Przedszkole Miejskie z Oddziałami Integracyjnymi Nr 28 w Zespole Szkolno-Przedszkolnym Nr 4, ul. Ignacego Paderewskiego 70, 44-105 Gliwice";246601;"m. Gliwice";"Gliwice";"śląskie";1;1;8;3;2;1;0;1;1;1;1;2;1;0;0;1;0;1;2;64;16;25;7;9;5;9;3;5;1;1;1;4;1;1;4;2;4;62;36;2;1;0;1;3;1;4;1;1;1;0;1;0;1;0;0;35;157;2;4;1;1;18;5;2;4;2;2;0;2;0;0;3;6;41;8;9;2;3;3;3;1;2;1;3;0;0;1;2;3;1;3;192;112;151;5;35;3;4;5;4;2;5;1;3;1;3;8;4;35;12;2;4;0;1;0;0;1;0;0;0;1;2;1;0
23;"Szkoła Podstawowa z Oddziałami Integracyjnymi Nr 39 w Zespole Szkolno-Przedszkolnym Nr 4, ul. Obrońców Pokoju 4, 44-105 Gliwice";246601;"m. Gliwice";"Gliwice";"śląskie";1;1;6;1;0;1;1;1;0;0;0;0;0;0;0;0;1;0;0;39;24;23;2;3;3;4;3;3;0;4;1;3;0;1;2;2;2;66;20;3;0;2;0;0;1;2;1;0;6;0;0;1;1;1;2;33;221;7;2;1;5;5;2;2;5;1;1;0;2;0;0;0;3;23;9;7;6;5;4;3;0;3;4;1;0;2;0;1;1;0;0;162;88;86;3;31;6;1;0;4;3;3;1;1;1;1;3;1;29;7;2;2;0;2;0;1;3;0;0;1;1;0;1;0
24;"Szkoła Podstawowa z Oddziałami Integracyjnymi Nr 39 w Zespole Szkolno-Przedszkolnym Nr 4, ul. Obrońców Pokoju 4, 44-105 Gliwice";246601;"m. Gliwice";"Gliwice";"śląskie";1;1;2;1;3;6;0;1;0;0;0;6;1;0;0;0;0;0;0;37;35;30;2;7;4;5;2;10;1;3;1;2;4;4;2;1;2;46;29;0;0;4;1;0;2;0;0;2;6;1;0;0;1;1;3;27;238;3;4;3;2;3;1;2;4;1;2;1;3;0;2;2;3;26;6;7;2;2;3;1;0;1;4;4;0;3;1;1;1;1;1;166;106;75;2;21;2;0;0;3;2;3;1;1;3;2;3;1;30;4;3;1;0;0;1;0;1;0;0;2;1;2;0;0
25;"Szkoła Podstawowa Nr 13, ul. Józefa Elsnera 25, 44-105 Gliwice";246601;"m. Gliwice";"Gliwice";"śląskie";1;1;8;1;0;2;1;1;0;0;0;0;0;0;0;0;3;0;1;66;34;33;3;18;1;7;3;4;2;2;0;1;0;4;1;3;2;49;38;6;1;2;0;1;0;0;0;1;0;1;0;1;1;0;0;46;150;8;7;2;4;14;2;4;6;4;2;0;0;1;1;0;2;30;7;2;0;1;1;4;0;3;12;1;0;0;0;0;1;2;0;234;168;150;8;20;4;3;0;2;1;2;6;0;4;3;6;1;30;18;1;1;1;1;0;0;1;0;0;0;0;0;0;0
26;"Szkoła Podstawowa Nr 13, ul. Józefa Elsnera 25, 44-105 Gliwice";246601;"m. Gliwice";"Gliwice";"śląskie";1;1;8;0;2;2;0;1;0;1;0;1;0;0;0;0;0;1;0;51;29;23;8;15;8;4;2;3;3;2;1;5;1;2;5;1;3;56;37;5;2;1;1;1;0;3;1;0;1;3;1;0;1;1;2;68;108;3;8;7;12;22;3;4;7;1;3;2;1;1;0;2;6;35;9;1;1;8;1;2;0;3;4;0;2;0;1;0;0;1;1;193;139;181;2;25;7;0;1;2;6;2;4;1;3;0;12;0;20;12;5;3;2;0;1;0;1;0;2;1;1;0;0;0
27;"Zespół Szkół Ogólnokształcących Nr 4, ul. Orląt Śląskich 25, 44-102 Gliwice";246601;"m. Gliwice";"Gliwice";"śląskie";1;1;5;1;0;0;0;0;0;0;0;9;0;0;0;0;0;2;1;35;15;11;1;8;2;5;2;3;1;1;3;0;2;0;3;0;2;26;20;0;0;5;1;1;0;0;2;0;0;0;0;1;2;0;0;53;62;5;8;2;8;14;7;1;4;0;0;1;0;1;0;2;2;21;3;4;2;5;0;1;1;4;3;1;1;2;1;0;0;1;0;127;56;92;3;21;1;5;1;3;5;0;1;0;1;1;8;2;29;3;2;4;0;0;0;1;1;0;0;0;0;1;0;0
28;"Zespół Szkół Ogólnokształcących Nr 4, ul. Orląt Śląskich 25, 44-102 Gliwice";246601;"m. Gliwice";"Gliwice";"śląskie";1;1;1;2;0;1;0;0;1;1;0;1;1;0;0;0;0;0;1;14;10;22;2;16;3;2;2;2;0;0;6;6;0;1;4;1;2;26;27;0;3;3;1;0;0;1;1;3;2;2;0;0;3;0;1;50;76;7;13;6;7;10;9;3;4;1;0;0;5;0;0;1;3;20;1;1;1;5;1;1;0;0;5;2;1;0;0;1;1;1;0;112;45;69;1;9;3;2;2;1;2;4;1;0;0;4;8;2;30;4;0;3;0;1;0;0;4;0;0;0;0;0;0;2
29;"Przedszkole Miejskie Nr 3 w Zespole Szkolno-Przedszkolnym Nr 11, ul. Artura Grottgera 23A, 44-102 Gliwice";246601;"m. Gliwice";"Gliwice";"śląskie";1;1;1;0;0;1;0;0;2;0;0;2;1;0;0;1;0;0;2;34;28;27;2;14;2;5;1;7;1;3;1;3;3;0;4;1;0;27;18;2;0;2;0;0;0;1;0;1;1;2;0;0;0;0;1;42;64;7;8;5;6;14;2;1;5;5;3;1;0;0;0;1;7;27;9;1;1;2;2;2;0;1;3;0;2;0;1;0;0;0;0;108;116;80;3;26;1;3;0;1;1;1;1;2;3;1;1;4;7;5;3;7;1;0;0;0;0;0;0;0;0;1;0;0
30;"Szkoła Podstawowa Nr 20 w Zespole Szkolno-Przedszkolnym Nr 10, ul. Jana Śliwki 8, 44-102 Gliwice";246601;"m. Gliwice";"Gliwice";"śląskie";1;1;10;2;2;0;1;0;4;1;1;2;1;0;0;0;1;1;0;18;4;13;2;22;1;5;0;4;1;0;0;1;3;2;2;0;2;26;32;3;6;1;1;0;0;2;0;1;2;0;0;1;3;0;0;52;63;7;8;2;5;12;5;2;13;1;1;2;2;1;0;1;6;29;4;1;0;5;3;1;1;2;2;6;1;0;0;1;2;0;1;106;65;63;5;7;0;4;0;1;2;4;5;1;0;2;10;0;3;5;2;1;2;0;1;1;0;0;0;0;1;2;0;0
31;"Szkoła Podstawowa Nr 20 w Zespole Szkolno-Przedszkolnym Nr 10, ul. Jana Śliwki 8, 44-102 Gliwice";246601;"m. Gliwice";"Gliwice";"śląskie";1;1;1;1;2;4;0;1;0;3;0;1;0;0;0;0;1;1;2;34;13;13;2;10;1;2;1;8;2;3;1;1;4;2;4;3;0;41;35;1;3;1;1;0;2;1;1;1;1;1;0;0;2;0;1;62;70;7;14;3;5;16;2;2;7;1;1;0;3;0;1;1;3;46;5;0;1;3;1;1;2;1;4;1;0;0;0;0;0;1;1;114;68;87;3;24;5;4;1;1;3;2;5;2;2;3;13;0;14;6;1;2;0;0;0;0;1;1;0;0;0;1;0;1
32;"Filia Nr 20 Miejskiej Biblioteki Publicznej, ul. Bernardyńska 2, 44-102 Gliwice";246601;"m. Gliwice";"Gliwice";"śląskie";1;1;7;2;2;1;0;0;2;0;0;2;1;0;1;0;0;1;1;41;23;22;3;19;2;4;2;4;1;2;1;2;1;1;1;0;2;36;20;1;2;0;1;1;0;0;0;2;1;1;0;2;1;0;0;62;77;4;12;9;4;10;4;3;8;0;0;0;0;2;2;1;1;29;8;3;1;5;0;1;3;0;2;6;0;1;1;2;3;0;0;98;72;73;1;14;1;1;0;3;3;2;0;0;2;2;11;2;6;13;2;3;1;1;0;2;1;1;0;1;0;1;0;1
33;"Zespół Szkół Łączności, ul. Warszawska 35, 44-102 Gliwice";246601;"m. Gliwice";"Gliwice";"śląskie";1;1;3;2;2;1;0;2;0;2;0;1;0;0;0;0;0;0;0;25;14;17;3;6;4;2;2;5;0;1;0;0;1;2;3;0;3;28;22;1;0;3;1;1;0;1;0;1;0;1;0;0;1;1;0;53;112;4;10;5;3;18;3;8;4;2;0;0;2;0;0;2;1;24;5;3;2;4;2;1;1;1;2;2;1;0;0;0;1;0;0;111;72;72;2;23;2;0;2;0;0;3;0;1;0;0;11;2;10;5;1;0;0;2;0;1;0;0;0;1;0;0;0;1
34;"Zespół Szkół Ogólnokształcących Specjalnych Nr 7, ul. Aleksandra Gierymskiego 7, 44-102 Gliwice";246601;"m. Gliwice";"Gliwice";"śląskie";1;1;2;0;0;1;0;0;2;0;0;2;0;1;0;0;1;2;0;16;6;15;2;15;1;10;5;6;1;0;2;1;0;0;1;0;1;29;26;2;2;2;2;1;0;0;1;2;0;3;0;0;1;2;0;42;57;5;8;1;2;26;4;1;2;0;1;0;3;0;3;1;9;29;3;3;4;0;4;2;1;0;1;2;1;3;0;0;0;1;0;89;48;78;1;9;0;2;2;2;2;3;0;1;0;0;27;0;6;7;2;4;0;0;0;0;2;0;0;0;0;0;0;2
35;"Szkoła Podstawowa Nr 7 w Zespole Szkolno-Przedszkolnym Nr 11, ul. Tarnogórska 59, 44-102 Gliwice";246601;"m. Gliwice";"Gliwice";"śląskie";1;1;8;2;2;4;0;0;2;0;0;0;1;1;1;0;1;1;1;62;31;40;5;12;3;13;2;4;0;1;3;4;1;2;4;0;3;67;54;1;6;1;0;1;2;1;0;0;2;1;0;0;3;1;0;111;194;7;22;7;4;22;6;2;13;1;7;0;8;4;5;2;7;41;9;9;3;2;3;2;1;0;4;3;4;0;0;1;0;2;3;202;161;165;6;35;6;6;0;0;6;3;1;0;5;0;16;0;9;8;4;6;1;0;0;1;1;0;0;0;1;0;0;0
36;"Szkoła Podstawowa nr 7 w Zespole Szkolno-Przedszkolnym Nr 11, ul. Tarnogórska 59, 44-102 Gliwice";246601;"m. Gliwice";"Gliwice";"śląskie";1;1;4;1;3;2;0;2;1;1;0;0;0;0;1;0;1;1;1;46;19;14;7;5;5;10;4;6;2;3;3;3;0;3;3;0;2;62;32;3;7;0;1;4;1;3;1;1;4;11;1;1;0;1;1;103;164;9;21;10;6;30;6;2;7;2;3;1;4;2;0;1;6;57;7;6;1;6;1;1;0;4;13;2;1;3;0;1;1;1;0;202;103;146;5;22;0;4;1;1;1;4;3;0;0;3;12;4;19;10;4;1;0;3;1;0;1;0;0;0;0;1;0;1
37;"Górnośląskie Centrum Edukacyjne, ul. Stefana Okrzei 20, 44-100 Gliwice";246601;"m. Gliwice";"Gliwice";"śląskie";1;1;3;1;1;0;0;0;3;1;0;1;0;0;2;0;1;0;2;31;20;23;1;11;2;6;7;1;1;2;1;0;1;1;2;1;0;41;35;1;5;0;0;0;2;2;2;0;2;0;0;0;0;0;4;60;149;1;8;4;5;20;3;6;5;3;2;3;4;2;1;2;12;43;3;4;1;3;1;0;0;1;4;4;0;2;0;1;2;0;0;128;67;148;2;18;2;3;0;2;3;0;0;0;0;2;9;1;11;6;1;4;0;0;1;1;1;0;1;0;0;2;3;0
38;"Przedszkole Miejskie Nr 18 w Zespole Szkolno-Przedszkolnym nr 8, ul. Brzozowa 50, 44-100 Gliwice";246601;"m. Gliwice";"Gliwice";"śląskie";1;1;3;3;2;0;1;0;0;1;0;3;0;1;1;1;0;0;3;37;18;16;4;14;1;4;4;3;1;1;4;0;3;0;3;2;1;44;37;3;3;0;0;1;0;2;5;0;3;1;0;0;0;1;2;81;93;4;16;8;16;40;5;2;8;0;3;1;3;3;1;5;17;39;8;3;1;3;5;2;2;0;2;6;1;0;3;0;3;0;2;150;94;126;4;18;5;1;2;0;3;4;1;4;1;2;14;0;15;6;4;6;0;0;0;1;2;1;0;0;0;1;1;0
39;"Zespół Szkół Techniczno-Informatycznych, ul. Chorzowska 5, 44-100 Gliwice";246601;"m. Gliwice";"Gliwice";"śląskie";1;1;6;4;2;1;0;1;1;0;0;1;2;0;0;0;0;1;0;52;9;23;5;7;6;8;0;7;2;1;3;1;2;0;0;0;1;55;37;4;3;0;1;4;1;2;1;3;1;1;0;0;1;1;1;80;99;9;12;5;8;7;4;1;5;1;0;2;2;1;1;1;9;41;12;3;1;1;2;1;2;3;2;7;1;0;0;1;1;0;1;133;66;130;1;27;4;2;0;0;0;0;0;1;2;0;2;1;15;9;1;2;0;1;1;0;1;1;0;0;1;0;0;0
40;"II Liceum Ogólnokształcące, ul. Walerego Wróblewskiego 9, 44-100 Gliwice";246601;"m. Gliwice";"Gliwice";"śląskie";1;1;2;0;3;0;0;0;3;0;0;3;1;1;0;0;1;3;2;60;18;23;5;14;4;7;0;2;0;2;3;1;5;1;1;0;1;63;29;3;6;0;0;1;1;1;0;0;3;3;0;2;3;0;1;71;96;6;10;2;9;18;11;1;6;3;5;0;4;0;2;4;5;26;7;7;0;2;1;0;1;2;7;3;1;1;1;0;2;1;2;145;87;141;3;15;4;5;1;2;2;1;2;2;5;1;10;2;20;12;6;4;0;0;0;0;1;0;0;1;1;1;0;0
41;"Szkoła Podstawowa Nr 15 w Zespole Szkolno-Przedszkolnym Nr 12, ul. Lipowa 29, 44-102 Gliwice";246601;"m. Gliwice";"Gliwice";"śląskie";1;1;3;2;1;0;1;0;0;0;1;4;1;0;0;0;0;0;1;36;13;13;3;7;1;2;3;6;0;1;2;1;0;1;1;0;2;43;18;2;1;2;1;0;0;1;0;2;2;0;0;0;2;0;1;65;111;6;19;3;5;8;8;7;6;3;1;0;4;2;0;2;2;23;2;3;2;2;1;2;1;3;3;0;0;0;1;0;1;1;2;131;63;98;8;12;6;1;2;1;5;3;2;1;1;1;12;2;12;13;4;5;0;3;0;0;0;1;0;0;1;0;0;0
42;"Szkoła Podstawowa Nr 15 w Zespole Szkolno-Przedszkolnym Nr 12, ul. Lipowa 29, 44-100 Gliwice";246601;"m. Gliwice";"Gliwice";"śląskie";1;1;7;0;3;2;2;1;1;1;0;1;0;0;0;0;0;0;1;46;13;12;4;20;2;5;1;6;0;0;6;4;0;1;0;0;0;50;41;4;3;1;0;0;1;0;0;2;0;1;0;2;0;0;2;77;108;11;19;6;6;18;3;3;6;1;0;1;2;7;0;3;8;42;3;0;1;3;3;1;0;2;0;6;1;0;1;0;1;1;1;127;68;94;2;19;2;2;1;2;3;0;3;3;0;2;8;0;23;6;1;5;0;0;0;0;2;0;1;0;0;3;0;2
43;"Szkoła Podstawowa Nr 15 w Zespole Szkolno-Przedszkolnym Nr 12, ul. Lipowa 29, 44-100 Gliwice";246601;"m. Gliwice";"Gliwice";"śląskie";1;1;7;2;1;2;0;1;0;0;1;4;0;0;0;0;1;1;1;45;12;17;7;7;2;5;1;3;1;3;1;1;0;1;1;0;1;32;29;2;7;0;1;1;1;1;3;2;0;2;1;1;1;1;2;60;101;9;18;2;3;18;5;1;6;3;2;0;4;4;1;1;2;20;9;1;3;6;3;0;2;2;4;0;0;0;0;1;0;0;0;125;47;77;3;8;3;2;3;1;5;2;2;1;1;1;6;1;10;5;0;0;0;0;2;1;0;1;0;0;0;0;0;0
44;"Przedszkole Miejskie Nr 4 w Zespole Szkolno-Przedszkolnym nr 14, ul. Norberta Barlickiego 16, 44-100 Gliwice";246601;"m. Gliwice";"Gliwice";"śląskie";1;1;4;3;2;1;0;0;0;0;0;3;0;0;0;0;0;1;0;22;13;21;2;5;2;6;3;5;2;0;0;1;2;0;2;0;1;44;57;1;6;0;0;0;1;0;0;0;1;2;0;0;1;0;2;45;43;7;8;3;7;12;0;2;3;5;2;1;1;1;2;0;5;23;5;8;0;6;0;1;1;0;3;0;0;1;1;0;1;0;2;112;72;90;0;18;1;0;2;3;1;3;1;1;1;2;0;1;11;4;0;1;0;0;0;0;1;0;0;0;0;0;0;2
45;"Filia GODS Gliwicki Ośrodek Działań Społecznych-Centrum 3. 0, ul. Studzienna 6, 44-100 Gliwice";246601;"m. Gliwice";"Gliwice";"śląskie";1;1;7;1;1;1;1;0;1;1;3;0;0;0;0;0;0;0;0;52;23;11;0;8;1;5;3;4;1;2;0;4;2;1;3;1;0;72;57;3;2;3;0;0;0;1;1;0;0;3;1;1;1;0;1;51;75;6;10;7;3;15;5;7;11;2;0;1;3;0;1;1;3;36;7;5;5;5;0;1;0;0;3;1;1;2;0;0;0;0;1;185;95;130;5;32;0;2;0;1;2;2;0;3;3;1;6;2;24;7;0;6;1;0;0;1;0;0;0;1;0;4;0;1
46;"Szkoła Podstawowa Nr 28 w Zespole Szkolno-Przedszkolnym nr 14, ul. ks. Marcina Strzody 4, 44-100 Gliwice";246601;"m. Gliwice";"Gliwice";"śląskie";1;1;3;2;1;1;0;0;0;0;0;3;0;0;0;1;2;0;1;32;8;18;1;23;5;7;1;4;0;3;0;2;0;0;1;1;4;42;19;2;0;1;1;1;0;1;1;0;3;0;0;0;2;1;0;65;51;5;11;5;7;10;1;8;5;4;0;0;1;2;2;1;7;26;7;4;1;3;0;3;2;1;9;1;0;0;0;1;2;0;0;107;95;66;7;21;5;2;1;2;2;3;2;0;1;1;8;2;15;4;1;0;0;0;0;0;1;1;0;0;0;1;0;0
47;"Szkoła Podstawowa Nr 28 w Zespole Szkolno-Przedszkolnym nr 14, ul. ks. Marcina Strzody 4, 44-100 Gliwice";246601;"m. Gliwice";"Gliwice";"śląskie";1;1;4;3;1;2;0;2;0;0;0;1;0;0;0;0;0;0;4;27;10;15;2;16;2;3;1;6;2;0;0;1;0;3;0;0;1;37;25;4;2;2;3;5;2;2;0;0;1;0;1;1;1;0;2;50;59;9;8;6;6;2;7;6;0;0;1;0;1;0;2;1;5;22;7;2;0;2;0;0;1;0;6;0;1;0;0;1;1;0;0;114;91;73;5;18;3;3;0;0;3;0;0;0;2;0;4;1;8;10;2;1;0;1;0;0;1;1;0;0;0;2;0;0
48;"Szkoła Podstawowa Nr 28 w Zespole Szkolno-Przedszkolnym nr 14, ul. ks. Marcina Strzody 4, 44-100 Gliwice";246601;"m. Gliwice";"Gliwice";"śląskie";1;1;2;0;1;0;1;0;0;1;0;3;0;0;0;0;0;0;0;22;7;8;1;11;2;3;0;1;0;2;0;0;0;1;1;0;0;40;24;1;1;0;1;0;1;1;1;0;0;0;0;1;0;0;0;25;32;1;2;2;2;13;0;0;2;7;0;0;0;0;2;1;1;19;1;0;1;1;1;1;1;0;3;2;0;0;0;0;2;0;0;97;70;78;2;19;5;1;0;2;1;2;1;1;3;0;4;1;6;6;2;2;0;0;0;1;1;0;0;0;0;0;0;0
49;"V Liceum Ogólnokształcące z Oddziałami Dwujęzycznymi, ul. Górnych Wałów 29, 44-100 Gliwice";246601;"m. Gliwice";"Gliwice";"śląskie";1;1;8;1;0;0;0;1;0;0;0;0;0;0;0;2;0;0;3;43;8;14;2;19;1;8;0;5;1;1;0;1;3;0;0;0;1;51;47;3;3;3;0;2;1;1;0;0;1;0;0;0;1;0;2;57;52;8;6;6;6;20;4;0;4;1;2;0;0;1;0;0;0;42;8;4;6;5;3;1;3;0;1;1;1;1;1;0;0;1;0;127;88;87;2;19;2;5;0;0;4;3;1;2;1;3;3;1;19;11;0;3;0;0;1;0;0;0;2;0;1;0;0;1
50;"V Liceum Ogólnokształcące z Oddziałami Dwujęzycznymi, ul. Górnych Wałów 29, 44-100 Gliwice";246601;"m. Gliwice";"Gliwice";"śląskie";1;1;1;1;0;1;2;0;0;1;0;1;1;0;1;0;0;1;0;53;14;11;7;25;5;7;2;4;2;1;1;3;0;1;0;0;0;44;40;2;5;0;2;4;0;1;2;1;0;1;0;0;4;1;0;58;82;5;11;8;3;15;4;1;5;7;0;0;1;0;0;0;2;37;7;5;1;7;3;1;0;0;9;0;0;0;0;0;0;1;0;147;93;85;4;28;4;1;0;0;3;3;1;2;5;1;4;0;11;6;0;2;0;1;0;0;0;0;0;0;1;0;0;2
51;"V Liceum Ogólnokształcące z Oddziałami Dwujęzycznymi, ul. Górnych Wałów 29, 44-100 Gliwice";246601;"m. Gliwice";"Gliwice";"śląskie";1;1;4;2;0;0;0;0;2;0;0;2;0;0;1;0;1;0;1;44;14;31;1;11;2;4;2;6;0;1;3;5;0;1;0;1;1;39;51;0;6;0;3;0;0;0;0;2;1;1;1;0;1;1;0;64;80;9;7;3;5;12;4;2;4;1;0;1;2;3;0;2;6;27;5;2;0;5;3;1;1;1;10;2;1;0;1;0;2;1;0;162;106;81;8;21;6;5;3;0;2;1;3;0;0;0;7;2;13;6;3;2;0;1;0;0;0;0;0;0;0;1;0;0
52;"Szkoła Podstawowa Nr 9, ul. Jana III Sobieskiego 14, 44-100 Gliwice";246601;"m. Gliwice";"Gliwice";"śląskie";1;1;6;0;0;1;0;0;1;0;1;1;0;0;0;1;0;1;1;31;19;21;2;7;1;5;3;2;0;3;2;1;0;1;1;0;0;48;46;2;4;3;0;3;1;2;0;1;1;0;0;0;1;0;0;49;69;6;10;8;6;17;1;3;1;0;1;1;0;0;0;0;2;21;8;4;2;4;0;0;1;2;4;0;0;2;0;0;1;0;1;176;128;100;1;28;2;10;0;0;10;4;3;0;0;0;6;4;19;2;2;2;0;1;0;0;1;0;0;0;0;0;0;2
53;"Szkoła Podstawowa Nr 9, ul. Jana III Sobieskiego 14, 44-100 Gliwice";246601;"m. Gliwice";"Gliwice";"śląskie";1;1;2;1;0;0;0;1;0;0;0;0;0;0;0;0;0;0;0;28;11;10;2;5;0;1;3;1;0;1;1;2;0;1;3;1;0;28;30;2;2;0;0;2;1;1;1;0;1;1;1;0;0;0;0;19;28;2;2;6;3;4;0;0;6;5;0;0;0;1;1;2;1;8;6;3;0;0;0;0;2;1;2;0;1;0;0;2;2;0;1;128;84;77;2;15;1;2;2;1;2;4;0;1;0;1;2;3;15;6;2;2;0;0;0;0;1;1;0;0;0;0;0;0
54;"Szkoła Podstawowa z Oddziałami Integracyjnymi Nr 21, ul. Władysława Stanisława Reymonta 18A, 44-103 Gliwice";246601;"m. Gliwice";"Gliwice";"śląskie";1;1;4;0;0;0;2;0;1;0;0;1;0;0;0;0;1;2;2;25;9;22;4;1;5;2;3;1;3;2;2;5;0;2;6;1;1;43;20;3;1;2;0;1;0;2;1;0;2;2;0;0;1;0;3;99;134;6;19;39;12;57;8;4;5;1;4;1;3;1;1;3;5;37;3;5;0;7;1;1;1;2;3;1;0;1;1;0;1;1;1;107;39;106;5;11;3;1;0;2;3;4;1;3;1;2;6;2;12;7;1;5;0;0;1;2;5;0;0;0;1;1;0;0
55;"Szkoła Podstawowa z Oddziałami Integracyjnymi Nr 21, ul. Władysława Stanisława Reymonta 18A, 44-103 Gliwice";246601;"m. Gliwice";"Gliwice";"śląskie";1;1;8;3;2;0;1;0;0;1;0;4;0;1;0;0;1;1;1;40;8;25;8;5;0;2;6;4;0;2;2;2;0;3;3;2;0;34;26;1;3;2;0;1;0;2;1;0;2;1;1;0;2;0;2;91;152;7;23;36;16;38;6;1;6;4;2;2;3;0;0;0;5;36;5;3;3;10;1;2;3;2;3;4;0;0;0;1;0;0;1;102;45;105;7;16;2;0;2;0;2;2;1;3;3;1;10;1;10;5;3;4;0;4;0;0;3;2;0;0;0;0;0;0
56;"Szkoła Podstawowa z Oddziałami Integracyjnymi Nr 21, ul. Władysława Stanisława Reymonta 18A, 44-103 Gliwice";246601;"m. Gliwice";"Gliwice";"śląskie";1;1;8;2;0;4;0;4;0;0;0;3;0;1;0;1;2;1;0;32;13;16;4;17;1;5;4;5;1;2;3;3;0;3;0;3;3;52;27;1;2;1;3;0;3;1;0;1;0;0;1;0;0;1;2;115;117;14;14;20;12;69;9;3;8;3;3;4;4;1;4;5;5;26;4;3;2;5;2;2;0;1;3;9;0;0;2;2;2;0;0;128;41;133;6;14;5;1;2;0;2;5;2;1;2;3;6;3;10;8;4;2;3;0;2;3;3;2;0;0;1;1;0;1
57;"Szkoła Podstawowa z Oddziałami Integracyjnymi Nr 21, ul. Władysława Stanisława Reymonta 18A, 44-103 Gliwice";246601;"m. Gliwice";"Gliwice";"śląskie";1;1;6;1;2;3;0;0;1;2;0;4;1;1;1;0;1;1;0;23;7;18;3;7;5;1;1;10;0;1;5;2;1;0;2;0;1;27;15;0;3;0;2;3;1;1;0;1;2;1;0;0;1;0;1;71;102;3;15;10;10;60;8;5;9;4;6;2;4;0;1;2;7;34;7;0;1;3;2;2;1;1;3;5;0;1;5;1;2;2;1;96;27;89;5;14;2;2;1;1;3;2;0;1;0;0;4;1;6;5;1;4;0;0;0;0;2;2;0;1;0;0;2;0
58;"Przedszkole Miejskie Nr 22 w Zespole Szkół Ogólnokształcących nr 14, ul. Stefana Żeromskiego 26, 44-103 Gliwice";246601;"m. Gliwice";"Gliwice";"śląskie";1;1;3;1;0;0;0;0;0;0;0;2;1;0;0;0;0;0;1;15;3;13;3;0;1;2;2;2;1;1;0;0;0;1;2;0;0;28;7;3;1;1;1;2;0;2;2;1;1;0;1;0;0;0;0;31;43;2;8;9;2;39;3;0;0;0;0;1;1;1;2;2;2;15;6;0;0;5;2;1;0;0;1;0;0;0;0;0;2;1;2;65;12;41;3;6;2;0;2;2;3;2;0;1;1;1;0;1;8;3;1;0;0;0;0;0;0;0;0;1;0;0;0;0
59;"Szkoła Podstawowa Nr 14 w Zespole Szkół Ogólnokształcących Nr 14, ul. Jedności 35, 44-119 Gliwice";246601;"m. Gliwice";"Gliwice";"śląskie";1;1;7;1;0;1;0;0;1;1;0;2;0;1;0;0;2;2;0;21;11;11;2;3;4;7;3;2;0;1;2;0;2;0;2;2;1;39;5;4;0;1;3;0;0;1;0;1;0;0;0;1;0;1;0;63;73;8;17;9;14;51;8;2;2;3;4;0;3;2;0;2;0;20;6;0;6;7;2;1;1;1;0;5;1;0;0;1;0;0;0;102;39;70;3;6;2;1;1;0;1;2;1;1;0;1;1;1;4;7;0;1;0;0;0;0;2;0;1;1;0;1;0;0
60;"Szkoła Podstawowa Nr 14 w Zespole Szkół Ogólnokształcących Nr 14, ul. Jedności 35, 44-119 Gliwice";246601;"m. Gliwice";"Gliwice";"śląskie";1;1;5;1;1;1;0;0;0;1;0;0;0;0;0;0;1;1;1;36;7;18;3;8;3;6;2;5;2;1;1;1;0;0;1;0;0;32;19;1;1;2;1;0;1;1;0;3;1;2;0;1;3;0;1;79;72;14;16;10;9;59;5;4;2;0;2;0;1;0;1;0;8;31;2;4;9;1;0;0;0;2;1;4;1;0;1;1;2;0;2;79;33;70;2;6;3;2;1;1;1;2;2;1;1;3;4;2;4;8;1;5;1;0;1;1;0;0;1;1;0;0;0;0
61;"Zespół Szkół Ogólnokształcących Nr 14, ul. Przedwiośnie 2, 44-119 Gliwice";246601;"m. Gliwice";"Gliwice";"śląskie";1;1;3;1;2;2;1;2;2;0;1;2;1;0;0;0;0;0;1;43;8;23;7;6;4;6;0;6;1;1;0;7;2;4;2;0;1;39;33;2;2;3;2;1;0;2;3;0;0;0;0;1;2;2;0;75;126;6;21;18;15;61;7;7;6;2;3;0;4;2;1;2;4;30;7;1;1;8;3;1;3;0;3;1;0;1;0;0;1;1;0;148;58;82;6;23;5;3;2;1;6;3;2;1;1;1;6;1;8;7;1;2;0;0;0;0;2;1;0;1;0;1;0;0
62;"Zespół Szkół Ogólnokształcących Nr 14, ul. Przedwiośnie 2, 44-119 Gliwice";246601;"m. Gliwice";"Gliwice";"śląskie";1;1;9;2;2;3;1;0;0;1;1;2;1;1;1;0;0;2;1;48;15;19;2;3;5;4;3;2;1;1;3;1;1;1;1;0;4;47;20;1;0;1;0;3;0;5;2;2;0;3;0;1;1;0;0;83;132;7;15;21;8;65;3;2;2;2;6;1;1;2;1;2;2;33;5;3;2;11;1;5;1;0;4;4;0;1;1;0;1;0;1;150;72;81;8;10;7;0;4;2;3;3;5;1;1;0;7;2;3;12;1;1;0;1;0;0;0;0;1;0;2;0;0;1
63;"Przedszkole Miejskie z Oddziałami Integracyjnymi Nr 33 w Zespole Przedszkoli Miejskich Nr 1, ul. Wiślana 12, 44-119 Gliwice";246601;"m. Gliwice";"Gliwice";"śląskie";1;1;3;2;2;2;1;1;1;0;0;1;0;0;0;0;0;0;0;42;13;11;4;5;2;6;2;2;1;3;1;2;0;5;1;0;2;37;11;2;2;0;2;0;0;3;3;0;0;1;0;0;2;0;1;63;117;10;14;10;9;69;2;3;5;0;3;1;3;1;1;0;5;28;1;2;0;5;2;1;0;1;2;5;1;1;1;0;1;0;0;145;35;53;3;12;3;2;3;0;4;1;0;1;2;0;4;2;8;8;0;4;0;0;0;0;1;2;3;0;0;3;0;0
64;"Przedszkole Miejskie z Oddziałami Integracyjnymi Nr 42 w Zespole Przedszkoli Miejskich Nr 1, ul. Młodopolska 4, 44-119 Gliwice";246601;"m. Gliwice";"Gliwice";"śląskie";1;1;3;0;1;1;0;1;2;0;1;2;0;0;0;0;0;0;3;25;7;18;2;3;2;2;2;1;1;0;3;4;1;0;1;1;0;28;13;0;0;0;0;0;0;2;2;2;2;0;1;1;0;1;0;52;67;8;12;12;7;56;6;7;6;2;2;0;2;0;0;3;2;16;2;1;0;7;3;0;1;0;1;2;0;0;1;0;0;2;0;84;38;48;2;6;3;3;0;2;1;4;1;0;0;2;4;0;6;4;0;2;0;1;0;0;1;0;0;0;1;3;0;0
65;"Szkoła Podstawowa Nr 11, ul. Pocztowa 31, 44-100 Gliwice";246601;"m. Gliwice";"Gliwice";"śląskie";1;1;6;1;3;0;0;0;3;0;0;4;1;0;0;1;0;0;1;52;21;32;5;16;1;14;3;4;1;3;6;2;0;1;0;1;7;43;48;6;2;2;5;1;0;0;19;2;2;1;2;1;2;0;6;89;85;8;8;8;11;38;7;6;9;3;8;0;5;0;1;3;6;57;7;4;1;10;1;1;3;1;1;4;2;1;1;1;1;1;1;137;93;98;7;19;4;7;1;1;12;3;1;1;1;1;1;2;5;6;2;7;0;0;0;1;1;1;0;4;0;0;0;1
66;"Przedszkole Miejskie Nr 16 w Zespole Szkolno-Przedszkolnym Nr 6, ul. Sportowa 17, 44-100 Gliwice";246601;"m. Gliwice";"Gliwice";"śląskie";1;1;2;1;0;3;0;0;1;0;0;1;1;0;1;0;0;0;4;27;8;16;5;4;2;2;4;4;2;3;2;3;4;1;0;2;3;55;23;4;3;0;2;2;0;2;2;5;0;0;0;1;1;0;0;84;78;7;13;13;8;17;5;6;1;1;4;0;2;2;1;2;5;31;14;4;6;1;0;0;1;1;2;6;0;1;3;2;1;0;0;84;39;75;4;21;3;2;1;2;1;1;2;1;1;0;4;0;4;5;0;1;0;0;2;0;1;1;1;0;0;0;0;0
67;"Szkoła Podstawowa Nr 36 w Zespole Szkolno-Przedszkolnym Nr 6, ul. Robotnicza 6, 44-100 Gliwice";246601;"m. Gliwice";"Gliwice";"śląskie";1;1;2;0;1;1;0;0;0;1;0;1;0;1;1;0;0;0;0;18;7;7;0;2;0;2;0;2;0;0;1;0;0;1;0;1;0;14;13;0;1;0;1;0;0;0;0;1;0;0;2;0;0;0;0;30;35;2;7;9;3;12;3;4;1;0;1;4;2;1;1;1;7;22;2;1;1;0;1;1;0;0;2;1;2;0;0;0;2;1;0;45;40;51;5;5;1;0;1;0;1;0;0;0;0;0;2;0;7;4;0;2;0;0;0;2;1;0;0;0;0;0;0;0
68;"Politechnika Śląska Centrum Badań nad Edukacją i Komunikacją, ul. Hutnicza 9 - 9A, 44-100 Gliwice";246601;"m. Gliwice";"Gliwice";"śląskie";1;1;1;2;1;2;0;0;0;0;0;3;0;0;1;0;0;0;1;21;14;14;1;6;3;3;3;7;2;1;0;1;0;3;4;0;1;43;29;2;4;2;0;2;0;0;0;0;0;0;0;2;1;1;1;54;73;9;16;5;3;14;2;1;8;0;2;0;3;1;1;4;5;36;4;1;0;2;1;2;0;3;3;1;0;0;1;1;1;0;1;88;52;66;1;8;1;2;2;3;2;0;0;0;3;0;2;1;3;5;0;5;0;0;1;0;4;0;0;0;0;3;0;4
69;"Politechnika Śląska Centrum Badań nad Edukacją i Komunikacją, ul. Hutnicza 9 - 9A, 44-100 Gliwice";246601;"m. Gliwice";"Gliwice";"śląskie";1;1;3;0;0;1;0;0;2;0;0;0;0;0;0;0;0;2;0;28;17;11;2;6;1;4;1;5;1;1;3;3;2;2;0;3;1;51;18;3;1;0;0;1;0;1;4;1;2;2;0;1;2;0;0;56;54;5;9;9;5;14;5;3;4;2;1;1;3;4;1;2;0;24;2;5;0;8;0;2;0;6;5;3;0;0;0;0;1;0;1;101;60;89;1;13;5;2;3;1;1;3;2;2;3;0;2;1;12;6;0;3;0;1;0;0;2;1;1;2;1;0;0;0
70;"Politechnika Śląska Wydział Automatyki, Elektroniki i Informatyki, ul. Akademicka 16, 44-100 Gliwice";246601;"m. Gliwice";"Gliwice";"śląskie";1;1;4;1;1;1;0;0;2;0;0;2;0;1;0;0;1;0;1;16;11;9;2;8;2;4;1;2;0;1;0;4;1;4;2;0;0;32;27;4;2;3;0;2;0;2;1;3;0;0;1;2;1;0;1;35;41;6;7;7;3;10;2;4;0;3;2;1;1;0;0;0;5;23;11;1;4;6;1;0;0;0;2;2;2;0;1;1;1;2;1;96;55;60;5;15;4;4;2;1;1;0;1;2;1;2;3;2;0;3;0;2;0;0;0;1;2;0;0;0;0;0;0;0
71;"I Liceum Ogólnokształcące Dwujęzyczne, ul. Zimnej Wody 8, 44-100 Gliwice";246601;"m. Gliwice";"Gliwice";"śląskie";1;1;4;2;0;2;0;0;0;0;0;1;0;0;0;0;1;2;0;17;6;11;3;12;2;1;1;2;2;0;0;2;1;1;1;0;1;25;17;0;0;0;0;1;0;0;2;2;1;0;0;0;1;1;1;27;31;3;7;1;2;7;0;2;1;5;1;1;1;0;0;0;3;19;2;1;1;2;0;2;1;0;3;0;0;0;0;0;0;0;0;77;67;58;3;14;3;2;2;2;1;0;0;0;0;3;2;0;9;5;0;1;0;0;0;0;2;0;1;0;1;1;0;0
72;"I Liceum Ogólnokształcące Dwujęzyczne, ul. Zimnej Wody 8, 44-100 Gliwice";246601;"m. Gliwice";"Gliwice";"śląskie";1;1;2;0;0;2;0;0;0;0;0;2;0;0;0;0;0;0;0;19;11;6;4;9;0;6;0;2;1;4;1;3;2;0;1;1;3;27;29;2;0;1;2;2;1;3;1;1;1;0;0;0;2;2;2;34;34;7;2;6;4;8;1;2;1;4;2;0;0;0;1;0;5;18;5;6;4;1;0;1;0;2;5;0;0;0;0;0;0;1;2;72;69;55;4;9;3;1;0;1;3;3;3;2;1;0;5;2;8;4;0;1;0;0;0;0;2;0;0;0;0;0;0;1
73;"Szkoła Podstawowa Nr 8, ul. Spacerowa 6, 44-141 Gliwice";246601;"m. Gliwice";"Gliwice";"śląskie";1;1;3;0;2;1;0;0;0;0;0;5;1;0;1;0;0;4;0;37;14;21;4;6;3;5;5;2;1;1;1;0;1;1;0;0;0;30;30;1;3;3;0;0;1;3;2;3;2;2;0;0;1;0;2;52;130;8;5;14;7;11;1;1;7;2;1;0;0;1;0;0;4;25;8;4;4;5;1;1;2;0;1;1;0;1;2;2;0;0;0;111;68;64;5;11;1;2;2;0;1;5;1;1;1;0;4;1;3;7;6;4;1;2;0;0;1;0;1;0;1;0;0;1
74;"Szkoła Podstawowa Nr 8, ul. Spacerowa 6, 44-141 Gliwice";246601;"m. Gliwice";"Gliwice";"śląskie";1;1;3;2;1;0;0;1;3;1;0;7;2;0;0;0;1;2;0;46;21;20;9;18;5;12;4;1;4;1;1;1;1;0;1;0;11;42;27;2;3;3;2;1;2;2;0;3;3;0;1;0;4;1;1;77;124;13;5;13;4;33;3;6;6;4;3;1;0;0;1;1;3;41;7;2;1;10;1;1;1;2;2;2;1;1;0;0;0;2;0;157;97;94;7;24;5;2;2;1;2;4;2;1;4;1;2;1;6;16;1;3;0;1;0;0;2;1;0;0;0;0;2;1
75;"Szkoła Podstawowa Nr 2, ul. Lewkonii 2, 44-152 Gliwice";246601;"m. Gliwice";"Gliwice";"śląskie";1;1;9;0;0;0;0;0;1;0;0;1;0;0;0;0;0;0;0;37;14;12;3;10;1;3;0;4;0;2;2;0;0;0;2;0;2;15;15;1;3;3;1;1;1;0;0;1;1;0;1;0;1;0;1;44;33;7;21;22;5;7;5;6;4;2;7;0;2;1;1;5;1;20;3;0;1;5;0;1;4;0;2;0;0;0;0;0;0;0;1;111;38;74;1;26;3;1;0;0;3;0;0;0;1;0;2;2;3;6;0;6;0;0;0;0;0;0;0;0;0;0;0;0
76;"Szkoła Podstawowa z Oddziałami Integracyjnymi Nr 3, ul. Ignacego Daszyńskiego 424, 44-151 Gliwice";246601;"m. Gliwice";"Gliwice";"śląskie";1;1;4;4;1;2;1;0;1;0;0;1;2;0;1;0;1;0;1;45;14;21;6;10;13;4;2;9;0;4;0;0;3;1;2;2;4;21;15;0;1;1;0;2;2;1;0;3;0;0;0;1;0;0;1;59;121;5;11;9;12;12;5;2;9;1;15;0;7;2;1;2;5;33;8;4;0;3;1;0;1;1;1;0;0;1;0;1;0;0;1;125;79;68;0;15;1;2;1;2;3;0;1;0;1;2;5;1;17;15;2;10;0;3;0;0;0;1;0;0;0;0;1;0
77;"Szkoła Podstawowa z Oddziałami Integracyjnymi Nr 3, ul. Ignacego Daszyńskiego 424, 44-151 Gliwice";246601;"m. Gliwice";"Gliwice";"śląskie";1;1;4;2;1;2;0;2;1;1;0;1;0;0;0;0;0;0;2;51;16;18;3;9;5;6;2;11;0;2;1;3;0;0;4;1;1;18;18;1;1;1;0;3;2;3;1;0;0;2;0;0;2;0;0;47;138;5;11;8;8;11;3;2;10;5;16;1;6;2;0;3;4;30;9;6;3;5;2;0;0;0;2;3;0;2;1;0;0;0;0;111;79;50;2;22;1;3;0;2;1;1;4;0;3;0;5;1;13;6;1;6;1;2;1;0;0;0;2;0;0;3;0;2
78;"Szkoła Podstawowa z Oddziałami Dwujęzycznymi Nr 17 w Zespole Szkolno-Przedszkolnym Nr 17, ul. Płocka 16, 44-164 Gliwice";246601;"m. Gliwice";"Gliwice";"śląskie";1;1;3;1;1;2;2;0;0;0;0;3;0;0;0;0;0;1;0;36;21;14;1;4;12;6;0;4;2;1;2;2;0;0;0;1;0;24;13;0;0;1;1;1;2;0;0;0;3;0;0;2;1;0;1;40;66;7;1;10;6;11;2;4;9;0;16;2;2;0;2;2;0;32;4;3;1;6;1;1;0;1;1;2;0;0;1;0;0;1;0;141;96;78;4;32;4;2;1;1;2;1;3;0;4;1;5;1;9;4;2;4;0;0;1;0;0;0;0;0;0;2;0;0
79;"Szkoła Podstawowa z Oddziałami Dwujęzycznymi Nr 17 w Zespole Szkolno-Przedszkolnym Nr 17, ul. Płocka 16, 44-164 Gliwice";246601;"m. Gliwice";"Gliwice";"śląskie";1;1;4;1;2;1;0;2;1;0;1;2;0;0;0;0;0;1;0;30;25;7;4;3;15;8;1;6;0;0;2;1;1;1;0;1;0;23;14;1;4;1;1;1;0;1;2;0;0;0;0;0;0;0;0;57;77;5;11;11;2;10;1;5;2;0;14;0;2;1;0;0;4;21;6;1;3;5;0;3;0;2;6;2;0;1;0;0;1;0;1;115;99;65;1;27;1;0;0;0;2;3;1;0;0;2;3;1;9;8;4;5;0;0;0;1;1;0;0;0;0;0;0;1
80;"Szkoła Podstawowa Nr 27 w Zespole Szkolno-Przedszkolnym Nr 13, ul. Rubinowa 16A, 44-121 Gliwice";246601;"m. Gliwice";"Gliwice";"śląskie";1;1;2;1;3;2;4;0;1;2;0;1;0;0;1;0;2;0;1;60;26;24;4;11;9;6;1;6;0;1;2;2;4;2;3;1;0;62;27;1;6;2;2;1;0;1;3;1;2;2;0;0;2;1;1;79;103;8;11;12;2;14;7;2;4;1;6;0;2;1;0;3;3;41;7;6;0;4;0;0;3;1;2;2;3;1;1;0;1;1;0;184;121;135;2;33;2;2;5;2;1;2;3;1;3;2;9;1;36;10;0;2;0;2;0;0;2;1;0;0;0;1;0;0
81;"Szkoła Podstawowa Nr 27 w Zespole Szkolno-Przedszkolnym Nr 13, ul. Rubinowa 16A, 44-121 Gliwice";246601;"m. Gliwice";"Gliwice";"śląskie";1;1;5;0;1;1;0;1;2;1;3;2;2;0;1;1;1;1;0;70;20;28;7;19;5;11;3;6;3;5;2;2;3;0;3;0;3;57;44;3;1;2;1;2;2;1;3;2;1;1;2;1;1;0;1;88;144;15;17;14;9;18;5;0;4;4;3;0;3;0;0;3;7;39;9;0;0;7;1;0;0;3;0;0;1;0;0;0;2;0;0;297;160;150;11;49;2;4;0;1;3;3;5;1;4;0;8;4;53;12;1;7;1;1;1;0;0;0;1;0;0;2;0;0
82;"Szkoła Podstawowa Nr 27 w Zespole Szkolno-Przedszkolnym Nr 13, ul. Rubinowa 16A, 44-121 Gliwice";246601;"m. Gliwice";"Gliwice";"śląskie";1;1;11;0;0;2;0;1;2;1;0;0;1;0;0;0;1;1;1;81;28;38;7;17;7;18;4;11;3;1;2;9;3;1;8;2;1;80;44;3;7;0;2;5;0;2;1;1;3;0;0;1;3;2;1;68;99;9;9;8;2;13;5;2;4;1;0;0;1;1;1;2;3;52;7;9;3;9;2;0;1;1;6;0;0;0;1;0;1;5;2;239;168;212;8;51;3;3;2;1;5;3;3;2;6;1;9;1;21;5;2;2;0;1;0;0;0;0;1;0;0;1;0;1
83;"Zespół Szkół Specjalnych, ul. Dolnej Wsi 74, 44-100 Gliwice";246601;"m. Gliwice";"Gliwice";"śląskie";1;1;8;2;2;1;1;1;1;1;1;0;0;0;1;1;0;0;1;74;25;38;5;34;10;8;3;10;1;5;3;4;1;2;4;3;2;53;41;0;9;2;3;2;1;2;0;1;2;0;0;0;4;0;0;96;110;7;11;15;4;17;6;4;4;1;3;0;1;1;0;2;6;38;13;3;4;2;0;2;1;2;10;1;1;0;1;0;3;0;0;230;231;147;8;36;4;6;0;2;2;3;4;1;5;0;13;3;18;23;3;6;0;2;0;0;1;0;2;1;0;1;0;0
84;"Szkoła Podstawowa z Oddziałami Integracyjnymi Nr 10 w Zespole Szkolno-Przedszkolnym Nr 7, ul. Juliusza Ligonia 36, 44-100 Gliwice";246601;"m. Gliwice";"Gliwice";"śląskie";1;1;4;2;1;1;2;0;1;0;0;3;0;0;0;0;0;1;2;71;13;32;5;17;2;8;4;11;0;1;3;5;1;1;2;1;0;65;75;14;5;2;0;0;2;1;3;2;2;1;2;0;0;2;0;73;58;4;10;11;3;23;2;10;7;5;2;0;3;1;0;0;3;41;1;4;0;4;0;3;2;1;6;5;0;1;0;1;0;0;1;205;170;123;3;40;5;2;0;1;3;1;3;2;3;1;9;0;28;12;1;4;0;1;0;0;1;0;0;0;0;1;0;0
85;"Szkoła Podstawowa z Oddziałami Integracyjnymi Nr 10 w Zespole Szkolno-Przedszkolnym Nr 7, ul. Juliusza Ligonia 36, 44-100 Gliwice";246601;"m. Gliwice";"Gliwice";"śląskie";1;1;2;0;0;2;0;0;0;0;1;2;0;0;0;0;0;0;1;47;16;24;4;21;1;8;3;7;0;1;3;2;1;1;0;1;1;68;37;3;2;0;2;3;0;1;0;0;0;0;0;0;2;0;0;74;86;11;6;3;5;13;2;3;5;2;0;1;3;0;0;3;1;22;5;4;3;4;0;1;0;0;4;1;0;1;1;1;0;0;1;139;106;91;3;40;0;3;0;0;2;1;3;1;0;0;3;0;17;6;2;6;0;0;0;0;3;0;0;0;0;1;0;0
86;"Przedszkole Miejskie z Oddziałami Integracyjnymi Nr 31 w Zespole Szkolno-Przedszkolnym Nr 7, ul. Adama Mickiewicza 65, 44-100 Gliwice";246601;"m. Gliwice";"Gliwice";"śląskie";1;1;0;2;0;0;1;0;1;0;0;1;0;0;0;0;0;0;0;40;7;13;1;4;1;6;0;1;0;1;4;2;0;0;2;0;2;30;25;1;0;3;0;0;0;1;4;1;2;0;0;0;0;0;0;30;33;7;6;4;2;7;2;2;1;2;0;0;0;0;2;0;1;12;5;0;0;0;1;0;0;0;4;0;0;0;0;0;0;1;1;110;96;58;3;18;1;1;0;1;1;1;0;0;0;1;2;0;11;7;2;1;0;1;0;0;0;0;0;0;1;0;0;0
87;"Przedszkole Miejskie Nr 20 w Zespole Szkolno-Przedszkolnym Nr 3, ul. Pszczyńska 18, 44-100 Gliwice";246601;"m. Gliwice";"Gliwice";"śląskie";1;1;7;5;0;0;1;1;2;2;0;1;0;0;1;0;0;0;2;34;22;11;6;13;0;3;1;4;1;3;1;4;0;1;2;0;1;36;33;5;3;1;0;3;0;1;1;1;0;1;1;2;1;1;1;69;67;4;6;6;11;22;2;7;5;4;1;0;1;1;0;1;3;39;5;3;1;5;0;3;0;0;3;3;2;1;0;2;5;1;1;117;74;79;5;23;6;6;1;0;3;4;0;0;3;0;5;2;5;8;0;2;0;1;0;1;0;0;0;0;0;1;0;1
88;"Przedszkole Miejskie Nr 20 w Zespole Szkolno-Przedszkolnym Nr 3, ul. Pszczyńska 18, 44-100 Gliwice";246601;"m. Gliwice";"Gliwice";"śląskie";1;1;4;2;2;2;0;0;2;1;0;1;0;0;0;0;0;0;2;33;16;7;3;16;1;3;0;3;2;1;3;5;1;1;3;1;1;68;39;3;1;2;0;2;1;5;2;1;1;1;6;0;0;0;0;63;77;7;7;12;4;13;2;3;5;5;0;0;1;0;3;1;3;25;7;3;2;4;1;0;0;2;0;3;1;0;0;0;0;0;0;146;117;95;3;29;3;1;0;0;0;4;4;3;1;1;6;3;13;2;3;0;0;3;0;1;1;2;0;0;0;0;0;0
89;"Zespół Szkół Budowlano-Ceramicznych, ul. Bojkowska 16, 44-100 Gliwice";246601;"m. Gliwice";"Gliwice";"śląskie";1;1;6;0;0;2;0;0;1;0;0;0;0;0;0;0;0;0;1;25;9;11;4;2;3;6;2;1;3;1;1;2;0;0;0;0;1;37;20;0;4;1;0;3;0;0;1;3;2;0;0;0;2;0;1;53;98;2;12;12;10;22;2;3;4;0;2;0;3;0;1;0;4;34;5;5;1;7;0;2;3;0;2;3;0;0;0;0;1;2;0;73;52;77;4;9;4;1;1;0;3;1;2;0;1;1;4;1;8;5;0;1;0;2;0;1;1;0;0;1;0;0;0;0
90;"Zespół Szkół Budowlano-Ceramicznych, ul. Bojkowska 16, 44-100 Gliwice";246601;"m. Gliwice";"Gliwice";"śląskie";1;1;3;0;0;0;0;0;1;1;0;2;1;0;0;1;0;0;2;33;15;18;3;12;2;8;2;2;1;1;2;0;0;2;1;0;1;50;28;1;2;1;0;0;0;3;0;0;1;1;0;0;1;0;0;65;73;7;9;14;9;28;6;6;7;3;3;1;4;1;1;3;2;15;6;3;3;4;2;2;0;0;1;5;2;0;3;0;0;0;1;121;92;98;2;25;2;3;2;1;6;3;1;3;3;1;4;1;14;7;1;2;0;0;1;1;3;2;0;0;1;0;0;0
91;"Szkoła Podstawowa Nr 5 w Zespole Szkolno-Przedszkolnym Nr 3, ul. Żwirki i Wigury 85, 44-122 Gliwice";246601;"m. Gliwice";"Gliwice";"śląskie";1;1;3;1;1;1;0;0;2;0;0;1;0;0;0;0;0;1;1;15;14;8;3;5;1;5;1;0;1;0;1;1;0;1;1;2;1;29;16;0;2;0;2;1;0;1;0;1;1;0;0;0;1;0;1;51;47;7;10;6;5;14;3;1;4;3;1;0;2;1;0;2;4;21;2;5;2;3;2;0;0;1;1;3;1;0;0;1;0;0;0;66;68;72;0;16;2;1;2;0;1;0;0;1;2;0;4;3;4;8;1;0;0;1;0;0;1;0;0;0;0;0;0;0
92;"Szkoła Podstawowa Nr 5 w Zespole Szkolno-Przedszkolnym Nr 3, ul. Żwirki i Wigury 85, 44-122 Gliwice";246601;"m. Gliwice";"Gliwice";"śląskie";1;1;0;1;0;1;2;0;1;0;0;1;0;0;1;0;0;1;0;31;15;19;3;2;2;3;1;6;0;5;1;3;2;1;2;0;2;37;21;2;2;1;1;1;1;1;1;1;2;0;0;0;2;2;4;74;93;3;10;6;3;31;4;4;12;1;0;1;0;0;3;6;6;29;6;3;0;2;0;1;1;1;0;1;0;1;1;1;0;1;1;123;103;99;2;23;1;1;1;4;2;3;0;0;2;1;1;3;4;6;0;3;0;1;1;0;1;2;0;0;0;0;0;0
93;"Zespół Szkolno-Przedszkolny Nr 1, ul. Jana Kilińskiego 1, 44-122 Gliwice";246601;"m. Gliwice";"Gliwice";"śląskie";1;1;6;2;1;3;1;0;1;0;0;0;0;0;0;0;0;0;2;63;13;15;4;8;2;7;0;7;3;1;1;2;0;2;0;1;3;60;29;2;5;3;2;0;1;1;1;0;2;1;0;1;0;1;4;55;70;2;6;8;9;35;4;6;6;1;2;0;3;1;0;2;8;37;8;10;1;6;1;2;1;3;2;5;3;0;1;1;3;0;0;129;85;116;10;25;6;6;0;0;7;0;0;1;2;0;3;0;11;10;3;6;1;0;0;0;0;0;1;1;0;1;0;0
94;"Zespół Szkół Samochodowych, ul. Jana Kilińskiego 24A, 44-122 Gliwice";246601;"m. Gliwice";"Gliwice";"śląskie";1;1;9;3;0;0;0;0;0;1;1;2;0;1;0;0;1;0;1;34;13;18;1;9;4;4;5;3;1;1;2;0;0;0;0;0;0;32;23;1;0;1;1;0;5;2;0;2;0;1;0;1;2;1;1;34;49;5;10;5;7;11;0;1;3;1;2;1;0;0;0;2;0;15;6;3;0;3;0;2;2;1;5;2;0;1;0;1;2;1;1;88;43;53;1;21;5;1;3;1;3;2;0;1;0;0;5;0;4;3;2;0;0;1;0;0;1;0;0;0;0;0;0;1
95;"Zespół Szkolno-Przedszkolny Nr 3, ul. Adama Asnyka 36, 44-122 Gliwice";246601;"m. Gliwice";"Gliwice";"śląskie";1;1;6;2;0;0;0;0;1;0;1;0;0;0;1;0;1;1;1;25;17;12;3;7;2;3;1;3;1;2;0;1;0;0;1;0;0;32;33;1;2;0;0;0;0;0;1;0;0;1;0;0;2;0;2;52;65;7;12;12;4;20;5;3;3;0;2;0;2;1;1;1;4;37;11;1;0;3;2;0;0;0;2;2;1;0;1;0;0;0;0;102;97;60;4;13;0;1;1;2;3;3;3;0;3;0;5;1;1;9;1;0;0;1;0;0;0;4;0;0;0;0;0;1
96;"Zespół Szkolno-Przedszkolny Nr 3, ul. Adama Asnyka 36, 44-122 Gliwice";246601;"m. Gliwice";"Gliwice";"śląskie";1;1;7;1;1;2;0;0;0;0;0;0;0;0;0;0;0;0;0;45;16;22;2;2;4;9;4;5;0;2;0;2;2;1;3;1;1;38;21;1;4;1;1;0;0;0;0;0;2;0;0;0;1;0;0;47;74;6;13;1;8;16;4;1;1;2;2;0;0;0;0;3;5;20;4;0;1;4;0;0;0;1;2;0;1;0;1;0;1;0;3;108;124;84;4;17;2;5;0;2;1;0;0;0;3;0;3;5;8;4;2;4;0;0;1;1;0;0;0;1;0;1;0;0
97;"Przedszkole Miejskie Nr 6 w Zespole Przedszkoli Miejskich Nr 2, ul. Młodych Patriotów 10, 44-122 Gliwice";246601;"m. Gliwice";"Gliwice";"śląskie";1;1;2;1;1;2;0;0;0;1;0;2;1;0;0;0;1;0;0;23;11;22;1;7;3;2;2;5;1;0;0;1;3;0;1;0;0;33;25;0;3;0;0;0;0;2;0;0;3;0;0;0;1;0;0;66;86;5;3;5;5;9;3;3;3;0;2;0;0;0;1;1;3;22;3;2;0;5;2;1;0;0;1;0;0;1;1;1;0;0;0;100;98;74;6;15;3;2;0;1;3;2;0;1;2;1;6;0;4;6;0;4;0;0;0;0;1;0;0;0;0;0;0;0
98;"Przedszkole Miejskie Nr 6 w Zespole Przedszkoli Miejskich Nr 2, ul. Młodych Patriotów 10, 44-122 Gliwice";246601;"m. Gliwice";"Gliwice";"śląskie";1;1;5;2;0;2;0;0;0;2;1;4;1;1;0;0;0;0;2;49;21;16;4;11;2;5;3;6;0;4;3;2;4;2;8;0;0;52;31;3;2;4;1;5;0;1;2;0;1;0;1;0;5;0;2;106;83;7;9;7;5;26;2;4;7;4;0;0;1;2;2;1;4;40;6;10;2;10;2;0;4;2;3;0;1;1;1;0;0;0;1;156;109;126;8;21;0;2;1;0;5;1;2;1;0;1;4;0;11;5;2;4;0;0;0;0;1;1;1;1;2;0;0;0
99;"Szkoła Podstawowa Nr 23 w Zespole Szkolno-Przedszkolnym Nr 16, ul. Sikornik 1, 44-122 Gliwice";246601;"m. Gliwice";"Gliwice";"śląskie";1;1;2;1;1;0;0;0;0;1;0;1;1;0;0;0;0;0;0;36;12;18;1;16;5;6;1;3;3;1;1;2;2;1;1;0;0;47;20;0;3;3;1;1;0;0;0;1;0;1;0;0;1;0;0;66;53;8;8;5;5;8;2;4;10;5;0;1;1;1;0;2;3;20;5;4;2;6;2;1;0;0;2;0;1;2;0;0;0;1;0;119;92;75;4;25;2;0;1;1;4;2;1;0;2;1;4;2;12;7;2;1;0;0;0;2;1;0;0;1;0;0;0;0
100;"Szkoła Podstawowa Nr 23 w Zespole Szkolno-Przedszkolnym Nr 16, ul. Sikornik 1, 44-122 Gliwice";246601;"m. Gliwice";"Gliwice";"śląskie";1;1;0;0;0;1;0;2;1;0;0;0;0;1;1;0;0;0;2;49;12;14;0;9;1;8;0;2;1;2;0;2;0;2;2;1;0;33;16;2;2;0;1;2;1;0;1;0;1;1;2;0;0;1;4;46;68;6;10;6;2;18;4;4;6;6;2;0;0;0;2;2;3;17;3;0;0;5;0;1;0;0;2;0;0;0;1;0;0;0;2;130;73;65;1;24;1;0;4;0;4;2;0;0;2;1;1;1;17;8;2;2;0;0;0;0;0;0;0;0;0;1;0;1
101;"Szkoła Podstawowa Nr 23 w Zespole Szkolno-Przedszkolnym Nr 16, ul. Sikornik 1, 44-122 Gliwice";246601;"m. Gliwice";"Gliwice";"śląskie";1;1;3;1;0;2;0;0;0;0;0;0;0;0;0;0;0;2;1;19;13;9;3;10;2;5;2;4;2;1;1;3;1;4;2;0;1;37;28;3;1;1;0;1;0;2;0;1;2;0;0;0;1;1;1;44;67;2;4;1;8;14;1;2;3;2;1;0;1;2;0;0;3;34;3;1;0;1;1;0;0;0;2;3;1;2;0;2;0;1;2;124;64;70;3;16;3;2;3;2;1;3;3;0;0;1;1;1;14;11;0;0;0;2;0;1;0;0;0;0;0;1;0;0
102;"Zespół Szkół Ogólnokształcących Nr 5, ul. Sikornik 34, 44-122 Gliwice";246601;"m. Gliwice";"Gliwice";"śląskie";1;1;7;0;3;3;0;0;1;1;0;0;0;0;0;0;0;0;2;41;13;18;5;5;5;4;6;3;1;2;5;2;1;1;2;1;2;48;29;1;2;0;0;0;1;3;0;1;0;1;0;0;2;2;3;67;63;12;9;14;2;20;0;5;6;1;6;2;2;0;0;4;2;27;8;2;1;9;2;4;2;2;5;3;1;1;2;0;1;0;1;130;71;97;1;26;2;3;1;5;3;2;1;2;4;0;5;2;9;7;0;3;0;0;0;0;0;0;1;1;0;1;0;0
103;"Zespół Szkół Ogólnokształcących Nr 5, ul. Sikornik 34, 44-122 Gliwice";246601;"m. Gliwice";"Gliwice";"śląskie";1;1;3;2;1;1;0;0;0;1;0;0;1;0;0;0;0;0;0;40;22;17;10;7;4;2;2;6;0;1;2;4;3;1;1;3;1;77;20;1;4;1;1;1;1;1;2;1;1;0;0;0;1;0;0;82;84;9;8;5;10;18;1;2;3;2;5;0;3;0;0;1;4;25;8;1;3;3;0;1;0;1;3;2;0;1;0;0;1;0;1;160;109;80;4;30;2;3;1;3;5;1;4;1;4;0;5;0;19;6;0;5;0;0;0;0;0;0;0;0;0;3;0;0
104;"Zespół Szkół Ogólnokształcących Nr 5, ul. Sikornik 34, 44-122 Gliwice";246601;"m. Gliwice";"Gliwice";"śląskie";1;1;5;1;2;1;1;1;0;1;3;0;0;0;0;0;0;0;1;42;14;25;6;6;2;9;0;7;1;5;3;1;3;3;9;0;2;49;41;6;1;4;0;3;0;0;0;2;2;1;0;1;2;1;0;81;113;12;13;8;17;24;2;5;10;3;2;0;2;1;2;2;4;35;9;6;2;0;2;3;0;0;5;4;0;2;2;0;2;1;0;194;87;104;7;33;5;2;0;2;4;4;4;1;4;4;11;2;15;12;2;3;2;0;0;0;0;0;1;2;0;0;0;0
105;"Szkoła Podstawowa Nr 41 w Zespole Szkolno-Przedszkolnym nr 15, ul. Kormoranów 23, 44-122 Gliwice";246601;"m. Gliwice";"Gliwice";"śląskie";1;1;8;3;3;2;0;0;0;1;0;0;0;0;1;0;0;1;0;80;27;38;10;12;8;10;3;5;1;2;4;7;1;5;1;0;3;75;45;6;4;1;1;1;1;2;0;0;0;5;0;0;2;1;4;100;108;4;14;8;6;51;7;5;8;2;5;0;1;1;0;1;6;46;15;7;2;10;3;0;0;1;5;2;1;0;0;1;0;0;1;237;169;150;2;40;5;6;2;1;7;5;0;2;5;0;9;4;21;15;5;2;0;1;0;1;1;0;0;2;3;2;0;0
106;"Szkoła Podstawowa Nr 41 w Zespole Szkolno-Przedszkolnym nr 15, ul. Kormoranów 23, 44-122 Gliwice";246601;"m. Gliwice";"Gliwice";"śląskie";1;1;7;1;2;2;2;0;1;0;0;3;0;0;0;0;0;0;2;52;23;32;3;8;1;7;2;3;1;6;2;3;1;1;2;2;3;48;43;2;2;0;4;2;1;2;1;3;2;1;0;0;1;0;1;82;147;5;11;4;5;34;7;2;6;14;1;0;0;3;3;2;6;48;6;2;1;12;2;0;0;2;0;4;0;0;2;1;1;0;1;212;136;101;2;60;3;9;1;3;2;2;2;1;1;3;9;2;3;9;2;11;0;1;0;0;3;3;0;1;1;1;0;2
107;"Szpital Miejski Nr 4 w Gliwicach Sp. z o. o., ul. Zygmunta Starego 20, 44-100 Gliwice";246601;"m. Gliwice";"Gliwice";"śląskie";1;1;0;0;0;0;0;0;0;1;0;0;0;0;0;0;0;0;0;1;3;0;0;0;0;0;1;0;0;0;0;0;0;0;0;0;0;1;1;0;0;0;0;0;0;0;0;1;0;0;0;0;0;0;0;4;2;0;0;0;0;0;1;1;0;0;0;0;0;0;0;1;1;2;0;0;0;0;0;0;0;0;0;0;0;0;0;0;0;0;0;9;5;2;0;0;0;0;0;0;0;0;0;0;0;0;0;0;1;0;0;0;0;0;0;0;0;0;0;0;0;0;0;0
108;"Szpital Miejski nr 4 w Gliwicach Sp. z o. o., ul. Tadeusza Kościuszki 29, 44-100 Gliwice";246601;"m. Gliwice";"Gliwice";"śląskie";1;1;1;0;0;0;0;0;1;0;0;0;0;0;0;0;0;0;0;2;0;2;1;0;0;0;0;0;0;0;0;0;0;0;0;0;1;1;1;1;0;0;0;0;0;0;0;0;0;0;0;0;0;0;0;8;4;0;1;0;3;0;0;0;1;0;1;0;0;0;0;0;0;1;0;1;0;0;0;0;0;0;0;0;0;0;0;0;0;0;0;7;2;2;1;0;0;0;0;1;1;0;0;0;0;0;0;0;0;0;0;0;0;0;0;0;0;0;0;0;0;0;0;0
109;"Szpital Wielospecjalistyczny Sp. z o. o. w Gliwicach, ul. Tadeusza Kościuszki 1, 44-100 Gliwice";246601;"m. Gliwice";"Gliwice";"śląskie";1;1;0;0;0;0;0;0;0;0;0;1;0;0;0;0;0;0;0;2;1;1;0;0;1;0;0;0;0;0;0;0;0;0;0;0;0;2;0;0;0;0;0;0;0;0;0;0;0;0;0;0;0;0;0;2;2;0;2;0;1;0;0;0;0;0;0;1;0;0;0;0;0;1;0;0;1;0;0;0;0;0;1;0;0;0;0;0;1;0;0;6;2;2;0;0;0;0;0;0;0;0;0;0;1;0;0;0;0;1;0;0;0;0;0;0;0;0;0;0;0;0;0;0
110;"VITO-MED Sp. z o. o., ul. Radiowa 2, 44-121 Gliwice";246601;"m. Gliwice";"Gliwice";"śląskie";1;1;0;0;0;0;0;0;0;0;1;0;0;0;0;0;0;0;0;1;0;0;0;0;1;0;0;0;0;0;0;0;0;0;0;0;0;0;2;0;0;0;0;0;0;0;0;0;0;0;0;0;0;0;0;3;2;0;0;1;0;1;0;0;0;0;0;0;0;0;1;0;0;1;0;0;0;1;0;0;0;0;0;0;0;0;0;0;0;0;0;9;3;2;0;0;0;0;0;0;0;0;0;0;0;1;0;0;0;0;2;0;0;0;0;0;0;0;0;1;0;0;0;0
111;"Zakład Opiekuńczo-Leczniczy Vito-Med Sp. z o. o., ul. Kozielska 8, 44-100 Gliwice";246601;"m. Gliwice";"Gliwice";"śląskie";1;1;0;1;0;0;0;0;0;0;0;0;0;0;0;1;0;0;0;0;0;2;0;0;0;0;0;0;0;0;0;0;0;0;0;0;0;0;0;1;0;0;0;0;0;0;0;0;0;0;0;0;0;0;0;3;0;0;0;0;0;0;0;0;0;0;1;0;2;0;0;0;0;0;0;0;0;0;0;0;0;0;0;0;0;0;0;0;0;0;0;0;0;0;0;0;0;0;1;0;0;0;0;0;0;0;0;0;0;1;0;0;0;0;0;0;0;0;0;0;0;1;0;0
112;"Narodowy Instytut Onkologii im. Marii Skłodowskiej-Curie. Państwowy Instytut Badawczy Oddział w Gliwicach, ul. Wybrzeże Armii Krajowej 15, 44-100 Gliwice";246601;"m. Gliwice";"Gliwice";"śląskie";1;1;0;0;0;0;0;0;0;0;0;1;0;0;0;0;0;0;0;9;2;1;1;0;1;1;1;0;0;0;0;0;0;0;0;0;0;4;2;2;0;0;0;0;1;0;0;0;0;0;0;0;1;0;0;19;7;4;6;1;3;4;1;5;2;1;0;0;1;0;0;0;1;3;0;0;0;0;0;0;0;0;1;0;0;0;0;0;0;0;0;32;8;5;3;0;4;0;0;0;2;0;1;0;1;0;0;1;0;0;0;0;0;0;0;0;0;0;0;0;0;0;0;0
113;"Dom Pomocy Społecznej ""OPOKA"", ul. Pszczyńska 100, 44-100 Gliwice";246601;"m. Gliwice";"Gliwice";"śląskie";1;1;0;0;0;0;0;0;1;0;0;1;0;0;0;0;0;0;1;1;0;0;0;0;0;0;0;1;0;0;0;0;0;0;0;0;0;0;1;0;0;1;0;0;0;0;0;0;0;1;0;0;0;0;0;1;2;1;1;1;1;0;0;0;0;0;0;0;1;0;0;0;0;1;0;0;0;0;0;0;0;0;0;0;0;0;0;0;0;0;0;0;0;0;0;0;0;0;0;0;0;0;0;0;0;0;0;0;0;0;0;0;0;0;0;0;0;0;0;0;0;0;0;0
114;"Dom Pomocy Społecznej ""NASZ DOM"", ul. Derkacza 10, 44-122 Gliwice";246601;"m. Gliwice";"Gliwice";"śląskie";1;1;2;0;0;1;0;1;0;0;0;0;0;0;0;0;0;0;0;0;2;0;0;0;0;0;0;0;0;0;0;1;0;0;1;0;0;0;1;0;0;0;0;0;0;0;1;0;0;0;0;0;0;0;0;8;10;0;2;1;2;0;0;1;0;0;0;0;0;0;1;0;1;1;0;0;0;0;0;0;0;0;0;0;0;0;0;0;0;0;0;2;1;0;1;3;0;0;0;0;0;0;0;0;0;0;0;0;0;0;0;0;0;0;0;1;0;0;0;0;0;0;0;0
115;"Hospicjum Miłosierdzia Bożego w Gliwicach, ul. Ignacego Daszyńskiego 29, 44-100 Gliwice";246601;"m. Gliwice";"Gliwice";"śląskie";1;1;0;0;0;0;0;0;0;0;0;0;0;0;0;0;0;0;0;0;0;0;0;0;0;0;0;0;0;0;0;0;0;0;0;0;0;0;0;0;0;0;0;0;0;0;0;0;0;0;0;0;0;0;1;0;0;0;0;0;1;0;0;0;0;0;0;0;0;0;0;1;1;0;0;0;0;0;0;0;0;0;0;0;0;0;0;0;0;0;0;0;0;1;1;0;1;0;0;0;0;0;0;0;0;0;0;0;0;0;0;0;0;0;0;0;0;0;0;0;0;0;0;0
116;"""NAZARET"" Dom Pomocy Społecznej Zgromadzenia Sióstr Służebniczek NMP, ul. Odrowążów 124, 44-103 Gliwice";246601;"m. Gliwice";"Gliwice";"śląskie";1;1;0;0;0;0;0;0;0;0;0;0;0;0;1;0;0;0;0;1;0;0;0;0;0;0;0;0;0;0;0;0;0;0;0;0;0;0;0;0;0;0;0;0;0;0;0;0;0;0;0;0;0;0;0;2;8;0;0;0;0;2;0;1;1;0;0;0;0;1;0;0;3;0;0;1;0;0;0;0;0;0;0;0;0;0;0;0;0;0;0;2;0;0;0;1;0;0;0;0;0;0;0;0;0;0;0;0;0;3;0;0;0;0;0;0;0;1;0;0;0;0;0;0
117;"Areszt Śledczy w Gliwicach, ul. o. Jana Siemińskiego 10, 44-100 Gliwice";246601;"m. Gliwice";"Gliwice";"śląskie";1;1;4;0;2;0;0;0;0;0;0;0;1;0;0;0;1;1;0;12;4;3;4;2;1;1;1;2;1;0;1;0;0;0;0;0;0;7;3;1;0;1;0;0;0;1;1;0;0;0;0;0;0;0;0;13;5;3;1;2;0;1;1;3;4;1;0;3;0;2;0;2;0;6;3;1;0;1;2;0;1;0;1;0;0;0;1;0;0;0;0;75;12;2;3;3;3;4;0;3;5;5;2;1;0;0;5;3;1;4;1;0;1;1;0;0;0;0;0;0;0;0;0;0
118;"Ośrodek pw. św. Józefa w Gliwicach, ul. Zygmunta Starego 19, 44-100 Gliwice";246601;"m. Gliwice";"Gliwice";"śląskie";1;1;2;0;0;0;1;0;0;0;0;1;0;0;0;0;0;1;0;0;0;0;0;0;0;0;0;0;0;0;0;0;0;0;0;0;0;0;1;0;0;0;0;0;0;0;0;0;0;0;0;2;0;0;0;4;2;2;2;1;0;0;1;0;2;0;2;2;0;0;0;0;2;0;0;0;0;0;0;0;0;0;0;0;0;0;0;0;0;0;0;0;1;1;0;0;0;0;0;0;0;0;0;0;0;0;0;1;1;0;0;0;0;0;0;0;0;0;0;0;0;0;0;0
119;"Ośrodek pw. św. Józefa w Gliwicach, ul. Klasztorna 1, 44-109 Gliwice";246601;"m. Gliwice";"Gliwice";"śląskie";1;1;0;0;0;0;0;0;0;0;0;0;0;0;0;0;0;0;0;0;0;0;0;0;0;0;0;0;1;0;0;0;0;0;0;0;0;0;0;0;0;0;0;0;0;0;0;0;0;0;0;0;1;0;0;1;0;0;1;0;0;1;0;1;0;0;0;0;0;0;0;0;0;0;0;0;0;0;0;0;0;0;0;0;0;0;0;0;0;0;0;0;0;0;0;1;0;0;0;0;0;0;0;0;0;0;0;0;0;0;0;0;0;0;0;0;0;0;0;0;0;0;0;0
1;"Szkoła Podstawowa Nr 30, ul. Ludwiki Wawrzyńskiej 11, 41-813 Zabrze";247801;"m. Zabrze";"Zabrze";"śląskie";1;1;5;1;2;3;0;0;0;0;0;2;2;0;1;0;2;0;2;34;5;21;3;2;0;6;3;1;5;1;0;0;3;5;1;4;2;17;13;4;2;0;3;3;2;0;0;5;2;0;0;0;0;0;0;58;43;7;7;21;13;5;15;9;10;2;4;2;2;5;3;5;7;37;5;2;0;17;0;3;1;0;2;1;1;1;0;0;0;0;1;64;23;26;1;3;104;2;1;4;2;1;2;3;1;12;4;0;8;7;3;2;0;1;0;0;0;1;0;0;1;1;0;0
2;"Szkoła Podstawowa Nr 30, ul. Ludwiki Wawrzyńskiej 11, 41-813 Zabrze";247801;"m. Zabrze";"Zabrze";"śląskie";1;1;3;5;2;1;0;0;1;1;0;2;0;1;0;0;0;0;3;42;8;13;3;2;6;3;3;7;2;3;1;3;6;7;2;2;2;38;23;5;3;4;1;0;3;2;0;3;0;0;0;1;1;0;0;65;36;15;12;17;18;7;8;3;8;2;2;1;2;7;1;6;3;30;8;2;2;14;0;2;1;1;5;4;0;0;0;1;2;0;1;83;17;31;3;7;131;4;2;2;2;0;1;0;1;8;1;2;3;6;2;0;0;1;1;0;0;1;0;0;1;0;0;0
3;"Salezjański Zespół Szkół Publicznych im. Św. Dominika Savio, ul. płk. Franciszka Niepokólczyckiego 31, 41-813 Zabrze";247801;"m. Zabrze";"Zabrze";"śląskie";1;1;3;1;2;3;2;0;0;0;0;1;0;1;1;0;0;2;0;26;3;11;4;3;1;5;0;3;1;1;0;1;4;1;1;2;2;18;9;0;3;1;1;1;0;1;0;7;1;0;0;2;1;1;0;53;17;6;11;21;6;4;6;5;5;1;0;0;3;0;2;3;0;19;5;0;2;5;0;1;0;0;2;1;0;1;0;1;1;0;2;36;15;21;3;3;69;3;1;2;1;1;1;0;1;2;1;0;6;7;1;0;0;0;0;0;0;2;0;0;0;2;1;0
4;"Szkoła Podstawowa Nr 33 im. Henryka Jordana, ul. Ludwika Zamenhofa 56, 41-813 Zabrze";247801;"m. Zabrze";"Zabrze";"śląskie";1;1;4;2;2;3;0;1;1;1;1;2;1;0;0;0;0;0;3;45;11;18;3;4;2;9;2;8;3;1;1;1;15;4;1;6;1;39;22;8;1;4;2;0;2;1;2;6;2;0;0;0;0;0;1;82;31;16;14;34;23;4;13;4;15;3;4;0;1;0;2;5;1;24;6;2;4;7;2;1;0;1;3;0;0;1;2;0;2;0;0;76;33;42;5;4;105;3;0;3;8;3;3;5;2;7;2;1;18;5;1;2;0;0;0;0;0;1;0;0;0;1;0;0
5;"Szkoła Podstawowa Nr 33 im. Henryka Jordana, ul. Ludwika Zamenhofa 56, 41-813 Zabrze";247801;"m. Zabrze";"Zabrze";"śląskie";1;1;3;2;0;0;0;2;3;1;0;1;0;0;0;2;2;1;3;41;20;26;4;3;2;8;2;5;2;1;3;2;10;5;0;0;3;47;27;9;3;1;2;0;0;4;0;4;2;2;1;0;1;3;3;105;57;20;13;32;28;4;32;7;21;2;1;1;0;1;3;7;4;33;6;2;3;10;3;0;0;1;6;0;1;2;0;0;0;0;3;132;40;45;5;4;123;3;0;2;7;1;5;3;1;17;3;1;20;6;3;1;0;1;1;0;1;0;1;0;0;0;0;0
6;"Szkoła Podstawowa Nr 31, ul. dr. Henryka Jordana 7, 41-808 Zabrze";247801;"m. Zabrze";"Zabrze";"śląskie";1;1;11;1;0;1;1;1;2;0;1;5;1;0;0;0;0;0;1;39;16;14;5;1;7;9;2;3;1;3;2;0;6;9;1;4;2;45;20;2;3;0;1;0;2;1;0;4;0;0;0;0;1;1;1;94;46;16;16;11;27;7;25;3;17;4;5;1;0;1;5;2;4;40;7;2;4;10;2;1;0;1;3;0;1;0;2;0;2;0;0;72;21;29;12;3;154;4;1;2;1;2;3;2;2;7;2;1;5;14;5;0;1;2;0;0;0;0;0;0;0;1;0;0
7;"Szkoła Podstawowa Nr 28 im. Miłośników Rokitnicy, ul. Ireny Kosmowskiej 43, 41-808 Zabrze";247801;"m. Zabrze";"Zabrze";"śląskie";1;1;7;1;0;2;0;1;0;1;1;1;0;0;0;1;0;1;0;25;8;14;3;1;1;2;1;3;2;1;0;1;0;4;2;7;3;18;8;2;2;1;0;0;1;0;0;4;0;0;0;0;0;0;0;60;38;7;12;6;9;3;20;4;5;0;3;0;1;2;2;4;1;25;2;3;2;9;1;1;0;1;2;1;0;0;4;0;0;0;2;36;8;14;7;2;109;0;0;0;1;1;0;0;0;2;2;2;6;5;1;4;3;1;0;0;0;0;0;0;0;0;0;0
8;"IV Liceum Ogólnokształcące im. Mikołaja Reja, ul. gen. Władysława Andersa 64, 41-808 Zabrze";247801;"m. Zabrze";"Zabrze";"śląskie";1;1;6;3;1;1;2;2;0;2;1;3;2;1;0;0;0;2;1;73;19;21;7;2;7;9;4;4;0;1;4;3;7;16;4;3;5;57;32;7;5;3;6;0;5;0;0;8;1;1;0;2;4;0;5;145;66;36;19;8;25;7;31;8;11;5;10;2;4;3;2;4;6;54;6;3;5;16;3;1;1;1;10;3;0;1;4;2;1;0;2;134;49;35;7;6;267;3;5;1;4;1;5;2;2;10;1;0;11;10;1;4;2;0;1;0;0;2;2;0;1;0;1;0
9;"Szkoła Podstawowa Nr 29, ul. Budowlana 26, 41-808 Zabrze";247801;"m. Zabrze";"Zabrze";"śląskie";1;1;10;1;3;1;0;0;1;0;0;2;0;1;0;0;0;0;0;40;14;9;1;6;5;10;5;6;4;2;1;5;6;5;4;1;1;50;30;7;3;3;2;0;0;3;0;3;0;3;0;1;2;1;2;89;55;23;15;16;20;1;27;10;11;3;4;0;5;1;11;7;8;28;10;5;2;15;1;1;0;1;2;2;0;3;1;0;3;1;2;75;20;23;0;3;179;2;0;0;1;0;2;0;1;12;0;1;7;15;0;1;0;0;0;1;0;0;1;0;1;0;1;0
10;"Szkoła Podstawowa Nr 29, ul. Budowlana 26, 41-808 Zabrze";247801;"m. Zabrze";"Zabrze";"śląskie";1;1;5;1;0;2;1;1;3;0;0;4;0;0;2;0;0;0;3;41;8;8;5;4;2;6;7;2;2;1;4;2;5;10;3;8;2;41;29;7;2;1;3;1;1;0;1;1;1;2;0;0;1;4;1;100;46;39;18;19;20;5;18;13;9;2;2;2;2;4;7;5;8;29;9;3;2;14;1;1;0;0;3;0;2;1;0;1;0;0;1;54;24;28;5;2;217;7;3;3;0;2;1;3;3;8;3;2;5;5;1;2;2;3;1;1;0;1;0;1;0;0;0;0
11;"Szkoła Podstawowa Nr 28 im. Miłośników Rokitnicy, ul. Ireny Kosmowskiej 43, 41-808 Zabrze";247801;"m. Zabrze";"Zabrze";"śląskie";1;1;1;0;1;3;0;2;1;0;1;2;0;0;0;0;1;0;1;22;6;11;3;3;2;4;1;2;4;1;1;1;2;6;4;0;1;36;15;14;2;4;2;0;2;1;1;2;4;0;1;1;1;3;2;123;58;21;18;18;18;11;15;16;19;1;2;4;6;0;3;3;0;28;4;5;3;12;1;0;3;0;4;1;1;0;1;3;1;1;2;37;16;10;4;1;175;1;0;0;2;0;3;1;1;2;2;3;6;7;2;0;2;0;1;0;1;0;0;0;0;0;0;1
12;"Zespół Szkolno-Przedszkolny Nr 8, ul. ks. Jerzego Badestinusa 30, 41-814 Zabrze";247801;"m. Zabrze";"Zabrze";"śląskie";1;1;5;1;2;3;1;0;1;3;0;2;0;0;0;1;0;1;3;64;44;15;6;4;8;15;4;10;5;1;7;2;5;8;3;2;0;41;25;7;1;1;2;1;0;3;2;2;4;1;0;0;5;2;3;168;112;23;11;4;24;11;23;13;16;0;4;1;4;3;2;2;7;34;11;2;3;17;1;7;1;1;13;0;2;2;3;1;3;1;1;139;112;71;7;9;134;8;2;1;1;2;0;3;5;18;1;2;7;14;5;2;2;1;0;1;1;1;0;1;1;7;0;0
13;"Szkoła Podstawowa Nr 24 im. Norberta Kroczka, ul. Tarnopolska 85, 41-807 Zabrze";247801;"m. Zabrze";"Zabrze";"śląskie";1;1;6;1;0;8;1;1;1;0;0;3;0;0;0;0;1;1;2;58;23;18;0;6;4;9;1;6;3;2;2;3;7;23;2;1;0;62;31;4;2;3;1;0;2;2;2;1;1;0;0;2;0;3;0;120;58;32;20;16;39;8;22;10;17;1;1;1;2;6;2;4;3;42;8;2;3;13;1;2;1;1;3;1;2;0;2;0;0;0;0;120;39;23;8;8;144;2;2;2;4;6;7;7;1;38;1;3;16;0;2;3;0;0;0;2;1;1;0;0;1;2;0;0
14;"Zespół Szkół Nr 10 im. prof. Janusza Groszkowskiego, ul. Fryderyka Chopina 26, 41-807 Zabrze";247801;"m. Zabrze";"Zabrze";"śląskie";1;1;3;3;2;1;3;1;1;0;1;3;1;0;0;0;0;1;1;47;22;14;9;0;0;5;0;2;3;1;2;1;6;13;6;0;0;30;17;3;0;1;0;0;4;2;0;8;0;2;0;0;0;1;4;86;36;21;17;13;21;13;25;16;16;1;0;2;3;3;0;6;5;31;9;5;4;4;0;0;1;0;5;1;0;0;1;2;2;0;3;61;17;35;2;0;87;0;1;1;0;0;1;5;4;10;0;1;9;11;0;0;1;1;0;0;0;4;1;0;0;0;1;1
15;"Zespół Szkół Nr 10 im. prof. Janusza Groszkowskiego, ul. Fryderyka Chopina 26, 41-807 Zabrze";247801;"m. Zabrze";"Zabrze";"śląskie";1;1;10;4;1;4;1;0;3;0;1;1;0;0;1;0;1;2;3;31;23;12;2;3;2;10;1;4;1;2;5;1;3;10;3;1;1;24;18;2;4;1;3;1;2;1;1;2;3;0;0;1;1;2;0;98;58;15;19;21;18;14;38;6;11;2;4;0;7;1;2;4;8;32;10;3;1;11;2;0;1;3;2;1;0;0;0;0;2;0;1;71;39;35;3;5;111;2;1;0;3;6;2;1;6;16;3;2;7;7;1;0;0;2;0;2;2;2;0;0;0;0;0;1
16;"Zespół Szkół Nr 10 im. prof. Janusza Groszkowskiego, ul. Fryderyka Chopina 26, 41-807 Zabrze";247801;"m. Zabrze";"Zabrze";"śląskie";1;1;9;1;0;2;0;1;0;0;0;1;0;1;1;0;0;2;1;26;11;8;3;3;1;8;0;6;0;1;3;1;4;11;0;1;6;24;11;1;1;1;0;0;1;1;0;1;0;0;0;0;0;2;0;65;26;11;9;4;5;5;27;2;4;0;2;3;0;2;1;0;4;30;6;0;1;20;0;1;1;0;4;1;1;1;0;5;2;0;2;48;20;26;3;5;60;2;2;0;3;3;3;0;4;9;2;1;2;5;3;1;0;2;0;0;0;0;0;0;0;0;0;0
17;"Szkoła Podstawowa Nr 26 im. ""Rodła"", ul. Stanisława Ogórka 9, 41-807 Zabrze";247801;"m. Zabrze";"Zabrze";"śląskie";1;1;11;0;1;2;1;3;2;3;0;2;0;1;0;1;0;2;3;54;34;21;1;6;4;15;3;6;2;3;3;1;4;6;3;2;3;38;34;8;2;1;2;0;2;2;0;5;1;0;0;1;0;1;1;106;46;13;24;23;13;10;50;3;9;5;4;1;5;2;0;18;3;59;14;2;1;13;1;5;1;2;6;0;2;1;2;0;4;0;3;113;83;53;11;11;129;3;0;6;5;5;0;7;2;29;1;1;11;6;2;6;1;0;0;0;1;0;0;0;0;2;1;0
18;"Zespół Szkół Katolickich im. Ks. Jana Twardowskiego, ul. Tarnopolska 3, 41-807 Zabrze";247801;"m. Zabrze";"Zabrze";"śląskie";1;1;4;1;1;2;1;2;1;0;0;5;0;1;0;0;1;0;0;44;23;17;2;4;6;11;3;5;1;0;0;1;7;12;0;2;0;38;23;5;6;1;0;0;0;4;3;1;3;1;0;0;2;0;1;80;44;9;13;7;10;12;29;7;3;3;2;1;2;0;3;6;2;33;4;3;3;16;1;2;2;0;3;0;1;0;0;3;2;0;1;122;44;42;7;6;118;2;2;5;2;0;1;5;2;9;1;1;11;9;4;0;4;0;0;0;1;0;0;0;1;0;0;1
19;"Rada Dzielnicy os. Młodego Górnika, ul. Młodego Górnika 2C, 41-808 Zabrze";247801;"m. Zabrze";"Zabrze";"śląskie";1;1;5;0;1;1;0;1;1;1;0;2;1;0;0;0;2;0;0;17;12;3;0;0;1;1;3;1;2;0;0;1;2;3;2;0;0;32;13;2;2;4;0;1;1;2;0;4;2;1;0;0;0;1;2;48;45;6;6;7;8;5;9;6;7;1;2;1;1;0;3;12;2;21;2;0;0;10;1;2;0;0;3;0;1;0;2;0;2;0;1;54;15;15;3;1;41;4;0;6;1;5;0;1;0;3;0;0;2;2;2;2;1;0;0;0;0;2;0;0;1;0;0;0
20;"Szkoła Podstawowa z Oddziałami Integracyjnymi Nr 42 im. Mikołaja Kopernika, ul. Jurija Gagarina 2, 41-818 Zabrze";247801;"m. Zabrze";"Zabrze";"śląskie";1;1;4;2;4;2;2;2;1;1;0;3;2;1;2;0;1;1;2;62;16;18;0;5;5;26;3;1;3;2;0;2;6;14;1;0;0;46;39;7;1;2;0;0;1;0;0;4;0;1;0;0;0;1;2;145;62;27;18;19;34;12;42;8;13;3;3;1;5;6;1;9;1;35;15;1;1;16;0;1;2;2;2;3;1;0;1;1;2;0;0;140;93;58;8;13;127;4;1;2;4;2;8;7;1;20;1;2;5;16;3;6;2;1;0;1;1;3;0;1;1;0;0;0
21;"Szkoła Podstawowa z Oddziałami Integracyjnymi Nr 42 im. Mikołaja Kopernika, ul. Jurija Gagarina 2, 41-818 Zabrze";247801;"m. Zabrze";"Zabrze";"śląskie";1;1;14;6;0;1;1;1;1;2;0;4;1;1;0;0;0;1;2;89;13;35;3;5;2;24;6;12;3;2;5;0;9;16;2;1;2;56;26;10;5;7;2;0;3;4;0;6;1;0;1;1;0;1;5;126;59;28;22;22;17;15;55;6;12;2;7;0;8;7;8;9;8;49;13;5;2;23;0;2;1;1;4;4;0;1;3;1;0;1;0;193;138;64;6;7;149;10;1;7;4;4;1;16;3;63;5;2;11;7;3;7;1;1;0;1;0;1;0;0;0;0;0;0
22;"Szkoła Podstawowa Nr 23 im. Tadeusza Kościuszki, ul. Johanna Pestalozziego 16, 41-819 Zabrze";247801;"m. Zabrze";"Zabrze";"śląskie";1;1;2;0;0;2;1;0;0;0;1;0;0;0;0;1;0;0;0;40;6;4;3;1;3;8;0;0;0;1;4;2;1;4;1;0;0;28;14;10;2;1;0;0;0;2;0;0;0;0;0;1;2;1;1;49;34;13;12;5;14;12;21;5;7;2;3;3;0;2;0;4;2;24;9;0;1;4;0;0;0;2;0;0;0;0;0;1;0;0;0;91;38;27;4;5;53;3;0;3;1;1;1;3;3;17;0;0;3;7;1;0;1;1;0;1;0;0;0;0;0;1;0;0
23;"Szkoła Podstawowa Nr 23 im. Tadeusza Kościuszki, ul. Johanna Pestalozziego 16, 41-819 Zabrze";247801;"m. Zabrze";"Zabrze";"śląskie";1;1;7;1;2;3;1;0;1;1;0;0;0;0;0;1;1;1;2;90;4;14;9;5;1;9;0;5;2;2;0;3;0;6;2;0;3;58;35;12;3;4;1;2;2;2;0;1;3;0;0;1;2;3;3;74;76;18;11;4;10;11;20;1;8;2;3;0;2;0;3;4;2;47;5;4;3;15;0;2;0;0;1;5;0;0;0;0;0;0;0;140;102;62;6;10;68;5;2;6;3;0;1;7;5;10;3;1;11;13;3;1;1;1;0;1;1;0;0;0;0;0;0;0
24;"Szkoła Podstawowa Nr 7 im. Stanisława Wyspiańskiego, ul. Pokoju 41, 41-800 Zabrze";247801;"m. Zabrze";"Zabrze";"śląskie";1;1;8;2;2;5;0;0;0;1;1;4;2;0;1;0;2;1;1;68;23;23;7;6;0;16;4;5;3;1;3;1;1;24;1;1;1;76;29;9;2;3;2;0;3;1;0;2;1;2;1;0;1;2;4;100;59;24;8;12;19;12;27;2;10;8;1;3;2;2;5;12;3;42;6;12;1;13;1;3;1;2;3;2;2;1;0;1;0;1;0;177;95;65;8;16;126;7;2;0;2;2;2;7;4;11;9;3;13;10;1;5;1;0;0;1;3;1;0;0;2;0;0;0
25;"Szkoła Podstawowa Nr 7 im. Stanisława Wyspiańskiego, ul. Pokoju 41, 41-800 Zabrze";247801;"m. Zabrze";"Zabrze";"śląskie";1;1;4;1;1;3;2;0;0;0;0;1;1;0;0;0;1;3;0;77;8;17;3;4;6;20;4;8;5;1;4;3;4;15;2;0;3;50;33;4;3;4;1;0;6;2;0;2;0;1;1;0;4;1;1;103;79;35;17;7;14;10;27;5;9;3;2;2;6;3;7;9;5;41;13;1;4;15;0;1;1;4;1;1;3;1;0;2;0;1;1;163;86;53;5;11;102;5;1;2;1;5;1;6;1;18;1;4;10;8;3;5;0;0;0;0;0;1;0;0;0;0;0;0
26;"Szkoła Podstawowa Nr 7 im. Stanisława Wyspiańskiego, ul. Pokoju 41, 41-800 Zabrze";247801;"m. Zabrze";"Zabrze";"śląskie";1;1;0;1;3;2;1;1;1;0;1;2;0;1;2;0;2;0;0;42;18;14;3;3;5;14;3;5;3;5;7;1;2;15;0;0;0;41;28;11;6;2;0;1;4;3;1;6;2;0;1;3;1;7;1;90;73;15;9;5;19;13;30;4;7;2;1;1;2;2;3;8;3;29;4;1;0;9;2;0;0;0;1;1;1;0;0;0;4;2;1;132;50;47;9;11;102;2;4;2;6;2;4;5;6;25;3;3;11;15;2;0;0;1;1;2;1;2;0;1;0;1;0;0
27;"Przedszkole Nr 7, ul. Wolności 215A, 41-800 Zabrze";247801;"m. Zabrze";"Zabrze";"śląskie";1;1;3;0;0;3;0;0;3;0;1;1;0;1;0;0;1;1;0;19;3;12;2;3;0;6;1;4;2;3;1;0;3;6;0;0;0;36;23;2;1;0;2;1;1;1;1;1;2;1;1;2;1;1;0;55;41;15;7;8;15;9;15;6;8;1;3;2;2;2;1;8;3;29;3;5;0;9;0;0;2;0;2;1;2;0;1;0;0;1;0;67;34;17;1;7;68;3;1;5;4;1;1;2;2;18;1;5;4;3;2;2;0;0;0;0;1;1;1;2;0;0;0;0
28;"Szkoła Podstawowa Nr 25 im. Jana Pawła II, ul. prof. Tadeusza Kotarbińskiego 18, 41-819 Zabrze";247801;"m. Zabrze";"Zabrze";"śląskie";1;1;5;1;2;2;2;0;0;0;0;2;1;0;0;1;1;0;3;64;7;12;10;3;7;9;3;7;1;1;4;3;6;14;2;1;2;73;37;13;5;4;0;1;3;2;0;2;0;1;1;1;1;0;0;134;75;24;18;10;25;15;28;4;12;2;4;0;5;2;4;12;7;32;2;3;4;10;1;1;2;2;2;1;1;0;2;1;1;2;0;172;69;52;10;6;109;5;2;7;2;3;4;3;1;46;8;2;14;6;0;2;0;0;0;0;1;2;0;0;0;0;0;1
29;"Szkoła Podstawowa Nr 25 im. Jana Pawła II, ul. prof. Tadeusza Kotarbińskiego 18, 41-819 Zabrze";247801;"m. Zabrze";"Zabrze";"śląskie";1;1;3;2;0;2;0;1;0;0;0;0;0;0;0;0;0;0;1;54;6;9;2;4;0;13;2;8;3;0;0;0;1;9;1;1;1;45;23;6;3;4;0;1;3;3;1;0;2;1;0;2;1;0;1;88;58;10;16;6;17;6;19;3;15;0;3;2;1;0;1;3;2;25;5;4;2;6;0;1;1;1;3;1;1;0;0;1;0;0;1;111;66;48;3;6;58;6;3;2;1;4;3;6;2;32;3;0;5;2;0;2;0;1;0;0;1;1;0;0;1;0;0;0
30;"Zespół Szkół Spożywczych im. Dr. Bronisława Hagera, ul. Franciszkańska 13, 41-819 Zabrze";247801;"m. Zabrze";"Zabrze";"śląskie";1;1;9;5;4;4;2;1;1;1;1;2;0;0;1;1;0;3;2;82;18;20;7;4;3;27;4;5;1;4;5;5;5;13;4;2;2;67;40;9;5;4;1;2;0;4;1;5;0;2;0;0;2;2;3;116;78;23;23;21;27;9;32;7;13;1;5;0;5;4;1;6;4;47;12;5;1;12;0;3;1;2;4;4;2;1;1;0;3;3;0;160;58;66;4;17;112;9;0;3;10;8;4;13;3;39;1;3;13;19;2;1;0;0;0;1;3;1;0;0;0;0;0;1
31;"Szkoła Podstawowa z Oddziałami Integracyjnymi Nr 14 im. Adama Mickiewicza, ul. Gdańska 10, 41-800 Zabrze";247801;"m. Zabrze";"Zabrze";"śląskie";1;1;9;1;2;1;2;1;2;1;3;2;1;0;1;2;0;1;1;63;16;27;6;5;1;23;2;6;0;0;2;5;1;11;1;0;2;59;31;11;4;2;2;3;3;2;0;4;0;1;0;0;4;0;4;117;80;24;23;13;23;12;36;2;10;0;0;2;2;5;2;12;4;33;8;7;1;32;2;1;2;0;5;1;0;0;0;0;0;1;2;144;80;53;5;8;131;2;5;3;1;2;2;17;2;13;3;0;15;7;2;1;1;0;0;1;2;1;0;0;0;1;0;1
32;"Przedszkole Nr 25, ul. Cieszyńska 33, 41-800 Zabrze";247801;"m. Zabrze";"Zabrze";"śląskie";1;1;9;1;1;7;2;1;2;0;0;4;0;0;2;0;1;2;2;55;6;22;8;8;3;15;6;4;2;5;3;4;5;15;0;2;0;67;30;6;2;1;1;1;6;4;0;2;0;0;0;1;1;5;1;124;72;21;22;23;32;11;28;9;7;0;2;4;7;2;2;2;6;32;5;0;1;23;1;1;0;2;2;1;1;2;1;0;0;0;1;155;57;40;7;11;136;2;4;6;1;6;1;35;1;9;1;4;9;10;4;4;1;1;0;1;0;2;0;1;0;0;0;0
33;"Szkoła Podstawowa z Oddziałami Integracyjnymi Nr 14 im. Adama Mickiewicza, ul. Gdańska 10, 41-800 Zabrze";247801;"m. Zabrze";"Zabrze";"śląskie";1;1;1;1;1;1;0;0;1;0;1;3;0;0;0;0;0;0;1;31;4;6;2;2;3;8;3;3;1;2;0;0;1;7;2;2;1;40;22;3;3;2;4;1;4;0;0;3;2;0;1;0;0;1;1;79;40;12;10;11;19;9;16;7;6;0;1;0;4;2;0;2;2;20;5;0;0;10;0;1;1;0;1;1;0;0;0;1;1;1;1;72;27;24;1;8;70;0;4;1;0;4;3;12;1;9;2;0;8;2;1;1;0;0;0;1;2;0;0;1;0;0;0;0
34;"Przedszkole Nr 25, ul. Cieszyńska 33, 41-800 Zabrze";247801;"m. Zabrze";"Zabrze";"śląskie";1;1;6;0;1;3;1;0;7;3;0;4;0;1;1;0;1;0;2;41;16;14;3;6;7;11;4;2;0;1;4;6;1;16;2;0;1;44;27;4;2;3;2;0;9;6;0;5;2;3;0;1;2;1;1;114;88;27;13;15;15;25;45;12;7;0;2;5;4;3;0;9;5;45;15;4;0;28;3;4;2;6;3;2;0;0;0;3;2;1;1;83;29;46;2;11;115;2;2;3;2;0;0;7;2;14;7;1;7;5;1;3;0;0;0;0;0;0;2;0;0;0;1;0
35;"Zespół Szkół Ekonomiczno-Usługowych, pl. Plac Romualda Traugutta 1, 41-800 Zabrze";247801;"m. Zabrze";"Zabrze";"śląskie";1;1;3;2;2;1;0;0;0;1;0;4;0;0;0;1;0;0;1;19;3;3;3;2;2;5;4;1;2;0;1;0;1;4;1;0;0;31;16;9;2;0;1;0;2;2;2;2;0;1;0;0;1;0;2;44;39;11;6;2;7;9;13;1;5;1;1;1;1;0;2;3;2;21;3;2;0;5;2;0;0;4;4;0;0;0;1;1;1;0;2;53;22;15;2;2;67;3;0;3;1;0;2;3;1;8;1;0;5;2;1;1;0;2;1;0;0;2;0;0;0;2;0;0
36;"Zespół Szkół Ekonomiczno-Usługowych, pl. Plac Romualda Traugutta 1, 41-800 Zabrze";247801;"m. Zabrze";"Zabrze";"śląskie";1;1;2;2;2;4;0;1;0;0;0;1;0;0;0;0;0;0;1;32;5;5;2;3;1;4;2;1;0;0;0;3;3;10;1;4;1;41;18;5;1;1;0;0;2;3;0;2;3;1;0;0;1;0;1;47;37;25;5;7;8;11;23;1;0;1;0;0;3;1;1;9;4;30;3;2;1;14;3;1;3;2;2;1;0;1;0;0;1;0;3;77;27;31;6;7;72;3;2;0;0;2;0;3;3;8;1;2;9;7;0;0;0;0;0;1;2;0;1;0;1;0;0;0
37;"Szkoła Podstawowa z Oddziałami Integracyjnymi Nr 8 im. Janusza Korczaka, ul. ks. Józefa Wajdy 7, 41-800 Zabrze";247801;"m. Zabrze";"Zabrze";"śląskie";1;1;8;1;1;1;1;2;0;0;0;3;0;0;0;0;1;0;2;48;8;12;1;1;0;19;8;2;1;2;2;0;4;17;2;0;3;75;30;7;4;3;2;0;0;1;2;7;2;2;1;0;1;0;2;136;73;20;19;7;22;11;33;4;11;3;2;2;3;5;2;11;11;35;11;1;4;7;1;0;0;0;1;0;1;1;0;0;0;0;2;170;53;44;7;6;132;2;2;3;4;5;0;1;4;27;3;8;6;8;1;6;0;0;1;0;4;1;0;0;0;0;1;1
38;"Szkoła Podstawowa Nr 20 im. Polskich Himalaistów, ul. Jana Kasprowicza 7, 41-803 Zabrze";247801;"m. Zabrze";"Zabrze";"śląskie";1;1;8;4;2;3;0;0;2;2;1;3;0;1;0;0;0;2;0;26;5;5;3;4;0;1;1;3;1;0;0;2;5;8;0;2;0;28;13;0;0;2;1;0;0;4;0;8;2;0;0;1;3;0;3;60;32;3;9;7;14;4;12;5;2;1;3;2;2;0;2;59;0;23;3;3;5;13;2;2;3;2;0;0;0;2;1;0;2;2;1;68;27;24;3;3;74;6;1;1;0;3;0;1;1;12;1;3;4;7;0;1;0;3;1;0;1;0;0;0;0;1;0;1
39;"Szkoła Podstawowa Nr 21 im. Jurija Gagarina, ul. Bytomska 26, 41-803 Zabrze";247801;"m. Zabrze";"Zabrze";"śląskie";1;1;10;0;4;3;0;0;2;0;0;1;2;0;0;0;0;1;0;28;10;9;9;0;1;13;1;0;1;2;1;4;0;6;0;0;1;38;14;6;3;0;2;2;2;1;1;8;1;1;0;2;1;0;0;60;38;8;10;4;20;6;9;7;5;0;0;1;4;3;0;50;2;40;6;1;0;11;3;2;0;0;0;1;0;0;2;1;0;0;1;55;22;13;1;3;78;2;5;0;4;3;0;5;1;5;4;2;3;5;5;3;0;0;0;1;0;2;0;0;0;0;1;0
40;"Szkoła Podstawowa Nr 21 im. Jurija Gagarina, ul. Bytomska 26, 41-803 Zabrze";247801;"m. Zabrze";"Zabrze";"śląskie";1;1;3;1;2;2;2;2;3;0;0;2;0;0;0;0;0;1;2;30;7;18;8;1;3;6;4;3;6;0;3;3;0;12;2;0;1;52;22;4;5;2;1;0;0;2;1;11;0;1;0;1;0;0;2;84;32;23;22;12;18;12;23;11;7;1;3;0;4;3;3;63;5;27;6;1;6;13;0;3;0;1;5;2;0;0;0;2;1;3;1;115;39;26;7;9;103;5;0;0;2;4;2;2;1;5;4;1;13;8;4;1;1;0;0;0;0;1;0;0;0;0;0;0
41;"Szkoła Podstawowa Specjalna Nr 40, ul. Bytomska 94, 41-803 Zabrze";247801;"m. Zabrze";"Zabrze";"śląskie";1;1;3;0;1;1;0;0;2;0;0;3;0;2;0;0;3;1;3;36;2;10;5;2;1;2;0;3;2;0;0;0;2;4;4;1;2;18;17;6;0;2;0;0;1;4;1;10;2;1;0;1;0;2;3;66;35;21;15;5;14;9;12;8;9;2;8;1;3;1;1;29;2;26;4;5;3;12;4;1;1;1;2;1;0;1;1;0;0;0;1;60;22;20;3;5;78;7;1;0;0;1;2;1;1;7;1;1;6;4;1;2;0;1;0;0;0;1;0;0;0;0;0;0
42;"Szkoła Podstawowa Specjalna Nr 40, ul. Bytomska 94, 41-803 Zabrze";247801;"m. Zabrze";"Zabrze";"śląskie";1;1;1;0;0;3;1;0;3;0;0;0;1;0;0;0;0;0;2;23;7;9;4;1;0;6;3;1;1;0;2;3;2;2;0;0;0;17;7;9;4;0;0;1;0;2;0;15;1;0;2;0;0;0;2;58;22;9;7;3;14;5;15;8;11;0;2;1;1;1;2;22;2;25;0;0;4;11;0;6;3;1;1;0;0;0;0;0;0;1;0;37;9;11;1;4;37;2;0;0;1;5;0;4;3;3;4;0;0;1;4;0;1;0;1;0;0;0;0;0;0;0;0;0
43;"Niepubliczna Szkoła Specjalna Przysposabiająca do Pracy w Zabrzu, ul. Wacława Karczewskiego 10, 41-806 Zabrze";247801;"m. Zabrze";"Zabrze";"śląskie";1;1;11;2;2;1;0;1;2;1;1;3;1;0;2;0;2;1;1;74;8;18;12;1;6;13;6;5;2;1;7;4;5;10;1;0;3;51;24;4;2;2;2;0;2;1;0;5;1;0;3;1;3;2;5;132;79;25;33;12;23;10;35;12;14;3;8;3;4;4;3;17;5;37;11;2;5;26;3;2;1;0;3;0;1;1;2;1;2;1;2;116;49;40;5;4;103;3;0;0;4;3;3;2;1;8;1;6;7;6;2;3;0;1;1;2;0;1;1;0;0;1;0;1
44;"Niepubliczna Szkoła Specjalna Przysposabiająca do Pracy w Zabrzu, ul. Wacława Karczewskiego 10, 41-806 Zabrze";247801;"m. Zabrze";"Zabrze";"śląskie";1;1;7;2;0;3;2;0;0;0;0;0;1;0;0;0;1;0;0;48;9;12;6;3;3;10;1;4;0;3;4;2;1;7;2;2;1;58;10;7;2;3;1;0;1;3;0;4;1;1;1;1;1;0;2;93;69;19;20;11;12;13;28;7;19;2;5;3;1;7;0;5;4;32;6;2;0;12;1;1;2;1;0;1;3;1;0;2;1;3;2;139;40;40;4;9;113;3;1;1;3;5;2;5;2;6;3;3;9;5;1;1;1;1;0;0;3;3;1;1;1;0;0;0
45;"Szkoła Podstawowa Nr 18 im. Powstańców Śląskich, ul. Olchowa 2, 41-806 Zabrze";247801;"m. Zabrze";"Zabrze";"śląskie";1;1;4;2;1;2;1;0;3;0;0;1;1;0;0;0;1;0;1;36;5;22;5;0;2;7;4;6;1;4;3;2;5;9;1;0;3;37;17;7;3;1;0;0;3;2;4;4;3;1;1;1;0;1;2;130;89;26;17;9;25;13;25;3;11;2;6;5;5;10;3;14;8;34;5;0;2;11;2;4;0;2;1;1;1;0;0;1;0;1;1;113;65;41;2;9;62;8;1;2;5;4;2;3;3;6;2;1;2;3;1;1;0;3;0;1;1;1;0;1;0;0;0;0
46;"Szkoła Podstawowa Nr 18 im. Powstańców Śląskich, ul. Olchowa 2, 41-806 Zabrze";247801;"m. Zabrze";"Zabrze";"śląskie";1;1;5;0;1;2;0;0;0;2;0;5;0;0;0;0;1;0;3;40;14;16;3;5;2;8;3;2;1;3;3;2;1;5;3;0;1;64;29;3;0;1;3;1;5;1;1;1;2;1;0;2;0;0;2;122;64;16;32;12;14;13;38;3;16;2;2;3;3;3;2;8;1;32;7;2;4;16;0;2;0;0;3;1;0;0;1;0;2;0;3;112;49;38;7;1;101;2;3;0;2;0;3;4;1;21;1;3;11;7;2;2;1;1;0;0;0;0;1;0;1;0;0;0
47;"Zespół Szkół Ogólnokształcących Nr 14, ul. ks. Doktora Antoniego Korczoka 98, 41-806 Zabrze";247801;"m. Zabrze";"Zabrze";"śląskie";1;1;5;2;0;0;1;0;0;3;1;3;1;1;0;0;2;2;1;48;7;17;0;3;0;9;2;5;2;1;3;2;4;7;1;0;1;65;29;8;5;6;1;0;3;3;1;11;1;1;0;1;0;0;0;102;75;26;17;12;21;8;41;8;11;5;7;2;4;2;1;10;13;30;3;2;0;14;1;2;2;2;1;7;1;0;0;0;0;1;1;161;74;45;4;3;117;3;1;5;2;4;0;5;5;12;0;2;10;10;2;4;0;0;0;0;1;0;1;0;0;0;0;1
48;"Zespół Szkół Ogólnokształcących Nr 14, ul. ks. Doktora Antoniego Korczoka 98, 41-806 Zabrze";247801;"m. Zabrze";"Zabrze";"śląskie";1;1;11;3;0;3;2;1;3;2;1;0;1;1;0;0;0;1;1;57;18;20;6;1;3;12;0;7;1;1;6;3;1;8;1;1;2;63;23;5;3;3;1;2;2;5;1;5;2;2;0;1;3;1;0;140;71;12;10;18;22;18;33;12;8;0;10;1;5;2;3;9;2;25;5;3;2;9;3;4;2;1;1;2;1;1;1;0;2;1;2;120;53;33;4;5;105;8;4;6;6;5;0;2;0;11;5;2;8;12;1;2;0;0;0;1;1;1;0;1;0;0;0;1
49;"Zespół Szkół Ogólnokształcących Nr 14, ul. ks. Doktora Antoniego Korczoka 98, 41-806 Zabrze";247801;"m. Zabrze";"Zabrze";"śląskie";1;1;10;1;1;2;2;0;2;2;0;0;0;1;1;0;2;3;1;53;9;16;5;2;5;11;1;4;0;3;3;1;0;13;1;2;3;37;15;7;0;0;0;3;1;3;1;6;3;0;0;1;1;5;2;117;64;15;9;10;17;18;30;11;9;3;0;4;4;2;7;7;5;25;4;2;1;19;2;4;0;1;1;2;0;0;0;1;3;2;0;122;61;50;5;3;92;3;1;2;2;3;2;5;2;11;2;3;11;3;2;0;0;2;0;1;2;1;0;0;0;0;0;0
50;"Zespół Szkół Sportowych im. Janusza Kusocińskiego, ul. Filipiny Płaskowickiej 2, 41-806 Zabrze";247801;"m. Zabrze";"Zabrze";"śląskie";1;1;10;1;1;2;1;1;3;1;0;4;0;0;1;0;2;3;0;41;15;7;3;1;3;11;3;3;3;2;4;3;2;5;0;0;3;30;21;4;1;1;4;1;3;1;0;6;6;2;0;1;1;1;1;121;69;21;31;17;21;11;33;11;12;6;5;1;11;7;0;6;5;44;6;0;3;12;0;1;2;1;3;0;1;1;0;0;2;0;1;99;33;32;6;6;124;4;1;1;3;1;3;5;3;12;4;1;8;11;1;1;0;0;0;5;0;1;1;0;0;1;1;1
51;"Szkoła Podstawowa Nr 16, ul. Józefa Lompy 78, 41-806 Zabrze";247801;"m. Zabrze";"Zabrze";"śląskie";1;1;6;0;0;0;2;1;3;0;0;4;1;0;0;0;0;0;1;31;3;8;1;3;3;5;3;2;3;2;7;0;0;9;1;0;2;31;9;1;0;4;0;0;0;2;0;6;2;4;0;2;0;0;0;58;35;16;15;5;15;5;23;5;6;2;8;3;2;2;2;3;2;30;6;0;3;9;1;3;2;1;3;0;0;1;3;0;0;2;2;65;35;20;4;8;77;2;0;2;3;1;0;3;2;2;2;3;1;10;1;0;0;0;0;1;0;0;0;0;0;0;0;0
52;"Zespół Szkół Nr 3 im. Rtm. Witolda Pileckiego, ul. 3 Maja 118, 41-800 Zabrze";247801;"m. Zabrze";"Zabrze";"śląskie";1;1;4;2;0;4;1;1;2;2;1;1;0;0;2;0;1;0;0;31;12;14;8;0;2;15;4;8;4;4;2;2;2;12;1;0;2;54;23;6;3;2;2;1;4;1;1;4;3;1;0;0;0;1;1;148;86;20;10;30;12;24;28;3;12;1;4;2;2;3;0;11;8;34;12;1;4;13;1;4;1;2;1;2;2;0;0;1;0;0;2;121;75;28;6;5;107;4;2;3;2;2;4;4;2;8;0;1;9;7;1;5;1;1;0;0;1;2;0;0;1;1;0;1
53;"Szkoła Podstawowa Nr 1, ul. Sportowa 5, 41-800 Zabrze";247801;"m. Zabrze";"Zabrze";"śląskie";1;1;2;0;1;2;0;0;0;0;0;4;0;2;1;0;1;2;4;34;12;13;1;2;1;10;2;2;1;2;3;3;2;1;0;0;0;46;20;11;1;3;2;0;5;0;1;2;0;0;1;0;1;2;0;92;65;19;15;17;11;22;15;2;6;2;2;2;2;10;1;5;2;32;3;1;0;9;0;2;0;1;4;0;0;0;0;0;1;1;0;123;31;30;5;4;58;7;4;3;6;1;0;2;5;13;1;2;6;5;2;3;0;3;0;0;0;0;0;1;1;0;0;0
54;"Szkoła Podstawowa Nr 1, ul. Sportowa 5, 41-800 Zabrze";247801;"m. Zabrze";"Zabrze";"śląskie";1;1;5;3;2;3;0;0;1;0;1;4;0;0;0;0;0;0;1;28;8;16;4;3;6;11;4;0;0;1;3;1;5;9;0;0;0;47;20;3;0;0;0;0;7;1;2;3;5;1;1;1;1;2;1;77;54;15;13;28;13;15;7;5;9;0;1;0;0;9;0;3;4;18;4;1;2;9;1;2;1;0;0;1;0;1;1;2;0;0;2;87;34;26;2;3;73;1;0;2;2;1;1;3;0;4;1;0;8;4;1;3;0;0;1;0;2;0;1;1;0;2;1;0
55;"Szkoła Podstawowa Nr 1, ul. Sportowa 5, 41-800 Zabrze";247801;"m. Zabrze";"Zabrze";"śląskie";1;1;5;0;3;1;0;0;1;0;0;2;0;1;0;0;1;1;1;35;7;15;2;1;3;5;2;4;1;2;2;1;1;12;0;2;2;50;20;12;3;6;0;1;3;2;0;5;1;0;2;1;2;1;2;116;57;8;16;17;12;9;14;5;13;0;4;0;2;6;3;8;1;22;5;1;0;7;0;2;1;1;2;3;0;0;0;0;2;1;2;106;36;30;0;4;113;6;2;0;0;4;0;3;0;14;1;3;20;8;0;6;0;1;0;0;2;0;0;0;0;0;0;0
56;"Zespół Szkolno-Przedszkolny Nr 6, ul. gen. Władysława Sikorskiego 74, 41-809 Zabrze";247801;"m. Zabrze";"Zabrze";"śląskie";1;1;9;3;2;3;1;2;3;2;1;5;0;0;0;0;2;1;1;68;20;21;5;5;3;10;2;9;3;4;3;2;2;23;1;1;1;54;31;4;4;4;2;0;5;2;0;5;1;0;0;1;0;0;2;116;72;25;10;13;16;10;32;5;13;2;3;1;5;2;3;13;5;43;11;7;5;12;2;3;2;0;7;2;1;1;2;4;1;0;1;166;106;73;4;4;144;1;1;2;4;5;7;7;6;32;0;2;12;10;4;4;1;3;0;0;0;3;2;1;2;1;0;0
57;"Przedszkole Nr 29, ul. Ignacego Paderewskiego 53, 41-810 Zabrze";247801;"m. Zabrze";"Zabrze";"śląskie";1;1;3;1;1;2;0;0;1;0;0;4;0;0;1;0;0;0;2;56;10;16;4;2;2;8;3;4;1;0;2;2;3;7;1;0;1;24;18;7;2;1;0;2;6;0;2;3;0;0;0;1;1;0;4;63;25;15;5;15;11;6;23;5;8;0;2;0;4;2;2;2;4;16;3;3;2;7;0;1;0;0;4;1;1;0;1;0;0;0;2;82;45;26;1;3;61;1;3;2;1;5;2;3;3;13;2;0;8;7;2;1;0;0;1;2;0;5;0;2;0;0;0;1
58;"Zespół Szkół Nr 18, ul. Konrada Sitki 55, 41-810 Zabrze";247801;"m. Zabrze";"Zabrze";"śląskie";1;1;2;1;3;1;0;0;1;0;0;2;1;0;0;0;0;0;1;39;10;12;5;1;1;11;4;7;1;1;4;1;1;7;2;0;0;20;15;2;3;0;1;1;4;0;1;1;0;1;0;0;0;1;0;34;35;21;11;12;8;5;26;6;4;1;0;0;2;0;1;5;1;12;3;0;1;10;1;1;0;0;1;0;1;0;2;1;3;0;1;63;43;27;8;3;49;3;3;1;0;3;0;5;0;5;1;1;7;7;1;1;1;1;0;1;0;0;1;0;0;0;0;0
59;"Zespół Szkolno-Przedszkolny Nr 7, ul. Daleka 2, 41-811 Zabrze";247801;"m. Zabrze";"Zabrze";"śląskie";1;1;6;4;3;2;0;3;1;0;0;7;0;1;3;1;1;0;1;37;25;27;4;9;8;16;2;5;1;3;2;1;2;13;3;1;3;40;22;3;2;5;5;4;1;2;3;4;1;1;0;1;0;3;2;112;80;19;10;43;18;10;23;7;19;1;3;2;1;8;2;6;5;42;8;1;2;16;3;3;3;1;1;0;0;0;0;0;0;0;3;136;44;41;1;8;102;0;1;3;0;2;0;5;1;10;1;2;7;7;2;6;0;0;0;0;3;0;0;0;0;1;1;1
60;"Zabrzańskie Centrum Kształcenia Ogólnego i Zawodowego, ul. Marszałka Józefa Piłsudskiego 58, 41-800 Zabrze";247801;"m. Zabrze";"Zabrze";"śląskie";1;1;7;3;0;2;2;0;0;1;0;3;2;0;0;0;2;0;3;37;11;14;1;0;2;12;2;8;4;2;2;3;1;11;1;0;2;78;31;10;7;4;2;0;2;2;1;4;2;1;0;3;0;2;2;93;74;19;6;9;24;13;33;4;11;0;0;2;4;3;2;10;7;31;6;1;1;17;1;2;0;3;2;1;0;0;0;1;1;2;0;155;74;70;11;14;110;3;2;2;4;4;0;2;6;28;2;1;13;18;1;4;2;0;0;0;1;0;0;1;0;1;0;0
61;"Szkoła Podstawowa Specjalna Nr 38 im. Małego Księcia, ul. ks. Konstantego Damrota 33, 41-800 Zabrze";247801;"m. Zabrze";"Zabrze";"śląskie";1;1;10;2;0;2;1;1;0;0;0;6;1;1;1;0;0;0;1;43;6;16;5;5;2;15;3;10;2;2;0;3;1;17;3;1;1;53;15;6;8;2;2;1;2;6;1;8;3;0;0;0;3;0;0;87;61;15;25;14;17;21;33;2;9;4;4;2;3;8;1;5;3;36;8;3;4;11;0;4;2;1;0;2;1;1;0;2;1;0;1;109;56;35;4;7;77;3;1;1;5;4;3;4;1;6;0;3;6;5;1;0;1;1;0;0;0;0;1;0;0;0;0;0
62;"Szkoła Podstawowa Specjalna Nr 38 im. Małego Księcia, ul. ks. Konstantego Damrota 33, 41-800 Zabrze";247801;"m. Zabrze";"Zabrze";"śląskie";1;1;2;1;1;1;3;2;2;0;0;3;0;0;0;0;0;1;2;38;7;12;3;1;4;5;1;2;1;4;2;3;1;8;2;0;2;49;27;3;1;0;4;0;2;2;3;8;3;1;0;0;2;2;2;74;76;11;20;8;16;9;32;5;15;7;5;2;9;12;4;6;5;34;11;3;0;16;2;0;2;1;0;1;0;0;2;3;0;3;0;87;41;26;12;5;67;3;1;4;1;1;2;2;4;16;1;2;8;4;0;2;0;3;0;1;1;0;0;1;0;0;0;0
63;"Szkoła Podstawowa Nr 5 im. Króla Jana III Sobieskiego, ul. Królewska 4, 41-800 Zabrze";247801;"m. Zabrze";"Zabrze";"śląskie";1;1;6;3;2;0;2;4;2;2;2;2;0;0;0;0;0;1;1;47;7;19;5;3;6;15;1;1;2;5;5;2;2;12;1;1;2;48;29;3;3;1;0;0;7;2;3;2;3;1;1;0;1;1;0;75;70;23;9;9;15;13;39;5;4;1;2;1;6;5;5;8;4;31;9;2;1;9;1;6;0;0;0;1;2;1;3;1;0;1;2;137;50;46;10;8;104;4;2;1;0;4;3;4;7;13;4;2;3;13;2;3;0;3;0;1;1;1;0;1;1;0;1;4
64;"Szkoła Podstawowa Nr 5 im. Króla Jana III Sobieskiego, ul. Królewska 4, 41-800 Zabrze";247801;"m. Zabrze";"Zabrze";"śląskie";1;1;1;0;1;3;2;0;0;0;0;2;0;0;0;0;1;0;4;36;7;5;4;2;0;15;2;3;0;0;2;2;2;5;3;0;1;41;20;6;0;3;1;0;3;0;0;8;3;0;0;0;3;1;2;73;46;19;12;5;14;7;17;3;3;0;3;1;1;1;1;2;4;17;1;4;1;16;1;0;0;1;3;0;0;1;1;1;1;0;2;112;41;23;2;8;75;2;0;1;1;5;1;7;1;4;2;5;1;8;0;1;0;0;2;0;0;1;2;0;0;0;0;0
65;"Centrum Edukacji, ul. 1 Maja 12, 41-800 Zabrze";247801;"m. Zabrze";"Zabrze";"śląskie";1;1;3;2;0;2;0;0;1;0;0;0;0;1;0;4;0;0;2;63;11;13;4;5;3;8;0;6;1;2;1;2;0;5;0;0;3;57;26;9;2;1;2;2;7;1;2;3;6;0;0;1;3;0;0;84;68;25;12;7;15;20;37;4;6;1;2;0;7;4;2;7;3;27;7;1;1;10;1;0;2;0;1;3;1;0;0;0;0;0;0;176;58;51;6;11;114;4;3;3;0;3;1;6;2;20;1;1;8;6;0;2;1;0;0;1;1;0;1;0;0;0;1;0
66;"Szkoła Podstawowa Nr 36 im. Juliana Tuwima, pl. Plac Warszawski 6, 41-800 Zabrze";247801;"m. Zabrze";"Zabrze";"śląskie";1;1;0;0;0;1;0;0;1;0;0;3;1;1;1;0;0;1;0;37;7;19;2;1;2;17;5;3;2;4;3;1;6;11;4;1;4;48;33;9;3;3;0;0;4;1;1;0;1;2;0;4;1;2;2;58;44;13;20;15;17;5;18;5;4;3;4;3;2;4;1;7;2;40;3;6;1;16;0;2;2;0;0;1;0;1;0;0;1;1;1;99;53;43;6;1;91;2;3;2;4;2;2;4;2;10;1;5;10;12;3;0;0;1;0;0;0;1;1;0;2;0;1;0
67;"Szkoła Podstawowa Nr 43, ul. Buchenwaldczyków 25, 41-800 Zabrze";247801;"m. Zabrze";"Zabrze";"śląskie";1;1;6;1;1;1;0;0;0;1;1;2;1;0;0;0;0;0;0;37;8;13;2;1;2;13;6;2;4;3;1;1;7;5;1;0;0;50;18;6;0;0;2;0;6;0;1;1;0;2;0;0;1;1;1;67;44;12;20;13;10;5;17;8;4;3;1;0;3;6;0;3;3;24;3;4;4;5;0;2;0;3;4;1;0;0;0;0;0;0;0;101;86;40;2;5;82;3;0;4;3;3;1;6;3;11;0;1;5;8;3;0;3;0;0;1;0;0;0;0;0;0;1;1
68;"I Liceum Ogólnokształcące im. prof. Zbigniewa Religi, ul. Wolności 323, 41-800 Zabrze";247801;"m. Zabrze";"Zabrze";"śląskie";1;1;5;0;1;1;1;0;0;3;1;2;1;1;0;0;0;0;0;57;12;10;5;1;2;8;5;7;0;4;7;3;5;8;1;0;1;48;44;11;2;3;4;2;3;3;1;4;0;0;0;0;4;0;1;84;54;8;8;13;12;16;23;3;9;2;4;0;4;2;1;18;4;45;5;2;0;10;3;1;0;4;4;1;3;1;0;1;0;1;0;130;83;68;11;8;110;0;1;1;5;4;1;5;3;22;3;1;14;10;1;1;0;3;0;1;3;0;0;0;0;1;1;1
69;"Szkoła Podstawowa Nr 3 im. Bohaterów Monte Cassino, ul. rtm. Witolda Pileckiego 2, 41-800 Zabrze";247801;"m. Zabrze";"Zabrze";"śląskie";1;1;7;0;1;1;0;0;2;0;0;2;0;2;1;0;1;2;1;34;9;9;0;1;1;7;0;4;1;0;4;1;2;7;4;3;1;25;20;2;0;1;0;0;4;1;0;3;1;0;0;2;2;3;0;66;44;2;10;11;3;4;24;2;9;5;2;1;6;5;6;6;2;27;6;0;2;12;0;3;1;3;1;2;0;0;0;0;3;2;3;75;31;23;1;3;77;2;1;1;1;2;1;1;1;13;2;0;3;4;2;1;0;0;0;1;0;0;1;0;0;1;0;0
70;"Szkoła Podstawowa Nr 3 im. Bohaterów Monte Cassino, ul. rtm. Witolda Pileckiego 2, 41-800 Zabrze";247801;"m. Zabrze";"Zabrze";"śląskie";1;1;9;1;1;5;0;1;0;1;0;3;0;0;1;0;0;0;1;55;4;15;3;2;2;6;3;2;0;5;0;2;2;5;4;0;0;48;41;1;5;1;1;0;0;1;2;4;0;0;1;2;1;0;2;88;37;12;15;8;10;8;15;5;2;3;2;3;8;5;0;8;3;37;4;1;0;16;3;0;1;1;2;2;1;0;0;0;2;1;1;83;50;33;1;5;75;2;1;1;0;5;2;2;3;20;2;6;6;5;0;0;1;3;0;0;2;1;1;0;0;0;0;0
71;"Dom Harcerza, ul. Wolności 350A, 41-800 Zabrze";247801;"m. Zabrze";"Zabrze";"śląskie";1;1;7;3;0;0;0;0;0;0;0;2;0;1;0;0;0;1;2;21;5;11;2;2;0;8;0;0;2;1;2;2;0;7;0;0;2;37;16;1;6;0;1;3;1;7;1;6;1;0;1;0;2;0;0;49;66;13;14;8;16;9;19;1;4;3;3;1;4;1;0;6;3;37;5;0;3;12;0;2;2;1;3;1;0;1;0;0;1;1;0;64;29;25;0;10;65;5;2;5;1;3;4;1;0;5;2;1;14;6;0;2;0;3;1;0;0;2;0;0;0;0;0;0
72;"Centrum Kształcenia Zawodowego i Ustawicznego Województwa Śląskiego w Zabrzu, ul. 3 Maja 63, 41-800 Zabrze";247801;"m. Zabrze";"Zabrze";"śląskie";1;1;7;1;2;2;3;3;1;0;0;3;0;1;1;0;2;0;1;48;13;12;2;2;4;11;0;1;4;2;1;2;3;13;2;0;2;60;28;11;3;1;0;1;3;2;2;3;2;0;2;3;1;1;2;90;82;13;12;12;17;16;30;4;12;1;2;1;3;2;0;5;3;35;0;2;0;15;2;3;0;2;2;1;2;2;2;0;3;1;0;130;63;37;3;12;102;7;4;5;5;2;3;5;3;17;2;2;7;11;3;1;0;0;0;1;0;0;0;0;1;1;0;0
73;"Szkoła Podstawowa Nr 6 im. Marii Curie-Skłodowskiej, ul. Klonowa 23, 41-800 Zabrze";247801;"m. Zabrze";"Zabrze";"śląskie";1;1;5;0;1;0;1;1;1;2;0;2;1;0;0;1;1;3;4;35;8;9;1;1;2;15;7;4;1;0;2;2;2;8;4;1;2;69;30;3;2;2;0;0;8;2;0;2;1;0;1;1;1;1;2;89;92;20;25;17;19;10;22;6;9;2;2;3;1;2;1;12;3;28;3;1;3;12;0;0;0;4;1;2;1;1;0;0;2;1;0;143;57;42;5;11;107;3;3;2;5;3;3;3;4;16;4;1;6;7;1;3;0;2;0;0;1;2;0;0;0;0;0;1
74;"Szkoła Podstawowa Nr 6 im. Marii Curie-Skłodowskiej, ul. Klonowa 23, 41-800 Zabrze";247801;"m. Zabrze";"Zabrze";"śląskie";1;1;5;2;1;1;1;1;3;0;0;3;0;2;1;1;0;1;0;59;13;20;6;1;2;11;2;5;4;2;7;0;5;12;0;0;3;88;29;6;3;1;1;0;4;2;2;5;5;1;0;0;0;1;1;138;76;27;19;12;26;17;30;3;5;1;1;2;1;2;3;9;3;43;6;2;5;14;0;2;1;0;1;1;3;1;0;2;1;0;0;168;92;44;5;5;113;6;0;5;3;2;5;5;7;26;3;4;7;12;2;2;2;1;1;1;0;1;0;0;1;0;0;0
75;"Przedszkole Nr 1, ul. Władysława Reymonta 52, 41-800 Zabrze";247801;"m. Zabrze";"Zabrze";"śląskie";1;1;9;0;2;3;1;0;4;0;0;4;0;1;0;0;1;1;1;51;12;16;2;7;8;12;3;8;0;2;2;1;2;7;2;4;2;66;38;3;3;3;2;1;2;0;0;1;1;0;0;0;1;0;0;86;59;17;16;8;14;18;17;8;15;1;5;2;5;4;1;7;6;16;11;3;0;18;0;1;1;0;1;0;4;2;0;0;0;1;1;145;57;42;6;14;84;4;1;1;4;3;2;1;4;15;2;2;14;7;1;0;1;2;0;1;1;1;0;0;1;0;0;2
76;"Szkoła Podstawowa Nr 15 im. Księdza Jana Dzierżona, ul. Czołgistów 1, 41-800 Zabrze";247801;"m. Zabrze";"Zabrze";"śląskie";1;1;11;1;1;3;0;3;0;0;1;3;0;1;0;1;0;0;1;63;17;22;5;3;10;17;3;5;2;2;6;1;4;17;2;0;4;71;24;6;6;6;3;0;2;3;0;6;2;1;0;1;4;4;0;111;81;19;19;8;14;23;27;2;10;2;2;2;7;2;5;4;3;35;9;2;3;9;0;3;2;1;3;2;0;2;0;1;1;3;1;151;95;48;2;8;142;5;3;3;4;6;3;10;2;18;7;2;11;5;0;0;0;0;1;1;1;2;0;1;0;1;0;1
77;"Zespól Szkolno-Przedszkolny Nr 16, ul. Cmentarna 7, 41-800 Zabrze";247801;"m. Zabrze";"Zabrze";"śląskie";1;1;4;0;1;0;1;1;1;2;0;2;0;0;0;0;1;0;0;38;8;12;0;2;0;14;2;2;0;3;3;0;2;4;2;0;0;45;8;2;2;3;0;0;7;0;0;5;0;1;0;1;0;3;3;86;51;16;21;10;13;13;22;6;12;1;2;4;3;3;2;15;4;36;7;6;1;18;4;2;1;2;2;4;3;1;1;0;0;1;2;65;20;36;4;2;93;8;1;1;1;6;1;7;0;5;1;0;9;4;2;3;0;2;1;3;2;1;0;1;0;1;0;0
78;"Dom Pomocy Społecznej Nr 1, ul. Jana Matejki 62, 41-800 Zabrze";247801;"m. Zabrze";"Zabrze";"śląskie";1;1;0;0;0;0;1;0;0;0;0;0;0;0;0;1;0;0;0;0;0;0;0;0;1;0;0;0;0;0;0;0;1;0;0;0;0;1;0;0;0;0;0;0;0;0;1;1;0;0;0;0;0;0;0;7;3;2;1;1;2;0;1;1;1;0;0;0;1;0;0;0;0;0;0;0;0;0;0;0;0;0;1;0;0;1;1;0;0;0;0;1;1;1;0;1;1;0;0;0;0;0;0;0;0;0;0;0;0;2;0;0;0;0;0;0;0;0;0;0;0;0;0;0
79;"Dom Pomocy Społecznej Nr 2, ul. Jaskółcza 11, 41-800 Zabrze";247801;"m. Zabrze";"Zabrze";"śląskie";1;1;0;0;0;0;0;0;0;0;0;0;0;0;0;0;0;0;0;1;0;0;1;2;0;0;0;0;0;0;0;0;0;0;0;0;0;0;0;0;0;0;0;0;0;0;0;0;0;0;0;0;0;0;0;4;3;4;3;2;2;1;0;1;1;0;2;2;1;1;0;1;0;0;0;1;0;0;0;0;0;0;0;0;0;0;0;0;0;0;0;0;0;1;1;1;1;1;0;0;0;0;0;0;0;0;0;0;0;3;0;0;0;0;0;0;0;0;0;0;0;0;0;0
80;"Dom Pomocy Społecznej Nr 3, ul. Wiktora Brysza 3, 41-800 Zabrze";247801;"m. Zabrze";"Zabrze";"śląskie";1;1;1;0;1;0;0;0;0;0;0;0;0;0;0;0;0;0;0;0;1;0;0;0;0;0;0;0;0;0;0;0;0;0;0;0;0;0;0;0;0;0;0;0;0;0;0;0;0;0;0;0;0;1;0;3;1;2;2;0;0;0;0;0;0;0;0;0;0;0;0;0;0;0;0;0;0;0;0;0;0;0;0;0;0;0;0;0;0;0;0;0;0;0;0;1;0;0;0;1;0;0;0;0;0;0;0;0;0;1;0;0;0;0;0;0;0;0;0;0;0;0;0;0
81;"Dom Pomocy Społecznej ""Słoneczny Dom"", ul. Knurowska 17, 41-800 Zabrze";247801;"m. Zabrze";"Zabrze";"śląskie";1;1;0;0;0;0;0;0;0;0;0;0;0;0;0;0;0;1;0;0;0;0;0;0;0;0;0;0;0;0;0;0;0;1;0;0;0;0;0;0;0;0;0;0;0;0;0;0;0;0;0;0;0;0;0;6;1;2;0;1;1;2;0;1;1;0;0;0;0;0;0;0;0;0;0;0;0;0;0;0;0;0;0;0;0;0;0;0;0;0;0;2;0;1;0;0;1;0;0;0;0;0;0;0;0;0;0;0;0;1;0;1;0;0;0;0;0;0;0;0;1;0;0;0
82;"Dom Pomocy Społecznej prowadzony przez Zakon Kamilianów, ul. Cisowa 6, 41-800 Zabrze";247801;"m. Zabrze";"Zabrze";"śląskie";1;1;0;0;0;0;0;0;0;0;0;0;0;0;0;0;0;0;0;2;0;0;0;0;0;0;1;0;0;0;0;0;0;0;0;0;0;1;0;0;0;0;0;1;0;1;0;0;0;0;0;0;0;0;0;7;2;1;2;0;1;2;2;2;0;1;0;1;0;1;2;1;0;1;0;0;0;0;0;0;0;0;0;0;0;0;0;0;0;0;0;1;0;0;0;0;2;0;0;0;0;1;0;0;0;0;0;0;0;2;1;0;0;0;0;0;0;0;0;0;0;0;0;0
83;"Kamiliańskie Centrum Opiekuńczo-Lecznicze, ul. Pawła Dubiela 10, 41-800 Zabrze";247801;"m. Zabrze";"Zabrze";"śląskie";1;1;0;0;0;1;0;0;0;0;0;1;0;0;0;0;0;0;0;0;0;1;0;0;0;1;0;0;0;0;0;0;0;0;0;0;0;0;0;0;0;0;0;0;0;0;0;0;0;0;0;0;0;0;0;2;1;0;3;1;0;0;1;0;0;0;0;0;1;0;0;1;0;0;0;0;0;0;0;0;0;0;0;0;0;0;0;0;0;0;0;0;0;0;0;0;0;0;0;0;0;0;0;0;0;0;0;0;0;0;0;0;0;0;0;0;0;0;0;0;0;0;0;0
84;"Oddział Zewnętrzny w Zabrzu Aresztu Śledczego w Bytomiu, ul. ks. Pawła Janika 12, 41-806 Zabrze";247801;"m. Zabrze";"Zabrze";"śląskie";1;1;1;0;0;0;0;1;1;1;0;2;1;0;0;0;1;2;1;25;6;1;5;2;0;1;4;4;1;4;4;2;1;1;2;1;0;12;5;1;0;0;1;0;0;2;0;3;0;0;0;0;2;0;1;15;2;4;1;0;2;0;2;1;2;0;3;1;5;0;2;0;0;12;3;2;0;2;2;1;0;0;1;0;0;0;1;0;0;1;0;86;25;24;9;8;13;5;4;4;3;9;2;4;1;2;5;6;0;4;0;2;1;0;0;0;0;0;0;0;0;0;1;0
85;"Szpital Miejski w Zabrzu Sp. z o. o., ul. Zamkowa 4, 41-803 Zabrze";247801;"m. Zabrze";"Zabrze";"śląskie";1;1;0;0;1;0;0;0;0;0;0;1;0;0;0;0;0;0;0;5;4;1;0;0;1;0;0;1;1;0;0;0;0;0;0;0;0;0;1;0;0;0;0;0;0;1;0;0;0;1;0;0;0;0;0;4;6;2;1;2;1;3;5;1;0;0;0;0;0;0;1;1;0;3;0;0;0;0;1;0;0;0;0;0;0;0;0;0;0;0;0;10;2;0;2;1;4;0;0;0;0;0;0;0;0;1;0;0;1;0;0;0;0;0;0;0;0;0;0;0;0;0;0;0
86;"Śląskie Centrum Chorób Serca w Zabrzu, ul. Marii Curie-Skłodowskiej 9, 41-800 Zabrze";247801;"m. Zabrze";"Zabrze";"śląskie";1;1;0;0;0;1;0;0;0;0;0;0;0;0;1;0;0;0;0;4;2;3;3;0;0;0;0;0;1;0;3;0;0;0;0;0;1;3;1;0;0;0;0;0;0;0;0;0;0;0;0;0;1;0;0;17;9;6;3;3;5;4;1;1;2;1;0;0;1;0;1;1;0;4;0;0;0;0;0;0;0;0;0;0;1;0;0;0;0;0;0;23;5;8;4;1;1;0;0;1;1;2;1;0;0;0;1;0;2;2;0;1;0;0;0;0;0;0;0;0;0;1;0;0
87;"Szpital Specjalistyczny w Zabrzu Sp. z o. o., ul. Marii Curie-Skłodowskiej 10, 41-800 Zabrze";247801;"m. Zabrze";"Zabrze";"śląskie";1;1;0;0;1;0;0;0;0;0;0;0;0;0;0;0;0;0;0;1;1;0;0;0;1;1;0;1;0;1;0;0;0;0;0;0;0;5;1;1;0;1;1;0;0;0;0;0;0;0;0;0;0;0;0;8;2;1;1;1;0;0;0;1;0;0;0;0;0;0;0;0;0;0;0;0;0;0;0;0;0;0;0;0;0;0;0;0;0;0;0;10;1;2;2;0;3;0;0;0;0;1;0;0;0;0;0;0;1;0;0;0;0;0;0;0;0;0;0;0;0;0;0;0
88;"Samodzielny Publiczny Szpital Kliniczny Nr 1 im. prof. Stanisława Szyszko Śląskiego Uniwersytetu Medycznego w Katowicach, ul. 3 Maja 13-15, 41-800 Zabrze";247801;"m. Zabrze";"Zabrze";"śląskie";1;1;0;0;0;0;0;0;0;0;0;1;0;0;0;0;0;0;0;3;0;0;1;0;1;0;1;0;0;0;0;0;0;0;0;0;0;3;1;0;0;0;0;0;0;1;0;1;0;0;0;0;0;0;0;6;3;2;3;2;1;1;1;2;4;0;0;0;2;0;0;0;0;0;0;0;0;0;0;0;1;0;0;0;0;0;1;0;0;0;0;8;4;0;2;2;4;1;0;1;2;0;1;0;0;0;0;0;0;1;0;0;0;0;0;0;0;0;0;0;0;0;0;0
