Nr komisji;Siedziba;TERYT Gminy;Gmina;Powiat;Województwo;Nr okręgu;Liczba komisji;Liczba uwzględnionych komisji;Komisja otrzymała kart do głosowania;Liczba wyborców uprawnionych do głosowania;Nie wykorzystano kart do głosowania;Liczba wyborców, którym wydano karty do głosowania;Liczba wyborców, którym wysłano pakiety wyborcze;Liczba wyborców, którym wydano karty do głosowania w lokalu wyborczym oraz w głosowaniu korespondencyjnym (łącznie);Liczba wyborców głosujących przez pełnomocnika;Liczba wyborców głosujących na podstawie zaświadczenia o prawie do głosowania;Liczba otrzymanych kopert zwrotnych;Liczba kopert zwrotnych, w których nie było oświadczenia o osobistym i tajnym oddaniu głosu;Liczba kopert zwrotnych, w których oświadczenie nie było podpisane;Liczba kopert zwrotnych, w których nie było koperty na kartę do głosowania;Liczba kopert zwrotnych, w których znajdowała się niezaklejona koperta na kartę do głosowania;Liczba kopert na kartę do głosowania wrzuconych do urny;Liczba kart wyjętych z urny;W tym liczba kart wyjętych z kopert na kartę do głosowania;Liczba kart nieważnych;Liczba kart ważnych;Liczba głosów nieważnych;W tym z powodu postawienia znaku „X” obok nazwiska dwóch lub większej liczby kandydatów z różnych list;W tym z powodu niepostawienia znaku „X” obok nazwiska żadnego kandydata;W tym z powodu postawienia znaku „X” wyłącznie obok nazwiska kandydata na liście, której rejestracja została unieważniona;Liczba głosów ważnych oddanych łącznie na wszystkie listy kandydatów;KOMITET WYBORCZY BEZPARTYJNI SAMORZĄDOWCY;KOALICYJNY KOMITET WYBORCZY TRZECIA DROGA POLSKA 2050 SZYMONA HOŁOWNI - POLSKIE STRONNICTWO LUDOWE;KOMITET WYBORCZY NOWA LEWICA;KOMITET WYBORCZY PRAWO I SPRAWIEDLIWOŚĆ;KOMITET WYBORCZY KONFEDERACJA WOLNOŚĆ I NIEPODLEGŁOŚĆ;KOALICYJNY KOMITET WYBORCZY KOALICJA OBYWATELSKA PO .N IPL ZIELONI;KOMITET WYBORCZY POLSKA JEST JEDNA;KOMITET WYBORCZY WYBORCÓW RUCHU DOBROBYTU I POKOJU;KOMITET WYBORCZY NORMALNY KRAJ;KOMITET WYBORCZY ANTYPARTIA;KOMITET WYBORCZY RUCH NAPRAWY POLSKI;KOMITET WYBORCZY WYBORCÓW MNIEJSZOŚĆ NIEMIECKA
1;Szkoła Podstawowa Nr 3, ul. Ceramiczna 5, 59-700 Bolesławiec;20101;m. Bolesławiec;bolesławiecki;dolnośląskie;1;1;1;1491;1605;312;1179;0;1179;0;14;0;0;0;0;0;0;1179;0;0;1179;13;8;5;0;1166;58;132;99;346;84;428;19;;;;;
2;Szkoła Podstawowa Nr 3, ul. Ceramiczna 5, 59-700 Bolesławiec;20101;m. Bolesławiec;bolesławiecki;dolnośląskie;1;1;1;1218;1282;224;994;1;995;2;9;1;0;0;0;0;1;995;1;0;995;7;5;2;0;988;31;110;93;302;60;375;17;;;;;
3;Szkoła Podstawowa Nr 5, ul. Dolne Młyny 60, 59-700 Bolesławiec;20101;m. Bolesławiec;bolesławiecki;dolnośląskie;1;1;1;1292;1387;250;1042;5;1047;4;12;5;0;0;0;0;5;1047;5;0;1047;16;11;5;0;1031;43;127;86;307;79;363;26;;;;;
4;Szkoła Podstawowa Nr 5, ul. Dolne Młyny 60, 59-700 Bolesławiec;20101;m. Bolesławiec;bolesławiecki;dolnośląskie;1;1;1;1277;1373;229;1048;1;1049;0;6;1;0;0;0;0;1;1049;1;0;1049;14;7;7;0;1035;43;116;86;282;73;416;19;;;;;
5;Szkoła Podstawowa Nr 5, ul. Dolne Młyny 60, 59-700 Bolesławiec;20101;m. Bolesławiec;bolesławiecki;dolnośląskie;1;1;1;1200;1234;267;933;0;933;0;0;0;0;0;0;0;0;933;0;0;933;25;12;13;0;908;37;111;80;265;49;361;5;;;;;
6;Szkoła Podstawowa Nr 2, ul. Juliusza Słowackiego 2, 59-700 Bolesławiec;20101;m. Bolesławiec;bolesławiecki;dolnośląskie;1;1;1;1108;1189;387;721;0;721;1;20;0;0;0;0;0;0;721;0;5;716;18;15;3;0;698;39;74;61;230;37;245;12;;;;;
7;Szkoła Podstawowa Nr 1, ul. Jana Pawła II 38c, 59-700 Bolesławiec;20101;m. Bolesławiec;bolesławiecki;dolnośląskie;1;1;1;1262;1344;238;1024;0;1024;1;19;0;0;0;0;0;0;1024;0;0;1024;19;6;13;0;1005;24;106;110;297;58;393;17;;;;;
8;Szkoła Podstawowa Nr 1, ul. Jana Pawła II 38c, 59-700 Bolesławiec;20101;m. Bolesławiec;bolesławiecki;dolnośląskie;1;1;1;1143;1223;197;946;0;946;3;14;0;0;0;0;0;0;946;0;0;946;15;3;12;0;931;44;101;89;301;46;339;11;;;;;
9;Miejskie Przedszkole Publiczne Nr 6, ul. Piotra i Pawła 2, 59-700 Bolesławiec;20101;m. Bolesławiec;bolesławiecki;dolnośląskie;1;1;1;1240;1327;292;948;1;949;1;16;1;0;0;0;0;1;949;1;1;948;13;5;8;0;935;39;105;97;268;48;357;21;;;;;
10;Szkoła Podstawowa Nr 2, ul. Juliusza Słowackiego 2, 59-700 Bolesławiec;20101;m. Bolesławiec;bolesławiecki;dolnośląskie;1;1;1;1113;1190;274;839;1;840;2;12;0;0;0;0;0;0;839;0;0;839;18;11;7;0;821;34;86;90;276;50;276;9;;;;;
11;Szkoła Podstawowa Nr 4, ul. Mikołaja Brody 12, 59-700 Bolesławiec;20101;m. Bolesławiec;bolesławiecki;dolnośląskie;1;1;1;1169;1271;272;897;1;898;4;6;0;0;0;0;0;0;896;0;0;896;24;10;14;0;872;36;97;112;257;41;319;10;;;;;
12;Szkoła Podstawowa Nr 4, ul. Bielska 5, 59-700 Bolesławiec;20101;m. Bolesławiec;bolesławiecki;dolnośląskie;1;1;1;1090;1194;233;857;0;857;1;15;0;0;0;0;0;0;856;0;0;856;8;4;4;0;848;31;83;100;264;43;318;9;;;;;
13;Szkoła Podstawowa Nr 4, ul. Bielska 5, 59-700 Bolesławiec;20101;m. Bolesławiec;bolesławiecki;dolnośląskie;1;1;1;1131;1210;298;833;0;833;3;14;0;0;0;0;0;0;833;0;0;833;14;3;11;0;819;34;82;90;243;38;324;8;;;;;
14;Szkoła Podstawowa Nr 4, ul. Bielska 5, 59-700 Bolesławiec;20101;m. Bolesławiec;bolesławiecki;dolnośląskie;1;1;1;1338;1434;231;1107;0;1107;0;19;0;0;0;0;0;0;1107;0;6;1101;4;2;2;0;1097;44;144;114;278;73;437;7;;;;;
15;Miejskie Przedszkole Publiczne Nr 5, ul. Zygmunta Augusta 16b, 59-700 Bolesławiec;20101;m. Bolesławiec;bolesławiecki;dolnośląskie;1;1;1;1168;1279;216;952;1;953;1;14;0;0;0;0;0;0;952;0;0;952;10;6;4;0;942;30;89;108;277;42;386;10;;;;;
16;Przedsiębiorstwo Wodociągów i Kanalizacji, al. Aleja Wojska Polskiego 6/1a, 59-700 Bolesławiec;20101;m. Bolesławiec;bolesławiecki;dolnośląskie;1;1;1;1287;1394;178;1109;0;1109;1;15;0;0;0;0;0;0;1110;0;0;1110;30;22;8;0;1080;38;135;124;284;92;387;20;;;;;
17;Pałac Ślubów Ratusz, rynek Rynek 41, 59-700 Bolesławiec;20101;m. Bolesławiec;bolesławiecki;dolnośląskie;1;1;1;1079;1201;268;811;0;811;6;40;0;0;0;0;0;0;811;0;1;810;20;12;8;0;790;45;91;86;229;56;272;11;;;;;
18;Szkoła Podstawowa Nr 4, ul. Mikołaja Brody 12, 59-700 Bolesławiec;20101;m. Bolesławiec;bolesławiecki;dolnośląskie;1;1;1;1089;1172;276;813;0;813;1;14;0;0;0;0;0;0;813;0;0;813;22;10;12;0;791;40;95;73;210;47;306;20;;;;;
19;Miejskie Przedszkole Publiczne Nr 2, ul. Mikołaja Brody 17, 59-700 Bolesławiec;20101;m. Bolesławiec;bolesławiecki;dolnośląskie;1;1;1;1402;1407;286;1113;0;1113;5;5;0;0;0;0;0;0;1116;0;3;1113;12;7;5;0;1101;49;145;112;244;65;473;13;;;;;
20;Miejskie Przedszkole Publiczne Nr 7, ul. Górne Młyny 5, 59-700 Bolesławiec;20101;m. Bolesławiec;bolesławiecki;dolnośląskie;1;1;1;1629;1782;305;1324;0;1324;1;10;0;0;0;0;0;0;1321;0;0;1321;17;6;11;0;1304;71;178;131;302;122;484;16;;;;;
21;Miejskie Przedszkole Publiczne Nr 7, ul. Górne Młyny 5, 59-700 Bolesławiec;20101;m. Bolesławiec;bolesławiecki;dolnośląskie;1;1;1;1340;1463;354;986;0;986;8;23;0;0;0;0;0;0;986;0;0;986;12;8;4;0;974;44;118;80;272;48;395;17;;;;;
1;Dom Ludowy, Żeliszów 102A, 59-700 Bolesławiec;20102;gm. Bolesławiec;bolesławiecki;dolnośląskie;1;1;1;347;374;68;279;0;279;0;0;0;0;0;0;0;0;279;0;0;279;6;4;2;0;273;10;41;19;101;29;69;4;;;;;
2;Dom Ludowy, Bożejowice 1A, 59-700 Bolesławiec;20102;gm. Bolesławiec;bolesławiecki;dolnośląskie;1;1;1;802;861;132;670;0;670;1;2;0;0;0;0;0;0;670;0;0;670;11;5;6;0;659;28;91;52;188;42;248;10;;;;;
3;Dom Ludowy, Otok 44C, 59-700 Bolesławiec;20102;gm. Bolesławiec;bolesławiecki;dolnośląskie;1;1;1;357;372;73;284;0;284;0;1;0;0;0;0;0;0;283;0;0;283;6;5;1;0;277;18;43;20;87;20;81;8;;;;;
4;Dom Ludowy, Brzeźnik 37, 59-700 Bolesławiec;20102;gm. Bolesławiec;bolesławiecki;dolnośląskie;1;1;1;637;724;119;518;0;518;0;14;0;0;0;0;0;0;518;0;0;518;10;4;6;0;508;17;48;24;221;57;124;17;;;;;
5;Dom Ludowy, Dobra 94, 59-700 Bolesławiec;20102;gm. Bolesławiec;bolesławiecki;dolnośląskie;1;1;1;734;777;133;601;0;601;0;0;0;0;0;0;0;0;601;0;0;601;6;5;1;0;595;26;73;71;145;50;215;15;;;;;
6;Dom Ludowy, Dąbrowa Bolesławiecka 7B, 59-700 Bolesławiec;20102;gm. Bolesławiec;bolesławiecki;dolnośląskie;1;1;1;386;419;120;266;0;266;1;5;0;0;0;0;0;0;266;0;0;266;12;10;2;0;254;12;43;27;99;15;56;2;;;;;
7;Dom Ludowy, Trzebień ul. Lipowa 5, 59-700 Bolesławiec;20102;gm. Bolesławiec;bolesławiecki;dolnośląskie;1;1;1;1042;1098;314;728;0;728;1;11;0;0;0;0;0;0;728;0;0;728;13;6;7;0;715;33;89;64;261;56;204;8;;;;;
8;Dom Ludowy, Kraśnik Dolny 24C, 59-700 Bolesławiec;20102;gm. Bolesławiec;bolesławiecki;dolnośląskie;1;1;1;661;711;174;485;1;486;2;4;1;0;0;0;0;1;486;1;0;486;2;2;0;0;484;28;69;36;153;66;130;2;;;;;
9;Centrum Administracyjno-Kulturalne, Kruszyn ul. Kasztanowa 1B, 59-700 Bolesławiec;20102;gm. Bolesławiec;bolesławiecki;dolnośląskie;1;1;1;1344;1442;226;1118;3;1121;3;13;3;1;0;0;0;2;1120;2;0;1120;13;6;7;0;1107;37;160;79;290;70;452;19;;;;;
10;Dom Ludowy, Łaziska 30A, 59-700 Bolesławiec;20102;gm. Bolesławiec;bolesławiecki;dolnośląskie;1;1;1;723;773;131;591;0;591;1;5;0;0;0;0;0;0;592;0;0;592;5;3;2;0;587;24;94;47;173;53;189;7;;;;;
11;Dom Ludowy, Ocice 54B, 59-730 Nowogrodziec;20102;gm. Bolesławiec;bolesławiecki;dolnośląskie;1;1;1;734;770;215;519;0;519;0;3;0;0;0;0;0;0;519;0;0;519;7;4;3;0;512;22;42;43;268;41;85;11;;;;;
12;Dom Ludowy, Nowe Jaroszowice 32A, 59-700 Bolesławiec;20102;gm. Bolesławiec;bolesławiecki;dolnośląskie;1;1;1;178;187;47;131;0;131;0;0;0;0;0;0;0;0;131;0;0;131;3;2;1;0;128;1;18;11;41;18;34;5;;;;;
13;Dom Ludowy, Suszki 46A, 59-700 Bolesławiec;20102;gm. Bolesławiec;bolesławiecki;dolnośląskie;1;1;1;185;193;44;141;0;141;0;0;0;0;0;0;0;0;141;0;0;141;1;0;1;0;140;8;15;16;55;11;34;1;;;;;
14;Dom Ludowy, Kraszowice 23Z, 59-700 Bolesławiec;20102;gm. Bolesławiec;bolesławiecki;dolnośląskie;1;1;1;351;383;74;277;0;277;0;1;0;0;0;0;0;0;277;0;0;277;16;4;12;0;261;13;25;20;93;24;82;4;;;;;
15;Dom Ludowy, Mierzwin 14B, 59-700 Bolesławiec;20102;gm. Bolesławiec;bolesławiecki;dolnośląskie;1;1;1;185;205;38;147;0;147;0;0;0;0;0;0;0;0;147;0;0;147;11;4;7;0;136;5;9;14;42;9;47;10;;;;;
16;Dom Ludowy, Krępnica 29A, 59-700 Bolesławiec;20102;gm. Bolesławiec;bolesławiecki;dolnośląskie;1;1;1;175;199;52;123;0;123;0;0;0;0;0;0;0;0;123;0;0;123;3;1;2;0;120;10;21;10;41;15;23;0;;;;;
17;Dom Ludowy, Bolesławice 258E, 59-700 Bolesławiec;20102;gm. Bolesławiec;bolesławiecki;dolnośląskie;1;1;1;542;562;87;456;0;456;0;0;0;0;0;0;0;0;456;0;0;456;4;3;1;0;452;26;75;35;136;27;146;7;;;;;
18;Dom Ludowy, Łąka 11Z, 59-700 Bolesławiec;20102;gm. Bolesławiec;bolesławiecki;dolnośląskie;1;1;1;223;253;36;187;0;187;0;5;0;0;0;0;0;0;187;0;0;187;8;3;5;0;179;8;20;15;66;13;53;4;;;;;
19;Dom Ludowy, Nowa Wieś 3A, 59-700 Bolesławiec;20102;gm. Bolesławiec;bolesławiecki;dolnośląskie;1;1;1;283;315;61;222;0;222;0;3;0;0;0;0;0;0;222;0;0;222;10;6;4;0;212;9;19;18;89;22;51;4;;;;;
20;Dom Ludowy, Kraśnik Górny 22Z, 59-700 Bolesławiec;20102;gm. Bolesławiec;bolesławiecki;dolnośląskie;1;1;1;370;408;81;289;0;289;1;1;0;0;0;0;0;0;289;0;0;289;5;2;3;0;284;15;58;17;97;15;82;0;;;;;
21;Dom Ludowy, Stare Jaroszowice 30A, 59-700 Bolesławiec;20102;gm. Bolesławiec;bolesławiecki;dolnośląskie;1;1;1;205;212;62;143;0;143;0;0;0;0;0;0;0;0;143;0;0;143;2;1;1;0;141;4;38;12;41;9;31;6;;;;;
1;Szkoła Podstawowa w Gromadce, ul. gen. Wł. Sikorskiego 19, 59-706 Gromadka;20103;gm. Gromadka;bolesławiecki;dolnośląskie;1;1;1;1569;1663;437;1132;2;1134;6;9;2;0;0;0;0;2;1134;2;0;1134;32;16;16;0;1102;33;83;81;444;69;304;88;;;;;
2;Gminny Ośrodek Pomocy Społecznej w Gromadce z siedzibą w Wierzbowej, Wierzbowa 19, 59-706 Gromadka;20103;gm. Gromadka;bolesławiecki;dolnośląskie;1;1;1;718;775;232;486;0;486;1;3;0;0;0;0;0;0;486;0;0;486;16;6;10;0;470;13;37;35;260;33;79;13;;;;;
3;Świetlica wiejska w Różyńcu, Różyniec 41B, 59-706 Gromadka;20103;gm. Gromadka;bolesławiecki;dolnośląskie;1;1;1;279;304;61;218;0;218;0;1;0;0;0;0;0;0;218;0;0;218;11;5;6;0;207;6;23;12;84;22;56;4;;;;;
4;Szkoła Podstawowa w Modle, Modła 76, 59-706 Gromadka;20103;gm. Gromadka;bolesławiecki;dolnośląskie;1;1;1;417;451;139;278;0;278;0;3;0;0;0;0;0;0;278;0;0;278;17;9;8;0;261;4;19;28;131;22;47;10;;;;;
5;Świetlica wiejska w Osłej, Osła 46A, 59-706 Gromadka;20103;gm. Gromadka;bolesławiecki;dolnośląskie;1;1;1;377;415;123;254;0;254;1;2;0;0;0;0;0;0;253;0;0;253;7;7;0;0;246;10;22;25;86;25;72;6;;;;;
6;Świetlica wiejska w Krzyżowej, Krzyżowa 49, 59-706 Gromadka;20103;gm. Gromadka;bolesławiecki;dolnośląskie;1;1;1;406;440;78;328;0;328;1;2;0;0;0;0;0;0;328;0;0;328;3;2;1;0;325;11;26;27;156;23;65;17;;;;;
1;Szkoła Podstawowa im. Górników Surowców Mineralnych w Czernej, Czerna 52, 59-730 Nowogrodziec;20104;gm. Nowogrodziec;bolesławiecki;dolnośląskie;1;1;1;740;792;242;498;0;498;2;6;0;0;0;0;0;0;499;0;0;499;22;14;8;0;477;27;56;46;201;38;104;5;;;;;
2;Szkoła Podstawowa im. Jana Pawła II w Gierałtowie, Gierałtów 47, 59-730 Nowogrodziec;20104;gm. Nowogrodziec;bolesławiecki;dolnośląskie;1;1;1;752;794;263;489;0;489;1;3;0;0;0;0;0;0;489;0;1;488;13;5;8;0;475;6;70;41;226;39;88;5;;;;;
3;Budynek byłej Szkoły Podstawowej w Godzieszowie, Godzieszów 97, 59-730 Nowogrodziec;20104;gm. Nowogrodziec;bolesławiecki;dolnośląskie;1;1;1;426;468;126;300;0;300;2;14;0;0;0;0;0;0;300;0;0;300;2;1;1;0;298;11;24;29;120;17;94;3;;;;;
4;Szkoła Podstawowa im. Jana Pawła II w Gościszowie, Gościszów 152, 59-730 Nowogrodziec;20104;gm. Nowogrodziec;bolesławiecki;dolnośląskie;1;1;1;1012;1084;322;690;0;690;2;6;0;0;0;0;0;0;690;0;0;690;25;25;0;0;665;27;69;51;349;78;78;13;;;;;
5;Świetlica wiejska w Milikowie, Milików 146, 59-730 Nowogrodziec;20104;gm. Nowogrodziec;bolesławiecki;dolnośląskie;1;1;1;953;1017;265;688;0;688;0;0;0;0;0;0;0;0;688;0;0;688;25;9;16;0;663;20;85;55;288;65;135;15;;;;;
6;Szkoła Podstawowa im. Józefa Piłsudskiego w Nowej Wsi, Nowa Wieś 26a, 59-730 Nowogrodziec;20104;gm. Nowogrodziec;bolesławiecki;dolnośląskie;1;1;1;439;472;132;307;0;307;0;0;0;0;0;0;0;0;307;0;0;307;11;8;3;0;296;7;33;17;126;27;75;11;;;;;
7;Szkoła Podstawowa im. Bolesława Chrobrego w Nowogrodźcu, ul. Henryka Sienkiewicza 8, 59-730 Nowogrodziec;20104;gm. Nowogrodziec;bolesławiecki;dolnośląskie;1;1;1;1461;1554;364;1097;0;1097;3;8;0;0;0;0;0;0;1096;0;0;1096;30;20;10;0;1066;36;147;82;479;88;205;29;;;;;
8;Gminne Centrum Kultury i Sportu w Nowogrodźcu, ul. Lubańska 42a, 59-730 Nowogrodziec;20104;gm. Nowogrodziec;bolesławiecki;dolnośląskie;1;1;1;1405;1504;390;1015;2;1017;2;9;2;0;0;0;0;2;1017;2;0;1017;26;21;5;0;991;28;140;96;387;97;232;11;;;;;
9;Budynek nr 63 w Parzycach (były Ośrodek Kultury w Parzycach), Parzyce 63, 59-730 Nowogrodziec;20104;gm. Nowogrodziec;bolesławiecki;dolnośląskie;1;1;1;669;712;202;467;0;467;0;1;0;0;0;0;0;0;467;0;0;467;11;6;5;0;456;19;71;34;161;58;108;5;;;;;
10;Świetlica Wiejska w Wykrotach, Wykroty ul. Główna 27, 59-730 Nowogrodziec;20104;gm. Nowogrodziec;bolesławiecki;dolnośląskie;1;1;1;1328;1429;407;921;1;922;8;7;1;0;0;0;0;1;922;1;0;922;21;16;5;0;901;40;96;62;414;86;183;20;;;;;
11;Świetlica Wiejska w Zebrzydowej, Zebrzydowa 52, 59-730 Nowogrodziec;20104;gm. Nowogrodziec;bolesławiecki;dolnośląskie;1;1;1;961;1025;271;690;0;690;1;4;0;0;0;0;0;0;690;0;0;690;17;8;9;0;673;41;89;66;250;45;176;6;;;;;
12;Sala spotkań, Kierżno 37, 59-730 Nowogrodziec;20104;gm. Nowogrodziec;bolesławiecki;dolnośląskie;1;1;1;185;199;46;139;0;139;0;1;0;0;0;0;0;0;139;0;0;139;8;4;4;0;131;6;21;5;47;14;36;2;;;;;
1;Centrum Aktywności Społecznej w Tomisławiu, Tomisław 62A, 59-724 Osiecznica;20105;gm. Osiecznica;bolesławiecki;dolnośląskie;1;1;1;747;792;217;530;0;530;3;0;0;0;0;0;0;0;530;0;0;530;16;13;3;0;514;18;58;39;206;60;115;18;;;;;
2;Gminny Ośrodek Sportu i Rekreacji w Osiecznicy, ul. Lubańska 29B, 59-724 Osiecznica;20105;gm. Osiecznica;bolesławiecki;dolnośląskie;1;1;1;1152;1256;308;844;1;845;0;17;1;0;0;0;0;1;845;1;0;845;24;18;6;0;821;30;89;66;263;66;296;11;;;;;
3;Świetlica Wiejska w Przejęsławiu, Przejęsław 10a, 59-724 Osiecznica;20105;gm. Osiecznica;bolesławiecki;dolnośląskie;1;1;1;402;416;144;258;0;258;0;0;0;0;0;0;0;0;258;0;0;258;12;6;6;0;246;9;24;20;97;29;63;4;;;;;
4;Świetlica Wiejska w Ławszowej, Ławszowa 81, 59-724 Osiecznica;20105;gm. Osiecznica;bolesławiecki;dolnośląskie;1;1;1;488;523;171;317;0;317;0;1;0;0;0;0;0;0;317;0;0;317;14;11;3;0;303;11;29;20;144;21;71;7;;;;;
5;Świetlica Wiejska w Parowej, Parowa 89A, 59-724 Osiecznica;20105;gm. Osiecznica;bolesławiecki;dolnośląskie;1;1;1;758;815;280;478;0;478;0;0;0;0;0;0;0;0;478;0;0;478;14;7;7;0;464;16;61;42;160;38;139;8;;;;;
6;Centrum Aktywności Społecznej w Ołoboku, Ołobok 62A, 59-724 Osiecznica;20105;gm. Osiecznica;bolesławiecki;dolnośląskie;1;1;1;287;316;135;152;0;152;0;0;0;0;0;0;0;0;152;0;0;152;10;7;3;0;142;2;14;17;57;9;40;3;;;;;
7;Centrum Aktywności Społecznej w Świętoszowie, ul. Szkolna 15, 59-726 Świętoszów;20105;gm. Osiecznica;bolesławiecki;dolnośląskie;1;1;1;943;1044;189;754;1;755;0;14;1;0;0;0;0;1;755;1;0;755;5;2;3;0;750;26;100;96;206;78;222;22;;;;;
1;Wiejski Dom Kultury, Warta Bolesławiecka 29B, 59-720 Warta Bolesławiecka;20106;gm. Warta Bolesławiecka;bolesławiecki;dolnośląskie;1;1;1;710;801;129;583;0;583;0;2;0;0;0;0;0;0;583;0;0;583;16;6;10;0;567;36;65;54;192;55;155;10;;;;;
2;Szkoła Podstawowa im. Żołnierzy II Armii Wojska Polskiego, Tomaszów Bolesławiecki 96, 59-720 Tomaszów Bolesławiecki;20106;gm. Warta Bolesławiecka;bolesławiecki;dolnośląskie;1;1;1;815;887;192;623;0;623;0;3;0;0;0;0;0;0;623;0;0;623;23;15;8;0;600;35;71;63;170;45;195;21;;;;;
3;Świetlica Wiejska, Raciborowice Górne 196, 59-720 Raciborowice Górne;20106;gm. Warta Bolesławiecka;bolesławiecki;dolnośląskie;1;1;1;905;977;285;620;0;620;2;2;0;0;0;0;0;0;620;0;0;620;25;17;8;0;595;29;58;49;274;32;145;8;;;;;
4;Zespół Szkolno-Przedszkolny, Iwiny-Osiedle 60, 59-720 Iwiny;20106;gm. Warta Bolesławiecka;bolesławiecki;dolnośląskie;1;1;1;826;886;195;631;0;631;1;1;0;0;0;0;0;0;631;0;0;631;17;8;9;0;614;35;68;56;244;37;164;10;;;;;
5;Świetlica Wiejska, Szczytnica 34A, 59-720 Szczytnica;20106;gm. Warta Bolesławiecka;bolesławiecki;dolnośląskie;1;1;1;906;976;311;594;0;594;0;6;0;0;0;0;0;0;595;0;5;590;8;6;2;0;582;22;44;56;207;73;162;18;;;;;
6;Kino „Kujawy”, Raciborowice Dolne 61, 59-720 Raciborowice Dolne;20106;gm. Warta Bolesławiecka;bolesławiecki;dolnośląskie;1;1;1;469;510;158;311;0;311;0;1;0;0;0;0;0;0;311;0;0;311;13;9;4;0;298;14;32;23;125;25;75;4;;;;;
7;Świetlica Wiejska, Wartowice 37, 59-720 Wartowice;20106;gm. Warta Bolesławiecka;bolesławiecki;dolnośląskie;1;1;1;244;244;44;200;0;200;0;1;0;0;0;0;0;0;200;0;0;200;6;1;5;0;194;9;20;10;89;28;33;5;;;;;
8;Świetlica Wiejska, Lubków 8B, 59-720 Lubków;20106;gm. Warta Bolesławiecka;bolesławiecki;dolnośląskie;1;1;1;248;276;59;189;0;189;0;0;0;0;0;0;0;0;189;0;0;189;4;2;2;0;185;10;12;10;84;22;44;3;;;;;
9;Świetlica Wiejska, Jurków 48A, 59-720 Jurków;20106;gm. Warta Bolesławiecka;bolesławiecki;dolnośląskie;1;1;1;181;203;24;157;0;157;0;0;0;0;0;0;0;0;157;0;0;157;11;5;6;0;146;8;13;9;94;5;15;2;;;;;
1;Bielawski Inkubator Przedsiębiorczości Sala Konferencyjna, ul. Wolności 24, 58-260 Bielawa;20201;m. Bielawa;dzierżoniowski;dolnośląskie;2;1;1;930;1054;238;692;0;692;1;7;0;0;0;0;0;0;692;0;0;692;14;8;6;0;678;14;96;56;223;66;212;11;;;;;
2;Ekologiczna Szkoła Podstawowa nr 7 im. Juliana Tuwima, ul. Brzeżna 48, 58-260 Bielawa;20201;m. Bielawa;dzierżoniowski;dolnośląskie;2;1;1;1180;1278;359;821;0;821;0;9;0;0;0;0;0;0;821;0;2;819;16;10;6;0;803;12;132;65;261;71;253;9;;;;;
3;Zespół Szkół i Placówek Kształcenia Zawodowego, ul. Stefana Żeromskiego 41, 58-260 Bielawa;20201;m. Bielawa;dzierżoniowski;dolnośląskie;2;1;1;1070;1164;335;735;1;736;4;6;1;0;0;0;0;1;735;1;0;735;7;4;3;0;728;11;97;70;244;47;235;24;;;;;
4;"Klub ""Włókniarz"" Spółdzielni Mieszkaniowej, os. Osiedle Włókniarzy 1, 58-260 Bielawa";20201;m. Bielawa;dzierżoniowski;dolnośląskie;2;1;1;1120;1174;303;817;0;817;3;3;0;0;0;0;0;0;817;0;0;817;6;4;2;0;811;14;101;63;296;48;280;9;;;;;
5;Ekologiczna Szkoła Podstawowa nr 7 im. Juliana Tuwima, os. Osiedle Włókniarzy 10, 58-260 Bielawa;20201;m. Bielawa;dzierżoniowski;dolnośląskie;2;1;1;850;901;247;602;0;602;4;4;0;0;0;0;0;0;602;0;0;602;14;8;6;0;588;8;71;53;211;31;202;12;;;;;
6;Szkoła Podstawowa nr 10 z Oddziałami Sportowymi im. Polskich Olimpijczyków, ul. Parkowa 12, 58-260 Bielawa;20201;m. Bielawa;dzierżoniowski;dolnośląskie;2;1;1;940;1001;244;696;0;696;0;10;0;0;0;0;0;0;696;0;0;696;8;4;4;0;688;12;96;89;200;56;225;10;;;;;
7;Szkoła Podstawowa nr 10 z Oddziałami Sportowymi im. Polskich Olimpijczyków, ul. Parkowa 12, 58-260 Bielawa;20201;m. Bielawa;dzierżoniowski;dolnośląskie;2;1;1;1100;1178;315;785;0;785;8;3;0;0;0;0;0;0;785;0;0;785;20;13;7;0;765;12;92;69;270;35;270;17;;;;;
8;Żłobek Publiczny, ul. gen. Grota Roweckiego 7, 58-260 Bielawa;20201;m. Bielawa;dzierżoniowski;dolnośląskie;2;1;1;1000;1072;213;787;0;787;3;9;0;0;0;0;0;0;787;0;0;787;15;13;2;0;772;13;111;87;262;45;240;14;;;;;
9;Szkoła Podstawowa nr 10 z Oddziałami Sportowymi im. Polskich Olimpijczyków, ul. Parkowa 12, 58-260 Bielawa;20201;m. Bielawa;dzierżoniowski;dolnośląskie;2;1;1;980;1032;255;725;3;728;0;3;2;0;0;0;0;2;727;2;0;727;3;3;0;0;724;11;74;76;251;53;249;10;;;;;
10;"Klub ""Sowa"" Spółdzielni Mieszkaniowej, ul. Jana III Sobieskiego 17, 58-260 Bielawa";20201;m. Bielawa;dzierżoniowski;dolnośląskie;2;1;1;1050;1131;165;885;0;885;2;6;0;0;0;0;0;0;885;0;2;883;7;7;0;0;876;18;132;71;245;66;325;19;;;;;
11;Szkoła Podstawowa nr 10 z Oddziałami Sportowymi im. Polskich Olimpijczyków, ul. gen. Grota Roweckiego 6, 58-260 Bielawa;20201;m. Bielawa;dzierżoniowski;dolnośląskie;2;1;1;900;953;240;660;0;660;1;7;0;0;0;0;0;0;660;0;0;660;11;7;4;0;649;8;69;64;236;36;233;3;;;;;
12;Szkoła Podstawowa nr 10 z Oddziałami Sportowymi im. Polskich Olimpijczyków, ul. gen. Grota Roweckiego 6, 58-260 Bielawa;20201;m. Bielawa;dzierżoniowski;dolnośląskie;2;1;1;860;908;239;621;0;621;1;7;0;0;0;0;0;0;621;0;0;621;12;8;4;0;609;5;60;77;252;31;176;8;;;;;
13;Przedszkole Publiczne nr 3, ul. 3 Maja 22, 58-260 Bielawa;20201;m. Bielawa;dzierżoniowski;dolnośląskie;2;1;1;840;901;245;595;1;596;3;1;1;1;0;0;0;0;595;0;0;595;12;5;7;0;583;9;78;65;214;36;169;12;;;;;
14;Liceum Ogólnokształcące z Oddziałami Dwujęzycznymi im. Bolesława Chrobrego, ul. Szkolna 5, 58-260 Bielawa;20201;m. Bielawa;dzierżoniowski;dolnośląskie;2;1;1;1020;1085;205;815;1;816;2;4;1;0;0;0;0;1;816;1;0;816;10;7;3;0;806;10;97;86;202;43;358;10;;;;;
15;Miejski Zarząd Budynków Mieszkalnych Sp. z o. o., ul. 3 Maja 48, 58-260 Bielawa;20201;m. Bielawa;dzierżoniowski;dolnośląskie;2;1;1;979;1055;264;715;0;715;1;9;0;0;0;0;0;0;715;0;0;715;20;10;10;0;695;8;98;71;237;50;215;16;;;;;
16;Zespół Ośrodków Wsparcia, ul. Lotnicza 5, 58-260 Bielawa;20201;m. Bielawa;dzierżoniowski;dolnośląskie;2;1;1;880;934;294;586;0;586;1;5;0;0;0;0;0;0;586;0;0;586;6;2;4;0;580;18;74;45;196;39;201;7;;;;;
17;Szkoła Podstawowa nr 4 z Oddziałami Integracyjnymi, ul. Ludowa 11, 58-260 Bielawa;20201;m. Bielawa;dzierżoniowski;dolnośląskie;2;1;1;861;919;309;552;0;552;2;2;0;0;0;0;0;0;552;0;0;552;11;11;0;0;541;16;79;46;178;48;164;10;;;;;
18;Szkoła Podstawowa nr 4 z Oddziałami Integracyjnymi, ul. Ludowa 11, 58-260 Bielawa;20201;m. Bielawa;dzierżoniowski;dolnośląskie;2;1;1;1020;1080;353;667;0;667;5;6;0;0;0;0;0;0;666;0;0;666;10;5;5;0;656;10;82;55;220;58;223;8;;;;;
19;Zespół Szkół Cechu Rzemiosł Różnych, ul. Polna 2, 58-260 Bielawa;20201;m. Bielawa;dzierżoniowski;dolnośląskie;2;1;1;970;1043;295;675;0;675;5;2;0;0;0;0;0;0;675;0;0;675;21;11;10;0;654;10;87;64;214;38;230;11;;;;;
20;Szkoła Podstawowa nr 4 z Oddziałami Integracyjnymi, ul. Ludwika Waryńskiego 50, 58-260 Bielawa;20201;m. Bielawa;dzierżoniowski;dolnośląskie;2;1;1;1050;1131;239;811;0;811;1;14;0;0;0;0;0;0;811;0;0;811;11;6;5;0;800;25;92;62;239;62;306;14;;;;;
21;Szkoła Podstawowa nr 4 z Oddziałami Integracyjnymi, ul. Ludwika Waryńskiego 50, 58-260 Bielawa;20201;m. Bielawa;dzierżoniowski;dolnośląskie;2;1;1;760;821;236;524;0;524;1;5;0;0;0;0;0;0;524;0;0;524;18;18;0;0;506;11;62;46;182;33;164;8;;;;;
1;"Pracownicze Ogródki Działkowe ""Jar"", ul. Złota 10, 58-200 Dzierżoniów";20202;m. Dzierżoniów;dzierżoniowski;dolnośląskie;2;1;1;1069;1146;141;928;0;928;3;5;0;0;0;0;0;0;928;0;0;928;7;1;6;0;921;9;119;52;210;57;463;11;;;;;
2;Przedszkole Publiczne nr 7, os. Osiedle Tęczowe 3, 58-200 Dzierżoniów;20202;m. Dzierżoniów;dzierżoniowski;dolnośląskie;2;1;1;1400;1488;225;1175;1;1176;1;4;1;1;0;0;0;0;1175;0;0;1175;11;4;7;0;1164;17;188;81;329;77;451;21;;;;;
3;Przedszkole Publiczne nr 2 z Oddziałami Integracyjnymi i Oddziałem Specjalnym, ul. Złota 8, 58-200 Dzierżoniów;20202;m. Dzierżoniów;dzierżoniowski;dolnośląskie;2;1;1;891;978;207;684;0;684;0;3;0;0;0;0;0;0;684;0;0;684;15;8;7;0;669;13;73;49;274;43;207;10;;;;;
4;Szkoła Podstawowa Nr 5 z Oddziałami Integracyjnymi im. Bohaterów Westerplatte, os. Osiedle Błękitne 25, 58-200 Dzierżoniów;20202;m. Dzierżoniów;dzierżoniowski;dolnośląskie;2;1;1;840;907;174;666;0;666;3;6;0;0;0;0;0;0;666;0;0;666;18;13;5;0;648;4;59;59;257;31;226;12;;;;;
5;Przedszkole Publiczne nr 3, os. Osiedle Błękitne 26, 58-200 Dzierżoniów;20202;m. Dzierżoniów;dzierżoniowski;dolnośląskie;2;1;1;960;1007;217;743;2;745;0;2;2;0;0;0;0;2;745;2;1;744;17;9;8;0;727;12;84;60;244;44;263;20;;;;;
6;Szkoła Podstawowa Nr 5 z Oddziałami Integracyjnymi im. Bohaterów Westerplatte, os. Osiedle Błękitne 25, 58-200 Dzierżoniów;20202;m. Dzierżoniów;dzierżoniowski;dolnośląskie;2;1;1;1100;1173;222;878;2;880;5;9;2;0;0;0;0;2;880;2;0;880;16;11;5;0;864;11;113;64;285;48;333;10;;;;;
7;Szkoła Podstawowa nr 1 im. Noblistów Polskich, ul. gen. Władysława Sikorskiego 2, 58-200 Dzierżoniów;20202;m. Dzierżoniów;dzierżoniowski;dolnośląskie;2;1;1;980;1075;209;771;2;773;3;1;2;1;0;0;1;0;771;0;0;771;9;5;4;0;762;7;95;56;269;48;275;12;;;;;
8;Filia Miejsko-Powiatowej Biblioteki Publicznej im. Krzysztofa Kamila Baczyńskiego w Dzierżoniowie, ul. gen. Władysława Sikorskiego 2, 58-200 Dzierżoniów;20202;m. Dzierżoniów;dzierżoniowski;dolnośląskie;2;1;1;970;1029;214;746;1;747;1;5;1;0;0;0;0;1;747;1;0;747;9;1;8;0;738;7;81;58;259;41;271;21;;;;;
9;Przedszkole Niepubliczne nr 4, os. Osiedle Jasne 21, 58-200 Dzierżoniów;20202;m. Dzierżoniów;dzierżoniowski;dolnośląskie;2;1;1;910;973;181;729;0;729;2;1;0;0;0;0;0;0;729;0;0;729;6;3;3;0;723;9;97;56;240;25;283;13;;;;;
10;"Niepubliczny Żłobek ""Sówka"", os. Osiedle Jasne 22, 58-200 Dzierżoniów";20202;m. Dzierżoniów;dzierżoniowski;dolnośląskie;2;1;1;680;737;136;544;0;544;2;3;0;0;0;0;0;0;544;0;0;544;2;0;2;0;542;8;47;32;186;38;218;13;;;;;
11;Niepubliczna Szkoła Podstawowa „Edukacja i Rodzina”, ul. Wrocławska 51, 58-200 Dzierżoniów;20202;m. Dzierżoniów;dzierżoniowski;dolnośląskie;2;1;1;1130;1217;161;969;0;969;3;7;0;0;0;0;0;0;969;0;2;967;15;11;4;0;952;9;111;72;273;66;407;14;;;;;
12;była siedziba Dziennego Domu Senior+, ul. Ignacego Krasickiego 25, 58-200 Dzierżoniów;20202;m. Dzierżoniów;dzierżoniowski;dolnośląskie;2;1;1;1000;1095;287;713;1;714;2;8;1;0;0;0;0;1;714;1;0;714;7;4;3;0;707;22;85;56;246;64;219;15;;;;;
13;I Liceum Ogólnokształcące im. Jędrzeja Śniadeckiego, ul. marsz. Józefa Piłsudskiego 10, 58-200 Dzierżoniów;20202;m. Dzierżoniów;dzierżoniowski;dolnośląskie;2;1;1;960;1033;335;625;0;625;2;5;0;0;0;0;0;0;625;0;0;625;11;8;3;0;614;6;64;48;245;48;192;11;;;;;
14;Zespół Szkół Nr 3 im. Kombatantów Rzeczypospolitej Polskiej, ul. Słowiańska 6, 58-200 Dzierżoniów;20202;m. Dzierżoniów;dzierżoniowski;dolnośląskie;2;1;1;1040;1117;260;780;1;781;0;2;1;0;0;0;0;1;781;1;0;781;14;6;8;0;767;10;81;58;262;54;288;14;;;;;
15;"dawny Biurowiec ""Silesiany"", ul. Batalionów Chłopskich 19, 58-200 Dzierżoniów";20202;m. Dzierżoniów;dzierżoniowski;dolnośląskie;2;1;1;1210;1340;253;957;13;970;1;6;12;0;0;0;0;12;969;12;0;969;10;6;4;0;959;13;100;56;335;64;379;12;;;;;
16;Przedszkole Publiczne nr 1 im. Jana Brzechwy, ul. Batalionów Chłopskich 20, 58-200 Dzierżoniów;20202;m. Dzierżoniów;dzierżoniowski;dolnośląskie;2;1;1;1109;1163;237;872;3;875;5;7;3;0;0;0;0;3;875;3;0;875;15;8;7;0;860;15;106;55;220;46;403;15;;;;;
17;Szkoła Podstawowa nr 9 im. Mikołaja Kopernika, ul. Mikołaja Kopernika 7, 58-200 Dzierżoniów;20202;m. Dzierżoniów;dzierżoniowski;dolnośląskie;2;1;1;931;999;311;620;1;621;0;5;1;0;0;0;0;1;621;1;0;621;13;9;4;0;608;15;74;63;204;49;196;7;;;;;
18;Dzierżoniowski Ośrodek Kultury, ul. Świdnicka 23, 58-200 Dzierżoniów;20202;m. Dzierżoniów;dzierżoniowski;dolnośląskie;2;1;1;1180;1268;316;864;2;866;1;11;2;0;0;0;0;2;866;2;0;866;7;5;2;0;859;11;78;69;267;76;350;8;;;;;
19;Dzienny Dom Senior+, ul. Świdnicka 35, 58-200 Dzierżoniów;20202;m. Dzierżoniów;dzierżoniowski;dolnośląskie;2;1;1;1110;1106;368;742;2;744;0;13;2;0;0;0;0;2;744;2;0;744;9;6;3;0;735;8;72;53;265;53;275;9;;;;;
20;Ośrodek Pomocy Społecznej, ul. Szkolna 24, 58-200 Dzierżoniów;20202;m. Dzierżoniów;dzierżoniowski;dolnośląskie;2;1;1;1301;1388;420;881;2;883;3;8;2;0;0;0;0;2;883;2;0;883;20;11;9;0;863;7;99;87;283;53;318;16;;;;;
21;Szkoła Podstawowa nr 3 im. Komisji Edukacji Narodowej, ul. Nowowiejska 64, 58-200 Dzierżoniów;20202;m. Dzierżoniów;dzierżoniowski;dolnośląskie;2;1;1;1200;1316;401;798;1;799;0;3;1;0;0;0;0;1;800;1;0;800;16;8;8;0;784;20;100;54;279;70;238;23;;;;;
1;Niepubliczna Szkoła Podstawowa-Stowarzyszenie Nauczyciele Dzieciom, ul. Świdnicka 53, 58-250 Pieszyce;20203;gm. Pieszyce;dzierżoniowski;dolnośląskie;2;1;1;820;883;255;565;0;565;0;0;0;0;0;0;0;0;565;0;0;565;28;22;6;0;537;9;83;26;235;29;152;3;;;;;
2;Szkoła Podstawowa nr 1 im. Pieszyckiej Harcerskiej Organizacji Podziemnej w Pieszycach-budynek D (hala sportowa), ul. Adama Mickiewicza 8, 58-250 Pieszyce;20203;gm. Pieszyce;dzierżoniowski;dolnośląskie;2;1;1;1560;1668;591;969;0;969;4;8;0;0;0;0;0;0;969;0;0;969;27;23;4;0;942;20;90;71;329;66;341;25;;;;;
3;Szkoła Podstawowa nr 1 im. Pieszyckiej Harcerskiej Organizacji Podziemnej w Pieszycach, ul. Ogrodowa 23, 58-250 Pieszyce;20203;gm. Pieszyce;dzierżoniowski;dolnośląskie;2;1;1;1320;1416;341;979;0;979;4;10;0;0;0;0;0;0;979;0;6;973;14;8;6;0;959;25;107;58;320;61;342;46;;;;;
4;Centrum Usług Społecznych w Pieszycach, ul. Mikołaja Kopernika 124, 58-250 Pieszyce;20203;gm. Pieszyce;dzierżoniowski;dolnośląskie;2;1;1;1170;1232;396;774;0;774;1;4;0;0;0;0;0;0;774;0;0;774;14;8;6;0;760;26;96;49;272;66;234;17;;;;;
5;Sala Sołecka, Kamionki 60, 58-250 Pieszyce;20203;gm. Pieszyce;dzierżoniowski;dolnośląskie;2;1;1;350;383;79;271;0;271;0;0;0;0;0;0;0;0;271;0;0;271;12;7;5;0;259;6;24;12;113;26;74;4;;;;;
6;Sala Sołecka, Piskorzów 48d, 58-250 Pieszyce;20203;gm. Pieszyce;dzierżoniowski;dolnośląskie;2;1;1;450;492;87;363;0;363;0;3;0;0;0;0;0;0;363;0;0;363;9;5;4;0;354;5;27;18;124;31;126;23;;;;;
7;Filia Miejskiej Biblioteki Publicznej-Centrum Kultury w Pieszycach, Rościszów 51a, 58-250 Pieszyce;20203;gm. Pieszyce;dzierżoniowski;dolnośląskie;2;1;1;520;582;141;376;0;376;1;11;0;0;0;0;0;0;379;0;0;379;10;7;3;0;369;5;41;26;123;29;126;19;;;;;
8;Sala wiejska w Bratoszowie, Bratoszów 52, 58-250 Pieszyce;20203;gm. Pieszyce;dzierżoniowski;dolnośląskie;2;1;1;170;183;47;123;0;123;0;1;0;0;0;0;0;0;123;0;0;123;2;1;1;0;121;2;16;8;35;16;39;5;;;;;
1;Szkoła Podstawowa im. Krzysztofa Kamila Baczyńskiego, ul. Tadeusza Kościuszki 1, 58-240 Piława Górna;20204;m. Piława Górna;dzierżoniowski;dolnośląskie;2;1;1;1391;1483;424;967;1;968;3;5;1;1;0;0;0;0;967;0;0;967;20;12;8;0;947;23;148;68;337;79;273;19;;;;;
2;Szkoła Podstawowa im. Krzysztofa Kamila Baczyńskiego, ul. Tadeusza Kościuszki 1, 58-240 Piława Górna;20204;m. Piława Górna;dzierżoniowski;dolnośląskie;2;1;1;1500;1604;475;1025;3;1028;3;5;3;0;0;0;0;3;1028;3;0;1028;30;20;10;0;998;17;140;76;419;70;263;13;;;;;
3;Świetlica Ochotniczej Straży Pożarnej, ul. Bolesława Limanowskiego 3, 58-240 Piława Górna;20204;m. Piława Górna;dzierżoniowski;dolnośląskie;2;1;1;1370;1440;451;919;1;920;3;1;1;0;0;0;0;1;920;1;0;920;28;22;6;0;892;15;111;62;370;66;253;15;;;;;
1;Centrum Biblioteczno-Kulturalne, ul. Kolejowa 12B, 58-116 Mościsko;20205;gm. Dzierżoniów;dzierżoniowski;dolnośląskie;2;1;1;240;271;58;182;0;182;0;0;0;0;0;0;0;0;182;0;0;182;4;2;2;0;178;6;23;7;54;15;68;5;;;;;
2;Centrum Biblioteczno-Kulturalne, ul. Kolejowa 12B, 58-116 Mościsko;20205;gm. Dzierżoniów;dzierżoniowski;dolnośląskie;2;1;1;500;523;107;393;0;393;0;5;0;0;0;0;0;0;393;0;0;393;21;15;6;0;372;5;31;14;111;29;171;11;;;;;
3;Sala Integracji Społecznej, Włóki 78, 58-207 Tuszyn;20205;gm. Dzierżoniów;dzierżoniowski;dolnośląskie;2;1;1;390;415;67;323;0;323;0;1;0;0;0;0;0;0;323;0;0;323;5;1;4;0;318;1;30;19;88;27;145;8;;;;;
4;Szkoła Podstawowa im. Jana Pawła II, Tuszyn 47, 58-207 Tuszyn;20205;gm. Dzierżoniów;dzierżoniowski;dolnośląskie;2;1;1;280;313;47;233;0;233;0;3;0;0;0;0;0;0;233;0;0;233;1;0;1;0;232;5;27;13;85;19;82;1;;;;;
5;Budynek integracji społecznej w Książnicy, Książnica 5B, 58-207 Tuszyn;20205;gm. Dzierżoniów;dzierżoniowski;dolnośląskie;2;1;1;370;395;98;272;0;272;0;2;0;0;0;0;0;0;272;0;0;272;10;8;2;0;262;4;33;14;101;34;71;5;;;;;
6;Filia Nr 2 Biblioteki Publicznej, ul. Piastowska 1, 58-211 Uciechów;20205;gm. Dzierżoniów;dzierżoniowski;dolnośląskie;2;1;1;730;789;129;601;1;602;2;2;0;0;0;0;0;0;601;0;0;601;12;7;5;0;589;11;64;35;247;43;168;21;;;;;
7;Centrum Kulturalno-Sportowo-Oświatowe, Dobrocin ul. Kościuszki 14A, 58-200 Dzierżoniów;20205;gm. Dzierżoniów;dzierżoniowski;dolnośląskie;2;1;1;440;479;123;317;0;317;1;3;0;0;0;0;0;0;317;0;0;317;6;4;2;0;311;2;34;22;127;29;92;5;;;;;
8;Budynek wielofunkcyjny, Roztocznik 41A, 58-217 Gilów;20205;gm. Dzierżoniów;dzierżoniowski;dolnośląskie;2;1;1;340;369;83;257;0;257;2;0;0;0;0;0;0;0;257;0;0;257;19;14;5;0;238;11;19;12;127;20;46;3;;;;;
9;Zespół Szkolno-Przedszkolny, ul. Główna 50, 58-241 Piława Dolna;20205;gm. Dzierżoniów;dzierżoniowski;dolnośląskie;2;1;1;1050;1128;234;816;0;816;2;3;0;0;0;0;0;0;814;0;0;814;15;11;4;0;799;13;57;39;321;77;269;23;;;;;
10;Świetlica wiejska, Owiesno 88, 58-262 Ostroszowice;20205;gm. Dzierżoniów;dzierżoniowski;dolnośląskie;2;1;1;440;482;116;324;1;325;0;0;1;0;0;0;0;1;325;1;0;325;6;3;3;0;319;4;38;14;114;39;106;4;;;;;
11;Zespół Szkolno-Przedszkolny, ul. Bielawska 58, 58-262 Ostroszowice;20205;gm. Dzierżoniów;dzierżoniowski;dolnośląskie;2;1;1;890;959;229;661;0;661;0;1;0;0;0;0;0;0;661;0;0;661;13;9;4;0;648;4;70;43;243;37;247;4;;;;;
12;Domek Myśliwski, Jodłownik 40, 58-262 Ostroszowice;20205;gm. Dzierżoniów;dzierżoniowski;dolnośląskie;2;1;1;300;318;71;229;0;229;0;2;0;0;0;0;0;0;229;0;0;229;2;1;1;0;227;2;17;14;117;11;64;2;;;;;
13;Sala Wiejska w Nowiźnie, ul. Długa 12, 58-116 Nowizna;20205;gm. Dzierżoniów;dzierżoniowski;dolnośląskie;2;1;1;300;315;75;225;1;226;0;4;0;0;0;0;0;0;225;0;0;225;4;1;3;0;221;8;29;3;98;24;53;6;;;;;
14;Pałac w Kiełczynie, Kiełczyn 13, 58-207 Kiełczyn;20205;gm. Dzierżoniów;dzierżoniowski;dolnośląskie;2;1;1;170;187;37;133;0;133;0;4;0;0;0;0;0;0;133;0;0;133;3;3;0;0;130;2;17;2;67;7;32;3;;;;;
1;Oddział przedszkolny Szkoły Podstawowej im. Jana Pawła II w Łagiewnikach, Jaźwina 79, 58-212 Jaźwina;20206;gm. Łagiewniki;dzierżoniowski;dolnośląskie;2;1;1;800;849;250;550;0;550;0;4;0;0;0;0;0;0;550;0;0;550;10;10;0;0;540;17;52;31;241;46;143;10;;;;;
2;Sala Wiejska, Ratajno 55, 58-210 Łagiewniki;20206;gm. Łagiewniki;dzierżoniowski;dolnośląskie;2;1;1;480;535;94;386;0;386;1;13;0;0;0;0;0;0;386;0;0;386;8;3;5;0;378;4;38;21;185;27;98;5;;;;;
3;Sala Wiejska, ul. Wesoła 9, 58-214 Oleszna;20206;gm. Łagiewniki;dzierżoniowski;dolnośląskie;2;1;1;610;668;118;492;0;492;0;0;0;0;0;0;0;0;492;0;0;492;12;9;3;0;480;11;55;21;239;52;97;5;;;;;
4;Sala Wiejska, Radzików 56, 58-210 Łagiewniki;20206;gm. Łagiewniki;dzierżoniowski;dolnośląskie;2;1;1;280;323;46;234;0;234;0;18;0;0;0;0;0;0;234;0;0;234;3;2;1;0;231;2;29;24;95;18;62;1;;;;;
5;Szkoła Podstawowa im. Jana Pawła II w Łagiewnikach, ul. Jedności Narodowej 38, 58-210 Łagiewniki;20206;gm. Łagiewniki;dzierżoniowski;dolnośląskie;2;1;1;1130;1276;199;931;0;931;5;30;0;0;0;0;0;0;931;0;0;931;12;9;3;0;919;19;140;61;370;78;238;13;;;;;
6;Szkoła Podstawowa im. Jana Pawła II w Łagiewnikach, ul. Jedności Narodowej 38, 58-210 Łagiewniki;20206;gm. Łagiewniki;dzierżoniowski;dolnośląskie;2;1;1;810;907;177;633;0;633;0;12;0;0;0;0;0;0;633;0;0;633;11;7;4;0;622;14;110;42;244;49;160;3;;;;;
7;Sala Wiejska, Ligota Wielka 57, 58-210 Łagiewniki;20206;gm. Łagiewniki;dzierżoniowski;dolnośląskie;2;1;1;330;350;77;253;0;253;0;0;0;0;0;0;0;0;253;0;0;253;5;2;3;0;248;5;19;8;139;22;55;0;;;;;
8;Sala Wiejska, Słupice 89, 58-212 Jaźwina;20206;gm. Łagiewniki;dzierżoniowski;dolnośląskie;2;1;1;390;415;89;301;0;301;0;0;0;0;0;0;0;0;301;0;0;301;4;3;1;0;297;7;29;22;164;17;51;7;;;;;
1;"„Klub Senior+"", ul. Ogrodowa 1, 58-230 Niemcza";20207;gm. Niemcza;dzierżoniowski;dolnośląskie;2;1;1;710;766;192;518;0;518;2;1;0;0;0;0;0;0;518;0;0;518;8;7;1;0;510;7;66;47;207;20;157;6;;;;;
2;Niemczański Ośrodek Kultury, rynek Rynek 32, 58-230 Niemcza;20207;gm. Niemcza;dzierżoniowski;dolnośląskie;2;1;1;550;576;201;349;0;349;2;9;0;0;0;0;0;0;349;0;0;349;18;6;12;0;331;8;27;25;136;27;104;4;;;;;
3;Dom Pomocy Społecznej-filia w Niemczy, ul. Kolejowa 14 - 16, 58-230 Niemcza;20207;gm. Niemcza;dzierżoniowski;dolnośląskie;2;1;1;800;852;293;507;0;507;3;4;0;0;0;0;0;0;507;0;0;507;21;15;6;0;486;15;53;36;214;32;129;7;;;;;
4;Niepubliczna Szkoła Podstawowa, Przerzeczyn-Zdrój ul. Zdrojowa 14, 58-231 Niemcza;20207;gm. Niemcza;dzierżoniowski;dolnośląskie;2;1;1;500;537;128;372;0;372;1;1;0;0;0;0;0;0;372;0;0;372;13;9;4;0;359;9;24;32;153;30;111;0;;;;;
5;Budynek gminny, Wilków Wielki 26, 58-230 Niemcza;20207;gm. Niemcza;dzierżoniowski;dolnośląskie;2;1;1;470;504;132;338;0;338;0;3;0;0;0;0;0;0;338;0;0;338;16;12;4;0;322;14;44;20;130;33;76;5;;;;;
6;Niepubliczna Szkoła Podstawowa, Gilów 49, 58-217 Niemcza;20207;gm. Niemcza;dzierżoniowski;dolnośląskie;2;1;1;540;595;122;418;0;418;1;8;0;0;0;0;0;0;418;0;0;418;15;15;0;0;403;6;57;24;166;39;105;6;;;;;
7;Świetlica wiejska, Nowa Wieś Niemczańska 24/1, 58-231 Niemcza;20207;gm. Niemcza;dzierżoniowski;dolnośląskie;2;1;1;230;241;53;177;0;177;0;2;0;0;0;0;0;0;177;0;0;177;11;9;2;0;166;3;29;9;73;13;38;1;;;;;
1;Państwowa Wyższa Szkoła Zawodowa, ul. Piotra Skargi 5, 67-200 Głogów;20301;m. Głogów;głogowski;dolnośląskie;1;1;1;2169;2366;267;1902;1;1903;6;49;1;0;0;0;0;1;1903;1;0;1903;32;19;13;0;1871;31;196;195;464;144;813;28;;;;;
2;Zespół Szkół Politechnicznych, pl. Plac Jana z Głogowa 7, 67-200 Głogów;20301;m. Głogów;głogowski;dolnośląskie;1;1;1;1673;1757;401;1272;0;1272;3;33;0;0;0;0;0;0;1272;0;0;1272;23;9;14;0;1249;23;105;124;419;76;476;26;;;;;
3;I Liceum Ogólnokształcące w Głogowie, ul. Jedności Robotniczej 10, 67-200 Głogów;20301;m. Głogów;głogowski;dolnośląskie;1;1;1;1772;1821;586;1186;0;1186;2;25;0;0;0;0;0;0;1186;0;0;1186;15;7;8;0;1171;29;73;99;487;69;395;19;;;;;
4;Szkoła Podstawowa nr 2, ul. Aleja Wolności 74, 67-200 Głogów;20301;m. Głogów;głogowski;dolnośląskie;1;1;1;1643;1738;495;1148;1;1149;2;19;1;0;0;0;1;0;1148;0;0;1148;31;22;9;0;1117;22;81;110;410;81;403;10;;;;;
5;Szkoła Podstawowa nr 8, ul. Gustawa Morcinka 2, 67-200 Głogów;20301;m. Głogów;głogowski;dolnośląskie;1;1;1;884;900;204;680;0;680;3;2;0;0;0;0;0;0;680;0;0;680;10;7;3;0;670;12;51;61;269;29;237;11;;;;;
6;Miejska Biblioteka Publiczna, ul. Jedności Robotniczej 15, 67-200 Głogów;20301;m. Głogów;głogowski;dolnośląskie;1;1;1;1108;1181;208;910;0;910;3;40;0;0;0;0;0;0;910;0;0;910;9;5;4;0;901;30;73;86;345;23;337;7;;;;;
7;Przedszkole Publiczne nr 6, ul. Gustawa Morcinka 6, 67-200 Głogów;20301;m. Głogów;głogowski;dolnośląskie;1;1;1;1109;1170;253;856;0;856;2;15;0;0;0;0;0;0;856;0;0;856;19;9;10;0;837;10;65;92;329;43;290;8;;;;;
8;Szkoła Podstawowa nr 8, ul. Gustawa Morcinka 2, 67-200 Głogów;20301;m. Głogów;głogowski;dolnośląskie;1;1;1;925;989;212;713;1;714;0;15;1;0;0;0;0;1;713;1;0;713;10;7;3;0;703;16;49;58;270;33;265;12;;;;;
9;Szkoła Podstawowa nr 6, ul. Tadeusza Kościuszki 18, 67-200 Głogów;20301;m. Głogów;głogowski;dolnośląskie;1;1;1;1076;1136;209;867;0;867;1;13;0;0;0;0;0;0;867;0;1;866;5;4;1;0;861;14;68;62;327;38;339;13;;;;;
10;Szkoła Podstawowa nr 12, ul. Mikołaja Gomółki 43, 67-200 Głogów;20301;m. Głogów;głogowski;dolnośląskie;1;1;1;1077;1133;267;810;2;812;2;7;2;0;0;0;2;0;810;0;0;810;10;8;2;0;800;14;75;73;270;43;313;12;;;;;
11;"Stowarzyszenie na Rzecz Integracji i Usamodzielniania "" Dom w Głogowie"", ul. Okrężna 21, 67-200 Głogów";20301;m. Głogów;głogowski;dolnośląskie;1;1;1;670;719;136;534;0;534;1;12;0;0;0;0;0;0;534;0;0;534;14;9;5;0;520;9;63;47;167;30;200;4;;;;;
12;Przedszkole Publiczne nr 9, ul. Perseusza 3, 67-200 Głogów;20301;m. Głogów;głogowski;dolnośląskie;1;1;1;1332;1427;243;1089;1;1090;0;18;1;0;0;0;0;1;1090;1;0;1090;12;6;6;0;1078;23;91;101;354;69;429;11;;;;;
13;Szkoła Podstawowa nr 12, ul. Mikołaja Gomółki 43, 67-200 Głogów;20301;m. Głogów;głogowski;dolnośląskie;1;1;1;1683;1757;366;1316;0;1316;5;14;0;0;0;0;0;0;1315;0;0;1315;14;9;5;0;1301;25;129;116;467;85;467;12;;;;;
14;Przedszkole Publiczne nr 19, ul. Plutona 3, 67-200 Głogów;20301;m. Głogów;głogowski;dolnośląskie;1;1;1;2664;1753;1424;1240;0;1240;2;13;0;0;0;0;0;0;1240;0;0;1240;25;17;8;0;1215;18;111;99;450;61;462;14;;;;;
15;Szkoła Podstawowa nr 10, ul. Andromedy 62, 67-200 Głogów;20301;m. Głogów;głogowski;dolnośląskie;1;1;1;1730;1832;362;1368;0;1368;1;16;0;0;0;0;0;0;1368;0;0;1368;14;7;7;0;1354;24;125;114;483;71;524;13;;;;;
16;Szkoła Podstawowa nr 11, ul. Gwiaździsta 2, 67-200 Głogów;20301;m. Głogów;głogowski;dolnośląskie;1;1;1;1797;1923;403;1394;0;1394;1;7;0;0;0;0;0;0;1394;0;0;1394;7;4;3;0;1387;33;102;114;542;64;520;12;;;;;
17;Szkoła Podstawowa nr 11, ul. Gwiaździsta 2, 67-200 Głogów;20301;m. Głogów;głogowski;dolnośląskie;1;1;1;1891;1855;535;1356;0;1356;0;11;0;0;0;0;0;0;1356;0;0;1356;27;15;12;0;1329;30;131;128;470;57;491;22;;;;;
18;Przedszkole Publiczne nr 20, ul. Herkulesa 4, 67-200 Głogów;20301;m. Głogów;głogowski;dolnośląskie;1;1;1;1592;1630;325;1267;0;1267;1;19;0;0;0;0;0;0;1267;0;0;1267;13;8;5;0;1254;23;125;110;477;68;442;9;;;;;
19;Przedszkole Publiczne nr 20, ul. Herkulesa 4, 67-200 Głogów;20301;m. Głogów;głogowski;dolnośląskie;1;1;1;1487;1581;311;1176;0;1176;4;14;0;0;0;0;0;0;1173;0;1;1172;10;5;5;0;1162;17;95;83;450;64;437;16;;;;;
20;Szkoła Podstawowa nr 7, ul. Ignacego Daszyńskiego 11, 67-200 Głogów;20301;m. Głogów;głogowski;dolnośląskie;1;1;1;1623;1715;387;1236;0;1236;0;12;0;0;0;0;0;0;1236;0;0;1236;30;26;4;0;1206;21;93;112;465;69;434;12;;;;;
21;Przedszkole Publiczne nr 7, ul. Stanisława Moniuszki 4a, 67-200 Głogów;20301;m. Głogów;głogowski;dolnośląskie;1;1;1;1062;1145;341;721;0;721;0;16;0;0;0;0;0;0;721;0;0;721;19;10;9;0;702;20;66;75;262;32;237;10;;;;;
22;Szkoła Podstawowa nr 7, ul. Ignacego Daszyńskiego 11, 67-200 Głogów;20301;m. Głogów;głogowski;dolnośląskie;1;1;1;1505;1609;307;1198;0;1198;0;12;0;0;0;0;0;0;1198;0;2;1196;22;12;10;0;1174;16;105;114;470;67;391;11;;;;;
23;Zespół Placówek Szkolno-Wychowawczych, ul. Sportowa 1, 67-200 Głogów;20301;m. Głogów;głogowski;dolnośląskie;1;1;1;1072;1115;203;869;2;871;0;11;2;0;0;1;0;1;870;1;0;870;16;8;8;0;854;17;78;85;315;38;308;13;;;;;
24;Szkoła Podstawowa nr 9, ul. Mieczysława Niedziałkowskiego 10, 67-200 Głogów;20301;m. Głogów;głogowski;dolnośląskie;1;1;1;1236;1274;333;903;1;904;1;10;1;0;0;0;0;1;906;1;2;904;9;6;3;0;895;11;71;90;343;54;321;5;;;;;
25;Miejskie Centrum Wspierania Rodziny, ul. Folwarczna 7, 67-200 Głogów;20301;m. Głogów;głogowski;dolnośląskie;1;1;1;993;1086;73;920;2;922;0;10;2;0;0;0;0;2;922;2;0;922;10;4;6;0;912;18;131;72;220;81;375;15;;;;;
26;Szkoła Podstawowa nr 13, ul. Akacjowa 10, 67-200 Głogów;20301;m. Głogów;głogowski;dolnośląskie;1;1;1;1056;1135;250;806;0;806;1;16;0;0;0;0;0;0;806;0;0;806;21;13;8;0;785;17;75;63;296;62;265;7;;;;;
27;Szkoła Podstawowa nr 14, ul. Królewska 12, 67-200 Głogów;20301;m. Głogów;głogowski;dolnośląskie;1;1;1;1816;1912;366;1450;0;1450;0;14;0;0;0;0;0;0;1450;0;0;1450;12;7;5;0;1438;35;129;138;559;92;469;16;;;;;
28;Przedszkole Publiczne nr 17, ul. Królewska 14, 67-200 Głogów;20301;m. Głogów;głogowski;dolnośląskie;1;1;1;435;441;84;351;0;351;0;4;0;0;0;0;0;0;351;0;0;351;10;5;5;0;341;8;44;29;106;20;129;5;;;;;
29;Szkoła Podstawowa nr 3, pl. Plac Mieszka I 22, 67-200 Głogów;20301;m. Głogów;głogowski;dolnośląskie;1;1;1;1599;1687;314;1285;0;1285;1;16;0;0;0;0;0;0;1284;0;0;1284;8;4;4;0;1276;26;107;145;489;76;408;25;;;;;
30;Szkoła Podstawowa nr 3, pl. Plac Mieszka I 22, 67-200 Głogów;20301;m. Głogów;głogowski;dolnośląskie;1;1;1;1278;1383;241;1037;3;1040;0;14;3;1;0;0;0;2;1039;2;0;1039;13;6;7;0;1026;15;104;104;345;75;360;23;;;;;
31;Szkoła Podstawowa nr 3, pl. Plac Mieszka I 22, 67-200 Głogów;20301;m. Głogów;głogowski;dolnośląskie;1;1;1;1237;1281;346;891;0;891;0;0;0;0;0;0;0;0;891;0;0;891;17;10;7;0;874;28;101;117;259;68;289;12;;;;;
32;Przedszkole Publiczne nr 21, ul. Jagiellońska 37, 67-200 Głogów;20301;m. Głogów;głogowski;dolnośląskie;1;1;1;1051;1120;203;848;0;848;1;8;0;0;0;0;0;0;848;0;0;848;15;8;7;0;833;14;71;101;291;52;287;17;;;;;
33;Przedszkole Publiczne nr 21, ul. Jagiellońska 37, 67-200 Głogów;20301;m. Głogów;głogowski;dolnośląskie;1;1;1;1252;1331;274;978;0;978;0;6;0;0;0;0;0;0;968;0;0;968;17;10;7;0;951;20;112;93;305;58;339;24;;;;;
1;Świetlica Wiejska, Ruszowice ul. Tęczowa 55, 67-210 Głogów;20302;gm. Głogów;głogowski;dolnośląskie;1;1;1;1377;1270;367;1010;0;1010;3;13;0;0;0;0;0;0;1010;0;0;1010;16;6;10;0;994;20;122;72;310;64;391;15;;;;;
2;Szkoła Podstawowa w Przedmościu, Przedmoście ul. Szkolna 3, 67-210 Głogów;20302;gm. Głogów;głogowski;dolnośląskie;1;1;1;1185;1262;220;965;0;965;1;8;0;0;0;0;0;0;965;0;0;965;19;11;8;0;946;30;97;76;419;75;236;13;;;;;
3;Zespół Szkolno-Przedszkolny w Serbach, Serby ul. Ogrodowa 18, 67-210 Głogów;20302;gm. Głogów;głogowski;dolnośląskie;1;1;1;1731;1835;333;1398;1;1399;3;19;1;0;0;0;0;1;1399;1;0;1399;19;12;7;0;1380;34;130;108;550;104;450;4;;;;;
4;Szkoła Podstawowa w Wilkowie, Wilków ul. Głogowska 5 a, 67-200 Głogów;20302;gm. Głogów;głogowski;dolnośląskie;1;1;1;869;926;186;683;0;683;1;20;0;0;0;0;0;0;683;0;0;683;11;7;4;0;672;13;62;36;329;37;185;10;;;;;
1;Szkoła Podstawowa, Jaczów ul. Główna 20, 67-210 Głogów;20303;gm. Jerzmanowa;głogowski;dolnośląskie;1;1;1;1345;1411;195;1150;0;1150;1;7;0;0;0;0;0;0;1150;0;0;1150;17;8;9;0;1133;18;157;96;376;93;376;17;;;;;
2;Szkoła Podstawowa, ul. Głogowska 19, 67-222 Jerzmanowa;20303;gm. Jerzmanowa;głogowski;dolnośląskie;1;1;1;921;985;135;786;0;786;1;6;0;0;0;0;0;0;786;0;0;786;9;4;5;0;777;17;101;72;250;41;288;8;;;;;
3;Świetlica Wiejska, Kurowice 42A, 67-210 Głogów;20303;gm. Jerzmanowa;głogowski;dolnośląskie;1;1;1;674;641;131;543;0;543;1;12;0;0;0;0;0;0;543;0;0;543;4;2;2;0;539;6;86;50;170;44;170;13;;;;;
4;Świetlica Wiejska, Bądzów 39A, 67-222 Jerzmanowa;20303;gm. Jerzmanowa;głogowski;dolnośląskie;1;1;1;291;302;60;231;0;231;0;0;0;0;0;0;0;0;231;0;0;231;12;9;3;0;219;1;36;25;91;25;36;5;;;;;
5;Świetlica Wiejska, Smardzów 54, 67-222 Jerzmanowa;20303;gm. Jerzmanowa;głogowski;dolnośląskie;1;1;1;220;226;33;187;0;187;0;1;0;0;0;0;0;0;187;0;0;187;3;2;1;0;184;5;26;9;75;16;50;3;;;;;
6;Świetlica Wiejska, Łagoszów Mały 44 A, 67-222 Jerzmanowa;20303;gm. Jerzmanowa;głogowski;dolnośląskie;1;1;1;251;263;70;181;0;181;2;5;0;0;0;0;0;0;181;0;0;181;13;8;5;0;168;5;34;13;56;9;50;1;;;;;
7;Świetlica Wiejska, Gaiki 30, 67-222 Jerzmanowa;20303;gm. Jerzmanowa;głogowski;dolnośląskie;1;1;1;292;319;75;217;1;218;1;4;1;0;0;0;0;1;218;1;0;218;1;1;0;0;217;5;28;32;89;12;46;5;;;;;
1;Zespół Szkolno-Przedszkolny w Kotli Szkoła Podstawowa im. Kornela Makuszyńskiego, ul. Szkolna 2, 67-240 Kotla;20304;gm. Kotla;głogowski;dolnośląskie;1;1;1;1328;1411;339;987;0;987;3;15;0;0;0;0;0;0;989;0;0;989;32;14;18;0;957;17;37;42;390;53;410;8;;;;;
2;Budynek komunalny, Chociemyśl 24, 67-240 Kotla;20304;gm. Kotla;głogowski;dolnośląskie;1;1;1;380;406;110;270;0;270;0;1;0;0;0;0;0;0;270;0;0;270;9;3;6;0;261;5;6;5;121;15;102;7;;;;;
3;Budynek komunalny, Sobczyce 38, 67-240 Kotla;20304;gm. Kotla;głogowski;dolnośląskie;1;1;1;634;677;109;525;1;526;1;4;1;0;0;1;0;0;525;0;0;525;11;3;8;0;514;13;23;20;225;32;198;3;;;;;
4;Sala wiejska, Głogówko 21 A, 67-240 Kotla;20304;gm. Kotla;głogowski;dolnośląskie;1;1;1;432;458;96;336;0;336;0;6;0;0;0;0;0;0;336;0;0;336;6;5;1;0;330;6;23;19;127;12;139;4;;;;;
5;Sala wiejska, Skidniów 9, 67-240 Kotla;20304;gm. Kotla;głogowski;dolnośląskie;1;1;1;332;359;153;179;0;179;0;1;0;0;0;0;0;0;179;0;0;179;11;10;1;0;168;5;6;5;77;11;64;0;;;;;
1;Gminny Ośrodek Kultury, Białołęka 12, 67-221 Białołęka;20305;gm. Pęcław;głogowski;dolnośląskie;1;1;1;525;566;137;388;1;389;0;6;1;0;0;0;0;1;389;1;0;389;11;6;5;0;378;11;72;21;164;29;77;4;;;;;
2;Świetlica Wiejska, Piersna 26, 67-221 Białołęka;20305;gm. Pęcław;głogowski;dolnośląskie;1;1;1;546;581;136;409;0;409;1;6;0;0;0;0;0;0;410;0;0;410;16;10;6;0;394;13;32;15;247;27;57;3;;;;;
3;Sala Wiejska, Pęcław 1 D, 67-221 Białołęka;20305;gm. Pęcław;głogowski;dolnośląskie;1;1;1;441;463;131;310;0;310;0;1;0;0;0;0;0;0;310;0;0;310;9;8;1;0;301;5;51;11;154;20;58;2;;;;;
1;Szkoła Podstawowa, Nielubia 80, 67-231 Żukowice;20306;gm. Żukowice;głogowski;dolnośląskie;1;1;1;1221;1317;298;923;0;923;1;6;0;0;0;0;0;0;923;0;0;923;24;15;9;0;899;35;85;81;427;70;182;19;;;;;
2;Szkoła Podstawowa, Brzeg Głogowski 27, 67-231 Żukowice;20306;gm. Żukowice;głogowski;dolnośląskie;1;1;1;1168;1237;308;860;0;860;5;5;0;0;0;0;0;0;860;0;0;860;22;15;7;0;838;20;71;77;322;51;289;8;;;;;
1;SPZOZ Ośrodek Rehabilitacji Dzieci Niepełnosprawnych, ul. Osiedle Kazimierza Wielkiego 25, 56-200 Góra;20401;gm. Góra;górowski;dolnośląskie;3;1;1;1145;1217;316;829;0;829;0;4;0;0;0;0;0;0;829;0;0;829;9;7;2;0;820;42;114;89;290;48;222;15;;;;;
2;Ośrodek Pomocy Społecznej, ul. Poznańska 23, 56-200 Góra;20401;gm. Góra;górowski;dolnośląskie;3;1;1;1536;1632;388;1148;0;1148;2;9;0;0;0;0;0;0;1148;0;0;1148;16;9;7;0;1132;33;160;139;356;42;398;4;;;;;
3;Szkoła Podstawowa Nr 3, ul. Podwale 20, 56-200 Góra;20401;gm. Góra;górowski;dolnośląskie;3;1;1;1640;1777;513;1127;1;1128;2;25;1;0;0;0;0;1;1128;1;0;1128;28;12;16;0;1100;58;143;106;421;81;279;12;;;;;
4;Szkoła Podstawowa Nr 1, ul. Szkolna 2, 56-200 Góra;20401;gm. Góra;górowski;dolnośląskie;3;1;1;902;939;238;664;0;664;0;10;0;0;0;0;0;0;664;0;2;662;7;5;2;0;655;21;74;70;205;35;240;10;;;;;
5;Szkoła Podstawowa Nr 3, ul. Poznańska 2, 56-200 Góra;20401;gm. Góra;górowski;dolnośląskie;3;1;1;950;992;390;560;0;560;0;19;0;0;0;0;0;0;560;0;0;560;11;7;4;0;549;28;70;83;175;26;158;9;;;;;
6;Zespół Żłobek i Klub Dziecięcy, ul. Piastów 34, 56-200 Góra;20401;gm. Góra;górowski;dolnośląskie;3;1;1;849;908;232;617;0;617;2;10;0;0;0;0;0;0;617;0;0;617;11;6;5;0;606;23;58;66;234;49;172;4;;;;;
7;Szkoła Podstawowa Nr 1, ul. Marii Konopnickiej 2, 56-200 Góra;20401;gm. Góra;górowski;dolnośląskie;3;1;1;1755;1828;390;1365;3;1368;1;19;3;0;1;0;0;2;1367;2;0;1367;15;12;3;0;1352;51;193;180;373;85;450;20;;;;;
8;Filia biblioteczna, Czernina ul. Rynek 8, 56-200 Góra;20401;gm. Góra;górowski;dolnośląskie;3;1;1;949;1027;332;617;0;617;0;11;0;0;0;0;0;0;617;0;0;617;23;13;10;0;594;21;88;44;247;57;130;7;;;;;
9;Świetlica Wiejska, Kłoda Górowska 45, 56-200 Góra;20401;gm. Góra;górowski;dolnośląskie;3;1;1;600;643;211;389;0;389;1;8;0;0;0;0;0;0;389;0;0;389;7;3;4;0;382;13;57;33;189;22;62;6;;;;;
10;Świetlica Wiejska, Stara Góra 33A, 56-200 Góra;20401;gm. Góra;górowski;dolnośląskie;3;1;1;1100;1169;302;798;0;798;1;14;0;0;0;0;0;0;798;0;0;798;9;6;3;0;789;35;118;64;300;62;192;18;;;;;
11;Zespół Szkoła Podstawowa i Przedszkole, Witoszyce 10, 56-200 Góra;20401;gm. Góra;górowski;dolnośląskie;3;1;1;901;982;337;564;0;564;0;0;0;0;0;0;0;0;564;0;0;564;19;13;6;0;545;25;108;35;235;34;103;5;;;;;
12;Przedszkole Publiczne, Glinka 6, 56-200 Góra;20401;gm. Góra;górowski;dolnośląskie;3;1;1;700;771;262;438;0;438;0;0;0;0;0;0;0;0;438;0;0;438;15;3;12;0;423;30;56;40;169;27;95;6;;;;;
13;Świetlica Wiejska, Ślubów 22A, 56-200 Góra;20401;gm. Góra;górowski;dolnośląskie;3;1;1;300;320;98;202;0;202;0;3;0;0;0;0;0;0;202;0;0;202;6;4;2;0;196;12;40;22;71;17;33;1;;;;;
1;Dom Kultury, Luboszyce 15, 56-209 Jemielno;20402;gm. Jemielno;górowski;dolnośląskie;3;1;1;601;659;184;417;0;417;3;6;0;0;0;0;0;0;417;0;0;417;12;9;3;0;405;12;54;35;180;35;81;8;;;;;
2;Urząd Gminy Jemielno, Jemielno 81, 56-209 Jemielno;20402;gm. Jemielno;górowski;dolnośląskie;3;1;1;701;739;236;465;0;465;0;6;0;0;0;0;0;0;464;0;0;464;17;5;12;0;447;15;47;50;208;41;68;18;;;;;
3;Świetlica Wiejska, Psary 44, 56-209 Jemielno;20402;gm. Jemielno;górowski;dolnośląskie;3;1;1;549;570;190;359;0;359;0;6;0;0;0;0;0;0;359;0;0;359;8;5;3;0;351;9;36;44;191;25;41;5;;;;;
4;Świetlica Wiejska, Kietlów 1, 56-209 Jemielno;20402;gm. Jemielno;górowski;dolnośląskie;3;1;1;200;229;34;166;0;166;1;2;0;0;0;0;0;0;166;0;0;166;9;8;1;0;157;15;4;17;103;3;12;3;;;;;
1;Zespół Szkół w Sicinach, Siciny 78, 56-215 Niechlów;20403;gm. Niechlów;górowski;dolnośląskie;3;1;1;1061;1102;390;659;0;659;0;9;0;0;0;0;0;0;658;0;2;656;29;20;9;0;627;37;71;67;288;48;105;11;;;;;
2;Gminny Ośrodek Kultury, ul. Dworcowa 9, 56-215 Niechlów;20403;gm. Niechlów;górowski;dolnośląskie;3;1;1;850;921;214;636;0;636;0;0;0;0;0;0;0;0;636;0;0;636;27;17;10;0;609;64;58;38;314;48;67;20;;;;;
3;Świetlica wiejska, Lipowiec 16, 56-215 Niechlów;20403;gm. Niechlów;górowski;dolnośląskie;3;1;1;800;835;272;528;0;528;1;9;0;0;0;0;0;0;528;0;0;528;18;11;7;0;510;14;38;34;321;37;61;5;;;;;
4;Świetlica wiejska w Naratowie, Naratów 21, 56-215 Niechlów;20403;gm. Niechlów;górowski;dolnośląskie;3;1;1;649;672;224;425;0;425;0;4;0;0;0;0;0;0;425;0;0;425;7;4;3;0;418;24;38;54;199;33;63;7;;;;;
1;Szkoła Podstawowa, Czarnoborsko 10, 56-210 Wąsosz;20404;gm. Wąsosz;górowski;dolnośląskie;3;1;1;950;980;306;644;2;646;3;5;2;0;0;0;0;2;646;2;0;646;29;12;17;0;617;18;76;50;300;46;112;15;;;;;
2;Ośrodek Pomocy Społecznej, ul. Krzywa 11, 56-210 Wąsosz;20404;gm. Wąsosz;górowski;dolnośląskie;3;1;1;1900;2031;516;1384;0;1384;10;4;0;0;0;0;0;0;1379;0;0;1379;51;32;19;0;1328;40;148;161;433;96;434;16;;;;;
3;Zespół Placówek Kultury, ul. Zacisze 10D, 56-210 Wąsosz;20404;gm. Wąsosz;górowski;dolnośląskie;3;1;1;300;350;87;213;0;213;0;5;0;0;0;0;0;0;213;0;0;213;9;6;3;0;204;6;28;26;69;19;53;3;;;;;
4;Szkoła Podstawowa, Pobiel 75, 56-210 Wąsosz;20404;gm. Wąsosz;górowski;dolnośląskie;3;1;1;350;390;102;248;0;248;0;6;0;0;0;0;0;0;248;0;0;248;10;6;4;0;238;7;42;15;100;34;37;3;;;;;
5;Świetlica wiejska, Kamień Górowski 8A, 56-210 Wąsosz;20404;gm. Wąsosz;górowski;dolnośląskie;3;1;1;650;719;215;435;0;435;1;6;0;0;0;0;0;0;435;0;0;435;19;13;6;0;416;21;44;19;206;29;92;5;;;;;
6;Świetlica Wiejska, Cieszkowice 41, 56-210 Wąsosz;20404;gm. Wąsosz;górowski;dolnośląskie;3;1;1;200;232;41;159;0;159;0;1;0;0;0;0;0;0;159;0;0;159;3;2;1;0;156;9;20;19;57;8;40;3;;;;;
7;Świetlica Wiejska, Czeladź Wielka 48, 56-210 Wąsosz;20404;gm. Wąsosz;górowski;dolnośląskie;3;1;1;300;351;60;240;0;240;1;3;0;0;0;0;0;0;240;0;0;240;5;3;2;0;235;8;18;7;124;25;49;4;;;;;
8;Świetlica Wiejska, Lubiel 37, 56-210 Wąsosz;20404;gm. Wąsosz;górowski;dolnośląskie;3;1;1;350;352;108;242;0;242;1;2;0;0;0;0;0;0;242;0;0;242;11;11;0;0;231;15;30;16;120;11;39;0;;;;;
1;Szkoła Podstawowa Nr 5, ul. Armii Krajowej 9, 59-400 Jawor;20501;m. Jawor;jaworski;dolnośląskie;1;1;1;1397;1488;421;976;0;976;3;18;0;0;0;0;0;0;976;0;0;976;12;7;5;0;964;22;85;114;395;62;278;8;;;;;
2;Europejskie Centrum Młodzieży Euroregionu NYSA, ul. Parkowa 5, 59-400 Jawor;20501;m. Jawor;jaworski;dolnośląskie;1;1;1;1907;2105;281;1626;1;1627;4;51;1;0;0;0;0;1;1627;1;1;1626;9;7;2;0;1617;47;188;221;475;95;576;15;;;;;
3;Powiatowe Centrum Kształcenia Zawodowego i Ustawicznego, ul. Wrocławska 30a, 59-400 Jawor;20501;m. Jawor;jaworski;dolnośląskie;1;1;1;927;1003;185;742;1;743;3;12;1;0;0;0;0;1;743;1;0;743;7;5;2;0;736;18;76;68;288;31;250;5;;;;;
4;Szkoła Podstawowa Nr 2, pl. Bankowy 1, 59-400 Jawor;20501;m. Jawor;jaworski;dolnośląskie;1;1;1;1259;1340;355;904;0;904;0;19;0;0;0;0;0;0;903;0;0;903;18;5;13;0;885;25;69;117;350;39;278;7;;;;;
5;Dolnośląski Zespół Szkół w Jaworze, ul. kard. Stefana Wyszyńskiego 1, 59-400 Jawor;20501;m. Jawor;jaworski;dolnośląskie;1;1;1;1038;1115;333;705;1;706;1;13;1;0;0;0;0;1;706;1;0;706;24;15;9;0;682;25;45;85;243;47;229;8;;;;;
6;Miejska Biblioteka Publiczna, pl. Seniora 4, 59-400 Jawor;20501;m. Jawor;jaworski;dolnośląskie;1;1;1;1455;1402;641;814;1;815;2;29;1;0;0;0;0;1;815;1;0;815;10;7;3;0;805;20;64;98;306;40;260;17;;;;;
7;Filia Nr 1 Miejskiej Biblioteki Publicznej, ul. Stanisława Moniuszki 10, 59-400 Jawor;20501;m. Jawor;jaworski;dolnośląskie;1;1;1;1194;1178;321;873;1;874;0;13;1;0;0;0;0;1;874;1;2;872;10;7;3;0;862;21;85;103;352;40;250;11;;;;;
8;Szkoła Podstawowa Nr 1, ul. Stanisława Moniuszki 4, 59-400 Jawor;20501;m. Jawor;jaworski;dolnośląskie;1;1;1;1164;1263;260;904;1;905;1;11;1;0;0;0;0;1;905;1;0;905;22;10;12;0;883;20;75;94;369;45;267;13;;;;;
9;Specjalny Ośrodek Szkolno-Wychowawczy, ul. Ignacego Paderewskiego 6, 59-400 Jawor;20501;m. Jawor;jaworski;dolnośląskie;1;1;1;1472;1568;343;1129;0;1129;2;10;0;0;0;0;0;0;1129;0;0;1129;20;9;11;0;1109;17;120;119;393;71;381;8;;;;;
10;Hufiec ZHP w Jaworze, ul. Jurija Gagarina 9A, 59-400 Jawor;20501;m. Jawor;jaworski;dolnośląskie;1;1;1;1274;1363;234;1040;0;1040;2;17;0;0;0;0;0;0;1040;0;1;1039;13;6;7;0;1026;29;100;108;449;46;288;6;;;;;
11;Oddział zamiejscowy Przedszkola Publicznego nr 4, ul. Romana Dmowskiego 5, 59-400 Jawor;20501;m. Jawor;jaworski;dolnośląskie;1;1;1;1335;1442;246;1089;0;1089;2;13;0;0;0;0;0;0;1089;0;0;1089;9;5;4;0;1080;25;94;100;454;48;349;10;;;;;
12;Szkoła Podstawowa nr 4, ul. Starojaworska 82, 59-400 Jawor;20501;m. Jawor;jaworski;dolnośląskie;1;1;1;1047;1159;278;769;0;769;0;9;0;0;0;0;0;0;769;0;0;769;12;8;4;0;757;16;56;78;337;49;217;4;;;;;
1;Centrum Kulturalno-Biblioteczne Gminy Bolków, ul. Szpitalna 16, 59-420 Bolków;20502;gm. Bolków;jaworski;dolnośląskie;1;1;1;1029;1113;317;712;0;712;7;8;0;0;0;0;0;0;712;0;0;712;18;13;5;0;694;25;82;79;252;24;229;3;;;;;
2;Galeria Historyczno-Artystyczna ARS ET HISTORIA w Bolkowie, ul. Niepodległości 10, 59-420 Bolków;20502;gm. Bolków;jaworski;dolnośląskie;1;1;1;963;1000;268;695;0;695;1;15;0;0;0;0;0;0;695;0;1;694;12;7;5;0;682;15;68;61;231;50;246;11;;;;;
3;Zakład Gospodarki Komunalnej w Bolkowie, ul. Kolejowa 5, 59-420 Bolków;20502;gm. Bolków;jaworski;dolnośląskie;1;1;1;1051;1152;272;778;2;780;3;8;2;0;0;0;0;2;780;2;0;780;15;10;5;0;765;18;69;73;292;49;252;12;;;;;
4;Przedszkole Samorządowe, ul. Henryka Sienkiewicza 39, 59-420 Bolków;20502;gm. Bolków;jaworski;dolnośląskie;1;1;1;577;618;208;369;0;369;1;4;0;0;0;0;0;0;369;0;3;366;17;13;4;0;349;11;35;52;115;27;105;4;;;;;
5;Świetlica Wiejska, Mysłów 44, 59-420 Bolków;20502;gm. Bolków;jaworski;dolnośląskie;1;1;1;410;442;121;289;0;289;0;2;0;0;0;0;0;0;289;0;0;289;16;9;7;0;273;14;32;21;124;12;68;2;;;;;
6;Świetlica Wiejska, Kaczorów ul. Nowa Wieś 1B, 59-420 Bolków;20502;gm. Bolków;jaworski;dolnośląskie;1;1;1;514;543;141;373;0;373;0;5;0;0;0;0;0;0;373;0;0;373;16;11;5;0;357;12;41;28;121;40;109;6;;;;;
7;Świetlica Wiejska, Lipa 67, 59-420 Bolków;20502;gm. Bolków;jaworski;dolnośląskie;1;1;1;632;665;246;386;0;386;0;0;0;0;0;0;0;0;386;0;0;386;15;10;5;0;371;9;31;41;199;18;72;1;;;;;
8;Szkoła Podstawowa, Sady Górne 94, 59-420 Bolków;20502;gm. Bolków;jaworski;dolnośląskie;1;1;1;318;343;93;225;0;225;1;3;0;0;0;0;0;0;225;0;0;225;6;4;2;0;219;2;18;29;83;20;63;4;;;;;
9;Świetlica Wiejska, Wierzchosławice 106, 59-420 Bolków;20502;gm. Bolków;jaworski;dolnośląskie;1;1;1;662;701;235;427;0;427;0;7;0;0;0;0;0;0;427;0;0;427;15;7;8;0;412;7;39;49;173;23;118;3;;;;;
10;Świetlica Wiejska, Stare Rochowice 53, 59-420 Bolków;20502;gm. Bolków;jaworski;dolnośląskie;1;1;1;300;321;111;189;0;189;0;1;0;0;0;0;0;0;189;0;0;189;6;5;1;0;183;4;15;9;94;17;43;1;;;;;
11;Świetlica Wiejska, Wolbromek 43B, 59-420 Bolków;20502;gm. Bolków;jaworski;dolnośląskie;1;1;1;359;378;117;241;0;241;0;0;0;0;0;0;0;0;242;0;0;242;13;8;5;0;229;10;51;28;87;8;45;0;;;;;
12;Świetlica Wiejska, Sady Dolne 37A, 59-420 Bolków;20502;gm. Bolków;jaworski;dolnośląskie;1;1;1;269;294;65;204;0;204;3;2;0;0;0;0;0;0;204;0;0;204;6;4;2;0;198;5;37;11;63;11;71;0;;;;;
1;Zespół Szkolno-Przedszkolny w Męcince, Męcinka 10B, 59-424 Męcinka;20503;gm. Męcinka;jaworski;dolnośląskie;1;1;1;631;692;110;522;0;522;2;22;0;0;0;0;0;0;522;0;1;521;12;10;2;0;509;15;56;29;222;36;140;11;;;;;
2;Świetlica Wiejska, Małuszów 17, 59-424 Męcinka;20503;gm. Męcinka;jaworski;dolnośląskie;1;1;1;259;277;57;202;0;202;1;2;0;0;0;0;0;0;202;0;0;202;5;1;4;0;197;3;18;9;118;9;38;2;;;;;
3;Była Szkoła Filialna, Pomocne 51, 59-424 Męcinka;20503;gm. Męcinka;jaworski;dolnośląskie;1;1;1;543;567;191;352;0;352;2;4;0;0;0;0;0;0;352;0;0;352;11;8;3;0;341;9;40;29;152;31;70;10;;;;;
4;Zespół Szkolno-Przedszkolny w Piotrowicach, Piotrowice 139, 59-424 Męcinka;20503;gm. Męcinka;jaworski;dolnośląskie;1;1;1;843;914;191;652;1;653;0;15;1;0;0;0;0;1;653;1;0;653;4;2;2;0;649;12;60;64;309;43;160;1;;;;;
5;Świetlica Wiejska, Chroślice 9B, 59-424 Męcinka;20503;gm. Męcinka;jaworski;dolnośląskie;1;1;1;180;183;31;149;0;149;0;2;0;0;0;0;0;0;149;0;0;149;3;0;3;0;146;6;16;12;78;9;22;3;;;;;
6;Świetlica Wiejska, Sichów 9, 59-424 Męcinka;20503;gm. Męcinka;jaworski;dolnośląskie;1;1;1;288;316;65;223;0;223;0;1;0;0;0;0;0;0;223;0;0;223;6;3;3;0;217;3;25;15;112;14;48;0;;;;;
7;Świetlica Wiejska, Słup 31, 59-424 Męcinka;20503;gm. Męcinka;jaworski;dolnośląskie;1;1;1;190;206;38;152;0;152;0;2;0;0;0;0;0;0;152;0;0;152;5;2;3;0;147;0;16;16;76;6;29;4;;;;;
8;Świetlica Wiejska, Przybyłowice 19, 59-424 Męcinka;20503;gm. Męcinka;jaworski;dolnośląskie;1;1;1;158;170;20;138;0;138;0;1;0;0;0;0;0;0;138;0;0;138;5;3;2;0;133;3;22;8;65;12;23;0;;;;;
9;Świetlica Wiejska, Myślinów 38C, 59-424 Męcinka;20503;gm. Męcinka;jaworski;dolnośląskie;1;1;1;279;306;71;208;0;208;0;6;0;0;0;0;0;0;208;0;0;208;2;2;0;0;206;6;10;28;98;18;45;1;;;;;
10;Świetlica Wiejska, Chełmiec 31A, 59-424 Męcinka;20503;gm. Męcinka;jaworski;dolnośląskie;1;1;1;289;305;77;212;0;212;0;0;0;0;0;0;0;0;212;0;0;212;2;1;1;0;210;6;14;8;121;11;49;1;;;;;
1;Zespół Szkolno-Przedszkolny w Targoszynie, Targoszyn 51, 59-407 Mściwojów;20504;gm. Mściwojów;jaworski;dolnośląskie;1;1;1;841;894;220;621;0;621;4;6;0;0;0;0;0;0;621;0;0;621;20;13;7;0;601;24;69;48;270;30;149;11;;;;;
2;Szkoła Podstawowa w Snowidzy, Snowidza 91A, 59-407 Mściwojów;20504;gm. Mściwojów;jaworski;dolnośląskie;1;1;1;985;1046;300;685;0;685;1;3;0;0;0;0;0;0;685;0;0;685;12;9;3;0;673;14;89;49;241;46;222;12;;;;;
3;Świetlica wiejska w Mściwojowie, Mściwojów 54B, 59-407 Mściwojów;20504;gm. Mściwojów;jaworski;dolnośląskie;1;1;1;983;1054;265;718;0;718;3;4;0;0;0;0;0;0;718;0;0;718;16;12;4;0;702;23;100;59;274;49;192;5;;;;;
1;Świetlica Wiejska w Paszowicach, Paszowice 136, 59-411 Paszowice;20505;gm. Paszowice;jaworski;dolnośląskie;1;1;1;1471;1591;351;1118;0;1118;8;7;0;0;0;0;0;0;1119;0;1;1118;17;7;10;0;1101;19;135;100;476;74;276;21;;;;;
2;Świetlica Wiejska w Wiadrowie, Wiadrów 39A, 59-411 Paszowice;20505;gm. Paszowice;jaworski;dolnośląskie;1;1;1;1113;1185;337;776;0;776;0;5;0;0;0;0;0;0;776;0;0;776;21;15;6;0;755;25;96;65;325;67;172;5;;;;;
3;Świetlica Wiejska w Zębowicach, Zębowice 43, 59-411 Paszowice;20505;gm. Paszowice;jaworski;dolnośląskie;1;1;1;359;378;72;287;1;288;0;1;1;0;0;0;0;1;288;1;0;288;4;3;1;0;284;10;45;29;102;24;72;2;;;;;
1;Szkoła Podstawowa, Budziszów Wielki 10, 59-430 Wądroże Wielkie;20506;gm. Wądroże Wielkie;jaworski;dolnośląskie;1;1;1;1400;1534;354;1046;0;1046;9;29;0;0;0;0;0;0;1046;0;0;1046;31;20;11;0;1015;20;234;79;403;72;199;8;;;;;
2;Szkoła Podstawowa, Wądroże Wielkie 169, 59-430 Wądroże Wielkie;20506;gm. Wądroże Wielkie;jaworski;dolnośląskie;1;1;1;1399;1478;384;1015;0;1015;4;14;0;0;0;0;0;0;1014;0;0;1014;9;4;5;0;1005;22;170;66;381;64;285;17;;;;;
1;Niepubliczna Szkoła Podstawowa w Karpaczu, Szkoła 707, ul. Myśliwska 15c, 58-540 Karpacz;20601;m. Karpacz;karkonoski;dolnośląskie;1;1;1;929;1031;146;783;0;783;0;187;0;0;0;0;0;0;783;0;0;783;11;6;5;0;772;25;98;77;156;39;371;6;;;;;
2;Szkoła Podstawowa w Karpaczu, ul. Konstytucji 3 Maja 48a, 58-540 Karpacz;20601;m. Karpacz;karkonoski;dolnośląskie;1;1;1;910;887;257;652;1;653;0;173;1;0;0;0;0;1;652;1;0;652;7;3;4;0;645;14;71;79;122;26;328;5;;;;;
3;Hala Widowiskowo-Sportowa, ul. Konstytucji 3 Maja 48b, 58-540 Karpacz;20601;m. Karpacz;karkonoski;dolnośląskie;1;1;1;989;951;239;750;0;750;0;256;0;0;0;0;0;0;750;0;0;750;8;3;5;0;742;9;70;58;215;35;347;8;;;;;
4;"OKW ""Krucze Skały"", ul. Wilcza 1, 58-540 Karpacz";20601;m. Karpacz;karkonoski;dolnośląskie;1;1;1;1168;1255;121;1047;0;1047;2;194;0;0;0;0;0;0;1047;0;0;1047;13;6;7;0;1034;27;153;106;184;70;483;11;;;;;
5;Muzeum Zabawek, ul. Kolejowa 3, 58-540 Karpacz;20601;m. Karpacz;karkonoski;dolnośląskie;1;1;1;723;812;103;620;0;620;0;75;0;0;0;0;0;0;620;0;1;619;7;4;3;0;612;15;63;53;121;26;321;13;;;;;
1;Miejska Biblioteka Publiczna Filia Wojków, ul. Wojska Polskiego 4/10, 58-530 Kowary;20602;m. Kowary;karkonoski;dolnośląskie;1;1;1;493;507;108;385;0;385;1;9;0;0;0;0;0;0;385;0;0;385;3;3;0;0;382;3;42;41;99;20;165;12;;;;;
2;Miejski Ośrodek Pomocy Społecznej, ul. Zamkowa 5, 58-530 Kowary;20602;m. Kowary;karkonoski;dolnośląskie;1;1;1;935;1006;265;670;1;671;1;10;1;1;0;0;0;0;670;0;0;670;10;8;2;0;660;19;70;64;176;39;274;18;;;;;
3;Szkoła Podstawowa nr 3, ul. 1 Maja 72, 58-530 Kowary;20602;m. Kowary;karkonoski;dolnośląskie;1;1;1;1452;1527;430;1023;1;1024;3;22;1;0;0;0;0;1;1025;1;1;1024;18;13;5;0;1006;23;100;102;287;37;415;42;;;;;
4;Szkoła Podstawowa nr 1 Centrum Wczesnej Profilaktyki Zdrowotnej, ul. Stanisława Staszica 18, 58-530 Kowary;20602;m. Kowary;karkonoski;dolnośląskie;1;1;1;1294;1347;364;930;0;930;2;6;0;0;0;0;0;0;930;0;0;930;14;10;4;0;916;20;100;90;259;47;368;32;;;;;
5;Miejski Ośrodek Kultury, ul. Szkolna 2, 58-530 Kowary;20602;m. Kowary;karkonoski;dolnośląskie;1;1;1;1850;1953;447;1403;0;1403;4;29;0;0;0;0;0;0;1406;0;3;1403;12;6;6;0;1391;29;132;156;365;43;615;51;;;;;
6;Zespół Szkół Ogólnokształcących, ul. Szkolna 1, 58-530 Kowary;20602;m. Kowary;karkonoski;dolnośląskie;1;1;1;970;1030;337;633;1;634;1;13;1;0;0;0;0;1;634;1;0;634;14;8;6;0;620;14;88;56;135;55;246;26;;;;;
1;Przedszkole Samorządowe nr 1 w Piechowicach, ul. Kryształowa 77, 58-573 Piechowice;20603;m. Piechowice;karkonoski;dolnośląskie;1;1;1;975;1106;225;750;0;750;4;26;0;0;0;0;0;0;750;0;0;750;17;11;6;0;733;18;94;69;176;48;313;15;;;;;
2;Szkoła Podstawowa nr 1 w Piechowicach, ul. Szkolna 6, 58-573 Piechowice;20603;m. Piechowice;karkonoski;dolnośląskie;1;1;1;1202;1329;242;960;1;961;4;14;1;1;0;0;0;0;959;0;0;959;28;19;9;0;931;22;98;86;263;47;399;16;;;;;
3;Szkoła Podstawowa nr 2 im. Jana Pawła II w Piechowicach, ul. Tysiąclecia 28, 58-573 Piechowice;20603;m. Piechowice;karkonoski;dolnośląskie;1;1;1;1351;1294;334;1022;1;1023;8;11;1;0;0;0;0;1;1023;1;0;1023;18;4;14;0;1005;33;128;101;264;38;425;16;;;;;
4;Szkoła Podstawowa nr 2 im. Jana Pawła II w Piechowicach, ul. Tysiąclecia 28, 58-573 Piechowice;20603;m. Piechowice;karkonoski;dolnośląskie;1;1;1;727;790;193;534;0;534;1;11;0;0;0;0;0;0;534;0;0;534;8;4;4;0;526;8;64;34;162;46;203;9;;;;;
1;Budynek po byłej Szkole Podstawowej Nr 3, ul. Kolejowa 22, 58-580 Szklarska Poręba;20604;m. Szklarska Poręba;karkonoski;dolnośląskie;1;1;1;423;398;123;300;0;300;1;26;0;0;0;0;0;0;300;0;0;300;3;2;1;0;297;7;39;24;70;29;126;2;;;;;
2;Ośrodek Szkoleniowo-Wypoczynkowy Rzemieślnik, ul. Górna 21, 58-580 Szklarska Poręba;20604;m. Szklarska Poręba;karkonoski;dolnośląskie;1;1;1;720;709;185;535;0;535;1;60;0;0;0;0;0;0;535;0;0;535;10;7;3;0;525;19;68;56;121;35;213;13;;;;;
3;Miejski Ośrodek Kultury, Sportu i Aktywności Lokalnej, ul. Juliusza Słowackiego 13, 58-580 Szklarska Poręba;20604;m. Szklarska Poręba;karkonoski;dolnośląskie;1;1;1;769;808;152;603;0;603;7;78;0;0;0;0;0;0;603;0;3;600;12;5;7;0;588;17;74;63;139;27;259;9;;;;;
4;Zespół Szkół Ogólnokształcących i Mistrzostwa Sportowego, ul. Obrońców Pokoju 17, 58-580 Szklarska Poręba;20604;m. Szklarska Poręba;karkonoski;dolnośląskie;1;1;1;549;567;124;425;0;425;1;67;0;0;0;0;0;0;425;0;0;425;7;4;3;0;418;11;55;46;100;24;174;8;;;;;
5;Urząd Miejski, ul. Granitowa 2, 58-580 Szklarska Poręba;20604;m. Szklarska Poręba;karkonoski;dolnośląskie;1;1;1;1148;1251;209;941;0;941;5;105;0;0;0;0;0;0;941;0;0;941;16;6;10;0;925;32;124;84;212;41;418;14;;;;;
6;Szkoła Podstawowa Nr 1, ul. 1 Maja 32, 58-580 Szklarska Poręba;20604;m. Szklarska Poręba;karkonoski;dolnośląskie;1;1;1;1326;1650;1;1316;0;1316;5;246;0;0;0;0;0;0;1315;0;0;1315;11;4;7;0;1304;29;169;157;296;80;554;19;;;;;
1;Świetlica Wiejska, Komarno 88, 58-508 Jelenia Góra;20605;gm. Janowice Wielkie;karkonoski;dolnośląskie;1;1;1;646;690;147;499;0;499;2;9;0;0;0;0;0;0;499;0;0;499;14;11;3;0;485;11;74;35;123;37;196;9;;;;;
2;Centrum Informacji Turystycznej, Radomierz 60a, 58-520 Janowice Wielkie;20605;gm. Janowice Wielkie;karkonoski;dolnośląskie;1;1;1;330;351;89;241;0;241;0;3;0;0;0;0;0;0;241;0;0;241;6;4;2;0;235;6;25;14;69;16;100;5;;;;;
3;Świetlica Wiejska, Trzcińsko 71, 58-520 Janowice Wielkie;20605;gm. Janowice Wielkie;karkonoski;dolnośląskie;1;1;1;391;458;89;302;0;302;0;11;0;0;0;0;0;0;302;0;0;302;9;8;1;0;293;7;49;42;81;13;96;5;;;;;
4;Szkoła Podstawowa im. W. Rutkiewicz, ul. Partyzantów 4, 58-520 Janowice Wielkie;20605;gm. Janowice Wielkie;karkonoski;dolnośląskie;1;1;1;735;804;201;534;0;534;3;18;0;0;0;0;0;0;535;0;1;534;17;6;11;0;517;19;40;62;150;31;206;9;;;;;
1;Urząd Gminy, ul. Długa 63, 58-521 Jeżów Sudecki;20606;gm. Jeżów Sudecki;karkonoski;dolnośląskie;1;1;1;2304;2498;349;1955;2;1957;4;22;2;0;0;0;0;2;1957;2;0;1957;18;9;9;0;1939;32;242;176;420;107;940;22;;;;;
2;Punkt Biblioteczny, Dziwiszów 157, 58-508 Jelenia Góra;20606;gm. Jeżów Sudecki;karkonoski;dolnośląskie;1;1;1;1061;1136;211;850;0;850;1;6;0;0;0;0;0;0;850;0;0;850;8;4;4;0;842;27;105;87;161;43;393;26;;;;;
3;Szkoła Podstawowa, Siedlęcin ul. Kościelna 5, 58-508 Jelenia Góra;20606;gm. Jeżów Sudecki;karkonoski;dolnośląskie;1;1;1;1112;1188;289;823;0;823;1;9;0;0;0;0;0;0;816;0;1;815;11;4;7;0;804;11;74;88;244;36;342;9;;;;;
4;Szkoła Podstawowa, Czernica 125, 58-521 Jeżów Sudecki;20606;gm. Jeżów Sudecki;karkonoski;dolnośląskie;1;1;1;961;1025;320;662;0;662;0;5;0;0;0;0;0;0;662;0;0;662;13;10;3;0;649;15;66;58;203;36;265;6;;;;;
1;Gminny Ośrodek Kultury w Mysłakowicach, ul. Ignacego Daszyńskiego 29, 58-533 Mysłakowice;20607;gm. Mysłakowice;karkonoski;dolnośląskie;1;1;1;1400;1509;340;1060;2;1062;4;16;2;0;0;0;0;2;1062;2;0;1062;22;13;9;0;1040;22;125;97;244;60;467;25;;;;;
2;Szkoła Podstawowa w Mysłakowicach, ul. Sułkowskiego 1, 58-533 Mysłakowice;20607;gm. Mysłakowice;karkonoski;dolnośląskie;1;1;1;1677;1826;356;1321;2;1323;7;44;2;0;0;0;0;2;1323;2;0;1323;32;19;13;0;1291;27;162;106;334;80;569;13;;;;;
3;Świetlica w Łomnicy przy Gminnym Ośrodku Kultury w Mysłakowicach, Łomnica ul. Karkonoska 36, 58-508 Jelenia Góra;20607;gm. Mysłakowice;karkonoski;dolnośląskie;1;1;1;1384;1507;260;1124;3;1127;0;21;3;0;0;0;0;3;1127;3;0;1127;17;10;7;0;1110;25;122;101;347;61;435;19;;;;;
4;Muzeum Tajemniczy Las przy Fundacji Doliny Pałaców i Ogrodów Kotliny Jeleniogórskiej w Bukowcu, Bukowiec ul. Robotnicza 9, 58-533 Mysłakowice;20607;gm. Mysłakowice;karkonoski;dolnośląskie;1;1;1;432;454;118;314;0;314;1;5;0;0;0;0;0;0;314;0;0;314;10;6;4;0;304;7;34;33;84;30;107;9;;;;;
5;Świetlica w Karpnikach przy Gminnym Ośrodku Kultury w Mysłakowicach (sala gimnastyczna), Karpniki ul. Rudawska 8, 58-533 Mysłakowice;20607;gm. Mysłakowice;karkonoski;dolnośląskie;1;1;1;716;795;163;553;1;554;0;17;1;0;0;0;0;1;554;1;3;551;11;5;6;0;540;16;68;45;166;45;199;1;;;;;
6;Świetlica, Dąbrowica 45, 58-508 Jelenia Góra;20607;gm. Mysłakowice;karkonoski;dolnośląskie;1;1;1;321;324;89;232;0;232;0;6;0;0;0;0;0;0;232;0;0;232;6;3;3;0;226;5;27;21;93;19;59;2;;;;;
7;Świetlica w Wojanowie przy Gminnym Ośrodku Kultury w Mysłakowicach, Wojanów 38, 58-508 Jelenia Góra;20607;gm. Mysłakowice;karkonoski;dolnośląskie;1;1;1;504;553;100;404;0;404;1;9;0;0;0;0;0;0;404;0;0;404;6;2;4;0;398;12;60;37;128;18;136;7;;;;;
8;Świetlica w Kostrzycy przy Gminnym Ośrodku Kultury w Mysłakowicach, Kostrzyca ul. Jeleniogórska 29, 58-533 Mysłakowice;20607;gm. Mysłakowice;karkonoski;dolnośląskie;1;1;1;665;717;173;492;0;492;2;10;0;0;0;0;0;0;492;0;0;492;6;5;1;0;486;18;58;47;145;22;190;6;;;;;
1;"Centrum Aktywności Społecznej „Pogórze"" w Podgórzynie, ul. Żołnierska 13, 58-562 Podgórzyn";20608;gm. Podgórzyn;karkonoski;dolnośląskie;1;1;1;1556;1727;278;1277;1;1278;1;34;1;0;0;0;0;1;1279;1;3;1276;21;11;10;0;1255;29;136;99;311;76;585;19;;;;;
2;Harcerska Baza Karkonoska w Przesiece, Przesieka ul. Karkonoska 27, 58-562 Podgórzyn;20608;gm. Podgórzyn;karkonoski;dolnośląskie;1;1;1;399;404;86;313;0;313;1;19;0;0;0;0;0;0;313;0;0;313;7;5;2;0;306;8;19;47;70;19;143;0;;;;;
3;Młodzieżowe Schronisko Turystyczne w Staniszowie, Staniszów 59, 58-500 Jelenia Góra;20608;gm. Podgórzyn;karkonoski;dolnośląskie;1;1;1;901;964;140;761;0;761;1;25;0;0;0;0;0;0;761;0;0;761;11;4;7;0;750;17;68;66;158;50;385;6;;;;;
4;Szkoła Podstawowa w Sosnówce, ul. Szkolna 5, 58-564 Sosnówka;20608;gm. Podgórzyn;karkonoski;dolnośląskie;1;1;1;993;1027;266;727;0;727;2;36;0;0;0;0;0;0;727;0;0;727;19;12;7;0;708;12;56;110;168;25;328;9;;;;;
5;Szkoła Podstawowa w Miłkowie, ul. Szkolna 2, 58-535 Miłków;20608;gm. Podgórzyn;karkonoski;dolnośląskie;1;1;1;1313;1482;272;1041;1;1042;2;33;1;0;0;0;0;1;1042;1;9;1033;21;13;8;0;1012;16;86;66;257;50;522;15;;;;;
6;Centrum Aktywności Społecznej i Kulturalnej, Ścięgny ul. Sportowa 1C, 58-535 Miłków;20608;gm. Podgórzyn;karkonoski;dolnośląskie;1;1;1;730;812;167;563;0;563;1;14;0;0;0;0;0;0;563;0;0;563;10;3;7;0;553;9;65;41;120;30;283;5;;;;;
1;Zespół Szkół w Starej Kamienicy, ul. Sportowa 1, 58-512 Stara Kamienica;20609;gm. Stara Kamienica;karkonoski;dolnośląskie;1;1;1;1130;1223;314;816;0;816;2;6;0;0;0;0;0;0;816;0;3;813;33;19;14;0;780;19;75;89;242;47;293;15;;;;;
2;Świetlica Wiejska w Rybnicy, Rybnica 137, 58-512 Stara Kamienica;20609;gm. Stara Kamienica;karkonoski;dolnośląskie;1;1;1;893;941;314;579;0;579;1;2;0;0;0;0;0;0;579;0;0;579;15;10;5;0;564;19;60;92;198;32;156;7;;;;;
3;Szkoła Podstawowa im. Caspera Davida Fredricha w Kopańcu, Kopaniec 78, 58-512 Stara Kamienica;20609;gm. Stara Kamienica;karkonoski;dolnośląskie;1;1;1;459;512;100;359;0;359;5;8;0;0;0;0;0;0;359;0;0;359;9;8;1;0;350;10;58;43;96;16;121;6;;;;;
4;Świetlica Wiejska w Wojcieszycach, Wojcieszyce ul. Karkonoska 1, 58-560 Jelenia Góra;20609;gm. Stara Kamienica;karkonoski;dolnośląskie;1;1;1;902;1017;157;745;0;745;2;14;0;0;0;0;0;0;745;0;0;745;9;4;5;0;736;8;87;76;190;48;315;12;;;;;
1;Centrum Obsługi Jednostek Gminy Miejskiej Kamienna Góra, ul. Lubawska 8, 58-400 Kamienna Góra;20701;m. Kamienna Góra;kamiennogórski;dolnośląskie;1;1;1;2197;1790;1065;1132;0;1132;0;7;0;0;0;0;0;0;1132;0;3;1129;43;29;14;0;1086;20;109;81;419;59;385;13;;;;;
2;Muzeum Tkactwa, ul. Plac Wolności 11, 58-400 Kamienna Góra;20701;m. Kamienna Góra;kamiennogórski;dolnośląskie;1;1;1;1570;1653;552;1018;0;1018;4;9;0;0;0;0;0;0;1018;0;1;1017;33;17;16;0;984;21;87;80;361;65;357;13;;;;;
3;Spółka Mieszkaniowa Sp. z o. o. (baza), ul. Władysława Broniewskiego 13, 58-400 Kamienna Góra;20701;m. Kamienna Góra;kamiennogórski;dolnośląskie;1;1;1;1479;1549;496;985;0;985;2;3;0;0;0;0;0;0;983;0;0;983;18;12;6;0;965;21;79;104;353;42;350;16;;;;;
4;Szkoła Podstawowa Nr 2, ul. Jeleniogórska 7, 58-400 Kamienna Góra;20701;m. Kamienna Góra;kamiennogórski;dolnośląskie;1;1;1;1550;1648;408;1142;0;1142;1;19;0;0;0;0;0;0;1140;0;0;1140;14;10;4;0;1126;29;78;109;418;52;419;21;;;;;
5;Szkoła Podstawowa Nr 1, ul. Plac Kościelny 1, 58-400 Kamienna Góra;20701;m. Kamienna Góra;kamiennogórski;dolnośląskie;1;1;1;1674;1753;570;1104;0;1104;7;9;0;0;0;0;0;0;1104;0;0;1104;26;13;13;0;1078;24;102;98;361;65;410;18;;;;;
6;Liceum Ogólnokształcące, ul. Marii Skłodowskiej-Curie 2, 58-400 Kamienna Góra;20701;m. Kamienna Góra;kamiennogórski;dolnośląskie;1;1;1;1043;1123;249;794;0;794;0;17;0;0;0;0;0;0;794;0;0;794;10;5;5;0;784;12;70;64;233;44;351;10;;;;;
7;Zespół Szkół Zawodowych i Ogólnokształcących, ul. Romualda Traugutta 2, 58-400 Kamienna Góra;20701;m. Kamienna Góra;kamiennogórski;dolnośląskie;1;1;1;1877;1958;426;1449;3;1452;3;17;3;0;0;0;0;3;1452;3;1;1451;28;12;16;0;1423;26;134;121;418;51;653;20;;;;;
8;Centrum Kultury, ul. Tadeusza Kościuszki 4, 58-400 Kamienna Góra;20701;m. Kamienna Góra;kamiennogórski;dolnośląskie;1;1;1;1736;1799;429;1307;0;1307;2;12;0;0;0;0;0;0;1305;0;1;1304;18;8;10;0;1286;18;113;131;384;66;562;12;;;;;
1;Świetlica Wiejska, Leszczyniec 100, 58-400 Kamienna Góra;20702;gm. Kamienna Góra;kamiennogórski;dolnośląskie;1;1;1;349;362;93;256;0;256;0;4;0;0;0;0;0;0;256;0;0;256;5;2;3;0;251;3;27;19;67;19;114;2;;;;;
2;Zespół Szkół w Pisarzowicach, Pisarzowice 149, 58-400 Kamienna Góra;20702;gm. Kamienna Góra;kamiennogórski;dolnośląskie;1;1;1;839;932;203;636;0;636;1;15;0;0;0;0;0;0;636;0;0;636;6;4;2;0;630;11;96;72;195;28;204;24;;;;;
3;Świetlica Wiejska, Przedwojów 43A, 58-400 Kamienna Góra;20702;gm. Kamienna Góra;kamiennogórski;dolnośląskie;1;1;1;470;503;66;404;0;404;0;0;0;0;0;0;0;0;404;0;0;404;19;12;7;0;385;17;43;26;110;25;155;9;;;;;
4;Szkoła Podstawowa, Ptaszków 49, 58-400 Kamienna Góra;20702;gm. Kamienna Góra;kamiennogórski;dolnośląskie;1;1;1;340;363;78;262;1;263;0;5;1;0;0;0;0;1;263;1;0;263;6;4;2;0;257;11;29;28;85;13;89;2;;;;;
5;Centrum Biblioteczno-Kulturalne, Krzeszów ul. Kalwaria 1, 58-400 Kamienna Góra;20702;gm. Kamienna Góra;kamiennogórski;dolnośląskie;1;1;1;1292;1391;210;1082;1;1083;3;23;1;0;0;0;0;1;1083;1;0;1083;17;4;13;0;1066;23;114;100;433;72;313;11;;;;;
6;Świetlica Wiejska, Gorzeszów 113, 58-400 Kamienna Góra;20702;gm. Kamienna Góra;kamiennogórski;dolnośląskie;1;1;1;447;484;111;336;0;336;0;0;0;0;0;0;0;0;336;0;0;336;3;2;1;0;333;5;32;31;155;20;87;3;;;;;
7;Inkubator Przedsiębiorczości Gminy Kamienna Góra, Czadrów 26, 58-400 Kamienna Góra;20702;gm. Kamienna Góra;kamiennogórski;dolnośląskie;1;1;1;570;617;109;461;0;461;0;4;0;0;0;0;0;0;461;0;0;461;17;14;3;0;444;8;45;37;112;21;209;12;;;;;
8;Świetlica Wiejska, Ogorzelec 39A, 58-400 Kamienna Góra;20702;gm. Kamienna Góra;kamiennogórski;dolnośląskie;1;1;1;320;346;111;209;0;209;0;1;0;0;0;0;0;0;209;0;1;208;3;3;0;0;205;6;30;18;68;11;69;3;;;;;
9;Świetlica Wiejska, Szarocin 110, 58-400 Kamienna Góra;20702;gm. Kamienna Góra;kamiennogórski;dolnośląskie;1;1;1;360;351;104;256;0;256;0;4;0;0;0;0;0;0;256;0;0;256;14;10;4;0;242;5;44;9;91;31;56;6;;;;;
10;Świetlica Wiejska, Raszów 91, 58-400 Kamienna Góra;20702;gm. Kamienna Góra;kamiennogórski;dolnośląskie;1;1;1;349;362;89;260;0;260;0;0;0;0;0;0;0;0;260;0;0;260;7;5;2;0;253;9;20;14;124;18;64;4;;;;;
11;Świetlica Wiejska, Janiszów 13, 58-400 Kamienna Góra;20702;gm. Kamienna Góra;kamiennogórski;dolnośląskie;1;1;1;290;304;91;199;0;199;0;2;0;0;0;0;0;0;199;0;1;198;4;0;4;0;194;4;17;25;52;10;86;0;;;;;
12;Świetlica Wiejska, Dębrznik 34A, 58-400 Kamienna Góra;20702;gm. Kamienna Góra;kamiennogórski;dolnośląskie;1;1;1;209;221;50;159;0;159;0;0;0;0;0;0;0;0;159;0;0;159;4;4;0;0;155;5;14;11;48;10;65;2;;;;;
13;Świetlica Wiejska, Jawiszów 13, 58-400 Kamienna Góra;20702;gm. Kamienna Góra;kamiennogórski;dolnośląskie;1;1;1;180;185;35;145;0;145;0;0;0;0;0;0;0;0;145;0;0;145;7;5;2;0;138;7;21;12;49;4;41;4;;;;;
14;Świetlica Wiejska, Olszyny 94, 58-400 Kamienna Góra;20702;gm. Kamienna Góra;kamiennogórski;dolnośląskie;1;1;1;200;217;46;154;0;154;0;1;0;0;0;0;0;0;154;0;0;154;5;4;1;0;149;7;19;9;69;5;40;0;;;;;
1;Zespół Szkolno-Przedszkolny w Lubawce, ul. Mickiewicza 4, 58-420 Lubawka;20703;gm. Lubawka;kamiennogórski;dolnośląskie;1;1;1;1111;1192;261;850;0;850;4;12;0;0;0;0;0;0;849;0;0;849;21;16;5;0;828;32;95;94;184;43;368;12;;;;;
2;Miejsko-Gminny Ośrodek Kultury w Lubawce, ul. Kamiennogórska 19, 58-420 Lubawka;20703;gm. Lubawka;kamiennogórski;dolnośląskie;1;1;1;1515;1630;395;1120;0;1120;5;14;0;0;0;0;0;0;1120;0;0;1120;43;34;9;0;1077;29;116;136;287;49;447;13;;;;;
3;Miejsko-Gminny Ośrodek Kultury w Lubawce, ul. Kamiennogórska 19, 58-420 Lubawka;20703;gm. Lubawka;kamiennogórski;dolnośląskie;1;1;1;1505;1603;388;1117;0;1117;1;25;0;0;0;0;0;0;1117;0;0;1117;33;20;13;0;1084;41;112;119;313;46;439;14;;;;;
4;Zespół Szkolno-Przedszkolny w Chełmsku Śląskim, Chełmsko Śląskie ul. Kolonia 14, 58-420 Lubawka;20703;gm. Lubawka;kamiennogórski;dolnośląskie;1;1;1;1784;1884;480;1304;0;1304;3;7;0;0;0;0;0;0;1304;0;0;1304;18;13;5;0;1286;29;111;127;579;76;347;17;;;;;
5;Świetlica Wiejska, Stara Białka 35, 58-420 Lubawka;20703;gm. Lubawka;kamiennogórski;dolnośląskie;1;1;1;429;464;100;329;0;329;3;6;0;0;0;0;0;0;329;0;0;329;12;9;3;0;317;10;49;30;104;17;96;11;;;;;
6;Szkoła Podstawowa w Miszkowicach, Miszkowice 8, 58-420 Lubawka;20703;gm. Lubawka;kamiennogórski;dolnośląskie;1;1;1;419;442;132;287;0;287;4;5;0;0;0;0;0;0;287;0;0;287;0;0;0;0;287;14;32;21;99;26;89;6;;;;;
7;Świetlica Wiejska, Opawa 100, 58-420 Lubawka;20703;gm. Lubawka;kamiennogórski;dolnośląskie;1;1;1;339;366;60;279;0;279;0;1;0;0;0;0;0;0;279;0;0;279;9;6;3;0;270;5;29;16;92;25;99;4;;;;;
8;Świetlica Wiejska w Jarkowicach, Jarkowice 168, 58-420 Lubawka;20703;gm. Lubawka;kamiennogórski;dolnośląskie;1;1;1;260;284;67;193;0;193;0;9;0;0;0;0;0;0;193;0;0;193;6;6;0;0;187;5;22;20;54;9;75;2;;;;;
9;Świetlica Wiejska w Bukówce, Bukówka 50B, 58-420 Lubawka;20703;gm. Lubawka;kamiennogórski;dolnośląskie;1;1;1;250;269;41;209;0;209;1;7;0;0;0;0;0;0;209;0;0;209;4;2;2;0;205;2;20;21;87;12;62;1;;;;;
1;Urząd Gminy w Marciszowie, ul. Szkolna 6, 58-410 Marciszów;20704;gm. Marciszów;kamiennogórski;dolnośląskie;1;1;1;1074;1146;290;784;0;784;1;19;0;0;0;0;0;0;784;0;0;784;15;9;6;0;769;11;119;64;269;33;253;20;;;;;
2;Świetlica wiejska w Ciechanowicach, Ciechanowice 19a, 58-410 Marciszów;20704;gm. Marciszów;kamiennogórski;dolnośląskie;1;1;1;641;674;213;429;0;429;0;3;0;0;0;0;0;0;429;0;0;429;8;5;3;0;421;11;42;41;169;26;126;6;;;;;
3;Świetlica wiejska w Domanowie, Domanów 44, 58-410 Marciszów;20704;gm. Marciszów;kamiennogórski;dolnośląskie;1;1;1;300;319;101;199;0;199;0;2;0;0;0;0;0;0;199;0;0;199;10;8;2;0;189;9;17;12;86;17;44;4;;;;;
4;Świetlica wiejska w Pastewniku, Pastewnik 49, 58-410 Marciszów;20704;gm. Marciszów;kamiennogórski;dolnośląskie;1;1;1;190;204;56;134;0;134;0;0;0;0;0;0;0;0;134;0;0;134;2;2;0;0;132;8;17;11;60;10;25;1;;;;;
5;Świetlica wiejska w Świdniku, Świdnik 50a, 58-410 Marciszów;20704;gm. Marciszów;kamiennogórski;dolnośląskie;1;1;1;210;222;77;133;0;133;0;5;0;0;0;0;0;0;133;0;0;133;5;3;2;0;128;1;26;9;35;10;43;4;;;;;
6;Świetlica wiejska w Sędzisławiu, Sędzisław 25a, 58-410 Marciszów;20704;gm. Marciszów;kamiennogórski;dolnośląskie;1;1;1;420;450;93;327;0;327;1;3;0;0;0;0;0;0;327;0;0;327;7;5;2;0;320;7;26;25;97;26;128;11;;;;;
7;Świetlica wiejska w Wieściszowicach, Wieściszowice 43, 58-410 Marciszów;20704;gm. Marciszów;kamiennogórski;dolnośląskie;1;1;1;320;349;113;207;0;207;0;2;0;0;0;0;0;0;207;0;0;207;7;5;2;0;200;8;27;20;64;5;75;1;;;;;
1;Ośrodek Pomocy Społecznej, ul. Juliusza Słowackiego 16, 57-340 Duszniki-Zdrój;20801;m. Duszniki-Zdrój;kłodzki;dolnośląskie;2;1;1;530;579;161;369;0;369;0;0;0;0;0;0;0;0;369;0;0;369;10;9;1;0;359;9;43;37;113;26;121;10;;;;;
2;Miejski Zespół Szkół, ul. Józefa Wybickiego 2a, 57-340 Duszniki-Zdrój;20801;m. Duszniki-Zdrój;kłodzki;dolnośląskie;2;1;1;870;969;180;690;0;690;10;28;0;0;0;0;0;0;690;0;0;690;12;10;2;0;678;16;73;49;215;38;275;12;;;;;
3;Miejski Zespół Szkół, ul. Sportowa 6, 57-340 Duszniki-Zdrój;20801;m. Duszniki-Zdrój;kłodzki;dolnośląskie;2;1;1;930;1005;217;712;0;712;6;31;0;0;0;0;0;0;713;0;1;712;17;14;3;0;695;15;72;60;236;38;261;13;;;;;
4;Dworek Chopina, ul. Zielona 7, 57-340 Duszniki-Zdrój;20801;m. Duszniki-Zdrój;kłodzki;dolnośląskie;2;1;1;1689;1357;562;1127;1;1128;2;425;0;0;0;0;0;0;1126;0;0;1126;9;7;2;0;1117;19;102;92;362;47;486;9;;;;;
1;Szkoła Podstawowa nr 2 im. Jana Pawła II, ul. Zamiejska 24, 57-300 Kłodzko;20802;m. Kłodzko;kłodzki;dolnośląskie;2;1;1;860;924;211;649;0;649;1;4;0;0;0;0;0;0;649;0;0;649;11;8;3;0;638;16;98;49;188;38;244;5;;;;;
2;Przedszkole nr 3 w Kłodzku, ul. Warty 6, 57-300 Kłodzko;20802;m. Kłodzko;kłodzki;dolnośląskie;2;1;1;822;890;112;710;0;710;2;15;0;0;0;0;0;0;710;0;0;710;8;8;0;0;702;11;105;37;171;24;337;17;;;;;
3;Szkoła Podstawowa nr 7 w Kłodzku im. T. Kościuszki, ul. H. Sienkiewicza 61, 57-300 Kłodzko;20802;m. Kłodzko;kłodzki;dolnośląskie;2;1;1;930;986;144;785;2;787;4;11;2;0;0;0;0;2;787;2;0;787;9;2;7;0;778;11;101;55;200;35;370;6;;;;;
4;ZAMG GM Kłodzko Sp. z o. o., ul. Grunwaldzka 29, 57-300 Kłodzko;20802;m. Kłodzko;kłodzki;dolnośląskie;2;1;1;900;951;346;554;2;556;0;4;2;0;0;0;0;2;556;2;0;556;8;7;1;0;548;15;62;32;180;40;206;13;;;;;
5;Przedszkole nr 1 w Kłodzku, ul. Grunwaldzka 4, 57-300 Kłodzko;20802;m. Kłodzko;kłodzki;dolnośląskie;2;1;1;1000;1085;276;724;0;724;5;11;0;0;0;0;0;0;724;0;0;724;7;6;1;0;717;17;85;86;214;37;274;4;;;;;
6;Ośrodek Pomocy Społecznej w Kłodzku, ul. Stanisława Wyspiańskiego 2d, 57-300 Kłodzko;20802;m. Kłodzko;kłodzki;dolnośląskie;2;1;1;930;968;242;688;0;688;2;4;0;0;0;0;0;0;688;0;0;688;10;4;6;0;678;10;92;54;190;39;287;6;;;;;
7;Urząd Miasta, pl. Bolesława Chrobrego 1, 57-300 Kłodzko;20802;m. Kłodzko;kłodzki;dolnośląskie;2;1;1;1060;1137;380;680;0;680;6;16;0;0;0;0;0;0;680;0;0;680;14;9;5;0;666;13;95;59;264;42;177;16;;;;;
8;Szkoła Podstawowa nr 1 im. Adama Mickiewicza w Kłodzku, ul. Zawiszy Czarnego 5, 57-300 Kłodzko;20802;m. Kłodzko;kłodzki;dolnośląskie;2;1;1;850;921;269;581;0;581;1;8;0;0;0;0;0;0;581;0;2;579;12;10;2;0;567;10;66;57;167;57;207;3;;;;;
9;Muzeum Ziemi Kłodzkiej w Kłodzku, ul. Ignacego Łukasiewicza 4, 57-300 Kłodzko;20802;m. Kłodzko;kłodzki;dolnośląskie;2;1;1;1140;1228;394;746;0;746;1;14;0;0;0;0;0;0;746;0;0;746;20;8;12;0;726;12;77;55;265;48;258;11;;;;;
10;Szkoła Podstawowa nr 3 im. kpt. Stanisława Betleja w Kłodzku, ul. Jana Pawła II 4, 57-300 Kłodzko;20802;m. Kłodzko;kłodzki;dolnośląskie;2;1;1;1100;1171;240;860;0;860;1;8;0;0;0;0;0;0;860;0;0;860;13;7;6;0;847;14;95;65;255;44;366;8;;;;;
11;Kłodzki Ośrodek Kultury, pomieszczenie galerii, pl. Władysława Jagiełły 1, 57-300 Kłodzko;20802;m. Kłodzko;kłodzki;dolnośląskie;2;1;1;1027;1081;282;745;1;746;7;11;1;0;0;0;0;1;746;1;0;746;8;6;2;0;738;14;77;77;232;38;287;13;;;;;
12;Przedszkole nr 4 z Oddziałami Integracyjnymi i Oddziałami Specjalnymi im. Jana Brzechwy w Kłodzku, ul. Bohaterów Getta 9, 57-300 Kłodzko;20802;m. Kłodzko;kłodzki;dolnośląskie;2;1;1;1000;1072;276;724;0;724;4;8;0;0;0;0;0;0;724;0;0;724;8;1;7;0;716;14;75;49;236;48;281;13;;;;;
13;Szkoła Podstawowa nr 6 im. Unii Europejskiej w Kłodzku, ul. Bohaterów Getta 22, 57-300 Kłodzko;20802;m. Kłodzko;kłodzki;dolnośląskie;2;1;1;1109;1163;351;758;1;759;2;2;1;1;0;0;0;0;758;0;0;758;12;6;6;0;746;7;99;61;246;22;306;5;;;;;
14;Hala sportowa w Kłodzku, ul. Janusza Kusocińskiego 2, 57-300 Kłodzko;20802;m. Kłodzko;kłodzki;dolnośląskie;2;1;1;1000;1061;279;721;0;721;0;8;0;0;0;0;0;0;721;0;0;721;9;7;2;0;712;9;94;52;253;33;267;4;;;;;
15;"Dom Działkowca ROD w Kłodzku ""Perła"", ul. Łąkowa 7, 57-300 Kłodzko";20802;m. Kłodzko;kłodzki;dolnośląskie;2;1;1;1306;1399;214;1092;1;1093;2;8;1;0;0;0;0;1;1093;1;0;1093;5;3;2;0;1088;16;125;108;357;51;420;11;;;;;
16;Kryta Pływalnia, ul. Jana Pawła II 4, 57-300 Kłodzko;20802;m. Kłodzko;kłodzki;dolnośląskie;2;1;1;1320;1428;249;1071;1;1072;5;4;1;0;0;0;0;1;1072;1;0;1072;10;5;5;0;1062;20;141;79;348;62;396;16;;;;;
17;Szkoła Podstawowa nr 3 im. kpt. Stanisława Betleja w Kłodzku, Sala Gimnastyczna, ul. Jana Pawła II 4, 57-300 Kłodzko;20802;m. Kłodzko;kłodzki;dolnośląskie;2;1;1;1481;1557;318;1163;1;1164;6;21;1;1;0;0;0;0;1163;0;0;1163;5;4;1;0;1158;20;145;98;347;46;495;7;;;;;
1;Kudowskie Centrum Kultury i Sportu, ul. Główna 43, 57-350 Kudowa-Zdrój;20803;m. Kudowa-Zdrój;kłodzki;dolnośląskie;2;1;1;1331;1556;259;1072;0;1072;3;135;0;0;0;0;0;0;1072;0;0;1072;40;26;14;0;1032;19;108;84;366;72;368;15;;;;;
2;Zespół Szkół Publicznych im. Jana Pawła II, ul. Szkolna 8, 57-350 Kudowa-Zdrój;20803;m. Kudowa-Zdrój;kłodzki;dolnośląskie;2;1;1;970;1106;187;783;0;783;0;77;0;0;0;0;0;0;783;0;0;783;21;15;6;0;762;14;89;54;237;30;322;16;;;;;
3;Punkt Informacyjno-Konsultacyjny GKRPA, ul. Poznańska 2, 57-350 Kudowa-Zdrój;20803;m. Kudowa-Zdrój;kłodzki;dolnośląskie;2;1;1;1361;1479;185;1176;0;1176;3;406;0;0;0;0;0;0;1175;0;0;1175;13;10;3;0;1162;12;149;92;358;49;483;19;;;;;
4;"Szkoła Podstawowa Nr 3 im. ""100-lecia Odzyskania Niepodległości"", ul. Tadeusza Kościuszki 58, 57-350 Kudowa-Zdrój";20803;m. Kudowa-Zdrój;kłodzki;dolnośląskie;2;1;1;1070;1180;188;882;1;883;1;56;0;0;0;0;0;0;882;0;0;882;9;5;4;0;873;20;93;66;273;57;348;16;;;;;
5;Społeczny Zespół Szkolno-Przedszkolny, ul. Słone 72, 57-350 Kudowa-Zdrój;20803;m. Kudowa-Zdrój;kłodzki;dolnośląskie;2;1;1;730;800;185;545;0;545;4;7;0;0;0;0;0;0;545;0;1;544;8;7;1;0;536;13;59;37;205;34;174;14;;;;;
6;Kudowski Zakład Wodociągów i Kanalizacji, ul. Aleksandra Fredry 8, 57-350 Kudowa-Zdrój;20803;m. Kudowa-Zdrój;kłodzki;dolnośląskie;2;1;1;540;588;109;431;0;431;2;16;0;0;0;0;0;0;431;0;0;431;6;4;2;0;425;15;52;23;171;25;133;6;;;;;
7;Zespół Szkół Publicznych im. Jana Pawła II, ul. Szkolna 8, 57-350 Kudowa-Zdrój;20803;m. Kudowa-Zdrój;kłodzki;dolnośląskie;2;1;1;1189;1271;193;996;0;996;0;69;0;0;0;0;0;0;996;0;0;996;9;5;4;0;987;17;93;86;318;52;411;10;;;;;
1;Miejska Biblioteka Publiczna w Nowej Rudzie, ul. Bohaterów Getta 10, 57-400 Nowa Ruda;20804;m. Nowa Ruda;kłodzki;dolnośląskie;2;1;1;1130;1167;430;700;0;700;1;11;0;0;0;0;0;0;700;0;0;700;12;7;5;0;688;15;61;39;219;48;294;12;;;;;
2;Miejski Ośrodek Kultury w Nowej Rudzie, ul. Strzelecka 2a, 57-400 Nowa Ruda;20804;m. Nowa Ruda;kłodzki;dolnośląskie;2;1;1;1622;1724;484;1138;0;1138;1;22;0;0;0;0;0;0;1137;0;0;1137;20;14;6;0;1117;44;129;93;272;66;501;12;;;;;
3;Liceum Ogólnokształcące im. Henryka Sienkiewicza, os. Osiedle Piastowskie 17, 57-400 Nowa Ruda;20804;m. Nowa Ruda;kłodzki;dolnośląskie;2;1;1;1550;1618;455;1095;0;1095;4;8;0;0;0;0;0;0;1095;0;0;1095;13;6;7;0;1082;19;94;91;374;38;454;12;;;;;
4;Liceum Ogólnokształcące im. Henryka Sienkiewicza, os. Osiedle Piastowskie 17, 57-400 Nowa Ruda;20804;m. Nowa Ruda;kłodzki;dolnośląskie;2;1;1;780;821;292;488;2;490;0;3;2;0;0;0;0;2;490;2;0;490;6;5;1;0;484;11;26;44;159;21;210;13;;;;;
5;Noworudzka Szkoła Techniczna w Nowej Rudzie, ul. Obozowa 9, 57-401 Nowa Ruda;20804;m. Nowa Ruda;kłodzki;dolnośląskie;2;1;1;760;801;307;453;0;453;0;2;0;0;0;0;0;0;453;0;0;453;7;6;1;0;446;5;35;22;147;34;197;6;;;;;
6;Zespół Szkolno-Przedszkolny nr 1 w Nowej Rudzie, ul. Stara Droga 39, 57-401 Nowa Ruda;20804;m. Nowa Ruda;kłodzki;dolnośląskie;2;1;1;730;777;297;433;0;433;3;3;0;0;0;0;0;0;433;0;0;433;5;5;0;0;428;12;48;31;125;28;169;15;;;;;
7;Zespół Szkolno-Przedszkolny nr 1 w Nowej Rudzie, ul. Stara Droga 39, 57-401 Nowa Ruda;20804;m. Nowa Ruda;kłodzki;dolnośląskie;2;1;1;1070;1149;424;646;0;646;4;10;0;0;0;0;0;0;643;0;0;643;16;9;7;0;627;12;61;31;194;45;279;5;;;;;
8;Filia Szkoły Podstawowej nr 2 im. Janusza Korczaka w Nowej Rudzie, ul. Srebrna 11, 57-400 Nowa Ruda;20804;m. Nowa Ruda;kłodzki;dolnośląskie;2;1;1;680;715;244;436;0;436;0;4;0;0;0;0;0;0;436;0;0;436;4;4;0;0;432;12;30;30;143;26;185;6;;;;;
9;Szkoła Podstawowa nr 7 im. Tadeusza Kościuszki w Nowej Rudzie, ul. Szkolna 3, 57-402 Nowa Ruda;20804;m. Nowa Ruda;kłodzki;dolnośląskie;2;1;1;1467;1478;490;977;0;977;1;20;0;0;0;0;0;0;977;0;0;977;12;7;5;0;965;15;64;79;269;47;470;21;;;;;
10;Filia Miejskiej Biblioteki Publicznej w Nowej Rudzie, ul. Słupiecka 2, 57-402 Nowa Ruda;20804;m. Nowa Ruda;kłodzki;dolnośląskie;2;1;1;1500;1554;380;1120;0;1120;3;8;0;0;0;0;0;0;1120;0;0;1120;8;4;4;0;1112;18;94;70;340;40;531;19;;;;;
11;Szkoła Podstawowa nr 7 im. Tadeusza Kościuszki w Nowej Rudzie, ul. Akacjowa 8, 57-402 Nowa Ruda;20804;m. Nowa Ruda;kłodzki;dolnośląskie;2;1;1;1592;1652;541;1051;0;1051;6;2;0;0;0;0;0;0;1051;0;0;1051;0;0;0;0;1051;21;136;65;345;59;410;15;;;;;
12;Filia Miejskiej Biblioteki Publicznej w Nowej Rudzie, ul. Słupiecka 2, 57-402 Nowa Ruda;20804;m. Nowa Ruda;kłodzki;dolnośląskie;2;1;1;2179;2236;519;1660;1;1661;4;19;1;0;0;0;0;1;1661;1;0;1661;22;12;10;0;1639;26;133;112;478;66;770;54;;;;;
1;"Szkoła Podstawowa Stowarzyszenia ""Edukator"", ul. Tadeusza Kościuszki 13, 57-320 Polanica-Zdrój";20805;m. Polanica-Zdrój;kłodzki;dolnośląskie;2;1;1;1580;1715;325;1255;3;1258;2;33;3;0;0;0;0;3;1257;3;0;1257;26;14;12;0;1231;45;161;100;374;54;481;16;;;;;
2;Zespół Szkolno-Przedszkolny Szkoła Podstawowa nr 2 im. Żołnierzy z Monte Cassino w Polanicy-Zdroju, al. Wojska Polskiego 23, 57-320 Polanica-Zdrój;20805;m. Polanica-Zdrój;kłodzki;dolnośląskie;2;1;1;1540;1658;357;1183;2;1185;2;177;2;0;0;0;0;2;1185;2;0;1185;21;13;8;0;1164;38;113;82;376;51;489;15;;;;;
3;Urząd Miejski, ul. Jarosława Dąbrowskiego 3, 57-320 Polanica-Zdrój;20805;m. Polanica-Zdrój;kłodzki;dolnośląskie;2;1;1;1700;2236;16;1684;5;1689;3;454;5;0;1;0;0;4;1688;4;0;1688;29;25;4;0;1659;32;251;156;490;66;633;31;;;;;
1;Biblioteka Publiczna Miasta i Gminy, pl. Plac Wolności 16, 57-500 Bystrzyca Kłodzka;20806;gm. Bystrzyca Kłodzka;kłodzki;dolnośląskie;2;1;1;800;852;338;462;0;462;2;13;0;0;0;0;0;0;462;0;0;462;8;3;5;0;454;17;35;14;168;31;169;20;;;;;
2;Ratusz, pl. Plac Wolności 1, 57-500 Bystrzyca Kłodzka;20806;gm. Bystrzyca Kłodzka;kłodzki;dolnośląskie;2;1;1;1490;1555;522;968;0;968;1;14;0;0;0;0;0;0;968;0;0;968;32;18;14;0;936;14;86;60;311;53;400;12;;;;;
3;Miejsko-Gminny Ośrodek Kultury, ul. Wojska Polskiego 20, 57-500 Bystrzyca Kłodzka;20806;gm. Bystrzyca Kłodzka;kłodzki;dolnośląskie;2;1;1;851;882;259;592;0;592;2;18;0;0;0;0;0;0;592;0;0;592;19;13;6;0;573;8;45;31;201;38;234;16;;;;;
4;Szkoła Podstawowa nr 2 im. Obrońców Warszawy, ul. Wojska Polskiego 68, 57-500 Bystrzyca Kłodzka;20806;gm. Bystrzyca Kłodzka;kłodzki;dolnośląskie;2;1;1;1810;1925;438;1372;0;1372;7;29;0;0;0;0;0;0;1372;0;0;1372;24;14;10;0;1348;15;95;69;484;38;630;17;;;;;
5;Miejsko-Gminny Ośrodek Kultury, ul. Wojska Polskiego 20, 57-500 Bystrzyca Kłodzka;20806;gm. Bystrzyca Kłodzka;kłodzki;dolnośląskie;2;1;1;1680;1757;517;1163;1;1164;6;17;1;0;0;0;0;1;1164;1;0;1164;23;10;13;0;1141;18;93;54;372;54;539;11;;;;;
6;Wiejski Dom Kultury, Stary Waliszów 91, 57-500 Bystrzyca Kłodzka;20806;gm. Bystrzyca Kłodzka;kłodzki;dolnośląskie;2;1;1;610;655;116;494;0;494;7;11;0;0;0;0;0;0;494;0;0;494;9;8;1;0;485;6;50;19;189;22;187;12;;;;;
7;"Publiczna Szkoła Podstawowa Stowarzyszenia ""Stara Łomnica Dzieciom"", Stara Łomnica 64, 57-521 Gorzanów";20806;gm. Bystrzyca Kłodzka;kłodzki;dolnośląskie;2;1;1;920;980;259;661;0;661;1;3;0;0;0;0;0;0;661;0;0;661;15;7;8;0;646;9;42;41;313;43;188;10;;;;;
8;Szkoła Podstawowa z Oddziałami Integracyjnymi im. Marii Konopnickiej, Pławnica 2, 57-500 Bystrzyca Kłodzka;20806;gm. Bystrzyca Kłodzka;kłodzki;dolnośląskie;2;1;1;799;865;186;613;0;613;1;8;0;0;0;0;0;0;613;0;0;613;15;8;7;0;598;30;54;22;267;45;169;11;;;;;
9;Szkoła Podstawowa, ul. Kłodzka 8, 57-521 Gorzanów;20806;gm. Bystrzyca Kłodzka;kłodzki;dolnośląskie;2;1;1;700;748;189;511;0;511;3;9;0;0;0;0;0;0;511;0;0;511;17;6;11;0;494;12;57;20;217;28;158;2;;;;;
10;Wiejski Dom Kultury, Nowy Waliszów 81, 57-500 Bystrzyca Kłodzka;20806;gm. Bystrzyca Kłodzka;kłodzki;dolnośląskie;2;1;1;310;334;67;243;0;243;2;1;0;0;0;0;0;0;243;0;0;243;5;5;0;0;238;3;11;7;119;13;84;1;;;;;
11;Wiejski Dom Kultury, Stara Bystrzyca ul. Bystrzycka 41, 57-500 Bystrzyca Kłodzka;20806;gm. Bystrzyca Kłodzka;kłodzki;dolnośląskie;2;1;1;821;894;186;635;0;635;0;17;0;0;0;0;0;0;635;0;0;635;17;9;8;0;618;16;54;40;189;33;276;10;;;;;
12;"Sanatorium ""Ondraszek"", ul. Zdrojowa 10A, 57-520 Długopole-Zdrój";20806;gm. Bystrzyca Kłodzka;kłodzki;dolnośląskie;2;1;1;460;524;70;390;0;390;0;114;0;0;0;0;0;0;390;0;0;390;5;4;1;0;385;3;45;26;117;14;173;7;;;;;
13;Budynek byłej Szkoły Podstawowej, Międzygórze ul. Pocztowa 1, 57-500 Bystrzyca Kłodzka;20806;gm. Bystrzyca Kłodzka;kłodzki;dolnośląskie;2;1;1;381;418;83;298;0;298;0;59;0;0;0;0;0;0;298;0;0;298;1;1;0;0;297;6;45;33;89;12;107;5;;;;;
14;Wiejski Dom Kultury, Wilkanów 137, 57-500 Bystrzyca Kłodzka;20806;gm. Bystrzyca Kłodzka;kłodzki;dolnośląskie;2;1;1;726;779;193;533;1;534;0;14;1;1;0;0;0;0;533;0;0;533;9;9;0;0;524;9;68;32;207;21;179;8;;;;;
15;Świetlica Wiejska, Ponikwa 41A, 57-500 Bystrzyca Kłodzka;20806;gm. Bystrzyca Kłodzka;kłodzki;dolnośląskie;2;1;1;260;289;42;218;0;218;0;8;0;0;0;0;0;0;218;0;0;218;5;4;1;0;213;6;26;11;67;9;88;6;;;;;
16;Szkoła Podstawowa w Długopolu Dolnym, Długopole Dolne 35, 57-520 Długopole-Zdrój;20806;gm. Bystrzyca Kłodzka;kłodzki;dolnośląskie;2;1;1;240;269;52;188;0;188;2;9;0;0;0;0;0;0;188;0;0;188;2;2;0;0;186;0;15;9;71;5;84;2;;;;;
17;Świetlica Wiejska w Porębie, Poręba 54, 57-520 Długopole-Zdrój;20806;gm. Bystrzyca Kłodzka;kłodzki;dolnośląskie;2;1;1;190;203;47;143;0;143;0;3;0;0;0;0;0;0;143;0;0;143;6;5;1;0;137;3;13;6;49;9;55;2;;;;;
1;Świetlica wiejska, Boguszyn 91a, 57-300 Boguszyn;20807;gm. Kłodzko;kłodzki;dolnośląskie;2;1;1;340;355;87;253;3;256;0;2;3;0;0;0;0;3;256;3;3;253;3;2;1;0;250;2;52;14;91;11;76;4;;;;;
2;Dom Ludowy, Wojciechowice 106, 57-300 Wojciechowice;20807;gm. Kłodzko;kłodzki;dolnośląskie;2;1;1;431;471;127;304;1;305;0;5;1;0;0;0;0;1;305;1;1;304;16;12;4;0;288;5;85;10;80;13;86;9;;;;;
3;Szkoła Podstawowa, Jaszkowa Dolna 63 e, 57-312 Jaszkowa Dolna;20807;gm. Kłodzko;kłodzki;dolnośląskie;2;1;1;1070;1141;292;778;1;779;0;4;1;0;0;0;0;1;780;1;1;779;25;18;7;0;754;6;169;47;266;41;220;5;;;;;
4;Filia Biblioteki Publicznej Gminy Kłodzko, Jaszkowa Górna 71, 57-312 Jaszkowa Górna;20807;gm. Kłodzko;kłodzki;dolnośląskie;2;1;1;690;726;181;509;0;509;1;4;0;0;0;0;0;0;509;0;1;508;15;12;3;0;493;4;127;23;183;20;125;11;;;;;
5;Ośrodek Kultury, Sportu i Rekreacji Gminy Kłodzko, ul. Kłodzka 20, 57-360 Ołdrzychowice Kłodzkie;20807;gm. Kłodzko;kłodzki;dolnośląskie;2;1;1;1510;1603;502;1008;0;1008;1;8;0;0;0;0;0;0;1007;0;0;1007;35;25;10;0;972;16;182;54;409;37;261;13;;;;;
6;Centrum Biblioteczno-Kulturalne w Żelaźnie, Żelazno 102A, 57-361 Żelazno;20807;gm. Kłodzko;kłodzki;dolnośląskie;2;1;1;780;840;238;542;0;542;1;4;0;0;0;0;0;0;542;0;0;542;13;9;4;0;529;9;98;31;188;51;141;11;;;;;
7;Sala „Podhalanka” w Krosnowicach, Krosnowice 186, 57-362 Krosnowice;20807;gm. Kłodzko;kłodzki;dolnośląskie;2;1;1;1910;2017;604;1306;0;1306;2;7;0;0;0;0;0;0;1306;0;0;1306;20;12;8;0;1286;31;214;66;512;71;374;18;;;;;
8;Centrum Inicjatyw Społeczno-Kulturalnych, Stary Wielisław 61 a, 57-313 Stary Wielisław;20807;gm. Kłodzko;kłodzki;dolnośląskie;2;1;1;830;893;205;625;0;625;1;0;0;0;0;0;0;0;625;0;0;625;16;9;7;0;609;16;109;24;233;33;186;8;;;;;
9;Dom Ludowy w Szalejowie Dolnym, Szalejów Dolny 1, 57-314 Szalejów Dolny;20807;gm. Kłodzko;kłodzki;dolnośląskie;2;1;1;670;715;235;435;0;435;0;0;0;0;0;0;0;0;435;0;0;435;11;6;5;0;424;13;109;15;151;19;114;3;;;;;
10;Dom Ludowy w Szalejowie Górnym, Szalejów Górny 1, 57-314 Szalejów Górny;20807;gm. Kłodzko;kłodzki;dolnośląskie;2;1;1;550;598;140;410;0;410;0;5;0;0;0;0;0;0;410;0;0;410;7;7;0;0;403;11;67;17;158;25;116;9;;;;;
11;Świetlica wiejska, Piszkowice 59 h, 57-315 Piszkowice;20807;gm. Kłodzko;kłodzki;dolnośląskie;2;1;1;490;531;132;358;0;358;1;4;0;0;0;0;0;0;358;0;0;358;3;1;2;0;355;1;70;20;158;21;78;7;;;;;
12;Świetlica wiejska, Święcko 18, 57-441 Święcko;20807;gm. Kłodzko;kłodzki;dolnośląskie;2;1;1;300;324;67;233;0;233;0;5;0;0;0;0;0;0;233;0;0;233;6;3;3;0;227;8;32;18;93;12;61;3;;;;;
13;Centrum Biblioteczno-Kulturalne w Bierkowicach, Bierkowice 1A, 57-315 Bierkowice;20807;gm. Kłodzko;kłodzki;dolnośląskie;2;1;1;349;380;79;270;0;270;1;3;0;0;0;0;0;0;270;0;0;270;5;4;1;0;265;2;57;8;129;18;47;4;;;;;
14;Centrum Biblioteczno-Kulturalne w Wojborzu, Wojbórz 138, 57-442 Wojbórz;20807;gm. Kłodzko;kłodzki;dolnośląskie;2;1;1;810;875;271;539;0;539;0;5;0;0;0;0;0;0;539;0;0;539;15;11;4;0;524;10;161;30;190;31;99;3;;;;;
15;Świetlica wiejska, Ławica 8, 57-300 Ławica;20807;gm. Kłodzko;kłodzki;dolnośląskie;2;1;1;400;440;99;301;0;301;0;0;0;0;0;0;0;0;301;0;0;301;7;3;4;0;294;9;70;17;121;16;54;7;;;;;
16;Świetlica wiejska, Podzamek 18, 57-312 Podzamek;20807;gm. Kłodzko;kłodzki;dolnośląskie;2;1;1;203;203;37;166;0;166;0;0;0;0;0;0;0;0;166;0;0;166;3;2;1;0;163;5;52;8;58;4;34;2;;;;;
17;Świetlica wiejska, Gołogłowy 27c, 57-315 Gołogłowy;20807;gm. Kłodzko;kłodzki;dolnośląskie;2;1;1;170;177;52;118;0;118;0;1;0;0;0;0;0;0;118;0;0;118;6;5;1;0;112;3;18;5;52;9;25;0;;;;;
18;Świetlica wiejska, Łączna 18c, 57-442 Łączna;20807;gm. Kłodzko;kłodzki;dolnośląskie;2;1;1;200;212;62;138;0;138;0;2;0;0;0;0;0;0;138;0;0;138;11;9;2;0;127;4;25;5;70;5;18;0;;;;;
19;Świetlica wiejska, Ścinawica 51, 57-300 Ścinawica;20807;gm. Kłodzko;kłodzki;dolnośląskie;2;1;1;230;257;51;179;2;181;0;0;2;0;0;0;0;2;181;2;0;181;14;8;6;0;167;0;42;13;55;7;47;3;;;;;
1;Zespół Szkół Publicznych w Lądku-Zdroju, Szkoła Podstawowa nr 1 im. Janusza Korczaka, ul. Kościelna 31, 57-540 Lądek-Zdrój;20808;gm. Lądek-Zdrój;kłodzki;dolnośląskie;2;1;1;732;825;191;541;0;541;3;46;0;0;0;0;0;0;541;0;0;541;11;6;5;0;530;10;88;28;193;30;176;5;;;;;
2;Ośrodek Pomocy Społecznej, ul. Ludwika Zamenhofa 2, 57-540 Lądek-Zdrój;20808;gm. Lądek-Zdrój;kłodzki;dolnośląskie;2;1;1;880;917;194;686;1;687;1;125;1;0;0;0;0;1;687;1;0;687;9;5;4;0;678;7;78;53;207;37;279;17;;;;;
3;Ośrodek Pomocy Społecznej, ul. Ludwika Zamenhofa 2, 57-540 Lądek-Zdrój;20808;gm. Lądek-Zdrój;kłodzki;dolnośląskie;2;1;1;770;919;155;615;0;615;1;140;0;0;0;0;0;0;615;0;0;615;16;8;8;0;599;9;94;35;220;40;199;2;;;;;
4;Przedszkole z Oddziałami Integracyjnymi, ul. Powstańców Wielkopolskich 26A, 57-540 Lądek-Zdrój;20808;gm. Lądek-Zdrój;kłodzki;dolnośląskie;2;1;1;970;1045;250;720;0;720;2;69;0;0;0;0;0;0;720;0;0;720;20;18;2;0;700;14;113;72;230;37;218;16;;;;;
5;Przedszkole z Oddziałami Integracyjnymi, ul. Powstańców Wielkopolskich 26A, 57-540 Lądek-Zdrój;20808;gm. Lądek-Zdrój;kłodzki;dolnośląskie;2;1;1;1040;1043;277;763;1;764;4;178;1;0;0;0;0;1;764;1;0;764;8;8;0;0;756;18;117;55;268;42;250;6;;;;;
6;Budynek byłej Szkoły Podstawowej, Radochów 104, 57-540 Lądek-Zdrój;20808;gm. Lądek-Zdrój;kłodzki;dolnośląskie;2;1;1;610;676;137;473;0;473;2;10;0;0;0;0;0;0;473;0;0;473;9;7;2;0;464;8;109;42;137;24;140;4;;;;;
7;Świetlica Wiejska, Trzebieszowice 107A, 57-540 Lądek-Zdrój;20808;gm. Lądek-Zdrój;kłodzki;dolnośląskie;2;1;1;720;795;200;520;0;520;2;14;0;0;0;0;0;0;520;0;0;520;14;13;1;0;506;5;108;28;188;35;133;9;;;;;
8;Remiza Ochotniczej Straży Pożarnej w Konradowie, Konradów 70, 57-540 Lądek-Zdrój;20808;gm. Lądek-Zdrój;kłodzki;dolnośląskie;2;1;1;200;216;85;115;0;115;0;0;0;0;0;0;0;0;115;0;0;115;7;6;1;0;108;3;52;2;29;2;20;0;;;;;
9;Świetlica Wiejska, Skrzynka 22a, 57-540 Lądek-Zdrój;20808;gm. Lądek-Zdrój;kłodzki;dolnośląskie;2;1;1;250;286;57;193;0;193;0;1;0;0;0;0;0;0;193;0;0;193;7;4;3;0;186;3;46;7;83;23;24;0;;;;;
1;Zespół Szkolno-Przedszkolny, ul. Kościelna 1, 57-343 Lewin Kłodzki;20809;gm. Lewin Kłodzki;kłodzki;dolnośląskie;2;1;1;810;911;185;625;2;627;1;53;2;2;0;0;0;0;625;0;0;625;8;4;4;0;617;11;91;55;210;38;196;16;;;;;
2;"Gminna Spółdzielnia ""SCh"" w Jeleniowie, Jeleniów pl. Spółdzielczy 49, 57-343 Lewin Kłodzki";20809;gm. Lewin Kłodzki;kłodzki;dolnośląskie;2;1;1;600;668;170;430;0;430;2;6;0;0;0;0;0;0;430;0;0;430;5;5;0;0;425;13;50;40;156;31;133;2;;;;;
1;Miejsko-Gminny Ośrodek Kultury, pl. Wolności 15, 57-530 Międzylesie;20810;gm. Międzylesie;kłodzki;dolnośląskie;2;1;1;859;968;165;694;0;694;0;43;0;0;0;0;0;0;694;0;0;694;16;9;7;0;678;15;82;57;241;42;231;10;;;;;
2;Biblioteka Publiczna Miasta i Gminy, ul. Wojska Polskiego 11, 57-530 Międzylesie;20810;gm. Międzylesie;kłodzki;dolnośląskie;2;1;1;920;970;278;641;0;641;0;6;0;0;0;0;0;0;642;0;0;642;7;5;2;0;635;11;68;44;229;34;243;6;;;;;
3;Świetlica wiejska, Boboszów 55A, 57-530 Międzylesie;20810;gm. Międzylesie;kłodzki;dolnośląskie;2;1;1;310;360;52;258;0;258;0;3;0;0;0;0;0;0;258;0;0;258;11;7;4;0;247;5;38;19;93;11;77;4;;;;;
4;Różańskie Centrum Informacji Wiejskiej, Różanka 53, 57-530 Międzylesie;20810;gm. Międzylesie;kłodzki;dolnośląskie;2;1;1;330;386;65;265;0;265;0;10;0;0;0;0;0;0;265;0;0;265;5;3;2;0;260;7;25;14;90;15;100;9;;;;;
5;Świetlica wiejska, Roztoki 34, 57-530 Międzylesie;20810;gm. Międzylesie;kłodzki;dolnośląskie;2;1;1;480;510;148;332;0;332;0;5;0;0;0;0;0;0;332;0;0;332;21;14;7;0;311;5;32;21;117;20;103;13;;;;;
6;Filia Biblioteki Publicznej Miasta i Gminy, Długopole Górne 79, 57-520 Długopole-Zdrój;20810;gm. Międzylesie;kłodzki;dolnośląskie;2;1;1;500;529;177;323;0;323;1;2;0;0;0;0;0;0;323;0;0;323;14;11;3;0;309;9;27;12;116;19;116;10;;;;;
7;Filia Miejsko-Gminnego Ośrodka Kultury-Dom Kultury, ul. Kolejowa 3, 57-522 Domaszków;20810;gm. Międzylesie;kłodzki;dolnośląskie;2;1;1;821;864;255;566;0;566;1;7;0;0;0;0;0;0;566;0;0;566;13;10;3;0;553;14;76;38;215;26;180;4;;;;;
8;Świetlica wiejska, Goworów 14, 57-530 Międzylesie;20810;gm. Międzylesie;kłodzki;dolnośląskie;2;1;1;469;509;126;343;0;343;2;7;0;0;0;0;0;0;343;0;0;343;6;3;3;0;337;9;43;23;95;20;144;3;;;;;
9;Świetlica wiejska, Pisary 36, 57-530 Międzylesie;20810;gm. Międzylesie;kłodzki;dolnośląskie;2;1;1;350;380;99;251;0;251;0;8;0;0;0;0;0;0;251;0;0;251;7;3;4;0;244;5;24;19;86;17;82;11;;;;;
1;Zespół Szkół Nr 1, ul. Główna 85, 57-430 Jugów;20811;gm. Nowa Ruda;kłodzki;dolnośląskie;2;1;1;500;536;170;330;0;330;0;2;0;0;0;0;0;0;330;0;0;330;8;6;2;0;322;8;29;28;89;20;143;5;;;;;
2;Zespół Szkół Nr 1, ul. Główna 85, 57-430 Jugów;20811;gm. Nowa Ruda;kłodzki;dolnośląskie;2;1;1;510;536;186;324;0;324;0;0;0;0;0;0;0;0;324;0;0;324;8;7;1;0;316;5;31;25;90;16;144;5;;;;;
3;Zespół Szkół Nr 1, ul. Główna 105, 57-430 Jugów;20811;gm. Nowa Ruda;kłodzki;dolnośląskie;2;1;1;430;440;154;276;0;276;0;5;0;0;0;0;0;0;276;0;0;276;9;3;6;0;267;10;27;22;63;20;124;1;;;;;
4;"Świetlica wiejska ""Jugowianka"", ul. Główna 155, 57-430 Jugów";20811;gm. Nowa Ruda;kłodzki;dolnośląskie;2;1;1;490;509;169;321;0;321;0;2;0;0;0;0;0;0;321;0;0;321;7;7;0;0;314;5;43;20;88;20;131;7;;;;;
5;Centrum Kultury Gminy Nowa Ruda, ul. Fabryczna 2, 57-450 Ludwikowice Kłodzkie;20811;gm. Nowa Ruda;kłodzki;dolnośląskie;2;1;1;600;638;208;392;0;392;0;3;0;0;0;0;0;0;392;0;0;392;15;12;3;0;377;6;39;27;119;24;158;4;;;;;
6;Galeria Ludwikowice, ul. Główna 65, 57-450 Ludwikowice Kłodzkie;20811;gm. Nowa Ruda;kłodzki;dolnośląskie;2;1;1;550;586;185;365;0;365;0;10;0;0;0;0;0;0;365;0;0;365;12;9;3;0;353;9;20;19;140;25;129;11;;;;;
7;Świetlica wiejska, Sokolec 3, 57-450 Ludwikowice Kłodzkie;20811;gm. Nowa Ruda;kłodzki;dolnośląskie;2;1;1;400;436;115;285;0;285;0;14;0;0;0;0;0;0;285;0;0;285;7;5;2;0;278;5;30;23;86;14;118;2;;;;;
8;Zespół Szkół Nr 3 z Oddziałami Integracyjnymi, Bożków 89e, 57-441 Bożków;20811;gm. Nowa Ruda;kłodzki;dolnośląskie;2;1;1;520;556;135;385;0;385;0;0;0;0;0;0;0;0;385;0;0;385;11;10;1;0;374;3;52;29;137;27;117;9;;;;;
9;Zespół Szkół Nr 3 z Oddziałami Integracyjnymi, Bożków 89e, 57-441 Bożków;20811;gm. Nowa Ruda;kłodzki;dolnośląskie;2;1;1;611;637;153;458;0;458;0;4;0;0;0;0;0;0;458;0;0;458;4;3;1;0;454;9;66;44;155;28;150;2;;;;;
10;Biblioteka Publiczna Gminy Nowa Ruda Filia nr 7 w Przygórzu, Przygórze 218, 57-431 Przygórze;20811;gm. Nowa Ruda;kłodzki;dolnośląskie;2;1;1;480;518;154;326;0;326;0;0;0;0;0;0;0;0;326;0;0;326;8;0;8;0;318;10;25;20;91;24;141;7;;;;;
11;Remiza strażacka, Wolibórz 116, 57-431 Wolibórz;20811;gm. Nowa Ruda;kłodzki;dolnośląskie;2;1;1;720;755;202;518;0;518;0;6;0;0;0;0;0;0;518;0;0;518;10;8;2;0;508;11;64;45;229;23;132;4;;;;;
12;Hala sportowa, Dzikowiec 94 A, 57-432 Dzikowiec;20811;gm. Nowa Ruda;kłodzki;dolnośląskie;2;1;1;627;676;170;457;0;457;0;2;0;0;0;0;0;0;457;0;0;457;11;8;3;0;446;8;53;41;170;25;139;10;;;;;
13;Świetlica wiejska, Świerki 61, 57-451 Świerki;20811;gm. Nowa Ruda;kłodzki;dolnośląskie;2;1;1;600;638;175;425;1;426;0;11;1;0;0;0;0;1;426;1;0;426;12;8;4;0;414;8;64;32;121;19;146;24;;;;;
14;Świetlica wiejska, Włodowice 36, 57-400 Nowa Ruda;20811;gm. Nowa Ruda;kłodzki;dolnośląskie;2;1;1;559;594;158;401;0;401;0;3;0;0;0;0;0;0;401;0;0;401;4;3;1;0;397;13;45;32;133;18;155;1;;;;;
15;Świetlica wiejska, Czerwieńczyce 16, 57-441 Bożków;20811;gm. Nowa Ruda;kłodzki;dolnośląskie;2;1;1;420;458;122;298;0;298;0;2;0;0;0;0;0;0;298;0;0;298;7;6;1;0;291;2;32;25;125;13;89;5;;;;;
1;Urząd Miasta i Gminy, rynek Rynek 1, 57-420 Radków;20812;gm. Radków;kłodzki;dolnośląskie;2;1;1;1781;1932;582;1199;0;1199;4;37;0;0;0;0;0;0;1198;0;0;1198;38;16;22;0;1160;10;151;67;387;83;432;30;;;;;
2;Centrum Kulturalno Sportowo Rekreacyjne, Ratno Górne 4a, 57-420 Radków;20812;gm. Radków;kłodzki;dolnośląskie;2;1;1;190;196;58;132;0;132;0;1;0;0;0;0;0;0;132;0;0;132;2;0;2;0;130;7;14;5;48;16;39;1;;;;;
3;Świetlica OSP, Wambierzyce ul. Objazdowa 8a, 57-420 Radków;20812;gm. Radków;kłodzki;dolnośląskie;2;1;1;781;857;249;532;0;532;1;12;0;0;0;0;0;0;532;0;0;532;9;5;4;0;523;8;65;27;214;35;157;17;;;;;
4;Sala Widowiskowa, Ścinawka Średnia ul. Mickiewicza 12c, 57-420 Radków;20812;gm. Radków;kłodzki;dolnośląskie;2;1;1;1440;1546;472;968;0;968;1;14;0;0;0;0;0;0;968;0;0;968;21;10;11;0;947;25;97;53;337;61;343;31;;;;;
5;Centrum Inicjatyw Wiejskich, Ścinawka Górna 18a, 57-420 Radków;20812;gm. Radków;kłodzki;dolnośląskie;2;1;1;440;468;146;294;0;294;0;1;0;0;0;0;0;0;294;0;0;294;3;2;1;0;291;3;34;7;108;25;99;15;;;;;
6;Zespół Szkolno-Przedszkolny, Ścinawka Dolna 21a, 57-420 Radków;20812;gm. Radków;kłodzki;dolnośląskie;2;1;1;750;790;213;537;0;537;2;8;0;0;0;0;0;0;537;0;0;537;27;25;2;0;510;16;66;26;209;45;138;10;;;;;
7;Sala Domu Ludowego, Tłumaczów 72, 57-420 Radków;20812;gm. Radków;kłodzki;dolnośląskie;2;1;1;360;382;104;256;0;256;1;5;0;0;0;0;0;0;256;0;0;256;5;4;1;0;251;7;27;12;112;8;80;5;;;;;
8;Świetlica Wiejska w Ratnie Dolnym, Ratno Dolne 57, 57-420 Radków;20812;gm. Radków;kłodzki;dolnośląskie;2;1;1;300;309;89;211;0;211;0;0;0;0;0;0;0;0;210;0;0;210;15;11;4;0;195;4;15;10;98;23;44;1;;;;;
9;Suszyńskie Centrum Kultury i Tradycji, Suszyna 36A, 57-420 Radków;20812;gm. Radków;kłodzki;dolnośląskie;2;1;1;161;175;26;135;0;135;0;2;0;0;0;0;0;0;135;0;0;135;7;5;2;0;128;3;25;7;60;12;17;4;;;;;
1;Szkoła Podstawowa w Stroniu Śląskim, ul. Kościuszki 57, 57-550 Stronie Śląskie;20813;gm. Stronie Śląskie;kłodzki;dolnośląskie;2;1;1;900;927;299;601;0;601;1;37;0;0;0;0;0;0;601;0;0;601;13;10;3;0;588;10;73;57;220;28;197;3;;;;;
2;Przedszkole Miejskie w Stroniu Śląskim, ul. Nadbrzeżna 30, 57-550 Stronie Śląskie;20813;gm. Stronie Śląskie;kłodzki;dolnośląskie;2;1;1;1130;1235;326;804;1;805;2;19;1;0;0;0;0;1;805;1;0;805;12;9;3;0;793;13;106;74;260;50;280;10;;;;;
3;Zespół Szkół Samorządowych w Stroniu Śląskim, Strachocin 2, 57-550 Stronie Śląskie;20813;gm. Stronie Śląskie;kłodzki;dolnośląskie;2;1;1;990;1105;260;730;0;730;0;16;0;0;0;0;0;0;730;0;0;730;17;13;4;0;713;15;107;77;183;53;262;16;;;;;
4;Szkoła Podstawowa w Stroniu Śląskim, ul. Kościuszki 57, 57-550 Stronie Śląskie;20813;gm. Stronie Śląskie;kłodzki;dolnośląskie;2;1;1;1081;1142;374;707;1;708;3;14;1;0;0;0;0;1;708;1;0;708;13;8;5;0;695;17;80;69;196;41;281;11;;;;;
5;"Świetlica wiejska ""Trzy Siostry"", Stary Gierałtów 7a, 57-550 Stronie Śląskie";20813;gm. Stronie Śląskie;kłodzki;dolnośląskie;2;1;1;510;604;57;453;0;453;1;18;0;0;0;0;0;0;453;0;0;453;6;5;1;0;447;9;87;32;128;28;161;2;;;;;
6;"Niepubliczne Przedszkole ""BAJLANDIA"", Bolesławów 41, 57-550 Stronie Śląskie";20813;gm. Stronie Śląskie;kłodzki;dolnośląskie;2;1;1;390;480;65;325;0;325;0;0;0;0;0;0;0;0;325;0;0;325;8;5;3;0;317;7;67;36;80;18;106;3;;;;;
1;Oddział Przedszkola Publicznego w Szczytnej, ul. Wolności 80, 57-330 Szczytna;20814;gm. Szczytna;kłodzki;dolnośląskie;2;1;1;640;707;177;463;0;463;4;15;0;0;0;0;0;0;463;0;0;463;16;10;6;0;447;13;65;27;140;30;166;6;;;;;
2;Szkoła Podstawowa im. Orła Białego, ul. Kościelna 6, 57-330 Szczytna;20814;gm. Szczytna;kłodzki;dolnośląskie;2;1;1;1300;1402;296;1004;0;1004;6;12;0;0;0;0;0;0;1004;0;0;1004;21;16;5;0;983;39;135;50;310;48;391;10;;;;;
3;Miejski Ośrodek Kultury, ul. Henryka Sienkiewicza 16, 57-330 Szczytna;20814;gm. Szczytna;kłodzki;dolnośląskie;2;1;1;1620;1741;429;1191;1;1192;6;16;1;0;0;0;0;1;1192;1;0;1192;7;7;0;0;1185;50;182;80;377;58;416;22;;;;;
4;Świetlica Wiejska, Niwa 24, 57-320 Polanica-Zdrój;20814;gm. Szczytna;kłodzki;dolnośląskie;2;1;1;250;281;69;181;0;181;0;6;0;0;0;0;0;0;181;0;0;181;5;4;1;0;176;3;19;10;91;18;31;4;;;;;
5;Wiejskie Centrum Aktywności Społecznej, Łężyce 49a, 57-340 Duszniki-Zdrój;20814;gm. Szczytna;kłodzki;dolnośląskie;2;1;1;570;621;198;372;0;372;1;9;0;0;0;0;0;0;372;0;0;372;10;7;3;0;362;3;41;25;143;27;117;6;;;;;
6;Dom Ludowy, Wolany 4/3, 57-300 Kłodzko;20814;gm. Szczytna;kłodzki;dolnośląskie;2;1;1;430;466;153;277;0;277;0;4;0;0;0;0;0;0;277;0;0;277;11;7;4;0;266;10;47;19;93;19;74;4;;;;;
7;Zespół Szkół Społecznych, Chocieszów 32, 57-320 Polanica-Zdrój;20814;gm. Szczytna;kłodzki;dolnośląskie;2;1;1;220;258;34;186;0;186;0;3;0;0;0;0;0;0;186;0;0;186;6;3;3;0;180;9;25;18;48;14;65;1;;;;;
1;Miejski Ośrodek Kultury, Sportu i Rekreacji w Chojnowie, ul. Stanisława Małachowskiego 7, 59-225 Chojnów;20901;m. Chojnów;legnicki;dolnośląskie;1;1;1;1210;1288;297;913;0;913;4;5;0;0;0;0;0;0;913;0;20;893;14;7;7;0;879;23;64;74;314;85;306;13;;;;;
2;Szkoła Podstawowa nr 3 w Chojnowie, ul. Tadeusza Kościuszki 30, 59-225 Chojnów;20901;m. Chojnów;legnicki;dolnośląskie;1;1;1;1740;1868;503;1237;1;1238;3;8;1;0;0;0;0;1;1238;1;0;1238;39;27;12;0;1199;31;84;102;506;91;365;20;;;;;
3;Dom Schrama w Chojnowie, rynek Rynek 20, 59-225 Chojnów;20901;m. Chojnów;legnicki;dolnośląskie;1;1;1;1652;1747;521;1131;0;1131;2;14;0;0;0;0;0;0;1131;0;0;1131;19;11;8;0;1112;30;87;100;454;81;348;12;;;;;
4;Miejska Biblioteka Publiczna w Chojnowie, pl. Zamkowy 2, 59-225 Chojnów;20901;m. Chojnów;legnicki;dolnośląskie;1;1;1;1040;1113;270;770;1;771;3;11;1;0;0;0;0;1;771;1;0;771;4;1;3;0;767;19;60;83;259;65;276;5;;;;;
5;Szkoła Podstawowa Nr 4 w Chojnowie (mały budynek), ul. Jana Kilińskiego 23, 59-225 Chojnów;20901;m. Chojnów;legnicki;dolnośląskie;1;1;1;1367;1422;400;967;0;967;4;3;0;0;0;0;0;0;967;0;0;967;23;14;9;0;944;14;85;77;368;70;323;7;;;;;
6;Szkoła Podstawowa Nr 4 w Chojnowie (duży budynek), ul. Jana Kilińskiego 23, 59-225 Chojnów;20901;m. Chojnów;legnicki;dolnośląskie;1;1;1;1918;2047;434;1484;0;1484;2;11;0;0;0;0;0;0;1483;0;0;1483;20;6;14;0;1463;32;139;102;495;99;569;27;;;;;
1;Świetlica Wiejska w Białej, Biała 85, 59-225 Chojnów;20902;gm. Chojnów;legnicki;dolnośląskie;1;1;1;1054;1178;163;895;0;895;2;14;0;0;0;0;0;0;895;0;3;892;11;9;2;0;881;24;84;52;344;59;259;59;;;;;
2;Zespół Szkolno-Przedszkolny, Rokitki 32 A, 59-225 Chojnów;20902;gm. Chojnów;legnicki;dolnośląskie;1;1;1;871;946;248;623;0;623;1;16;0;0;0;0;0;0;623;0;0;623;38;33;5;0;585;14;42;45;312;40;125;7;;;;;
3;Świetlica Wiejska, Witków 34 B, 59-225 Chojnów;20902;gm. Chojnów;legnicki;dolnośląskie;1;1;1;1053;1132;258;795;0;795;3;3;0;0;0;0;0;0;795;0;4;791;11;6;5;0;780;21;99;48;351;64;191;6;;;;;
4;Szkoła Podstawowa, Krzywa 52, 59-225 Chojnów;20902;gm. Chojnów;legnicki;dolnośląskie;1;1;1;415;473;92;323;0;323;0;34;0;0;0;0;0;0;323;0;0;323;9;6;3;0;314;12;38;22;114;15;108;5;;;;;
5;Szkoła Podstawowa, Okmiany 65, 59-225 Chojnów;20902;gm. Chojnów;legnicki;dolnośląskie;1;1;1;511;557;155;356;0;356;0;0;0;0;0;0;0;0;356;0;0;356;14;7;7;0;342;15;55;30;139;26;73;4;;;;;
6;Świetlica Wiejska w Osetnicy, Osetnica 26B, 59-225 Chojnów;20902;gm. Chojnów;legnicki;dolnośląskie;1;1;1;360;374;101;259;0;259;1;0;0;0;0;0;0;0;258;0;0;258;14;8;6;0;244;17;23;6;121;19;56;2;;;;;
7;Szkoła Podstawowa, Budziwojów 21 A, 59-225 Chojnów;20902;gm. Chojnów;legnicki;dolnośląskie;1;1;1;869;945;258;611;0;611;3;8;0;0;0;0;0;0;611;0;0;611;15;6;9;0;596;20;70;45;294;45;116;6;;;;;
8;Punkt Przedszkolny Goliszów przy Szkole Podstawowej w Niedźwiedzicach z siedzibą w Goliszowie, Goliszów 35, 59-225 Chojnów;20902;gm. Chojnów;legnicki;dolnośląskie;1;1;1;880;942;228;652;0;652;0;10;0;0;0;0;0;0;652;0;0;652;23;9;14;0;629;18;64;49;289;47;142;20;;;;;
9;Świetlica Wiejska, Konradówka 61A, 59-225 Chojnów;20902;gm. Chojnów;legnicki;dolnośląskie;1;1;1;619;666;144;475;0;475;3;7;0;0;0;0;0;0;475;0;0;475;10;6;4;0;465;12;36;34;162;54;155;12;;;;;
1;Szkoła Podstawowa im. Jana Wyżykowskiego, ul. Piastowska 41, 59-223 Krotoszyce;20903;gm. Krotoszyce;legnicki;dolnośląskie;1;1;1;833;901;160;673;0;673;2;13;0;0;0;0;0;0;673;0;0;673;13;10;3;0;660;60;65;45;238;41;198;13;;;;;
2;Świetlica Wiejska, Winnica 37 A, 59-223 Krotoszyce;20903;gm. Krotoszyce;legnicki;dolnośląskie;1;1;1;371;404;79;292;0;292;1;5;0;0;0;0;0;0;292;0;0;292;4;4;0;0;288;11;33;24;143;17;53;7;;;;;
3;Szkoła Podstawowa im. Henryka Sienkiewicza, Kościelec 9, 59-223 Krotoszyce;20903;gm. Krotoszyce;legnicki;dolnośląskie;1;1;1;692;746;156;535;0;535;1;8;0;0;0;0;0;0;536;0;0;536;14;6;8;0;522;21;35;26;238;42;156;4;;;;;
4;Świetlica Wiejska, Czerwony Kościół 15, 59-223 Krotoszyce;20903;gm. Krotoszyce;legnicki;dolnośląskie;1;1;1;270;290;63;207;0;207;0;1;0;0;0;0;0;0;207;0;0;207;10;8;2;0;197;7;25;15;89;15;39;7;;;;;
5;Świetlica Wiejska, Janowice Duże 34, 59-223 Krotoszyce;20903;gm. Krotoszyce;legnicki;dolnośląskie;1;1;1;160;169;35;125;0;125;0;1;0;0;0;0;0;0;125;0;0;125;2;0;2;0;123;5;11;9;56;10;28;4;;;;;
1;Świetlica Wiejska, Bieniowice 15, 59-216 Kunice;20904;gm. Kunice;legnicki;dolnośląskie;1;1;1;270;263;51;219;0;219;0;1;0;0;0;0;0;0;219;0;0;219;5;3;2;0;214;6;29;15;82;17;63;2;;;;;
2;Szkoła Podstawowa, ul. Staropolska 4, 59-216 Kunice;20904;gm. Kunice;legnicki;dolnośląskie;1;1;1;1371;1501;161;1210;0;1210;2;16;0;0;0;0;0;0;1209;0;0;1209;23;12;11;0;1186;27;156;110;304;64;511;14;;;;;
3;Szkoła Podstawowa, Rosochata 65, 59-216 Kunice;20904;gm. Kunice;legnicki;dolnośląskie;1;1;1;613;669;150;463;0;463;0;5;0;0;0;0;0;0;463;0;0;463;12;7;5;0;451;9;49;23;161;33;143;33;;;;;
4;Hala widowiskowo-sportowa przy Szkole Podstawowej, Spalona ul. Legnicka 52A, 59-216 Kunice;20904;gm. Kunice;legnicki;dolnośląskie;1;1;1;999;1109;120;879;0;879;0;13;0;0;0;0;0;0;878;0;0;878;7;3;4;0;871;24;115;50;289;64;318;11;;;;;
5;Świetlica Wiejska, Grzybiany ul. Legnicka 66, 59-216 Kunice;20904;gm. Kunice;legnicki;dolnośląskie;1;1;1;388;426;39;349;0;349;0;3;0;0;0;0;0;0;349;0;0;349;8;5;3;0;341;6;43;19;121;25;121;6;;;;;
6;Wiejski Ośrodek Kultury, Miłogostowice 39 A, 59-216 Kunice;20904;gm. Kunice;legnicki;dolnośląskie;1;1;1;231;249;54;177;0;177;0;2;0;0;0;0;0;0;177;0;0;177;8;7;1;0;169;3;29;10;63;14;49;1;;;;;
7;Wiejski Ośrodek Kultury, Pątnów Legnicki ul. Radosna 2, 59-216 Kunice;20904;gm. Kunice;legnicki;dolnośląskie;1;1;1;400;347;113;287;0;287;0;3;0;0;0;0;0;0;287;0;1;286;6;2;4;0;280;6;32;19;83;33;103;4;;;;;
8;Wiejski Ośrodek Kultury, Szczytniki nad Kaczawą 14 C, 59-216 Kunice;20904;gm. Kunice;legnicki;dolnośląskie;1;1;1;230;242;51;179;0;179;0;0;0;0;0;0;0;0;179;0;0;179;4;2;2;0;175;17;38;8;50;10;47;5;;;;;
9;Wiejski Ośrodek Kultury, Jaśkowice Legnickie 45 A, 59-216 Kunice;20904;gm. Kunice;legnicki;dolnośląskie;1;1;1;321;313;74;247;0;247;0;5;0;0;0;0;0;0;247;0;0;247;7;5;2;0;240;10;40;16;99;22;49;4;;;;;
10;Wiejski Ośrodek Kultury, Ziemnice ul. Ogrodowa 3, 59-216 Kunice;20904;gm. Kunice;legnicki;dolnośląskie;1;1;1;567;506;138;429;0;429;0;0;0;0;0;0;0;0;429;0;0;429;1;1;0;0;428;9;51;59;102;23;171;13;;;;;
1;"Klub ""Senior+"" w Legnickim Polu, pl. Plac Henryka Pobożnego 7, 59-241 Legnickie Pole";20905;gm. Legnickie Pole;legnicki;dolnośląskie;1;1;1;817;850;121;696;0;696;2;11;0;0;0;0;0;0;696;0;0;696;15;8;7;0;681;26;68;48;253;47;232;7;;;;;
2;Świetlica wiejska, Raczkowa 5A, 59-241 Legnickie Pole;20905;gm. Legnickie Pole;legnicki;dolnośląskie;1;1;1;390;420;83;307;0;307;1;1;0;0;0;0;0;0;307;0;0;307;12;7;5;0;295;31;25;16;138;21;59;5;;;;;
3;Świetlica wiejska, Koskowice ul. Legnicka 54, 59-241 Legnickie Pole;20905;gm. Legnickie Pole;legnicki;dolnośląskie;1;1;1;617;663;94;523;0;523;0;1;0;0;0;0;0;0;523;0;0;523;8;5;3;0;515;16;65;37;214;52;119;12;;;;;
4;Świetlica wiejska, Nowa Wieś Legnicka 56, 59-241 Legnickie Pole;20905;gm. Legnickie Pole;legnicki;dolnośląskie;1;1;1;444;481;90;354;0;354;0;9;0;0;0;0;0;0;354;0;0;354;5;3;2;0;349;10;39;24;171;26;76;3;;;;;
5;Zespół Szkolno-Przedszkolny w Legnickim Polu-budynek w Mikołajowicach, Mikołajowice 44, 59-241 Legnickie Pole;20905;gm. Legnickie Pole;legnicki;dolnośląskie;1;1;1;466;510;102;363;0;363;1;0;0;0;0;0;0;0;364;0;0;364;21;11;10;0;343;16;42;23;138;25;97;2;;;;;
6;Świetlica Wiejska, Gniewomierz 68 a, 59-241 Legnickie Pole;20905;gm. Legnickie Pole;legnicki;dolnośląskie;1;1;1;351;372;72;279;0;279;0;0;0;0;0;0;0;0;279;0;0;279;11;6;5;0;268;12;40;26;95;17;75;3;;;;;
7;Świetlica Wiejska, Bartoszów 13 A, 59-241 Legnickie Pole;20905;gm. Legnickie Pole;legnicki;dolnośląskie;1;1;1;208;221;31;177;0;177;0;0;0;0;0;0;0;0;177;0;0;177;6;3;3;0;171;2;16;7;81;8;51;6;;;;;
8;Świetlica Wiejska, Taczalin 16, 59-241 Legnickie Pole;20905;gm. Legnickie Pole;legnicki;dolnośląskie;1;1;1;240;248;44;196;0;196;0;2;0;0;0;0;0;0;196;0;0;196;7;4;3;0;189;4;19;15;103;15;32;1;;;;;
1;Świetlica Środowiskowa, Gniewomirowice 32 A, 59-222 Miłkowice;20906;gm. Miłkowice;legnicki;dolnośląskie;1;1;1;822;648;299;523;1;524;0;3;1;1;0;0;0;0;523;0;0;523;6;5;1;0;517;19;67;44;129;46;196;16;;;;;
2;Świetlica Wiejska przy Remizie Ochotniczej Straży Pożarnej, Grzymalin 50, 59-222 Miłkowice;20906;gm. Miłkowice;legnicki;dolnośląskie;1;1;1;567;572;130;437;0;437;2;6;0;0;0;0;0;0;437;0;0;437;9;6;3;0;428;10;36;32;157;37;154;2;;;;;
3;Świetlica Wiejska, Jakuszów 1A, 59-222 Miłkowice;20906;gm. Miłkowice;legnicki;dolnośląskie;1;1;1;505;534;101;404;0;404;0;2;0;0;0;0;0;0;404;0;0;404;2;0;2;0;402;30;44;26;158;38;103;3;;;;;
4;Szkoła Podstawowa w Miłkowicach, ul. Wojska Polskiego 75, 59-222 Miłkowice;20906;gm. Miłkowice;legnicki;dolnośląskie;1;1;1;1286;1387;298;988;2;990;2;3;2;0;0;0;0;2;992;2;1;991;20;10;10;0;971;39;105;66;372;75;297;17;;;;;
5;Świetlica Wiejska, Rzeszotary ul. Wiejska 66, 59-222 Miłkowice;20906;gm. Miłkowice;legnicki;dolnośląskie;1;1;1;709;774;118;591;0;591;3;7;0;0;0;0;0;0;591;0;0;591;8;4;4;0;583;14;74;50;218;31;194;2;;;;;
6;Świetlica Środowiskowa, Ulesie 99, 59-222 Miłkowice;20906;gm. Miłkowice;legnicki;dolnośląskie;1;1;1;497;532;95;402;0;402;2;0;0;0;0;0;0;0;402;0;0;402;8;4;4;0;394;12;42;30;166;28;106;10;;;;;
7;Świetlica Wiejska w Gminnym Ośrodku Kultury i Sportu, Siedliska 6, 59-222 Miłkowice;20906;gm. Miłkowice;legnicki;dolnośląskie;1;1;1;455;445;99;356;0;356;0;0;0;0;0;0;0;0;356;0;0;356;6;1;5;0;350;11;38;24;139;25;103;10;;;;;
8;"Świetlica Klubu Sportowego ""Iskra"", Kochlice ul. Sportowa 19, 59-222 Miłkowice";20906;gm. Miłkowice;legnicki;dolnośląskie;1;1;1;399;387;93;306;0;306;0;4;0;0;0;0;0;0;306;0;0;306;8;7;1;0;298;4;52;24;120;15;75;8;;;;;
1;Szkoła Podstawowa nr 1 im. Mikołaja Kopernika, ul. Młyńska 3, 59-230 Prochowice;20907;gm. Prochowice;legnicki;dolnośląskie;1;1;1;1113;1198;243;870;0;870;1;16;0;0;0;0;0;0;870;0;0;870;30;15;15;0;840;21;124;47;245;71;320;12;;;;;
2;Prochowicki Ośrodek Kultury i Sportu, ul. Karola Miarki 5, 59-230 Prochowice;20907;gm. Prochowice;legnicki;dolnośląskie;1;1;1;779;851;199;580;0;580;1;19;0;0;0;0;0;0;580;0;0;580;16;9;7;0;564;9;76;52;214;38;165;10;;;;;
3;Przychodnia Rejonowa, ul. Antoniego Rymszy 3, 59-230 Prochowice;20907;gm. Prochowice;legnicki;dolnośląskie;1;1;1;647;710;130;517;0;517;0;11;0;0;0;0;0;0;517;0;0;517;13;9;4;0;504;22;85;49;139;38;160;11;;;;;
4;Świetlica Wiejska, Rogów Legnicki 26, 59-230 Prochowice;20907;gm. Prochowice;legnicki;dolnośląskie;1;1;1;466;497;111;355;0;355;0;5;0;0;0;0;0;0;355;0;0;355;12;7;5;0;343;7;81;24;111;20;95;5;;;;;
5;Szkoła Podstawowa im. ks. Jana Twardowskiego, Dąbie 5a, 59-230 Prochowice;20907;gm. Prochowice;legnicki;dolnośląskie;1;1;1;524;565;155;369;0;369;0;3;0;0;0;0;0;0;369;0;0;369;16;12;4;0;353;6;57;21;170;36;59;4;;;;;
6;Świetlica Wiejska, Lisowice 90b, 59-230 Prochowice;20907;gm. Prochowice;legnicki;dolnośląskie;1;1;1;709;764;198;512;0;512;0;10;0;0;0;0;0;0;510;0;0;510;14;12;2;0;496;13;70;35;227;48;96;7;;;;;
7;Świetlica Wiejska, Golanka Dolna 9, 59-230 Prochowice;20907;gm. Prochowice;legnicki;dolnośląskie;1;1;1;321;340;94;227;0;227;0;4;0;0;0;0;0;0;227;0;0;227;4;2;2;0;223;5;25;15;116;12;47;3;;;;;
8;Centrum Kulturalno-Rekreacyjne, Kawice 86AA, 59-230 Prochowice;20907;gm. Prochowice;legnicki;dolnośląskie;1;1;1;342;381;87;255;0;255;0;14;0;0;0;0;0;0;255;0;0;255;7;4;3;0;248;4;42;17;109;9;64;3;;;;;
9;Wiejski Dom Kultury, Mierzowice 48 a, 59-230 Prochowice;20907;gm. Prochowice;legnicki;dolnośląskie;1;1;1;301;324;61;240;0;240;0;3;0;0;0;0;0;0;240;0;0;240;9;8;1;0;231;5;33;5;129;22;33;4;;;;;
1;Świetlica wiejska w Wągrodnie, Wągrodno 59, 59-243 Ruja;20908;gm. Ruja;legnicki;dolnośląskie;1;1;1;789;843;246;543;0;543;1;4;0;0;0;0;0;0;543;0;0;543;8;4;4;0;535;12;73;46;241;37;116;10;;;;;
2;Szkoła Podstawowa w Wągrodnie, Budynek B, Ruja 60 - 61, 59-243 Ruja;20908;gm. Ruja;legnicki;dolnośląskie;1;1;1;1032;1027;367;665;2;667;1;7;2;0;0;0;0;2;667;2;0;667;27;16;11;0;640;18;68;45;342;55;105;7;;;;;
1;Szkoła Podstawowa nr 2 im. Europejskich Dróg Świętego Jakuba, ul. Rybacka 16, 59-800 Lubań;21001;m. Lubań;lubański;dolnośląskie;1;1;1;1255;1330;347;908;2;910;1;11;2;0;0;0;0;2;910;2;0;910;8;3;5;0;902;36;88;115;248;67;343;5;;;;;
2;Galeria Łużycka-Tret, ul. Rynek-Sukiennice 38, 59-800 Lubań;21001;m. Lubań;lubański;dolnośląskie;1;1;1;1211;1282;323;888;0;888;0;32;0;0;0;0;0;0;888;0;0;888;22;11;11;0;866;25;90;109;293;47;297;5;;;;;
3;Szkoła Podstawowa nr 1 im. Tadeusza Kościuszki w Lubaniu, ul. Adama Mickiewicza 1, 59-800 Lubań;21001;m. Lubań;lubański;dolnośląskie;1;1;1;2417;2572;654;1763;2;1765;6;35;2;0;0;0;0;2;1767;2;0;1767;23;7;16;0;1744;42;210;209;542;116;599;26;;;;;
4;Zespół Szkół Ponadpodstawowych im. Adama Mickiewicza w Lubaniu, ul. Władysława Łokietka 2, 59-800 Lubań;21001;m. Lubań;lubański;dolnośląskie;1;1;1;2516;2498;484;2032;0;2032;8;33;0;0;0;0;0;0;2032;0;1;2031;17;9;8;0;2014;50;237;223;690;80;713;21;;;;;
5;Przedszkole Miejskie nr 5 im. Juliana Tuwima, ul. Mieszka II 1, 59-800 Lubań;21001;m. Lubań;lubański;dolnośląskie;1;1;1;914;985;220;694;0;694;0;18;0;0;0;0;0;0;694;0;0;694;11;8;3;0;683;19;71;91;204;34;258;6;;;;;
6;Szkoła Podstawowa nr 4 im. Kawalerów Orderu Uśmiechu w Lubaniu, ul. Mikołaja Kopernika 15, 59-800 Lubań;21001;m. Lubań;lubański;dolnośląskie;1;1;1;2240;2357;532;1708;0;1708;6;38;0;0;0;0;0;0;1707;0;0;1707;15;11;4;0;1692;53;195;180;470;91;680;23;;;;;
7;Żłobek Miejski, ul. Różana 1, 59-800 Lubań;21001;m. Lubań;lubański;dolnośląskie;1;1;1;2237;2365;598;1639;0;1639;3;24;0;0;0;0;0;0;1639;0;0;1639;13;6;7;0;1626;69;175;222;466;116;557;21;;;;;
8;Miejski Dom Kultury, ul. Tadeusza Kościuszki 4, 59-800 Lubań;21001;m. Lubań;lubański;dolnośląskie;1;1;1;721;762;182;539;0;539;0;9;0;0;0;0;0;0;539;0;0;539;15;6;9;0;524;20;53;59;179;26;186;1;;;;;
9;Przedszkole Miejskie nr 1 w Lubaniu, ul. Skalnicza 3, 59-800 Lubań;21001;m. Lubań;lubański;dolnośląskie;1;1;1;740;789;223;517;0;517;0;9;0;0;0;0;0;0;517;0;0;517;10;6;4;0;507;21;53;70;146;54;155;8;;;;;
1;Miejska Biblioteka Publiczna, ul. Marii Skłodowskiej-Curie 2, 59-850 Świeradów-Zdrój;21002;m. Świeradów-Zdrój;lubański;dolnośląskie;1;1;1;896;1078;32;864;0;864;2;204;0;0;0;0;0;0;864;0;0;864;10;2;8;0;854;21;104;85;279;28;315;22;;;;;
2;Miejski Zespół Szkół, ul. Marii Skłodowskiej-Curie 2, 59-850 Świeradów-Zdrój;21002;m. Świeradów-Zdrój;lubański;dolnośląskie;1;1;1;808;991;67;741;0;741;1;168;0;0;0;0;0;0;740;0;0;740;8;6;2;0;732;22;95;57;169;39;338;12;;;;;
3;Miejski Zespół Szkół, ul. Marii Skłodowskiej-Curie 2, 59-850 Świeradów-Zdrój;21002;m. Świeradów-Zdrój;lubański;dolnośląskie;1;1;1;699;831;121;578;0;578;3;50;0;0;0;0;0;0;578;0;0;578;5;2;3;0;573;17;57;59;134;38;262;6;;;;;
4;Szkoła Podstawowa Nr 2, ul. Sanatoryjna 3, 59-850 Świeradów-Zdrój;21002;m. Świeradów-Zdrój;lubański;dolnośląskie;1;1;1;636;755;124;512;0;512;0;67;0;0;0;0;0;0;512;0;0;512;10;7;3;0;502;13;47;40;186;17;196;3;;;;;
1;Ośrodek Kultury i Sportu, ul. Elizy Orzeszkowej 5a, 59-820 Leśna;21003;gm. Leśna;lubański;dolnośląskie;1;1;1;1243;1316;408;834;0;834;4;7;0;0;0;0;0;0;834;0;0;834;26;17;9;0;808;101;65;74;293;37;232;6;;;;;
2;Miejsko-Gminny Ośrodek Pomocy Społecznej w Leśnej, ul. Tadeusza Kościuszki 7, 59-820 Leśna;21003;gm. Leśna;lubański;dolnośląskie;1;1;1;1310;1410;302;1008;0;1008;2;20;0;0;0;0;0;0;1008;0;0;1008;28;18;10;0;980;94;134;90;311;44;296;11;;;;;
3;Szkoła Podstawowa im. J. Pawła II w Smolniku, Smolnik 52, 59-820 Leśna;21003;gm. Leśna;lubański;dolnośląskie;1;1;1;670;705;236;434;0;434;2;4;0;0;0;0;0;0;434;0;0;434;11;10;1;0;423;65;42;37;122;21;129;7;;;;;
4;Szkoła Podstawowa im. Kornela Makuszyńskiego, ul. Hetmańska 3, 59-814 Pobiedna;21003;gm. Leśna;lubański;dolnośląskie;1;1;1;991;1085;285;706;0;706;2;15;0;0;0;0;0;0;706;0;0;706;20;20;0;0;686;33;52;110;242;38;195;16;;;;;
5;Remiza OSP wraz z pomieszczeniami świetlicy w Świeciu, Świecie 200, 59-820 Leśna;21003;gm. Leśna;lubański;dolnośląskie;1;1;1;389;419;135;254;1;255;0;2;1;0;0;0;0;1;255;1;0;255;13;8;5;0;242;36;30;25;84;16;49;2;;;;;
6;Świetlica Wiejska w Szyszkowej, Szyszkowa 65, 59-820 Leśna;21003;gm. Leśna;lubański;dolnośląskie;1;1;1;623;675;188;434;0;434;1;0;0;0;0;0;0;0;435;0;0;435;17;13;4;0;418;35;26;48;151;35;120;3;;;;;
7;Świetlica OSP w Złotnikach Lubańskich, Złotniki Lubańskie 43, 59-820 Leśna;21003;gm. Leśna;lubański;dolnośląskie;1;1;1;320;348;95;225;0;225;0;3;0;0;0;0;0;0;225;0;0;225;9;7;2;0;216;19;18;17;79;13;65;5;;;;;
8;Remiza OSP Grabiszyce, Grabiszyce Górne 111, 59-820 Leśna;21003;gm. Leśna;lubański;dolnośląskie;1;1;1;522;547;195;327;0;327;0;1;0;0;0;0;0;0;327;0;0;327;23;12;11;0;304;29;31;25;109;22;83;5;;;;;
9;Świetlica Wiejska w Miłoszowie, Miłoszów 2, 59-820 Leśna;21003;gm. Leśna;lubański;dolnośląskie;1;1;1;487;514;146;341;0;341;0;0;0;0;0;0;0;0;341;0;0;341;12;5;7;0;329;40;47;36;102;16;83;5;;;;;
10;Budynek byłej Szkoły Podstawowej, Stankowice 67, 59-820 Leśna;21003;gm. Leśna;lubański;dolnośląskie;1;1;1;230;255;51;179;0;179;0;7;0;0;0;0;0;0;179;0;0;179;5;4;1;0;174;9;20;14;71;16;44;0;;;;;
1;Świetlica wiejska w Henrykowie Lubańskim, Henryków Lubański 375A, 59-800 Lubań;21004;gm. Lubań;lubański;dolnośląskie;1;1;1;551;588;177;374;0;374;0;4;0;0;0;0;0;0;374;0;0;374;22;16;6;0;352;33;53;32;132;29;70;3;;;;;
2;Świetlica wiejska w Kościelniku, Kościelnik 18A, 59-800 Lubań;21004;gm. Lubań;lubański;dolnośląskie;1;1;1;787;850;195;592;0;592;0;13;0;0;0;0;0;0;592;0;0;592;12;6;6;0;580;21;63;71;190;49;179;7;;;;;
3;Świetlica wiejska w Mściszowie, Mściszów 86, 59-800 Lubań;21004;gm. Lubań;lubański;dolnośląskie;1;1;1;249;263;73;176;0;176;0;0;0;0;0;0;0;0;176;0;0;176;7;6;1;0;169;13;30;17;50;18;37;4;;;;;
4;Świetlica wiejska w Radogoszczy, Radogoszcz 62, 59-800 Lubań;21004;gm. Lubań;lubański;dolnośląskie;1;1;1;309;292;72;237;0;237;0;7;0;0;0;0;0;0;237;0;0;237;4;4;0;0;233;14;42;18;85;10;63;1;;;;;
5;Świetlica wiejska w Nawojowie Łużyckim, Nawojów Łużycki 76, 59-800 Lubań;21004;gm. Lubań;lubański;dolnośląskie;1;1;1;472;507;150;322;0;322;0;4;0;0;0;0;0;0;321;0;0;321;8;4;4;0;313;18;68;33;108;17;63;6;;;;;
6;Remiza OSP Pisarzowice, Pisarzowice 274A, 59-800 Lubań;21004;gm. Lubań;lubański;dolnośląskie;1;1;1;1107;1190;278;829;0;829;1;10;0;0;0;0;0;0;829;0;0;829;20;12;8;0;809;23;202;65;263;55;190;11;;;;;
7;Świetlica wiejska w Radostowie Średnim, Radostów Średni 24A, 59-800 Lubań;21004;gm. Lubań;lubański;dolnośląskie;1;1;1;747;798;220;527;0;527;0;1;0;0;0;0;0;0;527;0;0;527;25;17;8;0;502;35;94;52;154;38;124;5;;;;;
8;Sołtysówka, ul. Różana 18, 59-800 Lubań;21004;gm. Lubań;lubański;dolnośląskie;1;1;1;441;474;80;361;0;361;0;6;0;0;0;0;0;0;361;0;0;361;9;5;4;0;352;9;37;40;95;17;151;3;;;;;
1;Szkoła Podstawowa Nr 1 w Olszynie, ul. Wolności 17B, 59-830 Olszyna;21005;gm. Olszyna;lubański;dolnośląskie;1;1;1;1507;1591;478;1029;4;1033;1;8;4;2;0;0;0;2;1031;2;0;1031;17;9;8;0;1014;35;115;196;302;62;286;18;;;;;
2;Gminny Ośrodek Kultury, ul. Wolności 20D, 59-830 Olszyna;21005;gm. Olszyna;lubański;dolnośląskie;1;1;1;1606;1671;499;1107;0;1107;2;12;0;0;0;0;0;0;1107;0;0;1107;28;16;12;0;1079;22;109;226;359;71;280;12;;;;;
3;Świetlica Wiejska, Biedrzychowice 24B, 59-830 Olszyna;21005;gm. Olszyna;lubański;dolnośląskie;1;1;1;908;983;240;668;0;668;1;7;0;0;0;0;0;0;668;0;0;668;19;13;6;0;649;20;70;89;231;41;184;14;;;;;
4;Świetlica Wiejska, Grodnica 44, 59-830 Olszyna;21005;gm. Olszyna;lubański;dolnośląskie;1;1;1;329;363;106;223;0;223;0;0;0;0;0;0;0;0;223;0;0;223;4;2;2;0;219;10;24;22;96;16;49;2;;;;;
5;Świetlica Wiejska, Olszyna Dolna 25A, 59-830 Olszyna;21005;gm. Olszyna;lubański;dolnośląskie;1;1;1;219;229;65;154;0;154;0;5;0;0;0;0;0;0;154;0;0;154;4;4;0;0;150;14;16;20;41;12;45;2;;;;;
1;Szkoła Podstawowa im. Emilii Plater w Platerówce, Platerówka 213, 59-816 Platerówka;21006;gm. Platerówka;lubański;dolnośląskie;1;1;1;618;666;139;479;0;479;2;2;0;0;0;0;0;0;479;0;0;479;21;5;16;0;458;24;53;50;186;34;96;15;;;;;
2;Szkoła Podstawowa im. Emilii Plater w Platerówce, Włosień 207, 59-816 Platerówka;21006;gm. Platerówka;lubański;dolnośląskie;1;1;1;520;554;87;433;0;433;2;7;0;0;0;0;0;0;433;0;0;433;19;15;4;0;414;10;51;45;170;31;95;12;;;;;
1;Dom Kultury w Siekierczynie, Siekierczyn 1, 59-818 Siekierczyn;21007;gm. Siekierczyn;lubański;dolnośląskie;1;1;1;1439;1543;359;1080;1;1081;0;1;1;0;0;0;0;1;1081;1;0;1081;22;16;6;0;1059;41;154;103;426;49;279;7;;;;;
2;Szkoła Podstawowa w Zarębie, Zaręba ul. Szkolna 2, 59-800 Lubań;21007;gm. Siekierczyn;lubański;dolnośląskie;1;1;1;1413;1480;405;1008;0;1008;0;5;0;0;0;0;0;0;1008;0;3;1005;16;10;6;0;989;24;125;127;331;73;298;11;;;;;
3;Świetlica Opiekuńczo-Wychowawcza w Rudzicy, Rudzica 135, 59-818 Siekierczyn;21007;gm. Siekierczyn;lubański;dolnośląskie;1;1;1;339;367;87;252;0;252;0;4;0;0;0;0;0;0;251;0;0;251;6;3;3;0;245;6;18;22;131;16;47;5;;;;;
1;Przedszkole Miejskie nr 9 z Oddziałami Integracyjnymi, ul. Szkolna 23, 59-300 Lubin;21101;m. Lubin;lubiński;dolnośląskie;1;1;1;715;759;199;516;0;516;2;13;0;0;0;0;0;0;516;0;0;516;12;6;6;0;504;34;57;50;188;19;153;3;;;;;
2;Szkoła Podstawowa nr 5, ul. Jana Kilińskiego 12, 59-300 Lubin;21101;m. Lubin;lubiński;dolnośląskie;1;1;1;460;418;137;323;0;323;1;12;0;0;0;0;0;0;323;0;0;323;7;5;2;0;316;24;60;24;91;27;87;3;;;;;
3;Salezjańska Szkoła Podstawowa, ul. Szkolna 25, 59-300 Lubin;21101;m. Lubin;lubiński;dolnośląskie;1;1;1;1113;1211;340;773;0;773;1;30;0;0;0;0;0;0;771;0;0;771;14;10;4;0;757;64;58;56;302;59;202;16;;;;;
4;Salezjańska Szkoła Podstawowa, ul. Szkolna 25, 59-300 Lubin;21101;m. Lubin;lubiński;dolnośląskie;1;1;1;1173;1255;389;784;0;784;2;9;0;0;0;0;0;0;784;0;0;784;24;17;7;0;760;60;58;83;327;57;168;7;;;;;
5;Przedszkole Miejskie nr 2, ul. Stanisława Staszica 2, 59-300 Lubin;21101;m. Lubin;lubiński;dolnośląskie;1;1;1;850;916;230;620;0;620;0;18;0;0;0;0;0;0;620;0;0;620;12;9;3;0;608;55;52;46;237;31;181;6;;;;;
6;Żłobek nr 2, ul. Cedyńska 13, 59-300 Lubin;21101;m. Lubin;lubiński;dolnośląskie;1;1;1;717;770;191;526;0;526;0;9;0;0;0;0;0;0;526;0;0;526;11;5;6;0;515;51;31;51;210;35;132;5;;;;;
7;Przedszkole Miejskie nr 3, ul. Jana Kilińskiego 35, 59-300 Lubin;21101;m. Lubin;lubiński;dolnośląskie;1;1;1;1027;1086;275;752;1;753;1;14;1;0;0;0;0;1;753;1;0;753;18;16;2;0;735;59;52;46;317;48;205;8;;;;;
8;Przedszkole Miejskie nr 4, ul. Tadeusza Kościuszki 10, 59-300 Lubin;21101;m. Lubin;lubiński;dolnośląskie;1;1;1;997;1088;226;771;0;771;0;0;0;0;0;0;0;0;771;0;0;771;19;6;13;0;752;55;38;54;352;41;201;11;;;;;
9;II Liceum Ogólnokształcące, ul. Aleja Niepodległości 31, 59-300 Lubin;21101;m. Lubin;lubiński;dolnośląskie;1;1;1;996;1075;325;671;1;672;1;26;1;0;0;0;0;1;672;1;0;672;13;12;1;0;659;48;88;61;233;34;187;8;;;;;
10;Szkoła Podstawowa nr 1 z Oddziałami Integracyjnymi, ul. Marii Skłodowskiej-Curie 4, 59-300 Lubin;21101;m. Lubin;lubiński;dolnośląskie;1;1;1;1179;1265;304;875;0;875;5;20;0;0;0;0;0;0;874;0;0;874;22;14;8;0;852;61;66;80;340;61;235;9;;;;;
11;I Liceum Ogólnokształcące, ul. Mikołaja Kopernika 7, 59-300 Lubin;21101;m. Lubin;lubiński;dolnośląskie;1;1;1;896;980;194;702;1;703;1;32;0;0;0;0;0;0;702;0;0;702;18;16;2;0;684;41;59;59;298;37;186;4;;;;;
12;I Liceum Ogólnokształcące, ul. Mikołaja Kopernika 7, 59-300 Lubin;21101;m. Lubin;lubiński;dolnośląskie;1;1;1;1227;1336;316;911;1;912;3;18;1;0;0;0;0;1;912;1;0;912;10;4;6;0;902;65;67;82;306;72;295;15;;;;;
13;Przedszkole Miejskie nr 6, ul. Łużycka 6, 59-300 Lubin;21101;m. Lubin;lubiński;dolnośląskie;1;1;1;1014;1094;228;786;1;787;0;26;1;0;0;0;0;1;787;1;0;787;11;7;4;0;776;63;49;59;318;48;231;8;;;;;
14;Szkoła Podstawowa nr 7 Szkoła Sportowa, ul. Sybiraków 11, 59-300 Lubin;21101;m. Lubin;lubiński;dolnośląskie;1;1;1;1167;1257;234;933;0;933;1;14;0;0;0;0;0;0;933;0;0;933;16;13;3;0;917;74;85;65;304;58;321;10;;;;;
15;Przedszkole Miejskie nr 12, ul. Jastrzębia 2, 59-300 Lubin;21101;m. Lubin;lubiński;dolnośląskie;1;1;1;1198;1280;273;925;0;925;1;18;0;0;0;0;0;0;925;0;1;924;10;4;6;0;914;54;75;89;322;40;329;5;;;;;
16;Przedszkole Miejskie nr 12, ul. Jastrzębia 2, 59-300 Lubin;21101;m. Lubin;lubiński;dolnośląskie;1;1;1;1210;1285;274;936;0;936;2;14;0;0;0;0;0;0;936;0;0;936;16;7;9;0;920;52;80;68;349;49;311;11;;;;;
17;Szkoła Podstawowa nr 9, ul. Legnicka 1, 59-300 Lubin;21101;m. Lubin;lubiński;dolnośląskie;1;1;1;918;967;221;697;0;697;0;16;0;0;0;0;0;0;697;0;0;697;8;6;2;0;689;60;48;66;239;46;222;8;;;;;
18;Szkoła Podstawowa nr 9, ul. Legnicka 1, 59-300 Lubin;21101;m. Lubin;lubiński;dolnośląskie;1;1;1;1179;1254;210;969;0;969;0;6;0;0;0;0;0;0;969;0;0;969;17;14;3;0;952;82;65;77;391;46;278;13;;;;;
19;Szkoła Podstawowa nr 10, ul. Prymasa Polski Stefana Wyszyńskiego 3, 59-300 Lubin;21101;m. Lubin;lubiński;dolnośląskie;1;1;1;917;963;168;749;0;749;0;13;0;0;0;0;0;0;747;0;0;747;12;9;3;0;735;41;68;49;286;37;245;9;;;;;
20;Szkoła Podstawowa nr 12, ul. Szpakowa 2, 59-300 Lubin;21101;m. Lubin;lubiński;dolnośląskie;1;1;1;887;964;186;701;0;701;0;11;0;0;0;0;0;0;701;0;0;701;16;10;6;0;685;51;51;60;254;46;207;16;;;;;
21;Przedszkole Miejskie nr 15, ul. Orla 75, 59-300 Lubin;21101;m. Lubin;lubiński;dolnośląskie;1;1;1;968;1033;180;788;0;788;0;10;0;0;0;0;0;0;788;0;0;788;15;12;3;0;773;54;74;64;292;50;228;11;;;;;
22;Żłobek nr 3, ul. Orla 47a, 59-300 Lubin;21101;m. Lubin;lubiński;dolnośląskie;1;1;1;1494;1624;104;1390;0;1390;2;12;0;0;0;0;0;0;1390;0;0;1390;13;11;2;0;1377;98;183;112;400;100;460;24;;;;;
23;Zespół Szkół nr 2, ul. Szpakowa 1, 59-300 Lubin;21101;m. Lubin;lubiński;dolnośląskie;1;1;1;908;957;180;728;0;728;1;10;0;0;0;0;0;0;728;0;0;728;21;13;8;0;707;42;55;45;303;36;214;12;;;;;
24;Zespół Szkół nr 2, ul. Szpakowa 1, 59-300 Lubin;21101;m. Lubin;lubiński;dolnośląskie;1;1;1;928;997;152;776;0;776;0;11;0;0;0;0;0;0;776;0;0;776;8;6;2;0;768;59;47;54;289;65;246;8;;;;;
25;Przedszkole Miejskie nr 14, ul. Sokola 44, 59-300 Lubin;21101;m. Lubin;lubiński;dolnośląskie;1;1;1;1554;1653;208;1346;1;1347;1;13;1;0;0;0;0;1;1348;1;1;1347;20;12;8;0;1327;116;129;104;433;72;459;14;;;;;
26;Przedszkole Miejskie nr 14, ul. Sokola 44, 59-300 Lubin;21101;m. Lubin;lubiński;dolnośląskie;1;1;1;1150;1208;266;883;0;883;0;13;0;0;0;0;0;0;883;0;0;883;6;4;2;0;877;59;62;88;319;46;290;13;;;;;
27;oddziały zamiejscowe Przedszkola Miejskiego nr 14, ul. Sowia 7, 59-300 Lubin;21101;m. Lubin;lubiński;dolnośląskie;1;1;1;1048;1107;173;873;1;874;0;15;1;0;0;0;0;1;874;1;0;874;8;8;0;0;866;55;85;75;299;34;310;8;;;;;
28;oddziały zamiejscowe Przedszkola Miejskiego nr 14, ul. Sowia 7, 59-300 Lubin;21101;m. Lubin;lubiński;dolnośląskie;1;1;1;1110;1190;188;920;1;921;1;12;1;0;0;0;0;1;923;1;0;923;7;6;1;0;916;73;64;85;268;46;370;10;;;;;
29;Szkoła Podstawowa, Krzeczyn Wielki ul. Brylantowa 29, 59-311 Lubin;21101;m. Lubin;lubiński;dolnośląskie;1;1;1;785;733;178;607;0;607;0;8;0;0;0;0;0;0;607;0;0;607;9;7;2;0;598;30;62;42;199;57;186;22;;;;;
30;Przedszkole nr 10 z Oddziałami Integracyjnymi, ul. II Brygady Legionów 21, 59-300 Lubin;21101;m. Lubin;lubiński;dolnośląskie;1;1;1;918;1004;61;857;0;857;2;10;0;0;0;0;0;0;857;0;0;857;4;3;1;0;853;65;119;68;231;72;291;7;;;;;
31;Szkoła Podstawowa nr 8, ul. Parkowa 2, 59-300 Lubin;21101;m. Lubin;lubiński;dolnośląskie;1;1;1;1009;1083;154;854;0;854;0;19;0;0;0;0;0;0;852;0;0;852;7;4;3;0;845;52;71;78;282;48;300;14;;;;;
32;Szkoła Podstawowa nr 8, ul. Parkowa 2, 59-300 Lubin;21101;m. Lubin;lubiński;dolnośląskie;1;1;1;877;911;204;673;0;673;1;11;0;0;0;0;0;0;671;0;0;671;11;7;4;0;660;41;69;58;253;27;206;6;;;;;
33;budynek po byłym Pałacu Ślubów, ul. Marii Skłodowskiej-Curie 6, 59-300 Lubin;21101;m. Lubin;lubiński;dolnośląskie;1;1;1;676;728;171;504;0;504;1;13;0;0;0;0;0;0;504;0;0;504;12;9;3;0;492;28;55;42;140;30;191;6;;;;;
34;Szkoła Podstawowa nr 8, ul. Parkowa 2, 59-300 Lubin;21101;m. Lubin;lubiński;dolnośląskie;1;1;1;1338;1414;242;1096;0;1096;0;17;0;0;0;0;0;0;1096;0;0;1096;9;8;1;0;1087;82;113;92;405;59;316;20;;;;;
35;Przedszkole Miejskie nr 7, ul. Osiedlowa 7A, 59-300 Lubin;21101;m. Lubin;lubiński;dolnośląskie;1;1;1;1012;1091;183;829;0;829;0;16;0;0;0;0;0;0;829;0;0;829;9;2;7;0;820;53;88;61;329;46;233;10;;;;;
36;Przedszkole Miejskie nr 7, ul. Osiedlowa 7A, 59-300 Lubin;21101;m. Lubin;lubiński;dolnośląskie;1;1;1;1057;1124;219;838;0;838;1;10;0;0;0;0;0;0;838;0;0;838;9;7;2;0;829;58;79;58;335;37;253;9;;;;;
37;Przedszkole Miejskie nr 1, ul. Bolesława Krupińskiego 17, 59-300 Lubin;21101;m. Lubin;lubiński;dolnośląskie;1;1;1;1097;1184;206;891;0;891;0;18;0;0;0;0;0;0;890;0;0;890;15;11;4;0;875;65;79;64;395;51;214;7;;;;;
38;Przedszkole Miejskie nr 1, ul. Bolesława Krupińskiego 17, 59-300 Lubin;21101;m. Lubin;lubiński;dolnośląskie;1;1;1;1257;1350;257;1000;0;1000;1;12;0;0;0;0;0;0;1000;0;0;1000;8;2;6;0;992;64;105;80;434;49;248;12;;;;;
39;Szkoła Podstawowa nr 3 z Oddziałami Integracyjnymi, ul. Gwarków 93, 59-300 Lubin;21101;m. Lubin;lubiński;dolnośląskie;1;1;1;1181;1254;205;975;0;975;0;15;0;0;0;0;0;0;975;0;0;975;9;4;5;0;966;76;85;74;386;60;275;10;;;;;
40;Szkoła Podstawowa nr 3 z Oddziałami Integracyjnymi, ul. Gwarków 93, 59-300 Lubin;21101;m. Lubin;lubiński;dolnośląskie;1;1;1;1382;1482;153;1229;0;1229;1;19;0;0;0;0;0;0;1229;0;0;1229;40;32;8;0;1189;63;116;122;374;79;420;15;;;;;
41;budynek szkolny po byłym Gimnazjum nr 4, ul. Marii Konopnickiej 5, 59-300 Lubin;21101;m. Lubin;lubiński;dolnośląskie;1;1;1;1136;1202;217;919;0;919;3;11;0;0;0;0;0;0;919;0;1;918;2;0;2;0;916;49;94;79;375;62;245;12;;;;;
42;budynek szkolny po byłym Gimnazjum nr 4, ul. Marii Konopnickiej 5, 59-300 Lubin;21101;m. Lubin;lubiński;dolnośląskie;1;1;1;1065;1126;177;888;0;888;0;3;0;0;0;0;0;0;888;0;0;888;12;6;6;0;876;78;86;52;341;54;261;4;;;;;
43;Przedszkole Miejskie nr 5, ul. Elizy Orzeszkowej 11, 59-300 Lubin;21101;m. Lubin;lubiński;dolnośląskie;1;1;1;762;806;124;638;0;638;0;2;0;0;0;0;0;0;638;0;0;638;10;7;3;0;628;50;60;51;264;36;161;6;;;;;
44;Przedszkole Miejskie nr 5, ul. Elizy Orzeszkowej 11, 59-300 Lubin;21101;m. Lubin;lubiński;dolnośląskie;1;1;1;824;872;143;681;0;681;1;3;0;0;0;0;0;0;681;0;0;681;3;2;1;0;678;48;69;75;271;34;172;9;;;;;
45;Szkoła Podstawowa nr 14, ul. Cypriana Kamila Norwida 10, 59-300 Lubin;21101;m. Lubin;lubiński;dolnośląskie;1;1;1;753;802;105;647;0;647;1;13;0;0;0;0;0;0;648;0;0;648;6;6;0;0;642;43;62;52;207;44;230;4;;;;;
46;Szkoła Podstawowa nr 14, ul. Cypriana Kamila Norwida 10, 59-300 Lubin;21101;m. Lubin;lubiński;dolnośląskie;1;1;1;860;914;130;730;0;730;0;6;0;0;0;0;0;0;730;0;0;730;6;3;3;0;724;53;101;70;218;48;225;9;;;;;
1;Szkoła Podstawowa, Krzeczyn Wielki ul. Brylantowa 59, 59-311 Lubin;21102;gm. Lubin;lubiński;dolnośląskie;1;1;1;1380;1474;181;1199;0;1199;1;14;0;0;0;0;0;0;1199;0;0;1199;27;7;20;0;1172;50;126;113;373;117;376;17;;;;;
2;Szkoła Podstawowa, Siedlce 29, 59-300 Lubin;21102;gm. Lubin;lubiński;dolnośląskie;1;1;1;455;495;93;362;0;362;0;7;0;0;0;0;0;0;362;0;0;362;10;5;5;0;352;18;41;29;181;20;62;1;;;;;
3;Szkoła Podstawowa, Raszówka ul. 1 Maja 10, 59-307 Lubin;21102;gm. Lubin;lubiński;dolnośląskie;1;1;1;1097;1186;162;937;0;937;1;17;0;0;0;0;0;0;937;0;0;937;6;0;6;0;931;36;107;71;319;61;319;18;;;;;
4;Świetlica wiejska w Oborze, Obora ul. Tulipanowa 2, 59-335 Lubin;21102;gm. Lubin;lubiński;dolnośląskie;1;1;1;1319;1449;133;1185;0;1185;1;18;0;0;0;0;0;0;1185;0;4;1181;11;7;4;0;1170;74;173;102;381;80;350;10;;;;;
5;Świetlica wiejska, Miłoradzice 80, 59-323 Lubin;21102;gm. Lubin;lubiński;dolnośląskie;1;1;1;746;813;120;626;0;626;2;17;0;0;0;0;0;0;626;0;0;626;5;3;2;0;621;31;45;47;283;59;148;8;;;;;
6;Szkoła Podstawowa, Niemstów 68, 59-323 Lubin;21102;gm. Lubin;lubiński;dolnośląskie;1;1;1;756;826;134;622;0;622;2;15;0;0;0;0;0;0;622;0;0;622;15;11;4;0;607;37;61;67;220;50;148;24;;;;;
7;Szkoła Podstawowa, Szklary Górne 48, 59-335 Lubin;21102;gm. Lubin;lubiński;dolnośląskie;1;1;1;917;1000;136;781;0;781;0;16;0;0;0;0;0;0;780;0;0;780;10;7;3;0;770;39;91;50;307;58;212;13;;;;;
8;Pawilon Klubowo-Sportowy, Zimna Woda 45C, 59-307 Lubin;21102;gm. Lubin;lubiński;dolnośląskie;1;1;1;403;430;74;329;0;329;0;1;0;0;0;0;0;0;329;0;0;329;14;11;3;0;315;12;35;27;120;34;84;3;;;;;
9;Świetlica wiejska, Chróstnik 2a, 59-311 Lubin;21102;gm. Lubin;lubiński;dolnośląskie;1;1;1;734;793;78;656;0;656;1;6;0;0;0;0;0;0;656;0;0;656;11;8;3;0;645;35;70;47;231;44;211;7;;;;;
10;Świetlica wiejska, Osiek ul. Miedziana 69, 59-300 Lubin;21102;gm. Lubin;lubiński;dolnośląskie;1;1;1;1589;1727;110;1479;0;1479;0;32;0;0;0;0;0;0;1479;0;0;1479;16;10;6;0;1463;92;166;101;417;95;565;27;;;;;
11;Świetlica wiejska, Pieszków 26a, 59-323 Lubin;21102;gm. Lubin;lubiński;dolnośląskie;1;1;1;735;799;133;602;0;602;0;10;0;0;0;0;0;0;602;0;0;602;6;6;0;0;596;33;63;43;250;44;153;10;;;;;
12;Świetlica wiejska, Gola 10 b, 59-300 Lubin;21102;gm. Lubin;lubiński;dolnośląskie;1;1;1;244;242;37;207;0;207;0;5;0;0;0;0;0;0;207;0;0;207;3;2;1;0;204;21;27;13;52;10;74;7;;;;;
13;Świetlica wiejska, Czerniec 45 a, 59-300 Lubin;21102;gm. Lubin;lubiński;dolnośląskie;1;1;1;744;804;89;655;0;655;1;3;0;0;0;0;0;0;655;0;0;655;7;5;2;0;648;27;73;50;264;40;183;11;;;;;
14;Świetlica wiejska, Księginice 31, 59-300 Lubin;21102;gm. Lubin;lubiński;dolnośląskie;1;1;1;475;512;111;364;0;364;1;6;0;0;0;0;0;0;364;0;0;364;11;7;4;0;353;19;33;34;150;36;75;6;;;;;
15;Świetlica wiejska, Składowice 38 a, 59-300 Lubin;21102;gm. Lubin;lubiński;dolnośląskie;1;1;1;273;300;40;233;0;233;0;8;0;0;0;0;0;0;233;0;0;233;11;8;3;0;222;14;27;20;79;19;62;1;;;;;
16;Świetlica wiejska, Lisiec 10, 59-307 Lubin;21102;gm. Lubin;lubiński;dolnośląskie;1;1;1;272;292;86;186;0;186;0;6;0;0;0;0;0;0;186;0;0;186;7;5;2;0;179;7;25;12;77;16;38;4;;;;;
1;"Sala ""ORLIK 2012"", ul. Leśna 9, 59-305 Rudna";21103;gm. Rudna;lubiński;dolnośląskie;1;1;1;697;750;177;520;0;520;0;4;0;0;0;0;0;0;520;0;0;520;17;10;7;0;503;22;56;32;259;32;94;8;;;;;
2;Szkoła Podstawowa w Rudnej im. Jana Pawła II, ul. Piaskowa 3b, 59-305 Rudna;21103;gm. Rudna;lubiński;dolnośląskie;1;1;1;737;769;163;574;0;574;2;4;0;0;0;0;0;0;574;0;0;574;19;9;10;0;555;23;66;44;252;37;120;13;;;;;
3;Świetlica Wiejska, Mleczno 12, 59-305 Rudna;21103;gm. Rudna;lubiński;dolnośląskie;1;1;1;686;730;142;544;0;544;2;5;0;0;0;0;0;0;544;0;0;544;21;19;2;0;523;36;60;48;220;54;102;3;;;;;
4;Świetlica Wiejska, Kębłów 14a, 59-305 Rudna;21103;gm. Rudna;lubiński;dolnośląskie;1;1;1;466;500;113;353;0;353;5;1;0;0;0;0;0;0;353;0;3;350;0;0;0;0;350;20;43;21;141;27;96;2;;;;;
5;Świetlica Wiejska, Kliszów 15, 59-305 Rudna;21103;gm. Rudna;lubiński;dolnośląskie;1;1;1;324;349;62;262;0;262;0;2;0;0;0;0;0;0;262;0;0;262;6;2;4;0;256;11;28;11;143;21;36;6;;;;;
6;Świetlica Wiejska, Chobienia rynek Rynek 6, 59-305 Rudna;21103;gm. Rudna;lubiński;dolnośląskie;1;1;1;364;389;113;251;0;251;1;4;0;0;0;0;0;0;251;0;0;251;8;6;2;0;243;14;17;21;116;21;49;5;;;;;
7;Szkoła Podstawowa im. Bohaterów Westerplatte w Chobieni, Chobienia ul. Szkolna 2, 59-305 Rudna;21103;gm. Rudna;lubiński;dolnośląskie;1;1;1;475;507;84;391;0;391;0;1;0;0;0;0;0;0;391;0;0;391;13;12;1;0;378;21;41;45;120;38;111;2;;;;;
8;Świetlica Wiejska, Gwizdanów 3 A, 59-305 Rudna;21103;gm. Rudna;lubiński;dolnośląskie;1;1;1;373;400;69;304;1;305;0;2;1;0;0;0;0;1;305;1;0;305;8;6;2;0;297;14;33;22;149;22;56;1;;;;;
9;Świetlica Wiejska, Koźlice 19 A, 59-305 Rudna;21103;gm. Rudna;lubiński;dolnośląskie;1;1;1;286;284;43;243;1;244;0;2;1;0;0;0;0;1;244;1;0;244;9;6;3;0;235;9;47;23;69;10;77;0;;;;;
10;Świetlica Wiejska, Orsk 9, 59-305 Rudna;21103;gm. Rudna;lubiński;dolnośląskie;1;1;1;233;245;57;176;0;176;0;0;0;0;0;0;0;0;176;0;0;176;7;7;0;0;169;4;13;10;86;17;34;5;;;;;
11;Świetlica Wiejska, Górzyn 19 A, 59-305 Rudna;21103;gm. Rudna;lubiński;dolnośląskie;1;1;1;332;353;106;226;0;226;0;2;0;0;0;0;0;0;226;0;0;226;14;9;5;0;212;15;24;9;127;14;22;1;;;;;
12;Świetlica Wiejska, Radoszyce 53, 59-305 Rudna;21103;gm. Rudna;lubiński;dolnośląskie;1;1;1;273;289;59;214;0;214;0;3;0;0;0;0;0;0;214;0;0;214;14;7;7;0;200;19;13;16;116;7;23;6;;;;;
13;Świetlica Wiejska, Naroczyce 48/1, 59-305 Rudna;21103;gm. Rudna;lubiński;dolnośląskie;1;1;1;303;313;85;218;0;218;0;1;0;0;0;0;0;0;218;0;0;218;4;2;2;0;214;19;17;13;111;15;36;3;;;;;
1;Zespół Szkolno-Przedszkolny w Ścinawie, ul. Lipowa 1, 59-330 Ścinawa;21104;gm. Ścinawa;lubiński;dolnośląskie;1;1;1;1200;1292;209;991;0;991;2;15;0;0;0;0;0;0;991;0;0;991;34;14;20;0;957;32;106;74;420;68;233;24;;;;;
2;Centrum Turystyki i Kultury w Ścinawie, ul. Tadeusza Kościuszki 1, 59-330 Ścinawa;21104;gm. Ścinawa;lubiński;dolnośląskie;1;1;1;1412;1549;317;1095;0;1095;0;24;0;0;0;0;0;0;1095;0;0;1095;18;14;4;0;1077;48;83;79;513;52;294;8;;;;;
3;Zespół Szkolno-Przedszkolny w Ścinawie, ul. Królowej Jadwigi 9, 59-330 Ścinawa;21104;gm. Ścinawa;lubiński;dolnośląskie;1;1;1;1123;1179;290;833;0;833;5;21;0;0;0;0;0;0;833;0;0;833;12;8;4;0;821;28;77;54;422;44;183;13;;;;;
4;Szkoła Podstawowa w Tymowej, Tymowa 71, 59-330 Ścinawa;21104;gm. Ścinawa;lubiński;dolnośląskie;1;1;1;717;776;178;539;0;539;1;9;0;0;0;0;0;0;539;0;0;539;4;2;2;0;535;25;49;27;308;36;81;9;;;;;
5;Świetlica Wiejska, Przychowa 21E, 59-330 Ścinawa;21104;gm. Ścinawa;lubiński;dolnośląskie;1;1;1;232;247;61;171;0;171;0;6;0;0;0;0;0;0;171;0;0;171;1;0;1;0;170;3;14;11;85;13;37;7;;;;;
6;Centrum Turystyki i Kultury w Ścinawie, ul. Tadeusza Kościuszki 1, 59-330 Ścinawa;21104;gm. Ścinawa;lubiński;dolnośląskie;1;1;1;404;438;129;275;0;275;1;11;0;0;0;0;0;0;275;0;0;275;13;11;2;0;262;19;36;24;100;22;53;8;;;;;
7;Świetlica Wiejska, Parszowice 74B, 59-330 Ścinawa;21104;gm. Ścinawa;lubiński;dolnośląskie;1;1;1;354;379;99;255;0;255;1;6;0;0;0;0;0;0;255;0;0;255;3;2;1;0;252;11;21;15;137;12;46;10;;;;;
8;Świetlica Wiejska, Zaborów 50, 59-330 Ścinawa;21104;gm. Ścinawa;lubiński;dolnośląskie;1;1;1;647;695;189;458;0;458;0;15;0;0;0;0;0;0;458;0;0;458;17;9;8;0;441;23;29;26;272;30;50;11;;;;;
9;Świetlica Wiejska, Dziesław 27, 59-330 Ścinawa;21104;gm. Ścinawa;lubiński;dolnośląskie;1;1;1;233;238;66;167;0;167;1;1;0;0;0;0;0;0;167;0;0;167;7;5;2;0;160;10;15;6;106;7;14;2;;;;;
10;Świetlica Wiejska, Lasowice 29, 59-330 Ścinawa;21104;gm. Ścinawa;lubiński;dolnośląskie;1;1;1;182;182;51;131;0;131;0;0;0;0;0;0;0;0;131;0;0;131;8;8;0;0;123;7;13;10;55;11;25;2;;;;;
11;Świetlica Wiejska, Wielowieś 31, 59-330 Ścinawa;21104;gm. Ścinawa;lubiński;dolnośląskie;1;1;1;314;335;82;232;0;232;0;4;0;0;0;0;0;0;232;0;0;232;4;4;0;0;228;7;10;7;173;6;24;1;;;;;
1;Szkoła Podstawowa nr 2 im. Kombatantów Ziemi Gryfowskiej, ul. Uczniowska 11, 59-620 Gryfów Śląski;21201;gm. Gryfów Śląski;lwówecki;dolnośląskie;1;1;1;881;944;232;649;2;651;1;6;2;0;0;0;0;2;651;2;0;651;10;4;6;0;641;18;64;100;189;37;219;14;;;;;
2;Szkoła Podstawowa nr 1 im. Bohaterów Łużyckiej Brygady WOP, ul. Uczniowska 17, 59-620 Gryfów Śląski;21201;gm. Gryfów Śląski;lwówecki;dolnośląskie;1;1;1;1034;1113;251;783;2;785;1;6;2;0;0;0;0;2;784;2;0;784;7;4;3;0;777;21;116;112;220;32;253;23;;;;;
3;Klub Seniora, ul. Kolejowa 45, 59-620 Gryfów Śląski;21201;gm. Gryfów Śląski;lwówecki;dolnośląskie;1;1;1;1336;1417;385;951;1;952;0;9;1;0;0;0;0;1;952;1;0;952;15;9;6;0;937;21;134;102;261;33;360;26;;;;;
4;Urząd Gminy i Miasta, rynek Rynek 1, 59-620 Gryfów Śląski;21201;gm. Gryfów Śląski;lwówecki;dolnośląskie;1;1;1;1177;1258;405;772;1;773;3;9;1;1;0;0;0;0;772;0;0;772;33;9;24;0;739;30;80;96;259;33;232;9;;;;;
5;Szkoła Podstawowa, Rząsiny 95, 59-620 Gryfów Śląski;21201;gm. Gryfów Śląski;lwówecki;dolnośląskie;1;1;1;402;415;121;281;0;281;0;5;0;0;0;0;0;0;281;0;0;281;19;15;4;0;262;8;38;33;102;15;59;7;;;;;
6;Stowarzyszenie na Rzecz Osób Niepełnosprawnych „Mocni”, Ubocze 169, 59-620 Gryfów Śląski;21201;gm. Gryfów Śląski;lwówecki;dolnośląskie;1;1;1;874;918;212;662;0;662;0;1;0;0;0;0;0;0;662;0;0;662;11;5;6;0;651;25;79;69;256;51;157;14;;;;;
7;Świetlica wiejska, Krzewie Wielkie 83, 59-620 Gryfów Śląski;21201;gm. Gryfów Śląski;lwówecki;dolnośląskie;1;1;1;217;230;75;142;0;142;0;0;0;0;0;0;0;0;142;0;0;142;3;1;2;0;139;1;22;13;63;13;24;3;;;;;
8;Świetlica wiejska, Młyńsko 27A, 59-620 Gryfów Śląski;21201;gm. Gryfów Śląski;lwówecki;dolnośląskie;1;1;1;196;210;61;135;0;135;0;3;0;0;0;0;0;0;135;0;0;135;7;4;3;0;128;6;19;10;38;11;43;1;;;;;
9;Świetlica wiejska, Proszówka 70, 59-620 Gryfów Śląski;21201;gm. Gryfów Śląski;lwówecki;dolnośląskie;1;1;1;191;202;49;142;0;142;0;0;0;0;0;0;0;0;142;0;0;142;1;1;0;0;141;3;16;16;47;8;51;0;;;;;
10;Świetlica wiejska, Wieża 8, 59-620 Gryfów Śląski;21201;gm. Gryfów Śląski;lwówecki;dolnośląskie;1;1;1;280;287;66;214;0;214;0;1;0;0;0;0;0;0;214;0;0;214;4;2;2;0;210;12;26;28;47;11;77;9;;;;;
1;Internat Zespołu Szkół w Lubomierzu, pl. Kościelny 5, 59-623 Lubomierz;21202;gm. Lubomierz;lwówecki;dolnośląskie;1;1;1;1390;1479;475;915;0;915;3;24;0;0;0;0;0;0;915;0;0;915;17;8;9;0;898;20;93;80;313;54;319;19;;;;;
2;Szkoła Podstawowa w Pławnej, Pławna Górna 23, 59-623 Lubomierz;21202;gm. Lubomierz;lwówecki;dolnośląskie;1;1;1;611;649;218;393;0;393;1;10;0;0;0;0;0;0;393;0;0;393;24;12;12;0;369;6;48;37;132;16;128;2;;;;;
3;Zespół Szkolno-Przedszkolny w Lubomierzu Oddział Przedszkolny w Pasieczniku, Pasiecznik 92, 59-623 Lubomierz;21202;gm. Lubomierz;lwówecki;dolnośląskie;1;1;1;461;490;145;316;0;316;0;4;0;0;0;0;0;0;316;0;0;316;14;12;2;0;302;6;33;29;132;23;79;0;;;;;
4;Świetlica Wiejska w Chmieleniu, Chmieleń 80, 59-623 Lubomierz;21202;gm. Lubomierz;lwówecki;dolnośląskie;1;1;1;610;639;196;414;0;414;2;3;0;0;0;0;0;0;414;0;0;414;17;10;7;0;397;14;64;35;134;32;106;12;;;;;
5;Świetlica Wiejska w Wojciechowie, Wojciechów 57, 59-623 Lubomierz;21202;gm. Lubomierz;lwówecki;dolnośląskie;1;1;1;490;523;146;344;0;344;1;3;0;0;0;0;0;0;344;0;0;344;6;3;3;0;338;14;47;42;112;26;94;3;;;;;
6;Świetlica Wiejska w Olesznej Podgórskiej, Oleszna Podgórska 67A, 59-623 Lubomierz;21202;gm. Lubomierz;lwówecki;dolnośląskie;1;1;1;354;380;137;217;0;217;0;0;0;0;0;0;0;0;217;0;0;217;18;6;12;0;199;8;34;13;90;17;33;4;;;;;
7;Świetlica Wiejska w Golejowie, Golejów 71, 59-623 Lubomierz;21202;gm. Lubomierz;lwówecki;dolnośląskie;1;1;1;162;162;52;110;0;110;0;1;0;0;0;0;0;0;110;0;0;110;6;6;0;0;104;3;28;6;30;4;33;0;;;;;
1;Ratusz, pl. Wolności 1, 59-600 Lwówek Śląski;21203;gm. Lwówek Śląski;lwówecki;dolnośląskie;1;1;1;1434;1538;360;1074;2;1076;3;17;2;0;0;2;0;0;1073;0;0;1073;21;16;5;0;1052;30;151;113;344;58;349;7;;;;;
2;Hala Sportowa, al. Wojska Polskiego 1, 59-600 Lwówek Śląski;21203;gm. Lwówek Śląski;lwówecki;dolnośląskie;1;1;1;713;739;188;525;0;525;2;2;0;0;0;0;0;0;524;0;0;524;12;10;2;0;512;5;67;57;154;16;203;10;;;;;
3;Zespół Szkół Ogólnokształcących i Zawodowych, ul. Henryka Brodatego 1, 59-600 Lwówek Śląski;21203;gm. Lwówek Śląski;lwówecki;dolnośląskie;1;1;1;800;871;152;648;0;648;0;19;0;0;0;0;0;0;648;0;0;648;5;3;2;0;643;11;78;71;148;41;282;12;;;;;
4;Lwówecki Ośrodek Kultury, ul. Przyjaciół Żołnierza 5, 59-600 Lwówek Śląski;21203;gm. Lwówek Śląski;lwówecki;dolnośląskie;1;1;1;742;790;195;547;0;547;1;3;0;0;0;0;0;0;547;0;0;547;14;11;3;0;533;15;76;54;155;25;200;8;;;;;
5;Szkoła Podstawowa nr 1, ul. Jana Pawła II 35, 59-600 Lwówek Śląski;21203;gm. Lwówek Śląski;lwówecki;dolnośląskie;1;1;1;1648;1730;384;1264;2;1266;6;8;2;1;0;0;0;1;1265;1;1;1264;18;8;10;0;1246;21;190;125;334;45;509;22;;;;;
6;Szkoła Podstawowa nr 3, ul. Pałacowa 11, 59-600 Lwówek Śląski;21203;gm. Lwówek Śląski;lwówecki;dolnośląskie;1;1;1;792;846;204;588;1;589;2;8;1;0;0;0;0;1;589;1;0;589;8;6;2;0;581;16;89;47;170;33;211;15;;;;;
7;Lwówecka Biblioteka Publiczna Filia w Sobocie, Sobota 51, 59-600 Lwówek Śląski;21203;gm. Lwówek Śląski;lwówecki;dolnośląskie;1;1;1;734;772;261;473;0;473;3;6;0;0;0;0;0;0;473;0;0;473;11;6;5;0;462;10;92;51;168;21;105;15;;;;;
8;Szkoła Podstawowa nr 3 w Lwówku Śląskim Filia w Zbylutowie, Zbylutów 133, 59-600 Lwówek Śląski;21203;gm. Lwówek Śląski;lwówecki;dolnośląskie;1;1;1;770;822;247;523;0;523;4;4;0;0;0;0;0;0;523;0;0;523;12;8;4;0;511;27;95;51;190;44;93;11;;;;;
9;Świetlica Wiejska w Chmielnie, Chmielno 63B, 59-600 Lwówek Śląski;21203;gm. Lwówek Śląski;lwówecki;dolnośląskie;1;1;1;680;727;225;455;1;456;0;5;1;1;0;0;0;0;455;0;0;455;8;1;7;0;447;10;87;33;174;26;108;9;;;;;
10;Lwówecka Biblioteka Publiczna Filia w Kotliskach, Kotliska 26, 59-600 Lwówek Śląski;21203;gm. Lwówek Śląski;lwówecki;dolnośląskie;1;1;1;414;442;106;308;0;308;1;0;0;0;0;0;0;0;308;0;0;308;15;10;5;0;293;5;81;12;112;21;56;6;;;;;
11;Świetlica Wiejska w Niwnicach, Niwnice 97, 59-600 Lwówek Śląski;21203;gm. Lwówek Śląski;lwówecki;dolnośląskie;1;1;1;742;799;280;462;0;462;0;3;0;0;0;0;0;0;462;0;0;462;21;15;6;0;441;21;79;36;171;19;107;8;;;;;
12;Szkoła Podstawowa w Płóczkach Górnych, Płóczki Górne 58, 59-600 Lwówek Śląski;21203;gm. Lwówek Śląski;lwówecki;dolnośląskie;1;1;1;435;456;150;285;0;285;1;1;0;0;0;0;0;0;285;0;0;285;12;7;5;0;273;8;52;14;97;29;63;10;;;;;
13;Zespół Szkół Ekonomiczno-Technicznych w Rakowicach Wielkich, Rakowice Wielkie 48, 59-600 Lwówek Śląski;21203;gm. Lwówek Śląski;lwówecki;dolnośląskie;1;1;1;798;868;189;609;1;610;2;6;1;0;0;0;0;1;611;1;1;610;14;8;6;0;596;23;96;63;183;35;182;14;;;;;
14;Świetlica Wiejska, Mojesz 24, 59-600 Lwówek Śląski;21203;gm. Lwówek Śląski;lwówecki;dolnośląskie;1;1;1;260;272;43;217;0;217;1;2;0;0;0;0;0;0;217;0;0;217;3;2;1;0;214;3;57;18;60;5;70;1;;;;;
15;Świetlica Wiejska, Włodzice Małe 11A, 59-600 Lwówek Śląski;21203;gm. Lwówek Śląski;lwówecki;dolnośląskie;1;1;1;468;516;109;359;0;359;0;2;0;0;0;0;0;0;359;0;0;359;10;4;6;0;349;11;58;32;143;25;69;11;;;;;
16;Świetlica Wiejska, Płóczki Dolne 78D, 59-600 Lwówek Śląski;21203;gm. Lwówek Śląski;lwówecki;dolnośląskie;1;1;1;399;427;103;296;0;296;1;3;0;0;0;0;0;0;296;0;0;296;15;15;0;0;281;6;50;29;78;33;82;3;;;;;
1;Biblioteka Publiczna Miasta i Gminy Mirsk, pl. Wolności 39, 59-630 Mirsk;21204;gm. Mirsk;lwówecki;dolnośląskie;1;1;1;1568;1628;550;1018;0;1018;7;16;0;0;0;0;0;0;1018;0;0;1018;14;12;2;0;1004;33;95;94;363;56;351;12;;;;;
2;Klub Integracji Społecznej w Mirsku, pl. Wolności 15, 59-630 Mirsk;21204;gm. Mirsk;lwówecki;dolnośląskie;1;1;1;1549;1641;505;1044;0;1044;4;9;0;0;0;0;0;0;1044;0;0;1044;39;22;17;0;1005;29;122;101;349;54;339;11;;;;;
3;Szkoła Podstawowa w Giebułtowie, Giebułtówek 1, 59-630 Mirsk;21204;gm. Mirsk;lwówecki;dolnośląskie;1;1;1;901;973;312;589;0;589;2;14;0;0;0;0;0;0;589;0;0;589;16;4;12;0;573;12;64;74;245;26;139;13;;;;;
4;Sala Widowiskowa, Orłowice 66, 59-630 Mirsk;21204;gm. Mirsk;lwówecki;dolnośląskie;1;1;1;450;469;140;310;1;311;1;4;1;0;0;0;0;1;311;1;0;311;7;2;5;0;304;7;34;21;112;12;114;4;;;;;
5;Szkoła Podstawowa w Rębiszowie, Rębiszów 125, 59-630 Mirsk;21204;gm. Mirsk;lwówecki;dolnośląskie;1;1;1;1515;1649;445;1070;0;1070;0;26;0;0;0;0;0;0;1070;0;1;1069;26;16;10;0;1043;42;148;101;320;73;345;14;;;;;
1;Zespół Szkół im. św. Jadwigi Śląskiej we Wleniu, ul. Dworcowa 10, 59-610 Wleń;21205;gm. Wleń;lwówecki;dolnośląskie;1;1;1;1212;1297;332;880;0;880;7;32;0;0;0;0;0;0;880;0;0;880;32;13;19;0;848;21;92;93;324;51;254;13;;;;;
2;Ośrodek Kultury, Sportu i Turystyki, ul. Fryderyka Chopina 2, 59-610 Wleń;21205;gm. Wleń;lwówecki;dolnośląskie;1;1;1;382;360;146;236;0;236;1;3;0;0;0;0;0;0;236;0;0;236;8;5;3;0;228;3;27;25;79;12;80;2;;;;;
3;Centrum Kulturalno Sportowe, Pilchowice 42, 59-610 Wleń;21205;gm. Wleń;lwówecki;dolnośląskie;1;1;1;529;587;113;416;0;416;3;25;0;0;0;0;0;0;416;0;0;416;16;9;7;0;400;13;47;46;120;20;147;7;;;;;
4;Świetlica Wiejska, Marczów 18, 59-610 Wleń;21205;gm. Wleń;lwówecki;dolnośląskie;1;1;1;401;425;124;277;0;277;0;1;0;0;0;0;0;0;277;0;0;277;3;1;2;0;274;12;39;41;99;6;75;2;;;;;
5;Świetlica Wiejska, Bystrzyca 32H, 59-610 Wleń;21205;gm. Wleń;lwówecki;dolnośląskie;1;1;1;202;204;76;126;0;126;2;5;0;0;0;0;0;0;126;0;0;126;10;7;3;0;116;5;21;10;44;4;29;3;;;;;
6;Świetlica Wiejska, Strzyżowiec 49B, 59-610 Wleń;21205;gm. Wleń;lwówecki;dolnośląskie;1;1;1;260;272;88;172;0;172;0;1;0;0;0;0;0;0;172;0;0;172;8;7;1;0;164;3;21;18;53;20;48;1;;;;;
1;Szkoła Podstawowa w Cieszkowie, ul. Grunwaldzka 3, 56-330 Cieszków;21301;gm. Cieszków;milicki;dolnośląskie;3;1;1;1999;2152;451;1548;1;1549;2;6;1;0;0;0;0;1;1549;1;2;1547;27;10;17;0;1520;57;252;143;611;116;319;22;;;;;
2;Świetlica wiejska w Trzebicku, Trzebicko 33, 56-330 Cieszków;21301;gm. Cieszków;milicki;dolnośląskie;3;1;1;450;507;115;335;0;335;0;2;0;0;0;0;0;0;335;0;0;335;11;5;6;0;324;13;41;25;151;42;43;9;;;;;
3;Szkoła Podstawowa w Pakosławsku, Pakosławsko 58, 56-330 Cieszków;21301;gm. Cieszków;milicki;dolnośląskie;3;1;1;850;905;236;614;0;614;2;4;0;0;0;0;0;0;614;0;0;614;11;4;7;0;603;14;130;54;233;44;111;17;;;;;
1;Centrum Edukacyjno-Turystyczno-Sportowe w Krośnicach, ul. Sanatoryjna 19, 56-320 Krośnice;21302;gm. Krośnice;milicki;dolnośląskie;3;1;1;1668;1708;458;1210;0;1210;6;22;0;0;0;0;0;0;1210;0;0;1210;14;4;10;0;1196;36;181;105;436;110;317;11;;;;;
2;Szkoła Podstawowa im. Piastów Śląskich w Bukowicach, ul. Wrocławska 43, 56-321 Bukowice;21302;gm. Krośnice;milicki;dolnośląskie;3;1;1;2201;2402;568;1633;0;1633;2;20;0;0;0;0;0;0;1633;0;0;1633;25;20;5;0;1608;44;212;113;703;130;368;38;;;;;
3;Szkoła Podstawowa im. Edmunda Bojanowskiego w Kuźnicy Czeszyckiej, Kuźnica Czeszycka 1, 56-320 Kuźnica Czeszycka;21302;gm. Krośnice;milicki;dolnośląskie;3;1;1;800;891;193;607;2;609;1;4;2;0;0;0;0;2;609;2;0;609;12;7;5;0;597;32;96;39;240;63;119;8;;;;;
4;Świetlica środowiskowa i wiejska w Wierzchowicach, ul. Kościelna 15, 56-320 Wierzchowice;21302;gm. Krośnice;milicki;dolnośląskie;3;1;1;950;1022;263;687;0;687;1;12;0;0;0;0;0;0;687;0;0;687;15;9;6;0;672;24;86;66;292;59;135;10;;;;;
1;Świetlica Środowiskowa, ul. Aleja Lipowa 1, 56-300 Milicz;21303;gm. Milicz;milicki;dolnośląskie;3;1;1;1850;1800;684;1166;0;1166;3;16;0;0;0;0;0;0;1164;0;0;1164;26;15;11;0;1138;33;171;130;392;70;311;31;;;;;
2;Szkoła Podstawowa Nr 1 w Miliczu, ul. Armii Krajowej 7, 56-300 Milicz;21303;gm. Milicz;milicki;dolnośląskie;3;1;1;2350;2537;501;1843;1;1844;4;30;1;0;0;0;0;1;1850;1;0;1850;28;21;7;0;1822;52;296;214;533;98;600;29;;;;;
3;Zespół Szkół w Miliczu, ul. Trzebnicka 4, 56-300 Milicz;21303;gm. Milicz;milicki;dolnośląskie;3;1;1;750;801;98;652;0;652;3;7;0;0;0;0;0;0;652;0;0;652;7;2;5;0;645;24;126;77;173;33;196;16;;;;;
4;Szkoła Podstawowa Nr 2 w Miliczu, ul. Mikołaja Kopernika 18, 56-300 Milicz;21303;gm. Milicz;milicki;dolnośląskie;3;1;1;1950;2137;443;1507;0;1507;2;14;0;0;0;0;0;0;1507;0;0;1507;22;12;10;0;1485;34;231;180;476;78;465;21;;;;;
5;Nadleśnictwo Państwowe w Miliczu, ul. Trzebnicka 18, 56-300 Milicz;21303;gm. Milicz;milicki;dolnośląskie;3;1;1;1093;1137;197;896;0;896;0;13;0;0;0;0;0;0;896;0;0;896;9;4;5;0;887;25;176;87;298;47;249;5;;;;;
6;Świetlica Wiejska, Bartniki 29, 56-300 Milicz;21303;gm. Milicz;milicki;dolnośląskie;3;1;1;350;382;102;248;0;248;0;2;0;0;0;0;0;0;248;0;1;247;11;7;4;0;236;10;41;12;125;14;33;1;;;;;
7;Szkoła Podstawowa w Czatkowicach, Czatkowice ul. Szosowa 2, 56-300 Milicz;21303;gm. Milicz;milicki;dolnośląskie;3;1;1;450;484;129;321;0;321;0;3;0;0;0;0;0;0;321;0;1;320;11;8;3;0;309;21;57;28;106;16;80;1;;;;;
8;Świetlica Wiejska w Gądkowicach, Gądkowice 45a, 56-300 Milicz;21303;gm. Milicz;milicki;dolnośląskie;3;1;1;603;637;187;416;0;416;1;3;0;0;0;0;0;0;416;0;0;416;13;9;4;0;403;22;35;35;185;42;79;5;;;;;
9;Świetlica Wiejska w Ostrowąsach, Ostrowąsy 31, 56-300 Milicz;21303;gm. Milicz;milicki;dolnośląskie;3;1;1;400;407;138;262;0;262;0;0;0;0;0;0;0;0;262;0;0;262;13;5;8;0;249;13;35;9;130;24;36;2;;;;;
10;Świetlica Wiejska w Potaszni, Potasznia 12, 56-300 Milicz;21303;gm. Milicz;milicki;dolnośląskie;3;1;1;590;642;225;365;0;365;0;12;0;0;0;0;0;0;365;0;0;365;3;3;0;0;362;11;53;31;174;27;64;2;;;;;
11;Szkoła Podstawowa w Nowym Zamku, Nowe Grodzisko 9, 56-300 Milicz;21303;gm. Milicz;milicki;dolnośląskie;3;1;1;320;354;76;244;0;244;0;4;0;0;0;0;0;0;244;0;0;244;8;3;5;0;236;9;33;24;98;18;50;4;;;;;
12;Świetlica Wiejska we Wszewilkach, Wszewilki 51, 56-300 Milicz;21303;gm. Milicz;milicki;dolnośląskie;3;1;1;550;593;126;424;0;424;0;5;0;0;0;0;0;0;424;0;0;424;7;3;4;0;417;17;69;35;120;46;128;2;;;;;
13;Szkoła Podstawowa w Dunkowej, Dunkowa 1, 56-300 Milicz;21303;gm. Milicz;milicki;dolnośląskie;3;1;1;300;326;88;212;0;212;0;0;0;0;0;0;0;0;212;0;0;212;11;4;7;0;201;12;20;12;101;20;34;2;;;;;
14;Szkoła Podstawowa w Sułowie, Sułów ul. Szkolna 6, 56-300 Milicz;21303;gm. Milicz;milicki;dolnośląskie;3;1;1;1352;1458;347;1005;0;1005;1;9;0;0;0;0;0;0;1005;0;0;1005;19;9;10;0;986;51;135;97;399;68;222;14;;;;;
15;Świetlica Wiejska w Sławoszowicach, Sławoszowice ul. 3 Maja 12a, 56-300 Milicz;21303;gm. Milicz;milicki;dolnośląskie;3;1;1;801;865;190;611;0;611;0;18;0;0;0;0;0;0;611;0;0;611;15;6;9;0;596;12;80;85;175;60;171;13;;;;;
16;Świetlica Wiejska w Piękocinie, Piękocin 38, 56-300 Milicz;21303;gm. Milicz;milicki;dolnośląskie;3;1;1;250;273;74;176;0;176;0;3;0;0;0;0;0;0;176;0;0;176;7;5;2;0;169;2;16;15;95;10;27;4;;;;;
17;Świetlica Wiejska w Olszy, Olsza 3a, 56-300 Milicz;21303;gm. Milicz;milicki;dolnośląskie;3;1;1;350;375;107;243;0;243;0;3;0;0;0;0;0;0;243;0;0;243;6;2;4;0;237;5;28;33;117;11;37;6;;;;;
18;Świetlica Wiejska, Kaszowo 34, 56-300 Milicz;21303;gm. Milicz;milicki;dolnośląskie;3;1;1;300;342;79;221;0;221;0;1;0;0;0;0;0;0;221;0;0;221;2;1;1;0;219;11;31;26;82;16;47;6;;;;;
19;Szkoła Podstawowa im. Wandy Rutkiewicz, Wziąchowo Wielkie 47, 56-300 Milicz;21303;gm. Milicz;milicki;dolnośląskie;3;1;1;300;296;112;188;0;188;0;1;0;0;0;0;0;0;188;0;0;188;5;2;3;0;183;6;32;4;97;14;27;3;;;;;
20;Świetlica Wiejska w Gogołowicach, Gogołowice 26, 56-300 Milicz;21303;gm. Milicz;milicki;dolnośląskie;3;1;1;200;200;47;153;0;153;0;2;0;0;0;0;0;0;153;0;0;153;4;2;2;0;149;5;24;8;68;8;35;1;;;;;
21;Świetlica Wiejska, Stawiec 23B, 56-300 Milicz;21303;gm. Milicz;milicki;dolnośląskie;3;1;1;250;251;52;198;0;198;0;1;0;0;0;0;0;0;198;0;0;198;7;4;3;0;191;8;40;9;81;11;40;2;;;;;
22;Świetlica Wiejska, Piotrkosice 49, 56-300 Milicz;21303;gm. Milicz;milicki;dolnośląskie;3;1;1;200;238;63;137;0;137;0;0;0;0;0;0;0;0;137;0;0;137;8;6;2;0;129;4;30;12;62;5;13;3;;;;;
23;Świetlica Wiejska, Słączno 2a, 56-300 Milicz;21303;gm. Milicz;milicki;dolnośląskie;3;1;1;300;347;87;213;0;213;0;0;0;0;0;0;0;0;213;0;0;213;6;5;1;0;207;8;27;20;100;8;43;1;;;;;
24;Świetlica Wiejska, Miłosławice 19c, 56-300 Milicz;21303;gm. Milicz;milicki;dolnośląskie;3;1;1;200;185;59;141;0;141;0;5;0;0;0;0;0;0;141;0;0;141;3;2;1;0;138;5;17;22;55;8;28;3;;;;;
25;Świetlica Wiejska, Świętoszyn 17a, 56-300 Milicz;21303;gm. Milicz;milicki;dolnośląskie;3;1;1;290;292;58;232;0;232;0;1;0;0;0;0;0;0;232;0;0;232;6;3;3;0;226;10;34;24;92;17;47;2;;;;;
26;Świetlica Wiejska w Miłochowicach, Miłochowice 16, 56-300 Milicz;21303;gm. Milicz;milicki;dolnośląskie;3;1;1;300;339;58;242;0;242;0;1;0;0;0;0;0;0;242;0;1;241;2;1;1;0;239;4;37;24;87;16;69;2;;;;;
27;Świetlica Wiejska, Pracze 11, 56-300 Milicz;21303;gm. Milicz;milicki;dolnośląskie;3;1;1;300;353;41;259;0;259;0;9;0;0;0;0;0;0;259;0;0;259;4;3;1;0;255;11;42;17;88;27;68;2;;;;;
1;Zespół Szkół Zawodowych im. Marii Skłodowskiej-Curie w Oleśnicy, ul. Wojska Polskiego 67/69, 56-400 Oleśnica;21401;m. Oleśnica;oleśnicki;dolnośląskie;3;1;1;1145;1261;175;970;0;970;5;22;0;0;0;0;0;0;970;0;0;970;14;7;7;0;956;33;120;104;265;58;357;19;;;;;
2;Szkoła Podstawowa nr 2 im. Jana Kilińskiego w Oleśnicy, ul. św. Jadwigi 1a, 56-400 Oleśnica;21401;m. Oleśnica;oleśnicki;dolnośląskie;3;1;1;945;1020;231;714;1;715;3;1;1;0;0;0;0;1;715;1;0;715;17;8;9;0;698;37;82;71;239;40;214;15;;;;;
3;Szkoła Podstawowa nr 2 im. Jana Kilińskiego w Oleśnicy, ul. św. Jadwigi 1a, 56-400 Oleśnica;21401;m. Oleśnica;oleśnicki;dolnośląskie;3;1;1;1041;1141;258;783;2;785;4;6;2;0;0;0;0;2;785;2;0;785;22;8;14;0;763;29;111;74;220;55;261;13;;;;;
4;Urząd Miasta Oleśnicy, rynek Rynek 1, 56-400 Oleśnica;21401;m. Oleśnica;oleśnicki;dolnośląskie;3;1;1;1228;1380;223;1004;0;1004;5;29;0;0;0;0;0;0;1004;0;0;1004;25;10;15;0;979;31;137;114;327;54;302;14;;;;;
5;Szkoła Podstawowa nr 7 im. Jana Pawła II w Oleśnicy, ul. 11 Listopada 10, 56-400 Oleśnica;21401;m. Oleśnica;oleśnicki;dolnośląskie;3;1;1;1137;1234;256;880;0;880;1;15;0;0;0;0;0;0;881;0;0;881;9;4;5;0;872;39;92;100;298;44;282;17;;;;;
6;Miejski Ośrodek Kultury i Sztuki, ul. Jana Kochanowskiego 4, 56-400 Oleśnica;21401;m. Oleśnica;oleśnicki;dolnośląskie;3;1;1;1087;1223;227;860;0;860;3;21;0;0;0;0;0;0;860;0;0;860;15;8;7;0;845;50;106;71;296;45;269;8;;;;;
7;Szkoła Podstawowa nr 4 im. Romana Podoskiego w Oleśnicy, ul. Ignacego Paderewskiego 2, 56-400 Oleśnica;21401;m. Oleśnica;oleśnicki;dolnośląskie;3;1;1;1040;1070;233;807;4;811;0;1;4;0;0;0;0;4;811;4;0;811;11;9;2;0;800;32;117;83;250;59;244;15;;;;;
8;Szkoła Podstawowa nr 1 im. Książąt Oleśnickich w Oleśnicy, ul. Armii Krajowej 47, 56-400 Oleśnica;21401;m. Oleśnica;oleśnicki;dolnośląskie;3;1;1;1137;1229;241;896;1;897;6;11;1;0;0;0;0;1;897;1;0;897;12;6;6;0;885;21;125;91;242;66;326;14;;;;;
9;Szkoła Podstawowa nr 4 im. Romana Podoskiego w Oleśnicy, ul. Ignacego Paderewskiego 2, 56-400 Oleśnica;21401;m. Oleśnica;oleśnicki;dolnośląskie;3;1;1;940;1050;160;780;0;780;1;5;0;0;0;0;0;0;780;0;0;780;10;6;4;0;770;20;109;61;258;52;263;7;;;;;
10;Szkoła Podstawowa nr 3 im. Podróżników i Odkrywców Polskich w Oleśnicy, ul. Jana Kochanowskiego 8, 56-400 Oleśnica;21401;m. Oleśnica;oleśnicki;dolnośląskie;3;1;1;1140;1232;285;855;0;855;4;3;0;0;0;0;0;0;856;0;0;856;15;5;10;0;841;34;107;85;274;59;263;19;;;;;
11;Zespół Szkolno-Przedszkolny Nr 1 w Oleśnicy, ul. gen. Franciszka Kleeberga 4, 56-400 Oleśnica;21401;m. Oleśnica;oleśnicki;dolnośląskie;3;1;1;1235;1321;246;989;0;989;0;11;0;0;0;0;0;0;989;0;0;989;19;11;8;0;970;33;137;86;340;60;303;11;;;;;
12;Zespół Szkolno-Przedszkolny Nr 1 w Oleśnicy, ul. gen. Franciszka Kleeberga 4, 56-400 Oleśnica;21401;m. Oleśnica;oleśnicki;dolnośląskie;3;1;1;1151;1184;227;924;0;924;1;4;0;0;0;0;0;0;924;0;0;924;10;9;1;0;914;30;131;110;233;58;340;12;;;;;
13;Spółdzielczy Dom Kultury KORELAT w Oleśnicy, ul. Jana Kochanowskiego 5, 56-400 Oleśnica;21401;m. Oleśnica;oleśnicki;dolnośląskie;3;1;1;1292;1344;239;1053;0;1053;6;6;0;0;0;0;0;0;1053;0;0;1053;10;5;5;0;1043;39;129;114;307;64;373;17;;;;;
14;Hala Sportowa OKR Atol w Oleśnicy, ul. Jana Kochanowskiego 2, 56-400 Oleśnica;21401;m. Oleśnica;oleśnicki;dolnośląskie;3;1;1;1454;1591;227;1227;1;1228;1;9;1;0;0;0;0;1;1226;1;0;1226;17;9;8;0;1209;44;164;122;320;90;457;12;;;;;
15;Cech Rzemiosł Różnych oraz Małej i Średniej Przedsiębiorczości w Oleśnicy, ul. Wrocławska 41 - 43, 56-400 Oleśnica;21401;m. Oleśnica;oleśnicki;dolnośląskie;3;1;1;1301;1435;152;1149;1;1150;2;15;1;0;0;0;0;1;1150;1;0;1150;10;5;5;0;1140;30;178;101;338;74;402;17;;;;;
16;Oleśnicka Biblioteka Publiczna, ul. Mikołaja Reja 10, 56-400 Oleśnica;21401;m. Oleśnica;oleśnicki;dolnośląskie;3;1;1;1351;1501;169;1181;0;1181;1;14;0;0;0;0;0;0;1181;0;0;1181;12;5;7;0;1169;65;174;104;310;64;432;20;;;;;
17;Szkoła Podstawowa nr 8 im. Noblistów Polskich w Oleśnicy, ul. Wiejska 35, 56-400 Oleśnica;21401;m. Oleśnica;oleśnicki;dolnośląskie;3;1;1;1056;1012;146;910;0;910;2;8;0;0;0;0;0;0;910;0;0;910;13;5;8;0;897;27;138;83;229;40;366;14;;;;;
18;Szkoła Podstawowa nr 7 im. Jana Pawła II w Oleśnicy (wejście od ul. Chopina), ul. Juliusza Słowackiego 4, 56-400 Oleśnica;21401;m. Oleśnica;oleśnicki;dolnośląskie;3;1;1;1128;1189;276;852;1;853;4;5;1;0;0;0;0;1;853;1;0;853;16;7;9;0;837;22;102;99;302;45;256;11;;;;;
19;Zespół Szkół Zawodowych im. Marii Skłodowskiej-Curie w Oleśnicy, ul. Wojska Polskiego 67/69, 56-400 Oleśnica;21401;m. Oleśnica;oleśnicki;dolnośląskie;3;1;1;1242;1399;140;1102;2;1104;3;8;2;0;0;0;0;2;1104;2;0;1104;20;6;14;0;1084;29;199;106;261;66;402;21;;;;;
20;Przedszkole nr 6 w Oleśnicy, ul. Kazimierza Wielkiego 7, 56-400 Oleśnica;21401;m. Oleśnica;oleśnicki;dolnośląskie;3;1;1;1341;1368;262;1078;0;1078;1;11;0;0;0;0;0;0;1077;0;0;1077;17;10;7;0;1060;32;167;114;240;84;398;25;;;;;
21;Szkoła Podstawowa nr 3 im. Podróżników i Odkrywców Polskich w Oleśnicy, ul. Jana Kochanowskiego 8, 56-400 Oleśnica;21401;m. Oleśnica;oleśnicki;dolnośląskie;3;1;1;1641;1667;267;1374;1;1375;2;10;1;0;0;0;0;1;1375;1;0;1375;10;6;4;0;1365;33;225;147;330;101;517;12;;;;;
1;Centrum Usług Wspólnych w Bierutowie, ul. Kolejowa 7, 56-420 Bierutów;21402;gm. Bierutów;oleśnicki;dolnośląskie;3;1;1;1900;2012;467;1433;1;1434;6;16;1;0;0;0;0;1;1434;1;0;1434;26;8;18;0;1408;26;191;94;498;83;496;20;;;;;
2;Zespół Szkół Ponadpodstawowych w Bierutowie, ul. Plac Kościelny 2, 56-420 Bierutów;21402;gm. Bierutów;oleśnicki;dolnośląskie;3;1;1;1400;1504;408;991;2;993;7;22;2;0;0;0;0;2;993;2;0;993;21;12;9;0;972;25;116;72;380;71;293;15;;;;;
3;Szkoła Podstawowa w Wabienicach, Wabienice 92, 56-420 Bierutów;21402;gm. Bierutów;oleśnicki;dolnośląskie;3;1;1;300;311;87;213;0;213;0;1;0;0;0;0;0;0;213;0;0;213;10;6;4;0;203;8;22;14;93;10;54;2;;;;;
4;Szkoła Podstawowa w Zbytowej, Zbytowa 59a, 56-420 Bierutów;21402;gm. Bierutów;oleśnicki;dolnośląskie;3;1;1;550;600;132;418;0;418;0;4;0;0;0;0;0;0;418;0;0;418;7;5;2;0;411;12;45;19;204;25;91;15;;;;;
5;Budynek po szkole w Posadowicach, Posadowice 7, 56-420 Bierutów;21402;gm. Bierutów;oleśnicki;dolnośląskie;3;1;1;349;358;138;211;0;211;0;2;0;0;0;0;0;0;211;0;0;211;9;5;4;0;202;3;19;12;89;16;56;7;;;;;
6;Budynek po szkole w Solnikach Wielkich, Solniki Wielkie 22, 56-420 Bierutów;21402;gm. Bierutów;oleśnicki;dolnośląskie;3;1;1;351;371;101;250;0;250;1;2;0;0;0;0;0;0;250;0;0;250;3;2;1;0;247;11;36;26;101;19;52;2;;;;;
7;Budynek po szkole w Paczkowie, Paczków 24, 56-420 Bierutów;21402;gm. Bierutów;oleśnicki;dolnośląskie;3;1;1;150;182;32;118;0;118;0;3;0;0;0;0;0;0;118;0;0;118;2;1;1;0;116;5;13;5;59;7;26;1;;;;;
8;Świetlica OSP, Gorzesław 25, 56-420 Bierutów;21402;gm. Bierutów;oleśnicki;dolnośląskie;3;1;1;250;286;54;196;0;196;0;2;0;0;0;0;0;0;196;0;0;196;16;11;5;0;180;14;28;11;72;19;32;4;;;;;
9;Świetlica Wiejska, Jemielna 16, 56-420 Bierutów;21402;gm. Bierutów;oleśnicki;dolnośląskie;3;1;1;150;160;61;89;0;89;0;1;0;0;0;0;0;0;89;0;0;89;3;2;1;0;86;3;18;2;27;4;30;2;;;;;
10;Świetlica Wiejska, Karwiniec 22d, 56-420 Bierutów;21402;gm. Bierutów;oleśnicki;dolnośląskie;3;1;1;350;355;111;239;0;239;0;1;0;0;0;0;0;0;239;0;0;239;5;4;1;0;234;5;32;10;84;18;84;1;;;;;
11;Świetlica Wiejska, Kruszowice 34, 56-420 Bierutów;21402;gm. Bierutów;oleśnicki;dolnośląskie;3;1;1;150;152;44;106;0;106;0;1;0;0;0;0;0;0;106;0;0;106;6;4;2;0;100;1;23;5;32;10;28;1;;;;;
12;Szkoła Podstawowa w Wabienicach, Wabienice 92, 56-420 Bierutów;21402;gm. Bierutów;oleśnicki;dolnośląskie;3;1;1;350;371;135;215;0;215;0;0;0;0;0;0;0;0;215;0;0;215;8;6;2;0;207;10;30;17;77;26;41;6;;;;;
13;Świetlica Wiejska, Solniki Małe 7a, 56-420 Bierutów;21402;gm. Bierutów;oleśnicki;dolnośląskie;3;1;1;350;394;100;250;0;250;0;2;0;0;0;0;0;0;250;0;0;250;8;6;2;0;242;5;21;10;125;17;63;1;;;;;
14;Świetlica Wiejska, Zawidowice 39a, 56-420 Bierutów;21402;gm. Bierutów;oleśnicki;dolnośląskie;3;1;1;200;216;45;155;0;155;1;2;0;0;0;0;0;0;155;0;0;155;13;9;4;0;142;5;8;12;74;9;30;4;;;;;
1;Szkoła Podstawowa im. Ireny Sendlerowej, ul. Parkowa 5, 56-410 Dobroszyce;21403;gm. Dobroszyce;oleśnicki;dolnośląskie;3;1;1;2201;2258;416;1785;2;1787;4;64;2;1;0;0;0;1;1785;1;0;1785;26;15;11;0;1759;51;270;159;579;137;533;30;;;;;
2;Szkoła Podstawowa im. Ireny Sendlerowej, ul. Parkowa 5, 56-410 Dobroszyce;21403;gm. Dobroszyce;oleśnicki;dolnośląskie;3;1;1;1802;2009;332;1470;1;1471;2;62;1;1;0;0;0;0;1470;0;0;1470;14;5;9;0;1456;58;170;103;532;116;454;23;;;;;
3;Szkoła Podstawowa im. Orła Białego, Dobrzeń 9A, 56-410 Dobroszyce;21403;gm. Dobroszyce;oleśnicki;dolnośląskie;3;1;1;1101;1213;283;818;0;818;1;15;0;0;0;0;0;0;818;0;1;817;20;13;7;0;797;25;123;43;320;66;207;13;;;;;
1;Zespół Szkół w Dziadowej Kłodzie, ul. Słoneczna 5, 56-504 Dziadowa Kłoda;21404;gm. Dziadowa Kłoda;oleśnicki;dolnośląskie;3;1;1;1250;1352;310;939;0;939;0;2;0;0;0;0;0;0;939;0;0;939;34;21;13;0;905;27;171;80;249;76;260;42;;;;;
2;Szkoła Podstawowa w Miłowicach, Miłowice 27, 56-504 Dziadowa Kłoda;21404;gm. Dziadowa Kłoda;oleśnicki;dolnośląskie;3;1;1;1100;1211;316;784;0;784;1;6;0;0;0;0;0;0;784;0;0;784;33;33;0;0;751;17;175;55;298;48;139;19;;;;;
3;Świetlica wiejska w Dalborowicach, Dalborowice ul. Namysłowska 19, 56-504 Dziadowa Kłoda;21404;gm. Dziadowa Kłoda;oleśnicki;dolnośląskie;3;1;1;800;863;226;574;0;574;0;3;0;0;0;0;0;0;574;0;0;574;28;19;9;0;546;13;119;29;211;49;111;14;;;;;
1;Miejsko-Gminny Ośrodek Kultury w Międzyborzu, ul. Wrocławska 8, 56-513 Międzybórz;21405;gm. Międzybórz;oleśnicki;dolnośląskie;3;1;1;802;876;199;603;0;603;0;17;0;0;0;0;0;0;603;0;0;603;16;6;10;0;587;23;94;47;201;45;169;8;;;;;
2;Miejsko-Gminny Ośrodek Kultury w Międzyborzu, ul. Wrocławska 8, 56-513 Międzybórz;21405;gm. Międzybórz;oleśnicki;dolnośląskie;3;1;1;803;880;159;644;0;644;0;3;0;0;0;0;0;0;644;0;0;644;10;6;4;0;634;17;109;50;178;67;201;12;;;;;
3;Szkoła Podstawowa im. Jerzego Badury w Międzyborzu, ul. Wrocławska 6 - 6a, 56-513 Międzybórz;21405;gm. Międzybórz;oleśnicki;dolnośląskie;3;1;1;601;648;240;361;0;361;0;3;0;0;0;0;0;0;361;0;0;361;14;9;5;0;347;16;52;22;144;32;79;2;;;;;
4;Świetlica wiejska w Bukowinie Sycowskiej, Bukowina Sycowska 20A, 56-513 Międzybórz;21405;gm. Międzybórz;oleśnicki;dolnośląskie;3;1;1;803;851;226;577;0;577;0;11;0;0;0;0;0;0;577;0;1;576;24;14;10;0;552;16;79;39;197;52;163;6;;;;;
5;Świetlica Wiejska, Klonów 27, 56-513 Międzybórz;21405;gm. Międzybórz;oleśnicki;dolnośląskie;3;1;1;250;250;69;181;0;181;0;1;0;0;0;0;0;0;181;0;0;181;3;3;0;0;178;4;22;18;76;13;41;4;;;;;
6;Świetlica Wiejska, Kraszów 35A, 56-513 Międzybórz;21405;gm. Międzybórz;oleśnicki;dolnośląskie;3;1;1;300;330;87;213;0;213;0;2;0;0;0;0;0;0;213;0;1;212;9;8;1;0;203;11;32;12;82;25;38;3;;;;;
1;Świetlica Wiejska w Bystrem, Bystre ul. Wrocławska 14, 56-400 Oleśnica;21406;gm. Oleśnica;oleśnicki;dolnośląskie;3;1;1;783;763;191;592;0;592;2;7;0;0;0;0;0;0;592;0;0;592;8;3;5;0;584;37;81;40;185;36;193;12;;;;;
2;Szkoła Podstawowa w Ligocie Małej im. UNICEF, Ligota Mała 15, 56-400 Oleśnica;21406;gm. Oleśnica;oleśnicki;dolnośląskie;3;1;1;1253;1309;237;1016;0;1016;2;16;0;0;0;0;0;0;1016;0;0;1016;24;10;14;0;992;29;154;88;330;97;271;23;;;;;
3;Szkoła Podstawowa w Ligocie Polskiej, Ligota Polska 3, 56-400 Oleśnica;21406;gm. Oleśnica;oleśnicki;dolnośląskie;3;1;1;1606;1711;375;1231;1;1232;0;21;1;0;0;0;0;1;1232;1;0;1232;26;13;13;0;1206;46;220;82;412;116;317;13;;;;;
4;Świetlica Wiejska w Boguszycach, Boguszyce 118a, 56-400 Oleśnica;21406;gm. Oleśnica;oleśnicki;dolnośląskie;3;1;1;1003;1077;292;711;0;711;3;11;0;0;0;0;0;0;711;0;0;711;6;3;3;0;705;15;100;48;268;50;213;11;;;;;
5;Szkoła Podstawowa we Wszechświętem, Wszechświęte 16b, 56-400 Oleśnica;21406;gm. Oleśnica;oleśnicki;dolnośląskie;3;1;1;853;932;200;653;0;653;1;5;0;0;0;0;0;0;653;0;0;653;27;13;14;0;626;17;87;44;236;46;192;4;;;;;
6;Szkoła Podstawowa w Smolnej im. Kawalerów Orderu Uśmiechu, Smolna 70, 56-400 Oleśnica;21406;gm. Oleśnica;oleśnicki;dolnośląskie;3;1;1;1350;1482;254;1096;0;1096;2;9;0;0;0;0;0;0;1092;0;0;1092;23;14;9;0;1069;43;148;73;358;85;343;19;;;;;
7;Szkoła Podstawowa w Sokołowicach im. Orła Białego, Sokołowice 24, 56-400 Oleśnica;21406;gm. Oleśnica;oleśnicki;dolnośląskie;3;1;1;1866;2011;379;1487;0;1487;0;19;0;0;0;0;0;0;1486;0;0;1486;19;11;8;0;1467;35;244;124;406;107;534;17;;;;;
8;Świetlica Wiejska w Smardzowie, Smardzów ul. Wrocławska 12, 56-400 Oleśnica;21406;gm. Oleśnica;oleśnicki;dolnośląskie;3;1;1;1153;1179;221;932;0;932;1;17;0;0;0;0;0;0;932;0;0;932;14;7;7;0;918;29;140;64;317;77;272;19;;;;;
9;Świetlica Wiejska w Nieciszowie, Nieciszów 5A, 56-400 Oleśnica;21406;gm. Oleśnica;oleśnicki;dolnośląskie;3;1;1;632;609;105;527;0;527;2;10;0;0;0;0;0;0;527;0;0;527;6;3;3;0;521;18;99;26;113;47;209;9;;;;;
1;Publiczne Przedszkole nr 1, ul. Kaliska 8, 56-500 Syców;21407;gm. Syców;oleśnicki;dolnośląskie;3;1;1;1805;1944;340;1465;0;1465;1;10;0;0;0;0;0;0;1465;0;0;1465;21;12;9;0;1444;43;276;147;361;120;460;37;;;;;
2;Szkoła Podstawowa nr 2, ul. Adama Mickiewicza 5, 56-500 Syców;21407;gm. Syców;oleśnicki;dolnośląskie;3;1;1;1606;1674;438;1168;0;1168;1;18;0;0;0;0;0;0;1168;0;0;1168;25;10;15;0;1143;39;207;109;358;65;346;19;;;;;
3;Biblioteka Publiczna w Sycowie, ul. Kościelna 3A, 56-500 Syców;21407;gm. Syców;oleśnicki;dolnośląskie;3;1;1;1604;1745;272;1332;0;1332;0;9;0;0;0;0;0;0;1330;0;0;1330;16;12;4;0;1314;25;245;131;308;96;484;25;;;;;
4;Sala Ślubów Urzędu Stanu Cywilnego w Sycowie, pl. Wolności 7/3, 56-500 Syców;21407;gm. Syców;oleśnicki;dolnośląskie;3;1;1;1604;1701;373;1233;0;1233;7;13;0;0;0;0;0;0;1233;0;0;1233;12;9;3;0;1221;40;219;116;329;94;400;23;;;;;
5;Szkoła Podstawowa w Stradomi Wierzchniej, Stradomia Wierzchnia 64, 56-500 Syców;21407;gm. Syców;oleśnicki;dolnośląskie;3;1;1;751;851;183;568;0;568;0;4;0;0;0;0;0;0;568;0;0;568;16;6;10;0;552;19;98;49;189;36;154;7;;;;;
6;Szkoła Podstawowa w Drołtowicach, Drołtowice 12, 56-500 Syców;21407;gm. Syców;oleśnicki;dolnośląskie;3;1;1;300;352;74;226;0;226;1;1;0;0;0;0;0;0;226;0;0;226;3;3;0;0;223;9;37;21;68;28;54;6;;;;;
7;Szkoła Podstawowa w Działoszy, Działosza 62, 56-500 Syców;21407;gm. Syców;oleśnicki;dolnośląskie;3;1;1;853;939;212;641;0;641;0;4;0;0;0;0;0;0;641;0;0;641;12;4;8;0;629;38;135;48;195;58;145;10;;;;;
8;Publiczne Przedszkole nr 2 w Sycowie, ul. Komorowska 2, 56-500 Syców;21407;gm. Syców;oleśnicki;dolnośląskie;3;1;1;952;1025;240;712;1;713;1;5;1;0;0;0;0;1;713;1;0;713;22;15;7;0;691;15;138;68;181;52;221;16;;;;;
9;Świetlica wiejska, Ślizów 80d, 56-500 Syców;21407;gm. Syców;oleśnicki;dolnośląskie;3;1;1;400;435;92;308;0;308;0;0;0;0;0;0;0;0;308;0;0;308;9;4;5;0;299;9;100;26;85;23;51;5;;;;;
10;Świetlica wiejska w Wiosce, Wioska 19a, 56-500 Syców;21407;gm. Syców;oleśnicki;dolnośląskie;3;1;1;851;879;137;714;0;714;2;9;0;0;0;0;0;0;714;0;0;714;14;7;7;0;700;32;121;53;154;51;274;15;;;;;
11;Świetlica wiejska w Szczodrowie, Szczodrów 38, 56-500 Syców;21407;gm. Syców;oleśnicki;dolnośląskie;3;1;1;499;539;151;348;0;348;1;0;0;0;0;0;0;0;348;0;0;348;8;4;4;0;340;13;76;32;121;30;62;6;;;;;
12;Świetlica wiejska w Biskupicach, Biskupice 32, 56-500 Syców;21407;gm. Syców;oleśnicki;dolnośląskie;3;1;1;250;252;56;194;0;194;0;1;0;0;0;0;0;0;194;0;0;194;1;0;1;0;193;13;41;17;52;11;52;7;;;;;
13;Świetlica wiejska w Zawadzie, Zawada 12a, 56-500 Syców;21407;gm. Syców;oleśnicki;dolnośląskie;3;1;1;301;329;67;234;0;234;0;0;0;0;0;0;0;0;234;0;0;234;5;5;0;0;229;9;45;22;75;15;59;4;;;;;
1;Szkoła Podstawowa nr 2 im. Jana Pawła II, ul. Stefana Batorego 5, 56-416 Twardogóra;21408;gm. Twardogóra;oleśnicki;dolnośląskie;3;1;1;1804;2009;283;1520;0;1520;3;19;0;0;0;0;0;0;1520;0;1;1519;34;13;21;0;1485;44;240;130;520;84;429;38;;;;;
2;Szkoła Podstawowa nr 2 im. Jana Pawła II, ul. św. Jadwigi 7, 56-416 Twardogóra;21408;gm. Twardogóra;oleśnicki;dolnośląskie;3;1;1;1752;1886;422;1330;1;1331;4;20;1;0;0;0;0;1;1331;1;0;1331;30;17;13;0;1301;30;163;125;412;82;453;36;;;;;
3;Zakład Gospodarki Mieszkaniowej, ul. 1 Maja 2, 56-416 Twardogóra;21408;gm. Twardogóra;oleśnicki;dolnośląskie;3;1;1;2055;2255;435;1620;0;1620;3;47;0;0;0;0;0;0;1620;0;2;1618;40;22;18;0;1578;47;251;131;521;115;483;30;;;;;
4;Szkoła Podstawowa nr 2 im. Jana Pawła II, ul. Stefana Batorego 5, 56-416 Twardogóra;21408;gm. Twardogóra;oleśnicki;dolnośląskie;3;1;1;1053;1142;315;738;0;738;2;31;0;0;0;0;0;0;738;0;0;738;18;5;13;0;720;27;88;71;286;48;188;12;;;;;
5;Szkoła Podstawowa, Goszcz ul. Szkolna 1, 56-416 Twardogóra;21408;gm. Twardogóra;oleśnicki;dolnośląskie;3;1;1;1654;1784;420;1232;0;1232;1;18;0;0;0;0;0;0;1232;0;0;1232;40;28;12;0;1192;44;141;80;474;101;303;49;;;;;
6;Szkoła Podstawowa, Grabowno Wielkie 139a, 56-416 Twardogóra;21408;gm. Twardogóra;oleśnicki;dolnośląskie;3;1;1;701;765;237;464;0;464;0;5;0;0;0;0;0;0;464;0;0;464;13;4;9;0;451;17;65;40;165;31;129;4;;;;;
1;Przedszkole Miejskie Nr 4, ul. 1 Maja 33, 55-200 Oława;21501;m. Oława;oławski;dolnośląskie;3;1;1;1050;1136;204;846;1;847;1;8;0;0;0;0;0;0;846;0;0;846;13;7;6;0;833;25;105;77;248;64;297;17;;;;;
2;Szkoła Podstawowa Nr 5, ul. Kamienna 8, 55-200 Oława;21501;m. Oława;oławski;dolnośląskie;3;1;1;1250;1242;325;925;1;926;4;14;1;0;0;0;0;1;926;1;0;926;12;8;4;0;914;37;104;99;299;49;312;14;;;;;
3;Oławskie Centrum Rozwoju Społecznego, ul. 3 Maja 18i/u, 55-200 Oława;21501;m. Oława;oławski;dolnośląskie;3;1;1;1250;1376;217;1033;1;1034;1;16;1;0;0;0;0;1;1034;1;0;1034;16;11;5;0;1018;39;116;88;276;95;391;13;;;;;
4;"Klub ""Parnas"", ul. 1 Maja 13, 55-200 Oława";21501;m. Oława;oławski;dolnośląskie;3;1;1;800;882;196;604;0;604;1;5;0;0;0;0;0;0;604;0;0;604;15;6;9;0;589;17;47;46;217;37;219;6;;;;;
5;"Stowarzyszenie Pomocy Dzieciom ""Tęcza"" Centrum Terapeutyczno-Rehabilitacyjne, ul. 3 Maja 18k/u, 55-200 Oława";21501;m. Oława;oławski;dolnośląskie;3;1;1;754;848;165;589;0;589;0;17;0;0;0;0;0;0;589;0;0;589;6;6;0;0;583;18;68;56;178;44;212;7;;;;;
6;Świetlica Środowiskowa, ul. Młyńska 12b, 55-200 Oława;21501;m. Oława;oławski;dolnośląskie;3;1;1;1549;1681;302;1247;1;1248;4;14;0;0;0;0;0;0;1247;0;0;1247;24;13;11;0;1223;38;111;111;436;88;418;21;;;;;
7;Żłobek Miejski, ul. Bolesława Chrobrego 106a, 55-200 Oława;21501;m. Oława;oławski;dolnośląskie;3;1;1;1051;1127;207;844;0;844;2;8;0;0;0;0;0;0;844;0;0;844;10;6;4;0;834;15;81;68;317;61;281;11;;;;;
8;Szkoła Podstawowa Nr 6, ul. Sportowa 6, 55-200 Oława;21501;m. Oława;oławski;dolnośląskie;3;1;1;1705;1809;338;1364;0;1364;4;8;0;0;0;0;0;0;1366;0;0;1366;11;2;9;0;1355;42;139;118;436;87;517;16;;;;;
9;Liceum Ogólnokształcące Nr I, pl. Zamkowy 10, 55-200 Oława;21501;m. Oława;oławski;dolnośląskie;3;1;1;1350;1476;292;1054;0;1054;5;19;0;0;0;0;0;0;1058;0;4;1054;9;6;3;0;1045;37;117;130;350;72;327;12;;;;;
10;Ośrodek Kultury, ul. 11 Listopada 27, 55-200 Oława;21501;m. Oława;oławski;dolnośląskie;3;1;1;1576;1664;486;1090;0;1090;6;13;0;0;0;0;0;0;1092;0;0;1092;9;3;6;0;1083;29;130;116;395;66;337;10;;;;;
11;Centrum Kształcenia Zawodowego i Ustawicznego, ul. ks. Franciszka Kutrowskiego 31, 55-200 Oława;21501;m. Oława;oławski;dolnośląskie;3;1;1;1250;1305;258;992;0;992;4;9;0;0;0;0;0;0;992;0;0;992;10;6;4;0;982;29;142;73;264;70;391;13;;;;;
12;Centrum Kształcenia Zawodowego i Ustawicznego, ul. ks. Franciszka Kutrowskiego 31, 55-200 Oława;21501;m. Oława;oławski;dolnośląskie;3;1;1;1151;1105;217;934;0;934;1;12;0;0;0;0;0;0;934;0;1;933;6;5;1;0;927;23;123;61;262;73;377;8;;;;;
13;Szkoła Podstawowa Nr 4, ul. Władysława Broniewskiego 6, 55-200 Oława;21501;m. Oława;oławski;dolnośląskie;3;1;1;1850;1937;281;1569;0;1569;2;17;0;0;0;0;0;0;1569;0;0;1569;15;5;10;0;1554;61;259;168;359;111;576;20;;;;;
14;Szkoła Podstawowa Nr 4, ul. Władysława Broniewskiego 6, 55-200 Oława;21501;m. Oława;oławski;dolnośląskie;3;1;1;2100;2229;198;1899;0;1899;0;12;0;0;0;0;0;0;1902;0;0;1902;13;7;6;0;1889;46;358;168;373;146;764;34;;;;;
15;Zespół Szkolno-Przedszkolny Nr 1, ul. Jarosława Iwaszkiewicza 11, 55-200 Oława;21501;m. Oława;oławski;dolnośląskie;3;1;1;1700;1906;162;1538;0;1538;0;10;0;0;0;0;0;0;1538;0;0;1538;11;6;5;0;1527;45;239;150;382;123;564;24;;;;;
16;Zespół Szkolno-Przedszkolny Nr 1, ul. Jarosława Iwaszkiewicza 11, 55-200 Oława;21501;m. Oława;oławski;dolnośląskie;3;1;1;1150;1225;238;912;0;912;2;6;0;0;0;0;0;0;912;0;0;912;6;1;5;0;906;22;134;67;306;49;320;8;;;;;
17;Zespół Szkolno-Przedszkolny Nr 1, ul. Jarosława Iwaszkiewicza 11b, 55-200 Oława;21501;m. Oława;oławski;dolnośląskie;3;1;1;1196;1319;191;1003;0;1003;5;14;0;0;0;0;0;0;1005;0;0;1005;17;8;9;0;988;31;113;98;310;53;364;19;;;;;
1;Centrum Kultury i Czytelnictwa Gminy Domaniów, Domaniów 16, 55-216 Domaniów;21502;gm. Domaniów;oławski;dolnośląskie;3;1;1;299;323;55;244;0;244;0;2;0;0;0;0;0;0;244;0;0;244;4;3;1;0;240;8;23;13;103;28;64;1;;;;;
2;Centrum Kultury i Czytelnictwa Gminy Domaniów, Domaniów 16, 55-216 Domaniów;21502;gm. Domaniów;oławski;dolnośląskie;3;1;1;501;538;100;401;1;402;0;7;1;0;0;0;0;1;402;1;0;402;10;4;6;0;392;10;63;19;164;26;101;9;;;;;
3;Świetlica Wiejska w Goszczynie, Goszczyna 34B, 55-216 Domaniów;21502;gm. Domaniów;oławski;dolnośląskie;3;1;1;300;334;39;261;0;261;0;2;0;0;0;0;0;0;261;0;0;261;7;3;4;0;254;13;49;14;106;14;53;5;;;;;
4;Świetlica Wiejska w Piskorzowie, Piskorzów 33A, 55-216 Domaniów;21502;gm. Domaniów;oławski;dolnośląskie;3;1;1;200;236;38;162;0;162;0;4;0;0;0;0;0;0;162;0;0;162;5;4;1;0;157;5;32;10;59;12;39;0;;;;;
5;Sala Sportowa w Wierzbnie, Wierzbno 83A, 55-216 Domaniów;21502;gm. Domaniów;oławski;dolnośląskie;3;1;1;451;475;114;337;0;337;0;0;0;0;0;0;0;0;337;0;0;337;5;5;0;0;332;10;53;34;146;22;59;8;;;;;
6;Sala Sportowa w Wierzbnie, Wierzbno 83A, 55-216 Domaniów;21502;gm. Domaniów;oławski;dolnośląskie;3;1;1;459;498;74;385;0;385;0;2;0;0;0;0;0;0;385;0;0;385;9;5;4;0;376;11;43;26;167;38;82;9;;;;;
7;Świetlica Wiejska w Kończycach, Kończyce 26, 55-216 Domaniów;21502;gm. Domaniów;oławski;dolnośląskie;3;1;1;350;349;96;254;0;254;0;0;0;0;0;0;0;0;254;0;0;254;3;2;1;0;251;12;30;19;111;11;62;6;;;;;
8;Świetlica Wiejska w Piskorzówku, Piskorzówek 17A, 55-216 Domaniów;21502;gm. Domaniów;oławski;dolnośląskie;3;1;1;250;269;54;196;0;196;0;1;0;0;0;0;0;0;196;0;0;196;5;4;1;0;191;6;29;15;80;13;40;8;;;;;
9;Świetlica Wiejska w Polwicy, Polwica 22H, 55-216 Domaniów;21502;gm. Domaniów;oławski;dolnośląskie;3;1;1;250;293;48;202;0;202;1;4;0;0;0;0;0;0;202;0;0;202;5;3;2;0;197;5;25;9;87;26;40;5;;;;;
10;Świetlica Wiejska w Skrzypniku, Skrzypnik 65, 55-216 Domaniów;21502;gm. Domaniów;oławski;dolnośląskie;3;1;1;300;317;59;241;0;241;0;3;0;0;0;0;0;0;241;0;0;241;4;0;4;0;237;14;28;22;89;9;74;1;;;;;
11;Świetlica Wiejska w Swojkowie, Swojków 11, 55-216 Domaniów;21502;gm. Domaniów;oławski;dolnośląskie;3;1;1;300;324;104;196;0;196;0;1;0;0;0;0;0;0;196;0;0;196;5;1;4;0;191;6;32;13;84;17;35;4;;;;;
1;Publiczna Szkoła Podstawowa, Wójcice ul. Główna 87, 55-220 Jelcz-Laskowice;21503;gm. Jelcz-Laskowice;oławski;dolnośląskie;3;1;1;602;662;121;481;0;481;1;1;0;0;0;0;0;0;481;0;1;480;16;6;10;0;464;34;38;25;237;31;95;4;;;;;
2;Świetlica wiejska, Miłocice ul. Główna 26, 55-220 Jelcz-Laskowice;21503;gm. Jelcz-Laskowice;oławski;dolnośląskie;3;1;1;503;558;177;325;3;328;0;1;3;0;0;0;0;3;328;3;0;328;7;3;4;0;321;18;63;16;132;22;59;11;;;;;
3;Publiczna Szkoła Podstawowa, Minkowice Oławskie ul. Kościelna 20, 55-220 Jelcz-Laskowice;21503;gm. Jelcz-Laskowice;oławski;dolnośląskie;3;1;1;1102;1192;277;825;1;826;3;8;1;0;0;0;0;1;826;1;3;823;4;2;2;0;819;26;94;50;370;64;200;15;;;;;
4;Schronisko Młodzieżowe, Chwałowice ul. Szkolna 4, 55-220 Jelcz-Laskowice;21503;gm. Jelcz-Laskowice;oławski;dolnośląskie;3;1;1;1356;1533;141;1215;0;1215;1;11;0;0;0;0;0;0;1215;0;0;1215;11;4;7;0;1204;32;172;98;381;103;398;20;;;;;
5;Publiczna Szkoła Podstawowa, Miłoszyce ul. Główna 24, 55-220 Jelcz-Laskowice;21503;gm. Jelcz-Laskowice;oławski;dolnośląskie;3;1;1;2036;2291;242;1794;2;1796;0;19;2;0;0;0;0;2;1796;2;0;1796;23;11;12;0;1773;56;288;158;472;152;625;22;;;;;
6;Zespół Szkół, ul. Techników 26, 55-220 Jelcz-Laskowice;21503;gm. Jelcz-Laskowice;oławski;dolnośląskie;3;1;1;831;858;331;500;1;501;0;1;1;0;0;0;0;1;501;1;0;501;12;6;6;0;489;20;51;39;175;40;158;6;;;;;
7;Publiczna Szkoła Podstawowa nr 3, ul. Bolesława Prusa 2, 55-220 Jelcz-Laskowice;21503;gm. Jelcz-Laskowice;oławski;dolnośląskie;3;1;1;714;761;119;595;0;595;0;10;0;0;0;0;0;0;595;0;0;595;6;4;2;0;589;9;90;30;190;53;200;17;;;;;
8;Publiczna Szkoła Podstawowa nr 2 (aula), ul. Aleja Młodych 1, 55-220 Jelcz-Laskowice;21503;gm. Jelcz-Laskowice;oławski;dolnośląskie;3;1;1;1908;2044;340;1563;0;1563;3;12;0;0;0;0;0;0;1567;0;0;1567;17;6;11;0;1550;25;197;112;571;99;516;30;;;;;
9;Publiczna Szkoła Podstawowa nr 2 (stołówka), ul. Aleja Młodych 1, 55-220 Jelcz-Laskowice;21503;gm. Jelcz-Laskowice;oławski;dolnośląskie;3;1;1;1957;2074;307;1650;1;1651;2;5;1;0;0;0;0;1;1651;1;3;1648;4;3;1;0;1644;37;259;113;495;128;582;30;;;;;
10;Urząd Miasta i Gminy, ul. Wincentego Witosa 24, 55-220 Jelcz-Laskowice;21503;gm. Jelcz-Laskowice;oławski;dolnośląskie;3;1;1;1342;1457;221;1124;0;1124;0;0;0;0;0;0;0;0;1124;0;1;1123;10;4;6;0;1113;25;162;68;400;80;353;25;;;;;
11;Hala Sportowa, ul. Partyzantów 10, 55-220 Jelcz-Laskowice;21503;gm. Jelcz-Laskowice;oławski;dolnośląskie;3;1;1;1533;1669;337;1202;0;1202;2;10;0;0;0;0;0;0;1194;0;0;1194;17;8;9;0;1177;40;140;79;429;104;369;16;;;;;
12;"Środowiskowy Klub ""Kuźnia"", ul. Aleja Wolności 34A, 55-220 Jelcz-Laskowice";21503;gm. Jelcz-Laskowice;oławski;dolnośląskie;3;1;1;1525;1596;333;1190;0;1190;1;7;0;0;0;0;0;0;1190;0;0;1190;18;13;5;0;1172;32;128;86;491;82;339;14;;;;;
13;Filia Publicznej Szkoły Podstawowej nr 3, ul. Ludwika Hirszfelda 92, 55-220 Jelcz-Laskowice;21503;gm. Jelcz-Laskowice;oławski;dolnośląskie;3;1;1;749;806;169;582;0;582;2;9;0;0;0;0;0;0;582;0;0;582;10;4;6;0;572;18;51;44;240;42;163;14;;;;;
1;Świetlica Wiejska, Bystrzyca ul. Tadeusza Kościuszki 2, 55-200 Oława;21504;gm. Oława;oławski;dolnośląskie;3;1;1;1746;1876;268;1478;1;1479;1;11;1;0;0;0;0;1;1479;1;0;1479;17;9;8;0;1462;187;153;80;470;88;458;26;;;;;
2;Szkoła Podstawowa, Marcinkowice ul. Szkolna 1, 55-200 Oława;21504;gm. Oława;oławski;dolnośląskie;3;1;1;1450;1600;102;1348;0;1348;2;27;0;0;0;0;0;0;1348;0;0;1348;14;5;9;0;1334;45;195;105;356;110;510;13;;;;;
3;Świetlica Wiejska, Sobocisko 70, 55-200 Oława;21504;gm. Oława;oławski;dolnośląskie;3;1;1;500;549;96;404;1;405;0;5;1;0;0;0;0;1;405;1;0;405;4;2;2;0;401;29;48;24;184;28;76;12;;;;;
4;Szkoła Podstawowa, Drzemlikowice 14, 55-200 Oława;21504;gm. Oława;oławski;dolnośląskie;3;1;1;701;785;173;528;0;528;2;2;0;0;0;0;0;0;528;0;0;528;10;7;3;0;518;26;58;39;232;49;94;20;;;;;
5;Świetlica Wiejska, Osiek 124 A, 55-200 Oława;21504;gm. Oława;oławski;dolnośląskie;3;1;1;1000;1073;280;720;0;720;2;5;0;0;0;0;0;0;720;0;0;720;14;4;10;0;706;27;84;60;297;63;172;3;;;;;
6;Szkoła Podstawowa, Ścinawa Polska 26, 55-200 Oława;21504;gm. Oława;oławski;dolnośląskie;3;1;1;600;655;129;471;0;471;0;4;0;0;0;0;0;0;471;0;0;471;15;12;3;0;456;21;50;40;183;47;112;3;;;;;
7;Świetlica Wiejska, Godzikowice ul. Sportowa 18, 55-200 Oława;21504;gm. Oława;oławski;dolnośląskie;3;1;1;600;625;114;486;0;486;0;3;0;0;0;0;0;0;486;0;0;486;5;4;1;0;481;17;61;39;158;28;173;5;;;;;
8;Świetlica Wiejska, Gaj Oławski 11B, 55-200 Oława;21504;gm. Oława;oławski;dolnośląskie;3;1;1;800;842;122;678;0;678;5;5;0;0;0;0;0;0;677;0;0;677;5;3;2;0;672;29;83;56;235;43;212;14;;;;;
9;Świetlica Wiejska, Stanowice ul. Słonecznikowa 5, 55-200 Oława;21504;gm. Oława;oławski;dolnośląskie;3;1;1;950;971;127;823;0;823;0;8;0;0;0;0;0;0;823;0;0;823;8;2;6;0;815;30;103;48;214;64;353;3;;;;;
10;Świetlica Wiejska, Janików ul. Stefana Batorego 22A, 55-200 Oława;21504;gm. Oława;oławski;dolnośląskie;3;1;1;450;519;44;406;0;406;0;9;0;0;0;0;0;0;406;0;0;406;5;4;1;0;401;24;37;27;165;28;110;10;;;;;
11;Świetlica Wiejska, Gać 8A, 55-200 Oława;21504;gm. Oława;oławski;dolnośląskie;3;1;1;550;574;151;399;0;399;0;4;0;0;0;0;0;0;399;0;0;399;14;9;5;0;385;17;58;25;134;37;100;14;;;;;
12;Świetlica Wiejska, Owczary 22A, 55-200 Oława;21504;gm. Oława;oławski;dolnośląskie;3;1;1;653;718;144;509;0;509;0;26;0;0;0;0;0;0;509;0;0;509;10;8;2;0;499;14;86;25;213;54;95;12;;;;;
13;Budynek po byłym gimnazjum, Siedlce 12, 55-200 Oława;21504;gm. Oława;oławski;dolnośląskie;3;1;1;850;948;129;721;0;721;0;10;0;0;0;0;0;0;721;0;0;721;9;6;3;0;712;16;75;64;288;86;166;17;;;;;
1;Szkoła Podstawowa, ul. Wesoła 16, 59-140 Chocianów;21601;gm. Chocianów;polkowicki;dolnośląskie;1;1;1;1319;1402;311;1005;0;1005;2;12;0;0;0;0;0;0;1007;0;1;1006;13;3;10;0;993;41;116;83;417;61;256;19;;;;;
2;Hala sportowo-widowiskowa, ul. Kasztanowa 5, 59-140 Chocianów;21601;gm. Chocianów;polkowicki;dolnośląskie;1;1;1;582;612;122;460;2;462;0;6;1;0;0;0;0;1;461;1;0;461;7;7;0;0;454;14;56;31;197;41;106;9;;;;;
3;Regionalne Centrum Kultury, ul. Tadeusza Kościuszki 5, 59-140 Chocianów;21601;gm. Chocianów;polkowicki;dolnośląskie;1;1;1;1110;1170;357;753;0;753;2;12;0;0;0;0;0;0;753;0;7;746;20;7;13;0;726;18;80;40;350;62;159;17;;;;;
4;Zespól Szkół, ul. Kolonialna 13, 59-140 Chocianów;21601;gm. Chocianów;polkowicki;dolnośląskie;1;1;1;1129;1184;350;779;0;779;3;10;0;0;0;0;0;0;779;0;0;779;12;8;4;0;767;36;68;49;375;71;159;9;;;;;
5;Przedszkole z Oddziałami Integracyjnymi, ul. Środkowa 3A, 59-140 Chocianów;21601;gm. Chocianów;polkowicki;dolnośląskie;1;1;1;1148;1193;249;899;1;900;0;12;1;0;0;0;0;1;900;1;0;900;17;10;7;0;883;28;106;62;362;84;219;22;;;;;
6;Świetlica Wiejska, Brunów 74, 59-140 Chocianów;21601;gm. Chocianów;polkowicki;dolnośląskie;1;1;1;362;384;69;293;0;293;0;3;0;0;0;0;0;0;295;0;0;295;7;2;5;0;288;24;23;21;137;16;62;5;;;;;
7;Świetlica Wiejska, Żabice 21A, 59-140 Chocianów;21601;gm. Chocianów;polkowicki;dolnośląskie;1;1;1;494;527;145;349;0;349;0;0;0;0;0;0;0;0;349;0;0;349;7;5;2;0;342;14;27;19;199;31;52;0;;;;;
8;Wiejski Ośrodek Kultury, Chocianowiec 101A, 59-140 Chocianów;21601;gm. Chocianów;polkowicki;dolnośląskie;1;1;1;724;779;155;569;0;569;5;5;0;0;0;0;0;0;568;0;0;568;9;2;7;0;559;32;39;18;341;63;57;9;;;;;
9;Szkoła Podstawowa, Parchów 29, 59-140 Chocianów;21601;gm. Chocianów;polkowicki;dolnośląskie;1;1;1;717;770;105;612;0;612;0;16;0;0;0;0;0;0;612;0;0;612;4;3;1;0;608;18;82;31;295;52;108;22;;;;;
10;Szkoła Podstawowa im J. Pawła II, Szklary Dolne 48, 59-140 Chocianów;21601;gm. Chocianów;polkowicki;dolnośląskie;1;1;1;606;662;120;486;0;486;0;0;0;0;0;0;0;0;486;0;0;486;9;7;2;0;477;21;41;38;247;57;68;5;;;;;
11;Szkoła Podstawowa im. Wł. St. Reymonta, Trzebnice 113A, 59-140 Chocianów;21601;gm. Chocianów;polkowicki;dolnośląskie;1;1;1;667;718;149;518;0;518;2;4;0;0;0;0;0;0;517;0;0;517;20;11;9;0;497;10;43;33;281;37;84;9;;;;;
1;Pałac w Gaworzycach, ul. Dworcowa 95, 59-180 Gaworzyce;21602;gm. Gaworzyce;polkowicki;dolnośląskie;1;1;1;1333;1410;254;1079;0;1079;4;6;0;0;0;0;0;0;1079;0;0;1079;22;10;12;0;1057;37;87;64;515;71;249;34;;;;;
2;Punkt Biblioteczny, Kłobuczyn 42, 59-180 Gaworzyce;21602;gm. Gaworzyce;polkowicki;dolnośląskie;1;1;1;393;422;84;309;0;309;0;1;0;0;0;0;0;0;309;0;0;309;6;3;3;0;303;7;40;19;148;25;63;1;;;;;
3;Punkt Biblioteczny, Dalków 1c, 59-180 Gaworzyce;21602;gm. Gaworzyce;polkowicki;dolnośląskie;1;1;1;424;463;98;326;0;326;0;4;0;0;0;0;0;0;326;0;0;326;8;2;6;0;318;13;23;27;153;16;84;2;;;;;
4;Świetlica, Wierzchowice 41, 59-180 Gaworzyce;21602;gm. Gaworzyce;polkowicki;dolnośląskie;1;1;1;313;317;92;221;0;221;1;1;0;0;0;0;0;0;221;0;0;221;12;9;3;0;209;3;23;18;109;20;35;1;;;;;
5;Świetlica Wiejska, Koźlice 78, 59-180 Gaworzyce;21602;gm. Gaworzyce;polkowicki;dolnośląskie;1;1;1;232;246;49;183;0;183;0;0;0;0;0;0;0;0;183;0;0;183;9;6;3;0;174;8;18;8;90;20;25;5;;;;;
1;Centrum Aktywności Społecznej, ul. Kościelna 22, 59-150 Grębocice;21603;gm. Grębocice;polkowicki;dolnośląskie;1;1;1;1151;1230;228;923;0;923;3;6;0;0;0;0;0;0;923;0;2;921;19;12;7;0;902;27;119;77;382;75;210;12;;;;;
2;Wiejski Ośrodek Kultury, Rzeczyca 45 B, 59-150 Grębocice;21603;gm. Grębocice;polkowicki;dolnośląskie;1;1;1;858;913;274;584;0;584;0;0;0;0;0;0;0;0;584;0;0;584;25;20;5;0;559;57;31;40;258;46;124;3;;;;;
3;Wiejski Ośrodek Kultury, Krzydłowice 41, 59-150 Grębocice;21603;gm. Grębocice;polkowicki;dolnośląskie;1;1;1;766;830;213;553;0;553;0;4;0;0;0;0;0;0;553;0;0;553;27;19;8;0;526;23;55;42;250;45;105;6;;;;;
4;Wiejski Ośrodek Kultury, Kwielice 69, 59-150 Grębocice;21603;gm. Grębocice;polkowicki;dolnośląskie;1;1;1;575;610;147;428;0;428;0;3;0;0;0;0;0;0;428;0;0;428;13;8;5;0;415;7;49;26;178;34;113;8;;;;;
5;Świetlica Wiejska, Trzęsów 36 B, 59-150 Grębocice;21603;gm. Grębocice;polkowicki;dolnośląskie;1;1;1;212;222;66;146;0;146;0;1;0;0;0;0;0;0;146;0;0;146;9;6;3;0;137;21;7;16;67;5;21;0;;;;;
6;Świetlica Wiejska, Stara Rzeka 37, 59-150 Grębocice;21603;gm. Grębocice;polkowicki;dolnośląskie;1;1;1;304;322;74;230;0;230;0;0;0;0;0;0;0;0;230;0;0;230;12;9;3;0;218;7;10;8;144;20;28;1;;;;;
1;Szkoła Podstawowa Nr 4 (sala gimnastyczna), ul. Mjr Hubala 3, 59-100 Polkowice;21604;gm. Polkowice;polkowicki;dolnośląskie;1;1;1;914;997;273;642;0;642;2;31;0;0;0;0;0;0;642;0;0;642;12;6;6;0;630;22;98;52;245;53;142;18;;;;;
2;Szkoła Podstawowa Nr 4 (hol), ul. Mjr Hubala 3, 59-100 Polkowice;21604;gm. Polkowice;polkowicki;dolnośląskie;1;1;1;1008;1056;251;757;0;757;1;14;0;0;0;0;0;0;757;0;0;757;18;17;1;0;739;10;89;78;269;42;230;21;;;;;
3;Szkoła Podstawowa Nr 2 (świetlica), ul. Dąbrowskiego 1A, 59-100 Polkowice;21604;gm. Polkowice;polkowicki;dolnośląskie;1;1;1;1715;1847;416;1299;0;1299;7;28;0;0;0;0;0;0;1299;0;0;1299;45;24;21;0;1254;20;146;107;536;95;330;20;;;;;
4;Ośrodek Pomocy Społecznej, ul. Lipowa 2, 59-100 Polkowice;21604;gm. Polkowice;polkowicki;dolnośląskie;1;1;1;1289;1382;377;912;0;912;5;24;0;0;0;0;0;0;912;0;1;911;9;3;6;0;902;20;98;69;414;54;239;8;;;;;
5;Polkowickie Przedsiębiorstwo Komunalne, ul. 3-go Maja 51, 59-100 Polkowice;21604;gm. Polkowice;polkowicki;dolnośląskie;1;1;1;1199;1303;314;885;0;885;3;26;0;0;0;0;0;0;884;0;1;883;22;16;6;0;861;27;102;79;361;57;225;10;;;;;
6;Szkoła Podstawowa Nr 1 (świetlica), ul. Kmicica 23, 59-100 Polkowice;21604;gm. Polkowice;polkowicki;dolnośląskie;1;1;1;1447;1525;400;1047;0;1047;0;32;0;0;0;0;0;0;1047;0;0;1047;33;11;22;0;1014;19;110;73;466;66;269;11;;;;;
7;"""Klub Relax"", ul. Chocianowska 78, 59-100 Polkowice";21604;gm. Polkowice;polkowicki;dolnośląskie;1;1;1;2174;2363;327;1846;1;1847;5;40;1;0;0;0;0;1;1847;1;0;1847;15;10;5;0;1832;53;304;177;512;198;555;33;;;;;
8;Szkoła Podstawowa Nr 3, ul. Ociosowa 3, 59-100 Polkowice;21604;gm. Polkowice;polkowicki;dolnośląskie;1;1;1;960;1017;140;820;0;820;0;19;0;0;0;0;0;0;820;0;0;820;12;8;4;0;808;14;97;70;361;46;205;15;;;;;
9;Szkoła Podstawowa Nr 3, ul. Kardynała Bolesława Kominka 1, 59-100 Polkowice;21604;gm. Polkowice;polkowicki;dolnośląskie;1;1;1;1152;1211;237;915;0;915;1;25;0;0;0;0;0;0;915;0;0;915;14;5;9;0;901;22;131;94;345;42;260;7;;;;;
10;Szkoła Podstawowa Nr 1 (sala gimnastyczna), ul. Kmicica 23, 59-100 Polkowice;21604;gm. Polkowice;polkowicki;dolnośląskie;1;1;1;1843;1938;432;1411;0;1411;4;32;0;0;0;0;0;0;1411;0;0;1411;13;8;5;0;1398;41;230;128;547;94;344;14;;;;;
11;Szkoła Podstawowa Nr 2 (sala gimnastyczna), ul. Dąbrowskiego 1A, 59-100 Polkowice;21604;gm. Polkowice;polkowicki;dolnośląskie;1;1;1;1010;1056;154;856;0;856;1;22;0;0;0;0;0;0;856;0;0;856;14;7;7;0;842;14;143;84;263;46;262;30;;;;;
12;Świetlica Wiejska, Sucha Górna ul. Sportowa 7, 59-101 Polkowice;21604;gm. Polkowice;polkowicki;dolnośląskie;1;1;1;918;1000;193;725;0;725;1;14;0;0;0;0;0;0;725;0;0;725;17;16;1;0;708;15;105;53;259;56;211;9;;;;;
13;Świetlica Wiejska, Guzice 15b, 59-101 Polkowice;21604;gm. Polkowice;polkowicki;dolnośląskie;1;1;1;678;723;167;511;0;511;0;13;0;0;0;0;0;0;511;0;0;511;7;4;3;0;504;12;73;27;247;47;86;12;;;;;
14;Świetlica Wiejska, Tarnówek 9, 59-101 Polkowice;21604;gm. Polkowice;polkowicki;dolnośląskie;1;1;1;455;465;167;288;0;288;2;10;0;0;0;0;0;0;288;0;0;288;16;11;5;0;272;10;29;24;147;24;33;5;;;;;
15;Szkoła Podstawowa Integracyjna, Jędrzychów 24A, 59-101 Polkowice;21604;gm. Polkowice;polkowicki;dolnośląskie;1;1;1;647;703;111;536;0;536;0;11;0;0;0;0;0;0;535;0;0;535;8;5;3;0;527;30;76;40;290;26;57;8;;;;;
16;Świetlica Wiejska, Sobin ul. Polkowicka 69 C, 59-101 Polkowice;21604;gm. Polkowice;polkowicki;dolnośląskie;1;1;1;1019;1002;197;822;0;822;0;23;0;0;0;0;0;0;819;0;0;819;5;3;2;0;814;32;147;61;322;76;167;9;;;;;
1;Sala gimnastyczna Szkoły Podstawowej Nr 2, ul. Rybna 3a, 59-170 Przemków;21605;gm. Przemków;polkowicki;dolnośląskie;1;1;1;800;840;235;565;0;565;1;3;0;0;0;0;0;0;565;0;2;563;13;9;4;0;550;12;56;41;222;72;141;6;;;;;
2;Świetlica Szkoły Podstawowej Nr 2, ul. Rybna 3a, 59-170 Przemków;21605;gm. Przemków;polkowicki;dolnośląskie;1;1;1;1132;1188;374;758;0;758;2;11;0;0;0;0;0;0;758;0;0;758;14;11;3;0;744;10;74;52;375;78;148;7;;;;;
3;Świetlica wsi Ostaszów, Ostaszów 11a, 59-170 Przemków;21605;gm. Przemków;polkowicki;dolnośląskie;1;1;1;273;282;72;201;0;201;1;4;0;0;0;0;0;0;201;0;0;201;11;8;3;0;190;0;26;28;76;22;37;1;;;;;
4;Świetlica wsi Piotrowice, Piotrowice 89, 59-170 Przemków;21605;gm. Przemków;polkowicki;dolnośląskie;1;1;1;455;489;153;302;0;302;0;10;0;0;0;0;0;0;302;0;0;302;9;7;2;0;293;5;48;32;134;24;48;2;;;;;
5;Sala gimnastyczna Szkoły Podstawowej, Wysoka 16a, 59-170 Przemków;21605;gm. Przemków;polkowicki;dolnośląskie;1;1;1;464;492;165;299;1;300;1;4;1;0;0;0;0;1;300;1;0;300;15;11;4;0;285;13;33;24;131;38;43;3;;;;;
6;Biblioteka, ul. Plac Targowy 1, 59-170 Przemków;21605;gm. Przemków;polkowicki;dolnośląskie;1;1;1;1041;1072;367;674;0;674;2;9;0;0;0;0;0;0;674;0;1;673;27;14;13;0;646;19;60;46;282;82;150;7;;;;;
7;Przemkowski Ośrodek Kultury w Przemkowie, ul. Głogowska 17, 59-170 Przemków;21605;gm. Przemków;polkowicki;dolnośląskie;1;1;1;1222;1283;335;887;2;889;2;7;2;0;0;0;0;2;889;2;0;889;15;10;5;0;874;19;96;73;360;111;209;6;;;;;
8;Świetlica Wiejska, Krępa 63 A, 59-170 Przemków;21605;gm. Przemków;polkowicki;dolnośląskie;1;1;1;171;175;45;126;0;126;0;1;0;0;0;0;0;0;126;0;0;126;3;1;2;0;123;1;12;16;58;16;18;2;;;;;
9;Świetlica Wiejska, Jakubowo Lubińskie 37 A, 59-170 Przemków;21605;gm. Przemków;polkowicki;dolnośląskie;1;1;1;211;224;47;164;0;164;0;3;0;0;0;0;0;0;164;0;0;164;6;3;3;0;158;1;18;4;104;11;18;2;;;;;
1;Dom Kultury w Radwanicach, ul. Szkolna 5 A, 59-160 Radwanice;21606;gm. Radwanice;polkowicki;dolnośląskie;1;1;1;1666;1780;285;1381;0;1381;6;13;0;0;0;0;0;0;1381;0;0;1381;22;11;11;0;1359;38;212;116;581;98;295;19;;;;;
2;Sala Gimnastyczna, Buczyna 20, 59-160 Radwanice;21606;gm. Radwanice;polkowicki;dolnośląskie;1;1;1;586;619;179;407;0;407;0;3;0;0;0;0;0;0;407;0;0;407;7;3;4;0;400;24;56;24;181;33;81;1;;;;;
3;Świetlica Wiejska, Jakubów ul. Jeździecka 1, 59-160 Radwanice;21606;gm. Radwanice;polkowicki;dolnośląskie;1;1;1;294;312;64;230;0;230;1;1;0;0;0;0;0;0;230;0;0;230;8;3;5;0;222;8;30;16;112;13;41;2;;;;;
4;Świetlica Wiejska, Łagoszów Wielki 21 B, 59-160 Radwanice;21606;gm. Radwanice;polkowicki;dolnośląskie;1;1;1;567;599;152;415;0;415;0;0;0;0;0;0;0;0;415;0;0;415;9;8;1;0;406;9;64;36;197;25;69;6;;;;;
5;Świetlica Wiejska, Sieroszowice ul. Miedziana 7, 59-160 Radwanice;21606;gm. Radwanice;polkowicki;dolnośląskie;1;1;1;446;466;114;332;0;332;0;3;0;0;0;0;0;0;332;0;0;332;6;5;1;0;326;12;54;27;152;18;59;4;;;;;
1;Zespół Szkół Publicznych w Borowie, ul. Wrocławska 24, 57-160 Borów;21701;gm. Borów;strzeliński;dolnośląskie;3;1;1;1600;1750;303;1296;2;1298;2;14;2;0;0;0;0;2;1298;2;1;1297;26;14;12;0;1271;34;178;78;513;102;323;43;;;;;
2;Publiczna Szkoła Podstawowa w Borku Strzelińskim, Borek Strzeliński ul. Szkolna 3, 57-160 Borów;21701;gm. Borów;strzeliński;dolnośląskie;3;1;1;1057;1144;214;843;0;843;2;14;0;0;0;0;0;0;843;0;0;843;9;5;4;0;834;25;121;47;395;52;155;39;;;;;
3;Publiczna Szkoła Podstawowa w Zielenicach, Zielenice 26, 57-160 Borów;21701;gm. Borów;strzeliński;dolnośląskie;3;1;1;800;863;202;598;0;598;0;2;0;0;0;0;0;0;598;0;0;598;11;8;3;0;587;16;69;17;333;42;104;6;;;;;
4;Świetlica Wiejska, Ludów Śląski 35, 57-160 Ludów Śląski;21701;gm. Borów;strzeliński;dolnośląskie;3;1;1;300;336;42;258;0;258;0;1;0;0;0;0;0;0;258;0;0;258;12;10;2;0;246;8;32;13;96;22;59;16;;;;;
1;Świetlica Wiejska w Karczynie, Karczyn 19, 57-150 Prusy;21702;gm. Kondratowice;strzeliński;dolnośląskie;3;1;1;650;675;232;418;0;418;5;1;0;0;0;0;0;0;418;0;0;418;8;6;2;0;410;11;23;26;221;14;110;5;;;;;
2;Gminny Ośrodek Kultury w Kondratowicach, Kondratowice ul. Długa 23, 57-150 Prusy;21702;gm. Kondratowice;strzeliński;dolnośląskie;3;1;1;500;530;120;380;0;380;1;5;0;0;0;0;0;0;380;0;0;380;6;2;4;0;374;4;15;8;146;12;185;4;;;;;
3;Sala Gimnastyczna Szkoły w Księginicach Wielkich, Księginice Wielkie 32, 57-150 Prusy;21702;gm. Kondratowice;strzeliński;dolnośląskie;3;1;1;350;393;105;245;0;245;1;1;0;0;0;0;0;0;245;0;0;245;8;6;2;0;237;4;23;19;90;13;87;1;;;;;
4;Świetlica Wiejska w Górce Sobockiej, Górka Sobocka 10, 57-150 Prusy;21702;gm. Kondratowice;strzeliński;dolnośląskie;3;1;1;300;352;56;244;0;244;4;4;0;0;0;0;0;0;244;0;0;244;15;11;4;0;229;14;8;5;101;8;92;1;;;;;
5;Świetlica Wiejska w Kowalskich, Kowalskie 28, 57-150 Prusy;21702;gm. Kondratowice;strzeliński;dolnośląskie;3;1;1;500;522;156;344;0;344;2;1;0;0;0;0;0;0;344;0;0;344;9;7;2;0;335;12;19;23;152;18;108;3;;;;;
6;Świetlica Wiejska w Prusach, ul. Kościelna 4, 57-150 Prusy;21702;gm. Kondratowice;strzeliński;dolnośląskie;3;1;1;249;284;59;190;0;190;0;3;0;0;0;0;0;0;190;0;0;190;9;8;1;0;181;3;11;9;75;16;62;5;;;;;
7;Świetlica Wiejska w Stachowie, Stachów 17, 57-150 Prusy;21702;gm. Kondratowice;strzeliński;dolnośląskie;3;1;1;450;507;109;341;0;341;1;0;0;0;0;0;0;0;341;0;0;341;10;8;2;0;331;5;28;11;148;22;114;3;;;;;
1;Urząd Gminy w Przewornie, ul. Kolejowa 4A, 57-130 Przeworno;21703;gm. Przeworno;strzeliński;dolnośląskie;3;1;1;846;905;194;652;0;652;2;13;0;0;0;0;0;0;652;0;0;652;14;6;8;0;638;22;43;31;282;48;202;10;;;;;
2;Świetlica wiejska w Jegłowej, Jegłowa ul. Janusza Korczaka 6A, 57-130 Przeworno;21703;gm. Przeworno;strzeliński;dolnośląskie;3;1;1;500;549;85;415;0;415;1;5;0;0;0;0;0;0;415;0;0;415;9;8;1;0;406;17;50;20;169;26;114;10;;;;;
3;Świetlica wiejska w Krzywinie, Krzywina 19, 57-130 Przeworno;21703;gm. Przeworno;strzeliński;dolnośląskie;3;1;1;397;448;92;305;0;305;0;3;0;0;0;0;0;0;305;0;0;305;4;3;1;0;301;5;31;14;123;33;86;9;;;;;
4;Świetlica wiejska w Romanowie, Romanów 25, 57-130 Przeworno;21703;gm. Przeworno;strzeliński;dolnośląskie;3;1;1;200;197;67;133;0;133;3;0;0;0;0;0;0;0;133;0;0;133;5;5;0;0;128;9;8;10;56;10;28;7;;;;;
5;Świetlica wiejska w Sarbach, Sarby 55a, 57-130 Przeworno;21703;gm. Przeworno;strzeliński;dolnośląskie;3;1;1;651;673;236;415;1;416;2;2;1;1;0;0;0;0;415;0;0;415;21;14;7;0;394;10;27;19;235;24;72;7;;;;;
6;Świetlica wiejska w Karnkowie, Karnków 13a, 57-130 Przeworno;21703;gm. Przeworno;strzeliński;dolnośląskie;3;1;1;200;230;50;150;0;150;0;4;0;0;0;0;0;0;150;0;0;150;6;3;3;0;144;4;17;5;63;20;33;2;;;;;
7;Świetlica Wiejska w Cierpicach, Cierpice 50, 57-130 Przeworno;21703;gm. Przeworno;strzeliński;dolnośląskie;3;1;1;250;277;67;183;0;183;1;0;0;0;0;0;0;0;183;0;0;183;12;10;2;0;171;10;18;6;96;8;32;1;;;;;
8;Świetlica Wiejska w Rożnowie, Rożnów 18a, 57-130 Przeworno;21703;gm. Przeworno;strzeliński;dolnośląskie;3;1;1;200;216;53;147;0;147;0;1;0;0;0;0;0;0;147;0;0;147;3;2;1;0;144;5;11;3;93;6;26;0;;;;;
9;Świetlica Wiejska w Strużynie, Strużyna 13, 57-130 Przeworno;21703;gm. Przeworno;strzeliński;dolnośląskie;3;1;1;150;165;41;109;1;110;0;1;1;0;0;0;0;1;110;1;0;110;8;6;2;0;102;2;6;4;57;12;16;5;;;;;
1;Publiczna Szkoła Podstawowa nr 3, pl. 1 Maja 10, 57-100 Strzelin;21704;gm. Strzelin;strzeliński;dolnośląskie;3;1;1;1301;1398;284;1017;0;1017;2;26;0;0;0;0;0;0;1017;0;0;1017;11;5;6;0;1006;40;103;75;371;35;371;11;;;;;
2;"Przedszkole Miejskie ""Kolorowa Kraina"", ul. Przedszkolna 1A, 57-100 Strzelin";21704;gm. Strzelin;strzeliński;dolnośląskie;3;1;1;1302;1442;257;1045;1;1046;8;16;1;0;0;0;0;1;1046;1;0;1046;19;8;11;0;1027;51;118;100;311;50;382;15;;;;;
3;Strzelińskie Centrum Sportowo-Edukacyjne Sp. z o. o., ul. Generała Leopolda Okulickiego 10, 57-100 Strzelin;21704;gm. Strzelin;strzeliński;dolnośląskie;3;1;1;1351;1432;275;1076;0;1076;0;12;0;0;0;0;0;0;1076;0;0;1076;14;10;4;0;1062;39;115;83;332;53;424;16;;;;;
4;Centrum Kształcenia Zawodowego i Ustawicznego, ul. Stanisława Staszica 5, 57-100 Strzelin;21704;gm. Strzelin;strzeliński;dolnośląskie;3;1;1;1250;1362;272;978;2;980;3;16;2;2;0;0;0;0;978;0;0;978;8;6;2;0;970;51;136;73;264;58;371;17;;;;;
5;Hala Sportowa Strzelińskiego Centrum Sportowo-Edukacyjnego Sp. z o. o., ul. Staromiejska 64, 57-100 Strzelin;21704;gm. Strzelin;strzeliński;dolnośląskie;3;1;1;1001;1008;174;827;1;828;5;20;1;0;0;0;0;1;828;1;0;828;10;7;3;0;818;25;85;63;221;35;382;7;;;;;
6;Strzeliński Ośrodek Kultury, ul. Adama Mickiewicza 2, 57-100 Strzelin;21704;gm. Strzelin;strzeliński;dolnośląskie;3;1;1;1200;1294;315;885;1;886;3;12;1;0;0;0;0;1;886;1;0;886;18;13;5;0;868;35;82;66;299;57;318;11;;;;;
7;Zespół Szkół Ogólnokształcących, ul. Jana Pawła II 23, 57-100 Strzelin;21704;gm. Strzelin;strzeliński;dolnośląskie;3;1;1;1333;1302;358;975;0;975;3;13;0;0;0;0;0;0;975;0;0;975;18;9;9;0;957;35;97;64;354;67;331;9;;;;;
8;Centrum Kształcenia Zawodowego i Ustawicznego, Ludów Polski 16, 57-100 Strzelin;21704;gm. Strzelin;strzeliński;dolnośląskie;3;1;1;500;517;131;369;0;369;1;6;0;0;0;0;0;0;369;0;0;369;7;2;5;0;362;15;52;26;128;22;116;3;;;;;
9;Świetlica Wiejska, Szczawin ul. Aleja Lipowa 59, 57-100 Strzelin;21704;gm. Strzelin;strzeliński;dolnośląskie;3;1;1;550;583;112;438;0;438;1;6;0;0;0;0;0;0;438;0;0;438;14;4;10;0;424;15;48;42;150;23;142;4;;;;;
10;Świetlica Wiejska, Karszów 54A, 57-100 Strzelin;21704;gm. Strzelin;strzeliński;dolnośląskie;3;1;1;707;766;153;554;0;554;1;4;0;0;0;0;0;0;554;0;0;554;3;3;0;0;551;35;49;25;225;44;163;10;;;;;
11;Publiczna Szkoła Podstawowa, Biały Kościół ul. Kamienna 18, 57-100 Strzelin;21704;gm. Strzelin;strzeliński;dolnośląskie;3;1;1;950;1017;186;764;0;764;2;15;0;0;0;0;0;0;764;0;0;764;11;3;8;0;753;38;79;60;301;64;204;7;;;;;
12;Świetlica Wiejska, Kazanów 19, 57-100 Strzelin;21704;gm. Strzelin;strzeliński;dolnośląskie;3;1;1;550;600;175;375;0;375;0;4;0;0;0;0;0;0;375;0;0;375;7;6;1;0;368;22;30;19;175;39;77;6;;;;;
13;Remiza Ochotniczej Straży Pożarnej, Brożec 73B, 57-100 Strzelin;21704;gm. Strzelin;strzeliński;dolnośląskie;3;1;1;600;665;209;391;0;391;3;4;0;0;0;0;0;0;391;0;0;391;6;2;4;0;385;13;21;40;179;21;102;9;;;;;
14;Świetlica Wiejska, Karszówek 37, 57-100 Strzelin;21704;gm. Strzelin;strzeliński;dolnośląskie;3;1;1;300;325;80;220;0;220;0;0;0;0;0;0;0;0;220;0;0;220;3;2;1;0;217;12;15;19;97;20;54;0;;;;;
15;Publiczna Szkoła Podstawowa, Kuropatnik ul. Szkolna 1, 57-100 Strzelin;21704;gm. Strzelin;strzeliński;dolnośląskie;3;1;1;600;641;143;457;0;457;0;3;0;0;0;0;0;0;457;0;0;457;4;1;3;0;453;27;56;23;182;39;121;5;;;;;
16;Świetlica Wiejska, Gęsiniec ul. Świerkowa 5A, 57-100 Strzelin;21704;gm. Strzelin;strzeliński;dolnośląskie;3;1;1;723;696;151;572;0;572;0;7;0;0;0;0;0;0;572;0;0;572;4;2;2;0;568;21;75;69;132;40;220;11;;;;;
17;Świetlica Wiejska, Biedrzychów 10B, 57-100 Strzelin;21704;gm. Strzelin;strzeliński;dolnośląskie;3;1;1;300;325;59;241;0;241;0;2;0;0;0;0;0;0;241;0;0;241;1;1;0;0;240;17;30;19;122;16;33;3;;;;;
18;Świetlica Wiejska, Gościęcice 92B, 57-100 Strzelin;21704;gm. Strzelin;strzeliński;dolnośląskie;3;1;1;444;453;92;352;0;352;0;5;0;0;0;0;0;0;352;0;0;352;6;5;1;0;346;23;34;18;124;33;111;3;;;;;
19;Świetlica Wiejska, Pęcz 28, 57-100 Strzelin;21704;gm. Strzelin;strzeliński;dolnośląskie;3;1;1;200;228;25;175;0;175;2;1;0;0;0;0;0;0;174;0;0;174;3;1;2;0;171;16;24;5;65;8;49;4;;;;;
20;Świetlica Wiejska, Pławna ul. Kasztanowa 45, 57-100 Strzelin;21704;gm. Strzelin;strzeliński;dolnośląskie;3;1;1;500;491;120;380;0;380;0;9;0;0;0;0;0;0;380;0;0;380;11;7;4;0;369;28;55;19;111;23;113;20;;;;;
1;Sala Obrad w Urzędzie Miasta i Gminy Wiązów, pl. Wolności 37, 57-120 Wiązów;21705;gm. Wiązów;strzeliński;dolnośląskie;3;1;1;1600;1718;411;1188;0;1188;4;9;0;0;0;0;0;0;1189;0;0;1189;21;13;8;0;1168;26;117;94;485;84;333;29;;;;;
2;Świetlica wiejska w Starym Wiązowie, Stary Wiązów 75a, 57-120 Wiązów;21705;gm. Wiązów;strzeliński;dolnośląskie;3;1;1;750;809;176;574;0;574;4;3;0;0;0;0;0;0;574;0;0;574;9;4;5;0;565;17;52;37;289;36;128;6;;;;;
3;Świetlica wiejska w Częstocicach, Częstocice 29a, 57-120 Wiązów;21705;gm. Wiązów;strzeliński;dolnośląskie;3;1;1;650;712;190;460;0;460;0;0;0;0;0;0;0;0;460;0;0;460;13;6;7;0;447;13;36;20;245;55;76;2;;;;;
4;Świetlica wiejska w Jutrzynie, Jutrzyna 102, 57-120 Wiązów;21705;gm. Wiązów;strzeliński;dolnośląskie;3;1;1;601;625;178;423;0;423;1;1;0;0;0;0;0;0;423;0;0;423;11;9;2;0;412;10;57;29;179;36;94;7;;;;;
5;Świetlica wiejska w Jędrzychowicach, Jędrzychowice 12b, 57-120 Wiązów;21705;gm. Wiązów;strzeliński;dolnośląskie;3;1;1;500;564;110;390;0;390;2;3;0;0;0;0;0;0;390;0;0;390;7;3;4;0;383;10;52;23;186;36;62;14;;;;;
6;Świetlica Wiejska w Łojowicach, Łojowice 1a, 57-120 Wiązów;21705;gm. Wiązów;strzeliński;dolnośląskie;3;1;1;291;327;78;213;0;213;0;1;0;0;0;0;0;0;213;0;0;213;9;7;2;0;204;6;18;2;124;4;48;2;;;;;
7;Świetlica Wiejska w Wyszonowicach, Wyszonowice 10, 57-120 Wiązów;21705;gm. Wiązów;strzeliński;dolnośląskie;3;1;1;300;299;78;222;0;222;1;1;0;0;0;0;0;0;222;0;0;222;6;3;3;0;216;8;27;8;89;26;53;5;;;;;
8;Świetlica Wiejska w Witowicach, Witowice 3, 57-120 Wiązów;21705;gm. Wiązów;strzeliński;dolnośląskie;3;1;1;350;359;123;227;0;227;0;0;0;0;0;0;0;0;227;0;0;227;7;6;1;0;220;7;25;13;93;17;62;3;;;;;
1;Gminny Ośrodek Kultury w Kostomłotach, ul. Rynek 25, 55-311 Kostomłoty;21801;gm. Kostomłoty;średzki;dolnośląskie;3;1;1;1805;1953;463;1342;0;1342;2;20;0;0;0;0;0;0;1342;0;0;1342;34;6;28;0;1308;37;225;83;566;94;278;25;;;;;
2;Szkoła Podstawowa im. Jana Brzechwy w Mieczkowie, Mieczków 14, 55-311 Kostomłoty;21801;gm. Kostomłoty;średzki;dolnośląskie;3;1;1;200;245;41;159;0;159;1;2;0;0;0;0;0;0;159;0;0;159;7;3;4;0;152;4;25;12;82;11;14;4;;;;;
3;"Zespół Szkolno-Przedszkolny ""Nasza Szkoła"" w Piotrowicach, Piotrowice ul. Główna 65, 55-311 Kostomłoty";21801;gm. Kostomłoty;średzki;dolnośląskie;3;1;1;902;1006;206;696;0;696;4;1;0;0;0;0;0;0;696;0;0;696;19;9;10;0;677;18;67;45;307;76;157;7;;;;;
4;Szkoła Podstawowa im. Jana Bosko w Karczycach, Karczyce 12, 55-311 Kostomłoty;21801;gm. Kostomłoty;średzki;dolnośląskie;3;1;1;1102;1207;306;796;0;796;0;3;0;0;0;0;0;0;795;0;0;795;24;14;10;0;771;18;77;46;328;88;202;12;;;;;
5;Dzienny Dom Seniora, Osiek ul. Lipowa 6, 55-311 Kostomłoty;21801;gm. Kostomłoty;średzki;dolnośląskie;3;1;1;501;509;135;366;0;366;0;2;0;0;0;0;0;0;366;0;0;366;6;4;2;0;360;11;49;20;189;28;59;4;;;;;
